timestamp,chi_sf,chi_d,steering_active
1789134801067013,0.0,0.0,0
1789134801067013,0.0,0.0,0
1789134801091013,0.0,0.0,0
1789134801103013,0.0,0.0,0
1789134801103013,0.0,0.0,0
1789134801103013,0.0,0.0,0
1789134801103013,0.0,0.0,0
1789134801103013,0.0,0.0,0
1789134801151013,0.0,0.0,0
1789134801163013,0.0,0.0,0
1789134801163013,0.0,0.0,0
1789134801163013,0.0,0.0,0
1789134801163013,0.0,0.0,0
1789134801199013,0.0,0.0,0
1789134801211013,0.0,0.0,0
1789134801223013,0.0,0.0,0
1789134801223013,0.0,0.0,0
1789134801223177,0.0,0.0,0
1789134801223177,0.0,0.0,0
1789134801223177,0.0,0.0,0
1789134801271177,0.0,0.0,0
1789134801283177,0.0,0.0,0
1789134801283177,0.0,0.0,0
1789134801283177,0.0,0.0,0
1789134801283177,0.0,0.0,0
1789134801283177,0.0,0.0,0
1789134801331177,0.0,0.0,0
1789134801343177,0.0,0.0,0
1789134801343177,0.0,0.0,0
1789134801343177,0.0,0.0,0
1789134801367177,0.0,0.0,0
1789134801367177,0.0,0.0,0
1789134801391177,0.0,0.0,0
1789134801403177,0.0,0.0,0
1789134801403177,0.0,0.0,0
1789134801403177,0.0,0.0,0
1789134801403177,0.0,0.0,0
1789134801403177,0.0,0.0,0
1789134801451177,0.0,0.0,0
1789134801463177,0.0,0.0,0
1789134801463177,0.0,0.0,0
1789134801463177,0.0,0.0,0
1789134801463177,0.0,0.0,0
1789134801499177,0.0,0.0,0
1789134801511177,0.0,0.0,0
1789134801523177,0.0,0.0,0
1789134801523177,0.0,0.0,0
1789134801523177,0.0,0.0,0
1789134801523177,0.0,0.0,0
1789134801523177,0.0,0.0,0
1789134801571177,0.0,0.0,0
1789134801583177,0.0,0.0,0
1789134801583177,0.0,0.0,0
1789134801595177,0.0,0.0,0
1789134801595177,0.0,0.0,0
1789134801595177,0.0,0.0,0
1789134801631177,0.0,0.0,0
1789134801643177,0.0,0.0,0
1789134801643177,0.0,0.0,0
1789134801643177,0.0,0.0,0
1789134801643177,0.0,0.0,0
1789134801643177,0.0,0.0,0
1789134801691177,0.0,0.0,0
1789134801703177,0.0,0.0,0
1789134801703177,0.0,0.0,0
1789134801703177,0.0,0.0,0
1789134801727177,0.0,0.0,0
1789134801727177,0.0,0.0,0
1789134801751177,0.0,0.0,0
1789134801763177,0.0,0.0,0
1789134801763177,0.0,0.0,0
1789134801763177,0.0,0.0,0
1789134801763177,0.0,0.0,0
1789134801763177,0.0,0.0,0
1789134801811177,0.0,0.0,0
1789134801823177,0.0,0.0,0
1789134801823177,0.0,0.0,0
1789134801823177,0.0,0.0,0
1789134801823177,0.0,0.0,0
1789134801859177,0.0,0.0,0
1789134801871177,0.0,0.0,0
1789134801883177,0.0,0.0,0
1789134801883177,0.0,0.0,0
1789134801883177,0.0,0.0,0
1789134801883177,0.0,0.0,0
1789134801883177,0.0,0.0,0
1789134801931177,0.0,0.0,0
1789134801943177,0.0,0.0,0
1789134801943177,0.0,0.0,0
1789134801943177,0.0,0.0,0
1789134801943177,0.0,0.0,0
1789134801943177,0.0,0.0,0
1789134801991177,0.0,0.0,0
1789134802003177,0.0,0.0,0
1789134802003177,0.0,0.0,0
1789134802003177,0.0,0.0,0
1789134802027177,0.0,0.0,0
1789134802027177,0.0,0.0,0
1789134802051177,0.0,0.0,0
1789134802063177,0.0,0.0,0
1789134802063177,0.0,0.0,0
1789134802063177,0.0,0.0,0
1789134802063177,0.0,0.0,0
1789134802099177,0.0,0.0,0
1789134802111177,0.0,0.0,0
1789134802123177,0.0,0.0,0
1789134802123177,0.0,0.0,0
1789134802123177,0.0,0.0,0
1789134802123177,0.0,0.0,0
1789134802159177,0.0,0.0,0
1789134802171177,0.0,0.0,0
1789134802183177,0.0,0.0,0
1789134802183177,0.0,0.0,0
1789134802183177,0.0,0.0,0
1789134802183177,0.0,0.0,0
1789134802183177,0.0,0.0,0
1789134802231177,0.0,0.0,0
1789134802243177,0.0,0.0,0
1789134802243341,0.0,0.0,0
1789134802255341,0.0,0.0,0
1789134802255341,0.0,0.0,0
1789134802255341,0.0,0.0,0
1789134802291341,0.0,0.0,0
1789134802303341,0.0,0.0,0
1789134802303341,0.0,0.0,0
1789134802303341,0.0,0.0,0
1789134802303341,0.0,0.0,0
1789134802303341,0.0,0.0,0
1789134802351341,0.0,0.0,0
1789134802363341,0.0,0.0,0
1789134802363341,0.0,0.0,0
1789134802363341,0.0,0.0,0
1789134802387341,0.0,0.0,0
1789134802387341,0.0,0.0,0
1789134802411341,0.0,0.0,0
1789134802423341,0.0,0.0,0
1789134802423341,0.0,0.0,0
1789134802423341,0.0,0.0,0
1789134802423341,0.0,0.0,0
1789134802423341,0.0,0.0,0
1789134802471341,0.0,0.0,0
1789134802483341,0.0,0.0,0
1789134802483341,0.0,0.0,0
1789134802483341,0.0,0.0,0
1789134802483341,0.0,0.0,0
1789134802519341,0.0,0.0,0
1789134802531341,0.0,0.0,0
1789134802543341,0.0,0.0,0
1789134802543341,0.0,0.0,0
1789134802543341,0.0,0.0,0
1789134802543341,0.0,0.0,0
1789134802543341,0.0,0.0,0
1789134802591341,0.0,0.0,0
1789134802603341,0.0,0.0,0
1789134802603341,0.0,0.0,0
1789134802603341,0.0,0.0,0
1789134802603341,0.0,0.0,0
1789134802603341,0.0,0.0,0
1789134802651341,0.0,0.0,0
1789134802663341,0.0,0.0,0
1789134802663341,0.0,0.0,0
1789134802663341,0.0,0.0,0
1789134802687341,0.0,0.0,0
1789134802687341,0.0,0.0,0
1789134802711341,0.0,0.0,0
1789134802723341,0.0,0.0,0
1789134802723341,0.0,0.0,0
1789134802723341,0.0,0.0,0
1789134802723341,0.0,0.0,0
1789134802723341,0.0,0.0,0
1789134802771341,0.0,0.0,0
1789134802783341,0.0,0.0,0
1789134802783341,0.0,0.0,0
1789134802783341,0.0,0.0,0
1789134802783341,0.0,0.0,0
1789134802819341,0.0,0.0,0
1789134802831341,0.0,0.0,0
1789134802843341,0.0,0.0,0
1789134802843341,0.0,0.0,0
1789134802843341,0.0,0.0,0
1789134802843341,0.0,0.0,0
1789134802843341,0.0,0.0,0
1789134802891341,0.0,0.0,0
1789134802903341,0.0,0.0,0
1789134802903341,0.0,0.0,0
1789134802915341,0.0,0.0,0
1789134802915341,0.0,0.0,0
1789134802915341,0.0,0.0,0
1789134802951341,0.0,0.0,0
1789134802963341,0.0,0.0,0
1789134802963341,0.0,0.0,0
1789134802963341,0.0,0.0,0
1789134802963341,0.0,0.0,0
1789134802963341,0.0,0.0,0
1789134803011341,0.0,0.0,0
1789134803023341,0.0,0.0,0
1789134803023341,0.0,0.0,0
1789134803023341,0.0,0.0,0
1789134803047341,0.0,0.0,0
1789134803047341,0.0,0.0,0
1789134803071341,0.0,0.0,0
1789134803083341,0.0,0.0,0
1789134803083341,0.0,0.0,0
1789134803095341,0.0,0.0,0
1789134803095341,0.0,0.0,0
1789134803095341,0.0,0.0,0
1789134803131341,0.0,0.0,0
1789134803143341,0.0,0.0,0
1789134803143341,0.0,0.0,0
1789134803143341,0.0,0.0,0
1789134803143341,0.0,0.0,0
1789134803179341,0.0,0.0,0
1789134803191341,0.0,0.0,0
1789134803203341,0.0,0.0,0
1789134803203341,0.0,0.0,0
1789134803203341,0.0,0.0,0
1789134803203341,0.0,0.0,0
1789134803203341,0.0,0.0,0
1789134803251504,0.0,0.0,0
1789134803263504,0.0,0.0,0
1789134803263504,0.0,0.0,0
1789134803263504,0.0,0.0,0
1789134803263504,0.0,0.0,0
1789134803263504,0.0,0.0,0
1789134803311504,0.0,0.0,0
1789134803323504,0.0,0.0,0
1789134803323504,0.0,0.0,0
1789134803323504,0.0,0.0,0
1789134803347504,0.0,0.0,0
1789134803347504,0.0,0.0,0
1789134803371504,0.0,0.0,0
1789134803383504,0.0,0.0,0
1789134803383504,0.0,0.0,0
1789134803383504,0.0,0.0,0
1789134803383504,0.0,0.0,0
1789134803383504,0.0,0.0,0
1789134803431504,0.0,0.0,0
1789134803443504,0.0,0.0,0
1789134803443504,0.0,0.0,0
1789134803443504,0.0,0.0,0
1789134803443504,0.0,0.0,0
1789134803479504,0.0,0.0,0
1789134803491504,0.0,0.0,0
1789134803503504,0.0,0.0,0
1789134803503504,0.0,0.0,0
1789134803503504,0.0,0.0,0
1789134803503504,0.0,0.0,0
1789134803503504,0.0,0.0,0
1789134803551504,0.0,0.0,0
1789134803563504,0.0,0.0,0
1789134803563504,0.0,0.0,0
1789134803575504,0.0,0.0,0
1789134803575504,0.0,0.0,0
1789134803575504,0.0,0.0,0
1789134803611504,0.0,0.0,0
1789134803623504,0.0,0.0,0
1789134803623504,0.0,0.0,0
1789134803623504,0.0,0.0,0
1789134803623504,0.0,0.0,0
1789134803623504,0.0,0.0,0
1789134803671504,0.0,0.0,0
1789134803683504,0.0,0.0,0
1789134803683504,0.0,0.0,0
1789134803683504,0.0,0.0,0
1789134803707504,0.0,0.0,0
1789134803707504,0.0,0.0,0
1789134803731504,0.0,0.0,0
1789134803743504,0.0,0.0,0
1789134803743504,0.0,0.0,0
1789134803743504,0.0,0.0,0
1789134803743504,0.0,0.0,0
1789134803743504,0.0,0.0,0
1789134803791504,0.0,0.0,0
1789134803803504,0.0,0.0,0
1789134803803504,0.0,0.0,0
1789134803803504,0.0,0.0,0
1789134803803504,0.0,0.0,0
1789134803839504,0.0,0.0,0
1789134803851504,0.0,0.0,0
1789134803863504,0.0,0.0,0
1789134803863504,0.0,0.0,0
1789134803863504,0.0,0.0,0
1789134803863504,0.0,0.0,0
1789134803863504,0.0,0.0,0
1789134803911504,0.0,0.0,0
1789134803923504,0.0,0.0,0
1789134803923504,0.0,0.0,0
1789134803923504,0.0,0.0,0
1789134803923504,0.0,0.0,0
1789134803923504,0.0,0.0,0
1789134803971504,0.0,0.0,0
1789134803983504,0.0,0.0,0
1789134803983504,0.0,0.0,0
1789134803983504,0.0,0.0,0
1789134804007504,0.0,0.0,0
1789134804007504,0.0,0.0,0
1789134804031504,0.0,0.0,0
1789134804043504,0.0,0.0,0
1789134804043504,0.0,0.0,0
1789134804043504,0.0,0.0,0
1789134804043504,0.0,0.0,0
1789134804043504,0.0,0.0,0
1789134804091504,0.0,0.0,0
1789134804103504,0.0,0.0,0
1789134804103504,0.0,0.0,0
1789134804103504,0.0,0.0,0
1789134804103504,0.0,0.0,0
1789134804139504,0.0,0.0,0
1789134804151504,0.0,0.0,0
1789134804163504,0.0,0.0,0
1789134804163504,0.0,0.0,0
1789134804163504,0.0,0.0,0
1789134804163504,0.0,0.0,0
1789134804163504,0.0,0.0,0
1789134804211504,0.0,0.0,0
1789134804223504,0.0,0.0,0
1789134804223504,0.0,0.0,0
1789134804235504,0.0,0.0,0
1789134804235504,0.0,0.0,0
1789134804235667,0.0,0.0,0
1789134804271667,0.0,0.0,0
1789134804283667,0.0,0.0,0
1789134804283667,0.0,0.0,0
1789134804283667,0.0,0.0,0
1789134804283667,0.0,0.0,0
1789134804283667,0.0,0.0,0
1789134804331667,0.0,0.0,0
1789134804343667,0.0,0.0,0
1789134804343667,0.0,0.0,0
1789134804343667,0.0,0.0,0
1789134804367667,0.0,0.0,0
1789134804367667,0.0,0.0,0
1789134804391667,0.0,0.0,0
1789134804403667,0.0,0.0,0
1789134804403667,0.0,0.0,0
1789134804403667,0.0,0.0,0
1789134804403667,0.0,0.0,0
1789134804403667,0.0,0.0,0
1789134804451667,0.0,0.0,0
1789134804463667,0.0,0.0,0
1789134804463667,0.0,0.0,0
1789134804463667,0.0,0.0,0
1789134804463667,0.0,0.0,0
1789134804499667,0.0,0.0,0
1789134804511667,0.0,0.0,0
1789134804523667,0.0,0.0,0
1789134804523667,0.0,0.0,0
1789134804523667,0.0,0.0,0
1789134804523667,0.0,0.0,0
1789134804523667,0.0,0.0,0
1789134804571667,0.0,0.0,0
1789134804583667,0.0,0.0,0
1789134804583667,0.0,0.0,0
1789134804583667,0.0,0.0,0
1789134804583667,0.0,0.0,0
1789134804583667,0.0,0.0,0
1789134804631667,0.0,0.0,0
1789134804643667,0.0,0.0,0
1789134804643667,0.0,0.0,0
1789134804643667,0.0,0.0,0
1789134804667667,0.0,0.0,0
1789134804667667,0.0,0.0,0
1789134804691667,0.0,0.0,0
1789134804703667,0.0,0.0,0
1789134804703667,0.0,0.0,0
1789134804703667,0.0,0.0,0
1789134804703667,0.0,0.0,0
1789134804703667,0.0,0.0,0
1789134804751667,0.0,0.0,0
1789134804763667,0.0,0.0,0
1789134804763667,0.0,0.0,0
1789134804763667,0.0,0.0,0
1789134804763667,0.0,0.0,0
1789134804799667,0.0,0.0,0
1789134804811667,0.0,0.0,0
1789134804823667,0.0,0.0,0
1789134804823667,0.0,0.0,0
1789134804823667,0.0,0.0,0
1789134804847667,3.0401484966278076,-0.003897040616720915,0
1789134804847667,3.0401484966278076,-0.003897040616720915,0
1789134804871667,2.8869147300720215,-0.003930773586034775,0
1789134804883667,2.8204946517944336,-0.003941691480576992,0
1789134804883667,2.8204946517944336,-0.003941691480576992,0
1789134804895667,2.7759995460510254,-0.003963264171034098,0
1789134804895667,2.7759995460510254,-0.003963264171034098,0
1789134804895667,2.7759995460510254,-0.003963264171034098,0
1789134804931667,-0.10168671607971191,-0.003981171175837517,0
1789134804943667,-0.10380434989929199,-0.0039491960778832436,0
1789134804943667,-0.10380434989929199,-0.0039491960778832436,0
1789134804943667,-0.10380434989929199,-0.0039491960778832436,0
1789134804943667,-0.10380434989929199,-0.0039491960778832436,0
1789134804943667,-0.10380434989929199,-0.0039491960778832436,0
1789134804991667,-0.10501372814178467,-0.003693674225360155,0
1789134805003667,-0.10464155673980713,-0.003627854399383068,0
1789134805003667,-0.10464155673980713,-0.003627854399383068,0
1789134805003667,-0.10464155673980713,-0.003627854399383068,0
1789134805027667,-0.10303592681884766,-0.0033944144379347563,0
1789134805039667,-0.10324299335479736,-0.0032125848811119795,0
1789134805051667,-0.10376214981079102,-0.003112152451649308,0
1789134805063667,-0.1032484769821167,-0.0028913915157318115,0
1789134805063667,-0.1032484769821167,-0.0028913915157318115,0
1789134805063667,-0.1032484769821167,-0.0028913915157318115,0
1789134805063667,-0.1032484769821167,-0.0028913915157318115,0
1789134805063667,-0.1032484769821167,-0.0028913915157318115,0
1789134805111667,-0.09952473640441895,-0.002109559951350093,1
1789134805123667,-0.09958577156066895,-0.001962760230526328,1
1789134805123667,-0.09958577156066895,-0.001962760230526328,1
1789134805123667,-0.09958577156066895,-0.001962760230526328,1
1789134805123667,-0.09958577156066895,-0.001962760230526328,1
1789134805159667,-0.07692539691925049,-0.001347339479252696,1
1789134805171667,-0.07873690128326416,-0.0012344175484031439,1
1789134805183667,-0.07033538818359375,-0.0010751293739303946,1
1789134805183667,-0.07033538818359375,-0.0010751293739303946,1
1789134805183667,-0.07033538818359375,-0.0010751293739303946,1
1789134805183667,-0.07033538818359375,-0.0010751293739303946,1
1789134805183667,-0.07033538818359375,-0.0010751293739303946,1
1789134805231667,-0.04790675640106201,-0.000826733186841011,1
1789134805243667,-0.0404815673828125,-0.0008216852438636124,1
1789134805243667,-0.0404815673828125,-0.0008216852438636124,1
1789134805243830,-0.0404815673828125,-0.0008216852438636124,1
1789134805243830,-0.0404815673828125,-0.0008216852438636124,1
1789134805243830,-0.0404815673828125,-0.0008216852438636124,1
1789134805291830,-0.026350975036621094,-0.0009255040204152465,0
1789134805303830,-0.018192291259765625,-0.0010495629394426942,1
1789134805303830,-0.018192291259765625,-0.0010495629394426942,1
1789134805303830,-0.018192291259765625,-0.0010495629394426942,1
1789134805327830,-0.0024324655532836914,-0.0012398750986903906,1
1789134805327830,-0.0024324655532836914,-0.0012398750986903906,1
1789134805351830,-0.011091828346252441,-0.0015835313824936748,0
1789134805363830,-0.001187443733215332,-0.0016992476303130388,0
1789134805363830,-0.001187443733215332,-0.0016992476303130388,0
1789134805363830,-0.001187443733215332,-0.0016992476303130388,0
1789134805363830,-0.001187443733215332,-0.0016992476303130388,0
1789134805363830,-0.001187443733215332,-0.0016992476303130388,0
1789134805411830,0.01868891716003418,-0.0026283320039510727,1
1789134805423830,0.03217792510986328,-0.0029771970584988594,1
1789134805423830,0.03217792510986328,-0.0029771970584988594,1
1789134805423830,0.03217792510986328,-0.0029771970584988594,1
1789134805423830,0.03217792510986328,-0.0029771970584988594,1
1789134805459830,0.020693063735961914,-0.00364329619333148,1
1789134805471830,-0.00017404556274414062,-0.00395828066393733,0
1789134805483830,-0.002770543098449707,-0.004093240946531296,0
1789134805483830,-0.002770543098449707,-0.004093240946531296,0
1789134805483830,-0.002770543098449707,-0.004093240946531296,0
1789134805483830,-0.002770543098449707,-0.004093240946531296,0
1789134805483830,-0.002770543098449707,-0.004093240946531296,0
1789134805531830,0.029511094093322754,-0.005054001230746508,0
1789134805543830,0.020580649375915527,-0.005377055145800114,1
1789134805543830,0.020580649375915527,-0.005377055145800114,1
1789134805555830,0.02375662326812744,-0.00553550710901618,1
1789134805555830,0.02375662326812744,-0.00553550710901618,1
1789134805555830,0.02375662326812744,-0.00553550710901618,1
1789134805591830,0.02203059196472168,-0.006262201815843582,1
1789134805603830,0.002605915069580078,-0.0063957953825592995,1
1789134805603830,0.002605915069580078,-0.0063957953825592995,1
1789134805603830,0.002605915069580078,-0.0063957953825592995,1
1789134805603830,0.002605915069580078,-0.0063957953825592995,1
1789134805603830,0.002605915069580078,-0.0063957953825592995,1
1789134805651830,0.030252575874328613,-0.007238398771733046,1
1789134805663830,0.02670574188232422,-0.007507949136197567,1
1789134805663830,0.02670574188232422,-0.007507949136197567,1
1789134805663830,0.02670574188232422,-0.007507949136197567,1
1789134805687830,-0.007428407669067383,-0.007889185100793839,1
1789134805687830,-0.007428407669067383,-0.007889185100793839,1
1789134805711830,0.02192068099975586,-0.008203943260014057,0
1789134805723830,0.017696022987365723,-0.008320778608322144,0
1789134805723830,0.017696022987365723,-0.008320778608322144,0
1789134805723830,0.017696022987365723,-0.008320778608322144,0
1789134805723830,0.017696022987365723,-0.008320778608322144,0
1789134805723830,0.017696022987365723,-0.008320778608322144,0
1789134805771830,0.015087366104125977,-0.00890175998210907,0
1789134805783830,0.023585796356201172,-0.009102458134293556,1
1789134805783830,0.023585796356201172,-0.009102458134293556,1
1789134805783830,0.023585796356201172,-0.009102458134293556,1
1789134805783830,0.023585796356201172,-0.009102458134293556,1
1789134805819830,0.029087185859680176,-0.009537902660667896,1
1789134805831830,0.013493776321411133,-0.00977710448205471,1
1789134805843830,0.010999917984008789,-0.009851543232798576,1
1789134805843830,0.010999917984008789,-0.009851543232798576,1
1789134805843830,0.010999917984008789,-0.009851543232798576,1
1789134805843830,0.010999917984008789,-0.009851543232798576,1
1789134805843830,0.010999917984008789,-0.009851543232798576,1
1789134805891830,0.052116990089416504,-0.01050520408898592,1
1789134805903830,0.04904735088348389,-0.0107530253008008,1
1789134805903830,0.04904735088348389,-0.0107530253008008,1
1789134805903830,0.04904735088348389,-0.0107530253008008,1
1789134805903830,0.04904735088348389,-0.0107530253008008,1
1789134805903830,0.04904735088348389,-0.0107530253008008,1
1789134805951830,0.004187583923339844,-0.01114635355770588,1
1789134805963830,-0.0039359331130981445,-0.011178788729012012,1
1789134805963830,-0.0039359331130981445,-0.011178788729012012,1
1789134805963830,-0.0039359331130981445,-0.011178788729012012,1
1789134805963830,-0.0039359331130981445,-0.011178788729012012,1
1789134805963830,-0.0039359331130981445,-0.011178788729012012,1
1789134806011830,0.016754150390625,-0.011458352208137512,1
1789134806023830,-0.004618167877197266,-0.011522508226335049,1
1789134806023830,-0.004618167877197266,-0.011522508226335049,1
1789134806023830,-0.004618167877197266,-0.011522508226335049,1
1789134806023830,-0.004618167877197266,-0.011522508226335049,1
1789134806023830,-0.004618167877197266,-0.011522508226335049,1
1789134806071830,0.001087188720703125,-0.01154414750635624,0
1789134806083830,-0.006363868713378906,-0.011535266414284706,0
1789134806083830,-0.006363868713378906,-0.011535266414284706,0
1789134806083830,-0.006363868713378906,-0.011535266414284706,0
1789134806083830,-0.006363868713378906,-0.011535266414284706,0
1789134806119830,0.016648411750793457,-0.011529169976711273,1
1789134806131830,0.01752758026123047,-0.011543065309524536,1
1789134806143830,-0.006817817687988281,-0.011513736099004745,1
1789134806143830,-0.006817817687988281,-0.011513736099004745,1
1789134806143830,-0.006817817687988281,-0.011513736099004745,1
1789134806143830,-0.006817817687988281,-0.011513736099004745,1
1789134806143830,-0.006817817687988281,-0.011513736099004745,1
1789134806191830,0.012088298797607422,-0.011432180181145668,0
1789134806203830,-0.0013068914413452148,-0.011419362388551235,0
1789134806203830,-0.0013068914413452148,-0.011419362388551235,0
1789134806215830,0.012015819549560547,-0.011396589688956738,0
1789134806215830,0.012015819549560547,-0.011396589688956738,0
1789134806215830,0.012015819549560547,-0.011396589688956738,0
1789134806251830,0.013771653175354004,-0.01133839413523674,0
1789134806263830,0.015935897827148438,-0.011343177407979965,1
1789134806263993,0.015935897827148438,-0.011343177407979965,1
1789134806263993,0.015935897827148438,-0.011343177407979965,1
1789134806263993,0.015935897827148438,-0.011343177407979965,1
1789134806263993,0.015935897827148438,-0.011343177407979965,1
1789134806311993,0.0027942657470703125,-0.01120578683912754,1
1789134806323993,-0.012548089027404785,-0.011172403581440449,1
1789134806323993,-0.012548089027404785,-0.011172403581440449,1
1789134806323993,-0.012548089027404785,-0.011172403581440449,1
1789134806347993,0.012702584266662598,-0.011093311943113804,1
1789134806347993,0.012702584266662598,-0.011093311943113804,1
1789134806371993,-0.015209197998046875,-0.01102198101580143,1
1789134806383993,-0.005045056343078613,-0.010942394845187664,1
1789134806383993,-0.005045056343078613,-0.010942394845187664,1
1789134806383993,-0.005045056343078613,-0.010942394845187664,1
1789134806383993,-0.005045056343078613,-0.010942394845187664,1
1789134806383993,-0.005045056343078613,-0.010942394845187664,1
1789134806431993,0.022187113761901855,-0.010768682695925236,1
1789134806443993,0.03699636459350586,-0.010783846490085125,1
1789134806443993,0.03699636459350586,-0.010783846490085125,1
1789134806443993,0.03699636459350586,-0.010783846490085125,1
1789134806443993,0.03699636459350586,-0.010783846490085125,1
1789134806479993,-0.005328536033630371,-0.010589612647891045,0
1789134806491993,0.0007981061935424805,-0.010538001544773579,1
1789134806503993,0.0362706184387207,-0.010560919530689716,1
1789134806503993,0.0362706184387207,-0.010560919530689716,1
1789134806503993,0.0362706184387207,-0.010560919530689716,1
1789134806503993,0.0362706184387207,-0.010560919530689716,1
1789134806503993,0.0362706184387207,-0.010560919530689716,1
1789134806551993,-0.020978450775146484,-0.010408787056803703,1
1789134806563993,-0.008153796195983887,-0.010338041000068188,1
1789134806563993,-0.008153796195983887,-0.010338041000068188,1
1789134806563993,-0.008153796195983887,-0.010338041000068188,1
1789134806563993,-0.008153796195983887,-0.010338041000068188,1
1789134806563993,-0.008153796195983887,-0.010338041000068188,1
1789134806611993,-0.00471043586730957,-0.009860592894256115,1
1789134806623993,0.001713871955871582,-0.009752876125276089,1
1789134806623993,0.001713871955871582,-0.009752876125276089,1
1789134806623993,0.001713871955871582,-0.009752876125276089,1
1789134806647993,0.007232666015625,-0.00963522493839264,0
1789134806647993,0.007232666015625,-0.00963522493839264,0
1789134806671993,0.0129852294921875,-0.009439145214855671,1
1789134806683993,0.011981606483459473,-0.009391837753355503,1
1789134806683993,0.011981606483459473,-0.009391837753355503,1
1789134806683993,0.011981606483459473,-0.009391837753355503,1
1789134806683993,0.011981606483459473,-0.009391837753355503,1
1789134806683993,0.011981606483459473,-0.009391837753355503,1
1789134806731993,-0.0025103092193603516,-0.008917495608329773,1
1789134806743993,-0.012173891067504883,-0.008751634508371353,1
1789134806743993,-0.012173891067504883,-0.008751634508371353,1
1789134806743993,-0.012173891067504883,-0.008751634508371353,1
1789134806743993,-0.012173891067504883,-0.008751634508371353,1
1789134806779993,0.027603626251220703,-0.008480907417833805,1
1789134806791993,0.001154780387878418,-0.008329231292009354,0
1789134806803993,0.0015190839767456055,-0.008243253454566002,0
1789134806803993,0.0015190839767456055,-0.008243253454566002,0
1789134806803993,0.0015190839767456055,-0.008243253454566002,0
1789134806803993,0.0015190839767456055,-0.008243253454566002,0
1789134806803993,0.0015190839767456055,-0.008243253454566002,0
1789134806851993,0.03217029571533203,-0.007917683571577072,0
1789134806863993,0.023973941802978516,-0.007815531454980373,0
1789134806863993,0.023973941802978516,-0.007815531454980373,0
1789134806875993,0.01971125602722168,-0.007760954555124044,1
1789134806875993,0.01971125602722168,-0.007760954555124044,1
1789134806875993,0.01971125602722168,-0.007760954555124044,1
1789134806911993,-0.010506987571716309,-0.007287381682544947,1
1789134806923993,-0.031445980072021484,-0.0071589346043765545,0
1789134806923993,-0.031445980072021484,-0.0071589346043765545,0
1789134806923993,-0.031445980072021484,-0.0071589346043765545,0
1789134806923993,-0.031445980072021484,-0.0071589346043765545,0
1789134806923993,-0.031445980072021484,-0.0071589346043765545,0
1789134806971993,-0.0226287841796875,-0.0064604920335114,0
1789134806983993,-0.02099442481994629,-0.006222147960215807,1
1789134806983993,-0.02099442481994629,-0.006222147960215807,1
1789134806983993,-0.02099442481994629,-0.006222147960215807,1
1789134807007993,-0.009270429611206055,-0.0058522410690784454,1
1789134807007993,-0.009270429611206055,-0.0058522410690784454,1
1789134807031993,-0.0008661746978759766,-0.005525465589016676,0
1789134807043993,0.005215764045715332,-0.005425773561000824,0
1789134807043993,0.005215764045715332,-0.005425773561000824,0
1789134807043993,0.005215764045715332,-0.005425773561000824,0
1789134807043993,0.005215764045715332,-0.005425773561000824,0
1789134807043993,0.005215764045715332,-0.005425773561000824,0
1789134807091993,0.005477428436279297,-0.004807604942470789,1
1789134807103993,0.0013693571090698242,-0.004627247806638479,1
1789134807103993,0.0013693571090698242,-0.004627247806638479,1
1789134807103993,0.0013693571090698242,-0.004627247806638479,1
1789134807103993,0.0013693571090698242,-0.004627247806638479,1
1789134807139993,0.003499627113342285,-0.0042552221566438675,1
1789134807151993,0.022656559944152832,-0.004097171127796173,1
1789134807163993,0.023991823196411133,-0.004038216080516577,1
1789134807163993,0.023991823196411133,-0.004038216080516577,1
1789134807163993,0.023991823196411133,-0.004038216080516577,1
1789134807163993,0.023991823196411133,-0.004038216080516577,1
1789134807163993,0.023991823196411133,-0.004038216080516577,1
1789134807211993,0.008852481842041016,-0.0036647473461925983,1
1789134807223993,-0.003797292709350586,-0.003509561764076352,1
1789134807223993,-0.003797292709350586,-0.003509561764076352,1
1789134807223993,-0.003797292709350586,-0.003509561764076352,1
1789134807223993,-0.003797292709350586,-0.003509561764076352,1
1789134807223993,-0.003797292709350586,-0.003509561764076352,1
1789134807272156,0.021032094955444336,-0.0029950393363833427,1
1789134807284156,0.01917445659637451,-0.0029146436136215925,1
1789134807284156,0.01917445659637451,-0.0029146436136215925,1
1789134807284156,0.01917445659637451,-0.0029146436136215925,1
1789134807308156,0.038312554359436035,-0.002758065005764365,0
1789134807308156,0.038312554359436035,-0.002758065005764365,0
1789134807332156,0.03155076503753662,-0.002606022171676159,1
1789134807344156,0.03321635723114014,-0.002464620629325509,1
1789134807344156,0.03321635723114014,-0.002464620629325509,1
1789134807344156,0.03321635723114014,-0.002464620629325509,1
1789134807344156,0.03321635723114014,-0.002464620629325509,1
1789134807344156,0.03321635723114014,-0.002464620629325509,1
1789134807392156,-0.0672372579574585,-0.0014019882073625922,1
1789134807404156,-0.0881263017654419,-0.0011853775940835476,0
1789134807404156,-0.0881263017654419,-0.0011853775940835476,0
1789134807404156,-0.0881263017654419,-0.0011853775940835476,0
1789134807404156,-0.0881263017654419,-0.0011853775940835476,0
1789134807440156,-0.050093889236450195,-0.0003028105420526117,0
1789134807452156,-0.055150628089904785,-0.0001057842600857839,1
1789134807464156,-0.059326171875,0.0002988677588291466,1
1789134807464156,-0.059326171875,0.0002988677588291466,1
1789134807464156,-0.059326171875,0.0002988677588291466,1
1789134807464156,-0.059326171875,0.0002988677588291466,1
1789134807464156,-0.059326171875,0.0002988677588291466,1
1789134807512156,0.08554697036743164,0.0004563072288874537,0
1789134807524156,0.07611668109893799,0.00045818148646503687,0
1789134807524156,0.07611668109893799,0.00045818148646503687,0
1789134807536156,0.05606520175933838,0.0005109283374622464,0
1789134807536156,0.05606520175933838,0.0005109283374622464,0
1789134807536156,0.05606520175933838,0.0005109283374622464,0
1789134807572156,0.033446550369262695,0.0007215156801976264,0
1789134807584156,0.02101600170135498,0.0008414297481067479,1
1789134807584156,0.02101600170135498,0.0008414297481067479,1
1789134807584156,0.02101600170135498,0.0008414297481067479,1
1789134807584156,0.02101600170135498,0.0008414297481067479,1
1789134807584156,0.02101600170135498,0.0008414297481067479,1
1789134807632156,0.009055495262145996,0.0012283652322366834,1
1789134807644156,0.021149873733520508,0.0013108444400131702,0
1789134807644156,0.021149873733520508,0.0013108444400131702,0
1789134807644156,0.021149873733520508,0.0013108444400131702,0
1789134807668156,0.006952881813049316,0.0015676377806812525,1
1789134807668156,0.006952881813049316,0.0015676377806812525,1
1789134807692156,-0.004081010818481445,0.0018449192866683006,1
1789134807704156,-0.001676797866821289,0.002058053622022271,0
1789134807704156,-0.001676797866821289,0.002058053622022271,0
1789134807704156,-0.001676797866821289,0.002058053622022271,0
1789134807704156,-0.001676797866821289,0.002058053622022271,0
1789134807704156,-0.001676797866821289,0.002058053622022271,0
1789134807752156,0.001731276512145996,0.002713768044486642,1
1789134807764156,0.0032243728637695312,0.0028305076994001865,1
1789134807764156,0.0032243728637695312,0.0028305076994001865,1
1789134807764156,0.0032243728637695312,0.0028305076994001865,1
1789134807764156,0.0032243728637695312,0.0028305076994001865,1
1789134807800156,0.009171605110168457,0.00341994222253561,1
1789134807812156,0.004517555236816406,0.00354015757329762,1
1789134807824156,-0.008841633796691895,0.0037692806217819452,1
1789134807824156,-0.008841633796691895,0.0037692806217819452,1
1789134807824156,-0.008841633796691895,0.0037692806217819452,1
1789134807848156,0.018938302993774414,0.004121291916817427,1
1789134807848156,0.018938302993774414,0.004121291916817427,1
1789134807872156,0.023417949676513672,0.004350182134658098,0
1789134807884156,0.0275423526763916,0.0044348351657390594,1
1789134807884156,0.0275423526763916,0.0044348351657390594,1
1789134807884156,0.0275423526763916,0.0044348351657390594,1
1789134807884156,0.0275423526763916,0.0044348351657390594,1
1789134807884156,0.0275423526763916,0.0044348351657390594,1
1789134807932156,0.07091343402862549,0.004721954930573702,1
1789134807944156,0.09234118461608887,0.004698148928582668,1
1789134807944156,0.09234118461608887,0.004698148928582668,1
1789134807944156,0.09234118461608887,0.004698148928582668,1
1789134807968156,0.06223177909851074,0.00472547672688961,1
1789134807968156,0.06223177909851074,0.00472547672688961,1
1789134807992156,0.023925304412841797,0.004937317222356796,1
1789134808004156,0.019309282302856445,0.0050267609767615795,1
1789134808004156,0.019309282302856445,0.0050267609767615795,1
1789134808004156,0.019309282302856445,0.0050267609767615795,1
1789134808004156,0.019309282302856445,0.0050267609767615795,1
1789134808040156,0.027437448501586914,0.00553890923038125,1
1789134808052156,0.032361626625061035,0.005645098630338907,1
1789134808064156,0.033944010734558105,0.005844134837388992,0
1789134808064156,0.033944010734558105,0.005844134837388992,0
1789134808064156,0.033944010734558105,0.005844134837388992,0
1789134808064156,0.033944010734558105,0.005844134837388992,0
1789134808100156,-0.009815692901611328,0.0064089493826031685,1
1789134808112156,-0.007494926452636719,0.006776757072657347,1
1789134808124156,-0.013198375701904297,0.006973905023187399,0
1789134808124156,-0.013198375701904297,0.006973905023187399,0
1789134808124156,-0.013198375701904297,0.006973905023187399,0
1789134808124156,-0.013198375701904297,0.006973905023187399,0
1789134808124156,-0.013198375701904297,0.006973905023187399,0
1789134808172156,-0.003335118293762207,0.008252083323895931,0
1789134808184156,-0.007780551910400391,0.008640080690383911,1
1789134808184156,-0.007780551910400391,0.008640080690383911,1
1789134808196156,0.00418400764465332,0.008818987756967545,1
1789134808196156,0.00418400764465332,0.008818987756967545,1
1789134808196156,0.00418400764465332,0.008818987756967545,1
1789134808232156,0.027561306953430176,0.009627528488636017,0
1789134808244156,0.02787041664123535,0.009779516607522964,0
1789134808244156,0.02787041664123535,0.009779516607522964,0
1789134808244156,0.02787041664123535,0.009779516607522964,0
1789134808244156,0.02787041664123535,0.009779516607522964,0
1789134808244318,0.02787041664123535,0.009779516607522964,0
1789134808292318,0.01430821418762207,0.010626755654811859,0
1789134808304318,0.00838327407836914,0.01093212328851223,1
1789134808304318,0.00838327407836914,0.01093212328851223,1
1789134808304318,0.00838327407836914,0.01093212328851223,1
1789134808328318,0.0020263195037841797,0.011396490968763828,1
1789134808328318,0.0020263195037841797,0.011396490968763828,1
1789134808352318,0.009255647659301758,0.01180095225572586,1
1789134808364318,-0.006579756736755371,0.011952310800552368,1
1789134808364318,-0.006579756736755371,0.011952310800552368,1
1789134808364318,-0.006579756736755371,0.011952310800552368,1
1789134808364318,-0.006579756736755371,0.011952310800552368,1
1789134808364318,-0.006579756736755371,0.011952310800552368,1
1789134808412318,-0.010806918144226074,0.012957300059497356,1
1789134808424318,0.002955198287963867,0.013284487649798393,0
1789134808424318,0.002955198287963867,0.013284487649798393,0
1789134808424318,0.002955198287963867,0.013284487649798393,0
1789134808424318,0.002955198287963867,0.013284487649798393,0
1789134808460318,-0.006632685661315918,0.013921679928898811,1
1789134808472318,0.006287693977355957,0.0142375398427248,1
1789134808484318,0.05223226547241211,0.014332442544400692,1
1789134808484318,0.05223226547241211,0.014332442544400692,1
1789134808484318,0.05223226547241211,0.014332442544400692,1
1789134808484318,0.05223226547241211,0.014332442544400692,1
1789134808484318,0.05223226547241211,0.014332442544400692,1
1789134808532318,-0.05456984043121338,0.015208522789180279,0
1789134808544318,-0.051249027252197266,0.015673110261559486,1
1789134808544318,-0.051249027252197266,0.015673110261559486,1
1789134808544318,-0.051249027252197266,0.015673110261559486,1
1789134808544318,-0.051249027252197266,0.015673110261559486,1
1789134808544318,-0.051249027252197266,0.015673110261559486,1
1789134808592318,0.014384269714355469,0.01657436601817608,1
1789134808604318,0.028500676155090332,0.01668577454984188,1
1789134808604318,0.028500676155090332,0.01668577454984188,1
1789134808604318,0.028500676155090332,0.01668577454984188,1
1789134808628318,-0.02071380615234375,0.0171272624284029,0
1789134808628318,-0.02071380615234375,0.0171272624284029,0
1789134808652318,-0.03125417232513428,0.01765109784901142,1
1789134808664318,-0.02476942539215088,0.018043499439954758,1
1789134808664318,-0.02476942539215088,0.018043499439954758,1
1789134808664318,-0.02476942539215088,0.018043499439954758,1
1789134808664318,-0.02476942539215088,0.018043499439954758,1
1789134808664318,-0.02476942539215088,0.018043499439954758,1
1789134808712318,0.012110710144042969,0.018806075677275658,1
1789134808724318,0.02272951602935791,0.018893171101808548,0
1789134808724318,0.02272951602935791,0.018893171101808548,0
1789134808724318,0.02272951602935791,0.018893171101808548,0
1789134808724318,0.02272951602935791,0.018893171101808548,0
1789134808760318,-0.01262354850769043,0.019466469064354897,0
1789134808772318,-0.015071749687194824,0.01959536038339138,0
1789134808784318,-0.022669315338134766,0.019860588014125824,1
1789134808784318,-0.022669315338134766,0.019860588014125824,1
1789134808784318,-0.022669315338134766,0.019860588014125824,1
1789134808784318,-0.022669315338134766,0.019860588014125824,1
1789134808784318,-0.022669315338134766,0.019860588014125824,1
1789134808832318,-0.0061991214752197266,0.020672842860221863,1
1789134808844318,-0.014257431030273438,0.020785558968782425,1
1789134808844318,-0.014257431030273438,0.020785558968782425,1
1789134808856318,-0.02294456958770752,0.02104300819337368,0
1789134808856318,-0.02294456958770752,0.02104300819337368,0
1789134808856318,-0.02294456958770752,0.02104300819337368,0
1789134808892318,-0.028107523918151855,0.02161201648414135,1
1789134808904318,-0.017895102500915527,0.021910017356276512,1
1789134808904318,-0.017895102500915527,0.021910017356276512,1
1789134808904318,-0.017895102500915527,0.021910017356276512,1
1789134808904318,-0.017895102500915527,0.021910017356276512,1
1789134808904318,-0.017895102500915527,0.021910017356276512,1
1789134808952318,-0.010733723640441895,0.022534523159265518,1
1789134808964318,0.004700064659118652,0.02263256348669529,0
1789134808964318,0.004700064659118652,0.02263256348669529,0
1789134808964318,0.004700064659118652,0.02263256348669529,0
1789134808988318,0.013171672821044922,0.02285652980208397,1
1789134808988318,0.013171672821044922,0.02285652980208397,1
1789134809012318,-0.007810473442077637,0.023058893159031868,1
1789134809024318,0.0017713308334350586,0.02320932224392891,0
1789134809024318,0.0017713308334350586,0.02320932224392891,0
1789134809024318,0.0017713308334350586,0.02320932224392891,0
1789134809024318,0.0017713308334350586,0.02320932224392891,0
1789134809024318,0.0017713308334350586,0.02320932224392891,0
1789134809072318,-0.031170010566711426,0.02358422614634037,1
1789134809084318,-0.022251367568969727,0.02369547262787819,1
1789134809084318,-0.022251367568969727,0.02369547262787819,1
1789134809084318,-0.022251367568969727,0.02369547262787819,1
1789134809084318,-0.022251367568969727,0.02369547262787819,1
1789134809120318,0.007970452308654785,0.024037137627601624,1
1789134809132318,0.004436016082763672,0.024093426764011383,1
1789134809144318,0.007571101188659668,0.024173548445105553,1
1789134809144318,0.007571101188659668,0.024173548445105553,1
1789134809144318,0.007571101188659668,0.024173548445105553,1
1789134809144318,0.007571101188659668,0.024173548445105553,1
1789134809144318,0.007571101188659668,0.024173548445105553,1
1789134809192318,-0.021906614303588867,0.024533769115805626,1
1789134809204318,0.0030797719955444336,0.02460787259042263,1
1789134809204318,0.0030797719955444336,0.02460787259042263,1
1789134809204318,0.0030797719955444336,0.02460787259042263,1
1789134809204318,0.0030797719955444336,0.02460787259042263,1
1789134809204318,0.0030797719955444336,0.02460787259042263,1
1789134809252318,-0.004604697227478027,0.024946345016360283,1
1789134809264318,-0.00611424446105957,0.025055479258298874,1
1789134809264318,-0.00611424446105957,0.025055479258298874,1
1789134809264481,-0.00611424446105957,0.025055479258298874,1
1789134809264481,-0.00611424446105957,0.025055479258298874,1
1789134809264481,-0.00611424446105957,0.025055479258298874,1
1789134809312481,0.011550188064575195,0.02520914189517498,1
1789134809324481,0.01838839054107666,0.0252251997590065,0
1789134809324481,0.01838839054107666,0.0252251997590065,0
1789134809324481,0.01838839054107666,0.0252251997590065,0
1789134809324481,0.01838839054107666,0.0252251997590065,0
1789134809324481,0.01838839054107666,0.0252251997590065,0
1789134809372481,0.007781267166137695,0.02534451335668564,1
1789134809384481,0.013052225112915039,0.025377459824085236,1
1789134809384481,0.013052225112915039,0.025377459824085236,1
1789134809384481,0.013052225112915039,0.025377459824085236,1
1789134809384481,0.013052225112915039,0.025377459824085236,1
1789134809420481,0.0269012451171875,0.02537338249385357,1
1789134809432481,0.007658123970031738,0.025384966284036636,0
1789134809444481,0.01270747184753418,0.025399835780262947,0
1789134809444481,0.01270747184753418,0.025399835780262947,0
1789134809444481,0.01270747184753418,0.025399835780262947,0
1789134809444481,0.01270747184753418,0.025399835780262947,0
1789134809444481,0.01270747184753418,0.025399835780262947,0
1789134809492481,0.012262344360351562,0.025462303310632706,1
1789134809504481,0.009276747703552246,0.02547190524637699,1
1789134809504481,0.009276747703552246,0.02547190524637699,1
1789134809516481,0.013575911521911621,0.025478530675172806,1
1789134809516481,0.013575911521911621,0.025478530675172806,1
1789134809516481,0.013575911521911621,0.025478530675172806,1
1789134809552481,0.01621425151824951,0.025432715192437172,1
1789134809564481,0.0176926851272583,0.025425998494029045,1
1789134809564481,0.0176926851272583,0.025425998494029045,1
1789134809564481,0.0176926851272583,0.025425998494029045,1
1789134809564481,0.0176926851272583,0.025425998494029045,1
1789134809564481,0.0176926851272583,0.025425998494029045,1
1789134809612481,0.012499809265136719,0.025428883731365204,1
1789134809624481,0.015568137168884277,0.025408640503883362,1
1789134809624481,0.015568137168884277,0.025408640503883362,1
1789134809624481,0.015568137168884277,0.025408640503883362,1
1789134809648481,0.015029549598693848,0.025387607514858246,1
1789134809648481,0.015029549598693848,0.025387607514858246,1
1789134809672481,0.01151728630065918,0.025375407189130783,0
1789134809684481,0.007974982261657715,0.025374799966812134,0
1789134809684481,0.007974982261657715,0.025374799966812134,0
1789134809684481,0.007974982261657715,0.025374799966812134,0
1789134809684481,0.007974982261657715,0.025374799966812134,0
1789134809684481,0.007974982261657715,0.025374799966812134,0
1789134809732481,0.0008122920989990234,0.025449324399232864,0
1789134809744481,0.001836538314819336,0.025469021871685982,1
1789134809744481,0.001836538314819336,0.025469021871685982,1
1789134809744481,0.001836538314819336,0.025469021871685982,1
1789134809744481,0.001836538314819336,0.025469021871685982,1
1789134809780481,-0.008323073387145996,0.025510476902127266,1
1789134809792481,0.002037644386291504,0.025546852499246597,1
1789134809804481,-0.004111647605895996,0.025557391345500946,1
1789134809804481,-0.004111647605895996,0.025557391345500946,1
1789134809804481,-0.004111647605895996,0.025557391345500946,1
1789134809804481,-0.004111647605895996,0.025557391345500946,1
1789134809804481,-0.004111647605895996,0.025557391345500946,1
1789134809852481,0.01833820343017578,0.02560756541788578,1
1789134809864481,0.003072381019592285,0.02558261714875698,1
1789134809864481,0.003072381019592285,0.02558261714875698,1
1789134809864481,0.003072381019592285,0.02558261714875698,1
1789134809864481,0.003072381019592285,0.02558261714875698,1
1789134809864481,0.003072381019592285,0.02558261714875698,1
1789134809912481,0.0006546974182128906,0.025595171377062798,1
1789134809924481,0.003436565399169922,0.025579823181033134,1
1789134809924481,0.003436565399169922,0.025579823181033134,1
1789134809924481,0.003436565399169922,0.025579823181033134,1
1789134809948481,-0.0003987550735473633,0.02551676705479622,1
1789134809948481,-0.0003987550735473633,0.02551676705479622,1
1789134809972481,0.010178446769714355,0.025430813431739807,1
1789134809984481,0.018749594688415527,0.02534051612019539,1
1789134809984481,0.018749594688415527,0.02534051612019539,1
1789134809984481,0.018749594688415527,0.02534051612019539,1
1789134809984481,0.018749594688415527,0.02534051612019539,1
1789134809984481,0.018749594688415527,0.02534051612019539,1
1789134810032481,0.013578057289123535,0.02494001016020775,1
1789134810044481,0.020190000534057617,0.024878855794668198,1
1789134810044481,0.020190000534057617,0.024878855794668198,1
1789134810044481,0.020190000534057617,0.024878855794668198,1
1789134810044481,0.020190000534057617,0.024878855794668198,1
1789134810080481,0.02592325210571289,0.024567861109972,1
1789134810092481,0.013156652450561523,0.0244881734251976,1
1789134810104481,0.02142322063446045,0.024370238184928894,1
1789134810104481,0.02142322063446045,0.024370238184928894,1
1789134810104481,0.02142322063446045,0.024370238184928894,1
1789134810104481,0.02142322063446045,0.024370238184928894,1
1789134810104481,0.02142322063446045,0.024370238184928894,1
1789134810152481,0.023935317993164062,0.023829855024814606,1
1789134810164481,0.023524880409240723,0.023736320436000824,1
1789134810164481,0.023524880409240723,0.023736320436000824,1
1789134810164481,0.023524880409240723,0.023736320436000824,1
1789134810164481,0.023524880409240723,0.023736320436000824,1
1789134810164481,0.023524880409240723,0.023736320436000824,1
1789134810212481,0.016991138458251953,0.02323458343744278,1
1789134810224481,0.014808177947998047,0.023103924468159676,1
1789134810224481,0.014808177947998047,0.023103924468159676,1
1789134810224481,0.014808177947998047,0.023103924468159676,1
1789134810224481,0.014808177947998047,0.023103924468159676,1
1789134810224481,0.014808177947998047,0.023103924468159676,1
1789134810272481,0.021088004112243652,0.02260008081793785,1
1789134810284481,0.027970075607299805,0.02250824309885502,1
1789134810284644,0.027970075607299805,0.02250824309885502,1
1789134810284644,0.027970075607299805,0.02250824309885502,1
1789134810308644,0.018292665481567383,0.022233879193663597,1
1789134810308644,0.018292665481567383,0.022233879193663597,1
1789134810332644,-0.0075113773345947266,0.02202189341187477,1
1789134810344644,0.0035964250564575195,0.02191774733364582,1
1789134810344644,0.0035964250564575195,0.02191774733364582,1
1789134810344644,0.0035964250564575195,0.02191774733364582,1
1789134810344644,0.0035964250564575195,0.02191774733364582,1
1789134810344644,0.0035964250564575195,0.02191774733364582,1
1789134810392644,0.005848288536071777,0.02152121439576149,1
1789134810404644,0.008612751960754395,0.021456625312566757,1
1789134810404644,0.008612751960754395,0.021456625312566757,1
1789134810404644,0.008612751960754395,0.021456625312566757,1
1789134810404644,0.008612751960754395,0.021456625312566757,1
1789134810440644,0.025699973106384277,0.021018512547016144,1
1789134810452644,0.029582500457763672,0.020910240709781647,1
1789134810464644,0.005891203880310059,0.0207720585167408,1
1789134810464644,0.005891203880310059,0.0207720585167408,1
1789134810464644,0.005891203880310059,0.0207720585167408,1
1789134810464644,0.005891203880310059,0.0207720585167408,1
1789134810464644,0.005891203880310059,0.0207720585167408,1
1789134810512644,0.04056835174560547,0.020137764513492584,1
1789134810524644,0.02508234977722168,0.02002878487110138,1
1789134810524644,0.02508234977722168,0.02002878487110138,1
1789134810524644,0.02508234977722168,0.02002878487110138,1
1789134810524644,0.02508234977722168,0.02002878487110138,1
1789134810524644,0.02508234977722168,0.02002878487110138,1
1789134810572644,0.019962668418884277,0.01950322836637497,1
1789134810584644,0.003808140754699707,0.019355453550815582,1
1789134810584644,0.003808140754699707,0.019355453550815582,1
1789134810584644,0.003808140754699707,0.019355453550815582,1
1789134810584644,0.003808140754699707,0.019355453550815582,1
1789134810584644,0.003808140754699707,0.019355453550815582,1
1789134810632644,0.009173393249511719,0.01887502707540989,1
1789134810644644,-0.0036677122116088867,0.01880759559571743,1
1789134810644644,-0.0036677122116088867,0.01880759559571743,1
1789134810644644,-0.0036677122116088867,0.01880759559571743,1
1789134810644644,-0.0036677122116088867,0.01880759559571743,1
1789134810644644,-0.0036677122116088867,0.01880759559571743,1
1789134810692644,-0.017052888870239258,0.01852239854633808,1
1789134810704644,-0.009373784065246582,0.018444428220391273,1
1789134810704644,-0.009373784065246582,0.018444428220391273,1
1789134810704644,-0.009373784065246582,0.018444428220391273,1
1789134810704644,-0.009373784065246582,0.018444428220391273,1
1789134810740644,0.004138469696044922,0.018154356628656387,1
1789134810752644,-0.03150022029876709,0.01803405024111271,1
1789134810764644,-0.028471708297729492,0.01800202764570713,1
1789134810764644,-0.028471708297729492,0.01800202764570713,1
1789134810764644,-0.028471708297729492,0.01800202764570713,1
1789134810764644,-0.028471708297729492,0.01800202764570713,1
1789134810764644,-0.028471708297729492,0.01800202764570713,1
1789134810812644,0.04423367977142334,0.017327113077044487,1
1789134810824644,0.05398690700531006,0.01700412482023239,1
1789134810824644,0.05398690700531006,0.01700412482023239,1
1789134810824644,0.05398690700531006,0.01700412482023239,1
1789134810848644,0.03331613540649414,0.016481725499033928,1
1789134810848644,0.03331613540649414,0.016481725499033928,1
1789134810872644,0.04833865165710449,0.01596148870885372,1
1789134810884644,0.05073201656341553,0.01577053591609001,1
1789134810884644,0.05073201656341553,0.01577053591609001,1
1789134810884644,0.05073201656341553,0.01577053591609001,1
1789134810884644,0.05073201656341553,0.01577053591609001,1
1789134810884644,0.05073201656341553,0.01577053591609001,1
1789134810932644,0.025662899017333984,0.014824599027633667,1
1789134810944644,0.02817702293395996,0.014523972757160664,1
1789134810944644,0.02817702293395996,0.014523972757160664,1
1789134810944644,0.02817702293395996,0.014523972757160664,1
1789134810968644,0.04944717884063721,0.014046956785023212,1
1789134810968644,0.04944717884063721,0.014046956785023212,1
1789134810992644,0.025885939598083496,0.013624761253595352,1
1789134811004644,0.043639421463012695,0.013480308465659618,1
1789134811004644,0.043639421463012695,0.013480308465659618,1
1789134811004644,0.043639421463012695,0.013480308465659618,1
1789134811004644,0.043639421463012695,0.013480308465659618,1
1789134811040644,0.04446291923522949,0.012737942859530449,1
1789134811052644,0.06002461910247803,0.01257547177374363,1
1789134811064644,0.022435545921325684,0.012280147522687912,1
1789134811064644,0.022435545921325684,0.012280147522687912,1
1789134811064644,0.022435545921325684,0.012280147522687912,1
1789134811064644,0.022435545921325684,0.012280147522687912,1
1789134811100644,0.01006627082824707,0.011824672110378742,1
1789134811112644,0.027663111686706543,0.011598408222198486,1
1789134811124644,0.007359147071838379,0.011494974605739117,1
1789134811124644,0.007359147071838379,0.011494974605739117,1
1789134811124644,0.007359147071838379,0.011494974605739117,1
1789134811124644,0.007359147071838379,0.011494974605739117,1
1789134811124644,0.007359147071838379,0.011494974605739117,1
1789134811172644,0.04060471057891846,0.010809755884110928,1
1789134811184644,0.041107892990112305,0.010553320869803429,1
1789134811184644,0.041107892990112305,0.010553320869803429,1
1789134811184644,0.041107892990112305,0.010553320869803429,1
1789134811184644,0.041107892990112305,0.010553320869803429,1
1789134811184644,0.041107892990112305,0.010553320869803429,1
1789134811232644,-0.059183478355407715,0.010561727918684483,1
1789134811244644,-0.057659268379211426,0.010592599399387836,1
1789134811244644,-0.057659268379211426,0.010592599399387836,1
1789134811244644,-0.057659268379211426,0.010592599399387836,1
1789134811268644,0.0078008174896240234,0.010526562109589577,1
1789134811268644,0.0078008174896240234,0.010526562109589577,1
1789134811292806,0.022734999656677246,0.0102159408852458,1
1789134811304806,0.010645270347595215,0.010010428726673126,1
1789134811304806,0.010645270347595215,0.010010428726673126,1
1789134811304806,0.010645270347595215,0.010010428726673126,1
1789134811304806,0.010645270347595215,0.010010428726673126,1
1789134811304806,0.010645270347595215,0.010010428726673126,1
1789134811352806,-0.03997910022735596,0.009732328355312347,1
1789134811364806,-0.0266110897064209,0.009711692109704018,1
1789134811364806,-0.0266110897064209,0.009711692109704018,1
1789134811364806,-0.0266110897064209,0.009711692109704018,1
1789134811364806,-0.0266110897064209,0.009711692109704018,1
1789134811400806,-0.029390692710876465,0.009603599086403847,1
1789134811412806,-0.020813584327697754,0.009569082409143448,1
1789134811424806,-0.020767569541931152,0.009483648464083672,1
1789134811424806,-0.020767569541931152,0.009483648464083672,1
1789134811424806,-0.020767569541931152,0.009483648464083672,1
1789134811424806,-0.020767569541931152,0.009483648464083672,1
1789134811424806,-0.020767569541931152,0.009483648464083672,1
1789134811472806,-0.005326509475708008,0.00912150926887989,1
1789134811484806,-0.014568805694580078,0.009056122042238712,1
1789134811484806,-0.014568805694580078,0.009056122042238712,1
1789134811496806,-0.03276264667510986,0.008937198668718338,1
1789134811496806,-0.03276264667510986,0.008937198668718338,1
1789134811496806,-0.03276264667510986,0.008937198668718338,1
1789134811532806,-0.020359039306640625,0.008721589110791683,1
1789134811544806,-0.006062626838684082,0.008547537960112095,1
1789134811544806,-0.006062626838684082,0.008547537960112095,1
1789134811544806,-0.006062626838684082,0.008547537960112095,1
1789134811544806,-0.006062626838684082,0.008547537960112095,1
1789134811544806,-0.006062626838684082,0.008547537960112095,1
1789134811592806,-0.015859603881835938,0.00802953727543354,1
1789134811604806,-0.003887653350830078,0.007917322218418121,1
1789134811604806,-0.003887653350830078,0.007917322218418121,1
1789134811604806,-0.003887653350830078,0.007917322218418121,1
1789134811628806,-0.01180732250213623,0.00753410067409277,1
1789134811628806,-0.01180732250213623,0.00753410067409277,1
1789134811652806,0.01450955867767334,0.0071310196071863174,1
1789134811664806,0.03220987319946289,0.006765993777662516,1
1789134811664806,0.03220987319946289,0.006765993777662516,1
1789134811664806,0.03220987319946289,0.006765993777662516,1
1789134811664806,0.03220987319946289,0.006765993777662516,1
1789134811664806,0.03220987319946289,0.006765993777662516,1
1789134811712806,0.0038892030715942383,0.005829191766679287,1
1789134811724806,0.00304412841796875,0.0056867147795856,1
1789134811724806,0.00304412841796875,0.0056867147795856,1
1789134811724806,0.00304412841796875,0.0056867147795856,1
1789134811724806,0.00304412841796875,0.0056867147795856,1
1789134811760806,0.035569190979003906,0.0046891034580767155,1
1789134811772806,0.04451751708984375,0.004456736147403717,1
1789134811784806,0.006882667541503906,0.004090058617293835,1
1789134811784806,0.006882667541503906,0.004090058617293835,1
1789134811784806,0.006882667541503906,0.004090058617293835,1
1789134811784806,0.006882667541503906,0.004090058617293835,1
1789134811784806,0.006882667541503906,0.004090058617293835,1
1789134811832806,-0.026404261589050293,0.0032861044164747,1
1789134811844806,-0.01221013069152832,0.003171632532030344,1
1789134811844806,-0.01221013069152832,0.003171632532030344,1
1789134811844806,-0.01221013069152832,0.003171632532030344,1
1789134811844806,-0.01221013069152832,0.003171632532030344,1
1789134811844806,-0.01221013069152832,0.003171632532030344,1
1789134811892806,0.04418766498565674,0.001949227531440556,1
1789134811904806,0.044338345527648926,0.0014918660745024681,1
1789134811904806,0.044338345527648926,0.0014918660745024681,1
1789134811904806,0.044338345527648926,0.0014918660745024681,1
1789134811928806,-0.0068323612213134766,0.0010130999144166708,1
1789134811928806,-0.0068323612213134766,0.0010130999144166708,1
1789134811952806,0.005461573600769043,0.0005357647314667702,1
1789134811964806,0.027805685997009277,0.0003695782506838441,1
1789134811964806,0.027805685997009277,0.0003695782506838441,1
1789134811964806,0.027805685997009277,0.0003695782506838441,1
1789134811964806,0.027805685997009277,0.0003695782506838441,1
1789134811964806,0.027805685997009277,0.0003695782506838441,1
1789134812012806,0.02717876434326172,-0.0008936830563470721,1
1789134812024806,0.012388825416564941,-0.0012237352784723043,1
1789134812024806,0.012388825416564941,-0.0012237352784723043,1
1789134812024806,0.012388825416564941,-0.0012237352784723043,1
1789134812024806,0.012388825416564941,-0.0012237352784723043,1
1789134812060806,0.04577052593231201,-0.0019474169239401817,1
1789134812072806,0.03626096248626709,-0.0024088192731142044,1
1789134812084806,0.02047443389892578,-0.0025870411191135645,1
1789134812084806,0.02047443389892578,-0.0025870411191135645,1
1789134812084806,0.02047443389892578,-0.0025870411191135645,1
1789134812084806,0.02047443389892578,-0.0025870411191135645,1
1789134812084806,0.02047443389892578,-0.0025870411191135645,1
1789134812132806,0.020915746688842773,-0.003647744655609131,1
1789134812144806,0.021550893783569336,-0.00393336545675993,1
1789134812144806,0.021550893783569336,-0.00393336545675993,1
1789134812156806,0.02081477642059326,-0.004092328250408173,1
1789134812156806,0.02081477642059326,-0.004092328250408173,1
1789134812156806,0.02081477642059326,-0.004092328250408173,1
1789134812192806,0.03500235080718994,-0.0049385433085262775,1
1789134812204806,0.04854321479797363,-0.005122970324009657,1
1789134812204806,0.04854321479797363,-0.005122970324009657,1
1789134812204806,0.04854321479797363,-0.005122970324009657,1
1789134812204806,0.04854321479797363,-0.005122970324009657,1
1789134812204806,0.04854321479797363,-0.005122970324009657,1
1789134812252806,0.05663132667541504,-0.006271183956414461,1
1789134812264806,0.06420552730560303,-0.006685896310955286,1
1789134812264806,0.06420552730560303,-0.006685896310955286,1
1789134812264806,0.06420552730560303,-0.006685896310955286,1
1789134812288806,0.04028725624084473,-0.007219881284981966,1
1789134812288968,0.04028725624084473,-0.007219881284981966,1
1789134812312968,0.03949296474456787,-0.0076940590515732765,1
1789134812324968,0.04993152618408203,-0.007868126034736633,1
1789134812324968,0.04993152618408203,-0.007868126034736633,1
1789134812324968,0.04993152618408203,-0.007868126034736633,1
1789134812324968,0.04993152618408203,-0.007868126034736633,1
1789134812324968,0.04993152618408203,-0.007868126034736633,1
1789134812372968,0.05425369739532471,-0.008865154348313808,1
1789134812384968,0.05599319934844971,-0.009169705212116241,1
1789134812384968,0.05599319934844971,-0.009169705212116241,1
1789134812384968,0.05599319934844971,-0.009169705212116241,1
1789134812384968,0.05599319934844971,-0.009169705212116241,1
1789134812420968,0.039290428161621094,-0.009667924605309963,1
1789134812432968,0.032238006591796875,-0.009891482070088387,1
1789134812444968,0.029506802558898926,-0.009994051419198513,1
1789134812444968,0.029506802558898926,-0.009994051419198513,1
1789134812444968,0.029506802558898926,-0.009994051419198513,1
1789134812444968,0.029506802558898926,-0.009994051419198513,1
1789134812444968,0.029506802558898926,-0.009994051419198513,1
1789134812492968,0.050473928451538086,-0.010670906864106655,1
1789134812504968,0.03448140621185303,-0.010840912349522114,1
1789134812504968,0.03448140621185303,-0.010840912349522114,1
1789134812504968,0.03448140621185303,-0.010840912349522114,1
1789134812504968,0.03448140621185303,-0.010840912349522114,1
1789134812504968,0.03448140621185303,-0.010840912349522114,1
1789134812552968,0.0151749849319458,-0.0111158462241292,1
1789134812564968,0.0018055438995361328,-0.011128619313240051,1
1789134812564968,0.0018055438995361328,-0.011128619313240051,1
1789134812564968,0.0018055438995361328,-0.011128619313240051,1
1789134812588968,0.01702284812927246,-0.011206073686480522,1
1789134812588968,0.01702284812927246,-0.011206073686480522,1
1789134812612968,0.012575507164001465,-0.011258598417043686,1
1789134812624968,0.01830589771270752,-0.011286163702607155,1
1789134812624968,0.01830589771270752,-0.011286163702607155,1
1789134812624968,0.01830589771270752,-0.011286163702607155,1
1789134812624968,0.01830589771270752,-0.011286163702607155,1
1789134812624968,0.01830589771270752,-0.011286163702607155,1
1789134812672968,0.013286709785461426,-0.011390794068574905,1
1789134812684968,0.004091978073120117,-0.011384235695004463,1
1789134812684968,0.004091978073120117,-0.011384235695004463,1
1789134812684968,0.004091978073120117,-0.011384235695004463,1
1789134812684968,0.004091978073120117,-0.011384235695004463,1
1789134812720968,0.007539033889770508,-0.011312189511954784,1
1789134812732968,0.006192564964294434,-0.011287919245660305,1
1789134812744968,0.007212162017822266,-0.011255711317062378,1
1789134812744968,0.007212162017822266,-0.011255711317062378,1
1789134812744968,0.007212162017822266,-0.011255711317062378,1
1789134812744968,0.007212162017822266,-0.011255711317062378,1
1789134812744968,0.007212162017822266,-0.011255711317062378,1
1789134812792968,-0.001811981201171875,-0.011124779470264912,1
1789134812804968,-0.004357814788818359,-0.011075395159423351,1
1789134812804968,-0.004357814788818359,-0.011075395159423351,1
1789134812816968,0.01259160041809082,-0.01097351685166359,1
1789134812816968,0.01259160041809082,-0.01097351685166359,1
1789134812816968,0.01259160041809082,-0.01097351685166359,1
1789134812852968,-0.022147655487060547,-0.010735750198364258,1
1789134812864968,-0.020198941230773926,-0.010575799271464348,1
1789134812864968,-0.020198941230773926,-0.010575799271464348,1
1789134812864968,-0.020198941230773926,-0.010575799271464348,1
1789134812864968,-0.020198941230773926,-0.010575799271464348,1
1789134812864968,-0.020198941230773926,-0.010575799271464348,1
1789134812912968,0.012146472930908203,-0.010170010849833488,1
1789134812924968,0.01114654541015625,-0.010132158175110817,1
1789134812924968,0.01114654541015625,-0.010132158175110817,1
1789134812924968,0.01114654541015625,-0.010132158175110817,1
1789134812948968,-0.03827786445617676,-0.009878929704427719,1
1789134812948968,-0.03827786445617676,-0.009878929704427719,1
1789134812972968,0.009642720222473145,-0.009632764384150505,1
1789134812984968,0.00043392181396484375,-0.009526491165161133,1
1789134812984968,0.00043392181396484375,-0.009526491165161133,1
1789134812984968,0.00043392181396484375,-0.009526491165161133,1
1789134812984968,0.00043392181396484375,-0.009526491165161133,1
1789134812984968,0.00043392181396484375,-0.009526491165161133,1
1789134813032968,-0.02199721336364746,-0.009029204957187176,1
1789134813044968,-0.017020702362060547,-0.008953751064836979,1
1789134813044968,-0.017020702362060547,-0.008953751064836979,1
1789134813044968,-0.017020702362060547,-0.008953751064836979,1
1789134813044968,-0.017020702362060547,-0.008953751064836979,1
1789134813080968,-0.007086277008056641,-0.008649769239127636,1
1789134813092968,-0.013224601745605469,-0.008588812313973904,1
1789134813104968,-0.000110626220703125,-0.008503374643623829,1
1789134813104968,-0.000110626220703125,-0.008503374643623829,1
1789134813104968,-0.000110626220703125,-0.008503374643623829,1
1789134813104968,-0.000110626220703125,-0.008503374643623829,1
1789134813104968,-0.000110626220703125,-0.008503374643623829,1
1789134813152968,-0.007420897483825684,-0.008272525854408741,1
1789134813164968,-0.015184164047241211,-0.008218192495405674,1
1789134813164968,-0.015184164047241211,-0.008218192495405674,1
1789134813164968,-0.015184164047241211,-0.008218192495405674,1
1789134813164968,-0.015184164047241211,-0.008218192495405674,1
1789134813164968,-0.015184164047241211,-0.008218192495405674,1
1789134813212968,-0.015673041343688965,-0.007841863669455051,1
1789134813224968,0.03168296813964844,-0.007824967615306377,1
1789134813224968,0.03168296813964844,-0.007824967615306377,1
1789134813224968,0.03168296813964844,-0.007824967615306377,1
1789134813248968,0.007483959197998047,-0.007831125520169735,1
1789134813248968,0.007483959197998047,-0.007831125520169735,1
1789134813272968,0.016542673110961914,-0.007787778973579407,1
1789134813284968,0.018506407737731934,-0.007773557212203741,1
1789134813284968,0.018506407737731934,-0.007773557212203741,1
1789134813285131,0.018506407737731934,-0.007773557212203741,1
1789134813285131,0.018506407737731934,-0.007773557212203741,1
1789134813285131,0.018506407737731934,-0.007773557212203741,1
1789134813333131,-0.014573454856872559,-0.007533957716077566,1
1789134813345131,-0.004213452339172363,-0.0074226283468306065,1
1789134813345131,-0.004213452339172363,-0.0074226283468306065,1
1789134813345131,-0.004213452339172363,-0.0074226283468306065,1
1789134813345131,-0.004213452339172363,-0.0074226283468306065,1
1789134813381131,-0.01677858829498291,-0.007127687335014343,1
1789134813393131,-0.03979361057281494,-0.006920353975147009,1
1789134813405131,-0.01854240894317627,-0.006810944527387619,1
1789134813405131,-0.01854240894317627,-0.006810944527387619,1
1789134813405131,-0.01854240894317627,-0.006810944527387619,1
1789134813405131,-0.01854240894317627,-0.006810944527387619,1
1789134813405131,-0.01854240894317627,-0.006810944527387619,1
1789134813453131,0.016579866409301758,-0.0063147651962935925,1
1789134813465131,0.06333589553833008,-0.006314127705991268,1
1789134813465131,0.06333589553833008,-0.006314127705991268,1
1789134813477131,0.051154375076293945,-0.0063491519540548325,1
1789134813477131,0.051154375076293945,-0.0063491519540548325,1
1789134813477131,0.051154375076293945,-0.0063491519540548325,1
1789134813513131,0.015200614929199219,-0.0061842831782996655,1
1789134813525131,0.03513503074645996,-0.006148992571979761,1
1789134813525131,0.03513503074645996,-0.006148992571979761,1
1789134813525131,0.03513503074645996,-0.006148992571979761,1
1789134813525131,0.03513503074645996,-0.006148992571979761,1
1789134813525131,0.03513503074645996,-0.006148992571979761,1
1789134813573131,0.015662431716918945,-0.00598073611035943,1
1789134813585131,0.006537079811096191,-0.005859524942934513,1
1789134813585131,0.006537079811096191,-0.005859524942934513,1
1789134813585131,0.006537079811096191,-0.005859524942934513,1
1789134813609131,-0.012122869491577148,-0.005640426650643349,1
1789134813609131,-0.012122869491577148,-0.005640426650643349,1
1789134813633131,-0.008669853210449219,-0.005329301115125418,1
1789134813645131,-0.0295102596282959,-0.005206312518566847,1
1789134813645131,-0.0295102596282959,-0.005206312518566847,1
1789134813645131,-0.0295102596282959,-0.005206312518566847,1
1789134813645131,-0.0295102596282959,-0.005206312518566847,1
1789134813645131,-0.0295102596282959,-0.005206312518566847,1
1789134813693131,-0.005656719207763672,-0.00445827841758728,1
1789134813705131,-0.005848407745361328,-0.0042753154411911964,1
1789134813705131,-0.005848407745361328,-0.0042753154411911964,1
1789134813705131,-0.005848407745361328,-0.0042753154411911964,1
1789134813705131,-0.005848407745361328,-0.0042753154411911964,1
1789134813741131,-0.023909807205200195,-0.0037794113159179688,1
1789134813753131,0.010099172592163086,-0.0035546221770346165,1
1789134813765131,0.022254467010498047,-0.0034876822028309107,1
1789134813765131,0.022254467010498047,-0.0034876822028309107,1
1789134813765131,0.022254467010498047,-0.0034876822028309107,1
1789134813765131,0.022254467010498047,-0.0034876822028309107,1
1789134813765131,0.022254467010498047,-0.0034876822028309107,1
1789134813813131,-0.037894368171691895,-0.0027846384327858686,1
1789134813825131,-0.04917120933532715,-0.0024692516308277845,1
1789134813825131,-0.04917120933532715,-0.0024692516308277845,1
1789134813825131,-0.04917120933532715,-0.0024692516308277845,1
1789134813849131,0.0015311241149902344,-0.0020658159628510475,1
1789134813849131,0.0015311241149902344,-0.0020658159628510475,1
1789134813873131,-0.004905819892883301,-0.0018152882112190127,1
1789134813885131,0.009256958961486816,-0.0017092595808207989,1
1789134813885131,0.009256958961486816,-0.0017092595808207989,1
1789134813885131,0.009256958961486816,-0.0017092595808207989,1
1789134813909131,0.01360166072845459,-0.0014679549494758248,1
1789134813909131,0.01360166072845459,-0.0014679549494758248,1
1789134813933131,-0.009296536445617676,-0.0011397291673347354,1
1789134813945131,-0.020722627639770508,-0.0008836920605972409,1
1789134813945131,-0.020722627639770508,-0.0008836920605972409,1
1789134813945131,-0.020722627639770508,-0.0008836920605972409,1
1789134813945131,-0.020722627639770508,-0.0008836920605972409,1
1789134813945131,-0.020722627639770508,-0.0008836920605972409,1
1789134813993131,0.028272390365600586,-0.0002496642409823835,1
1789134814005131,0.03722822666168213,-0.0002021194959525019,1
1789134814005131,0.03722822666168213,-0.0002021194959525019,1
1789134814005131,0.03722822666168213,-0.0002021194959525019,1
1789134814005131,0.03722822666168213,-0.0002021194959525019,1
1789134814041131,0.003924012184143066,0.00023871792654972523,1
1789134814053131,0.0033572912216186523,0.00034066918306052685,1
1789134814065131,-0.006840825080871582,0.0005406140116974711,1
1789134814065131,-0.006840825080871582,0.0005406140116974711,1
1789134814065131,-0.006840825080871582,0.0005406140116974711,1
1789134814065131,-0.006840825080871582,0.0005406140116974711,1
1789134814065131,-0.006840825080871582,0.0005406140116974711,1
1789134814113131,0.052683115005493164,0.0006756905931979418,1
1789134814125131,0.08421564102172852,0.000679545511957258,1
1789134814125131,0.08421564102172852,0.000679545511957258,1
1789134814137131,0.05301165580749512,0.0006820411654189229,1
1789134814137131,0.05301165580749512,0.0006820411654189229,1
1789134814137131,0.05301165580749512,0.0006820411654189229,1
1789134814173131,-0.0015332698822021484,0.0009316563373431563,1
1789134814185131,-0.012127280235290527,0.001167584559880197,1
1789134814185131,-0.012127280235290527,0.001167584559880197,1
1789134814185131,-0.012127280235290527,0.001167584559880197,1
1789134814185131,-0.012127280235290527,0.001167584559880197,1
1789134814185131,-0.012127280235290527,0.001167584559880197,1
1789134814233131,0.05600452423095703,0.001657019485719502,1
1789134814245131,0.08613765239715576,0.0017027907306328416,1
1789134814245131,0.08613765239715576,0.0017027907306328416,1
1789134814245131,0.08613765239715576,0.0017027907306328416,1
1789134814269131,0.04274749755859375,0.0018413718789815903,1
1789134814269131,0.04274749755859375,0.0018413718789815903,1
1789134814293131,0.035103440284729004,0.002124753315001726,1
1789134814305131,0.0009859800338745117,0.0023912303149700165,1
1789134814305293,0.0009859800338745117,0.0023912303149700165,1
1789134814305293,0.0009859800338745117,0.0023912303149700165,1
1789134814305293,0.0009859800338745117,0.0023912303149700165,1
1789134814305293,0.0009859800338745117,0.0023912303149700165,1
1789134814353293,-0.0068389177322387695,0.0031967132817953825,1
1789134814365293,-0.022463440895080566,0.0033779277000576258,1
1789134814365293,-0.022463440895080566,0.0033779277000576258,1
1789134814365293,-0.022463440895080566,0.0033779277000576258,1
1789134814365293,-0.022463440895080566,0.0033779277000576258,1
1789134814401293,-0.07618677616119385,0.0043867202475667,1
1789134814413293,-0.052463412284851074,0.004690725356340408,1
1789134814425293,-0.019977927207946777,0.0051399096846580505,1
1789134814425293,-0.019977927207946777,0.0051399096846580505,1
1789134814425293,-0.019977927207946777,0.0051399096846580505,1
1789134814425293,-0.019977927207946777,0.0051399096846580505,1
1789134814425293,-0.019977927207946777,0.0051399096846580505,1
1789134814473293,-0.07053053379058838,0.006480588112026453,1
1789134814485293,-0.07062697410583496,0.006753074936568737,1
1789134814485293,-0.07062697410583496,0.006753074936568737,1
1789134814485293,-0.07062697410583496,0.006753074936568737,1
1789134814485293,-0.07062697410583496,0.006753074936568737,1
1789134814485293,-0.07062697410583496,0.006753074936568737,1
1789134814533293,-0.020369648933410645,0.007856343872845173,1
1789134814545293,-0.028249382972717285,0.008228885009884834,1
1789134814545293,-0.028249382972717285,0.008228885009884834,1
1789134814545293,-0.028249382972717285,0.008228885009884834,1
1789134814569293,-0.09843552112579346,0.009094471111893654,1
1789134814569293,-0.09843552112579346,0.009094471111893654,1
1789134814593293,-0.040639638900756836,0.00984173733741045,1
1789134814605293,-0.063232421875,0.010063452646136284,1
1789134814605293,-0.063232421875,0.010063452646136284,1
1789134814605293,-0.063232421875,0.010063452646136284,1
1789134814605293,-0.063232421875,0.010063452646136284,1
1789134814605293,-0.063232421875,0.010063452646136284,1
1789134814653293,-0.022810816764831543,0.011211440898478031,1
1789134814665293,0.0037229061126708984,0.011505864560604095,1
1789134814665293,0.0037229061126708984,0.011505864560604095,1
1789134814665293,0.0037229061126708984,0.011505864560604095,1
1789134814665293,0.0037229061126708984,0.011505864560604095,1
1789134814701293,-0.02565896511077881,0.011996717192232609,1
1789134814713293,-0.038170456886291504,0.012282646261155605,1
1789134814725293,-0.022882461547851562,0.012395049445331097,1
1789134814725293,-0.022882461547851562,0.012395049445331097,1
1789134814725293,-0.022882461547851562,0.012395049445331097,1
1789134814725293,-0.022882461547851562,0.012395049445331097,1
1789134814725293,-0.022882461547851562,0.012395049445331097,1
1789134814773293,-0.0133436918258667,0.012992087751626968,1
1789134814785293,-0.012674093246459961,0.013126790523529053,1
1789134814785293,-0.012674093246459961,0.013126790523529053,1
1789134814797293,-0.007260322570800781,0.013193558901548386,1
1789134814797293,-0.007260322570800781,0.013193558901548386,1
1789134814797293,-0.007260322570800781,0.013193558901548386,1
1789134814833293,-0.04567098617553711,0.013669238425791264,1
1789134814845293,-0.04258406162261963,0.013777241110801697,1
1789134814845293,-0.04258406162261963,0.013777241110801697,1
1789134814845293,-0.04258406162261963,0.013777241110801697,1
1789134814845293,-0.04258406162261963,0.013777241110801697,1
1789134814845293,-0.04258406162261963,0.013777241110801697,1
1789134814893293,-0.0173494815826416,0.014384356327354908,1
1789134814905293,-0.019729018211364746,0.014440110884606838,1
1789134814905293,-0.019729018211364746,0.014440110884606838,1
1789134814905293,-0.019729018211364746,0.014440110884606838,1
1789134814929293,-0.010302901268005371,0.014537199400365353,1
1789134814929293,-0.010302901268005371,0.014537199400365353,1
1789134814953293,-7.152557373046875e-07,0.014529549516737461,1
1789134814965293,0.0016273260116577148,0.014521218836307526,1
1789134814965293,0.0016273260116577148,0.014521218836307526,1
1789134814965293,0.0016273260116577148,0.014521218836307526,1
1789134814965293,0.0016273260116577148,0.014521218836307526,1
1789134814965293,0.0016273260116577148,0.014521218836307526,1
1789134815013293,0.013587117195129395,0.014288892969489098,1
1789134815025293,0.03797042369842529,0.014156688936054707,1
1789134815025293,0.03797042369842529,0.014156688936054707,1
1789134815025293,0.03797042369842529,0.014156688936054707,1
1789134815025293,0.03797042369842529,0.014156688936054707,1
1789134815061293,0.019683241844177246,0.013782641850411892,1
1789134815073293,0.007108807563781738,0.013637722469866276,1
1789134815085293,0.02201378345489502,0.013569761998951435,1
1789134815085293,0.02201378345489502,0.013569761998951435,1
1789134815085293,0.02201378345489502,0.013569761998951435,1
1789134815085293,0.02201378345489502,0.013569761998951435,1
1789134815085293,0.02201378345489502,0.013569761998951435,1
1789134815133293,0.029670357704162598,0.0130154425278306,1
1789134815145293,0.01362466812133789,0.012866112403571606,1
1789134815145293,0.01362466812133789,0.012866112403571606,1
1789134815145293,0.01362466812133789,0.012866112403571606,1
1789134815145293,0.01362466812133789,0.012866112403571606,1
1789134815145293,0.01362466812133789,0.012866112403571606,1
1789134815193293,0.02883923053741455,0.012348901480436325,1
1789134815205293,-0.005047202110290527,0.012284818105399609,1
1789134815205293,-0.005047202110290527,0.012284818105399609,1
1789134815205293,-0.005047202110290527,0.012284818105399609,1
1789134815229293,0.008351802825927734,0.012114492245018482,1
1789134815229293,0.008351802825927734,0.012114492245018482,1
1789134815253293,0.020911812782287598,0.011881309561431408,1
1789134815265293,0.04702448844909668,0.011688841506838799,1
1789134815265293,0.04702448844909668,0.011688841506838799,1
1789134815265293,0.04702448844909668,0.011688841506838799,1
1789134815265293,0.04702448844909668,0.011688841506838799,1
1789134815265293,0.04702448844909668,0.011688841506838799,1
1789134815313454,0.015125274658203125,0.011024083010852337,1
1789134815325454,0.04208815097808838,0.01093967817723751,1
1789134815325454,0.04208815097808838,0.01093967817723751,1
1789134815325454,0.04208815097808838,0.01093967817723751,1
1789134815325454,0.04208815097808838,0.01093967817723751,1
1789134815361454,0.03239881992340088,0.01047499943524599,1
1789134815373454,0.028032898902893066,0.010393750853836536,1
1789134815385454,0.02161538600921631,0.010242285206913948,1
1789134815385454,0.02161538600921631,0.010242285206913948,1
1789134815385454,0.02161538600921631,0.010242285206913948,1
1789134815385454,0.02161538600921631,0.010242285206913948,1
1789134815385454,0.02161538600921631,0.010242285206913948,1
1789134815433454,0.03303992748260498,0.009799753315746784,1
1789134815445454,0.027646899223327637,0.009722310118377209,1
1789134815445454,0.027646899223327637,0.009722310118377209,1
1789134815457454,0.020748496055603027,0.00956408865749836,1
1789134815457454,0.020748496055603027,0.00956408865749836,1
1789134815457454,0.020748496055603027,0.00956408865749836,1
1789134815493454,0.03273427486419678,0.009325018152594566,1
1789134815505454,0.022452354431152344,0.009211025200784206,1
1789134815505454,0.022452354431152344,0.009211025200784206,1
1789134815505454,0.022452354431152344,0.009211025200784206,1
1789134815505454,0.022452354431152344,0.009211025200784206,1
1789134815505454,0.022452354431152344,0.009211025200784206,1
1789134815553454,0.02622401714324951,0.008765071630477905,1
1789134815565454,0.031174302101135254,0.008712788112461567,1
1789134815565454,0.031174302101135254,0.008712788112461567,1
1789134815565454,0.031174302101135254,0.008712788112461567,1
1789134815589454,0.03255462646484375,0.008527399972081184,1
1789134815589454,0.03255462646484375,0.008527399972081184,1
1789134815613454,-7.712841033935547e-05,0.008475324138998985,1
1789134815625454,-0.004671812057495117,0.008464807644486427,1
1789134815625454,-0.004671812057495117,0.008464807644486427,1
1789134815625454,-0.004671812057495117,0.008464807644486427,1
1789134815625454,-0.004671812057495117,0.008464807644486427,1
1789134815625454,-0.004671812057495117,0.008464807644486427,1
1789134815673454,-0.02000105381011963,0.008424054831266403,1
1789134815685454,-0.0068666934967041016,0.008445161394774914,1
1789134815685454,-0.0068666934967041016,0.008445161394774914,1
1789134815685454,-0.0068666934967041016,0.008445161394774914,1
1789134815685454,-0.0068666934967041016,0.008445161394774914,1
1789134815721454,0.023205995559692383,0.008551591075956821,1
1789134815733454,-0.0021702051162719727,0.008542421273887157,1
1789134815745454,-0.007185220718383789,0.008584141731262207,1
1789134815745454,-0.007185220718383789,0.008584141731262207,1
1789134815745454,-0.007185220718383789,0.008584141731262207,1
1789134815745454,-0.007185220718383789,0.008584141731262207,1
1789134815745454,-0.007185220718383789,0.008584141731262207,1
1789134815793454,0.0014684200286865234,0.008641351014375687,1
1789134815805454,0.010335922241210938,0.008631700649857521,1
1789134815805454,0.010335922241210938,0.008631700649857521,1
1789134815805454,0.010335922241210938,0.008631700649857521,1
1789134815805454,0.010335922241210938,0.008631700649857521,1
1789134815805454,0.010335922241210938,0.008631700649857521,1
1789134815853454,-0.004146456718444824,0.008729547262191772,1
1789134815865454,-0.006647825241088867,0.008761212229728699,1
1789134815865454,-0.006647825241088867,0.008761212229728699,1
1789134815865454,-0.006647825241088867,0.008761212229728699,1
1789134815889454,0.003863096237182617,0.00874053779989481,1
1789134815889454,0.003863096237182617,0.00874053779989481,1
1789134815913454,-0.0019338130950927734,0.008724674582481384,1
1789134815925454,0.00035750865936279297,0.008716229349374771,1
1789134815925454,0.00035750865936279297,0.008716229349374771,1
1789134815925454,0.00035750865936279297,0.008716229349374771,1
1789134815925454,0.00035750865936279297,0.008716229349374771,1
1789134815925454,0.00035750865936279297,0.008716229349374771,1
1789134815973454,-0.01002657413482666,0.008698699064552784,1
1789134815985454,2.5153160095214844e-05,0.008691293187439442,1
1789134815985454,2.5153160095214844e-05,0.008691293187439442,1
1789134815985454,2.5153160095214844e-05,0.008691293187439442,1
1789134815985454,2.5153160095214844e-05,0.008691293187439442,1
1789134816021454,0.0013153553009033203,0.008636227808892727,1
1789134816033454,-0.015070557594299316,0.008617003448307514,1
1789134816045454,-0.0004928112030029297,0.008612179197371006,1
1789134816045454,-0.0004928112030029297,0.008612179197371006,1
1789134816045454,-0.0004928112030029297,0.008612179197371006,1
1789134816045454,-0.0004928112030029297,0.008612179197371006,1
1789134816045454,-0.0004928112030029297,0.008612179197371006,1
1789134816093454,-0.02240157127380371,0.00850947480648756,1
1789134816105454,-0.010096549987792969,0.00851078238338232,1
1789134816105454,-0.010096549987792969,0.00851078238338232,1
1789134816117454,-0.018330812454223633,0.008515547029674053,1
1789134816117454,-0.018330812454223633,0.008515547029674053,1
1789134816117454,-0.018330812454223633,0.008515547029674053,1
1789134816153454,0.0033453702926635742,0.008433329872786999,1
1789134816165454,0.030263423919677734,0.008378713391721249,1
1789134816165454,0.030263423919677734,0.008378713391721249,1
1789134816165454,0.030263423919677734,0.008378713391721249,1
1789134816165454,0.030263423919677734,0.008378713391721249,1
1789134816165454,0.030263423919677734,0.008378713391721249,1
1789134816213454,0.004372358322143555,0.00807485543191433,1
1789134816225454,0.015795350074768066,0.00797763466835022,1
1789134816225454,0.015795350074768066,0.00797763466835022,1
1789134816225454,0.015795350074768066,0.00797763466835022,1
1789134816249454,0.006873726844787598,0.007780905347317457,1
1789134816249454,0.006873726844787598,0.007780905347317457,1
1789134816273454,0.008888721466064453,0.00768858240917325,1
1789134816285454,0.026177048683166504,0.007637739647179842,1
1789134816285454,0.026177048683166504,0.007637739647179842,1
1789134816285454,0.026177048683166504,0.007637739647179842,1
1789134816285454,0.026177048683166504,0.007637739647179842,1
1789134816285616,0.026177048683166504,0.007637739647179842,1
1789134816333616,-0.047266483306884766,0.007612432818859816,1
1789134816345616,-0.045725107192993164,0.007729463279247284,1
1789134816345616,-0.045725107192993164,0.007729463279247284,1
1789134816345616,-0.045725107192993164,0.007729463279247284,1
1789134816345616,-0.045725107192993164,0.007729463279247284,1
1789134816381616,-0.03696870803833008,0.00795010756701231,1
1789134816393616,-0.034192562103271484,0.00808244664222002,1
1789134816405616,-0.03493905067443848,0.008136099204421043,1
1789134816405616,-0.03493905067443848,0.008136099204421043,1
1789134816405616,-0.03493905067443848,0.008136099204421043,1
1789134816405616,-0.03493905067443848,0.008136099204421043,1
1789134816405616,-0.03493905067443848,0.008136099204421043,1
1789134816453616,-0.046373605728149414,0.008559790439903736,1
1789134816465616,-0.042366623878479004,0.008691848255693913,1
1789134816465616,-0.042366623878479004,0.008691848255693913,1
1789134816465616,-0.042366623878479004,0.008691848255693913,1
1789134816465616,-0.042366623878479004,0.008691848255693913,1
1789134816465616,-0.042366623878479004,0.008691848255693913,1
1789134816513616,-0.01043236255645752,0.00889334175735712,1
1789134816525616,-0.01836085319519043,0.008891379460692406,1
1789134816525616,-0.01836085319519043,0.008891379460692406,1
1789134816525616,-0.01836085319519043,0.008891379460692406,1
1789134816549616,-0.03321480751037598,0.008984602987766266,1
1789134816549616,-0.03321480751037598,0.008984602987766266,1
1789134816573616,-0.003401517868041992,0.008983447216451168,1
1789134816585616,-0.004878997802734375,0.008965651504695415,1
1789134816585616,-0.004878997802734375,0.008965651504695415,1
1789134816585616,-0.004878997802734375,0.008965651504695415,1
1789134816585616,-0.004878997802734375,0.008965651504695415,1
1789134816585616,-0.004878997802734375,0.008965651504695415,1
1789134816633616,-0.06117570400238037,0.009006254374980927,1
1789134816645616,-0.08274805545806885,0.009066903963685036,1
1789134816645616,-0.08274805545806885,0.009066903963685036,1
1789134816645616,-0.08274805545806885,0.009066903963685036,1
1789134816645616,-0.08274805545806885,0.009066903963685036,1
1789134816681616,-0.023171067237854004,0.009069306775927544,1
1789134816693616,-0.021912217140197754,0.009025483392179012,1
1789134816705616,-0.017237424850463867,0.008947690017521381,1
1789134816705616,-0.017237424850463867,0.008947690017521381,1
1789134816705616,-0.017237424850463867,0.008947690017521381,1
1789134816705616,-0.017237424850463867,0.008947690017521381,1
1789134816705616,-0.017237424850463867,0.008947690017521381,1
1789134816753616,-0.01336216926574707,0.00858552660793066,1
1789134816765616,-0.011922597885131836,0.008509051986038685,1
1789134816765616,-0.011922597885131836,0.008509051986038685,1
1789134816765616,-0.011922597885131836,0.008509051986038685,1
1789134816765616,-0.011922597885131836,0.008509051986038685,1
1789134816765616,-0.011922597885131836,0.008509051986038685,1
1789134816813616,-0.014135360717773438,0.008068582974374294,1
1789134816825616,0.0057631731033325195,0.007863573729991913,1
1789134816825616,0.0057631731033325195,0.007863573729991913,1
1789134816825616,0.0057631731033325195,0.007863573729991913,1
1789134816849616,-0.00517880916595459,0.007507480215281248,1
1789134816849616,-0.00517880916595459,0.007507480215281248,1
1789134816873616,-0.001992940902709961,0.00716361915692687,1
1789134816885616,0.007793784141540527,0.007031640503555536,1
1789134816885616,0.007793784141540527,0.007031640503555536,1
1789134816885616,0.007793784141540527,0.007031640503555536,1
1789134816909616,0.0038291215896606445,0.006673676427453756,1
1789134816909616,0.0038291215896606445,0.006673676427453756,1
1789134816933616,-0.02633821964263916,0.00634574331343174,1
1789134816945616,-0.008770585060119629,0.006147229112684727,1
1789134816945616,-0.008770585060119629,0.006147229112684727,1
1789134816945616,-0.008770585060119629,0.006147229112684727,1
1789134816945616,-0.008770585060119629,0.006147229112684727,1
1789134816945616,-0.008770585060119629,0.006147229112684727,1
1789134816993616,-0.021579980850219727,0.0054432000033557415,1
1789134817005616,-0.018271923065185547,0.005345761775970459,1
1789134817005616,-0.018271923065185547,0.005345761775970459,1
1789134817005616,-0.018271923065185547,0.005345761775970459,1
1789134817005616,-0.018271923065185547,0.005345761775970459,1
1789134817041616,-0.009092926979064941,0.004745790269225836,1
1789134817053616,-0.007592201232910156,0.004609156399965286,1
1789134817065616,0.002407670021057129,0.004336202051490545,1
1789134817065616,0.002407670021057129,0.004336202051490545,1
1789134817065616,0.002407670021057129,0.004336202051490545,1
1789134817065616,0.002407670021057129,0.004336202051490545,1
1789134817065616,0.002407670021057129,0.004336202051490545,1
1789134817113616,0.07643425464630127,0.0028836503624916077,1
1789134817125616,0.07083690166473389,0.0026171475183218718,1
1789134817125616,0.07083690166473389,0.0026171475183218718,1
1789134817125616,0.07083690166473389,0.0026171475183218718,1
1789134817125616,0.07083690166473389,0.0026171475183218718,1
1789134817125616,0.07083690166473389,0.0026171475183218718,1
1789134817173616,0.0639503002166748,0.0011404993711039424,1
1789134817185616,0.04419434070587158,0.0006828471086919308,1
1789134817185616,0.04419434070587158,0.0006828471086919308,1
1789134817185616,0.04419434070587158,0.0006828471086919308,1
1789134817209616,0.044487833976745605,-6.01751798967598e-06,1
1789134817209616,0.044487833976745605,-6.01751798967598e-06,1
1789134817233616,0.033814191818237305,-0.0006247148266993463,1
1789134817245616,0.03879094123840332,-0.0008354076999239624,1
1789134817245616,0.03879094123840332,-0.0008354076999239624,1
1789134817245616,0.03879094123840332,-0.0008354076999239624,1
1789134817245616,0.03879094123840332,-0.0008354076999239624,1
1789134817245616,0.03879094123840332,-0.0008354076999239624,1
1789134817293616,0.043846845626831055,-0.0021480307914316654,1
1789134817305616,0.03755533695220947,-0.0025387960486114025,1
1789134817305616,0.03755533695220947,-0.0025387960486114025,1
1789134817305777,0.03755533695220947,-0.0025387960486114025,1
1789134817305777,0.03755533695220947,-0.0025387960486114025,1
1789134817341777,0.06610918045043945,-0.003366254037246108,1
1789134817353777,0.009327054023742676,-0.003707262920215726,1
1789134817365777,-0.0040122270584106445,-0.0038030894938856363,1
1789134817365777,-0.0040122270584106445,-0.0038030894938856363,1
1789134817365777,-0.0040122270584106445,-0.0038030894938856363,1
1789134817365777,-0.0040122270584106445,-0.0038030894938856363,1
1789134817365777,-0.0040122270584106445,-0.0038030894938856363,1
1789134817413777,0.06382584571838379,-0.004828085191547871,1
1789134817425777,0.05273163318634033,-0.005158465821295977,1
1789134817425777,0.05273163318634033,-0.005158465821295977,1
1789134817437777,0.03961789608001709,-0.005314658395946026,1
1789134817437777,0.03961789608001709,-0.005314658395946026,1
1789134817437777,0.03961789608001709,-0.005314658395946026,1
1789134817473777,0.025889873504638672,-0.005850250832736492,1
1789134817485777,0.002610921859741211,-0.0059301527217030525,1
1789134817485777,0.002610921859741211,-0.0059301527217030525,1
1789134817485777,0.002610921859741211,-0.0059301527217030525,1
1789134817485777,0.002610921859741211,-0.0059301527217030525,1
1789134817485777,0.002610921859741211,-0.0059301527217030525,1
1789134817533777,0.018857359886169434,-0.006416280288249254,1
1789134817545777,0.011381387710571289,-0.006562425754964352,1
1789134817545777,0.011381387710571289,-0.006562425754964352,1
1789134817545777,0.011381387710571289,-0.006562425754964352,1
1789134817569777,0.04453623294830322,-0.006845403462648392,1
1789134817569777,0.04453623294830322,-0.006845403462648392,1
1789134817593777,0.005865335464477539,-0.0071060243062675,1
1789134817605777,0.021393418312072754,-0.007171787321567535,1
1789134817605777,0.021393418312072754,-0.007171787321567535,1
1789134817605777,0.021393418312072754,-0.007171787321567535,1
1789134817605777,0.021393418312072754,-0.007171787321567535,1
1789134817605777,0.021393418312072754,-0.007171787321567535,1
1789134817653777,0.03743302822113037,-0.007590806111693382,1
1789134817665777,0.035585880279541016,-0.007824101485311985,1
1789134817665777,0.035585880279541016,-0.007824101485311985,1
1789134817665777,0.035585880279541016,-0.007824101485311985,1
1789134817665777,0.035585880279541016,-0.007824101485311985,1
1789134817701777,0.040186524391174316,-0.008167150430381298,1
1789134817713777,0.024783849716186523,-0.008330273441970348,1
1789134817725777,0.017723917961120605,-0.008370153605937958,1
1789134817725777,0.017723917961120605,-0.008370153605937958,1
1789134817725777,0.017723917961120605,-0.008370153605937958,1
1789134817725777,0.017723917961120605,-0.008370153605937958,1
1789134817725777,0.017723917961120605,-0.008370153605937958,1
1789134817773777,0.06445181369781494,-0.008803509175777435,1
1789134817785777,0.0689091682434082,-0.009019101969897747,1
1789134817785777,0.0689091682434082,-0.009019101969897747,1
1789134817785777,0.0689091682434082,-0.009019101969897747,1
1789134817785777,0.0689091682434082,-0.009019101969897747,1
1789134817785777,0.0689091682434082,-0.009019101969897747,1
1789134817833777,0.0460667610168457,-0.009536121971905231,1
1789134817845777,0.03928184509277344,-0.009580271318554878,1
1789134817845777,0.03928184509277344,-0.009580271318554878,1
1789134817845777,0.03928184509277344,-0.009580271318554878,1
1789134817869777,0.05856740474700928,-0.009763247333467007,1
1789134817869777,0.05856740474700928,-0.009763247333467007,1
1789134817893777,0.023358702659606934,-0.009919458068907261,1
1789134817905777,0.012568950653076172,-0.009938882663846016,1
1789134817905777,0.012568950653076172,-0.009938882663846016,1
1789134817905777,0.012568950653076172,-0.009938882663846016,1
1789134817905777,0.012568950653076172,-0.009938882663846016,1
1789134817905777,0.012568950653076172,-0.009938882663846016,1
1789134817953777,0.08139503002166748,-0.010326292365789413,1
1789134817965777,0.1063680648803711,-0.010417127050459385,1
1789134817965777,0.1063680648803711,-0.010417127050459385,1
1789134817965777,0.1063680648803711,-0.010417127050459385,1
1789134817965777,0.1063680648803711,-0.010417127050459385,1
1789134818001777,0.054993391036987305,-0.01062578335404396,1
1789134818013777,0.049136996269226074,-0.010630203410983086,1
1789134818025777,0.03206360340118408,-0.010620416142046452,1
1789134818025777,0.03206360340118408,-0.010620416142046452,1
1789134818025777,0.03206360340118408,-0.010620416142046452,1
1789134818025777,0.03206360340118408,-0.010620416142046452,1
1789134818025777,0.03206360340118408,-0.010620416142046452,1
1789134818073777,-0.003022313117980957,-0.010156827978789806,1
1789134818085777,-5.8770179748535156e-05,-0.010069994255900383,1
1789134818085777,-5.8770179748535156e-05,-0.010069994255900383,1
1789134818097777,0.0371168851852417,-0.009923413395881653,1
1789134818097777,0.0371168851852417,-0.009923413395881653,1
1789134818097777,0.0371168851852417,-0.009923413395881653,1
1789134818133777,-0.0029925107955932617,-0.009598380886018276,1
1789134818145777,-0.009230971336364746,-0.009363112039864063,1
1789134818145777,-0.009230971336364746,-0.009363112039864063,1
1789134818145777,-0.009230971336364746,-0.009363112039864063,1
1789134818145777,-0.009230971336364746,-0.009363112039864063,1
1789134818145777,-0.009230971336364746,-0.009363112039864063,1
1789134818193777,0.012747526168823242,-0.008722016587853432,1
1789134818205777,0.023759841918945312,-0.008645585738122463,1
1789134818205777,0.023759841918945312,-0.008645585738122463,1
1789134818205777,0.023759841918945312,-0.008645585738122463,1
1789134818229777,-0.007506251335144043,-0.008358449675142765,1
1789134818229777,-0.007506251335144043,-0.008358449675142765,1
1789134818253777,-0.004526853561401367,-0.008012773469090462,1
1789134818265777,-0.028128981590270996,-0.007755299098789692,1
1789134818265777,-0.028128981590270996,-0.007755299098789692,1
1789134818265777,-0.028128981590270996,-0.007755299098789692,1
1789134818265777,-0.028128981590270996,-0.007755299098789692,1
1789134818265777,-0.028128981590270996,-0.007755299098789692,1
1789134818313777,-0.019900202751159668,-0.00694365194067359,1
1789134818325777,-0.02638840675354004,-0.006812724284827709,1
1789134818325940,-0.02638840675354004,-0.006812724284827709,1
1789134818325940,-0.02638840675354004,-0.006812724284827709,1
1789134818325940,-0.02638840675354004,-0.006812724284827709,1
1789134818361940,-0.01504981517791748,-0.006222946103662252,1
1789134818373940,-0.016020536422729492,-0.006106651853770018,1
1789134818385940,-0.001150369644165039,-0.005919087212532759,1
1789134818385940,-0.001150369644165039,-0.005919087212532759,1
1789134818385940,-0.001150369644165039,-0.005919087212532759,1
1789134818385940,-0.001150369644165039,-0.005919087212532759,1
1789134818385940,-0.001150369644165039,-0.005919087212532759,1
1789134818433940,-0.02637171745300293,-0.005363695323467255,1
1789134818445940,-0.007105112075805664,-0.005263394210487604,1
1789134818445940,-0.007105112075805664,-0.005263394210487604,1
1789134818445940,-0.007105112075805664,-0.005263394210487604,1
1789134818445940,-0.007105112075805664,-0.005263394210487604,1
1789134818445940,-0.007105112075805664,-0.005263394210487604,1
1789134818493940,-0.03891336917877197,-0.004643674939870834,1
1789134818505940,-0.042145609855651855,-0.004374683368951082,1
1789134818505940,-0.042145609855651855,-0.004374683368951082,1
1789134818505940,-0.042145609855651855,-0.004374683368951082,1
1789134818505940,-0.042145609855651855,-0.004374683368951082,1
1789134818505940,-0.042145609855651855,-0.004374683368951082,1
1789134818553940,-0.009201645851135254,-0.0037514781579375267,1
1789134818565940,-0.019818425178527832,-0.003655462758615613,1
1789134818565940,-0.019818425178527832,-0.003655462758615613,1
1789134818565940,-0.019818425178527832,-0.003655462758615613,1
1789134818565940,-0.019818425178527832,-0.003655462758615613,1
1789134818565940,-0.019818425178527832,-0.003655462758615613,1
1789134818613940,-0.05723369121551514,-0.0028856468852609396,1
1789134818625940,-0.05672895908355713,-0.002588026225566864,1
1789134818625940,-0.05672895908355713,-0.002588026225566864,1
1789134818625940,-0.05672895908355713,-0.002588026225566864,1
1789134818625940,-0.05672895908355713,-0.002588026225566864,1
1789134818661940,-0.0346832275390625,-0.0021575484424829483,1
1789134818673940,-0.026824593544006348,-0.00191199139226228,1
1789134818685940,-0.029546260833740234,-0.0018092308891937137,1
1789134818685940,-0.029546260833740234,-0.0018092308891937137,1
1789134818685940,-0.029546260833740234,-0.0018092308891937137,1
1789134818685940,-0.029546260833740234,-0.0018092308891937137,1
1789134818685940,-0.029546260833740234,-0.0018092308891937137,1
1789134818733940,-0.043158531188964844,-0.0010556550696492195,1
1789134818745940,-0.022136807441711426,-0.0008226392674259841,1
1789134818745940,-0.022136807441711426,-0.0008226392674259841,1
1789134818757940,-0.023627281188964844,-0.0007347092614509165,1
1789134818757940,-0.023627281188964844,-0.0007347092614509165,1
1789134818757940,-0.023627281188964844,-0.0007347092614509165,1
1789134818793940,-0.05254673957824707,-0.00024157945881597698,1
1789134818805940,-0.06242966651916504,-0.00012315504136495292,1
1789134818805940,-0.06242966651916504,-0.00012315504136495292,1
1789134818805940,-0.06242966651916504,-0.00012315504136495292,1
1789134818805940,-0.06242966651916504,-0.00012315504136495292,1
1789134818805940,-0.06242966651916504,-0.00012315504136495292,1
1789134818853940,-0.052085041999816895,0.0004823766357731074,1
1789134818865940,-0.03772783279418945,0.0006869339849799871,1
1789134818865940,-0.03772783279418945,0.0006869339849799871,1
1789134818865940,-0.03772783279418945,0.0006869339849799871,1
1789134818889940,-0.057311177253723145,0.0009370446787215769,1
1789134818889940,-0.057311177253723145,0.0009370446787215769,1
1789134818913940,-0.027736783027648926,0.0011551666539162397,1
1789134818925940,-0.05882608890533447,0.0012309543089941144,1
1789134818925940,-0.05882608890533447,0.0012309543089941144,1
1789134818925940,-0.05882608890533447,0.0012309543089941144,1
1789134818925940,-0.05882608890533447,0.0012309543089941144,1
1789134818925940,-0.05882608890533447,0.0012309543089941144,1
1789134818973940,-0.04891383647918701,0.001751381321810186,1
1789134818985940,-0.04451799392700195,0.001883031101897359,1
1789134818985940,-0.04451799392700195,0.001883031101897359,1
1789134818985940,-0.04451799392700195,0.001883031101897359,1
1789134818985940,-0.04451799392700195,0.001883031101897359,1
1789134819021940,-0.047849297523498535,0.0021346311550587416,1
1789134819033940,-0.03926348686218262,0.0022441090550273657,1
1789134819045940,-0.026844024658203125,0.0022603156976401806,1
1789134819045940,-0.026844024658203125,0.0022603156976401806,1
1789134819045940,-0.026844024658203125,0.0022603156976401806,1
1789134819045940,-0.026844024658203125,0.0022603156976401806,1
1789134819045940,-0.026844024658203125,0.0022603156976401806,1
1789134819093940,-0.03892481327056885,0.002407982712611556,1
1789134819105940,-0.025623559951782227,0.0024167166557163,1
1789134819105940,-0.025623559951782227,0.0024167166557163,1
1789134819105940,-0.025623559951782227,0.0024167166557163,1
1789134819105940,-0.025623559951782227,0.0024167166557163,1
1789134819105940,-0.025623559951782227,0.0024167166557163,1
1789134819153940,-0.0077550411224365234,0.0022980868816375732,1
1789134819165940,-0.019774556159973145,0.002256812062114477,1
1789134819165940,-0.019774556159973145,0.002256812062114477,1
1789134819165940,-0.019774556159973145,0.002256812062114477,1
1789134819189940,-0.015861988067626953,0.002154315821826458,1
1789134819189940,-0.015861988067626953,0.002154315821826458,1
1789134819213940,0.0021172761917114258,0.0019459361210465431,1
1789134819225940,-0.011218786239624023,0.0018023139564320445,1
1789134819225940,-0.011218786239624023,0.0018023139564320445,1
1789134819225940,-0.011218786239624023,0.0018023139564320445,1
1789134819225940,-0.011218786239624023,0.0018023139564320445,1
1789134819225940,-0.011218786239624023,0.0018023139564320445,1
1789134819273940,0.019125819206237793,0.0011795262107625604,1
1789134819285940,0.009859085083007812,0.001071371603757143,1
1789134819285940,0.009859085083007812,0.001071371603757143,1
1789134819285940,0.009859085083007812,0.001071371603757143,1
1789134819285940,0.009859085083007812,0.001071371603757143,1
1789134819321940,-0.01807868480682373,0.0005576499388553202,1
1789134819334101,0.01098942756652832,0.00045647213119082153,1
1789134819346101,-0.004112124443054199,0.0002430056920275092,1
1789134819346101,-0.004112124443054199,0.0002430056920275092,1
1789134819346101,-0.004112124443054199,0.0002430056920275092,1
1789134819346101,-0.004112124443054199,0.0002430056920275092,1
1789134819346101,-0.004112124443054199,0.0002430056920275092,1
1789134819394101,0.0197829008102417,-0.0003587381506804377,1
1789134819406101,0.014151334762573242,-0.0004858977335970849,1
1789134819406101,0.014151334762573242,-0.0004858977335970849,1
1789134819418101,-0.011368989944458008,-0.0007410304388031363,1
1789134819418101,-0.011368989944458008,-0.0007410304388031363,1
1789134819418101,-0.011368989944458008,-0.0007410304388031363,1
1789134819454101,0.015819191932678223,-0.001232650363817811,1
1789134819466101,0.011165142059326172,-0.0014871685998514295,1
1789134819466101,0.011165142059326172,-0.0014871685998514295,1
1789134819466101,0.011165142059326172,-0.0014871685998514295,1
1789134819466101,0.011165142059326172,-0.0014871685998514295,1
1789134819466101,0.011165142059326172,-0.0014871685998514295,1
1789134819514101,0.02175724506378174,-0.0021467884071171284,1
1789134819526101,0.00018525123596191406,-0.0022775460965931416,1
1789134819526101,0.00018525123596191406,-0.0022775460965931416,1
1789134819526101,0.00018525123596191406,-0.0022775460965931416,1
1789134819550101,-0.010186553001403809,-0.0026497063226997852,1
1789134819550101,-0.010186553001403809,-0.0026497063226997852,1
1789134819574101,-0.011065840721130371,-0.002919921185821295,1
1789134819586101,-0.012287378311157227,-0.0030721062794327736,1
1789134819586101,-0.012287378311157227,-0.0030721062794327736,1
1789134819586101,-0.012287378311157227,-0.0030721062794327736,1
1789134819586101,-0.012287378311157227,-0.0030721062794327736,1
1789134819586101,-0.012287378311157227,-0.0030721062794327736,1
1789134819634101,-0.0069953203201293945,-0.00357609149068594,1
1789134819646101,-0.027607202529907227,-0.003647898556664586,1
1789134819646101,-0.027607202529907227,-0.003647898556664586,1
1789134819646101,-0.027607202529907227,-0.003647898556664586,1
1789134819646101,-0.027607202529907227,-0.003647898556664586,1
1789134819682101,-0.0799870491027832,-0.0039059757255017757,1
1789134819694101,-0.06628799438476562,-0.0038692806847393513,1
1789134819706101,-0.06231057643890381,-0.00383213022723794,1
1789134819706101,-0.06231057643890381,-0.00383213022723794,1
1789134819706101,-0.06231057643890381,-0.00383213022723794,1
1789134819706101,-0.06231057643890381,-0.00383213022723794,1
1789134819706101,-0.06231057643890381,-0.00383213022723794,1
1789134819754101,-0.018776893615722656,-0.004075988661497831,1
1789134819766101,-0.00045752525329589844,-0.004167888779193163,1
1789134819766101,-0.00045752525329589844,-0.004167888779193163,1
1789134819766101,-0.00045752525329589844,-0.004167888779193163,1
1789134819766101,-0.00045752525329589844,-0.004167888779193163,1
1789134819766101,-0.00045752525329589844,-0.004167888779193163,1
1789134819814101,-0.0003845691680908203,-0.00489917304366827,1
1789134819826101,-0.002902388572692871,-0.005112581420689821,1
1789134819826101,-0.002902388572692871,-0.005112581420689821,1
1789134819826101,-0.002902388572692871,-0.005112581420689821,1
1789134819850101,-0.023284196853637695,-0.00541601050645113,1
1789134819850101,-0.023284196853637695,-0.00541601050645113,1
1789134819874101,-0.012416481971740723,-0.005738259293138981,1
1789134819886101,-0.010297060012817383,-0.005848954897373915,1
1789134819886101,-0.010297060012817383,-0.005848954897373915,1
1789134819886101,-0.010297060012817383,-0.005848954897373915,1
1789134819886101,-0.010297060012817383,-0.005848954897373915,1
1789134819886101,-0.010297060012817383,-0.005848954897373915,1
1789134819934101,-0.01618480682373047,-0.006549154408276081,1
1789134819946101,-0.04655802249908447,-0.006733776070177555,1
1789134819946101,-0.04655802249908447,-0.006733776070177555,1
1789134819946101,-0.04655802249908447,-0.006733776070177555,1
1789134819946101,-0.04655802249908447,-0.006733776070177555,1
1789134819982101,-0.019851326942443848,-0.007143273018300533,1
1789134819994101,0.0028961896896362305,-0.007456760387867689,1
1789134820006101,0.00021445751190185547,-0.007595827337354422,1
1789134820006101,0.00021445751190185547,-0.007595827337354422,1
1789134820006101,0.00021445751190185547,-0.007595827337354422,1
1789134820006101,0.00021445751190185547,-0.007595827337354422,1
1789134820042101,-0.011670947074890137,-0.008426990360021591,1
1789134820054101,-0.00762486457824707,-0.008569377474486828,1
1789134820066101,-0.021064400672912598,-0.008804443292319775,1
1789134820066101,-0.021064400672912598,-0.008804443292319775,1
1789134820078101,-0.015219569206237793,-0.008928875438869,1
1789134820078101,-0.015219569206237793,-0.008928875438869,1
1789134820078101,-0.015219569206237793,-0.008928875438869,1
1789134820114101,-0.027040958404541016,-0.009491058997809887,1
1789134820126101,-0.049855589866638184,-0.009601418860256672,1
1789134820126101,-0.049855589866638184,-0.009601418860256672,1
1789134820126101,-0.049855589866638184,-0.009601418860256672,1
1789134820126101,-0.049855589866638184,-0.009601418860256672,1
1789134820126101,-0.049855589866638184,-0.009601418860256672,1
1789134820174101,-0.036229491233825684,-0.010152146220207214,1
1789134820186101,-0.05396723747253418,-0.010291112586855888,1
1789134820186101,-0.05396723747253418,-0.010291112586855888,1
1789134820186101,-0.05396723747253418,-0.010291112586855888,1
1789134820210101,-0.027600884437561035,-0.010500631295144558,1
1789134820210101,-0.027600884437561035,-0.010500631295144558,1
1789134820234101,-0.03687548637390137,-0.010785643942654133,1
1789134820246101,-0.05157887935638428,-0.01086781919002533,1
1789134820246101,-0.05157887935638428,-0.01086781919002533,1
1789134820246101,-0.05157887935638428,-0.01086781919002533,1
1789134820246101,-0.05157887935638428,-0.01086781919002533,1
1789134820246101,-0.05157887935638428,-0.01086781919002533,1
1789134820294101,-0.06075918674468994,-0.011332263238728046,1
1789134820306101,-0.05437135696411133,-0.011484641581773758,1
1789134820306101,-0.05437135696411133,-0.011484641581773758,1
1789134820306101,-0.05437135696411133,-0.011484641581773758,1
1789134820306261,-0.05437135696411133,-0.011484641581773758,1
1789134820342261,-0.03884398937225342,-0.011879732832312584,1
1789134820354261,-0.0705639123916626,-0.012072073295712471,1
1789134820366261,-0.08562242984771729,-0.012129589915275574,1
1789134820366261,-0.08562242984771729,-0.012129589915275574,1
1789134820366261,-0.08562242984771729,-0.012129589915275574,1
1789134820366261,-0.08562242984771729,-0.012129589915275574,1
1789134820366261,-0.08562242984771729,-0.012129589915275574,1
1789134820414261,-0.015367269515991211,-0.012815151363611221,1
1789134820426261,-0.004081249237060547,-0.013200840912759304,1
1789134820426261,-0.004081249237060547,-0.013200840912759304,1
1789134820426261,-0.004081249237060547,-0.013200840912759304,1
1789134820426261,-0.004081249237060547,-0.013200840912759304,1
1789134820426261,-0.004081249237060547,-0.013200840912759304,1
1789134820474261,-0.08176314830780029,-0.014050102792680264,1
1789134820486261,-0.10138952732086182,-0.014131213538348675,1
1789134820486261,-0.10138952732086182,-0.014131213538348675,1
1789134820486261,-0.10138952732086182,-0.014131213538348675,1
1789134820510261,-0.05416226387023926,-0.014490527100861073,1
1789134820510261,-0.05416226387023926,-0.014490527100861073,1
1789134820534261,-0.020575523376464844,-0.015043370425701141,1
1789134820546261,-0.010618805885314941,-0.015500159002840519,1
1789134820546261,-0.010618805885314941,-0.015500159002840519,1
1789134820546261,-0.010618805885314941,-0.015500159002840519,1
1789134820546261,-0.010618805885314941,-0.015500159002840519,1
1789134820546261,-0.010618805885314941,-0.015500159002840519,1
1789134820594261,-0.0598444938659668,-0.01660257577896118,1
1789134820606261,-0.08076918125152588,-0.016737818717956543,1
1789134820606261,-0.08076918125152588,-0.016737818717956543,1
1789134820606261,-0.08076918125152588,-0.016737818717956543,1
1789134820606261,-0.08076918125152588,-0.016737818717956543,1
1789134820642261,-0.03915083408355713,-0.017692698165774345,1
1789134820654261,0.003506183624267578,-0.0179571695625782,1
1789134820666261,-0.01774728298187256,-0.01849273219704628,1
1789134820666261,-0.01774728298187256,-0.01849273219704628,1
1789134820666261,-0.01774728298187256,-0.01849273219704628,1
1789134820666261,-0.01774728298187256,-0.01849273219704628,1
1789134820666261,-0.01774728298187256,-0.01849273219704628,1
1789134820714261,-0.0007150173187255859,-0.020059727132320404,1
1789134820726261,-0.01997518539428711,-0.020334528759121895,1
1789134820726261,-0.01997518539428711,-0.020334528759121895,1
1789134820738261,-0.02090597152709961,-0.020879331976175308,1
1789134820738261,-0.02090597152709961,-0.020879331976175308,1
1789134820738261,-0.02090597152709961,-0.020879331976175308,1
1789134820774261,-0.03262150287628174,-0.021910173818469048,1
1789134820786261,-0.0279386043548584,-0.022451918572187424,1
1789134820786261,-0.0279386043548584,-0.022451918572187424,1
1789134820786261,-0.0279386043548584,-0.022451918572187424,1
1789134820786261,-0.0279386043548584,-0.022451918572187424,1
1789134820786261,-0.0279386043548584,-0.022451918572187424,1
1789134820834261,-0.023383617401123047,-0.024130929261446,1
1789134820846261,-0.016002893447875977,-0.02440478466451168,1
1789134820846261,-0.016002893447875977,-0.02440478466451168,1
1789134820846261,-0.016002893447875977,-0.02440478466451168,1
1789134820870261,-0.03114926815032959,-0.025211522355675697,1
1789134820870261,-0.03114926815032959,-0.025211522355675697,1
1789134820894261,-0.021399259567260742,-0.026041889563202858,1
1789134820906261,-0.009287714958190918,-0.02658131718635559,1
1789134820906261,-0.009287714958190918,-0.02658131718635559,1
1789134820906261,-0.009287714958190918,-0.02658131718635559,1
1789134820906261,-0.009287714958190918,-0.02658131718635559,1
1789134820906261,-0.009287714958190918,-0.02658131718635559,1
1789134820954261,-0.026297330856323242,-0.028129540383815765,1
1789134820966261,0.003033876419067383,-0.028416423127055168,1
1789134820966261,0.003033876419067383,-0.028416423127055168,1
1789134820966261,0.003033876419067383,-0.028416423127055168,1
1789134820966261,0.003033876419067383,-0.028416423127055168,1
1789134821002261,0.05602693557739258,-0.029978172853589058,1
1789134821014261,0.04228508472442627,-0.030378619208931923,1
1789134821026261,0.050092339515686035,-0.031151143833994865,1
1789134821026261,0.050092339515686035,-0.031151143833994865,1
1789134821026261,0.050092339515686035,-0.031151143833994865,1
1789134821026261,0.050092339515686035,-0.031151143833994865,1
1789134821026261,0.050092339515686035,-0.031151143833994865,1
1789134821074261,0.08399152755737305,-0.03338843956589699,1
1789134821086261,0.09235894680023193,-0.03384218364953995,1
1789134821086261,0.09235894680023193,-0.03384218364953995,1
1789134821086261,0.09235894680023193,-0.03384218364953995,1
1789134821086261,0.09235894680023193,-0.03384218364953995,1
1789134821086261,0.09235894680023193,-0.03384218364953995,1
1789134821134261,0.06483566761016846,-0.03621414676308632,1
1789134821146261,0.048966169357299805,-0.03693467006087303,1
1789134821146261,0.048966169357299805,-0.03693467006087303,1
1789134821146261,0.048966169357299805,-0.03693467006087303,1
1789134821170261,0.0507732629776001,-0.03798926621675491,1
1789134821170261,0.0507732629776001,-0.03798926621675491,1
1789134821194261,0.06634604930877686,-0.03898439183831215,1
1789134821206261,0.06993722915649414,-0.03934882953763008,1
1789134821206261,0.06993722915649414,-0.03934882953763008,1
1789134821206261,0.06993722915649414,-0.03934882953763008,1
1789134821206261,0.06993722915649414,-0.03934882953763008,1
1789134821206261,0.06993722915649414,-0.03934882953763008,1
1789134821254261,0.06102919578552246,-0.04129626601934433,1
1789134821266261,0.04422760009765625,-0.04189465194940567,1
1789134821266261,0.04422760009765625,-0.04189465194940567,1
1789134821266261,0.04422760009765625,-0.04189465194940567,1
1789134821266261,0.04422760009765625,-0.04189465194940567,1
1789134821302261,0.06906282901763916,-0.04302987828850746,1
1789134821314261,0.049187302589416504,-0.04355056211352348,1
1789134821326261,0.04884457588195801,-0.04379652068018913,1
1789134821326424,0.04884457588195801,-0.04379652068018913,1
1789134821326424,0.04884457588195801,-0.04379652068018913,1
1789134821326424,0.04884457588195801,-0.04379652068018913,1
1789134821326424,0.04884457588195801,-0.04379652068018913,1
1789134821374424,0.03751933574676514,-0.04509503021836281,1
1789134821386424,0.024892210960388184,-0.04547828063368797,1
1789134821386424,0.024892210960388184,-0.04547828063368797,1
1789134821398424,0.02630627155303955,-0.04565824940800667,1
1789134821398424,0.02630627155303955,-0.04565824940800667,1
1789134821398424,0.02630627155303955,-0.04565824940800667,1
1789134821434424,0.06113231182098389,-0.04654876887798309,1
1789134821446424,0.016422390937805176,-0.04671385511755943,1
1789134821446424,0.016422390937805176,-0.04671385511755943,1
1789134821446424,0.016422390937805176,-0.04671385511755943,1
1789134821446424,0.016422390937805176,-0.04671385511755943,1
1789134821446424,0.016422390937805176,-0.04671385511755943,1
1789134821494424,0.09595441818237305,-0.047881077975034714,1
1789134821506424,0.05743002891540527,-0.048286207020282745,1
1789134821506424,0.05743002891540527,-0.048286207020282745,1
1789134821506424,0.05743002891540527,-0.048286207020282745,1
1789134821530424,0.035160064697265625,-0.04872777685523033,1
1789134821530424,0.035160064697265625,-0.04872777685523033,1
1789134821554424,0.040517210960388184,-0.04906271770596504,1
1789134821566424,0.03965902328491211,-0.04918040335178375,1
1789134821566424,0.03965902328491211,-0.04918040335178375,1
1789134821566424,0.03965902328491211,-0.04918040335178375,1
1789134821566424,0.03965902328491211,-0.04918040335178375,1
1789134821566424,0.03965902328491211,-0.04918040335178375,1
1789134821614424,0.038790106773376465,-0.049875810742378235,1
1789134821626424,0.017734289169311523,-0.05003458261489868,1
1789134821626424,0.017734289169311523,-0.05003458261489868,1
1789134821626424,0.017734289169311523,-0.05003458261489868,1
1789134821626424,0.017734289169311523,-0.05003458261489868,1
1789134821662424,0.02523338794708252,-0.05025976523756981,1
1789134821674424,0.029686927795410156,-0.05037881061434746,1
1789134821686424,0.017597079277038574,-0.05040811002254486,1
1789134821686424,0.017597079277038574,-0.05040811002254486,1
1789134821686424,0.017597079277038574,-0.05040811002254486,1
1789134821686424,0.017597079277038574,-0.05040811002254486,1
1789134821686424,0.017597079277038574,-0.05040811002254486,1
1789134821734424,0.05103027820587158,-0.05077101290225983,1
1789134821746424,0.03916347026824951,-0.05085201933979988,1
1789134821746424,0.03916347026824951,-0.05085201933979988,1
1789134821746424,0.03916347026824951,-0.05085201933979988,1
1789134821746424,0.03916347026824951,-0.05085201933979988,1
1789134821746424,0.03916347026824951,-0.05085201933979988,1
1789134821794424,-0.05952024459838867,-0.050390612334012985,1
1789134821806424,-0.06019604206085205,-0.05024665221571922,1
1789134821806424,-0.06019604206085205,-0.05024665221571922,1
1789134821806424,-0.06019604206085205,-0.05024665221571922,1
1789134821830424,-0.007893919944763184,-0.049934349954128265,1
1789134821830424,-0.007893919944763184,-0.049934349954128265,1
1789134821854424,-0.013864994049072266,-0.04975305125117302,1
1789134821866424,-0.012246847152709961,-0.049604251980781555,1
1789134821866424,-0.012246847152709961,-0.049604251980781555,1
1789134821866424,-0.012246847152709961,-0.049604251980781555,1
1789134821866424,-0.012246847152709961,-0.049604251980781555,1
1789134821866424,-0.012246847152709961,-0.049604251980781555,1
1789134821914424,0.0033167600631713867,-0.049063924700021744,1
1789134821926424,-0.005843639373779297,-0.048987749963998795,1
1789134821926424,-0.005843639373779297,-0.048987749963998795,1
1789134821926424,-0.005843639373779297,-0.048987749963998795,1
1789134821926424,-0.005843639373779297,-0.048987749963998795,1
1789134821962424,-0.013776898384094238,-0.04840830713510513,1
1789134821974424,-0.030709028244018555,-0.0482807531952858,1
1789134821986424,-0.026105165481567383,-0.04803653061389923,1
1789134821986424,-0.026105165481567383,-0.04803653061389923,1
1789134821986424,-0.026105165481567383,-0.04803653061389923,1
1789134821986424,-0.026105165481567383,-0.04803653061389923,1
1789134821986424,-0.026105165481567383,-0.04803653061389923,1
1789134822034424,-0.008361101150512695,-0.047292839735746384,1
1789134822046424,0.010949492454528809,-0.047200705856084824,1
1789134822046424,0.010949492454528809,-0.047200705856084824,1
1789134822058424,-0.01822066307067871,-0.04697741940617561,1
1789134822058424,-0.01822066307067871,-0.04697741940617561,1
1789134822058424,-0.01822066307067871,-0.04697741940617561,1
1789134822094424,-0.11623406410217285,-0.04625442996621132,1
1789134822106424,-0.10970282554626465,-0.04569809511303902,1
1789134822106424,-0.10970282554626465,-0.04569809511303902,1
1789134822106424,-0.10970282554626465,-0.04569809511303902,1
1789134822106424,-0.10970282554626465,-0.04569809511303902,1
1789134822106424,-0.10970282554626465,-0.04569809511303902,1
1789134822154424,-0.03231346607208252,-0.044441789388656616,1
1789134822166424,-0.03264594078063965,-0.04428103193640709,1
1789134822166424,-0.03264594078063965,-0.04428103193640709,1
1789134822166424,-0.03264594078063965,-0.04428103193640709,1
1789134822190424,-0.05129063129425049,-0.04375501349568367,1
1789134822190424,-0.05129063129425049,-0.04375501349568367,1
1789134822214424,-0.06638789176940918,-0.043111540377140045,1
1789134822226424,-0.06895720958709717,-0.04264998063445091,1
1789134822226424,-0.06895720958709717,-0.04264998063445091,1
1789134822226424,-0.06895720958709717,-0.04264998063445091,1
1789134822226424,-0.06895720958709717,-0.04264998063445091,1
1789134822226424,-0.06895720958709717,-0.04264998063445091,1
1789134822274424,-0.0820608139038086,-0.04134425148367882,1
1789134822286424,-0.09083187580108643,-0.04111151024699211,1
1789134822286424,-0.09083187580108643,-0.04111151024699211,1
1789134822286424,-0.09083187580108643,-0.04111151024699211,1
1789134822286424,-0.09083187580108643,-0.04111151024699211,1
1789134822322424,-0.05592536926269531,-0.040154699236154556,1
1789134822334424,-0.04734671115875244,-0.03998710215091705,1
1789134822346584,-0.045636773109436035,-0.03971249237656593,1
1789134822346584,-0.045636773109436035,-0.03971249237656593,1
1789134822346584,-0.045636773109436035,-0.03971249237656593,1
1789134822346584,-0.045636773109436035,-0.03971249237656593,1
1789134822346584,-0.045636773109436035,-0.03971249237656593,1
1789134822394584,-0.0355987548828125,-0.03869955614209175,1
1789134822406584,-0.007945656776428223,-0.038601119071245193,1
1789134822406584,-0.007945656776428223,-0.038601119071245193,1
1789134822406584,-0.007945656776428223,-0.038601119071245193,1
1789134822406584,-0.007945656776428223,-0.038601119071245193,1
1789134822406584,-0.007945656776428223,-0.038601119071245193,1
1789134822454584,-0.03834879398345947,-0.038124240934848785,1
1789134822466584,-0.030515074729919434,-0.03793811425566673,1
1789134822466584,-0.030515074729919434,-0.03793811425566673,1
1789134822466584,-0.030515074729919434,-0.03793811425566673,1
1789134822490584,-0.027718424797058105,-0.0376642569899559,1
1789134822490584,-0.027718424797058105,-0.0376642569899559,1
1789134822514584,0.0005780458450317383,-0.03745560720562935,1
1789134822526584,-0.01675128936767578,-0.037402763962745667,1
1789134822526584,-0.01675128936767578,-0.037402763962745667,1
1789134822526584,-0.01675128936767578,-0.037402763962745667,1
1789134822526584,-0.01675128936767578,-0.037402763962745667,1
1789134822526584,-0.01675128936767578,-0.037402763962745667,1
1789134822574584,0.018567681312561035,-0.03702717646956444,1
1789134822586584,0.026240110397338867,-0.03698538616299629,1
1789134822586584,0.026240110397338867,-0.03698538616299629,1
1789134822586584,0.026240110397338867,-0.03698538616299629,1
1789134822586584,0.026240110397338867,-0.03698538616299629,1
1789134822622584,0.012809276580810547,-0.036895476281642914,1
1789134822634584,0.03547978401184082,-0.03686420992016792,1
1789134822646584,0.04219090938568115,-0.036886800080537796,1
1789134822646584,0.04219090938568115,-0.036886800080537796,1
1789134822646584,0.04219090938568115,-0.036886800080537796,1
1789134822646584,0.04219090938568115,-0.036886800080537796,1
1789134822646584,0.04219090938568115,-0.036886800080537796,1
1789134822694584,0.027624011039733887,-0.03689482435584068,1
1789134822706584,0.008984804153442383,-0.03679889813065529,1
1789134822706584,0.008984804153442383,-0.03679889813065529,1
1789134822718584,0.0052394866943359375,-0.03674382343888283,1
1789134822718584,0.0052394866943359375,-0.03674382343888283,1
1789134822718584,0.0052394866943359375,-0.03674382343888283,1
1789134822754584,0.01516115665435791,-0.036380019038915634,1
1789134822766584,0.022382259368896484,-0.03631134331226349,1
1789134822766584,0.022382259368896484,-0.03631134331226349,1
1789134822766584,0.022382259368896484,-0.03631134331226349,1
1789134822766584,0.022382259368896484,-0.03631134331226349,1
1789134822766584,0.022382259368896484,-0.03631134331226349,1
1789134822814584,0.01616847515106201,-0.03591681644320488,1
1789134822826584,-0.007265210151672363,-0.035680513828992844,1
1789134822826584,-0.007265210151672363,-0.035680513828992844,1
1789134822826584,-0.007265210151672363,-0.035680513828992844,1
1789134822850584,0.023234009742736816,-0.035301074385643005,1
1789134822850584,0.023234009742736816,-0.035301074385643005,1
1789134822874584,0.03290283679962158,-0.03498440980911255,1
1789134822886584,0.04036557674407959,-0.034888848662376404,1
1789134822886584,0.04036557674407959,-0.034888848662376404,1
1789134822886584,0.04036557674407959,-0.034888848662376404,1
1789134822886584,0.04036557674407959,-0.034888848662376404,1
1789134822886584,0.04036557674407959,-0.034888848662376404,1
1789134822934584,0.02762424945831299,-0.034354642033576965,1
1789134822946584,0.012366294860839844,-0.03410547971725464,1
1789134822946584,0.012366294860839844,-0.03410547971725464,1
1789134822946584,0.012366294860839844,-0.03410547971725464,1
1789134822946584,0.012366294860839844,-0.03410547971725464,1
1789134822982584,-0.02752828598022461,-0.033313773572444916,1
1789134822994584,-0.02315962314605713,-0.03286881372332573,1
1789134823006584,0.018541932106018066,-0.03269071877002716,1
1789134823006584,0.018541932106018066,-0.03269071877002716,1
1789134823006584,0.018541932106018066,-0.03269071877002716,1
1789134823006584,0.018541932106018066,-0.03269071877002716,1
1789134823042584,0.005592465400695801,-0.03196987137198448,1
1789134823054584,-0.010161519050598145,-0.03178262338042259,1
1789134823066584,0.002582550048828125,-0.03141731396317482,1
1789134823066584,0.002582550048828125,-0.03141731396317482,1
1789134823066584,0.002582550048828125,-0.03141731396317482,1
1789134823066584,0.002582550048828125,-0.03141731396317482,1
1789134823066584,0.002582550048828125,-0.03141731396317482,1
1789134823114584,0.03507578372955322,-0.030316349118947983,1
1789134823126584,0.0552220344543457,-0.030180372297763824,1
1789134823126584,0.0552220344543457,-0.030180372297763824,1
1789134823126584,0.0552220344543457,-0.030180372297763824,1
1789134823150584,0.05050349235534668,-0.029807286337018013,1
1789134823150584,0.05050349235534668,-0.029807286337018013,1
1789134823174584,0.001264810562133789,-0.02924617938697338,1
1789134823186584,-0.033182621002197266,-0.028730565682053566,1
1789134823186584,-0.033182621002197266,-0.028730565682053566,1
1789134823186584,-0.033182621002197266,-0.028730565682053566,1
1789134823186584,-0.033182621002197266,-0.028730565682053566,1
1789134823186584,-0.033182621002197266,-0.028730565682053566,1
1789134823234584,0.03640902042388916,-0.027226382866501808,1
1789134823246584,0.06500554084777832,-0.027058323845267296,1
1789134823246584,0.06500554084777832,-0.027058323845267296,1
1789134823246584,0.06500554084777832,-0.027058323845267296,1
1789134823246584,0.06500554084777832,-0.027058323845267296,1
1789134823282584,0.009517908096313477,-0.026034047827124596,1
1789134823294584,0.0023707151412963867,-0.025765791535377502,1
1789134823306584,-0.015839457511901855,-0.025230303406715393,1
1789134823306584,-0.015839457511901855,-0.025230303406715393,1
1789134823306584,-0.015839457511901855,-0.025230303406715393,1
1789134823306584,-0.015839457511901855,-0.025230303406715393,1
1789134823306746,-0.015839457511901855,-0.025230303406715393,1
1789134823354746,-0.012904047966003418,-0.02332935482263565,1
1789134823366746,-0.02814626693725586,-0.02300657331943512,1
1789134823366746,-0.02814626693725586,-0.02300657331943512,1
1789134823378746,-0.010088682174682617,-0.022403810173273087,1
1789134823378746,-0.010088682174682617,-0.022403810173273087,1
1789134823378746,-0.010088682174682617,-0.022403810173273087,1
1789134823414746,-0.01664566993713379,-0.02121967077255249,1
1789134823426746,-0.04459190368652344,-0.02052205242216587,1
1789134823426746,-0.04459190368652344,-0.02052205242216587,1
1789134823426746,-0.04459190368652344,-0.02052205242216587,1
1789134823426746,-0.04459190368652344,-0.02052205242216587,1
1789134823426746,-0.04459190368652344,-0.02052205242216587,1
1789134823474746,0.01589035987854004,-0.018535761162638664,1
1789134823486746,0.057178497314453125,-0.018268587067723274,1
1789134823486746,0.057178497314453125,-0.018268587067723274,1
1789134823486746,0.057178497314453125,-0.018268587067723274,1
1789134823510746,0.016978740692138672,-0.017514441162347794,1
1789134823510746,0.016978740692138672,-0.017514441162347794,1
1789134823534746,-0.04971671104431152,-0.016484206542372704,1
1789134823546746,-0.07348597049713135,-0.015674954280257225,1
1789134823546746,-0.07348597049713135,-0.015674954280257225,1
1789134823546746,-0.07348597049713135,-0.015674954280257225,1
1789134823546746,-0.07348597049713135,-0.015674954280257225,1
1789134823546746,-0.07348597049713135,-0.015674954280257225,1
1789134823594746,-0.031795382499694824,-0.013419339433312416,1
1789134823606746,0.007721900939941406,-0.013092919252812862,1
1789134823606746,0.007721900939941406,-0.013092919252812862,1
1789134823606746,0.007721900939941406,-0.013092919252812862,1
1789134823606746,0.007721900939941406,-0.013092919252812862,1
1789134823642746,-0.0014301538467407227,-0.011642524041235447,1
1789134823654746,-0.009081721305847168,-0.011305894702672958,1
1789134823666746,-0.019827723503112793,-0.010645842179656029,1
1789134823666746,-0.019827723503112793,-0.010645842179656029,1
1789134823666746,-0.019827723503112793,-0.010645842179656029,1
1789134823666746,-0.019827723503112793,-0.010645842179656029,1
1789134823666746,-0.019827723503112793,-0.010645842179656029,1
1789134823714746,-0.0934138298034668,-0.008200308308005333,1
1789134823726746,-0.12532293796539307,-0.007708655204623938,1
1789134823726746,-0.12532293796539307,-0.007708655204623938,1
1789134823726746,-0.12532293796539307,-0.007708655204623938,1
1789134823726746,-0.12532293796539307,-0.007708655204623938,1
1789134823726746,-0.12532293796539307,-0.007708655204623938,1
1789134823774746,-0.051398634910583496,-0.005251612979918718,1
1789134823786746,-0.02537369728088379,-0.004562284331768751,1
1789134823786746,-0.02537369728088379,-0.004562284331768751,1
1789134823786746,-0.02537369728088379,-0.004562284331768751,1
1789134823810746,-0.07797467708587646,-0.003343745367601514,1
1789134823810746,-0.07797467708587646,-0.003343745367601514,1
1789134823834746,-0.06853485107421875,-0.002035453449934721,1
1789134823846746,-0.09177935123443604,-0.0016226875595748425,1
1789134823846746,-0.09177935123443604,-0.0016226875595748425,1
1789134823846746,-0.09177935123443604,-0.0016226875595748425,1
1789134823846746,-0.09177935123443604,-0.0016226875595748425,1
1789134823846746,-0.09177935123443604,-0.0016226875595748425,1
1789134823894746,-0.06537723541259766,0.0006349910981953144,1
1789134823906746,-0.05890476703643799,0.0012838848633691669,1
1789134823906746,-0.05890476703643799,0.0012838848633691669,1
1789134823906746,-0.05890476703643799,0.0012838848633691669,1
1789134823906746,-0.05890476703643799,0.0012838848633691669,1
1789134823942746,-0.06260371208190918,0.0026296526193618774,1
1789134823954746,-0.025174975395202637,0.0032163425348699093,1
1789134823966746,-0.022917866706848145,0.0034605716355144978,1
1789134823966746,-0.022917866706848145,0.0034605716355144978,1
1789134823966746,-0.022917866706848145,0.0034605716355144978,1
1789134823966746,-0.022917866706848145,0.0034605716355144978,1
1789134823966746,-0.022917866706848145,0.0034605716355144978,1
1789134824014746,-0.042429447174072266,0.0049584368243813515,1
1789134824026746,-0.04188036918640137,0.005415874999016523,1
1789134824026746,-0.04188036918640137,0.005415874999016523,1
1789134824038746,-0.05111432075500488,0.005671938881278038,1
1789134824038746,-0.05111432075500488,0.005671938881278038,1
1789134824038746,-0.05111432075500488,0.005671938881278038,1
1789134824074746,0.0022410154342651367,0.0066473521292209625,1
1789134824086746,0.023680567741394043,0.006787276826798916,1
1789134824086746,0.023680567741394043,0.006787276826798916,1
1789134824086746,0.023680567741394043,0.006787276826798916,1
1789134824086746,0.023680567741394043,0.006787276826798916,1
1789134824086746,0.023680567741394043,0.006787276826798916,1
1789134824134746,-0.06735658645629883,0.007986878976225853,1
1789134824146746,-0.10314750671386719,0.008526848629117012,1
1789134824146746,-0.10314750671386719,0.008526848629117012,1
1789134824146746,-0.10314750671386719,0.008526848629117012,1
1789134824170746,-0.059163570404052734,0.009345602244138718,1
1789134824170746,-0.059163570404052734,0.009345602244138718,1
1789134824194746,-0.04778766632080078,0.010050547309219837,1
1789134824206746,-0.07801318168640137,0.010281833820044994,1
1789134824206746,-0.07801318168640137,0.010281833820044994,1
1789134824206746,-0.07801318168640137,0.010281833820044994,1
1789134824206746,-0.07801318168640137,0.010281833820044994,1
1789134824206746,-0.07801318168640137,0.010281833820044994,1
1789134824254746,-0.07287096977233887,0.01173274964094162,1
1789134824266746,-0.03809940814971924,0.01213692594319582,1
1789134824266746,-0.03809940814971924,0.01213692594319582,1
1789134824266746,-0.03809940814971924,0.01213692594319582,1
1789134824266746,-0.03809940814971924,0.01213692594319582,1
1789134824302746,-0.06429421901702881,0.012988251633942127,1
1789134824314746,-0.06441652774810791,0.013470500707626343,1
1789134824326746,-0.030678749084472656,0.013649960048496723,1
1789134824326746,-0.030678749084472656,0.013649960048496723,1
1789134824326906,-0.030678749084472656,0.013649960048496723,1
1789134824326906,-0.030678749084472656,0.013649960048496723,1
1789134824326906,-0.030678749084472656,0.013649960048496723,1
1789134824374906,-0.021035313606262207,0.014445717446506023,1
1789134824386906,-0.05754995346069336,0.014738095924258232,1
1789134824386906,-0.05754995346069336,0.014738095924258232,1
1789134824386906,-0.05754995346069336,0.014738095924258232,1
1789134824386906,-0.05754995346069336,0.014738095924258232,1
1789134824386906,-0.05754995346069336,0.014738095924258232,1
1789134824434906,-0.04439258575439453,0.01570693403482437,1
1789134824446906,-0.040177345275878906,0.015858205035328865,1
1789134824446906,-0.040177345275878906,0.015858205035328865,1
1789134824446906,-0.040177345275878906,0.015858205035328865,1
1789134824470906,-0.0337064266204834,0.016288282349705696,1
1789134824470906,-0.0337064266204834,0.016288282349705696,1
1789134824494906,-0.05949580669403076,0.01672976464033127,1
1789134824506906,-0.04997694492340088,0.017049971967935562,1
1789134824506906,-0.04997694492340088,0.017049971967935562,1
1789134824506906,-0.04997694492340088,0.017049971967935562,1
1789134824506906,-0.04997694492340088,0.017049971967935562,1
1789134824506906,-0.04997694492340088,0.017049971967935562,1
1789134824554906,-0.02943134307861328,0.017759619280695915,1
1789134824566906,-0.028124213218688965,0.01785464771091938,1
1789134824566906,-0.028124213218688965,0.01785464771091938,1
1789134824566906,-0.028124213218688965,0.01785464771091938,1
1789134824566906,-0.028124213218688965,0.01785464771091938,1
1789134824602906,-0.03671371936798096,0.018377965316176414,1
1789134824614906,-0.03228104114532471,0.0184752456843853,1
1789134824626906,-0.03175210952758789,0.018613969907164574,1
1789134824626906,-0.03175210952758789,0.018613969907164574,1
1789134824626906,-0.03175210952758789,0.018613969907164574,1
1789134824626906,-0.03175210952758789,0.018613969907164574,1
1789134824626906,-0.03175210952758789,0.018613969907164574,1
1789134824674906,-0.05103874206542969,0.019123518839478493,1
1789134824686906,-0.023154020309448242,0.01918378472328186,1
1789134824686906,-0.023154020309448242,0.01918378472328186,1
1789134824698906,-0.016013503074645996,0.01928541623055935,1
1789134824698906,-0.016013503074645996,0.01928541623055935,1
1789134824698906,-0.016013503074645996,0.01928541623055935,1
1789134824734906,0.0025246143341064453,0.019323747605085373,1
1789134824746906,0.017281413078308105,0.019227653741836548,1
1789134824746906,0.017281413078308105,0.019227653741836548,1
1789134824746906,0.017281413078308105,0.019227653741836548,1
1789134824746906,0.017281413078308105,0.019227653741836548,1
1789134824746906,0.017281413078308105,0.019227653741836548,1
1789134824794906,-0.0016220808029174805,0.01920449361205101,1
1789134824806906,-0.01368093490600586,0.01918596774339676,1
1789134824806906,-0.01368093490600586,0.01918596774339676,1
1789134824806906,-0.01368093490600586,0.01918596774339676,1
1789134824830906,0.003620743751525879,0.01918095164000988,1
1789134824830906,0.003620743751525879,0.01918095164000988,1
1789134824854906,-0.023410439491271973,0.019130630418658257,1
1789134824866906,-0.02629232406616211,0.01914379931986332,1
1789134824866906,-0.02629232406616211,0.01914379931986332,1
1789134824866906,-0.02629232406616211,0.01914379931986332,1
1789134824866906,-0.02629232406616211,0.01914379931986332,1
1789134824866906,-0.02629232406616211,0.01914379931986332,1
1789134824914906,-0.008347034454345703,0.019036706537008286,1
1789134824926906,-0.0034584999084472656,0.01901387795805931,1
1789134824926906,-0.0034584999084472656,0.01901387795805931,1
1789134824926906,-0.0034584999084472656,0.01901387795805931,1
1789134824926906,-0.0034584999084472656,0.01901387795805931,1
1789134824962906,-0.010424137115478516,0.01892177201807499,1
1789134824974906,-0.008124947547912598,0.01888989470899105,1
1789134824986906,0.013421297073364258,0.018804660066962242,1
1789134824986906,0.013421297073364258,0.018804660066962242,1
1789134824986906,0.013421297073364258,0.018804660066962242,1
1789134824986906,0.013421297073364258,0.018804660066962242,1
1789134824986906,0.013421297073364258,0.018804660066962242,1
1789134825034906,-0.001292109489440918,0.018483418971300125,1
1789134825046906,-0.012205839157104492,0.018447890877723694,1
1789134825046906,-0.012205839157104492,0.018447890877723694,1
1789134825046906,-0.012205839157104492,0.018447890877723694,1
1789134825046906,-0.012205839157104492,0.018447890877723694,1
1789134825046906,-0.012205839157104492,0.018447890877723694,1
1789134825094906,0.023468375205993652,0.01804492250084877,1
1789134825106906,0.025139689445495605,0.017868252471089363,1
1789134825106906,0.025139689445495605,0.017868252471089363,1
1789134825106906,0.025139689445495605,0.017868252471089363,1
1789134825130906,-0.003502368927001953,0.017619837075471878,1
1789134825130906,-0.003502368927001953,0.017619837075471878,1
1789134825154906,0.016700387001037598,0.017425574362277985,1
1789134825166906,0.011041998863220215,0.017352847382426262,1
1789134825166906,0.011041998863220215,0.017352847382426262,1
1789134825166906,0.011041998863220215,0.017352847382426262,1
1789134825166906,0.011041998863220215,0.017352847382426262,1
1789134825166906,0.011041998863220215,0.017352847382426262,1
1789134825214906,0.025181293487548828,0.01694420352578163,1
1789134825226906,0.033980607986450195,0.016763729974627495,1
1789134825226906,0.033980607986450195,0.016763729974627495,1
1789134825226906,0.033980607986450195,0.016763729974627495,1
1789134825226906,0.033980607986450195,0.016763729974627495,1
1789134825262906,0.028832077980041504,0.01638316921889782,1
1789134825274906,0.02516031265258789,0.016206800937652588,1
1789134825286906,0.006827950477600098,0.01613513007760048,1
1789134825286906,0.006827950477600098,0.01613513007760048,1
1789134825286906,0.006827950477600098,0.01613513007760048,1
1789134825286906,0.006827950477600098,0.01613513007760048,1
1789134825286906,0.006827950477600098,0.01613513007760048,1
1789134825334906,0.03386974334716797,0.015611913055181503,1
1789134825346906,0.03762471675872803,0.015410177409648895,1
1789134825347066,0.03762471675872803,0.015410177409648895,1
1789134825347066,0.03762471675872803,0.015410177409648895,1
1789134825347066,0.03762471675872803,0.015410177409648895,1
1789134825347066,0.03762471675872803,0.015410177409648895,1
1789134825395066,-0.02622067928314209,0.015140470117330551,1
1789134825407066,-0.03396439552307129,0.015136117115616798,1
1789134825407066,-0.03396439552307129,0.015136117115616798,1
1789134825407066,-0.03396439552307129,0.015136117115616798,1
1789134825407066,-0.03396439552307129,0.015136117115616798,1
1789134825407066,-0.03396439552307129,0.015136117115616798,1
1789134825455066,0.018978238105773926,0.014829031191766262,1
1789134825467066,0.01660597324371338,0.014685118570923805,1
1789134825467066,0.01660597324371338,0.014685118570923805,1
1789134825467066,0.01660597324371338,0.014685118570923805,1
1789134825491066,0.010462760925292969,0.014457058161497116,1
1789134825491066,0.010462760925292969,0.014457058161497116,1
1789134825515066,0.012066364288330078,0.014259700663387775,1
1789134825527066,0.022853732109069824,0.014183576218783855,1
1789134825527066,0.022853732109069824,0.014183576218783855,1
1789134825527066,0.022853732109069824,0.014183576218783855,1
1789134825527066,0.022853732109069824,0.014183576218783855,1
1789134825527066,0.022853732109069824,0.014183576218783855,1
1789134825575066,-0.0075740814208984375,0.013837642036378384,1
1789134825587066,-0.005046367645263672,0.013745700940489769,1
1789134825587066,-0.005046367645263672,0.013745700940489769,1
1789134825587066,-0.005046367645263672,0.013745700940489769,1
1789134825587066,-0.005046367645263672,0.013745700940489769,1
1789134825623066,0.009891986846923828,0.013529138639569283,1
1789134825635066,0.0003420114517211914,0.01339561678469181,1
1789134825647066,-0.01523292064666748,0.013362257741391659,1
1789134825647066,-0.01523292064666748,0.013362257741391659,1
1789134825647066,-0.01523292064666748,0.013362257741391659,1
1789134825647066,-0.01523292064666748,0.013362257741391659,1
1789134825647066,-0.01523292064666748,0.013362257741391659,1
1789134825695066,-0.04061150550842285,0.013130184262990952,1
1789134825707066,-0.03605854511260986,0.013164477422833443,1
1789134825707066,-0.03605854511260986,0.013164477422833443,1
1789134825707066,-0.03605854511260986,0.013164477422833443,1
1789134825707066,-0.03605854511260986,0.013164477422833443,1
1789134825707066,-0.03605854511260986,0.013164477422833443,1
1789134825755066,-0.0266801118850708,0.01316927745938301,1
1789134825767066,-0.015761613845825195,0.013144239783287048,1
1789134825767066,-0.015761613845825195,0.013144239783287048,1
1789134825767066,-0.015761613845825195,0.013144239783287048,1
1789134825791066,-0.008731722831726074,0.013012719340622425,1
1789134825791066,-0.008731722831726074,0.013012719340622425,1
1789134825815066,-0.02371072769165039,0.012850339524447918,1
1789134825827066,-0.02109062671661377,0.012752450071275234,1
1789134825827066,-0.02109062671661377,0.012752450071275234,1
1789134825827066,-0.02109062671661377,0.012752450071275234,1
1789134825851066,-0.023974895477294922,0.012587172910571098,1
1789134825851066,-0.023974895477294922,0.012587172910571098,1
1789134825875066,-0.0176389217376709,0.012422360479831696,1
1789134825887066,0.0017479658126831055,0.012343286536633968,1
1789134825887066,0.0017479658126831055,0.012343286536633968,1
1789134825887066,0.0017479658126831055,0.012343286536633968,1
1789134825887066,0.0017479658126831055,0.012343286536633968,1
1789134825923066,0.0443345308303833,0.011892019771039486,1
1789134825935066,0.034887075424194336,0.011705656535923481,1
1789134825947066,0.03604722023010254,0.01141990814357996,1
1789134825947066,0.03604722023010254,0.01141990814357996,1
1789134825947066,0.03604722023010254,0.01141990814357996,1
1789134825947066,0.03604722023010254,0.01141990814357996,1
1789134825947066,0.03604722023010254,0.01141990814357996,1
1789134825995066,0.05157899856567383,0.010318312793970108,1
1789134826007066,0.06636905670166016,0.010096044279634953,1
1789134826007066,0.06636905670166016,0.010096044279634953,1
1789134826019066,0.0535280704498291,0.009668519720435143,1
1789134826019066,0.0535280704498291,0.009668519720435143,1
1789134826043066,-0.011855602264404297,0.009170150384306908,1
1789134826055066,0.0059773921966552734,0.009058712981641293,1
1789134826067066,0.04901540279388428,0.00872853398323059,1
1789134826067066,0.04901540279388428,0.00872853398323059,1
1789134826067066,0.04901540279388428,0.00872853398323059,1
1789134826067066,0.04901540279388428,0.00872853398323059,1
1789134826067066,0.04901540279388428,0.00872853398323059,1
1789134826115066,0.044351816177368164,0.007768811192363501,1
1789134826127066,-0.004641532897949219,0.00763768469914794,1
1789134826127066,-0.004641532897949219,0.00763768469914794,1
1789134826127066,-0.004641532897949219,0.00763768469914794,1
1789134826151066,0.030311942100524902,0.00726360734552145,1
1789134826151066,0.030311942100524902,0.00726360734552145,1
1789134826175066,0.04581940174102783,0.006813537795096636,1
1789134826187066,0.05652165412902832,0.0064558167941868305,1
1789134826187066,0.05652165412902832,0.0064558167941868305,1
1789134826187066,0.05652165412902832,0.0064558167941868305,1
1789134826187066,0.05652165412902832,0.0064558167941868305,1
1789134826187066,0.05652165412902832,0.0064558167941868305,1
1789134826235066,0.04987502098083496,0.005448889918625355,1
1789134826247066,0.04722797870635986,0.005308430176228285,1
1789134826247066,0.04722797870635986,0.005308430176228285,1
1789134826247066,0.04722797870635986,0.005308430176228285,1
1789134826247066,0.04722797870635986,0.005308430176228285,1
1789134826283066,0.037778258323669434,0.004611784592270851,1
1789134826295066,0.0412365198135376,0.004480437375605106,1
1789134826307066,0.0222550630569458,0.00429064454510808,1
1789134826307066,0.0222550630569458,0.00429064454510808,1
1789134826307066,0.0222550630569458,0.00429064454510808,1
1789134826307066,0.0222550630569458,0.00429064454510808,1
1789134826307066,0.0222550630569458,0.00429064454510808,1
1789134826355225,0.034821510314941406,0.0036962521262466908,1
1789134826367225,0.026503324508666992,0.003608613507822156,1
1789134826367225,0.026503324508666992,0.003608613507822156,1
1789134826367225,0.026503324508666992,0.003608613507822156,1
1789134826367225,0.026503324508666992,0.003608613507822156,1
1789134826367225,0.026503324508666992,0.003608613507822156,1
1789134826415225,0.031598687171936035,0.0031645342241972685,1
1789134826427225,0.03397011756896973,0.0030096264090389013,1
1789134826427225,0.03397011756896973,0.0030096264090389013,1
1789134826427225,0.03397011756896973,0.0030096264090389013,1
1789134826451225,0.0008393526077270508,0.0029432030860334635,1
1789134826451225,0.0008393526077270508,0.0029432030860334635,1
1789134826475225,0.02131497859954834,0.0028684400022029877,1
1789134826487225,0.0077964067459106445,0.002832558238878846,1
1789134826487225,0.0077964067459106445,0.002832558238878846,1
1789134826487225,0.0077964067459106445,0.002832558238878846,1
1789134826487225,0.0077964067459106445,0.002832558238878846,1
1789134826487225,0.0077964067459106445,0.002832558238878846,1
1789134826535225,0.03360331058502197,0.0024984898045659065,1
1789134826547225,0.02320683002471924,0.002361767692491412,1
1789134826547225,0.02320683002471924,0.002361767692491412,1
1789134826547225,0.02320683002471924,0.002361767692491412,1
1789134826547225,0.02320683002471924,0.002361767692491412,1
1789134826583225,-0.009475946426391602,0.0022556548938155174,1
1789134826595225,0.013665556907653809,0.002259115921333432,1
1789134826607225,0.003114461898803711,0.0022265266161412,1
1789134826607225,0.003114461898803711,0.0022265266161412,1
1789134826607225,0.003114461898803711,0.0022265266161412,1
1789134826607225,0.003114461898803711,0.0022265266161412,1
1789134826607225,0.003114461898803711,0.0022265266161412,1
1789134826655225,-0.01235806941986084,0.0022742277942597866,1
1789134826667225,0.01536095142364502,0.002272882964462042,1
1789134826667225,0.01536095142364502,0.002272882964462042,1
1789134826667225,0.01536095142364502,0.002272882964462042,1
1789134826667225,0.01536095142364502,0.002272882964462042,1
1789134826667225,0.01536095142364502,0.002272882964462042,1
1789134826715225,0.03758549690246582,0.0018041253788396716,1
1789134826727225,0.041358351707458496,0.0017234289553016424,1
1789134826727225,0.041358351707458496,0.0017234289553016424,1
1789134826727225,0.041358351707458496,0.0017234289553016424,1
1789134826727225,0.041358351707458496,0.0017234289553016424,1
1789134826727225,0.041358351707458496,0.0017234289553016424,1
1789134826775225,0.017132163047790527,0.0013905959203839302,1
1789134826787225,-0.019313454627990723,0.0014205175684764981,1
1789134826787225,-0.019313454627990723,0.0014205175684764981,1
1789134826787225,-0.019313454627990723,0.0014205175684764981,1
1789134826811225,0.020096778869628906,0.0014008487341925502,1
1789134826811225,0.020096778869628906,0.0014008487341925502,1
1789134826835225,-0.0038225650787353516,0.0013156122295185924,1
1789134826847225,0.005162358283996582,0.0012988615781068802,1
1789134826847225,0.005162358283996582,0.0012988615781068802,1
1789134826847225,0.005162358283996582,0.0012988615781068802,1
1789134826847225,0.005162358283996582,0.0012988615781068802,1
1789134826847225,0.005162358283996582,0.0012988615781068802,1
1789134826895225,0.0056917667388916016,0.0011637660209089518,1
1789134826907225,0.003008723258972168,0.0011418283684179187,1
1789134826907225,0.003008723258972168,0.0011418283684179187,1
1789134826907225,0.003008723258972168,0.0011418283684179187,1
1789134826907225,0.003008723258972168,0.0011418283684179187,1
1789134826943225,-0.046843886375427246,0.0012970732059329748,1
1789134826955225,-0.0069484710693359375,0.001401322428137064,1
1789134826967225,0.01021265983581543,0.0013922168873250484,1
1789134826967225,0.01021265983581543,0.0013922168873250484,1
1789134826967225,0.01021265983581543,0.0013922168873250484,1
1789134826967225,0.01021265983581543,0.0013922168873250484,1
1789134826967225,0.01021265983581543,0.0013922168873250484,1
1789134827015225,-0.06875240802764893,0.0017187847988680005,1
1789134827027225,-0.08263063430786133,0.001955339452251792,1
1789134827027225,-0.08263063430786133,0.001955339452251792,1
1789134827027225,-0.08263063430786133,0.001955339452251792,1
1789134827027225,-0.08263063430786133,0.001955339452251792,1
1789134827027225,-0.08263063430786133,0.001955339452251792,1
1789134827075225,0.013867378234863281,0.0022773209493607283,1
1789134827087225,0.030739307403564453,0.0022210064344108105,1
1789134827087225,0.030739307403564453,0.0022210064344108105,1
1789134827087225,0.030739307403564453,0.0022210064344108105,1
1789134827111225,-0.03946638107299805,0.002218496287241578,1
1789134827111225,-0.03946638107299805,0.002218496287241578,1
1789134827135225,-0.04926955699920654,0.002419858705252409,1
1789134827147225,-0.01657390594482422,0.002492313738912344,1
1789134827147225,-0.01657390594482422,0.002492313738912344,1
1789134827147225,-0.01657390594482422,0.002492313738912344,1
1789134827147225,-0.01657390594482422,0.002492313738912344,1
1789134827147225,-0.01657390594482422,0.002492313738912344,1
1789134827195225,-0.015049219131469727,0.0024052956141531467,1
1789134827207225,-0.011370182037353516,0.0023772770073264837,1
1789134827207225,-0.011370182037353516,0.0023772770073264837,1
1789134827207225,-0.011370182037353516,0.0023772770073264837,1
1789134827207225,-0.011370182037353516,0.0023772770073264837,1
1789134827243225,-0.026249170303344727,0.002326472196727991,1
1789134827255225,-0.02411186695098877,0.002313444158062339,1
1789134827267225,-0.03683638572692871,0.0023091882467269897,1
1789134827267225,-0.03683638572692871,0.0023091882467269897,1
1789134827267225,-0.03683638572692871,0.0023091882467269897,1
1789134827267225,-0.03683638572692871,0.0023091882467269897,1
1789134827267225,-0.03683638572692871,0.0023091882467269897,1
1789134827315225,0.06573247909545898,0.0016041456256061792,1
1789134827327225,0.051663994789123535,0.0014440151862800121,1
1789134827327225,0.051663994789123535,0.0014440151862800121,1
1789134827339225,0.035715699195861816,0.0011256476864218712,1
1789134827339225,0.035715699195861816,0.0011256476864218712,1
1789134827339385,0.035715699195861816,0.0011256476864218712,1
1789134827375385,-0.02091526985168457,0.0008274417486973107,1
1789134827387385,-0.05445897579193115,0.0008206991478800774,1
1789134827387385,-0.05445897579193115,0.0008206991478800774,1
1789134827387385,-0.05445897579193115,0.0008206991478800774,1
1789134827387385,-0.05445897579193115,0.0008206991478800774,1
1789134827387385,-0.05445897579193115,0.0008206991478800774,1
1789134827435385,0.0027277469635009766,0.0005187941715121269,1
1789134827447385,-0.0022505521774291992,0.0004465511301532388,1
1789134827447385,-0.0022505521774291992,0.0004465511301532388,1
1789134827447385,-0.0022505521774291992,0.0004465511301532388,1
1789134827471385,0.030132055282592773,0.0002127834886778146,1
1789134827471385,0.030132055282592773,0.0002127834886778146,1
1789134827495385,0.044274210929870605,-0.00016327618504874408,1
1789134827507385,0.04988706111907959,-0.00044873656588606536,1
1789134827507385,0.04988706111907959,-0.00044873656588606536,1
1789134827507385,0.04988706111907959,-0.00044873656588606536,1
1789134827507385,0.04988706111907959,-0.00044873656588606536,1
1789134827507385,0.04988706111907959,-0.00044873656588606536,1
1789134827555385,0.034822702407836914,-0.0012316309148445725,1
1789134827567385,0.02516806125640869,-0.0013553895987570286,1
1789134827567385,0.02516806125640869,-0.0013553895987570286,1
1789134827567385,0.02516806125640869,-0.0013553895987570286,1
1789134827567385,0.02516806125640869,-0.0013553895987570286,1
1789134827603385,0.08688473701477051,-0.0021426351740956306,1
1789134827615385,0.07690906524658203,-0.0023514190688729286,1
1789134827627385,0.024474740028381348,-0.002620157552883029,1
1789134827627385,0.024474740028381348,-0.002620157552883029,1
1789134827627385,0.024474740028381348,-0.002620157552883029,1
1789134827627385,0.024474740028381348,-0.002620157552883029,1
1789134827627385,0.024474740028381348,-0.002620157552883029,1
1789134827675385,0.02463710308074951,-0.003161038737744093,1
1789134827687385,0.05317568778991699,-0.0032456268090754747,1
1789134827687385,0.05317568778991699,-0.0032456268090754747,1
1789134827687385,0.05317568778991699,-0.0032456268090754747,1
1789134827687385,0.05317568778991699,-0.0032456268090754747,1
1789134827687385,0.05317568778991699,-0.0032456268090754747,1
1789134827735385,0.07049322128295898,-0.003898823633790016,1
1789134827747385,0.0869063138961792,-0.004173059947788715,1
1789134827747385,0.0869063138961792,-0.004173059947788715,1
1789134827747385,0.0869063138961792,-0.004173059947788715,1
1789134827771385,0.04743611812591553,-0.004440955352038145,1
1789134827771385,0.04743611812591553,-0.004440955352038145,1
1789134827795385,0.02633059024810791,-0.004527608398348093,1
1789134827807385,0.03195679187774658,-0.0045631988905370235,1
1789134827807385,0.03195679187774658,-0.0045631988905370235,1
1789134827807385,0.03195679187774658,-0.0045631988905370235,1
1789134827807385,0.03195679187774658,-0.0045631988905370235,1
1789134827807385,0.03195679187774658,-0.0045631988905370235,1
1789134827855385,-0.012123942375183105,-0.004431986249983311,1
1789134827867385,0.009045004844665527,-0.004349697846919298,1
1789134827867385,0.009045004844665527,-0.004349697846919298,1
1789134827867385,0.009045004844665527,-0.004349697846919298,1
1789134827867385,0.009045004844665527,-0.004349697846919298,1
1789134827903385,0.0002300739288330078,-0.004159920383244753,1
1789134827915385,0.0066269636154174805,-0.004014793783426285,1
1789134827927385,0.019344091415405273,-0.003963800147175789,1
1789134827927385,0.019344091415405273,-0.003963800147175789,1
1789134827927385,0.019344091415405273,-0.003963800147175789,1
1789134827927385,0.019344091415405273,-0.003963800147175789,1
1789134827927385,0.019344091415405273,-0.003963800147175789,1
1789134827975385,-0.03062880039215088,-0.003516278462484479,1
1789134827987385,-0.027411937713623047,-0.0032950544264167547,1
1789134827987385,-0.027411937713623047,-0.0032950544264167547,1
1789134827987385,-0.027411937713623047,-0.0032950544264167547,1
1789134827987385,-0.027411937713623047,-0.0032950544264167547,1
1789134827987385,-0.027411937713623047,-0.0032950544264167547,1
1789134828035385,0.023377060890197754,-0.0028154635801911354,1
1789134828047385,0.04571843147277832,-0.0027661037165671587,1
1789134828047385,0.04571843147277832,-0.0027661037165671587,1
1789134828047385,0.04571843147277832,-0.0027661037165671587,1
1789134828047385,0.04571843147277832,-0.0027661037165671587,1
1789134828047385,0.04571843147277832,-0.0027661037165671587,1
1789134828095385,-0.0035982131958007812,-0.0023109018802642822,1
1789134828107385,-0.012106895446777344,-0.002106995787471533,1
1789134828107385,-0.012106895446777344,-0.002106995787471533,1
1789134828107385,-0.012106895446777344,-0.002106995787471533,1
1789134828131385,0.003425121307373047,-0.001812391565181315,1
1789134828131385,0.003425121307373047,-0.001812391565181315,1
1789134828155385,0.019350886344909668,-0.0015647400869056582,1
1789134828167385,0.020433545112609863,-0.001501553226262331,1
1789134828167385,0.020433545112609863,-0.001501553226262331,1
1789134828167385,0.020433545112609863,-0.001501553226262331,1
1789134828167385,0.020433545112609863,-0.001501553226262331,1
1789134828167385,0.020433545112609863,-0.001501553226262331,1
1789134828215385,-0.011866211891174316,-0.0009149967227131128,1
1789134828227385,-0.021165013313293457,-0.0006579974433407187,1
1789134828227385,-0.021165013313293457,-0.0006579974433407187,1
1789134828227385,-0.021165013313293457,-0.0006579974433407187,1
1789134828227385,-0.021165013313293457,-0.0006579974433407187,1
1789134828263385,0.08270716667175293,-0.0005470613250508904,1
1789134828275385,0.04199361801147461,-0.0005304295336827636,1
1789134828287385,0.01968085765838623,-0.00047295112744905055,1
1789134828287385,0.01968085765838623,-0.00047295112744905055,1
1789134828287385,0.01968085765838623,-0.00047295112744905055,1
1789134828287385,0.01968085765838623,-0.00047295112744905055,1
1789134828287385,0.01968085765838623,-0.00047295112744905055,1
1789134828335385,-0.01192474365234375,0.0001978695363504812,1
1789134828347385,-0.008864521980285645,0.00046426852350123227,1
1789134828347385,-0.008864521980285645,0.00046426852350123227,1
1789134828347545,-0.008864521980285645,0.00046426852350123227,1
1789134828347545,-0.008864521980285645,0.00046426852350123227,1
1789134828347545,-0.008864521980285645,0.00046426852350123227,1
1789134828395545,0.028714537620544434,0.000957112293690443,1
1789134828407545,0.04998588562011719,0.001040069735608995,1
1789134828407545,0.04998588562011719,0.001040069735608995,1
1789134828407545,0.04998588562011719,0.001040069735608995,1
1789134828431545,0.024490714073181152,0.0013192094629630446,1
1789134828431545,0.024490714073181152,0.0013192094629630446,1
1789134828455545,-0.006904959678649902,0.0016982272500172257,1
1789134828467545,-0.016831517219543457,0.0020025051198899746,1
1789134828467545,-0.016831517219543457,0.0020025051198899746,1
1789134828467545,-0.016831517219543457,0.0020025051198899746,1
1789134828467545,-0.016831517219543457,0.0020025051198899746,1
1789134828467545,-0.016831517219543457,0.0020025051198899746,1
1789134828515545,-0.013901114463806152,0.002905359258875251,1
1789134828527545,-0.01894092559814453,0.0030688256956636906,1
1789134828527545,-0.01894092559814453,0.0030688256956636906,1
1789134828527545,-0.01894092559814453,0.0030688256956636906,1
1789134828527545,-0.01894092559814453,0.0030688256956636906,1
1789134828563545,-0.003604292869567871,0.0038380057085305452,1
1789134828575545,0.0018031597137451172,0.003990859258919954,1
1789134828587545,-0.0034291744232177734,0.00427974434569478,1
1789134828587545,-0.0034291744232177734,0.00427974434569478,1
1789134828587545,-0.0034291744232177734,0.00427974434569478,1
1789134828587545,-0.0034291744232177734,0.00427974434569478,1
1789134828587545,-0.0034291744232177734,0.00427974434569478,1
1789134828635545,-0.007084012031555176,0.005189149174839258,1
1789134828647545,-0.009068131446838379,0.0053564500994980335,1
1789134828647545,-0.009068131446838379,0.0053564500994980335,1
1789134828659545,0.00274658203125,0.0056757680140435696,1
1789134828659545,0.00274658203125,0.0056757680140435696,1
1789134828659545,0.00274658203125,0.0056757680140435696,1
1789134828695545,-0.018578052520751953,0.006409337744116783,1
1789134828707545,-0.008975505828857422,0.006788761354982853,1
1789134828707545,-0.008975505828857422,0.006788761354982853,1
1789134828707545,-0.008975505828857422,0.006788761354982853,1
1789134828707545,-0.008975505828857422,0.006788761354982853,1
1789134828707545,-0.008975505828857422,0.006788761354982853,1
1789134828755545,-0.02188575267791748,0.0077629354782402515,1
1789134828767545,-0.021409988403320312,0.007962941192090511,1
1789134828767545,-0.021409988403320312,0.007962941192090511,1
1789134828767545,-0.021409988403320312,0.007962941192090511,1
1789134828791545,0.003174304962158203,0.008492318913340569,1
1789134828791545,0.003174304962158203,0.008492318913340569,1
1789134828815545,-0.003707289695739746,0.008994936011731625,1
1789134828827545,-0.0009200572967529297,0.009336932562291622,1
1789134828827545,-0.0009200572967529297,0.009336932562291622,1
1789134828827545,-0.0009200572967529297,0.009336932562291622,1
1789134828851545,-0.013995051383972168,0.009814771823585033,1
1789134828851545,-0.013995051383972168,0.009814771823585033,1
1789134828875545,-0.021835923194885254,0.010368400253355503,1
1789134828887545,-0.0436398983001709,0.010572610422968864,1
1789134828887545,-0.0436398983001709,0.010572610422968864,1
1789134828887545,-0.0436398983001709,0.010572610422968864,1
1789134828887545,-0.0436398983001709,0.010572610422968864,1
1789134828923545,-0.04962873458862305,0.011647083796560764,1
1789134828935545,-0.05468404293060303,0.011898442171514034,1
1789134828947545,-0.01273798942565918,0.0122742410749197,1
1789134828947545,-0.01273798942565918,0.0122742410749197,1
1789134828947545,-0.01273798942565918,0.0122742410749197,1
1789134828947545,-0.01273798942565918,0.0122742410749197,1
1789134828947545,-0.01273798942565918,0.0122742410749197,1
1789134828995545,-0.007432699203491211,0.013246119022369385,1
1789134829007545,-0.005723237991333008,0.013387098908424377,1
1789134829007545,-0.005723237991333008,0.013387098908424377,1
1789134829007545,-0.005723237991333008,0.013387098908424377,1
1789134829007545,-0.005723237991333008,0.013387098908424377,1
1789134829043545,-0.03923690319061279,0.014251310378313065,1
1789134829055545,-0.03391993045806885,0.01443345658481121,1
1789134829067545,0.012412428855895996,0.014692148193717003,1
1789134829067545,0.012412428855895996,0.014692148193717003,1
1789134829067545,0.012412428855895996,0.014692148193717003,1
1789134829091545,-0.013260245323181152,0.014982277527451515,1
1789134829091545,-0.013260245323181152,0.014982277527451515,1
1789134829115545,-0.005644321441650391,0.01537417434155941,1
1789134829127545,-0.011149883270263672,0.015492034144699574,1
1789134829127545,-0.011149883270263672,0.015492034144699574,1
1789134829127545,-0.011149883270263672,0.015492034144699574,1
1789134829127545,-0.011149883270263672,0.015492034144699574,1
1789134829127545,-0.011149883270263672,0.015492034144699574,1
1789134829175545,-0.009358882904052734,0.01626051589846611,1
1789134829187545,-0.014578580856323242,0.016490135341882706,1
1789134829187545,-0.014578580856323242,0.016490135341882706,1
1789134829187545,-0.014578580856323242,0.016490135341882706,1
1789134829187545,-0.014578580856323242,0.016490135341882706,1
1789134829223545,-0.007738709449768066,0.016902435570955276,1
1789134829235545,-0.005700945854187012,0.017131557688117027,1
1789134829247545,0.013264894485473633,0.017203640192747116,1
1789134829247545,0.013264894485473633,0.017203640192747116,1
1789134829247545,0.013264894485473633,0.017203640192747116,1
1789134829247545,0.013264894485473633,0.017203640192747116,1
1789134829247545,0.013264894485473633,0.017203640192747116,1
1789134829295545,-0.029816269874572754,0.017719237133860588,1
1789134829307545,-0.05053126811981201,0.017978813499212265,1
1789134829307545,-0.05053126811981201,0.017978813499212265,1
1789134829319545,-0.028906702995300293,0.018118148669600487,1
1789134829319545,-0.028906702995300293,0.018118148669600487,1
1789134829319545,-0.028906702995300293,0.018118148669600487,1
1789134829355545,0.0026761293411254883,0.018330786377191544,1
1789134829367545,0.029125332832336426,0.01835453324019909,1
1789134829367704,0.029125332832336426,0.01835453324019909,1
1789134829367704,0.029125332832336426,0.01835453324019909,1
1789134829367704,0.029125332832336426,0.01835453324019909,1
1789134829367704,0.029125332832336426,0.01835453324019909,1
1789134829415704,-0.01079094409942627,0.01866566576063633,1
1789134829427704,-0.04832041263580322,0.018799999728798866,1
1789134829427704,-0.04832041263580322,0.018799999728798866,1
1789134829427704,-0.04832041263580322,0.018799999728798866,1
1789134829451704,-0.04723250865936279,0.01921895518898964,1
1789134829451704,-0.04723250865936279,0.01921895518898964,1
1789134829475704,-0.02366507053375244,0.019424593076109886,1
1789134829487704,-0.0578923225402832,0.019515402615070343,1
1789134829487704,-0.0578923225402832,0.019515402615070343,1
1789134829487704,-0.0578923225402832,0.019515402615070343,1
1789134829487704,-0.0578923225402832,0.019515402615070343,1
1789134829487704,-0.0578923225402832,0.019515402615070343,1
1789134829535704,-0.0084000825881958,0.019928084686398506,1
1789134829547704,-0.028819680213928223,0.02000579982995987,1
1789134829547704,-0.028819680213928223,0.02000579982995987,1
1789134829547704,-0.028819680213928223,0.02000579982995987,1
1789134829547704,-0.028819680213928223,0.02000579982995987,1
1789134829583704,-0.004406929016113281,0.020060287788510323,1
1789134829595704,-0.031285881996154785,0.02008744701743126,1
1789134829607704,-0.05105006694793701,0.02013305015861988,1
1789134829607704,-0.05105006694793701,0.02013305015861988,1
1789134829607704,-0.05105006694793701,0.02013305015861988,1
1789134829607704,-0.05105006694793701,0.02013305015861988,1
1789134829607704,-0.05105006694793701,0.02013305015861988,1
1789134829655704,-0.0040787458419799805,0.020223837345838547,1
1789134829667704,0.006331324577331543,0.02015187032520771,1
1789134829667704,0.006331324577331543,0.02015187032520771,1
1789134829667704,0.006331324577331543,0.02015187032520771,1
1789134829667704,0.006331324577331543,0.02015187032520771,1
1789134829667704,0.006331324577331543,0.02015187032520771,1
1789134829715704,0.02303898334503174,0.019763585180044174,1
1789134829727704,-0.001363515853881836,0.019682712852954865,1
1789134829727704,-0.001363515853881836,0.019682712852954865,1
1789134829727704,-0.001363515853881836,0.019682712852954865,1
1789134829751704,-0.008320331573486328,0.019510524347424507,1
1789134829751704,-0.008320331573486328,0.019510524347424507,1
1789134829775704,-0.011794209480285645,0.019307492300868034,1
1789134829787704,0.008199572563171387,0.01918286271393299,1
1789134829787704,0.008199572563171387,0.01918286271393299,1
1789134829787704,0.008199572563171387,0.01918286271393299,1
1789134829787704,0.008199572563171387,0.01918286271393299,1
1789134829787704,0.008199572563171387,0.01918286271393299,1
1789134829835704,0.0030268430709838867,0.018464548513293266,1
1789134829847704,0.003911614418029785,0.01837916113436222,1
1789134829847704,0.003911614418029785,0.01837916113436222,1
1789134829847704,0.003911614418029785,0.01837916113436222,1
1789134829847704,0.003911614418029785,0.01837916113436222,1
1789134829883704,0.014629125595092773,0.017902767285704613,1
1789134829895704,0.01598072052001953,0.017786482349038124,1
1789134829907704,0.03400313854217529,0.017532475292682648,1
1789134829907704,0.03400313854217529,0.017532475292682648,1
1789134829907704,0.03400313854217529,0.017532475292682648,1
1789134829907704,0.03400313854217529,0.017532475292682648,1
1789134829907704,0.03400313854217529,0.017532475292682648,1
1789134829955704,0.0718541145324707,0.016345910727977753,1
1789134829967704,0.07609641551971436,0.016125759109854698,1
1789134829967704,0.07609641551971436,0.016125759109854698,1
1789134829967704,0.07609641551971436,0.016125759109854698,1
1789134829967704,0.07609641551971436,0.016125759109854698,1
1789134829967704,0.07609641551971436,0.016125759109854698,1
1789134830015704,0.051361680030822754,0.014979804866015911,1
1789134830027704,0.03514432907104492,0.014672531746327877,1
1789134830027704,0.03514432907104492,0.014672531746327877,1
1789134830027704,0.03514432907104492,0.014672531746327877,1
1789134830027704,0.03514432907104492,0.014672531746327877,1
1789134830027704,0.03514432907104492,0.014672531746327877,1
1789134830075704,0.06513619422912598,0.01357867568731308,1
1789134830087704,0.039066314697265625,0.01342070009559393,1
1789134830087704,0.039066314697265625,0.01342070009559393,1
1789134830087704,0.039066314697265625,0.01342070009559393,1
1789134830111704,0.03049921989440918,0.013036202639341354,1
1789134830111704,0.03049921989440918,0.013036202639341354,1
1789134830135704,0.05930447578430176,0.01264866255223751,1
1789134830147704,0.0422898530960083,0.012356622144579887,1
1789134830147704,0.0422898530960083,0.012356622144579887,1
1789134830147704,0.0422898530960083,0.012356622144579887,1
1789134830147704,0.0422898530960083,0.012356622144579887,1
1789134830147704,0.0422898530960083,0.012356622144579887,1
1789134830195704,0.026044130325317383,0.011833886615931988,1
1789134830207704,0.0012134313583374023,0.011774525977671146,1
1789134830207704,0.0012134313583374023,0.011774525977671146,1
1789134830207704,0.0012134313583374023,0.011774525977671146,1
1789134830207704,0.0012134313583374023,0.011774525977671146,1
1789134830243704,0.029767274856567383,0.011496197432279587,1
1789134830255704,0.027796149253845215,0.011426868848502636,1
1789134830267704,0.02554309368133545,0.011301138438284397,1
1789134830267704,0.02554309368133545,0.011301138438284397,1
1789134830267704,0.02554309368133545,0.011301138438284397,1
1789134830267704,0.02554309368133545,0.011301138438284397,1
1789134830267704,0.02554309368133545,0.011301138438284397,1
1789134830315704,0.12315094470977783,0.010197457857429981,1
1789134830327704,0.11805760860443115,0.009992610663175583,1
1789134830327704,0.11805760860443115,0.009992610663175583,1
1789134830327704,0.11805760860443115,0.009992610663175583,1
1789134830327704,0.11805760860443115,0.009992610663175583,1
1789134830327704,0.11805760860443115,0.009992610663175583,1
1789134830375864,0.053081512451171875,0.00899635348469019,1
1789134830387864,0.04800701141357422,0.008828236721456051,1
1789134830387864,0.04800701141357422,0.008828236721456051,1
1789134830387864,0.04800701141357422,0.008828236721456051,1
1789134830411864,0.0346376895904541,0.008579185232520103,1
1789134830411864,0.0346376895904541,0.008579185232520103,1
1789134830435864,0.03872668743133545,0.008408968336880207,1
1789134830447864,0.03925526142120361,0.00834798626601696,1
1789134830447864,0.03925526142120361,0.00834798626601696,1
1789134830447864,0.03925526142120361,0.00834798626601696,1
1789134830447864,0.03925526142120361,0.00834798626601696,1
1789134830447864,0.03925526142120361,0.00834798626601696,1
1789134830495864,0.02923715114593506,0.008255533874034882,1
1789134830507864,0.01882004737854004,0.008267046883702278,1
1789134830507864,0.01882004737854004,0.008267046883702278,1
1789134830507864,0.01882004737854004,0.008267046883702278,1
1789134830507864,0.01882004737854004,0.008267046883702278,1
1789134830543864,0.026825547218322754,0.008330012671649456,1
1789134830555864,0.023326396942138672,0.008362911641597748,1
1789134830567864,0.02374565601348877,0.008388898335397243,1
1789134830567864,0.02374565601348877,0.008388898335397243,1
1789134830567864,0.02374565601348877,0.008388898335397243,1
1789134830567864,0.02374565601348877,0.008388898335397243,1
1789134830567864,0.02374565601348877,0.008388898335397243,1
1789134830615864,0.023047804832458496,0.008545447140932083,1
1789134830627864,0.016475319862365723,0.008618542924523354,1
1789134830627864,0.016475319862365723,0.008618542924523354,1
1789134830639864,0.0142899751663208,0.008663995191454887,1
1789134830639864,0.0142899751663208,0.008663995191454887,1
1789134830639864,0.0142899751663208,0.008663995191454887,1
1789134830675864,0.026914238929748535,0.008856534957885742,1
1789134830687864,0.032239675521850586,0.008891611360013485,1
1789134830687864,0.032239675521850586,0.008891611360013485,1
1789134830687864,0.032239675521850586,0.008891611360013485,1
1789134830687864,0.032239675521850586,0.008891611360013485,1
1789134830687864,0.032239675521850586,0.008891611360013485,1
1789134830735864,0.008293509483337402,0.009181100875139236,1
1789134830747864,0.002747654914855957,0.00931868888437748,1
1789134830747864,0.002747654914855957,0.00931868888437748,1
1789134830747864,0.002747654914855957,0.00931868888437748,1
1789134830771864,-0.011141777038574219,0.009575988166034222,1
1789134830771864,-0.011141777038574219,0.009575988166034222,1
1789134830795864,-0.009746193885803223,0.009848165325820446,1
1789134830807864,-0.020136713981628418,0.00995672307908535,1
1789134830807864,-0.020136713981628418,0.00995672307908535,1
1789134830807864,-0.020136713981628418,0.00995672307908535,1
1789134830807864,-0.020136713981628418,0.00995672307908535,1
1789134830807864,-0.020136713981628418,0.00995672307908535,1
1789134830855864,-0.03418111801147461,0.010653779841959476,1
1789134830867864,-0.028190970420837402,0.010882456786930561,1
1789134830867864,-0.028190970420837402,0.010882456786930561,1
1789134830867864,-0.028190970420837402,0.010882456786930561,1
1789134830867864,-0.028190970420837402,0.010882456786930561,1
1789134830903864,-0.01205301284790039,0.011294696480035782,1
1789134830915864,-0.044402122497558594,0.011507214978337288,1
1789134830927864,-0.034195661544799805,0.011621418409049511,1
1789134830927864,-0.034195661544799805,0.011621418409049511,1
1789134830927864,-0.034195661544799805,0.011621418409049511,1
1789134830927864,-0.034195661544799805,0.011621418409049511,1
1789134830927864,-0.034195661544799805,0.011621418409049511,1
1789134830975864,-0.046350717544555664,0.012219256721436977,1
1789134830987864,-0.045310258865356445,0.01243607234209776,1
1789134830987864,-0.045310258865356445,0.01243607234209776,1
1789134830987864,-0.045310258865356445,0.01243607234209776,1
1789134830987864,-0.045310258865356445,0.01243607234209776,1
1789134830987864,-0.045310258865356445,0.01243607234209776,1
1789134831035864,0.01156163215637207,0.012632658705115318,1
1789134831047864,0.011182785034179688,0.012637767940759659,1
1789134831047864,0.011182785034179688,0.012637767940759659,1
1789134831047864,0.011182785034179688,0.012637767940759659,1
1789134831047864,0.011182785034179688,0.012637767940759659,1
1789134831047864,0.011182785034179688,0.012637767940759659,1
1789134831095864,-0.005507111549377441,0.012911010533571243,1
1789134831107864,-0.004216313362121582,0.012965088710188866,1
1789134831107864,-0.004216313362121582,0.012965088710188866,1
1789134831107864,-0.004216313362121582,0.012965088710188866,1
1789134831107864,-0.004216313362121582,0.012965088710188866,1
1789134831107864,-0.004216313362121582,0.012965088710188866,1
1789134831155864,-0.006692647933959961,0.012966590002179146,1
1789134831167864,-0.006390213966369629,0.012965833768248558,1
1789134831167864,-0.006390213966369629,0.012965833768248558,1
1789134831167864,-0.006390213966369629,0.012965833768248558,1
1789134831167864,-0.006390213966369629,0.012965833768248558,1
1789134831203864,-0.009126424789428711,0.012966007925570011,1
1789134831215864,-0.007250785827636719,0.01295510958880186,1
1789134831227864,-0.005216479301452637,0.012927922420203686,1
1789134831227864,-0.005216479301452637,0.012927922420203686,1
1789134831227864,-0.005216479301452637,0.012927922420203686,1
1789134831227864,-0.005216479301452637,0.012927922420203686,1
1789134831227864,-0.005216479301452637,0.012927922420203686,1
1789134831275864,0.014972090721130371,0.012639212422072887,1
1789134831287864,0.012965202331542969,0.012589129619300365,1
1789134831287864,0.012965202331542969,0.012589129619300365,1
1789134831299864,-0.01517796516418457,0.012506065890192986,1
1789134831299864,-0.01517796516418457,0.012506065890192986,1
1789134831299864,-0.01517796516418457,0.012506065890192986,1
1789134831335864,0.01392221450805664,0.012338459491729736,1
1789134831347864,0.016410112380981445,0.0121968574821949,1
1789134831347864,0.016410112380981445,0.0121968574821949,1
1789134831347864,0.016410112380981445,0.0121968574821949,1
1789134831347864,0.016410112380981445,0.0121968574821949,1
1789134831348023,0.016410112380981445,0.0121968574821949,1
1789134831396023,-0.013731718063354492,0.011938613839447498,1
1789134831408023,-0.017234444618225098,0.011920041404664516,1
1789134831408023,-0.017234444618225098,0.011920041404664516,1
1789134831408023,-0.017234444618225098,0.011920041404664516,1
1789134831432023,-0.001919865608215332,0.011853043921291828,1
1789134831432023,-0.001919865608215332,0.011853043921291828,1
1789134831456023,-0.0084228515625,0.011685457080602646,1
1789134831468023,0.008754491806030273,0.011571303941309452,1
1789134831468023,0.008754491806030273,0.011571303941309452,1
1789134831468023,0.008754491806030273,0.011571303941309452,1
1789134831468023,0.008754491806030273,0.011571303941309452,1
1789134831468023,0.008754491806030273,0.011571303941309452,1
1789134831516023,-0.005265355110168457,0.011307675391435623,1
1789134831528023,0.0022318363189697266,0.011264337226748466,1
1789134831528023,0.0022318363189697266,0.011264337226748466,1
1789134831528023,0.0022318363189697266,0.011264337226748466,1
1789134831528023,0.0022318363189697266,0.011264337226748466,1
1789134831564023,0.07601404190063477,0.010913236066699028,1
1789134831576023,0.05124664306640625,0.010755945928394794,1
1789134831588023,0.026577353477478027,0.01053669210523367,1
1789134831588023,0.026577353477478027,0.01053669210523367,1
1789134831588023,0.026577353477478027,0.01053669210523367,1
1789134831588023,0.026577353477478027,0.01053669210523367,1
1789134831588023,0.026577353477478027,0.01053669210523367,1
1789134831636023,0.04426074028015137,0.009926632046699524,1
1789134831648023,0.06945455074310303,0.009785334579646587,1
1789134831648023,0.06945455074310303,0.009785334579646587,1
1789134831648023,0.06945455074310303,0.009785334579646587,1
1789134831648023,0.06945455074310303,0.009785334579646587,1
1789134831648023,0.06945455074310303,0.009785334579646587,1
1789134831696023,0.028594136238098145,0.009128322824835777,1
1789134831708023,0.02762627601623535,0.008989958092570305,1
1789134831708023,0.02762627601623535,0.008989958092570305,1
1789134831708023,0.02762627601623535,0.008989958092570305,1
1789134831732023,0.04470205307006836,0.008680395781993866,1
1789134831732023,0.04470205307006836,0.008680395781993866,1
1789134831756023,0.042377591133117676,0.00842488557100296,1
1789134831768023,0.04262566566467285,0.008336185477674007,1
1789134831768023,0.04262566566467285,0.008336185477674007,1
1789134831768023,0.04262566566467285,0.008336185477674007,1
1789134831768023,0.04262566566467285,0.008336185477674007,1
1789134831768023,0.04262566566467285,0.008336185477674007,1
1789134831816023,0.048693180084228516,0.007833624258637428,1
1789134831828023,0.034877657890319824,0.007719574961811304,1
1789134831828023,0.034877657890319824,0.007719574961811304,1
1789134831828023,0.034877657890319824,0.007719574961811304,1
1789134831852023,0.03719973564147949,0.007609001826494932,1
1789134831864023,0.020560860633850098,0.007568370085209608,1
1789134831876023,0.043111324310302734,0.007531203795224428,1
1789134831888023,0.03453516960144043,0.007486528716981411,1
1789134831888023,0.03453516960144043,0.007486528716981411,1
1789134831888023,0.03453516960144043,0.007486528716981411,1
1789134831888023,0.03453516960144043,0.007486528716981411,1
1789134831888023,0.03453516960144043,0.007486528716981411,1
1789134831936023,0.0009521245956420898,0.0075520421378314495,1
1789134831948023,-0.02672743797302246,0.007685385644435883,1
1789134831948023,-0.02672743797302246,0.007685385644435883,1
1789134831948023,-0.02672743797302246,0.007685385644435883,1
1789134831948023,-0.02672743797302246,0.007685385644435883,1
1789134831948023,-0.02672743797302246,0.007685385644435883,1
1789134831996023,-0.017539620399475098,0.008154160343110561,1
1789134832008023,-0.040108680725097656,0.008246281184256077,1
1789134832008023,-0.040108680725097656,0.008246281184256077,1
1789134832008023,-0.040108680725097656,0.008246281184256077,1
1789134832008023,-0.040108680725097656,0.008246281184256077,1
1789134832044023,-0.023034214973449707,0.008653310127556324,1
1789134832056023,-0.021210551261901855,0.008728068321943283,1
1789134832068023,-0.01675283908843994,0.00886506773531437,1
1789134832068023,-0.01675283908843994,0.00886506773531437,1
1789134832068023,-0.01675283908843994,0.00886506773531437,1
1789134832092023,-0.04577362537384033,0.009102308191359043,1
1789134832092023,-0.04577362537384033,0.009102308191359043,1
1789134832116023,-0.00012814998626708984,0.009257599711418152,1
1789134832128023,-0.016502976417541504,0.00929662398993969,1
1789134832128023,-0.016502976417541504,0.00929662398993969,1
1789134832128023,-0.016502976417541504,0.00929662398993969,1
1789134832128023,-0.016502976417541504,0.00929662398993969,1
1789134832128023,-0.016502976417541504,0.00929662398993969,1
1789134832176023,-0.019091486930847168,0.009550441987812519,1
1789134832188023,-0.018681645393371582,0.009618323296308517,1
1789134832188023,-0.018681645393371582,0.009618323296308517,1
1789134832188023,-0.018681645393371582,0.009618323296308517,1
1789134832188023,-0.018681645393371582,0.009618323296308517,1
1789134832224023,-0.018096566200256348,0.009696166031062603,1
1789134832236023,-0.00913095474243164,0.009714890271425247,1
1789134832248023,-0.007576584815979004,0.009712088853120804,1
1789134832248023,-0.007576584815979004,0.009712088853120804,1
1789134832248023,-0.007576584815979004,0.009712088853120804,1
1789134832248023,-0.007576584815979004,0.009712088853120804,1
1789134832248023,-0.007576584815979004,0.009712088853120804,1
1789134832296023,-0.009120583534240723,0.009667727164924145,1
1789134832308023,-0.012561678886413574,0.009629102423787117,1
1789134832308023,-0.012561678886413574,0.009629102423787117,1
1789134832308023,-0.012561678886413574,0.009629102423787117,1
1789134832308023,-0.012561678886413574,0.009629102423787117,1
1789134832308023,-0.012561678886413574,0.009629102423787117,1
1789134832356023,-0.009561300277709961,0.009531447663903236,1
1789134832368023,-0.00216066837310791,0.009499108418822289,1
1789134832368023,-0.00216066837310791,0.009499108418822289,1
1789134832368182,-0.00216066837310791,0.009499108418822289,1
1789134832368182,-0.00216066837310791,0.009499108418822289,1
1789134832368182,-0.00216066837310791,0.009499108418822289,1
1789134832416182,-0.0009975433349609375,0.009283405728638172,1
1789134832428182,-0.006399750709533691,0.00921291671693325,1
1789134832428182,-0.006399750709533691,0.00921291671693325,1
1789134832428182,-0.006399750709533691,0.00921291671693325,1
1789134832428182,-0.006399750709533691,0.00921291671693325,1
1789134832428182,-0.006399750709533691,0.00921291671693325,1
1789134832476182,-0.001950383186340332,0.008980929851531982,1
1789134832488182,-0.0006251335144042969,0.008929366245865822,1
1789134832488182,-0.0006251335144042969,0.008929366245865822,1
1789134832488182,-0.0006251335144042969,0.008929366245865822,1
1789134832488182,-0.0006251335144042969,0.008929366245865822,1
1789134832524182,-0.00970757007598877,0.008725873194634914,1
1789134832536182,-0.024368882179260254,0.008691394701600075,1
1789134832548182,-0.025738835334777832,0.008627433329820633,1
1789134832548182,-0.025738835334777832,0.008627433329820633,1
1789134832548182,-0.025738835334777832,0.008627433329820633,1
1789134832548182,-0.025738835334777832,0.008627433329820633,1
1789134832548182,-0.025738835334777832,0.008627433329820633,1
1789134832596182,-0.01022648811340332,0.008369158022105694,1
1789134832608182,0.0043487548828125,0.008302269503474236,1
1789134832608182,0.0043487548828125,0.008302269503474236,1
1789134832620182,0.00018131732940673828,0.00813205260783434,1
1789134832620182,0.00018131732940673828,0.00813205260783434,1
1789134832620182,0.00018131732940673828,0.00813205260783434,1
1789134832656182,0.0015892982482910156,0.007836377248167992,1
1789134832668182,-0.008875012397766113,0.007690708618611097,1
1789134832668182,-0.008875012397766113,0.007690708618611097,1
1789134832668182,-0.008875012397766113,0.007690708618611097,1
1789134832668182,-0.008875012397766113,0.007690708618611097,1
1789134832668182,-0.008875012397766113,0.007690708618611097,1
1789134832716182,0.011297106742858887,0.007211747579276562,1
1789134832728182,0.010720968246459961,0.007100076414644718,1
1789134832728182,0.010720968246459961,0.007100076414644718,1
1789134832728182,0.010720968246459961,0.007100076414644718,1
1789134832752182,-0.020978808403015137,0.006838684435933828,1
1789134832752182,-0.020978808403015137,0.006838684435933828,1
1789134832776182,-0.02498006820678711,0.006665886379778385,1
1789134832788182,-0.02472400665283203,0.006567440461367369,1
1789134832788182,-0.02472400665283203,0.006567440461367369,1
1789134832788182,-0.02472400665283203,0.006567440461367369,1
1789134832788182,-0.02472400665283203,0.006567440461367369,1
1789134832788182,-0.02472400665283203,0.006567440461367369,1
1789134832836182,-0.012154579162597656,0.006134313065558672,1
1789134832848182,-0.00882565975189209,0.006042193621397018,1
1789134832848182,-0.00882565975189209,0.006042193621397018,1
1789134832848182,-0.00882565975189209,0.006042193621397018,1
1789134832848182,-0.00882565975189209,0.006042193621397018,1
1789134832884182,-0.03854548931121826,0.005607052240520716,1
1789134832896182,-0.02224266529083252,0.0055298469960689545,1
1789134832908182,-0.032222628593444824,0.005400990601629019,1
1789134832908182,-0.032222628593444824,0.005400990601629019,1
1789134832908182,-0.032222628593444824,0.005400990601629019,1
1789134832908182,-0.032222628593444824,0.005400990601629019,1
1789134832908182,-0.032222628593444824,0.005400990601629019,1
1789134832956182,-0.02391195297241211,0.004804754164069891,1
1789134832968182,-0.007506966590881348,0.004688307177275419,1
1789134832968182,-0.007506966590881348,0.004688307177275419,1
1789134832968182,-0.007506966590881348,0.004688307177275419,1
1789134832968182,-0.007506966590881348,0.004688307177275419,1
1789134832968182,-0.007506966590881348,0.004688307177275419,1
1789134833016182,-0.020659446716308594,0.00386325316503644,1
1789134833028182,-0.00848543643951416,0.0035832487046718597,1
1789134833028182,-0.00848543643951416,0.0035832487046718597,1
1789134833028182,-0.00848543643951416,0.0035832487046718597,1
1789134833028182,-0.00848543643951416,0.0035832487046718597,1
1789134833028182,-0.00848543643951416,0.0035832487046718597,1
1789134833076182,0.0033249855041503906,0.0027608994860202074,1
1789134833088182,0.03214597702026367,0.0025816813576966524,1
1789134833088182,0.03214597702026367,0.0025816813576966524,1
1789134833088182,0.03214597702026367,0.0025816813576966524,1
1789134833088182,0.03214597702026367,0.0025816813576966524,1
1789134833088182,0.03214597702026367,0.0025816813576966524,1
1789134833136182,0.00010800361633300781,0.0013874804135411978,1
1789134833148182,-0.02321445941925049,0.0011020663660019636,1
1789134833148182,-0.02321445941925049,0.0011020663660019636,1
1789134833148182,-0.02321445941925049,0.0011020663660019636,1
1789134833148182,-0.02321445941925049,0.0011020663660019636,1
1789134833184182,-0.008985042572021484,0.00047774353879503906,1
1789134833196182,0.051514267921447754,-4.2200186726404354e-05,1
1789134833208182,0.008009672164916992,-0.0002826534619089216,1
1789134833208182,0.008009672164916992,-0.0002826534619089216,1
1789134833208182,0.008009672164916992,-0.0002826534619089216,1
1789134833208182,0.008009672164916992,-0.0002826534619089216,1
1789134833208182,0.008009672164916992,-0.0002826534619089216,1
1789134833256182,0.03964245319366455,-0.001664598472416401,1
1789134833268182,0.02276146411895752,-0.0021245963871479034,1
1789134833268182,0.02276146411895752,-0.0021245963871479034,1
1789134833280182,0.027522563934326172,-0.002353307558223605,1
1789134833280182,0.027522563934326172,-0.002353307558223605,1
1789134833280182,0.027522563934326172,-0.002353307558223605,1
1789134833316182,0.01649940013885498,-0.003337626811116934,1
1789134833328182,-0.0004987716674804688,-0.0035501220263540745,1
1789134833328182,-0.0004987716674804688,-0.0035501220263540745,1
1789134833328182,-0.0004987716674804688,-0.0035501220263540745,1
1789134833328182,-0.0004987716674804688,-0.0035501220263540745,1
1789134833328182,-0.0004987716674804688,-0.0035501220263540745,1
1789134833376182,0.04985165596008301,-0.0050195809453725815,1
1789134833388182,0.01597130298614502,-0.005505929235368967,1
1789134833388340,0.01597130298614502,-0.005505929235368967,1
1789134833388340,0.01597130298614502,-0.005505929235368967,1
1789134833412340,-0.005272269248962402,-0.006064142566174269,1
1789134833412340,-0.005272269248962402,-0.006064142566174269,1
1789134833436340,0.00865471363067627,-0.006583164446055889,1
1789134833448340,0.00041604042053222656,-0.006772271823137999,1
1789134833448340,0.00041604042053222656,-0.006772271823137999,1
1789134833448340,0.00041604042053222656,-0.006772271823137999,1
1789134833448340,0.00041604042053222656,-0.006772271823137999,1
1789134833448340,0.00041604042053222656,-0.006772271823137999,1
1789134833496340,0.025817275047302246,-0.007938473485410213,1
1789134833508340,0.0018808841705322266,-0.008312277495861053,1
1789134833508340,0.0018808841705322266,-0.008312277495861053,1
1789134833508340,0.0018808841705322266,-0.008312277495861053,1
1789134833508340,0.0018808841705322266,-0.008312277495861053,1
1789134833544340,0.0028917789459228516,-0.00896025262773037,1
1789134833556340,-0.03406870365142822,-0.009263566695153713,1
1789134833568340,-0.03448748588562012,-0.009371377527713776,1
1789134833568340,-0.03448748588562012,-0.009371377527713776,1
1789134833568340,-0.03448748588562012,-0.009371377527713776,1
1789134833568340,-0.03448748588562012,-0.009371377527713776,1
1789134833568340,-0.03448748588562012,-0.009371377527713776,1
1789134833616340,0.015764236450195312,-0.010370954871177673,1
1789134833628340,0.03172338008880615,-0.010832040570676327,1
1789134833628340,0.03172338008880615,-0.010832040570676327,1
1789134833628340,0.03172338008880615,-0.010832040570676327,1
1789134833628340,0.03172338008880615,-0.010832040570676327,1
1789134833628340,0.03172338008880615,-0.010832040570676327,1
1789134833676340,0.005058646202087402,-0.011907861568033695,1
1789134833688340,-0.008928656578063965,-0.012078042142093182,1
1789134833688340,-0.008928656578063965,-0.012078042142093182,1
1789134833688340,-0.008928656578063965,-0.012078042142093182,1
1789134833712340,-0.0013831853866577148,-0.012534738518297672,1
1789134833712340,-0.0013831853866577148,-0.012534738518297672,1
1789134833736340,0.008609294891357422,-0.013051233254373074,1
1789134833748340,0.03206527233123779,-0.013514616526663303,1
1789134833748340,0.03206527233123779,-0.013514616526663303,1
1789134833748340,0.03206527233123779,-0.013514616526663303,1
1789134833748340,0.03206527233123779,-0.013514616526663303,1
1789134833748340,0.03206527233123779,-0.013514616526663303,1
1789134833796340,-0.009403467178344727,-0.014661049470305443,1
1789134833808340,-0.01378023624420166,-0.01479568611830473,1
1789134833808340,-0.01378023624420166,-0.01479568611830473,1
1789134833808340,-0.01378023624420166,-0.01479568611830473,1
1789134833808340,-0.01378023624420166,-0.01479568611830473,1
1789134833844340,-0.0031957626342773438,-0.015503361821174622,1
1789134833856340,-0.004151582717895508,-0.015648750588297844,1
1789134833868340,0.001323699951171875,-0.01593942940235138,1
1789134833868340,0.001323699951171875,-0.01593942940235138,1
1789134833868340,0.001323699951171875,-0.01593942940235138,1
1789134833868340,0.001323699951171875,-0.01593942940235138,1
1789134833868340,0.001323699951171875,-0.01593942940235138,1
1789134833916340,-0.008557677268981934,-0.016727617010474205,1
1789134833928340,-0.002055644989013672,-0.016852648928761482,1
1789134833928340,-0.002055644989013672,-0.016852648928761482,1
1789134833940340,0.007861852645874023,-0.017126670107245445,1
1789134833940340,0.007861852645874023,-0.017126670107245445,1
1789134833940340,0.007861852645874023,-0.017126670107245445,1
1789134833976340,0.00586092472076416,-0.017658500000834465,1
1789134833988340,-0.007826566696166992,-0.01789429970085621,1
1789134833988340,-0.007826566696166992,-0.01789429970085621,1
1789134833988340,-0.007826566696166992,-0.01789429970085621,1
1789134833988340,-0.007826566696166992,-0.01789429970085621,1
1789134833988340,-0.007826566696166992,-0.01789429970085621,1
1789134834036340,-0.005074739456176758,-0.018512023612856865,1
1789134834048340,-0.006753683090209961,-0.018623564392328262,1
1789134834048340,-0.006753683090209961,-0.018623564392328262,1
1789134834048340,-0.006753683090209961,-0.018623564392328262,1
1789134834072340,-0.0184175968170166,-0.018883077427744865,1
1789134834072340,-0.0184175968170166,-0.018883077427744865,1
1789134834096340,-0.013997316360473633,-0.01912079192698002,1
1789134834108340,-0.009297728538513184,-0.019296979531645775,1
1789134834108340,-0.009297728538513184,-0.019296979531645775,1
1789134834108340,-0.009297728538513184,-0.019296979531645775,1
1789134834108340,-0.009297728538513184,-0.019296979531645775,1
1789134834108340,-0.009297728538513184,-0.019296979531645775,1
1789134834156340,-0.02420973777770996,-0.019804932177066803,1
1789134834168340,-0.02178335189819336,-0.019869724288582802,1
1789134834168340,-0.02178335189819336,-0.019869724288582802,1
1789134834168340,-0.02178335189819336,-0.019869724288582802,1
1789134834168340,-0.02178335189819336,-0.019869724288582802,1
1789134834204340,-0.0177687406539917,-0.020236223936080933,1
1789134834216340,-0.014108657836914062,-0.02031918615102768,1
1789134834228340,-0.0025925636291503906,-0.0204942487180233,1
1789134834228340,-0.0025925636291503906,-0.0204942487180233,1
1789134834228340,-0.0025925636291503906,-0.0204942487180233,1
1789134834228340,-0.0025925636291503906,-0.0204942487180233,1
1789134834228340,-0.0025925636291503906,-0.0204942487180233,1
1789134834276340,-0.010397791862487793,-0.020985573530197144,1
1789134834288340,-0.0264054536819458,-0.021057968959212303,1
1789134834288340,-0.0264054536819458,-0.021057968959212303,1
1789134834288340,-0.0264054536819458,-0.021057968959212303,1
1789134834288340,-0.0264054536819458,-0.021057968959212303,1
1789134834288340,-0.0264054536819458,-0.021057968959212303,1
1789134834336340,0.0024366378784179688,-0.021582676097750664,1
1789134834348340,0.01893305778503418,-0.02180173061788082,1
1789134834348340,0.01893305778503418,-0.02180173061788082,1
1789134834348340,0.01893305778503418,-0.02180173061788082,1
1789134834372340,0.0031440258026123047,-0.022224636748433113,1
1789134834372340,0.0031440258026123047,-0.022224636748433113,1
1789134834396498,0.009427785873413086,-0.022555718198418617,1
1789134834408498,0.021468400955200195,-0.0226824302226305,1
1789134834408498,0.021468400955200195,-0.0226824302226305,1
1789134834408498,0.021468400955200195,-0.0226824302226305,1
1789134834408498,0.021468400955200195,-0.0226824302226305,1
1789134834408498,0.021468400955200195,-0.0226824302226305,1
1789134834456498,0.0059130191802978516,-0.023361187428236008,1
1789134834468498,0.018393278121948242,-0.023579498752951622,1
1789134834468498,0.018393278121948242,-0.023579498752951622,1
1789134834468498,0.018393278121948242,-0.023579498752951622,1
1789134834468498,0.018393278121948242,-0.023579498752951622,1
1789134834504498,0.01787722110748291,-0.024038391187787056,1
1789134834516498,0.001904129981994629,-0.024222126230597496,1
1789134834528498,-0.007080793380737305,-0.024285688996315002,1
1789134834528498,-0.007080793380737305,-0.024285688996315002,1
1789134834528498,-0.007080793380737305,-0.024285688996315002,1
1789134834528498,-0.007080793380737305,-0.024285688996315002,1
1789134834528498,-0.007080793380737305,-0.024285688996315002,1
1789134834576498,0.012955784797668457,-0.024897713214159012,1
1789134834588498,0.010470867156982422,-0.025051498785614967,1
1789134834588498,0.010470867156982422,-0.025051498785614967,1
1789134834600498,-0.013739705085754395,-0.025115910917520523,1
1789134834600498,-0.013739705085754395,-0.025115910917520523,1
1789134834600498,-0.013739705085754395,-0.025115910917520523,1
1789134834636498,-0.014363288879394531,-0.025306373834609985,1
1789134834648498,-0.007015824317932129,-0.025339925661683083,1
1789134834648498,-0.007015824317932129,-0.025339925661683083,1
1789134834648498,-0.007015824317932129,-0.025339925661683083,1
1789134834648498,-0.007015824317932129,-0.025339925661683083,1
1789134834648498,-0.007015824317932129,-0.025339925661683083,1
1789134834696498,-0.007072806358337402,-0.025484466925263405,1
1789134834708498,-0.009412050247192383,-0.025509696453809738,1
1789134834708498,-0.009412050247192383,-0.025509696453809738,1
1789134834708498,-0.009412050247192383,-0.025509696453809738,1
1789134834732498,-0.004228353500366211,-0.025551773607730865,1
1789134834732498,-0.004228353500366211,-0.025551773607730865,1
1789134834756498,-0.01024925708770752,-0.025579430162906647,1
1789134834768498,-0.011398553848266602,-0.02558988705277443,1
1789134834768498,-0.011398553848266602,-0.02558988705277443,1
1789134834768498,-0.011398553848266602,-0.02558988705277443,1
1789134834768498,-0.011398553848266602,-0.02558988705277443,1
1789134834768498,-0.011398553848266602,-0.02558988705277443,1
1789134834816498,-0.013732433319091797,-0.025651128962635994,1
1789134834828498,-0.011446356773376465,-0.025652838870882988,1
1789134834828498,-0.011446356773376465,-0.025652838870882988,1
1789134834828498,-0.011446356773376465,-0.025652838870882988,1
1789134834852498,-0.01445019245147705,-0.02567337080836296,1
1789134834864498,-0.014208793640136719,-0.02567492425441742,1
1789134834876498,-0.0139390230178833,-0.025682032108306885,1
1789134834888498,-0.021337509155273438,-0.02567988447844982,1
1789134834888498,-0.021337509155273438,-0.02567988447844982,1
1789134834888498,-0.021337509155273438,-0.02567988447844982,1
1789134834888498,-0.021337509155273438,-0.02567988447844982,1
1789134834888498,-0.021337509155273438,-0.02567988447844982,1
1789134834936498,-0.018016934394836426,-0.025586744770407677,1
1789134834948498,-0.016824007034301758,-0.025580527260899544,1
1789134834948498,-0.016824007034301758,-0.025580527260899544,1
1789134834948498,-0.016824007034301758,-0.025580527260899544,1
1789134834948498,-0.016824007034301758,-0.025580527260899544,1
1789134834948498,-0.016824007034301758,-0.025580527260899544,1
1789134834996498,-0.020412087440490723,-0.025517869740724564,1
1789134835008498,-0.021082162857055664,-0.025506993755698204,1
1789134835008498,-0.021082162857055664,-0.025506993755698204,1
1789134835008498,-0.021082162857055664,-0.025506993755698204,1
1789134835032498,-0.019579052925109863,-0.025463512167334557,1
1789134835044498,-0.01573324203491211,-0.025446048006415367,1
1789134835056498,-0.019075393676757812,-0.025441166013479233,1
1789134835068498,-0.023775577545166016,-0.025413569062948227,1
1789134835068498,-0.023775577545166016,-0.025413569062948227,1
1789134835068498,-0.023775577545166016,-0.025413569062948227,1
1789134835068498,-0.023775577545166016,-0.025413569062948227,1
1789134835068498,-0.023775577545166016,-0.025413569062948227,1
1789134835116498,-0.019849538803100586,-0.025317193940281868,1
1789134835128498,-0.020308613777160645,-0.025303658097982407,1
1789134835128498,-0.020308613777160645,-0.025303658097982407,1
1789134835128498,-0.020308613777160645,-0.025303658097982407,1
1789134835128498,-0.020308613777160645,-0.025303658097982407,1
1789134835164498,-0.018098950386047363,-0.025250962004065514,1
1789134835176498,-0.015302300453186035,-0.02524523064494133,1
1789134835188498,-0.014344334602355957,-0.025217490270733833,1
1789134835188498,-0.014344334602355957,-0.025217490270733833,1
1789134835188498,-0.014344334602355957,-0.025217490270733833,1
1789134835188498,-0.014344334602355957,-0.025217490270733833,1
1789134835188498,-0.014344334602355957,-0.025217490270733833,1
1789134835236498,-0.02094435691833496,-0.02512672170996666,1
1789134835248498,-0.02693653106689453,-0.02510770969092846,1
1789134835248498,-0.02693653106689453,-0.02510770969092846,1
1789134835260498,-0.017676115036010742,-0.025060290470719337,1
1789134835260498,-0.017676115036010742,-0.025060290470719337,1
1789134835260498,-0.017676115036010742,-0.025060290470719337,1
1789134835296498,-0.026218414306640625,-0.024960756301879883,1
1789134835308498,-0.02596890926361084,-0.024910079315304756,1
1789134835308498,-0.02596890926361084,-0.024910079315304756,1
1789134835308498,-0.02596890926361084,-0.024910079315304756,1
1789134835308498,-0.02596890926361084,-0.024910079315304756,1
1789134835308498,-0.02596890926361084,-0.024910079315304756,1
1789134835356498,-0.027179241180419922,-0.024781357496976852,1
1789134835368498,-0.020390748977661133,-0.02475910820066929,1
1789134835368498,-0.020390748977661133,-0.02475910820066929,1
1789134835368498,-0.020390748977661133,-0.02475910820066929,1
1789134835392498,-0.020328521728515625,-0.024708345532417297,1
1789134835392656,-0.020328521728515625,-0.024708345532417297,1
1789134835416656,-0.01937711238861084,-0.02464737743139267,1
1789134835428656,-0.0199357271194458,-0.024609534069895744,1
1789134835428656,-0.0199357271194458,-0.024609534069895744,1
1789134835428656,-0.0199357271194458,-0.024609534069895744,1
1789134835428656,-0.0199357271194458,-0.024609534069895744,1
1789134835428656,-0.0199357271194458,-0.024609534069895744,1
1789134835476656,-0.019237637519836426,-0.024545563384890556,1
1789134835488656,-0.018880248069763184,-0.024533038958907127,1
1789134835488656,-0.018880248069763184,-0.024533038958907127,1
1789134835488656,-0.018880248069763184,-0.024533038958907127,1
1789134835488656,-0.018880248069763184,-0.024533038958907127,1
1789134835524656,-0.01975727081298828,-0.024449903517961502,1
1789134835536656,-0.02177441120147705,-0.024435201659798622,1
1789134835548656,-0.021693944931030273,-0.02442762441933155,1
1789134835548656,-0.021693944931030273,-0.02442762441933155,1
1789134835548656,-0.021693944931030273,-0.02442762441933155,1
1789134835548656,-0.021693944931030273,-0.02442762441933155,1
1789134835548656,-0.021693944931030273,-0.02442762441933155,1
1789134835596656,-0.029487967491149902,-0.024271875619888306,1
1789134835608656,-0.028881192207336426,-0.024245919659733772,1
1789134835608656,-0.028881192207336426,-0.024245919659733772,1
1789134835608656,-0.028881192207336426,-0.024245919659733772,1
1789134835608656,-0.028881192207336426,-0.024245919659733772,1
1789134835608656,-0.028881192207336426,-0.024245919659733772,1
1789134835656656,-0.021347403526306152,-0.024126917123794556,1
1789134835668656,-0.016321420669555664,-0.02410658448934555,1
1789134835668656,-0.016321420669555664,-0.02410658448934555,1
1789134835668656,-0.016321420669555664,-0.02410658448934555,1
1789134835692656,-0.027579665184020996,-0.024031728506088257,1
1789134835692656,-0.027579665184020996,-0.024031728506088257,1
1789134835716656,-0.004412055015563965,-0.024036185815930367,1
1789134835728656,-0.004770040512084961,-0.024044694378972054,1
1789134835728656,-0.004770040512084961,-0.024044694378972054,1
1789134835728656,-0.004770040512084961,-0.024044694378972054,1
1789134835728656,-0.004770040512084961,-0.024044694378972054,1
1789134835728656,-0.004770040512084961,-0.024044694378972054,1
1789134835776656,-0.0034407377243041992,-0.02400672622025013,1
1789134835788656,-0.02937757968902588,-0.023952363058924675,1
1789134835788656,-0.02937757968902588,-0.023952363058924675,1
1789134835788656,-0.02937757968902588,-0.023952363058924675,1
1789134835788656,-0.02937757968902588,-0.023952363058924675,1
1789134835824656,-0.03363490104675293,-0.023833874613046646,1
1789134835836656,-0.030919551849365234,-0.02369643747806549,1
1789134835848656,-0.03156590461730957,-0.023652415722608566,1
1789134835848656,-0.03156590461730957,-0.023652415722608566,1
1789134835848656,-0.03156590461730957,-0.023652415722608566,1
1789134835848656,-0.03156590461730957,-0.023652415722608566,1
1789134835848656,-0.03156590461730957,-0.023652415722608566,1
1789134835896656,-0.029822468757629395,-0.02338922955095768,1
1789134835908656,-0.02783381938934326,-0.02327752113342285,1
1789134835908656,-0.02783381938934326,-0.02327752113342285,1
1789134835920656,-0.029278993606567383,-0.02323101833462715,1
1789134835920656,-0.029278993606567383,-0.02323101833462715,1
1789134835920656,-0.029278993606567383,-0.02323101833462715,1
1789134835956656,-0.030395150184631348,-0.022976038977503777,1
1789134835968656,-0.0357203483581543,-0.02291899360716343,1
1789134835968656,-0.0357203483581543,-0.02291899360716343,1
1789134835968656,-0.0357203483581543,-0.02291899360716343,1
1789134835968656,-0.0357203483581543,-0.02291899360716343,1
1789134835968656,-0.0357203483581543,-0.02291899360716343,1
1789134836016656,-0.019254684448242188,-0.02263503707945347,1
1789134836028656,-0.019127368927001953,-0.02255132421851158,1
1789134836028656,-0.019127368927001953,-0.02255132421851158,1
1789134836028656,-0.019127368927001953,-0.02255132421851158,1
1789134836052656,-0.03326070308685303,-0.02242320217192173,1
1789134836052656,-0.03326070308685303,-0.02242320217192173,1
1789134836076656,-0.02539658546447754,-0.02228248491883278,1
1789134836088656,-0.03238093852996826,-0.022227929905056953,1
1789134836088656,-0.03238093852996826,-0.022227929905056953,1
1789134836088656,-0.03238093852996826,-0.022227929905056953,1
1789134836088656,-0.03238093852996826,-0.022227929905056953,1
1789134836088656,-0.03238093852996826,-0.022227929905056953,1
1789134836136656,-0.010765671730041504,-0.022023342549800873,1
1789134836148656,-0.010021209716796875,-0.021979931741952896,1
1789134836148656,-0.010021209716796875,-0.021979931741952896,1
1789134836148656,-0.010021209716796875,-0.021979931741952896,1
1789134836148656,-0.010021209716796875,-0.021979931741952896,1
1789134836184656,-0.04496181011199951,-0.02161206118762493,1
1789134836196656,-0.03632032871246338,-0.02144404500722885,1
1789134836208656,-0.009233474731445312,-0.021399958059191704,1
1789134836208656,-0.009233474731445312,-0.021399958059191704,1
1789134836208656,-0.009233474731445312,-0.021399958059191704,1
1789134836208656,-0.009233474731445312,-0.021399958059191704,1
1789134836208656,-0.009233474731445312,-0.021399958059191704,1
1789134836256656,-0.02570199966430664,-0.021167321130633354,1
1789134836268656,-0.09424328804016113,-0.02101704850792885,1
1789134836268656,-0.09424328804016113,-0.02101704850792885,1
1789134836268656,-0.09424328804016113,-0.02101704850792885,1
1789134836268656,-0.09424328804016113,-0.02101704850792885,1
1789134836268656,-0.09424328804016113,-0.02101704850792885,1
1789134836316656,-0.0367887020111084,-0.02031358703970909,1
1789134836328656,-0.02817082405090332,-0.02026328071951866,1
1789134836328656,-0.02817082405090332,-0.02026328071951866,1
1789134836328656,-0.02817082405090332,-0.02026328071951866,1
1789134836352656,-0.08029425144195557,-0.020015006884932518,1
1789134836352656,-0.08029425144195557,-0.020015006884932518,1
1789134836376656,-0.07106757164001465,-0.019696081057190895,1
1789134836388656,-0.061666011810302734,-0.019477568566799164,1
1789134836388656,-0.061666011810302734,-0.019477568566799164,1
1789134836388814,-0.061666011810302734,-0.019477568566799164,1
1789134836388814,-0.061666011810302734,-0.019477568566799164,1
1789134836388814,-0.061666011810302734,-0.019477568566799164,1
1789134836436814,-0.06231129169464111,-0.019002150744199753,1
1789134836448814,-0.05407607555389404,-0.018952984362840652,1
1789134836448814,-0.05407607555389404,-0.018952984362840652,1
1789134836448814,-0.05407607555389404,-0.018952984362840652,1
1789134836448814,-0.05407607555389404,-0.018952984362840652,1
1789134836484814,-0.05006289482116699,-0.018749907612800598,1
1789134836496814,-0.04974532127380371,-0.01873762533068657,1
1789134836508814,-0.04385685920715332,-0.018702432513237,1
1789134836508814,-0.04385685920715332,-0.018702432513237,1
1789134836508814,-0.04385685920715332,-0.018702432513237,1
1789134836508814,-0.04385685920715332,-0.018702432513237,1
1789134836508814,-0.04385685920715332,-0.018702432513237,1
1789134836556814,0.0097581148147583,-0.019065814092755318,1
1789134836568814,0.015245318412780762,-0.019160989671945572,1
1789134836568814,0.015245318412780762,-0.019160989671945572,1
1789134836580814,-0.008299946784973145,-0.019328661262989044,1
1789134836580814,-0.008299946784973145,-0.019328661262989044,1
1789134836580814,-0.008299946784973145,-0.019328661262989044,1
1789134836616814,-0.014765024185180664,-0.01953831873834133,1
1789134836628814,-0.02425360679626465,-0.019640542566776276,1
1789134836628814,-0.02425360679626465,-0.019640542566776276,1
1789134836628814,-0.02425360679626465,-0.019640542566776276,1
1789134836628814,-0.02425360679626465,-0.019640542566776276,1
1789134836628814,-0.02425360679626465,-0.019640542566776276,1
1789134836676814,-0.022086262702941895,-0.01998709887266159,1
1789134836688814,-0.023470044136047363,-0.02004345692694187,1
1789134836688814,-0.023470044136047363,-0.02004345692694187,1
1789134836688814,-0.023470044136047363,-0.02004345692694187,1
1789134836712814,-0.024031996726989746,-0.0202278271317482,1
1789134836712814,-0.024031996726989746,-0.0202278271317482,1
1789134836736814,-0.03518116474151611,-0.020390160381793976,1
1789134836748814,-0.029273152351379395,-0.020506316795945168,1
1789134836748814,-0.029273152351379395,-0.020506316795945168,1
1789134836748814,-0.029273152351379395,-0.020506316795945168,1
1789134836748814,-0.029273152351379395,-0.020506316795945168,1
1789134836748814,-0.029273152351379395,-0.020506316795945168,1
1789134836796814,0.003167390823364258,-0.020959684625267982,1
1789134836808814,0.006433010101318359,-0.02106204256415367,1
1789134836808814,0.006433010101318359,-0.02106204256415367,1
1789134836808814,0.006433010101318359,-0.02106204256415367,1
1789134836808814,0.006433010101318359,-0.02106204256415367,1
1789134836844814,-0.01500856876373291,-0.021508291363716125,1
1789134836856814,-0.016466617584228516,-0.02157606929540634,1
1789134836868814,-0.007673025131225586,-0.02171841822564602,1
1789134836868814,-0.007673025131225586,-0.02171841822564602,1
1789134836868814,-0.007673025131225586,-0.02171841822564602,1
1789134836868814,-0.007673025131225586,-0.02171841822564602,1
1789134836868814,-0.007673025131225586,-0.02171841822564602,1
1789134836916814,0.0046617984771728516,-0.02225051447749138,1
1789134836928814,-0.006766796112060547,-0.022344786673784256,1
1789134836928814,-0.006766796112060547,-0.022344786673784256,1
1789134836928814,-0.006766796112060547,-0.022344786673784256,1
1789134836928814,-0.006766796112060547,-0.022344786673784256,1
1789134836928814,-0.006766796112060547,-0.022344786673784256,1
1789134836976814,-0.0019462108612060547,-0.022854262962937355,1
1789134836988814,-0.006940484046936035,-0.022982539609074593,1
1789134836988814,-0.006940484046936035,-0.022982539609074593,1
1789134836988814,-0.006940484046936035,-0.022982539609074593,1
1789134837012814,-0.018421411514282227,-0.02311181090772152,1
1789134837012814,-0.018421411514282227,-0.02311181090772152,1
1789134837036814,-0.01756763458251953,-0.023266024887561798,1
1789134837048814,0.03252875804901123,-0.023359298706054688,1
1789134837048814,0.03252875804901123,-0.023359298706054688,1
1789134837048814,0.03252875804901123,-0.023359298706054688,1
1789134837048814,0.03252875804901123,-0.023359298706054688,1
1789134837048814,0.03252875804901123,-0.023359298706054688,1
1789134837096814,0.0017544031143188477,-0.02403673157095909,1
1789134837108814,-0.04104781150817871,-0.024120407178997993,1
1789134837108814,-0.04104781150817871,-0.024120407178997993,1
1789134837108814,-0.04104781150817871,-0.024120407178997993,1
1789134837108814,-0.04104781150817871,-0.024120407178997993,1
1789134837144814,0.00881814956665039,-0.02436196804046631,1
1789134837156814,-0.009943127632141113,-0.024496177211403847,1
1789134837168814,-0.03087472915649414,-0.02451419271528721,1
1789134837168814,-0.03087472915649414,-0.02451419271528721,1
1789134837168814,-0.03087472915649414,-0.02451419271528721,1
1789134837168814,-0.03087472915649414,-0.02451419271528721,1
1789134837168814,-0.03087472915649414,-0.02451419271528721,1
1789134837216814,0.04082596302032471,-0.024949295446276665,1
1789134837228814,0.03170323371887207,-0.02514643967151642,1
1789134837228814,0.03170323371887207,-0.02514643967151642,1
1789134837240814,0.012632131576538086,-0.02521585300564766,1
1789134837240814,0.012632131576538086,-0.02521585300564766,1
1789134837240814,0.012632131576538086,-0.02521585300564766,1
1789134837276814,-0.024462223052978516,-0.025113506242632866,1
1789134837288814,-0.05345594882965088,-0.02508007362484932,1
1789134837288814,-0.05345594882965088,-0.02508007362484932,1
1789134837288814,-0.05345594882965088,-0.02508007362484932,1
1789134837288814,-0.05345594882965088,-0.02508007362484932,1
1789134837288814,-0.05345594882965088,-0.02508007362484932,1
1789134837336814,-0.0016181468963623047,-0.025116099044680595,1
1789134837348814,-0.006960272789001465,-0.025142958387732506,1
1789134837348814,-0.006960272789001465,-0.025142958387732506,1
1789134837348814,-0.006960272789001465,-0.025142958387732506,1
1789134837372814,-0.06141185760498047,-0.024977555498480797,1
1789134837372814,-0.06141185760498047,-0.024977555498480797,1
1789134837396814,-0.004308819770812988,-0.024853695183992386,1
1789134837408814,-0.013968586921691895,-0.024844875559210777,1
1789134837408971,-0.013968586921691895,-0.024844875559210777,1
1789134837408971,-0.013968586921691895,-0.024844875559210777,1
1789134837408971,-0.013968586921691895,-0.024844875559210777,1
1789134837408971,-0.013968586921691895,-0.024844875559210777,1
1789134837456971,-0.048943161964416504,-0.024619778618216515,1
1789134837468971,-0.059940338134765625,-0.024497896432876587,1
1789134837468971,-0.059940338134765625,-0.024497896432876587,1
1789134837468971,-0.059940338134765625,-0.024497896432876587,1
1789134837468971,-0.059940338134765625,-0.024497896432876587,1
1789134837504971,-0.0768512487411499,-0.024030480533838272,1
1789134837516971,-0.056031227111816406,-0.023875059559941292,1
1789134837528971,-0.06532847881317139,-0.023806409910321236,1
1789134837528971,-0.06532847881317139,-0.023806409910321236,1
1789134837528971,-0.06532847881317139,-0.023806409910321236,1
1789134837528971,-0.06532847881317139,-0.023806409910321236,1
1789134837528971,-0.06532847881317139,-0.023806409910321236,1
1789134837576971,-0.07528924942016602,-0.023320838809013367,1
1789134837588971,0.020149588584899902,-0.023247094824910164,1
1789134837588971,0.020149588584899902,-0.023247094824910164,1
1789134837588971,0.020149588584899902,-0.023247094824910164,1
1789134837588971,0.020149588584899902,-0.023247094824910164,1
1789134837588971,0.020149588584899902,-0.023247094824910164,1
1789134837636971,0.015495896339416504,-0.02366364747285843,1
1789134837648971,0.0071936845779418945,-0.023769935593008995,1
1789134837648971,0.0071936845779418945,-0.023769935593008995,1
1789134837648971,0.0071936845779418945,-0.023769935593008995,1
1789134837672971,-0.01769733428955078,-0.02395341917872429,1
1789134837672971,-0.01769733428955078,-0.02395341917872429,1
1789134837696971,-0.012341141700744629,-0.024109916761517525,1
1789134837708971,-0.0001405477523803711,-0.02427610382437706,1
1789134837708971,-0.0001405477523803711,-0.02427610382437706,1
1789134837708971,-0.0001405477523803711,-0.02427610382437706,1
1789134837708971,-0.0001405477523803711,-0.02427610382437706,1
1789134837708971,-0.0001405477523803711,-0.02427610382437706,1
1789134837756971,0.001775503158569336,-0.02484557218849659,1
1789134837768971,0.007508993148803711,-0.024931132793426514,1
1789134837768971,0.007508993148803711,-0.024931132793426514,1
1789134837768971,0.007508993148803711,-0.024931132793426514,1
1789134837768971,0.007508993148803711,-0.024931132793426514,1
1789134837804971,0.020843029022216797,-0.02537141554057598,1
1789134837816971,0.028061747550964355,-0.025482892990112305,1
1789134837828971,-0.012778759002685547,-0.025622887536883354,1
1789134837828971,-0.012778759002685547,-0.025622887536883354,1
1789134837828971,-0.012778759002685547,-0.025622887536883354,1
1789134837852971,-0.0031021833419799805,-0.025736389681696892,1
1789134837852971,-0.0031021833419799805,-0.025736389681696892,1
1789134837876971,-0.010371208190917969,-0.025879668071866035,1
1789134837888971,-0.01440274715423584,-0.025912940502166748,1
1789134837888971,-0.01440274715423584,-0.025912940502166748,1
1789134837888971,-0.01440274715423584,-0.025912940502166748,1
1789134837888971,-0.01440274715423584,-0.025912940502166748,1
1789134837888971,-0.01440274715423584,-0.025912940502166748,1
1789134837936971,-0.005935311317443848,-0.026189049705863,1
1789134837948971,-0.011078238487243652,-0.026256892830133438,1
1789134837948971,-0.011078238487243652,-0.026256892830133438,1
1789134837948971,-0.011078238487243652,-0.026256892830133438,1
1789134837948971,-0.011078238487243652,-0.026256892830133438,1
1789134837948971,-0.011078238487243652,-0.026256892830133438,1
1789134837996971,-0.028754830360412598,-0.02623659558594227,1
1789134838008971,-0.03224682807922363,-0.026217233389616013,1
1789134838008971,-0.03224682807922363,-0.026217233389616013,1
1789134838008971,-0.03224682807922363,-0.026217233389616013,1
1789134838032971,-0.012081265449523926,-0.026231469586491585,1
1789134838044971,-0.02850937843322754,-0.026206431910395622,1
1789134838056971,-0.01470482349395752,-0.02620474062860012,1
1789134838068971,-0.0185621976852417,-0.02621605433523655,1
1789134838068971,-0.0185621976852417,-0.02621605433523655,1
1789134838068971,-0.0185621976852417,-0.02621605433523655,1
1789134838068971,-0.0185621976852417,-0.02621605433523655,1
1789134838068971,-0.0185621976852417,-0.02621605433523655,1
1789134838116971,-0.01655256748199463,-0.026235906407237053,1
1789134838128971,-0.018958687782287598,-0.026227880269289017,1
1789134838128971,-0.018958687782287598,-0.026227880269289017,1
1789134838128971,-0.018958687782287598,-0.026227880269289017,1
1789134838128971,-0.018958687782287598,-0.026227880269289017,1
1789134838164971,-0.005463838577270508,-0.026244712993502617,1
1789134838176971,-0.02059197425842285,-0.02625071443617344,1
1789134838188971,-0.023579120635986328,-0.02619023248553276,1
1789134838188971,-0.023579120635986328,-0.02619023248553276,1
1789134838188971,-0.023579120635986328,-0.02619023248553276,1
1789134838188971,-0.023579120635986328,-0.02619023248553276,1
1789134838188971,-0.023579120635986328,-0.02619023248553276,1
1789134838236971,-0.03421354293823242,-0.026124611496925354,1
1789134838248971,-0.02417576313018799,-0.026107145473361015,1
1789134838248971,-0.02417576313018799,-0.026107145473361015,1
1789134838248971,-0.02417576313018799,-0.026107145473361015,1
1789134838248971,-0.02417576313018799,-0.026107145473361015,1
1789134838248971,-0.02417576313018799,-0.026107145473361015,1
1789134838296971,-0.02952253818511963,-0.02604050748050213,1
1789134838308971,-0.02869713306427002,-0.02599712461233139,1
1789134838308971,-0.02869713306427002,-0.02599712461233139,1
1789134838308971,-0.02869713306427002,-0.02599712461233139,1
1789134838332971,-0.026523113250732422,-0.02593444474041462,1
1789134838332971,-0.026523113250732422,-0.02593444474041462,1
1789134838356971,-0.026234149932861328,-0.025875037536025047,1
1789134838368971,-0.02125537395477295,-0.025854963809251785,1
1789134838368971,-0.02125537395477295,-0.025854963809251785,1
1789134838368971,-0.02125537395477295,-0.025854963809251785,1
1789134838368971,-0.02125537395477295,-0.025854963809251785,1
1789134838368971,-0.02125537395477295,-0.025854963809251785,1
1789134838417129,-0.0292203426361084,-0.02571972645819187,1
1789134838429129,-0.025032401084899902,-0.025674408301711082,1
1789134838429129,-0.025032401084899902,-0.025674408301711082,1
1789134838429129,-0.025032401084899902,-0.025674408301711082,1
1789134838429129,-0.025032401084899902,-0.025674408301711082,1
1789134838465129,-0.014539003372192383,-0.025585073977708817,1
1789134838477129,-0.03104078769683838,-0.02551731839776039,1
1789134838489129,-0.023343682289123535,-0.025480100885033607,1
1789134838489129,-0.023343682289123535,-0.025480100885033607,1
1789134838489129,-0.023343682289123535,-0.025480100885033607,1
1789134838489129,-0.023343682289123535,-0.025480100885033607,1
1789134838489129,-0.023343682289123535,-0.025480100885033607,1
1789134838537129,-0.043526530265808105,-0.025261130183935165,1
1789134838549129,-0.03381824493408203,-0.02516181953251362,1
1789134838549129,-0.03381824493408203,-0.02516181953251362,1
1789134838561129,-0.04316067695617676,-0.025100084021687508,1
1789134838561129,-0.04316067695617676,-0.025100084021687508,1
1789134838561129,-0.04316067695617676,-0.025100084021687508,1
1789134838597129,-0.02723217010498047,-0.024858232587575912,1
1789134838609129,0.003912448883056641,-0.02486063353717327,1
1789134838609129,0.003912448883056641,-0.02486063353717327,1
1789134838609129,0.003912448883056641,-0.02486063353717327,1
1789134838609129,0.003912448883056641,-0.02486063353717327,1
1789134838609129,0.003912448883056641,-0.02486063353717327,1
1789134838657129,0.01775658130645752,-0.02493518963456154,1
1789134838669129,0.013797402381896973,-0.02500048838555813,1
1789134838669129,0.013797402381896973,-0.02500048838555813,1
1789134838669129,0.013797402381896973,-0.02500048838555813,1
1789134838693129,0.0009294748306274414,-0.02500908635556698,1
1789134838693129,0.0009294748306274414,-0.02500908635556698,1
1789134838717129,-0.007238268852233887,-0.025087451562285423,1
1789134838729129,0.00045096874237060547,-0.025093447417020798,1
1789134838729129,0.00045096874237060547,-0.025093447417020798,1
1789134838729129,0.00045096874237060547,-0.025093447417020798,1
1789134838729129,0.00045096874237060547,-0.025093447417020798,1
1789134838729129,0.00045096874237060547,-0.025093447417020798,1
1789134838777129,0.006705045700073242,-0.025327634066343307,1
1789134838789129,0.006524801254272461,-0.025386882945895195,1
1789134838789129,0.006524801254272461,-0.025386882945895195,1
1789134838789129,0.006524801254272461,-0.025386882945895195,1
1789134838789129,0.006524801254272461,-0.025386882945895195,1
1789134838825129,0.015152692794799805,-0.02545253559947014,1
1789134838837129,0.0034514665603637695,-0.025508537888526917,1
1789134838849129,0.014544963836669922,-0.02551817148923874,1
1789134838849129,0.014544963836669922,-0.02551817148923874,1
1789134838849129,0.014544963836669922,-0.02551817148923874,1
1789134838849129,0.014544963836669922,-0.02551817148923874,1
1789134838849129,0.014544963836669922,-0.02551817148923874,1
1789134838897129,0.013078808784484863,-0.025667766109108925,1
1789134838909129,-0.007172346115112305,-0.02566118724644184,1
1789134838909129,-0.007172346115112305,-0.02566118724644184,1
1789134838909129,-0.007172346115112305,-0.02566118724644184,1
1789134838909129,-0.007172346115112305,-0.02566118724644184,1
1789134838909129,-0.007172346115112305,-0.02566118724644184,1
1789134838957129,-0.006087064743041992,-0.025524161756038666,1
1789134838969129,0.009395956993103027,-0.02550576813519001,1
1789134838969129,0.009395956993103027,-0.02550576813519001,1
1789134838969129,0.009395956993103027,-0.02550576813519001,1
1789134838993129,-0.0015301704406738281,-0.02546672150492668,1
1789134838993129,-0.0015301704406738281,-0.02546672150492668,1
1789134839017129,-0.022261619567871094,-0.025310087949037552,1
1789134839029129,-0.021379470825195312,-0.025167597457766533,1
1789134839029129,-0.021379470825195312,-0.025167597457766533,1
1789134839029129,-0.021379470825195312,-0.025167597457766533,1
1789134839029129,-0.021379470825195312,-0.025167597457766533,1
1789134839029129,-0.021379470825195312,-0.025167597457766533,1
1789134839077129,-0.015236496925354004,-0.02473635785281658,1
1789134839089129,-0.011169195175170898,-0.02467035874724388,1
1789134839089129,-0.011169195175170898,-0.02467035874724388,1
1789134839089129,-0.011169195175170898,-0.02467035874724388,1
1789134839089129,-0.011169195175170898,-0.02467035874724388,1
1789134839125129,-0.025274991989135742,-0.024374384433031082,1
1789134839137129,-0.027580738067626953,-0.024282198399305344,1
1789134839149129,-0.034448981285095215,-0.02408033050596714,1
1789134839149129,-0.034448981285095215,-0.02408033050596714,1
1789134839149129,-0.034448981285095215,-0.02408033050596714,1
1789134839149129,-0.034448981285095215,-0.02408033050596714,1
1789134839149129,-0.034448981285095215,-0.02408033050596714,1
1789134839197129,-0.03568160533905029,-0.023388296365737915,1
1789134839209129,-0.03861343860626221,-0.023264549672603607,1
1789134839209129,-0.03861343860626221,-0.023264549672603607,1
1789134839221129,-0.026560664176940918,-0.023076625540852547,1
1789134839221129,-0.026560664176940918,-0.023076625540852547,1
1789134839221129,-0.026560664176940918,-0.023076625540852547,1
1789134839257129,-0.023209691047668457,-0.022733768448233604,1
1789134839269129,-0.020683884620666504,-0.022503327578306198,1
1789134839269129,-0.020683884620666504,-0.022503327578306198,1
1789134839269129,-0.020683884620666504,-0.022503327578306198,1
1789134839269129,-0.020683884620666504,-0.022503327578306198,1
1789134839269129,-0.020683884620666504,-0.022503327578306198,1
1789134839317129,-0.035382866859436035,-0.021829988807439804,1
1789134839329129,-0.04299604892730713,-0.0216973964124918,1
1789134839329129,-0.04299604892730713,-0.0216973964124918,1
1789134839329129,-0.04299604892730713,-0.0216973964124918,1
1789134839353129,-0.0064661502838134766,-0.021423857659101486,1
1789134839353129,-0.0064661502838134766,-0.021423857659101486,1
1789134839377129,-0.0034760236740112305,-0.02122877910733223,1
1789134839389129,-0.011288642883300781,-0.021086931228637695,1
1789134839389129,-0.011288642883300781,-0.021086931228637695,1
1789134839389129,-0.011288642883300781,-0.021086931228637695,1
1789134839389129,-0.011288642883300781,-0.021086931228637695,1
1789134839389286,-0.011288642883300781,-0.021086931228637695,1
1789134839437286,-0.004744768142700195,-0.020729145035147667,1
1789134839449286,-0.014389395713806152,-0.02066028118133545,1
1789134839449286,-0.014389395713806152,-0.02066028118133545,1
1789134839449286,-0.014389395713806152,-0.02066028118133545,1
1789134839449286,-0.014389395713806152,-0.02066028118133545,1
1789134839485286,-0.017459630966186523,-0.020230455324053764,1
1789134839497286,-0.03173375129699707,-0.02013324573636055,1
1789134839509286,-0.028903484344482422,-0.019901102408766747,1
1789134839509286,-0.028903484344482422,-0.019901102408766747,1
1789134839509286,-0.028903484344482422,-0.019901102408766747,1
1789134839509286,-0.028903484344482422,-0.019901102408766747,1
1789134839509286,-0.028903484344482422,-0.019901102408766747,1
1789134839557286,-0.028751492500305176,-0.0193142332136631,1
1789134839569286,-0.02751016616821289,-0.019209817051887512,1
1789134839569286,-0.02751016616821289,-0.019209817051887512,1
1789134839569286,-0.02751016616821289,-0.019209817051887512,1
1789134839569286,-0.02751016616821289,-0.019209817051887512,1
1789134839569286,-0.02751016616821289,-0.019209817051887512,1
1789134839617286,-0.012568235397338867,-0.018541308119893074,1
1789134839629286,-0.009282350540161133,-0.018371425569057465,1
1789134839629286,-0.009282350540161133,-0.018371425569057465,1
1789134839629286,-0.009282350540161133,-0.018371425569057465,1
1789134839653286,-0.008873581886291504,-0.018175426870584488,1
1789134839653286,-0.008873581886291504,-0.018175426870584488,1
1789134839677286,-0.021495699882507324,-0.017924321815371513,1
1789134839689286,-0.027624011039733887,-0.017823556438088417,1
1789134839689286,-0.027624011039733887,-0.017823556438088417,1
1789134839689286,-0.027624011039733887,-0.017823556438088417,1
1789134839689286,-0.027624011039733887,-0.017823556438088417,1
1789134839689286,-0.027624011039733887,-0.017823556438088417,1
1789134839737286,-0.02090775966644287,-0.01728232204914093,1
1789134839749286,0.002368450164794922,-0.01712510548532009,1
1789134839749286,0.002368450164794922,-0.01712510548532009,1
1789134839749286,0.002368450164794922,-0.01712510548532009,1
1789134839749286,0.002368450164794922,-0.01712510548532009,1
1789134839785286,-0.0022526979446411133,-0.016890525817871094,1
1789134839797286,0.021657228469848633,-0.016767051070928574,1
1789134839809286,0.033930420875549316,-0.016769973561167717,1
1789134839809286,0.033930420875549316,-0.016769973561167717,1
1789134839809286,0.033930420875549316,-0.016769973561167717,1
1789134839809286,0.033930420875549316,-0.016769973561167717,1
1789134839809286,0.033930420875549316,-0.016769973561167717,1
1789134839857286,0.03157925605773926,-0.01669291965663433,1
1789134839869286,0.04015064239501953,-0.01666390337049961,1
1789134839869286,0.04015064239501953,-0.01666390337049961,1
1789134839869286,0.04015064239501953,-0.01666390337049961,1
1789134839869286,0.04015064239501953,-0.01666390337049961,1
1789134839869286,0.04015064239501953,-0.01666390337049961,1
1789134839917286,0.005953669548034668,-0.016558712348341942,1
1789134839929286,-0.00506436824798584,-0.016482247039675713,1
1789134839929286,-0.00506436824798584,-0.016482247039675713,1
1789134839929286,-0.00506436824798584,-0.016482247039675713,1
1789134839929286,-0.00506436824798584,-0.016482247039675713,1
1789134839929286,-0.00506436824798584,-0.016482247039675713,1
1789134839977286,0.008364319801330566,-0.01603487879037857,1
1789134839989286,0.020638108253479004,-0.015896707773208618,1
1789134839989286,0.020638108253479004,-0.015896707773208618,1
1789134839989286,0.020638108253479004,-0.015896707773208618,1
1789134840013286,0.012007951736450195,-0.015633629634976387,1
1789134840013286,0.012007951736450195,-0.015633629634976387,1
1789134840037286,-0.0053882598876953125,-0.015312095172703266,1
1789134840049286,-0.01718127727508545,-0.015176844783127308,1
1789134840049286,-0.01718127727508545,-0.015176844783127308,1
1789134840049286,-0.01718127727508545,-0.015176844783127308,1
1789134840049286,-0.01718127727508545,-0.015176844783127308,1
1789134840049286,-0.01718127727508545,-0.015176844783127308,1
1789134840097286,0.007153868675231934,-0.014428283087909222,1
1789134840109286,0.012247443199157715,-0.014201629906892776,1
1789134840109286,0.012247443199157715,-0.014201629906892776,1
1789134840109286,0.012247443199157715,-0.014201629906892776,1
1789134840109286,0.012247443199157715,-0.014201629906892776,1
1789134840145286,-0.0026236772537231445,-0.01362427044659853,1
1789134840157286,0.020063281059265137,-0.013376451097428799,1
1789134840169286,0.03273606300354004,-0.013287611305713654,1
1789134840169286,0.03273606300354004,-0.013287611305713654,1
1789134840169286,0.03273606300354004,-0.013287611305713654,1
1789134840169286,0.03273606300354004,-0.013287611305713654,1
1789134840169286,0.03273606300354004,-0.013287611305713654,1
1789134840217286,-0.019449949264526367,-0.012530038133263588,1
1789134840229286,-0.048264503479003906,-0.012127907946705818,1
1789134840229286,-0.048264503479003906,-0.012127907946705818,1
1789134840229286,-0.048264503479003906,-0.012127907946705818,1
1789134840229286,-0.048264503479003906,-0.012127907946705818,1
1789134840229286,-0.048264503479003906,-0.012127907946705818,1
1789134840277286,-0.005861997604370117,-0.011182000860571861,1
1789134840289286,0.0057332515716552734,-0.011035742238163948,1
1789134840289286,0.0057332515716552734,-0.011035742238163948,1
1789134840289286,0.0057332515716552734,-0.011035742238163948,1
1789134840313286,-0.007278800010681152,-0.010573714040219784,1
1789134840313286,-0.007278800010681152,-0.010573714040219784,1
1789134840337286,0.01477360725402832,-0.010114358738064766,1
1789134840349286,0.029940247535705566,-0.00981916580349207,1
1789134840349286,0.029940247535705566,-0.00981916580349207,1
1789134840349286,0.029940247535705566,-0.00981916580349207,1
1789134840349286,0.029940247535705566,-0.00981916580349207,1
1789134840349286,0.029940247535705566,-0.00981916580349207,1
1789134840397286,-0.011070847511291504,-0.00902688317000866,1
1789134840409286,0.009694814682006836,-0.00887345988303423,1
1789134840409286,0.009694814682006836,-0.00887345988303423,1
1789134840409444,0.009694814682006836,-0.00887345988303423,1
1789134840409444,0.009694814682006836,-0.00887345988303423,1
1789134840445444,0.00991666316986084,-0.008152439258992672,1
1789134840457444,0.011104106903076172,-0.008002194575965405,1
1789134840469444,0.034586548805236816,-0.007783689070492983,1
1789134840469444,0.034586548805236816,-0.007783689070492983,1
1789134840469444,0.034586548805236816,-0.007783689070492983,1
1789134840469444,0.034586548805236816,-0.007783689070492983,1
1789134840469444,0.034586548805236816,-0.007783689070492983,1
1789134840517444,0.02539682388305664,-0.007068616803735495,1
1789134840529444,0.021234989166259766,-0.006915993057191372,1
1789134840529444,0.021234989166259766,-0.006915993057191372,1
1789134840541444,0.012194037437438965,-0.006589118856936693,1
1789134840541444,0.012194037437438965,-0.006589118856936693,1
1789134840541444,0.012194037437438965,-0.006589118856936693,1
1789134840577444,0.03613626956939697,-0.005946372635662556,1
1789134840589444,0.051381587982177734,-0.005685196723788977,1
1789134840589444,0.051381587982177734,-0.005685196723788977,1
1789134840589444,0.051381587982177734,-0.005685196723788977,1
1789134840589444,0.051381587982177734,-0.005685196723788977,1
1789134840589444,0.051381587982177734,-0.005685196723788977,1
1789134840637444,0.0048760175704956055,-0.0047537111677229404,1
1789134840649444,0.0068972110748291016,-0.004534922074526548,1
1789134840649444,0.0068972110748291016,-0.004534922074526548,1
1789134840649444,0.0068972110748291016,-0.004534922074526548,1
1789134840673444,-0.014061450958251953,-0.003888979321345687,1
1789134840673444,-0.014061450958251953,-0.003888979321345687,1
1789134840697444,0.07024824619293213,-0.003344712546095252,1
1789134840709444,0.06578874588012695,-0.003150846343487501,1
1789134840709444,0.06578874588012695,-0.003150846343487501,1
1789134840709444,0.06578874588012695,-0.003150846343487501,1
1789134840709444,0.06578874588012695,-0.003150846343487501,1
1789134840709444,0.06578874588012695,-0.003150846343487501,1
1789134840757444,-0.0025120973587036133,-0.001916669076308608,1
1789134840769444,-0.023778557777404785,-0.001634068670682609,1
1789134840769444,-0.023778557777404785,-0.001634068670682609,1
1789134840769444,-0.023778557777404785,-0.001634068670682609,1
1789134840769444,-0.023778557777404785,-0.001634068670682609,1
1789134840805444,-0.037854552268981934,-0.00015285887639038265,1
1789134840817444,0.007189512252807617,0.00015131404506973922,1
1789134840829444,0.009561300277709961,0.0006952583789825439,1
1789134840829444,0.009561300277709961,0.0006952583789825439,1
1789134840829444,0.009561300277709961,0.0006952583789825439,1
1789134840853444,0.008255958557128906,0.0015494419494643807,1
1789134840853444,0.008255958557128906,0.0015494419494643807,1
1789134840877444,-0.014349937438964844,0.002448553452268243,1
1789134840889444,-0.044158220291137695,0.002797556109726429,1
1789134840889444,-0.044158220291137695,0.002797556109726429,1
1789134840889444,-0.044158220291137695,0.002797556109726429,1
1789134840889444,-0.044158220291137695,0.002797556109726429,1
1789134840889444,-0.044158220291137695,0.002797556109726429,1
1789134840937444,-0.042139649391174316,0.004963110201060772,1
1789134840949444,-0.024851441383361816,0.0056298477575182915,1
1789134840949444,-0.024851441383361816,0.0056298477575182915,1
1789134840949444,-0.024851441383361816,0.0056298477575182915,1
1789134840973444,0.0016502141952514648,0.006488325074315071,1
1789134840973444,0.0016502141952514648,0.006488325074315071,1
1789134840997444,0.0032514333724975586,0.007344882469624281,1
1789134841009444,-0.023061156272888184,0.007637519855052233,1
1789134841009444,-0.023061156272888184,0.007637519855052233,1
1789134841009444,-0.023061156272888184,0.007637519855052233,1
1789134841009444,-0.023061156272888184,0.007637519855052233,1
1789134841045444,0.023629426956176758,0.009124587289988995,1
1789134841057444,0.028895974159240723,0.009361475706100464,1
1789134841069444,0.06585097312927246,0.009754469618201256,1
1789134841069444,0.06585097312927246,0.009754469618201256,1
1789134841069444,0.06585097312927246,0.009754469618201256,1
1789134841069444,0.06585097312927246,0.009754469618201256,1
1789134841105444,-0.03739726543426514,0.010624421760439873,1
1789134841117444,-0.11729204654693604,0.011436336673796177,1
1789134841129444,-0.10487949848175049,0.011862900108098984,1
1789134841129444,-0.10487949848175049,0.011862900108098984,1
1789134841129444,-0.10487949848175049,0.011862900108098984,1
1789134841129444,-0.10487949848175049,0.011862900108098984,1
1789134841129444,-0.10487949848175049,0.011862900108098984,1
1789134841177444,-0.042669057846069336,0.013965182937681675,1
1789134841189444,0.004636406898498535,0.014568795450031757,1
1789134841189444,0.004636406898498535,0.014568795450031757,1
1789134841201444,0.017093420028686523,0.01480037160217762,1
1789134841201444,0.017093420028686523,0.01480037160217762,1
1789134841201444,0.017093420028686523,0.01480037160217762,1
1789134841237444,-0.0029474496841430664,0.01600836031138897,1
1789134841249444,-0.046048641204833984,0.016288237646222115,1
1789134841249444,-0.046048641204833984,0.016288237646222115,1
1789134841249444,-0.046048641204833984,0.016288237646222115,1
1789134841249444,-0.046048641204833984,0.016288237646222115,1
1789134841249444,-0.046048641204833984,0.016288237646222115,1
1789134841297444,0.06942152976989746,0.01815386861562729,1
1789134841309444,0.07894206047058105,0.018365005031228065,1
1789134841309444,0.07894206047058105,0.018365005031228065,1
1789134841309444,0.07894206047058105,0.018365005031228065,1
1789134841333444,0.04454159736633301,0.018756013363599777,1
1789134841333444,0.04454159736633301,0.018756013363599777,1
1789134841357444,0.02731955051422119,0.01920936070382595,1
1789134841369444,0.01169884204864502,0.019382795318961143,1
1789134841369444,0.01169884204864502,0.019382795318961143,1
1789134841369444,0.01169884204864502,0.019382795318961143,1
1789134841369444,0.01169884204864502,0.019382795318961143,1
1789134841369444,0.01169884204864502,0.019382795318961143,1
1789134841417444,0.011597990989685059,0.020557308569550514,1
1789134841429444,0.03261291980743408,0.020833037793636322,1
1789134841429603,0.03261291980743408,0.020833037793636322,1
1789134841429603,0.03261291980743408,0.020833037793636322,1
1789134841429603,0.03261291980743408,0.020833037793636322,1
1789134841465603,0.013670921325683594,0.0214356929063797,1
1789134841477603,0.009443283081054688,0.02177189104259014,1
1789134841489603,0.0637437105178833,0.02189776301383972,1
1789134841489603,0.0637437105178833,0.02189776301383972,1
1789134841489603,0.0637437105178833,0.02189776301383972,1
1789134841489603,0.0637437105178833,0.02189776301383972,1
1789134841489603,0.0637437105178833,0.02189776301383972,1
1789134841537603,-0.07660126686096191,0.023176569491624832,1
1789134841549603,-0.044443488121032715,0.023803040385246277,1
1789134841549603,-0.044443488121032715,0.023803040385246277,1
1789134841549603,-0.044443488121032715,0.023803040385246277,1
1789134841549603,-0.044443488121032715,0.023803040385246277,1
1789134841549603,-0.044443488121032715,0.023803040385246277,1
1789134841597603,0.016830086708068848,0.02515309490263462,1
1789134841609603,0.039491891860961914,0.025327671319246292,1
1789134841609603,0.039491891860961914,0.025327671319246292,1
1789134841609603,0.039491891860961914,0.025327671319246292,1
1789134841633603,0.037030696868896484,0.025797657668590546,1
1789134841633603,0.037030696868896484,0.025797657668590546,1
1789134841657603,0.03136312961578369,0.026278743520379066,1
1789134841669603,-0.0077686309814453125,0.02664327621459961,1
1789134841669603,-0.0077686309814453125,0.02664327621459961,1
1789134841669603,-0.0077686309814453125,0.02664327621459961,1
1789134841669603,-0.0077686309814453125,0.02664327621459961,1
1789134841669603,-0.0077686309814453125,0.02664327621459961,1
1789134841717603,0.015576481819152832,0.02763780951499939,1
1789134841729603,0.025011897087097168,0.027783943340182304,1
1789134841729603,0.025011897087097168,0.027783943340182304,1
1789134841729603,0.025011897087097168,0.027783943340182304,1
1789134841729603,0.025011897087097168,0.027783943340182304,1
1789134841765603,-0.034873366355895996,0.02885356917977333,1
1789134841777603,-0.037427306175231934,0.029121065512299538,1
1789134841789603,0.010885357856750488,0.029519440606236458,1
1789134841789603,0.010885357856750488,0.029519440606236458,1
1789134841789603,0.010885357856750488,0.029519440606236458,1
1789134841789603,0.010885357856750488,0.029519440606236458,1
1789134841789603,0.010885357856750488,0.029519440606236458,1
1789134841837603,0.04643070697784424,0.030330169945955276,1
1789134841849603,0.06957578659057617,0.03044300712645054,1
1789134841849603,0.06957578659057617,0.03044300712645054,1
1789134841861603,0.11059749126434326,0.030637746676802635,1
1789134841861603,0.11059749126434326,0.030637746676802635,1
1789134841861603,0.11059749126434326,0.030637746676802635,1
1789134841897603,0.04086947441101074,0.031006591394543648,1
1789134841909603,0.02351701259613037,0.031275615096092224,1
1789134841909603,0.02351701259613037,0.031275615096092224,1
1789134841909603,0.02351701259613037,0.031275615096092224,1
1789134841909603,0.02351701259613037,0.031275615096092224,1
1789134841909603,0.02351701259613037,0.031275615096092224,1
1789134841957603,0.010736703872680664,0.032097477465867996,1
1789134841969603,0.008637428283691406,0.03226228058338165,1
1789134841969603,0.008637428283691406,0.03226228058338165,1
1789134841969603,0.008637428283691406,0.03226228058338165,1
1789134841993603,0.03286921977996826,0.03264986351132393,1
1789134841993603,0.03286921977996826,0.03264986351132393,1
1789134842017603,0.014169096946716309,0.03304904326796532,1
1789134842029603,0.00013077259063720703,0.03338448330760002,1
1789134842029603,0.00013077259063720703,0.03338448330760002,1
1789134842029603,0.00013077259063720703,0.03338448330760002,1
1789134842029603,0.00013077259063720703,0.03338448330760002,1
1789134842029603,0.00013077259063720703,0.03338448330760002,1
1789134842077603,0.02372884750366211,0.03435083478689194,1
1789134842089603,0.02592301368713379,0.03448973968625069,1
1789134842089603,0.02592301368713379,0.03448973968625069,1
1789134842089603,0.02592301368713379,0.03448973968625069,1
1789134842089603,0.02592301368713379,0.03448973968625069,1
1789134842125603,0.014891743659973145,0.03521261736750603,1
1789134842137603,0.006706953048706055,0.03537941724061966,1
1789134842149603,-0.0007263422012329102,0.035714924335479736,1
1789134842149603,-0.0007263422012329102,0.035714924335479736,1
1789134842149603,-0.0007263422012329102,0.035714924335479736,1
1789134842149603,-0.0007263422012329102,0.035714924335479736,1
1789134842149603,-0.0007263422012329102,0.035714924335479736,1
1789134842197603,0.023380279541015625,0.03634187579154968,1
1789134842209603,0.016644954681396484,0.036482878029346466,1
1789134842209603,0.016644954681396484,0.036482878029346466,1
1789134842209603,0.016644954681396484,0.036482878029346466,1
1789134842209603,0.016644954681396484,0.036482878029346466,1
1789134842209603,0.016644954681396484,0.036482878029346466,1
1789134842257603,0.013802289962768555,0.03730131313204765,1
1789134842269603,0.02054309844970703,0.03754769265651703,1
1789134842269603,0.02054309844970703,0.03754769265651703,1
1789134842269603,0.02054309844970703,0.03754769265651703,1
1789134842293603,0.006719350814819336,0.0379631482064724,1
1789134842293603,0.006719350814819336,0.0379631482064724,1
1789134842317603,-0.012363553047180176,0.03845128417015076,1
1789134842329603,-0.017876505851745605,0.03862517699599266,1
1789134842329603,-0.017876505851745605,0.03862517699599266,1
1789134842329603,-0.017876505851745605,0.03862517699599266,1
1789134842329603,-0.017876505851745605,0.03862517699599266,1
1789134842329603,-0.017876505851745605,0.03862517699599266,1
1789134842377603,-0.008196592330932617,0.03969734162092209,1
1789134842389603,-0.010830163955688477,0.040015701204538345,1
1789134842389603,-0.010830163955688477,0.040015701204538345,1
1789134842389603,-0.010830163955688477,0.040015701204538345,1
1789134842389603,-0.010830163955688477,0.040015701204538345,1
1789134842425603,-0.013891220092773438,0.04068536311388016,1
1789134842437759,-0.002856135368347168,0.04102955758571625,1
1789134842449759,0.016983866691589355,0.04115574434399605,1
1789134842449759,0.016983866691589355,0.04115574434399605,1
1789134842449759,0.016983866691589355,0.04115574434399605,1
1789134842449759,0.016983866691589355,0.04115574434399605,1
1789134842449759,0.016983866691589355,0.04115574434399605,1
1789134842497759,-0.01973855495452881,0.042003072798252106,1
1789134842509759,-0.02590930461883545,0.04231446236371994,1
1789134842509759,-0.02590930461883545,0.04231446236371994,1
1789134842521759,-0.052292466163635254,0.042487047612667084,1
1789134842521759,-0.052292466163635254,0.042487047612667084,1
1789134842521759,-0.052292466163635254,0.042487047612667084,1
1789134842557759,-0.12686777114868164,0.043966565281152725,1
1789134842569759,-0.1418513059616089,0.04430210217833519,1
1789134842569759,-0.1418513059616089,0.04430210217833519,1
1789134842569759,-0.1418513059616089,0.04430210217833519,1
1789134842569759,-0.1418513059616089,0.04430210217833519,1
1789134842569759,-0.1418513059616089,0.04430210217833519,1
1789134842617759,-0.10265731811523438,0.04606250673532486,1
1789134842629759,-0.12151503562927246,0.046587828546762466,1
1789134842629759,-0.12151503562927246,0.046587828546762466,1
1789134842629759,-0.12151503562927246,0.046587828546762466,1
1789134842653759,-0.10228824615478516,0.04729262366890907,1
1789134842653759,-0.10228824615478516,0.04729262366890907,1
1789134842677759,-0.0769730806350708,0.0478973314166069,1
1789134842689759,-0.06190478801727295,0.04807368665933609,1
1789134842689759,-0.06190478801727295,0.04807368665933609,1
1789134842689759,-0.06190478801727295,0.04807368665933609,1
1789134842689759,-0.06190478801727295,0.04807368665933609,1
1789134842689759,-0.06190478801727295,0.04807368665933609,1
1789134842737759,-0.0464097261428833,0.04854665324091911,1
1789134842749759,-0.046861886978149414,0.04863349348306656,1
1789134842749759,-0.046861886978149414,0.04863349348306656,1
1789134842749759,-0.046861886978149414,0.04863349348306656,1
1789134842749759,-0.046861886978149414,0.04863349348306656,1
1789134842785759,-0.11271989345550537,0.04881112650036812,1
1789134842797759,-0.09507811069488525,0.04891234263777733,1
1789134842809759,-0.06745433807373047,0.04889852553606033,1
1789134842809759,-0.06745433807373047,0.04889852553606033,1
1789134842809759,-0.06745433807373047,0.04889852553606033,1
1789134842809759,-0.06745433807373047,0.04889852553606033,1
1789134842809759,-0.06745433807373047,0.04889852553606033,1
1789134842857759,-0.061965107917785645,0.04874265566468239,1
1789134842869759,-0.032672762870788574,0.04854176938533783,1
1789134842869759,-0.032672762870788574,0.04854176938533783,1
1789134842869759,-0.032672762870788574,0.04854176938533783,1
1789134842869759,-0.032672762870788574,0.04854176938533783,1
1789134842869759,-0.032672762870788574,0.04854176938533783,1
1789134842917759,0.07197439670562744,0.046974778175354004,1
1789134842929759,0.06954896450042725,0.04663359373807907,1
1789134842929759,0.06954896450042725,0.04663359373807907,1
1789134842929759,0.06954896450042725,0.04663359373807907,1
1789134842953759,0.05075490474700928,0.04562956839799881,1
1789134842953759,0.05075490474700928,0.04562956839799881,1
1789134842977759,-0.011414408683776855,0.044726476073265076,1
1789134842989759,-0.02350902557373047,0.0442444272339344,1
1789134842989759,-0.02350902557373047,0.0442444272339344,1
1789134842989759,-0.02350902557373047,0.0442444272339344,1
1789134842989759,-0.02350902557373047,0.0442444272339344,1
1789134842989759,-0.02350902557373047,0.0442444272339344,1
1789134843037759,-0.03314352035522461,0.04265770688652992,1
1789134843049759,-0.024551749229431152,0.04241681843996048,1
1789134843049759,-0.024551749229431152,0.04241681843996048,1
1789134843049759,-0.024551749229431152,0.04241681843996048,1
1789134843049759,-0.024551749229431152,0.04241681843996048,1
1789134843085759,0.0323641300201416,0.04094957560300827,1
1789134843097759,0.02610611915588379,0.040608961135149,1
1789134843109759,-0.03306615352630615,0.04005056619644165,1
1789134843109759,-0.03306615352630615,0.04005056619644165,1
1789134843109759,-0.03306615352630615,0.04005056619644165,1
1789134843109759,-0.03306615352630615,0.04005056619644165,1
1789134843109759,-0.03306615352630615,0.04005056619644165,1
1789134843157759,0.01639235019683838,0.03844454512000084,1
1789134843169759,0.03182065486907959,0.038100793957710266,1
1789134843169759,0.03182065486907959,0.038100793957710266,1
1789134843181759,0.01768338680267334,0.03739658370614052,1
1789134843181759,0.01768338680267334,0.03739658370614052,1
1789134843181759,0.01768338680267334,0.03739658370614052,1
1789134843217759,0.017789244651794434,0.03593681380152702,1
1789134843229759,0.0034829378128051758,0.03525378927588463,1
1789134843229759,0.0034829378128051758,0.03525378927588463,1
1789134843229759,0.0034829378128051758,0.03525378927588463,1
1789134843229759,0.0034829378128051758,0.03525378927588463,1
1789134843229759,0.0034829378128051758,0.03525378927588463,1
1789134843277759,0.03758275508880615,0.03320043534040451,1
1789134843289759,0.03251242637634277,0.03278961032629013,1
1789134843289759,0.03251242637634277,0.03278961032629013,1
1789134843289759,0.03251242637634277,0.03278961032629013,1
1789134843313759,0.02247321605682373,0.031579021364450455,1
1789134843313759,0.02247321605682373,0.031579021364450455,1
1789134843337759,-0.008989214897155762,0.030539823696017265,1
1789134843349759,0.00829172134399414,0.029807940125465393,1
1789134843349759,0.00829172134399414,0.029807940125465393,1
1789134843349759,0.00829172134399414,0.029807940125465393,1
1789134843349759,0.00829172134399414,0.029807940125465393,1
1789134843349759,0.00829172134399414,0.029807940125465393,1
1789134843397759,0.06434524059295654,0.027263786643743515,1
1789134843409759,0.08711445331573486,0.02678397297859192,1
1789134843409759,0.08711445331573486,0.02678397297859192,1
1789134843409759,0.08711445331573486,0.02678397297859192,1
1789134843409916,0.08711445331573486,0.02678397297859192,1
1789134843445916,-0.0066986083984375,0.024629861116409302,1
1789134843457916,-0.0024644136428833008,0.024248305708169937,1
1789134843469916,-0.02061176300048828,0.02357906848192215,1
1789134843469916,-0.02061176300048828,0.02357906848192215,1
1789134843469916,-0.02061176300048828,0.02357906848192215,1
1789134843469916,-0.02061176300048828,0.02357906848192215,1
1789134843469916,-0.02061176300048828,0.02357906848192215,1
1789134843517916,-0.010947823524475098,0.021371981129050255,1
1789134843529916,-0.012591719627380371,0.02101742848753929,1
1789134843529916,-0.012591719627380371,0.02101742848753929,1
1789134843529916,-0.012591719627380371,0.02101742848753929,1
1789134843529916,-0.012591719627380371,0.02101742848753929,1
1789134843529916,-0.012591719627380371,0.02101742848753929,1
1789134843577916,0.019817829132080078,0.018914945423603058,1
1789134843589916,0.02257394790649414,0.018088780343532562,1
1789134843589916,0.02257394790649414,0.018088780343532562,1
1789134843589916,0.02257394790649414,0.018088780343532562,1
1789134843613916,0.012314677238464355,0.016935233026742935,1
1789134843613916,0.012314677238464355,0.016935233026742935,1
1789134843637916,-0.03355062007904053,0.01579955220222473,1
1789134843649916,-0.01795351505279541,0.015471144579350948,1
1789134843649916,-0.01795351505279541,0.015471144579350948,1
1789134843649916,-0.01795351505279541,0.015471144579350948,1
1789134843649916,-0.01795351505279541,0.015471144579350948,1
1789134843649916,-0.01795351505279541,0.015471144579350948,1
1789134843697916,-0.0376056432723999,0.013484654016792774,1
1789134843709916,-0.005617737770080566,0.012767214328050613,1
1789134843709916,-0.005617737770080566,0.012767214328050613,1
1789134843709916,-0.005617737770080566,0.012767214328050613,1
1789134843709916,-0.005617737770080566,0.012767214328050613,1
1789134843745916,-0.034107327461242676,0.011293821036815643,1
1789134843757916,-0.008151888847351074,0.010522511787712574,1
1789134843769916,0.01681351661682129,0.010105235502123833,1
1789134843769916,0.01681351661682129,0.010105235502123833,1
1789134843769916,0.01681351661682129,0.010105235502123833,1
1789134843769916,0.01681351661682129,0.010105235502123833,1
1789134843769916,0.01681351661682129,0.010105235502123833,1
1789134843817916,0.007786154747009277,0.007462513633072376,1
1789134843829916,-0.007347583770751953,0.006588148418813944,1
1789134843829916,-0.007347583770751953,0.006588148418813944,1
1789134843841916,-0.005191922187805176,0.0061931549571454525,1
1789134843853916,-0.022250771522521973,0.005372433923184872,1
1789134843853916,-0.022250771522521973,0.005372433923184872,1
1789134843877916,0.02486288547515869,0.004056469537317753,1
1789134843889916,0.040183305740356445,0.0035694364923983812,1
1789134843889916,0.040183305740356445,0.0035694364923983812,1
1789134843889916,0.040183305740356445,0.0035694364923983812,1
1789134843889916,0.040183305740356445,0.0035694364923983812,1
1789134843889916,0.040183305740356445,0.0035694364923983812,1
1789134843937916,0.04587912559509277,0.0006575893494300544,1
1789134843949916,0.006793975830078125,-0.00026766551309265196,1
1789134843949916,0.006793975830078125,-0.00026766551309265196,1
1789134843949916,0.006793975830078125,-0.00026766551309265196,1
1789134843973916,0.0149458646774292,-0.0015598081517964602,1
1789134843973916,0.0149458646774292,-0.0015598081517964602,1
1789134843997916,-0.020828962326049805,-0.002798059955239296,1
1789134844009916,-0.012930154800415039,-0.0031895581632852554,1
1789134844009916,-0.012930154800415039,-0.0031895581632852554,1
1789134844009916,-0.012930154800415039,-0.0031895581632852554,1
1789134844009916,-0.012930154800415039,-0.0031895581632852554,1
1789134844045916,-0.041628479957580566,-0.0049467007629573345,1
1789134844057916,-0.031467556953430176,-0.005287013482302427,1
1789134844069916,0.10161185264587402,-0.006046535447239876,1
1789134844069916,0.10161185264587402,-0.006046535447239876,1
1789134844069916,0.10161185264587402,-0.006046535447239876,1
1789134844069916,0.10161185264587402,-0.006046535447239876,1
1789134844105916,0.06711041927337646,-0.008102592080831528,1
1789134844117916,0.059716105461120605,-0.009007655084133148,1
1789134844129916,0.034083008766174316,-0.009461617097258568,1
1789134844129916,0.034083008766174316,-0.009461617097258568,1
1789134844129916,0.034083008766174316,-0.009461617097258568,1
1789134844129916,0.034083008766174316,-0.009461617097258568,1
1789134844129916,0.034083008766174316,-0.009461617097258568,1
1789134844177916,0.06933450698852539,-0.012284834869205952,1
1789134844189916,-0.009542346000671387,-0.013141734525561333,1
1789134844189916,-0.009542346000671387,-0.013141734525561333,1
1789134844189916,-0.009542346000671387,-0.013141734525561333,1
1789134844189916,-0.009542346000671387,-0.013141734525561333,1
1789134844189916,-0.009542346000671387,-0.013141734525561333,1
1789134844237916,-0.0917520523071289,-0.014906082302331924,1
1789134844249916,-0.07427632808685303,-0.015157810412347317,1
1789134844249916,-0.07427632808685303,-0.015157810412347317,1
1789134844249916,-0.07427632808685303,-0.015157810412347317,1
1789134844273916,-0.05514717102050781,-0.015989862382411957,1
1789134844273916,-0.05514717102050781,-0.015989862382411957,1
1789134844297916,-0.020149588584899902,-0.01691771112382412,1
1789134844309916,0.022262215614318848,-0.01759626530110836,1
1789134844309916,0.022262215614318848,-0.01759626530110836,1
1789134844309916,0.022262215614318848,-0.01759626530110836,1
1789134844309916,0.022262215614318848,-0.01759626530110836,1
1789134844309916,0.022262215614318848,-0.01759626530110836,1
1789134844357916,-0.01761186122894287,-0.019504401832818985,1
1789134844369916,0.023725032806396484,-0.019843067973852158,1
1789134844369916,0.023725032806396484,-0.019843067973852158,1
1789134844369916,0.023725032806396484,-0.019843067973852158,1
1789134844369916,0.023725032806396484,-0.019843067973852158,1
1789134844405916,0.03977537155151367,-0.02176661789417267,1
1789134844417916,0.029096484184265137,-0.022206544876098633,1
1789134844429916,-0.007403254508972168,-0.022919053211808205,1
1789134844429916,-0.007403254508972168,-0.022919053211808205,1
1789134844430072,-0.007403254508972168,-0.022919053211808205,1
1789134844430072,-0.007403254508972168,-0.022919053211808205,1
1789134844430072,-0.007403254508972168,-0.022919053211808205,1
1789134844478072,-0.016640663146972656,-0.02492300234735012,1
1789134844490072,0.005003929138183594,-0.025265498086810112,1
1789134844490072,0.005003929138183594,-0.025265498086810112,1
1789134844502072,-0.01714622974395752,-0.025963883846998215,1
1789134844502072,-0.01714622974395752,-0.025963883846998215,1
1789134844502072,-0.01714622974395752,-0.025963883846998215,1
1789134844538072,-0.00671541690826416,-0.027329547330737114,1
1789134844550072,-0.042814016342163086,-0.027959410101175308,1
1789134844550072,-0.042814016342163086,-0.027959410101175308,1
1789134844550072,-0.042814016342163086,-0.027959410101175308,1
1789134844550072,-0.042814016342163086,-0.027959410101175308,1
1789134844550072,-0.042814016342163086,-0.027959410101175308,1
1789134844598072,-0.008428335189819336,-0.029680632054805756,1
1789134844610072,-0.0028443336486816406,-0.030030224472284317,1
1789134844610072,-0.0028443336486816406,-0.030030224472284317,1
1789134844610072,-0.0028443336486816406,-0.030030224472284317,1
1789134844634072,-0.029042482376098633,-0.03101862035691738,1
1789134844634072,-0.029042482376098633,-0.03101862035691738,1
1789134844658072,-0.06463634967803955,-0.03184087201952934,1
1789134844670072,-0.031485557556152344,-0.032372575253248215,1
1789134844670072,-0.031485557556152344,-0.032372575253248215,1
1789134844670072,-0.031485557556152344,-0.032372575253248215,1
1789134844670072,-0.031485557556152344,-0.032372575253248215,1
1789134844670072,-0.031485557556152344,-0.032372575253248215,1
1789134844718072,-0.01969599723815918,-0.03435647487640381,1
1789134844730072,-0.03838515281677246,-0.03466033563017845,1
1789134844730072,-0.03838515281677246,-0.03466033563017845,1
1789134844730072,-0.03838515281677246,-0.03466033563017845,1
1789134844730072,-0.03838515281677246,-0.03466033563017845,1
1789134844766072,-0.014974474906921387,-0.03614332899451256,1
1789134844778072,-0.008978486061096191,-0.036499060690402985,1
1789134844790072,-0.05017125606536865,-0.037094563245773315,1
1789134844790072,-0.05017125606536865,-0.037094563245773315,1
1789134844790072,-0.05017125606536865,-0.037094563245773315,1
1789134844790072,-0.05017125606536865,-0.037094563245773315,1
1789134844790072,-0.05017125606536865,-0.037094563245773315,1
1789134844838072,-0.02797067165374756,-0.03872988000512123,1
1789134844850072,-0.04101824760437012,-0.039044979959726334,1
1789134844850072,-0.04101824760437012,-0.039044979959726334,1
1789134844850072,-0.04101824760437012,-0.039044979959726334,1
1789134844850072,-0.04101824760437012,-0.039044979959726334,1
1789134844850072,-0.04101824760437012,-0.039044979959726334,1
1789134844898072,-0.017031311988830566,-0.04109653830528259,1
1789134844910072,-0.04235076904296875,-0.041706256568431854,1
1789134844910072,-0.04235076904296875,-0.041706256568431854,1
1789134844910072,-0.04235076904296875,-0.041706256568431854,1
1789134844934072,-0.08497726917266846,-0.042427655309438705,1
1789134844934072,-0.08497726917266846,-0.042427655309438705,1
1789134844958072,-0.029110193252563477,-0.04325643926858902,1
1789134844970072,-0.03327488899230957,-0.04356088861823082,1
1789134844970072,-0.03327488899230957,-0.04356088861823082,1
1789134844970072,-0.03327488899230957,-0.04356088861823082,1
1789134844970072,-0.03327488899230957,-0.04356088861823082,1
1789134844970072,-0.03327488899230957,-0.04356088861823082,1
1789134845018072,-0.0711127519607544,-0.045270729809999466,1
1789134845030072,-0.01768505573272705,-0.045869167894124985,1
1789134845030072,-0.01768505573272705,-0.045869167894124985,1
1789134845030072,-0.01768505573272705,-0.045869167894124985,1
1789134845030072,-0.01768505573272705,-0.045869167894124985,1
1789134845066072,-0.03471100330352783,-0.04713748022913933,1
1789134845078072,-0.053873658180236816,-0.047788508236408234,1
1789134845090072,-0.0048983097076416016,-0.04811936616897583,1
1789134845090072,-0.0048983097076416016,-0.04811936616897583,1
1789134845090072,-0.0048983097076416016,-0.04811936616897583,1
1789134845090072,-0.0048983097076416016,-0.04811936616897583,1
1789134845090072,-0.0048983097076416016,-0.04811936616897583,1
1789134845138072,0.0007152557373046875,-0.05052598938345909,1
1789134845150072,0.005944967269897461,-0.05130576714873314,1
1789134845150072,0.005944967269897461,-0.05130576714873314,1
1789134845162072,-0.007472634315490723,-0.0516866073012352,1
1789134845162072,-0.007472634315490723,-0.0516866073012352,1
1789134845162072,-0.007472634315490723,-0.0516866073012352,1
1789134845198072,0.004264712333679199,-0.05346571281552315,1
1789134845210072,0.009869217872619629,-0.0538620725274086,1
1789134845210072,0.009869217872619629,-0.0538620725274086,1
1789134845210072,0.009869217872619629,-0.0538620725274086,1
1789134845210072,0.009869217872619629,-0.0538620725274086,1
1789134845210072,0.009869217872619629,-0.0538620725274086,1
1789134845258072,0.026515483856201172,-0.05624563246965408,1
1789134845270072,-0.027488231658935547,-0.05695677548646927,1
1789134845270072,-0.027488231658935547,-0.05695677548646927,1
1789134845270072,-0.027488231658935547,-0.05695677548646927,1
1789134845294072,-0.03776717185974121,-0.057838521897792816,1
1789134845294072,-0.03776717185974121,-0.057838521897792816,1
1789134845318072,0.026718616485595703,-0.058827612549066544,1
1789134845330072,0.03216981887817383,-0.05920836329460144,1
1789134845330072,0.03216981887817383,-0.05920836329460144,1
1789134845330072,0.03216981887817383,-0.05920836329460144,1
1789134845330072,0.03216981887817383,-0.05920836329460144,1
1789134845330072,0.03216981887817383,-0.05920836329460144,1
1789134845378072,0.013299226760864258,-0.0613248348236084,1
1789134845390072,0.0061348676681518555,-0.06197519600391388,1
1789134845390072,0.0061348676681518555,-0.06197519600391388,1
1789134845390072,0.0061348676681518555,-0.06197519600391388,1
1789134845390072,0.0061348676681518555,-0.06197519600391388,1
1789134845426072,0.01840662956237793,-0.06325900554656982,1
1789134845438072,0.030737757682800293,-0.06396925449371338,1
1789134845450072,0.014266490936279297,-0.06430856883525848,1
1789134845450229,0.014266490936279297,-0.06430856883525848,1
1789134845450229,0.014266490936279297,-0.06430856883525848,1
1789134845450229,0.014266490936279297,-0.06430856883525848,1
1789134845450229,0.014266490936279297,-0.06430856883525848,1
1789134845498229,-0.025925636291503906,-0.06603354215621948,1
1789134845510229,-0.05416607856750488,-0.06640901416540146,1
1789134845510229,-0.05416607856750488,-0.06640901416540146,1
1789134845510229,-0.05416607856750488,-0.06640901416540146,1
1789134845510229,-0.05416607856750488,-0.06640901416540146,1
1789134845510229,-0.05416607856750488,-0.06640901416540146,1
1789134845558229,-0.07610321044921875,-0.06714758276939392,1
1789134845570229,-0.0019637346267700195,-0.06732607632875443,1
1789134845570229,-0.0019637346267700195,-0.06732607632875443,1
1789134845570229,-0.0019637346267700195,-0.06732607632875443,1
1789134845594229,0.009019136428833008,-0.06800027191638947,1
1789134845594229,0.009019136428833008,-0.06800027191638947,1
1789134845618229,-0.0021666288375854492,-0.06872979551553726,1
1789134845630229,-0.017246603965759277,-0.06910024583339691,1
1789134845630229,-0.017246603965759277,-0.06910024583339691,1
1789134845630229,-0.017246603965759277,-0.06910024583339691,1
1789134845630229,-0.017246603965759277,-0.06910024583339691,1
1789134845630229,-0.017246603965759277,-0.06910024583339691,1
1789134845678229,-0.008365273475646973,-0.07015696913003922,1
1789134845690229,0.0034793615341186523,-0.07035157829523087,1
1789134845690229,0.0034793615341186523,-0.07035157829523087,1
1789134845690229,0.0034793615341186523,-0.07035157829523087,1
1789134845690229,0.0034793615341186523,-0.07035157829523087,1
1789134845726229,-0.012145042419433594,-0.07105119526386261,1
1789134845738229,-0.03787398338317871,-0.07120456546545029,1
1789134845750229,-0.06024956703186035,-0.071404829621315,1
1789134845750229,-0.06024956703186035,-0.071404829621315,1
1789134845750229,-0.06024956703186035,-0.071404829621315,1
1789134845750229,-0.06024956703186035,-0.071404829621315,1
1789134845750229,-0.06024956703186035,-0.071404829621315,1
1789134845798229,-0.08214700222015381,-0.0718715712428093,1
1789134845810229,-0.07670068740844727,-0.07193902879953384,1
1789134845810229,-0.07670068740844727,-0.07193902879953384,1
1789134845822229,-0.08943462371826172,-0.07203620672225952,1
1789134845822229,-0.08943462371826172,-0.07203620672225952,1
1789134845822229,-0.08943462371826172,-0.07203620672225952,1
1789134845858229,-0.08696961402893066,-0.07220924645662308,1
1789134845870229,-0.03941810131072998,-0.07238347828388214,1
1789134845870229,-0.03941810131072998,-0.07238347828388214,1
1789134845870229,-0.03941810131072998,-0.07238347828388214,1
1789134845870229,-0.03941810131072998,-0.07238347828388214,1
1789134845870229,-0.03941810131072998,-0.07238347828388214,1
1789134845918229,-0.05277562141418457,-0.0730004608631134,1
1789134845930229,-0.06397747993469238,-0.07309466600418091,1
1789134845930229,-0.06397747993469238,-0.07309466600418091,1
1789134845930229,-0.06397747993469238,-0.07309466600418091,1
1789134845954229,0.006859898567199707,-0.07345897704362869,1
1789134845954229,0.006859898567199707,-0.07345897704362869,1
1789134845978229,-0.07853901386260986,-0.07382479310035706,1
1789134845990229,-0.027455449104309082,-0.07400677353143692,1
1789134845990229,-0.027455449104309082,-0.07400677353143692,1
1789134845990229,-0.027455449104309082,-0.07400677353143692,1
1789134845990229,-0.027455449104309082,-0.07400677353143692,1
1789134845990229,-0.027455449104309082,-0.07400677353143692,1
1789134846038229,-0.025269150733947754,-0.07488945871591568,1
1789134846050229,-0.02487015724182129,-0.07503274083137512,1
1789134846050229,-0.02487015724182129,-0.07503274083137512,1
1789134846050229,-0.02487015724182129,-0.07503274083137512,1
1789134846050229,-0.02487015724182129,-0.07503274083137512,1
1789134846086229,0.0067539215087890625,-0.0756000280380249,1
1789134846098229,0.004171609878540039,-0.07577099651098251,1
1789134846110229,-0.010422945022583008,-0.07605193555355072,1
1789134846110229,-0.010422945022583008,-0.07605193555355072,1
1789134846110229,-0.010422945022583008,-0.07605193555355072,1
1789134846110229,-0.010422945022583008,-0.07605193555355072,1
1789134846110229,-0.010422945022583008,-0.07605193555355072,1
1789134846158229,-0.05567479133605957,-0.0766657143831253,1
1789134846170229,-0.0632486343383789,-0.076722152531147,1
1789134846170229,-0.0632486343383789,-0.076722152531147,1
1789134846170229,-0.0632486343383789,-0.076722152531147,1
1789134846170229,-0.0632486343383789,-0.076722152531147,1
1789134846170229,-0.0632486343383789,-0.076722152531147,1
1789134846218229,0.027847647666931152,-0.07740429043769836,1
1789134846230229,0.03488492965698242,-0.07773476094007492,1
1789134846230229,0.03488492965698242,-0.07773476094007492,1
1789134846230229,0.03488492965698242,-0.07773476094007492,1
1789134846254229,0.0007981061935424805,-0.07808205485343933,1
1789134846254229,0.0007981061935424805,-0.07808205485343933,1
1789134846278229,-0.04761481285095215,-0.07832187414169312,1
1789134846290229,-0.06520819664001465,-0.07831904292106628,1
1789134846290229,-0.06520819664001465,-0.07831904292106628,1
1789134846290229,-0.06520819664001465,-0.07831904292106628,1
1789134846290229,-0.06520819664001465,-0.07831904292106628,1
1789134846290229,-0.06520819664001465,-0.07831904292106628,1
1789134846338229,-0.024061918258666992,-0.07844573259353638,1
1789134846350229,-0.02510380744934082,-0.07850093394517899,1
1789134846350229,-0.02510380744934082,-0.07850093394517899,1
1789134846350229,-0.02510380744934082,-0.07850093394517899,1
1789134846350229,-0.02510380744934082,-0.07850093394517899,1
1789134846386229,-0.05061447620391846,-0.07844765484333038,1
1789134846398229,-0.04212963581085205,-0.07840603590011597,1
1789134846410229,-0.042006731033325195,-0.07838290184736252,1
1789134846410229,-0.042006731033325195,-0.07838290184736252,1
1789134846410229,-0.042006731033325195,-0.07838290184736252,1
1789134846410229,-0.042006731033325195,-0.07838290184736252,1
1789134846410387,-0.042006731033325195,-0.07838290184736252,1
1789134846458387,-0.04785037040710449,-0.07807837426662445,1
1789134846470387,-0.047493815422058105,-0.07796834409236908,1
1789134846470387,-0.047493815422058105,-0.07796834409236908,1
1789134846482387,-0.04938638210296631,-0.07791098952293396,1
1789134846482387,-0.04938638210296631,-0.07791098952293396,1
1789134846482387,-0.04938638210296631,-0.07791098952293396,1
1789134846518387,-0.060211896896362305,-0.07753162086009979,1
1789134846530387,-0.06198251247406006,-0.0774238109588623,1
1789134846530387,-0.06198251247406006,-0.0774238109588623,1
1789134846530387,-0.06198251247406006,-0.0774238109588623,1
1789134846530387,-0.06198251247406006,-0.0774238109588623,1
1789134846530387,-0.06198251247406006,-0.0774238109588623,1
1789134846578387,-0.0664975643157959,-0.07669679820537567,1
1789134846590387,-0.04702174663543701,-0.07644681632518768,1
1789134846590387,-0.04702174663543701,-0.07644681632518768,1
1789134846590387,-0.04702174663543701,-0.07644681632518768,1
1789134846614387,-0.07301127910614014,-0.07610153406858444,1
1789134846614387,-0.07301127910614014,-0.07610153406858444,1
1789134846638387,-0.03895854949951172,-0.07575635612010956,1
1789134846650387,-0.056781888008117676,-0.07565490901470184,1
1789134846650387,-0.056781888008117676,-0.07565490901470184,1
1789134846650387,-0.056781888008117676,-0.07565490901470184,1
1789134846650387,-0.056781888008117676,-0.07565490901470184,1
1789134846650387,-0.056781888008117676,-0.07565490901470184,1
1789134846698387,-0.03988945484161377,-0.07514454424381256,1
1789134846710387,-0.04371058940887451,-0.0749550387263298,1
1789134846710387,-0.04371058940887451,-0.0749550387263298,1
1789134846710387,-0.04371058940887451,-0.0749550387263298,1
1789134846710387,-0.04371058940887451,-0.0749550387263298,1
1789134846746387,-0.07954776287078857,-0.07438379526138306,1
1789134846758387,-0.07522094249725342,-0.07402615994215012,1
1789134846770387,-0.04872596263885498,-0.07387711852788925,1
1789134846770387,-0.04872596263885498,-0.07387711852788925,1
1789134846770387,-0.04872596263885498,-0.07387711852788925,1
1789134846770387,-0.04872596263885498,-0.07387711852788925,1
1789134846770387,-0.04872596263885498,-0.07387711852788925,1
1789134846818387,-0.04003095626831055,-0.07310764491558075,1
1789134846830387,-0.014095902442932129,-0.07290251553058624,1
1789134846830387,-0.014095902442932129,-0.07290251553058624,1
1789134846830387,-0.014095902442932129,-0.07290251553058624,1
1789134846854387,-0.017317771911621094,-0.07263899594545364,1
1789134846854387,-0.017317771911621094,-0.07263899594545364,1
1789134846878387,-0.037465810775756836,-0.07228125631809235,1
1789134846890387,-0.043411850929260254,-0.07213734090328217,1
1789134846890387,-0.043411850929260254,-0.07213734090328217,1
1789134846890387,-0.043411850929260254,-0.07213734090328217,1
1789134846914387,-0.09486830234527588,-0.07142341136932373,1
1789134846914387,-0.09486830234527588,-0.07142341136932373,1
1789134846938387,-0.06812930107116699,-0.07066933810710907,1
1789134846950387,-0.07119131088256836,-0.07023219019174576,1
1789134846950387,-0.07119131088256836,-0.07023219019174576,1
1789134846950387,-0.07119131088256836,-0.07023219019174576,1
1789134846950387,-0.07119131088256836,-0.07023219019174576,1
1789134846950387,-0.07119131088256836,-0.07023219019174576,1
1789134846998387,-0.04021596908569336,-0.06903373450040817,1
1789134847010387,-0.07999944686889648,-0.06882183998823166,1
1789134847010387,-0.07999944686889648,-0.06882183998823166,1
1789134847010387,-0.07999944686889648,-0.06882183998823166,1
1789134847010387,-0.07999944686889648,-0.06882183998823166,1
1789134847046387,-0.08665764331817627,-0.0675862655043602,1
1789134847058387,-0.051703572273254395,-0.06734523177146912,1
1789134847070387,-0.04783165454864502,-0.06697539985179901,1
1789134847070387,-0.04783165454864502,-0.06697539985179901,1
1789134847070387,-0.04783165454864502,-0.06697539985179901,1
1789134847070387,-0.04783165454864502,-0.06697539985179901,1
1789134847070387,-0.04783165454864502,-0.06697539985179901,1
1789134847118387,-0.05930149555206299,-0.06577319651842117,1
1789134847130387,-0.04005169868469238,-0.06557857990264893,1
1789134847130387,-0.04005169868469238,-0.06557857990264893,1
1789134847130387,-0.04005169868469238,-0.06557857990264893,1
1789134847130387,-0.04005169868469238,-0.06557857990264893,1
1789134847130387,-0.04005169868469238,-0.06557857990264893,1
1789134847178387,-0.004349708557128906,-0.06462858617305756,1
1789134847190387,-0.005286693572998047,-0.0643940418958664,1
1789134847190387,-0.005286693572998047,-0.0643940418958664,1
1789134847190387,-0.005286693572998047,-0.0643940418958664,1
1789134847190387,-0.005286693572998047,-0.0643940418958664,1
1789134847190387,-0.005286693572998047,-0.0643940418958664,1
1789134847238387,-0.048073410987854004,-0.06345529854297638,1
1789134847250387,-0.05171811580657959,-0.06323759257793427,1
1789134847250387,-0.05171811580657959,-0.06323759257793427,1
1789134847250387,-0.05171811580657959,-0.06323759257793427,1
1789134847274387,-0.021618962287902832,-0.06262058019638062,1
1789134847274387,-0.021618962287902832,-0.06262058019638062,1
1789134847298387,-0.06268346309661865,-0.06200695410370827,1
1789134847310387,-0.0655050277709961,-0.061527565121650696,1
1789134847310387,-0.0655050277709961,-0.061527565121650696,1
1789134847310387,-0.0655050277709961,-0.061527565121650696,1
1789134847310387,-0.0655050277709961,-0.061527565121650696,1
1789134847310387,-0.0655050277709961,-0.061527565121650696,1
1789134847358387,-0.03979289531707764,-0.060149986296892166,1
1789134847370387,-0.0018842220306396484,-0.05993514880537987,1
1789134847370387,-0.0018842220306396484,-0.05993514880537987,1
1789134847370387,-0.0018842220306396484,-0.05993514880537987,1
1789134847370387,-0.0018842220306396484,-0.05993514880537987,1
1789134847406387,-0.03634846210479736,-0.05867467075586319,1
1789134847418387,-0.05406796932220459,-0.058391790837049484,1
1789134847430387,-0.024599432945251465,-0.05785413086414337,1
1789134847430387,-0.024599432945251465,-0.05785413086414337,1
1789134847430387,-0.024599432945251465,-0.05785413086414337,1
1789134847430543,-0.024599432945251465,-0.05785413086414337,1
1789134847430543,-0.024599432945251465,-0.05785413086414337,1
1789134847478543,-0.05303680896759033,-0.05619223043322563,1
1789134847490543,-0.003014087677001953,-0.05591811239719391,1
1789134847490543,-0.003014087677001953,-0.05591811239719391,1
1789134847490543,-0.003014087677001953,-0.05591811239719391,1
1789134847490543,-0.003014087677001953,-0.05591811239719391,1
1789134847490543,-0.003014087677001953,-0.05591811239719391,1
1789134847538543,-0.025243759155273438,-0.05453503131866455,1
1789134847550543,-0.03245961666107178,-0.053981054574251175,1
1789134847550543,-0.03245961666107178,-0.053981054574251175,1
1789134847550543,-0.03245961666107178,-0.053981054574251175,1
1789134847574543,-0.02799081802368164,-0.05309303104877472,1
1789134847574543,-0.02799081802368164,-0.05309303104877472,1
1789134847598543,0.0009663105010986328,-0.052263930439949036,1
1789134847610543,0.022516489028930664,-0.05203571915626526,1
1789134847610543,0.022516489028930664,-0.05203571915626526,1
1789134847610543,0.022516489028930664,-0.05203571915626526,1
1789134847610543,0.022516489028930664,-0.05203571915626526,1
1789134847610543,0.022516489028930664,-0.05203571915626526,1
1789134847658543,-0.051869869232177734,-0.050270240753889084,1
1789134847670543,-0.07053029537200928,-0.049526333808898926,1
1789134847670543,-0.07053029537200928,-0.049526333808898926,1
1789134847670543,-0.07053029537200928,-0.049526333808898926,1
1789134847670543,-0.07053029537200928,-0.049526333808898926,1
1789134847706543,0.010259389877319336,-0.0480070598423481,1
1789134847718543,0.0178682804107666,-0.047424107789993286,1
1789134847730543,0.04539775848388672,-0.04716566205024719,1
1789134847730543,0.04539775848388672,-0.04716566205024719,1
1789134847730543,0.04539775848388672,-0.04716566205024719,1
1789134847730543,0.04539775848388672,-0.04716566205024719,1
1789134847730543,0.04539775848388672,-0.04716566205024719,1
1789134847778543,-0.01467430591583252,-0.04547671601176262,1
1789134847790543,-0.038611412048339844,-0.044721465557813644,1
1789134847790543,-0.038611412048339844,-0.044721465557813644,1
1789134847802543,-0.03645181655883789,-0.04432593286037445,1
1789134847802543,-0.03645181655883789,-0.04432593286037445,1
1789134847802543,-0.03645181655883789,-0.04432593286037445,1
1789134847838543,-0.07134509086608887,-0.042082980275154114,1
1789134847850543,-0.05594313144683838,-0.04165251553058624,1
1789134847850543,-0.05594313144683838,-0.04165251553058624,1
1789134847850543,-0.05594313144683838,-0.04165251553058624,1
1789134847850543,-0.05594313144683838,-0.04165251553058624,1
1789134847850543,-0.05594313144683838,-0.04165251553058624,1
1789134847898543,-0.06987738609313965,-0.03923904895782471,1
1789134847910543,-0.08899104595184326,-0.03832536190748215,1
1789134847910543,-0.08899104595184326,-0.03832536190748215,1
1789134847910543,-0.08899104595184326,-0.03832536190748215,1
1789134847934543,-0.15339875221252441,-0.03666309267282486,1
1789134847934543,-0.15339875221252441,-0.03666309267282486,1
1789134847958543,-0.16216373443603516,-0.03485511615872383,1
1789134847970543,-0.18600988388061523,-0.03421430662274361,1
1789134847970543,-0.18600988388061523,-0.03421430662274361,1
1789134847970543,-0.18600988388061523,-0.03421430662274361,1
1789134847970543,-0.18600988388061523,-0.03421430662274361,1
1789134847970543,-0.18600988388061523,-0.03421430662274361,1
1789134848018543,-0.1819361448287964,-0.03013603575527668,1
1789134848030543,-0.15351271629333496,-0.028854455798864365,1
1789134848030543,-0.15351271629333496,-0.028854455798864365,1
1789134848030543,-0.15351271629333496,-0.028854455798864365,1
1789134848030543,-0.15351271629333496,-0.028854455798864365,1
1789134848066543,-0.12964749336242676,-0.026677655056118965,1
1789134848078543,-0.07192742824554443,-0.02567954920232296,1
1789134848090543,-0.05026078224182129,-0.02526610903441906,1
1789134848090543,-0.05026078224182129,-0.02526610903441906,1
1789134848090543,-0.05026078224182129,-0.02526610903441906,1
1789134848090543,-0.05026078224182129,-0.02526610903441906,1
1789134848090543,-0.05026078224182129,-0.02526610903441906,1
1789134848138543,-0.09122061729431152,-0.02261759527027607,1
1789134848150543,-0.08832311630249023,-0.021806804463267326,1
1789134848150543,-0.08832311630249023,-0.021806804463267326,1
1789134848150543,-0.08832311630249023,-0.021806804463267326,1
1789134848150543,-0.08832311630249023,-0.021806804463267326,1
1789134848150543,-0.08832311630249023,-0.021806804463267326,1
1789134848198543,-0.08542859554290771,-0.019706083461642265,1
1789134848210543,-0.059316158294677734,-0.019349822774529457,1
1789134848210543,-0.059316158294677734,-0.019349822774529457,1
1789134848210543,-0.059316158294677734,-0.019349822774529457,1
1789134848234543,-0.06224668025970459,-0.01835007406771183,1
1789134848234543,-0.06224668025970459,-0.01835007406771183,1
1789134848258543,-0.028518080711364746,-0.01736419089138508,1
1789134848270543,-0.02264881134033203,-0.01678609289228916,1
1789134848270543,-0.02264881134033203,-0.01678609289228916,1
1789134848270543,-0.02264881134033203,-0.01678609289228916,1
1789134848270543,-0.02264881134033203,-0.01678609289228916,1
1789134848270543,-0.02264881134033203,-0.01678609289228916,1
1789134848318543,-0.07352840900421143,-0.015167255885899067,1
1789134848330543,-0.06566977500915527,-0.014841152355074883,1
1789134848330543,-0.06566977500915527,-0.014841152355074883,1
1789134848330543,-0.06566977500915527,-0.014841152355074883,1
1789134848330543,-0.06566977500915527,-0.014841152355074883,1
1789134848366543,-0.03401291370391846,-0.013336054049432278,1
1789134848378543,-0.020718812942504883,-0.013088155537843704,1
1789134848390543,-0.04439353942871094,-0.012600796297192574,1
1789134848390543,-0.04439353942871094,-0.012600796297192574,1
1789134848390543,-0.04439353942871094,-0.012600796297192574,1
1789134848390543,-0.04439353942871094,-0.012600796297192574,1
1789134848390543,-0.04439353942871094,-0.012600796297192574,1
1789134848438543,-0.0375208854675293,-0.011135391891002655,1
1789134848450543,-0.02477574348449707,-0.010897109284996986,1
1789134848450701,-0.02477574348449707,-0.010897109284996986,1
1789134848450701,-0.02477574348449707,-0.010897109284996986,1
1789134848450701,-0.02477574348449707,-0.010897109284996986,1
1789134848450701,-0.02477574348449707,-0.010897109284996986,1
1789134848498701,-0.024099230766296387,-0.009454331360757351,1
1789134848510701,-0.011856317520141602,-0.009024091996252537,1
1789134848510701,-0.011856317520141602,-0.009024091996252537,1
1789134848510701,-0.011856317520141602,-0.009024091996252537,1
1789134848510701,-0.011856317520141602,-0.009024091996252537,1
1789134848510701,-0.011856317520141602,-0.009024091996252537,1
1789134848558701,-0.052144527435302734,-0.0077411276288330555,1
1789134848570701,-0.028828859329223633,-0.007511225063353777,1
1789134848570701,-0.028828859329223633,-0.007511225063353777,1
1789134848570701,-0.028828859329223633,-0.007511225063353777,1
1789134848594701,-0.024030327796936035,-0.006825343705713749,1
1789134848594701,-0.024030327796936035,-0.006825343705713749,1
1789134848618701,-0.035935401916503906,-0.006189931184053421,1
1789134848630701,-0.03921926021575928,-0.005761672277003527,1
1789134848630701,-0.03921926021575928,-0.005761672277003527,1
1789134848630701,-0.03921926021575928,-0.005761672277003527,1
1789134848630701,-0.03921926021575928,-0.005761672277003527,1
1789134848630701,-0.03921926021575928,-0.005761672277003527,1
1789134848678701,-0.056427955627441406,-0.0044429004192352295,1
1789134848690701,-0.004221677780151367,-0.004247377626597881,1
1789134848690701,-0.004221677780151367,-0.004247377626597881,1
1789134848690701,-0.004221677780151367,-0.004247377626597881,1
1789134848690701,-0.004221677780151367,-0.004247377626597881,1
1789134848726701,-0.008442401885986328,-0.003272518515586853,1
1789134848738701,-0.02585160732269287,-0.00308880303055048,1
1789134848750701,0.006560206413269043,-0.00281923427246511,1
1789134848750701,0.006560206413269043,-0.00281923427246511,1
1789134848750701,0.006560206413269043,-0.00281923427246511,1
1789134848750701,0.006560206413269043,-0.00281923427246511,1
1789134848750701,0.006560206413269043,-0.00281923427246511,1
1789134848798701,-0.014689803123474121,-0.0021258487831801176,1
1789134848810701,-0.013191819190979004,-0.0019778062123805285,1
1789134848810701,-0.013191819190979004,-0.0019778062123805285,1
1789134848810701,-0.013191819190979004,-0.0019778062123805285,1
1789134848810701,-0.013191819190979004,-0.0019778062123805285,1
1789134848810701,-0.013191819190979004,-0.0019778062123805285,1
1789134848858701,-0.02876877784729004,-0.0012062243185937405,1
1789134848870701,-0.017167329788208008,-0.000893087184522301,1
1789134848870701,-0.017167329788208008,-0.000893087184522301,1
1789134848870701,-0.017167329788208008,-0.000893087184522301,1
1789134848894701,-0.017907142639160156,-0.0004695251409430057,1
1789134848894701,-0.017907142639160156,-0.0004695251409430057,1
1789134848918701,-0.010602593421936035,-2.327402398805134e-05,1
1789134848930701,-0.010801076889038086,0.00012103885092074051,1
1789134848930701,-0.010801076889038086,0.00012103885092074051,1
1789134848930701,-0.010801076889038086,0.00012103885092074051,1
1789134848930701,-0.010801076889038086,0.00012103885092074051,1
1789134848930701,-0.010801076889038086,0.00012103885092074051,1
1789134848978701,-0.00493168830871582,0.0009563157218508422,1
1789134848990701,0.00976252555847168,0.0011904456187039614,1
1789134848990701,0.00976252555847168,0.0011904456187039614,1
1789134848990701,0.00976252555847168,0.0011904456187039614,1
1789134848990701,0.00976252555847168,0.0011904456187039614,1
1789134849026701,0.0009903907775878906,0.0017134310910478234,1
1789134849038701,-0.012995362281799316,0.002058868994936347,1
1789134849050701,0.009733080863952637,0.0022037287708371878,1
1789134849050701,0.009733080863952637,0.0022037287708371878,1
1789134849050701,0.009733080863952637,0.0022037287708371878,1
1789134849050701,0.009733080863952637,0.0022037287708371878,1
1789134849050701,0.009733080863952637,0.0022037287708371878,1
1789134849098701,0.025075316429138184,0.002993493340909481,1
1789134849110701,0.026135802268981934,0.0032575649674981833,1
1789134849110701,0.026135802268981934,0.0032575649674981833,1
1789134849122701,0.029156208038330078,0.003358123591169715,1
1789134849122701,0.029156208038330078,0.003358123591169715,1
1789134849122701,0.029156208038330078,0.003358123591169715,1
1789134849158701,-0.006249785423278809,0.004112014546990395,1
1789134849170701,0.010010480880737305,0.0042582484893500805,1
1789134849170701,0.010010480880737305,0.0042582484893500805,1
1789134849170701,0.010010480880737305,0.0042582484893500805,1
1789134849170701,0.010010480880737305,0.0042582484893500805,1
1789134849170701,0.010010480880737305,0.0042582484893500805,1
1789134849218701,-0.023138046264648438,0.005263780243694782,1
1789134849230701,0.0008821487426757812,0.005630905739963055,1
1789134849230701,0.0008821487426757812,0.005630905739963055,1
1789134849230701,0.0008821487426757812,0.005630905739963055,1
1789134849254701,0.002279520034790039,0.006086915731430054,1
1789134849254701,0.002279520034790039,0.006086915731430054,1
1789134849278701,-0.011829495429992676,0.006695375312119722,1
1789134849290701,-0.04626333713531494,0.006913489196449518,1
1789134849290701,-0.04626333713531494,0.006913489196449518,1
1789134849290701,-0.04626333713531494,0.006913489196449518,1
1789134849290701,-0.04626333713531494,0.006913489196449518,1
1789134849290701,-0.04626333713531494,0.006913489196449518,1
1789134849338701,-0.05508279800415039,0.008449033834040165,1
1789134849350701,-0.049427032470703125,0.00896804966032505,1
1789134849350701,-0.049427032470703125,0.00896804966032505,1
1789134849350701,-0.049427032470703125,0.00896804966032505,1
1789134849350701,-0.049427032470703125,0.00896804966032505,1
1789134849386701,-0.0461728572845459,0.009936797432601452,1
1789134849398701,-0.03883671760559082,0.010437892749905586,1
1789134849410701,-0.09195303916931152,0.010705748572945595,1
1789134849410701,-0.09195303916931152,0.010705748572945595,1
1789134849410701,-0.09195303916931152,0.010705748572945595,1
1789134849410701,-0.09195303916931152,0.010705748572945595,1
1789134849410701,-0.09195303916931152,0.010705748572945595,1
1789134849458701,-0.07420361042022705,0.01286693662405014,1
1789134849470856,-0.09823989868164062,0.01349662709981203,1
1789134849470856,-0.09823989868164062,0.01349662709981203,1
1789134849470856,-0.09823989868164062,0.01349662709981203,1
1789134849470856,-0.09823989868164062,0.01349662709981203,1
1789134849470856,-0.09823989868164062,0.01349662709981203,1
1789134849518856,-0.05134701728820801,0.015237967483699322,1
1789134849530856,-0.032211899757385254,0.01545028667896986,1
1789134849530856,-0.032211899757385254,0.01545028667896986,1
1789134849530856,-0.032211899757385254,0.01545028667896986,1
1789134849554856,-0.006123900413513184,0.01595860719680786,1
1789134849554856,-0.006123900413513184,0.01595860719680786,1
1789134849578856,0.007361054420471191,0.016341334208846092,1
1789134849590856,0.0197221040725708,0.01647556945681572,1
1789134849590856,0.0197221040725708,0.01647556945681572,1
1789134849590856,0.0197221040725708,0.01647556945681572,1
1789134849590856,0.0197221040725708,0.01647556945681572,1
1789134849590856,0.0197221040725708,0.01647556945681572,1
1789134849638856,-0.0035774707794189453,0.016951140016317368,1
1789134849650856,-0.015285015106201172,0.01702560856938362,1
1789134849650856,-0.015285015106201172,0.01702560856938362,1
1789134849650856,-0.015285015106201172,0.01702560856938362,1
1789134849650856,-0.015285015106201172,0.01702560856938362,1
1789134849686856,-0.018105149269104004,0.017343714833259583,1
1789134849698856,0.009107470512390137,0.017412949353456497,1
1789134849710856,0.010040283203125,0.01748809404671192,1
1789134849710856,0.010040283203125,0.01748809404671192,1
1789134849710856,0.010040283203125,0.01748809404671192,1
1789134849710856,0.010040283203125,0.01748809404671192,1
1789134849710856,0.010040283203125,0.01748809404671192,1
1789134849758856,0.012282967567443848,0.017791034653782845,1
1789134849770856,0.01163339614868164,0.017834609374403954,1
1789134849770856,0.01163339614868164,0.017834609374403954,1
1789134849782856,0.022938251495361328,0.017880337312817574,1
1789134849782856,0.022938251495361328,0.017880337312817574,1
1789134849782856,0.022938251495361328,0.017880337312817574,1
1789134849818856,0.023341894149780273,0.01798507571220398,1
1789134849830856,0.011166691780090332,0.018067864701151848,1
1789134849830856,0.011166691780090332,0.018067864701151848,1
1789134849830856,0.011166691780090332,0.018067864701151848,1
1789134849854856,0.01905965805053711,0.018173962831497192,1
1789134849854856,0.01905965805053711,0.018173962831497192,1
1789134849878856,0.012971758842468262,0.018272358924150467,1
1789134849890856,0.006617188453674316,0.01831628940999508,1
1789134849890856,0.006617188453674316,0.01831628940999508,1
1789134849890856,0.006617188453674316,0.01831628940999508,1
1789134849914856,0.029265880584716797,0.018391046673059464,1
1789134849914856,0.029265880584716797,0.018391046673059464,1
1789134849938856,0.01049506664276123,0.018456295132637024,1
1789134849950856,0.014589548110961914,0.018524043262004852,1
1789134849950856,0.014589548110961914,0.018524043262004852,1
1789134849950856,0.014589548110961914,0.018524043262004852,1
1789134849950856,0.014589548110961914,0.018524043262004852,1
1789134849950856,0.014589548110961914,0.018524043262004852,1
1789134849998856,0.0123673677444458,0.018692174926400185,1
1789134850010856,0.01740705966949463,0.01872388646006584,1
1789134850010856,0.01740705966949463,0.01872388646006584,1
1789134850010856,0.01740705966949463,0.01872388646006584,1
1789134850010856,0.01740705966949463,0.01872388646006584,1
1789134850046856,0.01908731460571289,0.018814692273736,1
1789134850058856,0.015311360359191895,0.018842419609427452,1
1789134850070856,0.019786834716796875,0.018885361030697823,1
1789134850070856,0.019786834716796875,0.018885361030697823,1
1789134850070856,0.019786834716796875,0.018885361030697823,1
1789134850070856,0.019786834716796875,0.018885361030697823,1
1789134850070856,0.019786834716796875,0.018885361030697823,1
1789134850118856,0.01620614528656006,0.019047372043132782,1
1789134850130856,0.021468639373779297,0.019074101001024246,1
1789134850130856,0.021468639373779297,0.019074101001024246,1
1789134850130856,0.021468639373779297,0.019074101001024246,1
1789134850130856,0.021468639373779297,0.019074101001024246,1
1789134850130856,0.021468639373779297,0.019074101001024246,1
1789134850178856,0.020943164825439453,0.019218020141124725,1
1789134850190856,0.03192794322967529,0.01924324221909046,1
1789134850190856,0.03192794322967529,0.01924324221909046,1
1789134850190856,0.03192794322967529,0.01924324221909046,1
1789134850214856,0.020608901977539062,0.019294220954179764,1
1789134850214856,0.020608901977539062,0.019294220954179764,1
1789134850238856,0.010151505470275879,0.019407935440540314,1
1789134850250856,0.00858151912689209,0.019450049847364426,1
1789134850250856,0.00858151912689209,0.019450049847364426,1
1789134850250856,0.00858151912689209,0.019450049847364426,1
1789134850250856,0.00858151912689209,0.019450049847364426,1
1789134850250856,0.00858151912689209,0.019450049847364426,1
1789134850298856,0.06385064125061035,0.01929924450814724,1
1789134850310856,0.07271373271942139,0.019221534952521324,1
1789134850310856,0.07271373271942139,0.019221534952521324,1
1789134850310856,0.07271373271942139,0.019221534952521324,1
1789134850310856,0.07271373271942139,0.019221534952521324,1
1789134850346856,0.0538787841796875,0.019225087016820908,1
1789134850358856,0.04940009117126465,0.019227467477321625,1
1789134850370856,0.046399593353271484,0.01922471448779106,1
1789134850370856,0.046399593353271484,0.01922471448779106,1
1789134850370856,0.046399593353271484,0.01922471448779106,1
1789134850370856,0.046399593353271484,0.01922471448779106,1
1789134850370856,0.046399593353271484,0.01922471448779106,1
1789134850418856,0.013106107711791992,0.019480256363749504,1
1789134850430856,0.01606595516204834,0.019591687247157097,1
1789134850430856,0.01606595516204834,0.019591687247157097,1
1789134850442856,0.037769436836242676,0.019632484763860703,1
1789134850442856,0.037769436836242676,0.019632484763860703,1
1789134850443013,0.037769436836242676,0.019632484763860703,1
1789134850479013,0.018932461738586426,0.01982908323407173,1
1789134850491013,0.021584510803222656,0.01988864317536354,1
1789134850491013,0.021584510803222656,0.01988864317536354,1
1789134850491013,0.021584510803222656,0.01988864317536354,1
1789134850491013,0.021584510803222656,0.01988864317536354,1
1789134850491013,0.021584510803222656,0.01988864317536354,1
1789134850539013,0.03936910629272461,0.020125342532992363,1
1789134850551013,0.05132150650024414,0.020134400576353073,1
1789134850551013,0.05132150650024414,0.020134400576353073,1
1789134850551013,0.05132150650024414,0.020134400576353073,1
1789134850575013,0.04827690124511719,0.020191635936498642,1
1789134850575013,0.04827690124511719,0.020191635936498642,1
1789134850599013,0.08421003818511963,0.02019752375781536,1
1789134850611013,0.07311511039733887,0.020183062180876732,1
1789134850611013,0.07311511039733887,0.020183062180876732,1
1789134850611013,0.07311511039733887,0.020183062180876732,1
1789134850611013,0.07311511039733887,0.020183062180876732,1
1789134850611013,0.07311511039733887,0.020183062180876732,1
1789134850659013,0.04755532741546631,0.020253047347068787,1
1789134850671013,0.019237637519836426,0.020383937284350395,1
1789134850671013,0.019237637519836426,0.020383937284350395,1
1789134850671013,0.019237637519836426,0.020383937284350395,1
1789134850671013,0.019237637519836426,0.020383937284350395,1
1789134850707013,0.041275978088378906,0.02057783678174019,1
1789134850719013,0.02915024757385254,0.020698150619864464,1
1789134850731013,0.014396071434020996,0.020793352276086807,1
1789134850731013,0.014396071434020996,0.020793352276086807,1
1789134850731013,0.014396071434020996,0.020793352276086807,1
1789134850731013,0.014396071434020996,0.020793352276086807,1
1789134850731013,0.014396071434020996,0.020793352276086807,1
1789134850779013,0.0351102352142334,0.021286968141794205,1
1789134850791013,0.036579251289367676,0.021487630903720856,1
1789134850791013,0.036579251289367676,0.021487630903720856,1
1789134850791013,0.036579251289367676,0.021487630903720856,1
1789134850791013,0.036579251289367676,0.021487630903720856,1
1789134850791013,0.036579251289367676,0.021487630903720856,1
1789134850839013,0.029149413108825684,0.021993795409798622,1
1789134850851013,0.04335975646972656,0.022087786346673965,1
1789134850851013,0.04335975646972656,0.022087786346673965,1
1789134850851013,0.04335975646972656,0.022087786346673965,1
1789134850875013,0.024502992630004883,0.022330550476908684,1
1789134850875013,0.024502992630004883,0.022330550476908684,1
1789134850899013,0.05364179611206055,0.022621244192123413,1
1789134850911013,0.04136049747467041,0.022753406316041946,1
1789134850911013,0.04136049747467041,0.022753406316041946,1
1789134850911013,0.04136049747467041,0.022753406316041946,1
1789134850911013,0.04136049747467041,0.022753406316041946,1
1789134850911013,0.04136049747467041,0.022753406316041946,1
1789134850959013,0.08015048503875732,0.023230770602822304,1
1789134850971013,0.06914412975311279,0.02327999845147133,1
1789134850971013,0.06914412975311279,0.02327999845147133,1
1789134850971013,0.06914412975311279,0.02327999845147133,1
1789134850971013,0.06914412975311279,0.02327999845147133,1
1789134851007013,0.044945478439331055,0.0236169695854187,1
1789134851019013,0.05406641960144043,0.02370220236480236,1
1789134851031013,0.04394245147705078,0.023892436176538467,1
1789134851031013,0.04394245147705078,0.023892436176538467,1
1789134851031013,0.04394245147705078,0.023892436176538467,1
1789134851031013,0.04394245147705078,0.023892436176538467,1
1789134851031013,0.04394245147705078,0.023892436176538467,1
1789134851079013,0.057511329650878906,0.02435418963432312,1
1789134851091013,0.06216263771057129,0.02442903071641922,1
1789134851091013,0.06216263771057129,0.02442903071641922,1
1789134851091013,0.06216263771057129,0.02442903071641922,1
1789134851091013,0.06216263771057129,0.02442903071641922,1
1789134851091013,0.06216263771057129,0.02442903071641922,1
1789134851139013,0.048685431480407715,0.024930503219366074,1
1789134851151013,0.031787753105163574,0.02516874670982361,1
1789134851151013,0.031787753105163574,0.02516874670982361,1
1789134851151013,0.031787753105163574,0.02516874670982361,1
1789134851151013,0.031787753105163574,0.02516874670982361,1
1789134851151013,0.031787753105163574,0.02516874670982361,1
1789134851199013,0.02713930606842041,0.025904839858412743,1
1789134851211013,0.007891178131103516,0.02608061209321022,1
1789134851211013,0.007891178131103516,0.02608061209321022,1
1789134851211013,0.007891178131103516,0.02608061209321022,1
1789134851235013,0.014466404914855957,0.026585308834910393,1
1789134851235013,0.014466404914855957,0.026585308834910393,1
1789134851259013,0.02812778949737549,0.0270660612732172,1
1789134851271013,0.031998515129089355,0.02735273726284504,1
1789134851271013,0.031998515129089355,0.02735273726284504,1
1789134851271013,0.031998515129089355,0.02735273726284504,1
1789134851271013,0.031998515129089355,0.02735273726284504,1
1789134851271013,0.031998515129089355,0.02735273726284504,1
1789134851319013,0.028456687927246094,0.02822030894458294,1
1789134851331013,0.011858463287353516,0.02838915027678013,1
1789134851331013,0.011858463287353516,0.02838915027678013,1
1789134851331013,0.011858463287353516,0.02838915027678013,1
1789134851331013,0.011858463287353516,0.02838915027678013,1
1789134851367013,0.05447554588317871,0.02910744957625866,1
1789134851379013,0.03386831283569336,0.029226934537291527,1
1789134851391013,0.05072438716888428,0.02944466657936573,1
1789134851391013,0.05072438716888428,0.02944466657936573,1
1789134851391013,0.05072438716888428,0.02944466657936573,1
1789134851391013,0.05072438716888428,0.02944466657936573,1
1789134851391013,0.05072438716888428,0.02944466657936573,1
1789134851439013,0.06265997886657715,0.029915018007159233,1
1789134851451013,0.06373274326324463,0.029987655580043793,1
1789134851451013,0.06373274326324463,0.029987655580043793,1
1789134851451013,0.06373274326324463,0.029987655580043793,1
1789134851451168,0.06373274326324463,0.029987655580043793,1
1789134851451168,0.06373274326324463,0.029987655580043793,1
1789134851499168,0.05633556842803955,0.03047649748623371,1
1789134851511168,0.07049596309661865,0.03058711625635624,1
1789134851511168,0.07049596309661865,0.03058711625635624,1
1789134851511168,0.07049596309661865,0.03058711625635624,1
1789134851535168,0.08099699020385742,0.03072528913617134,1
1789134851535168,0.08099699020385742,0.03072528913617134,1
1789134851559168,0.062348365783691406,0.030925123021006584,1
1789134851571168,0.04087412357330322,0.031017184257507324,1
1789134851571168,0.04087412357330322,0.031017184257507324,1
1789134851571168,0.04087412357330322,0.031017184257507324,1
1789134851571168,0.04087412357330322,0.031017184257507324,1
1789134851571168,0.04087412357330322,0.031017184257507324,1
1789134851619168,0.06495583057403564,0.031710077077150345,1
1789134851631168,0.06451952457427979,0.031918153166770935,1
1789134851631168,0.06451952457427979,0.031918153166770935,1
1789134851631168,0.06451952457427979,0.031918153166770935,1
1789134851631168,0.06451952457427979,0.031918153166770935,1
1789134851667168,0.05076920986175537,0.03239661455154419,1
1789134851679168,0.061148881912231445,0.03269364684820175,1
1789134851691168,0.045212745666503906,0.03281458467245102,1
1789134851691168,0.045212745666503906,0.03281458467245102,1
1789134851691168,0.045212745666503906,0.03281458467245102,1
1789134851691168,0.045212745666503906,0.03281458467245102,1
1789134851691168,0.045212745666503906,0.03281458467245102,1
1789134851739168,-0.028568148612976074,0.034091562032699585,1
1789134851751168,-0.040355682373046875,0.03472915664315224,1
1789134851751168,-0.040355682373046875,0.03472915664315224,1
1789134851763168,-0.002632617950439453,0.03500300273299217,1
1789134851763168,-0.002632617950439453,0.03500300273299217,1
1789134851763168,-0.002632617950439453,0.03500300273299217,1
1789134851799168,0.04120481014251709,0.03589767590165138,1
1789134851811168,0.040689706802368164,0.03610105440020561,1
1789134851811168,0.040689706802368164,0.03610105440020561,1
1789134851811168,0.040689706802368164,0.03610105440020561,1
1789134851811168,0.040689706802368164,0.03610105440020561,1
1789134851811168,0.040689706802368164,0.03610105440020561,1
1789134851859168,0.03924405574798584,0.03717029094696045,1
1789134851871168,0.041199684143066406,0.03755076602101326,1
1789134851871168,0.041199684143066406,0.03755076602101326,1
1789134851871168,0.041199684143066406,0.03755076602101326,1
1789134851895168,0.018558979034423828,0.03812045603990555,1
1789134851895168,0.018558979034423828,0.03812045603990555,1
1789134851919168,0.06433343887329102,0.03865162655711174,1
1789134851931168,0.04569423198699951,0.038801271468400955,1
1789134851931168,0.04569423198699951,0.038801271468400955,1
1789134851931168,0.04569423198699951,0.038801271468400955,1
1789134851931168,0.04569423198699951,0.038801271468400955,1
1789134851931168,0.04569423198699951,0.038801271468400955,1
1789134851979168,0.013873696327209473,0.03981972485780716,1
1789134851991168,-0.004064321517944336,0.040297508239746094,1
1789134851991168,-0.004064321517944336,0.040297508239746094,1
1789134851991168,-0.004064321517944336,0.040297508239746094,1
1789134851991168,-0.004064321517944336,0.040297508239746094,1
1789134852027168,0.003319263458251953,0.04115214943885803,1
1789134852039168,0.02230679988861084,0.041602011770009995,1
1789134852051168,0.03576850891113281,0.041793305426836014,1
1789134852051168,0.03576850891113281,0.041793305426836014,1
1789134852051168,0.03576850891113281,0.041793305426836014,1
1789134852051168,0.03576850891113281,0.041793305426836014,1
1789134852051168,0.03576850891113281,0.041793305426836014,1
1789134852099168,0.014430642127990723,0.04308350756764412,1
1789134852111168,0.02784562110900879,0.04349672794342041,1
1789134852111168,0.02784562110900879,0.04349672794342041,1
1789134852111168,0.02784562110900879,0.04349672794342041,1
1789134852111168,0.02784562110900879,0.04349672794342041,1
1789134852111168,0.02784562110900879,0.04349672794342041,1
1789134852159168,0.01474463939666748,0.04473528638482094,1
1789134852171168,0.030526399612426758,0.044947199523448944,1
1789134852171168,0.030526399612426758,0.044947199523448944,1
1789134852171168,0.030526399612426758,0.044947199523448944,1
1789134852195168,0.0591886043548584,0.04553139582276344,1
1789134852195168,0.0591886043548584,0.04553139582276344,1
1789134852219168,0.04864859580993652,0.04604298621416092,1
1789134852231168,0.03649866580963135,0.046379454433918,1
1789134852231168,0.03649866580963135,0.046379454433918,1
1789134852231168,0.03649866580963135,0.046379454433918,1
1789134852231168,0.03649866580963135,0.046379454433918,1
1789134852231168,0.03649866580963135,0.046379454433918,1
1789134852279168,0.08347713947296143,0.047114863991737366,1
1789134852291168,0.10574305057525635,0.047200657427310944,1
1789134852291168,0.10574305057525635,0.047200657427310944,1
1789134852291168,0.10574305057525635,0.047200657427310944,1
1789134852291168,0.10574305057525635,0.047200657427310944,1
1789134852327168,0.07265770435333252,0.047751229256391525,1
1789134852339168,0.0644603967666626,0.047897107899188995,1
1789134852351168,0.05264127254486084,0.04817602038383484,1
1789134852351168,0.05264127254486084,0.04817602038383484,1
1789134852351168,0.05264127254486084,0.04817602038383484,1
1789134852351168,0.05264127254486084,0.04817602038383484,1
1789134852351168,0.05264127254486084,0.04817602038383484,1
1789134852399168,0.12700378894805908,0.04825533181428909,1
1789134852411168,0.14411795139312744,0.048292603343725204,1
1789134852411168,0.14411795139312744,0.048292603343725204,1
1789134852423168,0.14750266075134277,0.048328883945941925,1
1789134852423168,0.14750266075134277,0.048328883945941925,1
1789134852423168,0.14750266075134277,0.048328883945941925,1
1789134852459168,0.06655561923980713,0.04872244969010353,1
1789134852471168,0.04183971881866455,0.049120932817459106,1
1789134852471323,0.04183971881866455,0.049120932817459106,1
1789134852471323,0.04183971881866455,0.049120932817459106,1
1789134852471323,0.04183971881866455,0.049120932817459106,1
1789134852471323,0.04183971881866455,0.049120932817459106,1
1789134852519323,0.07996916770935059,0.050112731754779816,1
1789134852531323,0.09463751316070557,0.050283804535865784,1
1789134852531323,0.09463751316070557,0.050283804535865784,1
1789134852531323,0.09463751316070557,0.050283804535865784,1
1789134852555323,0.05755269527435303,0.050844285637140274,1
1789134852555323,0.05755269527435303,0.050844285637140274,1
1789134852579323,0.04931843280792236,0.051529280841350555,1
1789134852591323,0.024202942848205566,0.05202445760369301,1
1789134852591323,0.024202942848205566,0.05202445760369301,1
1789134852591323,0.024202942848205566,0.05202445760369301,1
1789134852591323,0.024202942848205566,0.05202445760369301,1
1789134852591323,0.024202942848205566,0.05202445760369301,1
1789134852639323,0.04124557971954346,0.05364273488521576,1
1789134852651323,0.043654561042785645,0.053905852138996124,1
1789134852651323,0.043654561042785645,0.053905852138996124,1
1789134852651323,0.043654561042785645,0.053905852138996124,1
1789134852651323,0.043654561042785645,0.053905852138996124,1
1789134852687323,0.07155311107635498,0.05505867674946785,1
1789134852699323,0.062230825424194336,0.05529918894171715,1
1789134852711323,0.04410386085510254,0.055783890187740326,1
1789134852711323,0.04410386085510254,0.055783890187740326,1
1789134852711323,0.04410386085510254,0.055783890187740326,1
1789134852711323,0.04410386085510254,0.055783890187740326,1
1789134852711323,0.04410386085510254,0.055783890187740326,1
1789134852759323,0.025879263877868652,0.05742447450757027,1
1789134852771323,0.019636988639831543,0.05770758539438248,1
1789134852771323,0.019636988639831543,0.05770758539438248,1
1789134852771323,0.019636988639831543,0.05770758539438248,1
1789134852771323,0.019636988639831543,0.05770758539438248,1
1789134852771323,0.019636988639831543,0.05770758539438248,1
1789134852819323,0.024758577346801758,0.0593673475086689,1
1789134852831323,0.029603004455566406,0.05991220474243164,1
1789134852831323,0.029603004455566406,0.05991220474243164,1
1789134852831323,0.029603004455566406,0.05991220474243164,1
1789134852855323,0.07550609111785889,0.06047561392188072,1
1789134852855323,0.07550609111785889,0.06047561392188072,1
1789134852879323,0.04515421390533447,0.061124902218580246,1
1789134852891323,0.034253478050231934,0.06134771555662155,1
1789134852891323,0.034253478050231934,0.06134771555662155,1
1789134852891323,0.034253478050231934,0.06134771555662155,1
1789134852891323,0.034253478050231934,0.06134771555662155,1
1789134852891323,0.034253478050231934,0.06134771555662155,1
1789134852939323,0.06909406185150146,0.06253160536289215,1
1789134852951323,0.0930180549621582,0.06288377195596695,1
1789134852951323,0.0930180549621582,0.06288377195596695,1
1789134852951323,0.0930180549621582,0.06288377195596695,1
1789134852951323,0.0930180549621582,0.06288377195596695,1
1789134852987323,0.05675327777862549,0.06351984292268753,1
1789134852999323,0.04133152961730957,0.0639488622546196,1
1789134853011323,0.04971587657928467,0.06414098292589188,1
1789134853011323,0.04971587657928467,0.06414098292589188,1
1789134853011323,0.04971587657928467,0.06414098292589188,1
1789134853011323,0.04971587657928467,0.06414098292589188,1
1789134853047323,0.025831937789916992,0.0651354044675827,1
1789134853059323,0.02633500099182129,0.06538625806570053,1
1789134853071323,0.08512985706329346,0.06573252379894257,1
1789134853071323,0.08512985706329346,0.06573252379894257,1
1789134853083323,0.07860076427459717,0.06586552411317825,1
1789134853083323,0.07860076427459717,0.06586552411317825,1
1789134853083323,0.07860076427459717,0.06586552411317825,1
1789134853119323,0.08424365520477295,0.0666121244430542,1
1789134853131323,0.1270233392715454,0.06676973402500153,1
1789134853131323,0.1270233392715454,0.06676973402500153,1
1789134853131323,0.1270233392715454,0.06676973402500153,1
1789134853131323,0.1270233392715454,0.06676973402500153,1
1789134853131323,0.1270233392715454,0.06676973402500153,1
1789134853179323,0.10459184646606445,0.06754766404628754,1
1789134853191323,0.09040999412536621,0.06781979650259018,1
1789134853191323,0.09040999412536621,0.06781979650259018,1
1789134853191323,0.09040999412536621,0.06781979650259018,1
1789134853215323,0.08029639720916748,0.06825397908687592,1
1789134853215323,0.08029639720916748,0.06825397908687592,1
1789134853239323,0.07151436805725098,0.06874530762434006,1
1789134853251323,0.02936387062072754,0.06894135475158691,1
1789134853251323,0.02936387062072754,0.06894135475158691,1
1789134853251323,0.02936387062072754,0.06894135475158691,1
1789134853251323,0.02936387062072754,0.06894135475158691,1
1789134853251323,0.02936387062072754,0.06894135475158691,1
1789134853299323,0.0994185209274292,0.07010507583618164,1
1789134853311323,0.10168576240539551,0.07041101157665253,1
1789134853311323,0.10168576240539551,0.07041101157665253,1
1789134853311323,0.10168576240539551,0.07041101157665253,1
1789134853311323,0.10168576240539551,0.07041101157665253,1
1789134853347323,0.07539510726928711,0.07105918973684311,1
1789134853359323,0.06730496883392334,0.07139559835195541,1
1789134853371323,0.061217546463012695,0.07159262150526047,1
1789134853371323,0.061217546463012695,0.07159262150526047,1
1789134853371323,0.061217546463012695,0.07159262150526047,1
1789134853371323,0.061217546463012695,0.07159262150526047,1
1789134853371323,0.061217546463012695,0.07159262150526047,1
1789134853419323,0.06273865699768066,0.07265669107437134,1
1789134853431323,0.0714113712310791,0.07309184968471527,1
1789134853431323,0.0714113712310791,0.07309184968471527,1
1789134853431323,0.0714113712310791,0.07309184968471527,1
1789134853431323,0.0714113712310791,0.07309184968471527,1
1789134853431323,0.0714113712310791,0.07309184968471527,1
1789134853479323,0.07019269466400146,0.07418609410524368,1
1789134853491477,0.054233670234680176,0.07440999895334244,1
1789134853491477,0.054233670234680176,0.07440999895334244,1
1789134853491477,0.054233670234680176,0.07440999895334244,1
1789134853515477,0.046523094177246094,0.07506319135427475,1
1789134853515477,0.046523094177246094,0.07506319135427475,1
1789134853539477,0.10338985919952393,0.07565446197986603,1
1789134853551477,0.11837482452392578,0.07596727460622787,1
1789134853551477,0.11837482452392578,0.07596727460622787,1
1789134853551477,0.11837482452392578,0.07596727460622787,1
1789134853551477,0.11837482452392578,0.07596727460622787,1
1789134853551477,0.11837482452392578,0.07596727460622787,1
1789134853599477,0.03878676891326904,0.077093705534935,1
1789134853611477,0.021935105323791504,0.07735459506511688,1
1789134853611477,0.021935105323791504,0.07735459506511688,1
1789134853611477,0.021935105323791504,0.07735459506511688,1
1789134853611477,0.021935105323791504,0.07735459506511688,1
1789134853647477,0.0727614164352417,0.078331358730793,1
1789134853659477,0.04218947887420654,0.0785590335726738,1
1789134853671477,0.07019710540771484,0.07896754145622253,1
1789134853671477,0.07019710540771484,0.07896754145622253,1
1789134853671477,0.07019710540771484,0.07896754145622253,1
1789134853671477,0.07019710540771484,0.07896754145622253,1
1789134853671477,0.07019710540771484,0.07896754145622253,1
1789134853719477,0.050632357597351074,0.0803530216217041,1
1789134853731477,0.011056900024414062,0.08062580972909927,1
1789134853731477,0.011056900024414062,0.08062580972909927,1
1789134853743477,0.059424757957458496,0.08110480010509491,1
1789134853743477,0.059424757957458496,0.08110480010509491,1
1789134853743477,0.059424757957458496,0.08110480010509491,1
1789134853779477,0.06180119514465332,0.08188918232917786,1
1789134853791477,0.07473576068878174,0.08229280263185501,1
1789134853791477,0.07473576068878174,0.08229280263185501,1
1789134853791477,0.07473576068878174,0.08229280263185501,1
1789134853791477,0.07473576068878174,0.08229280263185501,1
1789134853791477,0.07473576068878174,0.08229280263185501,1
1789134853839477,0.014383316040039062,0.08348751813173294,1
1789134853851477,0.003755807876586914,0.0837634950876236,1
1789134853851477,0.003755807876586914,0.0837634950876236,1
1789134853851477,0.003755807876586914,0.0837634950876236,1
1789134853875477,0.06230175495147705,0.0843854770064354,1
1789134853875477,0.06230175495147705,0.0843854770064354,1
1789134853899477,0.05595588684082031,0.08489256352186203,1
1789134853911477,0.04323768615722656,0.08525578677654266,1
1789134853911477,0.04323768615722656,0.08525578677654266,1
1789134853911477,0.04323768615722656,0.08525578677654266,1
1789134853911477,0.04323768615722656,0.08525578677654266,1
1789134853911477,0.04323768615722656,0.08525578677654266,1
1789134853959477,0.04660141468048096,0.08637380599975586,1
1789134853971477,0.044797420501708984,0.08654700219631195,1
1789134853971477,0.044797420501708984,0.08654700219631195,1
1789134853971477,0.044797420501708984,0.08654700219631195,1
1789134853971477,0.044797420501708984,0.08654700219631195,1
1789134854007477,0.05094730854034424,0.08739256113767624,1
1789134854019477,0.05491340160369873,0.08756635338068008,1
1789134854031477,0.0704648494720459,0.08780374377965927,1
1789134854031477,0.0704648494720459,0.08780374377965927,1
1789134854031477,0.0704648494720459,0.08780374377965927,1
1789134854031477,0.0704648494720459,0.08780374377965927,1
1789134854031477,0.0704648494720459,0.08780374377965927,1
1789134854079477,0.10479855537414551,0.0883670300245285,1
1789134854091477,0.10713672637939453,0.08843863755464554,1
1789134854091477,0.10713672637939453,0.08843863755464554,1
1789134854091477,0.10713672637939453,0.08843863755464554,1
1789134854091477,0.10713672637939453,0.08843863755464554,1
1789134854091477,0.10713672637939453,0.08843863755464554,1
1789134854139477,0.02648746967315674,0.08911163359880447,1
1789134854151477,0.01883220672607422,0.08948221057653427,1
1789134854151477,0.01883220672607422,0.08948221057653427,1
1789134854151477,0.01883220672607422,0.08948221057653427,1
1789134854175477,0.0489809513092041,0.08983456343412399,1
1789134854175477,0.0489809513092041,0.08983456343412399,1
1789134854199477,0.051899075508117676,0.09016869217157364,1
1789134854211477,0.06356847286224365,0.09027261286973953,1
1789134854211477,0.06356847286224365,0.09027261286973953,1
1789134854211477,0.06356847286224365,0.09027261286973953,1
1789134854211477,0.06356847286224365,0.09027261286973953,1
1789134854211477,0.06356847286224365,0.09027261286973953,1
1789134854259477,0.03269767761230469,0.09113387763500214,1
1789134854271477,0.04581344127655029,0.09138467907905579,1
1789134854271477,0.04581344127655029,0.09138467907905579,1
1789134854271477,0.04581344127655029,0.09138467907905579,1
1789134854271477,0.04581344127655029,0.09138467907905579,1
1789134854307477,0.07236313819885254,0.09179757535457611,1
1789134854319477,0.07456231117248535,0.09199739247560501,1
1789134854331477,0.06212007999420166,0.09207826107740402,1
1789134854331477,0.06212007999420166,0.09207826107740402,1
1789134854331477,0.06212007999420166,0.09207826107740402,1
1789134854331477,0.06212007999420166,0.09207826107740402,1
1789134854331477,0.06212007999420166,0.09207826107740402,1
1789134854379477,0.028425931930541992,0.09280657768249512,1
1789134854391477,0.04967153072357178,0.0930251032114029,1
1789134854391477,0.04967153072357178,0.0930251032114029,1
1789134854403477,0.05659067630767822,0.09313016384840012,1
1789134854403477,0.05659067630767822,0.09313016384840012,1
1789134854403477,0.05659067630767822,0.09313016384840012,1
1789134854439477,0.016016244888305664,0.0936327651143074,1
1789134854451477,0.03496980667114258,0.09377053380012512,1
1789134854451477,0.03496980667114258,0.09377053380012512,1
1789134854451477,0.03496980667114258,0.09377053380012512,1
1789134854451477,0.03496980667114258,0.09377053380012512,1
1789134854451631,0.03496980667114258,0.09377053380012512,1
1789134854499631,0.07532262802124023,0.09439780563116074,1
1789134854511631,0.09463739395141602,0.0944313332438469,1
1789134854511631,0.09463739395141602,0.0944313332438469,1
1789134854511631,0.09463739395141602,0.0944313332438469,1
1789134854535631,0.09419989585876465,0.09449310600757599,1
1789134854535631,0.09419989585876465,0.09449310600757599,1
1789134854559631,0.04908335208892822,0.09465869516134262,1
1789134854571631,0.05881345272064209,0.09471286833286285,1
1789134854571631,0.05881345272064209,0.09471286833286285,1
1789134854571631,0.05881345272064209,0.09471286833286285,1
1789134854571631,0.05881345272064209,0.09471286833286285,1
1789134854571631,0.05881345272064209,0.09471286833286285,1
1789134854619631,0.01572704315185547,0.09522337466478348,1
1789134854631631,0.03711831569671631,0.09537076950073242,1
1789134854631631,0.03711831569671631,0.09537076950073242,1
1789134854631631,0.03711831569671631,0.09537076950073242,1
1789134854631631,0.03711831569671631,0.09537076950073242,1
1789134854667631,0.05608093738555908,0.09565556049346924,1
1789134854679631,0.049298882484436035,0.09577704221010208,1
1789134854691631,0.046988487243652344,0.09583979099988937,1
1789134854691631,0.046988487243652344,0.09583979099988937,1
1789134854691631,0.046988487243652344,0.09583979099988937,1
1789134854691631,0.046988487243652344,0.09583979099988937,1
1789134854691631,0.046988487243652344,0.09583979099988937,1
1789134854739631,0.041666269302368164,0.09633258730173111,1
1789134854751631,0.0281369686126709,0.09649468958377838,1
1789134854751631,0.0281369686126709,0.09649468958377838,1
1789134854751631,0.0281369686126709,0.09649468958377838,1
1789134854751631,0.0281369686126709,0.09649468958377838,1
1789134854751631,0.0281369686126709,0.09649468958377838,1
1789134854799631,0.04788708686828613,0.09681984782218933,1
1789134854811631,0.048431992530822754,0.0968436449766159,1
1789134854811631,0.048431992530822754,0.0968436449766159,1
1789134854811631,0.048431992530822754,0.0968436449766159,1
1789134854835631,0.06198728084564209,0.09683138132095337,1
1789134854835631,0.06198728084564209,0.09683138132095337,1
1789134854859631,0.03784823417663574,0.0968131422996521,1
1789134854871631,0.033928513526916504,0.09682321548461914,1
1789134854871631,0.033928513526916504,0.09682321548461914,1
1789134854871631,0.033928513526916504,0.09682321548461914,1
1789134854871631,0.033928513526916504,0.09682321548461914,1
1789134854871631,0.033928513526916504,0.09682321548461914,1
1789134854919631,0.06371879577636719,0.09671161323785782,1
1789134854931631,0.07880580425262451,0.0966339036822319,1
1789134854931631,0.07880580425262451,0.0966339036822319,1
1789134854931631,0.07880580425262451,0.0966339036822319,1
1789134854931631,0.07880580425262451,0.0966339036822319,1
1789134854967631,0.045603275299072266,0.09636111557483673,1
1789134854979631,0.06273174285888672,0.09628908336162567,1
1789134854991631,0.07068908214569092,0.0961056724190712,1
1789134854991631,0.07068908214569092,0.0961056724190712,1
1789134854991631,0.07068908214569092,0.0961056724190712,1
1789134854991631,0.07068908214569092,0.0961056724190712,1
1789134854991631,0.07068908214569092,0.0961056724190712,1
1789134855039631,0.040768980979919434,0.0957166850566864,1
1789134855051631,0.03871285915374756,0.09566012024879456,1
1789134855051631,0.03871285915374756,0.09566012024879456,1
1789134855063631,0.061438560485839844,0.0954836755990982,1
1789134855063631,0.061438560485839844,0.0954836755990982,1
1789134855063631,0.061438560485839844,0.0954836755990982,1
1789134855099631,0.04826509952545166,0.09517525881528854,1
1789134855111631,0.03100287914276123,0.09507191181182861,1
1789134855111631,0.03100287914276123,0.09507191181182861,1
1789134855111631,0.03100287914276123,0.09507191181182861,1
1789134855111631,0.03100287914276123,0.09507191181182861,1
1789134855111631,0.03100287914276123,0.09507191181182861,1
1789134855159631,0.07671976089477539,0.09449010342359543,1
1789134855171631,0.08033514022827148,0.09434415400028229,1
1789134855171631,0.08033514022827148,0.09434415400028229,1
1789134855171631,0.08033514022827148,0.09434415400028229,1
1789134855195631,0.05171704292297363,0.09383780509233475,1
1789134855195631,0.05171704292297363,0.09383780509233475,1
1789134855219631,0.034354209899902344,0.09350568801164627,1
1789134855231631,0.03628826141357422,0.09330032765865326,1
1789134855231631,0.03628826141357422,0.09330032765865326,1
1789134855231631,0.03628826141357422,0.09330032765865326,1
1789134855231631,0.03628826141357422,0.09330032765865326,1
1789134855231631,0.03628826141357422,0.09330032765865326,1
1789134855279631,0.04816138744354248,0.09271466732025146,1
1789134855291631,0.04774057865142822,0.09259190410375595,1
1789134855291631,0.04774057865142822,0.09259190410375595,1
1789134855291631,0.04774057865142822,0.09259190410375595,1
1789134855291631,0.04774057865142822,0.09259190410375595,1
1789134855327631,0.1491847038269043,0.09152069687843323,1
1789134855339631,0.14107215404510498,0.0912204384803772,1
1789134855351631,0.08905136585235596,0.09073618054389954,1
1789134855351631,0.08905136585235596,0.09073618054389954,1
1789134855351631,0.08905136585235596,0.09073618054389954,1
1789134855351631,0.08905136585235596,0.09073618054389954,1
1789134855351631,0.08905136585235596,0.09073618054389954,1
1789134855399631,0.039734482765197754,0.08945836871862411,1
1789134855411631,0.021879196166992188,0.08931245654821396,1
1789134855411631,0.021879196166992188,0.08931245654821396,1
1789134855411631,0.021879196166992188,0.08931245654821396,1
1789134855411631,0.021879196166992188,0.08931245654821396,1
1789134855411631,0.021879196166992188,0.08931245654821396,1
1789134855459631,0.051943302154541016,0.08828166127204895,1
1789134855471631,0.04017817974090576,0.08796471357345581,1
1789134855471631,0.04017817974090576,0.08796471357345581,1
1789134855471631,0.04017817974090576,0.08796471357345581,1
1789134855495785,0.048709750175476074,0.08748482167720795,1
1789134855495785,0.048709750175476074,0.08748482167720795,1
1789134855519785,0.04194188117980957,0.08687703311443329,1
1789134855531785,0.05573272705078125,0.0866951197385788,1
1789134855531785,0.05573272705078125,0.0866951197385788,1
1789134855531785,0.05573272705078125,0.0866951197385788,1
1789134855531785,0.05573272705078125,0.0866951197385788,1
1789134855531785,0.05573272705078125,0.0866951197385788,1
1789134855579785,0.06926536560058594,0.08555877953767776,1
1789134855591785,0.05396687984466553,0.08515651524066925,1
1789134855591785,0.05396687984466553,0.08515651524066925,1
1789134855591785,0.05396687984466553,0.08515651524066925,1
1789134855591785,0.05396687984466553,0.08515651524066925,1
1789134855627785,0.04552721977233887,0.08433480560779572,1
1789134855639785,0.05306828022003174,0.08385494351387024,1
1789134855651785,0.03483915328979492,0.08363932371139526,1
1789134855651785,0.03483915328979492,0.08363932371139526,1
1789134855651785,0.03483915328979492,0.08363932371139526,1
1789134855651785,0.03483915328979492,0.08363932371139526,1
1789134855651785,0.03483915328979492,0.08363932371139526,1
1789134855699785,0.05263626575469971,0.08228860795497894,1
1789134855711785,0.05086791515350342,0.08176546543836594,1
1789134855711785,0.05086791515350342,0.08176546543836594,1
1789134855723785,0.02313828468322754,0.08154154568910599,1
1789134855723785,0.02313828468322754,0.08154154568910599,1
1789134855723785,0.02313828468322754,0.08154154568910599,1
1789134855759785,0.02540874481201172,0.08056182414293289,1
1789134855771785,0.026056289672851562,0.08033884316682816,1
1789134855771785,0.026056289672851562,0.08033884316682816,1
1789134855771785,0.026056289672851562,0.08033884316682816,1
1789134855771785,0.026056289672851562,0.08033884316682816,1
1789134855771785,0.026056289672851562,0.08033884316682816,1
1789134855819785,0.17175698280334473,0.07799292355775833,1
1789134855831785,0.18384134769439697,0.07700034230947495,1
1789134855831785,0.18384134769439697,0.07700034230947495,1
1789134855831785,0.18384134769439697,0.07700034230947495,1
1789134855855785,0.14692091941833496,0.0756024420261383,1
1789134855855785,0.14692091941833496,0.0756024420261383,1
1789134855879785,0.07291483879089355,0.07435107976198196,1
1789134855891785,0.1014719009399414,0.07398390024900436,1
1789134855891785,0.1014719009399414,0.07398390024900436,1
1789134855891785,0.1014719009399414,0.07398390024900436,1
1789134855891785,0.1014719009399414,0.07398390024900436,1
1789134855891785,0.1014719009399414,0.07398390024900436,1
1789134855939785,0.0786980390548706,0.07167185097932816,1
1789134855951785,0.09896969795227051,0.07086870819330215,1
1789134855951785,0.09896969795227051,0.07086870819330215,1
1789134855951785,0.09896969795227051,0.07086870819330215,1
1789134855951785,0.09896969795227051,0.07086870819330215,1
1789134855987785,0.07922673225402832,0.0692855641245842,1
1789134855999785,0.07612037658691406,0.06853025406599045,1
1789134856011785,0.061112046241760254,0.06820216029882431,1
1789134856011785,0.061112046241760254,0.06820216029882431,1
1789134856011785,0.061112046241760254,0.06820216029882431,1
1789134856011785,0.061112046241760254,0.06820216029882431,1
1789134856047785,0.06060457229614258,0.06659557670354843,1
1789134856059785,0.06540977954864502,0.06628389656543732,1
1789134856071785,0.029140710830688477,0.06570926308631897,1
1789134856071785,0.029140710830688477,0.06570926308631897,1
1789134856071785,0.029140710830688477,0.06570926308631897,1
1789134856071785,0.029140710830688477,0.06570926308631897,1
1789134856071785,0.029140710830688477,0.06570926308631897,1
1789134856119785,0.081687331199646,0.0641174167394638,1
1789134856131785,0.0743328332901001,0.06379271298646927,1
1789134856131785,0.0743328332901001,0.06379271298646927,1
1789134856131785,0.0743328332901001,0.06379271298646927,1
1789134856155785,0.07899177074432373,0.0627460777759552,1
1789134856155785,0.07899177074432373,0.0627460777759552,1
1789134856179785,0.08024919033050537,0.06170163303613663,1
1789134856191785,0.022568225860595703,0.06111811473965645,1
1789134856191785,0.022568225860595703,0.06111811473965645,1
1789134856191785,0.022568225860595703,0.06111811473965645,1
1789134856191785,0.022568225860595703,0.06111811473965645,1
1789134856191785,0.022568225860595703,0.06111811473965645,1
1789134856239785,0.044870615005493164,0.05946018546819687,1
1789134856251785,0.03289663791656494,0.05918927490711212,1
1789134856251785,0.03289663791656494,0.05918927490711212,1
1789134856251785,0.03289663791656494,0.05918927490711212,1
1789134856251785,0.03289663791656494,0.05918927490711212,1
1789134856287785,0.05618941783905029,0.05748682841658592,1
1789134856299785,0.09082043170928955,0.05711876228451729,1
1789134856311785,0.011799216270446777,0.056503817439079285,1
1789134856311785,0.011799216270446777,0.056503817439079285,1
1789134856311785,0.011799216270446777,0.056503817439079285,1
1789134856311785,0.011799216270446777,0.056503817439079285,1
1789134856311785,0.011799216270446777,0.056503817439079285,1
1789134856359785,0.012551546096801758,0.05503552034497261,1
1789134856371785,0.021622776985168457,0.05475865676999092,1
1789134856371785,0.021622776985168457,0.05475865676999092,1
1789134856383785,0.015609383583068848,0.054182395339012146,1
1789134856383785,0.015609383583068848,0.054182395339012146,1
1789134856383785,0.015609383583068848,0.054182395339012146,1
1789134856419785,0.039586782455444336,0.052911486476659775,1
1789134856431785,0.0214768648147583,0.05229790881276131,1
1789134856431785,0.0214768648147583,0.05229790881276131,1
1789134856431785,0.0214768648147583,0.05229790881276131,1
1789134856431785,0.0214768648147583,0.05229790881276131,1
1789134856431785,0.0214768648147583,0.05229790881276131,1
1789134856479785,0.02763545513153076,0.050656259059906006,1
1789134856491785,0.013952374458312988,0.05032256245613098,1
1789134856491940,0.013952374458312988,0.05032256245613098,1
1789134856491940,0.013952374458312988,0.05032256245613098,1
1789134856515940,-0.0075980424880981445,0.04936550185084343,1
1789134856515940,-0.0075980424880981445,0.04936550185084343,1
1789134856539940,0.03195035457611084,0.048464659601449966,1
1789134856551940,0.026984572410583496,0.047758426517248154,1
1789134856551940,0.026984572410583496,0.047758426517248154,1
1789134856551940,0.026984572410583496,0.047758426517248154,1
1789134856551940,0.026984572410583496,0.047758426517248154,1
1789134856551940,0.026984572410583496,0.047758426517248154,1
1789134856599940,-0.009687304496765137,0.04585105925798416,1
1789134856611940,-0.04129338264465332,0.04556531086564064,1
1789134856611940,-0.04129338264465332,0.04556531086564064,1
1789134856611940,-0.04129338264465332,0.04556531086564064,1
1789134856611940,-0.04129338264465332,0.04556531086564064,1
1789134856647940,-0.025937438011169434,0.04421422258019447,1
1789134856659940,-0.014917850494384766,0.04388156160712242,1
1789134856671940,0.006381869316101074,0.04321323335170746,1
1789134856671940,0.006381869316101074,0.04321323335170746,1
1789134856671940,0.006381869316101074,0.04321323335170746,1
1789134856671940,0.006381869316101074,0.04321323335170746,1
1789134856671940,0.006381869316101074,0.04321323335170746,1
1789134856719940,-0.10425281524658203,0.041551895439624786,1
1789134856731940,-0.08960509300231934,0.04132581502199173,1
1789134856731940,-0.08960509300231934,0.04132581502199173,1
1789134856731940,-0.08960509300231934,0.04132581502199173,1
1789134856731940,-0.08960509300231934,0.04132581502199173,1
1789134856731940,-0.08960509300231934,0.04132581502199173,1
1789134856779940,0.022497057914733887,0.03907247632741928,1
1789134856791940,-0.006369948387145996,0.03826490417122841,1
1789134856791940,-0.006369948387145996,0.03826490417122841,1
1789134856791940,-0.006369948387145996,0.03826490417122841,1
1789134856815940,0.027539610862731934,0.03699512779712677,1
1789134856815940,0.027539610862731934,0.03699512779712677,1
1789134856839940,-0.0020895004272460938,0.035613786429166794,1
1789134856851940,0.010494470596313477,0.035191427916288376,1
1789134856851940,0.010494470596313477,0.035191427916288376,1
1789134856851940,0.010494470596313477,0.035191427916288376,1
1789134856851940,0.010494470596313477,0.035191427916288376,1
1789134856851940,0.010494470596313477,0.035191427916288376,1
1789134856899940,0.04998767375946045,0.03217777982354164,1
1789134856911940,0.0467379093170166,0.031066596508026123,1
1789134856911940,0.0467379093170166,0.031066596508026123,1
1789134856911940,0.0467379093170166,0.031066596508026123,1
1789134856911940,0.0467379093170166,0.031066596508026123,1
1789134856947940,0.01599287986755371,0.028964735567569733,1
1789134856959940,0.031894564628601074,0.02787141129374504,1
1789134856971940,0.04011678695678711,0.027306362986564636,1
1789134856971940,0.04011678695678711,0.027306362986564636,1
1789134856971940,0.04011678695678711,0.027306362986564636,1
1789134856971940,0.04011678695678711,0.027306362986564636,1
1789134856971940,0.04011678695678711,0.027306362986564636,1
1789134857019940,0.05228781700134277,0.023681506514549255,1
1789134857031940,0.02098262310028076,0.022548191249370575,1
1789134857031940,0.02098262310028076,0.022548191249370575,1
1789134857043940,0.035176753997802734,0.02200227603316307,1
1789134857043940,0.035176753997802734,0.02200227603316307,1
1789134857043940,0.035176753997802734,0.02200227603316307,1
1789134857079940,0.08418416976928711,0.018951980397105217,1
1789134857091940,0.10568273067474365,0.01825551874935627,1
1789134857091940,0.10568273067474365,0.01825551874935627,1
1789134857091940,0.10568273067474365,0.01825551874935627,1
1789134857091940,0.10568273067474365,0.01825551874935627,1
1789134857091940,0.10568273067474365,0.01825551874935627,1
1789134857139940,0.10821616649627686,0.013867347501218319,1
1789134857151940,0.05123448371887207,0.012538380920886993,1
1789134857151940,0.05123448371887207,0.012538380920886993,1
1789134857151940,0.05123448371887207,0.012538380920886993,1
1789134857175940,0.0009987354278564453,0.01087913103401661,1
1789134857175940,0.0009987354278564453,0.01087913103401661,1
1789134857199940,-0.037090301513671875,0.009350740350782871,1
1789134857211940,-0.0037363767623901367,0.00885884277522564,1
1789134857211940,-0.0037363767623901367,0.00885884277522564,1
1789134857211940,-0.0037363767623901367,0.00885884277522564,1
1789134857211940,-0.0037363767623901367,0.00885884277522564,1
1789134857211940,-0.0037363767623901367,0.00885884277522564,1
1789134857259940,0.009702205657958984,0.005789585877209902,1
1789134857271940,0.04016613960266113,0.004770323634147644,1
1789134857271940,0.04016613960266113,0.004770323634147644,1
1789134857271940,0.04016613960266113,0.004770323634147644,1
1789134857271940,0.04016613960266113,0.004770323634147644,1
1789134857307940,-0.02185523509979248,0.002805455820634961,1
1789134857319940,-0.04399120807647705,0.0019276558887213469,1
1789134857331940,-0.0845646858215332,0.0015396306989714503,1
1789134857331940,-0.0845646858215332,0.0015396306989714503,1
1789134857331940,-0.0845646858215332,0.0015396306989714503,1
1789134857331940,-0.0845646858215332,0.0015396306989714503,1
1789134857331940,-0.0845646858215332,0.0015396306989714503,1
1789134857379940,-0.01776731014251709,-0.0008275370928458869,1
1789134857391940,0.026125192642211914,-0.001821749028749764,1
1789134857391940,0.026125192642211914,-0.001821749028749764,1
1789134857391940,0.026125192642211914,-0.001821749028749764,1
1789134857391940,0.026125192642211914,-0.001821749028749764,1
1789134857391940,0.026125192642211914,-0.001821749028749764,1
1789134857439940,0.04445087909698486,-0.005337102804332972,1
1789134857451940,0.030366897583007812,-0.0059201219119131565,1
1789134857451940,0.030366897583007812,-0.0059201219119131565,1
1789134857451940,0.030366897583007812,-0.0059201219119131565,1
1789134857475940,-0.017925620079040527,-0.007459183223545551,1
1789134857475940,-0.017925620079040527,-0.007459183223545551,1
1789134857499940,0.02985537052154541,-0.009042278863489628,1
1789134857512096,0.08095407485961914,-0.010269153863191605,1
1789134857512096,0.08095407485961914,-0.010269153863191605,1
1789134857512096,0.08095407485961914,-0.010269153863191605,1
1789134857512096,0.08095407485961914,-0.010269153863191605,1
1789134857512096,0.08095407485961914,-0.010269153863191605,1
1789134857560096,0.02737140655517578,-0.013707330450415611,1
1789134857572096,0.028417110443115234,-0.014249353669583797,1
1789134857572096,0.028417110443115234,-0.014249353669583797,1
1789134857572096,0.028417110443115234,-0.014249353669583797,1
1789134857572096,0.028417110443115234,-0.014249353669583797,1
1789134857608096,0.015328407287597656,-0.016648588702082634,1
1789134857620096,0.02342045307159424,-0.017167121171951294,1
1789134857632096,-0.012504935264587402,-0.018101301044225693,1
1789134857632096,-0.012504935264587402,-0.018101301044225693,1
1789134857632096,-0.012504935264587402,-0.018101301044225693,1
1789134857632096,-0.012504935264587402,-0.018101301044225693,1
1789134857632096,-0.012504935264587402,-0.018101301044225693,1
1789134857680096,-0.019269585609436035,-0.02076432853937149,1
1789134857692096,-0.04814004898071289,-0.02116740494966507,1
1789134857692096,-0.04814004898071289,-0.02116740494966507,1
1789134857704096,-0.08006894588470459,-0.021921619772911072,1
1789134857704096,-0.08006894588470459,-0.021921619772911072,1
1789134857704096,-0.08006894588470459,-0.021921619772911072,1
1789134857740096,-0.012372136116027832,-0.02340489625930786,1
1789134857752096,0.07687699794769287,-0.024349000304937363,1
1789134857752096,0.07687699794769287,-0.024349000304937363,1
1789134857752096,0.07687699794769287,-0.024349000304937363,1
1789134857752096,0.07687699794769287,-0.024349000304937363,1
1789134857752096,0.07687699794769287,-0.024349000304937363,1
1789134857800096,-0.004423260688781738,-0.02728728950023651,1
1789134857812096,-0.027999162673950195,-0.027707451954483986,1
1789134857812096,-0.027999162673950195,-0.027707451954483986,1
1789134857812096,-0.027999162673950195,-0.027707451954483986,1
1789134857836096,0.04822063446044922,-0.02896007150411606,1
1789134857836096,0.04822063446044922,-0.02896007150411606,1
1789134857860096,0.09571897983551025,-0.030660470947623253,1
1789134857872096,0.09054303169250488,-0.03180968761444092,1
1789134857872096,0.09054303169250488,-0.03180968761444092,1
1789134857872096,0.09054303169250488,-0.03180968761444092,1
1789134857872096,0.09054303169250488,-0.03180968761444092,1
1789134857872096,0.09054303169250488,-0.03180968761444092,1
1789134857920096,-0.04551661014556885,-0.03464958444237709,1
1789134857932096,-0.07315587997436523,-0.034974366426467896,1
1789134857932096,-0.07315587997436523,-0.034974366426467896,1
1789134857932096,-0.07315587997436523,-0.034974366426467896,1
1789134857932096,-0.07315587997436523,-0.034974366426467896,1
1789134857968096,0.05510592460632324,-0.03701261430978775,1
1789134857980096,0.05598461627960205,-0.037516817450523376,1
1789134857992096,0.05816388130187988,-0.038480244576931,1
1789134857992096,0.05816388130187988,-0.038480244576931,1
1789134857992096,0.05816388130187988,-0.038480244576931,1
1789134857992096,0.05816388130187988,-0.038480244576931,1
1789134857992096,0.05816388130187988,-0.038480244576931,1
1789134858040096,-0.05357801914215088,-0.04084673896431923,1
1789134858052096,-0.07843828201293945,-0.04112245887517929,1
1789134858052096,-0.07843828201293945,-0.04112245887517929,1
1789134858052096,-0.07843828201293945,-0.04112245887517929,1
1789134858052096,-0.07843828201293945,-0.04112245887517929,1
1789134858052096,-0.07843828201293945,-0.04112245887517929,1
1789134858100096,-0.0011742115020751953,-0.04308958351612091,1
1789134858112096,0.02105081081390381,-0.043903954327106476,1
1789134858112096,0.02105081081390381,-0.043903954327106476,1
1789134858112096,0.02105081081390381,-0.043903954327106476,1
1789134858136096,-0.011457562446594238,-0.045035332441329956,1
1789134858136096,-0.011457562446594238,-0.045035332441329956,1
1789134858160096,-0.02584362030029297,-0.04609176144003868,1
1789134858172096,-0.03322553634643555,-0.04641374945640564,1
1789134858172096,-0.03322553634643555,-0.04641374945640564,1
1789134858172096,-0.03322553634643555,-0.04641374945640564,1
1789134858172096,-0.03322553634643555,-0.04641374945640564,1
1789134858172096,-0.03322553634643555,-0.04641374945640564,1
1789134858220096,-0.08885657787322998,-0.04826813191175461,1
1789134858232096,-0.13357317447662354,-0.04874716326594353,1
1789134858232096,-0.13357317447662354,-0.04874716326594353,1
1789134858232096,-0.13357317447662354,-0.04874716326594353,1
1789134858232096,-0.13357317447662354,-0.04874716326594353,1
1789134858268096,-0.06757092475891113,-0.049885720014572144,1
1789134858280096,-0.05167829990386963,-0.05057018995285034,1
1789134858292096,-0.03922736644744873,-0.05090376362204552,1
1789134858292096,-0.03922736644744873,-0.05090376362204552,1
1789134858292096,-0.03922736644744873,-0.05090376362204552,1
1789134858292096,-0.03922736644744873,-0.05090376362204552,1
1789134858292096,-0.03922736644744873,-0.05090376362204552,1
1789134858340096,-0.06452584266662598,-0.05313384532928467,1
1789134858352096,-0.0781407356262207,-0.053806453943252563,1
1789134858352096,-0.0781407356262207,-0.053806453943252563,1
1789134858364096,-0.10026288032531738,-0.05408100411295891,1
1789134858364096,-0.10026288032531738,-0.05408100411295891,1
1789134858364096,-0.10026288032531738,-0.05408100411295891,1
1789134858400096,-0.05421257019042969,-0.05562644451856613,1
1789134858412096,-0.0332566499710083,-0.056029483675956726,1
1789134858412096,-0.0332566499710083,-0.056029483675956726,1
1789134858412096,-0.0332566499710083,-0.056029483675956726,1
1789134858412096,-0.0332566499710083,-0.056029483675956726,1
1789134858412096,-0.0332566499710083,-0.056029483675956726,1
1789134858460096,-0.021019577980041504,-0.058549731969833374,1
1789134858472096,-0.08212172985076904,-0.05931158736348152,1
1789134858472096,-0.08212172985076904,-0.05931158736348152,1
1789134858472096,-0.08212172985076904,-0.05931158736348152,1
1789134858496096,-0.12109506130218506,-0.060242895036935806,1
1789134858496249,-0.12109506130218506,-0.060242895036935806,1
1789134858520249,-0.04063093662261963,-0.06133757904171944,1
1789134858532249,-0.04198741912841797,-0.06175960600376129,1
1789134858532249,-0.04198741912841797,-0.06175960600376129,1
1789134858532249,-0.04198741912841797,-0.06175960600376129,1
1789134858532249,-0.04198741912841797,-0.06175960600376129,1
1789134858532249,-0.04198741912841797,-0.06175960600376129,1
1789134858580249,-0.052608609199523926,-0.06430310010910034,1
1789134858592249,-0.11915850639343262,-0.06504391133785248,1
1789134858592249,-0.11915850639343262,-0.06504391133785248,1
1789134858592249,-0.11915850639343262,-0.06504391133785248,1
1789134858592249,-0.11915850639343262,-0.06504391133785248,1
1789134858628249,-0.05933237075805664,-0.06658214330673218,1
1789134858640249,0.0021315813064575195,-0.0675167441368103,1
1789134858652249,-0.0229109525680542,-0.06801944971084595,1
1789134858652249,-0.0229109525680542,-0.06801944971084595,1
1789134858652249,-0.0229109525680542,-0.06801944971084595,1
1789134858652249,-0.0229109525680542,-0.06801944971084595,1
1789134858652249,-0.0229109525680542,-0.06801944971084595,1
1789134858700249,0.0185011625289917,-0.07119464129209518,1
1789134858712249,0.0009065866470336914,-0.07226952910423279,1
1789134858712249,0.0009065866470336914,-0.07226952910423279,1
1789134858712249,0.0009065866470336914,-0.07226952910423279,1
1789134858712249,0.0009065866470336914,-0.07226952910423279,1
1789134858712249,0.0009065866470336914,-0.07226952910423279,1
1789134858760249,0.052765727043151855,-0.07554115355014801,1
1789134858772249,0.09612894058227539,-0.07622316479682922,1
1789134858772249,0.09612894058227539,-0.07622316479682922,1
1789134858772249,0.09612894058227539,-0.07622316479682922,1
1789134858796249,0.09666943550109863,-0.07839816808700562,1
1789134858796249,0.09666943550109863,-0.07839816808700562,1
1789134858820249,0.011418819427490234,-0.08038747310638428,1
1789134858832249,-0.01971435546875,-0.08150085061788559,1
1789134858832249,-0.01971435546875,-0.08150085061788559,1
1789134858832249,-0.01971435546875,-0.08150085061788559,1
1789134858856249,-0.03400266170501709,-0.08302267640829086,1
1789134858856249,-0.03400266170501709,-0.08302267640829086,1
1789134858880249,0.025917887687683105,-0.08466969430446625,1
1789134858892249,0.04793369770050049,-0.08526147156953812,1
1789134858892249,0.04793369770050049,-0.08526147156953812,1
1789134858892249,0.04793369770050049,-0.08526147156953812,1
1789134858892249,0.04793369770050049,-0.08526147156953812,1
1789134858928249,0.03289687633514404,-0.08829563856124878,1
1789134858940249,0.04148077964782715,-0.08886969089508057,1
1789134858952249,-0.004654526710510254,-0.089923195540905,1
1789134858952249,-0.004654526710510254,-0.089923195540905,1
1789134858952249,-0.004654526710510254,-0.089923195540905,1
1789134858952249,-0.004654526710510254,-0.089923195540905,1
1789134858952249,-0.004654526710510254,-0.089923195540905,1
1789134859000249,-0.02151656150817871,-0.0927729681134224,1
1789134859012249,-0.06012427806854248,-0.0931771770119667,1
1789134859012249,-0.06012427806854248,-0.0931771770119667,1
1789134859024249,-0.015157222747802734,-0.09405358880758286,1
1789134859024249,-0.015157222747802734,-0.09405358880758286,1
1789134859048249,-0.01759922504425049,-0.0954776331782341,1
1789134859060249,0.010647892951965332,-0.09592606872320175,1
1789134859072249,0.003955841064453125,-0.09687502682209015,1
1789134859072249,0.003955841064453125,-0.09687502682209015,1
1789134859072249,0.003955841064453125,-0.09687502682209015,1
1789134859072249,0.003955841064453125,-0.09687502682209015,1
1789134859072249,0.003955841064453125,-0.09687502682209015,1
1789134859120249,-0.006255984306335449,-0.09945864975452423,1
1789134859132249,-0.010494351387023926,-0.09987355768680573,1
1789134859132249,-0.010494351387023926,-0.09987355768680573,1
1789134859132249,-0.010494351387023926,-0.09987355768680573,1
1789134859156249,-0.006278872489929199,-0.10109548270702362,1
1789134859156249,-0.006278872489929199,-0.10109548270702362,1
1789134859180249,-0.007479310035705566,-0.10223158448934555,1
1789134859192249,0.004760861396789551,-0.10296343266963959,1
1789134859192249,0.004760861396789551,-0.10296343266963959,1
1789134859192249,0.004760861396789551,-0.10296343266963959,1
1789134859192249,0.004760861396789551,-0.10296343266963959,1
1789134859192249,0.004760861396789551,-0.10296343266963959,1
1789134859240249,-0.02956414222717285,-0.10519316047430038,1
1789134859252249,-0.042656660079956055,-0.10549498349428177,1
1789134859252249,-0.042656660079956055,-0.10549498349428177,1
1789134859252249,-0.042656660079956055,-0.10549498349428177,1
1789134859252249,-0.042656660079956055,-0.10549498349428177,1
1789134859288249,-0.005295157432556152,-0.1070302352309227,1
1789134859300249,-0.0058296918869018555,-0.10736994445323944,1
1789134859312249,-0.04782426357269287,-0.10791394114494324,1
1789134859312249,-0.04782426357269287,-0.10791394114494324,1
1789134859312249,-0.04782426357269287,-0.10791394114494324,1
1789134859312249,-0.04782426357269287,-0.10791394114494324,1
1789134859312249,-0.04782426357269287,-0.10791394114494324,1
1789134859360249,-0.026250243186950684,-0.10953120142221451,1
1789134859372249,-0.05840146541595459,-0.10976768285036087,1
1789134859372249,-0.05840146541595459,-0.10976768285036087,1
1789134859372249,-0.05840146541595459,-0.10976768285036087,1
1789134859372249,-0.05840146541595459,-0.10976768285036087,1
1789134859372249,-0.05840146541595459,-0.10976768285036087,1
1789134859420249,-0.08258366584777832,-0.1108015775680542,1
1789134859432249,-0.07387340068817139,-0.1110662966966629,1
1789134859432249,-0.07387340068817139,-0.1110662966966629,1
1789134859432249,-0.07387340068817139,-0.1110662966966629,1
1789134859456249,-0.036252498626708984,-0.11150985956192017,1
1789134859456249,-0.036252498626708984,-0.11150985956192017,1
1789134859480249,-0.07338309288024902,-0.11197127401828766,1
1789134859492249,-0.08688235282897949,-0.11208711564540863,1
1789134859492249,-0.08688235282897949,-0.11208711564540863,1
1789134859492403,-0.08688235282897949,-0.11208711564540863,1
1789134859492403,-0.08688235282897949,-0.11208711564540863,1
1789134859492403,-0.08688235282897949,-0.11208711564540863,1
1789134859540403,-0.056107521057128906,-0.11294301599264145,1
1789134859552403,-0.08067607879638672,-0.11317702382802963,1
1789134859552403,-0.08067607879638672,-0.11317702382802963,1
1789134859552403,-0.08067607879638672,-0.11317702382802963,1
1789134859552403,-0.08067607879638672,-0.11317702382802963,1
1789134859588403,-0.08281219005584717,-0.11362046748399734,1
1789134859600403,-0.09821319580078125,-0.11383940279483795,1
1789134859612403,-0.10910117626190186,-0.11393777281045914,1
1789134859612403,-0.10910117626190186,-0.11393777281045914,1
1789134859612403,-0.10910117626190186,-0.11393777281045914,1
1789134859612403,-0.10910117626190186,-0.11393777281045914,1
1789134859612403,-0.10910117626190186,-0.11393777281045914,1
1789134859660403,-0.0822443962097168,-0.11463911831378937,1
1789134859672403,-0.067527174949646,-0.11490187793970108,1
1789134859672403,-0.067527174949646,-0.11490187793970108,1
1789134859684403,-0.10661911964416504,-0.11501578241586685,1
1789134859684403,-0.10661911964416504,-0.11501578241586685,1
1789134859684403,-0.10661911964416504,-0.11501578241586685,1
1789134859720403,-0.09924304485321045,-0.11535101383924484,1
1789134859732403,-0.09388482570648193,-0.11545343697071075,1
1789134859732403,-0.09388482570648193,-0.11545343697071075,1
1789134859732403,-0.09388482570648193,-0.11545343697071075,1
1789134859732403,-0.09388482570648193,-0.11545343697071075,1
1789134859732403,-0.09388482570648193,-0.11545343697071075,1
1789134859780403,-0.09709000587463379,-0.1159081980586052,1
1789134859792403,-0.09107351303100586,-0.11607285588979721,1
1789134859792403,-0.09107351303100586,-0.11607285588979721,1
1789134859792403,-0.09107351303100586,-0.11607285588979721,1
1789134859816403,-0.08747518062591553,-0.11628489941358566,1
1789134859816403,-0.08747518062591553,-0.11628489941358566,1
1789134859840403,-0.10163259506225586,-0.11648129671812057,1
1789134859852403,-0.10293757915496826,-0.11654361337423325,1
1789134859852403,-0.10293757915496826,-0.11654361337423325,1
1789134859852403,-0.10293757915496826,-0.11654361337423325,1
1789134859852403,-0.10293757915496826,-0.11654361337423325,1
1789134859852403,-0.10293757915496826,-0.11654361337423325,1
1789134859900403,-0.09288346767425537,-0.11696971207857132,1
1789134859912403,-0.08505988121032715,-0.11712133884429932,1
1789134859912403,-0.08505988121032715,-0.11712133884429932,1
1789134859912403,-0.08505988121032715,-0.11712133884429932,1
1789134859912403,-0.08505988121032715,-0.11712133884429932,1
1789134859948403,-0.0979534387588501,-0.11739177256822586,1
1789134859960403,-0.1064155101776123,-0.11748257279396057,1
1789134859972403,-0.09650611877441406,-0.11753371357917786,1
1789134859972403,-0.09650611877441406,-0.11753371357917786,1
1789134859972403,-0.09650611877441406,-0.11753371357917786,1
1789134859972403,-0.09650611877441406,-0.11753371357917786,1
1789134859972403,-0.09650611877441406,-0.11753371357917786,1
1789134860020403,-0.09920370578765869,-0.11787781864404678,1
1789134860032403,-0.09079694747924805,-0.11797242611646652,1
1789134860032403,-0.09079694747924805,-0.11797242611646652,1
1789134860032403,-0.09079694747924805,-0.11797242611646652,1
1789134860032403,-0.09079694747924805,-0.11797242611646652,1
1789134860032403,-0.09079694747924805,-0.11797242611646652,1
1789134860080403,-0.09834885597229004,-0.1181628480553627,1
1789134860092403,-0.09987533092498779,-0.11819307506084442,1
1789134860092403,-0.09987533092498779,-0.11819307506084442,1
1789134860092403,-0.09987533092498779,-0.11819307506084442,1
1789134860116403,-0.10026180744171143,-0.1182558685541153,1
1789134860116403,-0.10026180744171143,-0.1182558685541153,1
1789134860140403,-0.10375380516052246,-0.1183478832244873,1
1789134860152403,-0.09196257591247559,-0.11840298026800156,1
1789134860152403,-0.09196257591247559,-0.11840298026800156,1
1789134860152403,-0.09196257591247559,-0.11840298026800156,1
1789134860152403,-0.09196257591247559,-0.11840298026800156,1
1789134860152403,-0.09196257591247559,-0.11840298026800156,1
1789134860200403,-0.10782551765441895,-0.11855408549308777,1
1789134860212403,-0.10618996620178223,-0.11857298016548157,1
1789134860212403,-0.10618996620178223,-0.11857298016548157,1
1789134860212403,-0.10618996620178223,-0.11857298016548157,1
1789134860212403,-0.10618996620178223,-0.11857298016548157,1
1789134860248403,-0.09105491638183594,-0.1187489926815033,1
1789134860260403,-0.09512603282928467,-0.1187862977385521,1
1789134860272403,-0.10920584201812744,-0.11875276267528534,1
1789134860272403,-0.10920584201812744,-0.11875276267528534,1
1789134860272403,-0.10920584201812744,-0.11875276267528534,1
1789134860272403,-0.10920584201812744,-0.11875276267528534,1
1789134860272403,-0.10920584201812744,-0.11875276267528534,1
1789134860320403,-0.14944374561309814,-0.1184445396065712,1
1789134860332403,-0.17359745502471924,-0.11839073151350021,1
1789134860332403,-0.17359745502471924,-0.11839073151350021,1
1789134860344403,-0.12895607948303223,-0.11833132058382034,1
1789134860344403,-0.12895607948303223,-0.11833132058382034,1
1789134860344403,-0.12895607948303223,-0.11833132058382034,1
1789134860380403,-0.10862040519714355,-0.11837302148342133,1
1789134860392403,-0.09769892692565918,-0.11841602623462677,1
1789134860392403,-0.09769892692565918,-0.11841602623462677,1
1789134860392403,-0.09769892692565918,-0.11841602623462677,1
1789134860392403,-0.09769892692565918,-0.11841602623462677,1
1789134860392403,-0.09769892692565918,-0.11841602623462677,1
1789134860440403,-0.0813286304473877,-0.11853545159101486,1
1789134860452403,-0.08227658271789551,-0.11859813332557678,1
1789134860452403,-0.08227658271789551,-0.11859813332557678,1
1789134860452403,-0.08227658271789551,-0.11859813332557678,1
1789134860476403,-0.0939706563949585,-0.11867909133434296,1
1789134860476403,-0.0939706563949585,-0.11867909133434296,1
1789134860500403,-0.08389794826507568,-0.11874696612358093,1
1789134860512403,-0.09062075614929199,-0.11880100518465042,1
1789134860512556,-0.09062075614929199,-0.11880100518465042,1
1789134860512556,-0.09062075614929199,-0.11880100518465042,1
1789134860512556,-0.09062075614929199,-0.11880100518465042,1
1789134860512556,-0.09062075614929199,-0.11880100518465042,1
1789134860560556,-0.08965408802032471,-0.11886941641569138,1
1789134860572556,-0.10038876533508301,-0.11887187510728836,1
1789134860572556,-0.10038876533508301,-0.11887187510728836,1
1789134860572556,-0.10038876533508301,-0.11887187510728836,1
1789134860572556,-0.10038876533508301,-0.11887187510728836,1
1789134860608556,-0.1070854663848877,-0.11888086795806885,1
1789134860620556,-0.0881814956665039,-0.11888200789690018,1
1789134860632556,-0.08598291873931885,-0.1189100369811058,1
1789134860632556,-0.08598291873931885,-0.1189100369811058,1
1789134860632556,-0.08598291873931885,-0.1189100369811058,1
1789134860632556,-0.08598291873931885,-0.1189100369811058,1
1789134860632556,-0.08598291873931885,-0.1189100369811058,1
1789134860680556,-0.09253251552581787,-0.11884523928165436,1
1789134860692556,-0.10650777816772461,-0.11881419271230698,1
1789134860692556,-0.10650777816772461,-0.11881419271230698,1
1789134860692556,-0.10650777816772461,-0.11881419271230698,1
1789134860692556,-0.10650777816772461,-0.11881419271230698,1
1789134860692556,-0.10650777816772461,-0.11881419271230698,1
1789134860740556,-0.09376084804534912,-0.11859876662492752,1
1789134860752556,-0.09232008457183838,-0.11853323876857758,1
1789134860752556,-0.09232008457183838,-0.11853323876857758,1
1789134860752556,-0.09232008457183838,-0.11853323876857758,1
1789134860776556,-0.10212123394012451,-0.11840123683214188,1
1789134860776556,-0.10212123394012451,-0.11840123683214188,1
1789134860800556,-0.10032439231872559,-0.11827357858419418,1
1789134860812556,-0.10186290740966797,-0.11820893734693527,1
1789134860812556,-0.10186290740966797,-0.11820893734693527,1
1789134860812556,-0.10186290740966797,-0.11820893734693527,1
1789134860812556,-0.10186290740966797,-0.11820893734693527,1
1789134860812556,-0.10186290740966797,-0.11820893734693527,1
1789134860860556,-0.09114134311676025,-0.11793892085552216,1
1789134860872556,-0.09428966045379639,-0.11790149658918381,1
1789134860872556,-0.09428966045379639,-0.11790149658918381,1
1789134860872556,-0.09428966045379639,-0.11790149658918381,1
1789134860872556,-0.09428966045379639,-0.11790149658918381,1
1789134860908556,-0.08744251728057861,-0.11779221147298813,1
1789134860920556,-0.08541405200958252,-0.11773230135440826,1
1789134860932556,-0.08776473999023438,-0.11768222600221634,1
1789134860932556,-0.08776473999023438,-0.11768222600221634,1
1789134860932556,-0.08776473999023438,-0.11768222600221634,1
1789134860932556,-0.08776473999023438,-0.11768222600221634,1
1789134860932556,-0.08776473999023438,-0.11768222600221634,1
1789134860980556,-0.1006084680557251,-0.11728627979755402,1
1789134860992556,-0.07898879051208496,-0.1171460673213005,1
1789134860992556,-0.07898879051208496,-0.1171460673213005,1
1789134861004556,-0.09377765655517578,-0.11708004772663116,1
1789134861004556,-0.09377765655517578,-0.11708004772663116,1
1789134861004556,-0.09377765655517578,-0.11708004772663116,1
1789134861040556,-0.12483668327331543,-0.11662664264440536,1
1789134861052556,-0.10870802402496338,-0.11649619042873383,1
1789134861052556,-0.10870802402496338,-0.11649619042873383,1
1789134861052556,-0.10870802402496338,-0.11649619042873383,1
1789134861052556,-0.10870802402496338,-0.11649619042873383,1
1789134861052556,-0.10870802402496338,-0.11649619042873383,1
1789134861100556,-0.15408873558044434,-0.11553443968296051,1
1789134861112556,-0.14503049850463867,-0.11523264646530151,1
1789134861112556,-0.14503049850463867,-0.11523264646530151,1
1789134861112556,-0.14503049850463867,-0.11523264646530151,1
1789134861136556,-0.13850772380828857,-0.11476001888513565,1
1789134861136556,-0.13850772380828857,-0.11476001888513565,1
1789134861160556,-0.08373498916625977,-0.11434824019670486,1
1789134861172556,-0.08786487579345703,-0.11423288285732269,1
1789134861172556,-0.08786487579345703,-0.11423288285732269,1
1789134861172556,-0.08786487579345703,-0.11423288285732269,1
1789134861172556,-0.08786487579345703,-0.11423288285732269,1
1789134861172556,-0.08786487579345703,-0.11423288285732269,1
1789134861220556,-0.11489558219909668,-0.1130678653717041,1
1789134861232556,-0.12936294078826904,-0.11269912123680115,1
1789134861232556,-0.12936294078826904,-0.11269912123680115,1
1789134861232556,-0.12936294078826904,-0.11269912123680115,1
1789134861232556,-0.12936294078826904,-0.11269912123680115,1
1789134861268556,-0.10420715808868408,-0.11212947219610214,1
1789134861280556,-0.07118308544158936,-0.11194515973329544,1
1789134861292556,-0.05660128593444824,-0.11185505986213684,1
1789134861292556,-0.05660128593444824,-0.11185505986213684,1
1789134861292556,-0.05660128593444824,-0.11185505986213684,1
1789134861292556,-0.05660128593444824,-0.11185505986213684,1
1789134861292556,-0.05660128593444824,-0.11185505986213684,1
1789134861340556,-0.12053561210632324,-0.11101368814706802,1
1789134861352556,-0.10490357875823975,-0.11068186908960342,1
1789134861352556,-0.10490357875823975,-0.11068186908960342,1
1789134861352556,-0.10490357875823975,-0.11068186908960342,1
1789134861352556,-0.10490357875823975,-0.11068186908960342,1
1789134861352556,-0.10490357875823975,-0.11068186908960342,1
1789134861400556,-0.09999418258666992,-0.10983248054981232,1
1789134861412556,-0.17582201957702637,-0.10962411016225815,1
1789134861412556,-0.17582201957702637,-0.10962411016225815,1
1789134861412556,-0.17582201957702637,-0.10962411016225815,1
1789134861436556,-0.1138916015625,-0.10890635848045349,1
1789134861436556,-0.1138916015625,-0.10890635848045349,1
1789134861460556,-0.10638904571533203,-0.10826230049133301,1
1789134861472556,-0.08913111686706543,-0.10789353400468826,1
1789134861472556,-0.08913111686706543,-0.10789353400468826,1
1789134861472556,-0.08913111686706543,-0.10789353400468826,1
1789134861472556,-0.08913111686706543,-0.10789353400468826,1
1789134861472556,-0.08913111686706543,-0.10789353400468826,1
1789134861520709,-0.09523093700408936,-0.10691028088331223,1
1789134861532709,-0.09087848663330078,-0.10673519223928452,1
1789134861532709,-0.09087848663330078,-0.10673519223928452,1
1789134861532709,-0.09087848663330078,-0.10673519223928452,1
1789134861532709,-0.09087848663330078,-0.10673519223928452,1
1789134861568709,-0.11028897762298584,-0.10572957247495651,1
1789134861580709,-0.11475348472595215,-0.1055108904838562,1
1789134861592709,-0.06896781921386719,-0.10517562925815582,1
1789134861592709,-0.06896781921386719,-0.10517562925815582,1
1789134861592709,-0.06896781921386719,-0.10517562925815582,1
1789134861592709,-0.06896781921386719,-0.10517562925815582,1
1789134861592709,-0.06896781921386719,-0.10517562925815582,1
1789134861640709,-0.10378837585449219,-0.10409409552812576,1
1789134861652709,-0.08779466152191162,-0.10390426218509674,1
1789134861652709,-0.08779466152191162,-0.10390426218509674,1
1789134861664709,-0.0742102861404419,-0.10352985560894012,1
1789134861664709,-0.0742102861404419,-0.10352985560894012,1
1789134861664709,-0.0742102861404419,-0.10352985560894012,1
1789134861700709,-0.07351112365722656,-0.1029433086514473,1
1789134861712709,-0.09057354927062988,-0.10258043557405472,1
1789134861712709,-0.09057354927062988,-0.10258043557405472,1
1789134861712709,-0.09057354927062988,-0.10258043557405472,1
1789134861712709,-0.09057354927062988,-0.10258043557405472,1
1789134861712709,-0.09057354927062988,-0.10258043557405472,1
1789134861760709,-0.08139848709106445,-0.101248599588871,1
1789134861772709,-0.0817573070526123,-0.10102348774671555,1
1789134861772709,-0.0817573070526123,-0.10102348774671555,1
1789134861772709,-0.0817573070526123,-0.10102348774671555,1
1789134861796709,-0.06714749336242676,-0.10039904713630676,1
1789134861796709,-0.06714749336242676,-0.10039904713630676,1
1789134861820709,-0.07032537460327148,-0.09985313564538956,1
1789134861832709,-0.08842003345489502,-0.09937197715044022,1
1789134861832709,-0.08842003345489502,-0.09937197715044022,1
1789134861832709,-0.08842003345489502,-0.09937197715044022,1
1789134861856709,-0.07539916038513184,-0.09858887642621994,1
1789134861856709,-0.07539916038513184,-0.09858887642621994,1
1789134861880709,-0.09328770637512207,-0.09772433340549469,1
1789134861892709,-0.1191328763961792,-0.09742814302444458,1
1789134861892709,-0.1191328763961792,-0.09742814302444458,1
1789134861892709,-0.1191328763961792,-0.09742814302444458,1
1789134861892709,-0.1191328763961792,-0.09742814302444458,1
1789134861928709,-0.11484861373901367,-0.09594862908124924,1
1789134861940709,-0.10194587707519531,-0.09563908725976944,1
1789134861952709,-0.08148825168609619,-0.09511130303144455,1
1789134861952709,-0.08148825168609619,-0.09511130303144455,1
1789134861952709,-0.08148825168609619,-0.09511130303144455,1
1789134861952709,-0.08148825168609619,-0.09511130303144455,1
1789134861952709,-0.08148825168609619,-0.09511130303144455,1
1789134862000709,-0.13495087623596191,-0.09302866458892822,1
1789134862012709,-0.13138747215270996,-0.09266798198223114,1
1789134862012709,-0.13138747215270996,-0.09266798198223114,1
1789134862012709,-0.13138747215270996,-0.09266798198223114,1
1789134862012709,-0.13138747215270996,-0.09266798198223114,1
1789134862048709,-0.09290897846221924,-0.09120263159275055,1
1789134862060709,-0.09899544715881348,-0.09090457856655121,1
1789134862072709,-0.09894466400146484,-0.09030386060476303,1
1789134862072709,-0.09894466400146484,-0.09030386060476303,1
1789134862072709,-0.09894466400146484,-0.09030386060476303,1
1789134862096709,-0.043950557708740234,-0.08956456929445267,1
1789134862096709,-0.043950557708740234,-0.08956456929445267,1
1789134862120709,-0.008524656295776367,-0.0890696719288826,1
1789134862132709,-0.008041858673095703,-0.08892212063074112,1
1789134862132709,-0.008041858673095703,-0.08892212063074112,1
1789134862132709,-0.008041858673095703,-0.08892212063074112,1
1789134862132709,-0.008041858673095703,-0.08892212063074112,1
1789134862132709,-0.008041858673095703,-0.08892212063074112,1
1789134862180709,-0.17338383197784424,-0.08742249757051468,1
1789134862192709,-0.17328810691833496,-0.08661868423223495,1
1789134862192709,-0.17328810691833496,-0.08661868423223495,1
1789134862192709,-0.17328810691833496,-0.08661868423223495,1
1789134862192709,-0.17328810691833496,-0.08661868423223495,1
1789134862228709,-0.10535252094268799,-0.08508633822202682,1
1789134862240709,-0.09890627861022949,-0.08438916504383087,1
1789134862252709,-0.07881426811218262,-0.08406934142112732,1
1789134862252709,-0.07881426811218262,-0.08406934142112732,1
1789134862252709,-0.07881426811218262,-0.08406934142112732,1
1789134862252709,-0.07881426811218262,-0.08406934142112732,1
1789134862252709,-0.07881426811218262,-0.08406934142112732,1
1789134862300709,-0.09705400466918945,-0.0819869339466095,1
1789134862312709,-0.05930328369140625,-0.08135305345058441,1
1789134862312709,-0.05930328369140625,-0.08135305345058441,1
1789134862324709,-0.06410658359527588,-0.08105022460222244,1
1789134862324709,-0.06410658359527588,-0.08105022460222244,1
1789134862324709,-0.06410658359527588,-0.08105022460222244,1
1789134862360709,-0.0853276252746582,-0.07944483309984207,1
1789134862372709,-0.07636046409606934,-0.07909245043992996,1
1789134862372709,-0.07636046409606934,-0.07909245043992996,1
1789134862372709,-0.07636046409606934,-0.07909245043992996,1
1789134862372709,-0.07636046409606934,-0.07909245043992996,1
1789134862372709,-0.07636046409606934,-0.07909245043992996,1
1789134862420709,-0.06666648387908936,-0.07688597589731216,1
1789134862432709,-0.045632362365722656,-0.0762423500418663,1
1789134862432709,-0.045632362365722656,-0.0762423500418663,1
1789134862432709,-0.045632362365722656,-0.0762423500418663,1
1789134862456709,-0.0597078800201416,-0.07528823614120483,1
1789134862456709,-0.0597078800201416,-0.07528823614120483,1
1789134862480709,-0.0051108598709106445,-0.07435378432273865,1
1789134862492709,-0.026430368423461914,-0.07407622039318085,1
1789134862492709,-0.026430368423461914,-0.07407622039318085,1
1789134862492709,-0.026430368423461914,-0.07407622039318085,1
1789134862492709,-0.026430368423461914,-0.07407622039318085,1
1789134862492862,-0.026430368423461914,-0.07407622039318085,1
1789134862540862,-0.06923627853393555,-0.07202377915382385,1
1789134862552862,-0.07866835594177246,-0.07120896130800247,1
1789134862552862,-0.07866835594177246,-0.07120896130800247,1
1789134862552862,-0.07866835594177246,-0.07120896130800247,1
1789134862552862,-0.07866835594177246,-0.07120896130800247,1
1789134862588862,-0.030492305755615234,-0.0696902871131897,1
1789134862600862,-0.012243866920471191,-0.06902836263179779,1
1789134862612862,0.018432140350341797,-0.0687333419919014,1
1789134862612862,0.018432140350341797,-0.0687333419919014,1
1789134862612862,0.018432140350341797,-0.0687333419919014,1
1789134862612862,0.018432140350341797,-0.0687333419919014,1
1789134862612862,0.018432140350341797,-0.0687333419919014,1
1789134862660862,-0.045706987380981445,-0.06675111502408981,1
1789134862672862,-0.07133638858795166,-0.06590873003005981,1
1789134862672862,-0.07133638858795166,-0.06590873003005981,1
1789134862672862,-0.07133638858795166,-0.06590873003005981,1
1789134862672862,-0.07133638858795166,-0.06590873003005981,1
1789134862672862,-0.07133638858795166,-0.06590873003005981,1
1789134862720862,0.07345616817474365,-0.06421279907226562,1
1789134862732862,0.06802082061767578,-0.06396562606096268,1
1789134862732862,0.06802082061767578,-0.06396562606096268,1
1789134862732862,0.06802082061767578,-0.06396562606096268,1
1789134862756862,0.11543691158294678,-0.0633777529001236,1
1789134862756862,0.11543691158294678,-0.0633777529001236,1
1789134862780862,0.03658640384674072,-0.06258754432201385,1
1789134862792862,-0.025277256965637207,-0.06186145171523094,1
1789134862792862,-0.025277256965637207,-0.06186145171523094,1
1789134862792862,-0.025277256965637207,-0.06186145171523094,1
1789134862792862,-0.025277256965637207,-0.06186145171523094,1
1789134862792862,-0.025277256965637207,-0.06186145171523094,1
1789134862840862,0.029531478881835938,-0.05952738970518112,1
1789134862852862,0.024016857147216797,-0.05918576940894127,1
1789134862852862,0.024016857147216797,-0.05918576940894127,1
1789134862852862,0.024016857147216797,-0.05918576940894127,1
1789134862852862,0.024016857147216797,-0.05918576940894127,1
1789134862888862,-0.07717263698577881,-0.05702321603894234,1
1789134862900862,-0.05516767501831055,-0.056449439376592636,1
1789134862912862,-0.05002462863922119,-0.05540994182229042,1
1789134862912862,-0.05002462863922119,-0.05540994182229042,1
1789134862912862,-0.05002462863922119,-0.05540994182229042,1
1789134862912862,-0.05002462863922119,-0.05540994182229042,1
1789134862912862,-0.05002462863922119,-0.05540994182229042,1
1789134862960862,-0.05733680725097656,-0.05180282145738602,1
1789134862972862,-0.04099416732788086,-0.05121191591024399,1
1789134862972862,-0.04099416732788086,-0.05121191591024399,1
1789134862984862,-0.012674212455749512,-0.05012102425098419,1
1789134862984862,-0.012674212455749512,-0.05012102425098419,1
1789134862984862,-0.012674212455749512,-0.05012102425098419,1
1789134863020862,-0.05222773551940918,-0.04791039228439331,1
1789134863032862,-0.08671092987060547,-0.046623118221759796,1
1789134863032862,-0.08671092987060547,-0.046623118221759796,1
1789134863032862,-0.08671092987060547,-0.046623118221759796,1
1789134863032862,-0.08671092987060547,-0.046623118221759796,1
1789134863032862,-0.08671092987060547,-0.046623118221759796,1
1789134863080862,-0.01446533203125,-0.04293574392795563,1
1789134863092862,0.0260317325592041,-0.04239868000149727,1
1789134863092862,0.0260317325592041,-0.04239868000149727,1
1789134863092862,0.0260317325592041,-0.04239868000149727,1
1789134863116862,-0.006124019622802734,-0.04089312627911568,1
1789134863116862,-0.006124019622802734,-0.04089312627911568,1
1789134863140862,0.01609659194946289,-0.03935550898313522,1
1789134863152862,0.02042388916015625,-0.03841232880949974,1
1789134863152862,0.02042388916015625,-0.03841232880949974,1
1789134863152862,0.02042388916015625,-0.03841232880949974,1
1789134863152862,0.02042388916015625,-0.03841232880949974,1
1789134863152862,0.02042388916015625,-0.03841232880949974,1
1789134863200862,-0.04952585697174072,-0.035246528685092926,1
1789134863212862,-0.07441341876983643,-0.0346374474465847,1
1789134863212862,-0.07441341876983643,-0.0346374474465847,1
1789134863212862,-0.07441341876983643,-0.0346374474465847,1
1789134863212862,-0.07441341876983643,-0.0346374474465847,1
1789134863248862,0.003010869026184082,-0.031599290668964386,1
1789134863260862,0.009234309196472168,-0.031049516052007675,1
1789134863272862,0.04839968681335449,-0.030118301510810852,1
1789134863272862,0.04839968681335449,-0.030118301510810852,1
1789134863272862,0.04839968681335449,-0.030118301510810852,1
1789134863272862,0.04839968681335449,-0.030118301510810852,1
1789134863272862,0.04839968681335449,-0.030118301510810852,1
1789134863320862,0.015486478805541992,-0.027245603501796722,1
1789134863332862,0.009629011154174805,-0.0267106331884861,1
1789134863332862,0.009629011154174805,-0.0267106331884861,1
1789134863332862,0.009629011154174805,-0.0267106331884861,1
1789134863332862,0.009629011154174805,-0.0267106331884861,1
1789134863332862,0.009629011154174805,-0.0267106331884861,1
1789134863380862,-0.014152884483337402,-0.023197896778583527,1
1789134863392862,0.017464756965637207,-0.02213934063911438,1
1789134863392862,0.017464756965637207,-0.02213934063911438,1
1789134863392862,0.017464756965637207,-0.02213934063911438,1
1789134863416862,-0.004226207733154297,-0.020538315176963806,1
1789134863416862,-0.004226207733154297,-0.020538315176963806,1
1789134863440862,0.01098167896270752,-0.018794942647218704,1
1789134863452862,-0.01682913303375244,-0.018249835819005966,1
1789134863452862,-0.01682913303375244,-0.018249835819005966,1
1789134863452862,-0.01682913303375244,-0.018249835819005966,1
1789134863452862,-0.01682913303375244,-0.018249835819005966,1
1789134863452862,-0.01682913303375244,-0.018249835819005966,1
1789134863500862,-0.09259593486785889,-0.014175950549542904,1
1789134863512862,-0.0546109676361084,-0.012814786285161972,1
1789134863512862,-0.0546109676361084,-0.012814786285161972,1
1789134863513015,-0.0546109676361084,-0.012814786285161972,1
1789134863513015,-0.0546109676361084,-0.012814786285161972,1
1789134863549015,-0.0016140937805175781,-0.010380549356341362,1
1789134863561015,-0.04130125045776367,-0.00906092394143343,1
1789134863573015,-0.06472957134246826,-0.008374765515327454,1
1789134863573015,-0.06472957134246826,-0.008374765515327454,1
1789134863573015,-0.06472957134246826,-0.008374765515327454,1
1789134863573015,-0.06472957134246826,-0.008374765515327454,1
1789134863573015,-0.06472957134246826,-0.008374765515327454,1
1789134863621015,-0.08880150318145752,-0.003988468088209629,1
1789134863633015,-0.039740562438964844,-0.0025473672430962324,1
1789134863633015,-0.039740562438964844,-0.0025473672430962324,1
1789134863645015,-0.037398457527160645,-0.0018815879011526704,1
1789134863645015,-0.037398457527160645,-0.0018815879011526704,1
1789134863645015,-0.037398457527160645,-0.0018815879011526704,1
1789134863681015,-0.052574872970581055,0.0013618036173284054,1
1789134863693015,-0.012496232986450195,0.002036673715338111,1
1789134863693015,-0.012496232986450195,0.002036673715338111,1
1789134863693015,-0.012496232986450195,0.002036673715338111,1
1789134863693015,-0.012496232986450195,0.002036673715338111,1
1789134863693015,-0.012496232986450195,0.002036673715338111,1
1789134863741015,-0.020778894424438477,0.005989342462271452,1
1789134863753015,0.02295207977294922,0.007183142937719822,1
1789134863753015,0.02295207977294922,0.007183142937719822,1
1789134863753015,0.02295207977294922,0.007183142937719822,1
1789134863777015,0.03809809684753418,0.00879991240799427,1
1789134863777015,0.03809809684753418,0.00879991240799427,1
1789134863801015,-0.021370410919189453,0.010624098591506481,1
1789134863813015,-0.05909883975982666,0.011272488161921501,1
1789134863813015,-0.05909883975982666,0.011272488161921501,1
1789134863813015,-0.05909883975982666,0.011272488161921501,1
1789134863813015,-0.05909883975982666,0.011272488161921501,1
1789134863813015,-0.05909883975982666,0.011272488161921501,1
1789134863861015,-0.1038966178894043,0.015598390251398087,1
1789134863873015,-0.07503974437713623,0.017073621973395348,1
1789134863873015,-0.07503974437713623,0.017073621973395348,1
1789134863873015,-0.07503974437713623,0.017073621973395348,1
1789134863873015,-0.07503974437713623,0.017073621973395348,1
1789134863909015,-0.028100967407226562,0.019770663231611252,1
1789134863921015,-0.04423952102661133,0.021126125007867813,1
1789134863933015,-0.026407599449157715,0.021807508543133736,1
1789134863933015,-0.026407599449157715,0.021807508543133736,1
1789134863933015,-0.026407599449157715,0.021807508543133736,1
1789134863933015,-0.026407599449157715,0.021807508543133736,1
1789134863933015,-0.026407599449157715,0.021807508543133736,1
1789134863981015,-0.01227724552154541,0.025796376168727875,1
1789134863993015,0.009381413459777832,0.027015672996640205,1
1789134863993015,0.009381413459777832,0.027015672996640205,1
1789134863993015,0.009381413459777832,0.027015672996640205,1
1789134863993015,0.009381413459777832,0.027015672996640205,1
1789134863993015,0.009381413459777832,0.027015672996640205,1
1789134864041015,-0.03636586666107178,0.030562132596969604,1
1789134864053015,-0.05273771286010742,0.03125334531068802,1
1789134864053015,-0.05273771286010742,0.03125334531068802,1
1789134864053015,-0.05273771286010742,0.03125334531068802,1
1789134864053015,-0.05273771286010742,0.03125334531068802,1
1789134864053015,-0.05273771286010742,0.03125334531068802,1
1789134864101015,0.07236325740814209,0.034564558416604996,1
1789134864113015,0.14150333404541016,0.03544387221336365,1
1789134864113015,0.14150333404541016,0.03544387221336365,1
1789134864113015,0.14150333404541016,0.03544387221336365,1
1789134864113015,0.14150333404541016,0.03544387221336365,1
1789134864113015,0.14150333404541016,0.03544387221336365,1
1789134864161015,-0.09829187393188477,0.03864124417304993,1
1789134864173015,-0.14100801944732666,0.039389997720718384,1
1789134864173015,-0.14100801944732666,0.039389997720718384,1
1789134864173015,-0.14100801944732666,0.039389997720718384,1
1789134864173015,-0.14100801944732666,0.039389997720718384,1
1789134864209015,-0.04840195178985596,0.043156202882528305,1
1789134864221015,-0.036831021308898926,0.04384060576558113,1
1789134864233015,0.03279256820678711,0.045015737414360046,1
1789134864233015,0.03279256820678711,0.045015737414360046,1
1789134864233015,0.03279256820678711,0.045015737414360046,1
1789134864233015,0.03279256820678711,0.045015737414360046,1
1789134864233015,0.03279256820678711,0.045015737414360046,1
1789134864281015,-0.01813066005706787,0.04860733449459076,1
1789134864293015,-0.03993666172027588,0.04926095902919769,1
1789134864293015,-0.03993666172027588,0.04926095902919769,1
1789134864305015,0.0322190523147583,0.05047648400068283,1
1789134864305015,0.0322190523147583,0.05047648400068283,1
1789134864305015,0.0322190523147583,0.05047648400068283,1
1789134864341015,0.024440765380859375,0.052496328949928284,1
1789134864353015,-0.004288196563720703,0.05357213690876961,1
1789134864353015,-0.004288196563720703,0.05357213690876961,1
1789134864353015,-0.004288196563720703,0.05357213690876961,1
1789134864353015,-0.004288196563720703,0.05357213690876961,1
1789134864353015,-0.004288196563720703,0.05357213690876961,1
1789134864401015,0.06652545928955078,0.056552644819021225,1
1789134864413015,0.05930912494659424,0.057013578712940216,1
1789134864413015,0.05930912494659424,0.057013578712940216,1
1789134864413015,0.05930912494659424,0.057013578712940216,1
1789134864437015,0.02347111701965332,0.05836043134331703,1
1789134864437015,0.02347111701965332,0.05836043134331703,1
1789134864461015,0.0070999860763549805,0.05988624691963196,1
1789134864473015,-0.013689398765563965,0.0608983151614666,1
1789134864473015,-0.013689398765563965,0.0608983151614666,1
1789134864473015,-0.013689398765563965,0.0608983151614666,1
1789134864473015,-0.013689398765563965,0.0608983151614666,1
1789134864473015,-0.013689398765563965,0.0608983151614666,1
1789134864521015,-0.0015789270401000977,0.06390690803527832,1
1789134864533015,0.011364102363586426,0.06440233439207077,1
1789134864533169,0.011364102363586426,0.06440233439207077,1
1789134864533169,0.011364102363586426,0.06440233439207077,1
1789134864533169,0.011364102363586426,0.06440233439207077,1
1789134864569169,0.0054149627685546875,0.06705451756715775,1
1789134864581169,0.007328391075134277,0.06759234517812729,1
1789134864593169,0.042940735816955566,0.06854189932346344,1
1789134864593169,0.042940735816955566,0.06854189932346344,1
1789134864593169,0.042940735816955566,0.06854189932346344,1
1789134864593169,0.042940735816955566,0.06854189932346344,1
1789134864593169,0.042940735816955566,0.06854189932346344,1
1789134864641169,-0.02436661720275879,0.07144228368997574,1
1789134864653169,-0.021043062210083008,0.07198282331228256,1
1789134864653169,-0.021043062210083008,0.07198282331228256,1
1789134864653169,-0.021043062210083008,0.07198282331228256,1
1789134864653169,-0.021043062210083008,0.07198282331228256,1
1789134864653169,-0.021043062210083008,0.07198282331228256,1
1789134864701169,0.0015549659729003906,0.07510431855916977,1
1789134864713169,0.026365280151367188,0.07598313689231873,1
1789134864713169,0.026365280151367188,0.07598313689231873,1
1789134864713169,0.026365280151367188,0.07598313689231873,1
1789134864737169,0.015596270561218262,0.07721710950136185,1
1789134864737169,0.015596270561218262,0.07721710950136185,1
1789134864761169,0.04210364818572998,0.07851485908031464,1
1789134864773169,0.020833492279052734,0.07890634983778,1
1789134864773169,0.020833492279052734,0.07890634983778,1
1789134864773169,0.020833492279052734,0.07890634983778,1
1789134864773169,0.020833492279052734,0.07890634983778,1
1789134864773169,0.020833492279052734,0.07890634983778,1
1789134864821169,-0.01612687110900879,0.08164647221565247,1
1789134864833169,0.022025704383850098,0.082497738301754,1
1789134864833169,0.022025704383850098,0.082497738301754,1
1789134864833169,0.022025704383850098,0.082497738301754,1
1789134864857169,0.05427849292755127,0.08354756981134415,1
1789134864869169,0.03552818298339844,0.0838969349861145,1
1789134864881169,0.019252657890319824,0.08470449596643448,1
1789134864893169,-0.010088443756103516,0.08511719852685928,1
1789134864893169,-0.010088443756103516,0.08511719852685928,1
1789134864893169,-0.010088443756103516,0.08511719852685928,1
1789134864893169,-0.010088443756103516,0.08511719852685928,1
1789134864893169,-0.010088443756103516,0.08511719852685928,1
1789134864941169,0.02785348892211914,0.0875861719250679,1
1789134864953169,0.05768179893493652,0.08828036487102509,1
1789134864953169,0.05768179893493652,0.08828036487102509,1
1789134864965169,0.0353388786315918,0.08859942853450775,1
1789134864965169,0.0353388786315918,0.08859942853450775,1
1789134864965169,0.0353388786315918,0.08859942853450775,1
1789134865001169,-0.007890939712524414,0.09033405035734177,1
1789134865013169,-0.014288544654846191,0.09072380512952805,1
1789134865013169,-0.014288544654846191,0.09072380512952805,1
1789134865013169,-0.014288544654846191,0.09072380512952805,1
1789134865013169,-0.014288544654846191,0.09072380512952805,1
1789134865049169,-0.02671229839324951,0.09269566088914871,1
1789134865061169,0.008030295372009277,0.09304913878440857,1
1789134865073169,0.05836677551269531,0.093576580286026,1
1789134865073169,0.05836677551269531,0.093576580286026,1
1789134865073169,0.05836677551269531,0.093576580286026,1
1789134865097169,-0.0060051679611206055,0.09434636682271957,1
1789134865097169,-0.0060051679611206055,0.09434636682271957,1
1789134865121169,-0.011259675025939941,0.09533560276031494,1
1789134865133169,-0.03234219551086426,0.09565345197916031,1
1789134865133169,-0.03234219551086426,0.09565345197916031,1
1789134865133169,-0.03234219551086426,0.09565345197916031,1
1789134865133169,-0.03234219551086426,0.09565345197916031,1
1789134865133169,-0.03234219551086426,0.09565345197916031,1
1789134865181169,0.003977060317993164,0.09743154793977737,1
1789134865193169,0.020272016525268555,0.09784870594739914,1
1789134865193169,0.020272016525268555,0.09784870594739914,1
1789134865193169,0.020272016525268555,0.09784870594739914,1
1789134865193169,0.020272016525268555,0.09784870594739914,1
1789134865229169,0.02987086772918701,0.09861963242292404,1
1789134865241169,0.03742337226867676,0.09893239289522171,1
1789134865253169,0.07774555683135986,0.09902986139059067,1
1789134865253169,0.07774555683135986,0.09902986139059067,1
1789134865253169,0.07774555683135986,0.09902986139059067,1
1789134865253169,0.07774555683135986,0.09902986139059067,1
1789134865253169,0.07774555683135986,0.09902986139059067,1
1789134865301169,0.10486447811126709,0.09936735033988953,1
1789134865313169,0.12731492519378662,0.09925852715969086,1
1789134865313169,0.12731492519378662,0.09925852715969086,1
1789134865313169,0.12731492519378662,0.09925852715969086,1
1789134865313169,0.12731492519378662,0.09925852715969086,1
1789134865313169,0.12731492519378662,0.09925852715969086,1
1789134865361169,0.09864616394042969,0.09908882528543472,1
1789134865373169,0.04685664176940918,0.09910302609205246,1
1789134865373169,0.04685664176940918,0.09910302609205246,1
1789134865373169,0.04685664176940918,0.09910302609205246,1
1789134865397169,0.0923694372177124,0.09908277541399002,1
1789134865397169,0.0923694372177124,0.09908277541399002,1
1789134865421169,0.08404028415679932,0.09899156540632248,1
1789134865433169,0.09128332138061523,0.09894272685050964,1
1789134865433169,0.09128332138061523,0.09894272685050964,1
1789134865433169,0.09128332138061523,0.09894272685050964,1
1789134865433169,0.09128332138061523,0.09894272685050964,1
1789134865433169,0.09128332138061523,0.09894272685050964,1
1789134865481169,0.09484779834747314,0.09863745421171188,1
1789134865493169,0.09317541122436523,0.09857981652021408,1
1789134865493169,0.09317541122436523,0.09857981652021408,1
1789134865493169,0.09317541122436523,0.09857981652021408,1
1789134865493169,0.09317541122436523,0.09857981652021408,1
1789134865529169,0.09428727626800537,0.09825003147125244,1
1789134865541322,0.09885931015014648,0.0981929674744606,1
1789134865553322,0.09689092636108398,0.09811700135469437,1
1789134865553322,0.09689092636108398,0.09811700135469437,1
1789134865553322,0.09689092636108398,0.09811700135469437,1
1789134865553322,0.09689092636108398,0.09811700135469437,1
1789134865553322,0.09689092636108398,0.09811700135469437,1
1789134865601322,0.09030508995056152,0.09783965349197388,1
1789134865613322,0.10517466068267822,0.09778746217489243,1
1789134865613322,0.10517466068267822,0.09778746217489243,1
1789134865613322,0.10517466068267822,0.09778746217489243,1
1789134865613322,0.10517466068267822,0.09778746217489243,1
1789134865613322,0.10517466068267822,0.09778746217489243,1
1789134865661322,0.11317753791809082,0.09728996455669403,1
1789134865673322,0.12182354927062988,0.0971192941069603,1
1789134865673322,0.12182354927062988,0.0971192941069603,1
1789134865673322,0.12182354927062988,0.0971192941069603,1
1789134865673322,0.12182354927062988,0.0971192941069603,1
1789134865673322,0.12182354927062988,0.0971192941069603,1
1789134865721322,0.10876834392547607,0.09664813429117203,1
1789134865733322,0.09193253517150879,0.0966060608625412,1
1789134865733322,0.09193253517150879,0.0966060608625412,1
1789134865733322,0.09193253517150879,0.0966060608625412,1
1789134865757322,0.0992964506149292,0.09647982567548752,1
1789134865757322,0.0992964506149292,0.09647982567548752,1
1789134865781322,0.09951961040496826,0.09633780270814896,1
1789134865793322,0.09338104724884033,0.09625685960054398,1
1789134865793322,0.09338104724884033,0.09625685960054398,1
1789134865793322,0.09338104724884033,0.09625685960054398,1
1789134865793322,0.09338104724884033,0.09625685960054398,1
1789134865793322,0.09338104724884033,0.09625685960054398,1
1789134865841322,0.09032750129699707,0.0961829125881195,1
1789134865853322,0.0760725736618042,0.09618014097213745,1
1789134865853322,0.0760725736618042,0.09618014097213745,1
1789134865853322,0.0760725736618042,0.09618014097213745,1
1789134865853322,0.0760725736618042,0.09618014097213745,1
1789134865889322,0.1033090353012085,0.09611755609512329,1
1789134865901322,0.09630322456359863,0.09610022604465485,1
1789134865913322,0.10342967510223389,0.09605349600315094,1
1789134865913322,0.10342967510223389,0.09605349600315094,1
1789134865913322,0.10342967510223389,0.09605349600315094,1
1789134865913322,0.10342967510223389,0.09605349600315094,1
1789134865913322,0.10342967510223389,0.09605349600315094,1
1789134865961322,0.0998990535736084,0.09583084285259247,1
1789134865973322,0.11789095401763916,0.09581077098846436,1
1789134865973322,0.11789095401763916,0.09581077098846436,1
1789134865973322,0.11789095401763916,0.09581077098846436,1
1789134865973322,0.11789095401763916,0.09581077098846436,1
1789134865973322,0.11789095401763916,0.09581077098846436,1
1789134866021322,0.0840524435043335,0.09574949741363525,1
1789134866033322,0.07650279998779297,0.09577149152755737,1
1789134866033322,0.07650279998779297,0.09577149152755737,1
1789134866033322,0.07650279998779297,0.09577149152755737,1
1789134866033322,0.07650279998779297,0.09577149152755737,1
1789134866033322,0.07650279998779297,0.09577149152755737,1
1789134866081322,0.15236127376556396,0.09516741335391998,1
1789134866093322,0.18647992610931396,0.09505242109298706,1
1789134866093322,0.18647992610931396,0.09505242109298706,1
1789134866093322,0.18647992610931396,0.09505242109298706,1
1789134866093322,0.18647992610931396,0.09505242109298706,1
1789134866093322,0.18647992610931396,0.09505242109298706,1
1789134866141322,0.053494930267333984,0.0947592630982399,1
1789134866153322,0.015230536460876465,0.09488671272993088,1
1789134866153322,0.015230536460876465,0.09488671272993088,1
1789134866153322,0.015230536460876465,0.09488671272993088,1
1789134866153322,0.015230536460876465,0.09488671272993088,1
1789134866189322,0.058307766914367676,0.09514427185058594,1
1789134866201322,0.04150235652923584,0.09528172016143799,1
1789134866213322,0.05846142768859863,0.09536106884479523,1
1789134866213322,0.05846142768859863,0.09536106884479523,1
1789134866213322,0.05846142768859863,0.09536106884479523,1
1789134866213322,0.05846142768859863,0.09536106884479523,1
1789134866213322,0.05846142768859863,0.09536106884479523,1
1789134866261322,0.056435585021972656,0.09566036611795425,1
1789134866273322,0.11441648006439209,0.09573474526405334,1
1789134866273322,0.11441648006439209,0.09573474526405334,1
1789134866285322,0.11281847953796387,0.09572944790124893,1
1789134866285322,0.11281847953796387,0.09572944790124893,1
1789134866285322,0.11281847953796387,0.09572944790124893,1
1789134866321322,0.09146475791931152,0.09564148634672165,1
1789134866333322,0.1172630786895752,0.0956411212682724,1
1789134866333322,0.1172630786895752,0.0956411212682724,1
1789134866333322,0.1172630786895752,0.0956411212682724,1
1789134866333322,0.1172630786895752,0.0956411212682724,1
1789134866333322,0.1172630786895752,0.0956411212682724,1
1789134866381322,0.09810400009155273,0.09556709229946136,1
1789134866393322,0.0684056282043457,0.09557805210351944,1
1789134866393322,0.0684056282043457,0.09557805210351944,1
1789134866393322,0.0684056282043457,0.09557805210351944,1
1789134866417322,0.10695421695709229,0.0956447571516037,1
1789134866417322,0.10695421695709229,0.0956447571516037,1
1789134866441322,0.09061563014984131,0.09565409272909164,1
1789134866453322,0.09622156620025635,0.09566042572259903,1
1789134866453322,0.09622156620025635,0.09566042572259903,1
1789134866453322,0.09622156620025635,0.09566042572259903,1
1789134866453322,0.09622156620025635,0.09566042572259903,1
1789134866453322,0.09622156620025635,0.09566042572259903,1
1789134866501322,0.1007239818572998,0.09573651105165482,1
1789134866513322,0.0800013542175293,0.09576021879911423,1
1789134866513322,0.0800013542175293,0.09576021879911423,1
1789134866513322,0.0800013542175293,0.09576021879911423,1
1789134866513474,0.0800013542175293,0.09576021879911423,1
1789134866549474,0.042922258377075195,0.09600960463285446,1
1789134866561474,0.041370391845703125,0.09616517275571823,1
1789134866573474,0.04711461067199707,0.09625774621963501,1
1789134866573474,0.04711461067199707,0.09625774621963501,1
1789134866573474,0.04711461067199707,0.09625774621963501,1
1789134866573474,0.04711461067199707,0.09625774621963501,1
1789134866573474,0.04711461067199707,0.09625774621963501,1
1789134866621474,0.08545458316802979,0.09651491791009903,1
1789134866633474,0.150793194770813,0.09645013511180878,1
1789134866633474,0.150793194770813,0.09645013511180878,1
1789134866633474,0.150793194770813,0.09645013511180878,1
1789134866633474,0.150793194770813,0.09645013511180878,1
1789134866633474,0.150793194770813,0.09645013511180878,1
1789134866681474,0.06495785713195801,0.09639997780323029,1
1789134866693474,0.06860077381134033,0.09642591327428818,1
1789134866693474,0.06860077381134033,0.09642591327428818,1
1789134866693474,0.06860077381134033,0.09642591327428818,1
1789134866717474,0.11789953708648682,0.09643850475549698,1
1789134866717474,0.11789953708648682,0.09643850475549698,1
1789134866741474,0.13988244533538818,0.09626069664955139,1
1789134866753474,0.11039412021636963,0.09609607607126236,1
1789134866753474,0.11039412021636963,0.09609607607126236,1
1789134866753474,0.11039412021636963,0.09609607607126236,1
1789134866753474,0.11039412021636963,0.09609607607126236,1
1789134866753474,0.11039412021636963,0.09609607607126236,1
1789134866801474,0.10288333892822266,0.09607061743736267,1
1789134866813474,0.0855330228805542,0.09606414288282394,1
1789134866813474,0.0855330228805542,0.09606414288282394,1
1789134866813474,0.0855330228805542,0.09606414288282394,1
1789134866813474,0.0855330228805542,0.09606414288282394,1
1789134866849474,0.06328082084655762,0.09617574512958527,1
1789134866861474,0.07284045219421387,0.09621790051460266,1
1789134866873474,0.06611168384552002,0.09627048671245575,1
1789134866873474,0.06611168384552002,0.09627048671245575,1
1789134866873474,0.06611168384552002,0.09627048671245575,1
1789134866873474,0.06611168384552002,0.09627048671245575,1
1789134866873474,0.06611168384552002,0.09627048671245575,1
1789134866921474,0.13173139095306396,0.09624312818050385,1
1789134866933474,0.11982440948486328,0.09621566534042358,1
1789134866933474,0.11982440948486328,0.09621566534042358,1
1789134866933474,0.11982440948486328,0.09621566534042358,1
1789134866933474,0.11982440948486328,0.09621566534042358,1
1789134866933474,0.11982440948486328,0.09621566534042358,1
1789134866981474,0.09363377094268799,0.09610193222761154,1
1789134866993474,0.0793999433517456,0.09612689912319183,1
1789134866993474,0.0793999433517456,0.09612689912319183,1
1789134866993474,0.0793999433517456,0.09612689912319183,1
1789134866993474,0.0793999433517456,0.09612689912319183,1
1789134866993474,0.0793999433517456,0.09612689912319183,1
1789134867041474,0.1308962106704712,0.09590484201908112,1
1789134867053474,0.11716973781585693,0.09584823995828629,1
1789134867053474,0.11716973781585693,0.09584823995828629,1
1789134867053474,0.11716973781585693,0.09584823995828629,1
1789134867077474,0.10790526866912842,0.09573814272880554,1
1789134867077474,0.10790526866912842,0.09573814272880554,1
1789134867101474,0.10020339488983154,0.09566760808229446,1
1789134867113474,0.08170950412750244,0.09563478827476501,1
1789134867113474,0.08170950412750244,0.09563478827476501,1
1789134867113474,0.08170950412750244,0.09563478827476501,1
1789134867113474,0.08170950412750244,0.09563478827476501,1
1789134867113474,0.08170950412750244,0.09563478827476501,1
1789134867161474,0.09998893737792969,0.09553101658821106,1
1789134867173474,0.0920485258102417,0.0955025777220726,1
1789134867173474,0.0920485258102417,0.0955025777220726,1
1789134867173474,0.0920485258102417,0.0955025777220726,1
1789134867173474,0.0920485258102417,0.0955025777220726,1
1789134867209474,0.09346675872802734,0.0954662337899208,1
1789134867221474,0.08761847019195557,0.09546472877264023,1
1789134867233474,0.05940604209899902,0.09547413140535355,1
1789134867233474,0.05940604209899902,0.09547413140535355,1
1789134867233474,0.05940604209899902,0.09547413140535355,1
1789134867233474,0.05940604209899902,0.09547413140535355,1
1789134867233474,0.05940604209899902,0.09547413140535355,1
1789134867281474,0.10616064071655273,0.0955236405134201,1
1789134867293474,0.09039270877838135,0.09552247822284698,1
1789134867293474,0.09039270877838135,0.09552247822284698,1
1789134867293474,0.09039270877838135,0.09552247822284698,1
1789134867293474,0.09039270877838135,0.09552247822284698,1
1789134867293474,0.09039270877838135,0.09552247822284698,1
1789134867341474,0.06270456314086914,0.0956549346446991,1
1789134867353474,0.06843960285186768,0.09571737051010132,1
1789134867353474,0.06843960285186768,0.09571737051010132,1
1789134867353474,0.06843960285186768,0.09571737051010132,1
1789134867377474,0.08864343166351318,0.09570817649364471,1
1789134867377474,0.08864343166351318,0.09570817649364471,1
1789134867401474,0.07969057559967041,0.09572408348321915,1
1789134867413474,0.07107043266296387,0.09570984542369843,1
1789134867413474,0.07107043266296387,0.09570984542369843,1
1789134867413474,0.07107043266296387,0.09570984542369843,1
1789134867413474,0.07107043266296387,0.09570984542369843,1
1789134867413474,0.07107043266296387,0.09570984542369843,1
1789134867461474,0.08283352851867676,0.09579601138830185,1
1789134867473474,0.07933306694030762,0.09581465274095535,1
1789134867473474,0.07933306694030762,0.09581465274095535,1
1789134867473474,0.07933306694030762,0.09581465274095535,1
1789134867473474,0.07933306694030762,0.09581465274095535,1
1789134867509474,0.011811256408691406,0.09582732617855072,1
1789134867521474,0.038756370544433594,0.09593149274587631,1
1789134867533474,0.027074575424194336,0.09597693383693695,1
1789134867533625,0.027074575424194336,0.09597693383693695,1
1789134867533625,0.027074575424194336,0.09597693383693695,1
1789134867533625,0.027074575424194336,0.09597693383693695,1
1789134867533625,0.027074575424194336,0.09597693383693695,1
1789134867581625,0.07090389728546143,0.09611018002033234,1
1789134867593625,0.07465934753417969,0.09603729099035263,1
1789134867593625,0.07465934753417969,0.09603729099035263,1
1789134867605625,0.07053875923156738,0.09598677605390549,1
1789134867605625,0.07053875923156738,0.09598677605390549,1
1789134867605625,0.07053875923156738,0.09598677605390549,1
1789134867641625,0.060881614685058594,0.09578467905521393,1
1789134867653625,0.044887423515319824,0.09576387703418732,1
1789134867653625,0.044887423515319824,0.09576387703418732,1
1789134867653625,0.044887423515319824,0.09576387703418732,1
1789134867653625,0.044887423515319824,0.09576387703418732,1
1789134867653625,0.044887423515319824,0.09576387703418732,1
1789134867701625,0.05189239978790283,0.09558842331171036,1
1789134867713625,0.0513763427734375,0.09551321715116501,1
1789134867713625,0.0513763427734375,0.09551321715116501,1
1789134867713625,0.0513763427734375,0.09551321715116501,1
1789134867737625,0.05537521839141846,0.09543859958648682,1
1789134867737625,0.05537521839141846,0.09543859958648682,1
1789134867761625,0.038549065589904785,0.09527522325515747,1
1789134867773625,0.06611692905426025,0.09520777314901352,1
1789134867773625,0.06611692905426025,0.09520777314901352,1
1789134867773625,0.06611692905426025,0.09520777314901352,1
1789134867773625,0.06611692905426025,0.09520777314901352,1
1789134867773625,0.06611692905426025,0.09520777314901352,1
1789134867821625,0.10919189453125,0.09441666305065155,1
1789134867833625,0.10816240310668945,0.09401149302721024,1
1789134867833625,0.10816240310668945,0.09401149302721024,1
1789134867833625,0.10816240310668945,0.09401149302721024,1
1789134867857625,0.0952305793762207,0.09354624897241592,1
1789134867869625,0.08899819850921631,0.09339752793312073,1
1789134867881625,0.07524704933166504,0.09310779720544815,1
1789134867893625,0.08037257194519043,0.09296009689569473,1
1789134867893625,0.08037257194519043,0.09296009689569473,1
1789134867893625,0.08037257194519043,0.09296009689569473,1
1789134867893625,0.08037257194519043,0.09296009689569473,1
1789134867893625,0.08037257194519043,0.09296009689569473,1
1789134867941625,0.10294806957244873,0.09185582399368286,1
1789134867953625,0.09775125980377197,0.0914880558848381,1
1789134867953625,0.09775125980377197,0.0914880558848381,1
1789134867953625,0.09775125980377197,0.0914880558848381,1
1789134867953625,0.09775125980377197,0.0914880558848381,1
1789134867953625,0.09775125980377197,0.0914880558848381,1
1789134868001625,0.0864478349685669,0.09055215120315552,1
1789134868013625,0.07315194606781006,0.09040810912847519,1
1789134868013625,0.07315194606781006,0.09040810912847519,1
1789134868013625,0.07315194606781006,0.09040810912847519,1
1789134868037625,0.09800088405609131,0.08991129696369171,1
1789134868049625,0.07732677459716797,0.08953484147787094,1
1789134868061625,0.0639728307723999,0.08939611166715622,1
1789134868073625,0.07090520858764648,0.08909524232149124,1
1789134868073625,0.07090520858764648,0.08909524232149124,1
1789134868073625,0.07090520858764648,0.08909524232149124,1
1789134868073625,0.07090520858764648,0.08909524232149124,1
1789134868073625,0.07090520858764648,0.08909524232149124,1
1789134868121625,0.0631026029586792,0.08827181160449982,1
1789134868133625,0.0767601728439331,0.0881284773349762,1
1789134868133625,0.0767601728439331,0.0881284773349762,1
1789134868133625,0.0767601728439331,0.0881284773349762,1
1789134868133625,0.0767601728439331,0.0881284773349762,1
1789134868169625,0.029642105102539062,0.08753090351819992,1
1789134868181625,0.013978004455566406,0.08748923242092133,1
1789134868193625,0.0071146488189697266,0.08740987628698349,1
1789134868193625,0.0071146488189697266,0.08740987628698349,1
1789134868193625,0.0071146488189697266,0.08740987628698349,1
1789134868193625,0.0071146488189697266,0.08740987628698349,1
1789134868193625,0.0071146488189697266,0.08740987628698349,1
1789134868241625,0.0232926607131958,0.08719826489686966,1
1789134868253625,0.0161515474319458,0.08713970333337784,1
1789134868253625,0.0161515474319458,0.08713970333337784,1
1789134868265625,0.023169994354248047,0.08703195303678513,1
1789134868265625,0.023169994354248047,0.08703195303678513,1
1789134868265625,0.023169994354248047,0.08703195303678513,1
1789134868301625,0.02870965003967285,0.086737722158432,1
1789134868313625,0.014787435531616211,0.08659838140010834,1
1789134868313625,0.014787435531616211,0.08659838140010834,1
1789134868313625,0.014787435531616211,0.08659838140010834,1
1789134868313625,0.014787435531616211,0.08659838140010834,1
1789134868313625,0.014787435531616211,0.08659838140010834,1
1789134868361625,0.03865253925323486,0.08616220951080322,1
1789134868373625,0.045146822929382324,0.08602332323789597,1
1789134868373625,0.045146822929382324,0.08602332323789597,1
1789134868373625,0.045146822929382324,0.08602332323789597,1
1789134868397625,0.01314699649810791,0.08562270551919937,1
1789134868397625,0.01314699649810791,0.08562270551919937,1
1789134868421625,0.014455676078796387,0.08533318340778351,1
1789134868433625,-0.005561709403991699,0.0851060226559639,1
1789134868433625,-0.005561709403991699,0.0851060226559639,1
1789134868433625,-0.005561709403991699,0.0851060226559639,1
1789134868433625,-0.005561709403991699,0.0851060226559639,1
1789134868433625,-0.005561709403991699,0.0851060226559639,1
1789134868481625,0.026355385780334473,0.08440228551626205,1
1789134868493625,0.026694774627685547,0.08424430340528488,1
1789134868493625,0.026694774627685547,0.08424430340528488,1
1789134868493625,0.026694774627685547,0.08424430340528488,1
1789134868493625,0.026694774627685547,0.08424430340528488,1
1789134868529625,0.002126932144165039,0.08346675336360931,1
1789134868541625,0.010311722755432129,0.08330747485160828,1
1789134868553777,-0.018427371978759766,0.08305218070745468,1
1789134868553777,-0.018427371978759766,0.08305218070745468,1
1789134868553777,-0.018427371978759766,0.08305218070745468,1
1789134868553777,-0.018427371978759766,0.08305218070745468,1
1789134868553777,-0.018427371978759766,0.08305218070745468,1
1789134868601777,0.011224865913391113,0.0821826308965683,1
1789134868613777,0.05522418022155762,0.08196114748716354,1
1789134868613777,0.05522418022155762,0.08196114748716354,1
1789134868613777,0.05522418022155762,0.08196114748716354,1
1789134868613777,0.05522418022155762,0.08196114748716354,1
1789134868613777,0.05522418022155762,0.08196114748716354,1
1789134868661777,0.10562193393707275,0.08000306785106659,1
1789134868673777,0.09569680690765381,0.0793028399348259,1
1789134868673777,0.09569680690765381,0.0793028399348259,1
1789134868673777,0.09569680690765381,0.0793028399348259,1
1789134868697777,0.07030642032623291,0.0783318504691124,1
1789134868697777,0.07030642032623291,0.0783318504691124,1
1789134868721777,0.07936954498291016,0.07721929997205734,1
1789134868733777,0.0968620777130127,0.07684196531772614,1
1789134868733777,0.0968620777130127,0.07684196531772614,1
1789134868733777,0.0968620777130127,0.07684196531772614,1
1789134868733777,0.0968620777130127,0.07684196531772614,1
1789134868733777,0.0968620777130127,0.07684196531772614,1
1789134868781777,0.10903918743133545,0.07437276840209961,1
1789134868793777,0.08013510704040527,0.07356973737478256,1
1789134868793777,0.08013510704040527,0.07356973737478256,1
1789134868793777,0.08013510704040527,0.07356973737478256,1
1789134868793777,0.08013510704040527,0.07356973737478256,1
1789134868829777,0.08247661590576172,0.07209162414073944,1
1789134868841777,0.11362576484680176,0.07123925536870956,1
1789134868853777,0.09172940254211426,0.07081010937690735,1
1789134868853777,0.09172940254211426,0.07081010937690735,1
1789134868853777,0.09172940254211426,0.07081010937690735,1
1789134868853777,0.09172940254211426,0.07081010937690735,1
1789134868853777,0.09172940254211426,0.07081010937690735,1
1789134868901777,0.09533834457397461,0.06824644654989243,1
1789134868913777,0.07651174068450928,0.06744533777236938,1
1789134868913777,0.07651174068450928,0.06744533777236938,1
1789134868925777,0.09008276462554932,0.0670490562915802,1
1789134868925777,0.09008276462554932,0.0670490562915802,1
1789134868925777,0.09008276462554932,0.0670490562915802,1
1789134868961777,0.10373485088348389,0.06499392539262772,1
1789134868973777,0.10669350624084473,0.06454624980688095,1
1789134868973777,0.10669350624084473,0.06454624980688095,1
1789134868973777,0.10669350624084473,0.06454624980688095,1
1789134868973777,0.10669350624084473,0.06454624980688095,1
1789134868973777,0.10669350624084473,0.06454624980688095,1
1789134869021777,0.08344995975494385,0.0616554394364357,1
1789134869033777,0.08794200420379639,0.06075890362262726,1
1789134869033777,0.08794200420379639,0.06075890362262726,1
1789134869033777,0.08794200420379639,0.06075890362262726,1
1789134869057777,0.0344693660736084,0.05962434411048889,1
1789134869057777,0.0344693660736084,0.05962434411048889,1
1789134869081777,0.07655715942382812,0.05851248651742935,1
1789134869093777,0.09652912616729736,0.05808700993657112,1
1789134869093777,0.09652912616729736,0.05808700993657112,1
1789134869093777,0.09652912616729736,0.05808700993657112,1
1789134869093777,0.09652912616729736,0.05808700993657112,1
1789134869093777,0.09652912616729736,0.05808700993657112,1
1789134869141777,0.10579395294189453,0.0554061122238636,1
1789134869153777,0.0616605281829834,0.05459816753864288,1
1789134869153777,0.0616605281829834,0.05459816753864288,1
1789134869153777,0.0616605281829834,0.05459816753864288,1
1789134869153777,0.0616605281829834,0.05459816753864288,1
1789134869189777,0.05633342266082764,0.05321221053600311,1
1789134869201777,0.09326434135437012,0.052412789314985275,1
1789134869213777,0.07785117626190186,0.052014272660017014,1
1789134869213777,0.07785117626190186,0.052014272660017014,1
1789134869213777,0.07785117626190186,0.052014272660017014,1
1789134869213777,0.07785117626190186,0.052014272660017014,1
1789134869213777,0.07785117626190186,0.052014272660017014,1
1789134869261777,0.02685070037841797,0.04974077269434929,1
1789134869273777,0.014361739158630371,0.04916522279381752,1
1789134869273777,0.014361739158630371,0.04916522279381752,1
1789134869273777,0.014361739158630371,0.04916522279381752,1
1789134869273777,0.014361739158630371,0.04916522279381752,1
1789134869273777,0.014361739158630371,0.04916522279381752,1
1789134869321777,0.05579793453216553,0.047406136989593506,1
1789134869333777,0.022859811782836914,0.0470549613237381,1
1789134869333777,0.022859811782836914,0.0470549613237381,1
1789134869333777,0.022859811782836914,0.0470549613237381,1
1789134869357777,0.004385232925415039,0.04623008519411087,1
1789134869357777,0.004385232925415039,0.04623008519411087,1
1789134869381777,-0.029961347579956055,0.04545818269252777,1
1789134869393777,-0.03520536422729492,0.045006755739450455,1
1789134869393777,-0.03520536422729492,0.045006755739450455,1
1789134869393777,-0.03520536422729492,0.045006755739450455,1
1789134869393777,-0.03520536422729492,0.045006755739450455,1
1789134869393777,-0.03520536422729492,0.045006755739450455,1
1789134869441777,0.04443550109863281,0.043130382895469666,1
1789134869453777,-0.007045865058898926,0.04282194375991821,1
1789134869453777,-0.007045865058898926,0.04282194375991821,1
1789134869453777,-0.007045865058898926,0.04282194375991821,1
1789134869453777,-0.007045865058898926,0.04282194375991821,1
1789134869489777,-0.03451359272003174,0.04163491353392601,1
1789134869501777,-0.020014643669128418,0.04135508090257645,1
1789134869513777,0.0051496028900146484,0.04077065736055374,1
1789134869513777,0.0051496028900146484,0.04077065736055374,1
1789134869513777,0.0051496028900146484,0.04077065736055374,1
1789134869513777,0.0051496028900146484,0.04077065736055374,1
1789134869513931,0.0051496028900146484,0.04077065736055374,1
1789134869561931,-0.031668901443481445,0.039664458483457565,1
1789134869573931,-0.022221803665161133,0.039381157606840134,1
1789134869573931,-0.022221803665161133,0.039381157606840134,1
1789134869585931,-0.03038763999938965,0.03887619078159332,1
1789134869585931,-0.03038763999938965,0.03887619078159332,1
1789134869585931,-0.03038763999938965,0.03887619078159332,1
1789134869621931,0.016209959983825684,0.037634603679180145,1
1789134869633931,0.09717369079589844,0.03666885569691658,1
1789134869633931,0.09717369079589844,0.03666885569691658,1
1789134869633931,0.09717369079589844,0.03666885569691658,1
1789134869633931,0.09717369079589844,0.03666885569691658,1
1789134869633931,0.09717369079589844,0.03666885569691658,1
1789134869681931,0.027703523635864258,0.03377501666545868,1
1789134869693931,-0.005429267883300781,0.03335297480225563,1
1789134869693931,-0.005429267883300781,0.03335297480225563,1
1789134869693931,-0.005429267883300781,0.03335297480225563,1
1789134869717931,0.053161025047302246,0.03206643834710121,1
1789134869717931,0.053161025047302246,0.03206643834710121,1
1789134869741931,0.06428229808807373,0.030575454235076904,1
1789134869753931,0.07994365692138672,0.029554154723882675,1
1789134869753931,0.07994365692138672,0.029554154723882675,1
1789134869753931,0.07994365692138672,0.029554154723882675,1
1789134869753931,0.07994365692138672,0.029554154723882675,1
1789134869753931,0.07994365692138672,0.029554154723882675,1
1789134869801931,0.06578719615936279,0.026425089687108994,1
1789134869813931,0.06704449653625488,0.025943247601389885,1
1789134869813931,0.06704449653625488,0.025943247601389885,1
1789134869813931,0.06704449653625488,0.025943247601389885,1
1789134869813931,0.06704449653625488,0.025943247601389885,1
1789134869849931,0.04830586910247803,0.02373075857758522,1
1789134869861931,0.06023216247558594,0.023276159539818764,1
1789134869873931,0.0018584728240966797,0.022488418966531754,1
1789134869873931,0.0018584728240966797,0.022488418966531754,1
1789134869873931,0.0018584728240966797,0.022488418966531754,1
1789134869873931,0.0018584728240966797,0.022488418966531754,1
1789134869873931,0.0018584728240966797,0.022488418966531754,1
1789134869921931,-0.018742084503173828,0.020523009821772575,1
1789134869933931,-0.027950167655944824,0.020235171541571617,1
1789134869933931,-0.027950167655944824,0.020235171541571617,1
1789134869933931,-0.027950167655944824,0.020235171541571617,1
1789134869933931,-0.027950167655944824,0.020235171541571617,1
1789134869933931,-0.027950167655944824,0.020235171541571617,1
1789134869981931,0.0059566497802734375,0.018467240035533905,1
1789134869993931,0.02922046184539795,0.017849937081336975,1
1789134869993931,0.02922046184539795,0.017849937081336975,1
1789134869993931,0.02922046184539795,0.017849937081336975,1
1789134870017931,-0.0026034116744995117,0.016936277970671654,1
1789134870017931,-0.0026034116744995117,0.016936277970671654,1
1789134870041931,-0.0026673078536987305,0.016113273799419403,1
1789134870053931,-0.0016162395477294922,0.015825476497411728,1
1789134870053931,-0.0016162395477294922,0.015825476497411728,1
1789134870053931,-0.0016162395477294922,0.015825476497411728,1
1789134870053931,-0.0016162395477294922,0.015825476497411728,1
1789134870053931,-0.0016162395477294922,0.015825476497411728,1
1789134870101931,0.03318476676940918,0.013905584812164307,1
1789134870113931,0.019733190536499023,0.013213340193033218,1
1789134870113931,0.019733190536499023,0.013213340193033218,1
1789134870113931,0.019733190536499023,0.013213340193033218,1
1789134870113931,0.019733190536499023,0.013213340193033218,1
1789134870149931,-0.03964996337890625,0.012031825259327888,1
1789134870161931,-0.030430912971496582,0.011443772353231907,1
1789134870173931,-0.0555499792098999,0.011174646206200123,1
1789134870173931,-0.0555499792098999,0.011174646206200123,1
1789134870173931,-0.0555499792098999,0.011174646206200123,1
1789134870173931,-0.0555499792098999,0.011174646206200123,1
1789134870173931,-0.0555499792098999,0.011174646206200123,1
1789134870221931,-0.0009486675262451172,0.009392828680574894,1
1789134870233931,0.023457884788513184,0.008645069785416126,1
1789134870233931,0.023457884788513184,0.008645069785416126,1
1789134870245931,0.025422215461730957,0.008261922746896744,1
1789134870245931,0.025422215461730957,0.008261922746896744,1
1789134870245931,0.025422215461730957,0.008261922746896744,1
1789134870281931,0.06036961078643799,0.0061445641331374645,1
1789134870293931,0.04188060760498047,0.00567873427644372,1
1789134870293931,0.04188060760498047,0.00567873427644372,1
1789134870293931,0.04188060760498047,0.00567873427644372,1
1789134870293931,0.04188060760498047,0.00567873427644372,1
1789134870293931,0.04188060760498047,0.00567873427644372,1
1789134870341931,0.060628533363342285,0.003140054875984788,1
1789134870353931,0.05543053150177002,0.0022111639846116304,1
1789134870353931,0.05543053150177002,0.0022111639846116304,1
1789134870353931,0.05543053150177002,0.0022111639846116304,1
1789134870377931,0.022898077964782715,0.0008118391851894557,1
1789134870377931,0.022898077964782715,0.0008118391851894557,1
1789134870401931,-0.00034630298614501953,-0.00044814488501287997,1
1789134870413931,0.019362807273864746,-0.0008286754018627107,1
1789134870413931,0.019362807273864746,-0.0008286754018627107,1
1789134870413931,0.019362807273864746,-0.0008286754018627107,1
1789134870413931,0.019362807273864746,-0.0008286754018627107,1
1789134870413931,0.019362807273864746,-0.0008286754018627107,1
1789134870461931,-0.003201007843017578,-0.0029735960997641087,1
1789134870473931,0.017711162567138672,-0.003690966870635748,1
1789134870473931,0.017711162567138672,-0.003690966870635748,1
1789134870473931,0.017711162567138672,-0.003690966870635748,1
1789134870473931,0.017711162567138672,-0.003690966870635748,1
1789134870509931,0.002777695655822754,-0.005036874208599329,1
1789134870521931,0.016271114349365234,-0.005755137652158737,1
1789134870533931,-0.012624979019165039,-0.006077879574149847,1
1789134870533931,-0.012624979019165039,-0.006077879574149847,1
1789134870534082,-0.012624979019165039,-0.006077879574149847,1
1789134870534082,-0.012624979019165039,-0.006077879574149847,1
1789134870534082,-0.012624979019165039,-0.006077879574149847,1
1789134870582082,-0.030774593353271484,-0.0077886078506708145,1
1789134870594082,-0.06450653076171875,-0.008314150385558605,1
1789134870594082,-0.06450653076171875,-0.008314150385558605,1
1789134870594082,-0.06450653076171875,-0.008314150385558605,1
1789134870594082,-0.06450653076171875,-0.008314150385558605,1
1789134870594082,-0.06450653076171875,-0.008314150385558605,1
1789134870642082,-0.048982977867126465,-0.0096695926040411,1
1789134870654082,-0.0032198429107666016,-0.009972619824111462,1
1789134870654082,-0.0032198429107666016,-0.009972619824111462,1
1789134870654082,-0.0032198429107666016,-0.009972619824111462,1
1789134870678082,0.001659989356994629,-0.01099409256130457,1
1789134870678082,0.001659989356994629,-0.01099409256130457,1
1789134870702082,0.001685500144958496,-0.012048204429447651,1
1789134870714082,-0.010526537895202637,-0.012737655080854893,1
1789134870714082,-0.010526537895202637,-0.012737655080854893,1
1789134870714082,-0.010526537895202637,-0.012737655080854893,1
1789134870714082,-0.010526537895202637,-0.012737655080854893,1
1789134870714082,-0.010526537895202637,-0.012737655080854893,1
1789134870762082,0.0039042234420776367,-0.014684316702187061,1
1789134870774082,0.002084493637084961,-0.015040487982332706,1
1789134870774082,0.002084493637084961,-0.015040487982332706,1
1789134870774082,0.002084493637084961,-0.015040487982332706,1
1789134870774082,0.002084493637084961,-0.015040487982332706,1
1789134870810082,0.03838455677032471,-0.016925405710935593,1
1789134870822082,0.039963364601135254,-0.017386170104146004,1
1789134870834082,0.01383984088897705,-0.018176427111029625,1
1789134870834082,0.01383984088897705,-0.018176427111029625,1
1789134870834082,0.01383984088897705,-0.018176427111029625,1
1789134870858082,-0.002766728401184082,-0.01927679218351841,1
1789134870858082,-0.002766728401184082,-0.01927679218351841,1
1789134870882082,-0.021492481231689453,-0.020329684019088745,1
1789134870894082,-0.01839768886566162,-0.020680461078882217,1
1789134870894082,-0.01839768886566162,-0.020680461078882217,1
1789134870906082,0.008884906768798828,-0.021404707804322243,1
1789134870906082,0.008884906768798828,-0.021404707804322243,1
1789134870906082,0.008884906768798828,-0.021404707804322243,1
1789134870942082,-0.028148770332336426,-0.02283865585923195,1
1789134870954082,-0.0039397478103637695,-0.023505503311753273,1
1789134870954082,-0.0039397478103637695,-0.023505503311753273,1
1789134870954082,-0.0039397478103637695,-0.023505503311753273,1
1789134870954082,-0.0039397478103637695,-0.023505503311753273,1
1789134870954082,-0.0039397478103637695,-0.023505503311753273,1
1789134871002082,0.009983181953430176,-0.02575075440108776,1
1789134871014082,0.02498781681060791,-0.02615377865731716,1
1789134871014082,0.02498781681060791,-0.02615377865731716,1
1789134871014082,0.02498781681060791,-0.02615377865731716,1
1789134871038082,0.016797304153442383,-0.027264412492513657,1
1789134871050082,-0.0004755258560180664,-0.028034979477524757,1
1789134871062082,-0.02450847625732422,-0.028365973383188248,1
1789134871074082,-0.05778002738952637,-0.028910601511597633,1
1789134871074082,-0.05778002738952637,-0.028910601511597633,1
1789134871074082,-0.05778002738952637,-0.028910601511597633,1
1789134871074082,-0.05778002738952637,-0.028910601511597633,1
1789134871074082,-0.05778002738952637,-0.028910601511597633,1
1789134871122082,0.02710545063018799,-0.03083658032119274,1
1789134871134082,0.004598379135131836,-0.03120139054954052,1
1789134871134082,0.004598379135131836,-0.03120139054954052,1
1789134871134082,0.004598379135131836,-0.03120139054954052,1
1789134871134082,0.004598379135131836,-0.03120139054954052,1
1789134871170082,-0.05719864368438721,-0.0329134538769722,1
1789134871182082,-0.05368447303771973,-0.033160995692014694,1
1789134871194082,-0.09053254127502441,-0.03353928402066231,1
1789134871194082,-0.09053254127502441,-0.03353928402066231,1
1789134871194082,-0.09053254127502441,-0.03353928402066231,1
1789134871194082,-0.09053254127502441,-0.03353928402066231,1
1789134871194082,-0.09053254127502441,-0.03353928402066231,1
1789134871242082,-0.1202538013458252,-0.03461449593305588,1
1789134871254082,-0.10604918003082275,-0.03480719402432442,1
1789134871254082,-0.10604918003082275,-0.03480719402432442,1
1789134871254082,-0.10604918003082275,-0.03480719402432442,1
1789134871254082,-0.10604918003082275,-0.03480719402432442,1
1789134871254082,-0.10604918003082275,-0.03480719402432442,1
1789134871302082,0.021889805793762207,-0.03662481531500816,1
1789134871314082,0.04921865463256836,-0.03743642941117287,1
1789134871314082,0.04921865463256836,-0.03743642941117287,1
1789134871314082,0.04921865463256836,-0.03743642941117287,1
1789134871314082,0.04921865463256836,-0.03743642941117287,1
1789134871314082,0.04921865463256836,-0.03743642941117287,1
1789134871362082,-0.02137124538421631,-0.039450276643037796,1
1789134871374082,-0.021559476852416992,-0.03975880891084671,1
1789134871374082,-0.021559476852416992,-0.03975880891084671,1
1789134871374082,-0.021559476852416992,-0.03975880891084671,1
1789134871374082,-0.021559476852416992,-0.03975880891084671,1
1789134871374082,-0.021559476852416992,-0.03975880891084671,1
1789134871422082,-0.04853057861328125,-0.041606638580560684,1
1789134871434082,-0.07863450050354004,-0.04213142767548561,1
1789134871434082,-0.07863450050354004,-0.04213142767548561,1
1789134871434082,-0.07863450050354004,-0.04213142767548561,1
1789134871434082,-0.07863450050354004,-0.04213142767548561,1
1789134871470082,0.0011589527130126953,-0.04329628497362137,1
1789134871482082,0.03181016445159912,-0.044133272022008896,1
1789134871494082,0.007711887359619141,-0.044509850442409515,1
1789134871494082,0.007711887359619141,-0.044509850442409515,1
1789134871494082,0.007711887359619141,-0.044509850442409515,1
1789134871494082,0.007711887359619141,-0.044509850442409515,1
1789134871494082,0.007711887359619141,-0.044509850442409515,1
1789134871542082,-0.03584790229797363,-0.046690281480550766,1
1789134871554082,-0.047898054122924805,-0.04733041301369667,1
1789134871554257,-0.047898054122924805,-0.04733041301369667,1
1789134871566257,-0.04169654846191406,-0.04761309549212456,1
1789134871566257,-0.04169654846191406,-0.04761309549212456,1
1789134871566257,-0.04169654846191406,-0.04761309549212456,1
1789134871602257,-0.012930512428283691,-0.04917473345994949,1
1789134871614257,-0.015520215034484863,-0.0495251826941967,1
1789134871614257,-0.015520215034484863,-0.0495251826941967,1
1789134871614257,-0.015520215034484863,-0.0495251826941967,1
1789134871614257,-0.015520215034484863,-0.0495251826941967,1
1789134871614257,-0.015520215034484863,-0.0495251826941967,1
1789134871662257,0.003055572509765625,-0.051709141582250595,1
1789134871674257,-0.02793419361114502,-0.052405618131160736,1
1789134871674257,-0.02793419361114502,-0.052405618131160736,1
1789134871674257,-0.02793419361114502,-0.052405618131160736,1
1789134871698257,-0.031136751174926758,-0.05328463762998581,1
1789134871698257,-0.031136751174926758,-0.05328463762998581,1
1789134871722257,-0.023990392684936523,-0.05423984304070473,1
1789134871734257,0.00781393051147461,-0.05457787960767746,1
1789134871734257,0.00781393051147461,-0.05457787960767746,1
1789134871734257,0.00781393051147461,-0.05457787960767746,1
1789134871734257,0.00781393051147461,-0.05457787960767746,1
1789134871734257,0.00781393051147461,-0.05457787960767746,1
1789134871782257,0.0027234554290771484,-0.05682481452822685,1
1789134871794257,-0.02414262294769287,-0.057459741830825806,1
1789134871794257,-0.02414262294769287,-0.057459741830825806,1
1789134871794257,-0.02414262294769287,-0.057459741830825806,1
1789134871794257,-0.02414262294769287,-0.057459741830825806,1
1789134871830257,-0.003984570503234863,-0.05869157239794731,1
1789134871842257,0.005042076110839844,-0.05938725546002388,1
1789134871854257,-0.040311336517333984,-0.05968678370118141,1
1789134871854257,-0.040311336517333984,-0.05968678370118141,1
1789134871854257,-0.040311336517333984,-0.05968678370118141,1
1789134871854257,-0.040311336517333984,-0.05968678370118141,1
1789134871854257,-0.040311336517333984,-0.05968678370118141,1
1789134871902257,0.03519392013549805,-0.061638981103897095,1
1789134871914257,-0.0067403316497802734,-0.06231100112199783,1
1789134871914257,-0.0067403316497802734,-0.06231100112199783,1
1789134871914257,-0.0067403316497802734,-0.06231100112199783,1
1789134871914257,-0.0067403316497802734,-0.06231100112199783,1
1789134871914257,-0.0067403316497802734,-0.06231100112199783,1
1789134871962257,-0.018915534019470215,-0.06385394185781479,1
1789134871974257,-0.021769046783447266,-0.06411940604448318,1
1789134871974257,-0.021769046783447266,-0.06411940604448318,1
1789134871974257,-0.021769046783447266,-0.06411940604448318,1
1789134871998257,-0.012560725212097168,-0.06484825164079666,1
1789134871998257,-0.012560725212097168,-0.06484825164079666,1
1789134872022257,-0.01742851734161377,-0.0657195970416069,1
1789134872034257,-0.024089336395263672,-0.06623691320419312,1
1789134872034257,-0.024089336395263672,-0.06623691320419312,1
1789134872034257,-0.024089336395263672,-0.06623691320419312,1
1789134872034257,-0.024089336395263672,-0.06623691320419312,1
1789134872034257,-0.024089336395263672,-0.06623691320419312,1
1789134872082257,-0.03339409828186035,-0.0674997866153717,1
1789134872094257,-0.04384124279022217,-0.06768960505723953,1
1789134872094257,-0.04384124279022217,-0.06768960505723953,1
1789134872094257,-0.04384124279022217,-0.06768960505723953,1
1789134872094257,-0.04384124279022217,-0.06768960505723953,1
1789134872130257,-0.02393341064453125,-0.06867009401321411,1
1789134872142257,-0.020509719848632812,-0.06889259815216064,1
1789134872154257,-0.0456923246383667,-0.06923030316829681,1
1789134872154257,-0.0456923246383667,-0.06923030316829681,1
1789134872154257,-0.0456923246383667,-0.06923030316829681,1
1789134872154257,-0.0456923246383667,-0.06923030316829681,1
1789134872154257,-0.0456923246383667,-0.06923030316829681,1
1789134872202257,0.005086541175842285,-0.07039742916822433,1
1789134872214257,0.0077435970306396484,-0.07063694298267365,1
1789134872214257,0.0077435970306396484,-0.07063694298267365,1
1789134872226257,-0.0037065744400024414,-0.07113495469093323,1
1789134872226257,-0.0037065744400024414,-0.07113495469093323,1
1789134872226257,-0.0037065744400024414,-0.07113495469093323,1
1789134872262257,-0.01595938205718994,-0.07197791337966919,1
1789134872274257,-0.021785497665405273,-0.07238571345806122,1
1789134872274257,-0.021785497665405273,-0.07238571345806122,1
1789134872274257,-0.021785497665405273,-0.07238571345806122,1
1789134872274257,-0.021785497665405273,-0.07238571345806122,1
1789134872274257,-0.021785497665405273,-0.07238571345806122,1
1789134872322257,0.01431739330291748,-0.07366993278265,1
1789134872334257,-0.01256108283996582,-0.07387810200452805,1
1789134872334257,-0.01256108283996582,-0.07387810200452805,1
1789134872334257,-0.01256108283996582,-0.07387810200452805,1
1789134872358257,-0.021816492080688477,-0.07437790185213089,1
1789134872358257,-0.021816492080688477,-0.07437790185213089,1
1789134872382257,0.006293654441833496,-0.07487349957227707,1
1789134872394257,-0.003653287887573242,-0.07520516961812973,1
1789134872394257,-0.003653287887573242,-0.07520516961812973,1
1789134872394257,-0.003653287887573242,-0.07520516961812973,1
1789134872394257,-0.003653287887573242,-0.07520516961812973,1
1789134872394257,-0.003653287887573242,-0.07520516961812973,1
1789134872442257,0.03323936462402344,-0.07620196789503098,1
1789134872454257,0.01366734504699707,-0.07638229429721832,1
1789134872454257,0.01366734504699707,-0.07638229429721832,1
1789134872454257,0.01366734504699707,-0.07638229429721832,1
1789134872454257,0.01366734504699707,-0.07638229429721832,1
1789134872490257,0.015286922454833984,-0.07715175300836563,1
1789134872502257,0.016186833381652832,-0.07730410993099213,1
1789134872514257,-0.005631446838378906,-0.0775226354598999,1
1789134872514257,-0.005631446838378906,-0.0775226354598999,1
1789134872514257,-0.005631446838378906,-0.0775226354598999,1
1789134872514257,-0.005631446838378906,-0.0775226354598999,1
1789134872514257,-0.005631446838378906,-0.0775226354598999,1
1789134872562432,0.002772688865661621,-0.07815638929605484,1
1789134872574432,-0.02766704559326172,-0.07822194695472717,1
1789134872574432,-0.02766704559326172,-0.07822194695472717,1
1789134872574432,-0.02766704559326172,-0.07822194695472717,1
1789134872574432,-0.02766704559326172,-0.07822194695472717,1
1789134872574432,-0.02766704559326172,-0.07822194695472717,1
1789134872622432,-0.023032426834106445,-0.07848269492387772,1
1789134872634432,-0.0013519525527954102,-0.07855088263750076,1
1789134872634432,-0.0013519525527954102,-0.07855088263750076,1
1789134872634432,-0.0013519525527954102,-0.07855088263750076,1
1789134872658432,-0.02244710922241211,-0.07866866886615753,1
1789134872658432,-0.02244710922241211,-0.07866866886615753,1
1789134872682432,-0.00440371036529541,-0.07874929904937744,1
1789134872694432,-0.011417865753173828,-0.07876961678266525,1
1789134872694432,-0.011417865753173828,-0.07876961678266525,1
1789134872694432,-0.011417865753173828,-0.07876961678266525,1
1789134872694432,-0.011417865753173828,-0.07876961678266525,1
1789134872694432,-0.011417865753173828,-0.07876961678266525,1
1789134872742432,-0.014773964881896973,-0.07866423577070236,1
1789134872754432,-0.011178016662597656,-0.07863392680883408,1
1789134872754432,-0.011178016662597656,-0.07863392680883408,1
1789134872754432,-0.011178016662597656,-0.07863392680883408,1
1789134872754432,-0.011178016662597656,-0.07863392680883408,1
1789134872790432,-0.027987241744995117,-0.07849115878343582,1
1789134872802432,-0.020032525062561035,-0.07835397124290466,1
1789134872814432,-0.00516355037689209,-0.07831929624080658,1
1789134872814432,-0.00516355037689209,-0.07831929624080658,1
1789134872814432,-0.00516355037689209,-0.07831929624080658,1
1789134872814432,-0.00516355037689209,-0.07831929624080658,1
1789134872814432,-0.00516355037689209,-0.07831929624080658,1
1789134872862432,-0.06118595600128174,-0.07795888185501099,1
1789134872874432,-0.06306290626525879,-0.07771175354719162,1
1789134872874432,-0.06306290626525879,-0.07771175354719162,1
1789134872886432,-0.06980156898498535,-0.077552430331707,1
1789134872886432,-0.06980156898498535,-0.077552430331707,1
1789134872886432,-0.06980156898498535,-0.077552430331707,1
1789134872922432,-0.0021604299545288086,-0.0770394429564476,1
1789134872934432,0.02398228645324707,-0.07699539512395859,1
1789134872934432,0.02398228645324707,-0.07699539512395859,1
1789134872934432,0.02398228645324707,-0.07699539512395859,1
1789134872934432,0.02398228645324707,-0.07699539512395859,1
1789134872934432,0.02398228645324707,-0.07699539512395859,1
1789134872982432,-0.023499131202697754,-0.07652796059846878,1
1789134872994432,-0.05573475360870361,-0.07626567035913467,1
1789134872994432,-0.05573475360870361,-0.07626567035913467,1
1789134872994432,-0.05573475360870361,-0.07626567035913467,1
1789134873018432,-0.07190144062042236,-0.0756981298327446,1
1789134873018432,-0.07190144062042236,-0.0756981298327446,1
1789134873042432,-0.045418500900268555,-0.07516321539878845,1
1789134873054432,-0.04964005947113037,-0.07500428706407547,1
1789134873054432,-0.04964005947113037,-0.07500428706407547,1
1789134873054432,-0.04964005947113037,-0.07500428706407547,1
1789134873054432,-0.04964005947113037,-0.07500428706407547,1
1789134873054432,-0.04964005947113037,-0.07500428706407547,1
1789134873102432,-0.07426047325134277,-0.07381413131952286,1
1789134873114432,-0.08237957954406738,-0.07333655655384064,1
1789134873114432,-0.08237957954406738,-0.07333655655384064,1
1789134873114432,-0.08237957954406738,-0.07333655655384064,1
1789134873114432,-0.08237957954406738,-0.07333655655384064,1
1789134873150432,-0.06377840042114258,-0.07242844253778458,1
1789134873162432,-0.047174930572509766,-0.07198412716388702,1
1789134873174432,-0.03494548797607422,-0.07180977612733841,1
1789134873174432,-0.03494548797607422,-0.07180977612733841,1
1789134873174432,-0.03494548797607422,-0.07180977612733841,1
1789134873174432,-0.03494548797607422,-0.07180977612733841,1
1789134873174432,-0.03494548797607422,-0.07180977612733841,1
1789134873222432,-0.07600128650665283,-0.07065986841917038,1
1789134873234432,-0.0893702507019043,-0.07015591114759445,1
1789134873234432,-0.0893702507019043,-0.07015591114759445,1
1789134873234432,-0.0893702507019043,-0.07015591114759445,1
1789134873234432,-0.0893702507019043,-0.07015591114759445,1
1789134873234432,-0.0893702507019043,-0.07015591114759445,1
1789134873282432,-0.03831076622009277,-0.0686546340584755,1
1789134873294432,-0.021787047386169434,-0.06848333030939102,1
1789134873294432,-0.021787047386169434,-0.06848333030939102,1
1789134873294432,-0.021787047386169434,-0.06848333030939102,1
1789134873318432,-0.06322729587554932,-0.0679025650024414,1
1789134873318432,-0.06322729587554932,-0.0679025650024414,1
1789134873342432,-0.09185469150543213,-0.06716164201498032,1
1789134873354432,-0.0885840654373169,-0.06658724695444107,1
1789134873354432,-0.0885840654373169,-0.06658724695444107,1
1789134873354432,-0.0885840654373169,-0.06658724695444107,1
1789134873354432,-0.0885840654373169,-0.06658724695444107,1
1789134873354432,-0.0885840654373169,-0.06658724695444107,1
1789134873402432,-0.0403972864151001,-0.06511440873146057,1
1789134873414432,-0.04305827617645264,-0.06491000205278397,1
1789134873414432,-0.04305827617645264,-0.06491000205278397,1
1789134873414432,-0.04305827617645264,-0.06491000205278397,1
1789134873414432,-0.04305827617645264,-0.06491000205278397,1
1789134873450432,-0.05313825607299805,-0.06374326348304749,1
1789134873462432,-0.05662977695465088,-0.06348221004009247,1
1789134873474432,-0.08162474632263184,-0.06292838603258133,1
1789134873474432,-0.08162474632263184,-0.06292838603258133,1
1789134873474432,-0.08162474632263184,-0.06292838603258133,1
1789134873474432,-0.08162474632263184,-0.06292838603258133,1
1789134873474432,-0.08162474632263184,-0.06292838603258133,1
1789134873522432,-0.00964343547821045,-0.06143428012728691,1
1789134873534432,0.009025216102600098,-0.061255425214767456,1
1789134873534432,0.009025216102600098,-0.061255425214767456,1
1789134873546432,-0.0342404842376709,-0.06086578592658043,1
1789134873546432,-0.0342404842376709,-0.06086578592658043,1
1789134873546606,-0.0342404842376709,-0.06086578592658043,1
1789134873582606,-0.04476165771484375,-0.059922199696302414,1
1789134873594606,-0.06678390502929688,-0.05933274328708649,1
1789134873594606,-0.06678390502929688,-0.05933274328708649,1
1789134873594606,-0.06678390502929688,-0.05933274328708649,1
1789134873594606,-0.06678390502929688,-0.05933274328708649,1
1789134873594606,-0.06678390502929688,-0.05933274328708649,1
1789134873642606,-0.01246500015258789,-0.05801831930875778,1
1789134873654606,0.0023033618927001953,-0.057786695659160614,1
1789134873654606,0.0023033618927001953,-0.057786695659160614,1
1789134873654606,0.0023033618927001953,-0.057786695659160614,1
1789134873678606,-0.006770491600036621,-0.05712062492966652,1
1789134873678606,-0.006770491600036621,-0.05712062492966652,1
1789134873702606,0.011018514633178711,-0.056444380432367325,1
1789134873714606,0.016172170639038086,-0.05602666363120079,1
1789134873714606,0.016172170639038086,-0.05602666363120079,1
1789134873714606,0.016172170639038086,-0.05602666363120079,1
1789134873714606,0.016172170639038086,-0.05602666363120079,1
1789134873714606,0.016172170639038086,-0.05602666363120079,1
1789134873762606,-0.013720273971557617,-0.05462518706917763,1
1789134873774606,0.0074443817138671875,-0.0543876513838768,1
1789134873774606,0.0074443817138671875,-0.0543876513838768,1
1789134873774606,0.0074443817138671875,-0.0543876513838768,1
1789134873774606,0.0074443817138671875,-0.0543876513838768,1
1789134873810606,0.006566524505615234,-0.05332385003566742,1
1789134873822606,-0.005860447883605957,-0.053064629435539246,1
1789134873834606,0.03265547752380371,-0.052673857659101486,1
1789134873834606,0.03265547752380371,-0.052673857659101486,1
1789134873834606,0.03265547752380371,-0.052673857659101486,1
1789134873858606,-0.005341053009033203,-0.05198054760694504,1
1789134873858606,-0.005341053009033203,-0.05198054760694504,1
1789134873882606,0.016065359115600586,-0.05121591314673424,1
1789134873894606,0.006329774856567383,-0.05094895511865616,1
1789134873894606,0.006329774856567383,-0.05094895511865616,1
1789134873894606,0.006329774856567383,-0.05094895511865616,1
1789134873894606,0.006329774856567383,-0.05094895511865616,1
1789134873894606,0.006329774856567383,-0.05094895511865616,1
1789134873942606,0.011231780052185059,-0.04955115169286728,1
1789134873954606,-0.010399103164672852,-0.049002744257450104,1
1789134873954606,-0.010399103164672852,-0.049002744257450104,1
1789134873954606,-0.010399103164672852,-0.049002744257450104,1
1789134873978606,-0.030820369720458984,-0.048076581209897995,1
1789134873978606,-0.030820369720458984,-0.048076581209897995,1
1789134874002606,0.0511624813079834,-0.047208305448293686,1
1789134874014606,0.046034812927246094,-0.04698851704597473,1
1789134874014606,0.046034812927246094,-0.04698851704597473,1
1789134874014606,0.046034812927246094,-0.04698851704597473,1
1789134874014606,0.046034812927246094,-0.04698851704597473,1
1789134874050606,0.0037496089935302734,-0.04578328877687454,1
1789134874062606,0.006723880767822266,-0.04544917494058609,1
1789134874074606,0.044965147972106934,-0.04490497708320618,1
1789134874074606,0.044965147972106934,-0.04490497708320618,1
1789134874074606,0.044965147972106934,-0.04490497708320618,1
1789134874074606,0.044965147972106934,-0.04490497708320618,1
1789134874110606,0.07651853561401367,-0.04394721984863281,1
1789134874122606,0.03125202655792236,-0.04337628185749054,1
1789134874134606,0.02949237823486328,-0.04308265075087547,1
1789134874134606,0.02949237823486328,-0.04308265075087547,1
1789134874134606,0.02949237823486328,-0.04308265075087547,1
1789134874134606,0.02949237823486328,-0.04308265075087547,1
1789134874134606,0.02949237823486328,-0.04308265075087547,1
1789134874182606,-0.016010642051696777,-0.041041165590286255,1
1789134874194606,0.0176621675491333,-0.040337152779102325,1
1789134874194606,0.0176621675491333,-0.040337152779102325,1
1789134874206606,0.001396775245666504,-0.039984118193387985,1
1789134874206606,0.001396775245666504,-0.039984118193387985,1
1789134874206606,0.001396775245666504,-0.039984118193387985,1
1789134874242606,-0.07276248931884766,-0.037820469588041306,1
1789134874254606,-0.07538998126983643,-0.03729146346449852,1
1789134874254606,-0.07538998126983643,-0.03729146346449852,1
1789134874254606,-0.07538998126983643,-0.03729146346449852,1
1789134874254606,-0.07538998126983643,-0.03729146346449852,1
1789134874254606,-0.07538998126983643,-0.03729146346449852,1
1789134874302606,-0.059044599533081055,-0.03399209305644035,1
1789134874314606,-0.009292364120483398,-0.033022038638591766,1
1789134874314606,-0.009292364120483398,-0.033022038638591766,1
1789134874314606,-0.009292364120483398,-0.033022038638591766,1
1789134874338606,0.007258415222167969,-0.03173021227121353,1
1789134874338606,0.007258415222167969,-0.03173021227121353,1
1789134874362606,-0.024739861488342285,-0.03029855154454708,1
1789134874374606,-0.04400181770324707,-0.029808873310685158,1
1789134874374606,-0.04400181770324707,-0.029808873310685158,1
1789134874374606,-0.04400181770324707,-0.029808873310685158,1
1789134874374606,-0.04400181770324707,-0.029808873310685158,1
1789134874374606,-0.04400181770324707,-0.029808873310685158,1
1789134874422606,-0.07889819145202637,-0.02628372237086296,1
1789134874434606,-0.024069905281066895,-0.025278566405177116,1
1789134874434606,-0.024069905281066895,-0.025278566405177116,1
1789134874434606,-0.024069905281066895,-0.025278566405177116,1
1789134874434606,-0.024069905281066895,-0.025278566405177116,1
1789134874470606,0.04941999912261963,-0.023527560755610466,1
1789134874482606,0.0714026689529419,-0.02281833440065384,1
1789134874494606,0.11302781105041504,-0.022491684183478355,1
1789134874494606,0.11302781105041504,-0.022491684183478355,1
1789134874494606,0.11302781105041504,-0.022491684183478355,1
1789134874494606,0.11302781105041504,-0.022491684183478355,1
1789134874494606,0.11302781105041504,-0.022491684183478355,1
1789134874542606,-0.011769533157348633,-0.020270071923732758,1
1789134874554606,-0.03288090229034424,-0.019355816766619682,1
1789134874554606,-0.03288090229034424,-0.019355816766619682,1
1789134874554781,-0.03288090229034424,-0.019355816766619682,1
1789134874554781,-0.03288090229034424,-0.019355816766619682,1
1789134874554781,-0.03288090229034424,-0.019355816766619682,1
1789134874602781,-0.09532773494720459,-0.01630236953496933,1
1789134874614781,-0.06359589099884033,-0.015730151906609535,1
1789134874614781,-0.06359589099884033,-0.015730151906609535,1
1789134874614781,-0.06359589099884033,-0.015730151906609535,1
1789134874638781,-0.038977622985839844,-0.014282824471592903,1
1789134874638781,-0.038977622985839844,-0.014282824471592903,1
1789134874662781,-0.043538570404052734,-0.012713407166302204,1
1789134874674781,0.00044608116149902344,-0.011734831146895885,1
1789134874674781,0.00044608116149902344,-0.011734831146895885,1
1789134874674781,0.00044608116149902344,-0.011734831146895885,1
1789134874674781,0.00044608116149902344,-0.011734831146895885,1
1789134874674781,0.00044608116149902344,-0.011734831146895885,1
1789134874722781,-0.037323951721191406,-0.008563038893043995,1
1789134874734781,-0.012539863586425781,-0.00807194598019123,1
1789134874734781,-0.012539863586425781,-0.00807194598019123,1
1789134874734781,-0.012539863586425781,-0.00807194598019123,1
1789134874734781,-0.012539863586425781,-0.00807194598019123,1
1789134874770781,-0.02473437786102295,-0.005637052468955517,1
1789134874782781,-0.031060218811035156,-0.005112756509333849,1
1789134874794781,-0.04644775390625,-0.004099616780877113,1
1789134874794781,-0.04644775390625,-0.004099616780877113,1
1789134874794781,-0.04644775390625,-0.004099616780877113,1
1789134874794781,-0.04644775390625,-0.004099616780877113,1
1789134874794781,-0.04644775390625,-0.004099616780877113,1
1789134874842781,-0.025386333465576172,-0.0005617960123345256,1
1789134874854781,-0.013109564781188965,-6.0455331549746916e-05,1
1789134874854781,-0.013109564781188965,-6.0455331549746916e-05,1
1789134874866781,0.018823623657226562,0.0008791470318101346,1
1789134874866781,0.018823623657226562,0.0008791470318101346,1
1789134874866781,0.018823623657226562,0.0008791470318101346,1
1789134874902781,0.01568424701690674,0.0025457649026066065,1
1789134874914781,-0.028017282485961914,0.0034810551442205906,1
1789134874914781,-0.028017282485961914,0.0034810551442205906,1
1789134874914781,-0.028017282485961914,0.0034810551442205906,1
1789134874914781,-0.028017282485961914,0.0034810551442205906,1
1789134874914781,-0.028017282485961914,0.0034810551442205906,1
1789134874962781,0.040096402168273926,0.006080346647650003,1
1789134874974781,0.03175985813140869,0.006482657976448536,1
1789134874974781,0.03175985813140869,0.006482657976448536,1
1789134874974781,0.03175985813140869,0.006482657976448536,1
1789134874998781,0.01573503017425537,0.007652572821825743,1
1789134874998781,0.01573503017425537,0.007652572821825743,1
1789134875022781,-0.03038954734802246,0.009028073400259018,1
1789134875034781,-0.05938458442687988,0.010010411031544209,1
1789134875034781,-0.05938458442687988,0.010010411031544209,1
1789134875034781,-0.05938458442687988,0.010010411031544209,1
1789134875034781,-0.05938458442687988,0.010010411031544209,1
1789134875034781,-0.05938458442687988,0.010010411031544209,1
1789134875082781,-0.041997313499450684,0.013353923335671425,1
1789134875094781,-0.02457737922668457,0.013860882259905338,1
1789134875094781,-0.02457737922668457,0.013860882259905338,1
1789134875094781,-0.02457737922668457,0.013860882259905338,1
1789134875094781,-0.02457737922668457,0.013860882259905338,1
1789134875130781,-0.09120666980743408,0.016493620350956917,1
1789134875142781,-0.09561371803283691,0.017160048708319664,1
1789134875154781,-0.03722059726715088,0.018433846533298492,1
1789134875154781,-0.03722059726715088,0.018433846533298492,1
1789134875154781,-0.03722059726715088,0.018433846533298492,1
1789134875154781,-0.03722059726715088,0.018433846533298492,1
1789134875154781,-0.03722059726715088,0.018433846533298492,1
1789134875202781,-0.041626930236816406,0.021810458973050117,1
1789134875214781,-0.05475139617919922,0.02238445170223713,1
1789134875214781,-0.05475139617919922,0.02238445170223713,1
1789134875214781,-0.05475139617919922,0.02238445170223713,1
1789134875214781,-0.05475139617919922,0.02238445170223713,1
1789134875214781,-0.05475139617919922,0.02238445170223713,1
1789134875262781,-0.012491941452026367,0.025244062766432762,1
1789134875274781,-0.006386518478393555,0.026158876717090607,1
1789134875274781,-0.006386518478393555,0.026158876717090607,1
1789134875274781,-0.006386518478393555,0.026158876717090607,1
1789134875298781,0.003520369529724121,0.027493584901094437,1
1789134875298781,0.003520369529724121,0.027493584901094437,1
1789134875322781,0.051012516021728516,0.028650270774960518,1
1789134875334781,0.05299520492553711,0.02899586781859398,1
1789134875334781,0.05299520492553711,0.02899586781859398,1
1789134875334781,0.05299520492553711,0.02899586781859398,1
1789134875334781,0.05299520492553711,0.02899586781859398,1
1789134875334781,0.05299520492553711,0.02899586781859398,1
1789134875382781,-0.015566587448120117,0.031157230958342552,1
1789134875394781,-0.035502076148986816,0.03203842043876648,1
1789134875394781,-0.035502076148986816,0.03203842043876648,1
1789134875394781,-0.035502076148986816,0.03203842043876648,1
1789134875394781,-0.035502076148986816,0.03203842043876648,1
1789134875430781,0.01745283603668213,0.033758021891117096,1
1789134875442781,0.024312615394592285,0.03448348492383957,1
1789134875454781,0.05564296245574951,0.03481455147266388,1
1789134875454781,0.05564296245574951,0.03481455147266388,1
1789134875454781,0.05564296245574951,0.03481455147266388,1
1789134875454781,0.05564296245574951,0.03481455147266388,1
1789134875454781,0.05564296245574951,0.03481455147266388,1
1789134875502781,-0.0038679838180541992,0.03687974438071251,1
1789134875514781,-0.03364872932434082,0.03772011399269104,1
1789134875514781,-0.03364872932434082,0.03772011399269104,1
1789134875526781,-0.030149102210998535,0.03815491870045662,1
1789134875526781,-0.030149102210998535,0.03815491870045662,1
1789134875526781,-0.030149102210998535,0.03815491870045662,1
1789134875562781,0.005365729331970215,0.04010758176445961,1
1789134875574781,0.0005537271499633789,0.0404944010078907,1
1789134875574955,0.0005537271499633789,0.0404944010078907,1
1789134875574955,0.0005537271499633789,0.0404944010078907,1
1789134875574955,0.0005537271499633789,0.0404944010078907,1
1789134875574955,0.0005537271499633789,0.0404944010078907,1
1789134875622955,-0.009502887725830078,0.042593639343976974,1
1789134875634955,0.04229998588562012,0.04328753799200058,1
1789134875634955,0.04229998588562012,0.04328753799200058,1
1789134875634955,0.04229998588562012,0.04328753799200058,1
1789134875658955,-0.010351300239562988,0.04429328069090843,1
1789134875658955,-0.010351300239562988,0.04429328069090843,1
1789134875682955,0.0324399471282959,0.04540006071329117,1
1789134875694955,0.020780205726623535,0.04570912569761276,1
1789134875694955,0.020780205726623535,0.04570912569761276,1
1789134875694955,0.020780205726623535,0.04570912569761276,1
1789134875694955,0.020780205726623535,0.04570912569761276,1
1789134875694955,0.020780205726623535,0.04570912569761276,1
1789134875742955,-0.0056771039962768555,0.04775138944387436,1
1789134875754955,-0.0030437707901000977,0.0485369972884655,1
1789134875754955,-0.0030437707901000977,0.0485369972884655,1
1789134875754955,-0.0030437707901000977,0.0485369972884655,1
1789134875754955,-0.0030437707901000977,0.0485369972884655,1
1789134875790955,0.0573887825012207,0.049787212163209915,1
1789134875802955,0.09299933910369873,0.05022409185767174,1
1789134875814955,0.12963616847991943,0.05041573941707611,1
1789134875814955,0.12963616847991943,0.05041573941707611,1
1789134875814955,0.12963616847991943,0.05041573941707611,1
1789134875814955,0.12963616847991943,0.05041573941707611,1
1789134875814955,0.12963616847991943,0.05041573941707611,1
1789134875862955,0.03670191764831543,0.05185253545641899,1
1789134875874955,0.034330129623413086,0.05252821370959282,1
1789134875874955,0.034330129623413086,0.05252821370959282,1
1789134875874955,0.034330129623413086,0.05252821370959282,1
1789134875874955,0.034330129623413086,0.05252821370959282,1
1789134875874955,0.034330129623413086,0.05252821370959282,1
1789134875922955,0.0604633092880249,0.05402067303657532,1
1789134875934955,0.09317576885223389,0.054295845329761505,1
1789134875934955,0.09317576885223389,0.054295845329761505,1
1789134875934955,0.09317576885223389,0.054295845329761505,1
1789134875958955,0.060487985610961914,0.055021483451128006,1
1789134875958955,0.060487985610961914,0.055021483451128006,1
1789134875982955,0.0965878963470459,0.05593668669462204,1
1789134875994955,0.14281845092773438,0.05639028176665306,1
1789134875994955,0.14281845092773438,0.05639028176665306,1
1789134875994955,0.14281845092773438,0.05639028176665306,1
1789134875994955,0.14281845092773438,0.05639028176665306,1
1789134875994955,0.14281845092773438,0.05639028176665306,1
1789134876042955,0.010396003723144531,0.05826330929994583,1
1789134876054955,-0.010998010635375977,0.05866611376404762,1
1789134876054955,-0.010998010635375977,0.05866611376404762,1
1789134876054955,-0.010998010635375977,0.05866611376404762,1
1789134876054955,-0.010998010635375977,0.05866611376404762,1
1789134876090955,0.050907015800476074,0.06063896790146828,1
1789134876102955,0.032729387283325195,0.06105035915970802,1
1789134876114955,0.07371079921722412,0.06176866218447685,1
1789134876114955,0.07371079921722412,0.06176866218447685,1
1789134876114955,0.07371079921722412,0.06176866218447685,1
1789134876114955,0.07371079921722412,0.06176866218447685,1
1789134876114955,0.07371079921722412,0.06176866218447685,1
1789134876162955,0.050072669982910156,0.06380561739206314,1
1789134876174955,0.032074809074401855,0.06422998011112213,1
1789134876174955,0.032074809074401855,0.06422998011112213,1
1789134876186955,0.11394965648651123,0.06493697315454483,1
1789134876186955,0.11394965648651123,0.06493697315454483,1
1789134876186955,0.11394965648651123,0.06493697315454483,1
1789134876222955,-0.005764007568359375,0.06669190526008606,1
1789134876234955,0.011281251907348633,0.06762663275003433,1
1789134876234955,0.011281251907348633,0.06762663275003433,1
1789134876234955,0.011281251907348633,0.06762663275003433,1
1789134876234955,0.011281251907348633,0.06762663275003433,1
1789134876234955,0.011281251907348633,0.06762663275003433,1
1789134876282955,0.12208425998687744,0.07008206844329834,1
1789134876294955,0.15791475772857666,0.07041232287883759,1
1789134876294955,0.15791475772857666,0.07041232287883759,1
1789134876294955,0.15791475772857666,0.07041232287883759,1
1789134876318955,0.09377837181091309,0.07144135236740112,1
1789134876318955,0.09377837181091309,0.07144135236740112,1
1789134876342955,0.1822340488433838,0.07248149812221527,1
1789134876354955,0.10094833374023438,0.07299308478832245,1
1789134876354955,0.10094833374023438,0.07299308478832245,1
1789134876354955,0.10094833374023438,0.07299308478832245,1
1789134876354955,0.10094833374023438,0.07299308478832245,1
1789134876354955,0.10094833374023438,0.07299308478832245,1
1789134876402955,0.06811916828155518,0.07541579753160477,1
1789134876414955,0.05658876895904541,0.07577534019947052,1
1789134876414955,0.05658876895904541,0.07577534019947052,1
1789134876414955,0.05658876895904541,0.07577534019947052,1
1789134876414955,0.05658876895904541,0.07577534019947052,1
1789134876450955,0.08975017070770264,0.07740941643714905,1
1789134876462955,0.07593774795532227,0.07777229696512222,1
1789134876474955,0.046718716621398926,0.07850873470306396,1
1789134876474955,0.046718716621398926,0.07850873470306396,1
1789134876474955,0.046718716621398926,0.07850873470306396,1
1789134876474955,0.046718716621398926,0.07850873470306396,1
1789134876474955,0.046718716621398926,0.07850873470306396,1
1789134876522955,0.03012526035308838,0.08109819889068604,1
1789134876534955,0.01387941837310791,0.08153574168682098,1
1789134876534955,0.01387941837310791,0.08153574168682098,1
1789134876534955,0.01387941837310791,0.08153574168682098,1
1789134876534955,0.01387941837310791,0.08153574168682098,1
1789134876534955,0.01387941837310791,0.08153574168682098,1
1789134876583129,-0.00583338737487793,0.08398328721523285,1
1789134876595129,0.003005385398864746,0.08485303074121475,1
1789134876595129,0.003005385398864746,0.08485303074121475,1
1789134876595129,0.003005385398864746,0.08485303074121475,1
1789134876619129,-0.006983280181884766,0.08608493208885193,1
1789134876619129,-0.006983280181884766,0.08608493208885193,1
1789134876643129,0.03419053554534912,0.08724280446767807,1
1789134876655129,0.08130085468292236,0.08755957335233688,1
1789134876655129,0.08130085468292236,0.08755957335233688,1
1789134876655129,0.08130085468292236,0.08755957335233688,1
1789134876655129,0.08130085468292236,0.08755957335233688,1
1789134876655129,0.08130085468292236,0.08755957335233688,1
1789134876703129,0.03506886959075928,0.08940230309963226,1
1789134876715129,-0.0032434463500976562,0.09012112021446228,1
1789134876715129,-0.0032434463500976562,0.09012112021446228,1
1789134876715129,-0.0032434463500976562,0.09012112021446228,1
1789134876715129,-0.0032434463500976562,0.09012112021446228,1
1789134876751129,0.040323615074157715,0.09163074940443039,1
1789134876763129,0.028017759323120117,0.09225478768348694,1
1789134876775129,0.07093393802642822,0.09255030751228333,1
1789134876775129,0.07093393802642822,0.09255030751228333,1
1789134876775129,0.07093393802642822,0.09255030751228333,1
1789134876775129,0.07093393802642822,0.09255030751228333,1
1789134876775129,0.07093393802642822,0.09255030751228333,1
1789134876823129,-0.007976770401000977,0.09444952011108398,1
1789134876835129,-0.05331742763519287,0.09517721086740494,1
1789134876835129,-0.05331742763519287,0.09517721086740494,1
1789134876847129,-0.07480430603027344,0.09562359750270844,1
1789134876859129,-0.04809749126434326,0.09648429602384567,1
1789134876859129,-0.04809749126434326,0.09648429602384567,1
1789134876883129,-0.013094902038574219,0.0974927768111229,1
1789134876895129,0.0017158985137939453,0.09783269464969635,1
1789134876895129,0.0017158985137939453,0.09783269464969635,1
1789134876895129,0.0017158985137939453,0.09783269464969635,1
1789134876895129,0.0017158985137939453,0.09783269464969635,1
1789134876895129,0.0017158985137939453,0.09783269464969635,1
1789134876943129,-0.022497057914733887,0.09974893182516098,1
1789134876955129,-0.019521117210388184,0.10035144537687302,1
1789134876955129,-0.019521117210388184,0.10035144537687302,1
1789134876955129,-0.019521117210388184,0.10035144537687302,1
1789134876979129,-0.007323503494262695,0.101202592253685,1
1789134876979129,-0.007323503494262695,0.101202592253685,1
1789134877003129,0.0344853401184082,0.10176952183246613,1
1789134877015129,0.019501924514770508,0.10195352882146835,1
1789134877015129,0.019501924514770508,0.10195352882146835,1
1789134877015129,0.019501924514770508,0.10195352882146835,1
1789134877015129,0.019501924514770508,0.10195352882146835,1
1789134877051129,-0.017581582069396973,0.10287248343229294,1
1789134877063129,-0.008116006851196289,0.10306011885404587,1
1789134877075129,-0.02036428451538086,0.10341213643550873,1
1789134877075129,-0.02036428451538086,0.10341213643550873,1
1789134877075129,-0.02036428451538086,0.10341213643550873,1
1789134877075129,-0.02036428451538086,0.10341213643550873,1
1789134877111129,0.07251107692718506,0.10361170768737793,1
1789134877123129,0.06553292274475098,0.10362633317708969,1
1789134877135129,0.020290255546569824,0.10366847366094589,1
1789134877135129,0.020290255546569824,0.10366847366094589,1
1789134877135129,0.020290255546569824,0.10366847366094589,1
1789134877135129,0.020290255546569824,0.10366847366094589,1
1789134877135129,0.020290255546569824,0.10366847366094589,1
1789134877183129,0.04380977153778076,0.10391097515821457,1
1789134877195129,0.04853677749633789,0.10390511900186539,1
1789134877195129,0.04853677749633789,0.10390511900186539,1
1789134877195129,0.04853677749633789,0.10390511900186539,1
1789134877195129,0.04853677749633789,0.10390511900186539,1
1789134877195129,0.04853677749633789,0.10390511900186539,1
1789134877243129,0.016985177993774414,0.10391512513160706,1
1789134877255129,0.010741591453552246,0.10393685847520828,1
1789134877255129,0.010741591453552246,0.10393685847520828,1
1789134877255129,0.010741591453552246,0.10393685847520828,1
1789134877279129,0.03498518466949463,0.1039358526468277,1
1789134877279129,0.03498518466949463,0.1039358526468277,1
1789134877303129,0.02465689182281494,0.10390938818454742,1
1789134877315129,0.037165284156799316,0.10384570062160492,1
1789134877315129,0.037165284156799316,0.10384570062160492,1
1789134877315129,0.037165284156799316,0.10384570062160492,1
1789134877315129,0.037165284156799316,0.10384570062160492,1
1789134877315129,0.037165284156799316,0.10384570062160492,1
1789134877363129,0.05652415752410889,0.10338273644447327,1
1789134877375129,0.055304765701293945,0.1032881960272789,1
1789134877375129,0.055304765701293945,0.1032881960272789,1
1789134877375129,0.055304765701293945,0.1032881960272789,1
1789134877375129,0.055304765701293945,0.1032881960272789,1
1789134877411129,0.06654918193817139,0.1027156263589859,1
1789134877423129,0.07564055919647217,0.10254959762096405,1
1789134877435129,0.06872212886810303,0.10224147140979767,1
1789134877435129,0.06872212886810303,0.10224147140979767,1
1789134877435129,0.06872212886810303,0.10224147140979767,1
1789134877435129,0.06872212886810303,0.10224147140979767,1
1789134877435129,0.06872212886810303,0.10224147140979767,1
1789134877483129,0.05068790912628174,0.10127577930688858,1
1789134877495129,0.010046124458312988,0.10114432871341705,1
1789134877495129,0.010046124458312988,0.10114432871341705,1
1789134877507129,0.004306435585021973,0.10091415792703629,1
1789134877507129,0.004306435585021973,0.10091415792703629,1
1789134877507129,0.004306435585021973,0.10091415792703629,1
1789134877543129,0.0238339900970459,0.10042441636323929,1
1789134877555129,0.03374040126800537,0.10011641681194305,1
1789134877555129,0.03374040126800537,0.10011641681194305,1
1789134877555129,0.03374040126800537,0.10011641681194305,1
1789134877555129,0.03374040126800537,0.10011641681194305,1
1789134877555302,0.03374040126800537,0.10011641681194305,1
1789134877603302,0.08183634281158447,0.09875152260065079,1
1789134877615302,0.07355999946594238,0.09848827868700027,1
1789134877615302,0.07355999946594238,0.09848827868700027,1
1789134877615302,0.07355999946594238,0.09848827868700027,1
1789134877639302,0.05929005146026611,0.09777574241161346,1
1789134877639302,0.05929005146026611,0.09777574241161346,1
1789134877663302,0.0466841459274292,0.09707984328269958,1
1789134877675302,0.06865215301513672,0.09660288691520691,1
1789134877675302,0.06865215301513672,0.09660288691520691,1
1789134877675302,0.06865215301513672,0.09660288691520691,1
1789134877675302,0.06865215301513672,0.09660288691520691,1
1789134877675302,0.06865215301513672,0.09660288691520691,1
1789134877723302,0.08986425399780273,0.09475786238908768,1
1789134877735302,0.06758749485015869,0.09442916512489319,1
1789134877735302,0.06758749485015869,0.09442916512489319,1
1789134877735302,0.06758749485015869,0.09442916512489319,1
1789134877735302,0.06758749485015869,0.09442916512489319,1
1789134877771302,0.07166075706481934,0.09290735423564911,1
1789134877783302,0.07860612869262695,0.09256847947835922,1
1789134877795302,0.07198178768157959,0.09190382808446884,1
1789134877795302,0.07198178768157959,0.09190382808446884,1
1789134877795302,0.07198178768157959,0.09190382808446884,1
1789134877795302,0.07198178768157959,0.09190382808446884,1
1789134877795302,0.07198178768157959,0.09190382808446884,1
1789134877843302,0.03023052215576172,0.09003397822380066,1
1789134877855302,0.029395222663879395,0.08975716680288315,1
1789134877855302,0.029395222663879395,0.08975716680288315,1
1789134877855302,0.029395222663879395,0.08975716680288315,1
1789134877855302,0.029395222663879395,0.08975716680288315,1
1789134877855302,0.029395222663879395,0.08975716680288315,1
1789134877903302,0.08188283443450928,0.08794818818569183,1
1789134877915302,0.06281733512878418,0.0872621014714241,1
1789134877915302,0.06281733512878418,0.0872621014714241,1
1789134877915302,0.06281733512878418,0.0872621014714241,1
1789134877939302,0.05467081069946289,0.08631104230880737,1
1789134877939302,0.05467081069946289,0.08631104230880737,1
1789134877963302,0.06884026527404785,0.08528920263051987,1
1789134877975302,0.05000102519989014,0.08495680242776871,1
1789134877975302,0.05000102519989014,0.08495680242776871,1
1789134877975302,0.05000102519989014,0.08495680242776871,1
1789134877975302,0.05000102519989014,0.08495680242776871,1
1789134877975302,0.05000102519989014,0.08495680242776871,1
1789134878023302,0.06688368320465088,0.0827706828713417,1
1789134878035302,0.07395017147064209,0.0820101946592331,1
1789134878035302,0.07395017147064209,0.0820101946592331,1
1789134878035302,0.07395017147064209,0.0820101946592331,1
1789134878035302,0.07395017147064209,0.0820101946592331,1
1789134878071302,0.048253655433654785,0.08036258071660995,1
1789134878083302,0.06437516212463379,0.0795121118426323,1
1789134878095302,0.06221723556518555,0.07911603897809982,1
1789134878095302,0.06221723556518555,0.07911603897809982,1
1789134878095302,0.06221723556518555,0.07911603897809982,1
1789134878095302,0.06221723556518555,0.07911603897809982,1
1789134878095302,0.06221723556518555,0.07911603897809982,1
1789134878143302,0.11170148849487305,0.07622435688972473,1
1789134878155302,0.08500301837921143,0.07522789388895035,1
1789134878155302,0.08500301837921143,0.07522789388895035,1
1789134878167302,0.07579219341278076,0.07478851824998856,1
1789134878167302,0.07579219341278076,0.07478851824998856,1
1789134878167302,0.07579219341278076,0.07478851824998856,1
1789134878203302,0.07184302806854248,0.07247068732976913,1
1789134878215302,0.07575535774230957,0.07200854271650314,1
1789134878215302,0.07575535774230957,0.07200854271650314,1
1789134878215302,0.07575535774230957,0.07200854271650314,1
1789134878215302,0.07575535774230957,0.07200854271650314,1
1789134878215302,0.07575535774230957,0.07200854271650314,1
1789134878263302,0.10760068893432617,0.0693376436829567,1
1789134878275302,0.07657313346862793,0.06842415779829025,1
1789134878275302,0.07657313346862793,0.06842415779829025,1
1789134878275302,0.07657313346862793,0.06842415779829025,1
1789134878299302,0.03605544567108154,0.06724189221858978,1
1789134878299302,0.03605544567108154,0.06724189221858978,1
1789134878323302,0.062122225761413574,0.06607182323932648,1
1789134878335302,0.08027541637420654,0.06563691794872284,1
1789134878335302,0.08027541637420654,0.06563691794872284,1
1789134878335302,0.08027541637420654,0.06563691794872284,1
1789134878335302,0.08027541637420654,0.06563691794872284,1
1789134878335302,0.08027541637420654,0.06563691794872284,1
1789134878383302,0.10707175731658936,0.062687449157238,1
1789134878395302,0.06150221824645996,0.061747435480356216,1
1789134878395302,0.06150221824645996,0.061747435480356216,1
1789134878395302,0.06150221824645996,0.061747435480356216,1
1789134878395302,0.06150221824645996,0.061747435480356216,1
1789134878431302,0.02850663661956787,0.060131240636110306,1
1789134878443302,0.03887319564819336,0.05932435765862465,1
1789134878455302,0.07803308963775635,0.058885153383016586,1
1789134878455302,0.07803308963775635,0.058885153383016586,1
1789134878455302,0.07803308963775635,0.058885153383016586,1
1789134878455302,0.07803308963775635,0.058885153383016586,1
1789134878455302,0.07803308963775635,0.058885153383016586,1
1789134878503302,0.1591721773147583,0.055567458271980286,1
1789134878515302,0.1300208568572998,0.05434713140130043,1
1789134878515302,0.1300208568572998,0.05434713140130043,1
1789134878515302,0.1300208568572998,0.05434713140130043,1
1789134878515302,0.1300208568572998,0.05434713140130043,1
1789134878515302,0.1300208568572998,0.05434713140130043,1
1789134878563302,0.10662972927093506,0.051144879311323166,1
1789134878575302,0.08983123302459717,0.05061658099293709,1
1789134878575302,0.08983123302459717,0.05061658099293709,1
1789134878575476,0.08983123302459717,0.05061658099293709,1
1789134878575476,0.08983123302459717,0.05061658099293709,1
1789134878575476,0.08983123302459717,0.05061658099293709,1
1789134878623476,0.11469388008117676,0.047226015478372574,1
1789134878635476,0.09699046611785889,0.04613563418388367,1
1789134878635476,0.09699046611785889,0.04613563418388367,1
1789134878635476,0.09699046611785889,0.04613563418388367,1
1789134878635476,0.09699046611785889,0.04613563418388367,1
1789134878635476,0.09699046611785889,0.04613563418388367,1
1789134878683476,0.08611774444580078,0.043370772153139114,1
1789134878695476,0.037484169006347656,0.04293985292315483,1
1789134878695476,0.037484169006347656,0.04293985292315483,1
1789134878695476,0.037484169006347656,0.04293985292315483,1
1789134878695476,0.037484169006347656,0.04293985292315483,1
1789134878731476,0.05116868019104004,0.041007060557603836,1
1789134878743476,0.06744253635406494,0.04059824347496033,1
1789134878755476,0.0390242338180542,0.03982966020703316,1
1789134878755476,0.0390242338180542,0.03982966020703316,1
1789134878755476,0.0390242338180542,0.03982966020703316,1
1789134878755476,0.0390242338180542,0.03982966020703316,1
1789134878755476,0.0390242338180542,0.03982966020703316,1
1789134878803476,0.06081187725067139,0.03763985261321068,1
1789134878815476,0.03993332386016846,0.03727046400308609,1
1789134878815476,0.03993332386016846,0.03727046400308609,1
1789134878827476,0.0325465202331543,0.03654216602444649,1
1789134878827476,0.0325465202331543,0.03654216602444649,1
1789134878827476,0.0325465202331543,0.03654216602444649,1
1789134878863476,0.07153010368347168,0.03509216755628586,1
1789134878875476,0.07358253002166748,0.03422500938177109,1
1789134878875476,0.07358253002166748,0.03422500938177109,1
1789134878875476,0.07358253002166748,0.03422500938177109,1
1789134878875476,0.07358253002166748,0.03422500938177109,1
1789134878875476,0.07358253002166748,0.03422500938177109,1
1789134878923476,0.00934600830078125,0.03222095966339111,1
1789134878935476,0.009603500366210938,0.031907252967357635,1
1789134878935476,0.009603500366210938,0.031907252967357635,1
1789134878935476,0.009603500366210938,0.031907252967357635,1
1789134878959476,0.04243314266204834,0.030898697674274445,1
1789134878959476,0.04243314266204834,0.030898697674274445,1
1789134878983476,0.011425971984863281,0.029931889846920967,1
1789134878995476,0.011623263359069824,0.02934725023806095,1
1789134878995476,0.011623263359069824,0.02934725023806095,1
1789134878995476,0.011623263359069824,0.02934725023806095,1
1789134878995476,0.011623263359069824,0.02934725023806095,1
1789134878995476,0.011623263359069824,0.02934725023806095,1
1789134879043476,0.04523313045501709,0.027265356853604317,1
1789134879055476,0.020302653312683105,0.02691998891532421,1
1789134879055476,0.020302653312683105,0.02691998891532421,1
1789134879055476,0.020302653312683105,0.02691998891532421,1
1789134879055476,0.020302653312683105,0.02691998891532421,1
1789134879091476,0.05651569366455078,0.025094782933592796,1
1789134879103476,0.044535040855407715,0.02467671036720276,1
1789134879115476,-0.04949796199798584,0.02406274527311325,1
1789134879115476,-0.04949796199798584,0.02406274527311325,1
1789134879115476,-0.04949796199798584,0.02406274527311325,1
1789134879115476,-0.04949796199798584,0.02406274527311325,1
1789134879115476,-0.04949796199798584,0.02406274527311325,1
1789134879163476,0.04022574424743652,0.022008247673511505,1
1789134879175476,0.030992746353149414,0.02162560075521469,1
1789134879175476,0.030992746353149414,0.02162560075521469,1
1789134879175476,0.030992746353149414,0.02162560075521469,1
1789134879175476,0.030992746353149414,0.02162560075521469,1
1789134879175476,0.030992746353149414,0.02162560075521469,1
1789134879223476,0.03989112377166748,0.01942988857626915,1
1789134879235476,0.0999448299407959,0.01850629784166813,1
1789134879235476,0.0999448299407959,0.01850629784166813,1
1789134879235476,0.0999448299407959,0.01850629784166813,1
1789134879259476,0.05826854705810547,0.017096437513828278,1
1789134879259476,0.05826854705810547,0.017096437513828278,1
1789134879283476,0.06445872783660889,0.01568560115993023,1
1789134879295476,0.08204400539398193,0.015221815556287766,1
1789134879295476,0.08204400539398193,0.015221815556287766,1
1789134879295476,0.08204400539398193,0.015221815556287766,1
1789134879295476,0.08204400539398193,0.015221815556287766,1
1789134879295476,0.08204400539398193,0.015221815556287766,1
1789134879343476,0.07593393325805664,0.012266645208001137,1
1789134879355476,0.03318917751312256,0.01137192826718092,1
1789134879355476,0.03318917751312256,0.01137192826718092,1
1789134879355476,0.03318917751312256,0.01137192826718092,1
1789134879355476,0.03318917751312256,0.01137192826718092,1
1789134879391476,0.044632792472839355,0.00969713181257248,1
1789134879403476,0.0587773323059082,0.008772960864007473,1
1789134879415476,0.04276537895202637,0.008341065607964993,1
1789134879415476,0.04276537895202637,0.008341065607964993,1
1789134879415476,0.04276537895202637,0.008341065607964993,1
1789134879415476,0.04276537895202637,0.008341065607964993,1
1789134879415476,0.04276537895202637,0.008341065607964993,1
1789134879463476,0.03446459770202637,0.005654652137309313,1
1789134879475476,0.03196132183074951,0.004868252202868462,1
1789134879475476,0.03196132183074951,0.004868252202868462,1
1789134879487476,0.042049527168273926,0.004474741872400045,1
1789134879487476,0.042049527168273926,0.004474741872400045,1
1789134879487476,0.042049527168273926,0.004474741872400045,1
1789134879523476,0.03417205810546875,0.0025442554615437984,1
1789134879535476,0.025682926177978516,0.0021595354191958904,1
1789134879535476,0.025682926177978516,0.0021595354191958904,1
1789134879535476,0.025682926177978516,0.0021595354191958904,1
1789134879535476,0.025682926177978516,0.0021595354191958904,1
1789134879535476,0.025682926177978516,0.0021595354191958904,1
1789134879583476,0.08743631839752197,-0.0004033826116938144,1
1789134879595476,0.09396564960479736,-0.0013963660458102822,1
1789134879595649,0.09396564960479736,-0.0013963660458102822,1
1789134879595649,0.09396564960479736,-0.0013963660458102822,1
1789134879619649,0.02030813694000244,-0.002553992671892047,1
1789134879619649,0.02030813694000244,-0.002553992671892047,1
1789134879643649,0.013934135437011719,-0.0035882792435586452,1
1789134879655649,-0.007122993469238281,-0.003909038379788399,1
1789134879655649,-0.007122993469238281,-0.003909038379788399,1
1789134879655649,-0.007122993469238281,-0.003909038379788399,1
1789134879655649,-0.007122993469238281,-0.003909038379788399,1
1789134879655649,-0.007122993469238281,-0.003909038379788399,1
1789134879703649,0.0014940500259399414,-0.005913999862968922,1
1789134879715649,-0.009246349334716797,-0.00654191616922617,1
1789134879715649,-0.009246349334716797,-0.00654191616922617,1
1789134879715649,-0.009246349334716797,-0.00654191616922617,1
1789134879715649,-0.009246349334716797,-0.00654191616922617,1
1789134879751649,-0.011863946914672852,-0.007738360203802586,1
1789134879763649,-0.004962563514709473,-0.008341633714735508,1
1789134879775649,-0.002361774444580078,-0.008651450276374817,1
1789134879775649,-0.002361774444580078,-0.008651450276374817,1
1789134879775649,-0.002361774444580078,-0.008651450276374817,1
1789134879775649,-0.002361774444580078,-0.008651450276374817,1
1789134879775649,-0.002361774444580078,-0.008651450276374817,1
1789134879823649,0.025377631187438965,-0.010679192841053009,1
1789134879835649,0.032478928565979004,-0.011394986882805824,1
1789134879835649,0.032478928565979004,-0.011394986882805824,1
1789134879835649,0.032478928565979004,-0.011394986882805824,1
1789134879859649,-0.006887555122375488,-0.012377653270959854,1
1789134879859649,-0.006887555122375488,-0.012377653270959854,1
1789134879883649,0.02938544750213623,-0.013358674943447113,1
1789134879895649,0.04437100887298584,-0.01375222485512495,1
1789134879895649,0.04437100887298584,-0.01375222485512495,1
1789134879895649,0.04437100887298584,-0.01375222485512495,1
1789134879919649,-0.04482531547546387,-0.014506489038467407,1
1789134879919649,-0.04482531547546387,-0.014506489038467407,1
1789134879943649,-0.034760355949401855,-0.015225468203425407,1
1789134879955649,-0.04351186752319336,-0.015729263424873352,1
1789134879955649,-0.04351186752319336,-0.015729263424873352,1
1789134879955649,-0.04351186752319336,-0.015729263424873352,1
1789134879955649,-0.04351186752319336,-0.015729263424873352,1
1789134879955649,-0.04351186752319336,-0.015729263424873352,1
1789134880003649,0.01426553726196289,-0.01736554503440857,1
1789134880015649,-0.022058844566345215,-0.017660506069660187,1
1789134880015649,-0.022058844566345215,-0.017660506069660187,1
1789134880015649,-0.022058844566345215,-0.017660506069660187,1
1789134880015649,-0.022058844566345215,-0.017660506069660187,1
1789134880051649,-0.03552138805389404,-0.018958095461130142,1
1789134880063649,-0.012158751487731934,-0.01925237663090229,1
1789134880075649,-0.021175146102905273,-0.01982276514172554,1
1789134880075649,-0.021175146102905273,-0.01982276514172554,1
1789134880075649,-0.021175146102905273,-0.01982276514172554,1
1789134880075649,-0.021175146102905273,-0.01982276514172554,1
1789134880075649,-0.021175146102905273,-0.01982276514172554,1
1789134880123649,-0.02673923969268799,-0.02156829461455345,1
1789134880135649,-0.007231593132019043,-0.02188214659690857,1
1789134880135649,-0.007231593132019043,-0.02188214659690857,1
1789134880135649,-0.007231593132019043,-0.02188214659690857,1
1789134880135649,-0.007231593132019043,-0.02188214659690857,1
1789134880135649,-0.007231593132019043,-0.02188214659690857,1
1789134880183649,-0.07589459419250488,-0.023395245894789696,1
1789134880195649,-0.10785210132598877,-0.023792864754796028,1
1789134880195649,-0.10785210132598877,-0.023792864754796028,1
1789134880195649,-0.10785210132598877,-0.023792864754796028,1
1789134880195649,-0.10785210132598877,-0.023792864754796028,1
1789134880195649,-0.10785210132598877,-0.023792864754796028,1
1789134880243649,0.007126927375793457,-0.025427963584661484,1
1789134880255649,0.020326733589172363,-0.025801053270697594,1
1789134880255649,0.020326733589172363,-0.025801053270697594,1
1789134880255649,0.020326733589172363,-0.025801053270697594,1
1789134880279649,0.02004241943359375,-0.027011841535568237,1
1789134880279649,0.02004241943359375,-0.027011841535568237,1
1789134880303649,-0.0390244722366333,-0.028027409687638283,1
1789134880315649,-0.020419836044311523,-0.02861965447664261,1
1789134880315649,-0.020419836044311523,-0.02861965447664261,1
1789134880315649,-0.020419836044311523,-0.02861965447664261,1
1789134880315649,-0.020419836044311523,-0.02861965447664261,1
1789134880315649,-0.020419836044311523,-0.02861965447664261,1
1789134880363649,0.04296696186065674,-0.031056899577379227,1
1789134880375649,0.016466975212097168,-0.031470105051994324,1
1789134880375649,0.016466975212097168,-0.031470105051994324,1
1789134880375649,0.016466975212097168,-0.031470105051994324,1
1789134880375649,0.016466975212097168,-0.031470105051994324,1
1789134880411649,-0.03411579132080078,-0.03310645371675491,1
1789134880423649,-0.038199663162231445,-0.033416688442230225,1
1789134880435649,-0.0739595890045166,-0.03391313552856445,1
1789134880435649,-0.0739595890045166,-0.03391313552856445,1
1789134880435649,-0.0739595890045166,-0.03391313552856445,1
1789134880435649,-0.0739595890045166,-0.03391313552856445,1
1789134880435649,-0.0739595890045166,-0.03391313552856445,1
1789134880483649,-0.08940267562866211,-0.035128671675920486,1
1789134880495649,-0.06387925148010254,-0.03534630686044693,1
1789134880495649,-0.06387925148010254,-0.03534630686044693,1
1789134880495649,-0.06387925148010254,-0.03534630686044693,1
1789134880495649,-0.06387925148010254,-0.03534630686044693,1
1789134880495649,-0.06387925148010254,-0.03534630686044693,1
1789134880543649,-0.06928062438964844,-0.03660871088504791,1
1789134880555649,-0.03902637958526611,-0.03711938485503197,1
1789134880555649,-0.03902637958526611,-0.03711938485503197,1
1789134880555649,-0.03902637958526611,-0.03711938485503197,1
1789134880579649,-0.04764759540557861,-0.03783320635557175,1
1789134880579649,-0.04764759540557861,-0.03783320635557175,1
1789134880603821,-0.04330623149871826,-0.0387703999876976,1
1789134880615821,-0.05656611919403076,-0.03903468698263168,1
1789134880615821,-0.05656611919403076,-0.03903468698263168,1
1789134880615821,-0.05656611919403076,-0.03903468698263168,1
1789134880615821,-0.05656611919403076,-0.03903468698263168,1
1789134880615821,-0.05656611919403076,-0.03903468698263168,1
1789134880663821,-0.033225059509277344,-0.04088722914457321,1
1789134880675821,-0.06383693218231201,-0.04146426171064377,1
1789134880675821,-0.06383693218231201,-0.04146426171064377,1
1789134880675821,-0.06383693218231201,-0.04146426171064377,1
1789134880675821,-0.06383693218231201,-0.04146426171064377,1
1789134880711821,-0.12437450885772705,-0.04279806464910507,1
1789134880723821,-0.11050879955291748,-0.0432601161301136,1
1789134880735821,-0.10450506210327148,-0.0434996522963047,1
1789134880735821,-0.10450506210327148,-0.0434996522963047,1
1789134880735821,-0.10450506210327148,-0.0434996522963047,1
1789134880735821,-0.10450506210327148,-0.0434996522963047,1
1789134880735821,-0.10450506210327148,-0.0434996522963047,1
1789134880783821,-0.05673408508300781,-0.04513859748840332,1
1789134880795821,-0.040265440940856934,-0.04581473022699356,1
1789134880795821,-0.040265440940856934,-0.04581473022699356,1
1789134880807821,-0.06196892261505127,-0.04612211883068085,1
1789134880807821,-0.06196892261505127,-0.04612211883068085,1
1789134880807821,-0.06196892261505127,-0.04612211883068085,1
1789134880843821,-0.11580836772918701,-0.04739779978990555,1
1789134880855821,-0.10951113700866699,-0.04765567556023598,1
1789134880855821,-0.10951113700866699,-0.04765567556023598,1
1789134880855821,-0.10951113700866699,-0.04765567556023598,1
1789134880855821,-0.10951113700866699,-0.04765567556023598,1
1789134880855821,-0.10951113700866699,-0.04765567556023598,1
1789134880903821,-0.12094342708587646,-0.04893229901790619,1
1789134880915821,-0.0966029167175293,-0.04941914975643158,1
1789134880915821,-0.0966029167175293,-0.04941914975643158,1
1789134880915821,-0.0966029167175293,-0.04941914975643158,1
1789134880939821,-0.14240479469299316,-0.05007842555642128,1
1789134880939821,-0.14240479469299316,-0.05007842555642128,1
1789134880963821,-0.1717236042022705,-0.050492141395807266,1
1789134880975821,-0.15970313549041748,-0.050633516162633896,1
1789134880975821,-0.15970313549041748,-0.050633516162633896,1
1789134880975821,-0.15970313549041748,-0.050633516162633896,1
1789134880975821,-0.15970313549041748,-0.050633516162633896,1
1789134880975821,-0.15970313549041748,-0.050633516162633896,1
1789134881023821,-0.09266281127929688,-0.0519600473344326,1
1789134881035821,-0.0661766529083252,-0.05253271758556366,1
1789134881035821,-0.0661766529083252,-0.05253271758556366,1
1789134881035821,-0.0661766529083252,-0.05253271758556366,1
1789134881035821,-0.0661766529083252,-0.05253271758556366,1
1789134881071821,-0.09250450134277344,-0.05371269956231117,1
1789134881083821,-0.11013126373291016,-0.054294101893901825,1
1789134881095821,-0.1456770896911621,-0.05455172434449196,1
1789134881095821,-0.1456770896911621,-0.05455172434449196,1
1789134881095821,-0.1456770896911621,-0.05455172434449196,1
1789134881095821,-0.1456770896911621,-0.05455172434449196,1
1789134881095821,-0.1456770896911621,-0.05455172434449196,1
1789134881143821,-0.08152914047241211,-0.05637051910161972,1
1789134881155821,-0.05705666542053223,-0.057154033333063126,1
1789134881155821,-0.05705666542053223,-0.057154033333063126,1
1789134881155821,-0.05705666542053223,-0.057154033333063126,1
1789134881155821,-0.05705666542053223,-0.057154033333063126,1
1789134881155821,-0.05705666542053223,-0.057154033333063126,1
1789134881203821,-0.10802662372589111,-0.05956294760107994,1
1789134881215821,-0.1005481481552124,-0.05994108319282532,1
1789134881215821,-0.1005481481552124,-0.05994108319282532,1
1789134881215821,-0.1005481481552124,-0.05994108319282532,1
1789134881239821,-0.08422064781188965,-0.061131399124860764,1
1789134881239821,-0.08422064781188965,-0.061131399124860764,1
1789134881263821,-0.0727994441986084,-0.062416791915893555,1
1789134881275821,-0.04114174842834473,-0.06334482878446579,1
1789134881275821,-0.04114174842834473,-0.06334482878446579,1
1789134881275821,-0.04114174842834473,-0.06334482878446579,1
1789134881275821,-0.04114174842834473,-0.06334482878446579,1
1789134881275821,-0.04114174842834473,-0.06334482878446579,1
1789134881323821,-0.08621788024902344,-0.06609661132097244,1
1789134881335821,-0.0939098596572876,-0.06650795042514801,1
1789134881335821,-0.0939098596572876,-0.06650795042514801,1
1789134881335821,-0.0939098596572876,-0.06650795042514801,1
1789134881335821,-0.0939098596572876,-0.06650795042514801,1
1789134881371821,-0.06567859649658203,-0.06851914525032043,1
1789134881383821,-0.055611252784729004,-0.06897354871034622,1
1789134881395821,-0.03187990188598633,-0.06988217681646347,1
1789134881395821,-0.03187990188598633,-0.06988217681646347,1
1789134881395821,-0.03187990188598633,-0.06988217681646347,1
1789134881395821,-0.03187990188598633,-0.06988217681646347,1
1789134881395821,-0.03187990188598633,-0.06988217681646347,1
1789134881443821,-0.060445189476013184,-0.07254742085933685,1
1789134881455821,-0.08824646472930908,-0.07295646518468857,1
1789134881455821,-0.08824646472930908,-0.07295646518468857,1
1789134881467821,-0.11448788642883301,-0.07370620220899582,1
1789134881467821,-0.11448788642883301,-0.07370620220899582,1
1789134881467821,-0.11448788642883301,-0.07370620220899582,1
1789134881503821,-0.04592621326446533,-0.07536041736602783,1
1789134881515821,0.05550074577331543,-0.07636384665966034,1
1789134881515821,0.05550074577331543,-0.07636384665966034,1
1789134881515821,0.05550074577331543,-0.07636384665966034,1
1789134881515821,0.05550074577331543,-0.07636384665966034,1
1789134881515821,0.05550074577331543,-0.07636384665966034,1
1789134881563821,-0.05593109130859375,-0.07941843569278717,1
1789134881575821,-0.04690384864807129,-0.07988033443689346,1
1789134881575821,-0.04690384864807129,-0.07988033443689346,1
1789134881575821,-0.04690384864807129,-0.07988033443689346,1
1789134881599821,-0.014175891876220703,-0.08126428723335266,1
1789134881599994,-0.014175891876220703,-0.08126428723335266,1
1789134881623994,-0.01983022689819336,-0.08272753655910492,1
1789134881635994,0.0044814348220825195,-0.08369981497526169,1
1789134881635994,0.0044814348220825195,-0.08369981497526169,1
1789134881635994,0.0044814348220825195,-0.08369981497526169,1
1789134881635994,0.0044814348220825195,-0.08369981497526169,1
1789134881635994,0.0044814348220825195,-0.08369981497526169,1
1789134881683994,0.009566307067871094,-0.0866633802652359,1
1789134881695994,0.006968140602111816,-0.08715280145406723,1
1789134881695994,0.006968140602111816,-0.08715280145406723,1
1789134881695994,0.006968140602111816,-0.08715280145406723,1
1789134881695994,0.006968140602111816,-0.08715280145406723,1
1789134881731994,-0.04325246810913086,-0.08920595794916153,1
1789134881743994,-0.03894686698913574,-0.08961553871631622,1
1789134881755994,-0.024536967277526855,-0.09039690345525742,1
1789134881755994,-0.024536967277526855,-0.09039690345525742,1
1789134881755994,-0.024536967277526855,-0.09039690345525742,1
1789134881755994,-0.024536967277526855,-0.09039690345525742,1
1789134881755994,-0.024536967277526855,-0.09039690345525742,1
1789134881803994,-0.08913707733154297,-0.09250203520059586,1
1789134881815994,-0.11432909965515137,-0.09275999665260315,1
1789134881815994,-0.11432909965515137,-0.09275999665260315,1
1789134881815994,-0.11432909965515137,-0.09275999665260315,1
1789134881815994,-0.11432909965515137,-0.09275999665260315,1
1789134881815994,-0.11432909965515137,-0.09275999665260315,1
1789134881863994,-0.12099528312683105,-0.09438452124595642,1
1789134881875994,-0.11200273036956787,-0.09487324208021164,1
1789134881875994,-0.11200273036956787,-0.09487324208021164,1
1789134881875994,-0.11200273036956787,-0.09487324208021164,1
1789134881899994,-0.09057867527008057,-0.09567283093929291,1
1789134881899994,-0.09057867527008057,-0.09567283093929291,1
1789134881923994,-0.10582387447357178,-0.09653006494045258,1
1789134881935994,-0.09705579280853271,-0.0967831015586853,1
1789134881935994,-0.09705579280853271,-0.0967831015586853,1
1789134881935994,-0.09705579280853271,-0.0967831015586853,1
1789134881935994,-0.09705579280853271,-0.0967831015586853,1
1789134881935994,-0.09705579280853271,-0.0967831015586853,1
1789134881983994,-0.05453765392303467,-0.09865494072437286,1
1789134881995994,-0.055927395820617676,-0.09932275861501694,1
1789134881995994,-0.055927395820617676,-0.09932275861501694,1
1789134881995994,-0.055927395820617676,-0.09932275861501694,1
1789134881995994,-0.055927395820617676,-0.09932275861501694,1
1789134882031994,-0.04909920692443848,-0.10072068870067596,1
1789134882043994,-0.08677494525909424,-0.10146665573120117,1
1789134882055994,-0.08833849430084229,-0.10177187621593475,1
1789134882055994,-0.08833849430084229,-0.10177187621593475,1
1789134882055994,-0.08833849430084229,-0.10177187621593475,1
1789134882055994,-0.08833849430084229,-0.10177187621593475,1
1789134882055994,-0.08833849430084229,-0.10177187621593475,1
1789134882103994,-0.030765533447265625,-0.10383211821317673,1
1789134882115994,-0.07781493663787842,-0.10456071048974991,1
1789134882115994,-0.07781493663787842,-0.10456071048974991,1
1789134882127994,-0.07492125034332275,-0.10487838834524155,1
1789134882127994,-0.07492125034332275,-0.10487838834524155,1
1789134882127994,-0.07492125034332275,-0.10487838834524155,1
1789134882163994,-0.07514405250549316,-0.1063842922449112,1
1789134882175994,-0.0535578727722168,-0.10671582072973251,1
1789134882175994,-0.0535578727722168,-0.10671582072973251,1
1789134882175994,-0.0535578727722168,-0.10671582072973251,1
1789134882175994,-0.0535578727722168,-0.10671582072973251,1
1789134882175994,-0.0535578727722168,-0.10671582072973251,1
1789134882223994,-0.025692462921142578,-0.10892141610383987,1
1789134882235994,-0.06747663021087646,-0.10962016135454178,1
1789134882235994,-0.06747663021087646,-0.10962016135454178,1
1789134882235994,-0.06747663021087646,-0.10962016135454178,1
1789134882259994,-0.06857705116271973,-0.11057630181312561,1
1789134882259994,-0.06857705116271973,-0.11057630181312561,1
1789134882283994,-0.06745851039886475,-0.11160877346992493,1
1789134882295994,-0.08621490001678467,-0.11193428188562393,1
1789134882295994,-0.08621490001678467,-0.11193428188562393,1
1789134882295994,-0.08621490001678467,-0.11193428188562393,1
1789134882295994,-0.08621490001678467,-0.11193428188562393,1
1789134882295994,-0.08621490001678467,-0.11193428188562393,1
1789134882343994,-0.057721853256225586,-0.11402369290590286,1
1789134882355994,0.0038868188858032227,-0.11472062766551971,1
1789134882355994,0.0038868188858032227,-0.11472062766551971,1
1789134882355994,0.0038868188858032227,-0.11472062766551971,1
1789134882355994,0.0038868188858032227,-0.11472062766551971,1
1789134882391994,-0.015244483947753906,-0.11647474765777588,1
1789134882403994,-0.00299990177154541,-0.11727329343557358,1
1789134882415994,-0.06197404861450195,-0.1176404058933258,1
1789134882415994,-0.06197404861450195,-0.1176404058933258,1
1789134882415994,-0.06197404861450195,-0.1176404058933258,1
1789134882415994,-0.06197404861450195,-0.1176404058933258,1
1789134882415994,-0.06197404861450195,-0.1176404058933258,1
1789134882463994,-0.014170050621032715,-0.11971952766180038,1
1789134882475994,-0.047667622566223145,-0.12043953686952591,1
1789134882475994,-0.047667622566223145,-0.12043953686952591,1
1789134882475994,-0.047667622566223145,-0.12043953686952591,1
1789134882475994,-0.047667622566223145,-0.12043953686952591,1
1789134882475994,-0.047667622566223145,-0.12043953686952591,1
1789134882523994,-0.07219827175140381,-0.12222094088792801,1
1789134882535994,-0.09452497959136963,-0.122501902282238,1
1789134882535994,-0.09452497959136963,-0.122501902282238,1
1789134882535994,-0.09452497959136963,-0.122501902282238,1
1789134882559994,-0.07776224613189697,-0.12330048531293869,1
1789134882559994,-0.07776224613189697,-0.12330048531293869,1
1789134882583994,-0.041448116302490234,-0.12423759698867798,1
1789134882595994,-0.022603392601013184,-0.12488455325365067,1
1789134882595994,-0.022603392601013184,-0.12488455325365067,1
1789134882596166,-0.022603392601013184,-0.12488455325365067,1
1789134882596166,-0.022603392601013184,-0.12488455325365067,1
1789134882596166,-0.022603392601013184,-0.12488455325365067,1
1789134882644166,0.008521318435668945,-0.1268637776374817,1
1789134882656166,-0.02522897720336914,-0.12719137966632843,1
1789134882656166,-0.02522897720336914,-0.12719137966632843,1
1789134882656166,-0.02522897720336914,-0.12719137966632843,1
1789134882656166,-0.02522897720336914,-0.12719137966632843,1
1789134882692166,-0.06681191921234131,-0.12844648957252502,1
1789134882704166,-0.04063069820404053,-0.1287073791027069,1
1789134882716166,-0.044554710388183594,-0.1292203962802887,1
1789134882716166,-0.044554710388183594,-0.1292203962802887,1
1789134882716166,-0.044554710388183594,-0.1292203962802887,1
1789134882716166,-0.044554710388183594,-0.1292203962802887,1
1789134882716166,-0.044554710388183594,-0.1292203962802887,1
1789134882764166,-0.06183731555938721,-0.1304517686367035,1
1789134882776166,-0.048229098320007324,-0.13065274059772491,1
1789134882776166,-0.048229098320007324,-0.13065274059772491,1
1789134882788166,-0.04206562042236328,-0.13107064366340637,1
1789134882788166,-0.04206562042236328,-0.13107064366340637,1
1789134882788166,-0.04206562042236328,-0.13107064366340637,1
1789134882824166,-0.04923653602600098,-0.13174457848072052,1
1789134882836166,-0.07084822654724121,-0.13209369778633118,1
1789134882836166,-0.07084822654724121,-0.13209369778633118,1
1789134882836166,-0.07084822654724121,-0.13209369778633118,1
1789134882860166,-0.07585811614990234,-0.1325168013572693,1
1789134882860166,-0.07585811614990234,-0.1325168013572693,1
1789134882884166,-0.07618832588195801,-0.13288763165473938,1
1789134882896166,-0.08716309070587158,-0.13301028311252594,1
1789134882896166,-0.08716309070587158,-0.13301028311252594,1
1789134882896166,-0.08716309070587158,-0.13301028311252594,1
1789134882920166,-0.08066654205322266,-0.1332591027021408,1
1789134882920166,-0.08066654205322266,-0.1332591027021408,1
1789134882944166,-0.1021580696105957,-0.13352282345294952,1
1789134882956166,-0.09907805919647217,-0.13368743658065796,1
1789134882956166,-0.09907805919647217,-0.13368743658065796,1
1789134882956166,-0.09907805919647217,-0.13368743658065796,1
1789134882956166,-0.09907805919647217,-0.13368743658065796,1
1789134882956166,-0.09907805919647217,-0.13368743658065796,1
1789134883004166,-0.07759749889373779,-0.13413436710834503,1
1789134883016166,-0.06007492542266846,-0.13422691822052002,1
1789134883016166,-0.06007492542266846,-0.13422691822052002,1
1789134883016166,-0.06007492542266846,-0.13422691822052002,1
1789134883016166,-0.06007492542266846,-0.13422691822052002,1
1789134883052166,-0.08363378047943115,-0.13445444405078888,1
1789134883064166,-0.09674453735351562,-0.1345043182373047,1
1789134883076166,-0.08487653732299805,-0.13461053371429443,1
1789134883076166,-0.08487653732299805,-0.13461053371429443,1
1789134883076166,-0.08487653732299805,-0.13461053371429443,1
1789134883076166,-0.08487653732299805,-0.13461053371429443,1
1789134883076166,-0.08487653732299805,-0.13461053371429443,1
1789134883124166,-0.07221841812133789,-0.13500648736953735,1
1789134883136166,-0.07669830322265625,-0.13507530093193054,1
1789134883136166,-0.07669830322265625,-0.13507530093193054,1
1789134883136166,-0.07669830322265625,-0.13507530093193054,1
1789134883136166,-0.07669830322265625,-0.13507530093193054,1
1789134883136166,-0.07669830322265625,-0.13507530093193054,1
1789134883184166,-0.08243453502655029,-0.13540929555892944,1
1789134883196166,-0.11114931106567383,-0.13539446890354156,1
1789134883196166,-0.11114931106567383,-0.13539446890354156,1
1789134883196166,-0.11114931106567383,-0.13539446890354156,1
1789134883220166,-0.06916451454162598,-0.1354164481163025,1
1789134883220166,-0.06916451454162598,-0.1354164481163025,1
1789134883244166,-0.09966325759887695,-0.13542479276657104,1
1789134883256166,-0.09599518775939941,-0.13539712131023407,1
1789134883256166,-0.09599518775939941,-0.13539712131023407,1
1789134883256166,-0.09599518775939941,-0.13539712131023407,1
1789134883256166,-0.09599518775939941,-0.13539712131023407,1
1789134883256166,-0.09599518775939941,-0.13539712131023407,1
1789134883304166,-0.05933797359466553,-0.13540026545524597,1
1789134883316166,-0.05067014694213867,-0.13546665012836456,1
1789134883316166,-0.05067014694213867,-0.13546665012836456,1
1789134883316166,-0.05067014694213867,-0.13546665012836456,1
1789134883316166,-0.05067014694213867,-0.13546665012836456,1
1789134883352166,-0.08399355411529541,-0.13548658788204193,1
1789134883364166,-0.0783306360244751,-0.1354311853647232,1
1789134883376166,-0.06728494167327881,-0.13540174067020416,1
1789134883376166,-0.06728494167327881,-0.13540174067020416,1
1789134883376166,-0.06728494167327881,-0.13540174067020416,1
1789134883376166,-0.06728494167327881,-0.13540174067020416,1
1789134883376166,-0.06728494167327881,-0.13540174067020416,1
1789134883424166,-0.09426724910736084,-0.13495998084545135,1
1789134883436166,-0.10966873168945312,-0.13467852771282196,1
1789134883436166,-0.10966873168945312,-0.13467852771282196,1
1789134883448166,-0.10371994972229004,-0.1345570683479309,1
1789134883448166,-0.10371994972229004,-0.1345570683479309,1
1789134883448166,-0.10371994972229004,-0.1345570683479309,1
1789134883484166,-0.05775487422943115,-0.13418519496917725,1
1789134883496166,-0.06202280521392822,-0.13412179052829742,1
1789134883496166,-0.06202280521392822,-0.13412179052829742,1
1789134883496166,-0.06202280521392822,-0.13412179052829742,1
1789134883496166,-0.06202280521392822,-0.13412179052829742,1
1789134883496166,-0.06202280521392822,-0.13412179052829742,1
1789134883544166,-0.07194733619689941,-0.1338420808315277,1
1789134883556166,-0.09016752243041992,-0.13362349569797516,1
1789134883556166,-0.09016752243041992,-0.13362349569797516,1
1789134883556166,-0.09016752243041992,-0.13362349569797516,1
1789134883580166,-0.08401083946228027,-0.13320910930633545,1
1789134883580166,-0.08401083946228027,-0.13320910930633545,1
1789134883604166,-0.053087472915649414,-0.13281892240047455,1
1789134883616166,-0.07125675678253174,-0.13270984590053558,1
1789134883616339,-0.07125675678253174,-0.13270984590053558,1
1789134883616339,-0.07125675678253174,-0.13270984590053558,1
1789134883616339,-0.07125675678253174,-0.13270984590053558,1
1789134883616339,-0.07125675678253174,-0.13270984590053558,1
1789134883664339,-0.09703469276428223,-0.1318206638097763,1
1789134883676339,-0.12623059749603271,-0.1313607096672058,1
1789134883676339,-0.12623059749603271,-0.1313607096672058,1
1789134883676339,-0.12623059749603271,-0.1313607096672058,1
1789134883676339,-0.12623059749603271,-0.1313607096672058,1
1789134883712339,-0.08724260330200195,-0.13035623729228973,1
1789134883724339,-0.036556243896484375,-0.1300097405910492,1
1789134883736339,-0.04426014423370361,-0.1298697143793106,1
1789134883736339,-0.04426014423370361,-0.1298697143793106,1
1789134883736339,-0.04426014423370361,-0.1298697143793106,1
1789134883736339,-0.04426014423370361,-0.1298697143793106,1
1789134883736339,-0.04426014423370361,-0.1298697143793106,1
1789134883784339,-0.14084696769714355,-0.1281852424144745,1
1789134883796339,-0.16444134712219238,-0.1274438202381134,1
1789134883796339,-0.16444134712219238,-0.1274438202381134,1
1789134883796339,-0.16444134712219238,-0.1274438202381134,1
1789134883796339,-0.16444134712219238,-0.1274438202381134,1
1789134883796339,-0.16444134712219238,-0.1274438202381134,1
1789134883844339,-0.06913721561431885,-0.12536484003067017,1
1789134883856339,-0.0666888952255249,-0.12514345347881317,1
1789134883856339,-0.0666888952255249,-0.12514345347881317,1
1789134883856339,-0.0666888952255249,-0.12514345347881317,1
1789134883880339,-0.07902789115905762,-0.12448043376207352,1
1789134883880339,-0.07902789115905762,-0.12448043376207352,1
1789134883904339,-0.11437630653381348,-0.1237185150384903,1
1789134883916339,-0.11256253719329834,-0.12310132384300232,1
1789134883916339,-0.11256253719329834,-0.12310132384300232,1
1789134883916339,-0.11256253719329834,-0.12310132384300232,1
1789134883916339,-0.11256253719329834,-0.12310132384300232,1
1789134883916339,-0.11256253719329834,-0.12310132384300232,1
1789134883964339,-0.05996596813201904,-0.12166745960712433,1
1789134883976339,-0.0653759241104126,-0.12147894501686096,1
1789134883976339,-0.0653759241104126,-0.12147894501686096,1
1789134883976339,-0.0653759241104126,-0.12147894501686096,1
1789134883976339,-0.0653759241104126,-0.12147894501686096,1
1789134884012339,-0.10935986042022705,-0.12034817785024643,1
1789134884024339,-0.13003027439117432,-0.12006530910730362,1
1789134884036339,-0.12093603610992432,-0.11950869858264923,1
1789134884036339,-0.12093603610992432,-0.11950869858264923,1
1789134884036339,-0.12093603610992432,-0.11950869858264923,1
1789134884036339,-0.12093603610992432,-0.11950869858264923,1
1789134884036339,-0.12093603610992432,-0.11950869858264923,1
1789134884084339,-0.0534205436706543,-0.1181238517165184,1
1789134884096339,-0.01913607120513916,-0.11797383427619934,1
1789134884096339,-0.01913607120513916,-0.11797383427619934,1
1789134884108339,-0.03434252738952637,-0.11768888682126999,1
1789134884108339,-0.03434252738952637,-0.11768888682126999,1
1789134884108339,-0.03434252738952637,-0.11768888682126999,1
1789134884144339,-0.08245718479156494,-0.11700804531574249,1
1789134884156339,-0.09423959255218506,-0.11655338108539581,1
1789134884156339,-0.09423959255218506,-0.11655338108539581,1
1789134884156339,-0.09423959255218506,-0.11655338108539581,1
1789134884156339,-0.09423959255218506,-0.11655338108539581,1
1789134884156339,-0.09423959255218506,-0.11655338108539581,1
1789134884204339,-0.20281362533569336,-0.11439231038093567,1
1789134884216339,-0.19278216361999512,-0.11393467336893082,1
1789134884216339,-0.19278216361999512,-0.11393467336893082,1
1789134884216339,-0.19278216361999512,-0.11393467336893082,1
1789134884240339,-0.20030653476715088,-0.11249876767396927,1
1789134884240339,-0.20030653476715088,-0.11249876767396927,1
1789134884264339,-0.15585112571716309,-0.11120813339948654,1
1789134884276339,-0.17551922798156738,-0.1104453057050705,1
1789134884276339,-0.17551922798156738,-0.1104453057050705,1
1789134884276339,-0.17551922798156738,-0.1104453057050705,1
1789134884276339,-0.17551922798156738,-0.1104453057050705,1
1789134884276339,-0.17551922798156738,-0.1104453057050705,1
1789134884324339,-0.16569852828979492,-0.10792490094900131,1
1789134884336339,-0.1826307773590088,-0.10748054832220078,1
1789134884336339,-0.1826307773590088,-0.10748054832220078,1
1789134884336339,-0.1826307773590088,-0.10748054832220078,1
1789134884336339,-0.1826307773590088,-0.10748054832220078,1
1789134884372339,-0.22310662269592285,-0.10515657067298889,1
1789134884384339,-0.22722864151000977,-0.10462576895952225,1
1789134884396339,-0.18937909603118896,-0.10369137674570084,1
1789134884396339,-0.18937909603118896,-0.10369137674570084,1
1789134884396339,-0.18937909603118896,-0.10369137674570084,1
1789134884396339,-0.18937909603118896,-0.10369137674570084,1
1789134884396339,-0.18937909603118896,-0.10369137674570084,1
1789134884444339,-0.09270203113555908,-0.10176090896129608,1
1789134884456339,-0.0594789981842041,-0.10157646238803864,1
1789134884456339,-0.0594789981842041,-0.10157646238803864,1
1789134884456339,-0.0594789981842041,-0.10157646238803864,1
1789134884456339,-0.0594789981842041,-0.10157646238803864,1
1789134884456339,-0.0594789981842041,-0.10157646238803864,1
1789134884504339,-0.07532453536987305,-0.10073880106210709,1
1789134884516339,-0.08945167064666748,-0.10041119903326035,1
1789134884516339,-0.08945167064666748,-0.10041119903326035,1
1789134884516339,-0.08945167064666748,-0.10041119903326035,1
1789134884540339,-0.0605393648147583,-0.10006152093410492,1
1789134884540339,-0.0605393648147583,-0.10006152093410492,1
1789134884564339,-0.11891913414001465,-0.09953275322914124,1
1789134884576339,-0.14449048042297363,-0.09930353611707687,1
1789134884576339,-0.14449048042297363,-0.09930353611707687,1
1789134884576339,-0.14449048042297363,-0.09930353611707687,1
1789134884576339,-0.14449048042297363,-0.09930353611707687,1
1789134884576339,-0.14449048042297363,-0.09930353611707687,1
1789134884624511,-0.14705955982208252,-0.097905732691288,1
1789134884636511,-0.1484924554824829,-0.09736128896474838,1
1789134884636511,-0.1484924554824829,-0.09736128896474838,1
1789134884636511,-0.1484924554824829,-0.09736128896474838,1
1789134884636511,-0.1484924554824829,-0.09736128896474838,1
1789134884672511,-0.15211844444274902,-0.09612153470516205,1
1789134884684511,-0.150110125541687,-0.09544990956783295,1
1789134884696511,-0.12759041786193848,-0.09517190605401993,1
1789134884696511,-0.12759041786193848,-0.09517190605401993,1
1789134884696511,-0.12759041786193848,-0.09517190605401993,1
1789134884696511,-0.12759041786193848,-0.09517190605401993,1
1789134884696511,-0.12759041786193848,-0.09517190605401993,1
1789134884744511,-0.10571026802062988,-0.0938534215092659,1
1789134884756511,-0.10121011734008789,-0.093485027551651,1
1789134884756511,-0.10121011734008789,-0.093485027551651,1
1789134884768511,-0.10237085819244385,-0.0932709127664566,1
1789134884768511,-0.10237085819244385,-0.0932709127664566,1
1789134884768511,-0.10237085819244385,-0.0932709127664566,1
1789134884804511,-0.10011649131774902,-0.0922623872756958,1
1789134884816511,-0.08757853507995605,-0.09210048615932465,1
1789134884816511,-0.08757853507995605,-0.09210048615932465,1
1789134884816511,-0.08757853507995605,-0.09210048615932465,1
1789134884816511,-0.08757853507995605,-0.09210048615932465,1
1789134884816511,-0.08757853507995605,-0.09210048615932465,1
1789134884864511,-0.0811377763748169,-0.09141449630260468,1
1789134884876511,-0.12162292003631592,-0.09105363488197327,1
1789134884876511,-0.12162292003631592,-0.09105363488197327,1
1789134884876511,-0.12162292003631592,-0.09105363488197327,1
1789134884900511,-0.09793746471405029,-0.09044108539819717,1
1789134884900511,-0.09793746471405029,-0.09044108539819717,1
1789134884924511,-0.12709879875183105,-0.08988527953624725,1
1789134884936511,-0.13118863105773926,-0.08967038989067078,1
1789134884936511,-0.13118863105773926,-0.08967038989067078,1
1789134884936511,-0.13118863105773926,-0.08967038989067078,1
1789134884936511,-0.13118863105773926,-0.08967038989067078,1
1789134884936511,-0.13118863105773926,-0.08967038989067078,1
1789134884984511,-0.11744403839111328,-0.08847343921661377,1
1789134884996511,-0.10413050651550293,-0.08813262730836868,1
1789134884996511,-0.10413050651550293,-0.08813262730836868,1
1789134884996511,-0.10413050651550293,-0.08813262730836868,1
1789134884996511,-0.10413050651550293,-0.08813262730836868,1
1789134885032511,-0.11809301376342773,-0.08742538094520569,1
1789134885044511,-0.11680483818054199,-0.08697440475225449,1
1789134885056511,-0.1116570234298706,-0.08677314221858978,1
1789134885056511,-0.1116570234298706,-0.08677314221858978,1
1789134885056511,-0.1116570234298706,-0.08677314221858978,1
1789134885056511,-0.1116570234298706,-0.08677314221858978,1
1789134885056511,-0.1116570234298706,-0.08677314221858978,1
1789134885104511,-0.08320581912994385,-0.0855606272816658,1
1789134885116511,-0.0816187858581543,-0.08527479320764542,1
1789134885116511,-0.0816187858581543,-0.08527479320764542,1
1789134885116511,-0.0816187858581543,-0.08527479320764542,1
1789134885116511,-0.0816187858581543,-0.08527479320764542,1
1789134885116511,-0.0816187858581543,-0.08527479320764542,1
1789134885164511,-0.1289130449295044,-0.08437170088291168,1
1789134885176511,-0.13286137580871582,-0.08416438847780228,1
1789134885176511,-0.13286137580871582,-0.08416438847780228,1
1789134885176511,-0.13286137580871582,-0.08416438847780228,1
1789134885200511,-0.10757970809936523,-0.08351161330938339,1
1789134885200511,-0.10757970809936523,-0.08351161330938339,1
1789134885224511,-0.10921680927276611,-0.08296417444944382,1
1789134885236511,-0.0998997688293457,-0.08261219412088394,1
1789134885236511,-0.0998997688293457,-0.08261219412088394,1
1789134885236511,-0.0998997688293457,-0.08261219412088394,1
1789134885236511,-0.0998997688293457,-0.08261219412088394,1
1789134885236511,-0.0998997688293457,-0.08261219412088394,1
1789134885284511,-0.10602068901062012,-0.08173126727342606,1
1789134885296511,-0.09931790828704834,-0.08156897872686386,1
1789134885296511,-0.09931790828704834,-0.08156897872686386,1
1789134885296511,-0.09931790828704834,-0.08156897872686386,1
1789134885296511,-0.09931790828704834,-0.08156897872686386,1
1789134885332511,-0.08289980888366699,-0.08063526451587677,1
1789134885344511,-0.09899663925170898,-0.08048247545957565,1
1789134885356511,-0.08683657646179199,-0.08020403981208801,1
1789134885356511,-0.08683657646179199,-0.08020403981208801,1
1789134885356511,-0.08683657646179199,-0.08020403981208801,1
1789134885356511,-0.08683657646179199,-0.08020403981208801,1
1789134885356511,-0.08683657646179199,-0.08020403981208801,1
1789134885404511,-0.01739513874053955,-0.07984147220849991,1
1789134885416511,-0.016219377517700195,-0.07984179258346558,1
1789134885416511,-0.016219377517700195,-0.07984179258346558,1
1789134885428511,-0.027182817459106445,-0.07983385026454926,1
1789134885428511,-0.027182817459106445,-0.07983385026454926,1
1789134885428511,-0.027182817459106445,-0.07983385026454926,1
1789134885464511,-0.03809523582458496,-0.07978366315364838,1
1789134885476511,-0.049134254455566406,-0.07971653342247009,1
1789134885476511,-0.049134254455566406,-0.07971653342247009,1
1789134885476511,-0.049134254455566406,-0.07971653342247009,1
1789134885476511,-0.049134254455566406,-0.07971653342247009,1
1789134885476511,-0.049134254455566406,-0.07971653342247009,1
1789134885524511,-0.13636565208435059,-0.07879171520471573,1
1789134885536511,-0.13186979293823242,-0.07856747508049011,1
1789134885536511,-0.13186979293823242,-0.07856747508049011,1
1789134885536511,-0.13186979293823242,-0.07856747508049011,1
1789134885560511,-0.0838625431060791,-0.07798238843679428,1
1789134885560511,-0.0838625431060791,-0.07798238843679428,1
1789134885584511,-0.07280838489532471,-0.07754890620708466,1
1789134885596511,-0.0809636116027832,-0.07725982367992401,1
1789134885596511,-0.0809636116027832,-0.07725982367992401,1
1789134885596511,-0.0809636116027832,-0.07725982367992401,1
1789134885596511,-0.0809636116027832,-0.07725982367992401,1
1789134885596683,-0.0809636116027832,-0.07725982367992401,1
1789134885644683,-0.07910311222076416,-0.07657752186059952,1
1789134885656683,-0.0925455093383789,-0.07643236964941025,1
1789134885656683,-0.0925455093383789,-0.07643236964941025,1
1789134885656683,-0.0925455093383789,-0.07643236964941025,1
1789134885656683,-0.0925455093383789,-0.07643236964941025,1
1789134885692683,-0.09418535232543945,-0.07558203488588333,1
1789134885704683,-0.09306645393371582,-0.07541581988334656,1
1789134885716683,-0.061626315116882324,-0.07519617676734924,1
1789134885716683,-0.061626315116882324,-0.07519617676734924,1
1789134885716683,-0.061626315116882324,-0.07519617676734924,1
1789134885716683,-0.061626315116882324,-0.07519617676734924,1
1789134885716683,-0.061626315116882324,-0.07519617676734924,1
1789134885764683,-0.10765933990478516,-0.07437446713447571,1
1789134885776683,-0.0664743185043335,-0.07422769069671631,1
1789134885776683,-0.0664743185043335,-0.07422769069671631,1
1789134885776683,-0.0664743185043335,-0.07422769069671631,1
1789134885776683,-0.0664743185043335,-0.07422769069671631,1
1789134885776683,-0.0664743185043335,-0.07422769069671631,1
1789134885824683,-0.12176311016082764,-0.0736207589507103,1
1789134885836683,-0.12338948249816895,-0.07323268800973892,1
1789134885836683,-0.12338948249816895,-0.07323268800973892,1
1789134885836683,-0.12338948249816895,-0.07323268800973892,1
1789134885860683,-0.11934709548950195,-0.07254496216773987,1
1789134885860683,-0.11934709548950195,-0.07254496216773987,1
1789134885884683,-0.07364058494567871,-0.07209957391023636,1
1789134885896683,-0.056598782539367676,-0.07197272777557373,1
1789134885896683,-0.056598782539367676,-0.07197272777557373,1
1789134885896683,-0.056598782539367676,-0.07197272777557373,1
1789134885896683,-0.056598782539367676,-0.07197272777557373,1
1789134885896683,-0.056598782539367676,-0.07197272777557373,1
1789134885944683,-0.09572887420654297,-0.07121969759464264,1
1789134885956683,-0.08928728103637695,-0.0708591639995575,1
1789134885956683,-0.08928728103637695,-0.0708591639995575,1
1789134885956683,-0.08928728103637695,-0.0708591639995575,1
1789134885956683,-0.08928728103637695,-0.0708591639995575,1
1789134885992683,-0.06302011013031006,-0.07026655972003937,1
1789134886004683,-0.04607510566711426,-0.07005820423364639,1
1789134886016683,-0.05107462406158447,-0.06996991485357285,1
1789134886016683,-0.05107462406158447,-0.06996991485357285,1
1789134886016683,-0.05107462406158447,-0.06996991485357285,1
1789134886016683,-0.05107462406158447,-0.06996991485357285,1
1789134886052683,-0.05965995788574219,-0.0694427415728569,1
1789134886064683,-0.05969738960266113,-0.06931550055742264,1
1789134886076683,-0.05955147743225098,-0.06909406185150146,1
1789134886076683,-0.05955147743225098,-0.06909406185150146,1
1789134886088683,-0.07853579521179199,-0.06893720477819443,1
1789134886088683,-0.07853579521179199,-0.06893720477819443,1
1789134886088683,-0.07853579521179199,-0.06893720477819443,1
1789134886124683,-0.10274612903594971,-0.06801027059555054,1
1789134886136683,-0.08313965797424316,-0.0678258165717125,1
1789134886136683,-0.08313965797424316,-0.0678258165717125,1
1789134886136683,-0.08313965797424316,-0.0678258165717125,1
1789134886136683,-0.08313965797424316,-0.0678258165717125,1
1789134886136683,-0.08313965797424316,-0.0678258165717125,1
1789134886184683,-0.0762186050415039,-0.0669403225183487,1
1789134886196683,-0.07505559921264648,-0.06658165901899338,1
1789134886196683,-0.07505559921264648,-0.06658165901899338,1
1789134886196683,-0.07505559921264648,-0.06658165901899338,1
1789134886220683,-0.1002495288848877,-0.0659615695476532,1
1789134886220683,-0.1002495288848877,-0.0659615695476532,1
1789134886244683,-0.10064232349395752,-0.06529810279607773,1
1789134886256683,-0.11119019985198975,-0.06506634503602982,1
1789134886256683,-0.11119019985198975,-0.06506634503602982,1
1789134886256683,-0.11119019985198975,-0.06506634503602982,1
1789134886256683,-0.11119019985198975,-0.06506634503602982,1
1789134886256683,-0.11119019985198975,-0.06506634503602982,1
1789134886304683,-0.11203575134277344,-0.06372705101966858,1
1789134886316683,-0.14677119255065918,-0.06319592893123627,1
1789134886316683,-0.14677119255065918,-0.06319592893123627,1
1789134886316683,-0.14677119255065918,-0.06319592893123627,1
1789134886316683,-0.14677119255065918,-0.06319592893123627,1
1789134886352683,-0.11615228652954102,-0.0620073564350605,1
1789134886364683,-0.06829249858856201,-0.06161879003047943,1
1789134886376683,-0.05373334884643555,-0.06147914007306099,1
1789134886376683,-0.05373334884643555,-0.06147914007306099,1
1789134886376683,-0.05373334884643555,-0.06147914007306099,1
1789134886376683,-0.05373334884643555,-0.06147914007306099,1
1789134886376683,-0.05373334884643555,-0.06147914007306099,1
1789134886424683,-0.04190194606781006,-0.060882195830345154,1
1789134886436683,-0.07844054698944092,-0.06063530221581459,1
1789134886436683,-0.07844054698944092,-0.06063530221581459,1
1789134886436683,-0.07844054698944092,-0.06063530221581459,1
1789134886436683,-0.07844054698944092,-0.06063530221581459,1
1789134886436683,-0.07844054698944092,-0.06063530221581459,1
1789134886484683,-0.08028125762939453,-0.05973290652036667,1
1789134886496683,-0.0705258846282959,-0.059589747339487076,1
1789134886496683,-0.0705258846282959,-0.059589747339487076,1
1789134886496683,-0.0705258846282959,-0.059589747339487076,1
1789134886520683,-0.008889317512512207,-0.0594191737473011,1
1789134886520683,-0.008889317512512207,-0.0594191737473011,1
1789134886544683,-0.047168850898742676,-0.05923409387469292,1
1789134886556683,-0.03556990623474121,-0.059114664793014526,1
1789134886556683,-0.03556990623474121,-0.059114664793014526,1
1789134886556683,-0.03556990623474121,-0.059114664793014526,1
1789134886556683,-0.03556990623474121,-0.059114664793014526,1
1789134886556683,-0.03556990623474121,-0.059114664793014526,1
1789134886604683,-0.10712075233459473,-0.05840571969747543,1
1789134886616683,-0.10900521278381348,-0.05821165814995766,1
1789134886616683,-0.10900521278381348,-0.05821165814995766,1
1789134886616854,-0.10900521278381348,-0.05821165814995766,1
1789134886616854,-0.10900521278381348,-0.05821165814995766,1
1789134886652854,-0.08665156364440918,-0.05723077803850174,1
1789134886664854,-0.06300711631774902,-0.05705699324607849,1
1789134886676854,-0.050199270248413086,-0.05682450160384178,1
1789134886676854,-0.050199270248413086,-0.05682450160384178,1
1789134886676854,-0.050199270248413086,-0.05682450160384178,1
1789134886676854,-0.050199270248413086,-0.05682450160384178,1
1789134886676854,-0.050199270248413086,-0.05682450160384178,1
1789134886724854,-0.053827643394470215,-0.056169141083955765,1
1789134886736854,-0.03357648849487305,-0.05606388300657272,1
1789134886736854,-0.03357648849487305,-0.05606388300657272,1
1789134886748854,-0.04992198944091797,-0.05580515041947365,1
1789134886748854,-0.04992198944091797,-0.05580515041947365,1
1789134886748854,-0.04992198944091797,-0.05580515041947365,1
1789134886784854,-0.035494089126586914,-0.055290352553129196,1
1789134886796854,-0.0275191068649292,-0.05514613538980484,1
1789134886796854,-0.0275191068649292,-0.05514613538980484,1
1789134886796854,-0.0275191068649292,-0.05514613538980484,1
1789134886796854,-0.0275191068649292,-0.05514613538980484,1
1789134886796854,-0.0275191068649292,-0.05514613538980484,1
1789134886844854,-0.046407341957092285,-0.05449700355529785,1
1789134886856854,-0.043144941329956055,-0.05438048020005226,1
1789134886856854,-0.043144941329956055,-0.05438048020005226,1
1789134886856854,-0.043144941329956055,-0.05438048020005226,1
1789134886880854,-0.011763930320739746,-0.0541289858520031,1
1789134886880854,-0.011763930320739746,-0.0541289858520031,1
1789134886904854,-0.04255795478820801,-0.05389055237174034,1
1789134886916854,-0.080039381980896,-0.05359622836112976,1
1789134886916854,-0.080039381980896,-0.05359622836112976,1
1789134886916854,-0.080039381980896,-0.05359622836112976,1
1789134886916854,-0.080039381980896,-0.05359622836112976,1
1789134886916854,-0.080039381980896,-0.05359622836112976,1
1789134886964854,-0.015466928482055664,-0.05278680846095085,1
1789134886976854,-0.028872966766357422,-0.05268155038356781,1
1789134886976854,-0.028872966766357422,-0.05268155038356781,1
1789134886976854,-0.028872966766357422,-0.05268155038356781,1
1789134886976854,-0.028872966766357422,-0.05268155038356781,1
1789134887012854,0.0010485649108886719,-0.05236833915114403,1
1789134887024854,-0.009558796882629395,-0.05228430777788162,1
1789134887036854,-0.02943134307861328,-0.052063051611185074,1
1789134887036854,-0.02943134307861328,-0.052063051611185074,1
1789134887036854,-0.02943134307861328,-0.052063051611185074,1
1789134887036854,-0.02943134307861328,-0.052063051611185074,1
1789134887036854,-0.02943134307861328,-0.052063051611185074,1
1789134887084854,0.0069277286529541016,-0.051419686526060104,1
1789134887096854,0.02557075023651123,-0.051343999803066254,1
1789134887096854,0.02557075023651123,-0.051343999803066254,1
1789134887096854,0.02557075023651123,-0.051343999803066254,1
1789134887096854,0.02557075023651123,-0.051343999803066254,1
1789134887096854,0.02557075023651123,-0.051343999803066254,1
1789134887144854,0.046882033348083496,-0.051235031336545944,1
1789134887156854,0.021160125732421875,-0.05112697556614876,1
1789134887156854,0.021160125732421875,-0.05112697556614876,1
1789134887156854,0.021160125732421875,-0.05112697556614876,1
1789134887180854,0.021847128868103027,-0.05078774690628052,1
1789134887180854,0.021847128868103027,-0.05078774690628052,1
1789134887204854,0.03845393657684326,-0.050578247755765915,1
1789134887216854,0.016948461532592773,-0.0504944883286953,1
1789134887216854,0.016948461532592773,-0.0504944883286953,1
1789134887216854,0.016948461532592773,-0.0504944883286953,1
1789134887216854,0.016948461532592773,-0.0504944883286953,1
1789134887216854,0.016948461532592773,-0.0504944883286953,1
1789134887264854,0.006198883056640625,-0.04983711242675781,1
1789134887276854,0.017325878143310547,-0.04953522980213165,1
1789134887276854,0.017325878143310547,-0.04953522980213165,1
1789134887276854,0.017325878143310547,-0.04953522980213165,1
1789134887276854,0.017325878143310547,-0.04953522980213165,1
1789134887312854,0.03917396068572998,-0.049048684537410736,1
1789134887324854,-0.0060329437255859375,-0.0487099252641201,1
1789134887336854,0.007821798324584961,-0.04852429777383804,1
1789134887336854,0.007821798324584961,-0.04852429777383804,1
1789134887336854,0.007821798324584961,-0.04852429777383804,1
1789134887336854,0.007821798324584961,-0.04852429777383804,1
1789134887336854,0.007821798324584961,-0.04852429777383804,1
1789134887384854,0.006041049957275391,-0.047182466834783554,1
1789134887396854,0.043340086936950684,-0.04677119106054306,1
1789134887396854,0.043340086936950684,-0.04677119106054306,1
1789134887408854,0.06686139106750488,-0.04663480445742607,1
1789134887408854,0.06686139106750488,-0.04663480445742607,1
1789134887408854,0.06686139106750488,-0.04663480445742607,1
1789134887444854,0.03381037712097168,-0.04604877531528473,1
1789134887456854,-0.00606536865234375,-0.04582259804010391,1
1789134887456854,-0.00606536865234375,-0.04582259804010391,1
1789134887456854,-0.00606536865234375,-0.04582259804010391,1
1789134887456854,-0.00606536865234375,-0.04582259804010391,1
1789134887456854,-0.00606536865234375,-0.04582259804010391,1
1789134887504854,0.016530394554138184,-0.04413963109254837,1
1789134887516854,0.028148293495178223,-0.04368600249290466,1
1789134887516854,0.028148293495178223,-0.04368600249290466,1
1789134887516854,0.028148293495178223,-0.04368600249290466,1
1789134887540854,0.08334732055664062,-0.04316043481230736,1
1789134887540854,0.08334732055664062,-0.04316043481230736,1
1789134887564854,-0.006281852722167969,-0.042453303933143616,1
1789134887576854,-0.043383240699768066,-0.04213352128863335,1
1789134887576854,-0.043383240699768066,-0.04213352128863335,1
1789134887576854,-0.043383240699768066,-0.04213352128863335,1
1789134887576854,-0.043383240699768066,-0.04213352128863335,1
1789134887576854,-0.043383240699768066,-0.04213352128863335,1
1789134887624854,-0.024693608283996582,-0.03985585644841194,1
1789134887636854,-0.011790037155151367,-0.03918810933828354,1
1789134887637028,-0.011790037155151367,-0.03918810933828354,1
1789134887637028,-0.011790037155151367,-0.03918810933828354,1
1789134887637028,-0.011790037155151367,-0.03918810933828354,1
1789134887673028,0.058399200439453125,-0.03801243379712105,1
1789134887685028,0.012284278869628906,-0.03740878775715828,1
1789134887697028,-0.008612990379333496,-0.037067871540784836,1
1789134887697028,-0.008612990379333496,-0.037067871540784836,1
1789134887697028,-0.008612990379333496,-0.037067871540784836,1
1789134887697028,-0.008612990379333496,-0.037067871540784836,1
1789134887697028,-0.008612990379333496,-0.037067871540784836,1
1789134887745028,0.016800522804260254,-0.03488694131374359,1
1789134887757028,0.015421509742736816,-0.03428493067622185,1
1789134887757028,0.015421509742736816,-0.03428493067622185,1
1789134887757028,0.015421509742736816,-0.03428493067622185,1
1789134887757028,0.015421509742736816,-0.03428493067622185,1
1789134887757028,0.015421509742736816,-0.03428493067622185,1
1789134887805028,0.03573715686798096,-0.03222457692027092,1
1789134887817028,0.05381596088409424,-0.03191029280424118,1
1789134887817028,0.05381596088409424,-0.03191029280424118,1
1789134887817028,0.05381596088409424,-0.03191029280424118,1
1789134887841028,0.10877799987792969,-0.031190764158964157,1
1789134887841028,0.10877799987792969,-0.031190764158964157,1
1789134887865028,0.03046870231628418,-0.0303764957934618,1
1789134887877028,-0.023459196090698242,-0.029656141996383667,1
1789134887877028,-0.023459196090698242,-0.029656141996383667,1
1789134887877028,-0.023459196090698242,-0.029656141996383667,1
1789134887877028,-0.023459196090698242,-0.029656141996383667,1
1789134887877028,-0.023459196090698242,-0.029656141996383667,1
1789134887925028,-0.022602081298828125,-0.027100160717964172,1
1789134887937028,-0.010343074798583984,-0.02669796347618103,1
1789134887937028,-0.010343074798583984,-0.02669796347618103,1
1789134887937028,-0.010343074798583984,-0.02669796347618103,1
1789134887937028,-0.010343074798583984,-0.02669796347618103,1
1789134887973028,0.02978205680847168,-0.025101257488131523,1
1789134887985028,0.011832356452941895,-0.02471248246729374,1
1789134887997028,-0.02311861515045166,-0.023898353800177574,1
1789134887997028,-0.02311861515045166,-0.023898353800177574,1
1789134887997028,-0.02311861515045166,-0.023898353800177574,1
1789134887997028,-0.02311861515045166,-0.023898353800177574,1
1789134887997028,-0.02311861515045166,-0.023898353800177574,1
1789134888045028,-0.033356308937072754,-0.020879298448562622,1
1789134888057028,-0.03261077404022217,-0.02041253075003624,1
1789134888057028,-0.03261077404022217,-0.02041253075003624,1
1789134888069028,-0.006216526031494141,-0.01957131363451481,1
1789134888069028,-0.006216526031494141,-0.01957131363451481,1
1789134888069028,-0.006216526031494141,-0.01957131363451481,1
1789134888105028,-0.11931276321411133,-0.017541691660881042,1
1789134888117028,-0.130285382270813,-0.01624617539346218,1
1789134888117028,-0.130285382270813,-0.01624617539346218,1
1789134888117028,-0.130285382270813,-0.01624617539346218,1
1789134888117028,-0.130285382270813,-0.01624617539346218,1
1789134888117028,-0.130285382270813,-0.01624617539346218,1
1789134888165028,-0.05716240406036377,-0.012541363947093487,1
1789134888177028,-0.05210578441619873,-0.011982322670519352,1
1789134888177028,-0.05210578441619873,-0.011982322670519352,1
1789134888177028,-0.05210578441619873,-0.011982322670519352,1
1789134888201028,-0.04415750503540039,-0.010444157756865025,1
1789134888201028,-0.04415750503540039,-0.010444157756865025,1
1789134888225028,-0.07023835182189941,-0.00892812293022871,1
1789134888237028,-0.08288764953613281,-0.007799981161952019,1
1789134888237028,-0.08288764953613281,-0.007799981161952019,1
1789134888237028,-0.08288764953613281,-0.007799981161952019,1
1789134888237028,-0.08288764953613281,-0.007799981161952019,1
1789134888237028,-0.08288764953613281,-0.007799981161952019,1
1789134888285028,-0.05133378505706787,-0.004490268416702747,1
1789134888297028,-0.06873571872711182,-0.004003180656582117,1
1789134888297028,-0.06873571872711182,-0.004003180656582117,1
1789134888297028,-0.06873571872711182,-0.004003180656582117,1
1789134888297028,-0.06873571872711182,-0.004003180656582117,1
1789134888333028,-0.050995707511901855,-0.0018103891052305698,1
1789134888345028,-0.06268322467803955,-0.0013408923987299204,1
1789134888357028,-0.08758366107940674,-0.0003696199564728886,1
1789134888357028,-0.08758366107940674,-0.0003696199564728886,1
1789134888357028,-0.08758366107940674,-0.0003696199564728886,1
1789134888357028,-0.08758366107940674,-0.0003696199564728886,1
1789134888357028,-0.08758366107940674,-0.0003696199564728886,1
1789134888405028,-0.08077859878540039,0.002541374182328582,1
1789134888417028,-0.07725369930267334,0.0030273671727627516,1
1789134888417028,-0.07725369930267334,0.0030273671727627516,1
1789134888417028,-0.07725369930267334,0.0030273671727627516,1
1789134888417028,-0.07725369930267334,0.0030273671727627516,1
1789134888417028,-0.07725369930267334,0.0030273671727627516,1
1789134888465028,-0.037192702293395996,0.005281117744743824,1
1789134888477028,-0.03962409496307373,0.006082345265895128,1
1789134888477028,-0.03962409496307373,0.006082345265895128,1
1789134888477028,-0.03962409496307373,0.006082345265895128,1
1789134888501028,-0.07606995105743408,0.007331330794841051,1
1789134888501028,-0.07606995105743408,0.007331330794841051,1
1789134888525028,-0.09843289852142334,0.00888967514038086,1
1789134888537028,-0.06382179260253906,0.009315470233559608,1
1789134888537028,-0.06382179260253906,0.009315470233559608,1
1789134888537028,-0.06382179260253906,0.009315470233559608,1
1789134888537028,-0.06382179260253906,0.009315470233559608,1
1789134888537028,-0.06382179260253906,0.009315470233559608,1
1789134888585028,-0.08122313022613525,0.011735605075955391,1
1789134888597028,-0.039227962493896484,0.012508178129792213,1
1789134888597028,-0.039227962493896484,0.012508178129792213,1
1789134888597028,-0.039227962493896484,0.012508178129792213,1
1789134888597028,-0.039227962493896484,0.012508178129792213,1
1789134888633028,-0.02102482318878174,0.013731352053582668,1
1789134888645199,-0.0072258710861206055,0.01439695991575718,1
1789134888657199,-0.00744473934173584,0.01467924378812313,1
1789134888657199,-0.00744473934173584,0.01467924378812313,1
1789134888657199,-0.00744473934173584,0.01467924378812313,1
1789134888657199,-0.00744473934173584,0.01467924378812313,1
1789134888657199,-0.00744473934173584,0.01467924378812313,1
1789134888705199,-0.05792117118835449,0.016368310898542404,1
1789134888717199,-0.051639437675476074,0.017054488882422447,1
1789134888717199,-0.051639437675476074,0.017054488882422447,1
1789134888729199,-0.06106114387512207,0.01740681193768978,1
1789134888729199,-0.06106114387512207,0.01740681193768978,1
1789134888729199,-0.06106114387512207,0.01740681193768978,1
1789134888765199,-0.02131056785583496,0.018953237682580948,1
1789134888777199,0.0009677410125732422,0.01921948418021202,1
1789134888777199,0.0009677410125732422,0.01921948418021202,1
1789134888777199,0.0009677410125732422,0.01921948418021202,1
1789134888777199,0.0009677410125732422,0.01921948418021202,1
1789134888777199,0.0009677410125732422,0.01921948418021202,1
1789134888825199,-0.018771886825561523,0.02066691778600216,1
1789134888837199,-0.04473531246185303,0.021260736510157585,1
1789134888837199,-0.04473531246185303,0.021260736510157585,1
1789134888837199,-0.04473531246185303,0.021260736510157585,1
1789134888861199,-0.07808840274810791,0.022260740399360657,1
1789134888861199,-0.07808840274810791,0.022260740399360657,1
1789134888885199,-0.013880491256713867,0.023201368749141693,1
1789134888897199,-0.03734409809112549,0.023468080908060074,1
1789134888897199,-0.03734409809112549,0.023468080908060074,1
1789134888897199,-0.03734409809112549,0.023468080908060074,1
1789134888897199,-0.03734409809112549,0.023468080908060074,1
1789134888897199,-0.03734409809112549,0.023468080908060074,1
1789134888945199,-0.052597880363464355,0.025193840265274048,1
1789134888957199,-0.03198981285095215,0.025770066305994987,1
1789134888957199,-0.03198981285095215,0.025770066305994987,1
1789134888957199,-0.03198981285095215,0.025770066305994987,1
1789134888957199,-0.03198981285095215,0.025770066305994987,1
1789134888993199,-0.011806011199951172,0.026772204786539078,1
1789134889005199,0.02970123291015625,0.02715892717242241,1
1789134889017199,0.0496675968170166,0.02728971652686596,1
1789134889017199,0.0496675968170166,0.02728971652686596,1
1789134889017199,0.0496675968170166,0.02728971652686596,1
1789134889017199,0.0496675968170166,0.02728971652686596,1
1789134889053199,-0.024188876152038574,0.028188155964016914,1
1789134889065199,-0.02590763568878174,0.02840784750878811,1
1789134889077199,-0.04371237754821777,0.028877751901745796,1
1789134889077199,-0.04371237754821777,0.028877751901745796,1
1789134889077199,-0.04371237754821777,0.028877751901745796,1
1789134889077199,-0.04371237754821777,0.028877751901745796,1
1789134889077199,-0.04371237754821777,0.028877751901745796,1
1789134889125199,-0.038449645042419434,0.030512912198901176,1
1789134889137199,-0.031363487243652344,0.03073694370687008,1
1789134889137199,-0.031363487243652344,0.03073694370687008,1
1789134889137199,-0.031363487243652344,0.03073694370687008,1
1789134889161199,-0.022257447242736816,0.03135772794485092,1
1789134889161199,-0.022257447242736816,0.03135772794485092,1
1789134889185199,-0.06305217742919922,0.03202478960156441,1
1789134889197199,-0.06698000431060791,0.03258100897073746,1
1789134889197199,-0.06698000431060791,0.03258100897073746,1
1789134889197199,-0.06698000431060791,0.03258100897073746,1
1789134889197199,-0.06698000431060791,0.03258100897073746,1
1789134889197199,-0.06698000431060791,0.03258100897073746,1
1789134889245199,-0.0502094030380249,0.03408830240368843,1
1789134889257199,-0.02647244930267334,0.03428351506590843,1
1789134889257199,-0.02647244930267334,0.03428351506590843,1
1789134889257199,-0.02647244930267334,0.03428351506590843,1
1789134889257199,-0.02647244930267334,0.03428351506590843,1
1789134889293199,-0.0044678449630737305,0.03499177470803261,1
1789134889305199,-0.00816333293914795,0.03511900082230568,1
1789134889317199,-0.02602517604827881,0.035362571477890015,1
1789134889317199,-0.02602517604827881,0.035362571477890015,1
1789134889317199,-0.02602517604827881,0.035362571477890015,1
1789134889317199,-0.02602517604827881,0.035362571477890015,1
1789134889317199,-0.02602517604827881,0.035362571477890015,1
1789134889365199,0.02642667293548584,0.03588132932782173,1
1789134889377199,0.016959428787231445,0.03591642528772354,1
1789134889377199,0.016959428787231445,0.03591642528772354,1
1789134889389199,0.024103403091430664,0.03596287965774536,1
1789134889389199,0.024103403091430664,0.03596287965774536,1
1789134889389199,0.024103403091430664,0.03596287965774536,1
1789134889425199,0.018145203590393066,0.03609408438205719,1
1789134889437199,-0.002501964569091797,0.03621653839945793,1
1789134889437199,-0.002501964569091797,0.03621653839945793,1
1789134889437199,-0.002501964569091797,0.03621653839945793,1
1789134889437199,-0.002501964569091797,0.03621653839945793,1
1789134889437199,-0.002501964569091797,0.03621653839945793,1
1789134889485199,0.033089518547058105,0.036413565278053284,1
1789134889497199,0.043604493141174316,0.03641386702656746,1
1789134889497199,0.043604493141174316,0.03641386702656746,1
1789134889497199,0.043604493141174316,0.03641386702656746,1
1789134889521199,0.024948596954345703,0.03633960708975792,1
1789134889521199,0.024948596954345703,0.03633960708975792,1
1789134889545199,0.024991512298583984,0.03647274523973465,1
1789134889557199,0.03139090538024902,0.03648834675550461,1
1789134889557199,0.03139090538024902,0.03648834675550461,1
1789134889557199,0.03139090538024902,0.03648834675550461,1
1789134889557199,0.03139090538024902,0.03648834675550461,1
1789134889557199,0.03139090538024902,0.03648834675550461,1
1789134889605199,0.030963778495788574,0.03650094196200371,1
1789134889617199,0.02138662338256836,0.03650566563010216,1
1789134889617199,0.02138662338256836,0.03650566563010216,1
1789134889617199,0.02138662338256836,0.03650566563010216,1
1789134889617372,0.02138662338256836,0.03650566563010216,1
1789134889653372,0.019880175590515137,0.036609407514333725,1
1789134889665372,0.023516178131103516,0.03663158416748047,1
1789134889677372,0.036188602447509766,0.03661852329969406,1
1789134889677372,0.036188602447509766,0.03661852329969406,1
1789134889677372,0.036188602447509766,0.03661852329969406,1
1789134889677372,0.036188602447509766,0.03661852329969406,1
1789134889677372,0.036188602447509766,0.03661852329969406,1
1789134889725372,0.03726089000701904,0.036604348570108414,1
1789134889737372,0.01565563678741455,0.03661329671740532,1
1789134889737372,0.01565563678741455,0.03661329671740532,1
1789134889737372,0.01565563678741455,0.03661329671740532,1
1789134889737372,0.01565563678741455,0.03661329671740532,1
1789134889737372,0.01565563678741455,0.03661329671740532,1
1789134889785372,0.02532827854156494,0.03674403205513954,1
1789134889797372,0.03384065628051758,0.036766573786735535,1
1789134889797372,0.03384065628051758,0.036766573786735535,1
1789134889797372,0.03384065628051758,0.036766573786735535,1
1789134889821372,0.04437291622161865,0.036753445863723755,1
1789134889821372,0.04437291622161865,0.036753445863723755,1
1789134889845372,0.004181861877441406,0.03678908944129944,1
1789134889857372,0.00812995433807373,0.0368240624666214,1
1789134889857372,0.00812995433807373,0.0368240624666214,1
1789134889857372,0.00812995433807373,0.0368240624666214,1
1789134889857372,0.00812995433807373,0.0368240624666214,1
1789134889857372,0.00812995433807373,0.0368240624666214,1
1789134889905372,0.05854940414428711,0.03673437237739563,1
1789134889917372,0.0678720474243164,0.03660440444946289,1
1789134889917372,0.0678720474243164,0.03660440444946289,1
1789134889917372,0.0678720474243164,0.03660440444946289,1
1789134889917372,0.0678720474243164,0.03660440444946289,1
1789134889953372,0.02138817310333252,0.03650052845478058,1
1789134889965372,0.05726122856140137,0.03646409884095192,1
1789134889977372,0.0667341947555542,0.03639602288603783,1
1789134889977372,0.0667341947555542,0.03639602288603783,1
1789134889977372,0.0667341947555542,0.03639602288603783,1
1789134889977372,0.0667341947555542,0.03639602288603783,1
1789134889977372,0.0667341947555542,0.03639602288603783,1
1789134890025372,0.041234612464904785,0.036334533244371414,1
1789134890037372,0.04055523872375488,0.03632038086652756,1
1789134890037372,0.04055523872375488,0.03632038086652756,1
1789134890049372,0.04536128044128418,0.03629487007856369,1
1789134890049372,0.04536128044128418,0.03629487007856369,1
1789134890049372,0.04536128044128418,0.03629487007856369,1
1789134890085372,0.03651022911071777,0.036256950348615646,1
1789134890097372,0.042368531227111816,0.03625848889350891,1
1789134890097372,0.042368531227111816,0.03625848889350891,1
1789134890097372,0.042368531227111816,0.03625848889350891,1
1789134890097372,0.042368531227111816,0.03625848889350891,1
1789134890097372,0.042368531227111816,0.03625848889350891,1
1789134890145372,0.057994723320007324,0.036137040704488754,1
1789134890157372,0.0424656867980957,0.03610719367861748,1
1789134890157372,0.0424656867980957,0.03610719367861748,1
1789134890157372,0.0424656867980957,0.03610719367861748,1
1789134890181372,0.024232864379882812,0.03618956729769707,1
1789134890181372,0.024232864379882812,0.03618956729769707,1
1789134890205372,0.05379283428192139,0.036197058856487274,1
1789134890217372,0.05837249755859375,0.036182940006256104,1
1789134890217372,0.05837249755859375,0.036182940006256104,1
1789134890217372,0.05837249755859375,0.036182940006256104,1
1789134890217372,0.05837249755859375,0.036182940006256104,1
1789134890217372,0.05837249755859375,0.036182940006256104,1
1789134890265372,0.08806133270263672,0.03579303249716759,1
1789134890277372,0.05549585819244385,0.03568188473582268,1
1789134890277372,0.05549585819244385,0.03568188473582268,1
1789134890277372,0.05549585819244385,0.03568188473582268,1
1789134890277372,0.05549585819244385,0.03568188473582268,1
1789134890313372,-0.016750335693359375,0.03593362867832184,1
1789134890325372,0.013887286186218262,0.03608940169215202,1
1789134890337372,0.003701448440551758,0.03615664690732956,1
1789134890337372,0.003701448440551758,0.03615664690732956,1
1789134890337372,0.003701448440551758,0.03615664690732956,1
1789134890337372,0.003701448440551758,0.03615664690732956,1
1789134890337372,0.003701448440551758,0.03615664690732956,1
1789134890385372,0.03397941589355469,0.0362742654979229,1
1789134890397372,0.024098634719848633,0.036365609616041183,1
1789134890397372,0.024098634719848633,0.036365609616041183,1
1789134890397372,0.024098634719848633,0.036365609616041183,1
1789134890397372,0.024098634719848633,0.036365609616041183,1
1789134890397372,0.024098634719848633,0.036365609616041183,1
1789134890445372,-0.062192678451538086,0.037687964737415314,1
1789134890457372,-0.051793575286865234,0.03788051754236221,1
1789134890457372,-0.051793575286865234,0.03788051754236221,1
1789134890457372,-0.051793575286865234,0.03788051754236221,1
1789134890481372,0.06262028217315674,0.038125503808259964,1
1789134890481372,0.06262028217315674,0.038125503808259964,1
1789134890505372,0.029867172241210938,0.03819224238395691,1
1789134890517372,0.009804606437683105,0.038275498896837234,1
1789134890517372,0.009804606437683105,0.038275498896837234,1
1789134890517372,0.009804606437683105,0.038275498896837234,1
1789134890517372,0.009804606437683105,0.038275498896837234,1
1789134890517372,0.009804606437683105,0.038275498896837234,1
1789134890565372,0.09280586242675781,0.03824227303266525,1
1789134890577372,0.08768582344055176,0.038183294236660004,1
1789134890577372,0.08768582344055176,0.038183294236660004,1
1789134890577372,0.08768582344055176,0.038183294236660004,1
1789134890577372,0.08768582344055176,0.038183294236660004,1
1789134890613372,0.05492806434631348,0.037952154874801636,1
1789134890625372,0.07205164432525635,0.03789946436882019,1
1789134890637372,0.05048167705535889,0.03782757744193077,1
1789134890637372,0.05048167705535889,0.03782757744193077,1
1789134890637543,0.05048167705535889,0.03782757744193077,1
1789134890637543,0.05048167705535889,0.03782757744193077,1
1789134890637543,0.05048167705535889,0.03782757744193077,1
1789134890685543,-0.0013502836227416992,0.03818199411034584,1
1789134890697543,-0.00039708614349365234,0.03824247792363167,1
1789134890697543,-0.00039708614349365234,0.03824247792363167,1
1789134890709543,0.057510972023010254,0.03826526552438736,1
1789134890709543,0.057510972023010254,0.03826526552438736,1
1789134890709543,0.057510972023010254,0.03826526552438736,1
1789134890745543,0.021165847778320312,0.038334187120199203,1
1789134890757543,0.01730942726135254,0.038423046469688416,1
1789134890757543,0.01730942726135254,0.038423046469688416,1
1789134890757543,0.01730942726135254,0.038423046469688416,1
1789134890757543,0.01730942726135254,0.038423046469688416,1
1789134890757543,0.01730942726135254,0.038423046469688416,1
1789134890805543,0.017390012741088867,0.038778048008680344,1
1789134890817543,0.04017448425292969,0.0387967973947525,1
1789134890817543,0.04017448425292969,0.0387967973947525,1
1789134890817543,0.04017448425292969,0.0387967973947525,1
1789134890841543,0.014313220977783203,0.03887219354510307,1
1789134890841543,0.014313220977783203,0.03887219354510307,1
1789134890865543,0.014550447463989258,0.03898639231920242,1
1789134890877543,0.003583192825317383,0.039029236882925034,1
1789134890877543,0.003583192825317383,0.039029236882925034,1
1789134890877543,0.003583192825317383,0.039029236882925034,1
1789134890877543,0.003583192825317383,0.039029236882925034,1
1789134890877543,0.003583192825317383,0.039029236882925034,1
1789134890925543,0.028730392456054688,0.039210930466651917,1
1789134890937543,0.02549564838409424,0.03921045362949371,1
1789134890937543,0.02549564838409424,0.03921045362949371,1
1789134890937543,0.02549564838409424,0.03921045362949371,1
1789134890937543,0.02549564838409424,0.03921045362949371,1
1789134890973543,0.035695552825927734,0.039152298122644424,1
1789134890985543,0.030441880226135254,0.03913170471787453,1
1789134890997543,-0.014477133750915527,0.03914410620927811,1
1789134890997543,-0.014477133750915527,0.03914410620927811,1
1789134890997543,-0.014477133750915527,0.03914410620927811,1
1789134890997543,-0.014477133750915527,0.03914410620927811,1
1789134890997543,-0.014477133750915527,0.03914410620927811,1
1789134891045543,0.04937601089477539,0.0391727052628994,1
1789134891057543,0.06819605827331543,0.03909001499414444,1
1789134891057543,0.06819605827331543,0.03909001499414444,1
1789134891057543,0.06819605827331543,0.03909001499414444,1
1789134891057543,0.06819605827331543,0.03909001499414444,1
1789134891057543,0.06819605827331543,0.03909001499414444,1
1789134891105543,0.0059359073638916016,0.03890690952539444,1
1789134891117543,0.011722803115844727,0.03892615810036659,1
1789134891117543,0.011722803115844727,0.03892615810036659,1
1789134891117543,0.011722803115844727,0.03892615810036659,1
1789134891141543,0.014775395393371582,0.038891445845365524,1
1789134891141543,0.014775395393371582,0.038891445845365524,1
1789134891165543,-0.024842023849487305,0.03901318460702896,1
1789134891177543,-0.04150247573852539,0.039076659828424454,1
1789134891177543,-0.04150247573852539,0.039076659828424454,1
1789134891177543,-0.04150247573852539,0.039076659828424454,1
1789134891177543,-0.04150247573852539,0.039076659828424454,1
1789134891177543,-0.04150247573852539,0.039076659828424454,1
1789134891225543,0.026369690895080566,0.03892231360077858,1
1789134891237543,0.05310642719268799,0.03877510875463486,1
1789134891237543,0.05310642719268799,0.03877510875463486,1
1789134891237543,0.05310642719268799,0.03877510875463486,1
1789134891237543,0.05310642719268799,0.03877510875463486,1
1789134891273543,-0.0021666288375854492,0.038565538823604584,1
1789134891285543,0.023511290550231934,0.03845950588583946,1
1789134891297543,0.037258028984069824,0.03836366534233093,1
1789134891297543,0.037258028984069824,0.03836366534233093,1
1789134891297543,0.037258028984069824,0.03836366534233093,1
1789134891297543,0.037258028984069824,0.03836366534233093,1
1789134891297543,0.037258028984069824,0.03836366534233093,1
1789134891345543,0.04013073444366455,0.03775779902935028,1
1789134891357543,0.019337058067321777,0.037542883306741714,1
1789134891357543,0.019337058067321777,0.037542883306741714,1
1789134891369543,0.03288137912750244,0.03743373230099678,1
1789134891369543,0.03288137912750244,0.03743373230099678,1
1789134891369543,0.03288137912750244,0.03743373230099678,1
1789134891405543,0.04818618297576904,0.036942899227142334,1
1789134891417543,0.03159379959106445,0.03681424632668495,1
1789134891417543,0.03159379959106445,0.03681424632668495,1
1789134891417543,0.03159379959106445,0.03681424632668495,1
1789134891417543,0.03159379959106445,0.03681424632668495,1
1789134891417543,0.03159379959106445,0.03681424632668495,1
1789134891465543,0.036466360092163086,0.03594837710261345,1
1789134891477543,0.021608471870422363,0.03574086353182793,1
1789134891477543,0.021608471870422363,0.03574086353182793,1
1789134891477543,0.021608471870422363,0.03574086353182793,1
1789134891501543,-0.01239931583404541,0.03548835590481758,1
1789134891501543,-0.01239931583404541,0.03548835590481758,1
1789134891525543,-0.018054962158203125,0.035257432609796524,1
1789134891537543,0.01591169834136963,0.035173434764146805,1
1789134891537543,0.01591169834136963,0.035173434764146805,1
1789134891537543,0.01591169834136963,0.035173434764146805,1
1789134891537543,0.01591169834136963,0.035173434764146805,1
1789134891537543,0.01591169834136963,0.035173434764146805,1
1789134891585543,0.0165407657623291,0.03443252295255661,1
1789134891597543,0.02433931827545166,0.03417035937309265,1
1789134891597543,0.02433931827545166,0.03417035937309265,1
1789134891597543,0.02433931827545166,0.03417035937309265,1
1789134891597543,0.02433931827545166,0.03417035937309265,1
1789134891633543,-0.04686868190765381,0.033782508224248886,1
1789134891645543,-0.03580892086029053,0.03374497964978218,1
1789134891657543,-0.020523905754089355,0.03367523103952408,1
1789134891657714,-0.020523905754089355,0.03367523103952408,1
1789134891657714,-0.020523905754089355,0.03367523103952408,1
1789134891657714,-0.020523905754089355,0.03367523103952408,1
1789134891657714,-0.020523905754089355,0.03367523103952408,1
1789134891705714,-0.021797895431518555,0.03317028284072876,1
1789134891717714,-0.011304974555969238,0.03294367343187332,1
1789134891717714,-0.011304974555969238,0.03294367343187332,1
1789134891717714,-0.011304974555969238,0.03294367343187332,1
1789134891717714,-0.011304974555969238,0.03294367343187332,1
1789134891717714,-0.011304974555969238,0.03294367343187332,1
1789134891765714,-0.006945967674255371,0.032059282064437866,1
1789134891777714,0.008440136909484863,0.03186225891113281,1
1789134891777714,0.008440136909484863,0.03186225891113281,1
1789134891777714,0.008440136909484863,0.03186225891113281,1
1789134891801714,-0.019665956497192383,0.031298574060201645,1
1789134891801714,-0.019665956497192383,0.031298574060201645,1
1789134891825714,-0.012550711631774902,0.030733421444892883,1
1789134891837714,-0.005220890045166016,0.030314842239022255,1
1789134891837714,-0.005220890045166016,0.030314842239022255,1
1789134891837714,-0.005220890045166016,0.030314842239022255,1
1789134891861714,0.00227963924407959,0.0296251829713583,1
1789134891861714,0.00227963924407959,0.0296251829713583,1
1789134891885714,-0.007391929626464844,0.028902025893330574,1
1789134891897714,0.005551338195800781,0.028657030314207077,1
1789134891897714,0.005551338195800781,0.028657030314207077,1
1789134891897714,0.005551338195800781,0.028657030314207077,1
1789134891897714,0.005551338195800781,0.028657030314207077,1
1789134891933714,0.0413510799407959,0.027262350544333458,1
1789134891945714,0.0437932014465332,0.026916785165667534,1
1789134891957714,0.02164757251739502,0.026249468326568604,1
1789134891957714,0.02164757251739502,0.026249468326568604,1
1789134891957714,0.02164757251739502,0.026249468326568604,1
1789134891957714,0.02164757251739502,0.026249468326568604,1
1789134891957714,0.02164757251739502,0.026249468326568604,1
1789134892005714,0.02945864200592041,0.024312255904078484,1
1789134892017714,0.04265487194061279,0.023954052478075027,1
1789134892017714,0.04265487194061279,0.023954052478075027,1
1789134892029714,0.0035666227340698242,0.023305388167500496,1
1789134892029714,0.0035666227340698242,0.023305388167500496,1
1789134892053714,0.03260624408721924,0.022292515262961388,1
1789134892065714,0.03499281406402588,0.021951843053102493,1
1789134892077714,0.021273374557495117,0.021293820813298225,1
1789134892077714,0.021273374557495117,0.021293820813298225,1
1789134892077714,0.021273374557495117,0.021293820813298225,1
1789134892077714,0.021273374557495117,0.021293820813298225,1
1789134892077714,0.021273374557495117,0.021293820813298225,1
1789134892125714,-0.05008971691131592,0.01964378170669079,1
1789134892137714,-0.06853556632995605,0.019456729292869568,1
1789134892137714,-0.06853556632995605,0.019456729292869568,1
1789134892137714,-0.06853556632995605,0.019456729292869568,1
1789134892161714,0.022959232330322266,0.01872139424085617,1
1789134892161714,0.022959232330322266,0.01872139424085617,1
1789134892185714,0.007579445838928223,0.017826655879616737,1
1789134892197714,0.019288182258605957,0.017215240746736526,1
1789134892197714,0.019288182258605957,0.017215240746736526,1
1789134892197714,0.019288182258605957,0.017215240746736526,1
1789134892197714,0.019288182258605957,0.017215240746736526,1
1789134892197714,0.019288182258605957,0.017215240746736526,1
1789134892245714,0.03702366352081299,0.015283537097275257,1
1789134892257714,0.013559103012084961,0.014966319315135479,1
1789134892257714,0.013559103012084961,0.014966319315135479,1
1789134892257714,0.013559103012084961,0.014966319315135479,1
1789134892257714,0.013559103012084961,0.014966319315135479,1
1789134892293714,-0.01889181137084961,0.013601775281131268,1
1789134892305714,0.010169029235839844,0.013300225138664246,1
1789134892317714,-0.04325258731842041,0.012767279520630836,1
1789134892317714,-0.04325258731842041,0.012767279520630836,1
1789134892317714,-0.04325258731842041,0.012767279520630836,1
1789134892317714,-0.04325258731842041,0.012767279520630836,1
1789134892317714,-0.04325258731842041,0.012767279520630836,1
1789134892365714,0.022297263145446777,0.01124635711312294,1
1789134892377714,0.01180565357208252,0.010923261754214764,1
1789134892377714,0.01180565357208252,0.010923261754214764,1
1789134892377714,0.01180565357208252,0.010923261754214764,1
1789134892377714,0.01180565357208252,0.010923261754214764,1
1789134892377714,0.01180565357208252,0.010923261754214764,1
1789134892425714,0.020186662673950195,0.009081048890948296,1
1789134892437714,0.014759540557861328,0.008467204868793488,1
1789134892437714,0.014759540557861328,0.008467204868793488,1
1789134892437714,0.014759540557861328,0.008467204868793488,1
1789134892461714,0.02372574806213379,0.0075408900156617165,1
1789134892461714,0.02372574806213379,0.0075408900156617165,1
1789134892485714,0.011173009872436523,0.006578512955456972,1
1789134892497714,0.06483209133148193,0.006216554436832666,1
1789134892497714,0.06483209133148193,0.006216554436832666,1
1789134892497714,0.06483209133148193,0.006216554436832666,1
1789134892497714,0.06483209133148193,0.006216554436832666,1
1789134892497714,0.06483209133148193,0.006216554436832666,1
1789134892545714,0.04681122303009033,0.0038787657395005226,1
1789134892557714,0.03407168388366699,0.003120490349829197,1
1789134892557714,0.03407168388366699,0.003120490349829197,1
1789134892557714,0.03407168388366699,0.003120490349829197,1
1789134892557714,0.03407168388366699,0.003120490349829197,1
1789134892593714,0.031191468238830566,0.0017206206684932113,1
1789134892605714,0.05722546577453613,0.0009767477167770267,1
1789134892617714,0.020712733268737793,0.0006260975496843457,1
1789134892617714,0.020712733268737793,0.0006260975496843457,1
1789134892617714,0.020712733268737793,0.0006260975496843457,1
1789134892617714,0.020712733268737793,0.0006260975496843457,1
1789134892617714,0.020712733268737793,0.0006260975496843457,1
1789134892665884,-0.0057146549224853516,-0.0010846907971426845,1
1789134892677884,-0.0031757354736328125,-0.0016123189125210047,1
1789134892677884,-0.0031757354736328125,-0.0016123189125210047,1
1789134892689884,-0.01075136661529541,-0.0018641309579834342,1
1789134892689884,-0.01075136661529541,-0.0018641309579834342,1
1789134892689884,-0.01075136661529541,-0.0018641309579834342,1
1789134892725884,0.13060641288757324,-0.0036054588854312897,1
1789134892737884,0.14571523666381836,-0.0040887510403990746,1
1789134892737884,0.14571523666381836,-0.0040887510403990746,1
1789134892737884,0.14571523666381836,-0.0040887510403990746,1
1789134892737884,0.14571523666381836,-0.0040887510403990746,1
1789134892737884,0.14571523666381836,-0.0040887510403990746,1
1789134892785884,0.08212578296661377,-0.006446605082601309,1
1789134892797884,0.056606292724609375,-0.007073941640555859,1
1789134892797884,0.056606292724609375,-0.007073941640555859,1
1789134892797884,0.056606292724609375,-0.007073941640555859,1
1789134892821884,0.08322381973266602,-0.008032668381929398,1
1789134892821884,0.08322381973266602,-0.008032668381929398,1
1789134892845884,0.07498347759246826,-0.008948186412453651,1
1789134892857884,0.06906259059906006,-0.009251466952264309,1
1789134892857884,0.06906259059906006,-0.009251466952264309,1
1789134892857884,0.06906259059906006,-0.009251466952264309,1
1789134892857884,0.06906259059906006,-0.009251466952264309,1
1789134892857884,0.06906259059906006,-0.009251466952264309,1
1789134892905884,0.07666134834289551,-0.01103899721056223,1
1789134892917884,0.1088629961013794,-0.01158481277525425,1
1789134892917884,0.1088629961013794,-0.01158481277525425,1
1789134892917884,0.1088629961013794,-0.01158481277525425,1
1789134892917884,0.1088629961013794,-0.01158481277525425,1
1789134892953884,0.011555314064025879,-0.012426082976162434,1
1789134892965884,-0.00038051605224609375,-0.01267766673117876,1
1789134892977884,0.018731117248535156,-0.012768932618200779,1
1789134892977884,0.018731117248535156,-0.012768932618200779,1
1789134892977884,0.018731117248535156,-0.012768932618200779,1
1789134892977884,0.018731117248535156,-0.012768932618200779,1
1789134892977884,0.018731117248535156,-0.012768932618200779,1
1789134893025884,0.03056812286376953,-0.013498884625732899,1
1789134893037884,0.016629815101623535,-0.01364822406321764,1
1789134893037884,0.016629815101623535,-0.01364822406321764,1
1789134893037884,0.016629815101623535,-0.01364822406321764,1
1789134893037884,0.016629815101623535,-0.01364822406321764,1
1789134893037884,0.016629815101623535,-0.01364822406321764,1
1789134893085884,-0.04416334629058838,-0.013329969719052315,1
1789134893097884,-0.026450037956237793,-0.013286528177559376,1
1789134893097884,-0.026450037956237793,-0.013286528177559376,1
1789134893097884,-0.026450037956237793,-0.013286528177559376,1
1789134893121884,0.020268917083740234,-0.01324625127017498,1
1789134893121884,0.020268917083740234,-0.01324625127017498,1
1789134893145884,-0.02355647087097168,-0.013213295489549637,1
1789134893157884,-0.05304157733917236,-0.013104692101478577,1
1789134893157884,-0.05304157733917236,-0.013104692101478577,1
1789134893157884,-0.05304157733917236,-0.013104692101478577,1
1789134893157884,-0.05304157733917236,-0.013104692101478577,1
1789134893157884,-0.05304157733917236,-0.013104692101478577,1
1789134893205884,-0.09055805206298828,-0.012298699468374252,1
1789134893217884,-0.07061505317687988,-0.01217240747064352,1
1789134893217884,-0.07061505317687988,-0.01217240747064352,1
1789134893217884,-0.07061505317687988,-0.01217240747064352,1
1789134893217884,-0.07061505317687988,-0.01217240747064352,1
1789134893253884,-0.07004129886627197,-0.011684665456414223,1
1789134893265884,-0.07253777980804443,-0.011594027280807495,1
1789134893277884,-0.07845127582550049,-0.011374167166650295,1
1789134893277884,-0.07845127582550049,-0.011374167166650295,1
1789134893277884,-0.07845127582550049,-0.011374167166650295,1
1789134893277884,-0.07845127582550049,-0.011374167166650295,1
1789134893277884,-0.07845127582550049,-0.011374167166650295,1
1789134893325884,-0.01772749423980713,-0.011117040179669857,1
1789134893337884,-0.00032532215118408203,-0.01114517543464899,1
1789134893337884,-0.00032532215118408203,-0.01114517543464899,1
1789134893337884,-0.00032532215118408203,-0.01114517543464899,1
1789134893337884,-0.00032532215118408203,-0.01114517543464899,1
1789134893337884,-0.00032532215118408203,-0.01114517543464899,1
1789134893385884,-0.05904734134674072,-0.011274609714746475,1
1789134893397884,-0.06385409832000732,-0.011229368858039379,1
1789134893397884,-0.06385409832000732,-0.011229368858039379,1
1789134893397884,-0.06385409832000732,-0.011229368858039379,1
1789134893397884,-0.06385409832000732,-0.011229368858039379,1
1789134893397884,-0.06385409832000732,-0.011229368858039379,1
1789134893445884,0.004044771194458008,-0.011358403600752354,1
1789134893457884,0.005110621452331543,-0.011463255621492863,1
1789134893457884,0.005110621452331543,-0.011463255621492863,1
1789134893457884,0.005110621452331543,-0.011463255621492863,1
1789134893481884,0.011865019798278809,-0.011804362758994102,1
1789134893481884,0.011865019798278809,-0.011804362758994102,1
1789134893505884,0.0048798322677612305,-0.012157008983194828,1
1789134893517884,0.005216360092163086,-0.012384704314172268,1
1789134893517884,0.005216360092163086,-0.012384704314172268,1
1789134893517884,0.005216360092163086,-0.012384704314172268,1
1789134893517884,0.005216360092163086,-0.012384704314172268,1
1789134893517884,0.005216360092163086,-0.012384704314172268,1
1789134893565884,0.04692947864532471,-0.01325869932770729,1
1789134893577884,0.0845334529876709,-0.013460580259561539,1
1789134893577884,0.0845334529876709,-0.013460580259561539,1
1789134893577884,0.0845334529876709,-0.013460580259561539,1
1789134893577884,0.0845334529876709,-0.013460580259561539,1
1789134893613884,0.02785336971282959,-0.014396236278116703,1
1789134893625884,0.01940023899078369,-0.014541368000209332,1
1789134893637884,0.012956619262695312,-0.014799073338508606,1
1789134893637884,0.012956619262695312,-0.014799073338508606,1
1789134893637884,0.012956619262695312,-0.014799073338508606,1
1789134893638055,0.012956619262695312,-0.014799073338508606,1
1789134893638055,0.012956619262695312,-0.014799073338508606,1
1789134893686055,0.023717522621154785,-0.0154713811352849,1
1789134893698055,0.010485172271728516,-0.015586787834763527,1
1789134893698055,0.010485172271728516,-0.015586787834763527,1
1789134893698055,0.010485172271728516,-0.015586787834763527,1
1789134893698055,0.010485172271728516,-0.015586787834763527,1
1789134893698055,0.010485172271728516,-0.015586787834763527,1
1789134893746055,0.014739751815795898,-0.01627185009419918,1
1789134893758055,-0.013077020645141602,-0.016390692442655563,1
1789134893758055,-0.013077020645141602,-0.016390692442655563,1
1789134893758055,-0.013077020645141602,-0.016390692442655563,1
1789134893782055,0.01794588565826416,-0.016586577519774437,1
1789134893782055,0.01794588565826416,-0.016586577519774437,1
1789134893806055,0.002554178237915039,-0.01682872697710991,1
1789134893818055,0.027327895164489746,-0.01690566912293434,1
1789134893818055,0.027327895164489746,-0.01690566912293434,1
1789134893818055,0.027327895164489746,-0.01690566912293434,1
1789134893818055,0.027327895164489746,-0.01690566912293434,1
1789134893818055,0.027327895164489746,-0.01690566912293434,1
1789134893866055,0.023945331573486328,-0.01724342815577984,1
1789134893878055,0.04272043704986572,-0.017449473962187767,1
1789134893878055,0.04272043704986572,-0.017449473962187767,1
1789134893878055,0.04272043704986572,-0.017449473962187767,1
1789134893878055,0.04272043704986572,-0.017449473962187767,1
1789134893914055,0.06527161598205566,-0.01789991557598114,1
1789134893926055,0.07626426219940186,-0.018175262957811356,1
1789134893938055,0.07418763637542725,-0.018296029418706894,1
1789134893938055,0.07418763637542725,-0.018296029418706894,1
1789134893938055,0.07418763637542725,-0.018296029418706894,1
1789134893938055,0.07418763637542725,-0.018296029418706894,1
1789134893938055,0.07418763637542725,-0.018296029418706894,1
1789134893986055,0.043526649475097656,-0.01903136633336544,1
1789134893998055,0.014781832695007324,-0.019109250977635384,1
1789134893998055,0.014781832695007324,-0.019109250977635384,1
1789134894010055,0.011894822120666504,-0.019138872623443604,1
1789134894010055,0.011894822120666504,-0.019138872623443604,1
1789134894010055,0.011894822120666504,-0.019138872623443604,1
1789134894046055,0.018187880516052246,-0.019285842776298523,1
1789134894058055,0.03702950477600098,-0.019305726513266563,1
1789134894058055,0.03702950477600098,-0.019305726513266563,1
1789134894058055,0.03702950477600098,-0.019305726513266563,1
1789134894058055,0.03702950477600098,-0.019305726513266563,1
1789134894058055,0.03702950477600098,-0.019305726513266563,1
1789134894106055,0.07480990886688232,-0.019661884754896164,1
1789134894118055,0.06422185897827148,-0.0197836235165596,1
1789134894118055,0.06422185897827148,-0.0197836235165596,1
1789134894118055,0.06422185897827148,-0.0197836235165596,1
1789134894142055,0.03187751770019531,-0.019757773727178574,1
1789134894142055,0.03187751770019531,-0.019757773727178574,1
1789134894166055,0.09562468528747559,-0.01982206106185913,1
1789134894178055,0.08933460712432861,-0.01989789307117462,1
1789134894178055,0.08933460712432861,-0.01989789307117462,1
1789134894178055,0.08933460712432861,-0.01989789307117462,1
1789134894178055,0.08933460712432861,-0.01989789307117462,1
1789134894178055,0.08933460712432861,-0.01989789307117462,1
1789134894226055,0.03835427761077881,-0.020077591761946678,1
1789134894238055,0.010104894638061523,-0.01997542195022106,1
1789134894238055,0.010104894638061523,-0.01997542195022106,1
1789134894238055,0.010104894638061523,-0.01997542195022106,1
1789134894238055,0.010104894638061523,-0.01997542195022106,1
1789134894274055,0.0876319408416748,-0.019913600757718086,1
1789134894286055,0.11552584171295166,-0.019997520372271538,1
1789134894298055,0.1023707389831543,-0.02003714069724083,1
1789134894298055,0.1023707389831543,-0.02003714069724083,1
1789134894298055,0.1023707389831543,-0.02003714069724083,1
1789134894298055,0.1023707389831543,-0.02003714069724083,1
1789134894298055,0.1023707389831543,-0.02003714069724083,1
1789134894346055,0.0349043607711792,-0.01998237334191799,1
1789134894358055,-0.006411075592041016,-0.01966877095401287,1
1789134894358055,-0.006411075592041016,-0.01966877095401287,1
1789134894358055,-0.006411075592041016,-0.01966877095401287,1
1789134894358055,-0.006411075592041016,-0.01966877095401287,1
1789134894358055,-0.006411075592041016,-0.01966877095401287,1
1789134894406055,0.012219429016113281,-0.018595194444060326,1
1789134894418055,0.014655709266662598,-0.01841314695775509,1
1789134894418055,0.014655709266662598,-0.01841314695775509,1
1789134894418055,0.014655709266662598,-0.01841314695775509,1
1789134894442055,0.08598124980926514,-0.01812577247619629,1
1789134894442055,0.08598124980926514,-0.01812577247619629,1
1789134894466055,0.01572263240814209,-0.01769939810037613,1
1789134894478055,-0.003013014793395996,-0.017279399558901787,1
1789134894478055,-0.003013014793395996,-0.017279399558901787,1
1789134894478055,-0.003013014793395996,-0.017279399558901787,1
1789134894478055,-0.003013014793395996,-0.017279399558901787,1
1789134894478055,-0.003013014793395996,-0.017279399558901787,1
1789134894526055,0.021651744842529297,-0.015973377972841263,1
1789134894538055,0.023102760314941406,-0.015784651041030884,1
1789134894538055,0.023102760314941406,-0.015784651041030884,1
1789134894538055,0.023102760314941406,-0.015784651041030884,1
1789134894538055,0.023102760314941406,-0.015784651041030884,1
1789134894574055,0.04794752597808838,-0.015126487240195274,1
1789134894586055,0.03126871585845947,-0.014948980882763863,1
1789134894598055,0.01838517189025879,-0.014549939893186092,1
1789134894598055,0.01838517189025879,-0.014549939893186092,1
1789134894598055,0.01838517189025879,-0.014549939893186092,1
1789134894598055,0.01838517189025879,-0.014549939893186092,1
1789134894598055,0.01838517189025879,-0.014549939893186092,1
1789134894646055,0.017305612564086914,-0.013270201161503792,1
1789134894658055,0.05176103115081787,-0.013078402727842331,1
1789134894658055,0.05176103115081787,-0.013078402727842331,1
1789134894670225,0.07834231853485107,-0.012777482159435749,1
1789134894670225,0.07834231853485107,-0.012777482159435749,1
1789134894670225,0.07834231853485107,-0.012777482159435749,1
1789134894706225,0.014323830604553223,-0.012101974338293076,1
1789134894718225,0.00032782554626464844,-0.011603240855038166,1
1789134894718225,0.00032782554626464844,-0.011603240855038166,1
1789134894718225,0.00032782554626464844,-0.011603240855038166,1
1789134894718225,0.00032782554626464844,-0.011603240855038166,1
1789134894718225,0.00032782554626464844,-0.011603240855038166,1
1789134894766225,-0.026401638984680176,-0.009897544048726559,1
1789134894778225,0.007484555244445801,-0.009607319720089436,1
1789134894778225,0.007484555244445801,-0.009607319720089436,1
1789134894778225,0.007484555244445801,-0.009607319720089436,1
1789134894802225,0.056289076805114746,-0.009023210033774376,1
1789134894802225,0.056289076805114746,-0.009023210033774376,1
1789134894826225,0.06064581871032715,-0.008533390238881111,1
1789134894838225,0.021323323249816895,-0.008133254013955593,1
1789134894838225,0.021323323249816895,-0.008133254013955593,1
1789134894838225,0.021323323249816895,-0.008133254013955593,1
1789134894862225,0.013185858726501465,-0.007342800498008728,1
1789134894862225,0.013185858726501465,-0.007342800498008728,1
1789134894886225,0.050567626953125,-0.006659326143562794,1
1789134894898225,0.04353034496307373,-0.006468404550105333,1
1789134894898225,0.04353034496307373,-0.006468404550105333,1
1789134894898225,0.04353034496307373,-0.006468404550105333,1
1789134894898225,0.04353034496307373,-0.006468404550105333,1
1789134894934225,-0.009972095489501953,-0.005573629401624203,1
1789134894946225,-0.01566910743713379,-0.005271790083497763,1
1789134894958225,-0.00951242446899414,-0.004691726993769407,1
1789134894958225,-0.00951242446899414,-0.004691726993769407,1
1789134894958225,-0.00951242446899414,-0.004691726993769407,1
1789134894958225,-0.00951242446899414,-0.004691726993769407,1
1789134894958225,-0.00951242446899414,-0.004691726993769407,1
1789134895006225,0.023519515991210938,-0.0029497446957975626,1
1789134895018225,0.0564424991607666,-0.002720072166994214,1
1789134895018225,0.0564424991607666,-0.002720072166994214,1
1789134895018225,0.0564424991607666,-0.002720072166994214,1
1789134895018225,0.0564424991607666,-0.002720072166994214,1
1789134895054225,0.0027109384536743164,-0.001596340793184936,1
1789134895066225,-0.023930907249450684,-0.001298402901738882,1
1789134895078225,-0.08172726631164551,-0.0005627436912618577,1
1789134895078225,-0.08172726631164551,-0.0005627436912618577,1
1789134895078225,-0.08172726631164551,-0.0005627436912618577,1
1789134895102225,-0.09020507335662842,0.0007407669327221811,1
1789134895102225,-0.09020507335662842,0.0007407669327221811,1
1789134895126225,-0.10748541355133057,0.002078433521091938,1
1789134895138225,-0.14070594310760498,0.0025833244435489178,1
1789134895138225,-0.14070594310760498,0.0025833244435489178,1
1789134895138225,-0.14070594310760498,0.0025833244435489178,1
1789134895138225,-0.14070594310760498,0.0025833244435489178,1
1789134895138225,-0.14070594310760498,0.0025833244435489178,1
1789134895186225,-0.05435609817504883,0.0052894121035933495,1
1789134895198225,-0.025024890899658203,0.0059976461343467236,1
1789134895198225,-0.025024890899658203,0.0059976461343467236,1
1789134895198225,-0.025024890899658203,0.0059976461343467236,1
1789134895198225,-0.025024890899658203,0.0059976461343467236,1
1789134895234225,-0.052117347717285156,0.007324418053030968,1
1789134895246225,-0.045951247215270996,0.008011081255972385,1
1789134895258225,-0.004717826843261719,0.008289190009236336,1
1789134895258225,-0.004717826843261719,0.008289190009236336,1
1789134895258225,-0.004717826843261719,0.008289190009236336,1
1789134895258225,-0.004717826843261719,0.008289190009236336,1
1789134895258225,-0.004717826843261719,0.008289190009236336,1
1789134895306225,-0.02450871467590332,0.009555421769618988,1
1789134895318225,-0.04019451141357422,0.010043262504041195,1
1789134895318225,-0.04019451141357422,0.010043262504041195,1
1789134895330225,-0.03327047824859619,0.010298162698745728,1
1789134895330225,-0.03327047824859619,0.010298162698745728,1
1789134895330225,-0.03327047824859619,0.010298162698745728,1
1789134895366225,0.027471184730529785,0.01119157113134861,1
1789134895378225,0.03726160526275635,0.01132277213037014,1
1789134895378225,0.03726160526275635,0.01132277213037014,1
1789134895378225,0.03726160526275635,0.01132277213037014,1
1789134895378225,0.03726160526275635,0.01132277213037014,1
1789134895378225,0.03726160526275635,0.01132277213037014,1
1789134895426225,-0.0014225244522094727,0.012077951803803444,1
1789134895438225,-0.012141585350036621,0.012441474944353104,1
1789134895438225,-0.012141585350036621,0.012441474944353104,1
1789134895438225,-0.012141585350036621,0.012441474944353104,1
1789134895462225,-0.024776816368103027,0.013027551583945751,1
1789134895462225,-0.024776816368103027,0.013027551583945751,1
1789134895486225,0.03924453258514404,0.01350411493331194,1
1789134895498225,0.05674552917480469,0.013576826080679893,1
1789134895498225,0.05674552917480469,0.013576826080679893,1
1789134895498225,0.05674552917480469,0.013576826080679893,1
1789134895498225,0.05674552917480469,0.013576826080679893,1
1789134895498225,0.05674552917480469,0.013576826080679893,1
1789134895546225,0.03935086727142334,0.013918922282755375,1
1789134895558225,-0.004680037498474121,0.014237768016755581,1
1789134895558225,-0.004680037498474121,0.014237768016755581,1
1789134895558225,-0.004680037498474121,0.014237768016755581,1
1789134895558225,-0.004680037498474121,0.014237768016755581,1
1789134895594225,0.06635391712188721,0.014671524986624718,1
1789134895606225,0.09416282176971436,0.014773000031709671,1
1789134895618225,0.07791447639465332,0.014805766753852367,1
1789134895618225,0.07791447639465332,0.014805766753852367,1
1789134895618225,0.07791447639465332,0.014805766753852367,1
1789134895618225,0.07791447639465332,0.014805766753852367,1
1789134895618225,0.07791447639465332,0.014805766753852367,1
1789134895666225,0.02349531650543213,0.01518500316888094,1
1789134895678225,0.0013790130615234375,0.0155031718313694,1
1789134895678394,0.0013790130615234375,0.0155031718313694,1
1789134895678394,0.0013790130615234375,0.0155031718313694,1
1789134895678394,0.0013790130615234375,0.0155031718313694,1
1789134895678394,0.0013790130615234375,0.0155031718313694,1
1789134895726394,0.024087905883789062,0.01656489260494709,1
1789134895738394,0.03831362724304199,0.01670846715569496,1
1789134895738394,0.03831362724304199,0.01670846715569496,1
1789134895738394,0.03831362724304199,0.01670846715569496,1
1789134895762394,0.035333871841430664,0.017067931592464447,1
1789134895762394,0.035333871841430664,0.017067931592464447,1
1789134895786394,-0.005948424339294434,0.01761527732014656,1
1789134895798394,-0.03673410415649414,0.01811330020427704,1
1789134895798394,-0.03673410415649414,0.01811330020427704,1
1789134895798394,-0.03673410415649414,0.01811330020427704,1
1789134895798394,-0.03673410415649414,0.01811330020427704,1
1789134895798394,-0.03673410415649414,0.01811330020427704,1
1789134895846394,0.054558396339416504,0.019327882677316666,1
1789134895858394,0.06296586990356445,0.019446412101387978,1
1789134895858394,0.06296586990356445,0.019446412101387978,1
1789134895858394,0.06296586990356445,0.019446412101387978,1
1789134895858394,0.06296586990356445,0.019446412101387978,1
1789134895894394,0.028078794479370117,0.02002723515033722,1
1789134895906394,0.008052706718444824,0.020213618874549866,1
1789134895918394,-0.028149008750915527,0.0206619706004858,1
1789134895918394,-0.028149008750915527,0.0206619706004858,1
1789134895918394,-0.028149008750915527,0.0206619706004858,1
1789134895918394,-0.028149008750915527,0.0206619706004858,1
1789134895918394,-0.028149008750915527,0.0206619706004858,1
1789134895966394,-0.013062715530395508,0.0221501886844635,1
1789134895978394,-0.0016796588897705078,0.022370580583810806,1
1789134895978394,-0.0016796588897705078,0.022370580583810806,1
1789134895990394,0.010213613510131836,0.022752000018954277,1
1789134895990394,0.010213613510131836,0.022752000018954277,1
1789134895990394,0.010213613510131836,0.022752000018954277,1
1789134896026394,-0.01821613311767578,0.023574452847242355,1
1789134896038394,-0.017263293266296387,0.024105379357933998,1
1789134896038394,-0.017263293266296387,0.024105379357933998,1
1789134896038394,-0.017263293266296387,0.024105379357933998,1
1789134896038394,-0.017263293266296387,0.024105379357933998,1
1789134896038394,-0.017263293266296387,0.024105379357933998,1
1789134896086394,-0.015026330947875977,0.025539610534906387,1
1789134896098394,-0.0207216739654541,0.025782955810427666,1
1789134896098394,-0.0207216739654541,0.025782955810427666,1
1789134896098394,-0.0207216739654541,0.025782955810427666,1
1789134896122394,0.003916740417480469,0.026434391736984253,1
1789134896122394,0.003916740417480469,0.026434391736984253,1
1789134896146394,0.004508018493652344,0.026972202584147453,1
1789134896158394,-0.031949520111083984,0.02743907831609249,1
1789134896158394,-0.031949520111083984,0.02743907831609249,1
1789134896158394,-0.031949520111083984,0.02743907831609249,1
1789134896158394,-0.031949520111083984,0.02743907831609249,1
1789134896158394,-0.031949520111083984,0.02743907831609249,1
1789134896206394,-0.007439255714416504,0.028882883489131927,1
1789134896218394,0.0024667978286743164,0.029070043936371803,1
1789134896218394,0.0024667978286743164,0.029070043936371803,1
1789134896218394,0.0024667978286743164,0.029070043936371803,1
1789134896218394,0.0024667978286743164,0.029070043936371803,1
1789134896254394,-0.014994263648986816,0.029927320778369904,1
1789134896266394,-0.02695906162261963,0.030139293521642685,1
1789134896278394,-0.011149048805236816,0.030575105920433998,1
1789134896278394,-0.011149048805236816,0.030575105920433998,1
1789134896278394,-0.011149048805236816,0.030575105920433998,1
1789134896278394,-0.011149048805236816,0.030575105920433998,1
1789134896278394,-0.011149048805236816,0.030575105920433998,1
1789134896326394,-0.023217439651489258,0.03198104724287987,1
1789134896338394,0.008146405220031738,0.032147593796253204,1
1789134896338394,0.008146405220031738,0.032147593796253204,1
1789134896338394,0.008146405220031738,0.032147593796253204,1
1789134896338394,0.008146405220031738,0.032147593796253204,1
1789134896338394,0.008146405220031738,0.032147593796253204,1
1789134896386394,-0.12260878086090088,0.033597689121961594,1
1789134896398394,-0.10348343849182129,0.034266237169504166,1
1789134896398394,-0.10348343849182129,0.034266237169504166,1
1789134896398394,-0.10348343849182129,0.034266237169504166,1
1789134896422394,-0.10296773910522461,0.03534615412354469,1
1789134896422394,-0.10296773910522461,0.03534615412354469,1
1789134896446394,-0.03678631782531738,0.03609016165137291,1
1789134896458394,-0.02760446071624756,0.036292914301157,1
1789134896458394,-0.02760446071624756,0.036292914301157,1
1789134896458394,-0.02760446071624756,0.036292914301157,1
1789134896458394,-0.02760446071624756,0.036292914301157,1
1789134896458394,-0.02760446071624756,0.036292914301157,1
1789134896506394,-0.03189361095428467,0.03727535530924797,1
1789134896518394,-0.06858634948730469,0.03772277012467384,1
1789134896518394,-0.06858634948730469,0.03772277012467384,1
1789134896518394,-0.06858634948730469,0.03772277012467384,1
1789134896518394,-0.06858634948730469,0.03772277012467384,1
1789134896554394,-0.021671414375305176,0.03848180174827576,1
1789134896566394,0.017001032829284668,0.038658563047647476,1
1789134896578394,-0.00694119930267334,0.03872120380401611,1
1789134896578394,-0.00694119930267334,0.03872120380401611,1
1789134896578394,-0.00694119930267334,0.03872120380401611,1
1789134896578394,-0.00694119930267334,0.03872120380401611,1
1789134896578394,-0.00694119930267334,0.03872120380401611,1
1789134896626394,-0.016596555709838867,0.03914518281817436,1
1789134896638394,-0.028354167938232422,0.03932802379131317,1
1789134896638394,-0.028354167938232422,0.03932802379131317,1
1789134896650394,-0.03936266899108887,0.03943812847137451,1
1789134896650394,-0.03936266899108887,0.03943812847137451,1
1789134896650394,-0.03936266899108887,0.03943812847137451,1
1789134896686566,-0.01951456069946289,0.03996601328253746,1
1789134896698566,-0.013202071189880371,0.04002230614423752,1
1789134896698566,-0.013202071189880371,0.04002230614423752,1
1789134896698566,-0.013202071189880371,0.04002230614423752,1
1789134896698566,-0.013202071189880371,0.04002230614423752,1
1789134896698566,-0.013202071189880371,0.04002230614423752,1
1789134896746566,0.032941460609436035,0.03991430997848511,1
1789134896758566,0.031371474266052246,0.03985527530312538,1
1789134896758566,0.031371474266052246,0.03985527530312538,1
1789134896758566,0.031371474266052246,0.03985527530312538,1
1789134896782566,0.0031186342239379883,0.03986527770757675,1
1789134896782566,0.0031186342239379883,0.03986527770757675,1
1789134896806566,0.04371488094329834,0.0397498793900013,1
1789134896818566,0.027696609497070312,0.03968996927142143,1
1789134896818566,0.027696609497070312,0.03968996927142143,1
1789134896818566,0.027696609497070312,0.03968996927142143,1
1789134896818566,0.027696609497070312,0.03968996927142143,1
1789134896818566,0.027696609497070312,0.03968996927142143,1
1789134896866566,0.010001897811889648,0.03941531479358673,1
1789134896878566,0.00404047966003418,0.039369139820337296,1
1789134896878566,0.00404047966003418,0.039369139820337296,1
1789134896878566,0.00404047966003418,0.039369139820337296,1
1789134896878566,0.00404047966003418,0.039369139820337296,1
1789134896914566,0.06194126605987549,0.03901834413409233,1
1789134896926566,0.09275949001312256,0.038741156458854675,1
1789134896938566,0.07167422771453857,0.03859732300043106,1
1789134896938566,0.07167422771453857,0.03859732300043106,1
1789134896938566,0.07167422771453857,0.03859732300043106,1
1789134896938566,0.07167422771453857,0.03859732300043106,1
1789134896938566,0.07167422771453857,0.03859732300043106,1
1789134896986566,0.05690944194793701,0.03783196210861206,1
1789134896998566,0.04344069957733154,0.0376555435359478,1
1789134896998566,0.04344069957733154,0.0376555435359478,1
1789134896998566,0.04344069957733154,0.0376555435359478,1
1789134896998566,0.04344069957733154,0.0376555435359478,1
1789134896998566,0.04344069957733154,0.0376555435359478,1
1789134897046566,0.05322372913360596,0.03727485239505768,1
1789134897058566,0.072640061378479,0.03717340528964996,1
1789134897058566,0.072640061378479,0.03717340528964996,1
1789134897058566,0.072640061378479,0.03717340528964996,1
1789134897082566,0.027260541915893555,0.036948610097169876,1
1789134897082566,0.027260541915893555,0.036948610097169876,1
1789134897106566,0.031545162200927734,0.0368758924305439,1
1789134897118566,0.03524219989776611,0.03677782416343689,1
1789134897118566,0.03524219989776611,0.03677782416343689,1
1789134897118566,0.03524219989776611,0.03677782416343689,1
1789134897118566,0.03524219989776611,0.03677782416343689,1
1789134897118566,0.03524219989776611,0.03677782416343689,1
1789134897166566,0.04033398628234863,0.03646090254187584,1
1789134897178566,0.00900256633758545,0.03643849119544029,1
1789134897178566,0.00900256633758545,0.03643849119544029,1
1789134897178566,0.00900256633758545,0.03643849119544029,1
1789134897178566,0.00900256633758545,0.03643849119544029,1
1789134897214566,0.041266679763793945,0.0363708920776844,1
1789134897226566,0.07051324844360352,0.03630032390356064,1
1789134897238566,0.06918144226074219,0.0361066535115242,1
1789134897238566,0.06918144226074219,0.0361066535115242,1
1789134897238566,0.06918144226074219,0.0361066535115242,1
1789134897238566,0.06918144226074219,0.0361066535115242,1
1789134897238566,0.06918144226074219,0.0361066535115242,1
1789134897286566,0.05643749237060547,0.03557753935456276,1
1789134897298566,0.04503905773162842,0.03553648665547371,1
1789134897298566,0.04503905773162842,0.03553648665547371,1
1789134897310566,0.03540825843811035,0.03545306995511055,1
1789134897310566,0.03540825843811035,0.03545306995511055,1
1789134897310566,0.03540825843811035,0.03545306995511055,1
1789134897346566,0.058576226234436035,0.03528087958693504,1
1789134897358566,0.06790339946746826,0.0351303406059742,1
1789134897358566,0.06790339946746826,0.0351303406059742,1
1789134897358566,0.06790339946746826,0.0351303406059742,1
1789134897358566,0.06790339946746826,0.0351303406059742,1
1789134897358566,0.06790339946746826,0.0351303406059742,1
1789134897406566,0.08488869667053223,0.0345640629529953,1
1789134897418566,0.06245696544647217,0.034521181136369705,1
1789134897418566,0.06245696544647217,0.034521181136369705,1
1789134897418566,0.06245696544647217,0.034521181136369705,1
1789134897442566,0.0598834753036499,0.0344388410449028,1
1789134897442566,0.0598834753036499,0.0344388410449028,1
1789134897466566,0.07650065422058105,0.03427644446492195,1
1789134897478566,0.02142500877380371,0.03427857160568237,1
1789134897478566,0.02142500877380371,0.03427857160568237,1
1789134897478566,0.02142500877380371,0.03427857160568237,1
1789134897478566,0.02142500877380371,0.03427857160568237,1
1789134897478566,0.02142500877380371,0.03427857160568237,1
1789134897526566,0.09536254405975342,0.03426980972290039,1
1789134897538566,0.0814594030380249,0.03422394022345543,1
1789134897538566,0.0814594030380249,0.03422394022345543,1
1789134897538566,0.0814594030380249,0.03422394022345543,1
1789134897538566,0.0814594030380249,0.03422394022345543,1
1789134897574566,0.036240339279174805,0.034202560782432556,1
1789134897586566,0.01584029197692871,0.03429022058844566,1
1789134897598566,0.03854048252105713,0.034417204558849335,1
1789134897598566,0.03854048252105713,0.034417204558849335,1
1789134897598566,0.03854048252105713,0.034417204558849335,1
1789134897598566,0.03854048252105713,0.034417204558849335,1
1789134897598566,0.03854048252105713,0.034417204558849335,1
1789134897646566,0.06232810020446777,0.03466222062706947,1
1789134897658566,0.08086812496185303,0.0346858873963356,1
1789134897658566,0.08086812496185303,0.0346858873963356,1
1789134897658566,0.08086812496185303,0.0346858873963356,1
1789134897658735,0.08086812496185303,0.0346858873963356,1
1789134897658735,0.08086812496185303,0.0346858873963356,1
1789134897706735,-0.0067986249923706055,0.035226769745349884,1
1789134897718735,0.04672837257385254,0.03547446057200432,1
1789134897718735,0.04672837257385254,0.03547446057200432,1
1789134897718735,0.04672837257385254,0.03547446057200432,1
1789134897742735,0.0683279037475586,0.03554564714431763,1
1789134897742735,0.0683279037475586,0.03554564714431763,1
1789134897766735,0.017337560653686523,0.03577412664890289,1
1789134897778735,0.019814252853393555,0.03588210791349411,1
1789134897778735,0.019814252853393555,0.03588210791349411,1
1789134897778735,0.019814252853393555,0.03588210791349411,1
1789134897778735,0.019814252853393555,0.03588210791349411,1
1789134897778735,0.019814252853393555,0.03588210791349411,1
1789134897826735,0.06495177745819092,0.03642575815320015,1
1789134897838735,0.07518017292022705,0.036521364003419876,1
1789134897838735,0.07518017292022705,0.036521364003419876,1
1789134897838735,0.07518017292022705,0.036521364003419876,1
1789134897862735,0.022095441818237305,0.036775100976228714,1
1789134897874735,0.012458205223083496,0.03688770532608032,1
1789134897886735,0.041200995445251465,0.03710777685046196,1
1789134897898735,0.017534255981445312,0.03720124065876007,1
1789134897898735,0.017534255981445312,0.03720124065876007,1
1789134897898735,0.017534255981445312,0.03720124065876007,1
1789134897898735,0.017534255981445312,0.03720124065876007,1
1789134897898735,0.017534255981445312,0.03720124065876007,1
1789134897946735,-0.0046939849853515625,0.03809613361954689,1
1789134897958735,0.03049147129058838,0.03834131360054016,1
1789134897958735,0.03049147129058838,0.03834131360054016,1
1789134897970735,0.039731383323669434,0.03842984884977341,1
1789134897970735,0.039731383323669434,0.03842984884977341,1
1789134897970735,0.039731383323669434,0.03842984884977341,1
1789134898006735,0.10895633697509766,0.03852137550711632,1
1789134898018735,0.14296889305114746,0.03849812224507332,1
1789134898018735,0.14296889305114746,0.03849812224507332,1
1789134898018735,0.14296889305114746,0.03849812224507332,1
1789134898018735,0.14296889305114746,0.03849812224507332,1
1789134898054735,0.10628533363342285,0.03837715461850166,1
1789134898066735,0.0754157304763794,0.038400087505578995,1
1789134898078735,0.035658955574035645,0.038537539541721344,1
1789134898078735,0.035658955574035645,0.038537539541721344,1
1789134898078735,0.035658955574035645,0.038537539541721344,1
1789134898102735,0.04872119426727295,0.03882361203432083,1
1789134898102735,0.04872119426727295,0.03882361203432083,1
1789134898126735,0.04296112060546875,0.039023756980895996,1
1789134898138735,0.009341239929199219,0.03911866992712021,1
1789134898138735,0.009341239929199219,0.03911866992712021,1
1789134898138735,0.009341239929199219,0.03911866992712021,1
1789134898138735,0.009341239929199219,0.03911866992712021,1
1789134898138735,0.009341239929199219,0.03911866992712021,1
1789134898186735,0.04337871074676514,0.039917975664138794,1
1789134898198735,0.07091498374938965,0.04003630205988884,1
1789134898198735,0.07091498374938965,0.04003630205988884,1
1789134898198735,0.07091498374938965,0.04003630205988884,1
1789134898198735,0.07091498374938965,0.04003630205988884,1
1789134898234735,0.09792542457580566,0.04021231830120087,1
1789134898246735,0.06371045112609863,0.04028581082820892,1
1789134898258735,0.04651796817779541,0.04036441445350647,1
1789134898258735,0.04651796817779541,0.04036441445350647,1
1789134898258735,0.04651796817779541,0.04036441445350647,1
1789134898258735,0.04651796817779541,0.04036441445350647,1
1789134898258735,0.04651796817779541,0.04036441445350647,1
1789134898306735,0.07058465480804443,0.04079878330230713,1
1789134898318735,0.08591055870056152,0.04086131602525711,1
1789134898318735,0.08591055870056152,0.04086131602525711,1
1789134898318735,0.08591055870056152,0.04086131602525711,1
1789134898318735,0.08591055870056152,0.04086131602525711,1
1789134898318735,0.08591055870056152,0.04086131602525711,1
1789134898366735,0.031165719032287598,0.041163280606269836,1
1789134898378735,0.034728169441223145,0.041292451322078705,1
1789134898378735,0.034728169441223145,0.041292451322078705,1
1789134898378735,0.034728169441223145,0.041292451322078705,1
1789134898402735,0.015757203102111816,0.04157614707946777,1
1789134898402735,0.015757203102111816,0.04157614707946777,1
1789134898426735,0.07800126075744629,0.04181504249572754,1
1789134898438735,0.05724835395812988,0.041911881417036057,1
1789134898438735,0.05724835395812988,0.041911881417036057,1
1789134898438735,0.05724835395812988,0.041911881417036057,1
1789134898438735,0.05724835395812988,0.041911881417036057,1
1789134898438735,0.05724835395812988,0.041911881417036057,1
1789134898486735,0.08800280094146729,0.0421774797141552,1
1789134898498735,0.06980252265930176,0.04223312810063362,1
1789134898498735,0.06980252265930176,0.04223312810063362,1
1789134898498735,0.06980252265930176,0.04223312810063362,1
1789134898498735,0.06980252265930176,0.04223312810063362,1
1789134898534735,0.03553950786590576,0.04279601573944092,1
1789134898546735,0.0321652889251709,0.04293586313724518,1
1789134898558735,0.06599044799804688,0.04313172027468681,1
1789134898558735,0.06599044799804688,0.04313172027468681,1
1789134898558735,0.06599044799804688,0.04313172027468681,1
1789134898558735,0.06599044799804688,0.04313172027468681,1
1789134898558735,0.06599044799804688,0.04313172027468681,1
1789134898606735,0.009946823120117188,0.04381509870290756,1
1789134898618735,-0.0004658699035644531,0.044021349400281906,1
1789134898618735,-0.0004658699035644531,0.044021349400281906,1
1789134898630735,-0.010391592979431152,0.04441254958510399,1
1789134898630735,-0.010391592979431152,0.04441254958510399,1
1789134898630735,-0.010391592979431152,0.04441254958510399,1
1789134898666735,0.019097208976745605,0.04516785964369774,1
1789134898678735,0.05016219615936279,0.045492079108953476,1
1789134898678903,0.05016219615936279,0.045492079108953476,1
1789134898678903,0.05016219615936279,0.045492079108953476,1
1789134898678903,0.05016219615936279,0.045492079108953476,1
1789134898678903,0.05016219615936279,0.045492079108953476,1
1789134898726903,0.05967676639556885,0.046361759305000305,1
1789134898738903,0.0929250717163086,0.046485595405101776,1
1789134898738903,0.0929250717163086,0.046485595405101776,1
1789134898738903,0.0929250717163086,0.046485595405101776,1
1789134898762903,0.026095867156982422,0.04689475893974304,1
1789134898762903,0.026095867156982422,0.04689475893974304,1
1789134898786903,0.01954662799835205,0.047458354383707047,1
1789134898798903,-0.0023353099822998047,0.047817979007959366,1
1789134898798903,-0.0023353099822998047,0.047817979007959366,1
1789134898798903,-0.0023353099822998047,0.047817979007959366,1
1789134898798903,-0.0023353099822998047,0.047817979007959366,1
1789134898798903,-0.0023353099822998047,0.047817979007959366,1
1789134898846903,0.10939657688140869,0.048504848033189774,1
1789134898858903,0.12769854068756104,0.04853321239352226,1
1789134898858903,0.12769854068756104,0.04853321239352226,1
1789134898858903,0.12769854068756104,0.04853321239352226,1
1789134898858903,0.12769854068756104,0.04853321239352226,1
1789134898894903,0.0662769079208374,0.048750340938568115,1
1789134898906903,0.04624676704406738,0.04887719824910164,1
1789134898918903,0.014991402626037598,0.0491982102394104,1
1789134898918903,0.014991402626037598,0.0491982102394104,1
1789134898918903,0.014991402626037598,0.0491982102394104,1
1789134898918903,0.014991402626037598,0.0491982102394104,1
1789134898918903,0.014991402626037598,0.0491982102394104,1
1789134898966903,0.1521204710006714,0.049431782215833664,1
1789134898978903,0.1466197967529297,0.04940911382436752,1
1789134898978903,0.1466197967529297,0.04940911382436752,1
1789134898978903,0.1466197967529297,0.04940911382436752,1
1789134898978903,0.1466197967529297,0.04940911382436752,1
1789134898978903,0.1466197967529297,0.04940911382436752,1
1789134899026903,0.10241448879241943,0.0493193157017231,1
1789134899038903,0.07738721370697021,0.04943816736340523,1
1789134899038903,0.07738721370697021,0.04943816736340523,1
1789134899038903,0.07738721370697021,0.04943816736340523,1
1789134899062903,0.01052403450012207,0.05004885792732239,1
1789134899062903,0.01052403450012207,0.05004885792732239,1
1789134899086903,0.10270822048187256,0.050428520888090134,1
1789134899098903,0.08342671394348145,0.05049319192767143,1
1789134899098903,0.08342671394348145,0.05049319192767143,1
1789134899098903,0.08342671394348145,0.05049319192767143,1
1789134899098903,0.08342671394348145,0.05049319192767143,1
1789134899098903,0.08342671394348145,0.05049319192767143,1
1789134899146903,-0.057297348976135254,0.05166717991232872,1
1789134899158903,-0.029305458068847656,0.052330199629068375,1
1789134899158903,-0.029305458068847656,0.052330199629068375,1
1789134899158903,-0.029305458068847656,0.052330199629068375,1
1789134899158903,-0.029305458068847656,0.052330199629068375,1
1789134899194903,0.04019582271575928,0.053378116339445114,1
1789134899206903,0.005815744400024414,0.053823381662368774,1
1789134899218903,-0.00991213321685791,0.05406557396054268,1
1789134899218903,-0.00991213321685791,0.05406557396054268,1
1789134899218903,-0.00991213321685791,0.05406557396054268,1
1789134899218903,-0.00991213321685791,0.05406557396054268,1
1789134899218903,-0.00991213321685791,0.05406557396054268,1
1789134899266903,0.023702502250671387,0.05531463027000427,1
1789134899278903,0.029845237731933594,0.055697958916425705,1
1789134899278903,0.029845237731933594,0.055697958916425705,1
1789134899290903,0.0006181001663208008,0.05590014159679413,1
1789134899290903,0.0006181001663208008,0.05590014159679413,1
1789134899290903,0.0006181001663208008,0.05590014159679413,1
1789134899326903,0.006311297416687012,0.05697081983089447,1
1789134899338903,0.0397716760635376,0.05714111030101776,1
1789134899338903,0.0397716760635376,0.05714111030101776,1
1789134899338903,0.0397716760635376,0.05714111030101776,1
1789134899338903,0.0397716760635376,0.05714111030101776,1
1789134899338903,0.0397716760635376,0.05714111030101776,1
1789134899386903,0.01064443588256836,0.05798658728599548,1
1789134899398903,0.019948124885559082,0.058297786861658096,1
1789134899398903,0.019948124885559082,0.058297786861658096,1
1789134899398903,0.019948124885559082,0.058297786861658096,1
1789134899422903,0.01958632469177246,0.05873968452215195,1
1789134899422903,0.01958632469177246,0.05873968452215195,1
1789134899446903,0.08437669277191162,0.05900771915912628,1
1789134899458903,0.06807875633239746,0.05905569717288017,1
1789134899458903,0.06807875633239746,0.05905569717288017,1
1789134899458903,0.06807875633239746,0.05905569717288017,1
1789134899458903,0.06807875633239746,0.05905569717288017,1
1789134899458903,0.06807875633239746,0.05905569717288017,1
1789134899506903,0.05102837085723877,0.05932696908712387,1
1789134899518903,0.01942753791809082,0.05951949208974838,1
1789134899518903,0.01942753791809082,0.05951949208974838,1
1789134899518903,0.01942753791809082,0.05951949208974838,1
1789134899518903,0.01942753791809082,0.05951949208974838,1
1789134899554903,0.0769585371017456,0.059888385236263275,1
1789134899566903,0.11275005340576172,0.05993473157286644,1
1789134899578903,0.10356509685516357,0.05993670970201492,1
1789134899578903,0.10356509685516357,0.05993670970201492,1
1789134899578903,0.10356509685516357,0.05993670970201492,1
1789134899578903,0.10356509685516357,0.05993670970201492,1
1789134899578903,0.10356509685516357,0.05993670970201492,1
1789134899626903,0.07090389728546143,0.060000672936439514,1
1789134899638903,0.04349029064178467,0.06016714870929718,1
1789134899638903,0.04349029064178467,0.06016714870929718,1
1789134899638903,0.04349029064178467,0.06016714870929718,1
1789134899638903,0.04349029064178467,0.06016714870929718,1
1789134899638903,0.04349029064178467,0.06016714870929718,1
1789134899686903,0.04008281230926514,0.06114259362220764,1
1789134899699072,0.032062530517578125,0.06126715615391731,1
1789134899699072,0.032062530517578125,0.06126715615391731,1
1789134899699072,0.032062530517578125,0.06126715615391731,1
1789134899723072,0.07725894451141357,0.06155144050717354,1
1789134899723072,0.07725894451141357,0.06155144050717354,1
1789134899747072,0.03835403919219971,0.061830807477235794,1
1789134899759072,0.017032861709594727,0.062097061425447464,1
1789134899759072,0.017032861709594727,0.062097061425447464,1
1789134899759072,0.017032861709594727,0.062097061425447464,1
1789134899759072,0.017032861709594727,0.062097061425447464,1
1789134899759072,0.017032861709594727,0.062097061425447464,1
1789134899807072,0.05128157138824463,0.06289147585630417,1
1789134899819072,0.0767369270324707,0.06296443939208984,1
1789134899819072,0.0767369270324707,0.06296443939208984,1
1789134899819072,0.0767369270324707,0.06296443939208984,1
1789134899819072,0.0767369270324707,0.06296443939208984,1
1789134899855072,0.007467150688171387,0.06343131512403488,1
1789134899867072,-0.008749127388000488,0.0635916218161583,1
1789134899879072,-0.040825605392456055,0.06397420912981033,1
1789134899879072,-0.040825605392456055,0.06397420912981033,1
1789134899879072,-0.040825605392456055,0.06397420912981033,1
1789134899879072,-0.040825605392456055,0.06397420912981033,1
1789134899879072,-0.040825605392456055,0.06397420912981033,1
1789134899927072,0.03704965114593506,0.06471885740756989,1
1789134899939072,0.06203436851501465,0.06478986889123917,1
1789134899939072,0.06203436851501465,0.06478986889123917,1
1789134899939072,0.06203436851501465,0.06478986889123917,1
1789134899939072,0.06203436851501465,0.06478986889123917,1
1789134899939072,0.06203436851501465,0.06478986889123917,1
1789134899987072,0.03084266185760498,0.06528618186712265,1
1789134899999072,0.009944677352905273,0.06548268347978592,1
1789134899999072,0.009944677352905273,0.06548268347978592,1
1789134899999072,0.009944677352905273,0.06548268347978592,1
1789134899999072,0.009944677352905273,0.06548268347978592,1
1789134899999072,0.009944677352905273,0.06548268347978592,1
1789134900047072,0.07625436782836914,0.06577443331480026,1
1789134900059072,0.08434581756591797,0.06575296074151993,1
1789134900059072,0.08434581756591797,0.06575296074151993,1
1789134900059072,0.08434581756591797,0.06575296074151993,1
1789134900083072,0.09906554222106934,0.06561918556690216,1
1789134900083072,0.09906554222106934,0.06561918556690216,1
1789134900107072,0.04762279987335205,0.06558073312044144,1
1789134900119072,0.014679789543151855,0.06568893045186996,1
1789134900119072,0.014679789543151855,0.06568893045186996,1
1789134900119072,0.014679789543151855,0.06568893045186996,1
1789134900119072,0.014679789543151855,0.06568893045186996,1
1789134900119072,0.014679789543151855,0.06568893045186996,1
1789134900167072,0.053290367126464844,0.06595110893249512,1
1789134900179072,0.07439565658569336,0.06594246625900269,1
1789134900179072,0.07439565658569336,0.06594246625900269,1
1789134900179072,0.07439565658569336,0.06594246625900269,1
1789134900179072,0.07439565658569336,0.06594246625900269,1
1789134900215072,0.04158508777618408,0.06594423949718475,1
1789134900227072,0.033283114433288574,0.0659838318824768,1
1789134900239072,0.022431612014770508,0.0660710334777832,1
1789134900239072,0.022431612014770508,0.0660710334777832,1
1789134900239072,0.022431612014770508,0.0660710334777832,1
1789134900239072,0.022431612014770508,0.0660710334777832,1
1789134900239072,0.022431612014770508,0.0660710334777832,1
1789134900287072,0.16721618175506592,0.06537361443042755,1
1789134900299072,0.15436029434204102,0.06521028280258179,1
1789134900299072,0.15436029434204102,0.06521028280258179,1
1789134900299072,0.15436029434204102,0.06521028280258179,1
1789134900299072,0.15436029434204102,0.06521028280258179,1
1789134900299072,0.15436029434204102,0.06521028280258179,1
1789134900347072,0.10338377952575684,0.0644180029630661,1
1789134900359072,0.06794369220733643,0.06427494436502457,1
1789134900359072,0.06794369220733643,0.06427494436502457,1
1789134900359072,0.06794369220733643,0.06427494436502457,1
1789134900383072,0.04202163219451904,0.06428640335798264,1
1789134900383072,0.04202163219451904,0.06428640335798264,1
1789134900407072,0.0566411018371582,0.06424970924854279,1
1789134900419072,0.03874707221984863,0.06421374529600143,1
1789134900419072,0.03874707221984863,0.06421374529600143,1
1789134900419072,0.03874707221984863,0.06421374529600143,1
1789134900419072,0.03874707221984863,0.06421374529600143,1
1789134900419072,0.03874707221984863,0.06421374529600143,1
1789134900467072,0.09120261669158936,0.0640292763710022,1
1789134900479072,0.08722937107086182,0.0638931542634964,1
1789134900479072,0.08722937107086182,0.0638931542634964,1
1789134900479072,0.08722937107086182,0.0638931542634964,1
1789134900479072,0.08722937107086182,0.0638931542634964,1
1789134900515072,0.05861866474151611,0.06388077884912491,1
1789134900527072,0.050679683685302734,0.06390640139579773,1
1789134900539072,0.06932973861694336,0.06388852745294571,1
1789134900539072,0.06932973861694336,0.06388852745294571,1
1789134900539072,0.06932973861694336,0.06388852745294571,1
1789134900539072,0.06932973861694336,0.06388852745294571,1
1789134900539072,0.06932973861694336,0.06388852745294571,1
1789134900587072,0.0503007173538208,0.06386610120534897,1
1789134900599072,0.0708918571472168,0.06384401023387909,1
1789134900599072,0.0708918571472168,0.06384401023387909,1
1789134900611072,0.0712357759475708,0.06381106376647949,1
1789134900611072,0.0712357759475708,0.06381106376647949,1
1789134900611072,0.0712357759475708,0.06381106376647949,1
1789134900647072,0.022690296173095703,0.0637277364730835,1
1789134900659072,0.034241676330566406,0.06375541538000107,1
1789134900659072,0.034241676330566406,0.06375541538000107,1
1789134900659072,0.034241676330566406,0.06375541538000107,1
1789134900659072,0.034241676330566406,0.06375541538000107,1
1789134900659243,0.034241676330566406,0.06375541538000107,1
1789134900707243,0.02824723720550537,0.06400347501039505,1
1789134900719243,0.05372726917266846,0.0640256479382515,1
1789134900719243,0.05372726917266846,0.0640256479382515,1
1789134900719243,0.05372726917266846,0.0640256479382515,1
1789134900743243,0.08121061325073242,0.06386633217334747,1
1789134900743243,0.08121061325073242,0.06386633217334747,1
1789134900767243,0.0006159543991088867,0.06377999484539032,1
1789134900779243,-0.0028104782104492188,0.06383653730154037,1
1789134900779243,-0.0028104782104492188,0.06383653730154037,1
1789134900779243,-0.0028104782104492188,0.06383653730154037,1
1789134900779243,-0.0028104782104492188,0.06383653730154037,1
1789134900779243,-0.0028104782104492188,0.06383653730154037,1
1789134900827243,0.005933284759521484,0.06418214738368988,1
1789134900839243,0.02309095859527588,0.06420256942510605,1
1789134900839243,0.02309095859527588,0.06420256942510605,1
1789134900839243,0.02309095859527588,0.06420256942510605,1
1789134900863243,0.028746485710144043,0.06416484713554382,1
1789134900875243,0.04958546161651611,0.06414026767015457,1
1789134900887243,0.03919625282287598,0.0640609934926033,1
1789134900899243,0.04302322864532471,0.06403717398643494,1
1789134900899243,0.04302322864532471,0.06403717398643494,1
1789134900899243,0.04302322864532471,0.06403717398643494,1
1789134900899243,0.04302322864532471,0.06403717398643494,1
1789134900899243,0.04302322864532471,0.06403717398643494,1
1789134900947243,0.02975308895111084,0.06379438936710358,1
1789134900959243,0.027307629585266113,0.06373358517885208,1
1789134900959243,0.027307629585266113,0.06373358517885208,1
1789134900959243,0.027307629585266113,0.06373358517885208,1
1789134900959243,0.027307629585266113,0.06373358517885208,1
1789134900959243,0.027307629585266113,0.06373358517885208,1
1789134901007243,0.031025290489196777,0.06350720673799515,1
1789134901019243,0.03548920154571533,0.06344245374202728,1
1789134901019243,0.03548920154571533,0.06344245374202728,1
1789134901019243,0.03548920154571533,0.06344245374202728,1
1789134901043243,0.04402875900268555,0.0632435753941536,1
1789134901055243,0.05580735206604004,0.06307534128427505,1
1789134901067243,0.03749096393585205,0.06298927217721939,1
1789134901079243,0.02781045436859131,0.06284617632627487,1
1789134901079243,0.02781045436859131,0.06284617632627487,1
1789134901079243,0.02781045436859131,0.06284617632627487,1
1789134901079243,0.02781045436859131,0.06284617632627487,1
1789134901079243,0.02781045436859131,0.06284617632627487,1
1789134901127243,0.08543801307678223,0.062182556837797165,1
1789134901139243,0.07826876640319824,0.062050268054008484,1
1789134901139243,0.07826876640319824,0.062050268054008484,1
1789134901139243,0.07826876640319824,0.062050268054008484,1
1789134901139243,0.07826876640319824,0.062050268054008484,1
1789134901175243,0.0589672327041626,0.06137772276997566,1
1789134901187243,0.053098201751708984,0.06126958131790161,1
1789134901199243,0.0009055137634277344,0.06121310591697693,1
1789134901199243,0.0009055137634277344,0.06121310591697693,1
1789134901199243,0.0009055137634277344,0.06121310591697693,1
1789134901199243,0.0009055137634277344,0.06121310591697693,1
1789134901199243,0.0009055137634277344,0.06121310591697693,1
1789134901247243,0.11818432807922363,0.060444775968790054,1
1789134901259243,0.11209726333618164,0.060243554413318634,1
1789134901259243,0.11209726333618164,0.060243554413318634,1
1789134901271243,0.13247954845428467,0.05979498103260994,1
1789134901271243,0.13247954845428467,0.05979498103260994,1
1789134901271243,0.13247954845428467,0.05979498103260994,1
1789134901307243,0.10737788677215576,0.05900474637746811,1
1789134901319243,0.11290085315704346,0.05862848833203316,1
1789134901319243,0.11290085315704346,0.05862848833203316,1
1789134901319243,0.11290085315704346,0.05862848833203316,1
1789134901319243,0.11290085315704346,0.05862848833203316,1
1789134901319243,0.11290085315704346,0.05862848833203316,1
1789134901367243,0.06990277767181396,0.057845812290906906,1
1789134901379243,0.1048656702041626,0.057690832763910294,1
1789134901379243,0.1048656702041626,0.057690832763910294,1
1789134901379243,0.1048656702041626,0.057690832763910294,1
1789134901403243,0.06612610816955566,0.05722549557685852,1
1789134901403243,0.06612610816955566,0.05722549557685852,1
1789134901427243,0.10908567905426025,0.05670684948563576,1
1789134901439243,0.12143504619598389,0.05630193650722504,1
1789134901439243,0.12143504619598389,0.05630193650722504,1
1789134901439243,0.12143504619598389,0.05630193650722504,1
1789134901439243,0.12143504619598389,0.05630193650722504,1
1789134901439243,0.12143504619598389,0.05630193650722504,1
1789134901487243,0.07653284072875977,0.05546049401164055,1
1789134901499243,0.09695494174957275,0.05532217398285866,1
1789134901499243,0.09695494174957275,0.05532217398285866,1
1789134901499243,0.09695494174957275,0.05532217398285866,1
1789134901499243,0.09695494174957275,0.05532217398285866,1
1789134901535243,0.13432490825653076,0.05454905703663826,1
1789134901547243,0.11417841911315918,0.05437362939119339,1
1789134901559243,0.08325469493865967,0.05411257967352867,1
1789134901559243,0.08325469493865967,0.05411257967352867,1
1789134901559243,0.08325469493865967,0.05411257967352867,1
1789134901559243,0.08325469493865967,0.05411257967352867,1
1789134901559243,0.08325469493865967,0.05411257967352867,1
1789134901607243,0.12635469436645508,0.053273074328899384,1
1789134901619243,0.10023868083953857,0.05315254628658295,1
1789134901619243,0.10023868083953857,0.05315254628658295,1
1789134901619243,0.10023868083953857,0.05315254628658295,1
1789134901619243,0.10023868083953857,0.05315254628658295,1
1789134901619243,0.10023868083953857,0.05315254628658295,1
1789134901667243,0.0715641975402832,0.05263916030526161,1
1789134901679243,0.04648256301879883,0.052568912506103516,1
1789134901679243,0.04648256301879883,0.052568912506103516,1
1789134901679243,0.04648256301879883,0.052568912506103516,1
1789134901703411,0.05069077014923096,0.05252503603696823,1
1789134901703411,0.05069077014923096,0.05252503603696823,1
1789134901727411,0.06227982044219971,0.05247541517019272,1
1789134901739411,0.06769371032714844,0.052441999316215515,1
1789134901739411,0.06769371032714844,0.052441999316215515,1
1789134901739411,0.06769371032714844,0.052441999316215515,1
1789134901739411,0.06769371032714844,0.052441999316215515,1
1789134901739411,0.06769371032714844,0.052441999316215515,1
1789134901787411,0.03720414638519287,0.05247987061738968,1
1789134901799411,0.05995941162109375,0.05249345302581787,1
1789134901799411,0.05995941162109375,0.05249345302581787,1
1789134901799411,0.05995941162109375,0.05249345302581787,1
1789134901799411,0.05995941162109375,0.05249345302581787,1
1789134901835411,0.05462455749511719,0.05241480469703674,1
1789134901847411,0.038397908210754395,0.05243150517344475,1
1789134901859411,0.02252364158630371,0.05246393382549286,1
1789134901859411,0.02252364158630371,0.05246393382549286,1
1789134901859411,0.02252364158630371,0.05246393382549286,1
1789134901859411,0.02252364158630371,0.05246393382549286,1
1789134901859411,0.02252364158630371,0.05246393382549286,1
1789134901907411,0.038991570472717285,0.05265258252620697,1
1789134901919411,0.06516647338867188,0.05263877287507057,1
1789134901919411,0.06516647338867188,0.05263877287507057,1
1789134901931411,0.043830037117004395,0.052633997052907944,1
1789134901931411,0.043830037117004395,0.052633997052907944,1
1789134901931411,0.043830037117004395,0.052633997052907944,1
1789134901967411,0.006452679634094238,0.052811309695243835,1
1789134901979411,0.006181597709655762,0.05287730321288109,1
1789134901979411,0.006181597709655762,0.05287730321288109,1
1789134901979411,0.006181597709655762,0.05287730321288109,1
1789134901979411,0.006181597709655762,0.05287730321288109,1
1789134901979411,0.006181597709655762,0.05287730321288109,1
1789134902027411,-0.0041239261627197266,0.05315527319908142,1
1789134902039411,-0.02114880084991455,0.05332450196146965,1
1789134902039411,-0.02114880084991455,0.05332450196146965,1
1789134902039411,-0.02114880084991455,0.05332450196146965,1
1789134902063411,0.009287238121032715,0.05353769287467003,1
1789134902063411,0.009287238121032715,0.05353769287467003,1
1789134902087411,0.007682919502258301,0.053704168647527695,1
1789134902099411,0.00726163387298584,0.05375170707702637,1
1789134902099411,0.00726163387298584,0.05375170707702637,1
1789134902099411,0.00726163387298584,0.05375170707702637,1
1789134902099411,0.00726163387298584,0.05375170707702637,1
1789134902099411,0.00726163387298584,0.05375170707702637,1
1789134902147411,0.002238154411315918,0.053934063762426376,1
1789134902159411,0.0028203725814819336,0.05401458963751793,1
1789134902159411,0.0028203725814819336,0.05401458963751793,1
1789134902159411,0.0028203725814819336,0.05401458963751793,1
1789134902159411,0.0028203725814819336,0.05401458963751793,1
1789134902195411,-0.00433504581451416,0.05416123569011688,1
1789134902207411,0.003609895706176758,0.05421070009469986,1
1789134902219411,0.022255539894104004,0.0542001910507679,1
1789134902219411,0.022255539894104004,0.0542001910507679,1
1789134902219411,0.022255539894104004,0.0542001910507679,1
1789134902219411,0.022255539894104004,0.0542001910507679,1
1789134902219411,0.022255539894104004,0.0542001910507679,1
1789134902267411,-0.018515944480895996,0.0542140007019043,1
1789134902279411,-0.011295318603515625,0.05425499007105827,1
1789134902279411,-0.011295318603515625,0.05425499007105827,1
1789134902279411,-0.011295318603515625,0.05425499007105827,1
1789134902279411,-0.011295318603515625,0.05425499007105827,1
1789134902279411,-0.011295318603515625,0.05425499007105827,1
1789134902327411,0.008533000946044922,0.054207660257816315,1
1789134902339411,0.015503287315368652,0.05416511744260788,1
1789134902339411,0.015503287315368652,0.05416511744260788,1
1789134902339411,0.015503287315368652,0.05416511744260788,1
1789134902363411,0.011504530906677246,0.054030779749155045,1
1789134902363411,0.011504530906677246,0.054030779749155045,1
1789134902387411,-0.005910158157348633,0.05392829701304436,1
1789134902399411,-0.015571951866149902,0.053893398493528366,1
1789134902399411,-0.015571951866149902,0.053893398493528366,1
1789134902399411,-0.015571951866149902,0.053893398493528366,1
1789134902399411,-0.015571951866149902,0.053893398493528366,1
1789134902399411,-0.015571951866149902,0.053893398493528366,1
1789134902447411,0.012055039405822754,0.05366368591785431,1
1789134902459411,0.01141369342803955,0.053597260266542435,1
1789134902459411,0.01141369342803955,0.053597260266542435,1
1789134902459411,0.01141369342803955,0.053597260266542435,1
1789134902459411,0.01141369342803955,0.053597260266542435,1
1789134902495411,0.007519364356994629,0.05321847274899483,1
1789134902507411,0.006026148796081543,0.05313705652952194,1
1789134902519411,0.004907965660095215,0.05297408625483513,1
1789134902519411,0.004907965660095215,0.05297408625483513,1
1789134902519411,0.004907965660095215,0.05297408625483513,1
1789134902519411,0.004907965660095215,0.05297408625483513,1
1789134902519411,0.004907965660095215,0.05297408625483513,1
1789134902567411,0.0010879039764404297,0.05261737480759621,1
1789134902579411,-0.007516622543334961,0.0525299534201622,1
1789134902579411,-0.007516622543334961,0.0525299534201622,1
1789134902591411,0.002205967903137207,0.05235020071268082,1
1789134902591411,0.002205967903137207,0.05235020071268082,1
1789134902591411,0.002205967903137207,0.05235020071268082,1
1789134902627411,0.03910982608795166,0.05182860419154167,1
1789134902639411,0.025676727294921875,0.05150480940937996,1
1789134902639411,0.025676727294921875,0.05150480940937996,1
1789134902639411,0.025676727294921875,0.05150480940937996,1
1789134902639411,0.025676727294921875,0.05150480940937996,1
1789134902639411,0.025676727294921875,0.05150480940937996,1
1789134902687411,0.007990241050720215,0.05062272772192955,1
1789134902699411,-0.020075201988220215,0.05049224942922592,1
1789134902699579,-0.020075201988220215,0.05049224942922592,1
1789134902699579,-0.020075201988220215,0.05049224942922592,1
1789134902723579,-0.023653626441955566,0.05014202743768692,1
1789134902723579,-0.023653626441955566,0.05014202743768692,1
1789134902747579,-0.009199857711791992,0.049778230488300323,1
1789134902759579,-0.014459967613220215,0.04952181130647659,1
1789134902759579,-0.014459967613220215,0.04952181130647659,1
1789134902759579,-0.014459967613220215,0.04952181130647659,1
1789134902759579,-0.014459967613220215,0.04952181130647659,1
1789134902759579,-0.014459967613220215,0.04952181130647659,1
1789134902807579,0.00641942024230957,0.048554763197898865,1
1789134902819579,-0.00968480110168457,0.04840368404984474,1
1789134902819579,-0.00968480110168457,0.04840368404984474,1
1789134902819579,-0.00968480110168457,0.04840368404984474,1
1789134902819579,-0.00968480110168457,0.04840368404984474,1
1789134902855579,0.0024483203887939453,0.047583043575286865,1
1789134902867579,0.006013154983520508,0.04739424213767052,1
1789134902879579,0.012386918067932129,0.04700523614883423,1
1789134902879579,0.012386918067932129,0.04700523614883423,1
1789134902879579,0.012386918067932129,0.04700523614883423,1
1789134902879579,0.012386918067932129,0.04700523614883423,1
1789134902879579,0.012386918067932129,0.04700523614883423,1
1789134902927579,0.030936360359191895,0.045643217861652374,1
1789134902939579,0.02672874927520752,0.04540882632136345,1
1789134902939579,0.02672874927520752,0.04540882632136345,1
1789134902939579,0.02672874927520752,0.04540882632136345,1
1789134902939579,0.02672874927520752,0.04540882632136345,1
1789134902939579,0.02672874927520752,0.04540882632136345,1
1789134902987579,0.039792776107788086,0.04397536814212799,1
1789134902999579,-0.0024871826171875,0.0435204841196537,1
1789134902999579,-0.0024871826171875,0.0435204841196537,1
1789134902999579,-0.0024871826171875,0.0435204841196537,1
1789134903023579,0.008270978927612305,0.04305809363722801,1
1789134903023579,0.008270978927612305,0.04305809363722801,1
1789134903047579,0.015526056289672852,0.04232441261410713,1
1789134903059579,0.03678393363952637,0.04209481179714203,1
1789134903059579,0.03678393363952637,0.04209481179714203,1
1789134903059579,0.03678393363952637,0.04209481179714203,1
1789134903059579,0.03678393363952637,0.04209481179714203,1
1789134903059579,0.03678393363952637,0.04209481179714203,1
1789134903107579,-0.043515563011169434,0.04080457612872124,1
1789134903119579,-0.03482794761657715,0.04052526503801346,1
1789134903119579,-0.03482794761657715,0.04052526503801346,1
1789134903119579,-0.03482794761657715,0.04052526503801346,1
1789134903119579,-0.03482794761657715,0.04052526503801346,1
1789134903155579,-0.03099071979522705,0.039784811437129974,1
1789134903167579,-0.03219449520111084,0.03943920135498047,1
1789134903179579,-0.048375725746154785,0.039284951984882355,1
1789134903179579,-0.048375725746154785,0.039284951984882355,1
1789134903179579,-0.048375725746154785,0.039284951984882355,1
1789134903179579,-0.048375725746154785,0.039284951984882355,1
1789134903179579,-0.048375725746154785,0.039284951984882355,1
1789134903227579,-0.05456185340881348,0.038236867636442184,1
1789134903239579,-0.04583907127380371,0.03791041672229767,1
1789134903239579,-0.04583907127380371,0.03791041672229767,1
1789134903251579,-0.02991771697998047,0.037720050662755966,1
1789134903251579,-0.02991771697998047,0.037720050662755966,1
1789134903251579,-0.02991771697998047,0.037720050662755966,1
1789134903287579,0.0032542943954467773,0.03662034869194031,1
1789134903299579,-0.010789632797241211,0.036329399794340134,1
1789134903299579,-0.010789632797241211,0.036329399794340134,1
1789134903299579,-0.010789632797241211,0.036329399794340134,1
1789134903299579,-0.010789632797241211,0.036329399794340134,1
1789134903299579,-0.010789632797241211,0.036329399794340134,1
1789134903347579,-0.03552401065826416,0.03491779416799545,1
1789134903359579,-0.02358841896057129,0.03438970446586609,1
1789134903359579,-0.02358841896057129,0.03438970446586609,1
1789134903359579,-0.02358841896057129,0.03438970446586609,1
1789134903383579,0.004258275032043457,0.03345097601413727,1
1789134903383579,0.004258275032043457,0.03345097601413727,1
1789134903407579,-0.05711662769317627,0.032541174441576004,1
1789134903419579,-0.03532969951629639,0.03228791430592537,1
1789134903419579,-0.03532969951629639,0.03228791430592537,1
1789134903419579,-0.03532969951629639,0.03228791430592537,1
1789134903419579,-0.03532969951629639,0.03228791430592537,1
1789134903419579,-0.03532969951629639,0.03228791430592537,1
1789134903467579,0.02966606616973877,0.03029792569577694,1
1789134903479579,0.039284348487854004,0.02942897193133831,1
1789134903479579,0.039284348487854004,0.02942897193133831,1
1789134903479579,0.039284348487854004,0.02942897193133831,1
1789134903479579,0.039284348487854004,0.02942897193133831,1
1789134903515579,-0.001923203468322754,0.027970831841230392,1
1789134903527579,0.015611886978149414,0.027202246710658073,1
1789134903539579,-0.0034123659133911133,0.026835618540644646,1
1789134903539579,-0.0034123659133911133,0.026835618540644646,1
1789134903539579,-0.0034123659133911133,0.026835618540644646,1
1789134903539579,-0.0034123659133911133,0.026835618540644646,1
1789134903539579,-0.0034123659133911133,0.026835618540644646,1
1789134903587579,0.03265058994293213,0.024506699293851852,1
1789134903599579,0.0650864839553833,0.023616157472133636,1
1789134903599579,0.0650864839553833,0.023616157472133636,1
1789134903599579,0.0650864839553833,0.023616157472133636,1
1789134903599579,0.0650864839553833,0.023616157472133636,1
1789134903599579,0.0650864839553833,0.023616157472133636,1
1789134903647579,0.0804816484451294,0.02085556648671627,1
1789134903659579,0.05381488800048828,0.02038835920393467,1
1789134903659579,0.05381488800048828,0.02038835920393467,1
1789134903659579,0.05381488800048828,0.02038835920393467,1
1789134903683579,0.0568925142288208,0.019175246357917786,1
1789134903683579,0.0568925142288208,0.019175246357917786,1
1789134903707579,0.05317354202270508,0.017884153872728348,1
1789134903719748,0.0537947416305542,0.01698615588247776,1
1789134903719748,0.0537947416305542,0.01698615588247776,1
1789134903719748,0.0537947416305542,0.01698615588247776,1
1789134903719748,0.0537947416305542,0.01698615588247776,1
1789134903719748,0.0537947416305542,0.01698615588247776,1
1789134903767748,0.22735297679901123,0.012932968325912952,1
1789134903779748,0.20584213733673096,0.012218962423503399,1
1789134903779748,0.20584213733673096,0.012218962423503399,1
1789134903779748,0.20584213733673096,0.012218962423503399,1
1789134903779748,0.20584213733673096,0.012218962423503399,1
1789134903815748,0.13039147853851318,0.009234478697180748,1
1789134903827748,0.12144613265991211,0.008680636994540691,1
1789134903839748,0.10146927833557129,0.0076600005850195885,1
1789134903839748,0.10146927833557129,0.0076600005850195885,1
1789134903839748,0.10146927833557129,0.0076600005850195885,1
1789134903863748,0.08952546119689941,0.006189190316945314,1
1789134903863748,0.08952546119689941,0.006189190316945314,1
1789134903887748,0.03454399108886719,0.004959920421242714,1
1789134903899748,0.04293262958526611,0.004610010422766209,1
1789134903899748,0.04293262958526611,0.004610010422766209,1
1789134903911748,0.047841668128967285,0.0038833236321806908,1
1789134903911748,0.047841668128967285,0.0038833236321806908,1
1789134903911748,0.047841668128967285,0.0038833236321806908,1
1789134903947748,0.11488890647888184,0.0023152977228164673,1
1789134903959748,0.062421560287475586,0.001559364260174334,1
1789134903959748,0.062421560287475586,0.001559364260174334,1
1789134903959748,0.062421560287475586,0.001559364260174334,1
1789134903959748,0.062421560287475586,0.001559364260174334,1
1789134903959748,0.062421560287475586,0.001559364260174334,1
1789134904007748,0.027205348014831543,8.256423461716622e-05,1
1789134904019748,0.0376659631729126,-0.00016013768617995083,1
1789134904019748,0.0376659631729126,-0.00016013768617995083,1
1789134904019748,0.0376659631729126,-0.00016013768617995083,1
1789134904043748,0.03241312503814697,-0.0009219638304784894,1
1789134904055748,0.09199070930480957,-0.0014314500149339437,1
1789134904067748,0.06822335720062256,-0.0017474767519161105,1
1789134904079748,0.03107905387878418,-0.002246413379907608,1
1789134904079748,0.03107905387878418,-0.002246413379907608,1
1789134904079748,0.03107905387878418,-0.002246413379907608,1
1789134904079748,0.03107905387878418,-0.002246413379907608,1
1789134904079748,0.03107905387878418,-0.002246413379907608,1
1789134904127748,0.05366718769073486,-0.0035264375619590282,1
1789134904139748,0.01981210708618164,-0.0037408508360385895,1
1789134904139748,0.01981210708618164,-0.0037408508360385895,1
1789134904139748,0.01981210708618164,-0.0037408508360385895,1
1789134904139748,0.01981210708618164,-0.0037408508360385895,1
1789134904175748,0.006288290023803711,-0.004389510490000248,1
1789134904187748,0.0003706216812133789,-0.004533105529844761,1
1789134904199748,0.0036535263061523438,-0.0047675310634076595,1
1789134904199748,0.0036535263061523438,-0.0047675310634076595,1
1789134904199748,0.0036535263061523438,-0.0047675310634076595,1
1789134904199748,0.0036535263061523438,-0.0047675310634076595,1
1789134904199748,0.0036535263061523438,-0.0047675310634076595,1
1789134904247748,0.012069463729858398,-0.005650053266435862,1
1789134904259748,0.008203625679016113,-0.0057869902811944485,1
1789134904259748,0.008203625679016113,-0.0057869902811944485,1
1789134904259748,0.008203625679016113,-0.0057869902811944485,1
1789134904259748,0.008203625679016113,-0.0057869902811944485,1
1789134904259748,0.008203625679016113,-0.0057869902811944485,1
1789134904307748,0.02693796157836914,-0.006698796525597572,1
1789134904319748,-0.004343628883361816,-0.006986293010413647,1
1789134904319748,-0.004343628883361816,-0.006986293010413647,1
1789134904319748,-0.004343628883361816,-0.006986293010413647,1
1789134904343748,0.033881187438964844,-0.0073928446508944035,1
1789134904343748,0.033881187438964844,-0.0073928446508944035,1
1789134904367748,0.04250955581665039,-0.007993347011506557,1
1789134904379748,0.05756509304046631,-0.008175862021744251,1
1789134904379748,0.05756509304046631,-0.008175862021744251,1
1789134904379748,0.05756509304046631,-0.008175862021744251,1
1789134904379748,0.05756509304046631,-0.008175862021744251,1
1789134904379748,0.05756509304046631,-0.008175862021744251,1
1789134904427748,0.0030541419982910156,-0.009180163033306599,1
1789134904439748,-0.017557263374328613,-0.009332055225968361,1
1789134904439748,-0.017557263374328613,-0.009332055225968361,1
1789134904439748,-0.017557263374328613,-0.009332055225968361,1
1789134904439748,-0.017557263374328613,-0.009332055225968361,1
1789134904475748,0.03549480438232422,-0.009791717864573002,1
1789134904487748,0.04284322261810303,-0.010135256685316563,1
1789134904499748,0.021341681480407715,-0.010305311530828476,1
1789134904499748,0.021341681480407715,-0.010305311530828476,1
1789134904499748,0.021341681480407715,-0.010305311530828476,1
1789134904499748,0.021341681480407715,-0.010305311530828476,1
1789134904499748,0.021341681480407715,-0.010305311530828476,1
1789134904547748,0.05184364318847656,-0.011205817572772503,1
1789134904559748,0.0348895788192749,-0.011537255719304085,1
1789134904559748,0.0348895788192749,-0.011537255719304085,1
1789134904559748,0.0348895788192749,-0.011537255719304085,1
1789134904559748,0.0348895788192749,-0.011537255719304085,1
1789134904559748,0.0348895788192749,-0.011537255719304085,1
1789134904607748,-0.02071225643157959,-0.012196485884487629,1
1789134904619748,-0.03759181499481201,-0.012252307496964931,1
1789134904619748,-0.03759181499481201,-0.012252307496964931,1
1789134904619748,-0.03759181499481201,-0.012252307496964931,1
1789134904619748,-0.03759181499481201,-0.012252307496964931,1
1789134904619748,-0.03759181499481201,-0.012252307496964931,1
1789134904667748,0.02478313446044922,-0.012846105732023716,1
1789134904679748,0.02752542495727539,-0.013135517947375774,1
1789134904679748,0.02752542495727539,-0.013135517947375774,1
1789134904679748,0.02752542495727539,-0.013135517947375774,1
1789134904703748,0.03579819202423096,-0.01360547635704279,1
1789134904703915,0.03579819202423096,-0.01360547635704279,1
1789134904727915,0.006558656692504883,-0.01404685527086258,1
1789134904739915,0.03050053119659424,-0.014171711169183254,1
1789134904739915,0.03050053119659424,-0.014171711169183254,1
1789134904739915,0.03050053119659424,-0.014171711169183254,1
1789134904739915,0.03050053119659424,-0.014171711169183254,1
1789134904739915,0.03050053119659424,-0.014171711169183254,1
1789134904787915,0.033396124839782715,-0.015202600508928299,1
1789134904799915,0.030033230781555176,-0.015543368645012379,1
1789134904799915,0.030033230781555176,-0.015543368645012379,1
1789134904799915,0.030033230781555176,-0.015543368645012379,1
1789134904799915,0.030033230781555176,-0.015543368645012379,1
1789134904835915,0.020633220672607422,-0.01618107408285141,1
1789134904847915,0.015505671501159668,-0.016484640538692474,1
1789134904859915,-0.0081254243850708,-0.016599416732788086,1
1789134904859915,-0.0081254243850708,-0.016599416732788086,1
1789134904859915,-0.0081254243850708,-0.016599416732788086,1
1789134904859915,-0.0081254243850708,-0.016599416732788086,1
1789134904859915,-0.0081254243850708,-0.016599416732788086,1
1789134904907915,0.03296840190887451,-0.017367830500006676,1
1789134904919915,0.03576648235321045,-0.017666716128587723,1
1789134904919915,0.03576648235321045,-0.017666716128587723,1
1789134904919915,0.03576648235321045,-0.017666716128587723,1
1789134904919915,0.03576648235321045,-0.017666716128587723,1
1789134904919915,0.03576648235321045,-0.017666716128587723,1
1789134904967915,0.04196739196777344,-0.01850617676973343,1
1789134904979915,0.014697074890136719,-0.018637744709849358,1
1789134904979915,0.014697074890136719,-0.018637744709849358,1
1789134904979915,0.014697074890136719,-0.018637744709849358,1
1789134905003915,-0.001125931739807129,-0.01893538422882557,1
1789134905003915,-0.001125931739807129,-0.01893538422882557,1
1789134905027915,0.03773081302642822,-0.01929960958659649,1
1789134905039915,0.06356263160705566,-0.019628770649433136,1
1789134905039915,0.06356263160705566,-0.019628770649433136,1
1789134905039915,0.06356263160705566,-0.019628770649433136,1
1789134905039915,0.06356263160705566,-0.019628770649433136,1
1789134905039915,0.06356263160705566,-0.019628770649433136,1
1789134905087915,-0.00917959213256836,-0.020201168954372406,1
1789134905099915,-0.01542508602142334,-0.020246587693691254,1
1789134905099915,-0.01542508602142334,-0.020246587693691254,1
1789134905099915,-0.01542508602142334,-0.020246587693691254,1
1789134905099915,-0.01542508602142334,-0.020246587693691254,1
1789134905135915,0.02986454963684082,-0.020745471119880676,1
1789134905147915,0.011126995086669922,-0.020833730697631836,1
1789134905159915,-0.030863642692565918,-0.020896131172776222,1
1789134905159915,-0.030863642692565918,-0.020896131172776222,1
1789134905159915,-0.030863642692565918,-0.020896131172776222,1
1789134905159915,-0.030863642692565918,-0.020896131172776222,1
1789134905159915,-0.030863642692565918,-0.020896131172776222,1
1789134905207915,0.055068373680114746,-0.021248485893011093,1
1789134905219915,0.03680825233459473,-0.021359983831644058,1
1789134905219915,0.03680825233459473,-0.021359983831644058,1
1789134905231915,0.04017484188079834,-0.021501706913113594,1
1789134905231915,0.04017484188079834,-0.021501706913113594,1
1789134905231915,0.04017484188079834,-0.021501706913113594,1
1789134905267915,-0.01178288459777832,-0.021756624802947044,1
1789134905279915,-0.03941357135772705,-0.02175598405301571,1
1789134905279915,-0.03941357135772705,-0.02175598405301571,1
1789134905279915,-0.03941357135772705,-0.02175598405301571,1
1789134905279915,-0.03941357135772705,-0.02175598405301571,1
1789134905279915,-0.03941357135772705,-0.02175598405301571,1
1789134905327915,-0.03355050086975098,-0.021515969187021255,1
1789134905339915,-0.02317345142364502,-0.0215061716735363,1
1789134905339915,-0.02317345142364502,-0.0215061716735363,1
1789134905339915,-0.02317345142364502,-0.0215061716735363,1
1789134905363915,-0.045813918113708496,-0.02145123854279518,1
1789134905363915,-0.045813918113708496,-0.02145123854279518,1
1789134905387915,-0.04986536502838135,-0.02126709371805191,1
1789134905399915,-0.06003856658935547,-0.021138755604624748,1
1789134905399915,-0.06003856658935547,-0.021138755604624748,1
1789134905399915,-0.06003856658935547,-0.021138755604624748,1
1789134905399915,-0.06003856658935547,-0.021138755604624748,1
1789134905399915,-0.06003856658935547,-0.021138755604624748,1
1789134905447915,-0.04373884201049805,-0.02071729674935341,1
1789134905459915,-0.037951111793518066,-0.020675722509622574,1
1789134905459915,-0.037951111793518066,-0.020675722509622574,1
1789134905459915,-0.037951111793518066,-0.020675722509622574,1
1789134905459915,-0.037951111793518066,-0.020675722509622574,1
1789134905495915,-0.019525647163391113,-0.020608147606253624,1
1789134905507915,-0.02440786361694336,-0.02062535658478737,1
1789134905519915,-0.03822493553161621,-0.02060793898999691,1
1789134905519915,-0.03822493553161621,-0.02060793898999691,1
1789134905519915,-0.03822493553161621,-0.02060793898999691,1
1789134905519915,-0.03822493553161621,-0.02060793898999691,1
1789134905519915,-0.03822493553161621,-0.02060793898999691,1
1789134905567915,-0.005911827087402344,-0.020607035607099533,1
1789134905579915,-0.023714900016784668,-0.02064877562224865,1
1789134905579915,-0.023714900016784668,-0.02064877562224865,1
1789134905579915,-0.023714900016784668,-0.02064877562224865,1
1789134905579915,-0.023714900016784668,-0.02064877562224865,1
1789134905579915,-0.023714900016784668,-0.02064877562224865,1
1789134905627915,-0.029893875122070312,-0.020887387916445732,1
1789134905639915,-0.040253639221191406,-0.02090248093008995,1
1789134905639915,-0.040253639221191406,-0.02090248093008995,1
1789134905639915,-0.040253639221191406,-0.02090248093008995,1
1789134905663915,-0.04617476463317871,-0.020840154960751534,1
1789134905663915,-0.04617476463317871,-0.020840154960751534,1
1789134905687915,-0.02967846393585205,-0.02081558108329773,1
1789134905699915,-0.027549147605895996,-0.020835360512137413,1
1789134905699915,-0.027549147605895996,-0.020835360512137413,1
1789134905700082,-0.027549147605895996,-0.020835360512137413,1
1789134905700082,-0.027549147605895996,-0.020835360512137413,1
1789134905700082,-0.027549147605895996,-0.020835360512137413,1
1789134905748082,-0.042030930519104004,-0.020815659314393997,1
1789134905760082,-0.02398502826690674,-0.020851267501711845,1
1789134905760082,-0.02398502826690674,-0.020851267501711845,1
1789134905760082,-0.02398502826690674,-0.020851267501711845,1
1789134905760082,-0.02398502826690674,-0.020851267501711845,1
1789134905796082,0.004220724105834961,-0.02111358940601349,1
1789134905808082,-0.02899348735809326,-0.021232910454273224,1
1789134905820082,-0.04694926738739014,-0.021239321678876877,1
1789134905820082,-0.04694926738739014,-0.021239321678876877,1
1789134905820082,-0.04694926738739014,-0.021239321678876877,1
1789134905820082,-0.04694926738739014,-0.021239321678876877,1
1789134905820082,-0.04694926738739014,-0.021239321678876877,1
1789134905868082,0.04162895679473877,-0.02166617475450039,1
1789134905880082,0.06952416896820068,-0.02206302434206009,1
1789134905880082,0.06952416896820068,-0.02206302434206009,1
1789134905892082,0.0920250415802002,-0.02228778600692749,1
1789134905892082,0.0920250415802002,-0.02228778600692749,1
1789134905892082,0.0920250415802002,-0.02228778600692749,1
1789134905928082,0.10238683223724365,-0.023371543735265732,1
1789134905940082,0.0894089937210083,-0.023586085066199303,1
1789134905940082,0.0894089937210083,-0.023586085066199303,1
1789134905940082,0.0894089937210083,-0.023586085066199303,1
1789134905940082,0.0894089937210083,-0.023586085066199303,1
1789134905940082,0.0894089937210083,-0.023586085066199303,1
1789134905988082,0.039734482765197754,-0.024629903957247734,1
1789134906000082,0.0037387609481811523,-0.02481577917933464,1
1789134906000082,0.0037387609481811523,-0.02481577917933464,1
1789134906000082,0.0037387609481811523,-0.02481577917933464,1
1789134906024082,0.0073473453521728516,-0.02487058937549591,1
1789134906024082,0.0073473453521728516,-0.02487058937549591,1
1789134906048082,0.03545665740966797,-0.025049511343240738,1
1789134906060082,0.04904592037200928,-0.025128906592726707,1
1789134906060082,0.04904592037200928,-0.025128906592726707,1
1789134906060082,0.04904592037200928,-0.025128906592726707,1
1789134906060082,0.04904592037200928,-0.025128906592726707,1
1789134906060082,0.04904592037200928,-0.025128906592726707,1
1789134906108082,-0.01829051971435547,-0.02522558718919754,1
1789134906120082,-0.04769790172576904,-0.02507617697119713,1
1789134906120082,-0.04769790172576904,-0.02507617697119713,1
1789134906120082,-0.04769790172576904,-0.02507617697119713,1
1789134906120082,-0.04769790172576904,-0.02507617697119713,1
1789134906156082,0.004423260688781738,-0.024636907503008842,1
1789134906168082,-0.00522160530090332,-0.024525733664631844,1
1789134906180082,-0.002988576889038086,-0.02447379194200039,1
1789134906180082,-0.002988576889038086,-0.02447379194200039,1
1789134906180082,-0.002988576889038086,-0.02447379194200039,1
1789134906180082,-0.002988576889038086,-0.02447379194200039,1
1789134906180082,-0.002988576889038086,-0.02447379194200039,1
1789134906228082,0.040543556213378906,-0.024426430463790894,1
1789134906240082,0.025075078010559082,-0.024404771625995636,1
1789134906240082,0.025075078010559082,-0.024404771625995636,1
1789134906240082,0.025075078010559082,-0.024404771625995636,1
1789134906240082,0.025075078010559082,-0.024404771625995636,1
1789134906240082,0.025075078010559082,-0.024404771625995636,1
1789134906288082,-0.02336597442626953,-0.023802656680345535,1
1789134906300082,-0.009369373321533203,-0.023712128400802612,1
1789134906300082,-0.009369373321533203,-0.023712128400802612,1
1789134906300082,-0.009369373321533203,-0.023712128400802612,1
1789134906324082,0.0400465726852417,-0.02366051636636257,1
1789134906324082,0.0400465726852417,-0.02366051636636257,1
1789134906348082,-0.012860417366027832,-0.02352440357208252,1
1789134906360082,-0.02979731559753418,-0.02326330728828907,1
1789134906360082,-0.02979731559753418,-0.02326330728828907,1
1789134906360082,-0.02979731559753418,-0.02326330728828907,1
1789134906360082,-0.02979731559753418,-0.02326330728828907,1
1789134906360082,-0.02979731559753418,-0.02326330728828907,1
1789134906408082,0.025852203369140625,-0.022755904123187065,1
1789134906420082,0.02104806900024414,-0.022689277306199074,1
1789134906420082,0.02104806900024414,-0.022689277306199074,1
1789134906420082,0.02104806900024414,-0.022689277306199074,1
1789134906420082,0.02104806900024414,-0.022689277306199074,1
1789134906456082,-0.00022351741790771484,-0.022440290078520775,1
1789134906468082,-0.014678359031677246,-0.022328687831759453,1
1789134906480082,-0.03978276252746582,-0.02204095758497715,1
1789134906480082,-0.03978276252746582,-0.02204095758497715,1
1789134906480082,-0.03978276252746582,-0.02204095758497715,1
1789134906480082,-0.03978276252746582,-0.02204095758497715,1
1789134906480082,-0.03978276252746582,-0.02204095758497715,1
1789134906528082,-0.10572123527526855,-0.020512254908680916,1
1789134906540082,-0.06637299060821533,-0.02027069590985775,1
1789134906540082,-0.06637299060821533,-0.02027069590985775,1
1789134906552082,-0.011853456497192383,-0.019980108365416527,1
1789134906552082,-0.011853456497192383,-0.019980108365416527,1
1789134906552082,-0.011853456497192383,-0.019980108365416527,1
1789134906588082,-0.03627121448516846,-0.01940777711570263,1
1789134906600082,-0.05194199085235596,-0.019025154411792755,1
1789134906600082,-0.05194199085235596,-0.019025154411792755,1
1789134906600082,-0.05194199085235596,-0.019025154411792755,1
1789134906600082,-0.05194199085235596,-0.019025154411792755,1
1789134906600082,-0.05194199085235596,-0.019025154411792755,1
1789134906648082,-0.13292169570922852,-0.01733892597258091,1
1789134906660082,-0.09438741207122803,-0.017077436670660973,1
1789134906660082,-0.09438741207122803,-0.017077436670660973,1
1789134906660082,-0.09438741207122803,-0.017077436670660973,1
1789134906684082,-0.07897388935089111,-0.016495658084750175,1
1789134906684082,-0.07897388935089111,-0.016495658084750175,1
1789134906708082,-0.08249366283416748,-0.01578994281589985,1
1789134906720082,-0.06519949436187744,-0.015387436375021935,1
1789134906720249,-0.06519949436187744,-0.015387436375021935,1
1789134906720249,-0.06519949436187744,-0.015387436375021935,1
1789134906720249,-0.06519949436187744,-0.015387436375021935,1
1789134906720249,-0.06519949436187744,-0.015387436375021935,1
1789134906768249,-0.05336642265319824,-0.014448031783103943,1
1789134906780249,-0.08396148681640625,-0.014273736625909805,1
1789134906780249,-0.08396148681640625,-0.014273736625909805,1
1789134906780249,-0.08396148681640625,-0.014273736625909805,1
1789134906780249,-0.08396148681640625,-0.014273736625909805,1
1789134906816249,-0.0854349136352539,-0.01337649580091238,1
1789134906828249,-0.04412400722503662,-0.013225489296019077,1
1789134906840249,-0.024201035499572754,-0.013099265284836292,1
1789134906840249,-0.024201035499572754,-0.013099265284836292,1
1789134906840249,-0.024201035499572754,-0.013099265284836292,1
1789134906864249,-0.033943772315979004,-0.012973643839359283,1
1789134906864249,-0.033943772315979004,-0.012973643839359283,1
1789134906888249,-0.03929948806762695,-0.012740874662995338,1
1789134906900249,-0.0587846040725708,-0.012662054039537907,1
1789134906900249,-0.0587846040725708,-0.012662054039537907,1
1789134906900249,-0.0587846040725708,-0.012662054039537907,1
1789134906900249,-0.0587846040725708,-0.012662054039537907,1
1789134906900249,-0.0587846040725708,-0.012662054039537907,1
1789134906948249,-0.02980935573577881,-0.012173074297606945,1
1789134906960249,-0.010852456092834473,-0.012143568135797977,1
1789134906960249,-0.010852456092834473,-0.012143568135797977,1
1789134906960249,-0.010852456092834473,-0.012143568135797977,1
1789134906984249,-0.01310122013092041,-0.012115278281271458,1
1789134906984249,-0.01310122013092041,-0.012115278281271458,1
1789134907008249,0.020296096801757812,-0.012206661514937878,1
1789134907020249,0.024560213088989258,-0.012260526418685913,1
1789134907020249,0.024560213088989258,-0.012260526418685913,1
1789134907020249,0.024560213088989258,-0.012260526418685913,1
1789134907020249,0.024560213088989258,-0.012260526418685913,1
1789134907056249,-0.04736530780792236,-0.012236700393259525,1
1789134907068249,-0.0462186336517334,-0.012194483540952206,1
1789134907080249,-0.026103496551513672,-0.012150578200817108,1
1789134907080249,-0.026103496551513672,-0.012150578200817108,1
1789134907080249,-0.026103496551513672,-0.012150578200817108,1
1789134907080249,-0.026103496551513672,-0.012150578200817108,1
1789134907116249,-0.034702181816101074,-0.012067831121385098,1
1789134907128249,-0.010182499885559082,-0.01204279437661171,1
1789134907140249,-0.004854559898376465,-0.012065532617270947,1
1789134907140249,-0.004854559898376465,-0.012065532617270947,1
1789134907140249,-0.004854559898376465,-0.012065532617270947,1
1789134907140249,-0.004854559898376465,-0.012065532617270947,1
1789134907140249,-0.004854559898376465,-0.012065532617270947,1
1789134907188249,0.01486361026763916,-0.012327552773058414,1
1789134907200249,-0.01170361042022705,-0.012398784048855305,1
1789134907200249,-0.01170361042022705,-0.012398784048855305,1
1789134907212249,-0.03269922733306885,-0.01238785870373249,1
1789134907212249,-0.03269922733306885,-0.01238785870373249,1
1789134907212249,-0.03269922733306885,-0.01238785870373249,1
1789134907248249,0.004199385643005371,-0.012430258095264435,1
1789134907260249,0.019585490226745605,-0.012484702281653881,1
1789134907260249,0.019585490226745605,-0.012484702281653881,1
1789134907260249,0.019585490226745605,-0.012484702281653881,1
1789134907260249,0.019585490226745605,-0.012484702281653881,1
1789134907260249,0.019585490226745605,-0.012484702281653881,1
1789134907308249,-0.004081368446350098,-0.012829931452870369,1
1789134907320249,-0.017607808113098145,-0.012850786559283733,1
1789134907320249,-0.017607808113098145,-0.012850786559283733,1
1789134907320249,-0.017607808113098145,-0.012850786559283733,1
1789134907344249,-0.0016797780990600586,-0.012828690931200981,1
1789134907344249,-0.0016797780990600586,-0.012828690931200981,1
1789134907368249,0.007565498352050781,-0.012888294644653797,1
1789134907380249,0.013911008834838867,-0.012927649542689323,1
1789134907380249,0.013911008834838867,-0.012927649542689323,1
1789134907380249,0.013911008834838867,-0.012927649542689323,1
1789134907380249,0.013911008834838867,-0.012927649542689323,1
1789134907380249,0.013911008834838867,-0.012927649542689323,1
1789134907428249,-0.007477521896362305,-0.013200507499277592,1
1789134907440249,-0.01789271831512451,-0.013186569325625896,1
1789134907440249,-0.01789271831512451,-0.013186569325625896,1
1789134907440249,-0.01789271831512451,-0.013186569325625896,1
1789134907440249,-0.01789271831512451,-0.013186569325625896,1
1789134907476249,-0.0253293514251709,-0.013114919885993004,1
1789134907488249,-0.015070557594299316,-0.013051707297563553,1
1789134907500249,-0.012358665466308594,-0.013043254613876343,1
1789134907500249,-0.012358665466308594,-0.013043254613876343,1
1789134907500249,-0.012358665466308594,-0.013043254613876343,1
1789134907500249,-0.012358665466308594,-0.013043254613876343,1
1789134907500249,-0.012358665466308594,-0.013043254613876343,1
1789134907548249,-0.0069408416748046875,-0.012966817244887352,1
1789134907560249,-0.002049684524536133,-0.0129622807726264,1
1789134907560249,-0.002049684524536133,-0.0129622807726264,1
1789134907560249,-0.002049684524536133,-0.0129622807726264,1
1789134907560249,-0.002049684524536133,-0.0129622807726264,1
1789134907560249,-0.002049684524536133,-0.0129622807726264,1
1789134907608249,-0.04785025119781494,-0.012746517546474934,1
1789134907620249,-0.04275178909301758,-0.012666710652410984,1
1789134907620249,-0.04275178909301758,-0.012666710652410984,1
1789134907620249,-0.04275178909301758,-0.012666710652410984,1
1789134907644249,-0.03247392177581787,-0.012499319389462471,1
1789134907644249,-0.03247392177581787,-0.012499319389462471,1
1789134907668249,-0.0036066770553588867,-0.012445446103811264,1
1789134907680249,-0.013051390647888184,-0.01243685930967331,1
1789134907680249,-0.013051390647888184,-0.01243685930967331,1
1789134907680249,-0.013051390647888184,-0.01243685930967331,1
1789134907680249,-0.013051390647888184,-0.01243685930967331,1
1789134907680249,-0.013051390647888184,-0.01243685930967331,1
1789134907728416,-0.009466767311096191,-0.012537414208054543,1
1789134907740416,-0.01618218421936035,-0.0125214122235775,1
1789134907740416,-0.01618218421936035,-0.0125214122235775,1
1789134907740416,-0.01618218421936035,-0.0125214122235775,1
1789134907740416,-0.01618218421936035,-0.0125214122235775,1
1789134907776416,-0.04553210735321045,-0.01222485676407814,1
1789134907788416,-0.03671467304229736,-0.012154941447079182,1
1789134907800416,0.00507664680480957,-0.012127263471484184,1
1789134907800416,0.00507664680480957,-0.012127263471484184,1
1789134907800416,0.00507664680480957,-0.012127263471484184,1
1789134907800416,0.00507664680480957,-0.012127263471484184,1
1789134907800416,0.00507664680480957,-0.012127263471484184,1
1789134907848416,0.01336658000946045,-0.012287785299122334,1
1789134907860416,0.024389266967773438,-0.012318715453147888,1
1789134907860416,0.024389266967773438,-0.012318715453147888,1
1789134907872416,0.014891743659973145,-0.012372680008411407,1
1789134907872416,0.014891743659973145,-0.012372680008411407,1
1789134907872416,0.014891743659973145,-0.012372680008411407,1
1789134907908416,-0.00628352165222168,-0.012468863278627396,1
1789134907920416,-0.014073371887207031,-0.01245999988168478,1
1789134907920416,-0.014073371887207031,-0.01245999988168478,1
1789134907920416,-0.014073371887207031,-0.01245999988168478,1
1789134907920416,-0.014073371887207031,-0.01245999988168478,1
1789134907920416,-0.014073371887207031,-0.01245999988168478,1
1789134907968416,0.035320401191711426,-0.012563452124595642,1
1789134907980416,0.03881990909576416,-0.012619034387171268,1
1789134907980416,0.03881990909576416,-0.012619034387171268,1
1789134907980416,0.03881990909576416,-0.012619034387171268,1
1789134908004416,0.019717097282409668,-0.012781391851603985,1
1789134908004416,0.019717097282409668,-0.012781391851603985,1
1789134908028416,-0.037120938301086426,-0.012671862728893757,1
1789134908040416,0.0013583898544311523,-0.012594372034072876,1
1789134908040416,0.0013583898544311523,-0.012594372034072876,1
1789134908040416,0.0013583898544311523,-0.012594372034072876,1
1789134908040416,0.0013583898544311523,-0.012594372034072876,1
1789134908040416,0.0013583898544311523,-0.012594372034072876,1
1789134908088416,-0.004856586456298828,-0.01274335477501154,1
1789134908100416,-0.005566954612731934,-0.01271769218146801,1
1789134908100416,-0.005566954612731934,-0.01271769218146801,1
1789134908100416,-0.005566954612731934,-0.01271769218146801,1
1789134908100416,-0.005566954612731934,-0.01271769218146801,1
1789134908136416,-0.014553427696228027,-0.012487467378377914,1
1789134908148416,-0.011407852172851562,-0.012438604608178139,1
1789134908160416,0.017883658409118652,-0.012424595654010773,1
1789134908160416,0.017883658409118652,-0.012424595654010773,1
1789134908160416,0.017883658409118652,-0.012424595654010773,1
1789134908160416,0.017883658409118652,-0.012424595654010773,1
1789134908160416,0.017883658409118652,-0.012424595654010773,1
1789134908208416,-0.024878740310668945,-0.01234425324946642,1
1789134908220416,-0.03291964530944824,-0.012267730198800564,1
1789134908220416,-0.03291964530944824,-0.012267730198800564,1
1789134908220416,-0.03291964530944824,-0.012267730198800564,1
1789134908220416,-0.03291964530944824,-0.012267730198800564,1
1789134908220416,-0.03291964530944824,-0.012267730198800564,1
1789134908268416,-0.060654520988464355,-0.011505094356834888,1
1789134908280416,-0.008272051811218262,-0.011320371180772781,1
1789134908280416,-0.008272051811218262,-0.011320371180772781,1
1789134908280416,-0.008272051811218262,-0.011320371180772781,1
1789134908304416,-0.04444301128387451,-0.011119626462459564,1
1789134908304416,-0.04444301128387451,-0.011119626462459564,1
1789134908328416,-0.025401830673217773,-0.010847561992704868,1
1789134908340416,-0.054168701171875,-0.01075264997780323,1
1789134908340416,-0.054168701171875,-0.01075264997780323,1
1789134908340416,-0.054168701171875,-0.01075264997780323,1
1789134908340416,-0.054168701171875,-0.01075264997780323,1
1789134908340416,-0.054168701171875,-0.01075264997780323,1
1789134908388416,-0.020151734352111816,-0.01026636641472578,1
1789134908400416,-0.01999795436859131,-0.010205038823187351,1
1789134908400416,-0.01999795436859131,-0.010205038823187351,1
1789134908400416,-0.01999795436859131,-0.010205038823187351,1
1789134908400416,-0.01999795436859131,-0.010205038823187351,1
1789134908436416,-0.056430697441101074,-0.010020271874964237,1
1789134908448416,-0.0330204963684082,-0.009897381998598576,1
1789134908460416,0.00027251243591308594,-0.009880827739834785,1
1789134908460416,0.00027251243591308594,-0.009880827739834785,1
1789134908460416,0.00027251243591308594,-0.009880827739834785,1
1789134908460416,0.00027251243591308594,-0.009880827739834785,1
1789134908460416,0.00027251243591308594,-0.009880827739834785,1
1789134908508416,-0.040882110595703125,-0.009796781465411186,1
1789134908520416,-0.01981830596923828,-0.009739289991557598,1
1789134908520416,-0.01981830596923828,-0.009739289991557598,1
1789134908532416,-0.02140510082244873,-0.009729994460940361,1
1789134908532416,-0.02140510082244873,-0.009729994460940361,1
1789134908532416,-0.02140510082244873,-0.009729994460940361,1
1789134908568416,-0.035114288330078125,-0.009450268931686878,1
1789134908580416,-0.03691744804382324,-0.009416974149644375,1
1789134908580416,-0.03691744804382324,-0.009416974149644375,1
1789134908580416,-0.03691744804382324,-0.009416974149644375,1
1789134908580416,-0.03691744804382324,-0.009416974149644375,1
1789134908580416,-0.03691744804382324,-0.009416974149644375,1
1789134908628416,0.006463408470153809,-0.009560205973684788,1
1789134908640416,-0.009399652481079102,-0.009623314253985882,1
1789134908640416,-0.009399652481079102,-0.009623314253985882,1
1789134908640416,-0.009399652481079102,-0.009623314253985882,1
1789134908664416,-0.020804286003112793,-0.009592477232217789,1
1789134908664416,-0.020804286003112793,-0.009592477232217789,1
1789134908688416,0.013721466064453125,-0.00968724675476551,1
1789134908700416,-0.0031381845474243164,-0.009732451289892197,1
1789134908700416,-0.0031381845474243164,-0.009732451289892197,1
1789134908700416,-0.0031381845474243164,-0.009732451289892197,1
1789134908700416,-0.0031381845474243164,-0.009732451289892197,1
1789134908700582,-0.0031381845474243164,-0.009732451289892197,1
1789134908748582,-0.0028859376907348633,-0.010084152221679688,1
1789134908760582,-0.005075335502624512,-0.010165603831410408,1
1789134908760582,-0.005075335502624512,-0.010165603831410408,1
1789134908760582,-0.005075335502624512,-0.010165603831410408,1
1789134908760582,-0.005075335502624512,-0.010165603831410408,1
1789134908796582,-0.05091452598571777,-0.010093426331877708,1
1789134908808582,-0.04435586929321289,-0.010042059235274792,1
1789134908820582,-0.013042449951171875,-0.010045777074992657,1
1789134908820582,-0.013042449951171875,-0.010045777074992657,1
1789134908820582,-0.013042449951171875,-0.010045777074992657,1
1789134908820582,-0.013042449951171875,-0.010045777074992657,1
1789134908820582,-0.013042449951171875,-0.010045777074992657,1
1789134908868582,0.0180509090423584,-0.010419891215860844,1
1789134908880582,0.011724233627319336,-0.010593410581350327,1
1789134908880582,0.011724233627319336,-0.010593410581350327,1
1789134908880582,0.011724233627319336,-0.010593410581350327,1
1789134908880582,0.011724233627319336,-0.010593410581350327,1
1789134908880582,0.011724233627319336,-0.010593410581350327,1
1789134908928582,-0.015732526779174805,-0.010694600641727448,1
1789134908940582,-0.005407810211181641,-0.010732675902545452,1
1789134908940582,-0.005407810211181641,-0.010732675902545452,1
1789134908940582,-0.005407810211181641,-0.010732675902545452,1
1789134908964582,0.032750844955444336,-0.010987714864313602,1
1789134908964582,0.032750844955444336,-0.010987714864313602,1
1789134908988582,-0.014806628227233887,-0.011183329857885838,1
1789134909000582,-0.023755908012390137,-0.011218511499464512,1
1789134909000582,-0.023755908012390137,-0.011218511499464512,1
1789134909000582,-0.023755908012390137,-0.011218511499464512,1
1789134909000582,-0.023755908012390137,-0.011218511499464512,1
1789134909000582,-0.023755908012390137,-0.011218511499464512,1
1789134909048582,0.06844115257263184,-0.011546250432729721,1
1789134909060582,0.06508314609527588,-0.011682511307299137,1
1789134909060582,0.06508314609527588,-0.011682511307299137,1
1789134909060582,0.06508314609527588,-0.011682511307299137,1
1789134909060582,0.06508314609527588,-0.011682511307299137,1
1789134909096582,0.029605865478515625,-0.012264242395758629,1
1789134909108582,0.03690218925476074,-0.01235236506909132,1
1789134909120582,0.03263556957244873,-0.012552965432405472,1
1789134909120582,0.03263556957244873,-0.012552965432405472,1
1789134909120582,0.03263556957244873,-0.012552965432405472,1
1789134909120582,0.03263556957244873,-0.012552965432405472,1
1789134909120582,0.03263556957244873,-0.012552965432405472,1
1789134909168582,0.05958139896392822,-0.01308859046548605,1
1789134909180582,0.04890251159667969,-0.013189674355089664,1
1789134909180582,0.04890251159667969,-0.013189674355089664,1
1789134909192582,0.0627436637878418,-0.013348518870770931,1
1789134909192582,0.0627436637878418,-0.013348518870770931,1
1789134909192582,0.0627436637878418,-0.013348518870770931,1
1789134909228582,0.024008989334106445,-0.013683818280696869,1
1789134909240582,-0.012712359428405762,-0.013669933192431927,1
1789134909240582,-0.012712359428405762,-0.013669933192431927,1
1789134909240582,-0.012712359428405762,-0.013669933192431927,1
1789134909240582,-0.012712359428405762,-0.013669933192431927,1
1789134909240582,-0.012712359428405762,-0.013669933192431927,1
1789134909288582,0.07096612453460693,-0.013831677846610546,1
1789134909300582,0.0749521255493164,-0.013894917443394661,1
1789134909300582,0.0749521255493164,-0.013894917443394661,1
1789134909300582,0.0749521255493164,-0.013894917443394661,1
1789134909324582,0.05437898635864258,-0.014113999903202057,1
1789134909324582,0.05437898635864258,-0.014113999903202057,1
1789134909348582,0.01776278018951416,-0.014180066995322704,1
1789134909360582,0.06621968746185303,-0.014215067960321903,1
1789134909360582,0.06621968746185303,-0.014215067960321903,1
1789134909360582,0.06621968746185303,-0.014215067960321903,1
1789134909360582,0.06621968746185303,-0.014215067960321903,1
1789134909360582,0.06621968746185303,-0.014215067960321903,1
1789134909408582,0.004294991493225098,-0.014393756166100502,1
1789134909420582,0.010519623756408691,-0.01435737032443285,1
1789134909420582,0.010519623756408691,-0.01435737032443285,1
1789134909420582,0.010519623756408691,-0.01435737032443285,1
1789134909420582,0.010519623756408691,-0.01435737032443285,1
1789134909456582,0.022879600524902344,-0.014246276579797268,1
1789134909468582,0.038937926292419434,-0.014221192337572575,1
1789134909480582,0.03981912136077881,-0.014198525808751583,1
1789134909480582,0.03981912136077881,-0.014198525808751583,1
1789134909480582,0.03981912136077881,-0.014198525808751583,1
1789134909480582,0.03981912136077881,-0.014198525808751583,1
1789134909480582,0.03981912136077881,-0.014198525808751583,1
1789134909528582,0.022292494773864746,-0.014196738600730896,1
1789134909540582,0.0087205171585083,-0.014117422513663769,1
1789134909540582,0.0087205171585083,-0.014117422513663769,1
1789134909540582,0.0087205171585083,-0.014117422513663769,1
1789134909540582,0.0087205171585083,-0.014117422513663769,1
1789134909540582,0.0087205171585083,-0.014117422513663769,1
1789134909588582,0.009748220443725586,-0.01347469724714756,1
1789134909600582,0.04756736755371094,-0.013372667133808136,1
1789134909600582,0.04756736755371094,-0.013372667133808136,1
1789134909600582,0.04756736755371094,-0.013372667133808136,1
1789134909624582,0.04564106464385986,-0.013261795043945312,1
1789134909624582,0.04564106464385986,-0.013261795043945312,1
1789134909648582,0.004133462905883789,-0.012998216785490513,1
1789134909660582,-0.06822037696838379,-0.012820430099964142,1
1789134909660582,-0.06822037696838379,-0.012820430099964142,1
1789134909660582,-0.06822037696838379,-0.012820430099964142,1
1789134909660582,-0.06822037696838379,-0.012820430099964142,1
1789134909660582,-0.06822037696838379,-0.012820430099964142,1
1789134909708582,0.03821110725402832,-0.011867040768265724,1
1789134909720582,0.06745612621307373,-0.011760980822145939,1
1789134909720582,0.06745612621307373,-0.011760980822145939,1
1789134909720748,0.06745612621307373,-0.011760980822145939,1
1789134909720748,0.06745612621307373,-0.011760980822145939,1
1789134909756748,-0.0034406185150146484,-0.011392773129045963,1
1789134909768748,-0.049173951148986816,-0.01102724764496088,1
1789134909780748,-0.03537583351135254,-0.01081167720258236,1
1789134909780748,-0.03537583351135254,-0.01081167720258236,1
1789134909780748,-0.03537583351135254,-0.01081167720258236,1
1789134909780748,-0.03537583351135254,-0.01081167720258236,1
1789134909780748,-0.03537583351135254,-0.01081167720258236,1
1789134909828748,-0.01105964183807373,-0.009701191447675228,1
1789134909840748,0.0302201509475708,-0.009454164654016495,1
1789134909840748,0.0302201509475708,-0.009454164654016495,1
1789134909852748,0.04838430881500244,-0.009371660649776459,1
1789134909864748,0.03259849548339844,-0.009209277108311653,1
1789134909864748,0.03259849548339844,-0.009209277108311653,1
1789134909888748,-0.010253071784973145,-0.008785146288573742,1
1789134909900748,-0.03542029857635498,-0.008597823791205883,1
1789134909900748,-0.03542029857635498,-0.008597823791205883,1
1789134909900748,-0.03542029857635498,-0.008597823791205883,1
1789134909900748,-0.03542029857635498,-0.008597823791205883,1
1789134909900748,-0.03542029857635498,-0.008597823791205883,1
1789134909948748,-0.03957998752593994,-0.007426147814840078,1
1789134909960748,-0.0075005292892456055,-0.007049501873552799,1
1789134909960748,-0.0075005292892456055,-0.007049501873552799,1
1789134909960748,-0.0075005292892456055,-0.007049501873552799,1
1789134909984748,-0.014893651008605957,-0.006609066389501095,1
1789134909984748,-0.014893651008605957,-0.006609066389501095,1
1789134910008748,0.05380725860595703,-0.006199538242071867,1
1789134910020748,0.04739797115325928,-0.00611875532194972,1
1789134910020748,0.04739797115325928,-0.00611875532194972,1
1789134910020748,0.04739797115325928,-0.00611875532194972,1
1789134910020748,0.04739797115325928,-0.00611875532194972,1
1789134910056748,0.028790593147277832,-0.00576123408973217,1
1789134910068748,-0.0089339017868042,-0.0056274509988725185,1
1789134910080748,-0.016840696334838867,-0.00532565638422966,1
1789134910080748,-0.016840696334838867,-0.00532565638422966,1
1789134910080748,-0.016840696334838867,-0.00532565638422966,1
1789134910080748,-0.016840696334838867,-0.00532565638422966,1
1789134910116748,-0.050267577171325684,-0.004431974142789841,1
1789134910128748,-0.09806191921234131,-0.0039038441609591246,1
1789134910140748,-0.08405852317810059,-0.003594954265281558,1
1789134910140748,-0.08405852317810059,-0.003594954265281558,1
1789134910140748,-0.08405852317810059,-0.003594954265281558,1
1789134910140748,-0.08405852317810059,-0.003594954265281558,1
1789134910140748,-0.08405852317810059,-0.003594954265281558,1
1789134910188748,-0.044295668601989746,-0.0018436810933053493,1
1789134910200748,-0.01342463493347168,-0.0014231260865926743,1
1789134910200748,-0.01342463493347168,-0.0014231260865926743,1
1789134910200748,-0.01342463493347168,-0.0014231260865926743,1
1789134910200748,-0.01342463493347168,-0.0014231260865926743,1
1789134910200748,-0.01342463493347168,-0.0014231260865926743,1
1789134910248748,-0.09066689014434814,2.3166736355051398e-05,1
1789134910260748,-0.09780597686767578,0.00033750064903870225,1
1789134910260748,-0.09780597686767578,0.00033750064903870225,1
1789134910260748,-0.09780597686767578,0.00033750064903870225,1
1789134910284748,-0.024167418479919434,0.0012572144623845816,1
1789134910284748,-0.024167418479919434,0.0012572144623845816,1
1789134910308748,-0.03898310661315918,0.0017588116461411119,1
1789134910320748,-0.03271138668060303,0.002148776315152645,1
1789134910320748,-0.03271138668060303,0.002148776315152645,1
1789134910320748,-0.03271138668060303,0.002148776315152645,1
1789134910320748,-0.03271138668060303,0.002148776315152645,1
1789134910320748,-0.03271138668060303,0.002148776315152645,1
1789134910368748,0.04438471794128418,0.0026956195943057537,1
1789134910380748,0.03601861000061035,0.0027357882354408503,1
1789134910380748,0.03601861000061035,0.0027357882354408503,1
1789134910380748,0.03601861000061035,0.0027357882354408503,1
1789134910380748,0.03601861000061035,0.0027357882354408503,1
1789134910416748,0.0075130462646484375,0.003036507871001959,1
1789134910428748,-0.007214784622192383,0.003108168952167034,1
1789134910440748,-0.0251314640045166,0.003309944411739707,1
1789134910440748,-0.0251314640045166,0.003309944411739707,1
1789134910440748,-0.0251314640045166,0.003309944411739707,1
1789134910440748,-0.0251314640045166,0.003309944411739707,1
1789134910440748,-0.0251314640045166,0.003309944411739707,1
1789134910488748,0.03873908519744873,0.003655144711956382,1
1789134910500748,0.05018424987792969,0.0036563058383762836,1
1789134910500748,0.05018424987792969,0.0036563058383762836,1
1789134910512748,0.03723275661468506,0.0036952942609786987,1
1789134910512748,0.03723275661468506,0.0036952942609786987,1
1789134910512748,0.03723275661468506,0.0036952942609786987,1
1789134910548748,-0.030648350715637207,0.003955102059990168,1
1789134910560748,-0.059298157691955566,0.004246077034622431,1
1789134910560748,-0.059298157691955566,0.004246077034622431,1
1789134910560748,-0.059298157691955566,0.004246077034622431,1
1789134910560748,-0.059298157691955566,0.004246077034622431,1
1789134910560748,-0.059298157691955566,0.004246077034622431,1
1789134910608748,0.1151742935180664,0.0039709522388875484,1
1789134910620748,0.09980905055999756,0.003876566654071212,1
1789134910620748,0.09980905055999756,0.003876566654071212,1
1789134910620748,0.09980905055999756,0.003876566654071212,1
1789134910644748,0.1451932191848755,0.003539025317877531,1
1789134910644748,0.1451932191848755,0.003539025317877531,1
1789134910668748,0.09989023208618164,0.0031886049546301365,1
1789134910680748,0.033353209495544434,0.0031430539675056934,1
1789134910680748,0.033353209495544434,0.0031430539675056934,1
1789134910680748,0.033353209495544434,0.0031430539675056934,1
1789134910680748,0.033353209495544434,0.0031430539675056934,1
1789134910680748,0.033353209495544434,0.0031430539675056934,1
1789134910728748,0.04999983310699463,0.0033727246336638927,1
1789134910740748,0.05013930797576904,0.003378825495019555,1
1789134910740916,0.05013930797576904,0.003378825495019555,1
1789134910740916,0.05013930797576904,0.003378825495019555,1
1789134910740916,0.05013930797576904,0.003378825495019555,1
1789134910776916,0.02515256404876709,0.003477563615888357,1
1789134910788916,0.01881873607635498,0.0035700213629752398,1
1789134910800916,0.00322115421295166,0.0037783414591103792,1
1789134910800916,0.00322115421295166,0.0037783414591103792,1
1789134910800916,0.00322115421295166,0.0037783414591103792,1
1789134910800916,0.00322115421295166,0.0037783414591103792,1
1789134910800916,0.00322115421295166,0.0037783414591103792,1
1789134910848916,-0.006184935569763184,0.0047666518948972225,1
1789134910860916,0.027112841606140137,0.004902265965938568,1
1789134910860916,0.027112841606140137,0.004902265965938568,1
1789134910860916,0.027112841606140137,0.004902265965938568,1
1789134910860916,0.027112841606140137,0.004902265965938568,1
1789134910860916,0.027112841606140137,0.004902265965938568,1
1789134910908916,0.06739866733551025,0.005137064028531313,1
1789134910920916,0.034178972244262695,0.005325046367943287,1
1789134910920916,0.034178972244262695,0.005325046367943287,1
1789134910920916,0.034178972244262695,0.005325046367943287,1
1789134910944916,-0.002768397331237793,0.0057761347852647305,1
1789134910944916,-0.002768397331237793,0.0057761347852647305,1
1789134910968916,0.06474995613098145,0.006135006435215473,1
1789134910980916,0.05378890037536621,0.006195863243192434,1
1789134910980916,0.05378890037536621,0.006195863243192434,1
1789134910980916,0.05378890037536621,0.006195863243192434,1
1789134910980916,0.05378890037536621,0.006195863243192434,1
1789134910980916,0.05378890037536621,0.006195863243192434,1
1789134911028916,-0.04000091552734375,0.007304674945771694,1
1789134911040916,0.03441154956817627,0.007676593493670225,1
1789134911040916,0.03441154956817627,0.007676593493670225,1
1789134911040916,0.03441154956817627,0.007676593493670225,1
1789134911040916,0.03441154956817627,0.007676593493670225,1
1789134911076916,0.03259384632110596,0.008089202456176281,1
1789134911088916,0.0450892448425293,0.008396318182349205,1
1789134911100916,0.010915994644165039,0.008540826849639416,1
1789134911100916,0.010915994644165039,0.008540826849639416,1
1789134911100916,0.010915994644165039,0.008540826849639416,1
1789134911100916,0.010915994644165039,0.008540826849639416,1
1789134911100916,0.010915994644165039,0.008540826849639416,1
1789134911148916,0.021126866340637207,0.009780417196452618,1
1789134911160916,0.07857930660247803,0.010049224831163883,1
1789134911160916,0.07857930660247803,0.010049224831163883,1
1789134911172916,0.06768715381622314,0.010144010186195374,1
1789134911172916,0.06768715381622314,0.010144010186195374,1
1789134911172916,0.06768715381622314,0.010144010186195374,1
1789134911208916,-0.02080845832824707,0.010914732702076435,1
1789134911220916,-0.029851555824279785,0.011177366599440575,1
1789134911220916,-0.029851555824279785,0.011177366599440575,1
1789134911220916,-0.029851555824279785,0.011177366599440575,1
1789134911220916,-0.029851555824279785,0.011177366599440575,1
1789134911220916,-0.029851555824279785,0.011177366599440575,1
1789134911268916,0.05077505111694336,0.012128026224672794,1
1789134911280916,0.08259809017181396,0.012326435185968876,1
1789134911280916,0.08259809017181396,0.012326435185968876,1
1789134911280916,0.08259809017181396,0.012326435185968876,1
1789134911304916,0.11783039569854736,0.012528891675174236,1
1789134911304916,0.11783039569854736,0.012528891675174236,1
1789134911328916,0.03593242168426514,0.012907877564430237,1
1789134911340916,0.04092001914978027,0.013068490661680698,1
1789134911340916,0.04092001914978027,0.013068490661680698,1
1789134911340916,0.04092001914978027,0.013068490661680698,1
1789134911340916,0.04092001914978027,0.013068490661680698,1
1789134911340916,0.04092001914978027,0.013068490661680698,1
1789134911388916,-0.039018988609313965,0.014666750095784664,1
1789134911400916,-0.01056528091430664,0.01521705649793148,1
1789134911400916,-0.01056528091430664,0.01521705649793148,1
1789134911400916,-0.01056528091430664,0.01521705649793148,1
1789134911400916,-0.01056528091430664,0.01521705649793148,1
1789134911436916,0.03203892707824707,0.01608680561184883,1
1789134911448916,-0.00900721549987793,0.016548363491892815,1
1789134911460916,-0.0001932382583618164,0.016824522987008095,1
1789134911460916,-0.0001932382583618164,0.016824522987008095,1
1789134911460916,-0.0001932382583618164,0.016824522987008095,1
1789134911460916,-0.0001932382583618164,0.016824522987008095,1
1789134911460916,-0.0001932382583618164,0.016824522987008095,1
1789134911508916,-0.0728987455368042,0.018835533410310745,1
1789134911520916,-0.001956462860107422,0.019547931849956512,1
1789134911520916,-0.001956462860107422,0.019547931849956512,1
1789134911520916,-0.001956462860107422,0.019547931849956512,1
1789134911520916,-0.001956462860107422,0.019547931849956512,1
1789134911520916,-0.001956462860107422,0.019547931849956512,1
1789134911568916,-0.05523073673248291,0.021136309951543808,1
1789134911580916,-0.07725787162780762,0.021537629887461662,1
1789134911580916,-0.07725787162780762,0.021537629887461662,1
1789134911580916,-0.07725787162780762,0.021537629887461662,1
1789134911604916,-0.05927896499633789,0.022770460695028305,1
1789134911604916,-0.05927896499633789,0.022770460695028305,1
1789134911628916,-0.035425782203674316,0.02395966276526451,1
1789134911640916,-0.037172794342041016,0.024625901132822037,1
1789134911640916,-0.037172794342041016,0.024625901132822037,1
1789134911640916,-0.037172794342041016,0.024625901132822037,1
1789134911640916,-0.037172794342041016,0.024625901132822037,1
1789134911640916,-0.037172794342041016,0.024625901132822037,1
1789134911688916,-0.029923319816589355,0.02639758586883545,1
1789134911700916,5.829334259033203e-05,0.026650626212358475,1
1789134911700916,5.829334259033203e-05,0.026650626212358475,1
1789134911700916,5.829334259033203e-05,0.026650626212358475,1
1789134911700916,5.829334259033203e-05,0.026650626212358475,1
1789134911736916,-0.03465461730957031,0.027826867997646332,1
1789134911749082,-0.05462241172790527,0.02809983305633068,1
1789134911761082,-0.0735400915145874,0.02869305945932865,1
1789134911761082,-0.0735400915145874,0.02869305945932865,1
1789134911761082,-0.0735400915145874,0.02869305945932865,1
1789134911761082,-0.0735400915145874,0.02869305945932865,1
1789134911761082,-0.0735400915145874,0.02869305945932865,1
1789134911809082,-0.09182202816009521,0.030793581157922745,1
1789134911821082,-0.055409908294677734,0.031085068359971046,1
1789134911821082,-0.055409908294677734,0.031085068359971046,1
1789134911833082,-0.033606648445129395,0.0315716527402401,1
1789134911833082,-0.033606648445129395,0.0315716527402401,1
1789134911833082,-0.033606648445129395,0.0315716527402401,1
1789134911869082,-0.04544234275817871,0.032339926809072495,1
1789134911881082,-0.05324506759643555,0.03276537358760834,1
1789134911881082,-0.05324506759643555,0.03276537358760834,1
1789134911881082,-0.05324506759643555,0.03276537358760834,1
1789134911881082,-0.05324506759643555,0.03276537358760834,1
1789134911881082,-0.05324506759643555,0.03276537358760834,1
1789134911929082,-0.05266833305358887,0.033815573900938034,1
1789134911941082,-0.02776813507080078,0.03396153077483177,1
1789134911941082,-0.02776813507080078,0.03396153077483177,1
1789134911941082,-0.02776813507080078,0.03396153077483177,1
1789134911965082,-0.03650557994842529,0.034417420625686646,1
1789134911965082,-0.03650557994842529,0.034417420625686646,1
1789134911989082,-0.01896488666534424,0.03475825861096382,1
1789134912001082,-0.020566821098327637,0.03492265194654465,1
1789134912001082,-0.020566821098327637,0.03492265194654465,1
1789134912001082,-0.020566821098327637,0.03492265194654465,1
1789134912001082,-0.020566821098327637,0.03492265194654465,1
1789134912001082,-0.020566821098327637,0.03492265194654465,1
1789134912049082,-0.005443096160888672,0.03529917076230049,1
1789134912061082,0.006574749946594238,0.035310614854097366,1
1789134912061082,0.006574749946594238,0.035310614854097366,1
1789134912061082,0.006574749946594238,0.035310614854097366,1
1789134912061082,0.006574749946594238,0.035310614854097366,1
1789134912097082,0.0020864009857177734,0.03531666100025177,1
1789134912109082,-0.004216313362121582,0.03529946506023407,1
1789134912121082,0.0015376806259155273,0.03524896875023842,1
1789134912121082,0.0015376806259155273,0.03524896875023842,1
1789134912121082,0.0015376806259155273,0.03524896875023842,1
1789134912121082,0.0015376806259155273,0.03524896875023842,1
1789134912121082,0.0015376806259155273,0.03524896875023842,1
1789134912169082,0.03548908233642578,0.03494216129183769,1
1789134912181082,0.03594005107879639,0.0348491333425045,1
1789134912181082,0.03594005107879639,0.0348491333425045,1
1789134912181082,0.03594005107879639,0.0348491333425045,1
1789134912181082,0.03594005107879639,0.0348491333425045,1
1789134912181082,0.03594005107879639,0.0348491333425045,1
1789134912229082,-0.0008531808853149414,0.034428007900714874,1
1789134912241082,0.019433975219726562,0.03430458903312683,1
1789134912241082,0.019433975219726562,0.03430458903312683,1
1789134912241082,0.019433975219726562,0.03430458903312683,1
1789134912265082,0.009430289268493652,0.0340629480779171,1
1789134912265082,0.009430289268493652,0.0340629480779171,1
1789134912289082,0.03666520118713379,0.033799756318330765,1
1789134912301082,0.05444765090942383,0.033681828528642654,1
1789134912301082,0.05444765090942383,0.033681828528642654,1
1789134912301082,0.05444765090942383,0.033681828528642654,1
1789134912301082,0.05444765090942383,0.033681828528642654,1
1789134912301082,0.05444765090942383,0.033681828528642654,1
1789134912349082,0.02477240562438965,0.03308079391717911,1
1789134912361082,0.03870236873626709,0.03290105611085892,1
1789134912361082,0.03870236873626709,0.03290105611085892,1
1789134912361082,0.03870236873626709,0.03290105611085892,1
1789134912361082,0.03870236873626709,0.03290105611085892,1
1789134912397082,0.028321266174316406,0.032422084361314774,1
1789134912409082,0.030200958251953125,0.03222013637423515,1
1789134912421082,-0.0013904571533203125,0.03214668482542038,1
1789134912421082,-0.0013904571533203125,0.03214668482542038,1
1789134912421082,-0.0013904571533203125,0.03214668482542038,1
1789134912421082,-0.0013904571533203125,0.03214668482542038,1
1789134912421082,-0.0013904571533203125,0.03214668482542038,1
1789134912469082,0.07548582553863525,0.03157905116677284,1
1789134912481082,0.09966814517974854,0.031151182949543,1
1789134912481082,0.09966814517974854,0.031151182949543,1
1789134912493082,0.13136053085327148,0.030903654173016548,1
1789134912493082,0.13136053085327148,0.030903654173016548,1
1789134912493082,0.13136053085327148,0.030903654173016548,1
1789134912529082,0.16178274154663086,0.02965148724615574,1
1789134912541082,0.13820064067840576,0.029389390721917152,1
1789134912541082,0.13820064067840576,0.029389390721917152,1
1789134912541082,0.13820064067840576,0.029389390721917152,1
1789134912541082,0.13820064067840576,0.029389390721917152,1
1789134912541082,0.13820064067840576,0.029389390721917152,1
1789134912589082,0.10670042037963867,0.02804596908390522,1
1789134912601082,0.07259941101074219,0.027608849108219147,1
1789134912601082,0.07259941101074219,0.027608849108219147,1
1789134912601082,0.07259941101074219,0.027608849108219147,1
1789134912625082,0.07286584377288818,0.027264583855867386,1
1789134912625082,0.07286584377288818,0.027264583855867386,1
1789134912649082,0.08063161373138428,0.02685633860528469,1
1789134912661082,0.10302507877349854,0.02669639140367508,1
1789134912661082,0.10302507877349854,0.02669639140367508,1
1789134912661082,0.10302507877349854,0.02669639140367508,1
1789134912661082,0.10302507877349854,0.02669639140367508,1
1789134912661082,0.10302507877349854,0.02669639140367508,1
1789134912709082,0.08568942546844482,0.025787992402911186,1
1789134912721082,0.05323636531829834,0.025592567399144173,1
1789134912721082,0.05323636531829834,0.025592567399144173,1
1789134912721082,0.05323636531829834,0.025592567399144173,1
1789134912721247,0.05323636531829834,0.025592567399144173,1
1789134912757247,0.022549986839294434,0.02563006430864334,1
1789134912769247,0.05798971652984619,0.025547990575432777,1
1789134912781247,0.0711827278137207,0.02548886463046074,1
1789134912781247,0.0711827278137207,0.02548886463046074,1
1789134912781247,0.0711827278137207,0.02548886463046074,1
1789134912781247,0.0711827278137207,0.02548886463046074,1
1789134912781247,0.0711827278137207,0.02548886463046074,1
1789134912829247,0.020390629768371582,0.0252865981310606,1
1789134912841247,-0.010547757148742676,0.025451218709349632,1
1789134912841247,-0.010547757148742676,0.025451218709349632,1
1789134912841247,-0.010547757148742676,0.025451218709349632,1
1789134912865247,-0.032164573669433594,0.02580924890935421,1
1789134912865247,-0.032164573669433594,0.02580924890935421,1
1789134912889247,0.037943482398986816,0.02608269453048706,1
1789134912901247,0.03929901123046875,0.026097401976585388,1
1789134912901247,0.03929901123046875,0.026097401976585388,1
1789134912901247,0.03929901123046875,0.026097401976585388,1
1789134912925247,0.06743645668029785,0.02598467655479908,1
1789134912925247,0.06743645668029785,0.02598467655479908,1
1789134912949247,0.08397722244262695,0.025881586596369743,1
1789134912961247,0.08353114128112793,0.025819240137934685,1
1789134912961247,0.08353114128112793,0.025819240137934685,1
1789134912961247,0.08353114128112793,0.025819240137934685,1
1789134912961247,0.08353114128112793,0.025819240137934685,1
1789134912961247,0.08353114128112793,0.025819240137934685,1
1789134913009247,0.015581250190734863,0.025872401893138885,1
1789134913021247,0.004328250885009766,0.025930462405085564,1
1789134913021247,0.004328250885009766,0.025930462405085564,1
1789134913021247,0.004328250885009766,0.025930462405085564,1
1789134913021247,0.004328250885009766,0.025930462405085564,1
1789134913057247,-0.009920239448547363,0.026312734931707382,1
1789134913069247,-0.020253300666809082,0.026427030563354492,1
1789134913081247,0.020451784133911133,0.026606900617480278,1
1789134913081247,0.020451784133911133,0.026606900617480278,1
1789134913081247,0.020451784133911133,0.026606900617480278,1
1789134913081247,0.020451784133911133,0.026606900617480278,1
1789134913081247,0.020451784133911133,0.026606900617480278,1
1789134913129247,0.00640869140625,0.026858780533075333,1
1789134913141247,0.02106785774230957,0.026924947276711464,1
1789134913141247,0.02106785774230957,0.026924947276711464,1
1789134913153247,-0.001996159553527832,0.02708350494503975,1
1789134913153247,-0.001996159553527832,0.02708350494503975,1
1789134913153247,-0.001996159553527832,0.02708350494503975,1
1789134913189247,0.00012350082397460938,0.027466770261526108,1
1789134913201247,0.02287447452545166,0.02760160155594349,1
1789134913201247,0.02287447452545166,0.02760160155594349,1
1789134913201247,0.02287447452545166,0.02760160155594349,1
1789134913201247,0.02287447452545166,0.02760160155594349,1
1789134913201247,0.02287447452545166,0.02760160155594349,1
1789134913249247,-0.02394402027130127,0.02800189144909382,1
1789134913261247,-0.02788400650024414,0.028112608939409256,1
1789134913261247,-0.02788400650024414,0.028112608939409256,1
1789134913261247,-0.02788400650024414,0.028112608939409256,1
1789134913285247,-0.016628623008728027,0.02839507721364498,1
1789134913285247,-0.016628623008728027,0.02839507721364498,1
1789134913309247,-0.0011854171752929688,0.028595130890607834,1
1789134913321247,-0.0016546249389648438,0.02869083359837532,1
1789134913321247,-0.0016546249389648438,0.02869083359837532,1
1789134913321247,-0.0016546249389648438,0.02869083359837532,1
1789134913321247,-0.0016546249389648438,0.02869083359837532,1
1789134913321247,-0.0016546249389648438,0.02869083359837532,1
1789134913369247,-0.02720773220062256,0.028926851227879524,1
1789134913381247,-0.03275752067565918,0.029014691710472107,1
1789134913381247,-0.03275752067565918,0.029014691710472107,1
1789134913381247,-0.03275752067565918,0.029014691710472107,1
1789134913381247,-0.03275752067565918,0.029014691710472107,1
1789134913417247,0.01772892475128174,0.029134700074791908,1
1789134913429247,0.055541276931762695,0.02908909320831299,1
1789134913441247,0.04286456108093262,0.02895336039364338,1
1789134913441247,0.04286456108093262,0.02895336039364338,1
1789134913441247,0.04286456108093262,0.02895336039364338,1
1789134913441247,0.04286456108093262,0.02895336039364338,1
1789134913441247,0.04286456108093262,0.02895336039364338,1
1789134913489247,0.030104994773864746,0.028646767139434814,1
1789134913501247,0.020226478576660156,0.028614388778805733,1
1789134913501247,0.020226478576660156,0.028614388778805733,1
1789134913501247,0.020226478576660156,0.028614388778805733,1
1789134913501247,0.020226478576660156,0.028614388778805733,1
1789134913501247,0.020226478576660156,0.028614388778805733,1
1789134913549247,0.0153883695602417,0.028585905209183693,1
1789134913561247,0.030811309814453125,0.02851117216050625,1
1789134913561247,0.030811309814453125,0.02851117216050625,1
1789134913561247,0.030811309814453125,0.02851117216050625,1
1789134913585247,0.04257500171661377,0.02832608111202717,1
1789134913585247,0.04257500171661377,0.02832608111202717,1
1789134913609247,0.07016098499298096,0.028094347566366196,1
1789134913621247,0.08852529525756836,0.02798558957874775,1
1789134913621247,0.08852529525756836,0.02798558957874775,1
1789134913621247,0.08852529525756836,0.02798558957874775,1
1789134913621247,0.08852529525756836,0.02798558957874775,1
1789134913621247,0.08852529525756836,0.02798558957874775,1
1789134913669247,0.0009897947311401367,0.027780530974268913,1
1789134913681247,-0.0017697811126708984,0.027820469811558723,1
1789134913681247,-0.0017697811126708984,0.027820469811558723,1
1789134913681247,-0.0017697811126708984,0.027820469811558723,1
1789134913681247,-0.0017697811126708984,0.027820469811558723,1
1789134913717247,0.035553932189941406,0.02771296352148056,1
1789134913729247,0.04481697082519531,0.027621736750006676,1
1789134913741247,0.02543461322784424,0.02756529487669468,1
1789134913741412,0.02543461322784424,0.02756529487669468,1
1789134913741412,0.02543461322784424,0.02756529487669468,1
1789134913741412,0.02543461322784424,0.02756529487669468,1
1789134913741412,0.02543461322784424,0.02756529487669468,1
1789134913789412,0.07151293754577637,0.027205968275666237,1
1789134913801412,0.06630969047546387,0.02703402377665043,1
1789134913801412,0.06630969047546387,0.02703402377665043,1
1789134913813412,0.05822598934173584,0.026955433189868927,1
1789134913813412,0.05822598934173584,0.026955433189868927,1
1789134913813412,0.05822598934173584,0.026955433189868927,1
1789134913849412,0.016938328742980957,0.02672751247882843,1
1789134913861412,-0.0016803741455078125,0.02672610431909561,1
1789134913861412,-0.0016803741455078125,0.02672610431909561,1
1789134913861412,-0.0016803741455078125,0.02672610431909561,1
1789134913861412,-0.0016803741455078125,0.02672610431909561,1
1789134913861412,-0.0016803741455078125,0.02672610431909561,1
1789134913909412,0.013620495796203613,0.02671211212873459,1
1789134913921412,0.030778050422668457,0.02666012942790985,1
1789134913921412,0.030778050422668457,0.02666012942790985,1
1789134913921412,0.030778050422668457,0.02666012942790985,1
1789134913945412,0.049242496490478516,0.026506388559937477,1
1789134913945412,0.049242496490478516,0.026506388559937477,1
1789134913969412,0.024242162704467773,0.02636112831532955,1
1789134913981412,0.03146970272064209,0.02633197233080864,1
1789134913981412,0.03146970272064209,0.02633197233080864,1
1789134913981412,0.03146970272064209,0.02633197233080864,1
1789134913981412,0.03146970272064209,0.02633197233080864,1
1789134913981412,0.03146970272064209,0.02633197233080864,1
1789134914029412,0.011905074119567871,0.026351727545261383,1
1789134914041412,0.037886857986450195,0.02630666270852089,1
1789134914041412,0.037886857986450195,0.02630666270852089,1
1789134914041412,0.037886857986450195,0.02630666270852089,1
1789134914041412,0.037886857986450195,0.02630666270852089,1
1789134914077412,-0.017182111740112305,0.026356888934969902,1
1789134914089412,-0.0346987247467041,0.026512708514928818,1
1789134914101412,-0.014504551887512207,0.026581883430480957,1
1789134914101412,-0.014504551887512207,0.026581883430480957,1
1789134914101412,-0.014504551887512207,0.026581883430480957,1
1789134914101412,-0.014504551887512207,0.026581883430480957,1
1789134914101412,-0.014504551887512207,0.026581883430480957,1
1789134914149412,-0.04359638690948486,0.02709450200200081,1
1789134914161412,-0.012323379516601562,0.02724609710276127,1
1789134914161412,-0.012323379516601562,0.02724609710276127,1
1789134914161412,-0.012323379516601562,0.02724609710276127,1
1789134914161412,-0.012323379516601562,0.02724609710276127,1
1789134914161412,-0.012323379516601562,0.02724609710276127,1
1789134914209412,0.00311279296875,0.027386033907532692,1
1789134914221412,0.026967287063598633,0.0273689366877079,1
1789134914221412,0.026967287063598633,0.0273689366877079,1
1789134914221412,0.026967287063598633,0.0273689366877079,1
1789134914245412,0.03191018104553223,0.027292486280202866,1
1789134914245412,0.03191018104553223,0.027292486280202866,1
1789134914269412,-0.024334192276000977,0.027303198352456093,1
1789134914281412,-0.03820621967315674,0.027373824268579483,1
1789134914281412,-0.03820621967315674,0.027373824268579483,1
1789134914281412,-0.03820621967315674,0.027373824268579483,1
1789134914281412,-0.03820621967315674,0.027373824268579483,1
1789134914281412,-0.03820621967315674,0.027373824268579483,1
1789134914329412,0.021090149879455566,0.027066227048635483,1
1789134914341412,0.020751357078552246,0.027008919045329094,1
1789134914341412,0.020751357078552246,0.027008919045329094,1
1789134914341412,0.020751357078552246,0.027008919045329094,1
1789134914341412,0.020751357078552246,0.027008919045329094,1
1789134914377412,-0.009180068969726562,0.026898114010691643,1
1789134914389412,-0.002948760986328125,0.02687491849064827,1
1789134914401412,0.009261012077331543,0.02676960825920105,1
1789134914401412,0.009261012077331543,0.02676960825920105,1
1789134914401412,0.009261012077331543,0.02676960825920105,1
1789134914401412,0.009261012077331543,0.02676960825920105,1
1789134914401412,0.009261012077331543,0.02676960825920105,1
1789134914449412,0.026778221130371094,0.026315433904528618,1
1789134914461412,0.004257678985595703,0.026254665106534958,1
1789134914461412,0.004257678985595703,0.026254665106534958,1
1789134914473412,-0.019414186477661133,0.02625098079442978,1
1789134914473412,-0.019414186477661133,0.02625098079442978,1
1789134914473412,-0.019414186477661133,0.02625098079442978,1
1789134914509412,0.02278769016265869,0.02607312984764576,1
1789134914521412,0.041150808334350586,0.02589886635541916,1
1789134914521412,0.041150808334350586,0.02589886635541916,1
1789134914521412,0.041150808334350586,0.02589886635541916,1
1789134914521412,0.041150808334350586,0.02589886635541916,1
1789134914521412,0.041150808334350586,0.02589886635541916,1
1789134914569412,-0.0031217336654663086,0.025477830320596695,1
1789134914581412,-0.004833817481994629,0.025440653786063194,1
1789134914581412,-0.004833817481994629,0.025440653786063194,1
1789134914581412,-0.004833817481994629,0.025440653786063194,1
1789134914605412,0.015436887741088867,0.025325821712613106,1
1789134914605412,0.015436887741088867,0.025325821712613106,1
1789134914629412,0.011491537094116211,0.02504252828657627,1
1789134914641412,0.03399026393890381,0.02484734170138836,1
1789134914641412,0.03399026393890381,0.02484734170138836,1
1789134914641412,0.03399026393890381,0.02484734170138836,1
1789134914641412,0.03399026393890381,0.02484734170138836,1
1789134914641412,0.03399026393890381,0.02484734170138836,1
1789134914689412,0.04697704315185547,0.024309000000357628,1
1789134914701412,0.03896927833557129,0.02418121136724949,1
1789134914701412,0.03896927833557129,0.02418121136724949,1
1789134914701412,0.03896927833557129,0.02418121136724949,1
1789134914701412,0.03896927833557129,0.02418121136724949,1
1789134914737412,0.029795408248901367,0.02355930581688881,1
1789134914749412,0.0202559232711792,0.023455485701560974,1
1789134914761577,0.048157572746276855,0.02326226234436035,1
1789134914761577,0.048157572746276855,0.02326226234436035,1
1789134914761577,0.048157572746276855,0.02326226234436035,1
1789134914761577,0.048157572746276855,0.02326226234436035,1
1789134914761577,0.048157572746276855,0.02326226234436035,1
1789134914809577,0.09745728969573975,0.02224745601415634,1
1789134914821577,0.07751178741455078,0.02204325422644615,1
1789134914821577,0.07751178741455078,0.02204325422644615,1
1789134914821577,0.07751178741455078,0.02204325422644615,1
1789134914821577,0.07751178741455078,0.02204325422644615,1
1789134914821577,0.07751178741455078,0.02204325422644615,1
1789134914869577,0.042667508125305176,0.021105963736772537,1
1789134914881577,0.02369678020477295,0.02087845653295517,1
1789134914881577,0.02369678020477295,0.02087845653295517,1
1789134914881577,0.02369678020477295,0.02087845653295517,1
1789134914905577,0.08648395538330078,0.020385246723890305,1
1789134914905577,0.08648395538330078,0.020385246723890305,1
1789134914929577,0.06751561164855957,0.01983553357422352,1
1789134914941577,0.10313212871551514,0.019665203988552094,1
1789134914941577,0.10313212871551514,0.019665203988552094,1
1789134914941577,0.10313212871551514,0.019665203988552094,1
1789134914941577,0.10313212871551514,0.019665203988552094,1
1789134914941577,0.10313212871551514,0.019665203988552094,1
1789134914989577,0.024726510047912598,0.018989529460668564,1
1789134915001577,0.03295087814331055,0.01887950673699379,1
1789134915001577,0.03295087814331055,0.01887950673699379,1
1789134915001577,0.03295087814331055,0.01887950673699379,1
1789134915001577,0.03295087814331055,0.01887950673699379,1
1789134915037577,0.07566404342651367,0.018432745710015297,1
1789134915049577,0.06725549697875977,0.01819535717368126,1
1789134915061577,0.031723976135253906,0.018116500228643417,1
1789134915061577,0.031723976135253906,0.018116500228643417,1
1789134915061577,0.031723976135253906,0.018116500228643417,1
1789134915061577,0.031723976135253906,0.018116500228643417,1
1789134915061577,0.031723976135253906,0.018116500228643417,1
1789134915109577,0.06358063220977783,0.017723197117447853,1
1789134915121577,0.011213064193725586,0.017659803852438927,1
1789134915121577,0.011213064193725586,0.017659803852438927,1
1789134915133577,-0.012553215026855469,0.017689770087599754,1
1789134915133577,-0.012553215026855469,0.017689770087599754,1
1789134915133577,-0.012553215026855469,0.017689770087599754,1
1789134915169577,0.062038540840148926,0.01755625568330288,1
1789134915181577,0.07859277725219727,0.017491940408945084,1
1789134915181577,0.07859277725219727,0.017491940408945084,1
1789134915181577,0.07859277725219727,0.017491940408945084,1
1789134915181577,0.07859277725219727,0.017491940408945084,1
1789134915181577,0.07859277725219727,0.017491940408945084,1
1789134915229577,0.026029348373413086,0.017224496230483055,1
1789134915241577,0.01557302474975586,0.017275458201766014,1
1789134915241577,0.01557302474975586,0.017275458201766014,1
1789134915241577,0.01557302474975586,0.017275458201766014,1
1789134915265577,0.01461946964263916,0.01745312474668026,1
1789134915265577,0.01461946964263916,0.01745312474668026,1
1789134915289577,0.0029990673065185547,0.01757071726024151,1
1789134915301577,-0.0021032094955444336,0.01763421669602394,1
1789134915301577,-0.0021032094955444336,0.01763421669602394,1
1789134915301577,-0.0021032094955444336,0.01763421669602394,1
1789134915301577,-0.0021032094955444336,0.01763421669602394,1
1789134915301577,-0.0021032094955444336,0.01763421669602394,1
1789134915349577,-0.010323405265808105,0.018102362751960754,1
1789134915361577,-0.028164148330688477,0.018345462158322334,1
1789134915361577,-0.028164148330688477,0.018345462158322334,1
1789134915361577,-0.028164148330688477,0.018345462158322334,1
1789134915361577,-0.028164148330688477,0.018345462158322334,1
1789134915397577,0.0056923627853393555,0.01868724636733532,1
1789134915409577,0.028856754302978516,0.01879258267581463,1
1789134915421577,0.013916850090026855,0.018822764977812767,1
1789134915421577,0.013916850090026855,0.018822764977812767,1
1789134915421577,0.013916850090026855,0.018822764977812767,1
1789134915421577,0.013916850090026855,0.018822764977812767,1
1789134915421577,0.013916850090026855,0.018822764977812767,1
1789134915469577,-0.0102769136428833,0.019048338755965233,1
1789134915481577,-0.02698206901550293,0.019202055409550667,1
1789134915481577,-0.02698206901550293,0.019202055409550667,1
1789134915481577,-0.02698206901550293,0.019202055409550667,1
1789134915481577,-0.02698206901550293,0.019202055409550667,1
1789134915481577,-0.02698206901550293,0.019202055409550667,1
1789134915529577,0.0036773681640625,0.01960418000817299,1
1789134915541577,0.037329912185668945,0.01960185542702675,1
1789134915541577,0.037329912185668945,0.01960185542702675,1
1789134915541577,0.037329912185668945,0.01960185542702675,1
1789134915565577,0.036434054374694824,0.019545316696166992,1
1789134915565577,0.036434054374694824,0.019545316696166992,1
1789134915589577,-0.013429760932922363,0.019599582999944687,1
1789134915601577,-0.030104994773864746,0.019714290276169777,1
1789134915601577,-0.030104994773864746,0.019714290276169777,1
1789134915601577,-0.030104994773864746,0.019714290276169777,1
1789134915601577,-0.030104994773864746,0.019714290276169777,1
1789134915601577,-0.030104994773864746,0.019714290276169777,1
1789134915649577,0.00556182861328125,0.01998765394091606,1
1789134915661577,0.0040662288665771484,0.01999112218618393,1
1789134915661577,0.0040662288665771484,0.01999112218618393,1
1789134915661577,0.0040662288665771484,0.01999112218618393,1
1789134915661577,0.0040662288665771484,0.01999112218618393,1
1789134915697577,-0.0010704994201660156,0.02001572959125042,1
1789134915709577,-0.009938359260559082,0.020031621679663658,1
1789134915721577,-0.009905338287353516,0.020086823031306267,1
1789134915721577,-0.009905338287353516,0.020086823031306267,1
1789134915721577,-0.009905338287353516,0.020086823031306267,1
1789134915721577,-0.009905338287353516,0.020086823031306267,1
1789134915721744,-0.009905338287353516,0.020086823031306267,1
1789134915769744,0.01763129234313965,0.0200953409075737,1
1789134915781744,0.024062395095825195,0.020052051171660423,1
1789134915781744,0.024062395095825195,0.020052051171660423,1
1789134915793744,0.011169075965881348,0.01999986544251442,1
1789134915793744,0.011169075965881348,0.01999986544251442,1
1789134915793744,0.011169075965881348,0.01999986544251442,1
1789134915829744,-0.039702534675598145,0.02003764919936657,1
1789134915841744,-0.04662668704986572,0.02014479972422123,1
1789134915841744,-0.04662668704986572,0.02014479972422123,1
1789134915841744,-0.04662668704986572,0.02014479972422123,1
1789134915865744,-0.02769148349761963,0.020299455150961876,1
1789134915865744,-0.02769148349761963,0.020299455150961876,1
1789134915889744,-0.023505449295043945,0.02036942169070244,1
1789134915901744,-0.02550637722015381,0.020374223589897156,1
1789134915901744,-0.02550637722015381,0.020374223589897156,1
1789134915901744,-0.02550637722015381,0.020374223589897156,1
1789134915925744,-0.03937733173370361,0.02041531540453434,1
1789134915925744,-0.03937733173370361,0.02041531540453434,1
1789134915949744,-0.040598154067993164,0.0205366387963295,1
1789134915961744,-0.044277310371398926,0.02058902196586132,1
1789134915961744,-0.044277310371398926,0.02058902196586132,1
1789134915961744,-0.044277310371398926,0.02058902196586132,1
1789134915961744,-0.044277310371398926,0.02058902196586132,1
1789134915961744,-0.044277310371398926,0.02058902196586132,1
1789134916009744,0.0017417669296264648,0.020477430894970894,1
1789134916021744,0.00604557991027832,0.02041170559823513,1
1789134916021744,0.00604557991027832,0.02041170559823513,1
1789134916021744,0.00604557991027832,0.02041170559823513,1
1789134916021744,0.00604557991027832,0.02041170559823513,1
1789134916057744,-0.00982809066772461,0.02002895250916481,1
1789134916069744,-0.013838648796081543,0.01995737850666046,1
1789134916081744,-0.02070307731628418,0.019839517772197723,1
1789134916081744,-0.02070307731628418,0.019839517772197723,1
1789134916081744,-0.02070307731628418,0.019839517772197723,1
1789134916081744,-0.02070307731628418,0.019839517772197723,1
1789134916081744,-0.02070307731628418,0.019839517772197723,1
1789134916129744,0.06086850166320801,0.019167086109519005,1
1789134916141744,0.03914332389831543,0.01898328959941864,1
1789134916141744,0.03914332389831543,0.01898328959941864,1
1789134916141744,0.03914332389831543,0.01898328959941864,1
1789134916141744,0.03914332389831543,0.01898328959941864,1
1789134916141744,0.03914332389831543,0.01898328959941864,1
1789134916189744,0.0012742280960083008,0.018180416896939278,1
1789134916201744,0.0015434026718139648,0.01793644204735756,1
1789134916201744,0.0015434026718139648,0.01793644204735756,1
1789134916201744,0.0015434026718139648,0.01793644204735756,1
1789134916225744,-0.01297152042388916,0.017570916563272476,1
1789134916225744,-0.01297152042388916,0.017570916563272476,1
1789134916249744,0.005413174629211426,0.017279479652643204,1
1789134916261744,0.01981949806213379,0.0171488169580698,1
1789134916261744,0.01981949806213379,0.0171488169580698,1
1789134916261744,0.01981949806213379,0.0171488169580698,1
1789134916261744,0.01981949806213379,0.0171488169580698,1
1789134916261744,0.01981949806213379,0.0171488169580698,1
1789134916309744,0.03878343105316162,0.016219861805438995,1
1789134916321744,0.012968182563781738,0.015945762395858765,1
1789134916321744,0.012968182563781738,0.015945762395858765,1
1789134916321744,0.012968182563781738,0.015945762395858765,1
1789134916321744,0.012968182563781738,0.015945762395858765,1
1789134916357744,0.032100796699523926,0.015512926504015923,1
1789134916369744,0.03839612007141113,0.015187576413154602,1
1789134916381744,0.020400643348693848,0.015033146366477013,1
1789134916381744,0.020400643348693848,0.015033146366477013,1
1789134916381744,0.020400643348693848,0.015033146366477013,1
1789134916381744,0.020400643348693848,0.015033146366477013,1
1789134916381744,0.020400643348693848,0.015033146366477013,1
1789134916429744,0.012607693672180176,0.014122488908469677,1
1789134916441744,-0.030570268630981445,0.013957178220152855,1
1789134916441744,-0.030570268630981445,0.013957178220152855,1
1789134916453744,-0.032563209533691406,0.013899450190365314,1
1789134916453744,-0.032563209533691406,0.013899450190365314,1
1789134916453744,-0.032563209533691406,0.013899450190365314,1
1789134916489744,0.04633748531341553,0.013280180282890797,1
1789134916501744,0.030977368354797363,0.013104066252708435,1
1789134916501744,0.030977368354797363,0.013104066252708435,1
1789134916501744,0.030977368354797363,0.013104066252708435,1
1789134916501744,0.030977368354797363,0.013104066252708435,1
1789134916501744,0.030977368354797363,0.013104066252708435,1
1789134916549744,0.02295970916748047,0.012042532674968243,1
1789134916561744,-0.009643793106079102,0.011839169077575207,1
1789134916561744,-0.009643793106079102,0.011839169077575207,1
1789134916561744,-0.009643793106079102,0.011839169077575207,1
1789134916585744,-0.009748697280883789,0.011651198379695415,1
1789134916585744,-0.009748697280883789,0.011651198379695415,1
1789134916609744,0.003073573112487793,0.011351925320923328,1
1789134916621744,0.007734775543212891,0.011234253644943237,1
1789134916621744,0.007734775543212891,0.011234253644943237,1
1789134916621744,0.007734775543212891,0.011234253644943237,1
1789134916621744,0.007734775543212891,0.011234253644943237,1
1789134916621744,0.007734775543212891,0.011234253644943237,1
1789134916669744,-0.0038682222366333008,0.010535179637372494,1
1789134916681744,0.009541630744934082,0.010349671356379986,1
1789134916681744,0.009541630744934082,0.010349671356379986,1
1789134916681744,0.009541630744934082,0.010349671356379986,1
1789134916681744,0.009541630744934082,0.010349671356379986,1
1789134916717744,-0.0012127161026000977,0.009929558262228966,1
1789134916729744,0.01644909381866455,0.009673749096691608,1
1789134916741744,-0.00222933292388916,0.009544570930302143,1
1789134916741744,-0.00222933292388916,0.009544570930302143,1
1789134916741908,-0.00222933292388916,0.009544570930302143,1
1789134916741908,-0.00222933292388916,0.009544570930302143,1
1789134916741908,-0.00222933292388916,0.009544570930302143,1
1789134916789908,0.017670869827270508,0.008674951270222664,1
1789134916801908,0.012694716453552246,0.008383064530789852,1
1789134916801908,0.012694716453552246,0.008383064530789852,1
1789134916801908,0.012694716453552246,0.008383064530789852,1
1789134916801908,0.012694716453552246,0.008383064530789852,1
1789134916801908,0.012694716453552246,0.008383064530789852,1
1789134916849908,0.03342163562774658,0.007601164747029543,1
1789134916861908,0.022199034690856934,0.007438810542225838,1
1789134916861908,0.022199034690856934,0.007438810542225838,1
1789134916861908,0.022199034690856934,0.007438810542225838,1
1789134916885908,0.036960482597351074,0.006921733729541302,1
1789134916885908,0.036960482597351074,0.006921733729541302,1
1789134916909908,0.010851144790649414,0.006435487885028124,1
1789134916921908,0.012626171112060547,0.0061527821235358715,1
1789134916921908,0.012626171112060547,0.0061527821235358715,1
1789134916921908,0.012626171112060547,0.0061527821235358715,1
1789134916921908,0.012626171112060547,0.0061527821235358715,1
1789134916921908,0.012626171112060547,0.0061527821235358715,1
1789134916969908,-0.0191420316696167,0.005674796644598246,1
1789134916981908,0.020177006721496582,0.005560938268899918,1
1789134916981908,0.020177006721496582,0.005560938268899918,1
1789134916981908,0.020177006721496582,0.005560938268899918,1
1789134916981908,0.020177006721496582,0.005560938268899918,1
1789134917017908,0.019108176231384277,0.004837995395064354,1
1789134917029908,0.01025390625,0.004707145970314741,1
1789134917041908,0.004875540733337402,0.0044653634540736675,1
1789134917041908,0.004875540733337402,0.0044653634540736675,1
1789134917041908,0.004875540733337402,0.0044653634540736675,1
1789134917041908,0.004875540733337402,0.0044653634540736675,1
1789134917041908,0.004875540733337402,0.0044653634540736675,1
1789134917089908,-0.07145237922668457,0.004166135098785162,1
1789134917101908,-0.08257055282592773,0.004165774676948786,1
1789134917101908,-0.08257055282592773,0.004165774676948786,1
1789134917113908,-0.058870553970336914,0.004089139401912689,1
1789134917113908,-0.058870553970336914,0.004089139401912689,1
1789134917113908,-0.058870553970336914,0.004089139401912689,1
1789134917149908,-0.005437731742858887,0.003838528413325548,1
1789134917161908,-0.015182256698608398,0.003598733339458704,1
1789134917161908,-0.015182256698608398,0.003598733339458704,1
1789134917161908,-0.015182256698608398,0.003598733339458704,1
1789134917161908,-0.015182256698608398,0.003598733339458704,1
1789134917161908,-0.015182256698608398,0.003598733339458704,1
1789134917209908,-0.10678791999816895,0.003401178866624832,1
1789134917221908,-0.09284698963165283,0.0034028305672109127,1
1789134917221908,-0.09284698963165283,0.0034028305672109127,1
1789134917221908,-0.09284698963165283,0.0034028305672109127,1
1789134917245908,-0.04686236381530762,0.003232937306165695,1
1789134917245908,-0.04686236381530762,0.003232937306165695,1
1789134917269908,-0.018649935722351074,0.0028311563655734062,1
1789134917281908,-0.026147007942199707,0.002530281664803624,1
1789134917281908,-0.026147007942199707,0.002530281664803624,1
1789134917281908,-0.026147007942199707,0.002530281664803624,1
1789134917281908,-0.026147007942199707,0.002530281664803624,1
1789134917281908,-0.026147007942199707,0.002530281664803624,1
1789134917329908,-0.039008140563964844,0.0019223735434934497,1
1789134917341908,-0.04752612113952637,0.0017680737655609846,1
1789134917341908,-0.04752612113952637,0.0017680737655609846,1
1789134917341908,-0.04752612113952637,0.0017680737655609846,1
1789134917341908,-0.04752612113952637,0.0017680737655609846,1
1789134917377908,-0.05535268783569336,0.0009744344861246645,1
1789134917389908,-0.051483869552612305,0.0007908534607850015,1
1789134917401908,-0.04611098766326904,0.0004337594145908952,1
1789134917401908,-0.04611098766326904,0.0004337594145908952,1
1789134917401908,-0.04611098766326904,0.0004337594145908952,1
1789134917401908,-0.04611098766326904,0.0004337594145908952,1
1789134917401908,-0.04611098766326904,0.0004337594145908952,1
1789134917449908,-0.03883981704711914,-0.0006764234858565032,1
1789134917461908,-0.031190991401672363,-0.0009246193803846836,1
1789134917461908,-0.031190991401672363,-0.0009246193803846836,1
1789134917461908,-0.031190991401672363,-0.0009246193803846836,1
1789134917461908,-0.031190991401672363,-0.0009246193803846836,1
1789134917461908,-0.031190991401672363,-0.0009246193803846836,1
1789134917509908,-0.04723954200744629,-0.0022922740317881107,1
1789134917521908,-0.010259270668029785,-0.0028348311316221952,1
1789134917521908,-0.010259270668029785,-0.0028348311316221952,1
1789134917521908,-0.010259270668029785,-0.0028348311316221952,1
1789134917545908,-0.06594550609588623,-0.0036595631390810013,1
1789134917545908,-0.06594550609588623,-0.0036595631390810013,1
1789134917569908,-0.13672006130218506,-0.004119584336876869,1
1789134917581908,-0.11028730869293213,-0.004241201560944319,1
1789134917581908,-0.11028730869293213,-0.004241201560944319,1
1789134917581908,-0.11028730869293213,-0.004241201560944319,1
1789134917581908,-0.11028730869293213,-0.004241201560944319,1
1789134917581908,-0.11028730869293213,-0.004241201560944319,1
1789134917629908,-0.029078006744384766,-0.005706402473151684,1
1789134917641908,-0.022768259048461914,-0.006347317714244127,1
1789134917641908,-0.022768259048461914,-0.006347317714244127,1
1789134917641908,-0.022768259048461914,-0.006347317714244127,1
1789134917641908,-0.022768259048461914,-0.006347317714244127,1
1789134917677908,-0.07481694221496582,-0.007483953610062599,1
1789134917689908,-0.01090395450592041,-0.008157085627317429,1
1789134917701908,-0.02567124366760254,-0.008517125621438026,1
1789134917701908,-0.02567124366760254,-0.008517125621438026,1
1789134917701908,-0.02567124366760254,-0.008517125621438026,1
1789134917701908,-0.02567124366760254,-0.008517125621438026,1
1789134917701908,-0.02567124366760254,-0.008517125621438026,1
1789134917749908,0.04067075252532959,-0.011207113042473793,1
1789134917761908,-0.02036428451538086,-0.012139752507209778,1
1789134917762073,-0.02036428451538086,-0.012139752507209778,1
1789134917774073,-0.05135750770568848,-0.012503989972174168,1
1789134917774073,-0.05135750770568848,-0.012503989972174168,1
1789134917774073,-0.05135750770568848,-0.012503989972174168,1
1789134917810073,0.01572263240814209,-0.01461855974048376,1
1789134917822073,0.017771124839782715,-0.015119367279112339,1
1789134917822073,0.017771124839782715,-0.015119367279112339,1
1789134917822073,0.017771124839782715,-0.015119367279112339,1
1789134917822073,0.017771124839782715,-0.015119367279112339,1
1789134917822073,0.017771124839782715,-0.015119367279112339,1
1789134917870073,0.03510892391204834,-0.01820480264723301,1
1789134917882073,0.00711977481842041,-0.01925269328057766,1
1789134917882073,0.00711977481842041,-0.01925269328057766,1
1789134917882073,0.00711977481842041,-0.01925269328057766,1
1789134917906073,0.02667558193206787,-0.02080582082271576,1
1789134917906073,0.02667558193206787,-0.02080582082271576,1
1789134917930073,-0.0019952058792114258,-0.02237602137029171,1
1789134917942073,0.02043449878692627,-0.02285890467464924,1
1789134917942073,0.02043449878692627,-0.02285890467464924,1
1789134917942073,0.02043449878692627,-0.02285890467464924,1
1789134917942073,0.02043449878692627,-0.02285890467464924,1
1789134917942073,0.02043449878692627,-0.02285890467464924,1
1789134917990073,0.012883782386779785,-0.025738684460520744,1
1789134918002073,0.02625727653503418,-0.026723111048340797,1
1789134918002073,0.02625727653503418,-0.026723111048340797,1
1789134918002073,0.02625727653503418,-0.026723111048340797,1
1789134918002073,0.02625727653503418,-0.026723111048340797,1
1789134918038073,0.023193955421447754,-0.028715668246150017,1
1789134918050073,0.04913914203643799,-0.029714951291680336,1
1789134918062073,0.03543984889984131,-0.03023602068424225,1
1789134918062073,0.03543984889984131,-0.03023602068424225,1
1789134918062073,0.03543984889984131,-0.03023602068424225,1
1789134918062073,0.03543984889984131,-0.03023602068424225,1
1789134918062073,0.03543984889984131,-0.03023602068424225,1
1789134918110073,0.02278280258178711,-0.03323207423090935,1
1789134918122073,-0.03355395793914795,-0.03417086973786354,1
1789134918122073,-0.03355395793914795,-0.03417086973786354,1
1789134918122073,-0.03355395793914795,-0.03417086973786354,1
1789134918122073,-0.03355395793914795,-0.03417086973786354,1
1789134918122073,-0.03355395793914795,-0.03417086973786354,1
1789134918170073,-0.008916020393371582,-0.03665836900472641,1
1789134918182073,0.02069544792175293,-0.03712281212210655,1
1789134918182073,0.02069544792175293,-0.03712281212210655,1
1789134918182073,0.02069544792175293,-0.03712281212210655,1
1789134918206073,0.013990640640258789,-0.03853336721658707,1
1789134918206073,0.013990640640258789,-0.03853336721658707,1
1789134918230073,-0.019820094108581543,-0.03968952223658562,1
1789134918242073,-0.01347959041595459,-0.040474921464920044,1
1789134918242073,-0.01347959041595459,-0.040474921464920044,1
1789134918242073,-0.01347959041595459,-0.040474921464920044,1
1789134918242073,-0.01347959041595459,-0.040474921464920044,1
1789134918242073,-0.01347959041595459,-0.040474921464920044,1
1789134918290073,-0.02789938449859619,-0.042819537222385406,1
1789134918302073,-0.038230299949645996,-0.04317860305309296,1
1789134918302073,-0.038230299949645996,-0.04317860305309296,1
1789134918302073,-0.038230299949645996,-0.04317860305309296,1
1789134918302073,-0.038230299949645996,-0.04317860305309296,1
1789134918338073,0.024296164512634277,-0.04516691714525223,1
1789134918350073,0.03282570838928223,-0.04562567174434662,1
1789134918362073,-0.003988981246948242,-0.04647625982761383,1
1789134918362073,-0.003988981246948242,-0.04647625982761383,1
1789134918362073,-0.003988981246948242,-0.04647625982761383,1
1789134918362073,-0.003988981246948242,-0.04647625982761383,1
1789134918362073,-0.003988981246948242,-0.04647625982761383,1
1789134918410073,-0.010617494583129883,-0.048701465129852295,1
1789134918422073,-0.027317047119140625,-0.049078308045864105,1
1789134918422073,-0.027317047119140625,-0.049078308045864105,1
1789134918434073,-0.04057610034942627,-0.04980810731649399,1
1789134918434073,-0.04057610034942627,-0.04980810731649399,1
1789134918434073,-0.04057610034942627,-0.04980810731649399,1
1789134918470073,-0.04106426239013672,-0.05110866576433182,1
1789134918482073,-0.03324532508850098,-0.05178411304950714,1
1789134918482073,-0.03324532508850098,-0.05178411304950714,1
1789134918482073,-0.03324532508850098,-0.05178411304950714,1
1789134918482073,-0.03324532508850098,-0.05178411304950714,1
1789134918482073,-0.03324532508850098,-0.05178411304950714,1
1789134918530073,-0.04832041263580322,-0.05338960513472557,1
1789134918542073,-0.07537126541137695,-0.05368027463555336,1
1789134918542073,-0.07537126541137695,-0.05368027463555336,1
1789134918542073,-0.07537126541137695,-0.05368027463555336,1
1789134918566073,-0.052217841148376465,-0.054483987390995026,1
1789134918566073,-0.052217841148376465,-0.054483987390995026,1
1789134918590073,-0.07291018962860107,-0.05524751543998718,1
1789134918602073,-0.0543673038482666,-0.05572681501507759,1
1789134918602073,-0.0543673038482666,-0.05572681501507759,1
1789134918602073,-0.0543673038482666,-0.05572681501507759,1
1789134918602073,-0.0543673038482666,-0.05572681501507759,1
1789134918602073,-0.0543673038482666,-0.05572681501507759,1
1789134918650073,-0.054123878479003906,-0.05736579746007919,1
1789134918662073,-0.06580841541290283,-0.057616475969552994,1
1789134918662073,-0.06580841541290283,-0.057616475969552994,1
1789134918662073,-0.06580841541290283,-0.057616475969552994,1
1789134918662073,-0.06580841541290283,-0.057616475969552994,1
1789134918698073,-0.041069626808166504,-0.05895411968231201,1
1789134918710073,-0.028235197067260742,-0.05927281454205513,1
1789134918722073,-0.062285780906677246,-0.059859342873096466,1
1789134918722073,-0.062285780906677246,-0.059859342873096466,1
1789134918722073,-0.062285780906677246,-0.059859342873096466,1
1789134918722073,-0.062285780906677246,-0.059859342873096466,1
1789134918722073,-0.062285780906677246,-0.059859342873096466,1
1789134918770236,-0.048395395278930664,-0.0615844801068306,1
1789134918782236,-0.050341010093688965,-0.06187543272972107,1
1789134918782236,-0.050341010093688965,-0.06187543272972107,1
1789134918782236,-0.050341010093688965,-0.06187543272972107,1
1789134918782236,-0.050341010093688965,-0.06187543272972107,1
1789134918782236,-0.050341010093688965,-0.06187543272972107,1
1789134918830236,-0.0912168025970459,-0.06312607228755951,1
1789134918842236,-0.0971139669418335,-0.06352857500314713,1
1789134918842236,-0.0971139669418335,-0.06352857500314713,1
1789134918842236,-0.0971139669418335,-0.06352857500314713,1
1789134918866236,-0.056848883628845215,-0.0642978847026825,1
1789134918866236,-0.056848883628845215,-0.0642978847026825,1
1789134918890236,-0.046096205711364746,-0.06520117074251175,1
1789134918902236,-0.05116760730743408,-0.06547821313142776,1
1789134918902236,-0.05116760730743408,-0.06547821313142776,1
1789134918902236,-0.05116760730743408,-0.06547821313142776,1
1789134918902236,-0.05116760730743408,-0.06547821313142776,1
1789134918902236,-0.05116760730743408,-0.06547821313142776,1
1789134918950236,-0.11667037010192871,-0.06661514937877655,1
1789134918962236,-0.14078688621520996,-0.06695467978715897,1
1789134918962236,-0.14078688621520996,-0.06695467978715897,1
1789134918962236,-0.14078688621520996,-0.06695467978715897,1
1789134918962236,-0.14078688621520996,-0.06695467978715897,1
1789134918998236,-0.06622719764709473,-0.06802266836166382,1
1789134919010236,-0.04451453685760498,-0.06864628940820694,1
1789134919022236,-0.056397318840026855,-0.06895265728235245,1
1789134919022236,-0.056397318840026855,-0.06895265728235245,1
1789134919022236,-0.056397318840026855,-0.06895265728235245,1
1789134919022236,-0.056397318840026855,-0.06895265728235245,1
1789134919058236,0.007130146026611328,-0.07072360813617706,1
1789134919070236,0.018494844436645508,-0.07118628919124603,1
1789134919082236,0.028518080711364746,-0.0721224844455719,1
1789134919082236,0.028518080711364746,-0.0721224844455719,1
1789134919094236,0.04661381244659424,-0.07259981334209442,1
1789134919094236,0.04661381244659424,-0.07259981334209442,1
1789134919094236,0.04661381244659424,-0.07259981334209442,1
1789134919130236,0.04643654823303223,-0.07494170218706131,1
1789134919142236,0.020259976387023926,-0.07542572170495987,1
1789134919142236,0.020259976387023926,-0.07542572170495987,1
1789134919142236,0.020259976387023926,-0.07542572170495987,1
1789134919142236,0.020259976387023926,-0.07542572170495987,1
1789134919142236,0.020259976387023926,-0.07542572170495987,1
1789134919190236,0.03264737129211426,-0.07817129045724869,1
1789134919202236,0.02321922779083252,-0.07904946058988571,1
1789134919202236,0.02321922779083252,-0.07904946058988571,1
1789134919202236,0.02321922779083252,-0.07904946058988571,1
1789134919226236,0.0797044038772583,-0.08041603118181229,1
1789134919226236,0.0797044038772583,-0.08041603118181229,1
1789134919250236,0.021477222442626953,-0.08169067651033401,1
1789134919262236,0.04103279113769531,-0.08208149671554565,1
1789134919262236,0.04103279113769531,-0.08208149671554565,1
1789134919262236,0.04103279113769531,-0.08208149671554565,1
1789134919262236,0.04103279113769531,-0.08208149671554565,1
1789134919262236,0.04103279113769531,-0.08208149671554565,1
1789134919310236,0.06856155395507812,-0.08447524905204773,1
1789134919322236,0.04873859882354736,-0.08531203120946884,1
1789134919322236,0.04873859882354736,-0.08531203120946884,1
1789134919322236,0.04873859882354736,-0.08531203120946884,1
1789134919322236,0.04873859882354736,-0.08531203120946884,1
1789134919358236,0.05552351474761963,-0.08678381145000458,1
1789134919370236,0.07251954078674316,-0.0874297022819519,1
1789134919382236,0.047955870628356934,-0.08774714171886444,1
1789134919382236,0.047955870628356934,-0.08774714171886444,1
1789134919382236,0.047955870628356934,-0.08774714171886444,1
1789134919382236,0.047955870628356934,-0.08774714171886444,1
1789134919382236,0.047955870628356934,-0.08774714171886444,1
1789134919430236,0.048189759254455566,-0.08954468369483948,1
1789134919442236,0.037036895751953125,-0.08998886495828629,1
1789134919442236,0.037036895751953125,-0.08998886495828629,1
1789134919442236,0.037036895751953125,-0.08998886495828629,1
1789134919442236,0.037036895751953125,-0.08998886495828629,1
1789134919442236,0.037036895751953125,-0.08998886495828629,1
1789134919490236,-0.10166358947753906,-0.09043128043413162,1
1789134919502236,-0.09050238132476807,-0.09035180509090424,1
1789134919502236,-0.09050238132476807,-0.09035180509090424,1
1789134919502236,-0.09050238132476807,-0.09035180509090424,1
1789134919526236,-0.05402028560638428,-0.09020466357469559,1
1789134919526236,-0.05402028560638428,-0.09020466357469559,1
1789134919550236,-0.06427109241485596,-0.09002012014389038,1
1789134919562236,-0.04621481895446777,-0.0898876041173935,1
1789134919562236,-0.04621481895446777,-0.0898876041173935,1
1789134919562236,-0.04621481895446777,-0.0898876041173935,1
1789134919562236,-0.04621481895446777,-0.0898876041173935,1
1789134919562236,-0.04621481895446777,-0.0898876041173935,1
1789134919610236,-0.04725956916809082,-0.08973830193281174,1
1789134919622236,-0.041265130043029785,-0.08968599885702133,1
1789134919622236,-0.041265130043029785,-0.08968599885702133,1
1789134919622236,-0.041265130043029785,-0.08968599885702133,1
1789134919622236,-0.041265130043029785,-0.08968599885702133,1
1789134919658236,-0.08498072624206543,-0.08922284096479416,1
1789134919670236,-0.10672867298126221,-0.08908725529909134,1
1789134919682236,-0.07697129249572754,-0.0888218879699707,1
1789134919682236,-0.07697129249572754,-0.0888218879699707,1
1789134919682236,-0.07697129249572754,-0.0888218879699707,1
1789134919682236,-0.07697129249572754,-0.0888218879699707,1
1789134919682236,-0.07697129249572754,-0.0888218879699707,1
1789134919730236,-0.12222898006439209,-0.08794662356376648,1
1789134919742236,-0.10365450382232666,-0.08775614202022552,1
1789134919742236,-0.10365450382232666,-0.08775614202022552,1
1789134919754236,-0.10266721248626709,-0.0874362364411354,1
1789134919754236,-0.10266721248626709,-0.0874362364411354,1
1789134919754400,-0.10266721248626709,-0.0874362364411354,1
1789134919790400,-0.08486020565032959,-0.08682391792535782,1
1789134919802400,-0.06752359867095947,-0.08656478673219681,1
1789134919802400,-0.06752359867095947,-0.08656478673219681,1
1789134919802400,-0.06752359867095947,-0.08656478673219681,1
1789134919802400,-0.06752359867095947,-0.08656478673219681,1
1789134919802400,-0.06752359867095947,-0.08656478673219681,1
1789134919850400,-0.1009746789932251,-0.08589275926351547,1
1789134919862400,-0.10674536228179932,-0.08573544025421143,1
1789134919862400,-0.10674536228179932,-0.08573544025421143,1
1789134919862400,-0.10674536228179932,-0.08573544025421143,1
1789134919886400,-0.04428362846374512,-0.0853344202041626,1
1789134919886400,-0.04428362846374512,-0.0853344202041626,1
1789134919910400,-0.050200462341308594,-0.08514172583818436,1
1789134919922400,-0.03803884983062744,-0.08502332121133804,1
1789134919922400,-0.03803884983062744,-0.08502332121133804,1
1789134919922400,-0.03803884983062744,-0.08502332121133804,1
1789134919922400,-0.03803884983062744,-0.08502332121133804,1
1789134919922400,-0.03803884983062744,-0.08502332121133804,1
1789134919970400,-0.11272585391998291,-0.08426198363304138,1
1789134919982400,-0.1376359462738037,-0.08403521776199341,1
1789134919982400,-0.1376359462738037,-0.08403521776199341,1
1789134919982400,-0.1376359462738037,-0.08403521776199341,1
1789134919982400,-0.1376359462738037,-0.08403521776199341,1
1789134920018400,-0.0964670181274414,-0.08291331678628922,1
1789134920030400,-0.09690558910369873,-0.08271050453186035,1
1789134920042400,-0.06367611885070801,-0.08238030225038528,1
1789134920042400,-0.06367611885070801,-0.08238030225038528,1
1789134920042400,-0.06367611885070801,-0.08238030225038528,1
1789134920042400,-0.06367611885070801,-0.08238030225038528,1
1789134920042400,-0.06367611885070801,-0.08238030225038528,1
1789134920090400,-0.037082552909851074,-0.08171819895505905,1
1789134920102400,-0.019607186317443848,-0.08165675401687622,1
1789134920102400,-0.019607186317443848,-0.08165675401687622,1
1789134920102400,-0.019607186317443848,-0.08165675401687622,1
1789134920102400,-0.019607186317443848,-0.08165675401687622,1
1789134920102400,-0.019607186317443848,-0.08165675401687622,1
1789134920150400,-0.15950536727905273,-0.08069030195474625,1
1789134920162400,-0.17029857635498047,-0.08006357401609421,1
1789134920162400,-0.17029857635498047,-0.08006357401609421,1
1789134920162400,-0.17029857635498047,-0.08006357401609421,1
1789134920186400,-0.07574236392974854,-0.0794421061873436,1
1789134920186400,-0.07574236392974854,-0.0794421061873436,1
1789134920210400,-0.0668562650680542,-0.07904113829135895,1
1789134920222400,-0.0417252779006958,-0.07892787456512451,1
1789134920222400,-0.0417252779006958,-0.07892787456512451,1
1789134920222400,-0.0417252779006958,-0.07892787456512451,1
1789134920222400,-0.0417252779006958,-0.07892787456512451,1
1789134920222400,-0.0417252779006958,-0.07892787456512451,1
1789134920270400,-0.12141108512878418,-0.07778368145227432,1
1789134920282400,-0.10607922077178955,-0.0772947371006012,1
1789134920282400,-0.10607922077178955,-0.0772947371006012,1
1789134920282400,-0.10607922077178955,-0.0772947371006012,1
1789134920282400,-0.10607922077178955,-0.0772947371006012,1
1789134920318400,-0.060352206230163574,-0.07654368132352829,1
1789134920330400,-0.0948023796081543,-0.07625430077314377,1
1789134920342400,-0.07511377334594727,-0.076088085770607,1
1789134920342400,-0.07511377334594727,-0.076088085770607,1
1789134920342400,-0.07511377334594727,-0.076088085770607,1
1789134920342400,-0.07511377334594727,-0.076088085770607,1
1789134920342400,-0.07511377334594727,-0.076088085770607,1
1789134920390400,-0.1222296953201294,-0.07476751506328583,1
1789134920402400,-0.09430921077728271,-0.0743204727768898,1
1789134920402400,-0.09430921077728271,-0.0743204727768898,1
1789134920414400,-0.05384325981140137,-0.07416930794715881,1
1789134920414400,-0.05384325981140137,-0.07416930794715881,1
1789134920414400,-0.05384325981140137,-0.07416930794715881,1
1789134920450400,-0.09743165969848633,-0.07342857122421265,1
1789134920462400,-0.10159003734588623,-0.07322041690349579,1
1789134920462400,-0.10159003734588623,-0.07322041690349579,1
1789134920462400,-0.10159003734588623,-0.07322041690349579,1
1789134920462400,-0.10159003734588623,-0.07322041690349579,1
1789134920462400,-0.10159003734588623,-0.07322041690349579,1
1789134920510400,-0.0509873628616333,-0.0724121481180191,1
1789134920522400,-0.025709867477416992,-0.07218456268310547,1
1789134920522400,-0.025709867477416992,-0.07218456268310547,1
1789134920522400,-0.025709867477416992,-0.07218456268310547,1
1789134920546400,-0.022884726524353027,-0.07193782925605774,1
1789134920546400,-0.022884726524353027,-0.07193782925605774,1
1789134920570400,-0.020556926727294922,-0.07178189605474472,1
1789134920582400,-0.049271583557128906,-0.07168889045715332,1
1789134920582400,-0.049271583557128906,-0.07168889045715332,1
1789134920582400,-0.049271583557128906,-0.07168889045715332,1
1789134920582400,-0.049271583557128906,-0.07168889045715332,1
1789134920582400,-0.049271583557128906,-0.07168889045715332,1
1789134920630400,-0.04999685287475586,-0.0708375871181488,1
1789134920642400,0.00179290771484375,-0.07064393162727356,1
1789134920642400,0.00179290771484375,-0.07064393162727356,1
1789134920642400,0.00179290771484375,-0.07064393162727356,1
1789134920642400,0.00179290771484375,-0.07064393162727356,1
1789134920678400,-0.07948899269104004,-0.07018578797578812,1
1789134920690400,-0.0858304500579834,-0.0697617158293724,1
1789134920702400,-0.05087125301361084,-0.06957293301820755,1
1789134920702400,-0.05087125301361084,-0.06957293301820755,1
1789134920702400,-0.05087125301361084,-0.06957293301820755,1
1789134920702400,-0.05087125301361084,-0.06957293301820755,1
1789134920702400,-0.05087125301361084,-0.06957293301820755,1
1789134920750400,-0.06385207176208496,-0.06875990331172943,1
1789134920762400,-0.07502961158752441,-0.06829405575990677,1
1789134920762400,-0.07502961158752441,-0.06829405575990677,1
1789134920762563,-0.07502961158752441,-0.06829405575990677,1
1789134920762563,-0.07502961158752441,-0.06829405575990677,1
1789134920762563,-0.07502961158752441,-0.06829405575990677,1
1789134920810563,-0.07822036743164062,-0.0671415850520134,1
1789134920822563,-0.06337463855743408,-0.06691573560237885,1
1789134920822563,-0.06337463855743408,-0.06691573560237885,1
1789134920822563,-0.06337463855743408,-0.06691573560237885,1
1789134920846563,-0.05232405662536621,-0.06625951826572418,1
1789134920846563,-0.05232405662536621,-0.06625951826572418,1
1789134920870563,-0.03193187713623047,-0.06564153730869293,1
1789134920882563,-0.06563055515289307,-0.06526682525873184,1
1789134920882563,-0.06563055515289307,-0.06526682525873184,1
1789134920882563,-0.06563055515289307,-0.06526682525873184,1
1789134920882563,-0.06563055515289307,-0.06526682525873184,1
1789134920882563,-0.06563055515289307,-0.06526682525873184,1
1789134920930563,-0.07939040660858154,-0.0636710375547409,1
1789134920942563,-0.07681417465209961,-0.0634208619594574,1
1789134920942563,-0.07681417465209961,-0.0634208619594574,1
1789134920942563,-0.07681417465209961,-0.0634208619594574,1
1789134920942563,-0.07681417465209961,-0.0634208619594574,1
1789134920978563,-0.06891477108001709,-0.06212038919329643,1
1789134920990563,-0.09225022792816162,-0.06186439096927643,1
1789134921002563,-0.04625558853149414,-0.06139175593852997,1
1789134921002563,-0.04625558853149414,-0.06139175593852997,1
1789134921002563,-0.04625558853149414,-0.06139175593852997,1
1789134921002563,-0.04625558853149414,-0.06139175593852997,1
1789134921002563,-0.04625558853149414,-0.06139175593852997,1
1789134921050563,-0.08643603324890137,-0.059892602264881134,1
1789134921062563,-0.0846027135848999,-0.059617988765239716,1
1789134921062563,-0.0846027135848999,-0.059617988765239716,1
1789134921062563,-0.0846027135848999,-0.059617988765239716,1
1789134921062563,-0.0846027135848999,-0.059617988765239716,1
1789134921062563,-0.0846027135848999,-0.059617988765239716,1
1789134921110563,-0.06057453155517578,-0.05813365802168846,1
1789134921122563,-0.007883548736572266,-0.057770442217588425,1
1789134921122563,-0.007883548736572266,-0.057770442217588425,1
1789134921122563,-0.007883548736572266,-0.057770442217588425,1
1789134921122563,-0.007883548736572266,-0.057770442217588425,1
1789134921122563,-0.007883548736572266,-0.057770442217588425,1
1789134921170563,-0.12700438499450684,-0.05621596798300743,1
1789134921182563,-0.09835958480834961,-0.05591478571295738,1
1789134921182563,-0.09835958480834961,-0.05591478571295738,1
1789134921182563,-0.09835958480834961,-0.05591478571295738,1
1789134921206563,-0.08283984661102295,-0.05521063879132271,1
1789134921206563,-0.08283984661102295,-0.05521063879132271,1
1789134921230563,-0.09319710731506348,-0.05438271909952164,1
1789134921242563,-0.08083665370941162,-0.05389218032360077,1
1789134921242563,-0.08083665370941162,-0.05389218032360077,1
1789134921242563,-0.08083665370941162,-0.05389218032360077,1
1789134921242563,-0.08083665370941162,-0.05389218032360077,1
1789134921242563,-0.08083665370941162,-0.05389218032360077,1
1789134921290563,-0.043482065200805664,-0.05289329215884209,1
1789134921302563,-0.06538927555084229,-0.05268506705760956,1
1789134921302563,-0.06538927555084229,-0.05268506705760956,1
1789134921302563,-0.06538927555084229,-0.05268506705760956,1
1789134921302563,-0.06538927555084229,-0.05268506705760956,1
1789134921338563,-0.059793949127197266,-0.05149392783641815,1
1789134921350563,-0.05508923530578613,-0.051296960562467575,1
1789134921362563,-0.017520546913146973,-0.05102305859327316,1
1789134921362563,-0.017520546913146973,-0.05102305859327316,1
1789134921362563,-0.017520546913146973,-0.05102305859327316,1
1789134921362563,-0.017520546913146973,-0.05102305859327316,1
1789134921362563,-0.017520546913146973,-0.05102305859327316,1
1789134921410563,-0.08318662643432617,-0.05020537227392197,1
1789134921422563,-0.08713877201080322,-0.04997272789478302,1
1789134921422563,-0.08713877201080322,-0.04997272789478302,1
1789134921422563,-0.08713877201080322,-0.04997272789478302,1
1789134921422563,-0.08713877201080322,-0.04997272789478302,1
1789134921422563,-0.08713877201080322,-0.04997272789478302,1
1789134921470563,-0.12558889389038086,-0.048076383769512177,1
1789134921482563,-0.08997130393981934,-0.047470275312662125,1
1789134921482563,-0.08997130393981934,-0.047470275312662125,1
1789134921482563,-0.08997130393981934,-0.047470275312662125,1
1789134921506563,-0.04285836219787598,-0.04681047424674034,1
1789134921506563,-0.04285836219787598,-0.04681047424674034,1
1789134921530563,-0.055988311767578125,-0.046281784772872925,1
1789134921542563,-0.0676872730255127,-0.04607078805565834,1
1789134921542563,-0.0676872730255127,-0.04607078805565834,1
1789134921542563,-0.0676872730255127,-0.04607078805565834,1
1789134921542563,-0.0676872730255127,-0.04607078805565834,1
1789134921542563,-0.0676872730255127,-0.04607078805565834,1
1789134921590563,-0.07437276840209961,-0.04453175142407417,1
1789134921602563,-0.020018577575683594,-0.04416072368621826,1
1789134921602563,-0.020018577575683594,-0.04416072368621826,1
1789134921602563,-0.020018577575683594,-0.04416072368621826,1
1789134921602563,-0.020018577575683594,-0.04416072368621826,1
1789134921638563,-0.06496357917785645,-0.04355866461992264,1
1789134921650563,-0.09926021099090576,-0.04311111941933632,1
1789134921662563,-0.10955512523651123,-0.04284314811229706,1
1789134921662563,-0.10955512523651123,-0.04284314811229706,1
1789134921662563,-0.10955512523651123,-0.04284314811229706,1
1789134921662563,-0.10955512523651123,-0.04284314811229706,1
1789134921662563,-0.10955512523651123,-0.04284314811229706,1
1789134921710563,-0.11404132843017578,-0.04096122831106186,1
1789134921722563,-0.07052898406982422,-0.04042438417673111,1
1789134921722563,-0.07052898406982422,-0.04042438417673111,1
1789134921734563,-0.04917001724243164,-0.04021934047341347,1
1789134921734563,-0.04917001724243164,-0.04021934047341347,1
1789134921734563,-0.04917001724243164,-0.04021934047341347,1
1789134921770563,-0.1354830265045166,-0.038978710770606995,1
1789134921782563,-0.1083073616027832,-0.03865751251578331,1
1789134921782726,-0.1083073616027832,-0.03865751251578331,1
1789134921782726,-0.1083073616027832,-0.03865751251578331,1
1789134921782726,-0.1083073616027832,-0.03865751251578331,1
1789134921782726,-0.1083073616027832,-0.03865751251578331,1
1789134921830726,0.016942858695983887,-0.0374164953827858,1
1789134921842726,0.04334521293640137,-0.03731156885623932,1
1789134921842726,0.04334521293640137,-0.03731156885623932,1
1789134921842726,0.04334521293640137,-0.03731156885623932,1
1789134921866726,0.0310213565826416,-0.03723837062716484,1
1789134921866726,0.0310213565826416,-0.03723837062716484,1
1789134921890726,-0.006399631500244141,-0.0369698628783226,1
1789134921902726,-0.043152689933776855,-0.036837294697761536,1
1789134921902726,-0.043152689933776855,-0.036837294697761536,1
1789134921902726,-0.043152689933776855,-0.036837294697761536,1
1789134921902726,-0.043152689933776855,-0.036837294697761536,1
1789134921902726,-0.043152689933776855,-0.036837294697761536,1
1789134921950726,-0.055115580558776855,-0.03578526899218559,1
1789134921962726,-0.04629683494567871,-0.03544486686587334,1
1789134921962726,-0.04629683494567871,-0.03544486686587334,1
1789134921962726,-0.04629683494567871,-0.03544486686587334,1
1789134921962726,-0.04629683494567871,-0.03544486686587334,1
1789134921998726,-0.01720607280731201,-0.035030968487262726,1
1789134922010726,-0.04940962791442871,-0.034713368862867355,1
1789134922022726,-0.06341171264648438,-0.0345052145421505,1
1789134922022726,-0.06341171264648438,-0.0345052145421505,1
1789134922022726,-0.06341171264648438,-0.0345052145421505,1
1789134922022726,-0.06341171264648438,-0.0345052145421505,1
1789134922058726,-0.05454444885253906,-0.033268846571445465,1
1789134922070726,-0.04124915599822998,-0.03306038677692413,1
1789134922082726,0.006448864936828613,-0.03275012969970703,1
1789134922082726,0.006448864936828613,-0.03275012969970703,1
1789134922082726,0.006448864936828613,-0.03275012969970703,1
1789134922082726,0.006448864936828613,-0.03275012969970703,1
1789134922082726,0.006448864936828613,-0.03275012969970703,1
1789134922130726,-0.009588003158569336,-0.03213744983077049,1
1789134922142726,0.008730292320251465,-0.032001566141843796,1
1789134922142726,0.008730292320251465,-0.032001566141843796,1
1789134922142726,0.008730292320251465,-0.032001566141843796,1
1789134922166726,-0.04295921325683594,-0.03148968145251274,1
1789134922166726,-0.04295921325683594,-0.03148968145251274,1
1789134922190726,-0.04766726493835449,-0.03074466623365879,1
1789134922202726,-0.004999756813049316,-0.030356505885720253,1
1789134922202726,-0.004999756813049316,-0.030356505885720253,1
1789134922202726,-0.004999756813049316,-0.030356505885720253,1
1789134922202726,-0.004999756813049316,-0.030356505885720253,1
1789134922202726,-0.004999756813049316,-0.030356505885720253,1
1789134922250726,-0.10791051387786865,-0.02919345535337925,1
1789134922262726,-0.10111165046691895,-0.02887512557208538,1
1789134922262726,-0.10111165046691895,-0.02887512557208538,1
1789134922262726,-0.10111165046691895,-0.02887512557208538,1
1789134922262726,-0.10111165046691895,-0.02887512557208538,1
1789134922298726,-0.051074981689453125,-0.02744784764945507,1
1789134922310726,-0.05845487117767334,-0.027195176109671593,1
1789134922322726,-0.04192674160003662,-0.02669820748269558,1
1789134922322726,-0.04192674160003662,-0.02669820748269558,1
1789134922322726,-0.04192674160003662,-0.02669820748269558,1
1789134922322726,-0.04192674160003662,-0.02669820748269558,1
1789134922322726,-0.04192674160003662,-0.02669820748269558,1
1789134922370726,-0.04961895942687988,-0.025509146973490715,1
1789134922382726,-0.06822466850280762,-0.025268295779824257,1
1789134922382726,-0.06822466850280762,-0.025268295779824257,1
1789134922394726,-0.07184123992919922,-0.024705160409212112,1
1789134922394726,-0.07184123992919922,-0.024705160409212112,1
1789134922394726,-0.07184123992919922,-0.024705160409212112,1
1789134922430726,-0.042478203773498535,-0.023776700720191002,1
1789134922442726,-0.025781869888305664,-0.023387614637613297,1
1789134922442726,-0.025781869888305664,-0.023387614637613297,1
1789134922442726,-0.025781869888305664,-0.023387614637613297,1
1789134922442726,-0.025781869888305664,-0.023387614637613297,1
1789134922442726,-0.025781869888305664,-0.023387614637613297,1
1789134922490726,0.0026062726974487305,-0.022596653550863266,1
1789134922502726,0.043242692947387695,-0.022510971873998642,1
1789134922502726,0.043242692947387695,-0.022510971873998642,1
1789134922502726,0.043242692947387695,-0.022510971873998642,1
1789134922526726,-0.008735060691833496,-0.022270258516073227,1
1789134922526726,-0.008735060691833496,-0.022270258516073227,1
1789134922550726,-0.04607975482940674,-0.02183126099407673,1
1789134922562726,-0.07831668853759766,-0.021417494863271713,1
1789134922562726,-0.07831668853759766,-0.021417494863271713,1
1789134922562726,-0.07831668853759766,-0.021417494863271713,1
1789134922562726,-0.07831668853759766,-0.021417494863271713,1
1789134922562726,-0.07831668853759766,-0.021417494863271713,1
1789134922610726,-0.029917478561401367,-0.020420463755726814,1
1789134922622726,0.0022428035736083984,-0.020302681252360344,1
1789134922622726,0.0022428035736083984,-0.020302681252360344,1
1789134922622726,0.0022428035736083984,-0.020302681252360344,1
1789134922622726,0.0022428035736083984,-0.020302681252360344,1
1789134922658726,-0.04566657543182373,-0.01968640834093094,1
1789134922670726,-0.054801225662231445,-0.019508352503180504,1
1789134922682726,-0.012964606285095215,-0.01928607001900673,1
1789134922682726,-0.012964606285095215,-0.01928607001900673,1
1789134922682726,-0.012964606285095215,-0.01928607001900673,1
1789134922682726,-0.012964606285095215,-0.01928607001900673,1
1789134922682726,-0.012964606285095215,-0.01928607001900673,1
1789134922730726,-0.04530739784240723,-0.01840372197329998,1
1789134922742726,-0.010191917419433594,-0.01827569492161274,1
1789134922742726,-0.010191917419433594,-0.01827569492161274,1
1789134922742726,-0.010191917419433594,-0.01827569492161274,1
1789134922742726,-0.010191917419433594,-0.01827569492161274,1
1789134922742726,-0.010191917419433594,-0.01827569492161274,1
1789134922790889,-0.038173794746398926,-0.017701610922813416,1
1789134922802889,-0.054412841796875,-0.017384637147188187,1
1789134922802889,-0.054412841796875,-0.017384637147188187,1
1789134922802889,-0.054412841796875,-0.017384637147188187,1
1789134922826889,0.07082211971282959,-0.017279772087931633,1
1789134922826889,0.07082211971282959,-0.017279772087931633,1
1789134922850889,0.05364501476287842,-0.01733923889696598,1
1789134922862889,0.07783401012420654,-0.017356345430016518,1
1789134922862889,0.07783401012420654,-0.017356345430016518,1
1789134922862889,0.07783401012420654,-0.017356345430016518,1
1789134922862889,0.07783401012420654,-0.017356345430016518,1
1789134922862889,0.07783401012420654,-0.017356345430016518,1
1789134922910889,-0.009842514991760254,-0.016958454623818398,1
1789134922922889,-0.03547823429107666,-0.01669769175350666,1
1789134922922889,-0.03547823429107666,-0.01669769175350666,1
1789134922922889,-0.03547823429107666,-0.01669769175350666,1
1789134922922889,-0.03547823429107666,-0.01669769175350666,1
1789134922958889,0.03406369686126709,-0.016312485560774803,1
1789134922970889,0.05935549736022949,-0.016281448304653168,1
1789134922982889,0.061678528785705566,-0.016268393024802208,1
1789134922982889,0.061678528785705566,-0.016268393024802208,1
1789134922982889,0.061678528785705566,-0.016268393024802208,1
1789134922982889,0.061678528785705566,-0.016268393024802208,1
1789134922982889,0.061678528785705566,-0.016268393024802208,1
1789134923030889,0.0012493133544921875,-0.01600339077413082,1
1789134923042889,-0.006364226341247559,-0.01572050340473652,1
1789134923042889,-0.006364226341247559,-0.01572050340473652,1
1789134923054889,0.04295217990875244,-0.015635905787348747,1
1789134923054889,0.04295217990875244,-0.015635905787348747,1
1789134923054889,0.04295217990875244,-0.015635905787348747,1
1789134923090889,0.13323771953582764,-0.015694202855229378,1
1789134923102889,0.11696827411651611,-0.0157342329621315,1
1789134923102889,0.11696827411651611,-0.0157342329621315,1
1789134923102889,0.11696827411651611,-0.0157342329621315,1
1789134923102889,0.11696827411651611,-0.0157342329621315,1
1789134923102889,0.11696827411651611,-0.0157342329621315,1
1789134923150889,0.043062448501586914,-0.015719836577773094,1
1789134923162889,0.0009746551513671875,-0.015468798577785492,1
1789134923162889,0.0009746551513671875,-0.015468798577785492,1
1789134923162889,0.0009746551513671875,-0.015468798577785492,1
1789134923186889,-0.03015589714050293,-0.014900049194693565,1
1789134923186889,-0.03015589714050293,-0.014900049194693565,1
1789134923210889,-0.030022740364074707,-0.014147845096886158,1
1789134923222889,-0.03791499137878418,-0.01392066664993763,1
1789134923222889,-0.03791499137878418,-0.01392066664993763,1
1789134923222889,-0.03791499137878418,-0.01392066664993763,1
1789134923222889,-0.03791499137878418,-0.01392066664993763,1
1789134923222889,-0.03791499137878418,-0.01392066664993763,1
1789134923270889,-0.019105911254882812,-0.01236595120280981,1
1789134923282889,0.018220901489257812,-0.01195864100009203,1
1789134923282889,0.018220901489257812,-0.01195864100009203,1
1789134923282889,0.018220901489257812,-0.01195864100009203,1
1789134923282889,0.018220901489257812,-0.01195864100009203,1
1789134923318889,-0.051172852516174316,-0.010842258110642433,1
1789134923330889,-0.07586205005645752,-0.010205394588410854,1
1789134923342889,-0.0353473424911499,-0.009893854148685932,1
1789134923342889,-0.0353473424911499,-0.009893854148685932,1
1789134923342889,-0.0353473424911499,-0.009893854148685932,1
1789134923342889,-0.0353473424911499,-0.009893854148685932,1
1789134923342889,-0.0353473424911499,-0.009893854148685932,1
1789134923390889,-0.029551267623901367,-0.008433437906205654,1
1789134923402889,-0.07756328582763672,-0.007846628315746784,1
1789134923402889,-0.07756328582763672,-0.007846628315746784,1
1789134923402889,-0.07756328582763672,-0.007846628315746784,1
1789134923402889,-0.07756328582763672,-0.007846628315746784,1
1789134923402889,-0.07756328582763672,-0.007846628315746784,1
1789134923450889,-0.10733544826507568,-0.005557564552873373,1
1789134923462889,-0.09119796752929688,-0.005140063352882862,1
1789134923462889,-0.09119796752929688,-0.005140063352882862,1
1789134923462889,-0.09119796752929688,-0.005140063352882862,1
1789134923486889,-0.09826004505157471,-0.004045178182423115,1
1789134923486889,-0.09826004505157471,-0.004045178182423115,1
1789134923510889,-0.07148218154907227,-0.0029538164380937815,1
1789134923522889,-0.04505622386932373,-0.002323792316019535,1
1789134923522889,-0.04505622386932373,-0.002323792316019535,1
1789134923522889,-0.04505622386932373,-0.002323792316019535,1
1789134923522889,-0.04505622386932373,-0.002323792316019535,1
1789134923522889,-0.04505622386932373,-0.002323792316019535,1
1789134923570889,-0.10446596145629883,-0.000604319735430181,1
1789134923582889,-0.09141349792480469,-0.0002249090903205797,1
1789134923582889,-0.09141349792480469,-0.0002249090903205797,1
1789134923582889,-0.09141349792480469,-0.0002249090903205797,1
1789134923582889,-0.09141349792480469,-0.0002249090903205797,1
1789134923618889,-0.035410284996032715,0.0012104955967515707,1
1789134923630889,-0.05732095241546631,0.001486181397922337,1
1789134923642889,-0.046021342277526855,0.0019596104975789785,1
1789134923642889,-0.046021342277526855,0.0019596104975789785,1
1789134923642889,-0.046021342277526855,0.0019596104975789785,1
1789134923642889,-0.046021342277526855,0.0019596104975789785,1
1789134923642889,-0.046021342277526855,0.0019596104975789785,1
1789134923690889,-0.06590819358825684,0.003388118464499712,1
1789134923702889,-0.06719970703125,0.0036577600985765457,1
1789134923702889,-0.06719970703125,0.0036577600985765457,1
1789134923714889,-0.056098103523254395,0.004136784002184868,1
1789134923714889,-0.056098103523254395,0.004136784002184868,1
1789134923714889,-0.056098103523254395,0.004136784002184868,1
1789134923750889,0.008504509925842285,0.004946108441799879,1
1789134923762889,-0.028116345405578613,0.005239260382950306,1
1789134923762889,-0.028116345405578613,0.005239260382950306,1
1789134923762889,-0.028116345405578613,0.005239260382950306,1
1789134923762889,-0.028116345405578613,0.005239260382950306,1
1789134923763052,-0.028116345405578613,0.005239260382950306,1
1789134923811052,0.024701476097106934,0.005963609553873539,1
1789134923823052,0.028908133506774902,0.006044848822057247,1
1789134923823052,0.028908133506774902,0.006044848822057247,1
1789134923823052,0.028908133506774902,0.006044848822057247,1
1789134923847052,-0.031742215156555176,0.006422556936740875,1
1789134923847052,-0.031742215156555176,0.006422556936740875,1
1789134923871052,-0.03139173984527588,0.006950960494577885,1
1789134923883052,-0.015146255493164062,0.007206409238278866,1
1789134923883052,-0.015146255493164062,0.007206409238278866,1
1789134923883052,-0.015146255493164062,0.007206409238278866,1
1789134923883052,-0.015146255493164062,0.007206409238278866,1
1789134923883052,-0.015146255493164062,0.007206409238278866,1
1789134923931052,-0.0424269437789917,0.00799180194735527,1
1789134923943052,-0.0501101016998291,0.008173300884664059,1
1789134923943052,-0.0501101016998291,0.008173300884664059,1
1789134923943052,-0.0501101016998291,0.008173300884664059,1
1789134923943052,-0.0501101016998291,0.008173300884664059,1
1789134923979052,-0.0752723217010498,0.009390867315232754,1
1789134923991052,-0.09120094776153564,0.009647914208471775,1
1789134924003052,-0.06627202033996582,0.010151793248951435,1
1789134924003052,-0.06627202033996582,0.010151793248951435,1
1789134924003052,-0.06627202033996582,0.010151793248951435,1
1789134924003052,-0.06627202033996582,0.010151793248951435,1
1789134924003052,-0.06627202033996582,0.010151793248951435,1
1789134924051052,-0.08280682563781738,0.011431966908276081,1
1789134924063052,-0.012306690216064453,0.011617792770266533,1
1789134924063052,-0.012306690216064453,0.011617792770266533,1
1789134924063052,-0.012306690216064453,0.011617792770266533,1
1789134924063052,-0.012306690216064453,0.011617792770266533,1
1789134924063052,-0.012306690216064453,0.011617792770266533,1
1789134924111052,-0.0009244680404663086,0.012120924890041351,1
1789134924123052,0.005116820335388184,0.012235580943524837,1
1789134924123052,0.005116820335388184,0.012235580943524837,1
1789134924123052,0.005116820335388184,0.012235580943524837,1
1789134924147052,-0.03187060356140137,0.012519599869847298,1
1789134924147052,-0.03187060356140137,0.012519599869847298,1
1789134924171052,-0.029964089393615723,0.012939161621034145,1
1789134924183052,-0.026857733726501465,0.013036242686212063,1
1789134924183052,-0.026857733726501465,0.013036242686212063,1
1789134924183052,-0.026857733726501465,0.013036242686212063,1
1789134924183052,-0.026857733726501465,0.013036242686212063,1
1789134924183052,-0.026857733726501465,0.013036242686212063,1
1789134924231052,0.0018118619918823242,0.013473098166286945,1
1789134924243052,0.03464484214782715,0.013503316789865494,1
1789134924243052,0.03464484214782715,0.013503316789865494,1
1789134924243052,0.03464484214782715,0.013503316789865494,1
1789134924243052,0.03464484214782715,0.013503316789865494,1
1789134924279052,0.011128425598144531,0.013503669761121273,1
1789134924291052,0.008697986602783203,0.013576318509876728,1
1789134924303052,0.004259824752807617,0.013607623055577278,1
1789134924303052,0.004259824752807617,0.013607623055577278,1
1789134924303052,0.004259824752807617,0.013607623055577278,1
1789134924303052,0.004259824752807617,0.013607623055577278,1
1789134924303052,0.004259824752807617,0.013607623055577278,1
1789134924351052,-0.011599421501159668,0.014014136046171188,1
1789134924363052,0.010424613952636719,0.0140894316136837,1
1789134924363052,0.010424613952636719,0.0140894316136837,1
1789134924375052,0.02521693706512451,0.014108623377978802,1
1789134924375052,0.02521693706512451,0.014108623377978802,1
1789134924375052,0.02521693706512451,0.014108623377978802,1
1789134924411052,-0.00443875789642334,0.014165141619741917,1
1789134924423052,0.0064966678619384766,0.014218561351299286,1
1789134924423052,0.0064966678619384766,0.014218561351299286,1
1789134924423052,0.0064966678619384766,0.014218561351299286,1
1789134924423052,0.0064966678619384766,0.014218561351299286,1
1789134924423052,0.0064966678619384766,0.014218561351299286,1
1789134924471052,-0.030346393585205078,0.014817414805293083,1
1789134924483052,0.0005823373794555664,0.0149712348356843,1
1789134924483052,0.0005823373794555664,0.0149712348356843,1
1789134924483052,0.0005823373794555664,0.0149712348356843,1
1789134924507052,0.05369532108306885,0.014994733966886997,1
1789134924507052,0.05369532108306885,0.014994733966886997,1
1789134924531052,0.04685831069946289,0.01486180629581213,1
1789134924543052,0.057019829750061035,0.01483386941254139,1
1789134924543052,0.057019829750061035,0.01483386941254139,1
1789134924543052,0.057019829750061035,0.01483386941254139,1
1789134924543052,0.057019829750061035,0.01483386941254139,1
1789134924543052,0.057019829750061035,0.01483386941254139,1
1789134924591052,-0.016013622283935547,0.015079195611178875,1
1789134924603052,-0.004374265670776367,0.015232046134769917,1
1789134924603052,-0.004374265670776367,0.015232046134769917,1
1789134924603052,-0.004374265670776367,0.015232046134769917,1
1789134924603052,-0.004374265670776367,0.015232046134769917,1
1789134924639052,0.033933281898498535,0.0153135284781456,1
1789134924651052,0.007783174514770508,0.015327321365475655,1
1789134924663052,0.0118788480758667,0.015357562340795994,1
1789134924663052,0.0118788480758667,0.015357562340795994,1
1789134924663052,0.0118788480758667,0.015357562340795994,1
1789134924663052,0.0118788480758667,0.015357562340795994,1
1789134924663052,0.0118788480758667,0.015357562340795994,1
1789134924711052,-0.08026063442230225,0.016048507764935493,1
1789134924723052,-0.019036293029785156,0.016300277784466743,1
1789134924723052,-0.019036293029785156,0.016300277784466743,1
1789134924723052,-0.019036293029785156,0.016300277784466743,1
1789134924723052,-0.019036293029785156,0.016300277784466743,1
1789134924723052,-0.019036293029785156,0.016300277784466743,1
1789134924771052,-0.0385359525680542,0.016796262934803963,1
1789134924783052,-0.040965914726257324,0.01691284030675888,1
1789134924783052,-0.040965914726257324,0.01691284030675888,1
1789134924783214,-0.040965914726257324,0.01691284030675888,1
1789134924783214,-0.040965914726257324,0.01691284030675888,1
1789134924783214,-0.040965914726257324,0.01691284030675888,1
1789134924831214,-0.03807663917541504,0.017857452854514122,1
1789134924843214,-0.030727744102478027,0.018027164041996002,1
1789134924843214,-0.030727744102478027,0.018027164041996002,1
1789134924843214,-0.030727744102478027,0.018027164041996002,1
1789134924867214,0.0026623010635375977,0.018143368884921074,1
1789134924867214,0.0026623010635375977,0.018143368884921074,1
1789134924891214,-0.018793463706970215,0.018265344202518463,1
1789134924903214,-0.04990839958190918,0.018336821347475052,1
1789134924903214,-0.04990839958190918,0.018336821347475052,1
1789134924903214,-0.04990839958190918,0.018336821347475052,1
1789134924903214,-0.04990839958190918,0.018336821347475052,1
1789134924939214,-0.0201185941696167,0.01866147667169571,1
1789134924951214,0.005431652069091797,0.018663747236132622,1
1789134924963214,0.005275249481201172,0.018623825162649155,1
1789134924963214,0.005275249481201172,0.018623825162649155,1
1789134924963214,0.005275249481201172,0.018623825162649155,1
1789134924963214,0.005275249481201172,0.018623825162649155,1
1789134924963214,0.005275249481201172,0.018623825162649155,1
1789134925011214,-0.04926788806915283,0.018749909475445747,1
1789134925023214,-0.030057907104492188,0.018795624375343323,1
1789134925023214,-0.030057907104492188,0.018795624375343323,1
1789134925035214,-0.014321088790893555,0.01880703680217266,1
1789134925035214,-0.014321088790893555,0.01880703680217266,1
1789134925059214,-0.0186460018157959,0.01881442219018936,1
1789134925071214,-0.01451098918914795,0.018813220784068108,1
1789134925083214,-0.004433989524841309,0.0187483262270689,1
1789134925083214,-0.004433989524841309,0.0187483262270689,1
1789134925083214,-0.004433989524841309,0.0187483262270689,1
1789134925083214,-0.004433989524841309,0.0187483262270689,1
1789134925083214,-0.004433989524841309,0.0187483262270689,1
1789134925131214,0.0022623538970947266,0.018396560102701187,1
1789134925143214,-0.009550333023071289,0.018340667709708214,1
1789134925143214,-0.009550333023071289,0.018340667709708214,1
1789134925143214,-0.009550333023071289,0.018340667709708214,1
1789134925167214,-0.0174483060836792,0.018322592601180077,1
1789134925167214,-0.0174483060836792,0.018322592601180077,1
1789134925191214,0.009030580520629883,0.018136879429221153,1
1789134925203214,0.006691694259643555,0.017944566905498505,1
1789134925203214,0.006691694259643555,0.017944566905498505,1
1789134925203214,0.006691694259643555,0.017944566905498505,1
1789134925203214,0.006691694259643555,0.017944566905498505,1
1789134925203214,0.006691694259643555,0.017944566905498505,1
1789134925251214,0.031966328620910645,0.017527010291814804,1
1789134925263214,0.014639616012573242,0.017419343814253807,1
1789134925263214,0.014639616012573242,0.017419343814253807,1
1789134925263214,0.014639616012573242,0.017419343814253807,1
1789134925263214,0.014639616012573242,0.017419343814253807,1
1789134925299214,0.010476112365722656,0.01697041466832161,1
1789134925311214,0.0024793148040771484,0.01689307950437069,1
1789134925323214,-0.014866352081298828,0.016808314248919487,1
1789134925323214,-0.014866352081298828,0.016808314248919487,1
1789134925323214,-0.014866352081298828,0.016808314248919487,1
1789134925323214,-0.014866352081298828,0.016808314248919487,1
1789134925323214,-0.014866352081298828,0.016808314248919487,1
1789134925371214,0.10555434226989746,0.015859782695770264,1
1789134925383214,0.0965338945388794,0.015647180378437042,1
1789134925383214,0.0965338945388794,0.015647180378437042,1
1789134925383214,0.0965338945388794,0.015647180378437042,1
1789134925383214,0.0965338945388794,0.015647180378437042,1
1789134925383214,0.0965338945388794,0.015647180378437042,1
1789134925431214,0.05491352081298828,0.014344700612127781,1
1789134925443214,0.023625612258911133,0.01410113088786602,1
1789134925443214,0.023625612258911133,0.01410113088786602,1
1789134925443214,0.023625612258911133,0.01410113088786602,1
1789134925467214,-0.020235180854797363,0.013841472566127777,1
1789134925467214,-0.020235180854797363,0.013841472566127777,1
1789134925491214,0.03179645538330078,0.013643438927829266,1
1789134925503214,0.03395378589630127,0.01353206392377615,1
1789134925503214,0.03395378589630127,0.01353206392377615,1
1789134925503214,0.03395378589630127,0.01353206392377615,1
1789134925503214,0.03395378589630127,0.01353206392377615,1
1789134925503214,0.03395378589630127,0.01353206392377615,1
1789134925551214,-0.057708144187927246,0.013154877349734306,1
1789134925563214,-0.07581174373626709,0.013261576183140278,1
1789134925563214,-0.07581174373626709,0.013261576183140278,1
1789134925563214,-0.07581174373626709,0.013261576183140278,1
1789134925563214,-0.07581174373626709,0.013261576183140278,1
1789134925599214,-0.03457140922546387,0.013560422696173191,1
1789134925611214,0.0005472898483276367,0.013537069782614708,1
1789134925623214,-0.01631796360015869,0.013507249765098095,1
1789134925623214,-0.01631796360015869,0.013507249765098095,1
1789134925623214,-0.01631796360015869,0.013507249765098095,1
1789134925623214,-0.01631796360015869,0.013507249765098095,1
1789134925623214,-0.01631796360015869,0.013507249765098095,1
1789134925671214,-0.012059688568115234,0.013359898701310158,1
1789134925683214,-0.009113669395446777,0.013317708857357502,1
1789134925683214,-0.009113669395446777,0.013317708857357502,1
1789134925695214,-0.022190332412719727,0.013287785463035107,1
1789134925695214,-0.022190332412719727,0.013287785463035107,1
1789134925695214,-0.022190332412719727,0.013287785463035107,1
1789134925731214,-0.00021278858184814453,0.013170273043215275,1
1789134925743214,-0.0024864673614501953,0.013092446140944958,1
1789134925743214,-0.0024864673614501953,0.013092446140944958,1
1789134925743214,-0.0024864673614501953,0.013092446140944958,1
1789134925743214,-0.0024864673614501953,0.013092446140944958,1
1789134925743214,-0.0024864673614501953,0.013092446140944958,1
1789134925791214,-0.01315617561340332,0.012622272595763206,1
1789134925803214,-0.015742897987365723,0.012504964135587215,1
1789134925803376,-0.015742897987365723,0.012504964135587215,1
1789134925803376,-0.015742897987365723,0.012504964135587215,1
1789134925827376,0.013846755027770996,0.012240739539265633,1
1789134925827376,0.013846755027770996,0.012240739539265633,1
1789134925851376,-0.026934027671813965,0.011951214633882046,1
1789134925863376,0.01241147518157959,0.011873266659677029,1
1789134925863376,0.01241147518157959,0.011873266659677029,1
1789134925863376,0.01241147518157959,0.011873266659677029,1
1789134925863376,0.01241147518157959,0.011873266659677029,1
1789134925863376,0.01241147518157959,0.011873266659677029,1
1789134925911376,0.013134479522705078,0.01106931921094656,1
1789134925923376,0.005462050437927246,0.010848203673958778,1
1789134925923376,0.005462050437927246,0.010848203673958778,1
1789134925923376,0.005462050437927246,0.010848203673958778,1
1789134925923376,0.005462050437927246,0.010848203673958778,1
1789134925959376,-0.02152121067047119,0.010612023994326591,1
1789134925971376,-0.01947021484375,0.010504244826734066,1
1789134925983376,0.0017871856689453125,0.010415250435471535,1
1789134925983376,0.0017871856689453125,0.010415250435471535,1
1789134925983376,0.0017871856689453125,0.010415250435471535,1
1789134925983376,0.0017871856689453125,0.010415250435471535,1
1789134925983376,0.0017871856689453125,0.010415250435471535,1
1789134926031376,0.010135412216186523,0.009723239578306675,1
1789134926043376,-0.0012184381484985352,0.009473955258727074,1
1789134926043376,-0.0012184381484985352,0.009473955258727074,1
1789134926043376,-0.0012184381484985352,0.009473955258727074,1
1789134926043376,-0.0012184381484985352,0.009473955258727074,1
1789134926043376,-0.0012184381484985352,0.009473955258727074,1
1789134926091376,0.04455864429473877,0.00874405913054943,1
1789134926103376,0.03461897373199463,0.008575443178415298,1
1789134926103376,0.03461897373199463,0.008575443178415298,1
1789134926103376,0.03461897373199463,0.008575443178415298,1
1789134926127376,0.035790205001831055,0.008051637560129166,1
1789134926127376,0.035790205001831055,0.008051637560129166,1
1789134926151376,0.01077723503112793,0.007603141013532877,1
1789134926163376,0.01941835880279541,0.007312651723623276,1
1789134926163376,0.01941835880279541,0.007312651723623276,1
1789134926163376,0.01941835880279541,0.007312651723623276,1
1789134926163376,0.01941835880279541,0.007312651723623276,1
1789134926163376,0.01941835880279541,0.007312651723623276,1
1789134926211376,0.044621825218200684,0.00657694460824132,1
1789134926223376,0.026525139808654785,0.006406641565263271,1
1789134926223376,0.026525139808654785,0.006406641565263271,1
1789134926223376,0.026525139808654785,0.006406641565263271,1
1789134926223376,0.026525139808654785,0.006406641565263271,1
1789134926259376,0.03936266899108887,0.0055250260047614574,1
1789134926271376,0.045717477798461914,0.0053525883704423904,1
1789134926283376,0.02091848850250244,0.0050552706234157085,1
1789134926283376,0.02091848850250244,0.0050552706234157085,1
1789134926283376,0.02091848850250244,0.0050552706234157085,1
1789134926283376,0.02091848850250244,0.0050552706234157085,1
1789134926283376,0.02091848850250244,0.0050552706234157085,1
1789134926331376,0.10261738300323486,0.0038492544554173946,1
1789134926343376,0.08256471157073975,0.003613139968365431,1
1789134926343376,0.08256471157073975,0.003613139968365431,1
1789134926343376,0.08256471157073975,0.003613139968365431,1
1789134926343376,0.08256471157073975,0.003613139968365431,1
1789134926343376,0.08256471157073975,0.003613139968365431,1
1789134926391376,-0.01675105094909668,0.0027963859029114246,1
1789134926403376,-0.027509093284606934,0.002702528377994895,1
1789134926403376,-0.027509093284606934,0.002702528377994895,1
1789134926403376,-0.027509093284606934,0.002702528377994895,1
1789134926403376,-0.027509093284606934,0.002702528377994895,1
1789134926403376,-0.027509093284606934,0.002702528377994895,1
1789134926451376,-0.018202662467956543,0.0024163206107914448,1
1789134926463376,0.00466156005859375,0.002362531144171953,1
1789134926463376,0.00466156005859375,0.002362531144171953,1
1789134926463376,0.00466156005859375,0.002362531144171953,1
1789134926487376,-0.025429248809814453,0.0022207768633961678,1
1789134926487376,-0.025429248809814453,0.0022207768633961678,1
1789134926511376,-0.05248880386352539,0.0022412636317312717,1
1789134926523376,-0.0348973274230957,0.0022897133603692055,1
1789134926523376,-0.0348973274230957,0.0022897133603692055,1
1789134926523376,-0.0348973274230957,0.0022897133603692055,1
1789134926523376,-0.0348973274230957,0.0022897133603692055,1
1789134926523376,-0.0348973274230957,0.0022897133603692055,1
1789134926571376,-0.0037664175033569336,0.0019999644719064236,1
1789134926583376,0.016274571418762207,0.0019204533891752362,1
1789134926583376,0.016274571418762207,0.0019204533891752362,1
1789134926583376,0.016274571418762207,0.0019204533891752362,1
1789134926583376,0.016274571418762207,0.0019204533891752362,1
1789134926619376,-0.0268251895904541,0.0015772791812196374,1
1789134926631376,-0.031706929206848145,0.001536666415631771,1
1789134926643376,-0.029157161712646484,0.0014837615890428424,1
1789134926643376,-0.029157161712646484,0.0014837615890428424,1
1789134926643376,-0.029157161712646484,0.0014837615890428424,1
1789134926643376,-0.029157161712646484,0.0014837615890428424,1
1789134926643376,-0.029157161712646484,0.0014837615890428424,1
1789134926691376,0.0012038946151733398,0.0010747627820819616,1
1789134926703376,-0.005742311477661133,0.0009757348452694714,1
1789134926703376,-0.005742311477661133,0.0009757348452694714,1
1789134926703376,-0.005742311477661133,0.0009757348452694714,1
1789134926703376,-0.005742311477661133,0.0009757348452694714,1
1789134926703376,-0.005742311477661133,0.0009757348452694714,1
1789134926751376,-0.02074909210205078,0.000515060848556459,1
1789134926763376,-0.022739410400390625,0.0003912990214303136,1
1789134926763376,-0.022739410400390625,0.0003912990214303136,1
1789134926763376,-0.022739410400390625,0.0003912990214303136,1
1789134926787376,-0.005413532257080078,0.000158077193191275,1
1789134926787376,-0.005413532257080078,0.000158077193191275,1
1789134926811538,-0.022559046745300293,-0.00012570660328492522,1
1789134926823538,0.008846640586853027,-0.00022440345492213964,1
1789134926823538,0.008846640586853027,-0.00022440345492213964,1
1789134926823538,0.008846640586853027,-0.00022440345492213964,1
1789134926823538,0.008846640586853027,-0.00022440345492213964,1
1789134926823538,0.008846640586853027,-0.00022440345492213964,1
1789134926871538,0.0315781831741333,-0.0008980033453553915,1
1789134926883538,-0.009389877319335938,-0.0011662254109978676,1
1789134926883538,-0.009389877319335938,-0.0011662254109978676,1
1789134926883538,-0.009389877319335938,-0.0011662254109978676,1
1789134926883538,-0.009389877319335938,-0.0011662254109978676,1
1789134926919538,0.04523491859436035,-0.0017545630689710379,1
1789134926931538,0.09864544868469238,-0.002208970719948411,1
1789134926943538,0.07374083995819092,-0.002452240092679858,1
1789134926943538,0.07374083995819092,-0.002452240092679858,1
1789134926943538,0.07374083995819092,-0.002452240092679858,1
1789134926943538,0.07374083995819092,-0.002452240092679858,1
1789134926943538,0.07374083995819092,-0.002452240092679858,1
1789134926991538,0.05188632011413574,-0.003803262021392584,1
1789134927003538,0.03113710880279541,-0.004169723484665155,1
1789134927003538,0.03113710880279541,-0.004169723484665155,1
1789134927015538,0.03097712993621826,-0.00433708680793643,1
1789134927015538,0.03097712993621826,-0.00433708680793643,1
1789134927015538,0.03097712993621826,-0.00433708680793643,1
1789134927051538,0.1079169511795044,-0.005371556151658297,1
1789134927063538,0.0988074541091919,-0.005626626778393984,1
1789134927063538,0.0988074541091919,-0.005626626778393984,1
1789134927063538,0.0988074541091919,-0.005626626778393984,1
1789134927063538,0.0988074541091919,-0.005626626778393984,1
1789134927063538,0.0988074541091919,-0.005626626778393984,1
1789134927111538,0.018013358116149902,-0.00654241070151329,1
1789134927123538,0.005314469337463379,-0.006721484009176493,1
1789134927123538,0.005314469337463379,-0.006721484009176493,1
1789134927123538,0.005314469337463379,-0.006721484009176493,1
1789134927147538,0.03158903121948242,-0.006905289366841316,1
1789134927147538,0.03158903121948242,-0.006905289366841316,1
1789134927171538,0.02920675277709961,-0.0072471462190151215,1
1789134927183538,0.04487204551696777,-0.007352829445153475,1
1789134927183538,0.04487204551696777,-0.007352829445153475,1
1789134927183538,0.04487204551696777,-0.007352829445153475,1
1789134927183538,0.04487204551696777,-0.007352829445153475,1
1789134927183538,0.04487204551696777,-0.007352829445153475,1
1789134927231538,0.03190732002258301,-0.007842493243515491,1
1789134927243538,0.05226695537567139,-0.008006921038031578,1
1789134927243538,0.05226695537567139,-0.008006921038031578,1
1789134927243538,0.05226695537567139,-0.008006921038031578,1
1789134927243538,0.05226695537567139,-0.008006921038031578,1
1789134927279538,0.04625260829925537,-0.008093849755823612,1
1789134927291538,0.015475630760192871,-0.008143830113112926,1
1789134927303538,0.02197110652923584,-0.008169439621269703,1
1789134927303538,0.02197110652923584,-0.008169439621269703,1
1789134927303538,0.02197110652923584,-0.008169439621269703,1
1789134927303538,0.02197110652923584,-0.008169439621269703,1
1789134927303538,0.02197110652923584,-0.008169439621269703,1
1789134927351538,-0.07620716094970703,-0.0075780367478728294,1
1789134927363538,-0.04251885414123535,-0.007277613505721092,1
1789134927363538,-0.04251885414123535,-0.007277613505721092,1
1789134927363538,-0.04251885414123535,-0.007277613505721092,1
1789134927363538,-0.04251885414123535,-0.007277613505721092,1
1789134927363538,-0.04251885414123535,-0.007277613505721092,1
1789134927411538,0.07680296897888184,-0.006864080671221018,1
1789134927423538,0.08203744888305664,-0.006903992034494877,1
1789134927423538,0.08203744888305664,-0.006903992034494877,1
1789134927423538,0.08203744888305664,-0.006903992034494877,1
1789134927447538,0.053623080253601074,-0.006980851758271456,1
1789134927447538,0.053623080253601074,-0.006980851758271456,1
1789134927471538,-0.004922032356262207,-0.006833262275904417,1
1789134927483538,-0.09552276134490967,-0.006545250304043293,1
1789134927483538,-0.09552276134490967,-0.006545250304043293,1
1789134927483538,-0.09552276134490967,-0.006545250304043293,1
1789134927483538,-0.09552276134490967,-0.006545250304043293,1
1789134927483538,-0.09552276134490967,-0.006545250304043293,1
1789134927531538,0.06891262531280518,-0.0062882062047719955,1
1789134927543538,0.09553098678588867,-0.006326029542833567,1
1789134927543538,0.09553098678588867,-0.006326029542833567,1
1789134927543538,0.09553098678588867,-0.006326029542833567,1
1789134927543538,0.09553098678588867,-0.006326029542833567,1
1789134927579538,0.03568089008331299,-0.006548777688294649,1
1789134927591538,0.020743727684020996,-0.006503263954073191,1
1789134927603538,-0.006216883659362793,-0.0063490900211036205,1
1789134927603538,-0.006216883659362793,-0.0063490900211036205,1
1789134927603538,-0.006216883659362793,-0.0063490900211036205,1
1789134927603538,-0.006216883659362793,-0.0063490900211036205,1
1789134927603538,-0.006216883659362793,-0.0063490900211036205,1
1789134927651538,-0.1346590518951416,-0.00488840788602829,1
1789134927663538,-0.10641169548034668,-0.004584132693707943,1
1789134927663538,-0.10641169548034668,-0.004584132693707943,1
1789134927675538,-0.06638550758361816,-0.004113589879125357,1
1789134927675538,-0.06638550758361816,-0.004113589879125357,1
1789134927675538,-0.06638550758361816,-0.004113589879125357,1
1789134927711538,-0.05433666706085205,-0.003287956118583679,1
1789134927723538,-0.03755497932434082,-0.00292015983723104,1
1789134927723538,-0.03755497932434082,-0.00292015983723104,1
1789134927723538,-0.03755497932434082,-0.00292015983723104,1
1789134927723538,-0.03755497932434082,-0.00292015983723104,1
1789134927723538,-0.03755497932434082,-0.00292015983723104,1
1789134927771538,-0.01969289779663086,-0.002115307841449976,1
1789134927783538,-0.041809678077697754,-0.0019879676401615143,1
1789134927783538,-0.041809678077697754,-0.0019879676401615143,1
1789134927783538,-0.041809678077697754,-0.0019879676401615143,1
1789134927807538,-0.050900816917419434,-0.0015800498658791184,1
1789134927807700,-0.050900816917419434,-0.0015800498658791184,1
1789134927831700,-0.00044608116149902344,-0.0012916855048388243,1
1789134927843700,0.015091896057128906,-0.0012188178952783346,1
1789134927843700,0.015091896057128906,-0.0012188178952783346,1
1789134927843700,0.015091896057128906,-0.0012188178952783346,1
1789134927867700,0.009280681610107422,-0.0012261278461664915,1
1789134927867700,0.009280681610107422,-0.0012261278461664915,1
1789134927891700,-0.02556931972503662,-0.0010484224185347557,1
1789134927903700,-0.03724324703216553,-0.0009621554636396468,1
1789134927903700,-0.03724324703216553,-0.0009621554636396468,1
1789134927903700,-0.03724324703216553,-0.0009621554636396468,1
1789134927903700,-0.03724324703216553,-0.0009621554636396468,1
1789134927939700,-0.047241926193237305,-0.00037465340574271977,1
1789134927951700,-0.057532548904418945,-0.00025582226226106286,1
1789134927963700,-0.01620781421661377,-8.464076381642371e-05,1
1789134927963700,-0.01620781421661377,-8.464076381642371e-05,1
1789134927963700,-0.01620781421661377,-8.464076381642371e-05,1
1789134927963700,-0.01620781421661377,-8.464076381642371e-05,1
1789134927963700,-0.01620781421661377,-8.464076381642371e-05,1
1789134928011700,-0.0681459903717041,0.00031430498347617686,1
1789134928023700,-0.04607820510864258,0.00042966060573235154,1
1789134928023700,-0.04607820510864258,0.00042966060573235154,1
1789134928023700,-0.04607820510864258,0.00042966060573235154,1
1789134928023700,-0.04607820510864258,0.00042966060573235154,1
1789134928059700,-0.03773975372314453,0.0008395813638344407,1
1789134928071700,-0.030128836631774902,0.0009182580397464335,1
1789134928083700,-0.022788166999816895,0.0010063053341582417,1
1789134928083700,-0.022788166999816895,0.0010063053341582417,1
1789134928083700,-0.022788166999816895,0.0010063053341582417,1
1789134928107700,-0.021845579147338867,0.0010988898575305939,1
1789134928107700,-0.021845579147338867,0.0010988898575305939,1
1789134928131700,-0.0462418794631958,0.001263921265490353,1
1789134928143700,-0.047841429710388184,0.0013437374727800488,1
1789134928143700,-0.047841429710388184,0.0013437374727800488,1
1789134928143700,-0.047841429710388184,0.0013437374727800488,1
1789134928143700,-0.047841429710388184,0.0013437374727800488,1
1789134928143700,-0.047841429710388184,0.0013437374727800488,1
1789134928191700,-0.039105772972106934,0.0016160041559487581,1
1789134928203700,-0.01767873764038086,0.0016363533213734627,1
1789134928203700,-0.01767873764038086,0.0016363533213734627,1
1789134928203700,-0.01767873764038086,0.0016363533213734627,1
1789134928203700,-0.01767873764038086,0.0016363533213734627,1
1789134928239700,-0.03515803813934326,0.0015896932454779744,1
1789134928251700,-0.008560538291931152,0.001600328367203474,1
1789134928263700,-0.001422286033630371,0.0015616340097039938,1
1789134928263700,-0.001422286033630371,0.0015616340097039938,1
1789134928263700,-0.001422286033630371,0.0015616340097039938,1
1789134928263700,-0.001422286033630371,0.0015616340097039938,1
1789134928263700,-0.001422286033630371,0.0015616340097039938,1
1789134928311700,-0.02695024013519287,0.0015512127429246902,1
1789134928323700,0.013339400291442871,0.0014735267031937838,1
1789134928323700,0.013339400291442871,0.0014735267031937838,1
1789134928335700,0.013890504837036133,0.0013906005769968033,1
1789134928335700,0.013890504837036133,0.0013906005769968033,1
1789134928335700,0.013890504837036133,0.0013906005769968033,1
1789134928371700,-0.030550599098205566,0.0011709581594914198,1
1789134928383700,-0.03588712215423584,0.0011590162757784128,1
1789134928383700,-0.03588712215423584,0.0011590162757784128,1
1789134928383700,-0.03588712215423584,0.0011590162757784128,1
1789134928383700,-0.03588712215423584,0.0011590162757784128,1
1789134928383700,-0.03588712215423584,0.0011590162757784128,1
1789134928431700,-0.015848755836486816,0.0010468799155205488,1
1789134928443700,-0.022195935249328613,0.0009271291783079505,1
1789134928443700,-0.022195935249328613,0.0009271291783079505,1
1789134928443700,-0.022195935249328613,0.0009271291783079505,1
1789134928467700,-0.012885808944702148,0.0007465488160960376,1
1789134928467700,-0.012885808944702148,0.0007465488160960376,1
1789134928491700,-0.005086541175842285,0.0004782748583238572,1
1789134928503700,0.016796350479125977,0.0003857735136989504,1
1789134928503700,0.016796350479125977,0.0003857735136989504,1
1789134928503700,0.016796350479125977,0.0003857735136989504,1
1789134928503700,0.016796350479125977,0.0003857735136989504,1
1789134928503700,0.016796350479125977,0.0003857735136989504,1
1789134928551700,-0.03919351100921631,1.1507714589242823e-05,1
1789134928563700,-0.054488420486450195,3.2664891477907076e-05,1
1789134928563700,-0.054488420486450195,3.2664891477907076e-05,1
1789134928563700,-0.054488420486450195,3.2664891477907076e-05,1
1789134928563700,-0.054488420486450195,3.2664891477907076e-05,1
1789134928599700,0.030296683311462402,-0.00017943450075108558,1
1789134928611700,0.055127501487731934,-0.0004951948067173362,1
1789134928623700,0.03316807746887207,-0.0006693929899483919,1
1789134928623700,0.03316807746887207,-0.0006693929899483919,1
1789134928623700,0.03316807746887207,-0.0006693929899483919,1
1789134928623700,0.03316807746887207,-0.0006693929899483919,1
1789134928623700,0.03316807746887207,-0.0006693929899483919,1
1789134928671700,0.024063467979431152,-0.0014953805366531014,1
1789134928683700,-0.023374199867248535,-0.0016408130759373307,1
1789134928683700,-0.023374199867248535,-0.0016408130759373307,1
1789134928683700,-0.023374199867248535,-0.0016408130759373307,1
1789134928683700,-0.023374199867248535,-0.0016408130759373307,1
1789134928683700,-0.023374199867248535,-0.0016408130759373307,1
1789134928731700,0.021795988082885742,-0.0021255656611174345,1
1789134928743700,0.017996788024902344,-0.002261251211166382,1
1789134928743700,0.017996788024902344,-0.002261251211166382,1
1789134928743700,0.017996788024902344,-0.002261251211166382,1
1789134928767700,0.011552095413208008,-0.002665748121216893,1
1789134928767700,0.011552095413208008,-0.002665748121216893,1
1789134928791700,-0.016651034355163574,-0.002951584989205003,1
1789134928803700,-0.010996103286743164,-0.003110608085989952,1
1789134928803700,-0.010996103286743164,-0.003110608085989952,1
1789134928803861,-0.010996103286743164,-0.003110608085989952,1
1789134928803861,-0.010996103286743164,-0.003110608085989952,1
1789134928803861,-0.010996103286743164,-0.003110608085989952,1
1789134928851861,0.060272812843322754,-0.003750376868993044,1
1789134928863861,0.05194532871246338,-0.003926262259483337,1
1789134928863861,0.05194532871246338,-0.003926262259483337,1
1789134928863861,0.05194532871246338,-0.003926262259483337,1
1789134928863861,0.05194532871246338,-0.003926262259483337,1
1789134928899861,0.04213893413543701,-0.004814412444829941,1
1789134928911861,0.024502873420715332,-0.004940267652273178,1
1789134928923861,0.016701340675354004,-0.00515854824334383,1
1789134928923861,0.016701340675354004,-0.00515854824334383,1
1789134928923861,0.016701340675354004,-0.00515854824334383,1
1789134928923861,0.016701340675354004,-0.00515854824334383,1
1789134928923861,0.016701340675354004,-0.00515854824334383,1
1789134928971861,-0.03454303741455078,-0.005241726990789175,1
1789134928983861,-0.03784835338592529,-0.005252470262348652,1
1789134928983861,-0.03784835338592529,-0.005252470262348652,1
1789134928995861,0.004363894462585449,-0.005375963170081377,1
1789134928995861,0.004363894462585449,-0.005375963170081377,1
1789134928995861,0.004363894462585449,-0.005375963170081377,1
1789134929031861,0.03698837757110596,-0.005575200077146292,1
1789134929043861,-0.0010319948196411133,-0.005684287752956152,1
1789134929043861,-0.0010319948196411133,-0.005684287752956152,1
1789134929043861,-0.0010319948196411133,-0.005684287752956152,1
1789134929043861,-0.0010319948196411133,-0.005684287752956152,1
1789134929043861,-0.0010319948196411133,-0.005684287752956152,1
1789134929091861,-0.050362229347229004,-0.005392061546444893,1
1789134929103861,-0.04746747016906738,-0.005360147915780544,1
1789134929103861,-0.04746747016906738,-0.005360147915780544,1
1789134929103861,-0.04746747016906738,-0.005360147915780544,1
1789134929127861,-0.05283772945404053,-0.005311381071805954,1
1789134929127861,-0.05283772945404053,-0.005311381071805954,1
1789134929151861,-0.04193413257598877,-0.005211599171161652,1
1789134929163861,-0.02662360668182373,-0.005214366130530834,1
1789134929163861,-0.02662360668182373,-0.005214366130530834,1
1789134929163861,-0.02662360668182373,-0.005214366130530834,1
1789134929163861,-0.02662360668182373,-0.005214366130530834,1
1789134929163861,-0.02662360668182373,-0.005214366130530834,1
1789134929211861,-0.036989450454711914,-0.005249182693660259,1
1789134929223861,-0.051795363426208496,-0.005231453105807304,1
1789134929223861,-0.051795363426208496,-0.005231453105807304,1
1789134929223861,-0.051795363426208496,-0.005231453105807304,1
1789134929223861,-0.051795363426208496,-0.005231453105807304,1
1789134929259861,-0.020724773406982422,-0.005122560076415539,1
1789134929271861,-0.02933502197265625,-0.005150569602847099,1
1789134929283861,-0.014470219612121582,-0.0051809633150696754,1
1789134929283861,-0.014470219612121582,-0.0051809633150696754,1
1789134929283861,-0.014470219612121582,-0.0051809633150696754,1
1789134929283861,-0.014470219612121582,-0.0051809633150696754,1
1789134929283861,-0.014470219612121582,-0.0051809633150696754,1
1789134929331861,-0.014850974082946777,-0.0055446201004087925,1
1789134929343861,-0.028517842292785645,-0.005583868827670813,1
1789134929343861,-0.028517842292785645,-0.005583868827670813,1
1789134929343861,-0.028517842292785645,-0.005583868827670813,1
1789134929343861,-0.028517842292785645,-0.005583868827670813,1
1789134929343861,-0.028517842292785645,-0.005583868827670813,1
1789134929391861,-0.011125564575195312,-0.005729547701776028,1
1789134929403861,-0.028708577156066895,-0.005844333674758673,1
1789134929403861,-0.028708577156066895,-0.005844333674758673,1
1789134929403861,-0.028708577156066895,-0.005844333674758673,1
1789134929427861,0.006843447685241699,-0.0060461340472102165,1
1789134929427861,0.006843447685241699,-0.0060461340472102165,1
1789134929451861,-0.023760318756103516,-0.006327994633466005,1
1789134929463861,0.0008372068405151367,-0.006398452445864677,1
1789134929463861,0.0008372068405151367,-0.006398452445864677,1
1789134929463861,0.0008372068405151367,-0.006398452445864677,1
1789134929463861,0.0008372068405151367,-0.006398452445864677,1
1789134929463861,0.0008372068405151367,-0.006398452445864677,1
1789134929511861,-0.04763317108154297,-0.006711112800985575,1
1789134929523861,-0.03287231922149658,-0.006750680040568113,1
1789134929523861,-0.03287231922149658,-0.006750680040568113,1
1789134929523861,-0.03287231922149658,-0.006750680040568113,1
1789134929523861,-0.03287231922149658,-0.006750680040568113,1
1789134929559861,-0.06998491287231445,-0.00671067601069808,1
1789134929571861,-0.07083547115325928,-0.006687777116894722,1
1789134929583861,-0.035437583923339844,-0.006695730611681938,1
1789134929583861,-0.035437583923339844,-0.006695730611681938,1
1789134929583861,-0.035437583923339844,-0.006695730611681938,1
1789134929583861,-0.035437583923339844,-0.006695730611681938,1
1789134929583861,-0.035437583923339844,-0.006695730611681938,1
1789134929631861,-0.015398502349853516,-0.007053249515593052,1
1789134929643861,-0.010850071907043457,-0.007238182704895735,1
1789134929643861,-0.010850071907043457,-0.007238182704895735,1
1789134929655861,-0.025179505348205566,-0.007295966148376465,1
1789134929655861,-0.025179505348205566,-0.007295966148376465,1
1789134929655861,-0.025179505348205566,-0.007295966148376465,1
1789134929691861,-0.10307097434997559,-0.007280607707798481,1
1789134929703861,-0.07191312313079834,-0.007267510052770376,1
1789134929703861,-0.07191312313079834,-0.007267510052770376,1
1789134929703861,-0.07191312313079834,-0.007267510052770376,1
1789134929703861,-0.07191312313079834,-0.007267510052770376,1
1789134929703861,-0.07191312313079834,-0.007267510052770376,1
1789134929751861,-0.038947105407714844,-0.007511989679187536,1
1789134929763861,-0.042518019676208496,-0.007681088522076607,1
1789134929763861,-0.042518019676208496,-0.007681088522076607,1
1789134929763861,-0.042518019676208496,-0.007681088522076607,1
1789134929787861,-0.03676164150238037,-0.007907300256192684,1
1789134929787861,-0.03676164150238037,-0.007907300256192684,1
1789134929811861,-0.02044832706451416,-0.008243527263402939,1
1789134929823861,0.0016794204711914062,-0.008375491015613079,1
1789134929824022,0.0016794204711914062,-0.008375491015613079,1
1789134929824022,0.0016794204711914062,-0.008375491015613079,1
1789134929824022,0.0016794204711914062,-0.008375491015613079,1
1789134929824022,0.0016794204711914062,-0.008375491015613079,1
1789134929872022,0.003981232643127441,-0.009441908448934555,1
1789134929884022,-0.07902204990386963,-0.009741323068737984,1
1789134929884022,-0.07902204990386963,-0.009741323068737984,1
1789134929884022,-0.07902204990386963,-0.009741323068737984,1
1789134929884022,-0.07902204990386963,-0.009741323068737984,1
1789134929920022,0.018288373947143555,-0.010225151665508747,1
1789134929932022,0.05607116222381592,-0.010694586671888828,1
1789134929944022,0.03388547897338867,-0.0109559902921319,1
1789134929944022,0.03388547897338867,-0.0109559902921319,1
1789134929944022,0.03388547897338867,-0.0109559902921319,1
1789134929944022,0.03388547897338867,-0.0109559902921319,1
1789134929944022,0.03388547897338867,-0.0109559902921319,1
1789134929992022,0.03886401653289795,-0.012480742298066616,1
1789134930004022,0.037122130393981934,-0.012992233969271183,1
1789134930004022,0.037122130393981934,-0.012992233969271183,1
1789134930004022,0.037122130393981934,-0.012992233969271183,1
1789134930004022,0.037122130393981934,-0.012992233969271183,1
1789134930004022,0.037122130393981934,-0.012992233969271183,1
1789134930052022,-0.07073748111724854,-0.013763981871306896,1
1789134930064022,-0.06099557876586914,-0.013846470974385738,1
1789134930064022,-0.06099557876586914,-0.013846470974385738,1
1789134930064022,-0.06099557876586914,-0.013846470974385738,1
1789134930088022,-0.045336365699768066,-0.014127079397439957,1
1789134930088022,-0.045336365699768066,-0.014127079397439957,1
1789134930112022,-0.04546940326690674,-0.014473697170615196,1
1789134930124022,-0.05627167224884033,-0.014698921702802181,1
1789134930124022,-0.05627167224884033,-0.014698921702802181,1
1789134930124022,-0.05627167224884033,-0.014698921702802181,1
1789134930124022,-0.05627167224884033,-0.014698921702802181,1
1789134930124022,-0.05627167224884033,-0.014698921702802181,1
1789134930172022,0.013829231262207031,-0.015519709326326847,1
1789134930184022,0.004380464553833008,-0.015703478828072548,1
1789134930184022,0.004380464553833008,-0.015703478828072548,1
1789134930184022,0.004380464553833008,-0.015703478828072548,1
1789134930184022,0.004380464553833008,-0.015703478828072548,1
1789134930220022,-0.061482906341552734,-0.016360444948077202,1
1789134930232022,-0.06381058692932129,-0.016474291682243347,1
1789134930244022,-0.04834091663360596,-0.016691528260707855,1
1789134930244022,-0.04834091663360596,-0.016691528260707855,1
1789134930244022,-0.04834091663360596,-0.016691528260707855,1
1789134930244022,-0.04834091663360596,-0.016691528260707855,1
1789134930244022,-0.04834091663360596,-0.016691528260707855,1
1789134930292022,0.04294121265411377,-0.01804177276790142,1
1789134930304022,0.019748926162719727,-0.018302062526345253,1
1789134930304022,0.019748926162719727,-0.018302062526345253,1
1789134930316022,0.03925752639770508,-0.018812570720911026,1
1789134930316022,0.03925752639770508,-0.018812570720911026,1
1789134930316022,0.03925752639770508,-0.018812570720911026,1
1789134930352022,0.019410252571105957,-0.019791698083281517,1
1789134930364022,-0.014810919761657715,-0.0202471986413002,1
1789134930364022,-0.014810919761657715,-0.0202471986413002,1
1789134930364022,-0.014810919761657715,-0.0202471986413002,1
1789134930364022,-0.014810919761657715,-0.0202471986413002,1
1789134930364022,-0.014810919761657715,-0.0202471986413002,1
1789134930412022,0.12560415267944336,-0.022243784740567207,1
1789134930424022,0.10571527481079102,-0.022639743983745575,1
1789134930424022,0.10571527481079102,-0.022639743983745575,1
1789134930424022,0.10571527481079102,-0.022639743983745575,1
1789134930448022,0.1092076301574707,-0.023792793974280357,1
1789134930448022,0.1092076301574707,-0.023792793974280357,1
1789134930472022,0.08775079250335693,-0.02491644397377968,1
1789134930484022,0.0917658805847168,-0.02559511736035347,1
1789134930484022,0.0917658805847168,-0.02559511736035347,1
1789134930484022,0.0917658805847168,-0.02559511736035347,1
1789134930484022,0.0917658805847168,-0.02559511736035347,1
1789134930484022,0.0917658805847168,-0.02559511736035347,1
1789134930532022,0.0358508825302124,-0.027450494468212128,1
1789134930544022,0.03971827030181885,-0.027691198512911797,1
1789134930544022,0.03971827030181885,-0.027691198512911797,1
1789134930544022,0.03971827030181885,-0.027691198512911797,1
1789134930544022,0.03971827030181885,-0.027691198512911797,1
1789134930580022,-0.02094733715057373,-0.02844412997364998,1
1789134930592022,-0.021207332611083984,-0.02852972038090229,1
1789134930604022,0.019845128059387207,-0.02872936986386776,1
1789134930604022,0.019845128059387207,-0.02872936986386776,1
1789134930604022,0.019845128059387207,-0.02872936986386776,1
1789134930604022,0.019845128059387207,-0.02872936986386776,1
1789134930604022,0.019845128059387207,-0.02872936986386776,1
1789134930652022,-0.01943659782409668,-0.02933802641928196,1
1789134930664022,-0.028780579566955566,-0.029376398772001266,1
1789134930664022,-0.028780579566955566,-0.029376398772001266,1
1789134930664022,-0.028780579566955566,-0.029376398772001266,1
1789134930664022,-0.028780579566955566,-0.029376398772001266,1
1789134930664022,-0.028780579566955566,-0.029376398772001266,1
1789134930712022,0.03502702713012695,-0.02978350780904293,1
1789134930724022,0.04682159423828125,-0.03004729375243187,1
1789134930724022,0.04682159423828125,-0.03004729375243187,1
1789134930724022,0.04682159423828125,-0.03004729375243187,1
1789134930748022,-0.022771716117858887,-0.030381111428141594,1
1789134930748022,-0.022771716117858887,-0.030381111428141594,1
1789134930772022,-0.0028105974197387695,-0.030410652980208397,1
1789134930784022,-0.004227757453918457,-0.030472295358777046,1
1789134930784022,-0.004227757453918457,-0.030472295358777046,1
1789134930784022,-0.004227757453918457,-0.030472295358777046,1
1789134930784022,-0.004227757453918457,-0.030472295358777046,1
1789134930784022,-0.004227757453918457,-0.030472295358777046,1
1789134930832183,0.0007568597793579102,-0.030801283195614815,1
1789134930844183,-0.006760954856872559,-0.03091663122177124,1
1789134930844183,-0.006760954856872559,-0.03091663122177124,1
1789134930844183,-0.006760954856872559,-0.03091663122177124,1
1789134930868183,0.03517961502075195,-0.031158989295363426,1
1789134930880183,0.034963250160217285,-0.0312676727771759,1
1789134930892183,-0.02219700813293457,-0.031382616609334946,1
1789134930904183,-0.014119386672973633,-0.03140512481331825,1
1789134930904183,-0.014119386672973633,-0.03140512481331825,1
1789134930904183,-0.014119386672973633,-0.03140512481331825,1
1789134930904183,-0.014119386672973633,-0.03140512481331825,1
1789134930904183,-0.014119386672973633,-0.03140512481331825,1
1789134930952183,-0.08470118045806885,-0.03114527277648449,1
1789134930964183,-0.05946922302246094,-0.030996272340416908,1
1789134930964183,-0.05946922302246094,-0.030996272340416908,1
1789134930976183,-0.05943441390991211,-0.030941864475607872,1
1789134930976183,-0.05943441390991211,-0.030941864475607872,1
1789134930976183,-0.05943441390991211,-0.030941864475607872,1
1789134931012183,-0.07778275012969971,-0.03075515292584896,1
1789134931024183,-0.06498587131500244,-0.03067680075764656,1
1789134931024183,-0.06498587131500244,-0.03067680075764656,1
1789134931024183,-0.06498587131500244,-0.03067680075764656,1
1789134931024183,-0.06498587131500244,-0.03067680075764656,1
1789134931060183,-0.04564845561981201,-0.03015451692044735,1
1789134931072183,-0.05532348155975342,-0.030112717300653458,1
1789134931084183,-0.04062199592590332,-0.030064890161156654,1
1789134931084183,-0.04062199592590332,-0.030064890161156654,1
1789134931084183,-0.04062199592590332,-0.030064890161156654,1
1789134931108183,-0.0652170181274414,-0.029967069625854492,1
1789134931108183,-0.0652170181274414,-0.029967069625854492,1
1789134931132183,-0.010688543319702148,-0.030078444629907608,1
1789134931144183,0.0018687248229980469,-0.030144620686769485,1
1789134931144183,0.0018687248229980469,-0.030144620686769485,1
1789134931144183,0.0018687248229980469,-0.030144620686769485,1
1789134931144183,0.0018687248229980469,-0.030144620686769485,1
1789134931144183,0.0018687248229980469,-0.030144620686769485,1
1789134931192183,-0.05630350112915039,-0.03047097474336624,1
1789134931204183,-0.06753277778625488,-0.030430296435952187,1
1789134931204183,-0.06753277778625488,-0.030430296435952187,1
1789134931204183,-0.06753277778625488,-0.030430296435952187,1
1789134931204183,-0.06753277778625488,-0.030430296435952187,1
1789134931240183,-0.011872649192810059,-0.030485987663269043,1
1789134931252183,0.009370565414428711,-0.030644411221146584,1
1789134931264183,-0.012921929359436035,-0.030743859708309174,1
1789134931264183,-0.012921929359436035,-0.030743859708309174,1
1789134931264183,-0.012921929359436035,-0.030743859708309174,1
1789134931264183,-0.012921929359436035,-0.030743859708309174,1
1789134931264183,-0.012921929359436035,-0.030743859708309174,1
1789134931312183,-0.011925339698791504,-0.03132219240069389,1
1789134931324183,-0.004712820053100586,-0.03145870193839073,1
1789134931324183,-0.004712820053100586,-0.03145870193839073,1
1789134931324183,-0.004712820053100586,-0.03145870193839073,1
1789134931324183,-0.004712820053100586,-0.03145870193839073,1
1789134931324183,-0.004712820053100586,-0.03145870193839073,1
1789134931372183,0.04724001884460449,-0.03224065154790878,1
1789134931384183,0.055666208267211914,-0.03242059797048569,1
1789134931384183,0.055666208267211914,-0.03242059797048569,1
1789134931384183,0.055666208267211914,-0.03242059797048569,1
1789134931408183,0.05538201332092285,-0.032899875193834305,1
1789134931408183,0.05538201332092285,-0.032899875193834305,1
1789134931432183,0.013204455375671387,-0.033313073217868805,1
1789134931444183,0.001610875129699707,-0.033494845032691956,1
1789134931444183,0.001610875129699707,-0.033494845032691956,1
1789134931444183,0.001610875129699707,-0.033494845032691956,1
1789134931444183,0.001610875129699707,-0.033494845032691956,1
1789134931444183,0.001610875129699707,-0.033494845032691956,1
1789134931492183,0.10366404056549072,-0.03432098776102066,1
1789134931504183,0.08348643779754639,-0.03450784832239151,1
1789134931504183,0.08348643779754639,-0.03450784832239151,1
1789134931504183,0.08348643779754639,-0.03450784832239151,1
1789134931504183,0.08348643779754639,-0.03450784832239151,1
1789134931540183,-0.006824016571044922,-0.034981898963451385,1
1789134931552183,-0.025385022163391113,-0.0349896214902401,1
1789134931564183,-0.008229494094848633,-0.03495829552412033,1
1789134931564183,-0.008229494094848633,-0.03495829552412033,1
1789134931564183,-0.008229494094848633,-0.03495829552412033,1
1789134931564183,-0.008229494094848633,-0.03495829552412033,1
1789134931564183,-0.008229494094848633,-0.03495829552412033,1
1789134931612183,-0.002069830894470215,-0.034963417798280716,1
1789134931624183,0.025615334510803223,-0.034978367388248444,1
1789134931624183,0.025615334510803223,-0.034978367388248444,1
1789134931636183,0.027660012245178223,-0.035043735057115555,1
1789134931636183,0.027660012245178223,-0.035043735057115555,1
1789134931636183,0.027660012245178223,-0.035043735057115555,1
1789134931672183,-0.019004106521606445,-0.035017140209674835,1
1789134931684183,-0.03860652446746826,-0.034854378551244736,1
1789134931684183,-0.03860652446746826,-0.034854378551244736,1
1789134931684183,-0.03860652446746826,-0.034854378551244736,1
1789134931684183,-0.03860652446746826,-0.034854378551244736,1
1789134931684183,-0.03860652446746826,-0.034854378551244736,1
1789134931732183,0.0698314905166626,-0.034852657467126846,1
1789134931744183,0.0811007022857666,-0.03492341563105583,1
1789134931744183,0.0811007022857666,-0.03492341563105583,1
1789134931744183,0.0811007022857666,-0.03492341563105583,1
1789134931768183,0.05231630802154541,-0.03513546660542488,1
1789134931768183,0.05231630802154541,-0.03513546660542488,1
1789134931792183,0.005196571350097656,-0.03501524403691292,1
1789134931804183,0.025230050086975098,-0.03497333079576492,1
1789134931804183,0.025230050086975098,-0.03497333079576492,1
1789134931804183,0.025230050086975098,-0.03497333079576492,1
1789134931804183,0.025230050086975098,-0.03497333079576492,1
1789134931804344,0.025230050086975098,-0.03497333079576492,1
1789134931852344,0.029976606369018555,-0.035001304000616074,1
1789134931864344,0.01672232151031494,-0.03496571630239487,1
1789134931864344,0.01672232151031494,-0.03496571630239487,1
1789134931864344,0.01672232151031494,-0.03496571630239487,1
1789134931864344,0.01672232151031494,-0.03496571630239487,1
1789134931900344,-0.024008631706237793,-0.034350138157606125,1
1789134931912344,-0.020612001419067383,-0.034180644899606705,1
1789134931924344,0.021852731704711914,-0.0339336171746254,1
1789134931924344,0.021852731704711914,-0.0339336171746254,1
1789134931924344,0.021852731704711914,-0.0339336171746254,1
1789134931924344,0.021852731704711914,-0.0339336171746254,1
1789134931924344,0.021852731704711914,-0.0339336171746254,1
1789134931972344,-0.008448362350463867,-0.033307336270809174,1
1789134931984344,-0.006044983863830566,-0.0331374928355217,1
1789134931984344,-0.006044983863830566,-0.0331374928355217,1
1789134931984344,-0.006044983863830566,-0.0331374928355217,1
1789134931984344,-0.006044983863830566,-0.0331374928355217,1
1789134931984344,-0.006044983863830566,-0.0331374928355217,1
1789134932032344,-0.04059183597564697,-0.031835928559303284,1
1789134932044344,-0.010193705558776855,-0.03138882666826248,1
1789134932044344,-0.010193705558776855,-0.03138882666826248,1
1789134932044344,-0.010193705558776855,-0.03138882666826248,1
1789134932068344,-0.00817251205444336,-0.030869171023368835,1
1789134932068344,-0.00817251205444336,-0.030869171023368835,1
1789134932092344,-0.049138426780700684,-0.030191656202077866,1
1789134932104344,-0.0818946361541748,-0.029907288029789925,1
1789134932104344,-0.0818946361541748,-0.029907288029789925,1
1789134932104344,-0.0818946361541748,-0.029907288029789925,1
1789134932104344,-0.0818946361541748,-0.029907288029789925,1
1789134932104344,-0.0818946361541748,-0.029907288029789925,1
1789134932152344,-0.03289794921875,-0.02825884521007538,1
1789134932164344,-0.004553079605102539,-0.02778889425098896,1
1789134932164344,-0.004553079605102539,-0.02778889425098896,1
1789134932164344,-0.004553079605102539,-0.02778889425098896,1
1789134932164344,-0.004553079605102539,-0.02778889425098896,1
1789134932200344,-0.09890305995941162,-0.026804186403751373,1
1789134932212344,-0.0963292121887207,-0.026085318997502327,1
1789134932224344,-0.0608440637588501,-0.02578575350344181,1
1789134932224344,-0.0608440637588501,-0.02578575350344181,1
1789134932224344,-0.0608440637588501,-0.02578575350344181,1
1789134932224344,-0.0608440637588501,-0.02578575350344181,1
1789134932224344,-0.0608440637588501,-0.02578575350344181,1
1789134932272344,-0.0750739574432373,-0.02435138076543808,1
1789134932284344,-0.06717526912689209,-0.02376045472919941,1
1789134932284344,-0.06717526912689209,-0.02376045472919941,1
1789134932296344,-0.05895888805389404,-0.023486560210585594,1
1789134932296344,-0.05895888805389404,-0.023486560210585594,1
1789134932296344,-0.05895888805389404,-0.023486560210585594,1
1789134932332344,-0.019872426986694336,-0.022390270605683327,1
1789134932344344,0.018649935722351074,-0.02222798764705658,1
1789134932344344,0.018649935722351074,-0.02222798764705658,1
1789134932344344,0.018649935722351074,-0.02222798764705658,1
1789134932344344,0.018649935722351074,-0.02222798764705658,1
1789134932344344,0.018649935722351074,-0.02222798764705658,1
1789134932392344,-0.05069553852081299,-0.021262336522340775,1
1789134932404344,-0.09033632278442383,-0.020757030695676804,1
1789134932404344,-0.09033632278442383,-0.020757030695676804,1
1789134932404344,-0.09033632278442383,-0.020757030695676804,1
1789134932428344,-0.060164451599121094,-0.019944170489907265,1
1789134932428344,-0.060164451599121094,-0.019944170489907265,1
1789134932452344,-0.005725264549255371,-0.019319260492920876,1
1789134932464344,-0.01612067222595215,-0.01916569657623768,1
1789134932464344,-0.01612067222595215,-0.01916569657623768,1
1789134932464344,-0.01612067222595215,-0.01916569657623768,1
1789134932464344,-0.01612067222595215,-0.01916569657623768,1
1789134932464344,-0.01612067222595215,-0.01916569657623768,1
1789134932512344,-0.07719647884368896,-0.01793903112411499,1
1789134932524344,-0.08425366878509521,-0.017407631501555443,1
1789134932524344,-0.08425366878509521,-0.017407631501555443,1
1789134932524344,-0.08425366878509521,-0.017407631501555443,1
1789134932524344,-0.08425366878509521,-0.017407631501555443,1
1789134932560344,-0.08669626712799072,-0.016176052391529083,1
1789134932572344,-0.0447688102722168,-0.015642037615180016,1
1789134932584344,-0.020471811294555664,-0.015449536964297295,1
1789134932584344,-0.020471811294555664,-0.015449536964297295,1
1789134932584344,-0.020471811294555664,-0.015449536964297295,1
1789134932584344,-0.020471811294555664,-0.015449536964297295,1
1789134932584344,-0.020471811294555664,-0.015449536964297295,1
1789134932632344,-0.048798441886901855,-0.014342564158141613,1
1789134932644344,-0.07939684391021729,-0.013858411461114883,1
1789134932644344,-0.07939684391021729,-0.013858411461114883,1
1789134932644344,-0.07939684391021729,-0.013858411461114883,1
1789134932644344,-0.07939684391021729,-0.013858411461114883,1
1789134932644344,-0.07939684391021729,-0.013858411461114883,1
1789134932692344,-0.009400725364685059,-0.012696017511188984,1
1789134932704344,0.013680219650268555,-0.01259198784828186,1
1789134932704344,0.013680219650268555,-0.01259198784828186,1
1789134932704344,0.013680219650268555,-0.01259198784828186,1
1789134932728344,-0.009357929229736328,-0.012291308492422104,1
1789134932728344,-0.009357929229736328,-0.012291308492422104,1
1789134932752344,-0.010357975959777832,-0.01186121255159378,1
1789134932764344,-0.02886176109313965,-0.011608299799263477,1
1789134932764344,-0.02886176109313965,-0.011608299799263477,1
1789134932764344,-0.02886176109313965,-0.011608299799263477,1
1789134932764344,-0.02886176109313965,-0.011608299799263477,1
1789134932764344,-0.02886176109313965,-0.011608299799263477,1
1789134932812344,0.08657288551330566,-0.011417649686336517,1
1789134932824344,0.07334029674530029,-0.011452971026301384,1
1789134932824344,0.07334029674530029,-0.011452971026301384,1
1789134932824504,0.07334029674530029,-0.011452971026301384,1
1789134932824504,0.07334029674530029,-0.011452971026301384,1
1789134932860504,-0.0027805566787719727,-0.011358958669006824,1
1789134932872504,-0.02337169647216797,-0.011249978095293045,1
1789134932884504,-0.054808855056762695,-0.01094785239547491,1
1789134932884504,-0.054808855056762695,-0.01094785239547491,1
1789134932884504,-0.054808855056762695,-0.01094785239547491,1
1789134932884504,-0.054808855056762695,-0.01094785239547491,1
1789134932884504,-0.054808855056762695,-0.01094785239547491,1
1789134932932504,-0.04707324504852295,-0.009708805941045284,1
1789134932944504,-0.04640984535217285,-0.009542497806251049,1
1789134932944504,-0.04640984535217285,-0.009542497806251049,1
1789134932956504,-0.023513197898864746,-0.009265062399208546,1
1789134932956504,-0.023513197898864746,-0.009265062399208546,1
1789134932956504,-0.023513197898864746,-0.009265062399208546,1
1789134932992504,-0.04856216907501221,-0.008645184338092804,1
1789134933004504,-0.06273293495178223,-0.008204391226172447,1
1789134933004504,-0.06273293495178223,-0.008204391226172447,1
1789134933004504,-0.06273293495178223,-0.008204391226172447,1
1789134933004504,-0.06273293495178223,-0.008204391226172447,1
1789134933004504,-0.06273293495178223,-0.008204391226172447,1
1789134933052504,0.023845195770263672,-0.00736406771466136,1
1789134933064504,0.021108150482177734,-0.0072902292013168335,1
1789134933064504,0.021108150482177734,-0.0072902292013168335,1
1789134933064504,0.021108150482177734,-0.0072902292013168335,1
1789134933088504,-0.033856987953186035,-0.006933025550097227,1
1789134933088504,-0.033856987953186035,-0.006933025550097227,1
1789134933112504,-0.05748343467712402,-0.006352092605084181,1
1789134933124504,-0.07897937297821045,-0.0059319124557077885,1
1789134933124504,-0.07897937297821045,-0.0059319124557077885,1
1789134933124504,-0.07897937297821045,-0.0059319124557077885,1
1789134933124504,-0.07897937297821045,-0.0059319124557077885,1
1789134933124504,-0.07897937297821045,-0.0059319124557077885,1
1789134933172504,0.03888988494873047,-0.00523829972371459,1
1789134933184504,0.03802156448364258,-0.005208482034504414,1
1789134933184504,0.03802156448364258,-0.005208482034504414,1
1789134933184504,0.03802156448364258,-0.005208482034504414,1
1789134933184504,0.03802156448364258,-0.005208482034504414,1
1789134933220504,-0.057590603828430176,-0.004726024344563484,1
1789134933232504,-0.081337571144104,-0.004544358234852552,1
1789134933244504,-0.11267459392547607,-0.004085718188434839,1
1789134933244504,-0.11267459392547607,-0.004085718188434839,1
1789134933244504,-0.11267459392547607,-0.004085718188434839,1
1789134933244504,-0.11267459392547607,-0.004085718188434839,1
1789134933244504,-0.11267459392547607,-0.004085718188434839,1
1789134933292504,0.05350971221923828,-0.004044813569635153,1
1789134933304504,0.03750967979431152,-0.004068627953529358,1
1789134933304504,0.03750967979431152,-0.004068627953529358,1
1789134933304504,0.03750967979431152,-0.004068627953529358,1
1789134933304504,0.03750967979431152,-0.004068627953529358,1
1789134933304504,0.03750967979431152,-0.004068627953529358,1
1789134933352504,-0.07300901412963867,-0.0033623729832470417,1
1789134933364504,-0.04744267463684082,-0.0029866814147681,1
1789134933364504,-0.04744267463684082,-0.0029866814147681,1
1789134933364504,-0.04744267463684082,-0.0029866814147681,1
1789134933388504,-0.014609336853027344,-0.0026135649532079697,1
1789134933388504,-0.014609336853027344,-0.0026135649532079697,1
1789134933412504,0.015692710876464844,-0.002502337796613574,1
1789134933424504,0.043447017669677734,-0.002496733097359538,1
1789134933424504,0.043447017669677734,-0.002496733097359538,1
1789134933424504,0.043447017669677734,-0.002496733097359538,1
1789134933424504,0.043447017669677734,-0.002496733097359538,1
1789134933424504,0.043447017669677734,-0.002496733097359538,1
1789134933472504,-0.11170542240142822,-0.0017838554922491312,1
1789134933484504,-0.07312595844268799,-0.0013553962344303727,1
1789134933484504,-0.07312595844268799,-0.0013553962344303727,1
1789134933484504,-0.07312595844268799,-0.0013553962344303727,1
1789134933484504,-0.07312595844268799,-0.0013553962344303727,1
1789134933520504,-0.03291952610015869,-0.0008917620871216059,1
1789134933532504,-0.04600989818572998,-0.00063929776661098,1
1789134933544504,-0.04138648509979248,-0.000511805759742856,1
1789134933544504,-0.04138648509979248,-0.000511805759742856,1
1789134933544504,-0.04138648509979248,-0.000511805759742856,1
1789134933544504,-0.04138648509979248,-0.000511805759742856,1
1789134933544504,-0.04138648509979248,-0.000511805759742856,1
1789134933592504,-0.05952024459838867,0.0005437035579234362,1
1789134933604504,-0.03302931785583496,0.0008099597762338817,1
1789134933604504,-0.03302931785583496,0.0008099597762338817,1
1789134933616504,-0.03068077564239502,0.0009267051354981959,1
1789134933616504,-0.03068077564239502,0.0009267051354981959,1
1789134933616504,-0.03068077564239502,0.0009267051354981959,1
1789134933652504,-0.05502307415008545,0.0014189104549586773,1
1789134933664504,-0.07517850399017334,0.001572659588418901,1
1789134933664504,-0.07517850399017334,0.001572659588418901,1
1789134933664504,-0.07517850399017334,0.001572659588418901,1
1789134933664504,-0.07517850399017334,0.001572659588418901,1
1789134933664504,-0.07517850399017334,0.001572659588418901,1
1789134933712504,-0.05375385284423828,0.0025420663878321648,1
1789134933724504,-0.026385068893432617,0.002738852286711335,1
1789134933724504,-0.026385068893432617,0.002738852286711335,1
1789134933724504,-0.026385068893432617,0.002738852286711335,1
1789134933748504,-0.013320326805114746,0.0028622951358556747,1
1789134933748504,-0.013320326805114746,0.0028622951358556747,1
1789134933772504,-0.037634849548339844,0.003065952332690358,1
1789134933784504,-0.045661330223083496,0.003155585378408432,1
1789134933784504,-0.045661330223083496,0.003155585378408432,1
1789134933784504,-0.045661330223083496,0.003155585378408432,1
1789134933784504,-0.045661330223083496,0.003155585378408432,1
1789134933784504,-0.045661330223083496,0.003155585378408432,1
1789134933832504,-0.02473604679107666,0.003609864506870508,1
1789134933844504,0.012676596641540527,0.0036313224118202925,1
1789134933844666,0.012676596641540527,0.0036313224118202925,1
1789134933844666,0.012676596641540527,0.0036313224118202925,1
1789134933868666,0.0074961185455322266,0.003587460145354271,1
1789134933880666,0.029596924781799316,0.003555932315066457,1
1789134933892666,0.031708717346191406,0.003439715364947915,1
1789134933904666,0.018216729164123535,0.0034006829373538494,1
1789134933904666,0.018216729164123535,0.0034006829373538494,1
1789134933904666,0.018216729164123535,0.0034006829373538494,1
1789134933904666,0.018216729164123535,0.0034006829373538494,1
1789134933904666,0.018216729164123535,0.0034006829373538494,1
1789134933952666,0.017362236976623535,0.003202904248610139,1
1789134933964666,0.011109709739685059,0.0031540016643702984,1
1789134933964666,0.011109709739685059,0.0031540016643702984,1
1789134933964666,0.011109709739685059,0.0031540016643702984,1
1789134933964666,0.011109709739685059,0.0031540016643702984,1
1789134933964666,0.011109709739685059,0.0031540016643702984,1
1789134934012666,-0.024296045303344727,0.003258824348449707,1
1789134934024666,-0.007497668266296387,0.00328472419641912,1
1789134934024666,-0.007497668266296387,0.00328472419641912,1
1789134934024666,-0.007497668266296387,0.00328472419641912,1
1789134934048666,0.0230330228805542,0.0032281309831887484,1
1789134934060666,0.06743204593658447,0.003104941686615348,1
1789134934072666,0.05413687229156494,0.003018183633685112,1
1789134934084666,-0.0026105642318725586,0.0029296413995325565,1
1789134934084666,-0.0026105642318725586,0.0029296413995325565,1
1789134934084666,-0.0026105642318725586,0.0029296413995325565,1
1789134934084666,-0.0026105642318725586,0.0029296413995325565,1
1789134934084666,-0.0026105642318725586,0.0029296413995325565,1
1789134934132666,0.04734349250793457,0.002767177764326334,1
1789134934144666,0.05566537380218506,0.0026845147367566824,1
1789134934144666,0.05566537380218506,0.0026845147367566824,1
1789134934144666,0.05566537380218506,0.0026845147367566824,1
1789134934144666,0.05566537380218506,0.0026845147367566824,1
1789134934180666,0.0035189390182495117,0.002388044260442257,1
1789134934192666,-0.009118914604187012,0.002398889046162367,1
1789134934204666,0.014950037002563477,0.002447863109409809,1
1789134934204666,0.014950037002563477,0.002447863109409809,1
1789134934204666,0.014950037002563477,0.002447863109409809,1
1789134934204666,0.014950037002563477,0.002447863109409809,1
1789134934204666,0.014950037002563477,0.002447863109409809,1
1789134934252666,0.06965470314025879,0.0021929629147052765,1
1789134934264666,0.09833061695098877,0.002099864650517702,1
1789134934264666,0.09833061695098877,0.002099864650517702,1
1789134934276666,0.09800636768341064,0.0018833806971088052,1
1789134934276666,0.09800636768341064,0.0018833806971088052,1
1789134934276666,0.09800636768341064,0.0018833806971088052,1
1789134934312666,0.04342031478881836,0.0016190970782190561,1
1789134934324666,0.026793956756591797,0.0016117759514600039,1
1789134934324666,0.026793956756591797,0.0016117759514600039,1
1789134934324666,0.026793956756591797,0.0016117759514600039,1
1789134934324666,0.026793956756591797,0.0016117759514600039,1
1789134934324666,0.026793956756591797,0.0016117759514600039,1
1789134934372666,0.06298506259918213,0.0015471131773665547,1
1789134934384666,0.057626962661743164,0.0015129705425351858,1
1789134934384666,0.057626962661743164,0.0015129705425351858,1
1789134934384666,0.057626962661743164,0.0015129705425351858,1
1789134934408666,0.033731698989868164,0.0014355869498103857,1
1789134934408666,0.033731698989868164,0.0014355869498103857,1
1789134934432666,0.03604328632354736,0.0015546319773420691,1
1789134934444666,0.05871224403381348,0.0015758868539705873,1
1789134934444666,0.05871224403381348,0.0015758868539705873,1
1789134934444666,0.05871224403381348,0.0015758868539705873,1
1789134934444666,0.05871224403381348,0.0015758868539705873,1
1789134934444666,0.05871224403381348,0.0015758868539705873,1
1789134934492666,0.017862915992736816,0.0019125815015286207,1
1789134934504666,0.02765214443206787,0.001974088605493307,1
1789134934504666,0.02765214443206787,0.001974088605493307,1
1789134934504666,0.02765214443206787,0.001974088605493307,1
1789134934504666,0.02765214443206787,0.001974088605493307,1
1789134934540666,0.012572646141052246,0.002324978820979595,1
1789134934552666,-0.014918327331542969,0.0024579260498285294,1
1789134934564666,-0.01141500473022461,0.002771766623482108,1
1789134934564666,-0.01141500473022461,0.002771766623482108,1
1789134934564666,-0.01141500473022461,0.002771766623482108,1
1789134934564666,-0.01141500473022461,0.002771766623482108,1
1789134934564666,-0.01141500473022461,0.002771766623482108,1
1789134934612666,-0.053583621978759766,0.004096279386430979,1
1789134934624666,-0.01971578598022461,0.00430363230407238,1
1789134934624666,-0.01971578598022461,0.00430363230407238,1
1789134934624666,-0.01971578598022461,0.00430363230407238,1
1789134934624666,-0.01971578598022461,0.00430363230407238,1
1789134934624666,-0.01971578598022461,0.00430363230407238,1
1789134934672666,-0.04531550407409668,0.005311774555593729,1
1789134934684666,-0.05734860897064209,0.005753822159022093,1
1789134934684666,-0.05734860897064209,0.005753822159022093,1
1789134934684666,-0.05734860897064209,0.005753822159022093,1
1789134934708666,-0.0061397552490234375,0.00630726246163249,1
1789134934708666,-0.0061397552490234375,0.00630726246163249,1
1789134934732666,0.04436385631561279,0.006571521051228046,1
1789134934744666,0.07724106311798096,0.006612227763980627,1
1789134934744666,0.07724106311798096,0.006612227763980627,1
1789134934744666,0.07724106311798096,0.006612227763980627,1
1789134934744666,0.07724106311798096,0.006612227763980627,1
1789134934744666,0.07724106311798096,0.006612227763980627,1
1789134934792666,-0.08855390548706055,0.007275927346199751,1
1789134934804666,-0.06937336921691895,0.007761965971440077,1
1789134934804666,-0.06937336921691895,0.007761965971440077,1
1789134934804666,-0.06937336921691895,0.007761965971440077,1
1789134934804666,-0.06937336921691895,0.007761965971440077,1
1789134934840666,0.0108565092086792,0.00826074555516243,1
1789134934852826,0.07139372825622559,0.008350735530257225,1
1789134934864826,0.050611019134521484,0.00835662242025137,1
1789134934864826,0.050611019134521484,0.00835662242025137,1
1789134934864826,0.050611019134521484,0.00835662242025137,1
1789134934864826,0.050611019134521484,0.00835662242025137,1
1789134934864826,0.050611019134521484,0.00835662242025137,1
1789134934912826,0.017882823944091797,0.0085298428311944,1
1789134934924826,-0.014066219329833984,0.008732347749173641,1
1789134934924826,-0.014066219329833984,0.008732347749173641,1
1789134934936826,-0.03167080879211426,0.008865811862051487,1
1789134934936826,-0.03167080879211426,0.008865811862051487,1
1789134934936826,-0.03167080879211426,0.008865811862051487,1
1789134934972826,-0.009627103805541992,0.009534362703561783,1
1789134934984826,-0.0013519525527954102,0.009632362052798271,1
1789134934984826,-0.0013519525527954102,0.009632362052798271,1
1789134934984826,-0.0013519525527954102,0.009632362052798271,1
1789134934984826,-0.0013519525527954102,0.009632362052798271,1
1789134934984826,-0.0013519525527954102,0.009632362052798271,1
1789134935032826,-0.023012161254882812,0.010154240764677525,1
1789134935044826,-0.024834275245666504,0.010439632460474968,1
1789134935044826,-0.024834275245666504,0.010439632460474968,1
1789134935044826,-0.024834275245666504,0.010439632460474968,1
1789134935068826,-0.005823016166687012,0.01077574398368597,1
1789134935068826,-0.005823016166687012,0.01077574398368597,1
1789134935092826,0.02169060707092285,0.011024316772818565,1
1789134935104826,0.01749563217163086,0.01108477357774973,1
1789134935104826,0.01749563217163086,0.01108477357774973,1
1789134935104826,0.01749563217163086,0.01108477357774973,1
1789134935104826,0.01749563217163086,0.01108477357774973,1
1789134935104826,0.01749563217163086,0.01108477357774973,1
1789134935152826,-3.3974647521972656e-05,0.011343216523528099,1
1789134935164826,-0.023122787475585938,0.011544243432581425,1
1789134935164826,-0.023122787475585938,0.011544243432581425,1
1789134935164826,-0.023122787475585938,0.011544243432581425,1
1789134935164826,-0.023122787475585938,0.011544243432581425,1
1789134935200826,0.009881258010864258,0.011962013319134712,1
1789134935212826,0.028106689453125,0.012086829170584679,1
1789134935224826,0.02293872833251953,0.012121324427425861,1
1789134935224826,0.02293872833251953,0.012121324427425861,1
1789134935224826,0.02293872833251953,0.012121324427425861,1
1789134935224826,0.02293872833251953,0.012121324427425861,1
1789134935224826,0.02293872833251953,0.012121324427425861,1
1789134935272826,-0.011135339736938477,0.012373547069728374,1
1789134935284826,-0.030805468559265137,0.012607671320438385,1
1789134935284826,-0.030805468559265137,0.012607671320438385,1
1789134935284826,-0.030805468559265137,0.012607671320438385,1
1789134935284826,-0.030805468559265137,0.012607671320438385,1
1789134935284826,-0.030805468559265137,0.012607671320438385,1
1789134935332826,-0.02044987678527832,0.01341478992253542,1
1789134935344826,0.013206005096435547,0.013500692322850227,1
1789134935344826,0.013206005096435547,0.013500692322850227,1
1789134935344826,0.013206005096435547,0.013500692322850227,1
1789134935368826,-0.0037075281143188477,0.01366652175784111,1
1789134935368826,-0.0037075281143188477,0.01366652175784111,1
1789134935392826,-0.015158295631408691,0.013985429890453815,1
1789134935404826,-0.04496264457702637,0.01427871361374855,1
1789134935404826,-0.04496264457702637,0.01427871361374855,1
1789134935404826,-0.04496264457702637,0.01427871361374855,1
1789134935404826,-0.04496264457702637,0.01427871361374855,1
1789134935404826,-0.04496264457702637,0.01427871361374855,1
1789134935452826,0.031667113304138184,0.014806725084781647,1
1789134935464826,0.044899582862854004,0.014831505715847015,1
1789134935464826,0.044899582862854004,0.014831505715847015,1
1789134935464826,0.044899582862854004,0.014831505715847015,1
1789134935464826,0.044899582862854004,0.014831505715847015,1
1789134935500826,6.377696990966797e-05,0.014964012429118156,1
1789134935512826,-0.012529730796813965,0.01504711713641882,1
1789134935524826,-0.01582038402557373,0.015258465893566608,1
1789134935524826,-0.01582038402557373,0.015258465893566608,1
1789134935524826,-0.01582038402557373,0.015258465893566608,1
1789134935524826,-0.01582038402557373,0.015258465893566608,1
1789134935524826,-0.01582038402557373,0.015258465893566608,1
1789134935572826,0.008590936660766602,0.015789471566677094,1
1789134935584826,0.026116132736206055,0.01583104580640793,1
1789134935584826,0.026116132736206055,0.01583104580640793,1
1789134935596826,0.02803027629852295,0.015889503061771393,1
1789134935596826,0.02803027629852295,0.015889503061771393,1
1789134935596826,0.02803027629852295,0.015889503061771393,1
1789134935632826,-0.012902021408081055,0.016115812584757805,1
1789134935644826,-0.04064583778381348,0.016357671469449997,1
1789134935644826,-0.04064583778381348,0.016357671469449997,1
1789134935644826,-0.04064583778381348,0.016357671469449997,1
1789134935644826,-0.04064583778381348,0.016357671469449997,1
1789134935644826,-0.04064583778381348,0.016357671469449997,1
1789134935692826,0.06715857982635498,0.016801612451672554,1
1789134935704826,0.0657280683517456,0.01677006110548973,1
1789134935704826,0.0657280683517456,0.01677006110548973,1
1789134935704826,0.0657280683517456,0.01677006110548973,1
1789134935728826,0.010120391845703125,0.016829917207360268,1
1789134935728826,0.010120391845703125,0.016829917207360268,1
1789134935752826,-0.047805070877075195,0.017166603356599808,1
1789134935764826,-0.041095733642578125,0.017455214634537697,1
1789134935764826,-0.041095733642578125,0.017455214634537697,1
1789134935764826,-0.041095733642578125,0.017455214634537697,1
1789134935764826,-0.041095733642578125,0.017455214634537697,1
1789134935764826,-0.041095733642578125,0.017455214634537697,1
1789134935812826,0.0548551082611084,0.017691180109977722,1
1789134935824826,0.043978214263916016,0.017679059877991676,1
1789134935824826,0.043978214263916016,0.017679059877991676,1
1789134935824826,0.043978214263916016,0.017679059877991676,1
1789134935824986,0.043978214263916016,0.017679059877991676,1
1789134935860986,0.04388856887817383,0.017497103661298752,1
1789134935872986,0.03641629219055176,0.01750059984624386,1
1789134935884986,0.017537832260131836,0.01754264160990715,1
1789134935884986,0.017537832260131836,0.01754264160990715,1
1789134935884986,0.017537832260131836,0.01754264160990715,1
1789134935884986,0.017537832260131836,0.01754264160990715,1
1789134935884986,0.017537832260131836,0.01754264160990715,1
1789134935932986,-0.1535482406616211,0.01892249844968319,1
1789134935944986,-0.13441944122314453,0.019223880022764206,1
1789134935944986,-0.13441944122314453,0.019223880022764206,1
1789134935944986,-0.13441944122314453,0.019223880022764206,1
1789134935944986,-0.13441944122314453,0.019223880022764206,1
1789134935944986,-0.13441944122314453,0.019223880022764206,1
1789134935992986,-0.010601401329040527,0.02025435119867325,1
1789134936004986,0.017567992210388184,0.020363150164484978,1
1789134936004986,0.017567992210388184,0.020363150164484978,1
1789134936004986,0.017567992210388184,0.020363150164484978,1
1789134936028986,-0.00580906867980957,0.020521393045783043,1
1789134936028986,-0.00580906867980957,0.020521393045783043,1
1789134936052986,-0.023271560668945312,0.020770536735653877,1
1789134936064986,-0.025462031364440918,0.020872054621577263,1
1789134936064986,-0.025462031364440918,0.020872054621577263,1
1789134936064986,-0.025462031364440918,0.020872054621577263,1
1789134936064986,-0.025462031364440918,0.020872054621577263,1
1789134936064986,-0.025462031364440918,0.020872054621577263,1
1789134936112986,0.013769149780273438,0.021017052233219147,1
1789134936124986,0.004301548004150391,0.02097267471253872,1
1789134936124986,0.004301548004150391,0.02097267471253872,1
1789134936124986,0.004301548004150391,0.02097267471253872,1
1789134936124986,0.004301548004150391,0.02097267471253872,1
1789134936160986,0.007140994071960449,0.02082875929772854,1
1789134936172986,-0.009899377822875977,0.02082754857838154,1
1789134936184986,-0.015590667724609375,0.020844468846917152,1
1789134936184986,-0.015590667724609375,0.020844468846917152,1
1789134936184986,-0.015590667724609375,0.020844468846917152,1
1789134936184986,-0.015590667724609375,0.020844468846917152,1
1789134936184986,-0.015590667724609375,0.020844468846917152,1
1789134936232986,-0.011353731155395508,0.020965399220585823,1
1789134936244986,0.006200075149536133,0.020952947437763214,1
1789134936244986,0.006200075149536133,0.020952947437763214,1
1789134936256986,0.007433414459228516,0.020929580554366112,1
1789134936256986,0.007433414459228516,0.020929580554366112,1
1789134936256986,0.007433414459228516,0.020929580554366112,1
1789134936292986,0.0548473596572876,0.020652182400226593,1
1789134936304986,0.07147014141082764,0.020558884367346764,1
1789134936304986,0.07147014141082764,0.020558884367346764,1
1789134936304986,0.07147014141082764,0.020558884367346764,1
1789134936304986,0.07147014141082764,0.020558884367346764,1
1789134936304986,0.07147014141082764,0.020558884367346764,1
1789134936352986,0.021667122840881348,0.020047904923558235,1
1789134936364986,0.009776115417480469,0.019972288981080055,1
1789134936364986,0.009776115417480469,0.019972288981080055,1
1789134936364986,0.009776115417480469,0.019972288981080055,1
1789134936388986,0.023845314979553223,0.019866950809955597,1
1789134936388986,0.023845314979553223,0.019866950809955597,1
1789134936412986,0.06535804271697998,0.019615476951003075,1
1789134936424986,0.06192624568939209,0.019501151517033577,1
1789134936424986,0.06192624568939209,0.019501151517033577,1
1789134936424986,0.06192624568939209,0.019501151517033577,1
1789134936424986,0.06192624568939209,0.019501151517033577,1
1789134936424986,0.06192624568939209,0.019501151517033577,1
1789134936472986,0.02937483787536621,0.01899631880223751,1
1789134936484986,0.0366901159286499,0.01892734318971634,1
1789134936484986,0.0366901159286499,0.01892734318971634,1
1789134936484986,0.0366901159286499,0.01892734318971634,1
1789134936484986,0.0366901159286499,0.01892734318971634,1
1789134936520986,0.0646432638168335,0.018642617389559746,1
1789134936532986,0.08105325698852539,0.01843443512916565,1
1789134936544986,0.07399594783782959,0.018336771056056023,1
1789134936544986,0.07399594783782959,0.018336771056056023,1
1789134936544986,0.07399594783782959,0.018336771056056023,1
1789134936544986,0.07399594783782959,0.018336771056056023,1
1789134936544986,0.07399594783782959,0.018336771056056023,1
1789134936592986,0.05988574028015137,0.017696937546133995,1
1789134936604986,0.033914804458618164,0.01760580949485302,1
1789134936604986,0.033914804458618164,0.01760580949485302,1
1789134936604986,0.033914804458618164,0.01760580949485302,1
1789134936604986,0.033914804458618164,0.01760580949485302,1
1789134936604986,0.033914804458618164,0.01760580949485302,1
1789134936652986,0.03293776512145996,0.017561940476298332,1
1789134936664986,0.047213077545166016,0.017541490495204926,1
1789134936664986,0.047213077545166016,0.017541490495204926,1
1789134936664986,0.047213077545166016,0.017541490495204926,1
1789134936688986,0.05803966522216797,0.017390163615345955,1
1789134936688986,0.05803966522216797,0.017390163615345955,1
1789134936712986,-0.026931166648864746,0.01740015298128128,1
1789134936724986,0.001638174057006836,0.017547598108649254,1
1789134936724986,0.001638174057006836,0.017547598108649254,1
1789134936724986,0.001638174057006836,0.017547598108649254,1
1789134936724986,0.001638174057006836,0.017547598108649254,1
1789134936724986,0.001638174057006836,0.017547598108649254,1
1789134936772986,0.11530482769012451,0.017236214131116867,1
1789134936784986,0.12480735778808594,0.01712520606815815,1
1789134936784986,0.12480735778808594,0.01712520606815815,1
1789134936784986,0.12480735778808594,0.01712520606815815,1
1789134936784986,0.12480735778808594,0.01712520606815815,1
1789134936820986,0.0674065351486206,0.016796186566352844,1
1789134936832986,0.050197601318359375,0.016786428168416023,1
1789134936844986,0.021422982215881348,0.01681715063750744,1
1789134936844986,0.021422982215881348,0.01681715063750744,1
1789134936845146,0.021422982215881348,0.01681715063750744,1
1789134936869146,0.042777299880981445,0.016986729577183723,1
1789134936869146,0.042777299880981445,0.016986729577183723,1
1789134936893146,0.10539913177490234,0.01673871837556362,1
1789134936905146,0.11935853958129883,0.016638685017824173,1
1789134936905146,0.11935853958129883,0.016638685017824173,1
1789134936917146,0.12553369998931885,0.016413545235991478,1
1789134936917146,0.12553369998931885,0.016413545235991478,1
1789134936917146,0.12553369998931885,0.016413545235991478,1
1789134936953146,0.061933279037475586,0.01623457483947277,1
1789134936965146,0.04450380802154541,0.01631583273410797,1
1789134936965146,0.04450380802154541,0.01631583273410797,1
1789134936965146,0.04450380802154541,0.01631583273410797,1
1789134936965146,0.04450380802154541,0.01631583273410797,1
1789134936965146,0.04450380802154541,0.01631583273410797,1
1789134937013146,0.1822812557220459,0.0158525537699461,1
1789134937025146,0.1749352216720581,0.01572045311331749,1
1789134937025146,0.1749352216720581,0.01572045311331749,1
1789134937025146,0.1749352216720581,0.01572045311331749,1
1789134937049146,0.09656012058258057,0.015541787259280682,1
1789134937061146,0.042679786682128906,0.015596874058246613,1
1789134937073146,0.03955364227294922,0.015683859586715698,1
1789134937085146,0.023149609565734863,0.015839165076613426,1
1789134937085146,0.023149609565734863,0.015839165076613426,1
1789134937085146,0.023149609565734863,0.015839165076613426,1
1789134937085146,0.023149609565734863,0.015839165076613426,1
1789134937085146,0.023149609565734863,0.015839165076613426,1
1789134937133146,0.10048890113830566,0.0162102859467268,1
1789134937145146,0.11751246452331543,0.016219425946474075,1
1789134937145146,0.11751246452331543,0.016219425946474075,1
1789134937145146,0.11751246452331543,0.016219425946474075,1
1789134937145146,0.11751246452331543,0.016219425946474075,1
1789134937181146,0.06353449821472168,0.016441890969872475,1
1789134937193146,0.042366743087768555,0.01658180169761181,1
1789134937205146,0.015825271606445312,0.016928695142269135,1
1789134937205146,0.015825271606445312,0.016928695142269135,1
1789134937205146,0.015825271606445312,0.016928695142269135,1
1789134937205146,0.015825271606445312,0.016928695142269135,1
1789134937205146,0.015825271606445312,0.016928695142269135,1
1789134937253146,-0.04017317295074463,0.018510567024350166,1
1789134937265146,-0.005570888519287109,0.018790744245052338,1
1789134937265146,-0.005570888519287109,0.018790744245052338,1
1789134937265146,-0.005570888519287109,0.018790744245052338,1
1789134937265146,-0.005570888519287109,0.018790744245052338,1
1789134937265146,-0.005570888519287109,0.018790744245052338,1
1789134937313146,0.05240154266357422,0.019932331517338753,1
1789134937325146,0.042642831802368164,0.020283769816160202,1
1789134937325146,0.042642831802368164,0.020283769816160202,1
1789134937325146,0.042642831802368164,0.020283769816160202,1
1789134937349146,-0.025473594665527344,0.02097669430077076,1
1789134937349146,-0.025473594665527344,0.02097669430077076,1
1789134937373146,0.03332829475402832,0.02172294445335865,1
1789134937385146,0.028103351593017578,0.021907895803451538,1
1789134937385146,0.028103351593017578,0.021907895803451538,1
1789134937385146,0.028103351593017578,0.021907895803451538,1
1789134937385146,0.028103351593017578,0.021907895803451538,1
1789134937385146,0.028103351593017578,0.021907895803451538,1
1789134937433146,-0.035021424293518066,0.023189831525087357,1
1789134937445146,-0.008225202560424805,0.023669779300689697,1
1789134937445146,-0.008225202560424805,0.023669779300689697,1
1789134937445146,-0.008225202560424805,0.023669779300689697,1
1789134937445146,-0.008225202560424805,0.023669779300689697,1
1789134937481146,0.011493325233459473,0.024405425414443016,1
1789134937493146,-0.02213573455810547,0.024898014962673187,1
1789134937505146,-0.022254347801208496,0.025145195424556732,1
1789134937505146,-0.022254347801208496,0.025145195424556732,1
1789134937505146,-0.022254347801208496,0.025145195424556732,1
1789134937505146,-0.022254347801208496,0.025145195424556732,1
1789134937505146,-0.022254347801208496,0.025145195424556732,1
1789134937553146,-0.00978398323059082,0.026745812967419624,1
1789134937565146,0.01639842987060547,0.027116427198052406,1
1789134937565146,0.01639842987060547,0.027116427198052406,1
1789134937577146,0.05135524272918701,0.027266094461083412,1
1789134937577146,0.05135524272918701,0.027266094461083412,1
1789134937577146,0.05135524272918701,0.027266094461083412,1
1789134937613146,0.044318199157714844,0.027780426666140556,1
1789134937625146,0.012877702713012695,0.027930881828069687,1
1789134937625146,0.012877702713012695,0.027930881828069687,1
1789134937625146,0.012877702713012695,0.027930881828069687,1
1789134937625146,0.012877702713012695,0.027930881828069687,1
1789134937625146,0.012877702713012695,0.027930881828069687,1
1789134937673146,0.01540684700012207,0.02900700457394123,1
1789134937685146,0.03380239009857178,0.029277514666318893,1
1789134937685146,0.03380239009857178,0.029277514666318893,1
1789134937685146,0.03380239009857178,0.029277514666318893,1
1789134937709146,-0.03857147693634033,0.029775239527225494,1
1789134937709146,-0.03857147693634033,0.029775239527225494,1
1789134937733146,0.009861111640930176,0.03041950985789299,1
1789134937745146,0.01059722900390625,0.030574321746826172,1
1789134937745146,0.01059722900390625,0.030574321746826172,1
1789134937745146,0.01059722900390625,0.030574321746826172,1
1789134937745146,0.01059722900390625,0.030574321746826172,1
1789134937745146,0.01059722900390625,0.030574321746826172,1
1789134937793146,-0.0003905296325683594,0.03131915628910065,1
1789134937805146,-0.022548794746398926,0.03174189478158951,1
1789134937805146,-0.022548794746398926,0.03174189478158951,1
1789134937805146,-0.022548794746398926,0.03174189478158951,1
1789134937805146,-0.022548794746398926,0.03174189478158951,1
1789134937841146,0.019304275512695312,0.03243646398186684,1
1789134937853146,0.04143500328063965,0.032691895961761475,1
1789134937865146,0.04660344123840332,0.03277464583516121,1
1789134937865304,0.04660344123840332,0.03277464583516121,1
1789134937865304,0.04660344123840332,0.03277464583516121,1
1789134937865304,0.04660344123840332,0.03277464583516121,1
1789134937865304,0.04660344123840332,0.03277464583516121,1
1789134937913304,-0.024997234344482422,0.03348161652684212,1
1789134937925304,0.02523016929626465,0.03386611118912697,1
1789134937925304,0.02523016929626465,0.03386611118912697,1
1789134937925304,0.02523016929626465,0.03386611118912697,1
1789134937925304,0.02523016929626465,0.03386611118912697,1
1789134937925304,0.02523016929626465,0.03386611118912697,1
1789134937973304,0.05160081386566162,0.034143708646297455,1
1789134937985304,0.05003035068511963,0.034207191318273544,1
1789134937985304,0.05003035068511963,0.034207191318273544,1
1789134937985304,0.05003035068511963,0.034207191318273544,1
1789134938009304,0.04580700397491455,0.03439054265618324,1
1789134938009304,0.04580700397491455,0.03439054265618324,1
1789134938033304,-0.017092347145080566,0.03476972132921219,1
1789134938045304,-0.042086005210876465,0.03513267636299133,1
1789134938045304,-0.042086005210876465,0.03513267636299133,1
1789134938045304,-0.042086005210876465,0.03513267636299133,1
1789134938045304,-0.042086005210876465,0.03513267636299133,1
1789134938045304,-0.042086005210876465,0.03513267636299133,1
1789134938093304,0.06576764583587646,0.0356031134724617,1
1789134938105304,0.09614109992980957,0.035611342638731,1
1789134938105304,0.09614109992980957,0.035611342638731,1
1789134938105304,0.09614109992980957,0.035611342638731,1
1789134938105304,0.09614109992980957,0.035611342638731,1
1789134938141304,0.029148459434509277,0.03582186624407768,1
1789134938153304,0.008880138397216797,0.035940926522016525,1
1789134938165304,-0.020332694053649902,0.03625401481986046,1
1789134938165304,-0.020332694053649902,0.03625401481986046,1
1789134938165304,-0.020332694053649902,0.03625401481986046,1
1789134938165304,-0.020332694053649902,0.03625401481986046,1
1789134938165304,-0.020332694053649902,0.03625401481986046,1
1789134938213304,0.0006570816040039062,0.0371696799993515,1
1789134938225304,0.03339672088623047,0.03729734942317009,1
1789134938225304,0.03339672088623047,0.03729734942317009,1
1789134938237304,0.029193758964538574,0.03747940436005592,1
1789134938237304,0.029193758964538574,0.03747940436005592,1
1789134938237304,0.029193758964538574,0.03747940436005592,1
1789134938273304,0.04729604721069336,0.03785804659128189,1
1789134938285304,0.018362998962402344,0.038080405443906784,1
1789134938285304,0.018362998962402344,0.038080405443906784,1
1789134938285304,0.018362998962402344,0.038080405443906784,1
1789134938285304,0.018362998962402344,0.038080405443906784,1
1789134938285304,0.018362998962402344,0.038080405443906784,1
1789134938333304,0.05627608299255371,0.038799457252025604,1
1789134938345304,0.0568232536315918,0.03886202350258827,1
1789134938345304,0.0568232536315918,0.03886202350258827,1
1789134938345304,0.0568232536315918,0.03886202350258827,1
1789134938369304,0.0839533805847168,0.03900207206606865,1
1789134938369304,0.0839533805847168,0.03900207206606865,1
1789134938393304,0.016721606254577637,0.03921319171786308,1
1789134938405304,-0.017072200775146484,0.03952055796980858,1
1789134938405304,-0.017072200775146484,0.03952055796980858,1
1789134938405304,-0.017072200775146484,0.03952055796980858,1
1789134938405304,-0.017072200775146484,0.03952055796980858,1
1789134938405304,-0.017072200775146484,0.03952055796980858,1
1789134938453304,0.05769050121307373,0.04018021747469902,1
1789134938465304,0.10032594203948975,0.04021945968270302,1
1789134938465304,0.10032594203948975,0.04021945968270302,1
1789134938465304,0.10032594203948975,0.04021945968270302,1
1789134938465304,0.10032594203948975,0.04021945968270302,1
1789134938501304,0.038207054138183594,0.040419287979602814,1
1789134938513304,0.018914222717285156,0.0405297726392746,1
1789134938525304,-0.008264422416687012,0.04080331698060036,1
1789134938525304,-0.008264422416687012,0.04080331698060036,1
1789134938525304,-0.008264422416687012,0.04080331698060036,1
1789134938525304,-0.008264422416687012,0.04080331698060036,1
1789134938525304,-0.008264422416687012,0.04080331698060036,1
1789134938573304,-0.05450010299682617,0.042247869074344635,1
1789134938585304,-0.0289766788482666,0.042463336139917374,1
1789134938585304,-0.0289766788482666,0.042463336139917374,1
1789134938585304,-0.0289766788482666,0.042463336139917374,1
1789134938585304,-0.0289766788482666,0.042463336139917374,1
1789134938585304,-0.0289766788482666,0.042463336139917374,1
1789134938633304,0.00787806510925293,0.04315338656306267,1
1789134938645304,-0.02853405475616455,0.04350605607032776,1
1789134938645304,-0.02853405475616455,0.04350605607032776,1
1789134938645304,-0.02853405475616455,0.04350605607032776,1
1789134938669304,-0.031009554862976074,0.04420389607548714,1
1789134938669304,-0.031009554862976074,0.04420389607548714,1
1789134938693304,0.001276254653930664,0.044676315039396286,1
1789134938705304,-0.014279603958129883,0.04480123519897461,1
1789134938705304,-0.014279603958129883,0.04480123519897461,1
1789134938705304,-0.014279603958129883,0.04480123519897461,1
1789134938705304,-0.014279603958129883,0.04480123519897461,1
1789134938705304,-0.014279603958129883,0.04480123519897461,1
1789134938753304,-0.06616520881652832,0.04570770263671875,1
1789134938765304,-0.03265178203582764,0.04607193171977997,1
1789134938765304,-0.03265178203582764,0.04607193171977997,1
1789134938765304,-0.03265178203582764,0.04607193171977997,1
1789134938765304,-0.03265178203582764,0.04607193171977997,1
1789134938801304,0.01046764850616455,0.0463499017059803,1
1789134938813304,0.034729599952697754,0.04640369862318039,1
1789134938825304,0.013759613037109375,0.04641129449009895,1
1789134938825304,0.013759613037109375,0.04641129449009895,1
1789134938825304,0.013759613037109375,0.04641129449009895,1
1789134938825304,0.013759613037109375,0.04641129449009895,1
1789134938825465,0.013759613037109375,0.04641129449009895,1
1789134938873465,0.004114747047424316,0.04645092412829399,1
1789134938885465,-0.010345458984375,0.046501342207193375,1
1789134938885465,-0.010345458984375,0.046501342207193375,1
1789134938885465,-0.010345458984375,0.046501342207193375,1
1789134938885465,-0.010345458984375,0.046501342207193375,1
1789134938885465,-0.010345458984375,0.046501342207193375,1
1789134938933465,0.010049700736999512,0.0466928668320179,1
1789134938945465,0.013739824295043945,0.0466705821454525,1
1789134938945465,0.013739824295043945,0.0466705821454525,1
1789134938945465,0.013739824295043945,0.0466705821454525,1
1789134938945465,0.013739824295043945,0.0466705821454525,1
1789134938945465,0.013739824295043945,0.0466705821454525,1
1789134938993465,0.0018200874328613281,0.04650668054819107,1
1789134939005465,-0.011744856834411621,0.046503085643053055,1
1789134939005465,-0.011744856834411621,0.046503085643053055,1
1789134939005465,-0.011744856834411621,0.046503085643053055,1
1789134939029465,-0.02574169635772705,0.04657302796840668,1
1789134939029465,-0.02574169635772705,0.04657302796840668,1
1789134939053465,-0.017655014991760254,0.0466427318751812,1
1789134939065465,-0.04062175750732422,0.04667076840996742,1
1789134939065465,-0.04062175750732422,0.04667076840996742,1
1789134939065465,-0.04062175750732422,0.04667076840996742,1
1789134939065465,-0.04062175750732422,0.04667076840996742,1
1789134939065465,-0.04062175750732422,0.04667076840996742,1
1789134939113465,0.043245911598205566,0.04640909656882286,1
1789134939125465,0.039838194847106934,0.046225905418395996,1
1789134939125465,0.039838194847106934,0.046225905418395996,1
1789134939125465,0.039838194847106934,0.046225905418395996,1
1789134939125465,0.039838194847106934,0.046225905418395996,1
1789134939161465,-0.03629636764526367,0.045840032398700714,1
1789134939173465,-0.044896602630615234,0.04584240913391113,1
1789134939185465,-0.03597748279571533,0.045857932418584824,1
1789134939185465,-0.03597748279571533,0.045857932418584824,1
1789134939185465,-0.03597748279571533,0.045857932418584824,1
1789134939185465,-0.03597748279571533,0.045857932418584824,1
1789134939185465,-0.03597748279571533,0.045857932418584824,1
1789134939233465,-0.00285947322845459,0.04568658396601677,1
1789134939245465,0.007053732872009277,0.045530278235673904,1
1789134939245465,0.007053732872009277,0.045530278235673904,1
1789134939245465,0.007053732872009277,0.045530278235673904,1
1789134939245465,0.007053732872009277,0.045530278235673904,1
1789134939245465,0.007053732872009277,0.045530278235673904,1
1789134939293465,0.014833450317382812,0.044990576803684235,1
1789134939305465,0.005834102630615234,0.04488464444875717,1
1789134939305465,0.005834102630615234,0.04488464444875717,1
1789134939305465,0.005834102630615234,0.04488464444875717,1
1789134939329465,0.014326930046081543,0.0445602647960186,1
1789134939329465,0.014326930046081543,0.0445602647960186,1
1789134939353465,0.0029926300048828125,0.04420154541730881,1
1789134939365465,0.006130218505859375,0.04397745802998543,1
1789134939365465,0.006130218505859375,0.04397745802998543,1
1789134939365465,0.006130218505859375,0.04397745802998543,1
1789134939365465,0.006130218505859375,0.04397745802998543,1
1789134939365465,0.006130218505859375,0.04397745802998543,1
1789134939413465,0.026984453201293945,0.04311743006110191,1
1789134939425465,0.022260665893554688,0.04296376556158066,1
1789134939425465,0.022260665893554688,0.04296376556158066,1
1789134939425465,0.022260665893554688,0.04296376556158066,1
1789134939425465,0.022260665893554688,0.04296376556158066,1
1789134939461465,0.028524160385131836,0.042100563645362854,1
1789134939473465,0.028308749198913574,0.04191908985376358,1
1789134939485465,0.027763724327087402,0.04155660793185234,1
1789134939485465,0.027763724327087402,0.04155660793185234,1
1789134939485465,0.027763724327087402,0.04155660793185234,1
1789134939485465,0.027763724327087402,0.04155660793185234,1
1789134939485465,0.027763724327087402,0.04155660793185234,1
1789134939533465,0.04990851879119873,0.04025961458683014,1
1789134939545465,0.02591848373413086,0.0400509312748909,1
1789134939545465,0.02591848373413086,0.0400509312748909,1
1789134939557465,0.0031434297561645508,0.03975317254662514,1
1789134939557465,0.0031434297561645508,0.03975317254662514,1
1789134939557465,0.0031434297561645508,0.03975317254662514,1
1789134939593465,0.01483011245727539,0.03905044496059418,1
1789134939605465,0.0067147016525268555,0.03870023787021637,1
1789134939605465,0.0067147016525268555,0.03870023787021637,1
1789134939605465,0.0067147016525268555,0.03870023787021637,1
1789134939605465,0.0067147016525268555,0.03870023787021637,1
1789134939605465,0.0067147016525268555,0.03870023787021637,1
1789134939653465,0.02361273765563965,0.03771617263555527,1
1789134939665465,0.01149606704711914,0.037540253251791,1
1789134939665465,0.01149606704711914,0.037540253251791,1
1789134939665465,0.01149606704711914,0.037540253251791,1
1789134939689465,0.021376848220825195,0.03704015165567398,1
1789134939689465,0.021376848220825195,0.03704015165567398,1
1789134939713465,0.01809847354888916,0.03646695986390114,1
1789134939725465,0.042105913162231445,0.03606593236327171,1
1789134939725465,0.042105913162231445,0.03606593236327171,1
1789134939725465,0.042105913162231445,0.03606593236327171,1
1789134939725465,0.042105913162231445,0.03606593236327171,1
1789134939725465,0.042105913162231445,0.03606593236327171,1
1789134939773465,-0.0016515254974365234,0.03488601744174957,1
1789134939785465,-0.004044890403747559,0.03472170606255531,1
1789134939785465,-0.004044890403747559,0.03472170606255531,1
1789134939785465,-0.004044890403747559,0.03472170606255531,1
1789134939785465,-0.004044890403747559,0.03472170606255531,1
1789134939821465,-0.0017644166946411133,0.03412112593650818,1
1789134939833465,-0.012671709060668945,0.03396093472838402,1
1789134939845465,0.008061408996582031,0.03367098793387413,1
1789134939845465,0.008061408996582031,0.03367098793387413,1
1789134939845465,0.008061408996582031,0.03367098793387413,1
1789134939869623,-0.0012025833129882812,0.03316253051161766,1
1789134939869623,-0.0012025833129882812,0.03316253051161766,1
1789134939893623,0.013458013534545898,0.03265421465039253,1
1789134939905623,0.013782978057861328,0.03246358409523964,1
1789134939905623,0.013782978057861328,0.03246358409523964,1
1789134939905623,0.013782978057861328,0.03246358409523964,1
1789134939905623,0.013782978057861328,0.03246358409523964,1
1789134939905623,0.013782978057861328,0.03246358409523964,1
1789134939953623,0.05966603755950928,0.031054411083459854,1
1789134939965623,0.0710906982421875,0.030470240861177444,1
1789134939965623,0.0710906982421875,0.030470240861177444,1
1789134939965623,0.0710906982421875,0.030470240861177444,1
1789134939989623,0.041499972343444824,0.02970164828002453,1
1789134939989623,0.041499972343444824,0.02970164828002453,1
1789134940013623,0.03429758548736572,0.02892329730093479,1
1789134940025623,0.011957049369812012,0.02868291176855564,1
1789134940025623,0.011957049369812012,0.02868291176855564,1
1789134940025623,0.011957049369812012,0.02868291176855564,1
1789134940025623,0.011957049369812012,0.02868291176855564,1
1789134940061623,0.036330342292785645,0.027559086680412292,1
1789134940073623,0.054100871086120605,0.027289701625704765,1
1789134940085623,0.04313039779663086,0.026725096628069878,1
1789134940085623,0.04313039779663086,0.026725096628069878,1
1789134940085623,0.04313039779663086,0.026725096628069878,1
1789134940085623,0.04313039779663086,0.026725096628069878,1
1789134940121623,0.04700064659118652,0.025583242997527122,1
1789134940133623,0.0884484052658081,0.024945873767137527,1
1789134940145623,0.060472965240478516,0.024623539298772812,1
1789134940145623,0.060472965240478516,0.024623539298772812,1
1789134940145623,0.060472965240478516,0.024623539298772812,1
1789134940145623,0.060472965240478516,0.024623539298772812,1
1789134940145623,0.060472965240478516,0.024623539298772812,1
1789134940193623,0.03884613513946533,0.022981517016887665,1
1789134940205623,0.030306339263916016,0.02244504727423191,1
1789134940205623,0.030306339263916016,0.02244504727423191,1
1789134940217623,0.024978280067443848,0.022200768813490868,1
1789134940217623,0.024978280067443848,0.022200768813490868,1
1789134940217623,0.024978280067443848,0.022200768813490868,1
1789134940253623,0.03605914115905762,0.02098265290260315,1
1789134940265623,0.025944232940673828,0.02073233388364315,1
1789134940265623,0.025944232940673828,0.02073233388364315,1
1789134940265623,0.025944232940673828,0.02073233388364315,1
1789134940265623,0.025944232940673828,0.02073233388364315,1
1789134940265623,0.025944232940673828,0.02073233388364315,1
1789134940313623,0.03386390209197998,0.019254596903920174,1
1789134940325623,0.02001655101776123,0.01877165026962757,1
1789134940325623,0.02001655101776123,0.01877165026962757,1
1789134940325623,0.02001655101776123,0.01877165026962757,1
1789134940349623,0.05181920528411865,0.0180909913033247,1
1789134940349623,0.05181920528411865,0.0180909913033247,1
1789134940373623,0.0325697660446167,0.017256321385502815,1
1789134940385623,0.06377613544464111,0.016998449340462685,1
1789134940385623,0.06377613544464111,0.016998449340462685,1
1789134940385623,0.06377613544464111,0.016998449340462685,1
1789134940385623,0.06377613544464111,0.016998449340462685,1
1789134940385623,0.06377613544464111,0.016998449340462685,1
1789134940433623,0.05551481246948242,0.015242285095155239,1
1789134940445623,0.03613615036010742,0.01470873411744833,1
1789134940445623,0.03613615036010742,0.01470873411744833,1
1789134940445623,0.03613615036010742,0.01470873411744833,1
1789134940445623,0.03613615036010742,0.01470873411744833,1
1789134940481623,0.042244911193847656,0.013763037510216236,1
1789134940493623,0.07838010787963867,0.013178534805774689,1
1789134940505623,0.05891692638397217,0.0128919817507267,1
1789134940505623,0.05891692638397217,0.0128919817507267,1
1789134940505623,0.05891692638397217,0.0128919817507267,1
1789134940505623,0.05891692638397217,0.0128919817507267,1
1789134940505623,0.05891692638397217,0.0128919817507267,1
1789134940553623,0.045145630836486816,0.011258154176175594,1
1789134940565623,-0.002068042755126953,0.010862031020224094,1
1789134940565623,-0.002068042755126953,0.010862031020224094,1
1789134940565623,-0.002068042755126953,0.010862031020224094,1
1789134940565623,-0.002068042755126953,0.010862031020224094,1
1789134940565623,-0.002068042755126953,0.010862031020224094,1
1789134940613623,0.09132587909698486,0.009412132203578949,1
1789134940625623,0.06469190120697021,0.009105455130338669,1
1789134940625623,0.06469190120697021,0.009105455130338669,1
1789134940625623,0.06469190120697021,0.009105455130338669,1
1789134940649623,0.035674214363098145,0.00847301259636879,1
1789134940649623,0.035674214363098145,0.00847301259636879,1
1789134940673623,0.027291059494018555,0.007846147753298283,1
1789134940685623,0.051413655281066895,0.007372015621513128,1
1789134940685623,0.051413655281066895,0.007372015621513128,1
1789134940685623,0.051413655281066895,0.007372015621513128,1
1789134940685623,0.051413655281066895,0.007372015621513128,1
1789134940685623,0.051413655281066895,0.007372015621513128,1
1789134940733623,0.0593186616897583,0.006040844134986401,1
1789134940745623,0.03637135028839111,0.005825221538543701,1
1789134940745623,0.03637135028839111,0.005825221538543701,1
1789134940745623,0.03637135028839111,0.005825221538543701,1
1789134940745623,0.03637135028839111,0.005825221538543701,1
1789134940781623,0.04823195934295654,0.00489962100982666,1
1789134940793623,0.041936278343200684,0.00471250107511878,1
1789134940805623,0.0355910062789917,0.004356969613581896,1
1789134940805623,0.0355910062789917,0.004356969613581896,1
1789134940805623,0.0355910062789917,0.004356969613581896,1
1789134940805623,0.0355910062789917,0.004356969613581896,1
1789134940805623,0.0355910062789917,0.004356969613581896,1
1789134940853623,0.06791222095489502,0.0032989666797220707,1
1789134940865623,0.05392110347747803,0.00310718035325408,1
1789134940865783,0.05392110347747803,0.00310718035325408,1
1789134940865783,0.05392110347747803,0.00310718035325408,1
1789134940865783,0.05392110347747803,0.00310718035325408,1
1789134940865783,0.05392110347747803,0.00310718035325408,1
1789134940913783,0.008586883544921875,0.002310269046574831,1
1789134940925783,-0.025272607803344727,0.0021808824967592955,1
1789134940925783,-0.025272607803344727,0.0021808824967592955,1
1789134940925783,-0.025272607803344727,0.0021808824967592955,1
1789134940925783,-0.025272607803344727,0.0021808824967592955,1
1789134940925783,-0.025272607803344727,0.0021808824967592955,1
1789134940973783,0.09344565868377686,0.0013711362844333053,1
1789134940985783,0.07136261463165283,0.0011824844405055046,1
1789134940985783,0.07136261463165283,0.0011824844405055046,1
1789134940985783,0.07136261463165283,0.0011824844405055046,1
1789134941009783,0.015788674354553223,0.0008380228537134826,1
1789134941009783,0.015788674354553223,0.0008380228537134826,1
1789134941033783,0.01251530647277832,0.0005993000231683254,1
1789134941045783,-0.001471400260925293,0.00043030630331486464,1
1789134941045783,-0.001471400260925293,0.00043030630331486464,1
1789134941045783,-0.001471400260925293,0.00043030630331486464,1
1789134941045783,-0.001471400260925293,0.00043030630331486464,1
1789134941045783,-0.001471400260925293,0.00043030630331486464,1
1789134941093783,0.08839607238769531,-0.000404332356993109,1
1789134941105783,0.06879270076751709,-0.0005842692335136235,1
1789134941105783,0.06879270076751709,-0.0005842692335136235,1
1789134941105783,0.06879270076751709,-0.0005842692335136235,1
1789134941105783,0.06879270076751709,-0.0005842692335136235,1
1789134941141783,0.02946460247039795,-0.001145511632785201,1
1789134941153783,0.018375754356384277,-0.0012196173192933202,1
1789134941165783,0.0016437768936157227,-0.0013215400977060199,1
1789134941165783,0.0016437768936157227,-0.0013215400977060199,1
1789134941165783,0.0016437768936157227,-0.0013215400977060199,1
1789134941165783,0.0016437768936157227,-0.0013215400977060199,1
1789134941165783,0.0016437768936157227,-0.0013215400977060199,1
1789134941213783,0.1845782995223999,-0.0025340465363115072,1
1789134941225783,0.18000411987304688,-0.0028308662585914135,1
1789134941225783,0.18000411987304688,-0.0028308662585914135,1
1789134941225783,0.18000411987304688,-0.0028308662585914135,1
1789134941225783,0.18000411987304688,-0.0028308662585914135,1
1789134941225783,0.18000411987304688,-0.0028308662585914135,1
1789134941273783,0.15333664417266846,-0.00457044318318367,1
1789134941285783,0.12125027179718018,-0.004996700678020716,1
1789134941285783,0.12125027179718018,-0.004996700678020716,1
1789134941285783,0.12125027179718018,-0.004996700678020716,1
1789134941309783,0.032221198081970215,-0.005230913870036602,1
1789134941309783,0.032221198081970215,-0.005230913870036602,1
1789134941333783,0.06249845027923584,-0.005422311369329691,1
1789134941345783,0.055316925048828125,-0.005511783994734287,1
1789134941345783,0.055316925048828125,-0.005511783994734287,1
1789134941345783,0.055316925048828125,-0.005511783994734287,1
1789134941345783,0.055316925048828125,-0.005511783994734287,1
1789134941345783,0.055316925048828125,-0.005511783994734287,1
1789134941393783,0.08978033065795898,-0.0059969923458993435,1
1789134941405783,0.05384397506713867,-0.006037043407559395,1
1789134941405783,0.05384397506713867,-0.006037043407559395,1
1789134941405783,0.05384397506713867,-0.006037043407559395,1
1789134941405783,0.05384397506713867,-0.006037043407559395,1
1789134941441783,0.03787863254547119,-0.005882153287529945,1
1789134941453783,0.03490591049194336,-0.005725918337702751,1
1789134941465783,0.054434895515441895,-0.005687310826033354,1
1789134941465783,0.054434895515441895,-0.005687310826033354,1
1789134941465783,0.054434895515441895,-0.005687310826033354,1
1789134941465783,0.054434895515441895,-0.005687310826033354,1
1789134941465783,0.054434895515441895,-0.005687310826033354,1
1789134941513783,0.10203993320465088,-0.005626077298074961,1
1789134941525783,0.07494664192199707,-0.005613366607576609,1
1789134941525783,0.07494664192199707,-0.005613366607576609,1
1789134941537783,0.03968048095703125,-0.0055532860569655895,1
1789134941537783,0.03968048095703125,-0.0055532860569655895,1
1789134941537783,0.03968048095703125,-0.0055532860569655895,1
1789134941573783,0.07474768161773682,-0.005192560143768787,1
1789134941585783,0.10612750053405762,-0.005135679617524147,1
1789134941585783,0.10612750053405762,-0.005135679617524147,1
1789134941585783,0.10612750053405762,-0.005135679617524147,1
1789134941585783,0.10612750053405762,-0.005135679617524147,1
1789134941585783,0.10612750053405762,-0.005135679617524147,1
1789134941633783,0.023801684379577637,-0.004732872825115919,1
1789134941645783,-0.014603972434997559,-0.0043561458587646484,1
1789134941645783,-0.014603972434997559,-0.0043561458587646484,1
1789134941645783,-0.014603972434997559,-0.0043561458587646484,1
1789134941669783,-0.037465453147888184,-0.0036222445778548717,1
1789134941669783,-0.037465453147888184,-0.0036222445778548717,1
1789134941693783,0.04848122596740723,-0.002961894264444709,1
1789134941705783,0.05281496047973633,-0.002837690757587552,1
1789134941705783,0.05281496047973633,-0.002837690757587552,1
1789134941705783,0.05281496047973633,-0.002837690757587552,1
1789134941705783,0.05281496047973633,-0.002837690757587552,1
1789134941705783,0.05281496047973633,-0.002837690757587552,1
1789134941753783,0.04964137077331543,-0.0021564483176916838,1
1789134941765783,0.0014486312866210938,-0.0017181969014927745,1
1789134941765783,0.0014486312866210938,-0.0017181969014927745,1
1789134941765783,0.0014486312866210938,-0.0017181969014927745,1
1789134941765783,0.0014486312866210938,-0.0017181969014927745,1
1789134941801783,0.005426883697509766,-0.0006071699317544699,1
1789134941813783,-0.02312946319580078,-8.676011930219829e-05,1
1789134941825783,0.010327935218811035,0.00016993688768707216,1
1789134941825783,0.010327935218811035,0.00016993688768707216,1
1789134941825783,0.010327935218811035,0.00016993688768707216,1
1789134941825783,0.010327935218811035,0.00016993688768707216,1
1789134941825783,0.010327935218811035,0.00016993688768707216,1
1789134941873783,-0.028395652770996094,0.0015837898245081306,1
1789134941885941,0.004673361778259277,0.002141420729458332,1
1789134941885941,0.004673361778259277,0.002141420729458332,1
1789134941885941,0.004673361778259277,0.002141420729458332,1
1789134941885941,0.004673361778259277,0.002141420729458332,1
1789134941885941,0.004673361778259277,0.002141420729458332,1
1789134941933941,-0.004843354225158691,0.0035610974300652742,1
1789134941945941,0.006882429122924805,0.00383607461117208,1
1789134941945941,0.006882429122924805,0.00383607461117208,1
1789134941945941,0.006882429122924805,0.00383607461117208,1
1789134941969941,-0.05637693405151367,0.004689568653702736,1
1789134941969941,-0.05637693405151367,0.004689568653702736,1
1789134941993941,-0.007712721824645996,0.005677944049239159,1
1789134942005941,0.02358376979827881,0.006171933840960264,1
1789134942005941,0.02358376979827881,0.006171933840960264,1
1789134942005941,0.02358376979827881,0.006171933840960264,1
1789134942005941,0.02358376979827881,0.006171933840960264,1
1789134942005941,0.02358376979827881,0.006171933840960264,1
1789134942053941,-0.05403625965118408,0.007938128896057606,1
1789134942065941,-0.053525567054748535,0.00829259306192398,1
1789134942065941,-0.053525567054748535,0.00829259306192398,1
1789134942065941,-0.053525567054748535,0.00829259306192398,1
1789134942065941,-0.053525567054748535,0.00829259306192398,1
1789134942101941,-0.0279848575592041,0.009701961651444435,1
1789134942113941,-0.006499767303466797,0.010003842413425446,1
1789134942125941,-0.008936285972595215,0.010515335015952587,1
1789134942125941,-0.008936285972595215,0.010515335015952587,1
1789134942125941,-0.008936285972595215,0.010515335015952587,1
1789134942125941,-0.008936285972595215,0.010515335015952587,1
1789134942125941,-0.008936285972595215,0.010515335015952587,1
1789134942173941,-0.020668745040893555,0.011994622647762299,1
1789134942185941,-0.04647171497344971,0.012304774485528469,1
1789134942185941,-0.04647171497344971,0.012304774485528469,1
1789134942197941,-0.06110250949859619,0.012939568608999252,1
1789134942197941,-0.06110250949859619,0.012939568608999252,1
1789134942197941,-0.06110250949859619,0.012939568608999252,1
1789134942233941,-0.0305325984954834,0.0140583086758852,1
1789134942245941,-0.007318735122680664,0.01458474900573492,1
1789134942245941,-0.007318735122680664,0.01458474900573492,1
1789134942245941,-0.007318735122680664,0.01458474900573492,1
1789134942245941,-0.007318735122680664,0.01458474900573492,1
1789134942245941,-0.007318735122680664,0.01458474900573492,1
1789134942293941,-0.003113985061645508,0.01596502773463726,1
1789134942305941,0.00764918327331543,0.016184523701667786,1
1789134942305941,0.00764918327331543,0.016184523701667786,1
1789134942305941,0.00764918327331543,0.016184523701667786,1
1789134942329941,-0.007833600044250488,0.01677379012107849,1
1789134942329941,-0.007833600044250488,0.01677379012107849,1
1789134942353941,-0.02866506576538086,0.017493650317192078,1
1789134942365941,-0.0409160852432251,0.018018661066889763,1
1789134942365941,-0.0409160852432251,0.018018661066889763,1
1789134942365941,-0.0409160852432251,0.018018661066889763,1
1789134942365941,-0.0409160852432251,0.018018661066889763,1
1789134942365941,-0.0409160852432251,0.018018661066889763,1
1789134942413941,0.025975584983825684,0.01930057257413864,1
1789134942425941,0.05097687244415283,0.019410278648138046,1
1789134942425941,0.05097687244415283,0.019410278648138046,1
1789134942425941,0.05097687244415283,0.019410278648138046,1
1789134942425941,0.05097687244415283,0.019410278648138046,1
1789134942461941,0.051872968673706055,0.019911065697669983,1
1789134942473941,0.06870627403259277,0.02000230737030506,1
1789134942485941,0.10239136219024658,0.020081672817468643,1
1789134942485941,0.10239136219024658,0.020081672817468643,1
1789134942485941,0.10239136219024658,0.020081672817468643,1
1789134942485941,0.10239136219024658,0.020081672817468643,1
1789134942485941,0.10239136219024658,0.020081672817468643,1
1789134942533941,-0.04907083511352539,0.020894913002848625,1
1789134942545941,-0.05186307430267334,0.02113301493227482,1
1789134942545941,-0.05186307430267334,0.02113301493227482,1
1789134942545941,-0.05186307430267334,0.02113301493227482,1
1789134942545941,-0.05186307430267334,0.02113301493227482,1
1789134942545941,-0.05186307430267334,0.02113301493227482,1
1789134942593941,-0.11069953441619873,0.02327374368906021,1
1789134942605941,-0.06248903274536133,0.0239226296544075,1
1789134942605941,-0.06248903274536133,0.0239226296544075,1
1789134942605941,-0.06248903274536133,0.0239226296544075,1
1789134942629941,-0.060227036476135254,0.024748897179961205,1
1789134942629941,-0.060227036476135254,0.024748897179961205,1
1789134942653941,-0.04298090934753418,0.025706155225634575,1
1789134942665941,0.003632068634033203,0.025915490463376045,1
1789134942665941,0.003632068634033203,0.025915490463376045,1
1789134942665941,0.003632068634033203,0.025915490463376045,1
1789134942665941,0.003632068634033203,0.025915490463376045,1
1789134942665941,0.003632068634033203,0.025915490463376045,1
1789134942713941,-0.07621324062347412,0.02740163542330265,1
1789134942725941,-0.00714266300201416,0.02787335216999054,1
1789134942725941,-0.00714266300201416,0.02787335216999054,1
1789134942725941,-0.00714266300201416,0.02787335216999054,1
1789134942725941,-0.00714266300201416,0.02787335216999054,1
1789134942761941,-0.021649837493896484,0.02832445316016674,1
1789134942773941,-0.03400397300720215,0.028661396354436874,1
1789134942785941,-0.03772103786468506,0.02883114665746689,1
1789134942785941,-0.03772103786468506,0.02883114665746689,1
1789134942785941,-0.03772103786468506,0.02883114665746689,1
1789134942785941,-0.03772103786468506,0.02883114665746689,1
1789134942785941,-0.03772103786468506,0.02883114665746689,1
1789134942833941,-0.02141392230987549,0.029921192675828934,1
1789134942845941,-0.006474018096923828,0.030192961916327477,1
1789134942845941,-0.006474018096923828,0.030192961916327477,1
1789134942857941,-0.00903928279876709,0.030291195958852768,1
1789134942869941,-0.020363211631774902,0.03051542304456234,1
1789134942870101,-0.020363211631774902,0.03051542304456234,1
1789134942894101,0.015082716941833496,0.030829627066850662,1
1789134942906101,0.0015162229537963867,0.03089156188070774,1
1789134942906101,0.0015162229537963867,0.03089156188070774,1
1789134942906101,0.0015162229537963867,0.03089156188070774,1
1789134942906101,0.0015162229537963867,0.03089156188070774,1
1789134942906101,0.0015162229537963867,0.03089156188070774,1
1789134942954101,0.0016787052154541016,0.03108907677233219,1
1789134942966101,-0.008458852767944336,0.03121327981352806,1
1789134942966101,-0.008458852767944336,0.03121327981352806,1
1789134942966101,-0.008458852767944336,0.03121327981352806,1
1789134942990101,-0.08488702774047852,0.03167504072189331,1
1789134942990101,-0.08488702774047852,0.03167504072189331,1
1789134943014101,-0.0035257339477539062,0.03202364221215248,1
1789134943026101,-0.022135257720947266,0.03207540512084961,1
1789134943026101,-0.022135257720947266,0.03207540512084961,1
1789134943026101,-0.022135257720947266,0.03207540512084961,1
1789134943026101,-0.022135257720947266,0.03207540512084961,1
1789134943062101,0.009463906288146973,0.03213321790099144,1
1789134943074101,0.017531633377075195,0.03213559836149216,1
1789134943086101,0.05921816825866699,0.03213515132665634,1
1789134943086101,0.05921816825866699,0.03213515132665634,1
1789134943086101,0.05921816825866699,0.03213515132665634,1
1789134943086101,0.05921816825866699,0.03213515132665634,1
1789134943122101,0.010996222496032715,0.031970392912626266,1
1789134943134101,0.0013649463653564453,0.031915199011564255,1
1789134943146101,0.024848103523254395,0.03187922388315201,1
1789134943146101,0.024848103523254395,0.03187922388315201,1
1789134943146101,0.024848103523254395,0.03187922388315201,1
1789134943146101,0.024848103523254395,0.03187922388315201,1
1789134943146101,0.024848103523254395,0.03187922388315201,1
1789134943194101,-0.002273082733154297,0.031734317541122437,1
1789134943206101,0.04217386245727539,0.031616661697626114,1
1789134943206101,0.04217386245727539,0.031616661697626114,1
1789134943206101,0.04217386245727539,0.031616661697626114,1
1789134943206101,0.04217386245727539,0.031616661697626114,1
1789134943206101,0.04217386245727539,0.031616661697626114,1
1789134943254101,0.1201242208480835,0.030717486515641212,1
1789134943266101,0.15323281288146973,0.03049979731440544,1
1789134943266101,0.15323281288146973,0.03049979731440544,1
1789134943266101,0.15323281288146973,0.03049979731440544,1
1789134943290101,0.134490966796875,0.02988114394247532,1
1789134943290101,0.134490966796875,0.02988114394247532,1
1789134943314101,0.05505228042602539,0.02949049323797226,1
1789134943326101,0.028065919876098633,0.0293129850178957,1
1789134943326101,0.028065919876098633,0.0293129850178957,1
1789134943326101,0.028065919876098633,0.0293129850178957,1
1789134943326101,0.028065919876098633,0.0293129850178957,1
1789134943326101,0.028065919876098633,0.0293129850178957,1
1789134943374101,0.08707427978515625,0.02808481454849243,1
1789134943386101,0.08237934112548828,0.02791474014520645,1
1789134943386101,0.08237934112548828,0.02791474014520645,1
1789134943386101,0.08237934112548828,0.02791474014520645,1
1789134943386101,0.08237934112548828,0.02791474014520645,1
1789134943422101,-0.01785886287689209,0.02769969403743744,1
1789134943434101,-0.042487502098083496,0.02776692435145378,1
1789134943446101,-0.0019572973251342773,0.027866533026099205,1
1789134943446101,-0.0019572973251342773,0.027866533026099205,1
1789134943446101,-0.0019572973251342773,0.027866533026099205,1
1789134943446101,-0.0019572973251342773,0.027866533026099205,1
1789134943446101,-0.0019572973251342773,0.027866533026099205,1
1789134943494101,-0.011677384376525879,0.027931148186326027,1
1789134943506101,-0.018353700637817383,0.02799670770764351,1
1789134943506101,-0.018353700637817383,0.02799670770764351,1
1789134943518101,0.07075858116149902,0.02807292714715004,1
1789134943518101,0.07075858116149902,0.02807292714715004,1
1789134943518101,0.07075858116149902,0.02807292714715004,1
1789134943554101,0.014052391052246094,0.027931418269872665,1
1789134943566101,0.03560924530029297,0.027869392186403275,1
1789134943566101,0.03560924530029297,0.027869392186403275,1
1789134943566101,0.03560924530029297,0.027869392186403275,1
1789134943566101,0.03560924530029297,0.027869392186403275,1
1789134943566101,0.03560924530029297,0.027869392186403275,1
1789134943614101,0.1377779245376587,0.027174687013030052,1
1789134943626101,0.16037285327911377,0.026982899755239487,1
1789134943626101,0.16037285327911377,0.026982899755239487,1
1789134943626101,0.16037285327911377,0.026982899755239487,1
1789134943650101,0.07257091999053955,0.026579225435853004,1
1789134943650101,0.07257091999053955,0.026579225435853004,1
1789134943674101,0.06574594974517822,0.026323573663830757,1
1789134943686101,0.033165812492370605,0.026129327714443207,1
1789134943686101,0.033165812492370605,0.026129327714443207,1
1789134943686101,0.033165812492370605,0.026129327714443207,1
1789134943686101,0.033165812492370605,0.026129327714443207,1
1789134943686101,0.033165812492370605,0.026129327714443207,1
1789134943734101,0.09487617015838623,0.02555616945028305,1
1789134943746101,0.07835376262664795,0.025426529347896576,1
1789134943746101,0.07835376262664795,0.025426529347896576,1
1789134943746101,0.07835376262664795,0.025426529347896576,1
1789134943746101,0.07835376262664795,0.025426529347896576,1
1789134943782101,0.06375443935394287,0.024876169860363007,1
1789134943794101,0.0537949800491333,0.02482096292078495,1
1789134943806101,0.03498685359954834,0.02474498748779297,1
1789134943806101,0.03498685359954834,0.02474498748779297,1
1789134943806101,0.03498685359954834,0.02474498748779297,1
1789134943806101,0.03498685359954834,0.02474498748779297,1
1789134943806101,0.03498685359954834,0.02474498748779297,1
1789134943854101,0.06689393520355225,0.02460223250091076,1
1789134943866101,0.06942343711853027,0.024538347497582436,1
1789134943866101,0.06942343711853027,0.024538347497582436,1
1789134943866101,0.06942343711853027,0.024538347497582436,1
1789134943866259,0.06942343711853027,0.024538347497582436,1
1789134943866259,0.06942343711853027,0.024538347497582436,1
1789134943914259,0.09857141971588135,0.02406809665262699,1
1789134943926259,0.07600414752960205,0.02394806407392025,1
1789134943926259,0.07600414752960205,0.02394806407392025,1
1789134943926259,0.07600414752960205,0.02394806407392025,1
1789134943950259,0.031123638153076172,0.02397937700152397,1
1789134943950259,0.031123638153076172,0.02397937700152397,1
1789134943974259,0.08691191673278809,0.02402259036898613,1
1789134943986259,0.08381772041320801,0.023981478065252304,1
1789134943986259,0.08381772041320801,0.023981478065252304,1
1789134943986259,0.08381772041320801,0.023981478065252304,1
1789134943986259,0.08381772041320801,0.023981478065252304,1
1789134943986259,0.08381772041320801,0.023981478065252304,1
1789134944034259,0.023299455642700195,0.02419373020529747,1
1789134944046259,0.05009424686431885,0.024311281740665436,1
1789134944046259,0.05009424686431885,0.024311281740665436,1
1789134944046259,0.05009424686431885,0.024311281740665436,1
1789134944046259,0.05009424686431885,0.024311281740665436,1
1789134944082259,0.06233024597167969,0.024435587227344513,1
1789134944094259,0.021003007888793945,0.024600893259048462,1
1789134944106259,0.03623402118682861,0.02469794452190399,1
1789134944106259,0.03623402118682861,0.02469794452190399,1
1789134944106259,0.03623402118682861,0.02469794452190399,1
1789134944106259,0.03623402118682861,0.02469794452190399,1
1789134944106259,0.03623402118682861,0.02469794452190399,1
1789134944154259,0.03453481197357178,0.02534240297973156,1
1789134944166259,0.07966065406799316,0.025471104308962822,1
1789134944166259,0.07966065406799316,0.025471104308962822,1
1789134944178259,0.05285036563873291,0.025521036237478256,1
1789134944178259,0.05285036563873291,0.025521036237478256,1
1789134944178259,0.05285036563873291,0.025521036237478256,1
1789134944214259,0.1127479076385498,0.02580208145081997,1
1789134944226259,0.1396162509918213,0.02579639106988907,1
1789134944226259,0.1396162509918213,0.02579639106988907,1
1789134944226259,0.1396162509918213,0.02579639106988907,1
1789134944226259,0.1396162509918213,0.02579639106988907,1
1789134944226259,0.1396162509918213,0.02579639106988907,1
1789134944274259,0.08896744251251221,0.025830458849668503,1
1789134944286259,0.03893709182739258,0.025988498702645302,1
1789134944286259,0.03893709182739258,0.025988498702645302,1
1789134944286259,0.03893709182739258,0.025988498702645302,1
1789134944310259,0.03684115409851074,0.026397457346320152,1
1789134944310259,0.03684115409851074,0.026397457346320152,1
1789134944334259,0.054688453674316406,0.026852771639823914,1
1789134944346259,0.04674184322357178,0.026962222531437874,1
1789134944346259,0.04674184322357178,0.026962222531437874,1
1789134944346259,0.04674184322357178,0.026962222531437874,1
1789134944346259,0.04674184322357178,0.026962222531437874,1
1789134944346259,0.04674184322357178,0.026962222531437874,1
1789134944394259,0.030171871185302734,0.02766878344118595,1
1789134944406259,-0.01665318012237549,0.028141120448708534,1
1789134944406259,-0.01665318012237549,0.028141120448708534,1
1789134944406259,-0.01665318012237549,0.028141120448708534,1
1789134944406259,-0.01665318012237549,0.028141120448708534,1
1789134944442259,0.03235065937042236,0.029067959636449814,1
1789134944454259,0.05547475814819336,0.029437927529215813,1
1789134944466259,0.052458763122558594,0.029597239568829536,1
1789134944466259,0.052458763122558594,0.029597239568829536,1
1789134944466259,0.052458763122558594,0.029597239568829536,1
1789134944466259,0.052458763122558594,0.029597239568829536,1
1789134944466259,0.052458763122558594,0.029597239568829536,1
1789134944514259,-0.013506054878234863,0.030721835792064667,1
1789134944526259,-0.02874445915222168,0.03129320964217186,1
1789134944526259,-0.02874445915222168,0.03129320964217186,1
1789134944526259,-0.02874445915222168,0.03129320964217186,1
1789134944526259,-0.02874445915222168,0.03129320964217186,1
1789134944526259,-0.02874445915222168,0.03129320964217186,1
1789134944574259,0.006481170654296875,0.032688405364751816,1
1789134944586259,0.02023935317993164,0.03290314972400665,1
1789134944586259,0.02023935317993164,0.03290314972400665,1
1789134944586259,0.02023935317993164,0.03290314972400665,1
1789134944610259,0.04582619667053223,0.03335283696651459,1
1789134944610259,0.04582619667053223,0.03335283696651459,1
1789134944634259,-0.016144871711730957,0.03397136926651001,1
1789134944646259,-0.04257822036743164,0.034522946923971176,1
1789134944646259,-0.04257822036743164,0.034522946923971176,1
1789134944646259,-0.04257822036743164,0.034522946923971176,1
1789134944646259,-0.04257822036743164,0.034522946923971176,1
1789134944646259,-0.04257822036743164,0.034522946923971176,1
1789134944694259,0.02743065357208252,0.035777509212493896,1
1789134944706259,0.05670726299285889,0.03591964766383171,1
1789134944706259,0.05670726299285889,0.03591964766383171,1
1789134944706259,0.05670726299285889,0.03591964766383171,1
1789134944706259,0.05670726299285889,0.03591964766383171,1
1789134944742259,0.019182443618774414,0.036509767174720764,1
1789134944754259,-0.00020122528076171875,0.036682259291410446,1
1789134944766259,-0.033196449279785156,0.03709999844431877,1
1789134944766259,-0.033196449279785156,0.03709999844431877,1
1789134944766259,-0.033196449279785156,0.03709999844431877,1
1789134944766259,-0.033196449279785156,0.03709999844431877,1
1789134944766259,-0.033196449279785156,0.03709999844431877,1
1789134944814259,-0.05116462707519531,0.03847098350524902,1
1789134944826259,-0.03433239459991455,0.038702525198459625,1
1789134944826259,-0.03433239459991455,0.038702525198459625,1
1789134944838259,-0.012555122375488281,0.03907119482755661,1
1789134944838259,-0.012555122375488281,0.03907119482755661,1
1789134944838259,-0.012555122375488281,0.03907119482755661,1
1789134944874259,-0.008781671524047852,0.03982078656554222,1
1789134944886259,0.0055468082427978516,0.04011397063732147,1
1789134944886417,0.0055468082427978516,0.04011397063732147,1
1789134944886417,0.0055468082427978516,0.04011397063732147,1
1789134944886417,0.0055468082427978516,0.04011397063732147,1
1789134944886417,0.0055468082427978516,0.04011397063732147,1
1789134944934417,-0.056162238121032715,0.041260335594415665,1
1789134944946417,-0.04687213897705078,0.04148328676819801,1
1789134944946417,-0.04687213897705078,0.04148328676819801,1
1789134944946417,-0.04687213897705078,0.04148328676819801,1
1789134944970417,-0.03762614727020264,0.04221896082162857,1
1789134944970417,-0.03762614727020264,0.04221896082162857,1
1789134944994417,0.019672751426696777,0.042662207037210464,1
1789134945006417,0.015636205673217773,0.04284661263227463,1
1789134945006417,0.015636205673217773,0.04284661263227463,1
1789134945006417,0.015636205673217773,0.04284661263227463,1
1789134945006417,0.015636205673217773,0.04284661263227463,1
1789134945006417,0.015636205673217773,0.04284661263227463,1
1789134945054417,-0.02196180820465088,0.04363405704498291,1
1789134945066417,-0.026773810386657715,0.043760210275650024,1
1789134945066417,-0.026773810386657715,0.043760210275650024,1
1789134945066417,-0.026773810386657715,0.043760210275650024,1
1789134945066417,-0.026773810386657715,0.043760210275650024,1
1789134945102417,-0.022962212562561035,0.04436245933175087,1
1789134945114417,-0.03285574913024902,0.04447019472718239,1
1789134945126417,0.012082934379577637,0.04462501406669617,1
1789134945126417,0.012082934379577637,0.04462501406669617,1
1789134945126417,0.012082934379577637,0.04462501406669617,1
1789134945126417,0.012082934379577637,0.04462501406669617,1
1789134945126417,0.012082934379577637,0.04462501406669617,1
1789134945174417,-0.030811190605163574,0.04488703981041908,1
1789134945186417,-0.011117219924926758,0.04496787115931511,1
1789134945186417,-0.011117219924926758,0.04496787115931511,1
1789134945186417,-0.011117219924926758,0.04496787115931511,1
1789134945186417,-0.011117219924926758,0.04496787115931511,1
1789134945186417,-0.011117219924926758,0.04496787115931511,1
1789134945234417,-0.004731535911560059,0.045341961085796356,1
1789134945246417,-0.0003312826156616211,0.04543077573180199,1
1789134945246417,-0.0003312826156616211,0.04543077573180199,1
1789134945246417,-0.0003312826156616211,0.04543077573180199,1
1789134945270417,0.010199666023254395,0.045478902757167816,1
1789134945270417,0.010199666023254395,0.045478902757167816,1
1789134945294417,0.002787470817565918,0.04551383852958679,1
1789134945306417,-0.014944076538085938,0.04553963616490364,1
1789134945306417,-0.014944076538085938,0.04553963616490364,1
1789134945306417,-0.014944076538085938,0.04553963616490364,1
1789134945306417,-0.014944076538085938,0.04553963616490364,1
1789134945306417,-0.014944076538085938,0.04553963616490364,1
1789134945354417,0.02194678783416748,0.0456799678504467,1
1789134945366417,0.03247416019439697,0.045593488961458206,1
1789134945366417,0.03247416019439697,0.045593488961458206,1
1789134945366417,0.03247416019439697,0.045593488961458206,1
1789134945366417,0.03247416019439697,0.045593488961458206,1
1789134945402417,0.015045166015625,0.04537809640169144,1
1789134945414417,-0.0019989013671875,0.045347560197114944,1
1789134945426417,-0.014292478561401367,0.04535228759050369,1
1789134945426417,-0.014292478561401367,0.04535228759050369,1
1789134945426417,-0.014292478561401367,0.04535228759050369,1
1789134945426417,-0.014292478561401367,0.04535228759050369,1
1789134945426417,-0.014292478561401367,0.04535228759050369,1
1789134945474417,-0.0007714033126831055,0.0454692579805851,1
1789134945486417,0.014812231063842773,0.04541991278529167,1
1789134945486417,0.014812231063842773,0.04541991278529167,1
1789134945498417,0.02284693717956543,0.04537297785282135,1
1789134945498417,0.02284693717956543,0.04537297785282135,1
1789134945498417,0.02284693717956543,0.04537297785282135,1
1789134945534417,0.0020180940628051758,0.04516477510333061,1
1789134945546417,-0.0003809928894042969,0.04515095055103302,1
1789134945546417,-0.0003809928894042969,0.04515095055103302,1
1789134945546417,-0.0003809928894042969,0.04515095055103302,1
1789134945546417,-0.0003809928894042969,0.04515095055103302,1
1789134945546417,-0.0003809928894042969,0.04515095055103302,1
1789134945594417,0.009863018989562988,0.045002423226833344,1
1789134945606417,0.024947285652160645,0.04489346221089363,1
1789134945606417,0.024947285652160645,0.04489346221089363,1
1789134945606417,0.024947285652160645,0.04489346221089363,1
1789134945630417,0.03508460521697998,0.04463304206728935,1
1789134945630417,0.03508460521697998,0.04463304206728935,1
1789134945654417,-0.004793047904968262,0.04441899061203003,1
1789134945666417,0.01658761501312256,0.044369228184223175,1
1789134945666417,0.01658761501312256,0.044369228184223175,1
1789134945666417,0.01658761501312256,0.044369228184223175,1
1789134945666417,0.01658761501312256,0.044369228184223175,1
1789134945666417,0.01658761501312256,0.044369228184223175,1
1789134945714417,-0.06910419464111328,0.044291358441114426,1
1789134945726417,-0.06275820732116699,0.044450096786022186,1
1789134945726417,-0.06275820732116699,0.044450096786022186,1
1789134945726417,-0.06275820732116699,0.044450096786022186,1
1789134945726417,-0.06275820732116699,0.044450096786022186,1
1789134945762417,-0.06869173049926758,0.04466628283262253,1
1789134945774417,-0.075653076171875,0.044807031750679016,1
1789134945786417,-0.07802999019622803,0.044892579317092896,1
1789134945786417,-0.07802999019622803,0.044892579317092896,1
1789134945786417,-0.07802999019622803,0.044892579317092896,1
1789134945786417,-0.07802999019622803,0.044892579317092896,1
1789134945786417,-0.07802999019622803,0.044892579317092896,1
1789134945834417,0.0697329044342041,0.04442957043647766,1
1789134945846417,0.09557652473449707,0.04397083818912506,1
1789134945846417,0.09557652473449707,0.04397083818912506,1
1789134945846417,0.09557652473449707,0.04397083818912506,1
1789134945870417,0.07385528087615967,0.04323835298418999,1
1789134945870417,0.07385528087615967,0.04323835298418999,1
1789134945894417,0.08875072002410889,0.042583316564559937,1
1789134945906574,0.06944489479064941,0.04234015941619873,1
1789134945906574,0.06944489479064941,0.04234015941619873,1
1789134945906574,0.06944489479064941,0.04234015941619873,1
1789134945930574,0.07900142669677734,0.041632648557424545,1
1789134945930574,0.07900142669677734,0.041632648557424545,1
1789134945954574,0.030031800270080566,0.040984731167554855,1
1789134945966574,0.05182003974914551,0.040616076439619064,1
1789134945966574,0.05182003974914551,0.040616076439619064,1
1789134945966574,0.05182003974914551,0.040616076439619064,1
1789134945966574,0.05182003974914551,0.040616076439619064,1
1789134945966574,0.05182003974914551,0.040616076439619064,1
1789134946014574,0.02864086627960205,0.03948339447379112,1
1789134946026574,0.0403752326965332,0.039305273443460464,1
1789134946026574,0.0403752326965332,0.039305273443460464,1
1789134946026574,0.0403752326965332,0.039305273443460464,1
1789134946026574,0.0403752326965332,0.039305273443460464,1
1789134946062574,0.007122397422790527,0.03859981149435043,1
1789134946074574,0.02454376220703125,0.03845496103167534,1
1789134946086574,0.0417553186416626,0.038173750042915344,1
1789134946086574,0.0417553186416626,0.038173750042915344,1
1789134946086574,0.0417553186416626,0.038173750042915344,1
1789134946086574,0.0417553186416626,0.038173750042915344,1
1789134946086574,0.0417553186416626,0.038173750042915344,1
1789134946134574,0.02368009090423584,0.037234146147966385,1
1789134946146574,0.019998669624328613,0.03708820417523384,1
1789134946146574,0.019998669624328613,0.03708820417523384,1
1789134946158574,0.012766122817993164,0.036820072680711746,1
1789134946158574,0.012766122817993164,0.036820072680711746,1
1789134946158574,0.012766122817993164,0.036820072680711746,1
1789134946194574,0.022157907485961914,0.036280401051044464,1
1789134946206574,0.033579230308532715,0.03591887280344963,1
1789134946206574,0.033579230308532715,0.03591887280344963,1
1789134946206574,0.033579230308532715,0.03591887280344963,1
1789134946206574,0.033579230308532715,0.03591887280344963,1
1789134946206574,0.033579230308532715,0.03591887280344963,1
1789134946254574,0.07703244686126709,0.03482486307621002,1
1789134946266574,0.09470498561859131,0.0345291830599308,1
1789134946266574,0.09470498561859131,0.0345291830599308,1
1789134946266574,0.09470498561859131,0.0345291830599308,1
1789134946290574,-0.033585429191589355,0.03404084965586662,1
1789134946290574,-0.033585429191589355,0.03404084965586662,1
1789134946314574,0.0369492769241333,0.03365534916520119,1
1789134946326574,0.07522189617156982,0.03320310637354851,1
1789134946326574,0.07522189617156982,0.03320310637354851,1
1789134946326574,0.07522189617156982,0.03320310637354851,1
1789134946326574,0.07522189617156982,0.03320310637354851,1
1789134946326574,0.07522189617156982,0.03320310637354851,1
1789134946374574,0.05015444755554199,0.03163221850991249,1
1789134946386574,0.04607224464416504,0.031408727169036865,1
1789134946386574,0.04607224464416504,0.031408727169036865,1
1789134946386574,0.04607224464416504,0.031408727169036865,1
1789134946386574,0.04607224464416504,0.031408727169036865,1
1789134946422574,-0.029056549072265625,0.03080693632364273,1
1789134946434574,-0.007269859313964844,0.030682845041155815,1
1789134946446574,0.03386664390563965,0.03032044507563114,1
1789134946446574,0.03386664390563965,0.03032044507563114,1
1789134946446574,0.03386664390563965,0.03032044507563114,1
1789134946446574,0.03386664390563965,0.03032044507563114,1
1789134946446574,0.03386664390563965,0.03032044507563114,1
1789134946494574,0.013937711715698242,0.0292440764605999,1
1789134946506574,0.001835465431213379,0.029079832136631012,1
1789134946506574,0.001835465431213379,0.029079832136631012,1
1789134946506574,0.001835465431213379,0.029079832136631012,1
1789134946506574,0.001835465431213379,0.029079832136631012,1
1789134946506574,0.001835465431213379,0.029079832136631012,1
1789134946554574,0.049130797386169434,0.02789773792028427,1
1789134946566574,0.025098323822021484,0.027413928881287575,1
1789134946566574,0.025098323822021484,0.027413928881287575,1
1789134946566574,0.025098323822021484,0.027413928881287575,1
1789134946590574,0.027745723724365234,0.02675551362335682,1
1789134946590574,0.027745723724365234,0.02675551362335682,1
1789134946614574,0.019506216049194336,0.026044221594929695,1
1789134946626574,0.029563307762145996,0.025824982672929764,1
1789134946626574,0.029563307762145996,0.025824982672929764,1
1789134946626574,0.029563307762145996,0.025824982672929764,1
1789134946626574,0.029563307762145996,0.025824982672929764,1
1789134946626574,0.029563307762145996,0.025824982672929764,1
1789134946674574,-0.01072227954864502,0.024706579744815826,1
1789134946686574,-0.009863495826721191,0.02434309758245945,1
1789134946686574,-0.009863495826721191,0.02434309758245945,1
1789134946686574,-0.009863495826721191,0.02434309758245945,1
1789134946686574,-0.009863495826721191,0.02434309758245945,1
1789134946722574,-0.01050102710723877,0.023591529577970505,1
1789134946734574,0.030766725540161133,0.023163404315710068,1
1789134946746574,0.006126523017883301,0.022942399606108665,1
1789134946746574,0.006126523017883301,0.022942399606108665,1
1789134946746574,0.006126523017883301,0.022942399606108665,1
1789134946746574,0.006126523017883301,0.022942399606108665,1
1789134946746574,0.006126523017883301,0.022942399606108665,1
1789134946794574,0.03616940975189209,0.02147960290312767,1
1789134946806574,0.020970821380615234,0.020931564271450043,1
1789134946806574,0.020970821380615234,0.020931564271450043,1
1789134946818574,0.021738052368164062,0.02070760913193226,1
1789134946818574,0.021738052368164062,0.02070760913193226,1
1789134946818574,0.021738052368164062,0.02070760913193226,1
1789134946854574,0.06020462512969971,0.01945987157523632,1
1789134946866574,0.0321582555770874,0.019163956865668297,1
1789134946866574,0.0321582555770874,0.019163956865668297,1
1789134946866574,0.0321582555770874,0.019163956865668297,1
1789134946866574,0.0321582555770874,0.019163956865668297,1
1789134946866732,0.0321582555770874,0.019163956865668297,1
1789134946914732,0.043111562728881836,0.017784910276532173,1
1789134946926732,0.02226865291595459,0.017246918752789497,1
1789134946926732,0.02226865291595459,0.017246918752789497,1
1789134946926732,0.02226865291595459,0.017246918752789497,1
1789134946950732,0.011414647102355957,0.016553545370697975,1
1789134946950732,0.011414647102355957,0.016553545370697975,1
1789134946974732,0.02760624885559082,0.015854019671678543,1
1789134946986732,0.023713231086730957,0.01561644859611988,1
1789134946986732,0.023713231086730957,0.01561644859611988,1
1789134946986732,0.023713231086730957,0.01561644859611988,1
1789134946986732,0.023713231086730957,0.01561644859611988,1
1789134946986732,0.023713231086730957,0.01561644859611988,1
1789134947034732,0.0505523681640625,0.014230800792574883,1
1789134947046732,0.026064276695251465,0.013722449541091919,1
1789134947046732,0.026064276695251465,0.013722449541091919,1
1789134947046732,0.026064276695251465,0.013722449541091919,1
1789134947046732,0.026064276695251465,0.013722449541091919,1
1789134947082732,-0.036893248558044434,0.012801810167729855,1
1789134947094732,0.002106189727783203,0.012450027279555798,1
1789134947106732,-0.011846661567687988,0.012267407961189747,1
1789134947106732,-0.011846661567687988,0.012267407961189747,1
1789134947106732,-0.011846661567687988,0.012267407961189747,1
1789134947106732,-0.011846661567687988,0.012267407961189747,1
1789134947106732,-0.011846661567687988,0.012267407961189747,1
1789134947154732,0.06062483787536621,0.010809049941599369,1
1789134947166732,0.05298423767089844,0.010205901227891445,1
1789134947166732,0.05298423767089844,0.010205901227891445,1
1789134947166732,0.05298423767089844,0.010205901227891445,1
1789134947166732,0.05298423767089844,0.010205901227891445,1
1789134947166732,0.05298423767089844,0.010205901227891445,1
1789134947214732,0.09975218772888184,0.008327390067279339,1
1789134947226732,0.07159197330474854,0.008009377866983414,1
1789134947226732,0.07159197330474854,0.008009377866983414,1
1789134947226732,0.07159197330474854,0.008009377866983414,1
1789134947250732,0.11365950107574463,0.007032474502921104,1
1789134947250732,0.11365950107574463,0.007032474502921104,1
1789134947274732,0.06506764888763428,0.0060517932288348675,1
1789134947286732,0.05348682403564453,0.005483795888721943,1
1789134947286732,0.05348682403564453,0.005483795888721943,1
1789134947286732,0.05348682403564453,0.005483795888721943,1
1789134947286732,0.05348682403564453,0.005483795888721943,1
1789134947286732,0.05348682403564453,0.005483795888721943,1
1789134947334732,0.13097286224365234,0.003572736866772175,1
1789134947346732,0.1031339168548584,0.003214780706912279,1
1789134947346732,0.1031339168548584,0.003214780706912279,1
1789134947346732,0.1031339168548584,0.003214780706912279,1
1789134947346732,0.1031339168548584,0.003214780706912279,1
1789134947382732,0.11195540428161621,0.0017485887510702014,1
1789134947394732,0.0934685468673706,0.0014411843148991466,1
1789134947406732,0.05762457847595215,0.0008910817559808493,1
1789134947406732,0.05762457847595215,0.0008910817559808493,1
1789134947406732,0.05762457847595215,0.0008910817559808493,1
1789134947406732,0.05762457847595215,0.0008910817559808493,1
1789134947406732,0.05762457847595215,0.0008910817559808493,1
1789134947454732,0.08416211605072021,-0.0004719867429230362,1
1789134947466732,0.07734227180480957,-0.0007172475452534854,1
1789134947466732,0.07734227180480957,-0.0007172475452534854,1
1789134947478732,0.09516656398773193,-0.0012035995023325086,1
1789134947478732,0.09516656398773193,-0.0012035995023325086,1
1789134947478732,0.09516656398773193,-0.0012035995023325086,1
1789134947514732,0.05708968639373779,-0.0019724764861166477,1
1789134947526732,0.07816135883331299,-0.0022940265480428934,1
1789134947526732,0.07816135883331299,-0.0022940265480428934,1
1789134947526732,0.07816135883331299,-0.0022940265480428934,1
1789134947526732,0.07816135883331299,-0.0022940265480428934,1
1789134947526732,0.07816135883331299,-0.0022940265480428934,1
1789134947574732,0.05235481262207031,-0.0031766940373927355,1
1789134947586732,0.052779436111450195,-0.0033006034791469574,1
1789134947586732,0.052779436111450195,-0.0033006034791469574,1
1789134947586732,0.052779436111450195,-0.0033006034791469574,1
1789134947610732,0.0066242218017578125,-0.003567417850717902,1
1789134947610732,0.0066242218017578125,-0.003567417850717902,1
1789134947634732,0.014951467514038086,-0.0036766284611076117,1
1789134947646732,0.02334129810333252,-0.0038015360478311777,1
1789134947646732,0.02334129810333252,-0.0038015360478311777,1
1789134947646732,0.02334129810333252,-0.0038015360478311777,1
1789134947646732,0.02334129810333252,-0.0038015360478311777,1
1789134947646732,0.02334129810333252,-0.0038015360478311777,1
1789134947694732,0.06345474720001221,-0.004292404279112816,1
1789134947706732,0.028623223304748535,-0.00435759499669075,1
1789134947706732,0.028623223304748535,-0.00435759499669075,1
1789134947706732,0.028623223304748535,-0.00435759499669075,1
1789134947706732,0.028623223304748535,-0.00435759499669075,1
1789134947742732,0.021962642669677734,-0.0044569349847733974,1
1789134947754732,0.04671192169189453,-0.004483690485358238,1
1789134947766732,0.04906010627746582,-0.004588405601680279,1
1789134947766732,0.04906010627746582,-0.004588405601680279,1
1789134947766732,0.04906010627746582,-0.004588405601680279,1
1789134947766732,0.04906010627746582,-0.004588405601680279,1
1789134947766732,0.04906010627746582,-0.004588405601680279,1
1789134947814732,-0.01559913158416748,-0.004529063124209642,1
1789134947826732,-0.007944345474243164,-0.0044602686539292336,1
1789134947826732,-0.007944345474243164,-0.0044602686539292336,1
1789134947826732,-0.007944345474243164,-0.0044602686539292336,1
1789134947826732,-0.007944345474243164,-0.0044602686539292336,1
1789134947826732,-0.007944345474243164,-0.0044602686539292336,1
1789134947874732,0.03543555736541748,-0.004377241712063551,1
1789134947886732,0.047348737716674805,-0.004406107123941183,1
1789134947886732,0.047348737716674805,-0.004406107123941183,1
1789134947886732,0.047348737716674805,-0.004406107123941183,1
1789134947910889,0.02846658229827881,-0.00443293759599328,1
1789134947910889,0.02846658229827881,-0.00443293759599328,1
1789134947934889,0.022650718688964844,-0.004308820236474276,1
1789134947946889,-0.008143186569213867,-0.004250884987413883,1
1789134947946889,-0.008143186569213867,-0.004250884987413883,1
1789134947946889,-0.008143186569213867,-0.004250884987413883,1
1789134947946889,-0.008143186569213867,-0.004250884987413883,1
1789134947946889,-0.008143186569213867,-0.004250884987413883,1
1789134947994889,0.04779672622680664,-0.004010055214166641,1
1789134948006889,0.06452441215515137,-0.004050350282341242,1
1789134948006889,0.06452441215515137,-0.004050350282341242,1
1789134948006889,0.06452441215515137,-0.004050350282341242,1
1789134948006889,0.06452441215515137,-0.004050350282341242,1
1789134948042889,0.027228832244873047,-0.004068633541464806,1
1789134948054889,-0.01067352294921875,-0.0038845667149871588,1
1789134948066889,-0.022247672080993652,-0.0037559515330940485,1
1789134948066889,-0.022247672080993652,-0.0037559515330940485,1
1789134948066889,-0.022247672080993652,-0.0037559515330940485,1
1789134948066889,-0.022247672080993652,-0.0037559515330940485,1
1789134948066889,-0.022247672080993652,-0.0037559515330940485,1
1789134948114889,0.028044819831848145,-0.003045878140255809,1
1789134948126889,0.0473780632019043,-0.0029448128771036863,1
1789134948126889,0.0473780632019043,-0.0029448128771036863,1
1789134948138889,0.05981016159057617,-0.0029212385416030884,1
1789134948138889,0.05981016159057617,-0.0029212385416030884,1
1789134948138889,0.05981016159057617,-0.0029212385416030884,1
1789134948174889,-0.0007560253143310547,-0.0025790901854634285,1
1789134948186889,-0.007650852203369141,-0.0024432220961898565,1
1789134948186889,-0.007650852203369141,-0.0024432220961898565,1
1789134948186889,-0.007650852203369141,-0.0024432220961898565,1
1789134948186889,-0.007650852203369141,-0.0024432220961898565,1
1789134948186889,-0.007650852203369141,-0.0024432220961898565,1
1789134948234889,-0.0391010046005249,-0.0015832976205274463,1
1789134948246889,-0.02946019172668457,-0.0012384337605908513,1
1789134948246889,-0.02946019172668457,-0.0012384337605908513,1
1789134948246889,-0.02946019172668457,-0.0012384337605908513,1
1789134948270889,0.01094365119934082,-0.0008657182333990932,1
1789134948270889,0.01094365119934082,-0.0008657182333990932,1
1789134948294889,0.03155672550201416,-0.0006518689915537834,1
1789134948306889,0.061911821365356445,-0.0006008439813740551,1
1789134948306889,0.061911821365356445,-0.0006008439813740551,1
1789134948306889,0.061911821365356445,-0.0006008439813740551,1
1789134948306889,0.061911821365356445,-0.0006008439813740551,1
1789134948306889,0.061911821365356445,-0.0006008439813740551,1
1789134948354889,-0.015388846397399902,-0.00012048718053847551,1
1789134948366889,-0.05408322811126709,0.00017978721007239074,1
1789134948366889,-0.05408322811126709,0.00017978721007239074,1
1789134948366889,-0.05408322811126709,0.00017978721007239074,1
1789134948366889,-0.05408322811126709,0.00017978721007239074,1
1789134948402889,-0.030508756637573242,0.0010096117621287704,1
1789134948414889,-0.02088141441345215,0.001282273093238473,1
1789134948426889,0.016772866249084473,0.0013908195542171597,1
1789134948426889,0.016772866249084473,0.0013908195542171597,1
1789134948426889,0.016772866249084473,0.0013908195542171597,1
1789134948426889,0.016772866249084473,0.0013908195542171597,1
1789134948426889,0.016772866249084473,0.0013908195542171597,1
1789134948474889,-0.02964913845062256,0.0019363969331607223,1
1789134948486889,-0.08499264717102051,0.002271527424454689,1
1789134948486889,-0.08499264717102051,0.002271527424454689,1
1789134948486889,-0.08499264717102051,0.002271527424454689,1
1789134948486889,-0.08499264717102051,0.002271527424454689,1
1789134948486889,-0.08499264717102051,0.002271527424454689,1
1789134948534889,-0.06781542301177979,0.003713858313858509,1
1789134948546889,-0.04627847671508789,0.003873850917443633,1
1789134948546889,-0.04627847671508789,0.003873850917443633,1
1789134948546889,-0.04627847671508789,0.003873850917443633,1
1789134948570889,-0.056252360343933105,0.004315691068768501,1
1789134948570889,-0.056252360343933105,0.004315691068768501,1
1789134948594889,-0.085854172706604,0.004858292639255524,1
1789134948606889,-0.05326950550079346,0.005264238454401493,1
1789134948606889,-0.05326950550079346,0.005264238454401493,1
1789134948606889,-0.05326950550079346,0.005264238454401493,1
1789134948606889,-0.05326950550079346,0.005264238454401493,1
1789134948606889,-0.05326950550079346,0.005264238454401493,1
1789134948654889,0.09352743625640869,0.005174000281840563,1
1789134948666889,0.07700693607330322,0.005091862287372351,1
1789134948666889,0.07700693607330322,0.005091862287372351,1
1789134948666889,0.07700693607330322,0.005091862287372351,1
1789134948666889,0.07700693607330322,0.005091862287372351,1
1789134948702889,0.016957402229309082,0.004861572757363319,1
1789134948714889,0.010350942611694336,0.004850943572819233,1
1789134948726889,-0.013143658638000488,0.004874327685683966,1
1789134948726889,-0.013143658638000488,0.004874327685683966,1
1789134948726889,-0.013143658638000488,0.004874327685683966,1
1789134948726889,-0.013143658638000488,0.004874327685683966,1
1789134948726889,-0.013143658638000488,0.004874327685683966,1
1789134948774889,0.0025905370712280273,0.004994038958102465,1
1789134948786889,0.013120174407958984,0.004982879851013422,1
1789134948786889,0.013120174407958984,0.004982879851013422,1
1789134948798889,0.016745686531066895,0.0049305749125778675,1
1789134948798889,0.016745686531066895,0.0049305749125778675,1
1789134948798889,0.016745686531066895,0.0049305749125778675,1
1789134948834889,-0.007528901100158691,0.004913941025733948,1
1789134948846889,-0.028892159461975098,0.005035892128944397,1
1789134948846889,-0.028892159461975098,0.005035892128944397,1
1789134948846889,-0.028892159461975098,0.005035892128944397,1
1789134948870889,0.014574408531188965,0.00516287749633193,1
1789134948870889,0.014574408531188965,0.00516287749633193,1
1789134948894889,0.0017751455307006836,0.005214771255850792,1
1789134948906889,0.017754197120666504,0.005216552410274744,1
1789134948907044,0.017754197120666504,0.005216552410274744,1
1789134948907044,0.017754197120666504,0.005216552410274744,1
1789134948931044,0.046814680099487305,0.005139654967933893,1
1789134948931044,0.046814680099487305,0.005139654967933893,1
1789134948955044,-0.01587355136871338,0.005169369745999575,1
1789134948967044,-0.010091066360473633,0.0052729216404259205,1
1789134948967044,-0.010091066360473633,0.0052729216404259205,1
1789134948967044,-0.010091066360473633,0.0052729216404259205,1
1789134948967044,-0.010091066360473633,0.0052729216404259205,1
1789134948967044,-0.010091066360473633,0.0052729216404259205,1
1789134949015044,0.03397107124328613,0.005190541967749596,1
1789134949027044,0.038643479347229004,0.00515662832185626,1
1789134949027044,0.038643479347229004,0.00515662832185626,1
1789134949027044,0.038643479347229004,0.00515662832185626,1
1789134949027044,0.038643479347229004,0.00515662832185626,1
1789134949063044,0.015845656394958496,0.005026984494179487,1
1789134949075044,0.012990355491638184,0.005043547600507736,1
1789134949087044,-0.000720977783203125,0.005091088358312845,1
1789134949087044,-0.000720977783203125,0.005091088358312845,1
1789134949087044,-0.000720977783203125,0.005091088358312845,1
1789134949087044,-0.000720977783203125,0.005091088358312845,1
1789134949087044,-0.000720977783203125,0.005091088358312845,1
1789134949135044,0.04000699520111084,0.005153680220246315,1
1789134949147044,0.04807603359222412,0.005132155958563089,1
1789134949147044,0.04807603359222412,0.005132155958563089,1
1789134949147044,0.04807603359222412,0.005132155958563089,1
1789134949147044,0.04807603359222412,0.005132155958563089,1
1789134949147044,0.04807603359222412,0.005132155958563089,1
1789134949195044,0.0008627176284790039,0.005085998680442572,1
1789134949207044,-0.024827122688293457,0.005275415256619453,1
1789134949207044,-0.024827122688293457,0.005275415256619453,1
1789134949207044,-0.024827122688293457,0.005275415256619453,1
1789134949231044,0.02606332302093506,0.00553889200091362,1
1789134949231044,0.02606332302093506,0.00553889200091362,1
1789134949255044,0.011523604393005371,0.005681285168975592,1
1789134949267044,0.011312603950500488,0.005734079983085394,1
1789134949267044,0.011312603950500488,0.005734079983085394,1
1789134949267044,0.011312603950500488,0.005734079983085394,1
1789134949267044,0.011312603950500488,0.005734079983085394,1
1789134949267044,0.011312603950500488,0.005734079983085394,1
1789134949315044,-0.057342529296875,0.006312498822808266,1
1789134949327044,-0.07790815830230713,0.006712995003908873,1
1789134949327044,-0.07790815830230713,0.006712995003908873,1
1789134949327044,-0.07790815830230713,0.006712995003908873,1
1789134949327044,-0.07790815830230713,0.006712995003908873,1
1789134949363044,-0.002615213394165039,0.007146845106035471,1
1789134949375044,0.022081732749938965,0.0072652907110750675,1
1789134949387044,0.007398843765258789,0.007316160947084427,1
1789134949387044,0.007398843765258789,0.007316160947084427,1
1789134949387044,0.007398843765258789,0.007316160947084427,1
1789134949387044,0.007398843765258789,0.007316160947084427,1
1789134949387044,0.007398843765258789,0.007316160947084427,1
1789134949435044,-0.04156613349914551,0.007830779999494553,1
1789134949447044,-0.045417189598083496,0.008103352040052414,1
1789134949447044,-0.045417189598083496,0.008103352040052414,1
1789134949459044,-0.04466533660888672,0.00824694149196148,1
1789134949459044,-0.04466533660888672,0.00824694149196148,1
1789134949459044,-0.04466533660888672,0.00824694149196148,1
1789134949495044,0.014291048049926758,0.00855515617877245,1
1789134949507044,-0.002261042594909668,0.008604445494711399,1
1789134949507044,-0.002261042594909668,0.008604445494711399,1
1789134949507044,-0.002261042594909668,0.008604445494711399,1
1789134949507044,-0.002261042594909668,0.008604445494711399,1
1789134949507044,-0.002261042594909668,0.008604445494711399,1
1789134949555044,0.011519789695739746,0.008949022740125656,1
1789134949567044,-0.010841608047485352,0.009069055318832397,1
1789134949567044,-0.010841608047485352,0.009069055318832397,1
1789134949567044,-0.010841608047485352,0.009069055318832397,1
1789134949591044,-0.0027703046798706055,0.009313169866800308,1
1789134949591044,-0.0027703046798706055,0.009313169866800308,1
1789134949615044,0.02160036563873291,0.009421425871551037,1
1789134949627044,0.0016126632690429688,0.009440742433071136,1
1789134949627044,0.0016126632690429688,0.009440742433071136,1
1789134949627044,0.0016126632690429688,0.009440742433071136,1
1789134949627044,0.0016126632690429688,0.009440742433071136,1
1789134949627044,0.0016126632690429688,0.009440742433071136,1
1789134949675044,-0.03043544292449951,0.009566334076225758,1
1789134949687044,-0.048207640647888184,0.009747653268277645,1
1789134949687044,-0.048207640647888184,0.009747653268277645,1
1789134949687044,-0.048207640647888184,0.009747653268277645,1
1789134949687044,-0.048207640647888184,0.009747653268277645,1
1789134949723044,-0.08444535732269287,0.010343676432967186,1
1789134949735044,-0.08832812309265137,0.010685720480978489,1
1789134949747044,-0.07710063457489014,0.010838055983185768,1
1789134949747044,-0.07710063457489014,0.010838055983185768,1
1789134949747044,-0.07710063457489014,0.010838055983185768,1
1789134949747044,-0.07710063457489014,0.010838055983185768,1
1789134949747044,-0.07710063457489014,0.010838055983185768,1
1789134949795044,-0.08822464942932129,0.011701219715178013,1
1789134949807044,-0.08929610252380371,0.01200148370116949,1
1789134949807044,-0.08929610252380371,0.01200148370116949,1
1789134949807044,-0.08929610252380371,0.01200148370116949,1
1789134949807044,-0.08929610252380371,0.01200148370116949,1
1789134949807044,-0.08929610252380371,0.01200148370116949,1
1789134949855044,-0.05382490158081055,0.012638610787689686,1
1789134949867044,-0.04900825023651123,0.012700451537966728,1
1789134949867044,-0.04900825023651123,0.012700451537966728,1
1789134949867044,-0.04900825023651123,0.012700451537966728,1
1789134949891044,-0.08156263828277588,0.012990911491215229,1
1789134949891044,-0.08156263828277588,0.012990911491215229,1
1789134949915044,-0.01756727695465088,0.013145060278475285,1
1789134949927202,-0.027005553245544434,0.013101816177368164,1
1789134949927202,-0.027005553245544434,0.013101816177368164,1
1789134949927202,-0.027005553245544434,0.013101816177368164,1
1789134949927202,-0.027005553245544434,0.013101816177368164,1
1789134949927202,-0.027005553245544434,0.013101816177368164,1
1789134949975202,-0.0025827884674072266,0.012813677079975605,1
1789134949987202,-0.011402606964111328,0.01273755170404911,1
1789134949987202,-0.011402606964111328,0.01273755170404911,1
1789134949987202,-0.011402606964111328,0.01273755170404911,1
1789134949987202,-0.011402606964111328,0.01273755170404911,1
1789134950023202,-0.0019600391387939453,0.01223236508667469,1
1789134950035202,-0.004977583885192871,0.012113051488995552,1
1789134950047202,0.010466694831848145,0.011885921470820904,1
1789134950047202,0.010466694831848145,0.011885921470820904,1
1789134950047202,0.010466694831848145,0.011885921470820904,1
1789134950047202,0.010466694831848145,0.011885921470820904,1
1789134950047202,0.010466694831848145,0.011885921470820904,1
1789134950095202,0.025839567184448242,0.01105011161416769,1
1789134950107202,0.017839670181274414,0.01088682096451521,1
1789134950107202,0.017839670181274414,0.01088682096451521,1
1789134950119202,0.028907418251037598,0.010543650016188622,1
1789134950119202,0.028907418251037598,0.010543650016188622,1
1789134950119202,0.028907418251037598,0.010543650016188622,1
1789134950155202,0.024561166763305664,0.009845604188740253,1
1789134950167202,0.003826618194580078,0.009543037973344326,1
1789134950167202,0.003826618194580078,0.009543037973344326,1
1789134950167202,0.003826618194580078,0.009543037973344326,1
1789134950167202,0.003826618194580078,0.009543037973344326,1
1789134950167202,0.003826618194580078,0.009543037973344326,1
1789134950215202,0.011600613594055176,0.008788722567260265,1
1789134950227202,0.013617873191833496,0.008636917918920517,1
1789134950227202,0.013617873191833496,0.008636917918920517,1
1789134950227202,0.013617873191833496,0.008636917918920517,1
1789134950251202,0.021121859550476074,0.008204301819205284,1
1789134950251202,0.021121859550476074,0.008204301819205284,1
1789134950275202,0.017969608306884766,0.007773213088512421,1
1789134950287202,0.03487873077392578,0.007430064957588911,1
1789134950287202,0.03487873077392578,0.007430064957588911,1
1789134950287202,0.03487873077392578,0.007430064957588911,1
1789134950287202,0.03487873077392578,0.007430064957588911,1
1789134950287202,0.03487873077392578,0.007430064957588911,1
1789134950335202,0.0060950517654418945,0.006431307177990675,1
1789134950347202,-0.00922536849975586,0.006316282786428928,1
1789134950347202,-0.00922536849975586,0.006316282786428928,1
1789134950347202,-0.00922536849975586,0.006316282786428928,1
1789134950347202,-0.00922536849975586,0.006316282786428928,1
1789134950383202,0.004197478294372559,0.005771951284259558,1
1789134950395202,0.03411853313446045,0.005622098222374916,1
1789134950407202,0.030057311058044434,0.005286330357193947,1
1789134950407202,0.030057311058044434,0.005286330357193947,1
1789134950407202,0.030057311058044434,0.005286330357193947,1
1789134950407202,0.030057311058044434,0.005286330357193947,1
1789134950407202,0.030057311058044434,0.005286330357193947,1
1789134950455202,0.09487771987915039,0.00405494449660182,1
1789134950467202,0.07351064682006836,0.0038116544019430876,1
1789134950467202,0.07351064682006836,0.0038116544019430876,1
1789134950467202,0.07351064682006836,0.0038116544019430876,1
1789134950467202,0.07351064682006836,0.0038116544019430876,1
1789134950467202,0.07351064682006836,0.0038116544019430876,1
1789134950515202,0.08182799816131592,0.002439231611788273,1
1789134950527202,0.09893596172332764,0.0019134243484586477,1
1789134950527202,0.09893596172332764,0.0019134243484586477,1
1789134950527202,0.09893596172332764,0.0019134243484586477,1
1789134950551202,0.09353625774383545,0.0011993933003395796,1
1789134950551202,0.09353625774383545,0.0011993933003395796,1
1789134950575202,0.04596257209777832,0.0005805181572213769,1
1789134950587202,0.035439372062683105,0.0004241962742526084,1
1789134950587202,0.035439372062683105,0.0004241962742526084,1
1789134950587202,0.035439372062683105,0.0004241962742526084,1
1789134950587202,0.035439372062683105,0.0004241962742526084,1
1789134950587202,0.035439372062683105,0.0004241962742526084,1
1789134950635202,0.058647871017456055,-0.0005977589753456414,1
1789134950647202,0.045712947845458984,-0.000926757522393018,1
1789134950647202,0.045712947845458984,-0.000926757522393018,1
1789134950647202,0.045712947845458984,-0.000926757522393018,1
1789134950647202,0.045712947845458984,-0.000926757522393018,1
1789134950683202,0.060703277587890625,-0.0015648935222998261,1
1789134950695202,0.04654335975646973,-0.001805375562980771,1
1789134950707202,0.015445947647094727,-0.001893143984489143,1
1789134950707202,0.015445947647094727,-0.001893143984489143,1
1789134950707202,0.015445947647094727,-0.001893143984489143,1
1789134950707202,0.015445947647094727,-0.001893143984489143,1
1789134950707202,0.015445947647094727,-0.001893143984489143,1
1789134950755202,0.05030667781829834,-0.0023562118876725435,1
1789134950767202,0.03564774990081787,-0.0025570245925337076,1
1789134950767202,0.03564774990081787,-0.0025570245925337076,1
1789134950779202,0.03046095371246338,-0.0026224814355373383,1
1789134950779202,0.03046095371246338,-0.0026224814355373383,1
1789134950779202,0.03046095371246338,-0.0026224814355373383,1
1789134950815202,0.011536478996276855,-0.0030376745853573084,1
1789134950827202,0.012967467308044434,-0.0030611392576247454,1
1789134950827202,0.012967467308044434,-0.0030611392576247454,1
1789134950827202,0.012967467308044434,-0.0030611392576247454,1
1789134950827202,0.012967467308044434,-0.0030611392576247454,1
1789134950827202,0.012967467308044434,-0.0030611392576247454,1
1789134950875202,-0.02613067626953125,-0.002888738177716732,1
1789134950887202,0.014879226684570312,-0.002835827646777034,1
1789134950887202,0.014879226684570312,-0.002835827646777034,1
1789134950887202,0.014879226684570312,-0.002835827646777034,1
1789134950911202,0.007300972938537598,-0.002885861322283745,1
1789134950911357,0.007300972938537598,-0.002885861322283745,1
1789134950935357,-0.011546492576599121,-0.0027878996916115284,1
1789134950947357,-0.009667396545410156,-0.0027549280785024166,1
1789134950947357,-0.009667396545410156,-0.0027549280785024166,1
1789134950947357,-0.009667396545410156,-0.0027549280785024166,1
1789134950947357,-0.009667396545410156,-0.0027549280785024166,1
1789134950947357,-0.009667396545410156,-0.0027549280785024166,1
1789134950995357,-0.01857447624206543,-0.0023942950647324324,1
1789134951007357,0.02056419849395752,-0.002349411603063345,1
1789134951007357,0.02056419849395752,-0.002349411603063345,1
1789134951007357,0.02056419849395752,-0.002349411603063345,1
1789134951007357,0.02056419849395752,-0.002349411603063345,1
1789134951043357,-0.017184734344482422,-0.0023230183869600296,1
1789134951055357,-0.035886287689208984,-0.002206500619649887,1
1789134951067357,-0.028738975524902344,-0.0021335806231945753,1
1789134951067357,-0.028738975524902344,-0.0021335806231945753,1
1789134951067357,-0.028738975524902344,-0.0021335806231945753,1
1789134951067357,-0.028738975524902344,-0.0021335806231945753,1
1789134951067357,-0.028738975524902344,-0.0021335806231945753,1
1789134951115357,-0.016557693481445312,-0.0018586072837933898,1
1789134951127357,0.01433253288269043,-0.0018571107648313046,1
1789134951127357,0.01433253288269043,-0.0018571107648313046,1
1789134951127357,0.01433253288269043,-0.0018571107648313046,1
1789134951127357,0.01433253288269043,-0.0018571107648313046,1
1789134951127357,0.01433253288269043,-0.0018571107648313046,1
1789134951175357,-0.047091126441955566,-0.0018700807122513652,1
1789134951187357,-0.031099319458007812,-0.0018146312795579433,1
1789134951187357,-0.031099319458007812,-0.0018146312795579433,1
1789134951187357,-0.031099319458007812,-0.0018146312795579433,1
1789134951211357,-0.01725780963897705,-0.0017501856200397015,1
1789134951211357,-0.01725780963897705,-0.0017501856200397015,1
1789134951235357,-0.005175471305847168,-0.001746465335600078,1
1789134951247357,0.00933825969696045,-0.0018079490400850773,1
1789134951247357,0.00933825969696045,-0.0018079490400850773,1
1789134951247357,0.00933825969696045,-0.0018079490400850773,1
1789134951247357,0.00933825969696045,-0.0018079490400850773,1
1789134951247357,0.00933825969696045,-0.0018079490400850773,1
1789134951295357,-0.010984063148498535,-0.002046847017481923,1
1789134951307357,-0.020759105682373047,-0.0020423971582204103,1
1789134951307357,-0.020759105682373047,-0.0020423971582204103,1
1789134951307357,-0.020759105682373047,-0.0020423971582204103,1
1789134951307357,-0.020759105682373047,-0.0020423971582204103,1
1789134951343357,0.004010915756225586,-0.0020089345052838326,1
1789134951355357,0.0010460615158081055,-0.0020462891552597284,1
1789134951367357,0.002573847770690918,-0.002081814920529723,1
1789134951367357,0.002573847770690918,-0.002081814920529723,1
1789134951367357,0.002573847770690918,-0.002081814920529723,1
1789134951367357,0.002573847770690918,-0.002081814920529723,1
1789134951367357,0.002573847770690918,-0.002081814920529723,1
1789134951415357,-0.013462185859680176,-0.0023002950474619865,1
1789134951427357,-0.030596256256103516,-0.0022858879528939724,1
1789134951427357,-0.030596256256103516,-0.0022858879528939724,1
1789134951439357,-0.032076358795166016,-0.002267377218231559,1
1789134951439357,-0.032076358795166016,-0.002267377218231559,1
1789134951439357,-0.032076358795166016,-0.002267377218231559,1
1789134951475357,0.0062103271484375,-0.0023368429392576218,1
1789134951487357,0.016230106353759766,-0.0024515383411198854,1
1789134951487357,0.016230106353759766,-0.0024515383411198854,1
1789134951487357,0.016230106353759766,-0.0024515383411198854,1
1789134951487357,0.016230106353759766,-0.0024515383411198854,1
1789134951487357,0.016230106353759766,-0.0024515383411198854,1
1789134951535357,0.033994436264038086,-0.0030318889766931534,1
1789134951547357,-0.002968907356262207,-0.0031039759051054716,1
1789134951547357,-0.002968907356262207,-0.0031039759051054716,1
1789134951547357,-0.002968907356262207,-0.0031039759051054716,1
1789134951571357,-0.020879507064819336,-0.0030895781237632036,1
1789134951571357,-0.020879507064819336,-0.0030895781237632036,1
1789134951595357,-0.022337675094604492,-0.003045534249395132,1
1789134951607357,-0.01569342613220215,-0.003058400936424732,1
1789134951607357,-0.01569342613220215,-0.003058400936424732,1
1789134951607357,-0.01569342613220215,-0.003058400936424732,1
1789134951607357,-0.01569342613220215,-0.003058400936424732,1
1789134951607357,-0.01569342613220215,-0.003058400936424732,1
1789134951655357,-0.02645289897918701,-0.003372662700712681,1
1789134951667357,-0.022731304168701172,-0.0033724894747138023,1
1789134951667357,-0.022731304168701172,-0.0033724894747138023,1
1789134951667357,-0.022731304168701172,-0.0033724894747138023,1
1789134951667357,-0.022731304168701172,-0.0033724894747138023,1
1789134951703357,-0.02294325828552246,-0.003351133782416582,1
1789134951715357,-0.019289016723632812,-0.0033753651659935713,1
1789134951727357,-0.0053528547286987305,-0.0034578689374029636,1
1789134951727357,-0.0053528547286987305,-0.0034578689374029636,1
1789134951727357,-0.0053528547286987305,-0.0034578689374029636,1
1789134951727357,-0.0053528547286987305,-0.0034578689374029636,1
1789134951727357,-0.0053528547286987305,-0.0034578689374029636,1
1789134951775357,-0.03829216957092285,-0.0036965622566640377,1
1789134951787357,-0.042111992835998535,-0.003689906094223261,1
1789134951787357,-0.042111992835998535,-0.003689906094223261,1
1789134951787357,-0.042111992835998535,-0.003689906094223261,1
1789134951787357,-0.042111992835998535,-0.003689906094223261,1
1789134951787357,-0.042111992835998535,-0.003689906094223261,1
1789134951835357,0.001504659652709961,-0.003753237659111619,1
1789134951847357,0.01044929027557373,-0.0039159939624369144,1
1789134951847357,0.01044929027557373,-0.0039159939624369144,1
1789134951847357,0.01044929027557373,-0.0039159939624369144,1
1789134951871357,-0.012573480606079102,-0.004106353968381882,1
1789134951871357,-0.012573480606079102,-0.004106353968381882,1
1789134951895357,-0.0483933687210083,-0.004178858362138271,1
1789134951907357,-0.0545353889465332,-0.004166767932474613,1
1789134951907357,-0.0545353889465332,-0.004166767932474613,1
1789134951907513,-0.0545353889465332,-0.004166767932474613,1
1789134951907513,-0.0545353889465332,-0.004166767932474613,1
1789134951907513,-0.0545353889465332,-0.004166767932474613,1
1789134951955513,0.027773261070251465,-0.00436751265078783,1
1789134951967513,0.025117874145507812,-0.004586393479257822,1
1789134951967513,0.025117874145507812,-0.004586393479257822,1
1789134951967513,0.025117874145507812,-0.004586393479257822,1
1789134951967513,0.025117874145507812,-0.004586393479257822,1
1789134952003513,-0.05145835876464844,-0.004936582874506712,1
1789134952015513,-0.03577709197998047,-0.004938691388815641,1
1789134952027513,-0.021320700645446777,-0.004961656406521797,1
1789134952027513,-0.021320700645446777,-0.004961656406521797,1
1789134952027513,-0.021320700645446777,-0.004961656406521797,1
1789134952027513,-0.021320700645446777,-0.004961656406521797,1
1789134952063513,-0.042971014976501465,-0.005025080870836973,1
1789134952075513,-0.03763270378112793,-0.005032313987612724,1
1789134952087513,-0.022294282913208008,-0.005108857061713934,1
1789134952087513,-0.022294282913208008,-0.005108857061713934,1
1789134952099513,-0.017429828643798828,-0.00514972023665905,1
1789134952099513,-0.017429828643798828,-0.00514972023665905,1
1789134952099513,-0.017429828643798828,-0.00514972023665905,1
1789134952135513,0.01877903938293457,-0.0055625648237764835,1
1789134952147513,0.03423917293548584,-0.005682825110852718,1
1789134952147513,0.03423917293548584,-0.005682825110852718,1
1789134952147513,0.03423917293548584,-0.005682825110852718,1
1789134952147513,0.03423917293548584,-0.005682825110852718,1
1789134952147513,0.03423917293548584,-0.005682825110852718,1
1789134952195513,-0.022652745246887207,-0.006248788442462683,1
1789134952207513,-0.03352344036102295,-0.006341797765344381,1
1789134952207513,-0.03352344036102295,-0.006341797765344381,1
1789134952207513,-0.03352344036102295,-0.006341797765344381,1
1789134952231513,-0.012474298477172852,-0.006488548591732979,1
1789134952231513,-0.012474298477172852,-0.006488548591732979,1
1789134952255513,-0.032787322998046875,-0.006639672443270683,1
1789134952267513,0.0002542734146118164,-0.006700183264911175,1
1789134952267513,0.0002542734146118164,-0.006700183264911175,1
1789134952267513,0.0002542734146118164,-0.006700183264911175,1
1789134952267513,0.0002542734146118164,-0.006700183264911175,1
1789134952267513,0.0002542734146118164,-0.006700183264911175,1
1789134952315513,-0.021014094352722168,-0.0072371577844023705,1
1789134952327513,-0.029894232749938965,-0.00729889003559947,1
1789134952327513,-0.029894232749938965,-0.00729889003559947,1
1789134952327513,-0.029894232749938965,-0.00729889003559947,1
1789134952327513,-0.029894232749938965,-0.00729889003559947,1
