timestamp,speed_error,velocity_active
1789134801063013,0.0,0
1789134801063013,0.0,0
1789134801099013,0.0,0
1789134801111013,0.0,0
1789134801123013,0.0,0
1789134801123013,0.0,0
1789134801123013,0.0,0
1789134801123013,0.0,0
1789134801159013,0.0,0
1789134801171013,0.0,0
1789134801183013,0.0,0
1789134801183013,0.0,0
1789134801183013,0.0,0
1789134801183013,0.0,0
1789134801219013,0.0,0
1789134801231013,0.0,0
1789134801243013,0.0,0
1789134801243177,0.0,0
1789134801243177,0.0,0
1789134801267177,0.0,0
1789134801267177,0.0,0
1789134801291177,0.0,0
1789134801303177,0.0,0
1789134801303177,0.0,0
1789134801303177,0.0,0
1789134801303177,0.0,0
1789134801303177,0.0,0
1789134801351177,0.0,0
1789134801363177,0.0,0
1789134801363177,0.0,0
1789134801363177,0.0,0
1789134801363177,0.0,0
1789134801399177,0.0,0
1789134801411177,0.0,0
1789134801423177,0.0,0
1789134801423177,0.0,0
1789134801423177,0.0,0
1789134801423177,0.0,0
1789134801459177,0.0,0
1789134801471177,0.0,0
1789134801483177,0.0,0
1789134801483177,0.0,0
1789134801483177,0.0,0
1789134801483177,0.0,0
1789134801483177,0.0,0
1789134801531177,0.0,0
1789134801543177,0.0,0
1789134801543177,0.0,0
1789134801543177,0.0,0
1789134801543177,0.0,0
1789134801579177,0.0,0
1789134801591177,0.0,0
1789134801603177,0.0,0
1789134801603177,0.0,0
1789134801603177,0.0,0
1789134801603177,0.0,0
1789134801603177,0.0,0
1789134801651177,0.0,0
1789134801663177,0.0,0
1789134801663177,0.0,0
1789134801663177,0.0,0
1789134801663177,0.0,0
1789134801663177,0.0,0
1789134801711177,0.0,0
1789134801723177,0.0,0
1789134801723177,0.0,0
1789134801723177,0.0,0
1789134801723177,0.0,0
1789134801723177,0.0,0
1789134801771177,0.0,0
1789134801783177,0.0,0
1789134801783177,0.0,0
1789134801783177,0.0,0
1789134801783177,0.0,0
1789134801783177,0.0,0
1789134801831177,0.0,0
1789134801843177,0.0,0
1789134801843177,0.0,0
1789134801843177,0.0,0
1789134801843177,0.0,0
1789134801843177,0.0,0
1789134801891177,0.0,0
1789134801903177,0.0,0
1789134801903177,0.0,0
1789134801903177,0.0,0
1789134801927177,0.0,0
1789134801927177,0.0,0
1789134801951177,0.0,0
1789134801963177,0.0,0
1789134801963177,0.0,0
1789134801963177,0.0,0
1789134801963177,0.0,0
1789134801963177,0.0,0
1789134802011177,0.0,0
1789134802023177,0.0,0
1789134802023177,0.0,0
1789134802023177,0.0,0
1789134802023177,0.0,0
1789134802059177,0.0,0
1789134802071177,0.0,0
1789134802083177,0.0,0
1789134802083177,0.0,0
1789134802095177,0.0,0
1789134802095177,0.0,0
1789134802095177,0.0,0
1789134802131177,0.0,0
1789134802143177,0.0,0
1789134802143177,0.0,0
1789134802143177,0.0,0
1789134802143177,0.0,0
1789134802179177,0.0,0
1789134802191177,0.0,0
1789134802203177,0.0,0
1789134802203177,0.0,0
1789134802203177,0.0,0
1789134802203177,0.0,0
1789134802203177,0.0,0
1789134802251341,0.0,0
1789134802263341,0.0,0
1789134802263341,0.0,0
1789134802263341,0.0,0
1789134802263341,0.0,0
1789134802263341,0.0,0
1789134802311341,0.0,0
1789134802323341,0.0,0
1789134802323341,0.0,0
1789134802323341,0.0,0
1789134802323341,0.0,0
1789134802359341,0.0,0
1789134802371341,0.0,0
1789134802383341,0.0,0
1789134802383341,0.0,0
1789134802383341,0.0,0
1789134802383341,0.0,0
1789134802383341,0.0,0
1789134802431341,0.0,0
1789134802443341,0.0,0
1789134802443341,0.0,0
1789134802443341,0.0,0
1789134802443341,0.0,0
1789134802443341,0.0,0
1789134802491341,0.0,0
1789134802503341,0.0,0
1789134802503341,0.0,0
1789134802503341,0.0,0
1789134802503341,0.0,0
1789134802503341,0.0,0
1789134802551341,0.0,0
1789134802563341,0.0,0
1789134802563341,0.0,0
1789134802563341,0.0,0
1789134802563341,0.0,0
1789134802563341,0.0,0
1789134802611341,0.0,0
1789134802623341,0.0,0
1789134802623341,0.0,0
1789134802623341,0.0,0
1789134802623341,0.0,0
1789134802659341,0.0,0
1789134802671341,0.0,0
1789134802683341,0.0,0
1789134802683341,0.0,0
1789134802683341,0.0,0
1789134802683341,0.0,0
1789134802719341,0.0,0
1789134802731341,0.0,0
1789134802743341,0.0,0
1789134802743341,0.0,0
1789134802743341,0.0,0
1789134802743341,0.0,0
1789134802779341,0.0,0
1789134802791341,0.0,0
1789134802803341,0.0,0
1789134802803341,0.0,0
1789134802803341,0.0,0
1789134802803341,0.0,0
1789134802803341,0.0,0
1789134802851341,0.0,0
1789134802863341,0.0,0
1789134802863341,0.0,0
1789134802863341,0.0,0
1789134802863341,0.0,0
1789134802899341,0.0,0
1789134802911341,0.0,0
1789134802923341,0.0,0
1789134802923341,0.0,0
1789134802923341,0.0,0
1789134802923341,0.0,0
1789134802923341,0.0,0
1789134802971341,0.0,0
1789134802983341,0.0,0
1789134802983341,0.0,0
1789134802983341,0.0,0
1789134802983341,0.0,0
1789134803019341,0.0,0
1789134803031341,0.0,0
1789134803043341,0.0,0
1789134803043341,0.0,0
1789134803043341,0.0,0
1789134803043341,0.0,0
1789134803043341,0.0,0
1789134803091341,0.0,0
1789134803103341,0.0,0
1789134803103341,0.0,0
1789134803103341,0.0,0
1789134803103341,0.0,0
1789134803103341,0.0,0
1789134803151341,0.0,0
1789134803163341,0.0,0
1789134803163341,0.0,0
1789134803163341,0.0,0
1789134803163341,0.0,0
1789134803163341,0.0,0
1789134803211341,0.0,0
1789134803223341,0.0,0
1789134803223341,0.0,0
1789134803223341,0.0,0
1789134803223504,0.0,0
1789134803223504,0.0,0
1789134803271504,0.0,0
1789134803283504,0.0,0
1789134803283504,0.0,0
1789134803283504,0.0,0
1789134803283504,0.0,0
1789134803283504,0.0,0
1789134803331504,0.0,0
1789134803343504,0.0,0
1789134803343504,0.0,0
1789134803343504,0.0,0
1789134803343504,0.0,0
1789134803379504,0.0,0
1789134803391504,0.0,0
1789134803403504,0.0,0
1789134803403504,0.0,0
1789134803403504,0.0,0
1789134803403504,0.0,0
1789134803403504,0.0,0
1789134803451504,0.0,0
1789134803463504,0.0,0
1789134803463504,0.0,0
1789134803463504,0.0,0
1789134803463504,0.0,0
1789134803463504,0.0,0
1789134803511504,0.0,0
1789134803523504,0.0,0
1789134803523504,0.0,0
1789134803523504,0.0,0
1789134803523504,0.0,0
1789134803523504,0.0,0
1789134803571504,0.0,0
1789134803583504,0.0,0
1789134803583504,0.0,0
1789134803583504,0.0,0
1789134803583504,0.0,0
1789134803619504,0.0,0
1789134803631504,0.0,0
1789134803643504,0.0,0
1789134803643504,0.0,0
1789134803643504,0.0,0
1789134803643504,0.0,0
1789134803679504,0.0,0
1789134803691504,0.0,0
1789134803703504,0.0,0
1789134803703504,0.0,0
1789134803703504,0.0,0
1789134803703504,0.0,0
1789134803739504,0.0,0
1789134803751504,0.0,0
1789134803763504,0.0,0
1789134803763504,0.0,0
1789134803763504,0.0,0
1789134803763504,0.0,0
1789134803763504,0.0,0
1789134803811504,0.0,0
1789134803823504,0.0,0
1789134803823504,0.0,0
1789134803823504,0.0,0
1789134803823504,0.0,0
1789134803823504,0.0,0
1789134803871504,0.0,0
1789134803883504,0.0,0
1789134803883504,0.0,0
1789134803883504,0.0,0
1789134803883504,0.0,0
1789134803883504,0.0,0
1789134803931504,0.0,0
1789134803943504,0.0,0
1789134803943504,0.0,0
1789134803943504,0.0,0
1789134803943504,0.0,0
1789134803979504,0.0,0
1789134803991504,0.0,0
1789134804003504,0.0,0
1789134804003504,0.0,0
1789134804003504,0.0,0
1789134804003504,0.0,0
1789134804039504,0.0,0
1789134804051504,0.0,0
1789134804063504,0.0,0
1789134804063504,0.0,0
1789134804063504,0.0,0
1789134804063504,0.0,0
1789134804099504,0.0,0
1789134804111504,0.0,0
1789134804123504,0.0,0
1789134804123504,0.0,0
1789134804123504,0.0,0
1789134804123504,0.0,0
1789134804123504,0.0,0
1789134804171504,0.0,0
1789134804183504,0.0,0
1789134804183504,0.0,0
1789134804183504,0.0,0
1789134804183504,0.0,0
1789134804219504,0.0,0
1789134804231504,0.0,0
1789134804243504,0.0,0
1789134804243504,0.0,0
1789134804243667,0.0,0
1789134804243667,0.0,0
1789134804243667,0.0,0
1789134804291667,0.0,0
1789134804291667,0.0,0
1789134804291667,0.0,0
1789134804291667,0.0,0
1789134804291667,0.0,0
1789134804339667,0.0,0
1789134804351667,0.0,0
1789134804363667,0.0,0
1789134804363667,0.0,0
1789134804363667,0.0,0
1789134804363667,0.0,0
1789134804363667,0.0,0
1789134804411667,0.0,0
1789134804423667,0.0,0
1789134804423667,0.0,0
1789134804423667,0.0,0
1789134804423667,0.0,0
1789134804423667,0.0,0
1789134804471667,0.0,0
1789134804483667,0.0,0
1789134804483667,0.0,0
1789134804483667,0.0,0
1789134804483667,0.0,0
1789134804483667,0.0,0
1789134804531667,0.0,0
1789134804543667,0.0,0
1789134804543667,0.0,0
1789134804543667,0.0,0
1789134804567667,0.0,0
1789134804567667,0.0,0
1789134804591667,0.0,0
1789134804603667,0.0,0
1789134804603667,0.0,0
1789134804603667,0.0,0
1789134804603667,0.0,0
1789134804603667,0.0,0
1789134804651667,0.0,0
1789134804663667,0.0,0
1789134804663667,0.0,0
1789134804663667,0.0,0
1789134804663667,0.0,0
1789134804699667,0.0,0
1789134804711667,0.0,0
1789134804723667,0.0,0
1789134804723667,0.0,0
1789134804723667,0.0,0
1789134804723667,0.0,0
1789134804723667,0.0,0
1789134804771667,0.0,0
1789134804783667,0.0,0
1789134804783667,0.0,0
1789134804783667,0.0,0
1789134804783667,0.0,0
1789134804819667,0.0,0
1789134804831667,0.0,0
1789134804843667,0.0,0
1789134804843667,0.0,0
1789134804843667,0.0,0
1789134804843667,0.0,0
1789134804843667,0.0,0
1789134804891667,1.9975987672805786,1
1789134804903667,1.9972918033599854,1
1789134804903667,1.9972918033599854,1
1789134804903667,1.9972918033599854,1
1789134804903667,1.9972918033599854,1
1789134804903667,1.9972918033599854,1
1789134804951667,1.5503292083740234,1
1789134804963667,1.4870060682296753,1
1789134804963667,1.4870060682296753,1
1789134804963667,1.4870060682296753,1
1789134804963667,1.4870060682296753,1
1789134804999667,1.1257781982421875,1
1789134805011667,1.0491852760314941,1
1789134805023667,0.9327505826950073,1
1789134805023667,0.9327505826950073,1
1789134805023667,0.9327505826950073,1
1789134805023667,0.9327505826950073,1
1789134805023667,0.9327505826950073,1
1789134805071667,0.46865928173065186,1
1789134805083667,0.39042961597442627,1
1789134805083667,0.39042961597442627,1
1789134805083667,0.39042961597442627,1
1789134805083667,0.39042961597442627,1
1789134805083667,0.39042961597442627,1
1789134805131667,-0.0579829216003418,1
1789134805143667,-0.17287898063659668,1
1789134805143667,-0.17287898063659668,1
1789134805143667,-0.17287898063659668,1
1789134805143667,-0.17287898063659668,1
1789134805179667,0.05167198181152344,1
1789134805191667,0.20230138301849365,1
1789134805203667,0.2640979290008545,1
1789134805203667,0.2640979290008545,1
1789134805203667,0.2640979290008545,1
1789134805203667,0.2640979290008545,1
1789134805203667,0.2640979290008545,1
1789134805251667,-0.1508331298828125,1
1789134805263667,-0.31371068954467773,1
1789134805263830,-0.31371068954467773,1
1789134805263830,-0.31371068954467773,1
1789134805263830,-0.31371068954467773,1
1789134805263830,-0.31371068954467773,1
1789134805311830,-0.03608298301696777,1
1789134805323830,0.014340996742248535,1
1789134805323830,0.014340996742248535,1
1789134805323830,0.014340996742248535,1
1789134805323830,0.014340996742248535,1
1789134805359830,0.3821197748184204,1
1789134805371830,0.4186006784439087,1
1789134805383830,0.24081873893737793,1
1789134805383830,0.24081873893737793,1
1789134805383830,0.24081873893737793,1
1789134805383830,0.24081873893737793,1
1789134805419830,-0.03242135047912598,1
1789134805431830,-0.11339855194091797,1
1789134805443830,-0.03926515579223633,1
1789134805443830,-0.03926515579223633,1
1789134805443830,-0.03926515579223633,1
1789134805443830,-0.03926515579223633,1
1789134805443830,-0.03926515579223633,1
1789134805491830,0.4293452501296997,1
1789134805503830,0.5805295705795288,1
1789134805503830,0.5805295705795288,1
1789134805503830,0.5805295705795288,1
1789134805503830,0.5805295705795288,1
1789134805503830,0.5805295705795288,1
1789134805551830,0.056746602058410645,1
1789134805563830,-0.027530670166015625,1
1789134805563830,-0.027530670166015625,1
1789134805563830,-0.027530670166015625,1
1789134805563830,-0.027530670166015625,1
1789134805563830,-0.027530670166015625,1
1789134805611830,0.15656185150146484,1
1789134805623830,0.3093067407608032,1
1789134805623830,0.3093067407608032,1
1789134805623830,0.3093067407608032,1
1789134805623830,0.3093067407608032,1
1789134805659830,-0.026331663131713867,1
1789134805671830,-0.11882424354553223,1
1789134805683830,-0.06152462959289551,1
1789134805683830,-0.06152462959289551,1
1789134805683830,-0.06152462959289551,1
1789134805683830,-0.06152462959289551,1
1789134805683830,-0.06152462959289551,1
1789134805731830,0.4124631881713867,1
1789134805743830,0.56421959400177,1
1789134805743830,0.56421959400177,1
1789134805743830,0.56421959400177,1
1789134805743830,0.56421959400177,1
1789134805779830,0.21548902988433838,1
1789134805791830,0.06659626960754395,1
1789134805803830,-0.01819324493408203,1
1789134805803830,-0.01819324493408203,1
1789134805803830,-0.01819324493408203,1
1789134805803830,-0.01819324493408203,1
1789134805803830,-0.01819324493408203,1
1789134805851830,0.2641422748565674,1
1789134805863830,0.41728103160858154,1
1789134805863830,0.41728103160858154,1
1789134805863830,0.41728103160858154,1
1789134805887830,0.1598721742630005,1
1789134805887830,0.1598721742630005,1
1789134805911830,-0.043819427490234375,1
1789134805923830,-0.11346745491027832,1
1789134805923830,-0.11346745491027832,1
1789134805923830,-0.11346745491027832,1
1789134805923830,-0.11346745491027832,1
1789134805923830,-0.11346745491027832,1
1789134805971830,0.21515750885009766,1
1789134805983830,0.3596158027648926,1
1789134805983830,0.3596158027648926,1
1789134805983830,0.3596158027648926,1
1789134805983830,0.3596158027648926,1
1789134806019830,0.007471799850463867,1
1789134806031830,-0.07240462303161621,1
1789134806043830,0.07040166854858398,1
1789134806043830,0.07040166854858398,1
1789134806043830,0.07040166854858398,1
1789134806043830,0.07040166854858398,1
1789134806043830,0.07040166854858398,1
1789134806091830,0.30429279804229736,1
1789134806103830,0.30016088485717773,1
1789134806103830,0.30016088485717773,1
1789134806103830,0.30016088485717773,1
1789134806103830,0.30016088485717773,1
1789134806139830,0.007427811622619629,1
1789134806151830,-0.0676577091217041,1
1789134806163830,0.003664255142211914,1
1789134806163830,0.003664255142211914,1
1789134806163830,0.003664255142211914,1
1789134806163830,0.003664255142211914,1
1789134806163830,0.003664255142211914,1
1789134806211830,0.482014536857605,1
1789134806223830,0.6323552131652832,1
1789134806223830,0.6323552131652832,1
1789134806223830,0.6323552131652832,1
1789134806223830,0.6323552131652832,1
1789134806223830,0.6323552131652832,1
1789134806271993,0.09270894527435303,1
1789134806283993,0.012889504432678223,1
1789134806283993,0.012889504432678223,1
1789134806283993,0.012889504432678223,1
1789134806283993,0.012889504432678223,1
1789134806319993,0.12723398208618164,1
1789134806331993,0.1608278751373291,1
1789134806343993,0.0015085935592651367,1
1789134806343993,0.0015085935592651367,1
1789134806343993,0.0015085935592651367,1
1789134806343993,0.0015085935592651367,1
1789134806343993,0.0015085935592651367,1
1789134806391993,0.2215646505355835,1
1789134806403993,0.304398775100708,1
1789134806403993,0.304398775100708,1
1789134806403993,0.304398775100708,1
1789134806403993,0.304398775100708,1
1789134806403993,0.304398775100708,1
1789134806451993,-0.08973097801208496,1
1789134806463993,-0.23811817169189453,1
1789134806463993,-0.23811817169189453,1
1789134806463993,-0.23811817169189453,1
1789134806463993,-0.23811817169189453,1
1789134806499993,-0.09795975685119629,1
1789134806511993,0.06398868560791016,1
1789134806523993,0.1298125982284546,1
1789134806523993,0.1298125982284546,1
1789134806523993,0.1298125982284546,1
1789134806523993,0.1298125982284546,1
1789134806523993,0.1298125982284546,1
1789134806571993,-0.10167813301086426,1
1789134806583993,-0.2598135471343994,1
1789134806583993,-0.2598135471343994,1
1789134806583993,-0.2598135471343994,1
1789134806583993,-0.2598135471343994,1
1789134806619993,-0.10359716415405273,1
1789134806631993,0.06013476848602295,1
1789134806643993,0.18348729610443115,1
1789134806643993,0.18348729610443115,1
1789134806643993,0.18348729610443115,1
1789134806643993,0.18348729610443115,1
1789134806679993,-0.029948949813842773,1
1789134806691993,-0.08724737167358398,1
1789134806703993,0.07911515235900879,1
1789134806703993,0.07911515235900879,1
1789134806703993,0.07911515235900879,1
1789134806703993,0.07911515235900879,1
1789134806739993,-0.09120726585388184,1
1789134806751993,-0.0820307731628418,1
1789134806763993,-0.001983165740966797,1
1789134806763993,-0.001983165740966797,1
1789134806763993,-0.001983165740966797,1
1789134806763993,-0.001983165740966797,1
1789134806763993,-0.001983165740966797,1
1789134806811993,0.4767177104949951,1
1789134806823993,0.6156855821609497,1
1789134806823993,0.6156855821609497,1
1789134806823993,0.6156855821609497,1
1789134806823993,0.6156855821609497,1
1789134806859993,0.29945850372314453,1
1789134806871993,0.18251168727874756,1
1789134806883993,0.11702024936676025,1
1789134806883993,0.11702024936676025,1
1789134806883993,0.11702024936676025,1
1789134806883993,0.11702024936676025,1
1789134806883993,0.11702024936676025,1
1789134806931993,-0.31026411056518555,1
1789134806943993,-0.46315932273864746,1
1789134806943993,-0.46315932273864746,1
1789134806943993,-0.46315932273864746,1
1789134806943993,-0.46315932273864746,1
1789134806979993,-0.2869992256164551,1
1789134806991993,-0.1252765655517578,1
1789134807003993,-0.0011546611785888672,1
1789134807003993,-0.0011546611785888672,1
1789134807003993,-0.0011546611785888672,1
1789134807003993,-0.0011546611785888672,1
1789134807039993,0.21003425121307373,1
1789134807051993,0.2885087728500366,1
1789134807063993,0.18006765842437744,1
1789134807063993,0.18006765842437744,1
1789134807063993,0.18006765842437744,1
1789134807063993,0.18006765842437744,1
1789134807099993,-0.08436727523803711,1
1789134807111993,-0.07312488555908203,1
1789134807123993,-0.08600354194641113,1
1789134807123993,-0.08600354194641113,1
1789134807123993,-0.08600354194641113,1
1789134807123993,-0.08600354194641113,1
1789134807123993,-0.08600354194641113,1
1789134807171993,0.03904616832733154,1
1789134807183993,0.1796262264251709,1
1789134807183993,0.1796262264251709,1
1789134807183993,0.1796262264251709,1
1789134807183993,0.1796262264251709,1
1789134807183993,0.1796262264251709,1
1789134807231993,-0.10858440399169922,1
1789134807243993,-0.19140839576721191,1
1789134807243993,-0.19140839576721191,1
1789134807243993,-0.19140839576721191,1
1789134807244156,-0.19140839576721191,1
1789134807244156,-0.19140839576721191,1
1789134807292156,0.04854440689086914,1
1789134807304156,0.20311224460601807,1
1789134807304156,0.20311224460601807,1
1789134807304156,0.20311224460601807,1
1789134807304156,0.20311224460601807,1
1789134807340156,-0.056000709533691406,1
1789134807352156,-0.1983470916748047,1
1789134807364156,-0.19576478004455566,1
1789134807364156,-0.19576478004455566,1
1789134807364156,-0.19576478004455566,1
1789134807364156,-0.19576478004455566,1
1789134807364156,-0.19576478004455566,1
1789134807412156,0.2846451997756958,1
1789134807424156,0.4540368318557739,1
1789134807424156,0.4540368318557739,1
1789134807424156,0.4540368318557739,1
1789134807424156,0.4540368318557739,1
1789134807460156,0.0983896255493164,1
1789134807472156,0.006273150444030762,1
1789134807484156,0.0005353689193725586,1
1789134807484156,0.0005353689193725586,1
1789134807484156,0.0005353689193725586,1
1789134807484156,0.0005353689193725586,1
1789134807484156,0.0005353689193725586,1
1789134807532156,0.4104030132293701,1
1789134807544156,0.5720648765563965,1
1789134807544156,0.5720648765563965,1
1789134807544156,0.5720648765563965,1
1789134807544156,0.5720648765563965,1
1789134807544156,0.5720648765563965,1
1789134807592156,0.04839146137237549,1
1789134807604156,0.0036928653717041016,1
1789134807604156,0.0036928653717041016,1
1789134807604156,0.0036928653717041016,1
1789134807604156,0.0036928653717041016,1
1789134807640156,0.24748504161834717,1
1789134807652156,0.2842632532119751,1
1789134807664156,0.12160384654998779,1
1789134807664156,0.12160384654998779,1
1789134807664156,0.12160384654998779,1
1789134807664156,0.12160384654998779,1
1789134807700156,-0.13942503929138184,1
1789134807712156,-0.21512913703918457,1
1789134807724156,-0.14347052574157715,1
1789134807724156,-0.14347052574157715,1
1789134807724156,-0.14347052574157715,1
1789134807724156,-0.14347052574157715,1
1789134807724156,-0.14347052574157715,1
1789134807772156,0.03388512134552002,1
1789134807784156,0.20956385135650635,1
1789134807784156,0.20956385135650635,1
1789134807784156,0.20956385135650635,1
1789134807784156,0.20956385135650635,1
1789134807820156,0.02767813205718994,1
1789134807832156,-0.12020564079284668,1
1789134807844156,-0.1291978359222412,1
1789134807844156,-0.1291978359222412,1
1789134807844156,-0.1291978359222412,1
1789134807868156,0.12906336784362793,1
1789134807868156,0.12906336784362793,1
1789134807892156,0.011485576629638672,1
1789134807904156,-0.1412191390991211,1
1789134807904156,-0.1412191390991211,1
1789134807904156,-0.1412191390991211,1
1789134807904156,-0.1412191390991211,1
1789134807940156,0.056996822357177734,1
1789134807952156,0.1494286060333252,1
1789134807964156,0.17043530941009521,1
1789134807964156,0.17043530941009521,1
1789134807964156,0.17043530941009521,1
1789134807964156,0.17043530941009521,1
1789134808000156,-0.05473613739013672,1
1789134808012156,-0.02171039581298828,1
1789134808024156,-0.06510257720947266,1
1789134808024156,-0.06510257720947266,1
1789134808024156,-0.06510257720947266,1
1789134808024156,-0.06510257720947266,1
1789134808060156,0.2133561372756958,1
1789134808072156,0.2427842617034912,1
1789134808084156,0.1570277214050293,1
1789134808084156,0.1570277214050293,1
1789134808084156,0.1570277214050293,1
1789134808084156,0.1570277214050293,1
1789134808084156,0.1570277214050293,1
1789134808132156,-0.2754364013671875,1
1789134808144156,-0.4291684627532959,1
1789134808144156,-0.4291684627532959,1
1789134808144156,-0.4291684627532959,1
1789134808144156,-0.4291684627532959,1
1789134808144156,-0.4291684627532959,1
1789134808192156,-0.04306912422180176,1
1789134808204156,0.035133957862854004,1
1789134808204156,0.035133957862854004,1
1789134808204156,0.035133957862854004,1
1789134808204156,0.035133957862854004,1
1789134808204156,0.035133957862854004,1
1789134808252156,0.5060387849807739,1
1789134808264156,0.6083823442459106,1
1789134808264156,0.6083823442459106,1
1789134808264318,0.6083823442459106,1
1789134808264318,0.6083823442459106,1
1789134808300318,0.2769256830215454,1
1789134808312318,0.15877032279968262,1
1789134808324318,0.0820244550704956,1
1789134808324318,0.0820244550704956,1
1789134808324318,0.0820244550704956,1
1789134808324318,0.0820244550704956,1
1789134808324318,0.0820244550704956,1
1789134808372318,-0.0932004451751709,1
1789134808384318,-0.09599542617797852,1
1789134808384318,-0.09599542617797852,1
1789134808384318,-0.09599542617797852,1
1789134808384318,-0.09599542617797852,1
1789134808420318,0.17446112632751465,1
1789134808432318,0.3252040147781372,1
1789134808444318,0.20650482177734375,1
1789134808444318,0.20650482177734375,1
1789134808444318,0.20650482177734375,1
1789134808444318,0.20650482177734375,1
1789134808444318,0.20650482177734375,1
1789134808492318,-0.1695113182067871,1
1789134808504318,-0.3727750778198242,1
1789134808504318,-0.3727750778198242,1
1789134808504318,-0.3727750778198242,1
1789134808528318,-0.3068888187408447,1
1789134808528318,-0.3068888187408447,1
1789134808552318,-0.02132105827331543,1
1789134808564318,0.05212104320526123,1
1789134808564318,0.05212104320526123,1
1789134808564318,0.05212104320526123,1
1789134808564318,0.05212104320526123,1
1789134808564318,0.05212104320526123,1
1789134808612318,0.182356595993042,1
1789134808624318,0.20207810401916504,1
1789134808624318,0.20207810401916504,1
1789134808624318,0.20207810401916504,1
1789134808624318,0.20207810401916504,1
1789134808660318,-0.10065317153930664,1
1789134808672318,-0.19024133682250977,1
1789134808684318,-0.1349036693572998,1
1789134808684318,-0.1349036693572998,1
1789134808684318,-0.1349036693572998,1
1789134808684318,-0.1349036693572998,1
1789134808684318,-0.1349036693572998,1
1789134808732318,0.3291240930557251,1
1789134808744318,0.4716227054595947,1
1789134808744318,0.4716227054595947,1
1789134808744318,0.4716227054595947,1
1789134808744318,0.4716227054595947,1
1789134808780318,0.12350285053253174,1
1789134808792318,0.01323091983795166,1
1789134808804318,-0.10795140266418457,1
1789134808804318,-0.10795140266418457,1
1789134808804318,-0.10795140266418457,1
1789134808804318,-0.10795140266418457,1
1789134808804318,-0.10795140266418457,1
1789134808852318,0.14693284034729004,1
1789134808864318,0.2963685989379883,1
1789134808864318,0.2963685989379883,1
1789134808864318,0.2963685989379883,1
1789134808864318,0.2963685989379883,1
1789134808900318,-0.038965702056884766,1
1789134808912318,-0.1410694122314453,1
1789134808924318,-0.11122012138366699,1
1789134808924318,-0.11122012138366699,1
1789134808924318,-0.11122012138366699,1
1789134808924318,-0.11122012138366699,1
1789134808960318,0.2309279441833496,1
1789134808972318,0.2676823139190674,1
1789134808984318,0.0923992395401001,1
1789134808984318,0.0923992395401001,1
1789134808984318,0.0923992395401001,1
1789134808984318,0.0923992395401001,1
1789134809020318,-0.1999201774597168,1
1789134809032318,-0.354844331741333,1
1789134809044318,-0.35590147972106934,1
1789134809044318,-0.35590147972106934,1
1789134809044318,-0.35590147972106934,1
1789134809044318,-0.35590147972106934,1
1789134809044318,-0.35590147972106934,1
1789134809092318,0.041860222816467285,1
1789134809104318,0.19334542751312256,1
1789134809104318,0.19334542751312256,1
1789134809104318,0.19334542751312256,1
1789134809104318,0.19334542751312256,1
1789134809104318,0.19334542751312256,1
1789134809152318,-0.1482105255126953,1
1789134809164318,-0.23509430885314941,1
1789134809164318,-0.23509430885314941,1
1789134809164318,-0.23509430885314941,1
1789134809164318,-0.23509430885314941,1
1789134809164318,-0.23509430885314941,1
1789134809212318,0.059249043464660645,1
1789134809224318,0.20748090744018555,1
1789134809224318,0.20748090744018555,1
1789134809224318,0.20748090744018555,1
1789134809224318,0.20748090744018555,1
1789134809260318,-0.1306149959564209,1
1789134809272318,-0.2114715576171875,1
1789134809284318,-0.17779326438903809,1
1789134809284481,-0.17779326438903809,1
1789134809284481,-0.17779326438903809,1
1789134809284481,-0.17779326438903809,1
1789134809320481,0.21445465087890625,1
1789134809332481,0.23935651779174805,1
1789134809344481,0.06546401977539062,1
1789134809344481,0.06546401977539062,1
1789134809344481,0.06546401977539062,1
1789134809344481,0.06546401977539062,1
1789134809380481,-0.09451508522033691,1
1789134809392481,-0.04335212707519531,1
1789134809404481,0.03102850914001465,1
1789134809404481,0.03102850914001465,1
1789134809404481,0.03102850914001465,1
1789134809404481,0.03102850914001465,1
1789134809404481,0.03102850914001465,1
1789134809452481,0.4166654348373413,1
1789134809464481,0.4091581106185913,1
1789134809464481,0.4091581106185913,1
1789134809464481,0.4091581106185913,1
1789134809464481,0.4091581106185913,1
1789134809464481,0.4091581106185913,1
1789134809512481,-0.021010160446166992,1
1789134809524481,-0.10136890411376953,1
1789134809524481,-0.10136890411376953,1
1789134809524481,-0.10136890411376953,1
1789134809524481,-0.10136890411376953,1
1789134809524481,-0.10136890411376953,1
1789134809572481,0.12390458583831787,1
1789134809584481,0.27502739429473877,1
1789134809584481,0.27502739429473877,1
1789134809584481,0.27502739429473877,1
1789134809584481,0.27502739429473877,1
1789134809620481,-0.05058646202087402,1
1789134809632481,-0.14767146110534668,1
1789134809644481,-0.05438351631164551,1
1789134809644481,-0.05438351631164551,1
1789134809644481,-0.05438351631164551,1
1789134809644481,-0.05438351631164551,1
1789134809644481,-0.05438351631164551,1
1789134809692481,0.4233400821685791,1
1789134809704481,0.5716502666473389,1
1789134809704481,0.5716502666473389,1
1789134809704481,0.5716502666473389,1
1789134809704481,0.5716502666473389,1
1789134809740481,0.24789583683013916,1
1789134809752481,0.12281465530395508,1
1789134809764481,0.05321168899536133,1
1789134809764481,0.05321168899536133,1
1789134809764481,0.05321168899536133,1
1789134809764481,0.05321168899536133,1
1789134809764481,0.05321168899536133,1
1789134809812481,0.11823225021362305,1
1789134809824481,0.12069857120513916,1
1789134809824481,0.12069857120513916,1
1789134809824481,0.12069857120513916,1
1789134809848481,-0.09491968154907227,1
1789134809848481,-0.09491968154907227,1
1789134809872481,-0.05888700485229492,1
1789134809884481,0.015227556228637695,1
1789134809884481,0.015227556228637695,1
1789134809884481,0.015227556228637695,1
1789134809884481,0.015227556228637695,1
1789134809884481,0.015227556228637695,1
1789134809932481,0.2754935026168823,1
1789134809944481,0.42248642444610596,1
1789134809944481,0.42248642444610596,1
1789134809944481,0.42248642444610596,1
1789134809944481,0.42248642444610596,1
1789134809980481,0.07597208023071289,1
1789134809992481,-0.02063274383544922,1
1789134810004481,-0.16705679893493652,1
1789134810004481,-0.16705679893493652,1
1789134810004481,-0.16705679893493652,1
1789134810004481,-0.16705679893493652,1
1789134810040481,0.04188346862792969,1
1789134810052481,0.11623775959014893,1
1789134810064481,0.13286840915679932,1
1789134810064481,0.13286840915679932,1
1789134810064481,0.13286840915679932,1
1789134810064481,0.13286840915679932,1
1789134810064481,0.13286840915679932,1
1789134810112481,-0.31415224075317383,1
1789134810124481,-0.39167332649230957,1
1789134810124481,-0.39167332649230957,1
1789134810124481,-0.39167332649230957,1
1789134810124481,-0.39167332649230957,1
1789134810124481,-0.39167332649230957,1
1789134810172481,-0.12664794921875,1
1789134810184481,0.02134418487548828,1
1789134810184481,0.02134418487548828,1
1789134810184481,0.02134418487548828,1
1789134810184481,0.02134418487548828,1
1789134810220481,0.3584408760070801,1
1789134810232481,0.3847367763519287,1
1789134810244481,0.29640066623687744,1
1789134810244481,0.29640066623687744,1
1789134810244481,0.29640066623687744,1
1789134810244481,0.29640066623687744,1
1789134810280481,-0.08017086982727051,1
1789134810292644,-0.15636515617370605,1
1789134810304644,-0.21742796897888184,1
1789134810304644,-0.21742796897888184,1
1789134810304644,-0.21742796897888184,1
1789134810304644,-0.21742796897888184,1
1789134810304644,-0.21742796897888184,1
1789134810352644,0.2038724422454834,1
1789134810364644,0.2736208438873291,1
1789134810364644,0.2736208438873291,1
1789134810364644,0.2736208438873291,1
1789134810364644,0.2736208438873291,1
1789134810364644,0.2736208438873291,1
1789134810412644,-0.11217403411865234,1
1789134810424644,-0.25102663040161133,1
1789134810424644,-0.25102663040161133,1
1789134810424644,-0.25102663040161133,1
1789134810424644,-0.25102663040161133,1
1789134810460644,-0.030562877655029297,1
1789134810472644,0.10730385780334473,1
1789134810484644,0.18225038051605225,1
1789134810484644,0.18225038051605225,1
1789134810484644,0.18225038051605225,1
1789134810508644,0.05735123157501221,1
1789134810508644,0.05735123157501221,1
1789134810532644,0.02255070209503174,1
1789134810544644,-0.022258281707763672,1
1789134810544644,-0.022258281707763672,1
1789134810544644,-0.022258281707763672,1
1789134810544644,-0.022258281707763672,1
1789134810580644,0.23390746116638184,1
1789134810592644,0.25801146030426025,1
1789134810604644,0.1701955795288086,1
1789134810604644,0.1701955795288086,1
1789134810604644,0.1701955795288086,1
1789134810604644,0.1701955795288086,1
1789134810640644,-0.007879495620727539,1
1789134810652644,0.024415016174316406,1
1789134810664644,0.020039916038513184,1
1789134810664644,0.020039916038513184,1
1789134810664644,0.020039916038513184,1
1789134810664644,0.020039916038513184,1
1789134810664644,0.020039916038513184,1
1789134810712644,-0.060346126556396484,1
1789134810724644,-0.05295968055725098,1
1789134810724644,-0.05295968055725098,1
1789134810724644,-0.05295968055725098,1
1789134810724644,-0.05295968055725098,1
1789134810724644,-0.05295968055725098,1
1789134810772644,0.08384788036346436,1
1789134810784644,0.18550050258636475,1
1789134810784644,0.18550050258636475,1
1789134810784644,0.18550050258636475,1
1789134810784644,0.18550050258636475,1
1789134810820644,-0.13939690589904785,1
1789134810832644,-0.22616958618164062,1
1789134810844644,-0.17939138412475586,1
1789134810844644,-0.17939138412475586,1
1789134810844644,-0.17939138412475586,1
1789134810844644,-0.17939138412475586,1
1789134810844644,-0.17939138412475586,1
1789134810892644,0.2614365816116333,1
1789134810904644,0.40140533447265625,1
1789134810904644,0.40140533447265625,1
1789134810904644,0.40140533447265625,1
1789134810904644,0.40140533447265625,1
1789134810940644,0.02838730812072754,1
1789134810952644,-0.08155465126037598,1
1789134810964644,0.036063313484191895,1
1789134810964644,0.036063313484191895,1
1789134810964644,0.036063313484191895,1
1789134810964644,0.036063313484191895,1
1789134810964644,0.036063313484191895,1
1789134811012644,0.2817419767379761,1
1789134811024644,0.29994285106658936,1
1789134811024644,0.29994285106658936,1
1789134811024644,0.29994285106658936,1
1789134811024644,0.29994285106658936,1
1789134811060644,-0.02750396728515625,1
1789134811072644,-0.0977783203125,1
1789134811084644,-0.0852515697479248,1
1789134811084644,-0.0852515697479248,1
1789134811084644,-0.0852515697479248,1
1789134811084644,-0.0852515697479248,1
1789134811084644,-0.0852515697479248,1
1789134811132644,0.436279296875,1
1789134811144644,0.6073977947235107,1
1789134811144644,0.6073977947235107,1
1789134811144644,0.6073977947235107,1
1789134811168644,0.3442128896713257,1
1789134811168644,0.3442128896713257,1
1789134811192644,0.15494000911712646,1
1789134811204644,0.14778804779052734,1
1789134811204644,0.14778804779052734,1
1789134811204644,0.14778804779052734,1
1789134811204644,0.14778804779052734,1
1789134811204644,0.14778804779052734,1
1789134811252644,-0.22854876518249512,1
1789134811264644,-0.34397387504577637,1
1789134811264644,-0.34397387504577637,1
1789134811264644,-0.34397387504577637,1
1789134811264806,-0.34397387504577637,1
1789134811300806,-0.2508354187011719,1
1789134811312806,-0.10699343681335449,1
1789134811324806,0.009977459907531738,1
1789134811324806,0.009977459907531738,1
1789134811324806,0.009977459907531738,1
1789134811324806,0.009977459907531738,1
1789134811324806,0.009977459907531738,1
1789134811372806,0.150390625,1
1789134811384806,0.2294607162475586,1
1789134811384806,0.2294607162475586,1
1789134811384806,0.2294607162475586,1
1789134811384806,0.2294607162475586,1
1789134811384806,0.2294607162475586,1
1789134811432806,-0.22312045097351074,1
1789134811444806,-0.30167150497436523,1
1789134811444806,-0.30167150497436523,1
1789134811444806,-0.30167150497436523,1
1789134811444806,-0.30167150497436523,1
1789134811444806,-0.30167150497436523,1
1789134811492806,-0.03978395462036133,1
1789134811504806,0.0993279218673706,1
1789134811504806,0.0993279218673706,1
1789134811504806,0.0993279218673706,1
1789134811504806,0.0993279218673706,1
1789134811540806,0.0172269344329834,1
1789134811552806,-0.11467552185058594,1
1789134811564806,-0.10767459869384766,1
1789134811564806,-0.10767459869384766,1
1789134811564806,-0.10767459869384766,1
1789134811564806,-0.10767459869384766,1
1789134811600806,-0.027309894561767578,1
1789134811612806,-0.0705256462097168,1
1789134811624806,0.06293725967407227,1
1789134811624806,0.06293725967407227,1
1789134811624806,0.06293725967407227,1
1789134811624806,0.06293725967407227,1
1789134811660806,-0.0689537525177002,1
1789134811672806,0.05377018451690674,1
1789134811684806,0.12859272956848145,1
1789134811684806,0.12859272956848145,1
1789134811684806,0.12859272956848145,1
1789134811684806,0.12859272956848145,1
1789134811684806,0.12859272956848145,1
1789134811732806,-0.26117634773254395,1
1789134811744806,-0.4152965545654297,1
1789134811744806,-0.4152965545654297,1
1789134811744806,-0.4152965545654297,1
1789134811744806,-0.4152965545654297,1
1789134811744806,-0.4152965545654297,1
1789134811792806,-0.0529327392578125,1
1789134811804806,0.06109488010406494,1
1789134811804806,0.06109488010406494,1
1789134811804806,0.06109488010406494,1
1789134811804806,0.06109488010406494,1
1789134811804806,0.06109488010406494,1
1789134811852806,-0.15416932106018066,1
1789134811864806,-0.2819368839263916,1
1789134811864806,-0.2819368839263916,1
1789134811864806,-0.2819368839263916,1
1789134811864806,-0.2819368839263916,1
1789134811900806,-0.0789787769317627,1
1789134811912806,0.07021665573120117,1
1789134811924806,0.1451796293258667,1
1789134811924806,0.1451796293258667,1
1789134811924806,0.1451796293258667,1
1789134811924806,0.1451796293258667,1
1789134811960806,-0.15147018432617188,1
1789134811972806,-0.20353055000305176,1
1789134811984806,-0.047163963317871094,1
1789134811984806,-0.047163963317871094,1
1789134811984806,-0.047163963317871094,1
1789134811984806,-0.047163963317871094,1
1789134812020806,0.29453587532043457,1
1789134812032806,0.3264421224594116,1
1789134812044806,0.23970794677734375,1
1789134812044806,0.23970794677734375,1
1789134812044806,0.23970794677734375,1
1789134812044806,0.23970794677734375,1
1789134812044806,0.23970794677734375,1
1789134812092806,-0.2159876823425293,1
1789134812104806,-0.36128664016723633,1
1789134812104806,-0.36128664016723633,1
1789134812104806,-0.36128664016723633,1
1789134812104806,-0.36128664016723633,1
1789134812140806,-0.07363510131835938,1
1789134812152806,0.07799530029296875,1
1789134812164806,0.15654683113098145,1
1789134812164806,0.15654683113098145,1
1789134812164806,0.15654683113098145,1
1789134812164806,0.15654683113098145,1
1789134812164806,0.15654683113098145,1
1789134812212806,-0.22306132316589355,1
1789134812224806,-0.37082433700561523,1
1789134812224806,-0.37082433700561523,1
1789134812224806,-0.37082433700561523,1
1789134812224806,-0.37082433700561523,1
1789134812260806,-0.16297531127929688,1
1789134812272806,-0.007768154144287109,1
1789134812284806,0.06390857696533203,1
1789134812284806,0.06390857696533203,1
1789134812284968,0.06390857696533203,1
1789134812284968,0.06390857696533203,1
1789134812284968,0.06390857696533203,1
1789134812332968,-0.14922809600830078,1
1789134812344968,-0.23230457305908203,1
1789134812344968,-0.23230457305908203,1
1789134812344968,-0.23230457305908203,1
1789134812344968,-0.23230457305908203,1
1789134812344968,-0.23230457305908203,1
1789134812392968,0.13359272480010986,1
1789134812404968,0.169793963432312,1
1789134812404968,0.169793963432312,1
1789134812404968,0.169793963432312,1
1789134812404968,0.169793963432312,1
1789134812404968,0.169793963432312,1
1789134812452968,-0.2101452350616455,1
1789134812464968,-0.364410400390625,1
1789134812464968,-0.364410400390625,1
1789134812464968,-0.364410400390625,1
1789134812464968,-0.364410400390625,1
1789134812464968,-0.364410400390625,1
1789134812512968,0.03452253341674805,1
1789134812524968,0.12562382221221924,1
1789134812524968,0.12562382221221924,1
1789134812524968,0.12562382221221924,1
1789134812524968,0.12562382221221924,1
1789134812524968,0.12562382221221924,1
1789134812572968,-0.15807127952575684,1
1789134812584968,-0.3131523132324219,1
1789134812584968,-0.3131523132324219,1
1789134812584968,-0.3131523132324219,1
1789134812584968,-0.3131523132324219,1
1789134812620968,-0.11094141006469727,1
1789134812632968,0.055072665214538574,1
1789134812644968,0.13182437419891357,1
1789134812644968,0.13182437419891357,1
1789134812644968,0.13182437419891357,1
1789134812644968,0.13182437419891357,1
1789134812644968,0.13182437419891357,1
1789134812692968,-0.24168157577514648,1
1789134812704968,-0.3960413932800293,1
1789134812704968,-0.3960413932800293,1
1789134812704968,-0.3960413932800293,1
1789134812704968,-0.3960413932800293,1
1789134812740968,-0.23269295692443848,1
1789134812752968,-0.08096647262573242,1
1789134812764968,0.040059685707092285,1
1789134812764968,0.040059685707092285,1
1789134812764968,0.040059685707092285,1
1789134812764968,0.040059685707092285,1
1789134812764968,0.040059685707092285,1
1789134812812968,0.06829822063446045,1
1789134812824968,0.10975027084350586,1
1789134812824968,0.10975027084350586,1
1789134812824968,0.10975027084350586,1
1789134812824968,0.10975027084350586,1
1789134812860968,-0.14079952239990234,1
1789134812872968,-0.2071990966796875,1
1789134812884968,-0.11287808418273926,1
1789134812884968,-0.11287808418273926,1
1789134812884968,-0.11287808418273926,1
1789134812884968,-0.11287808418273926,1
1789134812920968,0.09715187549591064,1
1789134812932968,0.168174147605896,1
1789134812944968,0.06261289119720459,1
1789134812944968,0.06261289119720459,1
1789134812944968,0.06261289119720459,1
1789134812944968,0.06261289119720459,1
1789134812980968,-0.16309905052185059,1
1789134812992968,-0.10199213027954102,1
1789134813004968,-0.07635045051574707,1
1789134813004968,-0.07635045051574707,1
1789134813004968,-0.07635045051574707,1
1789134813004968,-0.07635045051574707,1
1789134813040968,-0.013062238693237305,1
1789134813052968,-0.05350756645202637,1
1789134813064968,0.08972704410552979,1
1789134813064968,0.08972704410552979,1
1789134813064968,0.08972704410552979,1
1789134813064968,0.08972704410552979,1
1789134813100968,-0.05128884315490723,1
1789134813112968,-0.038933515548706055,1
1789134813124968,-0.05585169792175293,1
1789134813124968,-0.05585169792175293,1
1789134813124968,-0.05585169792175293,1
1789134813124968,-0.05585169792175293,1
1789134813124968,-0.05585169792175293,1
1789134813172968,-0.04024386405944824,1
1789134813184968,0.051525235176086426,1
1789134813184968,0.051525235176086426,1
1789134813184968,0.051525235176086426,1
1789134813184968,0.051525235176086426,1
1789134813220968,-0.08188939094543457,1
1789134813232968,-0.0193789005279541,1
1789134813244968,0.001609206199645996,1
1789134813244968,0.001609206199645996,1
1789134813244968,0.001609206199645996,1
1789134813244968,0.001609206199645996,1
1789134813280968,0.19807934761047363,1
1789134813292968,0.1383458375930786,1
1789134813304968,0.016052842140197754,1
1789134813305131,0.016052842140197754,1
1789134813305131,0.016052842140197754,1
1789134813305131,0.016052842140197754,1
1789134813341131,0.12444663047790527,1
1789134813353131,0.16289830207824707,1
1789134813365131,0.07783675193786621,1
1789134813365131,0.07783675193786621,1
1789134813365131,0.07783675193786621,1
1789134813365131,0.07783675193786621,1
1789134813365131,0.07783675193786621,1
1789134813413131,-0.35105228424072266,1
1789134813425131,-0.48436975479125977,1
1789134813425131,-0.48436975479125977,1
1789134813425131,-0.48436975479125977,1
1789134813425131,-0.48436975479125977,1
1789134813425131,-0.48436975479125977,1
1789134813473131,-0.18362641334533691,1
1789134813485131,-0.09545135498046875,1
1789134813485131,-0.09545135498046875,1
1789134813485131,-0.09545135498046875,1
1789134813485131,-0.09545135498046875,1
1789134813485131,-0.09545135498046875,1
1789134813533131,0.40961194038391113,1
1789134813545131,0.5677886009216309,1
1789134813545131,0.5677886009216309,1
1789134813545131,0.5677886009216309,1
1789134813545131,0.5677886009216309,1
1789134813581131,0.25084102153778076,1
1789134813593131,0.13983535766601562,1
1789134813605131,0.06632828712463379,1
1789134813605131,0.06632828712463379,1
1789134813605131,0.06632828712463379,1
1789134813605131,0.06632828712463379,1
1789134813605131,0.06632828712463379,1
1789134813653131,-0.173750638961792,1
1789134813665131,-0.19862151145935059,1
1789134813665131,-0.19862151145935059,1
1789134813665131,-0.19862151145935059,1
1789134813665131,-0.19862151145935059,1
1789134813701131,0.08765280246734619,1
1789134813713131,0.1193699836730957,1
1789134813725131,0.0322643518447876,1
1789134813725131,0.0322643518447876,1
1789134813725131,0.0322643518447876,1
1789134813725131,0.0322643518447876,1
1789134813725131,0.0322643518447876,1
1789134813773131,0.18687832355499268,1
1789134813785131,0.33916211128234863,1
1789134813785131,0.33916211128234863,1
1789134813785131,0.33916211128234863,1
1789134813785131,0.33916211128234863,1
1789134813785131,0.33916211128234863,1
1789134813833131,-0.12798619270324707,1
1789134813845131,-0.19785809516906738,1
1789134813845131,-0.19785809516906738,1
1789134813845131,-0.19785809516906738,1
1789134813845131,-0.19785809516906738,1
1789134813845131,-0.19785809516906738,1
1789134813893131,0.14263916015625,1
1789134813905131,0.29040515422821045,1
1789134813905131,0.29040515422821045,1
1789134813905131,0.29040515422821045,1
1789134813905131,0.29040515422821045,1
1789134813941131,-0.05683541297912598,1
1789134813953131,-0.15849781036376953,1
1789134813965131,-0.07188224792480469,1
1789134813965131,-0.07188224792480469,1
1789134813965131,-0.07188224792480469,1
1789134813965131,-0.07188224792480469,1
1789134813965131,-0.07188224792480469,1
1789134814013131,0.4026908874511719,1
1789134814025131,0.5583795309066772,1
1789134814025131,0.5583795309066772,1
1789134814025131,0.5583795309066772,1
1789134814025131,0.5583795309066772,1
1789134814061131,0.20385754108428955,1
1789134814073131,0.09252238273620605,1
1789134814085131,0.04918968677520752,1
1789134814085131,0.04918968677520752,1
1789134814085131,0.04918968677520752,1
1789134814085131,0.04918968677520752,1
1789134814085131,0.04918968677520752,1
1789134814133131,0.23203516006469727,1
1789134814145131,0.26688051223754883,1
1789134814145131,0.26688051223754883,1
1789134814145131,0.26688051223754883,1
1789134814145131,0.26688051223754883,1
1789134814181131,-0.041954755783081055,1
1789134814193131,-0.13604950904846191,1
1789134814205131,-0.09452939033508301,1
1789134814205131,-0.09452939033508301,1
1789134814205131,-0.09452939033508301,1
1789134814205131,-0.09452939033508301,1
1789134814241131,0.25152158737182617,1
1789134814253131,0.3271063566207886,1
1789134814265131,0.20733296871185303,1
1789134814265131,0.20733296871185303,1
1789134814265131,0.20733296871185303,1
1789134814265131,0.20733296871185303,1
1789134814301131,-0.01080775260925293,1
1789134814313293,0.11689555644989014,1
1789134814325293,0.19833242893218994,1
1789134814325293,0.19833242893218994,1
1789134814325293,0.19833242893218994,1
1789134814325293,0.19833242893218994,1
1789134814325293,0.19833242893218994,1
1789134814373293,-0.17880535125732422,1
1789134814385293,-0.3368518352508545,1
1789134814385293,-0.3368518352508545,1
1789134814385293,-0.3368518352508545,1
1789134814385293,-0.3368518352508545,1
1789134814421293,-0.2683522701263428,1
1789134814433293,-0.11062932014465332,1
1789134814445293,-0.01825261116027832,1
1789134814445293,-0.01825261116027832,1
1789134814445293,-0.01825261116027832,1
1789134814445293,-0.01825261116027832,1
1789134814445293,-0.01825261116027832,1
1789134814493293,0.483487606048584,1
1789134814505293,0.6195566654205322,1
1789134814505293,0.6195566654205322,1
1789134814505293,0.6195566654205322,1
1789134814505293,0.6195566654205322,1
1789134814505293,0.6195566654205322,1
1789134814553293,0.13844788074493408,1
1789134814565293,0.13002324104309082,1
1789134814565293,0.13002324104309082,1
1789134814565293,0.13002324104309082,1
1789134814565293,0.13002324104309082,1
1789134814601293,-0.09705877304077148,1
1789134814613293,-0.0028917789459228516,1
1789134814625293,0.16052865982055664,1
1789134814625293,0.16052865982055664,1
1789134814625293,0.16052865982055664,1
1789134814625293,0.16052865982055664,1
1789134814661293,-0.015191078186035156,1
1789134814673293,-0.06305599212646484,1
1789134814685293,0.006659746170043945,1
1789134814685293,0.006659746170043945,1
1789134814685293,0.006659746170043945,1
1789134814685293,0.006659746170043945,1
1789134814685293,0.006659746170043945,1
1789134814733293,0.47618281841278076,1
1789134814745293,0.6126691102981567,1
1789134814745293,0.6126691102981567,1
1789134814745293,0.6126691102981567,1
1789134814745293,0.6126691102981567,1
1789134814745293,0.6126691102981567,1
1789134814793293,0.09826898574829102,1
1789134814805293,0.09334170818328857,1
1789134814805293,0.09334170818328857,1
1789134814805293,0.09334170818328857,1
1789134814805293,0.09334170818328857,1
1789134814805293,0.09334170818328857,1
1789134814853293,-0.3911888599395752,1
1789134814865293,-0.5415012836456299,1
1789134814865293,-0.5415012836456299,1
1789134814865293,-0.5415012836456299,1
1789134814865293,-0.5415012836456299,1
1789134814901293,-0.2629547119140625,1
1789134814913293,-0.09715104103088379,1
1789134814925293,-0.02487015724182129,1
1789134814925293,-0.02487015724182129,1
1789134814925293,-0.02487015724182129,1
1789134814925293,-0.02487015724182129,1
1789134814925293,-0.02487015724182129,1
1789134814973293,0.22648870944976807,1
1789134814985293,0.3692530393600464,1
1789134814985293,0.3692530393600464,1
1789134814985293,0.3692530393600464,1
1789134814985293,0.3692530393600464,1
1789134815021293,0.014791250228881836,1
1789134815033293,-0.08438253402709961,1
1789134815045293,0.05972743034362793,1
1789134815045293,0.05972743034362793,1
1789134815045293,0.05972743034362793,1
1789134815045293,0.05972743034362793,1
1789134815045293,0.05972743034362793,1
1789134815093293,-0.03600716590881348,1
1789134815105293,-0.05112743377685547,1
1789134815105293,-0.05112743377685547,1
1789134815105293,-0.05112743377685547,1
1789134815129293,0.14465546607971191,1
1789134815129293,0.14465546607971191,1
1789134815153293,-0.04754495620727539,1
1789134815165293,-0.12551522254943848,1
1789134815165293,-0.12551522254943848,1
1789134815165293,-0.12551522254943848,1
1789134815165293,-0.12551522254943848,1
1789134815165293,-0.12551522254943848,1
1789134815213293,0.12000727653503418,1
1789134815225293,0.27720510959625244,1
1789134815225293,0.27720510959625244,1
1789134815225293,0.27720510959625244,1
1789134815225293,0.27720510959625244,1
1789134815261293,-0.07761502265930176,1
1789134815273293,-0.18257784843444824,1
1789134815285293,-0.036072492599487305,1
1789134815285293,-0.036072492599487305,1
1789134815285293,-0.036072492599487305,1
1789134815285454,-0.036072492599487305,1
1789134815285454,-0.036072492599487305,1
1789134815333454,0.43035340309143066,1
1789134815345454,0.5853646993637085,1
1789134815345454,0.5853646993637085,1
1789134815345454,0.5853646993637085,1
1789134815345454,0.5853646993637085,1
1789134815381454,0.23384416103363037,1
1789134815393454,0.10888874530792236,1
1789134815405454,0.052416443824768066,1
1789134815405454,0.052416443824768066,1
1789134815405454,0.052416443824768066,1
1789134815405454,0.052416443824768066,1
1789134815405454,0.052416443824768066,1
1789134815453454,-0.15622401237487793,1
1789134815465454,-0.14552855491638184,1
1789134815465454,-0.14552855491638184,1
1789134815465454,-0.14552855491638184,1
1789134815465454,-0.14552855491638184,1
1789134815501454,0.07859325408935547,1
1789134815513454,0.08009183406829834,1
1789134815525454,-0.009013891220092773,1
1789134815525454,-0.009013891220092773,1
1789134815525454,-0.009013891220092773,1
1789134815525454,-0.009013891220092773,1
1789134815561454,0.05570816993713379,1
1789134815573454,0.09569954872131348,1
1789134815585454,-0.06275629997253418,1
1789134815585454,-0.06275629997253418,1
1789134815585454,-0.06275629997253418,1
1789134815585454,-0.06275629997253418,1
1789134815585454,-0.06275629997253418,1
1789134815633454,0.1323540210723877,1
1789134815645454,0.1795792579650879,1
1789134815645454,0.1795792579650879,1
1789134815645454,0.1795792579650879,1
1789134815645454,0.1795792579650879,1
1789134815645454,0.1795792579650879,1
1789134815693454,-0.20459246635437012,1
1789134815705454,-0.3622293472290039,1
1789134815705454,-0.3622293472290039,1
1789134815705454,-0.3622293472290039,1
1789134815705454,-0.3622293472290039,1
1789134815741454,-0.047614097595214844,1
1789134815753454,0.10096824169158936,1
1789134815765454,0.1708660125732422,1
1789134815765454,0.1708660125732422,1
1789134815765454,0.1708660125732422,1
1789134815765454,0.1708660125732422,1
1789134815765454,0.1708660125732422,1
1789134815813454,-0.21195673942565918,1
1789134815825454,-0.3703768253326416,1
1789134815825454,-0.3703768253326416,1
1789134815825454,-0.3703768253326416,1
1789134815849454,-0.2358705997467041,1
1789134815849454,-0.2358705997467041,1
1789134815873454,0.022980093955993652,1
1789134815885454,0.09667062759399414,1
1789134815885454,0.09667062759399414,1
1789134815885454,0.09667062759399414,1
1789134815885454,0.09667062759399414,1
1789134815921454,-0.05338478088378906,1
1789134815933454,-0.10185956954956055,1
1789134815945454,0.041994333267211914,1
1789134815945454,0.041994333267211914,1
1789134815945454,0.041994333267211914,1
1789134815945454,0.041994333267211914,1
1789134815981454,-0.03209066390991211,1
1789134815993454,0.007172584533691406,1
1789134816005454,0.07816684246063232,1
1789134816005454,0.07816684246063232,1
1789134816005454,0.07816684246063232,1
1789134816005454,0.07816684246063232,1
1789134816041454,-0.06851840019226074,1
1789134816053454,-0.11304569244384766,1
1789134816065454,0.028182387351989746,1
1789134816065454,0.028182387351989746,1
1789134816065454,0.028182387351989746,1
1789134816065454,0.028182387351989746,1
1789134816065454,0.028182387351989746,1
1789134816113454,0.08590567111968994,1
1789134816125454,0.1098325252532959,1
1789134816125454,0.1098325252532959,1
1789134816125454,0.1098325252532959,1
1789134816125454,0.1098325252532959,1
1789134816125454,0.1098325252532959,1
1789134816173454,-0.306241512298584,1
1789134816185454,-0.45761704444885254,1
1789134816185454,-0.45761704444885254,1
1789134816185454,-0.45761704444885254,1
1789134816185454,-0.45761704444885254,1
1789134816221454,-0.31288981437683105,1
1789134816233454,-0.17110109329223633,1
1789134816245454,-0.09356117248535156,1
1789134816245454,-0.09356117248535156,1
1789134816245454,-0.09356117248535156,1
1789134816245454,-0.09356117248535156,1
1789134816245454,-0.09356117248535156,1
1789134816293454,0.3726290464401245,1
1789134816305454,0.5253568887710571,1
1789134816305454,0.5253568887710571,1
1789134816305616,0.5253568887710571,1
1789134816305616,0.5253568887710571,1
1789134816305616,0.5253568887710571,1
1789134816353616,-0.016749858856201172,1
1789134816365616,-0.060106754302978516,1
1789134816365616,-0.060106754302978516,1
1789134816365616,-0.060106754302978516,1
1789134816365616,-0.060106754302978516,1
1789134816365616,-0.060106754302978516,1
1789134816413616,0.2844691276550293,1
1789134816425616,0.43097686767578125,1
1789134816425616,0.43097686767578125,1
1789134816425616,0.43097686767578125,1
1789134816425616,0.43097686767578125,1
1789134816425616,0.43097686767578125,1
1789134816473616,-0.05771160125732422,1
1789134816485616,-0.13793110847473145,1
1789134816485616,-0.13793110847473145,1
1789134816485616,-0.13793110847473145,1
1789134816485616,-0.13793110847473145,1
1789134816485616,-0.13793110847473145,1
1789134816533616,0.043369412422180176,1
1789134816545616,0.1917508840560913,1
1789134816545616,0.1917508840560913,1
1789134816545616,0.1917508840560913,1
1789134816545616,0.1917508840560913,1
1789134816581616,-0.12444496154785156,1
1789134816593616,-0.21932506561279297,1
1789134816605616,-0.18800663948059082,1
1789134816605616,-0.18800663948059082,1
1789134816605616,-0.18800663948059082,1
1789134816605616,-0.18800663948059082,1
1789134816605616,-0.18800663948059082,1
1789134816653616,0.23502492904663086,1
1789134816665616,0.3919355869293213,1
1789134816665616,0.3919355869293213,1
1789134816665616,0.3919355869293213,1
1789134816665616,0.3919355869293213,1
1789134816701616,0.06366503238677979,1
1789134816713616,-0.10320138931274414,1
1789134816725616,-0.12458348274230957,1
1789134816725616,-0.12458348274230957,1
1789134816725616,-0.12458348274230957,1
1789134816725616,-0.12458348274230957,1
1789134816725616,-0.12458348274230957,1
1789134816773616,0.21797263622283936,1
1789134816785616,0.3671705722808838,1
1789134816785616,0.3671705722808838,1
1789134816785616,0.3671705722808838,1
1789134816785616,0.3671705722808838,1
1789134816821616,0.015452146530151367,1
1789134816833616,-0.06714367866516113,1
1789134816845616,-0.004962921142578125,1
1789134816845616,-0.004962921142578125,1
1789134816845616,-0.004962921142578125,1
1789134816845616,-0.004962921142578125,1
1789134816881616,0.3045361042022705,1
1789134816893616,0.28186309337615967,1
1789134816905616,0.10847365856170654,1
1789134816905616,0.10847365856170654,1
1789134816905616,0.10847365856170654,1
1789134816905616,0.10847365856170654,1
1789134816941616,-0.1447741985321045,1
1789134816953616,-0.20499968528747559,1
1789134816965616,-0.1050271987915039,1
1789134816965616,-0.1050271987915039,1
1789134816965616,-0.1050271987915039,1
1789134816965616,-0.1050271987915039,1
1789134816965616,-0.1050271987915039,1
1789134817013616,0.3360239267349243,1
1789134817025616,0.48264336585998535,1
1789134817025616,0.48264336585998535,1
1789134817025616,0.48264336585998535,1
1789134817025616,0.48264336585998535,1
1789134817061616,0.18864095211029053,1
1789134817073616,0.0651625394821167,1
1789134817085616,0.034256815910339355,1
1789134817085616,0.034256815910339355,1
1789134817085616,0.034256815910339355,1
1789134817085616,0.034256815910339355,1
1789134817085616,0.034256815910339355,1
1789134817133616,-0.13310980796813965,1
1789134817145616,-0.15789103507995605,1
1789134817145616,-0.15789103507995605,1
1789134817145616,-0.15789103507995605,1
1789134817145616,-0.15789103507995605,1
1789134817181616,0.11834275722503662,1
1789134817193616,0.14273452758789062,1
1789134817205616,0.05478465557098389,1
1789134817205616,0.05478465557098389,1
1789134817205616,0.05478465557098389,1
1789134817205616,0.05478465557098389,1
1789134817241616,-0.195326566696167,1
1789134817253616,-0.258929967880249,1
1789134817265616,-0.1693723201751709,1
1789134817265616,-0.1693723201751709,1
1789134817265616,-0.1693723201751709,1
1789134817265616,-0.1693723201751709,1
1789134817301616,0.1344984769821167,1
1789134817313616,0.2796269655227661,1
1789134817325616,0.15800118446350098,1
1789134817325777,0.15800118446350098,1
1789134817325777,0.15800118446350098,1
1789134817325777,0.15800118446350098,1
1789134817325777,0.15800118446350098,1
1789134817373777,-0.27284717559814453,1
1789134817385777,-0.42746758460998535,1
1789134817385777,-0.42746758460998535,1
1789134817385777,-0.42746758460998535,1
1789134817385777,-0.42746758460998535,1
1789134817385777,-0.42746758460998535,1
1789134817433777,-0.09984493255615234,1
1789134817445777,-0.016570329666137695,1
1789134817445777,-0.016570329666137695,1
1789134817445777,-0.016570329666137695,1
1789134817445777,-0.016570329666137695,1
1789134817445777,-0.016570329666137695,1
1789134817493777,0.49010801315307617,1
1789134817505777,0.5724643468856812,1
1789134817505777,0.5724643468856812,1
1789134817505777,0.5724643468856812,1
1789134817505777,0.5724643468856812,1
1789134817541777,0.19991421699523926,1
1789134817553777,0.06686747074127197,1
1789134817565777,-0.04917478561401367,1
1789134817565777,-0.04917478561401367,1
1789134817565777,-0.04917478561401367,1
1789134817565777,-0.04917478561401367,1
1789134817565777,-0.04917478561401367,1
1789134817613777,0.05764949321746826,1
1789134817625777,0.21549034118652344,1
1789134817625777,0.21549034118652344,1
1789134817625777,0.21549034118652344,1
1789134817625777,0.21549034118652344,1
1789134817661777,-0.0762491226196289,1
1789134817673777,-0.16619205474853516,1
1789134817685777,-0.12712788581848145,1
1789134817685777,-0.12712788581848145,1
1789134817685777,-0.12712788581848145,1
1789134817685777,-0.12712788581848145,1
1789134817685777,-0.12712788581848145,1
1789134817733777,0.3337048292160034,1
1789134817745777,0.4865306615829468,1
1789134817745777,0.4865306615829468,1
1789134817745777,0.4865306615829468,1
1789134817745777,0.4865306615829468,1
1789134817745777,0.4865306615829468,1
1789134817793777,-0.025731801986694336,1
1789134817805777,-0.05014181137084961,1
1789134817805777,-0.05014181137084961,1
1789134817805777,-0.05014181137084961,1
1789134817805777,-0.05014181137084961,1
1789134817805777,-0.05014181137084961,1
1789134817853777,0.02111518383026123,1
1789134817865777,0.168287992477417,1
1789134817865777,0.168287992477417,1
1789134817865777,0.168287992477417,1
1789134817865777,0.168287992477417,1
1789134817901777,-0.1392519474029541,1
1789134817913777,-0.2387690544128418,1
1789134817925777,-0.1955885887145996,1
1789134817925777,-0.1955885887145996,1
1789134817925777,-0.1955885887145996,1
1789134817925777,-0.1955885887145996,1
1789134817925777,-0.1955885887145996,1
1789134817973777,0.24837934970855713,1
1789134817985777,0.41425299644470215,1
1789134817985777,0.41425299644470215,1
1789134817985777,0.41425299644470215,1
1789134817985777,0.41425299644470215,1
1789134818021777,0.07740592956542969,1
1789134818033777,-0.026738405227661133,1
1789134818045777,-0.1321272850036621,1
1789134818045777,-0.1321272850036621,1
1789134818045777,-0.1321272850036621,1
1789134818045777,-0.1321272850036621,1
1789134818045777,-0.1321272850036621,1
1789134818093777,0.16403484344482422,1
1789134818105777,0.31701958179473877,1
1789134818105777,0.31701958179473877,1
1789134818105777,0.31701958179473877,1
1789134818105777,0.31701958179473877,1
1789134818141777,-0.025472402572631836,1
1789134818153777,-0.0840156078338623,1
1789134818165777,-0.03967165946960449,1
1789134818165777,-0.03967165946960449,1
1789134818165777,-0.03967165946960449,1
1789134818165777,-0.03967165946960449,1
1789134818201777,0.3672773838043213,1
1789134818213777,0.4069702625274658,1
1789134818225777,0.23449993133544922,1
1789134818225777,0.23449993133544922,1
1789134818225777,0.23449993133544922,1
1789134818225777,0.23449993133544922,1
1789134818261777,-0.06497740745544434,1
1789134818273777,-0.14999032020568848,1
1789134818285777,-0.07724165916442871,1
1789134818285777,-0.07724165916442871,1
1789134818285777,-0.07724165916442871,1
1789134818285777,-0.07724165916442871,1
1789134818285777,-0.07724165916442871,1
1789134818333940,0.20062994956970215,1
1789134818345940,0.34848451614379883,1
1789134818345940,0.34848451614379883,1
1789134818345940,0.34848451614379883,1
1789134818345940,0.34848451614379883,1
1789134818381940,0.017516136169433594,1
1789134818393940,-0.12550568580627441,1
1789134818405940,-0.14253664016723633,1
1789134818405940,-0.14253664016723633,1
1789134818405940,-0.14253664016723633,1
1789134818405940,-0.14253664016723633,1
1789134818405940,-0.14253664016723633,1
1789134818453940,0.21588146686553955,1
1789134818465940,0.3785097599029541,1
1789134818465940,0.3785097599029541,1
1789134818465940,0.3785097599029541,1
1789134818465940,0.3785097599029541,1
1789134818501940,0.049733877182006836,1
1789134818513940,-0.11605024337768555,1
1789134818525940,-0.19473505020141602,1
1789134818525940,-0.19473505020141602,1
1789134818525940,-0.19473505020141602,1
1789134818525940,-0.19473505020141602,1
1789134818561940,0.018776297569274902,1
1789134818573940,0.05340230464935303,1
1789134818585940,-0.10071754455566406,1
1789134818585940,-0.10071754455566406,1
1789134818585940,-0.10071754455566406,1
1789134818585940,-0.10071754455566406,1
1789134818621940,0.005646347999572754,1
1789134818633940,0.16919970512390137,1
1789134818645940,0.11122918128967285,1
1789134818645940,0.11122918128967285,1
1789134818645940,0.11122918128967285,1
1789134818645940,0.11122918128967285,1
1789134818645940,0.11122918128967285,1
1789134818693940,-0.3587222099304199,1
1789134818705940,-0.5131940841674805,1
1789134818705940,-0.5131940841674805,1
1789134818705940,-0.5131940841674805,1
1789134818705940,-0.5131940841674805,1
1789134818705940,-0.5131940841674805,1
1789134818753940,-0.19469833374023438,1
1789134818765940,-0.11714863777160645,1
1789134818765940,-0.11714863777160645,1
1789134818765940,-0.11714863777160645,1
1789134818765940,-0.11714863777160645,1
1789134818765940,-0.11714863777160645,1
1789134818813940,0.14790809154510498,1
1789134818825940,0.30582380294799805,1
1789134818825940,0.30582380294799805,1
1789134818825940,0.30582380294799805,1
1789134818825940,0.30582380294799805,1
1789134818861940,-0.034833431243896484,1
1789134818873940,-0.12113118171691895,1
1789134818885940,-0.02611684799194336,1
1789134818885940,-0.02611684799194336,1
1789134818885940,-0.02611684799194336,1
1789134818885940,-0.02611684799194336,1
1789134818885940,-0.02611684799194336,1
1789134818933940,0.26494860649108887,1
1789134818945940,0.4227050542831421,1
1789134818945940,0.4227050542831421,1
1789134818945940,0.4227050542831421,1
1789134818945940,0.4227050542831421,1
1789134818981940,0.07568132877349854,1
1789134818993940,-0.08310818672180176,1
1789134819005940,-0.10152506828308105,1
1789134819005940,-0.10152506828308105,1
1789134819005940,-0.10152506828308105,1
1789134819005940,-0.10152506828308105,1
1789134819041940,0.22253131866455078,1
1789134819053940,0.2498795986175537,1
1789134819065940,0.0764474868774414,1
1789134819065940,0.0764474868774414,1
1789134819065940,0.0764474868774414,1
1789134819065940,0.0764474868774414,1
1789134819065940,0.0764474868774414,1
1789134819113940,-0.33704495429992676,1
1789134819125940,-0.4206690788269043,1
1789134819125940,-0.4206690788269043,1
1789134819125940,-0.4206690788269043,1
1789134819125940,-0.4206690788269043,1
1789134819125940,-0.4206690788269043,1
1789134819173940,-0.20609092712402344,1
1789134819185940,-0.05294919013977051,1
1789134819185940,-0.05294919013977051,1
1789134819185940,-0.05294919013977051,1
1789134819185940,-0.05294919013977051,1
1789134819221940,0.11316299438476562,1
1789134819233940,0.1344292163848877,1
1789134819245940,0.049440860748291016,1
1789134819245940,0.049440860748291016,1
1789134819245940,0.049440860748291016,1
1789134819245940,0.049440860748291016,1
1789134819245940,0.049440860748291016,1
1789134819293940,-0.3727865219116211,1
1789134819305940,-0.4310448169708252,1
1789134819305940,-0.4310448169708252,1
1789134819305940,-0.4310448169708252,1
1789134819306101,-0.4310448169708252,1
1789134819342101,-0.0894463062286377,1
1789134819354101,0.08115732669830322,1
1789134819366101,0.15990114212036133,1
1789134819366101,0.15990114212036133,1
1789134819366101,0.15990114212036133,1
1789134819366101,0.15990114212036133,1
1789134819366101,0.15990114212036133,1
1789134819414101,-0.22655797004699707,1
1789134819426101,-0.3673677444458008,1
1789134819426101,-0.3673677444458008,1
1789134819426101,-0.3673677444458008,1
1789134819426101,-0.3673677444458008,1
1789134819462101,-0.15502333641052246,1
1789134819474101,-0.013320207595825195,1
1789134819486101,0.06684470176696777,1
1789134819486101,0.06684470176696777,1
1789134819486101,0.06684470176696777,1
1789134819486101,0.06684470176696777,1
1789134819522101,-0.07660746574401855,1
1789134819534101,-0.13399958610534668,1
1789134819546101,-0.04647564888000488,1
1789134819546101,-0.04647564888000488,1
1789134819546101,-0.04647564888000488,1
1789134819546101,-0.04647564888000488,1
1789134819582101,0.2829195261001587,1
1789134819594101,0.3015066385269165,1
1789134819606101,0.21408510208129883,1
1789134819606101,0.21408510208129883,1
1789134819606101,0.21408510208129883,1
1789134819606101,0.21408510208129883,1
1789134819606101,0.21408510208129883,1
1789134819654101,-0.22301459312438965,1
1789134819666101,-0.38340210914611816,1
1789134819666101,-0.38340210914611816,1
1789134819666101,-0.38340210914611816,1
1789134819666101,-0.38340210914611816,1
1789134819702101,-0.16721582412719727,1
1789134819714101,0.0191195011138916,1
1789134819726101,0.08805310726165771,1
1789134819726101,0.08805310726165771,1
1789134819726101,0.08805310726165771,1
1789134819726101,0.08805310726165771,1
1789134819726101,0.08805310726165771,1
1789134819774101,-0.2142331600189209,1
1789134819786101,-0.3574404716491699,1
1789134819786101,-0.3574404716491699,1
1789134819786101,-0.3574404716491699,1
1789134819786101,-0.3574404716491699,1
1789134819822101,-0.19648456573486328,1
1789134819834101,-0.0469975471496582,1
1789134819846101,0.028908610343933105,1
1789134819846101,0.028908610343933105,1
1789134819846101,0.028908610343933105,1
1789134819846101,0.028908610343933105,1
1789134819882101,-0.08457159996032715,1
1789134819894101,-0.1097116470336914,1
1789134819906101,-0.09942412376403809,1
1789134819906101,-0.09942412376403809,1
1789134819906101,-0.09942412376403809,1
1789134819906101,-0.09942412376403809,1
1789134819942101,0.20036470890045166,1
1789134819954101,0.23439252376556396,1
1789134819966101,0.1470721960067749,1
1789134819966101,0.1470721960067749,1
1789134819966101,0.1470721960067749,1
1789134819966101,0.1470721960067749,1
1789134819966101,0.1470721960067749,1
1789134820014101,-0.2678091526031494,1
1789134820026101,-0.4260215759277344,1
1789134820026101,-0.4260215759277344,1
1789134820026101,-0.4260215759277344,1
1789134820026101,-0.4260215759277344,1
1789134820062101,-0.2399611473083496,1
1789134820074101,-0.05587410926818848,1
1789134820086101,0.0,1
1789134820086101,0.0,1
1789134820086101,0.0,1
1789134820086101,0.0,1
1789134820086101,0.0,1
1789134820134101,0.37448322772979736,1
1789134820146101,0.3549952507019043,1
1789134820146101,0.3549952507019043,1
1789134820146101,0.3549952507019043,1
1789134820146101,0.3549952507019043,1
1789134820182101,0.07287061214447021,1
1789134820194101,0.012917518615722656,1
1789134820206101,-0.03103184700012207,1
1789134820206101,-0.03103184700012207,1
1789134820206101,-0.03103184700012207,1
1789134820206101,-0.03103184700012207,1
1789134820206101,-0.03103184700012207,1
1789134820254101,0.26550185680389404,1
1789134820266101,0.41541075706481934,1
1789134820266101,0.41541075706481934,1
1789134820266101,0.41541075706481934,1
1789134820266101,0.41541075706481934,1
1789134820302101,0.09716534614562988,1
1789134820314101,-0.009920120239257812,1
1789134820326101,-0.14199161529541016,1
1789134820326261,-0.14199161529541016,1
1789134820326261,-0.14199161529541016,1
1789134820326261,-0.14199161529541016,1
1789134820326261,-0.14199161529541016,1
1789134820374261,0.15286481380462646,1
1789134820386261,0.30641913414001465,1
1789134820386261,0.30641913414001465,1
1789134820386261,0.30641913414001465,1
1789134820386261,0.30641913414001465,1
1789134820386261,0.30641913414001465,1
1789134820434261,-0.14517903327941895,1
1789134820446261,-0.23479175567626953,1
1789134820446261,-0.23479175567626953,1
1789134820446261,-0.23479175567626953,1
1789134820446261,-0.23479175567626953,1
1789134820446261,-0.23479175567626953,1
1789134820494261,0.03093242645263672,1
1789134820506261,0.18605995178222656,1
1789134820506261,0.18605995178222656,1
1789134820506261,0.18605995178222656,1
1789134820506261,0.18605995178222656,1
1789134820542261,-0.145371675491333,1
1789134820554261,-0.34552693367004395,1
1789134820566261,-0.3743729591369629,1
1789134820566261,-0.3743729591369629,1
1789134820566261,-0.3743729591369629,1
1789134820566261,-0.3743729591369629,1
1789134820566261,-0.3743729591369629,1
1789134820614261,0.013129591941833496,1
1789134820626261,0.17294669151306152,1
1789134820626261,0.17294669151306152,1
1789134820626261,0.17294669151306152,1
1789134820626261,0.17294669151306152,1
1789134820626261,0.17294669151306152,1
1789134820674261,-0.203477144241333,1
1789134820686261,-0.29220104217529297,1
1789134820686261,-0.29220104217529297,1
1789134820686261,-0.29220104217529297,1
1789134820686261,-0.29220104217529297,1
1789134820686261,-0.29220104217529297,1
1789134820734261,-0.0982046127319336,1
1789134820746261,-0.005353689193725586,1
1789134820746261,-0.005353689193725586,1
1789134820746261,-0.005353689193725586,1
1789134820746261,-0.005353689193725586,1
1789134820782261,0.30861759185791016,1
1789134820794261,0.2878206968307495,1
1789134820806261,0.20235168933868408,1
1789134820806261,0.20235168933868408,1
1789134820806261,0.20235168933868408,1
1789134820806261,0.20235168933868408,1
1789134820842261,-0.16285133361816406,1
1789134820854261,-0.23888421058654785,1
1789134820866261,-0.3073716163635254,1
1789134820866261,-0.3073716163635254,1
1789134820866261,-0.3073716163635254,1
1789134820866261,-0.3073716163635254,1
1789134820902261,-0.02052760124206543,1
1789134820914261,0.1260305643081665,1
1789134820926261,0.20264971256256104,1
1789134820926261,0.20264971256256104,1
1789134820926261,0.20264971256256104,1
1789134820926261,0.20264971256256104,1
1789134820926261,0.20264971256256104,1
1789134820974261,-0.11463046073913574,1
1789134820986261,-0.22836995124816895,1
1789134820986261,-0.22836995124816895,1
1789134820986261,-0.22836995124816895,1
1789134820986261,-0.22836995124816895,1
1789134820986261,-0.22836995124816895,1
1789134821034261,0.0735921859741211,1
1789134821046261,0.12505686283111572,1
1789134821046261,0.12505686283111572,1
1789134821046261,0.12505686283111572,1
1789134821046261,0.12505686283111572,1
1789134821046261,0.12505686283111572,1
1789134821094261,-0.16266965866088867,1
1789134821106261,-0.3205292224884033,1
1789134821106261,-0.3205292224884033,1
1789134821106261,-0.3205292224884033,1
1789134821106261,-0.3205292224884033,1
1789134821142261,-0.17432641983032227,1
1789134821154261,-0.02370309829711914,1
1789134821166261,0.04693496227264404,1
1789134821166261,0.04693496227264404,1
1789134821166261,0.04693496227264404,1
1789134821166261,0.04693496227264404,1
1789134821202261,-0.06975555419921875,1
1789134821214261,-0.10245084762573242,1
1789134821226261,0.04719138145446777,1
1789134821226261,0.04719138145446777,1
1789134821226261,0.04719138145446777,1
1789134821226261,0.04719138145446777,1
1789134821262261,-0.12091374397277832,1
1789134821274261,-0.17929434776306152,1
1789134821286261,-0.10026121139526367,1
1789134821286261,-0.10026121139526367,1
1789134821286261,-0.10026121139526367,1
1789134821286261,-0.10026121139526367,1
1789134821286261,-0.10026121139526367,1
1789134821334424,0.05526387691497803,1
1789134821346424,0.1813565492630005,1
1789134821346424,0.1813565492630005,1
1789134821346424,0.1813565492630005,1
1789134821346424,0.1813565492630005,1
1789134821382424,-0.12873601913452148,1
1789134821394424,-0.21938538551330566,1
1789134821406424,-0.16273903846740723,1
1789134821406424,-0.16273903846740723,1
1789134821406424,-0.16273903846740723,1
1789134821406424,-0.16273903846740723,1
1789134821406424,-0.16273903846740723,1
1789134821454424,0.07240033149719238,1
1789134821466424,0.02794671058654785,1
1789134821466424,0.02794671058654785,1
1789134821466424,0.02794671058654785,1
1789134821466424,0.02794671058654785,1
1789134821502424,-0.1667463779449463,1
1789134821514424,-0.11481881141662598,1
1789134821526424,-0.028697490692138672,1
1789134821526424,-0.028697490692138672,1
1789134821526424,-0.028697490692138672,1
1789134821526424,-0.028697490692138672,1
1789134821526424,-0.028697490692138672,1
1789134821574424,0.028942227363586426,1
1789134821586424,0.20479559898376465,1
1789134821586424,0.20479559898376465,1
1789134821586424,0.20479559898376465,1
1789134821586424,0.20479559898376465,1
1789134821622424,-0.13479900360107422,1
1789134821634424,-0.22737741470336914,1
1789134821646424,-0.08267831802368164,1
1789134821646424,-0.08267831802368164,1
1789134821646424,-0.08267831802368164,1
1789134821646424,-0.08267831802368164,1
1789134821646424,-0.08267831802368164,1
1789134821694424,0.40720534324645996,1
1789134821706424,0.5680878162384033,1
1789134821706424,0.5680878162384033,1
1789134821706424,0.5680878162384033,1
1789134821706424,0.5680878162384033,1
1789134821706424,0.5680878162384033,1
1789134821754424,0.05243217945098877,1
1789134821766424,0.030681133270263672,1
1789134821766424,0.030681133270263672,1
1789134821766424,0.030681133270263672,1
1789134821766424,0.030681133270263672,1
1789134821766424,0.030681133270263672,1
1789134821814424,-0.11046600341796875,1
1789134821826424,-0.15872979164123535,1
1789134821826424,-0.15872979164123535,1
1789134821826424,-0.15872979164123535,1
1789134821826424,-0.15872979164123535,1
1789134821862424,0.12164771556854248,1
1789134821874424,0.15778470039367676,1
1789134821886424,0.07138586044311523,1
1789134821886424,0.07138586044311523,1
1789134821886424,0.07138586044311523,1
1789134821886424,0.07138586044311523,1
1789134821886424,0.07138586044311523,1
1789134821934424,-0.3359971046447754,1
1789134821946424,-0.46672987937927246,1
1789134821946424,-0.46672987937927246,1
1789134821946424,-0.46672987937927246,1
1789134821946424,-0.46672987937927246,1
1789134821982424,-0.34696292877197266,1
1789134821994424,-0.20720291137695312,1
1789134822006424,-0.12114405632019043,1
1789134822006424,-0.12114405632019043,1
1789134822006424,-0.12114405632019043,1
1789134822006424,-0.12114405632019043,1
1789134822042424,0.2870008945465088,1
1789134822054424,0.322834849357605,1
1789134822066424,0.14950895309448242,1
1789134822066424,0.14950895309448242,1
1789134822066424,0.14950895309448242,1
1789134822066424,0.14950895309448242,1
1789134822102424,0.016761183738708496,1
1789134822114424,-0.05034446716308594,1
1789134822126424,0.004291653633117676,1
1789134822126424,0.004291653633117676,1
1789134822126424,0.004291653633117676,1
1789134822126424,0.004291653633117676,1
1789134822162424,0.3134315013885498,1
1789134822174424,0.2956867218017578,1
1789134822186424,0.12475168704986572,1
1789134822186424,0.12475168704986572,1
1789134822186424,0.12475168704986572,1
1789134822186424,0.12475168704986572,1
1789134822186424,0.12475168704986572,1
1789134822234424,-0.24075555801391602,1
1789134822246424,-0.32306575775146484,1
1789134822246424,-0.32306575775146484,1
1789134822246424,-0.32306575775146484,1
1789134822246424,-0.32306575775146484,1
1789134822246424,-0.32306575775146484,1
1789134822294424,-0.04717063903808594,1
1789134822306424,0.10358774662017822,1
1789134822306424,0.10358774662017822,1
1789134822306424,0.10358774662017822,1
1789134822306424,0.10358774662017822,1
1789134822306584,0.10358774662017822,1
1789134822354584,-0.20331931114196777,1
1789134822366584,-0.28983306884765625,1
1789134822366584,-0.28983306884765625,1
1789134822366584,-0.28983306884765625,1
1789134822390584,-0.29058098793029785,1
1789134822390584,-0.29058098793029785,1
1789134822414584,-0.030302762985229492,1
1789134822426584,0.11063611507415771,1
1789134822426584,0.11063611507415771,1
1789134822426584,0.11063611507415771,1
1789134822426584,0.11063611507415771,1
1789134822462584,-0.005456686019897461,1
1789134822474584,-0.1520698070526123,1
1789134822486584,-0.1621549129486084,1
1789134822486584,-0.1621549129486084,1
1789134822486584,-0.1621549129486084,1
1789134822486584,-0.1621549129486084,1
1789134822522584,0.11881625652313232,1
1789134822534584,0.18833708763122559,1
1789134822546584,0.06676709651947021,1
1789134822546584,0.06676709651947021,1
1789134822546584,0.06676709651947021,1
1789134822546584,0.06676709651947021,1
1789134822546584,0.06676709651947021,1
1789134822594584,-0.26601505279541016,1
1789134822606584,-0.32749056816101074,1
1789134822606584,-0.32749056816101074,1
1789134822606584,-0.32749056816101074,1
1789134822606584,-0.32749056816101074,1
1789134822606584,-0.32749056816101074,1
1789134822654584,-0.027971744537353516,1
1789134822666584,0.12383484840393066,1
1789134822666584,0.12383484840393066,1
1789134822666584,0.12383484840393066,1
1789134822666584,0.12383484840393066,1
1789134822666584,0.12383484840393066,1
1789134822714584,-0.20855426788330078,1
1789134822726584,-0.2843892574310303,1
1789134822726584,-0.2843892574310303,1
1789134822726584,-0.2843892574310303,1
1789134822726584,-0.2843892574310303,1
1789134822726584,-0.2843892574310303,1
1789134822774584,-0.015044927597045898,1
1789134822786584,0.1354924440383911,1
1789134822786584,0.1354924440383911,1
1789134822786584,0.1354924440383911,1
1789134822786584,0.1354924440383911,1
1789134822822584,-0.04108428955078125,1
1789134822834584,-0.09263968467712402,1
1789134822846584,-0.025818586349487305,1
1789134822846584,-0.025818586349487305,1
1789134822846584,-0.025818586349487305,1
1789134822846584,-0.025818586349487305,1
1789134822846584,-0.025818586349487305,1
1789134822894584,0.4292713403701782,1
1789134822906584,0.5073158740997314,1
1789134822906584,0.5073158740997314,1
1789134822906584,0.5073158740997314,1
1789134822906584,0.5073158740997314,1
1789134822906584,0.5073158740997314,1
1789134822954584,0.09280359745025635,1
1789134822966584,-0.0032875537872314453,1
1789134822966584,-0.0032875537872314453,1
1789134822966584,-0.0032875537872314453,1
1789134822966584,-0.0032875537872314453,1
1789134822966584,-0.0032875537872314453,1
1789134823014584,0.20979022979736328,1
1789134823026584,0.2227705717086792,1
1789134823026584,0.2227705717086792,1
1789134823026584,0.2227705717086792,1
1789134823026584,0.2227705717086792,1
1789134823026584,0.2227705717086792,1
1789134823074584,-0.2069413661956787,1
1789134823086584,-0.29112720489501953,1
1789134823086584,-0.29112720489501953,1
1789134823086584,-0.29112720489501953,1
1789134823086584,-0.29112720489501953,1
1789134823086584,-0.29112720489501953,1
1789134823134584,0.06811201572418213,1
1789134823146584,0.23316073417663574,1
1789134823146584,0.23316073417663574,1
1789134823146584,0.23316073417663574,1
1789134823146584,0.23316073417663574,1
1789134823182584,-0.08806920051574707,1
1789134823194584,-0.18765878677368164,1
1789134823206584,-0.14719676971435547,1
1789134823206584,-0.14719676971435547,1
1789134823206584,-0.14719676971435547,1
1789134823206584,-0.14719676971435547,1
1789134823206584,-0.14719676971435547,1
1789134823254584,0.35085391998291016,1
1789134823266584,0.5198843479156494,1
1789134823266584,0.5198843479156494,1
1789134823266584,0.5198843479156494,1
1789134823266584,0.5198843479156494,1
1789134823266584,0.5198843479156494,1
1789134823314584,-0.00467228889465332,1
1789134823326584,-0.07418656349182129,1
1789134823326584,-0.07418656349182129,1
1789134823326746,-0.07418656349182129,1
1789134823326746,-0.07418656349182129,1
1789134823326746,-0.07418656349182129,1
1789134823374746,0.04832053184509277,1
1789134823386746,0.19426798820495605,1
1789134823386746,0.19426798820495605,1
1789134823386746,0.19426798820495605,1
1789134823386746,0.19426798820495605,1
1789134823422746,-0.11887979507446289,1
1789134823434746,-0.18516945838928223,1
1789134823446746,-0.12654542922973633,1
1789134823446746,-0.12654542922973633,1
1789134823446746,-0.12654542922973633,1
1789134823446746,-0.12654542922973633,1
1789134823482746,0.2350856065750122,1
1789134823494746,0.2722146511077881,1
1789134823506746,0.10917139053344727,1
1789134823506746,0.10917139053344727,1
1789134823506746,0.10917139053344727,1
1789134823506746,0.10917139053344727,1
1789134823542746,-0.0825967788696289,1
1789134823554746,-0.16781401634216309,1
1789134823566746,-0.11153435707092285,1
1789134823566746,-0.11153435707092285,1
1789134823566746,-0.11153435707092285,1
1789134823566746,-0.11153435707092285,1
1789134823566746,-0.11153435707092285,1
1789134823614746,0.3962860107421875,1
1789134823626746,0.5339094400405884,1
1789134823626746,0.5339094400405884,1
1789134823626746,0.5339094400405884,1
1789134823626746,0.5339094400405884,1
1789134823662746,0.23296022415161133,1
1789134823674746,0.08786332607269287,1
1789134823686746,0.06735646724700928,1
1789134823686746,0.06735646724700928,1
1789134823686746,0.06735646724700928,1
1789134823710746,-0.23457670211791992,1
1789134823710746,-0.23457670211791992,1
1789134823734746,-0.09035992622375488,1
1789134823746746,0.05928027629852295,1
1789134823746746,0.05928027629852295,1
1789134823746746,0.05928027629852295,1
1789134823746746,0.05928027629852295,1
1789134823746746,0.05928027629852295,1
1789134823794746,-0.25095367431640625,1
1789134823806746,-0.330216646194458,1
1789134823806746,-0.330216646194458,1
1789134823806746,-0.330216646194458,1
1789134823806746,-0.330216646194458,1
1789134823842746,-0.16081929206848145,1
1789134823854746,-0.07634544372558594,1
1789134823866746,0.1335587501525879,1
1789134823866746,0.1335587501525879,1
1789134823866746,0.1335587501525879,1
1789134823866746,0.1335587501525879,1
1789134823902746,-0.08321022987365723,1
1789134823914746,-0.17260527610778809,1
1789134823926746,-0.09632205963134766,1
1789134823926746,-0.09632205963134766,1
1789134823926746,-0.09632205963134766,1
1789134823926746,-0.09632205963134766,1
1789134823926746,-0.09632205963134766,1
1789134823974746,0.054822444915771484,1
1789134823986746,0.1849302053451538,1
1789134823986746,0.1849302053451538,1
1789134823986746,0.1849302053451538,1
1789134823986746,0.1849302053451538,1
1789134824022746,-0.14397788047790527,1
1789134824034746,-0.23035573959350586,1
1789134824046746,-0.13750123977661133,1
1789134824046746,-0.13750123977661133,1
1789134824046746,-0.13750123977661133,1
1789134824046746,-0.13750123977661133,1
1789134824046746,-0.13750123977661133,1
1789134824094746,0.30991482734680176,1
1789134824106746,0.2957630157470703,1
1789134824106746,0.2957630157470703,1
1789134824106746,0.2957630157470703,1
1789134824106746,0.2957630157470703,1
1789134824142746,0.025122523307800293,1
1789134824154746,-0.03136920928955078,1
1789134824166746,-0.0011506080627441406,1
1789134824166746,-0.0011506080627441406,1
1789134824166746,-0.0011506080627441406,1
1789134824166746,-0.0011506080627441406,1
1789134824166746,-0.0011506080627441406,1
1789134824214746,0.23332273960113525,1
1789134824226746,0.3305398225784302,1
1789134824226746,0.3305398225784302,1
1789134824226746,0.3305398225784302,1
1789134824226746,0.3305398225784302,1
1789134824226746,0.3305398225784302,1
1789134824274746,-0.03415036201477051,1
1789134824286746,-0.11970305442810059,1
1789134824286746,-0.11970305442810059,1
1789134824286746,-0.11970305442810059,1
1789134824286746,-0.11970305442810059,1
1789134824286746,-0.11970305442810059,1
1789134824334746,0.14961695671081543,1
1789134824346746,0.3088124990463257,1
1789134824346906,0.3088124990463257,1
1789134824346906,0.3088124990463257,1
1789134824346906,0.3088124990463257,1
1789134824346906,0.3088124990463257,1
1789134824394906,-0.2615377902984619,1
1789134824406906,-0.3426172733306885,1
1789134824406906,-0.3426172733306885,1
1789134824406906,-0.3426172733306885,1
1789134824406906,-0.3426172733306885,1
1789134824406906,-0.3426172733306885,1
1789134824454906,-0.12395811080932617,1
1789134824466906,0.025287747383117676,1
1789134824466906,0.025287747383117676,1
1789134824466906,0.025287747383117676,1
1789134824466906,0.025287747383117676,1
1789134824502906,-0.020612478256225586,1
1789134824514906,0.04344141483306885,1
1789134824526906,0.11880195140838623,1
1789134824526906,0.11880195140838623,1
1789134824526906,0.11880195140838623,1
1789134824526906,0.11880195140838623,1
1789134824526906,0.11880195140838623,1
1789134824574906,-0.24346232414245605,1
1789134824586906,-0.3938560485839844,1
1789134824586906,-0.3938560485839844,1
1789134824586906,-0.3938560485839844,1
1789134824586906,-0.3938560485839844,1
1789134824622906,-0.21026134490966797,1
1789134824634906,-0.03888750076293945,1
1789134824646906,0.03693115711212158,1
1789134824646906,0.03693115711212158,1
1789134824646906,0.03693115711212158,1
1789134824646906,0.03693115711212158,1
1789134824646906,0.03693115711212158,1
1789134824694906,-0.1670989990234375,1
1789134824706906,-0.23362946510314941,1
1789134824706906,-0.23362946510314941,1
1789134824706906,-0.23362946510314941,1
1789134824706906,-0.23362946510314941,1
1789134824742906,-0.09555959701538086,1
1789134824754906,0.06293904781341553,1
1789134824766906,0.13533329963684082,1
1789134824766906,0.13533329963684082,1
1789134824766906,0.13533329963684082,1
1789134824766906,0.13533329963684082,1
1789134824802906,-0.14398455619812012,1
1789134824814906,-0.2043311595916748,1
1789134824826906,-0.07783222198486328,1
1789134824826906,-0.07783222198486328,1
1789134824826906,-0.07783222198486328,1
1789134824850906,0.17878246307373047,1
1789134824850906,0.17878246307373047,1
1789134824874906,-0.009859561920166016,1
1789134824886906,-0.08629989624023438,1
1789134824886906,-0.08629989624023438,1
1789134824886906,-0.08629989624023438,1
1789134824886906,-0.08629989624023438,1
1789134824886906,-0.08629989624023438,1
1789134824934906,0.21686971187591553,1
1789134824946906,0.37391388416290283,1
1789134824946906,0.37391388416290283,1
1789134824946906,0.37391388416290283,1
1789134824946906,0.37391388416290283,1
1789134824982906,0.03519296646118164,1
1789134824994906,-0.09200525283813477,1
1789134825006906,-0.11096334457397461,1
1789134825006906,-0.11096334457397461,1
1789134825006906,-0.11096334457397461,1
1789134825006906,-0.11096334457397461,1
1789134825042906,0.18936467170715332,1
1789134825054906,0.22675621509552002,1
1789134825066906,0.05776536464691162,1
1789134825066906,0.05776536464691162,1
1789134825066906,0.05776536464691162,1
1789134825066906,0.05776536464691162,1
1789134825102906,-0.20899271965026855,1
1789134825114906,-0.2614457607269287,1
1789134825126906,-0.16525912284851074,1
1789134825126906,-0.16525912284851074,1
1789134825126906,-0.16525912284851074,1
1789134825126906,-0.16525912284851074,1
1789134825162906,0.26628589630126953,1
1789134825174906,0.3007770776748657,1
1789134825186906,0.13087069988250732,1
1789134825186906,0.13087069988250732,1
1789134825186906,0.13087069988250732,1
1789134825186906,0.13087069988250732,1
1789134825222906,-0.15539908409118652,1
1789134825234906,-0.20897841453552246,1
1789134825246906,-0.11490535736083984,1
1789134825246906,-0.11490535736083984,1
1789134825246906,-0.11490535736083984,1
1789134825246906,-0.11490535736083984,1
1789134825246906,-0.11490535736083984,1
1789134825294906,0.374617338180542,1
1789134825306906,0.5316857099533081,1
1789134825306906,0.5316857099533081,1
1789134825306906,0.5316857099533081,1
1789134825306906,0.5316857099533081,1
1789134825306906,0.5316857099533081,1
1789134825355066,0.06701898574829102,1
1789134825367066,0.0168074369430542,1
1789134825367066,0.0168074369430542,1
1789134825367066,0.0168074369430542,1
1789134825367066,0.0168074369430542,1
1789134825367066,0.0168074369430542,1
1789134825415066,0.357308030128479,1
1789134825427066,0.37874269485473633,1
1789134825427066,0.37874269485473633,1
1789134825427066,0.37874269485473633,1
1789134825427066,0.37874269485473633,1
1789134825463066,0.05452847480773926,1
1789134825475066,-0.034226417541503906,1
1789134825487066,-0.1200096607208252,1
1789134825487066,-0.1200096607208252,1
1789134825487066,-0.1200096607208252,1
1789134825487066,-0.1200096607208252,1
1789134825487066,-0.1200096607208252,1
1789134825535066,0.19811737537384033,1
1789134825547066,0.35700511932373047,1
1789134825547066,0.35700511932373047,1
1789134825547066,0.35700511932373047,1
1789134825547066,0.35700511932373047,1
1789134825583066,0.007459163665771484,1
1789134825595066,-0.09214472770690918,1
1789134825607066,0.0551837682723999,1
1789134825607066,0.0551837682723999,1
1789134825607066,0.0551837682723999,1
1789134825607066,0.0551837682723999,1
1789134825607066,0.0551837682723999,1
1789134825655066,-0.1792590618133545,1
1789134825667066,-0.27557945251464844,1
1789134825667066,-0.27557945251464844,1
1789134825667066,-0.27557945251464844,1
1789134825667066,-0.27557945251464844,1
1789134825667066,-0.27557945251464844,1
1789134825715066,0.11181020736694336,1
1789134825727066,0.18812155723571777,1
1789134825727066,0.18812155723571777,1
1789134825727066,0.18812155723571777,1
1789134825727066,0.18812155723571777,1
1789134825727066,0.18812155723571777,1
1789134825775066,-0.04426264762878418,1
1789134825787066,-0.20287728309631348,1
1789134825787066,-0.20287728309631348,1
1789134825787066,-0.20287728309631348,1
1789134825787066,-0.20287728309631348,1
1789134825823066,0.008213639259338379,1
1789134825835066,0.15968430042266846,1
1789134825847066,0.2353883981704712,1
1789134825847066,0.2353883981704712,1
1789134825847066,0.2353883981704712,1
1789134825847066,0.2353883981704712,1
1789134825847066,0.2353883981704712,1
1789134825895066,-0.14330077171325684,1
1789134825907066,-0.2723195552825928,1
1789134825907066,-0.2723195552825928,1
1789134825907066,-0.2723195552825928,1
1789134825907066,-0.2723195552825928,1
1789134825943066,-0.10215282440185547,1
1789134825955066,0.010421514511108398,1
1789134825967066,0.13542282581329346,1
1789134825967066,0.13542282581329346,1
1789134825967066,0.13542282581329346,1
1789134825967066,0.13542282581329346,1
1789134825967066,0.13542282581329346,1
1789134826015066,-0.09454607963562012,1
1789134826027066,-0.24452900886535645,1
1789134826027066,-0.24452900886535645,1
1789134826027066,-0.24452900886535645,1
1789134826027066,-0.24452900886535645,1
1789134826063066,-0.04865741729736328,1
1789134826075066,0.10999941825866699,1
1789134826087066,0.18647921085357666,1
1789134826087066,0.18647921085357666,1
1789134826087066,0.18647921085357666,1
1789134826087066,0.18647921085357666,1
1789134826123066,-0.03944683074951172,1
1789134826135066,0.011900186538696289,1
1789134826147066,0.1404728889465332,1
1789134826147066,0.1404728889465332,1
1789134826147066,0.1404728889465332,1
1789134826147066,0.1404728889465332,1
1789134826183066,-0.018269062042236328,1
1789134826195066,-0.04357600212097168,1
1789134826207066,0.026994943618774414,1
1789134826207066,0.026994943618774414,1
1789134826207066,0.026994943618774414,1
1789134826207066,0.026994943618774414,1
1789134826207066,0.026994943618774414,1
1789134826255066,0.16298162937164307,1
1789134826267066,0.16682326793670654,1
1789134826267066,0.16682326793670654,1
1789134826267066,0.16682326793670654,1
1789134826267066,0.16682326793670654,1
1789134826303066,-0.12259435653686523,1
1789134826315066,-0.1990952491760254,1
1789134826327066,-0.14423131942749023,1
1789134826327066,-0.14423131942749023,1
1789134826327066,-0.14423131942749023,1
1789134826327225,-0.14423131942749023,1
1789134826327225,-0.14423131942749023,1
1789134826375225,0.32290709018707275,1
1789134826387225,0.4710129499435425,1
1789134826387225,0.4710129499435425,1
1789134826387225,0.4710129499435425,1
1789134826387225,0.4710129499435425,1
1789134826423225,0.12439310550689697,1
1789134826435225,0.010656595230102539,1
1789134826447225,-0.0548558235168457,1
1789134826447225,-0.0548558235168457,1
1789134826447225,-0.0548558235168457,1
1789134826447225,-0.0548558235168457,1
1789134826483225,0.20230448246002197,1
1789134826495225,0.23358416557312012,1
1789134826507225,0.07824230194091797,1
1789134826507225,0.07824230194091797,1
1789134826507225,0.07824230194091797,1
1789134826507225,0.07824230194091797,1
1789134826543225,-0.09174799919128418,1
1789134826555225,-0.25519418716430664,1
1789134826567225,-0.2557520866394043,1
1789134826567225,-0.2557520866394043,1
1789134826567225,-0.2557520866394043,1
1789134826567225,-0.2557520866394043,1
1789134826567225,-0.2557520866394043,1
1789134826615225,0.17058396339416504,1
1789134826627225,0.31524980068206787,1
1789134826627225,0.31524980068206787,1
1789134826627225,0.31524980068206787,1
1789134826627225,0.31524980068206787,1
1789134826627225,0.31524980068206787,1
1789134826675225,-0.10042214393615723,1
1789134826687225,-0.18823575973510742,1
1789134826687225,-0.18823575973510742,1
1789134826687225,-0.18823575973510742,1
1789134826687225,-0.18823575973510742,1
1789134826687225,-0.18823575973510742,1
1789134826735225,0.05559945106506348,1
1789134826747225,0.2072899341583252,1
1789134826747225,0.2072899341583252,1
1789134826747225,0.2072899341583252,1
1789134826747225,0.2072899341583252,1
1789134826783225,-0.11471247673034668,1
1789134826795225,-0.22478175163269043,1
1789134826807225,-0.134108304977417,1
1789134826807225,-0.134108304977417,1
1789134826807225,-0.134108304977417,1
1789134826807225,-0.134108304977417,1
1789134826807225,-0.134108304977417,1
1789134826855225,0.3446164131164551,1
1789134826867225,0.49227166175842285,1
1789134826867225,0.49227166175842285,1
1789134826867225,0.49227166175842285,1
1789134826867225,0.49227166175842285,1
1789134826867225,0.49227166175842285,1
1789134826915225,-0.03045654296875,1
1789134826927225,-0.07757186889648438,1
1789134826927225,-0.07757186889648438,1
1789134826927225,-0.07757186889648438,1
1789134826927225,-0.07757186889648438,1
1789134826927225,-0.07757186889648438,1
1789134826975225,0.09013617038726807,1
1789134826987225,0.242040753364563,1
1789134826987225,0.242040753364563,1
1789134826987225,0.242040753364563,1
1789134826987225,0.242040753364563,1
1789134826987225,0.242040753364563,1
1789134827035225,-0.22782588005065918,1
1789134827047225,-0.30836033821105957,1
1789134827047225,-0.30836033821105957,1
1789134827047225,-0.30836033821105957,1
1789134827047225,-0.30836033821105957,1
1789134827047225,-0.30836033821105957,1
1789134827095225,-0.01791095733642578,1
1789134827107225,0.13102471828460693,1
1789134827107225,0.13102471828460693,1
1789134827107225,0.13102471828460693,1
1789134827107225,0.13102471828460693,1
1789134827143225,-0.02283191680908203,1
1789134827155225,-0.07719779014587402,1
1789134827167225,-0.003516674041748047,1
1789134827167225,-0.003516674041748047,1
1789134827167225,-0.003516674041748047,1
1789134827167225,-0.003516674041748047,1
1789134827167225,-0.003516674041748047,1
1789134827215225,0.4581664800643921,1
1789134827227225,0.5774650573730469,1
1789134827227225,0.5774650573730469,1
1789134827227225,0.5774650573730469,1
1789134827227225,0.5774650573730469,1
1789134827263225,0.21520280838012695,1
1789134827275225,0.11241352558135986,1
1789134827287225,0.06326031684875488,1
1789134827287225,0.06326031684875488,1
1789134827287225,0.06326031684875488,1
1789134827287225,0.06326031684875488,1
1789134827287225,0.06326031684875488,1
1789134827335225,-0.3530430793762207,1
1789134827347225,-0.3954033851623535,1
1789134827347225,-0.3954033851623535,1
1789134827347385,-0.3954033851623535,1
1789134827347385,-0.3954033851623535,1
1789134827383385,-0.27268147468566895,1
1789134827395385,-0.1055300235748291,1
1789134827407385,0.007451534271240234,1
1789134827407385,0.007451534271240234,1
1789134827407385,0.007451534271240234,1
1789134827407385,0.007451534271240234,1
1789134827443385,0.18296492099761963,1
1789134827455385,0.1260000467300415,1
1789134827467385,-0.010356664657592773,1
1789134827467385,-0.010356664657592773,1
1789134827467385,-0.010356664657592773,1
1789134827467385,-0.010356664657592773,1
1789134827503385,0.08405852317810059,1
1789134827515385,0.12952518463134766,1
1789134827527385,0.05236244201660156,1
1789134827527385,0.05236244201660156,1
1789134827527385,0.05236244201660156,1
1789134827527385,0.05236244201660156,1
1789134827527385,0.05236244201660156,1
1789134827575385,-0.3083674907684326,1
1789134827587385,-0.3864431381225586,1
1789134827587385,-0.3864431381225586,1
1789134827587385,-0.3864431381225586,1
1789134827587385,-0.3864431381225586,1
1789134827587385,-0.3864431381225586,1
1789134827635385,0.027357935905456543,1
1789134827647385,0.0866086483001709,1
1789134827647385,0.0866086483001709,1
1789134827647385,0.0866086483001709,1
1789134827647385,0.0866086483001709,1
1789134827647385,0.0866086483001709,1
1789134827695385,-0.09133219718933105,1
1789134827707385,-0.29334044456481934,1
1789134827707385,-0.29334044456481934,1
1789134827707385,-0.29334044456481934,1
1789134827707385,-0.29334044456481934,1
1789134827743385,-0.05694222450256348,1
1789134827755385,0.10619902610778809,1
1789134827767385,0.2439742088317871,1
1789134827767385,0.2439742088317871,1
1789134827767385,0.2439742088317871,1
1789134827767385,0.2439742088317871,1
1789134827803385,-0.052976369857788086,1
1789134827815385,-0.13727664947509766,1
1789134827827385,-0.18286657333374023,1
1789134827827385,-0.18286657333374023,1
1789134827827385,-0.18286657333374023,1
1789134827827385,-0.18286657333374023,1
1789134827863385,0.08357584476470947,1
1789134827875385,0.0523449182510376,1
1789134827887385,-0.018883705139160156,1
1789134827887385,-0.018883705139160156,1
1789134827887385,-0.018883705139160156,1
1789134827887385,-0.018883705139160156,1
1789134827887385,-0.018883705139160156,1
1789134827935385,0.15509450435638428,1
1789134827947385,0.3044673204421997,1
1789134827947385,0.3044673204421997,1
1789134827947385,0.3044673204421997,1
1789134827947385,0.3044673204421997,1
1789134827983385,-0.012941598892211914,1
1789134827995385,-0.09593963623046875,1
1789134828007385,-0.07254672050476074,1
1789134828007385,-0.07254672050476074,1
1789134828007385,-0.07254672050476074,1
1789134828007385,-0.07254672050476074,1
1789134828043385,0.3014516830444336,1
1789134828055385,0.3732494115829468,1
1789134828067385,0.23408150672912598,1
1789134828067385,0.23408150672912598,1
1789134828067385,0.23408150672912598,1
1789134828067385,0.23408150672912598,1
1789134828103385,-0.027120113372802734,1
1789134828115385,-0.11417913436889648,1
1789134828127385,-0.030620813369750977,1
1789134828127385,-0.030620813369750977,1
1789134828127385,-0.030620813369750977,1
1789134828127385,-0.030620813369750977,1
1789134828127385,-0.030620813369750977,1
1789134828175385,0.43785417079925537,1
1789134828187385,0.5896115303039551,1
1789134828187385,0.5896115303039551,1
1789134828187385,0.5896115303039551,1
1789134828187385,0.5896115303039551,1
1789134828187385,0.5896115303039551,1
1789134828235385,0.0918586254119873,1
1789134828247385,0.06424152851104736,1
1789134828247385,0.06424152851104736,1
1789134828247385,0.06424152851104736,1
1789134828247385,0.06424152851104736,1
1789134828247385,0.06424152851104736,1
1789134828295385,-0.3374898433685303,1
1789134828307385,-0.4527394771575928,1
1789134828307385,-0.4527394771575928,1
1789134828307385,-0.4527394771575928,1
1789134828307385,-0.4527394771575928,1
1789134828307385,-0.4527394771575928,1
1789134828355385,-0.10538744926452637,1
1789134828367385,-0.04129433631896973,1
1789134828367545,-0.04129433631896973,1
1789134828367545,-0.04129433631896973,1
1789134828367545,-0.04129433631896973,1
1789134828367545,-0.04129433631896973,1
1789134828415545,0.42356300354003906,1
1789134828427545,0.5783306360244751,1
1789134828427545,0.5783306360244751,1
1789134828427545,0.5783306360244751,1
1789134828427545,0.5783306360244751,1
1789134828463545,0.23669946193695068,1
1789134828475545,0.11544156074523926,1
1789134828487545,0.04469871520996094,1
1789134828487545,0.04469871520996094,1
1789134828487545,0.04469871520996094,1
1789134828487545,0.04469871520996094,1
1789134828487545,0.04469871520996094,1
1789134828535545,-0.2219984531402588,1
1789134828547545,-0.21514081954956055,1
1789134828547545,-0.21514081954956055,1
1789134828547545,-0.21514081954956055,1
1789134828547545,-0.21514081954956055,1
1789134828547545,-0.21514081954956055,1
1789134828595545,0.19194328784942627,1
1789134828607545,0.26220452785491943,1
1789134828607545,0.26220452785491943,1
1789134828607545,0.26220452785491943,1
1789134828607545,0.26220452785491943,1
1789134828607545,0.26220452785491943,1
1789134828655545,-0.09672307968139648,1
1789134828667545,-0.25441670417785645,1
1789134828667545,-0.25441670417785645,1
1789134828667545,-0.25441670417785645,1
1789134828667545,-0.25441670417785645,1
1789134828667545,-0.25441670417785645,1
1789134828715545,0.11574459075927734,1
1789134828727545,0.1917041540145874,1
1789134828727545,0.1917041540145874,1
1789134828727545,0.1917041540145874,1
1789134828727545,0.1917041540145874,1
1789134828763545,-0.13272309303283691,1
1789134828775545,-0.18187952041625977,1
1789134828787545,-0.06209754943847656,1
1789134828787545,-0.06209754943847656,1
1789134828787545,-0.06209754943847656,1
1789134828787545,-0.06209754943847656,1
1789134828823545,0.26127421855926514,1
1789134828835545,0.3959752321243286,1
1789134828847545,0.26293468475341797,1
1789134828847545,0.26293468475341797,1
1789134828847545,0.26293468475341797,1
1789134828847545,0.26293468475341797,1
1789134828847545,0.26293468475341797,1
1789134828895545,-0.15530824661254883,1
1789134828907545,-0.30828428268432617,1
1789134828907545,-0.30828428268432617,1
1789134828907545,-0.30828428268432617,1
1789134828907545,-0.30828428268432617,1
1789134828943545,-0.12346911430358887,1
1789134828955545,0.05471813678741455,1
1789134828967545,0.12133526802062988,1
1789134828967545,0.12133526802062988,1
1789134828967545,0.12133526802062988,1
1789134828991545,0.00415349006652832,1
1789134828991545,0.00415349006652832,1
1789134829015545,-0.016905546188354492,1
1789134829027545,0.12800908088684082,1
1789134829027545,0.12800908088684082,1
1789134829027545,0.12800908088684082,1
1789134829027545,0.12800908088684082,1
1789134829063545,-0.0062177181243896484,1
1789134829075545,-0.06896233558654785,1
1789134829087545,0.01767134666442871,1
1789134829087545,0.01767134666442871,1
1789134829087545,0.01767134666442871,1
1789134829087545,0.01767134666442871,1
1789134829123545,0.23681950569152832,1
1789134829135545,0.2220834493637085,1
1789134829147545,0.04702425003051758,1
1789134829147545,0.04702425003051758,1
1789134829147545,0.04702425003051758,1
1789134829147545,0.04702425003051758,1
1789134829147545,0.04702425003051758,1
1789134829195545,-0.2688899040222168,1
1789134829207545,-0.29416823387145996,1
1789134829207545,-0.29416823387145996,1
1789134829207545,-0.29416823387145996,1
1789134829207545,-0.29416823387145996,1
1789134829207545,-0.29416823387145996,1
1789134829255545,-0.0032470226287841797,1
1789134829267545,0.1411144733428955,1
1789134829267545,0.1411144733428955,1
1789134829267545,0.1411144733428955,1
1789134829267545,0.1411144733428955,1
1789134829303545,-0.03981661796569824,1
1789134829315545,-0.19883489608764648,1
1789134829327545,-0.19092917442321777,1
1789134829327545,-0.19092917442321777,1
1789134829327545,-0.19092917442321777,1
1789134829327545,-0.19092917442321777,1
1789134829327545,-0.19092917442321777,1
1789134829375704,0.17250680923461914,1
1789134829387704,0.3193753957748413,1
1789134829387704,0.3193753957748413,1
1789134829387704,0.3193753957748413,1
1789134829387704,0.3193753957748413,1
1789134829423704,-0.030320167541503906,1
1789134829435704,-0.11569809913635254,1
1789134829447704,0.03883814811706543,1
1789134829447704,0.03883814811706543,1
1789134829447704,0.03883814811706543,1
1789134829447704,0.03883814811706543,1
1789134829447704,0.03883814811706543,1
1789134829495704,-0.13663530349731445,1
1789134829507704,-0.14655470848083496,1
1789134829507704,-0.14655470848083496,1
1789134829507704,-0.14655470848083496,1
1789134829507704,-0.14655470848083496,1
1789134829543704,0.07229828834533691,1
1789134829555704,0.1038045883178711,1
1789134829567704,0.015629172325134277,1
1789134829567704,0.015629172325134277,1
1789134829567704,0.015629172325134277,1
1789134829567704,0.015629172325134277,1
1789134829567704,0.015629172325134277,1
1789134829615704,0.16556787490844727,1
1789134829627704,0.16503071784973145,1
1789134829627704,0.16503071784973145,1
1789134829627704,0.16503071784973145,1
1789134829627704,0.16503071784973145,1
1789134829627704,0.16503071784973145,1
1789134829675704,-0.24041485786437988,1
1789134829687704,-0.33660340309143066,1
1789134829687704,-0.33660340309143066,1
1789134829687704,-0.33660340309143066,1
1789134829687704,-0.33660340309143066,1
1789134829687704,-0.33660340309143066,1
1789134829735704,-0.01383519172668457,1
1789134829747704,0.15344500541687012,1
1789134829747704,0.15344500541687012,1
1789134829747704,0.15344500541687012,1
1789134829747704,0.15344500541687012,1
1789134829783704,-0.014918088912963867,1
1789134829795704,-0.08045220375061035,1
1789134829807704,-0.01954340934753418,1
1789134829807704,-0.01954340934753418,1
1789134829807704,-0.01954340934753418,1
1789134829807704,-0.01954340934753418,1
1789134829807704,-0.01954340934753418,1
1789134829855704,0.44014251232147217,1
1789134829867704,0.5897215604782104,1
1789134829867704,0.5897215604782104,1
1789134829867704,0.5897215604782104,1
1789134829867704,0.5897215604782104,1
1789134829903704,0.25156426429748535,1
1789134829915704,0.11355459690093994,1
1789134829927704,0.04037928581237793,1
1789134829927704,0.04037928581237793,1
1789134829927704,0.04037928581237793,1
1789134829927704,0.04037928581237793,1
1789134829927704,0.04037928581237793,1
1789134829975704,-0.2583281993865967,1
1789134829987704,-0.3044099807739258,1
1789134829987704,-0.3044099807739258,1
1789134829987704,-0.3044099807739258,1
1789134829987704,-0.3044099807739258,1
1789134830023704,-0.08971428871154785,1
1789134830035704,0.054588913917541504,1
1789134830047704,0.12720799446105957,1
1789134830047704,0.12720799446105957,1
1789134830047704,0.12720799446105957,1
1789134830047704,0.12720799446105957,1
1789134830083704,-0.12416934967041016,1
1789134830095704,-0.06520295143127441,1
1789134830107704,0.09134817123413086,1
1789134830107704,0.09134817123413086,1
1789134830107704,0.09134817123413086,1
1789134830107704,0.09134817123413086,1
1789134830143704,-0.09607076644897461,1
1789134830155704,-0.2505936622619629,1
1789134830167704,-0.2450573444366455,1
1789134830167704,-0.2450573444366455,1
1789134830167704,-0.2450573444366455,1
1789134830167704,-0.2450573444366455,1
1789134830167704,-0.2450573444366455,1
1789134830215704,0.19493341445922852,1
1789134830227704,0.3496997356414795,1
1789134830227704,0.3496997356414795,1
1789134830227704,0.3496997356414795,1
1789134830227704,0.3496997356414795,1
1789134830263704,-0.0016827583312988281,1
1789134830275704,-0.059709787368774414,1
1789134830287704,0.02237379550933838,1
1789134830287704,0.02237379550933838,1
1789134830287704,0.02237379550933838,1
1789134830311704,0.002325773239135742,1
1789134830311704,0.002325773239135742,1
1789134830335704,0.04177665710449219,1
1789134830347704,0.13460111618041992,1
1789134830347704,0.13460111618041992,1
1789134830347704,0.13460111618041992,1
1789134830347864,0.13460111618041992,1
1789134830383864,-0.13544702529907227,1
1789134830395864,-0.22478127479553223,1
1789134830407864,-0.10959100723266602,1
1789134830407864,-0.10959100723266602,1
1789134830407864,-0.10959100723266602,1
1789134830407864,-0.10959100723266602,1
1789134830443864,-0.028987884521484375,1
1789134830455864,-0.0721750259399414,1
1789134830467864,0.053779006004333496,1
1789134830467864,0.053779006004333496,1
1789134830467864,0.053779006004333496,1
1789134830467864,0.053779006004333496,1
1789134830467864,0.053779006004333496,1
1789134830515864,-0.2315070629119873,1
1789134830527864,-0.3114128112792969,1
1789134830527864,-0.3114128112792969,1
1789134830527864,-0.3114128112792969,1
1789134830527864,-0.3114128112792969,1
1789134830527864,-0.3114128112792969,1
1789134830575864,-0.035251617431640625,1
1789134830587864,0.11330723762512207,1
1789134830587864,0.11330723762512207,1
1789134830587864,0.11330723762512207,1
1789134830587864,0.11330723762512207,1
1789134830623864,-0.05425691604614258,1
1789134830635864,-0.12017679214477539,1
1789134830647864,-0.04697751998901367,1
1789134830647864,-0.04697751998901367,1
1789134830647864,-0.04697751998901367,1
1789134830647864,-0.04697751998901367,1
1789134830647864,-0.04697751998901367,1
1789134830695864,0.4233044385910034,1
1789134830707864,0.5726284980773926,1
1789134830707864,0.5726284980773926,1
1789134830707864,0.5726284980773926,1
1789134830707864,0.5726284980773926,1
1789134830743864,0.2557166814804077,1
1789134830755864,0.12788331508636475,1
1789134830767864,0.059647560119628906,1
1789134830767864,0.059647560119628906,1
1789134830767864,0.059647560119628906,1
1789134830767864,0.059647560119628906,1
1789134830767864,0.059647560119628906,1
1789134830815864,-0.3675260543823242,1
1789134830827864,-0.5167434215545654,1
1789134830827864,-0.5167434215545654,1
1789134830827864,-0.5167434215545654,1
1789134830827864,-0.5167434215545654,1
1789134830863864,-0.3392014503479004,1
1789134830875864,-0.1853928565979004,1
1789134830887864,-0.11365795135498047,1
1789134830887864,-0.11365795135498047,1
1789134830887864,-0.11365795135498047,1
1789134830887864,-0.11365795135498047,1
1789134830887864,-0.11365795135498047,1
1789134830935864,0.37568199634552,1
1789134830947864,0.5279275178909302,1
1789134830947864,0.5279275178909302,1
1789134830947864,0.5279275178909302,1
1789134830947864,0.5279275178909302,1
1789134830947864,0.5279275178909302,1
1789134830995864,0.07097601890563965,1
1789134831007864,0.03095388412475586,1
1789134831007864,0.03095388412475586,1
1789134831007864,0.03095388412475586,1
1789134831007864,0.03095388412475586,1
1789134831043864,-0.013759613037109375,1
1789134831055864,0.062049031257629395,1
1789134831067864,0.20395004749298096,1
1789134831067864,0.20395004749298096,1
1789134831067864,0.20395004749298096,1
1789134831067864,0.20395004749298096,1
1789134831103864,-0.10996651649475098,1
1789134831115864,-0.20633769035339355,1
1789134831127864,-0.15097880363464355,1
1789134831127864,-0.15097880363464355,1
1789134831127864,-0.15097880363464355,1
1789134831127864,-0.15097880363464355,1
1789134831127864,-0.15097880363464355,1
1789134831175864,0.31058192253112793,1
1789134831187864,0.4589341878890991,1
1789134831187864,0.4589341878890991,1
1789134831187864,0.4589341878890991,1
1789134831187864,0.4589341878890991,1
1789134831223864,0.13317418098449707,1
1789134831235864,0.07437574863433838,1
1789134831247864,-0.0031044483184814453,1
1789134831247864,-0.0031044483184814453,1
1789134831247864,-0.0031044483184814453,1
1789134831247864,-0.0031044483184814453,1
1789134831247864,-0.0031044483184814453,1
1789134831295864,0.15885043144226074,1
1789134831307864,0.28386223316192627,1
1789134831307864,0.28386223316192627,1
1789134831307864,0.28386223316192627,1
1789134831307864,0.28386223316192627,1
1789134831343864,-0.043198585510253906,1
1789134831355864,-0.14297175407409668,1
1789134831367864,-0.08693742752075195,1
1789134831367864,-0.08693742752075195,1
1789134831368023,-0.08693742752075195,1
1789134831368023,-0.08693742752075195,1
1789134831404023,0.09760689735412598,1
1789134831416023,0.13183069229125977,1
1789134831428023,-0.021869182586669922,1
1789134831428023,-0.021869182586669922,1
1789134831428023,-0.021869182586669922,1
1789134831428023,-0.021869182586669922,1
1789134831464023,-0.0022754669189453125,1
1789134831476023,0.15867400169372559,1
1789134831488023,0.2267235517501831,1
1789134831488023,0.2267235517501831,1
1789134831488023,0.2267235517501831,1
1789134831488023,0.2267235517501831,1
1789134831488023,0.2267235517501831,1
1789134831536023,-0.13338375091552734,1
1789134831548023,-0.30292630195617676,1
1789134831548023,-0.30292630195617676,1
1789134831548023,-0.30292630195617676,1
1789134831548023,-0.30292630195617676,1
1789134831584023,-0.19389748573303223,1
1789134831596023,-0.043799400329589844,1
1789134831608023,0.05797219276428223,1
1789134831608023,0.05797219276428223,1
1789134831608023,0.05797219276428223,1
1789134831632023,0.06729996204376221,1
1789134831632023,0.06729996204376221,1
1789134831656023,-0.13290715217590332,1
1789134831668023,-0.28465723991394043,1
1789134831668023,-0.28465723991394043,1
1789134831668023,-0.28465723991394043,1
1789134831668023,-0.28465723991394043,1
1789134831668023,-0.28465723991394043,1
1789134831716023,0.10062766075134277,1
1789134831728023,0.1321253776550293,1
1789134831728023,0.1321253776550293,1
1789134831728023,0.1321253776550293,1
1789134831728023,0.1321253776550293,1
1789134831764023,-0.19824647903442383,1
1789134831776023,-0.2476673126220703,1
1789134831788023,-0.13323378562927246,1
1789134831788023,-0.13323378562927246,1
1789134831788023,-0.13323378562927246,1
1789134831788023,-0.13323378562927246,1
1789134831824023,0.12545371055603027,1
1789134831836023,-0.08215737342834473,1
1789134831848023,-0.14276409149169922,1
1789134831848023,-0.14276409149169922,1
1789134831848023,-0.14276409149169922,1
1789134831848023,-0.14276409149169922,1
1789134831848023,-0.14276409149169922,1
1789134831896023,0.10828101634979248,1
1789134831908023,0.09813916683197021,1
1789134831908023,0.09813916683197021,1
1789134831908023,0.09813916683197021,1
1789134831908023,0.09813916683197021,1
1789134831944023,-0.15942120552062988,1
1789134831956023,-0.23387432098388672,1
1789134831968023,-0.19159650802612305,1
1789134831968023,-0.19159650802612305,1
1789134831968023,-0.19159650802612305,1
1789134831968023,-0.19159650802612305,1
1789134831968023,-0.19159650802612305,1
1789134832016023,0.2620868682861328,1
1789134832028023,0.41016721725463867,1
1789134832028023,0.41016721725463867,1
1789134832028023,0.41016721725463867,1
1789134832028023,0.41016721725463867,1
1789134832064023,0.06446337699890137,1
1789134832076023,-0.04438519477844238,1
1789134832088023,-0.1798417568206787,1
1789134832088023,-0.1798417568206787,1
1789134832088023,-0.1798417568206787,1
1789134832088023,-0.1798417568206787,1
1789134832088023,-0.1798417568206787,1
1789134832136023,0.12484431266784668,1
1789134832148023,0.26085078716278076,1
1789134832148023,0.26085078716278076,1
1789134832148023,0.26085078716278076,1
1789134832148023,0.26085078716278076,1
1789134832184023,-0.05811047554016113,1
1789134832196023,0.03163623809814453,1
1789134832208023,0.10517644882202148,1
1789134832208023,0.10517644882202148,1
1789134832208023,0.10517644882202148,1
1789134832208023,0.10517644882202148,1
1789134832208023,0.10517644882202148,1
1789134832256023,-0.2643454074859619,1
1789134832268023,-0.41954922676086426,1
1789134832268023,-0.41954922676086426,1
1789134832268023,-0.41954922676086426,1
1789134832292023,-0.2751145362854004,1
1789134832292023,-0.2751145362854004,1
1789134832316023,-0.010541677474975586,1
1789134832328023,0.06605660915374756,1
1789134832328023,0.06605660915374756,1
1789134832328023,0.06605660915374756,1
1789134832328023,0.06605660915374756,1
1789134832328023,0.06605660915374756,1
1789134832376023,-0.15833377838134766,1
1789134832388023,-0.3139994144439697,1
1789134832388182,-0.3139994144439697,1
1789134832388182,-0.3139994144439697,1
1789134832388182,-0.3139994144439697,1
1789134832424182,-0.08395886421203613,1
1789134832436182,0.06490933895111084,1
1789134832448182,0.14122354984283447,1
1789134832448182,0.14122354984283447,1
1789134832448182,0.14122354984283447,1
1789134832448182,0.14122354984283447,1
1789134832448182,0.14122354984283447,1
1789134832496182,-0.04813385009765625,1
1789134832508182,-0.22331786155700684,1
1789134832508182,-0.22331786155700684,1
1789134832508182,-0.22331786155700684,1
1789134832508182,-0.22331786155700684,1
1789134832508182,-0.22331786155700684,1
1789134832556182,0.07363569736480713,1
1789134832568182,0.15170729160308838,1
1789134832568182,0.15170729160308838,1
1789134832568182,0.15170729160308838,1
1789134832568182,0.15170729160308838,1
1789134832568182,0.15170729160308838,1
1789134832616182,-0.055062055587768555,1
1789134832628182,-0.2159414291381836,1
1789134832628182,-0.2159414291381836,1
1789134832628182,-0.2159414291381836,1
1789134832628182,-0.2159414291381836,1
1789134832628182,-0.2159414291381836,1
1789134832676182,0.16688168048858643,1
1789134832688182,0.23750042915344238,1
1789134832688182,0.23750042915344238,1
1789134832688182,0.23750042915344238,1
1789134832688182,0.23750042915344238,1
1789134832724182,-0.05711793899536133,1
1789134832736182,-0.1342015266418457,1
1789134832748182,-0.1963801383972168,1
1789134832748182,-0.1963801383972168,1
1789134832748182,-0.1963801383972168,1
1789134832748182,-0.1963801383972168,1
1789134832748182,-0.1963801383972168,1
1789134832796182,0.11049318313598633,1
1789134832808182,0.1861957311630249,1
1789134832808182,0.1861957311630249,1
1789134832808182,0.1861957311630249,1
1789134832808182,0.1861957311630249,1
1789134832808182,0.1861957311630249,1
1789134832856182,-0.21344804763793945,1
1789134832868182,-0.3617830276489258,1
1789134832868182,-0.3617830276489258,1
1789134832868182,-0.3617830276489258,1
1789134832868182,-0.3617830276489258,1
1789134832904182,-0.07139182090759277,1
1789134832916182,0.08211863040924072,1
1789134832928182,0.15558624267578125,1
1789134832928182,0.15558624267578125,1
1789134832928182,0.15558624267578125,1
1789134832928182,0.15558624267578125,1
1789134832928182,0.15558624267578125,1
1789134832976182,-0.020963191986083984,1
1789134832988182,-0.18733596801757812,1
1789134832988182,-0.18733596801757812,1
1789134832988182,-0.18733596801757812,1
1789134832988182,-0.18733596801757812,1
1789134832988182,-0.18733596801757812,1
1789134833036182,0.18730449676513672,1
1789134833048182,0.2681511640548706,1
1789134833048182,0.2681511640548706,1
1789134833048182,0.2681511640548706,1
1789134833048182,0.2681511640548706,1
1789134833084182,0.004849433898925781,1
1789134833096182,-0.06727051734924316,1
1789134833108182,-0.1299445629119873,1
1789134833108182,-0.1299445629119873,1
1789134833108182,-0.1299445629119873,1
1789134833108182,-0.1299445629119873,1
1789134833144182,0.1140751838684082,1
1789134833156182,0.2589128017425537,1
1789134833168182,0.14922022819519043,1
1789134833168182,0.14922022819519043,1
1789134833168182,0.14922022819519043,1
1789134833168182,0.14922022819519043,1
1789134833168182,0.14922022819519043,1
1789134833216182,-0.09985709190368652,1
1789134833228182,-0.2234506607055664,1
1789134833228182,-0.2234506607055664,1
1789134833228182,-0.2234506607055664,1
1789134833228182,-0.2234506607055664,1
1789134833264182,-0.050528526306152344,1
1789134833276182,0.11354362964630127,1
1789134833288182,0.17473220825195312,1
1789134833288182,0.17473220825195312,1
1789134833288182,0.17473220825195312,1
1789134833288182,0.17473220825195312,1
1789134833288182,0.17473220825195312,1
1789134833336182,-0.2426614761352539,1
1789134833348182,-0.3965005874633789,1
1789134833348182,-0.3965005874633789,1
1789134833348182,-0.3965005874633789,1
1789134833348182,-0.3965005874633789,1
1789134833384182,-0.2218630313873291,1
1789134833396340,-0.08913779258728027,1
1789134833408340,0.0025800466537475586,1
1789134833408340,0.0025800466537475586,1
1789134833408340,0.0025800466537475586,1
1789134833408340,0.0025800466537475586,1
1789134833408340,0.0025800466537475586,1
1789134833456340,0.18990111351013184,1
1789134833468340,0.21754837036132812,1
1789134833468340,0.21754837036132812,1
1789134833468340,0.21754837036132812,1
1789134833468340,0.21754837036132812,1
1789134833468340,0.21754837036132812,1
1789134833516340,-0.2701449394226074,1
1789134833528340,-0.34749770164489746,1
1789134833528340,-0.34749770164489746,1
1789134833528340,-0.34749770164489746,1
1789134833528340,-0.34749770164489746,1
1789134833528340,-0.34749770164489746,1
1789134833576340,-0.08810567855834961,1
1789134833588340,0.06662726402282715,1
1789134833588340,0.06662726402282715,1
1789134833588340,0.06662726402282715,1
1789134833588340,0.06662726402282715,1
1789134833588340,0.06662726402282715,1
1789134833636340,-0.07161617279052734,1
1789134833648340,-0.1405045986175537,1
1789134833648340,-0.1405045986175537,1
1789134833648340,-0.1405045986175537,1
1789134833648340,-0.1405045986175537,1
1789134833648340,-0.1405045986175537,1
1789134833696340,0.09846985340118408,1
1789134833708340,0.23926854133605957,1
1789134833708340,0.23926854133605957,1
1789134833708340,0.23926854133605957,1
1789134833708340,0.23926854133605957,1
1789134833744340,-0.05642557144165039,1
1789134833756340,-0.14011025428771973,1
1789134833768340,-0.08729839324951172,1
1789134833768340,-0.08729839324951172,1
1789134833768340,-0.08729839324951172,1
1789134833768340,-0.08729839324951172,1
1789134833768340,-0.08729839324951172,1
1789134833816340,0.05460703372955322,1
1789134833828340,0.1894361972808838,1
1789134833828340,0.1894361972808838,1
1789134833828340,0.1894361972808838,1
1789134833852340,-0.061235666275024414,1
1789134833852340,-0.061235666275024414,1
1789134833876340,-0.026158809661865234,1
1789134833888340,0.049607276916503906,1
1789134833888340,0.049607276916503906,1
1789134833888340,0.049607276916503906,1
1789134833888340,0.049607276916503906,1
1789134833888340,0.049607276916503906,1
1789134833936340,-0.16997385025024414,1
1789134833948340,-0.32317447662353516,1
1789134833948340,-0.32317447662353516,1
1789134833948340,-0.32317447662353516,1
1789134833948340,-0.32317447662353516,1
1789134833948340,-0.32317447662353516,1
1789134833996340,0.031244874000549316,1
1789134834008340,0.11782371997833252,1
1789134834008340,0.11782371997833252,1
1789134834008340,0.11782371997833252,1
1789134834008340,0.11782371997833252,1
1789134834044340,-0.1248469352722168,1
1789134834056340,-0.039620161056518555,1
1789134834068340,0.08314573764801025,1
1789134834068340,0.08314573764801025,1
1789134834068340,0.08314573764801025,1
1789134834068340,0.08314573764801025,1
1789134834068340,0.08314573764801025,1
1789134834116340,-0.03874063491821289,1
1789134834128340,-0.11433911323547363,1
1789134834128340,-0.11433911323547363,1
1789134834128340,-0.11433911323547363,1
1789134834128340,-0.11433911323547363,1
1789134834128340,-0.11433911323547363,1
1789134834176340,0.20902514457702637,1
1789134834188340,0.3605562448501587,1
1789134834188340,0.3605562448501587,1
1789134834188340,0.3605562448501587,1
1789134834188340,0.3605562448501587,1
1789134834188340,0.3605562448501587,1
1789134834236340,-0.11844539642333984,1
1789134834248340,-0.19295024871826172,1
1789134834248340,-0.19295024871826172,1
1789134834248340,-0.19295024871826172,1
1789134834248340,-0.19295024871826172,1
1789134834248340,-0.19295024871826172,1
1789134834296340,0.14944279193878174,1
1789134834308340,0.3047170639038086,1
1789134834308340,0.3047170639038086,1
1789134834308340,0.3047170639038086,1
1789134834308340,0.3047170639038086,1
1789134834344340,-0.040374040603637695,1
1789134834356340,-0.11627435684204102,1
1789134834368340,0.03634512424468994,1
1789134834368340,0.03634512424468994,1
1789134834368340,0.03634512424468994,1
1789134834368498,0.03634512424468994,1
1789134834404498,-0.12884283065795898,1
1789134834416498,-0.17548179626464844,1
1789134834428498,-0.06424331665039062,1
1789134834428498,-0.06424331665039062,1
1789134834428498,-0.06424331665039062,1
1789134834428498,-0.06424331665039062,1
1789134834464498,0.2825782299041748,1
1789134834476498,0.3144955635070801,1
1789134834488498,0.22636914253234863,1
1789134834488498,0.22636914253234863,1
1789134834488498,0.22636914253234863,1
1789134834488498,0.22636914253234863,1
1789134834488498,0.22636914253234863,1
1789134834536498,-0.22473716735839844,1
1789134834548498,-0.37915730476379395,1
1789134834548498,-0.37915730476379395,1
1789134834548498,-0.37915730476379395,1
1789134834548498,-0.37915730476379395,1
1789134834584498,-0.12016582489013672,1
1789134834596498,0.057042598724365234,1
1789134834608498,0.12847280502319336,1
1789134834608498,0.12847280502319336,1
1789134834608498,0.12847280502319336,1
1789134834608498,0.12847280502319336,1
1789134834608498,0.12847280502319336,1
1789134834656498,-0.2556281089782715,1
1789134834668498,-0.4112057685852051,1
1789134834668498,-0.4112057685852051,1
1789134834668498,-0.4112057685852051,1
1789134834668498,-0.4112057685852051,1
1789134834704498,-0.17728185653686523,1
1789134834716498,-0.01041102409362793,1
1789134834728498,0.06741929054260254,1
1789134834728498,0.06741929054260254,1
1789134834728498,0.06741929054260254,1
1789134834728498,0.06741929054260254,1
1789134834728498,0.06741929054260254,1
1789134834776498,-0.13717150688171387,1
1789134834788498,-0.29269862174987793,1
1789134834788498,-0.29269862174987793,1
1789134834788498,-0.29269862174987793,1
1789134834788498,-0.29269862174987793,1
1789134834824498,-0.07379674911499023,1
1789134834836498,0.08380639553070068,1
1789134834848498,0.15861546993255615,1
1789134834848498,0.15861546993255615,1
1789134834848498,0.15861546993255615,1
1789134834848498,0.15861546993255615,1
1789134834848498,0.15861546993255615,1
1789134834896498,-0.2309882640838623,1
1789134834908498,-0.386904239654541,1
1789134834908498,-0.386904239654541,1
1789134834908498,-0.386904239654541,1
1789134834908498,-0.386904239654541,1
1789134834908498,-0.386904239654541,1
1789134834956498,-0.05875539779663086,1
1789134834968498,0.016223549842834473,1
1789134834968498,0.016223549842834473,1
1789134834968498,0.016223549842834473,1
1789134834968498,0.016223549842834473,1
1789134834968498,0.016223549842834473,1
1789134835016498,-0.0786733627319336,1
1789134835028498,-0.015533208847045898,1
1789134835028498,-0.015533208847045898,1
1789134835028498,-0.015533208847045898,1
1789134835028498,-0.015533208847045898,1
1789134835064498,0.20125269889831543,1
1789134835076498,0.09716427326202393,1
1789134835088498,-0.008168220520019531,1
1789134835088498,-0.008168220520019531,1
1789134835088498,-0.008168220520019531,1
1789134835088498,-0.008168220520019531,1
1789134835088498,-0.008168220520019531,1
1789134835136498,0.18704688549041748,1
1789134835148498,0.28853583335876465,1
1789134835148498,0.28853583335876465,1
1789134835148498,0.28853583335876465,1
1789134835148498,0.28853583335876465,1
1789134835184498,-0.014324188232421875,1
1789134835196498,-0.012886762619018555,1
1789134835208498,0.060574889183044434,1
1789134835208498,0.060574889183044434,1
1789134835208498,0.060574889183044434,1
1789134835208498,0.060574889183044434,1
1789134835208498,0.060574889183044434,1
1789134835256498,-0.15668082237243652,1
1789134835268498,-0.31089282035827637,1
1789134835268498,-0.31089282035827637,1
1789134835268498,-0.31089282035827637,1
1789134835268498,-0.31089282035827637,1
1789134835268498,-0.31089282035827637,1
1789134835316498,0.021251916885375977,1
1789134835328498,0.09412193298339844,1
1789134835328498,0.09412193298339844,1
1789134835328498,0.09412193298339844,1
1789134835328498,0.09412193298339844,1
1789134835364498,-0.14227509498596191,1
1789134835376498,-0.10146641731262207,1
1789134835388498,-0.14426064491271973,1
1789134835388498,-0.14426064491271973,1
1789134835388656,-0.14426064491271973,1
1789134835388656,-0.14426064491271973,1
1789134835388656,-0.14426064491271973,1
1789134835436656,0.2768465280532837,1
1789134835448656,0.35112667083740234,1
1789134835448656,0.35112667083740234,1
1789134835448656,0.35112667083740234,1
1789134835448656,0.35112667083740234,1
1789134835448656,0.35112667083740234,1
1789134835496656,-0.030973434448242188,1
1789134835508656,-0.16498494148254395,1
1789134835508656,-0.16498494148254395,1
1789134835508656,-0.16498494148254395,1
1789134835508656,-0.16498494148254395,1
1789134835508656,-0.16498494148254395,1
1789134835556656,0.061992764472961426,1
1789134835568656,0.0606611967086792,1
1789134835568656,0.0606611967086792,1
1789134835568656,0.0606611967086792,1
1789134835592656,-0.0732567310333252,1
1789134835592656,-0.0732567310333252,1
1789134835616656,0.06725800037384033,1
1789134835628656,0.11789810657501221,1
1789134835628656,0.11789810657501221,1
1789134835628656,0.11789810657501221,1
1789134835628656,0.11789810657501221,1
1789134835628656,0.11789810657501221,1
1789134835676656,0.008936166763305664,1
1789134835688656,-0.10708451271057129,1
1789134835688656,-0.10708451271057129,1
1789134835688656,-0.10708451271057129,1
1789134835688656,-0.10708451271057129,1
1789134835724656,0.10135757923126221,1
1789134835736656,0.17652356624603271,1
1789134835748656,0.0720362663269043,1
1789134835748656,0.0720362663269043,1
1789134835748656,0.0720362663269043,1
1789134835748656,0.0720362663269043,1
1789134835748656,0.0720362663269043,1
1789134835796656,-0.18152737617492676,1
1789134835808656,-0.26801180839538574,1
1789134835808656,-0.26801180839538574,1
1789134835808656,-0.26801180839538574,1
1789134835808656,-0.26801180839538574,1
1789134835808656,-0.26801180839538574,1
1789134835856656,-0.004294872283935547,1
1789134835868656,0.14617788791656494,1
1789134835868656,0.14617788791656494,1
1789134835868656,0.14617788791656494,1
1789134835868656,0.14617788791656494,1
1789134835904656,-0.015193462371826172,1
1789134835916656,-0.07164120674133301,1
1789134835928656,0.0018030405044555664,1
1789134835928656,0.0018030405044555664,1
1789134835928656,0.0018030405044555664,1
1789134835928656,0.0018030405044555664,1
1789134835928656,0.0018030405044555664,1
1789134835976656,0.10173046588897705,1
1789134835988656,0.11713910102844238,1
1789134835988656,0.11713910102844238,1
1789134835988656,0.11713910102844238,1
1789134835988656,0.11713910102844238,1
1789134836024656,-0.16572093963623047,1
1789134836036656,-0.12543153762817383,1
1789134836048656,-0.14744997024536133,1
1789134836048656,-0.14744997024536133,1
1789134836048656,-0.14744997024536133,1
1789134836048656,-0.14744997024536133,1
1789134836048656,-0.14744997024536133,1
1789134836096656,0.28509020805358887,1
1789134836108656,0.440277099609375,1
1789134836108656,0.440277099609375,1
1789134836108656,0.440277099609375,1
1789134836108656,0.440277099609375,1
1789134836144656,0.08922696113586426,1
1789134836156656,-0.04000711441040039,1
1789134836168656,-0.09160041809082031,1
1789134836168656,-0.09160041809082031,1
1789134836168656,-0.09160041809082031,1
1789134836168656,-0.09160041809082031,1
1789134836168656,-0.09160041809082031,1
1789134836216656,0.2316220998764038,1
1789134836228656,0.38041579723358154,1
1789134836228656,0.38041579723358154,1
1789134836228656,0.38041579723358154,1
1789134836228656,0.38041579723358154,1
1789134836228656,0.38041579723358154,1
1789134836276656,-0.12633681297302246,1
1789134836288656,-0.19932174682617188,1
1789134836288656,-0.19932174682617188,1
1789134836288656,-0.19932174682617188,1
1789134836288656,-0.19932174682617188,1
1789134836288656,-0.19932174682617188,1
1789134836336656,0.09758496284484863,1
1789134836348656,0.2478182315826416,1
1789134836348656,0.2478182315826416,1
1789134836348656,0.2478182315826416,1
1789134836348656,0.2478182315826416,1
1789134836384656,-0.09449172019958496,1
1789134836396656,-0.14777112007141113,1
1789134836408656,-0.07259511947631836,1
1789134836408814,-0.07259511947631836,1
1789134836408814,-0.07259511947631836,1
1789134836408814,-0.07259511947631836,1
1789134836408814,-0.07259511947631836,1
1789134836456814,0.4236360788345337,1
1789134836468814,0.5719581842422485,1
1789134836468814,0.5719581842422485,1
1789134836468814,0.5719581842422485,1
1789134836468814,0.5719581842422485,1
1789134836504814,0.21090030670166016,1
1789134836516814,0.10597515106201172,1
1789134836528814,0.037238121032714844,1
1789134836528814,0.037238121032714844,1
1789134836528814,0.037238121032714844,1
1789134836528814,0.037238121032714844,1
1789134836528814,0.037238121032714844,1
1789134836576814,-0.2965967655181885,1
1789134836588814,-0.361591100692749,1
1789134836588814,-0.361591100692749,1
1789134836588814,-0.361591100692749,1
1789134836588814,-0.361591100692749,1
1789134836624814,-0.1039571762084961,1
1789134836636814,0.02615213394165039,1
1789134836648814,0.17329621315002441,1
1789134836648814,0.17329621315002441,1
1789134836648814,0.17329621315002441,1
1789134836648814,0.17329621315002441,1
1789134836684814,-0.1480710506439209,1
1789134836696814,-0.20652055740356445,1
1789134836708814,-0.11400032043457031,1
1789134836708814,-0.11400032043457031,1
1789134836708814,-0.11400032043457031,1
1789134836708814,-0.11400032043457031,1
1789134836744814,0.21327531337738037,1
1789134836756814,0.2405543327331543,1
1789134836768814,0.15382206439971924,1
1789134836768814,0.15382206439971924,1
1789134836768814,0.15382206439971924,1
1789134836768814,0.15382206439971924,1
1789134836768814,0.15382206439971924,1
1789134836816814,-0.19085907936096191,1
1789134836828814,-0.3471546173095703,1
1789134836828814,-0.3471546173095703,1
1789134836828814,-0.3471546173095703,1
1789134836828814,-0.3471546173095703,1
1789134836864814,-0.17641377449035645,1
1789134836876814,-0.024741411209106445,1
1789134836888814,0.04954349994659424,1
1789134836888814,0.04954349994659424,1
1789134836888814,0.04954349994659424,1
1789134836888814,0.04954349994659424,1
1789134836888814,0.04954349994659424,1
1789134836936814,-0.17014336585998535,1
1789134836948814,-0.32633233070373535,1
1789134836948814,-0.32633233070373535,1
1789134836948814,-0.32633233070373535,1
1789134836948814,-0.32633233070373535,1
1789134836948814,-0.32633233070373535,1
1789134836996814,0.02250802516937256,1
1789134837008814,0.10243475437164307,1
1789134837008814,0.10243475437164307,1
1789134837008814,0.10243475437164307,1
1789134837008814,0.10243475437164307,1
1789134837044814,-0.14165329933166504,1
1789134837056814,-0.04953885078430176,1
1789134837068814,0.09717357158660889,1
1789134837068814,0.09717357158660889,1
1789134837068814,0.09717357158660889,1
1789134837068814,0.09717357158660889,1
1789134837104814,-0.0524287223815918,1
1789134837116814,-0.19656634330749512,1
1789134837128814,-0.2221815586090088,1
1789134837128814,-0.2221815586090088,1
1789134837128814,-0.2221815586090088,1
1789134837128814,-0.2221815586090088,1
1789134837128814,-0.2221815586090088,1
1789134837176814,0.2017817497253418,1
1789134837188814,0.18130993843078613,1
1789134837188814,0.18130993843078613,1
1789134837188814,0.18130993843078613,1
1789134837188814,0.18130993843078613,1
1789134837224814,-0.0728912353515625,1
1789134837236814,-0.061012983322143555,1
1789134837248814,-0.0775902271270752,1
1789134837248814,-0.0775902271270752,1
1789134837248814,-0.0775902271270752,1
1789134837248814,-0.0775902271270752,1
1789134837248814,-0.0775902271270752,1
1789134837296814,0.32092201709747314,1
1789134837308814,0.471561074256897,1
1789134837308814,0.471561074256897,1
1789134837308814,0.471561074256897,1
1789134837308814,0.471561074256897,1
1789134837344814,0.11462795734405518,1
1789134837356814,-0.0037453174591064453,1
1789134837368814,-0.0755147933959961,1
1789134837368814,-0.0755147933959961,1
1789134837368814,-0.0755147933959961,1
1789134837368814,-0.0755147933959961,1
1789134837368814,-0.0755147933959961,1
1789134837416971,0.24570894241333008,1
1789134837428971,0.4027259349822998,1
1789134837428971,0.4027259349822998,1
1789134837428971,0.4027259349822998,1
1789134837428971,0.4027259349822998,1
1789134837464971,0.07818222045898438,1
1789134837476971,-0.1454448699951172,1
1789134837488971,-0.17681312561035156,1
1789134837488971,-0.17681312561035156,1
1789134837488971,-0.17681312561035156,1
1789134837488971,-0.17681312561035156,1
1789134837488971,-0.17681312561035156,1
1789134837536971,0.17242848873138428,1
1789134837548971,0.3227205276489258,1
1789134837548971,0.3227205276489258,1
1789134837548971,0.3227205276489258,1
1789134837548971,0.3227205276489258,1
1789134837548971,0.3227205276489258,1
1789134837596971,-0.14623188972473145,1
1789134837608971,-0.23300695419311523,1
1789134837608971,-0.23300695419311523,1
1789134837608971,-0.23300695419311523,1
1789134837608971,-0.23300695419311523,1
1789134837608971,-0.23300695419311523,1
1789134837656971,0.11712169647216797,1
1789134837668971,0.256908655166626,1
1789134837668971,0.256908655166626,1
1789134837668971,0.256908655166626,1
1789134837668971,0.256908655166626,1
1789134837704971,-0.08444380760192871,1
1789134837716971,-0.15733075141906738,1
1789134837728971,-0.1336042881011963,1
1789134837728971,-0.1336042881011963,1
1789134837728971,-0.1336042881011963,1
1789134837728971,-0.1336042881011963,1
1789134837728971,-0.1336042881011963,1
1789134837776971,-0.010084390640258789,1
1789134837788971,0.11756455898284912,1
1789134837788971,0.11756455898284912,1
1789134837788971,0.11756455898284912,1
1789134837788971,0.11756455898284912,1
1789134837824971,-0.03815054893493652,1
1789134837836971,-0.10997867584228516,1
1789134837848971,-0.041455984115600586,1
1789134837848971,-0.041455984115600586,1
1789134837848971,-0.041455984115600586,1
1789134837848971,-0.041455984115600586,1
1789134837848971,-0.041455984115600586,1
1789134837896971,0.4283987283706665,1
1789134837908971,0.5774567127227783,1
1789134837908971,0.5774567127227783,1
1789134837908971,0.5774567127227783,1
1789134837908971,0.5774567127227783,1
1789134837908971,0.5774567127227783,1
1789134837956971,0.10196316242218018,1
1789134837968971,0.04023611545562744,1
1789134837968971,0.04023611545562744,1
1789134837968971,0.04023611545562744,1
1789134837968971,0.04023611545562744,1
1789134838004971,-0.2609236240386963,1
1789134838016971,-0.289867639541626,1
1789134838028971,-0.24766230583190918,1
1789134838028971,-0.24766230583190918,1
1789134838028971,-0.24766230583190918,1
1789134838028971,-0.24766230583190918,1
1789134838064971,0.09500658512115479,1
1789134838076971,0.15413737297058105,1
1789134838088971,0.07206809520721436,1
1789134838088971,0.07206809520721436,1
1789134838088971,0.07206809520721436,1
1789134838088971,0.07206809520721436,1
1789134838088971,0.07206809520721436,1
1789134838136971,-0.37369275093078613,1
1789134838148971,-0.5322268009185791,1
1789134838148971,-0.5322268009185791,1
1789134838148971,-0.5322268009185791,1
1789134838148971,-0.5322268009185791,1
1789134838184971,-0.27746009826660156,1
1789134838196971,-0.10945606231689453,1
1789134838208971,-0.0369415283203125,1
1789134838208971,-0.0369415283203125,1
1789134838208971,-0.0369415283203125,1
1789134838208971,-0.0369415283203125,1
1789134838208971,-0.0369415283203125,1
1789134838256971,0.4235520362854004,1
1789134838268971,0.5691869258880615,1
1789134838268971,0.5691869258880615,1
1789134838268971,0.5691869258880615,1
1789134838268971,0.5691869258880615,1
1789134838304971,0.24577581882476807,1
1789134838316971,0.08308744430541992,1
1789134838328971,0.004962325096130371,1
1789134838328971,0.004962325096130371,1
1789134838328971,0.004962325096130371,1
1789134838328971,0.004962325096130371,1
1789134838364971,0.12776434421539307,1
1789134838376971,0.16274726390838623,1
1789134838388971,0.005922079086303711,1
1789134838388971,0.005922079086303711,1
1789134838388971,0.005922079086303711,1
1789134838389129,0.005922079086303711,1
1789134838425129,0.08478546142578125,1
1789134838437129,0.1268317699432373,1
1789134838449129,0.051798224449157715,1
1789134838449129,0.051798224449157715,1
1789134838449129,0.051798224449157715,1
1789134838449129,0.051798224449157715,1
1789134838449129,0.051798224449157715,1
1789134838497129,-0.2073071002960205,1
1789134838509129,-0.34671473503112793,1
1789134838509129,-0.34671473503112793,1
1789134838509129,-0.34671473503112793,1
1789134838509129,-0.34671473503112793,1
1789134838545129,-0.17866063117980957,1
1789134838557129,-0.02518916130065918,1
1789134838569129,0.04406273365020752,1
1789134838569129,0.04406273365020752,1
1789134838569129,0.04406273365020752,1
1789134838569129,0.04406273365020752,1
1789134838569129,0.04406273365020752,1
1789134838617129,-0.135986328125,1
1789134838629129,-0.29582881927490234,1
1789134838629129,-0.29582881927490234,1
1789134838629129,-0.29582881927490234,1
1789134838629129,-0.29582881927490234,1
1789134838665129,-0.11680722236633301,1
1789134838677129,0.03552412986755371,1
1789134838689129,0.16160178184509277,1
1789134838689129,0.16160178184509277,1
1789134838689129,0.16160178184509277,1
1789134838689129,0.16160178184509277,1
1789134838689129,0.16160178184509277,1
1789134838737129,-0.2583787441253662,1
1789134838749129,-0.41268086433410645,1
1789134838749129,-0.41268086433410645,1
1789134838749129,-0.41268086433410645,1
1789134838749129,-0.41268086433410645,1
1789134838749129,-0.41268086433410645,1
1789134838797129,-0.08027100563049316,1
1789134838809129,-0.012156009674072266,1
1789134838809129,-0.012156009674072266,1
1789134838809129,-0.012156009674072266,1
1789134838809129,-0.012156009674072266,1
1789134838809129,-0.012156009674072266,1
1789134838857129,0.34889471530914307,1
1789134838869129,0.37326598167419434,1
1789134838869129,0.37326598167419434,1
1789134838869129,0.37326598167419434,1
1789134838869129,0.37326598167419434,1
1789134838869129,0.37326598167419434,1
1789134838917129,-0.08358597755432129,1
1789134838929129,-0.16019511222839355,1
1789134838929129,-0.16019511222839355,1
1789134838929129,-0.16019511222839355,1
1789134838929129,-0.16019511222839355,1
1789134838929129,-0.16019511222839355,1
1789134838977129,0.1722095012664795,1
1789134838989129,0.32706987857818604,1
1789134838989129,0.32706987857818604,1
1789134838989129,0.32706987857818604,1
1789134838989129,0.32706987857818604,1
1789134839025129,0.0026606321334838867,1
1789134839037129,-0.1163322925567627,1
1789134839049129,-0.13753652572631836,1
1789134839049129,-0.13753652572631836,1
1789134839049129,-0.13753652572631836,1
1789134839049129,-0.13753652572631836,1
1789134839049129,-0.13753652572631836,1
1789134839097129,0.337105393409729,1
1789134839109129,0.49195384979248047,1
1789134839109129,0.49195384979248047,1
1789134839109129,0.49195384979248047,1
1789134839109129,0.49195384979248047,1
1789134839109129,0.49195384979248047,1
1789134839157129,-0.03188180923461914,1
1789134839169129,-0.09525799751281738,1
1789134839169129,-0.09525799751281738,1
1789134839169129,-0.09525799751281738,1
1789134839169129,-0.09525799751281738,1
1789134839169129,-0.09525799751281738,1
1789134839217129,0.08658218383789062,1
1789134839229129,0.23683059215545654,1
1789134839229129,0.23683059215545654,1
1789134839229129,0.23683059215545654,1
1789134839229129,0.23683059215545654,1
1789134839229129,0.23683059215545654,1
1789134839277129,-0.2720177173614502,1
1789134839289129,-0.350907564163208,1
1789134839289129,-0.350907564163208,1
1789134839289129,-0.350907564163208,1
1789134839289129,-0.350907564163208,1
1789134839325129,-0.24405860900878906,1
1789134839337129,-0.17049431800842285,1
1789134839349129,0.004424691200256348,1
1789134839349129,0.004424691200256348,1
1789134839349129,0.004424691200256348,1
1789134839349129,0.004424691200256348,1
1789134839349129,0.004424691200256348,1
1789134839397129,0.23348736763000488,1
1789134839409129,0.24967420101165771,1
1789134839409129,0.24967420101165771,1
1789134839409286,0.24967420101165771,1
1789134839409286,0.24967420101165771,1
1789134839409286,0.24967420101165771,1
1789134839457286,-0.23388266563415527,1
1789134839469286,-0.3859376907348633,1
1789134839469286,-0.3859376907348633,1
1789134839469286,-0.3859376907348633,1
1789134839469286,-0.3859376907348633,1
1789134839469286,-0.3859376907348633,1
1789134839517286,-0.09411811828613281,1
1789134839529286,0.05984640121459961,1
1789134839529286,0.05984640121459961,1
1789134839529286,0.05984640121459961,1
1789134839553286,0.035437941551208496,1
1789134839553286,0.035437941551208496,1
1789134839577286,-0.18771123886108398,1
1789134839589286,-0.3279592990875244,1
1789134839589286,-0.3279592990875244,1
1789134839589286,-0.3279592990875244,1
1789134839589286,-0.3279592990875244,1
1789134839589286,-0.3279592990875244,1
1789134839637286,0.03984379768371582,1
1789134839649286,0.06374561786651611,1
1789134839649286,0.06374561786651611,1
1789134839649286,0.06374561786651611,1
1789134839649286,0.06374561786651611,1
1789134839685286,-0.20281434059143066,1
1789134839697286,-0.25602006912231445,1
1789134839709286,-0.1028909683227539,1
1789134839709286,-0.1028909683227539,1
1789134839709286,-0.1028909683227539,1
1789134839709286,-0.1028909683227539,1
1789134839709286,-0.1028909683227539,1
1789134839757286,0.24276506900787354,1
1789134839769286,0.22976207733154297,1
1789134839769286,0.22976207733154297,1
1789134839769286,0.22976207733154297,1
1789134839769286,0.22976207733154297,1
1789134839769286,0.22976207733154297,1
1789134839817286,-0.00656437873840332,1
1789134839829286,-0.11386418342590332,1
1789134839829286,-0.11386418342590332,1
1789134839829286,-0.11386418342590332,1
1789134839829286,-0.11386418342590332,1
1789134839829286,-0.11386418342590332,1
1789134839877286,0.18307888507843018,1
1789134839889286,0.25949645042419434,1
1789134839889286,0.25949645042419434,1
1789134839889286,0.25949645042419434,1
1789134839889286,0.25949645042419434,1
1789134839889286,0.25949645042419434,1
1789134839937286,-0.15755748748779297,1
1789134839949286,-0.3113131523132324,1
1789134839949286,-0.3113131523132324,1
1789134839949286,-0.3113131523132324,1
1789134839949286,-0.3113131523132324,1
1789134839985286,-0.14453363418579102,1
1789134839997286,0.011172056198120117,1
1789134840009286,0.0849529504776001,1
1789134840009286,0.0849529504776001,1
1789134840009286,0.0849529504776001,1
1789134840009286,0.0849529504776001,1
1789134840045286,-0.10417914390563965,1
1789134840057286,-0.035214900970458984,1
1789134840069286,0.11219406127929688,1
1789134840069286,0.11219406127929688,1
1789134840069286,0.11219406127929688,1
1789134840069286,0.11219406127929688,1
1789134840069286,0.11219406127929688,1
1789134840117286,-0.21212029457092285,1
1789134840129286,-0.29025793075561523,1
1789134840129286,-0.29025793075561523,1
1789134840129286,-0.29025793075561523,1
1789134840129286,-0.29025793075561523,1
1789134840129286,-0.29025793075561523,1
1789134840177286,0.060234904289245605,1
1789134840189286,0.19828379154205322,1
1789134840189286,0.19828379154205322,1
1789134840189286,0.19828379154205322,1
1789134840213286,-0.05086636543273926,1
1789134840213286,-0.05086636543273926,1
1789134840237286,-0.03983354568481445,1
1789134840249286,0.022066593170166016,1
1789134840249286,0.022066593170166016,1
1789134840249286,0.022066593170166016,1
1789134840249286,0.022066593170166016,1
1789134840285286,-0.12528610229492188,1
1789134840297286,-0.17893338203430176,1
1789134840309286,-0.02597784996032715,1
1789134840309286,-0.02597784996032715,1
1789134840309286,-0.02597784996032715,1
1789134840309286,-0.02597784996032715,1
1789134840345286,0.31626856327056885,1
1789134840357286,0.33817338943481445,1
1789134840369286,0.25202441215515137,1
1789134840369286,0.25202441215515137,1
1789134840369286,0.25202441215515137,1
1789134840369286,0.25202441215515137,1
1789134840369286,0.25202441215515137,1
1789134840417286,-0.18842101097106934,1
1789134840429286,-0.35799217224121094,1
1789134840429444,-0.35799217224121094,1
1789134840429444,-0.35799217224121094,1
1789134840429444,-0.35799217224121094,1
1789134840465444,-0.18099522590637207,1
1789134840477444,-0.018447160720825195,1
1789134840489444,0.043749094009399414,1
1789134840489444,0.043749094009399414,1
1789134840489444,0.043749094009399414,1
1789134840489444,0.043749094009399414,1
1789134840489444,0.043749094009399414,1
1789134840537444,-0.11875057220458984,1
1789134840549444,-0.27286386489868164,1
1789134840549444,-0.27286386489868164,1
1789134840549444,-0.27286386489868164,1
1789134840549444,-0.27286386489868164,1
1789134840549444,-0.27286386489868164,1
1789134840597444,0.08111000061035156,1
1789134840609444,0.15805494785308838,1
1789134840609444,0.15805494785308838,1
1789134840609444,0.15805494785308838,1
1789134840609444,0.15805494785308838,1
1789134840609444,0.15805494785308838,1
1789134840657444,-0.06539440155029297,1
1789134840669444,-0.22379136085510254,1
1789134840669444,-0.22379136085510254,1
1789134840669444,-0.22379136085510254,1
1789134840669444,-0.22379136085510254,1
1789134840669444,-0.22379136085510254,1
1789134840717444,0.049643874168395996,1
1789134840729444,0.14356839656829834,1
1789134840729444,0.14356839656829834,1
1789134840729444,0.14356839656829834,1
1789134840729444,0.14356839656829834,1
1789134840729444,0.14356839656829834,1
1789134840777444,-0.236738920211792,1
1789134840789444,-0.3618807792663574,1
1789134840789444,-0.3618807792663574,1
1789134840789444,-0.3618807792663574,1
1789134840789444,-0.3618807792663574,1
1789134840825444,-0.1410970687866211,1
1789134840837444,0.00533747673034668,1
1789134840849444,0.08841216564178467,1
1789134840849444,0.08841216564178467,1
1789134840849444,0.08841216564178467,1
1789134840849444,0.08841216564178467,1
1789134840849444,0.08841216564178467,1
1789134840897444,-0.12636995315551758,1
1789134840909444,-0.28644490242004395,1
1789134840909444,-0.28644490242004395,1
1789134840909444,-0.28644490242004395,1
1789134840909444,-0.28644490242004395,1
1789134840945444,-0.052169084548950195,1
1789134840957444,0.09966671466827393,1
1789134840969444,0.1758899688720703,1
1789134840969444,0.1758899688720703,1
1789134840969444,0.1758899688720703,1
1789134840969444,0.1758899688720703,1
1789134841005444,-0.13342523574829102,1
1789134841017444,-0.1894071102142334,1
1789134841029444,-0.02662515640258789,1
1789134841029444,-0.02662515640258789,1
1789134841029444,-0.02662515640258789,1
1789134841029444,-0.02662515640258789,1
1789134841065444,0.3433244228363037,1
1789134841077444,0.3863701820373535,1
1789134841089444,0.30042457580566406,1
1789134841089444,0.30042457580566406,1
1789134841089444,0.30042457580566406,1
1789134841089444,0.30042457580566406,1
1789134841089444,0.30042457580566406,1
1789134841137444,-0.043683767318725586,1
1789134841149444,-0.19549822807312012,1
1789134841149444,-0.19549822807312012,1
1789134841149444,-0.19549822807312012,1
1789134841149444,-0.19549822807312012,1
1789134841149444,-0.19549822807312012,1
1789134841197444,0.19687509536743164,1
1789134841209444,0.24953091144561768,1
1789134841209444,0.24953091144561768,1
1789134841209444,0.24953091144561768,1
1789134841209444,0.24953091144561768,1
1789134841209444,0.24953091144561768,1
1789134841257444,0.003926873207092285,1
1789134841269444,-0.1855010986328125,1
1789134841269444,-0.1855010986328125,1
1789134841269444,-0.1855010986328125,1
1789134841269444,-0.1855010986328125,1
1789134841305444,-0.04241776466369629,1
1789134841317444,0.12525737285614014,1
1789134841329444,0.2265375852584839,1
1789134841329444,0.2265375852584839,1
1789134841329444,0.2265375852584839,1
1789134841329444,0.2265375852584839,1
1789134841329444,0.2265375852584839,1
1789134841377444,-0.12636780738830566,1
1789134841389444,-0.25735950469970703,1
1789134841389444,-0.25735950469970703,1
1789134841389444,-0.25735950469970703,1
1789134841389444,-0.25735950469970703,1
1789134841425444,0.04957854747772217,1
1789134841437603,0.20543503761291504,1
1789134841449603,0.07625806331634521,1
1789134841449603,0.07625806331634521,1
1789134841449603,0.07625806331634521,1
1789134841449603,0.07625806331634521,1
1789134841449603,0.07625806331634521,1
1789134841497603,-0.30782079696655273,1
1789134841509603,-0.5333907604217529,1
1789134841509603,-0.5333907604217529,1
1789134841509603,-0.5333907604217529,1
1789134841509603,-0.5333907604217529,1
1789134841509603,-0.5333907604217529,1
1789134841557603,-0.2826659679412842,1
1789134841569603,-0.1978929042816162,1
1789134841569603,-0.1978929042816162,1
1789134841569603,-0.1978929042816162,1
1789134841569603,-0.1978929042816162,1
1789134841569603,-0.1978929042816162,1
1789134841617603,0.23035955429077148,1
1789134841629603,0.3315730094909668,1
1789134841629603,0.3315730094909668,1
1789134841629603,0.3315730094909668,1
1789134841629603,0.3315730094909668,1
1789134841665603,-0.07972407341003418,1
1789134841677603,0.03620767593383789,1
1789134841689603,0.11343419551849365,1
1789134841689603,0.11343419551849365,1
1789134841689603,0.11343419551849365,1
1789134841689603,0.11343419551849365,1
1789134841689603,0.11343419551849365,1
1789134841737603,-0.2695636749267578,1
1789134841749603,-0.41747617721557617,1
1789134841749603,-0.41747617721557617,1
1789134841749603,-0.41747617721557617,1
1789134841749603,-0.41747617721557617,1
1789134841785603,-0.27681684494018555,1
1789134841797603,-0.11352705955505371,1
1789134841809603,-0.03284406661987305,1
1789134841809603,-0.03284406661987305,1
1789134841809603,-0.03284406661987305,1
1789134841809603,-0.03284406661987305,1
1789134841809603,-0.03284406661987305,1
1789134841857603,0.4512753486633301,1
1789134841869603,0.6209511756896973,1
1789134841869603,0.6209511756896973,1
1789134841869603,0.6209511756896973,1
1789134841869603,0.6209511756896973,1
1789134841905603,0.3015871047973633,1
1789134841917603,0.1616755723953247,1
1789134841929603,0.09386193752288818,1
1789134841929603,0.09386193752288818,1
1789134841929603,0.09386193752288818,1
1789134841929603,0.09386193752288818,1
1789134841965603,-0.04281449317932129,1
1789134841977603,0.029008150100708008,1
1789134841989603,0.17650854587554932,1
1789134841989603,0.17650854587554932,1
1789134841989603,0.17650854587554932,1
1789134841989603,0.17650854587554932,1
1789134842025603,-0.14481139183044434,1
1789134842037603,-0.24512958526611328,1
1789134842049603,-0.15410637855529785,1
1789134842049603,-0.15410637855529785,1
1789134842049603,-0.15410637855529785,1
1789134842049603,-0.15410637855529785,1
1789134842049603,-0.15410637855529785,1
1789134842097603,0.31540238857269287,1
1789134842109603,0.46168363094329834,1
1789134842109603,0.46168363094329834,1
1789134842109603,0.46168363094329834,1
1789134842109603,0.46168363094329834,1
1789134842145603,0.14034533500671387,1
1789134842157603,0.010547876358032227,1
1789134842169603,-0.06636452674865723,1
1789134842169603,-0.06636452674865723,1
1789134842169603,-0.06636452674865723,1
1789134842193603,0.02842867374420166,1
1789134842193603,0.02842867374420166,1
1789134842217603,-0.03061676025390625,1
1789134842229603,-0.15857386589050293,1
1789134842229603,-0.15857386589050293,1
1789134842229603,-0.15857386589050293,1
1789134842229603,-0.15857386589050293,1
1789134842229603,-0.15857386589050293,1
1789134842277603,0.23936009407043457,1
1789134842289603,0.329376220703125,1
1789134842289603,0.329376220703125,1
1789134842289603,0.329376220703125,1
1789134842289603,0.329376220703125,1
1789134842325603,-0.020624399185180664,1
1789134842337603,-0.08237648010253906,1
1789134842349603,0.09169971942901611,1
1789134842349603,0.09169971942901611,1
1789134842349603,0.09169971942901611,1
1789134842349603,0.09169971942901611,1
1789134842385603,-0.0899207592010498,1
1789134842397603,-0.2367262840270996,1
1789134842409603,-0.25598692893981934,1
1789134842409603,-0.25598692893981934,1
1789134842409603,-0.25598692893981934,1
1789134842409759,-0.25598692893981934,1
1789134842409759,-0.25598692893981934,1
1789134842457759,0.195884108543396,1
1789134842469759,0.3597066402435303,1
1789134842469759,0.3597066402435303,1
1789134842469759,0.3597066402435303,1
1789134842469759,0.3597066402435303,1
1789134842505759,0.029320955276489258,1
1789134842517759,-0.026285171508789062,1
1789134842529759,0.03344118595123291,1
1789134842529759,0.03344118595123291,1
1789134842529759,0.03344118595123291,1
1789134842529759,0.03344118595123291,1
1789134842529759,0.03344118595123291,1
1789134842577759,-0.13622784614562988,1
1789134842589759,-0.1133110523223877,1
1789134842589759,-0.1133110523223877,1
1789134842589759,-0.1133110523223877,1
1789134842589759,-0.1133110523223877,1
1789134842625759,0.13507449626922607,1
1789134842637759,0.17182326316833496,1
1789134842649759,0.08510327339172363,1
1789134842649759,0.08510327339172363,1
1789134842649759,0.08510327339172363,1
1789134842649759,0.08510327339172363,1
1789134842649759,0.08510327339172363,1
1789134842697759,-0.36116647720336914,1
1789134842709759,-0.5212039947509766,1
1789134842709759,-0.5212039947509766,1
1789134842709759,-0.5212039947509766,1
1789134842709759,-0.5212039947509766,1
1789134842745759,-0.29401063919067383,1
1789134842757759,-0.1598970890045166,1
1789134842769759,-0.021916866302490234,1
1789134842769759,-0.021916866302490234,1
1789134842769759,-0.021916866302490234,1
1789134842769759,-0.021916866302490234,1
1789134842769759,-0.021916866302490234,1
1789134842817759,0.4893251657485962,1
1789134842829759,0.5642653703689575,1
1789134842829759,0.5642653703689575,1
1789134842829759,0.5642653703689575,1
1789134842853759,0.3341810703277588,1
1789134842853759,0.3341810703277588,1
1789134842877759,0.26581621170043945,1
1789134842889759,0.12884759902954102,1
1789134842889759,0.12884759902954102,1
1789134842889759,0.12884759902954102,1
1789134842889759,0.12884759902954102,1
1789134842889759,0.12884759902954102,1
1789134842937759,-0.30950069427490234,1
1789134842949759,-0.4585423469543457,1
1789134842949759,-0.4585423469543457,1
1789134842949759,-0.4585423469543457,1
1789134842949759,-0.4585423469543457,1
1789134842985759,-0.3600585460662842,1
1789134842997759,-0.2122030258178711,1
1789134843009759,-0.1269700527191162,1
1789134843009759,-0.1269700527191162,1
1789134843009759,-0.1269700527191162,1
1789134843009759,-0.1269700527191162,1
1789134843045759,0.07258486747741699,1
1789134843057759,-0.01250910758972168,1
1789134843069759,-0.15910005569458008,1
1789134843069759,-0.15910005569458008,1
1789134843069759,-0.15910005569458008,1
1789134843069759,-0.15910005569458008,1
1789134843069759,-0.15910005569458008,1
1789134843117759,0.21046161651611328,1
1789134843129759,0.2993583679199219,1
1789134843129759,0.2993583679199219,1
1789134843129759,0.2993583679199219,1
1789134843129759,0.2993583679199219,1
1789134843129759,0.2993583679199219,1
1789134843177759,-0.13302016258239746,1
1789134843189759,-0.2889404296875,1
1789134843189759,-0.2889404296875,1
1789134843189759,-0.2889404296875,1
1789134843189759,-0.2889404296875,1
1789134843225759,-0.020503759384155273,1
1789134843237759,0.12763309478759766,1
1789134843249759,0.2024378776550293,1
1789134843249759,0.2024378776550293,1
1789134843249759,0.2024378776550293,1
1789134843249759,0.2024378776550293,1
1789134843285759,-0.033322811126708984,1
1789134843297759,-0.09251260757446289,1
1789134843309759,0.013213396072387695,1
1789134843309759,0.013213396072387695,1
1789134843309759,0.013213396072387695,1
1789134843309759,0.013213396072387695,1
1789134843345759,0.021762609481811523,1
1789134843357759,0.10028839111328125,1
1789134843369759,0.08245337009429932,1
1789134843369759,0.08245337009429932,1
1789134843369759,0.08245337009429932,1
1789134843369759,0.08245337009429932,1
1789134843369759,0.08245337009429932,1
1789134843417759,0.0050994157791137695,1
1789134843429759,-0.09318017959594727,1
1789134843429916,-0.09318017959594727,1
1789134843429916,-0.09318017959594727,1
1789134843429916,-0.09318017959594727,1
1789134843465916,0.0487513542175293,1
1789134843477916,-0.15160703659057617,1
1789134843489916,-0.2191460132598877,1
1789134843489916,-0.2191460132598877,1
1789134843489916,-0.2191460132598877,1
1789134843513916,-0.19295239448547363,1
1789134843513916,-0.19295239448547363,1
1789134843537916,0.05690276622772217,1
1789134843549916,0.2111208438873291,1
1789134843549916,0.2111208438873291,1
1789134843549916,0.2111208438873291,1
1789134843549916,0.2111208438873291,1
1789134843549916,0.2111208438873291,1
1789134843597916,-0.2623584270477295,1
1789134843609916,-0.34645843505859375,1
1789134843609916,-0.34645843505859375,1
1789134843609916,-0.34645843505859375,1
1789134843609916,-0.34645843505859375,1
1789134843645916,-0.09767293930053711,1
1789134843657916,-0.02838611602783203,1
1789134843669916,0.10203218460083008,1
1789134843669916,0.10203218460083008,1
1789134843669916,0.10203218460083008,1
1789134843669916,0.10203218460083008,1
1789134843705916,-0.038039207458496094,1
1789134843717916,-0.06885743141174316,1
1789134843729916,0.008373260498046875,1
1789134843729916,0.008373260498046875,1
1789134843729916,0.008373260498046875,1
1789134843729916,0.008373260498046875,1
1789134843729916,0.008373260498046875,1
1789134843777916,-0.14652609825134277,1
1789134843789916,-0.1073598861694336,1
1789134843789916,-0.1073598861694336,1
1789134843789916,-0.1073598861694336,1
1789134843789916,-0.1073598861694336,1
1789134843825916,0.11813294887542725,1
1789134843837916,0.14325177669525146,1
1789134843849916,0.06159543991088867,1
1789134843849916,0.06159543991088867,1
1789134843849916,0.06159543991088867,1
1789134843849916,0.06159543991088867,1
1789134843849916,0.06159543991088867,1
1789134843897916,-0.257246732711792,1
1789134843909916,-0.41149353981018066,1
1789134843909916,-0.41149353981018066,1
1789134843909916,-0.41149353981018066,1
1789134843909916,-0.41149353981018066,1
1789134843945916,-0.2468106746673584,1
1789134843957916,-0.1007375717163086,1
1789134843969916,-0.044672250747680664,1
1789134843969916,-0.044672250747680664,1
1789134843969916,-0.044672250747680664,1
1789134843969916,-0.044672250747680664,1
1789134843969916,-0.044672250747680664,1
1789134844017916,0.39629900455474854,1
1789134844029916,0.3829125165939331,1
1789134844029916,0.3829125165939331,1
1789134844029916,0.3829125165939331,1
1789134844029916,0.3829125165939331,1
1789134844065916,0.1413809061050415,1
1789134844077916,0.2232762575149536,1
1789134844089916,0.08207142353057861,1
1789134844089916,0.08207142353057861,1
1789134844089916,0.08207142353057861,1
1789134844089916,0.08207142353057861,1
1789134844089916,0.08207142353057861,1
1789134844137916,-0.30518245697021484,1
1789134844149916,-0.44695067405700684,1
1789134844149916,-0.44695067405700684,1
1789134844149916,-0.44695067405700684,1
1789134844149916,-0.44695067405700684,1
1789134844149916,-0.44695067405700684,1
1789134844197916,-0.05192422866821289,1
1789134844209916,-0.024791955947875977,1
1789134844209916,-0.024791955947875977,1
1789134844209916,-0.024791955947875977,1
1789134844209916,-0.024791955947875977,1
1789134844209916,-0.024791955947875977,1
1789134844257916,0.09174215793609619,1
1789134844269916,0.24968290328979492,1
1789134844269916,0.24968290328979492,1
1789134844269916,0.24968290328979492,1
1789134844269916,0.24968290328979492,1
1789134844305916,-0.018933534622192383,1
1789134844317916,0.0887221097946167,1
1789134844329916,0.1519397497177124,1
1789134844329916,0.1519397497177124,1
1789134844329916,0.1519397497177124,1
1789134844329916,0.1519397497177124,1
1789134844329916,0.1519397497177124,1
1789134844377916,-0.007516145706176758,1
1789134844389916,-0.1707172393798828,1
1789134844389916,-0.1707172393798828,1
1789134844389916,-0.1707172393798828,1
1789134844389916,-0.1707172393798828,1
1789134844425916,-0.032633304595947266,1
1789134844437916,0.12422764301300049,1
1789134844450072,0.2386319637298584,1
1789134844450072,0.2386319637298584,1
1789134844450072,0.2386319637298584,1
1789134844450072,0.2386319637298584,1
1789134844450072,0.2386319637298584,1
1789134844498072,-0.1526188850402832,1
1789134844510072,-0.28220415115356445,1
1789134844510072,-0.28220415115356445,1
1789134844510072,-0.28220415115356445,1
1789134844510072,-0.28220415115356445,1
1789134844546072,-0.09868025779724121,1
1789134844558072,0.07358288764953613,1
1789134844570072,0.12303316593170166,1
1789134844570072,0.12303316593170166,1
1789134844570072,0.12303316593170166,1
1789134844570072,0.12303316593170166,1
1789134844606072,-0.11253476142883301,1
1789134844618072,-0.19502544403076172,1
1789134844630072,-0.20533299446105957,1
1789134844630072,-0.20533299446105957,1
1789134844630072,-0.20533299446105957,1
1789134844630072,-0.20533299446105957,1
1789134844666072,0.054479360580444336,1
1789134844678072,-0.027086496353149414,1
1789134844690072,-0.11263322830200195,1
1789134844690072,-0.11263322830200195,1
1789134844690072,-0.11263322830200195,1
1789134844690072,-0.11263322830200195,1
1789134844690072,-0.11263322830200195,1
1789134844738072,0.17536520957946777,1
1789134844750072,0.32128405570983887,1
1789134844750072,0.32128405570983887,1
1789134844750072,0.32128405570983887,1
1789134844750072,0.32128405570983887,1
1789134844786072,0.020628809928894043,1
1789134844798072,-0.005006074905395508,1
1789134844810072,0.10955893993377686,1
1789134844810072,0.10955893993377686,1
1789134844810072,0.10955893993377686,1
1789134844834072,0.0747603178024292,1
1789134844834072,0.0747603178024292,1
1789134844858072,-0.13804125785827637,1
1789134844870072,-0.30869460105895996,1
1789134844870072,-0.30869460105895996,1
1789134844870072,-0.30869460105895996,1
1789134844870072,-0.30869460105895996,1
1789134844906072,-0.14213204383850098,1
1789134844918072,0.004320383071899414,1
1789134844930072,0.05957198143005371,1
1789134844930072,0.05957198143005371,1
1789134844930072,0.05957198143005371,1
1789134844930072,0.05957198143005371,1
1789134844966072,-0.09659385681152344,1
1789134844978072,-0.008095264434814453,1
1789134844990072,0.13622987270355225,1
1789134844990072,0.13622987270355225,1
1789134844990072,0.13622987270355225,1
1789134844990072,0.13622987270355225,1
1789134845026072,-0.015065908432006836,1
1789134845038072,0.0321812629699707,1
1789134845050072,0.13831353187561035,1
1789134845050072,0.13831353187561035,1
1789134845050072,0.13831353187561035,1
1789134845050072,0.13831353187561035,1
1789134845050072,0.13831353187561035,1
1789134845098072,0.02234065532684326,1
1789134845110072,-0.0602262020111084,1
1789134845110072,-0.0602262020111084,1
1789134845110072,-0.0602262020111084,1
1789134845110072,-0.0602262020111084,1
1789134845110072,-0.0602262020111084,1
1789134845158072,0.21412742137908936,1
1789134845170072,0.2851604223251343,1
1789134845170072,0.2851604223251343,1
1789134845170072,0.2851604223251343,1
1789134845170072,0.2851604223251343,1
1789134845170072,0.2851604223251343,1
1789134845218072,-0.09312152862548828,1
1789134845230072,-0.24309873580932617,1
1789134845230072,-0.24309873580932617,1
1789134845230072,-0.24309873580932617,1
1789134845230072,-0.24309873580932617,1
1789134845266072,-0.018761873245239258,1
1789134845278072,0.1615663766860962,1
1789134845290072,0.22627413272857666,1
1789134845290072,0.22627413272857666,1
1789134845290072,0.22627413272857666,1
1789134845290072,0.22627413272857666,1
1789134845290072,0.22627413272857666,1
1789134845338072,-0.03614974021911621,1
1789134845350072,-0.1843700408935547,1
1789134845350072,-0.1843700408935547,1
1789134845350072,-0.1843700408935547,1
1789134845350072,-0.1843700408935547,1
1789134845386072,0.004935622215270996,1
1789134845398072,0.10076892375946045,1
1789134845410072,0.10380971431732178,1
1789134845410072,0.10380971431732178,1
1789134845410072,0.10380971431732178,1
1789134845410072,0.10380971431732178,1
1789134845410229,0.10380971431732178,1
1789134845458229,-0.23406577110290527,1
1789134845470229,-0.2579965591430664,1
1789134845470229,-0.2579965591430664,1
1789134845470229,-0.2579965591430664,1
1789134845470229,-0.2579965591430664,1
1789134845470229,-0.2579965591430664,1
1789134845518229,0.07941210269927979,1
1789134845530229,0.1712956428527832,1
1789134845530229,0.1712956428527832,1
1789134845530229,0.1712956428527832,1
1789134845530229,0.1712956428527832,1
1789134845530229,0.1712956428527832,1
1789134845578229,-0.1620311737060547,1
1789134845590229,-0.29671764373779297,1
1789134845590229,-0.29671764373779297,1
1789134845590229,-0.29671764373779297,1
1789134845590229,-0.29671764373779297,1
1789134845626229,0.01827692985534668,1
1789134845638229,0.14477264881134033,1
1789134845650229,0.1909043788909912,1
1789134845650229,0.1909043788909912,1
1789134845650229,0.1909043788909912,1
1789134845650229,0.1909043788909912,1
1789134845650229,0.1909043788909912,1
1789134845698229,-0.20192384719848633,1
1789134845710229,-0.3469536304473877,1
1789134845710229,-0.3469536304473877,1
1789134845710229,-0.3469536304473877,1
1789134845710229,-0.3469536304473877,1
1789134845746229,-0.25267648696899414,1
1789134845758229,-0.08430147171020508,1
1789134845770229,-0.006696462631225586,1
1789134845770229,-0.006696462631225586,1
1789134845770229,-0.006696462631225586,1
1789134845770229,-0.006696462631225586,1
1789134845770229,-0.006696462631225586,1
1789134845818229,0.2896918058395386,1
1789134845830229,0.43628478050231934,1
1789134845830229,0.43628478050231934,1
1789134845830229,0.43628478050231934,1
1789134845830229,0.43628478050231934,1
1789134845866229,0.11037254333496094,1
1789134845878229,-0.048708200454711914,1
1789134845890229,-0.06980323791503906,1
1789134845890229,-0.06980323791503906,1
1789134845890229,-0.06980323791503906,1
1789134845890229,-0.06980323791503906,1
1789134845926229,0.15741229057312012,1
1789134845938229,0.20537185668945312,1
1789134845950229,0.0645599365234375,1
1789134845950229,0.0645599365234375,1
1789134845950229,0.0645599365234375,1
1789134845950229,0.0645599365234375,1
1789134845950229,0.0645599365234375,1
1789134845998229,-0.16437721252441406,1
1789134846010229,-0.2430424690246582,1
1789134846010229,-0.2430424690246582,1
1789134846010229,-0.2430424690246582,1
1789134846010229,-0.2430424690246582,1
1789134846046229,0.16355764865875244,1
1789134846058229,0.21497929096221924,1
1789134846070229,0.054703712463378906,1
1789134846070229,0.054703712463378906,1
1789134846070229,0.054703712463378906,1
1789134846070229,0.054703712463378906,1
1789134846106229,-0.049396514892578125,1
1789134846118229,-0.07131624221801758,1
1789134846130229,-0.05197334289550781,1
1789134846130229,-0.05197334289550781,1
1789134846130229,-0.05197334289550781,1
1789134846154229,0.21315014362335205,1
1789134846154229,0.21315014362335205,1
1789134846178229,0.09608185291290283,1
1789134846190229,-0.054548025131225586,1
1789134846190229,-0.054548025131225586,1
1789134846190229,-0.054548025131225586,1
1789134846190229,-0.054548025131225586,1
1789134846226229,0.03239846229553223,1
1789134846238229,0.1986004114151001,1
1789134846250229,0.21371674537658691,1
1789134846250229,0.21371674537658691,1
1789134846250229,0.21371674537658691,1
1789134846250229,0.21371674537658691,1
1789134846286229,-0.07640886306762695,1
1789134846298229,-0.1736433506011963,1
1789134846310229,-0.08130097389221191,1
1789134846310229,-0.08130097389221191,1
1789134846310229,-0.08130097389221191,1
1789134846310229,-0.08130097389221191,1
1789134846310229,-0.08130097389221191,1
1789134846358229,0.3892083168029785,1
1789134846370229,0.45879924297332764,1
1789134846370229,0.45879924297332764,1
1789134846370229,0.45879924297332764,1
1789134846370229,0.45879924297332764,1
1789134846370229,0.45879924297332764,1
1789134846418229,0.05269002914428711,1
1789134846430229,-0.10326433181762695,1
1789134846430229,-0.10326433181762695,1
1789134846430387,-0.10326433181762695,1
1789134846430387,-0.10326433181762695,1
1789134846466387,0.03929579257965088,1
1789134846478387,0.1348174810409546,1
1789134846490387,0.13866794109344482,1
1789134846490387,0.13866794109344482,1
1789134846490387,0.13866794109344482,1
1789134846490387,0.13866794109344482,1
1789134846490387,0.13866794109344482,1
1789134846538387,-0.2723710536956787,1
1789134846550387,-0.4315321445465088,1
1789134846550387,-0.4315321445465088,1
1789134846550387,-0.4315321445465088,1
1789134846550387,-0.4315321445465088,1
1789134846586387,-0.28977108001708984,1
1789134846598387,-0.14526605606079102,1
1789134846610387,-0.030597686767578125,1
1789134846610387,-0.030597686767578125,1
1789134846610387,-0.030597686767578125,1
1789134846610387,-0.030597686767578125,1
1789134846610387,-0.030597686767578125,1
1789134846658387,0.4451911449432373,1
1789134846670387,0.6177335977554321,1
1789134846670387,0.6177335977554321,1
1789134846670387,0.6177335977554321,1
1789134846670387,0.6177335977554321,1
1789134846670387,0.6177335977554321,1
1789134846718387,0.14281415939331055,1
1789134846730387,0.06485474109649658,1
1789134846730387,0.06485474109649658,1
1789134846730387,0.06485474109649658,1
1789134846730387,0.06485474109649658,1
1789134846730387,0.06485474109649658,1
1789134846778387,-0.22662591934204102,1
1789134846790387,-0.24720120429992676,1
1789134846790387,-0.24720120429992676,1
1789134846790387,-0.24720120429992676,1
1789134846790387,-0.24720120429992676,1
1789134846790387,-0.24720120429992676,1
1789134846838387,0.18085360527038574,1
1789134846850387,0.23959600925445557,1
1789134846850387,0.23959600925445557,1
1789134846850387,0.23959600925445557,1
1789134846850387,0.23959600925445557,1
1789134846850387,0.23959600925445557,1
1789134846898387,-0.11459708213806152,1
1789134846910387,-0.2819085121154785,1
1789134846910387,-0.2819085121154785,1
1789134846910387,-0.2819085121154785,1
1789134846910387,-0.2819085121154785,1
1789134846946387,-0.06875920295715332,1
1789134846958387,0.08888590335845947,1
1789134846970387,0.22039103507995605,1
1789134846970387,0.22039103507995605,1
1789134846970387,0.22039103507995605,1
1789134846970387,0.22039103507995605,1
1789134846970387,0.22039103507995605,1
1789134847018387,-0.12021279335021973,1
1789134847030387,-0.29038524627685547,1
1789134847030387,-0.29038524627685547,1
1789134847030387,-0.29038524627685547,1
1789134847030387,-0.29038524627685547,1
1789134847066387,-0.16855812072753906,1
1789134847078387,-0.026702880859375,1
1789134847090387,0.08367741107940674,1
1789134847090387,0.08367741107940674,1
1789134847090387,0.08367741107940674,1
1789134847090387,0.08367741107940674,1
1789134847090387,0.08367741107940674,1
1789134847138387,-0.14927911758422852,1
1789134847150387,-0.17934226989746094,1
1789134847150387,-0.17934226989746094,1
1789134847150387,-0.17934226989746094,1
1789134847150387,-0.17934226989746094,1
1789134847150387,-0.17934226989746094,1
1789134847198387,0.257909893989563,1
1789134847210387,0.33811962604522705,1
1789134847210387,0.33811962604522705,1
1789134847210387,0.33811962604522705,1
1789134847210387,0.33811962604522705,1
1789134847246387,0.012197256088256836,1
1789134847258387,-0.05237460136413574,1
1789134847270387,0.08068609237670898,1
1789134847270387,0.08068609237670898,1
1789134847270387,0.08068609237670898,1
1789134847270387,0.08068609237670898,1
1789134847306387,-0.058060646057128906,1
1789134847318387,0.08388411998748779,1
1789134847330387,0.1587367057800293,1
1789134847330387,0.1587367057800293,1
1789134847330387,0.1587367057800293,1
1789134847330387,0.1587367057800293,1
1789134847330387,0.1587367057800293,1
1789134847378387,-0.06377649307250977,1
1789134847390387,-0.23018312454223633,1
1789134847390387,-0.23018312454223633,1
1789134847390387,-0.23018312454223633,1
1789134847390387,-0.23018312454223633,1
1789134847390387,-0.23018312454223633,1
1789134847438387,0.10791552066802979,1
1789134847450387,0.1918424367904663,1
1789134847450543,0.1918424367904663,1
1789134847450543,0.1918424367904663,1
1789134847474543,0.043706297874450684,1
1789134847474543,0.043706297874450684,1
1789134847498543,-0.009401798248291016,1
1789134847510543,0.06451308727264404,1
1789134847510543,0.06451308727264404,1
1789134847510543,0.06451308727264404,1
1789134847510543,0.06451308727264404,1
1789134847510543,0.06451308727264404,1
1789134847558543,-0.18704628944396973,1
1789134847570543,-0.2431492805480957,1
1789134847570543,-0.2431492805480957,1
1789134847570543,-0.2431492805480957,1
1789134847570543,-0.2431492805480957,1
1789134847606543,-0.0554041862487793,1
1789134847618543,0.04009366035461426,1
1789134847630543,0.1983712911605835,1
1789134847630543,0.1983712911605835,1
1789134847630543,0.1983712911605835,1
1789134847630543,0.1983712911605835,1
1789134847666543,-0.12981414794921875,1
1789134847678543,-0.22474384307861328,1
1789134847690543,-0.23052334785461426,1
1789134847690543,-0.23052334785461426,1
1789134847690543,-0.23052334785461426,1
1789134847690543,-0.23052334785461426,1
1789134847690543,-0.23052334785461426,1
1789134847738543,0.21045947074890137,1
1789134847750543,0.37158453464508057,1
1789134847750543,0.37158453464508057,1
1789134847750543,0.37158453464508057,1
1789134847750543,0.37158453464508057,1
1789134847786543,0.033165931701660156,1
1789134847798543,-0.08165144920349121,1
1789134847810543,-0.05838513374328613,1
1789134847810543,-0.05838513374328613,1
1789134847810543,-0.05838513374328613,1
1789134847810543,-0.05838513374328613,1
1789134847810543,-0.05838513374328613,1
1789134847858543,0.5001665353775024,1
1789134847870543,0.629511833190918,1
1789134847870543,0.629511833190918,1
1789134847870543,0.629511833190918,1
1789134847870543,0.629511833190918,1
1789134847906543,0.30376553535461426,1
1789134847918543,0.12916505336761475,1
1789134847930543,0.1484997272491455,1
1789134847930543,0.1484997272491455,1
1789134847930543,0.1484997272491455,1
1789134847930543,0.1484997272491455,1
1789134847930543,0.1484997272491455,1
1789134847978543,-0.24672198295593262,1
1789134847990543,-0.35448527336120605,1
1789134847990543,-0.35448527336120605,1
1789134847990543,-0.35448527336120605,1
1789134847990543,-0.35448527336120605,1
1789134848026543,-0.11338448524475098,1
1789134848038543,0.02777552604675293,1
1789134848050543,0.10498857498168945,1
1789134848050543,0.10498857498168945,1
1789134848050543,0.10498857498168945,1
1789134848050543,0.10498857498168945,1
1789134848050543,0.10498857498168945,1
1789134848098543,-0.20258069038391113,1
1789134848110543,-0.3457357883453369,1
1789134848110543,-0.3457357883453369,1
1789134848110543,-0.3457357883453369,1
1789134848134543,-0.2831766605377197,1
1789134848134543,-0.2831766605377197,1
1789134848158543,-0.03969860076904297,1
1789134848170543,0.054769158363342285,1
1789134848170543,0.054769158363342285,1
1789134848170543,0.054769158363342285,1
1789134848170543,0.054769158363342285,1
1789134848170543,0.054769158363342285,1
1789134848218543,-0.20347285270690918,1
1789134848230543,-0.3585987091064453,1
1789134848230543,-0.3585987091064453,1
1789134848230543,-0.3585987091064453,1
1789134848230543,-0.3585987091064453,1
1789134848266543,-0.20754480361938477,1
1789134848278543,-0.05190873146057129,1
1789134848290543,0.03345060348510742,1
1789134848290543,0.03345060348510742,1
1789134848290543,0.03345060348510742,1
1789134848290543,0.03345060348510742,1
1789134848290543,0.03345060348510742,1
1789134848338543,-0.17075037956237793,1
1789134848350543,-0.3019232749938965,1
1789134848350543,-0.3019232749938965,1
1789134848350543,-0.3019232749938965,1
1789134848350543,-0.3019232749938965,1
1789134848386543,-0.0832974910736084,1
1789134848398543,0.0745553970336914,1
1789134848410543,0.14683568477630615,1
1789134848410543,0.14683568477630615,1
1789134848410543,0.14683568477630615,1
1789134848410543,0.14683568477630615,1
1789134848410543,0.14683568477630615,1
1789134848458701,-0.2307736873626709,1
1789134848470701,-0.2867259979248047,1
1789134848470701,-0.2867259979248047,1
1789134848470701,-0.2867259979248047,1
1789134848470701,-0.2867259979248047,1
1789134848506701,-0.06541776657104492,1
1789134848518701,0.08723235130310059,1
1789134848530701,0.15960478782653809,1
1789134848530701,0.15960478782653809,1
1789134848530701,0.15960478782653809,1
1789134848530701,0.15960478782653809,1
1789134848566701,-0.10925483703613281,1
1789134848578701,-0.15982866287231445,1
1789134848590701,-0.014484405517578125,1
1789134848590701,-0.014484405517578125,1
1789134848590701,-0.014484405517578125,1
1789134848590701,-0.014484405517578125,1
1789134848626701,0.24373555183410645,1
1789134848638701,0.19971096515655518,1
1789134848650701,0.11321306228637695,1
1789134848650701,0.11321306228637695,1
1789134848650701,0.11321306228637695,1
1789134848650701,0.11321306228637695,1
1789134848650701,0.11321306228637695,1
1789134848698701,-0.19054079055786133,1
1789134848710701,-0.40912795066833496,1
1789134848710701,-0.40912795066833496,1
1789134848710701,-0.40912795066833496,1
1789134848710701,-0.40912795066833496,1
1789134848746701,-0.27344417572021484,1
1789134848758701,-0.09329724311828613,1
1789134848770701,-0.04075932502746582,1
1789134848770701,-0.04075932502746582,1
1789134848770701,-0.04075932502746582,1
1789134848770701,-0.04075932502746582,1
1789134848770701,-0.04075932502746582,1
1789134848818701,0.12530720233917236,1
1789134848830701,0.0764153003692627,1
1789134848830701,0.0764153003692627,1
1789134848830701,0.0764153003692627,1
1789134848830701,0.0764153003692627,1
1789134848866701,-0.1962733268737793,1
1789134848878701,-0.35889124870300293,1
1789134848890701,-0.37022924423217773,1
1789134848890701,-0.37022924423217773,1
1789134848890701,-0.37022924423217773,1
1789134848890701,-0.37022924423217773,1
1789134848926701,0.02600729465484619,1
1789134848938701,0.05987679958343506,1
1789134848950701,-0.10713076591491699,1
1789134848950701,-0.10713076591491699,1
1789134848950701,-0.10713076591491699,1
1789134848950701,-0.10713076591491699,1
1789134848986701,-0.0038750171661376953,1
1789134848998701,0.1546790599822998,1
1789134849010701,0.2242753505706787,1
1789134849010701,0.2242753505706787,1
1789134849010701,0.2242753505706787,1
1789134849010701,0.2242753505706787,1
1789134849046701,-0.08439016342163086,1
1789134849058701,-0.12600255012512207,1
1789134849070701,-0.03229665756225586,1
1789134849070701,-0.03229665756225586,1
1789134849070701,-0.03229665756225586,1
1789134849070701,-0.03229665756225586,1
1789134849106701,0.13625109195709229,1
1789134849118701,0.146531343460083,1
1789134849130701,0.07124483585357666,1
1789134849130701,0.07124483585357666,1
1789134849130701,0.07124483585357666,1
1789134849130701,0.07124483585357666,1
1789134849130701,0.07124483585357666,1
1789134849178701,-0.3215019702911377,1
1789134849190701,-0.42381930351257324,1
1789134849190701,-0.42381930351257324,1
1789134849190701,-0.42381930351257324,1
1789134849190701,-0.42381930351257324,1
1789134849226701,-0.09898042678833008,1
1789134849238701,0.0679696798324585,1
1789134849250701,0.14949357509613037,1
1789134849250701,0.14949357509613037,1
1789134849250701,0.14949357509613037,1
1789134849250701,0.14949357509613037,1
1789134849250701,0.14949357509613037,1
1789134849298701,-0.05336880683898926,1
1789134849310701,-0.2035224437713623,1
1789134849310701,-0.2035224437713623,1
1789134849310701,-0.2035224437713623,1
1789134849310701,-0.2035224437713623,1
1789134849310701,-0.2035224437713623,1
1789134849358701,0.1680513620376587,1
1789134849370701,0.23711013793945312,1
1789134849370701,0.23711013793945312,1
1789134849370701,0.23711013793945312,1
1789134849370701,0.23711013793945312,1
1789134849370701,0.23711013793945312,1
1789134849418701,0.0018030405044555664,1
1789134849430701,-0.10783934593200684,1
1789134849430701,-0.10783934593200684,1
1789134849430701,-0.10783934593200684,1
1789134849454701,-0.025667190551757812,1
1789134849454856,-0.025667190551757812,1
1789134849478856,0.14311397075653076,1
1789134849490856,0.20683729648590088,1
1789134849490856,0.20683729648590088,1
1789134849490856,0.20683729648590088,1
1789134849490856,0.20683729648590088,1
1789134849490856,0.20683729648590088,1
1789134849538856,-0.1586456298828125,1
1789134849550856,-0.2913477420806885,1
1789134849550856,-0.2913477420806885,1
1789134849550856,-0.2913477420806885,1
1789134849550856,-0.2913477420806885,1
1789134849586856,-0.11059188842773438,1
1789134849598856,0.05474972724914551,1
1789134849610856,0.18397140502929688,1
1789134849610856,0.18397140502929688,1
1789134849610856,0.18397140502929688,1
1789134849610856,0.18397140502929688,1
1789134849610856,0.18397140502929688,1
1789134849658856,-0.22567081451416016,1
1789134849670856,-0.37674736976623535,1
1789134849670856,-0.37674736976623535,1
1789134849670856,-0.37674736976623535,1
1789134849670856,-0.37674736976623535,1
1789134849706856,-0.2532672882080078,1
1789134849718856,-0.10153651237487793,1
1789134849730856,-0.02251720428466797,1
1789134849730856,-0.02251720428466797,1
1789134849730856,-0.02251720428466797,1
1789134849730856,-0.02251720428466797,1
1789134849730856,-0.02251720428466797,1
1789134849778856,0.24087464809417725,1
1789134849790856,0.38769400119781494,1
1789134849790856,0.38769400119781494,1
1789134849790856,0.38769400119781494,1
1789134849790856,0.38769400119781494,1
1789134849826856,0.059272170066833496,1
1789134849838856,-0.04380607604980469,1
1789134849850856,-0.10486817359924316,1
1789134849850856,-0.10486817359924316,1
1789134849850856,-0.10486817359924316,1
1789134849850856,-0.10486817359924316,1
1789134849886856,0.15413057804107666,1
1789134849898856,0.1873377561569214,1
1789134849910856,0.019175171852111816,1
1789134849910856,0.019175171852111816,1
1789134849910856,0.019175171852111816,1
1789134849910856,0.019175171852111816,1
1789134849946856,0.11529529094696045,1
1789134849958856,0.14134275913238525,1
1789134849970856,0.058260202407836914,1
1789134849970856,0.058260202407836914,1
1789134849970856,0.058260202407836914,1
1789134849970856,0.058260202407836914,1
1789134849970856,0.058260202407836914,1
1789134850018856,-0.33937835693359375,1
1789134850030856,-0.34938693046569824,1
1789134850030856,-0.34938693046569824,1
1789134850030856,-0.34938693046569824,1
1789134850030856,-0.34938693046569824,1
1789134850066856,-0.18609213829040527,1
1789134850078856,-0.040198326110839844,1
1789134850090856,0.034548401832580566,1
1789134850090856,0.034548401832580566,1
1789134850090856,0.034548401832580566,1
1789134850090856,0.034548401832580566,1
1789134850090856,0.034548401832580566,1
1789134850138856,-0.11695218086242676,1
1789134850150856,-0.11000728607177734,1
1789134850150856,-0.11000728607177734,1
1789134850150856,-0.11000728607177734,1
1789134850150856,-0.11000728607177734,1
1789134850150856,-0.11000728607177734,1
1789134850198856,0.3012293577194214,1
1789134850210856,0.3764141798019409,1
1789134850210856,0.3764141798019409,1
1789134850210856,0.3764141798019409,1
1789134850210856,0.3764141798019409,1
1789134850246856,0.039446473121643066,1
1789134850258856,-0.016849756240844727,1
1789134850270856,-0.07643818855285645,1
1789134850270856,-0.07643818855285645,1
1789134850270856,-0.07643818855285645,1
1789134850270856,-0.07643818855285645,1
1789134850270856,-0.07643818855285645,1
1789134850318856,0.3347301483154297,1
1789134850330856,0.4210752248764038,1
1789134850330856,0.4210752248764038,1
1789134850330856,0.4210752248764038,1
1789134850330856,0.4210752248764038,1
1789134850330856,0.4210752248764038,1
1789134850378856,0.01920163631439209,1
1789134850390856,-0.1352553367614746,1
1789134850390856,-0.1352553367614746,1
1789134850390856,-0.1352553367614746,1
1789134850390856,-0.1352553367614746,1
1789134850426856,0.010481119155883789,1
1789134850438856,0.1506420373916626,1
1789134850450856,0.17345654964447021,1
1789134850450856,0.17345654964447021,1
1789134850451013,0.17345654964447021,1
1789134850451013,0.17345654964447021,1
1789134850451013,0.17345654964447021,1
1789134850499013,-0.2527790069580078,1
1789134850511013,-0.4039304256439209,1
1789134850511013,-0.4039304256439209,1
1789134850511013,-0.4039304256439209,1
1789134850511013,-0.4039304256439209,1
1789134850547013,-0.23713278770446777,1
1789134850559013,-0.08794546127319336,1
1789134850571013,-0.008461952209472656,1
1789134850571013,-0.008461952209472656,1
1789134850571013,-0.008461952209472656,1
1789134850571013,-0.008461952209472656,1
1789134850571013,-0.008461952209472656,1
1789134850619013,0.12437224388122559,1
1789134850631013,0.26004183292388916,1
1789134850631013,0.26004183292388916,1
1789134850631013,0.26004183292388916,1
1789134850631013,0.26004183292388916,1
1789134850667013,-0.027826547622680664,1
1789134850679013,0.0485612154006958,1
1789134850691013,0.12603366374969482,1
1789134850691013,0.12603366374969482,1
1789134850691013,0.12603366374969482,1
1789134850691013,0.12603366374969482,1
1789134850691013,0.12603366374969482,1
1789134850739013,-0.07316827774047852,1
1789134850751013,-0.2294154167175293,1
1789134850751013,-0.2294154167175293,1
1789134850751013,-0.2294154167175293,1
1789134850751013,-0.2294154167175293,1
1789134850751013,-0.2294154167175293,1
1789134850799013,0.07136619091033936,1
1789134850811013,0.1452573537826538,1
1789134850811013,0.1452573537826538,1
1789134850811013,0.1452573537826538,1
1789134850811013,0.1452573537826538,1
1789134850811013,0.1452573537826538,1
1789134850859013,-0.26235151290893555,1
1789134850871013,-0.417025089263916,1
1789134850871013,-0.417025089263916,1
1789134850871013,-0.417025089263916,1
1789134850871013,-0.417025089263916,1
1789134850907013,-0.27498936653137207,1
1789134850919013,-0.133148193359375,1
1789134850931013,-0.03979778289794922,1
1789134850931013,-0.03979778289794922,1
1789134850931013,-0.03979778289794922,1
1789134850931013,-0.03979778289794922,1
1789134850931013,-0.03979778289794922,1
1789134850979013,0.08978796005249023,1
1789134850991013,0.2110910415649414,1
1789134850991013,0.2110910415649414,1
1789134850991013,0.2110910415649414,1
1789134850991013,0.2110910415649414,1
1789134850991013,0.2110910415649414,1
1789134851039013,-0.0032036304473876953,1
1789134851051013,-0.12478041648864746,1
1789134851051013,-0.12478041648864746,1
1789134851051013,-0.12478041648864746,1
1789134851051013,-0.12478041648864746,1
1789134851051013,-0.12478041648864746,1
1789134851099013,0.1504828929901123,1
1789134851111013,0.3019517660140991,1
1789134851111013,0.3019517660140991,1
1789134851111013,0.3019517660140991,1
1789134851111013,0.3019517660140991,1
1789134851147013,-0.026902437210083008,1
1789134851159013,-0.10865283012390137,1
1789134851171013,0.03200864791870117,1
1789134851171013,0.03200864791870117,1
1789134851171013,0.03200864791870117,1
1789134851171013,0.03200864791870117,1
1789134851207013,-0.09243226051330566,1
1789134851219013,-0.13909077644348145,1
1789134851231013,0.004706740379333496,1
1789134851231013,0.004706740379333496,1
1789134851231013,0.004706740379333496,1
1789134851231013,0.004706740379333496,1
1789134851267013,-0.08959031105041504,1
1789134851279013,-0.06477737426757812,1
1789134851291013,0.023941993713378906,1
1789134851291013,0.023941993713378906,1
1789134851291013,0.023941993713378906,1
1789134851291013,0.023941993713378906,1
1789134851291013,0.023941993713378906,1
1789134851339013,-0.16411352157592773,1
1789134851351013,-0.3151741027832031,1
1789134851351013,-0.3151741027832031,1
1789134851351013,-0.3151741027832031,1
1789134851351013,-0.3151741027832031,1
1789134851387013,-0.1465592384338379,1
1789134851399013,0.06596648693084717,1
1789134851411013,0.10635077953338623,1
1789134851411013,0.10635077953338623,1
1789134851411013,0.10635077953338623,1
1789134851411013,0.10635077953338623,1
1789134851411013,0.10635077953338623,1
1789134851459013,-0.21476030349731445,1
1789134851471013,-0.3613290786743164,1
1789134851471168,-0.3613290786743164,1
1789134851471168,-0.3613290786743164,1
1789134851471168,-0.3613290786743164,1
1789134851507168,-0.17374968528747559,1
1789134851519168,-0.007900238037109375,1
1789134851531168,0.12136542797088623,1
1789134851531168,0.12136542797088623,1
1789134851531168,0.12136542797088623,1
1789134851531168,0.12136542797088623,1
1789134851567168,-0.12876367568969727,1
1789134851579168,-0.20551204681396484,1
1789134851591168,-0.2505817413330078,1
1789134851591168,-0.2505817413330078,1
1789134851591168,-0.2505817413330078,1
1789134851591168,-0.2505817413330078,1
1789134851591168,-0.2505817413330078,1
1789134851639168,0.05333662033081055,1
1789134851651168,0.033139824867248535,1
1789134851651168,0.033139824867248535,1
1789134851651168,0.033139824867248535,1
1789134851651168,0.033139824867248535,1
1789134851651168,0.033139824867248535,1
1789134851699168,-0.3089292049407959,1
1789134851711168,-0.3596382141113281,1
1789134851711168,-0.3596382141113281,1
1789134851711168,-0.3596382141113281,1
1789134851711168,-0.3596382141113281,1
1789134851711168,-0.3596382141113281,1
1789134851759168,-0.05779552459716797,1
1789134851771168,-0.016535282135009766,1
1789134851771168,-0.016535282135009766,1
1789134851771168,-0.016535282135009766,1
1789134851771168,-0.016535282135009766,1
1789134851771168,-0.016535282135009766,1
1789134851819168,0.3960552215576172,1
1789134851831168,0.5109788179397583,1
1789134851831168,0.5109788179397583,1
1789134851831168,0.5109788179397583,1
1789134851831168,0.5109788179397583,1
1789134851867168,0.1653677225112915,1
1789134851879168,0.01440727710723877,1
1789134851891168,-0.0019032955169677734,1
1789134851891168,-0.0019032955169677734,1
1789134851891168,-0.0019032955169677734,1
1789134851891168,-0.0019032955169677734,1
1789134851891168,-0.0019032955169677734,1
1789134851939168,0.3166121244430542,1
1789134851951168,0.2832881212234497,1
1789134851951168,0.2832881212234497,1
1789134851951168,0.2832881212234497,1
1789134851951168,0.2832881212234497,1
1789134851951168,0.2832881212234497,1
1789134851999168,-0.028334379196166992,1
1789134852011168,-0.1505270004272461,1
1789134852011168,-0.1505270004272461,1
1789134852011168,-0.1505270004272461,1
1789134852011168,-0.1505270004272461,1
1789134852047168,0.15625,1
1789134852059168,0.18859446048736572,1
1789134852071168,0.03206908702850342,1
1789134852071168,0.03206908702850342,1
1789134852071168,0.03206908702850342,1
1789134852071168,0.03206908702850342,1
1789134852071168,0.03206908702850342,1
1789134852119168,-0.11972928047180176,1
1789134852131168,-0.20624113082885742,1
1789134852131168,-0.20624113082885742,1
1789134852131168,-0.20624113082885742,1
1789134852131168,-0.20624113082885742,1
1789134852131168,-0.20624113082885742,1
1789134852179168,0.17698729038238525,1
1789134852191168,0.2604196071624756,1
1789134852191168,0.2604196071624756,1
1789134852191168,0.2604196071624756,1
1789134852191168,0.2604196071624756,1
1789134852227168,-0.0669703483581543,1
1789134852239168,-0.14379668235778809,1
1789134852251168,-0.13123345375061035,1
1789134852251168,-0.13123345375061035,1
1789134852251168,-0.13123345375061035,1
1789134852251168,-0.13123345375061035,1
1789134852251168,-0.13123345375061035,1
1789134852299168,0.3322267532348633,1
1789134852311168,0.48532581329345703,1
1789134852311168,0.48532581329345703,1
1789134852311168,0.48532581329345703,1
1789134852311168,0.48532581329345703,1
1789134852347168,0.15037250518798828,1
1789134852359168,0.02522456645965576,1
1789134852371168,-0.013109922409057617,1
1789134852371168,-0.013109922409057617,1
1789134852371168,-0.013109922409057617,1
1789134852371168,-0.013109922409057617,1
1789134852371168,-0.013109922409057617,1
1789134852419168,0.1681147813796997,1
1789134852431168,0.3405870199203491,1
1789134852431168,0.3405870199203491,1
1789134852431168,0.3405870199203491,1
1789134852431168,0.3405870199203491,1
1789134852467168,0.05608046054840088,1
1789134852479323,-0.0930790901184082,1
1789134852491323,-0.181976318359375,1
1789134852491323,-0.181976318359375,1
1789134852491323,-0.181976318359375,1
1789134852491323,-0.181976318359375,1
1789134852527323,0.05610036849975586,1
1789134852539323,0.13828611373901367,1
1789134852551323,0.028114914894104004,1
1789134852551323,0.028114914894104004,1
1789134852551323,0.028114914894104004,1
1789134852551323,0.028114914894104004,1
1789134852587323,-0.25977492332458496,1
1789134852599323,-0.2533285617828369,1
1789134852611323,-0.13971710205078125,1
1789134852611323,-0.13971710205078125,1
1789134852611323,-0.13971710205078125,1
1789134852611323,-0.13971710205078125,1
1789134852611323,-0.13971710205078125,1
1789134852659323,0.3497159481048584,1
1789134852671323,0.49853742122650146,1
1789134852671323,0.49853742122650146,1
1789134852671323,0.49853742122650146,1
1789134852671323,0.49853742122650146,1
1789134852707323,0.15665042400360107,1
1789134852719323,-0.03597593307495117,1
1789134852731323,-0.04112577438354492,1
1789134852731323,-0.04112577438354492,1
1789134852731323,-0.04112577438354492,1
1789134852755323,0.0851747989654541,1
1789134852755323,0.0851747989654541,1
1789134852779323,-0.12334489822387695,1
1789134852791323,-0.2788271903991699,1
1789134852791323,-0.2788271903991699,1
1789134852791323,-0.2788271903991699,1
1789134852791323,-0.2788271903991699,1
1789134852791323,-0.2788271903991699,1
1789134852839323,0.05961954593658447,1
1789134852851323,0.14216303825378418,1
1789134852851323,0.14216303825378418,1
1789134852851323,0.14216303825378418,1
1789134852851323,0.14216303825378418,1
1789134852887323,-0.17053914070129395,1
1789134852899323,-0.19504237174987793,1
1789134852911323,-0.10541415214538574,1
1789134852911323,-0.10541415214538574,1
1789134852911323,-0.10541415214538574,1
1789134852911323,-0.10541415214538574,1
1789134852947323,0.24227046966552734,1
1789134852959323,0.2687103748321533,1
1789134852971323,0.18268251419067383,1
1789134852971323,0.18268251419067383,1
1789134852971323,0.18268251419067383,1
1789134852971323,0.18268251419067383,1
1789134852971323,0.18268251419067383,1
1789134853019323,-0.24085402488708496,1
1789134853031323,-0.4106311798095703,1
1789134853031323,-0.4106311798095703,1
1789134853031323,-0.4106311798095703,1
1789134853031323,-0.4106311798095703,1
1789134853067323,-0.26439833641052246,1
1789134853079323,-0.16340279579162598,1
1789134853091323,-0.04841923713684082,1
1789134853091323,-0.04841923713684082,1
1789134853091323,-0.04841923713684082,1
1789134853091323,-0.04841923713684082,1
1789134853091323,-0.04841923713684082,1
1789134853139323,0.44511353969573975,1
1789134853151323,0.6062229871749878,1
1789134853151323,0.6062229871749878,1
1789134853151323,0.6062229871749878,1
1789134853151323,0.6062229871749878,1
1789134853187323,0.1882699728012085,1
1789134853199323,0.07525432109832764,1
1789134853211323,0.02491450309753418,1
1789134853211323,0.02491450309753418,1
1789134853211323,0.02491450309753418,1
1789134853211323,0.02491450309753418,1
1789134853211323,0.02491450309753418,1
1789134853259323,-0.1167445182800293,1
1789134853271323,-0.2101905345916748,1
1789134853271323,-0.2101905345916748,1
1789134853271323,-0.2101905345916748,1
1789134853271323,-0.2101905345916748,1
1789134853307323,0.006046772003173828,1
1789134853319323,0.15421319007873535,1
1789134853331323,0.06004738807678223,1
1789134853331323,0.06004738807678223,1
1789134853331323,0.06004738807678223,1
1789134853331323,0.06004738807678223,1
1789134853331323,0.06004738807678223,1
1789134853379323,-0.37885355949401855,1
1789134853391323,-0.5067758560180664,1
1789134853391323,-0.5067758560180664,1
1789134853391323,-0.5067758560180664,1
1789134853415323,-0.33555054664611816,1
1789134853415323,-0.33555054664611816,1
1789134853439323,-0.062462568283081055,1
1789134853451323,0.021120786666870117,1
1789134853451323,0.021120786666870117,1
1789134853451323,0.021120786666870117,1
1789134853451323,0.021120786666870117,1
1789134853451477,0.021120786666870117,1
1789134853499477,-0.16322660446166992,1
1789134853511477,-0.16721057891845703,1
1789134853511477,-0.16721057891845703,1
1789134853511477,-0.16721057891845703,1
1789134853511477,-0.16721057891845703,1
1789134853547477,0.05721449851989746,1
1789134853559477,0.08533143997192383,1
1789134853571477,0.0016407966613769531,1
1789134853571477,0.0016407966613769531,1
1789134853571477,0.0016407966613769531,1
1789134853571477,0.0016407966613769531,1
1789134853571477,0.0016407966613769531,1
1789134853619477,0.1526426076889038,1
1789134853631477,0.2043898105621338,1
1789134853631477,0.2043898105621338,1
1789134853631477,0.2043898105621338,1
1789134853631477,0.2043898105621338,1
1789134853667477,-0.05201554298400879,1
1789134853679477,-0.09491586685180664,1
1789134853691477,-0.10782647132873535,1
1789134853691477,-0.10782647132873535,1
1789134853691477,-0.10782647132873535,1
1789134853691477,-0.10782647132873535,1
1789134853691477,-0.10782647132873535,1
1789134853739477,0.15292394161224365,1
1789134853751477,0.3079090118408203,1
1789134853751477,0.3079090118408203,1
1789134853751477,0.3079090118408203,1
1789134853751477,0.3079090118408203,1
1789134853751477,0.3079090118408203,1
1789134853799477,-0.10661101341247559,1
1789134853811477,-0.253568172454834,1
1789134853811477,-0.253568172454834,1
1789134853811477,-0.253568172454834,1
1789134853811477,-0.253568172454834,1
1789134853847477,-0.08432245254516602,1
1789134853859477,-0.006616830825805664,1
1789134853871477,0.1429692506790161,1
1789134853871477,0.1429692506790161,1
1789134853871477,0.1429692506790161,1
1789134853871477,0.1429692506790161,1
1789134853871477,0.1429692506790161,1
1789134853919477,-0.17196083068847656,1
1789134853931477,-0.2559387683868408,1
1789134853931477,-0.2559387683868408,1
1789134853931477,-0.2559387683868408,1
1789134853931477,-0.2559387683868408,1
1789134853931477,-0.2559387683868408,1
1789134853979477,-0.019520282745361328,1
1789134853991477,0.13399016857147217,1
1789134853991477,0.13399016857147217,1
1789134853991477,0.13399016857147217,1
1789134853991477,0.13399016857147217,1
1789134854027477,-0.026674509048461914,1
1789134854039477,-0.0911872386932373,1
1789134854051477,-0.015831708908081055,1
1789134854051477,-0.015831708908081055,1
1789134854051477,-0.015831708908081055,1
1789134854051477,-0.015831708908081055,1
1789134854051477,-0.015831708908081055,1
1789134854099477,0.26436567306518555,1
1789134854111477,0.2748616933822632,1
1789134854111477,0.2748616933822632,1
1789134854111477,0.2748616933822632,1
1789134854111477,0.2748616933822632,1
1789134854111477,0.2748616933822632,1
1789134854159477,-0.14716482162475586,1
1789134854171477,-0.22850537300109863,1
1789134854171477,-0.22850537300109863,1
1789134854171477,-0.22850537300109863,1
1789134854171477,-0.22850537300109863,1
1789134854207477,0.04080688953399658,1
1789134854219477,0.06412684917449951,1
1789134854231477,-0.10502934455871582,1
1789134854231477,-0.10502934455871582,1
1789134854231477,-0.10502934455871582,1
1789134854231477,-0.10502934455871582,1
1789134854231477,-0.10502934455871582,1
1789134854279477,0.12025594711303711,1
1789134854291477,0.2094714641571045,1
1789134854291477,0.2094714641571045,1
1789134854291477,0.2094714641571045,1
1789134854291477,0.2094714641571045,1
1789134854291477,0.2094714641571045,1
1789134854339477,-0.1369645595550537,1
1789134854351477,-0.2815439701080322,1
1789134854351477,-0.2815439701080322,1
1789134854351477,-0.2815439701080322,1
1789134854351477,-0.2815439701080322,1
1789134854387477,-0.04513049125671387,1
1789134854399477,0.12241184711456299,1
1789134854411477,0.18922173976898193,1
1789134854411477,0.18922173976898193,1
1789134854411477,0.18922173976898193,1
1789134854411477,0.18922173976898193,1
1789134854411477,0.18922173976898193,1
1789134854459477,-0.13829755783081055,1
1789134854471477,-0.29240965843200684,1
1789134854471477,-0.29240965843200684,1
1789134854471631,-0.29240965843200684,1
1789134854471631,-0.29240965843200684,1
1789134854507631,-0.042256832122802734,1
1789134854519631,0.1381920576095581,1
1789134854531631,0.1896500587463379,1
1789134854531631,0.1896500587463379,1
1789134854531631,0.1896500587463379,1
1789134854531631,0.1896500587463379,1
1789134854531631,0.1896500587463379,1
1789134854579631,-0.11061787605285645,1
1789134854591631,-0.26330137252807617,1
1789134854591631,-0.26330137252807617,1
1789134854591631,-0.26330137252807617,1
1789134854591631,-0.26330137252807617,1
1789134854591631,-0.26330137252807617,1
1789134854639631,0.17695391178131104,1
1789134854651631,0.22812294960021973,1
1789134854651631,0.22812294960021973,1
1789134854651631,0.22812294960021973,1
1789134854651631,0.22812294960021973,1
1789134854651631,0.22812294960021973,1
1789134854699631,-0.10320925712585449,1
1789134854711631,-0.24226784706115723,1
1789134854711631,-0.24226784706115723,1
1789134854711631,-0.24226784706115723,1
1789134854711631,-0.24226784706115723,1
1789134854711631,-0.24226784706115723,1
1789134854759631,0.16325819492340088,1
1789134854771631,0.2434084415435791,1
1789134854771631,0.2434084415435791,1
1789134854771631,0.2434084415435791,1
1789134854771631,0.2434084415435791,1
1789134854771631,0.2434084415435791,1
1789134854819631,-0.13809561729431152,1
1789134854831631,-0.2883913516998291,1
1789134854831631,-0.2883913516998291,1
1789134854831631,-0.2883913516998291,1
1789134854855631,-0.1916203498840332,1
1789134854867631,-0.09928154945373535,1
1789134854879631,0.06495428085327148,1
1789134854891631,0.14726126194000244,1
1789134854891631,0.14726126194000244,1
1789134854891631,0.14726126194000244,1
1789134854891631,0.14726126194000244,1
1789134854891631,0.14726126194000244,1
1789134854939631,-0.22872376441955566,1
1789134854951631,-0.38413310050964355,1
1789134854951631,-0.38413310050964355,1
1789134854951631,-0.38413310050964355,1
1789134854951631,-0.38413310050964355,1
1789134854987631,-0.1597146987915039,1
1789134854999631,-0.015192747116088867,1
1789134855011631,0.060878634452819824,1
1789134855011631,0.060878634452819824,1
1789134855011631,0.060878634452819824,1
1789134855011631,0.060878634452819824,1
1789134855047631,-0.08833932876586914,1
1789134855059631,-0.1354374885559082,1
1789134855071631,0.0061511993408203125,1
1789134855071631,0.0061511993408203125,1
1789134855071631,0.0061511993408203125,1
1789134855071631,0.0061511993408203125,1
1789134855107631,0.34148120880126953,1
1789134855119631,0.3264462947845459,1
1789134855131631,0.23912405967712402,1
1789134855131631,0.23912405967712402,1
1789134855131631,0.23912405967712402,1
1789134855131631,0.23912405967712402,1
1789134855167631,-0.08527398109436035,1
1789134855179631,-0.13138604164123535,1
1789134855191631,-0.0019121170043945312,1
1789134855191631,-0.0019121170043945312,1
1789134855191631,-0.0019121170043945312,1
1789134855191631,-0.0019121170043945312,1
1789134855191631,-0.0019121170043945312,1
1789134855239631,0.5058193206787109,1
1789134855251631,0.5932588577270508,1
1789134855251631,0.5932588577270508,1
1789134855251631,0.5932588577270508,1
1789134855251631,0.5932588577270508,1
1789134855251631,0.5932588577270508,1
1789134855299631,0.2197890281677246,1
1789134855311631,0.14357483386993408,1
1789134855311631,0.14357483386993408,1
1789134855311631,0.14357483386993408,1
1789134855311631,0.14357483386993408,1
1789134855311631,0.14357483386993408,1
1789134855359631,-0.29944729804992676,1
1789134855371631,-0.3422420024871826,1
1789134855371631,-0.3422420024871826,1
1789134855371631,-0.3422420024871826,1
1789134855371631,-0.3422420024871826,1
1789134855371631,-0.3422420024871826,1
1789134855419631,-0.22649884223937988,1
1789134855431631,-0.06773829460144043,1
1789134855431631,-0.06773829460144043,1
1789134855431631,-0.06773829460144043,1
1789134855431631,-0.06773829460144043,1
1789134855467631,0.22302770614624023,1
1789134855479631,0.018756508827209473,1
1789134855491631,-0.04168510437011719,1
1789134855491785,-0.04168510437011719,1
1789134855491785,-0.04168510437011719,1
1789134855491785,-0.04168510437011719,1
1789134855527785,0.13864457607269287,1
1789134855539785,0.16119146347045898,1
1789134855551785,0.0001245737075805664,1
1789134855551785,0.0001245737075805664,1
1789134855551785,0.0001245737075805664,1
1789134855551785,0.0001245737075805664,1
1789134855587785,0.0804738998413086,1
1789134855599785,0.11553895473480225,1
1789134855611785,0.04056394100189209,1
1789134855611785,0.04056394100189209,1
1789134855611785,0.04056394100189209,1
1789134855611785,0.04056394100189209,1
1789134855611785,0.04056394100189209,1
1789134855659785,-0.23125791549682617,1
1789134855671785,-0.19005441665649414,1
1789134855671785,-0.19005441665649414,1
1789134855671785,-0.19005441665649414,1
1789134855671785,-0.19005441665649414,1
1789134855671785,-0.19005441665649414,1
1789134855719785,0.22869300842285156,1
1789134855731785,0.28492021560668945,1
1789134855731785,0.28492021560668945,1
1789134855731785,0.28492021560668945,1
1789134855731785,0.28492021560668945,1
1789134855731785,0.28492021560668945,1
1789134855779785,-0.0015633106231689453,1
1789134855791785,-0.14727354049682617,1
1789134855791785,-0.14727354049682617,1
1789134855791785,-0.14727354049682617,1
1789134855791785,-0.14727354049682617,1
1789134855827785,0.057654619216918945,1
1789134855839785,0.07761585712432861,1
1789134855851785,-0.003351449966430664,1
1789134855851785,-0.003351449966430664,1
1789134855851785,-0.003351449966430664,1
1789134855851785,-0.003351449966430664,1
1789134855851785,-0.003351449966430664,1
1789134855899785,0.12983572483062744,1
1789134855911785,0.32931363582611084,1
1789134855911785,0.32931363582611084,1
1789134855911785,0.32931363582611084,1
1789134855911785,0.32931363582611084,1
1789134855911785,0.32931363582611084,1
1789134855959785,-0.1501140594482422,1
1789134855971785,-0.24140381813049316,1
1789134855971785,-0.24140381813049316,1
1789134855971785,-0.24140381813049316,1
1789134855971785,-0.24140381813049316,1
1789134855971785,-0.24140381813049316,1
1789134856019785,-0.07018351554870605,1
1789134856031785,0.07138216495513916,1
1789134856031785,0.07138216495513916,1
1789134856031785,0.07138216495513916,1
1789134856055785,-0.0006966590881347656,1
1789134856055785,-0.0006966590881347656,1
1789134856079785,0.13328206539154053,1
1789134856091785,0.18902266025543213,1
1789134856091785,0.18902266025543213,1
1789134856091785,0.18902266025543213,1
1789134856091785,0.18902266025543213,1
1789134856091785,0.18902266025543213,1
1789134856139785,-0.14445829391479492,1
1789134856151785,-0.30898118019104004,1
1789134856151785,-0.30898118019104004,1
1789134856151785,-0.30898118019104004,1
1789134856151785,-0.30898118019104004,1
1789134856187785,0.008231163024902344,1
1789134856199785,0.1323760747909546,1
1789134856211785,0.3316549062728882,1
1789134856211785,0.3316549062728882,1
1789134856211785,0.3316549062728882,1
1789134856211785,0.3316549062728882,1
1789134856211785,0.3316549062728882,1
1789134856259785,-0.06646108627319336,1
1789134856271785,-0.21486496925354004,1
1789134856271785,-0.21486496925354004,1
1789134856271785,-0.21486496925354004,1
1789134856271785,-0.21486496925354004,1
1789134856271785,-0.21486496925354004,1
1789134856319785,0.1848686933517456,1
1789134856331785,0.24123620986938477,1
1789134856331785,0.24123620986938477,1
1789134856331785,0.24123620986938477,1
1789134856331785,0.24123620986938477,1
1789134856331785,0.24123620986938477,1
1789134856379785,-0.08475518226623535,1
1789134856391785,-0.2715904712677002,1
1789134856391785,-0.2715904712677002,1
1789134856391785,-0.2715904712677002,1
1789134856391785,-0.2715904712677002,1
1789134856427785,-0.1450941562652588,1
1789134856439785,0.004698753356933594,1
1789134856451785,0.11092925071716309,1
1789134856451785,0.11092925071716309,1
1789134856451785,0.11092925071716309,1
1789134856451785,0.11092925071716309,1
1789134856487785,-0.02027440071105957,1
1789134856499940,-0.05219006538391113,1
1789134856511940,0.03486800193786621,1
1789134856511940,0.03486800193786621,1
1789134856511940,0.03486800193786621,1
1789134856511940,0.03486800193786621,1
1789134856511940,0.03486800193786621,1
1789134856559940,-0.11162829399108887,1
1789134856571940,-0.14029407501220703,1
1789134856571940,-0.14029407501220703,1
1789134856571940,-0.14029407501220703,1
1789134856571940,-0.14029407501220703,1
1789134856571940,-0.14029407501220703,1
1789134856619940,0.2124335765838623,1
1789134856631940,0.3568652868270874,1
1789134856631940,0.3568652868270874,1
1789134856631940,0.3568652868270874,1
1789134856631940,0.3568652868270874,1
1789134856667940,0.027892589569091797,1
1789134856679940,-0.05666399002075195,1
1789134856691940,-0.10460686683654785,1
1789134856691940,-0.10460686683654785,1
1789134856691940,-0.10460686683654785,1
1789134856715940,0.037274718284606934,1
1789134856715940,0.037274718284606934,1
1789134856739940,-0.03668045997619629,1
1789134856751940,-0.08786511421203613,1
1789134856751940,-0.08786511421203613,1
1789134856751940,-0.08786511421203613,1
1789134856751940,-0.08786511421203613,1
1789134856787940,0.1840226650238037,1
1789134856799940,0.21848487854003906,1
1789134856811940,0.13521337509155273,1
1789134856811940,0.13521337509155273,1
1789134856811940,0.13521337509155273,1
1789134856811940,0.13521337509155273,1
1789134856847940,0.014406561851501465,1
1789134856859940,0.05596888065338135,1
1789134856871940,0.14231836795806885,1
1789134856871940,0.14231836795806885,1
1789134856871940,0.14231836795806885,1
1789134856871940,0.14231836795806885,1
1789134856907940,-0.1387643814086914,1
1789134856919940,-0.03393816947937012,1
1789134856931940,0.028124451637268066,1
1789134856931940,0.028124451637268066,1
1789134856931940,0.028124451637268066,1
1789134856931940,0.028124451637268066,1
1789134856931940,0.028124451637268066,1
1789134856979940,-0.11315369606018066,1
1789134856991940,-0.06718969345092773,1
1789134856991940,-0.06718969345092773,1
1789134856991940,-0.06718969345092773,1
1789134856991940,-0.06718969345092773,1
1789134857027940,0.143868088722229,1
1789134857039940,0.20314013957977295,1
1789134857051940,0.11917030811309814,1
1789134857051940,0.11917030811309814,1
1789134857051940,0.11917030811309814,1
1789134857051940,0.11917030811309814,1
1789134857051940,0.11917030811309814,1
1789134857099940,-0.3122549057006836,1
1789134857111940,-0.4721245765686035,1
1789134857111940,-0.4721245765686035,1
1789134857111940,-0.4721245765686035,1
1789134857111940,-0.4721245765686035,1
1789134857147940,-0.29494595527648926,1
1789134857159940,-0.14258170127868652,1
1789134857171940,-0.09102821350097656,1
1789134857171940,-0.09102821350097656,1
1789134857171940,-0.09102821350097656,1
1789134857171940,-0.09102821350097656,1
1789134857171940,-0.09102821350097656,1
1789134857219940,0.07280921936035156,1
1789134857231940,0.06331825256347656,1
1789134857231940,0.06331825256347656,1
1789134857231940,0.06331825256347656,1
1789134857231940,0.06331825256347656,1
1789134857267940,-0.1877884864807129,1
1789134857279940,-0.26792359352111816,1
1789134857291940,-0.20228028297424316,1
1789134857291940,-0.20228028297424316,1
1789134857291940,-0.20228028297424316,1
1789134857291940,-0.20228028297424316,1
1789134857291940,-0.20228028297424316,1
1789134857339940,0.2596787214279175,1
1789134857351940,0.41864991188049316,1
1789134857351940,0.41864991188049316,1
1789134857351940,0.41864991188049316,1
1789134857351940,0.41864991188049316,1
1789134857351940,0.41864991188049316,1
1789134857399940,-0.08887147903442383,1
1789134857411940,-0.1674058437347412,1
1789134857411940,-0.1674058437347412,1
1789134857411940,-0.1674058437347412,1
1789134857411940,-0.1674058437347412,1
1789134857411940,-0.1674058437347412,1
1789134857459940,-0.006135702133178711,1
1789134857471940,0.12636756896972656,1
1789134857471940,0.12636756896972656,1
1789134857471940,0.12636756896972656,1
1789134857471940,0.12636756896972656,1
1789134857508096,-0.04645061492919922,1
1789134857520096,-0.10378456115722656,1
1789134857532096,-0.04259824752807617,1
1789134857532096,-0.04259824752807617,1
1789134857532096,-0.04259824752807617,1
1789134857532096,-0.04259824752807617,1
1789134857532096,-0.04259824752807617,1
1789134857580096,0.2305889129638672,1
1789134857592096,0.386813759803772,1
1789134857592096,0.386813759803772,1
1789134857592096,0.386813759803772,1
1789134857592096,0.386813759803772,1
1789134857628096,0.06937313079833984,1
1789134857640096,0.006004452705383301,1
1789134857652096,-0.04671788215637207,1
1789134857652096,-0.04671788215637207,1
1789134857652096,-0.04671788215637207,1
1789134857652096,-0.04671788215637207,1
1789134857652096,-0.04671788215637207,1
1789134857700096,0.25609076023101807,1
1789134857712096,0.4251840114593506,1
1789134857712096,0.4251840114593506,1
1789134857712096,0.4251840114593506,1
1789134857712096,0.4251840114593506,1
1789134857712096,0.4251840114593506,1
1789134857760096,0.07583034038543701,1
1789134857772096,-0.0024962425231933594,1
1789134857772096,-0.0024962425231933594,1
1789134857772096,-0.0024962425231933594,1
1789134857772096,-0.0024962425231933594,1
1789134857808096,0.17737019062042236,1
1789134857820096,0.17666184902191162,1
1789134857832096,0.04966104030609131,1
1789134857832096,0.04966104030609131,1
1789134857832096,0.04966104030609131,1
1789134857832096,0.04966104030609131,1
1789134857868096,-0.2295241355895996,1
1789134857880096,-0.31555938720703125,1
1789134857892096,-0.24906182289123535,1
1789134857892096,-0.24906182289123535,1
1789134857892096,-0.24906182289123535,1
1789134857892096,-0.24906182289123535,1
1789134857892096,-0.24906182289123535,1
1789134857940096,0.22185063362121582,1
1789134857952096,0.21090948581695557,1
1789134857952096,0.21090948581695557,1
1789134857952096,0.21090948581695557,1
1789134857952096,0.21090948581695557,1
1789134857952096,0.21090948581695557,1
1789134858000096,-0.13560247421264648,1
1789134858012096,-0.18782711029052734,1
1789134858012096,-0.18782711029052734,1
1789134858012096,-0.18782711029052734,1
1789134858012096,-0.18782711029052734,1
1789134858048096,0.034111738204956055,1
1789134858060096,0.09365713596343994,1
1789134858072096,0.07943153381347656,1
1789134858072096,0.07943153381347656,1
1789134858072096,0.07943153381347656,1
1789134858072096,0.07943153381347656,1
1789134858072096,0.07943153381347656,1
1789134858120096,-0.3774111270904541,1
1789134858132096,-0.46850061416625977,1
1789134858132096,-0.46850061416625977,1
1789134858132096,-0.46850061416625977,1
1789134858132096,-0.46850061416625977,1
1789134858168096,-0.2062397003173828,1
1789134858180096,-0.1476607322692871,1
1789134858192096,0.009901046752929688,1
1789134858192096,0.009901046752929688,1
1789134858192096,0.009901046752929688,1
1789134858192096,0.009901046752929688,1
1789134858192096,0.009901046752929688,1
1789134858240096,0.4268554449081421,1
1789134858252096,0.4504871368408203,1
1789134858252096,0.4504871368408203,1
1789134858252096,0.4504871368408203,1
1789134858252096,0.4504871368408203,1
1789134858252096,0.4504871368408203,1
1789134858300096,0.0750129222869873,1
1789134858312096,-0.14011478424072266,1
1789134858312096,-0.14011478424072266,1
1789134858312096,-0.14011478424072266,1
1789134858312096,-0.14011478424072266,1
1789134858312096,-0.14011478424072266,1
1789134858360096,0.1296708583831787,1
1789134858372096,0.1980445384979248,1
1789134858372096,0.1980445384979248,1
1789134858372096,0.1980445384979248,1
1789134858372096,0.1980445384979248,1
1789134858372096,0.1980445384979248,1
1789134858420096,-0.18337154388427734,1
1789134858432096,-0.3500556945800781,1
1789134858432096,-0.3500556945800781,1
1789134858432096,-0.3500556945800781,1
1789134858432096,-0.3500556945800781,1
1789134858468096,-0.17000961303710938,1
1789134858480096,-0.011050701141357422,1
1789134858492096,0.0274583101272583,1
1789134858492096,0.0274583101272583,1
1789134858492249,0.0274583101272583,1
1789134858492249,0.0274583101272583,1
1789134858492249,0.0274583101272583,1
1789134858540249,0.025199294090270996,1
1789134858552249,-0.010022163391113281,1
1789134858552249,-0.010022163391113281,1
1789134858552249,-0.010022163391113281,1
1789134858552249,-0.010022163391113281,1
1789134858552249,-0.010022163391113281,1
1789134858600249,0.23830389976501465,1
1789134858612249,0.2241382598876953,1
1789134858612249,0.2241382598876953,1
1789134858612249,0.2241382598876953,1
1789134858612249,0.2241382598876953,1
1789134858612249,0.2241382598876953,1
1789134858660249,-0.06800341606140137,1
1789134858672249,-0.15941309928894043,1
1789134858672249,-0.15941309928894043,1
1789134858672249,-0.15941309928894043,1
1789134858672249,-0.15941309928894043,1
1789134858672249,-0.15941309928894043,1
1789134858720249,0.1829831600189209,1
1789134858732249,0.27943742275238037,1
1789134858732249,0.27943742275238037,1
1789134858732249,0.27943742275238037,1
1789134858732249,0.27943742275238037,1
1789134858732249,0.27943742275238037,1
1789134858780249,0.015516161918640137,1
1789134858792249,-0.15897655487060547,1
1789134858792249,-0.15897655487060547,1
1789134858792249,-0.15897655487060547,1
1789134858792249,-0.15897655487060547,1
1789134858828249,-0.07201910018920898,1
1789134858840249,0.18544375896453857,1
1789134858852249,0.25319576263427734,1
1789134858852249,0.25319576263427734,1
1789134858852249,0.25319576263427734,1
1789134858852249,0.25319576263427734,1
1789134858852249,0.25319576263427734,1
1789134858900249,-0.09022641181945801,1
1789134858912249,-0.22983717918395996,1
1789134858912249,-0.22983717918395996,1
1789134858912249,-0.22983717918395996,1
1789134858912249,-0.22983717918395996,1
1789134858912249,-0.22983717918395996,1
1789134858960249,0.055371999740600586,1
1789134858972249,0.13384950160980225,1
1789134858972249,0.13384950160980225,1
1789134858972249,0.13384950160980225,1
1789134858972249,0.13384950160980225,1
1789134858972249,0.13384950160980225,1
1789134859020249,-0.23920202255249023,1
1789134859032249,-0.4043140411376953,1
1789134859032249,-0.4043140411376953,1
1789134859032249,-0.4043140411376953,1
1789134859032249,-0.4043140411376953,1
1789134859068249,-0.16344523429870605,1
1789134859080249,-0.015514612197875977,1
1789134859092249,0.06543302536010742,1
1789134859092249,0.06543302536010742,1
1789134859092249,0.06543302536010742,1
1789134859092249,0.06543302536010742,1
1789134859128249,-0.03404545783996582,1
1789134859140249,-0.09145951271057129,1
1789134859152249,0.05892002582550049,1
1789134859152249,0.05892002582550049,1
1789134859152249,0.05892002582550049,1
1789134859152249,0.05892002582550049,1
1789134859152249,0.05892002582550049,1
1789134859200249,0.0316309928894043,1
1789134859212249,-0.04537510871887207,1
1789134859212249,-0.04537510871887207,1
1789134859212249,-0.04537510871887207,1
1789134859212249,-0.04537510871887207,1
1789134859212249,-0.04537510871887207,1
1789134859260249,0.226914644241333,1
1789134859272249,0.38440215587615967,1
1789134859272249,0.38440215587615967,1
1789134859272249,0.38440215587615967,1
1789134859272249,0.38440215587615967,1
1789134859272249,0.38440215587615967,1
1789134859320249,-0.07780671119689941,1
1789134859332249,-0.13469314575195312,1
1789134859332249,-0.13469314575195312,1
1789134859332249,-0.13469314575195312,1
1789134859356249,-0.15651631355285645,1
1789134859368249,-0.008421659469604492,1
1789134859380249,0.07088613510131836,1
1789134859392249,0.21018683910369873,1
1789134859392249,0.21018683910369873,1
1789134859392249,0.21018683910369873,1
1789134859392249,0.21018683910369873,1
1789134859392249,0.21018683910369873,1
1789134859440249,-0.2610287666320801,1
1789134859452249,-0.3248443603515625,1
1789134859452249,-0.3248443603515625,1
1789134859452249,-0.3248443603515625,1
1789134859452249,-0.3248443603515625,1
1789134859488249,-0.06336760520935059,1
1789134859500249,0.008873343467712402,1
1789134859512249,0.16834282875061035,1
1789134859512403,0.16834282875061035,1
1789134859512403,0.16834282875061035,1
1789134859512403,0.16834282875061035,1
1789134859548403,-0.1314847469329834,1
1789134859560403,-0.22982525825500488,1
1789134859572403,-0.17403125762939453,1
1789134859572403,-0.17403125762939453,1
1789134859572403,-0.17403125762939453,1
1789134859572403,-0.17403125762939453,1
1789134859572403,-0.17403125762939453,1
1789134859620403,0.30715930461883545,1
1789134859632403,0.46095454692840576,1
1789134859632403,0.46095454692840576,1
1789134859632403,0.46095454692840576,1
1789134859632403,0.46095454692840576,1
1789134859668403,0.12513232231140137,1
1789134859680403,0.007382392883300781,1
1789134859692403,-0.0721898078918457,1
1789134859692403,-0.0721898078918457,1
1789134859692403,-0.0721898078918457,1
1789134859692403,-0.0721898078918457,1
1789134859692403,-0.0721898078918457,1
1789134859740403,0.253393292427063,1
1789134859752403,0.4118843078613281,1
1789134859752403,0.4118843078613281,1
1789134859752403,0.4118843078613281,1
1789134859752403,0.4118843078613281,1
1789134859788403,0.09696066379547119,1
1789134859800403,-0.05922532081604004,1
1789134859812403,-0.07456803321838379,1
1789134859812403,-0.07456803321838379,1
1789134859812403,-0.07456803321838379,1
1789134859812403,-0.07456803321838379,1
1789134859812403,-0.07456803321838379,1
1789134859860403,0.2351282835006714,1
1789134859872403,0.39869606494903564,1
1789134859872403,0.39869606494903564,1
1789134859872403,0.39869606494903564,1
1789134859872403,0.39869606494903564,1
1789134859908403,0.0788884162902832,1
1789134859920403,-0.02288031578063965,1
1789134859932403,-0.04471850395202637,1
1789134859932403,-0.04471850395202637,1
1789134859932403,-0.04471850395202637,1
1789134859932403,-0.04471850395202637,1
1789134859932403,-0.04471850395202637,1
1789134859980403,0.011648297309875488,1
1789134859992403,0.16244590282440186,1
1789134859992403,0.16244590282440186,1
1789134859992403,0.16244590282440186,1
1789134859992403,0.16244590282440186,1
1789134859992403,0.16244590282440186,1
1789134860040403,-0.2409191131591797,1
1789134860052403,-0.31757020950317383,1
1789134860052403,-0.31757020950317383,1
1789134860052403,-0.31757020950317383,1
1789134860052403,-0.31757020950317383,1
1789134860052403,-0.31757020950317383,1
1789134860100403,-0.04440116882324219,1
1789134860112403,0.1061553955078125,1
1789134860112403,0.1061553955078125,1
1789134860112403,0.1061553955078125,1
1789134860112403,0.1061553955078125,1
1789134860148403,-0.026973962783813477,1
1789134860160403,-0.08122873306274414,1
1789134860172403,-0.0041201114654541016,1
1789134860172403,-0.0041201114654541016,1
1789134860172403,-0.0041201114654541016,1
1789134860172403,-0.0041201114654541016,1
1789134860172403,-0.0041201114654541016,1
1789134860220403,0.24290907382965088,1
1789134860232403,0.26782703399658203,1
1789134860232403,0.26782703399658203,1
1789134860232403,0.26782703399658203,1
1789134860232403,0.26782703399658203,1
1789134860268403,-0.039418935775756836,1
1789134860280403,-0.1257953643798828,1
1789134860292403,-0.12404680252075195,1
1789134860292403,-0.12404680252075195,1
1789134860292403,-0.12404680252075195,1
1789134860292403,-0.12404680252075195,1
1789134860292403,-0.12404680252075195,1
1789134860340403,0.3840733766555786,1
1789134860352403,0.5442650318145752,1
1789134860352403,0.5442650318145752,1
1789134860352403,0.5442650318145752,1
1789134860352403,0.5442650318145752,1
1789134860352403,0.5442650318145752,1
1789134860400403,0.0333249568939209,1
1789134860412403,-0.04533028602600098,1
1789134860412403,-0.04533028602600098,1
1789134860412403,-0.04533028602600098,1
1789134860412403,-0.04533028602600098,1
1789134860448403,0.04391896724700928,1
1789134860460403,0.0781017541885376,1
1789134860472403,-0.07043027877807617,1
1789134860472403,-0.07043027877807617,1
1789134860472403,-0.07043027877807617,1
1789134860472403,-0.07043027877807617,1
1789134860508403,0.017768502235412598,1
1789134860520556,0.05136406421661377,1
1789134860532556,0.02555835247039795,1
1789134860532556,0.02555835247039795,1
1789134860532556,0.02555835247039795,1
1789134860532556,0.02555835247039795,1
1789134860532556,0.02555835247039795,1
1789134860580556,-0.0762166976928711,1
1789134860592556,-0.08035969734191895,1
1789134860592556,-0.08035969734191895,1
1789134860592556,-0.08035969734191895,1
1789134860592556,-0.08035969734191895,1
1789134860592556,-0.08035969734191895,1
1789134860640556,0.021202445030212402,1
1789134860652556,0.10557138919830322,1
1789134860652556,0.10557138919830322,1
1789134860652556,0.10557138919830322,1
1789134860652556,0.10557138919830322,1
1789134860652556,0.10557138919830322,1
1789134860700556,-0.265714168548584,1
1789134860712556,-0.4164111614227295,1
1789134860712556,-0.4164111614227295,1
1789134860712556,-0.4164111614227295,1
1789134860712556,-0.4164111614227295,1
1789134860712556,-0.4164111614227295,1
1789134860760556,-0.039359092712402344,1
1789134860772556,0.03638577461242676,1
1789134860772556,0.03638577461242676,1
1789134860772556,0.03638577461242676,1
1789134860772556,0.03638577461242676,1
1789134860808556,-0.11256051063537598,1
1789134860820556,-0.16118431091308594,1
1789134860832556,-0.017876386642456055,1
1789134860832556,-0.017876386642456055,1
1789134860832556,-0.017876386642456055,1
1789134860832556,-0.017876386642456055,1
1789134860868556,0.3280963897705078,1
1789134860880556,0.3606480360031128,1
1789134860892556,0.27432000637054443,1
1789134860892556,0.27432000637054443,1
1789134860892556,0.27432000637054443,1
1789134860892556,0.27432000637054443,1
1789134860892556,0.27432000637054443,1
1789134860940556,-0.1926429271697998,1
1789134860952556,-0.3428339958190918,1
1789134860952556,-0.3428339958190918,1
1789134860952556,-0.3428339958190918,1
1789134860952556,-0.3428339958190918,1
1789134860988556,-0.1041417121887207,1
1789134861000556,0.047916412353515625,1
1789134861012556,0.13429081439971924,1
1789134861012556,0.13429081439971924,1
1789134861012556,0.13429081439971924,1
1789134861012556,0.13429081439971924,1
1789134861048556,-0.14548444747924805,1
1789134861060556,-0.19591593742370605,1
1789134861072556,-0.0476841926574707,1
1789134861072556,-0.0476841926574707,1
1789134861072556,-0.0476841926574707,1
1789134861072556,-0.0476841926574707,1
1789134861108556,0.309157133102417,1
1789134861120556,0.3578531742095947,1
1789134861132556,0.2714354991912842,1
1789134861132556,0.2714354991912842,1
1789134861132556,0.2714354991912842,1
1789134861132556,0.2714354991912842,1
1789134861132556,0.2714354991912842,1
1789134861180556,-0.1589524745941162,1
1789134861192556,-0.2909724712371826,1
1789134861192556,-0.2909724712371826,1
1789134861192556,-0.2909724712371826,1
1789134861192556,-0.2909724712371826,1
1789134861228556,0.007287502288818359,1
1789134861240556,0.15953826904296875,1
1789134861252556,0.2424403429031372,1
1789134861252556,0.2424403429031372,1
1789134861252556,0.2424403429031372,1
1789134861252556,0.2424403429031372,1
1789134861252556,0.2424403429031372,1
1789134861300556,-0.10715293884277344,1
1789134861312556,-0.2418961524963379,1
1789134861312556,-0.2418961524963379,1
1789134861312556,-0.2418961524963379,1
1789134861336556,-0.09064984321594238,1
1789134861336556,-0.09064984321594238,1
1789134861360556,0.2086317539215088,1
1789134861372556,0.29981565475463867,1
1789134861372556,0.29981565475463867,1
1789134861372556,0.29981565475463867,1
1789134861372556,0.29981565475463867,1
1789134861372556,0.29981565475463867,1
1789134861420556,-0.012410163879394531,1
1789134861432556,-0.17411541938781738,1
1789134861432556,-0.17411541938781738,1
1789134861432556,-0.17411541938781738,1
1789134861432556,-0.17411541938781738,1
1789134861468556,0.02961599826812744,1
1789134861480556,0.1948697566986084,1
1789134861492556,0.2063840627670288,1
1789134861492556,0.2063840627670288,1
1789134861492556,0.2063840627670288,1
1789134861492709,0.2063840627670288,1
1789134861492709,0.2063840627670288,1
1789134861540709,0.04400503635406494,1
1789134861552709,-0.12378621101379395,1
1789134861552709,-0.12378621101379395,1
1789134861552709,-0.12378621101379395,1
1789134861552709,-0.12378621101379395,1
1789134861588709,0.08822786808013916,1
1789134861600709,0.10197758674621582,1
1789134861612709,0.012712240219116211,1
1789134861612709,0.012712240219116211,1
1789134861612709,0.012712240219116211,1
1789134861612709,0.012712240219116211,1
1789134861612709,0.012712240219116211,1
1789134861660709,0.20914959907531738,1
1789134861672709,0.40192294120788574,1
1789134861672709,0.40192294120788574,1
1789134861672709,0.40192294120788574,1
1789134861672709,0.40192294120788574,1
1789134861672709,0.40192294120788574,1
1789134861720709,-0.11693143844604492,1
1789134861732709,-0.19544219970703125,1
1789134861732709,-0.19544219970703125,1
1789134861732709,-0.19544219970703125,1
1789134861732709,-0.19544219970703125,1
1789134861768709,-0.0930640697479248,1
1789134861780709,-0.022144317626953125,1
1789134861792709,0.12669885158538818,1
1789134861792709,0.12669885158538818,1
1789134861792709,0.12669885158538818,1
1789134861792709,0.12669885158538818,1
1789134861792709,0.12669885158538818,1
1789134861840709,-0.1895751953125,1
1789134861852709,-0.27002859115600586,1
1789134861852709,-0.27002859115600586,1
1789134861852709,-0.27002859115600586,1
1789134861852709,-0.27002859115600586,1
1789134861852709,-0.27002859115600586,1
1789134861900709,0.0168612003326416,1
1789134861912709,0.15867769718170166,1
1789134861912709,0.15867769718170166,1
1789134861912709,0.15867769718170166,1
1789134861912709,0.15867769718170166,1
1789134861912709,0.15867769718170166,1
1789134861960709,-0.19408297538757324,1
1789134861972709,-0.28299546241760254,1
1789134861972709,-0.28299546241760254,1
1789134861972709,-0.28299546241760254,1
1789134861972709,-0.28299546241760254,1
1789134861972709,-0.28299546241760254,1
1789134862020709,0.10927808284759521,1
1789134862032709,0.2503776550292969,1
1789134862032709,0.2503776550292969,1
1789134862032709,0.2503776550292969,1
1789134862032709,0.2503776550292969,1
1789134862068709,-0.07945704460144043,1
1789134862080709,-0.03567075729370117,1
1789134862092709,0.01806926727294922,1
1789134862092709,0.01806926727294922,1
1789134862092709,0.01806926727294922,1
1789134862092709,0.01806926727294922,1
1789134862128709,0.3559122085571289,1
1789134862140709,0.31634461879730225,1
1789134862152709,0.1400676965713501,1
1789134862152709,0.1400676965713501,1
1789134862152709,0.1400676965713501,1
1789134862152709,0.1400676965713501,1
1789134862188709,0.0011924505233764648,1
1789134862200709,-0.03206300735473633,1
1789134862212709,0.04277169704437256,1
1789134862212709,0.04277169704437256,1
1789134862212709,0.04277169704437256,1
1789134862212709,0.04277169704437256,1
1789134862212709,0.04277169704437256,1
1789134862260709,-0.06580567359924316,1
1789134862272709,0.020387768745422363,1
1789134862272709,0.020387768745422363,1
1789134862272709,0.020387768745422363,1
1789134862272709,0.020387768745422363,1
1789134862308709,0.23049449920654297,1
1789134862320709,0.19416189193725586,1
1789134862332709,0.10423195362091064,1
1789134862332709,0.10423195362091064,1
1789134862332709,0.10423195362091064,1
1789134862332709,0.10423195362091064,1
1789134862332709,0.10423195362091064,1
1789134862380709,-0.343944787979126,1
1789134862392709,-0.4958381652832031,1
1789134862392709,-0.4958381652832031,1
1789134862392709,-0.4958381652832031,1
1789134862392709,-0.4958381652832031,1
1789134862428709,-0.3352491855621338,1
1789134862440709,-0.2046668529510498,1
1789134862452709,-0.08744263648986816,1
1789134862452709,-0.08744263648986816,1
1789134862452709,-0.08744263648986816,1
1789134862452709,-0.08744263648986816,1
1789134862452709,-0.08744263648986816,1
1789134862500709,0.05340218544006348,1
1789134862512709,0.15095901489257812,1
1789134862512709,0.15095901489257812,1
1789134862512862,0.15095901489257812,1
1789134862512862,0.15095901489257812,1
1789134862548862,-0.08639788627624512,1
1789134862560862,-0.18299150466918945,1
1789134862572862,-0.12792062759399414,1
1789134862572862,-0.12792062759399414,1
1789134862572862,-0.12792062759399414,1
1789134862572862,-0.12792062759399414,1
1789134862572862,-0.12792062759399414,1
1789134862620862,0.28033149242401123,1
1789134862632862,0.42574453353881836,1
1789134862632862,0.42574453353881836,1
1789134862632862,0.42574453353881836,1
1789134862632862,0.42574453353881836,1
1789134862632862,0.42574453353881836,1
1789134862680862,-0.03149747848510742,1
1789134862692862,-0.04861617088317871,1
1789134862692862,-0.04861617088317871,1
1789134862692862,-0.04861617088317871,1
1789134862692862,-0.04861617088317871,1
1789134862692862,-0.04861617088317871,1
1789134862740862,0.06290209293365479,1
1789134862752862,0.24629735946655273,1
1789134862752862,0.24629735946655273,1
1789134862752862,0.24629735946655273,1
1789134862752862,0.24629735946655273,1
1789134862788862,-0.023630142211914062,1
1789134862800862,-0.0798192024230957,1
1789134862812862,0.020952582359313965,1
1789134862812862,0.020952582359313965,1
1789134862812862,0.020952582359313965,1
1789134862812862,0.020952582359313965,1
1789134862812862,0.020952582359313965,1
1789134862860862,0.09943461418151855,1
1789134862872862,0.1280277967453003,1
1789134862872862,0.1280277967453003,1
1789134862872862,0.1280277967453003,1
1789134862872862,0.1280277967453003,1
1789134862872862,0.1280277967453003,1
1789134862920862,-0.29999327659606934,1
1789134862932862,-0.3676180839538574,1
1789134862932862,-0.3676180839538574,1
1789134862932862,-0.3676180839538574,1
1789134862932862,-0.3676180839538574,1
1789134862932862,-0.3676180839538574,1
1789134862980862,-0.07856535911560059,1
1789134862992862,0.06442856788635254,1
1789134862992862,0.06442856788635254,1
1789134862992862,0.06442856788635254,1
1789134862992862,0.06442856788635254,1
1789134863028862,-0.10068511962890625,1
1789134863040862,-0.23537755012512207,1
1789134863052862,-0.26382017135620117,1
1789134863052862,-0.26382017135620117,1
1789134863052862,-0.26382017135620117,1
1789134863052862,-0.26382017135620117,1
1789134863088862,0.05676877498626709,1
1789134863100862,0.11222732067108154,1
1789134863112862,-0.05573225021362305,1
1789134863112862,-0.05573225021362305,1
1789134863112862,-0.05573225021362305,1
1789134863112862,-0.05573225021362305,1
1789134863112862,-0.05573225021362305,1
1789134863160862,0.21766948699951172,1
1789134863172862,0.28388679027557373,1
1789134863172862,0.28388679027557373,1
1789134863172862,0.28388679027557373,1
1789134863172862,0.28388679027557373,1
1789134863172862,0.28388679027557373,1
1789134863220862,-0.09759330749511719,1
1789134863232862,-0.2583029270172119,1
1789134863232862,-0.2583029270172119,1
1789134863232862,-0.2583029270172119,1
1789134863232862,-0.2583029270172119,1
1789134863232862,-0.2583029270172119,1
1789134863280862,0.011429190635681152,1
1789134863292862,0.08315300941467285,1
1789134863292862,0.08315300941467285,1
1789134863292862,0.08315300941467285,1
1789134863292862,0.08315300941467285,1
1789134863292862,0.08315300941467285,1
1789134863340862,-0.005894184112548828,1
1789134863352862,-0.1780707836151123,1
1789134863352862,-0.1780707836151123,1
1789134863352862,-0.1780707836151123,1
1789134863352862,-0.1780707836151123,1
1789134863388862,0.032277584075927734,1
1789134863400862,0.09404850006103516,1
1789134863412862,0.01486968994140625,1
1789134863412862,0.01486968994140625,1
1789134863412862,0.01486968994140625,1
1789134863412862,0.01486968994140625,1
1789134863448862,0.06287956237792969,1
1789134863460862,-0.010422468185424805,1
1789134863472862,-0.1538388729095459,1
1789134863472862,-0.1538388729095459,1
1789134863472862,-0.1538388729095459,1
1789134863472862,-0.1538388729095459,1
1789134863472862,-0.1538388729095459,1
1789134863520862,0.16571009159088135,1
1789134863532862,0.2394721508026123,1
1789134863533015,0.2394721508026123,1
1789134863533015,0.2394721508026123,1
1789134863533015,0.2394721508026123,1
1789134863533015,0.2394721508026123,1
1789134863581015,-0.06976723670959473,1
1789134863593015,-0.2274150848388672,1
1789134863593015,-0.2274150848388672,1
1789134863593015,-0.2274150848388672,1
1789134863593015,-0.2274150848388672,1
1789134863593015,-0.2274150848388672,1
1789134863641015,0.10795438289642334,1
1789134863653015,0.18751442432403564,1
1789134863653015,0.18751442432403564,1
1789134863653015,0.18751442432403564,1
1789134863653015,0.18751442432403564,1
1789134863653015,0.18751442432403564,1
1789134863701015,-0.12669754028320312,1
1789134863713015,-0.27161550521850586,1
1789134863713015,-0.27161550521850586,1
1789134863713015,-0.27161550521850586,1
1789134863713015,-0.27161550521850586,1
1789134863749015,-0.03198122978210449,1
1789134863761015,0.10558879375457764,1
1789134863773015,0.1663140058517456,1
1789134863773015,0.1663140058517456,1
1789134863773015,0.1663140058517456,1
1789134863773015,0.1663140058517456,1
1789134863773015,0.1663140058517456,1
1789134863821015,-0.07281231880187988,1
1789134863833015,-0.24271440505981445,1
1789134863833015,-0.24271440505981445,1
1789134863833015,-0.24271440505981445,1
1789134863833015,-0.24271440505981445,1
1789134863869015,-0.11870455741882324,1
1789134863881015,0.03595840930938721,1
1789134863893015,0.08788228034973145,1
1789134863893015,0.08788228034973145,1
1789134863893015,0.08788228034973145,1
1789134863893015,0.08788228034973145,1
1789134863893015,0.08788228034973145,1
1789134863941015,-0.18071556091308594,1
1789134863953015,-0.3012254238128662,1
1789134863953015,-0.3012254238128662,1
1789134863953015,-0.3012254238128662,1
1789134863953015,-0.3012254238128662,1
1789134863953015,-0.3012254238128662,1
1789134864001015,0.08622801303863525,1
1789134864013015,0.1919475793838501,1
1789134864013015,0.1919475793838501,1
1789134864013015,0.1919475793838501,1
1789134864013015,0.1919475793838501,1
1789134864049015,-0.13451457023620605,1
1789134864061015,-0.16870427131652832,1
1789134864073015,-0.12259769439697266,1
1789134864073015,-0.12259769439697266,1
1789134864073015,-0.12259769439697266,1
1789134864073015,-0.12259769439697266,1
1789134864109015,0.2443171739578247,1
1789134864121015,0.28230321407318115,1
1789134864133015,0.19412314891815186,1
1789134864133015,0.19412314891815186,1
1789134864133015,0.19412314891815186,1
1789134864133015,0.19412314891815186,1
1789134864133015,0.19412314891815186,1
1789134864181015,-0.012040853500366211,1
1789134864193015,-0.13825464248657227,1
1789134864193015,-0.13825464248657227,1
1789134864193015,-0.13825464248657227,1
1789134864193015,-0.13825464248657227,1
1789134864229015,0.06365883350372314,1
1789134864241015,0.07015585899353027,1
1789134864253015,0.0024477243423461914,1
1789134864253015,0.0024477243423461914,1
1789134864253015,0.0024477243423461914,1
1789134864253015,0.0024477243423461914,1
1789134864253015,0.0024477243423461914,1
1789134864301015,0.2423955202102661,1
1789134864313015,0.33910441398620605,1
1789134864313015,0.33910441398620605,1
1789134864313015,0.33910441398620605,1
1789134864313015,0.33910441398620605,1
1789134864349015,0.0430372953414917,1
1789134864361015,-0.0564877986907959,1
1789134864373015,-0.060659170150756836,1
1789134864373015,-0.060659170150756836,1
1789134864373015,-0.060659170150756836,1
1789134864373015,-0.060659170150756836,1
1789134864409015,0.1083672046661377,1
1789134864421015,0.026145339012145996,1
1789134864433015,-0.11406087875366211,1
1789134864433015,-0.11406087875366211,1
1789134864433015,-0.11406087875366211,1
1789134864433015,-0.11406087875366211,1
1789134864433015,-0.11406087875366211,1
1789134864481015,0.025025129318237305,1
1789134864493015,0.09856486320495605,1
1789134864493015,0.09856486320495605,1
1789134864493015,0.09856486320495605,1
1789134864493015,0.09856486320495605,1
1789134864493015,0.09856486320495605,1
1789134864541169,-0.22792339324951172,1
1789134864553169,-0.38858652114868164,1
1789134864553169,-0.38858652114868164,1
1789134864553169,-0.38858652114868164,1
1789134864553169,-0.38858652114868164,1
1789134864589169,-0.17673778533935547,1
1789134864601169,-0.0307769775390625,1
1789134864613169,0.033978819847106934,1
1789134864613169,0.033978819847106934,1
1789134864613169,0.033978819847106934,1
1789134864613169,0.033978819847106934,1
1789134864613169,0.033978819847106934,1
1789134864661169,-0.09753894805908203,1
1789134864673169,-0.08630704879760742,1
1789134864673169,-0.08630704879760742,1
1789134864673169,-0.08630704879760742,1
1789134864673169,-0.08630704879760742,1
1789134864709169,0.11329591274261475,1
1789134864721169,-0.06751728057861328,1
1789134864733169,-0.13327813148498535,1
1789134864733169,-0.13327813148498535,1
1789134864733169,-0.13327813148498535,1
1789134864733169,-0.13327813148498535,1
1789134864769169,0.045731306076049805,1
1789134864781169,0.0845416784286499,1
1789134864793169,-0.08604192733764648,1
1789134864793169,-0.08604192733764648,1
1789134864793169,-0.08604192733764648,1
1789134864793169,-0.08604192733764648,1
1789134864829169,-0.04550933837890625,1
1789134864841169,0.09105372428894043,1
1789134864853169,0.17177033424377441,1
1789134864853169,0.17177033424377441,1
1789134864853169,0.17177033424377441,1
1789134864853169,0.17177033424377441,1
1789134864889169,-0.10442972183227539,1
1789134864901169,-0.15802669525146484,1
1789134864913169,-0.09731554985046387,1
1789134864913169,-0.09731554985046387,1
1789134864913169,-0.09731554985046387,1
1789134864913169,-0.09731554985046387,1
1789134864913169,-0.09731554985046387,1
1789134864961169,0.3709146976470947,1
1789134864973169,0.4507777690887451,1
1789134864973169,0.4507777690887451,1
1789134864973169,0.4507777690887451,1
1789134864973169,0.4507777690887451,1
1789134864973169,0.4507777690887451,1
1789134865021169,0.035307884216308594,1
1789134865033169,-0.13307642936706543,1
1789134865033169,-0.13307642936706543,1
1789134865033169,-0.13307642936706543,1
1789134865033169,-0.13307642936706543,1
1789134865069169,0.09887444972991943,1
1789134865081169,0.12655460834503174,1
1789134865093169,0.03810560703277588,1
1789134865093169,0.03810560703277588,1
1789134865093169,0.03810560703277588,1
1789134865093169,0.03810560703277588,1
1789134865093169,0.03810560703277588,1
1789134865141169,-0.17290711402893066,1
1789134865153169,-0.10870218276977539,1
1789134865153169,-0.10870218276977539,1
1789134865153169,-0.10870218276977539,1
1789134865153169,-0.10870218276977539,1
1789134865189169,0.19574153423309326,1
1789134865201169,0.34268152713775635,1
1789134865213169,0.21808815002441406,1
1789134865213169,0.21808815002441406,1
1789134865213169,0.21808815002441406,1
1789134865213169,0.21808815002441406,1
1789134865213169,0.21808815002441406,1
1789134865261169,-0.03540301322937012,1
1789134865273169,-0.21021008491516113,1
1789134865273169,-0.21021008491516113,1
1789134865273169,-0.21021008491516113,1
1789134865297169,-0.10721611976623535,1
1789134865297169,-0.10721611976623535,1
1789134865321169,0.20347130298614502,1
1789134865333169,0.2834780216217041,1
1789134865333169,0.2834780216217041,1
1789134865333169,0.2834780216217041,1
1789134865333169,0.2834780216217041,1
1789134865333169,0.2834780216217041,1
1789134865381169,-0.07870984077453613,1
1789134865393169,-0.23026466369628906,1
1789134865393169,-0.23026466369628906,1
1789134865393169,-0.23026466369628906,1
1789134865393169,-0.23026466369628906,1
1789134865429169,0.02680051326751709,1
1789134865441169,0.10918080806732178,1
1789134865453169,0.12246525287628174,1
1789134865453169,0.12246525287628174,1
1789134865453169,0.12246525287628174,1
1789134865453169,0.12246525287628174,1
1789134865453169,0.12246525287628174,1
1789134865501169,-0.1148674488067627,1
1789134865513169,-0.27686548233032227,1
1789134865513169,-0.27686548233032227,1
1789134865513169,-0.27686548233032227,1
1789134865513322,-0.27686548233032227,1
1789134865513322,-0.27686548233032227,1
1789134865561322,0.07490253448486328,1
1789134865573322,0.1589599847793579,1
1789134865573322,0.1589599847793579,1
1789134865573322,0.1589599847793579,1
1789134865573322,0.1589599847793579,1
1789134865573322,0.1589599847793579,1
1789134865621322,-0.23783445358276367,1
1789134865633322,-0.3932983875274658,1
1789134865633322,-0.3932983875274658,1
1789134865633322,-0.3932983875274658,1
1789134865633322,-0.3932983875274658,1
1789134865669322,-0.18125414848327637,1
1789134865681322,-0.03076314926147461,1
1789134865693322,0.045523643493652344,1
1789134865693322,0.045523643493652344,1
1789134865693322,0.045523643493652344,1
1789134865693322,0.045523643493652344,1
1789134865729322,-0.04110264778137207,1
1789134865741322,-0.06670498847961426,1
1789134865753322,0.08703672885894775,1
1789134865753322,0.08703672885894775,1
1789134865753322,0.08703672885894775,1
1789134865753322,0.08703672885894775,1
1789134865753322,0.08703672885894775,1
1789134865801322,-0.042386770248413086,1
1789134865813322,-0.11499333381652832,1
1789134865813322,-0.11499333381652832,1
1789134865813322,-0.11499333381652832,1
1789134865813322,-0.11499333381652832,1
1789134865813322,-0.11499333381652832,1
1789134865861322,0.18811142444610596,1
1789134865873322,0.3361772298812866,1
1789134865873322,0.3361772298812866,1
1789134865873322,0.3361772298812866,1
1789134865873322,0.3361772298812866,1
1789134865909322,-0.01639556884765625,1
1789134865921322,-0.08098506927490234,1
1789134865933322,-0.03957319259643555,1
1789134865933322,-0.03957319259643555,1
1789134865933322,-0.03957319259643555,1
1789134865933322,-0.03957319259643555,1
1789134865933322,-0.03957319259643555,1
1789134865981322,0.4053605794906616,1
1789134865993322,0.5581405162811279,1
1789134865993322,0.5581405162811279,1
1789134865993322,0.5581405162811279,1
1789134865993322,0.5581405162811279,1
1789134865993322,0.5581405162811279,1
1789134866041322,0.04870200157165527,1
1789134866053322,0.021014928817749023,1
1789134866053322,0.021014928817749023,1
1789134866053322,0.021014928817749023,1
1789134866053322,0.021014928817749023,1
1789134866089322,0.2529526948928833,1
1789134866101322,0.2653195858001709,1
1789134866113322,0.09853434562683105,1
1789134866113322,0.09853434562683105,1
1789134866113322,0.09853434562683105,1
1789134866113322,0.09853434562683105,1
1789134866113322,0.09853434562683105,1
1789134866161322,-0.2790515422821045,1
1789134866173322,-0.36825990676879883,1
1789134866173322,-0.36825990676879883,1
1789134866173322,-0.36825990676879883,1
1789134866173322,-0.36825990676879883,1
1789134866173322,-0.36825990676879883,1
1789134866221322,-0.07299542427062988,1
1789134866233322,0.06869089603424072,1
1789134866233322,0.06869089603424072,1
1789134866233322,0.06869089603424072,1
1789134866233322,0.06869089603424072,1
1789134866233322,0.06869089603424072,1
1789134866281322,-0.03503298759460449,1
1789134866293322,-0.10458755493164062,1
1789134866293322,-0.10458755493164062,1
1789134866293322,-0.10458755493164062,1
1789134866293322,-0.10458755493164062,1
1789134866293322,-0.10458755493164062,1
1789134866341322,0.18827831745147705,1
1789134866353322,0.2849752902984619,1
1789134866353322,0.2849752902984619,1
1789134866353322,0.2849752902984619,1
1789134866353322,0.2849752902984619,1
1789134866389322,-0.07286930084228516,1
1789134866401322,-0.1579906940460205,1
1789134866413322,-0.12054872512817383,1
1789134866413322,-0.12054872512817383,1
1789134866413322,-0.12054872512817383,1
1789134866413322,-0.12054872512817383,1
1789134866413322,-0.12054872512817383,1
1789134866461322,0.3133199214935303,1
1789134866473322,0.46157610416412354,1
1789134866473322,0.46157610416412354,1
1789134866473322,0.46157610416412354,1
1789134866473322,0.46157610416412354,1
1789134866473322,0.46157610416412354,1
1789134866521322,0.0034029483795166016,1
1789134866533322,-0.08462953567504883,1
1789134866533474,-0.08462953567504883,1
1789134866533474,-0.08462953567504883,1
1789134866533474,-0.08462953567504883,1
1789134866533474,-0.08462953567504883,1
1789134866581474,0.18303728103637695,1
1789134866593474,0.33131587505340576,1
1789134866593474,0.33131587505340576,1
1789134866593474,0.33131587505340576,1
1789134866593474,0.33131587505340576,1
1789134866593474,0.33131587505340576,1
1789134866641474,-0.1544349193572998,1
1789134866653474,-0.22782063484191895,1
1789134866653474,-0.22782063484191895,1
1789134866653474,-0.22782063484191895,1
1789134866653474,-0.22782063484191895,1
1789134866653474,-0.22782063484191895,1
1789134866701474,0.015793323516845703,1
1789134866713474,0.1543511152267456,1
1789134866713474,0.1543511152267456,1
1789134866713474,0.1543511152267456,1
1789134866713474,0.1543511152267456,1
1789134866749474,-0.026604175567626953,1
1789134866761474,-0.05035066604614258,1
1789134866773474,0.021364688873291016,1
1789134866773474,0.021364688873291016,1
1789134866773474,0.021364688873291016,1
1789134866773474,0.021364688873291016,1
1789134866773474,0.021364688873291016,1
1789134866821474,0.06979966163635254,1
1789134866833474,0.04285585880279541,1
1789134866833474,0.04285585880279541,1
1789134866833474,0.04285585880279541,1
1789134866833474,0.04285585880279541,1
1789134866869474,-0.222489595413208,1
1789134866881474,-0.18743324279785156,1
1789134866893474,-0.12633371353149414,1
1789134866893474,-0.12633371353149414,1
1789134866893474,-0.12633371353149414,1
1789134866893474,-0.12633371353149414,1
1789134866893474,-0.12633371353149414,1
1789134866941474,0.3184056282043457,1
1789134866953474,0.47646331787109375,1
1789134866953474,0.47646331787109375,1
1789134866953474,0.47646331787109375,1
1789134866953474,0.47646331787109375,1
1789134866989474,0.11997294425964355,1
1789134867001474,-0.038803815841674805,1
1789134867013474,-0.15836715698242188,1
1789134867013474,-0.15836715698242188,1
1789134867013474,-0.15836715698242188,1
1789134867013474,-0.15836715698242188,1
1789134867049474,-0.03459620475769043,1
1789134867061474,0.04016542434692383,1
1789134867061474,0.04016542434692383,1
1789134867061474,0.04016542434692383,1
1789134867061474,0.04016542434692383,1
1789134867061474,0.04016542434692383,1
1789134867061474,0.04016542434692383,1
1789134867121474,-0.20096564292907715,1
1789134867133474,-0.280353307723999,1
1789134867133474,-0.280353307723999,1
1789134867133474,-0.280353307723999,1
1789134867133474,-0.280353307723999,1
1789134867133474,-0.280353307723999,1
1789134867181474,0.02808082103729248,1
1789134867193474,0.17371141910552979,1
1789134867193474,0.17371141910552979,1
1789134867193474,0.17371141910552979,1
1789134867193474,0.17371141910552979,1
1789134867229474,-0.17677617073059082,1
1789134867241474,-0.2449028491973877,1
1789134867253474,-0.0974423885345459,1
1789134867253474,-0.0974423885345459,1
1789134867253474,-0.0974423885345459,1
1789134867277474,0.15385568141937256,1
1789134867277474,0.15385568141937256,1
1789134867301474,0.02437424659729004,1
1789134867313474,-0.12623953819274902,1
1789134867313474,-0.12623953819274902,1
1789134867313474,-0.12623953819274902,1
1789134867313474,-0.12623953819274902,1
1789134867349474,-0.049599409103393555,1
1789134867361474,0.09437108039855957,1
1789134867373474,0.169408917427063,1
1789134867373474,0.169408917427063,1
1789134867373474,0.169408917427063,1
1789134867373474,0.169408917427063,1
1789134867409474,-0.14247775077819824,1
1789134867421474,-0.19829702377319336,1
1789134867433474,-0.10959386825561523,1
1789134867433474,-0.10959386825561523,1
1789134867433474,-0.10959386825561523,1
1789134867433474,-0.10959386825561523,1
1789134867469474,0.21863329410552979,1
1789134867481474,0.24514782428741455,1
1789134867493474,0.1576378345489502,1
1789134867493474,0.1576378345489502,1
1789134867493474,0.1576378345489502,1
1789134867493474,0.1576378345489502,1
1789134867493474,0.1576378345489502,1
1789134867541625,-0.2360069751739502,1
1789134867553625,-0.36757445335388184,1
1789134867553625,-0.36757445335388184,1
1789134867553625,-0.36757445335388184,1
1789134867553625,-0.36757445335388184,1
1789134867553625,-0.36757445335388184,1
1789134867601625,-0.039067983627319336,1
1789134867613625,0.04225492477416992,1
1789134867613625,0.04225492477416992,1
1789134867613625,0.04225492477416992,1
1789134867613625,0.04225492477416992,1
1789134867613625,0.04225492477416992,1
1789134867661625,-0.1589040756225586,1
1789134867673625,-0.2968411445617676,1
1789134867673625,-0.2968411445617676,1
1789134867673625,-0.2968411445617676,1
1789134867673625,-0.2968411445617676,1
1789134867709625,-0.06295561790466309,1
1789134867721625,0.07753968238830566,1
1789134867733625,0.16314697265625,1
1789134867733625,0.16314697265625,1
1789134867733625,0.16314697265625,1
1789134867733625,0.16314697265625,1
1789134867733625,0.16314697265625,1
1789134867781625,-0.22836041450500488,1
1789134867793625,-0.4163031578063965,1
1789134867793625,-0.4163031578063965,1
1789134867793625,-0.4163031578063965,1
1789134867793625,-0.4163031578063965,1
1789134867829625,-0.23804450035095215,1
1789134867841625,-0.08134078979492188,1
1789134867853625,0.042667388916015625,1
1789134867853625,0.042667388916015625,1
1789134867853625,0.042667388916015625,1
1789134867853625,0.042667388916015625,1
1789134867853625,0.042667388916015625,1
1789134867901625,-0.20224308967590332,1
1789134867913625,-0.3569338321685791,1
1789134867913625,-0.3569338321685791,1
1789134867913625,-0.3569338321685791,1
1789134867913625,-0.3569338321685791,1
1789134867913625,-0.3569338321685791,1
1789134867961625,-0.0348200798034668,1
1789134867973625,0.047596096992492676,1
1789134867973625,0.047596096992492676,1
1789134867973625,0.047596096992492676,1
1789134867973625,0.047596096992492676,1
1789134867973625,0.047596096992492676,1
1789134868021625,-0.15735459327697754,1
1789134868033625,-0.3085296154022217,1
1789134868033625,-0.3085296154022217,1
1789134868033625,-0.3085296154022217,1
1789134868033625,-0.3085296154022217,1
1789134868069625,-0.10518407821655273,1
1789134868081625,0.03207719326019287,1
1789134868093625,0.11582016944885254,1
1789134868093625,0.11582016944885254,1
1789134868093625,0.11582016944885254,1
1789134868093625,0.11582016944885254,1
1789134868093625,0.11582016944885254,1
1789134868141625,-0.25452208518981934,1
1789134868153625,-0.39234471321105957,1
1789134868153625,-0.39234471321105957,1
1789134868153625,-0.39234471321105957,1
1789134868153625,-0.39234471321105957,1
1789134868153625,-0.39234471321105957,1
1789134868201625,-0.017574787139892578,1
1789134868213625,0.05554795265197754,1
1789134868213625,0.05554795265197754,1
1789134868213625,0.05554795265197754,1
1789134868213625,0.05554795265197754,1
1789134868213625,0.05554795265197754,1
1789134868261625,-0.2078850269317627,1
1789134868273625,-0.35637331008911133,1
1789134868273625,-0.35637331008911133,1
1789134868273625,-0.35637331008911133,1
1789134868273625,-0.35637331008911133,1
1789134868309625,-0.16636037826538086,1
1789134868321625,-0.00797724723815918,1
1789134868333625,0.11738765239715576,1
1789134868333625,0.11738765239715576,1
1789134868333625,0.11738765239715576,1
1789134868333625,0.11738765239715576,1
1789134868369625,-0.09321928024291992,1
1789134868381625,-0.16249513626098633,1
1789134868393625,-0.18364477157592773,1
1789134868393625,-0.18364477157592773,1
1789134868393625,-0.18364477157592773,1
1789134868393625,-0.18364477157592773,1
1789134868393625,-0.18364477157592773,1
1789134868441625,0.244850754737854,1
1789134868453625,0.32856738567352295,1
1789134868453625,0.32856738567352295,1
1789134868453625,0.32856738567352295,1
1789134868453625,0.32856738567352295,1
1789134868453625,0.32856738567352295,1
1789134868501625,-0.06284308433532715,1
1789134868513625,-0.20774269104003906,1
1789134868513625,-0.20774269104003906,1
1789134868513625,-0.20774269104003906,1
1789134868513625,-0.20774269104003906,1
1789134868513777,-0.20774269104003906,1
1789134868561777,0.16696345806121826,1
1789134868573777,0.2445889711380005,1
1789134868573777,0.2445889711380005,1
1789134868573777,0.2445889711380005,1
1789134868573777,0.2445889711380005,1
1789134868573777,0.2445889711380005,1
1789134868621777,-0.051380157470703125,1
1789134868633777,-0.24936556816101074,1
1789134868633777,-0.24936556816101074,1
1789134868633777,-0.24936556816101074,1
1789134868633777,-0.24936556816101074,1
1789134868669777,-0.0455782413482666,1
1789134868681777,0.11051225662231445,1
1789134868693777,0.1760869026184082,1
1789134868693777,0.1760869026184082,1
1789134868693777,0.1760869026184082,1
1789134868693777,0.1760869026184082,1
1789134868729777,-0.08735322952270508,1
1789134868741777,-0.12241935729980469,1
1789134868753777,0.028720974922180176,1
1789134868753777,0.028720974922180176,1
1789134868753777,0.028720974922180176,1
1789134868753777,0.028720974922180176,1
1789134868789777,-0.10619521141052246,1
1789134868801777,0.021477699279785156,1
1789134868813777,0.10195648670196533,1
1789134868813777,0.10195648670196533,1
1789134868813777,0.10195648670196533,1
1789134868813777,0.10195648670196533,1
1789134868813777,0.10195648670196533,1
1789134868861777,-0.21053433418273926,1
1789134868873777,-0.3439784049987793,1
1789134868873777,-0.3439784049987793,1
1789134868873777,-0.3439784049987793,1
1789134868873777,-0.3439784049987793,1
1789134868909777,-0.06743741035461426,1
1789134868921777,0.0843878984451294,1
1789134868933777,0.17207205295562744,1
1789134868933777,0.17207205295562744,1
1789134868933777,0.17207205295562744,1
1789134868933777,0.17207205295562744,1
1789134868933777,0.17207205295562744,1
1789134868981777,-0.2122211456298828,1
1789134868993777,-0.34640049934387207,1
1789134868993777,-0.34640049934387207,1
1789134868993777,-0.34640049934387207,1
1789134868993777,-0.34640049934387207,1
1789134869029777,-0.1626126766204834,1
1789134869041777,-0.02720475196838379,1
1789134869053777,0.06332623958587646,1
1789134869053777,0.06332623958587646,1
1789134869053777,0.06332623958587646,1
1789134869053777,0.06332623958587646,1
1789134869053777,0.06332623958587646,1
1789134869101777,-0.12425494194030762,1
1789134869113777,-0.26265478134155273,1
1789134869113777,-0.26265478134155273,1
1789134869113777,-0.26265478134155273,1
1789134869113777,-0.26265478134155273,1
1789134869149777,-0.022594928741455078,1
1789134869161777,0.15136218070983887,1
1789134869173777,0.2107226848602295,1
1789134869173777,0.2107226848602295,1
1789134869173777,0.2107226848602295,1
1789134869173777,0.2107226848602295,1
1789134869173777,0.2107226848602295,1
1789134869221777,-0.07631826400756836,1
1789134869233777,-0.20709466934204102,1
1789134869233777,-0.20709466934204102,1
1789134869233777,-0.20709466934204102,1
1789134869233777,-0.20709466934204102,1
1789134869233777,-0.20709466934204102,1
1789134869281777,0.1609177589416504,1
1789134869293777,0.2458205223083496,1
1789134869293777,0.2458205223083496,1
1789134869293777,0.2458205223083496,1
1789134869293777,0.2458205223083496,1
1789134869293777,0.2458205223083496,1
1789134869341777,-0.0901482105255127,1
1789134869353777,-0.20652103424072266,1
1789134869353777,-0.20652103424072266,1
1789134869353777,-0.20652103424072266,1
1789134869353777,-0.20652103424072266,1
1789134869389777,0.023891568183898926,1
1789134869401777,0.023430585861206055,1
1789134869413777,-0.05589580535888672,1
1789134869413777,-0.05589580535888672,1
1789134869413777,-0.05589580535888672,1
1789134869413777,-0.05589580535888672,1
1789134869413777,-0.05589580535888672,1
1789134869461777,0.36912214756011963,1
1789134869473777,0.5182358026504517,1
1789134869473777,0.5182358026504517,1
1789134869473777,0.5182358026504517,1
1789134869473777,0.5182358026504517,1
1789134869509777,0.1898939609527588,1
1789134869521777,0.03592026233673096,1
1789134869533777,0.055704355239868164,1
1789134869533777,0.055704355239868164,1
1789134869533931,0.055704355239868164,1
1789134869533931,0.055704355239868164,1
1789134869533931,0.055704355239868164,1
1789134869581931,-0.43686437606811523,1
1789134869593931,-0.4871034622192383,1
1789134869593931,-0.4871034622192383,1
1789134869593931,-0.4871034622192383,1
1789134869593931,-0.4871034622192383,1
1789134869629931,-0.21674513816833496,1
1789134869641931,-0.07761383056640625,1
1789134869653931,-0.008794546127319336,1
1789134869653931,-0.008794546127319336,1
1789134869653931,-0.008794546127319336,1
1789134869653931,-0.008794546127319336,1
1789134869689931,0.382204532623291,1
1789134869701931,0.38141632080078125,1
1789134869713931,0.2119133472442627,1
1789134869713931,0.2119133472442627,1
1789134869713931,0.2119133472442627,1
1789134869713931,0.2119133472442627,1
1789134869713931,0.2119133472442627,1
1789134869761931,-0.19646430015563965,1
1789134869773931,-0.27067995071411133,1
1789134869773931,-0.27067995071411133,1
1789134869773931,-0.27067995071411133,1
1789134869773931,-0.27067995071411133,1
1789134869773931,-0.27067995071411133,1
1789134869821931,-0.01668405532836914,1
1789134869833931,0.14110291004180908,1
1789134869833931,0.14110291004180908,1
1789134869833931,0.14110291004180908,1
1789134869833931,0.14110291004180908,1
1789134869869931,-0.03648257255554199,1
1789134869881931,-0.03600716590881348,1
1789134869893931,0.0002492666244506836,1
1789134869893931,0.0002492666244506836,1
1789134869893931,0.0002492666244506836,1
1789134869893931,0.0002492666244506836,1
1789134869893931,0.0002492666244506836,1
1789134869941931,0.3089761734008789,1
1789134869953931,0.3196336030960083,1
1789134869953931,0.3196336030960083,1
1789134869953931,0.3196336030960083,1
1789134869953931,0.3196336030960083,1
1789134869989931,0.01180565357208252,1
1789134870001931,-0.07999396324157715,1
1789134870013931,-0.045075416564941406,1
1789134870013931,-0.045075416564941406,1
1789134870013931,-0.045075416564941406,1
1789134870013931,-0.045075416564941406,1
1789134870049931,0.14720678329467773,1
1789134870061931,0.1965312957763672,1
1789134870073931,0.042397379875183105,1
1789134870073931,0.042397379875183105,1
1789134870073931,0.042397379875183105,1
1789134870073931,0.042397379875183105,1
1789134870109931,-0.23117971420288086,1
1789134870121931,-0.24298620223999023,1
1789134870133931,-0.20438718795776367,1
1789134870133931,-0.20438718795776367,1
1789134870133931,-0.20438718795776367,1
1789134870133931,-0.20438718795776367,1
1789134870133931,-0.20438718795776367,1
1789134870181931,0.328840970993042,1
1789134870193931,0.47098803520202637,1
1789134870193931,0.47098803520202637,1
1789134870193931,0.47098803520202637,1
1789134870193931,0.47098803520202637,1
1789134870193931,0.47098803520202637,1
1789134870241931,-0.027035951614379883,1
1789134870253931,-0.0998837947845459,1
1789134870253931,-0.0998837947845459,1
1789134870253931,-0.0998837947845459,1
1789134870253931,-0.0998837947845459,1
1789134870253931,-0.0998837947845459,1
1789134870301931,0.06634330749511719,1
1789134870313931,0.21337389945983887,1
1789134870313931,0.21337389945983887,1
1789134870313931,0.21337389945983887,1
1789134870313931,0.21337389945983887,1
1789134870349931,-0.08068275451660156,1
1789134870361931,-0.11928772926330566,1
1789134870373931,-0.04814791679382324,1
1789134870373931,-0.04814791679382324,1
1789134870373931,-0.04814791679382324,1
1789134870373931,-0.04814791679382324,1
1789134870373931,-0.04814791679382324,1
1789134870421931,0.40432441234588623,1
1789134870433931,0.5972017049789429,1
1789134870433931,0.5972017049789429,1
1789134870433931,0.5972017049789429,1
1789134870433931,0.5972017049789429,1
1789134870469931,0.22546732425689697,1
1789134870481931,0.10467696189880371,1
1789134870493931,0.034598588943481445,1
1789134870493931,0.034598588943481445,1
1789134870493931,0.034598588943481445,1
1789134870493931,0.034598588943481445,1
1789134870493931,0.034598588943481445,1
1789134870541931,-0.16260552406311035,1
1789134870553931,-0.17043375968933105,1
1789134870554082,-0.17043375968933105,1
1789134870554082,-0.17043375968933105,1
1789134870578082,-0.06482958793640137,1
1789134870578082,-0.06482958793640137,1
1789134870602082,0.18633782863616943,1
1789134870614082,0.24434304237365723,1
1789134870614082,0.24434304237365723,1
1789134870614082,0.24434304237365723,1
1789134870614082,0.24434304237365723,1
1789134870614082,0.24434304237365723,1
1789134870662082,-0.03885650634765625,1
1789134870674082,-0.20035290718078613,1
1789134870674082,-0.20035290718078613,1
1789134870674082,-0.20035290718078613,1
1789134870674082,-0.20035290718078613,1
1789134870710082,0.040537476539611816,1
1789134870722082,0.1745762825012207,1
1789134870734082,0.07238340377807617,1
1789134870734082,0.07238340377807617,1
1789134870734082,0.07238340377807617,1
1789134870734082,0.07238340377807617,1
1789134870734082,0.07238340377807617,1
1789134870782082,-0.3370075225830078,1
1789134870794082,-0.4953892230987549,1
1789134870794082,-0.4953892230987549,1
1789134870794082,-0.4953892230987549,1
1789134870794082,-0.4953892230987549,1
1789134870830082,-0.39430737495422363,1
1789134870842082,-0.2403736114501953,1
1789134870854082,-0.16594648361206055,1
1789134870854082,-0.16594648361206055,1
1789134870854082,-0.16594648361206055,1
1789134870854082,-0.16594648361206055,1
1789134870854082,-0.16594648361206055,1
1789134870902082,-0.05441641807556152,1
1789134870914082,0.09636616706848145,1
1789134870914082,0.09636616706848145,1
1789134870914082,0.09636616706848145,1
1789134870914082,0.09636616706848145,1
1789134870914082,0.09636616706848145,1
1789134870962082,-0.20752882957458496,1
1789134870974082,-0.25542688369750977,1
1789134870974082,-0.25542688369750977,1
1789134870974082,-0.25542688369750977,1
1789134870974082,-0.25542688369750977,1
1789134871010082,0.03339076042175293,1
1789134871022082,0.06549179553985596,1
1789134871034082,-0.10685229301452637,1
1789134871034082,-0.10685229301452637,1
1789134871034082,-0.10685229301452637,1
1789134871034082,-0.10685229301452637,1
1789134871070082,-0.06335139274597168,1
1789134871082082,0.09627711772918701,1
1789134871094082,0.17219257354736328,1
1789134871094082,0.17219257354736328,1
1789134871094082,0.17219257354736328,1
1789134871094082,0.17219257354736328,1
1789134871094082,0.17219257354736328,1
1789134871142082,-0.1827855110168457,1
1789134871154082,-0.2981414794921875,1
1789134871154082,-0.2981414794921875,1
1789134871154082,-0.2981414794921875,1
1789134871154082,-0.2981414794921875,1
1789134871190082,-0.2548389434814453,1
1789134871202082,-0.10031390190124512,1
1789134871214082,-0.03851628303527832,1
1789134871214082,-0.03851628303527832,1
1789134871214082,-0.03851628303527832,1
1789134871214082,-0.03851628303527832,1
1789134871214082,-0.03851628303527832,1
1789134871262082,0.14390242099761963,1
1789134871274082,0.13458025455474854,1
1789134871274082,0.13458025455474854,1
1789134871274082,0.13458025455474854,1
1789134871274082,0.13458025455474854,1
1789134871310082,-0.049780845642089844,1
1789134871322082,0.07635223865509033,1
1789134871334082,0.14595043659210205,1
1789134871334082,0.14595043659210205,1
1789134871334082,0.14595043659210205,1
1789134871334082,0.14595043659210205,1
1789134871370082,-0.13198184967041016,1
1789134871382082,-0.18827104568481445,1
1789134871394082,-0.0489194393157959,1
1789134871394082,-0.0489194393157959,1
1789134871394082,-0.0489194393157959,1
1789134871394082,-0.0489194393157959,1
1789134871430082,0.31859076023101807,1
1789134871442082,0.35284674167633057,1
1789134871454082,0.2672092914581299,1
1789134871454082,0.2672092914581299,1
1789134871454082,0.2672092914581299,1
1789134871454082,0.2672092914581299,1
1789134871454082,0.2672092914581299,1
1789134871502082,-0.08321523666381836,1
1789134871514082,-0.2877326011657715,1
1789134871514082,-0.2877326011657715,1
1789134871514082,-0.2877326011657715,1
1789134871514082,-0.2877326011657715,1
1789134871550082,-0.0815575122833252,1
1789134871562257,0.06648421287536621,1
1789134871574257,0.20432746410369873,1
1789134871574257,0.20432746410369873,1
1789134871574257,0.20432746410369873,1
1789134871574257,0.20432746410369873,1
1789134871574257,0.20432746410369873,1
1789134871622257,-0.1825087070465088,1
1789134871634257,-0.32907819747924805,1
1789134871634257,-0.32907819747924805,1
1789134871634257,-0.32907819747924805,1
1789134871634257,-0.32907819747924805,1
1789134871670257,-0.14556407928466797,1
1789134871682257,-0.004834175109863281,1
1789134871694257,0.06654763221740723,1
1789134871694257,0.06654763221740723,1
1789134871694257,0.06654763221740723,1
1789134871694257,0.06654763221740723,1
1789134871694257,0.06654763221740723,1
1789134871742257,-0.13499069213867188,1
1789134871754257,-0.28281140327453613,1
1789134871754257,-0.28281140327453613,1
1789134871754257,-0.28281140327453613,1
1789134871754257,-0.28281140327453613,1
1789134871790257,-0.1049051284790039,1
1789134871802257,0.04072678089141846,1
1789134871814257,0.1150583028793335,1
1789134871814257,0.1150583028793335,1
1789134871814257,0.1150583028793335,1
1789134871814257,0.1150583028793335,1
1789134871814257,0.1150583028793335,1
1789134871862257,-0.058319807052612305,1
1789134871874257,-0.23557543754577637,1
1789134871874257,-0.23557543754577637,1
1789134871874257,-0.23557543754577637,1
1789134871898257,-0.07402801513671875,1
1789134871898257,-0.07402801513671875,1
1789134871922257,0.10820567607879639,1
1789134871934257,0.17292571067810059,1
1789134871934257,0.17292571067810059,1
1789134871934257,0.17292571067810059,1
1789134871934257,0.17292571067810059,1
1789134871934257,0.17292571067810059,1
1789134871982257,-0.19762945175170898,1
1789134871994257,-0.34546971321105957,1
1789134871994257,-0.34546971321105957,1
1789134871994257,-0.34546971321105957,1
1789134871994257,-0.34546971321105957,1
1789134872030257,-0.12109684944152832,1
1789134872042257,0.04328346252441406,1
1789134872054257,0.11401557922363281,1
1789134872054257,0.11401557922363281,1
1789134872054257,0.11401557922363281,1
1789134872054257,0.11401557922363281,1
1789134872054257,0.11401557922363281,1
1789134872102257,-0.24037480354309082,1
1789134872114257,-0.4268484115600586,1
1789134872114257,-0.4268484115600586,1
1789134872114257,-0.4268484115600586,1
1789134872114257,-0.4268484115600586,1
1789134872150257,-0.2445206642150879,1
1789134872162257,-0.04620170593261719,1
1789134872174257,0.039254069328308105,1
1789134872174257,0.039254069328308105,1
1789134872174257,0.039254069328308105,1
1789134872174257,0.039254069328308105,1
1789134872174257,0.039254069328308105,1
1789134872222257,-0.1459367275238037,1
1789134872234257,-0.2880525588989258,1
1789134872234257,-0.2880525588989258,1
1789134872234257,-0.2880525588989258,1
1789134872234257,-0.2880525588989258,1
1789134872270257,-0.12975525856018066,1
1789134872282257,0.018242716789245605,1
1789134872294257,0.10164153575897217,1
1789134872294257,0.10164153575897217,1
1789134872294257,0.10164153575897217,1
1789134872294257,0.10164153575897217,1
1789134872330257,-0.17954158782958984,1
1789134872342257,-0.2265911102294922,1
1789134872354257,-0.15084218978881836,1
1789134872354257,-0.15084218978881836,1
1789134872354257,-0.15084218978881836,1
1789134872354257,-0.15084218978881836,1
1789134872354257,-0.15084218978881836,1
1789134872402257,-0.024676084518432617,1
1789134872414257,0.01965200901031494,1
1789134872414257,0.01965200901031494,1
1789134872414257,0.01965200901031494,1
1789134872414257,0.01965200901031494,1
1789134872414257,0.01965200901031494,1
1789134872462257,-0.1594860553741455,1
1789134872474257,-0.2210865020751953,1
1789134872474257,-0.2210865020751953,1
1789134872474257,-0.2210865020751953,1
1789134872474257,-0.2210865020751953,1
1789134872510257,0.07637369632720947,1
1789134872522257,0.12328267097473145,1
1789134872534257,0.03691232204437256,1
1789134872534257,0.03691232204437256,1
1789134872534257,0.03691232204437256,1
1789134872558432,-0.15837979316711426,1
1789134872558432,-0.15837979316711426,1
1789134872582432,-0.12548184394836426,1
1789134872594432,0.07044744491577148,1
1789134872594432,0.07044744491577148,1
1789134872594432,0.07044744491577148,1
1789134872594432,0.07044744491577148,1
1789134872630432,-0.10687661170959473,1
1789134872642432,-0.12492609024047852,1
1789134872654432,-0.1263737678527832,1
1789134872654432,-0.1263737678527832,1
1789134872654432,-0.1263737678527832,1
1789134872654432,-0.1263737678527832,1
1789134872690432,0.06920206546783447,1
1789134872702432,0.011618375778198242,1
1789134872714432,-0.10247611999511719,1
1789134872714432,-0.10247611999511719,1
1789134872714432,-0.10247611999511719,1
1789134872714432,-0.10247611999511719,1
1789134872750432,0.02440464496612549,1
1789134872762432,0.05744647979736328,1
1789134872774432,-0.014428377151489258,1
1789134872774432,-0.014428377151489258,1
1789134872774432,-0.014428377151489258,1
1789134872774432,-0.014428377151489258,1
1789134872774432,-0.014428377151489258,1
1789134872822432,0.17355525493621826,1
1789134872834432,0.2723032236099243,1
1789134872834432,0.2723032236099243,1
1789134872834432,0.2723032236099243,1
1789134872834432,0.2723032236099243,1
1789134872870432,-0.024294376373291016,1
1789134872882432,-0.1066582202911377,1
1789134872894432,-0.0430455207824707,1
1789134872894432,-0.0430455207824707,1
1789134872894432,-0.0430455207824707,1
1789134872894432,-0.0430455207824707,1
1789134872894432,-0.0430455207824707,1
1789134872942432,0.40982651710510254,1
1789134872954432,0.5493266582489014,1
1789134872954432,0.5493266582489014,1
1789134872954432,0.5493266582489014,1
1789134872954432,0.5493266582489014,1
1789134872990432,0.12433910369873047,1
1789134873002432,0.00881969928741455,1
1789134873014432,-0.026521682739257812,1
1789134873014432,-0.026521682739257812,1
1789134873014432,-0.026521682739257812,1
1789134873014432,-0.026521682739257812,1
1789134873050432,0.1332916021347046,1
1789134873062432,0.16705107688903809,1
1789134873074432,0.0176546573638916,1
1789134873074432,0.0176546573638916,1
1789134873074432,0.0176546573638916,1
1789134873074432,0.0176546573638916,1
1789134873074432,0.0176546573638916,1
1789134873122432,-0.17702507972717285,1
1789134873134432,-0.17529773712158203,1
1789134873134432,-0.17529773712158203,1
1789134873134432,-0.17529773712158203,1
1789134873134432,-0.17529773712158203,1
1789134873134432,-0.17529773712158203,1
1789134873182432,0.25406134128570557,1
1789134873194432,0.4037613868713379,1
1789134873194432,0.4037613868713379,1
1789134873194432,0.4037613868713379,1
1789134873194432,0.4037613868713379,1
1789134873194432,0.4037613868713379,1
1789134873242432,-0.06438755989074707,1
1789134873254432,-0.13866949081420898,1
1789134873254432,-0.13866949081420898,1
1789134873254432,-0.13866949081420898,1
1789134873254432,-0.13866949081420898,1
1789134873254432,-0.13866949081420898,1
1789134873302432,0.13235580921173096,1
1789134873314432,0.2936018705368042,1
1789134873314432,0.2936018705368042,1
1789134873314432,0.2936018705368042,1
1789134873314432,0.2936018705368042,1
1789134873350432,-0.05157470703125,1
1789134873362432,-0.20642781257629395,1
1789134873374432,-0.2367091178894043,1
1789134873374432,-0.2367091178894043,1
1789134873374432,-0.2367091178894043,1
1789134873374432,-0.2367091178894043,1
1789134873374432,-0.2367091178894043,1
1789134873422432,0.11179113388061523,1
1789134873434432,0.04657602310180664,1
1789134873434432,0.04657602310180664,1
1789134873434432,0.04657602310180664,1
1789134873434432,0.04657602310180664,1
1789134873470432,-0.3686540126800537,1
1789134873482432,-0.4290499687194824,1
1789134873494432,-0.3455941677093506,1
1789134873494432,-0.3455941677093506,1
1789134873494432,-0.3455941677093506,1
1789134873494432,-0.3455941677093506,1
1789134873494432,-0.3455941677093506,1
1789134873542432,0.09482681751251221,1
1789134873554432,0.25574493408203125,1
1789134873554432,0.25574493408203125,1
1789134873554606,0.25574493408203125,1
1789134873554606,0.25574493408203125,1
1789134873554606,0.25574493408203125,1
1789134873602606,-0.2601182460784912,1
1789134873614606,-0.3175985813140869,1
1789134873614606,-0.3175985813140869,1
1789134873614606,-0.3175985813140869,1
1789134873614606,-0.3175985813140869,1
1789134873650606,-0.22063064575195312,1
1789134873662606,-0.14539313316345215,1
1789134873674606,0.014679789543151855,1
1789134873674606,0.014679789543151855,1
1789134873674606,0.014679789543151855,1
1789134873674606,0.014679789543151855,1
1789134873710606,0.04751765727996826,1
1789134873722606,0.029471516609191895,1
1789134873734606,-0.02409505844116211,1
1789134873734606,-0.02409505844116211,1
1789134873734606,-0.02409505844116211,1
1789134873734606,-0.02409505844116211,1
1789134873734606,-0.02409505844116211,1
1789134873782606,0.20684278011322021,1
1789134873794606,0.35086917877197266,1
1789134873794606,0.35086917877197266,1
1789134873794606,0.35086917877197266,1
1789134873794606,0.35086917877197266,1
1789134873830606,0.06522226333618164,1
1789134873842606,0.012973785400390625,1
1789134873854606,-0.035985708236694336,1
1789134873854606,-0.035985708236694336,1
1789134873854606,-0.035985708236694336,1
1789134873854606,-0.035985708236694336,1
1789134873854606,-0.035985708236694336,1
1789134873902606,0.2620033025741577,1
1789134873914606,0.40248966217041016,1
1789134873914606,0.40248966217041016,1
1789134873914606,0.40248966217041016,1
1789134873914606,0.40248966217041016,1
1789134873914606,0.40248966217041016,1
1789134873962606,-0.04756784439086914,1
1789134873974606,-0.12643194198608398,1
1789134873974606,-0.12643194198608398,1
1789134873974606,-0.12643194198608398,1
1789134873974606,-0.12643194198608398,1
1789134874010606,0.006637454032897949,1
1789134874022606,0.039479613304138184,1
1789134874034606,0.0874032974243164,1
1789134874034606,0.0874032974243164,1
1789134874034606,0.0874032974243164,1
1789134874034606,0.0874032974243164,1
1789134874070606,-0.1913318634033203,1
1789134874082606,-0.05077719688415527,1
1789134874094606,0.016683101654052734,1
1789134874094606,0.016683101654052734,1
1789134874094606,0.016683101654052734,1
1789134874094606,0.016683101654052734,1
1789134874094606,0.016683101654052734,1
1789134874142606,0.04864645004272461,1
1789134874154606,-0.009174585342407227,1
1789134874154606,-0.009174585342407227,1
1789134874154606,-0.009174585342407227,1
1789134874154606,-0.009174585342407227,1
1789134874190606,0.15919530391693115,1
1789134874202606,0.19123494625091553,1
1789134874214606,0.13873887062072754,1
1789134874214606,0.13873887062072754,1
1789134874214606,0.13873887062072754,1
1789134874214606,0.13873887062072754,1
1789134874214606,0.13873887062072754,1
1789134874262606,-0.1822669506072998,1
1789134874274606,-0.3255646228790283,1
1789134874274606,-0.3255646228790283,1
1789134874274606,-0.3255646228790283,1
1789134874274606,-0.3255646228790283,1
1789134874310606,-0.08353042602539062,1
1789134874322606,0.056589484214782715,1
1789134874334606,0.1369227170944214,1
1789134874334606,0.1369227170944214,1
1789134874334606,0.1369227170944214,1
1789134874334606,0.1369227170944214,1
1789134874334606,0.1369227170944214,1
1789134874382606,-0.20599865913391113,1
1789134874394606,-0.34825634956359863,1
1789134874394606,-0.34825634956359863,1
1789134874394606,-0.34825634956359863,1
1789134874394606,-0.34825634956359863,1
1789134874394606,-0.34825634956359863,1
1789134874442606,-0.052834510803222656,1
1789134874454606,-0.02522873878479004,1
1789134874454606,-0.02522873878479004,1
1789134874454606,-0.02522873878479004,1
1789134874454606,-0.02522873878479004,1
1789134874454606,-0.02522873878479004,1
1789134874502606,0.4536236524581909,1
1789134874514606,0.5547590255737305,1
1789134874514606,0.5547590255737305,1
1789134874514606,0.5547590255737305,1
1789134874538606,0.3152954578399658,1
1789134874538606,0.3152954578399658,1
1789134874562606,0.15213489532470703,1
1789134874574606,0.0676262378692627,1
1789134874574781,0.0676262378692627,1
1789134874574781,0.0676262378692627,1
1789134874574781,0.0676262378692627,1
1789134874574781,0.0676262378692627,1
1789134874622781,-0.021328210830688477,1
1789134874634781,-0.19608330726623535,1
1789134874634781,-0.19608330726623535,1
1789134874634781,-0.19608330726623535,1
1789134874634781,-0.19608330726623535,1
1789134874670781,0.0551905632019043,1
1789134874682781,0.09792006015777588,1
1789134874694781,0.012704014778137207,1
1789134874694781,0.012704014778137207,1
1789134874694781,0.012704014778137207,1
1789134874694781,0.012704014778137207,1
1789134874694781,0.012704014778137207,1
1789134874742781,0.16253697872161865,1
1789134874754781,0.10637426376342773,1
1789134874754781,0.10637426376342773,1
1789134874754781,0.10637426376342773,1
1789134874754781,0.10637426376342773,1
1789134874754781,0.10637426376342773,1
1789134874802781,-0.35582423210144043,1
1789134874814781,-0.4285712242126465,1
1789134874814781,-0.4285712242126465,1
1789134874814781,-0.4285712242126465,1
1789134874814781,-0.4285712242126465,1
1789134874814781,-0.4285712242126465,1
1789134874862781,-0.13242626190185547,1
1789134874874781,0.03607070446014404,1
1789134874874781,0.03607070446014404,1
1789134874874781,0.03607070446014404,1
1789134874874781,0.03607070446014404,1
1789134874910781,-0.10704207420349121,1
1789134874922781,-0.15974736213684082,1
1789134874934781,-0.0683126449584961,1
1789134874934781,-0.0683126449584961,1
1789134874934781,-0.0683126449584961,1
1789134874934781,-0.0683126449584961,1
1789134874970781,0.1572127342224121,1
1789134874982781,0.24263930320739746,1
1789134874994781,0.15584588050842285,1
1789134874994781,0.15584588050842285,1
1789134874994781,0.15584588050842285,1
1789134874994781,0.15584588050842285,1
1789134874994781,0.15584588050842285,1
1789134875042781,-0.2208876609802246,1
1789134875054781,-0.29149794578552246,1
1789134875054781,-0.29149794578552246,1
1789134875054781,-0.29149794578552246,1
1789134875054781,-0.29149794578552246,1
1789134875054781,-0.29149794578552246,1
1789134875102781,0.08678889274597168,1
1789134875114781,0.19948554039001465,1
1789134875114781,0.19948554039001465,1
1789134875114781,0.19948554039001465,1
1789134875114781,0.19948554039001465,1
1789134875150781,-0.2802298069000244,1
1789134875162781,-0.39360666275024414,1
1789134875174781,-0.41901540756225586,1
1789134875174781,-0.41901540756225586,1
1789134875174781,-0.41901540756225586,1
1789134875174781,-0.41901540756225586,1
1789134875174781,-0.41901540756225586,1
1789134875222781,-0.08231616020202637,1
1789134875234781,0.07113385200500488,1
1789134875234781,0.07113385200500488,1
1789134875234781,0.07113385200500488,1
1789134875234781,0.07113385200500488,1
1789134875270781,-0.06731176376342773,1
1789134875282781,-0.14140605926513672,1
1789134875294781,-0.056833505630493164,1
1789134875294781,-0.056833505630493164,1
1789134875294781,-0.056833505630493164,1
1789134875294781,-0.056833505630493164,1
1789134875330781,0.32462453842163086,1
1789134875342781,0.339394211769104,1
1789134875354781,0.18095040321350098,1
1789134875354781,0.18095040321350098,1
1789134875354781,0.18095040321350098,1
1789134875354781,0.18095040321350098,1
1789134875390781,-0.03608250617980957,1
1789134875402781,-0.13161015510559082,1
1789134875414781,-0.07147455215454102,1
1789134875414781,-0.07147455215454102,1
1789134875414781,-0.07147455215454102,1
1789134875414781,-0.07147455215454102,1
1789134875414781,-0.07147455215454102,1
1789134875462781,0.3621877431869507,1
1789134875474781,0.5001606941223145,1
1789134875474781,0.5001606941223145,1
1789134875474781,0.5001606941223145,1
1789134875474781,0.5001606941223145,1
1789134875474781,0.5001606941223145,1
1789134875522781,0.015254497528076172,1
1789134875534781,-0.0023119449615478516,1
1789134875534781,-0.0023119449615478516,1
1789134875534781,-0.0023119449615478516,1
1789134875534781,-0.0023119449615478516,1
1789134875534781,-0.0023119449615478516,1
1789134875582955,0.337360143661499,1
1789134875594955,0.39310991764068604,1
1789134875594955,0.39310991764068604,1
1789134875594955,0.39310991764068604,1
1789134875594955,0.39310991764068604,1
1789134875630955,0.059789299964904785,1
1789134875642955,-0.07842206954956055,1
1789134875654955,-0.22864389419555664,1
1789134875654955,-0.22864389419555664,1
1789134875654955,-0.22864389419555664,1
1789134875654955,-0.22864389419555664,1
1789134875654955,-0.22864389419555664,1
1789134875702955,0.022736430168151855,1
1789134875714955,0.2054210901260376,1
1789134875714955,0.2054210901260376,1
1789134875714955,0.2054210901260376,1
1789134875714955,0.2054210901260376,1
1789134875714955,0.2054210901260376,1
1789134875762955,-0.2755591869354248,1
1789134875774955,-0.32746386528015137,1
1789134875774955,-0.32746386528015137,1
1789134875774955,-0.32746386528015137,1
1789134875774955,-0.32746386528015137,1
1789134875774955,-0.32746386528015137,1
1789134875822955,0.023322105407714844,1
1789134875834955,0.21778976917266846,1
1789134875834955,0.21778976917266846,1
1789134875834955,0.21778976917266846,1
1789134875858955,-0.006930828094482422,1
1789134875858955,-0.006930828094482422,1
1789134875882955,0.03403127193450928,1
1789134875894955,0.09456884860992432,1
1789134875894955,0.09456884860992432,1
1789134875894955,0.09456884860992432,1
1789134875894955,0.09456884860992432,1
1789134875894955,0.09456884860992432,1
1789134875942955,-0.02667975425720215,1
1789134875954955,-0.1694948673248291,1
1789134875954955,-0.1694948673248291,1
1789134875954955,-0.1694948673248291,1
1789134875954955,-0.1694948673248291,1
1789134875990955,0.056456804275512695,1
1789134876002955,0.11992383003234863,1
1789134876014955,0.08525776863098145,1
1789134876014955,0.08525776863098145,1
1789134876014955,0.08525776863098145,1
1789134876014955,0.08525776863098145,1
1789134876050955,-0.2320699691772461,1
1789134876062955,-0.3075423240661621,1
1789134876074955,-0.3481583595275879,1
1789134876074955,-0.3481583595275879,1
1789134876074955,-0.3481583595275879,1
1789134876074955,-0.3481583595275879,1
1789134876074955,-0.3481583595275879,1
1789134876122955,0.13412010669708252,1
1789134876134955,0.1896427869796753,1
1789134876134955,0.1896427869796753,1
1789134876134955,0.1896427869796753,1
1789134876134955,0.1896427869796753,1
1789134876134955,0.1896427869796753,1
1789134876182955,-0.17648601531982422,1
1789134876194955,-0.33471179008483887,1
1789134876194955,-0.33471179008483887,1
1789134876194955,-0.33471179008483887,1
1789134876194955,-0.33471179008483887,1
1789134876194955,-0.33471179008483887,1
1789134876242955,-0.10598492622375488,1
1789134876254955,-0.04567980766296387,1
1789134876254955,-0.04567980766296387,1
1789134876254955,-0.04567980766296387,1
1789134876254955,-0.04567980766296387,1
1789134876290955,0.39888179302215576,1
1789134876302955,0.5278195142745972,1
1789134876314955,0.3656262159347534,1
1789134876314955,0.3656262159347534,1
1789134876314955,0.3656262159347534,1
1789134876314955,0.3656262159347534,1
1789134876314955,0.3656262159347534,1
1789134876362955,-0.04275679588317871,1
1789134876374955,-0.08379983901977539,1
1789134876374955,-0.08379983901977539,1
1789134876374955,-0.08379983901977539,1
1789134876374955,-0.08379983901977539,1
1789134876374955,-0.08379983901977539,1
1789134876422955,0.37349963188171387,1
1789134876434955,0.5405964851379395,1
1789134876434955,0.5405964851379395,1
1789134876434955,0.5405964851379395,1
1789134876434955,0.5405964851379395,1
1789134876470955,0.19510412216186523,1
1789134876482955,0.08145081996917725,1
1789134876494955,0.021596312522888184,1
1789134876494955,0.021596312522888184,1
1789134876494955,0.021596312522888184,1
1789134876518955,-0.0520479679107666,1
1789134876518955,-0.0520479679107666,1
1789134876542955,0.1354004144668579,1
1789134876554955,0.27779996395111084,1
1789134876554955,0.27779996395111084,1
1789134876554955,0.27779996395111084,1
1789134876555129,0.27779996395111084,1
1789134876555129,0.27779996395111084,1
1789134876603129,-0.17685675621032715,1
1789134876615129,-0.22183609008789062,1
1789134876615129,-0.22183609008789062,1
1789134876615129,-0.22183609008789062,1
1789134876615129,-0.22183609008789062,1
1789134876651129,0.013306140899658203,1
1789134876663129,0.09516918659210205,1
1789134876675129,0.25281083583831787,1
1789134876675129,0.25281083583831787,1
1789134876675129,0.25281083583831787,1
1789134876675129,0.25281083583831787,1
1789134876711129,-0.06554937362670898,1
1789134876723129,-0.15478181838989258,1
1789134876735129,-0.04640817642211914,1
1789134876735129,-0.04640817642211914,1
1789134876735129,-0.04640817642211914,1
1789134876735129,-0.04640817642211914,1
1789134876735129,-0.04640817642211914,1
1789134876783129,0.30648887157440186,1
1789134876795129,0.4635359048843384,1
1789134876795129,0.4635359048843384,1
1789134876795129,0.4635359048843384,1
1789134876795129,0.4635359048843384,1
1789134876795129,0.4635359048843384,1
1789134876843129,0.013268470764160156,1
1789134876855129,-0.06304383277893066,1
1789134876855129,-0.06304383277893066,1
1789134876855129,-0.06304383277893066,1
1789134876855129,-0.06304383277893066,1
1789134876855129,-0.06304383277893066,1
1789134876903129,0.12449085712432861,1
1789134876915129,0.2730226516723633,1
1789134876915129,0.2730226516723633,1
1789134876915129,0.2730226516723633,1
1789134876915129,0.2730226516723633,1
1789134876951129,-0.057764530181884766,1
1789134876963129,-0.16539931297302246,1
1789134876975129,-0.05005359649658203,1
1789134876975129,-0.05005359649658203,1
1789134876975129,-0.05005359649658203,1
1789134876975129,-0.05005359649658203,1
1789134876975129,-0.05005359649658203,1
1789134877023129,0.43240296840667725,1
1789134877035129,0.5686628818511963,1
1789134877035129,0.5686628818511963,1
1789134877035129,0.5686628818511963,1
1789134877035129,0.5686628818511963,1
1789134877035129,0.5686628818511963,1
1789134877083129,0.024856209754943848,1
1789134877095129,0.023932576179504395,1
1789134877095129,0.023932576179504395,1
1789134877095129,0.023932576179504395,1
1789134877095129,0.023932576179504395,1
1789134877095129,0.023932576179504395,1
1789134877143129,0.00812232494354248,1
1789134877155129,0.011855483055114746,1
1789134877155129,0.011855483055114746,1
1789134877155129,0.011855483055114746,1
1789134877179129,0.16027164459228516,1
1789134877179129,0.16027164459228516,1
1789134877203129,-0.09616255760192871,1
1789134877215129,-0.14586520195007324,1
1789134877215129,-0.14586520195007324,1
1789134877215129,-0.14586520195007324,1
1789134877215129,-0.14586520195007324,1
1789134877215129,-0.14586520195007324,1
1789134877263129,0.22796344757080078,1
1789134877275129,0.37957775592803955,1
1789134877275129,0.37957775592803955,1
1789134877275129,0.37957775592803955,1
1789134877275129,0.37957775592803955,1
1789134877311129,0.027737975120544434,1
1789134877323129,-0.06344771385192871,1
1789134877335129,0.00869607925415039,1
1789134877335129,0.00869607925415039,1
1789134877335129,0.00869607925415039,1
1789134877335129,0.00869607925415039,1
1789134877335129,0.00869607925415039,1
1789134877383129,0.058893799781799316,1
1789134877395129,0.2067185640335083,1
1789134877395129,0.2067185640335083,1
1789134877395129,0.2067185640335083,1
1789134877395129,0.2067185640335083,1
1789134877431129,-0.11115431785583496,1
1789134877443129,-0.19776058197021484,1
1789134877455129,-0.1821427345275879,1
1789134877455129,-0.1821427345275879,1
1789134877455129,-0.1821427345275879,1
1789134877455129,-0.1821427345275879,1
1789134877455129,-0.1821427345275879,1
1789134877503129,0.24502313137054443,1
1789134877515129,0.3921400308609009,1
1789134877515129,0.3921400308609009,1
1789134877515129,0.3921400308609009,1
1789134877515129,0.3921400308609009,1
1789134877515129,0.3921400308609009,1
1789134877563129,-0.11610937118530273,1
1789134877575129,-0.19158053398132324,1
1789134877575129,-0.19158053398132324,1
1789134877575302,-0.19158053398132324,1
1789134877575302,-0.19158053398132324,1
1789134877611302,-0.04482746124267578,1
1789134877623302,0.03370344638824463,1
1789134877635302,0.1878979206085205,1
1789134877635302,0.1878979206085205,1
1789134877635302,0.1878979206085205,1
1789134877635302,0.1878979206085205,1
1789134877635302,0.1878979206085205,1
1789134877683302,-0.27812862396240234,1
1789134877695302,-0.35248422622680664,1
1789134877695302,-0.35248422622680664,1
1789134877695302,-0.35248422622680664,1
1789134877695302,-0.35248422622680664,1
1789134877695302,-0.35248422622680664,1
1789134877743302,-0.09840679168701172,1
1789134877755302,0.06099259853363037,1
1789134877755302,0.06099259853363037,1
1789134877755302,0.06099259853363037,1
1789134877755302,0.06099259853363037,1
1789134877791302,-0.11382269859313965,1
1789134877803302,-0.17881178855895996,1
1789134877815302,-0.11646652221679688,1
1789134877815302,-0.11646652221679688,1
1789134877815302,-0.11646652221679688,1
1789134877815302,-0.11646652221679688,1
1789134877815302,-0.11646652221679688,1
1789134877863302,0.028189659118652344,1
1789134877875302,0.15658974647521973,1
1789134877875302,0.15658974647521973,1
1789134877875302,0.15658974647521973,1
1789134877875302,0.15658974647521973,1
1789134877875302,0.15658974647521973,1
1789134877923302,-0.28521037101745605,1
1789134877935302,-0.38533687591552734,1
1789134877935302,-0.38533687591552734,1
1789134877935302,-0.38533687591552734,1
1789134877935302,-0.38533687591552734,1
1789134877971302,-0.04893755912780762,1
1789134877983302,0.03616964817047119,1
1789134877995302,0.1826413869857788,1
1789134877995302,0.1826413869857788,1
1789134877995302,0.1826413869857788,1
1789134877995302,0.1826413869857788,1
1789134877995302,0.1826413869857788,1
1789134878043302,-0.29115867614746094,1
1789134878055302,-0.3277707099914551,1
1789134878055302,-0.3277707099914551,1
1789134878055302,-0.3277707099914551,1
1789134878055302,-0.3277707099914551,1
1789134878055302,-0.3277707099914551,1
1789134878103302,0.08891260623931885,1
1789134878115302,0.029966354370117188,1
1789134878115302,0.029966354370117188,1
1789134878115302,0.029966354370117188,1
1789134878115302,0.029966354370117188,1
1789134878115302,0.029966354370117188,1
1789134878163302,0.04401683807373047,1
1789134878175302,0.0002593994140625,1
1789134878175302,0.0002593994140625,1
1789134878175302,0.0002593994140625,1
1789134878175302,0.0002593994140625,1
1789134878175302,0.0002593994140625,1
1789134878223302,0.16227638721466064,1
1789134878235302,0.2855340242385864,1
1789134878235302,0.2855340242385864,1
1789134878235302,0.2855340242385864,1
1789134878235302,0.2855340242385864,1
1789134878271302,-0.007527351379394531,1
1789134878283302,0.021613240242004395,1
1789134878295302,0.08784937858581543,1
1789134878295302,0.08784937858581543,1
1789134878295302,0.08784937858581543,1
1789134878295302,0.08784937858581543,1
1789134878295302,0.08784937858581543,1
1789134878343302,-0.05015087127685547,1
1789134878355302,-0.21619033813476562,1
1789134878355302,-0.21619033813476562,1
1789134878355302,-0.21619033813476562,1
1789134878355302,-0.21619033813476562,1
1789134878355302,-0.21619033813476562,1
1789134878403302,0.18562042713165283,1
1789134878415302,0.23041391372680664,1
1789134878415302,0.23041391372680664,1
1789134878415302,0.23041391372680664,1
1789134878415302,0.23041391372680664,1
1789134878415302,0.23041391372680664,1
1789134878463302,-0.03821992874145508,1
1789134878475302,-0.20406341552734375,1
1789134878475302,-0.20406341552734375,1
1789134878475302,-0.20406341552734375,1
1789134878499302,-0.2188730239868164,1
1789134878499302,-0.2188730239868164,1
1789134878523302,0.0393528938293457,1
1789134878535302,0.14320814609527588,1
1789134878535302,0.14320814609527588,1
1789134878535302,0.14320814609527588,1
1789134878535302,0.14320814609527588,1
1789134878535302,0.14320814609527588,1
1789134878583302,-0.23395037651062012,1
1789134878595302,-0.37444615364074707,1
1789134878595476,-0.37444615364074707,1
1789134878595476,-0.37444615364074707,1
1789134878595476,-0.37444615364074707,1
1789134878631476,-0.14380121231079102,1
1789134878643476,0.035575032234191895,1
1789134878655476,0.10664951801300049,1
1789134878655476,0.10664951801300049,1
1789134878655476,0.10664951801300049,1
1789134878655476,0.10664951801300049,1
1789134878655476,0.10664951801300049,1
1789134878703476,-0.05389833450317383,1
1789134878715476,-0.16455864906311035,1
1789134878715476,-0.16455864906311035,1
1789134878715476,-0.16455864906311035,1
1789134878715476,-0.16455864906311035,1
1789134878715476,-0.16455864906311035,1
1789134878763476,0.1676318645477295,1
1789134878775476,0.22484374046325684,1
1789134878775476,0.22484374046325684,1
1789134878775476,0.22484374046325684,1
1789134878775476,0.22484374046325684,1
1789134878775476,0.22484374046325684,1
1789134878823476,-0.12146854400634766,1
1789134878835476,-0.22566652297973633,1
1789134878835476,-0.22566652297973633,1
1789134878835476,-0.22566652297973633,1
1789134878859476,-0.09969902038574219,1
1789134878859476,-0.09969902038574219,1
1789134878883476,0.1818619966506958,1
1789134878895476,0.25866806507110596,1
1789134878895476,0.25866806507110596,1
1789134878895476,0.25866806507110596,1
1789134878895476,0.25866806507110596,1
1789134878931476,-0.0462493896484375,1
1789134878943476,-0.09883236885070801,1
1789134878955476,0.005614042282104492,1
1789134878955476,0.005614042282104492,1
1789134878955476,0.005614042282104492,1
1789134878955476,0.005614042282104492,1
1789134878955476,0.005614042282104492,1
1789134879003476,0.16790282726287842,1
1789134879015476,0.16276681423187256,1
1789134879015476,0.16276681423187256,1
1789134879015476,0.16276681423187256,1
1789134879015476,0.16276681423187256,1
1789134879051476,-0.02803802490234375,1
1789134879063476,0.03337550163269043,1
1789134879075476,0.18419158458709717,1
1789134879075476,0.18419158458709717,1
1789134879075476,0.18419158458709717,1
1789134879075476,0.18419158458709717,1
1789134879075476,0.18419158458709717,1
1789134879123476,-0.10030531883239746,1
1789134879135476,-0.18367791175842285,1
1789134879135476,-0.18367791175842285,1
1789134879135476,-0.18367791175842285,1
1789134879159476,-0.16340374946594238,1
1789134879159476,-0.16340374946594238,1
1789134879183476,0.10637617111206055,1
1789134879195476,0.2376410961151123,1
1789134879195476,0.2376410961151123,1
1789134879195476,0.2376410961151123,1
1789134879195476,0.2376410961151123,1
1789134879195476,0.2376410961151123,1
1789134879243476,-0.17077136039733887,1
1789134879255476,-0.22434306144714355,1
1789134879255476,-0.22434306144714355,1
1789134879255476,-0.22434306144714355,1
1789134879255476,-0.22434306144714355,1
1789134879291476,0.07445812225341797,1
1789134879303476,0.09612393379211426,1
1789134879315476,-0.07835030555725098,1
1789134879315476,-0.07835030555725098,1
1789134879315476,-0.07835030555725098,1
1789134879315476,-0.07835030555725098,1
1789134879315476,-0.07835030555725098,1
1789134879363476,0.11860501766204834,1
1789134879375476,0.18385934829711914,1
1789134879375476,0.18385934829711914,1
1789134879375476,0.18385934829711914,1
1789134879375476,0.18385934829711914,1
1789134879375476,0.18385934829711914,1
1789134879423476,-0.16312026977539062,1
1789134879435476,-0.3099849224090576,1
1789134879435476,-0.3099849224090576,1
1789134879435476,-0.3099849224090576,1
1789134879435476,-0.3099849224090576,1
1789134879435476,-0.3099849224090576,1
1789134879483476,-0.038275957107543945,1
1789134879495476,0.04794597625732422,1
1789134879495476,0.04794597625732422,1
1789134879495476,0.04794597625732422,1
1789134879495476,0.04794597625732422,1
1789134879495476,0.04794597625732422,1
1789134879543476,-0.20740365982055664,1
1789134879555476,-0.3650238513946533,1
1789134879555476,-0.3650238513946533,1
1789134879555476,-0.3650238513946533,1
1789134879555476,-0.3650238513946533,1
1789134879591476,-0.15378403663635254,1
1789134879603649,0.01206207275390625,1
1789134879615649,0.07076239585876465,1
1789134879615649,0.07076239585876465,1
1789134879615649,0.07076239585876465,1
1789134879615649,0.07076239585876465,1
1789134879615649,0.07076239585876465,1
1789134879663649,-0.1595757007598877,1
1789134879675649,-0.3005049228668213,1
1789134879675649,-0.3005049228668213,1
1789134879675649,-0.3005049228668213,1
1789134879675649,-0.3005049228668213,1
1789134879675649,-0.3005049228668213,1
1789134879723649,0.05858290195465088,1
1789134879735649,0.13480925559997559,1
1789134879735649,0.13480925559997559,1
1789134879735649,0.13480925559997559,1
1789134879735649,0.13480925559997559,1
1789134879735649,0.13480925559997559,1
1789134879783649,-0.062439918518066406,1
1789134879795649,-0.2314612865447998,1
1789134879795649,-0.2314612865447998,1
1789134879795649,-0.2314612865447998,1
1789134879795649,-0.2314612865447998,1
1789134879795649,-0.2314612865447998,1
1789134879843649,0.2118079662322998,1
1789134879855649,0.2843902111053467,1
1789134879855649,0.2843902111053467,1
1789134879855649,0.2843902111053467,1
1789134879855649,0.2843902111053467,1
1789134879855649,0.2843902111053467,1
1789134879903649,-0.05986952781677246,1
1789134879915649,-0.22656512260437012,1
1789134879915649,-0.22656512260437012,1
1789134879915649,-0.22656512260437012,1
1789134879915649,-0.22656512260437012,1
1789134879951649,-0.06022763252258301,1
1789134879963649,0.09654045104980469,1
1789134879975649,0.21800780296325684,1
1789134879975649,0.21800780296325684,1
1789134879975649,0.21800780296325684,1
1789134879975649,0.21800780296325684,1
1789134879975649,0.21800780296325684,1
1789134880023649,-0.12809062004089355,1
1789134880035649,-0.29883694648742676,1
1789134880035649,-0.29883694648742676,1
1789134880035649,-0.29883694648742676,1
1789134880035649,-0.29883694648742676,1
1789134880071649,-0.10596108436584473,1
1789134880083649,0.03421199321746826,1
1789134880095649,0.12540483474731445,1
1789134880095649,0.12540483474731445,1
1789134880095649,0.12540483474731445,1
1789134880095649,0.12540483474731445,1
1789134880095649,0.12540483474731445,1
1789134880143649,0.02341747283935547,1
1789134880155649,-0.0973207950592041,1
1789134880155649,-0.0973207950592041,1
1789134880155649,-0.0973207950592041,1
1789134880155649,-0.0973207950592041,1
1789134880191649,0.11916697025299072,1
1789134880203649,0.29113101959228516,1
1789134880215649,0.19169986248016357,1
1789134880215649,0.19169986248016357,1
1789134880215649,0.19169986248016357,1
1789134880215649,0.19169986248016357,1
1789134880251649,-0.10871529579162598,1
1789134880263649,-0.14212894439697266,1
1789134880275649,-0.038743019104003906,1
1789134880275649,-0.038743019104003906,1
1789134880275649,-0.038743019104003906,1
1789134880275649,-0.038743019104003906,1
1789134880311649,0.17248761653900146,1
1789134880323649,-0.007479429244995117,1
1789134880335649,-0.06752395629882812,1
1789134880335649,-0.06752395629882812,1
1789134880335649,-0.06752395629882812,1
1789134880335649,-0.06752395629882812,1
1789134880335649,-0.06752395629882812,1
1789134880383649,0.21971023082733154,1
1789134880395649,0.3578014373779297,1
1789134880395649,0.3578014373779297,1
1789134880395649,0.3578014373779297,1
1789134880395649,0.3578014373779297,1
1789134880395649,0.3578014373779297,1
1789134880443649,-0.06775212287902832,1
1789134880455649,-0.09874916076660156,1
1789134880455649,-0.09874916076660156,1
1789134880455649,-0.09874916076660156,1
1789134880479649,-0.1397404670715332,1
1789134880479649,-0.1397404670715332,1
1789134880503649,0.017342448234558105,1
1789134880515649,0.09485149383544922,1
1789134880515649,0.09485149383544922,1
1789134880515649,0.09485149383544922,1
1789134880515649,0.09485149383544922,1
1789134880515649,0.09485149383544922,1
1789134880563649,-0.2454514503479004,1
1789134880575649,-0.2918720245361328,1
1789134880575649,-0.2918720245361328,1
1789134880575649,-0.2918720245361328,1
1789134880575821,-0.2918720245361328,1
1789134880611821,-0.04898428916931152,1
1789134880623821,0.02558743953704834,1
1789134880635821,0.16972362995147705,1
1789134880635821,0.16972362995147705,1
1789134880635821,0.16972362995147705,1
1789134880635821,0.16972362995147705,1
1789134880635821,0.16972362995147705,1
1789134880683821,-0.011620283126831055,1
1789134880695821,-0.12448310852050781,1
1789134880695821,-0.12448310852050781,1
1789134880695821,-0.12448310852050781,1
1789134880695821,-0.12448310852050781,1
1789134880695821,-0.12448310852050781,1
1789134880743821,0.12343502044677734,1
1789134880755821,0.2887461185455322,1
1789134880755821,0.2887461185455322,1
1789134880755821,0.2887461185455322,1
1789134880755821,0.2887461185455322,1
1789134880791821,-0.02163100242614746,1
1789134880803821,-0.12130260467529297,1
1789134880815821,-0.12290763854980469,1
1789134880815821,-0.12290763854980469,1
1789134880815821,-0.12290763854980469,1
1789134880815821,-0.12290763854980469,1
1789134880815821,-0.12290763854980469,1
1789134880863821,0.24547076225280762,1
1789134880875821,0.4165550470352173,1
1789134880875821,0.4165550470352173,1
1789134880875821,0.4165550470352173,1
1789134880875821,0.4165550470352173,1
1789134880911821,0.07085371017456055,1
1789134880923821,-0.05312824249267578,1
1789134880935821,-0.06427860260009766,1
1789134880935821,-0.06427860260009766,1
1789134880935821,-0.06427860260009766,1
1789134880935821,-0.06427860260009766,1
1789134880935821,-0.06427860260009766,1
1789134880983821,0.0682065486907959,1
1789134880995821,0.20686805248260498,1
1789134880995821,0.20686805248260498,1
1789134880995821,0.20686805248260498,1
1789134880995821,0.20686805248260498,1
1789134881031821,-0.06801152229309082,1
1789134881043821,-0.22093749046325684,1
1789134881055821,-0.2537806034088135,1
1789134881055821,-0.2537806034088135,1
1789134881055821,-0.2537806034088135,1
1789134881055821,-0.2537806034088135,1
1789134881055821,-0.2537806034088135,1
1789134881103821,0.10105490684509277,1
1789134881115821,0.26976633071899414,1
1789134881115821,0.26976633071899414,1
1789134881115821,0.26976633071899414,1
1789134881139821,0.020703554153442383,1
1789134881139821,0.020703554153442383,1
1789134881163821,-0.024457454681396484,1
1789134881175821,-0.06908130645751953,1
1789134881175821,-0.06908130645751953,1
1789134881175821,-0.06908130645751953,1
1789134881175821,-0.06908130645751953,1
1789134881175821,-0.06908130645751953,1
1789134881223821,-0.03320193290710449,1
1789134881235821,0.11728823184967041,1
1789134881235821,0.11728823184967041,1
1789134881235821,0.11728823184967041,1
1789134881235821,0.11728823184967041,1
1789134881271821,-0.01846623420715332,1
1789134881283821,-0.10526871681213379,1
1789134881295821,-0.04664444923400879,1
1789134881295821,-0.04664444923400879,1
1789134881295821,-0.04664444923400879,1
1789134881295821,-0.04664444923400879,1
1789134881295821,-0.04664444923400879,1
1789134881343821,0.3830525875091553,1
1789134881355821,0.46351146697998047,1
1789134881355821,0.46351146697998047,1
1789134881355821,0.46351146697998047,1
1789134881355821,0.46351146697998047,1
1789134881391821,0.09577739238739014,1
1789134881403821,-0.01493692398071289,1
1789134881415821,-0.053171634674072266,1
1789134881415821,-0.053171634674072266,1
1789134881415821,-0.053171634674072266,1
1789134881415821,-0.053171634674072266,1
1789134881415821,-0.053171634674072266,1
1789134881463821,0.26489126682281494,1
1789134881475821,0.42261791229248047,1
1789134881475821,0.42261791229248047,1
1789134881475821,0.42261791229248047,1
1789134881475821,0.42261791229248047,1
1789134881475821,0.42261791229248047,1
1789134881523821,0.06361520290374756,1
1789134881535821,-0.06079387664794922,1
1789134881535821,-0.06079387664794922,1
1789134881535821,-0.06079387664794922,1
1789134881535821,-0.06079387664794922,1
1789134881571821,-0.0210421085357666,1
1789134881583821,0.023278474807739258,1
1789134881595821,0.08488225936889648,1
1789134881595821,0.08488225936889648,1
1789134881595994,0.08488225936889648,1
1789134881595994,0.08488225936889648,1
1789134881595994,0.08488225936889648,1
1789134881643994,-0.045438289642333984,1
1789134881655994,-0.154008150100708,1
1789134881655994,-0.154008150100708,1
1789134881655994,-0.154008150100708,1
1789134881655994,-0.154008150100708,1
1789134881655994,-0.154008150100708,1
1789134881703994,0.1381664276123047,1
1789134881715994,0.12704670429229736,1
1789134881715994,0.12704670429229736,1
1789134881715994,0.12704670429229736,1
1789134881715994,0.12704670429229736,1
1789134881715994,0.12704670429229736,1
1789134881763994,-0.3267171382904053,1
1789134881775994,-0.4287905693054199,1
1789134881775994,-0.4287905693054199,1
1789134881775994,-0.4287905693054199,1
1789134881799994,-0.5614099502563477,1
1789134881799994,-0.5614099502563477,1
1789134881823994,-0.31453657150268555,1
1789134881835994,-0.14921283721923828,1
1789134881835994,-0.14921283721923828,1
1789134881835994,-0.14921283721923828,1
1789134881859994,0.11737692356109619,1
1789134881859994,0.11737692356109619,1
1789134881883994,-0.056479692459106445,1
1789134881895994,-0.1213541030883789,1
1789134881895994,-0.1213541030883789,1
1789134881895994,-0.1213541030883789,1
1789134881895994,-0.1213541030883789,1
1789134881931994,0.13420474529266357,1
1789134881943994,0.166945219039917,1
1789134881955994,0.00031447410583496094,1
1789134881955994,0.00031447410583496094,1
1789134881955994,0.00031447410583496094,1
1789134881955994,0.00031447410583496094,1
1789134881991994,-0.20398306846618652,1
1789134882003994,-0.19197726249694824,1
1789134882015994,-0.18971586227416992,1
1789134882015994,-0.18971586227416992,1
1789134882015994,-0.18971586227416992,1
1789134882015994,-0.18971586227416992,1
1789134882051994,0.004236817359924316,1
1789134882063994,-0.0770425796508789,1
1789134882075994,-0.19199657440185547,1
1789134882075994,-0.19199657440185547,1
1789134882075994,-0.19199657440185547,1
1789134882075994,-0.19199657440185547,1
1789134882111994,0.10032057762145996,1
1789134882123994,0.1286088228225708,1
1789134882135994,0.04360508918762207,1
1789134882135994,0.04360508918762207,1
1789134882135994,0.04360508918762207,1
1789134882135994,0.04360508918762207,1
1789134882135994,0.04360508918762207,1
1789134882183994,-0.36066293716430664,1
1789134882195994,-0.49282407760620117,1
1789134882195994,-0.49282407760620117,1
1789134882195994,-0.49282407760620117,1
1789134882195994,-0.49282407760620117,1
1789134882231994,-0.30861806869506836,1
1789134882243994,-0.15280795097351074,1
1789134882255994,-0.028555631637573242,1
1789134882255994,-0.028555631637573242,1
1789134882255994,-0.028555631637573242,1
1789134882255994,-0.028555631637573242,1
1789134882255994,-0.028555631637573242,1
1789134882303994,0.4310520887374878,1
1789134882315994,0.43405330181121826,1
1789134882315994,0.43405330181121826,1
1789134882315994,0.43405330181121826,1
1789134882315994,0.43405330181121826,1
1789134882315994,0.43405330181121826,1
1789134882363994,0.11746692657470703,1
1789134882375994,0.05392622947692871,1
1789134882375994,0.05392622947692871,1
1789134882375994,0.05392622947692871,1
1789134882375994,0.05392622947692871,1
1789134882375994,0.05392622947692871,1
1789134882423994,-0.26247167587280273,1
1789134882435994,-0.48780012130737305,1
1789134882435994,-0.48780012130737305,1
1789134882435994,-0.48780012130737305,1
1789134882435994,-0.48780012130737305,1
1789134882435994,-0.48780012130737305,1
1789134882483994,-0.16991209983825684,1
1789134882495994,-0.09099364280700684,1
1789134882495994,-0.09099364280700684,1
1789134882495994,-0.09099364280700684,1
1789134882495994,-0.09099364280700684,1
1789134882495994,-0.09099364280700684,1
1789134882543994,0.40377211570739746,1
1789134882555994,0.565414547920227,1
1789134882555994,0.565414547920227,1
1789134882555994,0.565414547920227,1
1789134882555994,0.565414547920227,1
1789134882591994,0.22227120399475098,1
1789134882603994,0.07489633560180664,1
1789134882615994,0.01012873649597168,1
1789134882616166,0.01012873649597168,1
1789134882616166,0.01012873649597168,1
1789134882616166,0.01012873649597168,1
1789134882616166,0.01012873649597168,1
1789134882664166,-0.030248403549194336,1
1789134882676166,-0.025215864181518555,1
1789134882676166,-0.025215864181518555,1
1789134882676166,-0.025215864181518555,1
1789134882676166,-0.025215864181518555,1
1789134882712166,0.18975889682769775,1
1789134882724166,0.07546615600585938,1
1789134882736166,0.043065667152404785,1
1789134882736166,0.043065667152404785,1
1789134882736166,0.043065667152404785,1
1789134882736166,0.043065667152404785,1
1789134882736166,0.043065667152404785,1
1789134882784166,-0.2252182960510254,1
1789134882796166,-0.38356757164001465,1
1789134882796166,-0.38356757164001465,1
1789134882796166,-0.38356757164001465,1
1789134882796166,-0.38356757164001465,1
1789134882796166,-0.38356757164001465,1
1789134882844166,-0.004635334014892578,1
1789134882856166,0.06758666038513184,1
1789134882856166,0.06758666038513184,1
1789134882856166,0.06758666038513184,1
1789134882856166,0.06758666038513184,1
1789134882892166,-0.0967254638671875,1
1789134882904166,-0.15436482429504395,1
1789134882916166,-0.022536277770996094,1
1789134882916166,-0.022536277770996094,1
1789134882916166,-0.022536277770996094,1
1789134882916166,-0.022536277770996094,1
1789134882952166,0.1629542112350464,1
1789134882964166,0.18593692779541016,1
1789134882976166,0.10590147972106934,1
1789134882976166,0.10590147972106934,1
1789134882976166,0.10590147972106934,1
1789134882976166,0.10590147972106934,1
1789134882976166,0.10590147972106934,1
1789134883024166,0.04728233814239502,1
1789134883036166,-0.09935569763183594,1
1789134883036166,-0.09935569763183594,1
1789134883036166,-0.09935569763183594,1
1789134883036166,-0.09935569763183594,1
1789134883072166,0.02525162696838379,1
1789134883084166,0.05558288097381592,1
1789134883096166,-0.0012824535369873047,1
1789134883096166,-0.0012824535369873047,1
1789134883096166,-0.0012824535369873047,1
1789134883096166,-0.0012824535369873047,1
1789134883096166,-0.0012824535369873047,1
1789134883144166,0.22294747829437256,1
1789134883156166,0.2734884023666382,1
1789134883156166,0.2734884023666382,1
1789134883156166,0.2734884023666382,1
1789134883156166,0.2734884023666382,1
1789134883192166,-0.02420210838317871,1
1789134883204166,0.030956745147705078,1
1789134883216166,0.10464274883270264,1
1789134883216166,0.10464274883270264,1
1789134883216166,0.10464274883270264,1
1789134883216166,0.10464274883270264,1
1789134883252166,-0.08709239959716797,1
1789134883264166,-0.03994131088256836,1
1789134883276166,-0.057437896728515625,1
1789134883276166,-0.057437896728515625,1
1789134883276166,-0.057437896728515625,1
1789134883276166,-0.057437896728515625,1
1789134883312166,0.24825799465179443,1
1789134883324166,0.2782806158065796,1
1789134883336166,0.1913135051727295,1
1789134883336166,0.1913135051727295,1
1789134883336166,0.1913135051727295,1
1789134883336166,0.1913135051727295,1
1789134883336166,0.1913135051727295,1
1789134883384166,-0.24066734313964844,1
1789134883396166,-0.3928217887878418,1
1789134883396166,-0.3928217887878418,1
1789134883396166,-0.3928217887878418,1
1789134883396166,-0.3928217887878418,1
1789134883396166,-0.3928217887878418,1
1789134883444166,-0.09220194816589355,1
1789134883456166,-0.034162282943725586,1
1789134883456166,-0.034162282943725586,1
1789134883456166,-0.034162282943725586,1
1789134883456166,-0.034162282943725586,1
1789134883456166,-0.034162282943725586,1
1789134883504166,0.4063326120376587,1
1789134883516166,0.5630927085876465,1
1789134883516166,0.5630927085876465,1
1789134883516166,0.5630927085876465,1
1789134883516166,0.5630927085876465,1
1789134883552166,0.24023032188415527,1
1789134883564166,0.06986308097839355,1
1789134883576166,-0.0004737377166748047,1
1789134883576166,-0.0004737377166748047,1
1789134883576166,-0.0004737377166748047,1
1789134883576166,-0.0004737377166748047,1
1789134883576166,-0.0004737377166748047,1
1789134883624339,0.04079556465148926,1
1789134883636339,0.12673699855804443,1
1789134883636339,0.12673699855804443,1
1789134883636339,0.12673699855804443,1
1789134883636339,0.12673699855804443,1
1789134883672339,-0.18287158012390137,1
1789134883684339,-0.27425122261047363,1
1789134883696339,-0.23223304748535156,1
1789134883696339,-0.23223304748535156,1
1789134883696339,-0.23223304748535156,1
1789134883696339,-0.23223304748535156,1
1789134883696339,-0.23223304748535156,1
1789134883744339,-0.006806373596191406,1
1789134883756339,0.10173606872558594,1
1789134883756339,0.10173606872558594,1
1789134883756339,0.10173606872558594,1
1789134883756339,0.10173606872558594,1
1789134883756339,0.10173606872558594,1
1789134883804339,-0.2927718162536621,1
1789134883816339,-0.36964845657348633,1
1789134883816339,-0.36964845657348633,1
1789134883816339,-0.36964845657348633,1
1789134883816339,-0.36964845657348633,1
1789134883816339,-0.36964845657348633,1
1789134883864339,-0.1132655143737793,1
1789134883876339,0.0724790096282959,1
1789134883876339,0.0724790096282959,1
1789134883876339,0.0724790096282959,1
1789134883876339,0.0724790096282959,1
1789134883912339,-0.09272122383117676,1
1789134883924339,-0.14276933670043945,1
1789134883936339,-0.08013153076171875,1
1789134883936339,-0.08013153076171875,1
1789134883936339,-0.08013153076171875,1
1789134883936339,-0.08013153076171875,1
1789134883936339,-0.08013153076171875,1
1789134883984339,-0.0444791316986084,1
1789134883996339,0.024692893028259277,1
1789134883996339,0.024692893028259277,1
1789134883996339,0.024692893028259277,1
1789134883996339,0.024692893028259277,1
1789134884032339,-0.09324121475219727,1
1789134884044339,-0.15548038482666016,1
1789134884056339,-0.08327913284301758,1
1789134884056339,-0.08327913284301758,1
1789134884056339,-0.08327913284301758,1
1789134884056339,-0.08327913284301758,1
1789134884056339,-0.08327913284301758,1
1789134884104339,0.3700648546218872,1
1789134884116339,0.5170725584030151,1
1789134884116339,0.5170725584030151,1
1789134884116339,0.5170725584030151,1
1789134884116339,0.5170725584030151,1
1789134884152339,0.18903732299804688,1
1789134884164339,0.06264722347259521,1
1789134884176339,0.08129763603210449,1
1789134884176339,0.08129763603210449,1
1789134884176339,0.08129763603210449,1
1789134884176339,0.08129763603210449,1
1789134884212339,-0.3174445629119873,1
1789134884224339,-0.37209582328796387,1
1789134884236339,-0.20610284805297852,1
1789134884236339,-0.20610284805297852,1
1789134884236339,-0.20610284805297852,1
1789134884236339,-0.20610284805297852,1
1789134884236339,-0.20610284805297852,1
1789134884284339,-0.009985685348510742,1
1789134884296339,0.048803091049194336,1
1789134884296339,0.048803091049194336,1
1789134884296339,0.048803091049194336,1
1789134884296339,0.048803091049194336,1
1789134884296339,0.048803091049194336,1
1789134884344339,-0.24875903129577637,1
1789134884356339,-0.39852023124694824,1
1789134884356339,-0.39852023124694824,1
1789134884356339,-0.39852023124694824,1
1789134884356339,-0.39852023124694824,1
1789134884392339,-0.2903759479522705,1
1789134884404339,-0.13059115409851074,1
1789134884416339,-0.05917978286743164,1
1789134884416339,-0.05917978286743164,1
1789134884416339,-0.05917978286743164,1
1789134884416339,-0.05917978286743164,1
1789134884416339,-0.05917978286743164,1
1789134884464339,0.44426774978637695,1
1789134884476339,0.5769416093826294,1
1789134884476339,0.5769416093826294,1
1789134884476339,0.5769416093826294,1
1789134884476339,0.5769416093826294,1
1789134884476339,0.5769416093826294,1
1789134884524339,0.1768021583557129,1
1789134884536339,0.10735154151916504,1
1789134884536339,0.10735154151916504,1
1789134884536339,0.10735154151916504,1
1789134884536339,0.10735154151916504,1
1789134884572339,-0.04258131980895996,1
1789134884584339,-0.10138273239135742,1
1789134884596339,0.040436744689941406,1
1789134884596339,0.040436744689941406,1
1789134884596339,0.040436744689941406,1
1789134884596511,0.040436744689941406,1
1789134884596511,0.040436744689941406,1
1789134884644511,-0.265667200088501,1
1789134884656511,-0.34125661849975586,1
1789134884656511,-0.34125661849975586,1
1789134884656511,-0.34125661849975586,1
1789134884656511,-0.34125661849975586,1
1789134884656511,-0.34125661849975586,1
1789134884704511,-0.029068470001220703,1
1789134884716511,0.13306379318237305,1
1789134884716511,0.13306379318237305,1
1789134884716511,0.13306379318237305,1
1789134884716511,0.13306379318237305,1
1789134884716511,0.13306379318237305,1
1789134884764511,-0.06827044486999512,1
1789134884776511,-0.14112019538879395,1
1789134884776511,-0.14112019538879395,1
1789134884776511,-0.14112019538879395,1
1789134884776511,-0.14112019538879395,1
1789134884776511,-0.14112019538879395,1
1789134884824511,0.15285885334014893,1
1789134884836511,0.29238009452819824,1
1789134884836511,0.29238009452819824,1
1789134884836511,0.29238009452819824,1
1789134884836511,0.29238009452819824,1
1789134884872511,-0.014096975326538086,1
1789134884884511,-0.09536480903625488,1
1789134884896511,-0.017797231674194336,1
1789134884896511,-0.017797231674194336,1
1789134884896511,-0.017797231674194336,1
1789134884896511,-0.017797231674194336,1
1789134884896511,-0.017797231674194336,1
1789134884944511,7.867813110351562e-06,1
1789134884956511,-0.11032700538635254,1
1789134884956511,-0.11032700538635254,1
1789134884956511,-0.11032700538635254,1
1789134884956511,-0.11032700538635254,1
1789134884956511,-0.11032700538635254,1
1789134885004511,0.2059011459350586,1
1789134885016511,0.08104085922241211,1
1789134885016511,0.08104085922241211,1
1789134885016511,0.08104085922241211,1
1789134885016511,0.08104085922241211,1
1789134885052511,-0.2298891544342041,1
1789134885064511,-0.28400540351867676,1
1789134885076511,-0.2182152271270752,1
1789134885076511,-0.2182152271270752,1
1789134885076511,-0.2182152271270752,1
1789134885076511,-0.2182152271270752,1
1789134885076511,-0.2182152271270752,1
1789134885124511,0.2681570053100586,1
1789134885136511,0.3425273895263672,1
1789134885136511,0.3425273895263672,1
1789134885136511,0.3425273895263672,1
1789134885136511,0.3425273895263672,1
1789134885136511,0.3425273895263672,1
1789134885184511,-0.143326997756958,1
1789134885196511,-0.28971195220947266,1
1789134885196511,-0.28971195220947266,1
1789134885196511,-0.28971195220947266,1
1789134885196511,-0.28971195220947266,1
1789134885232511,-0.14464521408081055,1
1789134885244511,0.009385466575622559,1
1789134885256511,0.08723342418670654,1
1789134885256511,0.08723342418670654,1
1789134885256511,0.08723342418670654,1
1789134885256511,0.08723342418670654,1
1789134885256511,0.08723342418670654,1
1789134885304511,-0.2651383876800537,1
1789134885316511,-0.4177401065826416,1
1789134885316511,-0.4177401065826416,1
1789134885316511,-0.4177401065826416,1
1789134885316511,-0.4177401065826416,1
1789134885352511,-0.2921028137207031,1
1789134885364511,-0.1343233585357666,1
1789134885376511,-0.04835629463195801,1
1789134885376511,-0.04835629463195801,1
1789134885376511,-0.04835629463195801,1
1789134885376511,-0.04835629463195801,1
1789134885376511,-0.04835629463195801,1
1789134885424511,0.4465603828430176,1
1789134885436511,0.47670209407806396,1
1789134885436511,0.47670209407806396,1
1789134885436511,0.47670209407806396,1
1789134885436511,0.47670209407806396,1
1789134885472511,0.17221415042877197,1
1789134885484511,0.11908936500549316,1
1789134885496511,0.06825423240661621,1
1789134885496511,0.06825423240661621,1
1789134885496511,0.06825423240661621,1
1789134885496511,0.06825423240661621,1
1789134885532511,-0.2833733558654785,1
1789134885544511,-0.33802318572998047,1
1789134885556511,-0.24771928787231445,1
1789134885556511,-0.24771928787231445,1
1789134885556511,-0.24771928787231445,1
1789134885556511,-0.24771928787231445,1
1789134885556511,-0.24771928787231445,1
1789134885604511,0.2641857862472534,1
1789134885616511,0.35425519943237305,1
1789134885616511,0.35425519943237305,1
1789134885616683,0.35425519943237305,1
1789134885616683,0.35425519943237305,1
1789134885616683,0.35425519943237305,1
1789134885664683,-0.05884814262390137,1
1789134885676683,-0.21299171447753906,1
1789134885676683,-0.21299171447753906,1
1789134885676683,-0.21299171447753906,1
1789134885676683,-0.21299171447753906,1
1789134885676683,-0.21299171447753906,1
1789134885724683,0.12345075607299805,1
1789134885736683,0.029674053192138672,1
1789134885736683,0.029674053192138672,1
1789134885736683,0.029674053192138672,1
1789134885760683,-0.13985276222229004,1
1789134885760683,-0.13985276222229004,1
1789134885784683,0.02785170078277588,1
1789134885796683,0.17434930801391602,1
1789134885796683,0.17434930801391602,1
1789134885796683,0.17434930801391602,1
1789134885796683,0.17434930801391602,1
1789134885796683,0.17434930801391602,1
1789134885844683,-0.11502504348754883,1
1789134885856683,-0.21166515350341797,1
1789134885856683,-0.21166515350341797,1
1789134885856683,-0.21166515350341797,1
1789134885856683,-0.21166515350341797,1
1789134885892683,-0.007925987243652344,1
1789134885904683,0.032819390296936035,1
1789134885916683,0.01261603832244873,1
1789134885916683,0.01261603832244873,1
1789134885916683,0.01261603832244873,1
1789134885916683,0.01261603832244873,1
1789134885952683,-0.23525738716125488,1
1789134885964683,-0.19446992874145508,1
1789134885976683,-0.10151934623718262,1
1789134885976683,-0.10151934623718262,1
1789134885976683,-0.10151934623718262,1
1789134885976683,-0.10151934623718262,1
1789134885976683,-0.10151934623718262,1
1789134886024683,0.0499722957611084,1
1789134886036683,0.18670129776000977,1
1789134886036683,0.18670129776000977,1
1789134886036683,0.18670129776000977,1
1789134886036683,0.18670129776000977,1
1789134886036683,0.18670129776000977,1
1789134886084683,-0.27077794075012207,1
1789134886096683,-0.35863757133483887,1
1789134886096683,-0.35863757133483887,1
1789134886096683,-0.35863757133483887,1
1789134886096683,-0.35863757133483887,1
1789134886096683,-0.35863757133483887,1
1789134886144683,0.05065417289733887,1
1789134886156683,0.21686112880706787,1
1789134886156683,0.21686112880706787,1
1789134886156683,0.21686112880706787,1
1789134886156683,0.21686112880706787,1
1789134886192683,-0.10597968101501465,1
1789134886204683,-0.030220985412597656,1
1789134886216683,-0.0007958412170410156,1
1789134886216683,-0.0007958412170410156,1
1789134886216683,-0.0007958412170410156,1
1789134886216683,-0.0007958412170410156,1
1789134886216683,-0.0007958412170410156,1
1789134886264683,0.032369017601013184,1
1789134886276683,0.03594470024108887,1
1789134886276683,0.03594470024108887,1
1789134886276683,0.03594470024108887,1
1789134886276683,0.03594470024108887,1
1789134886276683,0.03594470024108887,1
1789134886324683,-0.1727585792541504,1
1789134886336683,-0.26322388648986816,1
1789134886336683,-0.26322388648986816,1
1789134886336683,-0.26322388648986816,1
1789134886336683,-0.26322388648986816,1
1789134886336683,-0.26322388648986816,1
1789134886384683,0.1248624324798584,1
1789134886396683,0.08169615268707275,1
1789134886396683,0.08169615268707275,1
1789134886396683,0.08169615268707275,1
1789134886396683,0.08169615268707275,1
1789134886396683,0.08169615268707275,1
1789134886444683,-0.3287019729614258,1
1789134886456683,-0.4063146114349365,1
1789134886456683,-0.4063146114349365,1
1789134886456683,-0.4063146114349365,1
1789134886456683,-0.4063146114349365,1
1789134886456683,-0.4063146114349365,1
1789134886504683,-0.17142558097839355,1
1789134886516683,-0.01735234260559082,1
1789134886516683,-0.01735234260559082,1
1789134886516683,-0.01735234260559082,1
1789134886516683,-0.01735234260559082,1
1789134886552683,0.33706343173980713,1
1789134886564683,0.2846951484680176,1
1789134886576683,0.20081233978271484,1
1789134886576683,0.20081233978271484,1
1789134886576683,0.20081233978271484,1
1789134886576683,0.20081233978271484,1
1789134886576683,0.20081233978271484,1
1789134886624683,-0.26311731338500977,1
1789134886636683,-0.43158650398254395,1
1789134886636854,-0.43158650398254395,1
1789134886636854,-0.43158650398254395,1
1789134886636854,-0.43158650398254395,1
1789134886672854,-0.1855943202972412,1
1789134886684854,-0.00584101676940918,1
1789134886696854,0.07625079154968262,1
1789134886696854,0.07625079154968262,1
1789134886696854,0.07625079154968262,1
1789134886696854,0.07625079154968262,1
1789134886696854,0.07625079154968262,1
1789134886744854,-0.13429903984069824,1
1789134886756854,-0.28480005264282227,1
1789134886756854,-0.28480005264282227,1
1789134886756854,-0.28480005264282227,1
1789134886756854,-0.28480005264282227,1
1789134886756854,-0.28480005264282227,1
1789134886804854,0.0018883943557739258,1
1789134886816854,0.08312809467315674,1
1789134886816854,0.08312809467315674,1
1789134886816854,0.08312809467315674,1
1789134886816854,0.08312809467315674,1
1789134886852854,-0.07690834999084473,1
1789134886864854,0.0011050701141357422,1
1789134886876854,0.15439081192016602,1
1789134886876854,0.15439081192016602,1
1789134886876854,0.15439081192016602,1
1789134886876854,0.15439081192016602,1
1789134886912854,-0.11098504066467285,1
1789134886924854,-0.18296360969543457,1
1789134886936854,-0.1234896183013916,1
1789134886936854,-0.1234896183013916,1
1789134886936854,-0.1234896183013916,1
1789134886936854,-0.1234896183013916,1
1789134886936854,-0.1234896183013916,1
1789134886984854,0.30350828170776367,1
1789134886996854,0.47367918491363525,1
1789134886996854,0.47367918491363525,1
1789134886996854,0.47367918491363525,1
1789134886996854,0.47367918491363525,1
1789134887032854,0.15185248851776123,1
1789134887044854,-0.0056803226470947266,1
1789134887056854,-0.07533073425292969,1
1789134887056854,-0.07533073425292969,1
1789134887056854,-0.07533073425292969,1
1789134887080854,-0.0766904354095459,1
1789134887080854,-0.0766904354095459,1
1789134887104854,0.17459535598754883,1
1789134887116854,0.3296602964401245,1
1789134887116854,0.3296602964401245,1
1789134887116854,0.3296602964401245,1
1789134887116854,0.3296602964401245,1
1789134887152854,0.0025565624237060547,1
1789134887164854,-0.07171201705932617,1
1789134887176854,-0.047142744064331055,1
1789134887176854,-0.047142744064331055,1
1789134887176854,-0.047142744064331055,1
1789134887176854,-0.047142744064331055,1
1789134887212854,-0.03813767433166504,1
1789134887224854,-0.08576345443725586,1
1789134887236854,0.07098019123077393,1
1789134887236854,0.07098019123077393,1
1789134887236854,0.07098019123077393,1
1789134887236854,0.07098019123077393,1
1789134887272854,-0.07956528663635254,1
1789134887284854,0.03865385055541992,1
1789134887296854,0.11683535575866699,1
1789134887296854,0.11683535575866699,1
1789134887296854,0.11683535575866699,1
1789134887296854,0.11683535575866699,1
1789134887296854,0.11683535575866699,1
1789134887344854,-0.014763116836547852,1
1789134887356854,-0.15541577339172363,1
1789134887356854,-0.15541577339172363,1
1789134887356854,-0.15541577339172363,1
1789134887356854,-0.15541577339172363,1
1789134887356854,-0.15541577339172363,1
1789134887404854,0.1326838731765747,1
1789134887416854,0.16785764694213867,1
1789134887416854,0.16785764694213867,1
1789134887416854,0.16785764694213867,1
1789134887416854,0.16785764694213867,1
1789134887416854,0.16785764694213867,1
1789134887464854,-0.10710430145263672,1
1789134887476854,-0.2666022777557373,1
1789134887476854,-0.2666022777557373,1
1789134887476854,-0.2666022777557373,1
1789134887476854,-0.2666022777557373,1
1789134887512854,-0.12957334518432617,1
1789134887524854,0.01336979866027832,1
1789134887536854,0.1425570249557495,1
1789134887536854,0.1425570249557495,1
1789134887536854,0.1425570249557495,1
1789134887536854,0.1425570249557495,1
1789134887536854,0.1425570249557495,1
1789134887584854,-0.1199493408203125,1
1789134887596854,-0.28367114067077637,1
1789134887596854,-0.28367114067077637,1
1789134887596854,-0.28367114067077637,1
1789134887596854,-0.28367114067077637,1
1789134887632854,-0.17841005325317383,1
1789134887645028,-0.01907491683959961,1
1789134887657028,0.04789721965789795,1
1789134887657028,0.04789721965789795,1
1789134887657028,0.04789721965789795,1
1789134887657028,0.04789721965789795,1
1789134887657028,0.04789721965789795,1
1789134887705028,-0.09887194633483887,1
1789134887717028,-0.1407930850982666,1
1789134887717028,-0.1407930850982666,1
1789134887717028,-0.1407930850982666,1
1789134887741028,0.02406620979309082,1
1789134887741028,0.02406620979309082,1
1789134887765028,-0.14761590957641602,1
1789134887777028,-0.18737387657165527,1
1789134887777028,-0.18737387657165527,1
1789134887777028,-0.18737387657165527,1
1789134887777028,-0.18737387657165527,1
1789134887777028,-0.18737387657165527,1
1789134887825028,0.14992928504943848,1
1789134887837028,0.32720017433166504,1
1789134887837028,0.32720017433166504,1
1789134887837028,0.32720017433166504,1
1789134887861028,0.10452377796173096,1
1789134887873028,0.049709439277648926,1
1789134887885028,-0.008022546768188477,1
1789134887897028,-0.09396696090698242,1
1789134887897028,-0.09396696090698242,1
1789134887897028,-0.09396696090698242,1
1789134887897028,-0.09396696090698242,1
1789134887897028,-0.09396696090698242,1
1789134887945028,0.2511310577392578,1
1789134887957028,0.41712892055511475,1
1789134887957028,0.41712892055511475,1
1789134887957028,0.41712892055511475,1
1789134887957028,0.41712892055511475,1
1789134887993028,0.13230347633361816,1
1789134888005028,0.06553220748901367,1
1789134888017028,-0.007893085479736328,1
1789134888017028,-0.007893085479736328,1
1789134888017028,-0.007893085479736328,1
1789134888017028,-0.007893085479736328,1
1789134888053028,0.11598718166351318,1
1789134888065028,0.1874023675918579,1
1789134888077028,0.12855017185211182,1
1789134888077028,0.12855017185211182,1
1789134888077028,0.12855017185211182,1
1789134888077028,0.12855017185211182,1
1789134888077028,0.12855017185211182,1
1789134888125028,-0.26028013229370117,1
1789134888137028,-0.3294539451599121,1
1789134888137028,-0.3294539451599121,1
1789134888137028,-0.3294539451599121,1
1789134888137028,-0.3294539451599121,1
1789134888173028,-0.1728532314300537,1
1789134888185028,-0.11103034019470215,1
1789134888197028,0.06818985939025879,1
1789134888197028,0.06818985939025879,1
1789134888197028,0.06818985939025879,1
1789134888197028,0.06818985939025879,1
1789134888197028,0.06818985939025879,1
1789134888245028,-0.10138273239135742,1
1789134888257028,-0.1743457317352295,1
1789134888257028,-0.1743457317352295,1
1789134888257028,-0.1743457317352295,1
1789134888257028,-0.1743457317352295,1
1789134888257028,-0.1743457317352295,1
1789134888305028,0.1639310121536255,1
1789134888317028,0.3099924325942993,1
1789134888317028,0.3099924325942993,1
1789134888317028,0.3099924325942993,1
1789134888317028,0.3099924325942993,1
1789134888317028,0.3099924325942993,1
1789134888365028,-0.11888790130615234,1
1789134888377028,-0.1969761848449707,1
1789134888377028,-0.1969761848449707,1
1789134888377028,-0.1969761848449707,1
1789134888401028,-0.1636643409729004,1
1789134888401028,-0.1636643409729004,1
1789134888425028,0.10616171360015869,1
1789134888437028,0.25102055072784424,1
1789134888437028,0.25102055072784424,1
1789134888437028,0.25102055072784424,1
1789134888437028,0.25102055072784424,1
1789134888437028,0.25102055072784424,1
1789134888485028,-0.018256425857543945,1
1789134888497028,-0.12877106666564941,1
1789134888497028,-0.12877106666564941,1
1789134888497028,-0.12877106666564941,1
1789134888497028,-0.12877106666564941,1
1789134888533028,0.13298678398132324,1
1789134888545028,0.20155680179595947,1
1789134888557028,0.08780574798583984,1
1789134888557028,0.08780574798583984,1
1789134888557028,0.08780574798583984,1
1789134888557028,0.08780574798583984,1
1789134888557028,0.08780574798583984,1
1789134888605028,-0.01945805549621582,1
1789134888617028,-0.09557414054870605,1
1789134888617028,-0.09557414054870605,1
1789134888617028,-0.09557414054870605,1
1789134888617199,-0.09557414054870605,1
1789134888617199,-0.09557414054870605,1
1789134888665199,0.018866419792175293,1
1789134888677199,0.10280025005340576,1
1789134888677199,0.10280025005340576,1
1789134888677199,0.10280025005340576,1
1789134888677199,0.10280025005340576,1
1789134888677199,0.10280025005340576,1
1789134888725199,-0.30327510833740234,1
1789134888737199,-0.3299691677093506,1
1789134888737199,-0.3299691677093506,1
1789134888737199,-0.3299691677093506,1
1789134888737199,-0.3299691677093506,1
1789134888737199,-0.3299691677093506,1
1789134888785199,0.11412858963012695,1
1789134888797199,0.2610509395599365,1
1789134888797199,0.2610509395599365,1
1789134888797199,0.2610509395599365,1
1789134888797199,0.2610509395599365,1
1789134888833199,-0.04346489906311035,1
1789134888845199,-0.14818263053894043,1
1789134888857199,-0.11997747421264648,1
1789134888857199,-0.11997747421264648,1
1789134888857199,-0.11997747421264648,1
1789134888857199,-0.11997747421264648,1
1789134888857199,-0.11997747421264648,1
1789134888905199,0.10798919200897217,1
1789134888917199,0.17534863948822021,1
1789134888917199,0.17534863948822021,1
1789134888917199,0.17534863948822021,1
1789134888917199,0.17534863948822021,1
1789134888953199,-0.20778560638427734,1
1789134888965199,-0.30765676498413086,1
1789134888977199,-0.23696613311767578,1
1789134888977199,-0.23696613311767578,1
1789134888977199,-0.23696613311767578,1
1789134888977199,-0.23696613311767578,1
1789134888977199,-0.23696613311767578,1
1789134889025199,0.23320603370666504,1
1789134889037199,0.40808045864105225,1
1789134889037199,0.40808045864105225,1
1789134889037199,0.40808045864105225,1
1789134889061199,0.15411674976348877,1
1789134889061199,0.15411674976348877,1
1789134889085199,-0.06560564041137695,1
1789134889097199,-0.0922994613647461,1
1789134889097199,-0.0922994613647461,1
1789134889097199,-0.0922994613647461,1
1789134889097199,-0.0922994613647461,1
1789134889097199,-0.0922994613647461,1
1789134889145199,0.27644896507263184,1
1789134889157199,0.42929601669311523,1
1789134889157199,0.42929601669311523,1
1789134889157199,0.42929601669311523,1
1789134889157199,0.42929601669311523,1
1789134889193199,0.10302114486694336,1
1789134889205199,0.020354628562927246,1
1789134889217199,-0.10511469841003418,1
1789134889217199,-0.10511469841003418,1
1789134889217199,-0.10511469841003418,1
1789134889217199,-0.10511469841003418,1
1789134889217199,-0.10511469841003418,1
1789134889265199,0.1285078525543213,1
1789134889277199,0.27344977855682373,1
1789134889277199,0.27344977855682373,1
1789134889277199,0.27344977855682373,1
1789134889277199,0.27344977855682373,1
1789134889277199,0.27344977855682373,1
1789134889325199,-0.14418911933898926,1
1789134889337199,-0.31171345710754395,1
1789134889337199,-0.31171345710754395,1
1789134889337199,-0.31171345710754395,1
1789134889337199,-0.31171345710754395,1
1789134889337199,-0.31171345710754395,1
1789134889385199,-0.10613870620727539,1
1789134889397199,0.055382728576660156,1
1789134889397199,0.055382728576660156,1
1789134889397199,0.055382728576660156,1
1789134889397199,0.055382728576660156,1
1789134889397199,0.055382728576660156,1
1789134889445199,-0.19730663299560547,1
1789134889457199,-0.2719748020172119,1
1789134889457199,-0.2719748020172119,1
1789134889457199,-0.2719748020172119,1
1789134889457199,-0.2719748020172119,1
1789134889493199,0.03887474536895752,1
1789134889505199,0.07325446605682373,1
1789134889517199,-0.08172392845153809,1
1789134889517199,-0.08172392845153809,1
1789134889517199,-0.08172392845153809,1
1789134889517199,-0.08172392845153809,1
1789134889553199,-0.0016028881072998047,1
1789134889565199,0.1455988883972168,1
1789134889577199,0.17551827430725098,1
1789134889577199,0.17551827430725098,1
1789134889577199,0.17551827430725098,1
1789134889577199,0.17551827430725098,1
1789134889577199,0.17551827430725098,1
1789134889625199,-0.21675324440002441,1
1789134889637199,-0.36341261863708496,1
1789134889637372,-0.36341261863708496,1
1789134889637372,-0.36341261863708496,1
1789134889637372,-0.36341261863708496,1
1789134889673372,-0.11692595481872559,1
1789134889685372,0.038619399070739746,1
1789134889697372,0.18520760536193848,1
1789134889697372,0.18520760536193848,1
1789134889697372,0.18520760536193848,1
1789134889697372,0.18520760536193848,1
1789134889697372,0.18520760536193848,1
1789134889745372,-0.19820284843444824,1
1789134889757372,-0.34729886054992676,1
1789134889757372,-0.34729886054992676,1
1789134889757372,-0.34729886054992676,1
1789134889757372,-0.34729886054992676,1
1789134889793372,-0.13281035423278809,1
1789134889805372,0.025951147079467773,1
1789134889817372,0.10381484031677246,1
1789134889817372,0.10381484031677246,1
1789134889817372,0.10381484031677246,1
1789134889817372,0.10381484031677246,1
1789134889853372,-0.07982802391052246,1
1789134889865372,-0.04272770881652832,1
1789134889877372,-0.08916544914245605,1
1789134889877372,-0.08916544914245605,1
1789134889877372,-0.08916544914245605,1
1789134889877372,-0.08916544914245605,1
1789134889913372,0.1953514814376831,1
1789134889925372,0.24148869514465332,1
1789134889937372,0.15754783153533936,1
1789134889937372,0.15754783153533936,1
1789134889937372,0.15754783153533936,1
1789134889937372,0.15754783153533936,1
1789134889937372,0.15754783153533936,1
1789134889985372,-0.045022010803222656,1
1789134889997372,-0.15774846076965332,1
1789134889997372,-0.15774846076965332,1
1789134889997372,-0.15774846076965332,1
1789134889997372,-0.15774846076965332,1
1789134890033372,0.04297757148742676,1
1789134890045372,0.06731116771697998,1
1789134890057372,-0.014400959014892578,1
1789134890057372,-0.014400959014892578,1
1789134890057372,-0.014400959014892578,1
1789134890057372,-0.014400959014892578,1
1789134890057372,-0.014400959014892578,1
1789134890105372,0.18893063068389893,1
1789134890117372,0.345672607421875,1
1789134890117372,0.345672607421875,1
1789134890117372,0.345672607421875,1
1789134890117372,0.345672607421875,1
1789134890153372,0.050642967224121094,1
1789134890165372,-0.09983158111572266,1
1789134890177372,-0.10422229766845703,1
1789134890177372,-0.10422229766845703,1
1789134890177372,-0.10422229766845703,1
1789134890177372,-0.10422229766845703,1
1789134890177372,-0.10422229766845703,1
1789134890225372,0.1876744031906128,1
1789134890237372,0.17520809173583984,1
1789134890237372,0.17520809173583984,1
1789134890237372,0.17520809173583984,1
1789134890237372,0.17520809173583984,1
1789134890273372,-0.14275693893432617,1
1789134890285372,-0.2953615188598633,1
1789134890297372,-0.28641748428344727,1
1789134890297372,-0.28641748428344727,1
1789134890297372,-0.28641748428344727,1
1789134890297372,-0.28641748428344727,1
1789134890297372,-0.28641748428344727,1
1789134890345372,0.15922629833221436,1
1789134890357372,0.32093286514282227,1
1789134890357372,0.32093286514282227,1
1789134890357372,0.32093286514282227,1
1789134890381372,0.07437026500701904,1
1789134890381372,0.07437026500701904,1
1789134890405372,-0.01958298683166504,1
1789134890417372,-0.057810306549072266,1
1789134890417372,-0.057810306549072266,1
1789134890417372,-0.057810306549072266,1
1789134890417372,-0.057810306549072266,1
1789134890417372,-0.057810306549072266,1
1789134890465372,0.16634047031402588,1
1789134890477372,0.3086487054824829,1
1789134890477372,0.3086487054824829,1
1789134890477372,0.3086487054824829,1
1789134890477372,0.3086487054824829,1
1789134890513372,-0.016910076141357422,1
1789134890525372,-0.045641422271728516,1
1789134890537372,-0.010242223739624023,1
1789134890537372,-0.010242223739624023,1
1789134890537372,-0.010242223739624023,1
1789134890537372,-0.010242223739624023,1
1789134890537372,-0.010242223739624023,1
1789134890585372,0.05041074752807617,1
1789134890597372,0.16241967678070068,1
1789134890597372,0.16241967678070068,1
1789134890597372,0.16241967678070068,1
1789134890597372,0.16241967678070068,1
1789134890633372,-0.1302030086517334,1
1789134890645372,-0.26979756355285645,1
1789134890657543,-0.2551569938659668,1
1789134890657543,-0.2551569938659668,1
1789134890657543,-0.2551569938659668,1
1789134890657543,-0.2551569938659668,1
1789134890657543,-0.2551569938659668,1
1789134890705543,0.30432987213134766,1
1789134890717543,0.348313570022583,1
1789134890717543,0.348313570022583,1
1789134890717543,0.348313570022583,1
1789134890717543,0.348313570022583,1
1789134890753543,0.031839966773986816,1
1789134890765543,-0.058594465255737305,1
1789134890777543,0.01888132095336914,1
1789134890777543,0.01888132095336914,1
1789134890777543,0.01888132095336914,1
1789134890777543,0.01888132095336914,1
1789134890813543,0.4092806577682495,1
1789134890825543,0.4454995393753052,1
1789134890837543,0.2695564031600952,1
1789134890837543,0.2695564031600952,1
1789134890837543,0.2695564031600952,1
1789134890861543,0.10023558139801025,1
1789134890861543,0.10023558139801025,1
1789134890885543,-0.0999293327331543,1
1789134890897543,-0.17992186546325684,1
1789134890897543,-0.17992186546325684,1
1789134890897543,-0.17992186546325684,1
1789134890897543,-0.17992186546325684,1
1789134890897543,-0.17992186546325684,1
1789134890945543,0.08669662475585938,1
1789134890957543,0.2590656280517578,1
1789134890957543,0.2590656280517578,1
1789134890957543,0.2590656280517578,1
1789134890957543,0.2590656280517578,1
1789134890957543,0.2590656280517578,1
1789134891005543,-0.22473597526550293,1
1789134891017543,-0.3027472496032715,1
1789134891017543,-0.3027472496032715,1
1789134891017543,-0.3027472496032715,1
1789134891041543,-0.24738025665283203,1
1789134891053543,-0.07367467880249023,1
1789134891065543,0.001324295997619629,1
1789134891077543,0.1617642641067505,1
1789134891077543,0.1617642641067505,1
1789134891077543,0.1617642641067505,1
1789134891077543,0.1617642641067505,1
1789134891077543,0.1617642641067505,1
1789134891125543,-0.16507220268249512,1
1789134891137543,-0.24760055541992188,1
1789134891137543,-0.24760055541992188,1
1789134891137543,-0.24760055541992188,1
1789134891137543,-0.24760055541992188,1
1789134891173543,-0.1405782699584961,1
1789134891185543,-0.06884503364562988,1
1789134891197543,0.07946991920471191,1
1789134891197543,0.07946991920471191,1
1789134891197543,0.07946991920471191,1
1789134891197543,0.07946991920471191,1
1789134891197543,0.07946991920471191,1
1789134891245543,-0.2311248779296875,1
1789134891257543,-0.3052959442138672,1
1789134891257543,-0.3052959442138672,1
1789134891257543,-0.3052959442138672,1
1789134891257543,-0.3052959442138672,1
1789134891257543,-0.3052959442138672,1
1789134891305543,-0.03573799133300781,1
1789134891317543,0.11594367027282715,1
1789134891317543,0.11594367027282715,1
1789134891317543,0.11594367027282715,1
1789134891317543,0.11594367027282715,1
1789134891317543,0.11594367027282715,1
1789134891365543,-0.17307162284851074,1
1789134891377543,-0.2569594383239746,1
1789134891377543,-0.2569594383239746,1
1789134891377543,-0.2569594383239746,1
1789134891377543,-0.2569594383239746,1
1789134891377543,-0.2569594383239746,1
1789134891425543,0.1086740493774414,1
1789134891437543,0.08150184154510498,1
1789134891437543,0.08150184154510498,1
1789134891437543,0.08150184154510498,1
1789134891437543,0.08150184154510498,1
1789134891437543,0.08150184154510498,1
1789134891485543,-0.29639625549316406,1
1789134891497543,-0.2890763282775879,1
1789134891497543,-0.2890763282775879,1
1789134891497543,-0.2890763282775879,1
1789134891497543,-0.2890763282775879,1
1789134891497543,-0.2890763282775879,1
1789134891545543,0.1517103910446167,1
1789134891557543,0.2967550754547119,1
1789134891557543,0.2967550754547119,1
1789134891557543,0.2967550754547119,1
1789134891557543,0.2967550754547119,1
1789134891593543,-0.0481877326965332,1
1789134891605543,-0.16575312614440918,1
1789134891617543,-0.17009282112121582,1
1789134891617543,-0.17009282112121582,1
1789134891617543,-0.17009282112121582,1
1789134891617543,-0.17009282112121582,1
1789134891617714,-0.17009282112121582,1
1789134891665714,0.15947246551513672,1
1789134891677714,0.12354278564453125,1
1789134891677714,0.12354278564453125,1
1789134891677714,0.12354278564453125,1
1789134891677714,0.12354278564453125,1
1789134891677714,0.12354278564453125,1
1789134891725714,-0.10741925239562988,1
1789134891737714,-0.19180536270141602,1
1789134891737714,-0.19180536270141602,1
1789134891737714,-0.19180536270141602,1
1789134891737714,-0.19180536270141602,1
1789134891737714,-0.19180536270141602,1
1789134891785714,0.11954045295715332,1
1789134891797714,0.262748122215271,1
1789134891797714,0.262748122215271,1
1789134891797714,0.262748122215271,1
1789134891797714,0.262748122215271,1
1789134891833714,-0.06955289840698242,1
1789134891845714,-0.06438636779785156,1
1789134891857714,-0.09122085571289062,1
1789134891857714,-0.09122085571289062,1
1789134891857714,-0.09122085571289062,1
1789134891857714,-0.09122085571289062,1
1789134891857714,-0.09122085571289062,1
1789134891905714,0.023633360862731934,1
1789134891917714,0.16093003749847412,1
1789134891917714,0.16093003749847412,1
1789134891917714,0.16093003749847412,1
1789134891917714,0.16093003749847412,1
1789134891917714,0.16093003749847412,1
1789134891965714,-0.1706078052520752,1
1789134891977714,-0.2511599063873291,1
1789134891977714,-0.2511599063873291,1
1789134891977714,-0.2511599063873291,1
1789134891977714,-0.2511599063873291,1
1789134891977714,-0.2511599063873291,1
1789134892025714,0.0018012523651123047,1
1789134892037714,0.12657129764556885,1
1789134892037714,0.12657129764556885,1
1789134892037714,0.12657129764556885,1
1789134892037714,0.12657129764556885,1
1789134892037714,0.12657129764556885,1
1789134892085714,-0.11477184295654297,1
1789134892097714,-0.2671070098876953,1
1789134892097714,-0.2671070098876953,1
1789134892097714,-0.2671070098876953,1
1789134892097714,-0.2671070098876953,1
1789134892133714,-0.15729212760925293,1
1789134892145714,-0.08083391189575195,1
1789134892157714,0.07426416873931885,1
1789134892157714,0.07426416873931885,1
1789134892157714,0.07426416873931885,1
1789134892157714,0.07426416873931885,1
1789134892157714,0.07426416873931885,1
1789134892205714,0.06202423572540283,1
1789134892217714,-0.027756214141845703,1
1789134892217714,-0.027756214141845703,1
1789134892217714,-0.027756214141845703,1
1789134892217714,-0.027756214141845703,1
1789134892217714,-0.027756214141845703,1
1789134892265714,0.10578691959381104,1
1789134892277714,0.09323251247406006,1
1789134892277714,0.09323251247406006,1
1789134892277714,0.09323251247406006,1
1789134892277714,0.09323251247406006,1
1789134892277714,0.09323251247406006,1
1789134892325714,-0.06449484825134277,1
1789134892337714,-0.16556000709533691,1
1789134892337714,-0.16556000709533691,1
1789134892337714,-0.16556000709533691,1
1789134892361714,-0.0907132625579834,1
1789134892361714,-0.0907132625579834,1
1789134892385714,0.12114930152893066,1
1789134892397714,-0.05783200263977051,1
1789134892397714,-0.05783200263977051,1
1789134892397714,-0.05783200263977051,1
1789134892397714,-0.05783200263977051,1
1789134892433714,-0.007980108261108398,1
1789134892445714,0.13468027114868164,1
1789134892457714,0.21308588981628418,1
1789134892457714,0.21308588981628418,1
1789134892457714,0.21308588981628418,1
1789134892457714,0.21308588981628418,1
1789134892493714,-0.0398404598236084,1
1789134892505714,-0.11682248115539551,1
1789134892517714,0.04969966411590576,1
1789134892517714,0.04969966411590576,1
1789134892517714,0.04969966411590576,1
1789134892517714,0.04969966411590576,1
1789134892517714,0.04969966411590576,1
1789134892565714,-0.10756230354309082,1
1789134892577714,-0.057333946228027344,1
1789134892577714,-0.057333946228027344,1
1789134892577714,-0.057333946228027344,1
1789134892577714,-0.057333946228027344,1
1789134892577714,-0.057333946228027344,1
1789134892625714,0.3217378854751587,1
1789134892637714,0.485152006149292,1
1789134892637714,0.485152006149292,1
1789134892637714,0.485152006149292,1
1789134892637884,0.485152006149292,1
1789134892637884,0.485152006149292,1
1789134892685884,-0.0625922679901123,1
1789134892697884,-0.20114874839782715,1
1789134892697884,-0.20114874839782715,1
1789134892697884,-0.20114874839782715,1
1789134892697884,-0.20114874839782715,1
1789134892697884,-0.20114874839782715,1
1789134892745884,-0.049689531326293945,1
1789134892757884,0.12974178791046143,1
1789134892757884,0.12974178791046143,1
1789134892757884,0.12974178791046143,1
1789134892757884,0.12974178791046143,1
1789134892793884,0.04258322715759277,1
1789134892805884,-0.13338661193847656,1
1789134892817884,-0.10811471939086914,1
1789134892817884,-0.10811471939086914,1
1789134892817884,-0.10811471939086914,1
1789134892817884,-0.10811471939086914,1
1789134892817884,-0.10811471939086914,1
1789134892865884,0.1884526014328003,1
1789134892877884,0.33437633514404297,1
1789134892877884,0.33437633514404297,1
1789134892877884,0.33437633514404297,1
1789134892877884,0.33437633514404297,1
1789134892877884,0.33437633514404297,1
1789134892925884,-0.04790949821472168,1
1789134892937884,-0.11659097671508789,1
1789134892937884,-0.11659097671508789,1
1789134892937884,-0.11659097671508789,1
1789134892937884,-0.11659097671508789,1
1789134892937884,-0.11659097671508789,1
1789134892985884,0.33030879497528076,1
1789134892997884,0.4839787483215332,1
1789134892997884,0.4839787483215332,1
1789134892997884,0.4839787483215332,1
1789134893021884,0.15440666675567627,1
1789134893021884,0.15440666675567627,1
1789134893045884,0.0015826225280761719,1
1789134893057884,-0.10418415069580078,1
1789134893057884,-0.10418415069580078,1
1789134893057884,-0.10418415069580078,1
1789134893057884,-0.10418415069580078,1
1789134893057884,-0.10418415069580078,1
1789134893105884,0.31692075729370117,1
1789134893117884,0.4816235303878784,1
1789134893117884,0.4816235303878784,1
1789134893117884,0.4816235303878784,1
1789134893117884,0.4816235303878784,1
1789134893153884,0.06995999813079834,1
1789134893165884,-0.05544304847717285,1
1789134893177884,-0.08286118507385254,1
1789134893177884,-0.08286118507385254,1
1789134893177884,-0.08286118507385254,1
1789134893177884,-0.08286118507385254,1
1789134893177884,-0.08286118507385254,1
1789134893225884,0.2038029432296753,1
1789134893237884,0.38638436794281006,1
1789134893237884,0.38638436794281006,1
1789134893237884,0.38638436794281006,1
1789134893237884,0.38638436794281006,1
1789134893237884,0.38638436794281006,1
1789134893285884,-0.1524486541748047,1
1789134893297884,-0.23228788375854492,1
1789134893297884,-0.23228788375854492,1
1789134893297884,-0.23228788375854492,1
1789134893297884,-0.23228788375854492,1
1789134893297884,-0.23228788375854492,1
1789134893345884,0.06069326400756836,1
1789134893357884,0.08043920993804932,1
1789134893357884,0.08043920993804932,1
1789134893357884,0.08043920993804932,1
1789134893357884,0.08043920993804932,1
1789134893393884,-0.24668312072753906,1
1789134893405884,-0.3437836170196533,1
1789134893417884,-0.2935922145843506,1
1789134893417884,-0.2935922145843506,1
1789134893417884,-0.2935922145843506,1
1789134893417884,-0.2935922145843506,1
1789134893453884,0.0842127799987793,1
1789134893465884,0.06730270385742188,1
1789134893477884,-0.15988612174987793,1
1789134893477884,-0.15988612174987793,1
1789134893477884,-0.15988612174987793,1
1789134893477884,-0.15988612174987793,1
1789134893513884,-0.2402477264404297,1
1789134893525884,-0.09520101547241211,1
1789134893537884,-0.01816082000732422,1
1789134893537884,-0.01816082000732422,1
1789134893537884,-0.01816082000732422,1
1789134893537884,-0.01816082000732422,1
1789134893537884,-0.01816082000732422,1
1789134893585884,0.47304415702819824,1
1789134893597884,0.5405391454696655,1
1789134893597884,0.5405391454696655,1
1789134893597884,0.5405391454696655,1
1789134893597884,0.5405391454696655,1
1789134893633884,0.0504608154296875,1
1789134893645884,-0.062486886978149414,1
1789134893657884,-0.0646970272064209,1
1789134893658055,-0.0646970272064209,1
1789134893658055,-0.0646970272064209,1
1789134893658055,-0.0646970272064209,1
1789134893658055,-0.0646970272064209,1
1789134893706055,0.12601959705352783,1
1789134893718055,0.2838869094848633,1
1789134893718055,0.2838869094848633,1
1789134893718055,0.2838869094848633,1
1789134893718055,0.2838869094848633,1
1789134893754055,-0.05717587471008301,1
1789134893766055,-0.15041089057922363,1
1789134893778055,-0.10227179527282715,1
1789134893778055,-0.10227179527282715,1
1789134893778055,-0.10227179527282715,1
1789134893778055,-0.10227179527282715,1
1789134893814055,0.23321640491485596,1
1789134893826055,0.23027217388153076,1
1789134893838055,0.01543879508972168,1
1789134893838055,0.01543879508972168,1
1789134893838055,0.01543879508972168,1
1789134893862055,-0.16469359397888184,1
1789134893862055,-0.16469359397888184,1
1789134893886055,-0.10095095634460449,1
1789134893898055,-0.02905106544494629,1
1789134893898055,-0.02905106544494629,1
1789134893898055,-0.02905106544494629,1
1789134893898055,-0.02905106544494629,1
1789134893898055,-0.02905106544494629,1
1789134893946055,0.3078402280807495,1
1789134893958055,0.27825844287872314,1
1789134893958055,0.27825844287872314,1
1789134893958055,0.27825844287872314,1
1789134893958055,0.27825844287872314,1
1789134893958055,0.27825844287872314,1
1789134894006055,-0.16012310981750488,1
1789134894018055,-0.23985576629638672,1
1789134894018055,-0.23985576629638672,1
1789134894018055,-0.23985576629638672,1
1789134894018055,-0.23985576629638672,1
1789134894054055,-0.13663077354431152,1
1789134894066055,-0.0430755615234375,1
1789134894078055,0.10694026947021484,1
1789134894078055,0.10694026947021484,1
1789134894078055,0.10694026947021484,1
1789134894078055,0.10694026947021484,1
1789134894114055,0.05395305156707764,1
1789134894126055,-0.0655829906463623,1
1789134894138055,-0.08851909637451172,1
1789134894138055,-0.08851909637451172,1
1789134894138055,-0.08851909637451172,1
1789134894138055,-0.08851909637451172,1
1789134894138055,-0.08851909637451172,1
1789134894186055,0.35426998138427734,1
1789134894198055,0.4987832307815552,1
1789134894198055,0.4987832307815552,1
1789134894198055,0.4987832307815552,1
1789134894198055,0.4987832307815552,1
1789134894234055,0.11350440979003906,1
1789134894246055,-0.008548259735107422,1
1789134894258055,-0.03386092185974121,1
1789134894258055,-0.03386092185974121,1
1789134894258055,-0.03386092185974121,1
1789134894258055,-0.03386092185974121,1
1789134894258055,-0.03386092185974121,1
1789134894306055,0.29332244396209717,1
1789134894318055,0.2941967248916626,1
1789134894318055,0.2941967248916626,1
1789134894318055,0.2941967248916626,1
1789134894318055,0.2941967248916626,1
1789134894318055,0.2941967248916626,1
1789134894366055,-0.12327170372009277,1
1789134894378055,-0.18621826171875,1
1789134894378055,-0.18621826171875,1
1789134894378055,-0.18621826171875,1
1789134894378055,-0.18621826171875,1
1789134894378055,-0.18621826171875,1
1789134894426055,0.19895923137664795,1
1789134894438055,0.3355598449707031,1
1789134894438055,0.3355598449707031,1
1789134894438055,0.3355598449707031,1
1789134894438055,0.3355598449707031,1
1789134894474055,-0.039010047912597656,1
1789134894486055,-0.1520555019378662,1
1789134894498055,-0.09061145782470703,1
1789134894498055,-0.09061145782470703,1
1789134894498055,-0.09061145782470703,1
1789134894498055,-0.09061145782470703,1
1789134894498055,-0.09061145782470703,1
1789134894546055,0.25886309146881104,1
1789134894558055,0.41058552265167236,1
1789134894558055,0.41058552265167236,1
1789134894558055,0.41058552265167236,1
1789134894558055,0.41058552265167236,1
1789134894594055,0.03436172008514404,1
1789134894606055,-0.0396270751953125,1
1789134894618055,-0.05577492713928223,1
1789134894618055,-0.05577492713928223,1
1789134894618055,-0.05577492713928223,1
1789134894618055,-0.05577492713928223,1
1789134894618055,-0.05577492713928223,1
1789134894666055,0.19399607181549072,1
1789134894678225,0.334415078163147,1
1789134894678225,0.334415078163147,1
1789134894678225,0.334415078163147,1
1789134894678225,0.334415078163147,1
1789134894678225,0.334415078163147,1
1789134894726225,-0.15757107734680176,1
1789134894738225,-0.21370172500610352,1
1789134894738225,-0.21370172500610352,1
1789134894738225,-0.21370172500610352,1
1789134894738225,-0.21370172500610352,1
1789134894774225,-0.12298727035522461,1
1789134894786225,-0.04677319526672363,1
1789134894798225,0.12434279918670654,1
1789134894798225,0.12434279918670654,1
1789134894798225,0.12434279918670654,1
1789134894798225,0.12434279918670654,1
1789134894798225,0.12434279918670654,1
1789134894846225,-0.01823902130126953,1
1789134894858225,-0.07768106460571289,1
1789134894858225,-0.07768106460571289,1
1789134894858225,-0.07768106460571289,1
1789134894858225,-0.07768106460571289,1
1789134894858225,-0.07768106460571289,1
1789134894906225,0.16260933876037598,1
1789134894918225,0.2055422067642212,1
1789134894918225,0.2055422067642212,1
1789134894918225,0.2055422067642212,1
1789134894918225,0.2055422067642212,1
1789134894954225,-0.00622868537902832,1
1789134894966225,-0.0966796875,1
1789134894978225,-0.0483546257019043,1
1789134894978225,-0.0483546257019043,1
1789134894978225,-0.0483546257019043,1
1789134894978225,-0.0483546257019043,1
1789134894978225,-0.0483546257019043,1
1789134895026225,0.39169836044311523,1
1789134895038225,0.5151171684265137,1
1789134895038225,0.5151171684265137,1
1789134895038225,0.5151171684265137,1
1789134895038225,0.5151171684265137,1
1789134895074225,0.12932300567626953,1
1789134895086225,0.028566598892211914,1
1789134895098225,0.028408050537109375,1
1789134895098225,0.028408050537109375,1
1789134895098225,0.028408050537109375,1
1789134895098225,0.028408050537109375,1
1789134895134225,-0.32653284072875977,1
1789134895146225,-0.34532904624938965,1
1789134895158225,-0.27622556686401367,1
1789134895158225,-0.27622556686401367,1
1789134895158225,-0.27622556686401367,1
1789134895158225,-0.27622556686401367,1
1789134895194225,0.11168026924133301,1
1789134895206225,0.03437221050262451,1
1789134895218225,-0.04828071594238281,1
1789134895218225,-0.04828071594238281,1
1789134895218225,-0.04828071594238281,1
1789134895218225,-0.04828071594238281,1
1789134895218225,-0.04828071594238281,1
1789134895266225,0.005131125450134277,1
1789134895278225,0.1456141471862793,1
1789134895278225,0.1456141471862793,1
1789134895278225,0.1456141471862793,1
1789134895278225,0.1456141471862793,1
1789134895314225,-0.11873769760131836,1
1789134895326225,-0.2143552303314209,1
1789134895338225,-0.08594107627868652,1
1789134895338225,-0.08594107627868652,1
1789134895338225,-0.08594107627868652,1
1789134895338225,-0.08594107627868652,1
1789134895338225,-0.08594107627868652,1
1789134895386225,0.31953978538513184,1
1789134895398225,0.4902843236923218,1
1789134895398225,0.4902843236923218,1
1789134895398225,0.4902843236923218,1
1789134895398225,0.4902843236923218,1
1789134895434225,0.09603142738342285,1
1789134895446225,-0.015334844589233398,1
1789134895458225,-0.07947659492492676,1
1789134895458225,-0.07947659492492676,1
1789134895458225,-0.07947659492492676,1
1789134895458225,-0.07947659492492676,1
1789134895458225,-0.07947659492492676,1
1789134895506225,0.13714861869812012,1
1789134895518225,0.30493319034576416,1
1789134895518225,0.30493319034576416,1
1789134895518225,0.30493319034576416,1
1789134895518225,0.30493319034576416,1
1789134895554225,0.03957962989807129,1
1789134895566225,-0.08960223197937012,1
1789134895578225,-0.08836817741394043,1
1789134895578225,-0.08836817741394043,1
1789134895578225,-0.08836817741394043,1
1789134895578225,-0.08836817741394043,1
1789134895578225,-0.08836817741394043,1
1789134895626225,0.35438787937164307,1
1789134895638225,0.4184377193450928,1
1789134895638225,0.4184377193450928,1
1789134895638225,0.4184377193450928,1
1789134895638225,0.4184377193450928,1
1789134895638394,0.4184377193450928,1
1789134895686394,-0.0006825923919677734,1
1789134895698394,-0.09277653694152832,1
1789134895698394,-0.09277653694152832,1
1789134895698394,-0.09277653694152832,1
1789134895698394,-0.09277653694152832,1
1789134895698394,-0.09277653694152832,1
1789134895746394,0.2075026035308838,1
1789134895758394,0.24928069114685059,1
1789134895758394,0.24928069114685059,1
1789134895758394,0.24928069114685059,1
1789134895758394,0.24928069114685059,1
1789134895794394,-0.05411171913146973,1
1789134895806394,-0.1525895595550537,1
1789134895818394,-0.04756903648376465,1
1789134895818394,-0.04756903648376465,1
1789134895818394,-0.04756903648376465,1
1789134895818394,-0.04756903648376465,1
1789134895818394,-0.04756903648376465,1
1789134895866394,0.34203004837036133,1
1789134895878394,0.5118777751922607,1
1789134895878394,0.5118777751922607,1
1789134895878394,0.5118777751922607,1
1789134895878394,0.5118777751922607,1
1789134895878394,0.5118777751922607,1
1789134895926394,-0.053843021392822266,1
1789134895938394,-0.14537358283996582,1
1789134895938394,-0.14537358283996582,1
1789134895938394,-0.14537358283996582,1
1789134895938394,-0.14537358283996582,1
1789134895938394,-0.14537358283996582,1
1789134895986394,-0.013530492782592773,1
1789134895998394,0.136399507522583,1
1789134895998394,0.136399507522583,1
1789134895998394,0.136399507522583,1
1789134895998394,0.136399507522583,1
1789134895998394,0.136399507522583,1
1789134896046394,-0.34658384323120117,1
1789134896058394,-0.4029252529144287,1
1789134896058394,-0.4029252529144287,1
1789134896058394,-0.4029252529144287,1
1789134896058394,-0.4029252529144287,1
1789134896094394,-0.21120548248291016,1
1789134896106394,-0.10934948921203613,1
1789134896118394,0.0694354772567749,1
1789134896118394,0.0694354772567749,1
1789134896118394,0.0694354772567749,1
1789134896118394,0.0694354772567749,1
1789134896154394,0.06556975841522217,1
1789134896166394,-0.09256601333618164,1
1789134896178394,-0.1532444953918457,1
1789134896178394,-0.1532444953918457,1
1789134896178394,-0.1532444953918457,1
1789134896178394,-0.1532444953918457,1
1789134896178394,-0.1532444953918457,1
1789134896226394,0.14212405681610107,1
1789134896238394,0.3011246919631958,1
1789134896238394,0.3011246919631958,1
1789134896238394,0.3011246919631958,1
1789134896238394,0.3011246919631958,1
1789134896274394,-0.06714916229248047,1
1789134896286394,-0.09734249114990234,1
1789134896298394,-0.05149674415588379,1
1789134896298394,-0.05149674415588379,1
1789134896298394,-0.05149674415588379,1
1789134896322394,0.27980756759643555,1
1789134896322394,0.27980756759643555,1
1789134896346394,0.3188304901123047,1
1789134896358394,0.18568074703216553,1
1789134896358394,0.18568074703216553,1
1789134896358394,0.18568074703216553,1
1789134896358394,0.18568074703216553,1
1789134896358394,0.18568074703216553,1
1789134896406394,-0.21658110618591309,1
1789134896418394,-0.26077842712402344,1
1789134896418394,-0.26077842712402344,1
1789134896418394,-0.26077842712402344,1
1789134896418394,-0.26077842712402344,1
1789134896454394,-0.17267918586730957,1
1789134896466394,-0.1166999340057373,1
1789134896478394,0.04677176475524902,1
1789134896478394,0.04677176475524902,1
1789134896478394,0.04677176475524902,1
1789134896478394,0.04677176475524902,1
1789134896478394,0.04677176475524902,1
1789134896526394,-0.1319751739501953,1
1789134896538394,-0.18657588958740234,1
1789134896538394,-0.18657588958740234,1
1789134896538394,-0.18657588958740234,1
1789134896538394,-0.18657588958740234,1
1789134896538394,-0.18657588958740234,1
1789134896586394,0.1731874942779541,1
1789134896598394,0.332065224647522,1
1789134896598394,0.332065224647522,1
1789134896598394,0.332065224647522,1
1789134896598394,0.332065224647522,1
1789134896598394,0.332065224647522,1
1789134896646394,-0.18405914306640625,1
1789134896658394,-0.2588348388671875,1
1789134896658394,-0.2588348388671875,1
1789134896658394,-0.2588348388671875,1
1789134896658566,-0.2588348388671875,1
1789134896658566,-0.2588348388671875,1
1789134896706566,-0.06146073341369629,1
1789134896718566,0.06940627098083496,1
1789134896718566,0.06940627098083496,1
1789134896718566,0.06940627098083496,1
1789134896718566,0.06940627098083496,1
1789134896754566,0.071433424949646,1
1789134896766566,-0.08874344825744629,1
1789134896778566,-0.1426408290863037,1
1789134896778566,-0.1426408290863037,1
1789134896778566,-0.1426408290863037,1
1789134896778566,-0.1426408290863037,1
1789134896778566,-0.1426408290863037,1
1789134896826566,0.14247381687164307,1
1789134896838566,0.27988433837890625,1
1789134896838566,0.27988433837890625,1
1789134896838566,0.27988433837890625,1
1789134896838566,0.27988433837890625,1
1789134896874566,-0.09794759750366211,1
1789134896886566,-0.20373034477233887,1
1789134896898566,-0.18151378631591797,1
1789134896898566,-0.18151378631591797,1
1789134896898566,-0.18151378631591797,1
1789134896898566,-0.18151378631591797,1
1789134896898566,-0.18151378631591797,1
1789134896946566,0.23889529705047607,1
1789134896958566,0.4098968505859375,1
1789134896958566,0.4098968505859375,1
1789134896958566,0.4098968505859375,1
1789134896982566,0.045479416847229004,1
1789134896982566,0.045479416847229004,1
1789134897006566,-0.12418603897094727,1
1789134897018566,-0.16949462890625,1
1789134897018566,-0.16949462890625,1
1789134897018566,-0.16949462890625,1
1789134897018566,-0.16949462890625,1
1789134897054566,0.17241191864013672,1
1789134897066566,0.17443633079528809,1
1789134897078566,-0.03778958320617676,1
1789134897078566,-0.03778958320617676,1
1789134897078566,-0.03778958320617676,1
1789134897078566,-0.03778958320617676,1
1789134897114566,-0.03020787239074707,1
1789134897126566,0.12076926231384277,1
1789134897138566,0.19066941738128662,1
1789134897138566,0.19066941738128662,1
1789134897138566,0.19066941738128662,1
1789134897138566,0.19066941738128662,1
1789134897138566,0.19066941738128662,1
1789134897186566,-0.21715641021728516,1
1789134897198566,-0.36785173416137695,1
1789134897198566,-0.36785173416137695,1
1789134897198566,-0.36785173416137695,1
1789134897198566,-0.36785173416137695,1
1789134897234566,-0.13091397285461426,1
1789134897246566,0.09869730472564697,1
1789134897258566,0.17772448062896729,1
1789134897258566,0.17772448062896729,1
1789134897258566,0.17772448062896729,1
1789134897258566,0.17772448062896729,1
1789134897258566,0.17772448062896729,1
1789134897306566,-0.2569589614868164,1
1789134897318566,-0.41334104537963867,1
1789134897318566,-0.41334104537963867,1
1789134897318566,-0.41334104537963867,1
1789134897318566,-0.41334104537963867,1
1789134897354566,-0.22096014022827148,1
1789134897366566,-0.009726524353027344,1
1789134897378566,0.04948997497558594,1
1789134897378566,0.04948997497558594,1
1789134897378566,0.04948997497558594,1
1789134897378566,0.04948997497558594,1
1789134897414566,-0.07102704048156738,1
1789134897426566,-0.13046717643737793,1
1789134897438566,0.01660943031311035,1
1789134897438566,0.01660943031311035,1
1789134897438566,0.01660943031311035,1
1789134897438566,0.01660943031311035,1
1789134897438566,0.01660943031311035,1
1789134897486566,-0.13277292251586914,1
1789134897498566,-0.1614370346069336,1
1789134897498566,-0.1614370346069336,1
1789134897498566,-0.1614370346069336,1
1789134897498566,-0.1614370346069336,1
1789134897498566,-0.1614370346069336,1
1789134897546566,0.11328375339508057,1
1789134897558566,0.13234972953796387,1
1789134897558566,0.13234972953796387,1
1789134897558566,0.13234972953796387,1
1789134897558566,0.13234972953796387,1
1789134897594566,-0.12637877464294434,1
1789134897606566,-0.20716047286987305,1
1789134897618566,-0.1398603916168213,1
1789134897618566,-0.1398603916168213,1
1789134897618566,-0.1398603916168213,1
1789134897642566,0.08884882926940918,1
1789134897642566,0.08884882926940918,1
1789134897666566,0.11068964004516602,1
1789134897678566,-0.01142573356628418,1
1789134897678735,-0.01142573356628418,1
1789134897678735,-0.01142573356628418,1
1789134897678735,-0.01142573356628418,1
1789134897678735,-0.01142573356628418,1
1789134897726735,0.11506664752960205,1
1789134897738735,0.18808937072753906,1
1789134897738735,0.18808937072753906,1
1789134897738735,0.18808937072753906,1
1789134897738735,0.18808937072753906,1
1789134897774735,-0.08477354049682617,1
1789134897786735,-0.15171170234680176,1
1789134897798735,-0.10256075859069824,1
1789134897798735,-0.10256075859069824,1
1789134897798735,-0.10256075859069824,1
1789134897798735,-0.10256075859069824,1
1789134897834735,0.23172569274902344,1
1789134897846735,0.1872084140777588,1
1789134897858735,0.10332369804382324,1
1789134897858735,0.10332369804382324,1
1789134897858735,0.10332369804382324,1
1789134897858735,0.10332369804382324,1
1789134897858735,0.10332369804382324,1
1789134897906735,-0.3570551872253418,1
1789134897918735,-0.5051388740539551,1
1789134897918735,-0.5051388740539551,1
1789134897918735,-0.5051388740539551,1
1789134897918735,-0.5051388740539551,1
1789134897954735,-0.3587789535522461,1
1789134897966735,-0.18435406684875488,1
1789134897978735,-0.11099600791931152,1
1789134897978735,-0.11099600791931152,1
1789134897978735,-0.11099600791931152,1
1789134897978735,-0.11099600791931152,1
1789134897978735,-0.11099600791931152,1
1789134898026735,0.4306495189666748,1
1789134898038735,0.5938452482223511,1
1789134898038735,0.5938452482223511,1
1789134898038735,0.5938452482223511,1
1789134898038735,0.5938452482223511,1
1789134898074735,0.3016958236694336,1
1789134898086735,0.1882108449935913,1
1789134898098735,0.16003906726837158,1
1789134898098735,0.16003906726837158,1
1789134898098735,0.16003906726837158,1
1789134898098735,0.16003906726837158,1
1789134898098735,0.16003906726837158,1
1789134898146735,-0.23290586471557617,1
1789134898158735,-0.3687615394592285,1
1789134898158735,-0.3687615394592285,1
1789134898158735,-0.3687615394592285,1
1789134898158735,-0.3687615394592285,1
1789134898194735,-0.2416248321533203,1
1789134898206735,-0.05651712417602539,1
1789134898218735,0.027486324310302734,1
1789134898218735,0.027486324310302734,1
1789134898218735,0.027486324310302734,1
1789134898218735,0.027486324310302734,1
1789134898218735,0.027486324310302734,1
1789134898266735,-0.049102783203125,1
1789134898278735,-0.14794278144836426,1
1789134898278735,-0.14794278144836426,1
1789134898278735,-0.14794278144836426,1
1789134898278735,-0.14794278144836426,1
1789134898278735,-0.14794278144836426,1
1789134898326735,0.18714940547943115,1
1789134898338735,0.27061891555786133,1
1789134898338735,0.27061891555786133,1
1789134898338735,0.27061891555786133,1
1789134898338735,0.27061891555786133,1
1789134898338735,0.27061891555786133,1
1789134898386735,-0.17510318756103516,1
1789134898398735,-0.306304931640625,1
1789134898398735,-0.306304931640625,1
1789134898398735,-0.306304931640625,1
1789134898398735,-0.306304931640625,1
1789134898434735,-0.20217037200927734,1
1789134898446735,-0.004027128219604492,1
1789134898458735,0.06253540515899658,1
1789134898458735,0.06253540515899658,1
1789134898458735,0.06253540515899658,1
1789134898458735,0.06253540515899658,1
1789134898458735,0.06253540515899658,1
1789134898506735,-0.08982396125793457,1
1789134898518735,-0.21918106079101562,1
1789134898518735,-0.21918106079101562,1
1789134898518735,-0.21918106079101562,1
1789134898518735,-0.21918106079101562,1
1789134898518735,-0.21918106079101562,1
1789134898566735,0.13132834434509277,1
1789134898578735,0.21199333667755127,1
1789134898578735,0.21199333667755127,1
1789134898578735,0.21199333667755127,1
1789134898578735,0.21199333667755127,1
1789134898578735,0.21199333667755127,1
1789134898626735,-0.20814061164855957,1
1789134898638735,-0.36606621742248535,1
1789134898638735,-0.36606621742248535,1
1789134898638735,-0.36606621742248535,1
1789134898638735,-0.36606621742248535,1
1789134898638735,-0.36606621742248535,1
1789134898686903,-0.11589813232421875,1
1789134898698903,-0.03104400634765625,1
1789134898698903,-0.03104400634765625,1
1789134898698903,-0.03104400634765625,1
1789134898698903,-0.03104400634765625,1
1789134898734903,0.3218076229095459,1
1789134898746903,0.3215174674987793,1
1789134898758903,0.1129530668258667,1
1789134898758903,0.1129530668258667,1
1789134898758903,0.1129530668258667,1
1789134898758903,0.1129530668258667,1
1789134898794903,-0.1986980438232422,1
1789134898806903,-0.30861496925354004,1
1789134898818903,-0.2322077751159668,1
1789134898818903,-0.2322077751159668,1
1789134898818903,-0.2322077751159668,1
1789134898818903,-0.2322077751159668,1
1789134898818903,-0.2322077751159668,1
1789134898866903,0.17087340354919434,1
1789134898878903,0.30595922470092773,1
1789134898878903,0.30595922470092773,1
1789134898878903,0.30595922470092773,1
1789134898878903,0.30595922470092773,1
1789134898914903,-0.06549453735351562,1
1789134898926903,-0.20814752578735352,1
1789134898938903,-0.19303107261657715,1
1789134898938903,-0.19303107261657715,1
1789134898938903,-0.19303107261657715,1
1789134898938903,-0.19303107261657715,1
1789134898938903,-0.19303107261657715,1
1789134898986903,0.1354658603668213,1
1789134898998903,0.2817709445953369,1
1789134898998903,0.2817709445953369,1
1789134898998903,0.2817709445953369,1
1789134898998903,0.2817709445953369,1
1789134899034903,-0.118804931640625,1
1789134899046903,-0.11748504638671875,1
1789134899058903,-0.12817978858947754,1
1789134899058903,-0.12817978858947754,1
1789134899058903,-0.12817978858947754,1
1789134899058903,-0.12817978858947754,1
1789134899094903,0.21842730045318604,1
1789134899106903,0.21859431266784668,1
1789134899118903,0.012373924255371094,1
1789134899118903,0.012373924255371094,1
1789134899118903,0.012373924255371094,1
1789134899118903,0.012373924255371094,1
1789134899118903,0.012373924255371094,1
1789134899166903,-0.36258769035339355,1
1789134899178903,-0.38359808921813965,1
1789134899178903,-0.38359808921813965,1
1789134899178903,-0.38359808921813965,1
1789134899178903,-0.38359808921813965,1
1789134899178903,-0.38359808921813965,1
1789134899226903,-0.10144209861755371,1
1789134899238903,0.03767681121826172,1
1789134899238903,0.03767681121826172,1
1789134899238903,0.03767681121826172,1
1789134899238903,0.03767681121826172,1
1789134899238903,0.03767681121826172,1
1789134899286903,-0.08535957336425781,1
1789134899298903,-0.1469433307647705,1
1789134899298903,-0.1469433307647705,1
1789134899298903,-0.1469433307647705,1
1789134899298903,-0.1469433307647705,1
1789134899298903,-0.1469433307647705,1
1789134899346903,0.14404773712158203,1
1789134899358903,0.18227696418762207,1
1789134899358903,0.18227696418762207,1
1789134899358903,0.18227696418762207,1
1789134899358903,0.18227696418762207,1
1789134899358903,0.18227696418762207,1
1789134899406903,-0.30243396759033203,1
1789134899418903,-0.3533034324645996,1
1789134899418903,-0.3533034324645996,1
1789134899418903,-0.3533034324645996,1
1789134899418903,-0.3533034324645996,1
1789134899418903,-0.3533034324645996,1
1789134899466903,0.09771239757537842,1
1789134899478903,0.14616131782531738,1
1789134899478903,0.14616131782531738,1
1789134899478903,0.14616131782531738,1
1789134899478903,0.14616131782531738,1
1789134899514903,-0.1631603240966797,1
1789134899526903,-0.22947430610656738,1
1789134899538903,-0.11257433891296387,1
1789134899538903,-0.11257433891296387,1
1789134899538903,-0.11257433891296387,1
1789134899538903,-0.11257433891296387,1
1789134899538903,-0.11257433891296387,1
1789134899586903,0.3108419179916382,1
1789134899598903,0.44193029403686523,1
1789134899598903,0.44193029403686523,1
1789134899598903,0.44193029403686523,1
1789134899598903,0.44193029403686523,1
1789134899598903,0.44193029403686523,1
1789134899646903,-0.056594133377075195,1
1789134899658903,-0.08240604400634766,1
1789134899658903,-0.08240604400634766,1
1789134899658903,-0.08240604400634766,1
1789134899658903,-0.08240604400634766,1
1789134899659072,-0.08240604400634766,1
1789134899707072,0.34328722953796387,1
1789134899719072,0.4850517511367798,1
1789134899719072,0.4850517511367798,1
1789134899719072,0.4850517511367798,1
1789134899719072,0.4850517511367798,1
1789134899755072,0.07520687580108643,1
1789134899767072,-0.03220319747924805,1
1789134899779072,-0.032766103744506836,1
1789134899779072,-0.032766103744506836,1
1789134899779072,-0.032766103744506836,1
1789134899779072,-0.032766103744506836,1
1789134899779072,-0.032766103744506836,1
1789134899827072,0.3954716920852661,1
1789134899839072,0.4298194646835327,1
1789134899839072,0.4298194646835327,1
1789134899839072,0.4298194646835327,1
1789134899839072,0.4298194646835327,1
1789134899875072,0.007285356521606445,1
1789134899887072,-0.08883500099182129,1
1789134899899072,-0.1159207820892334,1
1789134899899072,-0.1159207820892334,1
1789134899899072,-0.1159207820892334,1
1789134899899072,-0.1159207820892334,1
1789134899899072,-0.1159207820892334,1
1789134899947072,0.2680368423461914,1
1789134899959072,0.2982250452041626,1
1789134899959072,0.2982250452041626,1
1789134899959072,0.2982250452041626,1
1789134899959072,0.2982250452041626,1
1789134899959072,0.2982250452041626,1
1789134900007072,-0.21216440200805664,1
1789134900019072,-0.273054838180542,1
1789134900019072,-0.273054838180542,1
1789134900019072,-0.273054838180542,1
1789134900019072,-0.273054838180542,1
1789134900055072,-0.039051055908203125,1
1789134900067072,0.06328272819519043,1
1789134900079072,0.26717090606689453,1
1789134900079072,0.26717090606689453,1
1789134900079072,0.26717090606689453,1
1789134900079072,0.26717090606689453,1
1789134900115072,0.01145482063293457,1
1789134900127072,-0.07107090950012207,1
1789134900139072,-0.10186958312988281,1
1789134900139072,-0.10186958312988281,1
1789134900139072,-0.10186958312988281,1
1789134900139072,-0.10186958312988281,1
1789134900139072,-0.10186958312988281,1
1789134900187072,0.34614098072052,1
1789134900199072,0.4765322208404541,1
1789134900199072,0.4765322208404541,1
1789134900199072,0.4765322208404541,1
1789134900199072,0.4765322208404541,1
1789134900235072,0.07907211780548096,1
1789134900247072,-0.05281496047973633,1
1789134900259072,-0.08716392517089844,1
1789134900259072,-0.08716392517089844,1
1789134900259072,-0.08716392517089844,1
1789134900259072,-0.08716392517089844,1
1789134900259072,-0.08716392517089844,1
1789134900307072,0.3141244649887085,1
1789134900319072,0.5380760431289673,1
1789134900319072,0.5380760431289673,1
1789134900319072,0.5380760431289673,1
1789134900319072,0.5380760431289673,1
1789134900355072,0.1514425277709961,1
1789134900367072,0.0750044584274292,1
1789134900379072,0.06135678291320801,1
1789134900379072,0.06135678291320801,1
1789134900379072,0.06135678291320801,1
1789134900379072,0.06135678291320801,1
1789134900415072,-0.2927873134613037,1
1789134900427072,-0.35409092903137207,1
1789134900439072,-0.1785144805908203,1
1789134900439072,-0.1785144805908203,1
1789134900439072,-0.1785144805908203,1
1789134900439072,-0.1785144805908203,1
1789134900475072,0.0785590410232544,1
1789134900487072,0.07811355590820312,1
1789134900499072,-0.007155656814575195,1
1789134900499072,-0.007155656814575195,1
1789134900499072,-0.007155656814575195,1
1789134900499072,-0.007155656814575195,1
1789134900499072,-0.007155656814575195,1
1789134900547072,0.010869145393371582,1
1789134900559072,-0.032926321029663086,1
1789134900559072,-0.032926321029663086,1
1789134900559072,-0.032926321029663086,1
1789134900559072,-0.032926321029663086,1
1789134900595072,-0.011629343032836914,1
1789134900607072,0.08347034454345703,1
1789134900619072,0.05568253993988037,1
1789134900619072,0.05568253993988037,1
1789134900619072,0.05568253993988037,1
1789134900619072,0.05568253993988037,1
1789134900619072,0.05568253993988037,1
1789134900667072,-0.3379228115081787,1
1789134900679072,-0.4279639720916748,1
1789134900679072,-0.4279639720916748,1
1789134900679243,-0.4279639720916748,1
1789134900679243,-0.4279639720916748,1
1789134900715243,-0.1557321548461914,1
1789134900727243,0.055001139640808105,1
1789134900739243,0.12386775016784668,1
1789134900739243,0.12386775016784668,1
1789134900739243,0.12386775016784668,1
1789134900739243,0.12386775016784668,1
1789134900739243,0.12386775016784668,1
1789134900787243,-0.25602006912231445,1
1789134900799243,-0.4289565086364746,1
1789134900799243,-0.4289565086364746,1
1789134900799243,-0.4289565086364746,1
1789134900799243,-0.4289565086364746,1
1789134900835243,-0.2866995334625244,1
1789134900847243,-0.09481120109558105,1
1789134900859243,-0.019349336624145508,1
1789134900859243,-0.019349336624145508,1
1789134900859243,-0.019349336624145508,1
1789134900859243,-0.019349336624145508,1
1789134900859243,-0.019349336624145508,1
1789134900907243,0.20809996128082275,1
1789134900919243,0.14218831062316895,1
1789134900919243,0.14218831062316895,1
1789134900919243,0.14218831062316895,1
1789134900919243,0.14218831062316895,1
1789134900919243,0.14218831062316895,1
1789134900967243,-0.30595874786376953,1
1789134900979243,-0.38089466094970703,1
1789134900979243,-0.38089466094970703,1
1789134900979243,-0.38089466094970703,1
1789134900979243,-0.38089466094970703,1
1789134900979243,-0.38089466094970703,1
1789134901027243,-0.011473894119262695,1
1789134901039243,0.08468186855316162,1
1789134901039243,0.08468186855316162,1
1789134901039243,0.08468186855316162,1
1789134901039243,0.08468186855316162,1
1789134901075243,-0.08572793006896973,1
1789134901087243,-0.1686844825744629,1
1789134901099243,-0.12090539932250977,1
1789134901099243,-0.12090539932250977,1
1789134901099243,-0.12090539932250977,1
1789134901099243,-0.12090539932250977,1
1789134901099243,-0.12090539932250977,1
1789134901147243,0.28162693977355957,1
1789134901159243,0.31687140464782715,1
1789134901159243,0.31687140464782715,1
1789134901159243,0.31687140464782715,1
1789134901159243,0.31687140464782715,1
1789134901195243,0.06671714782714844,1
1789134901207243,-0.11717987060546875,1
1789134901219243,-0.21521902084350586,1
1789134901219243,-0.21521902084350586,1
1789134901219243,-0.21521902084350586,1
1789134901219243,-0.21521902084350586,1
1789134901219243,-0.21521902084350586,1
1789134901267243,0.10121774673461914,1
1789134901279243,0.2735166549682617,1
1789134901279243,0.2735166549682617,1
1789134901279243,0.2735166549682617,1
1789134901279243,0.2735166549682617,1
1789134901315243,-0.09939122200012207,1
1789134901327243,-0.1445903778076172,1
1789134901339243,-0.11941814422607422,1
1789134901339243,-0.11941814422607422,1
1789134901339243,-0.11941814422607422,1
1789134901339243,-0.11941814422607422,1
1789134901375243,0.1910719871520996,1
1789134901387243,0.19232416152954102,1
1789134901399243,-0.01297140121459961,1
1789134901399243,-0.01297140121459961,1
1789134901399243,-0.01297140121459961,1
1789134901399243,-0.01297140121459961,1
1789134901435243,0.046861886978149414,1
1789134901447243,0.06271672248840332,1
1789134901459243,-0.029308319091796875,1
1789134901459243,-0.029308319091796875,1
1789134901459243,-0.029308319091796875,1
1789134901459243,-0.029308319091796875,1
1789134901459243,-0.029308319091796875,1
1789134901507243,0.06807291507720947,1
1789134901519243,0.1510406732559204,1
1789134901519243,0.1510406732559204,1
1789134901519243,0.1510406732559204,1
1789134901519243,0.1510406732559204,1
1789134901555243,-0.10016512870788574,1
1789134901567243,-0.21498823165893555,1
1789134901579243,-0.16843080520629883,1
1789134901579243,-0.16843080520629883,1
1789134901579243,-0.16843080520629883,1
1789134901579243,-0.16843080520629883,1
1789134901579243,-0.16843080520629883,1
1789134901627243,0.31320202350616455,1
1789134901639243,0.44943296909332275,1
1789134901639243,0.44943296909332275,1
1789134901639243,0.44943296909332275,1
1789134901639243,0.44943296909332275,1
1789134901675243,0.03832554817199707,1
1789134901687243,-0.0899960994720459,1
1789134901699243,-0.14630913734436035,1
1789134901699411,-0.14630913734436035,1
1789134901699411,-0.14630913734436035,1
1789134901699411,-0.14630913734436035,1
1789134901735411,0.05914449691772461,1
1789134901747411,0.06841552257537842,1
1789134901759411,-0.10747241973876953,1
1789134901759411,-0.10747241973876953,1
1789134901759411,-0.10747241973876953,1
1789134901759411,-0.10747241973876953,1
1789134901795411,-0.07410049438476562,1
1789134901807411,0.07142949104309082,1
1789134901819411,0.1628129482269287,1
1789134901819411,0.1628129482269287,1
1789134901819411,0.1628129482269287,1
1789134901819411,0.1628129482269287,1
1789134901819411,0.1628129482269287,1
1789134901867411,-0.2195882797241211,1
1789134901879411,-0.3104074001312256,1
1789134901879411,-0.3104074001312256,1
1789134901879411,-0.3104074001312256,1
1789134901879411,-0.3104074001312256,1
1789134901915411,0.03369879722595215,1
1789134901927411,-0.021079301834106445,1
1789134901939411,-0.10477519035339355,1
1789134901939411,-0.10477519035339355,1
1789134901939411,-0.10477519035339355,1
1789134901939411,-0.10477519035339355,1
1789134901939411,-0.10477519035339355,1
1789134901987411,0.18436920642852783,1
1789134901999411,0.33523881435394287,1
1789134901999411,0.33523881435394287,1
1789134901999411,0.33523881435394287,1
1789134901999411,0.33523881435394287,1
1789134902035411,-0.03446030616760254,1
1789134902047411,-0.12798595428466797,1
1789134902059411,-0.08131241798400879,1
1789134902059411,-0.08131241798400879,1
1789134902059411,-0.08131241798400879,1
1789134902059411,-0.08131241798400879,1
1789134902059411,-0.08131241798400879,1
1789134902107411,0.3490157127380371,1
1789134902119411,0.38342440128326416,1
1789134902119411,0.38342440128326416,1
1789134902119411,0.38342440128326416,1
1789134902119411,0.38342440128326416,1
1789134902155411,0.07862567901611328,1
1789134902167411,-0.0035552978515625,1
1789134902179411,-0.12004899978637695,1
1789134902179411,-0.12004899978637695,1
1789134902179411,-0.12004899978637695,1
1789134902179411,-0.12004899978637695,1
1789134902179411,-0.12004899978637695,1
1789134902227411,0.11481130123138428,1
1789134902239411,0.27007949352264404,1
1789134902239411,0.27007949352264404,1
1789134902239411,0.27007949352264404,1
1789134902263411,-0.0026884078979492188,1
1789134902263411,-0.0026884078979492188,1
1789134902287411,-0.14319396018981934,1
1789134902299411,-0.1332378387451172,1
1789134902299411,-0.1332378387451172,1
1789134902299411,-0.1332378387451172,1
1789134902299411,-0.1332378387451172,1
1789134902299411,-0.1332378387451172,1
1789134902347411,0.32645559310913086,1
1789134902359411,0.3819460868835449,1
1789134902359411,0.3819460868835449,1
1789134902359411,0.3819460868835449,1
1789134902359411,0.3819460868835449,1
1789134902395411,0.04318571090698242,1
1789134902407411,-0.046417951583862305,1
1789134902419411,-0.11632084846496582,1
1789134902419411,-0.11632084846496582,1
1789134902419411,-0.11632084846496582,1
1789134902419411,-0.11632084846496582,1
1789134902419411,-0.11632084846496582,1
1789134902467411,0.3497145175933838,1
1789134902479411,0.5090603828430176,1
1789134902479411,0.5090603828430176,1
1789134902479411,0.5090603828430176,1
1789134902479411,0.5090603828430176,1
1789134902515411,0.12369084358215332,1
1789134902527411,0.03734099864959717,1
1789134902539411,-0.0017902851104736328,1
1789134902539411,-0.0017902851104736328,1
1789134902539411,-0.0017902851104736328,1
1789134902539411,-0.0017902851104736328,1
1789134902539411,-0.0017902851104736328,1
1789134902587411,-0.15349531173706055,1
1789134902599411,-0.14866375923156738,1
1789134902599411,-0.14866375923156738,1
1789134902599411,-0.14866375923156738,1
1789134902599411,-0.14866375923156738,1
1789134902635411,0.08899176120758057,1
1789134902647411,0.06652164459228516,1
1789134902659411,-0.019194602966308594,1
1789134902659411,-0.019194602966308594,1
1789134902659411,-0.019194602966308594,1
1789134902659411,-0.019194602966308594,1
1789134902695411,-0.02946615219116211,1
1789134902707579,0.052224159240722656,1
1789134902719579,0.15717554092407227,1
1789134902719579,0.15717554092407227,1
1789134902719579,0.15717554092407227,1
1789134902719579,0.15717554092407227,1
1789134902755579,-0.11813879013061523,1
1789134902767579,-0.1944119930267334,1
1789134902779579,-0.12670063972473145,1
1789134902779579,-0.12670063972473145,1
1789134902779579,-0.12670063972473145,1
1789134902779579,-0.12670063972473145,1
1789134902779579,-0.12670063972473145,1
1789134902827579,0.2704489231109619,1
1789134902839579,0.43502044677734375,1
1789134902839579,0.43502044677734375,1
1789134902839579,0.43502044677734375,1
1789134902839579,0.43502044677734375,1
1789134902875579,0.034163594245910645,1
1789134902887579,-0.09967327117919922,1
1789134902899579,-0.11710095405578613,1
1789134902899579,-0.11710095405578613,1
1789134902899579,-0.11710095405578613,1
1789134902923579,-0.04555654525756836,1
1789134902923579,-0.04555654525756836,1
1789134902947579,0.18610811233520508,1
1789134902959579,0.22319281101226807,1
1789134902959579,0.22319281101226807,1
1789134902959579,0.22319281101226807,1
1789134902959579,0.22319281101226807,1
1789134902995579,-0.08585429191589355,1
1789134903007579,-0.138930082321167,1
1789134903019579,-0.12175798416137695,1
1789134903019579,-0.12175798416137695,1
1789134903019579,-0.12175798416137695,1
1789134903019579,-0.12175798416137695,1
1789134903055579,0.2964484691619873,1
1789134903067579,0.27909600734710693,1
1789134903079579,0.05643808841705322,1
1789134903079579,0.05643808841705322,1
1789134903079579,0.05643808841705322,1
1789134903079579,0.05643808841705322,1
1789134903079579,0.05643808841705322,1
1789134903127579,-0.2963700294494629,1
1789134903139579,-0.3451504707336426,1
1789134903139579,-0.3451504707336426,1
1789134903139579,-0.3451504707336426,1
1789134903139579,-0.3451504707336426,1
1789134903139579,-0.3451504707336426,1
1789134903187579,-0.09208464622497559,1
1789134903199579,0.06348073482513428,1
1789134903199579,0.06348073482513428,1
1789134903199579,0.06348073482513428,1
1789134903199579,0.06348073482513428,1
1789134903199579,0.06348073482513428,1
1789134903247579,-0.05873823165893555,1
1789134903259579,-0.13033628463745117,1
1789134903259579,-0.13033628463745117,1
1789134903259579,-0.13033628463745117,1
1789134903259579,-0.13033628463745117,1
1789134903259579,-0.13033628463745117,1
1789134903307579,0.21789681911468506,1
1789134903319579,0.3697317838668823,1
1789134903319579,0.3697317838668823,1
1789134903319579,0.3697317838668823,1
1789134903319579,0.3697317838668823,1
1789134903355579,-0.009634256362915039,1
1789134903367579,-0.09981250762939453,1
1789134903379579,-0.10778021812438965,1
1789134903379579,-0.10778021812438965,1
1789134903379579,-0.10778021812438965,1
1789134903379579,-0.10778021812438965,1
1789134903379579,-0.10778021812438965,1
1789134903427579,0.3162221908569336,1
1789134903439579,0.3412860631942749,1
1789134903439579,0.3412860631942749,1
1789134903439579,0.3412860631942749,1
1789134903439579,0.3412860631942749,1
1789134903475579,0.047480225563049316,1
1789134903487579,-0.028185367584228516,1
1789134903499579,-0.04637932777404785,1
1789134903499579,-0.04637932777404785,1
1789134903499579,-0.04637932777404785,1
1789134903499579,-0.04637932777404785,1
1789134903499579,-0.04637932777404785,1
1789134903547579,0.329073429107666,1
1789134903559579,0.3598240613937378,1
1789134903559579,0.3598240613937378,1
1789134903559579,0.3598240613937378,1
1789134903583579,0.08324503898620605,1
1789134903583579,0.08324503898620605,1
1789134903607579,-0.05133962631225586,1
1789134903619579,-0.08678245544433594,1
1789134903619579,-0.08678245544433594,1
1789134903619579,-0.08678245544433594,1
1789134903619579,-0.08678245544433594,1
1789134903619579,-0.08678245544433594,1
1789134903667579,0.36950433254241943,1
1789134903679579,0.508030891418457,1
1789134903679579,0.508030891418457,1
1789134903679579,0.508030891418457,1
1789134903679579,0.508030891418457,1
1789134903715748,0.0974724292755127,1
1789134903727748,0.02876138687133789,1
1789134903739748,0.0347064733505249,1
1789134903739748,0.0347064733505249,1
1789134903739748,0.0347064733505249,1
1789134903739748,0.0347064733505249,1
1789134903739748,0.0347064733505249,1
1789134903787748,-0.2289903163909912,1
1789134903799748,-0.20724797248840332,1
1789134903799748,-0.20724797248840332,1
1789134903799748,-0.20724797248840332,1
1789134903799748,-0.20724797248840332,1
1789134903835748,0.1296616792678833,1
1789134903847748,0.08166885375976562,1
1789134903859748,-0.004551887512207031,1
1789134903859748,-0.004551887512207031,1
1789134903859748,-0.004551887512207031,1
1789134903859748,-0.004551887512207031,1
1789134903859748,-0.004551887512207031,1
1789134903907748,0.10021054744720459,1
1789134903919748,0.18295586109161377,1
1789134903919748,0.18295586109161377,1
1789134903919748,0.18295586109161377,1
1789134903919748,0.18295586109161377,1
1789134903955748,-0.1521308422088623,1
1789134903967748,-0.18401622772216797,1
1789134903979748,-0.15590405464172363,1
1789134903979748,-0.15590405464172363,1
1789134903979748,-0.15590405464172363,1
1789134903979748,-0.15590405464172363,1
1789134904015748,0.18306827545166016,1
1789134904027748,0.18391311168670654,1
1789134904039748,-0.03071427345275879,1
1789134904039748,-0.03071427345275879,1
1789134904039748,-0.03071427345275879,1
1789134904039748,-0.03071427345275879,1
1789134904075748,-0.022288799285888672,1
1789134904087748,0.13709211349487305,1
1789134904099748,0.19630420207977295,1
1789134904099748,0.19630420207977295,1
1789134904099748,0.19630420207977295,1
1789134904099748,0.19630420207977295,1
1789134904099748,0.19630420207977295,1
1789134904147748,-0.2113955020904541,1
1789134904159748,-0.29816102981567383,1
1789134904159748,-0.29816102981567383,1
1789134904159748,-0.29816102981567383,1
1789134904159748,-0.29816102981567383,1
1789134904159748,-0.29816102981567383,1
1789134904207748,0.09199070930480957,1
1789134904219748,0.16659128665924072,1
1789134904219748,0.16659128665924072,1
1789134904219748,0.16659128665924072,1
1789134904219748,0.16659128665924072,1
1789134904219748,0.16659128665924072,1
1789134904267748,-0.2988135814666748,1
1789134904279748,-0.43382835388183594,1
1789134904279748,-0.43382835388183594,1
1789134904279748,-0.43382835388183594,1
1789134904279748,-0.43382835388183594,1
1789134904315748,-0.28787851333618164,1
1789134904327748,-0.08077430725097656,1
1789134904339748,-0.021146059036254883,1
1789134904339748,-0.021146059036254883,1
1789134904339748,-0.021146059036254883,1
1789134904339748,-0.021146059036254883,1
1789134904375748,0.2942028045654297,1
1789134904387748,0.24148142337799072,1
1789134904399748,0.030140399932861328,1
1789134904399748,0.030140399932861328,1
1789134904399748,0.030140399932861328,1
1789134904399748,0.030140399932861328,1
1789134904399748,0.030140399932861328,1
1789134904447748,-0.347912073135376,1
1789134904459748,-0.4126408100128174,1
1789134904459748,-0.4126408100128174,1
1789134904459748,-0.4126408100128174,1
1789134904459748,-0.4126408100128174,1
1789134904459748,-0.4126408100128174,1
1789134904507748,-0.14958643913269043,1
1789134904519748,-0.03489232063293457,1
1789134904519748,-0.03489232063293457,1
1789134904519748,-0.03489232063293457,1
1789134904519748,-0.03489232063293457,1
1789134904555748,0.3404191732406616,1
1789134904567748,0.22764217853546143,1
1789134904579748,0.14222657680511475,1
1789134904579748,0.14222657680511475,1
1789134904579748,0.14222657680511475,1
1789134904579748,0.14222657680511475,1
1789134904579748,0.14222657680511475,1
1789134904627748,-0.26252269744873047,1
1789134904639748,-0.4141809940338135,1
1789134904639748,-0.4141809940338135,1
1789134904639748,-0.4141809940338135,1
1789134904639748,-0.4141809940338135,1
1789134904675748,-0.34403228759765625,1
1789134904687748,-0.17670917510986328,1
1789134904699748,-0.07736635208129883,1
1789134904699748,-0.07736635208129883,1
1789134904699915,-0.07736635208129883,1
1789134904699915,-0.07736635208129883,1
1789134904699915,-0.07736635208129883,1
1789134904747915,0.4602593183517456,1
1789134904759915,0.6055381298065186,1
1789134904759915,0.6055381298065186,1
1789134904759915,0.6055381298065186,1
1789134904759915,0.6055381298065186,1
1789134904795915,0.1731095314025879,1
1789134904807915,0.058863282203674316,1
1789134904819915,0.012959599494934082,1
1789134904819915,0.012959599494934082,1
1789134904819915,0.012959599494934082,1
1789134904819915,0.012959599494934082,1
1789134904819915,0.012959599494934082,1
1789134904867915,-0.33732008934020996,1
1789134904879915,-0.367708683013916,1
1789134904879915,-0.367708683013916,1
1789134904879915,-0.367708683013916,1
1789134904903915,-0.3017277717590332,1
1789134904903915,-0.3017277717590332,1
1789134904927915,-0.05849814414978027,1
1789134904939915,0.02682054042816162,1
1789134904939915,0.02682054042816162,1
1789134904939915,0.02682054042816162,1
1789134904939915,0.02682054042816162,1
1789134904939915,0.02682054042816162,1
1789134904987915,-0.016951322555541992,1
1789134904999915,-0.16124343872070312,1
1789134904999915,-0.16124343872070312,1
1789134904999915,-0.16124343872070312,1
1789134904999915,-0.16124343872070312,1
1789134905035915,0.03856241703033447,1
1789134905047915,0.02153778076171875,1
1789134905059915,-0.060686588287353516,1
1789134905059915,-0.060686588287353516,1
1789134905059915,-0.060686588287353516,1
1789134905059915,-0.060686588287353516,1
1789134905059915,-0.060686588287353516,1
1789134905107915,0.10514020919799805,1
1789134905119915,0.2540844678878784,1
1789134905119915,0.2540844678878784,1
1789134905119915,0.2540844678878784,1
1789134905119915,0.2540844678878784,1
1789134905119915,0.2540844678878784,1
1789134905167915,-0.1924903392791748,1
1789134905179915,-0.24440860748291016,1
1789134905179915,-0.24440860748291016,1
1789134905179915,-0.24440860748291016,1
1789134905179915,-0.24440860748291016,1
1789134905179915,-0.24440860748291016,1
1789134905227915,0.32847368717193604,1
1789134905239915,0.47181832790374756,1
1789134905239915,0.47181832790374756,1
1789134905239915,0.47181832790374756,1
1789134905239915,0.47181832790374756,1
1789134905275915,0.04370427131652832,1
1789134905287915,-0.053957462310791016,1
1789134905299915,-0.09092903137207031,1
1789134905299915,-0.09092903137207031,1
1789134905299915,-0.09092903137207031,1
1789134905299915,-0.09092903137207031,1
1789134905335915,0.29604625701904297,1
1789134905347915,0.2844550609588623,1
1789134905359915,0.06968629360198975,1
1789134905359915,0.06968629360198975,1
1789134905359915,0.06968629360198975,1
1789134905359915,0.06968629360198975,1
1789134905359915,0.06968629360198975,1
1789134905407915,-0.35292816162109375,1
1789134905419915,-0.422515869140625,1
1789134905419915,-0.422515869140625,1
1789134905419915,-0.422515869140625,1
1789134905419915,-0.422515869140625,1
1789134905419915,-0.422515869140625,1
1789134905467915,-0.10237836837768555,1
1789134905479915,0.05310511589050293,1
1789134905479915,0.05310511589050293,1
1789134905479915,0.05310511589050293,1
1789134905479915,0.05310511589050293,1
1789134905479915,0.05310511589050293,1
1789134905527915,-0.045995473861694336,1
1789134905539915,-0.11484026908874512,1
1789134905539915,-0.11484026908874512,1
1789134905539915,-0.11484026908874512,1
1789134905539915,-0.11484026908874512,1
1789134905539915,-0.11484026908874512,1
1789134905587915,0.20081400871276855,1
1789134905599915,0.34773051738739014,1
1789134905599915,0.34773051738739014,1
1789134905599915,0.34773051738739014,1
1789134905599915,0.34773051738739014,1
1789134905599915,0.34773051738739014,1
1789134905647915,-0.16278910636901855,1
1789134905659915,-0.238908052444458,1
1789134905659915,-0.238908052444458,1
1789134905659915,-0.238908052444458,1
1789134905659915,-0.238908052444458,1
1789134905695915,0.011204838752746582,1
1789134905707915,0.01951766014099121,1
1789134905719915,-0.18121647834777832,1
1789134905720082,-0.18121647834777832,1
1789134905720082,-0.18121647834777832,1
1789134905720082,-0.18121647834777832,1
1789134905756082,-0.05561017990112305,1
1789134905768082,0.13382995128631592,1
1789134905780082,0.1648317575454712,1
1789134905780082,0.1648317575454712,1
1789134905780082,0.1648317575454712,1
1789134905780082,0.1648317575454712,1
1789134905780082,0.1648317575454712,1
1789134905828082,-0.29445505142211914,1
1789134905840082,-0.4295470714569092,1
1789134905840082,-0.4295470714569092,1
1789134905840082,-0.4295470714569092,1
1789134905840082,-0.4295470714569092,1
1789134905876082,-0.2969527244567871,1
1789134905888082,-0.10675644874572754,1
1789134905900082,-0.0005331039428710938,1
1789134905900082,-0.0005331039428710938,1
1789134905900082,-0.0005331039428710938,1
1789134905900082,-0.0005331039428710938,1
1789134905900082,-0.0005331039428710938,1
1789134905948082,0.25148844718933105,1
1789134905960082,0.28507304191589355,1
1789134905960082,0.28507304191589355,1
1789134905960082,0.28507304191589355,1
1789134905960082,0.28507304191589355,1
1789134905996082,-0.04272890090942383,1
1789134906008082,-0.08294820785522461,1
1789134906020082,-0.045655012130737305,1
1789134906020082,-0.045655012130737305,1
1789134906020082,-0.045655012130737305,1
1789134906020082,-0.045655012130737305,1
1789134906056082,0.33942699432373047,1
1789134906068082,0.3289072513580322,1
1789134906080082,0.11718988418579102,1
1789134906080082,0.11718988418579102,1
1789134906080082,0.11718988418579102,1
1789134906080082,0.11718988418579102,1
1789134906080082,0.11718988418579102,1
1789134906128082,-0.2705540657043457,1
1789134906140082,-0.3531608581542969,1
1789134906140082,-0.3531608581542969,1
1789134906140082,-0.3531608581542969,1
1789134906140082,-0.3531608581542969,1
1789134906140082,-0.3531608581542969,1
1789134906188082,-0.12543582916259766,1
1789134906200082,0.011906743049621582,1
1789134906200082,0.011906743049621582,1
1789134906200082,0.011906743049621582,1
1789134906224082,0.1551358699798584,1
1789134906224082,0.1551358699798584,1
1789134906248082,0.029643893241882324,1
1789134906260082,-0.04272913932800293,1
1789134906260082,-0.04272913932800293,1
1789134906260082,-0.04272913932800293,1
1789134906260082,-0.04272913932800293,1
1789134906260082,-0.04272913932800293,1
1789134906308082,0.1401749849319458,1
1789134906320082,0.28070807456970215,1
1789134906320082,0.28070807456970215,1
1789134906320082,0.28070807456970215,1
1789134906320082,0.28070807456970215,1
1789134906356082,-0.0007331371307373047,1
1789134906368082,-0.12465858459472656,1
1789134906380082,-0.09192156791687012,1
1789134906380082,-0.09192156791687012,1
1789134906380082,-0.09192156791687012,1
1789134906380082,-0.09192156791687012,1
1789134906380082,-0.09192156791687012,1
1789134906428082,0.2603362798690796,1
1789134906440082,0.43551647663116455,1
1789134906440082,0.43551647663116455,1
1789134906440082,0.43551647663116455,1
1789134906440082,0.43551647663116455,1
1789134906440082,0.43551647663116455,1
1789134906488082,0.014470338821411133,1
1789134906500082,-0.07605671882629395,1
1789134906500082,-0.07605671882629395,1
1789134906500082,-0.07605671882629395,1
1789134906500082,-0.07605671882629395,1
1789134906500082,-0.07605671882629395,1
1789134906548082,0.22016465663909912,1
1789134906560082,0.3960531949996948,1
1789134906560082,0.3960531949996948,1
1789134906560082,0.3960531949996948,1
1789134906560082,0.3960531949996948,1
1789134906560082,0.3960531949996948,1
1789134906608082,-0.09733057022094727,1
1789134906620082,-0.1328413486480713,1
1789134906620082,-0.1328413486480713,1
1789134906620082,-0.1328413486480713,1
1789134906620082,-0.1328413486480713,1
1789134906656082,0.1917738914489746,1
1789134906668082,0.18993628025054932,1
1789134906680082,-0.020903825759887695,1
1789134906680082,-0.020903825759887695,1
1789134906680082,-0.020903825759887695,1
1789134906680082,-0.020903825759887695,1
1789134906680082,-0.020903825759887695,1
1789134906728249,0.12778139114379883,1
1789134906740249,0.20119845867156982,1
1789134906740249,0.20119845867156982,1
1789134906740249,0.20119845867156982,1
1789134906740249,0.20119845867156982,1
1789134906740249,0.20119845867156982,1
1789134906788249,-0.16362333297729492,1
1789134906800249,-0.31368017196655273,1
1789134906800249,-0.31368017196655273,1
1789134906800249,-0.31368017196655273,1
1789134906800249,-0.31368017196655273,1
1789134906836249,-0.15059423446655273,1
1789134906848249,0.04368114471435547,1
1789134906860249,0.12627959251403809,1
1789134906860249,0.12627959251403809,1
1789134906860249,0.12627959251403809,1
1789134906860249,0.12627959251403809,1
1789134906860249,0.12627959251403809,1
1789134906908249,-0.27881956100463867,1
1789134906920249,-0.4343271255493164,1
1789134906920249,-0.4343271255493164,1
1789134906920249,-0.4343271255493164,1
1789134906920249,-0.4343271255493164,1
1789134906920249,-0.4343271255493164,1
1789134906968249,-0.1682882308959961,1
1789134906980249,-0.08991527557373047,1
1789134906980249,-0.08991527557373047,1
1789134906980249,-0.08991527557373047,1
1789134906980249,-0.08991527557373047,1
1789134907016249,0.3610706329345703,1
1789134907028249,0.35150253772735596,1
1789134907040249,0.12678289413452148,1
1789134907040249,0.12678289413452148,1
1789134907040249,0.12678289413452148,1
1789134907040249,0.12678289413452148,1
1789134907040249,0.12678289413452148,1
1789134907088249,-0.3065178394317627,1
1789134907100249,-0.3857440948486328,1
1789134907100249,-0.3857440948486328,1
1789134907100249,-0.3857440948486328,1
1789134907100249,-0.3857440948486328,1
1789134907100249,-0.3857440948486328,1
1789134907148249,-0.08121633529663086,1
1789134907160249,0.06095778942108154,1
1789134907160249,0.06095778942108154,1
1789134907160249,0.06095778942108154,1
1789134907160249,0.06095778942108154,1
1789134907196249,0.11119019985198975,1
1789134907208249,-0.04099726676940918,1
1789134907220249,-0.12053203582763672,1
1789134907220249,-0.12053203582763672,1
1789134907220249,-0.12053203582763672,1
1789134907220249,-0.12053203582763672,1
1789134907220249,-0.12053203582763672,1
1789134907268249,0.20602452754974365,1
1789134907280249,0.3623998165130615,1
1789134907280249,0.3623998165130615,1
1789134907280249,0.3623998165130615,1
1789134907280249,0.3623998165130615,1
1789134907316249,-0.014218568801879883,1
1789134907328249,-0.08548927307128906,1
1789134907340249,-0.06858444213867188,1
1789134907340249,-0.06858444213867188,1
1789134907340249,-0.06858444213867188,1
1789134907340249,-0.06858444213867188,1
1789134907340249,-0.06858444213867188,1
1789134907388249,0.36549413204193115,1
1789134907400249,0.5208806991577148,1
1789134907400249,0.5208806991577148,1
1789134907400249,0.5208806991577148,1
1789134907400249,0.5208806991577148,1
1789134907436249,0.12170243263244629,1
1789134907448249,0.04327189922332764,1
1789134907460249,-0.0018622875213623047,1
1789134907460249,-0.0018622875213623047,1
1789134907460249,-0.0018622875213623047,1
1789134907460249,-0.0018622875213623047,1
1789134907460249,-0.0018622875213623047,1
1789134907508249,-0.06896424293518066,1
1789134907520249,-0.01511526107788086,1
1789134907520249,-0.01511526107788086,1
1789134907520249,-0.01511526107788086,1
1789134907520249,-0.01511526107788086,1
1789134907520249,-0.01511526107788086,1
1789134907568249,0.13471746444702148,1
1789134907580249,0.1157083511352539,1
1789134907580249,0.1157083511352539,1
1789134907580249,0.1157083511352539,1
1789134907580249,0.1157083511352539,1
1789134907580249,0.1157083511352539,1
1789134907628249,-0.3329145908355713,1
1789134907640249,-0.42353248596191406,1
1789134907640249,-0.42353248596191406,1
1789134907640249,-0.42353248596191406,1
1789134907640249,-0.42353248596191406,1
1789134907676249,-0.043973445892333984,1
1789134907688249,0.21781933307647705,1
1789134907700249,0.2465817928314209,1
1789134907700249,0.2465817928314209,1
1789134907700249,0.2465817928314209,1
1789134907700416,0.2465817928314209,1
1789134907700416,0.2465817928314209,1
1789134907748416,-0.21113061904907227,1
1789134907760416,-0.3671581745147705,1
1789134907760416,-0.3671581745147705,1
1789134907760416,-0.3671581745147705,1
1789134907760416,-0.3671581745147705,1
1789134907796416,-0.2520790100097656,1
1789134907808416,-0.06676959991455078,1
1789134907820416,-0.0013353824615478516,1
1789134907820416,-0.0013353824615478516,1
1789134907820416,-0.0013353824615478516,1
1789134907820416,-0.0013353824615478516,1
1789134907820416,-0.0013353824615478516,1
1789134907868416,0.18065106868743896,1
1789134907880416,0.10821616649627686,1
1789134907880416,0.10821616649627686,1
1789134907880416,0.10821616649627686,1
1789134907880416,0.10821616649627686,1
1789134907916416,-0.14190983772277832,1
1789134907928416,-0.23259639739990234,1
1789134907940416,-0.17817950248718262,1
1789134907940416,-0.17817950248718262,1
1789134907940416,-0.17817950248718262,1
1789134907940416,-0.17817950248718262,1
1789134907976416,0.16898226737976074,1
1789134907988416,0.15683293342590332,1
1789134908000416,-0.05445694923400879,1
1789134908000416,-0.05445694923400879,1
1789134908000416,-0.05445694923400879,1
1789134908000416,-0.05445694923400879,1
1789134908036416,-0.03809547424316406,1
1789134908048416,0.09204792976379395,1
1789134908060416,0.18519961833953857,1
1789134908060416,0.18519961833953857,1
1789134908060416,0.18519961833953857,1
1789134908060416,0.18519961833953857,1
1789134908060416,0.18519961833953857,1
1789134908108416,-0.18097901344299316,1
1789134908120416,-0.26194262504577637,1
1789134908120416,-0.26194262504577637,1
1789134908120416,-0.26194262504577637,1
1789134908120416,-0.26194262504577637,1
1789134908120416,-0.26194262504577637,1
1789134908168416,0.21489930152893066,1
1789134908180416,0.27600276470184326,1
1789134908180416,0.27600276470184326,1
1789134908180416,0.27600276470184326,1
1789134908180416,0.27600276470184326,1
1789134908180416,0.27600276470184326,1
1789134908228416,-0.21435332298278809,1
1789134908240416,-0.30523061752319336,1
1789134908240416,-0.30523061752319336,1
1789134908240416,-0.30523061752319336,1
1789134908240416,-0.30523061752319336,1
1789134908276416,-0.1058797836303711,1
1789134908288416,0.05056405067443848,1
1789134908300416,0.13339650630950928,1
1789134908300416,0.13339650630950928,1
1789134908300416,0.13339650630950928,1
1789134908300416,0.13339650630950928,1
1789134908336416,-0.17854952812194824,1
1789134908348416,-0.23723888397216797,1
1789134908360416,-0.19226670265197754,1
1789134908360416,-0.19226670265197754,1
1789134908360416,-0.19226670265197754,1
1789134908360416,-0.19226670265197754,1
1789134908396416,0.0972282886505127,1
1789134908408416,0.053395628929138184,1
1789134908420416,-0.0312039852142334,1
1789134908420416,-0.0312039852142334,1
1789134908420416,-0.0312039852142334,1
1789134908420416,-0.0312039852142334,1
1789134908420416,-0.0312039852142334,1
1789134908468416,0.0895313024520874,1
1789134908480416,0.24772047996520996,1
1789134908480416,0.24772047996520996,1
1789134908480416,0.24772047996520996,1
1789134908480416,0.24772047996520996,1
1789134908480416,0.24772047996520996,1
1789134908528416,-0.22690844535827637,1
1789134908540416,-0.2947819232940674,1
1789134908540416,-0.2947819232940674,1
1789134908540416,-0.2947819232940674,1
1789134908540416,-0.2947819232940674,1
1789134908540416,-0.2947819232940674,1
1789134908588416,-0.10654330253601074,1
1789134908600416,0.04560434818267822,1
1789134908600416,0.04560434818267822,1
1789134908600416,0.04560434818267822,1
1789134908600416,0.04560434818267822,1
1789134908636416,0.05989432334899902,1
1789134908648416,-0.08830571174621582,1
1789134908660416,-0.1592085361480713,1
1789134908660416,-0.1592085361480713,1
1789134908660416,-0.1592085361480713,1
1789134908660416,-0.1592085361480713,1
1789134908660416,-0.1592085361480713,1
1789134908708416,0.1214754581451416,1
1789134908720416,0.2776232957839966,1
1789134908720416,0.2776232957839966,1
1789134908720582,0.2776232957839966,1
1789134908720582,0.2776232957839966,1
1789134908720582,0.2776232957839966,1
1789134908768582,-0.22685956954956055,1
1789134908780582,-0.30216217041015625,1
1789134908780582,-0.30216217041015625,1
1789134908780582,-0.30216217041015625,1
1789134908780582,-0.30216217041015625,1
1789134908780582,-0.30216217041015625,1
1789134908828582,-0.02861499786376953,1
1789134908840582,0.11545979976654053,1
1789134908840582,0.11545979976654053,1
1789134908840582,0.11545979976654053,1
1789134908864582,0.21547484397888184,1
1789134908864582,0.21547484397888184,1
1789134908888582,0.010877370834350586,1
1789134908900582,-0.057462453842163086,1
1789134908900582,-0.057462453842163086,1
1789134908900582,-0.057462453842163086,1
1789134908900582,-0.057462453842163086,1
1789134908900582,-0.057462453842163086,1
1789134908948582,0.2253667116165161,1
1789134908960582,0.3805598020553589,1
1789134908960582,0.3805598020553589,1
1789134908960582,0.3805598020553589,1
1789134908960582,0.3805598020553589,1
1789134908996582,-0.019733428955078125,1
1789134909008582,-0.12274527549743652,1
1789134909020582,-0.08836507797241211,1
1789134909020582,-0.08836507797241211,1
1789134909020582,-0.08836507797241211,1
1789134909020582,-0.08836507797241211,1
1789134909056582,0.28817784786224365,1
1789134909068582,0.2688556909561157,1
1789134909080582,0.05308854579925537,1
1789134909080582,0.05308854579925537,1
1789134909080582,0.05308854579925537,1
1789134909080582,0.05308854579925537,1
1789134909116582,-0.2465977668762207,1
1789134909128582,-0.32773375511169434,1
1789134909140582,-0.283707857131958,1
1789134909140582,-0.283707857131958,1
1789134909140582,-0.283707857131958,1
1789134909140582,-0.283707857131958,1
1789134909140582,-0.283707857131958,1
1789134909188582,0.17868757247924805,1
1789134909200582,0.2985260486602783,1
1789134909200582,0.2985260486602783,1
1789134909200582,0.2985260486602783,1
1789134909200582,0.2985260486602783,1
1789134909236582,-0.11120009422302246,1
1789134909248582,-0.2146308422088623,1
1789134909260582,-0.16735267639160156,1
1789134909260582,-0.16735267639160156,1
1789134909260582,-0.16735267639160156,1
1789134909260582,-0.16735267639160156,1
1789134909296582,0.23374640941619873,1
1789134909308582,0.20137333869934082,1
1789134909320582,-0.01647472381591797,1
1789134909320582,-0.01647472381591797,1
1789134909320582,-0.01647472381591797,1
1789134909320582,-0.01647472381591797,1
1789134909356582,-0.0906989574432373,1
1789134909368582,0.027687788009643555,1
1789134909380582,0.06891453266143799,1
1789134909380582,0.06891453266143799,1
1789134909380582,0.06891453266143799,1
1789134909380582,0.06891453266143799,1
1789134909380582,0.06891453266143799,1
1789134909428582,-0.3748283386230469,1
1789134909440582,-0.45182061195373535,1
1789134909440582,-0.45182061195373535,1
1789134909440582,-0.45182061195373535,1
1789134909440582,-0.45182061195373535,1
1789134909476582,-0.22135233879089355,1
1789134909488582,-0.005704641342163086,1
1789134909500582,0.06976532936096191,1
1789134909500582,0.06976532936096191,1
1789134909500582,0.06976532936096191,1
1789134909500582,0.06976532936096191,1
1789134909500582,0.06976532936096191,1
1789134909548582,-0.25774455070495605,1
1789134909560582,-0.3289375305175781,1
1789134909560582,-0.3289375305175781,1
1789134909560582,-0.3289375305175781,1
1789134909560582,-0.3289375305175781,1
1789134909560582,-0.3289375305175781,1
1789134909608582,0.12357807159423828,1
1789134909620582,0.1449209451675415,1
1789134909620582,0.1449209451675415,1
1789134909620582,0.1449209451675415,1
1789134909620582,0.1449209451675415,1
1789134909656582,-0.1549539566040039,1
1789134909668582,-0.2126319408416748,1
1789134909680582,-0.08164548873901367,1
1789134909680582,-0.08164548873901367,1
1789134909680582,-0.08164548873901367,1
1789134909680582,-0.08164548873901367,1
1789134909716582,0.2096412181854248,1
1789134909728582,0.1755129098892212,1
1789134909740582,0.09756481647491455,1
1789134909740748,0.09756481647491455,1
1789134909740748,0.09756481647491455,1
1789134909740748,0.09756481647491455,1
1789134909740748,0.09756481647491455,1
1789134909788748,-0.3082573413848877,1
1789134909800748,-0.39721202850341797,1
1789134909800748,-0.39721202850341797,1
1789134909800748,-0.39721202850341797,1
1789134909800748,-0.39721202850341797,1
1789134909836748,-0.015507221221923828,1
1789134909848748,0.23936986923217773,1
1789134909860748,0.2730069160461426,1
1789134909860748,0.2730069160461426,1
1789134909860748,0.2730069160461426,1
1789134909860748,0.2730069160461426,1
1789134909860748,0.2730069160461426,1
1789134909908748,-0.17518329620361328,1
1789134909920748,-0.32034945487976074,1
1789134909920748,-0.32034945487976074,1
1789134909920748,-0.32034945487976074,1
1789134909920748,-0.32034945487976074,1
1789134909956748,-0.25854945182800293,1
1789134909968748,-0.1264204978942871,1
1789134909980748,-0.030061960220336914,1
1789134909980748,-0.030061960220336914,1
1789134909980748,-0.030061960220336914,1
1789134909980748,-0.030061960220336914,1
1789134909980748,-0.030061960220336914,1
1789134910028748,0.40337860584259033,1
1789134910040748,0.45506513118743896,1
1789134910040748,0.45506513118743896,1
1789134910040748,0.45506513118743896,1
1789134910040748,0.45506513118743896,1
1789134910076748,0.15363526344299316,1
1789134910088748,0.09609746932983398,1
1789134910100748,0.03769028186798096,1
1789134910100748,0.03769028186798096,1
1789134910100748,0.03769028186798096,1
1789134910100748,0.03769028186798096,1
1789134910100748,0.03769028186798096,1
1789134910148748,-0.3425285816192627,1
1789134910160748,-0.34363341331481934,1
1789134910160748,-0.34363341331481934,1
1789134910160748,-0.34363341331481934,1
1789134910160748,-0.34363341331481934,1
1789134910160748,-0.34363341331481934,1
1789134910208748,0.03205728530883789,1
1789134910220748,0.11249220371246338,1
1789134910220748,0.11249220371246338,1
1789134910220748,0.11249220371246338,1
1789134910220748,0.11249220371246338,1
1789134910220748,0.11249220371246338,1
1789134910268748,-0.31206798553466797,1
1789134910280748,-0.5340533256530762,1
1789134910280748,-0.5340533256530762,1
1789134910280748,-0.5340533256530762,1
1789134910280748,-0.5340533256530762,1
1789134910316748,-0.4319486618041992,1
1789134910328748,-0.29642677307128906,1
1789134910340748,-0.21936821937561035,1
1789134910340748,-0.21936821937561035,1
1789134910340748,-0.21936821937561035,1
1789134910340748,-0.21936821937561035,1
1789134910340748,-0.21936821937561035,1
1789134910388748,0.26031482219696045,1
1789134910400748,0.2869856357574463,1
1789134910400748,0.2869856357574463,1
1789134910400748,0.2869856357574463,1
1789134910400748,0.2869856357574463,1
1789134910436748,-0.042383432388305664,1
1789134910448748,-0.14259719848632812,1
1789134910460748,-0.033264875411987305,1
1789134910460748,-0.033264875411987305,1
1789134910460748,-0.033264875411987305,1
1789134910460748,-0.033264875411987305,1
1789134910460748,-0.033264875411987305,1
1789134910508748,0.42179203033447266,1
1789134910520748,0.5565850734710693,1
1789134910520748,0.5565850734710693,1
1789134910520748,0.5565850734710693,1
1789134910520748,0.5565850734710693,1
1789134910556748,0.16502010822296143,1
1789134910568748,0.04765462875366211,1
1789134910580748,0.007313847541809082,1
1789134910580748,0.007313847541809082,1
1789134910580748,0.007313847541809082,1
1789134910580748,0.007313847541809082,1
1789134910616748,-0.0040857791900634766,1
1789134910628748,0.015107512474060059,1
1789134910640748,0.1934807300567627,1
1789134910640748,0.1934807300567627,1
1789134910640748,0.1934807300567627,1
1789134910640748,0.1934807300567627,1
1789134910676748,0.06380724906921387,1
1789134910688748,0.027195215225219727,1
1789134910700748,-0.039732933044433594,1
1789134910700748,-0.039732933044433594,1
1789134910700748,-0.039732933044433594,1
1789134910700748,-0.039732933044433594,1
1789134910700748,-0.039732933044433594,1
1789134910748916,0.16262173652648926,1
1789134910760916,0.20894396305084229,1
1789134910760916,0.20894396305084229,1
1789134910760916,0.20894396305084229,1
1789134910760916,0.20894396305084229,1
1789134910760916,0.20894396305084229,1
1789134910808916,-0.24271845817565918,1
1789134910820916,-0.31395602226257324,1
1789134910820916,-0.31395602226257324,1
1789134910820916,-0.31395602226257324,1
1789134910820916,-0.31395602226257324,1
1789134910820916,-0.31395602226257324,1
1789134910868916,-0.06193876266479492,1
1789134910880916,0.09424281120300293,1
1789134910880916,0.09424281120300293,1
1789134910880916,0.09424281120300293,1
1789134910880916,0.09424281120300293,1
1789134910916916,0.15243279933929443,1
1789134910928916,-0.0072290897369384766,1
1789134910940916,-0.0485537052154541,1
1789134910940916,-0.0485537052154541,1
1789134910940916,-0.0485537052154541,1
1789134910940916,-0.0485537052154541,1
1789134910976916,0.17052078247070312,1
1789134910988916,0.19776654243469238,1
1789134911000916,0.008751511573791504,1
1789134911000916,0.008751511573791504,1
1789134911000916,0.008751511573791504,1
1789134911000916,0.008751511573791504,1
1789134911000916,0.008751511573791504,1
1789134911048916,0.16933393478393555,1
1789134911060916,0.2490314245223999,1
1789134911060916,0.2490314245223999,1
1789134911060916,0.2490314245223999,1
1789134911060916,0.2490314245223999,1
1789134911060916,0.2490314245223999,1
1789134911108916,-0.11507034301757812,1
1789134911120916,-0.1957688331604004,1
1789134911120916,-0.1957688331604004,1
1789134911120916,-0.1957688331604004,1
1789134911120916,-0.1957688331604004,1
1789134911120916,-0.1957688331604004,1
1789134911168916,0.28147268295288086,1
1789134911180916,0.35189080238342285,1
1789134911180916,0.35189080238342285,1
1789134911180916,0.35189080238342285,1
1789134911180916,0.35189080238342285,1
1789134911180916,0.35189080238342285,1
1789134911228916,-0.12073016166687012,1
1789134911240916,-0.21706366539001465,1
1789134911240916,-0.21706366539001465,1
1789134911240916,-0.21706366539001465,1
1789134911240916,-0.21706366539001465,1
1789134911276916,-0.022688865661621094,1
1789134911288916,0.20115721225738525,1
1789134911300916,0.2762923240661621,1
1789134911300916,0.2762923240661621,1
1789134911300916,0.2762923240661621,1
1789134911300916,0.2762923240661621,1
1789134911300916,0.2762923240661621,1
1789134911348916,-0.06614923477172852,1
1789134911360916,-0.17676997184753418,1
1789134911360916,-0.17676997184753418,1
1789134911360916,-0.17676997184753418,1
1789134911360916,-0.17676997184753418,1
1789134911396916,-0.05720853805541992,1
1789134911408916,0.08466553688049316,1
1789134911420916,0.1487671136856079,1
1789134911420916,0.1487671136856079,1
1789134911420916,0.1487671136856079,1
1789134911420916,0.1487671136856079,1
1789134911420916,0.1487671136856079,1
1789134911468916,-0.12404322624206543,1
1789134911480916,-0.2875244617462158,1
1789134911480916,-0.2875244617462158,1
1789134911480916,-0.2875244617462158,1
1789134911480916,-0.2875244617462158,1
1789134911480916,-0.2875244617462158,1
1789134911528916,0.10991132259368896,1
1789134911540916,0.1509389877319336,1
1789134911540916,0.1509389877319336,1
1789134911540916,0.1509389877319336,1
1789134911540916,0.1509389877319336,1
1789134911540916,0.1509389877319336,1
1789134911588916,-0.26880908012390137,1
1789134911600916,-0.42435526847839355,1
1789134911600916,-0.42435526847839355,1
1789134911600916,-0.42435526847839355,1
1789134911600916,-0.42435526847839355,1
1789134911636916,-0.275970458984375,1
1789134911648916,-0.09447979927062988,1
1789134911660916,-0.019957780838012695,1
1789134911660916,-0.019957780838012695,1
1789134911660916,-0.019957780838012695,1
1789134911660916,-0.019957780838012695,1
1789134911660916,-0.019957780838012695,1
1789134911708916,0.411970853805542,1
1789134911720916,0.4385432004928589,1
1789134911720916,0.4385432004928589,1
1789134911720916,0.4385432004928589,1
1789134911721082,0.4385432004928589,1
1789134911721082,0.4385432004928589,1
1789134911769082,-0.06400275230407715,1
1789134911781082,-0.1437361240386963,1
1789134911781082,-0.1437361240386963,1
1789134911781082,-0.1437361240386963,1
1789134911781082,-0.1437361240386963,1
1789134911781082,-0.1437361240386963,1
1789134911829082,0.09495985507965088,1
1789134911841082,0.24795174598693848,1
1789134911841082,0.24795174598693848,1
1789134911841082,0.24795174598693848,1
1789134911865082,-0.02273392677307129,1
1789134911865082,-0.02273392677307129,1
1789134911889082,0.01663339138031006,1
1789134911901082,0.07925689220428467,1
1789134911901082,0.07925689220428467,1
1789134911901082,0.07925689220428467,1
1789134911901082,0.07925689220428467,1
1789134911937082,-0.0710761547088623,1
1789134911949082,-0.12280821800231934,1
1789134911961082,0.019341349601745605,1
1789134911961082,0.019341349601745605,1
1789134911961082,0.019341349601745605,1
1789134911961082,0.019341349601745605,1
1789134911997082,0.16036081314086914,1
1789134912009082,0.06225144863128662,1
1789134912021082,-0.009567022323608398,1
1789134912021082,-0.009567022323608398,1
1789134912021082,-0.009567022323608398,1
1789134912021082,-0.009567022323608398,1
1789134912057082,0.00514984130859375,1
1789134912069082,0.08420920372009277,1
1789134912081082,0.1815629005432129,1
1789134912081082,0.1815629005432129,1
1789134912081082,0.1815629005432129,1
1789134912081082,0.1815629005432129,1
1789134912117082,-0.12948036193847656,1
1789134912129082,-0.22248578071594238,1
1789134912141082,-0.1072382926940918,1
1789134912141082,-0.1072382926940918,1
1789134912141082,-0.1072382926940918,1
1789134912141082,-0.1072382926940918,1
1789134912141082,-0.1072382926940918,1
1789134912189082,0.3505065441131592,1
1789134912201082,0.3759422302246094,1
1789134912201082,0.3759422302246094,1
1789134912201082,0.3759422302246094,1
1789134912201082,0.3759422302246094,1
1789134912237082,0.049907684326171875,1
1789134912249082,-0.03310823440551758,1
1789134912261082,-0.05449318885803223,1
1789134912261082,-0.05449318885803223,1
1789134912261082,-0.05449318885803223,1
1789134912261082,-0.05449318885803223,1
1789134912297082,0.177992582321167,1
1789134912309082,0.18538177013397217,1
1789134912321082,-0.014811515808105469,1
1789134912321082,-0.014811515808105469,1
1789134912321082,-0.014811515808105469,1
1789134912321082,-0.014811515808105469,1
1789134912357082,0.006022214889526367,1
1789134912369082,0.14856064319610596,1
1789134912381082,0.1908503770828247,1
1789134912381082,0.1908503770828247,1
1789134912381082,0.1908503770828247,1
1789134912381082,0.1908503770828247,1
1789134912381082,0.1908503770828247,1
1789134912429082,-0.2541494369506836,1
1789134912441082,-0.36715054512023926,1
1789134912441082,-0.36715054512023926,1
1789134912441082,-0.36715054512023926,1
1789134912441082,-0.36715054512023926,1
1789134912441082,-0.36715054512023926,1
1789134912489082,-0.11339426040649414,1
1789134912501082,-0.0013556480407714844,1
1789134912501082,-0.0013556480407714844,1
1789134912501082,-0.0013556480407714844,1
1789134912501082,-0.0013556480407714844,1
1789134912501082,-0.0013556480407714844,1
1789134912549082,0.2490326166152954,1
1789134912561082,0.23922812938690186,1
1789134912561082,0.23922812938690186,1
1789134912561082,0.23922812938690186,1
1789134912561082,0.23922812938690186,1
1789134912597082,-0.10402154922485352,1
1789134912609082,-0.07378101348876953,1
1789134912621082,-0.07072162628173828,1
1789134912621082,-0.07072162628173828,1
1789134912621082,-0.07072162628173828,1
1789134912621082,-0.07072162628173828,1
1789134912621082,-0.07072162628173828,1
1789134912669082,0.3381507396697998,1
1789134912681082,0.4613000154495239,1
1789134912681082,0.4613000154495239,1
1789134912681082,0.4613000154495239,1
1789134912681082,0.4613000154495239,1
1789134912717082,0.06842184066772461,1
1789134912729082,0.024912476539611816,1
1789134912741082,0.009833455085754395,1
1789134912741247,0.009833455085754395,1
1789134912741247,0.009833455085754395,1
1789134912741247,0.009833455085754395,1
1789134912741247,0.009833455085754395,1
1789134912789247,0.07718658447265625,1
1789134912801247,0.056374311447143555,1
1789134912801247,0.056374311447143555,1
1789134912801247,0.056374311447143555,1
1789134912801247,0.056374311447143555,1
1789134912801247,0.056374311447143555,1
1789134912849247,-0.3445425033569336,1
1789134912861247,-0.4115560054779053,1
1789134912861247,-0.4115560054779053,1
1789134912861247,-0.4115560054779053,1
1789134912861247,-0.4115560054779053,1
1789134912861247,-0.4115560054779053,1
1789134912909247,-0.20543169975280762,1
1789134912921247,-0.045732975006103516,1
1789134912921247,-0.045732975006103516,1
1789134912921247,-0.045732975006103516,1
1789134912921247,-0.045732975006103516,1
1789134912957247,0.3199303150177002,1
1789134912969247,0.25627589225769043,1
1789134912981247,0.17259907722473145,1
1789134912981247,0.17259907722473145,1
1789134912981247,0.17259907722473145,1
1789134912981247,0.17259907722473145,1
1789134912981247,0.17259907722473145,1
1789134913029247,-0.2711312770843506,1
1789134913041247,-0.3659486770629883,1
1789134913041247,-0.3659486770629883,1
1789134913041247,-0.3659486770629883,1
1789134913041247,-0.3659486770629883,1
1789134913041247,-0.3659486770629883,1
1789134913089247,-0.04251742362976074,1
1789134913101247,0.01630878448486328,1
1789134913101247,0.01630878448486328,1
1789134913101247,0.01630878448486328,1
1789134913101247,0.01630878448486328,1
1789134913101247,0.01630878448486328,1
1789134913149247,-0.05944633483886719,1
1789134913161247,-0.21714234352111816,1
1789134913161247,-0.21714234352111816,1
1789134913161247,-0.21714234352111816,1
1789134913161247,-0.21714234352111816,1
1789134913161247,-0.21714234352111816,1
1789134913209247,0.1579209566116333,1
1789134913221247,0.23049414157867432,1
1789134913221247,0.23049414157867432,1
1789134913221247,0.23049414157867432,1
1789134913221247,0.23049414157867432,1
1789134913257247,-0.15575504302978516,1
1789134913269247,-0.21151328086853027,1
1789134913281247,-0.15105342864990234,1
1789134913281247,-0.15105342864990234,1
1789134913281247,-0.15105342864990234,1
1789134913281247,-0.15105342864990234,1
1789134913281247,-0.15105342864990234,1
1789134913329247,0.28875792026519775,1
1789134913341247,0.36812055110931396,1
1789134913341247,0.36812055110931396,1
1789134913341247,0.36812055110931396,1
1789134913341247,0.36812055110931396,1
1789134913341247,0.36812055110931396,1
1789134913389247,-0.10892415046691895,1
1789134913401247,-0.29016709327697754,1
1789134913401247,-0.29016709327697754,1
1789134913401247,-0.29016709327697754,1
1789134913401247,-0.29016709327697754,1
1789134913401247,-0.29016709327697754,1
1789134913449247,0.11423683166503906,1
1789134913461247,0.1996535062789917,1
1789134913461247,0.1996535062789917,1
1789134913461247,0.1996535062789917,1
1789134913461247,0.1996535062789917,1
1789134913461247,0.1996535062789917,1
1789134913509247,-0.28806638717651367,1
1789134913521247,-0.42670249938964844,1
1789134913521247,-0.42670249938964844,1
1789134913521247,-0.42670249938964844,1
1789134913521247,-0.42670249938964844,1
1789134913521247,-0.42670249938964844,1
1789134913569247,-0.12937355041503906,1
1789134913581247,-0.05375361442565918,1
1789134913581247,-0.05375361442565918,1
1789134913581247,-0.05375361442565918,1
1789134913581247,-0.05375361442565918,1
1789134913617247,0.32539665699005127,1
1789134913629247,0.3284885883331299,1
1789134913641247,0.09044170379638672,1
1789134913641247,0.09044170379638672,1
1789134913641247,0.09044170379638672,1
1789134913641247,0.09044170379638672,1
1789134913641247,0.09044170379638672,1
1789134913689247,-0.3364083766937256,1
1789134913701247,-0.41014575958251953,1
1789134913701247,-0.41014575958251953,1
1789134913701247,-0.41014575958251953,1
1789134913701247,-0.41014575958251953,1
1789134913701247,-0.41014575958251953,1
1789134913749412,-0.23824739456176758,1
1789134913761412,-0.07108712196350098,1
1789134913761412,-0.07108712196350098,1
1789134913761412,-0.07108712196350098,1
1789134913761412,-0.07108712196350098,1
1789134913797412,0.2839871644973755,1
1789134913809412,0.22733938694000244,1
1789134913821412,0.14599967002868652,1
1789134913821412,0.14599967002868652,1
1789134913821412,0.14599967002868652,1
1789134913821412,0.14599967002868652,1
1789134913821412,0.14599967002868652,1
1789134913869412,-0.29796528816223145,1
1789134913881412,-0.44481945037841797,1
1789134913881412,-0.44481945037841797,1
1789134913881412,-0.44481945037841797,1
1789134913881412,-0.44481945037841797,1
1789134913917412,-0.2692720890045166,1
1789134913929412,-0.06449007987976074,1
1789134913941412,0.015483260154724121,1
1789134913941412,0.015483260154724121,1
1789134913941412,0.015483260154724121,1
1789134913941412,0.015483260154724121,1
1789134913941412,0.015483260154724121,1
1789134913989412,-0.05756521224975586,1
1789134914001412,-0.11144089698791504,1
1789134914001412,-0.11144089698791504,1
1789134914001412,-0.11144089698791504,1
1789134914001412,-0.11144089698791504,1
1789134914037412,0.21626687049865723,1
1789134914049412,0.18371057510375977,1
1789134914061412,0.10341107845306396,1
1789134914061412,0.10341107845306396,1
1789134914061412,0.10341107845306396,1
1789134914061412,0.10341107845306396,1
1789134914061412,0.10341107845306396,1
1789134914109412,-0.3384265899658203,1
1789134914121412,-0.47832369804382324,1
1789134914121412,-0.47832369804382324,1
1789134914121412,-0.47832369804382324,1
1789134914121412,-0.47832369804382324,1
1789134914121412,-0.47832369804382324,1
1789134914169412,-0.1819760799407959,1
1789134914181412,-0.08800864219665527,1
1789134914181412,-0.08800864219665527,1
1789134914181412,-0.08800864219665527,1
1789134914181412,-0.08800864219665527,1
1789134914181412,-0.08800864219665527,1
1789134914229412,0.46501195430755615,1
1789134914241412,0.6209368705749512,1
1789134914241412,0.6209368705749512,1
1789134914241412,0.6209368705749512,1
1789134914241412,0.6209368705749512,1
1789134914277412,0.19928646087646484,1
1789134914289412,0.09931313991546631,1
1789134914301412,0.0820455551147461,1
1789134914301412,0.0820455551147461,1
1789134914301412,0.0820455551147461,1
1789134914301412,0.0820455551147461,1
1789134914301412,0.0820455551147461,1
1789134914349412,-0.33078742027282715,1
1789134914361412,-0.45789504051208496,1
1789134914361412,-0.45789504051208496,1
1789134914361412,-0.45789504051208496,1
1789134914361412,-0.45789504051208496,1
1789134914397412,-0.28053927421569824,1
1789134914409412,-0.06936216354370117,1
1789134914421412,0.01071929931640625,1
1789134914421412,0.01071929931640625,1
1789134914421412,0.01071929931640625,1
1789134914421412,0.01071929931640625,1
1789134914421412,0.01071929931640625,1
1789134914469412,-0.0670011043548584,1
1789134914481412,-0.1348559856414795,1
1789134914481412,-0.1348559856414795,1
1789134914481412,-0.1348559856414795,1
1789134914481412,-0.1348559856414795,1
1789134914517412,0.14028751850128174,1
1789134914529412,0.10729062557220459,1
1789134914541412,0.026090145111083984,1
1789134914541412,0.026090145111083984,1
1789134914541412,0.026090145111083984,1
1789134914541412,0.026090145111083984,1
1789134914577412,-0.342195987701416,1
1789134914589412,-0.3751184940338135,1
1789134914601412,-0.3162658214569092,1
1789134914601412,-0.3162658214569092,1
1789134914601412,-0.3162658214569092,1
1789134914601412,-0.3162658214569092,1
1789134914637412,0.002378225326538086,1
1789134914649412,-0.037698984146118164,1
1789134914661412,-0.11954236030578613,1
1789134914661412,-0.11954236030578613,1
1789134914661412,-0.11954236030578613,1
1789134914661412,-0.11954236030578613,1
1789134914661412,-0.11954236030578613,1
1789134914709412,0.21739208698272705,1
1789134914721412,0.3753138780593872,1
1789134914721412,0.3753138780593872,1
1789134914721412,0.3753138780593872,1
1789134914721412,0.3753138780593872,1
1789134914721577,0.3753138780593872,1
1789134914769577,-0.10248374938964844,1
1789134914781577,-0.1739201545715332,1
1789134914781577,-0.1739201545715332,1
1789134914781577,-0.1739201545715332,1
1789134914781577,-0.1739201545715332,1
1789134914781577,-0.1739201545715332,1
1789134914829577,0.2757589817047119,1
1789134914841577,0.42293214797973633,1
1789134914841577,0.42293214797973633,1
1789134914841577,0.42293214797973633,1
1789134914841577,0.42293214797973633,1
1789134914877577,0.03841984272003174,1
1789134914889577,-0.07044148445129395,1
1789134914901577,-0.09685993194580078,1
1789134914901577,-0.09685993194580078,1
1789134914901577,-0.09685993194580078,1
1789134914901577,-0.09685993194580078,1
1789134914937577,0.17589592933654785,1
1789134914949577,0.19245147705078125,1
1789134914961577,0.008885383605957031,1
1789134914961577,0.008885383605957031,1
1789134914961577,0.008885383605957031,1
1789134914961577,0.008885383605957031,1
1789134914997577,-0.006090402603149414,1
1789134915009577,-0.06428694725036621,1
1789134915021577,0.01401364803314209,1
1789134915021577,0.01401364803314209,1
1789134915021577,0.01401364803314209,1
1789134915021577,0.01401364803314209,1
1789134915057577,-0.019418001174926758,1
1789134915069577,-0.06702685356140137,1
1789134915081577,0.10853564739227295,1
1789134915081577,0.10853564739227295,1
1789134915081577,0.10853564739227295,1
1789134915081577,0.10853564739227295,1
1789134915117577,0.05336630344390869,1
1789134915129577,-0.04744887351989746,1
1789134915141577,-0.1328449249267578,1
1789134915141577,-0.1328449249267578,1
1789134915141577,-0.1328449249267578,1
1789134915141577,-0.1328449249267578,1
1789134915141577,-0.1328449249267578,1
1789134915189577,0.18349575996398926,1
1789134915201577,0.3404653072357178,1
1789134915201577,0.3404653072357178,1
1789134915201577,0.3404653072357178,1
1789134915201577,0.3404653072357178,1
1789134915237577,0.0030840635299682617,1
1789134915249577,-0.058226823806762695,1
1789134915261577,0.01115572452545166,1
1789134915261577,0.01115572452545166,1
1789134915261577,0.01115572452545166,1
1789134915261577,0.01115572452545166,1
1789134915261577,0.01115572452545166,1
1789134915309577,0.054584622383117676,1
1789134915321577,0.05828261375427246,1
1789134915321577,0.05828261375427246,1
1789134915321577,0.05828261375427246,1
1789134915321577,0.05828261375427246,1
1789134915357577,-0.2201404571533203,1
1789134915369577,-0.3194451332092285,1
1789134915381577,-0.24898958206176758,1
1789134915381577,-0.24898958206176758,1
1789134915381577,-0.24898958206176758,1
1789134915381577,-0.24898958206176758,1
1789134915381577,-0.24898958206176758,1
1789134915429577,0.18637621402740479,1
1789134915441577,0.34430181980133057,1
1789134915441577,0.34430181980133057,1
1789134915441577,0.34430181980133057,1
1789134915441577,0.34430181980133057,1
1789134915441577,0.34430181980133057,1
1789134915489577,-0.22589850425720215,1
1789134915501577,-0.2461400032043457,1
1789134915501577,-0.2461400032043457,1
1789134915501577,-0.2461400032043457,1
1789134915501577,-0.2461400032043457,1
1789134915501577,-0.2461400032043457,1
1789134915549577,0.17447388172149658,1
1789134915561577,0.33605456352233887,1
1789134915561577,0.33605456352233887,1
1789134915561577,0.33605456352233887,1
1789134915561577,0.33605456352233887,1
1789134915597577,-0.053614139556884766,1
1789134915609577,-0.14960455894470215,1
1789134915621577,-0.12817859649658203,1
1789134915621577,-0.12817859649658203,1
1789134915621577,-0.12817859649658203,1
1789134915621577,-0.12817859649658203,1
1789134915621577,-0.12817859649658203,1
1789134915669577,0.3007640838623047,1
1789134915681577,0.33430731296539307,1
1789134915681577,0.33430731296539307,1
1789134915681577,0.33430731296539307,1
1789134915681577,0.33430731296539307,1
1789134915717577,0.0047795772552490234,1
1789134915729577,-0.07199883460998535,1
1789134915741577,-0.006274700164794922,1
1789134915741577,-0.006274700164794922,1
1789134915741744,-0.006274700164794922,1
1789134915741744,-0.006274700164794922,1
1789134915741744,-0.006274700164794922,1
1789134915789744,0.41539430618286133,1
1789134915801744,0.4150075912475586,1
1789134915801744,0.4150075912475586,1
1789134915801744,0.4150075912475586,1
1789134915801744,0.4150075912475586,1
1789134915837744,0.004433155059814453,1
1789134915849744,-0.06248068809509277,1
1789134915861744,-0.04320502281188965,1
1789134915861744,-0.04320502281188965,1
1789134915861744,-0.04320502281188965,1
1789134915861744,-0.04320502281188965,1
1789134915897744,0.3472684621810913,1
1789134915909744,0.3352299928665161,1
1789134915921744,0.1193838119506836,1
1789134915921744,0.1193838119506836,1
1789134915921744,0.1193838119506836,1
1789134915921744,0.1193838119506836,1
1789134915957744,-0.15479683876037598,1
1789134915969744,-0.23397278785705566,1
1789134915981744,-0.1494731903076172,1
1789134915981744,-0.1494731903076172,1
1789134915981744,-0.1494731903076172,1
1789134915981744,-0.1494731903076172,1
1789134915981744,-0.1494731903076172,1
1789134916029744,0.3180452585220337,1
1789134916041744,0.4688079357147217,1
1789134916041744,0.4688079357147217,1
1789134916041744,0.4688079357147217,1
1789134916041744,0.4688079357147217,1
1789134916077744,0.055458903312683105,1
1789134916089744,-0.05225944519042969,1
1789134916101744,-0.0963132381439209,1
1789134916101744,-0.0963132381439209,1
1789134916101744,-0.0963132381439209,1
1789134916101744,-0.0963132381439209,1
1789134916101744,-0.0963132381439209,1
1789134916149744,0.21946215629577637,1
1789134916161744,0.2435981035232544,1
1789134916161744,0.2435981035232544,1
1789134916161744,0.2435981035232544,1
1789134916161744,0.2435981035232544,1
1789134916161744,0.2435981035232544,1
1789134916209744,-0.22194981575012207,1
1789134916221744,-0.2921628952026367,1
1789134916221744,-0.2921628952026367,1
1789134916221744,-0.2921628952026367,1
1789134916221744,-0.2921628952026367,1
1789134916257744,-0.11664271354675293,1
1789134916269744,-0.012479782104492188,1
1789134916281744,0.16861331462860107,1
1789134916281744,0.16861331462860107,1
1789134916281744,0.16861331462860107,1
1789134916281744,0.16861331462860107,1
1789134916317744,0.1736600399017334,1
1789134916329744,0.02303159236907959,1
1789134916341744,-0.03853106498718262,1
1789134916341744,-0.03853106498718262,1
1789134916341744,-0.03853106498718262,1
1789134916341744,-0.03853106498718262,1
1789134916341744,-0.03853106498718262,1
1789134916389744,0.252866268157959,1
1789134916401744,0.2924928665161133,1
1789134916401744,0.2924928665161133,1
1789134916401744,0.2924928665161133,1
1789134916401744,0.2924928665161133,1
1789134916401744,0.2924928665161133,1
1789134916449744,-0.10304832458496094,1
1789134916461744,-0.1710524559020996,1
1789134916461744,-0.1710524559020996,1
1789134916461744,-0.1710524559020996,1
1789134916461744,-0.1710524559020996,1
1789134916461744,-0.1710524559020996,1
1789134916509744,0.013433337211608887,1
1789134916521744,0.19689548015594482,1
1789134916521744,0.19689548015594482,1
1789134916521744,0.19689548015594482,1
1789134916521744,0.19689548015594482,1
1789134916557744,0.05601823329925537,1
1789134916569744,-0.02866673469543457,1
1789134916581744,-0.16247844696044922,1
1789134916581744,-0.16247844696044922,1
1789134916581744,-0.16247844696044922,1
1789134916581744,-0.16247844696044922,1
1789134916581744,-0.16247844696044922,1
1789134916629744,0.16671788692474365,1
1789134916641744,0.32348406314849854,1
1789134916641744,0.32348406314849854,1
1789134916641744,0.32348406314849854,1
1789134916641744,0.32348406314849854,1
1789134916641744,0.32348406314849854,1
1789134916689744,-0.22417640686035156,1
1789134916701744,-0.27640724182128906,1
1789134916701744,-0.27640724182128906,1
1789134916701744,-0.27640724182128906,1
1789134916701744,-0.27640724182128906,1
1789134916701744,-0.27640724182128906,1
1789134916749744,0.05111432075500488,1
1789134916761744,0.199379563331604,1
1789134916761908,0.199379563331604,1
1789134916761908,0.199379563331604,1
1789134916785908,-0.09852051734924316,1
1789134916785908,-0.09852051734924316,1
1789134916809908,-0.08266830444335938,1
1789134916821908,-0.002046823501586914,1
1789134916821908,-0.002046823501586914,1
1789134916821908,-0.002046823501586914,1
1789134916821908,-0.002046823501586914,1
1789134916821908,-0.002046823501586914,1
1789134916869908,0.33155882358551025,1
1789134916881908,0.36112046241760254,1
1789134916881908,0.36112046241760254,1
1789134916881908,0.36112046241760254,1
1789134916881908,0.36112046241760254,1
1789134916917908,-0.04369664192199707,1
1789134916929908,-0.12172603607177734,1
1789134916941908,-0.06887125968933105,1
1789134916941908,-0.06887125968933105,1
1789134916941908,-0.06887125968933105,1
1789134916941908,-0.06887125968933105,1
1789134916941908,-0.06887125968933105,1
1789134916989908,0.5062119960784912,1
1789134917001908,0.5410666465759277,1
1789134917001908,0.5410666465759277,1
1789134917001908,0.5410666465759277,1
1789134917001908,0.5410666465759277,1
1789134917001908,0.5410666465759277,1
1789134917049908,0.04259812831878662,1
1789134917061908,-0.030536174774169922,1
1789134917061908,-0.030536174774169922,1
1789134917061908,-0.030536174774169922,1
1789134917061908,-0.030536174774169922,1
1789134917061908,-0.030536174774169922,1
1789134917109908,0.17988038063049316,1
1789134917121908,0.21676039695739746,1
1789134917121908,0.21676039695739746,1
1789134917121908,0.21676039695739746,1
1789134917121908,0.21676039695739746,1
1789134917121908,0.21676039695739746,1
1789134917169908,-0.21687889099121094,1
1789134917181908,-0.2691154479980469,1
1789134917181908,-0.2691154479980469,1
1789134917181908,-0.2691154479980469,1
1789134917181908,-0.2691154479980469,1
1789134917217908,-0.05835986137390137,1
1789134917229908,0.06178724765777588,1
1789134917241908,0.2524024248123169,1
1789134917241908,0.2524024248123169,1
1789134917241908,0.2524024248123169,1
1789134917241908,0.2524024248123169,1
1789134917241908,0.2524024248123169,1
1789134917289908,-0.18335437774658203,1
1789134917301908,-0.2623558044433594,1
1789134917301908,-0.2623558044433594,1
1789134917301908,-0.2623558044433594,1
1789134917301908,-0.2623558044433594,1
1789134917301908,-0.2623558044433594,1
1789134917349908,0.057213544845581055,1
1789134917361908,0.2070101499557495,1
1789134917361908,0.2070101499557495,1
1789134917361908,0.2070101499557495,1
1789134917361908,0.2070101499557495,1
1789134917397908,-0.179490327835083,1
1789134917409908,-0.26486849784851074,1
1789134917421908,-0.23052978515625,1
1789134917421908,-0.23052978515625,1
1789134917421908,-0.23052978515625,1
1789134917445908,-0.009004831314086914,1
1789134917445908,-0.009004831314086914,1
1789134917469908,0.22669923305511475,1
1789134917481908,0.39933693408966064,1
1789134917481908,0.39933693408966064,1
1789134917481908,0.39933693408966064,1
1789134917481908,0.39933693408966064,1
1789134917481908,0.39933693408966064,1
1789134917529908,-0.028249502182006836,1
1789134917541908,-0.11223149299621582,1
1789134917541908,-0.11223149299621582,1
1789134917541908,-0.11223149299621582,1
1789134917541908,-0.11223149299621582,1
1789134917577908,0.11190509796142578,1
1789134917589908,0.13404250144958496,1
1789134917601908,-0.06497383117675781,1
1789134917601908,-0.06497383117675781,1
1789134917601908,-0.06497383117675781,1
1789134917601908,-0.06497383117675781,1
1789134917601908,-0.06497383117675781,1
1789134917649908,0.11855876445770264,1
1789134917661908,0.18588149547576904,1
1789134917661908,0.18588149547576904,1
1789134917661908,0.18588149547576904,1
1789134917661908,0.18588149547576904,1
1789134917661908,0.18588149547576904,1
1789134917709908,-0.19250082969665527,1
1789134917721908,-0.3464066982269287,1
1789134917721908,-0.3464066982269287,1
1789134917721908,-0.3464066982269287,1
1789134917721908,-0.3464066982269287,1
1789134917721908,-0.3464066982269287,1
1789134917770073,0.05843210220336914,1
1789134917782073,0.14245140552520752,1
1789134917782073,0.14245140552520752,1
1789134917782073,0.14245140552520752,1
1789134917782073,0.14245140552520752,1
1789134917782073,0.14245140552520752,1
1789134917830073,-0.31424450874328613,1
1789134917842073,-0.49919915199279785,1
1789134917842073,-0.49919915199279785,1
1789134917842073,-0.49919915199279785,1
1789134917842073,-0.49919915199279785,1
1789134917878073,-0.2909507751464844,1
1789134917890073,-0.06621885299682617,1
1789134917902073,-0.007395267486572266,1
1789134917902073,-0.007395267486572266,1
1789134917902073,-0.007395267486572266,1
1789134917902073,-0.007395267486572266,1
1789134917902073,-0.007395267486572266,1
1789134917950073,0.4529685974121094,1
1789134917962073,0.4718104600906372,1
1789134917962073,0.4718104600906372,1
1789134917962073,0.4718104600906372,1
1789134917962073,0.4718104600906372,1
1789134917962073,0.4718104600906372,1
1789134918010073,-0.04085707664489746,1
1789134918022073,-0.10536813735961914,1
1789134918022073,-0.10536813735961914,1
1789134918022073,-0.10536813735961914,1
1789134918022073,-0.10536813735961914,1
1789134918058073,0.13829612731933594,1
1789134918070073,0.15504968166351318,1
1789134918082073,-0.045269012451171875,1
1789134918082073,-0.045269012451171875,1
1789134918082073,-0.045269012451171875,1
1789134918082073,-0.045269012451171875,1
1789134918082073,-0.045269012451171875,1
1789134918130073,0.10176694393157959,1
1789134918142073,0.16505801677703857,1
1789134918142073,0.16505801677703857,1
1789134918142073,0.16505801677703857,1
1789134918142073,0.16505801677703857,1
1789134918142073,0.16505801677703857,1
1789134918190073,-0.2062222957611084,1
1789134918202073,-0.3440206050872803,1
1789134918202073,-0.3440206050872803,1
1789134918202073,-0.3440206050872803,1
1789134918202073,-0.3440206050872803,1
1789134918238073,-0.15605926513671875,1
1789134918250073,0.017584919929504395,1
1789134918262073,0.09295332431793213,1
1789134918262073,0.09295332431793213,1
1789134918262073,0.09295332431793213,1
1789134918262073,0.09295332431793213,1
1789134918262073,0.09295332431793213,1
1789134918310073,-0.28601980209350586,1
1789134918322073,-0.4348793029785156,1
1789134918322073,-0.4348793029785156,1
1789134918322073,-0.4348793029785156,1
1789134918322073,-0.4348793029785156,1
1789134918358073,-0.32155489921569824,1
1789134918370073,-0.1272726058959961,1
1789134918382073,-0.04578709602355957,1
1789134918382073,-0.04578709602355957,1
1789134918382073,-0.04578709602355957,1
1789134918382073,-0.04578709602355957,1
1789134918382073,-0.04578709602355957,1
1789134918430073,0.4649970531463623,1
1789134918442073,0.5054601430892944,1
1789134918442073,0.5054601430892944,1
1789134918442073,0.5054601430892944,1
1789134918442073,0.5054601430892944,1
1789134918442073,0.5054601430892944,1
1789134918490073,-0.009502887725830078,1
1789134918502073,-0.10106730461120605,1
1789134918502073,-0.10106730461120605,1
1789134918502073,-0.10106730461120605,1
1789134918502073,-0.10106730461120605,1
1789134918538073,0.18717491626739502,1
1789134918550073,0.19156014919281006,1
1789134918562073,-0.012721538543701172,1
1789134918562073,-0.012721538543701172,1
1789134918562073,-0.012721538543701172,1
1789134918562073,-0.012721538543701172,1
1789134918562073,-0.012721538543701172,1
1789134918610073,0.21300971508026123,1
1789134918622073,0.25351738929748535,1
1789134918622073,0.25351738929748535,1
1789134918622073,0.25351738929748535,1
1789134918622073,0.25351738929748535,1
1789134918622073,0.25351738929748535,1
1789134918670073,-0.22701430320739746,1
1789134918682073,-0.3131415843963623,1
1789134918682073,-0.3131415843963623,1
1789134918682073,-0.3131415843963623,1
1789134918682073,-0.3131415843963623,1
1789134918682073,-0.3131415843963623,1
1789134918730073,0.22458648681640625,1
1789134918742073,0.2682145833969116,1
1789134918742073,0.2682145833969116,1
1789134918742073,0.2682145833969116,1
1789134918742236,0.2682145833969116,1
1789134918742236,0.2682145833969116,1
1789134918790236,-0.1932840347290039,1
1789134918802236,-0.28556132316589355,1
1789134918802236,-0.28556132316589355,1
1789134918802236,-0.28556132316589355,1
1789134918802236,-0.28556132316589355,1
1789134918802236,-0.28556132316589355,1
1789134918850236,0.1776818037033081,1
1789134918862236,0.1777963638305664,1
1789134918862236,0.1777963638305664,1
1789134918862236,0.1777963638305664,1
1789134918862236,0.1777963638305664,1
1789134918898236,-0.24744582176208496,1
1789134918910236,-0.2951011657714844,1
1789134918922236,-0.2696669101715088,1
1789134918922236,-0.2696669101715088,1
1789134918922236,-0.2696669101715088,1
1789134918922236,-0.2696669101715088,1
1789134918922236,-0.2696669101715088,1
1789134918970236,0.15853548049926758,1
1789134918982236,0.12773871421813965,1
1789134918982236,0.12773871421813965,1
1789134918982236,0.12773871421813965,1
1789134918982236,0.12773871421813965,1
1789134918982236,0.12773871421813965,1
1789134919030236,-0.43416738510131836,1
1789134919042236,-0.5847945213317871,1
1789134919042236,-0.5847945213317871,1
1789134919042236,-0.5847945213317871,1
1789134919042236,-0.5847945213317871,1
1789134919042236,-0.5847945213317871,1
1789134919090236,-0.2296295166015625,1
1789134919102236,-0.12038516998291016,1
1789134919102236,-0.12038516998291016,1
1789134919102236,-0.12038516998291016,1
1789134919102236,-0.12038516998291016,1
1789134919102236,-0.12038516998291016,1
1789134919150236,0.479526162147522,1
1789134919162236,0.5301641225814819,1
1789134919162236,0.5301641225814819,1
1789134919162236,0.5301641225814819,1
1789134919162236,0.5301641225814819,1
1789134919198236,0.18776381015777588,1
1789134919210236,0.04105222225189209,1
1789134919222236,-0.04668712615966797,1
1789134919222236,-0.04668712615966797,1
1789134919222236,-0.04668712615966797,1
1789134919222236,-0.04668712615966797,1
1789134919222236,-0.04668712615966797,1
1789134919270236,0.06099903583526611,1
1789134919282236,0.20516133308410645,1
1789134919282236,0.20516133308410645,1
1789134919282236,0.20516133308410645,1
1789134919282236,0.20516133308410645,1
1789134919318236,-0.12508630752563477,1
1789134919330236,-0.16162395477294922,1
1789134919342236,-0.11029267311096191,1
1789134919342236,-0.11029267311096191,1
1789134919342236,-0.11029267311096191,1
1789134919342236,-0.11029267311096191,1
1789134919342236,-0.11029267311096191,1
1789134919390236,0.4362748861312866,1
1789134919402236,0.4773569107055664,1
1789134919402236,0.4773569107055664,1
1789134919402236,0.4773569107055664,1
1789134919426236,0.22979235649108887,1
1789134919426236,0.22979235649108887,1
1789134919450236,0.11738407611846924,1
1789134919462236,0.09968793392181396,1
1789134919462236,0.09968793392181396,1
1789134919462236,0.09968793392181396,1
1789134919462236,0.09968793392181396,1
1789134919462236,0.09968793392181396,1
1789134919510236,-0.3165912628173828,1
1789134919522236,-0.3892526626586914,1
1789134919522236,-0.3892526626586914,1
1789134919522236,-0.3892526626586914,1
1789134919522236,-0.3892526626586914,1
1789134919558236,-0.24068665504455566,1
1789134919570236,-0.055701494216918945,1
1789134919582236,0.02122354507446289,1
1789134919582236,0.02122354507446289,1
1789134919582236,0.02122354507446289,1
1789134919582236,0.02122354507446289,1
1789134919582236,0.02122354507446289,1
1789134919630236,0.0444028377532959,1
1789134919642236,0.006246447563171387,1
1789134919642236,0.006246447563171387,1
1789134919642236,0.006246447563171387,1
1789134919642236,0.006246447563171387,1
1789134919678236,0.06883251667022705,1
1789134919690236,0.08722281455993652,1
1789134919702236,0.025785088539123535,1
1789134919702236,0.025785088539123535,1
1789134919702236,0.025785088539123535,1
1789134919702236,0.025785088539123535,1
1789134919702236,0.025785088539123535,1
1789134919750236,-0.029300212860107422,1
1789134919762236,-0.015083789825439453,1
1789134919762236,-0.015083789825439453,1
1789134919762400,-0.015083789825439453,1
1789134919762400,-0.015083789825439453,1
1789134919762400,-0.015083789825439453,1
1789134919810400,0.3559553623199463,1
1789134919822400,0.4235471487045288,1
1789134919822400,0.4235471487045288,1
1789134919822400,0.4235471487045288,1
1789134919822400,0.4235471487045288,1
1789134919858400,0.022988200187683105,1
1789134919870400,-0.012524127960205078,1
1789134919882400,-0.09680414199829102,1
1789134919882400,-0.09680414199829102,1
1789134919882400,-0.09680414199829102,1
1789134919882400,-0.09680414199829102,1
1789134919918400,0.18603503704071045,1
1789134919930400,0.15410113334655762,1
1789134919942400,0.0708010196685791,1
1789134919942400,0.0708010196685791,1
1789134919942400,0.0708010196685791,1
1789134919942400,0.0708010196685791,1
1789134919942400,0.0708010196685791,1
1789134919990400,-0.34423279762268066,1
1789134920002400,-0.49823951721191406,1
1789134920002400,-0.49823951721191406,1
1789134920002400,-0.49823951721191406,1
1789134920002400,-0.49823951721191406,1
1789134920002400,-0.49823951721191406,1
1789134920050400,-0.1851189136505127,1
1789134920062400,-0.09810948371887207,1
1789134920062400,-0.09810948371887207,1
1789134920062400,-0.09810948371887207,1
1789134920086400,0.18178749084472656,1
1789134920086400,0.18178749084472656,1
1789134920110400,0.20827114582061768,1
1789134920122400,0.10618746280670166,1
1789134920122400,0.10618746280670166,1
1789134920122400,0.10618746280670166,1
1789134920122400,0.10618746280670166,1
1789134920158400,-0.14682650566101074,1
1789134920170400,-0.26406216621398926,1
1789134920182400,-0.23425078392028809,1
1789134920182400,-0.23425078392028809,1
1789134920182400,-0.23425078392028809,1
1789134920182400,-0.23425078392028809,1
1789134920218400,0.09181976318359375,1
1789134920230400,0.08978772163391113,1
1789134920242400,-0.11747145652770996,1
1789134920242400,-0.11747145652770996,1
1789134920242400,-0.11747145652770996,1
1789134920242400,-0.11747145652770996,1
1789134920242400,-0.11747145652770996,1
1789134920290400,0.005117654800415039,1
1789134920302400,0.08193016052246094,1
1789134920302400,0.08193016052246094,1
1789134920302400,0.08193016052246094,1
1789134920302400,0.08193016052246094,1
1789134920302400,0.08193016052246094,1
1789134920350400,-0.08895468711853027,1
1789134920362400,-0.22686505317687988,1
1789134920362400,-0.22686505317687988,1
1789134920362400,-0.22686505317687988,1
1789134920362400,-0.22686505317687988,1
1789134920362400,-0.22686505317687988,1
1789134920410400,0.2018517255783081,1
1789134920422400,0.2720944881439209,1
1789134920422400,0.2720944881439209,1
1789134920422400,0.2720944881439209,1
1789134920422400,0.2720944881439209,1
1789134920422400,0.2720944881439209,1
1789134920470400,-0.2027430534362793,1
1789134920482400,-0.28887510299682617,1
1789134920482400,-0.28887510299682617,1
1789134920482400,-0.28887510299682617,1
1789134920482400,-0.28887510299682617,1
1789134920518400,-0.1930713653564453,1
1789134920530400,-0.012601852416992188,1
1789134920542400,0.07288050651550293,1
1789134920542400,0.07288050651550293,1
1789134920542400,0.07288050651550293,1
1789134920542400,0.07288050651550293,1
1789134920542400,0.07288050651550293,1
1789134920590400,0.010726213455200195,1
1789134920602400,-0.12900495529174805,1
1789134920602400,-0.12900495529174805,1
1789134920602400,-0.12900495529174805,1
1789134920602400,-0.12900495529174805,1
1789134920638400,0.0945206880569458,1
1789134920650400,0.05514883995056152,1
1789134920662400,-0.025383949279785156,1
1789134920662400,-0.025383949279785156,1
1789134920662400,-0.025383949279785156,1
1789134920662400,-0.025383949279785156,1
1789134920662400,-0.025383949279785156,1
1789134920710400,0.06407821178436279,1
1789134920722400,0.09265577793121338,1
1789134920722400,0.09265577793121338,1
1789134920722400,0.09265577793121338,1
1789134920746400,-0.09667587280273438,1
1789134920746400,-0.09667587280273438,1
1789134920770400,-0.0540766716003418,1
1789134920782400,0.031403422355651855,1
1789134920782563,0.031403422355651855,1
1789134920782563,0.031403422355651855,1
1789134920782563,0.031403422355651855,1
1789134920782563,0.031403422355651855,1
1789134920830563,-0.050333499908447266,1
1789134920842563,-0.009877443313598633,1
1789134920842563,-0.009877443313598633,1
1789134920842563,-0.009877443313598633,1
1789134920866563,0.2237255573272705,1
1789134920878563,0.3034336566925049,1
1789134920890563,0.1103430986404419,1
1789134920902563,0.025516033172607422,1
1789134920902563,0.025516033172607422,1
1789134920902563,0.025516033172607422,1
1789134920902563,0.025516033172607422,1
1789134920902563,0.025516033172607422,1
1789134920950563,0.003627300262451172,1
1789134920962563,-0.0003521442413330078,1
1789134920962563,-0.0003521442413330078,1
1789134920962563,-0.0003521442413330078,1
1789134920962563,-0.0003521442413330078,1
1789134920998563,0.2837470769882202,1
1789134921010563,0.24976599216461182,1
1789134921022563,0.16699552536010742,1
1789134921022563,0.16699552536010742,1
1789134921022563,0.16699552536010742,1
1789134921022563,0.16699552536010742,1
1789134921058563,-0.14365696907043457,1
1789134921070563,-0.20618772506713867,1
1789134921082563,-0.18657445907592773,1
1789134921082563,-0.18657445907592773,1
1789134921082563,-0.18657445907592773,1
1789134921082563,-0.18657445907592773,1
1789134921118563,0.12252473831176758,1
1789134921130563,0.07361733913421631,1
1789134921142563,-0.007314205169677734,1
1789134921142563,-0.007314205169677734,1
1789134921142563,-0.007314205169677734,1
1789134921142563,-0.007314205169677734,1
1789134921178563,0.12442314624786377,1
1789134921190563,0.1769850254058838,1
1789134921202563,0.008458256721496582,1
1789134921202563,0.008458256721496582,1
1789134921202563,0.008458256721496582,1
1789134921202563,0.008458256721496582,1
1789134921238563,-0.044297218322753906,1
1789134921250563,0.08933627605438232,1
1789134921262563,0.18876206874847412,1
1789134921262563,0.18876206874847412,1
1789134921262563,0.18876206874847412,1
1789134921262563,0.18876206874847412,1
1789134921262563,0.18876206874847412,1
1789134921310563,-0.1227114200592041,1
1789134921322563,-0.22025418281555176,1
1789134921322563,-0.22025418281555176,1
1789134921322563,-0.22025418281555176,1
1789134921322563,-0.22025418281555176,1
1789134921358563,0.013089299201965332,1
1789134921370563,0.2155681848526001,1
1789134921382563,0.21158993244171143,1
1789134921382563,0.21158993244171143,1
1789134921382563,0.21158993244171143,1
1789134921382563,0.21158993244171143,1
1789134921382563,0.21158993244171143,1
1789134921430563,-0.16841864585876465,1
1789134921442563,-0.3073306083679199,1
1789134921442563,-0.3073306083679199,1
1789134921442563,-0.3073306083679199,1
1789134921442563,-0.3073306083679199,1
1789134921478563,-0.20840167999267578,1
1789134921490563,-0.030013322830200195,1
1789134921502563,0.030262351036071777,1
1789134921502563,0.030262351036071777,1
1789134921502563,0.030262351036071777,1
1789134921502563,0.030262351036071777,1
1789134921538563,0.035280466079711914,1
1789134921550563,-0.03602433204650879,1
1789134921562563,-0.19146466255187988,1
1789134921562563,-0.19146466255187988,1
1789134921562563,-0.19146466255187988,1
1789134921562563,-0.19146466255187988,1
1789134921562563,-0.19146466255187988,1
1789134921610563,0.1682671308517456,1
1789134921622563,0.24875891208648682,1
1789134921622563,0.24875891208648682,1
1789134921622563,0.24875891208648682,1
1789134921622563,0.24875891208648682,1
1789134921622563,0.24875891208648682,1
1789134921670563,-0.16447973251342773,1
1789134921682563,-0.3197791576385498,1
1789134921682563,-0.3197791576385498,1
1789134921682563,-0.3197791576385498,1
1789134921682563,-0.3197791576385498,1
1789134921682563,-0.3197791576385498,1
1789134921730563,0.016121864318847656,1
1789134921742563,0.0969235897064209,1
1789134921742563,0.0969235897064209,1
1789134921742563,0.0969235897064209,1
1789134921742563,0.0969235897064209,1
1789134921742563,0.0969235897064209,1
1789134921790726,-0.1294543743133545,1
1789134921802726,-0.21121525764465332,1
1789134921802726,-0.21121525764465332,1
1789134921802726,-0.21121525764465332,1
1789134921802726,-0.21121525764465332,1
1789134921838726,-0.015471696853637695,1
1789134921850726,0.13718485832214355,1
1789134921862726,0.2267535924911499,1
1789134921862726,0.2267535924911499,1
1789134921862726,0.2267535924911499,1
1789134921862726,0.2267535924911499,1
1789134921862726,0.2267535924911499,1
1789134921910726,-0.09371495246887207,1
1789134921922726,-0.22156357765197754,1
1789134921922726,-0.22156357765197754,1
1789134921922726,-0.22156357765197754,1
1789134921922726,-0.22156357765197754,1
1789134921922726,-0.22156357765197754,1
1789134921970726,0.2173858880996704,1
1789134921982726,0.31464481353759766,1
1789134921982726,0.31464481353759766,1
1789134921982726,0.31464481353759766,1
1789134921982726,0.31464481353759766,1
1789134921982726,0.31464481353759766,1
1789134922030726,-0.16594934463500977,1
1789134922042726,-0.3369565010070801,1
1789134922042726,-0.3369565010070801,1
1789134922042726,-0.3369565010070801,1
1789134922066726,-0.22982311248779297,1
1789134922066726,-0.22982311248779297,1
1789134922090726,0.008169770240783691,1
1789134922102726,0.09232962131500244,1
1789134922102726,0.09232962131500244,1
1789134922102726,0.09232962131500244,1
1789134922102726,0.09232962131500244,1
1789134922102726,0.09232962131500244,1
1789134922150726,-0.08045434951782227,1
1789134922162726,-0.23764443397521973,1
1789134922162726,-0.23764443397521973,1
1789134922162726,-0.23764443397521973,1
1789134922162726,-0.23764443397521973,1
1789134922198726,-0.07869696617126465,1
1789134922210726,0.10259175300598145,1
1789134922222726,0.14611458778381348,1
1789134922222726,0.14611458778381348,1
1789134922222726,0.14611458778381348,1
1789134922222726,0.14611458778381348,1
1789134922222726,0.14611458778381348,1
1789134922270726,-0.26666855812072754,1
1789134922282726,-0.40555620193481445,1
1789134922282726,-0.40555620193481445,1
1789134922282726,-0.40555620193481445,1
1789134922282726,-0.40555620193481445,1
1789134922318726,-0.17527270317077637,1
1789134922330726,0.03358495235443115,1
1789134922342726,0.11108362674713135,1
1789134922342726,0.11108362674713135,1
1789134922342726,0.11108362674713135,1
1789134922342726,0.11108362674713135,1
1789134922342726,0.11108362674713135,1
1789134922390726,-0.24858808517456055,1
1789134922402726,-0.4001021385192871,1
1789134922402726,-0.4001021385192871,1
1789134922402726,-0.4001021385192871,1
1789134922402726,-0.4001021385192871,1
1789134922402726,-0.4001021385192871,1
1789134922450726,-0.10254669189453125,1
1789134922462726,-0.03672194480895996,1
1789134922462726,-0.03672194480895996,1
1789134922462726,-0.03672194480895996,1
1789134922462726,-0.03672194480895996,1
1789134922498726,0.3540698289871216,1
1789134922510726,0.3331836462020874,1
1789134922522726,0.12401926517486572,1
1789134922522726,0.12401926517486572,1
1789134922522726,0.12401926517486572,1
1789134922522726,0.12401926517486572,1
1789134922558726,-0.20981359481811523,1
1789134922570726,-0.29820966720581055,1
1789134922582726,-0.2867300510406494,1
1789134922582726,-0.2867300510406494,1
1789134922582726,-0.2867300510406494,1
1789134922582726,-0.2867300510406494,1
1789134922582726,-0.2867300510406494,1
1789134922630726,0.12742066383361816,1
1789134922642726,0.17110145092010498,1
1789134922642726,0.17110145092010498,1
1789134922642726,0.17110145092010498,1
1789134922642726,0.17110145092010498,1
1789134922678726,-0.13676738739013672,1
1789134922690726,-0.22156691551208496,1
1789134922702726,-0.22086668014526367,1
1789134922702726,-0.22086668014526367,1
1789134922702726,-0.22086668014526367,1
1789134922702726,-0.22086668014526367,1
1789134922702726,-0.22086668014526367,1
1789134922750726,0.2084256410598755,1
1789134922762726,0.3595923185348511,1
1789134922762726,0.3595923185348511,1
1789134922762726,0.3595923185348511,1
1789134922762889,0.3595923185348511,1
1789134922798889,-0.02424168586730957,1
1789134922810889,-0.14885401725769043,1
1789134922822889,-0.1723461151123047,1
1789134922822889,-0.1723461151123047,1
1789134922822889,-0.1723461151123047,1
1789134922822889,-0.1723461151123047,1
1789134922858889,0.2208709716796875,1
1789134922870889,0.22549617290496826,1
1789134922882889,0.025987744331359863,1
1789134922882889,0.025987744331359863,1
1789134922882889,0.025987744331359863,1
1789134922882889,0.025987744331359863,1
1789134922918889,-0.29438066482543945,1
1789134922930889,-0.31476306915283203,1
1789134922942889,-0.2763559818267822,1
1789134922942889,-0.2763559818267822,1
1789134922942889,-0.2763559818267822,1
1789134922942889,-0.2763559818267822,1
1789134922942889,-0.2763559818267822,1
1789134922990889,0.17660200595855713,1
1789134923002889,0.23613226413726807,1
1789134923002889,0.23613226413726807,1
1789134923002889,0.23613226413726807,1
1789134923002889,0.23613226413726807,1
1789134923038889,-0.0575253963470459,1
1789134923050889,-0.1797466278076172,1
1789134923062889,-0.10652947425842285,1
1789134923062889,-0.10652947425842285,1
1789134923062889,-0.10652947425842285,1
1789134923062889,-0.10652947425842285,1
1789134923062889,-0.10652947425842285,1
1789134923110889,0.363256573677063,1
1789134923122889,0.507716178894043,1
1789134923122889,0.507716178894043,1
1789134923122889,0.507716178894043,1
1789134923122889,0.507716178894043,1
1789134923158889,0.14538836479187012,1
1789134923170889,0.06712496280670166,1
1789134923182889,0.01631486415863037,1
1789134923182889,0.01631486415863037,1
1789134923182889,0.01631486415863037,1
1789134923182889,0.01631486415863037,1
1789134923182889,0.01631486415863037,1
1789134923230889,-0.17041921615600586,1
1789134923242889,-0.18683385848999023,1
1789134923242889,-0.18683385848999023,1
1789134923242889,-0.18683385848999023,1
1789134923242889,-0.18683385848999023,1
1789134923278889,0.013940572738647461,1
1789134923290889,0.0014793872833251953,1
1789134923302889,-0.07135653495788574,1
1789134923302889,-0.07135653495788574,1
1789134923302889,-0.07135653495788574,1
1789134923302889,-0.07135653495788574,1
1789134923302889,-0.07135653495788574,1
1789134923350889,0.2757859230041504,1
1789134923362889,0.42917656898498535,1
1789134923362889,0.42917656898498535,1
1789134923362889,0.42917656898498535,1
1789134923362889,0.42917656898498535,1
1789134923362889,0.42917656898498535,1
1789134923410889,0.09490704536437988,1
1789134923422889,0.03776049613952637,1
1789134923422889,0.03776049613952637,1
1789134923422889,0.03776049613952637,1
1789134923422889,0.03776049613952637,1
1789134923422889,0.03776049613952637,1
1789134923470889,-0.413377046585083,1
1789134923482889,-0.42789173126220703,1
1789134923482889,-0.42789173126220703,1
1789134923482889,-0.42789173126220703,1
1789134923482889,-0.42789173126220703,1
1789134923518889,-0.14411330223083496,1
1789134923530889,0.09253394603729248,1
1789134923542889,0.16219723224639893,1
1789134923542889,0.16219723224639893,1
1789134923542889,0.16219723224639893,1
1789134923542889,0.16219723224639893,1
1789134923542889,0.16219723224639893,1
1789134923590889,-0.22059106826782227,1
1789134923602889,-0.3477034568786621,1
1789134923602889,-0.3477034568786621,1
1789134923602889,-0.3477034568786621,1
1789134923602889,-0.3477034568786621,1
1789134923638889,-0.08481788635253906,1
1789134923650889,0.15402376651763916,1
1789134923662889,0.19494867324829102,1
1789134923662889,0.19494867324829102,1
1789134923662889,0.19494867324829102,1
1789134923662889,0.19494867324829102,1
1789134923662889,0.19494867324829102,1
1789134923710889,-0.24621820449829102,1
1789134923722889,-0.37998485565185547,1
1789134923722889,-0.37998485565185547,1
1789134923722889,-0.37998485565185547,1
1789134923722889,-0.37998485565185547,1
1789134923758889,-0.27837657928466797,1
1789134923770889,-0.07658672332763672,1
1789134923782889,0.0009362697601318359,1
1789134923782889,0.0009362697601318359,1
1789134923783052,0.0009362697601318359,1
1789134923783052,0.0009362697601318359,1
1789134923819052,0.24948859214782715,1
1789134923831052,0.17782175540924072,1
1789134923843052,-0.017045021057128906,1
1789134923843052,-0.017045021057128906,1
1789134923843052,-0.017045021057128906,1
1789134923843052,-0.017045021057128906,1
1789134923879052,-0.021414756774902344,1
1789134923891052,0.11382007598876953,1
1789134923903052,0.15732181072235107,1
1789134923903052,0.15732181072235107,1
1789134923903052,0.15732181072235107,1
1789134923903052,0.15732181072235107,1
1789134923903052,0.15732181072235107,1
1789134923951052,-0.2543826103210449,1
1789134923963052,-0.3512699604034424,1
1789134923963052,-0.3512699604034424,1
1789134923963052,-0.3512699604034424,1
1789134923963052,-0.3512699604034424,1
1789134923963052,-0.3512699604034424,1
1789134924011052,0.11824941635131836,1
1789134924023052,0.1385054588317871,1
1789134924023052,0.1385054588317871,1
1789134924023052,0.1385054588317871,1
1789134924023052,0.1385054588317871,1
1789134924059052,-0.2353513240814209,1
1789134924071052,-0.24202799797058105,1
1789134924083052,-0.19919419288635254,1
1789134924083052,-0.19919419288635254,1
1789134924083052,-0.19919419288635254,1
1789134924083052,-0.19919419288635254,1
1789134924119052,0.08525097370147705,1
1789134924131052,0.06196391582489014,1
1789134924143052,-0.02127218246459961,1
1789134924143052,-0.02127218246459961,1
1789134924143052,-0.02127218246459961,1
1789134924143052,-0.02127218246459961,1
1789134924179052,0.020378828048706055,1
1789134924191052,0.04985940456390381,1
1789134924203052,-0.07569503784179688,1
1789134924203052,-0.07569503784179688,1
1789134924203052,-0.07569503784179688,1
1789134924203052,-0.07569503784179688,1
1789134924239052,-0.04955697059631348,1
1789134924251052,0.10161519050598145,1
1789134924263052,0.19572150707244873,1
1789134924263052,0.19572150707244873,1
1789134924263052,0.19572150707244873,1
1789134924263052,0.19572150707244873,1
1789134924263052,0.19572150707244873,1
1789134924311052,-0.17626452445983887,1
1789134924323052,-0.32772088050842285,1
1789134924323052,-0.32772088050842285,1
1789134924323052,-0.32772088050842285,1
1789134924323052,-0.32772088050842285,1
1789134924359052,-0.1552109718322754,1
1789134924371052,0.04690253734588623,1
1789134924383052,0.1116936206817627,1
1789134924383052,0.1116936206817627,1
1789134924383052,0.1116936206817627,1
1789134924383052,0.1116936206817627,1
1789134924383052,0.1116936206817627,1
1789134924431052,-0.276123046875,1
1789134924443052,-0.42308688163757324,1
1789134924443052,-0.42308688163757324,1
1789134924443052,-0.42308688163757324,1
1789134924443052,-0.42308688163757324,1
1789134924479052,-0.22047090530395508,1
1789134924491052,-0.014927148818969727,1
1789134924503052,0.057685136795043945,1
1789134924503052,0.057685136795043945,1
1789134924503052,0.057685136795043945,1
1789134924503052,0.057685136795043945,1
1789134924503052,0.057685136795043945,1
1789134924551052,0.07946586608886719,1
1789134924563052,-0.050263404846191406,1
1789134924563052,-0.050263404846191406,1
1789134924563052,-0.050263404846191406,1
1789134924563052,-0.050263404846191406,1
1789134924563052,-0.050263404846191406,1
1789134924611052,0.10366904735565186,1
1789134924623052,0.1854342222213745,1
1789134924623052,0.1854342222213745,1
1789134924623052,0.1854342222213745,1
1789134924623052,0.1854342222213745,1
1789134924623052,0.1854342222213745,1
1789134924671052,-0.22535085678100586,1
1789134924683052,-0.3794546127319336,1
1789134924683052,-0.3794546127319336,1
1789134924683052,-0.3794546127319336,1
1789134924683052,-0.3794546127319336,1
1789134924683052,-0.3794546127319336,1
1789134924731052,0.15562176704406738,1
1789134924743052,0.22107207775115967,1
1789134924743052,0.22107207775115967,1
1789134924743052,0.22107207775115967,1
1789134924743052,0.22107207775115967,1
1789134924743052,0.22107207775115967,1
1789134924791052,-0.2708921432495117,1
1789134924803052,-0.32524657249450684,1
1789134924803214,-0.32524657249450684,1
1789134924803214,-0.32524657249450684,1
1789134924803214,-0.32524657249450684,1
1789134924839214,-0.16470980644226074,1
1789134924851214,0.02178788185119629,1
1789134924863214,0.11284101009368896,1
1789134924863214,0.11284101009368896,1
1789134924863214,0.11284101009368896,1
1789134924863214,0.11284101009368896,1
1789134924863214,0.11284101009368896,1
1789134924911214,-0.07056379318237305,1
1789134924923214,-0.12795519828796387,1
1789134924923214,-0.12795519828796387,1
1789134924923214,-0.12795519828796387,1
1789134924923214,-0.12795519828796387,1
1789134924959214,0.18620514869689941,1
1789134924971214,0.1445220708847046,1
1789134924983214,0.06019437313079834,1
1789134924983214,0.06019437313079834,1
1789134924983214,0.06019437313079834,1
1789134924983214,0.06019437313079834,1
1789134924983214,0.06019437313079834,1
1789134925031214,-0.3378744125366211,1
1789134925043214,-0.3753352165222168,1
1789134925043214,-0.3753352165222168,1
1789134925043214,-0.3753352165222168,1
1789134925043214,-0.3753352165222168,1
1789134925079214,-0.09084749221801758,1
1789134925091214,0.14064562320709229,1
1789134925103214,0.1759777069091797,1
1789134925103214,0.1759777069091797,1
1789134925103214,0.1759777069091797,1
1789134925103214,0.1759777069091797,1
1789134925139214,-0.1980440616607666,1
1789134925151214,-0.24632024765014648,1
1789134925163214,-0.19405031204223633,1
1789134925163214,-0.19405031204223633,1
1789134925163214,-0.19405031204223633,1
1789134925163214,-0.19405031204223633,1
1789134925199214,0.07018983364105225,1
1789134925211214,0.056787729263305664,1
1789134925223214,-0.028056621551513672,1
1789134925223214,-0.028056621551513672,1
1789134925223214,-0.028056621551513672,1
1789134925223214,-0.028056621551513672,1
1789134925223214,-0.028056621551513672,1
1789134925271214,0.11686086654663086,1
1789134925283214,0.13526439666748047,1
1789134925283214,0.13526439666748047,1
1789134925283214,0.13526439666748047,1
1789134925283214,0.13526439666748047,1
1789134925319214,-0.1446068286895752,1
1789134925331214,-0.24869775772094727,1
1789134925343214,-0.1961498260498047,1
1789134925343214,-0.1961498260498047,1
1789134925343214,-0.1961498260498047,1
1789134925343214,-0.1961498260498047,1
1789134925343214,-0.1961498260498047,1
1789134925391214,0.33847546577453613,1
1789134925403214,0.506730318069458,1
1789134925403214,0.506730318069458,1
1789134925403214,0.506730318069458,1
1789134925403214,0.506730318069458,1
1789134925439214,0.10023903846740723,1
1789134925451214,-0.006159067153930664,1
1789134925463214,-0.07688570022583008,1
1789134925463214,-0.07688570022583008,1
1789134925463214,-0.07688570022583008,1
1789134925463214,-0.07688570022583008,1
1789134925499214,0.3045135736465454,1
1789134925511214,0.289902925491333,1
1789134925523214,0.07671201229095459,1
1789134925523214,0.07671201229095459,1
1789134925523214,0.07671201229095459,1
1789134925523214,0.07671201229095459,1
1789134925523214,0.07671201229095459,1
1789134925571214,-0.29703450202941895,1
1789134925583214,-0.35883355140686035,1
1789134925583214,-0.35883355140686035,1
1789134925583214,-0.35883355140686035,1
1789134925583214,-0.35883355140686035,1
1789134925583214,-0.35883355140686035,1
1789134925631214,-0.08625626564025879,1
1789134925643214,0.07295620441436768,1
1789134925643214,0.07295620441436768,1
1789134925643214,0.07295620441436768,1
1789134925643214,0.07295620441436768,1
1789134925643214,0.07295620441436768,1
1789134925691214,-0.12502098083496094,1
1789134925703214,-0.1914222240447998,1
1789134925703214,-0.1914222240447998,1
1789134925703214,-0.1914222240447998,1
1789134925703214,-0.1914222240447998,1
1789134925703214,-0.1914222240447998,1
1789134925751214,0.0859382152557373,1
1789134925763214,0.2390216588973999,1
1789134925763214,0.2390216588973999,1
1789134925763214,0.2390216588973999,1
1789134925763214,0.2390216588973999,1
1789134925799214,-0.10985255241394043,1
1789134925811376,-0.20915818214416504,1
1789134925823376,-0.1473865509033203,1
1789134925823376,-0.1473865509033203,1
1789134925823376,-0.1473865509033203,1
1789134925823376,-0.1473865509033203,1
1789134925823376,-0.1473865509033203,1
1789134925871376,0.3192688226699829,1
1789134925883376,0.45760202407836914,1
1789134925883376,0.45760202407836914,1
1789134925883376,0.45760202407836914,1
1789134925883376,0.45760202407836914,1
1789134925883376,0.45760202407836914,1
1789134925931376,-0.1376967430114746,1
1789134925943376,-0.15299010276794434,1
1789134925943376,-0.15299010276794434,1
1789134925943376,-0.15299010276794434,1
1789134925943376,-0.15299010276794434,1
1789134925943376,-0.15299010276794434,1
1789134925991376,0.0033502578735351562,1
1789134926003376,0.15847396850585938,1
1789134926003376,0.15847396850585938,1
1789134926003376,0.15847396850585938,1
1789134926003376,0.15847396850585938,1
1789134926003376,0.15847396850585938,1
1789134926051376,0.01434326171875,1
1789134926063376,-0.02639913558959961,1
1789134926063376,-0.02639913558959961,1
1789134926063376,-0.02639913558959961,1
1789134926063376,-0.02639913558959961,1
1789134926063376,-0.02639913558959961,1
1789134926111376,0.4198986291885376,1
1789134926123376,0.46137678623199463,1
1789134926123376,0.46137678623199463,1
1789134926123376,0.46137678623199463,1
1789134926123376,0.46137678623199463,1
1789134926159376,0.1320197582244873,1
1789134926171376,0.05622994899749756,1
1789134926183376,-0.003998517990112305,1
1789134926183376,-0.003998517990112305,1
1789134926183376,-0.003998517990112305,1
1789134926183376,-0.003998517990112305,1
1789134926183376,-0.003998517990112305,1
1789134926231376,0.19719195365905762,1
1789134926243376,0.3694493770599365,1
1789134926243376,0.3694493770599365,1
1789134926243376,0.3694493770599365,1
1789134926243376,0.3694493770599365,1
1789134926279376,0.056662917137145996,1
1789134926291376,-0.02548694610595703,1
1789134926303376,-0.0016682147979736328,1
1789134926303376,-0.0016682147979736328,1
1789134926303376,-0.0016682147979736328,1
1789134926303376,-0.0016682147979736328,1
1789134926303376,-0.0016682147979736328,1
1789134926351376,0.47356903553009033,1
1789134926363376,0.5156543254852295,1
1789134926363376,0.5156543254852295,1
1789134926363376,0.5156543254852295,1
1789134926363376,0.5156543254852295,1
1789134926363376,0.5156543254852295,1
1789134926411376,0.018923282623291016,1
1789134926423376,-0.029106616973876953,1
1789134926423376,-0.029106616973876953,1
1789134926423376,-0.029106616973876953,1
1789134926423376,-0.029106616973876953,1
1789134926459376,0.29386448860168457,1
1789134926471376,0.29140353202819824,1
1789134926483376,0.07854235172271729,1
1789134926483376,0.07854235172271729,1
1789134926483376,0.07854235172271729,1
1789134926483376,0.07854235172271729,1
1789134926519376,-0.18125057220458984,1
1789134926531376,-0.27805042266845703,1
1789134926543376,-0.23263812065124512,1
1789134926543376,-0.23263812065124512,1
1789134926543376,-0.23263812065124512,1
1789134926543376,-0.23263812065124512,1
1789134926543376,-0.23263812065124512,1
1789134926591376,0.18978428840637207,1
1789134926603376,0.22294747829437256,1
1789134926603376,0.22294747829437256,1
1789134926603376,0.22294747829437256,1
1789134926603376,0.22294747829437256,1
1789134926639376,-0.11982917785644531,1
1789134926651376,-0.21125078201293945,1
1789134926663376,-0.19482851028442383,1
1789134926663376,-0.19482851028442383,1
1789134926663376,-0.19482851028442383,1
1789134926663376,-0.19482851028442383,1
1789134926663376,-0.19482851028442383,1
1789134926711376,0.2627981901168823,1
1789134926723376,0.28307461738586426,1
1789134926723376,0.28307461738586426,1
1789134926723376,0.28307461738586426,1
1789134926723376,0.28307461738586426,1
1789134926759376,-0.05098986625671387,1
1789134926771376,-0.13567113876342773,1
1789134926783376,-0.07369637489318848,1
1789134926783376,-0.07369637489318848,1
1789134926783376,-0.07369637489318848,1
1789134926783538,-0.07369637489318848,1
1789134926819538,0.3006633520126343,1
1789134926831538,0.29228484630584717,1
1789134926843538,0.0704033374786377,1
1789134926843538,0.0704033374786377,1
1789134926843538,0.0704033374786377,1
1789134926867538,-0.11568665504455566,1
1789134926867538,-0.11568665504455566,1
1789134926891538,-0.151961088180542,1
1789134926903538,-0.08494353294372559,1
1789134926903538,-0.08494353294372559,1
1789134926903538,-0.08494353294372559,1
1789134926903538,-0.08494353294372559,1
1789134926903538,-0.08494353294372559,1
1789134926951538,0.3848755359649658,1
1789134926963538,0.552571177482605,1
1789134926963538,0.552571177482605,1
1789134926963538,0.552571177482605,1
1789134926963538,0.552571177482605,1
1789134926999538,0.13354194164276123,1
1789134927011538,0.02161407470703125,1
1789134927023538,0.000982046127319336,1
1789134927023538,0.000982046127319336,1
1789134927023538,0.000982046127319336,1
1789134927023538,0.000982046127319336,1
1789134927059538,0.1768345832824707,1
1789134927071538,0.21565759181976318,1
1789134927083538,0.052039146423339844,1
1789134927083538,0.052039146423339844,1
1789134927083538,0.052039146423339844,1
1789134927083538,0.052039146423339844,1
1789134927119538,-0.08903026580810547,1
1789134927131538,-0.06257343292236328,1
1789134927143538,0.04734039306640625,1
1789134927143538,0.04734039306640625,1
1789134927143538,0.04734039306640625,1
1789134927143538,0.04734039306640625,1
1789134927143538,0.04734039306640625,1
1789134927191538,-0.04461240768432617,1
1789134927203538,-0.08415007591247559,1
1789134927203538,-0.08415007591247559,1
1789134927203538,-0.08415007591247559,1
1789134927203538,-0.08415007591247559,1
1789134927239538,0.22386503219604492,1
1789134927251538,0.190521240234375,1
1789134927263538,0.10580623149871826,1
1789134927263538,0.10580623149871826,1
1789134927263538,0.10580623149871826,1
1789134927263538,0.10580623149871826,1
1789134927263538,0.10580623149871826,1
1789134927311538,-0.2816016674041748,1
1789134927323538,-0.404451847076416,1
1789134927323538,-0.404451847076416,1
1789134927323538,-0.404451847076416,1
1789134927323538,-0.404451847076416,1
1789134927323538,-0.404451847076416,1
1789134927371538,-0.08156919479370117,1
1789134927383538,0.015076875686645508,1
1789134927383538,0.015076875686645508,1
1789134927383538,0.015076875686645508,1
1789134927383538,0.015076875686645508,1
1789134927383538,0.015076875686645508,1
1789134927431538,0.3449711799621582,1
1789134927443538,0.39027702808380127,1
1789134927443538,0.39027702808380127,1
1789134927443538,0.39027702808380127,1
1789134927443538,0.39027702808380127,1
1789134927479538,0.03409993648529053,1
1789134927491538,-0.03031325340270996,1
1789134927503538,-0.02639150619506836,1
1789134927503538,-0.02639150619506836,1
1789134927503538,-0.02639150619506836,1
1789134927503538,-0.02639150619506836,1
1789134927503538,-0.02639150619506836,1
1789134927551538,0.37152063846588135,1
1789134927563538,0.511634349822998,1
1789134927563538,0.511634349822998,1
1789134927563538,0.511634349822998,1
1789134927563538,0.511634349822998,1
1789134927563538,0.511634349822998,1
1789134927611538,0.11530745029449463,1
1789134927623538,0.09184026718139648,1
1789134927623538,0.09184026718139648,1
1789134927623538,0.09184026718139648,1
1789134927623538,0.09184026718139648,1
1789134927623538,0.09184026718139648,1
1789134927671538,-0.2766842842102051,1
1789134927683538,-0.36506128311157227,1
1789134927683538,-0.36506128311157227,1
1789134927683538,-0.36506128311157227,1
1789134927683538,-0.36506128311157227,1
1789134927683538,-0.36506128311157227,1
1789134927731538,-0.010108232498168945,1
1789134927743538,0.06479930877685547,1
1789134927743538,0.06479930877685547,1
1789134927743538,0.06479930877685547,1
1789134927743538,0.06479930877685547,1
1789134927779538,0.10891461372375488,1
1789134927791538,0.02047419548034668,1
1789134927803538,-0.012919425964355469,1
1789134927803538,-0.012919425964355469,1
1789134927803700,-0.012919425964355469,1
1789134927803700,-0.012919425964355469,1
1789134927803700,-0.012919425964355469,1
1789134927851700,0.4021404981613159,1
1789134927863700,0.47002875804901123,1
1789134927863700,0.47002875804901123,1
1789134927863700,0.47002875804901123,1
1789134927863700,0.47002875804901123,1
1789134927863700,0.47002875804901123,1
1789134927911700,-0.03450155258178711,1
1789134927923700,-0.22686100006103516,1
1789134927923700,-0.22686100006103516,1
1789134927923700,-0.22686100006103516,1
1789134927923700,-0.22686100006103516,1
1789134927923700,-0.22686100006103516,1
1789134927971700,0.01074981689453125,1
1789134927983700,0.0758293867111206,1
1789134927983700,0.0758293867111206,1
1789134927983700,0.0758293867111206,1
1789134928007700,0.08886086940765381,1
1789134928007700,0.08886086940765381,1
1789134928031700,-0.14270853996276855,1
1789134928043700,-0.2933509349822998,1
1789134928043700,-0.2933509349822998,1
1789134928043700,-0.2933509349822998,1
1789134928043700,-0.2933509349822998,1
1789134928043700,-0.2933509349822998,1
1789134928091700,0.018088817596435547,1
1789134928103700,0.09038317203521729,1
1789134928103700,0.09038317203521729,1
1789134928103700,0.09038317203521729,1
1789134928103700,0.09038317203521729,1
1789134928139700,-0.2673635482788086,1
1789134928151700,-0.32853078842163086,1
1789134928163700,-0.2670304775238037,1
1789134928163700,-0.2670304775238037,1
1789134928163700,-0.2670304775238037,1
1789134928163700,-0.2670304775238037,1
1789134928199700,-0.03039383888244629,1
1789134928211700,0.17240393161773682,1
1789134928223700,0.2493727207183838,1
1789134928223700,0.2493727207183838,1
1789134928223700,0.2493727207183838,1
1789134928223700,0.2493727207183838,1
1789134928223700,0.2493727207183838,1
1789134928271700,-0.1561598777770996,1
1789134928283700,-0.24520087242126465,1
1789134928283700,-0.24520087242126465,1
1789134928283700,-0.24520087242126465,1
1789134928283700,-0.24520087242126465,1
1789134928283700,-0.24520087242126465,1
1789134928331700,0.13522577285766602,1
1789134928343700,0.21542775630950928,1
1789134928343700,0.21542775630950928,1
1789134928343700,0.21542775630950928,1
1789134928343700,0.21542775630950928,1
1789134928343700,0.21542775630950928,1
1789134928391700,-0.23314166069030762,1
1789134928403700,-0.3897690773010254,1
1789134928403700,-0.3897690773010254,1
1789134928403700,-0.3897690773010254,1
1789134928403700,-0.3897690773010254,1
1789134928439700,-0.2717142105102539,1
1789134928451700,-0.07891511917114258,1
1789134928463700,0.000727534294128418,1
1789134928463700,0.000727534294128418,1
1789134928463700,0.000727534294128418,1
1789134928463700,0.000727534294128418,1
1789134928463700,0.000727534294128418,1
1789134928511700,0.10986685752868652,1
1789134928523700,0.043329596519470215,1
1789134928523700,0.043329596519470215,1
1789134928523700,0.043329596519470215,1
1789134928523700,0.043329596519470215,1
1789134928523700,0.043329596519470215,1
1789134928571700,-0.37969446182250977,1
1789134928583700,-0.4441111087799072,1
1789134928583700,-0.4441111087799072,1
1789134928583700,-0.4441111087799072,1
1789134928583700,-0.4441111087799072,1
1789134928583700,-0.4441111087799072,1
1789134928631700,-0.02484893798828125,1
1789134928643700,0.1450444459915161,1
1789134928643700,0.1450444459915161,1
1789134928643700,0.1450444459915161,1
1789134928643700,0.1450444459915161,1
1789134928643700,0.1450444459915161,1
1789134928691700,-0.014553546905517578,1
1789134928703700,-0.0723726749420166,1
1789134928703700,-0.0723726749420166,1
1789134928703700,-0.0723726749420166,1
1789134928703700,-0.0723726749420166,1
1789134928703700,-0.0723726749420166,1
1789134928751700,0.33288443088531494,1
1789134928763700,0.48895084857940674,1
1789134928763700,0.48895084857940674,1
1789134928763700,0.48895084857940674,1
1789134928763700,0.48895084857940674,1
1789134928799700,0.07199418544769287,1
1789134928811700,-0.03524971008300781,1
1789134928823861,-0.06039118766784668,1
1789134928823861,-0.06039118766784668,1
1789134928823861,-0.06039118766784668,1
1789134928823861,-0.06039118766784668,1
1789134928823861,-0.06039118766784668,1
1789134928871861,0.23440945148468018,1
1789134928883861,0.41620516777038574,1
1789134928883861,0.41620516777038574,1
1789134928883861,0.41620516777038574,1
1789134928883861,0.41620516777038574,1
1789134928919861,0.045592665672302246,1
1789134928931861,-0.010797977447509766,1
1789134928943861,-0.035405635833740234,1
1789134928943861,-0.035405635833740234,1
1789134928943861,-0.035405635833740234,1
1789134928943861,-0.035405635833740234,1
1789134928943861,-0.035405635833740234,1
1789134928991861,0.28339219093322754,1
1789134929003861,0.33238887786865234,1
1789134929003861,0.33238887786865234,1
1789134929003861,0.33238887786865234,1
1789134929003861,0.33238887786865234,1
1789134929039861,0.04942214488983154,1
1789134929051861,-0.03308701515197754,1
1789134929063861,-0.06707096099853516,1
1789134929063861,-0.06707096099853516,1
1789134929063861,-0.06707096099853516,1
1789134929063861,-0.06707096099853516,1
1789134929099861,0.14962148666381836,1
1789134929111861,0.1537008285522461,1
1789134929123861,-0.036451101303100586,1
1789134929123861,-0.036451101303100586,1
1789134929123861,-0.036451101303100586,1
1789134929123861,-0.036451101303100586,1
1789134929159861,-0.03188443183898926,1
1789134929171861,0.12567293643951416,1
1789134929183861,0.15960419178009033,1
1789134929183861,0.15960419178009033,1
1789134929183861,0.15960419178009033,1
1789134929183861,0.15960419178009033,1
1789134929183861,0.15960419178009033,1
1789134929231861,-0.2961435317993164,1
1789134929243861,-0.39815855026245117,1
1789134929243861,-0.39815855026245117,1
1789134929243861,-0.39815855026245117,1
1789134929243861,-0.39815855026245117,1
1789134929279861,-0.1600508689880371,1
1789134929291861,0.050924062728881836,1
1789134929303861,0.12939119338989258,1
1789134929303861,0.12939119338989258,1
1789134929303861,0.12939119338989258,1
1789134929303861,0.12939119338989258,1
1789134929303861,0.12939119338989258,1
1789134929351861,-0.28204822540283203,1
1789134929363861,-0.438915491104126,1
1789134929363861,-0.438915491104126,1
1789134929363861,-0.438915491104126,1
1789134929363861,-0.438915491104126,1
1789134929399861,-0.23280715942382812,1
1789134929411861,-0.02024531364440918,1
1789134929423861,0.052429795265197754,1
1789134929423861,0.052429795265197754,1
1789134929423861,0.052429795265197754,1
1789134929423861,0.052429795265197754,1
1789134929459861,0.06396651268005371,1
1789134929471861,-0.018674373626708984,1
1789134929483861,-0.17795014381408691,1
1789134929483861,-0.17795014381408691,1
1789134929483861,-0.17795014381408691,1
1789134929483861,-0.17795014381408691,1
1789134929519861,0.059735655784606934,1
1789134929531861,0.08080422878265381,1
1789134929543861,-0.0064852237701416016,1
1789134929543861,-0.0064852237701416016,1
1789134929543861,-0.0064852237701416016,1
1789134929543861,-0.0064852237701416016,1
1789134929543861,-0.0064852237701416016,1
1789134929591861,0.11220479011535645,1
1789134929603861,0.25908994674682617,1
1789134929603861,0.25908994674682617,1
1789134929603861,0.25908994674682617,1
1789134929603861,0.25908994674682617,1
1789134929603861,0.25908994674682617,1
1789134929651861,-0.20798826217651367,1
1789134929663861,-0.27243566513061523,1
1789134929663861,-0.27243566513061523,1
1789134929663861,-0.27243566513061523,1
1789134929663861,-0.27243566513061523,1
1789134929663861,-0.27243566513061523,1
1789134929711861,0.008123517036437988,1
1789134929723861,0.1641082763671875,1
1789134929723861,0.1641082763671875,1
1789134929723861,0.1641082763671875,1
1789134929723861,0.1641082763671875,1
1789134929759861,0.1670830249786377,1
1789134929771861,0.011176466941833496,1
1789134929783861,-0.06400799751281738,1
1789134929783861,-0.06400799751281738,1
1789134929783861,-0.06400799751281738,1
1789134929783861,-0.06400799751281738,1
1789134929783861,-0.06400799751281738,1
1789134929832022,0.25999271869659424,1
1789134929844022,0.37773704528808594,1
1789134929844022,0.37773704528808594,1
1789134929844022,0.37773704528808594,1
1789134929868022,0.05825185775756836,1
1789134929868022,0.05825185775756836,1
1789134929892022,-0.12708497047424316,1
1789134929904022,-0.24567866325378418,1
1789134929904022,-0.24567866325378418,1
1789134929904022,-0.24567866325378418,1
1789134929904022,-0.24567866325378418,1
1789134929904022,-0.24567866325378418,1
1789134929952022,0.031684160232543945,1
1789134929964022,0.16701734066009521,1
1789134929964022,0.16701734066009521,1
1789134929964022,0.16701734066009521,1
1789134929964022,0.16701734066009521,1
1789134929964022,0.16701734066009521,1
1789134930012022,-0.34722304344177246,1
1789134930024022,-0.39974474906921387,1
1789134930024022,-0.39974474906921387,1
1789134930024022,-0.39974474906921387,1
1789134930024022,-0.39974474906921387,1
1789134930060022,-0.13280916213989258,1
1789134930072022,-0.018222808837890625,1
1789134930084022,0.1810847520828247,1
1789134930084022,0.1810847520828247,1
1789134930084022,0.1810847520828247,1
1789134930084022,0.1810847520828247,1
1789134930120022,0.12370359897613525,1
1789134930132022,-0.013020038604736328,1
1789134930144022,-0.08098721504211426,1
1789134930144022,-0.08098721504211426,1
1789134930144022,-0.08098721504211426,1
1789134930144022,-0.08098721504211426,1
1789134930144022,-0.08098721504211426,1
1789134930192022,0.2500934600830078,1
1789134930204022,0.383172869682312,1
1789134930204022,0.383172869682312,1
1789134930204022,0.383172869682312,1
1789134930204022,0.383172869682312,1
1789134930240022,0.053037047386169434,1
1789134930252022,-0.06429123878479004,1
1789134930264022,-0.09995532035827637,1
1789134930264022,-0.09995532035827637,1
1789134930264022,-0.09995532035827637,1
1789134930264022,-0.09995532035827637,1
1789134930264022,-0.09995532035827637,1
1789134930312022,0.13593626022338867,1
1789134930324022,0.2800353765487671,1
1789134930324022,0.2800353765487671,1
1789134930324022,0.2800353765487671,1
1789134930324022,0.2800353765487671,1
1789134930360022,-0.08061695098876953,1
1789134930372022,-0.21426677703857422,1
1789134930384022,-0.19390296936035156,1
1789134930384022,-0.19390296936035156,1
1789134930384022,-0.19390296936035156,1
1789134930384022,-0.19390296936035156,1
1789134930420022,0.188041090965271,1
1789134930432022,0.1738758087158203,1
1789134930444022,-0.053009748458862305,1
1789134930444022,-0.053009748458862305,1
1789134930444022,-0.053009748458862305,1
1789134930444022,-0.053009748458862305,1
1789134930444022,-0.053009748458862305,1
1789134930492022,0.18310987949371338,1
1789134930504022,0.23219943046569824,1
1789134930504022,0.23219943046569824,1
1789134930504022,0.23219943046569824,1
1789134930504022,0.23219943046569824,1
1789134930504022,0.23219943046569824,1
1789134930552022,-0.08298492431640625,1
1789134930564022,-0.23626923561096191,1
1789134930564022,-0.23626923561096191,1
1789134930564022,-0.23626923561096191,1
1789134930564022,-0.23626923561096191,1
1789134930564022,-0.23626923561096191,1
1789134930612022,0.0958327054977417,1
1789134930624022,0.18027305603027344,1
1789134930624022,0.18027305603027344,1
1789134930624022,0.18027305603027344,1
1789134930648022,-0.04158353805541992,1
1789134930648022,-0.04158353805541992,1
1789134930672022,-0.14193344116210938,1
1789134930684022,0.0039250850677490234,1
1789134930684022,0.0039250850677490234,1
1789134930684022,0.0039250850677490234,1
1789134930684022,0.0039250850677490234,1
1789134930720022,0.24481749534606934,1
1789134930732022,0.1195443868637085,1
1789134930744022,0.010674357414245605,1
1789134930744022,0.010674357414245605,1
1789134930744022,0.010674357414245605,1
1789134930744022,0.010674357414245605,1
1789134930780022,0.06809937953948975,1
1789134930792022,0.043370842933654785,1
1789134930804022,-0.09856629371643066,1
1789134930804022,-0.09856629371643066,1
1789134930804022,-0.09856629371643066,1
1789134930804183,-0.09856629371643066,1
1789134930840183,-0.1410508155822754,1
1789134930852183,-0.006391048431396484,1
1789134930864183,0.0792386531829834,1
1789134930864183,0.0792386531829834,1
1789134930864183,0.0792386531829834,1
1789134930864183,0.0792386531829834,1
1789134930864183,0.0792386531829834,1
1789134930912183,-0.06519246101379395,1
1789134930924183,-0.24193286895751953,1
1789134930924183,-0.24193286895751953,1
1789134930924183,-0.24193286895751953,1
1789134930924183,-0.24193286895751953,1
1789134930960183,-0.07031106948852539,1
1789134930972183,0.1308044195175171,1
1789134930984183,0.17153382301330566,1
1789134930984183,0.17153382301330566,1
1789134930984183,0.17153382301330566,1
1789134930984183,0.17153382301330566,1
1789134930984183,0.17153382301330566,1
1789134931032183,-0.26741600036621094,1
1789134931044183,-0.35540032386779785,1
1789134931044183,-0.35540032386779785,1
1789134931044183,-0.35540032386779785,1
1789134931044183,-0.35540032386779785,1
1789134931080183,0.03939187526702881,1
1789134931092183,-0.029667139053344727,1
1789134931104183,-0.11689233779907227,1
1789134931104183,-0.11689233779907227,1
1789134931104183,-0.11689233779907227,1
1789134931104183,-0.11689233779907227,1
1789134931104183,-0.11689233779907227,1
1789134931152183,0.20205259323120117,1
1789134931164183,0.24958455562591553,1
1789134931164183,0.24958455562591553,1
1789134931164183,0.24958455562591553,1
1789134931164183,0.24958455562591553,1
1789134931200183,-0.0679769515991211,1
1789134931212183,-0.1665341854095459,1
1789134931224183,-0.07001495361328125,1
1789134931224183,-0.07001495361328125,1
1789134931224183,-0.07001495361328125,1
1789134931224183,-0.07001495361328125,1
1789134931224183,-0.07001495361328125,1
1789134931272183,0.3568629026412964,1
1789134931284183,0.39833569526672363,1
1789134931284183,0.39833569526672363,1
1789134931284183,0.39833569526672363,1
1789134931308183,0.1380298137664795,1
1789134931308183,0.1380298137664795,1
1789134931332183,-0.08090853691101074,1
1789134931344183,-0.14794707298278809,1
1789134931344183,-0.14794707298278809,1
1789134931344183,-0.14794707298278809,1
1789134931344183,-0.14794707298278809,1
1789134931344183,-0.14794707298278809,1
1789134931392183,0.34015095233917236,1
1789134931404183,0.3561365604400635,1
1789134931404183,0.3561365604400635,1
1789134931404183,0.3561365604400635,1
1789134931404183,0.3561365604400635,1
1789134931440183,0.019043326377868652,1
1789134931452183,-0.041075706481933594,1
1789134931464183,0.005635380744934082,1
1789134931464183,0.005635380744934082,1
1789134931464183,0.005635380744934082,1
1789134931464183,0.005635380744934082,1
1789134931464183,0.005635380744934082,1
1789134931512183,0.28106987476348877,1
1789134931524183,0.2663450241088867,1
1789134931524183,0.2663450241088867,1
1789134931524183,0.2663450241088867,1
1789134931524183,0.2663450241088867,1
1789134931560183,-0.14486002922058105,1
1789134931572183,-0.2556912899017334,1
1789134931584183,-0.22081995010375977,1
1789134931584183,-0.22081995010375977,1
1789134931584183,-0.22081995010375977,1
1789134931584183,-0.22081995010375977,1
1789134931584183,-0.22081995010375977,1
1789134931632183,0.21642804145812988,1
1789134931644183,0.36460304260253906,1
1789134931644183,0.36460304260253906,1
1789134931644183,0.36460304260253906,1
1789134931644183,0.36460304260253906,1
1789134931680183,-0.0693368911743164,1
1789134931692183,-0.19084429740905762,1
1789134931704183,-0.17640066146850586,1
1789134931704183,-0.17640066146850586,1
1789134931704183,-0.17640066146850586,1
1789134931704183,-0.17640066146850586,1
1789134931740183,0.08848059177398682,1
1789134931752183,0.08725476264953613,1
1789134931764183,-0.10889077186584473,1
1789134931764183,-0.10889077186584473,1
1789134931764183,-0.10889077186584473,1
1789134931764183,-0.10889077186584473,1
1789134931764183,-0.10889077186584473,1
1789134931812183,0.10278463363647461,1
1789134931824183,0.15428650379180908,1
1789134931824183,0.15428650379180908,1
1789134931824344,0.15428650379180908,1
1789134931824344,0.15428650379180908,1
1789134931824344,0.15428650379180908,1
1789134931872344,-0.2368476390838623,1
1789134931884344,-0.38707637786865234,1
1789134931884344,-0.38707637786865234,1
1789134931884344,-0.38707637786865234,1
1789134931884344,-0.38707637786865234,1
1789134931884344,-0.38707637786865234,1
1789134931932344,-0.07757186889648438,1
1789134931944344,0.007494926452636719,1
1789134931944344,0.007494926452636719,1
1789134931944344,0.007494926452636719,1
1789134931968344,0.16656768321990967,1
1789134931968344,0.16656768321990967,1
1789134931992344,-0.057317495346069336,1
1789134932004344,-0.15011882781982422,1
1789134932004344,-0.15011882781982422,1
1789134932004344,-0.15011882781982422,1
1789134932004344,-0.15011882781982422,1
1789134932004344,-0.15011882781982422,1
1789134932052344,0.24126982688903809,1
1789134932064344,0.26735496520996094,1
1789134932064344,0.26735496520996094,1
1789134932064344,0.26735496520996094,1
1789134932064344,0.26735496520996094,1
1789134932100344,-0.12792634963989258,1
1789134932112344,-0.17583608627319336,1
1789134932124344,-0.17909502983093262,1
1789134932124344,-0.17909502983093262,1
1789134932124344,-0.17909502983093262,1
1789134932124344,-0.17909502983093262,1
1789134932160344,0.0771559476852417,1
1789134932172344,0.01596677303314209,1
1789134932184344,-0.06422090530395508,1
1789134932184344,-0.06422090530395508,1
1789134932184344,-0.06422090530395508,1
1789134932184344,-0.06422090530395508,1
1789134932184344,-0.06422090530395508,1
1789134932232344,0.16779017448425293,1
1789134932244344,0.20708215236663818,1
1789134932244344,0.20708215236663818,1
1789134932244344,0.20708215236663818,1
1789134932244344,0.20708215236663818,1
1789134932280344,-0.07323503494262695,1
1789134932292344,-0.17770791053771973,1
1789134932304344,-0.055275678634643555,1
1789134932304344,-0.055275678634643555,1
1789134932304344,-0.055275678634643555,1
1789134932304344,-0.055275678634643555,1
1789134932304344,-0.055275678634643555,1
1789134932352344,0.3756275177001953,1
1789134932364344,0.4159435033798218,1
1789134932364344,0.4159435033798218,1
1789134932364344,0.4159435033798218,1
1789134932364344,0.4159435033798218,1
1789134932400344,0.09360694885253906,1
1789134932412344,0.001337289810180664,1
1789134932424344,-0.1219174861907959,1
1789134932424344,-0.1219174861907959,1
1789134932424344,-0.1219174861907959,1
1789134932424344,-0.1219174861907959,1
1789134932424344,-0.1219174861907959,1
1789134932472344,0.18019521236419678,1
1789134932484344,0.21021759510040283,1
1789134932484344,0.21021759510040283,1
1789134932484344,0.21021759510040283,1
1789134932484344,0.21021759510040283,1
1789134932484344,0.21021759510040283,1
1789134932532344,-0.24263954162597656,1
1789134932544344,-0.316631555557251,1
1789134932544344,-0.316631555557251,1
1789134932544344,-0.316631555557251,1
1789134932544344,-0.316631555557251,1
1789134932544344,-0.316631555557251,1
1789134932592344,-0.10533857345581055,1
1789134932604344,0.034952521324157715,1
1789134932604344,0.034952521324157715,1
1789134932604344,0.034952521324157715,1
1789134932604344,0.034952521324157715,1
1789134932604344,0.034952521324157715,1
1789134932652344,-0.16330671310424805,1
1789134932664344,-0.2157456874847412,1
1789134932664344,-0.2157456874847412,1
1789134932664344,-0.2157456874847412,1
1789134932664344,-0.2157456874847412,1
1789134932664344,-0.2157456874847412,1
1789134932712344,0.1856403350830078,1
1789134932724344,0.1496673822402954,1
1789134932724344,0.1496673822402954,1
1789134932724344,0.1496673822402954,1
1789134932724344,0.1496673822402954,1
1789134932760344,-0.17216205596923828,1
1789134932772344,-0.2769296169281006,1
1789134932784344,-0.2412889003753662,1
1789134932784344,-0.2412889003753662,1
1789134932784344,-0.2412889003753662,1
1789134932784344,-0.2412889003753662,1
1789134932784344,-0.2412889003753662,1
1789134932832344,0.2423790693283081,1
1789134932844344,0.39036083221435547,1
1789134932844504,0.39036083221435547,1
1789134932844504,0.39036083221435547,1
1789134932868504,0.16409456729888916,1
1789134932868504,0.16409456729888916,1
1789134932892504,-0.05671811103820801,1
1789134932904504,-0.060930490493774414,1
1789134932904504,-0.060930490493774414,1
1789134932904504,-0.060930490493774414,1
1789134932904504,-0.060930490493774414,1
1789134932904504,-0.060930490493774414,1
1789134932952504,0.20720696449279785,1
1789134932964504,0.35554373264312744,1
1789134932964504,0.35554373264312744,1
1789134932964504,0.35554373264312744,1
1789134932964504,0.35554373264312744,1
1789134933000504,-0.011590719223022461,1
1789134933012504,-0.10994648933410645,1
1789134933024504,-0.029618024826049805,1
1789134933024504,-0.029618024826049805,1
1789134933024504,-0.029618024826049805,1
1789134933024504,-0.029618024826049805,1
1789134933060504,0.33360517024993896,1
1789134933072504,0.3433401584625244,1
1789134933084504,0.1288437843322754,1
1789134933084504,0.1288437843322754,1
1789134933084504,0.1288437843322754,1
1789134933084504,0.1288437843322754,1
1789134933120504,-0.04284858703613281,1
1789134933132504,-0.1302800178527832,1
1789134933144504,-0.08466672897338867,1
1789134933144504,-0.08466672897338867,1
1789134933144504,-0.08466672897338867,1
1789134933144504,-0.08466672897338867,1
1789134933144504,-0.08466672897338867,1
1789134933192504,0.38640856742858887,1
1789134933204504,0.5460613965988159,1
1789134933204504,0.5460613965988159,1
1789134933204504,0.5460613965988159,1
1789134933204504,0.5460613965988159,1
1789134933240504,0.14675283432006836,1
1789134933252504,0.0524219274520874,1
1789134933264504,0.040821194648742676,1
1789134933264504,0.040821194648742676,1
1789134933264504,0.040821194648742676,1
1789134933264504,0.040821194648742676,1
1789134933264504,0.040821194648742676,1
1789134933312504,-0.44948339462280273,1
1789134933324504,-0.5831449031829834,1
1789134933324504,-0.5831449031829834,1
1789134933324504,-0.5831449031829834,1
1789134933324504,-0.5831449031829834,1
1789134933324504,-0.5831449031829834,1
1789134933372504,-0.3589024543762207,1
1789134933384504,-0.27567267417907715,1
1789134933384504,-0.27567267417907715,1
1789134933384504,-0.27567267417907715,1
1789134933384504,-0.27567267417907715,1
1789134933420504,0.197540283203125,1
1789134933432504,0.17821717262268066,1
1789134933444504,-0.047118186950683594,1
1789134933444504,-0.047118186950683594,1
1789134933444504,-0.047118186950683594,1
1789134933444504,-0.047118186950683594,1
1789134933444504,-0.047118186950683594,1
1789134933492504,0.18415403366088867,1
1789134933504504,0.23800384998321533,1
1789134933504504,0.23800384998321533,1
1789134933504504,0.23800384998321533,1
1789134933504504,0.23800384998321533,1
1789134933504504,0.23800384998321533,1
1789134933552504,-0.1100759506225586,1
1789134933564504,-0.24878215789794922,1
1789134933564504,-0.24878215789794922,1
1789134933564504,-0.24878215789794922,1
1789134933564504,-0.24878215789794922,1
1789134933564504,-0.24878215789794922,1
1789134933612504,0.10868120193481445,1
1789134933624504,0.18295741081237793,1
1789134933624504,0.18295741081237793,1
1789134933624504,0.18295741081237793,1
1789134933624504,0.18295741081237793,1
1789134933624504,0.18295741081237793,1
1789134933672504,-0.23502016067504883,1
1789134933684504,-0.3890986442565918,1
1789134933684504,-0.3890986442565918,1
1789134933684504,-0.3890986442565918,1
1789134933684504,-0.3890986442565918,1
1789134933720504,-0.1955106258392334,1
1789134933732504,0.009893178939819336,1
1789134933744504,0.0869210958480835,1
1789134933744504,0.0869210958480835,1
1789134933744504,0.0869210958480835,1
1789134933744504,0.0869210958480835,1
1789134933744504,0.0869210958480835,1
1789134933792504,-0.3063821792602539,1
1789134933804504,-0.4558107852935791,1
1789134933804504,-0.4558107852935791,1
1789134933804504,-0.4558107852935791,1
1789134933804504,-0.4558107852935791,1
1789134933804504,-0.4558107852935791,1
1789134933852666,-0.08635544776916504,1
1789134933864666,-0.01217198371887207,1
1789134933864666,-0.01217198371887207,1
1789134933864666,-0.01217198371887207,1
1789134933864666,-0.01217198371887207,1
1789134933864666,-0.01217198371887207,1
1789134933912666,0.27677643299102783,1
1789134933924666,0.22725987434387207,1
1789134933924666,0.22725987434387207,1
1789134933924666,0.22725987434387207,1
1789134933924666,0.22725987434387207,1
1789134933924666,0.22725987434387207,1
1789134933972666,-0.2247326374053955,1
1789134933984666,-0.29836010932922363,1
1789134933984666,-0.29836010932922363,1
1789134933984666,-0.29836010932922363,1
1789134933984666,-0.29836010932922363,1
1789134933984666,-0.29836010932922363,1
1789134934032666,-0.1030275821685791,1
1789134934044666,0.04973602294921875,1
1789134934044666,0.04973602294921875,1
1789134934044666,0.04973602294921875,1
1789134934044666,0.04973602294921875,1
1789134934080666,0.06327521800994873,1
1789134934092666,-0.08135437965393066,1
1789134934104666,-0.15500640869140625,1
1789134934104666,-0.15500640869140625,1
1789134934104666,-0.15500640869140625,1
1789134934104666,-0.15500640869140625,1
1789134934104666,-0.15500640869140625,1
1789134934152666,0.11847174167633057,1
1789134934164666,0.290960431098938,1
1789134934164666,0.290960431098938,1
1789134934164666,0.290960431098938,1
1789134934164666,0.290960431098938,1
1789134934200666,-0.052205801010131836,1
1789134934212666,-0.1573331356048584,1
1789134934224666,-0.048627614974975586,1
1789134934224666,-0.048627614974975586,1
1789134934224666,-0.048627614974975586,1
1789134934224666,-0.048627614974975586,1
1789134934224666,-0.048627614974975586,1
1789134934272666,0.3551051616668701,1
1789134934284666,0.5233316421508789,1
1789134934284666,0.5233316421508789,1
1789134934284666,0.5233316421508789,1
1789134934284666,0.5233316421508789,1
1789134934320666,0.1510927677154541,1
1789134934332666,0.0294266939163208,1
1789134934344666,-0.012526273727416992,1
1789134934344666,-0.012526273727416992,1
1789134934344666,-0.012526273727416992,1
1789134934344666,-0.012526273727416992,1
1789134934380666,0.005477547645568848,1
1789134934392666,0.0404433012008667,1
1789134934404666,-0.02683424949645996,1
1789134934404666,-0.02683424949645996,1
1789134934404666,-0.02683424949645996,1
1789134934404666,-0.02683424949645996,1
1789134934440666,0.006436467170715332,1
1789134934452666,0.014825701713562012,1
1789134934464666,-0.005549907684326172,1
1789134934464666,-0.005549907684326172,1
1789134934464666,-0.005549907684326172,1
1789134934464666,-0.005549907684326172,1
1789134934464666,-0.005549907684326172,1
1789134934512666,0.06960916519165039,1
1789134934524666,0.09789741039276123,1
1789134934524666,0.09789741039276123,1
1789134934524666,0.09789741039276123,1
1789134934524666,0.09789741039276123,1
1789134934524666,0.09789741039276123,1
1789134934572666,-0.3081538677215576,1
1789134934584666,-0.39034557342529297,1
1789134934584666,-0.39034557342529297,1
1789134934584666,-0.39034557342529297,1
1789134934584666,-0.39034557342529297,1
1789134934584666,-0.39034557342529297,1
1789134934632666,0.011078715324401855,1
1789134934644666,0.08627235889434814,1
1789134934644666,0.08627235889434814,1
1789134934644666,0.08627235889434814,1
1789134934644666,0.08627235889434814,1
1789134934680666,-0.0652313232421875,1
1789134934692666,-0.14728093147277832,1
1789134934704666,-0.1168208122253418,1
1789134934704666,-0.1168208122253418,1
1789134934704666,-0.1168208122253418,1
1789134934704666,-0.1168208122253418,1
1789134934740666,0.22353589534759521,1
1789134934752666,0.28682661056518555,1
1789134934764666,0.12282669544219971,1
1789134934764666,0.12282669544219971,1
1789134934764666,0.12282669544219971,1
1789134934764666,0.12282669544219971,1
1789134934800666,-0.04642534255981445,1
1789134934812666,-0.12694215774536133,1
1789134934824666,-0.1055595874786377,1
1789134934824666,-0.1055595874786377,1
1789134934824666,-0.1055595874786377,1
1789134934824826,-0.1055595874786377,1
1789134934824826,-0.1055595874786377,1
1789134934872826,0.3431205749511719,1
1789134934884826,0.49808669090270996,1
1789134934884826,0.49808669090270996,1
1789134934884826,0.49808669090270996,1
1789134934884826,0.49808669090270996,1
1789134934884826,0.49808669090270996,1
1789134934932826,-0.054734230041503906,1
1789134934944826,-0.1320486068725586,1
1789134934944826,-0.1320486068725586,1
1789134934944826,-0.1320486068725586,1
1789134934944826,-0.1320486068725586,1
1789134934944826,-0.1320486068725586,1
1789134934992826,0.07151055335998535,1
1789134935004826,0.22100913524627686,1
1789134935004826,0.22100913524627686,1
1789134935004826,0.22100913524627686,1
1789134935004826,0.22100913524627686,1
1789134935040826,-0.11769604682922363,1
1789134935052826,-0.22737431526184082,1
1789134935064826,-0.15810394287109375,1
1789134935064826,-0.15810394287109375,1
1789134935064826,-0.15810394287109375,1
1789134935064826,-0.15810394287109375,1
1789134935064826,-0.15810394287109375,1
1789134935112826,0.25823044776916504,1
1789134935124826,0.40322911739349365,1
1789134935124826,0.40322911739349365,1
1789134935124826,0.40322911739349365,1
1789134935124826,0.40322911739349365,1
1789134935160826,0.007021427154541016,1
1789134935172826,-0.10055279731750488,1
1789134935184826,-0.10094499588012695,1
1789134935184826,-0.10094499588012695,1
1789134935184826,-0.10094499588012695,1
1789134935184826,-0.10094499588012695,1
1789134935184826,-0.10094499588012695,1
1789134935232826,0.3325239419937134,1
1789134935244826,0.474489688873291,1
1789134935244826,0.474489688873291,1
1789134935244826,0.474489688873291,1
1789134935268826,0.1632610559463501,1
1789134935268826,0.1632610559463501,1
1789134935292826,-0.03556990623474121,1
1789134935304826,-0.12266731262207031,1
1789134935304826,-0.12266731262207031,1
1789134935304826,-0.12266731262207031,1
1789134935304826,-0.12266731262207031,1
1789134935304826,-0.12266731262207031,1
1789134935352826,0.12765705585479736,1
1789134935364826,0.176813006401062,1
1789134935364826,0.176813006401062,1
1789134935364826,0.176813006401062,1
1789134935364826,0.176813006401062,1
1789134935400826,-0.13711237907409668,1
1789134935412826,-0.24012327194213867,1
1789134935424826,-0.12606358528137207,1
1789134935424826,-0.12606358528137207,1
1789134935424826,-0.12606358528137207,1
1789134935424826,-0.12606358528137207,1
1789134935424826,-0.12606358528137207,1
1789134935472826,0.30874180793762207,1
1789134935484826,0.35713112354278564,1
1789134935484826,0.35713112354278564,1
1789134935484826,0.35713112354278564,1
1789134935484826,0.35713112354278564,1
1789134935520826,0.0285952091217041,1
1789134935532826,-0.07179880142211914,1
1789134935544826,-0.14141488075256348,1
1789134935544826,-0.14141488075256348,1
1789134935544826,-0.14141488075256348,1
1789134935544826,-0.14141488075256348,1
1789134935544826,-0.14141488075256348,1
1789134935592826,0.14883112907409668,1
1789134935604826,0.30378997325897217,1
1789134935604826,0.30378997325897217,1
1789134935604826,0.30378997325897217,1
1789134935604826,0.30378997325897217,1
1789134935640826,-0.061632394790649414,1
1789134935652826,-0.1697998046875,1
1789134935664826,-0.15291285514831543,1
1789134935664826,-0.15291285514831543,1
1789134935664826,-0.15291285514831543,1
1789134935664826,-0.15291285514831543,1
1789134935700826,0.20833802223205566,1
1789134935712826,0.2235795259475708,1
1789134935724826,0.013419389724731445,1
1789134935724826,0.013419389724731445,1
1789134935724826,0.013419389724731445,1
1789134935724826,0.013419389724731445,1
1789134935760826,-0.2141108512878418,1
1789134935772826,-0.2879042625427246,1
1789134935784826,-0.2482602596282959,1
1789134935784826,-0.2482602596282959,1
1789134935784826,-0.2482602596282959,1
1789134935784826,-0.2482602596282959,1
1789134935784826,-0.2482602596282959,1
1789134935832826,0.18403398990631104,1
1789134935844826,0.356289267539978,1
1789134935844986,0.356289267539978,1
1789134935844986,0.356289267539978,1
1789134935844986,0.356289267539978,1
1789134935880986,-0.05389142036437988,1
1789134935892986,-0.07672381401062012,1
1789134935904986,0.005368828773498535,1
1789134935904986,0.005368828773498535,1
1789134935904986,0.005368828773498535,1
1789134935904986,0.005368828773498535,1
1789134935904986,0.005368828773498535,1
1789134935952986,-0.16965341567993164,1
1789134935964986,-0.18955039978027344,1
1789134935964986,-0.18955039978027344,1
1789134935964986,-0.18955039978027344,1
1789134935964986,-0.18955039978027344,1
1789134936000986,0.1935502290725708,1
1789134936012986,0.12221729755401611,1
1789134936024986,0.038977980613708496,1
1789134936024986,0.038977980613708496,1
1789134936024986,0.038977980613708496,1
1789134936024986,0.038977980613708496,1
1789134936060986,-0.3331589698791504,1
1789134936072986,-0.39688920974731445,1
1789134936084986,-0.30535030364990234,1
1789134936084986,-0.30535030364990234,1
1789134936084986,-0.30535030364990234,1
1789134936084986,-0.30535030364990234,1
1789134936120986,-0.026990413665771484,1
1789134936132986,0.20922935009002686,1
1789134936144986,0.22330737113952637,1
1789134936144986,0.22330737113952637,1
1789134936144986,0.22330737113952637,1
1789134936144986,0.22330737113952637,1
1789134936144986,0.22330737113952637,1
1789134936192986,-0.23899149894714355,1
1789134936204986,-0.39267992973327637,1
1789134936204986,-0.39267992973327637,1
1789134936204986,-0.39267992973327637,1
1789134936204986,-0.39267992973327637,1
1789134936204986,-0.39267992973327637,1
1789134936252986,-0.12496328353881836,1
1789134936264986,-0.0489349365234375,1
1789134936264986,-0.0489349365234375,1
1789134936264986,-0.0489349365234375,1
1789134936264986,-0.0489349365234375,1
1789134936264986,-0.0489349365234375,1
1789134936312986,0.46354687213897705,1
1789134936324986,0.4792916774749756,1
1789134936324986,0.4792916774749756,1
1789134936324986,0.4792916774749756,1
1789134936324986,0.4792916774749756,1
1789134936360986,0.03983414173126221,1
1789134936372986,-0.06548023223876953,1
1789134936384986,-0.06587052345275879,1
1789134936384986,-0.06587052345275879,1
1789134936384986,-0.06587052345275879,1
1789134936384986,-0.06587052345275879,1
1789134936384986,-0.06587052345275879,1
1789134936432986,0.26460325717926025,1
1789134936444986,0.42074108123779297,1
1789134936444986,0.42074108123779297,1
1789134936444986,0.42074108123779297,1
1789134936444986,0.42074108123779297,1
1789134936480986,0.058219194412231445,1
1789134936492986,-0.03959846496582031,1
1789134936504986,-0.09535598754882812,1
1789134936504986,-0.09535598754882812,1
1789134936504986,-0.09535598754882812,1
1789134936504986,-0.09535598754882812,1
1789134936504986,-0.09535598754882812,1
1789134936552986,0.35763466358184814,1
1789134936564986,0.501886248588562,1
1789134936564986,0.501886248588562,1
1789134936564986,0.501886248588562,1
1789134936564986,0.501886248588562,1
1789134936564986,0.501886248588562,1
1789134936612986,-0.050698041915893555,1
1789134936624986,-0.12531471252441406,1
1789134936624986,-0.12531471252441406,1
1789134936624986,-0.12531471252441406,1
1789134936624986,-0.12531471252441406,1
1789134936624986,-0.12531471252441406,1
1789134936672986,0.19955050945281982,1
1789134936684986,0.2348334789276123,1
1789134936684986,0.2348334789276123,1
1789134936684986,0.2348334789276123,1
1789134936684986,0.2348334789276123,1
1789134936720986,-0.03033900260925293,1
1789134936732986,-0.13916015625,1
1789134936744986,-0.08719849586486816,1
1789134936744986,-0.08719849586486816,1
1789134936744986,-0.08719849586486816,1
1789134936744986,-0.08719849586486816,1
1789134936744986,-0.08719849586486816,1
1789134936792986,0.4319343566894531,1
1789134936804986,0.6042265892028809,1
1789134936804986,0.6042265892028809,1
1789134936804986,0.6042265892028809,1
1789134936804986,0.6042265892028809,1
1789134936804986,0.6042265892028809,1
1789134936852986,0.016354918479919434,1
1789134936865146,-0.04646730422973633,1
1789134936865146,-0.04646730422973633,1
1789134936865146,-0.04646730422973633,1
1789134936865146,-0.04646730422973633,1
1789134936865146,-0.04646730422973633,1
1789134936913146,0.10356402397155762,1
1789134936925146,0.16279590129852295,1
1789134936925146,0.16279590129852295,1
1789134936925146,0.16279590129852295,1
1789134936925146,0.16279590129852295,1
1789134936961146,-0.07386946678161621,1
1789134936973146,-0.19847369194030762,1
1789134936985146,-0.16138291358947754,1
1789134936985146,-0.16138291358947754,1
1789134936985146,-0.16138291358947754,1
1789134936985146,-0.16138291358947754,1
1789134937021146,0.1489342451095581,1
1789134937033146,0.21501100063323975,1
1789134937045146,0.05746603012084961,1
1789134937045146,0.05746603012084961,1
1789134937045146,0.05746603012084961,1
1789134937045146,0.05746603012084961,1
1789134937081146,-0.20781683921813965,1
1789134937093146,-0.31468629837036133,1
1789134937105146,-0.296846866607666,1
1789134937105146,-0.296846866607666,1
1789134937105146,-0.296846866607666,1
1789134937105146,-0.296846866607666,1
1789134937105146,-0.296846866607666,1
1789134937153146,0.10391128063201904,1
1789134937165146,0.16734099388122559,1
1789134937165146,0.16734099388122559,1
1789134937165146,0.16734099388122559,1
1789134937165146,0.16734099388122559,1
1789134937165146,0.16734099388122559,1
1789134937213146,-0.2142019271850586,1
1789134937225146,-0.29550695419311523,1
1789134937225146,-0.29550695419311523,1
1789134937225146,-0.29550695419311523,1
1789134937249146,-0.2657589912414551,1
1789134937249146,-0.2657589912414551,1
1789134937273146,-0.03588581085205078,1
1789134937285146,0.0752187967300415,1
1789134937285146,0.0752187967300415,1
1789134937285146,0.0752187967300415,1
1789134937285146,0.0752187967300415,1
1789134937321146,0.09784388542175293,1
1789134937333146,-0.03005838394165039,1
1789134937345146,-0.11291074752807617,1
1789134937345146,-0.11291074752807617,1
1789134937345146,-0.11291074752807617,1
1789134937345146,-0.11291074752807617,1
1789134937381146,0.06335699558258057,1
1789134937393146,0.0664522647857666,1
1789134937405146,-0.1201164722442627,1
1789134937405146,-0.1201164722442627,1
1789134937405146,-0.1201164722442627,1
1789134937405146,-0.1201164722442627,1
1789134937405146,-0.1201164722442627,1
1789134937453146,0.03822183609008789,1
1789134937465146,0.09675824642181396,1
1789134937465146,0.09675824642181396,1
1789134937465146,0.09675824642181396,1
1789134937465146,0.09675824642181396,1
1789134937465146,0.09675824642181396,1
1789134937513146,-0.22549843788146973,1
1789134937525146,-0.3792581558227539,1
1789134937525146,-0.3792581558227539,1
1789134937525146,-0.3792581558227539,1
1789134937525146,-0.3792581558227539,1
1789134937525146,-0.3792581558227539,1
1789134937573146,-0.017711877822875977,1
1789134937585146,0.06503438949584961,1
1789134937585146,0.06503438949584961,1
1789134937585146,0.06503438949584961,1
1789134937585146,0.06503438949584961,1
1789134937585146,0.06503438949584961,1
1789134937633146,-0.00458979606628418,1
1789134937645146,-0.14690613746643066,1
1789134937645146,-0.14690613746643066,1
1789134937645146,-0.14690613746643066,1
1789134937645146,-0.14690613746643066,1
1789134937681146,0.06339883804321289,1
1789134937693146,0.05407309532165527,1
1789134937705146,-0.026018619537353516,1
1789134937705146,-0.026018619537353516,1
1789134937705146,-0.026018619537353516,1
1789134937705146,-0.026018619537353516,1
1789134937705146,-0.026018619537353516,1
1789134937753146,0.07543981075286865,1
1789134937765146,0.24451446533203125,1
1789134937765146,0.24451446533203125,1
1789134937765146,0.24451446533203125,1
1789134937765146,0.24451446533203125,1
1789134937801146,0.013419270515441895,1
1789134937813146,-0.10404610633850098,1
1789134937825146,-0.1349186897277832,1
1789134937825146,-0.1349186897277832,1
1789134937825146,-0.1349186897277832,1
1789134937825146,-0.1349186897277832,1
1789134937825304,-0.1349186897277832,1
1789134937873304,0.23080646991729736,1
1789134937885304,0.3880274295806885,1
1789134937885304,0.3880274295806885,1
1789134937885304,0.3880274295806885,1
1789134937909304,0.11425673961639404,1
1789134937909304,0.11425673961639404,1
1789134937933304,-0.04400801658630371,1
1789134937945304,-0.005364656448364258,1
1789134937945304,-0.005364656448364258,1
1789134937945304,-0.005364656448364258,1
1789134937945304,-0.005364656448364258,1
1789134937945304,-0.005364656448364258,1
1789134937993304,0.08866262435913086,1
1789134938005304,0.10380899906158447,1
1789134938005304,0.10380899906158447,1
1789134938005304,0.10380899906158447,1
1789134938005304,0.10380899906158447,1
1789134938041304,-0.18041563034057617,1
1789134938053304,-0.28636980056762695,1
1789134938065304,-0.2791562080383301,1
1789134938065304,-0.2791562080383301,1
1789134938065304,-0.2791562080383301,1
1789134938065304,-0.2791562080383301,1
1789134938065304,-0.2791562080383301,1
1789134938113304,0.07592368125915527,1
1789134938125304,0.23811805248260498,1
1789134938125304,0.23811805248260498,1
1789134938125304,0.23811805248260498,1
1789134938125304,0.23811805248260498,1
1789134938125304,0.23811805248260498,1
1789134938173304,-0.2542107105255127,1
1789134938185304,-0.32891321182250977,1
1789134938185304,-0.32891321182250977,1
1789134938185304,-0.32891321182250977,1
1789134938185304,-0.32891321182250977,1
1789134938185304,-0.32891321182250977,1
1789134938233304,-0.1273806095123291,1
1789134938245304,0.034005165100097656,1
1789134938245304,0.034005165100097656,1
1789134938245304,0.034005165100097656,1
1789134938245304,0.034005165100097656,1
1789134938245304,0.034005165100097656,1
1789134938293304,-0.16762518882751465,1
1789134938305304,-0.23348641395568848,1
1789134938305304,-0.23348641395568848,1
1789134938305304,-0.23348641395568848,1
1789134938305304,-0.23348641395568848,1
1789134938341304,-0.0839238166809082,1
1789134938353304,0.014497756958007812,1
1789134938365304,0.19453704357147217,1
1789134938365304,0.19453704357147217,1
1789134938365304,0.19453704357147217,1
1789134938365304,0.19453704357147217,1
1789134938401304,-0.07039189338684082,1
1789134938413304,-0.14630675315856934,1
1789134938425304,-0.1137394905090332,1
1789134938425304,-0.1137394905090332,1
1789134938425304,-0.1137394905090332,1
1789134938425304,-0.1137394905090332,1
1789134938425304,-0.1137394905090332,1
1789134938473304,0.30358874797821045,1
1789134938485304,0.34364402294158936,1
1789134938485304,0.34364402294158936,1
1789134938485304,0.34364402294158936,1
1789134938485304,0.34364402294158936,1
1789134938521304,0.035886168479919434,1
1789134938533304,0.01610863208770752,1
1789134938545304,-0.0774075984954834,1
1789134938545304,-0.0774075984954834,1
1789134938545304,-0.0774075984954834,1
1789134938569304,-0.0736691951751709,1
1789134938569304,-0.0736691951751709,1
1789134938593304,0.13941359519958496,1
1789134938605304,0.3025256395339966,1
1789134938605304,0.3025256395339966,1
1789134938605304,0.3025256395339966,1
1789134938605304,0.3025256395339966,1
1789134938641304,-0.01998281478881836,1
1789134938653304,-0.10603690147399902,1
1789134938665304,-0.08318805694580078,1
1789134938665304,-0.08318805694580078,1
1789134938665304,-0.08318805694580078,1
1789134938665304,-0.08318805694580078,1
1789134938701304,0.2660268545150757,1
1789134938713304,0.23903119564056396,1
1789134938725304,0.025547385215759277,1
1789134938725304,0.025547385215759277,1
1789134938725304,0.025547385215759277,1
1789134938725304,0.025547385215759277,1
1789134938761304,-0.22610712051391602,1
1789134938773304,-0.2929213047027588,1
1789134938785304,-0.24926519393920898,1
1789134938785304,-0.24926519393920898,1
1789134938785304,-0.24926519393920898,1
1789134938785304,-0.24926519393920898,1
1789134938785304,-0.24926519393920898,1
1789134938833304,0.20394361019134521,1
1789134938845304,0.3565511703491211,1
1789134938845304,0.3565511703491211,1
1789134938845465,0.3565511703491211,1
1789134938845465,0.3565511703491211,1
1789134938881465,-0.049538373947143555,1
1789134938893465,-0.14336538314819336,1
1789134938905465,-0.07229995727539062,1
1789134938905465,-0.07229995727539062,1
1789134938905465,-0.07229995727539062,1
1789134938905465,-0.07229995727539062,1
1789134938905465,-0.07229995727539062,1
1789134938953465,0.38026654720306396,1
1789134938965465,0.5360604524612427,1
1789134938965465,0.5360604524612427,1
1789134938965465,0.5360604524612427,1
1789134938965465,0.5360604524612427,1
1789134939001465,0.12351059913635254,1
1789134939013465,0.02418661117553711,1
1789134939025465,0.012986183166503906,1
1789134939025465,0.012986183166503906,1
1789134939025465,0.012986183166503906,1
1789134939025465,0.012986183166503906,1
1789134939061465,-0.23813962936401367,1
1789134939073465,-0.24923300743103027,1
1789134939085465,-0.13568925857543945,1
1789134939085465,-0.13568925857543945,1
1789134939085465,-0.13568925857543945,1
1789134939085465,-0.13568925857543945,1
1789134939121465,0.1637040376663208,1
1789134939133465,0.12240111827850342,1
1789134939145465,0.03804671764373779,1
1789134939145465,0.03804671764373779,1
1789134939145465,0.03804671764373779,1
1789134939145465,0.03804671764373779,1
1789134939145465,0.03804671764373779,1
1789134939193465,-0.2924809455871582,1
1789134939205465,-0.4249129295349121,1
1789134939205465,-0.4249129295349121,1
1789134939205465,-0.4249129295349121,1
1789134939205465,-0.4249129295349121,1
1789134939205465,-0.4249129295349121,1
1789134939253465,-0.09784364700317383,1
1789134939265465,-0.017942190170288086,1
1789134939265465,-0.017942190170288086,1
1789134939265465,-0.017942190170288086,1
1789134939265465,-0.017942190170288086,1
1789134939265465,-0.017942190170288086,1
1789134939313465,0.292073130607605,1
1789134939325465,0.28796160221099854,1
1789134939325465,0.28796160221099854,1
1789134939325465,0.28796160221099854,1
1789134939325465,0.28796160221099854,1
1789134939361465,-0.08500075340270996,1
1789134939373465,-0.17450451850891113,1
1789134939385465,-0.15582942962646484,1
1789134939385465,-0.15582942962646484,1
1789134939385465,-0.15582942962646484,1
1789134939385465,-0.15582942962646484,1
1789134939385465,-0.15582942962646484,1
1789134939433465,0.283703088760376,1
1789134939445465,0.4490271806716919,1
1789134939445465,0.4490271806716919,1
1789134939445465,0.4490271806716919,1
1789134939445465,0.4490271806716919,1
1789134939445465,0.4490271806716919,1
1789134939493465,-0.11973738670349121,1
1789134939505465,-0.14624881744384766,1
1789134939505465,-0.14624881744384766,1
1789134939505465,-0.14624881744384766,1
1789134939505465,-0.14624881744384766,1
1789134939505465,-0.14624881744384766,1
1789134939553465,0.31501615047454834,1
1789134939565465,0.4768747091293335,1
1789134939565465,0.4768747091293335,1
1789134939565465,0.4768747091293335,1
1789134939565465,0.4768747091293335,1
1789134939601465,0.06566047668457031,1
1789134939613465,-0.039508819580078125,1
1789134939625465,-0.09676170349121094,1
1789134939625465,-0.09676170349121094,1
1789134939625465,-0.09676170349121094,1
1789134939625465,-0.09676170349121094,1
1789134939661465,0.1527702808380127,1
1789134939673465,0.16024911403656006,1
1789134939685465,-0.029397964477539062,1
1789134939685465,-0.029397964477539062,1
1789134939685465,-0.029397964477539062,1
1789134939685465,-0.029397964477539062,1
1789134939685465,-0.029397964477539062,1
1789134939733465,0.1489037275314331,1
1789134939745465,0.2305130958557129,1
1789134939745465,0.2305130958557129,1
1789134939745465,0.2305130958557129,1
1789134939745465,0.2305130958557129,1
1789134939745465,0.2305130958557129,1
1789134939793465,-0.11630415916442871,1
1789134939805465,-0.2091541290283203,1
1789134939805465,-0.2091541290283203,1
1789134939805465,-0.2091541290283203,1
1789134939805465,-0.2091541290283203,1
1789134939805465,-0.2091541290283203,1
1789134939853465,0.3792968988418579,1
1789134939865465,0.41921913623809814,1
1789134939865623,0.41921913623809814,1
1789134939865623,0.41921913623809814,1
1789134939889623,0.16569900512695312,1
1789134939889623,0.16569900512695312,1
1789134939913623,-0.039829254150390625,1
1789134939925623,-0.11459565162658691,1
1789134939925623,-0.11459565162658691,1
1789134939925623,-0.11459565162658691,1
1789134939925623,-0.11459565162658691,1
1789134939925623,-0.11459565162658691,1
1789134939973623,0.4054762125015259,1
1789134939985623,0.4417695999145508,1
1789134939985623,0.4417695999145508,1
1789134939985623,0.4417695999145508,1
1789134939985623,0.4417695999145508,1
1789134940021623,0.01984238624572754,1
1789134940033623,-0.014275550842285156,1
1789134940045623,0.13355588912963867,1
1789134940045623,0.13355588912963867,1
1789134940045623,0.13355588912963867,1
1789134940045623,0.13355588912963867,1
1789134940045623,0.13355588912963867,1
1789134940093623,-0.029941797256469727,1
1789134940105623,-0.10536432266235352,1
1789134940105623,-0.10536432266235352,1
1789134940105623,-0.10536432266235352,1
1789134940105623,-0.10536432266235352,1
1789134940105623,-0.10536432266235352,1
1789134940153623,0.22530102729797363,1
1789134940165623,0.3886317014694214,1
1789134940165623,0.3886317014694214,1
1789134940165623,0.3886317014694214,1
1789134940165623,0.3886317014694214,1
1789134940165623,0.3886317014694214,1
1789134940213623,-0.14638853073120117,1
1789134940225623,-0.2269287109375,1
1789134940225623,-0.2269287109375,1
1789134940225623,-0.2269287109375,1
1789134940225623,-0.2269287109375,1
1789134940225623,-0.2269287109375,1
1789134940273623,0.08104610443115234,1
1789134940285623,0.23482561111450195,1
1789134940285623,0.23482561111450195,1
1789134940285623,0.23482561111450195,1
1789134940285623,0.23482561111450195,1
1789134940321623,-0.1491990089416504,1
1789134940333623,-0.2313823699951172,1
1789134940345623,-0.23124909400939941,1
1789134940345623,-0.23124909400939941,1
1789134940345623,-0.23124909400939941,1
1789134940345623,-0.23124909400939941,1
1789134940345623,-0.23124909400939941,1
1789134940393623,0.24429655075073242,1
1789134940405623,0.26892173290252686,1
1789134940405623,0.26892173290252686,1
1789134940405623,0.26892173290252686,1
1789134940405623,0.26892173290252686,1
1789134940405623,0.26892173290252686,1
1789134940453623,-0.11688017845153809,1
1789134940465623,-0.1640329360961914,1
1789134940465623,-0.1640329360961914,1
1789134940465623,-0.1640329360961914,1
1789134940465623,-0.1640329360961914,1
1789134940465623,-0.1640329360961914,1
1789134940513623,0.17057621479034424,1
1789134940525623,0.20638549327850342,1
1789134940525623,0.20638549327850342,1
1789134940525623,0.20638549327850342,1
1789134940525623,0.20638549327850342,1
1789134940525623,0.20638549327850342,1
1789134940573623,-0.2378833293914795,1
1789134940585623,-0.3169362545013428,1
1789134940585623,-0.3169362545013428,1
1789134940585623,-0.3169362545013428,1
1789134940585623,-0.3169362545013428,1
1789134940585623,-0.3169362545013428,1
1789134940633623,-0.07339835166931152,1
1789134940645623,0.10630202293395996,1
1789134940645623,0.10630202293395996,1
1789134940645623,0.10630202293395996,1
1789134940645623,0.10630202293395996,1
1789134940681623,0.16332459449768066,1
1789134940693623,0.019989609718322754,1
1789134940705623,-0.037218570709228516,1
1789134940705623,-0.037218570709228516,1
1789134940705623,-0.037218570709228516,1
1789134940705623,-0.037218570709228516,1
1789134940705623,-0.037218570709228516,1
1789134940753623,0.4069019556045532,1
1789134940765623,0.5338344573974609,1
1789134940765623,0.5338344573974609,1
1789134940765623,0.5338344573974609,1
1789134940765623,0.5338344573974609,1
1789134940801623,0.11692535877227783,1
1789134940813623,0.005103588104248047,1
1789134940825623,0.0031785964965820312,1
1789134940825623,0.0031785964965820312,1
1789134940825623,0.0031785964965820312,1
1789134940825623,0.0031785964965820312,1
1789134940825623,0.0031785964965820312,1
1789134940873783,0.24524617195129395,1
1789134940885783,0.22651410102844238,1
1789134940885783,0.22651410102844238,1
1789134940885783,0.22651410102844238,1
1789134940885783,0.22651410102844238,1
1789134940921783,-0.06503868103027344,1
1789134940933783,-0.16816139221191406,1
1789134940945783,-0.05443692207336426,1
1789134940945783,-0.05443692207336426,1
1789134940945783,-0.05443692207336426,1
1789134940945783,-0.05443692207336426,1
1789134940981783,0.2828437089920044,1
1789134940993783,0.29741430282592773,1
1789134941005783,0.08297526836395264,1
1789134941005783,0.08297526836395264,1
1789134941005783,0.08297526836395264,1
1789134941005783,0.08297526836395264,1
1789134941041783,-0.22220468521118164,1
1789134941053783,-0.31447553634643555,1
1789134941065783,-0.2631263732910156,1
1789134941065783,-0.2631263732910156,1
1789134941065783,-0.2631263732910156,1
1789134941065783,-0.2631263732910156,1
1789134941065783,-0.2631263732910156,1
1789134941113783,0.20269405841827393,1
1789134941125783,0.22677505016326904,1
1789134941125783,0.22677505016326904,1
1789134941125783,0.22677505016326904,1
1789134941125783,0.22677505016326904,1
1789134941161783,-0.11861658096313477,1
1789134941173783,-0.19206953048706055,1
1789134941185783,-0.16385960578918457,1
1789134941185783,-0.16385960578918457,1
1789134941185783,-0.16385960578918457,1
1789134941185783,-0.16385960578918457,1
1789134941185783,-0.16385960578918457,1
1789134941233783,0.22216033935546875,1
1789134941245783,0.42630982398986816,1
1789134941245783,0.42630982398986816,1
1789134941245783,0.42630982398986816,1
1789134941245783,0.42630982398986816,1
1789134941245783,0.42630982398986816,1
1789134941293783,-0.01611781120300293,1
1789134941305783,0.025034427642822266,1
1789134941305783,0.025034427642822266,1
1789134941305783,0.025034427642822266,1
1789134941305783,0.025034427642822266,1
1789134941341783,-0.04812979698181152,1
1789134941353783,-0.0948019027709961,1
1789134941365783,0.06564068794250488,1
1789134941365783,0.06564068794250488,1
1789134941365783,0.06564068794250488,1
1789134941365783,0.06564068794250488,1
1789134941365783,0.06564068794250488,1
1789134941413783,-0.10451507568359375,1
1789134941425783,-0.18290019035339355,1
1789134941425783,-0.18290019035339355,1
1789134941425783,-0.18290019035339355,1
1789134941425783,-0.18290019035339355,1
1789134941425783,-0.18290019035339355,1
1789134941473783,-0.01642012596130371,1
1789134941485783,0.12749242782592773,1
1789134941485783,0.12749242782592773,1
1789134941485783,0.12749242782592773,1
1789134941485783,0.12749242782592773,1
1789134941485783,0.12749242782592773,1
1789134941533783,-0.009270906448364258,1
1789134941545783,-0.06251740455627441,1
1789134941545783,-0.06251740455627441,1
1789134941545783,-0.06251740455627441,1
1789134941545783,-0.06251740455627441,1
1789134941545783,-0.06251740455627441,1
1789134941593783,0.3528628349304199,1
1789134941605783,0.5179197788238525,1
1789134941605783,0.5179197788238525,1
1789134941605783,0.5179197788238525,1
1789134941605783,0.5179197788238525,1
1789134941641783,0.14900362491607666,1
1789134941653783,0.04381108283996582,1
1789134941665783,-0.016115188598632812,1
1789134941665783,-0.016115188598632812,1
1789134941665783,-0.016115188598632812,1
1789134941665783,-0.016115188598632812,1
1789134941665783,-0.016115188598632812,1
1789134941713783,0.023282289505004883,1
1789134941725783,0.1986750364303589,1
1789134941725783,0.1986750364303589,1
1789134941725783,0.1986750364303589,1
1789134941725783,0.1986750364303589,1
1789134941725783,0.1986750364303589,1
1789134941773783,-0.12088775634765625,1
1789134941785783,-0.15162110328674316,1
1789134941785783,-0.15162110328674316,1
1789134941785783,-0.15162110328674316,1
1789134941785783,-0.15162110328674316,1
1789134941785783,-0.15162110328674316,1
1789134941833783,0.05563938617706299,1
1789134941845783,0.19908487796783447,1
1789134941845783,0.19908487796783447,1
1789134941845783,0.19908487796783447,1
1789134941869783,-0.0733327865600586,1
1789134941869941,-0.0733327865600586,1
1789134941893941,-0.030567407608032227,1
1789134941905941,0.04827749729156494,1
1789134941905941,0.04827749729156494,1
1789134941905941,0.04827749729156494,1
1789134941905941,0.04827749729156494,1
1789134941905941,0.04827749729156494,1
1789134941953941,-0.040384531021118164,1
1789134941965941,-0.15782475471496582,1
1789134941965941,-0.15782475471496582,1
1789134941965941,-0.15782475471496582,1
1789134941965941,-0.15782475471496582,1
1789134942001941,0.0344851016998291,1
1789134942013941,0.02550375461578369,1
1789134942025941,-0.055339813232421875,1
1789134942025941,-0.055339813232421875,1
1789134942025941,-0.055339813232421875,1
1789134942025941,-0.055339813232421875,1
1789134942061941,0.03922724723815918,1
1789134942073941,0.11334872245788574,1
1789134942085941,-0.0467226505279541,1
1789134942085941,-0.0467226505279541,1
1789134942085941,-0.0467226505279541,1
1789134942085941,-0.0467226505279541,1
1789134942085941,-0.0467226505279541,1
1789134942133941,0.12025284767150879,1
1789134942145941,0.2100679874420166,1
1789134942145941,0.2100679874420166,1
1789134942145941,0.2100679874420166,1
1789134942145941,0.2100679874420166,1
1789134942145941,0.2100679874420166,1
1789134942193941,-0.17531824111938477,1
1789134942205941,-0.3070237636566162,1
1789134942205941,-0.3070237636566162,1
1789134942205941,-0.3070237636566162,1
1789134942205941,-0.3070237636566162,1
1789134942205941,-0.3070237636566162,1
1789134942253941,-0.1338975429534912,1
1789134942265941,-0.06320643424987793,1
1789134942265941,-0.06320643424987793,1
1789134942265941,-0.06320643424987793,1
1789134942265941,-0.06320643424987793,1
1789134942301941,0.32506442070007324,1
1789134942313941,0.3004409074783325,1
1789134942325941,0.08108627796173096,1
1789134942325941,0.08108627796173096,1
1789134942325941,0.08108627796173096,1
1789134942325941,0.08108627796173096,1
1789134942325941,0.08108627796173096,1
1789134942373941,-0.3574869632720947,1
1789134942385941,-0.43462324142456055,1
1789134942385941,-0.43462324142456055,1
1789134942385941,-0.43462324142456055,1
1789134942385941,-0.43462324142456055,1
1789134942385941,-0.43462324142456055,1
1789134942433941,-0.22908926010131836,1
1789134942445941,-0.05993223190307617,1
1789134942445941,-0.05993223190307617,1
1789134942445941,-0.05993223190307617,1
1789134942445941,-0.05993223190307617,1
1789134942481941,0.2654637098312378,1
1789134942493941,0.2293546199798584,1
1789134942505941,0.14913082122802734,1
1789134942505941,0.14913082122802734,1
1789134942505941,0.14913082122802734,1
1789134942505941,0.14913082122802734,1
1789134942505941,0.14913082122802734,1
1789134942553941,-0.22646665573120117,1
1789134942565941,-0.35831356048583984,1
1789134942565941,-0.35831356048583984,1
1789134942565941,-0.35831356048583984,1
1789134942565941,-0.35831356048583984,1
1789134942565941,-0.35831356048583984,1
1789134942613941,0.05437302589416504,1
1789134942625941,0.08281183242797852,1
1789134942625941,0.08281183242797852,1
1789134942625941,0.08281183242797852,1
1789134942625941,0.08281183242797852,1
1789134942661941,-0.22090768814086914,1
1789134942673941,-0.2701411247253418,1
1789134942685941,-0.14961671829223633,1
1789134942685941,-0.14961671829223633,1
1789134942685941,-0.14961671829223633,1
1789134942685941,-0.14961671829223633,1
1789134942685941,-0.14961671829223633,1
1789134942733941,0.32232141494750977,1
1789134942745941,0.39345526695251465,1
1789134942745941,0.39345526695251465,1
1789134942745941,0.39345526695251465,1
1789134942745941,0.39345526695251465,1
1789134942745941,0.39345526695251465,1
1789134942793941,-0.1165168285369873,1
1789134942805941,-0.21201491355895996,1
1789134942805941,-0.21201491355895996,1
1789134942805941,-0.21201491355895996,1
1789134942805941,-0.21201491355895996,1
1789134942841941,0.0201416015625,1
1789134942853941,-0.015126466751098633,1
1789134942865941,-0.09940075874328613,1
1789134942865941,-0.09940075874328613,1
1789134942866101,-0.09940075874328613,1
1789134942866101,-0.09940075874328613,1
1789134942866101,-0.09940075874328613,1
1789134942914101,0.21282494068145752,1
1789134942926101,0.3763784170150757,1
1789134942926101,0.3763784170150757,1
1789134942926101,0.3763784170150757,1
1789134942926101,0.3763784170150757,1
1789134942962101,-0.0006070137023925781,1
1789134942974101,-0.06421327590942383,1
1789134942986101,-0.05847954750061035,1
1789134942986101,-0.05847954750061035,1
1789134942986101,-0.05847954750061035,1
1789134942986101,-0.05847954750061035,1
1789134942986101,-0.05847954750061035,1
1789134943034101,0.5087406635284424,1
1789134943046101,0.5602381229400635,1
1789134943046101,0.5602381229400635,1
1789134943046101,0.5602381229400635,1
1789134943046101,0.5602381229400635,1
1789134943082101,0.20830249786376953,1
1789134943094101,0.1349048614501953,1
1789134943106101,0.1560215950012207,1
1789134943106101,0.1560215950012207,1
1789134943106101,0.1560215950012207,1
1789134943106101,0.1560215950012207,1
1789134943106101,0.1560215950012207,1
1789134943154101,-0.2303943634033203,1
1789134943166101,-0.35523533821105957,1
1789134943166101,-0.35523533821105957,1
1789134943166101,-0.35523533821105957,1
1789134943166101,-0.35523533821105957,1
1789134943166101,-0.35523533821105957,1
1789134943214101,-0.12264490127563477,1
1789134943226101,-0.07134032249450684,1
1789134943226101,-0.07134032249450684,1
1789134943226101,-0.07134032249450684,1
1789134943226101,-0.07134032249450684,1
1789134943226101,-0.07134032249450684,1
1789134943274101,0.44986045360565186,1
1789134943286101,0.6074270009994507,1
1789134943286101,0.6074270009994507,1
1789134943286101,0.6074270009994507,1
1789134943286101,0.6074270009994507,1
1789134943322101,0.1969292163848877,1
1789134943334101,0.06803023815155029,1
1789134943346101,0.04173266887664795,1
1789134943346101,0.04173266887664795,1
1789134943346101,0.04173266887664795,1
1789134943346101,0.04173266887664795,1
1789134943346101,0.04173266887664795,1
1789134943394101,-0.2515125274658203,1
1789134943406101,-0.3971092700958252,1
1789134943406101,-0.3971092700958252,1
1789134943406101,-0.3971092700958252,1
1789134943406101,-0.3971092700958252,1
1789134943406101,-0.3971092700958252,1
1789134943454101,0.10816299915313721,1
1789134943466101,0.16611194610595703,1
1789134943466101,0.16611194610595703,1
1789134943466101,0.16611194610595703,1
1789134943466101,0.16611194610595703,1
1789134943466101,0.16611194610595703,1
1789134943514101,-0.34550976753234863,1
1789134943526101,-0.4857916831970215,1
1789134943526101,-0.4857916831970215,1
1789134943526101,-0.4857916831970215,1
1789134943526101,-0.4857916831970215,1
1789134943562101,-0.4092698097229004,1
1789134943574101,-0.11962175369262695,1
1789134943586101,-0.06732916831970215,1
1789134943586101,-0.06732916831970215,1
1789134943586101,-0.06732916831970215,1
1789134943586101,-0.06732916831970215,1
1789134943622101,0.32946956157684326,1
1789134943634101,0.2953709363937378,1
1789134943646101,0.08230507373809814,1
1789134943646101,0.08230507373809814,1
1789134943646101,0.08230507373809814,1
1789134943646101,0.08230507373809814,1
1789134943682101,-0.26769518852233887,1
1789134943694101,-0.38321495056152344,1
1789134943706101,-0.2807748317718506,1
1789134943706101,-0.2807748317718506,1
1789134943706101,-0.2807748317718506,1
1789134943706101,-0.2807748317718506,1
1789134943706101,-0.2807748317718506,1
1789134943754101,0.08457803726196289,1
1789134943766101,0.24880540370941162,1
1789134943766101,0.24880540370941162,1
1789134943766101,0.24880540370941162,1
1789134943766101,0.24880540370941162,1
1789134943766101,0.24880540370941162,1
1789134943814101,-0.27492785453796387,1
1789134943826101,-0.3494119644165039,1
1789134943826101,-0.3494119644165039,1
1789134943826101,-0.3494119644165039,1
1789134943850101,-0.3675496578216553,1
1789134943850101,-0.3675496578216553,1
1789134943874101,-0.06372475624084473,1
1789134943886101,0.056121230125427246,1
1789134943886259,0.056121230125427246,1
1789134943886259,0.056121230125427246,1
1789134943886259,0.056121230125427246,1
1789134943886259,0.056121230125427246,1
1789134943934259,-0.008868217468261719,1
1789134943946259,-0.0933065414428711,1
1789134943946259,-0.0933065414428711,1
1789134943946259,-0.0933065414428711,1
1789134943946259,-0.0933065414428711,1
1789134943982259,0.13142883777618408,1
1789134943994259,0.13925468921661377,1
1789134944006259,-0.05270648002624512,1
1789134944006259,-0.05270648002624512,1
1789134944006259,-0.05270648002624512,1
1789134944006259,-0.05270648002624512,1
1789134944042259,-0.055441856384277344,1
1789134944054259,0.08571362495422363,1
1789134944066259,0.15121519565582275,1
1789134944066259,0.15121519565582275,1
1789134944066259,0.15121519565582275,1
1789134944066259,0.15121519565582275,1
1789134944066259,0.15121519565582275,1
1789134944114259,-0.2332315444946289,1
1789134944126259,-0.312938928604126,1
1789134944126259,-0.312938928604126,1
1789134944126259,-0.312938928604126,1
1789134944126259,-0.312938928604126,1
1789134944162259,0.02359449863433838,1
1789134944174259,-0.03427886962890625,1
1789134944186259,-0.07519221305847168,1
1789134944186259,-0.07519221305847168,1
1789134944186259,-0.07519221305847168,1
1789134944186259,-0.07519221305847168,1
1789134944186259,-0.07519221305847168,1
1789134944234259,0.25545287132263184,1
1789134944246259,0.41860687732696533,1
1789134944246259,0.41860687732696533,1
1789134944246259,0.41860687732696533,1
1789134944246259,0.41860687732696533,1
1789134944282259,0.045574069023132324,1
1789134944294259,0.008893370628356934,1
1789134944306259,-0.047209978103637695,1
1789134944306259,-0.047209978103637695,1
1789134944306259,-0.047209978103637695,1
1789134944306259,-0.047209978103637695,1
1789134944306259,-0.047209978103637695,1
1789134944354259,0.041284918785095215,1
1789134944366259,0.2197721004486084,1
1789134944366259,0.2197721004486084,1
1789134944366259,0.2197721004486084,1
1789134944366259,0.2197721004486084,1
1789134944402259,-0.017964601516723633,1
1789134944414259,-0.11139345169067383,1
1789134944426259,-0.06721687316894531,1
1789134944426259,-0.06721687316894531,1
1789134944426259,-0.06721687316894531,1
1789134944426259,-0.06721687316894531,1
1789134944426259,-0.06721687316894531,1
1789134944474259,0.35170412063598633,1
1789134944486259,0.4928321838378906,1
1789134944486259,0.4928321838378906,1
1789134944486259,0.4928321838378906,1
1789134944486259,0.4928321838378906,1
1789134944486259,0.4928321838378906,1
1789134944534259,-0.05889773368835449,1
1789134944546259,-0.13826465606689453,1
1789134944546259,-0.13826465606689453,1
1789134944546259,-0.13826465606689453,1
1789134944546259,-0.13826465606689453,1
1789134944546259,-0.13826465606689453,1
1789134944594259,-0.020886898040771484,1
1789134944606259,0.16891205310821533,1
1789134944606259,0.16891205310821533,1
1789134944606259,0.16891205310821533,1
1789134944606259,0.16891205310821533,1
1789134944642259,-0.11109542846679688,1
1789134944654259,-0.19292640686035156,1
1789134944666259,-0.13066983222961426,1
1789134944666259,-0.13066983222961426,1
1789134944666259,-0.13066983222961426,1
1789134944666259,-0.13066983222961426,1
1789134944666259,-0.13066983222961426,1
1789134944714259,0.28112220764160156,1
1789134944726259,0.4439420700073242,1
1789134944726259,0.4439420700073242,1
1789134944726259,0.4439420700073242,1
1789134944726259,0.4439420700073242,1
1789134944762259,0.05912303924560547,1
1789134944774259,-0.0434112548828125,1
1789134944786259,-0.01752948760986328,1
1789134944786259,-0.01752948760986328,1
1789134944786259,-0.01752948760986328,1
1789134944786259,-0.01752948760986328,1
1789134944786259,-0.01752948760986328,1
1789134944834259,-0.05977368354797363,1
1789134944846259,-0.1142282485961914,1
1789134944846259,-0.1142282485961914,1
1789134944846259,-0.1142282485961914,1
1789134944846259,-0.1142282485961914,1
1789134944882259,0.19043362140655518,1
1789134944894417,0.13794219493865967,1
1789134944906417,0.05559682846069336,1
1789134944906417,0.05559682846069336,1
1789134944906417,0.05559682846069336,1
1789134944906417,0.05559682846069336,1
1789134944942417,-0.27740001678466797,1
1789134944954417,-0.32120275497436523,1
1789134944966417,-0.22312521934509277,1
1789134944966417,-0.22312521934509277,1
1789134944966417,-0.22312521934509277,1
1789134944966417,-0.22312521934509277,1
1789134945002417,0.03671550750732422,1
1789134945014417,0.002156496047973633,1
1789134945026417,-0.08100628852844238,1
1789134945026417,-0.08100628852844238,1
1789134945026417,-0.08100628852844238,1
1789134945026417,-0.08100628852844238,1
1789134945062417,-0.0186617374420166,1
1789134945074417,0.01941967010498047,1
1789134945086417,-0.14316177368164062,1
1789134945086417,-0.14316177368164062,1
1789134945086417,-0.14316177368164062,1
1789134945086417,-0.14316177368164062,1
1789134945122417,-0.13166236877441406,1
1789134945134417,0.034951210021972656,1
1789134945146417,0.10325789451599121,1
1789134945146417,0.10325789451599121,1
1789134945146417,0.10325789451599121,1
1789134945146417,0.10325789451599121,1
1789134945146417,0.10325789451599121,1
1789134945194417,-0.27318787574768066,1
1789134945206417,-0.4148705005645752,1
1789134945206417,-0.4148705005645752,1
1789134945206417,-0.4148705005645752,1
1789134945206417,-0.4148705005645752,1
1789134945242417,-0.25574278831481934,1
1789134945254417,-0.06372833251953125,1
1789134945266417,0.013789892196655273,1
1789134945266417,0.013789892196655273,1
1789134945266417,0.013789892196655273,1
1789134945266417,0.013789892196655273,1
1789134945302417,-0.018858671188354492,1
1789134945314417,-0.0924232006072998,1
1789134945326417,-0.21056795120239258,1
1789134945326417,-0.21056795120239258,1
1789134945326417,-0.21056795120239258,1
1789134945326417,-0.21056795120239258,1
1789134945326417,-0.21056795120239258,1
1789134945374417,0.2282494306564331,1
1789134945386417,0.3174304962158203,1
1789134945386417,0.3174304962158203,1
1789134945386417,0.3174304962158203,1
1789134945386417,0.3174304962158203,1
1789134945386417,0.3174304962158203,1
1789134945434417,-0.17007899284362793,1
1789134945446417,-0.3216383457183838,1
1789134945446417,-0.3216383457183838,1
1789134945446417,-0.3216383457183838,1
1789134945446417,-0.3216383457183838,1
1789134945482417,-0.08948779106140137,1
1789134945494417,0.12873637676239014,1
1789134945506417,0.20911073684692383,1
1789134945506417,0.20911073684692383,1
1789134945506417,0.20911073684692383,1
1789134945506417,0.20911073684692383,1
1789134945506417,0.20911073684692383,1
1789134945554417,-0.1857590675354004,1
1789134945566417,-0.3347053527832031,1
1789134945566417,-0.3347053527832031,1
1789134945566417,-0.3347053527832031,1
1789134945566417,-0.3347053527832031,1
1789134945602417,-0.14858365058898926,1
1789134945614417,0.05890202522277832,1
1789134945626417,0.09264302253723145,1
1789134945626417,0.09264302253723145,1
1789134945626417,0.09264302253723145,1
1789134945626417,0.09264302253723145,1
1789134945626417,0.09264302253723145,1
1789134945674417,-0.35680627822875977,1
1789134945686417,-0.4896059036254883,1
1789134945686417,-0.4896059036254883,1
1789134945686417,-0.4896059036254883,1
1789134945686417,-0.4896059036254883,1
1789134945686417,-0.4896059036254883,1
1789134945734417,0.0012400150299072266,1
1789134945746417,0.09361135959625244,1
1789134945746417,0.09361135959625244,1
1789134945746417,0.09361135959625244,1
1789134945746417,0.09361135959625244,1
1789134945746417,0.09361135959625244,1
1789134945794417,-0.3870358467102051,1
1789134945806417,-0.41611218452453613,1
1789134945806417,-0.41611218452453613,1
1789134945806417,-0.41611218452453613,1
1789134945830417,-0.37708401679992676,1
1789134945830417,-0.37708401679992676,1
1789134945854417,-0.18894028663635254,1
1789134945866417,-0.10559487342834473,1
1789134945866417,-0.10559487342834473,1
1789134945866417,-0.10559487342834473,1
1789134945866417,-0.10559487342834473,1
1789134945866574,-0.10559487342834473,1
1789134945914574,0.428234338760376,1
1789134945926574,0.4637197256088257,1
1789134945926574,0.4637197256088257,1
1789134945926574,0.4637197256088257,1
1789134945926574,0.4637197256088257,1
1789134945962574,0.12993335723876953,1
1789134945974574,0.05923807621002197,1
1789134945986574,0.015808701515197754,1
1789134945986574,0.015808701515197754,1
1789134945986574,0.015808701515197754,1
1789134945986574,0.015808701515197754,1
1789134945986574,0.015808701515197754,1
1789134946034574,-0.07685494422912598,1
1789134946046574,-0.05067896842956543,1
1789134946046574,-0.05067896842956543,1
1789134946046574,-0.05067896842956543,1
1789134946046574,-0.05067896842956543,1
1789134946046574,-0.05067896842956543,1
1789134946094574,0.41017961502075195,1
1789134946106574,0.48472702503204346,1
1789134946106574,0.48472702503204346,1
1789134946106574,0.48472702503204346,1
1789134946106574,0.48472702503204346,1
1789134946106574,0.48472702503204346,1
1789134946154574,-0.019169330596923828,1
1789134946166574,-0.1582012176513672,1
1789134946166574,-0.1582012176513672,1
1789134946166574,-0.1582012176513672,1
1789134946166574,-0.1582012176513672,1
1789134946166574,-0.1582012176513672,1
1789134946214574,0.2514690160751343,1
1789134946226574,0.2762693166732788,1
1789134946226574,0.2762693166732788,1
1789134946226574,0.2762693166732788,1
1789134946226574,0.2762693166732788,1
1789134946262574,-0.09618282318115234,1
1789134946274574,-0.16270709037780762,1
1789134946286574,-0.10816407203674316,1
1789134946286574,-0.10816407203674316,1
1789134946286574,-0.10816407203674316,1
1789134946286574,-0.10816407203674316,1
1789134946286574,-0.10816407203674316,1
1789134946334574,0.2550619840621948,1
1789134946346574,0.3557314872741699,1
1789134946346574,0.3557314872741699,1
1789134946346574,0.3557314872741699,1
1789134946346574,0.3557314872741699,1
1789134946346574,0.3557314872741699,1
1789134946394574,-0.06356263160705566,1
1789134946406574,-0.2156379222869873,1
1789134946406574,-0.2156379222869873,1
1789134946406574,-0.2156379222869873,1
1789134946406574,-0.2156379222869873,1
1789134946442574,-0.011289119720458984,1
1789134946454574,0.18508315086364746,1
1789134946466574,0.2650967836380005,1
1789134946466574,0.2650967836380005,1
1789134946466574,0.2650967836380005,1
1789134946466574,0.2650967836380005,1
1789134946466574,0.2650967836380005,1
1789134946514574,-0.16192984580993652,1
1789134946526574,-0.3158581256866455,1
1789134946526574,-0.3158581256866455,1
1789134946526574,-0.3158581256866455,1
1789134946526574,-0.3158581256866455,1
1789134946562574,-0.21160268783569336,1
1789134946574574,-0.01777362823486328,1
1789134946586574,0.057403564453125,1
1789134946586574,0.057403564453125,1
1789134946586574,0.057403564453125,1
1789134946586574,0.057403564453125,1
1789134946622574,0.09392321109771729,1
1789134946634574,0.030521631240844727,1
1789134946646574,-0.11092162132263184,1
1789134946646574,-0.11092162132263184,1
1789134946646574,-0.11092162132263184,1
1789134946646574,-0.11092162132263184,1
1789134946682574,-0.07222914695739746,1
1789134946694574,0.08466267585754395,1
1789134946706574,0.12625658512115479,1
1789134946706574,0.12625658512115479,1
1789134946706574,0.12625658512115479,1
1789134946706574,0.12625658512115479,1
1789134946706574,0.12625658512115479,1
1789134946754574,-0.2632267475128174,1
1789134946766574,-0.387606143951416,1
1789134946766574,-0.387606143951416,1
1789134946766574,-0.387606143951416,1
1789134946766574,-0.387606143951416,1
1789134946802574,-0.1294081211090088,1
1789134946814574,0.09696793556213379,1
1789134946826574,0.16204679012298584,1
1789134946826574,0.16204679012298584,1
1789134946826574,0.16204679012298584,1
1789134946826574,0.16204679012298584,1
1789134946826574,0.16204679012298584,1
1789134946874574,-0.2195439338684082,1
1789134946886574,-0.37772512435913086,1
1789134946886574,-0.37772512435913086,1
1789134946886732,-0.37772512435913086,1
1789134946886732,-0.37772512435913086,1
1789134946922732,-0.2200632095336914,1
1789134946934732,-0.021048307418823242,1
1789134946946732,0.05560457706451416,1
1789134946946732,0.05560457706451416,1
1789134946946732,0.05560457706451416,1
1789134946946732,0.05560457706451416,1
1789134946946732,0.05560457706451416,1
1789134946994732,-0.06657648086547852,1
1789134947006732,-0.10783553123474121,1
1789134947006732,-0.10783553123474121,1
1789134947006732,-0.10783553123474121,1
1789134947006732,-0.10783553123474121,1
1789134947042732,0.19723916053771973,1
1789134947054732,0.150199294090271,1
1789134947066732,0.06390953063964844,1
1789134947066732,0.06390953063964844,1
1789134947066732,0.06390953063964844,1
1789134947066732,0.06390953063964844,1
1789134947066732,0.06390953063964844,1
1789134947114732,-0.32245731353759766,1
1789134947126732,-0.48748064041137695,1
1789134947126732,-0.48748064041137695,1
1789134947126732,-0.48748064041137695,1
1789134947126732,-0.48748064041137695,1
1789134947126732,-0.48748064041137695,1
1789134947174732,-0.1231532096862793,1
1789134947186732,-0.0206906795501709,1
1789134947186732,-0.0206906795501709,1
1789134947186732,-0.0206906795501709,1
1789134947186732,-0.0206906795501709,1
1789134947186732,-0.0206906795501709,1
1789134947234732,0.47550225257873535,1
1789134947246732,0.5233207941055298,1
1789134947246732,0.5233207941055298,1
1789134947246732,0.5233207941055298,1
1789134947246732,0.5233207941055298,1
1789134947282732,0.08895611763000488,1
1789134947294732,-0.020426034927368164,1
1789134947306732,-0.04714822769165039,1
1789134947306732,-0.04714822769165039,1
1789134947306732,-0.04714822769165039,1
1789134947306732,-0.04714822769165039,1
1789134947306732,-0.04714822769165039,1
1789134947354732,0.20709335803985596,1
1789134947366732,0.21887922286987305,1
1789134947366732,0.21887922286987305,1
1789134947366732,0.21887922286987305,1
1789134947366732,0.21887922286987305,1
1789134947366732,0.21887922286987305,1
1789134947414732,-0.18566060066223145,1
1789134947426732,-0.23031377792358398,1
1789134947426732,-0.23031377792358398,1
1789134947426732,-0.23031377792358398,1
1789134947426732,-0.23031377792358398,1
1789134947426732,-0.23031377792358398,1
1789134947474732,0.3110998868942261,1
1789134947486732,0.35313594341278076,1
1789134947486732,0.35313594341278076,1
1789134947486732,0.35313594341278076,1
1789134947486732,0.35313594341278076,1
1789134947522732,0.007597684860229492,1
1789134947534732,-0.034819841384887695,1
1789134947546732,0.012523531913757324,1
1789134947546732,0.012523531913757324,1
1789134947546732,0.012523531913757324,1
1789134947546732,0.012523531913757324,1
1789134947582732,0.1149587631225586,1
1789134947594732,0.09789872169494629,1
1789134947606732,-0.0630037784576416,1
1789134947606732,-0.0630037784576416,1
1789134947606732,-0.0630037784576416,1
1789134947606732,-0.0630037784576416,1
1789134947642732,-0.1314692497253418,1
1789134947654732,-0.0004837512969970703,1
1789134947666732,0.0837249755859375,1
1789134947666732,0.0837249755859375,1
1789134947666732,0.0837249755859375,1
1789134947666732,0.0837249755859375,1
1789134947666732,0.0837249755859375,1
1789134947714732,-0.07670235633850098,1
1789134947726732,-0.13859224319458008,1
1789134947726732,-0.13859224319458008,1
1789134947726732,-0.13859224319458008,1
1789134947726732,-0.13859224319458008,1
1789134947762732,0.15521180629730225,1
1789134947774732,0.11818647384643555,1
1789134947786732,0.03361058235168457,1
1789134947786732,0.03361058235168457,1
1789134947786732,0.03361058235168457,1
1789134947786732,0.03361058235168457,1
1789134947786732,0.03361058235168457,1
1789134947834732,-0.29967260360717773,1
1789134947846732,-0.31432008743286133,1
1789134947846732,-0.31432008743286133,1
1789134947846732,-0.31432008743286133,1
1789134947846732,-0.31432008743286133,1
1789134947882732,-0.1467454433441162,1
1789134947894732,0.04925882816314697,1
1789134947906732,0.09548580646514893,1
1789134947906889,0.09548580646514893,1
1789134947906889,0.09548580646514893,1
1789134947906889,0.09548580646514893,1
1789134947942889,-0.28919029235839844,1
1789134947954889,-0.3494703769683838,1
1789134947966889,-0.2990844249725342,1
1789134947966889,-0.2990844249725342,1
1789134947966889,-0.2990844249725342,1
1789134947966889,-0.2990844249725342,1
1789134947966889,-0.2990844249725342,1
1789134948014889,0.07130813598632812,1
1789134948026889,0.16464078426361084,1
1789134948026889,0.16464078426361084,1
1789134948026889,0.16464078426361084,1
1789134948026889,0.16464078426361084,1
1789134948062889,-0.23672842979431152,1
1789134948074889,-0.2948892116546631,1
1789134948086889,-0.21716713905334473,1
1789134948086889,-0.21716713905334473,1
1789134948086889,-0.21716713905334473,1
1789134948086889,-0.21716713905334473,1
1789134948086889,-0.21716713905334473,1
1789134948134889,0.18462145328521729,1
1789134948146889,0.27477288246154785,1
1789134948146889,0.27477288246154785,1
1789134948146889,0.27477288246154785,1
1789134948146889,0.27477288246154785,1
1789134948146889,0.27477288246154785,1
1789134948194889,-0.21149110794067383,1
1789134948206889,-0.3330998420715332,1
1789134948206889,-0.3330998420715332,1
1789134948206889,-0.3330998420715332,1
1789134948206889,-0.3330998420715332,1
1789134948242889,-0.26763415336608887,1
1789134948254889,-0.1067361831665039,1
1789134948266889,-0.034406185150146484,1
1789134948266889,-0.034406185150146484,1
1789134948266889,-0.034406185150146484,1
1789134948266889,-0.034406185150146484,1
1789134948266889,-0.034406185150146484,1
1789134948314889,0.4206045866012573,1
1789134948326889,0.3693222999572754,1
1789134948326889,0.3693222999572754,1
1789134948326889,0.3693222999572754,1
1789134948326889,0.3693222999572754,1
1789134948362889,0.04234182834625244,1
1789134948374889,-0.007225751876831055,1
1789134948386889,-0.11587119102478027,1
1789134948386889,-0.11587119102478027,1
1789134948386889,-0.11587119102478027,1
1789134948386889,-0.11587119102478027,1
1789134948386889,-0.11587119102478027,1
1789134948434889,0.22359108924865723,1
1789134948446889,0.3814791440963745,1
1789134948446889,0.3814791440963745,1
1789134948446889,0.3814791440963745,1
1789134948446889,0.3814791440963745,1
1789134948446889,0.3814791440963745,1
1789134948494889,-0.09902524948120117,1
1789134948506889,-0.19852614402770996,1
1789134948506889,-0.19852614402770996,1
1789134948506889,-0.19852614402770996,1
1789134948506889,-0.19852614402770996,1
1789134948506889,-0.19852614402770996,1
1789134948554889,0.1446681022644043,1
1789134948566889,0.29949772357940674,1
1789134948566889,0.29949772357940674,1
1789134948566889,0.29949772357940674,1
1789134948566889,0.29949772357940674,1
1789134948602889,-0.0928196907043457,1
1789134948614889,-0.1624305248260498,1
1789134948626889,-0.13444733619689941,1
1789134948626889,-0.13444733619689941,1
1789134948626889,-0.13444733619689941,1
1789134948626889,-0.13444733619689941,1
1789134948626889,-0.13444733619689941,1
1789134948674889,0.4446514844894409,1
1789134948686889,0.5958584547042847,1
1789134948686889,0.5958584547042847,1
1789134948686889,0.5958584547042847,1
1789134948686889,0.5958584547042847,1
1789134948686889,0.5958584547042847,1
1789134948734889,0.02814185619354248,1
1789134948746889,-0.05617642402648926,1
1789134948746889,-0.05617642402648926,1
1789134948746889,-0.05617642402648926,1
1789134948746889,-0.05617642402648926,1
1789134948746889,-0.05617642402648926,1
1789134948794889,0.13607823848724365,1
1789134948806889,0.28965651988983154,1
1789134948806889,0.28965651988983154,1
1789134948806889,0.28965651988983154,1
1789134948806889,0.28965651988983154,1
1789134948842889,-0.03611898422241211,1
1789134948854889,-0.12611794471740723,1
1789134948866889,-0.09513163566589355,1
1789134948866889,-0.09513163566589355,1
1789134948866889,-0.09513163566589355,1
1789134948866889,-0.09513163566589355,1
1789134948866889,-0.09513163566589355,1
1789134948915044,0.3232003450393677,1
1789134948927044,0.4721485376358032,1
1789134948927044,0.4721485376358032,1
1789134948927044,0.4721485376358032,1
1789134948927044,0.4721485376358032,1
1789134948927044,0.4721485376358032,1
1789134948975044,-0.10388565063476562,1
1789134948987044,-0.17605948448181152,1
1789134948987044,-0.17605948448181152,1
1789134948987044,-0.17605948448181152,1
1789134948987044,-0.17605948448181152,1
1789134948987044,-0.17605948448181152,1
1789134949035044,0.01697981357574463,1
1789134949047044,0.17347073554992676,1
1789134949047044,0.17347073554992676,1
1789134949047044,0.17347073554992676,1
1789134949047044,0.17347073554992676,1
1789134949083044,-0.15784239768981934,1
1789134949095044,-0.2542684078216553,1
1789134949107044,-0.23664259910583496,1
1789134949107044,-0.23664259910583496,1
1789134949107044,-0.23664259910583496,1
1789134949131044,-0.04386162757873535,1
1789134949131044,-0.04386162757873535,1
1789134949155044,0.1747215986251831,1
1789134949167044,0.2409282922744751,1
1789134949167044,0.2409282922744751,1
1789134949167044,0.2409282922744751,1
1789134949167044,0.2409282922744751,1
1789134949203044,-0.07915949821472168,1
1789134949215044,-0.17781662940979004,1
1789134949227044,-0.07442283630371094,1
1789134949227044,-0.07442283630371094,1
1789134949227044,-0.07442283630371094,1
1789134949227044,-0.07442283630371094,1
1789134949263044,0.2726556062698364,1
1789134949275044,0.25628674030303955,1
1789134949287044,0.04804074764251709,1
1789134949287044,0.04804074764251709,1
1789134949287044,0.04804074764251709,1
1789134949287044,0.04804074764251709,1
1789134949323044,-0.19834184646606445,1
1789134949335044,-0.3046252727508545,1
1789134949347044,-0.27723264694213867,1
1789134949347044,-0.27723264694213867,1
1789134949347044,-0.27723264694213867,1
1789134949347044,-0.27723264694213867,1
1789134949347044,-0.27723264694213867,1
1789134949395044,0.18160009384155273,1
1789134949407044,0.20607757568359375,1
1789134949407044,0.20607757568359375,1
1789134949407044,0.20607757568359375,1
1789134949407044,0.20607757568359375,1
1789134949443044,-0.08873105049133301,1
1789134949455044,-0.16547536849975586,1
1789134949467044,-0.0370638370513916,1
1789134949467044,-0.0370638370513916,1
1789134949467044,-0.0370638370513916,1
1789134949467044,-0.0370638370513916,1
1789134949467044,-0.0370638370513916,1
1789134949515044,0.260221004486084,1
1789134949527044,0.23170030117034912,1
1789134949527044,0.23170030117034912,1
1789134949527044,0.23170030117034912,1
1789134949527044,0.23170030117034912,1
1789134949563044,-0.04353785514831543,1
1789134949575044,-0.11712265014648438,1
1789134949587044,-0.059484243392944336,1
1789134949587044,-0.059484243392944336,1
1789134949587044,-0.059484243392944336,1
1789134949587044,-0.059484243392944336,1
1789134949587044,-0.059484243392944336,1
1789134949635044,0.3866616487503052,1
1789134949647044,0.5695028305053711,1
1789134949647044,0.5695028305053711,1
1789134949647044,0.5695028305053711,1
1789134949647044,0.5695028305053711,1
1789134949647044,0.5695028305053711,1
1789134949695044,0.02439868450164795,1
1789134949707044,-0.011962652206420898,1
1789134949707044,-0.011962652206420898,1
1789134949707044,-0.011962652206420898,1
1789134949707044,-0.011962652206420898,1
1789134949707044,-0.011962652206420898,1
1789134949755044,0.022600412368774414,1
1789134949767044,-0.007618904113769531,1
1789134949767044,-0.007618904113769531,1
1789134949767044,-0.007618904113769531,1
1789134949791044,-0.0997769832611084,1
1789134949791044,-0.0997769832611084,1
1789134949815044,0.02536749839782715,1
1789134949827044,0.10814714431762695,1
1789134949827044,0.10814714431762695,1
1789134949827044,0.10814714431762695,1
1789134949827044,0.10814714431762695,1
1789134949827044,0.10814714431762695,1
1789134949875044,-0.2854790687561035,1
1789134949887044,-0.3628561496734619,1
1789134949887044,-0.3628561496734619,1
1789134949887044,-0.3628561496734619,1
1789134949887044,-0.3628561496734619,1
1789134949923202,0.003953099250793457,1
1789134949935202,-0.05805683135986328,1
1789134949947202,-0.10724091529846191,1
1789134949947202,-0.10724091529846191,1
1789134949947202,-0.10724091529846191,1
1789134949947202,-0.10724091529846191,1
1789134949947202,-0.10724091529846191,1
1789134949995202,0.23902487754821777,1
1789134950007202,0.3904585838317871,1
1789134950007202,0.3904585838317871,1
1789134950007202,0.3904585838317871,1
1789134950007202,0.3904585838317871,1
1789134950043202,0.0023461580276489258,1
1789134950055202,-0.0808706283569336,1
1789134950067202,-0.06275129318237305,1
1789134950067202,-0.06275129318237305,1
1789134950067202,-0.06275129318237305,1
1789134950067202,-0.06275129318237305,1
1789134950067202,-0.06275129318237305,1
1789134950115202,0.4066290855407715,1
1789134950127202,0.5672264099121094,1
1789134950127202,0.5672264099121094,1
1789134950127202,0.5672264099121094,1
1789134950127202,0.5672264099121094,1
1789134950127202,0.5672264099121094,1
1789134950175202,0.0029349327087402344,1
1789134950187202,-0.055117130279541016,1
1789134950187202,-0.055117130279541016,1
1789134950187202,-0.055117130279541016,1
1789134950187202,-0.055117130279541016,1
1789134950223202,0.03886544704437256,1
1789134950235202,0.06672239303588867,1
1789134950247202,-0.08907413482666016,1
1789134950247202,-0.08907413482666016,1
1789134950247202,-0.08907413482666016,1
1789134950247202,-0.08907413482666016,1
1789134950247202,-0.08907413482666016,1
1789134950295202,0.10716462135314941,1
1789134950307202,0.18127501010894775,1
1789134950307202,0.18127501010894775,1
1789134950307202,0.18127501010894775,1
1789134950307202,0.18127501010894775,1
1789134950307202,0.18127501010894775,1
1789134950355202,-0.21599817276000977,1
1789134950367202,-0.366626501083374,1
1789134950367202,-0.366626501083374,1
1789134950367202,-0.366626501083374,1
1789134950367202,-0.366626501083374,1
1789134950367202,-0.366626501083374,1
1789134950415202,-0.07436084747314453,1
1789134950427202,0.018442869186401367,1
1789134950427202,0.018442869186401367,1
1789134950427202,0.018442869186401367,1
1789134950427202,0.018442869186401367,1
1789134950427202,0.018442869186401367,1
1789134950475202,-0.027957677841186523,1
1789134950487202,-0.12620043754577637,1
1789134950487202,-0.12620043754577637,1
1789134950487202,-0.12620043754577637,1
1789134950487202,-0.12620043754577637,1
1789134950523202,0.03936636447906494,1
1789134950535202,0.047969937324523926,1
1789134950547202,-0.03301286697387695,1
1789134950547202,-0.03301286697387695,1
1789134950547202,-0.03301286697387695,1
1789134950547202,-0.03301286697387695,1
1789134950583202,0.015643000602722168,1
1789134950595202,0.06413328647613525,1
1789134950607202,-0.07114315032958984,1
1789134950607202,-0.07114315032958984,1
1789134950607202,-0.07114315032958984,1
1789134950607202,-0.07114315032958984,1
1789134950607202,-0.07114315032958984,1
1789134950655202,0.11897397041320801,1
1789134950667202,0.18973541259765625,1
1789134950667202,0.18973541259765625,1
1789134950667202,0.18973541259765625,1
1789134950667202,0.18973541259765625,1
1789134950667202,0.18973541259765625,1
1789134950715202,-0.18861007690429688,1
1789134950727202,-0.3319566249847412,1
1789134950727202,-0.3319566249847412,1
1789134950727202,-0.3319566249847412,1
1789134950727202,-0.3319566249847412,1
1789134950727202,-0.3319566249847412,1
1789134950775202,-0.010405302047729492,1
1789134950787202,0.0174027681350708,1
1789134950787202,0.0174027681350708,1
1789134950787202,0.0174027681350708,1
1789134950787202,0.0174027681350708,1
1789134950787202,0.0174027681350708,1
1789134950835202,-0.3000977039337158,1
1789134950847202,-0.3894929885864258,1
1789134950847202,-0.3894929885864258,1
1789134950847202,-0.3894929885864258,1
1789134950847202,-0.3894929885864258,1
1789134950883202,-0.11973142623901367,1
1789134950895202,0.07603204250335693,1
1789134950907202,0.1591958999633789,1
1789134950907202,0.1591958999633789,1
1789134950907357,0.1591958999633789,1
1789134950907357,0.1591958999633789,1
1789134950907357,0.1591958999633789,1
1789134950955357,-0.25214314460754395,1
1789134950967357,-0.34058618545532227,1
1789134950967357,-0.34058618545532227,1
1789134950967357,-0.34058618545532227,1
1789134950967357,-0.34058618545532227,1
1789134950967357,-0.34058618545532227,1
1789134951015357,0.044216275215148926,1
1789134951027357,0.09064674377441406,1
1789134951027357,0.09064674377441406,1
1789134951027357,0.09064674377441406,1
1789134951027357,0.09064674377441406,1
1789134951063357,-0.31790781021118164,1
1789134951075357,-0.37860560417175293,1
1789134951087357,-0.3174891471862793,1
1789134951087357,-0.3174891471862793,1
1789134951087357,-0.3174891471862793,1
1789134951111357,-0.0794825553894043,1
1789134951111357,-0.0794825553894043,1
1789134951135357,0.12572062015533447,1
1789134951147357,0.1603224277496338,1
1789134951147357,0.1603224277496338,1
1789134951147357,0.1603224277496338,1
1789134951147357,0.1603224277496338,1
1789134951147357,0.1603224277496338,1
1789134951195357,-0.30687618255615234,1
1789134951207357,-0.39864087104797363,1
1789134951207357,-0.39864087104797363,1
1789134951207357,-0.39864087104797363,1
1789134951207357,-0.39864087104797363,1
1789134951243357,-0.024008512496948242,1
1789134951255357,0.2286829948425293,1
1789134951267357,0.26386702060699463,1
1789134951267357,0.26386702060699463,1
1789134951267357,0.26386702060699463,1
1789134951267357,0.26386702060699463,1
1789134951267357,0.26386702060699463,1
1789134951315357,-0.20853734016418457,1
1789134951327357,-0.29466962814331055,1
1789134951327357,-0.29466962814331055,1
1789134951327357,-0.29466962814331055,1
1789134951327357,-0.29466962814331055,1
1789134951363357,-0.0486750602722168,1
1789134951375357,0.1656794548034668,1
1789134951387357,0.20689404010772705,1
1789134951387357,0.20689404010772705,1
1789134951387357,0.20689404010772705,1
1789134951387357,0.20689404010772705,1
1789134951387357,0.20689404010772705,1
1789134951435357,-0.2628188133239746,1
1789134951447357,-0.4020962715148926,1
1789134951447357,-0.4020962715148926,1
1789134951447357,-0.4020962715148926,1
1789134951447357,-0.4020962715148926,1
1789134951447357,-0.4020962715148926,1
1789134951495357,-0.06278204917907715,1
1789134951507357,0.03701484203338623,1
1789134951507357,0.03701484203338623,1
1789134951507357,0.03701484203338623,1
1789134951507357,0.03701484203338623,1
1789134951543357,0.10962700843811035,1
1789134951555357,0.035660505294799805,1
1789134951567357,-0.13614368438720703,1
1789134951567357,-0.13614368438720703,1
1789134951567357,-0.13614368438720703,1
1789134951567357,-0.13614368438720703,1
1789134951567357,-0.13614368438720703,1
1789134951615357,0.06700098514556885,1
1789134951627357,0.14461147785186768,1
1789134951627357,0.14461147785186768,1
1789134951627357,0.14461147785186768,1
1789134951627357,0.14461147785186768,1
1789134951627357,0.14461147785186768,1
1789134951675357,-0.2671372890472412,1
1789134951687357,-0.3535635471343994,1
1789134951687357,-0.3535635471343994,1
1789134951687357,-0.3535635471343994,1
1789134951687357,-0.3535635471343994,1
1789134951687357,-0.3535635471343994,1
1789134951735357,0.07712066173553467,1
1789134951747357,0.15132617950439453,1
1789134951747357,0.15132617950439453,1
1789134951747357,0.15132617950439453,1
1789134951771357,-0.09096646308898926,1
1789134951771357,-0.09096646308898926,1
1789134951795357,-0.20174336433410645,1
1789134951807357,-0.053659677505493164,1
1789134951807357,-0.053659677505493164,1
1789134951807357,-0.053659677505493164,1
1789134951807357,-0.053659677505493164,1
1789134951807357,-0.053659677505493164,1
1789134951855357,0.3450467586517334,1
1789134951867357,0.4241107702255249,1
1789134951867357,0.4241107702255249,1
1789134951867357,0.4241107702255249,1
1789134951867357,0.4241107702255249,1
1789134951903357,0.04766857624053955,1
1789134951915357,0.006909847259521484,1
1789134951927357,-0.07284879684448242,1
1789134951927513,-0.07284879684448242,1
1789134951927513,-0.07284879684448242,1
1789134951927513,-0.07284879684448242,1
1789134951963513,0.17322874069213867,1
1789134951975513,0.14314866065979004,1
1789134951987513,0.05836522579193115,1
1789134951987513,0.05836522579193115,1
1789134951987513,0.05836522579193115,1
1789134951987513,0.05836522579193115,1
1789134951987513,0.05836522579193115,1
1789134952035513,-0.32563090324401855,1
1789134952047513,-0.4674699306488037,1
1789134952047513,-0.4674699306488037,1
1789134952047513,-0.4674699306488037,1
1789134952047513,-0.4674699306488037,1
1789134952083513,-0.3201150894165039,1
1789134952095513,-0.12362051010131836,1
1789134952107513,-0.04802346229553223,1
1789134952107513,-0.04802346229553223,1
1789134952107513,-0.04802346229553223,1
1789134952107513,-0.04802346229553223,1
1789134952107513,-0.04802346229553223,1
1789134952155513,0.4590195417404175,1
1789134952167513,0.5008468627929688,1
1789134952167513,0.5008468627929688,1
1789134952167513,0.5008468627929688,1
1789134952167513,0.5008468627929688,1
1789134952203513,0.1572638750076294,1
1789134952215513,0.07096612453460693,1
1789134952227513,-0.03977656364440918,1
1789134952227513,-0.03977656364440918,1
1789134952227513,-0.03977656364440918,1
1789134952227513,-0.03977656364440918,1
1789134952227513,-0.03977656364440918,1
1789134952275513,0.08385348320007324,1
1789134952287513,0.1183626651763916,1
1789134952287513,0.1183626651763916,1
1789134952287513,0.1183626651763916,1
1789134952287513,0.1183626651763916,1
1789134952323513,-0.16545748710632324,1
1789134952335513,-0.24473309516906738,1
1789134952347513,-0.14303064346313477,1
1789134952347513,-0.14303064346313477,1
