timestamp,propeller_rpm
1789134801081013,0.0
1789134801091013,0.0
1789134801101013,0.0
1789134801113013,0.0
1789134801121013,0.0
1789134801129013,0.0
1789134801141013,0.0
1789134801151013,0.0
1789134801161013,0.0
1789134801173013,0.0
1789134801181013,0.0
1789134801191013,0.0
1789134801199013,0.0
1789134801211013,0.0
1789134801221013,0.0
1789134801233013,0.0
1789134801241177,0.0
1789134801245177,0.0
1789134801261177,0.0
1789134801269177,0.0
1789134801281177,0.0
1789134801293177,0.0
1789134801299177,0.0
1789134801311177,0.0
1789134801321177,0.0
1789134801329177,0.0
1789134801341177,0.0
1789134801353177,0.0
1789134801361177,0.0
1789134801365177,0.0
1789134801381177,0.0
1789134801391177,0.0
1789134801401177,0.0
1789134801411177,0.0
1789134801423177,0.0
1789134801431177,0.0
1789134801441177,0.0
1789134801451177,0.0
1789134801461177,0.0
1789134801473177,0.0
1789134801481177,0.0
1789134801491177,0.0
1789134801497177,0.0
1789134801511177,0.0
1789134801521177,0.0
1789134801533177,0.0
1789134801541177,0.0
1789134801551177,0.0
1789134801561177,0.0
1789134801571177,0.0
1789134801581177,0.0
1789134801593177,0.0
1789134801595177,0.0
1789134801611177,0.0
1789134801621177,0.0
1789134801629177,0.0
1789134801641177,0.0
1789134801653177,0.0
1789134801663177,0.0
1789134801671177,0.0
1789134801681177,0.0
1789134801691177,0.0
1789134801701177,0.0
1789134801713177,0.0
1789134801721177,0.0
1789134801727177,0.0
1789134801741177,0.0
1789134801751177,0.0
1789134801761177,0.0
1789134801773177,0.0
1789134801781177,0.0
1789134801791177,0.0
1789134801801177,0.0
1789134801811177,0.0
1789134801821177,0.0
1789134801833177,0.0
1789134801841177,0.0
1789134801851177,0.0
1789134801859177,0.0
1789134801871177,0.0
1789134801881177,0.0
1789134801893177,0.0
1789134801901177,0.0
1789134801911177,0.0
1789134801921177,0.0
1789134801929177,0.0
1789134801941177,0.0
1789134801953177,0.0
1789134801959177,0.0
1789134801971177,0.0
1789134801981177,0.0
1789134801991177,0.0
1789134802001177,0.0
1789134802013177,0.0
1789134802021177,0.0
1789134802025177,0.0
1789134802041177,0.0
1789134802051177,0.0
1789134802061177,0.0
1789134802073177,0.0
1789134802081177,0.0
1789134802091177,0.0
1789134802097177,0.0
1789134802111177,0.0
1789134802121177,0.0
1789134802133177,0.0
1789134802141177,0.0
1789134802151177,0.0
1789134802157177,0.0
1789134802171177,0.0
1789134802181177,0.0
1789134802193177,0.0
1789134802201177,0.0
1789134802211177,0.0
1789134802221177,0.0
1789134802231177,0.0
1789134802241177,0.0
1789134802253341,0.0
1789134802255341,0.0
1789134802271341,0.0
1789134802281341,0.0
1789134802289341,0.0
1789134802301341,0.0
1789134802313341,0.0
1789134802321341,0.0
1789134802329341,0.0
1789134802341341,0.0
1789134802351341,0.0
1789134802361341,0.0
1789134802373341,0.0
1789134802381341,0.0
1789134802387341,0.0
1789134802401341,0.0
1789134802411341,0.0
1789134802421341,0.0
1789134802433341,0.0
1789134802441341,0.0
1789134802451341,0.0
1789134802461341,0.0
1789134802471341,0.0
1789134802481341,0.0
1789134802493341,0.0
1789134802501341,0.0
1789134802511341,0.0
1789134802519341,0.0
1789134802529341,0.0
1789134802541341,0.0
1789134802553341,0.0
1789134802563341,0.0
1789134802571341,0.0
1789134802581341,0.0
1789134802591341,0.0
1789134802601341,0.0
1789134802613341,0.0
1789134802619341,0.0
1789134802631341,0.0
1789134802641341,0.0
1789134802651341,0.0
1789134802661341,0.0
1789134802673341,0.0
1789134802681341,0.0
1789134802685341,0.0
1789134802701341,0.0
1789134802711341,0.0
1789134802721341,0.0
1789134802733341,0.0
1789134802741341,0.0
1789134802751341,0.0
1789134802761341,0.0
1789134802771341,0.0
1789134802779341,0.0
1789134802793341,0.0
1789134802801341,0.0
1789134802811341,0.0
1789134802817341,0.0
1789134802831341,0.0
1789134802841341,0.0
1789134802853341,0.0
1789134802861341,0.0
1789134802871341,0.0
1789134802881341,0.0
1789134802891341,0.0
1789134802901341,0.0
1789134802913341,0.0
1789134802915341,0.0
1789134802929341,0.0
1789134802941341,0.0
1789134802949341,0.0
1789134802961341,0.0
1789134802973341,0.0
1789134802981341,0.0
1789134802991341,0.0
1789134803001341,0.0
1789134803011341,0.0
1789134803021341,0.0
1789134803033341,0.0
1789134803041341,0.0
1789134803047341,0.0
1789134803061341,0.0
1789134803071341,0.0
1789134803081341,0.0
1789134803093341,0.0
1789134803095341,0.0
1789134803111341,0.0
1789134803121341,0.0
1789134803129341,0.0
1789134803141341,0.0
1789134803153341,0.0
1789134803161341,0.0
1789134803171341,0.0
1789134803179341,0.0
1789134803191341,0.0
1789134803201341,0.0
1789134803213341,0.0
1789134803221341,0.0
1789134803231341,0.0
1789134803241341,0.0
1789134803251504,0.0
1789134803261504,0.0
1789134803273504,0.0
1789134803279504,0.0
1789134803291504,0.0
1789134803301504,0.0
1789134803311504,0.0
1789134803321504,0.0
1789134803333504,0.0
1789134803341504,0.0
1789134803345504,0.0
1789134803361504,0.0
1789134803371504,0.0
1789134803381504,0.0
1789134803391504,0.0
1789134803401504,0.0
1789134803411504,0.0
1789134803421504,0.0
1789134803431504,0.0
1789134803441504,0.0
1789134803453504,0.0
1789134803461504,0.0
1789134803471504,0.0
1789134803477504,0.0
1789134803491504,0.0
1789134803501504,0.0
1789134803513504,0.0
1789134803521504,0.0
1789134803529504,0.0
1789134803541504,0.0
1789134803551504,0.0
1789134803561504,0.0
1789134803573504,0.0
1789134803575504,0.0
1789134803591504,0.0
1789134803601504,0.0
1789134803609504,0.0
1789134803621504,0.0
1789134803633504,0.0
1789134803641504,0.0
1789134803651504,0.0
1789134803661504,0.0
1789134803671504,0.0
1789134803681504,0.0
1789134803693504,0.0
1789134803701504,0.0
1789134803707504,0.0
1789134803721504,0.0
1789134803729504,0.0
1789134803741504,0.0
1789134803753504,0.0
1789134803761504,0.0
1789134803771504,0.0
1789134803781504,0.0
1789134803791504,0.0
1789134803801504,0.0
1789134803813504,0.0
1789134803823504,0.0
1789134803831504,0.0
1789134803839504,0.0
1789134803851504,0.0
1789134803861504,0.0
1789134803873504,0.0
1789134803881504,0.0
1789134803891504,0.0
1789134803901504,0.0
1789134803911504,0.0
1789134803921504,0.0
1789134803933504,0.0
1789134803939504,0.0
1789134803951504,0.0
1789134803961504,0.0
1789134803971504,0.0
1789134803981504,0.0
1789134803993504,0.0
1789134804001504,0.0
1789134804005504,0.0
1789134804021504,0.0
1789134804031504,0.0
1789134804039504,0.0
1789134804053504,0.0
1789134804061504,0.0
1789134804071504,0.0
1789134804081504,0.0
1789134804091504,0.0
1789134804101504,0.0
1789134804113504,0.0
1789134804121504,0.0
1789134804129504,0.0
1789134804137504,0.0
1789134804151504,0.0
1789134804161504,0.0
1789134804173504,0.0
1789134804181504,0.0
1789134804191504,0.0
1789134804201504,0.0
1789134804211504,0.0
1789134804221504,0.0
1789134804233504,0.0
1789134804235504,0.0
1789134804251504,0.0
1789134804261667,0.0
1789134804269667,0.0
1789134804281667,0.0
1789134804293667,0.0
1789134804301667,0.0
1789134804311667,0.0
1789134804321667,0.0
1789134804329667,0.0
1789134804341667,0.0
1789134804353667,0.0
1789134804361667,0.0
1789134804367667,0.0
1789134804381667,0.0
1789134804391667,0.0
1789134804401667,0.0
1789134804413667,0.0
1789134804421667,0.0
1789134804431667,0.0
1789134804441667,0.0
1789134804451667,0.0
1789134804461667,0.0
1789134804473667,0.0
1789134804481667,0.0
1789134804491667,0.0
1789134804499667,0.0
1789134804511667,0.0
1789134804521667,0.0
1789134804533667,0.0
1789134804541667,0.0
1789134804551667,0.0
1789134804561667,0.0
1789134804569667,0.0
1789134804581667,0.0
1789134804593667,0.0
1789134804599667,0.0
1789134804611667,0.0
1789134804621667,0.0
1789134804631667,0.0
1789134804641667,0.0
1789134804653667,0.0
1789134804661667,0.0
1789134804665667,0.0
1789134804681667,0.0
1789134804691667,0.0
1789134804701667,0.0
1789134804713667,0.0
1789134804723667,0.0
1789134804729667,0.0
1789134804741667,0.0
1789134804751667,0.0
1789134804761667,0.0
1789134804773667,0.0
1789134804781667,0.0
1789134804791667,0.0
1789134804797667,0.0
1789134804811667,0.0
1789134804821667,0.0
1789134804833667,0.0
1789134804841667,0.0
1789134804847667,0.0
1789134804861667,0.0
1789134804871667,0.0
1789134804879667,0.0
1789134804893667,28.621124267578125
1789134804895667,28.628755569458008
1789134804911667,28.685392379760742
1789134804921667,28.723350524902344
1789134804929667,28.753868103027344
1789134804941667,28.79964256286621
1789134804953667,22.441442489624023
1789134804961667,22.465129852294922
1789134804971667,21.586490631103516
1789134804981667,21.61337661743164
1789134804991667,21.638587951660156
1789134805001667,16.4886417388916
1789134805013667,15.417037010192871
1789134805021667,15.433067321777344
1789134805027667,13.77595043182373
1789134805039667,13.795868873596191
1789134805051667,13.812825202941895
1789134805061667,13.830638885498047
1789134805073667,7.2026262283325195
1789134805081667,7.209786415100098
1789134805091667,6.096685886383057
1789134805101667,6.102731227874756
1789134805111667,6.107287406921387
1789134805121667,6.108867645263672
1789134805133667,-0.3103589415550232
1789134805141667,-0.3112448751926422
1789134805151667,-1.9603112936019897
1789134805159667,-1.9630883932113647
1789134805171667,-1.9651821851730347
1789134805181667,1.2505449056625366
1789134805193667,3.409911632537842
1789134805201667,3.4130024909973145
1789134805211667,4.303216934204102
1789134805221667,4.307480812072754
1789134805231667,4.31072998046875
1789134805241667,4.315773963928223
1789134805253667,-1.623207688331604
1789134805259830,-1.6249361038208008
1789134805265830,-3.961580276489258
1789134805281830,-3.971717119216919
1789134805291830,-3.9767167568206787
1789134805301830,-3.982708215713501
1789134805313830,-0.01211355347186327
1789134805321830,-0.01266487780958414
1789134805325830,0.7097150087356567
1789134805341830,0.7133080363273621
1789134805351830,0.716973602771759
1789134805361830,5.988100051879883
1789134805373830,6.519547462463379
1789134805381830,6.525942802429199
1789134805391830,3.984003782272339
1789134805401830,3.9875826835632324
1789134805411830,3.9892191886901855
1789134805421830,0.0768115222454071
1789134805433830,-1.0841537714004517
1789134805441830,-1.0858863592147827
1789134805451830,-0.024753635749220848
1789134805457830,-0.02520357444882393
1789134805471830,-0.02063560113310814
1789134805481830,-0.021385500207543373
1789134805493830,6.693644046783447
1789134805503830,8.867977142333984
1789134805511830,8.876847267150879
1789134805521830,8.88740062713623
1789134805529830,8.896270751953125
1789134805541830,8.909575462341309
1789134805553830,1.4182415008544922
1789134805555830,1.4184582233428955
1789134805571830,0.2104339301586151
1789134805581830,0.20921403169631958
1789134805589830,0.20879340171813965
1789134805601830,0.20816245675086975
1789134805613830,2.845165967941284
1789134805621830,2.847557783126831
1789134805631830,5.041374683380127
1789134805641830,5.046750545501709
1789134805651830,5.048692226409912
1789134805661830,0.24308770895004272
1789134805673830,-1.0827276706695557
1789134805681830,-1.0845431089401245
1789134805687830,-0.2644917368888855
1789134805701830,-0.26297301054000854
1789134805711830,-0.260358989238739
1789134805721830,-0.2615339756011963
1789134805733830,6.530052185058594
1789134805743830,8.712259292602539
1789134805751830,8.720880508422852
1789134805761830,8.731115341186523
1789134805771830,8.737896919250488
1789134805781830,3.7494795322418213
1789134805793830,1.6199802160263062
1789134805801830,1.620997667312622
1789134805811830,0.4061299264431
1789134805819830,0.40568262338638306
1789134805831830,0.4058941602706909
1789134805841830,0.4055466651916504
1789134805853830,4.452523231506348
1789134805861830,4.456559181213379
1789134805871830,6.658079624176025
1789134805881830,6.6655426025390625
1789134805889830,2.982841968536377
1789134805901830,2.9865057468414307
1789134805913830,0.07172466814517975
1789134805919830,0.07122258096933365
1789134805929830,-0.9285789728164673
1789134805941830,-0.931032121181488
1789134805951830,-0.9320284724235535
1789134805961830,-0.9341954588890076
1789134805973830,3.771665096282959
1789134805981830,3.7749524116516113
1789134805985830,5.846912384033203
1789134806001830,5.856774806976318
1789134806011830,5.859681129455566
1789134806021830,0.8184226751327515
1789134806033830,-0.32585665583610535
1789134806039830,-0.326686292886734
1789134806051830,1.720476508140564
1789134806061830,1.723796010017395
1789134806071830,1.7286276817321777
1789134806081830,1.729972243309021
1789134806093830,5.0827226638793945
1789134806103830,5.029333591461182
1789134806111830,5.033919334411621
1789134806117830,5.036860942840576
1789134806129830,5.039595127105713
1789134806141830,0.850027322769165
1789134806153830,-0.2258969098329544
1789134806161830,-0.2269306182861328
1789134806171830,0.7947512865066528
1789134806181830,0.796707034111023
1789134806191830,0.8006294965744019
1789134806201830,0.8006994724273682
1789134806213830,7.654473304748535
1789134806215830,7.656314849853516
1789134806231830,9.829110145568848
1789134806241830,9.840662002563477
1789134806249830,9.850323677062988
1789134806261830,9.864815711975098
1789134806273993,2.1473844051361084
1789134806281993,2.148800849914551
1789134806291993,1.0057177543640137
1789134806301993,1.0053436756134033
1789134806311993,1.005049705505371
1789134806321993,2.64447021484375
1789134806333993,3.1288399696350098
1789134806341993,3.1312971115112305
1789134806347993,0.8492337465286255
1789134806361993,0.8478255271911621
1789134806371993,0.8478332161903381
1789134806381993,0.8478620052337646
1789134806393993,4.000807762145996
1789134806401993,4.004193305969238
1789134806411993,5.196518421173096
1789134806421993,5.201593399047852
1789134806431993,5.204927444458008
1789134806441993,5.21074104309082
1789134806453993,-0.4322921335697174
1789134806461993,-0.4336630702018738
1789134806471993,-2.5637006759643555
1789134806479993,-2.56758975982666
1789134806491993,-2.571730136871338
1789134806501993,-0.5670502781867981
1789134806513993,1.7510638236999512
1789134806521993,1.7520413398742676
1789134806529993,2.696882963180542
1789134806541993,2.7009003162384033
1789134806551993,2.7031075954437256
1789134806561993,2.7055869102478027
1789134806573993,-0.6081826686859131
1789134806579993,-0.6093478202819824
1789134806591993,-2.880424976348877
1789134806601993,-2.885453939437866
1789134806611993,-2.8891489505767822
1789134806621993,-0.6546861529350281
1789134806631993,1.6917495727539062
1789134806643993,3.460493564605713
1789134806645993,3.4611945152282715
1789134806661993,3.466813802719116
1789134806671993,3.468785285949707
1789134806681993,0.4134100675582886
1789134806693993,-0.408234566450119
1789134806701993,-0.40956759452819824
1789134806711993,1.9749109745025635
1789134806721993,1.9772688150405884
1789134806729993,1.9784774780273438
1789134806741993,-0.46134987473487854
1789134806753993,-0.33196157217025757
1789134806761993,-0.3332149088382721
1789134806771993,0.8133447170257568
1789134806777993,0.8133220672607422
1789134806791993,0.8190275430679321
1789134806801993,0.8189896941184998
1789134806813993,7.67948579788208
1789134806821993,7.686769962310791
1789134806831993,9.689096450805664
1789134806841993,9.700465202331543
1789134806851993,9.70870304107666
1789134806861993,5.187219142913818
1789134806873993,3.518495559692383
1789134806875993,3.519192934036255
1789134806891993,2.5846729278564453
1789134806901993,2.5853307247161865
1789134806909993,2.5871188640594482
1789134806921993,2.5898008346557617
1789134806933993,-3.531179189682007
1789134806941993,-3.535919666290283
1789134806951993,-5.734827518463135
1789134806961993,-5.7439093589782715
1789134806971993,-5.75144100189209
1789134806981993,-3.2349607944488525
1789134806993993,-0.9244140982627869
1789134807003993,0.8515827059745789
1789134807007993,0.8515738844871521
1789134807021993,0.8547491431236267
1789134807031993,0.8577205538749695
1789134807041993,3.88356351852417
1789134807053993,5.012741565704346
1789134807061993,5.017149448394775
1789134807071993,3.4672839641571045
1789134807081993,3.4697184562683105
1789134807091993,3.4699654579162598
1789134807101993,-0.317376971244812
1789134807113993,-0.15814626216888428
1789134807123993,-0.34406521916389465
1789134807129993,-0.34505075216293335
1789134807139993,-0.3451053202152252
1789134807151993,-0.3438420295715332
1789134807161993,-0.3454846143722534
1789134807173993,1.4442270994186401
1789134807181993,1.4448237419128418
1789134807191993,3.4619152545928955
1789134807201993,3.4661452770233154
1789134807211993,3.468338966369629
1789134807221993,3.4717698097229004
1789134807233993,-0.6535276174545288
1789134807243993,-1.8426003456115723
1789134807251993,-1.8455249071121216
1789134807261993,-1.849685788154602
1789134807272156,-1.853132963180542
1789134807282156,-1.8567887544631958
1789134807294156,1.5768117904663086
1789134807304156,3.7923502922058105
1789134807306156,3.793126106262207
1789134807322156,3.7995452880859375
1789134807330156,3.8026485443115234
1789134807342156,0.09281479567289352
1789134807352156,-1.949934959411621
1789134807364156,-1.9174821376800537
1789134807372156,-1.9204730987548828
1789134807382156,-1.9229440689086914
1789134807392156,-1.922304391860962
1789134807402156,-1.9260432720184326
1789134807414156,4.952670574188232
1789134807422156,4.957019805908203
1789134807432156,7.392047882080078
1789134807438156,7.397250652313232
1789134807452156,7.403248310089111
1789134807462156,2.313573122024536
1789134807474156,0.9956530928611755
1789134807482156,0.9957489967346191
1789134807492156,0.9135715961456299
1789134807502156,0.914695143699646
1789134807512156,0.917333722114563
1789134807522156,0.9173439741134644
1789134807534156,6.791409015655518
1789134807536156,6.792976379394531
1789134807552156,9.126092910766602
1789134807562156,9.1365327835083
1789134807570156,9.145273208618164
1789134807582156,9.158384323120117
1789134807594156,1.6684259176254272
1789134807602156,1.6691652536392212
1789134807612156,1.0289756059646606
1789134807622156,1.0280683040618896
1789134807632156,1.0291789770126343
1789134807642156,4.52410888671875
1789134807654156,5.056730270385742
1789134807662156,5.061073303222656
1789134807668156,2.7325425148010254
1789134807682156,2.7344727516174316
1789134807692156,2.7340102195739746
1789134807702156,-1.0056216716766357
1789134807714156,-2.0934877395629883
1789134807722156,-2.0967745780944824
1789134807730156,-1.0725326538085938
1789134807742156,-1.073617935180664
1789134807752156,-1.0728123188018799
1789134807762156,-1.0755523443222046
1789134807774156,1.463624358177185
1789134807782156,1.464142084121704
1789134807792156,3.9845569133758545
1789134807800156,3.9885976314544678
1789134807812156,3.9913527965545654
1789134807822156,1.3879499435424805
1789134807834156,-0.7302595376968384
1789134807842156,-0.7320961356163025
1789134807848156,-0.86238032579422
1789134807862156,-0.8623120188713074
1789134807870156,2.837006092071533
1789134807882156,2.8399641513824463
1789134807894156,1.158294916152954
1789134807900156,1.1584266424179077
1789134807912156,-1.0321438312530518
1789134807922156,-1.034510850906372
1789134807930156,-1.0366685390472412
1789134807942156,1.801600694656372
1789134807954156,3.1272475719451904
1789134807962156,3.129530906677246
1789134807966156,3.431731700897217
1789134807982156,3.435194253921509
1789134807992156,3.435962438583374
1789134808002156,0.21215420961380005
1789134808014156,0.6840848922729492
1789134808022156,0.6837531328201294
1789134808032156,0.06096263974905014
1789134808040156,0.06071319431066513
1789134808052156,0.06309095770120621
1789134808062156,4.053665637969971
1789134808074156,4.480194568634033
1789134808082156,4.483903884887695
1789134808092156,3.258531093597412
1789134808098156,3.2603304386138916
1789134808112156,3.259711503982544
1789134808122156,3.2627103328704834
1789134808134156,-2.931586503982544
1789134808142156,-2.9357948303222656
1789134808152156,-5.146040916442871
1789134808162156,-5.1544508934021
1789134808172156,-5.160140037536621
1789134808182156,-5.168336391448975
1789134808194156,0.35376793146133423
1789134808196156,0.35360345244407654
1789134808212156,1.4748536348342896
1789134808222156,1.477400302886963
1789134808230156,1.4779373407363892
1789134808242156,1.4787424802780151
1789134808254156,8.226560592651367
1789134808262156,8.234292984008789
1789134808272156,9.711874961853027
1789134808282318,9.722709655761719
1789134808292318,9.731277465820312
1789134808300318,4.990273952484131
1789134808314318,3.304776430130005
1789134808324318,2.20821213722229
1789134808328318,2.208838701248169
1789134808342318,2.208582639694214
1789134808352318,2.2077596187591553
1789134808362318,2.2093260288238525
1789134808374318,-0.2993752360343933
1789134808382318,-0.30079925060272217
1789134808392318,-0.34266772866249084
1789134808402318,-0.34404125809669495
1789134808412318,-0.3428538739681244
1789134808422318,3.532416582107544
1789134808434318,5.697375297546387
1789134808442318,5.702343940734863
1789134808452318,4.006047248840332
1789134808460318,4.00737190246582
1789134808472318,4.0079522132873535
1789134808482318,4.011896133422852
1789134808494318,-1.3708415031433105
1789134808502318,-1.3734314441680908
1789134808512318,-4.292089939117432
1789134808522318,-4.299127101898193
1789134808530318,-3.360568046569824
1789134808542318,-3.3676013946533203
1789134808554318,0.7169128060340881
1789134808564318,1.7690473794937134
1789134808572318,1.7698436975479126
1789134808582318,1.7723606824874878
1789134808592318,1.775373935699463
1789134808602318,1.7763690948486328
1789134808614318,3.643547773361206
1789134808622318,3.646333932876587
1789134808626318,3.9303677082061768
1789134808642318,3.934992551803589
1789134808652318,3.935483455657959
1789134808662318,-0.40043219923973083
1789134808674318,-1.6863371133804321
1789134808682318,-1.6892437934875488
1789134808692318,-0.8991665840148926
1789134808702318,-0.8999146223068237
1789134808712318,-0.898762047290802
1789134808722318,-0.901338517665863
1789134808734318,5.745822429656982
1789134808742318,5.750851154327393
1789134808752318,7.801000595092773
1789134808758318,7.806405067443848
1789134808772318,7.813050746917725
1789134808782318,2.8316197395324707
1789134808794318,1.2540786266326904
1789134808802318,1.2542808055877686
1789134808812318,-0.483589768409729
1789134808822318,-0.4856606721878052
1789134808832318,-0.48714202642440796
1789134808842318,-0.4892037510871887
1789134808854318,3.1621909141540527
1789134808856318,3.162752151489258
1789134808872318,5.312317848205566
1789134808882318,5.3174519538879395
1789134808890318,5.321979522705078
1789134808900318,0.5217683911323547
1789134808914318,-0.9421914219856262
1789134808922318,-0.9443468451499939
1789134808930318,-0.5184865593910217
1789134808942318,-0.5193095207214355
1789134808952318,-0.51845383644104
1789134808962318,4.384253025054932
1789134808974318,4.916153430938721
1789134808982318,4.920242786407471
1789134808988318,2.4105567932128906
1789134809002318,2.4113597869873047
1789134809012318,2.4098546504974365
1789134809022318,-1.7788976430892944
1789134809034318,-4.0031962394714355
1789134809040318,-4.007262706756592
1789134809052318,-4.030561923980713
1789134809062318,-4.036093235015869
1789134809072318,-4.0400543212890625
1789134809082318,-4.046851634979248
1789134809094318,1.6470664739608765
1789134809102318,1.6477060317993164
1789134809112318,3.8212642669677734
1789134809120318,3.8249967098236084
1789134809130318,3.8286890983581543
1789134809142318,3.833120346069336
1789134809154318,-1.05618155002594
1789134809162318,-1.0584460496902466
1789134809172318,-2.3074543476104736
1789134809182318,-2.3123676776885986
1789134809192318,-2.315497875213623
1789134809202318,-2.3199877738952637
1789134809214318,1.8919062614440918
1789134809220318,1.892585277557373
1789134809232318,4.020605564117432
1789134809242318,4.024130344390869
1789134809252318,4.024257659912109
1789134809262318,-0.8185208439826965
1789134809274318,-1.9800080060958862
1789134809282481,-1.9832391738891602
1789134809286481,-1.5021913051605225
1789134809302481,-1.5027844905853271
1789134809312481,-1.5017279386520386
1789134809322481,4.116410255432129
1789134809334481,4.478208541870117
1789134809342481,4.481865882873535
1789134809352481,1.9922895431518555
1789134809362481,1.9925427436828613
1789134809372481,1.9913723468780518
1789134809382481,-0.30074238777160645
1789134809394481,0.43014219403266907
1789134809402481,0.42947980761528015
1789134809412481,1.495496392250061
1789134809418481,1.495851993560791
1789134809432481,1.5022659301757812
1789134809442481,1.5028584003448486
1789134809454481,7.030357360839844
1789134809462481,7.036723613739014
1789134809472481,6.9370036125183105
1789134809482481,6.944090366363525
1789134809492481,6.948309898376465
1789134809502481,6.9561238288879395
1789134809514481,0.8021518588066101
1789134809516481,0.8020715713500977
1789134809530481,-0.3516930639743805
1789134809542481,-0.3549008071422577
1789134809550481,-0.356449693441391
1789134809562481,-0.35877281427383423
1789134809574481,2.8665695190429688
1789134809582481,2.868462562561035
1789134809592481,5.038389682769775
1789134809602481,5.043107032775879
1789134809612481,5.044365406036377
1789134809622481,0.38181212544441223
1789134809634481,-1.010358214378357
1789134809642481,-1.0126144886016846
1789134809648481,0.32301366329193115
1789134809662481,0.32468265295028687
1789134809672481,0.32749709486961365
1789134809682481,0.32645848393440247
1789134809694481,7.169923305511475
1789134809702481,7.1763916015625
1789134809712481,9.31169605255127
1789134809722481,9.322362899780273
1789134809730481,9.331096649169922
1789134809742481,4.703047752380371
1789134809754481,2.915639877319336
1789134809762481,2.9175164699554443
1789134809772481,1.9215434789657593
1789134809780481,1.9211457967758179
1789134809792481,1.9216152429580688
1789134809802481,1.9226313829421997
1789134809814481,2.85545015335083
1789134809822481,2.8572564125061035
1789134809832481,2.8948891162872314
1789134809842481,2.8964548110961914
1789134809850481,-0.19185210764408112
1789134809862481,-0.19402752816677094
1789134809874481,0.3200647234916687
1789134809884481,1.3811191320419312
1789134809892481,1.3813518285751343
1789134809902481,1.3834172487258911
1789134809912481,1.3872885704040527
1789134809922481,1.3903905153274536
1789134809932481,5.119710445404053
1789134809944481,7.232104301452637
1789134809946481,7.233717918395996
1789134809962481,7.245721817016602
1789134809972481,7.249790191650391
1789134809982481,2.2904365062713623
1789134809994481,0.9080466032028198
1789134810002481,0.9077314138412476
1789134810012481,-1.1928291320800781
1789134810022481,-1.1959418058395386
1789134810032481,-1.1981792449951172
1789134810042481,1.792277216911316
1789134810054481,2.858567953109741
1789134810062481,2.8603436946868896
1789134810072481,3.101097822189331
1789134810078481,3.1026203632354736
1789134810092481,3.10125470161438
1789134810102481,3.103792667388916
1789134810114481,-3.2996761798858643
1789134810122481,-3.304476261138916
1789134810130481,-4.420868396759033
1789134810142481,-4.430786609649658
1789134810152481,-4.437604904174805
1789134810162481,-4.445085525512695
1789134810172481,-0.65129554271698
1789134810182481,-0.6537143588066101
1789134810192481,1.466524362564087
1789134810202481,1.4677695035934448
1789134810210481,1.4711169004440308
1789134810222481,6.304023265838623
1789134810234481,6.688999176025391
1789134810242481,6.694877624511719
1789134810252481,5.435216903686523
1789134810262481,5.439075946807861
1789134810272481,5.441383361816406
1789134810282481,0.04873894900083542
1789134810294644,-1.0447920560836792
1789134810302644,-1.047181248664856
1789134810308644,-1.9243332147598267
1789134810322644,-1.9284985065460205
1789134810330644,-1.9318205118179321
1789134810342644,-1.9368035793304443
1789134810354644,4.094506740570068
1789134810362644,4.097621440887451
1789134810372644,5.101919651031494
1789134810382644,5.106443881988525
1789134810392644,5.109256267547607
1789134810402644,5.1144819259643555
1789134810414644,-0.40977248549461365
1789134810422644,-0.4114864468574524
1789134810432644,-2.4051976203918457
1789134810440644,-2.4092655181884766
1789134810452644,-2.4122848510742188
1789134810462644,0.7433578372001648
1789134810474644,2.7179794311523438
1789134810484644,3.7938449382781982
1789134810492644,3.7966294288635254
1789134810502644,3.799433708190918
1789134810510644,2.0122158527374268
1789134810522644,2.0122814178466797
1789134810532644,1.5147629976272583
1789134810544644,0.8730961680412292
1789134810552644,0.8727560639381409
1789134810562644,0.8730413913726807
1789134810572644,0.8757432103157043
1789134810582644,4.547557353973389
1789134810594644,4.8982744216918945
1789134810602644,4.902216911315918
1789134810606644,3.6456470489501953
1789134810622644,3.647259473800659
1789134810632644,3.6465201377868652
1789134810642644,1.097672700881958
1789134810654644,1.5602003335952759
1789134810662644,1.5605733394622803
1789134810672644,1.498287320137024
1789134810682644,1.4995143413543701
1789134810692644,1.5019949674606323
1789134810702644,1.5036872625350952
1789134810714644,0.35239434242248535
1789134810722644,0.35147228837013245
1789134810730644,0.45646607875823975
1789134810738644,0.4556570053100586
1789134810752644,0.4593743085861206
1789134810762644,0.458362877368927
1789134810774644,2.417818069458008
1789134810782644,2.4190993309020996
1789134810792644,3.878708600997925
1789134810802644,3.881683588027954
1789134810812644,3.882280111312866
1789134810822644,-0.7717128992080688
1789134810834644,-2.0181660652160645
1789134810836644,-2.0190300941467285
1789134810848644,-1.3530930280685425
1789134810862644,-1.3556568622589111
1789134810870644,-1.3583978414535522
1789134810882644,-1.3625091314315796
1789134810894644,4.949459075927734
1789134810902644,4.953453063964844
1789134810912644,6.966023921966553
1789134810922644,6.973004341125488
1789134810930644,6.979137420654297
1789134810942644,1.6409729719161987
1789134810954644,0.06640110909938812
1789134810962644,0.0651550218462944
1789134810968644,1.7503215074539185
1789134810982644,1.7544300556182861
1789134810992644,1.7581026554107666
1789134811002644,1.7587913274765015
1789134811014644,5.279644012451172
1789134811022644,5.2839484214782715
1789134811032644,5.550384998321533
1789134811040644,5.554271221160889
1789134811052644,5.556693077087402
1789134811062644,0.8683391213417053
1789134811074644,-0.13970255851745605
1789134811082644,-0.14119651913642883
1789134811092644,0.03660782054066658
1789134811100644,0.037735797464847565
1789134811112644,0.04133061319589615
1789134811122644,0.03970246762037277
1789134811134644,7.512112140655518
1789134811142644,7.518777847290039
1789134811152644,9.981470108032227
1789134811162644,9.992481231689453
1789134811170644,6.229905128479004
1789134811182644,6.237794399261475
1789134811194644,3.533825635910034
1789134811200644,3.5356011390686035
1789134811212644,3.436544179916382
1789134811222644,3.437572717666626
1789134811232644,3.436831474304199
1789134811242644,3.4396541118621826
1789134811254644,-1.9490240812301636
1789134811262644,-1.952515959739685
1789134811266644,-3.6084866523742676
1789134811282644,-3.61950945854187
1789134811292806,-3.625288486480713
1789134811302806,-2.296680450439453
1789134811314806,-0.24149513244628906
1789134811322806,-0.24312983453273773
1789134811330806,1.4325073957443237
1789134811342806,1.4344030618667603
1789134811352806,1.4373729228973389
1789134811362806,1.437563419342041
1789134811374806,3.449599027633667
1789134811382806,3.4518966674804688
1789134811392806,4.588874340057373
1789134811398806,4.591504096984863
1789134811412806,4.592616558074951
1789134811422806,4.596999168395996
1789134811434806,-1.8839472532272339
1789134811442806,-1.8873562812805176
1789134811452806,-3.0182788372039795
1789134811462806,-3.024690628051758
1789134811472806,-3.0298476219177246
1789134811482806,-3.035609245300293
1789134811494806,0.709740161895752
1789134811504806,2.7037365436553955
1789134811512806,2.705254316329956
1789134811522806,2.7082149982452393
1789134811530806,2.709733009338379
1789134811542806,1.5350583791732788
1789134811554806,-0.35441410541534424
1789134811564806,-0.25629672408103943
1789134811572806,-0.2579418122768402
1789134811582806,-0.2588586211204529
1789134811592806,-0.25831761956214905
1789134811600806,0.8917907476425171
1789134811614806,0.2718755304813385
1789134811622806,0.2707979381084442
1789134811628806,2.183234453201294
1789134811642806,2.186399459838867
1789134811652806,2.1866071224212646
1789134811662806,0.2970982789993286
1789134811672806,2.056016206741333
1789134811684806,3.1292881965637207
1789134811692806,3.1312530040740967
1789134811702806,3.133004665374756
1789134811712806,3.133211135864258
1789134811722806,3.135666847229004
1789134811734806,-2.448882818222046
1789134811742806,-2.452873468399048
1789134811750806,-4.666828155517578
1789134811760806,-4.67506742477417
1789134811772806,-4.682882308959961
1789134811782806,-4.690814018249512
1789134811794806,0.4915315508842468
1789134811802806,0.49072274565696716
1789134811812806,2.1252148151397705
1789134811822806,2.1272153854370117
1789134811832806,2.1283786296844482
1789134811842806,2.1295454502105713
1789134811854806,-0.9549534916877747
1789134811860806,-0.9567201137542725
1789134811872806,-2.7933173179626465
1789134811882806,-2.7988522052764893
1789134811892806,-2.8023223876953125
1789134811902806,0.10177963227033615
1789134811914806,2.2376065254211426
1789134811922806,2.2386794090270996
1789134811926806,3.313554048538208
1789134811942806,3.31658673286438
1789134811952806,3.3171825408935547
1789134811962806,-0.9315064549446106
1789134811974806,-1.6808865070343018
1789134811982806,-1.6839962005615234
1789134811992806,0.5548893809318542
1789134812002806,0.5548001527786255
1789134812012806,0.5579531788825989
1789134812022806,5.45545768737793
1789134812034806,5.919353008270264
1789134812040806,5.923093795776367
1789134812052806,4.686212062835693
1789134812058806,4.688959121704102
1789134812072806,4.690300464630127
1789134812082806,4.694878578186035
1789134812094806,-1.8304681777954102
1789134812104806,-3.916402578353882
1789134812112806,-3.921922445297241
1789134812122806,-3.929039716720581
1789134812130806,-3.9345600605010986
1789134812142806,0.18076109886169434
1789134812154806,2.351598024368286
1789134812156806,2.351896047592163
1789134812172806,3.4818477630615234
1789134812182806,3.484110116958618
1789134812190806,3.486502170562744
1789134812202806,3.4900898933410645
1789134812214806,-1.9452584981918335
1789134812222806,-1.9486666917800903
1789134812232806,-4.072298049926758
1789134812242806,-4.07957124710083
1789134812252806,-4.0864176750183105
1789134812262806,-1.1139004230499268
1789134812274806,1.1061358451843262
1789134812282806,1.1060172319412231
1789134812288806,2.1334428787231445
1789134812302968,2.1371350288391113
1789134812312968,2.1386117935180664
1789134812322968,2.1398322582244873
1789134812334968,-0.9132891893386841
1789134812342968,-0.9155691862106323
1789134812352968,-2.1099889278411865
1789134812362968,-2.1143388748168945
1789134812372968,-2.1171510219573975
1789134812382968,-2.1184751987457275
1789134812394968,3.1214864253997803
1789134812402968,3.1235272884368896
1789134812412968,3.645314931869507
1789134812420968,3.6474251747131348
1789134812432968,3.648768186569214
1789134812442968,3.652010917663574
1789134812454968,-1.7877769470214844
1789134812462968,-1.7909877300262451
1789134812472968,-4.007633209228516
1789134812482968,-4.014827728271484
1789134812492968,-4.019537925720215
1789134812502968,-4.026497840881348
1789134812514968,1.6809675693511963
1789134812520968,1.6813631057739258
1789134812530968,2.988692045211792
1789134812542968,2.992082118988037
1789134812552968,2.99355411529541
1789134812562968,2.99595308303833
1789134812574968,-1.0658844709396362
1789134812582968,-1.068299651145935
1789134812586968,-3.2920639514923096
1789134812602968,-3.301910400390625
1789134812612968,-3.3062446117401123
1789134812620968,-0.4130266606807709
1789134812634968,1.9626175165176392
1789134812642968,1.9634590148925781
1789134812652968,3.065364122390747
1789134812662968,3.067157506942749
1789134812672968,3.0674939155578613
1789134812682968,3.0700113773345947
1789134812694968,-2.278472423553467
1789134812702968,-2.282165050506592
1789134812712968,-4.500770568847656
1789134812718968,-4.505308628082275
1789134812730968,-4.51438570022583
1789134812742968,-2.1817963123321533
1789134812754968,-0.012648442760109901
1789134812762968,-0.0138855604454875
1789134812772968,1.7204514741897583
1789134812782968,1.722306728363037
1789134812792968,1.7236696481704712
1789134812802968,1.7244348526000977
1789134812814968,2.129948139190674
1789134812816968,2.130208969116211
1789134812832968,2.7273194789886475
1789134812842968,2.728754997253418
1789134812850968,2.7304317951202393
1789134812862968,-0.8587852716445923
1789134812874968,-1.8133695125579834
1789134812884968,-0.46591758728027344
1789134812892968,-0.4676421880722046
1789134812902968,-0.46785804629325867
1789134812912968,-0.46597975492477417
1789134812922968,2.542728900909424
1789134812934968,3.562817096710205
1789134812942968,3.5653865337371826
1789134812948968,2.0540504455566406
1789134812962968,2.0540637969970703
1789134812972968,2.052320718765259
1789134812982968,-1.1821552515029907
1789134812994968,-0.31036755442619324
1789134813002968,-0.31192582845687866
1789134813012968,0.0539059154689312
1789134813022968,0.05345014110207558
1789134813032968,0.05527273565530777
1789134813040968,0.9616100192070007
1789134813054968,0.3814607262611389
1789134813062968,0.38064315915107727
1789134813072968,2.4340415000915527
1789134813080968,2.436025619506836
1789134813092968,2.4363818168640137
1789134813102968,0.41657599806785583
1789134813114968,0.592424750328064
1789134813122968,0.5918298363685608
1789134813130968,0.34864145517349243
1789134813142968,0.34967780113220215
1789134813152968,0.3521045744419098
1789134813162968,0.3521958589553833
1789134813172968,0.5749930143356323
1789134813184968,1.8892673254013062
1789134813192968,1.8900545835494995
1789134813202968,1.892006516456604
1789134813212968,1.8918867111206055
1789134813222968,-0.01968182995915413
1789134813234968,0.8740769624710083
1789134813244968,1.1744195222854614
1789134813246968,1.1744256019592285
1789134813262968,1.1778655052185059
1789134813272968,1.1814208030700684
1789134813282968,3.9971799850463867
1789134813292968,3.144202709197998
1789134813304968,1.3951882123947144
1789134813307131,1.3952497243881226
1789134813323131,1.3942726850509644
1789134813331131,1.3945180177688599
1789134813343131,2.9487545490264893
1789134813355131,3.502533197402954
1789134813363131,3.5050222873687744
1789134813373131,2.2880918979644775
1789134813379131,2.2889838218688965
1789134813393131,2.286200523376465
1789134813403131,2.282144546508789
1789134813415131,-3.8627309799194336
1789134813425131,-5.779576778411865
1789134813433131,-5.786977291107178
1789134813443131,-5.796412467956543
1789134813453131,-5.805340766906738
1789134813463131,-5.814590930938721
1789134813475131,-1.5167126655578613
1789134813477131,-1.517413854598999
1789134813493131,-0.257315993309021
1789134813503131,-0.2570778429508209
1789134813511131,-0.258536159992218
1789134813523131,-0.260723739862442
1789134813535131,6.975445747375488
1789134813543131,6.981704235076904
1789134813553131,9.258261680603027
1789134813563131,9.268589973449707
1789134813573131,9.27645492553711
1789134813583131,4.743728160858154
1789134813595131,3.1590139865875244
1789134813605131,2.108492612838745
1789134813609131,2.108999252319336
1789134813623131,2.1086645126342773
1789134813633131,2.106820583343506
1789134813643131,2.1080873012542725
1789134813655131,-1.3301867246627808
1789134813663131,-1.332841396331787
1789134813673131,-1.692883849143982
1789134813683131,-1.696567177772522
1789134813693131,-1.6978691816329956
1789134813703131,2.4021952152252197
1789134813715131,2.8588826656341553
1789134813723131,2.8607065677642822
1789134813731131,1.6135032176971436
1789134813741131,1.6119322776794434
1789134813753131,1.6111043691635132
1789134813763131,1.6117205619812012
1789134813775131,3.827732801437378
1789134813783131,3.8305881023406982
1789134813793131,6.018369674682617
1789134813803131,6.024325370788574
1789134813813131,6.026942253112793
1789134813823131,6.033419609069824
1789134813833131,-0.6604312658309937
1789134813841131,-0.6623866558074951
1789134813849131,-1.6662510633468628
1789134813863131,-1.6726278066635132
1789134813873131,-1.6751664876937866
1789134813883131,-1.6789453029632568
1789134813895131,3.1950843334198
1789134813903131,3.1972639560699463
1789134813907131,5.316074371337891
1789134813923131,5.324090003967285
1789134813931131,5.325551986694336
1789134813941131,0.3559175133705139
1789134813955131,-1.1021969318389893
1789134813963131,-1.1046185493469238
1789134813973131,0.13468506932258606
1789134813983131,0.13521988689899445
1789134813993131,0.13771404325962067
1789134814003131,0.1363411694765091
1789134814015131,6.934265613555908
1789134814023131,6.940418720245361
1789134814033131,9.181158065795898
1789134814039131,9.187556266784668
1789134814053131,9.196396827697754
1789134814063131,4.124845504760742
1789134814075131,2.5339086055755615
1789134814083131,2.5353217124938965
1789134814093131,1.9155662059783936
1789134814103131,1.9151571989059448
1789134814113131,1.9153847694396973
1789134814123131,1.9163243770599365
1789134814135131,4.537917137145996
1789134814137131,4.538803577423096
1789134814153131,5.04608154296875
1789134814163131,5.050455093383789
1789134814171131,5.054533004760742
1789134814181131,0.6335313320159912
1789134814193131,-0.7173946499824524
1789134814203131,-0.719992995262146
1789134814213131,-0.12706655263900757
1789134814223131,-0.1274060755968094
1789134814233131,-0.12620382010936737
1789134814243131,4.832771301269531
1789134814253131,5.921690940856934
1789134814263131,5.9279375076293945
1789134814269131,4.214686393737793
1789134814283131,4.218893527984619
1789134814293131,4.2207441329956055
1789134814301131,1.0976101160049438
1789134814315293,2.9270238876342773
1789134814325293,4.096065044403076
1789134814331293,4.098337650299072
1789134814343293,4.102010250091553
1789134814353293,4.103530406951904
1789134814363293,4.10731840133667
1789134814375293,-1.2945582866668701
1789134814383293,-1.2972904443740845
1789134814393293,-3.567572832107544
1789134814401293,-3.5728871822357178
1789134814413293,-3.5803794860839844
1789134814421293,-2.603818893432617
1789134814435293,-0.35117673873901367
1789134814443293,-0.352867066860199
1789134814453293,0.9699833393096924
1789134814463293,0.9717381000518799
1789134814473293,0.9755477905273438
1789134814483293,0.9751991629600525
1789134814495293,8.163597106933594
1789134814501293,8.169137001037598
1789134814513293,10.132381439208984
1789134814523293,10.143864631652832
1789134814531293,10.15333080291748
1789134814543293,10.161060333251953
1789134814555293,3.2820470333099365
1789134814563293,3.2841620445251465
1789134814567293,3.1644814014434814
1789134814583293,3.1659932136535645
1789134814593293,3.165789842605591
1789134814603293,-0.08617179840803146
1789134814615293,1.2608062028884888
1789134814623293,1.260762095451355
1789134814633293,3.6046533584594727
1789134814643293,3.6085593700408936
1789134814653293,3.610081672668457
1789134814663293,1.094133973121643
1789134814675293,0.4079885482788086
1789134814683293,0.4070250391960144
1789134814693293,1.4057565927505493
1789134814699293,1.4058328866958618
1789134814713293,1.4115686416625977
1789134814723293,1.4116957187652588
1789134814735293,8.140857696533203
1789134814743293,8.148133277893066
1789134814753293,10.114856719970703
1789134814763293,10.12593936920166
1789134814773293,10.133698463439941
1789134814783293,10.145400047302246
1789134814795293,2.7892379760742188
1789134814797293,2.7896134853363037
1789134814813293,2.7218878269195557
1789134814823293,2.723249912261963
1789134814831293,2.7217934131622314
1789134814843293,2.7239322662353516
1789134814855293,-4.219869613647461
1789134814863293,-4.225846290588379
1789134814873293,-6.389255523681641
1789134814883293,-6.399943828582764
1789134814893293,-6.4090399742126465
1789134814901293,-2.4253005981445312
1789134814915293,-0.05673539265990257
1789134814925293,0.9770326614379883
1789134814929293,0.9768427014350891
1789134814943293,0.9794102311134338
1789134814953293,0.9827911853790283
1789134814963293,0.9823161959648132
1789134814975293,4.583157062530518
1789134814985293,6.632976531982422
1789134814993293,6.638617992401123
1789134815003293,6.645112991333008
1789134815013293,6.64810037612915
1789134815023293,1.5737996101379395
1789134815035293,0.15244242548942566
1789134815041293,0.15147551894187927
1789134815053293,2.2170674800872803
1789134815061293,2.2190115451812744
1789134815073293,2.220306873321533
1789134815083293,2.221447467803955
1789134815095293,0.8511536717414856
1789134815103293,0.8506035804748535
1789134815113293,0.6330451369285583
1789134815123293,0.6326956152915955
1789134815131293,3.437793493270874
1789134815143293,3.4411089420318604
1789134815155293,0.6906217336654663
1789134815161293,0.6900768876075745
1789134815173293,-0.4296415150165558
1789134815183293,-0.4322439730167389
1789134815193293,-0.433968722820282
1789134815203293,-0.4363659918308258
1789134815213293,3.0827767848968506
1789134815225293,5.337820529937744
1789134815227293,5.338879108428955
1789134815243293,5.346379280090332
1789134815253293,5.3475213050842285
1789134815263293,0.26632556319236755
1789134815273293,-1.24064302444458
1789134815283293,-1.2441298961639404
1789134815293293,0.853715717792511
1789134815303293,0.8547621369361877
1789134815313454,0.8578680157661438
1789134815323454,0.8571790456771851
1789134815335454,7.540974140167236
1789134815343454,7.547549724578857
1789134815353454,9.779102325439453
1789134815359454,9.785809516906738
1789134815373454,9.795431137084961
1789134815383454,4.767422676086426
1789134815395454,2.9819729328155518
1789134815403454,2.9836366176605225
1789134815413454,2.1757314205169678
1789134815423454,2.175168514251709
1789134815433454,2.174213171005249
1789134815443454,2.1752142906188965
1789134815453454,-0.8163236975669861
1789134815457454,-0.8175171613693237
1789134815473454,-0.6687630414962769
1789134815483454,-0.6714303493499756
1789134815491454,-0.6736538410186768
1789134815503454,2.5358874797821045
1789134815515454,2.559159994125366
1789134815523454,2.5603837966918945
1789134815531454,1.283900499343872
1789134815543454,1.2817867994308472
1789134815553454,1.2803997993469238
1789134815563454,2.2080445289611816
1789134815575454,2.782308340072632
1789134815583454,2.7837705612182617
1789134815589454,0.5133385062217712
1789134815603454,0.5102406144142151
1789134815613454,0.5088257193565369
1789134815623454,0.5076271891593933
1789134815633454,3.3049042224884033
1789134815645454,3.984569787979126
1789134815653454,3.9873135089874268
1789134815663454,3.9899067878723145
1789134815673454,3.990988254547119
1789134815683454,3.994417667388916
1789134815695454,-1.508723497390747
1789134815703454,-1.5118494033813477
1789134815713454,-3.7767493724823
1789134815721454,-3.7823314666748047
1789134815731454,-3.789249897003174
1789134815743454,0.7125850915908813
1789134815755454,2.840346574783325
1789134815763454,2.8418893814086914
1789134815773454,3.8463644981384277
1789134815783454,3.8489339351654053
1789134815793454,3.849977493286133
1789134815803454,3.853240966796875
1789134815815454,-1.6278374195098877
1789134815821454,-1.6302660703659058
1789134815833454,-3.9079549312591553
1789134815843454,-3.915260076522827
1789134815851454,-1.9937458038330078
1789134815863454,-1.9991514682769775
1789134815875454,1.7041943073272705
1789134815883454,1.7045453786849976
1789134815887454,2.7608230113983154
1789134815903454,2.765968084335327
1789134815913454,2.7679336071014404
1789134815923454,0.6192481517791748
1789134815935454,-0.0766957625746727
1789134815943454,-0.07825205475091934
1789134815953454,1.9831053018569946
1789134815963454,1.984710931777954
1789134815973454,1.984429121017456
1789134815981454,0.9233153462409973
1789134815995454,1.4850118160247803
1789134816003454,1.485121488571167
1789134816013454,2.5035324096679688
1789134816019454,2.5044281482696533
1789134816033454,2.506726026535034
1789134816043454,0.40654706954956055
1789134816055454,-0.23316970467567444
1789134816063454,-0.23489703238010406
1789134816073454,1.7885844707489014
1789134816083454,1.7899271249771118
1789134816093454,1.7915486097335815
1789134816103454,1.7920868396759033
1789134816115454,2.6197781562805176
1789134816117454,2.6201066970825195
1789134816131454,2.9657702445983887
1789134816143454,2.966606855392456
1789134816151454,2.968285083770752
1789134816163454,2.970802068710327
1789134816175454,-2.988091468811035
1789134816183454,-2.992770195007324
1789134816193454,-5.169804573059082
1789134816203454,-5.1787800788879395
1789134816213454,-5.186243534088135
1789134816223454,-3.1202597618103027
1789134816235454,-1.0959151983261108
1789134816243454,-1.0985294580459595
1789134816249454,0.011076005175709724
1789134816263454,0.011633661575615406
1789134816273454,0.013625230640172958
1789134816283454,0.011838282458484173
1789134816295454,6.689157485961914
1789134816303454,6.694850921630859
1789134816313454,8.892549514770508
1789134816323616,8.902015686035156
1789134816331616,8.910042762756348
1789134816343616,8.922082901000977
1789134816355616,1.162804126739502
1789134816365616,0.5412768125534058
1789134816373616,0.5403584241867065
1789134816381616,0.539871096611023
1789134816393616,0.5408153533935547
1789134816403616,0.5396674871444702
1789134816415616,5.475291728973389
1789134816423616,5.479638576507568
1789134816433616,7.586438179016113
1789134816443616,7.5941267013549805
1789134816453616,7.598379135131836
1789134816463616,7.606610298156738
1789134816475616,0.6146742105484009
1789134816481616,0.6140129566192627
1789134816493616,-0.5382080674171448
1789134816503616,-0.541535496711731
1789134816513616,-0.5448271036148071
1789134816523616,-0.5474614500999451
1789134816535616,2.047701120376587
1789134816543616,2.04836368560791
1789134816547616,4.175236701965332
1789134816563616,4.180093765258789
1789134816573616,4.18002462387085
1789134816583616,-0.34910860657691956
1789134816595616,-1.7113802433013916
1789134816605616,-1.266845941543579
1789134816613616,-1.2697186470031738
1789134816623616,-1.2720694541931152
1789134816633616,-1.2726702690124512
1789134816643616,-1.2711609601974487
1789134816655616,4.785626411437988
1789134816663616,4.789217948913574
1789134816673616,7.044282913208008
1789134816679616,7.048427581787109
1789134816693616,7.052903175354004
1789134816703616,2.3544979095458984
1789134816715616,-0.03550317883491516
1789134816723616,-0.037079956382513046
1789134816731616,-0.3452593684196472
1789134816743616,-0.34702953696250916
1789134816753616,-0.3472643196582794
1789134816763616,-0.345539391040802
1789134816773616,4.565378665924072
1789134816785616,6.708046913146973
1789134816793616,6.713656902313232
1789134816803616,6.720136642456055
1789134816811616,6.725746154785156
1789134816823616,1.6921359300613403
1789134816833616,0.5077555179595947
1789134816843616,0.506473183631897
1789134816849616,1.397089958190918
1789134816863616,1.3993587493896484
1789134816873616,1.4024258852005005
1789134816883616,5.83912467956543
1789134816895616,5.521250247955322
1789134816903616,5.525557041168213
1789134816909616,3.043179512023926
1789134816923616,3.04467511177063
1789134816931616,3.046332597732544
1789134816943616,-0.5815917253494263
1789134816955616,-1.4478062391281128
1789134816963616,-1.4509384632110596
1789134816973616,-0.02094392105937004
1789134816983616,-0.02138902060687542
1789134816993616,-0.019973890855908394
1789134817003616,-0.021979691460728645
1789134817015616,6.298259258270264
1789134817023616,6.3033928871154785
1789134817033616,8.412779808044434
1789134817041616,8.419783592224121
1789134817053616,8.42640209197998
1789134817063616,4.22097635269165
1789134817075616,2.456130027770996
1789134817083616,2.457125663757324
1789134817093616,2.015087842941284
1789134817103616,2.0141570568084717
1789134817113616,2.0123233795166016
1789134817123616,2.0129776000976562
1789134817135616,-0.38486605882644653
1789134817141616,-0.3863913416862488
1789134817153616,-0.7449749708175659
1789134817163616,-0.7475626468658447
1789134817173616,-0.7476931214332581
1789134817183616,3.209214448928833
1789134817195616,3.561406373977661
1789134817203616,3.563586711883545
1789134817207616,2.3042163848876953
1789134817223616,2.3026363849639893
1789134817233616,2.300607919692993
1789134817243616,-1.282835602760315
1789134817253616,-2.1988322734832764
1789134817263616,-2.203777551651001
1789134817273616,-0.9241935610771179
1789134817283616,-0.9267228841781616
1789134817293616,-0.9272176623344421
1789134817303616,3.4256582260131836
1789134817315616,5.508107662200928
1789134817323777,5.5123796463012695
1789134817327777,3.77142596244812
1789134817339777,3.7750470638275146
1789134817353777,3.7743685245513916
1789134817363777,3.777385950088501
1789134817375777,-2.3937323093414307
1789134817383777,-2.3979012966156006
1789134817393777,-4.6208391189575195
1789134817403777,-4.629251003265381
1789134817413777,-4.63578462600708
1789134817423777,-4.643948554992676
1789134817435777,0.0403548926115036
1789134817437777,0.03997353836894035
1789134817453777,1.232287883758545
1789134817463777,1.2339105606079102
1789134817471777,1.2336572408676147
1789134817483777,1.2332775592803955
1789134817495777,8.49246597290039
1789134817503777,8.499954223632812
1789134817513777,9.69055461883545
1789134817523777,9.700587272644043
1789134817531777,9.709334373474121
1789134817543777,4.381797790527344
1789134817555777,2.4801173210144043
1789134817563777,2.4811389446258545
1789134817569777,0.8183925151824951
1789134817583777,0.8135101199150085
1789134817593777,0.8106330037117004
1789134817603777,0.8096938729286194
1789134817615777,2.3391199111938477
1789134817623777,2.340000867843628
1789134817633777,4.605020046234131
1789134817643777,4.608757495880127
1789134817653777,4.609298229217529
1789134817663777,0.4312107563018799
1789134817675777,-0.8599048852920532
1789134817683777,-0.8624441027641296
1789134817693777,-0.3053189814090729
1789134817701777,-0.30549970269203186
1789134817713777,-0.30396318435668945
1789134817723777,-0.306391179561615
1789134817735777,6.2951579093933105
1789134817743777,6.300256729125977
1789134817753777,8.498617172241211
1789134817763777,8.507346153259277
1789134817773777,8.512589454650879
1789134817783777,8.521881103515625
1789134817795777,1.193455696105957
1789134817801777,1.193160891532898
1789134817813777,0.8423642516136169
1789134817823777,0.8402918577194214
1789134817833777,0.8403328061103821
1789134817843777,0.8407215476036072
1789134817855777,1.8610703945159912
1789134817863777,1.8613929748535156
1789134817867777,3.970773696899414
1789134817883777,3.975015878677368
1789134817893777,3.9756641387939453
1789134817903777,-0.42983120679855347
1789134817915777,-1.8588802814483643
1789134817923777,-1.8625283241271973
1789134817931777,-1.2470022439956665
1789134817943777,-1.2491260766983032
1789134817953777,-1.250142216682434
1789134817963777,-1.2538777589797974
1789134817975777,5.102707862854004
1789134817985777,7.4840497970581055
1789134817993777,7.490379333496094
1789134817999777,7.494774341583252
1789134818013777,7.4998393058776855
1789134818023777,2.678912878036499
1789134818035777,1.1881334781646729
1789134818041777,1.1878269910812378
1789134818053777,-0.32478559017181396
1789134818063777,-0.327213853597641
1789134818073777,-0.3286607265472412
1789134818083777,-0.331184059381485
1789134818095777,3.9091289043426514
1789134818097777,3.9097554683685303
1789134818113777,6.110787868499756
1789134818123777,6.116513729095459
1789134818131777,6.1213579177856445
1789134818143777,1.2188624143600464
1789134818155777,0.3794853091239929
1789134818163777,0.3782016634941101
1789134818173777,1.0126243829727173
1789134818183777,1.013920783996582
1789134818193777,1.0171608924865723
1789134818203777,6.850182056427002
1789134818215777,7.427309989929199
1789134818223777,7.433527946472168
1789134818229777,4.965759754180908
1789134818243777,4.97037410736084
1789134818253777,4.971421241760254
1789134818263777,0.6827711462974548
1789134818275777,-0.5367629528045654
1789134818283777,-0.5390545725822449
1789134818293777,0.5015180110931396
1789134818303777,0.5016183257102966
1789134818313777,0.5035684704780579
1789134818323777,0.5020933151245117
1789134818335940,4.483724594116211
1789134818343940,4.486790180206299
1789134818353940,6.611306667327881
1789134818361940,6.6161017417907715
1789134818373940,6.619141101837158
1789134818383940,1.8812315464019775
1789134818395940,-0.16754980385303497
1789134818403940,-0.16946737468242645
1789134818413940,-0.416140079498291
1789134818423940,-0.4182649850845337
1789134818433940,-0.41899850964546204
1789134818443940,-0.4217207729816437
1789134818455940,4.7103424072265625
1789134818461940,4.7128167152404785
1789134818473940,7.05096960067749
1789134818483940,7.057684421539307
1789134818493940,7.060891151428223
1789134818503940,2.354984998703003
1789134818515940,-0.01919098198413849
1789134818523940,-0.0209641270339489
1789134818527940,-1.1495285034179688
1789134818543940,-1.155431866645813
1789134818553940,-1.1581664085388184
1789134818563940,1.8980700969696045
1789134818573940,2.395071268081665
1789134818583940,2.3960909843444824
1789134818593940,0.18656305968761444
1789134818603940,0.18399390578269958
1789134818613940,0.182665154337883
1789134818623940,1.7055108547210693
1789134818635940,4.048994064331055
1789134818643940,4.051579475402832
1789134818653940,3.223336935043335
1789134818659940,3.22461199760437
1789134818673940,3.2223317623138428
1789134818683940,3.2244560718536377
1789134818695940,-3.5081427097320557
1789134818703940,-3.5136234760284424
1789134818713940,-5.7360711097717285
1789134818723940,-5.746105194091797
1789134818731940,-5.753946304321289
1789134818743940,-5.765707969665527
1789134818755940,-1.2141374349594116
1789134818757940,-1.214881181716919
1789134818773940,-0.10764335095882416
1789134818783940,-0.10808788239955902
1789134818791940,-0.1098778173327446
1789134818803940,-0.11256265640258789
1789134818815940,3.6824228763580322
1789134818823940,3.684682607650757
1789134818833940,5.9524993896484375
1789134818843940,5.957765102386475
1789134818853940,5.959541320800781
1789134818863940,1.081923246383667
1789134818875940,-0.1553288847208023
1789134818883940,-0.1571795791387558
1789134818889940,1.2035012245178223
1789134818903940,1.205995798110962
1789134818913940,1.209489107131958
1789134818923940,1.208990454673767
1789134818933940,5.378808975219727
1789134818945940,7.64517879486084
1789134818953940,7.651636600494385
1789134818963940,7.659193515777588
1789134818973940,7.6632843017578125
1789134818983940,2.696631669998169
1789134818995940,0.42205432057380676
1789134819003940,0.42078447341918945
1789134819013940,0.15504315495491028
1789134819021940,0.1545426994562149
1789134819033940,0.15534965693950653
1789134819043940,4.796414375305176
1789134819055940,5.19335412979126
1789134819063940,5.197171688079834
1789134819073940,2.714399814605713
1789134819083940,2.7150650024414062
1789134819093940,2.713685989379883
1789134819103940,2.7151458263397217
1789134819115940,-3.207523822784424
1789134819121940,-3.2113864421844482
1789134819131940,-4.417247772216797
1789134819143940,-4.427881717681885
1789134819153940,-4.436018943786621
1789134819163940,-4.444052696228027
1789134819175940,-1.379268765449524
1789134819183940,-1.3824175596237183
1789134819187940,0.8107717633247375
1789134819203940,0.8106828331947327
1789134819213940,0.8121973872184753
1789134819221940,3.1914045810699463
1789134819235940,3.4991281032562256
1789134819243940,3.5011816024780273
1789134819253940,2.284757614135742
1789134819263940,2.2841434478759766
1789134819273940,2.282075881958008
1789134819283940,2.28302001953125
1789134819295940,-3.765421152114868
1789134819303940,-3.7711169719696045
1789134819313940,-4.613837718963623
1789134819319940,-4.618777275085449
1789134819332101,-4.628656387329102
1789134819344101,0.25841763615608215
1789134819356101,2.701388120651245
1789134819364101,2.7026278972625732
1789134819374101,3.833604097366333
1789134819384101,3.8362724781036377
1789134819394101,3.837329864501953
1789134819404101,3.840384006500244
1789134819416101,-1.6930464506149292
1789134819418101,-1.6939119100570679
1789134819434101,-3.7220892906188965
1789134819444101,-3.7293739318847656
1789134819452101,-3.7333998680114746
1789134819464101,-0.6977763772010803
1789134819476101,1.3289597034454346
1789134819484101,1.3287562131881714
1789134819494101,2.4783108234405518
1789134819504101,2.4806604385375977
1789134819514101,2.482041120529175
1789134819524101,0.4268731474876404
1789134819536101,-0.3974025845527649
1789134819544101,-0.3994499444961548
1789134819550101,0.8537055850028992
1789134819564101,0.8539415597915649
1789134819574101,0.8570365905761719
1789134819584101,5.578161716461182
1789134819594101,5.850161075592041
1789134819604101,5.855919361114502
1789134819614101,4.607786655426025
1789134819624101,4.610122203826904
1789134819634101,4.61083984375
1789134819644101,4.614928245544434
1789134819656101,-1.6461656093597412
1789134819664101,-1.6495732069015503
1789134819674101,-3.954277515411377
1789134819682101,-3.9601452350616455
1789134819694101,-3.968219757080078
1789134819704101,-0.8764245510101318
1789134819716101,1.789511799812317
1789134819724101,1.7898039817810059
1789134819732101,2.778550386428833
1789134819744101,2.7805633544921875
1789134819754101,2.7810792922973633
1789134819764101,2.7827610969543457
1789134819776101,-1.5463073253631592
1789134819782101,-1.5487622022628784
1789134819794101,-3.608247756958008
1789134819804101,-3.615187168121338
1789134819814101,-3.620666980743408
1789134819824101,-1.320125699043274
1789134819836101,0.8171858787536621
1789134819844101,0.816467821598053
1789134819848101,1.9039642810821533
1789134819864101,1.9070401191711426
1789134819874101,1.9077845811843872
1789134819884101,0.28198549151420593
1789134819896101,-0.08015340566635132
1789134819904101,-0.08182965219020844
1789134819914101,0.06362947076559067
1789134819924101,0.06257548928260803
1789134819932101,0.061056483536958694
1789134819944101,4.356371879577637
1789134819954101,4.84826135635376
1789134819964101,4.852737903594971
1789134819974101,3.6047751903533936
1789134819980101,3.6064605712890625
1789134819994101,3.6057164669036865
1789134820004101,3.608525514602661
1789134820016101,-2.334010601043701
1789134820024101,-2.3381025791168213
1789134820034101,-4.612464904785156
1789134820042101,-4.6191086769104
1789134820054101,-4.627018928527832
1789134820064101,-1.9679038524627686
1789134820076101,0.6641523838043213
1789134820078101,0.6639389395713806
1789134820094101,1.4642765522003174
1789134820104101,1.4664920568466187
1789134820112101,1.4664920568466187
1789134820124101,1.4664920568466187
1789134820136101,6.83342981338501
1789134820144101,6.839151382446289
1789134820154101,6.566786766052246
1789134820164101,6.5729217529296875
1789134820174101,6.577137470245361
1789134820184101,2.539546251296997
1789134820196101,1.682222604751587
1789134820204101,1.682420015335083
1789134820210101,1.052536129951477
1789134820224101,1.0520470142364502
1789134820234101,1.0525063276290894
1789134820244101,1.0519137382507324
1789134820256101,5.299867630004883
1789134820264101,5.303924083709717
1789134820274101,7.459144592285156
1789134820284101,7.466567516326904
1789134820294101,7.470956325531006
1789134820304101,2.9167137145996094
1789134820316101,1.3838272094726562
1789134820324101,1.3836755752563477
1789134820332261,-0.510278582572937
1789134820342261,-0.5127226710319519
1789134820354261,-0.5145860314369202
1789134820364261,-0.5172977447509766
1789134820376261,3.7040815353393555
1789134820384261,3.7064168453216553
1789134820394261,5.911772727966309
1789134820404261,5.9171576499938965
1789134820414261,5.918818473815918
1789134820424261,5.919154644012451
1789134820434261,-0.5522852540016174
1789134820442261,-0.554503321647644
1789134820454261,-1.843492031097412
1789134820464261,-1.8483995199203491
1789134820474261,-1.8525739908218384
1789134820484261,-1.857058048248291
1789134820496261,1.9447942972183228
1789134820504261,1.945266842842102
1789134820508261,4.168725967407227
1789134820524261,4.173497200012207
1789134820532261,4.176340103149414
1789134820544261,-0.5706021189689636
1789134820556261,-3.441711187362671
1789134820564261,-3.4469902515411377
1789134820574261,-3.8673293590545654
1789134820584261,-3.8734748363494873
1789134820594261,-3.8780930042266846
1789134820604261,-3.8852431774139404
1789134820616261,1.6582221984863281
1789134820624261,1.6584227085113525
1789134820634261,3.950937032699585
1789134820640261,3.9528937339782715
1789134820654261,3.9538285732269287
1789134820664261,3.9571313858032227
1789134820676261,-1.433654546737671
1789134820686261,-2.7087557315826416
1789134820694261,-2.7132203578948975
1789134820704261,-2.7193470001220703
1789134820714261,-2.7253711223602295
1789134820724261,-2.7309515476226807
1789134820736261,0.04262763634324074
1789134820738261,0.042252544313669205
1789134820754261,1.3720805644989014
1789134820764261,1.3734546899795532
1789134820772261,1.3733729124069214
1789134820782261,5.872976779937744
1789134820796261,5.583255290985107
1789134820806261,4.364172458648682
1789134820814261,4.367264270782471
1789134820824261,4.369586944580078
1789134820834261,4.370459079742432
1789134820844261,-0.8610092401504517
1789134820856261,-1.954703450202942
1789134820864261,-1.9583531618118286
1789134820870261,-2.942885398864746
1789134820884261,-2.9498448371887207
1789134820894261,-2.9525575637817383
1789134820904261,1.1535967588424683
1789134820916261,3.252977132797241
1789134820924261,3.2549026012420654
1789134820932261,4.35548734664917
1789134820944261,4.359313011169434
1789134820954261,4.361110687255859
1789134820964261,4.364980697631836
1789134820976261,-0.17871403694152832
1789134820984261,-0.18046540021896362
1789134820994261,-1.8140250444412231
1789134821002261,-1.8175781965255737
1789134821014261,-1.8218845129013062
1789134821024261,-1.8262460231781006
1789134821036261,2.494962453842163
1789134821042261,2.4958057403564453
1789134821054261,3.235849380493164
1789134821064261,3.2378807067871094
1789134821074261,3.238368034362793
1789134821084261,3.2407562732696533
1789134821096261,-0.8788553476333618
1789134821102261,-0.8807194232940674
1789134821114261,-3.1492373943328857
1789134821124261,-3.155367374420166
1789134821132261,-3.1595516204833984
1789134821144261,-1.0710214376449585
1789134821156261,1.0830788612365723
1789134821164261,1.082716703414917
1789134821168261,2.09489107131958
1789134821184261,2.098351001739502
1789134821194261,2.099421501159668
1789134821204261,0.4279578626155853
1789134821216261,-0.04209118336439133
1789134821224261,-0.04365657642483711
1789134821234261,2.1007115840911865
1789134821244261,2.1024460792541504
1789134821254261,2.102264881134033
1789134821264261,-0.30668872594833374
1789134821276261,-1.1459232568740845
1789134821284261,-1.1486626863479614
1789134821294261,-0.01851123571395874
1789134821300261,-0.01966027170419693
1789134821314261,-0.016607889905571938
1789134821324261,-0.01852276176214218
1789134821334424,2.2078890800476074
1789134821344424,2.20894455909729
1789134821354424,4.018552780151367
1789134821364424,4.021505832672119
1789134821374424,4.0213751792907715
1789134821384424,-0.4204631745815277
1789134821396424,-1.722216248512268
1789134821398424,-1.7230541706085205
1789134821414424,-0.9166280031204224
1789134821424424,-0.9184829592704773
1789134821432424,-0.9181605577468872
1789134821444424,-0.9169918894767761
1789134821454424,2.452514171600342
1789134821466424,1.817252516746521
1789134821474424,1.817679524421692
1789134821484424,1.8177783489227295
1789134821494424,1.8162990808486938
1789134821504424,-0.9741712212562561
1789134821516424,-0.23398691415786743
1789134821524424,-0.2357412725687027
1789134821530424,0.9975268840789795
1789134821544424,1.0001767873764038
1789134821554424,1.0026623010635376
1789134821564424,1.002114176750183
1789134821576424,1.8273048400878906
1789134821584424,1.827747106552124
1789134821594424,4.350572109222412
1789134821604424,4.353947162628174
1789134821614424,4.353841304779053
1789134821624424,-0.5104729533195496
1789134821636424,-1.840711236000061
1789134821644424,-1.8441853523254395
1789134821654424,0.22689759731292725
1789134821662424,0.22759242355823517
1789134821674424,0.23071111738681793
1789134821684424,0.22913207113742828
1789134821696424,7.2461748123168945
1789134821704424,7.252396583557129
1789134821714424,9.567717552185059
1789134821724424,9.577988624572754
1789134821732424,9.586668968200684
1789134821744424,9.599688529968262
1789134821756424,2.224514961242676
1789134821762424,2.225116014480591
1789134821774424,1.9142582416534424
1789134821784424,1.9143390655517578
1789134821794424,1.9133542776107788
1789134821804424,1.9139400720596313
1789134821816424,-0.10767977684736252
1789134821824424,-0.10936740785837173
1789134821828424,-0.8019078969955444
1789134821844424,-0.8061824440956116
1789134821854424,-0.8063611388206482
1789134821864424,3.2099320888519287
1789134821876424,3.7304821014404297
1789134821884424,3.7328929901123047
1789134821894424,2.4966843128204346
1789134821904424,2.4966025352478027
1789134821914424,2.4950032234191895
1789134821924424,2.4963667392730713
1789134821936424,-3.340440511703491
1789134821944424,-3.345573902130127
1789134821954424,-5.227097034454346
1789134821960424,-5.23244571685791
1789134821974424,-5.2438435554504395
1789134821984424,-3.5358500480651855
1789134821996424,-1.5408191680908203
1789134822004424,-1.5439850091934204
1789134822014424,-0.3135964572429657
1789134822024424,-0.31407400965690613
1789134822034424,-0.31252723932266235
1789134822044424,5.532963752746582
1789134822056424,6.052961826324463
1789134822058424,6.054195404052734
1789134822074424,3.5760531425476074
1789134822084424,3.577902317047119
1789134822092424,3.580186367034912
1789134822104424,1.6806200742721558
1789134822116424,0.7195302248001099
1789134822124424,0.718761146068573
1789134822132424,1.5014313459396362
1789134822144424,1.5035011768341064
1789134822154424,1.5074292421340942
1789134822164424,5.939155578613281
1789134822176424,5.69209623336792
1789134822184424,5.696613788604736
1789134822190424,3.249579429626465
1789134822204424,3.251610517501831
1789134822214424,3.251807451248169
1789134822224424,3.254189968109131
1789134822236424,-1.9798521995544434
1789134822246424,-3.163771390914917
1789134822254424,-3.1687073707580566
1789134822264424,-3.175286054611206
1789134822274424,-3.181713104248047
1789134822284424,-3.187883138656616
1789134822296424,0.7597805261611938
1789134822304424,0.7590598464012146
1789134822314424,2.9204931259155273
1789134822322424,2.9228878021240234
1789134822332424,2.924866199493408
1789134822344584,2.9272403717041016
1789134822356584,-1.4676775932312012
1789134822364584,-1.470784068107605
1789134822374584,-2.7155377864837646
1789134822384584,-2.7216503620147705
1789134822392584,-2.736797571182251
1789134822404584,-2.743457078933716
1789134822416584,0.9790882468223572
1789134822422584,0.9787410497665405
1789134822434584,3.000077486038208
1789134822444584,3.0034611225128174
1789134822454584,3.0047447681427
1789134822464584,1.342620611190796
1789134822476584,-0.7581425905227661
1789134822484584,-0.7604659795761108
1789134822488584,-0.9061633348464966
1789134822504584,-0.9095265865325928
1789134822514584,-0.9102948904037476
1789134822524584,3.113370418548584
1789134822534584,4.111717224121094
1789134822544584,4.115314483642578
1789134822554584,2.375227928161621
1789134822564584,2.3758442401885986
1789134822574584,2.374319314956665
1789134822584584,2.371553659439087
1789134822596584,-2.3949403762817383
1789134822604584,-2.3990049362182617
1789134822614584,-3.2858312129974365
1789134822620584,-3.289584159851074
1789134822634584,-3.2969515323638916
1789134822644584,-3.303205966949463
1789134822656584,0.9818675518035889
1789134822664584,0.9814402461051941
1789134822674584,3.1582746505737305
1789134822684584,3.1615378856658936
1789134822694584,3.1625890731811523
1789134822704584,3.16495418548584
1789134822716584,-1.594600796699524
1789134822718584,-1.5953973531723022
1789134822732584,-2.6892576217651367
1789134822744584,-2.6963462829589844
1789134822752584,-2.7006914615631104
1789134822764584,-2.7072091102600098
1789134822776584,1.145375370979309
1789134822786584,3.3019518852233887
1789134822794584,3.3040220737457275
1789134822804584,3.3074769973754883
1789134822814584,3.3088083267211914
1789134822824584,0.7800970673561096
1789134822836584,0.04048196226358414
1789134822844584,0.03906654566526413
1789134822850584,0.9959124326705933
1789134822864584,0.9983721375465393
1789134822874584,1.0016487836837769
1789134822884584,1.0011557340621948
1789134822896584,7.520985126495361
1789134822904584,7.527544021606445
1789134822914584,8.655138969421387
1789134822924584,8.664200782775879
1789134822932584,8.671951293945312
1789134822944584,8.683578491210938
1789134822956584,2.753004550933838
1789134822964584,2.754422187805176
1789134822974584,1.3779551982879639
1789134822982584,1.3773114681243896
1789134822994584,1.377614140510559
1789134823004584,1.3775511980056763
1789134823016584,4.430404186248779
1789134823024584,4.433609485626221
1789134823034584,4.623793601989746
1789134823042584,4.626431941986084
1789134823054584,4.627007961273193
1789134823064584,4.63126277923584
1789134823074584,-1.5278596878051758
1789134823082584,-1.5310214757919312
1789134823094584,-2.7435667514801025
1789134823104584,-2.7495779991149902
1789134823114584,-2.753627061843872
1789134823124584,-2.7591869831085205
1789134823136584,2.382607936859131
1789134823144584,2.383648633956909
1789134823148584,4.749578475952148
1789134823164584,4.755840301513672
1789134823174584,4.756596565246582
1789134823184584,0.15608860552310944
1789134823196584,-1.2728259563446045
1789134823204584,-1.2756931781768799
1789134823214584,-0.698928713798523
1789134823224584,-0.6997860074043274
1789134823234584,-0.6986345648765564
1789134823244584,-0.7014458775520325
1789134823256584,6.43113374710083
1789134823264584,6.436493873596191
1789134823274584,8.867606163024902
1789134823280584,8.873562812805176
1789134823294584,8.881610870361328
1789134823304584,8.885994911193848
1789134823316584,1.3801823854446411
1789134823324584,1.3801110982894897
1789134823332584,0.3832588493824005
1789134823344746,0.3804391026496887
1789134823354746,0.37817320227622986
1789134823364746,0.37675637006759644
1789134823376746,2.1303088665008545
1789134823378746,2.130493402481079
1789134823394746,4.226973056793213
1789134823404746,4.230250358581543
1789134823412746,4.233218193054199
1789134823422746,-0.25097528100013733
1789134823436746,-1.2039364576339722
1789134823444746,-1.2067657709121704
1789134823454746,-0.36945515871047974
1789134823464746,-0.3703879117965698
1789134823474746,-0.3693528473377228
1789134823484746,4.812356948852539
1789134823496746,5.3497209548950195
1789134823504746,5.353879928588867
1789134823510746,3.0197086334228516
1789134823524746,3.021073341369629
1789134823532746,3.0227410793304443
1789134823544746,0.2761693000793457
1789134823556746,-0.9466962218284607
1789134823564746,-0.9492602348327637
1789134823574746,-0.1452435404062271
1789134823584746,-0.14534372091293335
1789134823594746,-0.14333435893058777
1789134823604746,-0.14546439051628113
1789134823616746,7.131789684295654
1789134823624746,7.137844085693359
1789134823634746,9.119351387023926
1789134823642746,9.127155303955078
1789134823654746,9.134925842285156
1789134823664746,4.8308939933776855
1789134823674746,2.7542121410369873
1789134823684746,2.755890130996704
1789134823694746,2.463437557220459
1789134823704746,2.4621198177337646
1789134823712746,-1.8640315532684326
1789134823724746,-1.8694076538085938
1789134823736746,0.19207103550434113
1789134823746746,2.3349263668060303
1789134823754746,2.335832118988037
1789134823764746,2.3376753330230713
1789134823774746,2.3373372554779053
1789134823784746,2.3384695053100586
1789134823796746,-2.105130910873413
1789134823806746,-3.245584487915039
1789134823808746,-3.2468459606170654
1789134823824746,-3.2579543590545654
1789134823834746,-3.264038562774658
1789134823844746,-0.8426126837730408
1789134823856746,0.36466819047927856
1789134823864746,0.36350181698799133
1789134823874746,3.372708559036255
1789134823884746,3.3758106231689453
1789134823894746,3.376079797744751
1789134823904746,0.27115991711616516
1789134823916746,-1.0115783214569092
1789134823924746,-1.0142154693603516
1789134823932746,0.0769893229007721
1789134823940746,0.0755176991224289
1789134823954746,0.07874909043312073
1789134823964746,0.07690948992967606
1789134823974746,2.2406327724456787
1789134823984746,2.2416799068450928
1789134823994746,4.10886812210083
1789134824004746,4.111893177032471
1789134824014746,4.11165714263916
1789134824022746,-0.5992913246154785
1789134824036746,-1.840742588043213
1789134824038746,-1.8416224718093872
1789134824054746,-0.5157814621925354
1789134824064746,-0.5165917873382568
1789134824072746,-0.518692672252655
1789134824084746,-0.514014720916748
1789134824096746,5.893305778503418
1789134824104746,5.898041248321533
1789134824114746,5.700980186462402
1789134824124746,5.70642614364624
1789134824132746,5.710945129394531
1789134824144746,1.8379827737808228
1789134824156746,1.029158353805542
1789134824164746,1.0286791324615479
1789134824170746,1.4615154266357422
1789134824184746,1.463436245918274
1789134824194746,1.4664483070373535
1789134824204746,1.4664263725280762
1789134824216746,4.825879096984863
1789134824224746,4.82944393157959
1789134824234746,6.228288650512695
1789134824244746,6.233942985534668
1789134824254746,6.236569404602051
1789134824264746,6.24288272857666
1789134824276746,1.0224767923355103
1789134824284746,1.021954894065857
1789134824294746,-0.20578335225582123
1789134824302746,-0.2080862671136856
1789134824314746,-0.2106352001428604
1789134824324746,-0.21292147040367126
1789134824336746,3.644117593765259
1789134824344906,3.6464033126831055
1789134824348906,5.929070949554443
1789134824364906,5.936037540435791
1789134824374906,5.937033653259277
1789134824384906,5.942931652069092
1789134824396906,-2.2218358516693115
1789134824406906,-3.3888285160064697
1789134824414906,-3.3940632343292236
1789134824424906,-3.4012064933776855
1789134824434906,-3.408046245574951
1789134824444906,-3.4145898818969727
1789134824456906,-0.2895452380180359
1789134824466906,1.8464469909667969
1789134824468906,1.846543550491333
1789134824484906,1.8490121364593506
1789134824494906,1.8487480878829956
1789134824504906,1.191232681274414
1789134824516906,2.1085093021392822
1789134824524906,2.10917329788208
1789134824532906,3.190448522567749
1789134824544906,3.192446231842041
1789134824554906,3.1926448345184326
1789134824564906,3.194913625717163
1789134824576906,-1.9928005933761597
1789134824584906,-1.9965202808380127
1789134824594906,-4.158273696899414
1789134824600906,-4.162786960601807
1789134824614906,-4.171200752258301
1789134824624906,-1.5468188524246216
1789134824636906,0.9044209122657776
1789134824644906,0.9038268327713013
1789134824654906,1.9905543327331543
1789134824664906,1.9924180507659912
1789134824674906,1.9932396411895752
1789134824684906,1.9939448833465576
1789134824696906,-0.9285045862197876
1789134824698906,-0.9291428923606873
1789134824714906,-1.8892608880996704
1789134824724906,-1.8939335346221924
1789134824732906,-1.8975030183792114
1789134824744906,0.0764298141002655
1789134824756906,2.3451709747314453
1789134824764906,2.346132755279541
1789134824774906,3.3856887817382812
1789134824784906,3.3876633644104004
1789134824794906,3.3882107734680176
1789134824804906,-0.6133388876914978
1789134824816906,-1.481270670890808
1789134824824906,-1.4843926429748535
1789134824830906,0.3266792595386505
1789134824844906,0.3257993161678314
1789134824852906,4.0013251304626465
1789134824864906,4.005422115325928
1789134824876906,1.3067013025283813
1789134824886906,0.21129389107227325
1789134824894906,0.2099752426147461
1789134824904906,0.2082573026418686
1789134824914906,0.20745204389095306
1789134824924906,0.20580369234085083
1789134824934906,4.549056053161621
1789134824946906,6.8041181564331055
1789134824954906,6.809831619262695
1789134824962906,6.815028667449951
1789134824974906,6.818742275238037
1789134824984906,1.9701822996139526
1789134824996906,0.14852274954319
1789134825006906,-0.12486154586076736
1789134825014906,-0.126556858420372
1789134825024906,-0.12758010625839233
1789134825034906,-0.12772411108016968
1789134825042906,4.177051067352295
1789134825054906,4.7178425788879395
1789134825062906,4.721306800842285
1789134825074906,2.3020153045654297
1789134825084906,2.3021817207336426
1789134825094906,2.3003604412078857
1789134825102906,-1.5218226909637451
1789134825116906,-2.2789456844329834
1789134825124906,-2.28294038772583
1789134825128906,-0.9064306616783142
1789134825144906,-0.9073147773742676
1789134825154906,-0.9063082933425903
1789134825164906,5.275259017944336
1789134825176906,5.775543689727783
1789134825184906,5.780138969421387
1789134825194906,3.3489089012145996
1789134825204906,3.350435972213745
1789134825214906,3.3497557640075684
1789134825224906,-0.7515375018119812
1789134825236906,-1.5227710008621216
1789134825246906,-0.1789056956768036
1789134825254906,-0.18066135048866272
1789134825260906,-0.1819780021905899
1789134825274906,-0.17896461486816406
1789134825284906,-0.1811590939760208
1789134825296906,6.83184289932251
1789134825306906,9.089436531066895
1789134825314906,9.097559928894043
1789134825324906,9.107200622558594
1789134825332906,9.115324974060059
1789134825344906,9.127510070800781
1789134825355066,2.4729297161102295
1789134825365066,2.474209785461426
1789134825375066,1.7553032636642456
1789134825385066,1.7550034523010254
1789134825393066,1.7552602291107178
1789134825405066,1.7556453943252563
1789134825417066,6.634643077850342
1789134825425066,6.640101909637451
1789134825435066,6.954364776611328
1789134825445066,6.960846424102783
1789134825455066,6.964386940002441
1789134825465066,2.323878526687622
1789134825477066,1.0534690618515015
1789134825485066,1.0529460906982422
1789134825491066,-0.17718364298343658
1789134825505066,-0.1798809915781021
1789134825515066,-0.18081887066364288
1789134825525066,-0.1831108182668686
1789134825537066,4.373403072357178
1789134825545066,4.376430034637451
1789134825555066,6.659147262573242
1789134825565066,6.665422439575195
1789134825575066,6.6682209968566895
1789134825585066,1.6641567945480347
1789134825597066,0.2364656925201416
1789134825605066,0.23505796492099762
1789134825615066,2.3464369773864746
1789134825623066,2.348287343978882
1789134825635066,2.3494110107421875
1789134825645066,2.3504648208618164
1789134825657066,-1.0073120594024658
1789134825665066,-1.010050892829895
1789134825675066,-2.3950021266937256
1789134825685066,-2.4001753330230713
1789134825695066,-2.403242588043213
1789134825705066,-2.408505916595459
1789134825717066,3.135606050491333
1789134825727066,4.231403827667236
1789134825733066,4.233559608459473
1789134825745066,4.2369465827941895
1789134825755066,4.238142013549805
1789134825765066,4.241734981536865
1789134825777066,0.9165002107620239
1789134825785066,0.9158240556716919
1789134825789066,-1.3577131032943726
1789134825805066,-1.3636469841003418
1789134825815066,-1.3654742240905762
1789134825823066,1.6566933393478394
1789134825837066,3.827148914337158
1789134825845066,3.8295884132385254
1789134825851066,4.9166669845581055
1789134825865066,4.921730995178223
1789134825875066,4.923852443695068
1789134825885066,4.923725605010986
1789134825897066,-0.4966486692428589
1789134825905066,-0.4988381564617157
1789134825915066,-2.3520970344543457
1789134825921066,-2.355217695236206
1789134825933066,-2.3614587783813477
1789134825945066,0.07170887291431427
1789134825957066,1.6827362775802612
1789134825965066,1.682895541191101
1789134825975066,3.4759936332702637
1789134825985066,3.479308605194092
1789134825995066,3.48184871673584
1789134826005066,3.4820854663848877
1789134826017066,0.19024880230426788
1789134826019066,0.1898876428604126
1789134826035066,-1.96593177318573
1789134826043066,-1.969861388206482
1789134826053066,-1.9745315313339233
1789134826063066,0.8279485702514648
1789134826075066,3.1030611991882324
1789134826085066,3.1051621437072754
1789134826095066,4.204216003417969
1789134826105066,4.207029819488525
1789134826115066,4.208316326141357
1789134826125066,0.9731366038322449
1789134826137066,1.7081167697906494
1789134826147066,3.5505032539367676
1789134826151066,3.5515763759613037
1789134826165066,3.5568687915802
1789134826175066,3.558168649673462
1789134826185066,1.2852214574813843
1789134826197066,0.9222108125686646
1789134826205066,0.9215450286865234
1789134826215066,1.9329148530960083
1789134826225066,1.9349043369293213
1789134826235066,1.9373914003372192
1789134826245066,1.9379068613052368
1789134826255066,3.887326955795288
1789134826265066,3.890439748764038
1789134826275066,3.94865345954895
1789134826283066,3.95043683052063
1789134826295066,3.950226068496704
1789134826303066,-0.19503790140151978
1789134826317066,-1.294402837753296
1789134826325066,-1.2974445819854736
1789134826333066,-0.5137804746627808
1789134826345066,-0.5146602988243103
1789134826355225,-0.5137225389480591
1789134826365225,-0.5164772868156433
1789134826377225,6.1732659339904785
1789134826383225,6.176966667175293
1789134826395225,8.309221267700195
1789134826405225,8.317686080932617
1789134826415225,8.322720527648926
1789134826425225,3.362781524658203
1789134826437225,1.7360423803329468
1789134826445225,1.7362052202224731
1789134826449225,0.7973898649215698
1789134826465225,0.7964566946029663
1789134826475225,0.796931803226471
1789134826485225,4.481398582458496
1789134826497225,4.934203147888184
1789134826505225,4.937771797180176
1789134826515225,2.714158058166504
1789134826525225,2.7148149013519287
1789134826533225,2.716010332107544
1789134826545225,0.2809238135814667
1789134826557225,-2.062997341156006
1789134826565225,-2.066896438598633
1789134826575225,-2.0797722339630127
1789134826581225,-2.082702875137329
1789134826595225,-2.084998369216919
1789134826605225,-2.0898830890655518
1789134826617225,4.014326572418213
1789134826625225,4.016932964324951
1789134826635225,6.095139026641846
1789134826645225,6.100651741027832
1789134826655225,6.102731227874756
1789134826665225,6.103804588317871
1789134826675225,0.14782477915287018
1789134826685225,0.14590692520141602
1789134826695225,-1.1155253648757935
1789134826705225,-1.119794249534607
1789134826713225,-1.122670292854309
1789134826725225,-1.1269844770431519
1789134826737225,2.363246202468872
1789134826745225,2.364095687866211
1789134826755225,4.540860652923584
1789134826765225,4.5442795753479
1789134826775225,4.5442214012146
1789134826783225,-0.0674162432551384
1789134826795225,-1.6491941213607788
1789134826805225,-1.653486967086792
1789134826811225,-0.35622239112854004
1789134826825225,-0.3565633296966553
1789134826835225,-0.35520824790000916
1789134826845225,-0.35776957869529724
1789134826857225,6.501868724822998
1789134826865225,6.507133960723877
1789134826875225,8.63154125213623
1789134826885225,8.640449523925781
1789134826895225,8.645915985107422
1789134826905225,8.655317306518555
1789134826917225,1.1730797290802002
1789134826925225,1.1726142168045044
1789134826933225,0.4965517520904541
1789134826943225,0.49417585134506226
1789134826955225,0.49125123023986816
1789134826965225,0.4897698163986206
1789134826977225,2.8908731937408447
1789134826985225,2.8922502994537354
1789134826995225,5.072746276855469
1789134827005225,5.0770087242126465
1789134827015225,5.077791213989258
1789134827025225,5.082414150238037
1789134827037225,-1.6441771984100342
1789134827043225,-1.6467878818511963
1789134827055225,-2.8074262142181396
1789134827065225,-2.813519239425659
1789134827075225,-2.819483757019043
1789134827085225,-2.8253731727600098
1789134827097225,1.3290499448776245
1789134827105225,1.328776240348816
1789134827109225,3.4631237983703613
1789134827125225,3.469068765640259
1789134827133225,3.4710707664489746
1789134827145225,1.2684763669967651
1789134827157225,0.4890117943286896
1789134827165225,0.48783230781555176
1789134827175225,1.543169379234314
1789134827185225,1.5449299812316895
1789134827195225,1.5485601425170898
1789134827205225,1.5484929084777832
1789134827217225,8.163299560546875
1789134827225225,8.170299530029297
1789134827235225,9.890154838562012
1789134827241225,9.896772384643555
1789134827255225,9.90593433380127
1789134827265225,4.723788261413574
1789134827277225,3.255586862564087
1789134827285225,3.2573046684265137
1789134827295225,2.5544447898864746
1789134827305225,2.5541117191314697
1789134827315225,2.5521974563598633
1789134827325225,2.55340576171875
1789134827337225,-3.411431312561035
1789134827339225,-3.4127800464630127
1789134827355225,-4.03162956237793
1789134827365385,-4.03906774520874
1789134827373385,-4.045108795166016
1789134827385385,-2.294903039932251
1789134827397385,0.09375430643558502
1789134827405385,0.09214195609092712
1789134827415385,1.7106257677078247
1789134827425385,1.7125680446624756
1789134827435385,1.7165617942810059
1789134827445385,4.232759475708008
1789134827457385,3.4207732677459717
1789134827465385,3.422698497772217
1789134827471385,1.4694137573242188
1789134827485385,1.4678078889846802
1789134827495385,1.4679594039916992
1789134827505385,2.8212413787841797
1789134827517385,3.4746036529541016
1789134827525385,3.4765827655792236
1789134827533385,2.372107744216919
1789134827545385,2.3712685108184814
1789134827555385,2.3693931102752686
1789134827565385,2.3703930377960205
1789134827577385,-2.7996158599853516
1789134827585385,-2.8043277263641357
1789134827595385,-3.9300594329833984
1789134827603385,-3.935945987701416
1789134827615385,-3.941800594329834
1789134827625385,-3.945523500442505
1789134827637385,1.9744640588760376
1789134827645385,1.9748820066452026
1789134827655385,2.825239896774292
1789134827665385,2.8268911838531494
1789134827675385,2.8270790576934814
1789134827685385,2.828732967376709
1789134827697385,0.28122350573539734
1789134827703385,0.28017690777778625
1789134827715385,-2.620100975036621
1789134827725385,-2.6257660388946533
1789134827733385,-2.628312587738037
1789134827745385,0.7538284659385681
1789134827757385,3.089972972869873
1789134827767385,5.066011428833008
1789134827769385,5.066943168640137
1789134827785385,5.073023796081543
1789134827795385,5.07525634765625
1789134827805385,0.8241435289382935
1789134827817385,-0.3849051892757416
1789134827825385,-0.3870026469230652
1789134827835385,-1.0435227155685425
1789134827845385,-1.0463448762893677
1789134827855385,-1.0466874837875366
1789134827865385,2.7693798542022705
1789134827877385,2.3238255977630615
1789134827885385,2.3246254920959473
1789134827895385,1.3039900064468384
1789134827901385,1.3037736415863037
1789134827915385,1.3022931814193726
1789134827925385,1.301932692527771
1789134827935385,3.794290781021118
1789134827945385,3.797252655029297
1789134827955385,5.942675590515137
1789134827965385,5.947977542877197
1789134827975385,5.950225830078125
1789134827985385,1.405855417251587
1789134827995385,0.21516390144824982
1789134828007385,0.5481333136558533
1789134828015385,0.5470248460769653
1789134828025385,0.5467994809150696
1789134828033385,0.5456909537315369
1789134828045385,5.902589797973633
1789134828057385,6.938199520111084
1789134828065385,6.943902015686035
1789134828075385,4.954938888549805
1789134828085385,4.9584126472473145
1789134828095385,4.959681510925293
1789134828103385,1.2198249101638794
1789134828117385,-0.02826118841767311
1789134828125385,-0.03000573255121708
1789134828131385,1.1665281057357788
1789134828145385,1.1685529947280884
1789134828155385,1.1716358661651611
1789134828165385,1.1710511445999146
1789134828177385,7.882548809051514
1789134828185385,7.889238357543945
1789134828195385,10.074263572692871
1789134828205385,10.084982872009277
1789134828215385,10.092409133911133
1789134828225385,10.103670120239258
1789134828237385,2.981693983078003
1789134828245385,2.983097553253174
1789134828255385,2.588738441467285
1789134828263385,2.5885555744171143
1789134828275385,2.586768388748169
1789134828285385,2.5879952907562256
1789134828297385,-3.166444778442383
1789134828305385,-3.1716010570526123
1789134828315385,-4.8310770988464355
1789134828325385,-4.839972019195557
1789134828333385,-4.846889495849609
1789134828345385,-4.857264995574951
1789134828357385,0.10913674533367157
1789134828363545,0.10792908072471619
1789134828369545,1.025521993637085
1789134828385545,1.0280003547668457
1789134828395545,1.0309077501296997
1789134828405545,1.0301191806793213
1789134828417545,7.689538955688477
1789134828425545,7.696010589599609
1789134828429545,9.917311668395996
1789134828445545,9.933908462524414
1789134828455545,9.94107723236084
1789134828465545,5.05600643157959
1789134828477545,3.3240766525268555
1789134828485545,3.325840473175049
1789134828495545,2.3133773803710938
1789134828505545,2.312633991241455
1789134828515545,2.310356378555298
1789134828525545,2.3112099170684814
1789134828537545,-1.5099583864212036
1789134828545545,-1.5133503675460815
1789134828555545,-1.4192309379577637
1789134828561545,-1.4216961860656738
1789134828575545,-1.4232796430587769
1789134828585545,-1.4273885488510132
1789134828597545,4.401840686798096
1789134828605545,4.404773712158203
1789134828615545,5.416199207305908
1789134828625545,5.420475006103516
1789134828635545,5.42363166809082
1789134828645545,5.4286394119262695
1789134828657545,0.29201874136924744
1789134828659545,0.29164934158325195
1789134828675545,-1.9749196767807007
1789134828685545,-1.979962706565857
1789134828693545,-1.9821642637252808
1789134828705545,-1.9879951477050781
1789134828717545,3.309757947921753
1789134828725545,3.311526298522949
1789134828733545,4.402495861053467
1789134828745545,4.406143665313721
1789134828755545,4.407943248748779
1789134828765545,-0.23919080197811127
1789134828777545,-0.946534276008606
1789134828785545,-0.9493131637573242
1789134828791545,0.7657254934310913
1789134828805545,0.765526294708252
1789134828815545,0.7683040499687195
1789134828825545,5.402782917022705
1789134828837545,7.338735103607178
1789134828845545,7.344785690307617
1789134828851545,5.442132949829102
1789134828865545,5.446147441864014
1789134828875545,5.447683811187744
1789134828885545,5.452704906463623
1789134828897545,-0.5369500517845154
1789134828905545,-0.5393229722976685
1789134828915545,-2.7364308834075928
1789134828923545,-2.7413902282714844
1789134828933545,-2.7455646991729736
1789134828943545,-0.10275848954916
1789134828955545,2.4508397579193115
1789134828965545,2.4518847465515137
1789134828975545,3.4084224700927734
1789134828985545,3.4103426933288574
1789134828993545,1.7327960729599
1789134829005545,1.7328912019729614
1789134829017545,1.4312576055526733
1789134829023545,1.4310638904571533
1789134829035545,3.509746789932251
1789134829043545,3.5125012397766113
1789134829055545,3.5138442516326904
1789134829065545,1.592093586921692
1789134829077545,0.6929609775543213
1789134829085545,0.6919072270393372
1789134829089545,1.9329783916473389
1789134829105545,1.9373027086257935
1789134829115545,1.940644383430481
1789134829125545,5.081722259521484
1789134829137545,4.875958442687988
1789134829145545,4.87935209274292
1789134829155545,2.3727118968963623
1789134829165545,2.3727033138275146
1789134829175545,2.3705763816833496
1789134829185545,2.371474266052246
1789134829197545,-2.1537914276123047
1789134829205545,-2.157899856567383
1789134829215545,-2.5256035327911377
1789134829221545,-2.5289742946624756
1789134829235545,-2.535351276397705
1789134829245545,-2.540969133377075
1789134829257545,1.6216504573822021
1789134829265545,1.621600866317749
1789134829275545,3.692121744155884
1789134829285545,3.695509672164917
1789134829295545,3.6970725059509277
1789134829305545,1.1060473918914795
1789134829317545,-1.1732416152954102
1789134829319545,-1.1740010976791382
1789134829333545,-1.0658650398254395
1789134829345545,-1.06840980052948
1789134829353545,-1.0713269710540771
1789134829365545,-1.0757026672363281
1789134829377704,4.1271467208862305
1789134829385704,4.129782199859619
1789134829395704,6.23961877822876
1789134829405704,6.245181083679199
1789134829415704,6.2472825050354
1789134829425704,1.2403552532196045
1789134829437704,0.016385480761528015
1789134829445704,0.014617600478231907
1789134829451704,2.2286312580108643
1789134829465704,2.231747627258301
1789134829475704,2.232501745223999
1789134829485704,2.231452465057373
1789134829497704,-0.28179964423179626
1789134829507704,-0.42653220891952515
1789134829515704,-0.42877137660980225
1789134829525704,-0.4314402639865875
1789134829533704,-0.4336794316768646
1789134829543704,2.7000317573547363
1789134829555704,3.153223991394043
1789134829567704,1.8922462463378906
1789134829575704,1.8924851417541504
1789134829583704,1.8918321132659912
1789134829595704,1.8917686939239502
1789134829605704,1.8920671939849854
1789134829617704,4.040711879730225
1789134829625704,4.043241500854492
1789134829635704,4.038699150085449
1789134829645704,4.041154861450195
1789134829655704,4.041344165802002
1789134829665704,4.044496059417725
1789134829677704,-1.760850191116333
1789134829683704,-1.7636052370071411
1789134829695704,-3.1491189002990723
1789134829705704,-3.1558313369750977
1789134829715704,-3.1608076095581055
1789134829725704,-3.167236566543579
1789134829737704,1.4508289098739624
1789134829745704,1.4506175518035889
1789134829749704,3.8479020595550537
1789134829765704,3.85459041595459
1789134829775704,3.8562216758728027
1789134829785704,1.4455993175506592
1789134829797704,0.5062999725341797
1789134829805704,0.505070686340332
1789134829815704,1.377151608467102
1789134829825704,1.3785834312438965
1789134829835704,1.3818693161010742
1789134829845704,1.3814960718154907
1789134829857704,7.970831871032715
1789134829865704,7.977556228637695
1789134829875704,10.131381034851074
1789134829881704,10.138138771057129
1789134829895704,10.14815616607666
1789134829905704,5.311797142028809
1789134829917704,3.339665651321411
1789134829927704,2.293395757675171
1789134829933704,2.293858528137207
1789134829945704,2.2928378582000732
1789134829955704,2.290677547454834
1789134829965704,2.2914488315582275
1789134829975704,-1.9921542406082153
1789134829987704,-2.6583235263824463
1789134829995704,-2.6629745960235596
1789134830005704,-2.668694257736206
1789134830013704,-2.6733450889587402
1789134830025704,0.397427499294281
1789134830035704,2.465461254119873
1789134830047704,3.5074586868286133
1789134830055704,3.509402275085449
1789134830065704,3.5111172199249268
1789134830075704,3.5112898349761963
1789134830085704,-0.08987632393836975
1789134830097704,0.7521345615386963
1789134830105704,0.7511383891105652
1789134830111704,2.994614601135254
1789134830125704,2.9983184337615967
1789134830133704,2.9997143745422363
1789134830145704,0.3150814473628998
1789134830157704,-1.9010881185531616
1789134830165704,-1.904916763305664
1789134830175704,-1.8302950859069824
1789134830185704,-1.8333932161331177
1789134830195704,-1.8347901105880737
1789134830205704,-1.839470386505127
1789134830217704,4.462358474731445
1789134830225704,4.465336799621582
1789134830235704,6.68887996673584
1789134830243704,6.693673133850098
1789134830255704,6.696649551391602
1789134830265704,1.6661186218261719
1789134830277704,0.8346825242042542
1789134830285704,0.8337701559066772
1789134830295704,2.009958028793335
1789134830305704,2.0111804008483887
1789134830313704,1.7242023944854736
1789134830325704,1.7242555618286133
1789134830337704,2.2897026538848877
1789134830343704,2.2901813983917236
1789134830355704,3.6228785514831543
1789134830365704,3.6251518726348877
1789134830375864,3.624702215194702
1789134830383864,-0.24345895648002625
1789134830397864,-1.5270406007766724
1789134830405864,-1.5304750204086304
1789134830409864,0.11866670846939087
1789134830425864,0.11837542802095413
1789134830435864,0.11972040683031082
1789134830443864,1.2729084491729736
1789134830455864,0.6526440382003784
1789134830465864,0.6512656211853027
1789134830475864,2.456451416015625
1789134830485864,2.4581377506256104
1789134830495864,2.458200216293335
1789134830505864,2.4592270851135254
1789134830517864,-1.6270517110824585
1789134830527864,-2.776343822479248
1789134830533864,-2.7799124717712402
1789134830541864,-2.784670352935791
1789134830555864,-2.792219638824463
1789134830565864,-2.7981674671173096
1789134830577864,1.152523159980774
1789134830585864,1.1519845724105835
1789134830595864,3.282097339630127
1789134830605864,3.2851028442382812
1789134830615864,3.2858333587646484
1789134830625864,0.8858975768089294
1789134830637864,-0.05983032286167145
1789134830639864,-0.06028922647237778
1789134830655864,0.9867774844169617
1789134830665864,0.9877146482467651
1789134830673864,0.9869968891143799
1789134830685864,0.9859203100204468
1789134830697864,7.722932815551758
1789134830705864,7.729400634765625
1789134830715864,9.87924575805664
1789134830725864,9.889655113220215
1789134830733864,9.89840316772461
1789134830745864,5.368468761444092
1789134830757864,3.5427629947662354
1789134830765864,3.5447165966033936
1789134830771864,2.567995071411133
1789134830785864,2.566884756088257
1789134830795864,2.5648674964904785
1789134830805864,2.566006660461426
1789134830817864,-3.5530691146850586
1789134830825864,-3.5586843490600586
1789134830835864,-5.705935001373291
1789134830845864,-5.716045379638672
1789134830855864,-5.724361419677734
1789134830865864,-3.1890950202941895
1789134830877864,-0.9919604659080505
1789134830885864,-0.9947929978370667
1789134830895864,0.030563246458768845
1789134830903864,0.03096124716103077
1789134830915864,0.03342737257480621
1789134830925864,0.03125651180744171
1789134830937864,7.04166841506958
1789134830947864,9.230181694030762
1789134830955864,9.23824691772461
1789134830965864,9.247827529907227
1789134830975864,9.253937721252441
1789134830985864,9.264019966125488
1789134830997864,2.7290258407592773
1789134831003864,2.729839324951172
1789134831015864,2.157274007797241
1789134831025864,2.156954526901245
1789134831035864,2.1559503078460693
1789134831045864,1.5158971548080444
1789134831055864,2.6029610633850098
1789134831065864,2.6041462421417236
1789134831069864,4.638286113739014
1789134831085864,4.64358377456665
1789134831095864,4.643833160400391
1789134831105864,0.14760735630989075
1789134831117864,-1.2356963157653809
1789134831125864,-1.2388490438461304
1789134831133864,-0.448198139667511
1789134831145864,-0.44927290081977844
1789134831155864,-0.4485197365283966
1789134831165864,-0.4514032006263733
1789134831177864,6.158269882202148
1789134831185864,6.163014888763428
1789134831195864,8.296770095825195
1789134831201864,8.30202865600586
1789134831215864,8.308334350585938
1789134831225864,3.647197961807251
1789134831237864,2.8075754642486572
1789134831245864,2.8087120056152344
1789134831255864,1.698830485343933
1789134831265864,1.697320580482483
1789134831275864,1.6963006258010864
1789134831285864,1.6962414979934692
1789134831297864,4.0166215896606445
1789134831299864,4.017228126525879
1789134831315864,5.816564559936523
1789134831325864,5.821350574493408
1789134831333864,5.825687885284424
1789134831343864,1.1438096761703491
1789134831355864,-0.28861233592033386
1789134831367864,0.5109575986862183
1789134831375864,0.5096293091773987
1789134831386023,0.509752094745636
1789134831396023,0.5116991400718689
1789134831406023,3.1555562019348145
1789134831418023,3.648143768310547
1789134831426023,3.6501576900482178
1789134831432023,1.4483187198638916
1789134831446023,1.446286678314209
1789134831456023,1.4451485872268677
1789134831466023,1.7256146669387817
1789134831478023,4.031608581542969
1789134831486023,4.034033298492432
1789134831496023,5.013101100921631
1789134831506023,5.017014026641846
1789134831516023,5.019273281097412
1789134831526023,5.018867492675781
1789134831536023,-0.137710839509964
1789134831548023,-2.5699334144592285
1789134831556023,-2.574561834335327
1789134831564023,-2.579195976257324
1789134831576023,-2.5851857662200928
1789134831586023,-1.0279992818832397
1789134831596023,1.1211609840393066
1789134831608023,2.5783166885375977
1789134831616023,2.57920241355896
1789134831626023,2.58148193359375
1789134831632023,2.715792417526245
1789134831646023,2.7144577503204346
1789134831656023,-0.15583616495132446
1789134831668023,-2.3337013721466064
1789134831676023,-2.338050603866577
1789134831686023,-2.34342360496521
1789134831696023,-2.346888542175293
1789134831706023,-2.3489105701446533
1789134831718023,3.164836883544922
1789134831728023,3.6180508136749268
1789134831730023,3.6185550689697266
1789134831746023,3.621199131011963
1789134831756023,3.621389865875244
1789134831766023,-1.110838770866394
1789134831776023,-1.8234702348709106
1789134831788023,-0.18956975638866425
1789134831796023,-0.19160544872283936
1789134831806023,-0.19329990446567535
1789134831816023,-0.1929098665714264
1789134831824023,3.512455940246582
1789134831836023,0.5367634892463684
1789134831846023,0.5351943969726562
1789134831852023,-0.3345688283443451
1789134831862023,-0.3372953534126282
1789134831876023,-0.3399606943130493
1789134831886023,-0.33943021297454834
1789134831896023,3.254758358001709
1789134831908023,3.1119301319122314
1789134831916023,3.113429546356201
1789134831926023,3.1149303913116455
1789134831934023,3.1164300441741943
1789134831944023,-0.5729438662528992
1789134831958023,-1.6439532041549683
1789134831968023,-1.042189121246338
1789134831976023,-1.0451164245605469
1789134831986023,-1.0470614433288574
1789134831994023,-1.049988865852356
1789134832006023,-1.0543798208236694
1789134832018023,5.441497802734375
1789134832026023,5.445501804351807
1789134832036023,7.574430465698242
1789134832044023,7.580158233642578
1789134832056023,7.584607124328613
1789134832066023,2.6366372108459473
1789134832078023,1.0785578489303589
1789134832086023,1.0778796672821045
1789134832092023,-0.8644533157348633
1789134832106023,-0.8688405752182007
1789134832116023,-0.8710067868232727
1789134832126023,-0.8744413256645203
1789134832138023,3.4880712032318115
1789134832146023,3.489978313446045
1789134832156023,5.443109512329102
1789134832166023,5.447570323944092
1789134832176023,5.448667526245117
1789134832186023,0.8812109231948853
1789134832196023,2.166313648223877
1789134832208023,3.220705509185791
1789134832216023,3.2223124504089355
1789134832224023,3.2235195636749268
1789134832236023,3.2232675552368164
1789134832246023,3.225276231765747
1789134832258023,-2.06673526763916
1789134832266023,-2.0707740783691406
1789134832276023,-4.301917552947998
1789134832286023,-4.310142993927002
1789134832294023,-2.246575117111206
1789134832306023,-2.252880334854126
1789134832318023,1.5315519571304321
1789134832324023,1.5314313173294067
1789134832334023,2.629882335662842
1789134832346023,2.6328728199005127
1789134832356023,2.6342575550079346
1789134832366023,2.635519027709961
1789134832378023,-0.5779798626899719
1789134832386182,-0.5803988575935364
1789134832390182,-2.8125438690185547
1789134832406182,-2.821648359298706
1789134832416182,-2.8252649307250977
1789134832426182,0.4664619266986847
1789134832438182,2.5974862575531006
1789134832446182,2.598478317260742
1789134832456182,3.694295644760132
1789134832466182,3.696314811706543
1789134832476182,3.6967813968658447
1789134832486182,3.6994786262512207
1789134832496182,0.986214280128479
1789134832508182,-1.5248841047286987
1789134832516182,-1.5282961130142212
1789134832522182,-1.5309261083602905
1789134832534182,-1.5360442399978638
1789134832546182,-1.53840970993042
1789134832556182,2.712005853652954
1789134832568182,3.832284688949585
1789134832576182,3.8346030712127686
1789134832586182,3.8367669582366943
1789134832596182,3.8372058868408203
1789134832606182,3.8401036262512207
1789134832618182,0.8810377717018127
1789134832628182,-1.4268991947174072
1789134832636182,-1.4301984310150146
1789134832646182,-1.434116244316101
1789134832654182,-1.4374157190322876
1789134832666182,-1.4423646926879883
1789134832676182,4.0443596839904785
1789134832686182,4.047546863555908
1789134832696182,5.063621520996094
1789134832706182,5.06752347946167
1789134832716182,5.070324897766113
1789134832726182,0.8513870239257812
1789134832736182,-0.254139244556427
1789134832748182,-1.1480952501296997
1789134832752182,-1.1495954990386963
1789134832766182,-1.154186487197876
1789134832776182,-1.1555900573730469
1789134832786182,-1.159340500831604
1789134832796182,3.23840594291687
1789134832806182,3.2405166625976562
1789134832816182,4.328431606292725
1789134832826182,4.331283092498779
1789134832836182,4.332435131072998
1789134832846182,4.335990905761719
1789134832858182,-1.3887966871261597
1789134832866182,-1.3920581340789795
1789134832876182,-3.523709535598755
1789134832884182,-3.529369831085205
1789134832896182,-3.5349321365356445
1789134832906182,0.6210333704948425
1789134832918182,2.8188588619232178
1789134832926182,2.82011342048645
1789134832934182,3.8748364448547363
1789134832946182,3.8775346279144287
1789134832956182,3.87829852104187
1789134832966182,3.881270170211792
1789134832978182,1.3552772998809814
1789134832984182,1.3550370931625366
1789134832996182,-1.0323708057403564
1789134833006182,-1.0356475114822388
1789134833016182,-1.0369834899902344
1789134833026182,-1.040561318397522
1789134833036182,4.329344749450684
1789134833044182,4.332206726074219
1789134833050182,5.493322849273682
1789134833066182,5.5001301765441895
1789134833076182,5.502832412719727
1789134833086182,1.7344228029251099
1789134833096182,0.7000959515571594
1789134833108182,-0.19942472875118256
1789134833116182,-0.201410174369812
1789134833126182,-0.20361490547657013
1789134833134182,-0.20560021698474884
1789134833146182,3.2895431518554688
1789134833156182,5.369133949279785
1789134833168182,3.8034186363220215
1789134833176182,3.8056981563568115
1789134833182182,3.807408332824707
1789134833196182,3.807415723800659
1789134833206182,3.81026554107666
1789134833218182,0.24401290714740753
1789134833226182,0.24248722195625305
1789134833236182,-1.5321277379989624
1789134833246182,-1.5363359451293945
1789134833256182,-1.5394248962402344
1789134833266182,0.9352160692214966
1789134833278182,3.2848453521728516
1789134833280182,3.2852790355682373
1789134833296182,4.167079925537109
1789134833306182,4.169569969177246
1789134833314182,4.172239780426025
1789134833326182,4.176244258880615
1789134833338182,-1.8016639947891235
1789134833346182,-1.8053715229034424
1789134833356182,-4.016526699066162
1789134833366182,-4.024328231811523
1789134833376182,-4.030360698699951
1789134833386182,-1.5344337224960327
1789134833398340,0.3621376156806946
1789134833406340,0.36077556014060974
1789134833412340,1.674566388130188
1789134833426340,1.677384376525879
1789134833436340,1.6806458234786987
1789134833446340,1.6806951761245728
1789134833458340,4.3646464347839355
1789134833466340,4.367547988891602
1789134833476340,4.767720699310303
1789134833486340,4.771004676818848
1789134833496340,4.771580219268799
1789134833506340,4.775735378265381
1789134833518340,-2.210559606552124
1789134833526340,-2.2146871089935303
1789134833534340,-3.327993154525757
1789134833544340,-3.3354032039642334
1789134833556340,-3.3427670001983643
1789134833566340,-3.3494038581848145
1789134833578340,0.359140008687973
1789134833586340,0.3577938973903656
1789134833596340,2.5754525661468506
1789134833606340,2.5776069164276123
1789134833616340,2.5777554512023926
1789134833626340,2.5790281295776367
1789134833638340,0.5998355746269226
1789134833644340,0.5990148186683655
1789134833656340,-0.39095932245254517
1789134833666340,-0.39391934871673584
1789134833676340,-0.39596712589263916
1789134833686340,-0.39865052700042725
1789134833698340,3.022099018096924
1789134833708340,5.0413103103637695
1789134833710340,5.042224407196045
1789134833726340,5.048502445220947
1789134833734340,5.052158355712891
1789134833744340,0.8189626932144165
1789134833756340,-0.38294321298599243
1789134833768340,0.3705216646194458
1789134833776340,0.3691878020763397
1789134833786340,0.3692866861820221
1789134833796340,0.37126731872558594
1789134833806340,0.3696000277996063
1789134833818340,2.400786876678467
1789134833826340,2.401621103286743
1789134833836340,4.336524486541748
1789134833842340,4.338695526123047
1789134833854340,0.7514693737030029
1789134833866340,0.7500660419464111
1789134833876340,1.251469373703003
1789134833886340,1.2509697675704956
1789134833896340,2.337186336517334
1789134833906340,2.338899850845337
1789134833916340,2.3400514125823975
1789134833926340,2.340998888015747
1789134833938340,-0.8048095703125
1789134833940340,-0.8054587244987488
1789134833956340,-3.0097718238830566
1789134833966340,-3.0158531665802
1789134833974340,-3.0207910537719727
1789134833986340,-3.0281975269317627
1789134833998340,2.0424325466156006
1789134834006340,2.042909860610962
1789134834016340,3.285310983657837
1789134834026340,3.2868309020996094
1789134834036340,3.286609649658203
1789134834046340,-0.18806825578212738
1789134834056340,1.0319585800170898
1789134834068340,2.7900116443634033
1789134834072340,2.79064679145813
1789134834086340,2.7942707538604736
1789134834096340,2.794948101043701
1789134834106340,2.7965359687805176
1789134834118340,1.0520823001861572
1789134834128340,-0.031814735382795334
1789134834134340,-0.03312499448657036
1789134834146340,-0.0353708453476429
1789134834156340,-0.03644019737839699
1789134834166340,-0.0386238656938076
1789134834178340,4.594313144683838
1789134834186340,4.597506523132324
1789134834196340,6.77491569519043
1789134834204340,6.779902458190918
1789134834216340,6.783246040344238
1789134834226340,6.79013204574585
1789134834238340,-0.06462710350751877
1789134834248340,-1.134377121925354
1789134834256340,-1.1373250484466553
1789134834266340,-1.1416548490524292
1789134834276340,-1.1442127227783203
1789134834286340,-1.1478978395462036
1789134834298340,3.7534067630767822
1789134834304340,3.7551193237304688
1789134834316340,5.986242771148682
1789134834326340,5.991549015045166
1789134834334340,5.996204853057861
1789134834346340,1.056167721748352
1789134834358340,-0.03223948925733566
1789134834366340,-0.03401605039834976
1789134834370340,2.152374505996704
1789134834386340,2.155548095703125
1789134834396498,2.1560747623443604
1789134834406498,-0.21063606441020966
1789134834418498,-0.8818209171295166
1789134834426498,-0.8845022320747375
1789134834436498,0.7076447010040283
1789134834446498,0.7073794603347778
1789134834456498,0.7101912498474121
1789134834466498,5.68079137802124
1789134834478498,6.144571304321289
1789134834486498,6.14937686920166
1789134834496498,4.891381740570068
1789134834502498,4.893976211547852
1789134834516498,4.894937992095947
1789134834526498,4.899261474609375
1789134834538498,-1.5606186389923096
1789134834546498,-1.5640525817871094
1789134834556498,-3.7831993103027344
1789134834566498,-3.790653944015503
1789134834576498,-3.7954306602478027
1789134834586498,-0.08992484211921692
1789134834598498,2.446321487426758
1789134834600498,2.4465396404266357
1789134834616498,3.4736275672912598
1789134834626498,3.4754226207733154
1789134834634498,3.4773855209350586
1789134834646498,3.480329990386963
1789134834658498,-2.020033121109009
1789134834666498,-2.0239388942718506
1789134834676498,-4.260278224945068
1789134834686498,-4.268354892730713
1789134834696498,-4.274086952209473
1789134834706498,-0.928546667098999
1789134834718498,1.458276391029358
1789134834726498,1.4581172466278076
1789134834732498,2.5737268924713135
1789134834746498,2.5773258209228516
1789134834756498,2.5787100791931152
1789134834766498,2.5799975395202637
1789134834778498,-0.34978607296943665
1789134834786498,-0.3518819510936737
1789134834796498,-2.5852339267730713
1789134834806498,-2.5907211303710938
1789134834816498,-2.594240188598633
1789134834826498,0.5382164716720581
1789134834836498,2.7955098152160645
1789134834846498,2.7971103191375732
1789134834852498,3.8704888820648193
1789134834864498,3.872901201248169
1789134834876498,3.873584032058716
1789134834886498,3.876613140106201
1789134834898498,-1.701901912689209
1789134834906498,-1.7054312229156494
1789134834916498,-3.946152448654175
1789134834926498,-3.9537887573242188
1789134834934498,-3.959699869155884
1789134834946498,-3.96856689453125
1789134834958498,0.7242047786712646
1789134834964498,0.7235314846038818
1789134834976498,1.7978975772857666
1789134834986498,1.7993963956832886
1789134834996498,1.8002562522888184
1789134835006498,1.8005661964416504
1789134835018498,0.44127732515335083
1789134835026498,0.4400753378868103
1789134835030498,1.3443728685379028
1789134835044498,1.3449724912643433
1789134835056498,1.3486309051513672
1789134835066498,4.455219745635986
1789134835078498,2.968477487564087
1789134835086498,2.9699618816375732
1789134835096498,1.4610294103622437
1789134835106498,1.4594080448150635
1789134835116498,1.4582141637802124
1789134835126498,1.45805823802948
1789134835138498,4.255612850189209
1789134835148498,5.713294982910156
1789134835156498,5.717703819274902
1789134835162498,5.721009731292725
1789134835176498,5.723117828369141
1789134835186498,1.3870079517364502
1789134835198498,1.4072800874710083
1789134835206498,1.4070831537246704
1789134835216498,2.460500717163086
1789134835226498,2.4628920555114746
1789134835236498,2.464263677597046
1789134835246498,2.4654204845428467
1789134835258498,-0.6459797620773315
1789134835260498,-0.6465782523155212
1789134835276498,-2.865002393722534
1789134835286498,-2.870932102203369
1789134835294498,-2.8756823539733887
1789134835306498,-2.882807731628418
1789134835318498,1.868958830833435
1789134835326498,1.8692835569381714
1789134835334498,2.9145076274871826
1789134835346498,2.91597843170166
1789134835356498,2.915987491607666
1789134835366498,-0.4710617661476135
1789134835378498,0.1103745773434639
1789134835386498,0.10882411897182465
1789134835392498,-0.5058110952377319
1789134835406656,-0.5082150101661682
1789134835416656,-0.5076920986175537
1789134835426656,-0.5104473233222961
1789134835436656,5.5267558097839355
1789134835448656,6.5973687171936035
1789134835456656,6.602734088897705
1789134835466656,6.608757495880127
1789134835476656,6.613090991973877
1789134835486656,6.619797229766846
1789134835498656,1.1502848863601685
1789134835506656,1.1498116254806519
1789134835516656,-0.7729127407073975
1789134835524656,-0.7756399512290955
1789134835534656,-0.7769869565963745
1789134835546656,-0.77703857421875
1789134835556656,2.4753615856170654
1789134835568656,2.4577040672302246
1789134835576656,2.4586308002471924
1789134835586656,2.459214210510254
1789134835592656,0.5411648154258728
1789134835606656,0.5412524938583374
1789134835616656,2.555262565612793
1789134835628656,3.2825567722320557
1789134835636656,3.284357786178589
1789134835646656,3.2860898971557617
1789134835656656,3.2859561443328857
1789134835666656,3.2841384410858154
1789134835676656,1.7235442399978638
1789134835686656,1.723714828491211
1789134835690656,0.0610230416059494
1789134835706656,0.05767710506916046
1789134835716656,0.05627720057964325
1789134835726656,3.0415375232696533
1789134835736656,4.120433807373047
1789134835746656,4.123805046081543
1789134835756656,2.6285104751586914
1789134835766656,2.6289665699005127
1789134835776656,2.627288818359375
1789134835786656,2.62866473197937
1789134835798656,-1.0026843547821045
1789134835806656,-1.0054579973220825
1789134835816656,-2.2493748664855957
1789134835822656,-2.252446174621582
1789134835836656,-2.25877046585083
1789134835846656,-2.2638890743255615
1789134835858656,1.5104572772979736
1789134835866656,1.5103917121887207
1789134835876656,3.6685469150543213
1789134835886656,3.6721909046173096
1789134835896656,3.673529863357544
1789134835904656,1.3630561828613281
1789134835918656,0.5538797974586487
1789134835920656,0.5536061525344849
1789134835934656,1.605665683746338
1789134835946656,1.6075127124786377
1789134835954656,1.607540249824524
1789134835966656,1.607581615447998
1789134835978656,3.0393595695495605
1789134835988656,3.2620737552642822
1789134835996656,3.2638635635375977
1789134836006656,3.2653539180755615
1789134836016656,3.264145612716675
1789134836026656,-0.7885299324989319
1789134836036656,-0.21382233500480652
1789134836044656,-0.21573877334594727
1789134836052656,-0.5333825349807739
1789134836066656,-0.5348601341247559
1789134836076656,-0.5345962047576904
1789134836086656,-0.5374122262001038
1789134836098656,5.6565423011779785
1789134836106656,5.660898208618164
1789134836116656,7.892195224761963
1789134836126656,7.900106906890869
1789134836134656,7.906834125518799
1789134836146656,2.884478807449341
1789134836158656,1.0339009761810303
1789134836166656,1.0332896709442139
1789134836176656,0.2925206422805786
1789134836184656,0.29123541712760925
1789134836196656,0.29082903265953064
1789134836206656,0.2890796363353729
1789134836218656,4.918036460876465
1789134836226656,4.92157506942749
1789134836236656,7.060153484344482
1789134836246656,7.066872596740723
1789134836256656,7.070183277130127
1789134836266656,7.077448844909668
1789134836278656,-0.17446479201316833
1789134836284656,-0.1759125143289566
1789134836296656,-1.2259126901626587
1789134836306656,-1.2301818132400513
1789134836316656,-1.2335007190704346
1789134836326656,-1.2373075485229492
1789134836338656,3.013267755508423
1789134836346656,3.014758825302124
1789134836350656,5.168584823608398
1789134836366656,5.17517614364624
1789134836376656,5.176007270812988
1789134836386656,0.2735889256000519
1789134836398656,-0.4919513463973999
1789134836406814,-0.4942091405391693
1789134836410814,0.5820531845092773
1789134836426814,0.5841317176818848
1789134836436814,0.5868712067604065
1789134836446814,0.5854848027229309
1789134836458814,7.693704605102539
1789134836466814,7.7001776695251465
1789134836476814,9.83565902709961
1789134836482814,9.842212677001953
1789134836496814,9.851495742797852
1789134836506814,4.686509132385254
1789134836518814,3.1875991821289062
1789134836526814,3.189218521118164
1789134836534814,2.2052018642425537
1789134836546814,2.2038419246673584
1789134836556814,2.2013514041900635
1789134836566814,2.2020626068115234
1789134836578814,-2.5801916122436523
1789134836580814,-2.581324338912964
1789134836596814,-3.5233490467071533
1789134836606814,-3.5301871299743652
1789134836614814,-3.5357120037078857
1789134836626814,0.14928729832172394
1789134836638814,2.011080265045166
1789134836646814,2.0114798545837402
1789134836656814,4.122473239898682
1789134836666814,4.124983310699463
1789134836676814,4.125767230987549
1789134836686814,-0.4778527021408081
1789134836698814,-1.3186968564987183
1789134836706814,-1.3218523263931274
1789134836712814,0.0020961565896868706
1789134836726814,0.000490492966491729
1789134836734814,-0.001251205219887197
1789134836746814,4.6877641677856445
1789134836758814,5.083499431610107
1789134836766814,5.087174892425537
1789134836776814,3.847764730453491
1789134836786814,3.8491837978363037
1789134836796814,3.849099636077881
1789134836806814,3.852036952972412
1789134836818814,-1.0855809450149536
1789134836826814,-1.0884971618652344
1789134836836814,-3.3338961601257324
1789134836844814,-3.3393380641937256
1789134836856814,-3.345839738845825
1789134836866814,-0.9048311114311218
1789134836876814,1.2672429084777832
1789134836886814,1.266770362854004
1789134836896814,2.3317694664001465
1789134836906814,2.3338797092437744
1789134836916814,2.334991693496704
1789134836926814,2.335937738418579
1789134836938814,-0.8113874793052673
1789134836944814,-0.8133372068405151
1789134836956814,-3.058058261871338
1789134836966814,-3.0643460750579834
1789134836976814,-3.068751573562622
1789134836986814,-3.074984073638916
1789134836998814,1.9156394004821777
1789134837006814,1.9159833192825317
1789134837010814,3.061631679534912
1789134837026814,3.0631895065307617
1789134837036814,3.062612295150757
1789134837044814,-0.43305888772010803
1789134837058814,0.8829476237297058
1789134837066814,0.8821907639503479
1789134837076814,2.9855473041534424
1789134837086814,2.988354444503784
1789134837096814,2.989022731781006
1789134837106814,0.8462693691253662
1789134837118814,-1.2201021909713745
1789134837126814,-1.2231054306030273
1789134837134814,-1.5934109687805176
1789134837142814,-1.5968056917190552
1789134837156814,-1.5977418422698975
1789134837166814,-1.59617018699646
1789134837178814,4.474803447723389
1789134837186814,4.47788667678833
1789134837196814,4.188112258911133
1789134837206814,4.191303730010986
1789134837216814,4.191859245300293
1789134837226814,0.5512460470199585
1789134837238814,0.7197643518447876
1789134837240814,0.719531238079071
1789134837256814,0.4797089397907257
1789134837266814,0.47885075211524963
1789134837274814,0.4776652753353119
1789134837286814,0.4758870303630829
1789134837298814,6.183898448944092
1789134837306814,6.1888017654418945
1789134837316814,8.35555362701416
1789134837326814,8.364026069641113
1789134837334814,8.371231079101562
1789134837346814,3.2652578353881836
1789134837358814,1.5718605518341064
1789134837366814,1.571803331375122
1789134837372814,0.542915940284729
1789134837386814,0.541411280632019
1789134837396814,0.5414409041404724
1789134837406814,0.5399987101554871
1789134837418971,5.14068603515625
1789134837426971,5.144440174102783
1789134837436971,7.401234149932861
1789134837446971,7.408412933349609
1789134837456971,7.412140369415283
1789134837466971,2.767366647720337
1789134837478971,-0.43662622570991516
1789134837486971,-0.4388483166694641
1789134837496971,-0.8915424346923828
1789134837504971,-0.8940549492835999
1789134837516971,-0.8962699174880981
1789134837526971,-0.8996467590332031
1789134837538971,4.1014862060546875
1789134837546971,4.104121208190918
1789134837556971,6.263059139251709
1789134837566971,6.268654823303223
1789134837576971,6.27179479598999
1789134837586971,6.277958393096924
1789134837598971,-0.4336851239204407
1789134837608971,-1.680101990699768
1789134837616971,-1.6836621761322021
1789134837626971,-1.688673734664917
1789134837636971,-1.6937179565429688
1789134837646971,-1.698168158531189
1789134837658971,3.3130526542663574
1789134837666971,3.3148422241210938
1789134837670971,5.31910514831543
1789134837686971,5.325988292694092
1789134837696971,5.327007293701172
1789134837706971,0.43848830461502075
1789134837718971,-0.6077537536621094
1789134837726971,-0.6101577281951904
1789134837734971,-0.2723425328731537
1789134837746971,-0.2733727693557739
1789134837756971,-0.273612380027771
1789134837766971,-0.27339255809783936
1789134837778971,1.493309497833252
1789134837786971,1.4931554794311523
1789134837796971,3.3238372802734375
1789134837802971,3.3251841068267822
1789134837816971,3.32651424407959
1789134837826971,1.0965206623077393
1789134837838971,0.06623547524213791
1789134837846971,0.0645551010966301
1789134837852971,1.045595407485962
1789134837866971,1.0476527214050293
1789134837876971,1.0506671667099
1789134837886971,1.0498754978179932
1789134837896971,7.788229942321777
1789134837908971,9.9337158203125
1789134837916971,9.94253921508789
1789134837926971,9.953021049499512
1789134837934971,9.961844444274902
1789134837946971,9.975077629089355
1789134837958971,3.1755528450012207
1789134837966971,3.1771109104156494
1789134837976971,2.2937042713165283
1789134837986971,2.293785572052002
1789134837996971,2.2909226417541504
1789134838006971,-2.025555372238159
1789134838018971,-2.4462385177612305
1789134838026971,-2.450667381286621
1789134838032971,-1.8489582538604736
1789134838044971,-1.8532023429870605
1789134838056971,-1.8543548583984375
1789134838066971,3.0532124042510986
1789134838078971,3.902601480484009
1789134838088971,2.7296760082244873
1789134838096971,2.7307772636413574
1789134838106971,2.7304928302764893
1789134838116971,2.728637218475342
1789134838126971,2.730013847351074
1789134838138971,-3.658496379852295
1789134838146971,-3.66420578956604
1789134838156971,-5.94520378112793
1789134838164971,-5.953560829162598
1789134838176971,-5.962810039520264
1789134838184971,-2.3197314739227295
1789134838196971,0.08424042165279388
1789134838208971,1.1207029819488525
1789134838216971,1.1201385259628296
1789134838226971,1.1212456226348877
1789134838236971,1.1242176294326782
1789134838246971,1.1235120296478271
1789134838258971,7.720508575439453
1789134838264971,7.725362300872803
1789134838276971,9.82447338104248
1789134838286971,9.834803581237793
1789134838296971,9.841742515563965
1789134838306971,5.216383934020996
1789134838318971,2.8910555839538574
1789134838326971,2.8923254013061523
1789134838330971,1.7733033895492554
1789134838346971,1.7713844776153564
1789134838356971,1.7710846662521362
1789134838366971,3.5311269760131836
1789134838376971,4.035328388214111
1789134838388971,1.7921041250228882
1789134838396971,1.7921946048736572
1789134838406971,1.7914060354232788
1789134838417129,1.791426658630371
1789134838425129,2.9217545986175537
1789134838437129,3.526930332183838
1789134838449129,2.4547739028930664
1789134838457129,2.4555654525756836
1789134838463129,2.4561586380004883
1789134838477129,2.4526517391204834
1789134838487129,2.448868751525879
1789134838499129,-1.263333797454834
1789134838507129,-1.2665011882781982
1789134838517129,-3.2699899673461914
1789134838527129,-3.2766995429992676
1789134838535129,-3.281996965408325
1789134838545129,-0.8801371455192566
1789134838559129,1.3139888048171997
1789134838569129,2.3065261840820312
1789134838577129,2.307199478149414
1789134838587129,2.3093039989471436
1789134838595129,2.3099772930145264
1789134838607129,2.3087756633758545
1789134838619129,-0.26991498470306396
1789134838627129,-0.2719927728176117
1789134838637129,-2.5672175884246826
1789134838647129,-2.572901487350464
1789134838657129,-2.57694149017334
1789134838667129,-0.016244608908891678
1789134838679129,2.1636459827423096
1789134838687129,2.164188861846924
1789134838693129,3.9719700813293457
1789134838707129,3.974992513656616
1789134838717129,3.9755537509918213
1789134838727129,3.978639841079712
1789134838739129,-2.0366427898406982
1789134838747129,-2.040590524673462
1789134838757129,-4.2586870193481445
1789134838767129,-4.266714572906494
1789134838777129,-4.272940635681152
1789134838787129,-4.280822277069092
1789134838799129,0.47494956851005554
1789134838807129,0.47372299432754517
1789134838817129,1.449166178703308
1789134838825129,1.4508419036865234
1789134838837129,1.4551911354064941
1789134838847129,1.4549590349197388
1789134838859129,6.630488395690918
1789134838867129,6.635818958282471
1789134838877129,6.992040634155273
1789134838887129,6.998443126678467
1789134838897129,7.001824855804443
1789134838907129,7.008953094482422
1789134838919129,0.4718409776687622
1789134838925129,0.47088319063186646
1789134838935129,-0.6295214295387268
1789134838947129,-0.634060800075531
1789134838957129,-0.6354806423187256
1789134838967129,-0.6385401487350464
1789134838977129,4.126094341278076
1789134838987129,4.129383087158203
1789134838991129,6.350093364715576
1789134839007129,6.359220504760742
1789134839017129,6.361500263214111
1789134839027129,1.7172095775604248
1789134839037129,0.010539835318922997
1789134839045129,0.00876242108643055
1789134839057129,-0.2981179654598236
1789134839067129,-0.2986774742603302
1789134839077129,-0.29746341705322266
1789134839087129,-0.3000901937484741
1789134839099129,6.497315406799316
1789134839107129,6.502465724945068
1789134839117129,8.729902267456055
1789134839123129,8.735539436340332
1789134839135129,8.746813774108887
1789134839147129,8.758089065551758
1789134839159129,1.261968970298767
1789134839167129,1.2614816427230835
1789134839177129,0.3518654406070709
1789134839187129,0.34936657547950745
1789134839197129,0.34692052006721497
1789134839207129,0.3451012670993805
1789134839219129,2.9482812881469727
1789134839221129,2.9486119747161865
1789134839237129,5.107998847961426
1789134839247129,5.111977577209473
1789134839255129,5.115595817565918
1789134839267129,5.121023654937744
1789134839279129,-2.1642072200775146
1789134839289129,-3.299717903137207
1789134839297129,-3.3050789833068848
1789134839307129,-3.3122456073760986
1789134839317129,-3.3194520473480225
1789134839327129,-1.7944308519363403
1789134839339129,-0.7457315921783447
1789134839349129,1.757210612297058
1789134839353129,1.7572444677352905
1789134839367129,1.7589187622070312
1789134839377129,1.7610257863998413
1789134839387129,1.7611101865768433
1789134839399129,5.043168067932129
1789134839409129,5.279548168182373
1789134839417129,5.283362865447998
1789134839427286,5.286716938018799
1789134839437286,5.28831672668457
1789134839447286,5.293085098266602
1789134839459286,-1.6331757307052612
1789134839467286,-1.636749029159546
1789134839477286,-3.8221476078033447
1789134839485286,-3.828291416168213
1789134839497286,-3.8357982635498047
1789134839507286,-3.8431692123413086
1789134839517286,0.3350408375263214
1789134839527286,0.33324337005615234
1789134839535286,2.539537191390991
1789134839547286,2.542203664779663
1789134839555286,2.1933062076568604
1789134839567286,2.1941184997558594
1789134839577286,-1.0058430433273315
1789134839589286,-3.0201218128204346
1789134839597286,-3.025132894515991
1789134839607286,-3.0312254428863525
1789134839617286,-3.0361623764038086
1789134839627286,-3.0393247604370117
1789134839637286,2.2298271656036377
1789134839649286,2.573199987411499
1789134839651286,2.5734434127807617
1789134839667286,2.5746443271636963
1789134839677286,2.5739738941192627
1789134839687286,-1.245035171508789
1789134839699286,-2.012002468109131
1789134839707286,-2.01591420173645
1789134839717286,0.1755334436893463
1789134839727286,0.17446352541446686
1789134839735286,0.17289143800735474
1789134839747286,0.17694130539894104
1789134839757286,5.132735729217529
1789134839769286,4.951995849609375
1789134839777286,4.955505847930908
1789134839783286,4.9568634033203125
1789134839797286,4.957235813140869
1789134839807286,4.956496238708496
1789134839819286,1.574829339981079
1789134839829286,0.03733765333890915
1789134839837286,0.03559780865907669
1789134839847286,0.033461522310972214
1789134839857286,0.03263962268829346
1789134839867286,0.03046491928398609
1789134839877286,4.287357330322266
1789134839889286,5.386446475982666
1789134839897286,5.390411376953125
1789134839907286,5.394901275634766
1789134839915286,5.396807670593262
1789134839927286,5.402755260467529
1789134839937286,-0.5677394270896912
1789134839949286,-2.774325370788574
1789134839957286,-2.7790818214416504
1789134839967286,-2.785179853439331
1789134839977286,-2.7896738052368164
1789134839987286,-0.4047676622867584
1789134839999286,1.8228342533111572
1789134840007286,1.823004961013794
1789134840013286,2.880812168121338
1789134840027286,2.882387638092041
1789134840037286,2.882228136062622
1789134840047286,0.17401058971881866
1789134840059286,1.1597263813018799
1789134840067286,1.1591883897781372
1789134840077286,3.2728092670440674
1789134840087286,3.275785446166992
1789134840097286,3.2764878273010254
1789134840107286,3.278630495071411
1789134840119286,-1.3679754734039307
1789134840129286,-2.4915642738342285
1789134840135286,-2.4948904514312744
1789134840145286,-2.500248670578003
1789134840157286,-2.504883289337158
1789134840167286,-2.5062782764434814
1789134840177286,2.5153121948242188
1789134840189286,4.494624614715576
1789134840197286,4.497653961181641
1789134840207286,4.500979423522949
1789134840215286,0.933292806148529
1789134840227286,0.9321269989013672
1789134840239286,1.0890368223190308
1789134840249286,1.975403070449829
1789134840257286,1.9757401943206787
1789134840267286,1.9773257970809937
1789134840277286,1.9779713153839111
1789134840287286,-0.1350933164358139
1789134840297286,-0.906951367855072
1789134840309286,1.2804585695266724
1789134840311286,1.280359148979187
1789134840327286,1.2812385559082031
1789134840335286,1.280841588973999
1789134840347286,6.186487197875977
1789134840359286,6.507582187652588
1789134840367286,6.512749195098877
1789134840377286,5.2835693359375
1789134840387286,5.286571979522705
1789134840397286,5.288053035736084
1789134840407286,5.292866230010986
1789134840419286,-1.0119558572769165
1789134840427444,-1.0148347616195679
1789134840431444,-3.4464974403381348
1789134840443444,-3.4547019004821777
1789134840457444,-3.4616777896881104
1789134840467444,-0.9311922788619995
1789134840479444,1.394230842590332
1789134840487444,1.3939489126205444
1789134840497444,2.2856802940368652
1789134840507444,2.2880499362945557
1789134840517444,2.289837598800659
1789134840527444,2.290673017501831
1789134840539444,-0.0372019037604332
1789134840541444,-0.0376555435359478
1789134840557444,-2.2535037994384766
1789134840567444,-2.258460521697998
1789134840575444,-2.262629508972168
1789134840587444,-2.268882989883423
1789134840599444,2.7965173721313477
1789134840607444,2.7977566719055176
1789134840617444,3.902930498123169
1789134840627444,3.905561923980713
1789134840637444,3.9069130420684814
1789134840647444,3.9064457416534424
1789134840657444,0.7045207619667053
1789134840669444,-1.566452145576477
1789134840673444,-1.5681618452072144
1789134840687444,-1.5745525360107422
1789134840697444,-1.578482985496521
1789134840707444,-1.5827571153640747
1789134840719444,2.329829454421997
1789134840729444,3.6765060424804688
1789134840735444,3.6781513690948486
1789134840747444,3.680511713027954
1789134840757444,3.6805105209350586
1789134840767444,3.6832528114318848
1789134840779444,-1.7653160095214844
1789134840787444,-1.7689331769943237
1789134840797444,-3.5683696269989014
1789134840805444,-3.574108362197876
1789134840817444,-3.5798306465148926
1789134840827444,-0.4217183589935303
1789134840839444,1.67312753200531
1789134840849444,2.86350417137146
1789134840853444,2.8641793727874756
1789134840867444,2.8675222396850586
1789134840877444,2.8689024448394775
1789134840887444,2.870590925216675
1789134840899444,-0.20473036170005798
1789134840905444,-0.20617850124835968
1789134840917444,-2.505647897720337
1789134840927444,-2.5112452507019043
1789134840935444,-2.5156219005584717
1789134840947444,0.8362517952919006
1789134840959444,3.010523557662964
1789134840967444,3.0120460987091064
1789134840971444,4.105207920074463
1789134840987444,4.109065532684326
1789134840997444,4.109956741333008
1789134841007444,-0.3196609616279602
1789134841019444,-1.1248139142990112
1789134841029444,1.203870177268982
1789134841037444,1.2034633159637451
1789134841045444,1.204355001449585
1789134841057444,1.2096099853515625
1789134841067444,6.512478351593018
1789134841079444,7.1370954513549805
1789134841087444,7.142999172210693
1789134841097444,5.917656898498535
1789134841103444,5.9210991859436035
1789134841117444,5.925876617431641
1789134841127444,5.931614398956299
1789134841139444,1.006881833076477
1789134841147444,1.0062143802642822
1789134841157444,-1.1721012592315674
1789134841167444,-1.1758041381835938
1789134841177444,-1.1769740581512451
1789134841187444,-1.1807076930999756
1789134841199444,4.436644554138184
1789134841201444,4.437396049499512
1789134841217444,5.199260711669922
1789134841227444,5.203486919403076
1789134841235444,5.20729923248291
1789134841247444,5.207704544067383
1789134841259444,1.6944661140441895
1789134841269444,-1.0195380449295044
1789134841277444,-1.0223724842071533
1789134841287444,-1.0255653858184814
1789134841297444,-1.0280488729476929
1789134841307444,1.0195657014846802
1789134841317444,3.42372727394104
1789134841329444,4.877717018127441
1789134841333444,4.879447937011719
1789134841347444,4.884712219238281
1789134841357444,4.886855602264404
1789134841367444,4.886996746063232
1789134841379444,-0.16415633261203766
1789134841387444,-0.16608715057373047
1789134841397444,-2.0473203659057617
1789134841407444,-2.0524144172668457
1789134841417444,-2.055408477783203
1789134841427444,2.339757204055786
1789134841439603,4.575159549713135
1789134841449603,2.7282655239105225
1789134841457603,2.729430675506592
1789134841465603,2.728782892227173
1789134841477603,2.7261505126953125
1789134841487603,2.727607011795044
1789134841499603,-2.773636817932129
1789134841507603,-2.7783398628234863
1789134841517603,-6.01957893371582
1789134841527603,-6.029648303985596
1789134841535603,-6.037134170532227
1789134841547603,-6.049358367919922
1789134841559603,-2.469257354736328
1789134841565603,-2.472496509552002
1789134841577603,-1.2627472877502441
1789134841587603,-1.2648545503616333
1789134841597603,-1.2652344703674316
1789134841607603,-1.2690140008926392
1789134841619603,4.862351417541504
1789134841627603,4.865870475769043
1789134841631603,6.318179607391357
1789134841647603,6.325526714324951
1789134841657603,6.3265814781188965
1789134841667603,0.43837520480155945
1789134841679603,2.097590923309326
1789134841687603,2.098144054412842
1789134841697603,3.206498861312866
1789134841707603,3.2078301906585693
1789134841717603,3.2076284885406494
1789134841727603,3.2097949981689453
1789134841739603,-2.27657151222229
1789134841747603,-2.2806901931762695
1789134841757603,-4.40735387802124
1789134841763603,-4.412137985229492
1789134841777603,-4.421309471130371
1789134841787603,-2.412874221801758
1789134841799603,-0.07901717722415924
1789134841807603,-0.08075176179409027
1789134841817603,1.0743197202682495
1789134841827603,1.0757033824920654
1789134841837603,1.0791610479354858
1789134841847603,1.0785337686538696
1789134841859603,8.017828941345215
1789134841861603,8.019552230834961
1789134841877603,10.468954086303711
1789134841887603,10.480363845825195
1789134841895603,10.489851951599121
1789134841907603,5.925870418548584
1789134841919603,3.9281623363494873
1789134841927603,3.9306325912475586
1789134841935603,2.9607081413269043
1789134841947603,2.960698366165161
1789134841957603,2.9593279361724854
1789134841967603,1.001808762550354
1789134841979603,2.0298852920532227
1789134841987603,2.0303285121917725
1789134841993603,4.145138740539551
1789134842007603,4.149091720581055
1789134842017603,4.14868688583374
1789134842027603,-0.4541933536529541
1789134842039603,-1.8948475122451782
1789134842045603,-1.8976565599441528
1789134842057603,-0.5973770022392273
1789134842067603,-0.5984574556350708
1789134842077603,-0.5976032614707947
1789134842087603,-0.6005464792251587
1789134842099603,6.126519203186035
1789134842107603,6.131338119506836
1789134842117603,8.235480308532715
1789134842125603,8.242002487182617
1789134842135603,8.25082015991211
1789134842147603,3.6548869609832764
1789134842159603,1.798396348953247
1789134842167603,1.7985575199127197
1789134842177603,0.6956011056900024
1789134842187603,0.6946706175804138
1789134842195603,2.0521934032440186
1789134842207603,2.052845001220703
1789134842219603,1.2075073719024658
1789134842225603,1.2071566581726074
1789134842237603,-0.629328191280365
1789134842247603,-0.6318990588188171
1789134842257603,-0.6323567032814026
1789134842267603,-0.6353853344917297
1789134842279603,5.0624847412109375
1789134842287603,5.0661420822143555
1789134842291603,6.358044147491455
1789134842307603,6.366353511810303
1789134842317603,6.369957447052002
1789134842327603,1.3601844310760498
1789134842337603,0.4750213027000427
1789134842347603,0.4734480679035187
1789134842357603,2.9686574935913086
1789134842367603,2.971153736114502
1789134842377603,2.971151113510132
1789134842387603,0.36929965019226074
1789134842397603,-1.73805570602417
1789134842407603,-1.7425768375396729
1789134842417603,-2.0233542919158936
1789134842423603,-2.02628755569458
1789134842437759,-2.02791690826416
1789134842447759,-2.032805919647217
1789134842459759,4.437355041503906
1789134842467759,4.440348148345947
1789134842477759,6.793802738189697
1789134842487759,6.800117492675781
1789134842497759,6.8032755851745605
1789134842507759,2.0739338397979736
1789134842519759,1.2778942584991455
1789134842521759,1.2777938842773438
1789134842535759,2.134204864501953
1789134842547759,2.135612964630127
1789134842555759,2.1361238956451416
1789134842567759,2.1331310272216797
1789134842579759,-0.2970803380012512
1789134842587759,-0.2991617023944855
1789134842597759,0.02693314291536808
1789134842607759,0.025212647393345833
1789134842617759,0.026016758754849434
1789134842627759,3.5845601558685303
1789134842639759,4.114182949066162
1789134842647759,4.1168084144592285
1789134842653759,2.8756115436553955
1789134842667759,2.8745346069335938
1789134842677759,2.8735954761505127
1789134842687759,2.875220537185669
1789134842697759,-3.5240204334259033
1789134842707759,-3.5309181213378906
1789134842717759,-5.833240985870361
1789134842727759,-5.843357086181641
1789134842735759,-5.851320266723633
1789134842747759,-2.6063568592071533
1789134842759759,-0.6905232667922974
1789134842767759,-0.6929663419723511
1789134842777759,1.2830361127853394
1789134842785759,1.2844955921173096
1789134842797759,1.2888638973236084
1789134842807759,1.2884454727172852
1789134842819759,8.612898826599121
1789134842827759,8.62037467956543
1789134842837759,9.704590797424316
1789134842847759,9.714835166931152
1789134842855759,6.426862716674805
1789134842867759,6.433836460113525
1789134842879759,5.461979866027832
1789134842889759,3.5040793418884277
1789134842897759,3.5060482025146484
1789134842907759,3.5069007873535156
1789134842917759,3.50602650642395
1789134842927759,3.5084869861602783
1789134842937759,-2.7696030139923096
1789134842947759,-2.7755138874053955
1789134842951759,-4.913881778717041
1789134842967759,-4.928295612335205
1789134842977759,-4.9368062019348145
1789134842985759,-3.5323832035064697
1789134842997759,-1.4193722009658813
1789134843009759,-0.20303761959075928
1789134843017759,-0.20497752726078033
1789134843027759,-0.20573709905147552
1789134843037759,-0.20450766384601593
1789134843045759,2.655015230178833
1789134843057759,1.4358469247817993
1789134843067759,1.4356080293655396
1789134843077759,-0.667191207408905
1789134843083759,-0.6686773300170898
1789134843097759,-0.6688554883003235
1789134843107759,-0.6718942523002625
1789134843119759,4.620863437652588
1789134843127759,4.624079704284668
1789134843135759,5.902005672454834
1789134843147759,5.908270835876465
1789134843157759,5.911542892456055
1789134843167759,5.91726016998291
1789134843179759,-0.2708968222141266
1789134843181759,-0.2714049518108368
1789134843197759,-2.513627290725708
1789134843207759,-2.5192577838897705
1789134843215759,-2.5214650630950928
1789134843225759,1.3201394081115723
1789134843239759,3.442061185836792
1789134843247759,3.4440112113952637
1789134843257759,4.519376754760742
1789134843267759,4.522926330566406
1789134843277759,4.525497913360596
1789134843287759,1.1496394872665405
1789134843299759,0.3008183240890503
1789134843307759,0.29940474033355713
1789134843313759,1.813969612121582
1789134843327759,1.8155226707458496
1789134843335759,1.815724492073059
1789134843347759,1.9385838508605957
1789134843359759,3.0641815662384033
1789134843369759,2.810560703277588
1789134843377759,2.8118207454681396
1789134843387759,2.8118128776550293
1789134843397759,2.811222791671753
1789134843407759,2.810861825942993
1789134843419759,1.7038514614105225
1789134843429759,0.295821875333786
1789134843437916,0.2943982183933258
1789134843445916,0.29307374358177185
1789134843457916,0.2931419014930725
1789134843467916,2.3260080814361572
1789134843479916,-0.5435625314712524
1789134843489916,-1.5141403675079346
1789134843497916,-1.517488718032837
1789134843507916,-1.522193193435669
1789134843513916,-1.149408221244812
1789134843527916,-1.1545674800872803
1789134843539916,2.421830892562866
1789134843545916,2.422482490539551
1789134843557916,4.6363325119018555
1789134843567916,4.639909267425537
1789134843577916,4.641129493713379
1789134843587916,4.6451616287231445
1789134843597916,-2.141940116882324
1789134843607916,-2.1469507217407227
1789134843611916,-3.3542416095733643
1789134843627916,-3.365863561630249
1789134843637916,-3.371211051940918
1789134843647916,0.1876622885465622
1789134843657916,1.1795809268951416
1789134843667916,1.1790387630462646
1789134843677916,3.0490920543670654
1789134843687916,3.0518922805786133
1789134843697916,3.0528759956359863
1789134843707916,1.0468446016311646
1789134843719916,0.6044164896011353
1789134843727916,0.6033645272254944
1789134843735916,1.7097406387329102
1789134843743916,1.7098685503005981
1789134843757916,1.7102196216583252
1789134843767916,1.7103794813156128
1789134843779916,-0.5093817114830017
1789134843787916,-0.5116204023361206
1789134843797916,0.04734388366341591
1789134843807916,0.04518824443221092
1789134843817916,0.045122649520635605
1789134843827916,3.2756032943725586
1789134843839916,3.638207197189331
1789134843849916,2.470054864883423
1789134843853916,2.4705252647399902
1789134843867916,2.470322370529175
1789134843875916,2.4691691398620605
1789134843887916,2.4705810546875
1789134843897916,-2.101409673690796
1789134843907916,-2.106322765350342
1789134843917916,-4.323604583740234
1789134843927916,-4.331663608551025
1789134843935916,-4.337951183319092
1789134843947916,-1.9865862131118774
1789134843959916,0.1006583422422409
1789134843967916,0.09911913424730301
1789134843973916,0.9016838669776917
1789134843987916,0.9035837650299072
1789134843997916,0.9063475728034973
1789134844007916,0.9116919040679932
1789134844019916,7.2288007736206055
1789134844029916,7.044570446014404
1789134844037916,7.050421237945557
1789134844045916,7.056163787841797
1789134844057916,7.061548233032227
1789134844067916,3.60640811920166
1789134844079916,4.783651351928711
1789134844087916,4.787062644958496
1789134844097916,2.7660200595855713
1789134844105916,2.765805959701538
1789134844117916,2.764434814453125
1789134844127916,2.7660019397735596
1789134844137916,-2.7809128761291504
1789134844149916,-4.819128513336182
1789134844157916,-4.825957775115967
1789134844167916,-4.834536552429199
1789134844177916,-4.841982364654541
1789134844187916,-4.850519180297852
1789134844199916,0.7990835905075073
1789134844205916,0.7984884977340698
1789134844217916,1.1865613460540771
1789134844227916,1.1883409023284912
1789134844237916,1.1924467086791992
1789134844247916,1.191973090171814
1789134844259916,2.8610785007476807
1789134844267916,2.8624799251556396
1789134844271916,5.1267218589782715
1789134844287916,5.133676052093506
1789134844297916,5.134925842285156
1789134844305916,1.289041519165039
1789134844319916,2.8310000896453857
1789134844327916,2.832355260848999
1789134844335916,3.7402029037475586
1789134844347916,3.743006706237793
1789134844357916,3.7441508769989014
1789134844367916,3.7470524311065674
1789134844379916,1.4658883810043335
1789134844387916,1.4657734632492065
1789134844397916,-0.8751704692840576
1789134844403916,-0.8773195743560791
1789134844417916,-0.8807403445243835
1789134844427916,1.09548819065094
1789134844437916,3.3423314094543457
1789134844448072,3.3447043895721436
1789134844458072,4.987982749938965
1789134844468072,4.992093086242676
1789134844478072,4.994340419769287
1789134844488072,4.998898029327393
1789134844500072,-0.6013826131820679
1789134844502072,-0.601965606212616
1789134844518072,-2.466761350631714
1789134844528072,-2.4722020626068115
1789134844536072,-2.4765138626098633
1789134844548072,0.14790759980678558
1789134844560072,2.6137917041778564
1789134844568072,2.6149163246154785
1789134844578072,3.3255889415740967
1789134844588072,3.3276662826538086
1789134844598072,3.329118251800537
1789134844608072,-0.04549332708120346
1789134844620072,-1.229979395866394
1789134844630072,-1.3813884258270264
1789134844634072,-1.3829569816589355
1789134844648072,-1.3868427276611328
1789134844658072,-1.3873190879821777
1789134844668072,2.3332743644714355
1789134844680072,1.165866494178772
1789134844688072,1.1654525995254517
1789134844698072,-0.06206521764397621
1789134844708072,-0.06410900503396988
1789134844718072,-0.06502951681613922
1789134844728072,-0.06718074530363083
1789134844738072,4.058142185211182
1789134844748072,4.061491012573242
1789134844758072,6.157761096954346
1789134844766072,6.162215709686279
1789134844778072,6.164897441864014
1789134844786072,1.8609402179718018
1789134844798072,1.4936327934265137
1789134844810072,3.134978771209717
1789134844818072,3.136652708053589
1789134844828072,3.1392104625701904
1789134844836072,2.642164707183838
1789134844848072,2.643878221511841
1789134844860072,-0.4050048887729645
1789134844870072,-2.8533740043640137
1789134844878072,-2.858090400695801
1789134844888072,-2.863969326019287
1789134844898072,-2.8683292865753174
1789134844908072,-0.48648348450660706
1789134844920072,1.6085948944091797
1789134844930072,2.4003093242645264
1789134844932072,2.4005370140075684
1789134844948072,2.401435613632202
1789134844958072,2.4010095596313477
1789134844966072,0.16441231966018677
1789134844978072,1.4318757057189941
1789134844990072,3.499547004699707
1789134844998072,3.5016281604766846
1789134845008072,3.5046520233154297
1789134845018072,3.505427122116089
1789134845026072,1.3392003774642944
1789134845040072,2.0157439708709717
1789134845046072,2.016112804412842
1789134845058072,3.539515495300293
1789134845064072,3.54068922996521
1789134845078072,3.5417182445526123
1789134845088072,3.5415303707122803
1789134845100072,1.8826253414154053
1789134845108072,1.8829668760299683
1789134845118072,0.6991334557533264
1789134845128072,0.6973715424537659
1789134845136072,0.6965135335922241
1789134845148072,0.6951332092285156
1789134845160072,4.624627113342285
1789134845162072,4.6254448890686035
1789134845178072,5.651631832122803
1789134845188072,5.656440258026123
1789134845196072,5.660797595977783
1789134845208072,5.667332649230957
1789134845220072,0.25393348932266235
1789134845228072,0.252510666847229
1789134845238072,-1.9003973007202148
1789134845248072,-1.9052305221557617
1789134845258072,-1.907477617263794
1789134845268072,1.303839087486267
1789134845280072,3.8871095180511475
1789134845290072,4.817313194274902
1789134845294072,4.819041728973389
1789134845308072,4.824463367462158
1789134845318072,4.827194690704346
1789134845328072,4.828164577484131
1789134845340072,1.0724003314971924
1789134845348072,1.071847915649414
1789134845358072,-1.0547726154327393
1789134845368072,-1.0582281351089478
1789134845378072,-1.0600287914276123
1789134845386072,1.6502043008804321
1789134845400072,3.0241453647613525
1789134845410072,3.0696375370025635
1789134845418072,3.071223497390747
1789134845426072,3.071779727935791
1789134845438072,3.0716800689697266
1789134845448229,3.0691163539886475
1789134845458229,-1.7750635147094727
1789134845470229,-2.123302698135376
1789134845478229,-2.127244472503662
1789134845488229,-2.1320040225982666
1789134845498229,-2.1352810859680176
1789134845508229,-2.1402084827423096
1789134845520229,2.688190460205078
1789134845526229,2.689100742340088
1789134845536229,4.0085062980651855
1789134845548229,4.0118231773376465
1789134845558229,4.013020992279053
1789134845568229,4.016293048858643
1789134845580229,-0.7556095719337463
1789134845588229,-0.7580850720405579
1789134845592229,-2.689593553543091
1789134845608229,-2.6989519596099854
1789134845618229,-2.7016794681549072
1789134845626229,1.8069549798965454
1789134845640229,3.619844913482666
1789134845648229,3.622056722640991
1789134845658229,4.2864909172058105
1789134845668229,4.289331436157227
1789134845678229,4.290650367736816
1789134845688229,4.294295787811279
1789134845700229,-1.3296791315078735
1789134845710229,-3.4114880561828613
1789134845718229,-3.4167890548706055
1789134845724229,-3.420764684677124
1789134845736229,-3.4287164211273193
1789134845748229,-2.085167169570923
1789134845760229,0.3221226632595062
1789134845770229,1.4324188232421875
1789134845778229,1.432316541671753
1789134845788229,1.4345020055770874
1789134845798229,1.4387893676757812
1789134845808229,1.4386616945266724
1789134845820229,5.685089588165283
1789134845822229,5.686196327209473
1789134845838229,7.799317836761475
1789134845848229,7.80710506439209
1789134845856229,7.813771724700928
1789134845868229,3.151686906814575
1789134845878229,0.8720927834510803
1789134845888229,0.8711625933647156
1789134845898229,0.5676652789115906
1789134845908229,0.5658633708953857
1789134845918229,0.5653469562530518
1789134845926229,3.82063889503479
1789134845938229,4.511399745941162
1789134845950229,2.498586654663086
1789134845954229,2.499079942703247
1789134845968229,2.4995386600494385
1789134845978229,2.4990108013153076
1789134845988229,2.497110366821289
1789134846000229,-0.7815675735473633
1789134846008229,-0.7840790748596191
1789134846018229,-1.9155175685882568
1789134846028229,-1.919618844985962
1789134846038229,-1.9213405847549438
1789134846048229,3.899688482284546
1789134846058229,4.639765739440918
1789134846068229,4.643871307373047
1789134846078229,2.349137544631958
1789134846086229,2.3492374420166016
1789134846098229,2.348886489868164
1789134846108229,0.8576126098632812
1789134846120229,0.5424199104309082
1789134846128229,0.5413301587104797
1789134846136229,0.8176026344299316
1789134846148229,0.8191989064216614
1789134846156229,4.618044376373291
1789134846168229,4.622929096221924
1789134846180229,2.9504873752593994
1789134846186229,2.9515888690948486
1789134846198229,0.7927244305610657
1789134846208229,0.7910233736038208
1789134846218229,0.7900663018226624
1789134846228229,2.0354373455047607
1789134846240229,4.417482376098633
1789134846248229,4.4205169677734375
1789134846252229,4.638675212860107
1789134846268229,4.643298625946045
1789134846278229,4.644991397857666
1789134846288229,0.4911135137081146
1789134846300229,-0.9037905335426331
1789134846308229,-0.9064436554908752
1789134846318229,0.41471073031425476
1789134846328229,0.41397833824157715
1789134846336229,0.4127362370491028
1789134846348229,0.4108728766441345
1789134846360229,7.150355815887451
1789134846368229,7.156302452087402
1789134846378229,8.161881446838379
1789134846384229,8.167139053344727
1789134846398229,8.17574405670166
1789134846408229,8.1845064163208
1789134846418229,2.374631643295288
1789134846430229,0.1413619965314865
1789134846438229,0.13978423178195953
1789134846448387,0.13757281005382538
1789134846458387,0.13664746284484863
1789134846468387,2.1783323287963867
1789134846480387,3.5478451251983643
1789134846482387,3.5483601093292236
1789134846498387,3.6077513694763184
1789134846508387,3.6092989444732666
1789134846516387,3.611417531967163
1789134846528387,3.614595890045166
1789134846540387,-2.273066282272339
1789134846550387,-4.558690547943115
1789134846558387,-4.565284252166748
1789134846568387,-4.573773384094238
1789134846578387,-4.580967426300049
1789134846588387,-2.557007074356079
1789134846598387,-0.48989972472190857
1789134846608387,-0.49267420172691345
1789134846614387,1.149478554725647
1789134846628387,1.151697039604187
1789134846638387,1.1549391746520996
1789134846648387,1.1543546915054321
1789134846660387,7.970643997192383
1789134846670387,10.451292991638184
1789134846678387,10.460732460021973
1789134846688387,10.471969604492188
1789134846698387,10.479846000671387
1789134846708387,10.491643905639648
1789134846720387,3.6976394653320312
1789134846728387,3.699821710586548
1789134846736387,2.5841259956359863
1789134846746387,2.584444522857666
1789134846758387,2.5841224193573
1789134846768387,2.5853612422943115
1789134846780387,-1.5894187688827515
1789134846788387,-1.592881202697754
1789134846798387,-1.8923217058181763
1789134846808387,-1.8969303369522095
1789134846818387,-1.8984822034835815
1789134846828387,-1.9032032489776611
1789134846840387,4.2241997718811035
1789134846846387,4.226272106170654
1789134846854387,5.071356296539307
1789134846868387,5.076711177825928
1789134846878387,5.078965663909912
1789134846888387,5.0835418701171875
1789134846900387,0.014237813651561737
1789134846908387,0.012486865743994713
1789134846912387,-2.3862264156341553
1789134846928387,-2.3953359127044678
1789134846936387,-2.3996429443359375
1789134846948387,0.6494774222373962
1789134846960387,2.9066033363342285
1789134846968387,2.90796160697937
1789134846978387,4.79584264755249
1789134846988387,4.799317359924316
1789134846998387,4.801190376281738
1789134847008387,4.8053998947143555
1789134847020387,-0.06964074820280075
1789134847030387,-2.510127544403076
1789134847038387,-2.514564275741577
1789134847044387,-2.5178916454315186
1789134847058387,-2.5236501693725586
1789134847068387,-0.7827550172805786
1789134847080387,1.2463922500610352
1789134847090387,2.827385187149048
1789134847098387,2.8286635875701904
1789134847108387,2.830878257751465
1789134847118387,2.8322830200195312
1789134847128387,2.833881378173828
1789134847138387,-0.5022669434547424
1789134847148387,-0.5051179528236389
1789134847158387,-0.9391659498214722
1789134847168387,-0.9417592883110046
1789134847176387,-0.9444994330406189
1789134847188387,-0.9486096501350403
1789134847200387,5.312126159667969
1789134847208387,5.316066265106201
1789134847218387,6.471444129943848
1789134847228387,6.477168560028076
1789134847238387,6.481133937835693
1789134847246387,1.815316081047058
1789134847260387,0.8904719352722168
1789134847268387,0.8896716833114624
1789134847274387,2.7965502738952637
1789134847288387,2.799978017807007
1789134847298387,2.8002665042877197
1789134847308387,0.8128170967102051
1789134847320387,2.8452374935150146
1789134847330387,3.9193098545074463
1789134847336387,3.921128988265991
1789134847348387,3.92372727394104
1789134847358387,3.9245002269744873
1789134847368387,3.927532196044922
1789134847380387,0.7413535714149475
1789134847388387,0.7403790950775146
1789134847398387,-1.6476165056228638
1789134847406387,-1.651054859161377
1789134847418387,-1.6535617113113403
1789134847428387,-1.657957911491394
1789134847440387,3.180964469909668
1789134847448387,3.1826131343841553
1789134847458543,4.388441562652588
1789134847468543,4.391552925109863
1789134847476543,2.271458864212036
1789134847488543,2.270378828048706
1789134847500543,1.5104602575302124
1789134847506543,1.5103527307510376
1789134847518543,2.5705838203430176
1789134847528543,2.572495698928833
1789134847536543,2.572817325592041
1789134847548543,2.574295997619629
1789134847560543,-1.0285089015960693
1789134847570543,-1.835911750793457
1789134847572543,-1.8368406295776367
1789134847588543,-1.8448150157928467
1789134847598543,-1.8491681814193726
1789134847608543,0.8368726372718811
1789134847620543,2.2038733959198
1789134847630543,4.4724040031433105
1789134847638543,4.47543478012085
1789134847648543,4.478940486907959
1789134847658543,4.479135513305664
1789134847668543,-0.22174692153930664
1789134847680543,-1.5848523378372192
1789134847688543,-1.5882861614227295
1789134847698543,-1.6754741668701172
1789134847704543,-1.678115725517273
1789134847718543,-1.6803479194641113
1789134847728543,-1.6847505569458008
1789134847740543,4.629948616027832
1789134847748543,4.633164405822754
1789134847758543,6.948207378387451
1789134847768543,6.954823970794678
1789134847778543,6.95810604095459
1789134847788543,2.1138358116149902
1789134847800543,0.4695194363594055
1789134847802543,0.4692075252532959
1789134847818543,0.8006888031959534
1789134847828543,0.8024427890777588
1789134847836543,0.8056439757347107
1789134847848543,0.8043058514595032
1789134847860543,8.81003189086914
1789134847868543,8.817673683166504
1789134847878543,10.6824312210083
1789134847888543,10.694101333618164
1789134847898543,10.702521324157715
1789134847908543,6.044839859008789
1789134847920543,3.550166606903076
1789134847928543,3.552140235900879
1789134847934543,3.8307905197143555
1789134847948543,3.833242177963257
1789134847958543,3.8331515789031982
1789134847968543,3.8359878063201904
1789134847980543,-1.823252558708191
1789134847988543,-1.8270221948623657
1789134847998543,-3.3773880004882812
1789134848008543,-3.384125232696533
1789134848018543,-3.3880367279052734
1789134848028543,0.061469994485378265
1789134848040543,2.0824573040008545
1789134848046543,2.082775592803955
1789134848058543,3.1911768913269043
1789134848066543,3.1928818225860596
1789134848078543,3.193580389022827
1789134848088543,3.195585250854492
1789134848100543,-1.2087881565093994
1789134848108543,-1.2118834257125854
1789134848118543,-3.2690320014953613
1789134848128543,-3.2758424282073975
1789134848136543,-2.3845534324645996
1789134848148543,-2.389228105545044
1789134848160543,1.0927783250808716
1789134848166543,1.0923234224319458
1789134848178543,2.4467296600341797
1789134848188543,2.449204921722412
1789134848198543,2.450667381286621
1789134848208543,2.4517133235931396
1789134848220543,-1.247062087059021
1789134848230543,-3.4735546112060547
1789134848232543,-3.4749248027801514
1789134848248543,-3.486074924468994
1789134848258543,-3.4923508167266846
1789134848268543,-1.334357738494873
1789134848280543,0.890802800655365
1789134848288543,0.8900096416473389
1789134848298543,2.113330841064453
1789134848308543,2.1151397228240967
1789134848318543,2.1158623695373535
1789134848328543,2.1143758296966553
1789134848338543,-0.8107286095619202
1789134848350543,-2.694056272506714
1789134848358543,-2.698669195175171
1789134848364543,-2.7021291255950928
1789134848378543,-2.7069246768951416
1789134848388543,0.4213978946208954
1789134848400543,2.6817708015441895
1789134848408543,2.6829099655151367
1789134848418543,3.721053123474121
1789134848428543,3.723186492919922
1789134848438543,3.7237374782562256
1789134848448543,3.726541757583618
1789134848458701,-1.6867214441299438
1789134848468701,-1.6911287307739258
1789134848478701,-2.4980626106262207
1789134848488701,-2.503054141998291
1789134848496701,-2.5074353218078613
1789134848508701,0.6585363745689392
1789134848520701,2.8441720008850098
1789134848528701,2.8455047607421875
1789134848536701,3.8846023082733154
1789134848548701,3.8874008655548096
1789134848558701,3.8883371353149414
1789134848568701,0.03717401623725891
1789134848580701,-0.6899397373199463
1789134848588701,-0.6923817992210388
1789134848594701,1.3893553018569946
1789134848608701,1.3902945518493652
1789134848618701,1.393844485282898
1789134848628701,5.095254898071289
1789134848640701,4.470067501068115
1789134848648701,4.473118782043457
1789134848658701,3.2362897396087646
1789134848668701,3.236954927444458
1789134848678701,3.2361531257629395
1789134848688701,3.2383153438568115
1789134848700701,-1.1135241985321045
1789134848708701,-1.1164355278015137
1789134848718701,-4.255279541015625
1789134848726701,-4.261721611022949
1789134848736701,-4.269535064697266
1789134848746701,-2.3327858448028564
1789134848760701,0.24100564420223236
1789134848770701,0.9919746518135071
1789134848778701,0.991351842880249
1789134848788701,0.9927900433540344
1789134848798701,0.9952585697174072
1789134848808701,0.9983483552932739
1789134848820701,3.376776695251465
1789134848826701,3.3782124519348145
1789134848838701,2.679638624191284
1789134848848701,2.6804566383361816
1789134848858701,2.679070234298706
1789134848868701,-1.2285720109939575
1789134848878701,-3.564756393432617
1789134848888701,-3.571610450744629
1789134848892701,-3.7368438243865967
1789134848908701,-3.74468994140625
1789134848918701,-3.7483599185943604
1789134848928701,1.9232662916183472
1789134848940701,2.4092659950256348
1789134848948701,2.4101808071136475
1789134848958701,0.015927858650684357
1789134848968701,0.013022040016949177
1789134848978701,0.011407127603888512
1789134848988701,1.4895739555358887
1789134849000701,3.7612106800079346
1789134849008701,3.7635741233825684
1789134849018701,4.7647504806518555
1789134849024701,4.76732063293457
1789134849038701,4.769606590270996
1789134849048701,0.3514031171798706
1789134849060701,-0.24690236151218414
1789134849068701,-0.24882762134075165
1789134849078701,1.0927937030792236
1789134849088701,1.0930676460266113
1789134849098701,1.0956686735153198
1789134849106701,3.5107314586639404
1789134849120701,3.661667823791504
1789134849122701,3.662227153778076
1789134849136701,2.5857324600219727
1789134849148701,2.585498094558716
1789134849156701,2.5865862369537354
1789134849168701,2.588219404220581
1789134849180701,-3.0373315811157227
1789134849188701,-3.042243480682373
1789134849198701,-4.515925884246826
1789134849208701,-4.524149417877197
1789134849218701,-4.529500961303711
1789134849226701,0.11947949975728989
1789134849240701,2.508854866027832
1789134849248701,2.5098936557769775
1789134849254701,3.679349899291992
1789134849268701,3.682229518890381
1789134849278701,3.6834821701049805
1789134849288701,3.686337471008301
1789134849300701,0.7831992506980896
1789134849310701,-1.3691859245300293
1789134849318701,-1.3722954988479614
1789134849328701,-1.3762456178665161
1789134849336701,-1.378197431564331
1789134849348701,-1.3828617334365845
1789134849358701,3.9384925365448
1789134849370701,4.931801795959473
1789134849378701,4.9354248046875
1789134849386701,4.938347339630127
1789134849398701,4.941359043121338
1789134849408701,4.941769599914551
1789134849420701,1.5757794380187988
1789134849430701,0.0048835850320756435
1789134849438701,0.003235944313928485
1789134849448701,0.0011740810004994273
1789134849456701,1.1771835088729858
1789134849468856,1.1765954494476318
1789134849480856,3.594264030456543
1789134849486856,3.5959038734436035
1789134849498856,4.513413429260254
1789134849508856,4.5168023109436035
1789134849518856,4.518850803375244
1789134849528856,4.522800922393799
1789134849540856,-0.710408091545105
1789134849548856,-0.712831974029541
1789134849552856,-2.615875244140625
1789134849568856,-2.6253573894500732
1789134849578856,-2.6308681964874268
1789134849588856,-0.04591494798660278
1789134849598856,2.323474884033203
1789134849608856,2.3245203495025635
1789134849618856,4.178997993469238
1789134849628856,4.182023048400879
1789134849638856,4.183652400970459
1789134849648856,4.187166213989258
1789134849658856,-1.684836506843567
1789134849668856,-1.6891463994979858
1789134849678856,-3.860353946685791
1789134849684856,-3.864671230316162
1789134849698856,-3.87371563911438
1789134849706856,-2.109806537628174
1789134849720856,0.05796397104859352
1789134849728856,0.05641266703605652
1789134849736856,1.187936782836914
1789134849748856,1.1891772747039795
1789134849758856,1.1915227174758911
1789134849768856,1.191092610359192
1789134849780856,4.964393138885498
1789134849782856,4.965312957763672
1789134849798856,7.0801920890808105
1789134849808856,7.087043285369873
1789134849816856,7.0929670333862305
1789134849828856,2.3937928676605225
1789134849840856,0.9182704091072083
1789134849848856,0.9176010489463806
1789134849854856,0.04174910485744476
1789134849868856,0.03943665698170662
1789134849878856,0.038802020251750946
1789134849886856,3.7490622997283936
1789134849900856,4.228967666625977
1789134849910856,1.82315194606781
1789134849914856,1.8232983350753784
1789134849928856,1.8226149082183838
1789134849936856,1.8229079246520996
1789134849946856,3.2008275985717773
1789134849960856,3.5771121978759766
1789134849968856,3.5792720317840576
1789134849978856,2.390314817428589
1789134849988856,2.389827251434326
1789134849998856,2.3877787590026855
1789134850008856,2.3888916969299316
1789134850020856,-3.3100826740264893
1789134850028856,-3.31526780128479
1789134850038856,-3.4653027057647705
1789134850046856,-3.4706501960754395
1789134850058856,-3.476940631866455
1789134850068856,-1.142716646194458
1789134850080856,0.9433505535125732
1789134850088856,0.9427363872528076
1789134850098856,2.014064311981201
1789134850108856,2.0158159732818604
1789134850118856,2.016618251800537
1789134850128856,2.017277956008911
1789134850140856,-0.15317367017269135
1789134850146856,-0.15451382100582123
1789134850158856,-0.057556863874197006
1789134850168856,-0.0592147521674633
1789134850178856,-0.05842273309826851
1789134850188856,-0.060523584485054016
1789134850200856,5.829056739807129
1789134850208856,5.8336591720581055
1789134850212856,6.913477897644043
1789134850228856,6.923522472381592
1789134850238856,6.928863525390625
1789134850248856,2.10677170753479
1789134850258856,1.3000658750534058
1789134850270856,0.44591060280799866
1789134850278856,0.44474276900291443
1789134850288856,0.4437026083469391
1789134850298856,0.4450828731060028
1789134850308856,0.44362306594848633
1789134850320856,6.33299446105957
1789134850328856,6.338108539581299
1789134850336856,7.581344127655029
1789134850344856,7.587777614593506
1789134850358856,7.595081329345703
1789134850368856,7.603123188018799
1789134850380856,1.8532885313034058
1789134850388856,1.8535819053649902
1789134850398856,-0.3614344000816345
1789134850408856,-0.36417245864868164
1789134850418856,-0.36566129326820374
1789134850428856,1.7209464311599731
1789134850440856,3.729379415512085
1789134850442856,3.729954957962036
1789134850458856,4.06204891204834
1789134850469013,4.064506530761719
1789134850477013,4.064967632293701
1789134850489013,4.068943023681641
1789134850501013,-2.0340845584869385
1789134850509013,-2.0379467010498047
1789134850519013,-4.210745334625244
1789134850529013,-4.218620777130127
1789134850537013,-4.22479248046875
1789134850549013,-1.8429383039474487
1789134850561013,0.2891479432582855
1789134850569013,0.2878042459487915
1789134850575013,1.426224708557129
1789134850589013,1.4289354085922241
1789134850599013,1.4324853420257568
1789134850609013,1.432323694229126
1789134850621013,3.3353469371795654
1789134850629013,3.337246894836426
1789134850639013,5.285537242889404
1789134850649013,5.2899699211120605
1789134850659013,5.29213809967041
1789134850667013,1.1705013513565063
1789134850681013,2.2648067474365234
1789134850689013,2.2655487060546875
1789134850699013,3.377666711807251
1789134850707013,3.378960609436035
1789134850719013,3.379713296890259
1789134850729013,3.382120370864868
1789134850741013,0.5301295518875122
1789134850749013,0.5290116667747498
1789134850759013,-1.7134453058242798
1789134850769013,-1.7177960872650146
1789134850779013,-1.7207592725753784
1789134850789013,-1.7251408100128174
1789134850801013,2.579129457473755
1789134850807013,2.579946994781494
1789134850819013,3.641688823699951
1789134850829013,3.64371919631958
1789134850839013,3.6440212726593018
1789134850849013,3.6467955112457275
1789134850861013,-2.193113327026367
1789134850869013,-2.1971216201782227
1789134850873013,-4.4158430099487305
1789134850889013,-4.429015159606934
1789134850899013,-4.435990810394287
1789134850909013,-2.4078164100646973
1789134850921013,-0.3818516731262207
1789134850929013,-0.38388606905937195
1789134850937013,0.952651858329773
1789134850949013,0.9539996981620789
1789134850959013,0.9560608267784119
1789134850969013,0.9553008079528809
1789134850981013,2.811062812805176
1789134850991013,4.550779819488525
1789134850999013,4.554004669189453
1789134851005013,4.556070804595947
1789134851019013,4.5571699142456055
1789134851029013,4.556828022003174
1789134851039013,1.490496039390564
1789134851047013,1.4904471635818481
1789134851059013,-0.2538718581199646
1789134851069013,-0.2562859058380127
1789134851079013,-0.2578565776348114
1789134851089013,-0.25718721747398376
1789134851099013,3.6885433197021484
1789134851109013,3.6914172172546387
1789134851119013,5.86681604385376
1789134851127013,5.870909690856934
1789134851137013,5.876676559448242
1789134851149013,1.169338583946228
1789134851161013,-0.0025782540906220675
1789134851169013,-0.004238274414092302
1789134851179013,2.011200189590454
1789134851189013,2.0125503540039062
1789134851199013,2.0130224227905273
1789134851209013,0.2297230213880539
1789134851221013,-0.44090762734413147
1789134851229013,-0.4430326819419861
1789134851235013,1.6167689561843872
1789134851249013,1.6185070276260376
1789134851259013,1.6176180839538574
1789134851269013,0.2659218907356262
1789134851281013,0.6193824410438538
1789134851289013,0.6183926463127136
1789134851299013,1.8896613121032715
1789134851309013,1.891305685043335
1789134851319013,1.8919192552566528
1789134851329013,1.8923765420913696
1789134851341013,-0.8029264211654663
1789134851349013,-0.805433988571167
1789134851359013,-2.975236654281616
1789134851367013,-2.9797627925872803
1789134851379013,-2.9849634170532227
1789134851389013,-0.5738204121589661
1789134851401013,2.467839002609253
1789134851411013,3.047715663909912
1789134851419013,3.0493407249450684
1789134851429013,3.0508980751037598
1789134851439013,3.0512001514434814
1789134851449013,3.053231716156006
1789134851461013,-1.5451350212097168
1789134851467013,-1.5475958585739136
1789134851479168,-3.655320167541504
1789134851489168,-3.6626596450805664
1789134851499168,-3.6681439876556396
1789134851509168,-0.986018180847168
1789134851521168,1.3862515687942505
1789134851529168,1.386130928993225
1789134851533168,3.238652467727661
1789134851549168,3.241976022720337
1789134851559168,3.2425053119659424
1789134851569168,-0.3399229943752289
1789134851581168,-1.4425065517425537
1789134851589168,-1.4456466436386108
1789134851599168,-2.096008062362671
1789134851609168,-2.1001737117767334
1789134851619168,-2.1024739742279053
1789134851629168,-2.102912664413452
1789134851639168,2.251415729522705
1789134851651168,1.9632631540298462
1789134851659168,1.963769555091858
1789134851665168,1.9641493558883667
1789134851679168,1.9624065160751343
1789134851689168,1.9630393981933594
1789134851699168,-2.9374122619628906
1789134851709168,-2.943312406539917
1789134851719168,-3.6765336990356445
1789134851729168,-3.6834828853607178
1789134851737168,-3.6889777183532715
1789134851749168,-3.6942455768585205
1789134851761168,0.6222431659698486
1789134851763168,0.6220224499702454
1789134851779168,1.212526798248291
1789134851789168,1.2154433727264404
1789134851797168,1.2151907682418823
1789134851809168,1.21481192111969
1789134851821168,7.125932216644287
1789134851829168,7.131983757019043
1789134851839168,8.787901878356934
1789134851849168,8.797070503234863
1789134851859168,8.802977561950684
1789134851869168,3.8582615852355957
1789134851879168,1.696187973022461
1789134851891168,1.4628239870071411
1789134851895168,1.462809443473816
1789134851909168,1.4637130498886108
1789134851919168,1.465502381324768
1789134851929168,1.4696433544158936
1789134851941168,6.034430503845215
1789134851949168,6.0392680168151855
1789134851959168,5.567347049713135
1789134851969168,5.57151985168457
1789134851979168,5.573103427886963
1789134851989168,5.5741047859191895
1789134851999168,1.1134709119796753
1789134852011168,-0.6379255652427673
1789134852019168,-0.6402254700660706
1789134852027168,-0.6424244046211243
1789134852039168,-0.6438050866127014
1789134852047168,3.7528390884399414
1789134852061168,4.220440864562988
1789134852069168,4.22332239151001
1789134852079168,1.981873869895935
1789134852089168,1.9816088676452637
1789134852099168,1.9805840253829956
1789134852109168,1.978543996810913
1789134852121168,-0.1956523358821869
1789134852127168,-0.19702434539794922
1789134852137168,-1.4401541948318481
1789134852149168,-1.4437191486358643
1789134852159168,-1.4459972381591797
1789134852169168,-1.4449567794799805
1789134852179168,4.047766208648682
1789134852189168,4.051146030426025
1789134852193168,5.248216152191162
1789134852209168,5.255218505859375
1789134852219168,5.256502628326416
1789134852227168,0.5697154402732849
1789134852239168,-0.5340362787246704
1789134852251168,-0.3573288917541504
1789134852259168,-0.35933396220207214
1789134852269168,-0.35998183488845825
1789134852279168,-0.35867685079574585
1789134852289168,-0.3611832559108734
1789134852301168,6.276157855987549
1789134852309168,6.281234264373779
1789134852319168,8.483485221862793
1789134852325168,8.489047050476074
1789134852337168,8.50016975402832
1789134852349168,3.709601402282715
1789134852361168,1.9194796085357666
1789134852369168,1.9198651313781738
1789134852379168,1.3705135583877563
1789134852389168,1.3688215017318726
1789134852399168,1.3679853677749634
1789134852409168,1.3677351474761963
1789134852421168,3.963979482650757
1789134852423168,3.9646220207214355
1789134852439168,6.445512294769287
1789134852449168,6.451641082763672
1789134852457168,6.456845283508301
1789134852469168,2.386134386062622
1789134852481168,0.2502966821193695
1789134852489323,0.24887458980083466
1789134852499323,-1.0279598236083984
1789134852509323,-1.0313398838043213
1789134852519323,-1.0336843729019165
1789134852529323,2.375765562057495
1789134852541323,3.554903268814087
1789134852549323,3.557016134262085
1789134852555323,1.9792519807815552
1789134852569323,1.9783880710601807
1789134852579323,1.9753878116607666
1789134852589323,-2.151092290878296
1789134852601323,-2.0646839141845703
1789134852609323,-2.068554401397705
1789134852619323,-0.4438585638999939
1789134852629323,-0.4445195198059082
1789134852639323,-0.44302141666412354
1789134852649323,-0.4456898868083954
1789134852661323,6.567328453063965
1789134852669323,6.572671413421631
1789134852679323,8.71390438079834
1789134852687323,8.72098159790039
1789134852699323,8.727506637573242
1789134852709323,3.83594012260437
1789134852719323,1.0760836601257324
1789134852731323,1.0014734268188477
1789134852737323,1.0010021924972534
1789134852749323,1.000889539718628
1789134852757323,2.8103485107421875
1789134852769323,2.812300682067871
1789134852781323,-0.17336855828762054
1789134852787323,-0.17478182911872864
1789134852799323,-2.408291816711426
1789134852809323,-2.4135360717773438
1789134852819323,-2.417456865310669
1789134852829323,-2.4227819442749023
1789134852839323,2.426248788833618
1789134852849323,2.4273874759674072
1789134852853323,3.6108217239379883
1789134852869323,3.6137938499450684
1789134852879323,3.614713430404663
1789134852889323,-0.8640890717506409
1789134852901323,-1.2190742492675781
1789134852909323,-1.222054123878479
1789134852919323,0.05976230278611183
1789134852929323,0.0588180311024189
1789134852937323,0.06034116446971893
1789134852949323,5.0421247482299805
1789134852959323,5.425980567932129
1789134852969323,5.431112289428711
1789134852979323,4.202343463897705
1789134852985323,4.204436302185059
1789134852999323,4.205129623413086
1789134853009323,4.208618640899658
1789134853021323,-1.8571439981460571
1789134853029323,-1.8608241081237793
1789134853039323,-4.300544738769531
1789134853047323,-4.30696439743042
1789134853059323,-4.315112590789795
1789134853069323,-2.2266480922698975
1789134853081323,-0.7856674194335938
1789134853083323,-0.7862914800643921
1789134853099323,0.8592470288276672
1789134853109323,0.8604477047920227
1789134853117323,0.8597079515457153
1789134853129323,0.8585982918739319
1789134853139323,7.928894996643066
1789134853149323,7.9373955726623535
1789134853159323,10.256696701049805
1789134853169323,10.266783714294434
1789134853179323,10.273324966430664
1789134853189323,4.293377876281738
1789134853201323,2.6784310340881348
1789134853209323,2.6795806884765625
1789134853215323,1.958801507949829
1789134853229323,1.9566538333892822
1789134853239323,1.9537379741668701
1789134853249323,1.9516505002975464
1789134853259323,-0.07969507575035095
1789134853271323,-1.4212430715560913
1789134853279323,-1.4244545698165894
1789134853289323,-1.4282703399658203
1789134853299323,-1.4301694631576538
1789134853309323,1.6656652688980103
1789134853321323,3.7898294925689697
1789134853331323,2.443589210510254
1789134853337323,2.444277286529541
1789134853347323,2.443634510040283
1789134853359323,2.4401726722717285
1789134853369323,2.441319704055786
1789134853379323,-3.8527088165283203
1789134853391323,-5.694231986999512
1789134853399323,-5.701974868774414
1789134853409323,-5.711893558502197
1789134853417323,-3.265706777572632
1789134853429323,-3.273397207260132
1789134853441323,0.6316528916358948
1789134853447323,0.6309371590614319
1789134853459323,1.8286645412445068
1789134853469323,1.830148458480835
1789134853479323,1.8308788537979126
1789134853489477,1.8312822580337524
1789134853501477,-0.8095198273658752
1789134853509477,-0.8120136857032776
1789134853513477,-0.8703573346138
1789134853529477,-0.8751943707466125
1789134853537477,-0.8777491450309753
1789134853549477,2.3347854614257812
1789134853561477,2.7389495372772217
1789134853571477,1.5414795875549316
1789134853579477,1.5415046215057373
1789134853589477,1.5409313440322876
1789134853599477,1.540496826171875
1789134853609477,1.5405280590057373
1789134853621477,3.7040841579437256
1789134853629477,3.706416368484497
1789134853639477,4.451543807983398
1789134853645477,4.453886032104492
1789134853659477,4.454493045806885
1789134853669477,0.7827222943305969
1789134853681477,0.1667005866765976
1789134853689477,0.16525045037269592
1789134853699477,-0.021739637479186058
1789134853709477,-0.02230796590447426
1789134853719477,-0.021220827475190163
1789134853729477,-0.023280130699276924
1789134853741477,3.711215019226074
1789134853751477,5.936501502990723
1789134853759477,5.941205978393555
1789134853769477,5.946571350097656
1789134853777477,5.948360919952393
1789134853789477,5.949122428894043
1789134853801477,0.01703392155468464
1789134853809477,0.015405064448714256
1789134853819477,-2.0944440364837646
1789134853829477,-2.0997424125671387
1789134853839477,-2.104556083679199
1789134853849477,0.31680694222450256
1789134853861477,1.4288159608840942
1789134853869477,1.4287148714065552
1789134853875477,3.5730159282684326
1789134853889477,3.5782296657562256
1789134853899477,3.5796024799346924
1789134853909477,3.5823328495025635
1789134853921477,-0.926634669303894
1789134853931477,-2.1331348419189453
1789134853937477,-2.1360678672790527
1789134853949477,-2.1427810192108154
1789134853959477,-2.1475398540496826
1789134853969477,-2.152427911758423
1789134853981477,1.2308608293533325
1789134853989477,1.2305625677108765
1789134853999477,3.431997060775757
1789134854007477,3.4349093437194824
1789134854019477,3.436159372329712
1789134854029477,1.1355252265930176
1789134854041477,0.210590660572052
1789134854047477,0.2095457911491394
1789134854059477,1.2885713577270508
1789134854069477,1.29018235206604
1789134854079477,1.2939003705978394
1789134854089477,1.293597936630249
1789134854101477,5.307837009429932
1789134854107477,5.310866832733154
1789134854119477,5.46751070022583
1789134854129477,5.472108364105225
1789134854137477,5.4763078689575195
1789134854149477,5.482607364654541
1789134854161477,-0.55778968334198
1789134854169477,-0.5600380897521973
1789134854173477,-1.7269012928009033
1789134854189477,-1.7342875003814697
1789134854199477,-1.7376399040222168
1789134854209477,2.1176674365997314
1789134854221477,2.452725410461426
1789134854229477,2.453705310821533
1789134854239477,0.02871539443731308
1789134854249477,0.025831490755081177
1789134854259477,0.02377972938120365
1789134854269477,0.021773789077997208
1789134854281477,3.2472009658813477
1789134854289477,3.2490384578704834
1789134854299477,4.530957221984863
1789134854305477,4.533357620239258
1789134854319477,4.535312175750732
1789134854329477,4.539312839508057
1789134854341477,-0.4208633005619049
1789134854349477,-0.42295604944229126
1789134854359477,-2.4992804527282715
1789134854369477,-2.5048084259033203
1789134854379477,-2.5077056884765625
1789134854389477,0.8759997487068176
1789134854401477,3.275472402572632
1789134854403477,3.275940179824829
1789134854419477,4.23870325088501
1789134854429477,4.24176025390625
1789134854437477,4.244651794433594
1789134854449477,4.248988151550293
1789134854461477,-0.43929457664489746
1789134854469477,-0.4414075016975403
1789134854479477,-2.6544852256774902
1789134854489631,-2.660210609436035
1789134854499631,-2.66418719291687
1789134854509631,0.916269838809967
1789134854521631,3.500730514526367
1789134854529631,3.5028419494628906
1789134854535631,4.242096424102783
1789134854549631,4.24642276763916
1789134854559631,4.248448848724365
1789134854569631,4.252070903778076
1789134854581631,-0.04575088247656822
1789134854589631,-0.04744092747569084
1789134854599631,-2.239499568939209
1789134854609631,-2.2449495792388916
1789134854619631,-2.248051643371582
1789134854629631,-2.253080368041992
1789134854641631,4.052122116088867
1789134854649631,4.054825782775879
1789134854659631,4.792125701904297
1789134854667631,4.795326232910156
1789134854679631,4.798309326171875
1789134854689631,4.802666187286377
1789134854701631,0.06064453721046448
1789134854709631,0.05906761810183525
1789134854719631,-1.9374268054962158
1789134854729631,-1.9422019720077515
1789134854737631,-1.9459036588668823
1789134854749631,-1.9514559507369995
1789134854761631,3.853273391723633
1789134854767631,3.8551440238952637
1789134854779631,5.008790016174316
1789134854789631,5.012771129608154
1789134854799631,5.015048980712891
1789134854809631,5.019698143005371
1789134854821631,-0.44082382321357727
1789134854829631,-0.4429337680339813
1789134854833631,-2.5979647636413574
1789134854849631,-2.6070244312286377
1789134854857631,-1.2249188423156738
1789134854869631,0.09405070543289185
1789134854881631,2.4449076652526855
1789134854889631,2.4458999633789062
1789134854899631,3.627673387527466
1789134854909631,3.6297695636749268
1789134854919631,3.6303040981292725
1789134854929631,3.6331167221069336
1789134854941631,-1.7519692182540894
1789134854949631,-1.7554640769958496
1789134854959631,-3.988875150680542
1789134854965631,-3.993276834487915
1789134854979631,-4.0001726150512695
1789134854989631,-0.7903805375099182
1789134855001631,1.2771875858306885
1789134855009631,1.276955485343933
1789134855019631,2.367760181427002
1789134855029631,2.3700523376464844
1789134855039631,2.3712968826293945
1789134855049631,0.23449960350990295
1789134855061631,-0.4423362612724304
1789134855071631,1.5853487253189087
1789134855079631,1.5854427814483643
1789134855089631,1.5863507986068726
1789134855097631,1.5864448547363281
1789134855109631,6.3936767578125
1789134855121631,6.186086177825928
1789134855129631,6.191073894500732
1789134855137631,4.9439287185668945
1789134855149631,4.9473066329956055
1789134855159631,4.949309825897217
1789134855169631,0.30349987745285034
1789134855181631,-0.3591371774673462
1789134855189631,-0.36114469170570374
1789134855195631,1.4934108257293701
1789134855209631,1.4949859380722046
1789134855219631,1.4990277290344238
1789134855229631,1.4989911317825317
1789134855241631,8.773603439331055
1789134855249631,8.781332015991211
1789134855259631,10.045141220092773
1789134855269631,10.055490493774414
1789134855279631,10.063912391662598
1789134855289631,10.07524299621582
1789134855301631,4.7349982261657715
1789134855309631,4.738356113433838
1789134855319631,3.6494104862213135
1789134855327631,3.651360511779785
1789134855337631,3.6541025638580322
1789134855349631,3.657392978668213
1789134855361631,-2.686833381652832
1789134855369631,-2.691408634185791
1789134855379631,-3.3109335899353027
1789134855389631,-3.318129777908325
1789134855399631,-3.3259201049804688
1789134855409631,-3.332456350326538
1789134855421631,-1.6819592714309692
1789134855431631,0.5890050530433655
1789134855439631,0.5879700183868408
1789134855449631,0.5876138210296631
1789134855459631,0.5908299684524536
1789134855469631,4.757784366607666
1789134855481631,1.8361459970474243
1789134855489631,1.836432695388794
1789134855493785,0.9703518748283386
1789134855509785,0.9686492681503296
1789134855519785,0.9681738615036011
1789134855529785,3.5517876148223877
1789134855541785,3.8780977725982666
1789134855549785,3.8805603981018066
1789134855559785,1.5734498500823975
1789134855569785,1.572943925857544
1789134855579785,1.573179841041565
1789134855589785,2.725022315979004
1789134855601785,3.2292704582214355
1789134855609785,3.2310357093811035
1789134855619785,2.157872200012207
1789134855625785,2.158337116241455
1789134855639785,2.154710292816162
1789134855649785,2.155485153198242
1789134855661785,-1.7392230033874512
1789134855669785,-1.7427564859390259
1789134855679785,-1.1561894416809082
1789134855689785,-1.1597561836242676
1789134855699785,-1.1602818965911865
1789134855709785,-1.1639115810394287
1789134855721785,4.831447124481201
1789134855723785,4.832320690155029
1789134855737785,5.645334720611572
1789134855749785,5.6514716148376465
1789134855757785,5.655824661254883
1789134855769785,5.662354946136475
1789134855781785,1.564216136932373
1789134855789785,1.564192295074463
1789134855799785,-0.5257657766342163
1789134855809785,-0.5286234617233276
1789134855819785,-0.5296450257301331
1789134855829785,2.4052703380584717
1789134855841785,2.692591428756714
1789134855849785,2.693777322769165
1789134855855785,1.5339677333831787
1789134855869785,1.531629204750061
1789134855879785,1.5307565927505493
1789134855889785,1.5306925773620605
1789134855899785,3.4409382343292236
1789134855909785,3.443417549133301
1789134855919785,6.307017803192139
1789134855929785,6.31280517578125
1789134855937785,6.317836761474609
1789134855949785,6.325384140014648
1789134855961785,-0.5398582816123962
1789134855969785,-0.542151927947998
1789134855979785,-1.8543919324874878
1789134855987785,-1.8584933280944824
1789134855999785,-1.8642300367355347
1789134856009785,-1.8688405752182007
1789134856021785,0.5788310766220093
1789134856029785,0.5777587294578552
1789134856039785,2.606900930404663
1789134856047785,2.609135627746582
1789134856057785,1.5774952173233032
1789134856069785,1.5774792432785034
1789134856081785,3.4970788955688477
1789134856087785,3.4986062049865723
1789134856099785,4.301363468170166
1789134856109785,4.30453634262085
1789134856119785,4.306578636169434
1789134856129785,4.310188293457031
1789134856141785,-0.46478965878486633
1789134856151785,-2.824793815612793
1789134856153785,-2.825974225997925
1789134856169785,-2.835582971572876
1789134856179785,-2.8393805027008057
1789134856189785,1.7008737325668335
1789134856201785,3.4797816276550293
1789134856209785,3.4818038940429688
1789134856219785,6.342597007751465
1789134856229785,6.348248481750488
1789134856239785,6.3520426750183105
1789134856249785,6.358376502990723
1789134856261785,0.6618653535842896
1789134856269785,0.660849928855896
1789134856279785,-1.4689825773239136
1789134856285785,-1.471444845199585
1789134856299785,-1.47291100025177
1789134856309785,-1.4770145416259766
1789134856321785,4.246877670288086
1789134856329785,4.249701976776123
1789134856337785,5.060793399810791
1789134856349785,5.066046714782715
1789134856359785,5.068907737731934
1789134856369785,5.073514461517334
1789134856381785,0.4083155393600464
1789134856391785,-2.27237606048584
1789134856399785,-2.2765257358551025
1789134856409785,-2.2818305492401123
1789134856417785,-2.285980224609375
1789134856429785,-0.4788288474082947
1789134856441785,1.6640433073043823
1789134856449785,1.6641151905059814
1789134856459785,3.187873363494873
1789134856469785,3.1912825107574463
1789134856479785,3.193758249282837
1789134856489785,1.3150196075439453
1789134856501785,0.8572748303413391
1789134856509940,0.8564773797988892
1789134856515940,2.1038918495178223
1789134856529940,2.106417179107666
1789134856537940,2.106949806213379
1789134856549940,2.1077489852905273
1789134856561940,0.0095836091786623
1789134856569940,0.007878053933382034
1789134856579940,-0.4054082930088043
1789134856589940,-0.40790557861328125
1789134856599940,-0.40898245573043823
1789134856609940,-0.41166189312934875
1789134856621940,4.641615867614746
1789134856629940,4.644862174987793
1789134856639940,6.720509052276611
1789134856647940,6.725552082061768
1789134856659940,6.729171276092529
1789134856669940,2.0200300216674805
1789134856681940,0.8091626763343811
1789134856689940,0.8082969188690186
1789134856699940,0.11956800520420074
1789134856709940,0.11833103001117706
1789134856717940,2.150120496749878
1789134856729940,2.150974750518799
1789134856741940,1.0919342041015625
1789134856747940,1.0915138721466064
1789134856759940,0.3563339412212372
1789134856769940,0.3549017310142517
1789134856779940,0.3565234839916229
1789134856789940,4.252466678619385
1789134856801940,4.750450611114502
1789134856809940,4.753788948059082
1789134856813940,3.562045097351074
1789134856829940,3.562256097793579
1789134856839940,3.561701774597168
1789134856847940,1.8328759670257568
1789134856861940,2.4290738105773926
1789134856871940,3.6673378944396973
1789134856879940,3.6695122718811035
1789134856889940,3.6715619564056396
1789134856899940,3.670943260192871
1789134856907940,-0.35524338483810425
1789134856921940,1.1429715156555176
1789134856929940,1.1424529552459717
1789134856937940,2.0318641662597656
1789134856945940,2.0322937965393066
1789134856959940,2.0337421894073486
1789134856969940,2.0324819087982178
1789134856981940,0.008386902511119843
1789134856991940,0.6647872924804688
1789134856999940,0.6637606024742126
1789134857009940,0.6625879406929016
1789134857019940,0.6635451912879944
1789134857029940,3.6878604888916016
1789134857041940,4.540393829345703
1789134857043940,4.5411696434021
1789134857059940,3.342031955718994
1789134857069940,3.342817783355713
1789134857077940,3.3446385860443115
1789134857089940,3.34736967086792
1789134857101940,-2.8312578201293945
1789134857111940,-5.127796173095703
1789134857119940,-5.135010242462158
1789134857129940,-5.144118309020996
1789134857137940,-5.151331901550293
1789134857149940,-2.622225046157837
1789134857161940,-0.44594573974609375
1789134857169940,-0.4481242895126343
1789134857175940,0.2892819941043854
1789134857189940,0.29041123390197754
1789134857199940,0.2920096516609192
1789134857209940,0.29400861263275146
1789134857221940,2.6393465995788574
1789134857229940,2.640458822250366
1789134857239940,2.505720376968384
1789134857249940,2.5064496994018555
1789134857259940,2.5049846172332764
1789134857269940,-1.093522548675537
1789134857281940,-2.2465953826904297
1789134857289940,-2.2506890296936035
1789134857299940,-1.3142811059951782
1789134857307940,-1.3156265020370483
1789134857319940,-1.315481424331665
1789134857329940,-1.3193447589874268
1789134857341940,5.296623706817627
1789134857349940,5.300590991973877
1789134857359940,7.585681438446045
1789134857369940,7.593260765075684
1789134857379940,7.597671031951904
1789134857389940,7.605666637420654
1789134857399940,0.3342609107494354
1789134857407940,0.332903116941452
1789134857419940,-0.7958554625511169
1789134857429940,-0.7994890213012695
1789134857439940,-0.8028074502944946
1789134857449940,-0.8060045838356018
1789134857461940,1.500799298286438
1789134857469940,1.5007054805755615
1789134857473940,3.3996403217315674
1789134857489940,3.405064344406128
1789134857499940,3.4058332443237305
1789134857510096,0.9308280944824219
1789134857522096,0.10829634964466095
1789134857530096,0.10671060532331467
1789134857538096,0.9824889898300171
1789134857550096,0.9836506843566895
1789134857560096,0.9863469004631042
1789134857570096,0.9855332374572754
1789134857582096,4.898717880249023
1789134857590096,4.902241230010986
1789134857600096,7.147385120391846
1789134857606096,7.151817321777344
1789134857620096,7.15637731552124
1789134857630096,2.6131250858306885
1789134857642096,1.7065414190292358
1789134857652096,0.9512627720832825
1789134857660096,0.9505490064620972
1789134857670096,0.9497042298316956
1789134857680096,0.9501731991767883
1789134857690096,0.9492810368537903
1789134857702096,5.286781311035156
1789134857712096,7.71633768081665
1789134857720096,7.722834587097168
1789134857730096,7.730502605438232
1789134857738096,7.736998558044434
1789134857750096,7.746743679046631
1789134857762096,2.751030445098877
1789134857770096,2.7521893978118896
1789134857780096,1.6301957368850708
1789134857790096,1.6298389434814453
1789134857800096,1.6310895681381226
1789134857810096,4.209499835968018
1789134857822096,4.203416347503662
1789134857830096,4.206115245819092
1789134857836096,2.3875317573547363
1789134857850096,2.387453317642212
1789134857860096,2.3851354122161865
1789134857870096,-1.6161483526229858
1789134857882096,-2.8541014194488525
1789134857890096,-2.8589229583740234
1789134857900096,-1.9111721515655518
1789134857910096,-1.9134410619735718
1789134857920096,-1.914869785308838
1789134857930096,-1.9130797386169434
1789134857942096,4.831932544708252
1789134857950096,4.83532190322876
1789134857960096,4.682629585266113
1789134857968096,4.685609340667725
1789134857980096,4.686756610870361
1789134857990096,4.68645715713501
1789134858002096,-0.27345073223114014
1789134858010096,-0.2755225598812103
1789134858020096,-1.0271726846694946
1789134858030096,-1.0318176746368408
1789134858040096,-1.0348509550094604
1789134858050096,2.141449451446533
1789134858062096,2.9953837394714355
1789134858068096,2.9964568614959717
1789134858080096,2.79451060295105
1789134858090096,2.795179843902588
1789134858100096,2.7932770252227783
1789134858110096,2.7947938442230225
1789134858122096,-3.7489194869995117
1789134858130096,-3.754685878753662
1789134858134096,-5.06302547454834
1789134858150096,-5.0789899826049805
1789134858160096,-5.086664199829102
1789134858170096,-1.3369977474212646
1789134858182096,-0.502418577671051
1789134858190096,-0.5046748518943787
1789134858200096,1.752420425415039
1789134858210096,1.753362774848938
1789134858220096,1.7576186656951904
1789134858230096,1.757807731628418
1789134858242096,7.732059001922607
1789134858250096,7.738580703735352
1789134858260096,8.085683822631836
1789134858266096,8.090846061706543
1789134858280096,8.099138259887695
1789134858290096,8.107741355895996
1789134858302096,2.7369256019592285
1789134858310096,2.738071918487549
1789134858320096,-0.34608155488967896
1789134858330096,-0.34937584400177
1789134858338096,-0.3515166640281677
1789134858350096,-0.3547278642654419
1789134858362096,3.507485866546631
1789134858364096,3.507981300354004
1789134858380096,4.493413925170898
1789134858390096,4.496359825134277
1789134858398096,4.499385833740234
1789134858410096,4.503924369812012
1789134858422096,-0.956376314163208
1789134858430096,-0.95917809009552
1789134858440096,-3.353438377380371
1789134858450096,-3.3602755069732666
1789134858460096,-3.3649842739105225
1789134858470096,-0.7906366586685181
1789134858482096,1.4829926490783691
1789134858490096,1.4828239679336548
1789134858496096,2.0347394943237305
1789134858510249,2.038642644882202
1789134858520249,2.0405189990997314
1789134858530249,2.041043519973755
1789134858542249,2.0092973709106445
1789134858550249,2.0096824169158936
1789134858560249,1.5049808025360107
1789134858570249,1.5047633647918701
1789134858580249,1.5065416097640991
1789134858590249,1.509276032447815
1789134858602249,5.0689005851745605
1789134858610249,5.0725417137146
1789134858620249,4.87391471862793
1789134858628249,4.876862525939941
1789134858640249,4.880199432373047
1789134858650249,4.884479999542236
1789134858662249,0.7038798928260803
1789134858670249,0.7028408050537109
1789134858680249,-0.609550952911377
1789134858690249,-0.6124304533004761
1789134858700249,-0.6142613887786865
1789134858710249,-0.6173059344291687
1789134858722249,4.284813404083252
1789134858728249,4.286910533905029
1789134858738249,5.673852920532227
1789134858750249,5.679197311401367
1789134858760249,5.682105541229248
1789134858770249,5.687442779541016
1789134858782249,1.9124449491500854
1789134858790249,1.9126821756362915
1789134858794249,-0.5879564881324768
1789134858810249,-0.5928426384925842
1789134858820249,-0.5952335000038147
1789134858828249,0.6482434272766113
1789134858840249,4.340377330780029
1789134858850249,4.343918800354004
1789134858856249,5.317296504974365
1789134858870249,5.323203086853027
1789134858880249,5.325908660888672
1789134858890249,5.330744743347168
1789134858902249,0.41607534885406494
1789134858910249,0.4146967828273773
1789134858920249,-1.5894696712493896
1789134858926249,-1.592103362083435
1789134858938249,-1.5973707437515259
1789134858950249,-1.6026382446289062
1789134858962249,2.4795937538146973
1789134858970249,2.4804394245147705
1789134858980249,3.6071033477783203
1789134858990249,3.6089205741882324
1789134859000249,3.609062671661377
1789134859010249,3.611618995666504
1789134859022249,-1.7303078174591064
1789134859024249,-1.7312214374542236
1789134859040249,-4.1086320877075195
1789134859048249,-4.114781856536865
1789134859058249,-4.122503280639648
1789134859070249,-0.6788181662559509
1789134859082249,1.436950922012329
1789134859090249,1.4367139339447021
1789134859100249,2.5974531173706055
1789134859110249,2.5998635292053223
1789134859120249,2.6013054847717285
1789134859130249,1.1764907836914062
1789134859140249,0.35322535037994385
1789134859150249,0.3514786958694458
1789134859156249,2.5061819553375244
1789134859170249,2.509460926055908
1789134859180249,2.50970721244812
1789134859190249,2.5108323097229004
1789134859202249,2.12119197845459
1789134859210249,2.1216752529144287
1789134859220249,1.0177773237228394
1789134859230249,1.0166016817092896
1789134859240249,1.016139268875122
1789134859250249,1.0152727365493774
1789134859262249,4.917616367340088
1789134859270249,4.921083450317383
1789134859280249,7.184267044067383
1789134859288249,7.1896209716796875
1789134859300249,7.193557262420654
1789134859310249,7.200899124145508
1789134859322249,0.5872892737388611
1789134859330249,0.5861005187034607
1789134859338249,-0.23079565167427063
1789134859350249,-0.23468415439128876
1789134859358249,-0.5495026707649231
1789134859370249,1.5716038942337036
1789134859382249,2.707714319229126
1789134859388249,2.708526849746704
1789134859400249,4.70867919921875
1789134859410249,4.712118148803711
1789134859420249,4.712195873260498
1789134859430249,4.716209888458252
1789134859442249,-2.0304391384124756
1789134859450249,-2.0344274044036865
1789134859454249,-2.9509999752044678
1789134859470249,-2.9607901573181152
1789134859480249,-2.9658632278442383
1789134859490249,0.7753084301948547
1789134859502249,1.8089075088500977
1789134859510403,1.8090431690216064
1789134859514403,4.0945611000061035
1789134859530403,4.099148750305176
1789134859538403,4.101720809936523
1789134859550403,-0.1925704926252365
1789134859562403,-1.6045833826065063
1789134859570403,-1.6080950498580933
1789134859580403,-0.8122285604476929
1789134859586403,-0.8142229914665222
1789134859600403,-0.8131859302520752
1789134859610403,-0.8165096640586853
1789134859622403,6.0757246017456055
1789134859630403,6.080417633056641
1789134859640403,8.292176246643066
1789134859650403,8.300483703613281
1789134859660403,8.305458068847656
1789134859670403,3.5001144409179688
1789134859682403,1.8158888816833496
1789134859684403,1.8159171342849731
1789134859700403,0.6739233732223511
1789134859710403,0.6729266047477722
1789134859718403,0.6718235015869141
1789134859730403,0.6701690554618835
1789134859742403,5.334636211395264
1789134859750403,5.338507652282715
1789134859760403,7.616590976715088
1789134859770403,7.623963356018066
1789134859780403,7.627984523773193
1789134859790403,3.121293306350708
1789134859800403,0.8829628825187683
1789134859810403,0.8818318843841553
1789134859816403,0.661209225654602
1789134859830403,0.658841609954834
1789134859840403,0.6582381129264832
1789134859850403,0.6568140387535095
1789134859862403,5.0947265625
1789134859870403,5.0983195304870605
1789134859880403,7.448869705200195
1789134859890403,7.456151008605957
1789134859900403,7.459863185882568
1789134859910403,2.8829054832458496
1789134859922403,1.425817608833313
1789134859930403,1.4254679679870605
1789134859938403,1.1119756698608398
1789134859948403,1.1111196279525757
1789134859960403,1.1114906072616577
1789134859970403,1.1106363534927368
1789134859982403,1.9172217845916748
1789134859990403,1.9173996448516846
1789134860000403,4.08051872253418
1789134860010403,4.083731651306152
1789134860020403,4.084791660308838
1789134860030403,4.087894439697266
1789134860042403,-1.68770170211792
1789134860052403,-2.790834665298462
1789134860060403,-2.795686960220337
1789134860070403,-2.8020148277282715
1789134860080403,-2.8074049949645996
1789134860090403,-2.813469886779785
1789134860102403,1.0931533575057983
1789134860112403,3.2494444847106934
1789134860114403,3.249850034713745
1789134860130403,3.2548668384552
1789134860138403,3.25648832321167
1789134860150403,1.3509668111801147
1789134860162403,0.5729992389678955
1789134860170403,0.5717580914497375
1789134860180403,1.676179051399231
1789134860190403,1.6779733896255493
1789134860200403,1.6815186738967896
1789134860210403,1.681439995765686
1789134860222403,5.22072172164917
1789134860230403,5.224433422088623
1789134860240403,5.586472034454346
1789134860246403,5.589540958404541
1789134860260403,5.591189861297607
1789134860270403,1.191809892654419
1789134860280403,-0.04652397334575653
1789134860290403,-0.048926495015621185
1789134860300403,-0.026249412447214127
1789134860310403,-0.026466697454452515
1789134860320403,-0.024719450622797012
1789134860330403,-0.027088671922683716
1789134860342403,7.252235412597656
1789134860344403,7.253702640533447
1789134860360403,9.564909934997559
1789134860370403,9.57480525970459
1789134860378403,9.583120346069336
1789134860390403,9.59559440612793
1789134860402403,2.2874393463134766
1789134860410403,2.2879486083984375
1789134860420403,1.16042959690094
1789134860430403,1.1588318347930908
1789134860440403,1.1571184396743774
1789134860450403,2.4356768131256104
1789134860462403,2.9264461994171143
1789134860470403,2.9276394844055176
1789134860476403,0.7992680072784424
1789134860490403,0.795962929725647
1789134860500403,0.7947915196418762
1789134860510403,2.057811737060547
1789134860522556,2.5395681858062744
1789134860530556,2.5403528213500977
1789134860538556,2.1711037158966064
1789134860550556,2.1699090003967285
1789134860560556,2.1687302589416504
1789134860570556,2.1692183017730713
1789134860582556,0.7108176350593567
1789134860592556,0.6500021815299988
1789134860600556,0.6487743258476257
1789134860608556,0.6476725339889526
1789134860620556,0.6484837532043457
1789134860630556,0.6469491124153137
1789134860642556,2.1002657413482666
1789134860650556,2.1005897521972656
1789134860660556,3.3111021518707275
1789134860670556,3.312488555908203
1789134860680556,3.312283754348755
1789134860690556,3.3142998218536377
1789134860700556,-2.0090487003326416
1789134860708556,-2.013108491897583
1789134860720556,-4.181227207183838
1789134860730556,-4.189413070678711
1789134860738556,-4.195775508880615
1789134860750556,-4.205318927764893
1789134860762556,1.187450647354126
1789134860770556,1.1868493556976318
1789134860774556,2.272092580795288
1789134860790556,2.275566577911377
1789134860800556,2.2763826847076416
1789134860810556,0.14244145154953003
1789134860822556,-0.5568085312843323
1789134860830556,-0.5592713952064514
1789134860840556,1.4931219816207886
1789134860850556,1.493636131286621
1789134860860556,1.497440218925476
1789134860870556,6.45675802230835
1789134860882556,6.930669784545898
1789134860890556,6.936180114746094
1789134860900556,5.704861164093018
1789134860906556,5.708004951477051
1789134860920556,5.709798812866211
1789134860930556,5.715037822723389
1789134860942556,-0.9709937572479248
1789134860950556,-0.9739371538162231
1789134860960556,-3.1318132877349854
1789134860970556,-3.1385788917541504
1789134860980556,-3.1426126956939697
1789134860990556,0.2725900113582611
1789134861002556,2.4488561153411865
1789134861004556,2.4490394592285156
1789134861020556,3.6903650760650635
1789134861030556,3.692241907119751
1789134861038556,3.694293737411499
1789134861050556,-0.3111824095249176
1789134861062556,-1.0370872020721436
1789134861070556,-1.0400805473327637
1789134861080556,1.0822720527648926
1789134861090556,1.082154631614685
1789134861100556,1.0856895446777344
1789134861110556,6.2002434730529785
1789134861122556,6.905034065246582
1789134861130556,6.910501956939697
1789134861136556,5.675770282745361
1789134861150556,5.680230617523193
1789134861160556,5.682441711425781
1789134861170556,5.687625408172607
1789134861182556,-0.4726512134075165
1789134861190556,-0.4750797748565674
1789134861200556,-2.3716840744018555
1789134861210556,-2.377507448196411
1789134861220556,-2.3813533782958984
1789134861230556,1.8887666463851929
1789134861242556,4.071509838104248
1789134861250556,4.073947429656982
1789134861260556,5.2660627365112305
1789134861268556,5.269020080566406
1789134861280556,5.27176570892334
1789134861290556,5.27639627456665
1789134861302556,0.2730622887611389
1789134861312556,-1.6595534086227417
1789134861320556,-1.6632492542266846
1789134861330556,-1.6679476499557495
1789134861338556,0.49595582485198975
1789134861350556,0.4938783049583435
1789134861362556,4.779836654663086
1789134861368556,4.782227516174316
1789134861380556,6.095211505889893
1789134861390556,6.100268363952637
1789134861400556,6.103552341461182
1789134861410556,6.109278678894043
1789134861422556,1.6426517963409424
1789134861430556,1.6424622535705566
1789134861434556,-0.6751250624656677
1789134861450556,-0.6808958649635315
1789134861460556,-0.682585597038269
1789134861470556,2.2338829040527344
1789134861482556,4.602278709411621
1789134861492556,4.770974636077881
1789134861500556,4.774127960205078
1789134861510556,4.776675701141357
1789134861520709,4.7780938148498535
1789134861530709,4.782035827636719
1789134861542709,2.4596171379089355
1789134861550709,2.460289239883423
1789134861560709,0.0544925294816494
1789134861566709,0.053178571164608
1789134861580709,0.05287676304578781
1789134861588709,3.0894827842712402
1789134861602709,3.2888972759246826
1789134861610709,3.2904555797576904
1789134861620709,2.01206636428833
1789134861630709,2.01065993309021
1789134861640709,2.009758710861206
1789134861650709,2.0100016593933105
1789134861662709,4.824800968170166
1789134861664709,4.8256001472473145
1789134861680709,7.599156856536865
1789134861690709,7.6063032150268555
1789134861698709,7.612443923950195
1789134861710709,7.621655464172363
1789134861722709,0.1968434900045395
1789134861730709,0.1950569599866867
1789134861738709,-0.9325130581855774
1789134861750709,-0.9379091858863831
1789134861760709,-0.9422208666801453
1789134861770709,0.5216783285140991
1789134861782709,1.535666823387146
1789134861790709,1.5353285074234009
1789134861796709,3.668801784515381
1789134861810709,3.6735188961029053
1789134861820709,3.674527883529663
1789134861830709,3.676948070526123
1789134861842709,-0.8516484498977661
1789134861850709,-0.8545448780059814
1789134861856709,-2.0100491046905518
1789134861870709,-2.018052577972412
1789134861880709,-2.0230367183685303
1789134861890709,-2.028193950653076
1789134861902709,2.078298330307007
1789134861910709,2.0785560607910156
1789134861920709,4.1129584312438965
1789134861928709,4.115907669067383
1789134861938709,4.118937969207764
1789134861950709,4.122574806213379
1789134861962709,-0.9280603528022766
1789134861972709,-2.205684185028076
1789134861980709,-2.210007905960083
1789134861990709,-2.2158846855163574
1789134862000709,-2.2201271057128906
1789134862010709,-2.225531816482544
1789134862022709,3.388385057449341
1789134862028709,3.3896372318267822
1789134862040709,5.416478157043457
1789134862048709,5.419765472412109
1789134862060709,5.42050838470459
1789134862068709,0.6972803473472595
1789134862082709,1.3225153684616089
1789134862090709,1.3219704627990723
1789134862094709,2.0918776988983154
1789134862110709,2.098039150238037
1789134862120709,2.1033549308776855
1789134862130709,6.9455246925354
1789134862142709,6.386614799499512
1789134862150709,6.391448497772217
1789134862160709,3.869142770767212
1789134862170709,3.8712406158447266
1789134862180709,3.8729562759399414
1789134862190709,1.8847987651824951
1789134862202709,1.408349633216858
1789134862212709,2.4799513816833496
1789134862220709,2.480605125427246
1789134862226709,2.4810950756073
1789134862240709,2.483285903930664
1789134862250709,2.484102725982666
1789134862262709,0.9289972186088562
1789134862270709,0.9279918670654297
1789134862280709,2.163011312484741
1789134862290709,2.163667678833008
1789134862300709,2.1662395000457764
1789134862310709,5.178593635559082
1789134862322709,4.66331148147583
1789134862324709,4.664052963256836
1789134862338709,3.3786885738372803
1789134862350709,3.378891706466675
1789134862358709,3.3804843425750732
1789134862370709,3.382873058319092
1789134862380709,-3.0433542728424072
1789134862390709,-3.0499229431152344
1789134862400709,-5.235105514526367
1789134862410709,-5.244742393493652
1789134862420709,-5.253176689147949
1789134862430709,-2.960538625717163
1789134862442709,-1.0972691774368286
1789134862450709,-1.1003962755203247
1789134862456709,0.5777148604393005
1789134862470709,0.5786675810813904
1789134862480709,0.5808886289596558
1789134862490709,0.5792186856269836
1789134862502709,2.5952060222625732
1789134862510709,2.596022129058838
1789134862520709,3.9963037967681885
1789134862530862,3.9991798400878906
1789134862538862,4.001486301422119
1789134862550862,0.6023388504981995
1789134862562862,-0.7843497395515442
1789134862570862,-0.7871456742286682
1789134862580862,-0.0007565857376903296
1789134862588862,-0.0016238774405792356
1789134862600862,-0.0013846785295754671
1789134862610862,-0.0038278941065073013
1789134862622862,5.842580795288086
1789134862630862,5.846863746643066
1789134862640862,7.937882900238037
1789134862650862,7.9455156326293945
1789134862660862,7.9497389793396
1789134862670862,7.9578704833984375
1789134862682862,1.4163715839385986
1789134862688862,1.4160107374191284
1789134862700862,1.1696891784667969
1789134862710862,1.1695035696029663
1789134862720862,1.1712638139724731
1789134862730862,1.1703354120254517
1789134862742862,2.7674546241760254
1789134862750862,2.768415689468384
1789134862754862,5.397241115570068
1789134862770862,5.403960227966309
1789134862780862,5.405079364776611
1789134862790862,1.5402636528015137
1789134862802862,0.7346585392951965
1789134862810862,0.7334390878677368
1789134862820862,2.177288770675659
1789134862830862,2.178924560546875
1789134862840862,2.1812450885772705
1789134862850862,2.181645393371582
1789134862862862,3.307197093963623
1789134862872862,3.7187726497650146
1789134862880862,3.720728874206543
1789134862886862,3.721864938735962
1789134862900862,3.7209179401397705
1789134862910862,3.723363161087036
1789134862922862,-2.4079225063323975
1789134862930862,-2.412505865097046
1789134862938862,-3.3867764472961426
1789134862950862,-3.3957223892211914
1789134862960862,-3.401951551437378
1789134862970862,-3.4089725017547607
1789134862982862,0.7240818738937378
1789134862984862,0.7237817645072937
1789134863000862,2.7739875316619873
1789134863010862,2.775944948196411
1789134863018862,2.7769293785095215
1789134863030862,0.4114346504211426
1789134863040862,-1.5223876237869263
1789134863052862,-1.9354099035263062
1789134863060862,-1.9394408464431763
1789134863070862,-1.9434744119644165
1789134863080862,-1.945441722869873
1789134863090862,2.645291805267334
1789134863102862,3.441189765930176
1789134863110862,3.442904472351074
1789134863116862,1.0364222526550293
1789134863130862,1.0333889722824097
1789134863138862,1.0325374603271484
1789134863150862,1.0312602519989014
1789134863162862,4.947218418121338
1789134863170862,4.950544357299805
1789134863180862,5.904459476470947
1789134863190862,5.909379482269287
1789134863200862,5.912743091583252
1789134863210862,5.9181647300720215
1789134863222862,0.45599979162216187
1789134863230862,0.454508513212204
1789134863240862,-1.8524202108383179
1789134863248862,-1.8567795753479004
1789134863260862,-1.8621879816055298
1789134863270862,-1.8651583194732666
1789134863280862,1.9986878633499146
1789134863292862,3.0265915393829346
1789134863300862,3.027862310409546
1789134863310862,3.03067946434021
1789134863320862,3.0333950519561768
1789134863330862,3.0349831581115723
1789134863342862,1.7607015371322632
1789134863348862,1.7606340646743774
1789134863360862,-0.709695041179657
1789134863370862,-0.7123699188232422
1789134863380862,-0.7134816646575928
1789134863390862,2.298546314239502
1789134863402862,3.1843252182006836
1789134863410862,3.1857621669769287
1789134863414862,2.051722764968872
1789134863430862,2.0510499477386475
1789134863440862,2.051591634750366
1789134863448862,2.7396929264068604
1789134863462862,1.691119909286499
1789134863470862,1.6909607648849487
1789134863480862,-0.36626604199409485
1789134863490862,-0.3690711259841919
1789134863500862,-0.3705100119113922
1789134863510862,-0.37344813346862793
1789134863522862,4.201448440551758
1789134863531015,4.203979969024658
1789134863535015,5.262372970581055
1789134863547015,5.267861843109131
1789134863561015,5.271365642547607
1789134863571015,5.272343158721924
1789134863583015,0.8459409475326538
1789134863593015,-1.4141327142715454
1789134863601015,-1.417607307434082
1789134863611015,-1.4221047163009644
1789134863621015,-1.424666404724121
1789134863631015,-1.4290096759796143
1789134863643015,3.370872974395752
1789134863645015,3.3712852001190186
1789134863661015,4.516628742218018
1789134863671015,4.519703388214111
1789134863679015,4.522568225860596
1789134863691015,4.5268659591674805
1789134863701015,0.023691507056355476
1789134863711015,0.02127177082002163
1789134863721015,-2.0597126483917236
1789134863731015,-2.0648274421691895
1789134863739015,-2.0689775943756104
1789134863751015,1.3600515127182007
1789134863763015,3.3303892612457275
1789134863771015,3.332002878189087
1789134863777015,4.203732967376709
1789134863791015,4.207889556884766
1789134863801015,4.210205554962158
1789134863811015,4.213381290435791
1789134863823015,0.7910475730895996
1789134863831015,0.7899351119995117
1789134863841015,-1.6483683586120605
1789134863851015,-1.6531957387924194
1789134863861015,-1.6568858623504639
1789134863871015,0.11620983481407166
1789134863883015,2.3306455612182617
1789134863891015,2.3311948776245117
1789134863901015,3.0766279697418213
1789134863909015,3.0777111053466797
1789134863921015,3.0778114795684814
1789134863931015,3.0794897079467773
1789134863943015,-0.7679285407066345
1789134863951015,-0.7706896662712097
1789134863961015,-2.502619504928589
1789134863971015,-2.509249687194824
1789134863981015,-2.5132431983947754
1789134863991015,-2.518996238708496
1789134864003015,3.025441884994507
1789134864009015,3.0264298915863037
1789134864021015,4.545150279998779
1789134864031015,4.548079013824463
1789134864041015,4.549335956573486
1789134864051015,-0.12447065860033035
1789134864063015,-0.6174156665802002
1789134864071015,-0.6199932098388672
1789134864081015,0.038093529641628265
1789134864091015,0.03707455098628998
1789134864101015,0.039470382034778595
1789134864111015,5.297001838684082
1789134864123015,5.846856594085693
1789134864131015,5.851169586181641
1789134864139015,4.5910491943359375
1789134864151015,4.593942642211914
1789134864161015,4.596667289733887
1789134864171015,4.600374698638916
1789134864183015,1.650954246520996
1789134864191015,1.6507703065872192
1789134864201015,-0.15974944829940796
1789134864207015,-0.16133375465869904
1789134864221015,-0.16189098358154297
1789134864231015,2.729979991912842
1789134864243015,2.8245513439178467
1789134864253015,1.8557850122451782
1789134864261015,1.8558224439620972
1789134864271015,1.855400800704956
1789134864281015,1.8554757833480835
1789134864291015,1.855522632598877
1789134864303015,5.29349422454834
1789134864305015,5.294419765472412
1789134864321015,6.690034866333008
1789134864331015,6.695832252502441
1789134864339015,6.701013565063477
1789134864351015,2.4645438194274902
1789134864363015,1.0395580530166626
1789134864373015,0.9787127375602722
1789134864381015,0.9777858257293701
1789134864391015,0.9776897430419922
1789134864401015,0.9790859818458557
1789134864411015,3.400989055633545
1789134864423015,2.225416898727417
1789134864431015,2.225816249847412
1789134864437015,0.2162032276391983
1789134864451015,0.21382319927215576
1789134864461015,0.21430756151676178
1789134864471015,0.2121291607618332
1789134864483015,2.2023067474365234
1789134864493015,3.2564446926116943
1789134864501015,3.2579505443573
1789134864511015,3.259650707244873
1789134864521015,3.259813070297241
1789134864531015,3.261695384979248
1789134864543169,-1.4163867235183716
1789134864551169,-1.419869065284729
1789134864561169,-3.7286200523376465
1789134864569169,-3.734675645828247
1789134864581169,-3.7416093349456787
1789134864591169,-0.7120935916900635
1789134864603169,1.375147819519043
1789134864611169,1.3746775388717651
1789134864621169,2.302884817123413
1789134864631169,2.304830312728882
1789134864641169,2.306011438369751
1789134864651169,2.3066606521606445
1789134864663169,0.42308369278907776
1789134864669169,0.42196595668792725
1789134864681169,0.5808730125427246
1789134864691169,0.5794594287872314
1789134864701169,0.5805380344390869
1789134864711169,3.4402787685394287
1789134864723169,0.8522264361381531
1789134864733169,-0.09126897156238556
1789134864735169,-0.09177795797586441
1789134864751169,-0.0960710197687149
1789134864761169,-0.09788073599338531
1789134864771169,2.465062379837036
1789134864783169,3.022176504135132
1789134864791169,3.023468255996704
1789134864801169,0.5783949494361877
1789134864811169,0.5757206082344055
1789134864821169,0.5738102793693542
1789134864831169,1.1532180309295654
1789134864843169,3.108818531036377
1789134864851169,3.1102097034454346
1789134864857169,4.26835823059082
1789134864867169,4.271638870239258
1789134864881169,4.273148536682129
1789134864891169,0.314879834651947
1789134864901169,-0.45503929257392883
1789134864911169,-0.45805737376213074
1789134864921169,0.40970703959465027
1789134864931169,0.4086671471595764
1789134864939169,0.40718042850494385
1789134864951169,0.4049500823020935
1789134864963169,7.111412525177002
1789134864965169,7.112829208374023
1789134864981169,8.27055835723877
1789134864991169,8.278478622436523
1789134864999169,8.283573150634766
1789134865011169,8.293905258178711
1789134865023169,2.3514814376831055
1789134865033169,-0.06041501462459564
1789134865041169,-0.062448274344205856
1789134865049169,-0.06463706493377686
1789134865061169,-0.06470821797847748
1789134865071169,3.257859468460083
1789134865083169,3.6567203998565674
1789134865091169,3.658653974533081
1789134865097169,2.3921520709991455
1789134865111169,2.3909969329833984
1789134865121169,2.3893723487854004
1789134865131169,2.386929512023926
1789134865143169,-0.6363438367843628
1789134865153169,0.28026700019836426
1789134865161169,0.278606116771698
1789134865171169,0.27668240666389465
1789134865181169,0.2780662477016449
1789134865191169,4.640313625335693
1789134865203169,6.751244068145752
1789134865213169,4.972643852233887
1789134865221169,4.97597599029541
1789134865229169,4.97808313369751
1789134865241169,4.9795379638671875
1789134865251169,4.983703136444092
1789134865263169,1.3567396402359009
1789134865271169,1.356198787689209
1789134865281169,-1.1517428159713745
1789134865291169,-1.1558722257614136
1789134865299169,0.3169826567173004
1789134865311169,0.3145255148410797
1789134865323169,4.763524532318115
1789134865329169,4.7658562660217285
1789134865339169,5.9172821044921875
1789134865351169,5.922817707061768
1789134865361169,5.92579460144043
1789134865371169,5.931208610534668
1789134865383169,0.7483634352684021
1789134865391169,0.7471609115600586
1789134865395169,-1.4254611730575562
1789134865411169,-1.4328103065490723
1789134865421169,-1.4354292154312134
1789134865431169,2.244324207305908
1789134865441169,3.426420211791992
1789134865451169,3.4285056591033936
1789134865461169,3.6211299896240234
1789134865471169,3.6221232414245605
1789134865481169,3.6214828491210938
1789134865491169,3.62382173538208
1789134865503169,0.22618156671524048
1789134865511169,0.2244264930486679
1789134865521169,-2.1013121604919434
1789134865527169,-2.104484796524048
1789134865539322,-2.1108298301696777
1789134865551322,-2.1171751022338867
1789134865563322,2.917872667312622
1789134865571322,2.9190168380737305
1789134865581322,4.126087188720703
1789134865591322,4.128353595733643
1789134865601322,4.128865718841553
1789134865611322,4.131901741027832
1789134865621322,-1.5563019514083862
1789134865631322,-1.5608443021774292
1789134865641322,-3.795212745666504
1789134865651322,-3.8028955459594727
1789134865659322,-3.8073408603668213
1789134865671322,-0.7766148447990417
1789134865681322,1.3784223794937134
1789134865691322,1.3778347969055176
1789134865701322,2.4714322090148926
1789134865711322,2.4733850955963135
1789134865721322,2.474278211593628
1789134865731322,1.2333247661590576
1789134865741322,0.865715503692627
1789134865751322,0.8644415140151978
1789134865757322,3.067626953125
1789134865771322,3.071110486984253
1789134865781322,3.0716817378997803
1789134865791322,3.0733442306518555
1789134865803322,1.220989465713501
1789134865811322,1.2203418016433716
1789134865821322,0.17813317477703094
1789134865831322,0.17617377638816833
1789134865841322,0.17493565380573273
1789134865851322,0.17273932695388794
1789134865863322,4.515233039855957
1789134865871322,4.518106937408447
1789134865881322,6.645414352416992
1789134865889322,6.649982452392578
1789134865901322,6.652629852294922
1789134865911322,1.6047768592834473
1789134865923322,0.6789779663085938
1789134865931322,0.6777405738830566
1789134865939322,1.2703173160552979
1789134865951322,1.2715688943862915
1789134865961322,1.2741838693618774
1789134865971322,1.2734280824661255
1789134865983322,7.647427558898926
1789134865989322,7.652072429656982
1789134866001322,9.853275299072266
1789134866011322,9.863399505615234
1789134866021322,9.870142936706543
1789134866031322,9.880803108215332
1789134866043322,2.5944790840148926
1789134866049322,2.5950374603271484
1789134866055322,2.198690176010132
1789134866071322,2.198143243789673
1789134866081322,2.2000784873962402
1789134866091322,5.524515151977539
1789134866103322,5.707502365112305
1789134866111322,5.7115559577941895
1789134866121322,3.3244152069091797
1789134866131322,3.325732946395874
1789134866139322,3.3272383213043213
1789134866151322,3.3249731063842773
1789134866163322,-2.082730293273926
1789134866171322,-2.086993932723999
1789134866181322,-3.371842861175537
1789134866187322,-3.3760628700256348
1789134866201322,-3.3843135833740234
1789134866211322,-3.3913466930389404
1789134866223322,0.8318209648132324
1789134866231322,0.8307056427001953
1789134866241322,2.861524820327759
1789134866251322,2.8636910915374756
1789134866261322,2.8638010025024414
1789134866271322,2.865112781524658
1789134866283322,1.3805557489395142
1789134866285322,1.3804218769073486
1789134866301322,0.38093018531799316
1789134866311322,0.37907832860946655
1789134866319322,0.3774803578853607
1789134866331322,0.37508338689804077
1789134866343322,4.569918632507324
1789134866351322,4.5727949142456055
1789134866361322,5.963319778442383
1789134866371322,5.968078136444092
1789134866381322,5.969536304473877
1789134866391322,0.8451319932937622
1789134866403322,-0.37613722681999207
1789134866411322,-0.3785511255264282
1789134866417322,0.1563841551542282
1789134866431322,0.15572874248027802
1789134866441322,0.15674501657485962
1789134866451322,0.1544426679611206
1789134866463322,6.368047714233398
1789134866471322,6.372835159301758
1789134866481322,8.505263328552246
1789134866491322,8.513511657714844
1789134866501322,8.518254280090332
1789134866511322,8.527070045471191
1789134866523322,1.9695510864257812
1789134866531322,1.9696029424667358
1789134866539474,0.7073373794555664
1789134866549474,0.7048113346099854
1789134866561474,0.703071653842926
1789134866571474,0.7014554142951965
1789134866583474,4.53458309173584
1789134866591474,4.537379264831543
1789134866601474,6.667642116546631
1789134866611474,6.673442840576172
1789134866621474,6.6761088371276855
1789134866631474,6.682436466217041
1789134866643474,-0.269692987203598
1789134866649474,-0.2714625895023346
1789134866661474,-1.3278570175170898
1789134866671474,-1.3327383995056152
1789134866681474,-1.3376959562301636
1789134866691474,-1.342046856880188
1789134866703474,2.1431751251220703
1789134866711474,2.143416404724121
1789134866715474,4.129289627075195
1789134866731474,4.135870456695557
1789134866739474,4.138228893280029
1789134866751474,1.5476990938186646
1789134866763474,1.2068549394607544
1789134866771474,1.2060856819152832
1789134866781474,2.2337405681610107
1789134866791474,2.2354495525360107
1789134866801474,2.2368903160095215
1789134866811474,2.2372982501983643
1789134866821474,2.9324114322662354
1789134866833474,2.547966480255127
1789134866841474,2.54862117767334
1789134866847474,2.549112558364868
1789134866861474,2.5453126430511475
1789134866871474,-1.257703185081482
1789134866883474,-0.7603891491889954
1789134866891474,-0.763252854347229
1789134866901474,0.10952051728963852
1789134866911474,0.10877033323049545
1789134866921474,0.1097850427031517
1789134866931474,0.10737213492393494
1789134866941474,6.47707986831665
1789134866951474,6.483160972595215
1789134866961474,8.756270408630371
1789134866971474,8.764810562133789
1789134866979474,8.772090911865234
1789134866989474,3.672119140625
1789134867003474,1.400410771369934
1789134867011474,1.399817943572998
1789134867021474,-0.31582537293434143
1789134867031474,-0.3196551203727722
1789134867041474,-0.32282546162605286
1789134867049474,1.4485886096954346
1789134867063474,2.5188305377960205
1789134867071474,2.519444227218628
1789134867077474,2.5213301181793213
1789134867091474,2.525146245956421
1789134867101474,2.5256803035736084
1789134867111474,2.526447296142578
1789134867123474,-0.927501380443573
1789134867131474,-0.930571973323822
1789134867139474,-2.072000026702881
1789134867151474,-2.0780062675476074
1789134867161474,-2.081998348236084
1789134867171474,-2.0873525142669678
1789134867183474,2.327749729156494
1789134867191474,2.328178644180298
1789134867201474,4.417500972747803
1789134867209474,4.41959810256958
1789134867221474,4.41857385635376
1789134867231474,-0.6024895310401917
1789134867243474,-1.582643985748291
1789134867251474,-1.5863858461380005
1789134867261474,0.5239686965942383
1789134867271474,0.5239046812057495
1789134867279474,4.123915195465088
1789134867291474,4.127441883087158
1789134867303474,2.2757880687713623
1789134867309474,2.2760674953460693
1789134867321474,0.11579062789678574
1789134867331474,0.11268018931150436
1789134867339474,0.11075137555599213
1789134867351474,1.206525444984436
1789134867361474,3.27055287361145
1789134867371474,3.272355318069458
1789134867375474,4.34848690032959
1789134867391474,4.3525590896606445
1789134867401474,4.353631496429443
1789134867409474,-0.11241893470287323
1789134867423474,-0.9159939289093018
1789134867431474,-0.9190235733985901
1789134867441474,0.34946250915527344
1789134867451474,0.34825411438941956
1789134867461474,0.350034236907959
1789134867471474,5.053210258483887
1789134867483474,5.438114643096924
1789134867491474,5.441860198974609
1789134867501474,4.19138240814209
1789134867507474,4.1931891441345215
1789134867521474,4.193131923675537
1789134867531474,4.196142673492432
1789134867543474,-1.441798210144043
1789134867551625,-1.4454041719436646
1789134867561625,-3.336989641189575
1789134867571625,-3.3442585468292236
1789134867581625,-3.3492093086242676
1789134867591625,-3.356229782104492
1789134867603625,1.3421095609664917
1789134867605625,1.3419601917266846
1789134867621625,2.5081164836883545
1789134867631625,2.5101394653320312
1789134867639625,2.510784864425659
1789134867651625,2.5117530822753906
1789134867663625,-0.3694370985031128
1789134867671625,-0.37186509370803833
1789134867681625,-2.353337287902832
1789134867691625,-2.3587915897369385
1789134867701625,-2.362028121948242
1789134867711625,0.9851462244987488
1789134867723625,2.9966866970062256
1789134867731625,2.9978718757629395
1789134867737625,4.225975036621094
1789134867751625,4.228982448577881
1789134867761625,4.229603290557861
1789134867771625,4.2327189445495605
1789134867783625,-1.3729677200317383
1789134867791625,-1.3764568567276
1789134867801625,-4.076488971710205
1789134867811625,-4.084563255310059
1789134867821625,-4.091409206390381
1789134867831625,-1.543949842453003
1789134867843625,0.697005569934845
1789134867851625,0.6957627534866333
1789134867857625,2.4725379943847656
1789134867869625,2.4752652645111084
1789134867881625,2.4760167598724365
1789134867891625,2.4768314361572266
1789134867903625,-1.0312103033065796
1789134867911625,-1.0343003273010254
1789134867921625,-3.256898880004883
1789134867931625,-3.263676643371582
1789134867939625,-3.269129991531372
1789134867951625,-3.2773101329803467
1789134867963625,1.3296791315078735
1789134867969625,1.329280138015747
1789134867981625,2.5108959674835205
1789134867991625,2.5127108097076416
1789134868001625,2.513528823852539
1789134868011625,2.5144379138946533
1789134868023625,-0.42095649242401123
1789134868033625,-2.5899617671966553
1789134868035625,-2.5911402702331543
1789134868049625,-2.5990307331085205
1789134868061625,-2.6037824153900146
1789134868071625,0.3045884370803833
1789134868083625,2.268824815750122
1789134868091625,2.269315004348755
1789134868101625,3.4710566997528076
1789134868111625,3.4725449085235596
1789134868121625,3.4725406169891357
1789134868131625,3.474752902984619
1789134868143625,-1.8301841020584106
1789134868151625,-1.8340729475021362
1789134868161625,-3.815730094909668
1789134868167625,-3.820225954055786
1789134868181625,-3.8302788734436035
1789134868191625,-3.8345611095428467
1789134868203625,1.5274935960769653
1789134868211625,1.5272250175476074
1789134868221625,2.5756921768188477
1789134868231625,2.5772054195404053
1789134868241625,2.577648401260376
1789134868251625,2.578709125518799
1789134868263625,-1.1944234371185303
1789134868265625,-1.195217490196228
1789134868281625,-3.333045482635498
1789134868291625,-3.3398475646972656
1789134868299625,-3.345292329788208
1789134868311625,-0.6295477747917175
1789134868323625,1.6359156370162964
1789134868331625,1.635793685913086
1789134868339625,3.43330717086792
1789134868351625,3.436375141143799
1789134868361625,3.437615394592285
1789134868371625,0.42072200775146484
1789134868383625,-0.5739824771881104
1789134868391625,-0.5764652490615845
1789134868397625,-0.8815158605575562
1789134868411625,-0.8848646283149719
1789134868421625,-0.8849883079528809
1789134868431625,-0.8884956240653992
1789134868443625,5.246678352355957
1789134868451625,5.250419616699219
1789134868461625,6.455846786499023
1789134868471625,6.46148157119751
1789134868481625,6.465442657470703
1789134868491625,6.471717834472656
1789134868503625,0.8682210445404053
1789134868511625,0.8672608137130737
1789134868521625,-1.2122406959533691
1789134868529625,-1.2154935598373413
1789134868539625,-1.2194610834121704
1789134868551777,-1.224222183227539
1789134868563777,4.139718055725098
1789134868571777,4.142268657684326
1789134868581777,5.258843898773193
1789134868591777,5.262972354888916
1789134868601777,5.265493869781494
1789134868611777,5.270165920257568
1789134868623777,1.035195231437683
1789134868629777,1.0346064567565918
1789134868641777,-1.8070405721664429
1789134868651777,-1.811830997467041
1789134868661777,-1.8151631355285645
1789134868669777,1.1016219854354858
1789134868683777,3.3368313312530518
1789134868691777,3.33851957321167
1789134868695777,4.279152870178223
1789134868711777,4.283458709716797
1789134868721777,4.2850260734558105
1789134868731777,0.5128747820854187
1789134868743777,0.008319596759974957
1789134868751777,0.006449263542890549
1789134868761777,2.1719233989715576
1789134868771777,2.173330783843994
1789134868781777,2.172626256942749
1789134868791777,0.23909687995910645
1789134868803777,2.0659303665161133
1789134868813777,3.219421625137329
1789134868821777,3.2209794521331787
1789134868827777,3.2217516899108887
1789134868841777,3.2221059799194336
1789134868851777,3.224053382873535
1789134868863777,-1.253292202949524
1789134868871777,-1.2565089464187622
1789134868881777,-3.1745238304138184
1789134868891777,-3.181215524673462
1789134868901777,-3.185262680053711
1789134868909777,0.7727522253990173
1789134868923777,2.9462664127349854
1789134868925777,2.9465887546539307
1789134868939777,4.207172870635986
1789134868951777,4.210079193115234
1789134868959777,4.212707996368408
1789134868971777,4.216651916503906
1789134868983777,-1.2854669094085693
1789134868991777,-1.2887094020843506
1789134869001777,-3.2173030376434326
1789134869011777,-3.224091053009033
1789134869021777,-3.2285330295562744
1789134869031777,-0.6004763245582581
1789134869043777,1.3358895778656006
1789134869049777,1.3355778455734253
1789134869057777,2.6333065032958984
1789134869071777,2.637291669845581
1789134869081777,2.638805866241455
1789134869091777,2.6400153636932373
1789134869103777,-0.04615229740738869
1789134869111777,-0.048050664365291595
1789134869121777,-2.03549861907959
1789134869131777,-2.040370464324951
1789134869139777,-2.0443835258483887
1789134869151777,1.3909518718719482
1789134869163777,3.8841793537139893
1789134869171777,3.8864920139312744
1789134869181777,4.740793228149414
1789134869189777,4.743736267089844
1789134869201777,4.746447563171387
1789134869211777,4.750471591949463
1789134869223777,0.642646074295044
1789134869231777,0.6414799690246582
1789134869241777,-1.235709309577942
1789134869251777,-1.2403018474578857
1789134869261777,-1.2419123649597168
1789134869271777,-1.2458676099777222
1789134869283777,4.022181510925293
1789134869289777,4.024025917053223
1789134869301777,5.24580192565918
1789134869311777,5.2499799728393555
1789134869321777,5.2525248527526855
1789134869331777,5.257219314575195
1789134869343777,0.4478890895843506
1789134869351777,0.44651180505752563
1789134869355777,-1.2219836711883545
1789134869371777,-1.2284314632415771
1789134869381777,-1.231109857559204
1789134869391777,2.0680034160614014
1789134869403777,2.061946153640747
1789134869411777,2.0623042583465576
1789134869421777,0.9249697923660278
1789134869431777,0.9247082471847534
1789134869441777,0.9255667328834534
1789134869451777,0.9244990944862366
1789134869463777,7.012775421142578
1789134869471777,7.0184149742126465
1789134869481777,9.16420841217041
1789134869487777,9.170146942138672
1789134869501777,9.178433418273926
1789134869511777,4.481418132781982
1789134869523777,2.279083013534546
1789134869531777,2.2796318531036377
1789134869539777,2.563868999481201
1789134869551931,2.5610597133636475
1789134869561931,2.55741024017334
1789134869571931,2.55847430229187
1789134869583931,-4.497657775878906
1789134869585931,-4.499326705932617
1789134869601931,-5.233833312988281
1789134869611931,-5.242783069610596
1789134869619931,-5.250225067138672
1789134869631931,-1.385693073272705
1789134869643931,0.6027799844741821
1789134869651931,0.6015942096710205
1789134869661931,1.5871899127960205
1789134869671931,1.5890437364578247
1789134869681931,1.5928864479064941
1789134869691931,7.197848320007324
1789134869703931,7.195314407348633
1789134869711931,7.201142311096191
1789134869717931,4.775619029998779
1789134869731931,4.77969217300415
1789134869739931,4.782930374145508
1789134869751931,4.787786960601807
1789134869763931,-1.058495044708252
1789134869771931,-1.0614967346191406
1789134869781931,-2.1297271251678467
1789134869791931,-2.1354873180389404
1789134869801931,-2.1401047706604004
1789134869811931,-2.1452744007110596
1789134869823931,1.48965585231781
1789134869831931,1.4894009828567505
1789134869841931,3.752227544784546
1789134869849931,3.7552709579467773
1789134869861931,3.756603717803955
1789134869871931,1.2135388851165771
1789134869883931,1.2195143699645996
1789134869891931,1.2189642190933228
1789134869901931,1.7383040189743042
1789134869911931,1.740275502204895
1789134869921931,1.743788719177246
1789134869931931,1.7437934875488281
1789134869943931,6.168344974517822
1789134869949931,6.171885013580322
1789134869961931,6.331867694854736
1789134869971931,6.337258815765381
1789134869981931,6.3397440910339355
1789134869991931,1.9330106973648071
1789134870003931,0.6179980635643005
1789134870011931,0.6167757511138916
1789134870015931,1.1166026592254639
1789134870031931,1.1192389726638794
1789134870041931,1.122159481048584
1789134870051931,3.877007007598877
1789134870063931,4.587090969085693
1789134870071931,4.590093612670898
1789134870081931,2.3830978870391846
1789134870091931,2.382917881011963
1789134870101931,2.380859136581421
1789134870111931,-1.540169358253479
1789134870123931,-1.7146282196044922
1789134870131931,-1.7183407545089722
1789134870139931,-1.1685733795166016
1789134870147931,-1.1716961860656738
1789134870161931,-1.171547293663025
1789134870171931,-1.1754508018493652
1789134870183931,6.461869239807129
1789134870191931,6.466893672943115
1789134870201931,8.511995315551758
1789134870211931,8.520570755004883
1789134870221931,8.525914192199707
1789134870231931,8.53490924835205
1789134870243931,1.4101332426071167
1789134870245931,1.4100298881530762
1789134870261931,0.3635092079639435
1789134870271931,0.3607119619846344
1789134870279931,0.35853469371795654
1789134870291931,0.35624557733535767
1789134870303931,2.735619306564331
1789134870311931,2.736632823944092
1789134870321931,4.846765995025635
1789134870331931,4.850387096405029
1789134870339931,4.853647232055664
1789134870351931,0.6431167721748352
1789134870363931,0.08814458549022675
1789134870371931,0.08632206171751022
1789134870377931,1.104772925376892
1789134870391931,1.1064139604568481
1789134870401931,1.1088628768920898
1789134870411931,1.1079431772232056
1789134870423931,7.589756488800049
1789134870431931,7.59593391418457
1789134870441931,10.37010383605957
1789134870451931,10.380912780761719
1789134870461931,10.388311386108398
1789134870471931,5.0707550048828125
1789134870483931,3.344343423843384
1789134870491931,3.345942735671997
1789134870501931,2.3428051471710205
1789134870509931,2.3414065837860107
1789134870521931,2.3378803730010986
1789134870531931,2.338541269302368
1789134870543931,-0.4869130849838257
1789134870552082,-0.4893975555896759
1789134870556082,-0.6028309464454651
1789134870572082,-0.6077274680137634
1789134870580082,0.9031435251235962
1789134870592082,0.9016576409339905
1789134870604082,4.498839378356934
1789134870610082,4.500974655151367
1789134870622082,5.337438106536865
1789134870632082,5.341670513153076
1789134870642082,5.3443474769592285
1789134870652082,5.3490142822265625
1789134870664082,1.2969976663589478
1789134870672082,1.2964040040969849
1789134870676082,-1.0183919668197632
1789134870692082,-1.0248501300811768
1789134870702082,-1.026892066001892
1789134870712082,2.4225425720214844
1789134870724082,4.343947887420654
1789134870732082,4.346615314483643
1789134870740082,2.8839163780212402
1789134870752082,2.8831496238708496
1789134870762082,2.8813726902008057
1789134870772082,2.8827552795410156
1789134870784082,-2.9812426567077637
1789134870792082,-2.986391544342041
1789134870802082,-5.264503479003906
1789134870808082,-5.2701802253723145
1789134870822082,-5.282272815704346
1789134870832082,-3.842684745788574
1789134870844082,-1.6456071138381958
1789134870852082,-1.6492795944213867
1789134870858082,-0.585091233253479
1789134870872082,-0.5872240662574768
1789134870882082,-0.5874605774879456
1789134870892082,-0.5906299352645874
1789134870904082,1.003543496131897
1789134870906082,1.0033355951309204
1789134870922082,3.166081666946411
1789134870932082,3.1686851978302
1789134870940082,3.1701576709747314
1789134870952082,3.172366142272949
1789134870964082,-1.1795612573623657
1789134870972082,-1.1827319860458374
1789134870982082,-1.8736993074417114
1789134870992082,-1.8788950443267822
1789134871002082,-1.882435917854309
1789134871012082,2.2530033588409424
1789134871024082,2.7137045860290527
1789134871032082,2.714705228805542
1789134871038082,0.24483367800712585
1789134871050082,0.24123060703277588
1789134871062082,0.2378162294626236
1789134871072082,0.8592124581336975
1789134871084082,3.1448802947998047
1789134871092082,3.1463510990142822
1789134871102082,4.237048625946045
1789134871112082,4.239748001098633
1789134871122082,4.241044998168945
1789134871132082,4.244333267211914
1789134871144082,-0.8404746651649475
1789134871152082,-0.8432673811912537
1789134871162082,-2.5013139247894287
1789134871170082,-2.5061590671539307
1789134871182082,-2.512247085571289
1789134871190082,-1.896208643913269
1789134871204082,0.31097593903541565
1789134871212082,0.30944326519966125
1789134871222082,1.193893313407898
1789134871232082,1.1953845024108887
1789134871242082,1.1992003917694092
1789134871252082,1.2024973630905151
1789134871264082,3.8152668476104736
1789134871270082,3.81691575050354
1789134871284082,3.686983823776245
1789134871292082,3.6887476444244385
1789134871302082,3.688495635986328
1789134871312082,1.0481752157211304
1789134871324082,2.8542392253875732
1789134871332082,2.8554060459136963
1789134871336082,3.8534417152404785
1789134871352082,3.856703281402588
1789134871362082,3.857465982437134
1789134871372082,-0.12295649200677872
1789134871384082,-0.9324796199798584
1789134871392082,-0.935356080532074
1789134871402082,1.0597742795944214
1789134871412082,1.0597411394119263
1789134871422082,1.0631437301635742
1789134871432082,6.330616474151611
1789134871444082,6.828729629516602
1789134871452082,6.834120750427246
1789134871462082,5.612558364868164
1789134871468082,5.615619659423828
1789134871482082,5.618751525878906
1789134871492082,5.623854637145996
1789134871504082,0.6078401207923889
1789134871512082,0.6065687537193298
1789134871522082,-2.3284218311309814
1789134871532082,-2.33412766456604
1789134871540082,-2.3385238647460938
1789134871552082,0.6104850172996521
1789134871564257,2.729722499847412
1789134871566257,2.7299766540527344
1789134871582257,4.710679531097412
1789134871592257,4.713720798492432
1789134871600257,4.7168426513671875
1789134871612257,4.7215256690979
1789134871624257,-0.8162891268730164
1789134871632257,-0.8190776705741882
1789134871642257,-2.9248158931732178
1789134871652257,-2.9313509464263916
1789134871662257,-2.93595552444458
1789134871672257,-0.3114914894104004
1789134871684257,1.7015172243118286
1789134871692257,1.7014433145523071
1789134871698257,2.724675178527832
1789134871712257,2.728530168533325
1789134871722257,2.730048179626465
1789134871732257,2.7313191890716553
1789134871744257,-0.15551912784576416
1789134871752257,-0.15758171677589417
1789134871762257,-2.2803585529327393
1789134871772257,-2.285904884338379
1789134871782257,-2.289717435836792
1789134871792257,0.25523945689201355
1789134871804257,2.3405275344848633
1789134871812257,2.3411498069763184
1789134871822257,3.4080679416656494
1789134871830257,3.409181833267212
1789134871842257,3.409769296646118
1789134871852257,3.4119668006896973
1789134871864257,0.9291584491729736
1789134871872257,0.9282673597335815
1789134871882257,-1.6152317523956299
1789134871892257,-1.619960069656372
1789134871900257,0.6916710734367371
1789134871912257,0.6899744272232056
1789134871924257,3.29927921295166
1789134871930257,3.3005192279815674
1789134871940257,4.230867862701416
1789134871952257,4.2344770431518555
1789134871962257,4.2359442710876465
1789134871972257,4.239246845245361
1789134871984257,-1.0660169124603271
1789134871994257,-3.188011884689331
1789134871996257,-3.1893310546875
1789134872012257,-3.2001137733459473
1789134872022257,-3.204324722290039
1789134872030257,0.006015262100845575
1789134872044257,2.3579797744750977
1789134872054257,3.372509479522705
1789134872062257,3.3742516040802
1789134872072257,3.375767707824707
1789134872082257,3.375819206237793
1789134872092257,3.3734748363494873
1789134872102257,-1.7073842287063599
1789134872114257,-4.384643077850342
1789134872122257,-4.391164779663086
1789134872128257,-4.396056175231934
1789134872140257,-4.405838966369629
1789134872152257,-1.8018797636032104
1789134872164257,1.0347410440444946
1789134872172257,1.0340352058410645
1789134872182257,2.2588486671447754
1789134872192257,2.260852575302124
1789134872202257,2.26206111907959
1789134872212257,2.2628109455108643
1789134872224257,-0.389659583568573
1789134872226257,-0.3902169466018677
1789134872242257,-2.434678316116333
1789134872252257,-2.4401681423187256
1789134872260257,-2.4445695877075195
1789134872272257,-0.18191540241241455
1789134872284257,1.9355908632278442
1789134872292257,1.935869574546814
1789134872302257,3.132411003112793
1789134872312257,3.133671283721924
1789134872322257,3.1333322525024414
1789134872332257,-0.8956001400947571
1789134872344257,-1.5740091800689697
1789134872352257,-1.5774712562561035
1789134872358257,-0.4941764175891876
1789134872372257,-0.4968929886817932
1789134872382257,-0.4960446059703827
1789134872392257,-0.4989255368709564
1789134872404257,1.305295705795288
1789134872412257,1.3049187660217285
1789134872422257,1.9402470588684082
1789134872432257,1.9417054653167725
1789134872442257,1.942262053489685
1789134872452257,1.942637324333191
1789134872464257,-0.6249287128448486
1789134872472257,-0.6273655295372009
1789134872482257,-1.5139492750167847
1789134872490257,-1.5174297094345093
1789134872502257,-1.5183144807815552
1789134872512257,2.7416751384735107
1789134872524257,3.4155261516571045
1789134872532257,3.417409896850586
1789134872540257,2.180809736251831
1789134872552257,2.180041551589966
1789134872560432,-0.6182398200035095
1789134872572432,-0.6218695044517517
1789134872584432,-0.1541452705860138
1789134872590432,-0.15558317303657532
1789134872602432,2.6525115966796875
1789134872612432,2.6546823978424072
1789134872622432,2.6544032096862793
1789134872632432,0.11373673379421234
1789134872644432,-0.14732149243354797
1789134872654432,-0.17044921219348907
1789134872656432,-0.1709318906068802
1789134872672432,-0.17144443094730377
1789134872682432,-0.17054711282253265
1789134872692432,2.629950523376465
1789134872702432,1.805346965789795
1789134872712432,1.805568814277649
1789134872722432,0.1693284958600998
1789134872732432,0.16687674820423126
1789134872740432,0.1653110682964325
1789134872752432,1.9818495512008667
1789134872764432,2.455824613571167
1789134872772432,2.45670223236084
1789134872782432,1.426895260810852
1789134872788432,1.4267299175262451
1789134872802432,1.4254333972930908
1789134872812432,1.4251577854156494
1789134872824432,4.118930339813232
1789134872832432,4.12158203125
1789134872842432,5.541243076324463
1789134872852432,5.545680999755859
1789134872862432,5.547570705413818
1789134872872432,1.3009247779846191
1789134872884432,0.12027820944786072
1789134872886432,0.11987081170082092
1789134872902432,1.0297402143478394
1789134872912432,1.0303435325622559
1789134872920432,1.0296858549118042
1789134872932432,1.028699278831482
1789134872942432,7.516520977020264
1789134872952432,7.52434778213501
1789134872962432,9.533032417297363
1789134872972432,9.541970252990723
1789134872982432,9.547269821166992
1789134872992432,3.46539306640625
1789134873004432,1.8131078481674194
1789134873012432,1.8132425546646118
1789134873018432,1.3067106008529663
1789134873032432,1.3041385412216187
1789134873042432,1.3032764196395874
1789134873052432,3.5925371646881104
1789134873064432,4.07928991317749
1789134873072432,4.081842422485352
1789134873082432,1.9422330856323242
1789134873092432,1.9417355060577393
1789134873102432,1.9396896362304688
1789134873112432,1.940026879310608
1789134873124432,-0.8503813147544861
1789134873132432,-0.8530860543251038
1789134873140432,-0.8310219645500183
1789134873150432,-0.8330309391021729
1789134873162432,-0.8338484168052673
1789134873172432,-0.8371963500976562
1789134873184432,5.310542106628418
1789134873194432,7.46026086807251
1789134873202432,7.466430187225342
1789134873212432,7.473580837249756
1789134873222432,7.477365970611572
1789134873232432,7.485077381134033
1789134873242432,0.7781079411506653
1789134873254432,-0.28794553875923157
1789134873262432,-0.2900641858577728
1789134873272432,-0.29312169551849365
1789134873282432,-0.2958519160747528
1789134873292432,-0.29850032925605774
1789134873304432,3.581508159637451
1789134873314432,5.894331455230713
1789134873316432,5.895452976226807
1789134873332432,5.90341329574585
1789134873340432,5.907898902893066
1789134873352432,0.9663820862770081
1789134873362432,-1.255667805671692
1789134873374432,-1.694262146949768
1789134873382432,-1.6978788375854492
1789134873392432,-1.7015184164047241
1789134873402432,-1.7032012939453125
1789134873412432,-1.702175498008728
1789134873424432,3.2856287956237793
1789134873432432,3.287337064743042
1789134873442432,2.35408878326416
1789134873448432,2.3546226024627686
1789134873462432,2.34837007522583
1789134873472432,-3.6032307147979736
1789134873484432,-4.4772491455078125
1789134873494432,-3.289708375930786
1789134873502432,-3.2949888706207275
1789134873512432,-3.3001248836517334
1789134873522432,-3.3034162521362305
1789134873532432,-3.310016632080078
1789134873544432,2.9939935207366943
1789134873554432,5.303245544433594
1789134873562432,5.307153224945068
1789134873572606,5.311450958251953
1789134873580606,5.3153581619262695
1789134873592606,5.321219444274902
1789134873602606,-2.072944164276123
1789134873612606,-2.0779120922088623
1789134873622606,-2.907322883605957
1789134873632606,-2.914144515991211
1789134873642606,-2.9207708835601807
1789134873652606,-1.5367623567581177
1789134873664606,-0.4638335704803467
1789134873674606,1.8268767595291138
1789134873678606,1.826988935470581
1789134873692606,1.8289889097213745
1789134873702606,1.829543948173523
1789134873712606,2.3005683422088623
1789134873724606,2.0430965423583984
1789134873732606,2.0435469150543213
1789134873740606,1.2758941650390625
1789134873752606,1.2742894887924194
1789134873762606,1.2737356424331665
1789134873772606,1.2732754945755005
1789134873784606,4.583310604095459
1789134873792606,4.586470603942871
1789134873802606,6.656198024749756
1789134873810606,6.66115665435791
1789134873822606,6.664607524871826
1789134873832606,2.576444625854492
1789134873844606,1.8293356895446777
1789134873852606,1.8295336961746216
1789134873858606,1.1278283596038818
1789134873872606,1.1275523900985718
1789134873882606,1.1279566287994385
1789134873892606,1.1272693872451782
1789134873904606,5.395960807800293
1789134873910606,5.398963451385498
1789134873922606,7.420506477355957
1789134873932606,7.427691459655762
1789134873940606,7.433841705322266
1789134873952606,7.443065643310547
1789134873964606,1.0039725303649902
1789134873972606,1.0032457113265991
1789134873976606,-0.1273650974035263
1789134873992606,-0.13255034387111664
1789134874002606,-0.13548433780670166
1789134874012606,1.7691961526870728
1789134874024606,2.239902973175049
1789134874032606,2.240506172180176
1789134874042606,2.9286320209503174
1789134874050606,2.929270029067993
1789134874062606,2.927518606185913
1789134874070606,-1.0658620595932007
1789134874084606,0.9428562521934509
1789134874092606,0.9420804381370544
1789134874102606,1.9086966514587402
1789134874108606,1.9088877439498901
1789134874122606,1.9108951091766357
1789134874132606,1.9112136363983154
1789134874144606,2.3696815967559814
1789134874152606,2.370424747467041
1789134874162606,1.5420241355895996
1789134874172606,1.5413572788238525
1789134874182606,1.5424939393997192
1789134874192606,3.9559690952301025
1789134874204606,4.418673992156982
1789134874206606,4.41940450668335
1789134874222606,3.6716933250427246
1789134874232606,3.6734049320220947
1789134874240606,3.6755244731903076
1789134874252606,3.6787045001983643
1789134874264606,-0.9174118041992188
1789134874272606,-0.920196533203125
1789134874282606,-2.9790022373199463
1789134874292606,-2.9855637550354004
1789134874302606,-2.989795207977295
1789134874312606,0.47364500164985657
1789134874324606,2.4793357849121094
1789134874334606,3.6314122676849365
1789134874338606,3.632458209991455
1789134874352606,3.6351187229156494
1789134874362606,3.6356868743896484
1789134874372606,3.6383016109466553
1789134874384606,-1.2718569040298462
1789134874392606,-1.2750043869018555
1789134874402606,-3.3193466663360596
1789134874412606,-3.326266288757324
1789134874422606,-3.3315014839172363
1789134874432606,-3.3381528854370117
1789134874444606,0.8888568878173828
1789134874452606,0.8880496621131897
1789134874462606,1.2829914093017578
1789134874470606,1.2843246459960938
1789134874482606,1.2885624170303345
1789134874492606,1.2880805730819702
1789134874504606,8.148386001586914
1789134874512606,8.155317306518555
1789134874522606,9.614570617675781
1789134874532606,9.624554634094238
1789134874540606,6.201138973236084
1789134874552606,6.208364963531494
1789134874564606,3.8778648376464844
1789134874570781,3.879608154296875
1789134874576781,2.6698858737945557
1789134874592781,2.669334888458252
1789134874602781,2.668193817138672
1789134874612781,2.669485569000244
1789134874624781,1.3965167999267578
1789134874632781,1.3961907625198364
1789134874636781,-1.1084893941879272
1789134874652781,-1.1131410598754883
1789134874662781,-1.1148593425750732
1789134874672781,2.483508348464966
1789134874684781,3.0969913005828857
1789134874692781,3.098487377166748
1789134874702781,1.8781001567840576
1789134874712781,1.877056360244751
1789134874722781,1.877219557762146
1789134874732781,1.8774621486663818
1789134874744781,4.025096893310547
1789134874754781,3.223515033721924
1789134874762781,3.22514009475708
1789134874768781,3.2263593673706055
1789134874782781,3.224536180496216
1789134874792781,3.2265677452087402
1789134874804781,-3.3950307369232178
1789134874812781,-3.40046763420105
1789134874822781,-4.450676441192627
1789134874832781,-4.459588050842285
1789134874842781,-4.466804027557373
1789134874852781,-4.47498893737793
1789134874864781,-0.2394534796476364
1789134874866781,-0.23995934426784515
1789134874882781,2.1746842861175537
1789134874892781,2.1762962341308594
1789134874900781,2.175783395767212
1789134874912781,0.12503045797348022
1789134874924781,-0.6325716972351074
1789134874932781,-0.6350125074386597
1789134874940781,0.6736497282981873
1789134874952781,0.6740521192550659
1789134874962781,0.6769484281539917
1789134874972781,3.9086410999298096
1789134874984781,5.136216163635254
1789134874992781,5.139923095703125
1789134874998781,3.8984851837158203
1789134875012781,3.9010636806488037
1789134875022781,3.9016623497009277
1789134875032781,3.9046385288238525
1789134875044781,-1.4895389080047607
1789134875050781,-1.492069959640503
1789134875062781,-2.5101685523986816
1789134875072781,-2.51629900932312
1789134875082781,-2.520989179611206
1789134875092781,-2.5219004154205322
1789134875104781,2.8943135738372803
1789134875112781,2.8956398963928223
1789134875122781,4.513710021972656
1789134875130781,4.515510082244873
1789134875140781,4.513372421264648
1789134875152781,-2.35896897315979
1789134875164781,-3.989828109741211
1789134875172781,-3.995842218399048
1789134875182781,-4.367798328399658
1789134875192781,-4.375150203704834
1789134875202781,-4.3812174797058105
1789134875212781,-4.389220237731934
1789134875224781,0.425324410200119
1789134875230781,0.4243811368942261
1789134875242781,2.62402081489563
1789134875252781,2.6265387535095215
1789134875262781,2.627056360244751
1789134875272781,0.6437411904335022
1789134875284781,-0.4194071888923645
1789134875292781,-0.4215676486492157
1789134875296781,0.7894107699394226
1789134875312781,0.7910385131835938
1789134875322781,0.7932426333427429
1789134875332781,6.2590556144714355
1789134875344781,6.47816801071167
1789134875352781,6.483353137969971
1789134875362781,4.217268943786621
1789134875372781,4.219796180725098
1789134875382781,4.220904350280762
1789134875392781,1.1131057739257812
1789134875404781,-0.2564188241958618
1789134875412781,-0.2584295868873596
1789134875422781,0.601584255695343
1789134875428781,0.6007652282714844
1789134875442781,0.6041620969772339
1789134875452781,0.6027970314025879
1789134875464781,6.816226959228516
1789134875472781,6.821760654449463
1789134875482781,8.807629585266113
1789134875492781,8.81675910949707
1789134875502781,8.822669982910156
1789134875512781,8.832221984863281
1789134875524781,1.896063208580017
1789134875526781,1.8961213827133179
1789134875540781,1.6444388628005981
1789134875552781,1.6440517902374268
1789134875560781,1.6440165042877197
1789134875572781,1.6439635753631592
1789134875584955,6.5106520652771
1789134875592955,6.515806674957275
1789134875602955,7.321871757507324
1789134875612955,7.3286614418029785
1789134875622955,7.3323774337768555
1789134875630955,2.5613715648651123
1789134875644955,0.582710325717926
1789134875652955,0.5815120339393616
1789134875658955,-1.5728771686553955
1789134875672955,-1.5792336463928223
1789134875682955,-1.583072304725647
1789134875692955,-1.5874390602111816
1789134875704955,2.0090389251708984
1789134875712955,2.0093863010406494
1789134875722955,4.630074501037598
1789134875732955,4.633563995361328
1789134875740955,4.636702060699463
1789134875752955,4.641409873962402
1789134875764955,-2.2489285469055176
1789134875772955,-2.253138780593872
1789134875782955,-3.0028727054595947
1789134875790955,-3.008514404296875
1789134875802955,-3.0158119201660156
1789134875812955,-3.022066116333008
1789134875824955,1.9964077472686768
1789134875832955,1.996764063835144
1789134875842955,4.786468029022217
1789134875852955,4.790353775024414
1789134875860955,1.573937177658081
1789134875872955,1.572542428970337
1789134875884955,2.1592788696289062
1789134875890955,2.1596689224243164
1789134875902955,3.02897310256958
1789134875912955,3.0304794311523438
1789134875922955,3.030953884124756
1789134875932955,3.03275990486145
1789134875944955,1.2972428798675537
1789134875952955,1.2968353033065796
1789134875956955,-0.7501353025436401
1789134875972955,-0.7546041011810303
1789134875982955,-0.7554113864898682
1789134875992955,2.4795970916748047
1789134876004955,3.3902313709259033
1789134876012955,3.392063617706299
1789134876022955,2.897137403488159
1789134876032955,2.8973255157470703
1789134876042955,2.896331310272217
1789134876052955,-1.648637294769287
1789134876062955,-2.735572576522827
1789134876072955,-2.7414462566375732
1789134876082955,-3.3298776149749756
1789134876088955,-3.333867073059082
1789134876102955,-3.336669683456421
1789134876112955,-3.3433189392089844
1789134876124955,3.560516119003296
1789134876132955,3.5625650882720947
1789134876140955,4.360766410827637
1789134876152955,4.364480018615723
1789134876162955,4.36614465713501
1789134876172955,4.369767189025879
1789134876184955,-0.8716939091682434
1789134876186955,-0.8723680973052979
1789134876202955,-3.149013042449951
1789134876212955,-3.1550838947296143
1789134876220955,-3.160198211669922
1789134876232955,-3.1678690910339355
1789134876242955,0.10637777298688889
1789134876252955,0.10435362160205841
1789134876262955,0.9672883749008179
1789134876272955,0.968326985836029
1789134876282955,0.9718137979507446
1789134876292955,7.343911647796631
1789134876304955,9.20044231414795
1789134876312955,9.20850658416748
1789134876318955,6.889448642730713
1789134876332955,6.897490501403809
1789134876340955,6.903076648712158
1789134876352955,6.911456108093262
1789134876364955,1.0686204433441162
1789134876372955,1.0679670572280884
1789134876382955,0.47846826910972595
1789134876392955,0.47709324955940247
1789134876402955,0.477672815322876
1789134876412955,0.47607243061065674
1789134876424955,7.029724597930908
1789134876434955,9.43098258972168
1789134876442955,9.439241409301758
1789134876450955,9.44688892364502
1789134876462955,9.455294609069824
1789134876472955,4.512846946716309
1789134876484955,2.888920545578003
1789134876492955,2.890165090560913
1789134876502955,2.0332248210906982
1789134876512955,2.0321297645568848
1789134876518955,0.9772194623947144
1789134876532955,0.9758278131484985
1789134876544955,3.661067247390747
1789134876550955,3.66261887550354
1789134876562955,5.7087082862854
1789134876572955,5.713565826416016
1789134876583129,5.715246200561523
1789134876593129,5.715729236602783
1789134876605129,-0.7921183705329895
1789134876613129,-0.7948205471038818
1789134876617129,-1.4407966136932373
1789134876633129,-1.4488835334777832
1789134876643129,-1.4534482955932617
1789134876653129,1.9122756719589233
1789134876665129,3.0854949951171875
1789134876673129,3.086948871612549
1789134876683129,5.349827289581299
1789134876693129,5.354218006134033
1789134876703129,5.3552632331848145
1789134876713129,0.7962697148323059
1789134876725129,-0.48373404145240784
1789134876733129,-0.48609885573387146
1789134876741129,1.0655303001403809
1789134876749129,1.0648212432861328
1789134876763129,1.0678727626800537
1789134876773129,1.066986322402954
1789134876785129,6.1234965324401855
1789134876793129,6.128179550170898
1789134876803129,8.386565208435059
1789134876813129,8.394898414611816
1789134876823129,8.399725914001465
1789134876833129,8.408578872680664
1789134876845129,1.967876672744751
1789134876847129,1.96792733669281
1789134876859129,0.8733892440795898
1789134876873129,0.8712776899337769
1789134876881129,0.8703144788742065
1789134876893129,0.8688696026802063
1789134876905129,3.554377317428589
1789134876913129,3.5562796592712402
1789134876923129,5.6890549659729
1789134876933129,5.693709373474121
1789134876941129,5.697880268096924
1789134876953129,0.962169885635376
1789134876965129,-0.5813198089599609
1789134876973129,-0.5838469862937927
1789134876979129,1.0677850246429443
1789134876993129,1.0700163841247559
1789134877003129,1.0730844736099243
1789134877013129,1.072128415107727
1789134877025129,7.9835052490234375
1789134877033129,7.990111827850342
1789134877043129,9.952752113342285
1789134877051129,9.960009574890137
1789134877063129,9.96675968170166
1789134877073129,9.977621078491211
1789134877085129,2.194965362548828
1789134877093129,2.195344924926758
1789134877103129,2.1825718879699707
1789134877111129,2.1818416118621826
1789134877123129,2.1806235313415527
1789134877133129,2.1810805797576904
1789134877145129,1.9550429582595825
1789134877153129,1.9551670551300049
1789134877163129,2.0088672637939453
1789134877173129,2.0095722675323486
1789134877181129,4.136792182922363
1789134877193129,4.140465259552002
1789134877205129,0.47000962495803833
1789134877211129,0.4689077138900757
1789134877223129,-0.2463730275630951
1789134877233129,-0.24907608330249786
1789134877243129,-0.2506166994571686
1789134877253129,-0.253402441740036
1789134877265129,5.099383354187012
1789134877273129,5.102866172790527
1789134877277129,7.2774810791015625
1789134877293129,7.287999629974365
1789134877303129,7.291223526000977
1789134877311129,2.2559454441070557
1789134877325129,0.950200080871582
1789134877335129,1.9826476573944092
1789134877341129,1.982747197151184
1789134877353129,1.9847543239593506
1789134877363129,1.9872175455093384
1789134877373129,1.9873836040496826
1789134877385129,2.706803798675537
1789134877395129,4.825926780700684
1789134877403129,4.829085826873779
1789134877409129,4.831454277038574
1789134877423129,4.831531524658203
1789134877433129,0.27864381670951843
1789134877445129,-0.9651085734367371
1789134877453129,-0.9681300520896912
1789134877463129,-0.74789959192276
1789134877473129,-0.7500268816947937
1789134877483129,-0.7504680156707764
1789134877493129,-0.7539466023445129
1789134877505129,5.362210750579834
1789134877507129,5.363146781921387
1789134877523129,7.482424259185791
1789134877533129,7.48947286605835
1789134877541129,7.495464324951172
1789134877553129,7.504451751708984
1789134877565129,0.23136083781719208
1789134877573129,0.22958683967590332
1789134877583129,-0.8551169037818909
1789134877593302,-0.8596541285514832
1789134877603302,-0.8641142249107361
1789134877613302,1.2359914779663086
1789134877625302,2.3601362705230713
1789134877633302,2.3606512546539307
1789134877639302,4.571477890014648
1789134877653302,4.575923919677734
1789134877663302,4.575850963592529
1789134877673302,4.579439640045166
1789134877685302,-2.0933725833892822
1789134877693302,-2.0976221561431885
1789134877703302,-3.169419527053833
1789134877713302,-3.1768558025360107
1789134877723302,-3.1829450130462646
1789134877733302,-3.1896767616271973
1789134877745302,0.44454753398895264
1789134877753302,0.4430440664291382
1789134877763302,2.7274367809295654
1789134877771302,2.7290704250335693
1789134877783302,2.7284891605377197
1789134877793302,0.22360602021217346
1789134877805302,-0.710150957107544
1789134877815302,0.17970213294029236
1789134877823302,0.17792272567749023
1789134877833302,0.17748060822486877
1789134877843302,0.17890000343322754
1789134877853302,0.17667564749717712
1789134877865302,2.247711181640625
1789134877875302,4.08842658996582
1789134877883302,4.090818881988525
1789134877893302,4.093282699584961
1789134877903302,4.093071937561035
1789134877913302,4.096063137054443
1789134877925302,-2.230356216430664
1789134877933302,-2.2347137928009033
1789134877937302,-3.6718640327453613
1789134877953302,-3.684882879257202
1789134877963302,-3.690889596939087
1789134877973302,1.122886061668396
1789134877983302,2.3426477909088135
1789134877993302,2.3433384895324707
1789134878003302,4.44488000869751
1789134878013302,4.4479899406433105
1789134878023302,4.447803020477295
1789134878033302,4.451291084289551
1789134878045302,-2.3330187797546387
1789134878055302,-2.863287925720215
1789134878063302,-2.868295669555664
1789134878069302,-2.87205171585083
1789134878083302,-2.879105567932129
1789134878093302,-2.8795979022979736
1789134878103302,3.084282159805298
1789134878115302,2.2417521476745605
1789134878123302,2.2422099113464355
1789134878133302,2.2422990798950195
1789134878141302,2.241661548614502
1789134878153302,2.241112470626831
1789134878163302,2.443211555480957
1789134878167302,2.4435479640960693
1789134878183302,1.8167766332626343
1789134878193302,1.8155968189239502
1789134878201302,1.8145419359207153
1789134878213302,1.8145476579666138
1789134878223302,4.138369560241699
1789134878235302,5.908094882965088
1789134878243302,5.912457466125488
1789134878253302,5.917502403259277
1789134878263302,5.919468879699707
1789134878271302,1.7237974405288696
1789134878283302,2.1417009830474854
1789134878295302,3.091212034225464
1789134878299302,3.0918831825256348
1789134878313302,3.0935428142547607
1789134878323302,3.0937693119049072
1789134878333302,3.095447063446045
1789134878345302,1.119698166847229
1789134878353302,1.1189320087432861
1789134878363302,-1.263537049293518
1789134878373302,-1.267266035079956
1789134878383302,-1.2689001560211182
1789134878393302,-1.2730289697647095
1789134878403302,4.481427192687988
1789134878415302,5.127471446990967
1789134878423302,5.130991458892822
1789134878431302,5.134018421173096
1789134878443302,5.136295795440674
1789134878453302,5.136371612548828
1789134878465302,1.2927296161651611
1789134878475302,-1.0841667652130127
1789134878483302,-1.0872845649719238
1789134878493302,-1.0919597148895264
1789134878501302,-1.30732262134552
1789134878513302,-1.3123388290405273
1789134878525302,2.3824448585510254
1789134878531302,2.3828959465026855
1789134878541302,3.8732478618621826
1789134878553302,3.875192165374756
1789134878563302,3.8750598430633545
1789134878573302,3.8777947425842285
1789134878585302,-1.522761583328247
1789134878593476,-1.5263360738754272
1789134878597476,-3.5416505336761475
1789134878613476,-3.5536136627197266
1789134878623476,-3.5595462322235107
1789134878631476,-0.25975990295410156
1789134878645476,2.306455612182617
1789134878653476,2.3069992065429688
1789134878663476,3.3271031379699707
1789134878673476,3.328433036804199
1789134878683476,3.3281257152557373
1789134878693476,3.3267602920532227
1789134878705476,1.0289126634597778
1789134878713476,1.0280890464782715
1789134878723476,-0.560145914554596
1789134878729476,-0.562031626701355
1789134878741476,-0.565803050994873
1789134878753476,-0.5695744156837463
1789134878765476,4.187470436096191
1789134878775476,5.010390281677246
1789134878783476,5.013825416564941
1789134878793476,5.017385005950928
1789134878803476,5.019264221191406
1789134878813476,5.019105434417725
1789134878825476,0.06237712875008583
1789134878827476,0.06191324442625046
1789134878843476,-1.4375087022781372
1789134878853476,-1.4418084621429443
1789134878861476,0.3595762848854065
1789134878873476,0.35729146003723145
1789134878885476,4.389146327972412
1789134878893476,4.391924858093262
1789134878903476,5.497031211853027
1789134878913476,5.501495361328125
1789134878923476,5.504004955291748
1789134878933476,1.1378302574157715
1789134878945476,0.3831728994846344
1789134878953476,0.38166284561157227
1789134878959476,1.8778117895126343
1789134878973476,1.8793292045593262
1789134878983476,1.88197660446167
1789134878993476,1.8820838928222656
1789134879005476,4.2074480056762695
1789134879013476,4.210013389587402
1789134879023476,4.139554023742676
1789134879033476,4.141980171203613
1789134879043476,4.143226146697998
1789134879051476,1.4097195863723755
1789134879063476,2.2892301082611084
1789134879073476,2.289867639541626
1789134879083476,4.453666687011719
1789134879091476,4.456325531005859
1789134879103476,4.457196235656738
1789134879113476,4.460713863372803
1789134879125476,0.3887306749820709
1789134879133476,0.38719815015792847
1789134879141476,-0.8098326325416565
1789134879153476,-0.8143009543418884
1789134879159476,-0.5259222984313965
1789134879173476,-0.5302913188934326
1789134879183476,3.336052894592285
1789134879191476,3.3376781940460205
1789134879203476,5.223356246948242
1789134879213476,5.227545738220215
1789134879223476,5.22825813293457
1789134879233476,5.232796669006348
1789134879245476,-0.6133943796157837
1789134879253476,-0.6160036325454712
1789134879257476,-1.385075569152832
1789134879273476,-1.3930164575576782
1789134879283476,-1.39706289768219
1789134879293476,2.8809468746185303
1789134879305476,3.1930758953094482
1789134879313476,3.194544553756714
1789134879323476,0.6938888430595398
1789134879333476,0.6911928057670593
1789134879341476,0.6899958252906799
1789134879353476,0.688200056552887
1789134879365476,3.508333921432495
1789134879373476,3.510146379470825
1789134879383476,4.448357105255127
1789134879389476,4.450464248657227
1789134879403476,4.452382564544678
1789134879413476,4.4558939933776855
1789134879425476,-0.5126599073410034
1789134879435476,-2.6200172901153564
1789134879443476,-2.624753475189209
1789134879453476,-2.6307730674743652
1789134879463476,-2.636214017868042
1789134879473476,-2.6404128074645996
1789134879483476,1.250800371170044
1789134879487476,1.2505079507827759
1789134879503476,2.487011194229126
1789134879513476,2.488966464996338
1789134879521476,2.489698886871338
1789134879533476,2.490797758102417
1789134879545476,-1.1676682233810425
1789134879553476,-1.170837163925171
1789134879563476,-3.435551404953003
1789134879573476,-3.442552328109741
1789134879583476,-3.447805166244507
1789134879593476,-0.42656850814819336
1789134879605649,1.9461109638214111
1789134879613649,1.9462952613830566
1789134879619649,2.787926435470581
1789134879633649,2.7906649112701416
1789134879643649,2.7918405532836914
1789134879653649,2.793192148208618
1789134879665649,-0.5054160356521606
1789134879673649,-0.5078542828559875
1789134879683649,-2.5322558879852295
1789134879693649,-2.5381574630737305
1789134879703649,-2.5423929691314697
1789134879713649,-2.5481324195861816
1789134879725649,2.5926499366760254
1789134879733649,2.5935444831848145
1789134879741649,3.687466621398926
1789134879751649,3.6891558170318604
1789134879763649,3.6898655891418457
1789134879773649,3.6924405097961426
1789134879785649,0.8693903088569641
1789134879793649,0.8684362173080444
1789134879803649,-1.557037115097046
1789134879813649,-1.5615202188491821
1789134879823649,-1.5638235807418823
1789134879833649,-1.5682440996170044
1789134879843649,4.785165309906006
1789134879855649,5.830237865447998
1789134879859649,5.8324103355407715
1789134879873649,5.839137077331543
1789134879883649,5.84220552444458
1789134879893649,5.847637176513672
1789134879905649,0.9216826558113098
1789134879913649,0.9207679629325867
1789134879917649,-1.4687013626098633
1789134879933649,-1.475829839706421
1789134879941649,-1.4792914390563965
1789134879953649,0.8993957042694092
1789134879965649,3.1441516876220703
1789134879973649,3.1456265449523926
1789134879983649,4.889681816101074
1789134879993649,4.89310359954834
1789134880003649,4.895049571990967
1789134880013649,4.895173072814941
1789134880025649,-0.05864699184894562
1789134880035649,-2.5075063705444336
1789134880043649,-2.5120723247528076
1789134880049649,-2.5154964923858643
1789134880063649,-2.5210671424865723
1789134880071649,0.23858362436294556
1789134880083649,2.2445220947265625
1789134880093649,2.24517560005188
1789134880103649,3.553811550140381
1789134880113649,3.5553808212280273
1789134880123649,3.5560338497161865
1789134880133649,3.5556962490081787
1789134880143649,2.0968406200408936
1789134880155649,0.36746788024902344
1789134880163649,0.3659808933734894
1789134880173649,0.36463120579719543
1789134880181649,0.3650743067264557
1789134880193649,3.4662833213806152
1789134880203649,5.935047149658203
1789134880213649,5.94060754776001
1789134880223649,4.520022392272949
1789134880233649,4.521825313568115
1789134880243649,4.523146152496338
1789134880251649,0.22064997255802155
1789134880265649,-0.26099973917007446
1789134880273649,-0.26317131519317627
1789134880279649,1.2172789573669434
1789134880293649,1.2173885107040405
1789134880303649,1.219977855682373
1789134880311649,4.246655464172363
1789134880325649,1.6727420091629028
1789134880335649,0.8122953176498413
1789134880341649,0.8115215301513672
1789134880353649,0.8097089529037476
1789134880363649,0.8094707727432251
1789134880373649,0.80818110704422
1789134880385649,4.924251556396484
1789134880393649,4.927608489990234
1789134880403649,6.9124531745910645
1789134880411649,6.917450428009033
1789134880423649,6.922129154205322
1789134880433649,6.924151420593262
1789134880443649,0.8272515535354614
1789134880455649,0.3815805912017822
1789134880463649,0.38007184863090515
1789134880473649,0.3774150311946869
1789134880479649,-0.21103036403656006
1789134880493649,-0.21201761066913605
1789134880505649,2.0354268550872803
1789134880515649,3.146585464477539
1789134880523649,3.1480345726013184
1789134880533649,3.149646043777466
1789134880541649,3.1489906311035156
1789134880553649,3.146305561065674
1789134880563649,-1.732862949371338
1789134880573649,-1.7375507354736328
1789134880577649,-2.4047060012817383
1789134880593649,-2.4131712913513184
1789134880603821,-2.4178054332733154
1789134880611821,1.0577731132507324
1789134880625821,2.1249096393585205
1789134880635821,4.190547466278076
1789134880643821,4.193140506744385
1789134880653821,4.196087837219238
1789134880663821,4.196674823760986
1789134880673821,4.195314407348633
1789134880685821,1.6009511947631836
1789134880693821,1.600773572921753
1789134880703821,-0.01824471540749073
1789134880709821,-0.019671229645609856
1789134880723821,-0.022321199998259544
1789134880733821,-0.02469867467880249
1789134880743821,3.525036334991455
1789134880753821,3.5273935794830322
1789134880763821,5.900815486907959
1789134880773821,5.905858516693115
1789134880783821,5.90751314163208
1789134880793821,1.4636461734771729
1789134880805821,0.03507914021611214
1789134880815821,0.009747675620019436
1789134880823821,0.007869800552725792
1789134880833821,0.006298714783042669
1789134880841821,0.006194696761667728
1789134880853821,0.003377813147380948
1789134880865821,5.281414031982422
1789134880873821,5.285164833068848
1789134880883821,7.743722438812256
1789134880893821,7.751089096069336
1789134880903821,7.755044460296631
1789134880913821,2.807232141494751
1789134880925821,1.032471776008606
1789134880933821,1.0316599607467651
1789134880939821,0.8712061047554016
1789134880953821,0.8701167106628418
1789134880963821,0.8709404468536377
1789134880973821,0.8697128891944885
1789134880985821,2.766455888748169
1789134880993821,2.767498016357422
1789134881003821,4.757628440856934
1789134881013821,4.761053085327148
1789134881023821,4.761984825134277
1789134881033821,0.8254265189170837
1789134881043821,-1.3675438165664673
1789134881051821,-1.3709195852279663
1789134881063821,-1.8471786975860596
1789134881071821,-1.8503079414367676
1789134881083821,-1.8533272743225098
1789134881093821,-1.8538813591003418
1789134881105821,3.224302053451538
1789134881115821,5.643489360809326
1789134881123821,5.647611141204834
1789134881133821,5.652291774749756
1789134881139821,2.0868701934814453
1789134881153821,2.085922956466675
1789134881163821,1.4385720491409302
1789134881175821,0.7984809875488281
1789134881183821,0.7974255681037903
1789134881193821,0.7960495948791504
1789134881203821,0.7959496974945068
1789134881213821,0.7946302890777588
1789134881225821,1.3071181774139404
1789134881233821,1.3066110610961914
1789134881237821,3.4631197452545166
1789134881253821,3.4682071208953857
1789134881263821,3.4691388607025146
1789134881273821,1.5258023738861084
1789134881285821,0.28169363737106323
1789134881293821,0.2800852656364441
1789134881303821,1.1189252138137817
1789134881313821,1.1195378303527832
1789134881323821,1.1220279932022095
1789134881333821,1.1211371421813965
1789134881345821,7.2783074378967285
1789134881355821,8.4384183883667
1789134881363821,8.445500373840332
1789134881369821,8.450812339782715
1789134881383821,8.456687927246094
1789134881393821,3.1939239501953125
1789134881405821,1.6094073057174683
1789134881413821,1.6091790199279785
1789134881423821,1.060491681098938
1789134881433821,1.0595828294754028
1789134881443821,1.0599780082702637
1789134881453821,1.0589625835418701
1789134881465821,5.614874362945557
1789134881475821,7.881610870361328
1789134881483821,7.888068199157715
1789134881493821,7.89576530456543
1789134881501821,7.902222633361816
1789134881513821,7.905817985534668
1789134881525821,2.7717976570129395
1789134881535821,0.9905086159706116
1789134881541821,0.989811897277832
1789134881553821,0.9870640635490417
1789134881563821,0.9849392771720886
1789134881573821,1.5536359548568726
1789134881585821,2.188168525695801
1789134881593821,2.1885242462158203
1789134881599821,3.071906089782715
1789134881613994,3.073014259338379
1789134881623994,3.0712428092956543
1789134881633994,3.0688676834106445
1789134881645994,1.2036107778549194
1789134881653994,1.2029165029525757
1789134881663994,-0.35517337918281555
1789134881673994,-0.3579268157482147
1789134881683994,-0.3595690429210663
1789134881693994,-0.3585665822029114
1789134881705994,3.8263442516326904
1789134881713994,3.8284552097320557
1789134881723994,3.6716034412384033
1789134881731994,3.6718552112579346
1789134881741994,3.669484853744507
1789134881753994,3.6647095680236816
1789134881765994,-2.8338005542755127
1789134881775994,-4.302524566650391
1789134881783994,-4.309075832366943
1789134881793994,-4.319098949432373
1789134881799994,-6.224152088165283
1789134881813994,-6.23544454574585
1789134881825994,-2.711167812347412
1789134881835994,-0.3478240966796875
1789134881843994,-0.35010382533073425
1789134881853994,-0.35212597250938416
1789134881859994,3.4678361415863037
1789134881873994,3.4710693359375
1789134881883994,0.9796780347824097
1789134881895994,0.048878397792577744
1789134881897994,0.04841480031609535
1789134881913994,0.04477345570921898
1789134881923994,0.04333854466676712
1789134881931994,3.703071117401123
1789134881945994,4.175882339477539
1789134881953994,4.178433418273926
1789134881963994,1.7916299104690552
1789134881973994,1.7907477617263794
1789134881983994,1.7884728908538818
1789134881993994,-1.1402088403701782
1789134882003994,-0.9719047546386719
1789134882015994,-0.9439038038253784
1789134882023994,-0.9468023777008057
1789134882029994,-0.9477143287658691
1789134882043994,-0.9472246766090393
1789134882053994,1.828060269355774
1789134882063994,0.6635891199111938
1789134882073994,0.6621178388595581
1789134882083994,-0.988143801689148
1789134882093994,-0.9912846684455872
1789134882103994,-0.9919623136520386
1789134882113994,3.194854974746704
1789134882125994,3.602461576461792
1789134882135994,2.386030435562134
1789134882141994,2.3865299224853516
1789134882153994,2.3857452869415283
1789134882161994,2.386411666870117
1789134882173994,2.3808419704437256
1789134882185994,-3.4104158878326416
1789134882193994,-3.415925979614258
1789134882203994,-5.3184075355529785
1789134882213994,-5.328008651733398
1789134882223994,-5.335574150085449
1789134882233994,-2.7043185234069824
1789134882245994,-0.4789809584617615
1789134882253994,-0.4813157320022583
1789134882259994,1.2981404066085815
1789134882273994,1.3004523515701294
1789134882283994,1.3045037984848022
1789134882293994,1.3039584159851074
1789134882305994,7.888454914093018
1789134882313994,7.895040988922119
1789134882323994,7.946320056915283
1789134882333994,7.95387077331543
1789134882341994,7.960502624511719
1789134882353994,7.970450401306152
1789134882365994,3.442004680633545
1789134882373994,3.4437994956970215
1789134882383994,2.5346758365631104
1789134882391994,2.534879446029663
1789134882403994,2.533280849456787
1789134882413994,2.534310817718506
1789134882425994,-1.9977279901504517
1789134882435994,-5.231193542480469
1789134882443994,-5.238646984100342
1789134882453994,-5.248019218444824
1789134882463994,-5.256105422973633
1789134882473994,-5.2654218673706055
1789134882485994,-0.7219765782356262
1789134882491994,-0.7239236235618591
1789134882503994,0.40441450476646423
1789134882513994,0.4047921597957611
1789134882523994,0.4069511890411377
1789134882533994,0.41147249937057495
1789134882545994,7.500164031982422
1789134882553994,7.506333351135254
1789134882557994,9.826009750366211
1789134882573994,9.842391967773438
1789134882583994,9.849004745483398
1789134882593994,4.940705299377441
1789134882605994,2.834247350692749
1789134882614166,2.8353912830352783
1789134882618166,1.9077414274215698
1789134882634166,1.9058189392089844
1789134882644166,1.9045733213424683
1789134882654166,1.9047666788101196
1789134882666166,1.3264845609664917
1789134882674166,1.3260223865509033
1789134882684166,1.3976267576217651
1789134882690166,1.3973379135131836
1789134882704166,1.4014970064163208
1789134882714166,4.4827656745910645
1789134882726166,2.849118232727051
1789134882734166,2.850271463394165
1789134882742166,2.386826515197754
1789134882754166,2.3860130310058594
1789134882764166,2.3839352130889893
1789134882774166,2.3847577571868896
1789134882786166,-1.4581646919250488
1789134882788166,-1.4590249061584473
1789134882804166,-3.738931894302368
1789134882814166,-3.74594783782959
1789134882822166,-3.751807928085327
1789134882834166,-3.760599136352539
1789134882846166,1.6598621606826782
1789134882854166,1.6597912311553955
1789134882860166,2.6950695514678955
1789134882874166,2.697852611541748
1789134882884166,2.6988723278045654
1789134882894166,0.34468263387680054
1789134882906166,-0.4833773076534271
1789134882914166,-0.48573586344718933
1789134882920166,1.402310848236084
1789134882934166,1.4029039144515991
1789134882942166,1.402559518814087
1789134882954166,4.061123847961426
1789134882966166,4.3941497802734375
1789134882974166,4.3969902992248535
1789134882984166,3.252589702606201
1789134882994166,3.253061294555664
1789134883004166,3.252866744995117
1789134883014166,3.2548892498016357
1789134883026166,2.416987419128418
1789134883034166,2.4177098274230957
1789134883044166,0.31537699699401855
1789134883052166,0.31329110264778137
1789134883064166,0.311974436044693
1789134883074166,2.0963730812072754
1789134883086166,2.5315310955047607
1789134883094166,2.5323803424835205
1789134883104166,1.7178196907043457
1789134883114166,1.7169582843780518
1789134883124166,1.716879963874817
1789134883134166,1.716855525970459
1789134883146166,4.930396556854248
1789134883156166,5.658985614776611
1789134883164166,5.663164138793945
1789134883174166,5.667642116546631
1789134883184166,5.6700439453125
1789134883192166,1.4078457355499268
1789134883204166,2.1986474990844727
1789134883216166,3.255112648010254
1789134883218166,3.255512237548828
1789134883234166,3.2578344345092773
1789134883244166,3.2584099769592285
1789134883254166,0.5125401020050049
1789134883266166,1.186113715171814
1789134883274166,1.185503363609314
1789134883284166,0.9337863326072693
1789134883294166,0.9333354830741882
1789134883304166,0.9357641935348511
1789134883314166,5.316941261291504
1789134883326166,5.752788066864014
1789134883336166,4.512058258056641
1789134883342166,4.514250755310059
1789134883350166,4.515888690948486
1789134883364166,4.51628303527832
1789134883374166,4.519936561584473
1789134883386166,-1.666648507118225
1789134883394166,-1.670325756072998
1789134883404166,-3.8572797775268555
1789134883414166,-3.864990472793579
1789134883424166,-3.871006727218628
1789134883434166,-3.878509283065796
1789134883444166,0.42579156160354614
1789134883448166,0.42508721351623535
1789134883464166,1.25540030002594
1789134883474166,1.2564505338668823
1789134883482166,1.255928635597229
1789134883494166,1.25514554977417
1789134883506166,7.565669536590576
1789134883516166,9.819452285766602
1789134883524166,9.828054428100586
1789134883534166,9.83840274810791
1789134883542166,9.847005844116211
1789134883554166,5.23154878616333
1789134883566166,2.796072483062744
1789134883576166,1.7896374464035034
1789134883580166,1.7896337509155273
1789134883594166,1.7860393524169922
1789134883604166,1.7843520641326904
1789134883614166,1.7838752269744873
1789134883626339,2.3751611709594727
1789134883636339,3.6072893142700195
1789134883644339,3.6092255115509033
1789134883654339,3.6112520694732666
1789134883664339,3.610293388366699
1789134883672339,-0.8249515295028687
1789134883684339,-2.1387577056884766
1789134883694339,-2.143995523452759
1789134883704339,-1.5465649366378784
1789134883712339,-1.548201322555542
1789134883724339,-1.5489723682403564
1789134883734339,-1.5534076690673828
1789134883746339,1.671991229057312
1789134883754339,1.6718872785568237
1789134883764339,3.228585958480835
1789134883774339,3.230334520339966
1789134883784339,3.2294762134552
1789134883794339,3.231419324874878
1789134883806339,-2.4186649322509766
1789134883812339,-2.4220199584960938
1789134883824339,-3.5316684246063232
1789134883834339,-3.5388553142547607
1789134883844339,-3.5445556640625
1789134883854339,-3.5516152381896973
1789134883866339,0.1152658462524414
1789134883874339,0.11353524029254913
1789134883878339,2.7746834754943848
1789134883894339,2.778515577316284
1789134883904339,2.7784650325775146
1789134883912339,0.41199159622192383
1789134883926339,-0.30756527185440063
1789134883936339,0.5871678590774536
1789134883942339,0.5862496495246887
1789134883954339,0.5870220065116882
1789134883964339,0.5891104936599731
1789134883974339,0.5889304876327515
1789134883984339,1.0987639427185059
1789134883994339,1.0979145765304565
1789134884004339,2.089202404022217
1789134884010339,2.0894854068756104
1789134884024339,2.0897133350372314
1789134884034339,0.39955195784568787
1789134884046339,-0.49457085132598877
1789134884052339,-0.49635255336761475
1789134884064339,0.5359455943107605
1789134884074339,0.5359909534454346
1789134884084339,0.5379873514175415
1789134884094339,0.5363968014717102
1789134884106339,7.02989387512207
1789134884108339,7.031307220458984
1789134884124339,9.152837753295898
1789134884134339,9.162274360656738
1789134884142339,9.170174598693848
1789134884152339,4.478785514831543
1789134884166339,2.672952651977539
1789134884174339,2.6739096641540527
1789134884184339,2.942610025405884
1789134884194339,2.9421164989471436
1789134884204339,2.939913034439087
1789134884212339,-2.773451805114746
1789134884226339,-3.564970016479492
1789134884234339,-3.570655584335327
1789134884240339,-1.195343017578125
1789134884254339,-1.1995116472244263
1789134884264339,-1.1993521451950073
1789134884274339,-1.2032883167266846
1789134884286339,1.601908564567566
1789134884294339,1.601755976676941
1789134884304339,2.444775342941284
1789134884314339,2.4457173347473145
1789134884324339,2.4454257488250732
1789134884334339,2.446357488632202
1789134884346339,-1.8181970119476318
1789134884354339,-1.821997880935669
1789134884364339,-3.9747800827026367
1789134884372339,-3.981172800064087
1789134884384339,-3.989654541015625
1789134884394339,-2.4469738006591797
1789134884406339,-0.16426989436149597
1789134884414339,-0.16626515984535217
1789134884424339,0.8554971218109131
1789134884434339,0.8561878204345703
1789134884444339,0.8590600490570068
1789134884454339,0.8579296469688416
1789134884466339,8.06985092163086
1789134884472339,8.074941635131836
1789134884484339,9.988577842712402
1789134884494339,9.999292373657227
1789134884504339,10.006967544555664
1789134884514339,10.017986297607422
1789134884526339,4.298105239868164
1789134884534339,4.300806522369385
1789134884538339,3.3068196773529053
1789134884554339,3.309511661529541
1789134884564339,3.3113014698028564
1789134884574339,1.1645762920379639
1789134884586339,0.32110753655433655
1789134884594339,0.31955865025520325
1789134884604339,2.351745128631592
1789134884614339,2.3534154891967773
1789134884624511,2.352933406829834
1789134884634511,2.353705644607544
1789134884644511,-2.0359840393066406
1789134884654511,-2.04105806350708
1789134884664511,-3.130314350128174
1789134884670511,-3.1342246532440186
1789134884684511,-3.141089916229248
1789134884694511,-3.1476073265075684
1789134884706511,1.3187222480773926
1789134884714511,1.318278193473816
1789134884724511,3.643193244934082
1789134884734511,3.6466927528381348
1789134884742511,3.648725986480713
1789134884754511,3.6489434242248535
1789134884766511,0.76732337474823
1789134884776511,-0.27858930826187134
1789134884784511,-0.2807455360889435
1789134884794511,-0.28341755270957947
1789134884802511,-0.28482785820961
1789134884814511,-0.28806209564208984
1789134884826511,3.9207663536071777
1789134884836511,5.922712802886963
1789134884844511,5.927180767059326
1789134884854511,5.932190418243408
1789134884864511,5.934876918792725
1789134884874511,1.5469884872436523
1789134884886511,0.3822789788246155
1789134884896511,1.4918274879455566
1789134884900511,1.4916917085647583
1789134884914511,1.4929364919662476
1789134884924511,1.4931036233901978
1789134884934511,1.4935561418533325
1789134884944511,1.7483233213424683
1789134884954511,1.7483234405517578
1789134884964511,0.1657857596874237
1789134884974511,0.16323596239089966
1789134884984511,0.1618821620941162
1789134884994511,0.159775048494339
1789134885004511,4.689718246459961
1789134885016511,2.905468463897705
1789134885024511,2.9067065715789795
1789134885032511,2.906489610671997
1789134885044511,2.9059431552886963
1789134885054511,-1.5474408864974976
1789134885066511,-2.3280744552612305
1789134885076511,-1.3908724784851074
1789134885084511,-1.3942065238952637
1789134885094511,-1.3974775075912476
1789134885104511,-1.3978629112243652
1789134885114511,-1.4020304679870605
1789134885126511,5.561595439910889
1789134885132511,5.56466817855835
1789134885142511,6.636487007141113
1789134885154511,6.642244338989258
1789134885164511,6.64525842666626
1789134885174511,6.651800632476807
1789134885186511,-0.30155667662620544
1789134885194511,-0.30374661087989807
1789134885198511,-2.4027698040008545
1789134885214511,-2.411966323852539
1789134885224511,-2.416537284851074
1789134885234511,-0.3424800634384155
1789134885246511,1.8611202239990234
1789134885254511,1.861263632774353
1789134885264511,2.9780192375183105
1789134885274511,2.979097366333008
1789134885284511,2.9787206649780273
1789134885294511,2.98038649559021
1789134885306511,-2.066314697265625
1789134885314511,-2.0703656673431396
1789134885324511,-4.26420259475708
1789134885330511,-4.268989562988281
1789134885342511,-4.278563022613525
1789134885354511,-2.4870755672454834
1789134885366511,-0.23254075646400452
1789134885376511,0.9966096878051758
1789134885384511,0.9958708882331848
1789134885394511,0.99702388048172
1789134885404511,1.0002230405807495
1789134885414511,0.9992993474006653
1789134885426511,8.089240074157715
1789134885436511,8.52997875213623
1789134885444511,8.537261962890625
1789134885454511,8.545808792114258
1789134885462511,8.553092002868652
1789134885474511,4.19905948638916
1789134885486511,3.441847324371338
1789134885494511,3.443666696548462
1789134885504511,2.716810703277588
1789134885514511,2.7165000438690186
1789134885524511,2.714676856994629
1789134885534511,-2.3247432708740234
1789134885546511,-3.1144564151763916
1789134885554511,-3.1196210384368896
1789134885560511,-1.8289515972137451
1789134885574511,-1.8340483903884888
1789134885584511,-1.8347153663635254
1789134885594511,-1.8394464254379272
1789134885606511,5.4893317222595215
1789134885614511,5.493368148803711
1789134885624511,6.790283203125
1789134885634683,6.796256065368652
1789134885644683,6.800514221191406
1789134885654683,6.807279586791992
1789134885666683,0.8933952450752258
1789134885674683,0.8924961090087891
1789134885684683,-1.3195157051086426
1789134885692683,-1.322992205619812
1789134885704683,-1.326138973236084
1789134885714683,-1.3276418447494507
1789134885724683,3.493899345397949
1789134885734683,3.4962570667266846
1789134885742683,2.1534578800201416
1789134885754683,2.152207851409912
1789134885760683,-0.2763924300670624
1789134885774683,-0.28013181686401367
1789134885786683,2.119493007659912
1789134885792683,2.119812250137329
1789134885804683,4.222231388092041
1789134885814683,4.225210189819336
1789134885824683,4.22620964050293
1789134885834683,4.226352691650391
1789134885846683,0.08426076918840408
1789134885854683,0.08250341564416885
1789134885858683,-1.3033812046051025
1789134885874683,-1.3104804754257202
1789134885884683,-1.3137428760528564
1789134885894683,1.6021195650100708
1789134885906683,2.185728073120117
1789134885914683,2.1862294673919678
1789134885924683,1.8970787525177002
1789134885934683,1.8969275951385498
1789134885942683,1.894864797592163
1789134885952683,-1.6573131084442139
1789134885964683,-1.0775327682495117
1789134885974683,-1.0812469720840454
1789134885984683,0.24823325872421265
1789134885990683,0.24706999957561493
1789134886004683,0.24994464218616486
1789134886014683,0.2480057328939438
1789134886026683,2.4167943000793457
1789134886034683,2.417557954788208
1789134886044683,4.379621982574463
1789134886052683,4.381989479064941
1789134886064683,4.3825483322143555
1789134886074683,4.386114120483398
1789134886086683,-2.164261817932129
1789134886088683,-2.1652960777282715
1789134886104683,-3.4347517490386963
1789134886114683,-3.442007541656494
1789134886122683,-3.4474873542785645
1789134886134683,-3.4557063579559326
1789134886146683,2.4018728733062744
1789134886154683,2.402647018432617
1789134886164683,4.787528038024902
1789134886174683,4.791116714477539
1789134886184683,4.791309356689453
1789134886194683,0.16739782691001892
1789134886206683,1.2504217624664307
1789134886214683,1.2499600648880005
1789134886220683,1.671434998512268
1789134886234683,1.672918677330017
1789134886244683,1.6732045412063599
1789134886254683,1.6731892824172974
1789134886266683,2.1483492851257324
1789134886274683,2.148843765258789
1789134886284683,2.2007482051849365
1789134886294683,2.201051712036133
1789134886304683,2.1996212005615234
1789134886314683,2.1985955238342285
1789134886326683,-0.7924262881278992
1789134886334683,-0.7950658798217773
1789134886342683,-2.094907760620117
1789134886352683,-2.09964656829834
1789134886364683,-2.1033051013946533
1789134886374683,-2.1030662059783936
1789134886386683,3.451310396194458
1789134886396683,2.835218906402588
1789134886404683,2.8364670276641846
1789134886414683,2.836465835571289
1789134886424683,2.834146022796631
1789134886434683,2.8357064723968506
1789134886446683,-3.042508840560913
1789134886456683,-4.161098480224609
1789134886464683,-4.167306423187256
1789134886474683,-4.175482273101807
1789134886484683,-4.183189868927002
1789134886494683,-4.190949440002441
1789134886506683,-0.8348269462585449
1789134886514683,-0.8374462127685547
1789134886518683,1.3693578243255615
1789134886534683,1.3708785772323608
1789134886542683,1.3706134557724
1789134886554683,6.45090913772583
1789134886566683,5.708313465118408
1789134886574683,5.712663173675537
1789134886584683,4.514966011047363
1789134886594683,4.517083644866943
1789134886604683,4.5173258781433105
1789134886614683,4.521161079406738
1789134886626683,-2.1213114261627197
1789134886634854,-2.1253316402435303
1789134886638854,-4.54177188873291
1789134886650854,-4.551662921905518
1789134886664854,-4.5597734451293945
1789134886674854,-1.041618824005127
1789134886686854,1.5302772521972656
1789134886694854,1.530187964439392
1789134886704854,2.7075228691101074
1789134886714854,2.710131883621216
1789134886724854,2.711919069290161
1789134886734854,2.7133758068084717
1789134886746854,-0.3023896813392639
1789134886756854,-2.463021993637085
1789134886764854,-2.4673733711242676
1789134886774854,-2.472947597503662
1789134886782854,-2.4767818450927734
1789134886794854,-2.483308792114258
1789134886804854,1.6232365369796753
1789134886816854,2.7872629165649414
1789134886824854,2.7885334491729736
1789134886834854,2.7900331020355225
1789134886844854,2.790127754211426
1789134886852854,0.4978218972682953
1789134886866854,1.6141194105148315
1789134886874854,1.6141363382339478
1789134886880854,3.8115618228912354
1789134886894854,3.8154683113098145
1789134886904854,3.8152992725372314
1789134886914854,0.0139778396114707
1789134886926854,-1.0198577642440796
1789134886934854,-1.0226532220840454
1789134886942854,-0.1726377159357071
1789134886954854,-0.17307201027870178
1789134886964854,-0.17220230400562286
1789134886974854,-0.17456084489822388
1789134886986854,5.943796157836914
1789134886994854,5.9484333992004395
1789134887004854,8.394998550415039
1789134887012854,8.401983261108398
1789134887024854,8.408243179321289
1789134887032854,3.8031933307647705
1789134887046854,1.5501606464385986
1789134887056854,0.5518513917922974
1789134887064854,0.5507003664970398
1789134887074854,0.5487653017044067
1789134887082854,0.5281277298927307
1789134887094854,0.526370108127594
1789134887104854,4.129108428955078
1789134887112854,4.131775856018066
1789134887124854,6.360473155975342
1789134887134854,6.366322040557861
1789134887142854,6.371358394622803
1789134887152854,1.6897403001785278
1789134887166854,0.6257059574127197
1789134887176854,0.9763590097427368
1789134887178854,0.9761790037155151
1789134887194854,0.9760276079177856
1789134887204854,0.9765320420265198
1789134887212854,1.1048341989517212
1789134887226854,0.4214435815811157
1789134887236854,2.6655917167663574
1789134887244854,2.6666760444641113
1789134887254854,2.6686675548553467
1789134887264854,2.668571949005127
1789134887274854,0.511797308921814
1789134887286854,2.203789710998535
1789134887294854,2.2043802738189697
1789134887304854,3.326479434967041
1789134887310854,3.3278183937072754
1789134887324854,3.327969789505005
1789134887334854,3.3302009105682373
1789134887346854,1.446864128112793
1789134887354854,1.446638584136963
1789134887364854,-0.5710305571556091
1789134887374854,-0.57370525598526
1789134887384854,-0.5749943256378174
1789134887394854,-0.5779624581336975
1789134887406854,3.546299695968628
1789134887408854,3.5468060970306396
1789134887424854,4.055762767791748
1789134887434854,4.058579921722412
1789134887442854,4.0611443519592285
1789134887454854,4.064991474151611
1789134887466854,0.1292485147714615
1789134887474854,0.12761211395263672
1789134887484854,-2.1621198654174805
1789134887494854,-2.1673076152801514
1789134887504854,-2.1718287467956543
1789134887514854,-0.21255533397197723
1789134887526854,1.8325307369232178
1789134887534854,1.8327349424362183
1789134887540854,3.6848392486572266
1789134887554854,3.6877334117889404
1789134887564854,3.688854217529297
1789134887574854,3.6915764808654785
1789134887586854,-0.06628541648387909
1789134887594854,-0.06811818480491638
1789134887604854,-2.418677806854248
1789134887614854,-2.4240329265594482
1789134887624854,-2.428483009338379
1789134887632854,-0.9242591857910156
1789134887645028,1.3551768064498901
1789134887657028,2.314300775527954
1789134887665028,2.315032482147217
1789134887673028,2.3169643878936768
1789134887685028,2.3189170360565186
1789134887695028,2.3183021545410156
1789134887705028,0.21410039067268372
1789134887717028,-0.38880181312561035
1789134887725028,-0.3909529149532318
1789134887735028,-0.3934713900089264
1789134887743028,1.9670722484588623
1789134887755028,1.9678741693496704
1789134887765028,-0.49411025643348694
1789134887777028,-1.0672879219055176
1789134887785028,-1.0701507329940796
1789134887795028,-1.0729905366897583
1789134887805028,-1.074710488319397
1789134887815028,-1.0782890319824219
1789134887825028,3.7560861110687256
1789134887837028,6.299417972564697
1789134887839028,6.300667762756348
1789134887855028,6.309880256652832
1789134887861028,3.1214733123779297
1789134887873028,2.3385016918182373
1789134887887028,1.5126607418060303
1789134887897028,0.28111621737480164
1789134887905028,0.27968043088912964
1789134887915028,0.27791184186935425
1789134887925028,0.2771196961402893
1789134887935028,0.27532505989074707
1789134887945028,5.218013286590576
1789134887955028,5.222809791564941
1789134887965028,7.608520984649658
1789134887971028,7.613300800323486
1789134887985028,7.619325160980225
1789134887993028,3.54369854927063
1789134888005028,2.590047597885132
1789134888015028,2.591299057006836
1789134888025028,1.5394084453582764
1789134888035028,1.5378775596618652
1789134888045028,1.536680817604065
1789134888055028,3.311457395553589
1789134888067028,4.337335586547852
1789134888077028,3.4970197677612305
1789134888085028,3.4989840984344482
1789134888095028,3.5006253719329834
1789134888103028,3.500608444213867
1789134888115028,3.503554582595825
1789134888127028,-2.064568281173706
1789134888137028,-3.060645341873169
1789134888143028,-3.064420700073242
1789134888155028,-3.072693109512329
1789134888165028,-3.0789546966552734
1789134888173028,-0.8396523594856262
1789134888185028,0.04335078224539757
1789134888197028,2.608630657196045
1789134888201028,2.609151840209961
1789134888215028,2.6121153831481934
1789134888225028,2.6121838092803955
1789134888235028,2.6116058826446533
1789134888245028,0.18072138726711273
1789134888255028,0.17878517508506775
1789134888265028,-0.8696625232696533
1789134888275028,-0.8727632761001587
1789134888285028,-0.8752151727676392
1789134888295028,-0.8785448670387268
1789134888307028,3.9667932987213135
1789134888315028,3.9692976474761963
1789134888325028,6.067394256591797
1789134888333028,6.071725368499756
1789134888343028,6.077645778656006
1789134888355028,6.084750175476074
1789134888367028,-0.05304139852523804
1789134888375028,-0.05485794320702553
1789134888385028,-1.1771520376205444
1789134888395028,-1.1816413402557373
1789134888403028,-0.7072394490242004
1789134888415028,-0.7109903693199158
1789134888425028,3.156010627746582
1789134888437028,5.234500408172607
1789134888445028,5.238335609436035
1789134888455028,5.242708683013916
1789134888465028,5.244799613952637
1789134888475028,5.245055675506592
1789134888487028,1.3926719427108765
1789134888495028,1.3923931121826172
1789134888499028,-0.19159632921218872
1789134888515028,-0.19452662765979767
1789134888525028,-0.19549666345119476
1789134888535028,3.553448438644409
1789134888547028,4.539213180541992
1789134888557028,2.913264513015747
1789134888565028,2.9146060943603516
1789134888575028,2.915745735168457
1789134888585028,2.91540265083313
1789134888595028,2.914124011993408
1789134888607028,1.3792859315872192
1789134888615028,1.37898850440979
1789134888625028,0.28688061237335205
1789134888631028,0.28578534722328186
1789134888645199,0.2871277630329132
1789134888655199,0.2879270315170288
1789134888667199,1.9258512258529663
1789134888675199,1.9261393547058105
1789134888685199,3.130366086959839
1789134888695199,3.131892681121826
1789134888705199,3.130967378616333
1789134888715199,3.1289796829223633
1789134888727199,-2.6868162155151367
1789134888729199,-2.687974691390991
1789134888743199,-3.0791616439819336
1789134888755199,-3.0866847038269043
1789134888763199,-3.091726541519165
1789134888775199,-3.0992887020111084
1789134888785199,3.264122486114502
1789134888795199,3.2663023471832275
1789134888805199,5.375795841217041
1789134888815199,5.380613327026367
1789134888825199,5.382209300994873
1789134888835199,1.021837592124939
1789134888847199,-0.4795295000076294
1789134888855199,-0.48179370164871216
1789134888861199,-0.07915946841239929
1789134888875199,-0.07798795402050018
1789134888885199,-0.07558529078960419
1789134888895199,-0.07787667959928513
1789134888905199,3.189568042755127
1789134888917199,4.157153129577637
1789134888925199,4.159832000732422
1789134888935199,4.16243839263916
1789134888943199,4.1620612144470215
1789134888953199,-1.3255105018615723
1789134888967199,-2.7627596855163574
1789134888977199,-1.7557967901229858
1789134888985199,-1.7594174146652222
1789134888993199,-1.7617956399917603
1789134889005199,-1.7634377479553223
1789134889015199,-1.7679632902145386
1789134889027199,4.96312141418457
1789134889035199,4.966684818267822
1789134889045199,7.4793701171875
1789134889053199,7.485119819641113
1789134889063199,3.8532114028930664
1789134889075199,3.856743335723877
1789134889087199,0.7121447920799255
1789134889093199,0.7113930583000183
1789134889105199,0.32691690325737
1789134889115199,0.32598116993904114
1789134889125199,0.3264991044998169
1789134889135199,0.3247363567352295
1789134889147199,5.607369899749756
1789134889155199,5.611593723297119
1789134889159199,7.804246425628662
1789134889175199,7.816397666931152
1789134889185199,7.820854663848877
1789134889195199,3.153017282485962
1789134889207199,1.970952033996582
1789134889215199,1.9712629318237305
1789134889225199,0.17203979194164276
1789134889235199,0.16939139366149902
1789134889245199,0.16742372512817383
1789134889255199,0.16541622579097748
1789134889267199,3.510295867919922
1789134889275199,3.5122597217559814
1789134889285199,5.593622207641602
1789134889291199,5.596755504608154
1789134889305199,5.598583221435547
1789134889315199,5.598935127258301
1789134889327199,-0.3802243769168854
1789134889335199,-0.38242754340171814
1789134889343199,-2.786799669265747
1789134889355199,-2.795060396194458
1789134889365199,-2.801612138748169
1789134889375199,-2.807565212249756
1789134889387199,0.1307174414396286
1789134889389199,0.13031204044818878
1789134889405199,2.4456286430358887
1789134889415199,2.447493553161621
1789134889423199,2.4475607872009277
1789134889435199,2.4488298892974854
1789134889447199,-1.1703742742538452
1789134889455199,-1.173388957977295
1789134889465199,-2.2481260299682617
1789134889475199,-2.2534682750701904
1789134889485199,-2.257664442062378
1789134889493199,2.1931467056274414
1789134889505199,2.6872787475585938
1789134889517199,0.4684637486934662
1789134889521199,0.4678393602371216
1789134889535199,0.4649171531200409
1789134889543199,0.4636683762073517
1789134889555199,1.6103628873825073
1789134889567199,3.7193984985351562
1789134889575199,3.721623182296753
1789134889585199,4.153538703918457
1789134889595199,4.1557393074035645
1789134889605199,4.156426906585693
1789134889615199,4.159779071807861
1789134889627199,-1.459568977355957
1789134889637199,-3.565009832382202
1789134889645372,-3.5705621242523193
1789134889653372,-3.576321601867676
1789134889665372,-3.581789255142212
1789134889675372,-0.05524413287639618
1789134889687372,2.1706931591033936
1789134889697372,4.271712303161621
1789134889705372,4.274541854858398
1789134889715372,4.277378082275391
1789134889725372,4.279059410095215
1789134889735372,4.282596588134766
1789134889747372,-1.2080379724502563
1789134889757372,-3.3486053943634033
1789134889765372,-3.353911876678467
1789134889775372,-3.3605685234069824
1789134889785372,-3.3651387691497803
1789134889793372,-0.29648512601852417
1789134889807372,1.974661111831665
1789134889815372,1.9750577211380005
1789134889819372,3.0911660194396973
1789134889835372,3.0929770469665527
1789134889845372,3.092973232269287
1789134889855372,0.46306276321411133
1789134889867372,0.9930811524391174
1789134889875372,0.9924283027648926
1789134889885372,0.3255537152290344
1789134889895372,0.3245118260383606
1789134889905372,0.3260635435581207
1789134889913372,4.402279376983643
1789134889927372,5.068546295166016
1789134889937372,3.8704729080200195
1789134889943372,3.8722784519195557
1789134889951372,3.874685525894165
1789134889965372,3.8743906021118164
1789134889975372,3.8729779720306396
1789134889985372,0.9736136794090271
1789134889997372,-0.642535924911499
1789134890005372,-0.644946277141571
1789134890015372,-0.6478716135025024
1789134890025372,-0.6495431661605835
1789134890033372,2.22476863861084
1789134890047372,2.574563980102539
1789134890057372,1.4041610956192017
1789134890065372,1.403941035270691
1789134890075372,1.4022927284240723
1789134890083372,1.4014166593551636
1789134890095372,1.401086688041687
1789134890105372,4.317205429077148
1789134890117372,6.567297458648682
1789134890125372,6.5725789070129395
1789134890135372,6.578692436218262
1789134890143372,6.5839738845825195
1789134890155372,2.3625268936157227
1789134890165372,0.20523124933242798
1789134890177372,0.14003409445285797
1789134890181372,0.13923795521259308
1789134890195372,0.13670110702514648
1789134890205372,0.13569678366184235
1789134890215372,0.13774727284908295
1789134890227372,4.317585468292236
1789134890237372,4.1425557136535645
1789134890245372,4.145232677459717
1789134890255372,4.147074222564697
1789134890265372,4.1461181640625
1789134890275372,-0.4086928963661194
1789134890285372,-2.598484516143799
1789134890297372,-2.4771058559417725
1789134890305372,-2.4814815521240234
1789134890313372,-2.484051465988159
1789134890325372,-2.4856138229370117
1789134890335372,-2.491083860397339
1789134890347372,3.8891329765319824
1789134890357372,6.209067344665527
1789134890365372,6.213971138000488
1789134890375372,6.2198309898376465
1789134890381372,2.690817356109619
1789134890395372,2.692805767059326
1789134890405372,1.3466506004333496
1789134890413372,1.3463513851165771
1789134890425372,0.7974605560302734
1789134890435372,0.7957690954208374
1789134890445372,0.7944672107696533
1789134890455372,0.7933631539344788
1789134890467372,4.003617763519287
1789134890475372,4.00615930557251
1789134890479372,6.046932697296143
1789134890495372,6.055367946624756
1789134890505372,6.05734395980835
1789134890513372,1.397530198097229
1789134890527372,0.9854222536087036
1789134890537372,1.4917418956756592
1789134890543372,1.4916244745254517
1789134890555372,1.4939968585968018
1789134890565372,1.49659264087677
1789134890575372,1.4963968992233276
1789134890587372,2.3651838302612305
1789134890597372,3.9709842205047607
1789134890605372,3.973465919494629
1789134890611372,3.9753270149230957
1789134890625372,3.9745802879333496
1789134890635372,-0.21718208491802216
1789134890647372,-2.2207772731781006
1789134890657543,-2.0161635875701904
1789134890665543,-2.020062208175659
1789134890675543,-2.0236616134643555
1789134890685543,-2.024423837661743
1789134890695543,-2.029296875
1789134890707543,5.981051445007324
1789134890709543,5.982213497161865
1789134890725543,6.622877597808838
1789134890735543,6.629026412963867
1789134890743543,6.634347915649414
1789134890755543,2.1055541038513184
1789134890767543,0.8105607032775879
1789134890775543,0.8096655607223511
1789134890785543,1.9197850227355957
1789134890795543,1.9219948053359985
1789134890805543,1.9260975122451782
1789134890815543,7.5229902267456055
1789134890827543,8.051305770874023
1789134890835543,8.058112144470215
1789134890841543,5.541001796722412
1789134890855543,5.546540260314941
1789134890863543,3.1246697902679443
1789134890875543,3.126966953277588
1789134890887543,0.2613486349582672
1789134890895543,0.25982195138931274
1789134890905543,-0.8894229531288147
1789134890915543,-0.8930206298828125
1789134890925543,-0.8957298994064331
1789134890935543,-0.8991662263870239
1789134890947543,2.9187939167022705
1789134890955543,2.920118570327759
1789134890965543,5.394070148468018
1789134890973543,5.397637844085693
1789134890985543,5.398403167724609
1789134890995543,5.403351306915283
1789134891007543,-1.5225069522857666
1789134891017543,-2.644526243209839
1789134891025543,-2.6491520404815674
1789134891035543,-2.6556320190429688
1789134891043543,-1.8667610883712769
1789134891055543,0.6163818836212158
1789134891067543,1.6892609596252441
1789134891077543,3.988645076751709
1789134891085543,3.991116762161255
1789134891095543,3.995025396347046
1789134891105543,3.99660325050354
1789134891115543,3.999692678451538
1789134891127543,-0.6794360280036926
1789134891135543,-0.6819580793380737
1789134891139543,-1.8659812211990356
1789134891155543,-1.8745460510253906
1789134891165543,-1.8795703649520874
1789134891175543,-0.3505004048347473
1789134891187543,0.6740546822547913
1789134891195543,0.6730028390884399
1789134891205543,2.798975944519043
1789134891215543,2.801276206970215
1789134891225543,2.8011982440948486
1789134891235543,2.8027162551879883
1789134891247543,-1.6455916166305542
1789134891255543,-1.649122953414917
1789134891265543,-2.7173759937286377
1789134891271543,-2.720874071121216
1789134891285543,-2.728201150894165
1789134891295543,-2.734031915664673
1789134891307543,1.1221638917922974
1789134891317543,3.2947404384613037
1789134891325543,3.2965118885040283
1789134891335543,3.29958176612854
1789134891343543,3.3003060817718506
1789134891355543,3.3029632568359375
1789134891367543,-0.8353224396705627
1789134891369543,-0.835983395576477
1789134891385543,-2.0454399585723877
1789134891395543,-2.0508275032043457
1789134891403543,-2.054753541946411
1789134891415543,-2.054558753967285
1789134891427543,3.178262233734131
1789134891435543,3.1799228191375732
1789134891445543,2.7922661304473877
1789134891455543,2.793367385864258
1789134891465543,2.7921502590179443
1789134891475543,2.7937066555023193
1789134891485543,-2.6249451637268066
1789134891495543,-2.630605936050415
1789134891501543,-2.5290684700012207
1789134891515543,-2.5371851921081543
1789134891525543,-2.5406458377838135
1789134891535543,-2.5407848358154297
1789134891547543,3.769761800765991
1789134891555543,3.7720799446105957
1789134891565543,5.8553595542907715
1789134891575543,5.860567569732666
1789134891585543,5.862340927124023
1789134891593543,0.9232980012893677
1789134891607543,-0.7633377909660339
1789134891617543,-0.8286815285682678
1789134891625543,-0.8312802314758301
1789134891633543,-0.833460807800293
1789134891645543,-0.8354479670524597
1789134891655714,-0.8340988159179688
1789134891665714,3.8896219730377197
1789134891677714,3.3784847259521484
1789134891685714,3.3803720474243164
1789134891695714,3.3822336196899414
1789134891705714,3.382164478302002
1789134891715714,3.384524345397949
1789134891727714,0.07818588614463806
1789134891737714,-1.1332522630691528
1789134891743714,-1.1354502439498901
1789134891755714,-1.1394621133804321
1789134891765714,-1.1417027711868286
1789134891775714,-1.1453660726547241
1789134891785714,3.316617488861084
1789134891797714,5.37120246887207
1789134891799714,5.372206211090088
1789134891815714,5.379127502441406
1789134891825714,5.381124496459961
1789134891835714,0.6237426996231079
1789134891845714,0.696518063545227
1789134891857714,0.3105642795562744
1789134891861714,0.30986732244491577
1789134891875714,0.3098987638950348
1789134891885714,0.31116577982902527
1789134891895714,0.30942365527153015
1789134891907714,1.952937126159668
1789134891915714,1.9532983303070068
1789134891925714,3.923001766204834
1789134891931714,3.9248459339141846
1789134891943714,3.9285340309143066
1789134891955714,3.932222366333008
1789134891967714,-0.8155517578125
1789134891975714,-0.8181584477424622
1789134891985714,-1.9767792224884033
1789134891995714,-1.9820631742477417
1789134892005714,-1.9863967895507812
1789134892015714,-1.9911937713623047
1789134892027714,1.6274179220199585
1789134892037714,3.416557788848877
1789134892045714,3.4184916019439697
1789134892053714,3.4210784435272217
1789134892063714,3.4219236373901367
1789134892075714,3.4211251735687256
1789134892087714,-0.03388157859444618
1789134892095714,-0.0356350876390934
1789134892105714,-2.2227771282196045
1789134892115714,-2.2283105850219727
1789134892125714,-2.2336175441741943
1789134892133714,-0.6638776063919067
1789134892145714,0.42799288034439087
1789134892155714,0.4264489710330963
1789134892161714,2.648916244506836
1789134892175714,2.6525213718414307
1789134892185714,2.6525213718414307
1789134892195714,2.6516165733337402
1789134892207714,2.47794771194458
1789134892215714,2.4788951873779297
1789134892225714,1.1923550367355347
1789134892235714,1.190348744392395
1789134892245714,1.1890957355499268
1789134892255714,1.1902159452438354
1789134892265714,3.1035704612731934
1789134892277714,2.9261183738708496
1789134892285714,2.9275424480438232
1789134892293714,2.928581953048706
1789134892305714,2.9264140129089355
1789134892315714,2.9239487648010254
1789134892327714,0.666205108165741
1789134892335714,0.6652197241783142
1789134892343714,-0.7849617600440979
1789134892355714,-0.7886990308761597
1789134892363714,0.2814437747001648
1789134892375714,0.28274407982826233
1789134892385714,3.319765567779541
1789134892397714,0.7574564218521118
1789134892405714,0.7565727829933167
1789134892415714,0.754878580570221
1789134892425714,0.7534449696540833
1789134892435714,1.4669876098632812
1789134892447714,3.5108087062835693
1789134892457714,4.636758327484131
1789134892459714,4.637572288513184
1789134892475714,4.642592906951904
1789134892485714,4.6443681716918945
1789134892493714,1.023754358291626
1789134892507714,-0.08029115200042725
1789134892517714,2.303367853164673
1789134892525714,2.3041272163391113
1789134892535714,2.3058223724365234
1789134892543714,2.3051369190216064
1789134892555714,2.302779197692871
1789134892567714,0.05070575699210167
1789134892575714,0.04906224459409714
1789134892585714,0.7674354910850525
1789134892591714,0.7667785286903381
1789134892605714,0.7682138681411743
1789134892615714,0.7671188712120056
1789134892627714,6.198504447937012
1789134892635714,6.203420162200928
1789134892645714,8.553421020507812
1789134892655714,8.561524391174316
1789134892665884,8.565884590148926
1789134892675884,8.575150489807129
1789134892687884,0.7383182644844055
1789134892689884,0.7380791902542114
1789134892705884,-1.2527427673339844
1789134892715884,-1.2574543952941895
1789134892723884,-1.2605277299880981
1789134892735884,-1.265137791633606
1789134892747884,0.9009026288986206
1789134892755884,0.9001435041427612
1789134892765884,3.472785711288452
1789134892775884,3.4760096073150635
1789134892785884,3.477325677871704
1789134892795884,2.2303504943847656
1789134892807884,-0.28992801904678345
1789134892815884,-0.29196596145629883
1789134892821884,0.06878840178251266
1789134892835884,0.06576205790042877
1789134892845884,0.06494826823472977
1789134892855884,0.0628834143280983
1789134892867884,4.3118181228637695
1789134892875884,4.314697265625
1789134892885884,6.4112868309021
1789134892895884,6.417256832122803
1789134892905884,6.420772075653076
1789134892915884,6.427158355712891
1789134892927884,0.9545996189117432
1789134892935884,0.9538676142692566
1789134892943884,-0.031703319400548935
1789134892953884,-0.03368891030550003
1789134892965884,-0.03462635353207588
1789134892975884,-0.036853138357400894
1789134892987884,6.36354923248291
1789134892995884,6.368595600128174
1789134893005884,8.578999519348145
1789134893015884,8.586446762084961
1789134893021884,3.8699612617492676
1789134893035884,3.872084856033325
1789134893045884,1.6830719709396362
1789134893053884,1.683096170425415
1789134893065884,0.165710911154747
1789134893075884,0.16511014103889465
1789134893085884,0.16533668339252472
1789134893095884,0.16334696114063263
1789134893107884,6.194450855255127
1789134893115884,6.199293613433838
1789134893119884,8.562166213989258
1789134893135884,8.573423385620117
1789134893143884,8.580781936645508
1789134893153884,2.690190076828003
1789134893167884,0.8953152894973755
1789134893175884,0.8944681882858276
1789134893185884,0.5001497268676758
1789134893195884,0.4985487163066864
1789134893205884,0.49802708625793457
1789134893215884,0.4996296167373657
1789134893227884,4.604986667633057
1789134893235884,4.608100414276123
1789134893245884,7.2307658195495605
1789134893251884,7.234310626983643
1789134893265884,7.239058971405029
1789134893275884,7.240626335144043
1789134893287884,-0.4728490114212036
1789134893297884,-1.6196781396865845
1789134893305884,-1.6232272386550903
1789134893315884,-1.628413438796997
1789134893325884,-1.632704496383667
1789134893335884,-1.633828043937683
1789134893345884,2.5595006942749023
1789134893357884,2.843806743621826
1789134893365884,2.8450357913970947
1789134893375884,2.8458943367004395
1789134893383884,2.847123622894287
1789134893393884,-1.8395214080810547
1789134893405884,-3.23826265335083
1789134893415884,-3.244828224182129
1789134893425884,-2.531496524810791
1789134893435884,-2.5353939533233643
1789134893445884,-2.5374608039855957
1789134893455884,2.8729193210601807
1789134893467884,2.63256573677063
1789134893475884,2.633594036102295
1789134893481884,-0.6224783658981323
1789134893495884,-0.6284428238868713
1789134893505884,-0.6331484317779541
1789134893513884,-1.7873003482818604
1789134893527884,0.28447097539901733
1789134893535884,0.2830164134502411
1789134893543884,1.3862584829330444
1789134893555884,1.3887219429016113
1789134893565884,1.3914227485656738
1789134893575884,1.3910759687423706
1789134893587884,8.432281494140625
1789134893597884,9.408368110656738
1789134893605884,9.416626930236816
1789134893613884,9.422771453857422
1789134893625884,9.428067207336426
1789134893635884,2.4129202365875244
1789134893647884,0.795788586139679
1789134893657884,0.7629287242889404
1789134893666055,0.7619403004646301
1789134893676055,0.7594696283340454
1789134893686055,0.7578964233398438
1789134893696055,0.7566608786582947
1789134893708055,3.4877209663391113
1789134893714055,3.4891650676727295
1789134893726055,5.756954193115234
1789134893736055,5.761250972747803
1789134893744055,5.76558780670166
1789134893756055,0.8828215599060059
1789134893768055,-0.4543381929397583
1789134893776055,-0.4566363990306854
1789134893780055,0.23212411999702454
1789134893796055,0.23167303204536438
1789134893806055,0.23281438648700714
1789134893816055,5.038938522338867
1789134893828055,5.00209903717041
1789134893838055,1.928415060043335
1789134893846055,1.928650975227356
1789134893856055,1.9279757738113403
1789134893864055,-0.6526827812194824
1789134893876055,-0.6564571261405945
1789134893886055,0.2546607553958893
1789134893896055,0.2527327835559845
1789134893906055,1.282067894935608
1789134893912055,1.2829012870788574
1789134893926055,1.287284255027771
1789134893936055,1.2867294549942017
1789134893946055,6.113073825836182
1789134893956055,6.118952751159668
1789134893966055,5.700539588928223
1789134893976055,5.704894542694092
1789134893986055,5.706794261932373
1789134893996055,5.712108612060547
1789134894008055,-0.5625416040420532
1789134894018055,-1.7089041471481323
1789134894026055,-1.7125688791275024
1789134894036055,-1.7179160118103027
1789134894044055,-1.7215807437896729
1789134894056055,-0.24809451401233673
1789134894066055,1.0911624431610107
1789134894076055,1.0903397798538208
1789134894086055,3.2412006855010986
1789134894096055,3.244249105453491
1789134894106055,3.2467198371887207
1789134894116055,2.489169120788574
1789134894126055,0.775688886642456
1789134894138055,0.4455626904964447
1789134894142055,0.4448865056037903
1789134894156055,0.44511985778808594
1789134894166055,0.44651833176612854
1789134894176055,0.44482773542404175
1789134894188055,6.7869768142700195
1789134894196055,6.792389392852783
1789134894206055,8.871914863586426
1789134894216055,8.87983226776123
1789134894226055,8.884729385375977
1789134894236055,3.3711280822753906
1789134894248055,1.624055027961731
1789134894256055,1.6239244937896729
1789134894266055,1.2607005834579468
1789134894274055,1.2601127624511719
1789134894286055,1.2606046199798584
1789134894296055,1.259958028793335
1789134894308055,5.946988105773926
1789134894316055,5.951469898223877
1789134894326055,5.969611167907715
1789134894336055,5.9743194580078125
1789134894344055,5.978814601898193
1789134894356055,5.9855570793151855
1789134894368055,0.010910088196396828
1789134894374055,0.009497520513832569
1789134894386055,-0.8964132070541382
1789134894396055,-0.8993197679519653
1789134894406055,-0.8998917937278748
1789134894416055,-0.8980210423469543
1789134894428055,4.616443157196045
1789134894436055,4.619483470916748
1789134894440055,6.578706741333008
1789134894456055,6.585829257965088
1789134894466055,6.587779521942139
1789134894476055,1.226008415222168
1789134894488055,-0.3945743143558502
1789134894496055,-0.3968975841999054
1789134894506055,0.48149290680885315
1789134894516055,0.4805750846862793
1789134894526055,0.4808942675590515
1789134894536055,0.47916379570961
1789134894548055,5.4856109619140625
1789134894556055,5.489566326141357
1789134894566055,7.670670986175537
1789134894572055,7.6753764152526855
1789134894586055,7.679574489593506
1789134894596055,2.294095516204834
1789134894608055,1.2345064878463745
1789134894616055,1.233901023864746
1789134894626055,1.0015349388122559
1789134894636055,0.9998940229415894
1789134894646055,0.9995167851448059
1789134894656055,0.9984517097473145
1789134894668055,4.575833320617676
1789134894670225,4.576574325561523
1789134894686225,6.598147392272949
1789134894696225,6.6034746170043945
1789134894704225,6.608583927154541
1789134894716225,6.61624813079834
1789134894728225,-0.42514923214912415
1789134894736225,-0.42755675315856934
1789134894744225,-1.2348339557647705
1789134894756225,-1.2407679557800293
1789134894766225,-1.2455254793167114
1789134894776225,0.050821587443351746
1789134894788225,1.1399801969528198
1789134894796225,1.139265537261963
1789134894802225,3.5917465686798096
1789134894816225,3.596956491470337
1789134894826225,3.6000924110412598
1789134894836225,3.6024670600891113
1789134894848225,1.5624381303787231
1789134894858225,0.7104182243347168
1789134894862225,0.7098248600959778
1789134894876225,0.7072108387947083
1789134894886225,0.7064831852912903
1789134894896225,0.7049994468688965
1789134894906225,4.147258281707764
1789134894918225,4.766116619110107
1789134894926225,4.769257068634033
1789134894934225,4.771487712860107
1789134894944225,4.7754130363464355
1789134894956225,1.7443026304244995
1789134894966225,0.4468410611152649
1789134894978225,1.137015461921692
1789134894986225,1.1362766027450562
1789134894996225,1.136919379234314
1789134895006225,1.1385002136230469
1789134895016225,1.1428351402282715
1789134895028225,7.446702480316162
1789134895038225,9.222970008850098
1789134895046225,9.230840682983398
1789134895054225,9.2374849319458
1789134895066225,9.24327564239502
1789134895076225,3.722598075866699
1789134895086225,2.279914617538452
1789134895096225,2.2804601192474365
1789134895100225,2.2784061431884766
1789134895116225,2.276132106781006
1789134895126225,2.274152994155884
1789134895134225,-2.810922145843506
1789134895148225,-3.0890326499938965
1789134895156225,-3.094309091567993
1789134895166225,-2.1097497940063477
1789134895176225,-2.113468647003174
1789134895186225,-2.1140010356903076
1789134895194225,3.4410839080810547
1789134895208225,2.3364181518554688
1789134895218225,1.1528429985046387
1789134895226225,1.1521053314208984
1789134895232225,1.1515520811080933
1789134895246225,1.146832823753357
1789134895256225,1.1459107398986816
1789134895268225,1.910280466079712
1789134895276225,1.9103589057922363
1789134895286225,3.9254109859466553
1789134895296225,3.927605628967285
1789134895306225,3.927557945251465
1789134895314225,0.14120206236839294
1789134895328225,-1.2319581508636475
1789134895338225,0.6053071618080139
1789134895344225,0.6043223142623901
1789134895356225,0.604122519493103
1789134895364225,0.6050119996070862
1789134895376225,0.6030423641204834
1789134895388225,6.410707473754883
1789134895398225,8.863197326660156
1789134895406225,8.870688438415527
1789134895416225,8.878399848937988
1789134895426225,8.882997512817383
1789134895434225,3.240220546722412
1789134895448225,1.6471586227416992
1789134895456225,1.6469242572784424
1789134895462225,0.7272505164146423
1789134895476225,0.723926305770874
1789134895486225,0.7223412990570068
1789134895496225,0.7208232879638672
1789134895508225,3.8227570056915283
1789134895516225,3.824852466583252
1789134895526225,6.234013080596924
1789134895536225,6.238735198974609
1789134895544225,6.243393898010254
1789134895556225,2.446431875228882
1789134895568225,0.5954650044441223
1789134895576225,0.5940959453582764
1789134895586225,0.6100848913192749
1789134895594225,0.6101782321929932
1789134895606225,0.6120842695236206
1789134895616225,0.6103965044021606
1789134895628225,6.952075481414795
1789134895636225,6.957489967346191
1789134895646225,7.882928371429443
1789134895656225,7.890162467956543
1789134895666225,7.89470911026001
1789134895676394,7.902700424194336
1789134895688394,1.9072338342666626
1789134895694394,1.9072259664535522
1789134895706394,0.5859509706497192
1789134895716394,0.5837032794952393
1789134895726394,0.5832268595695496
1789134895736394,0.5814549922943115
1789134895748394,4.8828043937683105
1789134895756394,4.885974407196045
1789134895760394,5.486306190490723
1789134895776394,5.492072105407715
1789134895786394,5.493134021759033
1789134895796394,1.1498011350631714
1789134895808394,-0.2624063193798065
1789134895816394,-0.26473769545555115
1789134895826394,1.2386620044708252
1789134895836394,1.2389130592346191
1789134895846394,1.2407498359680176
1789134895856394,1.239841341972351
1789134895868394,6.8238115310668945
1789134895876394,6.829037189483643
1789134895886394,9.271702766418457
1789134895892394,9.277568817138672
1789134895906394,9.284416198730469
1789134895916394,9.29419231414795
1789134895928394,1.1982488632202148
1789134895936394,1.197426199913025
1789134895944394,-0.11587373167276382
1789134895956394,-0.12026482820510864
1789134895966394,-0.12410524487495422
1789134895976394,-0.12688171863555908
1789134895988394,1.7588032484054565
1789134895990394,1.758751630783081
1789134896006394,3.910508632659912
1789134896016394,3.912259817123413
1789134896024394,3.91434383392334
1789134896036394,3.9174697399139404
1789134896048394,-2.9994757175445557
1789134896054394,-3.0034475326538086
1789134896066394,-3.8197131156921387
1789134896076394,-3.827857732772827
1789134896086394,-3.835577964782715
1789134896096394,-1.0948930978775024
1789134896108394,0.3596349358558655
1789134896116394,0.3579643666744232
1789134896122394,2.919666290283203
1789134896136394,2.92334246635437
1789134896144394,2.924403429031372
1789134896156394,2.8705782890319824
1789134896168394,0.6063487529754639
1789134896176394,0.6049343347549438
1789134896186394,-0.26714763045310974
1789134896196394,-0.2701669931411743
1789134896206394,-0.27197030186653137
1789134896216394,-0.274897038936615
1789134896228394,3.9558184146881104
1789134896236394,3.9579896926879883
1789134896246394,6.241257190704346
1789134896254394,6.244494438171387
1789134896266394,6.24595308303833
1789134896276394,0.9723491072654724
1789134896286394,0.5380024909973145
1789134896298394,1.1926385164260864
1789134896306394,1.1918516159057617
1789134896316394,1.1937901973724365
1789134896324394,5.941119194030762
1789134896336394,5.947531700134277
1789134896348394,6.513204574584961
1789134896354394,6.516858100891113
1789134896366394,4.613884449005127
1789134896376394,4.616695404052734
1789134896386394,4.617652416229248
1789134896396394,4.621198654174805
1789134896408394,-1.1380587816238403
1789134896416394,-1.14136803150177
1789134896420394,-1.776440143585205
1789134896436394,-1.7859745025634766
1789134896446394,-1.7915866374969482
1789134896456394,-0.5339652299880981
1789134896468394,0.26413479447364807
1789134896476394,0.2623516917228699
1789134896486394,2.604804515838623
1789134896496394,2.6066625118255615
1789134896506394,2.6081809997558594
1789134896516394,2.609074831008911
1789134896528394,0.04910265654325485
1789134896538394,-0.7357240319252014
1789134896544394,-0.7378620505332947
1789134896552394,-0.7408115267753601
1789134896566394,-0.7432283163070679
1789134896576394,-0.746791660785675
1789134896588394,4.404911041259766
1789134896596394,4.407557487487793
1789134896606394,6.68965482711792
1789134896616394,6.694538593292236
1789134896626394,6.697456359863281
1789134896636394,6.697926998138428
1789134896648394,-0.6893706917762756
1789134896650394,-0.6900737881660461
1789134896666394,-1.769066333770752
1789134896676394,-1.7744581699371338
1789134896684566,-1.778412938117981
1789134896696566,-1.7843449115753174
1789134896708566,1.037652611732483
1789134896716566,1.0367133617401123
1789134896726566,2.9125707149505615
1789134896736566,2.9153194427490234
1789134896744566,2.916379690170288
1789134896756566,2.947030544281006
1789134896768566,0.6536910533905029
1789134896776566,0.6523352861404419
1789134896782566,-0.12132237106561661
1789134896796566,-0.12546786665916443
1789134896806566,-0.1274365335702896
1789134896816566,-0.13016077876091003
1789134896828566,3.951625108718872
1789134896836566,3.9538023471832275
1789134896846566,5.927408218383789
1789134896856566,5.931398391723633
1789134896866566,5.932295799255371
1789134896876566,0.5212677717208862
1789134896888566,-0.9974154829978943
1789134896898566,-0.682992696762085
1789134896906566,-0.6857659220695496
1789134896914566,-0.6877223253250122
1789134896926566,-0.6885131001472473
1789134896936566,-0.691979706287384
1789134896948566,5.328988552093506
1789134896956566,5.332638263702393
1789134896966566,7.789883613586426
1789134896976566,7.796008586883545
1789134896984566,2.579592227935791
1789134896996566,2.580634355545044
1789134897008566,0.15075010061264038
1789134897014566,0.1493271440267563
1789134897026566,-0.5035552382469177
1789134897036566,-0.5053952932357788
1789134897046566,-0.5055960416793823
1789134897056566,4.389923095703125
1789134897068566,4.422880172729492
1789134897076566,4.4255452156066895
1789134897080566,1.385344386100769
1789134897096566,1.382562279701233
1789134897106566,1.380893349647522
1789134897116566,1.4888585805892944
1789134897128566,3.6513307094573975
1789134897136566,3.6531760692596436
1789134897144566,4.6573357582092285
1789134897156566,4.659820556640625
1789134897166566,4.6603803634643555
1789134897176566,4.664021968841553
1789134897188566,-1.1748403310775757
1789134897196566,-1.1781582832336426
1789134897206566,-3.3437349796295166
1789134897212566,-3.3479502201080322
1789134897226566,-3.3557069301605225
1789134897236566,0.03386621177196503
1789134897248566,3.321558952331543
1789134897256566,3.3230671882629395
1789134897266566,4.458442211151123
1789134897276566,4.460526466369629
1789134897286566,4.460876941680908
1789134897296566,4.464271545410156
1789134897308566,-1.7596975564956665
1789134897310566,-1.760679006576538
1789134897326566,-4.0133185386657715
1789134897336566,-4.021435260772705
1789134897344566,-4.027750492095947
1789134897356566,-1.2793656587600708
1789134897368566,1.7420756816864014
1789134897376566,1.741927146911621
1789134897386566,2.5910863876342773
1789134897396566,2.592818260192871
1789134897406566,2.594057321548462
1789134897416566,0.8673425316810608
1789134897428566,0.014070473611354828
1789134897436566,0.01207705494016409
1789134897442566,2.1189846992492676
1789134897456566,2.120110511779785
1789134897466566,2.1204116344451904
1789134897476566,2.1207289695739746
1789134897488566,-0.019205495715141296
1789134897496566,-0.02123406156897545
1789134897506566,-0.4349004626274109
1789134897516566,-0.43854209780693054
1789134897526566,-0.4413100481033325
1789134897536566,-0.4443933069705963
1789134897548566,3.490139961242676
1789134897556566,3.491870880126953
1789134897566566,3.767498731613159
1789134897574566,3.7688846588134766
1789134897586566,3.768569231033325
1789134897596566,0.06211943179368973
1789134897606566,-1.098949670791626
1789134897616566,-1.1029061079025269
1789134897626566,-0.14157459139823914
1789134897636566,-0.1424613744020462
1789134897644566,3.133167028427124
1789134897656566,3.1352035999298096
1789134897668566,3.450169801712036
1789134897674566,3.4514379501342773
1789134897686735,1.7020022869110107
1789134897696735,1.7010300159454346
1789134897706735,1.7001049518585205
1789134897716735,1.699886679649353
1789134897728735,3.5119779109954834
1789134897736735,3.5137360095977783
1789134897740735,4.561146259307861
1789134897756735,4.565378665924072
1789134897766735,4.567015171051025
1789134897776735,0.6600493788719177
1789134897788735,-0.30096787214279175
1789134897796735,-0.30328571796417236
1789134897806735,0.3987908363342285
1789134897816735,0.3979807496070862
1789134897826735,0.4000098705291748
1789134897836735,5.190182209014893
1789134897848735,4.557660102844238
1789134897856735,4.560520648956299
1789134897862735,3.36014461517334
1789134897872735,3.3621177673339844
1789134897886735,3.3592512607574463
1789134897896735,3.361224412918091
1789134897908735,-3.234365940093994
1789134897916735,-3.239821672439575
1789134897926735,-5.370611667633057
1789134897936735,-5.380614757537842
1789134897944735,-5.388332843780518
1789134897956735,-3.301781177520752
1789134897968735,-0.8108853101730347
1789134897970735,-0.8115893602371216
1789134897986735,0.23579563200473785
1789134897996735,0.23622947931289673
1789134898004735,0.23453360795974731
1789134898016735,0.231989786028862
1789134898028735,7.990015506744385
1789134898036735,7.99659538269043
1789134898046735,10.34554386138916
1789134898054735,10.354031562805176
1789134898066735,10.363607406616211
1789134898076735,6.186868667602539
1789134898088735,4.5677971839904785
1789134898096735,4.570672988891602
1789134898102735,4.168975830078125
1789134898116735,4.170882701873779
1789134898126735,4.171149730682373
1789134898136735,4.174206256866455
1789134898148735,-1.4536491632461548
1789134898156735,-1.4572076797485352
1789134898166735,-3.4102396965026855
1789134898176735,-3.4178333282470703
1789134898186735,-3.423828125
1789134898194735,-1.6073919534683228
1789134898208735,1.0397412776947021
1789134898216735,1.0388777256011963
1789134898226735,2.2426633834838867
1789134898234735,2.24532413482666
1789134898246735,2.2489871978759766
1789134898256735,2.249512195587158
1789134898268735,1.1527913808822632
1789134898276735,1.1520411968231201
1789134898286735,-0.26656293869018555
1789134898296735,-0.26952794194221497
1789134898306735,-0.2705463469028473
1789134898316735,-0.2733719050884247
1789134898328735,4.524359226226807
1789134898334735,4.526504039764404
1789134898344735,5.727284908294678
1789134898356735,5.731566905975342
1789134898366735,5.733534812927246
1789134898376735,5.738703727722168
1789134898388735,-0.6412955522537231
1789134898396735,-0.6439708471298218
1789134898400735,-2.52563738822937
1789134898416735,-2.536259174346924
1789134898426735,-2.541722297668457
1789134898436735,-1.0547611713409424
1789134898448735,1.779555082321167
1789134898456735,1.7794934511184692
1789134898466735,2.734125852584839
1789134898476735,2.736816883087158
1789134898486735,2.7390172481536865
1789134898496735,2.7402117252349854
1789134898508735,0.5586758852005005
1789134898516735,0.5573034286499023
1789134898526735,-1.2997864484786987
1789134898532735,-1.3022980690002441
1789134898544735,-1.3073211908340454
1789134898556735,-1.3123445510864258
1789134898568735,3.7059872150421143
1789134898576735,3.707993745803833
1789134898586735,4.867483615875244
1789134898596735,4.870193958282471
1789134898606735,4.871199607849121
1789134898616735,4.875248432159424
1789134898628735,-1.1394731998443604
1789134898630735,-1.140268325805664
1789134898646735,-3.413571834564209
1789134898656735,-3.42111873626709
1789134898664735,-3.4267115592956543
1789134898676735,-3.435101270675659
1789134898688735,0.14085827767848969
1789134898696903,0.13908754289150238
1789134898706903,1.3539403676986694
1789134898716903,1.3550289869308472
1789134898726903,1.3578883409500122
1789134898736903,6.4155659675598145
1789134898748903,6.418782711029053
1789134898756903,6.4236955642700195
1789134898762903,3.4375247955322266
1789134898776903,3.438922882080078
1789134898786903,3.43745493888855
1789134898796903,-1.028032660484314
1789134898808903,-2.607450246810913
1789134898816903,-2.6121654510498047
1789134898826903,-1.5221480131149292
1789134898836903,-1.5250879526138306
1789134898846903,-1.5263469219207764
1789134898856903,-1.530781626701355
1789134898868903,4.242228031158447
1789134898876903,4.244838714599609
1789134898886903,6.185644149780273
1789134898894903,6.188840389251709
1789134898906903,6.190290927886963
1789134898916903,0.8711944222450256
1789134898928903,-1.17420494556427
1789134898936903,-1.1773853302001953
1789134898944903,-0.9638072848320007
1789134898956903,-0.9674527049064636
1789134898966903,-0.9690371751785278
1789134898976903,-0.9727237820625305
1789134898988903,3.7294790744781494
1789134898994903,3.7310311794281006
1789134899006903,5.833154678344727
1789134899016903,5.836757183074951
1789134899026903,5.837316989898682
1789134899036903,0.10028126090765
1789134899046903,0.11694350838661194
1789134899058903,-0.039021722972393036
1789134899060903,-0.039511363953351974
1789134899076903,-0.04041707515716553
1789134899086903,-0.04005678370594978
1789134899096903,4.924923896789551
1789134899108903,4.9323225021362305
1789134899116903,4.935662269592285
1789134899126903,1.9820094108581543
1789134899136903,1.9812978506088257
1789134899144903,1.9814869165420532
1789134899156903,1.9817705154418945
1789134899168903,-3.3903074264526367
1789134899176903,-3.3958475589752197
1789134899186903,-3.70412540435791
1789134899192903,-3.7085211277008057
1789134899206903,-3.7188477516174316
1789134899216903,-3.7261741161346436
1789134899228903,0.30877676606178284
1789134899236903,0.30722689628601074
1789134899246903,2.30067777633667
1789134899256903,2.3030991554260254
1789134899266903,2.3054423332214355
1789134899276903,2.306161880493164
1789134899288903,0.544188916683197
1789134899290903,0.5438628792762756
1789134899306903,-0.342749685049057
1789134899316903,-0.34567487239837646
1789134899324903,-0.3479200005531311
1789134899336903,-0.35128772258758545
1789134899346903,3.815157413482666
1789134899356903,3.81790828704834
1789134899366903,4.368982791900635
1789134899376903,4.371514797210693
1789134899386903,4.371416091918945
1789134899396903,4.374897480010986
1789134899406903,-2.5738508701324463
1789134899418903,-3.3096277713775635
1789134899422903,-3.3123269081115723
1789134899436903,-3.3185622692108154
1789134899446903,-3.3217382431030273
1789134899456903,-3.3284857273101807
1789134899466903,3.1337060928344727
1789134899478903,3.8301100730895996
1789134899486903,3.832343339920044
1789134899496903,3.834185838699341
1789134899506903,3.8331925868988037
1789134899516903,-0.5982666611671448
1789134899528903,-1.5526436567306519
1789134899536903,-1.5561498403549194
1789134899544903,0.11659872531890869
1789134899554903,0.11618123203516006
1789134899566903,0.11751268804073334
1789134899576903,0.11536260694265366
1789134899588903,6.179390907287598
1789134899596903,6.184140205383301
1789134899606903,8.070282936096191
1789134899616903,8.076984405517578
1789134899626903,8.080595016479492
1789134899636903,8.082962036132812
1789134899646903,0.9410451054573059
1789134899654903,0.9401803612709045
1789134899666903,0.5685634613037109
1789134899676903,0.5674183964729309
1789134899686903,0.5690510869026184
1789134899697072,0.567477285861969
1789134899709072,6.664821624755859
1789134899717072,6.670066833496094
1789134899721072,8.704399108886719
1789134899737072,8.71550464630127
1789134899745072,8.722915649414062
1789134899755072,2.860018491744995
1789134899767072,1.3207443952560425
1789134899779072,1.3119412660598755
1789134899787072,1.3114405870437622
1789134899797072,1.312255620956421
1789134899807072,1.3147996664047241
1789134899817072,1.3194891214370728
1789134899829072,7.454428672790527
1789134899837072,7.460470676422119
1789134899847072,7.960675239562988
1789134899853072,7.965600967407227
1789134899867072,7.9693098068237305
1789134899877072,1.9203217029571533
1789134899887072,0.5432711243629456
1789134899899072,0.15315645933151245
1789134899907072,0.15138530731201172
1789134899917072,0.15002310276031494
1789134899927072,0.1500871479511261
1789134899937072,0.15238308906555176
1789134899947072,5.651423454284668
1789134899959072,6.0900959968566895
1789134899967072,6.09465217590332
1789134899977072,6.099375247955322
1789134899985072,6.100891590118408
1789134899997072,6.107726573944092
1789134900009072,-1.1981784105300903
1789134900017072,-1.2014199495315552
1789134900027072,-2.0788261890411377
1789134900037072,-2.08479905128479
1789134900047072,-2.089695692062378
1789134900057072,1.259628176689148
1789134900069072,2.724947452545166
1789134900077072,2.725914239883423
1789134900083072,5.649458885192871
1789134900097072,5.655190467834473
1789134900107072,5.656982421875
1789134900117072,1.9962916374206543
1789134900129072,0.8141448497772217
1789134900137072,0.8130590319633484
1789134900145072,0.3703441023826599
1789134900157072,0.37020763754844666
1789134900167072,0.37153810262680054
1789134900177072,0.36959248781204224
1789134900189072,6.789669990539551
1789134900197072,6.79495906829834
1789134900207072,8.67177677154541
1789134900215072,8.677326202392578
1789134900227072,8.682316780090332
1789134900235072,2.9933645725250244
1789134900247072,1.103010892868042
1789134900257072,1.1020021438598633
1789134900267072,0.6083249449729919
1789134900277072,0.6077870726585388
1789134900287072,0.6087751984596252
1789134900297072,0.6071104407310486
1789134900309072,6.354678153991699
1789134900315072,6.358277797698975
1789134900327072,9.578479766845703
1789134900337072,9.587719917297363
1789134900345072,9.595940589904785
1789134900357072,4.065725803375244
1789134900369072,2.9740099906921387
1789134900377072,2.975155830383301
1789134900381072,2.7801363468170166
1789134900397072,2.7790775299072266
1789134900407072,2.77718448638916
1789134900417072,-2.2970895767211914
1789134900429072,-3.182143449783325
1789134900437072,-3.187553644180298
1789134900447072,-0.6760157942771912
1789134900457072,-0.6789213418960571
1789134900467072,-0.6795834302902222
1789134900477072,3.0022597312927246
1789134900489072,2.9976775646209717
1789134900497072,2.998870849609375
1789134900507072,1.7773427963256836
1789134900513072,1.7772608995437622
1789134900527072,1.7739670276641846
1789134900537072,1.7738302946090698
1789134900549072,2.0319902896881104
1789134900557072,2.032156467437744
1789134900567072,1.4042036533355713
1789134900577072,1.4027099609375
1789134900587072,1.4012062549591064
1789134900597072,1.7058781385421753
1789134900609072,3.0681774616241455
1789134900611072,3.0684964656829834
1789134900627072,2.6721668243408203
1789134900637072,2.6720478534698486
1789134900645072,2.672898769378662
1789134900657072,2.6741750240325928
1789134900669072,-2.964033842086792
1789134900677072,-2.9691970348358154
1789134900687072,-4.267115116119385
1789134900697243,-4.274312973022461
1789134900707243,-4.2796854972839355
1789134900717243,-0.38530606031417847
1789134900729243,2.6304616928100586
1789134900737243,2.6313021183013916
1789134900743243,3.6191627979278564
1789134900757243,3.6203854084014893
1789134900767243,3.6197946071624756
1789134900777243,3.6221601963043213
1789134900789243,-1.8179439306259155
1789134900797243,-1.8218555450439453
1789134900807243,-4.307179927825928
1789134900817243,-4.315615177154541
1789134900827243,-4.322753429412842
1789134900837243,-2.2916347980499268
1789134900849243,0.4525912404060364
1789134900857243,0.45114266872406006
1789134900863243,1.5318325757980347
1789134900875243,1.5353084802627563
1789134900887243,1.5392069816589355
1789134900897243,1.5388374328613281
1789134900909243,4.797234058380127
1789134900919243,3.856842041015625
1789134900927243,3.8590145111083984
1789134900937243,3.8610780239105225
1789134900945243,3.860705614089966
1789134900957243,3.863964319229126
1789134900967243,-2.561112642288208
1789134900979243,-3.6420748233795166
1789134900987243,-3.6478946208953857
1789134900997243,-3.6545302867889404
1789134901007243,-3.6603217124938965
1789134901017243,-3.6632654666900635
1789134901029243,1.6209787130355835
1789134901037243,1.6208034753799438
1789134901041243,2.9987802505493164
1789134901055243,3.0012238025665283
1789134901067243,3.0013792514801025
1789134901077243,0.5607538223266602
1789134901089243,-0.6297928094863892
1789134901099243,0.05155298486351967
1789134901107243,0.04970570281147957
1789134901117243,0.048832863569259644
1789134901127243,0.04953864961862564
1789134901137243,0.047229476273059845
1789134901149243,5.813384532928467
1789134901157243,5.817687511444092
1789134901167243,6.328578948974609
1789134901173243,6.332210063934326
1789134901187243,6.334853649139404
1789134901197243,2.75484299659729
1789134901209243,0.12083657085895538
1789134901217243,0.11904606968164444
1789134901227243,-1.2893716096878052
1789134901237243,-1.293473720550537
1789134901247243,-1.2964415550231934
1789134901257243,-1.3005518913269043
1789134901269243,3.228346824645996
1789134901271243,3.2287333011627197
1789134901287243,5.705091953277588
1789134901297243,5.709405899047852
1789134901305243,5.710264682769775
1789134901317243,0.37074822187423706
1789134901329243,-0.279132604598999
1789134901339243,0.07876773178577423
1789134901345243,0.07739927619695663
1789134901357243,0.0760745033621788
1789134901367243,0.07631625980138779
1789134901377243,4.525036811828613
1789134901387243,4.5466461181640625
1789134901399243,1.6096274852752686
1789134901403243,1.6095285415649414
1789134901417243,1.6077814102172852
1789134901427243,1.6064701080322266
1789134901437243,2.463956832885742
1789134901447243,2.692258358001709
1789134901459243,1.3751827478408813
1789134901467243,1.3747347593307495
1789134901477243,1.372864842414856
1789134901487243,1.3706191778182983
1789134901497243,1.3700594902038574
1789134901509243,2.7653870582580566
1789134901517243,2.7664272785186768
1789134901527243,3.957737445831299
1789134901535243,3.959385395050049
1789134901545243,3.9622700214385986
1789134901557243,0.36459478735923767
1789134901569243,-1.282859206199646
1789134901577243,-1.2861438989639282
1789134901587243,-0.6224746704101562
1789134901597243,-0.6240363717079163
1789134901607243,-0.6238865256309509
1789134901617243,-0.6271032691001892
1789134901629243,6.269758224487305
1789134901635243,6.273346900939941
1789134901647243,8.23501205444336
1789134901657243,8.241745948791504
1789134901667243,8.245311737060547
1789134901677243,2.360504150390625
1789134901689243,0.5228201150894165
1789134901697243,0.521445095539093
1789134901701411,-0.286297470331192
1789134901717411,-0.29123085737228394
1789134901727411,-0.29318374395370483
1789134901737411,2.648498058319092
1789134901749411,2.782721996307373
1789134901757411,2.783766984939575
1789134901767411,0.26230543851852417
1789134901777411,0.25938013195991516
1789134901787411,0.25667110085487366
1789134901797411,0.7330185770988464
1789134901809411,2.8164398670196533
1789134901819411,4.127124786376953
1789134901827411,4.129611968994141
1789134901833411,4.130841255187988
1789134901847411,4.131564140319824
1789134901857411,4.130040645599365
1789134901867411,-1.3472651243209839
1789134901879411,-2.6535329818725586
1789134901887411,-2.6582753658294678
1789134901897411,-2.663210153579712
1789134901907411,-2.664808511734009
1789134901915411,2.262035608291626
1789134901929411,1.4780890941619873
1789134901939411,0.27755242586135864
1789134901945411,0.2763517200946808
1789134901957411,0.27423593401908875
1789134901965411,0.2726351022720337
1789134901977411,0.27430295944213867
1789134901989411,4.414694309234619
1789134901997411,4.417511463165283
1789134902007411,6.584961891174316
1789134902017411,6.590041637420654
1789134902027411,6.592097282409668
1789134902035411,1.2988450527191162
1789134902049411,-0.042089760303497314
1789134902055411,-0.04355625808238983
1789134902063411,0.6237505078315735
1789134902077411,0.6239205598831177
1789134902087411,0.6254631876945496
1789134902097411,0.6239103078842163
1789134902109411,6.787686824798584
1789134902117411,6.7930192947387695
1789134902127411,7.293210506439209
1789134902137411,7.299691200256348
1789134902145411,7.305549144744873
1789134902157411,2.9449241161346436
1789134902169411,1.768628478050232
1789134902177411,1.7685742378234863
1789134902187411,0.09763214737176895
1789134902195411,0.09512532502412796
1789134902207411,0.09233903139829636
1789134902217411,0.090046226978302
1789134902229411,3.452317953109741
1789134902237411,3.4540722370147705
1789134902247411,5.683282852172852
1789134902257411,5.687258243560791
1789134902265411,1.782188892364502
1789134902277411,1.7821272611618042
1789134902287411,-0.2332012951374054
1789134902299411,-0.09379599988460541
1789134902307411,-0.09583167731761932
1789134902317411,-0.09664446860551834
1789134902327411,-0.09657275676727295
1789134902337411,-0.09911756962537766
1789134902347411,6.484716892242432
1789134902357411,6.4909515380859375
1789134902361411,7.288712024688721
1789134902377411,7.298765182495117
1789134902387411,7.303147315979004
1789134902397411,2.4554691314697266
1789134902407411,1.1711046695709229
1789134902417411,1.1702181100845337
1789134902427411,0.16671139001846313
1789134902437411,0.16627170145511627
1789134902447411,0.16761724650859833
1789134902457411,0.16539573669433594
1789134902469411,6.839974880218506
1789134902477411,6.845317840576172
1789134902487411,9.13750171661377
1789134902493411,9.142078399658203
1789134902507411,9.148018836975098
1789134902515411,3.632840633392334
1789134902529411,2.398617744445801
1789134902537411,2.39918851852417
1789134902545411,1.8386467695236206
1789134902557411,1.836188554763794
1789134902567411,1.8340201377868652
1789134902577411,1.8339860439300537
1789134902589411,-0.3396487832069397
1789134902591411,-0.34023505449295044
1789134902607411,-0.27557095885276794
1789134902617411,-0.2783218026161194
1789134902625411,-0.28059327602386475
1789134902637411,3.12288761138916
1789134902647411,2.802297353744507
1789134902657411,2.80356764793396
1789134902667411,1.5754063129425049
1789134902677411,1.5732687711715698
1789134902687411,1.5705387592315674
1789134902697411,1.4229254722595215
1789134902709411,2.5926897525787354
1789134902717579,2.5934877395629883
1789134902723579,4.098606109619141
1789134902737579,4.101775646209717
1789134902745579,4.104176998138428
1789134902757579,0.16103722155094147
1789134902769579,-0.93449467420578
1789134902777579,-0.9374651908874512
1789134902787579,0.030008720234036446
1789134902797579,0.02883179299533367
1789134902807579,0.028949756175279617
1789134902817579,0.02653001993894577
1789134902829579,5.716925621032715
1789134902837579,5.721057415008545
1789134902847579,8.086679458618164
1789134902855579,8.092216491699219
1789134902867579,8.096158027648926
1789134902877579,2.358020782470703
1789134902889579,0.4412209689617157
1789134902897579,0.4396979808807373
1789134902907579,0.18782834708690643
1789134902917579,0.18554948270320892
1789134902925579,1.2091050148010254
1789134902937579,1.2080609798431396
1789134902947579,4.526427745819092
1789134902959579,5.062175273895264
1789134902967579,5.065585136413574
1789134902977579,5.068875789642334
1789134902987579,5.07041597366333
1789134902995579,0.6446912884712219
1789134903007579,-0.11874739080667496
1789134903017579,-0.12140077352523804
1789134903021579,0.12364122271537781
1789134903037579,0.12406668066978455
1789134903047579,0.12564076483249664
1789134903057579,6.116876125335693
1789134903069579,5.875048637390137
1789134903077579,5.879312992095947
1789134903087579,2.6910505294799805
1789134903097579,2.6911985874176025
1789134903107579,2.6901795864105225
1789134903117579,2.6912572383880615
1789134903129579,-2.362400770187378
1789134903137579,-2.366928815841675
1789134903145579,-3.0709309577941895
1789134903153579,-3.076204538345337
1789134903167579,-3.0841968059539795
1789134903177579,-3.0907886028289795
1789134903189579,0.5281351208686829
1789134903197579,0.5267282128334045
1789134903207579,2.7562503814697266
1789134903217579,2.7585971355438232
1789134903227579,2.7608351707458496
1789134903237579,2.7622692584991455
1789134903249579,1.0125995874404907
1789134903251579,1.0123751163482666
1789134903267579,-0.01717408373951912
1789134903277579,-0.01947713829576969
1789134903285579,-0.021468564867973328
1789134903297579,-0.024455634877085686
1789134903309579,4.961959362030029
1789134903317579,4.9652886390686035
1789134903327579,7.147225379943848
1789134903337579,7.152812957763672
1789134903345579,7.155073642730713
1789134903357579,1.7251821756362915
1789134903369579,0.4329087734222412
1789134903377579,0.43138378858566284
1789134903383579,0.31601962447166443
1789134903397579,0.31622764468193054
1789134903407579,0.3178202211856842
1789134903417579,0.3157617747783661
1789134903429579,6.388298034667969
1789134903437579,6.393129825592041
1789134903447579,6.758660793304443
1789134903457579,6.764212131500244
1789134903467579,6.766611576080322
1789134903477579,2.5613038539886475
1789134903489579,1.477695345878601
1789134903497579,1.477264642715454
1789134903507579,1.2157695293426514
1789134903515579,1.2150098085403442
1789134903527579,1.2159020900726318
1789134903537579,1.2150163650512695
1789134903549579,6.594786167144775
1789134903557579,6.599813938140869
1789134903567579,7.04715633392334
1789134903577579,7.052927017211914
1789134903585579,3.094609498977661
1789134903597579,3.096517324447632
1789134903609579,1.1701276302337646
1789134903615579,1.1695393323898315
1789134903627579,0.6598692536354065
1789134903637579,0.659961462020874
1789134903647579,0.6619025468826294
1789134903657579,0.6602450609207153
1789134903669579,7.195825576782227
1789134903677579,7.201471328735352
1789134903681579,9.18959903717041
1789134903697579,9.201605796813965
1789134903707579,9.20634651184082
1789134903717748,3.3305282592773438
1789134903729748,2.3482868671417236
1789134903737748,2.348726272583008
1789134903745748,2.4344136714935303
1789134903757748,2.4338748455047607
1789134903767748,2.4324045181274414
1789134903777748,2.429407835006714
1789134903787748,-1.3521440029144287
1789134903799748,-1.0458728075027466
1789134903807748,-1.049039363861084
1789134903813748,-1.0514142513275146
1789134903827748,-1.0511232614517212
1789134903835748,3.7741591930389404
1789134903847748,3.089501142501831
1789134903857748,3.0910606384277344
1789134903863748,1.8559876680374146
1789134903877748,1.8536043167114258
1789134903887748,1.8519891500473022
1789134903897748,1.8519021272659302
1789134903909748,3.352809429168701
1789134903919748,4.541226387023926
1789134903927748,4.544022083282471
1789134903937748,4.546915531158447
1789134903945748,4.549710750579834
1789134903957748,-0.24969932436943054
1789134903969748,-0.7100322842597961
1789134903977748,-0.7128437757492065
1789134903987748,-0.31314411759376526
1789134903997748,-0.3150181472301483
1789134904007748,-0.315127432346344
1789134904015748,4.540501117706299
1789134904027748,4.556817531585693
1789134904037748,4.560329914093018
1789134904043748,1.4856672286987305
1789134904055748,1.483323574066162
1789134904067748,1.4811278581619263
1789134904077748,1.6013237237930298
1789134904089748,3.884384870529175
1789134904097748,3.886479377746582
1789134904107748,4.73837947845459
1789134904117748,4.740768909454346
1789134904127748,4.741342067718506
1789134904137748,4.739819526672363
1789134904147748,-1.0994142293930054
1789134904157748,-1.1034516096115112
1789134904167748,-2.351970672607422
1789134904175748,-2.356457471847534
1789134904187748,-2.3602821826934814
1789134904197748,-2.365976572036743
1789134904209748,3.2171921730041504
1789134904217748,3.218597888946533
1789134904227748,4.290354251861572
1789134904237748,4.291835308074951
1789134904247748,4.291423797607422
1789134904257748,4.294605255126953
1789134904269748,-2.3697879314422607
1789134904275748,-2.3732120990753174
1789134904287748,-4.317099094390869
1789134904297748,-4.3255462646484375
1789134904307748,-4.332780838012695
1789134904317748,-2.24881649017334
1789134904329748,0.7119261026382446
1789134904337748,0.7106919884681702
1789134904341748,1.5646421909332275
1789134904357748,1.5686919689178467
1789134904367748,1.5725467205047607
1789134904377748,6.091591835021973
1789134904389748,5.342954635620117
1789134904397748,5.346644878387451
1789134904407748,2.3199827671051025
1789134904417748,2.3197221755981445
1789134904427748,2.3175957202911377
1789134904437748,2.318171501159668
1789134904449748,-3.0977845191955566
1789134904457748,-3.103100061416626
1789134904467748,-4.038151741027832
1789134904473748,-4.042880535125732
1789134904487748,-4.0545220375061035
1789134904497748,-4.062402725219727
1789134904509748,-0.30187416076660156
1789134904517748,-0.3041597008705139
1789134904527748,1.3380460739135742
1789134904537748,1.3391222953796387
1789134904545748,1.3385893106460571
1789134904555748,6.716731071472168
1789134904567748,5.106536865234375
1789134904579748,3.887939453125
1789134904587748,3.8901126384735107
1789134904597748,3.8911056518554688
1789134904605748,3.8932788372039795
1789134904617748,3.896538496017456
1789134904629748,-1.899354100227356
1789134904637748,-1.9033650159835815
1789134904647748,-4.083620548248291
1789134904657748,-4.091735363006592
1789134904667748,-4.0994343757629395
1789134904677748,-3.1017348766326904
1789134904689748,-0.7122533917427063
1789134904697748,-0.7149533033370972
1789134904703748,0.7071412801742554
1789134904717915,0.7092691659927368
1789134904727915,0.7123905420303345
1789134904737915,0.7109129428863525
1789134904749915,8.414167404174805
1789134904757915,8.421199798583984
1789134904767915,10.5137300491333
1789134904777915,10.523314476013184
1789134904787915,10.529608726501465
1789134904797915,4.342134952545166
1789134904809915,2.708336114883423
1789134904817915,2.709235429763794
1789134904827915,2.0519611835479736
1789134904835915,2.0508766174316406
1789134904847915,2.0475289821624756
1789134904857915,2.047776222229004
1789134904869915,-2.97332763671875
1789134904877915,-2.9784812927246094
1789134904887915,-3.420788526535034
1789134904897915,-3.4281728267669678
1789134904905915,-2.48818039894104
1789134904917915,-2.4950952529907227
1789134904929915,0.9829262495040894
1789134904935915,0.9822558760643005
1789134904945915,2.2048683166503906
1789134904957915,2.207946538925171
1789134904967915,2.211137056350708
1789134904977915,2.2121763229370117
1789134904989915,1.5856379270553589
1789134904997915,1.585378885269165
1789134905001915,-0.48268505930900574
1789134905017915,-0.48703545331954956
1789134905027915,-0.4881070852279663
1789134905037915,2.372347831726074
1789134905049915,2.1293067932128906
1789134905055915,2.1295535564422607
1789134905067915,0.9503853917121887
1789134905077915,0.9481305480003357
1789134905087915,0.9459956884384155
1789134905097915,0.9448365569114685
1789134905109915,3.3193728923797607
1789134905117915,3.320979595184326
1789134905127915,5.459300994873047
1789134905133915,5.462213039398193
1789134905145915,5.468036651611328
1789134905157915,5.468181133270264
1789134905169915,-0.9261202812194824
1789134905177915,-0.929061233997345
1789134905187915,-1.677403450012207
1789134905197915,-1.6802427768707275
1789134905207915,-1.6813112497329712
1789134905217915,-1.6787523031234741
1789134905229915,6.523768424987793
1789134905231915,6.525023460388184
1789134905247915,8.59270191192627
1789134905257915,8.599661827087402
1789134905265915,8.606871604919434
1789134905275915,2.480329751968384
1789134905287915,1.0801918506622314
1789134905297915,1.0791611671447754
1789134905307915,0.5478459000587463
1789134905317915,0.5478928685188293
1789134905327915,0.5497280359268188
1789134905337915,6.095438480377197
1789134905349915,5.936102867126465
1789134905359915,2.864379405975342
1789134905363915,2.8649120330810547
1789134905377915,2.8655457496643066
1789134905387915,2.864570379257202
1789134905397915,2.865901231765747
1789134905409915,-3.187621831893921
1789134905417915,-3.19301438331604
1789134905427915,-4.197854042053223
1789134905437915,-4.206554412841797
1789134905447915,-4.213328838348389
1789134905457915,-4.221398830413818
1789134905469915,0.3582182228565216
1789134905477915,0.3566541075706482
1789134905487915,2.5848052501678467
1789134905495915,2.5868611335754395
1789134905507915,2.590374231338501
1789134905517915,2.592202663421631
1789134905529915,1.173529863357544
1789134905539915,0.1862596869468689
1789134905545915,0.18494373559951782
1789134905557915,0.18223783373832703
1789134905567915,0.18102890253067017
1789134905577915,0.17883555591106415
1789134905589915,4.698823928833008
1789134905595915,4.701124668121338
1789134905607915,6.813518047332764
1789134905617915,6.818760871887207
1789134905627915,6.820976734161377
1789134905637915,6.82761812210083
1789134905649915,-0.4790175259113312
1789134905659915,-1.5727407932281494
1789134905661915,-1.5736533403396606
1789134905677915,-1.5821622610092163
1789134905687915,-1.5862363576889038
1789134905695915,1.9936718940734863
1789134905709915,2.1130757331848145
1789134905718082,2.1133739948272705
1789134905722082,-0.7633152008056641
1789134905738082,-0.7698219418525696
1789134905746082,-0.772590696811676
1789134905758082,1.0238730907440186
1789134905770082,3.7368521690368652
1789134905778082,3.7388970851898193
1789134905788082,4.186113357543945
1789134905794082,4.188002109527588
1789134905808082,4.186938762664795
1789134905818082,4.190086841583252
1789134905830082,-2.3884429931640625
1789134905838082,-2.392941951751709
1789134905848082,-4.336196422576904
1789134905858082,-4.344684600830078
1789134905868082,-4.353299140930176
1789134905878082,-2.4607093334198
1789134905890082,0.25757256150245667
1789134905892082,0.257164865732193
1789134905908082,1.7786858081817627
1789134905918082,1.7813119888305664
1789134905926082,1.7813037633895874
1789134905938082,1.7812914848327637
1789134905950082,5.3931474685668945
1789134905958082,5.396989822387695
1789134905968082,5.883498191833496
1789134905978082,5.8873114585876465
1789134905988082,5.888010025024414
1789134905998082,1.1942812204360962
1789134906010082,0.6170490980148315
1789134906018082,0.6157817840576172
1789134906024082,1.1494442224502563
1789134906038082,1.1512837409973145
1789134906048082,1.1539576053619385
1789134906056082,6.675036907196045
1789134906068082,6.531890869140625
1789134906080082,3.5059924125671387
1789134906088082,3.5077826976776123
1789134906098082,3.509392023086548
1789134906108082,3.5088951587677
1789134906118082,3.507333993911743
1789134906130082,-2.0484464168548584
1789134906138082,-2.0525801181793213
1789134906146082,-3.2412309646606445
1789134906156082,-3.2490897178649902
1789134906168082,-3.2583091259002686
1789134906178082,-3.2650539875030518
1789134906190082,-0.010357555001974106
1789134906198082,-0.01227413397282362
1789134906208082,1.9552406072616577
1789134906218082,1.9570022821426392
1789134906224082,4.009292125701904
1789134906238082,4.013439655303955
1789134906250082,2.218975782394409
1789134906256082,2.219315528869629
1789134906268082,1.181668996810913
1789134906278082,1.1800897121429443
1789134906288082,1.1789718866348267
1789134906298082,1.1801726818084717
1789134906310082,3.799800395965576
1789134906318082,3.8019421100616455
1789134906322082,5.817075252532959
1789134906338082,5.823553562164307
1789134906346082,5.8278422355651855
1789134906358082,1.7997020483016968
1789134906370082,0.024110566824674606
1789134906378082,0.022205941379070282
1789134906388082,0.48937365412712097
1789134906398082,0.4882228970527649
1789134906408082,0.48859915137290955
1789134906418082,0.48684364557266235
1789134906430082,5.531804084777832
1789134906438082,5.5357818603515625
1789134906448082,8.05337142944336
1789134906454082,8.057384490966797
1789134906468082,8.062302589416504
1789134906478082,8.0706205368042
1789134906488082,2.04628849029541
1789134906500082,0.749569833278656
1789134906508082,0.7484077215194702
1789134906518082,0.7473870515823364
1789134906528082,0.7472697496414185
1789134906538082,0.745817244052887
1789134906550082,4.989395618438721
1789134906552082,4.990236759185791
1789134906568082,7.521757125854492
1789134906578082,7.528364658355713
1789134906586082,7.5344157218933105
1789134906598082,7.543492317199707
1789134906608082,0.4744320511817932
1789134906618082,0.47257325053215027
1789134906628082,-0.038618315011262894
1789134906638082,-0.040036290884017944
1789134906648082,-0.03980762138962746
1789134906658082,4.611145973205566
1789134906670082,4.589211940765381
1789134906678082,4.592114448547363
1789134906684082,1.571812629699707
1789134906698082,1.5696063041687012
1789134906708082,1.568540334701538
1789134906718082,1.568141222000122
1789134906730249,3.697988986968994
1789134906738249,3.699941396713257
1789134906746249,4.754637241363525
1789134906758249,4.757995128631592
1789134906768249,4.759509086608887
1789134906778249,4.7633514404296875
1789134906790249,-0.461904913187027
1789134906798249,-0.4644049108028412
1789134906808249,-2.6198015213012695
1789134906816249,-2.624533176422119
1789134906828249,-2.629688024520874
1789134906838249,-0.2977760434150696
1789134906850249,2.482304334640503
1789134906860249,3.6665897369384766
1789134906864249,3.6675541400909424
1789134906878249,3.6695261001586914
1789134906888249,3.669900417327881
1789134906898249,3.672312021255493
1789134906910249,-2.1289589405059814
1789134906916249,-2.1321539878845215
1789134906928249,-4.369589805603027
1789134906938249,-4.378310680389404
1789134906946249,-4.384946823120117
1789134906958249,-4.394901275634766
1789134906970249,-0.5931124091148376
1789134906978249,-0.5956836938858032
1789134906982249,0.5262393355369568
1789134906998249,0.5286087989807129
1789134907008249,0.5303126573562622
1789134907016249,6.990558624267578
1789134907030249,6.863123416900635
1789134907038249,6.868494033813477
1789134907048249,3.6520438194274902
1789134907056249,3.6530253887176514
1789134907068249,3.6520252227783203
1789134907078249,3.654446840286255
1789134907090249,-2.5508780479431152
1789134907098249,-2.5555613040924072
1789134907108249,-3.697761297225952
1789134907114249,-3.702181577682495
1789134907128249,-3.7109737396240234
1789134907138249,-3.7183408737182617
1789134907150249,0.637183666229248
1789134907158249,0.6359426975250244
1789134907168249,2.6736011505126953
1789134907178249,2.676626205444336
1789134907188249,2.6796364784240723
1789134907198249,3.400902509689331
1789134907210249,1.222944736480713
1789134907212249,1.2227880954742432
1789134907228249,0.07985330373048782
1789134907238249,0.07781051099300385
1789134907246249,0.0759689211845398
1789134907258249,0.07320653647184372
1789134907270249,4.749269485473633
1789134907278249,4.75241756439209
1789134907288249,6.9992499351501465
1789134907298249,7.004730701446533
1789134907308249,7.007174491882324
1789134907318249,1.6151193380355835
1789134907330249,0.5936436057090759
1789134907338249,0.5923374891281128
1789134907344249,0.8336954116821289
1789134907358249,0.834360659122467
1789134907368249,0.8362284302711487
1789134907378249,0.8349186182022095
1789134907390249,7.052722454071045
1789134907398249,7.058306694030762
1789134907408249,9.2940034866333
1789134907418249,9.302247047424316
1789134907428249,9.307369232177734
1789134907438249,3.594935417175293
1789134907450249,2.47339129447937
1789134907458249,2.4740524291992188
1789134907468249,1.8275172710418701
1789134907476249,1.8254194259643555
1789134907488249,1.8227308988571167
1789134907498249,1.8226953744888306
1789134907510249,0.8612317442893982
1789134907518249,0.8601780533790588
1789134907528249,1.6312191486358643
1789134907538249,1.6318234205245972
1789134907546249,1.6315923929214478
1789134907558249,1.6312459707260132
1789134907570249,3.777667760848999
1789134907576249,3.7792112827301025
1789134907588249,3.509577751159668
1789134907598249,3.5100693702697754
1789134907608249,3.5088951587677
1789134907618249,3.5111052989959717
1789134907630249,-2.9140067100524902
1789134907638249,-2.919093132019043
1789134907642249,-4.220334529876709
1789134907658249,-4.231376647949219
1789134907668249,-4.234853267669678
1789134907678249,1.1981898546218872
1789134907690249,4.948087215423584
1789134907698249,4.951415061950684
1789134907708249,5.36811637878418
1789134907718249,5.370889186859131
1789134907728416,5.371872425079346
1789134907738416,5.376582145690918
1789134907750416,-1.1775106191635132
1789134907758416,-1.1807365417480469
1789134907768416,-3.4226789474487305
1789134907774416,-3.4268860816955566
1789134907788416,-3.4356586933135986
1789134907798416,-1.7929646968841553
1789134907810416,0.8570354580879211
1789134907818416,0.8560152053833008
1789134907828416,1.7932658195495605
1789134907838416,1.7956271171569824
1789134907848416,1.798624038696289
1789134907858416,1.7985985279083252
1789134907870416,4.407417297363281
1789134907872416,4.408107280731201
1789134907888416,3.3738605976104736
1789134907898416,3.3750722408294678
1789134907906416,3.376725673675537
1789134907918416,-0.20645156502723694
1789134907930416,-1.5090396404266357
1789134907938416,-1.5125935077667236
1789134907946416,-0.7358511090278625
1789134907958416,-0.7380410432815552
1789134907968416,-0.7384480237960815
1789134907978416,4.234853267669678
1789134907990416,4.064653396606445
1789134907998416,4.067049503326416
1789134908004416,1.0399208068847656
1789134908018416,1.036892294883728
1789134908028416,1.0351845026016235
1789134908038416,1.2686926126480103
1789134908050416,3.13248348236084
1789134908056416,3.1335384845733643
1789134908068416,4.472082614898682
1789134908078416,4.474831581115723
1789134908088416,4.476154327392578
1789134908098416,4.479691028594971
1789134908108416,-0.7646915912628174
1789134908118416,-0.7681479454040527
1789134908128416,-1.9328690767288208
1789134908136416,-1.935800552368164
1789134908146416,-1.9408032894134521
1789134908158416,-1.9468066692352295
1789134908170416,4.879269123077393
1789134908178416,4.882552146911621
1789134908188416,5.763065814971924
1789134908198416,5.766578674316406
1789134908208416,5.76821756362915
1789134908218416,5.773488998413086
1789134908230416,-1.2458921670913696
1789134908236416,-1.2483487129211426
1789134908248416,-2.557065486907959
1789134908258416,-2.563047170639038
1789134908268416,-2.5669515132904053
1789134908278416,0.28499361872673035
1789134908290416,2.524057626724243
1789134908298416,2.5248301029205322
1789134908302416,3.712336540222168
1789134908318416,3.7144992351531982
1789134908328416,3.7144834995269775
1789134908338416,-0.7536494731903076
1789134908350416,-1.5988529920578003
1789134908358416,-1.6024779081344604
1789134908368416,-0.9619708061218262
1789134908378416,-0.9649393558502197
1789134908388416,-0.9654109477996826
1789134908398416,3.1809449195861816
1789134908408416,2.554107666015625
1789134908420416,1.3432081937789917
1789134908428416,1.3427313566207886
1789134908434416,1.3423738479614258
1789134908448416,1.3384335041046143
1789134908458416,1.33783757686615
1789134908470416,3.067450523376465
1789134908478416,3.0688180923461914
1789134908488416,5.339442253112793
1789134908498416,5.343415260314941
1789134908508416,5.344587802886963
1789134908518416,5.349318504333496
1789134908530416,-1.4453752040863037
1789134908532416,-1.4462419748306274
1789134908546416,-2.426339864730835
1789134908558416,-2.4337120056152344
1789134908566416,-2.438215732574463
1789134908578416,-2.444971799850464
1789134908590416,0.2453109323978424
1789134908598416,0.2436830699443817
1789134908608416,2.4239084720611572
1789134908618416,2.426257848739624
1789134908628416,2.428436040878296
1789134908638416,2.634159803390503
1789134908650416,0.5121570229530334
1789134908658416,0.5108079314231873
1789134908664416,-0.5066245794296265
1789134908678416,-0.511176586151123
1789134908688416,-0.5133367776870728
1789134908698416,-0.5163775086402893
1789134908710416,3.5015475749969482
1789134908718416,3.503403663635254
1789134908728416,5.745359420776367
1789134908738582,5.749373435974121
1789134908746582,5.753615379333496
1789134908758582,5.759978294372559
1789134908770582,-1.4656249284744263
1789134908778582,-1.4690911769866943
1789134908788582,-2.553492307662964
1789134908796582,-2.5584747791290283
1789134908808582,-2.5651440620422363
1789134908818582,-2.5709149837493896
1789134908830582,1.3414793014526367
1789134908838582,1.3410420417785645
1789134908848582,3.4069666862487793
1789134908858582,3.4109883308410645
1789134908866582,4.845744609832764
1789134908878582,4.850683212280273
1789134908890582,1.9241968393325806
1789134908896582,1.9243215322494507
1789134908908582,0.9441088438034058
1789134908918582,0.942868173122406
1789134908928582,0.9427446722984314
1789134908938582,0.9416472911834717
1789134908950582,4.993720054626465
1789134908958582,4.997163772583008
1789134908962582,7.223047733306885
1789134908978582,7.232048511505127
1789134908988582,7.235843658447266
1789134908998582,1.5062756538391113
1789134909010582,0.029893888160586357
1789134909020582,0.5201409459114075
1789134909028582,0.5187908411026001
1789134909038582,0.5185950398445129
1789134909048582,0.5192576050758362
1789134909058582,5.912588596343994
1789134909070582,5.642349720001221
1789134909078582,5.646456718444824
1789134909088582,2.5568346977233887
1789134909094582,2.557443141937256
1789134909108582,2.5548298358917236
1789134909118582,-1.740280270576477
1789134909130582,-2.9087390899658203
1789134909138582,-2.9137465953826904
1789134909146582,-2.287456512451172
1789134909158582,-2.291938066482544
1789134909168582,-2.2942872047424316
1789134909178582,-2.2997055053710938
1789134909190582,4.31888484954834
1789134909192582,4.319567680358887
1789134909208582,6.0452494621276855
1789134909218582,6.049272537231445
1789134909226582,6.053833484649658
1789134909238582,0.1870855689048767
1789134909250582,-1.2973943948745728
1789134909258582,-1.3006736040115356
1789134909268582,-0.6266600489616394
1789134909278582,-0.6278277039527893
1789134909288582,-0.6272411346435547
1789134909298582,5.119480133056641
1789134909310582,4.661003589630127
1789134909320582,1.5435736179351807
1789134909324582,1.543447732925415
1789134909338582,1.5416001081466675
1789134909346582,1.5413484573364258
1789134909358582,0.47693657875061035
1789134909370582,2.1710751056671143
1789134909378582,2.1714982986450195
1789134909388582,2.7633442878723145
1789134909398582,2.7629213333129883
1789134909408582,2.761024236679077
1789134909418582,2.762340545654297
1789134909430582,-3.597313165664673
1789134909438582,-3.6030402183532715
1789134909448582,-4.714502811431885
1789134909456582,-4.721380233764648
1789134909468582,-4.728936195373535
1789134909478582,-1.4337093830108643
1789134909490582,1.650967001914978
1789134909498582,1.6508798599243164
1789134909508582,2.7332401275634766
1789134909518582,2.7338263988494873
1789134909528582,2.733344078063965
1789134909538582,2.7346765995025635
1789134909550582,-1.9574600458145142
1789134909556582,-1.9604135751724243
1789134909568582,-2.9877164363861084
1789134909578582,-2.9935319423675537
1789134909588582,-2.99649715423584
1789134909598582,-3.002779722213745
1789134909610582,3.4732186794281006
1789134909618582,3.475106716156006
1789134909622582,3.781928062438965
1789134909638582,3.7827584743499756
1789134909648582,3.7819035053253174
1789134909658582,-0.5130112171173096
1789134909670582,-1.3429591655731201
1789134909678582,-1.346207857131958
1789134909688582,0.5284754633903503
1789134909698582,0.5278224945068359
1789134909708582,0.5296804308891296
1789134909718582,4.703834056854248
1789134909730582,4.219655990600586
1789134909738748,4.222337245941162
1789134909742748,3.1065590381622314
1789134909754748,3.108794689178467
1789134909768748,3.1069397926330566
1789134909778748,3.1088032722473145
1789134909788748,-2.703857421875
1789134909800748,-3.9854440689086914
1789134909808748,-3.9915130138397217
1789134909818748,-3.998579263687134
1789134909828748,-4.002545356750488
1789134909838748,1.4617609977722168
1789134909850748,5.113224506378174
1789134909852748,5.114138603210449
1789134909864748,5.602210998535156
1789134909878748,5.60645866394043
1789134909886748,5.610629558563232
1789134909898748,5.616886615753174
1789134909910748,-0.7984200716018677
1789134909918748,-0.8010966777801514
1789134909928748,-2.8865668773651123
1789134909938748,-2.8931257724761963
1789134909946748,-2.8980207443237305
1789134909958748,-2.0194342136383057
1789134909970748,-0.13224740326404572
1789134909978748,-0.13417892158031464
1789134909984748,1.2457109689712524
1789134909998748,1.248019814491272
1789134910008748,1.2509034872055054
1789134910018748,1.2503291368484497
1789134910030748,7.459874629974365
1789134910038748,7.466037273406982
1789134910048748,8.215084075927734
1789134910056748,8.221111297607422
1789134910068748,8.22716236114502
1789134910078748,3.914734125137329
1789134910090748,3.093427896499634
1789134910098748,3.094895839691162
1789134910108748,2.2589943408966064
1789134910116748,2.2578539848327637
1789134910128748,2.254629373550415
1789134910138748,2.2553491592407227
1789134910150748,-3.192925453186035
1789134910158748,-3.1981592178344727
1789134910168748,-3.2205474376678467
1789134910178748,-3.2270638942718506
1789134910188748,-3.23069429397583
1789134910198748,-3.2372567653656006
1789134910210748,2.1376752853393555
1789134910216748,2.138042449951172
1789134910228748,3.2927660942077637
1789134910238748,3.2934200763702393
1789134910248748,3.292295217514038
1789134910258748,3.2944438457489014
1789134910270748,-2.7859766483306885
1789134910278748,-2.7907445430755615
1789134910282748,-5.974530220031738
1789134910298748,-5.9905781745910645
1789134910308748,-5.999722480773926
1789134910318748,-4.546600341796875
1789134910330748,-2.614774227142334
1789134910338748,-2.6193034648895264
1789134910346748,-1.518872618675232
1789134910358748,-1.521580696105957
1789134910368748,-1.522228479385376
1789134910378748,-1.5264180898666382
1789134910388748,5.349506855010986
1789134910398748,5.35447883605957
1789134910408748,5.741990566253662
1789134910414748,5.744643211364746
1789134910428748,5.746646881103516
1789134910438748,1.0304888486862183
1789134910448748,-0.406159907579422
1789134910458748,-0.40888330340385437
1789134910468748,1.156551480293274
1789134910478748,1.1575839519500732
1789134910488748,1.159578800201416
1789134910498748,1.1589435338974
1789134910510748,7.678129196166992
1789134910512748,7.6797404289245605
1789134910528748,9.627516746520996
1789134910538748,9.636474609375
1789134910546748,9.644979476928711
1789134910558748,4.044493198394775
1789134910570748,2.366690158843994
1789134910578748,2.3674182891845703
1789134910588748,1.7897188663482666
1789134910598748,1.7885956764221191
1789134910608748,1.7877528667449951
1789134910618748,1.6244744062423706
1789134910630748,1.8993778228759766
1789134910638748,1.8996086120605469
1789134910644748,4.456833839416504
1789134910658748,4.460830211639404
1789134910668748,4.462283611297607
1789134910678748,2.6070568561553955
1789134910690748,2.0839507579803467
1789134910698748,2.0843663215637207
1789134910708748,1.1249325275421143
1789134910718748,1.123416543006897
1789134910728748,1.122525930404663
1789134910738748,1.1217670440673828
1789134910750916,4.021692276000977
1789134910758916,4.024177074432373
1789134910768916,4.691684722900391
1789134910776916,4.694264888763428
1789134910788916,4.695497035980225
1789134910798916,4.695026397705078
1789134910810916,-1.7714977264404297
1789134910820916,-2.7968082427978516
1789134910828916,-2.801605224609375
1789134910838916,-2.8083841800689697
1789134910848916,-2.813491106033325
1789134910858916,-2.8194873332977295
1789134910870916,0.7860864400863647
1789134910876916,0.7853766679763794
1789134910888916,3.0246729850769043
1789134910898916,3.028066396713257
1789134910908916,3.031167984008789
1789134910916916,3.866562604904175
1789134910930916,1.5830405950546265
1789134910938916,1.5829302072525024
1789134910942916,0.9906277060508728
1789134910958916,0.9891253709793091
1789134910968916,0.98894864320755
1789134910976916,4.127054691314697
1789134910988916,4.521853923797607
1789134911000916,1.818223476409912
1789134911008916,1.818357229232788
1789134911018916,1.817787528038025
1789134911028916,1.8174095153808594
1789134911038916,1.81797456741333
1789134911050916,4.118962287902832
1789134911056916,4.120903015136719
1789134911068916,5.268192291259766
1789134911074916,5.271045684814453
1789134911088916,5.274465084075928
1789134911098916,5.279221534729004
1789134911110916,0.06677349656820297
1789134911118916,0.06501542776823044
1789134911128916,-1.0946441888809204
1789134911138916,-1.0968345403671265
1789134911146916,-1.096749186515808
1789134911158916,-1.1012357473373413
1789134911170916,5.732081413269043
1789134911172916,5.733156681060791
1789134911188916,6.752574920654297
1789134911198916,6.757717132568359
1789134911206916,6.763093948364258
1789134911218916,6.771158695220947
1789134911230916,0.0076214950531721115
1789134911238916,0.0057769170962274075
1789134911248916,-1.3782445192337036
1789134911258916,-1.3824329376220703
1789134911268916,-1.3849889039993286
1789134911276916,1.3973933458328247
1789134911290916,4.604000568389893
1789134911298916,4.60707426071167
1789134911304916,5.686471462249756
1789134911318916,5.692287445068359
1789134911328916,5.695133209228516
1789134911338916,5.70041036605835
1789134911350916,0.799012303352356
1789134911358916,0.7980015873908997
1789134911368916,-0.7898997068405151
1789134911378916,-0.7931250929832458
1789134911388916,-0.7956497073173523
1789134911398916,0.9149355292320251
1789134911410916,2.947446823120117
1789134911418916,2.948740243911743
1789134911428916,3.8697688579559326
1789134911436916,3.871365547180176
1789134911448916,3.8723583221435547
1789134911458916,3.875199317932129
1789134911470916,-0.030153149738907814
1789134911478916,-0.03204852715134621
1789134911488916,-2.3792359828948975
1789134911498916,-2.383963108062744
1789134911508916,-2.386484384536743
1789134911518916,-2.3919756412506104
1789134911530916,3.2958006858825684
1789134911536916,3.297060251235962
1789134911546916,3.8876211643218994
1789134911558916,3.8886303901672363
1789134911568916,3.8878138065338135
1789134911578916,3.8906965255737305
1789134911590916,-2.1198956966400146
1789134911598916,-2.124002695083618
1789134911602916,-4.355279922485352
1789134911618916,-4.368495941162109
1789134911628916,-4.375494956970215
1789134911638916,-2.2564432621002197
1789134911650916,0.3375873565673828
1789134911658916,0.33614376187324524
1789134911668916,1.4032119512557983
1789134911678916,1.4038572311401367
1789134911688916,1.406795620918274
1789134911698916,1.40641450881958
1789134911710916,7.594528675079346
1789134911718916,7.600823402404785
1789134911728916,7.989819526672363
1789134911734916,7.994844913482666
1789134911747082,8.004895210266113
1789134911759082,8.014945983886719
1789134911771082,0.8227171897888184
1789134911779082,0.8217393159866333
1789134911789082,-0.3231022357940674
1789134911799082,-0.32652217149734497
1789134911809082,-0.3295396864414215
1789134911819082,-0.3322848677635193
1789134911831082,3.0844006538391113
1789134911833082,3.084763288497925
1789134911849082,5.283787727355957
1789134911859082,5.287376880645752
1789134911867082,1.4128446578979492
1789134911879082,1.4111820459365845
1789134911889082,1.9753950834274292
1789134911901082,2.8730311393737793
1789134911909082,2.874242067337036
1789134911919082,2.876340627670288
1789134911929082,2.8778064250946045
1789134911937082,0.7245067358016968
1789134911951082,-0.018796253949403763
1789134911959082,-0.020672563463449478
1789134911965082,2.0156917572021484
1789134911979082,2.01750111579895
1789134911989082,2.0198912620544434
1789134911999082,4.0418314933776855
1789134912009082,2.637707471847534
1789134912021082,1.6101361513137817
1789134912029082,1.6099897623062134
1789134912039082,1.6078593730926514
1789134912049082,1.6061806678771973
1789134912057082,1.8170629739761353
1789134912071082,2.9505484104156494
1789134912079082,2.9518351554870605
1789134912089082,4.349791526794434
1789134912097082,4.351767063140869
1789134912109082,4.351480007171631
1789134912119082,-0.10398350656032562
1789134912129082,-1.4404370784759521
1789134912139082,-1.4446862936019897
1789134912147082,0.2044738084077835
1789134912159082,0.2037310153245926
1789134912169082,0.20506376028060913
1789134912179082,0.2030155509710312
1789134912191082,6.7590179443359375
1789134912197082,6.763034820556641
1789134912209082,7.135989665985107
1789134912219082,7.14219331741333
1789134912229082,7.145465850830078
1789134912239082,2.478808879852295
1789134912251082,1.2905200719833374
1789134912259082,1.2900142669677734
1789134912263082,0.9832809567451477
1789134912279082,0.9818637371063232
1789134912289082,0.9821410775184631
1789134912299082,4.312989711761475
1789134912311082,4.422939777374268
1789134912319082,4.425771713256836
1789134912329082,1.5579315423965454
1789134912339082,1.55682373046875
1789134912347082,1.5565974712371826
1789134912359082,1.8549180030822754
1789134912371082,3.897312879562378
1789134912379082,3.899582624435425
1789134912389082,4.508983612060547
1789134912395082,4.511170864105225
1789134912409082,4.511062145233154
1789134912419082,4.514706611633301
1789134912431082,-1.858471393585205
1789134912439082,-1.8623545169830322
1789134912449082,-3.487987995147705
1789134912459082,-3.4950931072235107
1789134912469082,-3.5011942386627197
1789134912479082,-3.5082061290740967
1789134912491082,0.1191394105553627
1789134912493082,0.11870626360177994
1789134912509082,1.7234998941421509
1789134912519082,1.725489616394043
1789134912527082,1.7254689931869507
1789134912539082,1.7254377603530884
1789134912551082,5.313867092132568
1789134912559082,5.317672252655029
1789134912569082,5.181801795959473
1789134912579082,5.184931755065918
1789134912589082,5.185306549072266
1789134912597082,0.2696498930454254
1789134912609082,0.7011227607727051
1789134912619082,0.6997135877609253
1789134912625082,0.7427257299423218
1789134912639082,0.7430664896965027
1789134912649082,0.7445259094238281
1789134912659082,0.743175208568573
1789134912671082,6.599781036376953
1789134912679082,6.604947566986084
1789134912689082,8.377741813659668
1789134912699082,8.384917259216309
1789134912709082,8.389005661010742
1789134912717082,2.7654871940612793
1789134912731082,2.143592119216919
1789134912739082,2.143972873687744
1789134912747247,1.9281320571899414
1789134912757247,1.9271382093429565
1789134912769247,1.9267154932022095
1789134912779247,1.9269033670425415
1789134912791247,2.892148494720459
1789134912799247,2.8933279514312744
1789134912809247,2.5962908267974854
1789134912819247,2.596801996231079
1789134912829247,2.5949859619140625
1789134912839247,2.596062660217285
1789134912851247,-3.1468868255615234
1789134912857247,-3.1508350372314453
1789134912865247,-4.117021083831787
1789134912879247,-4.128857135772705
1789134912889247,-4.1371870040893555
1789134912899247,-4.145047187805176
1789134912911247,-1.201178789138794
1789134912919247,-1.2043176889419556
1789134912923247,1.0828486680984497
1789134912939247,1.0843706130981445
1789134912947247,1.0836719274520874
1789134912959247,6.324554920196533
1789134912971247,5.419861316680908
1789134912979247,5.423776626586914
1789134912989247,4.228491306304932
1789134912999247,4.22996187210083
1789134913009247,4.229694843292236
1789134913019247,4.232990741729736
1789134913031247,-2.1207172870635986
1789134913039247,-2.1248600482940674
1789134913049247,-3.4900081157684326
1789134913055247,-3.49420166015625
1789134913069247,-3.501812696456909
1789134913079247,-3.5088019371032715
1789134913091247,1.118093490600586
1789134913099247,1.1174437999725342
1789134913109247,1.960378646850586
1789134913119247,1.9624861478805542
1789134913129247,1.9646551609039307
1789134913139247,1.9649666547775269
1789134913151247,0.8796496391296387
1789134913153247,0.8794225454330444
1789134913169247,-1.3860417604446411
1789134913179247,-1.3896170854568481
1789134913187247,-1.3929346799850464
1789134913199247,-1.3979113101959229
1789134913211247,3.970930814743042
1789134913219247,3.97334361076355
1789134913229247,5.017279624938965
1789134913239247,5.0201640129089355
1789134913249247,5.02125883102417
1789134913259247,-0.5113769769668579
1789134913271247,-1.3138375282287598
1789134913279247,-1.317069172859192
1789134913285247,-0.45277664065361023
1789134913299247,-0.45573723316192627
1789134913309247,-0.45539915561676025
1789134913319247,-0.4582841992378235
1789134913331247,5.8397674560546875
1789134913339247,5.844179153442383
1789134913347247,6.986589431762695
1789134913359247,6.992620944976807
1789134913369247,6.996022701263428
1789134913379247,7.003053188323975
1789134913391247,0.1728612631559372
1789134913399247,0.17119698226451874
1789134913409247,-2.4304585456848145
1789134913417247,-2.435129165649414
1789134913429247,-2.4397196769714355
1789134913439247,-2.4452614784240723
1789134913451247,3.342292547225952
1789134913459247,3.3440377712249756
1789134913469247,4.571354866027832
1789134913479247,4.573431491851807
1789134913489247,4.573660373687744
1789134913499247,4.577473163604736
1789134913511247,-2.4058868885040283
1789134913517247,-2.4091875553131104
1789134913529247,-4.404782772064209
1789134913539247,-4.413264751434326
1789134913547247,-4.419784069061279
1789134913559247,-4.429563522338867
1789134913571247,-0.17928378283977509
1789134913579247,-0.18126040697097778
1789134913583247,0.9015046954154968
1789134913599247,0.9033339023590088
1789134913609247,0.9050246477127075
1789134913619247,6.337822437286377
1789134913631247,6.389579772949219
1789134913639247,6.394598960876465
1789134913649247,2.986555814743042
1789134913659247,2.9870431423187256
1789134913669247,2.9855189323425293
1789134913679247,2.987246036529541
1789134913691247,-3.126488208770752
1789134913699247,-3.1316285133361816
1789134913709247,-4.195672035217285
1789134913715247,-4.200371742248535
1789134913729247,-4.211564064025879
1789134913739247,-4.21939754486084
1789134913751247,-1.7652214765548706
1789134913759412,-1.7688615322113037
1789134913769412,0.6241751313209534
1789134913779412,0.6241960525512695
1789134913789412,0.6269329190254211
1789134913799412,5.715708255767822
1789134913809412,4.908630847930908
1789134913813412,4.910367488861084
1789134913829412,3.749723196029663
1789134913839412,3.750927209854126
1789134913847412,3.7531580924987793
1789134913859412,3.7565040588378906
1789134913871412,-2.604566812515259
1789134913879412,-2.609119176864624
1789134913889412,-4.7211456298828125
1789134913899412,-4.729721546173096
1789134913909412,-4.736720561981201
1789134913919412,-2.2286736965179443
1789134913931412,0.6992233991622925
1789134913939412,0.6982381343841553
1789134913945412,1.843949317932129
1789134913959412,1.847326636314392
1789134913969412,1.8495125770568848
1789134913979412,1.8498084545135498
1789134913991412,0.8035420179367065
1789134913999412,0.8026624917984009
1789134914009412,0.028821690008044243
1789134914019412,0.027761302888393402
1789134914029412,0.02956746146082878
1789134914039412,4.72526216506958
1789134914051412,4.2635111808776855
1789134914057412,4.265616416931152
1789134914069412,3.117780923843384
1789134914077412,3.117654323577881
1789134914089412,3.1159236431121826
1789134914099412,3.11789870262146
1789134914111412,-3.2102773189544678
1789134914119412,-3.2154481410980225
1789134914129412,-5.228461742401123
1789134914139412,-5.237742900848389
1789134914147412,-5.245051383972168
1789134914159412,-5.256013870239258
1789134914171412,-1.0209769010543823
1789134914181412,0.3222498893737793
1789134914189412,0.3209051787853241
1789134914199412,0.3210439383983612
1789134914209412,0.32297787070274353
1789134914219412,0.3212970793247223
1789134914231412,8.242829322814941
1789134914239412,8.249934196472168
1789134914243412,10.488138198852539
1789134914259412,10.503748893737793
1789134914269412,10.51042652130127
1789134914279412,4.477757453918457
1789134914289412,3.0476417541503906
1789134914301412,2.8025119304656982
1789134914309412,2.803765296936035
1789134914319412,2.8038370609283447
1789134914329412,2.8022899627685547
1789134914339412,2.80385684967041
1789134914351412,-3.110813617706299
1789134914359412,-3.1158673763275146
1789134914369412,-4.945295333862305
1789134914375412,-4.9507527351379395
1789134914389412,-4.9610595703125
1789134914397412,-2.4262664318084717
1789134914409412,0.5929996967315674
1789134914419412,0.5916751027107239
1789134914429412,1.738962173461914
1789134914439412,1.7409298419952393
1789134914449412,1.7429560422897339
1789134914459412,1.7431608438491821
1789134914471412,0.6298468708992004
1789134914473412,0.6295908689498901
1789134914489412,-0.3464795649051666
1789134914499412,-0.34858381748199463
1789134914507412,-0.3506442606449127
1789134914519412,3.5905582904815674
1789134914531412,3.121001958847046
1789134914539412,3.122641086578369
1789134914547412,1.9599283933639526
1789134914559412,1.9584057331085205
1789134914569412,1.9554301500320435
1789134914579412,-3.3236019611358643
1789134914591412,-3.8031506538391113
1789134914599412,-3.8088817596435547
1789134914605412,-2.969503402709961
1789134914619412,-2.976698637008667
1789134914629412,-2.9790022373199463
1789134914639412,1.5828486680984497
1789134914651412,1.0086863040924072
1789134914659412,1.0081102848052979
1789134914669412,-0.16649283468723297
1789134914679412,-0.16849620640277863
1789134914689412,-0.1692592054605484
1789134914699412,-0.17154233157634735
1789134914711412,4.655808925628662
1789134914719412,4.659131050109863
1789134914729412,6.928361415863037
1789134914737412,6.9326887130737305
1789134914747412,6.939857006072998
1789134914759577,6.948458194732666
1789134914769577,0.10255414992570877
1789134914779577,0.10059687495231628
1789134914789577,-0.9259758591651917
1789134914799577,-0.9285401701927185
1789134914809577,-0.9291688203811646
1789134914819577,-0.9272000193595886
1789134914831577,5.511711120605469
1789134914837577,5.514871120452881
1789134914849577,7.632663726806641
1789134914859577,7.639663219451904
1789134914869577,7.643106937408447
1789134914879577,2.139045000076294
1789134914891577,0.580186128616333
1789134914899577,0.5791099667549133
1789134914903577,0.19995364546775818
1789134914919577,0.19712068140506744
1789134914929577,0.19690296053886414
1789134914939577,4.104076862335205
1789134914951577,4.345375061035156
1789134914959577,4.348315238952637
1789134914969577,1.7190945148468018
1789134914979577,1.7184288501739502
1789134914989577,1.7176754474639893
1789134914999577,1.503161072731018
1789134915011577,0.6691951751708984
1789134915019577,0.6682130694389343
1789134915029577,1.7900540828704834
1789134915035577,1.7902146577835083
1789134915049577,1.7922539710998535
1789134915059577,1.3135207891464233
1789134915071577,0.6307655572891235
1789134915079577,0.6297414302825928
1789134915089577,3.146561861038208
1789134915099577,3.149195909500122
1789134915109577,3.151278495788574
1789134915119577,2.3624768257141113
1789134915131577,0.9192436933517456
1789134915133577,0.9190624356269836
1789134915147577,-0.3076978921890259
1789134915159577,-0.31057652831077576
1789134915167577,-0.31260621547698975
1789134915179577,-0.31107014417648315
1789134915191577,4.218339920043945
1789134915201577,6.470867156982422
1789134915209577,6.47606897354126
1789134915219577,6.481184482574463
1789134915229577,6.4837646484375
1789134915239577,1.6537708044052124
1789134915251577,0.7753934860229492
1789134915261577,1.7683782577514648
1789134915265577,1.7684634923934937
1789134915279577,1.772304892539978
1789134915289577,1.7746737003326416
1789134915299577,1.7748866081237793
1789134915311577,2.397381544113159
1789134915321577,2.4514076709747314
1789134915329577,2.452298641204834
1789134915339577,2.452544927597046
1789134915347577,2.453435182571411
1789134915359577,-1.5365359783172607
1789134915371577,-2.965153932571411
1789134915379577,-2.970034599304199
1789134915389577,-1.9655885696411133
1789134915397577,-1.968137264251709
1789134915409577,-1.97001051902771
1789134915419577,-1.9747660160064697
1789134915431577,4.257346153259277
1789134915441577,6.523626327514648
1789134915449577,6.5288872718811035
1789134915459577,6.533705234527588
1789134915469577,6.536623954772949
1789134915479577,6.543199062347412
1789134915489577,-1.6286325454711914
1789134915497577,-1.6320840120315552
1789134915509577,-1.9276633262634277
1789134915519577,-1.9311602115631104
1789134915529577,-1.9330495595932007
1789134915539577,-1.9377503395080566
1789134915551577,4.084671974182129
1789134915559577,4.087337493896484
1789134915563577,6.404377460479736
1789134915579577,6.411410808563232
1789134915589577,6.413143157958984
1789134915599577,0.8349920511245728
1789134915609577,-0.5428265929222107
1789134915621577,-0.23926906287670135
1789134915629577,-0.2412276268005371
1789134915639577,-0.24234093725681305
1789134915649577,-0.24260717630386353
1789134915659577,-0.24505522847175598
1789134915671577,5.897796630859375
1789134915679577,5.9023919105529785
1789134915689577,6.389247894287109
1789134915695577,6.3930792808532715
1789134915709577,6.396968841552734
1789134915719577,1.6794402599334717
1789134915729577,0.5794686675071716
1789134915741577,1.5194984674453735
1789134915747577,1.5194265842437744
1789134915759744,1.521652102470398
1789134915769744,1.5242072343826294
1789134915779744,1.5240874290466309
1789134915791744,7.565517425537109
1789134915801744,7.567905902862549
1789134915809744,7.574246406555176
1789134915819744,7.580333232879639
1789134915827744,7.586674213409424
1789134915839744,1.7104350328445435
1789134915851744,0.7518107295036316
1789134915859744,0.7508562207221985
1789134915865744,1.026464581489563
1789134915879744,1.0283029079437256
1789134915889744,1.0301580429077148
1789134915897744,6.625601291656494
1789134915911744,6.46240234375
1789134915919744,6.46752405166626
1789134915925744,3.3771238327026367
1789134915939744,3.3787083625793457
1789134915947744,3.378199338912964
1789134915957744,-0.5489636063575745
1789134915969744,-1.688437819480896
1789134915981744,-0.48310965299606323
1789134915989744,-0.4853934943675995
1789134915999744,-0.48646995425224304
1789134916009744,-0.485780268907547
1789134916019744,-0.48863500356674194
1789134916031744,6.210004806518555
1789134916039744,6.214864253997803
1789134916049744,8.383334159851074
1789134916057744,8.388652801513672
1789134916069744,8.393111228942871
1789134916079744,2.476539134979248
1789134916091744,0.9344469904899597
1789134916099744,0.9336485862731934
1789134916109744,0.30078500509262085
1789134916119744,0.29859834909439087
1789134916129744,0.29734161496162415
1789134916139744,0.2955021560192108
1789134916151744,4.818856716156006
1789134916157744,4.821371078491211
1789134916169744,5.172676086425781
1789134916179744,5.176383018493652
1789134916189744,5.177590847015381
1789134916199744,5.182243347167969
1789134916211744,-1.4824349880218506
1789134916219744,-1.4858262538909912
1789134916223744,-2.493786334991455
1789134916239744,-2.5032989978790283
1789134916249744,-2.5092639923095703
1789134916259744,0.0006381957791745663
1789134916271744,1.490386962890625
1789134916279744,1.4901962280273438
1789134916289744,4.08738374710083
1789134916299744,4.0918426513671875
1789134916309744,4.095730781555176
1789134916317744,4.170634746551514
1789134916331744,2.0171091556549072
1789134916339744,2.017461061477661
1789134916347744,1.1350520849227905
1789134916355744,1.1344634294509888
1789134916369744,1.1346826553344727
1789134916379744,1.1339466571807861
1789134916389744,5.308282852172852
1789134916399744,5.313112258911133
1789134916409744,5.886308193206787
1789134916419744,5.890939712524414
1789134916429744,5.8934149742126465
1789134916439744,5.899001121520996
1789134916451744,0.23848344385623932
1789134916453744,0.23808985948562622
1789134916469744,-0.7412246465682983
1789134916479744,-0.7450531125068665
1789134916487744,-0.7476664781570435
1789134916499744,-0.749390721321106
1789134916511744,1.889958143234253
1789134916519744,1.8901633024215698
1789134916529744,4.521825313568115
1789134916539744,4.525574207305908
1789134916547744,4.528582572937012
1789134916559744,2.5135631561279297
1789134916571744,1.3015003204345703
1789134916579744,1.3010623455047607
1789134916585744,-0.6175111532211304
1789134916599744,-0.6213130950927734
1789134916609744,-0.6228564381599426
1789134916619744,-0.6259595155715942
1789134916631744,4.086964130401611
1789134916639744,4.089511394500732
1789134916649744,6.34119987487793
1789134916659744,6.345905303955078
1789134916669744,6.347512245178223
1789134916679744,6.353690147399902
1789134916689744,-1.48897385597229
1789134916701744,-2.2424628734588623
1789134916709744,-2.2466859817504883
1789134916717744,-2.2507078647613525
1789134916729744,-2.2552897930145264
1789134916739744,-2.260568618774414
1789134916751744,2.42699933052063
1789134916759908,2.4277801513671875
1789134916763908,4.553046226501465
1789134916779908,4.556243896484375
1789134916787908,0.2899097800254822
1789134916799908,0.28765183687210083
1789134916811908,0.5125207304954529
1789134916817908,0.511573314666748
1789134916829908,1.6663440465927124
1789134916839908,1.6680172681808472
1789134916849908,1.6714458465576172
1789134916859908,1.671406865119934
1789134916871908,6.453731536865234
1789134916879908,6.458797454833984
1789134916883908,6.884995460510254
1789134916899908,6.892946720123291
1789134916909908,6.894810199737549
1789134916919908,1.10003662109375
1789134916929908,-0.01997673697769642
1789134916939908,-0.02230156399309635
1789134916947908,0.7337350249290466
1789134916959908,0.7351608276367188
1789134916969908,0.7389290928840637
1789134916979908,0.7376137375831604
1789134916989908,8.984742164611816
1789134916999908,8.994410514831543
1789134917009908,9.503999710083008
1789134917015908,9.510200500488281
1789134917029908,9.518851280212402
1789134917039908,9.52918529510498
1789134917051908,2.3977415561676025
1789134917057908,2.3982295989990234
1789134917069908,1.349958062171936
1789134917079908,1.348868727684021
1789134917089908,1.348137617111206
1789134917099908,1.3475544452667236
1789134917111908,4.3616533279418945
1789134917113908,4.362340450286865
1789134917129908,4.8972320556640625
1789134917139908,4.900383949279785
1789134917147908,4.903696060180664
1789134917159908,4.908663749694824
1789134917171908,-1.2994499206542969
1789134917179908,-1.3027637004852295
1789134917189908,-2.0561368465423584
1789134917199908,-2.0610668659210205
1789134917209908,-2.065352439880371
1789134917219908,0.9507741332054138
1789134917231908,2.6708760261535645
1789134917239908,2.6718201637268066
1789134917245908,5.405073642730713
1789134917259908,5.410423278808594
1789134917269908,5.411621570587158
1789134917279908,5.416441917419434
1789134917291908,-0.8211944699287415
1789134917299908,-0.82399582862854
1789134917309908,-1.9606186151504517
1789134917319908,-1.9662641286849976
1789134917329908,-1.9700121879577637
1789134917339908,-1.9750226736068726
1789134917351908,2.6001200675964355
1789134917359908,2.600994110107422
1789134917369908,4.7506256103515625
1789134917377908,4.752325057983398
1789134917389908,4.751336097717285
1789134917399908,-0.7853506207466125
1789134917411908,-2.012742519378662
1789134917419908,-2.016789436340332
1789134917429908,-1.5293265581130981
1789134917439908,-1.5320789813995361
1789134917447908,1.6392022371292114
1789134917459908,1.638995885848999
1789134917471908,5.015902042388916
1789134917477908,5.018499374389648
1789134917489908,7.500504970550537
1789134917499908,7.506895065307617
1789134917509908,7.510242938995361
1789134917519908,7.51786994934082
1789134917531908,1.4006644487380981
1789134917539908,1.4002329111099243
1789134917543908,0.1964220106601715
1789134917559908,0.19237740337848663
1789134917569908,0.1910032480955124
1789134917579908,3.401092052459717
1789134917591908,3.720836639404297
1789134917599908,3.7228844165802
1789134917609908,0.8709447383880615
1789134917619908,0.8688669204711914
1789134917629908,0.8668813109397888
1789134917639908,0.8656403422355652
1789134917651908,3.493762969970703
1789134917659908,3.495574712753296
1789134917669908,4.463451862335205
1789134917675908,4.46558141708374
1789134917689908,4.466782569885254
1789134917699908,4.470332622528076
1789134917711908,-0.9482254385948181
1789134917719908,-0.951166570186615
1789134917729908,-3.1623218059539795
1789134917739908,-3.168710708618164
1789134917747908,-3.1740036010742188
1789134917759908,-3.1819427013397217
1789134917772073,2.61055326461792
1789134917774073,2.610776662826538
1789134917790073,3.818617343902588
1789134917800073,3.8199121952056885
1789134917808073,3.8220887184143066
1789134917820073,3.8253531455993652
1789134917832073,-2.714813470840454
1789134917840073,-2.7196145057678223
1789134917850073,-5.378428936004639
1789134917860073,-5.3879780769348145
1789134917870073,-5.397033214569092
1789134917880073,-2.4212427139282227
1789134917892073,0.7919949889183044
1789134917900073,0.790983259677887
1789134917906073,1.6334843635559082
1789134917920073,1.6365673542022705
1789134917930073,1.640446662902832
1789134917940073,1.6403052806854248
1789134917952073,8.237878799438477
1789134917960073,8.244799613952637
1789134917970073,8.523700714111328
1789134917980073,8.530760765075684
1789134917990073,8.534598350524902
1789134918000073,8.543608665466309
1789134918012073,1.2051260471343994
1789134918020073,1.2045018672943115
1789134918030073,0.2784365117549896
1789134918038073,0.2760583162307739
1789134918050073,0.2741215229034424
1789134918060073,3.763273239135742
1789134918072073,4.006484031677246
1789134918080073,4.008852958679199
1789134918090073,1.1386343240737915
1789134918100073,1.1375031471252441
1789134918110073,1.1362966299057007
1789134918120073,1.1354320049285889
1789134918132073,3.241090774536133
1789134918138073,3.2422571182250977
1789134918148073,4.151987552642822
1789134918160073,4.1544270515441895
1789134918170073,4.15505313873291
1789134918180073,4.158205509185791
1789134918192073,-1.1576284170150757
1789134918200073,-1.1607792377471924
1789134918204073,-3.1372225284576416
1789134918220073,-3.1478219032287598
1789134918230073,-3.1539993286132812
1789134918240073,-0.4660680592060089
1789134918252073,2.0182883739471436
1789134918260073,2.018556833267212
1789134918270073,3.099905252456665
1789134918280073,3.1008458137512207
1789134918290073,3.1001534461975098
1789134918300073,3.1019287109375
1789134918312073,-2.3257787227630615
1789134918320073,-2.330148696899414
1789134918330073,-4.470709323883057
1789134918336073,-4.4756927490234375
1789134918348073,-4.485659599304199
1789134918358073,-2.869846820831299
1789134918372073,-0.09407162666320801
1789134918380073,-0.09601609408855438
1789134918390073,1.0703033208847046
1789134918400073,1.0715601444244385
1789134918410073,1.0747431516647339
1789134918420073,1.073868751525879
1789134918430073,8.39919376373291
1789134918442073,8.990059852600098
1789134918450073,8.997782707214355
1789134918460073,9.0064697265625
1789134918468073,9.011290550231934
1789134918480073,9.016253471374512
1789134918490073,1.6397695541381836
1789134918502073,0.3276384770870209
1789134918510073,0.32609426975250244
1789134918520073,0.32464316487312317
1789134918530073,0.3246283531188965
1789134918538073,4.454051494598389
1789134918550073,4.521172046661377
1789134918562073,1.5986623764038086
1789134918566073,1.5985652208328247
1789134918580073,1.59682035446167
1789134918590073,1.5959047079086304
1789134918600073,1.5956617593765259
1789134918612073,4.829594135284424
1789134918622073,5.4140472412109375
1789134918630073,5.4179205894470215
1789134918640073,5.4214677810668945
1789134918650073,5.422434329986572
1789134918660073,5.427276134490967
1789134918670073,-1.4546624422073364
1789134918682073,-2.6938767433166504
1789134918690073,-2.6986610889434814
1789134918698073,-2.7028043270111084
1789134918710073,-2.7042362689971924
1789134918720073,-2.7044246196746826
1789134918730073,5.002251625061035
1789134918740073,5.006540298461914
1789134918748073,5.635565280914307
1789134918760073,5.639778137207031
1789134918770236,5.6410393714904785
1789134918780236,5.646162033081055
1789134918792236,-0.9599347114562988
1789134918802236,-2.2861058712005615
1789134918810236,-2.29046893119812
1789134918820236,-2.2954177856445312
1789134918830236,-2.297407388687134
1789134918840236,-2.302861213684082
1789134918850236,4.336001396179199
1789134918862236,4.341714859008789
1789134918864236,4.34239387512207
1789134918880236,4.3430304527282715
1789134918890236,4.341930866241455
1789134918898236,-1.7481224536895752
1789134918910236,-2.437498092651367
1789134918922236,-2.079845428466797
1789134918930236,-2.08396577835083
1789134918940236,-2.088801145553589
1789134918948236,-2.090543746948242
1789134918960236,-2.096724271774292
1789134918970236,4.039851188659668
1789134918982236,3.6022353172302246
1789134918990236,3.604187250137329
1789134918996236,3.6038689613342285
1789134919010236,3.6012091636657715
1789134919020236,3.5968339443206787
1789134919032236,-4.453243255615234
1789134919042236,-6.61968469619751
1789134919050236,-6.62861967086792
1789134919058236,-6.6376519203186035
1789134919070236,-6.64942741394043
1789134919080236,-6.6605963706970215
1789134919092236,-1.5852785110473633
1789134919102236,-0.02318493463099003
1789134919110236,-0.02502424642443657
1789134919120236,-0.024332690984010696
1789134919128236,-0.021933160722255707
1789134919140236,-0.014418670907616615
1789134919150236,8.578670501708984
1789134919162236,9.31518840789795
1789134919170236,9.32328987121582
1789134919180236,9.33243465423584
1789134919190236,9.338629722595215
1789134919198236,4.439591407775879
1789134919210236,2.339043617248535
1789134919222236,1.0828757286071777
1789134919226236,1.0825190544128418
1789134919240236,1.0782073736190796
1789134919250236,1.0744057893753052
1789134919260236,1.0735266208648682
1789134919272236,2.615358591079712
1789134919282236,4.682046890258789
1789134919290236,4.685181617736816
1789134919300236,4.688394069671631
1789134919310236,4.688547611236572
1789134919318236,-0.04128977283835411
1789134919330236,-0.5677988529205322
1789134919342236,0.1639595478773117
1789134919348236,0.16269567608833313
1789134919358236,0.16364605724811554
1789134919370236,0.1654590517282486
1789134919380236,0.17048279941082
1789134919390236,8.007818222045898
1789134919402236,8.606431007385254
1789134919410236,8.613724708557129
1789134919420236,8.622215270996094
1789134919428236,5.081516742706299
1789134919440236,5.0852508544921875
1789134919450236,3.477363109588623
1789134919462236,3.2264394760131836
1789134919470236,3.2279627323150635
1789134919480236,3.2282421588897705
1789134919490236,3.2277896404266357
1789134919500236,3.2245564460754395
1789134919510236,-2.7442500591278076
1789134919520236,-2.7502965927124023
1789134919524236,-3.7940680980682373
1789134919540236,-3.8054287433624268
1789134919548236,-3.8113760948181152
1789134919560236,-1.6911109685897827
1789134919572236,0.9537966251373291
1789134919580236,0.9529455304145813
1789134919590236,2.05522084236145
1789134919600236,2.0579235553741455
1789134919610236,2.060863733291626
1789134919620236,2.0612690448760986
1789134919632236,2.3938629627227783
1789134919640236,2.3945412635803223
1789134919650236,1.8481106758117676
1789134919656236,1.8481823205947876
1789134919670236,1.8481276035308838
1789134919680236,2.745443344116211
1789134919692236,3.0105831623077393
1789134919702236,2.131983518600464
1789134919710236,2.1323776245117188
1789134919720236,2.131178140640259
1789134919730236,2.130033493041992
1789134919740236,2.130525827407837
1789134919752236,1.341657280921936
1789134919754236,1.3415454626083374
1789134919770236,1.5447198152542114
1789134919780400,1.544927954673767
1789134919788400,1.5446975231170654
1789134919800400,1.5443516969680786
1789134919812400,6.860167980194092
1789134919820400,6.865606307983398
1789134919830400,7.84187650680542
1789134919840400,7.848288059234619
1789134919850400,7.85284948348999
1789134919860400,2.1187641620635986
1789134919872400,1.610207438468933
1789134919880400,1.6100159883499146
1789134919886400,0.40168455243110657
1789134919900400,0.39987868070602417
1789134919910400,0.4012383222579956
1789134919920400,4.45400333404541
1789134919932400,4.000725746154785
1789134919940400,4.003079891204834
1789134919948400,2.8109757900238037
1789134919960400,2.8103911876678467
1789134919970400,2.808725595474243
1789134919980400,2.810077428817749
1789134919992400,-3.137977123260498
1789134920000400,-3.1432363986968994
1789134920010400,-5.35873556137085
1789134920018400,-5.3665642738342285
1789134920030400,-5.376059055328369
1789134920040400,-5.3855743408203125
1789134920052400,-0.9106751084327698
1789134920058400,-0.9127964377403259
1789134920070400,0.33127328753471375
1789134920080400,0.33224359154701233
1789134920088400,4.342111587524414
1789134920100400,4.346278190612793
1789134920112400,4.72989559173584
1789134920118400,4.7322821617126465
1789134920130400,3.272475004196167
1789134920140400,3.274031639099121
1789134920148400,3.2756545543670654
1789134920160400,-0.348969429731369
1789134920172400,-2.03205943107605
1789134920180400,-2.0360939502716064
1789134920184400,-1.6108667850494385
1789134920200400,-1.616417646408081
1789134920210400,-1.6184343099594116
1789134920220400,3.050199270248413
1789134920232400,3.023189067840576
1789134920240400,3.0245609283447266
1789134920250400,0.05354854092001915
1789134920260400,0.050348881632089615
1789134920270400,0.04702400043606758
1789134920280400,0.0447804257273674
1789134920292400,1.7985161542892456
1789134920300400,1.798594355583191
1789134920310400,2.9004170894622803
1789134920316400,2.9013562202453613
1789134920330400,2.905134439468384
1789134920340400,2.9066991806030273
1789134920352400,0.4595261514186859
1789134920360400,0.45816707611083984
1789134920370400,-1.521586298942566
1789134920380400,-1.5255050659179688
1789134920390400,-1.5275378227233887
1789134920400400,-1.5318704843521118
1789134920412400,4.605483055114746
1789134920414400,4.6062541007995605
1789134920430400,5.620721817016602
1789134920440400,5.624176502227783
1789134920448400,5.628333568572998
1789134920460400,5.6345696449279785
1789134920472400,-1.1625546216964722
1789134920480400,-1.1656523942947388
1789134920490400,-2.4049203395843506
1789134920500400,-2.410900115966797
1789134920510400,-2.416081428527832
1789134920520400,-1.0482133626937866
1789134920532400,1.5330864191055298
1789134920540400,1.5328938961029053
1789134920546400,2.758173704147339
1789134920560400,2.763949155807495
1789134920570400,2.7676682472229004
1789134920580400,2.7690606117248535
1789134920592400,1.8801984786987305
1789134920600400,1.8803623914718628
1789134920610400,-0.12360280007123947
1789134920620400,-0.12596888840198517
1789134920630400,-0.12602993845939636
1789134920640400,3.075836658477783
1789134920652400,2.5135915279388428
1789134920660400,2.5144340991973877
1789134920670400,1.360402226448059
1789134920678400,1.3586978912353516
1789134920690400,1.3562086820602417
1789134920700400,1.3557239770889282
1789134920712400,2.636934995651245
1789134920720400,2.637913942337036
1789134920730400,3.04902720451355
1789134920740400,3.0503058433532715
1789134920748400,0.3382989764213562
1789134920760400,0.3360832929611206
1789134920772400,0.9442188739776611
1789134920778563,0.9435991644859314
1789134920784563,2.1683712005615234
1789134920800563,2.173222064971924
1789134920810563,2.175703763961792
1789134920820563,2.1763036251068115
1789134920832563,1.0059159994125366
1789134920840563,1.0051469802856445
1789134920844563,1.5845617055892944
1789134920860563,1.5862234830856323
1789134920868563,4.933081150054932
1789134920880563,6.080552101135254
1789134920892563,3.3209502696990967
1789134920900563,3.322636127471924
1789134920910563,2.108065366744995
1789134920920563,2.1072423458099365
1789134920930563,2.1063599586486816
1789134920940563,2.1068472862243652
1789134920952563,1.7937318086624146
1789134920960563,1.7937873601913452
1789134920970563,1.7367792129516602
1789134920976563,1.7367751598358154
1789134920990563,1.741584062576294
1789134921000563,5.814254283905029
1789134921012563,5.333755016326904
1789134921020563,5.337570667266846
1789134921030563,4.155160427093506
1789134921040563,4.156980037689209
1789134921050563,4.157415866851807
1789134921060563,-0.29035046696662903
1789134921070563,-1.189975619316101
1789134921080563,-1.193913459777832
1789134921090563,-0.9165375232696533
1789134921100563,-0.919301450252533
1789134921108563,-0.9221522212028503
1789134921120563,3.504633665084839
1789134921132563,2.8067078590393066
1789134921140563,2.807832717895508
1789134921148563,1.648461937904358
1789134921160563,1.6471654176712036
1789134921170563,1.64664888381958
1789134921180563,3.535017251968384
1789134921192563,4.290963172912598
1789134921200563,4.293667316436768
1789134921206563,1.8797962665557861
1789134921220563,1.878491997718811
1789134921230563,1.8769840002059937
1789134921240563,1.1208745241165161
1789134921252563,3.0345287322998047
1789134921260563,3.0358939170837402
1789134921270563,4.463668346405029
1789134921280563,4.466783046722412
1789134921290563,4.468783378601074
1789134921300563,4.47238826751709
1789134921312563,0.011616301722824574
1789134921320563,0.009741414338350296
1789134921330563,-1.3916622400283813
1789134921338563,-1.3954485654830933
1789134921348563,-1.3996551036834717
1789134921360563,1.9403700828552246
1789134921372563,4.841740131378174
1789134921380563,4.845033168792725
1789134921390563,4.79209041595459
1789134921400563,4.794795036315918
1789134921410563,4.796391010284424
1789134921420563,4.800432205200195
1789134921432563,-0.6393917798995972
1789134921438563,-0.6413217186927795
1789134921450563,-2.6381325721740723
1789134921460563,-2.6437835693359375
1789134921470563,-2.6491479873657227
1789134921480563,-1.236831545829773
1789134921492563,1.3142985105514526
1789134921500563,1.3138400316238403
1789134921504563,2.1774566173553467
1789134921520563,2.181549310684204
1789134921530563,2.1841847896575928
1789134921540563,2.2566802501678467
1789134921552563,1.2355780601501465
1789134921560563,1.2350276708602905
1789134921570563,-0.995147705078125
1789134921580563,-0.9986461997032166
1789134921590563,-0.9999359846115112
1789134921600563,-1.0035927295684814
1789134921612563,4.146171569824219
1789134921620563,4.14874267578125
1789134921630563,5.306453704833984
1789134921636563,5.309304237365723
1789134921650563,5.3120245933532715
1789134921660563,5.316775798797607
1789134921672563,-0.5998875498771667
1789134921680563,-0.6024006009101868
1789134921690563,-2.833008050918579
1789134921700563,-2.839291572570801
1789134921710563,-2.8434321880340576
1789134921720563,-2.8495395183563232
1789134921732563,1.9558422565460205
1789134921734563,1.9559038877487183
1789134921748563,3.1158945560455322
1789134921760563,3.1189141273498535
1789134921768563,3.1203951835632324
1789134921780563,3.122616767883301
1789134921792726,-0.1186523362994194
1789134921800726,-0.12063024193048477
1789134921810726,-1.2958025932312012
1789134921820726,-1.299862265586853
1789134921830726,-1.3018101453781128
1789134921840726,1.5002189874649048
1789134921852726,3.68709135055542
1789134921860726,3.68918776512146
1789134921866726,4.9747633934021
1789134921880726,4.979624271392822
1789134921890726,4.981939792633057
1789134921900726,4.986270427703857
1789134921912726,0.39986929297447205
1789134921920726,0.39843738079071045
1789134921930726,-1.4370907545089722
1789134921940726,-1.4411780834197998
1789134921948726,-1.4445635080337524
1789134921960726,-1.4496413469314575
1789134921972726,4.837799072265625
1789134921980726,4.84112024307251
1789134921990726,6.240261077880859
1789134921998726,6.24331521987915
1789134922010726,6.246066093444824
1789134922020726,6.252075672149658
1789134922032726,-0.6265531778335571
1789134922040726,-0.6290885806083679
1789134922050726,-3.0850210189819336
1789134922058726,-3.0907700061798096
1789134922068726,-1.561814308166504
1789134922080726,-1.5670815706253052
1789134922092726,1.8375571966171265
1789134922098726,1.8376507759094238
1789134922110726,3.0452675819396973
1789134922120726,3.0475494861602783
1789134922130726,3.0495362281799316
1789134922140726,3.051299571990967
1789134922152726,0.5771475434303284
1789134922162726,-1.6765713691711426
1789134922164726,-1.6774791479110718
1789134922180726,-1.6838184595108032
1789134922190726,-1.687040090560913
1789134922200726,0.5863903760910034
1789134922212726,3.182048797607422
1789134922220726,3.1836161613464355
1789134922230726,3.8098254203796387
1789134922240726,3.811415672302246
1789134922250726,3.811389446258545
1789134922260726,3.8141801357269287
1789134922272726,-2.096730947494507
1789134922280726,-2.1008052825927734
1789134922290726,-4.097970008850098
1789134922296726,-4.102617263793945
1789134922310726,-4.110105037689209
1789134922320726,-0.8166434168815613
1789134922332726,2.172600507736206
1789134922340726,2.1731138229370117
1789134922348726,3.284898042678833
1789134922360726,3.2860734462738037
1789134922370726,3.2855451107025146
1789134922380726,3.2876670360565186
1789134922392726,-1.8630787134170532
1789134922402726,-4.040420055389404
1789134922410726,-4.046533584594727
1789134922420726,-4.05448055267334
1789134922428726,-4.059973239898682
1789134922440726,-4.069142818450928
1789134922450726,0.1910664290189743
1789134922460726,0.1891080141067505
1789134922470726,1.1312766075134277
1789134922480726,1.132451057434082
1789134922490726,1.1355901956558228
1789134922500726,6.737046718597412
1789134922512726,6.445909023284912
1789134922520726,6.450999736785889
1789134922526726,3.456362009048462
1789134922540726,3.4580907821655273
1789134922548726,3.4599859714508057
1789134922560726,-1.322800874710083
1789134922572726,-2.5941274166107178
1789134922580726,-2.5986838340759277
1789134922590726,-2.4397263526916504
1789134922600726,-2.4439914226531982
1789134922610726,-2.446533203125
1789134922620726,-2.452009439468384
1789134922632726,3.4784371852874756
1789134922640726,3.480384111404419
1789134922650726,4.109333038330078
1789134922658726,4.110995769500732
1789134922670726,4.110126495361328
1789134922680726,-0.300029993057251
1789134922692726,-1.5181522369384766
1789134922700726,-1.52153742313385
1789134922710726,-1.5157254934310913
1789134922720726,-1.5186824798583984
1789134922730726,-1.5198919773101807
1789134922740726,-1.524110198020935
1789134922752726,4.62326717376709
1789134922758726,4.625655651092529
1789134922770726,6.799200057983398
1789134922780726,6.804504871368408
1789134922790889,6.806780815124512
1789134922800889,1.3112330436706543
1789134922812889,-0.4747386872768402
1789134922820889,-0.4770129919052124
1789134922824889,-0.8148291707038879
1789134922840889,-0.8168385028839111
1789134922850889,-0.8163212537765503
1789134922860889,4.815810680389404
1789134922872889,4.887176513671875
1789134922880889,4.890622615814209
1789134922890889,2.0333709716796875
1789134922900889,2.0329253673553467
1789134922910889,2.031015396118164
1789134922920889,-2.561098575592041
1789134922932889,-2.859879732131958
1789134922940889,-2.8646888732910156
1789134922948889,-2.318770408630371
1789134922956889,-2.3229928016662598
1789134922970889,-2.325517177581787
1789134922980889,-2.3307952880859375
1789134922990889,4.153802394866943
1789134923000889,4.157175064086914
1789134923010889,5.014392852783203
1789134923020889,5.017995834350586
1789134923030889,5.018908977508545
1789134923040889,0.8137177228927612
1789134923052889,-0.9387576580047607
1789134923054889,-0.9394442439079285
1789134923070889,0.10605888813734055
1789134923080889,0.10527712106704712
1789134923088889,0.10364954173564911
1789134923100889,0.10120803117752075
1789134923112889,6.829750061035156
1789134923120889,6.835300445556641
1789134923130889,8.914228439331055
1789134923140889,8.922266006469727
1789134923148889,8.930023193359375
1789134923160889,3.7475433349609375
1789134923172889,2.629535675048828
1789134923182889,1.9028226137161255
1789134923186889,1.9029473066329956
1789134923200889,1.9006257057189941
1789134923210889,1.8979076147079468
1789134923220889,1.8982192277908325
1789134923232889,-0.7768887281417847
1789134923240889,-0.7794926166534424
1789134923250889,-1.0181832313537598
1789134923260889,-1.0219306945800781
1789134923270889,-1.0232597589492798
1789134923280889,1.8513544797897339
1789134923292889,1.6730377674102783
1789134923300889,1.6730602979660034
1789134923310889,0.6283998489379883
1789134923318889,0.6273211240768433
1789134923330889,0.6271651983261108
1789134923340889,0.6258022785186768
1789134923352889,5.599268436431885
1789134923360889,5.603481769561768
1789134923370889,7.808837890625
1789134923380889,7.816897869110107
1789134923390889,7.822291851043701
1789134923400889,7.830488204956055
1789134923412889,3.0509896278381348
1789134923418889,3.052077293395996
1789134923430889,2.2343785762786865
1789134923440889,2.232884168624878
1789134923450889,2.2294578552246094
1789134923460889,2.2301788330078125
1789134923472889,-4.232748031616211
1789134923480889,-4.2390642166137695
1789134923484889,-4.450240612030029
1789134923500889,-4.462705612182617
1789134923510889,-4.467517852783203
1789134923520889,-0.4076117277145386
1789134923532889,2.9797115325927734
1789134923540889,2.9811253547668457
1789134923548889,3.9814565181732178
1789134923560889,3.983630418777466
1789134923570889,3.9839208126068115
1789134923580889,3.987018585205078
1789134923592889,-1.4937647581100464
1789134923600889,-1.497135043144226
1789134923610889,-3.32452654838562
1789134923616889,-3.3283965587615967
1789134923630889,-3.3355672359466553
1789134923638889,0.4266870319843292
1789134923650889,3.8468103408813477
1789134923660889,3.8497517108917236
1789134923670889,4.439681053161621
1789134923680889,4.442150592803955
1789134923690889,4.442476272583008
1789134923700889,4.446199893951416
1789134923712889,-1.8702675104141235
1789134923722889,-3.7930800914764404
1789134923730889,-3.7988855838775635
1789134923740889,-3.80661940574646
1789134923748889,-3.812425374984741
1789134923760889,-2.3645381927490234
1789134923772889,0.5202792882919312
1789134923780889,0.5191091895103455
1789134923790889,1.6295621395111084
1789134923801052,1.6319525241851807
1789134923811052,1.6356046199798584
1789134923821052,5.198720455169678
1789134923831052,4.175564765930176
1789134923843052,1.3876348733901978
1789134923847052,1.3875046968460083
1789134923861052,1.3859035968780518
1789134923871052,1.3843306303024292
1789134923879052,1.321445107460022
1789134923891052,3.2611501216888428
1789134923901052,3.2633237838745117
1789134923911052,3.8894448280334473
1789134923921052,3.8908159732818604
1789134923931052,3.8906965255737305
1789134923941052,3.8937013149261475
1789134923953052,-2.0046422481536865
1789134923961052,-2.0085289478302
1789134923971052,-3.4030466079711914
1789134923979052,-3.4081220626831055
1789134923991052,-3.412228584289551
1789134924001052,-3.4189376831054688
1789134924013052,3.3001749515533447
1789134924021052,3.3019814491271973
1789134924031052,3.594773530960083
1789134924041052,3.595496416091919
1789134924051052,3.5943055152893066
1789134924061052,-1.7595809698104858
1789134924073052,-1.860636591911316
1789134924079052,-1.8634099960327148
1789134924091052,-1.2544262409210205
1789134924101052,-1.2577393054962158
1789134924111052,-1.2584152221679688
1789134924121052,2.8154170513153076
1789134924133052,2.4837191104888916
1789134924141052,2.484665870666504
1789134924145052,1.2922340631484985
1789134924161052,1.2881203889846802
1789134924171052,1.2860496044158936
1789134924181052,1.8825684785842896
1789134924193052,2.3054261207580566
1789134924201052,2.3061881065368652
1789134924211052,0.5063074231147766
1789134924221052,0.5042775273323059
1789134924231052,0.502111554145813
1789134924241052,0.8753655552864075
1789134924253052,3.040188789367676
1789134924261052,3.0417416095733643
1789134924271052,4.393453121185303
1789134924277052,4.39569616317749
1789134924291052,4.3974199295043945
1789134924301052,4.401157855987549
1789134924313052,-0.9255055785179138
1789134924321052,-0.9281987547874451
1789134924331052,-3.103909969329834
1789134924341052,-3.110280752182007
1789134924349052,-3.115288257598877
1789134924361052,-0.6497998237609863
1789134924373052,2.2424778938293457
1789134924375052,2.242656946182251
1789134924391052,3.1741340160369873
1789134924401052,3.175281286239624
1789134924409052,3.176987886428833
1789134924421052,3.1795475482940674
1789134924433052,-2.374438524246216
1789134924441052,-2.378657341003418
1789134924451052,-4.49183988571167
1789134924461052,-4.499755859375
1789134924471052,-4.507363796234131
1789134924481052,-1.610862374305725
1789134924493052,1.3290672302246094
1789134924501052,1.3288393020629883
1789134924507052,2.3695945739746094
1789134924521052,2.3744025230407715
1789134924531052,2.378702402114868
1789134924541052,2.3798041343688965
1789134924553052,2.6932783126831055
1789134924561052,2.6944925785064697
1789134924571052,0.8352978229522705
1789134924581052,0.8334202170372009
1789134924591052,0.8312216401100159
1789134924601052,0.8302617073059082
1789134924613052,3.0357935428619385
1789134924621052,3.0373775959014893
1789134924631052,4.212119102478027
1789134924639052,4.213362693786621
1789134924651052,4.213510036468506
1789134924661052,4.2170515060424805
1789134924673052,-1.6643304824829102
1789134924681052,-1.6677734851837158
1789134924691052,-3.882394313812256
1789134924701052,-3.8893444538116455
1789134924711052,-3.894432544708252
1789134924721052,-3.9016799926757812
1789134924733052,3.7560718059539795
1789134924739052,3.75785493850708
1789134924749052,4.699584007263184
1789134924761052,4.702315807342529
1789134924771052,4.7029218673706055
1789134924781052,4.707143783569336
1789134924793052,-2.3365368843078613
1789134924801214,-2.3406758308410645
1789134924805214,-3.1217305660247803
1789134924821214,-3.132087230682373
1789134924831214,-3.137629747390747
1789134924841214,-0.8424822092056274
1789134924851214,1.8293163776397705
1789134924861214,1.8297325372695923
1789134924867214,3.135265588760376
1789134924881214,3.139849901199341
1789134924891214,3.1425108909606934
1789134924901214,3.1446659564971924
1789134924913214,0.519471287727356
1789134924921214,0.5183931589126587
1789134924931214,-0.306121826171875
1789134924937214,-0.30758804082870483
1789134924949214,-0.31052058935165405
1789134924961214,4.190162181854248
1789134924973214,3.597045421600342
1789134924981214,3.5992534160614014
1789134924991214,2.392498016357422
1789134925001214,2.392062187194824
1789134925011214,2.3899855613708496
1789134925021214,2.3911354541778564
1789134925033214,-3.3109207153320312
1789134925035214,-3.312211275100708
1789134925051214,-3.860267162322998
1789134925059214,-3.8652148246765137
1789134925069214,-3.8723831176757812
1789134925081214,0.19726112484931946
1789134925093214,3.511957883834839
1789134925101214,3.5141067504882812
1789134925111214,4.023562431335449
1789134925121214,4.025088310241699
1789134925131214,4.024994373321533
1789134925141214,-1.333397626876831
1789134925153214,-2.029810667037964
1789134925163214,-1.2856037616729736
1789134925167214,-1.2870861291885376
1789134925181214,-1.2910195589065552
1789134925191214,-1.2924734354019165
1789134925201214,2.491809844970703
1789134925211214,2.3009231090545654
1789134925223214,1.086594820022583
1789134925231214,1.0861661434173584
1789134925241214,1.084044098854065
1789134925251214,1.0823724269866943
1789134925261214,1.081836462020874
1789134925273214,3.158644199371338
1789134925281214,3.1604297161102295
1789134925291214,3.4266245365142822
1789134925299214,3.4279916286468506
1789134925311214,3.4278500080108643
1789134925319214,-0.5810814499855042
1789134925331214,-2.0777738094329834
1789134925343214,-1.3305792808532715
1789134925349214,-1.3328269720077515
1789134925361214,-1.3337886333465576
1789134925371214,-1.3328757286071777
1789134925381214,-1.336621880531311
1789134925393214,6.318868160247803
1789134925399214,6.322746276855469
1789134925411214,8.744433403015137
1789134925421214,8.752235412597656
1789134925431214,8.756916046142578
1789134925441214,2.939377546310425
1789134925453214,1.4172276258468628
1789134925461214,1.4171334505081177
1789134925465214,0.4034616947174072
1789134925481214,0.4045892357826233
1789134925491214,0.40667101740837097
1789134925501214,5.87125825881958
1789134925513214,5.668900012969971
1789134925521214,5.6733293533325195
1789134925531214,2.6210591793060303
1789134925541214,2.6216089725494385
1789134925549214,2.6211555004119873
1789134925561214,2.6229138374328613
1789134925573214,-2.7302799224853516
1789134925581214,-2.734818458557129
1789134925591214,-3.626877546310425
1789134925597214,-3.6309893131256104
1789134925611214,-3.6397998332977295
1789134925621214,-3.643613338470459
1789134925631214,0.2549567222595215
1789134925643214,2.5341386795043945
1789134925651214,2.5352535247802734
1789134925661214,2.53745174407959
1789134925671214,2.539294481277466
1789134925681214,2.5406877994537354
1789134925693214,-0.29421067237854004
1789134925695214,-0.29468822479248047
1789134925711214,-1.2516652345657349
1789134925721214,-1.2555996179580688
1789134925729214,-1.2585244178771973
1789134925741214,-1.262911319732666
1789134925753214,2.7077159881591797
1789134925761214,2.709028959274292
1789134925771214,4.906352519989014
1789134925781214,4.910040378570557
1789134925791214,4.910593509674072
1789134925801214,-0.08609438687562943
1789134925813376,-1.511439561843872
1789134925821376,-1.514635443687439
1789134925827376,-0.631510853767395
1789134925841376,-0.6325833797454834
1789134925851376,-0.6317755579948425
1789134925861376,-0.6345904469490051
1789134925873376,6.051724910736084
1789134925881376,6.056602954864502
1789134925891376,8.046819686889648
1789134925901376,8.053682327270508
1789134925911376,8.057279586791992
1789134925921376,8.066019058227539
1789134925933376,-0.45734119415283203
1789134925941376,-0.4594450294971466
1789134925949376,-0.6808437705039978
1789134925959376,-0.6845911145210266
1789134925971376,-0.6891252398490906
1789134925981376,-0.692047119140625
1789134925993376,1.5444544553756714
1789134926001376,1.5445057153701782
1789134926011376,3.7695157527923584
1789134926021376,3.7739129066467285
1789134926031376,3.778191328048706
1789134926041376,3.781217575073242
1789134926051376,1.716971516609192
1789134926063376,1.1333969831466675
1789134926071376,1.1329936981201172
1789134926081376,1.1341761350631714
1789134926091376,1.1370277404785156
1789134926101376,1.1422208547592163
1789134926113376,7.536065101623535
1789134926123376,8.138374328613281
1789134926125376,8.140135765075684
1789134926141376,8.152276039123535
1789134926149376,8.156392097473145
1789134926159376,3.446253776550293
1789134926173376,2.363884925842285
1789134926181376,2.364744186401367
1789134926191376,1.5019586086273193
1789134926201376,1.50101637840271
1789134926211376,1.5005877017974854
1789134926221376,1.5005112886428833
1789134926233376,4.383029460906982
1789134926241376,4.38604211807251
1789134926251376,6.860503673553467
1789134926257376,6.864737033843994
1789134926271376,6.868797302246094
1789134926281376,2.391932725906372
1789134926293376,1.2158938646316528
1789134926301376,1.2155044078826904
1789134926311376,1.5566507577896118
1789134926321376,1.5581080913543701
1789134926331376,1.5605993270874023
1789134926341376,1.5605673789978027
1789134926351376,8.369622230529785
1789134926361376,8.378667831420898
1789134926371376,8.991342544555664
1789134926381376,9.000212669372559
1789134926389376,9.008091926574707
1789134926401376,9.013405799865723
1789134926411376,1.8986196517944336
1789134926421376,1.8989810943603516
1789134926431376,1.2104476690292358
1789134926441376,1.2102839946746826
1789134926451376,1.2123719453811646
1789134926461376,5.841737270355225
1789134926471376,5.812052249908447
1789134926481376,5.817617416381836
1789134926487376,2.769505500793457
1789134926501376,2.770275115966797
1789134926511376,2.7690138816833496
1789134926521376,-0.9537227749824524
1789134926533376,-2.344802141189575
1789134926541376,-2.349050521850586
1789134926549376,-1.7021214962005615
1789134926561376,-1.7054635286331177
1789134926571376,-1.7068382501602173
1789134926581376,-1.711281180381775
1789134926591376,4.338257789611816
1789134926603376,4.8177618980407715
1789134926611376,4.821168422698975
1789134926619376,4.8235650062561035
1789134926631376,4.824623107910156
1789134926641376,-0.08496057987213135
1789134926651376,-1.3985131978988647
1789134926661376,-1.4025477170944214
1789134926671376,-1.1710370779037476
1789134926681376,-1.1736427545547485
1789134926691376,-1.17400062084198
1789134926701376,-1.177721619606018
1789134926711376,5.382317066192627
1789134926719376,5.386332035064697
1789134926731376,5.683258056640625
1789134926741376,5.68799352645874
1789134926749376,5.692318916320801
1789134926761376,0.9098570346832275
1789134926771376,-0.3057040274143219
1789134926781376,-0.3082951009273529
1789134926785376,0.5788649320602417
1789134926801376,0.579979658126831
1789134926811538,0.5819848775863647
1789134926819538,5.944596767425537
1789134926833538,5.8325910568237305
1789134926841538,5.837056636810303
1789134926851538,2.6601827144622803
1789134926861538,2.6605188846588135
1789134926869538,-0.004659042693674564
1789134926881538,-0.007310436572879553
1789134926893538,-0.5296932458877563
1789134926901538,-0.5320150852203369
1789134926911538,0.42631834745407104
1789134926917538,0.42534488439559937
1789134926931538,0.428220272064209
1789134926941538,0.42659810185432434
1789134926953538,7.157902717590332
1789134926961538,7.163783550262451
1789134926971538,9.576399803161621
1789134926981538,9.585118293762207
1789134926991538,9.590582847595215
1789134927001538,3.5941827297210693
1789134927013538,1.9935672283172607
1789134927015538,1.9936498403549194
1789134927031538,1.6981477737426758
1789134927041538,1.698042869567871
1789134927049538,1.6980578899383545
1789134927061538,4.217654228210449
1789134927073538,4.7779541015625
1789134927081538,4.781249046325684
1789134927091538,2.4385812282562256
1789134927101538,2.438973903656006
1789134927111538,2.4381914138793945
1789134927121538,0.41689810156822205
1789134927133538,0.7939249277114868
1789134927141538,0.7929688692092896
1789134927147538,2.367910861968994
1789134927161538,2.3714232444763184
1789134927171538,2.3735151290893555
1789134927181538,2.3744192123413086
1789134927193538,1.0580260753631592
1789134927201538,1.0573444366455078
1789134927211538,0.48940181732177734
1789134927221538,0.4883933663368225
1789134927231538,0.49022457003593445
1789134927241538,4.904138565063477
1789134927253538,4.431272506713867
1789134927261538,4.434183120727539
1789134927271538,3.222750663757324
1789134927279538,3.2230751514434814
1789134927291538,3.222240686416626
1789134927301538,3.2242612838745117
1789134927313538,-2.324002742767334
1789134927321538,-2.328305244445801
1789134927331538,-4.095728874206543
1789134927341538,-4.103314399719238
1789134927349538,-4.109494209289551
1789134927361538,-4.118763446807861
1789134927373538,0.49815356731414795
1789134927379538,0.4972188472747803
1789134927391538,1.8819174766540527
1789134927401538,1.8850067853927612
1789134927411538,1.889859676361084
1789134927421538,1.8901476860046387
1789134927433538,6.617140769958496
1789134927441538,6.622411727905273
1789134927445538,7.274351596832275
1789134927461538,7.2837443351745605
1789134927471538,7.287714004516602
1789134927481538,2.1892249584198
1789134927493538,1.2671095132827759
1789134927501538,1.2666462659835815
1789134927511538,1.3223170042037964
1789134927521538,1.323323369026184
1789134927531538,1.325042724609375
1789134927541538,1.3245385885238647
1789134927553538,7.026645183563232
1789134927563538,9.04125690460205
1789134927571538,9.049074172973633
1789134927577538,9.053962707519531
1789134927591538,9.061539649963379
1789134927601538,9.071310997009277
1789134927611538,3.402604341506958
1789134927623538,3.069014549255371
1789134927631538,3.070418119430542
1789134927641538,3.0715572834014893
1789134927651538,3.070932626724243
1789134927661538,3.0726864337921143
1789134927671538,-2.2113230228424072
1789134927675538,-2.2134368419647217
1789134927691538,-3.490499258041382
1789134927701538,-3.4973342418670654
1789134927709538,-3.5029120445251465
1789134927721538,-3.5112786293029785
1789134927733538,1.5660383701324463
1789134927741538,1.5658838748931885
1789134927749538,2.639845609664917
1789134927761538,2.6440036296844482
1789134927771538,2.6481857299804688
1789134927781538,3.281834125518799
1789134927791538,2.015409469604492
1789134927801538,2.0158004760742188
1789134927807538,1.5373239517211914
1789134927821700,1.5380923748016357
1789134927831700,1.5401089191436768
1789134927841700,1.539862036705017
1789134927853700,7.486446857452393
1789134927861700,7.49259090423584
1789134927867700,8.470404624938965
1789134927881700,8.480701446533203
1789134927891700,8.48591136932373
1789134927901700,8.494888305664062
1789134927913700,1.273015022277832
1789134927923700,-1.48372483253479
1789134927931700,-1.4871909618377686
1789134927939700,-1.490928053855896
1789134927949700,-1.4952608346939087
1789134927961700,-1.5004600286483765
1789134927973700,1.8987724781036377
1789134927983700,2.8314223289489746
1789134927991700,2.8325812816619873
1789134928001700,2.8349268436431885
1789134928007700,3.022507667541504
1789134928021700,3.0248842239379883
1789134928033700,-0.29095155000686646
1789134928043700,-2.4526212215423584
1789134928051700,-2.4571032524108887
1789134928059700,-2.461705446243286
1789134928071700,-2.4667580127716064
1789134928081700,-2.472360849380493
1789134928093700,1.9831515550613403
1789134928101700,1.983427882194519
1789134928105700,3.0196588039398193
1789134928121700,3.0197575092315674
1789134928131700,3.018558979034424
1789134928141700,-2.1067919731140137
1789134928153700,-2.9895429611206055
1789134928161700,-2.9945626258850098
1789134928171700,-2.1187353134155273
1789134928181700,-2.1232821941375732
1789134928191700,-2.1256911754608154
1789134928201700,1.2614904642105103
1789134928213700,4.166432857513428
1789134928221700,4.169066905975342
1789134928231700,5.2763261795043945
1789134928237700,5.278409481048584
1789134928251700,5.281472682952881
1789134928261700,5.286235809326172
1789134928271700,-0.5193774104118347
1789134928281700,-0.5223599076271057
1789134928291700,-1.8024611473083496
1789134928301700,-1.8069521188735962
1789134928311700,-1.8097525835037231
1789134928321700,-1.8144357204437256
1789134928333700,3.630608081817627
1789134928335700,3.631124258041382
1789134928349700,4.785693168640137
1789134928361700,4.788455486297607
1789134928369700,4.791747093200684
1789134928381700,4.796684265136719
1789134928393700,-1.6253753900527954
1789134928401700,-1.6289376020431519
1789134928411700,-3.87990403175354
1789134928421700,-3.88747501373291
1789134928431700,-3.8944525718688965
1789134928441700,-2.2095324993133545
1789134928453700,0.5466203093528748
1789134928461700,0.5454145073890686
1789134928467700,1.6862198114395142
1789134928481700,1.6902110576629639
1789134928491700,1.6928954124450684
1789134928501700,1.6929093599319458
1789134928513700,3.256648302078247
1789134928521700,3.2583272457122803
1789134928531700,2.3060786724090576
1789134928541700,2.3060550689697266
1789134928547700,2.306551694869995
1789134928561700,2.3077101707458496
1789134928573700,-3.7555174827575684
1789134928581700,-3.7613184452056885
1789134928591700,-4.692501068115234
1789134928599700,-4.699425220489502
1789134928611700,-4.708673000335693
1789134928621700,-4.711938381195068
1789134928633700,1.2849730253219604
1789134928641700,1.2845933437347412
1789134928651700,3.720907211303711
1789134928661700,3.7244246006011963
1789134928671700,3.727721691131592
1789134928681700,3.7304916381835938
1789134928691700,1.444140911102295
1789134928699700,1.4439185857772827
1789134928711700,0.6140620112419128
1789134928721700,0.6138671040534973
1789134928731700,0.6152089238166809
1789134928741700,0.6138266921043396
1789134928753700,6.420144081115723
1789134928763700,8.66258430480957
1789134928765700,8.66445255279541
1789134928781700,8.676409721374512
1789134928791700,8.680770874023438
1789134928801700,2.712867498397827
1789134928813700,1.1779519319534302
1789134928821861,1.1774134635925293
1789134928831861,0.8161348700523376
1789134928841861,0.8149302005767822
1789134928851861,0.8148406744003296
1789134928861861,0.813687264919281
1789134928873861,5.038389205932617
1789134928881861,5.041971206665039
1789134928891861,7.653952121734619
1789134928897861,7.658720970153809
1789134928911861,7.663740158081055
1789134928921861,2.358809471130371
1789134928933861,1.5516870021820068
1789134928941861,1.551522135734558
1789134928949861,1.1985024213790894
1789134928961861,1.1979540586471558
1789134928971861,1.1983388662338257
1789134928981861,1.2016539573669434
1789134928991861,5.773508548736572
1789134928995861,5.775673866271973
1789134929011861,6.487656593322754
1789134929021861,6.493002891540527
1789134929029861,6.498081684112549
1789134929041861,2.4492571353912354
1789134929053861,1.268217921257019
1789134929059861,1.267838954925537
1789134929071861,0.7795173525810242
1789134929081861,0.7783966660499573
1789134929091861,0.7783721685409546
1789134929101861,3.883465051651001
1789134929113861,3.9453418254852295
1789134929121861,3.9476897716522217
1789134929127861,1.2235467433929443
1789134929141861,1.2212098836898804
1789134929149861,1.2199349403381348
1789134929161861,1.2845646142959595
1789134929171861,3.5438077449798584
1789134929181861,3.546207904815674
1789134929191861,4.035285472869873
1789134929201861,4.0365447998046875
1789134929211861,4.037010192871094
1789134929221861,4.034231662750244
1789134929231861,-2.4943065643310547
1789134929243861,-3.962740659713745
1789134929251861,-3.9688241481781006
1789134929259861,-3.974710702896118
1789134929271861,-3.9807987213134766
1789134929281861,-0.5750333070755005
1789134929293861,2.4440977573394775
1789134929301861,2.444875955581665
1789134929311861,3.571305751800537
1789134929321861,3.572535991668701
1789134929331861,3.5720152854919434
1789134929341861,3.57448673248291
1789134929353861,-2.319126605987549
1789134929359861,-2.3223586082458496
1789134929371861,-4.579375743865967
1789134929381861,-4.587972164154053
1789134929391861,-4.59437894821167
1789134929401861,-1.6481152772903442
1789134929413861,1.3920851945877075
1789134929421861,1.3917759656906128
1789134929425861,2.4331705570220947
1789134929441861,2.4395182132720947
1789134929451861,2.443208694458008
1789134929461861,2.6095495223999023
1789134929473861,1.426956295967102
1789134929481861,1.4266709089279175
1789134929491861,-0.8581849336624146
1789134929501861,-0.8611483573913574
1789134929511861,-0.8621698021888733
1789134929521861,2.5417535305023193
1789134929533861,2.8449881076812744
1789134929541861,2.8462226390838623
1789134929549861,1.5957943201065063
1789134929557861,1.5956952571868896
1789134929571861,1.5928925275802612
1789134929581861,1.592768669128418
1789134929593861,3.2936360836029053
1789134929601861,3.2953505516052246
1789134929611861,5.40427303314209
1789134929621861,5.408362865447998
1789134929631861,5.409605979919434
1789134929641861,5.414553642272949
1789134929653861,-1.2716946601867676
1789134929655861,-1.272489070892334
1789134929671861,-2.2039551734924316
1789134929681861,-2.2094223499298096
1789134929689861,-2.2135848999023438
1789134929701861,-2.2198288440704346
1789134929713861,1.7937133312225342
1789134929721861,1.7938374280929565
1789134929731861,4.0312886238098145
1789134929741861,4.036139488220215
1789134929749861,4.038647174835205
1789134929759861,4.084414482116699
1789134929773861,1.8550893068313599
1789134929781861,1.8552600145339966
1789134929787861,0.777588427066803
1789134929801861,0.7763066291809082
1789134929811861,0.7765637636184692
1789134929821861,0.775341272354126
1789134929834022,5.416080474853516
1789134929842022,5.420052528381348
1789134929852022,7.113830089569092
1789134929862022,7.119422435760498
1789134929870022,2.547684907913208
1789134929882022,2.549020290374756
1789134929894022,-0.1065230593085289
1789134929902022,-0.10846468061208725
1789134929912022,-1.8118863105773926
1789134929920022,-1.8160154819488525
1789134929932022,-1.821425437927246
1789134929942022,-1.8261176347732544
1789134929954022,2.1433005332946777
1789134929962022,2.143784523010254
1789134929972022,4.085479259490967
1789134929982022,4.0874810218811035
1789134929992022,4.0863847732543945
1789134930002022,4.089574813842773
1789134930014022,-3.274512529373169
1789134930024022,-4.033863067626953
1789134930032022,-4.039970874786377
1789134930042022,-4.047867298126221
1789134930052022,-4.055856227874756
1789134930062022,-0.23890051245689392
1789134930074022,1.3998219966888428
1789134930082022,1.3995435237884521
1789134930086022,4.255797386169434
1789134930102022,4.262950420379639
1789134930112022,4.266924858093262
1789134930122022,3.447800874710083
1789134930134022,1.491692066192627
1789134930142022,1.4914929866790771
1789134930150022,0.5166975259780884
1789134930162022,0.5154207348823547
1789134930172022,0.5156028866767883
1789134930182022,0.5140560865402222
1789134930194022,5.25584602355957
1789134930202022,5.25966739654541
1789134930212022,7.1732072830200195
1789134930218022,7.177597999572754
1789134930232022,7.182301044464111
1789134930242022,2.456988573074341
1789134930254022,0.7767040729522705
1789134930262022,0.7757217884063721
1789134930272022,0.2629624307155609
1789134930282022,0.260272741317749
1789134930292022,0.25841665267944336
1789134930302022,0.25650760531425476
1789134930314022,3.6340157985687256
1789134930316022,3.6345348358154297
1789134930332022,5.707159519195557
1789134930342022,5.71115255355835
1789134930350022,5.715431213378906
1789134930362022,0.5517522096633911
1789134930374022,-1.3649985790252686
1789134930382022,-1.3682724237442017
1789134930392022,-1.0802855491638184
1789134930402022,-1.0830339193344116
1789134930412022,-1.0832703113555908
1789134930422022,4.388348579406738
1789134930434022,4.189701557159424
1789134930442022,4.192358016967773
1789134930448022,0.9418544769287109
1789134930462022,0.9391657710075378
1789134930472022,0.9367554187774658
1789134930482022,0.9357430338859558
1789134930494022,4.317594528198242
1789134930504022,5.024435043334961
1789134930512022,5.027982711791992
1789134930522022,5.031315326690674
1789134930532022,5.032928466796875
1789134930542022,5.037363052368164
1789134930554022,0.5243893265724182
1789134930562022,0.5231214761734009
1789134930572022,-1.6770269870758057
1789134930580022,-1.6804401874542236
1789134930592022,-1.6834840774536133
1789134930602022,-1.687996506690979
1789134930614022,3.064866781234741
1789134930624022,4.276538848876953
1789134930632022,4.279293060302734
1789134930642022,4.281713008880615
1789134930650022,1.1049106121063232
1789134930662022,1.1039576530456543
1789134930674022,-0.3347852826118469
1789134930684022,1.7528877258300781
1789134930692022,1.7529478073120117
1789134930702022,1.7533255815505981
1789134930712022,1.7561982870101929
1789134930722022,5.209563255310059
1789134930734022,3.420290470123291
1789134930742022,3.422116994857788
1789134930746022,1.8627500534057617
1789134930762022,1.8614635467529297
1789134930772022,1.860656499862671
1789134930782022,2.683851957321167
1789134930794022,2.3311078548431396
1789134930802022,2.331770658493042
1789134930812022,0.29678836464881897
1789134930822022,0.2938859462738037
1789134930832183,0.2902493178844452
1789134930842183,-0.3206661343574524
1789134930854183,1.605474829673767
1789134930864183,2.8322348594665527
1789134930868183,2.8328402042388916
1789134930878183,2.8359224796295166
1789134930892183,2.839393138885498
1789134930902183,2.839772939682007
1789134930914183,0.7716621160507202
1789134930922183,0.7706660032272339
1789134930932183,-1.7655744552612305
1789134930942183,-1.7701671123504639
1789134930950183,-1.772693157196045
1789134930962183,0.6820297837257385
1789134930974183,3.5619537830352783
1789134930976183,3.562453508377075
1789134930992183,4.151101112365723
1789134931002183,4.1526103019714355
1789134931010183,4.15523099899292
1789134931022183,4.1591620445251465
1789134931032183,-2.1334381103515625
1789134931044183,-3.4001853466033936
1789134931052183,-3.4056153297424316
1789134931060183,-3.410296678543091
1789134931072183,-3.412421703338623
1789134931082183,2.2402961254119873
1789134931094183,1.2517378330230713
1789134931104183,0.0014290747931227088
1789134931108183,0.0005360275390557945
1789134931122183,-0.002482631476595998
1789134931132183,-0.0035760309547185898
1789134931142183,-0.00580850662663579
1789134931152183,4.5617265701293945
1789134931162183,4.565585613250732
1789134931172183,5.251197814941406
1789134931182183,5.254972457885742
1789134931192183,5.255924701690674
1789134931202183,0.7083191871643066
1789134931214183,-0.7060965299606323
1789134931222183,-0.7086409330368042
1789134931232183,0.6725578904151917
1789134931240183,0.6726037263870239
1789134931252183,0.6742880940437317
1789134931262183,0.672950804233551
1789134931272183,6.794341564178467
1789134931284183,7.396732330322266
1789134931292183,7.402818202972412
1789134931302183,7.409754276275635
1789134931310183,3.6852450370788574
1789134931322183,3.688408613204956
1789134931332183,0.5508022308349609
1789134931344183,-0.4118204116821289
1789134931350183,-0.41351571679115295
1789134931362183,-0.41544339060783386
1789134931372183,-0.415195107460022
1789134931382183,-0.41802066564559937
1789134931392183,6.579965114593506
1789134931404183,6.816798210144043
1789134931406183,6.8181586265563965
1789134931422183,6.827444076538086
1789134931432183,6.831362724304199
1789134931442183,2.0070841312408447
1789134931454183,1.1461493968963623
1789134931464183,1.8146302700042725
1789134931472183,1.8147163391113281
1789134931482183,1.8160902261734009
1789134931492183,1.818378210067749
1789134931502183,1.8184857368469238
1789134931514183,5.764975547790527
1789134931524183,5.559369087219238
1789134931532183,5.563438892364502
1789134931538183,5.565504550933838
1789134931550183,5.566144943237305
1789134931562183,-0.32254159450531006
1789134931574183,-1.9142489433288574
1789134931584183,-1.419503927230835
1789134931592183,-1.4228777885437012
1789134931602183,-1.426056981086731
1789134931612183,-1.4270954132080078
1789134931622183,-1.4313127994537354
1789134931634183,4.8284125328063965
1789134931644183,6.957260608673096
1789134931652183,6.962831497192383
1789134931662183,6.968618392944336
1789134931670183,6.974188804626465
1789134931680183,0.7621055245399475
1789134931694183,-0.9806778430938721
1789134931702183,-0.983593761920929
1789134931712183,-0.7800729274749756
1789134931722183,-0.7828878164291382
1789134931732183,-0.7847778797149658
1789134931742183,3.009032964706421
1789134931754183,2.993492603302002
1789134931762183,2.994825839996338
1789134931768183,0.184000164270401
1789134931782183,0.18023203313350677
1789134931792183,0.1780109405517578
1789134931802183,0.17593130469322205
1789134931814183,3.206271171569824
1789134931822183,3.207841634750366
1789134931832183,3.948498010635376
1789134931842344,3.950873851776123
1789134931852344,3.951422691345215
1789134931862344,3.954369306564331
1789134931874344,-1.649160623550415
1789134931882344,-1.6527793407440186
1789134931892344,-3.812040090560913
1789134931900344,-3.818099021911621
1789134931912344,-3.825568914413452
1789134931922344,-3.8329615592956543
1789134931934344,0.5926748514175415
1789134931942344,0.5914896726608276
1789134931950344,1.8100961446762085
1789134931962344,1.8123306035995483
1789134931968344,4.091573715209961
1789134931982344,4.092742443084717
1789134931992344,0.8847289085388184
1789134932004344,-0.4465748369693756
1789134932012344,-0.4488684833049774
1789134932022344,-0.4513363242149353
1789134932032344,-0.4522384703159332
1789134932042344,-0.45130816102027893
1789134932052344,5.159529209136963
1789134932060344,5.163215160369873
1789134932066344,5.539921283721924
1789134932082344,5.544317722320557
1789134932092344,5.54625940322876
1789134932100344,-0.1131536066532135
1789134932112344,-0.8034398555755615
1789134932122344,-0.806797981262207
1789134932132344,-0.8568994402885437
1789134932142344,-0.8598385453224182
1789134932150344,-0.8625750541687012
1789134932162344,2.8067820072174072
1789134932174344,1.931846022605896
1789134932182344,1.9320900440216064
1789134932192344,0.7822595834732056
1789134932198344,0.781523585319519
1789134932212344,0.7793177366256714
1789134932222344,0.778091311454773
1789134932232344,4.101064682006836
1789134932244344,4.667876243591309
1789134932252344,4.6710405349731445
1789134932262344,4.674361705780029
1789134932272344,4.6759819984436035
1789134932280344,0.661756694316864
1789134932294344,-0.837064266204834
1789134932296344,-0.8377430438995361
1789134932312344,0.9142804145812988
1789134932322344,0.9145298600196838
1789134932330344,0.9136853218078613
1789134932342344,0.9124186038970947
1789134932354344,7.086677551269531
1789134932362344,7.092416286468506
1789134932372344,7.677844047546387
1789134932382344,7.684843063354492
1789134932392344,7.689046382904053
1789134932402344,3.0761656761169434
1789134932414344,1.7562932968139648
1789134932422344,1.756313681602478
1789134932428344,-0.010577971115708351
1789134932442344,-0.014146032743155956
1789134932452344,-0.015545083209872246
1789134932462344,-0.01787360943853855
1789134932474344,4.307931900024414
1789134932482344,4.310684680938721
1789134932492344,4.744738578796387
1789134932502344,4.7477946281433105
1789134932512344,4.749062538146973
1789134932522344,4.753077507019043
1789134932534344,-1.7339946031570435
1789134932542344,-1.7377020120620728
1789134932550344,-2.8023972511291504
1789134932560344,-2.8093369007110596
1789134932572344,-2.816754102706909
1789134932582344,-2.822801113128662
1789134932594344,0.19729812443256378
1789134932604344,2.2053442001342773
1789134932612344,2.2058780193328857
1789134932622344,2.2072770595550537
1789134932632344,2.2083253860473633
1789134932642344,2.2089929580688477
1789134932654344,-0.6308175921440125
1789134932664344,-1.3854700326919556
1789134932672344,-1.3887664079666138
1789134932682344,-1.3917427062988281
1789134932692344,-1.3931162357330322
1789134932702344,-1.3923882246017456
1789134932712344,4.360588550567627
1789134932722344,4.364133834838867
1789134932726344,3.8500027656555176
1789134932742344,3.8526456356048584
1789134932750344,3.8549325466156006
1789134932762344,-0.753963053226471
1789134932774344,-2.258993625640869
1789134932782344,-2.2632248401641846
1789134932792344,-1.7573175430297852
1789134932802344,-1.7603703737258911
1789134932812344,-1.761510968208313
1789134932822344,-1.766119360923767
1789134932834344,5.158231735229492
1789134932842504,5.161934852600098
1789134932846504,7.284599304199219
1789134932858504,7.293545722961426
1789134932870504,4.06060266494751
1789134932882504,4.0643630027771
1789134932894504,0.9035285711288452
1789134932902504,0.9026619791984558
1789134932912504,0.8411604166030884
1789134932922504,0.8398945331573486
1789134932932504,0.8392536640167236
1789134932942504,0.8380900621414185
1789134932954504,4.67952823638916
1789134932956504,4.680319786071777
1789134932972504,6.815951347351074
1789134932982504,6.821432590484619
1789134932990504,6.826865196228027
1789134933002504,1.5719927549362183
1789134933014504,0.16250883042812347
1789134933022504,0.16082888841629028
1789134933032504,1.3108837604522705
1789134933042504,1.3120923042297363
1789134933052504,1.3150615692138672
1789134933062504,6.521446704864502
1789134933074504,6.668572902679443
1789134933082504,6.673819065093994
1789134933088504,3.6028616428375244
1789134933102504,3.604604482650757
1789134933112504,3.605257749557495
1789134933122504,1.1464393138885498
1789134933134504,-0.10723965615034103
1789134933144504,0.5438086986541748
1789134933150504,0.5428383946418762
1789134933162504,0.5420766472816467
1789134933172504,0.5433075428009033
1789134933182504,0.541690468788147
1789134933194504,7.292804718017578
1789134933204504,9.587652206420898
1789134933212504,9.595995903015137
1789134933220504,9.602581977844238
1789134933232504,9.609041213989258
1789134933242504,3.8952202796936035
1789134933252504,2.5450308322906494
1789134933262504,2.546032190322876
1789134933272504,2.380643367767334
1789134933282504,2.379887580871582
1789134933292504,2.3761844635009766
1789134933302504,2.3769640922546387
1789134933314504,-4.647068977355957
1789134933320504,-4.652219295501709
1789134933332504,-6.58014440536499
1789134933342504,-6.590570449829102
1789134933350504,-6.599480628967285
1789134933362504,-6.612844944000244
1789134933374504,-3.4133169651031494
1789134933382504,-3.4188003540039062
1789134933386504,-2.2287278175354004
1789134933402504,-2.231903314590454
1789134933412504,-2.2323880195617676
1789134933422504,4.544238567352295
1789134933434504,4.271908760070801
1789134933442504,4.274631500244141
1789134933452504,1.046040654182434
1789134933462504,1.0442239046096802
1789134933472504,1.0429120063781738
1789134933482504,1.042012095451355
1789134933494504,4.354546070098877
1789134933502504,4.357359886169434
1789134933512504,5.133246898651123
1789134933518504,5.135974407196045
1789134933532504,5.138988494873047
1789134933542504,5.143534183502197
1789134933554504,0.16045351326465607
1789134933562504,0.15877172350883484
1789134933572504,-1.8327995538711548
1789134933582504,-1.8374919891357422
1789134933592504,-1.840124249458313
1789134933602504,-1.8448755741119385
1789134933614504,3.271073818206787
1789134933616504,3.271488666534424
1789134933632504,4.341007709503174
1789134933642504,4.343039512634277
1789134933650504,4.345834732055664
1789134933662504,4.350028038024902
1789134933674504,-1.6344631910324097
1789134933682504,-1.6380542516708374
1789134933692504,-3.852496862411499
1789134933702504,-3.8602452278137207
1789134933712504,-3.865736722946167
1789134933722504,-1.0980054140090942
1789134933734504,1.8404910564422607
1789134933742504,1.8406423330307007
1789134933748504,2.9449820518493652
1789134933762504,2.9455177783966064
1789134933772504,2.944463014602661
1789134933782504,2.946122884750366
1789134933794504,-2.6870412826538086
1789134933802504,-2.691722869873047
1789134933812504,-4.840835094451904
1789134933822504,-4.849754810333252
1789134933832504,-4.856231212615967
1789134933842504,-4.864936351776123
1789134933854666,0.42090827226638794
1789134933862666,0.4195888936519623
1789134933868666,1.4820492267608643
1789134933880666,1.486596941947937
1789134933892666,1.4916598796844482
1789134933902666,1.4914274215698242
1789134933914666,5.631133556365967
1789134933922666,5.63536262512207
1789134933932666,4.930429935455322
1789134933942666,4.933811664581299
1789134933950666,4.937283992767334
1789134933962666,4.9424920082092285
1789134933974666,-1.5283414125442505
1789134933984666,-2.587831735610962
1789134933992666,-2.592390298843384
1789134934002666,-2.5986931324005127
1789134934012666,-2.604898691177368
1789134934022666,-2.6105966567993164
1789134934034666,0.18124361336231232
1789134934042666,0.1796695441007614
1789134934046666,2.368227005004883
1789134934060666,2.3725059032440186
1789134934072666,2.3750622272491455
1789134934082666,2.5701022148132324
1789134934094666,0.49933335185050964
1789134934102666,0.49809038639068604
1789134934112666,-0.5598574876785278
1789134934122666,-0.5630587339401245
1789134934132666,-0.5650720596313477
1789134934142666,-0.5680325031280518
1789134934154666,3.347790002822876
1789134934162666,3.349600315093994
1789134934172666,5.825875759124756
1789134934178666,5.829209804534912
1789134934192666,5.830711364746094
1789134934202666,0.9168417453765869
1789134934214666,-0.5909959077835083
1789134934222666,-0.5933998227119446
1789134934232666,0.9627633690834045
1789134934242666,0.9632024765014648
1789134934252666,0.9651115536689758
1789134934262666,0.9641829133033752
1789134934274666,6.747656345367432
1789134934276666,6.7490129470825195
1789134934292666,9.174671173095703
1789134934302666,9.183080673217773
1789134934310666,9.19107723236084
1789134934322666,3.8668758869171143
1789134934334666,2.127135753631592
1789134934342666,2.1275854110717773
1789134934350666,1.5264619588851929
1789134934362666,1.5238111019134521
1789134934372666,1.5223928689956665
1789134934382666,1.7802456617355347
1789134934392666,2.2818655967712402
1789134934404666,1.3188555240631104
1789134934408666,1.318650484085083
1789134934422666,1.3165886402130127
1789134934432666,1.3153871297836304
1789134934440666,1.7917991876602173
1789134934454666,1.912170171737671
1789134934464666,1.6205164194107056
1789134934472666,1.620431661605835
1789134934482666,1.6193920373916626
1789134934492666,1.6189433336257935
1789134934502666,1.6188373565673828
1789134934514666,2.696146011352539
1789134934522666,2.697209119796753
1789134934532666,3.104278326034546
1789134934540666,3.104989528656006
1789134934550666,3.10371470451355
1789134934562666,3.1059584617614746
1789134934574666,-2.7096047401428223
1789134934584666,-3.893113851547241
1789134934592666,-3.8990776538848877
1789134934602666,-3.9066364765167236
1789134934612666,-3.9129014015197754
1789134934622666,-3.9153919219970703
1789134934634666,1.8271745443344116
1789134934640666,1.8273015022277832
1789134934652666,2.906348466873169
1789134934662666,2.907853364944458
1789134934672666,2.908399820327759
1789134934682666,0.7381810545921326
1789134934694666,-0.4389013946056366
1789134934702666,-0.44115179777145386
1789134934706666,-0.005735224112868309
1789134934722666,-0.006742535158991814
1789134934732666,-0.005817755591124296
1789134934742666,4.869801998138428
1789134934754666,5.781980991363525
1789134934762666,5.78636360168457
1789134934772666,3.4395835399627686
1789134934782666,3.4407830238342285
1789134934792666,3.44154953956604
1789134934802666,1.017599105834961
1789134934814666,-0.13709071278572083
1789134934822666,-0.1390303522348404
1789134934832666,0.16523635387420654
1789134934838666,0.16402684152126312
1789134934852826,0.16559167206287384
1789134934862826,0.16916941106319427
1789134934874826,6.598761558532715
1789134934882826,6.60400390625
1789134934892826,8.833242416381836
1789134934902826,8.841085433959961
1789134934912826,8.845870971679688
1789134934922826,8.855382919311523
1789134934934826,0.9461107850074768
1789134934936826,0.94590163230896
1789134934950826,-0.16507598757743835
1789134934962826,-0.16914977133274078
1789134934970826,-0.17116738855838776
1789134934982826,-0.17176061868667603
1789134934994826,2.741760730743408
1789134935002826,2.7428531646728516
1789134935012826,4.88848352432251
1789134935022826,4.891613483428955
1789134935032826,4.89182710647583
1789134935042826,0.040572602301836014
1789134935054826,-1.533569097518921
1789134935060826,-1.5361745357513428
1789134935068826,-0.5463652014732361
1789134935082826,-0.548315167427063
1789134935092826,-0.5484190583229065
1789134935102826,-0.551438570022583
1789134935114826,5.410079002380371
1789134935122826,5.414024353027344
1789134935132826,7.498678207397461
1789134935142826,7.504681587219238
1789134935150826,7.510842323303223
1789134935162826,1.8402867317199707
1789134935174826,0.2983277142047882
1789134935182826,0.29679134488105774
1789134935192826,0.28924569487571716
1789134935200826,0.28910085558891296
1789134935212826,0.29064545035362244
1789134935222826,0.2941153347492218
1789134935234826,6.502442359924316
1789134935242826,6.507523536682129
1789134935252826,8.550094604492188
1789134935262826,8.55748462677002
1789134935270826,4.104334354400635
1789134935282826,4.108076572418213
1789134935294826,1.2630149126052856
1789134935304826,0.014091676101088524
1789134935312826,0.012217500247061253
1789134935322826,0.009500224143266678
1789134935332826,0.007769766729325056
1789134935342826,0.008203910663723946
1789134935352826,3.592449426651001
1789134935362826,3.5948879718780518
1789134935366826,4.300345420837402
1789134935382826,4.303839206695557
1789134935392826,4.303401470184326
1789134935402826,-0.19346866011619568
1789134935412826,-1.673577070236206
1789134935422826,-1.6781630516052246
1789134935432826,-0.04678608477115631
1789134935442826,-0.04759915918111801
1789134935452826,-0.04657633975148201
1789134935462826,-0.043511148542165756
1789134935472826,6.190514087677002
1789134935482826,6.196410179138184
1789134935492826,6.89635705947876
1789134935498826,6.900449275970459
1789134935512826,6.904292583465576
1789134935522826,2.201418161392212
1789134935534826,0.7632683515548706
1789134935542826,0.7621713876724243
1789134935550826,-0.23716607689857483
1789134935562826,-0.24050675332546234
1789134935572826,-0.24214941263198853
1789134935582826,-0.24485018849372864
1789134935594826,3.91048526763916
1789134935596826,3.9110538959503174
1789134935612826,6.139958381652832
1789134935622826,6.1444478034973145
1789134935630826,6.149089336395264
1789134935642826,0.917574405670166
1789134935654826,-0.6336352229118347
1789134935662826,-0.6362295746803284
1789134935672826,-0.397262305021286
1789134935682826,-0.398683100938797
1789134935692826,-0.39904382824897766
1789134935702826,4.7767133712768555
1789134935714826,4.99986457824707
1789134935722826,5.003280162811279
1789134935728826,1.9931119680404663
1789134935742826,1.9918098449707031
1789134935750826,1.992014765739441
1789134935762826,-1.2694153785705566
1789134935772826,-2.3319268226623535
1789134935782826,-2.3374252319335938
1789134935792826,-1.7743080854415894
1789134935802826,-1.7775784730911255
1789134935812826,-1.7797833681106567
1789134935822826,-1.7845247983932495
1789134935834826,4.406898498535156
1789134935842826,4.409709930419922
1789134935852986,6.883889675140381
1789134935860986,6.88747501373291
1789134935872986,6.889371395111084
1789134935882986,1.0160701274871826
1789134935894986,0.6876980066299438
1789134935902986,0.6865257620811462
1789134935912986,1.8625186681747437
1789134935922986,1.8637160062789917
1789134935932986,1.864495873451233
1789134935942986,1.8645985126495361
1789134935954986,-0.6436243653297424
1789134935960986,-0.6455685496330261
1789134935972986,-0.9349159598350525
1789134935982986,-0.9372546076774597
1789134935992986,-0.9361668825149536
1789134936002986,4.552114963531494
1789134936014986,3.5345096588134766
1789134936022986,3.536376953125
1789134936026986,2.3443591594696045
1789134936042986,2.342118501663208
1789134936052986,2.3396553993225098
1789134936062986,-2.9929120540618896
1789134936074986,-3.91365909576416
1789134936084986,-2.6096913814544678
1789134936092986,-2.614356756210327
1789134936102986,-2.619631290435791
1789134936112986,-2.6223304271698
1789134936122986,1.3622393608093262
1789134936134986,4.746121883392334
1789134936144986,4.95182466506958
1789134936150986,4.954383373260498
1789134936158986,4.957795143127441
1789134936172986,4.959446907043457
1789134936182986,4.963711738586426
1789134936194986,-1.65664541721344
1789134936202986,-1.6602970361709595
1789134936212986,-3.8692212104797363
1789134936222986,-3.876946210861206
1789134936232986,-3.8838510513305664
1789134936242986,-3.891350507736206
1789134936254986,-0.06456904858350754
1789134936264986,1.0232317447662354
1789134936272986,1.0224841833114624
1789134936282986,1.024122953414917
1789134936290986,1.023375153541565
1789134936302986,1.0222537517547607
1789134936314986,8.363850593566895
1789134936322986,8.370933532714844
1789134936332986,8.60561466217041
1789134936342986,8.612601280212402
1789134936350986,8.619924545288086
1789134936362986,2.3311078548431396
1789134936374986,0.8231014013290405
1789134936382986,0.8221007585525513
1789134936388986,0.8157554864883423
1789134936402986,0.8139529228210449
1789134936412986,0.8140797019004822
1789134936422986,0.8165634870529175
1789134936434986,5.550004482269287
1789134936442986,5.554047107696533
1789134936452986,7.7985920906066895
1789134936462986,7.805305004119873
1789134936472986,7.810131072998047
1789134936482986,2.6212689876556396
1789134936494986,1.2203474044799805
1789134936502986,1.2197424173355103
1789134936512986,0.41925349831581116
1789134936520986,0.41953226923942566
1789134936532986,0.421650767326355
1789134936542986,0.41982951760292053
1789134936554986,6.909717559814453
1789134936564986,8.98335075378418
1789134936572986,8.991019248962402
1789134936582986,8.998899459838867
1789134936592986,9.004929542541504
1789134936602986,9.014514923095703
1789134936614986,1.1087195873260498
1789134936620986,1.1081386804580688
1789134936632986,0.036461539566516876
1789134936642986,0.03344530239701271
1789134936652986,0.031524453312158585
1789134936662986,0.02913118340075016
1789134936674986,4.680851459503174
1789134936682986,4.683900356292725
1789134936686986,5.1910858154296875
1789134936702986,5.196407794952393
1789134936712986,5.198080062866211
1789134936722986,1.4012106657028198
1789134936734986,-0.15864835679531097
1789134936742986,-0.16077467799186707
1789134936750986,0.5821889638900757
1789134936762986,0.582946240901947
1789134936772986,0.5853242874145508
1789134936782986,0.5836589932441711
1789134936794986,8.019674301147461
1789134936802986,8.026273727416992
1789134936812986,10.505717277526855
1789134936818986,10.512640953063965
1789134936832986,10.521468162536621
1789134936842986,10.533007621765137
1789134936854986,2.121723175048828
1789134936863146,2.1219730377197266
1789134936869146,1.221578598022461
1789134936883146,1.2190450429916382
1789134936893146,1.2174981832504272
1789134936903146,1.2166107892990112
1789134936915146,3.365159273147583
1789134936917146,3.3655548095703125
1789134936933146,4.218964099884033
1789134936943146,4.22127103805542
1789134936951146,4.223758220672607
1789134936963146,0.8347958326339722
1789134936975146,-0.9521971940994263
1789134936983146,-0.9552296996116638
1789134936993146,-0.42702555656433105
1789134937003146,-0.4296063780784607
1789134937013146,-0.4303053319454193
1789134937023146,4.015134334564209
1789134937035146,4.965280055999756
1789134937043146,4.968564987182617
1789134937049146,2.712557792663574
1789134937061146,2.712285041809082
1789134937073146,2.7102904319763184
1789134937083146,-1.0915491580963135
1789134937095146,-2.627512216567993
1789134937103146,-2.6323204040527344
1789134937113146,-2.3824589252471924
1789134937123146,-2.38688063621521
1789134937133146,-2.3897249698638916
1789134937143146,-2.3953938484191895
1789134937155146,3.342832326889038
1789134937163146,3.3444201946258545
1789134937173146,4.2561798095703125
1789134937181146,4.257845878601074
1789134937193146,4.257768154144287
1789134937203146,4.2609639167785645
1789134937215146,-1.2018578052520752
1789134937223146,-1.205130696296692
1789134937233146,-2.375383138656616
1789134937243146,-2.381585121154785
1789134937251146,-1.9597645998001099
1789134937263146,-1.965855360031128
1789134937275146,1.321622610092163
1789134937281146,1.321211576461792
1789134937293146,2.91439151763916
1789134937303146,2.9174070358276367
1789134937313146,2.9203124046325684
1789134937321146,3.2457149028778076
1789134937335146,1.4157776832580566
1789134937343146,1.415318489074707
1789134937347146,0.22768321633338928
1789134937363146,0.22439049184322357
1789134937373146,0.22260525822639465
1789134937383146,2.746644973754883
1789134937395146,2.792445421218872
1789134937403146,2.7934606075286865
1789134937413146,0.1187661737203598
1789134937423146,0.11574210971593857
1789134937433146,0.11269570142030716
1789134937443146,0.11040174961090088
1789134937455146,2.3762829303741455
1789134937463146,2.3768668174743652
1789134937473146,3.21718692779541
1789134937479146,3.2182958126068115
1789134937493146,3.218468189239502
1789134937503146,3.2203164100646973
1789134937515146,-1.395914912223816
1789134937523146,-1.3993602991104126
1789134937533146,-3.609049081802368
1789134937543146,-3.6167056560516357
1789134937551146,-3.6225006580352783
1789134937563146,-3.631192684173584
1789134937575146,1.5402655601501465
1789134937577146,1.5401978492736816
1789134937593146,2.72743821144104
1789134937603146,2.730574607849121
1789134937611146,2.7315685749053955
1789134937623146,2.7330586910247803
1789134937635146,1.7369903326034546
1789134937643146,1.7369202375411987
1789134937653146,-0.3044169843196869
1789134937663146,-0.307216078042984
1789134937673146,-0.3079387843608856
1789134937683146,2.7040622234344482
1789134937695146,2.5718979835510254
1789134937703146,2.5727243423461914
1789134937709146,1.425196886062622
1789134937723146,1.4222379922866821
1789134937733146,1.4202760457992554
1789134937743146,1.4197791814804077
1789134937755146,2.8732430934906006
1789134937763146,2.8743956089019775
1789134937773146,5.300881385803223
1789134937783146,5.304802894592285
1789134937793146,5.306487560272217
1789134937803146,1.998314380645752
1789134937815146,0.3147082030773163
1789134937823146,0.31311848759651184
1789134937833146,-0.1316753774881363
1789134937841146,-0.13312393426895142
1789134937853146,-0.13365313410758972
1789134937863304,-0.1362299770116806
1789134937875304,5.1034955978393555
1789134937883304,5.107022285461426
1789134937893304,7.366457462310791
1789134937903304,7.372442245483398
1789134937911304,3.454803466796875
1789134937923304,3.4574222564697266
1789134937935304,1.192460536956787
1789134937941304,1.1919561624526978
1789134937951304,1.745379090309143
1789134937963304,1.747039556503296
1789134937973304,1.7485698461532593
1789134937983304,1.7484673261642456
1789134937995304,3.0955452919006348
1789134938003304,3.09689998626709
1789134938007304,3.3146486282348633
1789134938023304,3.315836191177368
1789134938033304,3.314703941345215
1789134938043304,-0.7577882409095764
1789134938055304,-2.2800095081329346
1789134938061304,-2.2832911014556885
1789134938073304,-2.186361789703369
1789134938083304,-2.19094181060791
1789134938093304,-2.194214344024658
1789134938103304,-2.195349931716919
1789134938115304,2.8857533931732178
1789134938123304,2.886913537979126
1789134938133304,5.214724063873291
1789134938139304,5.217452526092529
1789134938151304,5.222909927368164
1789134938163304,5.228367328643799
1789134938175304,-1.8220263719558716
1789134938183304,-1.8259104490280151
1789134938193304,-2.902226448059082
1789134938203304,-2.90933895111084
1789134938213304,-2.9162070751190186
1789134938223304,-2.9224886894226074
1789134938235304,-0.04251522198319435
1789134938237304,-0.04300172999501228
1789134938253304,2.2697184085845947
1789134938263304,2.2711822986602783
1789134938271304,2.2717018127441406
1789134938283304,2.2724812030792236
1789134938295304,-0.6156517267227173
1789134938303304,-0.6182129383087158
1789134938313304,-1.566064715385437
1789134938323304,-1.5710240602493286
1789134938333304,-1.5751961469650269
1789134938343304,0.5643847584724426
1789134938355304,1.9729983806610107
1789134938363304,1.9732199907302856
1789134938369304,4.554322242736816
1789134938383304,4.558131694793701
1789134938393304,4.558791160583496
1789134938403304,0.7646431922912598
1789134938415304,-0.3246602416038513
1789134938423304,-0.32689568400382996
1789134938433304,0.1374238282442093
1789134938443304,0.13659851253032684
1789134938453304,0.1374162882566452
1789134938463304,0.1352439969778061
1789134938475304,6.115205764770508
1789134938483304,6.119844913482666
1789134938493304,6.700157165527344
1789134938501304,6.704495429992676
1789134938513304,6.707810878753662
1789134938521304,2.302403688430786
1789134938535304,2.0199952125549316
1789134938545304,0.6804244518280029
1789134938551304,0.6795374751091003
1789134938563304,0.6770554184913635
1789134938571304,0.729449987411499
1789134938583304,0.7277616262435913
1789134938595304,3.7790729999542236
1789134938601304,3.780670642852783
1789134938613304,6.124011993408203
1789134938623304,6.129024505615234
1789134938633304,6.130736351013184
1789134938643304,1.5132248401641846
1789134938655304,0.2798042297363281
1789134938663304,0.27818405628204346
1789134938667304,0.6048341393470764
1789134938683304,0.6048721671104431
1789134938693304,0.6062870025634766
1789134938703304,5.609500885009766
1789134938713304,5.227382183074951
1789134938725304,2.174114465713501
1789134938733304,2.1745047569274902
1789134938743304,2.174022674560547
1789134938751304,2.174412965774536
1789134938763304,-1.4325703382492065
1789134938775304,-2.395050287246704
1789134938783304,-2.3995256423950195
1789134938793304,-1.7789586782455444
1789134938799304,-1.7818150520324707
1789134938813304,-1.783443570137024
1789134938823304,-1.7882041931152344
1789134938835304,4.701282978057861
1789134938843304,4.704399108886719
1789134938853304,6.897150993347168
1789134938863465,6.902782440185547
1789134938873465,6.904665470123291
1789134938883465,1.090017318725586
1789134938895465,-0.25544920563697815
1789134938903465,-0.25763970613479614
1789134938913465,0.7589166760444641
1789134938923465,0.7592564821243286
1789134938931465,0.7581518292427063
1789134938943465,0.7636740207672119
1789134938955465,7.248012065887451
1789134938963465,7.253821849822998
1789134938973465,9.49564266204834
1789134938983465,9.504066467285156
1789134938993465,9.509300231933594
1789134939003465,3.605468988418579
1789134939013465,2.1832196712493896
1789134939023465,2.1836817264556885
1789134939029465,2.0233960151672363
1789134939043465,2.020787477493286
1789134939053465,2.0176806449890137
1789134939063465,-1.580142855644226
1789134939075465,-1.7445440292358398
1789134939085465,-0.12247581779956818
1789134939093465,-0.12454906851053238
1789134939103465,-0.12630072236061096
1789134939113465,-0.12544766068458557
1789134939121465,4.163259029388428
1789134939135465,3.575542449951172
1789134939143465,3.5774126052856445
1789134939151465,2.369706153869629
1789134939161465,2.369265556335449
1789134939173465,2.367983818054199
1789134939183465,2.368710517883301
1789134939195465,-2.366140127182007
1789134939203465,-2.3706088066101074
1789134939213465,-4.275672435760498
1789134939223465,-4.2839837074279785
1789134939233465,-4.290820598602295
1789134939243465,-4.298935890197754
1789134939255465,0.3774975836277008
1789134939265465,1.5207432508468628
1789134939273465,1.5204691886901855
1789134939283465,1.5219933986663818
1789134939293465,1.5247814655303955
1789134939303465,1.5244388580322266
1789134939315465,5.965854167938232
1789134939325465,5.9125237464904785
1789134939327465,5.913623332977295
1789134939343465,5.919578552246094
1789134939351465,5.9203314781188965
1789134939361465,0.5821148157119751
1789134939375465,-0.7025467157363892
1789134939383465,-0.7052130103111267
1789134939393465,-0.44068819284439087
1789134939403465,-0.44214871525764465
1789134939413465,-0.44193997979164124
1789134939423465,-0.44491609930992126
1789134939435465,5.849030494689941
1789134939443465,5.853365421295166
1789134939453465,8.230034828186035
1789134939459465,8.235179901123047
1789134939473465,8.239715576171875
1789134939483465,8.248291015625
1789134939493465,0.10774224996566772
1789134939503465,0.1054554134607315
1789134939513465,-0.2770861089229584
1789134939523465,-0.2794479429721832
1789134939533465,-0.2790648639202118
1789134939543465,-0.28185799717903137
1789134939555465,6.3254475593566895
1789134939565465,8.652390480041504
1789134939573465,8.659676551818848
1789134939583465,8.666994094848633
1789134939591465,8.674280166625977
1789134939603465,2.790287494659424
1789134939615465,1.2849514484405518
1789134939625465,0.46389105916023254
1789134939633465,0.4624127745628357
1789134939643465,0.460694819688797
1789134939653465,0.46022355556488037
1789134939663465,4.03551721572876
1789134939675465,4.146173477172852
1789134939685465,1.432015299797058
1789134939689465,1.4317907094955444
1789134939703465,1.4293663501739502
1789134939713465,1.4279330968856812
1789134939723465,1.427371621131897
1789134939735465,3.981362819671631
1789134939743465,3.983637809753418
1789134939751465,5.1561279296875
1789134939763465,5.160036087036133
1789134939773465,5.162067413330078
1789134939783465,5.166470050811768
1789134939793465,0.2004314661026001
1789134939803465,0.1982102394104004
1789134939813465,-1.135762095451355
1789134939821465,-1.1380149126052856
1789134939833465,-1.1362287998199463
1789134939843465,-1.1402233839035034
1789134939855465,7.286170959472656
1789134939863465,7.291965961456299
1789134939869623,7.868614196777344
1789134939883623,7.877242088317871
1789134939891623,4.250302314758301
1789134939903623,4.254100322723389
1789134939913623,1.3093640804290771
1789134939925623,0.23693029582500458
1789134939933623,0.2351793497800827
1789134939943623,0.23450970649719238
1789134939951623,0.23590277135372162
1789134939963623,0.24005481600761414
1789134939975623,7.6888957023620605
1789134939985623,8.216642379760742
1789134939987623,8.218330383300781
1789134940003623,8.227685928344727
1789134940013623,8.232946395874023
1789134940023623,2.194498062133789
1789134940035623,1.7061189413070679
1789134940043623,1.70590078830719
1789134940053623,3.8259806632995605
1789134940061623,3.828937292098999
1789134940073623,3.8325061798095703
1789134940083623,3.835057020187378
1789134940095623,1.4955613613128662
1789134940105623,0.4143534302711487
1789134940113623,0.41274362802505493
1789134940119623,0.41153624653816223
1789134940133623,0.4102614223957062
1789134940143623,0.4082490801811218
1789134940155623,5.144792556762695
1789134940163623,5.148234844207764
1789134940173623,7.49519681930542
1789134940183623,7.501187324523926
1789134940193623,7.504068374633789
1789134940203623,7.511490821838379
1789134940215623,-0.1452462524175644
1789134940217623,-0.14580532908439636
1789134940233623,-1.3063929080963135
1789134940243623,-1.3113045692443848
1789134940251623,-1.3147716522216797
1789134940263623,-1.3199723958969116
1789134940275623,3.0874173641204834
1789134940283623,3.088655948638916
1789134940293623,5.295869827270508
1789134940303623,5.2989325523376465
1789134940313623,5.298871994018555
1789134940323623,-0.20179110765457153
1789134940335623,-1.3827143907546997
1789134940343623,-1.3862496614456177
1789134940349623,-1.3869905471801758
1789134940363623,-1.3912479877471924
1789134940373623,-1.3927700519561768
1789134940383623,-1.3971866369247437
1789134940395623,5.411019325256348
1789134940403623,5.414752006530762
1789134940413623,5.772617816925049
1789134940423623,5.776773452758789
1789134940433623,5.777971267700195
1789134940443623,5.783107280731201
1789134940455623,0.2586440443992615
1789134940463623,0.256858229637146
1789134940473623,-0.421688050031662
1789134940481623,-0.42383044958114624
1789134940493623,-0.4256398677825928
1789134940503623,-0.4287726581096649
1789134940515623,4.361669540405273
1789134940523623,4.3642754554748535
1789134940533623,4.881147384643555
1789134940543623,4.8841047286987305
1789134940551623,4.887258052825928
1789134940563623,4.8919878005981445
1789134940575623,-1.4686609506607056
1789134940581623,-1.4713867902755737
1789134940593623,-2.6110002994537354
1789134940603623,-2.6176812648773193
1789134940613623,-2.62392258644104
1789134940623623,-2.6299755573272705
1789134940635623,0.8521143198013306
1789134940643623,0.8509928584098816
1789134940647623,3.4258229732513428
1789134940663623,3.432431221008301
1789134940673623,3.436086416244507
1789134940683623,4.255558490753174
1789134940693623,2.202817678451538
1789134940705623,1.383610725402832
1789134940713623,1.3830419778823853
1789134940723623,1.3838200569152832
1789134940733623,1.385894775390625
1789134940743623,1.3905235528945923
1789134940755623,7.7546210289001465
1789134940765623,9.581050872802734
1789134940773623,9.589207649230957
1789134940779623,9.595325469970703
1789134940793623,9.60205078125
1789134940801623,3.635239362716675
1789134940813623,2.0357632637023926
1789134940823623,2.035860776901245
1789134940833623,2.008347988128662
1789134940843623,2.0099146366119385
1789134940853623,2.0129435062408447
1789134940863623,2.0130043029785156
1789134940873783,5.482276916503906
1789134940883783,5.486960411071777
1789134940893783,5.222970008850098
1789134940903783,5.226309299468994
1789134940911783,5.227197170257568
1789134940921783,1.0531103610992432
1789134940935783,-0.4261464476585388
1789134940945783,1.2000595331192017
1789134940951783,1.1994357109069824
1789134940963783,1.1993545293807983
1789134940973783,1.2004387378692627
1789134940983783,6.034453392028809
1789134940995783,6.249699115753174
1789134941005783,3.182947874069214
1789134941009783,3.183581590652466
1789134941023783,3.184152841567993
1789134941033783,3.182957410812378
1789134941041783,-1.1894872188568115
1789134941055783,-2.5174636840820312
1789134941061783,-2.5210671424865723
1789134941073783,-1.7915751934051514
1789134941083783,-1.795009732246399
1789134941093783,-1.7976963520050049
1789134941103783,-1.7972216606140137
1789134941115783,4.874472141265869
1789134941125783,5.22337007522583
1789134941133783,5.226835250854492
1789134941141783,5.229648113250732
1789134941151783,5.233978748321533
1789134941161783,0.2883007228374481
1789134941175783,-0.7672871947288513
1789134941183783,-0.7702218890190125
1789134941193783,-0.3692738711833954
1789134941203783,-0.3711395263671875
1789134941213783,-0.37153196334838867
1789134941223783,-0.3746616244316101
1789134941235783,5.152385711669922
1789134941245783,8.082414627075195
1789134941253783,8.08892822265625
1789134941263783,8.095765113830566
1789134941273783,8.099660873413086
1789134941283783,8.102299690246582
1789134941295783,1.773071050643921
1789134941305783,2.3623828887939453
1789134941307783,2.362478494644165
1789134941323783,2.360135078430176
1789134941333783,2.3599941730499268
1789134941343783,1.3119131326675415
1789134941355783,0.6419249176979065
1789134941363783,0.6404763460159302
1789134941373783,2.939901113510132
1789134941383783,2.9414896965026855
1789134941393783,2.942934036254883
1789134941403783,2.944187641143799
1789134941415783,0.507740318775177
1789134941423783,0.5061434507369995
1789134941433783,-0.6201337575912476
1789134941439783,-0.622229814529419
1789134941453783,-0.6281706094741821
1789134941463783,-0.6316638588905334
1789134941475783,1.7500674724578857
1789134941483783,1.7498165369033813
1789134941493783,3.8136467933654785
1789134941503783,3.8174080848693848
1789134941513783,3.8207366466522217
1789134941523783,3.823171615600586
1789134941535783,1.8665804862976074
1789134941537783,1.8665449619293213
1789134941551783,1.1021735668182373
1789134941563783,1.1027305126190186
1789134941571783,1.1017754077911377
1789134941583783,1.1003426313400269
1789134941595783,7.050380229949951
1789134941603783,7.055771350860596
1789134941613783,9.429929733276367
1789134941623783,9.43883991241455
1789134941633783,9.444327354431152
1789134941643783,4.165657043457031
1789134941655783,2.661898374557495
1789134941663783,2.662567615509033
1789134941669783,1.804002285003662
1789134941683783,1.8005002737045288
1789134941693783,1.7981678247451782
1789134941703783,1.7978599071502686
1789134941715783,2.361968517303467
1789134941723783,2.3623239994049072
1789134941733783,4.878434658050537
1789134941743783,4.8814616203308105
1789134941751783,4.884497165679932
1789134941763783,4.889050483703613
1789134941775783,0.312542200088501
1789134941783783,0.3106950521469116
1789134941793783,-0.13242341578006744
1789134941801783,-0.13536794483661652
1789134941813783,-0.13913777470588684
1789134941823783,-0.14203350245952606
1789134941835783,2.824070930480957
1789134941843783,2.824921131134033
1789134941853783,4.883428573608398
1789134941863783,4.88596773147583
1789134941871783,0.9858736395835876
1789134941883941,0.9833575487136841
1789134941895941,1.5944089889526367
1789134941901941,1.594058632850647
1789134941913941,2.7245349884033203
1789134941923941,2.7272238731384277
1789134941933941,2.73008394241333
1789134941943941,2.731006145477295
1789134941955941,1.4614453315734863
1789134941963941,1.4608283042907715
1789134941967941,-0.22258462011814117
1789134941983941,-0.2276608794927597
1789134941993941,-0.22871001064777374
1789134942003941,2.5251152515411377
1789134942013941,2.39695405960083
1789134942025941,1.239230751991272
1789134942033941,1.2383853197097778
1789134942043941,1.2358778715133667
1789134942053941,1.233561635017395
1789134942063941,2.5874390602111816
1789134942075941,3.6503334045410156
1789134942083941,3.6520650386810303
1789134942093941,1.3583192825317383
1789134942099941,1.3577837944030762
1789134942113941,1.3553235530853271
1789134942123941,1.3544312715530396
1789134942135941,3.7463836669921875
1789134942143941,3.7482211589813232
1789134942151941,5.037937641143799
1789134942163941,5.041329383850098
1789134942173941,5.042637348175049
1789134942183941,5.04664945602417
1789134942195941,-0.4702586531639099
1789134942197941,-0.4709283113479614
1789134942213941,-2.3668529987335205
1789134942223941,-2.3731689453125
1789134942231941,-2.3778598308563232
1789134942243941,-2.3848962783813477
1789134942253941,0.0923968032002449
1789134942263941,0.08983960747718811
1789134942273941,1.1012078523635864
1789134942283941,1.1017557382583618
1789134942293941,1.104149341583252
1789134942303941,6.668961048126221
1789134942315941,6.323611736297607
1789134942323941,6.328201770782471
1789134942329941,3.1871073246002197
1789134942343941,3.187772750854492
1789134942351941,3.189011573791504
1789134942363941,3.1908695697784424
1789134942375941,-3.09104585647583
1789134942383941,-3.096508026123047
1789134942393941,-4.209704399108887
1789134942403941,-4.218715190887451
1789134942413941,-4.2264227867126465
1789134942423941,-4.2347235679626465
1789134942435941,-1.298271656036377
1789134942443941,-1.301771879196167
1789134942453941,1.120079517364502
1789134942461941,1.1205891370773315
1789134942473941,1.1243886947631836
1789134942481941,5.786912441253662
1789134942495941,5.276647567749023
1789134942503941,5.280151844024658
1789134942513941,4.133878707885742
1789134942523941,4.135282516479492
1789134942533941,4.135592460632324
1789134942543941,4.1384406089782715
1789134942555941,-1.2410483360290527
1789134942561941,-1.2436432838439941
1789134942573941,-3.140423059463501
1789134942583941,-3.146977186203003
1789134942593941,-3.151115655899048
1789134942603941,-3.1541080474853516
1789134942613941,2.758230209350586
1789134942625941,3.166940689086914
1789134942627941,3.1672568321228027
1789134942643941,3.165919303894043
1789134942653941,3.163607120513916
1789134942663941,-1.1875929832458496
1789134942673941,-1.8979692459106445
1789134942683941,-1.9031286239624023
1789134942693941,-0.17960095405578613
1789134942703941,-0.18156136572360992
1789134942713941,-0.1806851029396057
1789134942723941,-0.18354268372058868
1789134942735941,6.5748467445373535
1789134942743941,6.579771518707275
1789134942751941,7.604700565338135
1789134942759941,7.610711574554443
1789134942773941,7.61563777923584
1789134942783941,7.623152256011963
1789134942795941,0.3234613835811615
1789134942805941,-1.047037959098816
1789134942813941,-1.0502771139144897
1789134942823941,-1.054569959640503
1789134942833941,-1.0569446086883545
1789134942843941,2.267063617706299
1789134942855941,1.7622126340866089
1789134942857941,1.7621549367904663
1789134942869941,0.5527364611625671
1789134942884101,0.5505656003952026
1789134942892101,0.5490468740463257
1789134942904101,0.5467687249183655
1789134942916101,5.017987251281738
1789134942924101,5.021238327026367
1789134942934101,7.371158123016357
1789134942944101,7.376950740814209
1789134942952101,7.382701396942139
1789134942964101,1.987088918685913
1789134942976101,1.0757395029067993
1789134942984101,1.074758529663086
1789134942990101,1.1562180519104004
1789134943004101,1.1597527265548706
1789134943014101,1.163846731185913
1789134943024101,1.1627297401428223
1789134943036101,9.288386344909668
1789134943044101,9.296159744262695
1789134943054101,10.044507026672363
1789134943062101,10.052400588989258
1789134943074101,10.060131072998047
1789134943084101,5.02569055557251
1789134943096101,3.9782800674438477
1789134943104101,3.9803409576416016
1789134943114101,4.28579568862915
1789134943122101,4.286640167236328
1789134943134101,4.286872386932373
1789134943144101,4.289852142333984
1789134943156101,-1.2445250749588013
1789134943164101,-1.2480453252792358
1789134943174101,-3.0430450439453125
1789134943184101,-3.049638509750366
1789134943194101,-3.0549352169036865
1789134943204101,-3.0617196559906006
1789134943216101,0.26263996958732605
1789134943222101,0.2612345218658447
1789134943234101,0.9944833517074585
1789134943244101,0.9954589009284973
1789134943254101,0.9983207583427429
1789134943264101,0.996958315372467
1789134943276101,8.46296501159668
1789134943284101,8.46983814239502
1789134943288101,10.731453895568848
1789134943304101,10.746464729309082
1789134943314101,10.753089904785156
1789134943324101,4.881608009338379
1789134943336101,3.0392873287200928
1789134943344101,3.0403265953063965
1789134943352101,2.6642792224884033
1789134943364101,2.664135694503784
1789134943374101,2.6633167266845703
1789134943384101,2.6641135215759277
1789134943396101,-1.536478042602539
1789134943404101,-1.5403209924697876
1789134943414101,-3.633424997329712
1789134943420101,-3.6379754543304443
1789134943434101,-3.643484592437744
1789134943444101,-3.651068925857544
1789134943456101,3.581181764602661
1789134943464101,3.582834243774414
1789134943474101,4.416064262390137
1789134943484101,4.417367935180664
1789134943494101,4.416725158691406
1789134943504101,4.419897079467773
1789134943516101,-2.906691074371338
1789134943518101,-2.908010959625244
1789134943534101,-4.932246208190918
1789134943544101,-4.9421281814575195
1789134943552101,-4.949550628662109
1789134943564101,-3.8637120723724365
1789134943576101,0.27691707015037537
1789134943584101,0.2750892639160156
1789134943594101,1.0228394269943237
1789134943604101,1.0240437984466553
1789134943614101,1.0268880128860474
1789134943624101,6.713871955871582
1789134943636101,6.232866287231445
1789134943644101,6.23737907409668
1789134943650101,3.1863787174224854
1789134943664101,3.1871085166931152
1789134943674101,3.1860697269439697
1789134943684101,-1.8297533988952637
1789134943696101,-3.4910285472869873
1789134943704101,-3.4968833923339844
1789134943714101,-2.0348992347717285
1789134943724101,-2.039098024368286
1789134943734101,-2.04179048538208
1789134943744101,-2.0471529960632324
1789134943756101,3.1838932037353516
1789134943764101,3.185185194015503
1789134943774101,5.54232120513916
1789134943782101,5.5445756912231445
1789134943794101,5.5444655418396
1789134943804101,5.549217224121094
1789134943816101,-1.9490073919296265
1789134943824101,-1.9532079696655273
1789134943834101,-3.026787519454956
1789134943844101,-3.0345840454101562
1789134943852101,-3.2998642921447754
1789134943864101,-3.308288097381592
1789134943876101,1.038741111755371
1789134943882101,1.0380109548568726
1789134943894259,2.755964756011963
1789134943904259,2.758871078491211
1789134943914259,2.761791229248047
1789134943924259,2.7628631591796875
1789134943936259,1.8329957723617554
1789134943944259,1.8328603506088257
1789134943948259,0.6226575374603271
1789134943964259,0.6205441355705261
1789134943974259,0.6199291348457336
1789134943984259,3.838961124420166
1789134943996259,3.9541001319885254
1789134944004259,3.9562275409698486
1789134944014259,1.2055798768997192
1789134944024259,1.2036609649658203
1789134944034259,1.2015061378479004
1789134944044259,1.1612868309020996
1789134944056259,3.1824586391448975
1789134944062259,3.183440685272217
1789134944074259,4.125147342681885
1789134944080259,4.126879692077637
1789134944094259,4.127608299255371
1789134944104259,4.130496501922607
1789134944116259,-1.3757685422897339
1789134944124259,-1.3793320655822754
1789134944134259,-2.5270328521728516
1789134944144259,-2.5315492153167725
1789134944152259,-2.536330461502075
1789134944164259,2.2808399200439453
1789134944176259,1.4521846771240234
1789134944178259,1.4520537853240967
1789134944194259,0.863715410232544
1789134944204259,0.8629798889160156
1789134944212259,0.8618309497833252
1789134944224259,0.8601077795028687
1789134944236259,5.595789432525635
1789134944244259,5.599692344665527
1789134944254259,7.944695949554443
1789134944264259,7.951772212982178
1789134944274259,7.9552741050720215
1789134944284259,2.6156930923461914
1789134944296259,2.0911850929260254
1789134944304259,2.0913209915161133
1789134944310259,1.2871586084365845
1789134944324259,1.283180832862854
1789134944334259,1.2803685665130615
1789134944344259,1.279466986656189
1789134944356259,2.546657085418701
1789134944364259,2.547287940979004
1789134944374259,5.10812520980835
1789134944384259,5.111393451690674
1789134944394259,5.112242221832275
1789134944402259,1.7084563970565796
1789134944416259,0.36863553524017334
1789134944424259,0.3669337034225464
1789134944434259,0.9984329342842102
1789134944442259,0.998553454875946
1789134944454259,1.0004571676254272
1789134944464259,0.9991734027862549
1789134944476259,6.999834060668945
1789134944484259,7.005207538604736
1789134944494259,9.036130905151367
1789134944504259,9.043966293334961
1789134944514259,9.048832893371582
1789134944524259,9.058245658874512
1789134944536259,1.1644845008850098
1789134944542259,1.1638095378875732
1789134944552259,0.02432159148156643
1789134944564259,0.020142938941717148
1789134944574259,0.016501594334840775
1789134944584259,0.013861014507710934
1789134944596259,1.6924532651901245
1789134944604259,1.6921340227127075
1789134944608259,4.412094593048096
1789134944624259,4.415754318237305
1789134944634259,4.415712356567383
1789134944644259,0.4049179255962372
1789134944656259,-0.7700830101966858
1789134944664259,-0.773030698299408
1789134944674259,0.11623317003250122
1789134944684259,0.1151927039027214
1789134944694259,0.11564406752586365
1789134944704259,0.11314848810434341
1789134944716259,6.0102128982543945
1789134944724259,6.0145087242126465
1789134944734259,8.355209350585938
1789134944740259,8.360296249389648
1789134944752259,8.370471000671387
1789134944764259,2.864109516143799
1789134944776259,1.39598548412323
1789134944784259,1.3953222036361694
1789134944794259,1.765716552734375
1789134944804259,1.7663778066635132
1789134944814259,1.7665013074874878
1789134944824259,1.7661666870117188
1789134944836259,1.160500168800354
1789134944838259,1.1602717638015747
1789134944854259,0.37677714228630066
1789134944864259,0.37524405121803284
1789134944872259,0.3734986484050751
1789134944884259,4.7383317947387695
1789134944896259,3.9906113147735596
1789134944904417,3.9927189350128174
1789134944914417,2.814270496368408
1789134944924417,2.8140344619750977
1789134944934417,2.812340497970581
1789134944944417,-1.9602419137954712
1789134944956417,-2.5943620204925537
1789134944964417,-2.5992698669433594
1789134944970417,-1.1969693899154663
1789134944984417,-1.201747179031372
1789134944994417,-1.2030221223831177
1789134945002417,2.5174977779388428
1789134945016417,2.0233261585235596
1789134945026417,0.8318307995796204
1789134945034417,0.8305931091308594
1789134945044417,0.8276177048683167
1789134945054417,0.8247440457344055
1789134945064417,1.7164549827575684
1789134945076417,2.261939525604248
1789134945084417,2.2622363567352295
1789134945094417,-0.06930564343929291
1789134945102417,-0.07238378375768661
1789134945114417,-0.07686310261487961
1789134945124417,0.08525128662586212
1789134945136417,2.4694337844848633
1789134945144417,2.4699676036834717
1789134945152417,3.4499666690826416
1789134945164417,3.4510436058044434
1789134945174417,3.450644016265869
1789134945184417,3.4526162147521973
1789134945196417,-1.9386436939239502
1789134945202417,-1.9417742490768433
1789134945214417,-3.980736255645752
1789134945224417,-3.988842248916626
1789134945234417,-3.995588779449463
1789134945244417,-1.7223525047302246
1789134945254417,1.0268347263336182
1789134945264417,1.0256175994873047
1789134945268417,2.136089563369751
1789134945284417,2.1400158405303955
1789134945294417,2.1419930458068848
1789134945304417,1.6743507385253906
1789134945316417,0.6199032664299011
1789134945324417,0.6184911131858826
1789134945334417,-1.0778290033340454
1789134945344417,-1.0814660787582397
1789134945352417,-1.0846834182739258
1789134945364417,-1.0895092487335205
1789134945376417,5.192936897277832
1789134945384417,5.19642448425293
1789134945394417,6.4799113273620605
1789134945400417,6.483549118041992
1789134945414417,6.4865007400512695
1789134945424417,6.492563247680664
1789134945436417,-0.48694509267807007
1789134945444417,-0.48954370617866516
1789134945454417,-2.666614532470703
1789134945464417,-2.6729624271392822
1789134945474417,-2.676759719848633
1789134945484417,0.6450696587562561
1789134945496417,3.7696831226348877
1789134945498417,3.770174980163574
1789134945514417,4.927842617034912
1789134945524417,4.930688858032227
1789134945532417,4.9338836669921875
1789134945544417,4.932595729827881
1789134945556417,-0.7217217683792114
1789134945564417,-0.7245598435401917
1789134945574417,-2.864450454711914
1789134945584417,-2.8709583282470703
1789134945594417,-2.8756723403930664
1789134945602417,-0.21336784958839417
1789134945614417,2.759995460510254
1789134945626417,3.2447783946990967
1789134945630417,3.24548602104187
1789134945644417,3.245433807373047
1789134945654417,3.244563102722168
1789134945664417,3.2463324069976807
1789134945676417,-3.191148042678833
1789134945684417,-3.1965997219085693
1789134945694417,-5.1081647872924805
1789134945704417,-5.117417812347412
1789134945714417,-5.124075889587402
1789134945724417,-5.133426666259766
1789134945736417,1.891826868057251
1789134945744417,1.8918458223342896
1789134945752417,3.216398000717163
1789134945762417,3.215833902359009
1789134945774417,3.2136926651000977
1789134945784417,3.2154805660247803
1789134945796417,-3.6689741611480713
1789134945804417,-3.6748876571655273
1789134945814417,-4.099322319030762
1789134945824417,-4.10739803314209
1789134945832417,-3.554420232772827
1789134945844417,-3.5630619525909424
1789134945856417,-0.876025378704071
1789134945862417,-0.8781903982162476
1789134945870417,0.31403130292892456
1789134945884417,0.31492477655410767
1789134945894417,0.31761986017227173
1789134945904574,0.315603107213974
1789134945914574,7.9703216552734375
1789134945926574,8.48856258392334
1789134945928574,8.490333557128906
1789134945944574,8.502900123596191
1789134945952574,8.509984970092773
1789134945962574,3.736428737640381
1789134945976574,2.7269978523254395
1789134945984574,2.727902889251709
1789134945994574,2.1061248779296875
1789134946004574,2.1049227714538574
1789134946014574,2.10404634475708
1789134946024574,2.1043481826782227
1789134946034574,0.7755714058876038
1789134946044574,0.774103581905365
1789134946054574,1.1480789184570312
1789134946060574,1.1474981307983398
1789134946074574,1.1514097452163696
1789134946084574,1.1550782918930054
1789134946096574,7.7587504386901855
1789134946106574,8.83468246459961
1789134946114574,8.84208869934082
1789134946124574,8.84951114654541
1789134946134574,8.855002403259277
1789134946144574,8.864259719848633
1789134946156574,1.653735876083374
1789134946166574,-0.3402397334575653
1789134946174574,-0.3426569104194641
1789134946184574,-0.34575456380844116
1789134946192574,-0.3463110625743866
1789134946204574,-0.34993675351142883
1789134946214574,5.5229597091674805
1789134946224574,5.527762413024902
1789134946234574,5.888277053833008
1789134946244574,5.891584873199463
1789134946254574,5.893906593322754
1789134946262574,0.560298502445221
1789134946274574,-0.3963205814361572
1789134946286574,0.38142991065979004
1789134946290574,0.3806036114692688
1789134946304574,0.37802207469940186
1789134946314574,0.37768056988716125
1789134946324574,0.37561485171318054
1789134946336574,5.577353477478027
1789134946344574,5.581250190734863
1789134946352574,7.028669834136963
1789134946364574,7.034733772277832
1789134946374574,7.0381245613098145
1789134946384574,7.044919013977051
1789134946396574,1.042320966720581
1789134946404574,1.0413498878479004
1789134946414574,-1.1410866975784302
1789134946422574,-1.1445879936218262
1789134946434574,-1.1469026803970337
1789134946444574,1.7784013748168945
1789134946456574,4.5917181968688965
1789134946464574,4.594546318054199
1789134946474574,5.745719909667969
1789134946484574,5.749370574951172
1789134946494574,5.75132417678833
1789134946504574,5.756387233734131
1789134946516574,-0.3558744788169861
1789134946522574,-0.3577300012111664
1789134946534574,-2.569828987121582
1789134946544574,-2.576089859008789
1789134946552574,-2.5809154510498047
1789134946564574,-1.0936108827590942
1789134946576574,1.6786764860153198
1789134946586574,2.755458116531372
1789134946588574,2.7556772232055664
1789134946604574,2.7624099254608154
1789134946614574,2.7663209438323975
1789134946624574,3.290801525115967
1789134946636574,2.3845512866973877
1789134946644574,2.3850176334381104
1789134946654574,0.3568738102912903
1789134946664574,0.3540102541446686
1789134946674574,0.3508511483669281
1789134946684574,0.9034050703048706
1789134946696574,3.149658679962158
1789134946704574,3.1509523391723633
1789134946714574,3.749152183532715
1789134946720574,3.7498114109039307
1789134946734574,3.749642848968506
1789134946744574,3.75205397605896
1789134946754574,-1.8259599208831787
1789134946764574,-1.8309870958328247
1789134946774574,-3.6199934482574463
1789134946784574,-3.6265792846679688
1789134946794574,-3.631202220916748
1789134946802574,0.0632622092962265
1789134946816574,3.303264856338501
1789134946818574,3.3036351203918457
1789134946834574,4.240772724151611
1789134946844574,4.242727279663086
1789134946852574,4.245203018188477
1789134946864574,4.248917102813721
1789134946876574,-1.2176264524459839
1789134946884574,-1.2209806442260742
1789134946894574,-3.49397349357605
1789134946904732,-3.5014166831970215
1789134946914732,-3.507465362548828
1789134946924732,-1.2545322179794312
1789134946936732,1.5918630361557007
1789134946944732,1.5915415287017822
1789134946950732,2.690150260925293
1789134946964732,2.694528341293335
1789134946974732,2.6972222328186035
1789134946984732,2.698284387588501
1789134946994732,0.9468979835510254
1789134947006732,0.3542221486568451
1789134947014732,0.3525746464729309
1789134947024732,0.35136398673057556
1789134947034732,0.35271593928337097
1789134947044732,4.724025249481201
1789134947056732,4.054210186004639
1789134947062732,4.055931091308594
1789134947074732,2.8213863372802734
1789134947082732,2.821287155151367
1789134947094732,2.8196895122528076
1789134947104732,2.8209102153778076
1789134947116732,-2.7133984565734863
1789134947124732,-2.718324899673462
1789134947134732,-5.091419696807861
1789134947144732,-5.1008830070495605
1789134947152732,-5.108331203460693
1789134947164732,-5.119503974914551
1789134947176732,0.08932150900363922
1789134947182732,0.0879102274775505
1789134947194732,1.5551035404205322
1789134947204732,1.557801365852356
1789134947214732,1.5625696182250977
1789134947224732,1.5621745586395264
1789134947236732,8.671035766601562
1789134947244732,8.678300857543945
1789134947248732,9.367249488830566
1789134947264732,9.379005432128906
1789134947274732,9.3836669921875
1789134947284732,3.1685280799865723
1789134947296732,1.6033649444580078
1789134947304732,1.6030527353286743
1789134947314732,1.2193851470947266
1789134947324732,1.2173216342926025
1789134947334732,1.2158862352371216
1789134947344732,1.2171287536621094
1789134947354732,4.858942031860352
1789134947366732,5.032552719116211
1789134947374732,5.035897254943848
1789134947380732,5.038404941558838
1789134947394732,5.039593696594238
1789134947404732,5.043774127960205
1789134947416732,-0.7489063143730164
1789134947424732,-0.751742959022522
1789134947434732,-1.3957512378692627
1789134947444732,-1.3983500003814697
1789134947454732,-1.3982067108154297
1789134947464732,-1.402605414390564
1789134947476732,6.349363803863525
1789134947478732,6.350552082061768
1789134947494732,6.963465213775635
1789134947504732,6.969198226928711
1789134947512732,6.974593639373779
1789134947524732,2.0292563438415527
1789134947536732,1.4216821193695068
1789134947544732,1.4211498498916626
1789134947552732,2.099484920501709
1789134947564732,2.1011807918548584
1789134947574732,2.1031761169433594
1789134947584732,3.5718655586242676
1789134947596732,3.3300678730010986
1789134947604732,3.3315634727478027
1789134947610732,1.02608323097229
1789134947624732,1.0229401588439941
1789134947634732,1.0198838710784912
1789134947644732,0.037200480699539185
1789134947656732,1.910916805267334
1789134947664732,1.9109095335006714
1789134947674732,3.1187098026275635
1789134947684732,3.121791362762451
1789134947694732,3.124387502670288
1789134947704732,3.1248490810394287
1789134947714732,0.8272702097892761
1789134947726732,-0.06123122200369835
1789134947734732,-0.06334886699914932
1789134947742732,-0.0649956539273262
1789134947752732,-0.06764249503612518
1789134947762732,4.140387535095215
1789134947774732,3.6127476692199707
1789134947784732,3.6150050163269043
1789134947794732,2.404186725616455
1789134947804732,2.4030470848083496
1789134947814732,2.400118827819824
1789134947824732,2.4007608890533447
1789134947836732,-2.3736720085144043
1789134947842732,-2.377106189727783
1789134947854732,-2.5941195487976074
1789134947864732,-2.6003432273864746
1789134947874732,-2.604881763458252
1789134947882732,-0.20807431638240814
1789134947894732,2.600609064102173
1789134947904732,2.6015496253967285
1789134947908889,3.264431953430176
1789134947924889,3.2635741233825684
1789134947932889,3.26503324508667
1789134947942889,-2.2446916103363037
1789134947956889,-3.1163330078125
1789134947964889,-3.1216723918914795
1789134947974889,-2.4056591987609863
1789134947984889,-2.411069869995117
1789134947994889,-2.4149010181427
1789134948004889,-2.4206132888793945
1789134948016889,2.879429578781128
1789134948024889,2.880519151687622
1789134948034889,4.220555305480957
1789134948040889,4.222442150115967
1789134948054889,4.222394943237305
1789134948062889,-1.5304120779037476
1789134948076889,-2.3702778816223145
1789134948084889,-2.374783515930176
1789134948094889,-1.2656444311141968
1789134948104889,-1.269536018371582
1789134948114889,-1.270857572555542
1789134948124889,-1.2750052213668823
1789134948136889,4.476749897003174
1789134948138889,4.477455139160156
1789134948152889,5.776125907897949
1789134948164889,5.780113697052002
1789134948172889,5.784311771392822
1789134948184889,5.790609359741211
1789134948196889,-1.170169472694397
1789134948204889,-1.17340087890625
1789134948214889,-2.9216794967651367
1789134948224889,-2.928388833999634
1789134948234889,-2.934290647506714
1789134948244889,-2.0021753311157227
1789134948256889,0.2969992458820343
1789134948264889,0.29536840319633484
1789134948270889,1.3310250043869019
1789134948284889,1.333757758140564
1789134948294889,1.337335467338562
1789134948304889,1.3432211875915527
1789134948316889,7.861719608306885
1789134948324889,7.868145942687988
1789134948334889,7.140634536743164
1789134948344889,7.146744251251221
1789134948352889,7.1523871421813965
1789134948364889,2.473454475402832
1789134948376889,1.7638537883758545
1789134948384889,1.7637434005737305
1789134948394889,0.20529912412166595
1789134948402889,0.20383460819721222
1789134948414889,0.20292305946350098
1789134948424889,0.20071008801460266
1789134948436889,5.0617899894714355
1789134948446889,7.328242778778076
1789134948454889,7.334071636199951
1789134948464889,7.339910507202148
1789134948474889,7.343824863433838
1789134948484889,7.345309734344482
1789134948494889,0.4607003629207611
1789134948506889,-0.9675745368003845
1789134948514889,-0.9706078767776489
1789134948524889,-0.9742273092269897
1789134948534889,-0.9764977693557739
1789134948544889,-0.9802893400192261
1789134948556889,3.933678150177002
1789134948566889,6.154803276062012
1789134948568889,6.155946731567383
1789134948584889,6.162092208862305
1789134948594889,6.163150310516357
1789134948604889,0.5448420643806458
1789134948616889,-0.4546528160572052
1789134948624889,-0.4571346044540405
1789134948634889,-0.05887281522154808
1789134948644889,-0.059067901223897934
1789134948654889,-0.056623831391334534
1789134948664889,-0.05919170007109642
1789134948676889,8.234918594360352
1789134948684889,8.24171257019043
1789134948694889,10.418972969055176
1789134948700889,10.425801277160645
1789134948714889,10.434510231018066
1789134948724889,10.445890426635742
1789134948736889,2.3232688903808594
1789134948744889,2.3236989974975586
1789134948752889,1.1150703430175781
1789134948764889,1.112641453742981
1789134948774889,1.11116361618042
1789134948784889,1.1100908517837524
1789134948796889,3.8633830547332764
1789134948798889,3.8639028072357178
1789134948814889,6.072600841522217
1789134948824889,6.077086925506592
1789134948832889,6.081511974334717
1789134948844889,1.4180271625518799
1789134948856889,0.12771542370319366
1789134948864889,0.12578846514225006
1789134948870889,0.5685445070266724
1789134948884889,0.5681756734848022
1789134948894889,0.569341778755188
1789134948904889,0.5675249695777893
1789134948916889,6.559106826782227
1789134948925044,6.564044952392578
1789134948931044,8.702980995178223
1789134948945044,8.712846755981445
1789134948953044,8.720060348510742
1789134948965044,8.730881690979004
1789134948977044,0.48842042684555054
1789134948985044,0.4868330955505371
1789134948995044,-0.5503433346748352
1789134949005044,-0.5546160340309143
1789134949015044,-0.5586233735084534
1789134949025044,-0.5619857907295227
1789134949037044,2.201275587081909
1789134949047044,4.443764686584473
1789134949055044,4.446414947509766
1789134949063044,4.447997093200684
1789134949075044,4.4470295906066895
1789134949085044,-0.29916471242904663
1789134949097044,-1.6843515634536743
1789134949105044,-1.6882364749908447
1789134949115044,-1.4402849674224854
1789134949125044,-1.4434479475021362
1789134949133044,1.3157930374145508
1789134949145044,1.3147878646850586
1789134949157044,4.4464263916015625
1789134949167044,5.398610591888428
1789134949175044,5.402291297912598
1789134949185044,5.405548572540283
1789134949195044,5.406096935272217
1789134949205044,0.8221104145050049
1789134949217044,-0.5932396054267883
1789134949225044,-0.5959565043449402
1789134949229044,0.8844820261001587
1789134949245044,0.8846759796142578
1789134949255044,0.8861933946609497
1789134949265044,5.8589558601379395
1789134949277044,5.630675792694092
1789134949285044,5.634591102600098
1789134949295044,2.652604579925537
1789134949305044,2.6526038646698
1789134949315044,2.650845766067505
1789134949325044,-0.8802304863929749
1789134949337044,-2.4075801372528076
1789134949345044,-2.412234306335449
1789134949353044,-2.024099588394165
1789134949361044,-2.0283355712890625
1789134949375044,-2.0301709175109863
1789134949385044,-2.0354654788970947
1789134949397044,4.533980846405029
1789134949405044,4.536755084991455
1789134949415044,4.891304969787598
1789134949425044,4.894590854644775
1789134949435044,4.895076751708984
1789134949445044,0.6728119254112244
1789134949457044,-0.4287959933280945
1789134949459044,-0.4294280707836151
1789134949475044,1.408799171447754
1789134949485044,1.4095771312713623
1789134949493044,1.409010887145996
1789134949505044,1.4081614017486572
1789134949517044,5.666738986968994
1789134949525044,5.670714855194092
1789134949535044,5.266611099243164
1789134949545044,5.270081996917725
1789134949553044,5.273622035980225
1789134949565044,1.3332823514938354
1789134949577044,0.2779788672924042
1789134949585044,0.2761893570423126
1789134949591044,1.1011171340942383
1789134949605044,1.1022335290908813
1789134949615044,1.1043678522109985
1789134949625044,1.1032317876815796
1789134949637044,7.494141578674316
1789134949645044,7.500049591064453
1789134949655044,10.12993335723877
1789134949665044,10.139006614685059
1789134949675044,10.145055770874023
1789134949685044,10.155932426452637
1789134949695044,2.3546035289764404
1789134949705044,2.355069637298584
1789134949715044,1.8340035676956177
1789134949723044,1.8334112167358398
1789134949735044,1.8325525522232056
1789134949745044,1.8323241472244263
1789134949755044,2.3273069858551025
1789134949765044,2.3277387619018555
1789134949775044,1.8947334289550781
1789134949785044,1.8938148021697998
1789134949793044,0.572926938533783
1789134949805044,0.5706402659416199
1789134949817044,2.361394166946411
1789134949827044,3.5482423305511475
1789134949835044,3.5498945713043213
1789134949845044,3.5509963035583496
1789134949855044,3.550596237182617
1789134949865044,3.552661895751953
1789134949875044,-2.086559772491455
1789134949885044,-2.0920121669769287
1789134949889044,-3.203129291534424
1789134949905044,-3.211118698120117
1789134949915044,-3.21471905708313
1789134949925202,2.035308599472046
1789134949937202,1.1469355821609497
1789134949947202,0.4411289095878601
1789134949953202,0.43989989161491394
1789134949965202,0.4379779100418091
1789134949975202,0.43763184547424316
1789134949985202,0.43558377027511597
1789134949997202,5.394340515136719
1789134950005202,5.397993087768555
1789134950015202,7.574577808380127
1789134950021202,7.578049182891846
1789134950035202,7.581558704376221
1789134950045202,2.0252676010131836
1789134950057202,0.8326926827430725
1789134950063202,0.8317660689353943
1789134950075202,1.0898685455322266
1789134950085202,1.0905413627624512
1789134950095202,1.0930290222167969
1789134950105202,1.0918306112289429
1789134950117202,7.815563678741455
1789134950119202,7.817117214202881
1789134950135202,10.13483715057373
1789134950145202,10.14439582824707
1789134950153202,10.14919376373291
1789134950165202,10.16219425201416
1789134950177202,2.090158462524414
1789134950185202,2.090203285217285
1789134950195202,1.2576160430908203
1789134950205202,1.255476713180542
1789134950215202,1.2534822225570679
1789134950225202,2.59970760345459
1789134950237202,2.9997262954711914
1789134950245202,3.0007455348968506
1789134950251202,0.7681041359901428
1789134950265202,0.7642514705657959
1789134950275202,0.7617765069007874
1789134950285202,0.7600752711296082
1789134950297202,3.5696964263916016
1789134950307202,4.633579254150391
1789134950315202,4.636349201202393
1789134950325202,4.639136791229248
1789134950335202,4.6399407386779785
1789134950345202,4.643402576446533
1789134950357202,-1.0475143194198608
1789134950365202,-1.0508145093917847
1789134950375202,-3.2154083251953125
1789134950383202,-3.22119402885437
1789134950395202,-3.2280690670013428
1789134950405202,-3.2350711822509766
1789134950417202,0.9440395832061768
1789134950425202,0.942903459072113
1789134950435202,2.272571086883545
1789134950445202,2.2754883766174316
1789134950455202,2.278532028198242
1789134950465202,2.2793428897857666
1789134950477202,1.6149495840072632
1789134950487202,0.20644117891788483
1789134950495202,0.20451293885707855
1789134950505202,0.20197395980358124
1789134950515202,0.2012818306684494
1789134950525202,2.572338581085205
1789134950535202,2.6964914798736572
1789134950545202,2.6974079608917236
1789134950549202,1.5371623039245605
1789134950565202,1.532279372215271
1789134950575202,1.529728889465332
1789134950585202,2.2264137268066406
1789134950597202,2.921529769897461
1789134950605202,2.9225099086761475
1789134950615202,0.9834586977958679
1789134950625202,0.9811883568763733
1789134950635202,0.9791728854179382
1789134950645202,0.977814257144928
1789134950657202,3.700137138366699
1789134950665202,3.7019548416137695
1789134950675202,4.719161510467529
1789134950681202,4.7213358879089355
1789134950695202,4.72310209274292
1789134950705202,4.726726055145264
1789134950717202,-0.691215991973877
1789134950727202,-2.7486536502838135
1789134950735202,-2.753725528717041
1789134950745202,-2.7605597972869873
1789134950753202,-2.765631675720215
1789134950765202,-2.770501136779785
1789134950777202,1.8290023803710938
1789134950779202,1.8289625644683838
1789134950795202,2.227815628051758
1789134950805202,2.227393627166748
1789134950813202,2.2276594638824463
1789134950825202,2.228058338165283
1789134950837202,-2.320614814758301
1789134950845202,-2.325199842453003
1789134950855202,-3.6131317615509033
1789134950865202,-3.6202051639556885
1789134950875202,-3.624617099761963
1789134950885202,0.2350851446390152
1789134950897202,3.037193775177002
1789134950905202,3.038355588912964
1789134950911202,4.231414318084717
1789134950925357,4.2339091300964355
1789134950935357,4.234250545501709
1789134950945357,4.237290382385254
1789134950955357,-1.6532378196716309
1789134950967357,-2.9262075424194336
1789134950975357,-2.9314112663269043
1789134950985357,-2.9377057552337646
1789134950995357,-2.941600799560547
1789134951005357,-2.944420576095581
1789134951015357,2.56390380859375
1789134951027357,3.2301619052886963
1789134951035357,3.2315468788146973
1789134951043357,3.231017589569092
1789134951055357,3.228294610977173
1789134951065357,-2.623648166656494
1789134951075357,-3.5003108978271484
1789134951085357,-3.5075416564941406
1789134951095357,-2.638176441192627
1789134951105357,-2.6432478427886963
1789134951113357,0.7629126310348511
1789134951125357,0.7610909342765808
1789134951137357,3.6993720531463623
1789134951143357,3.700812816619873
1789134951153357,4.199509143829346
1789134951165357,4.200621604919434
1789134951175357,4.200108528137207
1789134951185357,4.2031707763671875
1789134951197357,-2.4870665073394775
1789134951205357,-2.491755485534668
1789134951209357,-3.8092329502105713
1789134951225357,-3.819521188735962
1789134951235357,-3.822535276412964
1789134951245357,1.538926362991333
1789134951257357,5.158880710601807
1789134951265357,5.162374496459961
1789134951275357,5.671388149261475
1789134951285357,5.674502372741699
1789134951295357,5.675809860229492
1789134951305357,5.680849075317383
1789134951317357,-1.0816015005111694
1789134951325357,-1.0847878456115723
1789134951335357,-2.324169635772705
1789134951341357,-2.3275463581085205
1789134951353357,-2.3342995643615723
1789134951365357,1.1853785514831543
1789134951375357,4.255670070648193
1789134951387357,4.849979400634766
1789134951395357,4.853140830993652
1789134951405357,4.855197906494141
1789134951415357,4.855422019958496
1789134951425357,4.859373092651367
1789134951437357,-1.8658199310302734
1789134951439357,-1.8668240308761597
1789134951455357,-3.8741135597229004
1789134951465357,-3.8821616172790527
1789134951473357,-3.888305425643921
1789134951485357,-3.8975207805633545
1789134951497357,0.9548779129981995
1789134951505357,0.9539188742637634
1789134951515357,2.384110927581787
1789134951525357,2.387848138809204
1789134951535357,2.391972541809082
1789134951545357,3.4336042404174805
1789134951557357,2.3760595321655273
1789134951565357,2.3766043186187744
1789134951571357,-0.08586927503347397
1789134951585357,-0.09039556235074997
1789134951595357,-0.09334933012723923
1789134951605357,-0.09594950079917908
1789134951617357,2.8115391731262207
1789134951627357,3.9248037338256836
1789134951635357,3.9270131587982178
1789134951645357,3.9286153316497803
1789134951655357,3.9285147190093994
1789134951665357,3.931276559829712
1789134951677357,-1.9679938554763794
1789134951685357,-1.9720754623413086
1789134951695357,-3.2167930603027344
1789134951703357,-3.2215144634246826
1789134951715357,-3.225658655166626
1789134951725357,-3.2324113845825195
1789134951737357,2.930227279663086
1789134951745357,2.931405544281006
1789134951753357,3.996633291244507
1789134951765357,3.9977176189422607
1789134951773357,0.5275924205780029
1789134951785357,0.5255076289176941
1789134951797357,-1.0637625455856323
1789134951803357,-1.066074252128601
1789134951815357,1.0538382530212402
1789134951825357,1.0530529022216797
1789134951835357,1.054139494895935
1789134951845357,1.053114652633667
1789134951857357,6.764456272125244
1789134951865357,6.769728660583496
1789134951869357,7.905477046966553
1789134951885357,7.915114402770996
1789134951895357,7.919697284698486
1789134951905357,2.5327847003936768
1789134951917357,1.9498956203460693
1789134951927513,0.8072644472122192
1789134951929513,0.8069862723350525
1789134951945513,0.8052012920379639
1789134951953513,0.804088294506073
1789134951965513,4.3300395011901855
1789134951977513,3.903029441833496
1789134951987513,2.6910061836242676
1789134951995513,2.6918981075286865
1789134952001513,2.6925668716430664
1789134952015513,2.690709114074707
1789134952025513,2.6918234825134277
1789134952037513,-2.8101117610931396
1789134952047513,-4.848567008972168
1789134952055513,-4.855709075927734
1789134952063513,-4.862985134124756
1789134952075513,-4.872274398803711
1789134952085513,-2.7688112258911133
1789134952097513,0.039180099964141846
1789134952099513,0.03870796039700508
1789134952115513,1.1200883388519287
1789134952125513,1.1215157508850098
1789134952133513,1.1207821369171143
1789134952145513,1.119681477546692
1789134952155513,8.383556365966797
1789134952165513,8.39232349395752
1789134952175513,9.001021385192871
1789134952185513,9.009608268737793
1789134952195513,9.015231132507324
1789134952205513,4.099395275115967
1789134952217513,2.8665454387664795
1789134952225513,2.8676297664642334
1789134952231513,1.2809020280838013
1789134952245513,1.2771906852722168
1789134952255513,1.2748717069625854
1789134952265513,1.2741119861602783
1789134952275513,3.046583652496338
1789134952285513,3.048184633255005
1789134952295513,3.544753074645996
1789134952305513,3.5463154315948486
1789134952315513,3.5452449321746826
1789134952325513,-0.5211709141731262
1789134952337513,-1.6614108085632324
1789134952345513,-1.6651501655578613
1789134952353513,-0.21055524051189423
