timestamp,rudder_angle_setpoint_rad,rate_of_turn
1789134801069013,0.0,0.0
1789134801081013,0.0,0.0
1789134801093013,0.0,0.0
1789134801095013,0.0,0.0
1789134801111013,0.0,0.0
1789134801121013,0.0,0.0
1789134801129013,0.0,0.0
1789134801141013,0.0,0.0
1789134801151013,0.0,0.0
1789134801163013,0.0,0.0
1789134801167013,0.0,0.0
1789134801181013,0.0,0.0
1789134801191013,0.0,0.0
1789134801201013,0.0,0.0
1789134801213013,0.0,0.0
1789134801215013,0.0,0.0
1789134801231013,0.0,0.0
1789134801241177,0.0,0.0
1789134801251177,0.0,0.0
1789134801261177,0.0,0.0
1789134801271177,0.0,0.0
1789134801281177,0.0,0.0
1789134801291177,0.0,0.0
1789134801299177,0.0,0.0
1789134801311177,0.0,0.0
1789134801321177,0.0,0.0
1789134801333177,0.0,0.0
1789134801341177,0.0,0.0
1789134801351177,0.0,0.0
1789134801361177,0.0,0.0
1789134801369177,0.0,0.0
1789134801381177,0.0,0.0
1789134801393177,0.0,0.0
1789134801397177,0.0,0.0
1789134801411177,0.0,0.0
1789134801421177,0.0,0.0
1789134801431177,0.0,0.0
1789134801441177,0.0,0.0
1789134801453177,0.0,0.0
1789134801463177,0.0,0.0
1789134801471177,0.0,0.0
1789134801481177,0.0,0.0
1789134801491177,0.0,0.0
1789134801501177,0.0,0.0
1789134801513177,0.0,0.0
1789134801521177,0.0,0.0
1789134801529177,0.0,0.0
1789134801541177,0.0,0.0
1789134801551177,0.0,0.0
1789134801561177,0.0,0.0
1789134801573177,0.0,0.0
1789134801583177,0.0,0.0
1789134801591177,0.0,0.0
1789134801597177,0.0,0.0
1789134801611177,0.0,0.0
1789134801621177,0.0,0.0
1789134801633177,0.0,0.0
1789134801643177,0.0,0.0
1789134801651177,0.0,0.0
1789134801661177,0.0,0.0
1789134801671177,0.0,0.0
1789134801681177,0.0,0.0
1789134801691177,0.0,0.0
1789134801703177,0.0,0.0
1789134801711177,0.0,0.0
1789134801721177,0.0,0.0
1789134801729177,0.0,0.0
1789134801741177,0.0,0.0
1789134801751177,0.0,0.0
1789134801761177,0.0,0.0
1789134801771177,0.0,0.0
1789134801781177,0.0,0.0
1789134801791177,0.0,0.0
1789134801801177,0.0,0.0
1789134801813177,0.0,0.0
1789134801823177,0.0,0.0
1789134801827177,0.0,0.0
1789134801841177,0.0,0.0
1789134801851177,0.0,0.0
1789134801861177,0.0,0.0
1789134801871177,0.0,0.0
1789134801881177,0.0,0.0
1789134801891177,0.0,0.0
1789134801901177,0.0,0.0
1789134801911177,0.0,0.0
1789134801921177,0.0,0.0
1789134801933177,0.0,0.0
1789134801941177,0.0,0.0
1789134801951177,0.0,0.0
1789134801959177,0.0,0.0
1789134801971177,0.0,0.0
1789134801981177,0.0,0.0
1789134801993177,0.0,0.0
1789134802001177,0.0,0.0
1789134802011177,0.0,0.0
1789134802021177,0.0,0.0
1789134802027177,0.0,0.0
1789134802041177,0.0,0.0
1789134802053177,0.0,0.0
1789134802057177,0.0,0.0
1789134802071177,0.0,0.0
1789134802081177,0.0,0.0
1789134802091177,0.0,0.0
1789134802101177,0.0,0.0
1789134802113177,0.0,0.0
1789134802121177,0.0,0.0
1789134802129177,0.0,0.0
1789134802141177,0.0,0.0
1789134802151177,0.0,0.0
1789134802161177,0.0,0.0
1789134802173177,0.0,0.0
1789134802183177,0.0,0.0
1789134802189177,0.0,0.0
1789134802201177,0.0,0.0
1789134802211177,0.0,0.0
1789134802221177,0.0,0.0
1789134802233177,0.0,0.0
1789134802241177,0.0,0.0
1789134802251341,0.0,0.0
1789134802255341,0.0,0.0
1789134802271341,0.0,0.0
1789134802281341,0.0,0.0
1789134802293341,0.0,0.0
1789134802303341,0.0,0.0
1789134802311341,0.0,0.0
1789134802321341,0.0,0.0
1789134802329341,0.0,0.0
1789134802341341,0.0,0.0
1789134802351341,0.0,0.0
1789134802363341,0.0,0.0
1789134802371341,0.0,0.0
1789134802381341,0.0,0.0
1789134802387341,0.0,0.0
1789134802401341,0.0,0.0
1789134802413341,0.0,0.0
1789134802421341,0.0,0.0
1789134802431341,0.0,0.0
1789134802441341,0.0,0.0
1789134802451341,0.0,0.0
1789134802461341,0.0,0.0
1789134802473341,0.0,0.0
1789134802483341,0.0,0.0
1789134802487341,0.0,0.0
1789134802501341,0.0,0.0
1789134802511341,0.0,0.0
1789134802521341,0.0,0.0
1789134802533341,0.0,0.0
1789134802541341,0.0,0.0
1789134802551341,0.0,0.0
1789134802561341,0.0,0.0
1789134802571341,0.0,0.0
1789134802581341,0.0,0.0
1789134802593341,0.0,0.0
1789134802601341,0.0,0.0
1789134802611341,0.0,0.0
1789134802619341,0.0,0.0
1789134802631341,0.0,0.0
1789134802641341,0.0,0.0
1789134802653341,0.0,0.0
1789134802655341,0.0,0.0
1789134802671341,0.0,0.0
1789134802681341,0.0,0.0
1789134802689341,0.0,0.0
1789134802701341,0.0,0.0
1789134802713341,0.0,0.0
1789134802717341,0.0,0.0
1789134802729341,0.0,0.0
1789134802741341,0.0,0.0
1789134802751341,0.0,0.0
1789134802761341,0.0,0.0
1789134802773341,0.0,0.0
1789134802775341,0.0,0.0
1789134802791341,0.0,0.0
1789134802801341,0.0,0.0
1789134802811341,0.0,0.0
1789134802821341,0.0,0.0
1789134802833341,0.0,0.0
1789134802841341,0.0,0.0
1789134802849341,0.0,0.0
1789134802861341,0.0,0.0
1789134802871341,0.0,0.0
1789134802881341,0.0,0.0
1789134802893341,0.0,0.0
1789134802903341,0.0,0.0
1789134802911341,0.0,0.0
1789134802917341,0.0,0.0
1789134802929341,0.0,0.0
1789134802941341,0.0,0.0
1789134802953341,0.0,0.0
1789134802961341,0.0,0.0
1789134802971341,0.0,0.0
1789134802981341,0.0,0.0
1789134802991341,0.0,0.0
1789134803001341,0.0,0.0
1789134803013341,0.0,0.0
1789134803015341,0.0,0.0
1789134803031341,0.0,0.0
1789134803041341,0.0,0.0
1789134803049341,0.0,0.0
1789134803061341,0.0,0.0
1789134803073341,0.0,0.0
1789134803083341,0.0,0.0
1789134803091341,0.0,0.0
1789134803097341,0.0,0.0
1789134803111341,0.0,0.0
1789134803121341,0.0,0.0
1789134803133341,0.0,0.0
1789134803143341,0.0,0.0
1789134803147341,0.0,0.0
1789134803161341,0.0,0.0
1789134803171341,0.0,0.0
1789134803181341,0.0,0.0
1789134803193341,0.0,0.0
1789134803203341,0.0,0.0
1789134803211341,0.0,0.0
1789134803221341,0.0,0.0
1789134803231341,0.0,0.0
1789134803241341,0.0,0.0
1789134803253341,0.0,0.0
1789134803263504,0.0,0.0
1789134803271504,0.0,0.0
1789134803279504,0.0,0.0
1789134803291504,0.0,0.0
1789134803301504,0.0,0.0
1789134803313504,0.0,0.0
1789134803323504,0.0,0.0
1789134803329504,0.0,0.0
1789134803341504,0.0,0.0
1789134803349504,0.0,0.0
1789134803361504,0.0,0.0
1789134803373504,0.0,0.0
1789134803383504,0.0,0.0
1789134803391504,0.0,0.0
1789134803401504,0.0,0.0
1789134803411504,0.0,0.0
1789134803421504,0.0,0.0
1789134803433504,0.0,0.0
1789134803443504,0.0,0.0
1789134803451504,0.0,0.0
1789134803461504,0.0,0.0
1789134803471504,0.0,0.0
1789134803481504,0.0,0.0
1789134803493504,0.0,0.0
1789134803501504,0.0,0.0
1789134803509504,0.0,0.0
1789134803521504,0.0,0.0
1789134803529504,0.0,0.0
1789134803541504,0.0,0.0
1789134803553504,0.0,0.0
1789134803561504,0.0,0.0
1789134803571504,0.0,0.0
1789134803577504,0.0,0.0
1789134803591504,0.0,0.0
1789134803601504,0.0,0.0
1789134803613504,0.0,0.0
1789134803615504,0.0,0.0
1789134803631504,0.0,0.0
1789134803641504,0.0,0.0
1789134803651504,0.0,0.0
1789134803661504,0.0,0.0
1789134803673504,0.0,0.0
1789134803675504,0.0,0.0
1789134803691504,0.0,0.0
1789134803701504,0.0,0.0
1789134803709504,0.0,0.0
1789134803721504,0.0,0.0
1789134803733504,0.0,0.0
1789134803743504,0.0,0.0
1789134803751504,0.0,0.0
1789134803761504,0.0,0.0
1789134803771504,0.0,0.0
1789134803781504,0.0,0.0
1789134803793504,0.0,0.0
1789134803801504,0.0,0.0
1789134803807504,0.0,0.0
1789134803821504,0.0,0.0
1789134803831504,0.0,0.0
1789134803841504,0.0,0.0
1789134803853504,0.0,0.0
1789134803861504,0.0,0.0
1789134803871504,0.0,0.0
1789134803881504,0.0,0.0
1789134803891504,0.0,0.0
1789134803901504,0.0,0.0
1789134803913504,0.0,0.0
1789134803923504,0.0,0.0
1789134803929504,0.0,0.0
1789134803939504,0.0,0.0
1789134803951504,0.0,0.0
1789134803961504,0.0,0.0
1789134803973504,0.0,0.0
1789134803975504,0.0,0.0
1789134803991504,0.0,0.0
1789134804001504,0.0,0.0
1789134804009504,0.0,0.0
1789134804021504,0.0,0.0
1789134804033504,0.0,0.0
1789134804037504,0.0,0.0
1789134804051504,0.0,0.0
1789134804061504,0.0,0.0
1789134804071504,0.0,0.0
1789134804081504,0.0,0.0
1789134804093504,0.0,0.0
1789134804095504,0.0,0.0
1789134804111504,0.0,0.0
1789134804121504,0.0,0.0
1789134804129504,0.0,0.0
1789134804141504,0.0,0.0
1789134804153504,0.0,0.0
1789134804161504,0.0,0.0
1789134804169504,0.0,0.0
1789134804181504,0.0,0.0
1789134804191504,0.0,0.0
1789134804201504,0.0,0.0
1789134804213504,0.0,0.0
1789134804215504,0.0,0.0
1789134804231504,0.0,0.0
1789134804237504,0.0,0.0
1789134804251504,0.0,0.0
1789134804261667,0.0,0.0
1789134804273667,0.0,0.0
1789134804281667,0.0,0.0
1789134804291667,0.0,0.0
1789134804301667,0.0,0.0
1789134804311667,0.0,0.0
1789134804321667,0.0,0.0
1789134804333667,0.0,0.0
1789134804335667,0.0,0.0
1789134804351667,0.0,0.0
1789134804361667,0.0,0.0
1789134804369667,0.0,0.0
1789134804381667,0.0,0.0
1789134804393667,0.0,0.0
1789134804401667,0.0,0.0
1789134804411667,0.0,0.0
1789134804421667,0.0,0.0
1789134804431667,0.0,0.0
1789134804441667,0.0,0.0
1789134804453667,0.0,0.0
1789134804461667,0.0,0.0
1789134804467667,0.0,0.0
1789134804481667,0.0,0.0
1789134804491667,0.0,0.0
1789134804501667,0.0,0.0
1789134804513667,0.0,0.0
1789134804521667,0.0,0.0
1789134804529667,0.0,0.0
1789134804541667,0.0,0.0
1789134804551667,0.0,0.0
1789134804561667,0.0,0.0
1789134804573667,0.0,0.0
1789134804581667,0.0,0.0
1789134804591667,0.0,0.0
1789134804599667,0.0,0.0
1789134804611667,0.0,0.0
1789134804621667,0.0,0.0
1789134804633667,0.0,0.0
1789134804643667,0.0,0.0
1789134804651667,0.0,0.0
1789134804661667,0.0,0.0
1789134804667667,0.0,0.0
1789134804681667,0.0,0.0
1789134804691667,0.0,0.0
1789134804703667,0.0,0.0
1789134804711667,0.0,0.0
1789134804721667,0.0,0.0
1789134804729667,0.0,0.0
1789134804741667,0.0,0.0
1789134804753667,0.0,0.0
1789134804761667,0.0,0.0
1789134804771667,0.0,0.0
1789134804781667,0.0,0.0
1789134804791667,0.0,0.0
1789134804801667,0.0,0.0
1789134804813667,0.0,0.0
1789134804815667,0.0,0.0
1789134804829667,0.0,0.0
1789134804841667,0.0,0.0
1789134804849667,0.0,0.0
1789134804861667,0.0,0.0
1789134804873667,0.0,0.0
1789134804881667,0.0,0.0
1789134804891667,0.0,0.0
1789134804897667,0.0,0.0
1789134804911667,0.0,0.0
1789134804921667,0.0,0.0
1789134804933667,0.0,0.0
1789134804941667,0.0,0.0
1789134804951667,0.0,0.0
1789134804961667,0.0,0.0
1789134804971667,0.0,0.0
1789134804981667,0.0,0.0
1789134804993667,0.0,0.0
1789134804995667,0.0,0.0
1789134805011667,0.0,0.0
1789134805021667,0.0,0.0
1789134805029667,0.0,0.0
1789134805041667,0.0,0.0
1789134805053667,0.0,0.0
1789134805061667,0.0,0.0
1789134805071667,0.0,0.0
1789134805081667,0.0,0.0
1789134805091667,0.0,0.0
1789134805101667,0.0,0.0
1789134805113667,0.11690795421600342,0.11690795421600342
1789134805121667,0.11694692075252533,0.11694692075252533
1789134805127667,0.11722560971975327,0.11722560971975327
1789134805141667,0.10983845591545105,0.10983845591545105
1789134805151667,0.09710705280303955,0.09710705280303955
1789134805161667,0.12168311327695847,0.12168311327695847
1789134805173667,0.0989130288362503,0.0989130288362503
1789134805175667,0.09327469021081924,0.09327469021081924
1789134805191667,0.0834394246339798,0.0834394246339798
1789134805201667,0.08312616497278214,0.08312616497278214
1789134805211667,0.08311924338340759,0.08311924338340759
1789134805221667,0.0831538736820221,0.0831538736820221
1789134805233667,0.06899673491716385,0.06899673491716385
1789134805241667,0.056595757603645325,0.056595757603645325
1789134805251667,0.04771141707897186,0.04771141707897186
1789134805259830,0.047595828771591187,0.047595828771591187
1789134805271830,0.047595828771591187,0.047595828771591187
1789134805281830,0.0476156584918499,0.0476156584918499
1789134805293830,0.0,0.0
1789134805301830,0.0,0.0
1789134805311830,0.02057984657585621,0.02057984657585621
1789134805321830,0.022263117134571075,0.022263117134571075
1789134805329830,-0.003300584154203534,-0.003300584154203534
1789134805341830,0.0014579353155568242,0.0014579353155568242
1789134805353830,0.0,0.0
1789134805357830,0.0,0.0
1789134805371830,0.0,0.0
1789134805381830,0.0,0.0
1789134805391830,0.0,0.0
1789134805401830,0.0,0.0
1789134805413830,-0.025582831352949142,-0.025582831352949142
1789134805415830,-0.025584964081645012,-0.025584964081645012
1789134805431830,-0.042218536138534546,-0.042218536138534546
1789134805441830,-0.03755179047584534,-0.03755179047584534
1789134805451830,-0.016662895679473877,-0.016662895679473877
1789134805461830,-0.0459272526204586,-0.0459272526204586
1789134805473830,0.0,0.0
1789134805481830,0.0,0.0
1789134805489830,0.0,0.0
1789134805501830,0.0,0.0
1789134805511830,0.0,0.0
1789134805521830,0.0,0.0
1789134805533830,0.0,0.0
1789134805541830,0.0,0.0
1789134805551830,-0.03116222470998764,-0.03116222470998764
1789134805557830,-0.04309425503015518,-0.04309425503015518
1789134805571830,-0.020043939352035522,-0.020043939352035522
1789134805581830,-0.03519902750849724,-0.03519902750849724
1789134805593830,-0.052184563130140305,-0.052184563130140305
1789134805603830,-0.01755979284644127,-0.01755979284644127
1789134805611830,-0.010883714072406292,-0.010883714072406292
1789134805621830,-0.010803853161633015,-0.010803853161633015
1789134805631830,-0.010803853161633015,-0.010803853161633015
1789134805641830,-0.010808354243636131,-0.010808354243636131
1789134805653830,-0.08713389188051224,-0.08713389188051224
1789134805655830,-0.04500747099518776,-0.04500747099518776
1789134805671830,-0.041102103888988495,-0.041102103888988495
1789134805681830,-0.03734077140688896,-0.03734077140688896
1789134805689830,-0.01968959905207157,-0.01968959905207157
1789134805701830,-0.0006280760280787945,-0.0006280760280787945
1789134805713830,0.0,0.0
1789134805721830,0.0,0.0
1789134805729830,0.0,0.0
1789134805741830,0.0,0.0
1789134805751830,0.0,0.0
1789134805761830,0.0,0.0
1789134805773830,0.0,0.0
1789134805775830,0.0,0.0
1789134805787830,-0.039245519787073135,-0.039245519787073135
1789134805801830,-0.03646085411310196,-0.03646085411310196
1789134805811830,-0.022180607542395592,-0.022180607542395592
1789134805821830,-0.06820013374090195,-0.06820013374090195
1789134805833830,-0.03998458757996559,-0.03998458757996559
1789134805841830,-0.028033804148435593,-0.028033804148435593
1789134805847830,-0.025136755779385567,-0.025136755779385567
1789134805861830,-0.025025924667716026,-0.025025924667716026
1789134805871830,-0.025023838505148888,-0.025023838505148888
1789134805881830,-0.025034265592694283,-0.025034265592694283
1789134805893830,-0.08335912972688675,-0.08335912972688675
1789134805901830,-0.07521341741085052,-0.07521341741085052
1789134805911830,-0.07185713201761246,-0.07185713201761246
1789134805919830,-0.06638540327548981,-0.06638540327548981
1789134805929830,-0.07190437614917755,-0.07190437614917755
1789134805941830,-0.07194025814533234,-0.07194025814533234
1789134805953830,-0.038278378546237946,-0.038278378546237946
1789134805961830,-0.01861809566617012,-0.01861809566617012
1789134805971830,-0.008912419900298119,-0.008912419900298119
1789134805981830,-0.008692875504493713,-0.008692875504493713
1789134805991830,-0.008692151866853237,-0.008692151866853237
1789134806001830,-0.008695772849023342,-0.008695772849023342
1789134806013830,-0.047843966633081436,-0.047843966633081436
1789134806015830,-0.033868614584207535,-0.033868614584207535
1789134806031830,-0.008304341696202755,-0.008304341696202755
1789134806039830,-0.0078049045987427235,-0.0078049045987427235
1789134806051830,-0.0068872906267642975,-0.0068872906267642975
1789134806061830,-0.008321580477058887,-0.008321580477058887
1789134806073830,0.0,0.0
1789134806081830,0.0,0.0
1789134806091830,0.0,0.0
1789134806101830,0.0,0.0
1789134806111830,0.0,0.0
1789134806121830,-0.03381873667240143,-0.03381873667240143
1789134806133830,-0.03525488078594208,-0.03525488078594208
1789134806135830,-0.034910403192043304,-0.034910403192043304
1789134806149830,-0.005664017051458359,-0.005664017051458359
1789134806161830,-0.006175755523145199,-0.006175755523145199
1789134806171830,-0.008107749745249748,-0.008107749745249748
1789134806181830,-0.005682279821485281,-0.005682279821485281
1789134806193830,0.0,0.0
1789134806201830,0.0,0.0
1789134806211830,0.0,0.0
1789134806215830,0.0,0.0
1789134806231830,0.0,0.0
1789134806241830,0.0,0.0
1789134806253830,0.0,0.0
1789134806261830,0.0,0.0
1789134806271993,-0.03274853155016899,-0.03274853155016899
1789134806281993,-0.0327221155166626,-0.0327221155166626
1789134806291993,-0.03360927850008011,-0.03360927850008011
1789134806301993,-0.0364958718419075,-0.0364958718419075
1789134806313993,-0.00997888669371605,-0.00997888669371605
1789134806315993,-0.016849815845489502,-0.016849815845489502
1789134806329993,0.001602035015821457,0.001602035015821457
1789134806341993,-0.00012026175681967288,-0.00012026175681967288
1789134806347993,-0.027300771325826645,-0.027300771325826645
1789134806361993,-0.028635622933506966,-0.028635622933506966
1789134806373993,0.008499179035425186,0.008499179035425186
1789134806381993,0.004934307653456926,0.004934307653456926
1789134806391993,-0.007170107681304216,-0.007170107681304216
1789134806401993,-0.007077985908836126,-0.007077985908836126
1789134806411993,-0.007077395915985107,-0.007077395915985107
1789134806421993,-0.007080344948917627,-0.007080344948917627
1789134806433993,-0.030871130526065826,-0.030871130526065826
1789134806441993,-0.0395699217915535,-0.0395699217915535
1789134806447993,-0.05737355351448059,-0.05737355351448059
1789134806461993,-0.0579400472342968,-0.0579400472342968
1789134806471993,-0.05734103545546532,-0.05734103545546532
1789134806481993,0.0,0.0
1789134806493993,-0.013604463078081608,-0.013604463078081608
1789134806495993,-0.013605596497654915,-0.013605596497654915
1789134806511993,-0.05623758211731911,-0.05623758211731911
1789134806521993,-0.0562041774392128,-0.0562041774392128
1789134806529993,-0.05627727881073952,-0.05627727881073952
1789134806541993,-0.056305378675460815,-0.056305378675460815
1789134806553993,0.020160332322120667,0.020160332322120667
1789134806561993,0.01255793683230877,0.01255793683230877
1789134806571993,-0.0027478463016450405,-0.0027478463016450405
1789134806579993,-0.01194843277335167,-0.01194843277335167
1789134806591993,-0.0026213121600449085,-0.0026213121600449085
1789134806601993,-0.002622404368594289,-0.002622404368594289
1789134806613993,0.017689298838377,0.017689298838377
1789134806615993,-0.006183621473610401,-0.006183621473610401
1789134806631993,-0.013772704638540745,-0.013772704638540745
1789134806641993,-0.015091696754097939,-0.015091696754097939
1789134806649993,0.0,0.0
1789134806661993,0.0,0.0
1789134806673993,-0.02691149152815342,-0.02691149152815342
1789134806677993,-0.026915976777672768,-0.026915976777672768
1789134806691993,-0.025669822469353676,-0.025669822469353676
1789134806701993,-0.029963044449687004,-0.029963044449687004
1789134806711993,-0.03805661201477051,-0.03805661201477051
1789134806721993,-0.025693979114294052,-0.025693979114294052
1789134806733993,0.00411425344645977,0.00411425344645977
1789134806743993,0.0061250245198607445,0.0061250245198607445
1789134806751993,0.004053129348903894,0.004053129348903894
1789134806761993,0.0017371850553900003,0.0017371850553900003
1789134806771993,-0.006803448311984539,-0.006803448311984539
1789134806781993,-0.036602262407541275,-0.036602262407541275
1789134806793993,0.0,0.0
1789134806801993,0.0,0.0
1789134806809993,0.0,0.0
1789134806821993,0.0,0.0
1789134806831993,0.0,0.0
1789134806841993,0.0,0.0
1789134806853993,0.0,0.0
1789134806855993,0.0,0.0
1789134806871993,0.0,0.0
1789134806877993,-0.0329694002866745,-0.0329694002866745
1789134806891993,-0.04007001221179962,-0.04007001221179962
1789134806901993,-0.03299540653824806,-0.03299540653824806
1789134806913993,0.01566375233232975,0.01566375233232975
1789134806921993,0.0038257180713117123,0.0038257180713117123
1789134806929993,0.0,0.0
1789134806941993,0.0,0.0
1789134806951993,0.0,0.0
1789134806961993,0.0,0.0
1789134806973993,0.0,0.0
1789134806975993,0.0,0.0
1789134806991993,0.017738552764058113,0.017738552764058113
1789134807001993,0.014290147460997105,0.014290147460997105
1789134807009993,0.022620515897870064,0.022620515897870064
1789134807021993,0.00412722397595644,0.00412722397595644
1789134807033993,0.0,0.0
1789134807039993,0.0,0.0
1789134807051993,0.0,0.0
1789134807061993,0.0,0.0
1789134807071993,0.0,0.0
1789134807081993,0.0,0.0
1789134807093993,-0.012343068607151508,-0.012343068607151508
1789134807095993,-0.012344097718596458,-0.012344097718596458
1789134807107993,-0.007201581262052059,-0.007201581262052059
1789134807121993,-0.009611086919903755,-0.009611086919903755
1789134807129993,-0.007207308430224657,-0.007207308430224657
1789134807141993,0.009280305355787277,0.009280305355787277
1789134807153993,-0.024223634973168373,-0.024223634973168373
1789134807161993,-0.032136887311935425,-0.032136887311935425
1789134807171993,-0.03368247300386429,-0.03368247300386429
1789134807181993,-0.036600787192583084,-0.036600787192583084
1789134807191993,-0.04328574985265732,-0.04328574985265732
1789134807201993,-0.03371966630220413,-0.03371966630220413
1789134807213993,0.003553877817466855,0.003553877817466855
1789134807221993,-0.015124565921723843,-0.015124565921723843
1789134807231993,0.0002415302733425051,0.0002415302733425051
1789134807239993,-0.004772130399942398,-0.004772130399942398
1789134807251993,0.0003453059180174023,0.0003453059180174023
1789134807261993,0.0003454497782513499,0.0003454497782513499
1789134807273993,-0.0031085312366485596,-0.0031085312366485596
1789134807282156,-0.028844261541962624,-0.028844261541962624
1789134807292156,-0.026529662311077118,-0.026529662311077118
1789134807302156,-0.02891402319073677,-0.02891402319073677
1789134807310156,0.0,0.0
1789134807322156,0.0,0.0
1789134807334156,-0.040994979441165924,-0.040994979441165924
1789134807336156,-0.040998395532369614,-0.040998395532369614
1789134807352156,-0.042855966836214066,-0.042855966836214066
1789134807362156,-0.04442988708615303,-0.04442988708615303
1789134807372156,-0.06171080097556114,-0.06171080097556114
1789134807382156,-0.04287315160036087,-0.04287315160036087
1789134807394156,0.13206669688224792,0.13206669688224792
1789134807402156,0.07896142452955246,0.07896142452955246
1789134807412156,0.0,0.0
1789134807422156,0.0,0.0
1789134807432156,0.0,0.0
1789134807442156,0.0,0.0
1789134807454156,0.06605932116508484,0.06605932116508484
1789134807456156,0.06606482714414597,0.06606482714414597
1789134807470156,0.07160279899835587,0.07160279899835587
1789134807482156,0.06717443466186523,0.06717443466186523
1789134807492156,0.06436129659414291,0.06436129659414291
1789134807502156,0.07160968333482742,0.07160968333482742
1789134807514156,0.0,0.0
1789134807522156,0.0,0.0
1789134807530156,0.0,0.0
1789134807538156,0.0,0.0
1789134807552156,0.0,0.0
1789134807562156,0.0,0.0
1789134807574156,0.0,0.0
1789134807582156,0.0,0.0
1789134807592156,-0.0242195762693882,-0.0242195762693882
1789134807602156,-0.025907721370458603,-0.025907721370458603
1789134807612156,-0.033568643033504486,-0.033568643033504486
1789134807622156,-0.024244150146842003,-0.024244150146842003
1789134807634156,0.009908685460686684,0.009908685460686684
1789134807636156,-0.009438871406018734,-0.009438871406018734
1789134807652156,0.0,0.0
1789134807662156,0.0,0.0
1789134807670156,-0.006462831515818834,-0.006462831515818834
1789134807682156,-0.006466062739491463,-0.006466062739491463
1789134807694156,0.020969321951270103,0.020969321951270103
1789134807704156,0.0,0.0
1789134807712156,0.0,0.0
1789134807722156,0.0,0.0
1789134807730156,0.0,0.0
1789134807742156,0.0,0.0
1789134807754156,0.0011790881399065256,0.0011790881399065256
1789134807762156,0.0011794811580330133,0.0011794811580330133
1789134807768156,-0.0004722651210613549,-0.0004722651210613549
1789134807782156,-0.006637012120336294,-0.006637012120336294
1789134807792156,-0.0004726775805465877,-0.0004726775805465877
1789134807802156,0.0225689560174942,0.0225689560174942
1789134807814156,0.004834143910557032,0.004834143910557032
1789134807816156,-0.001176720717921853,-0.001176720717921853
1789134807832156,0.015139343217015266,0.015139343217015266
1789134807842156,0.011475621722638607,0.011475621722638607
1789134807850156,-0.00016334901738446206,-0.00016334901738446206
1789134807862156,-0.017772803083062172,-0.017772803083062172
1789134807874156,0.0,0.0
1789134807882156,0.0,0.0
1789134807892156,-0.02774057537317276,-0.02774057537317276
1789134807900156,-0.035664960741996765,-0.035664960741996765
1789134807912156,-0.037846967577934265,-0.037846967577934265
1789134807922156,-0.027787690982222557,-0.027787690982222557
1789134807932156,-0.06514831632375717,-0.06514831632375717
1789134807936156,-0.07951754331588745,-0.07951754331588745
1789134807952156,-0.10532952845096588,-0.10532952845096588
1789134807962156,-0.10527610778808594,-0.10527610778808594
1789134807970156,-0.06855238974094391,-0.06855238974094391
1789134807982156,-0.06927008926868439,-0.06927008926868439
1789134807994156,-0.01248674001544714,-0.01248674001544714
1789134807998156,-0.023082561790943146,-0.023082561790943146
1789134808012156,-0.017445998266339302,-0.017445998266339302
1789134808022156,-0.022640325129032135,-0.022640325129032135
1789134808032156,-0.0251128189265728,-0.0251128189265728
1789134808040156,-0.02020866982638836,-0.02020866982638836
1789134808054156,-0.027098452672362328,-0.027098452672362328
1789134808056156,-0.03241059556603432,-0.03241059556603432
1789134808072156,0.0,0.0
1789134808082156,0.0,0.0
1789134808092156,0.0,0.0
1789134808102156,0.019472815096378326,0.019472815096378326
1789134808114156,0.03552919253706932,0.03552919253706932
1789134808122156,0.017144514247775078,0.017144514247775078
1789134808130156,0.0,0.0
1789134808142156,0.0,0.0
1789134808152156,0.0,0.0
1789134808162156,0.0,0.0
1789134808174156,0.0,0.0
1789134808184156,0.019706401973962784,0.019706401973962784
1789134808192156,0.019712969660758972,0.019712969660758972
1789134808196156,0.010043789632618427,0.010043789632618427
1789134808212156,-0.0029443588573485613,-0.0029443588573485613
1789134808222156,-0.019354958087205887,-0.019354958087205887
1789134808234156,0.0,0.0
1789134808244156,0.0,0.0
1789134808252156,0.0,0.0
1789134808262156,0.0,0.0
1789134808272156,0.0,0.0
1789134808282318,0.0,0.0
1789134808294318,0.0,0.0
1789134808296318,0.0,0.0
1789134808312318,0.0030606582295149565,0.0030606582295149565
1789134808322318,0.0005074631772004068,0.0005074631772004068
1789134808330318,0.034468233585357666,0.034468233585357666
1789134808342318,0.003723304020240903,0.003723304020240903
1789134808352318,0.00710667110979557,0.00710667110979557
1789134808364318,0.02981722727417946,0.02981722727417946
1789134808372318,0.02225671336054802,0.02225671336054802
1789134808382318,0.016578420996665955,0.016578420996665955
1789134808392318,0.009330919943749905,0.009330919943749905
1789134808402318,0.0222870372235775,0.0222870372235775
1789134808414318,0.07882672548294067,0.07882672548294067
1789134808416318,0.02857963740825653,0.02857963740825653
1789134808428318,0.0,0.0
1789134808442318,0.0,0.0
1789134808452318,0.0,0.0
1789134808462318,0.024667296558618546,0.024667296558618546
1789134808474318,0.02534593641757965,0.02534593641757965
1789134808484318,-0.040722139179706573,-0.040722139179706573
1789134808492318,-0.04548243060708046,-0.04548243060708046
1789134808502318,-0.04548737034201622,-0.04548737034201622
1789134808512318,-0.045483577996492386,-0.045483577996492386
1789134808522318,-0.04550252854824066,-0.04550252854824066
1789134808534318,0.0,0.0
1789134808542318,0.0,0.0
1789134808552318,0.08034002780914307,0.08034002780914307
1789134808560318,0.06973565369844437,0.06973565369844437
1789134808572318,0.054088253527879715,0.054088253527879715
1789134808582318,0.08040140569210052,0.08040140569210052
1789134808594318,0.04781941697001457,0.04781941697001457
1789134808602318,0.002757508307695389,0.002757508307695389
1789134808612318,-0.014054397121071815,-0.014054397121071815
1789134808622318,-0.014180244877934456,-0.014180244877934456
1789134808630318,0.0,0.0
1789134808642318,0.0,0.0
1789134808654318,0.05869121477007866,0.05869121477007866
1789134808656318,0.05869610607624054,0.05869610607624054
1789134808672318,0.05141954496502876,0.05141954496502876
1789134808682318,0.04735960811376572,0.04735960811376572
1789134808692318,0.030418744310736656,0.030418744310736656
1789134808702318,0.0514695979654789,0.0514695979654789
1789134808714318,0.046279411762952805,0.046279411762952805
1789134808722318,0.008153279311954975,0.008153279311954975
1789134808730318,0.0,0.0
1789134808742318,0.0,0.0
1789134808752318,0.0,0.0
1789134808762318,0.0,0.0
1789134808774318,0.0,0.0
1789134808776318,0.0,0.0
1789134808790318,0.051065657287836075,0.051065657287836075
1789134808802318,0.047630131244659424,0.047630131244659424
1789134808812318,0.030882196500897408,0.030882196500897408
1789134808822318,0.05112563818693161,0.05112563818693161
1789134808834318,0.07297280430793762,0.07297280430793762
1789134808842318,0.03237081319093704,0.03237081319093704
1789134808848318,0.04218655824661255,0.04218655824661255
1789134808858318,0.0,0.0
1789134808872318,0.0,0.0
1789134808882318,0.0,0.0
1789134808894318,0.05967339500784874,0.05967339500784874
1789134808896318,0.059678368270397186,0.059678368270397186
1789134808912318,0.04781290888786316,0.04781290888786316
1789134808922318,0.044799041002988815,0.044799041002988815
1789134808930318,0.047847069799900055,0.047847069799900055
1789134808942318,0.047870952636003494,0.047870952636003494
1789134808954318,0.07127521932125092,0.07127521932125092
1789134808964318,0.0,0.0
1789134808972318,0.0,0.0
1789134808982318,0.0,0.0
1789134808990318,0.011622797697782516,0.011622797697782516
1789134809002318,0.011628608219325542,0.011628608219325542
1789134809014318,0.047176115214824677,0.047176115214824677
1789134809016318,0.03706103563308716,0.03706103563308716
1789134809032318,0.0,0.0
1789134809040318,0.0,0.0
1789134809052318,0.0,0.0
1789134809062318,0.0,0.0
1789134809074318,0.06571055948734283,0.06571055948734283
1789134809082318,0.0657324567437172,0.0657324567437172
1789134809088318,0.05517737194895744,0.05517737194895744
1789134809102318,0.05071776360273361,0.05071776360273361
1789134809112318,0.04330413416028023,0.04330413416028023
1789134809122318,0.036458421498537064,0.036458421498537064
1789134809134318,0.02510162629187107,0.02510162629187107
1789134809142318,0.023702261969447136,0.023702261969447136
1789134809152318,0.020044608041644096,0.020044608041644096
1789134809162318,0.018386665731668472,0.018386665731668472
1789134809172318,0.019924597814679146,0.019924597814679146
1789134809182318,0.019932899624109268,0.019932899624109268
1789134809194318,0.07376240193843842,0.07376240193843842
1789134809204318,0.02958253212273121,0.02958253212273121
1789134809212318,0.025885969400405884,0.025885969400405884
1789134809220318,0.019621094688773155,0.019621094688773155
1789134809232318,0.025835875421762466,0.025835875421762466
1789134809242318,0.025846639648079872,0.025846639648079872
1789134809254318,0.052411504089832306,0.052411504089832306
1789134809256318,0.035490840673446655,0.035490840673446655
1789134809272318,0.03745819628238678,0.03745819628238678
1789134809282481,0.03740990161895752,0.03740990161895752
1789134809292481,0.03328469768166542,0.03328469768166542
1789134809302481,0.0374348908662796,0.0374348908662796
1789134809314481,0.024122048169374466,0.024122048169374466
1789134809318481,0.016441648826003075,0.016441648826003075
1789134809330481,0.0,0.0
1789134809342481,0.0,0.0
1789134809352481,0.0,0.0
1789134809362481,0.0,0.0
1789134809374481,0.021077653393149376,0.021077653393149376
1789134809376481,0.0210794098675251,0.0210794098675251
1789134809392481,0.014803655445575714,0.014803655445575714
1789134809402481,0.014546507969498634,0.014546507969498634
1789134809412481,0.014909223653376102,0.014909223653376102
1789134809422481,-0.0019072849536314607,-0.0019072849536314607
1789134809434481,0.0,0.0
1789134809442481,0.0,0.0
1789134809450481,0.0,0.0
1789134809462481,0.0,0.0
1789134809472481,0.0,0.0
1789134809482481,0.0,0.0
1789134809494481,0.015841271728277206,0.015841271728277206
1789134809502481,0.015846550464630127,0.015846550464630127
1789134809512481,0.019448887556791306,0.019448887556791306
1789134809518481,0.0146335419267416,0.0146335419267416
1789134809530481,0.0143094127997756,0.0143094127997756
1789134809542481,0.014316554181277752,0.014316554181277752
1789134809554481,0.0099567836150527,0.0099567836150527
1789134809562481,0.011105858720839024,0.011105858720839024
1789134809572481,0.009327545762062073,0.009327545762062073
1789134809582481,0.009396972134709358,0.009396972134709358
1789134809592481,0.009280749596655369,0.009280749596655369
1789134809602481,0.009284616447985172,0.009284616447985172
1789134809614481,0.015668950974941254,0.015668950974941254
1789134809616481,0.015525981783866882,0.015525981783866882
1789134809632481,0.011827569454908371,0.011827569454908371
1789134809642481,0.01199653372168541,0.01199653372168541
1789134809650481,0.011406631208956242,0.011406631208956242
1789134809662481,0.012464495375752449,0.012464495375752449
1789134809674481,0.0,0.0
1789134809682481,0.0,0.0
1789134809692481,0.0,0.0
1789134809702481,0.0,0.0
1789134809712481,0.0,0.0
1789134809722481,0.0,0.0
1789134809734481,0.0,0.0
1789134809736481,0.0,0.0
1789134809748481,0.02837316133081913,0.02837316133081913
1789134809762481,0.02810009941458702,0.02810009941458702
1789134809772481,0.026422064751386642,0.026422064751386642
1789134809782481,0.04272836074233055,0.04272836074233055
1789134809794481,0.03010445088148117,0.03010445088148117
1789134809802481,0.02829507552087307,0.02829507552087307
1789134809812481,0.03570170700550079,0.03570170700550079
1789134809822481,0.03487394005060196,0.03487394005060196
1789134809832481,0.03437550365924835,0.03437550365924835
1789134809842481,0.03574853017926216,0.03574853017926216
1789134809854481,0.009504932910203934,0.009504932910203934
1789134809862481,0.008880664594471455,0.008880664594471455
1789134809872481,0.027180969715118408,0.027180969715118408
1789134809880481,0.027527078986167908,0.027527078986167908
1789134809892481,0.026656631380319595,0.026656631380319595
1789134809902481,0.027215691283345222,0.027215691283345222
1789134809914481,0.030773436650633812,0.030773436650633812
1789134809922481,0.03015570156276226,0.03015570156276226
1789134809930481,0.02680789865553379,0.02680789865553379
1789134809942481,0.028030605986714363,0.028030605986714363
1789134809950481,0.02978060394525528,0.02978060394525528
1789134809962481,0.0313725583255291,0.0313725583255291
1789134809974481,0.014293571934103966,0.014293571934103966
1789134809976481,0.018592778593301773,0.018592778593301773
1789134809992481,0.008204315789043903,0.008204315789043903
1789134810002481,0.009699905291199684,0.009699905291199684
1789134810012481,0.01752290315926075,0.01752290315926075
1789134810022481,0.008216421119868755,0.008216421119868755
1789134810034481,-0.0060792057774960995,-0.0060792057774960995
1789134810040481,0.01394949946552515,0.01394949946552515
1789134810052481,0.005944595206528902,0.005944595206528902
1789134810062481,0.008936382830142975,0.008936382830142975
1789134810072481,0.01510118693113327,0.01510118693113327
1789134810082481,-0.009072531014680862,-0.009072531014680862
1789134810094481,0.009942702017724514,0.009942702017724514
1789134810102481,0.013931619003415108,0.013931619003415108
1789134810110481,0.0038713933899998665,0.0038713933899998665
1789134810122481,0.0060006845742464066,0.0060006845742464066
1789134810130481,0.0038754213601350784,0.0038754213601350784
1789134810142481,0.003877189476042986,0.003877189476042986
1789134810154481,-0.026803482323884964,-0.026803482323884964
1789134810162481,0.00021563359769061208,0.00021563359769061208
1789134810172481,0.0005960229318588972,0.0005960229318588972
1789134810182481,0.004973340779542923,0.004973340779542923
1789134810192481,0.013515688478946686,0.013515688478946686
1789134810202481,0.0005992816295474768,0.0005992816295474768
1789134810214481,-0.004704403690993786,-0.004704403690993786
1789134810216481,0.007839645259082317,0.007839645259082317
1789134810232481,0.01030904334038496,0.01030904334038496
1789134810242481,0.012095021083950996,0.012095021083950996
1789134810252481,0.021713880822062492,0.021713880822062492
1789134810262481,0.010318826884031296,0.010318826884031296
1789134810274481,-0.02300945855677128,-0.02300945855677128
1789134810276481,0.002182873897254467,0.002182873897254467
1789134810292644,-0.00619018729776144,-0.00619018729776144
1789134810302644,-0.001407208270393312,-0.001407208270393312
1789134810310644,-0.008625658228993416,-0.008625658228993416
1789134810322644,0.005094901192933321,0.005094901192933321
1789134810334644,0.030513210222125053,0.030513210222125053
1789134810342644,0.035824667662382126,0.035824667662382126
1789134810352644,0.02237948775291443,0.02237948775291443
1789134810362644,0.023994943127036095,0.023994943127036095
1789134810372644,0.03317003324627876,0.03317003324627876
1789134810382644,0.02240360528230667,0.02240360528230667
1789134810394644,-0.0005903886049054563,-0.0005903886049054563
1789134810402644,0.019242526963353157,0.019242526963353157
1789134810408644,0.015851516276597977,0.015851516276597977
1789134810422644,0.02003696747124195,0.02003696747124195
1789134810432644,0.028624674305319786,0.028624674305319786
1789134810440644,-0.010652254335582256,-0.010652254335582256
1789134810454644,-0.01538207195699215,-0.01538207195699215
1789134810456644,-0.009969347156584263,-0.009969347156584263
1789134810472644,0.018306296318769455,0.018306296318769455
1789134810482644,0.02029825933277607,0.02029825933277607
1789134810492644,0.03152567520737648,0.03152567520737648
1789134810502644,0.01831168867647648,0.01831168867647648
1789134810514644,-0.03199591115117073,-0.03199591115117073
1789134810522644,-0.02407541126012802,-0.02407541126012802
1789134810530644,-0.005625006277114153,-0.005625006277114153
1789134810540644,0.0036757062189280987,0.0036757062189280987
1789134810552644,0.001112775644287467,0.001112775644287467
1789134810562644,-0.005621816497296095,-0.005621816497296095
1789134810574644,-0.026389263570308685,-0.026389263570308685
1789134810584644,0.01725565269589424,0.01725565269589424
1789134810592644,0.019109055399894714,0.019109055399894714
1789134810602644,0.021117033436894417,0.021117033436894417
1789134810612644,0.03161424770951271,0.03161424770951271
1789134810622644,0.0356498546898365,0.0356498546898365
1789134810634644,-0.011898922733962536,-0.011898922733962536
1789134810638644,0.012124340981245041,0.012124340981245041
1789134810652644,0.0274684838950634,0.0274684838950634
1789134810662644,0.030144022777676582,0.030144022777676582
1789134810672644,0.03532196208834648,0.03532196208834648
1789134810682644,0.02750702016055584,0.02750702016055584
1789134810694644,0.02898193709552288,0.02898193709552288
1789134810704644,0.03005179762840271,0.03005179762840271
1789134810712644,0.03396144136786461,0.03396144136786461
1789134810722644,0.03580406680703163,0.03580406680703163
1789134810730644,0.03398202359676361,0.03398202359676361
1789134810740644,0.0029281815513968468,0.0029281815513968468
1789134810754644,0.05405186116695404,0.05405186116695404
1789134810762644,0.060086995363235474,0.060086995363235474
1789134810770644,0.05643294379115105,0.05643294379115105
1789134810782644,0.06026853993535042,0.06026853993535042
1789134810792644,0.07114487886428833,0.07114487886428833
1789134810802644,0.0564558282494545,0.0564558282494545
1789134810814644,-0.06532572209835052,-0.06532572209835052
1789134810816644,-0.031582679599523544,-0.031582679599523544
1789134810832644,-0.043703723698854446,-0.043703723698854446
1789134810842644,-0.040530238300561905,-0.040530238300561905
1789134810850644,-0.04567769914865494,-0.04567769914865494
1789134810862644,-0.019567832350730896,-0.019567832350730896
1789134810874644,-0.05123826488852501,-0.05123826488852501
1789134810882644,-0.038245294243097305,-0.038245294243097305
1789134810892644,-0.04136396199464798,-0.04136396199464798
1789134810902644,-0.03301382437348366,-0.03301382437348366
1789134810912644,-0.017121607437729836,-0.017121607437729836
1789134810922644,-0.04140595346689224,-0.04140595346689224
1789134810934644,-0.03612270951271057,-0.03612270951271057
1789134810936644,-0.012475371360778809,-0.012475371360778809
1789134810952644,-0.015863994136452675,-0.015863994136452675
1789134810962644,-0.012036818079650402,-0.012036818079650402
1789134810970644,-0.06582622975111008,-0.06582622975111008
1789134810982644,-0.04199667274951935,-0.04199667274951935
1789134810994644,-0.03535852208733559,-0.03535852208733559
1789134811002644,-0.014253650791943073,-0.014253650791943073
1789134811012644,-0.0357462503015995,-0.0357462503015995
1789134811022644,-0.028516041114926338,-0.028516041114926338
1789134811032644,-0.01353408582508564,-0.01353408582508564
1789134811042644,-0.0747917890548706,-0.0747917890548706
1789134811054644,-0.06468667834997177,-0.06468667834997177
1789134811056644,-0.05656787008047104,-0.05656787008047104
1789134811068644,-0.011821463704109192,-0.011821463704109192
1789134811082644,-0.008476362563669682,-0.008476362563669682
1789134811092644,0.005225707311183214,0.005225707311183214
1789134811102644,-0.020317545160651207,-0.020317545160651207
1789134811114644,-0.030245423316955566,-0.030245423316955566
1789134811122644,-0.01893865317106247,-0.01893865317106247
1789134811130644,0.0053036389872431755,0.0053036389872431755
1789134811142644,0.010824700817465782,0.010824700817465782
1789134811152644,0.02091381885111332,0.02091381885111332
1789134811162644,0.0053056166507303715,0.0053056166507303715
1789134811174644,-0.06967316567897797,-0.06967316567897797
1789134811182644,-0.03542415425181389,-0.03542415425181389
1789134811192644,-0.03635097295045853,-0.03635097295045853
1789134811200644,-0.031173253431916237,-0.031173253431916237
1789134811212644,-0.03333459794521332,-0.03333459794521332
1789134811222644,-0.036326706409454346,-0.036326706409454346
1789134811232644,0.0841519758105278,0.0841519758105278
1789134811242644,0.08410277217626572,0.08410277217626572
1789134811252644,0.0823449045419693,0.0823449045419693
1789134811262644,0.08228281140327454,0.08228281140327454
1789134811270644,0.002096118638291955,0.002096118638291955
1789134811282644,0.003748686518520117,0.003748686518520117
1789134811294644,-0.030076026916503906,-0.030076026916503906
1789134811296806,-0.014546219259500504,-0.014546219259500504
1789134811312806,-0.00028566597029566765,-0.00028566597029566765
1789134811322806,0.0012463490711525083,0.0012463490711525083
1789134811330806,-0.00028003976331092417,-0.00028003976331092417
1789134811342806,-0.0002804206742439419,-0.0002804206742439419
1789134811354806,0.04623474180698395,0.04623474180698395
1789134811362806,0.06015964597463608,0.06015964597463608
1789134811372806,0.044111426919698715,0.044111426919698715
1789134811382806,0.04583332687616348,0.04583332687616348
1789134811392806,0.04890436679124832,0.04890436679124832
1789134811402806,0.04467638581991196,0.04467638581991196
1789134811414806,0.03534146398305893,0.03534146398305893
1789134811422806,0.037079449743032455,0.037079449743032455
1789134811430806,0.036933813244104385,0.036933813244104385
1789134811442806,0.03807081654667854,0.03807081654667854
1789134811452806,0.04458225145936012,0.04458225145936012
1789134811462806,0.03697352483868599,0.03697352483868599
1789134811474806,-8.070148760452867e-05,-8.070148760452867e-05
1789134811482806,0.01803203485906124,0.01803203485906124
1789134811492806,0.029056137427687645,0.029056137427687645
1789134811498806,0.0448087677359581,0.0448087677359581
1789134811512806,0.05339096859097481,0.05339096859097481
1789134811522806,0.05080113559961319,0.05080113559961319
1789134811534806,0.030290333554148674,0.030290333554148674
1789134811536806,0.03568347916007042,0.03568347916007042
1789134811552806,0.018330607563257217,0.018330607563257217
1789134811562806,0.020940927788615227,0.020940927788615227
1789134811572806,0.03190255165100098,0.03190255165100098
1789134811582806,0.01835748367011547,0.01835748367011547
1789134811594806,0.0036019168328493834,0.0036019168328493834
1789134811596806,0.029504340142011642,0.029504340142011642
1789134811612806,0.01501278392970562,0.01501278392970562
1789134811622806,0.021794980391860008,0.021794980391860008
1789134811630806,0.004905452020466328,0.004905452020466328
1789134811642806,0.024078134447336197,0.024078134447336197
1789134811654806,-0.028130944818258286,-0.028130944818258286
1789134811656806,-0.007977628149092197,-0.007977628149092197
1789134811672806,-0.029676392674446106,-0.029676392674446106
1789134811682806,-0.02528117410838604,-0.02528117410838604
1789134811692806,-0.0063706086948513985,-0.0063706086948513985
1789134811702806,-0.029694847762584686,-0.029694847762584686
1789134811714806,-0.04368682950735092,-0.04368682950735092
1789134811722806,0.0031540438067167997,0.0031540438067167997
1789134811728806,0.003997953608632088,0.003997953608632088
1789134811742806,0.013242748565971851,0.013242748565971851
1789134811752806,0.03331686556339264,0.03331686556339264
1789134811762806,-0.08613844215869904,-0.08613844215869904
1789134811774806,-0.058912523090839386,-0.058912523090839386
1789134811782806,-0.047310180962085724,-0.047310180962085724
1789134811792806,-0.0025897719897329807,-0.0025897719897329807
1789134811802806,0.0015945116756483912,0.0015945116756483912
1789134811812806,0.01997210644185543,0.01997210644185543
1789134811822806,-0.0025915890000760555,-0.0025915890000760555
1789134811834806,-0.0038081551901996136,-0.0038081551901996136
1789134811842806,0.03640143200755119,0.03640143200755119
1789134811848806,0.019235722720623016,0.019235722720623016
1789134811860806,0.03498275578022003,0.03498275578022003
1789134811872806,0.04598572477698326,0.04598572477698326
1789134811882806,0.019216565415263176,0.019216565415263176
1789134811894806,-0.11104445904493332,-0.11104445904493332
1789134811896806,-0.04992843419313431,-0.04992843419313431
1789134811912806,-0.0506923608481884,-0.0506923608481884
1789134811922806,-0.04588146135210991,-0.04588146135210991
1789134811930806,-0.001848850166425109,-0.001848850166425109
1789134811942806,0.010125011205673218,0.010125011205673218
1789134811954806,-0.029063841328024864,-0.029063841328024864
1789134811958806,-0.005198068451136351,-0.005198068451136351
1789134811972806,-0.03222963213920593,-0.03222963213920593
1789134811982806,-0.020567335188388824,-0.020567335188388824
1789134811992806,0.001958052860572934,0.001958052860572934
1789134812002806,-0.032276976853609085,-0.032276976853609085
1789134812014806,-0.09622017294168472,-0.09622017294168472
1789134812016806,-0.03305991366505623,-0.03305991366505623
1789134812032806,-0.015718942508101463,-0.015718942508101463
1789134812040806,-0.007034626789391041,-0.007034626789391041
1789134812052806,0.01092195138335228,0.01092195138335228
1789134812062806,-0.07477742433547974,-0.07477742433547974
1789134812074806,-0.06892542541027069,-0.06892542541027069
1789134812082806,-0.04587077349424362,-0.04587077349424362
1789134812090806,-0.02715003304183483,-0.02715003304183483
1789134812102806,-0.01781100034713745,-0.01781100034713745
1789134812112806,0.0005041052354499698,0.0005041052354499698
1789134812122806,-0.02719077840447426,-0.02719077840447426
1789134812134806,-0.05552492290735245,-0.05552492290735245
1789134812136806,-0.02900979109108448,-0.02900979109108448
1789134812152806,-0.030135100707411766,-0.030135100707411766
1789134812156806,-0.03342156857252121,-0.03342156857252121
1789134812172806,-0.022353004664182663,-0.022353004664182663
1789134812182806,-0.029483426362276077,-0.029483426362276077
1789134812194806,-0.06869730353355408,-0.06869730353355408
1789134812202806,-0.047557901591062546,-0.047557901591062546
1789134812212806,-0.06405508518218994,-0.06405508518218994
1789134812222806,-0.055141910910606384,-0.055141910910606384
1789134812232806,-0.03753523901104927,-0.03753523901104927
1789134812242806,-0.06412395089864731,-0.06412395089864731
1789134812254806,-0.13265134394168854,-0.13265134394168854
1789134812256806,-0.07524695247411728,-0.07524695247411728
1789134812272806,-0.08489036560058594,-0.08489036560058594
1789134812282806,-0.0816960409283638,-0.0816960409283638
1789134812290806,-0.08358452469110489,-0.08358452469110489
1789134812302968,-0.05691377818584442,-0.05691377818584442
1789134812314968,-0.08026700466871262,-0.08026700466871262
1789134812322968,-0.056576989591121674,-0.056576989591121674
1789134812330968,-0.06933526694774628,-0.06933526694774628
1789134812342968,-0.06405892968177795,-0.06405892968177795
1789134812352968,-0.04529440775513649,-0.04529440775513649
1789134812362968,-0.06942044198513031,-0.06942044198513031
1789134812374968,-0.12569010257720947,-0.12569010257720947
1789134812382968,-0.07586394250392914,-0.07586394250392914
1789134812388968,-0.07833635807037354,-0.07833635807037354
1789134812402968,-0.07472427934408188,-0.07472427934408188
1789134812412968,-0.05949624255299568,-0.05949624255299568
1789134812422968,-0.08389990776777267,-0.08389990776777267
1789134812434968,-0.06200086325407028,-0.06200086325407028
1789134812442968,-0.05083984136581421,-0.05083984136581421
1789134812452968,-0.047705233097076416,-0.047705233097076416
1789134812462968,-0.04224522411823273,-0.04224522411823273
1789134812472968,-0.030381646007299423,-0.030381646007299423
1789134812482968,-0.04777465760707855,-0.04777465760707855
1789134812494968,-0.10761607438325882,-0.10761607438325882
1789134812502968,-0.07379776239395142,-0.07379776239395142
1789134812512968,-0.05483339726924896,-0.05483339726924896
1789134812520968,-0.05145540088415146,-0.05145540088415146
1789134812530968,-0.05486682057380676,-0.05486682057380676
1789134812542968,-0.054894015192985535,-0.054894015192985535
1789134812554968,-0.045828212052583694,-0.045828212052583694
1789134812562968,-0.03209203481674194,-0.03209203481674194
1789134812572968,-0.016070500016212463,-0.016070500016212463
1789134812582968,-0.014593560248613358,-0.014593560248613358
1789134812590968,-0.036376532167196274,-0.036376532167196274
1789134812602968,-0.03445710986852646,-0.03445710986852646
1789134812614968,-0.03182606399059296,-0.03182606399059296
1789134812616968,-0.029202211648225784,-0.029202211648225784
1789134812632968,-0.03613543510437012,-0.03613543510437012
1789134812642968,-0.03539172187447548,-0.03539172187447548
1789134812652968,-0.03207811340689659,-0.03207811340689659
1789134812662968,-0.03618541732430458,-0.03618541732430458
1789134812674968,-0.03553672879934311,-0.03553672879934311
1789134812682968,-0.030315082520246506,-0.030315082520246506
1789134812692968,-0.01928127184510231,-0.01928127184510231
1789134812702968,-0.019958985969424248,-0.019958985969424248
1789134812712968,-0.02156735211610794,-0.02156735211610794
1789134812722968,-0.021555781364440918,-0.021555781364440918
1789134812734968,-0.02111632749438286,-0.02111632749438286
1789134812744968,-0.02251448668539524,-0.02251448668539524
1789134812750968,-0.02292262576520443,-0.02292262576520443
1789134812762968,-0.02341374382376671,-0.02341374382376671
1789134812772968,-0.025533994659781456,-0.025533994659781456
1789134812782968,-0.02295699343085289,-0.02295699343085289
1789134812794968,-0.005434476304799318,-0.005434476304799318
1789134812802968,-0.011984793469309807,-0.011984793469309807
1789134812812968,-0.008873890154063702,-0.008873890154063702
1789134812818968,-0.02400072105228901,-0.02400072105228901
1789134812832968,-0.030980104580521584,-0.030980104580521584
1789134812842968,-0.029117833822965622,-0.029117833822965622
1789134812854968,0.018791617825627327,0.018791617825627327
1789134812856968,0.012848593294620514,0.012848593294620514
1789134812872968,0.010709774680435658,0.010709774680435658
1789134812882968,0.008365287445485592,0.008365287445485592
1789134812892968,-0.001008367631584406,-0.001008367631584406
1789134812902968,0.010717230848968029,0.010717230848968029
1789134812914968,-0.007318322546780109,-0.007318322546780109
1789134812916968,-0.027609974145889282,-0.027609974145889282
1789134812930968,-0.026379531249403954,-0.026379531249403954
1789134812942968,-0.029964633285999298,-0.029964633285999298
1789134812950968,0.04589787498116493,0.04589787498116493
1789134812962968,0.033253490924835205,0.033253490924835205
1789134812974968,-0.011635278351604939,-0.011635278351604939
1789134812976968,-0.02394547127187252,-0.02394547127187252
1789134812992968,-0.012775352224707603,-0.012775352224707603
1789134813002968,-0.014045313000679016,-0.014045313000679016
1789134813012968,-0.02554052695631981,-0.02554052695631981
1789134813022968,-0.01278326939791441,-0.01278326939791441
1789134813034968,0.039591461420059204,0.039591461420059204
1789134813040968,0.014731044881045818,0.014731044881045818
1789134813048968,0.008853002451360226,0.008853002451360226
1789134813062968,0.005486197303980589,0.005486197303980589
1789134813072968,-9.524589404463768e-05,-9.524589404463768e-05
1789134813082968,0.012492801062762737,0.012492801062762737
1789134813094968,0.00778037728741765,0.00778037728741765
1789134813096968,0.004732995294034481,0.004732995294034481
1789134813112968,-0.010907964780926704,-0.010907964780926704
1789134813122968,-0.012327469885349274,-0.012327469885349274
1789134813130968,-0.010912888683378696,-0.010912888683378696
1789134813142968,-0.010917924344539642,-0.010917924344539642
1789134813154968,0.009669576771557331,0.009669576771557331
1789134813162968,-0.001873202621936798,-0.001873202621936798
1789134813172968,0.007511400151997805,0.007511400151997805
1789134813180968,-0.0015712452586740255,-0.0015712452586740255
1789134813192968,-0.004018415231257677,-0.004018415231257677
1789134813202968,0.007516005542129278,0.007516005542129278
1789134813214968,0.027374958619475365,0.027374958619475365
1789134813216968,0.008559302426874638,0.008559302426874638
1789134813232968,-0.04827924445271492,-0.04827924445271492
1789134813242968,-0.04828670620918274,-0.04828670620918274
1789134813250968,-0.019427739083766937,-0.019427739083766937
1789134813262968,-0.019282979890704155,-0.019282979890704155
1789134813274968,-0.027944184839725494,-0.027944184839725494
1789134813284968,-0.032226648181676865,-0.032226648181676865
1789134813292968,-0.03247418999671936,-0.03247418999671936
1789134813303131,-0.03377189114689827,-0.03377189114689827
1789134813313131,-0.03609279543161392,-0.03609279543161392
1789134813323131,-0.032513730227947235,-0.032513730227947235
1789134813335131,0.013450508005917072,0.013450508005917072
1789134813337131,0.007461225613951683,0.007461225613951683
1789134813353131,-0.004839749541133642,-0.004839749541133642
1789134813363131,-0.0063907247968018055,-0.0063907247968018055
1789134813373131,-0.01468054112046957,-0.01468054112046957
1789134813383131,0.01797589659690857,0.01797589659690857
1789134813395131,0.048843979835510254,0.048843979835510254
1789134813403131,0.03849046304821968,0.03849046304821968
1789134813411131,0.013125002384185791,0.013125002384185791
1789134813423131,0.0075775939039886,0.0075775939039886
1789134813433131,-0.002445044694468379,-0.002445044694468379
1789134813443131,0.013142568990588188,0.013142568990588188
1789134813455131,-0.0035962057299911976,-0.0035962057299911976
1789134813463131,-0.028414329513907433,-0.028414329513907433
1789134813473131,-0.08455562591552734,-0.08455562591552734
1789134813479131,-0.07175073027610779,-0.07175073027610779
1789134813493131,-0.07124419510364532,-0.07124419510364532
1789134813503131,-0.07004716247320175,-0.07004716247320175
1789134813515131,-0.022610366344451904,-0.022610366344451904
1789134813523131,-0.02674063853919506,-0.02674063853919506
1789134813531131,-0.05063610523939133,-0.05063610523939133
1789134813543131,-0.0520455501973629,-0.0520455501973629
1789134813553131,-0.05328920856118202,-0.05328920856118202
1789134813563131,-0.05071893334388733,-0.05071893334388733
1789134813575131,-0.018759887665510178,-0.018759887665510178
1789134813577131,-0.027174873277544975,-0.027174873277544975
1789134813593131,-0.01608891598880291,-0.01608891598880291
1789134813603131,-0.017675451934337616,-0.017675451934337616
1789134813611131,0.01751203089952469,0.01751203089952469
1789134813623131,0.006561005488038063,0.006561005488038063
1789134813635131,0.01835058629512787,0.01835058629512787
1789134813643131,0.002795648295432329,0.002795648295432329
1789134813653131,0.027963874861598015,0.027963874861598015
1789134813663131,0.021485906094312668,0.021485906094312668
1789134813673131,0.00866719800978899,0.00866719800978899
1789134813683131,0.027992650866508484,0.027992650866508484
1789134813695131,0.037680018693208694,0.037680018693208694
1789134813697131,0.00027843506541103125,0.00027843506541103125
1789134813709131,0.0007289608474820852,0.0007289608474820852
1789134813723131,-0.0021432959474623203,-0.0021432959474623203
1789134813731131,0.0007336296839639544,0.0007336296839639544
1789134813743131,0.047800395637750626,0.047800395637750626
1789134813755131,-0.006287678144872189,-0.006287678144872189
1789134813763131,-0.017532596364617348,-0.017532596364617348
1789134813773131,-0.03205149620771408,-0.03205149620771408
1789134813783131,-0.03699042275547981,-0.03699042275547981
1789134813793131,-0.04773057624697685,-0.04773057624697685
1789134813803131,-0.032063957303762436,-0.032063957303762436
1789134813815131,0.07610113173723221,0.07610113173723221
1789134813823131,0.04096298664808273,0.04096298664808273
1789134813833131,0.0548970103263855,0.0548970103263855
1789134813841131,0.046509671956300735,0.046509671956300735
1789134813851131,0.014742068946361542,0.014742068946361542
1789134813863131,-0.005431871395558119,-0.005431871395558119
1789134813875131,0.015117992646992207,0.015117992646992207
1789134813883131,0.0025928416289389133,0.0025928416289389133
1789134813893131,-0.014280742965638638,-0.014280742965638638
1789134813903131,-0.018535828217864037,-0.018535828217864037
1789134813911131,-0.01318509690463543,-0.01318509690463543
1789134813923131,-0.01922675408422947,-0.01922675408422947
1789134813935131,0.016846202313899994,0.016846202313899994
1789134813939131,0.008642190136015415,0.008642190136015415
1789134813953131,0.02267463132739067,0.02267463132739067
1789134813963131,0.01895597204566002,0.01895597204566002
1789134813973131,0.0033054391387850046,0.0033054391387850046
1789134813983131,0.022693634033203125,0.022693634033203125
1789134813995131,-0.003631098661571741,-0.003631098661571741
1789134814003131,-0.035343896597623825,-0.035343896597623825
1789134814013131,-0.046052563935518265,-0.046052563935518265
1789134814023131,-0.05007301643490791,-0.05007301643490791
1789134814033131,-0.05958486720919609,-0.05958486720919609
1789134814043131,0.0054402402602136135,0.0054402402602136135
1789134814055131,0.00031713000498712063,0.00031713000498712063
1789134814057131,-0.004780733957886696,-0.004780733957886696
1789134814071131,0.007702106609940529,0.007702106609940529
1789134814083131,0.005366554018110037,0.005366554018110037
1789134814093131,0.002505684969946742,0.002505684969946742
1789134814103131,0.007674077060073614,0.007674077060073614
1789134814115131,-0.05684024468064308,-0.05684024468064308
1789134814123131,-0.0636148750782013,-0.0636148750782013
1789134814131131,-0.10148269683122635,-0.10148269683122635
1789134814139131,-0.06394042819738388,-0.06394042819738388
1789134814153131,-0.06647340208292007,-0.06647340208292007
1789134814163131,-0.06412253528833389,-0.06412253528833389
1789134814175131,0.007850859314203262,0.007850859314203262
1789134814185131,0.01756107248365879,0.01756107248365879
1789134814193131,0.014617289416491985,0.014617289416491985
1789134814203131,0.010957175865769386,0.010957175865769386
1789134814213131,-0.003106418065726757,-0.003106418065726757
1789134814223131,0.014622312039136887,0.014622312039136887
1789134814235131,-0.04207557812333107,-0.04207557812333107
1789134814237131,-0.06655275821685791,-0.06655275821685791
1789134814253131,-0.10272513329982758,-0.10272513329982758
1789134814263131,-0.10450264811515808,-0.10450264811515808
1789134814271131,-0.0436234325170517,-0.0436234325170517
1789134814283131,-0.050577033311128616,-0.050577033311128616
1789134814295131,-0.026918791234493256,-0.026918791234493256
1789134814297131,-0.041091158986091614,-0.041091158986091614
1789134814313293,0.00017069093883037567,0.00017069093883037567
1789134814323293,-0.003361777402460575,-0.003361777402460575
1789134814331293,0.00016838079318404198,0.00016838079318404198
1789134814343293,0.00016922398936003447,0.00016922398936003447
1789134814355293,0.050801534205675125,0.050801534205675125
1789134814363293,0.010531402193009853,0.010531402193009853
1789134814369293,0.02950603887438774,0.02950603887438774
1789134814383293,0.020440880209207535,0.020440880209207535
1789134814393293,0.0008324087830260396,0.0008324087830260396
1789134814403293,0.1456727236509323,0.1456727236509323
1789134814415293,0.08237611502408981,0.08237611502408981
1789134814417293,0.06718157231807709,0.06718157231807709
1789134814433293,0.028758101165294647,0.028758101165294647
1789134814443293,0.023382680490612984,0.023382680490612984
1789134814453293,-0.0037995213642716408,-0.0037995213642716408
1789134814463293,-0.014952022582292557,-0.014952022582292557
1789134814475293,0.158132866024971,0.158132866024971
1789134814483293,0.09112975746393204,0.09112975746393204
1789134814493293,0.09161115437746048,0.09161115437746048
1789134814501293,0.071445994079113,0.071445994079113
1789134814513293,0.06446148455142975,0.06446148455142975
1789134814523293,0.09165994077920914,0.09165994077920914
1789134814535293,0.060293395072221756,0.060293395072221756
1789134814543293,0.03272296488285065,0.03272296488285065
1789134814553293,0.04264393076300621,0.04264393076300621
1789134814563293,0.03726457804441452,0.03726457804441452
1789134814571293,0.1496128886938095,0.1496128886938095
1789134814583293,0.12803775072097778,0.12803775072097778
1789134814595293,0.09700153768062592,0.09700153768062592
1789134814599293,0.05964832380414009,0.05964832380414009
1789134814613293,0.08707703649997711,0.08707703649997711
1789134814623293,0.07618612051010132,0.07618612051010132
1789134814633293,0.054660435765981674,0.054660435765981674
1789134814643293,0.08717747032642365,0.08717747032642365
1789134814655293,0.09748857468366623,0.09748857468366623
1789134814657293,0.04009257256984711,0.04009257256984711
1789134814673293,0.008611641824245453,0.008611641824245453
1789134814683293,0.006250206381082535,0.006250206381082535
1789134814693293,-0.008892389014363289,-0.008892389014363289
1789134814703293,0.056758567690849304,0.056758567690849304
1789134814715293,0.0741644874215126,0.0741644874215126
1789134814723293,0.059888217598199844,0.059888217598199844
1789134814731293,0.0416916161775589,0.0416916161775589
1789134814743293,0.036096829921007156,0.036096829921007156
1789134814753293,0.02650369703769684,0.02650369703769684
1789134814763293,0.04174501448869705,0.04174501448869705
1789134814775293,0.06088712438941002,0.06088712438941002
1789134814783293,0.031045744195580482,0.031045744195580482
1789134814793293,0.030416768044233322,0.030416768044233322
1789134814799293,0.027345988899469376,0.027345988899469376
1789134814813293,0.015998197719454765,0.015998197719454765
1789134814823293,0.02404908835887909,0.02404908835887909
1789134814835293,0.08262474089860916,0.08262474089860916
1789134814843293,0.07075648754835129,0.07075648754835129
1789134814849293,0.06719869375228882,0.06719869375228882
1789134814863293,0.06089947372674942,0.06089947372674942
1789134814873293,0.04911460727453232,0.04911460727453232
1789134814883293,0.06729622185230255,0.06729622185230255
1789134814895293,0.06813037395477295,0.06813037395477295
1789134814897293,0.03777778521180153,0.03777778521180153
1789134814913293,0.04072747379541397,0.04072747379541397
1789134814923293,0.03984174504876137,0.03984174504876137
1789134814931293,0.03441384434700012,0.03441384434700012
1789134814943293,0.0295743215829134,0.0295743215829134
1789134814955293,0.016833895817399025,0.016833895817399025
1789134814963293,0.017222203314304352,0.017222203314304352
1789134814973293,0.015265002846717834,0.015265002846717834
1789134814983293,0.01694463938474655,0.01694463938474655
1789134814993293,0.019709687680006027,0.019709687680006027
1789134815003293,0.015282714739441872,0.015282714739441872
1789134815015293,-0.010957601480185986,-0.010957601480185986
1789134815017293,0.0006587611278519034,0.0006587611278519034
1789134815029293,-0.028774142265319824,-0.028774142265319824
1789134815041293,-0.02316637709736824,-0.02316637709736824
1789134815053293,-0.013226062059402466,-0.013226062059402466
1789134815063293,-0.026011548936367035,-0.026011548936367035
1789134815075293,0.00035795842995867133,0.00035795842995867133
1789134815083293,0.0076065389439463615,0.0076065389439463615
1789134815093293,-0.010365206748247147,-0.010365206748247147
1789134815103293,-0.005690904334187508,-0.005690904334187508
1789134815113293,0.003485779743641615,0.003485779743641615
1789134815123293,-0.010379641316831112,-0.010379641316831112
1789134815135293,-0.027170058339834213,-0.027170058339834213
1789134815145293,-0.008638677187263966,-0.008638677187263966
1789134815153293,-0.0011724741198122501,-0.0011724741198122501
1789134815161293,0.002124867867678404,0.002124867867678404
1789134815173293,0.009781971573829651,0.009781971573829651
1789134815183293,-0.001180911553092301,-0.001180911553092301
1789134815195293,-0.04592161253094673,-0.04592161253094673
1789134815203293,-0.020067663863301277,-0.020067663863301277
1789134815213293,0.020527822896838188,0.020527822896838188
1789134815223293,0.023679299280047417,0.023679299280047417
1789134815231293,-5.27215888723731e-07,-5.27215888723731e-07
1789134815243293,0.004259876441210508,0.004259876441210508
1789134815255293,-0.022750109434127808,-0.022750109434127808
1789134815257293,-0.011091879568994045,-0.011091879568994045
1789134815273293,-0.04268631711602211,-0.04268631711602211
1789134815283293,-0.039230991154909134,-0.039230991154909134
1789134815293293,-0.02309764176607132,-0.02309764176607132
1789134815303293,-0.042733244597911835,-0.042733244597911835
1789134815315293,-0.03850790113210678,-0.03850790113210678
1789134815323454,-0.005271620582789183,-0.005271620582789183
1789134815331454,-0.03774081915616989,-0.03774081915616989
1789134815343454,-0.0329742506146431,-0.0329742506146431
1789134815353454,-0.022790994495153427,-0.022790994495153427
1789134815363454,-0.038344819098711014,-0.038344819098711014
1789134815375454,-0.025661399587988853,-0.025661399587988853
1789134815377454,-0.021600734442472458,-0.021600734442472458
1789134815391454,-0.014089435338973999,-0.014089435338973999
1789134815403454,-0.012308886274695396,-0.012308886274695396
1789134815413454,-0.004625257104635239,-0.004625257104635239
1789134815423454,-0.014111434109508991,-0.014111434109508991
1789134815435454,-0.050486527383327484,-0.050486527383327484
1789134815443454,-0.028369229286909103,-0.028369229286909103
1789134815453454,-0.021999487653374672,-0.021999487653374672
1789134815459454,-0.02182704769074917,-0.02182704769074917
1789134815473454,-0.010896289721131325,-0.010896289721131325
1789134815483454,-0.013931614346802235,-0.013931614346802235
1789134815495454,-0.034587349742650986,-0.034587349742650986
1789134815497454,-0.028612930327653885,-0.028612930327653885
1789134815513454,-0.016422010958194733,-0.016422010958194733
1789134815523454,-0.01495234202593565,-0.01495234202593565
1789134815531454,-0.01643555425107479,-0.01643555425107479
1789134815543454,-0.01644349843263626,-0.01644349843263626
1789134815555454,-0.043810684233903885,-0.043810684233903885
1789134815557454,-0.02151474915444851,-0.02151474915444851
1789134815573454,-0.027535803616046906,-0.027535803616046906
1789134815583454,-0.02410987950861454,-0.02410987950861454
1789134815591454,-0.03870081156492233,-0.03870081156492233
1789134815603454,-0.029445821419358253,-0.029445821419358253
1789134815615454,0.007034845184534788,0.007034845184534788
1789134815623454,0.009642058052122593,0.009642058052122593
1789134815633454,0.015149625949561596,0.015149625949561596
1789134815643454,0.015364463441073895,0.015364463441073895
1789134815653454,0.01900079846382141,0.01900079846382141
1789134815663454,0.015158209949731827,0.015158209949731827
1789134815675454,0.03147616982460022,0.03147616982460022
1789134815683454,0.03352518007159233,0.03352518007159233
1789134815689454,0.017793867737054825,0.017793867737054825
1789134815703454,0.016222234815359116,0.016222234815359116
1789134815713454,0.013982392847537994,0.013982392847537994
1789134815723454,-0.012823940254747868,-0.012823940254747868
1789134815735454,0.012062051333487034,0.012062051333487034
1789134815745454,0.018888263031840324,0.018888263031840324
1789134815753454,0.018373066559433937,0.018373066559433937
1789134815763454,0.01780586503446102,0.01780586503446102
1789134815773454,0.01726433075964451,0.01726433075964451
1789134815783454,0.01839599572122097,0.01839599572122097
1789134815795454,0.01094934344291687,0.01094934344291687
1789134815803454,0.008091747760772705,0.008091747760772705
1789134815813454,-0.0025616881903260946,-0.0025616881903260946
1789134815821454,-0.0034577460028231144,-0.0034577460028231144
1789134815833454,-0.003698484506458044,-0.003698484506458044
1789134815843454,-0.0025512021966278553,-0.0025512021966278553
1789134815853454,0.01739329658448696,0.01739329658448696
1789134815863454,0.014953570440411568,0.014953570440411568
1789134815873454,0.01800091564655304,0.01800091564655304
1789134815883454,0.01804010570049286,0.01804010570049286
1789134815889454,0.004337206482887268,0.004337206482887268
1789134815903454,0.005374342203140259,0.005374342203140259
1789134815915454,0.011521941050887108,0.011521941050887108
1789134815919454,0.012317233718931675,0.012317233718931675
1789134815931454,0.009562528692185879,0.009562528692185879
1789134815943454,0.009752213954925537,0.009752213954925537
1789134815953454,0.010798663832247257,0.010798663832247257
1789134815963454,0.009574382565915585,0.009574382565915585
1789134815975454,0.021143781021237373,0.021143781021237373
1789134815977454,0.022022169083356857,0.022022169083356857
1789134815993454,0.009958143346011639,0.009958143346011639
1789134816003454,0.010302199982106686,0.010302199982106686
1789134816013454,0.012361795641481876,0.012361795641481876
1789134816023454,0.006984571926295757,0.006984571926295757
1789134816035454,0.027046043425798416,0.027046043425798416
1789134816041454,0.028014367446303368,0.028014367446303368
1789134816051454,0.010519835166633129,0.010519835166633129
1789134816063454,0.011568572372198105,0.011568572372198105
1789134816073454,0.014633631333708763,0.014633631333708763
1789134816083454,0.010527187958359718,0.010527187958359718
1789134816095454,0.03156688064336777,0.03156688064336777
1789134816103454,0.03671446815133095,0.03671446815133095
1789134816113454,0.02195931226015091,0.02195931226015091
1789134816119454,0.03209078311920166,0.03209078311920166
1789134816131454,0.03186865523457527,0.03186865523457527
1789134816143454,0.03188476338982582,0.03188476338982582
1789134816155454,0.003731012111529708,0.003731012111529708
1789134816163454,0.00578847574070096,0.00578847574070096
1789134816173454,-0.02658967114984989,-0.02658967114984989
1789134816183454,-0.02358117513358593,-0.02358117513358593
1789134816193454,-0.018423328176140785,-0.018423328176140785
1789134816203454,-0.026605835184454918,-0.026605835184454918
1789134816215454,-0.01110465545207262,-0.01110465545207262
1789134816217454,0.004088612273335457,0.004088612273335457
1789134816233454,-0.009741897694766521,-0.009741897694766521
1789134816243454,-0.008449429646134377,-0.008449429646134377
1789134816251454,-0.009117565117776394,-0.009117565117776394
1789134816263454,0.0007194448262453079,0.0007194448262453079
1789134816275454,-0.006425149273127317,-0.006425149273127317
1789134816283454,-0.001809482928365469,-0.001809482928365469
1789134816293454,-0.02262575924396515,-0.02262575924396515
1789134816303454,-0.020656287670135498,-0.020656287670135498
1789134816313454,-0.017110290005803108,-0.017110290005803108
1789134816323616,-0.022640928626060486,-0.022640928626060486
1789134816335616,0.06483183801174164,0.06483183801174164
1789134816343616,0.06548646092414856,0.06548646092414856
1789134816349616,0.06379328668117523,0.06379328668117523
1789134816363616,0.062334608286619186,0.062334608286619186
1789134816373616,0.05584344640374184,0.05584344640374184
1789134816383616,0.06466101855039597,0.06466101855039597
1789134816395616,0.05709987133741379,0.05709987133741379
1789134816403616,0.05049982666969299,0.05049982666969299
1789134816413616,0.05148153752088547,0.05148153752088547
1789134816423616,0.048028554767370224,0.048028554767370224
1789134816433616,0.041759293526411057,0.041759293526411057
1789134816443616,0.051552966237068176,0.051552966237068176
1789134816455616,0.08699445426464081,0.08699445426464081
1789134816463616,0.06583186239004135,0.06583186239004135
1789134816473616,0.06120748445391655,0.06120748445391655
1789134816481616,0.05877462774515152,0.05877462774515152
1789134816493616,0.05590659752488136,0.05590659752488136
1789134816503616,0.06126972287893295,0.06126972287893295
1789134816515616,0.03329253941774368,0.03329253941774368
1789134816523616,0.02322559244930744,0.02322559244930744
1789134816531616,0.032748330384492874,0.032748330384492874
1789134816543616,0.03149738907814026,0.03149738907814026
1789134816551616,0.05305774509906769,0.05305774509906769
1789134816563616,0.05075247958302498,0.05075247958302498
1789134816575616,0.014939692802727222,0.014939692802727222
1789134816577616,0.014998720027506351,0.014998720027506351
1789134816593616,0.01676141656935215,0.01676141656935215
1789134816603616,0.017399298027157784,0.017399298027157784
1789134816613616,0.017581095919013023,0.017581095919013023
1789134816623616,0.016794346272945404,0.016794346272945404
1789134816635616,0.08644320070743561,0.08644320070743561
1789134816643616,0.08444113284349442,0.08444113284349442
1789134816653616,0.11044663935899734,0.11044663935899734
1789134816663616,0.10912436246871948,0.10912436246871948
1789134816673616,0.1082920953631401,0.1082920953631401
1789134816683616,0.0391128733754158,0.0391128733754158
1789134816695616,0.035317644476890564,0.035317644476890564
1789134816697616,0.037511903792619705,0.037511903792619705
1789134816711616,0.03182712942361832,0.03182712942361832
1789134816723616,0.03269105777144432,0.03269105777144432
1789134816731616,0.031859125941991806,0.031859125941991806
1789134816743616,0.03187483921647072,0.03187483921647072
1789134816755616,0.008697055280208588,0.008697055280208588
1789134816763616,0.02681400440633297,0.02681400440633297
1789134816773616,0.02500496245920658,0.02500496245920658
1789134816783616,0.02827429212629795,0.02827429212629795
1789134816793616,0.03547026216983795,0.03547026216983795
1789134816803616,0.025044264271855354,0.025044264271855354
1789134816815616,0.016171908006072044,0.016171908006072044
1789134816817616,0.027185853570699692,0.027185853570699692
1789134816833616,0.0030632794369012117,0.0030632794369012117
1789134816843616,0.006054675206542015,0.006054675206542015
1789134816851616,-0.00203534634783864,-0.00203534634783864
1789134816863616,0.015776939690113068,0.015776939690113068
1789134816875616,-0.005644529592245817,-0.005644529592245817
1789134816877616,0.011549439281225204,0.011549439281225204
1789134816893616,-0.00035361613845452666,-0.00035361613845452666
1789134816903616,0.005592747591435909,0.005592747591435909
1789134816911616,-0.01392193604260683,-0.01392193604260683
1789134816923616,0.0039779748767614365,0.0039779748767614365
1789134816935616,0.03159460797905922,0.03159460797905922
1789134816937616,0.03979620710015297,0.03979620710015297
1789134816953616,0.01848876290023327,0.01848876290023327
1789134816963616,0.0211743526160717,0.0211743526160717
1789134816973616,0.03554745391011238,0.03554745391011238
1789134816983616,0.018514061346650124,0.018514061346650124
1789134816995616,-0.0021507935598492622,-0.0021507935598492622
1789134817003616,0.033061470836400986,0.033061470836400986
1789134817009616,0.02898196130990982,0.02898196130990982
1789134817023616,0.0349571593105793,0.0349571593105793
1789134817033616,0.04676149785518646,0.04676149785518646
1789134817043616,-0.01271140668541193,-0.01271140668541193
1789134817055616,0.0084987822920084,0.0084987822920084
1789134817057616,0.015331695787608624,0.015331695787608624
1789134817073616,0.003005847567692399,0.003005847567692399
1789134817083616,0.006658357568085194,0.006658357568085194
1789134817093616,0.03263461962342262,0.03263461962342262
1789134817103616,0.002979062031954527,0.002979062031954527
1789134817115616,-0.1602298766374588,-0.1602298766374588
1789134817123616,-0.0876317098736763,-0.0876317098736763
1789134817131616,-0.08126197755336761,-0.08126197755336761
1789134817141616,-0.05558772385120392,-0.05558772385120392
1789134817153616,-0.04330344498157501,-0.04330344498157501
1789134817163616,-0.0813552588224411,-0.0813552588224411
1789134817175616,-0.1487361043691635,-0.1487361043691635
1789134817177616,-0.0749099925160408,-0.0749099925160408
1789134817193616,-0.05178683251142502,-0.05178683251142502
1789134817203616,-0.04606503248214722,-0.04606503248214722
1789134817211616,-0.07022932916879654,-0.07022932916879654
1789134817223616,-0.05303441360592842,-0.05303441360592842
1789134817235616,-0.07192903757095337,-0.07192903757095337
1789134817245616,-0.05074942857027054,-0.05074942857027054
1789134817253616,-0.04725373163819313,-0.04725373163819313
1789134817263616,-0.03642578050494194,-0.03642578050494194
1789134817273616,-0.030525431036949158,-0.030525431036949158
1789134817283616,-0.04732285439968109,-0.04732285439968109
1789134817295616,-0.12062065303325653,-0.12062065303325653
1789134817297616,-0.05499410256743431,-0.05499410256743431
1789134817313616,-0.047945283353328705,-0.047945283353328705
1789134817323777,-0.043293096125125885,-0.043293096125125885
1789134817331777,-0.04799053072929382,-0.04799053072929382
1789134817343777,-0.10396447032690048,-0.10396447032690048
1789134817355777,-0.0326351672410965,-0.0326351672410965
1789134817363777,-0.015589937567710876,-0.015589937567710876
1789134817371777,0.0003022917953785509,0.0003022917953785509
1789134817383777,0.00706626009196043,0.00706626009196043
1789134817393777,0.022657787427306175,0.022657787427306175
1789134817403777,0.00026211069780401886,0.00026211069780401886
1789134817415777,-0.13363012671470642,-0.13363012671470642
1789134817423777,-0.08240779489278793,-0.08240779489278793
1789134817433777,-0.06952013820409775,-0.06952013820409775
1789134817439777,-0.06179679185152054,-0.06179679185152054
1789134817453777,-0.04232437536120415,-0.04232437536120415
1789134817463777,-0.05403386801481247,-0.05403386801481247
1789134817475777,-0.051617078483104706,-0.051617078483104706
1789134817483777,-0.038239963352680206,-0.038239963352680206
1789134817493777,-0.010405374690890312,-0.010405374690890312
1789134817503777,-0.006798196583986282,-0.006798196583986282
1789134817513777,0.00044376205187290907,0.00044376205187290907
1789134817523777,-0.010426877997815609,-0.010426877997815609
1789134817535777,-0.04266761615872383,-0.04266761615872383
1789134817537777,-0.030516956001520157,-0.030516956001520157
1789134817553777,-0.02173551917076111,-0.02173551917076111
1789134817563777,-0.020008575171232224,-0.020008575171232224
1789134817571777,-0.07603101432323456,-0.07603101432323456
1789134817583777,-0.06191296502947807,-0.06191296502947807
1789134817595777,-0.02887866087257862,-0.02887866087257862
1789134817603777,-0.015852807089686394,-0.015852807089686394
1789134817613777,-0.03457970544695854,-0.03457970544695854
1789134817623777,-0.03127880021929741,-0.03127880021929741
1789134817633777,-0.023302612826228142,-0.023302612826228142
1789134817643777,-0.034629181027412415,-0.034629181027412415
1789134817655777,-0.07534926384687424,-0.07534926384687424
1789134817657777,-0.054402824491262436,-0.054402824491262436
1789134817669777,-0.05249224603176117,-0.05249224603176117
1789134817683777,-0.05043899267911911,-0.05043899267911911
1789134817693777,-0.0396871343255043,-0.0396871343255043
1789134817703777,-0.07564996182918549,-0.07564996182918549
1789134817715777,-0.04839368537068367,-0.04839368537068367
1789134817725777,-0.03382333368062973,-0.03382333368062973
1789134817731777,-0.031837157905101776,-0.031837157905101776
1789134817743777,-0.029047539457678795,-0.029047539457678795
1789134817753777,-0.023286322131752968,-0.023286322131752968
1789134817763777,-0.03189766779541969,-0.03189766779541969
1789134817775777,-0.11017931997776031,-0.11017931997776031
1789134817783777,-0.08854084461927414,-0.08854084461927414
1789134817793777,-0.09418734163045883,-0.09418734163045883
1789134817801777,-0.08899043500423431,-0.08899043500423431
1789134817813777,-0.08041433244943619,-0.08041433244943619
1789134817823777,-0.09429484605789185,-0.09429484605789185
1789134817835777,-0.09339991211891174,-0.09339991211891174
1789134817845777,-0.06169457733631134,-0.06169457733631134
1789134817849777,-0.05949688330292702,-0.05949688330292702
1789134817863777,-0.05764492601156235,-0.05764492601156235
1789134817869777,-0.09206685423851013,-0.09206685423851013
1789134817883777,-0.08296588808298111,-0.08296588808298111
1789134817895777,-0.04875092953443527,-0.04875092953443527
1789134817897777,-0.04094371944665909,-0.04094371944665909
1789134817913777,-0.028037335723638535,-0.028037335723638535
1789134817923777,-0.028088705614209175,-0.028088705614209175
1789134817931777,-0.02806473895907402,-0.02806473895907402
1789134817943777,-0.028078243136405945,-0.028078243136405945
1789134817955777,-0.1305253505706787,-0.1305253505706787
1789134817963777,-0.11119154840707779,-0.11119154840707779
1789134817973777,-0.14132657647132874,-0.14132657647132874
1789134817983777,-0.13804195821285248,-0.13804195821285248
1789134817993777,-0.1337577849626541,-0.1337577849626541
1789134818003777,-0.08528050035238266,-0.08528050035238266
1789134818015777,-0.0733015164732933,-0.0733015164732933
1789134818017777,-0.07308649271726608,-0.07308649271726608
1789134818031777,-0.05261655151844025,-0.05261655151844025
1789134818041777,-0.05364362522959709,-0.05364362522959709
1789134818053777,-0.06149402633309364,-0.06149402633309364
1789134818063777,-0.05266254022717476,-0.05266254022717476
1789134818075777,0.013154218904674053,0.013154218904674053
1789134818083777,-0.010028042830526829,-0.010028042830526829
1789134818093777,-0.013485100120306015,-0.013485100120306015
1789134818099777,-0.0505976527929306,-0.0505976527929306
1789134818113777,-0.060713399201631546,-0.060713399201631546
1789134818123777,-0.057975828647613525,-0.057975828647613525
1789134818135777,-0.0013488371623679996,-0.0013488371623679996
1789134818137777,-0.00947531033307314,-0.00947531033307314
1789134818153777,-0.0017069407040253282,-0.0017069407040253282
1789134818163777,-0.004570458084344864,-0.004570458084344864
1789134818173777,-0.018066998571157455,-0.018066998571157455
1789134818183777,-0.001711179269477725,-0.001711179269477725
1789134818195777,0.004736495204269886,0.004736495204269886
1789134818197777,-0.02732042223215103,-0.02732042223215103
1789134818213777,-0.04046941176056862,-0.04046941176056862
1789134818223777,-0.04504810646176338,-0.04504810646176338
1789134818231777,0.011732811108231544,0.011732811108231544
1789134818243777,-0.002624502405524254,-0.002624502405524254
1789134818255777,0.01149806659668684,0.01149806659668684
1789134818257777,-0.005786092020571232,-0.005786092020571232
1789134818273777,0.02286173216998577,0.02286173216998577
1789134818283777,0.01936468295753002,0.01936468295753002
1789134818293777,0.0015406516613438725,0.0015406516613438725
1789134818303777,0.022885924205183983,0.022885924205183983
1789134818315777,0.054579202085733414,0.054579202085733414
1789134818323777,0.014002029784023762,0.014002029784023762
1789134818329940,0.0219508595764637,0.0219508595764637
1789134818343940,0.015675829723477364,0.015675829723477364
1789134818353940,0.0032305954955518246,0.0032305954955518246
1789134818363940,0.03856789693236351,0.03856789693236351
1789134818375940,0.01620352454483509,0.01620352454483509
1789134818377940,0.01038980484008789,0.01038980484008789
1789134818393940,-0.00723313307389617,-0.00723313307389617
1789134818403940,-0.009897013194859028,-0.009897013194859028
1789134818413940,-0.019839944317936897,-0.019839944317936897
1789134818423940,-0.007233012467622757,-0.007233012467622757
1789134818435940,0.0514683872461319,0.0514683872461319
1789134818443940,0.02370719611644745,0.02370719611644745
1789134818453940,0.0007085510296747088,0.0007085510296747088
1789134818461940,-0.009471193887293339,-0.009471193887293339
1789134818473940,-0.012983503751456738,-0.012983503751456738
1789134818483940,0.0007027359679341316,0.0007027359679341316
1789134818495940,0.07060662657022476,0.07060662657022476
1789134818497940,0.039624083787202835,0.039624083787202835
1789134818513940,0.043855782598257065,0.043855782598257065
1789134818523940,0.040411099791526794,0.040411099791526794
1789134818531940,0.0438883900642395,0.0438883900642395
1789134818543940,0.043911051005125046,0.043911051005125046
1789134818555940,0.03630582615733147,0.03630582615733147
1789134818559940,0.005146658979356289,0.005146658979356289
1789134818573940,0.018013326451182365,0.018013326451182365
1789134818583940,0.013188505545258522,0.013188505545258522
1789134818593940,0.0032883179374039173,0.0032883179374039173
1789134818603940,0.018036847934126854,0.018036847934126854
1789134818615940,0.10236326605081558,0.10236326605081558
1789134818617940,0.0638779029250145,0.0638779029250145
1789134818633940,0.06367268413305283,0.06367268413305283
1789134818643940,0.06056467443704605,0.06056467443704605
1789134818653940,0.04798290506005287,0.04798290506005287
1789134818663940,0.04855402559041977,0.04855402559041977
1789134818675940,0.04095298796892166,0.04095298796892166
1789134818683940,0.028685102239251137,0.028685102239251137
1789134818691940,0.03208551183342934,0.03208551183342934
1789134818703940,0.025866402313113213,0.025866402313113213
1789134818713940,0.013585450127720833,0.013585450127720833
1789134818723940,0.03213395178318024,0.03213395178318024
1789134818735940,0.06823188066482544,0.06823188066482544
1789134818743940,0.049409329891204834,0.049409329891204834
1789134818753940,0.024473533034324646,0.024473533034324646
1789134818759940,0.030770668759942055,0.030770668759942055
1789134818773940,0.016796357929706573,0.016796357929706573
1789134818783940,0.026413267478346825,0.026413267478346825
1789134818793940,0.08637925237417221,0.08637925237417221
1789134818805940,0.0796779915690422,0.0796779915690422
1789134818813940,0.07378169149160385,0.07378169149160385
1789134818823940,0.06997189670801163,0.06997189670801163
1789134818833940,0.05872850865125656,0.05872850865125656
1789134818843940,0.048959847539663315,0.048959847539663315
1789134818855940,0.09248146414756775,0.09248146414756775
1789134818857940,0.062210142612457275,0.062210142612457275
1789134818873940,0.04525768384337425,0.04525768384337425
1789134818883940,0.043465763330459595,0.043465763330459595
1789134818891940,0.0815984308719635,0.0815984308719635
1789134818903940,0.06912785023450851,0.06912785023450851
1789134818915940,0.04483843594789505,0.04483843594789505
1789134818923940,0.03394389525055885,0.03394389525055885
1789134818931940,0.07136602699756622,0.07136602699756622
1789134818943940,0.06674462556838989,0.06674462556838989
1789134818953940,0.05644435063004494,0.05644435063004494
1789134818963940,0.07147666066884995,0.07147666066884995
1789134818975940,0.08626292645931244,0.08626292645931244
1789134818977940,0.06024663895368576,0.06024663895368576
1789134818989940,0.05515744537115097,0.05515744537115097
1789134819003940,0.053619369864463806,0.053619369864463806
1789134819013940,0.04571808874607086,0.04571808874607086
1789134819023940,0.07212069630622864,0.07212069630622864
1789134819035940,0.05487212911248207,0.05487212911248207
1789134819041940,0.049410685896873474,0.049410685896873474
1789134819053940,0.03454424440860748,0.03454424440860748
1789134819063940,0.03260864317417145,0.03260864317417145
1789134819073940,0.028925171121954918,0.028925171121954918
1789134819083940,0.03460199013352394,0.03460199013352394
1789134819095940,0.0566781722009182,0.0566781722009182
1789134819103940,0.049311354756355286,0.049311354756355286
1789134819113940,0.033374350517988205,0.033374350517988205
1789134819121940,0.033608026802539825,0.033608026802539825
1789134819131940,0.03339648246765137,0.03339648246765137
1789134819143940,0.03341330587863922,0.03341330587863922
1789134819155940,0.0059122610837221146,0.0059122610837221146
1789134819163940,0.011847770772874355,0.011847770772874355
1789134819173940,0.026232676580548286,0.026232676580548286
1789134819183940,0.02823435515165329,0.02823435515165329
1789134819191940,0.018873833119869232,0.018873833119869232
1789134819203940,0.02144704945385456,0.02144704945385456
1789134819215940,-0.010788118466734886,-0.010788118466734886
1789134819219940,-0.00036916835233569145,-0.00036916835233569145
1789134819233940,0.01547087449580431,0.01547087449580431
1789134819243940,0.01737794652581215,0.01737794652581215
1789134819253940,0.028395352885127068,0.028395352885127068
1789134819263940,0.015472972765564919,0.015472972765564919
1789134819275940,-0.052822574973106384,-0.052822574973106384
1789134819285940,-0.0161086767911911,-0.0161086767911911
1789134819293940,-0.010704461485147476,-0.010704461485147476
1789134819303940,-0.00450743967667222,-0.00450743967667222
1789134819313940,0.00656870985403657,0.00656870985403657
1789134819323940,0.009358585812151432,0.009358585812151432
1789134819336101,-0.015325620770454407,-0.015325620770454407
1789134819338101,-0.012797228991985321,-0.012797228991985321
1789134819352101,0.005071524530649185,0.005071524530649185
1789134819364101,0.007498582359403372,0.007498582359403372
1789134819374101,0.01743149571120739,0.01743149571120739
1789134819384101,0.005081782583147287,0.005081782583147287
1789134819396101,-0.05440136417746544,-0.05440136417746544
1789134819404101,-0.024322235956788063,-0.024322235956788063
1789134819414101,-0.01772426627576351,-0.01772426627576351
1789134819418101,0.006217774469405413,0.006217774469405413
1789134819434101,0.015138682909309864,0.015138682909309864
1789134819444101,0.012599221430718899,0.012599221430718899
1789134819454101,-0.04519499093294144,-0.04519499093294144
1789134819458101,-0.02061740681529045,-0.02061740681529045
1789134819474101,-0.015348090790212154,-0.015348090790212154
1789134819484101,-0.012493815273046494,-0.012493815273046494
1789134819494101,-0.0006228899583220482,-0.0006228899583220482
1789134819504101,-0.015359210781753063,-0.015359210781753063
1789134819516101,-0.06185098737478256,-0.06185098737478256
1789134819518101,-0.028872385621070862,-0.028872385621070862
1789134819532101,-0.0031446246430277824,-0.0031446246430277824
1789134819544101,0.003659687237814069,0.003659687237814069
1789134819550101,0.002650841837748885,0.002650841837748885
1789134819564101,0.008858788758516312,0.008858788758516312
1789134819576101,-0.003916484769433737,-0.003916484769433737
1789134819578101,0.009595072828233242,0.009595072828233242
1789134819594101,0.01088566891849041,0.01088566891849041
1789134819604101,0.013391608372330666,0.013391608372330666
1789134819614101,0.026354799047112465,0.026354799047112465
1789134819624101,0.010890149511396885,0.010890149511396885
1789134819636101,-0.021259412169456482,-0.021259412169456482
1789134819644101,0.003941214643418789,0.003941214643418789
1789134819650101,0.02859649248421192,0.02859649248421192
1789134819664101,0.03211599215865135,0.03211599215865135
1789134819674101,0.038324810564517975,0.038324810564517975
1789134819684101,0.07827766984701157,0.07827766984701157
1789134819696101,0.0766657218337059,0.0766657218337059
1789134819698101,0.07483721524477005,0.07483721524477005
1789134819714101,0.07015567272901535,0.07015567272901535
1789134819724101,0.07057708501815796,0.07057708501815796
1789134819732101,0.07020381838083267,0.07020381838083267
1789134819744101,0.07023890316486359,0.07023890316486359
1789134819756101,0.005543641280382872,0.005543641280382872
1789134819764101,0.017742443829774857,0.017742443829774857
1789134819774101,-0.004352934192866087,-0.004352934192866087
1789134819782101,0.007603493519127369,0.007603493519127369
1789134819794101,0.013526763767004013,0.013526763767004013
1789134819804101,-0.004358044359833002,-0.004358044359833002
1789134819816101,-0.041889652609825134,-0.041889652609825134
1789134819818101,-0.005325891077518463,-0.005325891077518463
1789134819834101,-0.002562365960329771,-0.002562365960329771
1789134819844101,0.00021886048489250243,0.00021886048489250243
1789134819852101,0.013954224064946175,0.013954224064946175
1789134819864101,0.021550672128796577,0.021550672128796577
1789134819876101,-0.007980121299624443,-0.007980121299624443
1789134819880101,0.008133651688694954,0.008133651688694954
1789134819894101,0.0054606241174042225,0.0054606241174042225
1789134819904101,0.012211143039166927,0.012211143039166927
1789134819914101,0.023559536784887314,0.023559536784887314
1789134819924101,0.005479365587234497,0.005479365587234497
1789134819936101,-0.005796859506517649,-0.005796859506517649
1789134819938101,0.011709092184901237,0.011709092184901237
1789134819954101,0.04796727001667023,0.04796727001667023
1789134819964101,0.05041748285293579,0.05041748285293579
1789134819974101,0.06314213573932648,0.06314213573932648
1789134819984101,0.005230155773460865,0.005230155773460865
1789134819996101,-0.027874676510691643,-0.027874676510691643
1789134820004101,-0.012204449623823166,-0.012204449623823166
1789134820012101,-0.009156374260783195,-0.009156374260783195
1789134820024101,-0.0006063300534151495,-0.0006063300534151495
1789134820034101,0.016044650226831436,0.016044650226831436
1789134820044101,-0.03746893256902695,-0.03746893256902695
1789134820056101,-0.008054775185883045,-0.008054775185883045
1789134820058101,-0.0009355149231851101,-0.0009355149231851101
1789134820074101,0.01491965726017952,0.01491965726017952
1789134820080101,0.0015380155527964234,0.0015380155527964234
1789134820094101,0.018710404634475708,0.018710404634475708
1789134820104101,0.007769530639052391,0.007769530639052391
1789134820116101,0.0072320131585001945,0.0072320131585001945
1789134820124101,0.021293621510267258,0.021293621510267258
1789134820132101,0.04855485260486603,0.04855485260486603
1789134820144101,0.05349350348114967,0.05349350348114967
1789134820154101,0.062408510595560074,0.062408510595560074
1789134820164101,0.04862215369939804,0.04862215369939804
1789134820176101,0.004096329677850008,0.004096329677850008
1789134820178101,0.03163530305027962,0.03163530305027962
1789134820194101,0.05278877913951874,0.05278877913951874
1789134820204101,0.05483774468302727,0.05483774468302727
1789134820212101,0.010453685186803341,0.010453685186803341
1789134820224101,0.02093988098204136,0.02093988098204136
1789134820236101,0.017487917095422745,0.017487917095422745
1789134820244101,0.03174898400902748,0.03174898400902748
1789134820254101,0.04931480064988136,0.04931480064988136
1789134820264101,0.05333927646279335,0.05333927646279335
1789134820274101,0.06137040629982948,0.06137040629982948
1789134820284101,0.04938438534736633,0.04938438534736633
1789134820296101,0.036646515130996704,0.036646515130996704
1789134820298101,0.059873662889003754,0.059873662889003754
1789134820310101,0.05205114558339119,0.05205114558339119
1789134820324101,0.05458278954029083,0.05458278954029083
1789134820332261,0.05209336057305336,0.05209336057305336
1789134820344261,0.013255983591079712,0.013255983591079712
1789134820356261,0.061245959252119064,0.061245959252119064
1789134820364261,0.07088638097047806,0.07088638097047806
1789134820374261,0.08892432600259781,0.08892432600259781
1789134820384261,0.09267577528953552,0.09267577528953552
1789134820394261,0.10186203569173813,0.10186203569173813
1789134820404261,0.08901835978031158,0.08901835978031158
1789134820416261,-0.030351579189300537,-0.030351579189300537
1789134820424261,0.003927513491362333,0.003927513491362333
1789134820434261,-0.010083098895847797,-0.010083098895847797
1789134820442261,-0.0004948806599713862,-0.0004948806599713862
1789134820454261,0.016047043725848198,0.016047043725848198
1789134820464261,-0.010085116140544415,-0.010085116140544415
1789134820476261,0.039653174579143524,0.039653174579143524
1789134820484261,0.08214335143566132,0.08214335143566132
1789134820494261,0.10564130544662476,0.10564130544662476
1789134820504261,0.11094313859939575,0.11094313859939575
1789134820512261,0.03960901498794556,0.03960901498794556
1789134820524261,0.048615653067827225,0.048615653067827225
1789134820536261,-0.006155957002192736,-0.006155957002192736
1789134820538261,0.007665678393095732,0.007665678393095732
1789134820554261,-0.004834434483200312,-0.004834434483200312
1789134820564261,0.0006385217420756817,0.0006385217420756817
1789134820574261,0.02291877008974552,0.02291877008974552
1789134820584261,-0.004822319373488426,-0.004822319373488426
1789134820596261,-0.0021933461539447308,-0.0021933461539447308
1789134820604261,0.052944786846637726,0.052944786846637726
1789134820614261,0.07792413979768753,0.07792413979768753
1789134820624261,0.08662694692611694,0.08662694692611694
1789134820634261,0.10562968254089355,0.10562968254089355
1789134820644261,0.003027642145752907,0.003027642145752907
1789134820656261,-0.037821147590875626,-0.037821147590875626
1789134820664261,-0.024606162682175636,-0.024606162682175636
1789134820672261,0.00025502481730654836,0.00025502481730654836
1789134820684261,0.006361108738929033,0.006361108738929033
1789134820694261,0.03806747496128082,0.03806747496128082
1789134820704261,0.0002464677090756595,0.0002464677090756595
1789134820716261,-0.10042469948530197,-0.10042469948530197
1789134820724261,-0.02208269201219082,-0.02208269201219082
1789134820732261,0.0006996059091761708,0.0006996059091761708
1789134820740261,-0.026077480986714363,-0.026077480986714363
1789134820754261,0.014516150578856468,0.014516150578856468
1789134820764261,0.0011703110067173839,0.0011703110067173839
1789134820776261,-0.011776953935623169,-0.011776953935623169
1789134820778261,0.013995163142681122,0.013995163142681122
1789134820794261,0.0077299801632761955,0.0077299801632761955
1789134820804261,0.014790010638535023,0.014790010638535023
1789134820814261,0.05224350467324257,0.05224350467324257
1789134820824261,0.007719720248132944,0.007719720248132944
1789134820836261,-0.08370894193649292,-0.08370894193649292
1789134820838261,0.00024151691468432546,0.00024151691468432546
1789134820850261,-0.008949019946157932,-0.008949019946157932
1789134820864261,0.005308113060891628,0.005308113060891628
1789134820872261,-0.03208242729306221,-0.03208242729306221
1789134820884261,0.008258020505309105,0.008258020505309105
1789134820896261,-0.04595428332686424,-0.04595428332686424
1789134820898261,-0.004436390474438667,-0.004436390474438667
1789134820914261,-0.019631393253803253,-0.019631393253803253
1789134820924261,-0.012702882289886475,-0.012702882289886475
1789134820932261,-0.019640237092971802,-0.019640237092971802
1789134820944261,-0.019650613889098167,-0.019650613889098167
1789134820956261,-0.07851693034172058,-0.07851693034172058
1789134820964261,-0.0011065035359933972,-0.0011065035359933972
1789134820970261,-0.036657653748989105,-0.036657653748989105
1789134820984261,-0.022054795175790787,-0.022054795175790787
1789134820994261,0.009134801104664803,0.009134801104664803
1789134821004261,-0.18027831614017487,-0.18027831614017487
1789134821016261,-0.1062537208199501,-0.1062537208199501
1789134821024261,-0.08626046776771545,-0.08626046776771545
1789134821034261,-0.09659682959318161,-0.09659682959318161
1789134821042261,-0.07910502701997757,-0.07910502701997757
1789134821054261,-0.06904925405979156,-0.06904925405979156
1789134821064261,-0.09670940786600113,-0.09670940786600113
1789134821076261,-0.25199031829833984,-0.25199031829833984
1789134821084261,-0.14017249643802643,-0.14017249643802643
1789134821094261,-0.15082098543643951,-0.15082098543643951
1789134821102261,-0.11035619676113129,-0.11035619676113129
1789134821114261,-0.09072216600179672,-0.09072216600179672
1789134821124261,-0.1509762704372406,-0.1509762704372406
1789134821136261,-0.18016447126865387,-0.18016447126865387
1789134821138261,-0.12087549269199371,-0.12087549269199371
1789134821154261,-0.10276545584201813,-0.10276545584201813
1789134821164261,-0.09395185112953186,-0.09395185112953186
1789134821172261,-0.1326397955417633,-0.1326397955417633
1789134821184261,-0.10632814466953278,-0.10632814466953278
1789134821196261,-0.17602084577083588,-0.17602084577083588
1789134821200261,-0.1262856274843216,-0.1262856274843216
1789134821214261,-0.1311088502407074,-0.1311088502407074
1789134821224261,-0.11429847031831741,-0.11429847031831741
1789134821234261,-0.08159131556749344,-0.08159131556749344
1789134821244261,-0.131260484457016,-0.131260484457016
1789134821256261,-0.22034446895122528,-0.22034446895122528
1789134821258261,-0.12298288941383362,-0.12298288941383362
1789134821274261,-0.10360793024301529,-0.10360793024301529
1789134821284261,-0.09646369516849518,-0.09646369516849518
1789134821294261,-0.061427582055330276,-0.061427582055330276
1789134821304261,-0.16329693794250488,-0.16329693794250488
1789134821316261,-0.1377899944782257,-0.1377899944782257
1789134821326261,-0.1239839643239975,-0.1239839643239975
1789134821332424,-0.11171382665634155,-0.11171382665634155
1789134821344424,-0.09988928586244583,-0.09988928586244583
1789134821354424,-0.09463540464639664,-0.09463540464639664
1789134821364424,-0.11185373365879059,-0.11185373365879059
1789134821376424,-0.1648017019033432,-0.1648017019033432
1789134821378424,-0.09988449513912201,-0.09988449513912201
1789134821394424,-0.08524814993143082,-0.08524814993143082
1789134821400424,-0.09618068486452103,-0.09618068486452103
1789134821414424,-0.06902913004159927,-0.06902913004159927
1789134821424424,-0.08727489411830902,-0.08727489411830902
1789134821436424,-0.15244807302951813,-0.15244807302951813
1789134821444424,-0.1302281618118286,-0.1302281618118286
1789134821454424,-0.07680593430995941,-0.07680593430995941
1789134821464424,-0.07072996348142624,-0.07072996348142624
1789134821474424,-0.05808486416935921,-0.05808486416935921
1789134821484424,-0.07692058384418488,-0.07692058384418488
1789134821496424,-0.23216678202152252,-0.23216678202152252
1789134821498424,-0.17382001876831055,-0.17382001876831055
1789134821514424,-0.1281614750623703,-0.1281614750623703
1789134821524424,-0.12370923906564713,-0.12370923906564713
1789134821532424,-0.12413978576660156,-0.12413978576660156
1789134821544424,-0.10211162269115448,-0.10211162269115448
1789134821556424,-0.12574006617069244,-0.12574006617069244
1789134821564424,-0.10902885347604752,-0.10902885347604752
1789134821574424,-0.10818468034267426,-0.10818468034267426
1789134821584424,-0.10176853835582733,-0.10176853835582733
1789134821594424,-0.09010828286409378,-0.09010828286409378
1789134821604424,-0.10831833630800247,-0.10831833630800247
1789134821616424,-0.14293378591537476,-0.14293378591537476
1789134821618424,-0.10817227512598038,-0.10817227512598038
1789134821630424,-0.08313648402690887,-0.08313648402690887
1789134821644424,-0.08193610608577728,-0.08193610608577728
1789134821654424,-0.07492165267467499,-0.07492165267467499
1789134821664424,-0.10378750413656235,-0.10378750413656235
1789134821676424,-0.10401350259780884,-0.10401350259780884
1789134821684424,-0.09809326380491257,-0.09809326380491257
1789134821694424,-0.08365459740161896,-0.08365459740161896
1789134821704424,-0.08087309449911118,-0.08087309449911118
1789134821714424,-0.07568632811307907,-0.07568632811307907
1789134821724424,-0.08378372341394424,-0.08378372341394424
1789134821736424,-0.1334591805934906,-0.1334591805934906
1789134821744424,-0.12442732602357864,-0.12442732602357864
1789134821754424,-0.11032936722040176,-0.11032936722040176
1789134821762424,-0.1089472696185112,-0.1089472696185112
1789134821774424,-0.11607523262500763,-0.11607523262500763
1789134821784424,-0.11041513830423355,-0.11041513830423355
1789134821796424,0.03158525750041008,0.03158525750041008
1789134821804424,0.008518559858202934,0.008518559858202934
1789134821814424,0.009507243521511555,0.009507243521511555
1789134821824424,0.003239833051338792,0.003239833051338792
1789134821832424,-0.045087676495313644,-0.045087676495313644
1789134821844424,-0.05292045697569847,-0.05292045697569847
1789134821856424,-0.03649728372693062,-0.03649728372693062
1789134821858424,-0.045565806329250336,-0.045565806329250336
1789134821874424,-0.047358911484479904,-0.047358911484479904
1789134821884424,-0.04991301894187927,-0.04991301894187927
1789134821894424,-0.05533925071358681,-0.05533925071358681
1789134821904424,-0.047413188964128494,-0.047413188964128494
1789134821916424,-0.038448676466941833,-0.038448676466941833
1789134821924424,-0.06548599153757095,-0.06548599153757095
1789134821932424,-0.05441936105489731,-0.05441936105489731
1789134821944424,-0.06011710688471794,-0.06011710688471794
1789134821954424,-0.0712602511048317,-0.0712602511048317
1789134821964424,-0.029773471876978874,-0.029773471876978874
1789134821976424,-0.017429297789931297,-0.017429297789931297
1789134821978424,-0.02380875125527382,-0.02380875125527382
1789134821992424,-0.029055671766400337,-0.029055671766400337
1789134822004424,-0.03242258355021477,-0.03242258355021477
1789134822014424,-0.04845574498176575,-0.04845574498176575
1789134822024424,-0.05450250953435898,-0.05450250953435898
1789134822036424,-0.012327726930379868,-0.012327726930379868
1789134822042424,-0.04952394962310791,-0.04952394962310791
1789134822054424,-0.07262098789215088,-0.07262098789215088
1789134822060424,-0.026199044659733772,-0.026199044659733772
1789134822074424,-0.04427856579422951,-0.04427856579422951
1789134822084424,-0.03739408031105995,-0.03739408031105995
1789134822096424,0.09916682541370392,0.09916682541370392
1789134822098424,0.08109909296035767,0.08109909296035767
1789134822114424,0.0739804059267044,0.0739804059267044
1789134822124424,0.06727991253137589,0.06727991253137589
1789134822132424,0.07403189688920975,0.07403189688920975
1789134822144424,0.07407029718160629,0.07407029718160629
1789134822156424,0.04555670544505119,0.04555670544505119
1789134822158424,-0.01725979521870613,-0.01725979521870613
1789134822174424,-0.01667722314596176,-0.01667722314596176
1789134822184424,-0.02516477182507515,-0.02516477182507515
1789134822192424,0.03262512758374214,0.03262512758374214
1789134822204424,0.00632872711867094,0.00632872711867094
1789134822216424,0.05739735811948776,0.05739735811948776
1789134822224424,0.025233015418052673,0.025233015418052673
1789134822234424,0.02888322062790394,0.02888322062790394
1789134822244424,0.023908380419015884,0.023908380419015884
1789134822254424,-0.001421852270141244,-0.001421852270141244
1789134822264424,0.028908271342515945,0.028908271342515945
1789134822276424,0.11150313913822174,0.11150313913822174
1789134822284424,0.046232983469963074,0.046232983469963074
1789134822290424,0.05705246329307556,0.05705246329307556
1789134822304424,0.04633156955242157,0.04633156955242157
1789134822314424,0.026067059487104416,0.026067059487104416
1789134822324424,0.06421197950839996,0.06421197950839996
1789134822336424,0.010475863702595234,0.010475863702595234
1789134822344584,0.006288880482316017,0.006288880482316017
1789134822354584,0.004569448530673981,0.004569448530673981
1789134822364584,9.545939974486828e-05,9.545939974486828e-05
1789134822374584,-0.02264377474784851,-0.02264377474784851
1789134822384584,0.004597205203026533,0.004597205203026533
1789134822396584,0.006428753957152367,0.006428753957152367
1789134822404584,-0.006234189495444298,-0.006234189495444298
1789134822414584,-0.0393151119351387,-0.0393151119351387
1789134822422584,-0.04735986515879631,-0.04735986515879631
1789134822434584,-0.04993607848882675,-0.04993607848882675
1789134822444584,-0.039367109537124634,-0.039367109537124634
1789134822456584,0.02151750959455967,0.02151750959455967
1789134822458584,-0.0023263723123818636,-0.0023263723123818636
1789134822474584,-0.011509422212839127,-0.011509422212839127
1789134822484584,-0.014312009327113628,-0.014312009327113628
1789134822492584,-0.007695636246353388,-0.007695636246353388
1789134822504584,-0.014548035338521004,-0.014548035338521004
1789134822516584,-0.03782970830798149,-0.03782970830798149
1789134822520584,-0.04826980456709862,-0.04826980456709862
1789134822532584,-0.02742358110845089,-0.02742358110845089
1789134822544584,-0.03036573715507984,-0.03036573715507984
1789134822554584,-0.03701580688357353,-0.03701580688357353
1789134822564584,-0.027455303817987442,-0.027455303817987442
1789134822576584,-0.050623875111341476,-0.050623875111341476
1789134822584584,-0.06942548602819443,-0.06942548602819443
1789134822594584,-0.07861386239528656,-0.07861386239528656
1789134822604584,-0.07871207594871521,-0.07871207594871521
1789134822614584,-0.0815165787935257,-0.0815165787935257
1789134822624584,-0.060225240886211395,-0.060225240886211395
1789134822636584,-0.0881088450551033,-0.0881088450551033
1789134822644584,-0.0897011011838913,-0.0897011011838913
1789134822652584,-0.0978131890296936,-0.0978131890296936
1789134822664584,-0.09753567725419998,-0.09753567725419998
1789134822674584,-0.0975109413266182,-0.0975109413266182
1789134822684584,-0.0979369729757309,-0.0979369729757309
1789134822696584,-0.08091353625059128,-0.08091353625059128
1789134822704584,-0.08053813129663467,-0.08053813129663467
1789134822714584,-0.05807885527610779,-0.05807885527610779
1789134822720584,-0.05077800527215004,-0.05077800527215004
1789134822732584,-0.053556930273771286,-0.053556930273771286
1789134822744584,-0.053582120686769485,-0.053582120686769485
1789134822756584,-0.05598355084657669,-0.05598355084657669
1789134822764584,-0.06509927660226822,-0.06509927660226822
1789134822774584,-0.07371153682470322,-0.07371153682470322
1789134822784584,-0.0768478512763977,-0.0768478512763977
1789134822794584,-0.08248761296272278,-0.08248761296272278
1789134822804584,-0.0738055557012558,-0.0738055557012558
1789134822816584,-0.046183791011571884,-0.046183791011571884
1789134822818584,-0.06591534614562988,-0.06591534614562988
1789134822834584,-0.037534087896347046,-0.037534087896347046
1789134822844584,-0.041306085884571075,-0.041306085884571075
1789134822852584,-0.054734908044338226,-0.054734908044338226
1789134822864584,-0.07374200224876404,-0.07374200224876404
1789134822876584,-0.06916742026805878,-0.06916742026805878
1789134822884584,-0.08502780646085739,-0.08502780646085739
1789134822894584,-0.09390604496002197,-0.09390604496002197
1789134822904584,-0.09816792607307434,-0.09816792607307434
1789134822914584,-0.10673042386770248,-0.10673042386770248
1789134822924584,-0.09402941912412643,-0.09402941912412643
1789134822936584,-0.06478611379861832,-0.06478611379861832
1789134822944584,-0.07816606760025024,-0.07816606760025024
1789134822950584,-0.05957146733999252,-0.05957146733999252
1789134822964584,-0.06410098820924759,-0.06410098820924759
1789134822974584,-0.0891646295785904,-0.0891646295785904
1789134822984584,0.028800884261727333,0.028800884261727333
1789134822996584,0.00675126351416111,0.00675126351416111
1789134823004584,-0.015500610694289207,-0.015500610694289207
1789134823014584,-0.06535438448190689,-0.06535438448190689
1789134823024584,-0.07195114344358444,-0.07195114344358444
1789134823034584,-0.08522684872150421,-0.08522684872150421
1789134823044584,-0.012994561344385147,-0.012994561344385147
1789134823056584,-0.020565997809171677,-0.020565997809171677
1789134823064584,-0.02993704378604889,-0.02993704378604889
1789134823074584,-0.04480855539441109,-0.04480855539441109
1789134823082584,-0.05409817397594452,-0.05409817397594452
1789134823094584,-0.0725477859377861,-0.0725477859377861
1789134823104584,-0.04485523700714111,-0.04485523700714111
1789134823116584,-0.027501266449689865,-0.027501266449689865
1789134823124584,-0.08257566392421722,-0.08257566392421722
1789134823132584,-0.10662215203046799,-0.10662215203046799
1789134823144584,-0.11293727159500122,-0.11293727159500122
1789134823152584,-0.09127166122198105,-0.09127166122198105
1789134823164584,-0.10064699500799179,-0.10064699500799179
1789134823176584,-0.012875106185674667,-0.012875106185674667
1789134823178584,-0.04093350097537041,-0.04093350097537041
1789134823194584,0.0010257144458591938,0.0010257144458591938
1789134823204584,-0.006419499404728413,-0.006419499404728413
1789134823214584,-0.03859805688261986,-0.03859805688261986
1789134823224584,0.0010153651237487793,0.0010153651237487793
1789134823236584,-0.005484589375555515,-0.005484589375555515
1789134823244584,-0.08071917295455933,-0.08071917295455933
1789134823254584,-0.11487936973571777,-0.11487936973571777
1789134823264584,-0.12438182532787323,-0.12438182532787323
1789134823274584,-0.14486397802829742,-0.14486397802829742
1789134823284584,-0.021563714370131493,-0.021563714370131493
1789134823296584,-0.024879848584532738,-0.024879848584532738
1789134823304584,-0.0383039191365242,-0.0383039191365242
1789134823312584,-0.01581287756562233,-0.01581287756562233
1789134823324584,-0.023198358714580536,-0.023198358714580536
1789134823332584,-0.01581677421927452,-0.01581677421927452
1789134823344746,-0.015822408720850945,-0.015822408720850945
1789134823356746,0.07797793298959732,0.07797793298959732
1789134823364746,-0.017073670402169228,-0.017073670402169228
1789134823374746,0.0016069002449512482,0.0016069002449512482
1789134823380746,0.010799065232276917,0.010799065232276917
1789134823394746,-0.034901369363069534,-0.034901369363069534
1789134823404746,-0.01936580240726471,-0.01936580240726471
1789134823416746,0.019521193578839302,0.019521193578839302
1789134823418746,-0.010082748718559742,-0.010082748718559742
1789134823434746,0.024309130385518074,0.024309130385518074
1789134823444746,0.01492035947740078,0.01492035947740078
1789134823454746,-0.028662100434303284,-0.028662100434303284
1789134823464746,0.024328777566552162,0.024328777566552162
1789134823476746,0.053456760942935944,0.053456760942935944
1789134823478746,-0.045861244201660156,-0.045861244201660156
1789134823494746,-0.09514676034450531,-0.09514676034450531
1789134823504746,-0.10739374905824661,-0.10739374905824661
1789134823512746,-0.008350061252713203,-0.008350061252713203
1789134823524746,-0.04607805237174034,-0.04607805237174034
1789134823536746,0.060941487550735474,0.060941487550735474
1789134823538746,0.0351889468729496,0.0351889468729496
1789134823554746,0.06472940742969513,0.06472940742969513
1789134823564746,0.0541420578956604,0.0541420578956604
1789134823574746,0.005864518228918314,0.005864518228918314
1789134823584746,0.06479528546333313,0.06479528546333313
1789134823596746,0.13028480112552643,0.13028480112552643
1789134823604746,0.017511414363980293,0.017511414363980293
1789134823610746,-0.02952386811375618,-0.02952386811375618
1789134823624746,-0.04468522593379021,-0.04468522593379021
1789134823634746,-0.07333644479513168,-0.07333644479513168
1789134823644746,0.055660635232925415,0.055660635232925415
1789134823656746,0.009552853181958199,0.009552853181958199
1789134823658746,-0.007278836332261562,-0.007278836332261562
1789134823674746,0.006415775045752525,0.006415775045752525
1789134823684746,-0.0019647059962153435,-0.0019647059962153435
1789134823694746,-0.0478142611682415,-0.0478142611682415
1789134823704746,0.006448762491345406,0.006448762491345406
1789134823716746,0.12829183042049408,0.12829183042049408
1789134823724746,0.09775674343109131,0.09775674343109131
1789134823732746,0.13668471574783325,0.13668471574783325
1789134823742746,0.0904824286699295,0.0904824286699295
1789134823754746,0.06935104727745056,0.06935104727745056
1789134823764746,0.1368245929479599,0.1368245929479599
1789134823776746,0.17397940158843994,0.17397940158843994
1789134823784746,0.051145751029253006,0.051145751029253006
1789134823794746,0.020753424614667892,0.020753424614667892
1789134823804746,0.011598372831940651,0.011598372831940651
1789134823812746,0.11584006994962692,0.11584006994962692
1789134823824746,0.0854213759303093,0.0854213759303093
1789134823836746,0.14112210273742676,0.14112210273742676
1789134823840746,0.07572080194950104,0.07572080194950104
1789134823850746,0.10415460914373398,0.10415460914373398
1789134823864746,0.0837215781211853,0.0837215781211853
1789134823874746,0.04388665407896042,0.04388665407896042
1789134823884746,0.10429706424474716,0.10429706424474716
1789134823896746,0.18825934827327728,0.18825934827327728
1789134823898746,0.07538201659917831,0.07538201659917831
1789134823914746,0.06844187527894974,0.06844187527894974
1789134823924746,0.059917598962783813,0.059917598962783813
1789134823932746,0.06849655508995056,0.06849655508995056
1789134823944746,0.10823152214288712,0.10823152214288712
1789134823956746,0.05974682420492172,0.05974682420492172
1789134823964746,0.030423685908317566,0.030423685908317566
1789134823972746,0.028018781915307045,0.028018781915307045
1789134823984746,0.015681248158216476,0.015681248158216476
1789134823994746,-0.009290228597819805,-0.009290228597819805
1789134824004746,0.02807176299393177,0.02807176299393177
1789134824016746,0.12819428741931915,0.12819428741931915
1789134824018746,0.05330576375126839,0.05330576375126839
1789134824034746,0.05323363468050957,0.05323363468050957
1789134824040746,0.07743999361991882,0.07743999361991882
1789134824054746,0.04263566806912422,0.04263566806912422
1789134824064746,0.06468180567026138,0.06468180567026138
1789134824076746,0.0262348223477602,0.0262348223477602
1789134824084746,0.0018512543756514788,0.0018512543756514788
1789134824094746,-0.023716745898127556,-0.023716745898127556
1789134824104746,-0.031528033316135406,-0.031528033316135406
1789134824114746,-0.04810278117656708,-0.04810278117656708
1789134824124746,-0.023708341643214226,-0.023708341643214226
1789134824136746,0.11697413772344589,0.11697413772344589
1789134824138746,0.08699161559343338,0.08699161559343338
1789134824154746,0.13067801296710968,0.13067801296710968
1789134824164746,0.12302135676145554,0.12302135676145554
1789134824172746,0.11991191655397415,0.11991191655397415
1789134824184746,0.0790153443813324,0.0790153443813324
1789134824196746,0.10149747878313065,0.10149747878313065
1789134824204746,0.06627336144447327,0.06627336144447327
1789134824214746,0.10286567360162735,0.10286567360162735
1789134824224746,0.09084576368331909,0.09084576368331909
1789134824234746,0.06666959822177887,0.06666959822177887
1789134824244746,0.10299868881702423,0.10299868881702423
1789134824256746,0.1711675226688385,0.1711675226688385
1789134824264746,0.0986555814743042,0.0986555814743042
1789134824270746,0.05742978677153587,0.05742978677153587
1789134824284746,0.052341528236866,0.052341528236866
1789134824294746,0.025740547105669975,0.025740547105669975
1789134824304746,0.13255701959133148,0.13255701959133148
1789134824316746,0.11487507820129395,0.11487507820129395
1789134824324746,0.09079378098249435,0.09079378098249435
1789134824332746,0.050541527569293976,0.050541527569293976
1789134824344906,0.04331537336111069,0.04331537336111069
1789134824354906,0.0298782866448164,0.0298782866448164
1789134824364906,0.05060361325740814,0.05060361325740814
1789134824376906,0.07979998737573624,0.07979998737573624
1789134824384906,0.040026307106018066,0.040026307106018066
1789134824394906,0.08423087745904922,0.08423087745904922
1789134824402906,0.0762476697564125,0.0762476697564125
1789134824414906,0.06113811954855919,0.06113811954855919
1789134824424906,0.084318146109581,0.084318146109581
1789134824436906,0.11817596107721329,0.11817596107721329
1789134824444906,0.0697581022977829,0.0697581022977829
1789134824454906,0.06490934640169144,0.06490934640169144
1789134824464906,0.057500988245010376,0.057500988245010376
1789134824472906,0.06846372783184052,0.06846372783184052
1789134824484906,0.05774179473519325,0.05774179473519325
1789134824496906,0.11132556945085526,0.11132556945085526
1789134824498906,0.089259073138237,0.089259073138237
1789134824514906,0.07827430218458176,0.07827430218458176
1789134824524906,0.07493476569652557,0.07493476569652557
1789134824532906,0.07833077758550644,0.07833077758550644
1789134824544906,0.07837099581956863,0.07837099581956863
1789134824556906,0.09008845686912537,0.09008845686912537
1789134824564906,0.05462496355175972,0.05462496355175972
1789134824574906,0.05319342762231827,0.05319342762231827
1789134824584906,0.04778877645730972,0.04778877645730972
1789134824594906,0.03699314221739769,0.03699314221739769
1789134824604906,0.0772884264588356,0.0772884264588356
1789134824616906,0.06389964371919632,0.06389964371919632
1789134824618906,0.059040702879428864,0.059040702879428864
1789134824632906,0.058607712388038635,0.058607712388038635
1789134824644906,0.056358881294727325,0.056358881294727325
1789134824654906,0.046374350786209106,0.046374350786209106
1789134824664906,0.0587024912238121,0.0587024912238121
1789134824676906,0.1079675480723381,0.1079675480723381
1789134824684906,0.08251816779375076,0.08251816779375076
1789134824694906,0.04914999380707741,0.04914999380707741
1789134824700906,0.04579690843820572,0.04579690843820572
1789134824714906,0.038873862475156784,0.038873862475156784
1789134824724906,0.04076943174004555,0.04076943174004555
1789134824736906,0.019545450806617737,0.019545450806617737
1789134824738906,0.018588844686746597,0.018588844686746597
1789134824754906,0.0007669298211112618,0.0007669298211112618
1789134824764906,0.0014878477668389678,0.0014878477668389678
1789134824774906,0.003232234623283148,0.003232234623283148
1789134824784906,0.000790907652117312,0.000790907652117312
1789134824796906,0.022292358800768852,0.022292358800768852
1789134824798906,0.02345244772732258,0.02345244772732258
1789134824814906,0.037927135825157166,0.037927135825157166
1789134824824906,0.03751450777053833,0.03751450777053833
1789134824832906,0.016935912892222404,0.016935912892222404
1789134824844906,0.0171960536390543,0.0171960536390543
1789134824856906,0.0487518347799778,0.0487518347799778
1789134824864906,0.0496075376868248,0.0496075376868248
1789134824874906,0.05310431867837906,0.05310431867837906
1789134824884906,0.053043439984321594,0.053043439984321594
1789134824894906,0.054860591888427734,0.054860591888427734
1789134824904906,0.053162410855293274,0.053162410855293274
1789134824916906,0.02617037110030651,0.02617037110030651
1789134824924906,0.03153596445918083,0.03153596445918083
1789134824930906,0.025649068877100945,0.025649068877100945
1789134824944906,0.026596399024128914,0.026596399024128914
1789134824954906,0.02800542116165161,0.02800542116165161
1789134824964906,0.029349112883210182,0.029349112883210182
1789134824976906,0.02958063967525959,0.02958063967525959
1789134824978906,0.031177207827568054,0.031177207827568054
1789134824994906,0.00522373802959919,0.00522373802959919
1789134825004906,0.006534542888402939,0.006534542888402939
1789134825014906,0.013620625250041485,0.013620625250041485
1789134825024906,0.0052399239502847195,0.0052399239502847195
1789134825036906,0.006453138776123524,0.006453138776123524
1789134825042906,0.0225211251527071,0.0225211251527071
1789134825054906,0.03559336066246033,0.03559336066246033
1789134825062906,0.04104643315076828,0.04104643315076828
1789134825074906,0.04432263597846031,0.04432263597846031
1789134825084906,0.03562171384692192,0.03562171384692192
1789134825096906,-0.02780453860759735,-0.02780453860759735
1789134825098906,-0.0076566641218960285,-0.0076566641218960285
1789134825114906,-0.009880062192678452,-0.009880062192678452
1789134825124906,-0.007294328883290291,-0.007294328883290291
1789134825132906,0.01797916367650032,0.01797916367650032
1789134825144906,0.024202222004532814,0.024202222004532814
1789134825156906,-0.009976701810956001,-0.009976701810956001
1789134825160906,-0.0002634223201312125,-0.0002634223201312125
1789134825174906,0.006443788763135672,0.006443788763135672
1789134825184906,0.009384293109178543,0.009384293109178543
1789134825194906,0.015205752104520798,0.015205752104520798
1789134825204906,0.006457456387579441,0.006457456387579441
1789134825216906,-0.03142993152141571,-0.03142993152141571
1789134825218906,-0.010998561978340149,-0.010998561978340149
1789134825234906,-0.021788083016872406,-0.021788083016872406
1789134825244906,-0.019860217347741127,-0.019860217347741127
1789134825254906,-0.007110953330993652,-0.007110953330993652
1789134825264906,-0.025597460567951202,-0.025597460567951202
1789134825276906,-0.020714499056339264,-0.020714499056339264
1789134825284906,-0.011899666860699654,-0.011899666860699654
1789134825292906,0.01001688651740551,0.01001688651740551
1789134825304906,0.013863377273082733,0.013863377273082733
1789134825314906,0.021462351083755493,0.021462351083755493
1789134825324906,0.01001956220716238,0.01001956220716238
1789134825336906,-0.036138806492090225,-0.036138806492090225
1789134825344906,-0.023065682500600815,-0.023065682500600815
1789134825355066,-0.02782484143972397,-0.02782484143972397
1789134825365066,-0.026068786159157753,-0.026068786159157753
1789134825375066,-0.01821809820830822,-0.01821809820830822
1789134825385066,-0.027837149798870087,-0.027837149798870087
1789134825397066,0.04171038419008255,0.04171038419008255
1789134825405066,0.04846961051225662,0.04846961051225662
1789134825415066,0.0577813945710659,0.0577813945710659
1789134825425066,0.05908377096056938,0.05908377096056938
1789134825435066,0.0632258877158165,0.0632258877158165
1789134825445066,0.05782599747180939,0.05782599747180939
1789134825457066,-0.021403824910521507,-0.021403824910521507
1789134825459066,-0.0060499440878629684,-0.0060499440878629684
1789134825475066,-0.003377458080649376,-0.003377458080649376
1789134825485066,-0.0014085512375459075,-0.0014085512375459075
1789134825493066,-0.007685663644224405,-0.007685663644224405
1789134825505066,0.0037197524216026068,0.0037197524216026068
1789134825517066,-0.008307059295475483,-0.008307059295475483
1789134825525066,0.00156169303227216,0.00156169303227216
1789134825533066,-0.011477965861558914,-0.011477965861558914
1789134825545066,-0.008231358602643013,-0.008231358602643013
1789134825555066,-0.0013819055166095495,-0.0013819055166095495
1789134825565066,-0.01148228906095028,-0.01148228906095028
1789134825577066,0.007317067123949528,0.007317067123949528
1789134825579066,0.02461591549217701,0.02461591549217701
1789134825591066,0.02148360200226307,0.02148360200226307
1789134825605066,0.0226381104439497,0.0226381104439497
1789134825615066,0.028606567531824112,0.028606567531824112
1789134825625066,-0.007507839240133762,-0.007507839240133762
1789134825637066,0.007947051897644997,0.007947051897644997
1789134825645066,0.014628365635871887,0.014628365635871887
1789134825655066,0.03329255059361458,0.03329255059361458
1789134825665066,0.03598696365952492,0.03598696365952492
1789134825675066,0.04129749909043312,0.04129749909043312
1789134825685066,0.03332319110631943,0.03332319110631943
1789134825697066,0.0519150011241436,0.0519150011241436
1789134825705066,0.06354017555713654,0.06354017555713654
1789134825715066,0.05814238265156746,0.05814238265156746
1789134825723066,0.05776548013091087,0.05776548013091087
1789134825733066,0.05819074809551239,0.05819074809551239
1789134825745066,0.058220282196998596,0.058220282196998596
1789134825757066,0.047240521758794785,0.047240521758794785
1789134825765066,0.047016460448503494,0.047016460448503494
1789134825775066,0.033898673951625824,0.033898673951625824
1789134825785066,0.0361119844019413,0.0361119844019413
1789134825793066,0.022041017189621925,0.022041017189621925
1789134825805066,0.025342073291540146,0.025342073291540146
1789134825817066,0.03501756489276886,0.03501756489276886
1789134825819066,0.043140213936567307,0.043140213936567307
1789134825835066,0.039905697107315063,0.039905697107315063
1789134825845066,0.04101511836051941,0.04101511836051941
1789134825853066,0.034934911876916885,0.034934911876916885
1789134825865066,0.04322070628404617,0.04322070628404617
1789134825877066,0.027200423181056976,0.027200423181056976
1789134825885066,0.03545306995511055,0.03545306995511055
1789134825895066,0.01209921296685934,0.01209921296685934
1789134825905066,0.01590409129858017,0.01590409129858017
1789134825915066,0.0247980747371912,0.0247980747371912
1789134825925066,-0.050817426294088364,-0.050817426294088364
1789134825937066,-0.03309914469718933,-0.03309914469718933
1789134825939066,-0.02844238094985485,-0.02844238094985485
1789134825953066,-0.030194690451025963,-0.030194690451025963
1789134825965066,-0.02582324668765068,-0.02582324668765068
1789134825975066,-0.0029195244424045086,-0.0029195244424045086
1789134825985066,-0.030245432630181313,-0.030245432630181313
1789134825997066,-0.10530168563127518,-0.10530168563127518
1789134826005066,-0.05023842677474022,-0.05023842677474022
1789134826015066,-0.06828135997056961,-0.06828135997056961
1789134826021066,-0.07477706670761108,-0.07477706670761108
1789134826035066,-0.04349347576498985,-0.04349347576498985
1789134826045066,-0.0004916103789582849,-0.0004916103789582849
1789134826057066,0.00011662632459774613,0.00011662632459774613
1789134826059066,0.0029028693679720163,0.0029028693679720163
1789134826075066,-0.04917118698358536,-0.04917118698358536
1789134826085066,-0.04405597224831581,-0.04405597224831581
1789134826095066,-0.02286911942064762,-0.02286911942064762
1789134826105066,-0.049217935651540756,-0.049217935651540756
1789134826117066,-0.09278324246406555,-0.09278324246406555
1789134826119066,-0.044800765812397,-0.044800765812397
1789134826133066,0.013842504471540451,0.013842504471540451
1789134826145066,0.019964534789323807,0.019964534789323807
1789134826153066,-0.04725727066397667,-0.04725727066397667
1789134826165066,-0.028567230328917503,-0.028567230328917503
1789134826177066,-0.07023517042398453,-0.07023517042398453
1789134826179066,-0.04773559048771858,-0.04773559048771858
1789134826195066,-0.06104761362075806,-0.06104761362075806
1789134826205066,-0.0566975399851799,-0.0566975399851799
1789134826215066,-0.035131070762872696,-0.035131070762872696
1789134826225066,-0.06111723557114601,-0.06111723557114601
1789134826237066,-0.10472539812326431,-0.10472539812326431
1789134826245066,-0.05439683049917221,-0.05439683049917221
1789134826251066,-0.05140150710940361,-0.05140150710940361
1789134826265066,-0.044296734035015106,-0.044296734035015106
1789134826275066,-0.03049769438803196,-0.03049769438803196
1789134826285066,-0.07580012083053589,-0.07580012083053589
1789134826297066,-0.05186299607157707,-0.05186299607157707
1789134826299066,-0.045299313962459564,-0.045299313962459564
1789134826315066,-0.022763684391975403,-0.022763684391975403
1789134826325066,-0.020108206197619438,-0.020108206197619438
1789134826333066,-0.022781990468502045,-0.022781990468502045
1789134826345066,-0.022792767733335495,-0.022792767733335495
1789134826357066,-0.06831749528646469,-0.06831749528646469
1789134826365225,-0.038610320538282394,-0.038610320538282394
1789134826375225,-0.02874511107802391,-0.02874511107802391
1789134826383225,-0.021364949643611908,-0.021364949643611908
1789134826395225,-0.01831754669547081,-0.01831754669547081
1789134826405225,-0.028777899220585823,-0.028777899220585823
1789134826417225,-0.05764348432421684,-0.05764348432421684
1789134826419225,-0.03544236347079277,-0.03544236347079277
1789134826435225,-0.03849874064326286,-0.03849874064326286
1789134826445225,-0.0368964821100235,-0.0368964821100235
1789134826453225,-0.0004930380964651704,-0.0004930380964651704
1789134826465225,0.0011688071535900235,0.0011688071535900235
1789134826477225,-0.027230605483055115,-0.027230605483055115
1789134826481225,-0.023496141657233238,-0.023496141657233238
1789134826495225,-0.007320389151573181,-0.007320389151573181
1789134826505225,-0.004667543340474367,-0.004667543340474367
1789134826515225,0.0017333480063825846,0.0017333480063825846
1789134826525225,-0.007352008949965239,-0.007352008949965239
1789134826537225,-0.04708109423518181,-0.04708109423518181
1789134826539225,-0.03873249515891075,-0.03873249515891075
1789134826555225,-0.026437459513545036,-0.026437459513545036
1789134826565225,-0.024821730330586433,-0.024821730330586433
1789134826575225,-0.021694906055927277,-0.021694906055927277
1789134826585225,0.00998309813439846,0.00998309813439846
1789134826597225,-0.014951957389712334,-0.014951957389712334
1789134826605225,-0.015129570849239826,-0.015129570849239826
1789134826613225,-0.0025077187456190586,-0.0025077187456190586
1789134826625225,-0.0024127517826855183,-0.0024127517826855183
1789134826635225,-0.003730401396751404,-0.003730401396751404
1789134826645225,-0.0024855975061655045,-0.0024855975061655045
1789134826657225,0.018524760380387306,0.018524760380387306
1789134826665225,0.016145555302500725,0.016145555302500725
1789134826675225,-0.017125429585576057,-0.017125429585576057
1789134826685225,-0.015578041784465313,-0.015578041784465313
1789134826695225,-0.0067353337071835995,-0.0067353337071835995
1789134826705225,-0.01715734787285328,-0.01715734787285328
1789134826717225,-0.05612064525485039,-0.05612064525485039
1789134826725225,-0.04441601783037186,-0.04441601783037186
1789134826733225,-0.04905613139271736,-0.04905613139271736
1789134826745225,-0.045777831226587296,-0.045777831226587296
1789134826755225,-0.04461831599473953,-0.04461831599473953
1789134826765225,-0.04910464212298393,-0.04910464212298393
1789134826777225,-0.03709565848112106,-0.03709565848112106
1789134826779225,-0.020455578342080116,-0.020455578342080116
1789134826795225,0.02333165891468525,0.02333165891468525
1789134826805225,0.02310365065932274,0.02310365065932274
1789134826813225,-0.024953627958893776,-0.024953627958893776
1789134826825225,-0.023981405422091484,-0.023981405422091484
1789134826837225,0.00034886703360825777,0.00034886703360825777
1789134826845225,0.004612747114151716,0.004612747114151716
1789134826851225,-0.006190421525388956,-0.006190421525388956
1789134826865225,-0.005312195047736168,-0.005312195047736168
1789134826875225,-0.0021490741055458784,-0.0021490741055458784
1789134826885225,-0.006213993299752474,-0.006213993299752474
1789134826897225,-0.013768560253083706,-0.013768560253083706
1789134826905225,-0.007015593815594912,-0.007015593815594912
1789134826911225,-0.003822826547548175,-0.003822826547548175
1789134826925225,-0.003678486682474613,-0.003678486682474613
1789134826933225,-0.0038247378543019295,-0.0038247378543019295
1789134826945225,0.06395081430673599,0.06395081430673599
1789134826957225,0.013676535338163376,0.013676535338163376
1789134826965225,0.008467414416372776,0.008467414416372776
1789134826975225,-0.012141279876232147,-0.012141279876232147
1789134826985225,-0.012937593273818493,-0.012937593273818493
1789134826995225,-0.01553795114159584,-0.01553795114159584
1789134827005225,-0.012121333740651608,-0.012121333740651608
1789134827017225,0.0993596613407135,0.0993596613407135
1789134827025225,0.08305945247411728,0.08305945247411728
1789134827035225,0.10003948956727982,0.10003948956727982
1789134827043225,0.09372654557228088,0.09372654557228088
1789134827055225,0.08605656772851944,0.08605656772851944
1789134827065225,0.10014092922210693,0.10014092922210693
1789134827077225,0.0008698982419446111,0.0008698982419446111
1789134827085225,-0.015233812853693962,-0.015233812853693962
1789134827095225,-0.03556196391582489,-0.03556196391582489
1789134827105225,-0.0344880186021328,-0.0344880186021328
1789134827113225,0.04862362518906593,0.04862362518906593
1789134827125225,0.0487113855779171,0.0487113855779171
1789134827137225,0.06577791273593903,0.06577791273593903
1789134827139225,0.06074901670217514,0.06074901670217514
1789134827155225,0.021616432815790176,0.021616432815790176
1789134827165225,0.022152701392769814,0.022152701392769814
1789134827175225,0.023545362055301666,0.023545362055301666
1789134827185225,0.021642958745360374,0.021642958745360374
1789134827197225,0.015369284898042679,0.015369284898042679
1789134827205225,0.019727172330021858,0.019727172330021858
1789134827215225,0.015285580419003963,0.015285580419003963
1789134827225225,0.015959342941641808,0.015959342941641808
1789134827235225,0.01779787614941597,0.01779787614941597
1789134827245225,0.03184010460972786,0.03184010460972786
1789134827257225,0.02989535592496395,0.02989535592496395
1789134827259225,0.03054940141737461,0.03054940141737461
1789134827273225,0.045841120183467865,0.045841120183467865
1789134827285225,0.047065891325473785,0.047065891325473785
1789134827295225,0.058489274233579636,0.058489274233579636
1789134827305225,0.04583831876516342,0.04583831876516342
1789134827317225,-0.11332934349775314,-0.11332934349775314
1789134827325225,-0.07810286432504654,-0.07810286432504654
1789134827333225,-0.06143292784690857,-0.06143292784690857
1789134827341225,-0.058613914996385574,-0.058613914996385574
1789134827355225,-0.036522600799798965,-0.036522600799798965
1789134827365385,-0.04272940382361412,-0.04272940382361412
1789134827375385,0.009947956539690495,0.009947956539690495
1789134827379385,0.02486260049045086,0.02486260049045086
1789134827395385,0.06515118479728699,0.06515118479728699
1789134827405385,0.06526216119527817,0.06526216119527817
1789134827415385,0.06803983449935913,0.06803983449935913
1789134827425385,0.06520848721265793,0.06520848721265793
1789134827435385,-0.006798024754971266,-0.006798024754971266
1789134827439385,-0.0037794169038534164,-0.0037794169038534164
1789134827455385,0.0021100081503391266,0.0021100081503391266
1789134827465385,0.005733206868171692,0.005733206868171692
1789134827473385,-0.04871809482574463,-0.04871809482574463
1789134827485385,-0.03704766556620598,-0.03704766556620598
1789134827497385,-0.07329190522432327,-0.07329190522432327
1789134827499385,-0.05449336767196655,-0.05449336767196655
1789134827515385,-0.061611611396074295,-0.061611611396074295
1789134827525385,-0.058317188173532486,-0.058317188173532486
1789134827533385,-0.0616568922996521,-0.0616568922996521
1789134827545385,-0.06168709322810173,-0.06168709322810173
1789134827557385,-0.08372282236814499,-0.08372282236814499
1789134827565385,-0.04459252953529358,-0.04459252953529358
1789134827571385,-0.03316342830657959,-0.03316342830657959
1789134827585385,-0.02742006629705429,-0.02742006629705429
1789134827595385,-0.0138200419023633,-0.0138200419023633
1789134827605385,-0.14760179817676544,-0.14760179817676544
1789134827617385,-0.10701088607311249,-0.10701088607311249
1789134827625385,-0.0966033935546875,-0.0966033935546875
1789134827635385,-0.03401823341846466,-0.03401823341846466
1789134827645385,-0.03126706928014755,-0.03126706928014755
1789134827655385,-0.02058931067585945,-0.02058931067585945
1789134827665385,-0.034066520631313324,-0.034066520631313324
1789134827677385,-0.061970800161361694,-0.061970800161361694
1789134827685385,-0.03493786230683327,-0.03493786230683327
1789134827695385,-0.06931387633085251,-0.06931387633085251
1789134827703385,-0.05825036019086838,-0.05825036019086838
1789134827715385,-0.05362619459629059,-0.05362619459629059
1789134827725385,-0.06938967853784561,-0.06938967853784561
1789134827737385,-0.10732193291187286,-0.10732193291187286
1789134827739385,-0.09099944680929184,-0.09099944680929184
1789134827755385,-0.11109711229801178,-0.11109711229801178
1789134827765385,-0.10840615630149841,-0.10840615630149841
1789134827773385,-0.07081977277994156,-0.07081977277994156
1789134827785385,-0.0641535148024559,-0.0641535148024559
1789134827797385,-0.043292537331581116,-0.043292537331581116
1789134827801385,-0.03896605968475342,-0.03896605968475342
1789134827815385,-0.04578576982021332,-0.04578576982021332
1789134827825385,-0.04601321369409561,-0.04601321369409561
1789134827835385,-0.04710768163204193,-0.04710768163204193
1789134827845385,-0.04582618921995163,-0.04582618921995163
1789134827857385,0.01377128716558218,0.01377128716558218
1789134827859385,0.0072114234790205956,0.0072114234790205956
1789134827875385,-0.018103284761309624,-0.018103284761309624
1789134827885385,-0.01957775093615055,-0.01957775093615055
1789134827895385,-0.02454882301390171,-0.02454882301390171
1789134827905385,-0.0025684982538223267,-0.0025684982538223267
1789134827917385,-0.007561979815363884,-0.007561979815363884
1789134827925385,-0.014822566881775856,-0.014822566881775856
1789134827933385,-0.030031250789761543,-0.030031250789761543
1789134827945385,-0.03281805291771889,-0.03281805291771889
1789134827955385,-0.038590919226408005,-0.038590919226408005
1789134827965385,-0.030063334852457047,-0.030063334852457047
1789134827977385,0.05280830338597298,0.05280830338597298
1789134827979385,0.030434932559728622,0.030434932559728622
1789134827995385,0.026859458535909653,0.026859458535909653
1789134828005385,0.02345149591565132,0.02345149591565132
1789134828015385,0.011496421881020069,0.011496421881020069
1789134828025385,0.02687927335500717,0.02687927335500717
1789134828037385,-0.021497836336493492,-0.021497836336493492
1789134828043385,-0.0334954671561718,-0.0334954671561718
1789134828055385,-0.06027496978640556,-0.06027496978640556
1789134828065385,-0.06258439272642136,-0.06258439272642136
1789134828075385,-0.06874639540910721,-0.06874639540910721
1789134828085385,-0.06032264605164528,-0.06032264605164528
1789134828097385,0.022139547392725945,0.022139547392725945
1789134828099385,-0.0006204155506566167,-0.0006204155506566167
1789134828115385,0.009842690080404282,0.009842690080404282
1789134828125385,0.006834086962044239,0.006834086962044239
1789134828133385,0.0062950970605015755,0.0062950970605015755
1789134828145385,-0.00843825563788414,-0.00843825563788414
1789134828157385,-0.014874129556119442,-0.014874129556119442
1789134828165385,-0.027265068143606186,-0.027265068143606186
1789134828175385,-0.028499403968453407,-0.028499403968453407
1789134828185385,-0.03292828053236008,-0.03292828053236008
1789134828195385,-0.0415351428091526,-0.0415351428091526
1789134828205385,-0.02852826938033104,-0.02852826938033104
1789134828217385,0.04025326296687126,0.04025326296687126
1789134828225385,0.010929815471172333,0.010929815471172333
1789134828231385,0.0224029291421175,0.0224029291421175
1789134828245385,0.019381502643227577,0.019381502643227577
1789134828255385,0.016146782785654068,0.016146782785654068
1789134828265385,-0.09660414606332779,-0.09660414606332779
1789134828277385,-0.0524890273809433,-0.0524890273809433
1789134828285385,-0.05333762615919113,-0.05333762615919113
1789134828295385,-0.026503415778279305,-0.026503415778279305
1789134828305385,-0.030972391366958618,-0.030972391366958618
1789134828315385,-0.034063685685396194,-0.034063685685396194
1789134828325385,-0.02652103081345558,-0.02652103081345558
1789134828337385,0.028975555673241615,0.028975555673241615
1789134828345385,0.012209889478981495,0.012209889478981495
1789134828355385,0.0088619664311409,0.0088619664311409
1789134828363545,0.0028446107171475887,0.0028446107171475887
1789134828375545,-0.004999074153602123,-0.004999074153602123
1789134828385545,0.008851977065205574,0.008851977065205574
1789134828397545,-0.011007405817508698,-0.011007405817508698
1789134828405545,-0.035660699009895325,-0.035660699009895325
1789134828415545,-0.06111123785376549,-0.06111123785376549
1789134828425545,-0.06557925790548325,-0.06557925790548325
1789134828433545,-0.023236064240336418,-0.023236064240336418
1789134828445545,-0.03022846020758152,-0.03022846020758152
1789134828457545,0.026841334998607635,0.026841334998607635
1789134828461545,0.007892167195677757,0.007892167195677757
1789134828475545,0.020182352513074875,0.020182352513074875
1789134828485545,0.016089171171188354,0.016089171171188354
1789134828495545,-0.0021412454079836607,-0.0021412454079836607
1789134828505545,-0.008875767700374126,-0.008875767700374126
1789134828517545,0.06291676312685013,0.06291676312685013
1789134828525545,0.01778077706694603,0.01778077706694603
1789134828533545,0.02403351292014122,0.02403351292014122
1789134828545545,0.016391437500715256,0.016391437500715256
1789134828555545,0.0013114672619849443,0.0013114672619849443
1789134828565545,0.02580329403281212,0.02580329403281212
1789134828577545,0.007914891466498375,0.007914891466498375
1789134828585545,0.00027308869175612926,0.00027308869175612926
1789134828593545,0.0069016357883811,0.0069016357883811
1789134828605545,0.00305345025844872,0.00305345025844872
1789134828615545,-0.015260427258908749,-0.015260427258908749
1789134828625545,0.0069099292159080505,0.0069099292159080505
1789134828637545,0.05786234140396118,0.05786234140396118
1789134828645545,0.012397009879350662,0.012397009879350662
1789134828655545,0.014985926449298859,0.014985926449298859
1789134828661545,0.017160525545477867,0.017160525545477867
1789134828675545,-0.006879000924527645,-0.006879000924527645
1789134828685545,0.0012095333077013493,0.0012095333077013493
1789134828697545,0.04602479189634323,0.04602479189634323
1789134828705545,0.027695544064044952,0.027695544064044952
1789134828715545,0.016635676845908165,0.016635676845908165
1789134828725545,0.012935010716319084,0.012935010716319084
1789134828733545,0.016644684597849846,0.016644684597849846
1789134828745545,0.01665414310991764,0.01665414310991764
1789134828757545,0.08203499764204025,0.08203499764204025
1789134828759545,0.03332925960421562,0.03332925960421562
1789134828775545,0.03302185237407684,0.03302185237407684
1789134828785545,0.023816388100385666,0.023816388100385666
1789134828791545,0.012993157841265202,0.012993157841265202
1789134828805545,0.004173918627202511,0.004173918627202511
1789134828817545,0.03816975653171539,0.03816975653171539
1789134828819545,0.01304017286747694,0.01304017286747694
1789134828835545,0.010114094242453575,0.010114094242453575
1789134828845545,0.006303105503320694,0.006303105503320694
1789134828853545,0.05027902126312256,0.05027902126312256
1789134828865545,0.026401344686746597,0.026401344686746597
1789134828877545,0.06417129188776016,0.06417129188776016
1789134828885545,0.03650275245308876,0.03650275245308876
1789134828891545,0.06292884051799774,0.06292884051799774
1789134828905545,0.05210074782371521,0.05210074782371521
1789134828915545,0.030367856845259666,0.030367856845259666
1789134828925545,0.1252136379480362,0.1252136379480362
1789134828935545,0.09045703709125519,0.09045703709125519
1789134828947545,0.03272562101483345,0.03272562101483345
1789134828955545,0.02803814224898815,0.02803814224898815
1789134828965545,0.023698125034570694,0.023698125034570694
1789134828975545,0.0038770537357777357,0.0038770537357777357
1789134828985545,0.02807786874473095,0.02807786874473095
1789134828997545,0.035039521753787994,0.035039521753787994
1789134829005545,0.022899320349097252,0.022899320349097252
1789134829015545,0.021026697009801865,0.021026697009801865
1789134829023545,0.004376640543341637,0.004376640543341637
1789134829035545,-0.003434539772570133,-0.003434539772570133
1789134829045545,0.10553593933582306,0.10553593933582306
1789134829055545,0.05800921097397804,0.05800921097397804
1789134829059545,0.05619741976261139,0.05619741976261139
1789134829075545,0.000910838833078742,0.000910838833078742
1789134829085545,-0.0015044789761304855,-0.0015044789761304855
1789134829093545,0.03932635486125946,0.03932635486125946
1789134829105545,0.032090067863464355,0.032090067863464355
1789134829117545,0.04303229600191116,0.04303229600191116
1789134829121545,0.023441659286618233,0.023441659286618233
1789134829133545,0.030205748975276947,0.030205748975276947
1789134829145545,0.024215295910835266,0.024215295910835266
1789134829155545,0.02125409059226513,0.02125409059226513
1789134829165545,0.030247153714299202,0.030247153714299202
1789134829177545,0.06746010482311249,0.06746010482311249
1789134829185545,0.02904626354575157,0.02904626354575157
1789134829195545,0.03560097888112068,0.03560097888112068
1789134829205545,0.03289403021335602,0.03289403021335602
1789134829215545,0.019830793142318726,0.019830793142318726
1789134829225545,0.038235343992710114,0.038235343992710114
1789134829237545,0.03722817823290825,0.03722817823290825
1789134829245545,0.025781208649277687,0.025781208649277687
1789134829253545,0.003110273042693734,0.003110273042693734
1789134829265545,-0.000957931624725461,-0.000957931624725461
1789134829275545,-0.002591128461062908,-0.002591128461062908
1789134829285545,0.003122735070064664,0.003122735070064664
1789134829297545,0.08122541755437851,0.08122541755437851
1789134829299545,0.055450331419706345,0.055450331419706345
1789134829315545,0.08067463338375092,0.08067463338375092
1789134829321545,0.06187751516699791,0.06187751516699791
1789134829333545,0.054938968271017075,0.054938968271017075
1789134829345545,0.054967183619737625,0.054967183619737625
1789134829357545,0.02266083098948002,0.02266083098948002
1789134829365545,0.017351150512695312,0.017351150512695312
1789134829375704,-0.014364783652126789,-0.014364783652126789
1789134829385704,-0.01562439277768135,-0.01562439277768135
1789134829395704,-0.021049275994300842,-0.021049275994300842
1789134829405704,-0.014357240870594978,-0.014357240870594978
1789134829417704,0.04946983978152275,0.04946983978152275
1789134829419704,0.033916160464286804,0.033916160464286804
1789134829435704,0.07916641235351562,0.07916641235351562
1789134829445704,0.07567314803600311,0.07567314803600311
1789134829453704,0.09937803447246552,0.09937803447246552
1789134829465704,0.0784701257944107,0.0784701257944107
1789134829477704,0.060755401849746704,0.060755401849746704
1789134829485704,0.050490740686655045,0.050490740686655045
1789134829495704,0.0917111188173294,0.0917111188173294
1789134829505704,0.08735416829586029,0.08735416829586029
1789134829515704,0.07878981530666351,0.07878981530666351
1789134829525704,0.09181320667266846,0.09181320667266846
1789134829537704,0.043271418660879135,0.043271418660879135
1789134829539704,0.03295719996094704,0.03295719996094704
1789134829551704,0.0575832724571228,0.0575832724571228
1789134829565704,0.056686148047447205,0.056686148047447205
1789134829575704,0.05401568487286568,0.05401568487286568
1789134829585704,0.031135613098740578,0.031135613098740578
1789134829597704,0.062073882669210434,0.062073882669210434
1789134829605704,0.06073647364974022,0.06073647364974022
1789134829615704,0.08454380929470062,0.08454380929470062
1789134829625704,0.08290424197912216,0.08290424197912216
1789134829635704,0.08076240122318268,0.08076240122318268
1789134829645704,0.08463475853204727,0.08463475853204727
1789134829657704,0.03295549377799034,0.03295549377799034
1789134829665704,0.028425857424736023,0.028425857424736023
1789134829675704,0.01585431955754757,0.01585431955754757
1789134829683704,0.019424209371209145,0.019424209371209145
1789134829695704,0.025625772774219513,0.025625772774219513
1789134829705704,0.01586851291358471,0.01586851291358471
1789134829717704,-0.02405429445207119,-0.02405429445207119
1789134829725704,-0.004641348030418158,-0.004641348030418158
1789134829733704,0.024553023278713226,0.024553023278713226
1789134829745704,0.027819212526082993,0.027819212526082993
1789134829753704,0.028414025902748108,0.028414025902748108
1789134829765704,0.0327354371547699,0.0327354371547699
1789134829777704,0.026525873690843582,0.026525873690843582
1789134829779704,0.03668058663606644,0.03668058663606644
1789134829795704,0.01254727691411972,0.01254727691411972
1789134829805704,0.015578887425363064,0.015578887425363064
1789134829815704,0.030843742191791534,0.030843742191791534
1789134829825704,0.01255638338625431,0.01255638338625431
1789134829837704,-0.01800699345767498,-0.01800699345767498
1789134829845704,0.017914891242980957,0.017914891242980957
1789134829851704,0.016755040735006332,0.016755040735006332
1789134829865704,0.02153785713016987,0.02153785713016987
1789134829875704,0.030660826712846756,0.030660826712846756
1789134829885704,-0.0085601219907403,-0.0085601219907403
1789134829897704,-0.004224160686135292,-0.004224160686135292
1789134829899704,0.0015902661252766848,0.0015902661252766848
1789134829913704,-0.02035297267138958,-0.02035297267138958
1789134829925704,-0.016728872433304787,-0.016728872433304787
1789134829933704,-0.02037222869694233,-0.02037222869694233
1789134829945704,-0.02038211189210415,-0.02038211189210415
1789134829957704,-0.12656918168067932,-0.12656918168067932
1789134829965704,-0.0672631487250328,-0.0672631487250328
1789134829975704,-0.0726480782032013,-0.0726480782032013
1789134829985704,-0.06239061802625656,-0.06239061802625656
1789134829995704,-0.04285162687301636,-0.04285162687301636
1789134830005704,-0.07272174954414368,-0.07272174954414368
1789134830017704,-0.07309532910585403,-0.07309532910585403
1789134830019704,-0.04445011168718338,-0.04445011168718338
1789134830035704,-0.0253743976354599,-0.0253743976354599
1789134830043704,-0.017126742750406265,-0.017126742750406265
1789134830055704,0.0002866213908419013,0.0002866213908419013
1789134830065704,-0.02542746625840664,-0.02542746625840664
1789134830077704,-0.11743853241205215,-0.11743853241205215
1789134830079704,-0.06275088340044022,-0.06275088340044022
1789134830095704,-0.03167710825800896,-0.03167710825800896
1789134830105704,-0.024769846349954605,-0.024769846349954605
1789134830113704,-0.041101258248090744,-0.041101258248090744
1789134830125704,-0.021886862814426422,-0.021886862814426422
1789134830137704,-0.0666230320930481,-0.0666230320930481
1789134830139704,-0.05693919584155083,-0.05693919584155083
1789134830155704,-0.03689604625105858,-0.03689604625105858
1789134830165704,-0.03364942595362663,-0.03364942595362663
1789134830175704,-0.022092681378126144,-0.022092681378126144
1789134830185704,-0.03693518787622452,-0.03693518787622452
1789134830197704,-0.04422076418995857,-0.04422076418995857
1789134830205704,-0.018089672550559044,-0.018089672550559044
1789134830211704,0.011639103293418884,0.011639103293418884
1789134830225704,0.014216872863471508,0.014216872863471508
1789134830235704,0.018835337832570076,0.018835337832570076
1789134830245704,-0.03687213733792305,-0.03687213733792305
1789134830257704,-0.024150757119059563,-0.024150757119059563
1789134830259704,-0.020685963332653046,-0.020685963332653046
1789134830275704,-0.01814456842839718,-0.01814456842839718
1789134830285704,-0.016179965808987617,-0.016179965808987617
1789134830295704,0.003772964235395193,0.003772964235395193
1789134830305704,-0.01821443997323513,-0.01821443997323513
1789134830317704,-0.15051230788230896,-0.15051230788230896
1789134830325704,-0.13676148653030396,-0.13676148653030396
1789134830333704,-0.13093852996826172,-0.13093852996826172
1789134830343704,-0.11082601547241211,-0.11082601547241211
1789134830355704,-0.10262700915336609,-0.10262700915336609
1789134830365704,-0.13109955191612244,-0.13109955191612244
1789134830377704,-0.10419505089521408,-0.10419505089521408
1789134830379864,-0.05438660457730293,-0.05438660457730293
1789134830395864,-0.04853028431534767,-0.04853028431534767
1789134830405864,-0.04666227474808693,-0.04666227474808693
1789134830413864,-0.03904174640774727,-0.03904174640774727
1789134830425864,-0.0328310951590538,-0.0328310951590538
1789134830437864,-0.046469058841466904,-0.046469058841466904
1789134830441864,-0.03796428069472313,-0.03796428069472313
1789134830455864,-0.0386933796107769,-0.0386933796107769
1789134830465864,-0.0381278470158577,-0.0381278470158577
1789134830475864,-0.03510809689760208,-0.03510809689760208
1789134830485864,-0.038744717836380005,-0.038744717836380005
1789134830497864,-0.031474098563194275,-0.031474098563194275
1789134830505864,-0.02685987390577793,-0.02685987390577793
1789134830515864,-0.01435080822557211,-0.01435080822557211
1789134830525864,-0.015059211291372776,-0.015059211291372776
1789134830533864,-0.01436109934002161,-0.01436109934002161
1789134830545864,-0.022325914353132248,-0.022325914353132248
1789134830557864,-0.018027396872639656,-0.018027396872639656
1789134830565864,-0.019678330048918724,-0.019678330048918724
1789134830573864,-0.02015640027821064,-0.02015640027821064
1789134830585864,-0.021290818229317665,-0.021290818229317665
1789134830595864,-0.023717720061540604,-0.023717720061540604
1789134830605864,-0.020185254514217377,-0.020185254514217377
1789134830617864,-0.01134166307747364,-0.01134166307747364
1789134830619864,-0.019170554354786873,-0.019170554354786873
1789134830635864,-0.011202141642570496,-0.011202141642570496
1789134830641864,-0.006254706531763077,-0.006254706531763077
1789134830655864,-0.012603042647242546,-0.012603042647242546
1789134830665864,-0.008538910187780857,-0.008538910187780857
1789134830677864,-0.018649347126483917,-0.018649347126483917
1789134830685864,-0.023470064625144005,-0.023470064625144005
1789134830695864,-0.029830170795321465,-0.029830170795321465
1789134830705864,-0.0319322794675827,-0.0319322794675827
1789134830715864,-0.03617449849843979,-0.03617449849843979
1789134830725864,-0.029859885573387146,-0.029859885573387146
1789134830737864,0.006450978573411703,0.006450978573411703
1789134830739864,-0.000786170712672174,-0.000786170712672174
1789134830755864,0.006039217114448547,0.006039217114448547
1789134830765864,0.004134773276746273,0.004134773276746273
1789134830773864,0.035888347774744034,0.035888347774744034
1789134830785864,0.023035816848278046,0.023035816848278046
1789134830797864,0.03530890867114067,0.03530890867114067
1789134830805864,0.021707884967327118,0.021707884967327118
1789134830815864,0.034321825951337814,0.034321825951337814
1789134830825864,0.028871413320302963,0.028871413320302963
1789134830835864,0.017545141279697418,0.017545141279697418
1789134830845864,0.03436599671840668,0.03436599671840668
1789134830857864,0.0869281142950058,0.0869281142950058
1789134830859864,0.052079763263463974,0.052079763263463974
1789134830871864,0.04518944025039673,0.04518944025039673
1789134830885864,0.04210350662469864,0.04210350662469864
1789134830895864,0.03744141384959221,0.03744141384959221
1789134830903864,0.03152456507086754,0.03152456507086754
1789134830917864,0.07609104365110397,0.07609104365110397
1789134830925864,0.06548748165369034,0.06548748165369034
1789134830933864,0.0533951036632061,0.0533951036632061
1789134830945864,0.04811101034283638,0.04811101034283638
1789134830955864,0.03951519727706909,0.03951519727706909
1789134830965864,0.05345304682850838,0.05345304682850838
1789134830977864,0.09867720305919647,0.09867720305919647
1789134830985864,0.06880871206521988,0.06880871206521988
1789134830995864,0.06784921884536743,0.06784921884536743
1789134831003864,0.06305725872516632,0.06305725872516632
1789134831015864,0.06209901347756386,0.06209901347756386
1789134831025864,0.06789878010749817,0.06789878010749817
1789134831037864,0.00974670797586441,0.00974670797586441
1789134831043864,-8.228898514062166e-05,-8.228898514062166e-05
1789134831055864,0.00037933175917714834,0.00037933175917714834
1789134831065864,-0.0011125776218250394,-0.0011125776218250394
1789134831075864,-0.006627650465816259,-0.006627650465816259
1789134831085864,0.0004149461165070534,0.0004149461165070534
1789134831097864,0.03443541005253792,0.03443541005253792
1789134831099864,0.020775124430656433,0.020775124430656433
1789134831115864,0.019304804503917694,0.019304804503917694
1789134831125864,0.019300267100334167,0.019300267100334167
1789134831133864,0.019319061189889908,0.019319061189889908
1789134831145864,0.019329369068145752,0.019329369068145752
1789134831157864,0.02238839492201805,0.02238839492201805
1789134831165864,0.022321192547678947,0.022321192547678947
1789134831175864,0.021967042237520218,0.021967042237520218
1789134831185864,0.021974841132760048,0.021974841132760048
1789134831195864,0.022126557305455208,0.022126557305455208
1789134831205864,0.025286588817834854,0.025286588817834854
1789134831217864,0.022486543282866478,0.022486543282866478
1789134831219864,0.02303348109126091,0.02303348109126091
1789134831233864,0.020572390407323837,0.020572390407323837
1789134831245864,0.021326374262571335,0.021326374262571335
1789134831255864,0.02661672793328762,0.02661672793328762
1789134831265864,0.020585335791110992,0.020585335791110992
1789134831277864,-0.01841406524181366,-0.01841406524181366
1789134831285864,-0.003979497589170933,-0.003979497589170933
1789134831295864,-0.001631518709473312,-0.001631518709473312
1789134831301864,0.02789011411368847,0.02789011411368847
1789134831315864,0.03299292176961899,0.03299292176961899
1789134831325864,0.03207092359662056,0.03207092359662056
1789134831337864,-0.007229823153465986,-0.007229823153465986
1789134831339864,-0.003039821982383728,-0.003039821982383728
1789134831355864,-0.006198592949658632,-0.006198592949658632
1789134831365864,-0.004565762355923653,-0.004565762355923653
1789134831375864,0.0014170596841722727,0.0014170596841722727
1789134831386023,-0.006195022724568844,-0.006195022724568844
1789134831398023,0.016753559932112694,0.016753559932112694
1789134831400023,0.029668308794498444,0.029668308794498444
1789134831416023,0.03387261927127838,0.03387261927127838
1789134831426023,0.03456660732626915,0.03456660732626915
1789134831434023,0.012085650116205215,0.012085650116205215
1789134831446023,0.015443788841366768,0.015443788841366768
1789134831458023,0.014675823040306568,0.014675823040306568
1789134831460023,0.023057175800204277,0.023057175800204277
1789134831476023,0.0023096322547644377,0.0023096322547644377
1789134831486023,0.0034054676070809364,0.0034054676070809364
1789134831496023,0.010527740232646465,0.010527740232646465
1789134831506023,0.0023174446541815996,0.0023174446541815996
1789134831518023,0.005646545439958572,0.005646545439958572
1789134831526023,0.01883460208773613,0.01883460208773613
1789134831532023,0.009788676165044308,0.009788676165044308
1789134831546023,0.011111321859061718,0.011111321859061718
1789134831556023,0.016295356675982475,0.016295356675982475
1789134831566023,-0.09672878682613373,-0.09672878682613373
1789134831578023,-0.05754270777106285,-0.05754270777106285
1789134831588023,-0.023089289665222168,-0.023089289665222168
1789134831596023,-0.02035503461956978,-0.02035503461956978
1789134831606023,-0.01809917949140072,-0.01809917949140072
1789134831616023,-0.012795155867934227,-0.012795155867934227
1789134831626023,-0.020387563854455948,-0.020387563854455948
1789134831638023,-0.04998239502310753,-0.04998239502310753
1789134831646023,-0.042370378971099854,-0.042370378971099854
1789134831656023,-0.0728023424744606,-0.0728023424744606
1789134831664023,-0.060262538492679596,-0.060262538492679596
1789134831676023,-0.054104115813970566,-0.054104115813970566
1789134831686023,-0.07287448644638062,-0.07287448644638062
1789134831698023,-0.05751277506351471,-0.05751277506351471
1789134831706023,-0.02466997317969799,-0.02466997317969799
1789134831716023,-0.023683898150920868,-0.023683898150920868
1789134831726023,-0.021652618423104286,-0.021652618423104286
1789134831734023,-0.052310846745967865,-0.052310846745967865
1789134831746023,-0.04459340497851372,-0.04459340497851372
1789134831758023,-0.054907578974962234,-0.054907578974962234
1789134831762023,-0.04213885962963104,-0.04213885962963104
1789134831776023,-0.042566992342472076,-0.042566992342472076
1789134831786023,-0.037838179618120193,-0.037838179618120193
1789134831796023,-0.028909483924508095,-0.028909483924508095
1789134831806023,-0.042619071900844574,-0.042619071900844574
1789134831818023,-0.07565245777368546,-0.07565245777368546
1789134831820023,-0.05052848160266876,-0.05052848160266876
1789134831836023,-0.03410843759775162,-0.03410843759775162
1789134831846023,-0.0331122949719429,-0.0331122949719429
1789134831854023,-0.04257999733090401,-0.04257999733090401
1789134831866023,-0.01816367916762829,-0.01816367916762829
1789134831878023,-0.04612141475081444,-0.04612141475081444
1789134831886023,-0.04427733272314072,-0.04427733272314072
1789134831894023,-0.03405037149786949,-0.03405037149786949
1789134831906023,-0.03322918713092804,-0.03322918713092804
1789134831916023,-0.03355025127530098,-0.03355025127530098
1789134831926023,-0.03407328203320503,-0.03407328203320503
1789134831938023,0.007933324202895164,0.007933324202895164
1789134831940023,0.006296149455010891,0.006296149455010891
1789134831956023,0.03969917073845863,0.03969917073845863
1789134831966023,0.037973348051309586,0.037973348051309586
1789134831976023,0.028174541890621185,0.028174541890621185
1789134831986023,0.03974098712205887,0.03974098712205887
1789134831996023,0.05273320525884628,0.05273320525884628
1789134832008023,0.061111606657505035,0.061111606657505035
1789134832016023,0.056524910032749176,0.056524910032749176
1789134832026023,0.05248977616429329,0.05248977616429329
1789134832036023,0.044323552399873734,0.044323552399873734
1789134832046023,0.05693737417459488,0.05693737417459488
1789134832058023,0.038243986666202545,0.038243986666202545
1789134832060023,0.034509073942899704,0.034509073942899704
1789134832076023,0.02934471145272255,0.02934471145272255
1789134832086023,0.02774105779826641,0.02774105779826641
1789134832094023,0.07634222507476807,0.07634222507476807
1789134832106023,0.06451312452554703,0.06451312452554703
1789134832118023,0.01771785505115986,0.01771785505115986
1789134832126023,0.009957034140825272,0.009957034140825272
1789134832134023,0.029663976281881332,0.029663976281881332
1789134832146023,0.027916191145777702,0.027916191145777702
1789134832156023,0.02280665934085846,0.02280665934085846
1789134832166023,0.029719123616814613,0.029719123616814613
1789134832178023,0.04583657532930374,0.04583657532930374
1789134832180023,0.033148542046546936,0.033148542046546936
1789134832192023,0.03275517001748085,0.03275517001748085
1789134832206023,0.03231737017631531,0.03231737017631531
1789134832216023,0.03140079975128174,0.03140079975128174
1789134832224023,0.033162496984004974,0.033162496984004974
1789134832238023,0.02240796945989132,0.02240796945989132
1789134832248023,0.01947234757244587,0.01947234757244587
1789134832256023,0.019619334489107132,0.019619334489107132
1789134832266023,0.019687918946146965,0.019687918946146965
1789134832276023,0.019979089498519897,0.019979089498519897
1789134832286023,0.021529216319322586,0.021529216319322586
1789134832298023,0.020900005474686623,0.020900005474686623
1789134832306023,0.02146204002201557,0.02146204002201557
1789134832316023,0.02555610053241253,0.02555610053241253
1789134832324023,0.025990134105086327,0.025990134105086327
1789134832334023,0.02557547576725483,0.02557547576725483
1789134832346023,0.025588789954781532,0.025588789954781532
1789134832358023,0.01700141653418541,0.01700141653418541
1789134832366023,0.021891791373491287,0.021891791373491287
1789134832376023,0.012978055514395237,0.012978055514395237
1789134832386182,0.014690740033984184,0.014690740033984184
1789134832396182,0.018162429332733154,0.018162429332733154
1789134832406182,0.012996346689760685,0.012996346689760685
1789134832418182,0.0005634772824123502,0.0005634772824123502
1789134832420182,0.011349639855325222,0.011349639855325222
1789134832436182,0.01776019297540188,0.01776019297540188
1789134832446182,0.01874842308461666,0.01874842308461666
1789134832456182,0.020465845242142677,0.020465845242142677
1789134832466182,0.02555476874113083,0.02555476874113083
1789134832478182,0.0005760709755122662,0.0005760709755122662
1789134832486182,0.012179786339402199,0.012179786339402199
1789134832496182,0.010532387532293797,0.010532387532293797
1789134832506182,0.012784888036549091,0.012784888036549091
1789134832516182,0.013414670713245869,0.013414670713245869
1789134832526182,0.016124533489346504,0.016124533489346504
1789134832536182,0.03705081343650818,0.03705081343650818
1789134832548182,0.03716382756829262,0.03716382756829262
1789134832554182,0.040372204035520554,0.040372204035520554
1789134832566182,0.04103274643421173,0.04103274643421173
1789134832576182,0.04341519996523857,0.04341519996523857
1789134832586182,0.04842362180352211,0.04842362180352211
1789134832596182,0.018920330330729485,0.018920330330729485
1789134832608182,0.0005977916298434138,0.0005977916298434138
1789134832616182,0.003943799063563347,0.003943799063563347
1789134832622182,0.00023120507830753922,0.00023120507830753922
1789134832636182,0.010614827275276184,0.010614827275276184
1789134832646182,0.008751338347792625,0.008751338347792625
1789134832658182,-0.0006805034354329109,-0.0006805034354329109
1789134832668182,0.011814475059509277,0.011814475059509277
1789134832676182,0.01910453289747238,0.01910453289747238
1789134832686182,0.020747525617480278,0.020747525617480278
1789134832696182,0.023937441408634186,0.023937441408634186
1789134832706182,0.03326736390590668,0.03326736390590668
1789134832718182,-0.029598942026495934,-0.029598942026495934
1789134832720182,-0.00565129891037941,-0.00565129891037941
1789134832734182,-0.005096472799777985,-0.005096472799777985
1789134832746182,0.0004928353009745479,0.0004928353009745479
1789134832754182,0.019569914788007736,0.019569914788007736
1789134832766182,0.03265620768070221,0.03265620768070221
1789134832778182,0.028627531602978706,0.028627531602978706
1789134832788182,0.031935516744852066,0.031935516744852066
1789134832796182,0.036870326846838,0.036870326846838
1789134832806182,0.03799555078148842,0.03799555078148842
1789134832816182,0.04174601659178734,0.04174601659178734
1789134832826182,0.036918286234140396,0.036918286234140396
1789134832838182,-0.00032367592211812735,-0.00032367592211812735
1789134832848182,0.012630278244614601,0.012630278244614601
1789134832852182,0.017239224165678024,0.017239224165678024
1789134832866182,0.022121312096714973,0.022121312096714973
1789134832876182,0.030627939850091934,0.030627939850091934
1789134832886182,0.030663061887025833,0.030663061887025833
1789134832896182,0.032005928456783295,0.032005928456783295
1789134832900182,0.03278353437781334,0.03278353437781334
1789134832916182,0.04463496059179306,0.04463496059179306
1789134832926182,0.04654822126030922,0.04654822126030922
1789134832934182,0.04466967284679413,0.04466967284679413
1789134832946182,0.04469224438071251,0.04469224438071251
1789134832958182,0.004213815554976463,0.004213815554976463
1789134832966182,0.03403712064027786,0.03403712064027786
1789134832976182,0.014217500574886799,0.014217500574886799
1789134832984182,0.027008723467588425,0.027008723467588425
1789134832996182,0.02438409812748432,0.02438409812748432
1789134833006182,0.014233865775167942,0.014233865775167942
1789134833018182,-0.012217373587191105,-0.012217373587191105
1789134833028182,0.00010130222653970122,0.00010130222653970122
1789134833036182,0.014106351882219315,0.014106351882219315
1789134833044182,0.02028753235936165,0.02028753235936165
1789134833056182,0.030924756079912186,0.030924756079912186
1789134833066182,0.01413714699447155,0.01413714699447155
1789134833078182,-0.04213366284966469,-0.04213366284966469
1789134833082182,-0.0010163139086216688,-0.0010163139086216688
1789134833096182,-0.03583725914359093,-0.03583725914359093
1789134833106182,-0.02343592420220375,-0.02343592420220375
1789134833116182,-0.0022262120619416237,-0.0022262120619416237
1789134833126182,-0.035861119627952576,-0.035861119627952576
1789134833138182,-0.028715185821056366,-0.028715185821056366
1789134833140182,0.001139963511377573,0.001139963511377573
1789134833156182,0.028803875669836998,0.028803875669836998
1789134833166182,0.03271280229091644,0.03271280229091644
1789134833176182,0.052024539560079575,0.052024539560079575
1789134833186182,-0.004598791711032391,-0.004598791711032391
1789134833198182,-0.08821143954992294,-0.08821143954992294
1789134833208182,-0.022341394796967506,-0.022341394796967506
1789134833214182,-0.010321220383048058,-0.010321220383048058
1789134833226182,-0.0004114104376640171,-0.0004114104376640171
1789134833236182,0.020903130993247032,0.020903130993247032
1789134833246182,-0.010346676222980022,-0.010346676222980022
1789134833258182,-0.11906987428665161,-0.11906987428665161
1789134833260182,-0.04997675493359566,-0.04997675493359566
1789134833276182,-0.030291475355625153,-0.030291475355625153
1789134833282182,-0.047722768038511276,-0.047722768038511276
1789134833296182,-0.017381787300109863,-0.017381787300109863
1789134833306182,-0.036300644278526306,-0.036300644278526306
1789134833318182,-0.04887792840600014,-0.04887792840600014
1789134833326182,-0.024277882650494576,-0.024277882650494576
1789134833334182,-0.004136290401220322,-0.004136290401220322
1789134833346182,0.006763806100934744,0.006763806100934744
1789134833356182,0.02929372526705265,0.02929372526705265
1789134833366182,-0.004161722958087921,-0.004161722958087921
1789134833378182,-0.13982555270195007,-0.13982555270195007
1789134833380182,-0.06635808944702148,-0.06635808944702148
1789134833396340,-0.026302464306354523,-0.026302464306354523
1789134833406340,-0.020810654386878014,-0.020810654386878014
1789134833414340,-0.029407456517219543,-0.029407456517219543
1789134833426340,-0.0014972662320360541,-0.0014972662320360541
1789134833438340,-0.04478548467159271,-0.04478548467159271
1789134833446340,-0.0188404880464077,-0.0188404880464077
1789134833456340,-0.009184601716697216,-0.009184601716697216
1789134833466340,0.0008610013173893094,0.0008610013173893094
1789134833476340,0.005221306812018156,0.005221306812018156
1789134833486340,-0.009194526821374893,-0.009194526821374893
1789134833498340,-0.09939249604940414,-0.09939249604940414
1789134833506340,-0.04109592363238335,-0.04109592363238335
1789134833512340,-0.012823875993490219,-0.012823875993490219
1789134833526340,-0.008424335159361362,-0.008424335159361362
1789134833534340,-0.012832427397370338,-0.012832427397370338
1789134833546340,-0.04722810909152031,-0.04722810909152031
1789134833558340,0.013990101404488087,0.013990101404488087
1789134833568340,0.02415086328983307,0.02415086328983307
1789134833576340,0.029551450163125992,0.029551450163125992
1789134833586340,0.03612576797604561,0.03612576797604561
1789134833596340,0.05154666304588318,0.05154666304588318
1789134833606340,0.029562823474407196,0.029562823474407196
1789134833618340,-0.08190765976905823,-0.08190765976905823
1789134833628340,-0.07470206171274185,-0.07470206171274185
1789134833636340,-0.0516648031771183,-0.0516648031771183
1789134833644340,-0.041414402425289154,-0.041414402425289154
1789134833656340,-0.023705583065748215,-0.023705583065748215
1789134833666340,-0.01480042189359665,-0.01480042189359665
1789134833678340,-0.07480599731206894,-0.07480599731206894
1789134833686340,-0.021021736785769463,-0.021021736785769463
1789134833696340,-0.0044427658431231976,-0.0044427658431231976
1789134833706340,0.0027627681847661734,0.0027627681847661734
1789134833714340,-0.02547151781618595,-0.02547151781618595
1789134833726340,-0.014060800895094872,-0.014060800895094872
1789134833738340,-0.03959273174405098,-0.03959273174405098
1789134833740340,-0.026682531461119652,-0.026682531461119652
1789134833756340,-0.05542222782969475,-0.05542222782969475
1789134833766340,-0.05011049285531044,-0.05011049285531044
1789134833776340,-0.025600537657737732,-0.025600537657737732
1789134833786340,-0.055478502064943314,-0.055478502064943314
1789134833798340,-0.06443669646978378,-0.06443669646978378
1789134833806340,-0.007117153145372868,-0.007117153145372868
1789134833816340,-0.0020271018147468567,-0.0020271018147468567
1789134833826340,0.004784234333783388,0.004784234333783388
1789134833836340,0.008490200154483318,0.008490200154483318
1789134833846340,-0.03327856585383415,-0.03327856585383415
1789134833858340,-0.017044441774487495,-0.017044441774487495
1789134833868340,-0.03608071431517601,-0.03608071431517601
1789134833874340,-0.02155195362865925,-0.02155195362865925
1789134833886340,-0.01813644915819168,-0.01813644915819168
1789134833896340,-0.011484567075967789,-0.011484567075967789
1789134833906340,-0.021573275327682495,-0.021573275327682495
1789134833918340,-0.050080277025699615,-0.050080277025699615
1789134833926340,-0.010674163699150085,-0.010674163699150085
1789134833934340,-0.018632560968399048,-0.018632560968399048
1789134833942340,-0.044570378959178925,-0.044570378959178925
1789134833956340,-0.0234401673078537,-0.0234401673078537
1789134833966340,-0.030897468328475952,-0.030897468328475952
1789134833976340,-0.05573839321732521,-0.05573839321732521
1789134833986340,-0.029158657416701317,-0.029158657416701317
1789134833996340,-0.013021660037338734,-0.013021660037338734
1789134834006340,-0.010152281261980534,-0.010152281261980534
1789134834016340,0.001461980165913701,0.001461980165913701
1789134834026340,-0.013032290153205395,-0.013032290153205395
1789134834036340,-0.023259708657860756,-0.023259708657860756
1789134834044340,-0.017087845131754875,-0.017087845131754875
1789134834056340,-0.015214082784950733,-0.015214082784950733
1789134834066340,-0.012372924946248531,-0.012372924946248531
1789134834072340,-0.005857943091541529,-0.005857943091541529
1789134834086340,-0.0015330517198890448,-0.0015330517198890448
1789134834096340,-0.009502352215349674,-0.009502352215349674
1789134834108340,-0.021789079532027245,-0.021789079532027245
1789134834116340,-0.012983699329197407,-0.012983699329197407
1789134834126340,-0.011472363024950027,-0.011472363024950027
1789134834134340,-0.00037302065175026655,-0.00037302065175026655
1789134834146340,-0.012996111996471882,-0.012996111996471882
1789134834158340,-0.021113436669111252,-0.021113436669111252
1789134834168340,-0.0019428686937317252,-0.0019428686937317252
1789134834172340,0.0012971196556463838,0.0012971196556463838
1789134834186340,0.005085306242108345,0.005085306242108345
1789134834196340,0.0069660525768995285,0.0069660525768995285
1789134834206340,-0.022282281890511513,-0.022282281890511513
1789134834218340,-0.012598918750882149,-0.012598918750882149
1789134834226340,-0.008453293703496456,-0.008453293703496456
1789134834236340,-0.022491632029414177,-0.022491632029414177
1789134834246340,-0.020328624173998833,-0.020328624173998833
1789134834256340,-0.016034500673413277,-0.016034500673413277
1789134834266340,-0.022512419149279594,-0.022512419149279594
1789134834278340,-0.03831198439002037,-0.03831198439002037
1789134834288340,0.0017531047342345119,0.0017531047342345119
1789134834296340,0.0053750150837004185,0.0053750150837004185
1789134834304340,0.012730596587061882,0.012730596587061882
1789134834316340,0.01693674363195896,0.01693674363195896
1789134834326340,0.005372671876102686,0.005372671876102686
1789134834338340,-0.04298783093690872,-0.04298783093690872
1789134834340340,-0.029872555285692215,-0.029872555285692215
1789134834356340,-0.04996371641755104,-0.04996371641755104
1789134834366340,-0.04622938111424446,-0.04622938111424446
1789134834374340,-0.04213504120707512,-0.04213504120707512
1789134834386340,-0.031577613204717636,-0.031577613204717636
1789134834398340,-0.05608537793159485,-0.05608537793159485
1789134834402498,-0.0395377017557621,-0.0395377017557621
1789134834416498,-0.05416939780116081,-0.05416939780116081
1789134834426498,-0.04881070926785469,-0.04881070926785469
1789134834436498,-0.03728014975786209,-0.03728014975786209
1789134834446498,-0.054230690002441406,-0.054230690002441406
1789134834456498,-0.04318094998598099,-0.04318094998598099
1789134834468498,-0.05438319966197014,-0.05438319966197014
1789134834476498,-0.0516710989177227,-0.0516710989177227
1789134834486498,-0.04883958399295807,-0.04883958399295807
1789134834496498,-0.03449143469333649,-0.03449143469333649
1789134834506498,-0.0631386935710907,-0.0631386935710907
1789134834518498,-0.04192947968840599,-0.04192947968840599
1789134834526498,-0.03275317698717117,-0.03275317698717117
1789134834534498,-0.02205442450940609,-0.02205442450940609
1789134834546498,-0.01733289286494255,-0.01733289286494255
1789134834556498,-0.007895462214946747,-0.007895462214946747
1789134834566498,-0.022100307047367096,-0.022100307047367096
1789134834578498,-0.07749222964048386,-0.07749222964048386
1789134834580498,-0.046894803643226624,-0.046894803643226624
1789134834596498,-0.044125862419605255,-0.044125862419605255
1789134834602498,-0.018379317596554756,-0.018379317596554756
1789134834616498,-0.012277252972126007,-0.012277252972126007
1789134834626498,-0.015174046158790588,-0.015174046158790588
1789134834638498,-0.019422613084316254,-0.019422613084316254
1789134834646498,-0.01466541737318039,-0.01466541737318039
1789134834656498,-0.023531800135970116,-0.023531800135970116
1789134834666498,-0.022546963766217232,-0.022546963766217232
1789134834676498,-0.01931808516383171,-0.01931808516383171
1789134834686498,-0.02355535887181759,-0.02355535887181759
1789134834698498,-0.03089849464595318,-0.03089849464595318
1789134834700498,-0.023673273622989655,-0.023673273622989655
1789134834716498,-0.02090933546423912,-0.02090933546423912
1789134834726498,-0.020341863855719566,-0.020341863855719566
1789134834734498,-0.0292977262288332,-0.0292977262288332
1789134834746498,-0.0272066630423069,-0.0272066630423069
1789134834758498,-0.021409789100289345,-0.021409789100289345
1789134834766498,-0.02003309316933155,-0.02003309316933155
1789134834776498,-0.018673580139875412,-0.018673580139875412
1789134834786498,-0.017939120531082153,-0.017939120531082153
1789134834796498,-0.016545167192816734,-0.016545167192816734
1789134834806498,-0.01869765669107437,-0.01869765669107437
1789134834818498,-0.019040875136852264,-0.019040875136852264
1789134834820498,-0.01597997173666954,-0.01597997173666954
1789134834832498,-0.018733840435743332,-0.018733840435743332
1789134834846498,-0.01852523908019066,-0.01852523908019066
1789134834854498,-0.016195928677916527,-0.016195928677916527
1789134834866498,-0.015545304864645004,-0.015545304864645004
1789134834878498,-0.016162186861038208,-0.016162186861038208
1789134834886498,-0.015811491757631302,-0.015811491757631302
1789134834896498,-0.0069329021498560905,-0.0069329021498560905
1789134834906498,-0.007971237413585186,-0.007971237413585186
1789134834916498,-0.009972996078431606,-0.009972996078431606
1789134834926498,-0.006938776466995478,-0.006938776466995478
1789134834938498,-0.008486457169055939,-0.008486457169055939
1789134834946498,-0.010817977599799633,-0.010817977599799633
1789134834956498,-0.012246407568454742,-0.012246407568454742
1789134834964498,-0.012557115405797958,-0.012557115405797958
1789134834976498,-0.013222643174231052,-0.013222643174231052
1789134834986498,-0.012258353643119335,-0.012258353643119335
1789134834996498,-0.007253445219248533,-0.007253445219248533
1789134835006498,-0.007882572710514069,-0.007882572710514069
1789134835016498,-0.007067644037306309,-0.007067644037306309
1789134835026498,-0.007944333367049694,-0.007944333367049694
1789134835032498,-0.006651005242019892,-0.006651005242019892
1789134835046498,-0.012550394982099533,-0.012550394982099533
1789134835058498,-0.009168555028736591,-0.009168555028736591
1789134835062498,-0.009413927793502808,-0.009413927793502808
1789134835076498,-0.0037417374551296234,-0.0037417374551296234
1789134835086498,-0.004154063295572996,-0.004154063295572996
1789134835096498,-0.006568385288119316,-0.006568385288119316
1789134835106498,-0.003744316753000021,-0.003744316753000021
1789134835118498,-0.0035225236788392067,-0.0035225236788392067
1789134835126498,-0.008343466557562351,-0.008343466557562351
1789134835134498,-0.00777833117172122,-0.00777833117172122
1789134835146498,-0.008357466198503971,-0.008357466198503971
1789134835156498,-0.009554026648402214,-0.009554026648402214
1789134835164498,-0.007738048676401377,-0.007738048676401377
1789134835178498,-0.013440674170851707,-0.013440674170851707
1789134835180498,-0.013728235848248005,-0.013728235848248005
1789134835194498,-0.014852117747068405,-0.014852117747068405
1789134835206498,-0.01501145213842392,-0.01501145213842392
1789134835216498,-0.016592781990766525,-0.016592781990766525
1789134835226498,-0.014866145327687263,-0.014866145327687263
1789134835236498,-0.005931601393967867,-0.005931601393967867
1789134835248498,0.0013228290481492877,0.0013228290481492877
1789134835256498,0.0003729595337063074,0.0003729595337063074
1789134835262498,-0.008312048390507698,-0.008312048390507698
1789134835276498,-0.01153360866010189,-0.01153360866010189
1789134835286498,-0.010689610615372658,-0.010689610615372658
1789134835298498,0.0021662418730556965,0.0021662418730556965
1789134835306498,-0.00032160908449441195,-0.00032160908449441195
1789134835316498,-0.0005596735281869769,-0.0005596735281869769
1789134835326498,-0.0010978069622069597,-0.0010978069622069597
1789134835334498,-0.000560708693228662,-0.000560708693228662
1789134835346498,-0.004169118124991655,-0.004169118124991655
1789134835356498,0.002335970290005207,0.002335970290005207
1789134835368498,-0.006793891079723835,-0.006793891079723835
1789134835376498,-0.007073754910379648,-0.007073754910379648
1789134835386498,-0.00791345164179802,-0.00791345164179802
1789134835394498,-0.004553983919322491,-0.004553983919322491
1789134835406656,-0.007094745058566332,-0.007094745058566332
1789134835418656,-0.005117586813867092,-0.005117586813867092
1789134835426656,-0.008168099448084831,-0.008168099448084831
1789134835436656,-0.007454686798155308,-0.007454686798155308
1789134835446656,-0.007771402597427368,-0.007771402597427368
1789134835456656,-0.009413250721991062,-0.009413250721991062
1789134835466656,-0.007460928056389093,-0.007460928056389093
1789134835478656,-0.0050262040458619595,-0.0050262040458619595
1789134835486656,-0.008226861245930195,-0.008226861245930195
1789134835492656,-0.008642395958304405,-0.008642395958304405
1789134835506656,-0.0093540009111166,-0.0093540009111166
1789134835516656,-0.011000513099133968,-0.011000513099133968
1789134835526656,-0.003339060116559267,-0.003339060116559267
1789134835538656,-0.004692483693361282,-0.004692483693361282
1789134835546656,-0.005061094183474779,-0.005061094183474779
1789134835556656,-0.005149927921593189,-0.005149927921593189
1789134835566656,-0.005622942000627518,-0.005622942000627518
1789134835576656,-0.008283423259854317,-0.008283423259854317
1789134835586656,-0.005148468539118767,-0.005148468539118767
1789134835596656,0.006988089065998793,0.006988089065998793
1789134835608656,0.004996161907911301,0.004996161907911301
1789134835616656,0.0037002181634306908,0.0037002181634306908
1789134835624656,0.001559484633617103,0.001559484633617103
1789134835636656,0.0022765714675188065,0.0022765714675188065
1789134835646656,0.003703067544847727,0.003703067544847727
1789134835658656,0.0007574897026643157,0.0007574897026643157
1789134835668656,-0.010184676386415958,-0.010184676386415958
1789134835676656,-0.011204421520233154,-0.011204421520233154
1789134835686656,-0.011610722169280052,-0.011610722169280052
1789134835692656,0.00613600155338645,0.00613600155338645
1789134835706656,0.002395685762166977,0.002395685762166977
1789134835718656,-0.025633851066231728,-0.025633851066231728
1789134835722656,-0.025414910167455673,-0.025414910167455673
1789134835734656,-0.025007102638483047,-0.025007102638483047
1789134835746656,-0.025242162868380547,-0.025242162868380547
1789134835756656,-0.026913611218333244,-0.026913611218333244
1789134835766656,-0.025019345805048943,-0.025019345805048943
1789134835776656,-0.026199549436569214,-0.026199549436569214
1789134835786656,-0.026589512825012207,-0.026589512825012207
1789134835796656,0.004602646920830011,0.004602646920830011
1789134835806656,0.0038016182370483875,0.0038016182370483875
1789134835816656,0.002274161670356989,0.002274161670356989
1789134835826656,0.012817841954529285,0.012817841954529285
1789134835836656,0.008140118792653084,0.008140118792653084
1789134835846656,0.006769358646124601,0.006769358646124601
1789134835852656,0.007600182667374611,0.007600182667374611
1789134835866656,0.005350948311388493,0.005350948311388493
1789134835876656,0.004248305689543486,0.004248305689543486
1789134835886656,0.00761149637401104,0.00761149637401104
1789134835898656,0.01899910345673561,0.01899910345673561
1789134835908656,0.004986289422959089,0.004986289422959089
1789134835916656,0.0035917568020522594,0.0035917568020522594
1789134835922656,0.00770842470228672,0.00770842470228672
1789134835934656,0.005386913660913706,0.005386913660913706
1789134835946656,0.005390542559325695,0.005390542559325695
1789134835956656,0.01978803426027298,0.01978803426027298
1789134835966656,0.0070427763275802135,0.0070427763275802135
1789134835976656,0.013507870025932789,0.013507870025932789
1789134835986656,0.010892744176089764,0.010892744176089764
1789134835996656,0.009560981765389442,0.009560981765389442
1789134836006656,0.013524338603019714,0.013524338603019714
1789134836018656,0.008310177363455296,0.008310177363455296
1789134836028656,-0.004895268939435482,-0.004895268939435482
1789134836036656,-0.00594304921105504,-0.00594304921105504
1789134836044656,-0.007674248423427343,-0.007674248423427343
1789134836054656,0.01757478155195713,0.01757478155195713
1789134836066656,0.011175182648003101,0.011175182648003101
1789134836078656,0.008948693983256817,0.008948693983256817
1789134836086656,0.0019140774384140968,0.0019140774384140968
1789134836096656,0.010365844704210758,0.010365844704210758
1789134836106656,0.008165623992681503,0.008165623992681503
1789134836116656,0.003429610747843981,0.003429610747843981
1789134836126656,0.010379373095929623,0.010379373095929623
1789134836138656,-0.01019695121794939,-0.01019695121794939
1789134836140656,-0.015312759205698967,-0.015312759205698967
1789134836152656,-0.016161195933818817,-0.016161195933818817
1789134836166656,-0.017973124980926514,-0.017973124980926514
1789134836176656,-0.029995402321219444,-0.029995402321219444
1789134836186656,0.044634073972702026,0.044634073972702026
1789134836198656,0.0244863573461771,0.0244863573461771
1789134836206656,0.016091501340270042,0.016091501340270042
1789134836216656,-0.01636590249836445,-0.01636590249836445
1789134836226656,-0.01825179159641266,-0.01825179159641266
1789134836236656,-0.02135547436773777,-0.02135547436773777
1789134836246656,-0.016379447653889656,-0.016379447653889656
1789134836258656,0.015288162976503372,0.015288162976503372
1789134836266656,0.00365813123062253,0.00365813123062253
1789134836276656,0.08612462133169174,0.08612462133169174
1789134836284656,0.07887160778045654,0.07887160778045654
1789134836296656,0.06741587817668915,0.06741587817668915
1789134836306656,0.08620094507932663,0.08620094507932663
1789134836318656,0.05331092327833176,0.05331092327833176
1789134836326656,0.01814444363117218,0.01814444363117218
1789134836334656,0.00786652136594057,0.00786652136594057
1789134836346656,0.004413546063005924,0.004413546063005924
1789134836354656,0.07695083320140839,0.07695083320140839
1789134836366656,0.07078015059232712,0.07078015059232712
1789134836378656,0.07607241719961166,0.07607241719961166
1789134836380656,0.060131266713142395,0.060131266713142395
1789134836396656,0.04914535582065582,0.04914535582065582
1789134836406814,0.04664929211139679,0.04664929211139679
1789134836416814,0.03542023524641991,0.03542023524641991
1789134836426814,0.04920748621225357,0.04920748621225357
1789134836438814,0.07434863597154617,0.07434863597154617
1789134836446814,0.05059507489204407,0.05059507489204407
1789134836456814,0.04078937694430351,0.04078937694430351
1789134836466814,0.03818346560001373,0.03818346560001373
1789134836476814,0.033948611468076706,0.033948611468076706
1789134836486814,0.04135594144463539,0.04135594144463539
1789134836498814,0.036545541137456894,0.036545541137456894
1789134836500814,0.03593452647328377,0.03593452647328377
1789134836514814,0.028928212821483612,0.028928212821483612
1789134836526814,0.028813662007451057,0.028813662007451057
1789134836534814,0.02893967367708683,0.02893967367708683
1789134836546814,0.02895476669073105,0.02895476669073105
1789134836558814,-0.05397864803671837,-0.05397864803671837
1789134836566814,-0.0358210988342762,-0.0358210988342762
1789134836576814,-0.042537156492471695,-0.042537156492471695
1789134836582814,-0.022875607013702393,-0.022875607013702393
1789134836596814,-0.011408018879592419,-0.011408018879592419
1789134836606814,-0.014502916485071182,-0.014502916485071182
1789134836618814,-0.01224321499466896,-0.01224321499466896
1789134836620814,-0.007002255879342556,-0.007002255879342556
1789134836636814,0.0042650653049349785,0.0042650653049349785
1789134836646814,0.005080194212496281,0.005080194212496281
1789134836656814,0.008371957577764988,0.008371957577764988
1789134836666814,0.004269739612936974,0.004269739612936974
1789134836676814,-0.002211454324424267,-0.002211454324424267
1789134836680814,0.0012545284116640687,0.0012545284116640687
1789134836696814,0.0028501776978373528,0.0028501776978373528
1789134836706814,0.0060715205036103725,0.0060715205036103725
1789134836714814,-0.005914251785725355,-0.005914251785725355
1789134836726814,0.0033065399620682,0.0033065399620682
1789134836738814,0.012436890043318272,0.012436890043318272
1789134836740814,0.016496701166033745,0.016496701166033745
1789134836756814,0.009274711832404137,0.009274711832404137
1789134836766814,0.010576693341135979,0.010576693341135979
1789134836776814,0.013130093924701214,0.013130093924701214
1789134836786814,0.009288255125284195,0.009288255125284195
1789134836798814,-0.052850861102342606,-0.052850861102342606
1789134836806814,-0.030192120000720024,-0.030192120000720024
1789134836812814,-0.0342419408261776,-0.0342419408261776
1789134836826814,-0.029525022953748703,-0.029525022953748703
1789134836836814,-0.021122947335243225,-0.021122947335243225
1789134836846814,-0.03138856962323189,-0.03138856962323189
1789134836858814,-0.01080046221613884,-0.01080046221613884
1789134836860814,-0.0074120769277215,-0.0074120769277215
1789134836876814,-0.018146444112062454,-0.018146444112062454
1789134836886814,-0.0158493984490633,-0.0158493984490633
1789134836896814,-0.004903631284832954,-0.004903631284832954
1789134836906814,-0.018171662464737892,-0.018171662464737892
1789134836918814,-0.06022649258375168,-0.06022649258375168
1789134836926814,-0.03363244608044624,-0.03363244608044624
1789134836934814,-0.020037489011883736,-0.020037489011883736
1789134836944814,-0.011550175957381725,-0.011550175957381725
1789134836956814,-0.007893547415733337,-0.007893547415733337
1789134836966814,-0.020060962066054344,-0.020060962066054344
1789134836978814,-0.05194073170423508,-0.05194073170423508
1789134836988814,-0.027051519602537155,-0.027051519602537155
1789134836996814,-0.02064410410821438,-0.02064410410821438
1789134837006814,-0.019011663272976875,-0.019011663272976875
1789134837014814,-0.010261285118758678,-0.010261285118758678
1789134837026814,-0.007032317109405994,-0.007032317109405994
1789134837038814,-0.015955520793795586,-0.015955520793795586
1789134837042814,-0.008245960809290409,-0.008245960809290409
1789134837056814,-0.0685126855969429,-0.0685126855969429
1789134837066814,-0.06270559132099152,-0.06270559132099152
1789134837076814,-0.05035872012376785,-0.05035872012376785
1789134837086814,-0.06859653443098068,-0.06859653443098068
1789134837098814,-0.06638239324092865,-0.06638239324092865
1789134837100814,-0.0325133316218853,-0.0325133316218853
1789134837116814,0.018762461841106415,0.018762461841106415
1789134837126814,0.018868304789066315,0.018868304789066315
1789134837134814,0.018773561343550682,0.018773561343550682
1789134837146814,-0.04739435017108917,-0.04739435017108917
1789134837158814,-0.02573135495185852,-0.02573135495185852
1789134837166814,-0.01902671717107296,-0.01902671717107296
1789134837174814,0.006072130985558033,0.006072130985558033
1789134837186814,0.00748445326462388,0.00748445326462388
1789134837196814,0.011194932274520397,0.011194932274520397
1789134837206814,0.0060536740347743034,0.0060536740347743034
1789134837218814,-0.10226782411336899,-0.10226782411336899
1789134837228814,-0.07229559868574142,-0.07229559868574142
1789134837236814,-0.06985403597354889,-0.06985403597354889
1789134837240814,-0.048794910311698914,-0.048794910311698914
1789134837256814,-0.04914914071559906,-0.04914914071559906
1789134837266814,-0.047066811472177505,-0.047066811472177505
1789134837278814,0.00011263089254498482,0.00011263089254498482
1789134837288814,0.0340607613325119,0.0340607613325119
1789134837296814,0.03240048140287399,0.03240048140287399
1789134837306814,0.03143369033932686,0.03143369033932686
1789134837316814,0.031157728284597397,0.031157728284597397
1789134837326814,0.032410670071840286,0.032410670071840286
1789134837338814,-0.030731912702322006,-0.030731912702322006
1789134837340814,-0.029833627864718437,-0.029833627864718437
1789134837356814,-0.023469852283596992,-0.023469852283596992
1789134837366814,-0.024143768474459648,-0.024143768474459648
1789134837374814,0.05034178867936134,0.05034178867936134
1789134837386814,0.04209350422024727,0.04209350422024727
1789134837398814,-0.02007233165204525,-0.02007233165204525
1789134837406814,-0.026273565366864204,-0.026273565366864204
1789134837416971,-0.014676697552204132,-0.014676697552204132
1789134837426971,-0.015177675522863865,-0.015177675522863865
1789134837436971,-0.018670743331313133,-0.018670743331313133
1789134837446971,-0.014675219543278217,-0.014675219543278217
1789134837458971,0.03881622850894928,0.03881622850894928
1789134837460971,0.02756381593644619,0.02756381593644619
1789134837472971,0.0409279502928257,0.0409279502928257
1789134837486971,0.0385582260787487,0.0385582260787487
1789134837496971,0.02397347241640091,0.02397347241640091
1789134837506971,0.08523484319448471,0.08523484319448471
1789134837518971,0.04486720263957977,0.04486720263957977
1789134837526971,0.03710901737213135,0.03710901737213135
1789134837534971,0.04836471006274223,0.04836471006274223
1789134837546971,0.044641826301813126,0.044641826301813126
1789134837556971,0.03639192134141922,0.03639192134141922
1789134837566971,0.04844853654503822,0.04844853654503822
1789134837578971,0.0852886512875557,0.0852886512875557
1789134837586971,0.06103088706731796,0.06103088706731796
1789134837596971,-0.053428925573825836,-0.053428925573825836
1789134837604971,-0.05077912285923958,-0.05077912285923958
1789134837616971,-0.04863594099879265,-0.04863594099879265
1789134837626971,-0.053488824516534805,-0.053488824516534805
1789134837638971,-0.06925750523805618,-0.06925750523805618
1789134837646971,-0.04844554141163826,-0.04844554141163826
1789134837656971,-0.038625914603471756,-0.038625914603471756
1789134837666971,-0.035644784569740295,-0.035644784569740295
1789134837674971,-0.013583308085799217,-0.013583308085799217
1789134837686971,-0.008999972604215145,-0.008999972604215145
1789134837696971,-0.017186060547828674,-0.017186060547828674
1789134837700971,-0.015623439103364944,-0.015623439103364944
1789134837716971,-0.030482884496450424,-0.030482884496450424
1789134837726971,-0.028930718079209328,-0.028930718079209328
1789134837734971,-0.03050626628100872,-0.03050626628100872
1789134837746971,-0.030520746484398842,-0.030520746484398842
1789134837758971,-0.06199152022600174,-0.06199152022600174
1789134837766971,-0.03352874889969826,-0.03352874889969826
1789134837776971,-0.0405278280377388,-0.0405278280377388
1789134837786971,-0.03641274571418762,-0.03641274571418762
1789134837796971,-0.028409676626324654,-0.028409676626324654
1789134837806971,-0.06811550259590149,-0.06811550259590149
1789134837818971,-0.07150699198246002,-0.07150699198246002
1789134837820971,-0.06593848019838333,-0.06593848019838333
1789134837834971,-0.017106855288147926,-0.017106855288147926
1789134837846971,-0.015863753855228424,-0.015863753855228424
1789134837852971,-0.03076222352683544,-0.03076222352683544
1789134837866971,-0.02888636663556099,-0.02888636663556099
1789134837878971,-0.027512257918715477,-0.027512257918715477
1789134837886971,-0.020354541018605232,-0.020354541018605232
1789134837896971,-0.015562376007437706,-0.015562376007437706
1789134837906971,-0.013301139697432518,-0.013301139697432518
1789134837916971,-0.009001544676721096,-0.009001544676721096
1789134837926971,-0.015585044398903847,-0.015585044398903847
1789134837936971,-0.0398893877863884,-0.0398893877863884
1789134837946971,-0.02609405480325222,-0.02609405480325222
1789134837956971,-0.020011544227600098,-0.020011544227600098
1789134837966971,-0.01951783150434494,-0.01951783150434494
1789134837976971,-0.02020813338458538,-0.02020813338458538
1789134837986971,-0.020024988800287247,-0.020024988800287247
1789134837998971,0.0022188047878444195,0.0022188047878444195
1789134838000971,0.0012041942682117224,0.0012041942682117224
1789134838016971,0.005422649905085564,0.005422649905085564
1789134838026971,0.005442698486149311,0.005442698486149311
1789134838032971,-0.019035592675209045,-0.019035592675209045
1789134838046971,0.002189082559198141,0.002189082559198141
1789134838058971,-0.015541672706604004,-0.015541672706604004
1789134838060971,-0.015627386048436165,-0.015627386048436165
1789134838076971,-0.011018237099051476,-0.011018237099051476
1789134838086971,-0.011096070520579815,-0.011096070520579815
1789134838096971,-0.010712239891290665,-0.010712239891290665
1789134838106971,-0.011031691916286945,-0.011031691916286945
1789134838118971,-0.014464469626545906,-0.014464469626545906
1789134838128971,-0.010178184136748314,-0.010178184136748314
1789134838132971,-0.010580944828689098,-0.010580944828689098
1789134838146971,-0.010513311251997948,-0.010513311251997948
1789134838156971,-0.01104093249887228,-0.01104093249887228
1789134838166971,-0.027651185169816017,-0.027651185169816017
1789134838178971,-0.008974015712738037,-0.008974015712738037
1789134838180971,-0.008674509823322296,-0.008674509823322296
1789134838196971,-0.0050194445066154,-0.0050194445066154
1789134838206971,-0.005492509342730045,-0.005492509342730045
1789134838216971,-0.006239953450858593,-0.006239953450858593
1789134838226971,-0.0050221579149365425,-0.0050221579149365425
1789134838238971,0.011098447255790234,0.011098447255790234
1789134838246971,0.007820633240044117,0.007820633240044117
1789134838256971,-0.004204709082841873,-0.004204709082841873
1789134838264971,-0.004858826752752066,-0.004858826752752066
1789134838276971,-0.0049718087539076805,-0.0049718087539076805
1789134838286971,-0.00420759990811348,-0.00420759990811348
1789134838296971,0.0029566166922450066,0.0029566166922450066
1789134838300971,0.0022909333929419518,0.0022909333929419518
1789134838316971,0.0013546666596084833,0.0013546666596084833
1789134838326971,0.000763978692702949,0.000763978692702949
1789134838334971,0.0003893683897331357,0.0003893683897331357
1789134838346971,-0.0011772752040997148,-0.0011772752040997148
1789134838358971,0.0015179476467892528,0.0015179476467892528
1789134838368971,-0.007069600746035576,-0.007069600746035576
1789134838376971,-0.007406002841889858,-0.007406002841889858
1789134838386971,-0.0082449521869421,-0.0082449521869421
1789134838396971,-0.010050308890640736,-0.010050308890640736
1789134838406971,-0.007411099039018154,-0.007411099039018154
1789134838418971,0.009069066494703293,0.009069066494703293
1789134838421129,0.002307548886165023,0.002307548886165023
1789134838437129,-0.0026641131844371557,-0.0026641131844371557
1789134838447129,-0.0032800810877233744,-0.0032800810877233744
1789134838457129,-0.005554987117648125,-0.005554987117648125
1789134838467129,-0.012917709536850452,-0.012917709536850452
1789134838479129,0.008115188218653202,0.008115188218653202
1789134838487129,0.0047296192497015,0.0047296192497015
1789134838495129,-0.0044631012715399265,-0.0044631012715399265
1789134838507129,-0.00653591426089406,-0.00653591426089406
1789134838517129,-0.010114667005836964,-0.010114667005836964
1789134838527129,-0.004467264749109745,-0.004467264749109745
1789134838539129,0.0254919845610857,0.0254919845610857
1789134838549129,0.009733620099723339,0.009733620099723339
1789134838557129,0.008495699614286423,0.008495699614286423
1789134838563129,0.02287101373076439,0.02287101373076439
1789134838577129,0.015151669271290302,0.015151669271290302
1789134838587129,0.019809862598776817,0.019809862598776817
1789134838599129,0.007039859425276518,0.007039859425276518
1789134838609129,-0.036504827439785004,-0.036504827439785004
1789134838617129,-0.03639628738164902,-0.03639628738164902
1789134838627129,-0.037099361419677734,-0.037099361419677734
1789134838637129,-0.03734511509537697,-0.03734511509537697
1789134838647129,-0.0364299938082695,-0.0364299938082695
1789134838659129,-0.05687887966632843,-0.05687887966632843
1789134838661129,-0.05315534397959709,-0.05315534397959709
1789134838677129,-0.04851372539997101,-0.04851372539997101
1789134838687129,-0.04810222610831261,-0.04810222610831261
1789134838695129,-0.03353705257177353,-0.03353705257177353
1789134838707129,-0.0331227146089077,-0.0331227146089077
1789134838719129,-0.0273484755307436,-0.0273484755307436
1789134838729129,-0.03297398239374161,-0.03297398239374161
1789134838735129,-0.03268185257911682,-0.03268185257911682
1789134838747129,-0.030736029148101807,-0.030736029148101807
1789134838757129,-0.026539765298366547,-0.026539765298366547
1789134838767129,-0.03272990509867668,-0.03272990509867668
1789134838777129,-0.04287370666861534,-0.04287370666861534
1789134838787129,-0.04054785892367363,-0.04054785892367363
1789134838793129,-0.040412236005067825,-0.040412236005067825
1789134838807129,-0.04031699523329735,-0.04031699523329735
1789134838817129,-0.03817816451191902,-0.03817816451191902
1789134838827129,-0.05417605862021446,-0.05417605862021446
1789134838839129,-0.039742469787597656,-0.039742469787597656
1789134838847129,-0.036953940987586975,-0.036953940987586975
1789134838853129,-0.05028971657156944,-0.05028971657156944
1789134838867129,-0.04882226511836052,-0.04882226511836052
1789134838877129,-0.046097878366708755,-0.046097878366708755
1789134838887129,-0.05036231875419617,-0.05036231875419617
1789134838899129,-0.05628608167171478,-0.05628608167171478
1789134838907129,-0.04882184788584709,-0.04882184788584709
1789134838917129,-0.02452181465923786,-0.02452181465923786
1789134838925129,-0.02579909935593605,-0.02579909935593605
1789134838935129,-0.028225548565387726,-0.028225548565387726
1789134838947129,-0.02454981580376625,-0.02454981580376625
1789134838959129,-0.0188476350158453,-0.0188476350158453
1789134838969129,-0.0433480441570282,-0.0433480441570282
1789134838977129,-0.04428168758749962,-0.04428168758749962
1789134838987129,-0.04504138231277466,-0.04504138231277466
1789134838993129,-0.029198843985795975,-0.029198843985795975
1789134839007129,-0.031167929992079735,-0.031167929992079735
1789134839019129,0.0017171739600598812,0.0017171739600598812
1789134839021129,-0.0061148083768785,-0.0061148083768785
1789134839037129,-0.007005428895354271,-0.007005428895354271
1789134839045129,-0.010612455196678638,-0.010612455196678638
1789134839057129,-0.012414511293172836,-0.012414511293172836
1789134839067129,-0.007011475041508675,-0.007011475041508675
1789134839079129,0.007693578023463488,0.007693578023463488
1789134839089129,-0.015375158749520779,-0.015375158749520779
1789134839097129,-0.018680514767766,-0.018680514767766
1789134839107129,-0.0212562195956707,-0.0212562195956707
1789134839117129,-0.022522952407598495,-0.022522952407598495
1789134839127129,0.005977089516818523,0.005977089516818523
1789134839137129,0.006065241992473602,0.006065241992473602
1789134839149129,0.020036153495311737,0.020036153495311737
1789134839155129,0.009945870377123356,0.009945870377123356
1789134839167129,0.007181160151958466,0.007181160151958466
1789134839177129,0.0012192102149128914,0.0012192102149128914
1789134839187129,0.009963830932974815,0.009963830932974815
1789134839197129,0.019199909642338753,0.019199909642338753
1789134839209129,0.02214128151535988,0.02214128151535988
1789134839217129,0.01596008613705635,0.01596008613705635
1789134839221129,0.006421064957976341,0.006421064957976341
1789134839237129,-0.0006652744486927986,-0.0006652744486927986
1789134839247129,-0.011091315187513828,-0.011091315187513828
1789134839257129,0.015252836979925632,0.015252836979925632
1789134839267129,-0.0018897784175351262,-0.0018897784175351262
1789134839277129,-0.00464512687176466,-0.00464512687176466
1789134839287129,-0.007029768079519272,-0.007029768079519272
1789134839297129,-0.012921559624373913,-0.012921559624373913
1789134839307129,-0.004642826039344072,-0.004642826039344072
1789134839319129,0.047471340745687485,0.047471340745687485
1789134839321129,0.013805761933326721,0.013805761933326721
1789134839335129,0.023115599527955055,0.023115599527955055
1789134839347129,0.01985647715628147,0.01985647715628147
1789134839355129,-0.006704574450850487,-0.006704574450850487
1789134839367129,-0.02675723284482956,-0.02675723284482956
1789134839379129,-0.013998421840369701,-0.013998421840369701
1789134839387129,-0.023759448900818825,-0.023759448900818825
1789134839397129,-0.01421898789703846,-0.01421898789703846
1789134839407129,-0.015239340253174305,-0.015239340253174305
1789134839417129,-0.018710674718022346,-0.018710674718022346
1789134839427286,-0.014237682335078716,-0.014237682335078716
1789134839437286,-0.018091119825839996,-0.018091119825839996
1789134839447286,-0.02167697437107563,-0.02167697437107563
1789134839453286,-0.010022664442658424,-0.010022664442658424
1789134839467286,-0.012901549227535725,-0.012901549227535725
1789134839477286,-0.016858931630849838,-0.016858931630849838
1789134839487286,0.015667371451854706,0.015667371451854706
1789134839499286,0.01628192886710167,0.01628192886710167
1789134839509286,0.019916407763957977,0.019916407763957977
1789134839517286,0.008312842808663845,0.008312842808663845
1789134839527286,0.006697201170027256,0.006697201170027256
1789134839535286,0.00832043495029211,0.00832043495029211
1789134839547286,0.008325835689902306,0.008325835689902306
1789134839559286,0.016189128160476685,0.016189128160476685
1789134839567286,0.00885703880339861,0.00885703880339861
1789134839577286,0.007496897131204605,0.007496897131204605
1789134839585286,-0.0033516613766551018,-0.0033516613766551018
1789134839597286,-0.00915722455829382,-0.00915722455829382
1789134839607286,0.0075120097026228905,0.0075120097026228905
1789134839619286,0.023812901228666306,0.023812901228666306
1789134839629286,-0.004860918503254652,-0.004860918503254652
1789134839637286,-0.01335868053138256,-0.01335868053138256
1789134839647286,-0.014251052401959896,-0.014251052401959896
1789134839653286,-0.0038261099252849817,-0.0038261099252849817
1789134839667286,-0.017447149381041527,-0.017447149381041527
1789134839679286,0.014370284043252468,0.014370284043252468
1789134839689286,0.010973002761602402,0.010973002761602402
1789134839697286,0.009297499433159828,0.009297499433159828
1789134839707286,0.005767513997852802,0.005767513997852802
1789134839717286,-0.004939159378409386,-0.004939159378409386
1789134839727286,0.009301750920712948,0.009301750920712948
1789134839737286,0.028957732021808624,0.028957732021808624
1789134839747286,0.0018978260923177004,0.0018978260923177004
1789134839757286,-0.02585471421480179,-0.02585471421480179
1789134839767286,-0.02679019793868065,-0.02679019793868065
1789134839777286,-0.030312610790133476,-0.030312610790133476
1789134839785286,-0.008322030305862427,-0.008322030305862427
1789134839797286,-0.047588855028152466,-0.047588855028152466
1789134839807286,-0.0486370213329792,-0.0486370213329792
1789134839815286,-0.0633886381983757,-0.0633886381983757
1789134839827286,-0.06398449093103409,-0.06398449093103409
1789134839837286,-0.06652861833572388,-0.06652861833572388
1789134839847286,-0.0634537860751152,-0.0634537860751152
1789134839857286,-0.05979352444410324,-0.05979352444410324
1789134839869286,-0.06939390301704407,-0.06939390301704407
1789134839877286,-0.07086744904518127,-0.07086744904518127
1789134839887286,-0.0709308385848999,-0.0709308385848999
1789134839897286,-0.07149699330329895,-0.07149699330329895
1789134839907286,-0.07095319777727127,-0.07095319777727127
1789134839919286,-0.027188053354620934,-0.027188053354620934
1789134839929286,-0.012691305950284004,-0.012691305950284004
1789134839935286,-0.016517996788024902,-0.016517996788024902
1789134839947286,-0.020478926599025726,-0.020478926599025726
1789134839957286,-0.02702079713344574,-0.02702079713344574
1789134839967286,-0.01654670760035515,-0.01654670760035515
1789134839979286,-0.009764029644429684,-0.009764029644429684
1789134839981286,-0.03213488310575485,-0.03213488310575485
1789134839997286,-0.04672684893012047,-0.04672684893012047
1789134840007286,-0.04886242374777794,-0.04886242374777794
1789134840015286,-0.02292834408581257,-0.02292834408581257
1789134840027286,-0.03609883412718773,-0.03609883412718773
1789134840039286,0.0012243702076375484,0.0012243702076375484
1789134840045286,-0.014855329878628254,-0.014855329878628254
1789134840057286,-0.0005402052775025368,-0.0005402052775025368
1789134840067286,-0.007224162109196186,-0.007224162109196186
1789134840077286,-0.01024708617478609,-0.01024708617478609
1789134840087286,-0.0005505040753632784,-0.0005505040753632784
1789134840099286,0.008572520688176155,0.008572520688176155
1789134840107286,-0.028864197432994843,-0.028864197432994843
1789134840113286,-0.03471243381500244,-0.03471243381500244
1789134840127286,-0.03772078827023506,-0.03772078827023506
1789134840135286,-0.03473963588476181,-0.03473963588476181
1789134840147286,0.01265218947082758,0.01265218947082758
1789134840159286,-0.03076062723994255,-0.03076062723994255
1789134840169286,-0.053828317672014236,-0.053828317672014236
1789134840177286,-0.05828871577978134,-0.05828871577978134
1789134840187286,-0.06334192305803299,-0.06334192305803299
1789134840197286,-0.06622074544429779,-0.06622074544429779
1789134840207286,-0.058348704129457474,-0.058348704129457474
1789134840219286,0.014646829105913639,0.014646829105913639
1789134840229286,0.060350075364112854,0.060350075364112854
1789134840237286,0.040258027613162994,0.040258027613162994
1789134840245286,0.03029528260231018,0.03029528260231018
1789134840257286,0.015148959122598171,0.015148959122598171
1789134840267286,0.0402737595140934,0.0402737595140934
1789134840279286,0.03783872723579407,0.03783872723579407
1789134840289286,-0.01588628813624382,-0.01588628813624382
1789134840297286,-0.02320592850446701,-0.02320592850446701
1789134840307286,-0.03109094314277172,-0.03109094314277172
1789134840315286,0.004502888768911362,0.004502888768911362
1789134840327286,-0.02340618334710598,-0.02340618334710598
1789134840339286,-0.021491730585694313,-0.021491730585694313
1789134840341286,-0.03297810256481171,-0.03297810256481171
1789134840357286,-0.05085564777255058,-0.05085564777255058
1789134840367286,-0.05384957417845726,-0.05384957417845726
1789134840377286,-0.06923538446426392,-0.06923538446426392
1789134840387286,-0.05091072618961334,-0.05091072618961334
1789134840399286,0.03884778544306755,0.03884778544306755
1789134840409286,-0.017830906435847282,-0.017830906435847282
1789134840417286,-0.02550949901342392,-0.02550949901342392
1789134840427444,-0.033050622791051865,-0.033050622791051865
1789134840437444,-0.04754794016480446,-0.04754794016480446
1789134840447444,-0.006909290328621864,-0.006909290328621864
1789134840459444,-0.018678154796361923,-0.018678154796361923
1789134840469444,-0.05139464884996414,-0.05139464884996414
1789134840475444,-0.054138682782649994,-0.054138682782649994
1789134840487444,-0.056923627853393555,-0.056923627853393555
1789134840497444,-0.06286410242319107,-0.06286410242319107
1789134840507444,-0.05420350655913353,-0.05420350655913353
1789134840519444,-0.00658856937661767,-0.00658856937661767
1789134840529444,-0.029549451544880867,-0.029549451544880867
1789134840535444,-0.03718908131122589,-0.03718908131122589
1789134840543444,-0.009614299982786179,-0.009614299982786179
1789134840557444,-0.0351044237613678,-0.0351044237613678
1789134840567444,-0.025974025949835777,-0.025974025949835777
1789134840579444,-0.037880685180425644,-0.037880685180425644
1789134840587444,-0.05396617203950882,-0.05396617203950882
1789134840597444,-0.07197567820549011,-0.07197567820549011
1789134840607444,-0.07505527883768082,-0.07505527883768082
1789134840617444,-0.091600701212883,-0.091600701212883
1789134840627444,-0.10000031441450119,-0.10000031441450119
1789134840637444,-0.005808662623167038,-0.005808662623167038
1789134840649444,-0.006352908909320831,-0.006352908909320831
1789134840657444,-0.017296936362981796,-0.017296936362981796
1789134840667444,-0.02802332676947117,-0.02802332676947117
1789134840675444,0.04091869667172432,0.04091869667172432
1789134840687444,0.008627659641206264,0.008627659641206264
1789134840697444,-0.08648499101400375,-0.08648499101400375
1789134840709444,-0.07669398933649063,-0.07669398933649063
1789134840717444,-0.0864148736000061,-0.0864148736000061
1789134840727444,-0.08928056061267853,-0.08928056061267853
1789134840735444,-0.08647048473358154,-0.08647048473358154
1789134840747444,-0.08651185035705566,-0.08651185035705566
1789134840757444,0.009272241964936256,0.009272241964936256
1789134840769444,0.036921873688697815,0.036921873688697815
1789134840773444,0.022796282544732094,0.022796282544732094
1789134840787444,0.00878475233912468,0.00878475233912468
1789134840797444,0.001180414343252778,0.001180414343252778
1789134840805444,0.06001589819788933,0.06001589819788933
1789134840819444,0.003043472534045577,0.003043472534045577
1789134840829444,-0.007563531398773193,-0.007563531398773193
1789134840837444,-0.01436638180166483,-0.01436638180166483
1789134840847444,-0.02061346545815468,-0.02061346545815468
1789134840855444,0.030929692089557648,0.030929692089557648
1789134840867444,-0.011783513240516186,-0.011783513240516186
1789134840879444,0.06137640029191971,0.06137640029191971
1789134840887444,0.01642754301428795,0.01642754301428795
1789134840897444,0.05263976380228996,0.05263976380228996
1789134840905444,0.01940845511853695,0.01940845511853695
1789134840917444,0.0004090492147952318,0.0004090492147952318
1789134840927444,0.0527111180126667,0.0527111180126667
1789134840939444,0.10705454647541046,0.10705454647541046
1789134840941444,0.05292041227221489,0.05292041227221489
1789134840957444,0.03299902752041817,0.03299902752041817
1789134840967444,0.025450127199292183,0.025450127199292183
1789134840975444,0.023702416568994522,0.023702416568994522
1789134840987444,0.0022433872800320387,0.0022433872800320387
1789134840999444,0.0441804900765419,0.0441804900765419
1789134841003444,0.001353440573439002,0.001353440573439002
1789134841017444,0.033301204442977905,0.033301204442977905
1789134841027444,0.016786836087703705,0.016786836087703705
1789134841037444,-0.015060330741107464,-0.015060330741107464
1789134841047444,0.05344843864440918,0.05344843864440918
1789134841059444,-0.01510530337691307,-0.01510530337691307
1789134841061444,-0.026951678097248077,-0.026951678097248077
1789134841077444,-0.07087095826864243,-0.07087095826864243
1789134841087444,-0.07580173760652542,-0.07580173760652542
1789134841097444,-0.10175938904285431,-0.10175938904285431
1789134841107444,0.07578175514936447,0.07578175514936447
1789134841119444,0.19151362776756287,0.19151362776756287
1789134841127444,0.15096938610076904,0.15096938610076904
1789134841135444,0.13663288950920105,0.13663288950920105
1789134841147444,0.11730438470840454,0.11730438470840454
1789134841157444,0.08090601861476898,0.08090601861476898
1789134841167444,0.1367713361978531,0.1367713361978531
1789134841179444,0.16981971263885498,0.16981971263885498
1789134841187444,0.06472823023796082,0.06472823023796082
1789134841197444,0.008690973743796349,0.008690973743796349
1789134841203444,0.005601014010608196,0.005601014010608196
1789134841217444,-0.028718575835227966,-0.028718575835227966
1789134841227444,-0.005977618042379618,-0.005977618042379618
1789134841239444,0.04972360283136368,0.04972360283136368
1789134841247444,0.01953146979212761,0.01953146979212761
1789134841257444,0.0716199204325676,0.0716199204325676
1789134841267444,0.052499912679195404,0.052499912679195404
1789134841277444,0.015479551628232002,0.015479551628232002
1789134841287444,0.07173345237970352,0.07173345237970352
1789134841299444,0.0287155918776989,0.0287155918776989
1789134841301444,-0.0645710825920105,-0.0645710825920105
1789134841317444,-0.07579081505537033,-0.07579081505537033
1789134841327444,-0.07843346148729324,-0.07843346148729324
1789134841335444,-0.014537010341882706,-0.014537010341882706
1789134841347444,-0.034102898091077805,-0.034102898091077805
1789134841359444,0.009761239401996136,0.009761239401996136
1789134841367444,-0.01290937140583992,-0.01290937140583992
1789134841377444,0.006047442555427551,0.006047442555427551
1789134841387444,-0.0032624152954667807,-0.0032624152954667807
1789134841397444,-0.02352195233106613,-0.02352195233106613
1789134841407444,0.006072521675378084,0.006072521675378084
1789134841419444,0.0663333609700203,0.0663333609700203
1789134841421444,0.007608592510223389,0.007608592510223389
1789134841433603,-0.01728551648557186,-0.01728551648557186
1789134841447603,-0.020827388390898705,-0.020827388390898705
1789134841457603,-0.03947126492857933,-0.03947126492857933
1789134841467603,0.03628658503293991,0.03628658503293991
1789134841479603,0.028445454314351082,0.028445454314351082
1789134841487603,0.011640477925539017,0.011640477925539017
1789134841497603,-0.05338991433382034,-0.05338991433382034
1789134841507603,-0.05878054350614548,-0.05878054350614548
1789134841517603,-0.07217293977737427,-0.07217293977737427
1789134841527603,-0.053421467542648315,-0.053421467542648315
1789134841539603,0.148500457406044,0.148500457406044
1789134841547603,0.11657019704580307,0.11657019704580307
1789134841557603,0.07876675575971603,0.07876675575971603
1789134841565603,0.06589506566524506,0.06589506566524506
1789134841577603,0.04465077817440033,0.04465077817440033
1789134841587603,0.07885196059942245,0.07885196059942245
1789134841599603,0.07448141276836395,0.07448141276836395
1789134841607603,0.006982018239796162,0.006982018239796162
1789134841617603,-0.020009739324450493,-0.020009739324450493
1789134841627603,-0.028094252571463585,-0.028094252571463585
1789134841635603,-0.00475824810564518,-0.00475824810564518
1789134841647603,-0.016514645889401436,-0.016514645889401436
1789134841659603,0.01491190493106842,0.01491190493106842
1789134841663603,-0.0091434046626091,-0.0091434046626091
1789134841677603,0.03827624022960663,0.03827624022960663
1789134841687603,0.03337741270661354,0.03337741270661354
1789134841697603,0.013026229105889797,0.013026229105889797
1789134841707603,0.03829736262559891,0.03829736262559891
1789134841719603,0.061221733689308167,0.061221733689308167
1789134841727603,0.011499901302158833,0.011499901302158833
1789134841735603,0.00035387161187827587,0.00035387161187827587
1789134841747603,-0.00885454285889864,-0.00885454285889864
1789134841757603,-0.028972912579774857,-0.028972912579774857
1789134841767603,0.10029345005750656,0.10029345005750656
1789134841779603,0.09035186469554901,0.09035186469554901
1789134841789603,0.024473700672388077,0.024473700672388077
1789134841795603,0.019499601796269417,0.019499601796269417
1789134841807603,0.01580340787768364,0.01580340787768364
1789134841817603,-0.0006931447423994541,-0.0006931447423994541
1789134841827603,0.019513390958309174,0.019513390958309174
1789134841839603,0.018376018851995468,0.018376018851995468
1789134841847603,-0.022166887298226357,-0.022166887298226357
1789134841853603,-0.04981732368469238,-0.04981732368469238
1789134841861603,-0.09640742093324661,-0.09640742093324661
1789134841877603,-0.10051389783620834,-0.10051389783620834
1789134841887603,-0.09894678741693497,-0.09894678741693497
1789134841899603,-0.005643388256430626,-0.005643388256430626
1789134841901603,-0.014865491539239883,-0.014865491539239883
1789134841917603,0.006286499556154013,0.006286499556154013
1789134841927603,0.0028338576667010784,0.0028338576667010784
1789134841935603,0.006293565034866333,0.006293565034866333
1789134841947603,0.006298219785094261,0.006298219785094261
1789134841959603,0.06371995806694031,0.06371995806694031
1789134841961603,0.02262897603213787,0.02262897603213787
1789134841977603,0.025364771485328674,0.025364771485328674
1789134841987603,0.018550237640738487,0.018550237640738487
1789134841995603,0.016141515225172043,0.016141515225172043
1789134842007603,-0.003237761789932847,-0.003237761789932847
1789134842019603,0.03964216634631157,0.03964216634631157
1789134842021603,0.019685067236423492,0.019685067236423492
1789134842037603,0.036960188299417496,0.036960188299417496
1789134842045603,0.02773941121995449,0.02773941121995449
1789134842057603,0.012054378166794777,0.012054378166794777
1789134842067603,0.03699561581015587,0.03699561581015587
1789134842079603,0.058172814548015594,0.058172814548015594
1789134842087603,0.009859486483037472,0.009859486483037472
1789134842093603,0.007395743392407894,0.007395743392407894
1789134842107603,7.076817564666271e-05,7.076817564666271e-05
1789134842117603,-0.014885993674397469,-0.014885993674397469
1789134842125603,0.030560433864593506,0.030560433864593506
1789134842139603,0.03573226556181908,0.03573226556181908
1789134842141603,0.03156513720750809,0.03156513720750809
1789134842157603,0.04091684892773628,0.04091684892773628
1789134842167603,0.037093717604875565,0.037093717604875565
1789134842177603,0.024781877174973488,0.024781877174973488
1789134842187603,0.020003441721200943,0.020003441721200943
1789134842197603,0.02320682629942894,0.02320682629942894
1789134842209603,0.028067803010344505,0.028067803010344505
1789134842217603,0.021025625988841057,0.021025625988841057
1789134842225603,0.00973797682672739,0.00973797682672739
1789134842237603,0.011926678940653801,0.011926678940653801
1789134842247603,-0.011826899833977222,-0.011826899833977222
1789134842257603,0.03365292400121689,0.03365292400121689
1789134842269603,0.030007680878043175,0.030007680878043175
1789134842277603,0.017695508897304535,0.017695508897304535
1789134842287603,0.013980953954160213,0.013980953954160213
1789134842293603,0.05557361617684364,0.05557361617684364
1789134842307603,0.03482270985841751,0.03482270985841751
1789134842319603,0.08273545652627945,0.08273545652627945
1789134842329603,0.06807820498943329,0.06807820498943329
1789134842335603,0.0651969388127327,0.0651969388127327
1789134842347603,0.05533543974161148,0.05533543974161148
1789134842357603,0.03653955087065697,0.03653955087065697
1789134842367603,0.06528270989656448,0.06528270989656448
1789134842379603,0.10859468579292297,0.10859468579292297
1789134842381603,0.05499124526977539,0.05499124526977539
1789134842397603,0.058574240654706955,0.058574240654706955
1789134842407603,0.05415153503417969,0.05415153503417969
1789134842417603,0.03352568671107292,0.03352568671107292
1789134842427603,0.07987070828676224,0.07987070828676224
1789134842439759,0.06754149496555328,0.06754149496555328
1789134842447759,0.05034932866692543,0.05034932866692543
1789134842455759,0.02670241706073284,0.02670241706073284
1789134842467759,0.01971721276640892,0.01971721276640892
1789134842477759,0.006441363599151373,0.006441363599151373
1789134842487759,0.026752740144729614,0.026752740144729614
1789134842499759,0.11422112584114075,0.11422112584114075
1789134842501759,0.07186087965965271,0.07186087965965271
1789134842517759,0.07969402521848679,0.07969402521848679
1789134842523759,0.12021330744028091,0.12021330744028091
1789134842535759,0.11164091527462006,0.11164091527462006
1789134842547759,0.06854429841041565,0.06854429841041565
1789134842559759,0.24005237221717834,0.24005237221717834
1789134842569759,0.23831111192703247,0.23831111192703247
1789134842577759,0.2216087281703949,0.2216087281703949
1789134842587759,0.20579880475997925,0.20579880475997925
1789134842597759,0.19810640811920166,0.19810640811920166
1789134842607759,0.22187946736812592,0.22187946736812592
1789134842619759,0.2650873363018036,0.2650873363018036
1789134842621759,0.17708197236061096,0.17708197236061096
1789134842637759,0.20047610998153687,0.20047610998153687
1789134842647759,0.19456197321414948,0.19456197321414948
1789134842653759,0.19012269377708435,0.19012269377708435
1789134842667759,0.1784808188676834,0.1784808188676834
1789134842677759,0.1549377739429474,0.1549377739429474
1789134842687759,0.1489531397819519,0.1489531397819519
1789134842697759,0.13113780319690704,0.13113780319690704
1789134842707759,0.12565091252326965,0.12565091252326965
1789134842717759,0.12285609543323517,0.12285609543323517
1789134842727759,0.13129670917987823,0.13129670917987823
1789134842739759,0.12515735626220703,0.12515735626220703
1789134842741759,0.11334268003702164,0.11334268003702164
1789134842753759,0.11404676735401154,0.11404676735401154
1789134842767759,0.11362925171852112,0.11362925171852112
1789134842777759,0.10870639234781265,0.10870639234781265
1789134842787759,0.20236895978450775,0.20236895978450775
1789134842799759,0.1775946319103241,0.1775946319103241
1789134842807759,0.1725914180278778,0.1725914180278778
1789134842817759,0.1394844800233841,0.1394844800233841
1789134842827759,0.13998624682426453,0.13998624682426453
1789134842837759,0.14203950762748718,0.14203950762748718
1789134842847759,0.13968443870544434,0.13968443870544434
1789134842859759,0.13038060069084167,0.13038060069084167
1789134842867759,0.1330227106809616,0.1330227106809616
1789134842877759,0.09767144173383713,0.09767144173383713
1789134842885759,0.10693249106407166,0.10693249106407166
1789134842897759,0.1317330300807953,0.1317330300807953
1789134842907759,0.0977242961525917,0.0977242961525917
1789134842919759,-0.10804414004087448,-0.10804414004087448
1789134842927759,-0.029704585671424866,-0.029704585671424866
1789134842935759,-0.027212655171751976,-0.027212655171751976
1789134842947759,-0.009806912392377853,-0.009806912392377853
1789134842955759,-0.03097963146865368,-0.03097963146865368
1789134842967759,-0.005882075056433678,-0.005882075056433678
1789134842979759,0.02248583361506462,0.02248583361506462
1789134842981759,0.06764606386423111,0.06764606386423111
1789134842997759,0.08163534104824066,0.08163534104824066
1789134843007759,0.08780968934297562,0.08780968934297562
1789134843017759,0.10124099254608154,0.10124099254608154
1789134843027759,0.08173152059316635,0.08173152059316635
1789134843039759,0.012094301171600819,0.012094301171600819
1789134843045759,0.09145305305719376,0.09145305305719376
1789134843057759,0.08089404553174973,0.08089404553174973
1789134843067759,0.09441728889942169,0.09441728889942169
1789134843077759,0.12301497161388397,0.12301497161388397
1789134843087759,-0.025780435651540756,-0.025780435651540756
1789134843099759,0.0009765274007804692,0.0009765274007804692
1789134843109759,0.060437269508838654,0.060437269508838654
1789134843115759,0.08837895095348358,0.08837895095348358
1789134843127759,0.09189320355653763,0.09189320355653763
1789134843135759,0.0884581133723259,0.0884581133723259
1789134843147759,0.08850198239088058,0.08850198239088058
1789134843159759,-0.05303773283958435,-0.05303773283958435
1789134843167759,0.027272138744592667,0.027272138744592667
1789134843177759,0.00834881141781807,0.00834881141781807
1789134843183759,-0.010738803073763847,-0.010738803073763847
1789134843197759,0.04280836135149002,0.04280836135149002
1789134843207759,0.024486998096108437,0.024486998096108437
1789134843219759,-0.013874487951397896,-0.013874487951397896
1789134843221759,0.022621573880314827,0.022621573880314827
1789134843237759,0.0389949306845665,0.0389949306845665
1789134843247759,0.047121811658144,0.047121811658144
1789134843257759,0.08530392497777939,0.08530392497777939
1789134843267759,0.03905375301837921,0.03905375301837921
1789134843279759,-0.10698229819536209,-0.10698229819536209
1789134843281759,-0.004315046593546867,-0.004315046593546867
1789134843297759,0.0012765798019245267,0.0012765798019245267
1789134843307759,0.02224704809486866,0.02224704809486866
1789134843315759,-0.04865410923957825,-0.04865410923957825
1789134843327759,0.011880801990628242,0.011880801990628242
1789134843339759,0.02242029458284378,0.02242029458284378
1789134843341759,0.048404186964035034,0.048404186964035034
1789134843357759,0.02680601179599762,0.02680601179599762
1789134843367759,0.03584645688533783,0.03584645688533783
1789134843377759,0.08341361582279205,0.08341361582279205
1789134843387759,0.02683199942111969,0.02683199942111969
1789134843399759,-0.17068584263324738,-0.17068584263324738
1789134843407759,-0.04349299520254135,-0.04349299520254135
1789134843413759,-0.0714099258184433,-0.0714099258184433
1789134843427759,-0.05579112097620964,-0.05579112097620964
1789134843437916,-0.037259988486766815,-0.037259988486766815
1789134843447916,-0.06918393820524216,-0.06918393820524216
1789134843459916,0.01392331812530756,0.01392331812530756
1789134843461916,0.033003758639097214,0.033003758639097214
1789134843477916,0.05401284620165825,0.05401284620165825
1789134843487916,0.059461213648319244,0.059461213648319244
1789134843497916,0.10774607211351395,0.10774607211351395
1789134843507916,0.05406951159238815,0.05406951159238815
1789134843519916,0.01225745677947998,0.01225745677947998
1789134843529916,0.023681914433836937,0.023681914433836937
1789134843535916,0.041419629007577896,0.041419629007577896
1789134843545916,0.07578372955322266,0.07578372955322266
1789134843557916,0.09186720103025436,0.09186720103025436
1789134843567916,0.041499171406030655,0.041499171406030655
1789134843579916,-0.10502271354198456,-0.10502271354198456
1789134843587916,0.00010108435526490211,0.00010108435526490211
1789134843597916,-0.004199898801743984,-0.004199898801743984
1789134843607916,0.0057494849897921085,0.0057494849897921085
1789134843613916,-0.05094969645142555,-0.05094969645142555
1789134843627916,0.0067309048026800156,0.0067309048026800156
1789134843639916,0.0036296513862907887,0.0036296513862907887
1789134843643916,0.06042356416583061,0.06042356416583061
1789134843657916,0.04133634269237518,0.04133634269237518
1789134843667916,0.05310915783047676,0.05310915783047676
1789134843677916,0.06719500571489334,0.06719500571489334
1789134843687916,0.041401930153369904,0.041401930153369904
1789134843699916,-0.03670201078057289,-0.03670201078057289
1789134843701916,0.06262762099504471,0.06262762099504471
1789134843717916,0.023395918309688568,0.023395918309688568
1789134843727916,0.033607177436351776,0.033607177436351776
1789134843735916,0.023412451148033142,0.023412451148033142
1789134843747916,0.01901348866522312,0.01901348866522312
1789134843757916,0.01607246696949005,0.01607246696949005
1789134843767916,0.02379489690065384,0.02379489690065384
1789134843775916,-0.006667005829513073,-0.006667005829513073
1789134843787916,0.014753792434930801,0.014753792434930801
1789134843797916,0.02596568688750267,0.02596568688750267
1789134843807916,-0.006677911151200533,-0.006677911151200533
1789134843819916,-0.1311558187007904,-0.1311558187007904
1789134843821916,0.0009802384302020073,0.0009802384302020073
1789134843837916,0.018102634698152542,0.018102634698152542
1789134843841916,0.005169290117919445,0.005169290117919445
1789134843853916,0.027707114815711975,0.027707114815711975
1789134843867916,0.03456579148769379,0.03456579148769379
1789134843879916,-0.056441981345415115,-0.056441981345415115
1789134843887916,-0.02355119399726391,-0.02355119399726391
1789134843897916,-0.04253844544291496,-0.04253844544291496
1789134843907916,-0.026618916541337967,-0.026618916541337967
1789134843917916,-0.007418822031468153,-0.007418822031468153
1789134843927916,-0.042586807161569595,-0.042586807161569595
1789134843939916,-0.12573587894439697,-0.12573587894439697
1789134843941916,-0.05294421687722206,-0.05294421687722206
1789134843957916,-0.007157991174608469,-0.007157991174608469
1789134843967916,0.004131026566028595,0.004131026566028595
1789134843975916,-0.0831078439950943,-0.0831078439950943
1789134843987916,0.00408058799803257,0.00408058799803257
1789134843997916,0.010566383600234985,0.010566383600234985
1789134844009916,-0.006564383860677481,-0.006564383860677481
1789134844017916,0.013014420866966248,0.013014420866966248
1789134844027916,0.03159203380346298,0.03159203380346298
1789134844037916,0.06803006678819656,0.06803006678819656
1789134844047916,-0.04247554764151573,-0.04247554764151573
1789134844059916,0.015785425901412964,0.015785425901412964
1789134844061916,0.03280367702245712,0.03280367702245712
1789134844073916,-0.12786763906478882,-0.12786763906478882
1789134844087916,-0.11455736309289932,-0.11455736309289932
1789134844097916,-0.08886660635471344,-0.08886660635471344
1789134844107916,-0.19191902875900269,-0.19191902875900269
1789134844119916,-0.12662672996520996,-0.12662672996520996
1789134844127916,-0.08140106499195099,-0.08140106499195099
1789134844135916,-0.051203519105911255,-0.051203519105911255
1789134844147916,-0.02903764508664608,-0.02903764508664608
1789134844157916,0.016920024529099464,0.016920024529099464
1789134844167916,-0.051288291811943054,-0.051288291811943054
1789134844179916,-0.23816877603530884,-0.23816877603530884
1789134844187916,-0.09704053401947021,-0.09704053401947021
1789134844197916,-0.003418383654206991,-0.003418383654206991
1789134844205916,0.01444987766444683,0.01444987766444683
1789134844217916,0.04573323577642441,0.04573323577642441
1789134844227916,-0.0034025805070996284,-0.0034025805070996284
1789134844239916,0.004920358769595623,0.004920358769595623
1789134844247916,0.0931684821844101,0.0931684821844101
1789134844257916,0.071925088763237,0.071925088763237
1789134844267916,0.08622615784406662,0.08622615784406662
1789134844275916,0.027216149494051933,0.027216149494051933
1789134844287916,0.04804094135761261,0.04804094135761261
1789134844299916,-0.041442111134529114,-0.041442111134529114
1789134844301916,0.004950646311044693,0.004950646311044693
1789134844317916,-0.04678967595100403,-0.04678967595100403
1789134844327916,-0.038177408277988434,-0.038177408277988434
1789134844335916,-0.04681558534502983,-0.04681558534502983
1789134844347916,-0.046839501708745956,-0.046839501708745956
1789134844359916,-0.0967073068022728,-0.0967073068022728
1789134844367916,-0.0013012425042688847,-0.0013012425042688847
1789134844377916,-0.051333699375391006,-0.051333699375391006
1789134844387916,-0.03230367600917816,-0.03230367600917816
1789134844397916,0.007292881608009338,0.007292881608009338
1789134844407916,-0.12106555700302124,-0.12106555700302124
1789134844419916,-0.08272230625152588,-0.08272230625152588
1789134844421916,-0.06073109060525894,-0.06073109060525894
1789134844435916,-0.017797274515032768,-0.017797274515032768
1789134844448072,-0.009603383019566536,-0.009603383019566536
1789134844458072,0.03013017401099205,0.03013017401099205
1789134844468072,-0.017806513234972954,-0.017806513234972954
1789134844480072,-0.10933239758014679,-0.10933239758014679
1789134844490072,-0.0526505745947361,-0.0526505745947361
1789134844498072,-0.035537898540496826,-0.035537898540496826
1789134844504072,-0.044721994549036026,-0.044721994549036026
1789134844518072,0.007505201734602451,0.007505201734602451
1789134844528072,-0.009821341373026371,-0.009821341373026371
1789134844540072,-0.05812634527683258,-0.05812634527683258
1789134844542072,-0.023986825719475746,-0.023986825719475746
1789134844558072,0.018587544560432434,0.018587544560432434
1789134844568072,0.02567366696894169,0.02567366696894169
1789134844578072,0.05842374637722969,0.05842374637722969
1789134844588072,0.01861731894314289,0.01861731894314289
1789134844600072,-0.11076676100492477,-0.11076676100492477
1789134844602072,-0.024707790464162827,-0.024707790464162827
1789134844618072,-0.031849853694438934,-0.031849853694438934
1789134844628072,-0.014304849319159985,-0.014304849319159985
1789134844636072,-0.05103406682610512,-0.05103406682610512
1789134844648072,-0.0016154588665813208,-0.0016154588665813208
1789134844660072,-0.0009998108725994825,-0.0009998108725994825
1789134844662072,0.04011605307459831,0.04011605307459831
1789134844678072,-0.0003036530688405037,-0.0003036530688405037
1789134844688072,0.007531269453465939,0.007531269453465939
1789134844698072,0.04647648707032204,0.04647648707032204
1789134844708072,-0.0003098742454312742,-0.0003098742454312742
1789134844720072,-0.11603491008281708,-0.11603491008281708
1789134844728072,-0.01684579998254776,-0.01684579998254776
1789134844734072,0.0052176713943481445,0.0052176713943481445
1789134844748072,0.01996968686580658,0.01996968686580658
1789134844758072,0.04867159575223923,0.04867159575223923
1789134844768072,-0.09878165274858475,-0.09878165274858475
1789134844780072,-0.050053972750902176,-0.050053972750902176
1789134844782072,-0.03227014094591141,-0.03227014094591141
1789134844798072,0.01645704358816147,0.01645704358816147
1789134844808072,0.023317711427807808,0.023317711427807808
1789134844818072,0.05738471820950508,0.05738471820950508
1789134844828072,0.016483476385474205,0.016483476385474205
1789134844840072,-0.032562755048274994,-0.032562755048274994
1789134844848072,-0.012125599198043346,-0.012125599198043346
1789134844854072,0.0031539644114673138,0.0031539644114673138
1789134844866072,0.03549191355705261,0.03549191355705261
1789134844878072,0.027901548892259598,0.027901548892259598
1789134844888072,0.0031364355236291885,0.0031364355236291885
1789134844900072,-0.1306890994310379,-0.1306890994310379
1789134844902072,-0.028113584965467453,-0.028113584965467453
1789134844918072,0.0015386184677481651,0.0015386184677481651
1789134844928072,0.008644756861031055,0.008644756861031055
1789134844936072,0.0338069424033165,0.0338069424033165
1789134844948072,0.05186744034290314,0.05186744034290314
1789134844960072,-0.05758693441748619,-0.05758693441748619
1789134844964072,-0.016150563955307007,-0.016150563955307007
1789134844978072,-0.011525467969477177,-0.011525467969477177
1789134844988072,0.004624771885573864,0.004624771885573864
1789134844998072,0.03380611538887024,0.03380611538887024
1789134845008072,0.060063254088163376,0.060063254088163376
1789134845020072,-0.0536409392952919,-0.0536409392952919
1789134845022072,0.03185370936989784,0.03185370936989784
1789134845038072,-0.03300020098686218,-0.03300020098686218
1789134845046072,-0.02446308545768261,-0.02446308545768261
1789134845058072,0.016050998121500015,0.016050998121500015
1789134845068072,-0.04581506922841072,-0.04581506922841072
1789134845080072,-0.024450315162539482,-0.024450315162539482
1789134845090072,-0.06761114299297333,-0.06761114299297333
1789134845096072,-0.05108121782541275,-0.05108121782541275
1789134845108072,-0.03904353082180023,-0.03904353082180023
1789134845118072,-0.02286866307258606,-0.02286866307258606
1789134845128072,0.047979727387428284,0.047979727387428284
1789134845140072,-0.12098882347345352,-0.12098882347345352
1789134845148072,-0.06084374338388443,-0.06084374338388443
1789134845158072,-0.068083755671978,-0.068083755671978
1789134845164072,-0.07149752229452133,-0.07149752229452133
1789134845178072,-0.035196151584386826,-0.035196151584386826
1789134845188072,-0.05249932035803795,-0.05249932035803795
1789134845200072,-0.11322593688964844,-0.11322593688964844
1789134845208072,-0.06877138465642929,-0.06877138465642929
1789134845218072,-0.07600428909063339,-0.07600428909063339
1789134845228072,-0.05652638152241707,-0.05652638152241707
1789134845238072,-0.01795998215675354,-0.01795998215675354
1789134845248072,-0.07610320299863815,-0.07610320299863815
1789134845258072,-0.12281597405672073,-0.12281597405672073
1789134845262072,-0.09899692982435226,-0.09899692982435226
1789134845278072,-0.03506941720843315,-0.03506941720843315
1789134845288072,-0.02703777886927128,-0.02703777886927128
1789134845296072,-0.06790584325790405,-0.06790584325790405
1789134845308072,-0.02383056841790676,-0.02383056841790676
1789134845320072,-0.15187354385852814,-0.15187354385852814
1789134845330072,-0.12849825620651245,-0.12849825620651245
1789134845336072,-0.10948812961578369,-0.10948812961578369
1789134845348072,-0.09756685048341751,-0.09756685048341751
1789134845358072,-0.08320208638906479,-0.08320208638906479
1789134845368072,-0.1096193790435791,-0.1096193790435791
1789134845380072,-0.19539117813110352,-0.19539117813110352
1789134845382072,-0.08957505226135254,-0.08957505226135254
1789134845394072,-0.08179911971092224,-0.08179911971092224
1789134845408072,-0.07356615364551544,-0.07356615364551544
1789134845418072,-0.03342435881495476,-0.03342435881495476
1789134845428072,-0.16237550973892212,-0.16237550973892212
1789134845438072,-0.1209845319390297,-0.1209845319390297
1789134845450072,-0.11154462397098541,-0.11154462397098541
1789134845452229,-0.09458676725625992,-0.09458676725625992
1789134845468229,-0.08018778264522552,-0.08018778264522552
1789134845478229,-0.05044396221637726,-0.05044396221637726
1789134845488229,-0.09472031891345978,-0.09472031891345978
1789134845500229,-0.13485169410705566,-0.13485169410705566
1789134845510229,-0.033955931663513184,-0.033955931663513184
1789134845518229,-0.01518723089247942,-0.01518723089247942
1789134845526229,-0.007014668080955744,-0.007014668080955744
1789134845536229,0.0038282880559563637,0.0038282880559563637
1789134845548229,-0.015178781002759933,-0.015178781002759933
1789134845560229,-0.02667415514588356,-0.02667415514588356
1789134845570229,-0.08785492926836014,-0.08785492926836014
1789134845578229,-0.07895639538764954,-0.07895639538764954
1789134845588229,-0.06785555183887482,-0.06785555183887482
1789134845594229,-0.12670518457889557,-0.12670518457889557
1789134845608229,-0.09304932504892349,-0.09304932504892349
1789134845620229,-0.11702317744493484,-0.11702317744493484
1789134845624229,-0.08056031912565231,-0.08056031912565231
1789134845638229,-0.06294518709182739,-0.06294518709182739
1789134845648229,-0.05994277074933052,-0.05994277074933052
1789134845658229,-0.04911702498793602,-0.04911702498793602
1789134845668229,-0.02628604881465435,-0.02628604881465435
1789134845680229,-0.12781395018100739,-0.12781395018100739
1789134845690229,-0.0991874411702156,-0.0991874411702156
1789134845698229,-0.0894865170121193,-0.0894865170121193
1789134845708229,-0.08175060153007507,-0.08175060153007507
1789134845718229,-0.06856086105108261,-0.06856086105108261
1789134845728229,-0.08914028108119965,-0.08914028108119965
1789134845740229,-0.04482365772128105,-0.04482365772128105
1789134845742229,-0.04099273681640625,-0.04099273681640625
1789134845756229,-0.014390162192285061,-0.014390162192285061
1789134845768229,-0.012751162983477116,-0.012751162983477116
1789134845778229,-0.0011613777605816722,-0.0011613777605816722
1789134845788229,-0.0143976965919137,-0.0143976965919137
1789134845800229,-0.012022491544485092,-0.012022491544485092
1789134845808229,0.011318697594106197,0.011318697594106197
1789134845818229,0.004704550839960575,0.004704550839960575
1789134845824229,0.01501245703548193,0.01501245703548193
1789134845838229,0.023001791909337044,0.023001791909337044
1789134845848229,0.01990210823714733,0.01990210823714733
1789134845860229,0.012420368380844593,0.012420368380844593
1789134845862229,0.016747837886214256,0.016747837886214256
1789134845878229,-0.04054943099617958,-0.04054943099617958
1789134845888229,-0.03780053183436394,-0.03780053183436394
1789134845898229,-0.024159114807844162,-0.024159114807844162
1789134845908229,-0.04059779271483421,-0.04059779271483421
1789134845920229,-0.05617678165435791,-0.05617678165435791
1789134845930229,-0.013181700371205807,-0.013181700371205807
1789134845936229,-0.012006871402263641,-0.012006871402263641
1789134845948229,-0.0065146274864673615,-0.0065146274864673615
1789134845956229,-0.11569063365459442,-0.11569063365459442
1789134845968229,-0.08238792419433594,-0.08238792419433594
1789134845978229,0.0008921765256673098,0.0008921765256673098
1789134845990229,-0.06606964021921158,-0.06606964021921158
1789134845998229,-0.056989237666130066,-0.056989237666130066
1789134846008229,-0.053438302129507065,-0.053438302129507065
1789134846018229,-0.034773342311382294,-0.034773342311382294
1789134846028229,-0.0570623055100441,-0.0570623055100441
1789134846038229,-0.06959674507379532,-0.06959674507379532
1789134846046229,-0.060789745301008224,-0.060789745301008224
1789134846054229,-0.06146053969860077,-0.06146053969860077
1789134846068229,-0.05579756945371628,-0.05579756945371628
1789134846078229,-0.04500407353043556,-0.04500407353043556
1789134846088229,-0.1285238116979599,-0.1285238116979599
1789134846100229,-0.10586345195770264,-0.10586345195770264
1789134846102229,-0.09732302278280258,-0.09732302278280258
1789134846118229,-0.08019917458295822,-0.08019917458295822
1789134846128229,-0.07674521207809448,-0.07674521207809448
1789134846136229,-0.08025944977998734,-0.08025944977998734
1789134846148229,-0.08029882609844208,-0.08029882609844208
1789134846158229,-0.0369822159409523,-0.0369822159409523
1789134846168229,-0.0267630647867918,-0.0267630647867918
1789134846178229,-0.017748914659023285,-0.017748914659023285
1789134846186229,-0.012567928992211819,-0.012567928992211819
1789134846198229,-0.006455565802752972,-0.006455565802752972
1789134846208229,-0.01781214401125908,-0.01781214401125908
1789134846220229,-0.1620704084634781,-0.1620704084634781
1789134846222229,-0.1279740333557129,-0.1279740333557129
1789134846238229,-0.13690544664859772,-0.13690544664859772
1789134846248229,-0.1332888901233673,-0.1332888901233673
1789134846256229,-0.10518572479486465,-0.10518572479486465
1789134846268229,-0.09655070304870605,-0.09655070304870605
1789134846280229,-0.05077645555138588,-0.05077645555138588
1789134846284229,-0.038791630417108536,-0.038791630417108536
1789134846298229,-0.01768535189330578,-0.01768535189330578
1789134846308229,-0.017488861456513405,-0.017488861456513405
1789134846318229,-0.016216658055782318,-0.016216658055782318
1789134846328229,-0.017724504694342613,-0.017724504694342613
1789134846340229,-0.07043543457984924,-0.07043543457984924
1789134846350229,-0.06887132674455643,-0.06887132674455643
1789134846358229,-0.06613261997699738,-0.06613261997699738
1789134846368229,-0.06588144600391388,-0.06588144600391388
1789134846378229,-0.06813354790210724,-0.06813354790210724
1789134846388229,-0.03418169915676117,-0.03418169915676117
1789134846400229,-0.043582137674093246,-0.043582137674093246
1789134846408229,-0.04567759856581688,-0.04567759856581688
1789134846416229,-0.04581186920404434,-0.04581186920404434
1789134846428229,-0.04759674891829491,-0.04759674891829491
1789134846438229,-0.051337629556655884,-0.051337629556655884
1789134846448387,-0.045869581401348114,-0.045869581401348114
1789134846460387,-0.023286614567041397,-0.023286614567041397
1789134846462387,-0.03851601481437683,-0.03851601481437683
1789134846478387,-0.03883622586727142,-0.03883622586727142
1789134846484387,-0.03363753855228424,-0.03363753855228424
1789134846498387,-0.04342188686132431,-0.04342188686132431
1789134846508387,-0.03653542324900627,-0.03653542324900627
1789134846520387,-0.013620219193398952,-0.013620219193398952
1789134846528387,-0.023111362010240555,-0.023111362010240555
1789134846536387,-0.020863426849246025,-0.020863426849246025
1789134846548387,-0.026323389261960983,-0.026323389261960983
1789134846558387,-0.03725530207157135,-0.03725530207157135
1789134846568387,-0.020893728360533714,-0.020893728360533714
1789134846578387,-0.007338223047554493,-0.007338223047554493
1789134846582387,-0.014610390178859234,-0.014610390178859234
1789134846598387,-0.03770493343472481,-0.03770493343472481
1789134846608387,-0.04045569524168968,-0.04045569524168968
1789134846616387,0.01113914605230093,0.01113914605230093
1789134846628387,-0.0061268191784620285,-0.0061268191784620285
1789134846640387,-0.029322214424610138,-0.029322214424610138
1789134846648387,-0.046595826745033264,-0.046595826745033264
1789134846658387,-0.025095520541071892,-0.025095520541071892
1789134846668387,-0.0292385034263134,-0.0292385034263134
1789134846678387,-0.03816100209951401,-0.03816100209951401
1789134846688387,-0.025133041664958,-0.025133041664958
1789134846698387,-0.03970550373196602,-0.03970550373196602
1789134846710387,-0.030541859567165375,-0.030541859567165375
1789134846714387,-0.040023382753133774,-0.040023382753133774
1789134846728387,-0.0428997278213501,-0.0428997278213501
1789134846736387,-0.060538485646247864,-0.060538485646247864
1789134846748387,0.03220081701874733,0.03220081701874733
1789134846760387,0.01676008850336075,0.01676008850336075
1789134846768387,-0.0011211988748982549,-0.0011211988748982549
1789134846778387,-0.03274890035390854,-0.03274890035390854
1789134846788387,-0.039276815950870514,-0.039276815950870514
1789134846798387,-0.052358228713274,-0.052358228713274
1789134846808387,-0.03278881683945656,-0.03278881683945656
1789134846820387,-0.0038416662719100714,-0.0038416662719100714
1789134846828387,-0.042328573763370514,-0.042328573763370514
1789134846838387,-0.07323388010263443,-0.07323388010263443
1789134846846387,-0.07813440263271332,-0.07813440263271332
1789134846856387,-0.05592525750398636,-0.05592525750398636
1789134846868387,-0.0691344290971756,-0.0691344290971756
1789134846880387,-0.02667165733873844,-0.02667165733873844
1789134846888387,-0.04457256197929382,-0.04457256197929382
1789134846898387,-0.037278980016708374,-0.037278980016708374
1789134846908387,-0.04903402552008629,-0.04903402552008629
1789134846916387,0.04317425936460495,0.04317425936460495
1789134846928387,0.025340089574456215,0.025340089574456215
1789134846938387,0.03187095746397972,0.03187095746397972
1789134846942387,-0.005833210423588753,-0.005833210423588753
1789134846958387,-0.001633453299291432,-0.001633453299291432
1789134846968387,-0.006541206035763025,-0.006541206035763025
1789134846978387,-0.030813967809081078,-0.030813967809081078
1789134846988387,-0.0016396233113482594,-0.0016396233113482594
1789134847000387,0.02254849672317505,0.02254849672317505
1789134847008387,-0.03738581761717796,-0.03738581761717796
1789134847018387,0.010614220052957535,0.010614220052957535
1789134847028387,-0.0018065061885863543,-0.0018065061885863543
1789134847038387,-0.027088645845651627,-0.027088645845651627
1789134847048387,0.05098928511142731,0.05098928511142731
1789134847060387,-0.009496066719293594,-0.009496066719293594
1789134847062387,-0.021549316123127937,-0.021549316123127937
1789134847076387,-0.02576521970331669,-0.02576521970331669
1789134847088387,-0.030722741037607193,-0.030722741037607193
1789134847098387,-0.05636022239923477,-0.05636022239923477
1789134847108387,-0.025795966386795044,-0.025795966386795044
1789134847120387,0.04951043054461479,0.04951043054461479
1789134847128387,-0.010602321475744247,-0.010602321475744247
1789134847136387,-0.0334787480533123,-0.0334787480533123
1789134847148387,-0.04315558075904846,-0.04315558075904846
1789134847158387,-0.060131367295980453,-0.060131367295980453
1789134847168387,-0.033538851886987686,-0.033538851886987686
1789134847178387,-0.027757804840803146,-0.027757804840803146
1789134847188387,-0.07528762519359589,-0.07528762519359589
1789134847198387,-0.07391134649515152,-0.07391134649515152
1789134847208387,-0.07709486782550812,-0.07709486782550812
1789134847218387,-0.0837375819683075,-0.0837375819683075
1789134847228387,-0.07399812340736389,-0.07399812340736389
1789134847240387,0.025378506630659103,0.025378506630659103
1789134847242387,-0.021560195833444595,-0.021560195833444595
1789134847258387,-0.01693451777100563,-0.01693451777100563
1789134847268387,-0.027958491817116737,-0.027958491817116737
1789134847274387,-0.04205162823200226,-0.04205162823200226
1789134847288387,-0.05236387252807617,-0.05236387252807617
1789134847300387,0.02831074967980385,0.02831074967980385
1789134847302387,-0.002370483474805951,-0.002370483474805951
1789134847318387,0.0015938431024551392,0.0015938431024551392
1789134847328387,-0.004992762580513954,-0.004992762580513954
1789134847336387,0.0015929064247757196,0.0015929064247757196
1789134847348387,0.0015952929388731718,0.0015952929388731718
1789134847360387,0.04127272218465805,0.04127272218465805
1789134847368387,-0.02761436440050602,-0.02761436440050602
1789134847374387,-0.07286438345909119,-0.07286438345909119
1789134847388387,-0.0832018107175827,-0.0832018107175827
1789134847398387,-0.10678498446941376,-0.10678498446941376
1789134847408387,0.03296706825494766,0.03296706825494766
1789134847420387,0.005678432062268257,0.005678432062268257
1789134847428387,-0.008467293344438076,-0.008467293344438076
1789134847438387,-0.04320097342133522,-0.04320097342133522
1789134847448387,-0.04968074709177017,-0.04968074709177017
1789134847458543,-0.06328872591257095,-0.06328872591257095
1789134847468543,-0.04323935508728027,-0.04323935508728027
1789134847480543,0.013645620085299015,0.013645620085299015
1789134847488543,-0.007129397243261337,-0.007129397243261337
1789134847498543,-0.06685417890548706,-0.06685417890548706
1789134847506543,-0.09028039872646332,-0.09028039872646332
1789134847518543,-0.10114675015211105,-0.10114675015211105
1789134847528543,-0.06695044785737991,-0.06695044785737991
1789134847538543,0.030514810234308243,0.030514810234308243
1789134847548543,-0.03865388035774231,-0.03865388035774231
1789134847558543,-0.0293408390134573,-0.0293408390134573
1789134847568543,-0.0372605100274086,-0.0372605100274086
1789134847576543,-0.011453753337264061,-0.011453753337264061
1789134847588543,-0.033669404685497284,-0.033669404685497284
1789134847600543,-0.02598588727414608,-0.02598588727414608
1789134847604543,-0.06745155900716782,-0.06745155900716782
1789134847618543,-0.09309010952711105,-0.09309010952711105
1789134847628543,-0.1017262265086174,-0.1017262265086174
1789134847638543,-0.11256393045186996,-0.11256393045186996
1789134847648543,-0.09319151192903519,-0.09319151192903519
1789134847660543,0.08642749488353729,0.08642749488353729
1789134847662543,-0.0018462633015587926,-0.0018462633015587926
1789134847678543,0.021455740556120872,0.021455740556120872
1789134847688543,0.010251762345433235,0.010251762345433235
1789134847698543,-0.03929103910923004,-0.03929103910923004
1789134847708543,-0.0356857031583786,-0.0356857031583786
1789134847720543,-0.0529867447912693,-0.0529867447912693
1789134847728543,-0.08216046541929245,-0.08216046541929245
1789134847736543,-0.11492272466421127,-0.11492272466421127
1789134847748543,-0.12825153768062592,-0.12825153768062592
1789134847758543,-0.15402109920978546,-0.15402109920978546
1789134847768543,-0.11507793515920639,-0.11507793515920639
1789134847780543,0.04343322291970253,0.04343322291970253
1789134847782543,-0.041017159819602966,-0.041017159819602966
1789134847798543,-0.01139121875166893,-0.01139121875166893
1789134847804543,0.006266529206186533,0.006266529206186533
1789134847818543,-0.03498120978474617,-0.03498120978474617
1789134847828543,-0.013500655069947243,-0.013500655069947243
1789134847840543,0.08713933825492859,0.08713933825492859
1789134847848543,0.031077226623892784,0.031077226623892784
1789134847854543,0.013115720823407173,0.013115720823407173
1789134847868543,-0.007072796579450369,-0.007072796579450369
1789134847878543,-0.04462236166000366,-0.04462236166000366
1789134847888543,0.013105364516377449,0.013105364516377449
1789134847900543,0.15340615808963776,0.15340615808963776
1789134847902543,0.032735902816057205,0.032735902816057205
1789134847918543,0.05680925399065018,0.05680925399065018
1789134847928543,0.04451536759734154,0.04451536759734154
1789134847936543,0.2192610502243042,0.2192610502243042
1789134847948543,0.1362176537513733,0.1362176537513733
1789134847960543,0.23937514424324036,0.23937514424324036
1789134847968543,0.14902722835540771,0.14902722835540771
1789134847978543,0.17848747968673706,0.17848747968673706
1789134847988543,0.14532668888568878,0.14532668888568878
1789134847998543,0.07839516550302505,0.07839516550302505
1789134848008543,0.178708016872406,0.178708016872406
1789134848020543,0.3827180862426758,0.3827180862426758
1789134848022543,0.1788197010755539,0.1788197010755539
1789134848034543,0.1463242769241333,0.1463242769241333
1789134848046543,0.11706947535276413,0.11706947535276413
1789134848058543,0.06343918293714523,0.06343918293714523
1789134848068543,0.22931049764156342,0.22931049764156342
1789134848080543,0.10236552357673645,0.10236552357673645
1789134848088543,0.05247872322797775,0.05247872322797775
1789134848098543,0.02698737382888794,0.02698737382888794
1789134848108543,0.005415420979261398,0.005415420979261398
1789134848118543,-0.03757316991686821,-0.03757316991686821
1789134848128543,0.0270437803119421,0.0270437803119421
1789134848140543,0.11251267045736313,0.11251267045736313
1789134848148543,0.07943368703126907,0.07943368703126907
1789134848158543,0.07696288824081421,0.07696288824081421
1789134848166543,0.05679519474506378,0.05679519474506378
1789134848178543,0.022355569526553154,0.022355569526553154
1789134848188543,0.07704973220825195,0.07704973220825195
1789134848200543,0.18117305636405945,0.18117305636405945
1789134848208543,0.07616329938173294,0.07616329938173294
1789134848218543,0.045275866985321045,0.045275866985321045
1789134848228543,0.028376352041959763,0.028376352041959763
1789134848234543,0.10001034289598465,0.10001034289598465
1789134848248543,0.050053633749485016,0.050053633749485016
1789134848258543,0.02062677964568138,0.02062677964568138
1789134848270543,0.014058612287044525,0.014058612287044525
1789134848278543,0.004425991326570511,0.004425991326570511
1789134848288543,-0.0020995372906327248,-0.0020995372906327248
1789134848298543,-0.03490952029824257,-0.03490952029824257
1789134848308543,0.004434059839695692,0.004434059839695692
1789134848320543,0.14838279783725739,0.14838279783725739
1789134848330543,0.07473551481962204,0.07473551481962204
1789134848336543,0.05844558775424957,0.05844558775424957
1789134848348543,0.04316292330622673,0.04316292330622673
1789134848358543,0.03548818454146385,0.03548818454146385
1789134848368543,0.059961747378110886,0.059961747378110886
1789134848378543,0.009161649271845818,0.009161649271845818
1789134848390543,0.041783399879932404,0.041783399879932404
1789134848396543,0.035700950771570206,0.035700950771570206
1789134848408543,0.029218599200248718,0.029218599200248718
1789134848418543,-0.0005978832487016916,-0.0005978832487016916
1789134848428543,0.0357399620115757,0.0357399620115757
1789134848440543,0.1025400161743164,0.1025400161743164
1789134848448543,0.029280351474881172,0.029280351474881172
1789134848458701,0.014279058203101158,0.014279058203101158
1789134848468701,0.001540090423077345,0.001540090423077345
1789134848478701,-0.004053265787661076,-0.004053265787661076
1789134848488701,0.014302939176559448,0.014302939176559448
1789134848498701,0.08736836910247803,0.08736836910247803
1789134848502701,0.015232402831315994,0.015232402831315994
1789134848518701,0.001059459988027811,0.001059459988027811
1789134848528701,-0.003791710827499628,-0.003791710827499628
1789134848536701,-0.028639918193221092,-0.028639918193221092
1789134848548701,0.0010712053626775742,0.0010712053626775742
1789134848560701,0.11511068791151047,0.11511068791151047
1789134848562701,0.05096691474318504,0.05096691474318504
1789134848578701,0.023281047120690346,0.023281047120690346
1789134848588701,0.011272473260760307,0.011272473260760307
1789134848596701,0.052662428468465805,0.052662428468465805
1789134848608701,0.018378688022494316,0.018378688022494316
1789134848620701,0.06520947813987732,0.06520947813987732
1789134848622701,0.03344182297587395,0.03344182297587395
1789134848638701,0.03792313113808632,0.03792313113808632
1789134848648701,0.032742589712142944,0.032742589712142944
1789134848658701,0.006178019568324089,0.006178019568324089
1789134848668701,0.037975966930389404,0.037975966930389404
1789134848680701,0.12616945803165436,0.12616945803165436
1789134848688701,0.06025164946913719,0.06025164946913719
1789134848694701,-0.002161266515031457,-0.002161266515031457
1789134848708701,-0.011404899880290031,-0.011404899880290031
1789134848718701,-0.0312456376850605,-0.0312456376850605
1789134848728701,0.05284864455461502,0.05284864455461502
1789134848740701,0.029816707596182823,0.029816707596182823
1789134848742701,0.02522609569132328,0.02522609569132328
1789134848758701,-0.0133521044626832,-0.0133521044626832
1789134848768701,-0.01633339188992977,-0.01633339188992977
1789134848778701,-0.028516102582216263,-0.028516102582216263
1789134848788701,-0.013374531641602516,-0.013374531641602516
1789134848800701,0.04762338474392891,0.04762338474392891
1789134848808701,0.012959135696291924,0.012959135696291924
1789134848818701,0.011344813741743565,0.011344813741743565
1789134848826701,-0.0035208142362535,-0.0035208142362535
1789134848838701,-0.00884994026273489,-0.00884994026273489
1789134848848701,-0.020067302510142326,-0.020067302510142326
1789134848860701,0.06954167783260345,0.06954167783260345
1789134848862701,0.03096534125506878,0.03096534125506878
1789134848878701,0.017432386055588722,0.017432386055588722
1789134848888701,0.015071257948875427,0.015071257948875427
1789134848896701,0.029430998489260674,0.029430998489260674
1789134848908701,0.018852408975362778,0.018852408975362778
1789134848920701,0.032944779843091965,0.032944779843091965
1789134848924701,0.010634343139827251,0.010634343139827251
1789134848936701,0.011052251793444157,0.011052251793444157
1789134848948701,0.004272449761629105,0.004272449761629105
1789134848958701,-0.009173765778541565,-0.009173765778541565
1789134848968701,0.011060360819101334,0.011060360819101334
1789134848978701,0.013375138863921165,0.013375138863921165
1789134848982701,0.005023548379540443,0.005023548379540443
1789134848998701,-0.01233541127294302,-0.01233541127294302
1789134849008701,-0.015822915360331535,-0.015822915360331535
1789134849018701,-0.031818121671676636,-0.031818121671676636
1789134849026701,0.02495959959924221,0.02495959959924221
1789134849038701,0.018895437940955162,0.018895437940955162
1789134849046701,0.016022810712456703,0.016022810712456703
1789134849056701,-0.011081254109740257,-0.011081254109740257
1789134849068701,-0.01768047735095024,-0.01768047735095024
1789134849078701,-0.03104567900300026,-0.03104567900300026
1789134849088701,-0.011089327745139599,-0.011089327745139599
1789134849098701,-0.020665688440203667,-0.020665688440203667
1789134849110701,-0.026231704279780388,-0.026231704279780388
1789134849118701,-0.029541751369833946,-0.029541751369833946
1789134849124701,-0.028024792671203613,-0.028024792671203613
1789134849136701,-0.04533623158931732,-0.04533623158931732
1789134849148701,-0.05405265465378761,-0.05405265465378761
1789134849158701,0.048035282641649246,0.048035282641649246
1789134849170701,-0.0016798011492937803,-0.0016798011492937803
1789134849178701,-0.008993798866868019,-0.008993798866868019
1789134849188701,-0.01694171130657196,-0.01694171130657196
1789134849198701,-0.03213952109217644,-0.03213952109217644
1789134849208701,-0.008992025628685951,-0.008992025628685951
1789134849220701,0.08226940035820007,0.08226940035820007
1789134849222701,0.03199565038084984,0.03199565038084984
1789134849238701,0.003615765832364559,0.003615765832364559
1789134849248701,-0.0006382358260452747,-0.0006382358260452747
1789134849256701,0.02529052086174488,0.02529052086174488
1789134849268701,0.0024923060555011034,0.0024923060555011034
1789134849280701,0.05058000981807709,0.05058000981807709
1789134849288701,0.02016444131731987,0.02016444131731987
1789134849298701,0.061773382127285004,0.061773382127285004
1789134849308701,0.04816662520170212,0.04816662520170212
1789134849318701,0.02288844995200634,0.02288844995200634
1789134849328701,0.06184306740760803,0.06184306740760803
1789134849340701,0.11269165575504303,0.11269165575504303
1789134849348701,0.0743284597992897,0.0743284597992897
1789134849354701,0.06818187236785889,0.06818187236785889
1789134849368701,0.06190573424100876,0.06190573424100876
1789134849378701,0.03209156170487404,0.03209156170487404
1789134849388701,0.11396441608667374,0.11396441608667374
1789134849400701,0.0824127197265625,0.0824127197265625
1789134849408701,0.05737766623497009,0.05737766623497009
1789134849418701,0.1214900091290474,0.1214900091290474
1789134849428701,0.10284856706857681,0.10284856706857681
1789134849438701,0.06529790163040161,0.06529790163040161
1789134849448701,0.12166263163089752,0.12166263163089752
1789134849458701,0.13902319967746735,0.13902319967746735
1789134849470856,0.16414181888103485,0.16414181888103485
1789134849478856,0.13270197808742523,0.13270197808742523
1789134849486856,0.11695142835378647,0.11695142835378647
1789134849498856,0.08540976047515869,0.08540976047515869
1789134849508856,0.13286812603473663,0.13286812603473663
1789134849520856,0.1658158153295517,0.1658158153295517
1789134849530856,0.06668880581855774,0.06668880581855774
1789134849536856,0.05608714371919632,0.05608714371919632
1789134849548856,0.04683079943060875,0.04683079943060875
1789134849554856,0.05083698406815529,0.05083698406815529
1789134849568856,0.025436418130993843,0.025436418130993843
1789134849580856,0.028862034901976585,0.028862034901976585
1789134849584856,0.0097274798899889,0.0097274798899889
1789134849598856,-0.00494697131216526,-0.00494697131216526
1789134849608856,-0.0067876954562962055,-0.0067876954562962055
1789134849618856,-0.010662658140063286,-0.010662658140063286
1789134849628856,-0.020490124821662903,-0.020490124821662903
1789134849640856,0.047381870448589325,0.047381870448589325
1789134849648856,0.023611556738615036,0.023611556738615036
1789134849658856,0.03776612877845764,0.03776612877845764
1789134849668856,0.034505587071180344,0.034505587071180344
1789134849678856,0.028630279004573822,0.028630279004573822
1789134849688856,0.04952162504196167,0.04952162504196167
1789134849700856,0.01247718557715416,0.01247718557715416
1789134849702856,0.009016290307044983,0.009016290307044983
1789134849716856,0.007992302998900414,0.007992302998900414
1789134849728856,0.007487225346267223,0.007487225346267223
1789134849736856,0.00017222948372364044,0.00017222948372364044
1789134849748856,0.008003253489732742,0.008003253489732742
1789134849760856,0.02082686498761177,0.02082686498761177
1789134849768856,0.005682038608938456,0.005682038608938456
1789134849778856,0.00651691434904933,0.00651691434904933
1789134849784856,-0.00470690755173564,-0.00470690755173564
1789134849798856,-0.008815476670861244,-0.008815476670861244
1789134849808856,-0.006998108234256506,-0.006998108234256506
1789134849820856,-0.004741428419947624,-0.004741428419947624
1789134849822856,-0.007360423915088177,-0.007360423915088177
1789134849838856,0.007354687433689833,0.007354687433689833
1789134849848856,0.006717988755553961,0.006717988755553961
1789134849856856,0.0033210429828613997,0.0033210429828613997
1789134849868856,-0.001984394621104002,-0.001984394621104002
1789134849880856,0.010359051637351513,0.010359051637351513
1789134849882856,0.00543977739289403,0.00543977739289403
1789134849898856,0.013127337209880352,0.013127337209880352
1789134849908856,0.011646555736660957,0.011646555736660957
1789134849916856,-0.010218842886388302,-0.010218842886388302
1789134849928856,-0.013963230885565281,-0.013963230885565281
1789134849940856,0.010268498212099075,0.010268498212099075
1789134849942856,0.008638082072138786,0.008638082072138786
1789134849958856,0.0038091500755399466,0.0038091500755399466
1789134849968856,0.0028915281873196363,0.0028915281873196363
1789134849978856,-0.001480164472013712,-0.001480164472013712
1789134849988856,0.003820841433480382,0.003820841433480382
1789134850000856,0.015098398551344872,0.015098398551344872
1789134850008856,0.006694345735013485,0.006694345735013485
1789134850014856,0.0006851641228422523,0.0006851641228422523
1789134850028856,0.00011222780449315906,0.00011222780449315906
1789134850038856,-0.000772637315094471,-0.000772637315094471
1789134850046856,-8.553738007321954e-05,-8.553738007321954e-05
1789134850058856,0.003576988121494651,0.003576988121494651
1789134850062856,0.003346633166074753,0.003346633166074753
1789134850078856,-0.0019731279462575912,-0.0019731279462575912
1789134850088856,-0.002522079274058342,-0.002522079274058342
1789134850098856,-0.005571542773395777,-0.005571542773395777
1789134850108856,-0.001972804544493556,-0.001972804544493556
1789134850120856,0.010618818923830986,0.010618818923830986
1789134850128856,0.002519406145438552,0.002519406145438552
1789134850136856,-0.0037644701078534126,-0.0037644701078534126
1789134850146856,-0.006507318466901779,-0.006507318466901779
1789134850158856,-0.007857732474803925,-0.007857732474803925
1789134850168856,-0.0037672575563192368,-0.0037672575563192368
1789134850178856,-0.001525656320154667,-0.001525656320154667
1789134850188856,-0.002965710125863552,-0.002965710125863552
1789134850198856,-0.016123520210385323,-0.016123520210385323
1789134850208856,-0.016576098278164864,-0.016576098278164864
1789134850214856,5.9643760323524475e-05,5.9643760323524475e-05
1789134850228856,-0.002490212908014655,-0.002490212908014655
1789134850240856,0.015881113708019257,0.015881113708019257
1789134850250856,0.01283692941069603,0.01283692941069603
1789134850258856,0.012139369733631611,0.012139369733631611
1789134850268856,0.012640705332159996,0.012640705332159996
1789134850278856,0.013334711082279682,0.013334711082279682
1789134850288856,0.012128448113799095,0.012128448113799095
1789134850300856,-0.061914753168821335,-0.061914753168821335
1789134850310856,-0.0690120980143547,-0.0690120980143547
1789134850318856,-0.0651480183005333,-0.0651480183005333
1789134850328856,-0.06485813111066818,-0.06485813111066818
1789134850336856,-0.06581714004278183,-0.06581714004278183
1789134850348856,-0.04251875728368759,-0.04251875728368759
1789134850360856,-0.03713158890604973,-0.03713158890604973
1789134850370856,-0.03380575403571129,-0.03380575403571129
1789134850376856,-0.033676259219646454,-0.033676259219646454
1789134850388856,-0.035098496824502945,-0.035098496824502945
1789134850398856,-0.0361439473927021,-0.0361439473927021
1789134850408856,-0.03370014578104019,-0.03370014578104019
1789134850418856,0.00911729410290718,0.00911729410290718
1789134850430856,0.004539347253739834,0.004539347253739834
1789134850438856,0.003147871233522892,0.003147871233522892
1789134850444856,-0.02080858312547207,-0.02080858312547207
1789134850458856,-0.02392689138650894,-0.02392689138650894
1789134850469013,-0.022869640961289406,-0.022869640961289406
1789134850481013,0.004878533538430929,0.004878533538430929
1789134850491013,-0.0001692288788035512,-0.0001692288788035512
1789134850499013,-0.003147904062643647,-0.003147904062643647
1789134850509013,-0.006405523046851158,-0.006405523046851158
1789134850519013,-0.011530340649187565,-0.011530340649187565
1789134850529013,-0.0031524524092674255,-0.0031524524092674255
1789134850541013,-0.018296971917152405,-0.018296971917152405
1789134850551013,-0.03844763711094856,-0.03844763711094856
1789134850559013,-0.03857333958148956,-0.03857333958148956
1789134850569013,-0.03889710456132889,-0.03889710456132889
1789134850577013,-0.03201889246702194,-0.03201889246702194
1789134850589013,-0.03489750996232033,-0.03489750996232033
1789134850601013,-0.0777362659573555,-0.0777362659573555
1789134850609013,-0.07805625349283218,-0.07805625349283218
1789134850619013,-0.0647861585021019,-0.0647861585021019
1789134850629013,-0.06522690504789352,-0.06522690504789352
1789134850639013,-0.06652447581291199,-0.06652447581291199
1789134850649013,-0.06486114859580994,-0.06486114859580994
1789134850661013,-0.030635366216301918,-0.030635366216301918
1789134850663013,-0.03413735330104828,-0.03413735330104828
1789134850675013,1.6294652596116066e-06,1.6294652596116066e-06
1789134850689013,-0.0016487049870193005,-0.0016487049870193005
1789134850699013,-0.003851600456982851,-0.003851600456982851
1789134850709013,-0.016546161845326424,-0.016546161845326424
1789134850721013,-0.005541383288800716,-0.005541383288800716
1789134850729013,-0.011560454964637756,-0.011560454964637756
1789134850737013,0.006261357106268406,0.006261357106268406
1789134850749013,0.00255480594933033,0.00255480594933033
1789134850759013,0.0003816308453679085,0.0003816308453679085
1789134850769013,0.006258866749703884,0.006258866749703884
1789134850781013,0.006676816381514072,0.006676816381514072
1789134850789013,-0.018009504303336143,-0.018009504303336143
1789134850799013,-0.01953907497227192,-0.01953907497227192
1789134850807013,-0.023492712527513504,-0.023492712527513504
1789134850819013,-0.025820696726441383,-0.025820696726441383
1789134850829013,-0.019566262140870094,-0.019566262140870094
1789134850841013,0.015256904996931553,0.015256904996931553
1789134850849013,-0.010054182261228561,-0.010054182261228561
1789134850855013,-0.0270001869648695,-0.0270001869648695
1789134850869013,-0.030930504202842712,-0.030930504202842712
1789134850877013,0.001974537968635559,0.001974537968635559
1789134850889013,-0.004095868207514286,-0.004095868207514286
1789134850901013,-0.024183105677366257,-0.024183105677366257
1789134850903013,-0.03872089460492134,-0.03872089460492134
1789134850919013,-0.023839624598622322,-0.023839624598622322
1789134850929013,-0.025599796324968338,-0.025599796324968338
1789134850937013,-0.03568461537361145,-0.03568461537361145
1789134850949013,-0.023875342682003975,-0.023875342682003975
1789134850961013,-0.04599727317690849,-0.04599727317690849
1789134850969013,-0.06988825649023056,-0.06988825649023056
1789134850979013,-0.05664448440074921,-0.05664448440074921
1789134850989013,-0.05992291495203972,-0.05992291495203972
1789134850999013,-0.06700053066015244,-0.06700053066015244
1789134851009013,-0.018836483359336853,-0.018836483359336853
1789134851019013,-0.03726646304130554,-0.03726646304130554
1789134851029013,-0.038133975118398666,-0.038133975118398666
1789134851037013,-0.02576495334506035,-0.02576495334506035
1789134851047013,-0.028878912329673767,-0.028878912329673767
1789134851059013,-0.030716009438037872,-0.030716009438037872
1789134851069013,-0.02581307478249073,-0.02581307478249073
1789134851081013,-0.018467295914888382,-0.018467295914888382
1789134851089013,-0.04156822711229324,-0.04156822711229324
1789134851099013,-0.04707885533571243,-0.04707885533571243
1789134851109013,-0.050678860396146774,-0.050678860396146774
1789134851119013,-0.058820467442274094,-0.058820467442274094
1789134851129013,-0.04713977873325348,-0.04713977873325348
1789134851141013,-0.01784840039908886,-0.01784840039908886
1789134851143013,-0.03038758598268032,-0.03038758598268032
1789134851159013,-0.00982977356761694,-0.00982977356761694
1789134851169013,-0.013125043362379074,-0.013125043362379074
1789134851179013,-0.028239445760846138,-0.028239445760846138
1789134851189013,-0.009848483838140965,-0.009848483838140965
1789134851201013,0.03341418877243996,0.03341418877243996
1789134851203013,-0.0033905920572578907,-0.0033905920572578907
1789134851219013,0.019932640716433525,0.019932640716433525
1789134851229013,0.011737838387489319,0.011737838387489319
1789134851235013,0.02107386663556099,0.02107386663556099
1789134851249013,0.012670737691223621,0.012670737691223621
1789134851259013,0.0016609723679721355,0.0016609723679721355
1789134851271013,-0.00386603269726038,-0.00386603269726038
1789134851279013,-0.007451341021806002,-0.007451341021806002
1789134851289013,-0.011144481599330902,-0.011144481599330902
1789134851299013,-0.01823447272181511,-0.01823447272181511
1789134851309013,-0.007463022135198116,-0.007463022135198116
1789134851321013,0.04120449349284172,0.04120449349284172
1789134851329013,-0.0021741841919720173,-0.0021741841919720173
1789134851335013,0.017951253801584244,0.017951253801584244
1789134851349013,0.010592115111649036,0.010592115111649036
1789134851359013,-0.0037661001551896334,-0.0037661001551896334
1789134851369013,0.0035927488934248686,0.0035927488934248686
1789134851381013,-0.001489054411649704,-0.001489054411649704
1789134851391013,-0.024716638028621674,-0.024716638028621674
1789134851399013,-0.027446800842881203,-0.027446800842881203
1789134851409013,-0.030119962990283966,-0.030119962990283966
1789134851419013,-0.0393262542784214,-0.0393262542784214
1789134851429013,-0.027491683140397072,-0.027491683140397072
1789134851441013,-0.01774631440639496,-0.01774631440639496
1789134851449013,-0.04127698391675949,-0.04127698391675949
1789134851459013,-0.04249401018023491,-0.04249401018023491
1789134851467013,-0.05115032196044922,-0.05115032196044922
1789134851479168,-0.05562121048569679,-0.05562121048569679
1789134851489168,-0.04253344237804413,-0.04253344237804413
1789134851501168,-0.008647585287690163,-0.008647585287690163
1789134851503168,-0.03309226781129837,-0.03309226781129837
1789134851519168,-0.049983929842710495,-0.049983929842710495
1789134851529168,-0.05153530463576317,-0.05153530463576317
1789134851537168,-0.05900762602686882,-0.05900762602686882
1789134851549168,-0.06586060672998428,-0.06586060672998428
1789134851561168,-0.029915103688836098,-0.029915103688836098
1789134851571168,-0.012502121739089489,-0.012502121739089489
1789134851579168,-0.014040417969226837,-0.014040417969226837
1789134851589168,-0.020844291895627975,-0.020844291895627975
1789134851599168,-0.02319183200597763,-0.02319183200597763
1789134851609168,-0.043587155640125275,-0.043587155640125275
1789134851621168,-0.007499636150896549,-0.007499636150896549
1789134851629168,-0.042157575488090515,-0.042157575488090515
1789134851639168,-0.041400618851184845,-0.041400618851184845
1789134851649168,-0.04449443146586418,-0.04449443146586418
1789134851659168,-0.05943835526704788,-0.05943835526704788
1789134851667168,-0.0004443253856152296,-0.0004443253856152296
1789134851681168,-0.021628813818097115,-0.021628813818097115
1789134851691168,-0.011177671141922474,-0.011177671141922474
1789134851697168,-0.017228281125426292,-0.017228281125426292
1789134851709168,-0.025818459689617157,-0.025818459689617157
1789134851719168,-0.04505835846066475,-0.04505835846066475
1789134851729168,-0.06582321226596832,-0.06582321226596832
1789134851739168,0.13672170042991638,0.13672170042991638
1789134851749168,0.07290415465831757,0.07290415465831757
1789134851759168,0.08785185217857361,0.08785185217857361
1789134851765168,0.05662387236952782,0.05662387236952782
1789134851779168,0.03360142186284065,0.03360142186284065
1789134851789168,0.015804536640644073,0.015804536640644073
1789134851801168,0.013773605227470398,0.013773605227470398
1789134851809168,-0.008595345541834831,-0.008595345541834831
1789134851819168,-0.007735461927950382,-0.007735461927950382
1789134851829168,-0.016247184947133064,-0.016247184947133064
1789134851839168,-0.03236379846930504,-0.03236379846930504
1789134851849168,-0.007764277048408985,-0.007764277048408985
1789134851861168,0.04871291667222977,0.04871291667222977
1789134851863168,-0.004749120678752661,-0.004749120678752661
1789134851879168,-0.00664222426712513,-0.00664222426712513
1789134851889168,-0.011135144159197807,-0.011135144159197807
1789134851897168,0.04969501867890358,0.04969501867890358
1789134851909168,0.021222256124019623,0.021222256124019623
1789134851921168,-0.006503955461084843,-0.006503955461084843
1789134851929168,-0.03307275101542473,-0.03307275101542473
1789134851937168,-0.010528885759413242,-0.010528885759413242
1789134851949168,-0.01922825537621975,-0.01922825537621975
1789134851959168,-0.03577137738466263,-0.03577137738466263
1789134851969168,-0.010552185587584972,-0.010552185587584972
1789134851981168,0.07977642118930817,0.07977642118930817
1789134851991168,0.074856698513031,0.074856698513031
1789134851995168,0.05097639933228493,0.05097639933228493
1789134852009168,0.044901054352521896,0.044901054352521896
1789134852019168,0.018584825098514557,0.018584825098514557
1789134852029168,0.08592747896909714,0.08592747896909714
1789134852041168,0.04346417635679245,0.04346417635679245
1789134852047168,0.020976850762963295,0.020976850762963295
1789134852059168,0.005055966787040234,0.005055966787040234
1789134852069168,-0.00531743373721838,-0.00531743373721838
1789134852079168,-0.027731431648135185,-0.027731431648135185
1789134852089168,0.005089893937110901,0.005089893937110901
1789134852099168,0.045159924775362015,0.045159924775362015
1789134852111168,0.03733270242810249,0.03733270242810249
1789134852119168,0.016677945852279663,0.016677945852279663
1789134852127168,0.011588863097131252,0.011588863097131252
1789134852137168,-0.014590860344469547,-0.014590860344469547
1789134852149168,0.016714321449398994,0.016714321449398994
1789134852159168,0.04632234945893288,0.04632234945893288
1789134852169168,0.033951763063669205,0.033951763063669205
1789134852179168,0.015275155194103718,0.015275155194103718
1789134852189168,0.004660504870116711,0.004660504870116711
1789134852197168,-0.003808083711192012,-0.003808083711192012
1789134852209168,-0.01842118427157402,-0.01842118427157402
1789134852221168,0.020413164049386978,0.020413164049386978
1789134852225168,-0.005166875198483467,-0.005166875198483467
1789134852239168,0.009823719970881939,0.009823719970881939
1789134852249168,0.005594860762357712,0.005594860762357712
1789134852259168,-0.009152602404356003,-0.009152602404356003
1789134852269168,-0.014796227216720581,-0.014796227216720581
1789134852279168,-0.038355764001607895,-0.038355764001607895
1789134852289168,-0.04572804272174835,-0.04572804272174835
1789134852299168,-0.07237345725297928,-0.07237345725297928
1789134852309168,-0.07802089303731918,-0.07802089303731918
1789134852319168,-0.08056025207042694,-0.08056025207042694
1789134852329168,-0.018324488773941994,-0.018324488773941994
1789134852341168,-0.018443267792463303,-0.018443267792463303
1789134852343168,-0.02209188975393772,-0.02209188975393772
1789134852357168,-0.007577370852231979,-0.007577370852231979
1789134852369168,-0.01036529615521431,-0.01036529615521431
1789134852379168,-0.009212463162839413,-0.009212463162839413
1789134852389168,-0.009171457961201668,-0.009171457961201668
1789134852401168,-0.09287094324827194,-0.09287094324827194
1789134852411168,-0.11550629138946533,-0.11550629138946533
1789134852419168,-0.11740819364786148,-0.11740819364786148
1789134852425168,-0.11964135617017746,-0.11964135617017746
1789134852439168,-0.12524943053722382,-0.12524943053722382
1789134852449168,-0.12157204747200012,-0.12157204747200012
1789134852461168,-0.014167413115501404,-0.014167413115501404
1789134852463168,-0.024008339270949364,-0.024008339270949364
1789134852479323,0.0061347465962171555,0.0061347465962171555
1789134852489323,0.0014200066216289997,0.0014200066216289997
1789134852499323,-0.02016695961356163,-0.02016695961356163
1789134852509323,0.006131642498075962,0.006131642498075962
1789134852521323,0.011157057248055935,0.011157057248055935
1789134852523323,-0.03843587264418602,-0.03843587264418602
1789134852537323,-0.0558636449277401,-0.0558636449277401
1789134852549323,-0.06502045691013336,-0.06502045691013336
1789134852555323,-0.0013671270571649075,-0.0013671270571649075
1789134852569323,-0.010713174939155579,-0.010713174939155579
1789134852581323,0.03423656150698662,0.03423656150698662
1789134852583323,-1.2977514415979385e-05,-1.2977514415979385e-05
1789134852599323,0.030742082744836807,0.030742082744836807
1789134852609323,0.023651275783777237,0.023651275783777237
1789134852619323,-0.009999612346291542,-0.009999612346291542
1789134852629323,0.03077288717031479,0.03077288717031479
1789134852641323,0.09319266676902771,0.09319266676902771
1789134852649323,0.01228376105427742,0.01228376105427742
1789134852655323,0.009711801074445248,0.009711801074445248
1789134852669323,0.0018333576153963804,0.0018333576153963804
1789134852679323,-0.026279721409082413,-0.026279721409082413
1789134852687323,-0.00798923708498478,-0.00798923708498478
1789134852699323,-0.008924075402319431,-0.008924075402319431
1789134852703323,-0.010929730720818043,-0.010929730720818043
1789134852719323,0.011413613334298134,0.011413613334298134
1789134852729323,0.005142749287188053,0.005142749287188053
1789134852737323,0.01142909936606884,0.01142909936606884
1789134852749323,0.011436106637120247,0.011436106637120247
1789134852761323,0.055796585977077484,0.055796585977077484
1789134852769323,0.035301897674798965,0.035301897674798965
1789134852779323,0.04315139725804329,0.04315139725804329
1789134852787323,0.016140641644597054,0.016140641644597054
1789134852799323,0.0024006518069654703,0.0024006518069654703
1789134852809323,0.043204907327890396,0.043204907327890396
1789134852821323,0.12206131964921951,0.12206131964921951
1789134852829323,0.03908705711364746,0.03908705711364746
1789134852839323,0.033942725509405136,0.033942725509405136
1789134852849323,0.028251269832253456,0.028251269832253456
1789134852857323,-0.0063743265345692635,-0.0063743265345692635
1789134852869323,-0.0204685740172863,-0.0204685740172863
1789134852881323,0.049191318452358246,0.049191318452358246
1789134852891323,0.033800046890974045,0.033800046890974045
1789134852899323,0.03009732812643051,0.03009732812643051
1789134852909323,0.01862594299018383,0.01862594299018383
1789134852919323,-0.0017081003170460463,-0.0017081003170460463
1789134852929323,-0.019603854045271873,-0.019603854045271873
1789134852941323,0.019323104992508888,0.019323104992508888
1789134852943323,-0.010274793952703476,-0.010274793952703476
1789134852959323,-0.03858509287238121,-0.03858509287238121
1789134852969323,-0.04257179796695709,-0.04257179796695709
1789134852979323,-0.06234629079699516,-0.06234629079699516
1789134852989323,0.021568600088357925,0.021568600088357925
1789134853001323,0.046144355088472366,0.046144355088472366
1789134853009323,0.024702440947294235,0.024702440947294235
1789134853017323,0.014877538196742535,0.014877538196742535
1789134853029323,0.005824689753353596,0.005824689753353596
1789134853039323,-0.013366138562560081,-0.013366138562560081
1789134853049323,0.09448505192995071,0.09448505192995071
1789134853061323,0.05702756717801094,0.05702756717801094
1789134853063323,0.04448879137635231,0.04448879137635231
1789134853079323,-0.0256650373339653,-0.0256650373339653
1789134853085323,-0.01102566346526146,-0.01102566346526146
1789134853099323,-0.03163905441761017,-0.03163905441761017
1789134853109323,-0.017690112814307213,-0.017690112814307213
1789134853121323,-0.004909276030957699,-0.004909276030957699
1789134853131323,-0.06685337424278259,-0.06685337424278259
1789134853137323,-0.07475192844867706,-0.07475192844867706
1789134853149323,-0.08094990253448486,-0.08094990253448486
1789134853159323,-0.08368252962827682,-0.08368252962827682
1789134853169323,-0.07485819607973099,-0.07485819607973099
1789134853181323,-0.00814422219991684,-0.00814422219991684
1789134853191323,-0.02630702219903469,-0.02630702219903469
1789134853199323,-0.029717713594436646,-0.029717713594436646
1789134853209323,-0.0334789864718914,-0.0334789864718914
1789134853217323,0.004630861803889275,0.004630861803889275
1789134853229323,-0.017085490748286247,-0.017085490748286247
1789134853241323,0.01860266551375389,0.01860266551375389
1789134853249323,-0.00596486683934927,-0.00596486683934927
1789134853259323,0.044870778918266296,0.044870778918266296
1789134853269323,0.03758590668439865,0.03758590668439865
1789134853279323,0.028756001964211464,0.028756001964211464
1789134853289323,0.044919706881046295,0.044919706881046295
1789134853301323,0.020453495904803276,0.020453495904803276
1789134853311323,-0.036277368664741516,-0.036277368664741516
1789134853315323,-0.04010782018303871,-0.04010782018303871
1789134853329323,-0.044022370129823685,-0.044022370129823685
1789134853337323,-0.04015238210558891,-0.04015238210558891
1789134853349323,0.024567050859332085,0.024567050859332085
1789134853361323,0.01908867433667183,0.01908867433667183
1789134853371323,0.019663410261273384,0.019663410261273384
1789134853379323,0.009816404432058334,0.009816404432058334
1789134853389323,0.001790895825251937,0.001790895825251937
1789134853399323,-0.016491681337356567,-0.016491681337356567
1789134853409323,0.009831937961280346,0.009831937961280346
1789134853421323,0.02259039878845215,0.02259039878845215
1789134853431323,0.021166527643799782,0.021166527643799782
1789134853439323,-0.0005907288286834955,-0.0005907288286834955
1789134853447323,-0.009067676961421967,-0.009067676961421967
1789134853459323,-0.02630447968840599,-0.02630447968840599
1789134853469323,-0.0006095666904002428,-0.0006095666904002428
1789134853481323,0.05687939375638962,0.05687939375638962
1789134853491477,0.03278554975986481,0.03278554975986481
1789134853499477,0.02159838005900383,0.02159838005900383
1789134853509477,0.010416709817945957,0.010416709817945957
1789134853517477,0.04798131808638573,0.04798131808638573
1789134853529477,0.031668636947870255,0.031668636947870255
1789134853541477,-0.0210743248462677,-0.0210743248462677
1789134853545477,-0.03586163744330406,-0.03586163744330406
1789134853559477,-0.053497910499572754,-0.053497910499572754
1789134853569477,-0.057159021496772766,-0.057159021496772766
1789134853579477,-0.06470690667629242,-0.06470690667629242
1789134853589477,-0.05355037376284599,-0.05355037376284599
1789134853599477,0.05459047853946686,0.05459047853946686
1789134853609477,0.04334532096982002,0.04334532096982002
1789134853619477,0.06390810012817383,0.06390810012817383
1789134853629477,0.05636774003505707,0.05636774003505707
1789134853639477,0.047975730150938034,0.047975730150938034
1789134853649477,0.02854795753955841,0.02854795753955841
1789134853661477,0.052478570491075516,0.052478570491075516
1789134853663477,0.0410984642803669,0.0410984642803669
1789134853677477,0.007985658943653107,0.007985658943653107
1789134853689477,0.004771562293171883,0.004771562293171883
1789134853699477,-0.025723908096551895,-0.025723908096551895
1789134853709477,0.008031604811549187,0.008031604811549187
1789134853721477,0.10245323926210403,0.10245323926210403
1789134853729477,0.033191122114658356,0.033191122114658356
1789134853737477,0.08103685081005096,0.08103685081005096
1789134853743477,0.03155988082289696,0.03155988082289696
1789134853759477,0.01812058687210083,0.01812058687210083
1789134853769477,0.023592142388224602,0.023592142388224602
1789134853779477,0.06091146171092987,0.06091146171092987
1789134853791477,0.026847034692764282,0.026847034692764282
1789134853799477,0.0066690463572740555,0.0066690463572740555
1789134853809477,0.004006118047982454,0.004006118047982454
1789134853819477,-0.005907622165977955,-0.005907622165977955
1789134853829477,-0.029570914804935455,-0.029570914804935455
1789134853839477,0.09254574775695801,0.09254574775695801
1789134853843477,0.080612413585186,0.080612413585186
1789134853855477,0.09374460577964783,0.09374460577964783
1789134853869477,0.08242445439100266,0.08242445439100266
1789134853877477,0.055390093475580215,0.055390093475580215
1789134853889477,0.02430424652993679,0.02430424652993679
1789134853899477,0.037613123655319214,0.037613123655319214
1789134853909477,0.03255672752857208,0.03255672752857208
1789134853919477,0.04827544838190079,0.04827544838190079
1789134853929477,0.043414000421762466,0.043414000421762466
1789134853937477,0.04831372946500778,0.04831372946500778
1789134853949477,0.04833894222974777,0.04833894222974777
1789134853961477,0.10157003998756409,0.10157003998756409
1789134853969477,0.04568498954176903,0.04568498954176903
1789134853975477,0.048070140182971954,0.048070140182971954
1789134853989477,0.0393107607960701,0.0393107607960701
1789134853999477,0.022041402757167816,0.022041402757167816
1789134854009477,0.08404556661844254,0.08404556661844254
1789134854021477,0.04592796042561531,0.04592796042561531
1789134854023477,0.0372416153550148,0.0372416153550148
1789134854039477,0.018878616392612457,0.018878616392612457
1789134854047477,0.012515734881162643,0.012515734881162643
1789134854059477,0.0027513811364769936,0.0027513811364769936
1789134854069477,0.018895771354436874,0.018895771354436874
1789134854081477,0.00654260441660881,0.00654260441660881
1789134854089477,-0.021628279238939285,-0.021628279238939285
1789134854099477,-0.02435750514268875,-0.02435750514268875
1789134854107477,-0.032911479473114014,-0.032911479473114014
1789134854119477,-0.03131278231739998,-0.03131278231739998
1789134854129477,-0.05041300132870674,-0.05041300132870674
1789134854139477,0.10689187049865723,0.10689187049865723
1789134854149477,0.07327338308095932,0.07327338308095932
1789134854159477,0.08293971419334412,0.08293971419334412
1789134854169477,0.07915475964546204,0.07915475964546204
1789134854175477,0.06484685093164444,0.06484685093164444
1789134854189477,0.04725780710577965,0.04725780710577965
1789134854201477,0.06088769808411598,0.06088769808411598
1789134854211477,0.03205036744475365,0.03205036744475365
1789134854219477,0.030329039320349693,0.030329039320349693
1789134854229477,0.02296132594347,0.02296132594347
1789134854239477,0.008198262192308903,0.008198262192308903
1789134854249477,0.030386030673980713,0.030386030673980713
1789134854261477,0.11154692620038986,0.11154692620038986
1789134854271477,0.0656137466430664,0.0656137466430664
1789134854279477,0.053091906011104584,0.053091906011104584
1789134854289477,0.04961784556508064,0.04961784556508064
1789134854299477,0.045030828565359116,0.045030828565359116
1789134854307477,0.04242084547877312,0.04242084547877312
1789134854321477,0.02938106656074524,0.02938106656074524
1789134854331477,0.03847132995724678,0.03847132995724678
1789134854337477,0.03443688899278641,0.03443688899278641
1789134854349477,0.028895407915115356,0.028895407915115356
1789134854359477,0.01719762571156025,0.01719762571156025
1789134854369477,0.03449869528412819,0.03449869528412819
1789134854379477,0.08312100917100906,0.08312100917100906
1789134854383477,0.0758507177233696,0.0758507177233696
1789134854399477,0.05065291374921799,0.05065291374921799
1789134854405477,0.0477413684129715,0.0477413684129715
1789134854419477,0.03451556712388992,0.03451556712388992
1789134854429477,0.029657378792762756,0.029657378792762756
1789134854441477,0.10441512614488602,0.10441512614488602
1789134854449477,0.09188114106655121,0.09188114106655121
1789134854459477,0.0693315863609314,0.0693315863609314
1789134854469477,0.06245460361242294,0.06245460361242294
1789134854479477,0.05990801379084587,0.05990801379084587
1789134854489631,0.03957442566752434,0.03957442566752434
1789134854499631,0.028016285970807076,0.028016285970807076
1789134854503631,0.02174738235771656,0.02174738235771656
1789134854519631,-0.0013902690261602402,-0.0013902690261602402
1789134854529631,-0.0022839754819869995,-0.0022839754819869995
1789134854535631,0.00024090218357741833,0.00024090218357741833
1789134854549631,-0.002268759533762932,-0.002268759533762932
1789134854559631,0.05523040145635605,0.05523040145635605
1789134854571631,0.04469843581318855,0.04469843581318855
1789134854579631,0.04200413450598717,0.04200413450598717
1789134854589631,0.037711046636104584,0.037711046636104584
1789134854599631,0.03627229854464531,0.03627229854464531
1789134854609631,0.021867109462618828,0.021867109462618828
1789134854621631,0.1199420914053917,0.1199420914053917
1789134854629631,0.09444857388734818,0.09444857388734818
1789134854635631,0.06897339224815369,0.06897339224815369
1789134854649631,0.06643854826688766,0.06643854826688766
1789134854659631,0.057709287852048874,0.057709287852048874
1789134854669631,0.06089279428124428,0.06089279428124428
1789134854681631,0.06103600934147835,0.06103600934147835
1789134854689631,0.05498051643371582,0.05498051643371582
1789134854699631,0.057852715253829956,0.057852715253829956
1789134854709631,0.05367174372076988,0.05367174372076988
1789134854719631,0.051325034350156784,0.051325034350156784
1789134854729631,0.05793875455856323,0.05793875455856323
1789134854741631,0.07726715505123138,0.07726715505123138
1789134854749631,0.06496911495923996,0.06496911495923996
1789134854759631,0.08143297582864761,0.08143297582864761
1789134854767631,0.07800858467817307,0.07800858467817307
1789134854779631,0.07071960717439651,0.07071960717439651
1789134854789631,0.08152658492326736,0.08152658492326736
1789134854801631,0.07451361417770386,0.07451361417770386
1789134854809631,0.05827527493238449,0.05827527493238449
1789134854819631,0.05767414718866348,0.05767414718866348
1789134854829631,0.05782916769385338,0.05782916769385338
1789134854837631,0.041126102209091187,0.041126102209091187
1789134854849631,0.04145359992980957,0.04145359992980957
1789134854861631,0.07012273371219635,0.07012273371219635
1789134854865631,0.07043851166963577,0.07043851166963577
1789134854879631,0.07519828528165817,0.07519828528165817
1789134854889631,0.07514605671167374,0.07514605671167374
1789134854899631,0.07707975804805756,0.07707975804805756
1789134854909631,0.0752846896648407,0.0752846896648407
1789134854921631,0.0338570661842823,0.0338570661842823
1789134854929631,0.039450377225875854,0.039450377225875854
1789134854937631,0.021259844303131104,0.021259844303131104
1789134854949631,0.024455204606056213,0.024455204606056213
1789134854959631,0.0302768312394619,0.0302768312394619
1789134854969631,0.054015956819057465,0.054015956819057465
1789134854981631,0.03662218153476715,0.03662218153476715
1789134854983631,0.040227148681879044,0.040227148681879044
1789134854997631,0.03047604113817215,0.03047604113817215
1789134855009631,0.03256203234195709,0.03256203234195709
1789134855019631,0.040583137422800064,0.040583137422800064
1789134855029631,0.030531976372003555,0.030531976372003555
1789134855041631,0.04653815180063248,0.04653815180063248
1789134855047631,0.06600400805473328,0.06600400805473328
1789134855059631,0.06843764334917068,0.06843764334917068
1789134855065631,0.03214762359857559,0.03214762359857559
1789134855079631,0.04623417183756828,0.04623417183756828
1789134855089631,0.04101008549332619,0.04101008549332619
1789134855101631,0.04876071959733963,0.04876071959733963
1789134855103631,0.05647582933306694,0.05647582933306694
1789134855119631,0.07711772620677948,0.07711772620677948
1789134855129631,0.07881069928407669,0.07881069928407669
1789134855137631,0.07717224210500717,0.07717224210500717
1789134855149631,0.09291007369756699,0.09291007369756699
1789134855159631,0.01583736762404442,0.01583736762404442
1789134855163631,0.021659005433321,0.021659005433321
1789134855179631,0.01715661957859993,0.01715661957859993
1789134855189631,0.026427829638123512,0.026427829638123512
1789134855197631,0.025588102638721466,0.025588102638721466
1789134855209631,0.050930820405483246,0.050930820405483246
1789134855221631,0.054788801819086075,0.054788801819086075
1789134855231631,0.058588702231645584,0.058588702231645584
1789134855239631,0.06887952238321304,0.06887952238321304
1789134855249631,0.071217842400074,0.071217842400074
1789134855259631,0.08337599784135818,0.08337599784135818
1789134855269631,0.08735299855470657,0.08735299855470657
1789134855281631,0.02476995438337326,0.02476995438337326
1789134855289631,0.054070793092250824,0.054070793092250824
1789134855295631,0.0544419027864933,0.0544419027864933
1789134855309631,0.0638774037361145,0.0638774037361145
1789134855319631,0.06962577998638153,0.06962577998638153
1789134855329631,-0.12213253974914551,-0.12213253974914551
1789134855341631,-0.06673692911863327,-0.06673692911863327
1789134855349631,-0.05925040692090988,-0.05925040692090988
1789134855359631,0.0025942735373973846,0.0025942735373973846
1789134855369631,0.008610020391643047,0.008610020391643047
1789134855379631,0.03821602091193199,0.03821602091193199
1789134855389631,0.0025922893546521664,0.0025922893546521664
1789134855401631,-0.003645600751042366,-0.003645600751042366
1789134855409631,0.06026488170027733,0.06026488170027733
1789134855419631,0.08154984563589096,0.08154984563589096
1789134855427631,0.09750896692276001,0.09750896692276001
1789134855439631,0.10595165938138962,0.10595165938138962
1789134855449631,0.08163650333881378,0.08163650333881378
1789134855461631,-0.00717978784814477,-0.00717978784814477
1789134855471631,0.054158687591552734,0.054158687591552734
1789134855479631,0.05813964828848839,0.05813964828848839
1789134855489631,0.06089906394481659,0.06089906394481659
1789134855495785,0.023372143507003784,0.023372143507003784
1789134855509785,0.04739387705922127,0.04739387705922127
1789134855521785,0.02442042902112007,0.02442042902112007
1789134855525785,0.05481884256005287,0.05481884256005287
1789134855537785,0.038070108741521835,0.038070108741521835
1789134855549785,0.04715723171830177,0.04715723171830177
1789134855559785,0.06446771323680878,0.06446771323680878
1789134855569785,0.03813943266868591,0.03813943266868591
1789134855581785,-0.03626323863863945,-0.03626323863863945
1789134855583785,0.020555395632982254,0.020555395632982254
1789134855599785,0.038455814123153687,0.038455814123153687
1789134855609785,0.04379462078213692,0.04379462078213692
1789134855619785,0.06836514919996262,0.06836514919996262
1789134855629785,0.027103498578071594,0.027103498578071594
1789134855641785,0.01405050978064537,0.01405050978064537
1789134855649785,0.03805592656135559,0.03805592656135559
1789134855657785,0.0596916563808918,0.0596916563808918
1789134855669785,0.07125763595104218,0.07125763595104218
1789134855679785,0.09313169866800308,0.09313169866800308
1789134855689785,0.11548572033643723,0.11548572033643723
1789134855701785,-0.03071329928934574,-0.03071329928934574
1789134855709785,0.036834344267845154,0.036834344267845154
1789134855719785,0.038344044238328934,0.038344044238328934
1789134855725785,0.06016692891716957,0.06016692891716957
1789134855737785,0.07139796018600464,0.07139796018600464
1789134855749785,0.07143300026655197,0.07143300026655197
1789134855761785,0.04307413846254349,0.04307413846254349
1789134855769785,0.06758923828601837,0.06758923828601837
1789134855779785,0.06657174974679947,0.06657174974679947
1789134855789785,0.08304720371961594,0.08304720371961594
1789134855799785,0.11841196566820145,0.11841196566820145
1789134855809785,0.16114331781864166,0.16114331781864166
1789134855821785,-0.22839681804180145,-0.22839681804180145
1789134855823785,-0.11111020296812057,-0.11111020296812057
1789134855839785,-0.12688802182674408,-0.12688802182674408
1789134855849785,-0.11516547203063965,-0.11516547203063965
1789134855857785,-0.15424250066280365,-0.15424250066280365
1789134855869785,-0.08439027518033981,-0.08439027518033981
1789134855881785,-0.05968823656439781,-0.05968823656439781
1789134855889785,0.002880448941141367,0.002880448941141367
1789134855899785,-0.03184238448739052,-0.03184238448739052
1789134855909785,-0.011446306481957436,-0.011446306481957436
1789134855919785,0.028500979766249657,0.028500979766249657
1789134855929785,-0.03187885880470276,-0.03187885880470276
1789134855941785,-0.0651383101940155,-0.0651383101940155
1789134855951785,-0.07278960198163986,-0.07278960198163986
1789134855955785,-0.03263808786869049,-0.03263808786869049
1789134855969785,-0.022627854719758034,-0.022627854719758034
1789134855979785,0.02719290181994438,0.02719290181994438
1789134855989785,-0.0900535061955452,-0.0900535061955452
1789134855999785,-0.01563195139169693,-0.01563195139169693
1789134856009785,-0.008082645013928413,-0.008082645013928413
1789134856019785,0.009537185542285442,0.009537185542285442
1789134856029785,0.026092316955327988,0.026092316955327988
1789134856039785,0.05886057764291763,0.05886057764291763
1789134856049785,-0.07210730761289597,-0.07210730761289597
1789134856059785,-0.0031116073951125145,-0.0031116073951125145
1789134856069785,0.0020834985189139843,0.0020834985189139843
1789134856079785,0.04493510723114014,0.04493510723114014
1789134856087785,0.05834353715181351,0.05834353715181351
1789134856099785,0.08170097321271896,0.08170097321271896
1789134856109785,0.04499422758817673,0.04499422758817673
1789134856121785,-0.09954772144556046,-0.09954772144556046
1789134856129785,-0.019962437450885773,-0.019962437450885773
1789134856137785,-0.011530899442732334,-0.011530899442732334
1789134856149785,0.006204497069120407,0.006204497069120407
1789134856157785,-0.0445597767829895,-0.0445597767829895
1789134856169785,-0.018403643742203712,-0.018403643742203712
1789134856181785,-0.07339809089899063,-0.07339809089899063
1789134856185785,-0.021179568022489548,-0.021179568022489548
1789134856199785,0.04736435413360596,0.04736435413360596
1789134856209785,0.05421832948923111,0.05421832948923111
1789134856219785,0.08512751013040543,0.08512751013040543
1789134856229785,0.04741742089390755,0.04741742089390755
1789134856241785,-0.0642106905579567,-0.0642106905579567
1789134856249785,0.01869160868227482,0.01869160868227482
1789134856259785,0.03274843841791153,0.03274843841791153
1789134856269785,0.04900943487882614,0.04900943487882614
1789134856279785,0.08225802332162857,0.08225802332162857
1789134856289785,-0.03979744389653206,-0.03979744389653206
1789134856301785,-0.05764120817184448,-0.05764120817184448
1789134856309785,-0.039251379668712616,-0.039251379668712616
1789134856317785,0.05485403165221214,0.05485403165221214
1789134856329785,0.061262551695108414,0.061262551695108414
1789134856337785,0.09104136377573013,0.09104136377573013
1789134856349785,0.054925598204135895,0.054925598204135895
1789134856361785,-0.021127406507730484,-0.021127406507730484
1789134856371785,0.027246858924627304,0.027246858924627304
1789134856379785,0.041103292256593704,0.041103292256593704
1789134856385785,0.018825266510248184,0.018825266510248184
1789134856399785,0.06282034516334534,0.06282034516334534
1789134856409785,0.0476737916469574,0.0476737916469574
1789134856421785,-0.014378804713487625,-0.014378804713487625
1789134856423785,0.017395248636603355,0.017395248636603355
1789134856439785,0.038415513932704926,0.038415513932704926
1789134856449785,0.04557165503501892,0.04557165503501892
1789134856459785,0.07850509136915207,0.07850509136915207
1789134856469785,0.03847604990005493,0.03847604990005493
1789134856481785,-0.05294901505112648,-0.05294901505112648
1789134856483785,0.029135776683688164,0.029135776683688164
1789134856499940,0.04518413171172142,0.04518413171172142
1789134856509940,0.061945974826812744,0.061945974826812744
1789134856517940,0.02207723632454872,0.02207723632454872
1789134856529940,0.0699644461274147,0.0699644461274147
1789134856541940,-0.0010696082608774304,-0.0010696082608774304
1789134856549940,0.021458052098751068,0.021458052098751068
1789134856559940,0.026579897850751877,0.026579897850751877
1789134856569940,0.035705436021089554,0.035705436021089554
1789134856579940,0.07649008184671402,0.07649008184671402
1789134856589940,0.026620881631970406,0.026620881631970406
1789134856601940,-0.027014117687940598,-0.027014117687940598
1789134856609940,0.06837645173072815,0.06837645173072815
1789134856615940,0.10598690062761307,0.10598690062761307
1789134856629940,0.11990625411272049,0.11990625411272049
1789134856639940,0.14670947194099426,0.14670947194099426
1789134856649940,0.018544770777225494,0.018544770777225494
1789134856661940,0.05588439106941223,0.05588439106941223
1789134856663940,0.0725233182311058,0.0725233182311058
1789134856679940,0.04619112238287926,0.04619112238287926
1789134856689940,0.05194685608148575,0.05194685608148575
1789134856699940,0.06954561173915863,0.06954561173915863
1789134856709940,0.04626867547631264,0.04626867547631264
1789134856721940,0.15633565187454224,0.15633565187454224
1789134856729940,0.17716069519519806,0.17716069519519806
1789134856737940,0.1593645066022873,0.1593645066022873
1789134856747940,0.1891946941614151,0.1891946941614151
1789134856759940,0.21042920649051666,0.21042920649051666
1789134856769940,0.15948407351970673,0.15948407351970673
1789134856781940,-0.09034231305122375,-0.09034231305122375
1789134856783940,0.02232627384364605,0.02232627384364605
1789134856799940,0.05603330582380295,0.05603330582380295
1789134856809940,0.06639041006565094,0.06639041006565094
1789134856817940,-0.017894571647047997,-0.017894571647047997
1789134856829940,0.013855512253940105,0.013855512253940105
1789134856841940,-0.021305734291672707,-0.021305734291672707
1789134856845940,0.04776887595653534,0.04776887595653534
1789134856855940,0.032173629850149155,0.032173629850149155
1789134856869940,0.05621766671538353,0.05621766671538353
1789134856879940,0.10423263907432556,0.10423263907432556
1789134856889940,0.0322168692946434,0.0322168692946434
1789134856901940,-0.16946318745613098,-0.16946318745613098
1789134856903940,-0.018782567232847214,-0.018782567232847214
1789134856919940,-0.016228806227445602,-0.016228806227445602
1789134856929940,-0.0016154872719198465,-0.0016154872719198465
1789134856937940,-0.0162394680082798,-0.0162394680082798
1789134856949940,-0.034417860209941864,-0.034417860209941864
1789134856961940,-0.05692547932267189,-0.05692547932267189
1789134856969940,-0.0022608768194913864,-0.0022608768194913864
1789134856977940,-0.012810725718736649,-0.012810725718736649
1789134856989940,0.01780708320438862,0.01780708320438862
1789134856999940,0.07844264060258865,0.07844264060258865
1789134857009940,-0.012843339703977108,-0.012843339703977108
1789134857021940,-0.2130504846572876,-0.2130504846572876
1789134857023940,-0.03181052953004837,-0.03181052953004837
1789134857039940,0.00439697690308094,0.00439697690308094
1789134857043940,-0.026941591873764992,-0.026941591873764992
1789134857059940,0.01613745465874672,0.01613745465874672
1789134857069940,-0.013332685455679893,-0.013332685455679893
1789134857079940,-0.22832852602005005,-0.22832852602005005
1789134857089940,-0.0758463516831398,-0.0758463516831398
1789134857099940,-0.10252409428358078,-0.10252409428358078
1789134857109940,-0.06645610928535461,-0.06645610928535461
1789134857119940,0.00453187758103013,0.00453187758103013
1789134857129940,-0.10265519469976425,-0.10265519469976425
1789134857141940,-0.22071923315525055,-0.22071923315525055
1789134857143940,-0.1110243946313858,-0.1110243946313858
1789134857159940,-0.04427209123969078,-0.04427209123969078
1789134857169940,-0.029026255011558533,-0.029026255011558533
1789134857177940,-0.06896558403968811,-0.06896558403968811
1789134857189940,0.014002831652760506,0.014002831652760506
1789134857201940,-0.0185343399643898,-0.0185343399643898
1789134857209940,0.05790377035737038,0.05790377035737038
1789134857219940,0.017295079305768013,0.017295079305768013
1789134857229940,0.04517275094985962,0.04517275094985962
1789134857239940,0.058349937200546265,0.058349937200546265
1789134857249940,0.017310256138443947,0.017310256138443947
1789134857259940,-0.0331936776638031,-0.0331936776638031
1789134857263940,-0.0025018895976245403,-0.0025018895976245403
1789134857275940,-0.04030296579003334,-0.04030296579003334
1789134857289940,-0.02634280174970627,-0.02634280174970627
1789134857299940,0.03640377148985863,0.03640377148985863
1789134857309940,-0.06650467962026596,-0.06650467962026596
1789134857321940,0.01337544247508049,0.01337544247508049
1789134857329940,0.057283803820610046,0.057283803820610046
1789134857337940,0.10554079711437225,0.10554079711437225
1789134857349940,0.12412766367197037,0.12412766367197037
1789134857359940,0.16154181957244873,0.16154181957244873
1789134857369940,0.1056857630610466,0.1056857630610466
1789134857381940,-0.09562534093856812,-0.09562534093856812
1789134857391940,-0.08083762973546982,-0.08083762973546982
1789134857399940,-0.031138207763433456,-0.031138207763433456
1789134857407940,-0.00464821420609951,-0.00464821420609951
1789134857419940,0.05359974876046181,0.05359974876046181
1789134857429940,0.0835607573390007,0.0835607573390007
1789134857441940,-0.23320883512496948,-0.23320883512496948
1789134857449940,-0.05746107175946236,-0.05746107175946236
1789134857459940,-0.04127805680036545,-0.04127805680036545
1789134857469940,-0.01433594524860382,-0.01433594524860382
1789134857477940,-0.02366090938448906,-0.02366090938448906
1789134857489940,0.014821900054812431,0.014821900054812431
1789134857501940,-0.12356844544410706,-0.12356844544410706
1789134857504096,-0.044417548924684525,-0.044417548924684525
1789134857520096,-0.10728122293949127,-0.10728122293949127
1789134857530096,-0.09636958688497543,-0.09636958688497543
1789134857538096,-0.016052156686782837,-0.016052156686782837
1789134857550096,-0.10739777982234955,-0.10739777982234955
1789134857562096,-0.21918293833732605,-0.21918293833732605
1789134857570096,-0.04729055240750313,-0.04729055240750313
1789134857580096,-0.04921715706586838,-0.04921715706586838
1789134857590096,-0.024411862716078758,-0.024411862716078758
1789134857600096,0.02442115545272827,0.02442115545272827
1789134857610096,-0.09640869498252869,-0.09640869498252869
1789134857622096,-0.07270718365907669,-0.07270718365907669
1789134857624096,-0.04678461700677872,-0.04678461700677872
1789134857638096,-0.004799082409590483,-0.004799082409590483
1789134857650096,0.006753940135240555,0.006753940135240555
1789134857660096,0.06389250606298447,0.06389250606298447
1789134857670096,-0.004821870941668749,-0.004821870941668749
1789134857682096,-0.1330542415380478,-0.1330542415380478
1789134857690096,9.653100278228521e-05,9.653100278228521e-05
1789134857700096,0.03427088260650635,0.03427088260650635
1789134857706096,0.03398097679018974,0.03398097679018974
1789134857720096,0.08044421672821045,0.08044421672821045
1789134857730096,0.12617413699626923,0.12617413699626923
1789134857742096,-0.048334892839193344,-0.048334892839193344
1789134857750096,-0.011257397010922432,-0.011257397010922432
1789134857760096,-0.11953990161418915,-0.11953990161418915
1789134857770096,-0.10653433948755264,-0.10653433948755264
1789134857780096,-0.042523570358753204,-0.042523570358753204
1789134857790096,-0.11967064440250397,-0.11967064440250397
1789134857802096,-0.17260365188121796,-0.17260365188121796
1789134857804096,-0.02569146454334259,-0.02569146454334259
1789134857820096,0.0020956580992788076,0.0020956580992788076
1789134857830096,0.022168107330799103,0.022168107330799103
1789134857838096,-0.15351749956607819,-0.15351749956607819
1789134857850096,-0.09093283861875534,-0.09093283861875534
1789134857862096,-0.235042542219162,-0.235042542219162
1789134857864096,-0.15003520250320435,-0.15003520250320435
1789134857880096,-0.14530101418495178,-0.14530101418495178
1789134857890096,-0.13066354393959045,-0.13066354393959045
1789134857900096,-0.06445390731096268,-0.06445390731096268
1789134857910096,-0.1454470157623291,-0.1454470157623291
1789134857922096,-0.12763822078704834,-0.12763822078704834
1789134857930096,0.014360949397087097,0.014360949397087097
1789134857936096,0.047149792313575745,0.047149792313575745
1789134857950096,0.06450987607240677,0.06450987607240677
1789134857960096,0.10149671137332916,0.10149671137332916
1789134857970096,-0.2111293077468872,-0.2111293077468872
1789134857982096,-0.13614197075366974,-0.13614197075366974
1789134857990096,-0.11096920073032379,-0.11096920073032379
1789134858000096,-0.11478875577449799,-0.11478875577449799
1789134858010096,-0.10286737233400345,-0.10286737233400345
1789134858020096,-0.046649228781461716,-0.046649228781461716
1789134858030096,-0.11490686237812042,-0.11490686237812042
1789134858042096,-0.10202813148498535,-0.10202813148498535
1789134858048096,0.016300402581691742,0.016300402581691742
1789134858060096,0.04582424461841583,0.04582424461841583
1789134858068096,0.07178021967411041,0.07178021967411041
1789134858080096,0.08985432982444763,0.08985432982444763
1789134858090096,0.04584582895040512,0.04584582895040512
1789134858102096,-0.14757338166236877,-0.14757338166236877
1789134858110096,-0.04923390597105026,-0.04923390597105026
1789134858120096,-0.07691366225481033,-0.07691366225481033
1789134858130096,-0.06672808527946472,-0.06672808527946472
1789134858138096,-0.06759272515773773,-0.06759272515773773
1789134858150096,-0.03932841867208481,-0.03932841867208481
1789134858162096,-0.07617312669754028,-0.07617312669754028
1789134858166096,-0.023355728015303612,-0.023355728015303612
1789134858180096,-0.014893046580255032,-0.014893046580255032
1789134858190096,0.0011767279356718063,0.0011767279356718063
1789134858200096,0.0328025259077549,0.0328025259077549
1789134858210096,-0.014898211695253849,-0.014898211695253849
1789134858222096,-0.043087877333164215,-0.043087877333164215
1789134858230096,0.04964748024940491,0.04964748024940491
1789134858240096,0.1027749702334404,0.1027749702334404
1789134858250096,0.10959115624427795,0.10959115624427795
1789134858260096,0.14475981891155243,0.14475981891155243
1789134858270096,-0.006167370360344648,-0.006167370360344648
1789134858282096,-0.03181050717830658,-0.03181050717830658
1789134858290096,0.0024134302511811256,0.0024134302511811256
1789134858298096,-0.012932649813592434,-0.012932649813592434
1789134858310096,0.005079131573438644,0.005079131573438644
1789134858320096,0.015054140239953995,0.015054140239953995
1789134858330096,0.08165503293275833,0.08165503293275833
1789134858342096,-0.04103708639740944,-0.04103708639740944
1789134858350096,0.014719510450959206,0.014719510450959206
1789134858360096,0.0302624199539423,0.0302624199539423
1789134858366096,0.042761512100696564,0.042761512100696564
1789134858380096,0.08579370379447937,0.08579370379447937
1789134858390096,0.05654998496174812,0.05654998496174812
1789134858402096,-0.03918273746967316,-0.03918273746967316
1789134858410096,-0.0005472933407872915,-0.0005472933407872915
1789134858420096,-0.02618943154811859,-0.02618943154811859
1789134858430096,-0.012561790645122528,-0.012561790645122528
1789134858440096,0.033682093024253845,0.033682093024253845
1789134858450096,-0.026225626468658447,-0.026225626468658447
1789134858462096,-0.16996195912361145,-0.16996195912361145
1789134858464096,-0.0439533032476902,-0.0439533032476902
1789134858480096,0.028473302721977234,0.028473302721977234
1789134858490096,0.03724640980362892,0.03724640980362892
1789134858498096,0.027585208415985107,0.027585208415985107
1789134858510249,0.07418709993362427,0.07418709993362427
1789134858522249,-0.07838931679725647,-0.07838931679725647
1789134858532249,-0.043645381927490234,-0.043645381927490234
1789134858538249,-0.022549966350197792,-0.022549966350197792
1789134858550249,-0.0003035619156435132,-0.0003035619156435132
1789134858560249,0.04186023771762848,0.04186023771762848
1789134858570249,-0.02256699651479721,-0.02256699651479721
1789134858582249,-0.14005951583385468,-0.14005951583385468
1789134858590249,-0.012889493256807327,-0.012889493256807327
1789134858596249,0.06609764695167542,0.06609764695167542
1789134858610249,0.07553126662969589,0.07553126662969589
1789134858620249,0.1231997162103653,0.1231997162103653
1789134858630249,-0.08439145237207413,-0.08439145237207413
1789134858642249,-0.12909875810146332,-0.12909875810146332
1789134858650249,-0.08239656686782837,-0.08239656686782837
1789134858660249,-0.052971333265304565,-0.052971333265304565
1789134858670249,-0.02750093676149845,-0.02750093676149845
1789134858680249,0.025445038452744484,0.025445038452744484
1789134858690249,-0.053065285086631775,-0.053065285086631775
1789134858702249,-0.26536116003990173,-0.26536116003990173
1789134858710249,-0.10663745552301407,-0.10663745552301407
1789134858720249,-0.08685041964054108,-0.08685041964054108
1789134858728249,-0.060772109776735306,-0.060772109776735306
1789134858738249,-0.08691031485795975,-0.08691031485795975
1789134858750249,-0.08695422112941742,-0.08695422112941742
1789134858762249,-0.3167417645454407,-0.3167417645454407
1789134858770249,-0.15321187674999237,-0.15321187674999237
1789134858780249,-0.2061523199081421,-0.2061523199081421
1789134858790249,-0.16954448819160461,-0.16954448819160461
1789134858798249,-0.2639453113079071,-0.2639453113079071
1789134858810249,-0.20967525243759155,-0.20967525243759155
1789134858822249,-0.20932364463806152,-0.20932364463806152
1789134858826249,-0.10987675935029984,-0.10987675935029984
1789134858840249,-0.07389625161886215,-0.07389625161886215
1789134858850249,-0.061093270778656006,-0.061093270778656006
1789134858858249,-0.13471513986587524,-0.13471513986587524
1789134858870249,-0.05865326523780823,-0.05865326523780823
1789134858880249,-0.14905981719493866,-0.14905981719493866
1789134858890249,-0.13264493644237518,-0.13264493644237518
1789134858900249,-0.1598406285047531,-0.1598406285047531
1789134858910249,-0.1295788586139679,-0.1295788586139679
1789134858920249,-0.0682421550154686,-0.0682421550154686
1789134858930249,-0.22149483859539032,-0.22149483859539032
1789134858942249,-0.17105607688426971,-0.17105607688426971
1789134858950249,-0.1567569077014923,-0.1567569077014923
1789134858958249,-0.1026928499341011,-0.1026928499341011
1789134858970249,-0.09064958244562149,-0.09064958244562149
1789134858980249,-0.06725910305976868,-0.06725910305976868
1789134858990249,-0.10282815992832184,-0.10282815992832184
1789134859002249,-0.22855183482170105,-0.22855183482170105
1789134859010249,-0.08609170466661453,-0.08609170466661453
1789134859020249,-0.04026401787996292,-0.04026401787996292
1789134859026249,-0.13911128044128418,-0.13911128044128418
1789134859040249,-0.0835694819688797,-0.0835694819688797
1789134859050249,-0.16537556052207947,-0.16537556052207947
1789134859062249,-0.13987135887145996,-0.13987135887145996
1789134859064249,-0.12867113947868347,-0.12867113947868347
1789134859080249,-0.1218600943684578,-0.1218600943684578
1789134859090249,-0.11037871986627579,-0.11037871986627579
1789134859100249,-0.05538427084684372,-0.05538427084684372
1789134859110249,-0.12201232463121414,-0.12201232463121414
1789134859122249,-0.2420993596315384,-0.2420993596315384
1789134859124249,-0.11292753368616104,-0.11292753368616104
1789134859138249,-0.10840194672346115,-0.10840194672346115
1789134859150249,-0.08730042725801468,-0.08730042725801468
1789134859158249,-0.1761096864938736,-0.1761096864938736
1789134859170249,-0.11507032811641693,-0.11507032811641693
1789134859180249,-0.12640151381492615,-0.12640151381492615
1789134859190249,-0.11508788168430328,-0.11508788168430328
1789134859200249,-0.13070815801620483,-0.13070815801620483
1789134859210249,-0.12067623436450958,-0.12067623436450958
1789134859220249,-0.10231862217187881,-0.10231862217187881
1789134859230249,-0.13086219131946564,-0.13086219131946564
1789134859240249,-0.11468295753002167,-0.11468295753002167
1789134859252249,-0.09217210114002228,-0.09217210114002228
1789134859256249,-0.07709351927042007,-0.07709351927042007
1789134859270249,-0.06194861978292465,-0.06194861978292465
1789134859280249,-0.054634734988212585,-0.054634734988212585
1789134859290249,-0.2006417065858841,-0.2006417065858841
1789134859302249,-0.1406918168067932,-0.1406918168067932
1789134859310249,-0.12374697625637054,-0.12374697625637054
1789134859320249,-0.07403632253408432,-0.07403632253408432
1789134859330249,-0.06743781268596649,-0.06743781268596649
1789134859338249,-0.03203015401959419,-0.03203015401959419
1789134859350249,-0.07414671033620834,-0.07414671033620834
1789134859360249,-0.12896759808063507,-0.12896759808063507
1789134859372249,-0.07558640837669373,-0.07558640837669373
1789134859380249,-0.06378288567066193,-0.06378288567066193
1789134859388249,-0.04354854300618172,-0.04354854300618172
1789134859400249,-0.04912205785512924,-0.04912205785512924
1789134859410249,-0.06384177505970001,-0.06384177505970001
1789134859422249,-0.08778703957796097,-0.08778703957796097
1789134859430249,-0.03610360249876976,-0.03610360249876976
1789134859440249,-0.046892181038856506,-0.046892181038856506
1789134859450249,-0.04334631934762001,-0.04334631934762001
1789134859458249,-0.10369829833507538,-0.10369829833507538
1789134859470249,-0.09265437722206116,-0.09265437722206116
1789134859482249,-0.07176357507705688,-0.07176357507705688
1789134859486249,-0.048700567334890366,-0.048700567334890366
1789134859500249,-0.032658107578754425,-0.032658107578754425
1789134859510403,-0.026881219819188118,-0.026881219819188118
1789134859520403,-0.01460393238812685,-0.01460393238812685
1789134859530403,-0.03269723057746887,-0.03269723057746887
1789134859542403,-0.09207306802272797,-0.09207306802272797
1789134859544403,-0.07068124413490295,-0.07068124413490295
1789134859560403,-0.041505783796310425,-0.041505783796310425
1789134859570403,-0.038311295211315155,-0.038311295211315155
1789134859580403,-0.02467651665210724,-0.02467651665210724
1789134859590403,-0.050609469413757324,-0.050609469413757324
1789134859602403,-0.032268624752759933,-0.032268624752759933
1789134859612403,-0.013299561105668545,-0.013299561105668545
1789134859618403,-0.008382512256503105,-0.008382512256503105
1789134859630403,-0.0028985904064029455,-0.0028985904064029455
1789134859640403,0.00868748314678669,0.00868748314678669
1789134859650403,-0.008395761251449585,-0.008395761251449585
1789134859662403,-0.07653844356536865,-0.07653844356536865
1789134859664403,-0.04147441312670708,-0.04147441312670708
1789134859680403,-0.059488289058208466,-0.059488289058208466
1789134859686403,-0.018420176580548286,-0.018420176580548286
1789134859700403,-0.010563547722995281,-0.010563547722995281
1789134859710403,-0.004303579218685627,-0.004303579218685627
1789134859722403,-0.030386392027139664,-0.030386392027139664
1789134859730403,-0.022012049332261086,-0.022012049332261086
1789134859738403,-0.028573449701070786,-0.028573449701070786
1789134859750403,-0.025059295818209648,-0.025059295818209648
1789134859760403,-0.0185711570084095,-0.0185711570084095
1789134859770403,-0.028582854196429253,-0.028582854196429253
1789134859782403,-0.04803306981921196,-0.04803306981921196
1789134859784403,-0.025296898558735847,-0.025296898558735847
1789134859800403,-0.032734278589487076,-0.032734278589487076
1789134859810403,-0.0307431872934103,-0.0307431872934103
1789134859818403,-0.04793035238981247,-0.04793035238981247
1789134859830403,-0.037345461547374725,-0.037345461547374725
1789134859842403,-0.030427997931838036,-0.030427997931838036
1789134859850403,-0.02061407081782818,-0.02061407081782818
1789134859856403,-0.019126951694488525,-0.019126951694488525
1789134859870403,-0.017039496451616287,-0.017039496451616287
1789134859880403,-0.009265771135687828,-0.009265771135687828
1789134859890403,-0.01914198324084282,-0.01914198324084282
1789134859900403,-0.03599126636981964,-0.03599126636981964
1789134859904403,-0.031735096126794815,-0.031735096126794815
1789134859916403,-0.041324593126773834,-0.041324593126773834
1789134859930403,-0.039013125002384186,-0.039013125002384186
1789134859938403,-0.04136226326227188,-0.04136226326227188
1789134859950403,-0.039754174649715424,-0.039754174649715424
1789134859962403,-0.020737800747156143,-0.020737800747156143
1789134859970403,-0.01620221510529518,-0.01620221510529518
1789134859980403,-0.028165368363261223,-0.028165368363261223
1789134859990403,-0.025280654430389404,-0.025280654430389404
1789134860000403,-0.018884724006056786,-0.018884724006056786
1789134860010403,-0.028197284787893295,-0.028197284787893295
1789134860022403,-0.04259073734283447,-0.04259073734283447
1789134860030403,-0.025392958894371986,-0.025392958894371986
1789134860040403,-0.035608187317848206,-0.035608187317848206
1789134860048403,-0.03359932452440262,-0.03359932452440262
1789134860060403,-0.030035050585865974,-0.030035050585865974
1789134860070403,-0.03564998507499695,-0.03564998507499695
1789134860082403,-0.036352865397930145,-0.036352865397930145
1789134860090403,-0.026839695870876312,-0.026839695870876312
1789134860100403,-0.02505335584282875,-0.02505335584282875
1789134860110403,-0.023991761729121208,-0.023991761729121208
1789134860116403,-0.027816707268357277,-0.027816707268357277
1789134860130403,-0.024689627811312675,-0.024689627811312675
1789134860142403,-0.02292013168334961,-0.02292013168334961
1789134860146403,-0.020622683688998222,-0.020622683688998222
1789134860160403,-0.03485678508877754,-0.03485678508877754
1789134860170403,-0.03405734896659851,-0.03405734896659851
1789134860180403,-0.031546153128147125,-0.031546153128147125
1789134860190403,-0.03488978371024132,-0.03488978371024132
1789134860202403,-0.023605134338140488,-0.023605134338140488
1789134860210403,-0.01605416275560856,-0.01605416275560856
1789134860220403,-0.018045689910650253,-0.018045689910650253
1789134860230403,-0.01648903638124466,-0.01648903638124466
1789134860240403,-0.012365918606519699,-0.012365918606519699
1789134860250403,-0.040852926671504974,-0.040852926671504974
1789134860262403,-0.03349350392818451,-0.03349350392818451
1789134860264403,-0.03163061663508415,-0.03163061663508415
1789134860278403,-0.01470128446817398,-0.01470128446817398
1789134860290403,-0.01510527078062296,-0.01510527078062296
1789134860300403,-0.020755527541041374,-0.020755527541041374
1789134860310403,-0.014705214649438858,-0.014705214649438858
1789134860322403,0.04935961961746216,0.04935961961746216
1789134860330403,0.033960867673158646,0.033960867673158646
1789134860338403,0.06303197145462036,0.06303197145462036
1789134860346403,0.012521781027317047,0.012521781027317047
1789134860360403,0.010163518600165844,0.010163518600165844
1789134860370403,0.009567569009959698,0.009567569009959698
1789134860382403,-0.01592550426721573,-0.01592550426721573
1789134860390403,-0.014886884018778801,-0.014886884018778801
1789134860400403,-0.028054622933268547,-0.028054622933268547
1789134860410403,-0.027733726426959038,-0.027733726426959038
1789134860420403,-0.025726234540343285,-0.025726234540343285
1789134860430403,-0.028085388243198395,-0.028085388243198395
1789134860442403,-0.053858403116464615,-0.053858403116464615
1789134860444403,-0.04789085313677788,-0.04789085313677788
1789134860460403,-0.04685758799314499,-0.04685758799314499
1789134860470403,-0.045207902789115906,-0.045207902789115906
1789134860476403,-0.034292034804821014,-0.034292034804821014
1789134860490403,-0.03296002745628357,-0.03296002745628357
1789134860502403,-0.04853830859065056,-0.04853830859065056
1789134860504403,-0.04514805227518082,-0.04514805227518082
1789134860520556,-0.037168074399232864,-0.037168074399232864
1789134860530556,-0.03625289350748062,-0.03625289350748062
1789134860538556,-0.037191204726696014,-0.037191204726696014
1789134860550556,-0.03720811381936073,-0.03720811381936073
1789134860562556,-0.04188777878880501,-0.04188777878880501
1789134860570556,-0.03847890347242355,-0.03847890347242355
1789134860576556,-0.025605786591768265,-0.025605786591768265
1789134860590556,-0.02532762475311756,-0.02532762475311756
1789134860600556,-0.025137625634670258,-0.025137625634670258
1789134860610556,-0.01806754618883133,-0.01806754618883133
1789134860622556,-0.04037000238895416,-0.04037000238895416
1789134860630556,-0.040325284004211426,-0.040325284004211426
1789134860640556,-0.04301367700099945,-0.04301367700099945
1789134860650556,-0.04286085069179535,-0.04286085069179535
1789134860660556,-0.04338066279888153,-0.04338066279888153
1789134860670556,-0.04305924475193024,-0.04305924475193024
1789134860682556,-0.03190118074417114,-0.03190118074417114
1789134860690556,-0.035151589661836624,-0.035151589661836624
1789134860700556,-0.01835016906261444,-0.01835016906261444
1789134860708556,-0.02180880680680275,-0.02180880680680275
1789134860720556,-0.023274632170796394,-0.023274632170796394
1789134860730556,-0.01838463731110096,-0.01838463731110096
1789134860742556,-0.028046682476997375,-0.028046682476997375
1789134860752556,-0.031818777322769165,-0.031818777322769165
1789134860760556,-0.03510565683245659,-0.03510565683245659
1789134860770556,-0.03614755719900131,-0.03614755719900131
1789134860778556,-0.019904691725969315,-0.019904691725969315
1789134860790556,-0.02321450784802437,-0.02321450784802437
1789134860802556,-0.01884455233812332,-0.01884455233812332
1789134860806556,-0.025231054052710533,-0.025231054052710533
1789134860820556,-0.023318707942962646,-0.023318707942962646
1789134860830556,-0.02582067809998989,-0.02582067809998989
1789134860840556,-0.031096598133444786,-0.031096598133444786
1789134860850556,-0.02334648184478283,-0.02334648184478283
1789134860862556,-0.022398365661501884,-0.022398365661501884
1789134860864556,-0.03590187057852745,-0.03590187057852745
1789134860880556,-0.032097868621349335,-0.032097868621349335
1789134860890556,-0.03236320987343788,-0.03236320987343788
1789134860900556,-0.03565331548452377,-0.03565331548452377
1789134860910556,-0.03748931363224983,-0.03748931363224983
1789134860922556,-0.03960660845041275,-0.03960660845041275
1789134860930556,-0.04261504113674164,-0.04261504113674164
1789134860938556,-0.03974609076976776,-0.03974609076976776
1789134860950556,-0.041744083166122437,-0.041744083166122437
1789134860960556,-0.049328334629535675,-0.049328334629535675
1789134860970556,-0.03979350998997688,-0.03979350998997688
1789134860982556,-0.004125221166759729,-0.004125221166759729
1789134860984556,-0.023924198001623154,-0.023924198001623154
1789134861000556,-0.049730084836483,-0.049730084836483
1789134861006556,-0.028613200411200523,-0.028613200411200523
1789134861020556,-0.03803834691643715,-0.03803834691643715
1789134861030556,-0.03193753957748413,-0.03193753957748413
1789134861042556,0.017204824835062027,0.017204824835062027
1789134861048556,0.005872162990272045,0.005872162990272045
1789134861060556,-0.013330359011888504,-0.013330359011888504
1789134861070556,-0.020871510729193687,-0.020871510729193687
1789134861080556,-0.03706085681915283,-0.03706085681915283
1789134861090556,-0.013322358950972557,-0.013322358950972557
1789134861102556,0.09037609398365021,0.09037609398365021
1789134861112556,0.03556901589035988,0.03556901589035988
1789134861120556,0.0318085178732872,0.0318085178732872
1789134861130556,0.027991294860839844,0.027991294860839844
1789134861138556,0.048205457627773285,0.048205457627773285
1789134861150556,0.02458832785487175,0.02458832785487175
1789134861162556,-0.020047076046466827,-0.020047076046466827
1789134861170556,-0.04064825549721718,-0.04064825549721718
1789134861180556,-0.03556714579463005,-0.03556714579463005
1789134861190556,-0.04293225705623627,-0.04293225705623627
1789134861200556,-0.061268262565135956,-0.061268262565135956
1789134861210556,-0.03557545319199562,-0.03557545319199562
1789134861222556,0.05649729073047638,0.05649729073047638
1789134861224556,-0.0017534021753817797,-0.0017534021753817797
1789134861236556,0.01605992019176483,0.01605992019176483
1789134861250556,0.012337002903223038,0.012337002903223038
1789134861260556,-0.005956779699772596,-0.005956779699772596
1789134861270556,0.01504539418965578,0.01504539418965578
1789134861282556,-0.04363718628883362,-0.04363718628883362
1789134861292556,-0.06575968861579895,-0.06575968861579895
1789134861300556,-0.07028678059577942,-0.07028678059577942
1789134861310556,-0.0757146030664444,-0.0757146030664444
1789134861320556,-0.0792432501912117,-0.0792432501912117
1789134861330556,-0.07034806162118912,-0.07034806162118912
1789134861342556,0.017892681062221527,0.017892681062221527
1789134861350556,0.007379346061497927,0.007379346061497927
1789134861360556,-0.010983800515532494,-0.010983800515532494
1789134861368556,-0.018688829615712166,-0.018688829615712166
1789134861380556,-0.03170395642518997,-0.03170395642518997
1789134861390556,-0.010983802378177643,-0.010983802378177643
1789134861402556,0.026609737426042557,0.026609737426042557
1789134861412556,0.08580496907234192,0.08580496907234192
1789134861420556,0.07541292905807495,0.07541292905807495
1789134861430556,0.06703928858041763,0.06703928858041763
1789134861436556,0.03788357228040695,0.03788357228040695
1789134861450556,0.0019994815811514854,0.0019994815811514854
1789134861462556,0.025974486023187637,0.025974486023187637
1789134861466556,-0.006228785961866379,-0.006228785961866379
1789134861480556,-0.026508916169404984,-0.026508916169404984
1789134861490556,-0.030337849631905556,-0.030337849631905556
1789134861500556,-0.050933513790369034,-0.050933513790369034
1789134861510556,-0.026531441137194633,-0.026531441137194633
1789134861522556,0.03112035058438778,0.03112035058438778
1789134861532709,-0.014306962490081787,-0.014306962490081787
1789134861538709,-0.023066150024533272,-0.023066150024533272
1789134861550709,-0.029116960242390633,-0.029116960242390633
1789134861560709,-0.03723429888486862,-0.03723429888486862
1789134861570709,0.026560578495264053,0.026560578495264053
1789134861582709,0.017977215349674225,0.017977215349674225
1789134861584709,0.007044041063636541,0.007044041063636541
1789134861598709,-0.047521788626909256,-0.047521788626909256
1789134861610709,-0.05124339461326599,-0.05124339461326599
1789134861620709,-0.07187274843454361,-0.07187274843454361
1789134861630709,-0.04756396263837814,-0.04756396263837814
1789134861642709,0.04957709461450577,0.04957709461450577
1789134861650709,-0.004499712493270636,-0.004499712493270636
1789134861660709,-0.02347242645919323,-0.02347242645919323
1789134861664709,-0.029970088973641396,-0.029970088973641396
1789134861680709,-0.04280625283718109,-0.04280625283718109
1789134861690709,-0.0393817238509655,-0.0393817238509655
1789134861702709,-0.024870803579688072,-0.024870803579688072
1789134861710709,-0.03954625129699707,-0.03954625129699707
1789134861720709,-0.018641894683241844,-0.018641894683241844
1789134861730709,-0.023879222571849823,-0.023879222571849823
1789134861738709,-0.018654650077223778,-0.018654650077223778
1789134861750709,-0.018661852926015854,-0.018661852926015854
1789134861762709,0.03851008042693138,0.03851008042693138
1789134861764709,-0.028083696961402893,-0.028083696961402893
1789134861780709,-0.02739839255809784,-0.02739839255809784
1789134861790709,-0.03789638355374336,-0.03789638355374336
1789134861798709,-0.012975865043699741,-0.012975865043699741
1789134861810709,-0.04421784728765488,-0.04421784728765488
1789134861822709,-0.01247329730540514,-0.01247329730540514
1789134861830709,-0.03978068381547928,-0.03978068381547928
1789134861840709,-0.017495177686214447,-0.017495177686214447
1789134861850709,-0.02369120344519615,-0.02369120344519615
1789134861858709,0.00696190819144249,0.00696190819144249
1789134861870709,-0.03220703825354576,-0.03220703825354576
1789134861882709,0.033511776477098465,0.033511776477098465
1789134861890709,-0.009717144072055817,-0.009717144072055817
1789134861896709,0.0216590017080307,0.0216590017080307
1789134861910709,0.0067726485431194305,0.0067726485431194305
1789134861920709,-0.023401137441396713,-0.023401137441396713
1789134861930709,0.09230103343725204,0.09230103343725204
1789134861942709,0.010960865765810013,0.010960865765810013
1789134861950709,0.0032248422503471375,0.0032248422503471375
1789134861960709,-0.020697779953479767,-0.020697779953479767
1789134861970709,-0.028105201199650764,-0.028105201199650764
1789134861980709,-0.06931520253419876,-0.06931520253419876
1789134861990709,-0.020690960809588432,-0.020690960809588432
1789134862002709,0.15009264647960663,0.15009264647960663
1789134862010709,0.045977506786584854,0.045977506786584854
1789134862020709,0.042153600603342056,0.042153600603342056
1789134862028709,0.010380489751696587,0.010380489751696587
1789134862040709,-0.003291953355073929,-0.003291953355073929
1789134862050709,0.07102509588003159,0.07102509588003159
1789134862062709,0.02032332681119442,0.02032332681119442
1789134862064709,0.005421485286206007,0.005421485286206007
1789134862080709,0.0060883197002112865,0.0060883197002112865
1789134862090709,-0.0011907010339200497,-0.0011907010339200497
1789134862098709,-0.040544796735048294,-0.040544796735048294
1789134862110709,-0.05905444920063019,-0.05905444920063019
1789134862122709,-0.07625764608383179,-0.07625764608383179
1789134862132709,-0.09898599982261658,-0.09898599982261658
1789134862138709,-0.10146944969892502,-0.10146944969892502
1789134862150709,-0.11052019149065018,-0.11052019149065018
1789134862160709,-0.12954717874526978,-0.12954717874526978
1789134862170709,-0.10157565772533417,-0.10157565772533417
1789134862182709,0.17358356714248657,0.17358356714248657
1789134862184709,0.0986110270023346,0.0986110270023346
1789134862200709,0.09953006356954575,0.09953006356954575
1789134862210709,0.08851317316293716,0.08851317316293716
1789134862220709,0.039674364030361176,0.039674364030361176
1789134862230709,0.058255307376384735,0.058255307376384735
1789134862242709,0.04791801795363426,0.04791801795363426
1789134862252709,0.005329197272658348,0.005329197272658348
1789134862258709,-0.010663559660315514,-0.010663559660315514
1789134862270709,-0.027729833498597145,-0.027729833498597145
1789134862280709,-0.061949796974658966,-0.061949796974658966
1789134862290709,-0.010662256740033627,-0.010662256740033627
1789134862302709,0.11784357577562332,0.11784357577562332
1789134862304709,0.013724703341722488,0.013724703341722488
1789134862320709,-0.03083314746618271,-0.03083314746618271
1789134862326709,-0.009570454247295856,-0.009570454247295856
1789134862338709,-0.024722062051296234,-0.024722062051296234
1789134862350709,-0.024732228368520737,-0.024732228368520737
1789134862362709,0.04278867319226265,0.04278867319226265
1789134862370709,0.002656244207173586,0.002656244207173586
1789134862380709,-0.0076828571036458015,-0.0076828571036458015
1789134862390709,-0.025926953181624413,-0.025926953181624413
1789134862400709,-0.06150875985622406,-0.06150875985622406
1789134862410709,-0.007686765864491463,-0.007686765864491463
1789134862422709,0.09364956617355347,0.09364956617355347
1789134862424709,-0.016675183549523354,-0.016675183549523354
1789134862440709,-0.04116826876997948,-0.04116826876997948
1789134862450709,-0.04946019500494003,-0.04946019500494003
1789134862458709,0.02454809658229351,0.02454809658229351
1789134862470709,-0.023166943341493607,-0.023166943341493607
1789134862482709,-0.04085415601730347,-0.04085415601730347
1789134862490709,-0.08760444074869156,-0.08760444074869156
1789134862500709,-0.06171177700161934,-0.06171177700161934
1789134862510709,-0.07830046862363815,-0.07830046862363815
1789134862520709,-0.11186521500349045,-0.11186521500349045
1789134862530862,-0.06177271157503128,-0.06177271157503128
1789134862542862,0.04334872588515282,0.04334872588515282
1789134862544862,-0.007962580770254135,-0.007962580770254135
1789134862556862,0.0043381694704294205,0.0043381694704294205
1789134862570862,-0.006522988900542259,-0.006522988900542259
1789134862580862,-0.055240269750356674,-0.055240269750356674
1789134862590862,0.024276256561279297,0.024276256561279297
1789134862602862,-0.03969033062458038,-0.03969033062458038
1789134862610862,-0.07280926406383514,-0.07280926406383514
1789134862620862,-0.10931003093719482,-0.10931003093719482
1789134862630862,-0.12418249994516373,-0.12418249994516373
1789134862640862,-0.15541982650756836,-0.15541982650756836
1789134862650862,-0.10942403972148895,-0.10942403972148895
1789134862662862,0.06898723542690277,0.06898723542690277
1789134862672862,0.04375341162085533,0.04375341162085533
1789134862680862,0.0016363379545509815,0.0016363379545509815
1789134862688862,-0.01649893820285797,-0.01649893820285797
1789134862700862,-0.043341655284166336,-0.043341655284166336
1789134862710862,0.0015698033384978771,0.0015698033384978771
1789134862722862,-0.08536066859960556,-0.08536066859960556
1789134862730862,-0.1702122688293457,-0.1702122688293457
1789134862738862,-0.16344602406024933,-0.16344602406024933
1789134862750862,-0.1740332394838333,-0.1740332394838333
1789134862758862,-0.20510463416576385,-0.20510463416576385
1789134862770862,-0.21990874409675598,-0.21990874409675598
1789134862782862,-0.08492879569530487,-0.08492879569530487
1789134862784862,-0.12444913387298584,-0.12444913387298584
1789134862800862,-0.049370694905519485,-0.049370694905519485
1789134862810862,-0.06003183126449585,-0.06003183126449585
1789134862820862,-0.10981975495815277,-0.10981975495815277
1789134862830862,-0.04944029450416565,-0.04944029450416565
1789134862842862,0.004265989176928997,0.004265989176928997
1789134862850862,-0.11247272789478302,-0.11247272789478302
1789134862856862,-0.1054702028632164,-0.1054702028632164
1789134862870862,-0.12483424693346024,-0.12483424693346024
1789134862880862,-0.16591876745224,-0.16591876745224
1789134862890862,0.07252610474824905,0.07252610474824905
1789134862902862,0.021443629637360573,0.021443629637360573
1789134862910862,-0.007245716638863087,-0.007245716638863087
1789134862918862,-0.01217212900519371,-0.01217212900519371
1789134862930862,-0.025533616542816162,-0.025533616542816162
1789134862938862,-0.012177437543869019,-0.012177437543869019
1789134862950862,-0.012180669233202934,-0.012180669233202934
1789134862962862,0.1812763512134552,0.1812763512134552
1789134862970862,0.0009225644171237946,0.0009225644171237946
1789134862980862,-0.017984624952077866,-0.017984624952077866
1789134862986862,0.00387928681448102,0.00387928681448102
1789134863000862,-0.07867523282766342,-0.07867523282766342
1789134863010862,-0.05070621520280838,-0.05070621520280838
1789134863022862,0.05466245487332344,0.05466245487332344
1789134863024862,-0.0006029116921126842,-0.0006029116921126842
1789134863040862,0.04235372319817543,0.04235372319817543
1789134863048862,0.008470597676932812,0.008470597676932812
1789134863060862,-0.05569155514240265,-0.05569155514240265
1789134863070862,0.04239713028073311,0.04239713028073311
1789134863082862,0.14451315999031067,0.14451315999031067
1789134863084862,-0.039858393371105194,-0.039858393371105194
1789134863100862,-0.08786513656377792,-0.08786513656377792
1789134863110862,-0.11270081996917725,-0.11270081996917725
1789134863118862,0.02775387093424797,0.02775387093424797
1789134863130862,-0.04754466935992241,-0.04754466935992241
1789134863142862,-0.03394882380962372,-0.03394882380962372
1789134863150862,-0.0724114403128624,-0.0724114403128624
1789134863160862,-0.07650180160999298,-0.07650180160999298
1789134863170862,-0.08969208598136902,-0.08969208598136902
1789134863180862,-0.1525547057390213,-0.1525547057390213
1789134863190862,-0.07658224552869797,-0.07658224552869797
1789134863202862,0.16941843926906586,0.16941843926906586
1789134863210862,0.011134140193462372,0.011134140193462372
1789134863216862,0.04174204543232918,0.04174204543232918
1789134863230862,0.009907517582178116,0.009907517582178116
1789134863240862,-0.052678100764751434,-0.052678100764751434
1789134863250862,0.10442928224802017,0.10442928224802017
1789134863262862,-0.02681957371532917,-0.02681957371532917
1789134863270862,-0.05432441830635071,-0.05432441830635071
1789134863280862,-0.1002446711063385,-0.1002446711063385
1789134863290862,-0.11174062639474869,-0.11174062639474869
1789134863300862,-0.1702972650527954,-0.1702972650527954
1789134863310862,-0.10035619884729385,-0.10035619884729385
1789134863322862,0.0861782655119896,0.0861782655119896
1789134863330862,-0.05747373029589653,-0.05747373029589653
1789134863338862,-0.04981733858585358,-0.04981733858585358
1789134863348862,-0.10693369060754776,-0.10693369060754776
1789134863360862,-0.13721752166748047,-0.13721752166748047
1789134863370862,-0.04984196648001671,-0.04984196648001671
1789134863382862,0.15852932631969452,0.15852932631969452
1789134863384862,-0.017108386382460594,-0.017108386382460594
1789134863400862,-0.0538109727203846,-0.0538109727203846
1789134863410862,-0.06708276271820068,-0.06708276271820068
1789134863418862,0.01413758471608162,0.01413758471608162
1789134863430862,-0.025897834450006485,-0.025897834450006485
1789134863440862,-0.024636415764689445,-0.024636415764689445
1789134863446862,-0.042079076170921326,-0.042079076170921326
1789134863460862,-0.008052963763475418,-0.008052963763475418
1789134863470862,-0.03965545818209648,-0.03965545818209648
1789134863480862,-0.10471300035715103,-0.10471300035715103
1789134863490862,-0.008029857650399208,-0.008029857650399208
1789134863502862,0.2914803624153137,0.2914803624153137
1789134863510862,0.0878174677491188,0.0878174677491188
1789134863520862,0.04388980194926262,0.04388980194926262
1789134863531015,0.026676548644900322,0.026676548644900322
1789134863539015,0.04391970485448837,0.04391970485448837
1789134863551015,0.044115424156188965,0.044115424156188965
1789134863563015,0.0984477549791336,0.0984477549791336
1789134863571015,0.032479383051395416,0.032479383051395416
1789134863579015,0.06143929809331894,0.06143929809331894
1789134863591015,0.025367364287376404,0.025367364287376404
1789134863601015,-0.04659021645784378,-0.04659021645784378
1789134863611015,0.06152606010437012,0.06152606010437012
1789134863623015,0.31502747535705566,0.31502747535705566
1789134863631015,0.09574651718139648,0.09574651718139648
1789134863641015,0.03862130641937256,0.03862130641937256
1789134863647015,0.06990966945886612,0.06990966945886612
1789134863661015,-0.026138179004192352,-0.026138179004192352
1789134863671015,0.036655765026807785,0.036655765026807785
1789134863683015,0.1398693025112152,0.1398693025112152
1789134863691015,0.058806102722883224,0.058806102722883224
1789134863701015,0.011528843082487583,0.011528843082487583
1789134863711015,-0.02115534618496895,-0.02115534618496895
1789134863721015,-0.08532962948083878,-0.08532962948083878
1789134863731015,0.01156262494623661,0.01156262494623661
1789134863743015,0.1250729113817215,0.1250729113817215
1789134863745015,0.026258865371346474,0.026258865371346474
1789134863761015,-0.024798359721899033,-0.024798359721899033
1789134863771015,-0.03924653306603432,-0.03924653306603432
1789134863779015,0.03978925570845604,0.03978925570845604
1789134863791015,-0.04106679558753967,-0.04106679558753967
1789134863803015,0.12368230521678925,0.12368230521678925
1789134863811015,0.03248579055070877,0.03248579055070877
1789134863821015,0.07857315242290497,0.07857315242290497
1789134863831015,0.04289453849196434,0.04289453849196434
1789134863841015,-0.026670463383197784,-0.026670463383197784
1789134863851015,0.07866963744163513,0.07866963744163513
1789134863863015,0.3539603054523468,0.3539603054523468
1789134863865015,0.1376771330833435,0.1376771330833435
1789134863877015,0.10487444698810577,0.10487444698810577
1789134863891015,0.08638471364974976,0.08638471364974976
1789134863901015,0.002397975418716669,0.002397975418716669
1789134863911015,0.18675564229488373,0.18675564229488373
1789134863923015,0.14069996774196625,0.14069996774196625
1789134863931015,0.07295303046703339,0.07295303046703339
1789134863939015,0.052391670644283295,0.052391670644283295
1789134863951015,0.01859108731150627,0.01859108731150627
1789134863961015,-0.05024873837828636,-0.05024873837828636
1789134863971015,0.05247947573661804,0.05247947573661804
1789134863983015,0.239780992269516,0.239780992269516
1789134863991015,0.04035283997654915,0.04035283997654915
1789134864001015,0.015834422782063484,0.015834422782063484
1789134864009015,-0.01426689326763153,-0.01426689326763153
1789134864021015,-0.02680058777332306,-0.02680058777332306
1789134864031015,0.015856005251407623,0.015856005251407623
1789134864043015,0.2523469924926758,0.2523469924926758
1789134864049015,0.07504408061504364,0.07504408061504364
1789134864061015,0.0955701470375061,0.0955701470375061
1789134864071015,0.06639856100082397,0.06639856100082397
1789134864081015,0.010308239609003067,0.010308239609003067
1789134864091015,0.09564187377691269,0.09564187377691269
1789134864103015,0.11509302258491516,0.11509302258491516
1789134864105015,-0.05047140270471573,-0.05047140270471573
1789134864121015,-0.13246916234493256,-0.13246916234493256
1789134864131015,-0.14342673122882843,-0.14342673122882843
1789134864139015,-0.13255368173122406,-0.13255368173122406
1789134864151015,-0.1326173096895218,-0.1326173096895218
1789134864161015,0.19101597368717194,0.19101597368717194
1789134864173015,0.2487243264913559,0.2487243264913559
1789134864181015,0.21135880053043365,0.21135880053043365
1789134864191015,0.18494337797164917,0.18494337797164917
1789134864201015,0.1524413377046585,0.1524413377046585
1789134864211015,0.19914862513542175,0.19914862513542175
1789134864223015,0.12620365619659424,0.12620365619659424
1789134864233015,0.02454746887087822,0.02454746887087822
1789134864239015,0.009861990809440613,0.009861990809440613
1789134864251015,0.000970030203461647,0.000970030203461647
1789134864261015,-0.07732950150966644,-0.07732950150966644
1789134864271015,0.009907074272632599,0.009907074272632599
1789134864283015,0.2549174726009369,0.2549174726009369
1789134864293015,0.13500604033470154,0.13500604033470154
1789134864301015,0.10236050188541412,0.10236050188541412
1789134864307015,0.07802817970514297,0.07802817970514297
1789134864321015,-0.009081268683075905,-0.009081268683075905
1789134864331015,0.017253926023840904,0.017253926023840904
1789134864341015,0.13001403212547302,0.13001403212547302
1789134864345015,0.029027404263615608,0.029027404263615608
1789134864361015,0.06483941525220871,0.06483941525220871
1789134864371015,0.050598178058862686,0.050598178058862686
1789134864381015,-0.01595117524266243,-0.01595117524266243
1789134864391015,0.06492139399051666,0.06492139399051666
1789134864403015,0.13257494568824768,0.13257494568824768
1789134864405015,-0.01645144447684288,-0.01645144447684288
1789134864421015,-0.007240559905767441,-0.007240559905767441
1789134864431015,-0.029618745669722557,-0.029618745669722557
1789134864439015,0.10472549498081207,0.10472549498081207
1789134864451015,0.03740380331873894,0.03740380331873894
1789134864463015,0.13519364595413208,0.13519364595413208
1789134864471015,0.058923978358507156,0.058923978358507156
1789134864481015,0.08512301743030548,0.08512301743030548
1789134864491015,0.0712796226143837,0.0712796226143837
1789134864501015,0.007608599029481411,0.007608599029481411
1789134864511015,0.08521164208650589,0.08521164208650589
1789134864523015,0.22476287186145782,0.22476287186145782
1789134864531015,0.07435942441225052,0.07435942441225052
1789134864537169,0.05943821370601654,0.05943821370601654
1789134864551169,0.033127374947071075,0.033127374947071075
1789134864561169,-0.020271077752113342,-0.020271077752113342
1789134864569169,0.10302428901195526,0.10302428901195526
1789134864583169,0.09515567123889923,0.09515567123889923
1789134864585169,0.06827031821012497,0.06827031821012497
1789134864601169,0.02669544517993927,0.02669544517993927
1789134864611169,0.015609905123710632,0.015609905123710632
1789134864621169,-0.042892344295978546,-0.042892344295978546
1789134864631169,0.026745017617940903,0.026745017617940903
1789134864641169,0.14004604518413544,0.14004604518413544
1789134864651169,0.11109010875225067,0.11109010875225067
1789134864661169,0.10779700428247452,0.10779700428247452
1789134864669169,0.05492398515343666,0.05492398515343666
1789134864681169,0.027828438207507133,0.027828438207507133
1789134864691169,0.10793814063072205,0.10793814063072205
1789134864703169,0.24069492518901825,0.24069492518901825
1789134864705169,0.08462752401828766,0.08462752401828766
1789134864721169,0.05594941973686218,0.05594941973686218
1789134864731169,0.04546664282679558,0.04546664282679558
1789134864739169,0.10124244540929794,0.10124244540929794
1789134864751169,0.07043009996414185,0.07043009996414185
1789134864763169,0.10510047525167465,0.10510047525167465
1789134864767169,0.04022028297185898,0.04022028297185898
1789134864781169,0.06625491380691528,0.06625491380691528
1789134864791169,0.0437438003718853,0.0437438003718853
1789134864801169,-0.0010202133562415838,-0.0010202133562415838
1789134864811169,0.06635014712810516,0.06635014712810516
1789134864823169,0.2510356903076172,0.2510356903076172
1789134864825169,0.11403931677341461,0.11403931677341461
1789134864841169,0.06932611763477325,0.06932611763477325
1789134864851169,0.05976670980453491,0.05976670980453491
1789134864859169,0.08441296964883804,0.08441296964883804
1789134864871169,0.06359651684761047,0.06359651684761047
1789134864883169,0.1157708615064621,0.1157708615064621
1789134864891169,0.07541900128126144,0.07541900128126144
1789134864899169,0.11116164922714233,0.11116164922714233
1789134864911169,0.08962502330541611,0.08962502330541611
1789134864921169,0.07875625789165497,0.07875625789165497
1789134864931169,0.11131390929222107,0.11131390929222107
1789134864943169,0.13052071630954742,0.13052071630954742
1789134864953169,0.068572036921978,0.068572036921978
1789134864961169,0.03387463092803955,0.03387463092803955
1789134864967169,0.0770336389541626,0.0770336389541626
1789134864981169,0.026643022894859314,0.026643022894859314
1789134864991169,0.061149075627326965,0.061149075627326965
1789134865003169,0.1585129052400589,0.1585129052400589
1789134865011169,0.1151866465806961,0.1151866465806961
1789134865021169,0.12338399142026901,0.12338399142026901
1789134865031169,0.110709048807621,0.110709048807621
1789134865041169,0.06548476219177246,0.06548476219177246
1789134865051169,0.23942089080810547,0.23942089080810547
1789134865063169,0.1173032894730568,0.1173032894730568
1789134865065169,0.09963789582252502,0.09963789582252502
1789134865081169,0.039895206689834595,0.039895206689834595
1789134865091169,0.033619482070207596,0.033619482070207596
1789134865099169,0.15659615397453308,0.15659615397453308
1789134865111169,0.11816704273223877,0.11816704273223877
1789134865123169,0.17518216371536255,0.17518216371536255
1789134865131169,0.12576301395893097,0.12576301395893097
1789134865139169,0.15149465203285217,0.15149465203285217
1789134865151169,0.13517150282859802,0.13517150282859802
1789134865161169,0.10397888720035553,0.10397888720035553
1789134865171169,0.15168488025665283,0.15168488025665283
1789134865183169,0.19921362400054932,0.19921362400054932
1789134865185169,0.11031816899776459,0.11031816899776459
1789134865197169,0.09131136536598206,0.09131136536598206
1789134865211169,0.0861298143863678,0.0861298143863678
1789134865221169,0.06128948926925659,0.06128948926925659
1789134865231169,0.11939284205436707,0.11939284205436707
1789134865243169,0.08783738315105438,0.08783738315105438
1789134865251169,0.072223961353302,0.072223961353302
1789134865261169,0.023964937776327133,0.023964937776327133
1789134865271169,0.01975117437541485,0.01975117437541485
1789134865281169,0.011948389001190662,0.011948389001190662
1789134865291169,0.02400885336101055,0.02400885336101055
1789134865303169,-0.003908196464180946,-0.003908196464180946
1789134865311169,-0.008129006251692772,-0.008129006251692772
1789134865321169,-0.03521415963768959,-0.03521415963768959
1789134865329169,-0.0337362103164196,-0.0337362103164196
1789134865339169,-0.03106103092432022,-0.03106103092432022
1789134865351169,-0.03524795547127724,-0.03524795547127724
1789134865363169,-0.009548157453536987,-0.009548157453536987
1789134865371169,-0.0010628874879330397,-0.0010628874879330397
1789134865381169,0.06112770736217499,0.06112770736217499
1789134865391169,0.060660962015390396,0.060660962015390396
1789134865397169,0.005501940846443176,0.005501940846443176
1789134865411169,0.006519174203276634,0.006519174203276634
1789134865423169,0.0118490569293499,0.0118490569293499
1789134865427169,0.01641254872083664,0.01641254872083664
1789134865441169,0.007667657919228077,0.007667657919228077
1789134865451169,0.008501432836055756,0.008501432836055756
1789134865461169,0.014823493547737598,0.014823493547737598
1789134865471169,0.007673649117350578,0.007673649117350578
1789134865483169,-0.012229474261403084,-0.012229474261403084
1789134865491169,0.003035674337297678,0.003035674337297678
1789134865501169,0.004976076073944569,0.004976076073944569
1789134865511169,0.0074712312780320644,0.0074712312780320644
1789134865521169,0.012988635338842869,0.012988635338842869
1789134865531169,-0.004993674345314503,-0.004993674345314503
1789134865543322,-0.0037291147746145725,-0.0037291147746145725
1789134865553322,-0.0038300638552755117,-0.0038300638552755117
1789134865559322,-3.138999454677105e-05,-3.138999454677105e-05
1789134865571322,0.0015912052476778626,0.0015912052476778626
1789134865581322,0.006659055594354868,0.006659055594354868
1789134865591322,0.009171942248940468,0.009171942248940468
1789134865603322,-0.006333932746201754,-0.006333932746201754
1789134865611322,0.0075364746153354645,0.0075364746153354645
1789134865621322,-0.010373334400355816,-0.010373334400355816
1789134865631322,-0.00637675728648901,-0.00637675728648901
1789134865641322,0.0010616629151627421,0.0010616629151627421
1789134865651322,-0.010376808233559132,-0.010376808233559132
1789134865661322,-0.04545668512582779,-0.04545668512582779
1789134865665322,-0.02058498002588749,-0.02058498002588749
1789134865681322,-0.031184762716293335,-0.031184762716293335
1789134865691322,-0.02882258966565132,-0.02882258966565132
1789134865701322,-0.019612159579992294,-0.019612159579992294
1789134865711322,-0.015816684812307358,-0.015816684812307358
1789134865723322,-0.039692945778369904,-0.039692945778369904
1789134865725322,-0.0161361712962389,-0.0161361712962389
1789134865739322,0.004019582644104958,0.004019582644104958
1789134865751322,0.006321532651782036,0.006321532651782036
1789134865759322,-0.011274860240519047,-0.011274860240519047
1789134865771322,0.0001529176952317357,0.0001529176952317357
1789134865781322,-0.006826415657997131,-0.006826415657997131
1789134865791322,-0.0054077766835689545,-0.0054077766835689545
1789134865801322,0.0018628055695444345,0.0018628055695444345
1789134865811322,0.0024109594523906708,0.0024109594523906708
1789134865821322,0.004183580167591572,0.004183580167591572
1789134865831322,0.005407875869423151,0.005407875869423151
1789134865843322,0.0017609632341191173,0.0017609632341191173
1789134865851322,0.005460655782371759,0.005460655782371759
1789134865857322,0.02256927639245987,0.02256927639245987
1789134865871322,0.022726165130734444,0.022726165130734444
1789134865881322,0.022928649559617043,0.022928649559617043
1789134865891322,-0.01330938283354044,-0.01330938283354044
1789134865903322,-0.0026640803553164005,-0.0026640803553164005
1789134865905322,-0.0017975980881601572,-0.0017975980881601572
1789134865921322,-0.010411316528916359,-0.010411316528916359
1789134865931322,-0.009244068525731564,-0.009244068525731564
1789134865939322,-0.004021257162094116,-0.004021257162094116
1789134865951322,-0.010419398546218872,-0.010419398546218872
1789134865963322,-0.017586586996912956,-0.017586586996912956
1789134865971322,-0.006455558352172375,-0.006455558352172375
1789134865981322,-0.02808096632361412,-0.02808096632361412
1789134865989322,-0.025105265900492668,-0.025105265900492668
1789134866001322,-0.024487793445587158,-0.024487793445587158
1789134866011322,-0.028112364932894707,-0.028112364932894707
1789134866023322,0.00934677105396986,0.00934677105396986
1789134866031322,0.012415128760039806,0.012415128760039806
1789134866041322,0.02151072770357132,0.02151072770357132
1789134866049322,0.022510580718517303,0.022510580718517303
1789134866061322,0.03658372163772583,0.03658372163772583
1789134866071322,0.021480226889252663,0.021480226889252663
1789134866083322,-0.10047482699155807,-0.10047482699155807
1789134866087322,-0.07028236240148544,-0.07028236240148544
1789134866101322,-0.11142673343420029,-0.11142673343420029
1789134866111322,-0.1082167997956276,-0.1082167997956276
1789134866121322,-0.09727158397436142,-0.09727158397436142
1789134866131322,-0.1115385890007019,-0.1115385890007019
1789134866143322,0.04033435508608818,0.04033435508608818
1789134866151322,0.04767981171607971,0.04767981171607971
1789134866161322,0.09378985315561295,0.09378985315561295
1789134866171322,0.09117656201124191,0.09117656201124191
1789134866181322,0.08226466923952103,0.08226466923952103
1789134866191322,0.04893844202160835,0.04893844202160835
1789134866203322,0.0697271078824997,0.0697271078824997
1789134866211322,0.06287620216608047,0.06287620216608047
1789134866219322,0.042635295540094376,0.042635295540094376
1789134866231322,0.040138304233551025,0.040138304233551025
1789134866241322,0.03567509725689888,0.03567509725689888
1789134866251322,0.042672134935855865,0.042672134935855865
1789134866263322,0.06044953688979149,0.06044953688979149
1789134866271322,0.045500364154577255,0.045500364154577255
1789134866281322,-0.02399679832160473,-0.02399679832160473
1789134866285322,-0.022221406921744347,-0.022221406921744347
1789134866301322,-0.02070162259042263,-0.02070162259042263
1789134866311322,-0.01885490119457245,-0.01885490119457245
1789134866323322,0.0012075391132384539,0.0012075391132384539
1789134866333322,-0.027570592239499092,-0.027570592239499092
1789134866339322,-0.0275588259100914,-0.0275588259100914
1789134866351322,-0.027186749503016472,-0.027186749503016472
1789134866361322,-0.02629651501774788,-0.02629651501774788
1789134866371322,-0.027597766369581223,-0.027597766369581223
1789134866381322,-0.00543726421892643,-0.00543726421892643
1789134866393322,0.031101584434509277,0.031101584434509277
1789134866401322,0.030975457280874252,0.030975457280874252
1789134866411322,0.029859580099582672,0.029859580099582672
1789134866417322,-0.014077837578952312,-0.014077837578952312
1789134866431322,-0.014497922733426094,-0.014497922733426094
1789134866441322,0.004517713561654091,0.004517713561654091
1789134866451322,0.00442687701433897,0.00442687701433897
1789134866461322,-0.002292927820235491,-0.002292927820235491
1789134866471322,-0.0030453347135335207,-0.0030453347135335207
1789134866481322,-0.003232415299862623,-0.003232415299862623
1789134866491322,-0.005536447279155254,-0.005536447279155254
1789134866503322,-0.0038195732049643993,-0.0038195732049643993
1789134866511322,-0.00762583501636982,-0.00762583501636982
1789134866517322,0.01727449707686901,0.01727449707686901
1789134866531322,0.015981413424015045,0.015981413424015045
1789134866539474,0.01729864627122879,0.01729864627122879
1789134866551474,0.07457530498504639,0.07457530498504639
1789134866561474,0.0657380148768425,0.0657380148768425
1789134866571474,0.06420972943305969,0.06420972943305969
1789134866581474,0.057452328503131866,0.057452328503131866
1789134866591474,0.05577411130070686,0.05577411130070686
1789134866601474,0.05333126336336136,0.05333126336336136
1789134866611474,0.0575115829706192,0.0575115829706192
1789134866623474,0.024696480482816696,0.024696480482816696
1789134866631474,0.011842320673167706,0.011842320673167706
1789134866641474,-0.06666892766952515,-0.06666892766952515
1789134866649474,-0.06299500912427902,-0.06299500912427902
1789134866661474,-0.06228138133883476,-0.06228138133883476
1789134866671474,-0.06669358909130096,-0.06669358909130096
1789134866683474,0.03371673822402954,0.03371673822402954
1789134866691474,0.03623718023300171,0.03623718023300171
1789134866701474,0.03191071376204491,0.03191071376204491
1789134866711474,0.030677082017064095,0.030677082017064095
1789134866719474,-0.026911234483122826,-0.026911234483122826
1789134866731474,-0.02723889797925949,-0.02723889797925949
1789134866743474,-0.05829427018761635,-0.05829427018761635
1789134866753474,-0.02072845958173275,-0.02072845958173275
1789134866761474,-0.01867642067372799,-0.01867642067372799
1789134866771474,-0.018065646290779114,-0.018065646290779114
1789134866781474,-0.016997624188661575,-0.016997624188661575
1789134866791474,-0.01635696180164814,-0.01635696180164814
1789134866801474,-0.009957892820239067,-0.009957892820239067
1789134866813474,0.010783222503960133,0.010783222503960133
1789134866821474,0.011111162602901459,0.011111162602901459
1789134866831474,0.0106143057346344,0.0106143057346344
1789134866841474,0.009591237641870975,0.009591237641870975
1789134866849474,0.04355160519480705,0.04355160519480705
1789134866861474,0.026915844529867172,0.026915844529867172
1789134866865474,0.026569224894046783,0.026569224894046783
1789134866879474,0.03472796082496643,0.03472796082496643
1789134866891474,0.034668345004320145,0.034668345004320145
1789134866901474,0.03187648952007294,0.03187648952007294
1789134866911474,0.03475743532180786,0.03475743532180786
1789134866923474,-0.04537544026970863,-0.04537544026970863
1789134866931474,-0.04402171075344086,-0.04402171075344086
1789134866939474,-0.02977573126554489,-0.02977573126554489
1789134866951474,-0.028104573488235474,-0.028104573488235474
1789134866961474,-0.02664346620440483,-0.02664346620440483
1789134866971474,-0.02981431595981121,-0.02981431595981121
1789134866983474,-0.0013743066228926182,-0.0013743066228926182
1789134866985474,0.0014692677650600672,0.0014692677650600672
1789134867001474,0.018593203276395798,0.018593203276395798
1789134867011474,0.01842677593231201,0.01842677593231201
1789134867021474,0.019524510949850082,0.019524510949850082
1789134867031474,0.018612541258335114,0.018612541258335114
1789134867043474,-0.05454744026064873,-0.05454744026064873
1789134867045474,-0.04344808682799339,-0.04344808682799339
1789134867061474,-0.027061298489570618,-0.027061298489570618
1789134867071474,-0.024693744257092476,-0.024693744257092476
1789134867079474,-0.021593980491161346,-0.021593980491161346
1789134867091474,-0.01609642058610916,-0.01609642058610916
1789134867103474,-0.01047208346426487,-0.01047208346426487
1789134867111474,-0.006947165355086327,-0.006947165355086327
1789134867121474,0.015213082544505596,0.015213082544505596
1789134867131474,0.015299906954169273,0.015299906954169273
1789134867139474,0.015224265865981579,0.015224265865981579
1789134867151474,0.015232621692121029,0.015232621692121029
1789134867161474,-0.007867170497775078,-0.007867170497775078
1789134867173474,0.0012410868657752872,0.0012410868657752872
1789134867177474,0.002663720864802599,0.002663720864802599
1789134867191474,0.002955467440187931,0.002955467440187931
1789134867201474,0.0028166943229734898,0.0028166943229734898
1789134867209474,0.0004690637579187751,0.0004690637579187751
1789134867223474,0.007866237312555313,0.007866237312555313
1789134867225474,0.007942273281514645,0.007942273281514645
1789134867241474,0.04183732345700264,0.04183732345700264
1789134867251474,0.04121973365545273,0.04121973365545273
1789134867261474,0.03837618976831436,0.03837618976831436
1789134867271474,0.0418781153857708,0.0418781153857708
1789134867283474,-0.01354617066681385,-0.01354617066681385
1789134867291474,-0.01416928879916668,-0.01416928879916668
1789134867301474,0.004753400105983019,0.004753400105983019
1789134867309474,0.004254202824085951,0.004254202824085951
1789134867321474,0.002613589633256197,0.002613589633256197
1789134867331474,0.004778312984853983,0.004778312984853983
1789134867343474,0.041483089327812195,0.041483089327812195
1789134867345474,0.03817497193813324,0.03817497193813324
1789134867361474,0.031389668583869934,0.031389668583869934
1789134867371474,0.03131229802966118,0.03131229802966118
1789134867379474,0.006916390266269445,0.006916390266269445
1789134867391474,0.007150479592382908,0.007150479592382908
1789134867403474,0.01871347986161709,0.01871347986161709
1789134867407474,0.017921337857842445,0.017921337857842445
1789134867421474,0.02826567180454731,0.02826567180454731
1789134867431474,0.026756661012768745,0.026756661012768745
1789134867441474,0.02490651048719883,0.02490651048719883
1789134867451474,0.02830549143254757,0.02830549143254757
1789134867463474,0.01861508935689926,0.01861508935689926
1789134867465474,0.014308087527751923,0.014308087527751923
1789134867481474,0.018544195219874382,0.018544195219874382
1789134867491474,0.0186393354088068,0.0186393354088068
1789134867501474,0.019644729793071747,0.019644729793071747
1789134867511474,0.0999436229467392,0.0999436229467392
1789134867523474,0.07267369329929352,0.07267369329929352
1789134867531474,0.06748823821544647,0.06748823821544647
1789134867539625,0.08158848434686661,0.08158848434686661
1789134867551625,0.08028984814882278,0.08028984814882278
1789134867561625,0.07689309120178223,0.07689309120178223
1789134867571625,0.08169479668140411,0.08169479668140411
1789134867583625,0.03595878183841705,0.03595878183841705
1789134867591625,0.029306558892130852,0.029306558892130852
1789134867601625,0.024723239243030548,0.024723239243030548
1789134867607625,0.027088401839137077,0.027088401839137077
1789134867621625,0.03296876326203346,0.03296876326203346
1789134867631625,0.02963915653526783,0.02963915653526783
1789134867643625,0.0359499454498291,0.0359499454498291
1789134867651625,0.04101633280515671,0.04101633280515671
1789134867661625,0.060209840536117554,0.060209840536117554
1789134867671625,0.061730846762657166,0.061730846762657166
1789134867681625,0.06432248651981354,0.06432248651981354
1789134867691625,0.06028736010193825,0.06028736010193825
1789134867703625,0.04292796552181244,0.04292796552181244
1789134867705625,0.051705021411180496,0.051705021411180496
1789134867721625,0.052269354462623596,0.052269354462623596
1789134867731625,0.052900709211826324,0.052900709211826324
1789134867739625,0.043698929250240326,0.043698929250240326
1789134867751625,0.04745384305715561,0.04745384305715561
1789134867763625,0.0593060664832592,0.0593060664832592
1789134867771625,0.06749757379293442,0.06749757379293442
1789134867781625,0.03434973955154419,0.03434973955154419
1789134867791625,0.03916257247328758,0.03916257247328758
1789134867801625,0.050134655088186264,0.050134655088186264
1789134867811625,0.06379298120737076,0.06379298120737076
1789134867823625,-0.05780512094497681,-0.05780512094497681
1789134867825625,-0.018251098692417145,-0.018251098692417145
1789134867837625,-0.01751040481030941,-0.01751040481030941
1789134867851625,-0.013318037614226341,-0.013318037614226341
1789134867857625,-0.010301057249307632,-0.010301057249307632
1789134867871625,-0.002683220664039254,-0.002683220664039254
1789134867883625,0.0064239841885864735,0.0064239841885864735
1789134867891625,0.02091766521334648,0.02091766521334648
1789134867901625,0.014596090652048588,0.014596090652048588
1789134867911625,0.023070866242051125,0.023070866242051125
1789134867921625,0.040582284331321716,0.040582284331321716
1789134867931625,0.014612128958106041,0.014612128958106041
1789134867943625,-0.04140760004520416,-0.04140760004520416
1789134867951625,-0.013805217109620571,-0.013805217109620571
1789134867961625,-0.008013498038053513,-0.008013498038053513
1789134867969625,0.0010617371881380677,0.0010617371881380677
1789134867981625,0.014978534542024136,0.014978534542024136
1789134867991625,-0.008012617006897926,-0.008012617006897926
1789134868003625,-0.042369544506073,-0.042369544506073
1789134868011625,0.004427328240126371,0.004427328240126371
1789134868021625,0.020218173041939735,0.020218173041939735
1789134868031625,0.028186583891510963,0.028186583891510963
1789134868039625,-0.022607171908020973,-0.022607171908020973
1789134868051625,-0.0046552796848118305,-0.0046552796848118305
1789134868061625,0.02865116484463215,0.02865116484463215
1789134868067625,0.030046088621020317,0.030046088621020317
1789134868081625,0.02137892320752144,0.02137892320752144
1789134868091625,0.02459704875946045,0.02459704875946045
1789134868101625,0.042431142181158066,0.042431142181158066
1789134868111625,0.02140464074909687,0.02140464074909687
1789134868123625,-0.011380267329514027,-0.011380267329514027
1789134868131625,0.02980133146047592,0.02980133146047592
1789134868139625,0.013244793750345707,0.013244793750345707
1789134868151625,0.019281532615423203,0.019281532615423203
1789134868161625,0.022334778681397438,0.022334778681397438
1789134868171625,0.05417120084166527,0.05417120084166527
1789134868183625,0.08581019937992096,0.08581019937992096
1789134868191625,0.08792316168546677,0.08792316168546677
1789134868199625,0.09609607607126236,0.09609607607126236
1789134868211625,0.09736143052577972,0.09736143052577972
1789134868221625,0.10371082276105881,0.10371082276105881
1789134868231625,0.10420189797878265,0.10420189797878265
1789134868243625,0.06602148711681366,0.06602148711681366
1789134868251625,0.07662761956453323,0.07662761956453323
1789134868261625,0.08516217768192291,0.08516217768192291
1789134868267625,0.07124380767345428,0.07124380767345428
1789134868281625,0.08016090840101242,0.08016090840101242
1789134868291625,0.07670633494853973,0.07670633494853973
1789134868303625,0.06238705292344093,0.06238705292344093
1789134868305625,0.06974862515926361,0.06974862515926361
1789134868321625,0.08634552359580994,0.08634552359580994
1789134868331625,0.08805494755506516,0.08805494755506516
1789134868339625,0.08641120791435242,0.08641120791435242
1789134868351625,0.08645429462194443,0.08645429462194443
1789134868363625,0.03552482649683952,0.03552482649683952
1789134868365625,0.0573381669819355,0.0573381669819355
1789134868381625,0.04941106587648392,0.04941106587648392
1789134868391625,0.057066891342401505,0.057066891342401505
1789134868399625,0.06734628975391388,0.06734628975391388
1789134868411625,0.09717351943254471,0.09717351943254471
1789134868423625,0.07107865810394287,0.07107865810394287
1789134868431625,0.08558311313390732,0.08558311313390732
1789134868441625,0.10937672108411789,0.10937672108411789
1789134868451625,0.11099503189325333,0.11099503189325333
1789134868461625,0.12439462542533875,0.12439462542533875
1789134868471625,0.10950825363397598,0.10950825363397598
1789134868483625,0.03522753715515137,0.03522753715515137
1789134868491625,0.07043761014938354,0.07043761014938354
1789134868497625,0.06985802948474884,0.06985802948474884
1789134868511625,0.07533103972673416,0.07533103972673416
1789134868521625,0.09379669278860092,0.09379669278860092
1789134868531625,0.05963597819209099,0.05963597819209099
1789134868541625,0.08057650178670883,0.08057650178670883
1789134868551777,0.08857692033052444,0.08857692033052444
1789134868561777,0.12280823290348053,0.12280823290348053
1789134868571777,0.12502075731754303,0.12502075731754303
1789134868581777,0.14219550788402557,0.14219550788402557
1789134868591777,0.14916716516017914,0.14916716516017914
1789134868603777,0.04291095212101936,0.04291095212101936
1789134868611777,0.0864168182015419,0.0864168182015419
1789134868621777,0.03336523100733757,0.03336523100733757
1789134868629777,0.06524668633937836,0.06524668633937836
1789134868641777,0.08142323791980743,0.08142323791980743
1789134868651777,0.033394891768693924,0.033394891768693924
1789134868661777,-0.04902571439743042,-0.04902571439743042
1789134868665777,-0.02945004217326641,-0.02945004217326641
1789134868681777,-0.018393278121948242,-0.018393278121948242
1789134868691777,-0.00945928506553173,-0.00945928506553173
1789134868699777,-0.01336938701570034,-0.01336938701570034
1789134868711777,0.010910162702202797,0.010910162702202797
1789134868723777,-0.05692437291145325,-0.05692437291145325
1789134868727777,-0.001297279610298574,-0.001297279610298574
1789134868739777,-0.02275313436985016,-0.02275313436985016
1789134868751777,-0.001143879839219153,-0.001143879839219153
1789134868761777,0.009094874374568462,0.009094874374568462
1789134868771777,-0.022785363718867302,-0.022785363718867302
1789134868783777,-0.16383424401283264,-0.16383424401283264
1789134868785777,-0.04037787765264511,-0.04037787765264511
1789134868801777,-0.006661866791546345,-0.006661866791546345
1789134868811777,0.003154369071125984,0.003154369071125984
1789134868821777,0.04858291894197464,0.04858291894197464
1789134868831777,-0.048209141939878464,-0.048209141939878464
1789134868843777,-0.09228599816560745,-0.09228599816560745
1789134868851777,-0.049684520810842514,-0.049684520810842514
1789134868857777,-0.02393013797700405,-0.02393013797700405
1789134868871777,-0.002087052445858717,-0.002087052445858717
1789134868881777,0.04056546837091446,0.04056546837091446
1789134868891777,-0.023963671177625656,-0.023963671177625656
1789134868903777,-0.15956710278987885,-0.15956710278987885
1789134868913777,-0.019773565232753754,-0.019773565232753754
1789134868921777,-0.009763332083821297,-0.009763332083821297
1789134868927777,-0.046342287212610245,-0.046342287212610245
1789134868939777,0.011718032881617546,0.011718032881617546
1789134868951777,0.032203558832407,0.032203558832407
1789134868961777,-0.14817634224891663,-0.14817634224891663
1789134868971777,-0.04543916881084442,-0.04543916881084442
1789134868981777,-0.049547839909791946,-0.049547839909791946
1789134868991777,-0.033434778451919556,-0.033434778451919556
1789134869001777,-0.013648029416799545,-0.013648029416799545
1789134869011777,0.0720716118812561,0.0720716118812561
1789134869023777,-0.1697627454996109,-0.1697627454996109
1789134869025777,-0.02522440440952778,-0.02522440440952778
1789134869041777,-0.03171244636178017,-0.03171244636178017
1789134869049777,-0.021523263305425644,-0.021523263305425644
1789134869059777,-0.02564992569386959,-0.02564992569386959
1789134869071777,0.049169301986694336,0.049169301986694336
1789134869081777,-0.031882673501968384,-0.031882673501968384
1789134869091777,-0.02077312022447586,-0.02077312022447586
1789134869101777,-0.045269276946783066,-0.045269276946783066
1789134869111777,-0.030461424961686134,-0.030461424961686134
1789134869121777,0.021615570411086082,0.021615570411086082
1789134869131777,-0.045325323939323425,-0.045325323939323425
1789134869143777,-0.12670807540416718,-0.12670807540416718
1789134869145777,-0.0596906878054142,-0.0596906878054142
1789134869157777,-0.007704346906393766,-0.007704346906393766
1789134869171777,0.0017311193514615297,0.0017311193514615297
1789134869181777,0.04460328817367554,0.04460328817367554
1789134869191777,-0.07228274643421173,-0.07228274643421173
1789134869203777,-0.08823802322149277,-0.08823802322149277
1789134869211777,-0.048283305019140244,-0.048283305019140244
1789134869221777,-0.0302786435931921,-0.0302786435931921
1789134869231777,-0.010194776579737663,-0.010194776579737663
1789134869241777,0.029525935649871826,0.029525935649871826
1789134869251777,-0.0303156990557909,-0.0303156990557909
1789134869263777,-0.08552895486354828,-0.08552895486354828
1789134869273777,0.013677278533577919,0.013677278533577919
1789134869281777,0.04246869310736656,0.04246869310736656
1789134869289777,0.04905892163515091,0.04905892163515091
1789134869301777,0.06270050257444382,0.06270050257444382
1789134869311777,0.04252394288778305,0.04252394288778305
1789134869323777,-0.0972481295466423,-0.0972481295466423
1789134869333777,0.01225078571587801,0.01225078571587801
1789134869339777,0.029816824942827225,0.029816824942827225
1789134869351777,0.04374974966049194,0.04374974966049194
1789134869359777,0.03040423057973385,0.03040423057973385
1789134869371777,0.05105124041438103,0.05105124041438103
1789134869383777,0.05277419462800026,0.05277419462800026
1789134869385777,0.09137685596942902,0.09137685596942902
1789134869401777,0.09719213098287582,0.09719213098287582
1789134869411777,0.1031508520245552,0.1031508520245552
1789134869421777,0.13607968389987946,0.13607968389987946
1789134869431777,0.15421463549137115,0.15421463549137115
1789134869441777,-0.019341107457876205,-0.019341107457876205
1789134869451777,-0.0005780314095318317,-0.0005780314095318317
1789134869461777,0.06085441634058952,0.06085441634058952
1789134869471777,0.07397918403148651,0.07397918403148651
1789134869481777,0.09775152802467346,0.09775152802467346
1789134869491777,0.06283674389123917,0.06283674389123917
1789134869501777,0.07201031595468521,0.07201031595468521
1789134869505777,0.07482091337442398,0.07482091337442398
1789134869519777,0.04394744709134102,0.04394744709134102
1789134869531777,0.0469948872923851,0.0469948872923851
1789134869539777,0.04403213411569595,0.04403213411569595
1789134869551931,0.04405350610613823,0.04405350610613823
1789134869563931,0.03162328526377678,0.03162328526377678
1789134869571931,0.0869617611169815,0.0869617611169815
1789134869581931,0.07531607896089554,0.07531607896089554
1789134869587931,0.059280022978782654,0.059280022978782654
1789134869601931,0.09922073781490326,0.09922073781490326
1789134869611931,0.08460920304059982,0.08460920304059982
1789134869623931,-0.0038055055774748325,-0.0038055055774748325
1789134869625931,0.02723631262779236,0.02723631262779236
1789134869641931,-0.07112746685743332,-0.07112746685743332
1789134869651931,-0.05785953253507614,-0.05785953253507614
1789134869661931,0.0061910334043204784,0.0061910334043204784
1789134869671931,-0.07120772451162338,-0.07120772451162338
1789134869683931,-0.13603772222995758,-0.13603772222995758
1789134869685931,0.00865483283996582,0.00865483283996582
1789134869701931,0.0479387603700161,0.0479387603700161
1789134869711931,0.06900160014629364,0.06900160014629364
1789134869719931,-0.08822433650493622,-0.08822433650493622
1789134869731931,-0.02391017973423004,-0.02391017973423004
1789134869743931,-0.07633467018604279,-0.07633467018604279
1789134869751931,-0.039073552936315536,-0.039073552936315536
1789134869761931,-0.059117935597896576,-0.059117935597896576
1789134869771931,-0.04600423201918602,-0.04600423201918602
1789134869781931,0.020043183118104935,0.020043183118104935
1789134869791931,-0.059189409017562866,-0.059189409017562866
1789134869801931,-0.0772668719291687,-0.0772668719291687
1789134869811931,-0.04599589854478836,-0.04599589854478836
1789134869817931,-0.04809519648551941,-0.04809519648551941
1789134869831931,-0.025503816083073616,-0.025503816083073616
1789134869841931,0.02020224928855896,0.02020224928855896
1789134869851931,-0.13894876837730408,-0.13894876837730408
1789134869863931,-0.06592734158039093,-0.06592734158039093
1789134869865931,-0.043201085180044174,-0.043201085180044174
1789134869881931,0.025918561965227127,0.025918561965227127
1789134869891931,0.0349535271525383,0.0349535271525383
1789134869901931,0.0771455243229866,0.0771455243229866
1789134869911931,0.02594948559999466,0.02594948559999466
1789134869923931,-0.049944546073675156,-0.049944546073675156
1789134869931931,0.04834161326289177,0.04834161326289177
1789134869939931,0.05906518176198006,0.05906518176198006
1789134869949931,0.08847370743751526,0.08847370743751526
1789134869961931,0.10257778316736221,0.10257778316736221
1789134869971931,0.0591391958296299,0.0591391958296299
1789134869983931,-0.07204173505306244,-0.07204173505306244
1789134869985931,0.01635608822107315,0.01635608822107315
1789134870001931,-0.012310346588492393,-0.012310346588492393
1789134870011931,-0.00386082474142313,-0.00386082474142313
1789134870019931,0.0019421674078330398,0.0019421674078330398
1789134870031931,0.024795368313789368,0.024795368313789368
1789134870043931,-0.017254121601581573,-0.017254121601581573
1789134870047931,0.02389984205365181,0.02389984205365181
1789134870061931,0.022305412217974663,0.022305412217974663
1789134870071931,0.03722715005278587,0.03722715005278587
1789134870081931,0.0672134980559349,0.0672134980559349
1789134870091931,0.02233261428773403,0.02233261428773403
1789134870103931,-0.11772025376558304,-0.11772025376558304
1789134870105931,-0.02172759920358658,-0.02172759920358658
1789134870121931,-0.006421616300940514,-0.006421616300940514
1789134870131931,-0.0005720026092603803,-0.0005720026092603803
1789134870139931,0.0391281358897686,0.0391281358897686
1789134870151931,0.03390276059508324,0.03390276059508324
1789134870161931,0.045812517404556274,0.045812517404556274
1789134870171931,0.051713988184928894,0.051713988184928894
1789134870179931,0.08156061172485352,0.08156061172485352
1789134870191931,0.09573289752006531,0.09573289752006531
1789134870201931,0.10256894677877426,0.10256894677877426
1789134870211931,0.08167069405317307,0.08167069405317307
1789134870223931,-0.07504554092884064,-0.07504554092884064
1789134870231931,0.014049466699361801,0.014049466699361801
1789134870241931,-0.016143115237355232,-0.016143115237355232
1789134870245931,-0.02854219824075699,-0.02854219824075699
1789134870261931,0.0015193140134215355,0.0015193140134215355
1789134870271931,-0.018992390483617783,-0.018992390483617783
1789134870283931,-0.11642176657915115,-0.11642176657915115
1789134870291931,-0.0635094940662384,-0.0635094940662384
1789134870301931,-0.04189978539943695,-0.04189978539943695
1789134870311931,-0.020543422549962997,-0.020543422549962997
1789134870321931,0.019111983478069305,0.019111983478069305
1789134870331931,-0.041930701583623886,-0.041930701583623886
1789134870343931,-0.13096760213375092,-0.13096760213375092
1789134870345931,-0.06750635802745819,-0.06750635802745819
1789134870361931,-0.062425997108221054,-0.062425997108221054
1789134870371931,-0.05002835392951965,-0.05002835392951965
1789134870379931,-0.09508112072944641,-0.09508112072944641
1789134870391931,-0.025128137320280075,-0.025128137320280075
1789134870403931,-0.06175712123513222,-0.06175712123513222
1789134870411931,0.0012420442653819919,0.0012420442653819919
1789134870421931,-0.022875623777508736,-0.022875623777508736
1789134870431931,-0.003995758946985006,-0.003995758946985006
1789134870441931,0.03278892859816551,0.03278892859816551
1789134870451931,-0.02288411185145378,-0.02288411185145378
1789134870461931,-0.019830528646707535,-0.019830528646707535
1789134870473931,-0.03331242501735687,-0.03331242501735687
1789134870477931,-0.024349570274353027,-0.024349570274353027
1789134870491931,-0.014888307079672813,-0.014888307079672813
1789134870501931,0.027463773265480995,0.027463773265480995
1789134870511931,-0.07536354660987854,-0.07536354660987854
1789134870523931,-0.06104147061705589,-0.06104147061705589
1789134870531931,-0.02513711526989937,-0.02513711526989937
1789134870539931,0.009153527207672596,0.009153527207672596
1789134870552082,0.023728052154183388,0.023728052154183388
1789134870562082,0.05295248329639435,0.05295248329639435
1789134870572082,0.009170791134238243,0.009170791134238243
1789134870584082,0.007523855660110712,0.007523855660110712
1789134870592082,0.02891715243458748,0.02891715243458748
1789134870602082,0.068792924284935,0.068792924284935
1789134870610082,0.08027435094118118,0.08027435094118118
1789134870622082,0.10067465156316757,0.10067465156316757
1789134870632082,0.0688881203532219,0.0688881203532219
1789134870644082,-0.019106760621070862,-0.019106760621070862
1789134870652082,0.04868107661604881,0.04868107661604881
1789134870662082,-0.006601694505661726,-0.006601694505661726
1789134870672082,0.010594774968922138,0.010594774968922138
1789134870680082,-0.03923202306032181,-0.03923202306032181
1789134870692082,-0.013702795840799809,-0.013702795840799809
1789134870704082,-0.06771163642406464,-0.06771163642406464
1789134870706082,-0.01500741671770811,-0.01500741671770811
1789134870722082,-0.0011820804793387651,-0.0011820804793387651
1789134870732082,0.0065295081585645676,0.0065295081585645676
1789134870740082,-0.0011764875380322337,-0.0011764875380322337
1789134870752082,-0.0011778142070397735,-0.0011778142070397735
1789134870764082,-0.11816675961017609,-0.11816675961017609
1789134870772082,-0.020841121673583984,-0.020841121673583984
1789134870782082,-0.019093412905931473,-0.019093412905931473
1789134870792082,-0.010378657840192318,-0.010378657840192318
1789134870802082,0.036803148686885834,0.036803148686885834
1789134870812082,-0.11207620054483414,-0.11207620054483414
1789134870824082,-0.09047235548496246,-0.09047235548496246
1789134870826082,-0.06743986904621124,-0.06743986904621124
1789134870840082,-0.03706236928701401,-0.03706236928701401
1789134870852082,-0.02784152328968048,-0.02784152328968048
1789134870860082,-0.07349830120801926,-0.07349830120801926
1789134870872082,-0.018489951267838478,-0.018489951267838478
1789134870884082,-0.049935244023799896,-0.049935244023799896
1789134870892082,0.0027098096907138824,0.0027098096907138824
1789134870902082,-0.0014260152820497751,-0.0014260152820497751
1789134870908082,-0.0712500512599945,-0.0712500512599945
1789134870922082,-0.014352262020111084,-0.014352262020111084
1789134870932082,-0.035078249871730804,-0.035078249871730804
1789134870944082,-0.028218332678079605,-0.028218332678079605
1789134870952082,0.007632494438439608,0.007632494438439608
1789134870962082,-0.022228334099054337,-0.022228334099054337
1789134870972082,-0.013163568452000618,-0.013163568452000618
1789134870982082,0.0058107818476855755,0.0058107818476855755
1789134870992082,0.05235609412193298,0.05235609412193298
1789134871004082,-0.15394477546215057,-0.15394477546215057
1789134871006082,-0.0416858084499836,-0.0416858084499836
1789134871022082,-0.06021590903401375,-0.06021590903401375
1789134871032082,-0.047882553189992905,-0.047882553189992905
1789134871038082,-0.07026664912700653,-0.07026664912700653
1789134871052082,-0.07051090896129608,-0.07051090896129608
1789134871064082,-0.020104074850678444,-0.020104074850678444
1789134871068082,-0.003555149771273136,-0.003555149771273136
1789134871082082,0.03573736548423767,0.03573736548423767
1789134871092082,0.04302094504237175,0.04302094504237175
1789134871102082,0.07999580353498459,0.07999580353498459
1789134871112082,0.03575984761118889,0.03575984761118889
1789134871124082,-0.16470420360565186,-0.16470420360565186
1789134871132082,-0.06842844188213348,-0.06842844188213348
1789134871138082,-0.04186846688389778,-0.04186846688389778
1789134871152082,-0.02366131916642189,-0.02366131916642189
1789134871162082,0.011623384431004524,0.011623384431004524
1789134871172082,-0.05542409047484398,-0.05542409047484398
1789134871184082,0.013302121311426163,0.013302121311426163
1789134871186082,0.0256812646985054,0.0256812646985054
1789134871202082,0.06949059665203094,0.06949059665203094
1789134871212082,0.07413103431463242,0.07413103431463242
1789134871222082,0.08809300512075424,0.08809300512075424
1789134871232082,0.06958632171154022,0.06958632171154022
1789134871244082,0.050238046795129776,0.050238046795129776
1789134871252082,0.10403289645910263,0.10403289645910263
1789134871262082,0.0867917388677597,0.0867917388677597
1789134871270082,0.10836689174175262,0.10836689174175262
1789134871284082,0.1061190739274025,0.1061190739274025
1789134871292082,0.08682234585285187,0.08682234585285187
1789134871304082,-0.15973688662052155,-0.15973688662052155
1789134871306082,-0.06886167824268341,-0.06886167824268341
1789134871322082,-0.10269955545663834,-0.10269955545663834
1789134871332082,-0.09286519885063171,-0.09286519885063171
1789134871340082,-0.10277178138494492,-0.10277178138494492
1789134871352082,-0.10282377153635025,-0.10282377153635025
1789134871364082,-0.12127000093460083,-0.12127000093460083
1789134871368082,-0.020581265911459923,-0.020581265911459923
1789134871382082,-0.02073836512863636,-0.02073836512863636
1789134871392082,-0.0052572935819625854,-0.0052572935819625854
1789134871402082,0.0253727026283741,0.0253727026283741
1789134871412082,-0.02075846679508686,-0.02075846679508686
1789134871424082,-0.08301042765378952,-0.08301042765378952
1789134871426082,0.009381745010614395,0.009381745010614395
1789134871442082,0.04490590840578079,0.04490590840578079
1789134871452082,0.05192643031477928,0.05192643031477928
1789134871462082,0.08774597942829132,0.08774597942829132
1789134871472082,-0.08134724944829941,-0.08134724944829941
1789134871484082,-0.13189083337783813,-0.13189083337783813
1789134871492082,-0.09007186442613602,-0.09007186442613602
1789134871500082,-0.06162670627236366,-0.06162670627236366
1789134871512082,-0.0424521267414093,-0.0424521267414093
1789134871522082,-0.004377522971481085,-0.004377522971481085
1789134871532082,-0.06171237677335739,-0.06171237677335739
1789134871544082,-0.06659097969532013,-0.06659097969532013
1789134871554082,-0.006390678696334362,-0.006390678696334362
1789134871562257,0.0016111917793750763,0.0016111917793750763
1789134871568257,-0.02030443586409092,-0.02030443586409092
1789134871582257,0.023782454431056976,0.023782454431056976
1789134871592257,-0.00616866908967495,-0.00616866908967495
1789134871604257,-0.08161244541406631,-0.08161244541406631
1789134871614257,-0.057424746453762054,-0.057424746453762054
1789134871622257,-0.039915889501571655,-0.039915889501571655
1789134871632257,-0.02196771651506424,-0.02196771651506424
1789134871642257,-0.013530799187719822,-0.013530799187719822
1789134871652257,-0.0399734266102314,-0.0399734266102314
1789134871664257,-0.17410553991794586,-0.17410553991794586
1789134871666257,-0.0649130791425705,-0.0649130791425705
1789134871682257,-0.02858070842921734,-0.02858070842921734
1789134871692257,-0.020907748490571976,-0.020907748490571976
1789134871700257,-0.06976120173931122,-0.06976120173931122
1789134871712257,-0.025823524221777916,-0.025823524221777916
1789134871724257,-0.0833197683095932,-0.0833197683095932
1789134871732257,-0.03557159751653671,-0.03557159751653671
1789134871740257,-0.0741673931479454,-0.0741673931479454
1789134871752257,-0.0555390827357769,-0.0555390827357769
1789134871762257,-0.017742974683642387,-0.017742974683642387
1789134871772257,-0.07427079975605011,-0.07427079975605011
1789134871784257,-0.18324245512485504,-0.18324245512485504
1789134871786257,-0.07090166211128235,-0.07090166211128235
1789134871798257,-0.03944426774978638,-0.03944426774978638
1789134871812257,-0.03188243880867958,-0.03188243880867958
1789134871822257,0.006215183530002832,0.006215183530002832
1789134871832257,-0.12676261365413666,-0.12676261365413666
1789134871844257,-0.1116558387875557,-0.1116558387875557
1789134871852257,-0.07689745724201202,-0.07689745724201202
1789134871858257,-0.022838609293103218,-0.022838609293103218
1789134871872257,-0.009780394844710827,-0.009780394844710827
1789134871882257,0.01919710636138916,0.01919710636138916
1789134871892257,0.05660322681069374,0.05660322681069374
1789134871904257,-0.1403220146894455,-0.1403220146894455
1789134871914257,-0.10005015134811401,-0.10005015134811401
1789134871922257,-0.06647138297557831,-0.06647138297557831
1789134871930257,-0.05239749699831009,-0.05239749699831009
1789134871940257,-0.06651507318019867,-0.06651507318019867
1789134871952257,-0.01609179936349392,-0.01609179936349392
1789134871964257,-0.13095468282699585,-0.13095468282699585
1789134871974257,-0.06399741768836975,-0.06399741768836975
1789134871982257,-0.05074114724993706,-0.05074114724993706
1789134871992257,-0.03849233314394951,-0.03849233314394951
1789134871998257,-0.09913843125104904,-0.09913843125104904
1789134872012257,-0.0627327561378479,-0.0627327561378479
1789134872024257,-0.10153525322675705,-0.10153525322675705
1789134872034257,-0.05708392336964607,-0.05708392336964607
1789134872042257,-0.05063433200120926,-0.05063433200120926
1789134872050257,-0.03950762748718262,-0.03950762748718262
1789134872062257,-0.01812160573899746,-0.01812160573899746
1789134872072257,-0.05068010464310646,-0.05068010464310646
1789134872084257,-0.10419798642396927,-0.10419798642396927
1789134872092257,-0.04106796905398369,-0.04106796905398369
1789134872102257,-0.02877110056579113,-0.02877110056579113
1789134872112257,-0.019137315452098846,-0.019137315452098846
1789134872122257,-0.014211089350283146,-0.014211089350283146
1789134872132257,-0.07839810848236084,-0.07839810848236084
1789134872142257,-0.06940925866365433,-0.06940925866365433
1789134872154257,-0.03271057456731796,-0.03271057456731796
1789134872160257,-0.02849632501602173,-0.02849632501602173
1789134872172257,-0.024136526510119438,-0.024136526510119438
1789134872182257,-0.0011439317604526877,-0.0011439317604526877
1789134872192257,-0.02854813262820244,-0.02854813262820244
1789134872204257,-0.14925894141197205,-0.14925894141197205
1789134872212257,-0.09093283861875534,-0.09093283861875534
1789134872222257,-0.09444791078567505,-0.09444791078567505
1789134872228257,-0.10622832179069519,-0.10622832179069519
1789134872242257,-0.0697459876537323,-0.0697459876537323
1789134872252257,-0.08141415566205978,-0.08141415566205978
1789134872264257,-0.08883447200059891,-0.08883447200059891
1789134872266257,-0.06776610761880875,-0.06776610761880875
1789134872282257,-0.06130461394786835,-0.06130461394786835
1789134872292257,-0.056237418204545975,-0.056237418204545975
1789134872302257,-0.029530629515647888,-0.029530629515647888
1789134872312257,-0.061398960649967194,-0.061398960649967194
1789134872324257,-0.17050854861736298,-0.17050854861736298
1789134872326257,-0.10630638897418976,-0.10630638897418976
1789134872340257,-0.0743449479341507,-0.0743449479341507
1789134872352257,-0.06544972956180573,-0.06544972956180573
1789134872358257,-0.07221604883670807,-0.07221604883670807
1789134872372257,-0.04767323657870293,-0.04767323657870293
1789134872384257,-0.12306860089302063,-0.12306860089302063
1789134872392257,-0.09832118451595306,-0.09832118451595306
1789134872402257,-0.0868186354637146,-0.0868186354637146
1789134872412257,-0.08268427103757858,-0.08268427103757858
1789134872422257,-0.07545009255409241,-0.07545009255409241
1789134872432257,-0.05595456063747406,-0.05595456063747406
1789134872442257,-0.1424177885055542,-0.1424177885055542
1789134872452257,-0.13250453770160675,-0.13250453770160675
1789134872458257,-0.10926150530576706,-0.10926150530576706
1789134872472257,-0.10085050761699677,-0.10085050761699677
1789134872482257,-0.08616337925195694,-0.08616337925195694
1789134872490257,-0.12188057601451874,-0.12188057601451874
1789134872504257,-0.12120772898197174,-0.12120772898197174
1789134872506257,-0.11359923332929611,-0.11359923332929611
1789134872522257,-0.08773703873157501,-0.08773703873157501
1789134872532257,-0.08495929837226868,-0.08495929837226868
1789134872540257,-0.08780363202095032,-0.08780363202095032
1789134872552257,-0.08784676343202591,-0.08784676343202591
1789134872564257,-0.10666090250015259,-0.10666090250015259
1789134872574432,-0.0656052753329277,-0.0656052753329277
1789134872582432,-0.062347617000341415,-0.062347617000341415
1789134872590432,-0.056219518184661865,-0.056219518184661865
1789134872602432,-0.055468201637268066,-0.055468201637268066
1789134872612432,-0.062420282512903214,-0.062420282512903214
1789134872624432,-0.08136294782161713,-0.08136294782161713
1789134872626432,-0.06833109259605408,-0.06833109259605408
1789134872642432,-0.09449124336242676,-0.09449124336242676
1789134872652432,-0.0931185632944107,-0.0931185632944107
1789134872660432,-0.07233080267906189,-0.07233080267906189
1789134872672432,-0.06941988319158554,-0.06941988319158554
1789134872684432,-0.09523577988147736,-0.09523577988147736
1789134872688432,-0.09121913462877274,-0.09121913462877274
1789134872702432,-0.08287367224693298,-0.08287367224693298
1789134872712432,-0.08289752900600433,-0.08289752900600433
1789134872722432,-0.08396808803081512,-0.08396808803081512
1789134872732432,-0.08296500891447067,-0.08296500891447067
1789134872744432,-0.0762164294719696,-0.0762164294719696
1789134872754432,-0.08278422802686691,-0.08278422802686691
1789134872762432,-0.08319007605314255,-0.08319007605314255
1789134872772432,-0.08365516364574432,-0.08365516364574432
1789134872782432,-0.08765290677547455,-0.08765290677547455
1789134872792432,-0.059369850903749466,-0.059369850903749466
1789134872804432,-0.06549179553985596,-0.06549179553985596
1789134872812432,-0.07237450033426285,-0.07237450033426285
1789134872820432,-0.09020492434501648,-0.09020492434501648
1789134872832432,-0.09291503578424454,-0.09291503578424454
1789134872842432,-0.09749217331409454,-0.09749217331409454
1789134872852432,-0.09032069146633148,-0.09032069146633148
1789134872864432,-0.00467884074896574,-0.00467884074896574
1789134872866432,-0.022701235488057137,-0.022701235488057137
1789134872882432,-0.020164059475064278,-0.020164059475064278
1789134872888432,-0.0039240214973688126,-0.0039240214973688126
1789134872902432,-0.024663997814059258,-0.024663997814059258
1789134872912432,-0.011915833689272404,-0.011915833689272404
1789134872924432,-0.07966301590204239,-0.07966301590204239
1789134872932432,-0.09251765161752701,-0.09251765161752701
1789134872940432,-0.12387644499540329,-0.12387644499540329
1789134872952432,-0.12683691084384918,-0.12683691084384918
1789134872962432,-0.1288948655128479,-0.1288948655128479
1789134872972432,-0.14238131046295166,-0.14238131046295166
1789134872984432,-0.043143194168806076,-0.043143194168806076
1789134872994432,-0.024252312257885933,-0.024252312257885933
1789134873002432,-0.027539152652025223,-0.027539152652025223
1789134873012432,-0.031869374215602875,-0.031869374215602875
1789134873018432,0.001991650788113475,0.001991650788113475
1789134873032432,-0.0074700163677334785,-0.0074700163677334785
1789134873044432,-0.011866800487041473,-0.011866800487041473
1789134873054432,-0.029396723955869675,-0.029396723955869675
1789134873062432,-0.03338008001446724,-0.03338008001446724
1789134873072432,-0.041510868817567825,-0.041510868817567825
1789134873082432,-0.0590713694691658,-0.0590713694691658
1789134873092432,-0.03341344743967056,-0.03341344743967056
1789134873104432,0.05705438554286957,0.05705438554286957
1789134873112432,-0.002453222405165434,-0.002453222405165434
1789134873118432,0.00786550808697939,0.00786550808697939
1789134873132432,0.0017699413001537323,0.0017699413001537323
1789134873140432,-0.02662660740315914,-0.02662660740315914
1789134873152432,0.0320357009768486,0.0320357009768486
1789134873164432,-0.010552020743489265,-0.010552020743489265
1789134873172432,-0.03277771174907684,-0.03277771174907684
1789134873182432,-0.04726225510239601,-0.04726225510239601
1789134873192432,-0.052951179444789886,-0.052951179444789886
1789134873202432,-0.06047344207763672,-0.06047344207763672
1789134873212432,-0.04731142520904541,-0.04731142520904541
1789134873224432,0.06081291660666466,0.06081291660666466
1789134873232432,0.0033196641597896814,0.0033196641597896814
1789134873242432,0.019976776093244553,0.019976776093244553
1789134873250432,0.006576082669198513,0.006576082669198513
1789134873262432,-0.019534882158041,-0.019534882158041
1789134873272432,0.020007500424981117,0.020007500424981117
1789134873284432,0.03560807183384895,0.03560807183384895
1789134873292432,-0.039467912167310715,-0.039467912167310715
1789134873302432,-0.059114161878824234,-0.059114161878824234
1789134873312432,-0.06846318393945694,-0.06846318393945694
1789134873320432,0.00580665422603488,0.00580665422603488
1789134873332432,-0.03227238357067108,-0.03227238357067108
1789134873344432,0.045064907521009445,0.045064907521009445
1789134873346432,0.026544304564595222,0.026544304564595222
1789134873362432,0.02332642488181591,0.02332642488181591
1789134873372432,0.015511670149862766,0.015511670149862766
1789134873382432,-0.017070183530449867,-0.017070183530449867
1789134873392432,0.023350153118371964,0.023350153118371964
1789134873404432,0.04094386100769043,0.04094386100769043
1789134873412432,-0.03270793706178665,-0.03270793706178665
1789134873422432,-0.029280388727784157,-0.029280388727784157
1789134873432432,-0.040551941841840744,-0.040551941841840744
1789134873442432,-0.06379662454128265,-0.06379662454128265
1789134873452432,0.013363600708544254,0.013363600708544254
1789134873464432,0.0017449138686060905,0.0017449138686060905
1789134873466432,-0.011308443732559681,-0.011308443732559681
1789134873480432,0.019363196566700935,0.019363196566700935
1789134873492432,0.012141303159296513,0.012141303159296513
1789134873502432,-0.021155716851353645,-0.021155716851353645
1789134873512432,0.0193624347448349,0.0193624347448349
1789134873524432,0.009487250819802284,0.009487250819802284
1789134873532432,-0.06523875892162323,-0.06523875892162323
1789134873540432,-0.08745463192462921,-0.08745463192462921
1789134873548432,-0.015610003843903542,-0.015610003843903542
1789134873562432,-0.04121680557727814,-0.04121680557727814
1789134873572606,-0.06990990042686462,-0.06990990042686462
1789134873584606,0.002204945543780923,0.002204945543780923
1789134873594606,0.035216838121414185,0.035216838121414185
1789134873602606,0.005746997892856598,0.005746997892856598
1789134873612606,-0.0017649976070970297,-0.0017649976070970297
1789134873622606,-0.03008650615811348,-0.03008650615811348
1789134873632606,0.005718746222555637,0.005718746222555637
1789134873644606,0.007833735086023808,0.007833735086023808
1789134873654606,-0.07246484607458115,-0.07246484607458115
1789134873662606,-0.07538417726755142,-0.07538417726755142
1789134873672606,-0.08630433678627014,-0.08630433678627014
1789134873680606,-0.030439011752605438,-0.030439011752605438
1789134873692606,-0.0637727603316307,-0.0637727603316307
1789134873704606,-0.050527770072221756,-0.050527770072221756
1789134873706606,-0.08434674143791199,-0.08434674143791199
1789134873722606,-0.09008762985467911,-0.09008762985467911
1789134873732606,-0.09535215049982071,-0.09535215049982071
1789134873740606,-0.0901506319642067,-0.0901506319642067
1789134873752606,-0.09019394963979721,-0.09019394963979721
1789134873764606,0.017392398789525032,0.017392398789525032
1789134873772606,-0.052697792649269104,-0.052697792649269104
1789134873778606,-0.07782888412475586,-0.07782888412475586
1789134873792606,-0.08911826461553574,-0.08911826461553574
1789134873802606,-0.11053595691919327,-0.11053595691919327
1789134873812606,-0.022431520745158195,-0.022431520745158195
1789134873824606,-0.0474717915058136,-0.0474717915058136
1789134873826606,-0.06043754145503044,-0.06043754145503044
1789134873842606,-0.10625600069761276,-0.10625600069761276
1789134873852606,-0.11173036694526672,-0.11173036694526672
1789134873860606,-0.02522885426878929,-0.02522885426878929
1789134873872606,-0.05992233753204346,-0.05992233753204346
1789134873882606,-0.07707977294921875,-0.07707977294921875
1789134873894606,-0.05941453576087952,-0.05941453576087952
1789134873902606,-0.07278534770011902,-0.07278534770011902
1789134873910606,-0.0842374861240387,-0.0842374861240387
1789134873922606,-0.0903502032160759,-0.0903502032160759
1789134873932606,-0.13030847907066345,-0.13030847907066345
1789134873942606,-0.007243579253554344,-0.007243579253554344
1789134873954606,-0.02313247323036194,-0.02313247323036194
1789134873962606,-0.05056828632950783,-0.05056828632950783
1789134873972606,-0.05845962464809418,-0.05845962464809418
1789134873980606,-0.0018261238001286983,-0.0018261238001286983
1789134873992606,-0.02499055489897728,-0.02499055489897728
1789134874004606,-0.0789327323436737,-0.0789327323436737
1789134874008606,-0.12236618995666504,-0.12236618995666504
1789134874022606,-0.11601436138153076,-0.11601436138153076
1789134874032606,-0.12719367444515228,-0.12719367444515228
1789134874042606,-0.14943620562553406,-0.14943620562553406
1789134874052606,-0.0037124333903193474,-0.0037124333903193474
1789134874064606,-0.05046632140874863,-0.05046632140874863
1789134874066606,-0.06717722862958908,-0.06717722862958908
1789134874082606,-0.1124856099486351,-0.1124856099486351
1789134874092606,-0.11932313442230225,-0.11932313442230225
1789134874102606,-0.14900943636894226,-0.14900943636894226
1789134874112606,-0.12540709972381592,-0.12540709972381592
1789134874124606,-0.06586689502000809,-0.06586689502000809
1789134874132606,-0.09444364905357361,-0.09444364905357361
1789134874140606,-0.09200874716043472,-0.09200874716043472
1789134874152606,-0.10815167427062988,-0.10815167427062988
1789134874162606,-0.13995176553726196,-0.13995176553726196
1789134874172606,-0.0921221673488617,-0.0921221673488617
1789134874184606,0.0669667199254036,0.0669667199254036
1789134874186606,-0.03511004522442818,-0.03511004522442818
1789134874202606,-0.07471900433301926,-0.07471900433301926
1789134874208606,-0.037140898406505585,-0.037140898406505585
1789134874222606,-0.09548241645097733,-0.09548241645097733
1789134874232606,-0.11777610331773758,-0.11777610331773758
1789134874244606,0.0908685103058815,0.0908685103058815
1789134874254606,0.06703319400548935,0.06703319400548935
1789134874262606,0.040598124265670776,0.040598124265670776
1789134874272606,0.012720370665192604,0.012720370665192604
1789134874282606,-0.000501144677400589,-0.000501144677400589
1789134874292606,0.04065898805856705,0.04065898805856705
1789134874304606,0.18999384343624115,0.18999384343624115
1789134874306606,0.02502783201634884,0.02502783201634884
1789134874322606,-0.033529769629240036,-0.033529769629240036
1789134874332606,-0.0450730100274086,-0.0450730100274086
1789134874340606,0.012726965360343456,0.012726965360343456
1789134874352606,-0.051887739449739456,-0.051887739449739456
1789134874364606,0.059791166335344315,0.059791166335344315
1789134874372606,-0.011794088408350945,-0.011794088408350945
1789134874382606,0.011914970353245735,0.011914970353245735
1789134874392606,-0.016581648960709572,-0.016581648960709572
1789134874402606,-0.07386941462755203,-0.07386941462755203
1789134874412606,-0.13424374163150787,-0.13424374163150787
1789134874424606,0.23435641825199127,0.23435641825199127
1789134874432606,0.05811993405222893,0.05811993405222893
1789134874438606,-0.006468190345913172,-0.006468190345913172
1789134874452606,-0.018921582028269768,-0.018921582028269768
1789134874462606,-0.07476043701171875,-0.07476043701171875
1789134874472606,-0.00503114890307188,-0.00503114890307188
1789134874484606,-0.08269412815570831,-0.08269412815570831
1789134874492606,-0.1181931346654892,-0.1181931346654892
1789134874502606,-0.167819082736969,-0.167819082736969
1789134874512606,-0.18443696200847626,-0.18443696200847626
1789134874522606,-0.21920733153820038,-0.21920733153820038
1789134874532606,-0.16799144446849823,-0.16799144446849823
1789134874544606,0.012170948088169098,0.012170948088169098
1789134874552606,-0.015602603554725647,-0.015602603554725647
1789134874562606,0.010834908112883568,0.010834908112883568
1789134874570781,-0.012839110568165779,-0.012839110568165779
1789134874582781,-0.06132952496409416,-0.06132952496409416
1789134874592781,0.010870471596717834,0.010870471596717834
1789134874604781,0.24215783178806305,0.24215783178806305
1789134874612781,0.08951708674430847,0.08951708674430847
1789134874622781,0.052149467170238495,0.052149467170238495
1789134874632781,0.02757294662296772,0.02757294662296772
1789134874640781,0.060554660856723785,0.060554660856723785
1789134874652781,0.024386290460824966,0.024386290460824966
1789134874664781,0.11022903025150299,0.11022903025150299
1789134874666781,0.03176124393939972,0.03176124393939972
1789134874682781,-0.019855795428156853,-0.019855795428156853
1789134874692781,-0.03228619322180748,-0.03228619322180748
1789134874702781,-0.09655804932117462,-0.09655804932117462
1789134874712781,-0.019851991906762123,-0.019851991906762123
1789134874724781,0.18786458671092987,0.18786458671092987
1789134874732781,0.029286490753293037,0.029286490753293037
1789134874740781,0.00013668136671185493,0.00013668136671185493
1789134874752781,-0.02431187406182289,-0.02431187406182289
1789134874762781,-0.03640727326273918,-0.03640727326273918
1789134874772781,0.07857862114906311,0.07857862114906311
1789134874782781,0.03118238039314747,0.03118238039314747
1789134874792781,0.025952395051717758,0.025952395051717758
1789134874800781,0.04565014690160751,0.04565014690160751
1789134874812781,0.036478374153375626,0.036478374153375626
1789134874822781,-0.04348620027303696,-0.04348620027303696
1789134874832781,-0.0740690529346466,-0.0740690529346466
1789134874842781,0.060115765780210495,0.060115765780210495
1789134874852781,0.024749964475631714,0.024749964475631714
1789134874858781,0.010623365640640259,0.010623365640640259
1789134874868781,0.020414602011442184,0.020414602011442184
1789134874882781,-0.048703912645578384,-0.048703912645578384
1789134874892781,-0.02659246325492859,-0.02659246325492859
1789134874904781,0.020830370485782623,0.020830370485782623
1789134874914781,0.044431526213884354,0.044431526213884354
1789134874922781,0.03275299817323685,0.03275299817323685
1789134874932781,0.020051300525665283,0.020051300525665283
1789134874940781,-0.03858013078570366,-0.03858013078570366
1789134874952781,0.03278817981481552,0.03278817981481552
1789134874962781,-0.01985318958759308,-0.01985318958759308
1789134874974781,-0.03034750372171402,-0.03034750372171402
1789134874982781,-0.03538650646805763,-0.03538650646805763
1789134874992781,-0.055033791810274124,-0.055033791810274124
1789134874998781,0.004726039711385965,0.004726039711385965
1789134875012781,-0.014778198674321175,-0.014778198674321175
1789134875024781,0.11099682003259659,0.11099682003259659
1789134875034781,0.12733423709869385,0.12733423709869385
1789134875042781,0.07824511080980301,0.07824511080980301
1789134875050781,0.05051160231232643,0.05051160231232643
1789134875062781,-0.003528254572302103,-0.003528254572302103
1789134875072781,0.07834217697381973,0.07834217697381973
1789134875082781,0.09495246410369873,0.09495246410369873
1789134875092781,0.06154501438140869,0.06154501438140869
1789134875098781,0.0412609726190567,0.0412609726190567
1789134875112781,0.01748163253068924,0.01748163253068924
1789134875122781,-0.03257753327488899,-0.03257753327488899
1789134875130781,0.15737056732177734,0.15737056732177734
1789134875144781,0.14728662371635437,0.14728662371635437
1789134875154781,0.07803872972726822,0.07803872972726822
1789134875162781,0.062138523906469345,0.062138523906469345
1789134875172781,0.0491144098341465,0.0491144098341465
1789134875182781,-0.019098909571766853,-0.019098909571766853
1789134875192781,0.06222061440348625,0.06222061440348625
1789134875202781,0.10535799711942673,0.10535799711942673
1789134875212781,0.07162358611822128,0.07162358611822128
1789134875222781,0.08810030668973923,0.08810030668973923
1789134875230781,0.037087008357048035,0.037087008357048035
1789134875242781,0.012952877208590508,0.012952877208590508
1789134875252781,0.08816789090633392,0.08816789090633392
1789134875264781,0.18391099572181702,0.18391099572181702
1789134875266781,0.04093420132994652,0.04093420132994652
1789134875282781,0.03473150357604027,0.03473150357604027
1789134875292781,0.0229230634868145,0.0229230634868145
1789134875300781,0.05784478783607483,0.05784478783607483
1789134875312781,0.02449146844446659,0.02449146844446659
1789134875324781,0.02673295885324478,0.02673295885324478
1789134875328781,-0.031105808913707733,-0.031105808913707733
1789134875340781,-0.033084720373153687,-0.033084720373153687
1789134875352781,-0.04952660948038101,-0.04952660948038101
1789134875362781,-0.08330038189888,-0.08330038189888
1789134875372781,-0.033113349229097366,-0.033113349229097366
1789134875384781,0.15981528162956238,0.15981528162956238
1789134875386781,0.05175178870558739,0.05175178870558739
1789134875402781,0.07678583264350891,0.07678583264350891
1789134875412781,0.06466624140739441,0.06466624140739441
1789134875422781,0.009547382593154907,0.009547382593154907
1789134875432781,0.05837705358862877,0.05837705358862877
1789134875444781,0.04430815577507019,0.04430815577507019
1789134875452781,0.008039074018597603,0.008039074018597603
1789134875460781,-0.029168393462896347,-0.029168393462896347
1789134875472781,-0.04570510610938072,-0.04570510610938072
1789134875482781,-0.07808562368154526,-0.07808562368154526
1789134875492781,-0.029206257313489914,-0.029206257313489914
1789134875504781,0.14793841540813446,0.14793841540813446
1789134875512781,0.04469507187604904,0.04469507187604904
1789134875522781,0.08147609233856201,0.08147609233856201
1789134875528781,0.09955964237451553,0.09955964237451553
1789134875540781,0.07786038517951965,0.07786038517951965
1789134875552781,0.015614847652614117,0.015614847652614117
1789134875564781,0.08645652234554291,0.08645652234554291
1789134875574781,0.06323739141225815,0.06323739141225815
1789134875582955,0.043912407010793686,0.043912407010793686
1789134875592955,0.027375584468245506,0.027375584468245506
1789134875602955,-0.00542495446279645,-0.00542495446279645
1789134875612955,-0.04195050895214081,-0.04195050895214081
1789134875624955,0.1635284274816513,0.1635284274816513
1789134875626955,0.058571722358465195,0.058571722358465195
1789134875642955,-0.0027582573238760233,-0.0027582573238760233
1789134875652955,-0.011232651770114899,-0.011232651770114899
1789134875660955,0.11192920804023743,0.11192920804023743
1789134875672955,0.06167486310005188,0.06167486310005188
1789134875684955,0.06702111661434174,0.06702111661434174
1789134875692955,0.01168730203062296,0.01168730203062296
1789134875702955,0.026062333956360817,0.026062333956360817
1789134875712955,0.009717894718050957,0.009717894718050957
1789134875722955,0.0017920604441314936,0.0017920604441314936
1789134875732955,-0.05667290464043617,-0.05667290464043617
1789134875742955,0.16242507100105286,0.16242507100105286
1789134875752955,0.06033859774470329,0.06033859774470329
1789134875758955,0.058136798441410065,0.058136798441410065
1789134875772955,0.05199459195137024,0.05199459195137024
1789134875782955,0.033994462341070175,0.033994462341070175
1789134875792955,0.049689363688230515,0.049689363688230515
1789134875804955,-0.03319389000535011,-0.03319389000535011
1789134875812955,-0.055054984986782074,-0.055054984986782074
1789134875822955,-0.09882881492376328,-0.09882881492376328
1789134875832955,-0.10766389966011047,-0.10766389966011047
1789134875842955,-0.1290532648563385,-0.1290532648563385
1789134875852955,-0.09892193973064423,-0.09892193973064423
1789134875864955,0.038250699639320374,0.038250699639320374
1789134875872955,0.014310159720480442,0.014310159720480442
1789134875882955,0.017976216971874237,0.017976216971874237
1789134875890955,0.0033931396901607513,0.0033931396901607513
1789134875902955,-0.019568709656596184,-0.019568709656596184
1789134875912955,0.017959274351596832,0.017959274351596832
1789134875924955,0.06302183121442795,0.06302183121442795
1789134875932955,-0.011603713035583496,-0.011603713035583496
1789134875940955,-0.05054400861263275,-0.05054400861263275
1789134875952955,-0.05854745954275131,-0.05854745954275131
1789134875958955,0.025805776938796043,0.025805776938796043
1789134875972955,-0.010479956865310669,-0.010479956865310669
1789134875984955,-0.006948244757950306,-0.006948244757950306
1789134875988955,-0.052716538310050964,-0.052716538310050964
1789134876002955,-0.1077093854546547,-0.1077093854546547
1789134876012955,-0.11144660413265228,-0.11144660413265228
1789134876022955,-0.12664096057415009,-0.12664096057415009
1789134876032955,-0.10781659185886383,-0.10781659185886383
1789134876044955,0.14695093035697937,0.14695093035697937
1789134876050955,0.05331391096115112,0.05331391096115112
1789134876062955,0.07951188832521439,0.07951188832521439
1789134876072955,0.056679997593164444,0.056679997593164444
1789134876082955,0.015013087540864944,0.015013087540864944
1789134876092955,0.0569821298122406,0.0569821298122406
1789134876104955,0.0505448654294014,0.0505448654294014
1789134876112955,0.029986631125211716,0.029986631125211716
1789134876120955,-0.018333878368139267,-0.018333878368139267
1789134876132955,-0.023714624345302582,-0.023714624345302582
1789134876140955,-0.018353119492530823,-0.018353119492530823
1789134876152955,-0.018360283225774765,-0.018360283225774765
1789134876164955,0.11429297924041748,0.11429297924041748
1789134876172955,0.01245071366429329,0.01245071366429329
1789134876182955,0.03457346186041832,0.03457346186041832
1789134876186955,-0.045162949711084366,-0.045162949711084366
1789134876202955,-0.07119712978601456,-0.07119712978601456
1789134876212955,-0.12512536346912384,-0.12512536346912384
1789134876224955,0.12681321799755096,0.12681321799755096
1789134876232955,0.08296890556812286,0.08296890556812286
1789134876242955,0.06366443634033203,0.06366443634033203
1789134876252955,0.052070654928684235,0.052070654928684235
1789134876262955,-0.0026457395870238543,-0.0026457395870238543
1789134876272955,0.06373991072177887,0.06373991072177887
1789134876284955,0.056517571210861206,0.056517571210861206
1789134876286955,-0.06625940650701523,-0.06625940650701523
1789134876302955,-0.10892970114946365,-0.10892970114946365
1789134876312955,-0.1257581114768982,-0.1257581114768982
1789134876320955,0.020662954077124596,0.020662954077124596
1789134876332955,-0.030801922082901,-0.030801922082901
1789134876344955,-0.10972779989242554,-0.10972779989242554
1789134876352955,-0.1357753425836563,-0.1357753425836563
1789134876362955,-0.03763256222009659,-0.03763256222009659
1789134876372955,-0.04598094895482063,-0.04598094895482063
1789134876382955,-0.09569808840751648,-0.09569808840751648
1789134876392955,-0.0376318097114563,-0.0376318097114563
1789134876404955,0.12579283118247986,0.12579283118247986
1789134876412955,0.004660115577280521,0.004660115577280521
1789134876418955,0.018933802843093872,0.018933802843093872
1789134876432955,0.0014851544983685017,0.0014851544983685017
1789134876442955,-0.006852669175714254,-0.006852669175714254
1789134876450955,0.0015026414766907692,0.0015026414766907692
1789134876462955,0.0011121598072350025,0.0011121598072350025
1789134876474955,0.04325327277183533,0.04325327277183533
1789134876482955,0.0340605191886425,0.0340605191886425
1789134876492955,0.024604152888059616,0.024604152888059616
1789134876502955,0.001203926745802164,0.001203926745802164
1789134876512955,0.03412661328911781,0.03412661328911781
1789134876524955,0.08954116702079773,0.08954116702079773
1789134876534955,0.09909722208976746,0.09909722208976746
1789134876540955,0.07724037766456604,0.07724037766456604
1789134876550955,0.03662441298365593,0.03662441298365593
1789134876562955,0.01668122224509716,0.01668122224509716
1789134876572955,0.07732142508029938,0.07732142508029938
1789134876584955,0.22633393108844757,0.22633393108844757
1789134876595129,0.13792510330677032,0.13792510330677032
1789134876603129,0.09447067230939865,0.09447067230939865
1789134876613129,0.0835876539349556,0.0835876539349556
1789134876619129,0.16959747672080994,0.16959747672080994
1789134876633129,0.10806756466627121,0.10806756466627121
1789134876645129,0.11799389123916626,0.11799389123916626
1789134876655129,0.009239980950951576,0.009239980950951576
1789134876663129,0.003963002469390631,0.003963002469390631
1789134876673129,-0.011437550187110901,-0.011437550187110901
1789134876683129,-0.04123850166797638,-0.04123850166797638
1789134876693129,0.003972138278186321,0.003972138278186321
1789134876705129,0.15380685031414032,0.15380685031414032
1789134876707129,0.0616757906973362,0.0616757906973362
1789134876723129,0.1085878536105156,0.1085878536105156
1789134876733129,0.09805058687925339,0.09805058687925339
1789134876741129,0.10867632180452347,0.10867632180452347
1789134876751129,0.13373133540153503,0.13373133540153503
1789134876763129,0.07900461554527283,0.07900461554527283
1789134876775129,0.0374697707593441,0.0374697707593441
1789134876781129,0.022700266912579536,0.022700266912579536
1789134876793129,0.008884125389158726,0.008884125389158726
1789134876803129,-0.020637478679418564,-0.020637478679418564
1789134876813129,0.02276252582669258,0.02276252582669258
1789134876825129,0.2147161066532135,0.2147161066532135
1789134876833129,0.11979645490646362,0.11979645490646362
1789134876843129,0.1751527190208435,0.1751527190208435
1789134876849129,0.2238387167453766,0.2238387167453766
1789134876861129,0.21363864839076996,0.21363864839076996
1789134876873129,0.15149451792240143,0.15149451792240143
1789134876885129,0.15517432987689972,0.15517432987689972
1789134876895129,0.12964698672294617,0.12964698672294617
1789134876903129,0.1126895397901535,0.1126895397901535
1789134876913129,0.09655623137950897,0.09655623137950897
1789134876923129,0.06504769623279572,0.06504769623279572
1789134876933129,0.11284131556749344,0.11284131556749344
1789134876945129,0.19216516613960266,0.19216516613960266
1789134876947129,0.14427147805690765,0.14427147805690765
1789134876963129,0.14151924848556519,0.14151924848556519
1789134876973129,0.13398803770542145,0.13398803770542145
1789134876981129,0.17056727409362793,0.17056727409362793
1789134876993129,0.1280750334262848,0.1280750334262848
1789134877005129,0.106992207467556,0.106992207467556
1789134877013129,0.07867264002561569,0.07867264002561569
1789134877023129,0.09691477566957474,0.09691477566957474
1789134877033129,0.08838962763547897,0.08838962763547897
1789134877043129,0.07020988315343857,0.07020988315343857
1789134877053129,0.18860271573066711,0.18860271573066711
1789134877065129,0.14097458124160767,0.14097458124160767
1789134877073129,0.13163729012012482,0.13163729012012482
1789134877079129,0.14679476618766785,0.14679476618766785
1789134877093129,0.14288432896137238,0.14288432896137238
1789134877103129,0.13735882937908173,0.13735882937908173
1789134877113129,0.04570090398192406,0.04570090398192406
1789134877125129,0.04486430808901787,0.04486430808901787
1789134877135129,0.10060540586709976,0.10060540586709976
1789134877141129,0.09852340072393417,0.09852340072393417
1789134877153129,0.09557810425758362,0.09557810425758362
1789134877163129,0.094204843044281,0.094204843044281
1789134877173129,0.09865205734968185,0.09865205734968185
1789134877183129,0.07479604333639145,0.07479604333639145
1789134877195129,0.06481768935918808,0.06481768935918808
1789134877203129,0.06513264775276184,0.06513264775276184
1789134877211129,0.06604763865470886,0.06604763865470886
1789134877223129,0.0653688833117485,0.0653688833117485
1789134877233129,0.06521961092948914,0.06521961092948914
1789134877245129,0.10363022983074188,0.10363022983074188
1789134877253129,0.10316469520330429,0.10316469520330429
1789134877263129,0.11072967201471329,0.11072967201471329
1789134877273129,0.11065883189439774,0.11065883189439774
1789134877279129,0.08165231347084045,0.08165231347084045
1789134877293129,0.08246996253728867,0.08246996253728867
1789134877305129,0.09284092485904694,0.09284092485904694
1789134877315129,0.07805203646421432,0.07805203646421432
1789134877323129,0.07914017140865326,0.07914017140865326
1789134877333129,0.08047705143690109,0.08047705143690109
1789134877341129,0.07920023798942566,0.07920023798942566
1789134877353129,0.07924024760723114,0.07924024760723114
1789134877365129,0.03234386444091797,0.03234386444091797
1789134877373129,0.055510811507701874,0.055510811507701874
1789134877383129,0.05688462778925896,0.05688462778925896
1789134877393129,0.0623193085193634,0.0623193085193634
1789134877403129,0.0728171095252037,0.0728171095252037
1789134877413129,0.028463950380682945,0.028463950380682945
1789134877425129,0.023388639092445374,0.023388639092445374
1789134877427129,0.03169276937842369,0.03169276937842369
1789134877441129,0.039648596197366714,0.039648596197366714
1789134877453129,0.04424239695072174,0.04424239695072174
1789134877463129,0.06436698138713837,0.06436698138713837
1789134877473129,0.039706677198410034,0.039706677198410034
1789134877485129,0.011926126666367054,0.011926126666367054
1789134877493129,0.06023096293210983,0.06023096293210983
1789134877503129,0.10888891667127609,0.10888891667127609
1789134877509129,0.10401967912912369,0.10401967912912369
1789134877523129,0.11827404052019119,0.11827404052019119
1789134877533129,0.11564143747091293,0.11564143747091293
1789134877545129,0.07943110913038254,0.07943110913038254
1789134877555129,0.06405464559793472,0.06405464559793472
1789134877563129,0.07948117703199387,0.07948117703199387
1789134877573129,0.0822276845574379,0.0822276845574379
1789134877583129,0.09351985156536102,0.09351985156536102
1789134877593302,0.07957034558057785,0.07957034558057785
1789134877605302,-0.047992486506700516,-0.047992486506700516
1789134877615302,0.026589056476950645,0.026589056476950645
1789134877623302,0.029889576137065887,0.029889576137065887
1789134877633302,0.03830401971936226,0.03830401971936226
1789134877639302,0.03431142866611481,0.03431142866611481
1789134877653302,0.04621397331357002,0.04621397331357002
1789134877665302,0.025735311210155487,0.025735311210155487
1789134877675302,0.009771444834768772,0.009771444834768772
1789134877683302,0.03363044187426567,0.03363044187426567
1789134877693302,0.040855370461940765,0.040855370461940765
1789134877703302,0.0760701447725296,0.0760701447725296
1789134877713302,0.0336754210293293,0.0336754210293293
1789134877725302,-0.08622989058494568,-0.08622989058494568
1789134877733302,0.006023290567100048,0.006023290567100048
1789134877739302,0.03236902132630348,0.03236902132630348
1789134877753302,0.0482553206384182,0.0482553206384182
1789134877763302,0.07841890305280685,0.07841890305280685
1789134877773302,-0.05038131773471832,-0.05038131773471832
1789134877785302,3.640686918515712e-05,3.640686918515712e-05
1789134877787302,0.016981538385152817,0.016981538385152817
1789134877803302,0.024149104952812195,0.024149104952812195
1789134877813302,0.03304498270153999,0.03304498270153999
1789134877823302,0.07485129684209824,0.07485129684209824
1789134877833302,0.024182410910725594,0.024182410910725594
1789134877843302,0.05337151512503624,0.05337151512503624
1789134877855302,0.05893556773662567,0.05893556773662567
1789134877859302,0.07278820872306824,0.07278820872306824
1789134877871302,0.08739326149225235,0.08739326149225235
1789134877883302,0.11661336570978165,0.11661336570978165
1789134877893302,0.07288404554128647,0.07288404554128647
1789134877905302,-0.08269000053405762,-0.08269000053405762
1789134877915302,-0.004485241137444973,-0.004485241137444973
1789134877923302,0.029828868806362152,0.029828868806362152
1789134877933302,0.03830673173069954,0.03830673173069954
1789134877941302,0.014715151861310005,0.014715151861310005
1789134877953302,0.03851061314344406,0.03851061314344406
1789134877965302,-0.030793452635407448,-0.030793452635407448
1789134877975302,0.03698050603270531,0.03698050603270531
1789134877983302,0.042534492909908295,0.042534492909908295
1789134877993302,0.054738953709602356,0.054738953709602356
1789134878003302,0.06905994564294815,0.06905994564294815
1789134878013302,0.13217715919017792,0.13217715919017792
1789134878025302,-0.0895877406001091,-0.0895877406001091
1789134878035302,-0.027691375464200974,-0.027691375464200974
1789134878043302,0.010336256586015224,0.010336256586015224
1789134878051302,0.03140009939670563,0.03140009939670563
1789134878063302,0.07194960117340088,0.07194960117340088
1789134878073302,-0.001981696579605341,-0.001981696579605341
1789134878083302,0.010345160961151123,0.010345160961151123
1789134878093302,0.01885741762816906,0.01885741762816906
1789134878101302,0.020978402346372604,0.020978402346372604
1789134878113302,0.04288762807846069,0.04288762807846069
1789134878123302,0.08842864632606506,0.08842864632606506
1789134878133302,0.1390514224767685,0.1390514224767685
1789134878143302,-0.1864883005619049,-0.1864883005619049
1789134878155302,-0.060903653502464294,-0.060903653502464294
1789134878163302,-0.0110844187438488,-0.0110844187438488
1789134878167302,-0.011543269269168377,-0.011543269269168377
1789134878183302,0.02240130305290222,0.02240130305290222
1789134878193302,-0.0005544349551200867,-0.0005544349551200867
1789134878205302,-0.056542880833148956,-0.056542880833148956
1789134878213302,0.0014031415339559317,0.0014031415339559317
1789134878223302,-0.0038481010124087334,-0.0038481010124087334
1789134878233302,0.01770736090838909,0.01770736090838909
1789134878243302,0.06046875938773155,0.06046875938773155
1789134878253302,-0.003846895880997181,-0.003846895880997181
1789134878265302,-0.1788170337677002,-0.1788170337677002
1789134878267302,-0.04527590051293373,-0.04527590051293373
1789134878283302,-0.009145534597337246,-0.009145534597337246
1789134878293302,0.0019582377281039953,0.0019582377281039953
1789134878301302,-0.021052660420536995,-0.021052660420536995
1789134878313302,0.03807932883501053,0.03807932883501053
1789134878325302,-0.0530923567712307,-0.0530923567712307
1789134878333302,0.005412674974650145,0.005412674974650145
1789134878341302,-0.016898896545171738,-0.016898896545171738
1789134878353302,0.007603841368108988,0.007603841368108988
1789134878363302,0.0560547299683094,0.0560547299683094
1789134878373302,-0.016931399703025818,-0.016931399703025818
1789134878385302,-0.20011156797409058,-0.20011156797409058
1789134878393302,-0.05265588313341141,-0.05265588313341141
1789134878399302,0.0008996213437058032,0.0008996213437058032
1789134878413302,0.012343507260084152,0.012343507260084152
1789134878423302,0.0628625899553299,0.0628625899553299
1789134878431302,0.018380029127001762,0.018380029127001762
1789134878445302,-0.015148792415857315,-0.015148792415857315
1789134878453302,0.025203533470630646,0.025203533470630646
1789134878463302,-0.022324958816170692,-0.022324958816170692
1789134878473302,0.003817898454144597,0.003817898454144597
1789134878483302,0.05588490888476372,0.05588490888476372
1789134878493302,-0.022367868572473526,-0.022367868572473526
1789134878505302,-0.16523247957229614,-0.16523247957229614
1789134878515302,-0.15130944550037384,-0.15130944550037384
1789134878523302,-0.09032337367534637,-0.09032337367534637
1789134878531302,-0.062408093363046646,-0.062408093363046646
1789134878541302,-0.011504742316901684,-0.011504742316901684
1789134878553302,-0.09042608737945557,-0.09042608737945557
1789134878563302,-0.09824969619512558,-0.09824969619512558
1789134878573302,-0.06625491380691528,-0.06625491380691528
1789134878583302,-0.04675028473138809,-0.04675028473138809
1789134878593476,-0.020289970561861992,-0.020289970561861992
1789134878603476,-0.006770848296582699,-0.006770848296582699
1789134878613476,-0.04681665077805519,-0.04681665077805519
1789134878625476,-0.2502751350402832,-0.2502751350402832
1789134878635476,-0.07446808367967606,-0.07446808367967606
1789134878643476,-0.06085865572094917,-0.06085865572094917
1789134878653476,-0.04872528463602066,-0.04872528463602066
1789134878663476,0.009228460490703583,0.009228460490703583
1789134878673476,-0.06091568246483803,-0.06091568246483803
1789134878685476,-0.18945904076099396,-0.18945904076099396
1789134878693476,-0.05123305320739746,-0.05123305320739746
1789134878703476,0.006612865719944239,0.006612865719944239
1789134878713476,0.026409560814499855,0.026409560814499855
1789134878723476,0.06563664972782135,0.06563664972782135
1789134878733476,-0.06044837459921837,-0.06044837459921837
1789134878743476,-0.05259537696838379,-0.05259537696838379
1789134878755476,-0.03741736710071564,-0.03741736710071564
1789134878761476,0.0010120398364961147,0.0010120398364961147
1789134878773476,0.010053316131234169,0.010053316131234169
1789134878783476,0.05389944836497307,0.05389944836497307
1789134878793476,0.0010046459501609206,0.0010046459501609206
1789134878805476,-0.1372605711221695,-0.1372605711221695
1789134878813476,-0.027779480442404747,-0.027779480442404747
1789134878823476,-0.0031698124948889017,-0.0031698124948889017
1789134878829476,-0.03159463778138161,-0.03159463778138161
1789134878843476,0.02247883565723896,0.02247883565723896
1789134878853476,0.05816821753978729,0.05816821753978729
1789134878865476,-0.0678798258304596,-0.0678798258304596
1789134878873476,-0.04372776299715042,-0.04372776299715042
1789134878883476,-0.04725094512104988,-0.04725094512104988
1789134878893476,-0.03789301589131355,-0.03789301589131355
1789134878903476,-0.02170056290924549,-0.02170056290924549
1789134878913476,-0.047279734164476395,-0.047279734164476395
1789134878925476,-0.07282063364982605,-0.07282063364982605
1789134878935476,0.022786278277635574,0.022786278277635574
1789134878941476,0.026714302599430084,0.026714302599430084
1789134878953476,0.04333077743649483,0.04333077743649483
1789134878959476,-0.030696984380483627,-0.030696984380483627
1789134878973476,-0.013895804062485695,-0.013895804062485695
1789134878983476,0.012493807822465897,0.012493807822465897
1789134878995476,-0.007997386157512665,-0.007997386157512665
1789134879003476,0.0212416835129261,0.0212416835129261
1789134879013476,0.02952752076089382,0.02952752076089382
1789134879023476,0.045853693038225174,0.045853693038225174
1789134879033476,0.08715424686670303,0.08715424686670303
1789134879043476,-0.04240518808364868,-0.04240518808364868
1789134879055476,-0.0007241852581501007,-0.0007241852581501007
1789134879059476,0.007911335676908493,0.007911335676908493
1789134879073476,0.026192577555775642,0.026192577555775642
1789134879083476,0.06183972209692001,0.06183972209692001
1789134879093476,-0.12899547815322876,-0.12899547815322876
1789134879105476,-0.044781412929296494,-0.044781412929296494
1789134879115476,0.057526227086782455,0.057526227086782455
1789134879123476,0.08825390785932541,0.08825390785932541
1789134879133476,0.09448669105768204,0.09448669105768204
1789134879141476,0.13187919557094574,0.13187919557094574
1789134879153476,0.08833938837051392,0.08833938837051392
1789134879165476,-0.04746825620532036,-0.04746825620532036
1789134879175476,-0.030307186767458916,-0.030307186767458916
1789134879183476,-0.011178589425981045,-0.011178589425981045
1789134879191476,0.025921858847141266,0.025921858847141266
1789134879203476,0.04331439733505249,0.04331439733505249
1789134879213476,0.0794757753610611,0.0794757753610611
1789134879225476,-0.1342720240354538,-0.1342720240354538
1789134879235476,-0.1438550353050232,-0.1438550353050232
1789134879243476,-0.0977080762386322,-0.0977080762386322
1789134879253476,-0.08544913679361343,-0.08544913679361343
1789134879261476,-0.08469375967979431,-0.08469375967979431
1789134879273476,-0.049471959471702576,-0.049471959471702576
1789134879285476,-0.12916046380996704,-0.12916046380996704
1789134879289476,-0.058628398925065994,-0.058628398925065994
1789134879303476,-0.08033405244350433,-0.08033405244350433
1789134879313476,-0.05604120343923569,-0.05604120343923569
1789134879323476,-0.007322101388126612,-0.007322101388126612
1789134879333476,0.04317924380302429,0.04317924380302429
1789134879343476,-0.22443163394927979,-0.22443163394927979
1789134879355476,-0.07122292369604111,-0.07122292369604111
1789134879363476,-0.0264957994222641,-0.0264957994222641
1789134879373476,-0.015415186993777752,-0.015415186993777752
1789134879383476,0.004930936731398106,0.004930936731398106
1789134879391476,-0.12601350247859955,-0.12601350247859955
1789134879403476,-0.06808757036924362,-0.06808757036924362
1789134879415476,-0.06331327557563782,-0.06331327557563782
1789134879421476,-0.04172884300351143,-0.04172884300351143
1789134879433476,-0.019055623561143875,-0.019055623561143875
1789134879443476,0.02652006968855858,0.02652006968855858
1789134879453476,0.07237071543931961,0.07237071543931961
1789134879463476,-0.061936184763908386,-0.061936184763908386
1789134879475476,-0.07234890758991241,-0.07234890758991241
1789134879483476,-0.033039748668670654,-0.033039748668670654
1789134879489476,-0.06530249863862991,-0.06530249863862991
1789134879503476,-0.026019548997282982,-0.026019548997282982
1789134879513476,0.01303483173251152,0.01303483173251152
1789134879525476,-0.08681732416152954,-0.08681732416152954
1789134879533476,-0.03856781870126724,-0.03856781870126724
1789134879541476,-0.028851930052042007,-0.028851930052042007
1789134879553476,-0.008896843530237675,-0.008896843530237675
1789134879563476,0.0310942642390728,0.0310942642390728
1789134879573476,0.07607749849557877,0.07607749849557877
1789134879583476,-0.13177569210529327,-0.13177569210529327
1789134879595476,-0.12764129042625427,-0.12764129042625427
1789134879603649,-0.11526714265346527,-0.11526714265346527
1789134879613649,-0.10418834537267685,-0.10418834537267685
1789134879621649,-0.08621425181627274,-0.08621425181627274
1789134879633649,-0.028346633538603783,-0.028346633538603783
1789134879645649,-0.07366648316383362,-0.07366648316383362
1789134879655649,-0.013113157823681831,-0.013113157823681831
1789134879663649,0.0029260835144668818,0.0029260835144668818
1789134879673649,0.019904039800167084,0.019904039800167084
1789134879683649,0.02760240063071251,0.02760240063071251
1789134879693649,0.002929244888946414,0.002929244888946414
1789134879703649,-0.02987048029899597,-0.02987048029899597
1789134879715649,-0.029085133224725723,-0.029085133224725723
1789134879719649,0.0023112217895686626,0.0023112217895686626
1789134879733649,0.010549978353083134,0.010549978353083134
1789134879741649,0.002307645045220852,0.002307645045220852
1789134879753649,-0.055807407945394516,-0.055807407945394516
1789134879765649,-0.03515274450182915,-0.03515274450182915
1789134879775649,-0.023974604904651642,-0.023974604904651642
1789134879783649,-0.008486293256282806,-0.008486293256282806
1789134879793649,0.00715625612065196,0.00715625612065196
1789134879803649,0.01593170501291752,0.01593170501291752
1789134879813649,-0.008507969789206982,-0.008507969789206982
1789134879823649,-0.06452400237321854,-0.06452400237321854
1789134879833649,-0.04426460340619087,-0.04426460340619087
1789134879843649,-0.05366704985499382,-0.05366704985499382
1789134879851649,-0.03589145839214325,-0.03589145839214325
1789134879861649,-0.0567719042301178,-0.0567719042301178
1789134879873649,0.008424998261034489,0.008424998261034489
1789134879885649,-0.10140888392925262,-0.10140888392925262
1789134879895649,-0.09051314741373062,-0.09051314741373062
1789134879903649,-0.070858895778656,-0.070858895778656
1789134879913649,-0.05731276422739029,-0.05731276422739029
1789134879921649,0.016412140801548958,0.016412140801548958
1789134879933649,0.03528693690896034,0.03528693690896034
1789134879945649,0.004387766122817993,0.004387766122817993
1789134879949649,0.022366151213645935,0.022366151213645935
1789134879963649,0.032282862812280655,0.032282862812280655
1789134879973649,0.039012931287288666,0.039012931287288666
1789134879983649,0.051270563155412674,0.051270563155412674
1789134879993649,0.03231984004378319,0.03231984004378319
1789134880005649,-0.12077993899583817,-0.12077993899583817
1789134880013649,-0.03897850960493088,-0.03897850960493088
1789134880023649,0.004258993547409773,0.004258993547409773
1789134880033649,0.01796513982117176,0.01796513982117176
1789134880043649,0.024431675672531128,0.024431675672531128
1789134880053649,-0.013573040254414082,-0.013573040254414082
1789134880065649,-0.024228092283010483,-0.024228092283010483
1789134880067649,-0.009514744393527508,-0.009514744393527508
1789134880081649,0.0006214099703356624,0.0006214099703356624
1789134880093649,0.007523688953369856,0.007523688953369856
1789134880103649,0.021235760301351547,0.021235760301351547
1789134880113649,0.0006314367055892944,0.0006314367055892944
1789134880125649,-0.08206156641244888,-0.08206156641244888
1789134880133649,0.005216975696384907,0.005216975696384907
1789134880141649,-0.018574684858322144,-0.018574684858322144
1789134880153649,-0.003992792218923569,-0.003992792218923569
1789134880163649,0.024959510192275047,0.024959510192275047
1789134880173649,-0.0185698214918375,-0.0185698214918375
1789134880185649,0.024187222123146057,0.024187222123146057
1789134880187649,0.0620199516415596,0.0620199516415596
1789134880203649,0.09995907545089722,0.09995907545089722
1789134880213649,0.10516537725925446,0.10516537725925446
1789134880223649,0.13510861992835999,0.13510861992835999
1789134880233649,0.10005590319633484,0.10005590319633484
1789134880245649,-0.12159722298383713,-0.12159722298383713
1789134880247649,-0.0398455411195755,-0.0398455411195755
1789134880263649,-0.05616991966962814,-0.05616991966962814
1789134880273649,-0.03557269647717476,-0.03557269647717476
1789134880281649,-0.11787019670009613,-0.11787019670009613
1789134880293649,-0.057359013706445694,-0.057359013706445694
1789134880305649,-0.03849825635552406,-0.03849825635552406
1789134880315649,-0.01816134713590145,-0.01816134713590145
1789134880323649,-0.010761567391455173,-0.010761567391455173
1789134880333649,-0.004705769941210747,-0.004705769941210747
1789134880341649,0.04887859523296356,0.04887859523296356
1789134880353649,-0.010792899876832962,-0.010792899876832962
1789134880363649,-0.1141912117600441,-0.1141912117600441
1789134880375649,-0.07921670377254486,-0.07921670377254486
1789134880379649,-0.05856602266430855,-0.05856602266430855
1789134880393649,-0.04624313488602638,-0.04624313488602638
1789134880403649,-0.03252188116312027,-0.03252188116312027
1789134880413649,-0.08168332278728485,-0.08168332278728485
1789134880425649,-0.010848279111087322,-0.010848279111087322
1789134880433649,0.004665370099246502,0.004665370099246502
1789134880443649,0.04700157046318054,0.04700157046318054
1789134880453649,0.05292047560214996,0.05292047560214996
1789134880463649,0.06548528373241425,0.06548528373241425
1789134880473649,0.09236845374107361,0.09236845374107361
1789134880485649,0.048986632376909256,0.048986632376909256
1789134880493649,0.06420253962278366,0.06420253962278366
1789134880503649,0.033327531069517136,0.033327531069517136
1789134880511649,0.04401975870132446,0.04401975870132446
1789134880523649,0.05014491453766823,0.05014491453766823
1789134880533649,0.08683337271213531,0.08683337271213531
1789134880545649,0.006806774064898491,0.006806774064898491
1789134880553649,0.03837994486093521,0.03837994486093521
1789134880563649,0.0014629941433668137,0.0014629941433668137
1789134880573649,0.007753347512334585,0.007753347512334585
1789134880579649,-0.024732615798711777,-0.024732615798711777
1789134880593649,0.010965331457555294,0.010965331457555294
1789134880603821,-0.004738606978207827,-0.004738606978207827
1789134880615821,0.015829889103770256,0.015829889103770256
1789134880623821,0.020241685211658478,0.020241685211658478
1789134880633821,0.030175350606441498,0.030175350606441498
1789134880643821,0.04215008765459061,0.04215008765459061
1789134880653821,0.09538000822067261,0.09538000822067261
1789134880663821,-0.02849627286195755,-0.02849627286195755
1789134880673821,-0.00997468177229166,-0.00997468177229166
1789134880683821,0.02607831545174122,0.02607831545174122
1789134880693821,0.03177040070295334,0.03177040070295334
1789134880703821,0.052401598542928696,0.052401598542928696
1789134880711821,0.030453737825155258,0.030453737825155258
1789134880725821,0.0569036640226841,0.0569036640226841
1789134880733821,0.08003313839435577,0.08003313839435577
1789134880741821,0.07256560027599335,0.07256560027599335
1789134880753821,0.08521470427513123,0.08521470427513123
1789134880763821,0.11044376343488693,0.11044376343488693
1789134880773821,0.07267095148563385,0.07267095148563385
1789134880785821,-0.06853654980659485,-0.06853654980659485
1789134880787821,0.013411867432296276,0.013411867432296276
1789134880803821,-0.007166305091232061,-0.007166305091232061
1789134880807821,0.010827461257576942,0.010827461257576942
1789134880823821,0.03255767002701759,0.03255767002701759
1789134880833821,0.05856369063258171,0.05856369063258171
1789134880845821,0.04977424442768097,0.04977424442768097
1789134880853821,0.081693634390831,0.081693634390831
1789134880859821,0.07384605705738068,0.07384605705738068
1789134880873821,0.0808989629149437,0.0808989629149437
1789134880883821,0.08932759612798691,0.08932759612798691
1789134880893821,0.07398294657468796,0.07398294657468796
1789134880905821,0.02237669751048088,0.02237669751048088
1789134880913821,0.08623667806386948,0.08623667806386948
1789134880923821,0.056467436254024506,0.056467436254024506
1789134880933821,0.06318332999944687,0.06318332999944687
1789134880941821,0.07771869003772736,0.07771869003772736
1789134880953821,0.1107378751039505,0.1107378751039505
1789134880965821,0.12479648739099503,0.12479648739099503
1789134880973821,0.14553077518939972,0.14553077518939972
1789134880983821,0.13099107146263123,0.13099107146263123
1789134880993821,0.1415787786245346,0.1415787786245346
1789134881003821,0.1623455435037613,0.1623455435037613
1789134881013821,0.13114526867866516,0.13114526867866516
1789134881025821,-0.017162906005978584,-0.017162906005978584
1789134881027821,0.04916771501302719,0.04916771501302719
1789134881039821,0.016705304384231567,0.016705304384231567
1789134881051821,0.03439776226878166,0.03439776226878166
1789134881063821,0.06174949184060097,0.06174949184060097
1789134881073821,-0.012080545537173748,-0.012080545537173748
1789134881085821,0.03832785412669182,0.03832785412669182
1789134881093821,0.06742030382156372,0.06742030382156372
1789134881103821,0.10981171578168869,0.10981171578168869
1789134881113821,0.12321822345256805,0.12321822345256805
1789134881123821,0.15184158086776733,0.15184158086776733
1789134881133821,0.10994186997413635,0.10994186997413635
1789134881145821,0.008075118064880371,0.008075118064880371
1789134881153821,0.03082011640071869,0.03082011640071869
1789134881163821,0.0005128789925947785,0.0005128789925947785
1789134881171821,0.020536942407488823,0.020536942407488823
1789134881183821,0.06276416778564453,0.06276416778564453
1789134881193821,0.0005128408665768802,0.0005128408665768802
1789134881205821,-0.06165481358766556,-0.06165481358766556
1789134881213821,0.0588102787733078,0.0588102787733078
1789134881223821,0.04940265044569969,0.04940265044569969
1789134881233821,0.06926127523183823,0.06926127523183823
1789134881241821,-0.001352308550849557,-0.001352308550849557
1789134881253821,0.028419440612196922,0.028419440612196922
1789134881265821,-0.05108553543686867,-0.05108553543686867
1789134881275821,-0.041390638798475266,-0.041390638798475266
1789134881283821,-0.02593223750591278,-0.02593223750591278
1789134881293821,-0.014061915688216686,-0.014061915688216686
1789134881303821,0.009086805395781994,0.009086805395781994
1789134881313821,-0.025957485660910606,-0.025957485660910606
1789134881325821,-0.11276648193597794,-0.11276648193597794
1789134881335821,0.013003249652683735,0.013003249652683735
1789134881341821,0.03357842192053795,0.03357842192053795
1789134881353821,0.053127262741327286,0.053127262741327286
1789134881363821,0.06349391490221024,0.06349391490221024
1789134881373821,-0.05294830724596977,-0.05294830724596977
1789134881385821,-0.03801746293902397,-0.03801746293902397
1789134881395821,-0.05623965710401535,-0.05623965710401535
1789134881401821,-0.04489320516586304,-0.04489320516586304
1789134881413821,-0.03350863978266716,-0.03350863978266716
1789134881423821,0.024397147819399834,0.024397147819399834
1789134881433821,-0.044952113181352615,-0.044952113181352615
1789134881445821,-0.14715446531772614,-0.14715446531772614
1789134881453821,-0.013897113502025604,-0.013897113502025604
1789134881463821,0.0189812108874321,0.0189812108874321
1789134881469821,0.012091523967683315,0.012091523967683315
1789134881483821,0.0695643275976181,0.0695643275976181
1789134881493821,0.04961828142404556,0.04961828142404556
1789134881505821,-0.07598574459552765,-0.07598574459552765
1789134881515821,-0.20774325728416443,-0.20774325728416443
1789134881523821,-0.15762454271316528,-0.15762454271316528
1789134881533821,-0.14321748912334442,-0.14321748912334442
1789134881541821,-0.15773627161979675,-0.15773627161979675
1789134881553821,-0.15781539678573608,-0.15781539678573608
1789134881565821,-0.1805604100227356,-0.1805604100227356
1789134881575821,-0.045007217675447464,-0.045007217675447464
1789134881583821,-0.03924667090177536,-0.03924667090177536
1789134881593821,-0.016794869676232338,-0.016794869676232338
1789134881601821,-0.14942236244678497,-0.14942236244678497
1789134881613994,-0.08026497811079025,-0.08026497811079025
1789134881625994,-0.148437961935997,-0.148437961935997
1789134881635994,-0.15426412224769592,-0.15426412224769592
1789134881643994,-0.10568548738956451,-0.10568548738956451
1789134881653994,-0.09315534681081772,-0.09315534681081772
1789134881663994,-0.03445379436016083,-0.03445379436016083
1789134881673994,-0.10580291599035263,-0.10580291599035263
1789134881685994,-0.26369303464889526,-0.26369303464889526
1789134881693994,-0.11555324494838715,-0.11555324494838715
1789134881699994,-0.11305098235607147,-0.11305098235607147
1789134881713994,-0.09032190591096878,-0.09032190591096878
1789134881723994,-0.04866122826933861,-0.04866122826933861
1789134881733994,-0.15800489485263824,-0.15800489485263824
1789134881743994,-0.08150776475667953,-0.08150776475667953
1789134881755994,-0.11835841089487076,-0.11835841089487076
1789134881763994,-0.07931651175022125,-0.07931651175022125
1789134881773994,-0.06896825134754181,-0.06896825134754181
1789134881783994,-0.048045527189970016,-0.048045527189970016
1789134881793994,-0.07942043989896774,-0.07942043989896774
1789134881805994,-0.030755124986171722,-0.030755124986171722
1789134881813994,-0.004442326258867979,-0.004442326258867979
1789134881823994,0.025489332154393196,0.025489332154393196
1789134881831994,0.037904903292655945,0.037904903292655945
1789134881843994,0.04557891562581062,0.04557891562581062
1789134881853994,0.02550647407770157,0.02550647407770157
1789134881863994,-0.009044851176440716,-0.009044851176440716
1789134881875994,-0.004230291582643986,-0.004230291582643986
1789134881883994,0.020212600007653236,0.020212600007653236
1789134881893994,0.026965556666254997,0.026965556666254997
1789134881899994,-0.046427518129348755,-0.046427518129348755
1789134881913994,0.008326818235218525,0.008326818235218525
1789134881925994,-0.03205959126353264,-0.03205959126353264
1789134881935994,-0.004238576628267765,-0.004238576628267765
1789134881941994,-2.1217536414042115e-05,-2.1217536414042115e-05
1789134881953994,0.009878487326204777,0.009878487326204777
1789134881963994,0.0438775010406971,0.0438775010406971
1789134881973994,-2.229626988992095e-05,-2.229626988992095e-05
1789134881985994,-0.14688649773597717,-0.14688649773597717
1789134881987994,-0.0532989576458931,-0.0532989576458931
1789134882003994,-0.05246736481785774,-0.05246736481785774
1789134882013994,-0.04346076399087906,-0.04346076399087906
1789134882023994,-0.026021674275398254,-0.026021674275398254
1789134882031994,-0.13229693472385406,-0.13229693472385406
1789134882045994,-0.05541549250483513,-0.05541549250483513
1789134882055994,-0.0242447592318058,-0.0242447592318058
1789134882061994,-0.0166182778775692,-0.0166182778775692
1789134882073994,-0.0008531001512892544,-0.0008531001512892544
1789134882083994,0.03169627860188484,0.03169627860188484
1789134882093994,-0.01665502041578293,-0.01665502041578293
1789134882105994,-0.19124099612236023,-0.19124099612236023
1789134882107994,-0.08823619782924652,-0.08823619782924652
1789134882123994,-0.032672617584466934,-0.032672617584466934
1789134882129994,-0.05241849273443222,-0.05241849273443222
1789134882141994,-0.03655257448554039,-0.03655257448554039
1789134882153994,-0.03657054901123047,-0.03657054901123047
1789134882165994,-0.0757761001586914,-0.0757761001586914
1789134882173994,-0.03814099729061127,-0.03814099729061127
1789134882183994,-0.06446882337331772,-0.06446882337331772
1789134882193994,-0.0465240441262722,-0.0465240441262722
1789134882203994,-0.011717184446752071,-0.011717184446752071
1789134882213994,-0.0645594373345375,-0.0645594373345375
1789134882225994,-0.2109593003988266,-0.2109593003988266
1789134882235994,-0.06013653799891472,-0.06013653799891472
1789134882243994,-0.051419079303741455,-0.051419079303741455
1789134882253994,-0.042963817715644836,-0.042963817715644836
1789134882259994,-0.06721585243940353,-0.06721585243940353
1789134882273994,-0.051309578120708466,-0.051309578120708466
1789134882285994,-0.10553979128599167,-0.10553979128599167
1789134882295994,-0.04809480160474777,-0.04809480160474777
1789134882303994,-0.03182967007160187,-0.03182967007160187
1789134882313994,-0.019831813871860504,-0.019831813871860504
1789134882323994,0.020742079243063927,0.020742079243063927
1789134882333994,-0.031870756298303604,-0.031870756298303604
1789134882345994,-0.12082652747631073,-0.12082652747631073
1789134882353994,-0.06861377507448196,-0.06861377507448196
1789134882359994,-0.14341609179973602,-0.14341609179973602
1789134882373994,-0.13167978823184967,-0.13167978823184967
1789134882383994,-0.07606007158756256,-0.07606007158756256
1789134882393994,-0.21048034727573395,-0.21048034727573395
1789134882405994,-0.1784154325723648,-0.1784154325723648
1789134882413994,-0.1385338455438614,-0.1385338455438614
1789134882423994,-0.06823324412107468,-0.06823324412107468
1789134882433994,-0.05216291919350624,-0.05216291919350624
1789134882443994,-0.017975494265556335,-0.017975494265556335
1789134882453994,-0.06833907216787338,-0.06833907216787338
1789134882465994,-0.23219329118728638,-0.23219329118728638
1789134882473994,-0.1282794326543808,-0.1282794326543808
1789134882483994,-0.08898273855447769,-0.08898273855447769
1789134882491994,-0.07369844615459442,-0.07369844615459442
1789134882503994,-0.04658501222729683,-0.04658501222729683
1789134882513994,-0.0890733152627945,-0.0890733152627945
1789134882525994,-0.15088579058647156,-0.15088579058647156
1789134882533994,-0.06183560937643051,-0.06183560937643051
1789134882541994,-0.035391904413700104,-0.035391904413700104
1789134882553994,-0.021964065730571747,-0.021964065730571747
1789134882561994,-0.07645851373672485,-0.07645851373672485
1789134882573994,-0.05652126297354698,-0.05652126297354698
1789134882585994,-0.14810939133167267,-0.14810939133167267
1789134882587994,-0.10126208513975143,-0.10126208513975143
1789134882603994,-0.12473392486572266,-0.12473392486572266
1789134882614166,-0.11647115647792816,-0.11647115647792816
1789134882624166,-0.07731816172599792,-0.07731816172599792
1789134882634166,-0.12488425523042679,-0.12488425523042679
1789134882644166,-0.18446891009807587,-0.18446891009807587
1789134882656166,-0.14102742075920105,-0.14102742075920105
1789134882664166,-0.12468811124563217,-0.12468811124563217
1789134882674166,-0.1115361675620079,-0.1115361675620079
1789134882684166,-0.08632192760705948,-0.08632192760705948
1789134882694166,-0.10779641568660736,-0.10779641568660736
1789134882706166,-0.12123330682516098,-0.12123330682516098
1789134882708166,-0.1081976369023323,-0.1081976369023323
1789134882722166,-0.10416371375322342,-0.10416371375322342
1789134882734166,-0.09834467619657516,-0.09834467619657516
1789134882742166,-0.10424140840768814,-0.10424140840768814
1789134882754166,-0.10429220646619797,-0.10429220646619797
1789134882766166,-0.14664854109287262,-0.14664854109287262
1789134882774166,-0.08510736376047134,-0.08510736376047134
1789134882784166,-0.10171960294246674,-0.10171960294246674
1789134882790166,-0.13053779304027557,-0.13053779304027557
1789134882804166,-0.104500912129879,-0.104500912129879
1789134882814166,-0.1097421944141388,-0.1097421944141388
1789134882826166,-0.11884628981351852,-0.11884628981351852
1789134882836166,-0.0939779281616211,-0.0939779281616211
1789134882844166,-0.07654646039009094,-0.07654646039009094
1789134882854166,-0.07260482758283615,-0.07260482758283615
1789134882862166,-0.09225292503833771,-0.09225292503833771
1789134882874166,-0.0635393038392067,-0.0635393038392067
1789134882886166,-0.08975273370742798,-0.08975273370742798
1789134882888166,-0.071216881275177,-0.071216881275177
1789134882904166,-0.05823102593421936,-0.05823102593421936
1789134882914166,-0.05432853102684021,-0.05432853102684021
1789134882922166,-0.07880719006061554,-0.07880719006061554
1789134882934166,-0.0663977637887001,-0.0663977637887001
1789134882946166,-0.047544725239276886,-0.047544725239276886
1789134882948166,-0.040954843163490295,-0.040954843163490295
1789134882964166,-0.04487607628107071,-0.04487607628107071
1789134882974166,-0.04282907024025917,-0.04282907024025917
1789134882984166,-0.03431546688079834,-0.03431546688079834
1789134882994166,-0.04492749646306038,-0.04492749646306038
1789134883006166,-0.09360996633768082,-0.09360996633768082
1789134883014166,-0.07128605991601944,-0.07128605991601944
1789134883020166,-0.0924464538693428,-0.0924464538693428
1789134883034166,-0.08820917457342148,-0.08820917457342148
1789134883044166,-0.08166990429162979,-0.08166990429162979
1789134883054166,-0.07591797411441803,-0.07591797411441803
1789134883066166,-0.051391519606113434,-0.051391519606113434
1789134883068166,-0.04890158772468567,-0.04890158772468567
1789134883084166,-0.06331042945384979,-0.06331042945384979
1789134883094166,-0.062030088156461716,-0.062030088156461716
1789134883104166,-0.05293820798397064,-0.05293820798397064
1789134883114166,-0.06339016556739807,-0.06339016556739807
1789134883126166,-0.09888388216495514,-0.09888388216495514
1789134883134166,-0.07911131531000137,-0.07911131531000137
1789134883142166,-0.07384137809276581,-0.07384137809276581
1789134883152166,-0.0678848996758461,-0.0678848996758461
1789134883164166,-0.06485585868358612,-0.06485585868358612
1789134883174166,-0.07393229007720947,-0.07393229007720947
1789134883186166,-0.08418381959199905,-0.08418381959199905
1789134883188166,-0.0674893856048584,-0.0674893856048584
1789134883204166,-0.033033259212970734,-0.033033259212970734
1789134883214166,-0.03324643522500992,-0.03324643522500992
1789134883222166,-0.08402619510889053,-0.08402619510889053
1789134883234166,-0.08351646363735199,-0.08351646363735199
1789134883246166,-0.0473819226026535,-0.0473819226026535
1789134883250166,-0.046971842646598816,-0.046971842646598816
1789134883264166,-0.051367904990911484,-0.051367904990911484
1789134883274166,-0.05243716388940811,-0.05243716388940811
1789134883284166,-0.053853727877140045,-0.053853727877140045
1789134883294166,-0.051441557705402374,-0.051441557705402374
1789134883306166,-0.09561850130558014,-0.09561850130558014
1789134883316166,-0.10681368410587311,-0.10681368410587311
1789134883324166,-0.10601779073476791,-0.10601779073476791
1789134883334166,-0.10548556596040726,-0.10548556596040726
1789134883342166,-0.10381593555212021,-0.10381593555212021
1789134883352166,-0.06715866923332214,-0.06715866923332214
1789134883366166,-0.07015728205442429,-0.07015728205442429
1789134883376166,-0.08470432460308075,-0.08470432460308075
1789134883382166,-0.08619698882102966,-0.08619698882102966
1789134883394166,-0.08945228159427643,-0.08945228159427643
1789134883404166,-0.09158878773450851,-0.09158878773450851
1789134883414166,-0.08628897368907928,-0.08628897368907928
1789134883426166,-0.031330227851867676,-0.031330227851867676
1789134883434166,-0.05343449488282204,-0.05343449488282204
1789134883444166,-0.03462747484445572,-0.03462747484445572
1789134883448166,-0.038589946925640106,-0.038589946925640106
1789134883464166,-0.04647788405418396,-0.04647788405418396
1789134883474166,-0.055039770901203156,-0.055039770901203156
1789134883486166,-0.08714138716459274,-0.08714138716459274
1789134883496166,-0.08810818195343018,-0.08810818195343018
1789134883504166,-0.09130724519491196,-0.09130724519491196
1789134883514166,-0.0925084725022316,-0.0925084725022316
1789134883524166,-0.09424567222595215,-0.09424567222595215
1789134883534166,-0.10149143636226654,-0.10149143636226654
1789134883544166,-0.06522941589355469,-0.06522941589355469
1789134883556166,-0.05438581481575966,-0.05438581481575966
1789134883564166,-0.05713551118969917,-0.05713551118969917
1789134883574166,-0.059380222111940384,-0.059380222111940384
1789134883582166,-0.0433456227183342,-0.0433456227183342
1789134883594166,-0.06409445405006409,-0.06409445405006409
1789134883606166,-0.08125749975442886,-0.08125749975442886
1789134883614166,-0.10079873353242874,-0.10079873353242874
1789134883624339,-0.07889542728662491,-0.07889542728662491
1789134883634339,-0.08349554240703583,-0.08349554240703583
1789134883644339,-0.08944295346736908,-0.08944295346736908
1789134883654339,-0.07898475229740143,-0.07898475229740143
1789134883666339,-0.0025593116879463196,-0.0025593116879463196
1789134883668339,-0.04702189192175865,-0.04702189192175865
1789134883680339,-0.011437937617301941,-0.011437937617301941
1789134883694339,-0.01861771009862423,-0.01861771009862423
1789134883704339,-0.051444705575704575,-0.051444705575704575
1789134883714339,-0.006821159273386002,-0.006821159273386002
1789134883726339,-0.1001586839556694,-0.1001586839556694
1789134883736339,-0.10111543536186218,-0.10111543536186218
1789134883742339,-0.1081424355506897,-0.1081424355506897
1789134883754339,-0.11890417337417603,-0.11890417337417603
1789134883764339,-0.14508052170276642,-0.14508052170276642
1789134883774339,-0.10819973796606064,-0.10819973796606064
1789134883786339,0.09390787035226822,0.09390787035226822
1789134883794339,0.009689344093203545,0.009689344093203545
1789134883804339,0.03891080617904663,0.03891080617904663
1789134883812339,0.01998726837337017,0.01998726837337017
1789134883824339,-0.017116807401180267,-0.017116807401180267
1789134883834339,0.03894421458244324,0.03894421458244324
1789134883846339,0.03103591501712799,0.03103591501712799
1789134883856339,-0.0645444244146347,-0.0645444244146347
1789134883860339,-0.07562544196844101,-0.07562544196844101
1789134883874339,-0.08282127231359482,-0.08282127231359482
1789134883880339,-0.02692534402012825,-0.02692534402012825
1789134883894339,-0.06010814383625984,-0.06010814383625984
1789134883906339,0.021296530961990356,0.021296530961990356
1789134883908339,-0.01680033653974533,-0.01680033653974533
1789134883924339,-0.018244661390781403,-0.018244661390781403
1789134883934339,-0.025618048384785652,-0.025618048384785652
1789134883942339,-0.018252521753311157,-0.018252521753311157
1789134883954339,-0.018258845433592796,-0.018258845433592796
1789134883966339,-0.00797232799232006,-0.00797232799232006
1789134883974339,-0.07969021052122116,-0.07969021052122116
1789134883984339,-0.07300009578466415,-0.07300009578466415
1789134883994339,-0.08370030671358109,-0.08370030671358109
1789134884004339,-0.10688409954309464,-0.10688409954309464
1789134884014339,0.009355775080621243,0.009355775080621243
1789134884026339,0.020369477570056915,0.020369477570056915
1789134884036339,0.002940085716545582,0.002940085716545582
1789134884042339,-0.00401711743324995,-0.00401711743324995
1789134884052339,-0.019741835072636604,-0.019741835072636604
1789134884064339,-0.024635672569274902,-0.024635672569274902
1789134884074339,-0.004023860674351454,-0.004023860674351454
1789134884086339,-0.014144055545330048,-0.014144055545330048
1789134884096339,-0.11688263714313507,-0.11688263714313507
1789134884104339,-0.12442304939031601,-0.12442304939031601
1789134884110339,-0.09161408245563507,-0.09161408245563507
1789134884124339,-0.10950524359941483,-0.10950524359941483
1789134884134339,-0.10596299916505814,-0.10596299916505814
1789134884146339,-0.030427614226937294,-0.030427614226937294
1789134884148339,-0.047452107071876526,-0.047452107071876526
1789134884164339,-0.03278546780347824,-0.03278546780347824
1789134884174339,-0.03695404529571533,-0.03695404529571533
1789134884184339,-0.07598458230495453,-0.07598458230495453
1789134884194339,-0.03278721868991852,-0.03278721868991852
1789134884206339,0.2081461101770401,0.2081461101770401
1789134884208339,0.10010143369436264,0.10010143369436264
1789134884224339,0.08867592364549637,0.08867592364549637
1789134884234339,0.06426434963941574,0.06426434963941574
1789134884242339,0.17129626870155334,0.17129626870155334
1789134884254339,0.0995536744594574,0.0995536744594574
1789134884264339,0.06068461388349533,0.06068461388349533
1789134884276339,0.11046558618545532,0.11046558618545532
1789134884284339,0.07235024124383926,0.07235024124383926
1789134884294339,0.06122485548257828,0.06122485548257828
1789134884304339,0.041059888899326324,0.041059888899326324
1789134884314339,0.07244707643985748,0.07244707643985748
1789134884326339,0.18974527716636658,0.18974527716636658
1789134884334339,0.06374814361333847,0.06374814361333847
1789134884340339,0.08462261408567429,0.08462261408567429
1789134884354339,0.0623520091176033,0.0623520091176033
1789134884364339,0.01607442833483219,0.01607442833483219
1789134884372339,0.16517554223537445,0.16517554223537445
1789134884386339,0.1683323234319687,0.1683323234319687
1789134884388339,0.141804501414299,0.141804501414299
1789134884404339,0.0975748673081398,0.0975748673081398
1789134884414339,0.08720289170742035,0.08720289170742035
1789134884424339,0.04230968654155731,0.04230968654155731
1789134884434339,0.09768016636371613,0.09768016636371613
1789134884446339,0.08054957538843155,0.08054957538843155
1789134884454339,-0.015977442264556885,-0.015977442264556885
1789134884464339,-0.055644795298576355,-0.055644795298576355
1789134884472339,-0.07148045301437378,-0.07148045301437378
1789134884484339,-0.06638410687446594,-0.06638410687446594
1789134884494339,-0.05572475120425224,-0.05572475120425224
1789134884506339,0.006154559552669525,0.006154559552669525
1789134884516339,-0.00201397854834795,-0.00201397854834795
1789134884524339,-0.018398461863398552,-0.018398461863398552
1789134884534339,-0.02114197611808777,-0.02114197611808777
1789134884542339,-0.04397140070796013,-0.04397140070796013
1789134884554339,-0.05273706838488579,-0.05273706838488579
1789134884566339,0.04437373951077461,0.04437373951077461
1789134884570339,0.017939232289791107,0.017939232289791107
1789134884584339,0.0489315390586853,0.0489315390586853
1789134884594339,0.03644164651632309,0.03644164651632309
1789134884604339,0.012638579122722149,0.012638579122722149
1789134884614339,0.048989828675985336,0.048989828675985336
1789134884626339,0.12366776913404465,0.12366776913404465
1789134884634511,0.05379725992679596,0.05379725992679596
1789134884644511,0.05619563162326813,0.05619563162326813
1789134884654511,0.048649050295352936,0.048649050295352936
1789134884664511,0.0102511215955019,0.0102511215955019
1789134884674511,0.09311103820800781,0.09311103820800781
1789134884686511,0.09412786364555359,0.09412786364555359
1789134884694511,0.06056847423315048,0.06056847423315048
1789134884702511,0.03389139473438263,0.03389139473438263
1789134884714511,0.02117486670613289,0.02117486670613289
1789134884724511,-0.0017361030913889408,-0.0017361030913889408
1789134884734511,0.0339285209774971,0.0339285209774971
1789134884746511,0.0422319732606411,0.0422319732606411
1789134884756511,0.022736964747309685,0.022736964747309685
1789134884764511,0.004320359788835049,0.004320359788835049
1789134884768511,0.011324875056743622,0.011324875056743622
1789134884784511,-0.014642266556620598,-0.014642266556620598
1789134884794511,0.005989214405417442,0.005989214405417442
1789134884804511,0.05492490530014038,0.05492490530014038
1789134884816511,-0.0022541070356965065,-0.0022541070356965065
1789134884824511,-0.010350970551371574,-0.010350970551371574
1789134884834511,-0.014454390853643417,-0.014454390853643417
1789134884844511,-0.01960771158337593,-0.01960771158337593
1789134884854511,-0.03842344880104065,-0.03842344880104065
1789134884866511,0.017019953578710556,0.017019953578710556
1789134884876511,0.03625763580203056,0.03625763580203056
1789134884884511,0.031759098172187805,0.031759098172187805
1789134884894511,0.028342818841338158,0.028342818841338158
1789134884900511,0.014298726804554462,0.014298726804554462
1789134884914511,-0.00396219315007329,-0.00396219315007329
1789134884926511,0.06755989789962769,0.06755989789962769
1789134884934511,0.03978449106216431,0.03978449106216431
1789134884942511,0.044966764748096466,0.044966764748096466
1789134884954511,0.03549948334693909,0.03549948334693909
1789134884964511,0.016287751495838165,0.016287751495838165
1789134884974511,0.04501895233988762,0.04501895233988762
1789134884984511,0.04194577410817146,0.04194577410817146
1789134884994511,0.029990753158926964,0.029990753158926964
1789134885000511,0.014428285881876945,0.014428285881876945
1789134885014511,0.010284976102411747,0.010284976102411747
1789134885024511,0.0018060547299683094,0.0018060547299683094
1789134885034511,0.06742126494646072,0.06742126494646072
1789134885044511,0.03557898849248886,0.03557898849248886
1789134885056511,0.03018183261156082,0.03018183261156082
1789134885064511,0.025160223245620728,0.025160223245620728
1789134885074511,0.013494443148374557,0.013494443148374557
1789134885084511,-0.00858154147863388,-0.00858154147863388
1789134885094511,0.025199908763170242,0.025199908763170242
1789134885106511,0.05315142869949341,0.05315142869949341
1789134885114511,-0.007475255988538265,-0.007475255988538265
1789134885124511,-0.009038522839546204,-0.009038522839546204
1789134885132511,-0.014899646863341331,-0.014899646863341331
1789134885142511,-0.009040103293955326,-0.009040103293955326
1789134885154511,-0.009042296558618546,-0.009042296558618546
1789134885166511,0.0939517691731453,0.0939517691731453
1789134885174511,0.04881497099995613,0.04881497099995613
1789134885184511,0.053826089948415756,0.053826089948415756
1789134885194511,0.04280528798699379,0.04280528798699379
1789134885202511,0.04062835872173309,0.04062835872173309
1789134885214511,0.024323420599102974,0.024323420599102974
1789134885226511,0.054331470280885696,0.054331470280885696
1789134885236511,0.0206107497215271,0.0206107497215271
1789134885244511,0.0162179097533226,0.0162179097533226
1789134885254511,0.012635476887226105,0.012635476887226105
1789134885264511,-0.004219396971166134,-0.004219396971166134
1789134885274511,0.01624034345149994,0.01624034345149994
1789134885286511,0.06869997084140778,0.06869997084140778
1789134885294511,0.024663347750902176,0.024663347750902176
1789134885304511,0.016823630779981613,0.016823630779981613
1789134885314511,0.00741126574575901,0.00741126574575901
1789134885324511,-0.011242065578699112,-0.011242065578699112
1789134885334511,0.02161622792482376,0.02161622792482376
1789134885346511,0.021597255021333694,0.021597255021333694
1789134885348511,0.017779380083084106,0.017779380083084106
1789134885362511,0.0035260687582194805,0.0035260687582194805
1789134885374511,0.0004127095453441143,0.0004127095453441143
1789134885384511,-0.00917477160692215,-0.00917477160692215
1789134885394511,0.0035157655365765095,0.0035157655365765095
1789134885406511,-0.06125342845916748,-0.06125342845916748
1789134885414511,-0.07940678298473358,-0.07940678298473358
1789134885424511,-0.08084990084171295,-0.08084990084171295
1789134885430511,-0.06730511784553528,-0.06730511784553528
1789134885444511,-0.06844157725572586,-0.06844157725572586
1789134885454511,-0.06776605546474457,-0.06776605546474457
1789134885466511,-0.053385648876428604,-0.053385648876428604
1789134885468511,-0.054644495248794556,-0.054644495248794556
1789134885484511,-0.04134158045053482,-0.04134158045053482
1789134885494511,-0.044063277542591095,-0.044063277542591095
1789134885504511,-0.061075080186128616,-0.061075080186128616
1789134885514511,-0.041340745985507965,-0.041340745985507965
1789134885526511,0.11067809909582138,0.11067809909582138
1789134885528511,0.064442940056324,0.064442940056324
1789134885542511,0.05935431271791458,0.05935431271791458
1789134885554511,0.048838451504707336,0.048838451504707336
1789134885562511,0.031742163002491,0.031742163002491
1789134885574511,0.0024913614615797997,0.0024913614615797997
1789134885584511,-0.00592099828645587,-0.00592099828645587
1789134885594511,-0.010258191265165806,-0.010258191265165806
1789134885604511,-0.00012316787615418434,-0.00012316787615418434
1789134885614511,-0.0031851755920797586,-0.0031851755920797586
1789134885624511,-0.017947576940059662,-0.017947576940059662
1789134885634683,-0.022785065695643425,-0.022785065695643425
1789134885644683,0.005274024326354265,0.005274024326354265
1789134885654683,-0.001547730527818203,-0.001547730527818203
1789134885660683,0.014762163162231445,0.014762163162231445
1789134885674683,0.006348223891109228,0.006348223891109228
1789134885684683,0.001932412851601839,0.001932412851601839
1789134885694683,0.060301274061203,0.060301274061203
1789134885706683,0.024963131174445152,0.024963131174445152
1789134885714683,0.016659442335367203,0.016659442335367203
1789134885724683,-0.020811937749385834,-0.020811937749385834
1789134885734683,-0.023458071053028107,-0.023458071053028107
1789134885742683,-0.02082301303744316,-0.02082301303744316
1789134885754683,-0.02083115465939045,-0.02083115465939045
1789134885766683,0.04567649960517883,0.04567649960517883
1789134885774683,0.03541843965649605,0.03541843965649605
1789134885784683,-0.013831330463290215,-0.013831330463290215
1789134885792683,-0.023961976170539856,-0.023961976170539856
1789134885804683,-0.02051440253853798,-0.02051440253853798
1789134885814683,-0.01386099960654974,-0.01386099960654974
1789134885826683,0.08356139063835144,0.08356139063835144
1789134885834683,0.05323406308889389,0.05323406308889389
1789134885844683,0.055676475167274475,0.055676475167274475
1789134885854683,0.05008384585380554,0.05008384585380554
1789134885862683,0.06889131665229797,0.06889131665229797
1789134885874683,0.05172625556588173,0.05172625556588173
1789134885884683,0.0018675592727959156,0.0018675592727959156
1789134885890683,-0.002585860900580883,-0.002585860900580883
1789134885904683,-0.022894570603966713,-0.022894570603966713
1789134885914683,-0.02751738764345646,-0.02751738764345646
1789134885924683,-0.03757849335670471,-0.03757849335670471
1789134885934683,-0.02291710674762726,-0.02291710674762726
1789134885946683,0.04376714676618576,0.04376714676618576
1789134885948683,0.024943843483924866,0.024943843483924866
1789134885964683,0.017661314457654953,0.017661314457654953
1789134885974683,0.013023145496845245,0.013023145496845245
1789134885984683,-0.005697119981050491,-0.005697119981050491
1789134885994683,0.0016779769212007523,0.0016779769212007523
1789134886006683,-0.022809356451034546,-0.022809356451034546
1789134886016683,-0.022718776017427444,-0.022718776017427444
1789134886022683,-0.027138913050293922,-0.027138913050293922
1789134886034683,-0.032355617731809616,-0.032355617731809616
1789134886044683,-0.042703550308942795,-0.042703550308942795
1789134886054683,0.010127225890755653,0.010127225890755653
1789134886066683,-0.00967763364315033,-0.00967763364315033
1789134886074683,-0.016043532639741898,-0.016043532639741898
1789134886084683,-0.015957672148942947,-0.015957672148942947
1789134886090683,0.0148536441847682,0.0148536441847682
1789134886104683,-0.010396471247076988,-0.010396471247076988
1789134886114683,0.007032998371869326,0.007032998371869326
1789134886126683,0.06038186326622963,0.06038186326622963
1789134886134683,0.03722240403294563,0.03722240403294563
1789134886142683,0.01392210740596056,0.01392210740596056
1789134886154683,0.005704751703888178,0.005704751703888178
1789134886164683,-0.008083675056695938,-0.008083675056695938
1789134886174683,0.013925171457231045,0.013925171457231045
1789134886186683,0.05096578225493431,0.05096578225493431
1789134886188683,0.006692012306302786,0.006692012306302786
1789134886204683,0.0057335807941854,0.0057335807941854
1789134886214683,0.002802134957164526,0.002802134957164526
1789134886220683,0.04706121236085892,0.04706121236085892
1789134886234683,0.036750391125679016,0.036750391125679016
1789134886246683,0.07121191918849945,0.07121191918849945
1789134886254683,0.038052722811698914,0.038052722811698914
1789134886264683,0.0510113425552845,0.0510113425552845
1789134886274683,0.04023699834942818,0.04023699834942818
1789134886284683,0.01817667856812477,0.01817667856812477
1789134886294683,-0.0031717591919004917,-0.0031717591919004917
1789134886306683,0.12069777399301529,0.12069777399301529
1789134886314683,0.05375239998102188,0.05375239998102188
1789134886320683,0.09609735012054443,0.09609735012054443
1789134886334683,0.0891488641500473,0.0891488641500473
1789134886342683,0.09617932140827179,0.09617932140827179
1789134886354683,0.12033874541521072,0.12033874541521072
1789134886366683,0.02340071275830269,0.02340071275830269
1789134886374683,0.0039750635623931885,0.0039750635623931885
1789134886384683,-0.01333220861852169,-0.01333220861852169
1789134886394683,-0.01824209652841091,-0.01824209652841091
1789134886404683,-0.028318487107753754,-0.028318487107753754
1789134886414683,-0.013347623869776726,-0.013347623869776726
1789134886426683,0.0030124643817543983,0.0030124643817543983
1789134886436683,0.02964671701192856,0.02964671701192856
1789134886444683,0.01730915904045105,0.01730915904045105
1789134886452683,0.013205330818891525,0.013205330818891525
1789134886464683,-0.005531628150492907,-0.005531628150492907
1789134886474683,-0.01275118999183178,-0.01275118999183178
1789134886486683,0.06574759632349014,0.06574759632349014
1789134886494683,0.02063603140413761,0.02063603140413761
1789134886504683,0.009106841869652271,0.009106841869652271
1789134886514683,0.005096687003970146,0.005096687003970146
1789134886522683,-0.06040969118475914,-0.06040969118475914
1789134886534683,-0.06470435112714767,-0.06470435112714767
1789134886546683,-0.013942437246441841,-0.013942437246441841
1789134886548683,-0.018570641055703163,-0.018570641055703163
1789134886564683,-0.032364897429943085,-0.032364897429943085
1789134886574683,-0.03398795425891876,-0.03398795425891876
1789134886584683,-0.04412401095032692,-0.04412401095032692
1789134886594683,-0.03239031508564949,-0.03239031508564949
1789134886606683,0.08976178616285324,0.08976178616285324
1789134886614683,0.05433402210474014,0.05433402210474014
1789134886624683,0.05685364454984665,0.05685364454984665
1789134886634854,0.04622495546936989,0.04622495546936989
1789134886644854,0.026787906885147095,0.026787906885147095
1789134886654854,0.055785171687603,0.055785171687603
1789134886666854,0.01180291548371315,0.01180291548371315
1789134886668854,0.0031142719089984894,0.0031142719089984894
1789134886682854,-0.011980791576206684,-0.011980791576206684
1789134886694854,-0.014790669083595276,-0.014790669083595276
1789134886704854,-0.028469154611229897,-0.028469154611229897
1789134886714854,-0.01199774444103241,-0.01199774444103241
1789134886726854,0.025907212868332863,0.025907212868332863
1789134886734854,-0.006861747242510319,-0.006861747242510319
1789134886742854,-0.03104581870138645,-0.03104581870138645
1789134886750854,0.0018085567280650139,0.0018085567280650139
1789134886764854,-0.01458468846976757,-0.01458468846976757
1789134886774854,-0.011125716380774975,-0.011125716380774975
1789134886786854,-0.014957806095480919,-0.014957806095480919
1789134886794854,-0.027835670858621597,-0.027835670858621597
1789134886804854,-0.037246402353048325,-0.037246402353048325
1789134886814854,-0.03960346058011055,-0.03960346058011055
1789134886824854,-0.051528673619031906,-0.051528673619031906
1789134886834854,-0.03727611526846886,-0.03727611526846886
1789134886846854,0.018610691651701927,0.018610691651701927
1789134886848854,-0.013846705667674541,-0.013846705667674541
1789134886860854,-0.01762850023806095,-0.01762850023806095
1789134886874854,-0.02262183465063572,-0.02262183465063572
1789134886882854,-0.042443402111530304,-0.042443402111530304
1789134886894854,-0.0550435371696949,-0.0550435371696949
1789134886906854,-0.005905230063945055,-0.005905230063945055
1789134886908854,-0.017828036099672318,-0.017828036099672318
1789134886924854,0.02752402052283287,0.02752402052283287
1789134886934854,0.022377144545316696,0.022377144545316696
1789134886942854,0.027548646554350853,0.027548646554350853
1789134886954854,-0.003611279185861349,-0.003611279185861349
1789134886966854,-0.008493322879076004,-0.008493322879076004
1789134886976854,-0.027505168691277504,-0.027505168691277504
1789134886980854,-0.03277283161878586,-0.03277283161878586
1789134886994854,-0.03649324178695679,-0.03649324178695679
1789134887004854,-0.043706510215997696,-0.043706510215997696
1789134887014854,-0.05271760746836662,-0.05271760746836662
1789134887026854,-0.051377907395362854,-0.051377907395362854
1789134887028854,-0.05558374896645546,-0.05558374896645546
1789134887044854,-0.0314892902970314,-0.0314892902970314
1789134887052854,-0.037701938301324844,-0.037701938301324844
1789134887064854,-0.040677525103092194,-0.040677525103092194
1789134887074854,-0.031523507088422775,-0.031523507088422775
1789134887086854,-0.06636815518140793,-0.06636815518140793
1789134887094854,-0.07443355768918991,-0.07443355768918991
1789134887104854,-0.0967528223991394,-0.0967528223991394
1789134887112854,-0.10013782978057861,-0.10013782978057861
1789134887124854,-0.1015317514538765,-0.1015317514538765
1789134887134854,-0.09690111875534058,-0.09690111875534058
1789134887146854,-0.1196700856089592,-0.1196700856089592
1789134887148854,-0.12240410596132278,-0.12240410596132278
1789134887164854,-0.09146596491336823,-0.09146596491336823
1789134887174854,-0.0942416861653328,-0.0942416861653328
1789134887182854,-0.08345896005630493,-0.08345896005630493
1789134887194854,-0.09198325872421265,-0.09198325872421265
1789134887206854,-0.10123029351234436,-0.10123029351234436
1789134887210854,-0.11172305792570114,-0.11172305792570114
1789134887224854,-0.08586318045854568,-0.08586318045854568
1789134887234854,-0.09136199206113815,-0.09136199206113815
1789134887244854,-0.10217692703008652,-0.10217692703008652
1789134887254854,-0.08596931397914886,-0.08596931397914886
1789134887266854,-0.03945149481296539,-0.03945149481296539
1789134887268854,-0.07232589274644852,-0.07232589274644852
1789134887284854,-0.0853695198893547,-0.0853695198893547
1789134887294854,-0.08901133388280869,-0.08901133388280869
1789134887304854,-0.10399262607097626,-0.10399262607097626
1789134887314854,-0.09895864874124527,-0.09895864874124527
1789134887326854,-0.0395779050886631,-0.0395779050886631
1789134887334854,-0.05653293803334236,-0.05653293803334236
1789134887342854,-0.07295840978622437,-0.07295840978622437
1789134887354854,-0.08310284465551376,-0.08310284465551376
1789134887364854,-0.1037704274058342,-0.1037704274058342
1789134887374854,-0.07303757220506668,-0.07303757220506668
1789134887386854,-0.002232430037111044,-0.002232430037111044
1789134887394854,-0.06934526562690735,-0.06934526562690735
1789134887404854,-0.11365563422441483,-0.11365563422441483
1789134887410854,-0.13492758572101593,-0.13492758572101593
1789134887424854,-0.15089145302772522,-0.15089145302772522
1789134887434854,-0.14189893007278442,-0.14189893007278442
1789134887446854,-0.08694510906934738,-0.08694510906934738
1789134887454854,-0.10162777453660965,-0.10162777453660965
1789134887464854,-0.053525347262620926,-0.053525347262620926
1789134887474854,-0.06247493997216225,-0.06247493997216225
1789134887484854,-0.09365744143724442,-0.09365744143724442
1789134887494854,-0.05357474833726883,-0.05357474833726883
1789134887506854,0.005452289711683989,0.005452289711683989
1789134887508854,-0.07870211452245712,-0.07870211452245712
1789134887524854,-0.09215670824050903,-0.09215670824050903
1789134887534854,-0.0972561314702034,-0.0972561314702034
1789134887542854,-0.13156406581401825,-0.13156406581401825
1789134887554854,-0.15791834890842438,-0.15791834890842438
1789134887566854,-0.01422509178519249,-0.01422509178519249
1789134887574854,-0.04959610477089882,-0.04959610477089882
1789134887584854,-0.004690075293183327,-0.004690075293183327
1789134887594854,-0.024377379566431046,-0.024377379566431046
1789134887604854,-0.06241593137383461,-0.06241593137383461
1789134887614854,-0.004689143970608711,-0.004689143970608711
1789134887626854,0.0894988402724266,0.0894988402724266
1789134887628854,-0.024385914206504822,-0.024385914206504822
1789134887641028,-0.03908534348011017,-0.03908534348011017
1789134887655028,-0.047921765595674515,-0.047921765595674515
1789134887665028,-0.085525281727314,-0.085525281727314
1789134887675028,-0.06319963932037354,-0.06319963932037354
1789134887687028,-0.03579200804233551,-0.03579200804233551
1789134887695028,-0.06599418818950653,-0.06599418818950653
1789134887705028,-0.04052259027957916,-0.04052259027957916
1789134887715028,-0.05928901210427284,-0.05928901210427284
1789134887725028,-0.09691733866930008,-0.09691733866930008
1789134887735028,-0.04055749252438545,-0.04055749252438545
1789134887747028,-0.04120132699608803,-0.04120132699608803
1789134887757028,-0.03601084649562836,-0.03601084649562836
1789134887765028,-0.06613125652074814,-0.06613125652074814
1789134887773028,-0.08148425817489624,-0.08148425817489624
1789134887785028,-0.11646377295255661,-0.11646377295255661
1789134887795028,-0.06618844717741013,-0.06618844717741013
1789134887807028,0.014891235157847404,0.014891235157847404
1789134887817028,-0.09376542270183563,-0.09376542270183563
1789134887825028,-0.10951392352581024,-0.10951392352581024
1789134887835028,-0.1219843327999115,-0.1219843327999115
1789134887843028,-0.15671680867671967,-0.15671680867671967
1789134887855028,-0.17478901147842407,-0.17478901147842407
1789134887867028,-0.06632982194423676,-0.06632982194423676
1789134887871028,-0.07991313189268112,-0.07991313189268112
1789134887885028,-0.014339569956064224,-0.014339569956064224
1789134887895028,-0.025134393945336342,-0.025134393945336342
1789134887905028,-0.07969716936349869,-0.07969716936349869
1789134887915028,-0.014334279112517834,-0.014334279112517834
1789134887927028,0.11549987643957138,0.11549987643957138
1789134887935028,-0.012300986796617508,-0.012300986796617508
1789134887943028,-0.026535701006650925,-0.026535701006650925
1789134887955028,-0.04387083649635315,-0.04387083649635315
1789134887965028,-0.0768200233578682,-0.0768200233578682
1789134887975028,-0.03294570371508598,-0.03294570371508598
1789134887987028,-0.03144952282309532,-0.03144952282309532
1789134887989028,-0.050891924649477005,-0.050891924649477005
1789134888003028,-0.00797435361891985,-0.00797435361891985
1789134888015028,-0.019183624535799026,-0.019183624535799026
1789134888025028,-0.08311159908771515,-0.08311159908771515
1789134888035028,-0.007947460748255253,-0.007947460748255253
1789134888047028,0.158914253115654,0.158914253115654
1789134888057028,0.019302349537611008,0.019302349537611008
1789134888065028,0.007638038136065006,0.007638038136065006
1789134888071028,0.01903636008501053,0.01903636008501053
1789134888085028,-0.046124354004859924,-0.046124354004859924
1789134888095028,-0.023024825379252434,-0.023024825379252434
1789134888107028,0.16588176786899567,0.16588176786899567
1789134888115028,0.11518193036317825,0.11518193036317825
1789134888125028,0.12996071577072144,0.12996071577072144
1789134888135028,0.113695427775383,0.113695427775383
1789134888143028,0.13006000220775604,0.13006000220775604
1789134888155028,0.1301284283399582,0.1301284283399582
1789134888167028,0.23212867975234985,0.23212867975234985
1789134888169028,0.046892572194337845,0.046892572194337845
1789134888185028,0.041527580469846725,0.041527580469846725
1789134888195028,0.015788864344358444,0.015788864344358444
1789134888203028,0.11077761650085449,0.11077761650085449
1789134888215028,0.03388959914445877,0.03388959914445877
1789134888227028,0.14283058047294617,0.14283058047294617
1789134888235028,0.06705337017774582,0.06705337017774582
1789134888245028,0.08362384140491486,0.08362384140491486
1789134888255028,0.06921803951263428,0.06921803951263428
1789134888265028,-0.002695853356271982,-0.002695853356271982
1789134888275028,-0.031532444059848785,-0.031532444059848785
1789134888285028,0.08297795057296753,0.08297795057296753
1789134888297028,0.0957319363951683,0.0957319363951683
1789134888301028,0.07139049470424652,0.07139049470424652
1789134888315028,0.048080235719680786,0.048080235719680786
1789134888325028,0.0037244302220642567,0.0037244302220642567
1789134888335028,0.16244634985923767,0.16244634985923767
1789134888347028,0.0791645497083664,0.0791645497083664
1789134888355028,0.06745167821645737,0.06745167821645737
1789134888365028,0.09854132682085037,0.09854132682085037
1789134888375028,0.09015978872776031,0.09015978872776031
1789134888385028,0.023801585659384727,0.023801585659384727
1789134888395028,0.0986628383398056,0.0986628383398056
1789134888405028,0.14254894852638245,0.14254894852638245
1789134888417028,0.11473504453897476,0.11473504453897476
1789134888425028,0.09046750515699387,0.09046750515699387
1789134888433028,0.0702119991183281,0.0702119991183281
1789134888445028,0.03213760629296303,0.03213760629296303
1789134888455028,0.09053098410367966,0.09053098410367966
1789134888465028,0.06772102415561676,0.06772102415561676
1789134888477028,0.0891498476266861,0.0891498476266861
1789134888485028,0.04910675436258316,0.04910675436258316
1789134888495028,0.03926202282309532,0.03926202282309532
1789134888503028,0.12561479210853577,0.12561479210853577
1789134888515028,0.09444019198417664,0.09444019198417664
1789134888527028,0.20111539959907532,0.20111539959907532
1789134888531028,0.12321964651346207,0.12321964651346207
1789134888543028,0.08224114775657654,0.08224114775657654
1789134888555028,0.06254775077104568,0.06254775077104568
1789134888565028,0.023776816204190254,0.023776816204190254
1789134888575028,0.08234937489032745,0.08234937489032745
1789134888587028,0.22718776762485504,0.22718776762485504
1789134888595028,0.10621819645166397,0.10621819645166397
1789134888605028,0.05677694454789162,0.05677694454789162
1789134888615028,0.048206448554992676,0.048206448554992676
1789134888625028,0.011265444569289684,0.011265444569289684
1789134888633028,0.09761257469654083,0.09761257469654083
1789134888647199,0.05399727076292038,0.05399727076292038
1789134888655199,0.02072553150355816,0.02072553150355816
1789134888663199,0.021335763856768608,0.021335763856768608
1789134888675199,0.011793235316872597,0.011793235316872597
1789134888685199,-0.01966695860028267,-0.01966695860028267
1789134888695199,0.021362759172916412,0.021362759172916412
1789134888707199,0.16843320429325104,0.16843320429325104
1789134888715199,0.0840095728635788,0.0840095728635788
1789134888725199,0.07732924818992615,0.07732924818992615
1789134888731199,0.10669583082199097,0.10669583082199097
1789134888743199,0.08912675827741623,0.08912675827741623
1789134888755199,0.08917383849620819,0.08917383849620819
1789134888767199,0.08202893286943436,0.08202893286943436
1789134888775199,0.04338439553976059,0.04338439553976059
1789134888785199,0.016979042440652847,0.016979042440652847
1789134888795199,0.004513926338404417,0.004513926338404417
1789134888805199,-0.01801534742116928,-0.01801534742116928
1789134888815199,0.0169926006346941,0.0169926006346941
1789134888827199,0.11480183154344559,0.11480183154344559
1789134888829199,0.04243409261107445,0.04243409261107445
1789134888845199,0.0743555799126625,0.0743555799126625
1789134888855199,0.06632167845964432,0.06632167845964432
1789134888863199,0.16564051806926727,0.16564051806926727
1789134888875199,0.11570054292678833,0.11570054292678833
1789134888887199,0.08686510473489761,0.08686510473489761
1789134888895199,0.03984852135181427,0.03984852135181427
1789134888905199,0.06835530698299408,0.06835530698299408
1789134888915199,0.053530823439359665,0.053530823439359665
1789134888925199,0.024645445868372917,0.024645445868372917
1789134888935199,0.06844288855791092,0.06844288855791092
1789134888947199,0.13200221955776215,0.13200221955776215
1789134888949199,0.08886600285768509,0.08886600285768509
1789134888961199,0.0648624524474144,0.0648624524474144
1789134888975199,0.05808578431606293,0.05808578431606293
1789134888985199,0.026096725836396217,0.026096725836396217
1789134888995199,0.09203963726758957,0.09203963726758957
1789134889007199,0.011943240649998188,0.011943240649998188
1789134889015199,-0.007393893785774708,-0.007393893785774708
1789134889025199,-0.031207773834466934,-0.031207773834466934
1789134889035199,-0.03879230096936226,-0.03879230096936226
1789134889045199,-0.056138310581445694,-0.056138310581445694
1789134889055199,0.10342787951231003,0.10342787951231003
1789134889067199,0.06361039727926254,0.06361039727926254
1789134889075199,0.06088598072528839,0.06088598072528839
1789134889085199,0.082851842045784,0.082851842045784
1789134889093199,0.07006944715976715,0.07006944715976715
1789134889105199,0.041856616735458374,0.041856616735458374
1789134889115199,0.08296824246644974,0.08296824246644974
1789134889127199,0.1604163497686386,0.1604163497686386
1789134889137199,0.08165916800498962,0.08165916800498962
1789134889143199,0.0704762190580368,0.0704762190580368
1789134889155199,0.0633484348654747,0.0633484348654747
1789134889163199,0.0758715495467186,0.0758715495467186
1789134889175199,0.0603841170668602,0.0603841170668602
1789134889187199,0.14352765679359436,0.14352765679359436
1789134889191199,0.11019358783960342,0.11019358783960342
1789134889205199,0.11564414203166962,0.11564414203166962
1789134889215199,0.10943839699029922,0.10943839699029922
1789134889225199,0.07863625138998032,0.07863625138998032
1789134889235199,0.11578694730997086,0.11578694730997086
1789134889247199,0.17289386689662933,0.17289386689662933
1789134889255199,0.09756290167570114,0.09756290167570114
1789134889265199,0.0693431943655014,0.0693431943655014
1789134889275199,0.060681652277708054,0.060681652277708054
1789134889285199,0.04632003232836723,0.04632003232836723
1789134889295199,0.06155955791473389,0.06155955791473389
1789134889307199,0.054825685918331146,0.054825685918331146
1789134889315199,0.048481691628694534,0.048481691628694534
1789134889323199,0.07023274153470993,0.07023274153470993
1789134889335199,0.06693616509437561,0.06693616509437561
1789134889343199,0.07028228789567947,0.07028228789567947
1789134889355199,0.07031912356615067,0.07031912356615067
1789134889367199,0.03396894410252571,0.03396894410252571
1789134889377199,0.0211943332105875,0.0211943332105875
1789134889385199,0.019447118043899536,0.019447118043899536
1789134889391199,0.01325779128819704,0.01325779128819704
1789134889405199,0.008765223436057568,0.008765223436057568
1789134889415199,0.010956967249512672,0.010956967249512672
1789134889427199,0.02155270427465439,0.02155270427465439
1789134889435199,0.01827976480126381,0.01827976480126381
1789134889445199,0.04322266951203346,0.04322266951203346
1789134889455199,0.042065318673849106,0.042065318673849106
1789134889465199,0.03923224285244942,0.03923224285244942
1789134889475199,0.04327193275094032,0.04327193275094032
1789134889487199,0.010669620707631111,0.010669620707631111
1789134889489199,0.0008186101913452148,0.0008186101913452148
1789134889505199,-0.011804751120507717,-0.011804751120507717
1789134889515199,-0.01039482094347477,-0.01039482094347477
1789134889523199,0.006774355657398701,0.006774355657398701
1789134889535199,0.010494187474250793,0.010494187474250793
1789134889547199,0.013937761075794697,0.013937761075794697
1789134889549199,0.010610456578433514,0.010610456578433514
1789134889565199,0.0029539840761572123,0.0029539840761572123
1789134889575199,0.0029524299316108227,0.0029524299316108227
1789134889585199,0.002907518530264497,0.002907518530264497
1789134889595199,0.0029586823657155037,0.0029586823657155037
1789134889607199,0.004119211807847023,0.004119211807847023
1789134889615199,0.0034916659351438284,0.0034916659351438284
1789134889621199,0.014994456432759762,0.014994456432759762
1789134889635199,0.013984663411974907,0.013984663411974907
1789134889645372,0.011693151667714119,0.011693151667714119
1789134889655372,0.02214408479630947,0.02214408479630947
1789134889667372,0.013738907873630524,0.013738907873630524
1789134889669372,0.012631386518478394,0.012631386518478394
1789134889685372,-0.0025908518582582474,-0.0025908518582582474
1789134889695372,-0.0023938328959047794,-0.0023938328959047794
1789134889705372,-0.0009830370545387268,-0.0009830370545387268
1789134889715372,-0.0025930788833647966,-0.0025930788833647966
1789134889727372,-0.004605420865118504,-0.004605420865118504
1789134889735372,-0.003896947018802166,-0.003896947018802166
1789134889743372,0.022048478946089745,0.022048478946089745
1789134889753372,0.01997288689017296,0.01997288689017296
1789134889765372,0.018468469381332397,0.018468469381332397
1789134889775372,0.022080373018980026,0.022080373018980026
1789134889787372,0.017178472131490707,0.017178472131490707
1789134889789372,0.01064284611493349,0.01064284611493349
1789134889805372,0.0004573836922645569,0.0004573836922645569
1789134889815372,0.0006689478177577257,0.0006689478177577257
1789134889823372,-0.012524295598268509,-0.012524295598268509
1789134889835372,-0.012200669385492802,-0.012200669385492802
1789134889847372,0.03785300254821777,0.03785300254821777
1789134889851372,0.0360773429274559,0.0360773429274559
1789134889861372,0.03139594942331314,0.03139594942331314
1789134889875372,0.02998609095811844,0.02998609095811844
1789134889885372,0.030386731028556824,0.030386731028556824
1789134889895372,0.03141621872782707,0.03141621872782707
1789134889907372,-0.03366709128022194,-0.03366709128022194
1789134889909372,-0.029184767976403236,-0.029184767976403236
1789134889925372,-0.04055291414260864,-0.04055291414260864
1789134889935372,-0.0395691841840744,-0.0395691841840744
1789134889943372,-0.04057624936103821,-0.04057624936103821
1789134889955372,0.012473365291953087,0.012473365291953087
1789134889967372,-0.029837122187018394,-0.029837122187018394
1789134889975372,-0.028023960068821907,-0.028023960068821907
1789134889983372,-0.039485346525907516,-0.039485346525907516
1789134889995372,-0.037207815796136856,-0.037207815796136856
1789134890005372,-0.034731488674879074,-0.034731488674879074
1789134890015372,-0.03950459882616997,-0.03950459882616997
1789134890027372,-0.012069026939570904,-0.012069026939570904
1789134890037372,-0.00837536808103323,-0.00837536808103323
1789134890045372,-0.008200157433748245,-0.008200157433748245
1789134890051372,-0.015275313518941402,-0.015275313518941402
1789134890065372,-0.012467142194509506,-0.012467142194509506
1789134890075372,-0.014007799327373505,-0.014007799327373505
1789134890087372,-0.004383711609989405,-0.004383711609989405
1789134890095372,-0.0034358196426182985,-0.0034358196426182985
1789134890105372,-0.010466990992426872,-0.010466990992426872
1789134890115372,-0.009159446693956852,-0.009159446693956852
1789134890125372,-0.005928539205342531,-0.005928539205342531
1789134890135372,-0.010494515299797058,-0.010494515299797058
1789134890147372,-0.03243470564484596,-0.03243470564484596
1789134890149372,-0.02940068580210209,-0.02940068580210209
1789134890165372,-0.010806744918227196,-0.010806744918227196
1789134890175372,-0.010900672525167465,-0.010900672525167465
1789134890183372,0.015290433540940285,0.015290433540940285
1789134890195372,0.01117892749607563,0.01117892749607563
1789134890207372,-0.023905249312520027,-0.023905249312520027
1789134890215372,-0.024286866188049316,-0.024286866188049316
1789134890225372,-0.029810499399900436,-0.029810499399900436
1789134890235372,-0.027820924296975136,-0.027820924296975136
1789134890245372,-0.02284611575305462,-0.02284611575305462
1789134890255372,-0.029865598306059837,-0.029865598306059837
1789134890267372,-0.08547178655862808,-0.08547178655862808
1789134890269372,-0.06598164141178131,-0.06598164141178131
1789134890281372,-0.02704833634197712,-0.02704833634197712
1789134890295372,-0.027005139738321304,-0.027005139738321304
1789134890305372,-0.03472243621945381,-0.03472243621945381
1789134890315372,0.07254695892333984,0.07254695892333984
1789134890327372,0.03119874931871891,0.03119874931871891
1789134890335372,0.023418981581926346,0.023418981581926346
1789134890343372,0.035735663026571274,0.035735663026571274
1789134890355372,0.035126619040966034,0.035126619040966034
1789134890365372,0.034017279744148254,0.034017279744148254
1789134890375372,0.031075768172740936,0.031075768172740936
1789134890387372,0.001034923130646348,0.001034923130646348
1789134890397372,0.01610059104859829,0.01610059104859829
1789134890405372,0.011538293212652206,0.011538293212652206
1789134890413372,0.007504871115088463,0.007504871115088463
1789134890425372,-0.0050766803324222565,-0.0050766803324222565
1789134890435372,0.011628065258264542,0.011628065258264542
1789134890447372,0.1828983575105667,0.1828983575105667
1789134890455372,0.11682054400444031,0.11682054400444031
1789134890465372,0.10461752116680145,0.10461752116680145
1789134890475372,0.09902721643447876,0.09902721643447876
1789134890481372,-0.020100442692637444,-0.020100442692637444
1789134890495372,-0.03236690163612366,-0.03236690163612366
1789134890507372,0.010342433117330074,0.010342433117330074
1789134890511372,0.00700716907158494,0.00700716907158494
1789134890525372,0.031202087178826332,0.031202087178826332
1789134890535372,0.029199441894888878,0.029199441894888878
1789134890543372,0.03122854046523571,0.03122854046523571
1789134890555372,0.031245622783899307,0.031245622783899307
1789134890567372,-0.07004828006029129,-0.07004828006029129
1789134890575372,-0.06840880960226059,-0.06840880960226059
1789134890585372,-0.062360282987356186,-0.062360282987356186
1789134890595372,-0.06025099754333496,-0.06025099754333496
1789134890605372,-0.05652402341365814,-0.05652402341365814
1789134890615372,-0.02915949560701847,-0.02915949560701847
1789134890627372,-0.04663896560668945,-0.04663896560668945
1789134890629372,-0.04400785639882088,-0.04400785639882088
1789134890643372,-0.01821901462972164,-0.01821901462972164
1789134890655543,-0.017359774559736252,-0.017359774559736252
1789134890665543,-0.023856179788708687,-0.023856179788708687
1789134890675543,-0.018204350024461746,-0.018204350024461746
1789134890687543,0.06213776394724846,0.06213776394724846
1789134890695543,0.04443274438381195,0.04443274438381195
1789134890705543,0.04338080808520317,0.04338080808520317
1789134890709543,-0.02551567740738392,-0.02551567740738392
1789134890725543,-0.026171818375587463,-0.026171818375587463
1789134890735543,-0.026105258613824844,-0.026105258613824844
1789134890747543,0.019310373812913895,0.019310373812913895
1789134890749543,0.01758904941380024,0.01758904941380024
1789134890765543,0.02234027534723282,0.02234027534723282
1789134890775543,0.02114221826195717,0.02114221826195717
1789134890785543,0.012978936545550823,0.012978936545550823
1789134890795543,0.022380204871296883,0.022380204871296883
1789134890807543,0.040472276508808136,0.040472276508808136
1789134890809543,0.022724337875843048,0.022724337875843048
1789134890825543,-0.004595630802214146,-0.004595630802214146
1789134890835543,-0.005715223960578442,-0.005715223960578442
1789134890843543,0.030305655673146248,0.030305655673146248
1789134890855543,0.022654633969068527,0.022654633969068527
1789134890867543,0.028323156759142876,0.028323156759142876
1789134890875543,0.026429617777466774,0.026429617777466774
1789134890885543,0.03965945914387703,0.03965945914387703
1789134890895543,0.038317445665597916,0.038317445665597916
1789134890905543,0.036557529121637344,0.036557529121637344
1789134890915543,0.0397106409072876,0.0397106409072876
1789134890927543,0.018855484202504158,0.018855484202504158
1789134890937543,0.013633647933602333,0.013633647933602333
1789134890941543,0.013660232536494732,0.013660232536494732
1789134890955543,0.013958319090306759,0.013958319090306759
1789134890965543,0.013993498869240284,0.013993498869240284
1789134890975543,-0.0015338349621742964,-0.0015338349621742964
1789134890987543,0.006626562215387821,0.006626562215387821
1789134890995543,0.0076597086153924465,0.0076597086153924465
1789134891005543,0.061604224145412445,0.061604224145412445
1789134891015543,0.06035228818655014,0.06035228818655014
1789134891025543,0.05808541551232338,0.05808541551232338
1789134891035543,0.06166838854551315,0.06166838854551315
1789134891047543,-0.014556940644979477,-0.014556940644979477
1789134891053543,-0.01491749007254839,-0.01491749007254839
1789134891065543,-0.037618238478899,-0.037618238478899
1789134891073543,-0.030748412013053894,-0.030748412013053894
1789134891085543,-0.03386807441711426,-0.03386807441711426
1789134891095543,-0.037627287209033966,-0.037627287209033966
1789134891105543,0.03505060076713562,0.03505060076713562
1789134891115543,0.036898139864206314,0.036898139864206314
1789134891125543,0.029990563169121742,0.029990563169121742
1789134891135543,0.03040732629597187,0.03040732629597187
1789134891143543,0.02543908730149269,0.02543908730149269
1789134891155543,0.02632136270403862,0.02632136270403862
1789134891167543,0.0801137387752533,0.0801137387752533
1789134891171543,0.07403957098722458,0.07403957098722458
1789134891185543,0.09416468441486359,0.09416468441486359
1789134891195543,0.09341771900653839,0.09341771900653839
1789134891205543,0.0952771008014679,0.0952771008014679
1789134891215543,0.09423687309026718,0.09423687309026718
1789134891227543,0.004929293412715197,0.004929293412715197
1789134891235543,0.012651626020669937,0.012651626020669937
1789134891245543,-0.019616270437836647,-0.019616270437836647
1789134891255543,-0.016957415267825127,-0.016957415267825127
1789134891265543,-0.014685442671179771,-0.014685442671179771
1789134891275543,0.04123348742723465,0.04123348742723465
1789134891285543,0.0144791379570961,0.0144791379570961
1789134891295543,0.015546941198408604,0.015546941198408604
1789134891303543,-0.0010637122904881835,-0.0010637122904881835
1789134891315543,0.003949775360524654,0.003949775360524654
1789134891325543,0.014185025356709957,0.014185025356709957
1789134891335543,-0.0010579376248642802,-0.0010579376248642802
1789134891347543,-0.02037891373038292,-0.02037891373038292
1789134891355543,-0.005233205389231443,-0.005233205389231443
1789134891365543,0.01947041042149067,0.01947041042149067
1789134891371543,-0.0023672094102948904,-0.0023672094102948904
1789134891385543,0.0075236232951283455,0.0075236232951283455
1789134891395543,0.003099789610132575,0.003099789610132575
1789134891407543,-0.028126228600740433,-0.028126228600740433
1789134891415543,-0.015859900042414665,-0.015859900042414665
1789134891425543,0.003899186849594116,0.003899186849594116
1789134891435543,0.010320382192730904,0.010320382192730904
1789134891445543,0.013617409393191338,0.013617409393191338
1789134891455543,0.0038990613538771868,0.0038990613538771868
1789134891465543,-0.01164600532501936,-0.01164600532501936
1789134891477543,0.004218612797558308,0.004218612797558308
1789134891485543,0.014599943533539772,0.014599943533539772
1789134891495543,0.017029885202646255,0.017029885202646255
1789134891503543,0.04250383377075195,0.04250383377075195
1789134891515543,0.05515794828534126,0.05515794828534126
1789134891527543,0.05015072971582413,0.05015072971582413
1789134891535543,0.06171821802854538,0.06171821802854538
1789134891543543,0.020865129306912422,0.020865129306912422
1789134891555543,0.026609862223267555,0.026609862223267555
1789134891565543,0.039173953235149384,0.039173953235149384
1789134891575543,0.020886074751615524,0.020886074751615524
1789134891587543,-0.017792072147130966,-0.017792072147130966
1789134891589543,0.01925530843436718,0.01925530843436718
1789134891601543,0.009588347747921944,0.009588347747921944
1789134891615543,0.013212345540523529,0.013212345540523529
1789134891625543,0.027279917150735855,0.027279917150735855
1789134891635543,0.0752226933836937,0.0752226933836937
1789134891647543,0.07946934551000595,0.07946934551000595
1789134891655714,0.08137359470129013,0.08137359470129013
1789134891659714,0.06121499836444855,0.06121499836444855
1789134891675714,0.0668298602104187,0.0668298602104187
1789134891685714,0.0754009410738945,0.0754009410738945
1789134891695714,0.06306100636720657,0.06306100636720657
1789134891707714,0.03876904398202896,0.03876904398202896
1789134891715714,0.06403844058513641,0.06403844058513641
1789134891725714,0.05119713023304939,0.05119713023304939
1789134891733714,0.05786801874637604,0.05786801874637604
1789134891743714,0.05123453959822655,0.05123453959822655
1789134891755714,0.051261089742183685,0.051261089742183685
1789134891767714,0.0007754713296890259,0.0007754713296890259
1789134891777714,0.016462069004774094,0.016462069004774094
1789134891785714,0.02632259577512741,0.02632259577512741
1789134891795714,0.03608601540327072,0.03608601540327072
1789134891801714,0.031214669346809387,0.031214669346809387
1789134891815714,0.07819745689630508,0.07819745689630508
1789134891827714,0.02198803424835205,0.02198803424835205
1789134891837714,0.03399057313799858,0.03399057313799858
1789134891845714,0.04098111018538475,0.04098111018538475
1789134891855714,0.04483013600111008,0.04483013600111008
1789134891863714,-0.003299981588497758,-0.003299981588497758
1789134891875714,0.044204726815223694,0.044204726815223694
1789134891887714,0.0057974644005298615,0.0057974644005298615
1789134891897714,0.013896454125642776,0.013896454125642776
1789134891905714,0.02615547366440296,0.02615547366440296
1789134891915714,0.039205919951200485,0.039205919951200485
1789134891925714,0.04615608975291252,0.04615608975291252
1789134891935714,-0.053319524973630905,-0.053319524973630905
1789134891947714,-0.030445901677012444,-0.030445901677012444
1789134891957714,-0.029404927045106888,-0.029404927045106888
1789134891963714,0.003962296526879072,0.003962296526879072
1789134891975714,0.008708790875971317,0.008708790875971317
1789134891985714,0.027746619656682014,0.027746619656682014
1789134891995714,0.003972907550632954,0.003972907550632954
1789134892007714,-0.10458386689424515,-0.10458386689424515
1789134892015714,-0.007725303992629051,-0.007725303992629051
1789134892025714,-0.023999975994229317,-0.023999975994229317
1789134892031714,-0.010307453572750092,-0.010307453572750092
1789134892045714,0.037972718477249146,0.037972718477249146
1789134892055714,-0.06457061320543289,-0.06457061320543289
1789134892065714,-0.034238703548908234,-0.034238703548908234
1789134892077714,-0.034439023584127426,-0.034439023584127426
1789134892085714,-0.001537903561256826,-0.001537903561256826
1789134892095714,0.007055892609059811,0.007055892609059811
1789134892105714,0.048429615795612335,0.048429615795612335
1789134892115714,-0.0015420676209032536,-0.0015420676209032536
1789134892127714,-0.00038136972580105066,-0.00038136972580105066
1789134892129714,0.08212755620479584,0.08212755620479584
1789134892143714,0.10409970581531525,0.10409970581531525
1789134892155714,0.11523586511611938,0.11523586511611938
1789134892163714,-0.043288957327604294,-0.043288957327604294
1789134892175714,-0.006524752359837294,-0.006524752359837294
1789134892187714,-0.03388070687651634,-0.03388070687651634
1789134892195714,0.01086031086742878,0.01086031086742878
1789134892205714,-0.0039249081164598465,-0.0039249081164598465
1789134892215714,0.0037218607030808926,0.0037218607030808926
1789134892225714,0.04188470169901848,0.04188470169901848
1789134892235714,-0.0039248354732990265,-0.0039248354732990265
1789134892247714,-0.12411385029554367,-0.12411385029554367
1789134892255714,-0.02753736637532711,-0.02753736637532711
1789134892261714,0.00023987016174942255,0.00023987016174942255
1789134892275714,0.015746233984827995,0.015746233984827995
1789134892285714,0.022125370800495148,0.022125370800495148
1789134892295714,-0.030653364956378937,-0.030653364956378937
1789134892305714,-0.0006749791791662574,-0.0006749791791662574
1789134892317714,0.03916681557893753,0.03916681557893753
1789134892325714,0.06583650410175323,0.06583650410175323
1789134892335714,0.07112094759941101,0.07112094759941101
1789134892343714,0.0992971658706665,0.0992971658706665
1789134892355714,0.0659211128950119,0.0659211128950119
1789134892365714,-0.0399046316742897,-0.0399046316742897
1789134892377714,-0.018514087423682213,-0.018514087423682213
1789134892385714,-0.0023596719838678837,-0.0023596719838678837
1789134892393714,0.011886204592883587,0.011886204592883587
1789134892405714,0.019536888226866722,0.019536888226866722
1789134892415714,-0.002355080796405673,-0.002355080796405673
1789134892427714,-0.10673514008522034,-0.10673514008522034
1789134892429714,-0.0146256098523736,-0.0146256098523736
1789134892445714,-0.008854709565639496,-0.008854709565639496
1789134892455714,-0.0007325828773900867,-0.0007325828773900867
1789134892461714,-0.06704603880643845,-0.06704603880643845
1789134892475714,-0.003246417734771967,-0.003246417734771967
1789134892487714,-0.05495688319206238,-0.05495688319206238
1789134892497714,-0.07771442085504532,-0.07771442085504532
1789134892505714,-0.07170522958040237,-0.07170522958040237
1789134892515714,-0.05205213278532028,-0.05205213278532028
1789134892525714,-0.04214133322238922,-0.04214133322238922
1789134892535714,-0.07178758084774017,-0.07178758084774017
1789134892547714,-0.1114446371793747,-0.1114446371793747
1789134892555714,-0.05301709473133087,-0.05301709473133087
1789134892565714,-0.038655053824186325,-0.038655053824186325
1789134892575714,-0.029892614111304283,-0.029892614111304283
1789134892585714,-0.012595631182193756,-0.012595631182193756
1789134892595714,-0.07192031294107437,-0.07192031294107437
1789134892607714,-0.10627102106809616,-0.10627102106809616
1789134892615714,-0.06909987330436707,-0.06909987330436707
1789134892623714,-0.02571340836584568,-0.02571340836584568
1789134892635714,-0.014793699607253075,-0.014793699607253075
1789134892645714,-0.0023455622140318155,-0.0023455622140318155
1789134892655714,-0.02572932094335556,-0.02572932094335556
1789134892667884,-0.08161839842796326,-0.08161839842796326
1789134892675884,0.0039228713139891624,0.0039228713139891624
1789134892685884,0.00024379603564739227,0.00024379603564739227
1789134892691884,-0.0035570207983255386,-0.0035570207983255386
1789134892705884,0.03681245073676109,0.03681245073676109
1789134892715884,0.009021706879138947,0.009021706879138947
1789134892727884,-0.20625372231006622,-0.20625372231006622
1789134892735884,-0.1627742052078247,-0.1627742052078247
1789134892743884,-0.18154464662075043,-0.18154464662075043
1789134892755884,-0.15957997739315033,-0.15957997739315033
1789134892765884,-0.11943234503269196,-0.11943234503269196
1789134892775884,-0.18174465000629425,-0.18174465000629425
1789134892787884,-0.22624319791793823,-0.22624319791793823
1789134892789884,-0.10835935920476913,-0.10835935920476913
1789134892805884,-0.07853971421718597,-0.07853971421718597
1789134892815884,-0.07310468703508377,-0.07310468703508377
1789134892823884,-0.15962986648082733,-0.15962986648082733
1789134892835884,-0.11174829304218292,-0.11174829304218292
1789134892845884,-0.11215564608573914,-0.11215564608573914
1789134892857884,-0.11147317290306091,-0.11147317290306091
1789134892861884,-0.09632480889558792,-0.09632480889558792
1789134892875884,-0.0812433585524559,-0.0812433585524559
1789134892885884,-0.07346279174089432,-0.07346279174089432
1789134892895884,-0.020214973017573357,-0.020214973017573357
1789134892907884,-0.1971926987171173,-0.1971926987171173
1789134892915884,-0.10785127431154251,-0.10785127431154251
1789134892921884,-0.147184357047081,-0.147184357047081
1789134892935884,-0.14086930453777313,-0.14086930453777313
1789134892943884,-0.1116216629743576,-0.1116216629743576
1789134892955884,-0.07364778220653534,-0.07364778220653534
1789134892967884,-0.03015558421611786,-0.03015558421611786
1789134892975884,-0.017581313848495483,-0.017581313848495483
1789134892985884,-0.040640540421009064,-0.040640540421009064
1789134892995884,-0.034464139491319656,-0.034464139491319656
1789134893005884,-0.022294651716947556,-0.022294651716947556
1789134893015884,-0.04070937633514404,-0.04070937633514404
1789134893027884,-0.06493805348873138,-0.06493805348873138
1789134893035884,-0.05583128333091736,-0.05583128333091736
1789134893045884,-0.039299655705690384,-0.039299655705690384
1789134893053884,-0.040174104273319244,-0.040174104273319244
1789134893065884,-0.046697117388248444,-0.046697117388248444
1789134893075884,-0.03928495571017265,-0.03928495571017265
1789134893087884,0.04994940385222435,0.04994940385222435
1789134893095884,0.03404901921749115,0.03404901921749115
1789134893105884,0.012851760722696781,0.012851760722696781
1789134893115884,0.011390013620257378,0.011390013620257378
1789134893123884,-0.04215962812304497,-0.04215962812304497
1789134893135884,-0.04318666085600853,-0.04318666085600853
1789134893147884,0.010255910456180573,0.010255910456180573
1789134893149884,0.009433049708604813,0.009433049708604813
1789134893165884,0.04497745260596275,0.04497745260596275
1789134893175884,0.04261758551001549,0.04261758551001549
1789134893185884,0.035720374435186386,0.035720374435186386
1789134893195884,0.04505014792084694,0.04505014792084694
1789134893207884,0.13136452436447144,0.13136452436447144
1789134893217884,0.07363659888505936,0.07363659888505936
1789134893225884,0.06734537333250046,0.06734537333250046
1789134893235884,0.06136104837059975,0.06136104837059975
1789134893245884,0.059473030269145966,0.059473030269145966
1789134893255884,0.07952222228050232,0.07952222228050232
1789134893267884,0.07500039786100388,0.07500039786100388
1789134893275884,0.07049287110567093,0.07049287110567093
1789134893283884,0.07787972688674927,0.07787972688674927
1789134893295884,0.07525419443845749,0.07525419443845749
1789134893305884,0.06706751883029938,0.06706751883029938
1789134893315884,0.07796130329370499,0.07796130329370499
1789134893327884,0.018291864544153214,0.018291864544153214
1789134893337884,-0.01688605546951294,-0.01688605546951294
1789134893343884,-0.015482539311051369,-0.015482539311051369
1789134893355884,-0.013587907887995243,-0.013587907887995243
1789134893365884,-0.01261751726269722,-0.01261751726269722
1789134893375884,-0.007569847162812948,-0.007569847162812948
1789134893387884,0.05161073058843613,0.05161073058843613
1789134893397884,0.061260323971509933,0.061260323971509933
1789134893405884,0.06071585789322853,0.06071585789322853
1789134893415884,0.05952818691730499,0.05952818691730499
1789134893425884,0.05726240575313568,0.05726240575313568
1789134893435884,0.06077880039811134,0.06077880039811134
1789134893447884,-0.02728164941072464,-0.02728164941072464
1789134893457884,-0.023553576320409775,-0.023553576320409775
1789134893465884,-0.022249555215239525,-0.022249555215239525
1789134893475884,-0.016546722501516342,-0.016546722501516342
1789134893483884,-0.04783780500292778,-0.04783780500292778
1789134893495884,-0.030796650797128677,-0.030796650797128677
1789134893507884,-0.04048344865441322,-0.04048344865441322
1789134893509884,-0.022852841764688492,-0.022852841764688492
1789134893525884,-0.02354399301111698,-0.02354399301111698
1789134893535884,-0.02098606526851654,-0.02098606526851654
1789134893543884,-0.0235548485070467,-0.0235548485070467
1789134893555884,-0.02356540970504284,-0.02356540970504284
1789134893567884,-0.11838451772928238,-0.11838451772928238
1789134893577884,-0.13017971813678741,-0.13017971813678741
1789134893581884,-0.12010526657104492,-0.12010526657104492
1789134893595884,-0.10955926775932312,-0.10955926775932312
1789134893605884,-0.08950275927782059,-0.08950275927782059
1789134893615884,-0.10013657063245773,-0.10013657063245773
1789134893627884,-0.05066528543829918,-0.05066528543829918
1789134893637884,-0.03922141343355179,-0.03922141343355179
1789134893645884,-0.03601119667291641,-0.03601119667291641
1789134893655884,-0.03298988193273544,-0.03298988193273544
1789134893666055,-0.018676020205020905,-0.018676020205020905
1789134893676055,-0.03604607284069061,-0.03604607284069061
1789134893688055,-0.08339910954236984,-0.08339910954236984
1789134893696055,-0.049799397587776184,-0.049799397587776184
1789134893706055,-0.03407210111618042,-0.03407210111618042
1789134893714055,-0.021893560886383057,-0.021893560886383057
1789134893726055,-0.01626383140683174,-0.01626383140683174
1789134893736055,-0.03412473201751709,-0.03412473201751709
1789134893748055,-0.05719548836350441,-0.05719548836350441
1789134893750055,-0.040072035044431686,-0.040072035044431686
1789134893766055,-0.006837165914475918,-0.006837165914475918
1789134893776055,-0.005174057092517614,-0.005174057092517614
1789134893782055,-0.054107122123241425,-0.054107122123241425
1789134893796055,-0.044337041676044464,-0.044337041676044464
1789134893808055,-0.03828424587845802,-0.03828424587845802
1789134893818055,-0.057297080755233765,-0.057297080755233765
1789134893826055,-0.05603240430355072,-0.05603240430355072
1789134893836055,-0.05278852581977844,-0.05278852581977844
1789134893846055,-0.051899127662181854,-0.051899127662181854
1789134893856055,-0.056077271699905396,-0.056077271699905396
1789134893866055,-0.06088899448513985,-0.06088899448513985
1789134893878055,-0.08555129915475845,-0.08555129915475845
1789134893886055,-0.0752730742096901,-0.0752730742096901
1789134893896055,-0.07266369462013245,-0.07266369462013245
1789134893906055,-0.06675934046506882,-0.06675934046506882
1789134893914055,-0.12548619508743286,-0.12548619508743286
1789134893926055,-0.11883692443370819,-0.11883692443370819
1789134893936055,-0.11658957600593567,-0.11658957600593567
1789134893944055,-0.11427955329418182,-0.11427955329418182
1789134893956055,-0.1070987656712532,-0.1070987656712532
1789134893966055,-0.10378018766641617,-0.10378018766641617
1789134893976055,-0.11443927139043808,-0.11443927139043808
1789134893988055,-0.11534782499074936,-0.11534782499074936
1789134893998055,-0.04810330644249916,-0.04810330644249916
1789134894006055,-0.0442226305603981,-0.0442226305603981
1789134894012055,-0.04228472709655762,-0.04228472709655762
1789134894026055,-0.03962686285376549,-0.03962686285376549
1789134894036055,-0.03663753345608711,-0.03663753345608711
1789134894048055,-0.05227433890104294,-0.05227433890104294
1789134894054055,-0.04861132800579071,-0.04861132800579071
1789134894066055,-0.07127894461154938,-0.07127894461154938
1789134894076055,-0.06936034560203552,-0.06936034560203552
1789134894086055,-0.06367149204015732,-0.06367149204015732
1789134894096055,-0.07138307392597198,-0.07138307392597198
1789134894108055,-0.13499248027801514,-0.13499248027801514
1789134894110055,-0.11719401925802231,-0.11719401925802231
1789134894126055,-0.10470164567232132,-0.10470164567232132
1789134894136055,-0.10415013879537582,-0.10415013879537582
1789134894144055,-0.06462795287370682,-0.06462795287370682
1789134894156055,-0.06595142185688019,-0.06595142185688019
1789134894168055,-0.1457768827676773,-0.1457768827676773
1789134894176055,-0.14260870218276978,-0.14260870218276978
1789134894186055,-0.13520623743534088,-0.13520623743534088
1789134894196055,-0.13317807018756866,-0.13317807018756866
1789134894206055,-0.12717892229557037,-0.12717892229557037
1789134894216055,-0.13539211452007294,-0.13539211452007294
1789134894228055,-0.08347674459218979,-0.08347674459218979
1789134894230055,-0.07449766248464584,-0.07449766248464584
1789134894242055,-0.04049384221434593,-0.04049384221434593
1789134894256055,-0.04264029860496521,-0.04264029860496521
1789134894266055,-0.045160289853811264,-0.045160289853811264
1789134894276055,-0.13046260178089142,-0.13046260178089142
1789134894288055,-0.1713903397321701,-0.1713903397321701
1789134894296055,-0.16724857687950134,-0.16724857687950134
1789134894306055,-0.15157119929790497,-0.15157119929790497
1789134894316055,-0.149897038936615,-0.149897038936615
1789134894326055,-0.14828282594680786,-0.14828282594680786
1789134894336055,-0.1517561972141266,-0.1517561972141266
1789134894348055,-0.06942158192396164,-0.06942158192396164
1789134894356055,-0.07081272453069687,-0.07081272453069687
1789134894366055,-0.02086450159549713,-0.02086450159549713
1789134894374055,-0.029778888449072838,-0.029778888449072838
1789134894386055,-0.034759826958179474,-0.034759826958179474
1789134894396055,-0.05816420912742615,-0.05816420912742615
1789134894408055,0.011722087860107422,0.011722087860107422
1789134894418055,-0.035575076937675476,-0.035575076937675476
1789134894426055,-0.04469067603349686,-0.04469067603349686
1789134894436055,-0.049995023757219315,-0.049995023757219315
1789134894444055,-0.1228162869811058,-0.1228162869811058
1789134894456055,-0.13006311655044556,-0.13006311655044556
1789134894466055,-0.04099409282207489,-0.04099409282207489
1789134894478055,-0.015285392291843891,-0.015285392291843891
1789134894486055,-0.022291073575615883,-0.022291073575615883
1789134894496055,-0.02817155048251152,-0.02817155048251152
1789134894506055,-0.05647263675928116,-0.05647263675928116
1789134894516055,-0.06742378324270248,-0.06742378324270248
1789134894528055,0.014946114271879196,0.014946114271879196
1789134894538055,-0.04245230555534363,-0.04245230555534363
1789134894544055,-0.05190031975507736,-0.05190031975507736
1789134894556055,-0.05917198583483696,-0.05917198583483696
1789134894566055,-0.06242329254746437,-0.06242329254746437
1789134894576055,-0.06457336992025375,-0.06457336992025375
1789134894588055,-0.051960717886686325,-0.051960717886686325
1789134894598055,-0.03992672264575958,-0.03992672264575958
1789134894604055,-0.04492461308836937,-0.04492461308836937
1789134894616055,-0.04893876612186432,-0.04893876612186432
1789134894626055,-0.08062110096216202,-0.08062110096216202
1789134894636055,-0.04495958238840103,-0.04495958238840103
1789134894648055,0.02183898724615574,0.02183898724615574
1789134894656055,-0.04216017946600914,-0.04216017946600914
1789134894666055,-0.08330895006656647,-0.08330895006656647
1789134894672225,-0.09982144087553024,-0.09982144087553024
1789134894686225,-0.11834169179201126,-0.11834169179201126
1789134894696225,-0.1149829626083374,-0.1149829626083374
1789134894706225,-0.0036138612776994705,-0.0036138612776994705
1789134894716225,-0.03740246221423149,-0.03740246221423149
1789134894726225,-0.020014742389321327,-0.020014742389321327
1789134894736225,-0.02617178112268448,-0.02617178112268448
1789134894744225,-0.06157603859901428,-0.06157603859901428
1789134894756225,-0.02002674527466297,-0.02002674527466297
1789134894766225,0.031160669401288033,0.031160669401288033
1789134894778225,-0.02258719503879547,-0.02258719503879547
1789134894786225,-0.026221834123134613,-0.026221834123134613
1789134894796225,-0.033036574721336365,-0.033036574721336365
1789134894804225,-0.054908886551856995,-0.054908886551856995
1789134894816225,-0.08415356278419495,-0.08415356278419495
1789134894828225,-0.0643424466252327,-0.0643424466252327
1789134894836225,-0.08886110782623291,-0.08886110782623291
1789134894846225,-0.04120867699384689,-0.04120867699384689
1789134894856225,-0.04541855677962303,-0.04541855677962303
1789134894862225,-0.017338335514068604,-0.017338335514068604
1789134894876225,-0.04178117960691452,-0.04178117960691452
1789134894888225,-0.04040755704045296,-0.04040755704045296
1789134894896225,-0.07460416108369827,-0.07460416108369827
1789134894902225,-0.06594531983137131,-0.06594531983137131
1789134894916225,-0.07427224516868591,-0.07427224516868591
1789134894926225,-0.09057942032814026,-0.09057942032814026
1789134894934225,0.010428783483803272,0.010428783483803272
1789134894946225,0.02153792232275009,0.02153792232275009
1789134894958225,0.007008808199316263,0.007008808199316263
1789134894966225,-0.00024005211889743805,-0.00024005211889743805
1789134894976225,-0.007247607223689556,-0.007247607223689556
1789134894986225,-0.04574253410100937,-0.04574253410100937
1789134894996225,-0.00023663276806473732,-0.00023663276806473732
1789134895006225,-0.0203779935836792,-0.0203779935836792
1789134895016225,-0.037811052054166794,-0.037811052054166794
1789134895026225,-0.0770726129412651,-0.0770726129412651
1789134895034225,-0.08742117136716843,-0.08742117136716843
1789134895046225,-0.09251533448696136,-0.09251533448696136
1789134895056225,0.04484374076128006,0.04484374076128006
1789134895068225,0.03588191792368889,0.03588191792368889
1789134895070225,0.020987287163734436,0.020987287163734436
1789134895086225,0.09129064530134201,0.09129064530134201
1789134895096225,0.08073575794696808,0.08073575794696808
1789134895104225,0.13569216430187225,0.13569216430187225
1789134895116225,0.10315897315740585,0.10315897315740585
1789134895128225,0.19244034588336945,0.19244034588336945
1789134895138225,0.1745072603225708,0.1745072603225708
1789134895144225,0.16613540053367615,0.16613540053367615
1789134895156225,0.1416090726852417,0.1416090726852417
1789134895166225,0.09379871934652328,0.09379871934652328
1789134895176225,0.16633138060569763,0.16633138060569763
1789134895188225,0.20134085416793823,0.20134085416793823
1789134895190225,0.0660424456000328,0.0660424456000328
1789134895206225,0.031719695776700974,0.031719695776700974
1789134895216225,0.023869449272751808,0.023869449272751808
1789134895226225,-0.01718759909272194,-0.01718759909272194
1789134895234225,0.13221505284309387,0.13221505284309387
1789134895248225,0.09367534518241882,0.09367534518241882
1789134895256225,0.059363774955272675,0.059363774955272675
1789134895264225,0.010222600772976875,0.010222600772976875
1789134895276225,0.002547366078943014,0.002547366078943014
1789134895286225,-0.005911372136324644,-0.005911372136324644
1789134895296225,0.010228989645838737,0.010228989645838737
1789134895306225,0.04817688465118408,0.04817688465118408
1789134895310225,0.035521380603313446,0.035521380603313446
1789134895326225,0.05496993660926819,0.05496993660926819
1789134895332225,0.05972638726234436,0.05972638726234436
1789134895344225,0.047007519751787186,0.047007519751787186
1789134895356225,0.04703366011381149,0.04703366011381149
1789134895368225,-0.0024348655715584755,-0.0024348655715584755
1789134895376225,-0.02477658912539482,-0.02477658912539482
1789134895386225,-0.036380622535943985,-0.036380622535943985
1789134895396225,-0.04169692099094391,-0.04169692099094391
1789134895406225,-0.05255432799458504,-0.05255432799458504
1789134895416225,-0.06627857685089111,-0.06627857685089111
1789134895428225,0.04866044968366623,0.04866044968366623
1789134895430225,0.01090281456708908,0.01090281456708908
1789134895446225,0.02422158233821392,0.02422158233821392
1789134895456225,0.01953207142651081,0.01953207142651081
1789134895464225,0.0694151371717453,0.0694151371717453
1789134895476225,0.04013398289680481,0.04013398289680481
1789134895488225,-0.012275269255042076,-0.012275269255042076
1789134895496225,-0.03611373156309128,-0.03611373156309128
1789134895506225,-0.057049259543418884,-0.057049259543418884
1789134895516225,-0.05923331528902054,-0.05923331528902054
1789134895526225,-0.06025207042694092,-0.06025207042694092
1789134895536225,-0.057133328169584274,-0.057133328169584274
1789134895548225,-0.02731917053461075,-0.02731917053461075
1789134895550225,-0.03587411716580391,-0.03587411716580391
1789134895562225,0.017356937751173973,0.017356937751173973
1789134895576225,0.014016636647284031,0.014016636647284031
1789134895586225,-0.000959272962063551,-0.000959272962063551
1789134895596225,-0.04569194093346596,-0.04569194093346596
1789134895608225,-0.09558875113725662,-0.09558875113725662
1789134895616225,-0.10069425404071808,-0.10069425404071808
1789134895626225,-0.08118847012519836,-0.08118847012519836
1789134895636225,-0.08269386738538742,-0.08269386738538742
1789134895646225,-0.08678001910448074,-0.08678001910448074
1789134895656225,-0.08129148185253143,-0.08129148185253143
1789134895668225,0.0033960328437387943,0.0033960328437387943
1789134895676394,-0.0155691122636199,-0.0155691122636199
1789134895680394,0.01930929720401764,0.01930929720401764
1789134895694394,0.0026117670349776745,0.0026117670349776745
1789134895706394,-0.0017951703630387783,-0.0017951703630387783
1789134895716394,0.011390570551156998,0.011390570551156998
1789134895728394,0.038506314158439636,0.038506314158439636
1789134895736394,-0.014582734555006027,-0.014582734555006027
1789134895744394,-0.03148995339870453,-0.03148995339870453
1789134895756394,-0.035520486533641815,-0.035520486533641815
1789134895764394,-0.018520819023251534,-0.018520819023251534
1789134895776394,-0.027518389746546745,-0.027518389746546745
1789134895788394,0.0500376932322979,0.0500376932322979
1789134895792394,0.02267511934041977,0.02267511934041977
1789134895806394,0.06025395542383194,0.06025395542383194
1789134895816394,0.05356021225452423,0.05356021225452423
1789134895826394,0.025014178827404976,0.025014178827404976
1789134895836394,0.06030939146876335,0.06030939146876335
1789134895848394,0.012968910858035088,0.012968910858035088
1789134895856394,-0.0477743037045002,-0.0477743037045002
1789134895862394,-0.05773409828543663,-0.05773409828543663
1789134895876394,-0.06286580115556717,-0.06286580115556717
1789134895886394,-0.0736275464296341,-0.0736275464296341
1789134895896394,-0.0007354039698839188,-0.0007354039698839188
1789134895908394,0.01831536367535591,0.01831536367535591
1789134895918394,0.075403593480587,0.075403593480587
1789134895924394,0.05300065129995346,0.05300065129995346
1789134895936394,0.046632952988147736,0.046632952988147736
1789134895944394,0.05305606499314308,0.05305606499314308
1789134895956394,0.05308535322546959,0.05308535322546959
1789134895966394,0.05166744813323021,0.05166744813323021
1789134895976394,0.03680287301540375,0.03680287301540375
1789134895986394,0.02341970056295395,0.02341970056295395
1789134895992394,0.028682511299848557,0.028682511299848557
1789134896006394,-0.00025897007435560226,-0.00025897007435560226
1789134896016394,-0.020251531153917313,-0.020251531153917313
1789134896026394,0.08586126565933228,0.08586126565933228
1789134896038394,0.0708036795258522,0.0708036795258522
1789134896046394,0.04427390173077583,0.04427390173077583
1789134896054394,0.03840542584657669,0.03840542584657669
1789134896066394,0.005833727307617664,0.005833727307617664
1789134896076394,0.04432688280940056,0.04432688280940056
1789134896088394,0.11509991437196732,0.11509991437196732
1789134896090394,0.04339240491390228,0.04339240491390228
1789134896106394,0.050556037575006485,0.050556037575006485
1789134896116394,0.03935303911566734,0.03935303911566734
1789134896124394,0.05437667667865753,0.05437667667865753
1789134896136394,0.021818391978740692,0.021818391978740692
1789134896148394,0.03521300107240677,0.03521300107240677
1789134896150394,0.02176997810602188,0.02176997810602188
1789134896166394,0.06612679362297058,0.06612679362297058
1789134896176394,0.06004473939538002,0.06004473939538002
1789134896186394,0.027038592845201492,0.027038592845201492
1789134896196394,0.06621392071247101,0.06621392071247101
1789134896208394,0.1107577458024025,0.1107577458024025
1789134896218394,0.03628002852201462,0.03628002852201462
1789134896222394,0.02692732959985733,0.02692732959985733
1789134896236394,0.01841147430241108,0.01841147430241108
1789134896246394,0.0016055325977504253,0.0016055325977504253
1789134896256394,0.09181013703346252,0.09181013703346252
1789134896268394,0.07418522238731384,0.07418522238731384
1789134896270394,0.06359229236841202,0.06359229236841202
1789134896286394,0.04517662897706032,0.04517662897706032
1789134896296394,0.03917689621448517,0.03917689621448517
1789134896306394,0.026006991043686867,0.026006991043686867
1789134896316394,0.04527302831411362,0.04527302831411362
1789134896328394,0.07904691994190216,0.07904691994190216
1789134896338394,0.03238769993185997,0.03238769993185997
1789134896344394,0.024067575111985207,0.024067575111985207
1789134896354394,0.007527455687522888,0.007527455687522888
1789134896366394,-0.0033967141062021255,-0.0033967141062021255
1789134896376394,0.02416175790131092,0.02416175790131092
1789134896388394,0.25534048676490784,0.25534048676490784
1789134896398394,0.19419121742248535,0.19419121742248535
1789134896406394,0.1608189195394516,0.1608189195394516
1789134896416394,0.15490023791790009,0.15490023791790009
1789134896424394,0.18862448632717133,0.18862448632717133
1789134896436394,0.16170954704284668,0.16170954704284668
1789134896448394,0.12046148627996445,0.12046148627996445
1789134896452394,0.0832756832242012,0.0832756832242012
1789134896466394,0.07254547625780106,0.07254547625780106
1789134896476394,0.06420199573040009,0.06420199573040009
1789134896486394,0.0600527822971344,0.0600527822971344
1789134896496394,0.03200370818376541,0.03200370818376541
1789134896508394,0.12812097370624542,0.12812097370624542
1789134896516394,0.07902660220861435,0.07902660220861435
1789134896526394,0.12364792823791504,0.12364792823791504
1789134896536394,0.11859407275915146,0.11859407275915146
1789134896544394,0.12373809516429901,0.12373809516429901
1789134896556394,0.08738137036561966,0.08738137036561966
1789134896568394,0.031081054359674454,0.031081054359674454
1789134896576394,0.02225165255367756,0.02225165255367756
1789134896584394,0.0510757677257061,0.0510757677257061
1789134896596394,0.047342732548713684,0.047342732548713684
1789134896606394,0.03965047746896744,0.03965047746896744
1789134896616394,0.05114962160587311,0.05114962160587311
1789134896628394,0.0844721868634224,0.0844721868634224
1789134896636394,0.06329552829265594,0.06329552829265594
1789134896646394,0.07765790820121765,0.07765790820121765
1789134896652394,0.09652689099311829,0.09652689099311829
1789134896666394,0.08553799241781235,0.08553799241781235
1789134896676394,0.09111913293600082,0.09111913293600082
1789134896688566,0.08117540180683136,0.08117540180683136
1789134896696566,0.06800207495689392,0.06800207495689392
1789134896706566,0.06052125245332718,0.06052125245332718
1789134896716566,0.06017028167843819,0.06017028167843819
1789134896726566,0.06020813807845116,0.06020813807845116
1789134896736566,0.06058240681886673,0.06058240681886673
1789134896748566,0.0024033549707382917,0.0024033549707382917
1789134896750566,0.005103956442326307,0.005103956442326307
1789134896766566,0.006923886016011238,0.006923886016011238
1789134896776566,0.007706508971750736,0.007706508971750736
1789134896782566,0.041026003658771515,0.041026003658771515
1789134896796566,0.040885020047426224,0.040885020047426224
1789134896808566,-0.01372089609503746,-0.01372089609503746
1789134896818566,0.00820316094905138,0.00820316094905138
1789134896826566,0.01120346412062645,0.01120346412062645
1789134896836566,0.013723313808441162,0.013723313808441162
1789134896846566,0.01862604171037674,0.01862604171037674
1789134896856566,0.011221502907574177,0.011221502907574177
1789134896868566,0.01840178668498993,0.01840178668498993
1789134896878566,0.038672689348459244,0.038672689348459244
1789134896882566,0.03925693780183792,0.03925693780183792
1789134896896566,0.040150027722120285,0.040150027722120285
1789134896906566,0.051125477999448776,0.051125477999448776
1789134896916566,-0.04816792532801628,-0.04816792532801628
1789134896928566,-0.08181888610124588,-0.08181888610124588
1789134896938566,-0.050046373158693314,-0.050046373158693314
1789134896944566,-0.04286462441086769,-0.04286462441086769
1789134896956566,-0.035578303039073944,-0.035578303039073944
1789134896966566,-0.021860238164663315,-0.021860238164663315
1789134896976566,-0.010105621069669724,-0.010105621069669724
1789134896986566,-0.03889819234609604,-0.03889819234609604
1789134896998566,-0.019022434949874878,-0.019022434949874878
1789134897006566,-0.010203821584582329,-0.010203821584582329
1789134897014566,-0.006505756638944149,-0.006505756638944149
1789134897026566,-0.006222361698746681,-0.006222361698746681
1789134897036566,0.000752198975533247,0.000752198975533247
1789134897048566,-0.041432492434978485,-0.041432492434978485
1789134897054566,-0.022402724251151085,-0.022402724251151085
1789134897066566,-0.04584534093737602,-0.04584534093737602
1789134897076566,-0.041667476296424866,-0.041667476296424866
1789134897084566,0.0027077971026301384,0.0027077971026301384
1789134897096566,0.008333489298820496,0.008333489298820496
1789134897108566,-0.000525822164490819,-0.000525822164490819
1789134897110566,0.0031105943489819765,0.0031105943489819765
1789134897126566,-0.001442304695956409,-0.001442304695956409
1789134897136566,9.995419532060623e-05,9.995419532060623e-05
1789134897144566,0.008197246119379997,0.008197246119379997
1789134897156566,-0.0014520097756758332,-0.0014520097756758332
1789134897166566,-0.011113611981272697,-0.011113611981272697
1789134897178566,0.028506655246019363,0.028506655246019363
1789134897186566,0.029638195410370827,0.029638195410370827
1789134897196566,0.029435032978653908,0.029435032978653908
1789134897206566,0.0280465055257082,0.0280465055257082
1789134897216566,-0.010811539366841316,-0.010811539366841316
1789134897228566,-0.04783640429377556,-0.04783640429377556
1789134897230566,-0.04431141912937164,-0.04431141912937164
1789134897244566,-0.042968809604644775,-0.042968809604644775
1789134897256566,-0.04070371016860008,-0.04070371016860008
1789134897266566,-0.028985660523176193,-0.028985660523176193
1789134897276566,-0.04303909093141556,-0.04303909093141556
1789134897288566,-0.05485561490058899,-0.05485561490058899
1789134897298566,-0.016832979395985603,-0.016832979395985603
1789134897306566,-0.014784146100282669,-0.014784146100282669
1789134897312566,-0.007500017061829567,-0.007500017061829567
1789134897326566,-0.0020058355294167995,-0.0020058355294167995
1789134897336566,-0.0033344379626214504,-0.0033344379626214504
1789134897348566,-0.035652026534080505,-0.035652026534080505
1789134897350566,-0.03134959936141968,-0.03134959936141968
1789134897366566,-0.04274907335639,-0.04274907335639
1789134897376566,-0.04093751683831215,-0.04093751683831215
1789134897386566,-0.028819425031542778,-0.028819425031542778
1789134897396566,-0.042817384004592896,-0.042817384004592896
1789134897408566,-0.09221457690000534,-0.09221457690000534
1789134897410566,-0.06390572339296341,-0.06390572339296341
1789134897426566,-0.037061452865600586,-0.037061452865600586
1789134897436566,-0.035511597990989685,-0.035511597990989685
1789134897442566,-0.03546438738703728,-0.03546438738703728
1789134897456566,-0.03410986065864563,-0.03410986065864563
1789134897466566,-0.05589043349027634,-0.05589043349027634
1789134897478566,0.011913393624126911,0.011913393624126911
1789134897486566,0.011812177486717701,0.011812177486717701
1789134897496566,0.010508794337511063,0.010508794337511063
1789134897506566,0.009162173606455326,0.009162173606455326
1789134897516566,0.011819051578640938,0.011819051578640938
1789134897528566,-0.07735428214073181,-0.07735428214073181
1789134897538566,-0.06261009722948074,-0.06261009722948074
1789134897542566,-0.060326069593429565,-0.060326069593429565
1789134897556566,-0.06028725951910019,-0.06028725951910019
1789134897566566,-0.05930647999048233,-0.05930647999048233
1789134897576566,-0.00723542645573616,-0.00723542645573616
1789134897586566,0.019304616376757622,0.019304616376757622
1789134897598566,-0.007070488762110472,-0.007070488762110472
1789134897606566,-0.00865943729877472,-0.00865943729877472
1789134897616566,-0.00943504273891449,-0.00943504273891449
1789134897626566,-0.012123841792345047,-0.012123841792345047
1789134897636566,-0.008667530491948128,-0.008667530491948128
1789134897648566,-0.03386784344911575,-0.03386784344911575
1789134897656566,-0.036941610276699066,-0.036941610276699066
1789134897666566,-0.05918433517217636,-0.05918433517217636
1789134897674566,-0.06162397563457489,-0.06162397563457489
1789134897686735,-0.06583994626998901,-0.06583994626998901
1789134897696735,-0.05921730771660805,-0.05921730771660805
1789134897706735,0.052061691880226135,0.052061691880226135
1789134897716735,0.04667388275265694,0.04667388275265694
1789134897726735,-0.01726691611111164,-0.01726691611111164
1789134897736735,-0.018307769671082497,-0.018307769671082497
1789134897744735,-0.04134805500507355,-0.04134805500507355
1789134897756735,-0.043147388845682144,-0.043147388845682144
1789134897768735,0.02972462773323059,0.02972462773323059
1789134897772735,0.018304340541362762,0.018304340541362762
1789134897786735,0.015473132953047752,0.015473132953047752
1789134897796735,0.010734181851148605,0.010734181851148605
1789134897806735,0.0006142978090792894,0.0006142978090792894
1789134897816735,0.015492014586925507,0.015492014586925507
1789134897828735,-0.010832943953573704,-0.010832943953573704
1789134897838735,-0.048998042941093445,-0.048998042941093445
1789134897846735,-0.05020857974886894,-0.05020857974886894
1789134897856735,-0.05132894217967987,-0.05132894217967987
1789134897862735,0.018017107620835304,0.018017107620835304
1789134897876735,0.02831530198454857,0.02831530198454857
1789134897886735,-0.006528401747345924,-0.006528401747345924
1789134897896735,-0.00873116310685873,-0.00873116310685873
1789134897904735,0.019788948819041252,0.019788948819041252
1789134897916735,0.012450501322746277,0.012450501322746277
1789134897926735,-0.004023483954370022,-0.004023483954370022
1789134897936735,0.019843479618430138,0.019843479618430138
1789134897948735,0.06997999548912048,0.06997999548912048
1789134897950735,0.04761194810271263,0.04761194810271263
1789134897966735,0.005689891520887613,0.005689891520887613
1789134897972735,-0.000863559078425169,-0.000863559078425169
1789134897986735,-0.009326172061264515,-0.009326172061264515
1789134897996735,-0.005317479372024536,-0.005317479372024536
1789134898008735,-0.08600403368473053,-0.08600403368473053
1789134898016735,-0.08832036703824997,-0.08832036703824997
1789134898026735,-0.12921558320522308,-0.12921558320522308
1789134898036735,-0.12790144979953766,-0.12790144979953766
1789134898046735,-0.12449482083320618,-0.12449482083320618
1789134898056735,-0.09155377745628357,-0.09155377745628357
1789134898068735,-0.04732535779476166,-0.04732535779476166
1789134898070735,-0.048475705087184906,-0.048475705087184906
1789134898086735,-0.0006003256421536207,-0.0006003256421536207
1789134898096735,-0.0029920749366283417,-0.0029920749366283417
1789134898104735,-0.0016260123811662197,-0.0016260123811662197
1789134898116735,-0.01593557558953762,-0.01593557558953762
1789134898128735,0.0012185913510620594,0.0012185913510620594
1789134898136735,-0.008790230378508568,-0.008790230378508568
1789134898144735,0.031679436564445496,0.031679436564445496
1789134898156735,0.024394430220127106,0.024394430220127106
1789134898166735,0.00808018445968628,0.00808018445968628
1789134898176735,0.03174544870853424,0.03174544870853424
1789134898188735,0.03183947503566742,0.03183947503566742
1789134898190735,-0.008126153610646725,-0.008126153610646725
1789134898202735,-0.04104621708393097,-0.04104621708393097
1789134898216735,-0.042182181030511856,-0.042182181030511856
1789134898226735,-0.04840966314077377,-0.04840966314077377
1789134898236735,-0.06451199948787689,-0.06451199948787689
1789134898248735,-0.028523223474621773,-0.028523223474621773
1789134898256735,-0.032207220792770386,-0.032207220792770386
1789134898266735,-0.011484991759061813,-0.011484991759061813
1789134898276735,-0.014743106439709663,-0.014743106439709663
1789134898286735,-0.023552305996418,-0.023552305996418
1789134898296735,-0.011485630646348,-0.011485630646348
1789134898308735,-0.018132027238607407,-0.018132027238607407
1789134898318735,-0.05505629628896713,-0.05505629628896713
1789134898326735,-0.05820095166563988,-0.05820095166563988
1789134898334735,-0.058624450117349625,-0.058624450117349625
1789134898344735,-0.05824362114071846,-0.05824362114071846
1789134898356735,-0.0582706481218338,-0.0582706481218338
1789134898368735,0.02286222018301487,0.02286222018301487
1789134898376735,0.007767991628497839,0.007767991628497839
1789134898386735,0.00365133723244071,0.00365133723244071
1789134898396735,-0.00044209323823451996,-0.00044209323823451996
1789134898404735,0.033857956528663635,0.033857956528663635
1789134898416735,0.026781054213643074,0.026781054213643074
1789134898428735,-0.03567108139395714,-0.03567108139395714
1789134898430735,-0.047619469463825226,-0.047619469463825226
1789134898446735,-0.02261204645037651,-0.02261204645037651
1789134898456735,-0.024771369993686676,-0.024771369993686676
1789134898466735,-0.03138855844736099,-0.03138855844736099
1789134898476735,-0.022660980001091957,-0.022660980001091957
1789134898488735,-0.04597993567585945,-0.04597993567585945
1789134898498735,-0.03459140658378601,-0.03459140658378601
1789134898506735,-0.03738485276699066,-0.03738485276699066
1789134898516735,-0.04184260964393616,-0.04184260964393616
1789134898526735,-0.0538782961666584,-0.0538782961666584
1789134898536735,0.01847858913242817,0.01847858913242817
1789134898546735,0.015619628131389618,0.015619628131389618
1789134898558735,-0.021931950002908707,-0.021931950002908707
1789134898564735,-0.03173166513442993,-0.03173166513442993
1789134898576735,-0.03338649123907089,-0.03338649123907089
1789134898586735,-0.04300123453140259,-0.04300123453140259
1789134898596735,-0.03177923709154129,-0.03177923709154129
1789134898606735,0.04314389079809189,0.04314389079809189
1789134898618735,0.05938675254583359,0.05938675254583359
1789134898626735,0.049092017114162445,0.049092017114162445
1789134898632735,0.0810467079281807,0.0810467079281807
1789134898646735,0.04886706918478012,0.04886706918478012
1789134898656735,0.06155170127749443,0.06155170127749443
1789134898668735,0.04598139971494675,0.04598139971494675
1789134898678735,0.006430659908801317,0.006430659908801317
1789134898686903,-0.009782180190086365,-0.009782180190086365
1789134898696903,-0.012877296656370163,-0.012877296656370163
1789134898706903,-0.031290825456380844,-0.031290825456380844
1789134898716903,-0.00978557113558054,-0.00978557113558054
1789134898728903,0.02332090400159359,0.02332090400159359
1789134898730903,-0.02016443759202957,-0.02016443759202957
1789134898744903,-0.05994630977511406,-0.05994630977511406
1789134898756903,-0.06411062926054001,-0.06411062926054001
1789134898764903,0.041172269731760025,0.041172269731760025
1789134898776903,0.020726574584841728,0.020726574584841728
1789134898788903,0.05745493620634079,0.05745493620634079
1789134898790903,0.02927795797586441,0.02927795797586441
1789134898806903,0.056007955223321915,0.056007955223321915
1789134898816903,0.0515565350651741,0.0515565350651741
1789134898826903,0.033787235617637634,0.033787235617637634
1789134898836903,0.05603962764143944,0.05603962764143944
1789134898848903,-0.04285196587443352,-0.04285196587443352
1789134898856903,-0.07721976935863495,-0.07721976935863495
1789134898862903,-0.09917183965444565,-0.09917183965444565
1789134898876903,-0.09990769624710083,-0.09990769624710083
1789134898886903,-0.10222353041172028,-0.10222353041172028
1789134898896903,-0.014482274651527405,-0.014482274651527405
1789134898908903,0.005184062756597996,0.005184062756597996
1789134898910903,-0.0011585396714508533,-0.0011585396714508533
1789134898926903,0.03676047921180725,0.03676047921180725
1789134898936903,0.03378640487790108,0.03378640487790108
1789134898944903,0.036772217601537704,0.036772217601537704
1789134898956903,0.03679274022579193,0.03679274022579193
1789134898968903,-0.11579642444849014,-0.11579642444849014
1789134898976903,-0.12751609086990356,-0.12751609086990356
1789134898986903,-0.12099109590053558,-0.12099109590053558
1789134898994903,-0.11594740301370621,-0.11594740301370621
1789134899006903,-0.11442813277244568,-0.11442813277244568
1789134899016903,-0.12116438150405884,-0.12116438150405884
1789134899028903,-0.07276958972215652,-0.07276958972215652
1789134899030903,-0.06828499585390091,-0.06828499585390091
1789134899046903,-0.03813199698925018,-0.03813199698925018
1789134899054903,-0.0472056046128273,-0.0472056046128273
1789134899064903,0.05812586471438408,0.05812586471438408
1789134899076903,0.03396833315491676,0.03396833315491676
1789134899086903,-0.0635259598493576,-0.0635259598493576
1789134899092903,-0.06733827292919159,-0.06733827292919159
1789134899106903,-0.04414591193199158,-0.04414591193199158
1789134899116903,-0.050784703344106674,-0.050784703344106674
1789134899126903,-0.06535475701093674,-0.06535475701093674
1789134899136903,-0.044166870415210724,-0.044166870415210724
1789134899146903,0.1848079264163971,0.1848079264163971
1789134899158903,0.12652748823165894,0.12652748823165894
1789134899166903,0.09340916574001312,0.09340916574001312
1789134899176903,0.0859459713101387,0.0859459713101387
1789134899186903,0.0501517727971077,0.0501517727971077
1789134899196903,0.03755082190036774,0.03755082190036774
1789134899208903,0.07541797310113907,0.07541797310113907
1789134899216903,0.053173914551734924,0.053173914551734924
1789134899224903,0.07236358523368835,0.07236358523368835
1789134899236903,0.06009181588888168,0.06009181588888168
1789134899246903,0.03752777352929115,0.03752777352929115
1789134899256903,0.07244076579809189,0.07244076579809189
1789134899268903,0.09609003365039825,0.09609003365039825
1789134899278903,0.04590759426355362,0.04590759426355362
1789134899286903,0.026751505210995674,0.026751505210995674
1789134899292903,0.07218652218580246,0.07218652218580246
1789134899306903,0.037769801914691925,0.037769801914691925
1789134899316903,0.062150780111551285,0.062150780111551285
1789134899328903,0.08340296149253845,0.08340296149253845
1789134899338903,0.02522442117333412,0.02522442117333412
1789134899344903,0.01671510934829712,0.01671510934829712
1789134899356903,0.009706882759928703,0.009706882759928703
1789134899366903,0.006823934614658356,0.006823934614658356
1789134899376903,0.016734905540943146,0.016734905540943146
1789134899386903,0.061180613934993744,0.061180613934993744
1789134899396903,0.05274951085448265,0.05274951085448265
1789134899406903,0.04197769612073898,0.04197769612073898
1789134899416903,0.038560591638088226,0.038560591638088226
1789134899424903,0.06506948918104172,0.06506948918104172
1789134899436903,0.04299810156226158,0.04299810156226158
1789134899448903,-0.021009931340813637,-0.021009931340813637
1789134899458903,-0.012408715672791004,-0.012408715672791004
1789134899466903,-0.014811225235462189,-0.014811225235462189
1789134899476903,-0.016709893941879272,-0.016709893941879272
1789134899486903,-0.019922098144888878,-0.019922098144888878
1789134899496903,-0.014844010584056377,-0.014844010584056377
1789134899508903,0.01950189471244812,0.01950189471244812
1789134899510903,0.005939127877354622,0.005939127877354622
1789134899522903,0.04411521181464195,0.04411521181464195
1789134899536903,0.040603362023830414,0.040603362023830414
1789134899544903,0.044162798672914505,0.044162798672914505
1789134899556903,-0.00596873601898551,-0.00596873601898551
1789134899568903,-0.06500409543514252,-0.06500409543514252
1789134899576903,-0.06734253466129303,-0.06734253466129303
1789134899586903,-0.05634003132581711,-0.05634003132581711
1789134899596903,-0.055827341973781586,-0.055827341973781586
1789134899606903,-0.055800553411245346,-0.055800553411245346
1789134899616903,-0.05642400309443474,-0.05642400309443474
1789134899628903,-0.013978546485304832,-0.013978546485304832
1789134899636903,-0.017181068658828735,-0.017181068658828735
1789134899646903,0.01592336781322956,0.01592336781322956
1789134899654903,0.01007436215877533,0.01007436215877533
1789134899666903,0.0029588877223432064,0.0029588877223432064
1789134899676903,0.01598283089697361,0.01598283089697361
1789134899688903,0.07002502679824829,0.07002502679824829
1789134899697072,0.02126120775938034,0.02126120775938034
1789134899707072,0.03104962594807148,0.03104962594807148
1789134899717072,0.025909237563610077,0.025909237563610077
1789134899725072,-0.015729770064353943,-0.015729770064353943
1789134899737072,-0.02284630388021469,-0.02284630388021469
1789134899749072,0.03115740790963173,0.03115740790963173
1789134899753072,0.024177931249141693,0.024177931249141693
1789134899767072,0.05011439323425293,0.05011439323425293
1789134899777072,0.04631894454360008,0.04631894454360008
1789134899787072,0.028369948267936707,0.028369948267936707
1789134899797072,0.05017629638314247,0.05017629638314247
1789134899809072,0.04977555572986603,0.04977555572986603
1789134899817072,0.010059480555355549,0.010059480555355549
1789134899827072,-0.02040627785027027,-0.02040627785027027
1789134899837072,-0.024151504039764404,-0.024151504039764404
1789134899847072,-0.031857941299676895,-0.031857941299676895
1789134899857072,0.0749543085694313,0.0749543085694313
1789134899869072,0.09098486602306366,0.09098486602306366
1789134899871072,0.08297676593065262,0.08297676593065262
1789134899885072,0.12200099974870682,0.12200099974870682
1789134899897072,0.11727969348430634,0.11727969348430634
1789134899907072,0.09984449297189713,0.09984449297189713
1789134899917072,0.12212234735488892,0.12212234735488892
1789134899929072,0.06685319542884827,0.06685319542884827
1789134899937072,0.029631851240992546,0.029631851240992546
1789134899945072,-0.0002634972333908081,-0.0002634972333908081
1789134899957072,-0.004156561568379402,-0.004156561568379402
1789134899967072,-0.012293720617890358,-0.012293720617890358
1789134899977072,-0.0002432644832879305,-0.0002432644832879305
1789134899987072,0.06260254979133606,0.06260254979133606
1789134899999072,0.0729481428861618,0.0729481428861618
1789134900007072,0.06314527988433838,0.06314527988433838
1789134900017072,0.061567142605781555,0.061567142605781555
1789134900027072,0.05660281330347061,0.05660281330347061
1789134900037072,0.0632159635424614,0.0632159635424614
1789134900049072,-0.001391350757330656,-0.001391350757330656
1789134900059072,-0.02599124237895012,-0.02599124237895012
1789134900067072,-0.025730270892381668,-0.025730270892381668
1789134900077072,-0.023358311504125595,-0.023358311504125595
1789134900083072,-0.0458092987537384,-0.0458092987537384
1789134900097072,-0.04360312223434448,-0.04360312223434448
1789134900109072,0.01614447683095932,0.01614447683095932
1789134900111072,0.018068894743919373,0.018068894743919373
1789134900127072,0.05777115374803543,0.05777115374803543
1789134900137072,0.05541183054447174,0.05541183054447174
1789134900145072,0.05782480165362358,0.05782480165362358
1789134900157072,0.057855408638715744,0.057855408638715744
1789134900167072,0.014465441927313805,0.014465441927313805
1789134900177072,0.01184998732060194,0.01184998732060194
1789134900183072,-0.01348926778882742,-0.01348926778882742
1789134900197072,-0.01364157721400261,-0.01364157721400261
1789134900207072,-0.013111753389239311,-0.013111753389239311
1789134900217072,0.025963718071579933,0.025963718071579933
1789134900229072,0.037880003452301025,0.037880003452301025
1789134900231072,0.035903654992580414,0.035903654992580414
1789134900247072,0.049065008759498596,0.049065008759498596
1789134900257072,0.04858381301164627,0.04858381301164627
1789134900267072,0.06376700848340988,0.06376700848340988
1789134900277072,0.06991018354892731,0.06991018354892731
1789134900289072,-0.16041336953639984,-0.16041336953639984
1789134900297072,-0.12558315694332123,-0.12558315694332123
1789134900307072,-0.11039666086435318,-0.11039666086435318
1789134900315072,-0.1023203581571579,-0.1023203581571579
1789134900327072,-0.08669288456439972,-0.08669288456439972
1789134900337072,-0.11054616421461105,-0.11054616421461105
1789134900349072,-0.07017552852630615,-0.07017552852630615
1789134900351072,-0.05037243291735649,-0.05037243291735649
1789134900367072,-0.00801892951130867,-0.00801892951130867
1789134900377072,-0.007261813618242741,-0.007261813618242741
1789134900385072,0.023400379344820976,0.023400379344820976
1789134900397072,0.02312726341187954,0.02312726341187954
1789134900409072,0.0037170536816120148,0.0037170536816120148
1789134900413072,0.005553280934691429,0.005553280934691429
1789134900427072,0.0270007885992527,0.0270007885992527
1789134900437072,0.027732020244002342,0.027732020244002342
1789134900447072,0.029384037479758263,0.029384037479758263
1789134900457072,0.027027113363146782,0.027027113363146782
1789134900469072,-0.04535433650016785,-0.04535433650016785
1789134900471072,-0.03613360598683357,-0.03613360598683357
1789134900487072,-0.031547725200653076,-0.031547725200653076
1789134900497072,-0.0311961118131876,-0.0311961118131876
1789134900507072,-0.031455148011446,-0.031455148011446
1789134900517072,0.0024547576904296875,0.0024547576904296875
1789134900529072,0.013606748543679714,0.013606748543679714
1789134900539072,-0.01096484437584877,-0.01096484437584877
1789134900545072,-0.010072779841721058,-0.010072779841721058
1789134900557072,-0.009527530521154404,-0.009527530521154404
1789134900567072,-0.008316181600093842,-0.008316181600093842
1789134900577072,-0.010072024539113045,-0.010072024539113045
1789134900589072,0.011613213457167149,0.011613213457167149
1789134900591072,0.0127358827739954,0.0127358827739954
1789134900607072,-0.012005632743239403,-0.012005632743239403
1789134900613072,-0.014107346534729004,-0.014107346534729004
1789134900627072,-0.008729806169867516,-0.008729806169867516
1789134900637072,-0.01246625930070877,-0.01246625930070877
1789134900649072,0.043610379099845886,0.043610379099845886
1789134900657072,0.04570997878909111,0.04570997878909111
1789134900667072,0.03189629316329956,0.03189629316329956
1789134900677072,0.029864724725484848,0.029864724725484848
1789134900687072,0.026114031672477722,0.026114031672477722
1789134900697243,0.02027324214577675,0.02027324214577675
1789134900709243,0.051867321133613586,0.051867321133613586
1789134900711243,0.03946791589260101,0.03946791589260101
1789134900727243,0.008926721289753914,0.008926721289753914
1789134900737243,0.00981160905212164,0.00981160905212164
1789134900745243,-0.032206352800130844,-0.032206352800130844
1789134900757243,-0.024250971153378487,-0.024250971153378487
1789134900769243,0.06803979724645615,0.06803979724645615
1789134900777243,0.07238192856311798,0.07238192856311798
1789134900787243,0.07659482210874557,0.07659482210874557
1789134900797243,0.07249951362609863,0.07249951362609863
1789134900807243,0.0657629519701004,0.0657629519701004
1789134900817243,0.07669274508953094,0.07669274508953094
1789134900829243,0.08393460512161255,0.08393460512161255
1789134900831243,0.06665992736816406,0.06665992736816406
1789134900843243,0.046119894832372665,0.046119894832372665
1789134900857243,0.04627640172839165,0.04627640172839165
1789134900865243,0.03744369000196457,0.03744369000196457
1789134900877243,0.013083730824291706,0.013083730824291706
1789134900889243,0.02273068204522133,0.02273068204522133
1789134900899243,0.020894506946206093,0.020894506946206093
1789134900907243,0.022093888372182846,0.022093888372182846
1789134900917243,0.023899702355265617,0.023899702355265617
1789134900927243,0.02801673300564289,0.02801673300564289
1789134900937243,0.022123772650957108,0.022123772650957108
1789134900949243,0.0317021980881691,0.0317021980881691
1789134900957243,0.03778542950749397,0.03778542950749397
1789134900967243,0.04066522791981697,0.04066522791981697
1789134900975243,0.04254724457859993,0.04254724457859993
1789134900987243,0.04499055817723274,0.04499055817723274
1789134900997243,0.04072766751050949,0.04072766751050949
1789134901009243,0.024697357788681984,0.024697357788681984
1789134901017243,0.03602927178144455,0.03602927178144455
1789134901027243,0.030608851462602615,0.030608851462602615
1789134901037243,0.03355932608246803,0.03355932608246803
1789134901045243,0.0151710519567132,0.0151710519567132
1789134901057243,-0.0025945536326617002,-0.0025945536326617002
1789134901069243,0.023396264761686325,0.023396264761686325
1789134901073243,0.027704818174242973,0.027704818174242973
1789134901087243,0.039174240082502365,0.039174240082502365
1789134901097243,0.04085995629429817,0.04085995629429817
1789134901107243,0.05272241309285164,0.05272241309285164
1789134901117243,0.039210423827171326,0.039210423827171326
1789134901129243,-0.0639047771692276,-0.0639047771692276
1789134901137243,-0.030733101069927216,-0.030733101069927216
1789134901145243,-0.022295238450169563,-0.022295238450169563
1789134901157243,-0.014751028269529343,-0.014751028269529343
1789134901167243,-0.011466837488114834,-0.011466837488114834
1789134901177243,-0.016782023012638092,-0.016782023012638092
1789134901189243,0.0015396273229271173,0.0015396273229271173
1789134901191243,0.006947516463696957,0.006947516463696957
1789134901205243,0.0695531889796257,0.0695531889796257
1789134901217243,0.07119668275117874,0.07119668275117874
1789134901227243,0.08216774463653564,0.08216774463653564
1789134901237243,0.06960660964250565,0.06960660964250565
1789134901249243,-0.11044208705425262,-0.11044208705425262
1789134901257243,-0.07204868644475937,-0.07204868644475937
1789134901267243,-0.06501159816980362,-0.06501159816980362
1789134901273243,-0.11245494335889816,-0.11245494335889816
1789134901287243,-0.0801563560962677,-0.0801563560962677
1789134901297243,-0.09010960906744003,-0.09010960906744003
1789134901309243,-0.08073051273822784,-0.08073051273822784
1789134901311243,-0.06097947806119919,-0.06097947806119919
1789134901327243,-0.06810197234153748,-0.06810197234153748
1789134901337243,-0.06354491412639618,-0.06354491412639618
1789134901345243,-0.06813560426235199,-0.06813560426235199
1789134901357243,-0.06816816329956055,-0.06816816329956055
1789134901369243,-0.05667182430624962,-0.05667182430624962
1789134901379243,-0.0616367906332016,-0.0616367906332016
1789134901387243,-0.05971841514110565,-0.05971841514110565
1789134901397243,-0.05163627862930298,-0.05163627862930298
1789134901405243,-0.03708658739924431,-0.03708658739924431
1789134901417243,-0.0138250682502985,-0.0138250682502985
1789134901429243,-0.09194092452526093,-0.09194092452526093
1789134901431243,-0.06601385772228241,-0.06601385772228241
1789134901447243,-0.08137109875679016,-0.08137109875679016
1789134901457243,-0.07724345475435257,-0.07724345475435257
1789134901467243,-0.05739567428827286,-0.05739567428827286
1789134901477243,-0.0814446285367012,-0.0814446285367012
1789134901489243,-0.07067850977182388,-0.07067850977182388
1789134901497243,-0.028614815324544907,-0.028614815324544907
1789134901503243,-0.053299810737371445,-0.053299810737371445
1789134901517243,-0.04708978161215782,-0.04708978161215782
1789134901527243,-0.03209349140524864,-0.03209349140524864
1789134901537243,-0.13782377541065216,-0.13782377541065216
1789134901549243,-0.0796322226524353,-0.0796322226524353
1789134901551243,-0.07525251060724258,-0.07525251060724258
1789134901567243,-0.038480617105960846,-0.038480617105960846
1789134901577243,-0.03438989818096161,-0.03438989818096161
1789134901587243,-0.016799135133624077,-0.016799135133624077
1789134901597243,-0.03854909539222717,-0.03854909539222717
1789134901609243,-0.133273646235466,-0.133273646235466
1789134901617243,-0.09132761508226395,-0.09132761508226395
1789134901627243,-0.06015657261013985,-0.06015657261013985
1789134901635243,-0.051801785826683044,-0.051801785826683044
1789134901647243,-0.04646903648972511,-0.04646903648972511
1789134901657243,-0.06024840101599693,-0.06024840101599693
1789134901669243,-0.05214981362223625,-0.05214981362223625
1789134901679243,0.0026555920485407114,0.0026555920485407114
1789134901687243,0.00353612401522696,0.00353612401522696
1789134901697243,0.003848237218335271,0.003848237218335271
1789134901705411,-0.002658417448401451,-0.002658417448401451
1789134901717411,-0.0015604051295667887,-0.0015604051295667887
1789134901729411,-0.018007919192314148,-0.018007919192314148
1789134901733411,-0.015528836287558079,-0.015528836287558079
1789134901745411,-0.022074753418564796,-0.022074753418564796
1789134901757411,-0.020983099937438965,-0.020983099937438965
1789134901767411,-0.020044781267642975,-0.020044781267642975
1789134901777411,-0.022082503885030746,-0.022082503885030746
1789134901789411,0.016437886282801628,0.016437886282801628
1789134901791411,0.014545848593115807,0.014545848593115807
1789134901807411,-0.012750145047903061,-0.012750145047903061
1789134901817411,-0.012289098463952541,-0.012289098463952541
1789134901827411,-0.00933634489774704,-0.00933634489774704
1789134901837411,-0.008426916785538197,-0.008426916785538197
1789134901849411,0.013866633176803589,0.013866633176803589
1789134901857411,0.013037223368883133,0.013037223368883133
1789134901863411,0.03213424235582352,0.03213424235582352
1789134901877411,0.03030228801071644,0.03030228801071644
1789134901887411,0.02597636915743351,0.02597636915743351
1789134901897411,0.032187800854444504,0.032187800854444504
1789134901909411,0.02210143208503723,0.02210143208503723
1789134901911411,0.012670363299548626,0.012670363299548626
1789134901927411,-0.018766114488244057,-0.018766114488244057
1789134901933411,0.006591462530195713,0.006591462530195713
1789134901945411,0.006835536099970341,0.006835536099970341
1789134901957411,0.00684081856161356,0.00684081856161356
1789134901969411,0.05635203421115875,0.05635203421115875
1789134901977411,0.0519377626478672,0.0519377626478672
1789134901987411,0.05236560106277466,0.05236560106277466
1789134901997411,0.04983910918235779,0.04983910918235779
1789134902007411,0.046696748584508896,0.046696748584508896
1789134902017411,0.052412524819374084,0.052412524819374084
1789134902029411,0.0790402963757515,0.0790402963757515
1789134902031411,0.0651475191116333,0.0651475191116333
1789134902047411,0.08584003150463104,0.08584003150463104
1789134902055411,0.08166931569576263,0.08166931569576263
1789134902065411,0.060291822999715805,0.060291822999715805
1789134902077411,0.04965882748365402,0.04965882748365402
1789134902089411,0.060134291648864746,0.060134291648864746
1789134902097411,0.05182891711592674,0.05182891711592674
1789134902107411,0.052414748817682266,0.052414748817682266
1789134902117411,0.05124610662460327,0.05124610662460327
1789134902127411,0.04862942546606064,0.04862942546606064
1789134902137411,0.052479472011327744,0.052479472011327744
1789134902149411,0.06331433355808258,0.06331433355808258
1789134902151411,0.05876058340072632,0.05876058340072632
1789134902163411,0.0581892691552639,0.0581892691552639
1789134902177411,0.05751308798789978,0.05751308798789978
1789134902187411,0.0529414638876915,0.0529414638876915
1789134902197411,0.07437837868928909,0.07437837868928909
1789134902209411,0.060079026967287064,0.060079026967287064
1789134902217411,0.05762604996562004,0.05762604996562004
1789134902227411,0.03525463864207268,0.03525463864207268
1789134902237411,0.03549060598015785,0.03549060598015785
1789134902247411,0.03610176593065262,0.03610176593065262
1789134902257411,0.03588947653770447,0.03588947653770447
1789134902267411,0.0845213457942009,0.0845213457942009
1789134902279411,0.07776801288127899,0.07776801288127899
1789134902287411,0.07574476301670074,0.07574476301670074
1789134902295411,0.075494684278965,0.075494684278965
1789134902307411,0.07551934570074081,0.07551934570074081
1789134902317411,0.07583766430616379,0.07583766430616379
1789134902329411,0.04965773597359657,0.04965773597359657
1789134902337411,0.05204249545931816,0.05204249545931816
1789134902345411,0.043642569333314896,0.043642569333314896
1789134902357411,0.04603409767150879,0.04603409767150879
1789134902363411,0.04160056635737419,0.04160056635737419
1789134902377411,0.052152302116155624,0.052152302116155624
1789134902387411,0.06813373416662216,0.06813373416662216
1789134902393411,0.06917651742696762,0.06917651742696762
1789134902407411,0.08077742159366608,0.08077742159366608
1789134902417411,0.08113783597946167,0.08113783597946167
1789134902427411,0.08360512554645538,0.08360512554645538
1789134902437411,0.0861770361661911,0.0861770361661911
1789134902449411,0.03599501773715019,0.03599501773715019
1789134902457411,0.04749729111790657,0.04749729111790657
1789134902467411,0.04820828512310982,0.04820828512310982
1789134902477411,0.05199380964040756,0.05199380964040756
1789134902487411,0.05933443084359169,0.05933443084359169
1789134902497411,0.043022073805332184,0.043022073805332184
1789134902509411,0.050142671912908554,0.050142671912908554
1789134902511411,0.054218191653490067,0.054218191653490067
1789134902525411,0.05539809539914131,0.05539809539914131
1789134902537411,0.05714767053723335,0.05714767053723335
1789134902545411,0.05545540526509285,0.05545540526509285
1789134902557411,0.05548424273729324,0.05548424273729324
1789134902569411,0.04183388128876686,0.04183388128876686
1789134902577411,0.05969006195664406,0.05969006195664406
1789134902587411,0.06994061172008514,0.06994061172008514
1789134902593411,0.04908718913793564,0.04908718913793564
1789134902607411,0.06331741064786911,0.06331741064786911
1789134902617411,0.05813378840684891,0.05813378840684891
1789134902629411,0.00020592915825545788,0.00020592915825545788
1789134902631411,0.0132471127435565,0.0132471127435565
1789134902647411,0.02899894118309021,0.02899894118309021
1789134902657411,0.03294874355196953,0.03294874355196953
1789134902667411,0.053675178438425064,0.053675178438425064
1789134902677411,0.02903374843299389,0.02903374843299389
1789134902689411,0.005112132988870144,0.005112132988870144
1789134902691411,0.04922047629952431,0.04922047629952431
1789134902707579,0.08279889076948166,0.08279889076948166
1789134902717579,0.08886487782001495,0.08886487782001495
1789134902725579,0.06922045350074768,0.06922045350074768
1789134902737579,0.08677583187818527,0.08677583187818527
1789134902749579,0.05994114279747009,0.05994114279747009
1789134902751579,0.06904196739196777,0.06904196739196777
1789134902767579,0.07509758323431015,0.07509758323431015
1789134902777579,0.07787270098924637,0.07787270098924637
1789134902787579,0.08714792132377625,0.08714792132377625
1789134902797579,0.07518196851015091,0.07518196851015091
1789134902809579,0.0006500502349808812,0.0006500502349808812
1789134902817579,0.049019306898117065,0.049019306898117065
1789134902823579,0.06818050146102905,0.06818050146102905
1789134902837579,0.07623272389173508,0.07623272389173508
1789134902847579,0.08028997480869293,0.08028997480869293
1789134902857579,0.01169824879616499,0.01169824879616499
1789134902869579,0.0388125441968441,0.0388125441968441
1789134902871579,0.04825675114989281,0.04825675114989281
1789134902887579,0.0401691235601902,0.0401691235601902
1789134902897579,0.04501055181026459,0.04501055181026459
1789134902907579,0.05631078779697418,0.05631078779697418
1789134902917579,0.04021835699677467,0.04021835699677467
1789134902929579,-0.0006878173444420099,-0.0006878173444420099
1789134902937579,0.016343293711543083,0.016343293711543083
1789134902945579,0.021118629723787308,0.021118629723787308
1789134902955579,0.0449962317943573,0.0449962317943573
1789134902967579,0.038853757083415985,0.038853757083415985
1789134902977579,0.0211531613022089,0.0211531613022089
1789134902989579,-0.06790696829557419,-0.06790696829557419
1789134902991579,0.00376635673455894,0.00376635673455894
1789134903007579,0.05399325489997864,0.05399325489997864
1789134903017579,0.05763101205229759,0.05763101205229759
1789134903025579,0.029023369774222374,0.029023369774222374
1789134903037579,0.04060400649905205,0.04060400649905205
1789134903049579,-0.0056464783847332,-0.0056464783847332
1789134903053579,0.031042927876114845,0.031042927876114845
1789134903067579,0.005261671729385853,0.005261671729385853
1789134903077579,0.017841879278421402,0.017841879278421402
1789134903087579,0.042390789836645126,0.042390789836645126
1789134903097579,0.005279127042740583,0.005279127042740583
1789134903109579,0.0355895534157753,0.0355895534157753
1789134903117579,0.10013506561517715,0.10013506561517715
1789134903127579,0.08941242843866348,0.08941242843866348
1789134903137579,0.09376069903373718,0.09376069903373718
1789134903145579,0.11947833746671677,0.11947833746671677
1789134903157579,0.06550862640142441,0.06550862640142441
1789134903169579,0.06781181693077087,0.06781181693077087
1789134903177579,0.08512096852064133,0.08512096852064133
1789134903185579,0.10438841581344604,0.10438841581344604
1789134903197579,0.11302652209997177,0.11302652209997177
1789134903207579,0.11748779565095901,0.11748779565095901
1789134903217579,0.1045227199792862,0.1045227199792862
1789134903229579,0.058337271213531494,0.058337271213531494
1789134903239579,0.08360535651445389,0.08360535651445389
1789134903247579,0.09996140003204346,0.09996140003204346
1789134903253579,0.07113254815340042,0.07113254815340042
1789134903267579,0.1007409542798996,0.1007409542798996
1789134903277579,0.08072153478860855,0.08072153478860855
1789134903289579,0.012136653997004032,0.012136653997004032
1789134903297579,0.03964254632592201,0.03964254632592201
1789134903307579,0.05616968125104904,0.05616968125104904
1789134903317579,0.06794039160013199,0.06794039160013199
1789134903327579,0.09061881899833679,0.09061881899833679
1789134903337579,0.056264281272888184,0.056264281272888184
1789134903349579,0.048994407057762146,0.048994407057762146
1789134903351579,0.08429159224033356,0.08429159224033356
1789134903367579,0.06938155740499496,0.06938155740499496
1789134903377579,0.07727652043104172,0.07727652043104172
1789134903385579,-0.012059866450726986,-0.012059866450726986
1789134903397579,0.03489406779408455,0.03489406779408455
1789134903409579,0.061985671520233154,0.061985671520233154
1789134903417579,0.10751160979270935,0.10751160979270935
1789134903427579,0.08109719306230545,0.08109719306230545
1789134903437579,0.09630586206912994,0.09630586206912994
1789134903447579,0.12726488709449768,0.12726488709449768
1789134903457579,0.08118779957294464,0.08118779957294464
1789134903469579,-0.0986606627702713,-0.0986606627702713
1789134903471579,0.000838828447740525,0.000838828447740525
1789134903483579,-0.011751769110560417,-0.011751769110560417
1789134903497579,-0.0021745930425822735,-0.0021745930425822735
1789134903507579,0.04317034035921097,0.04317034035921097
1789134903517579,-0.036931492388248444,-0.036931492388248444
1789134903529579,-0.024402054026722908,-0.024402054026722908
1789134903537579,0.014031839556992054,0.014031839556992054
1789134903545579,0.03643308952450752,0.03643308952450752
1789134903557579,0.05519989877939224,0.05519989877939224
1789134903567579,0.09343763440847397,0.09343763440847397
1789134903577579,0.036472395062446594,0.036472395062446594
1789134903589579,-0.03870655596256256,-0.03870655596256256
1789134903597579,-0.009598322212696075,-0.009598322212696075
1789134903607579,-0.04961078241467476,-0.04961078241467476
1789134903615579,-0.025292901322245598,-0.025292901322245598
1789134903627579,0.021444404497742653,0.021444404497742653
1789134903637579,-0.04966520145535469,-0.04966520145535469
1789134903649579,-0.20950834453105927,-0.20950834453105927
1789134903657579,-0.07150265574455261,-0.07150265574455261
1789134903667579,-0.040079910308122635,-0.040079910308122635
1789134903677579,-0.020047860220074654,-0.020047860220074654
1789134903685579,-0.07558197528123856,-0.07558197528123856
1789134903697579,-0.04527677968144417,-0.04527677968144417
1789134903709579,-0.10694033652544022,-0.10694033652544022
1789134903711748,-0.042389240115880966,-0.042389240115880966
1789134903727748,-0.04424172639846802,-0.04424172639846802
1789134903737748,-0.03237009420990944,-0.03237009420990944
1789134903745748,-0.04430234804749489,-0.04430234804749489
1789134903757748,-0.04432443529367447,-0.04432443529367447
1789134903769748,-0.4601573646068573,-0.4601573646068573
1789134903777748,-0.25758376717567444,-0.25758376717567444
1789134903787748,-0.2327243685722351,-0.2327243685722351
1789134903797748,-0.2010887861251831,-0.2010887861251831
1789134903807748,-0.1390824019908905,-0.1390824019908905
1789134903817748,-0.22061343491077423,-0.22061343491077423
1789134903829748,-0.16369546949863434,-0.16369546949863434
1789134903831748,-0.1360146701335907,-0.1360146701335907
1789134903845748,-0.11333286017179489,-0.11333286017179489
1789134903857748,-0.10128629952669144,-0.10128629952669144
1789134903865748,-0.17439760267734528,-0.17439760267734528
1789134903877748,-0.10090707987546921,-0.10090707987546921
1789134903889748,-0.09791255742311478,-0.09791255742311478
1789134903897748,-0.03646089509129524,-0.03646089509129524
1789134903907748,-0.0469663143157959,-0.0469663143157959
1789134903913748,-0.09007558971643448,-0.09007558971643448
1789134903927748,-0.03612713888287544,-0.03612713888287544
1789134903937748,-0.053815972059965134,-0.053815972059965134
1789134903949748,-0.17539504170417786,-0.17539504170417786
1789134903951748,-0.13620565831661224,-0.13620565831661224
1789134903967748,-0.07420064508914948,-0.07420064508914948
1789134903977748,-0.06759730726480484,-0.06759730726480484
1789134903987748,-0.03729957342147827,-0.03729957342147827
1789134903997748,-0.07425805181264877,-0.07425805181264877
1789134904009748,-0.10764390230178833,-0.10764390230178833
1789134904011748,-0.033806610852479935,-0.033806610852479935
1789134904027748,-0.04668085277080536,-0.04668085277080536
1789134904037748,-0.03370380774140358,-0.03370380774140358
1789134904045748,-0.07941669970750809,-0.07941669970750809
1789134904057748,-0.13893018662929535,-0.13893018662929535
1789134904069748,-0.10116934776306152,-0.10116934776306152
1789134904071748,-0.08537500351667404,-0.08537500351667404
1789134904087748,-0.04142722114920616,-0.04142722114920616
1789134904097748,-0.03616452217102051,-0.03616452217102051
1789134904107748,-0.0112309530377388,-0.0112309530377388
1789134904117748,-0.041480112820863724,-0.041480112820863724
1789134904129748,-0.13414549827575684,-0.13414549827575684
1789134904137748,-0.0701671689748764,-0.0701671689748764
1789134904143748,-0.02980542741715908,-0.02980542741715908
1789134904157748,-0.023191623389720917,-0.023191623389720917
1789134904167748,-0.00971301645040512,-0.00971301645040512
1789134904177748,-0.04680226370692253,-0.04680226370692253
1789134904189748,-0.014625970274209976,-0.014625970274209976
1789134904197748,-0.007448180112987757,-0.007448180112987757
1789134904207748,-0.011673187837004662,-0.011673187837004662
1789134904217748,-0.0079608503729105,-0.0079608503729105
1789134904227748,0.01046697050333023,0.01046697050333023
1789134904237748,-0.011699131689965725,-0.011699131689965725
1789134904249748,-0.06698937714099884,-0.06698937714099884
1789134904257748,-0.022870352491736412,-0.022870352491736412
1789134904267748,-0.018402667716145515,-0.018402667716145515
1789134904275748,-0.00174911308567971,-0.00174911308567971
1789134904287748,0.004793780855834484,0.004793780855834484
1789134904297748,-0.018424449488520622,-0.018424449488520622
1789134904309748,-0.08760049194097519,-0.08760049194097519
1789134904311748,-0.042013540863990784,-0.042013540863990784
1789134904327748,-0.004822744056582451,-0.004822744056582451
1789134904337748,-0.0021613212302327156,-0.0021613212302327156
1789134904345748,-0.061354633420705795,-0.061354633420705795
1789134904357748,-0.04134373739361763,-0.04134373739361763
1789134904367748,-0.0683361142873764,-0.0683361142873764
1789134904379748,-0.08369354903697968,-0.08369354903697968
1789134904387748,-0.08067792654037476,-0.08067792654037476
1789134904397748,-0.07127130031585693,-0.07127130031585693
1789134904407748,-0.053474653512239456,-0.053474653512239456
1789134904417748,-0.0807589516043663,-0.0807589516043663
1789134904427748,-0.026600096374750137,-0.026600096374750137
1789134904437748,-0.01656320132315159,-0.01656320132315159
1789134904447748,0.007992327213287354,0.007992327213287354
1789134904457748,0.010450169444084167,0.010450169444084167
1789134904467748,0.022403698414564133,0.022403698414564133
1789134904477748,-0.0677294135093689,-0.0677294135093689
1789134904489748,-0.082673080265522,-0.082673080265522
1789134904497748,-0.06551732867956161,-0.06551732867956161
1789134904505748,-0.03993220254778862,-0.03993220254778862
1789134904517748,-0.03189544379711151,-0.03189544379711151
1789134904527748,-0.016784826293587685,-0.016784826293587685
1789134904537748,-0.039982713758945465,-0.039982713758945465
1789134904549748,-0.10020358860492706,-0.10020358860492706
1789134904551748,-0.07769724726676941,-0.07769724726676941
1789134904567748,-0.05778723582625389,-0.05778723582625389
1789134904577748,-0.05409747734665871,-0.05409747734665871
1789134904587748,-0.036720287054777145,-0.036720287054777145
1789134904597748,-0.057847827672958374,-0.057847827672958374
1789134904609748,-0.008414323441684246,-0.008414323441684246
1789134904617748,0.008069835603237152,0.008069835603237152
1789134904627748,0.028270989656448364,0.028270989656448364
1789134904637748,0.03184192255139351,0.03184192255139351
1789134904647748,0.03934616595506668,0.03934616595506668
1789134904657748,0.02828899398446083,0.02828899398446083
1789134904669748,-0.07695450633764267,-0.07695450633764267
1789134904671748,-0.04726836085319519,-0.04726836085319519
1789134904687748,-0.050938930362463,-0.050938930362463
1789134904697748,-0.046688877046108246,-0.046688877046108246
1789134904705748,-0.08496861159801483,-0.08496861159801483
1789134904717915,-0.06150032579898834,-0.06150032579898834
1789134904729915,-0.049038246273994446,-0.049038246273994446
1789134904737915,-0.0269775427877903,-0.0269775427877903
1789134904745915,-0.05587548762559891,-0.05587548762559891
1789134904757915,-0.0476146899163723,-0.0476146899163723
1789134904767915,-0.02964801900088787,-0.02964801900088787
1789134904777915,-0.05597257986664772,-0.05597257986664772
1789134904789915,-0.1122560203075409,-0.1122560203075409
1789134904791915,-0.060716412961483,-0.060716412961483
1789134904803915,-0.05711720883846283,-0.05711720883846283
1789134904817915,-0.05436147749423981,-0.05436147749423981
1789134904827915,-0.03252116218209267,-0.03252116218209267
1789134904837915,-0.07856051623821259,-0.07856051623821259
1789134904849915,-0.05608639493584633,-0.05608639493584633
1789134904857915,-0.04092086851596832,-0.04092086851596832
1789134904863915,-0.01270382758229971,-0.01270382758229971
1789134904877915,-0.007316748611629009,-0.007316748611629009
1789134904887915,0.003607552032917738,0.003607552032917738
1789134904897915,-0.012728728353977203,-0.012728728353977203
1789134904909915,-0.0725904256105423,-0.0725904256105423
1789134904917915,-0.06300538778305054,-0.06300538778305054
1789134904927915,-0.06674845516681671,-0.06674845516681671
1789134904935915,-0.05887152999639511,-0.05887152999639511
1789134904945915,-0.06679642200469971,-0.06679642200469971
1789134904957915,-0.06682848185300827,-0.06682848185300827
1789134904969915,-0.11728271842002869,-0.11728271842002869
1789134904977915,-0.07533387839794159,-0.07533387839794159
1789134904987915,-0.04278405010700226,-0.04278405010700226
1789134904997915,-0.03750058636069298,-0.03750058636069298
1789134905005915,-0.03162132948637009,-0.03162132948637009
1789134905017915,-0.024191027507185936,-0.024191027507185936
1789134905029915,-0.08948206901550293,-0.08948206901550293
1789134905033915,-0.07128220796585083,-0.07128220796585083
1789134905047915,-0.10273361951112747,-0.10273361951112747
1789134905055915,-0.09425320476293564,-0.09425320476293564
1789134905067915,-0.08119630813598633,-0.08119630813598633
1789134905077915,-0.10282009094953537,-0.10282009094953537
1789134905089915,-0.04487890750169754,-0.04487890750169754
1789134905097915,-0.016263402998447418,-0.016263402998447418
1789134905107915,-0.008825723081827164,-0.008825723081827164
1789134905117915,-0.005475510843098164,-0.005475510843098164
1789134905127915,0.004299788735806942,0.004299788735806942
1789134905137915,-0.07630345970392227,-0.07630345970392227
1789134905147915,-0.045888639986515045,-0.045888639986515045
1789134905157915,-0.04149164259433746,-0.04149164259433746
1789134905165915,0.008826231583952904,0.008826231583952904
1789134905177915,0.009022527374327183,0.009022527374327183
1789134905187915,0.011246572248637676,0.011246572248637676
1789134905197915,0.01771567016839981,0.01771567016839981
1789134905207915,-0.09829631447792053,-0.09829631447792053
1789134905219915,-0.0786132961511612,-0.0786132961511612
1789134905227915,-0.07306166738271713,-0.07306166738271713
1789134905231915,-0.08082704991102219,-0.08082704991102219
1789134905247915,-0.07220570743083954,-0.07220570743083954
1789134905257915,-0.07736701518297195,-0.07736701518297195
1789134905269915,-0.02172325924038887,-0.02172325924038887
1789134905271915,-0.01535130850970745,-0.01535130850970745
1789134905287915,0.017820412293076515,0.017820412293076515
1789134905297915,0.016654551029205322,0.016654551029205322
1789134905307915,0.010623876005411148,0.010623876005411148
1789134905317915,0.008638019673526287,0.008638019673526287
1789134905327915,0.01351418998092413,0.01351418998092413
1789134905339915,-0.001201118342578411,-0.001201118342578411
1789134905345915,-0.001323087140917778,-0.001323087140917778
1789134905357915,-0.0016176237259060144,-0.0016176237259060144
1789134905365915,0.028666116297245026,0.028666116297245026
1789134905377915,0.020088130608201027,0.020088130608201027
1789134905387915,0.03287874162197113,0.03287874162197113
1789134905397915,0.03105159103870392,0.03105159103870392
1789134905407915,0.04343288764357567,0.04343288764357567
1789134905417915,0.042270682752132416,0.042270682752132416
1789134905427915,0.03734426945447922,0.03734426945447922
1789134905437915,0.02735494077205658,0.02735494077205658
1789134905447915,0.02865530177950859,0.02865530177950859
1789134905457915,0.024452222511172295,0.024452222511172295
1789134905463915,0.0175620187073946,0.0175620187073946
1789134905477915,0.016094695776700974,0.016094695776700974
1789134905487915,0.013582702726125717,0.013582702726125717
1789134905497915,-0.00105997733771801,-0.00105997733771801
1789134905509915,0.0005386746488511562,0.0005386746488511562
1789134905517915,0.001400636276230216,0.001400636276230216
1789134905527915,0.018010832369327545,0.018010832369327545
1789134905537915,0.01764828898012638,0.01764828898012638
1789134905545915,0.01802767813205719,0.01802767813205719
1789134905557915,0.018038248643279076,0.018038248643279076
1789134905569915,-0.02068389020860195,-0.02068389020860195
1789134905577915,-0.020734935998916626,-0.020734935998916626
1789134905587915,0.0005801955703645945,0.0005801955703645945
1789134905595915,0.00311587518081069,0.00311587518081069
1789134905607915,0.006325957365334034,0.006325957365334034
1789134905617915,0.0005692164413630962,0.0005692164413630962
1789134905629915,-0.004230527672916651,-0.004230527672916651
1789134905637915,0.007703688926994801,0.007703688926994801
1789134905647915,0.02012696862220764,0.02012696862220764
1789134905657915,0.019821416586637497,0.019821416586637497
1789134905663915,0.030443331226706505,0.030443331226706505
1789134905677915,0.02734476886689663,0.02734476886689663
1789134905689915,0.008820941671729088,0.008820941671729088
1789134905699915,0.004687462467700243,0.004687462467700243
1789134905707915,0.0050198049284517765,0.0050198049284517765
1789134905718082,0.005507810041308403,0.005507810041308403
1789134905728082,0.005071423016488552,0.005071423016488552
1789134905738082,0.0050473990850150585,0.0050473990850150585
1789134905750082,0.02294863946735859,0.02294863946735859
1789134905752082,0.022458231076598167,0.022458231076598167
1789134905768082,0.0007629247847944498,0.0007629247847944498
1789134905778082,0.0019531215075403452,0.0019531215075403452
1789134905788082,0.010420662350952625,0.010420662350952625
1789134905798082,-0.03996920958161354,-0.03996920958161354
1789134905810082,0.0003247631248086691,0.0003247631248086691
1789134905818082,0.006293918937444687,0.006293918937444687
1789134905826082,0.027843445539474487,0.027843445539474487
1789134905838082,0.02908625826239586,0.02908625826239586
1789134905848082,0.031076764687895775,0.031076764687895775
1789134905858082,0.027874134480953217,0.027874134480953217
1789134905870082,-0.10026809573173523,-0.10026809573173523
1789134905872082,-0.0789317637681961,-0.0789317637681961
1789134905888082,-0.11295551806688309,-0.11295551806688309
1789134905894082,-0.151494100689888,-0.151494100689888
1789134905908082,-0.11847829073667526,-0.11847829073667526
1789134905918082,-0.14039143919944763,-0.14039143919944763
1789134905930082,-0.18129093945026398,-0.18129093945026398
1789134905938082,-0.15424729883670807,-0.15424729883670807
1789134905946082,-0.13897652924060822,-0.13897652924060822
1789134905958082,-0.13247796893119812,-0.13247796893119812
1789134905968082,-0.1106867864727974,-0.1106867864727974
1789134905978082,-0.13914890587329865,-0.13914890587329865
1789134905990082,-0.13304594159126282,-0.13304594159126282
1789134905992082,-0.08086144179105759,-0.08086144179105759
1789134906008082,-0.03791246563196182,-0.03791246563196182
1789134906018082,-0.037610769271850586,-0.037610769271850586
1789134906026082,-0.04506000503897667,-0.04506000503897667
1789134906038082,-0.04233882576227188,-0.04233882576227188
1789134906048082,-0.0781041756272316,-0.0781041756272316
1789134906060082,-0.09474126994609833,-0.09474126994609833
1789134906068082,-0.09278605878353119,-0.09278605878353119
1789134906078082,-0.08971484005451202,-0.08971484005451202
1789134906088082,-0.08510889112949371,-0.08510889112949371
1789134906098082,-0.0860700011253357,-0.0860700011253357
1789134906110082,-0.017037374898791313,-0.017037374898791313
1789134906118082,-0.012206119485199451,-0.012206119485199451
1789134906124082,0.023268820717930794,0.023268820717930794
1789134906138082,0.019845543429255486,0.019845543429255486
1789134906146082,0.023300811648368835,0.023300811648368835
1789134906158082,-0.016745584085583687,-0.016745584085583687
1789134906170082,-0.02145957760512829,-0.02145957760512829
1789134906178082,-0.027025990188121796,-0.027025990188121796
1789134906188082,-0.029654039070010185,-0.029654039070010185
1789134906198082,-0.03195952624082565,-0.03195952624082565
1789134906208082,-0.03482422977685928,-0.03482422977685928
1789134906218082,-0.029705621302127838,-0.029705621302127838
1789134906230082,-0.08132562041282654,-0.08132562041282654
1789134906238082,-0.08194362372159958,-0.08194362372159958
1789134906248082,-0.06338019669055939,-0.06338019669055939
1789134906256082,-0.06539075076580048,-0.06539075076580048
1789134906268082,-0.07726488262414932,-0.07726488262414932
1789134906278082,-0.06341570615768433,-0.06341570615768433
1789134906290082,0.025517059490084648,0.025517059490084648
1789134906300082,-0.01675117015838623,-0.01675117015838623
1789134906308082,-0.02128332108259201,-0.02128332108259201
1789134906318082,-0.022434178739786148,-0.022434178739786148
1789134906326082,-0.07927016913890839,-0.07927016913890839
1789134906338082,-0.08059868961572647,-0.08059868961572647
1789134906350082,-0.013571757823228836,-0.013571757823228836
1789134906352082,-0.01697564497590065,-0.01697564497590065
1789134906368082,0.0036671776324510574,0.0036671776324510574
1789134906378082,0.0014136522077023983,0.0014136522077023983
1789134906388082,-0.00982667226344347,-0.00982667226344347
1789134906398082,0.003646685741841793,0.003646685741841793
1789134906410082,-0.03715530037879944,-0.03715530037879944
1789134906418082,-0.06254489719867706,-0.06254489719867706
1789134906428082,-0.05672184377908707,-0.05672184377908707
1789134906438082,-0.058495137840509415,-0.058495137840509415
1789134906448082,-0.0626918151974678,-0.0626918151974678
1789134906458082,-0.024745743721723557,-0.024745743721723557
1789134906470082,-0.007922453805804253,-0.007922453805804253
1789134906478082,-0.01350562646985054,-0.01350562646985054
1789134906486082,0.016972031444311142,0.016972031444311142
1789134906498082,0.011237792670726776,0.011237792670726776
1789134906508082,-0.021467173472046852,-0.021467173472046852
1789134906518082,0.017055703327059746,0.017055703327059746
1789134906530082,0.17446884512901306,0.17446884512901306
1789134906538082,0.09806779772043228,0.09806779772043228
1789134906546082,0.05115820840001106,0.05115820840001106
1789134906554082,0.000625865999609232,0.000625865999609232
1789134906568082,-0.020837413147091866,-0.020837413147091866
1789134906578082,-0.013912249356508255,-0.013912249356508255
1789134906590082,0.030384263023734093,0.030384263023734093
1789134906600082,0.05448123440146446,0.05448123440146446
1789134906608082,0.03536326438188553,0.03536326438188553
1789134906618082,0.029943296685814857,0.029943296685814857
1789134906628082,-0.004014685750007629,-0.004014685750007629
1789134906638082,0.03544728830456734,0.03544728830456734
1789134906650082,0.21898584067821503,0.21898584067821503
1789134906652082,0.13468599319458008,0.13468599319458008
1789134906668082,0.08882047235965729,0.08882047235965729
1789134906678082,0.07939360290765762,0.07939360290765762
1789134906686082,0.10017142444849014,0.10017142444849014
1789134906698082,0.07111997902393341,0.07111997902393341
1789134906710082,0.11151424050331116,0.11151424050331116
1789134906718082,0.07625515758991241,0.07625515758991241
1789134906728249,0.05601006746292114,0.05601006746292114
1789134906738249,0.052160412073135376,0.052160412073135376
1789134906746249,0.05604604631662369,0.05604604631662369
1789134906758249,0.05607593432068825,0.05607593432068825
1789134906770249,0.09000256657600403,0.09000256657600403
1789134906778249,0.04304790124297142,0.04304790124297142
1789134906784249,0.07999204844236374,0.07999204844236374
1789134906798249,0.07075463235378265,0.07075463235378265
1789134906808249,0.05095230042934418,0.05095230042934418
1789134906818249,0.12782426178455353,0.12782426178455353
1789134906830249,0.04115978628396988,0.04115978628396988
1789134906832249,0.03361254930496216,0.03361254930496216
1789134906848249,0.009865332394838333,0.009865332394838333
1789134906858249,0.008439541794359684,0.008439541794359684
1789134906866249,0.027995066717267036,0.027995066717267036
1789134906878249,0.02172657661139965,0.02172657661139965
1789134906890249,0.0400843620300293,0.0400843620300293
1789134906898249,0.02845652587711811,0.02845652587711811
1789134906908249,0.051956310868263245,0.051956310868263245
1789134906916249,0.04210784286260605,0.04210784286260605
1789134906928249,0.03683996945619583,0.03683996945619583
1789134906938249,0.052025891840457916,0.052025891840457916
1789134906950249,0.030088840052485466,0.030088840052485466
1789134906960249,-0.003366295248270035,-0.003366295248270035
1789134906968249,-0.004842119757086039,-0.004842119757086039
1789134906978249,-0.004968048073351383,-0.004968048073351383
1789134906986249,-0.001402832567691803,-0.001402832567691803
1789134906998249,-0.002109487308189273,-0.002109487308189273
1789134907008249,-0.04322601482272148,-0.04322601482272148
1789134907020249,-0.048412300646305084,-0.048412300646305084
1789134907028249,-0.04752928391098976,-0.04752928391098976
1789134907038249,-0.046268709003925323,-0.046268709003925323
1789134907048249,-0.04559701681137085,-0.04559701681137085
1789134907058249,0.03998974338173866,0.03998974338173866
1789134907070249,0.039604902267456055,0.039604902267456055
1789134907078249,0.03750767186284065,0.03750767186284065
1789134907088249,0.013429169543087482,0.013429169543087482
1789134907098249,0.013023373670876026,0.013023373670876026
1789134907108249,0.01232040673494339,0.01232040673494339
1789134907116249,0.02800789475440979,0.02800789475440979
1789134907128249,-0.00531550869345665,-0.00531550869345665
1789134907138249,-0.005525078624486923,-0.005525078624486923
1789134907146249,-0.011948776431381702,-0.011948776431381702
1789134907158249,-0.011492741294205189,-0.011492741294205189
1789134907168249,-0.00885535404086113,-0.00885535404086113
1789134907178249,-0.011968412436544895,-0.011968412436544895
1789134907190249,-0.04905197396874428,-0.04905197396874428
1789134907192249,-0.03595368564128876,-0.03595368564128876
1789134907208249,-0.0041590528562664986,-0.0041590528562664986
1789134907214249,0.021596956998109818,0.021596956998109818
1789134907228249,0.019717376679182053,0.019717376679182053
1789134907238249,0.021066773682832718,0.021066773682832718
1789134907250249,-0.024317629635334015,-0.024317629635334015
1789134907258249,-0.023264296352863312,-0.023264296352863312
1789134907268249,-0.04180899262428284,-0.04180899262428284
1789134907278249,-0.03840285539627075,-0.03840285539627075
1789134907288249,-0.032240498811006546,-0.032240498811006546
1789134907298249,-0.04185814410448074,-0.04185814410448074
1789134907310249,-0.03115055337548256,-0.03115055337548256
1789134907312249,-0.013889969326555729,-0.013889969326555729
1789134907328249,0.002320538740605116,0.002320538740605116
1789134907338249,0.002066713059321046,0.002066713059321046
1789134907346249,-0.015655895695090294,-0.015655895695090294
1789134907358249,-0.016767365857958794,-0.016767365857958794
1789134907370249,-0.030921028926968575,-0.030921028926968575
1789134907378249,-0.027949023991823196,-0.027949023991823196
1789134907388249,-0.03562428057193756,-0.03562428057193756
1789134907398249,-0.032844748347997665,-0.032844748347997665
1789134907408249,-0.026786556467413902,-0.026786556467413902
1789134907418249,-0.03568027541041374,-0.03568027541041374
1789134907430249,-0.023998357355594635,-0.023998357355594635
1789134907432249,-0.010356033220887184,-0.010356033220887184
1789134907444249,0.0021617517340928316,0.0021617517340928316
1789134907458249,0.0017728661186993122,0.0017728661186993122
1789134907468249,-0.00018874253146350384,-0.00018874253146350384
1789134907478249,0.01476194802671671,0.01476194802671671
1789134907490249,0.002111716428771615,0.002111716428771615
1789134907498249,-0.0010481055360287428,-0.0010481055360287428
1789134907508249,-0.004292575176805258,-0.004292575176805258
1789134907518249,-0.005335116758942604,-0.005335116758942604
1789134907528249,-0.007306148298084736,-0.007306148298084736
1789134907538249,-0.004290682263672352,-0.004290682263672352
1789134907550249,-0.00879089068621397,-0.00879089068621397
1789134907558249,-0.010704235173761845,-0.010704235173761845
1789134907568249,-0.01657363772392273,-0.01657363772392273
1789134907576249,-0.017033524811267853,-0.017033524811267853
1789134907588249,-0.018728619441390038,-0.018728619441390038
1789134907598249,-0.016575783491134644,-0.016575783491134644
1789134907610249,0.04943003132939339,0.04943003132939339
1789134907618249,0.03865591436624527,0.03865591436624527
1789134907628249,0.03264857083559036,0.03264857083559036
1789134907638249,0.030203882604837418,0.030203882604837418
1789134907646249,0.02472330443561077,0.02472330443561077
1789134907658249,0.020550506189465523,0.020550506189465523
1789134907668249,-0.013491226360201836,-0.013491226360201836
1789134907680249,-0.0025801854208111763,-0.0025801854208111763
1789134907688249,-0.0026872744783759117,-0.0026872744783759117
1789134907698249,-0.002866110298782587,-0.002866110298782587
1789134907708249,-0.0010676837991923094,-0.0010676837991923094
1789134907718249,-0.0027013584040105343,-0.0027013584040105343
1789134907730249,-0.012151316739618778,-0.012151316739618778
1789134907738416,-0.007124800235033035,-0.007124800235033035
1789134907746416,0.000954366521909833,0.000954366521909833
1789134907758416,-0.001468695467337966,-0.001468695467337966
1789134907768416,-0.006279295310378075,-0.006279295310378075
1789134907778416,0.04396865889430046,0.04396865889430046
1789134907790416,0.029572628438472748,0.029572628438472748
1789134907792416,0.026079317554831505,0.026079317554831505
1789134907806416,-0.024049099534749985,-0.024049099534749985
1789134907818416,-0.023644447326660156,-0.023644447326660156
1789134907828416,-0.02236677147448063,-0.02236677147448063
1789134907838416,-0.024079812690615654,-0.024079812690615654
1789134907850416,-0.04225761815905571,-0.04225761815905571
1789134907858416,-0.03424178808927536,-0.03424178808927536
1789134907864416,-0.047517139464616776,-0.047517139464616776
1789134907874416,-0.03890050947666168,-0.03890050947666168
1789134907888416,-0.03510704264044762,-0.03510704264044762
1789134907898416,-0.036231230944395065,-0.036231230944395065
1789134907910416,-0.013353054411709309,-0.013353054411709309
1789134907912416,-0.01094909105449915,-0.01094909105449915
1789134907928416,-0.0015893439995124936,-0.0015893439995124936
1789134907938416,-0.001954898238182068,-0.001954898238182068
1789134907946416,-0.0015892445808276534,-0.0015892445808276534
1789134907958416,-0.001588276238180697,-0.001588276238180697
1789134907970416,-0.06616154313087463,-0.06616154313087463
1789134907972416,-0.06099371612071991,-0.06099371612071991
1789134907988416,-0.06530097872018814,-0.06530097872018814
1789134907998416,-0.062270574271678925,-0.062270574271678925
1789134908006416,-0.05073220655322075,-0.05073220655322075
1789134908018416,-0.04263383150100708,-0.04263383150100708
1789134908030416,0.03116590343415737,0.03116590343415737
1789134908032416,0.025691892951726913,0.025691892951726913
1789134908048416,-0.020401477813720703,-0.020401477813720703
1789134908056416,-0.01935490220785141,-0.01935490220785141
1789134908068416,-0.014624126255512238,-0.014624126255512238
1789134908078416,-0.02045317180454731,-0.02045317180454731
1789134908090416,-0.020630881190299988,-0.020630881190299988
1789134908098416,-0.013184899464249611,-0.013184899464249611
1789134908104416,-0.012303807772696018,-0.012303807772696018
1789134908118416,-0.013943130150437355,-0.013943130150437355
1789134908128416,-0.018800122663378716,-0.018800122663378716
1789134908138416,0.010275372304022312,0.010275372304022312
1789134908150416,-0.003729733172804117,-0.003729733172804117
1789134908158416,-0.004951714538037777,-0.004951714538037777
1789134908168416,-0.040099870413541794,-0.040099870413541794
1789134908178416,-0.04023948684334755,-0.04023948684334755
1789134908188416,-0.0383012592792511,-0.0383012592792511
1789134908198416,-0.04014371335506439,-0.04014371335506439
1789134908210416,0.015270797535777092,0.015270797535777092
1789134908218416,0.011258691549301147,0.011258691549301147
1789134908228416,0.021009931340813637,0.021009931340813637
1789134908236416,0.010566934943199158,0.010566934943199158
1789134908248416,0.003389546647667885,0.003389546647667885
1789134908258416,0.02106524631381035,0.02106524631381035
1789134908270416,0.09340929239988327,0.09340929239988327
1789134908280416,-0.005047059617936611,-0.005047059617936611
1789134908288416,-0.007357318419963121,-0.007357318419963121
1789134908298416,-0.008317491970956326,-0.008317491970956326
1789134908304416,0.04633001238107681,0.04633001238107681
1789134908318416,0.036316100507974625,0.036316100507974625
1789134908330416,0.027414502575993538,0.027414502575993538
1789134908334416,0.013814190402626991,0.013814190402626991
1789134908346416,0.04847438260912895,0.04847438260912895
1789134908358416,0.04409276694059372,0.04409276694059372
1789134908368416,0.041440460830926895,0.041440460830926895
1789134908378416,0.02739366516470909,0.02739366516470909
1789134908388416,0.013160566799342632,0.013160566799342632
1789134908392416,0.008299708366394043,0.008299708366394043
1789134908408416,0.008196599781513214,0.008196599781513214
1789134908418416,0.007850220426917076,0.007850220426917076
1789134908428416,0.0054762642830610275,0.0054762642830610275
1789134908436416,0.061399564146995544,0.061399564146995544
1789134908448416,0.025254404172301292,0.025254404172301292
1789134908460416,-0.014863166958093643,-0.014863166958093643
1789134908466416,-0.015693925321102142,-0.015693925321102142
1789134908478416,-0.015428093262016773,-0.015428093262016773
1789134908488416,-0.01531611941754818,-0.01531611941754818
1789134908498416,-0.015697404742240906,-0.015697404742240906
1789134908508416,0.03464500606060028,0.03464500606060028
1789134908520416,0.011488091200590134,0.011488091200590134
1789134908528416,0.008617549203336239,0.008617549203336239
1789134908534416,0.011000817641615868,0.011000817641615868
1789134908546416,0.01054304651916027,0.01054304651916027
1789134908558416,0.0022488210815936327,0.0022488210815936327
1789134908570416,0.03435242176055908,0.03435242176055908
1789134908580416,0.031240783631801605,0.031240783631801605
1789134908588416,0.029587043449282646,0.029587043449282646
1789134908598416,0.02944641374051571,0.02944641374051571
1789134908608416,0.030295399948954582,0.030295399948954582
1789134908618416,0.029606236144900322,0.029606236144900322
1789134908630416,-0.029772114008665085,-0.029772114008665085
1789134908640416,-0.004441124387085438,-0.004441124387085438
1789134908648416,-0.003652360290288925,-0.003652360290288925
1789134908658416,-0.0032163981813937426,-0.0032163981813937426
1789134908666416,0.011614843271672726,0.011614843271672726
1789134908678416,0.010079719126224518,0.010079719126224518
1789134908688416,-0.032424308359622955,-0.032424308359622955
1789134908700416,-0.013571866787970066,-0.013571866787970066
1789134908708416,-0.011314278468489647,-0.011314278468489647
1789134908718416,-0.008689002133905888,-0.008689002133905888
1789134908728416,-0.0033803628757596016,-0.0033803628757596016
1789134908738582,-0.011331938207149506,-0.011331938207149506
1789134908750582,-0.020853275433182716,-0.020853275433182716
1789134908760582,-0.013607186265289783,-0.013607186265289783
1789134908764582,-0.009535624645650387,-0.009535624645650387
1789134908778582,-0.009138073772192001,-0.009138073772192001
1789134908788582,-0.009759413078427315,-0.009759413078427315
1789134908798582,0.049191251397132874,0.049191251397132874
1789134908810582,0.04036582261323929,0.04036582261323929
1789134908820582,4.503922536969185e-05,4.503922536969185e-05
1789134908828582,0.00023213005624711514,0.00023213005624711514
1789134908838582,0.0014615163672715425,0.0014615163672715425
1789134908848582,0.0075327083468437195,0.0075327083468437195
1789134908858582,0.00022313836961984634,0.00022313836961984634
1789134908870582,-0.04378070682287216,-0.04378070682287216
1789134908878582,-0.037556860595941544,-0.037556860595941544
1789134908888582,-0.03018423169851303,-0.03018423169851303
1789134908896582,-0.028094511479139328,-0.028094511479139328
1789134908908582,-0.026738837361335754,-0.026738837361335754
1789134908918582,-0.03018881194293499,-0.03018881194293499
1789134908930582,-0.0024322844110429287,-0.0024322844110429287
1789134908938582,0.002629233291372657,0.002629233291372657
1789134908946582,-0.009808247908949852,-0.009808247908949852
1789134908958582,-0.00565507635474205,-0.00565507635474205
1789134908966582,-0.06230627000331879,-0.06230627000331879
1789134908978582,-0.05595653876662254,-0.05595653876662254
1789134908990582,-0.008924562484025955,-0.008924562484025955
1789134908994582,0.0008569105993956327,0.0008569105993956327
1789134909008582,0.011562604457139969,0.011562604457139969
1789134909018582,0.011512492783367634,0.011512492783367634
1789134909028582,0.013435767032206059,0.013435767032206059
1789134909038582,0.011566770263016224,0.011566770263016224
1789134909050582,-0.11585167795419693,-0.11585167795419693
1789134909056582,-0.09948872029781342,-0.09948872029781342
1789134909068582,-0.09566868096590042,-0.09566868096590042
1789134909078582,-0.08913932740688324,-0.08913932740688324
1789134909088582,-0.08617892116308212,-0.08617892116308212
1789134909098582,-0.0684388056397438,-0.0684388056397438
1789134909110582,-0.06718885898590088,-0.06718885898590088
1789134909112582,-0.06278765201568604,-0.06278765201568604
1789134909126582,-0.057940058410167694,-0.057940058410167694
1789134909138582,-0.055813856422901154,-0.055813856422901154
1789134909146582,-0.045472025871276855,-0.045472025871276855
1789134909158582,-0.058011408895254135,-0.058011408895254135
1789134909170582,-0.1178002655506134,-0.1178002655506134
1789134909178582,-0.09104808419942856,-0.09104808419942856
1789134909188582,-0.07838576287031174,-0.07838576287031174
1789134909194582,-0.10314800590276718,-0.10314800590276718
1789134909208582,-0.0896354541182518,-0.0896354541182518
1789134909218582,-0.09531545639038086,-0.09531545639038086
1789134909230582,-0.0576566644012928,-0.0576566644012928
1789134909232582,-0.04927795007824898,-0.04927795007824898
1789134909248582,-0.005196431651711464,-0.005196431651711464
1789134909258582,-0.006019613705575466,-0.006019613705575466
1789134909268582,-0.005234990268945694,-0.005234990268945694
1789134909278582,-0.005224945023655891,-0.005224945023655891
1789134909290582,-0.11392941325902939,-0.11392941325902939
1789134909292582,-0.10585065931081772,-0.10585065931081772
1789134909308582,-0.11078082770109177,-0.11078082770109177
1789134909318582,-0.10681485384702682,-0.10681485384702682
1789134909326582,-0.09738588333129883,-0.09738588333129883
1789134909338582,-0.08647286146879196,-0.08647286146879196
1789134909350582,-0.04429815709590912,-0.04429815709590912
1789134909352582,-0.04264967143535614,-0.04264967143535614
1789134909368582,-0.10090431571006775,-0.10090431571006775
1789134909378582,-0.09925471246242523,-0.09925471246242523
1789134909388582,-0.09232135862112045,-0.09232135862112045
1789134909398582,-0.10101812332868576,-0.10101812332868576
1789134909410582,-0.03589940816164017,-0.03589940816164017
1789134909418582,-0.026972470805048943,-0.026972470805048943
1789134909424582,-0.03440582752227783,-0.03440582752227783
1789134909438582,-0.03548726439476013,-0.03548726439476013
1789134909448582,-0.038519687950611115,-0.038519687950611115
1789134909456582,-0.04776482656598091,-0.04776482656598091
1789134909470582,-0.0671667754650116,-0.0671667754650116
1789134909472582,-0.06842629611492157,-0.06842629611492157
1789134909488582,-0.06949974596500397,-0.06949974596500397
1789134909498582,-0.06935149431228638,-0.06935149431228638
1789134909508582,-0.06740118563175201,-0.06740118563175201
1789134909518582,-0.06959933787584305,-0.06959933787584305
1789134909530582,-0.04850653186440468,-0.04850653186440468
1789134909538582,-0.04861048609018326,-0.04861048609018326
1789134909546582,-0.03223807364702225,-0.03223807364702225
1789134909556582,-0.041432905942201614,-0.041432905942201614
1789134909568582,-0.04880398511886597,-0.04880398511886597
1789134909578582,-0.03224978595972061,-0.03224978595972061
1789134909590582,-0.0005892361514270306,-0.0005892361514270306
1789134909598582,-0.03273478522896767,-0.03273478522896767
1789134909608582,-0.07802580296993256,-0.07802580296993256
1789134909618582,-0.07934032380580902,-0.07934032380580902
1789134909626582,-0.07286307215690613,-0.07286307215690613
1789134909638582,-0.07567021250724792,-0.07567021250724792
1789134909650582,-0.012397048994898796,-0.012397048994898796
1789134909654582,-0.025579387322068214,-0.025579387322068214
1789134909668582,0.06149734556674957,0.06149734556674957
1789134909678582,0.050810329616069794,0.050810329616069794
1789134909688582,0.0310071874409914,0.0310071874409914
1789134909698582,0.06154864281415939,0.06154864281415939
1789134909710582,-0.017332911491394043,-0.017332911491394043
1789134909712582,-0.06500738859176636,-0.06500738859176636
1789134909728582,-0.10003751516342163,-0.10003751516342163
1789134909738748,-0.10161884874105453,-0.10161884874105453
1789134909746748,-0.11234729737043381,-0.11234729737043381
1789134909758748,-0.005398716311901808,-0.005398716311901808
1789134909768748,0.04438905417919159,0.04438905417919159
1789134909778748,0.040752872824668884,0.040752872824668884
1789134909786748,0.02446364052593708,0.02446364052593708
1789134909798748,0.014921950176358223,0.014921950176358223
1789134909808748,-0.0037371553480625153,-0.0037371553480625153
1789134909818748,0.024490568786859512,0.024490568786859512
1789134909830748,0.05218042433261871,0.05218042433261871
1789134909832748,-0.003343726508319378,-0.003343726508319378
1789134909848748,-0.052614785730838776,-0.052614785730838776
1789134909854748,-0.07020127773284912,-0.07020127773284912
1789134909866748,-0.04710252583026886,-0.04710252583026886
1789134909878748,-0.055246785283088684,-0.055246785283088684
1789134909890748,0.007270891219377518,0.007270891219377518
1789134909898748,-0.003331792540848255,-0.003331792540848255
1789134909908748,0.027107078582048416,0.027107078582048416
1789134909918748,0.020079918205738068,0.020079918205738068
1789134909928748,-0.005506491754204035,-0.005506491754204035
1789134909938748,0.027153173461556435,0.027153173461556435
1789134909950748,0.06285987049341202,0.06285987049341202
1789134909952748,0.033571191132068634,0.033571191132068634
1789134909968748,-0.004471828229725361,-0.004471828229725361
1789134909978748,-0.008018072694540024,-0.008018072694540024
1789134909986748,0.026945820078253746,0.026945820078253746
1789134909998748,0.004929018672555685,0.004929018672555685
1789134910010748,-0.05654609575867653,-0.05654609575867653
1789134910018748,-0.07704650610685349,-0.07704650610685349
1789134910028748,-0.06928518414497375,-0.06928518414497375
1789134910038748,-0.07243631780147552,-0.07243631780147552
1789134910048748,-0.07857005298137665,-0.07857005298137665
1789134910056748,-0.04214520379900932,-0.04214520379900932
1789134910070748,0.00548447435721755,0.00548447435721755
1789134910072748,-0.0012043491005897522,-0.0012043491005897522
1789134910084748,0.008652867749333382,0.008652867749333382
1789134910098748,0.0031415093690156937,0.0031415093690156937
1789134910108748,-0.024936623871326447,-0.024936623871326447
1789134910118748,0.09458630532026291,0.09458630532026291
1789134910130748,0.1343279927968979,0.1343279927968979
1789134910138748,0.10795916616916656,0.10795916616916656
1789134910146748,0.09155793488025665,0.09155793488025665
1789134910158748,0.07517269253730774,0.07517269253730774
1789134910168748,0.04136107116937637,0.04136107116937637
1789134910178748,0.09170134365558624,0.09170134365558624
1789134910190748,0.1336955726146698,0.1336955726146698
1789134910198748,0.04614890739321709,0.04614890739321709
1789134910208748,0.009614331647753716,0.009614331647753716
1789134910216748,-0.0004527526907622814,-0.0004527526907622814
1789134910228748,-0.021360021084547043,-0.021360021084547043
1789134910238748,0.00965738482773304,0.00965738482773304
1789134910250748,0.17641335725784302,0.17641335725784302
1789134910258748,0.10413498431444168,0.10413498431444168
1789134910268748,0.1131281778216362,0.1131281778216362
1789134910278748,0.09677252173423767,0.09677252173423767
1789134910286748,0.04893263429403305,0.04893263429403305
1789134910298748,0.025955041870474815,0.025955041870474815
1789134910310748,0.06943242996931076,0.06943242996931076
1789134910314748,0.04436071962118149,0.04436071962118149
1789134910328748,0.03732701390981674,0.03732701390981674
1789134910338748,0.033907629549503326,0.033907629549503326
1789134910346748,0.03734586387872696,0.03734586387872696
1789134910358748,0.03736678138375282,0.03736678138375282
1789134910370748,-0.027136914432048798,-0.027136914432048798
1789134910378748,-0.05449575185775757,-0.05449575185775757
1789134910388748,-0.04442485794425011,-0.04442485794425011
1789134910398748,-0.0480814129114151,-0.0480814129114151
1789134910408748,-0.049100566655397415,-0.049100566655397415
1789134910418748,-0.0023823832161724567,-0.0023823832161724567
1789134910430748,0.011440865695476532,0.011440865695476532
1789134910432748,0.007858844473958015,0.007858844473958015
1789134910446748,0.02962089702486992,0.02962089702486992
1789134910458748,0.02713276818394661,0.02713276818394661
1789134910468748,0.01747855544090271,0.01747855544090271
1789134910478748,0.02964760735630989,0.02964760735630989
1789134910490748,-0.02931208908557892,-0.02931208908557892
1789134910498748,-0.046586137264966965,-0.046586137264966965
1789134910508748,-0.0603422075510025,-0.0603422075510025
1789134910514748,-0.04281686246395111,-0.04281686246395111
1789134910528748,-0.0460594967007637,-0.0460594967007637
1789134910538748,-0.04480965435504913,-0.04480965435504913
1789134910550748,0.04344815015792847,0.04344815015792847
1789134910552748,0.036956414580345154,0.036956414580345154
1789134910568748,0.07173618674278259,0.07173618674278259
1789134910578748,0.06822921335697174,0.06822921335697174
1789134910588748,0.07108768820762634,0.07108768820762634
1789134910598748,0.07173948734998703,0.07173948734998703
1789134910610748,-0.1516932100057602,-0.1516932100057602
1789134910612748,-0.13794808089733124,-0.13794808089733124
1789134910628748,-0.11969979852437973,-0.11969979852437973
1789134910638748,-0.11450349539518356,-0.11450349539518356
1789134910646748,-0.19154471158981323,-0.19154471158981323
1789134910658748,-0.1747526377439499,-0.1747526377439499
1789134910670748,-0.13841107487678528,-0.13841107487678528
1789134910672748,-0.12089972198009491,-0.12089972198009491
1789134910688748,-0.04113411903381348,-0.04113411903381348
1789134910698748,-0.04242734983563423,-0.04242734983563423
1789134910708748,-0.049379438161849976,-0.049379438161849976
1789134910718748,-0.04116715490818024,-0.04116715490818024
1789134910730748,-0.049403734505176544,-0.049403734505176544
1789134910738748,-0.06090591475367546,-0.06090591475367546
1789134910744916,-0.06107999384403229,-0.06107999384403229
1789134910758916,-0.061011433601379395,-0.061011433601379395
1789134910768916,-0.06168049946427345,-0.06168049946427345
1789134910778916,-0.026129519566893578,-0.026129519566893578
1789134910790916,-0.01874435693025589,-0.01874435693025589
1789134910798916,-0.02337334305047989,-0.02337334305047989
1789134910808916,-0.004405981861054897,-0.004405981861054897
1789134910818916,-0.007724208757281303,-0.007724208757281303
1789134910828916,-0.017136339098215103,-0.017136339098215103
1789134910838916,-0.004393617156893015,-0.004393617156893015
1789134910850916,0.0574965626001358,0.0574965626001358
1789134910858916,0.008085418492555618,0.008085418492555618
1789134910864916,-0.031715843826532364,-0.031715843826532364
1789134910876916,-0.03591785952448845,-0.03591785952448845
1789134910888916,-0.038378775119781494,-0.038378775119781494
1789134910898916,-0.03180188685655594,-0.03180188685655594
1789134910910916,-0.06814055889844894,-0.06814055889844894
1789134910912916,-0.07988668233156204,-0.07988668233156204
1789134910928916,-0.03982055187225342,-0.03982055187225342
1789134910938916,-0.042667366564273834,-0.042667366564273834
1789134910946916,0.016321593895554543,0.016321593895554543
1789134910958916,0.005049509461969137,0.005049509461969137
1789134910970916,-0.057599879801273346,-0.057599879801273346
1789134910974916,-0.07555518299341202,-0.07555518299341202
1789134910988916,-0.06236220523715019,-0.06236220523715019
1789134910998916,-0.0685064047574997,-0.0685064047574997
1789134911008916,-0.08277923613786697,-0.08277923613786697
1789134911018916,-0.062393538653850555,-0.062393538653850555
1789134911030916,0.10690633207559586,0.10690633207559586
1789134911038916,0.05148467421531677,0.05148467421531677
1789134911048916,-0.03737735003232956,-0.03737735003232956
1789134911056916,-0.04315004125237465,-0.04315004125237465
1789134911068916,-0.05180853605270386,-0.05180853605270386
1789134911078916,-0.024449801072478294,-0.024449801072478294
1789134911090916,-0.03405110165476799,-0.03405110165476799
1789134911098916,-0.04942156374454498,-0.04942156374454498
1789134911106916,-0.00824120081961155,-0.00824120081961155
1789134911118916,-0.018278609961271286,-0.018278609961271286
1789134911128916,-0.04085809737443924,-0.04085809737443924
1789134911138916,-0.008215593174099922,-0.008215593174099922
1789134911150916,0.012005405500531197,0.012005405500531197
1789134911158916,-0.01898888871073723,-0.01898888871073723
1789134911168916,-0.08764351904392242,-0.08764351904392242
1789134911174916,-0.06973937898874283,-0.06973937898874283
1789134911188916,-0.08475646376609802,-0.08475646376609802
1789134911198916,-0.07454012334346771,-0.07454012334346771
1789134911210916,0.05183086544275284,0.05183086544275284
1789134911218916,0.032575491815805435,0.032575491815805435
1789134911228916,0.04376288875937462,0.04376288875937462
1789134911238916,0.032147206366062164,0.032147206366062164
1789134911248916,0.01518559642136097,0.01518559642136097
1789134911258916,0.04376418516039848,0.04376418516039848
1789134911268916,-0.04235968366265297,-0.04235968366265297
1789134911272916,-0.051874011754989624,-0.051874011754989624
1789134911288916,-0.08987978845834732,-0.08987978845834732
1789134911298916,-0.09225260466337204,-0.09225260466337204
1789134911306916,-0.12186335027217865,-0.12186335027217865
1789134911318916,-0.1320493519306183,-0.1320493519306183
1789134911330916,-0.014422645792365074,-0.014422645792365074
1789134911338916,-0.0333811491727829,-0.0333811491727829
1789134911346916,-0.03918467462062836,-0.03918467462062836
1789134911358916,-0.05085724592208862,-0.05085724592208862
1789134911368916,-0.07452525943517685,-0.07452525943517685
1789134911378916,-0.039188601076602936,-0.039188601076602936
1789134911390916,0.13856054842472076,0.13856054842472076
1789134911392916,0.05865293741226196,0.05865293741226196
1789134911404916,0.02518432028591633,0.02518432028591633
1789134911418916,0.01837766543030739,0.01837766543030739
1789134911428916,-0.008589425124228,-0.008589425124228
1789134911438916,0.018604373559355736,0.018604373559355736
1789134911450916,0.04799863323569298,0.04799863323569298
1789134911458916,0.024930961430072784,0.024930961430072784
1789134911468916,0.014694089069962502,0.014694089069962502
1789134911478916,-0.00019023893401026726,-0.00019023893401026726
1789134911488916,-0.008338963612914085,-0.008338963612914085
1789134911498916,0.014738031663000584,0.014738031663000584
1789134911510916,0.20496606826782227,0.20496606826782227
1789134911520916,0.05579843744635582,0.05579843744635582
1789134911528916,0.020187119022011757,0.020187119022011757
1789134911536916,0.01431185007095337,0.01431185007095337
1789134911546916,-0.014625520445406437,-0.014625520445406437
1789134911558916,0.02020822837948799,0.02020822837948799
1789134911570916,0.16548071801662445,0.16548071801662445
1789134911580916,0.13308237493038177,0.13308237493038177
1789134911588916,0.11305589973926544,0.11305589973926544
1789134911598916,0.09207071363925934,0.09207071363925934
1789134911606916,0.12386763095855713,0.12386763095855713
1789134911618916,0.09309609234333038,0.09309609234333038
1789134911630916,0.1254063844680786,0.1254063844680786
1789134911632916,0.06595221161842346,0.06595221161842346
1789134911648916,0.0688975527882576,0.0688975527882576
1789134911658916,0.06141594797372818,0.06141594797372818
1789134911668916,0.024414965882897377,0.024414965882897377
1789134911678916,0.06897696107625961,0.06897696107625961
1789134911688916,0.0801486223936081,0.0801486223936081
1789134911698916,0.062459930777549744,0.062459930777549744
1789134911708916,0.02679893933236599,0.02679893933236599
1789134911718916,0.015207560732960701,0.015207560732960701
1789134911728916,-0.007446266245096922,-0.007446266245096922
1789134911738916,0.09931711107492447,0.09931711107492447
1789134911749082,0.10788150131702423,0.10788150131702423
1789134911761082,0.147359237074852,0.147359237074852
1789134911767082,0.117728590965271,0.117728590965271
1789134911779082,0.10926477611064911,0.10926477611064911
1789134911789082,0.0641789585351944,0.0641789585351944
1789134911799082,0.11791560053825378,0.11791560053825378
1789134911811082,0.24746400117874146,0.24746400117874146
1789134911821082,0.1137252226471901,0.1137252226471901
1789134911829082,0.09918545931577682,0.09918545931577682
1789134911835082,0.09795849770307541,0.09795849770307541
1789134911849082,0.0645199716091156,0.0645199716091156
1789134911859082,0.07369144260883331,0.07369144260883331
1789134911871082,0.10166366398334503,0.10166366398334503
1789134911879082,0.0888902097940445,0.0888902097940445
1789134911889082,0.09880702197551727,0.09880702197551727
1789134911899082,0.09326039999723434,0.09326039999723434
1789134911909082,0.07021506130695343,0.07021506130695343
1789134911919082,0.09892790019512177,0.09892790019512177
1789134911931082,0.1520577222108841,0.1520577222108841
1789134911933082,0.09955636411905289,0.09955636411905289
1789134911947082,0.06989447772502899,0.06989447772502899
1789134911959082,0.06211509928107262,0.06211509928107262
1789134911967082,0.10379468649625778,0.10379468649625778
1789134911979082,0.08104274421930313,0.08104274421930313
1789134911991082,0.07748565822839737,0.07748565822839737
1789134911993082,0.060449130833148956,0.060449130833148956
1789134912009082,0.0626131147146225,0.0626131147146225
1789134912019082,0.06088964268565178,0.06088964268565178
1789134912029082,0.051670290529727936,0.051670290529727936
1789134912039082,0.06269434839487076,0.06269434839487076
1789134912051082,0.06385544687509537,0.06385544687509537
1789134912057082,0.04504173621535301,0.04504173621535301
1789134912065082,0.030645547434687614,0.030645547434687614
1789134912079082,0.030476562678813934,0.030476562678813934
1789134912089082,0.030570928007364273,0.030570928007364273
1789134912099082,0.03639364242553711,0.03639364242553711
1789134912111082,0.04279473051428795,0.04279473051428795
1789134912113082,0.043658480048179626,0.043658480048179626
1789134912129082,0.03672005608677864,0.03672005608677864
1789134912139082,0.03708580881357193,0.03708580881357193
1789134912147082,0.036752935498952866,0.036752935498952866
1789134912159082,0.036773160099983215,0.036773160099983215
1789134912171082,-0.019660260528326035,-0.019660260528326035
1789134912179082,-0.004320106934756041,-0.004320106934756041
1789134912189082,-0.004973448812961578,-0.004973448812961578
1789134912197082,0.001697730040177703,0.001697730040177703
1789134912209082,0.006147956475615501,0.006147956475615501
1789134912219082,-0.0049699717201292515,-0.0049699717201292515
1789134912231082,0.01762327179312706,0.01762327179312706
1789134912233082,0.03868306800723076,0.03868306800723076
1789134912249082,0.014202273450791836,0.014202273450791836
1789134912259082,0.01629105769097805,0.01629105769097805
1789134912267082,0.019890043884515762,0.019890043884515762
1789134912279082,0.02594584785401821,0.02594584785401821
1789134912291082,-0.020199434831738472,-0.020199434831738472
1789134912295082,-0.007040420547127724,-0.007040420547127724
1789134912309082,-0.02853541076183319,-0.02853541076183319
1789134912319082,-0.02247351035475731,-0.02247351035475731
1789134912329082,-0.011205592192709446,-0.011205592192709446
1789134912339082,-0.02855217084288597,-0.02855217084288597
1789134912351082,-0.008695624768733978,-0.008695624768733978
1789134912353082,0.006331070326268673,0.006331070326268673
1789134912369082,-0.01060521136969328,-0.01060521136969328
1789134912379082,-0.007317240349948406,-0.007317240349948406
1789134912389082,0.008137121796607971,0.008137121796607971
1789134912397082,-0.022685209289193153,-0.022685209289193153
1789134912411082,-0.011329327709972858,-0.011329327709972858
1789134912419082,-0.0012311215978115797,-0.0012311215978115797
1789134912427082,0.03660385310649872,0.03660385310649872
1789134912439082,0.03937845677137375,0.03937845677137375
1789134912449082,0.04505198448896408,0.04505198448896408
1789134912459082,0.03664903715252876,0.03664903715252876
1789134912471082,-0.08465296775102615,-0.08465296775102615
1789134912479082,-0.05628885328769684,-0.05628885328769684
1789134912489082,-0.08585533499717712,-0.08585533499717712
1789134912495082,-0.13658341765403748,-0.13658341765403748
1789134912509082,-0.09899847209453583,-0.09899847209453583
1789134912519082,-0.08645036071538925,-0.08645036071538925
1789134912531082,-0.19370831549167633,-0.19370831549167633
1789134912541082,-0.14758870005607605,-0.14758870005607605
1789134912547082,-0.13451650738716125,-0.13451650738716125
1789134912559082,-0.12227798998355865,-0.12227798998355865
1789134912569082,-0.11640376597642899,-0.11640376597642899
1789134912579082,-0.13468866050243378,-0.13468866050243378
1789134912591082,-0.16573384404182434,-0.16573384404182434
1789134912593082,-0.09857063740491867,-0.09857063740491867
1789134912609082,-0.05820996314287186,-0.05820996314287186
1789134912619082,-0.05545129254460335,-0.05545129254460335
1789134912627082,-0.07617887109518051,-0.07617887109518051
1789134912639082,-0.05899297073483467,-0.05899297073483467
1789134912651082,-0.08924222737550735,-0.08924222737550735
1789134912659082,-0.06885147094726562,-0.06885147094726562
1789134912669082,-0.09595373272895813,-0.09595373272895813
1789134912679082,-0.08881910890340805,-0.08881910890340805
1789134912689082,-0.07212114334106445,-0.07212114334106445
1789134912699082,-0.09609830379486084,-0.09609830379486084
1789134912711082,-0.12184970080852509,-0.12184970080852509
1789134912713082,-0.07643573731184006,-0.07643573731184006
1789134912725082,-0.03774316608905792,-0.03774316608905792
1789134912739082,-0.037785738706588745,-0.037785738706588745
1789134912747247,-0.037740036845207214,-0.037740036845207214
1789134912759247,0.0009899483993649483,0.0009899483993649483
1789134912771247,-0.04761645570397377,-0.04761645570397377
1789134912779247,-0.04352574422955513,-0.04352574422955513
1789134912789247,-0.0594511553645134,-0.0594511553645134
1789134912799247,-0.05664856359362602,-0.05664856359362602
1789134912809247,-0.05172327160835266,-0.05172327160835266
1789134912819247,-0.05951418727636337,-0.05951418727636337
1789134912831247,-0.008942069485783577,-0.008942069485783577
1789134912841247,0.04673145338892937,0.04673145338892937
1789134912849247,0.03851482644677162,0.03851482644677162
1789134912857247,0.03254247456789017,0.03254247456789017
1789134912867247,0.0828280821442604,0.0828280821442604
1789134912879247,0.06496135145425797,0.06496135145425797
1789134912891247,-0.005140100140124559,-0.005140100140124559
1789134912899247,-0.018817124888300896,-0.018817124888300896
1789134912909247,-0.020432710647583008,-0.020432710647583008
1789134912919247,-0.018553752452135086,-0.018553752452135086
1789134912927247,-0.05717938393354416,-0.05717938393354416
1789134912939247,-0.05438612028956413,-0.05438612028956413
1789134912951247,-0.07696419209241867,-0.07696419209241867
1789134912953247,-0.07439275085926056,-0.07439275085926056
1789134912969247,-0.07397843897342682,-0.07397843897342682
1789134912979247,-0.07341395318508148,-0.07341395318508148
1789134912989247,-0.07335302978754044,-0.07335302978754044
1789134912999247,-0.07403911650180817,-0.07403911650180817
1789134913011247,0.0101948082447052,0.0101948082447052
1789134913019247,0.007540836464613676,0.007540836464613676
1789134913029247,0.021124908700585365,0.021124908700585365
1789134913039247,0.018825216218829155,0.018825216218829155
1789134913049247,0.01130402646958828,0.01130402646958828
1789134913059247,0.04827295243740082,0.04827295243740082
1789134913071247,0.05699053406715393,0.05699053406715393
1789134913079247,0.05129442736506462,0.05129442736506462
1789134913087247,0.0026666284538805485,0.0026666284538805485
1789134913099247,0.001261723693460226,0.001261723693460226
1789134913109247,-0.004096989519894123,-0.004096989519894123
1789134913119247,0.0026754061691462994,0.0026754061691462994
1789134913131247,0.03242849186062813,0.03242849186062813
1789134913139247,0.01984267681837082,0.01984267681837082
1789134913147247,0.0023334193974733353,0.0023334193974733353
1789134913155247,0.038133058696985245,0.038133058696985245
1789134913169247,0.026095649227499962,0.026095649227499962
1789134913179247,0.030239393934607506,0.030239393934607506
1789134913191247,0.03775445371866226,0.03775445371866226
1789134913199247,0.02818375825881958,0.02818375825881958
1789134913209247,0.0010467497631907463,0.0010467497631907463
1789134913219247,-0.0003597959876060486,-0.0003597959876060486
1789134913229247,-0.006565702613443136,-0.006565702613443136
1789134913239247,-0.00991788413375616,-0.00991788413375616
1789134913249247,0.061766669154167175,0.061766669154167175
1789134913261247,0.0640413835644722,0.0640413835644722
1789134913269247,0.06267981231212616,0.06267981231212616
1789134913279247,0.057812534272670746,0.057812534272670746
1789134913285247,0.05425681546330452,0.05425681546330452
1789134913299247,0.042998138815164566,0.042998138815164566
1789134913309247,0.0332995243370533,0.0332995243370533
1789134913319247,0.031313877552747726,0.031313877552747726
1789134913329247,0.032006945461034775,0.032006945461034775
1789134913339247,0.03143354505300522,0.03143354505300522
1789134913347247,0.03202983736991882,0.03202983736991882
1789134913359247,0.02695523388683796,0.02695523388683796
1789134913369247,0.06538280844688416,0.06538280844688416
1789134913381247,0.07421405613422394,0.07421405613422394
1789134913385247,0.0698343887925148,0.0698343887925148
1789134913399247,0.06786312162876129,0.06786312162876129
1789134913409247,0.06369519978761673,0.06369519978761673
1789134913419247,0.015465065836906433,0.015465065836906433
1789134913431247,-0.038242191076278687,-0.038242191076278687
1789134913439247,-0.03597242757678032,-0.03597242757678032
1789134913449247,-0.020930202677845955,-0.020930202677845955
1789134913459247,-0.01961483061313629,-0.01961483061313629
1789134913469247,-0.01231409888714552,-0.01231409888714552
1789134913479247,-0.020958231762051582,-0.020958231762051582
1789134913491247,-0.02135142870247364,-0.02135142870247364
1789134913499247,-0.0060223485343158245,-0.0060223485343158245
1789134913509247,0.005797210615128279,0.005797210615128279
1789134913517247,0.00642545148730278,0.00642545148730278
1789134913529247,0.005076762288808823,0.005076762288808823
1789134913539247,0.005833464674651623,0.005833464674651623
1789134913551247,0.010898921638727188,0.010898921638727188
1789134913559247,0.011616289615631104,0.011616289615631104
1789134913569247,-0.0069820694625377655,-0.0069820694625377655
1789134913579247,-0.005599771626293659,-0.005599771626293659
1789134913587247,-0.025954613462090492,-0.025954613462090492
1789134913599247,-0.021335886791348457,-0.021335886791348457
1789134913611247,-0.06631515920162201,-0.06631515920162201
1789134913615247,-0.05473688989877701,-0.05473688989877701
1789134913629247,-0.07694695889949799,-0.07694695889949799
1789134913639247,-0.07322237640619278,-0.07322237640619278
1789134913649247,-0.06790744513273239,-0.06790744513273239
1789134913659247,-0.0769929587841034,-0.0769929587841034
1789134913671247,0.017523057758808136,0.017523057758808136
1789134913679247,0.027786703780293465,0.027786703780293465
1789134913689247,0.031160913407802582,0.031160913407802582
1789134913699247,0.03139666095376015,0.03139666095376015
1789134913709247,0.03263487294316292,0.03263487294316292
1789134913719247,-0.016425583511590958,-0.016425583511590958
1789134913731247,-0.029530024155974388,-0.029530024155974388
1789134913739247,-0.02497556246817112,-0.02497556246817112
1789134913747412,-0.0017836103215813637,-0.0017836103215813637
1789134913759412,0.0009044925682246685,0.0009044925682246685
1789134913769412,0.005698817782104015,0.005698817782104015
1789134913779412,-0.0017883223481476307,-0.0017883223481476307
1789134913791412,-0.07548320293426514,-0.07548320293426514
1789134913793412,-0.05752130597829819,-0.05752130597829819
1789134913809412,-0.051515161991119385,-0.051515161991119385
1789134913815412,-0.04584953933954239,-0.04584953933954239
1789134913829412,-0.035884544253349304,-0.035884544253349304
1789134913839412,-0.04194427654147148,-0.04194427654147148
1789134913851412,0.001618846319615841,0.001618846319615841
1789134913859412,0.007320779375731945,0.007320779375731945
1789134913865412,0.02967005781829357,0.02967005781829357
1789134913879412,0.029519295319914818,0.029519295319914818
1789134913889412,0.029468771070241928,0.029468771070241928
1789134913899412,0.029713476076722145,0.029713476076722145
1789134913911412,0.010651541873812675,0.010651541873812675
1789134913913412,0.011352460831403732,0.011352460831403732
1789134913929412,-0.009302278980612755,-0.009302278980612755
1789134913939412,-0.008190719410777092,-0.008190719410777092
1789134913947412,-0.03933937847614288,-0.03933937847614288
1789134913959412,-0.03166598081588745,-0.03166598081588745
1789134913971412,-0.009114057756960392,-0.009114057756960392
1789134913979412,-0.0018501980230212212,-0.0018501980230212212
1789134913989412,-0.010560802184045315,-0.010560802184045315
1789134913999412,-0.011077274568378925,-0.011077274568378925
1789134914009412,-0.011966087855398655,-0.011966087855398655
1789134914019412,-0.010550811886787415,-0.010550811886787415
1789134914031412,0.0139370858669281,0.0139370858669281
1789134914033412,0.012950770556926727,0.012950770556926727
1789134914045412,-0.018288398161530495,-0.018288398161530495
1789134914057412,-0.0174836665391922,-0.0174836665391922
1789134914069412,-0.018898464739322662,-0.018898464739322662
1789134914079412,0.050385553389787674,0.050385553389787674
1789134914091412,0.07690003514289856,0.07690003514289856
1789134914099412,0.06913353502750397,0.06913353502750397
1789134914109412,0.04500408098101616,0.04500408098101616
1789134914119412,0.04242115095257759,0.04242115095257759
1789134914129412,0.03592989221215248,0.03592989221215248
1789134914139412,0.04507562518119812,0.04507562518119812
1789134914149412,0.10625539720058441,0.10625539720058441
1789134914159412,0.08065981417894363,0.08065981417894363
1789134914169412,0.043333910405635834,0.043333910405635834
1789134914177412,0.042502984404563904,0.042502984404563904
1789134914189412,0.039239875972270966,0.039239875972270966
1789134914199412,0.043391939252614975,0.043391939252614975
1789134914211412,0.032055508345365524,0.032055508345365524
1789134914219412,0.0250683780759573,0.0250683780759573
1789134914229412,-0.0035773320123553276,-0.0035773320123553276
1789134914239412,-0.002500286791473627,-0.002500286791473627
1789134914247412,-0.011512771248817444,-0.011512771248817444
1789134914259412,-0.009044377133250237,-0.009044377133250237
1789134914271412,0.05846308916807175,0.05846308916807175
1789134914273412,0.05793265253305435,0.05793265253305435
1789134914289412,0.07471629232168198,0.07471629232168198
1789134914299412,0.07363566756248474,0.07363566756248474
1789134914309412,0.07903804630041122,0.07903804630041122
1789134914319412,0.07478507608175278,0.07478507608175278
1789134914331412,-0.012086152099072933,-0.012086152099072933
1789134914339412,0.0032960993703454733,0.0032960993703454733
1789134914347412,0.003636384615674615,0.003636384615674615
1789134914359412,0.005966457072645426,0.005966457072645426
1789134914369412,0.007964350283145905,0.007964350283145905
1789134914379412,0.03669522702693939,0.03669522702693939
1789134914391412,0.030821193009614944,0.030821193009614944
1789134914393412,0.03198394924402237,0.03198394924402237
1789134914407412,0.017218107357621193,0.017218107357621193
1789134914419412,0.018485575914382935,0.018485575914382935
1789134914429412,0.027961811050772667,0.027961811050772667
1789134914439412,0.017238562926650047,0.017238562926650047
1789134914451412,-0.027027107775211334,-0.027027107775211334
1789134914459412,-0.00431857630610466,-0.00431857630610466
1789134914469412,0.022644151002168655,0.022644151002168655
1789134914475412,0.05087072029709816,0.05087072029709816
1789134914489412,0.05143807828426361,0.05143807828426361
1789134914499412,0.05110142007470131,0.05110142007470131
1789134914511412,-0.0041816052980721,-0.0041816052980721
1789134914513412,0.00026499642990529537,0.00026499642990529537
1789134914529412,-0.021992063149809837,-0.021992063149809837
1789134914539412,-0.01965029165148735,-0.01965029165148735
1789134914547412,-0.022003185003995895,-0.022003185003995895
1789134914559412,-0.022012336179614067,-0.022012336179614067
1789134914571412,0.009552907198667526,0.009552907198667526
1789134914573412,0.030607566237449646,0.030607566237449646
1789134914589412,0.03264167159795761,0.03264167159795761
1789134914599412,0.03430774807929993,0.03430774807929993
1789134914607412,0.0024631747510284185,0.0024631747510284185
1789134914619412,0.008210711181163788,0.008210711181163788
1789134914631412,-0.0015531913377344608,-0.0015531913377344608
1789134914633412,0.012612835504114628,0.012612835504114628
1789134914649412,-0.014627176336944103,-0.014627176336944103
1789134914659412,-0.012218780815601349,-0.012218780815601349
1789134914669412,-0.0026182045694440603,-0.0026182045694440603
1789134914679412,0.0017419378273189068,0.0017419378273189068
1789134914689412,-0.03624666854739189,-0.03624666854739189
1789134914699412,-0.0308745838701725,-0.0308745838701725
1789134914705412,-0.02142304927110672,-0.02142304927110672
1789134914719412,-0.017541615292429924,-0.017541615292429924
1789134914729412,-0.002358353231102228,-0.002358353231102228
1789134914739412,-0.04229877144098282,-0.04229877144098282
1789134914751412,-0.0024780533276498318,-0.0024780533276498318
1789134914761577,-0.043258775025606155,-0.043258775025606155
1789134914769577,-0.033607564866542816,-0.033607564866542816
1789134914779577,-0.029205044731497765,-0.029205044731497765
1789134914789577,-0.010133964009582996,-0.010133964009582996
1789134914799577,-0.033653274178504944,-0.033653274178504944
1789134914811577,-0.14479099214076996,-0.14479099214076996
1789134914819577,-0.09408075362443924,-0.09408075362443924
1789134914829577,-0.07041893154382706,-0.07041893154382706
1789134914837577,-0.054993703961372375,-0.054993703961372375
1789134914849577,-0.045908257365226746,-0.045908257365226746
1789134914859577,-0.07051154971122742,-0.07051154971122742
1789134914871577,-0.0767175704240799,-0.0767175704240799
1789134914873577,-0.029855206608772278,-0.029855206608772278
1789134914889577,-0.007365594618022442,-0.007365594618022442
1789134914899577,-0.004640839993953705,-0.004640839993953705
1789134914907577,-0.09565810859203339,-0.09565810859203339
1789134914919577,-0.08336752653121948,-0.08336752653121948
1789134914931577,-0.08878865092992783,-0.08878865092992783
1789134914935577,-0.06131252646446228,-0.06131252646446228
1789134914947577,-0.10430682450532913,-0.10430682450532913
1789134914959577,-0.0964202880859375,-0.0964202880859375
1789134914969577,-0.08343106508255005,-0.08343106508255005
1789134914979577,-0.10439150780439377,-0.10439150780439377
1789134914991577,-0.044941604137420654,-0.044941604137420654
1789134914993577,-0.011158449575304985,-0.011158449575304985
1789134915009577,-0.021170975640416145,-0.021170975640416145
1789134915019577,-0.01888599433004856,-0.01888599433004856
1789134915029577,-0.004978332202881575,-0.004978332202881575
1789134915039577,-0.08418229967355728,-0.08418229967355728
1789134915051577,-0.07511083036661148,-0.07511083036661148
1789134915057577,-0.06325612962245941,-0.06325612962245941
1789134915067577,-0.020719733089208603,-0.020719733089208603
1789134915079577,-0.018196159973740578,-0.018196159973740578
1789134915089577,-0.013719731941819191,-0.013719731941819191
1789134915099577,-0.02074693888425827,-0.02074693888425827
1789134915111577,-0.07912343740463257,-0.07912343740463257
1789134915113577,-0.05946286767721176,-0.05946286767721176
1789134915129577,0.003307302948087454,0.003307302948087454
1789134915135577,0.03336542472243309,0.03336542472243309
1789134915147577,0.031885258853435516,0.031885258853435516
1789134915159577,0.031903404742479324,0.031903404742479324
1789134915171577,-0.061101581901311874,-0.061101581901311874
1789134915179577,-0.057781513780355453,-0.057781513780355453
1789134915189577,-0.07775432616472244,-0.07775432616472244
1789134915199577,-0.07408696413040161,-0.07408696413040161
1789134915209577,-0.06784218549728394,-0.06784218549728394
1789134915219577,-0.07784151285886765,-0.07784151285886765
1789134915231577,-0.028489969670772552,-0.028489969670772552
1789134915233577,-0.015118642710149288,-0.015118642710149288
1789134915249577,-0.0025085373781621456,-0.0025085373781621456
1789134915259577,-0.00423512002453208,-0.00423512002453208
1789134915267577,0.007745478767901659,0.007745478767901659
1789134915279577,-0.001136147417128086,-0.001136147417128086
1789134915291577,0.018831945955753326,0.018831945955753326
1789134915299577,0.012958148494362831,0.012958148494362831
1789134915309577,0.01916695013642311,0.01916695013642311
1789134915319577,0.01601850613951683,0.01601850613951683
1789134915329577,0.009350338950753212,0.009350338950753212
1789134915339577,0.01919497363269329,0.01919497363269329
1789134915351577,0.04133821278810501,0.04133821278810501
1789134915361577,0.05439535900950432,0.05439535900950432
1789134915365577,0.051365919411182404,0.051365919411182404
1789134915379577,0.04915337637066841,0.04915337637066841
1789134915389577,0.0443510003387928,0.0443510003387928
1789134915399577,0.028283612802624702,0.028283612802624702
1789134915411577,-0.011204158887267113,-0.011204158887267113
1789134915419577,-0.016474999487400055,-0.016474999487400055
1789134915429577,0.001491558738052845,0.001491558738052845
1789134915439577,-3.815721720457077e-05,-3.815721720457077e-05
1789134915449577,-0.0029972754418849945,-0.0029972754418849945
1789134915459577,0.001492475625127554,0.001492475625127554
1789134915471577,0.042079754173755646,0.042079754173755646
1789134915481577,0.05873389542102814,0.05873389542102814
1789134915489577,0.05106653645634651,0.05106653645634651
1789134915497577,0.046173132956027985,0.046173132956027985
1789134915509577,0.035812653601169586,0.035812653601169586
1789134915519577,0.05114025995135307,0.05114025995135307
1789134915531577,0.034962400794029236,0.034962400794029236
1789134915539577,0.014862541109323502,0.014862541109323502
1789134915547577,-0.025530394166707993,-0.025530394166707993
1789134915559577,-0.02461514249444008,-0.02461514249444008
1789134915567577,-0.025949103757739067,-0.025949103757739067
1789134915579577,-0.02454577013850212,-0.02454577013850212
1789134915591577,0.03806410729885101,0.03806410729885101
1789134915595577,0.03535739704966545,0.03535739704966545
1789134915609577,0.05554019659757614,0.05554019659757614
1789134915619577,0.05371496081352234,0.05371496081352234
1789134915629577,0.04584149271249771,0.04584149271249771
1789134915639577,0.05560682713985443,0.05560682713985443
1789134915651577,0.026829209178686142,0.026829209178686142
1789134915659577,0.01316679734736681,0.01316679734736681
1789134915669577,0.014973640441894531,0.014973640441894531
1789134915679577,0.014621883630752563,0.014621883630752563
1789134915689577,0.014363004826009274,0.014363004826009274
1789134915699577,0.02180616930127144,0.02180616930127144
1789134915711577,0.032659631222486496,0.032659631222486496
1789134915713577,0.03186802566051483,0.03186802566051483
1789134915727577,0.03191563859581947,0.03191563859581947
1789134915739577,0.03146424517035484,0.03146424517035484
1789134915747577,0.03194432705640793,0.03194432705640793
1789134915759744,0.0319623202085495,0.0319623202085495
1789134915771744,-0.0006302809342741966,-0.0006302809342741966
1789134915779744,-0.0010551889427006245,-0.0010551889427006245
1789134915789744,-0.008826465345919132,-0.008826465345919132
1789134915795744,0.003973689395934343,0.003973689395934343
1789134915809744,0.007850142195820808,0.007850142195820808
1789134915819744,0.00660043815150857,0.00660043815150857
1789134915831744,0.06865178793668747,0.06865178793668747
1789134915833744,0.0677131712436676,0.0677131712436676
1789134915849744,0.07620415091514587,0.07620415091514587
1789134915859744,0.07473798096179962,0.07473798096179962
1789134915867744,0.06145840510725975,0.06145840510725975
1789134915879744,0.053754422813653946,0.053754422813653946
1789134915891744,0.052341848611831665,0.052341848611831665
1789134915893744,0.04884791001677513,0.04884791001677513
1789134915909744,0.05129149183630943,0.05129149183630943
1789134915919744,0.050943322479724884,0.050943322479724884
1789134915927744,0.07008570432662964,0.07008570432662964
1789134915939744,0.06806699186563492,0.06806699186563492
1789134915951744,0.07274679839611053,0.07274679839611053
1789134915953744,0.0697198286652565,0.0697198286652565
1789134915969744,0.07424957305192947,0.07424957305192947
1789134915979744,0.07372161746025085,0.07372161746025085
1789134915989744,0.07355620712041855,0.07355620712041855
1789134915999744,0.07433099299669266,0.07433099299669266
1789134916011744,0.013428936712443829,0.013428936712443829
1789134916019744,0.01901598460972309,0.01901598460972309
1789134916025744,0.013776847161352634,0.013776847161352634
1789134916039744,0.01789349503815174,0.01789349503815174
1789134916049744,0.025830548256635666,0.025830548256635666
1789134916059744,0.013256363570690155,0.013256363570690155
1789134916071744,0.03356040641665459,0.03356040641665459
1789134916073744,0.03714248910546303,0.03714248910546303
1789134916089744,0.045270804315805435,0.045270804315805435
1789134916099744,0.04654876887798309,0.04654876887798309
1789134916109744,0.056055884808301926,0.056055884808301926
1789134916119744,0.04531695693731308,0.04531695693731308
1789134916131744,-0.08698134124279022,-0.08698134124279022
1789134916139744,-0.05337643623352051,-0.05337643623352051
1789134916147744,-0.0275348462164402,-0.0275348462164402
1789134916157744,-0.01500682719051838,-0.01500682719051838
1789134916169744,-0.007354310713708401,-0.007354310713708401
1789134916179744,-0.027555648237466812,-0.027555648237466812
1789134916191744,-0.023228202015161514,-0.023228202015161514
1789134916199744,0.016922196373343468,0.016922196373343468
1789134916209744,0.016314612701535225,0.016314612701535225
1789134916219744,0.01901240460574627,0.01901240460574627
1789134916227744,0.02417345717549324,0.02417345717549324
1789134916239744,0.03332991898059845,0.03332991898059845
1789134916251744,-0.0036368269938975573,-0.0036368269938975573
1789134916255744,0.01093739178031683,0.01093739178031683
1789134916269744,-0.006508861668407917,-0.006508861668407917
1789134916279744,0.0007780941668897867,0.0007780941668897867
1789134916289744,0.015231887809932232,0.015231887809932232
1789134916299744,-0.006514991633594036,-0.006514991633594036
1789134916311744,-0.07683780789375305,-0.07683780789375305
1789134916313744,-0.030392305925488472,-0.030392305925488472
1789134916329744,0.0002594550605863333,0.0002594550605863333
1789134916339744,0.0032665233593434095,0.0032665233593434095
1789134916347744,0.00026871636509895325,0.00026871636509895325
1789134916359744,-0.03403284773230553,-0.03403284773230553
1789134916371744,-0.04743487760424614,-0.04743487760424614
1789134916379744,-0.03117665834724903,-0.03117665834724903
1789134916387744,-0.009769548662006855,-0.009769548662006855
1789134916399744,-0.001577247167006135,-0.001577247167006135
1789134916409744,0.014625726267695427,0.014625726267695427
1789134916419744,-0.009791531600058079,-0.009791531600058079
1789134916431744,-0.04706818237900734,-0.04706818237900734
1789134916439744,-0.0015347067965194583,-0.0015347067965194583
1789134916449744,0.05010274425148964,0.05010274425148964
1789134916455744,0.04955215007066727,0.04955215007066727
1789134916469744,0.057946983724832535,0.057946983724832535
1789134916479744,0.05246954411268234,0.05246954411268234
1789134916491744,-0.05842418968677521,-0.05842418968677521
1789134916499744,-0.0429556667804718,-0.0429556667804718
1789134916509744,-0.02474379912018776,-0.02474379912018776
1789134916519744,-0.015314397402107716,-0.015314397402107716
1789134916529744,0.0033358477521687746,0.0033358477521687746
1789134916539744,-0.02478952892124653,-0.02478952892124653
1789134916551744,-0.04298985004425049,-0.04298985004425049
1789134916553744,-0.016452601179480553,-0.016452601179480553
1789134916569744,0.022444752976298332,0.022444752976298332
1789134916579744,0.024302447214722633,0.024302447214722633
1789134916587744,0.012975506484508514,0.012975506484508514
1789134916599744,0.022386880591511726,0.022386880591511726
1789134916611744,-0.00831109844148159,-0.00831109844148159
1789134916619744,0.006655864417552948,0.006655864417552948
1789134916629744,0.0009229655843228102,0.0009229655843228102
1789134916639744,0.007224142551422119,0.007224142551422119
1789134916649744,0.019425997510552406,0.019425997510552406
1789134916659744,0.0009265120606869459,0.0009265120606869459
1789134916671744,-0.020939288660883904,-0.020939288660883904
1789134916679744,0.014020171947777271,0.014020171947777271
1789134916685744,-0.0022940190974622965,-0.0022940190974622965
1789134916699744,0.0009502547327429056,0.0009502547327429056
1789134916709744,0.0139650022611022,0.0139650022611022
1789134916719744,-0.010888592340052128,-0.010888592340052128
1789134916731744,-0.024169646203517914,-0.024169646203517914
1789134916739744,-0.011381899006664753,-0.011381899006664753
1789134916747744,0.010881910100579262,0.010881910100579262
1789134916759908,0.01717233844101429,0.01717233844101429
1789134916769908,0.03098919615149498,0.03098919615149498
1789134916779908,0.01088131032884121,0.01088131032884121
1789134916791908,-0.0249139666557312,-0.0249139666557312
1789134916799908,-0.014047319069504738,-0.014047319069504738
1789134916809908,-0.008428355678915977,-0.008428355678915977
1789134916817908,-0.0017430298030376434,-0.0017430298030376434
1789134916829908,0.010192220099270344,0.010192220099270344
1789134916839908,-0.008431310765445232,-0.008431310765445232
1789134916851908,-0.07334162294864655,-0.07334162294864655
1789134916859908,-0.034256961196660995,-0.034256961196660995
1789134916865908,-0.02098909206688404,-0.02098909206688404
1789134916879908,-0.012266636826097965,-0.012266636826097965
1789134916887908,-0.05227726697921753,-0.05227726697921753
1789134916899908,-0.039368368685245514,-0.039368368685245514
1789134916911908,-0.032948412001132965,-0.032948412001132965
1789134916915908,-0.008637004531919956,-0.008637004531919956
1789134916929908,-0.011110814288258553,-0.011110814288258553
1789134916939908,-0.008716215379536152,-0.008716215379536152
1789134916947908,-0.011102361604571342,-0.011102361604571342
1789134916959908,-0.011106245219707489,-0.011106245219707489
1789134916971908,0.0025419886223971844,0.0025419886223971844
1789134916979908,0.02645118720829487,0.02645118720829487
1789134916989908,-0.0208755973726511,-0.0208755973726511
1789134916999908,-0.013941532000899315,-0.013941532000899315
1789134917009908,0.0010313710663467646,0.0010313710663467646
1789134917019908,-0.03856799751520157,-0.03856799751520157
1789134917029908,-0.011337589472532272,-0.011337589472532272
1789134917041908,-0.01595713384449482,-0.01595713384449482
1789134917047908,-0.0038681323640048504,-0.0038681323640048504
1789134917057908,0.001349208177998662,0.001349208177998662
1789134917069908,0.0010477590840309858,0.0010477590840309858
1789134917079908,-0.0038487345445901155,-0.0038487345445901155
1789134917091908,0.07243163883686066,0.07243163883686066
1789134917099908,0.08742329478263855,0.08742329478263855
1789134917109908,0.1008080467581749,0.1008080467581749
1789134917115908,0.06846796721220016,0.06846796721220016
1789134917129908,0.07478634268045425,0.07478634268045425
1789134917139908,0.07237875461578369,0.07237875461578369
1789134917149908,-0.004545805510133505,-0.004545805510133505
1789134917161908,0.007407183758914471,0.007407183758914471
1789134917169908,0.019404448568820953,0.019404448568820953
1789134917179908,0.02146814577281475,0.02146814577281475
1789134917189908,0.03066200762987137,0.03066200762987137
1789134917199908,0.031091971322894096,0.031091971322894096
1789134917211908,0.11931993812322617,0.11931993812322617
1789134917221908,0.11254069954156876,0.11254069954156876
1789134917229908,0.11255855858325958,0.11255855858325958
1789134917239908,0.11503956466913223,0.11503956466913223
1789134917245908,0.05439988523721695,0.05439988523721695
1789134917259908,0.05726650729775429,0.05726650729775429
1789134917269908,0.018922384828329086,0.018922384828329086
1789134917279908,0.02295093424618244,0.02295093424618244
1789134917289908,0.0316007100045681,0.0316007100045681
1789134917299908,0.034955237060785294,0.034955237060785294
1789134917309908,0.04767204448580742,0.04767204448580742
1789134917319908,0.05051298812031746,0.05051298812031746
1789134917331908,0.016015227884054184,0.016015227884054184
1789134917339908,0.04642700403928757,0.04642700403928757
1789134917345908,0.05647820979356766,0.05647820979356766
1789134917359908,0.06422712653875351,0.06422712653875351
1789134917369908,0.08099021017551422,0.08099021017551422
1789134917377908,0.055076781660318375,0.055076781660318375
1789134917389908,0.05863591656088829,0.05863591656088829
1789134917401908,0.04885518178343773,0.04885518178343773
1789134917409908,0.05333747714757919,0.05333747714757919
1789134917419908,0.056127697229385376,0.056127697229385376
1789134917429908,0.06648167967796326,0.06648167967796326
1789134917439908,0.08827115595340729,0.08827115595340729
1789134917449908,0.024874627590179443,0.024874627590179443
1789134917459908,0.043396756052970886,0.043396756052970886
1789134917469908,0.033935461193323135,0.033935461193323135
1789134917477908,0.054498713463544846,0.054498713463544846
1789134917489908,0.06718423217535019,0.06718423217535019
1789134917499908,0.09093105792999268,0.09093105792999268
1789134917509908,0.037963926792144775,0.037963926792144775
1789134917519908,0.05166294425725937,0.05166294425725937
1789134917529908,0.006639261730015278,0.006639261730015278
1789134917539908,0.013781539164483547,0.013781539164483547
1789134917545908,0.031251274049282074,0.031251274049282074
1789134917559908,0.08105305582284927,0.08105305582284927
1789134917569908,0.1523975431919098,0.1523975431919098
1789134917581908,0.12317714095115662,0.12317714095115662
1789134917589908,0.12524652481079102,0.12524652481079102
1789134917599908,0.1361026167869568,0.1361026167869568
1789134917609908,0.15789245069026947,0.15789245069026947
1789134917619908,0.18353058397769928,0.18353058397769928
1789134917631908,-0.04706621915102005,-0.04706621915102005
1789134917639908,0.026203176006674767,0.026203176006674767
1789134917649908,0.017870593816041946,0.017870593816041946
1789134917659908,0.023521125316619873,0.023521125316619873
1789134917669908,0.062364209443330765,0.062364209443330765
1789134917677908,0.022189302369952202,0.022189302369952202
1789134917691908,-0.03209817782044411,-0.03209817782044411
1789134917701908,0.0008479357929900289,0.0008479357929900289
1789134917707908,0.018855081871151924,0.018855081871151924
1789134917719908,0.03866992145776749,0.03866992145776749
1789134917729908,0.048857368528842926,0.048857368528842926
1789134917739908,0.018866579979658127,0.018866579979658127
1789134917749908,-0.19846947491168976,-0.19846947491168976
1789134917761908,-0.03850433975458145,-0.03850433975458145
1789134917770073,0.00813092291355133,0.00813092291355133
1789134917776073,0.02667936682701111,0.02667936682701111
1789134917790073,0.08487529307603836,0.08487529307603836
1789134917800073,0.044916484504938126,0.044916484504938126
1789134917812073,-0.090971939265728,-0.090971939265728
1789134917822073,-0.0662226602435112,-0.0662226602435112
1789134917830073,-0.04119543731212616,-0.04119543731212616
1789134917840073,-0.01632409170269966,-0.01632409170269966
1789134917850073,0.031238526105880737,0.031238526105880737
1789134917860073,0.08736604452133179,0.08736604452133179
1789134917870073,-0.096634641289711,-0.096634641289711
1789134917874073,-0.06579095125198364,-0.06579095125198364
1789134917890073,-0.03348253667354584,-0.03348253667354584
1789134917900073,-0.02085798978805542,-0.02085798978805542
1789134917908073,-0.1365060806274414,-0.1365060806274414
1789134917920073,-0.05887819826602936,-0.05887819826602936
1789134917932073,-0.10489329695701599,-0.10489329695701599
1789134917942073,-0.07803501933813095,-0.07803501933813095
1789134917948073,-0.05390384420752525,-0.05390384420752525
1789134917960073,-0.029202494770288467,-0.029202494770288467
1789134917970073,0.01949959248304367,0.01949959248304367
1789134917980073,-0.053958047181367874,-0.053958047181367874
1789134917990073,-0.07717003673315048,-0.07717003673315048
1789134918002073,-0.11484768241643906,-0.11484768241643906
1789134918006073,-0.06563694775104523,-0.06563694775104523
1789134918020073,-0.05253107473254204,-0.05253107473254204
1789134918030073,-0.02818354219198227,-0.02818354219198227
1789134918040073,-0.16407541930675507,-0.16407541930675507
1789134918050073,-0.10681319236755371,-0.10681319236755371
1789134918062073,-0.09407791495323181,-0.09407791495323181
1789134918070073,-0.0810774490237236,-0.0810774490237236
1789134918080073,-0.056008368730545044,-0.056008368730545044
1789134918090073,-0.0034424453042447567,-0.0034424453042447567
1789134918100073,-0.08118726313114166,-0.08118726313114166
1789134918112073,-0.2194351702928543,-0.2194351702928543
1789134918122073,-0.05011718347668648,-0.05011718347668648
1789134918130073,-0.0031776586547493935,-0.0031776586547493935
1789134918138073,0.015281746163964272,0.015281746163964272
1789134918148073,-0.0031682481057941914,-0.0031682481057941914
1789134918160073,-0.0031686180736869574,-0.0031686180736869574
1789134918172073,-0.16009719669818878,-0.16009719669818878
1789134918180073,-0.03573332354426384,-0.03573332354426384
1789134918190073,-0.07185332477092743,-0.07185332477092743
1789134918200073,-0.04834733530879021,-0.04834733530879021
1789134918206073,-0.1360764056444168,-0.1360764056444168
1789134918220073,-0.0655854120850563,-0.0655854120850563
1789134918232073,-0.08423590660095215,-0.08423590660095215
1789134918234073,-0.026430148631334305,-0.026430148631334305
1789134918250073,-0.035002827644348145,-0.035002827644348145
1789134918260073,-0.024913784116506577,-0.024913784116506577
1789134918270073,0.025917788967490196,0.025917788967490196
1789134918280073,-0.03503810241818428,-0.03503810241818428
1789134918292073,-0.1377936601638794,-0.1377936601638794
1789134918302073,-0.026556409895420074,-0.026556409895420074
1789134918310073,-0.00860509928315878,-0.00860509928315878
1789134918320073,0.009517904371023178,0.009517904371023178
1789134918330073,0.046133704483509064,0.046133704483509064
1789134918340073,-0.13576474785804749,-0.13576474785804749
1789134918352073,-0.10835519433021545,-0.10835519433021545
1789134918354073,-0.09689417481422424,-0.09689417481422424
1789134918368073,-0.053766991943120956,-0.053766991943120956
1789134918380073,-0.04413605108857155,-0.04413605108857155
1789134918390073,-0.02508716657757759,-0.02508716657757759
1789134918400073,-0.05383161082863808,-0.05383161082863808
1789134918412073,-0.15983295440673828,-0.15983295440673828
1789134918422073,-0.04784499108791351,-0.04784499108791351
1789134918430073,-0.029011553153395653,-0.029011553153395653
1789134918436073,-0.05047168582677841,-0.05047168582677841
1789134918450073,0.0032434698659926653,0.0032434698659926653
1789134918460073,-0.013976828195154667,-0.013976828195154667
1789134918472073,-0.047471363097429276,-0.047471363097429276
1789134918480073,-0.014961423352360725,-0.014961423352360725
1789134918490073,-0.025163955986499786,-0.025163955986499786
1789134918500073,-0.017379730939865112,-0.017379730939865112
1789134918510073,0.017052996903657913,0.017052996903657913
1789134918520073,-0.02517349272966385,-0.02517349272966385
1789134918532073,-0.08929435908794403,-0.08929435908794403
1789134918534073,-0.009020260535180569,-0.009020260535180569
1789134918548073,0.023107144981622696,0.023107144981622696
1789134918560073,0.03655491769313812,0.03655491769313812
1789134918566073,-0.01903066411614418,-0.01903066411614418
1789134918580073,-0.005637037567794323,-0.005637037567794323
1789134918590073,0.010651099495589733,0.010651099495589733
1789134918602073,-0.028496524319052696,-0.028496524319052696
1789134918610073,-0.004532092250883579,-0.004532092250883579
1789134918620073,0.00023563625290989876,0.00023563625290989876
1789134918630073,0.016130030155181885,0.016130030155181885
1789134918640073,-0.004529900383204222,-0.004529900383204222
1789134918650073,-0.02318023331463337,-0.02318023331463337
1789134918662073,-0.005604507401585579,-0.005604507401585579
1789134918666073,0.00693105673417449,0.00693105673417449
1789134918680073,0.015123345889151096,0.015123345889151096
1789134918690073,0.026383530348539352,0.026383530348539352
1789134918698073,-0.04109447821974754,-0.04109447821974754
1789134918710073,-0.04283209517598152,-0.04283209517598152
1789134918720073,-0.04019182547926903,-0.04019182547926903
1789134918730073,-3.37427482008934e-05,-3.37427482008934e-05
1789134918740073,0.006841103546321392,0.006841103546321392
1789134918748073,0.043272677809000015,0.043272677809000015
1789134918760073,0.05730152502655983,0.05730152502655983
1789134918770236,-0.036035485565662384,-0.036035485565662384
1789134918782236,-0.031353894621133804,-0.031353894621133804
1789134918790236,-0.01681087724864483,-0.01681087724864483
1789134918798236,0.0035240473225712776,0.0035240473225712776
1789134918810236,0.015310384333133698,0.015310384333133698
1789134918820236,-0.016800303012132645,-0.016800303012132645
1789134918830236,0.01825753226876259,0.01825753226876259
1789134918840236,0.03077797405421734,0.03077797405421734
1789134918850236,0.037388358265161514,0.037388358265161514
1789134918860236,0.043680720031261444,0.043680720031261444
1789134918866236,-0.05030239000916481,-0.05030239000916481
1789134918880236,-0.011842123232781887,-0.011842123232781887
1789134918890236,-0.03487169370055199,-0.03487169370055199
1789134918902236,-0.024713000282645226,-0.024713000282645226
1789134918910236,-0.02010134980082512,-0.02010134980082512
1789134918920236,-0.008844355121254921,-0.008844355121254921
1789134918930236,0.010618843138217926,0.010618843138217926
1789134918940236,-0.020075764507055283,-0.020075764507055283
1789134918952236,0.028744112700223923,0.028744112700223923
1789134918960236,0.05718754231929779,0.05718754231929779
1789134918970236,0.08575684577226639,0.08575684577226639
1789134918980236,0.09131944924592972,0.09131944924592972
1789134918990236,0.10550615191459656,0.10550615191459656
1789134919000236,-0.03162861242890358,-0.03162861242890358
1789134919010236,-0.037980712950229645,-0.037980712950229645
1789134919020236,-0.03175656870007515,-0.03175656870007515
1789134919028236,-0.017869893461465836,-0.017869893461465836
1789134919040236,-0.001885205041617155,-0.001885205041617155
1789134919050236,0.03052743896842003,0.03052743896842003
1789134919060236,-0.184818297624588,-0.184818297624588
1789134919072236,-0.13364554941654205,-0.13364554941654205
1789134919080236,-0.11054737120866776,-0.11054737120866776
1789134919090236,-0.1237490102648735,-0.1237490102648735
1789134919096236,-0.1699351817369461,-0.1699351817369461
1789134919110236,-0.09872277826070786,-0.09872277826070786
1789134919120236,-0.14620384573936462,-0.14620384573936462
1789134919132236,-0.20742055773735046,-0.20742055773735046
1789134919142236,-0.14230136573314667,-0.14230136573314667
1789134919148236,-0.11812910437583923,-0.11812910437583923
1789134919160236,-0.09478320181369781,-0.09478320181369781
1789134919170236,-0.049095865339040756,-0.049095865339040756
1789134919180236,-0.11829515546560287,-0.11829515546560287
1789134919190236,-0.16396580636501312,-0.16396580636501312
1789134919194236,-0.13653229176998138,-0.13653229176998138
1789134919210236,-0.1263541281223297,-0.1263541281223297
1789134919220236,-0.11572739481925964,-0.11572739481925964
1789134919226236,-0.21865448355674744,-0.21865448355674744
1789134919240236,-0.19599038362503052,-0.19599038362503052
1789134919252236,-0.1914699822664261,-0.1914699822664261
1789134919262236,-0.17126797139644623,-0.17126797139644623
1789134919270236,-0.15177620947360992,-0.15177620947360992
1789134919280236,-0.13173842430114746,-0.13173842430114746
1789134919290236,-0.09124912321567535,-0.09124912321567535
1789134919300236,-0.15196995437145233,-0.15196995437145233
1789134919310236,-0.2118910253047943,-0.2118910253047943
1789134919314236,-0.18798410892486572,-0.18798410892486572
1789134919326236,-0.16528114676475525,-0.16528114676475525
1789134919340236,-0.15571415424346924,-0.15571415424346924
1789134919348236,-0.16544197499752045,-0.16544197499752045
1789134919360236,-0.2490202635526657,-0.2490202635526657
1789134919372236,-0.22898323833942413,-0.22898323833942413
1789134919382236,-0.18354274332523346,-0.18354274332523346
1789134919390236,-0.16772504150867462,-0.16772504150867462
1789134919400236,-0.15188074111938477,-0.15188074111938477
1789134919410236,-0.1200220137834549,-0.1200220137834549
1789134919420236,-0.1679617166519165,-0.1679617166519165
1789134919430236,-0.20042693614959717,-0.20042693614959717
1789134919442236,-0.17990809679031372,-0.17990809679031372
1789134919450236,-0.15774984657764435,-0.15774984657764435
1789134919458236,-0.14763879776000977,-0.14763879776000977
1789134919470236,-0.1357588768005371,-0.1357588768005371
1789134919480236,-0.13415013253688812,-0.13415013253688812
1789134919490236,0.003638842608779669,0.003638842608779669
1789134919502236,-0.0012556854635477066,-0.0012556854635477066
1789134919510236,-0.005229391623288393,-0.005229391623288393
1789134919520236,-0.007817791774868965,-0.007817791774868965
1789134919528236,-0.04516342654824257,-0.04516342654824257
1789134919540236,-0.04886367544531822,-0.04886367544531822
1789134919550236,-0.027131134644150734,-0.027131134644150734
1789134919562236,-0.05567903816699982,-0.05567903816699982
1789134919570236,-0.057905107736587524,-0.057905107736587524
1789134919580236,-0.058799613267183304,-0.058799613267183304
1789134919590236,-0.06257094442844391,-0.06257094442844391
1789134919600236,-0.057975657284259796,-0.057975657284259796
1789134919612236,-0.04910377040505409,-0.04910377040505409
1789134919620236,-0.05658587068319321,-0.05658587068319321
1789134919630236,-0.06374064087867737,-0.06374064087867737
1789134919640236,-0.06730163097381592,-0.06730163097381592
1789134919650236,-0.0747310146689415,-0.0747310146689415
1789134919660236,0.0008016494102776051,0.0008016494102776051
1789134919672236,0.02226186916232109,0.02226186916232109
1789134919674236,0.015484349802136421,0.015484349802136421
1789134919688236,-0.01991436257958412,-0.01991436257958412
1789134919700236,-0.023000357672572136,-0.023000357672572136
1789134919710236,-0.037896089255809784,-0.037896089255809784
1789134919720236,-0.019918549805879593,-0.019918549805879593
1789134919732236,0.07920172065496445,0.07920172065496445
1789134919740236,0.035452209413051605,0.035452209413051605
1789134919748236,0.01339777559041977,0.01339777559041977
1789134919756236,0.02859847992658615,0.02859847992658615
1789134919770236,0.005098591558635235,0.005098591558635235
1789134919780400,0.012608569115400314,0.012608569115400314
1789134919792400,0.007288605440407991,0.007288605440407991
1789134919800400,-0.008020143955945969,-0.008020143955945969
1789134919810400,-0.028522634878754616,-0.028522634878754616
1789134919820400,-0.031293660402297974,-0.031293660402297974
1789134919830400,-0.042983803898096085,-0.042983803898096085
1789134919840400,-0.028547395020723343,-0.028547395020723343
1789134919852400,0.04599369317293167,0.04599369317293167
1789134919854400,0.012393830344080925,0.012393830344080925
1789134919866400,0.019520040601491928,0.019520040601491928
1789134919880400,0.011677667498588562,0.011677667498588562
1789134919888400,-0.034905657172203064,-0.034905657172203064
1789134919900400,-0.06150642782449722,-0.06150642782449722
1789134919912400,-0.03804503381252289,-0.03804503381252289
1789134919922400,-0.06067383289337158,-0.06067383289337158
1789134919930400,-0.06217268481850624,-0.06217268481850624
1789134919940400,-0.06321588903665543,-0.06321588903665543
1789134919948400,-0.06221109628677368,-0.06221109628677368
1789134919960400,-0.08244126290082932,-0.08244126290082932
1789134919972400,0.06637242436408997,0.06637242436408997
1789134919982400,0.06982482224702835,0.06982482224702835
1789134919986400,0.05849725008010864,0.05849725008010864
1789134920000400,0.046075645834207535,0.046075645834207535
1789134920010400,0.02264445088803768,0.02264445088803768
1789134920020400,0.06660051643848419,0.06660051643848419
1789134920032400,0.021423937752842903,0.021423937752842903
1789134920042400,-0.011681878939270973,-0.011681878939270973
1789134920050400,-0.028199471533298492,-0.028199471533298492
1789134920058400,-0.035471584647893906,-0.035471584647893906
1789134920070400,-0.038563333451747894,-0.038563333451747894
1789134920080400,-0.028224017471075058,-0.028224017471075058
1789134920090400,-0.0483238510787487,-0.0483238510787487
1789134920102400,-0.0772118866443634,-0.0772118866443634
1789134920110400,-0.0803089514374733,-0.0803089514374733
1789134920118400,-0.08763357996940613,-0.08763357996940613
1789134920130400,-0.0872792974114418,-0.0872792974114418
1789134920140400,-0.11603398621082306,-0.11603398621082306
1789134920152400,0.11287836730480194,0.11287836730480194
1789134920154400,0.08872494846582413,0.08872494846582413
1789134920170400,0.10250106453895569,0.10250106453895569
1789134920180400,0.09579206258058548,0.09579206258058548
1789134920188400,0.005361554212868214,0.005361554212868214
1789134920200400,-0.010177360847592354,-0.010177360847592354
1789134920212400,-0.000314194243401289,-0.000314194243401289
1789134920222400,-0.04850972816348076,-0.04850972816348076
1789134920230400,-0.05041233450174332,-0.05041233450174332
1789134920240400,-0.057291243225336075,-0.057291243225336075
1789134920250400,-0.0732337236404419,-0.0732337236404419
1789134920260400,-0.05043603479862213,-0.05043603479862213
1789134920272400,0.10375538468360901,0.10375538468360901
1789134920282400,0.05320177599787712,0.05320177599787712
1789134920290400,0.028766071423888206,0.028766071423888206
1789134920300400,0.023072009906172752,0.023072009906172752
1789134920310400,0.013590574264526367,0.013590574264526367
1789134920320400,-0.006394949276000261,-0.006394949276000261
1789134920332400,0.030978908762335777,0.030978908762335777
1789134920342400,0.0014010844752192497,0.0014010844752192497
1789134920348400,-0.006909957155585289,-0.006909957155585289
1789134920360400,-0.01648733578622341,-0.01648733578622341
1789134920370400,-0.021340670064091682,-0.021340670064091682
1789134920380400,-0.06074273958802223,-0.06074273958802223
1789134920390400,0.06447334587574005,0.06447334587574005
1789134920402400,0.04067734628915787,0.04067734628915787
1789134920410400,0.018333230167627335,0.018333230167627335
1789134920416400,-0.02248430997133255,-0.02248430997133255
1789134920430400,-0.03615183010697365,-0.03615183010697365
1789134920440400,-0.04932400956749916,-0.04932400956749916
1789134920450400,0.06017298623919487,0.06017298623919487
1789134920462400,0.03879854455590248,0.03879854455590248
1789134920470400,0.0284021757543087,0.0284021757543087
1789134920480400,0.02054046280682087,0.02054046280682087
1789134920490400,0.017302434891462326,0.017302434891462326
1789134920500400,0.02841165103018284,0.02841165103018284
1789134920512400,0.009083839133381844,0.009083839133381844
1789134920514400,-0.03133173659443855,-0.03133173659443855
1789134920530400,-0.06142881140112877,-0.06142881140112877
1789134920540400,-0.06339200586080551,-0.06339200586080551
1789134920548400,-0.052228882908821106,-0.052228882908821106
1789134920560400,-0.06459498405456543,-0.06459498405456543
1789134920572400,-0.05943421274423599,-0.05943421274423599
1789134920580400,-0.06725136190652847,-0.06725136190652847
1789134920590400,-0.03269337862730026,-0.03269337862730026
1789134920600400,-0.03837885707616806,-0.03837885707616806
1789134920610400,-0.0520409531891346,-0.0520409531891346
1789134920620400,-0.03271418437361717,-0.03271418437361717
1789134920632400,0.01172957569360733,0.01172957569360733
1789134920634400,-0.03083766996860504,-0.03083766996860504
1789134920646400,-0.0927964597940445,-0.0927964597940445
1789134920660400,-0.09454577416181564,-0.09454577416181564
1789134920670400,-0.10696616023778915,-0.10696616023778915
1789134920680400,0.028106842190027237,0.028106842190027237
1789134920692400,0.03452816233038902,0.03452816233038902
1789134920700400,0.013330982998013496,0.013330982998013496
1789134920710400,-0.028402866795659065,-0.028402866795659065
1789134920720400,-0.03412899747490883,-0.03412899747490883
1789134920730400,-0.04459430277347565,-0.04459430277347565
1789134920740400,-0.02846309170126915,-0.02846309170126915
1789134920752400,-0.0017533069476485252,-0.0017533069476485252
1789134920760400,-0.011918140575289726,-0.011918140575289726
1789134920770400,0.0020572924986481667,0.0020572924986481667
1789134920778563,-0.00925678014755249,-0.00925678014755249
1789134920790563,-0.028930138796567917,-0.028930138796567917
1789134920800563,0.002051998395472765,0.002051998395472765
1789134920810563,0.018794117495417595,0.018794117495417595
1789134920820563,0.007274949457496405,0.007274949457496405
1789134920830563,-0.010270677506923676,-0.010270677506923676
1789134920840563,-0.021545911207795143,-0.021545911207795143
1789134920848563,-0.006342622917145491,-0.006342622917145491
1789134920860563,-0.022756416350603104,-0.022756416350603104
1789134920872563,-0.03620006516575813,-0.03620006516575813
1789134920876563,-0.04650649055838585,-0.04650649055838585
1789134920890563,-0.0056181661784648895,-0.0056181661784648895
1789134920900563,-0.01158781535923481,-0.01158781535923481
1789134920910563,-0.024299833923578262,-0.024299833923578262
1789134920920563,-0.0056111766025424,-0.0056111766025424
1789134920932563,0.09260673075914383,0.09260673075914383
1789134920940563,0.012823632918298244,0.012823632918298244
1789134920948563,0.010037721134722233,0.010037721134722233
1789134920960563,-0.003122401889413595,-0.003122401889413595
1789134920970563,-0.02913721092045307,-0.02913721092045307
1789134920980563,0.03465243801474571,0.03465243801474571
1789134920992563,0.043256714940071106,0.043256714940071106
1789134920994563,0.03045983985066414,0.03045983985066414
1789134921008563,-0.02417716383934021,-0.02417716383934021
1789134921020563,-0.029674675315618515,-0.029674675315618515
1789134921030563,-0.0632530152797699,-0.0632530152797699
1789134921040563,-0.0241618063300848,-0.0241618063300848
1789134921052563,0.10080648213624954,0.10080648213624954
1789134921058563,0.025856763124465942,0.025856763124465942
1789134921070563,0.024001307785511017,0.024001307785511017
1789134921080563,0.009809205308556557,0.009809205308556557
1789134921090563,-0.01576772704720497,-0.01576772704720497
1789134921100563,0.0240174513310194,0.0240174513310194
1789134921112563,0.03408357873558998,0.03408357873558998
1789134921114563,-0.003024445613846183,-0.003024445613846183
1789134921130563,-0.06585767865180969,-0.06585767865180969
1789134921140563,-0.0698472186923027,-0.0698472186923027
1789134921148563,-0.06589574366807938,-0.06589574366807938
1789134921160563,-0.06592567265033722,-0.06592567265033722
1789134921172563,0.1565905511379242,0.1565905511379242
1789134921174563,0.07887391000986099,0.07887391000986099
1789134921190563,0.044895533472299576,0.044895533472299576
1789134921200563,0.033647194504737854,0.033647194504737854
1789134921208563,0.06235557794570923,0.06235557794570923
1789134921220563,0.02716481313109398,0.02716481313109398
1789134921232563,0.08200071007013321,0.08200071007013321
1789134921234563,0.04060860723257065,0.04060860723257065
1789134921250563,0.026386266574263573,0.026386266574263573
1789134921260563,0.02118128538131714,0.02118128538131714
1789134921270563,0.002090292051434517,0.002090292051434517
1789134921280563,0.026383155956864357,0.026383155956864357
1789134921292563,0.03271325305104256,0.03271325305104256
1789134921300563,-0.0172349214553833,-0.0172349214553833
1789134921306563,0.009307414293289185,0.009307414293289185
1789134921320563,-0.0016813604161143303,-0.0016813604161143303
1789134921330563,-0.026994628831744194,-0.026994628831744194
1789134921340563,0.06363330036401749,0.06363330036401749
1789134921352563,0.0035953009501099586,0.0035953009501099586
1789134921354563,-0.0013285004533827305,-0.0013285004533827305
1789134921370563,-0.04610905051231384,-0.04610905051231384
1789134921380563,-0.04878811165690422,-0.04878811165690422
1789134921390563,-0.06065253168344498,-0.06065253168344498
1789134921400563,-0.04616579785943031,-0.04616579785943031
1789134921412563,0.07448557764291763,0.07448557764291763
1789134921420563,0.03361446410417557,0.03361446410417557
1789134921430563,0.03865479677915573,0.03865479677915573
1789134921438563,0.009928923100233078,0.009928923100233078
1789134921450563,-0.004998753312975168,-0.004998753312975168
1789134921460563,0.03872549533843994,0.03872549533843994
1789134921472563,0.1819847971200943,0.1819847971200943
1789134921474563,0.08717533946037292,0.08717533946037292
1789134921490563,0.0451955609023571,0.0451955609023571
1789134921500563,0.038681186735630035,0.038681186735630035
1789134921508563,0.005974681582301855,0.005974681582301855
1789134921520563,-0.010522713884711266,-0.010522713884711266
1789134921532563,0.03230112046003342,0.03230112046003342
1789134921536563,0.005868589039891958,0.005868589039891958
1789134921548563,0.020173508673906326,0.020173508673906326
1789134921560563,0.007351987063884735,0.007351987063884735
1789134921570563,0.0009007947519421577,0.0009007947519421577
1789134921580563,0.02021782658994198,0.02021782658994198
1789134921590563,0.04549255222082138,0.04549255222082138
1789134921602563,-0.01611372083425522,-0.01611372083425522
1789134921610563,-0.034674763679504395,-0.034674763679504395
1789134921620563,-0.03807404264807701,-0.03807404264807701
1789134921630563,-0.05561074987053871,-0.05561074987053871
1789134921640563,0.035016775131225586,0.035016775131225586
1789134921652563,0.08405189216136932,0.08405189216136932
1789134921662563,0.08777778595685959,0.08777778595685959
1789134921668563,0.07439923286437988,0.07439923286437988
1789134921680563,0.05938297510147095,0.05938297510147095
1789134921690563,0.05187556520104408,0.05187556520104408
1789134921700563,0.07450699806213379,0.07450699806213379
1789134921712563,0.17628540098667145,0.17628540098667145
1789134921720563,0.08221863955259323,0.08221863955259323
1789134921730563,0.03066309355199337,0.03066309355199337
1789134921736563,0.015537485480308533,0.015537485480308533
1789134921748563,0.005290670786052942,0.005290670786052942
1789134921760563,0.005296041257679462,0.005296041257679462
1789134921772563,0.14139904081821442,0.14139904081821442
1789134921780563,0.11042189598083496,0.11042189598083496
1789134921790726,0.07823134958744049,0.07823134958744049
1789134921800726,0.06538587808609009,0.06538587808609009
1789134921810726,0.04001377150416374,0.04001377150416374
1789134921820726,0.07831030339002609,0.07831030339002609
1789134921832726,-0.008420493453741074,-0.008420493453741074
1789134921834726,-0.07047678530216217,-0.07047678530216217
1789134921850726,-0.10209822654724121,-0.10209822654724121
1789134921860726,-0.10254368931055069,-0.10254368931055069
1789134921868726,-0.08364057540893555,-0.08364057540893555
1789134921880726,-0.09066542983055115,-0.09066542983055115
1789134921890726,-0.03943447023630142,-0.03943447023630142
1789134921900726,-0.042134832590818405,-0.042134832590818405
1789134921910726,0.002131079323589802,0.002131079323589802
1789134921920726,-0.003120365086942911,-0.003120365086942911
1789134921930726,-0.02397730201482773,-0.02397730201482773
1789134921940726,-0.04032191261649132,-0.04032191261649132
1789134921950726,0.07038680464029312,0.07038680464029312
1789134921962726,0.02464235946536064,0.02464235946536064
1789134921966726,0.007624426856637001,0.007624426856637001
1789134921980726,0.004242843482643366,0.004242843482643366
1789134921990726,-0.007872081361711025,-0.007872081361711025
1789134922000726,-0.006123350467532873,-0.006123350467532873
1789134922012726,0.028079655021429062,0.028079655021429062
1789134922020726,0.012205555103719234,0.012205555103719234
1789134922030726,0.02927229553461075,0.02927229553461075
1789134922040726,0.017063498497009277,0.017063498497009277
1789134922050726,-0.008925607427954674,-0.008925607427954674
1789134922060726,0.0819900706410408,0.0819900706410408
1789134922072726,0.007080750074237585,0.007080750074237585
1789134922080726,0.00447827810421586,0.00447827810421586
1789134922090726,-0.05240664258599281,-0.05240664258599281
1789134922098726,-0.05882421135902405,-0.05882421135902405
1789134922110726,-0.06924315541982651,-0.06924315541982651
1789134922120726,-0.05247306078672409,-0.05247306078672409
1789134922132726,-0.0018814653158187866,-0.0018814653158187866
1789134922140726,-0.0325244776904583,-0.0325244776904583
1789134922148726,-0.054359667003154755,-0.054359667003154755
1789134922160726,-0.062308382242918015,-0.062308382242918015
1789134922168726,0.021068550646305084,0.021068550646305084
1789134922180726,0.008278315886855125,0.008278315886855125
1789134922192726,0.0520801842212677,0.0520801842212677
1789134922196726,0.014832807704806328,0.014832807704806328
1789134922210726,-0.0359201617538929,-0.0359201617538929
1789134922220726,-0.0389583483338356,-0.0389583483338356
1789134922230726,-0.05546938627958298,-0.05546938627958298
1789134922240726,-0.03595651686191559,-0.03595651686191559
1789134922252726,0.14707979559898376,0.14707979559898376
1789134922260726,0.088958740234375,0.088958740234375
1789134922270726,0.08121821284294128,0.08121821284294128
1789134922280726,0.067035011947155,0.067035011947155
1789134922290726,0.0377793088555336,0.0377793088555336
1789134922300726,0.05865258723497391,0.05865258723497391
1789134922312726,0.04477823153138161,0.04477823153138161
1789134922314726,0.03214778006076813,0.03214778006076813
1789134922328726,0.012921050190925598,0.012921050190925598
1789134922340726,0.007699699141085148,0.007699699141085148
1789134922348726,0.012934468686580658,0.012934468686580658
1789134922360726,0.012943604961037636,0.012943604961037636
1789134922372726,0.08306419104337692,0.08306419104337692
1789134922380726,0.023620808497071266,0.023620808497071266
1789134922390726,0.04625816270709038,0.04625816270709038
1789134922396726,0.07944388687610626,0.07944388687610626
1789134922410726,0.037187956273555756,0.037187956273555756
1789134922420726,0.05135198310017586,0.05135198310017586
1789134922432726,0.040464576333761215,0.040464576333761215
1789134922440726,0.017260562628507614,0.017260562628507614
1789134922450726,-0.002306937240064144,-0.002306937240064144
1789134922460726,-0.006397420074790716,-0.006397420074790716
1789134922470726,-0.024263396859169006,-0.024263396859169006
1789134922480726,-0.0023101819679141045,-0.0023101819679141045
1789134922492726,0.004119927063584328,0.004119927063584328
1789134922494726,-0.03543064370751381,-0.03543064370751381
1789134922510726,-0.08414413779973984,-0.08414413779973984
1789134922520726,-0.08751522749662399,-0.08751522749662399
1789134922528726,-0.009490640833973885,-0.009490640833973885
1789134922540726,-0.021534429863095284,-0.021534429863095284
1789134922552726,0.03478037938475609,0.03478037938475609
1789134922554726,0.023807862773537636,0.023807862773537636
1789134922570726,0.06303422152996063,0.06303422152996063
1789134922580726,0.057403288781642914,0.057403288781642914
1789134922590726,0.035062938928604126,0.035062938928604126
1789134922600726,0.06309225410223007,0.06309225410223007
1789134922612726,0.0560905896127224,0.0560905896127224
1789134922620726,0.006242835428565741,0.006242835428565741
1789134922626726,-0.0322149321436882,-0.0322149321436882
1789134922640726,-0.03730103373527527,-0.03730103373527527
1789134922650726,-0.04827014356851578,-0.04827014356851578
1789134922660726,0.05681054666638374,0.05681054666638374
1789134922672726,0.046091459691524506,0.046091459691524506
1789134922674726,0.037192199379205704,0.037192199379205704
1789134922690726,-0.012750063091516495,-0.012750063091516495
1789134922700726,-0.016543995589017868,-0.016543995589017868
1789134922710726,-0.03472679853439331,-0.03472679853439331
1789134922720726,-0.012739387340843678,-0.012739387340843678
1789134922732726,0.07124771177768707,0.07124771177768707
1789134922740726,0.02714107371866703,0.02714107371866703
1789134922748726,-0.014847105368971825,-0.014847105368971825
1789134922758726,-0.024714935570955276,-0.024714935570955276
1789134922770726,-0.027936436235904694,-0.027936436235904694
1789134922780726,-0.014882870018482208,-0.014882870018482208
1789134922792726,0.0480864942073822,0.0480864942073822
1789134922802889,0.04322854429483414,0.04322854429483414
1789134922810889,0.03928118571639061,0.03928118571639061
1789134922820889,0.0356009379029274,0.0356009379029274
1789134922826889,-0.10563415288925171,-0.10563415288925171
1789134922840889,-0.11093907803297043,-0.11093907803297043
1789134922852889,-0.09342239052057266,-0.09342239052057266
1789134922856889,-0.09046324342489243,-0.09046324342489243
1789134922866889,-0.11955816298723221,-0.11955816298723221
1789134922880889,-0.12009074538946152,-0.12009074538946152
1789134922890889,-0.12362442165613174,-0.12362442165613174
1789134922900889,-0.11966043710708618,-0.11966043710708618
1789134922912889,0.005875096656382084,0.005875096656382084
1789134922914889,-0.014020153321325779,-0.014020153321325779
1789134922930889,0.017070651054382324,0.017070651054382324
1789134922940889,0.013383923098444939,0.013383923098444939
1789134922948889,0.01708412915468216,0.01708412915468216
1789134922960889,-0.0562763512134552,-0.0562763512134552
1789134922972889,-0.09470031410455704,-0.09470031410455704
1789134922980889,-0.09628242999315262,-0.09628242999315262
1789134922988889,-0.09908558428287506,-0.09908558428287506
1789134923000889,-0.09935492277145386,-0.09935492277145386
1789134923010889,-0.10082825273275375,-0.10082825273275375
1789134923020889,-0.09921421855688095,-0.09921421855688095
1789134923030889,-0.023739760741591454,-0.023739760741591454
1789134923034889,-0.026393232867121696,-0.026393232867121696
1789134923050889,-0.016925007104873657,-0.016925007104873657
1789134923056889,-0.07178102433681488,-0.07178102433681488
1789134923070889,-0.07942373305559158,-0.07942373305559158
1789134923080889,-0.07611358910799026,-0.07611358910799026
1789134923092889,-0.1860368400812149,-0.1860368400812149
1789134923100889,-0.18463899195194244,-0.18463899195194244
1789134923110889,-0.16523003578186035,-0.16523003578186035
1789134923120889,-0.16426551342010498,-0.16426551342010498
1789134923130889,-0.16112224757671356,-0.16112224757671356
1789134923140889,-0.1654507964849472,-0.1654507964849472
1789134923152889,-0.07645146548748016,-0.07645146548748016
1789134923154889,-0.07681725174188614,-0.07681725174188614
1789134923170889,-0.026023810729384422,-0.026023810729384422
1789134923180889,-0.030293092131614685,-0.030293092131614685
1789134923188889,0.04044279828667641,0.04044279828667641
1789134923200889,0.012014482170343399,0.012014482170343399
1789134923212889,0.050376757979393005,0.050376757979393005
1789134923220889,0.012772904708981514,0.012772904708981514
1789134923230889,0.02252821810543537,0.02252821810543537
1789134923240889,0.009085441008210182,0.009085441008210182
1789134923250889,-0.018147900700569153,-0.018147900700569153
1789134923260889,0.022568339481949806,0.022568339481949806
1789134923272889,0.07961154729127884,0.07961154729127884
1789134923274889,0.0018764459528028965,0.0018764459528028965
1789134923286889,-0.04244506359100342,-0.04244506359100342
1789134923300889,-0.0482034794986248,-0.0482034794986248
1789134923310889,-0.08221663534641266,-0.08221663534641266
1789134923320889,0.09798430651426315,0.09798430651426315
1789134923332889,0.10442634671926498,0.10442634671926498
1789134923340889,0.07260942459106445,0.07260942459106445
1789134923348889,0.024375807493925095,0.024375807493925095
1789134923360889,0.011253532022237778,0.011253532022237778
1789134923370889,-0.012632181867957115,-0.012632181867957115
1789134923380889,0.02438008040189743,0.02438008040189743
1789134923392889,0.09221293777227402,0.09221293777227402
1789134923400889,0.01920057274401188,0.01920057274401188
1789134923410889,0.07755402475595474,0.07755402475595474
1789134923418889,0.06033874303102493,0.06033874303102493
1789134923430889,0.023656507954001427,0.023656507954001427
1789134923440889,0.07766721397638321,0.07766721397638321
1789134923452889,0.23063892126083374,0.23063892126083374
1789134923460889,0.1162264347076416,0.1162264347076416
1789134923470889,0.09740548580884933,0.09740548580884933
1789134923480889,0.07950565963983536,0.07950565963983536
1789134923488889,0.13463665544986725,0.13463665544986725
1789134923500889,0.10732105374336243,0.10732105374336243
1789134923512889,0.13111929595470428,0.13111929595470428
1789134923514889,0.07655806839466095,0.07655806839466095
1789134923530889,0.045637134462594986,0.045637134462594986
1789134923540889,0.03873094171285629,0.03873094171285629
1789134923548889,0.04567005857825279,0.04567005857825279
1789134923560889,0.04569569602608681,0.04569569602608681
1789134923572889,0.20505613088607788,0.20505613088607788
1789134923580889,0.11912404745817184,0.11912404745817184
1789134923590889,0.10396197438240051,0.10396197438240051
1789134923600889,0.08811017870903015,0.08811017870903015
1789134923610889,0.05555776506662369,0.05555776506662369
1789134923620889,0.07448206096887589,0.07448206096887589
1789134923632889,0.07902904599905014,0.07902904599905014
1789134923634889,0.06525064259767532,0.06525064259767532
1789134923648889,0.05229280889034271,0.05229280889034271
1789134923660889,0.0465763583779335,0.0465763583779335
1789134923670889,0.019775107502937317,0.019775107502937317
1789134923680889,0.05236183851957321,0.05236183851957321
1789134923692889,0.1493965983390808,0.1493965983390808
1789134923700889,0.07799891382455826,0.07799891382455826
1789134923710889,0.07990772277116776,0.07990772277116776
1789134923716889,0.0911320149898529,0.0911320149898529
1789134923730889,0.05342322215437889,0.05342322215437889
1789134923740889,0.06726597249507904,0.06726597249507904
1789134923752889,0.010970513336360455,0.010970513336360455
1789134923754889,-0.009262951090931892,-0.009262951090931892
1789134923770889,0.035060543566942215,0.035060543566942215
1789134923780889,0.030824977904558182,0.030824977904558182
1789134923790889,0.01250842958688736,0.01250842958688736
1789134923801052,0.03509126231074333,0.03509126231074333
1789134923813052,0.008811352774500847,0.008811352774500847
1789134923815052,-0.02740797959268093,-0.02740797959268093
1789134923831052,-0.03237676993012428,-0.03237676993012428
1789134923841052,-0.0380539745092392,-0.0380539745092392
1789134923849052,0.05974236875772476,0.05974236875772476
1789134923861052,0.040879860520362854,0.040879860520362854
1789134923873052,0.06753646582365036,0.06753646582365036
1789134923875052,0.041120123118162155,0.041120123118162155
1789134923891052,0.021949967369437218,0.021949967369437218
1789134923901052,0.01918392814695835,0.01918392814695835
1789134923911052,0.014093289151787758,0.014093289151787758
1789134923921052,0.021973002701997757,0.021973002701997757
1789134923933052,0.09493814408779144,0.09493814408779144
1789134923943052,0.07420705258846283,0.07420705258846283
1789134923947052,0.06514376401901245,0.06514376401901245
1789134923961052,0.05370497331023216,0.05370497331023216
1789134923971052,0.030873388051986694,0.030873388051986694
1789134923981052,0.15779154002666473,0.15779154002666473
1789134923993052,0.12924078106880188,0.12924078106880188
1789134924001052,0.11642877757549286,0.11642877757549286
1789134924011052,0.08715692907571793,0.08715692907571793
1789134924021052,0.08163320273160934,0.08163320273160934
1789134924031052,0.056631315499544144,0.056631315499544144
1789134924041052,0.0872710645198822,0.0872710645198822
1789134924053052,0.17270535230636597,0.17270535230636597
1789134924059052,0.10872494429349899,0.10872494429349899
1789134924071052,0.024362118914723396,0.024362118914723396
1789134924079052,0.015323741361498833,0.015323741361498833
1789134924091052,0.01228509284555912,0.01228509284555912
1789134924101052,0.024374213069677353,0.024374213069677353
1789134924113052,0.036489177495241165,0.036489177495241165
1789134924115052,0.01133387815207243,0.01133387815207243
1789134924131052,0.0042276144959032536,0.0042276144959032536
1789134924141052,0.002312086056917906,0.002312086056917906
1789134924149052,0.05607333034276962,0.05607333034276962
1789134924161052,0.048999492079019547,0.048999492079019547
1789134924173052,0.06821972876787186,0.06821972876787186
1789134924183052,0.04526907578110695,0.04526907578110695
1789134924191052,0.0436670146882534,0.0436670146882534
1789134924201052,0.04060088470578194,0.04060088470578194
1789134924211052,0.03351440653204918,0.03351440653204918
1789134924221052,0.043721720576286316,0.043721720576286316
1789134924233052,0.0317063145339489,0.0317063145339489
1789134924235052,0.00986470840871334,0.00986470840871334
1789134924251052,-0.029515521600842476,-0.029515521600842476
1789134924261052,-0.029126932844519615,-0.029126932844519615
1789134924271052,-0.028522906824946404,-0.028522906824946404
1789134924281052,-0.0013137557543814182,-0.0013137557543814182
1789134924293052,0.005315238144248724,0.005315238144248724
1789134924301052,0.0016847522929310799,0.0016847522929310799
1789134924309052,0.007051851600408554,0.007051851600408554
1789134924321052,0.0040685380809009075,0.0040685380809009075
1789134924331052,-0.00200708769261837,-0.00200708769261837
1789134924341052,0.007080076728016138,0.007080076728016138
1789134924353052,0.03677067533135414,0.03677067533135414
1789134924363052,0.0012145834043622017,0.0012145834043622017
1789134924371052,0.00027485471218824387,0.00027485471218824387
1789134924377052,-0.016493692994117737,-0.016493692994117737
1789134924391052,-0.015959370881319046,-0.015959370881319046
1789134924401052,-0.017470920458436012,-0.017470920458436012
1789134924413052,0.01959596946835518,0.01959596946835518
1789134924423052,0.007803807500749826,0.007803807500749826
1789134924431052,0.005135909654200077,0.005135909654200077
1789134924441052,0.002836502157151699,0.002836502157151699
1789134924451052,-0.004719987045973539,-0.004719987045973539
1789134924461052,0.00515538128092885,0.00515538128092885
1789134924473052,0.08003672957420349,0.08003672957420349
1789134924475052,0.05009857565164566,0.05009857565164566
1789134924491052,0.013180190697312355,0.013180190697312355
1789134924501052,0.012041762471199036,0.012041762471199036
1789134924509052,-0.04934820905327797,-0.04934820905327797
1789134924521052,-0.04843921586871147,-0.04843921586871147
1789134924533052,-0.049189694225788116,-0.049189694225788116
1789134924543052,-0.05618451535701752,-0.05618451535701752
1789134924549052,-0.054800331592559814,-0.054800331592559814
1789134924561052,-0.055596619844436646,-0.055596619844436646
1789134924571052,-0.058186404407024384,-0.058186404407024384
1789134924581052,-0.05484006553888321,-0.05484006553888321
1789134924593052,0.04534279555082321,0.04534279555082321
1789134924603052,0.026949603110551834,0.026949603110551834
1789134924607052,0.019310997799038887,0.019310997799038887
1789134924621052,0.017490794882178307,0.017490794882178307
1789134924631052,0.014230597764253616,0.014230597764253616
1789134924641052,-0.022465409711003304,-0.022465409711003304
1789134924653052,0.005538243800401688,0.005538243800401688
1789134924661052,0.00485161691904068,0.00485161691904068
1789134924671052,-2.5163404643535614e-05,-2.5163404643535614e-05
1789134924681052,-0.0035307297948747873,-0.0035307297948747873
1789134924691052,-0.010994058102369308,-0.010994058102369308
1789134924701052,-5.8673322200775146e-08,-5.8673322200775146e-08
1789134924713052,0.14595508575439453,0.14595508575439453
1789134924721052,0.11144635081291199,0.11144635081291199
1789134924731052,0.038296930491924286,0.038296930491924286
1789134924739052,0.033461496233940125,0.033461496233940125
1789134924749052,0.03833358734846115,0.03833358734846115
1789134924761052,0.023392073810100555,0.023392073810100555
1789134924773052,0.08717472851276398,0.08717472851276398
1789134924781052,0.062397606670856476,0.062397606670856476
1789134924791052,0.06548239290714264,0.06548239290714264
1789134924801214,0.058627497404813766,0.058627497404813766
1789134924811214,0.05235695838928223,0.05235695838928223
1789134924821214,0.024755604565143585,0.024755604565143585
1789134924833214,0.11054112762212753,0.11054112762212753
1789134924835214,0.06331609934568405,0.06331609934568405
1789134924851214,0.05474007874727249,0.05474007874727249
1789134924861214,0.05336159095168114,0.05336159095168114
1789134924869214,0.02065456286072731,0.02065456286072731
1789134924881214,0.014853608794510365,0.014853608794510365
1789134924893214,0.046857111155986786,0.046857111155986786
1789134924901214,0.040773168206214905,0.040773168206214905
1789134924911214,0.07823098450899124,0.07823098450899124
1789134924921214,0.07410721480846405,0.07410721480846405
1789134924931214,0.06590471416711807,0.06590471416711807
1789134924941214,0.05107978731393814,0.05107978731393814
1789134924953214,0.012380756437778473,0.012380756437778473
1789134924955214,0.012325314804911613,0.012325314804911613
1789134924969214,0.01247443538159132,0.01247443538159132
1789134924981214,0.012641371227800846,0.012641371227800846
1789134924991214,0.011897193267941475,0.011897193267941475
1789134925001214,0.012517236173152924,0.012517236173152924
1789134925013214,0.08443798869848251,0.08443798869848251
1789134925021214,0.07816098630428314,0.07816098630428314
1789134925031214,0.055188294500112534,0.055188294500112534
1789134925037214,0.03690151125192642,0.03690151125192642
1789134925051214,0.03621798753738403,0.03621798753738403
1789134925061214,0.04194178059697151,0.04194178059697151
1789134925073214,0.03660066798329353,0.03660066798329353
1789134925075214,0.03663403540849686,0.03663403540849686
1789134925091214,0.024482307955622673,0.024482307955622673
1789134925101214,0.025684073567390442,0.025684073567390442
1789134925111214,0.033526089042425156,0.033526089042425156
1789134925121214,0.02450878731906414,0.02450878731906414
1789134925133214,-0.001524045830592513,-0.001524045830592513
1789134925135214,0.016065873205661774,0.016065873205661774
1789134925149214,0.030193552374839783,0.030193552374839783
1789134925161214,0.030518196523189545,0.030518196523189545
1789134925169214,0.03878554701805115,0.03878554701805115
1789134925181214,0.03971076384186745,0.03971076384186745
1789134925193214,-0.0015536218415945768,-0.0015536218415945768
1789134925195214,0.007732946425676346,0.007732946425676346
1789134925211214,0.010317837819457054,0.010317837819457054
1789134925221214,0.01199642289429903,0.01199642289429903
1789134925231214,0.01831364817917347,0.01831364817917347
1789134925241214,0.0103435218334198,0.0103435218334198
1789134925253214,-0.0413607582449913,-0.0413607582449913
1789134925261214,-0.02048870176076889,-0.02048870176076889
1789134925267214,0.00017498759552836418,0.00017498759552836418
1789134925281214,0.004072236828505993,0.004072236828505993
1789134925291214,0.013524797745049,0.013524797745049
1789134925301214,-0.01781962253153324,-0.01781962253153324
1789134925313214,0.010268121026456356,0.010268121026456356
1789134925315214,0.014136319980025291,0.014136319980025291
1789134925331214,0.03487474471330643,0.03487474471330643
1789134925341214,0.03710850700736046,0.03710850700736046
1789134925349214,0.03488688915967941,0.03488688915967941
1789134925361214,0.034905895590782166,0.034905895590782166
1789134925373214,-0.1581568866968155,-0.1581568866968155
1789134925381214,-0.11076619476079941,-0.11076619476079941
1789134925391214,-0.10023722052574158,-0.10023722052574158
1789134925399214,-0.07523888349533081,-0.07523888349533081
1789134925411214,-0.06285423040390015,-0.06285423040390015
1789134925421214,-0.10039405524730682,-0.10039405524730682
1789134925433214,-0.11718107014894485,-0.11718107014894485
1789134925435214,-0.05206114053726196,-0.05206114053726196
1789134925451214,-0.014815548434853554,-0.014815548434853554
1789134925461214,-0.012183429673314095,-0.012183429673314095
1789134925469214,0.03101460449397564,0.03101460449397564
1789134925481214,0.037526506930589676,0.037526506930589676
1789134925493214,-0.03503555804491043,-0.03503555804491043
1789134925503214,-0.02972233109176159,-0.02972233109176159
1789134925511214,-0.02787424810230732,-0.02787424810230732
1789134925521214,-0.021929064765572548,-0.021929064765572548
1789134925531214,-0.011332724243402481,-0.011332724243402481
1789134925541214,-0.006710568442940712,-0.006710568442940712
1789134925553214,0.07225792109966278,0.07225792109966278
1789134925563214,0.1089121401309967,0.1089121401309967
1789134925571214,0.10361282527446747,0.10361282527446747
1789134925581214,0.10198286175727844,0.10198286175727844
1789134925591214,0.09069830924272537,0.09069830924272537
1789134925601214,0.06207319721579552,0.06207319721579552
1789134925611214,0.01220453530550003,0.01220453530550003
1789134925623214,0.031159063801169395,0.031159063801169395
1789134925629214,0.03265900909900665,0.03265900909900665
1789134925641214,0.03277398645877838,0.03277398645877838
1789134925651214,0.0328805036842823,0.0328805036842823
1789134925661214,0.032716065645217896,0.032716065645217896
1789134925673214,0.020079217851161957,0.020079217851161957
1789134925683214,0.021763836964964867,0.021763836964964867
1789134925691214,0.023882301524281502,0.023882301524281502
1789134925697214,0.03805025666952133,0.03805025666952133
1789134925711214,0.03957795724272728,0.03957795724272728
1789134925721214,0.039589107036590576,0.039589107036590576
1789134925733214,0.010154095478355885,0.010154095478355885
1789134925743214,0.011842494830489159,0.011842494830489159
1789134925749214,0.015738513320684433,0.015738513320684433
1789134925761214,0.019766224548220634,0.019766224548220634
1789134925771214,0.021426189690828323,0.021426189690828323
1789134925781214,0.015763482078909874,0.015763482078909874
1789134925793214,0.0045046135783195496,0.0045046135783195496
1789134925795214,0.028015868738293648,0.028015868738293648
1789134925811376,0.03100176528096199,0.03100176528096199
1789134925821376,0.03285904601216316,0.03285904601216316
1789134925829376,-0.01801619678735733,-0.01801619678735733
1789134925841376,-0.004805931821465492,-0.004805931821465492
1789134925853376,0.029310422018170357,0.029310422018170357
1789134925861376,0.04380222037434578,0.04380222037434578
1789134925867376,-0.0035060851369053125,-0.0035060851369053125
1789134925881376,0.0030626854859292507,0.0030626854859292507
1789134925891376,0.017747506499290466,0.017747506499290466
1789134925901376,-0.003539304481819272,-0.003539304481819272
1789134925913376,-0.045569490641355515,-0.045569490641355515
1789134925921376,-0.005372948944568634,-0.005372948944568634
1789134925927376,0.003570243949070573,0.003570243949070573
1789134925941376,0.0062529887072741985,0.0062529887072741985
1789134925949376,0.003577963449060917,0.003577963449060917
1789134925961376,0.02387138456106186,0.02387138456106186
1789134925973376,0.027719944715499878,0.027719944715499878
1789134925981376,0.03312089294195175,0.03312089294195175
1789134925991376,0.007509530987590551,0.007509530987590551
1789134926001376,0.012093243189156055,0.012093243189156055
1789134926011376,0.023073261603713036,0.023073261603713036
1789134926021376,0.007518436759710312,0.007518436759710312
1789134926033376,-0.03792611509561539,-0.03792611509561539
1789134926041376,-0.00332574057392776,-0.00332574057392776
1789134926051376,0.010005085729062557,0.010005085729062557
1789134926059376,0.014800729230046272,0.014800729230046272
1789134926071376,0.025436650961637497,0.025436650961637497
1789134926081376,0.010017991997301579,0.010017991997301579
1789134926093376,-0.08228342235088348,-0.08228342235088348
1789134926101376,-0.04580294340848923,-0.04580294340848923
1789134926111376,-0.03409070149064064,-0.03409070149064064
1789134926121376,-0.025012154132127762,-0.025012154132127762
1789134926129376,-0.049247968941926956,-0.049247968941926956
1789134926141376,-0.020578643307089806,-0.020578643307089806
1789134926153376,-0.01790788769721985,-0.01790788769721985
1789134926157376,-0.006696108728647232,-0.006696108728647232
1789134926171376,-0.017422517761588097,-0.017422517761588097
1789134926181376,-0.014412644319236279,-0.014412644319236279
1789134926191376,-0.002082519233226776,-0.002082519233226776
1789134926201376,-0.017424380406737328,-0.017424380406737328
1789134926213376,-0.08534660190343857,-0.08534660190343857
1789134926221376,-0.048576463013887405,-0.048576463013887405
1789134926231376,-0.027074864134192467,-0.027074864134192467
1789134926241376,-0.018167637288570404,-0.018167637288570404
1789134926251376,-0.0005938613321632147,-0.0005938613321632147
1789134926261376,-0.06562647968530655,-0.06562647968530655
1789134926273376,-0.06006162613630295,-0.06006162613630295
1789134926275376,-0.051443781703710556,-0.051443781703710556
1789134926289376,-0.02205287665128708,-0.02205287665128708
1789134926301376,-0.017362110316753387,-0.017362110316753387
1789134926311376,0.0059884656220674515,0.0059884656220674515
1789134926321376,-0.022112973034381866,-0.022112973034381866
1789134926331376,-0.1337084174156189,-0.1337084174156189
1789134926343376,-0.10973139107227325,-0.10973139107227325
1789134926349376,-0.09794935584068298,-0.09794935584068298
1789134926361376,-0.09209415316581726,-0.09209415316581726
1789134926371376,-0.07335369288921356,-0.07335369288921356
1789134926381376,-0.09804058074951172,-0.09804058074951172
1789134926393376,-0.00028827902860939503,-0.00028827902860939503
1789134926401376,0.020138390362262726,0.020138390362262726
1789134926411376,0.032950520515441895,0.032950520515441895
1789134926421376,0.033891063183546066,0.033891063183546066
1789134926431376,0.040875595062971115,0.040875595062971115
1789134926441376,0.03298799693584442,0.03298799693584442
1789134926451376,0.018625061959028244,0.018625061959028244
1789134926455376,0.021491263061761856,0.021491263061761856
1789134926471376,-0.006012191995978355,-0.006012191995978355
1789134926481376,-0.0032193725928664207,-0.0032193725928664207
1789134926489376,0.02284621074795723,0.02284621074795723
1789134926501376,0.029950512573122978,0.029950512573122978
1789134926513376,0.06349019706249237,0.06349019706249237
1789134926515376,0.062471337616443634,0.062471337616443634
1789134926531376,0.041449449956417084,0.041449449956417084
1789134926541376,0.042419031262397766,0.042419031262397766
1789134926549376,0.041471078991889954,0.041471078991889954
1789134926561376,0.04149339348077774,0.04149339348077774
1789134926573376,-0.010679670609533787,-0.010679670609533787
1789134926581376,0.0038100802339613438,0.0038100802339613438
1789134926587376,-0.02033882774412632,-0.02033882774412632
1789134926601376,-0.015624049119651318,-0.015624049119651318
1789134926611376,-0.007617677096277475,-0.007617677096277475
1789134926621376,0.013811020180583,0.013811020180583
1789134926633376,0.03476596996188164,0.03476596996188164
1789134926635376,0.03679993003606796,0.03679993003606796
1789134926651376,0.03370123729109764,0.03370123729109764
1789134926661376,0.03475530818104744,0.03475530818104744
1789134926671376,0.04167872294783592,0.04167872294783592
1789134926681376,0.03374170884490013,0.03374170884490013
1789134926693376,-0.023616990074515343,-0.023616990074515343
1789134926701376,-0.003167100716382265,-0.003167100716382265
1789134926711376,0.005052872002124786,0.005052872002124786
1789134926719376,0.011246327310800552,0.011246327310800552
1789134926731376,0.016075357794761658,0.016075357794761658
1789134926741376,0.005065555684268475,0.005065555684268475
1789134926753376,0.011010975576937199,0.011010975576937199
1789134926755376,0.022529952228069305,0.022529952228069305
1789134926771376,0.024788323789834976,0.024788323789834976
1789134926781376,0.026631323620676994,0.026631323620676994
1789134926789376,-0.0020979351829737425,-0.0020979351829737425
1789134926801376,0.0037359532434493303,0.0037359532434493303
1789134926813376,0.009785870090126991,0.009785870090126991
1789134926817538,0.02397954650223255,0.02397954650223255
1789134926831538,-0.013832065276801586,-0.013832065276801586
1789134926841538,-0.0083687212318182,-0.0083687212318182
1789134926851538,0.0012098199222236872,0.0012098199222236872
1789134926861538,-0.013824556022882462,-0.013824556022882462
1789134926873538,-0.05314985662698746,-0.05314985662698746
1789134926881538,-0.041936181485652924,-0.041936181485652924
1789134926891538,0.006907736416906118,0.006907736416906118
1789134926901538,0.009450261481106281,0.009450261481106281
1789134926911538,0.026422763243317604,0.026422763243317604
1789134926921538,-0.0740746557712555,-0.0740746557712555
1789134926933538,-0.14675810933113098,-0.14675810933113098
1789134926941538,-0.12407807260751724,-0.12407807260751724
1789134926949538,-0.09451493620872498,-0.09451493620872498
1789134926961538,-0.08229947090148926,-0.08229947090148926
1789134926971538,-0.07658741623163223,-0.07658741623163223
1789134926981538,-0.09465213865041733,-0.09465213865041733
1789134926993538,-0.13764269649982452,-0.13764269649982452
1789134926995538,-0.0700971707701683,-0.0700971707701683
1789134927011538,-0.04566612467169762,-0.04566612467169762
1789134927017538,-0.054053738713264465,-0.054053738713264465
1789134927031538,-0.028399521484971046,-0.028399521484971046
1789134927041538,-0.045740943402051926,-0.045740943402051926
1789134927053538,-0.1652086079120636,-0.1652086079120636
1789134927059538,-0.13938087224960327,-0.13938087224960327
1789134927071538,-0.12881821393966675,-0.12881821393966675
1789134927081538,-0.11879534274339676,-0.11879534274339676
1789134927091538,-0.10042731463909149,-0.10042731463909149
1789134927101538,-0.12893812358379364,-0.12893812358379364
1789134927113538,-0.07892800867557526,-0.07892800867557526
1789134927115538,-0.03314127027988434,-0.03314127027988434
1789134927131538,-0.018127121031284332,-0.018127121031284332
1789134927141538,-0.01704557240009308,-0.01704557240009308
1789134927149538,-0.059071555733680725,-0.059071555733680725
1789134927161538,-0.04450717195868492,-0.04450717195868492
1789134927171538,-0.05090418830513954,-0.05090418830513954
1789134927181538,-0.04750384762883186,-0.04750384762883186
1789134927191538,-0.06645513325929642,-0.06645513325929642
1789134927201538,-0.06211180239915848,-0.06211180239915848
1789134927211538,-0.05269346758723259,-0.05269346758723259
1789134927221538,-0.06653190404176712,-0.06653190404176712
1789134927233538,-0.07607510685920715,-0.07607510685920715
1789134927235538,-0.05159589275717735,-0.05159589275717735
1789134927247538,-0.07626093924045563,-0.07626093924045563
1789134927261538,-0.0750955194234848,-0.0750955194234848
1789134927271538,-0.07343324273824692,-0.07343324273824692
1789134927281538,-0.07355347275733948,-0.07355347275733948
1789134927293538,-0.0348631925880909,-0.0348631925880909
1789134927301538,-0.03237362205982208,-0.03237362205982208
1789134927311538,-0.040213994681835175,-0.040213994681835175
1789134927321538,-0.04130588471889496,-0.04130588471889496
1789134927331538,-0.04491029679775238,-0.04491029679775238
1789134927341538,-0.04023159295320511,-0.04023159295320511
1789134927353538,0.09307875484228134,0.09307875484228134
1789134927363538,0.05328035727143288,0.05328035727143288
1789134927371538,0.038273293524980545,0.038273293524980545
1789134927379538,0.03148924559354782,0.03148924559354782
1789134927391538,0.019737351685762405,0.019737351685762405
1789134927401538,0.03832845389842987,0.03832845389842987
1789134927413538,-0.08367560058832169,-0.08367560058832169
1789134927421538,-0.10438571125268936,-0.10438571125268936
1789134927431538,-0.1107594445347786,-0.1107594445347786
1789134927441538,-0.10923384130001068,-0.10923384130001068
1789134927449538,-0.07874592393636703,-0.07874592393636703
1789134927461538,-0.07686079293489456,-0.07686079293489456
1789134927473538,0.0009194309823215008,0.0009194309823215008
1789134927475538,-0.006460233591496944,-0.006460233591496944
1789134927491538,0.10267743468284607,0.10267743468284607
1789134927501538,0.0988251268863678,0.0988251268863678
1789134927511538,0.09010886400938034,0.09010886400938034
1789134927521538,0.10273417830467224,0.10273417830467224
1789134927533538,-0.08139066398143768,-0.08139066398143768
1789134927541538,-0.09427294880151749,-0.09427294880151749
1789134927549538,-0.126301109790802,-0.126301109790802
1789134927561538,-0.1220252513885498,-0.1220252513885498
1789134927571538,-0.11514639854431152,-0.11514639854431152
1789134927581538,-0.06047935038805008,-0.06047935038805008
1789134927591538,-0.03648992255330086,-0.03648992255330086
1789134927601538,-0.03695868328213692,-0.03695868328213692
1789134927609538,-0.004420990590006113,-0.004420990590006113
1789134927621538,-0.008478812873363495,-0.008478812873363495
1789134927631538,-0.035923246294260025,-0.035923246294260025
1789134927641538,-0.004341114312410355,-0.004341114312410355
1789134927651538,0.1662140041589737,0.1662140041589737
1789134927661538,0.15167206525802612,0.15167206525802612
1789134927671538,0.11819129437208176,0.11819129437208176
1789134927677538,0.0942782536149025,0.0942782536149025
1789134927691538,0.06513049453496933,0.06513049453496933
1789134927701538,0.07082062214612961,0.07082062214612961
1789134927713538,0.07802873849868774,0.07802873849868774
1789134927721538,0.05740831047296524,0.05740831047296524
1789134927731538,0.03772895783185959,0.03772895783185959
1789134927741538,0.03366359323263168,0.03366359323263168
1789134927749538,0.03775767982006073,0.03775767982006073
1789134927761538,0.008248120546340942,0.008248120546340942
1789134927771538,0.02534780278801918,0.02534780278801918
1789134927783538,0.045603424310684204,0.045603424310684204
1789134927791538,0.04402759671211243,0.04402759671211243
1789134927801538,0.0398533008992672,0.0398533008992672
1789134927807538,0.06226012483239174,0.06226012483239174
1789134927821700,0.04514596611261368,0.04514596611261368
1789134927833700,0.009721120819449425,0.009721120819449425
1789134927841700,-0.004697434604167938,-0.004697434604167938
1789134927851700,-0.02326372265815735,-0.02326372265815735
1789134927861700,-0.023209240287542343,-0.023209240287542343
1789134927869700,-0.0166914165019989,-0.0166914165019989
1789134927881700,-0.016332222148776054,-0.016332222148776054
1789134927893700,0.034583497792482376,0.034583497792482376
1789134927901700,0.02570803463459015,0.02570803463459015
1789134927907700,0.03983115404844284,0.03983115404844284
1789134927921700,0.03470373898744583,0.03470373898744583
1789134927931700,0.02203691005706787,0.02203691005706787
1789134927941700,0.08199312537908554,0.08199312537908554
1789134927951700,0.07107539474964142,0.07107539474964142
1789134927963700,0.02433890290558338,0.02433890290558338
1789134927971700,0.015786277130246162,0.015786277130246162
1789134927981700,0.014391654171049595,0.014391654171049595
1789134927991700,0.009461527690291405,0.009461527690291405
1789134928001700,0.0058440277352929115,0.0058440277352929115
1789134928011700,0.0853012427687645,0.0853012427687645
1789134928023700,0.058115892112255096,0.058115892112255096
1789134928031700,0.0523667149245739,0.0523667149245739
1789134928039700,0.045112866908311844,0.045112866908311844
1789134928051700,0.046727702021598816,0.046727702021598816
1789134928061700,0.06341032683849335,0.06341032683849335
1789134928073700,0.037831827998161316,0.037831827998161316
1789134928081700,0.033910416066646576,0.033910416066646576
1789134928091700,0.025219164788722992,0.025219164788722992
1789134928101700,0.02411961741745472,0.02411961741745472
1789134928109700,0.026534784585237503,0.026534784585237503
1789134928121700,0.02423393912613392,0.02423393912613392
1789134928133700,0.061975330114364624,0.061975330114364624
1789134928137700,0.05373326316475868,0.05373326316475868
1789134928149700,0.05577801540493965,0.05577801540493965
1789134928161700,0.05357564613223076,0.05357564613223076
1789134928171700,0.048457883298397064,0.048457883298397064
1789134928181700,0.0558490976691246,0.0558490976691246
1789134928193700,0.059335023164749146,0.059335023164749146
1789134928195700,0.04572576284408569,0.04572576284408569
1789134928211700,0.020053189247846603,0.020053189247846603
1789134928221700,0.020357761532068253,0.020357761532068253
1789134928231700,0.022994279861450195,0.022994279861450195
1789134928241700,0.03983892500400543,0.03983892500400543
1789134928253700,0.0096523342654109,0.0096523342654109
1789134928261700,0.009124642238020897,0.009124642238020897
1789134928269700,0.0005134991370141506,0.0005134991370141506
1789134928281700,0.0014056065119802952,0.0014056065119802952
1789134928291700,0.0011116666719317436,0.0011116666719317436
1789134928301700,0.0005492486525326967,0.0005492486525326967
1789134928311700,0.031080329790711403,0.031080329790711403
1789134928321700,0.031198790296912193,0.031198790296912193
1789134928331700,-0.017247935757040977,-0.017247935757040977
1789134928337700,-0.022158702835440636,-0.022158702835440636
1789134928349700,-0.011103671044111252,-0.011103671044111252
1789134928361700,-0.018015902489423752,-0.018015902489423752
1789134928373700,0.029560141265392303,0.029560141265392303
1789134928381700,0.035063888877630234,0.035063888877630234
1789134928391700,0.04147190600633621,0.04147190600633621
1789134928401700,0.04181796312332153,0.04181796312332153
1789134928411700,0.04296870529651642,0.04296870529651642
1789134928421700,0.041517432779073715,0.041517432779073715
1789134928433700,0.011750220321118832,0.011750220321118832
1789134928435700,0.017358727753162384,0.017358727753162384
1789134928451700,0.02485014498233795,0.02485014498233795
1789134928461700,0.02592497691512108,0.02592497691512108
1789134928469700,0.00445051584392786,0.00445051584392786
1789134928481700,0.013487713411450386,0.013487713411450386
1789134928493700,-0.009599662385880947,-0.009599662385880947
1789134928501700,0.003816261189058423,0.003816261189058423
1789134928511700,-0.022562416270375252,-0.022562416270375252
1789134928521700,-0.018128415569663048,-0.018128415569663048
1789134928531700,-0.009916916489601135,-0.009916916489601135
1789134928541700,-0.02256833203136921,-0.02256833203136921
1789134928551700,0.025454452261328697,0.025454452261328697
1789134928561700,0.04418734461069107,0.04418734461069107
1789134928567700,0.06258298456668854,0.06258298456668854
1789134928581700,0.06298138201236725,0.06298138201236725
1789134928591700,0.06627441942691803,0.06627441942691803
1789134928601700,-0.04996313899755478,-0.04996313899755478
1789134928613700,-0.0853428840637207,-0.0853428840637207
1789134928621700,-0.06957712024450302,-0.06957712024450302
1789134928631700,-0.043451763689517975,-0.043451763689517975
1789134928641700,-0.036731816828250885,-0.036731816828250885
1789134928651700,-0.024048954248428345,-0.024048954248428345
1789134928661700,-0.043490245938301086,-0.043490245938301086
1789134928673700,-0.07487474381923676,-0.07487474381923676
1789134928681700,-0.033585596829652786,-0.033585596829652786
1789134928691700,0.023175954818725586,0.023175954818725586
1789134928699700,0.025595659390091896,0.025595659390091896
1789134928711700,0.030484482645988464,0.030484482645988464
1789134928721700,0.023207731544971466,0.023207731544971466
1789134928733700,-0.05580735206604004,-0.05580735206604004
1789134928741700,-0.03157929331064224,-0.03157929331064224
1789134928749700,-0.027191177010536194,-0.027191177010536194
1789134928761700,-0.020044680684804916,-0.020044680684804916
1789134928769700,-0.030077530071139336,-0.030077530071139336
1789134928781700,-0.0199736375361681,-0.0199736375361681
1789134928793700,-0.000770465936511755,-0.000770465936511755
1789134928795700,0.013522746041417122,0.013522746041417122
1789134928811700,0.006552308797836304,0.006552308797836304
1789134928821861,0.008308587595820427,0.008308587595820427
1789134928831861,0.017684506252408028,0.017684506252408028
1789134928841861,0.006556689739227295,0.006556689739227295
1789134928853861,-0.11172462999820709,-0.11172462999820709
1789134928861861,-0.079761803150177,-0.079761803150177
1789134928867861,-0.06999664753675461,-0.06999664753675461
1789134928881861,-0.06384170055389404,-0.06384170055389404
1789134928891861,-0.05631445348262787,-0.05631445348262787
1789134928901861,-0.0816086009144783,-0.0816086009144783
1789134928911861,-0.03966587036848068,-0.03966587036848068
1789134928915861,-0.03841320797801018,-0.03841320797801018
1789134928929861,-0.02932860516011715,-0.02932860516011715
1789134928941861,-0.027748314663767815,-0.027748314663767815
1789134928949861,-0.02687457576394081,-0.02687457576394081
1789134928961861,-0.029323913156986237,-0.029323913156986237
1789134928971861,0.03125239163637161,0.03125239163637161
1789134928981861,0.03209882602095604,0.03209882602095604
1789134928991861,0.036068614572286606,0.036068614572286606
1789134928995861,-0.01782354712486267,-0.01782354712486267
1789134929011861,-0.013407397083938122,-0.013407397083938122
1789134929021861,-0.01474254485219717,-0.01474254485219717
1789134929033861,-0.05912433937191963,-0.05912433937191963
1789134929035861,-0.05414767563343048,-0.05414767563343048
1789134929051861,-0.008657854050397873,-0.008657854050397873
1789134929059861,-0.009253034368157387,-0.009253034368157387
1789134929071861,-0.015335594303905964,-0.015335594303905964
1789134929081861,-0.008617822080850601,-0.008617822080850601
1789134929093861,0.06554261595010757,0.06554261595010757
1789134929095861,0.05093580111861229,0.05093580111861229
1789134929111861,0.047534070909023285,0.047534070909023285
1789134929121861,0.047096505761146545,0.047096505761146545
1789134929129861,0.056512027978897095,0.056512027978897095
1789134929141861,0.054102204740047455,0.054102204740047455
1789134929153861,0.043658528476953506,0.043658528476953506
1789134929155861,0.04116765037178993,0.04116765037178993
1789134929171861,0.022808827459812164,0.022808827459812164
1789134929181861,0.022865597158670425,0.022865597158670425
1789134929191861,0.026142476126551628,0.026142476126551628
1789134929201861,0.022836066782474518,0.022836066782474518
1789134929213861,0.033506348729133606,0.033506348729133606
1789134929221861,0.03525987267494202,0.03525987267494202
1789134929227861,0.053062211722135544,0.053062211722135544
1789134929241861,0.05165591463446617,0.05165591463446617
1789134929251861,0.04894641414284706,0.04894641414284706
1789134929261861,0.021422697231173515,0.021422697231173515
1789134929273861,0.024886474013328552,0.024886474013328552
1789134929275861,0.02628936991095543,0.02628936991095543
1789134929291861,0.008422564715147018,0.008422564715147018
1789134929301861,0.009811580181121826,0.009811580181121826
1789134929311861,0.018465783447027206,0.018465783447027206
1789134929321861,0.00843014195561409,0.00843014195561409
1789134929333861,-0.009726603515446186,-0.009726603515446186
1789134929341861,0.00845995731651783,0.00845995731651783
1789134929349861,0.02482227422297001,0.02482227422297001
1789134929359861,0.026050224900245667,0.026050224900245667
1789134929371861,0.028024757280945778,0.028024757280945778
1789134929381861,0.024855967611074448,0.024855967611074448
1789134929393861,-0.0034615169279277325,-0.0034615169279277325
1789134929395861,0.00382296578027308,0.00382296578027308
1789134929411861,0.024803129956126213,0.024803129956126213
1789134929421861,0.025845317170023918,0.025845317170023918
1789134929429861,-0.02313518337905407,-0.02313518337905407
1789134929441861,-0.018097907304763794,-0.018097907304763794
1789134929453861,0.0041906507685780525,0.0041906507685780525
1789134929457861,0.018287165090441704,0.018287165090441704
1789134929471861,-0.011319480836391449,-0.011319480836391449
1789134929481861,-0.007878243923187256,-0.007878243923187256
1789134929491861,-0.0009991121478378773,-0.0009991121478378773
1789134929501861,-0.011319246143102646,-0.011319246143102646
1789134929513861,0.030837474390864372,0.030837474390864372
1789134929515861,0.04647458344697952,0.04647458344697952
1789134929531861,0.028734976425766945,0.028734976425766945
1789134929541861,0.02937290444970131,0.02937290444970131
1789134929549861,0.028767237439751625,0.028767237439751625
1789134929561861,0.07437355816364288,0.07437355816364288
1789134929573861,0.07560461014509201,0.07560461014509201
1789134929581861,0.07448532432317734,0.07448532432317734
1789134929589861,0.032009806483983994,0.032009806483983994
1789134929601861,0.03396714851260185,0.03396714851260185
1789134929611861,0.03928392753005028,0.03928392753005028
1789134929621861,0.03204653412103653,0.03204653412103653
1789134929631861,0.003999596927314997,0.003999596927314997
1789134929641861,0.007578958757221699,0.007578958757221699
1789134929651861,0.0019007278606295586,0.0019007278606295586
1789134929657861,0.01614004746079445,0.01614004746079445
1789134929671861,0.02514735609292984,0.02514735609292984
1789134929681861,0.01907341182231903,0.01907341182231903
1789134929693861,0.11297187954187393,0.11297187954187393
1789134929701861,0.11262623220682144,0.11262623220682144
1789134929711861,0.07528485357761383,0.07528485357761383
1789134929721861,0.075356625020504,0.075356625020504
1789134929731861,0.07715355604887009,0.07715355604887009
1789134929741861,0.07537375390529633,0.07537375390529633
1789134929753861,0.029441311955451965,0.029441311955451965
1789134929755861,0.03555644676089287,0.03555644676089287
1789134929771861,0.039666496217250824,0.039666496217250824
1789134929781861,0.0416705459356308,0.0416705459356308
1789134929789861,0.02120230533182621,0.02120230533182621
1789134929801861,0.032530203461647034,0.032530203461647034
1789134929813861,-0.004244948737323284,-0.004244948737323284
1789134929821861,0.012571283616125584,0.012571283616125584
1789134929832022,-0.014145397581160069,-0.014145397581160069
1789134929842022,-0.006415867246687412,-0.006415867246687412
1789134929852022,0.010692263022065163,0.010692263022065163
1789134929862022,-0.014169249683618546,-0.014169249683618546
1789134929874022,-0.03599179536104202,-0.03599179536104202
1789134929882022,-0.018223537132143974,-0.018223537132143974
1789134929888022,0.08104189485311508,0.08104189485311508
1789134929902022,0.08273425698280334,0.08273425698280334
1789134929912022,0.09523905813694,0.09523905813694
1789134929922022,-0.060430023819208145,-0.060430023819208145
1789134929934022,-0.105633944272995,-0.105633944272995
1789134929942022,-0.08218890428543091,-0.08218890428543091
1789134929950022,-0.055897701531648636,-0.055897701531648636
1789134929962022,-0.043117210268974304,-0.043117210268974304
1789134929972022,-0.01738336682319641,-0.01738336682319641
1789134929982022,-0.055979542434215546,-0.055979542434215546
1789134929994022,-0.14004863798618317,-0.14004863798618317
1789134930002022,-0.06383158266544342,-0.06383158266544342
1789134930012022,-0.06238016486167908,-0.06238016486167908
1789134930020022,-0.0508342944085598,-0.0508342944085598
1789134930032022,-0.03257456421852112,-0.03257456421852112
1789134930042022,-0.06241009011864662,-0.06241009011864662
1789134930054022,0.027488594874739647,0.027488594874739647
1789134930060022,0.0660930797457695,0.0660930797457695
1789134930072022,0.054332099854946136,0.054332099854946136
1789134930082022,0.058557938784360886,0.058557938784360886
1789134930090022,0.028228601440787315,0.028228601440787315
1789134930102022,0.03526253625750542,0.03526253625750542
1789134930114022,0.017694056034088135,0.017694056034088135
1789134930116022,0.03502804413437843,0.03502804413437843
1789134930132022,0.04775375872850418,0.04775375872850418
1789134930142022,0.05009455233812332,0.05009455233812332
1789134930150022,0.04778536781668663,0.04778536781668663
1789134930162022,0.04781031236052513,0.04781031236052513
1789134930174022,-0.07831724733114243,-0.07831724733114243
1789134930182022,-0.037289608269929886,-0.037289608269929886
1789134930192022,-0.026181655004620552,-0.026181655004620552
1789134930202022,-0.018833238631486893,-0.018833238631486893
1789134930212022,-0.003926853649318218,-0.003926853649318218
1789134930222022,0.0356501042842865,0.0356501042842865
1789134930234022,0.04906582087278366,0.04906582087278366
1789134930236022,0.054762888699769974,0.054762888699769974
1789134930250022,0.03596075624227524,0.03596075624227524
1789134930262022,0.040030576288700104,0.040030576288700104
1789134930272022,0.06753799319267273,0.06753799319267273
1789134930282022,0.035964857786893845,0.035964857786893845
1789134930294022,-0.14269649982452393,-0.14269649982452393
1789134930302022,-0.07520866394042969,-0.07520866394042969
1789134930312022,-0.04770928993821144,-0.04770928993821144
1789134930318022,-0.09727104753255844,-0.09727104753255844
1789134930332022,-0.05885854363441467,-0.05885854363441467
1789134930342022,-0.07180353254079819,-0.07180353254079819
1789134930354022,-0.07367100566625595,-0.07367100566625595
1789134930356022,-0.0491967499256134,-0.0491967499256134
1789134930372022,-0.00868228916078806,-0.00868228916078806
1789134930382022,-0.004583135712891817,-0.004583135712891817
1789134930392022,0.012316443957388401,0.012316443957388401
1789134930402022,-0.008730579167604446,-0.008730579167604446
1789134930414022,-0.27947136759757996,-0.27947136759757996
1789134930416022,-0.17965686321258545,-0.17965686321258545
1789134930432022,-0.15636804699897766,-0.15636804699897766
1789134930442022,-0.13723723590373993,-0.13723723590373993
1789134930450022,-0.2197135090827942,-0.2197135090827942
1789134930462022,-0.16214081645011902,-0.16214081645011902
1789134930474022,-0.19400125741958618,-0.19400125741958618
1789134930482022,-0.13786381483078003,-0.13786381483078003
1789134930492022,-0.14355501532554626,-0.14355501532554626
1789134930502022,-0.1353449672460556,-0.1353449672460556
1789134930512022,-0.09447416663169861,-0.09447416663169861
1789134930522022,-0.14372773468494415,-0.14372773468494415
1789134930534022,-0.17169004678726196,-0.17169004678726196
1789134930544022,-0.09591817110776901,-0.09591817110776901
1789134930548022,-0.0838964581489563,-0.0838964581489563
1789134930562022,-0.07480008900165558,-0.07480008900165558
1789134930572022,-0.057055480778217316,-0.057055480778217316
1789134930582022,-0.049728721380233765,-0.049728721380233765
1789134930594022,-0.016156863421201706,-0.016156863421201706
1789134930602022,-0.011880272999405861,-0.011880272999405861
1789134930612022,-0.061407096683979034,-0.061407096683979034
1789134930622022,-0.057557810097932816,-0.057557810097932816
1789134930632022,-0.041569530963897705,-0.041569530963897705
1789134930642022,-0.06147569417953491,-0.06147569417953491
1789134930654022,-0.02268988825380802,-0.02268988825380802
1789134930662022,-0.015085642226040363,-0.015085642226040363
1789134930672022,-0.003919208887964487,-0.003919208887964487
1789134930680022,-0.0008810760919004679,-0.0008810760919004679
1789134930692022,0.0023981360718607903,0.0023981360718607903
1789134930702022,0.010592259466648102,0.010592259466648102
1789134930714022,-0.10138346254825592,-0.10138346254825592
1789134930716022,-0.08103448897600174,-0.08103448897600174
1789134930732022,-0.09556601196527481,-0.09556601196527481
1789134930742022,-0.0923004224896431,-0.0923004224896431
1789134930750022,-0.020852385088801384,-0.020852385088801384
1789134930762022,-0.012511508539319038,-0.012511508539319038
1789134930774022,-0.03798394650220871,-0.03798394650220871
1789134930778022,-0.03651238605380058,-0.03651238605380058
1789134930792022,-0.03490413725376129,-0.03490413725376129
1789134930802022,-0.030959254130721092,-0.030959254130721092
1789134930812022,-0.02410459890961647,-0.02410459890961647
1789134930822022,-0.03494425117969513,-0.03494425117969513
1789134930834022,-0.0577862411737442,-0.0577862411737442
1789134930836183,-0.04134000837802887,-0.04134000837802887
1789134930852183,-0.03247637674212456,-0.03247637674212456
1789134930862183,-0.030632076784968376,-0.030632076784968376
1789134930870183,-0.09524755924940109,-0.09524755924940109
1789134930882183,-0.0857573002576828,-0.0857573002576828
1789134930894183,-0.020367063581943512,-0.020367063581943512
1789134930902183,-0.014623546972870827,-0.014623546972870827
1789134930910183,-0.024350615218281746,-0.024350615218281746
1789134930922183,-0.025181863456964493,-0.025181863456964493
1789134930932183,-0.026647841557860374,-0.026647841557860374
1789134930942183,-0.024356862530112267,-0.024356862530112267
1789134930954183,0.0671532154083252,0.0671532154083252
1789134930956183,0.06066226586699486,0.06066226586699486
1789134930972183,0.030585497617721558,0.030585497617721558
1789134930978183,0.033337950706481934,0.033337950706481934
1789134930992183,0.02830442599952221,0.02830442599952221
1789134931002183,0.030644742771983147,0.030644742771983147
1789134931014183,0.05757538974285126,0.05757538974285126
1789134931022183,0.05292640998959541,0.05292640998959541
1789134931032183,0.03768133744597435,0.03768133744597435
1789134931042183,0.03181613236665726,0.03181613236665726
1789134931052183,0.02051038295030594,0.02051038295030594
1789134931062183,0.041276995092630386,0.041276995092630386
1789134931074183,0.028923245146870613,0.028923245146870613
1789134931076183,0.026835784316062927,0.026835784316062927
1789134931092183,0.009259839542210102,0.009259839542210102
1789134931102183,0.008935995399951935,0.008935995399951935
1789134931110183,0.04379937797784805,0.04379937797784805
1789134931122183,0.03892950341105461,0.03892950341105461
1789134931134183,-0.032191384583711624,-0.032191384583711624
1789134931142183,-0.02663039043545723,-0.02663039043545723
1789134931150183,-0.04179133102297783,-0.04179133102297783
1789134931162183,-0.03754666447639465,-0.03754666447639465
1789134931172183,-0.030606450513005257,-0.030606450513005257
1789134931182183,-0.041826359927654266,-0.041826359927654266
1789134931194183,0.011257562786340714,0.011257562786340714
1789134931196183,0.027577847242355347,0.027577847242355347
1789134931208183,0.04112405702471733,0.04112405702471733
1789134931222183,0.04065803065896034,0.04065803065896034
1789134931232183,0.04036308079957962,0.04036308079957962
1789134931242183,-0.02847549319267273,-0.02847549319267273
1789134931254183,-0.05930738151073456,-0.05930738151073456
1789134931262183,-0.05140221118927002,-0.05140221118927002
1789134931272183,-0.024779468774795532,-0.024779468774795532
1789134931282183,-0.01972421258687973,-0.01972421258687973
1789134931292183,-0.009385420009493828,-0.009385420009493828
1789134931302183,-0.02482038550078869,-0.02482038550078869
1789134931314183,-0.033950772136449814,-0.033950772136449814
1789134931322183,-0.026729373261332512,-0.026729373261332512
1789134931332183,-0.03556158021092415,-0.03556158021092415
1789134931340183,-0.03100152686238289,-0.03100152686238289
1789134931350183,-0.035585831850767136,-0.035585831850767136
1789134931362183,-0.03560187667608261,-0.03560187667608261
1789134931374183,-0.1380024254322052,-0.1380024254322052
1789134931382183,-0.09893674403429031,-0.09893674403429031
1789134931392183,-0.1093081459403038,-0.1093081459403038
1789134931402183,-0.10161466151475906,-0.10161466151475906
1789134931410183,-0.12160384654998779,-0.12160384654998779
1789134931422183,-0.10967488586902618,-0.10967488586902618
1789134931434183,-0.08026634901762009,-0.08026634901762009
1789134931438183,-0.05961575359106064,-0.05961575359106064
1789134931452183,-0.0459461584687233,-0.0459461584687233
1789134931462183,-0.04383043199777603,-0.04383043199777603
1789134931472183,-0.03004436008632183,-0.03004436008632183
1789134931482183,-0.046024780720472336,-0.046024780720472336
1789134931494183,-0.21081843972206116,-0.21081843972206116
1789134931502183,-0.16956649720668793,-0.16956649720668793
1789134931512183,-0.14563660323619843,-0.14563660323619843
1789134931522183,-0.1388237178325653,-0.1388237178325653
1789134931532183,-0.12725132703781128,-0.12725132703781128
1789134931542183,-0.04981066659092903,-0.04981066659092903
1789134931554183,-0.015901708975434303,-0.015901708975434303
1789134931556183,-0.01570960506796837,-0.01570960506796837
1789134931570183,-0.03627736121416092,-0.03627736121416092
1789134931582183,-0.03599710762500763,-0.03599710762500763
1789134931592183,-0.03593946993350983,-0.03593946993350983
1789134931602183,-0.03631512075662613,-0.03631512075662613
1789134931614183,-0.043985627591609955,-0.043985627591609955
1789134931622183,-0.043742671608924866,-0.043742671608924866
1789134931632183,-0.07701311260461807,-0.07701311260461807
1789134931638183,-0.08283193409442902,-0.08283193409442902
1789134931652183,-0.07810921221971512,-0.07810921221971512
1789134931662183,-0.07964818924665451,-0.07964818924665451
1789134931674183,-0.022982750087976456,-0.022982750087976456
1789134931676183,-0.023649223148822784,-0.023649223148822784
1789134931692183,7.199542596936226e-05,7.199542596936226e-05
1789134931702183,-0.00222178571857512,-0.00222178571857512
1789134931712183,-0.005292069632560015,-0.005292069632560015
1789134931722183,4.162779077887535e-05,4.162779077887535e-05
1789134931734183,-0.13000446557998657,-0.13000446557998657
1789134931736183,-0.13010098040103912,-0.13010098040103912
1789134931750183,-0.14379018545150757,-0.14379018545150757
1789134931762183,-0.14001815021038055,-0.14001815021038055
1789134931770183,-0.12021522223949432,-0.12021522223949432
1789134931782183,-0.109665147960186,-0.109665147960186
1789134931794183,-0.047013815492391586,-0.047013815492391586
1789134931802183,-0.05304102972149849,-0.05304102972149849
1789134931812183,-0.0770610123872757,-0.0770610123872757
1789134931822183,-0.07727258652448654,-0.07727258652448654
1789134931832183,-0.073235422372818,-0.073235422372818
1789134931842344,-0.0771765261888504,-0.0771765261888504
1789134931854344,-0.08434122055768967,-0.08434122055768967
1789134931862344,-0.08296854794025421,-0.08296854794025421
1789134931868344,-0.0670362040400505,-0.0670362040400505
1789134931882344,-0.0720469206571579,-0.0720469206571579
1789134931892344,-0.08320801705121994,-0.08320801705121994
1789134931902344,0.013303155079483986,0.013303155079483986
1789134931914344,-0.012880179099738598,-0.012880179099738598
1789134931922344,-0.02136026881635189,-0.02136026881635189
1789134931932344,-0.07204940915107727,-0.07204940915107727
1789134931942344,-0.0745338425040245,-0.0745338425040245
1789134931950344,-0.07209569960832596,-0.07209569960832596
1789134931962344,-0.07212916761636734,-0.07212916761636734
1789134931974344,-0.027208905667066574,-0.027208905667066574
1789134931982344,-0.03504735976457596,-0.03504735976457596
1789134931992344,-0.037741146981716156,-0.037741146981716156
1789134932000344,-0.056757278740406036,-0.056757278740406036
1789134932012344,-0.06729508191347122,-0.06729508191347122
1789134932022344,-0.03776875138282776,-0.03776875138282776
1789134932034344,0.07031489163637161,0.07031489163637161
1789134932042344,0.0052401782013475895,0.0052401782013475895
1789134932052344,-0.03071165457367897,-0.03071165457367897
1789134932060344,-0.04017939418554306,-0.04017939418554306
1789134932070344,-0.019540095701813698,-0.019540095701813698
1789134932082344,-0.03254510462284088,-0.03254510462284088
1789134932094344,0.05129329860210419,0.05129329860210419
1789134932098344,0.01742134802043438,0.01742134802043438
1789134932112344,0.05710643529891968,0.05710643529891968
1789134932122344,0.04072253406047821,0.04072253406047821
1789134932132344,0.011625703424215317,0.011625703424215317
1789134932142344,-0.013063259422779083,-0.013063259422779083
1789134932154344,0.04155147448182106,0.04155147448182106
1789134932156344,0.00034087104722857475,0.00034087104722857475
1789134932172344,-0.033127620816230774,-0.033127620816230774
1789134932182344,-0.03637443482875824,-0.03637443482875824
1789134932192344,-0.04959462583065033,-0.04959462583065033
1789134932200344,0.13050596415996552,0.13050596415996552
1789134932214344,0.11503824591636658,0.11503824591636658
1789134932222344,0.07912296801805496,0.07912296801805496
1789134932230344,0.036914288997650146,0.036914288997650146
1789134932242344,0.02454478107392788,0.02454478107392788
1789134932252344,0.001643532421439886,0.001643532421439886
1789134932262344,-0.02149144932627678,-0.02149144932627678
1789134932274344,0.12747110426425934,0.12747110426425934
1789134932276344,0.055757537484169006,0.055757537484169006
1789134932292344,0.04702295735478401,0.04702295735478401
1789134932298344,0.05119892209768295,0.05119892209768295
1789134932312344,0.025324398651719093,0.025324398651719093
1789134932322344,0.037538081407547,0.037538081407547
1789134932334344,0.019370801746845245,0.019370801746845245
1789134932342344,-0.008037442341446877,-0.008037442341446877
1789134932350344,-0.05408589169383049,-0.05408589169383049
1789134932362344,-0.06072846055030823,-0.06072846055030823
1789134932372344,-0.07435325533151627,-0.07435325533151627
1789134932382344,-0.054143041372299194,-0.054143041372299194
1789134932394344,0.07849536836147308,0.07849536836147308
1789134932404344,0.08473522216081619,0.08473522216081619
1789134932412344,0.07844672352075577,0.07844672352075577
1789134932422344,0.07136960327625275,0.07136960327625275
1789134932430344,0.08391306549310684,0.08391306549310684
1789134932442344,0.04329419136047363,0.04329419136047363
1789134932452344,-0.015040647238492966,-0.015040647238492966
1789134932464344,-0.0009598857723176479,-0.0009598857723176479
1789134932472344,-0.008639300242066383,-0.008639300242066383
1789134932482344,-0.017550338059663773,-0.017550338059663773
1789134932492344,-0.03552664443850517,-0.03552664443850517
1789134932502344,-0.008632687851786613,-0.008632687851786613
1789134932514344,0.12746794521808624,0.12746794521808624
1789134932522344,0.06615838408470154,0.06615838408470154
1789134932528344,0.07528474926948547,0.07528474926948547
1789134932542344,0.06748759746551514,0.06748759746551514
1789134932550344,0.07536677271127701,0.07536677271127701
1789134932562344,0.1413952261209488,0.1413952261209488
1789134932574344,0.05688304454088211,0.05688304454088211
1789134932584344,0.010894089937210083,0.010894089937210083
1789134932592344,0.0012710685841739178,0.0012710685841739178
1789134932602344,-0.008130383677780628,-0.008130383677780628
1789134932612344,-0.026888271793723106,-0.026888271793723106
1789134932622344,-0.0445893257856369,-0.0445893257856369
1789134932634344,0.0919615626335144,0.0919615626335144
1789134932642344,0.03662670776247978,0.03662670776247978
1789134932652344,0.07395854592323303,0.07395854592323303
1789134932660344,0.06762617826461792,0.06762617826461792
1789134932672344,0.040234941989183426,0.040234941989183426
1789134932682344,0.07402652502059937,0.07402652502059937
1789134932692344,0.003048345912247896,0.003048345912247896
1789134932704344,-0.03095068596303463,-0.03095068596303463
1789134932712344,-0.03616267815232277,-0.03616267815232277
1789134932722344,-0.04148488491773605,-0.04148488491773605
1789134932728344,0.006856200750917196,0.006856200750917196
1789134932742344,-0.022244159132242203,-0.022244159132242203
1789134932752344,0.01505191158503294,0.01505191158503294
1789134932764344,0.020275093615055084,0.020275093615055084
1789134932772344,0.0160667821764946,0.0160667821764946
1789134932782344,0.01351871993392706,0.01351871993392706
1789134932792344,0.010826349258422852,0.010826349258422852
1789134932802344,0.016052430495619774,0.016052430495619774
1789134932812344,-0.1203828677535057,-0.1203828677535057
1789134932824344,-0.10827618837356567,-0.10827618837356567
1789134932832344,-0.10654404014348984,-0.10654404014348984
1789134932842504,-0.10655243694782257,-0.10655243694782257
1789134932852504,-0.10639003664255142,-0.10639003664255142
1789134932862504,-0.012844031676650047,-0.012844031676650047
1789134932874504,0.011463211849331856,0.011463211849331856
1789134932882504,0.00965171679854393,0.00965171679854393
1789134932890504,0.04775640368461609,0.04775640368461609
1789134932902504,0.04311157763004303,0.04311157763004303
1789134932912504,0.015174860134720802,0.015174860134720802
1789134932922504,0.04784118011593819,0.04784118011593819
1789134932934504,0.10202329605817795,0.10202329605817795
1789134932942504,0.040085915476083755,0.040085915476083755
1789134932950504,0.03950415551662445,0.03950415551662445
1789134932958504,0.0262453556060791,0.0262453556060791
1789134932972504,0.00865490734577179,0.00865490734577179
1789134932982504,0.01238597184419632,0.01238597184419632
1789134932994504,0.05869922414422035,0.05869922414422035
1789134932996504,0.043206263333559036,0.043206263333559036
1789134933012504,0.060783758759498596,0.060783758759498596
1789134933022504,0.05761245638132095,0.05761245638132095
1789134933032504,0.04790977016091347,0.04790977016091347
1789134933042504,0.06083887815475464,0.06083887815475464
1789134933054504,-6.177462637424469e-06,-6.177462637424469e-06
1789134933056504,-0.04202547296881676,-0.04202547296881676
1789134933072504,-0.038675129413604736,-0.038675129413604736
1789134933082504,-0.044065654277801514,-0.044065654277801514
1789134933090504,0.04556480050086975,0.04556480050086975
1789134933102504,0.027720771729946136,0.027720771729946136
1789134933114504,0.08583484590053558,0.08583484590053558
1789134933124504,0.08837412297725677,0.08837412297725677
1789134933132504,0.08315109461545944,0.08315109461545944
1789134933142504,0.07847137749195099,0.07847137749195099
1789134933150504,0.0832015872001648,0.0832015872001648
1789134933162504,0.0832454189658165,0.0832454189658165
1789134933172504,-0.05045129358768463,-0.05045129358768463
1789134933184504,-0.054845161736011505,-0.054845161736011505
1789134933188504,-0.056344691663980484,-0.056344691663980484
1789134933202504,-0.05997897684574127,-0.05997897684574127
1789134933212504,-0.06764114648103714,-0.06764114648103714
1789134933222504,0.08305750787258148,0.08305750787258148
1789134933234504,0.0967664048075676,0.0967664048075676
1789134933236504,0.08769077807664871,0.08769077807664871
1789134933252504,0.12593244016170502,0.12593244016170502
1789134933262504,0.12038614600896835,0.12038614600896835
1789134933272504,0.11549511551856995,0.11549511551856995
1789134933282504,0.12599357962608337,0.12599357962608337
1789134933294504,-0.07128474116325378,-0.07128474116325378
1789134933302504,-0.07335299253463745,-0.07335299253463745
1789134933312504,-0.05420232564210892,-0.05420232564210892
1789134933320504,-0.05833403766155243,-0.05833403766155243
1789134933332504,-0.0622219517827034,-0.0622219517827034
1789134933342504,-0.05422750115394592,-0.05422750115394592
1789134933354504,0.09689611941576004,0.09689611941576004
1789134933362504,0.07926759868860245,0.07926759868860245
1789134933372504,0.04906105250120163,0.04906105250120163
1789134933382504,0.04509001225233078,0.04509001225233078
1789134933390504,0.019470158964395523,0.019470158964395523
1789134933402504,0.01014944538474083,0.01014944538474083
1789134933414504,-0.020514005795121193,-0.020514005795121193
1789134933418504,-0.026079000905156136,-0.026079000905156136
1789134933432504,-0.05940960720181465,-0.05940960720181465
1789134933442504,-0.06248517706990242,-0.06248517706990242
1789134933452504,-0.07085014879703522,-0.07085014879703522
1789134933462504,-0.08454586565494537,-0.08454586565494537
1789134933474504,0.16327142715454102,0.16327142715454102
1789134933482504,0.1276715248823166,0.1276715248823166
1789134933492504,0.08192620426416397,0.08192620426416397
1789134933502504,0.07790666818618774,0.07790666818618774
1789134933512504,0.06408460438251495,0.06408460438251495
1789134933522504,0.04589753597974777,0.04589753597974777
1789134933534504,0.06296185404062271,0.06296185404062271
1789134933542504,0.05035679042339325,0.05035679042339325
1789134933550504,0.044978030025959015,0.044978030025959015
1789134933562504,0.03955449163913727,0.03955449163913727
1789134933572504,0.02017880044877529,0.02017880044877529
1789134933582504,0.04505857825279236,0.04505857825279236
1789134933594504,0.12088759988546371,0.12088759988546371
1789134933602504,0.06813617050647736,0.06813617050647736
1789134933612504,0.03668348491191864,0.03668348491191864
1789134933618504,0.03985252603888512,0.03985252603888512
1789134933632504,0.026572350412607193,0.026572350412607193
1789134933642504,0.03404684364795685,0.03404684364795685
1789134933654504,0.07617731392383575,0.07617731392383575
1789134933662504,0.06389475613832474,0.06389475613832474
1789134933672504,0.08830415457487106,0.08830415457487106
1789134933682504,0.07913774251937866,0.07913774251937866
1789134933692504,0.061310913413763046,0.061310913413763046
1789134933702504,0.08841601759195328,0.08841601759195328
1789134933712504,0.0735919401049614,0.0735919401049614
1789134933716504,0.0639091283082962,0.0639091283082962
1789134933732504,0.03132602944970131,0.03132602944970131
1789134933742504,0.029698727652430534,0.029698727652430534
1789134933750504,0.021989386528730392,0.021989386528730392
1789134933762504,0.01582695171236992,0.01582695171236992
1789134933774504,0.05544378608465195,0.05544378608465195
1789134933782504,0.04527720808982849,0.04527720808982849
1789134933792504,0.055040959268808365,0.055040959268808365
1789134933802504,0.05087006092071533,0.05087006092071533
1789134933812504,0.04166378453373909,0.04166378453373909
1789134933822504,0.05511093512177467,0.05511093512177467
1789134933834504,0.053286924958229065,0.053286924958229065
1789134933842504,0.03058430925011635,0.03058430925011635
1789134933848666,-0.014287827536463737,-0.014287827536463737
1789134933862666,-0.013912433758378029,-0.013912433758378029
1789134933870666,-0.010320326313376427,-0.010320326313376427
1789134933882666,-0.03626696392893791,-0.03626696392893791
1789134933894666,-0.04319087788462639,-0.04319087788462639
1789134933902666,-0.037391338497400284,-0.037391338497400284
1789134933912666,-0.02125519886612892,-0.02125519886612892
1789134933922666,-0.019229834899306297,-0.019229834899306297
1789134933932666,-0.015526674687862396,-0.015526674687862396
1789134933942666,-0.021276652812957764,-0.021276652812957764
1789134933954666,-0.02544182538986206,-0.02544182538986206
1789134933962666,-0.02050301991403103,-0.02050301991403103
1789134933972666,-0.013062648475170135,-0.013062648475170135
1789134933980666,-0.012442847713828087,-0.012442847713828087
1789134933992666,-0.014020519331097603,-0.014020519331097603
1789134934002666,-0.013055013492703438,-0.013055013492703438
1789134934014666,0.03479759022593498,0.03479759022593498
1789134934022666,0.029567480087280273,0.029567480087280273
1789134934032666,0.009445899166166782,0.009445899166166782
1789134934042666,0.009760451503098011,0.009760451503098011
1789134934050666,-0.02867836132645607,-0.02867836132645607
1789134934062666,-0.08686599135398865,-0.08686599135398865
1789134934074666,-0.06923159956932068,-0.06923159956932068
1789134934076666,-0.06489881128072739,-0.06489881128072739
1789134934092666,0.003096296451985836,0.003096296451985836
1789134934102666,0.0029209586791694164,0.0029209586791694164
1789134934112666,0.00294961454346776,0.00294961454346776
1789134934122666,0.003095912979915738,0.003095912979915738
1789134934134666,-0.06516878306865692,-0.06516878306865692
1789134934142666,-0.05706343054771423,-0.05706343054771423
1789134934150666,-0.06717007607221603,-0.06717007607221603
1789134934162666,-0.06310171633958817,-0.06310171633958817
1789134934172666,-0.05524268001317978,-0.05524268001317978
1789134934182666,-0.012434406206011772,-0.012434406206011772
1789134934194666,0.010698620229959488,0.010698620229959488
1789134934196666,0.01015753298997879,0.01015753298997879
1789134934210666,-0.018675193190574646,-0.018675193190574646
1789134934222666,-0.017937202006578445,-0.017937202006578445
1789134934232666,-0.014545802026987076,-0.014545802026987076
1789134934242666,-0.01870441436767578,-0.01870441436767578
1789134934254666,-0.09741390496492386,-0.09741390496492386
1789134934262666,-0.08469588309526443,-0.08469588309526443
1789134934272666,-0.1192668080329895,-0.1192668080329895
1789134934278666,-0.12999054789543152,-0.12999054789543152
1789134934292666,-0.11473333835601807,-0.11473333835601807
1789134934302666,-0.11929135769605637,-0.11929135769605637
1789134934314666,-0.060759130865335464,-0.060759130865335464
1789134934316666,-0.05415622144937515,-0.05415622144937515
1789134934332666,-0.03423352539539337,-0.03423352539539337
1789134934342666,-0.03440853953361511,-0.03440853953361511
1789134934350666,-0.0342554897069931,-0.0342554897069931
1789134934362666,-0.034270599484443665,-0.034270599484443665
1789134934374666,-0.08102940022945404,-0.08102940022945404
1789134934376666,-0.07780240476131439,-0.07780240476131439
1789134934392666,-0.07145854085683823,-0.07145854085683823
1789134934402666,-0.06976450234651566,-0.06976450234651566
1789134934410666,-0.046793244779109955,-0.046793244779109955
1789134934422666,-0.04294344037771225,-0.04294344037771225
1789134934434666,-0.039641838520765305,-0.039641838520765305
1789134934436666,-0.045597538352012634,-0.045597538352012634
1789134934452666,-0.07282049208879471,-0.07282049208879471
1789134934462666,-0.07293594628572464,-0.07293594628572464
1789134934472666,-0.07727355509996414,-0.07727355509996414
1789134934482666,-0.07288641482591629,-0.07288641482591629
1789134934494666,-0.006658616475760937,-0.006658616475760937
1789134934502666,-0.023499729111790657,-0.023499729111790657
1789134934508666,-0.03518069535493851,-0.03518069535493851
1789134934522666,-0.03882864862680435,-0.03882864862680435
1789134934532666,-0.04483265057206154,-0.04483265057206154
1789134934542666,0.0008246120996773243,0.0008246120996773243
1789134934554666,0.019751863554120064,0.019751863554120064
1789134934562666,0.016435135155916214,0.016435135155916214
1789134934572666,0.012614849954843521,0.012614849954843521
1789134934582666,0.008279928006231785,0.008279928006231785
1789134934592666,-0.01590275764465332,-0.01590275764465332
1789134934602666,0.012661676853895187,0.012661676853895187
1789134934614666,0.13109193742275238,0.13109193742275238
1789134934622666,0.06488937139511108,0.06488937139511108
1789134934632666,0.024508796632289886,0.024508796632289886
1789134934640666,0.01583072915673256,0.01583072915673256
1789134934652666,-0.0007244963198900223,-0.0007244963198900223
1789134934662666,0.02453606203198433,0.02453606203198433
1789134934674666,0.10688968002796173,0.10688968002796173
1789134934676666,0.05648763105273247,0.05648763105273247
1789134934692666,0.07150829583406448,0.07150829583406448
1789134934702666,0.06596605479717255,0.06596605479717255
1789134934710666,0.024595394730567932,0.024595394730567932
1789134934722666,0.010766856372356415,0.010766856372356415
1789134934734666,-0.03630499914288521,-0.03630499914288521
1789134934738666,-0.049525484442710876,-0.049525484442710876
1789134934750666,-0.08897166699171066,-0.08897166699171066
1789134934762666,-0.09113875776529312,-0.09113875776529312
1789134934772666,-0.09736359119415283,-0.09736359119415283
1789134934782666,-0.089043989777565,-0.089043989777565
1789134934794666,0.1438656747341156,0.1438656747341156
1789134934796666,0.11069026589393616,0.11069026589393616
1789134934812666,0.08831857889890671,0.08831857889890671
1789134934822666,0.08384007215499878,0.08384007215499878
1789134934832666,0.06682803481817245,0.06682803481817245
1789134934842666,0.005163195077329874,0.005163195077329874
1789134934854826,-0.07535107433795929,-0.07535107433795929
1789134934862826,-0.07987578958272934,-0.07987578958272934
1789134934868826,-0.05494214966893196,-0.05494214966893196
1789134934882826,-0.05581367760896683,-0.05581367760896683
1789134934892826,-0.057774342596530914,-0.057774342596530914
1789134934902826,-0.05502958595752716,-0.05502958595752716
1789134934914826,-0.006908929441124201,-0.006908929441124201
1789134934922826,-0.015573689714074135,-0.015573689714074135
1789134934932826,0.023019568994641304,0.023019568994641304
1789134934938826,0.05098705366253853,0.05098705366253853
1789134934950826,0.0443381704390049,0.0443381704390049
1789134934962826,0.044362492859363556,0.044362492859363556
1789134934974826,0.03544612228870392,0.03544612228870392
1789134934982826,0.018740015104413033,0.018740015104413033
1789134934992826,0.008932925760746002,0.008932925760746002
1789134935002826,0.004840556066483259,0.004840556066483259
1789134935012826,0.003246189560741186,0.003246189560741186
1789134935022826,0.008940083906054497,0.008940083906054497
1789134935032826,0.04079395905137062,0.04079395905137062
1789134935036826,0.0355818048119545,0.0355818048119545
1789134935052826,0.03813903406262398,0.03813903406262398
1789134935060826,0.03212696686387062,0.03212696686387062
1789134935070826,0.03255871310830116,0.03255871310830116
1789134935082826,0.015763096511363983,0.015763096511363983
1789134935094826,-0.004519094247370958,-0.004519094247370958
1789134935102826,-0.016952000558376312,-0.016952000558376312
1789134935112826,-0.011848688125610352,-0.011848688125610352
1789134935122826,-0.013332365080714226,-0.013332365080714226
1789134935132826,-0.0174739770591259,-0.0174739770591259
1789134935142826,-0.011877747252583504,-0.011877747252583504
1789134935154826,0.01592869684100151,0.01592869684100151
1789134935156826,0.009468762204051018,0.009468762204051018
1789134935168826,0.03743736818432808,0.03743736818432808
1789134935182826,0.03441883251070976,0.03441883251070976
1789134935192826,0.028694210574030876,0.028694210574030876
1789134935202826,0.019274504855275154,0.019274504855275154
1789134935214826,-0.017094498500227928,-0.017094498500227928
1789134935224826,-0.01537507027387619,-0.01537507027387619
1789134935232826,-0.01710416004061699,-0.01710416004061699
1789134935242826,-0.019146587699651718,-0.019146587699651718
1789134935252826,-0.021405436098575592,-0.021405436098575592
1789134935262826,-0.017143944278359413,-0.017143944278359413
1789134935274826,0.02720762975513935,0.02720762975513935
1789134935282826,0.02406425029039383,0.02406425029039383
1789134935292826,0.04797106236219406,0.04797106236219406
1789134935300826,0.041071586310863495,0.041071586310863495
1789134935312826,0.027653085067868233,0.027653085067868233
1789134935322826,0.04804234951734543,0.04804234951734543
1789134935334826,0.07696520537137985,0.07696520537137985
1789134935342826,0.03662281855940819,0.03662281855940819
1789134935350826,-0.003661039751023054,-0.003661039751023054
1789134935362826,-0.006110126618295908,-0.006110126618295908
1789134935370826,0.0209835022687912,0.0209835022687912
1789134935382826,0.016848189756274223,0.016848189756274223
1789134935394826,0.046928808093070984,0.046928808093070984
1789134935396826,0.03098631463944912,0.03098631463944912
1789134935412826,0.06715086847543716,0.06715086847543716
1789134935422826,0.06474070250988007,0.06474070250988007
1789134935432826,0.049693357199430466,0.049693357199430466
1789134935442826,0.06721246987581253,0.06721246987581253
1789134935454826,0.0023188760969787836,0.0023188760969787836
1789134935462826,-0.024088440462946892,-0.024088440462946892
1789134935472826,-0.039952702820301056,-0.039952702820301056
1789134935482826,-0.04019905999302864,-0.04019905999302864
1789134935492826,-0.040786873549222946,-0.040786873549222946
1789134935502826,0.017289210110902786,0.017289210110902786
1789134935514826,0.03335392102599144,0.03335392102599144
1789134935516826,0.0292014442384243,0.0292014442384243
1789134935530826,0.033425599336624146,0.033425599336624146
1789134935542826,0.03116540238261223,0.03116540238261223
1789134935550826,0.03345612809062004,0.03345612809062004
1789134935562826,0.03347477689385414,0.03347477689385414
1789134935574826,0.031384941190481186,0.031384941190481186
1789134935582826,0.004837538115680218,0.004837538115680218
1789134935592826,-0.016147952526807785,-0.016147952526807785
1789134935598826,-0.015455184504389763,-0.015455184504389763
1789134935612826,-0.020139655098319054,-0.020139655098319054
1789134935622826,-0.018396049737930298,-0.018396049737930298
1789134935634826,0.03665296733379364,0.03665296733379364
1789134935636826,0.03099813126027584,0.03099813126027584
1789134935652826,0.064626544713974,0.064626544713974
1789134935662826,0.06101546064019203,0.06101546064019203
1789134935672826,0.046270500868558884,0.046270500868558884
1789134935682826,0.06469020247459412,0.06469020247459412
1789134935694826,-0.041921861469745636,-0.041921861469745636
1789134935696826,-0.06412394344806671,-0.06412394344806671
1789134935712826,-0.06248435750603676,-0.06248435750603676
1789134935722826,-0.06295938789844513,-0.06295938789844513
1789134935730826,0.007284011226147413,0.007284011226147413
1789134935742826,0.0042952317744493484,0.0042952317744493484
1789134935754826,0.08264263719320297,0.08264263719320297
1789134935756826,0.07423198223114014,0.07423198223114014
1789134935772826,0.06657395511865616,0.06657395511865616
1789134935782826,0.06415822356939316,0.06415822356939316
1789134935792826,0.05666867271065712,0.05666867271065712
1789134935802826,0.0666191428899765,0.0666191428899765
1789134935814826,-0.03641487658023834,-0.03641487658023834
1789134935822826,-0.04822801798582077,-0.04822801798582077
1789134935828826,-0.03519817814230919,-0.03519817814230919
1789134935842826,-0.03331081569194794,-0.03331081569194794
1789134935852986,-0.02876885049045086,-0.02876885049045086
1789134935862986,-0.04449224844574928,-0.04449224844574928
1789134935874986,-0.026263786479830742,-0.026263786479830742
1789134935876986,-0.026440488174557686,-0.026440488174557686
1789134935892986,-0.0037358824629336596,-0.0037358824629336596
1789134935902986,-0.005282286554574966,-0.005282286554574966
1789134935912986,-0.032577577978372574,-0.032577577978372574
1789134935922986,-0.003654517000541091,-0.003654517000541091
1789134935934986,0.2723146975040436,0.2723146975040436
1789134935942986,0.20339085161685944,0.20339085161685944
1789134935950986,0.18085940182209015,0.18085940182209015
1789134935960986,0.15758924186229706,0.15758924186229706
1789134935972986,0.14675451815128326,0.14675451815128326
1789134935982986,0.18105566501617432,0.18105566501617432
1789134935994986,0.08531405031681061,0.08531405031681061
1789134935996986,0.033793576061725616,0.033793576061725616
1789134936012986,0.00012309756129980087,0.00012309756129980087
1789134936022986,-0.0008684210479259491,-0.0008684210479259491
1789134936030986,0.03233007714152336,0.03233007714152336
1789134936042986,0.02838980220258236,0.02838980220258236
1789134936054986,0.062118515372276306,0.062118515372276306
1789134936058986,0.04967014119029045,0.04967014119029045
1789134936072986,0.05245296657085419,0.05245296657085419
1789134936082986,0.05063759535551071,0.05063759535551071
1789134936092986,0.04641798511147499,0.04641798511147499
1789134936102986,0.052510861307382584,0.052510861307382584
1789134936114986,0.012881209142506123,0.012881209142506123
1789134936116986,0.005632053129374981,0.005632053129374981
1789134936132986,0.016953259706497192,0.016953259706497192
1789134936142986,0.017471635714173317,0.017471635714173317
1789134936150986,0.016962770372629166,0.016962770372629166
1789134936162986,0.009794257581233978,0.009794257581233978
1789134936174986,0.033788517117500305,0.033788517117500305
1789134936182986,0.03386134281754494,0.03386134281754494
1789134936190986,0.040725771337747574,0.040725771337747574
1789134936202986,0.04001029580831528,0.04001029580831528
1789134936212986,0.03745650872588158,0.03745650872588158
1789134936222986,0.04078790917992592,0.04078790917992592
1789134936234986,0.04191666468977928,0.04191666468977928
1789134936242986,0.03588307648897171,0.03588307648897171
1789134936252986,0.01481094490736723,0.01481094490736723
1789134936258986,0.0121388528496027,0.0121388528496027
1789134936272986,0.01657906547188759,0.01657906547188759
1789134936282986,0.01331733725965023,0.01331733725965023
1789134936294986,-0.050848670303821564,-0.050848670303821564
1789134936302986,-0.0439273938536644,-0.0439273938536644
1789134936312986,-0.06401214748620987,-0.06401214748620987
1789134936322986,-0.05864030495285988,-0.05864030495285988
1789134936332986,-0.04859317094087601,-0.04859317094087601
1789134936342986,-0.06408658623695374,-0.06408658623695374
1789134936354986,-0.01773131638765335,-0.01773131638765335
1789134936356986,-0.004956991411745548,-0.004956991411745548
1789134936372986,0.009229635819792747,0.009229635819792747
1789134936382986,0.009996242821216583,0.009996242821216583
1789134936390986,-0.01303880661725998,-0.01303880661725998
1789134936402986,-0.007774285040795803,-0.007774285040795803
1789134936414986,-0.07047157734632492,-0.07047157734632492
1789134936422986,-0.05791618674993515,-0.05791618674993515
1789134936432986,-0.05395644158124924,-0.05395644158124924
1789134936442986,-0.04950910806655884,-0.04950910806655884
1789134936452986,-0.03901031240820885,-0.03901031240820885
1789134936462986,-0.054034292697906494,-0.054034292697906494
1789134936474986,-0.04084228351712227,-0.04084228351712227
1789134936476986,-0.01560168620198965,-0.01560168620198965
1789134936488986,-0.02447344921529293,-0.02447344921529293
1789134936502986,-0.022791646420955658,-0.022791646420955658
1789134936512986,-0.014355404302477837,-0.014355404302477837
1789134936522986,-0.07263867557048798,-0.07263867557048798
1789134936534986,-0.08878257870674133,-0.08878257870674133
1789134936542986,-0.07839851081371307,-0.07839851081371307
1789134936550986,-0.07006920129060745,-0.07006920129060745
1789134936562986,-0.06455743312835693,-0.06455743312835693
1789134936572986,-0.05258406326174736,-0.05258406326174736
1789134936582986,-0.07019545137882233,-0.07019545137882233
1789134936594986,-0.0860547199845314,-0.0860547199845314
1789134936602986,-0.054079923778772354,-0.054079923778772354
1789134936612986,-0.023032307624816895,-0.023032307624816895
1789134936620986,-0.022075191140174866,-0.022075191140174866
1789134936632986,-0.02208525873720646,-0.02208525873720646
1789134936642986,-0.023044293746352196,-0.023044293746352196
1789134936654986,-0.02412763237953186,-0.02412763237953186
1789134936662986,-0.021940331906080246,-0.021940331906080246
1789134936672986,-0.03911008685827255,-0.03911008685827255
1789134936682986,-0.03669331595301628,-0.03669331595301628
1789134936690986,-0.05610146000981331,-0.05610146000981331
1789134936702986,-0.052342675626277924,-0.052342675626277924
1789134936714986,0.050117891281843185,0.050117891281843185
1789134936716986,0.049622856080532074,0.049622856080532074
1789134936732986,0.015529307536780834,0.015529307536780834
1789134936742986,0.015383042395114899,0.015383042395114899
1789134936750986,0.015526915900409222,0.015526915900409222
1789134936762986,0.015536461025476456,0.015536461025476456
1789134936774986,-0.13680823147296906,-0.13680823147296906
1789134936782986,-0.12127826362848282,-0.12127826362848282
1789134936792986,-0.13286836445331573,-0.13286836445331573
1789134936802986,-0.12941530346870422,-0.12941530346870422
1789134936812986,-0.12174828350543976,-0.12174828350543976
1789134936822986,-0.0727573111653328,-0.0727573111653328
1789134936834986,-0.0444093756377697,-0.0444093756377697
1789134936842986,-0.04393482208251953,-0.04393482208251953
1789134936850986,-0.009370251558721066,-0.009370251558721066
1789134936863146,-0.010386687703430653,-0.010386687703430653
1789134936871146,-0.02631554752588272,-0.02631554752588272
1789134936883146,-0.03480996936559677,-0.03480996936559677
1789134936895146,-0.12267609685659409,-0.12267609685659409
1789134936903146,-0.11031100153923035,-0.11031100153923035
1789134936913146,-0.12723369896411896,-0.12723369896411896
1789134936919146,-0.14620250463485718,-0.14620250463485718
1789134936933146,-0.13147376477718353,-0.13147376477718353
1789134936943146,-0.1350659430027008,-0.1350659430027008
1789134936955146,-0.06348724663257599,-0.06348724663257599
1789134936957146,-0.05901755392551422,-0.05901755392551422
1789134936973146,-0.03802723437547684,-0.03802723437547684
1789134936983146,-0.03772195801138878,-0.03772195801138878
1789134936993146,-0.03283539414405823,-0.03283539414405823
1789134937003146,-0.03811360150575638,-0.03811360150575638
1789134937015146,-0.22719717025756836,-0.22719717025756836
1789134937017146,-0.20404985547065735,-0.20404985547065735
1789134937033146,-0.19552050530910492,-0.19552050530910492
1789134937043146,-0.1918426901102066,-0.1918426901102066
1789134937049146,-0.10474862903356552,-0.10474862903356552
1789134937063146,-0.03434533253312111,-0.03434533253312111
1789134937075146,-0.028910567983984947,-0.028910567983984947
1789134937077146,-0.0332622304558754,-0.0332622304558754
1789134937093146,-0.013396872207522392,-0.013396872207522392
1789134937103146,-0.01637093350291252,-0.01637093350291252
1789134937113146,-0.025038981810212135,-0.025038981810212135
1789134937123146,-0.013433048501610756,-0.013433048501610756
1789134937135146,-0.08725089579820633,-0.08725089579820633
1789134937145146,-0.12581110000610352,-0.12581110000610352
1789134937149146,-0.12628835439682007,-0.12628835439682007
1789134937163146,-0.1269105225801468,-0.1269105225801468
1789134937173146,-0.1297767609357834,-0.1297767609357834
1789134937183146,-0.05028998851776123,-0.05028998851776123
1789134937195146,-0.028874624520540237,-0.028874624520540237
1789134937203146,-0.035880476236343384,-0.035880476236343384
1789134937213146,-0.003613883163779974,-0.003613883163779974
1789134937223146,-0.008851224556565285,-0.008851224556565285
1789134937233146,-0.039542876183986664,-0.039542876183986664
1789134937243146,-0.0035914150066673756,-0.0035914150066673756
1789134937255146,0.08530205488204956,0.08530205488204956
1789134937263146,0.06555213034152985,0.06555213034152985
1789134937273146,0.024377785623073578,0.024377785623073578
1789134937281146,0.0011344151571393013,0.0011344151571393013
1789134937293146,-0.00924946554005146,-0.00924946554005146
1789134937303146,0.02438317984342575,0.02438317984342575
1789134937315146,0.013274461030960083,0.013274461030960083
1789134937317146,-0.04380815103650093,-0.04380815103650093
1789134937333146,-0.03169385716319084,-0.03169385716319084
1789134937343146,-0.03691323474049568,-0.03691323474049568
1789134937351146,0.06820425391197205,0.06820425391197205
1789134937363146,0.05090901255607605,0.05090901255607605
1789134937375146,0.018576815724372864,0.018576815724372864
1789134937379146,-0.01873800903558731,-0.01873800903558731
1789134937393146,-0.012250471860170364,-0.012250471860170364
1789134937403146,-0.021194711327552795,-0.021194711327552795
1789134937413146,-0.039693333208560944,-0.039693333208560944
1789134937423146,-0.012257060036063194,-0.012257060036063194
1789134937435146,0.1291304975748062,0.1291304975748062
1789134937443146,0.06505700200796127,0.06505700200796127
1789134937453146,0.03349342197179794,0.03349342197179794
1789134937463146,0.027950366958975792,0.027950366958975792
1789134937473146,0.005957393441349268,0.005957393441349268
1789134937483146,0.0291257556527853,0.0291257556527853
1789134937495146,0.07632121443748474,0.07632121443748474
1789134937503146,0.05171055719256401,0.05171055719256401
1789134937511146,0.05216846987605095,0.05216846987605095
1789134937523146,0.03797972947359085,0.03797972947359085
1789134937533146,0.00908539816737175,0.00908539816737175
1789134937543146,0.0522642582654953,0.0522642582654953
1789134937555146,0.07926225662231445,0.07926225662231445
1789134937563146,0.03926143795251846,0.03926143795251846
1789134937573146,0.008292639628052711,0.008292639628052711
1789134937579146,-0.02599283866584301,-0.02599283866584301
1789134937593146,-0.04432564973831177,-0.04432564973831177
1789134937603146,-0.03351674973964691,-0.03351674973964691
1789134937615146,-0.011609736829996109,-0.011609736829996109
1789134937623146,-0.024474656209349632,-0.024474656209349632
1789134937633146,0.013442013412714005,0.013442013412714005
1789134937643146,0.004486891906708479,0.004486891906708479
1789134937653146,-0.014387993142008781,-0.014387993142008781
1789134937663146,0.013478836975991726,0.013478836975991726
1789134937675146,0.06555023044347763,0.06555023044347763
1789134937685146,-0.0066250162199139595,-0.0066250162199139595
1789134937693146,-0.010008202865719795,-0.010008202865719795
1789134937703146,-0.013427333906292915,-0.013427333906292915
1789134937709146,0.08575622737407684,0.08575622737407684
1789134937723146,0.07750865817070007,0.07750865817070007
1789134937735146,0.05241241306066513,0.05241241306066513
1789134937743146,0.020207121968269348,0.020207121968269348
1789134937751146,0.019517546519637108,0.019517546519637108
1789134937763146,0.015506278723478317,0.015506278723478317
1789134937773146,0.010928639210760593,0.010928639210760593
1789134937783146,0.019521694630384445,0.019521694630384445
1789134937795146,0.07085569202899933,0.07085569202899933
1789134937797146,0.03361713886260986,0.03361713886260986
1789134937809146,0.060746919363737106,0.060746919363737106
1789134937823146,0.0560661144554615,0.0560661144554615
1789134937833146,0.03275297209620476,0.03275297209620476
1789134937843146,0.04615284129977226,0.04615284129977226
1789134937855146,-0.0020486838184297085,-0.0020486838184297085
1789134937863304,-0.01482378039509058,-0.01482378039509058
1789134937867304,-0.018860625103116035,-0.018860625103116035
1789134937883304,-0.025816339999437332,-0.025816339999437332
1789134937893304,-0.03499920293688774,-0.03499920293688774
1789134937903304,-0.020955998450517654,-0.020955998450517654
1789134937913304,0.0776108056306839,0.0776108056306839
1789134937925304,0.025271298363804817,0.025271298363804817
1789134937933304,0.0060500227846205235,0.0060500227846205235
1789134937941304,0.005488852970302105,0.005488852970302105
1789134937951304,0.0006258240900933743,0.0006258240900933743
1789134937963304,-0.0021980619058012962,-0.0021980619058012962
1789134937975304,-0.011407422833144665,-0.011407422833144665
1789134937983304,-0.02529427781701088,-0.02529427781701088
1789134937993304,-0.023341454565525055,-0.023341454565525055
1789134938003304,-0.026328323408961296,-0.026328323408961296
1789134938011304,-0.013481998816132545,-0.013481998816132545
1789134938023304,-0.01807263121008873,-0.01807263121008873
1789134938035304,0.0768200159072876,0.0768200159072876
1789134938037304,0.05786627158522606,0.05786627158522606
1789134938053304,0.08835598826408386,0.08835598826408386
1789134938061304,0.07997544854879379,0.07997544854879379
1789134938073304,0.0731879323720932,0.0731879323720932
1789134938083304,0.08840709924697876,0.08840709924697876
1789134938095304,-0.016895320266485214,-0.016895320266485214
1789134938103304,-0.040429238229990005,-0.040429238229990005
1789134938113304,-0.07689777761697769,-0.07689777761697769
1789134938123304,-0.07729145139455795,-0.07729145139455795
1789134938133304,-0.08084886521100998,-0.08084886521100998
1789134938143304,0.008954433724284172,0.008954433724284172
1789134938155304,0.03114078938961029,0.03114078938961029
1789134938163304,0.028175106272101402,0.028175106272101402
1789134938171304,0.06362885236740112,0.06362885236740112
1789134938183304,0.05891650170087814,0.05891650170087814
1789134938193304,0.03555923327803612,0.03555923327803612
1789134938203304,0.06371626257896423,0.06371626257896423
1789134938215304,0.08544253557920456,0.08544253557920456
1789134938223304,0.039673879742622375,0.039673879742622375
1789134938233304,0.0005414620973169804,0.0005414620973169804
1789134938239304,0.0149078369140625,0.0149078369140625
1789134938253304,0.0028274450451135635,0.0028274450451135635
1789134938263304,-0.009524907916784286,-0.009524907916784286
1789134938273304,0.003466482274234295,0.003466482274234295
1789134938285304,0.030636057257652283,0.030636057257652283
1789134938293304,0.019526002928614616,0.019526002928614616
1789134938303304,0.01734195277094841,0.01734195277094841
1789134938313304,-0.0027120010927319527,-0.0027120010927319527
1789134938323304,0.01955460198223591,0.01955460198223591
1789134938335304,0.010882463306188583,0.010882463306188583
1789134938337304,-0.025071874260902405,-0.025071874260902405
1789134938351304,-0.025665972381830215,-0.025665972381830215
1789134938363304,-0.02819511480629444,-0.02819511480629444
1789134938371304,-0.05107758566737175,-0.05107758566737175
1789134938383304,-0.058106984943151474,-0.058106984943151474
1789134938395304,0.03336025029420853,0.03336025029420853
1789134938397304,0.02280651591718197,0.02280651591718197
1789134938413304,0.06377319991588593,0.06377319991588593
1789134938423304,0.05929639935493469,0.05929639935493469
1789134938433304,0.041884034872055054,0.041884034872055054
1789134938443304,0.06383603811264038,0.06383603811264038
1789134938455304,0.007921898737549782,0.007921898737549782
1789134938463304,-0.025068076327443123,-0.025068076327443123
1789134938469304,-0.07620155066251755,-0.07620155066251755
1789134938483304,-0.07679306715726852,-0.07679306715726852
1789134938493304,-0.07932940125465393,-0.07932940125465393
1789134938503304,0.0084882453083992,0.0084882453083992
1789134938515304,0.027308309450745583,0.027308309450745583
1789134938517304,0.021786240860819817,0.021786240860819817
1789134938533304,0.05476812273263931,0.05476812273263931
1789134938543304,0.04959945008158684,0.04959945008158684
1789134938551304,0.054832059890031815,0.054832059890031815
1789134938563304,0.05486150085926056,0.05486150085926056
1789134938575304,0.13018319010734558,0.13018319010734558
1789134938583304,0.11216498911380768,0.11216498911380768
1789134938593304,0.08183116465806961,0.08183116465806961
1789134938601304,0.06853864341974258,0.06853864341974258
1789134938613304,0.062776580452919,0.062776580452919
1789134938623304,0.0818917453289032,0.0818917453289032
1789134938635304,0.07303588092327118,0.07303588092327118
1789134938637304,0.03853689134120941,0.03853689134120941
1789134938653304,0.08271227031946182,0.08271227031946182
1789134938663304,0.07715115696191788,0.07715115696191788
1789134938671304,0.1040467619895935,0.1040467619895935
1789134938683304,0.08664588630199432,0.08664588630199432
1789134938695304,0.07213272154331207,0.07213272154331207
1789134938699304,0.04852045327425003,0.04852045327425003
1789134938713304,0.06737874448299408,0.06737874448299408
1789134938723304,0.06171499192714691,0.06171499192714691
1789134938733304,0.049760136753320694,0.049760136753320694
1789134938743304,0.06747065484523773,0.06747065484523773
1789134938753304,0.17617931962013245,0.17617931962013245
1789134938757304,0.13087832927703857,0.13087832927703857
1789134938773304,0.09116227179765701,0.09116227179765701
1789134938783304,0.08887246996164322,0.08887246996164322
1789134938793304,0.07991085201501846,0.07991085201501846
1789134938803304,0.046779945492744446,0.046779945492744446
1789134938815304,0.013489863835275173,0.013489863835275173
1789134938823304,0.01080468762665987,0.01080468762665987
1789134938831304,0.03599084913730621,0.03599084913730621
1789134938843304,0.035289566963911057,0.035289566963911057
1789134938853304,0.03412407636642456,0.03412407636642456
1789134938863465,0.036037690937519073,0.036037690937519073
1789134938875465,0.04966112971305847,0.04966112971305847
1789134938877465,0.04768388345837593,0.04768388345837593
1789134938893465,0.06514210999011993,0.06514210999011993
1789134938903465,0.0640539675951004,0.0640539675951004
1789134938913465,0.055474188178777695,0.055474188178777695
1789134938923465,0.06523605436086655,0.06523605436086655
1789134938935465,0.04580986499786377,0.04580986499786377
1789134938943465,0.04103640839457512,0.04103640839457512
1789134938951465,0.0365946926176548,0.0365946926176548
1789134938963465,0.03796174004673958,0.03796174004673958
1789134938973465,0.04087113216519356,0.04087113216519356
1789134938983465,0.03663797304034233,0.03663797304034233
1789134938995465,0.04257082939147949,0.04257082939147949
1789134938997465,0.05077037960290909,0.05077037960290909
1789134939013465,0.06709059327840805,0.06709059327840805
1789134939023465,0.06684353947639465,0.06684353947639465
1789134939031465,0.08752322196960449,0.08752322196960449
1789134939043465,0.08406949043273926,0.08406949043273926
1789134939055465,0.07797690480947495,0.07797690480947495
1789134939061465,0.07451099902391434,0.07451099902391434
1789134939073465,0.1021571010351181,0.1021571010351181
1789134939083465,0.10186664015054703,0.10186664015054703
1789134939093465,0.10364020615816116,0.10364020615816116
1789134939103465,0.10225073248147964,0.10225073248147964
1789134939115465,-0.011744100600481033,-0.011744100600481033
1789134939117465,0.0013398081064224243,0.0013398081064224243
1789134939129465,0.005213071592152119,0.005213071592152119
1789134939143465,0.00802520476281643,0.00802520476281643
1789134939151465,0.005215631797909737,0.005215631797909737
1789134939163465,0.07683181762695312,0.07683181762695312
1789134939175465,0.10661757737398148,0.10661757737398148
1789134939183465,0.10653503984212875,0.10653503984212875
1789134939193465,0.09589164704084396,0.09589164704084396
1789134939203465,0.09651327133178711,0.09651327133178711
1789134939213465,0.09908729791641235,0.09908729791641235
1789134939223465,0.0959993377327919,0.0959993377327919
1789134939235465,0.04753045737743378,0.04753045737743378
1789134939245465,0.036222442984580994,0.036222442984580994
1789134939253465,0.04405312240123749,0.04405312240123749
1789134939261465,0.048548635095357895,0.048548635095357895
1789134939273465,0.05601472407579422,0.05601472407579422
1789134939283465,0.0441182479262352,0.0441182479262352
1789134939295465,0.007172131910920143,0.007172131910920143
1789134939303465,0.034169264137744904,0.034169264137744904
1789134939313465,0.04486088454723358,0.04486088454723358
1789134939323465,0.05041131004691124,0.05041131004691124
1789134939331465,0.026204459369182587,0.026204459369182587
1789134939343465,0.034332092851400375,0.034332092851400375
1789134939355465,0.03855513781309128,0.03855513781309128
1789134939359465,0.0475313663482666,0.0475313663482666
1789134939373465,0.04352384805679321,0.04352384805679321
1789134939383465,0.046647027134895325,0.046647027134895325
1789134939393465,0.06263336539268494,0.06263336539268494
1789134939403465,0.043581411242485046,0.043581411242485046
1789134939415465,-0.025456564500927925,-0.025456564500927925
1789134939423465,0.017551284283399582,0.017551284283399582
1789134939433465,0.02304578199982643,0.02304578199982643
1789134939443465,0.03188934922218323,0.03188934922218323
1789134939453465,0.03602531552314758,0.03602531552314758
1789134939463465,-0.007062314078211784,-0.007062314078211784
1789134939475465,0.005492917262017727,0.005492917262017727
1789134939483465,0.014572050422430038,0.014572050422430038
1789134939491465,0.01479661837220192,0.01479661837220192
1789134939503465,0.019296664744615555,0.019296664744615555
1789134939513465,0.04549552500247955,0.04549552500247955
1789134939523465,0.0148142259567976,0.0148142259567976
1789134939535465,-0.07815966010093689,-0.07815966010093689
1789134939543465,-0.013313849456608295,-0.013313849456608295
1789134939551465,0.015229426324367523,0.015229426324367523
1789134939559465,0.02732214704155922,0.02732214704155922
1789134939573465,0.05152765288949013,0.05152765288949013
1789134939583465,0.04223906621336937,0.04223906621336937
1789134939595465,0.009823072701692581,0.009823072701692581
1789134939597465,0.027393683791160583,0.027393683791160583
1789134939613465,0.03673751652240753,0.03673751652240753
1789134939623465,0.04078290984034538,0.04078290984034538
1789134939633465,0.06023218855261803,0.06023218855261803
1789134939643465,0.03678649291396141,0.03678649291396141
1789134939653465,0.00549436965957284,0.00549436965957284
1789134939657465,0.015337842516601086,0.015337842516601086
1789134939673465,0.029687579721212387,0.029687579721212387
1789134939683465,0.03801807388663292,0.03801807388663292
1789134939689465,0.00891537219285965,0.00891537219285965
1789134939703465,0.017261363565921783,0.017261363565921783
1789134939715465,-0.008142336271703243,-0.008142336271703243
1789134939723465,0.02052459865808487,0.02052459865808487
1789134939733465,-0.00876858364790678,-0.00876858364790678
1789134939743465,-0.003417262574657798,-0.003417262574657798
1789134939751465,-0.008770591579377651,-0.008770591579377651
1789134939763465,-0.008774216286838055,-0.008774216286838055
1789134939775465,-0.016676293686032295,-0.016676293686032295
1789134939783465,0.04233406484127045,0.04233406484127045
1789134939789465,0.045020557940006256,0.045020557940006256
1789134939803465,0.05085369944572449,0.05085369944572449
1789134939813465,0.06308901309967041,0.06308901309967041
1789134939823465,0.01161807868629694,0.01161807868629694
1789134939835465,0.04655665159225464,0.04655665159225464
1789134939843465,0.054584864526987076,0.054584864526987076
1789134939853465,0.029369989410042763,0.029369989410042763
1789134939863465,0.03341018036007881,0.03341018036007881
1789134939871623,0.014482688158750534,0.014482688158750534
1789134939883623,0.03992617875337601,0.03992617875337601
1789134939895623,0.015384088270366192,0.015384088270366192
1789134939903623,0.021745715290308,0.021745715290308
1789134939913623,0.021136339753866196,0.021136339753866196
1789134939921623,0.04057386890053749,0.04057386890053749
1789134939933623,0.05318595841526985,0.05318595841526985
1789134939943623,0.078316330909729,0.078316330909729
1789134939955623,-0.07085461914539337,-0.07085461914539337
1789134939963623,-0.035636745393276215,-0.035636745393276215
1789134939973623,-0.050067655742168427,-0.050067655742168427
1789134939983623,-0.04324226453900337,-0.04324226453900337
1789134939991623,-0.0347195640206337,-0.0347195640206337
1789134940003623,-0.015511825680732727,-0.015511825680732727
1789134940015623,-0.04672697186470032,-0.04672697186470032
1789134940019623,-0.007810494862496853,-0.007810494862496853
1789134940033623,0.01872139424085617,0.01872139424085617
1789134940043623,0.029134217649698257,0.029134217649698257
1789134940053623,0.04992677643895149,0.04992677643895149
1789134940063623,-0.06803914904594421,-0.06803914904594421
1789134940075623,-0.046972110867500305,-0.046972110867500305
1789134940083623,-0.03351358324289322,-0.03351358324289322
1789134940093623,-0.021034739911556244,-0.021034739911556244
1789134940103623,-0.013542699627578259,-0.013542699627578259
1789134940113623,0.02138117514550686,0.02138117514550686
1789134940123623,-0.05562981963157654,-0.05562981963157654
1789134940135623,-0.1094711571931839,-0.1094711571931839
1789134940143623,-0.07762810587882996,-0.07762810587882996
1789134940151623,-0.04445870965719223,-0.04445870965719223
1789134940163623,-0.03024468943476677,-0.03024468943476677
1789134940173623,-0.023814937099814415,-0.023814937099814415
1789134940183623,-0.04450058564543724,-0.04450058564543724
1789134940195623,-0.10263944417238235,-0.10263944417238235
1789134940203623,-0.020544670522212982,-0.020544670522212982
1789134940213623,-0.0109446095302701,-0.0109446095302701
1789134940217623,-0.010951589792966843,-0.010951589792966843
1789134940233623,0.020598245784640312,0.020598245784640312
1789134940243623,-0.004846968688070774,-0.004846968688070774
1789134940255623,-0.050062764436006546,-0.050062764436006546
1789134940263623,-0.0196158979088068,-0.0196158979088068
1789134940273623,-0.0077809966169297695,-0.0077809966169297695
1789134940283623,0.004620651714503765,0.004620651714503765
1789134940293623,0.02860531397163868,0.02860531397163868
1789134940303623,-0.007795237470418215,-0.007795237470418215
1789134940315623,-0.09296303987503052,-0.09296303987503052
1789134940323623,-0.01908203586935997,-0.01908203586935997
1789134940333623,-0.0030453726649284363,-0.0030453726649284363
1789134940343623,0.002057884354144335,0.002057884354144335
1789134940351623,-0.07605689018964767,-0.07605689018964767
1789134940363623,-0.04204418137669563,-0.04204418137669563
1789134940375623,-0.061698347330093384,-0.061698347330093384
1789134940383623,-0.019970979541540146,-0.019970979541540146
1789134940393623,-0.05775146186351776,-0.05775146186351776
1789134940403623,-0.043407171964645386,-0.043407171964645386
1789134940413623,-0.013968106359243393,-0.013968106359243393
1789134940423623,-0.05783164128661156,-0.05783164128661156
1789134940435623,-0.13786107301712036,-0.13786107301712036
1789134940443623,-0.050068970769643784,-0.050068970769643784
1789134940449623,-0.02746126614511013,-0.02746126614511013
1789134940463623,-0.021589824929833412,-0.021589824929833412
1789134940473623,0.007998482324182987,0.007998482324182987
1789134940483623,-0.08323360234498978,-0.08323360234498978
1789134940495623,-0.10925830900669098,-0.10925830900669098
1789134940503623,-0.08005926012992859,-0.08005926012992859
1789134940513623,-0.05707031488418579,-0.05707031488418579
1789134940523623,-0.042905621230602264,-0.042905621230602264
1789134940533623,-0.014631716534495354,-0.014631716534495354
1789134940543623,-0.05714869499206543,-0.05714869499206543
1789134940555623,-0.08345460891723633,-0.08345460891723633
1789134940563623,-0.04262247309088707,-0.04262247309088707
1789134940573623,0.01356505323201418,0.01356505323201418
1789134940581623,0.0218410212546587,0.0218410212546587
1789134940593623,0.04040629789233208,0.04040629789233208
1789134940603623,0.013555238023400307,0.013555238023400307
1789134940615623,-0.17275401949882507,-0.17275401949882507
1789134940623623,-0.10029184073209763,-0.10029184073209763
1789134940633623,-0.06872687488794327,-0.06872687488794327
1789134940643623,-0.05792539194226265,-0.05792539194226265
1789134940651623,-0.050504930317401886,-0.050504930317401886
1789134940663623,-0.03471019119024277,-0.03471019119024277
1789134940675623,-0.05676142871379852,-0.05676142871379852
1789134940677623,-0.025420133024454117,-0.025420133024454117
1789134940693623,-0.05497144162654877,-0.05497144162654877
1789134940703623,-0.04968860000371933,-0.04968860000371933
1789134940713623,-0.022717686370015144,-0.022717686370015144
1789134940723623,-0.05502815172076225,-0.05502815172076225
1789134940735623,-0.1326974630355835,-0.1326974630355835
1789134940743623,-0.06616021692752838,-0.06616021692752838
1789134940751623,-0.0388944149017334,-0.0388944149017334
1789134940763623,-0.030823076143860817,-0.030823076143860817
1789134940773623,-0.013114473782479763,-0.013114473782479763
1789134940783623,-0.07744057476520538,-0.07744057476520538
1789134940795623,-0.0563516765832901,-0.0563516765832901
1789134940797623,-0.04699940234422684,-0.04699940234422684
1789134940811623,-0.03983357548713684,-0.03983357548713684
1789134940823623,-0.03558233380317688,-0.03558233380317688
1789134940833623,-0.014567066915333271,-0.014567066915333271
1789134940843623,-0.03988095372915268,-0.03988095372915268
1789134940855623,-0.13285823166370392,-0.13285823166370392
1789134940863623,-0.07998393476009369,-0.07998393476009369
1789134940869783,-0.0634399875998497,-0.0634399875998497
1789134940883783,-0.055765602737665176,-0.055765602737665176
1789134940893783,-0.04129040986299515,-0.04129040986299515
1789134940903783,-0.06350196152925491,-0.06350196152925491
1789134940915783,-0.030001549050211906,-0.030001549050211906
1789134940917783,-0.010079395957291126,-0.010079395957291126
1789134940933783,0.030418692156672478,0.030418692156672478
1789134940943783,0.03182640299201012,0.03182640299201012
1789134940951783,0.030436920002102852,0.030436920002102852
1789134940963783,0.0304533913731575,0.0304533913731575
1789134940975783,-0.15346300601959229,-0.15346300601959229
1789134940977783,-0.11298491060733795,-0.11298491060733795
1789134940993783,-0.08676779270172119,-0.08676779270172119
1789134941003783,-0.08053543418645859,-0.08053543418645859
1789134941011783,-0.03775855898857117,-0.03775855898857117
1789134941023783,-0.020544448867440224,-0.020544448867440224
1789134941035783,-0.02884768322110176,-0.02884768322110176
1789134941037783,-0.016912732273340225,-0.016912732273340225
1789134941053783,-0.0003299566451460123,-0.0003299566451460123
1789134941061783,0.0033421884290874004,0.0033421884290874004
1789134941073783,0.016147837042808533,0.016147837042808533
1789134941083783,-0.0003627494443207979,-0.0003627494443207979
1789134941095783,-0.15094514191150665,-0.15094514191150665
1789134941103783,-0.10924873501062393,-0.10924873501062393
1789134941109783,-0.08596142381429672,-0.08596142381429672
1789134941123783,-0.07997776567935944,-0.07997776567935944
1789134941133783,-0.06802801787853241,-0.06802801787853241
1789134941143783,-0.06760060042142868,-0.06760060042142868
1789134941155783,-0.02818959951400757,-0.02818959951400757
1789134941157783,-0.026338916271924973,-0.026338916271924973
1789134941173783,-0.00638522207736969,-0.00638522207736969
1789134941183783,-0.0040572346188127995,-0.0040572346188127995
1789134941193783,0.015466232784092426,0.015466232784092426
1789134941203783,-0.0064504509791731834,-0.0064504509791731834
1789134941215783,-0.288072407245636,-0.288072407245636
1789134941223783,-0.22752192616462708,-0.22752192616462708
1789134941233783,-0.22248050570487976,-0.22248050570487976
1789134941241783,-0.19066563248634338,-0.19066563248634338
1789134941253783,-0.17460386455059052,-0.17460386455059052
1789134941263783,-0.22280627489089966,-0.22280627489089966
1789134941275783,-0.27997884154319763,-0.27997884154319763
1789134941283783,-0.1930631697177887,-0.1930631697177887
1789134941293783,-0.1551341563463211,-0.1551341563463211
1789134941303783,-0.15104004740715027,-0.15104004740715027
1789134941311783,-0.05451469123363495,-0.05451469123363495
1789134941323783,-0.0486818328499794,-0.0486818328499794
1789134941335783,-0.09483960270881653,-0.09483960270881653
1789134941339783,-0.0852833092212677,-0.0852833092212677
1789134941351783,-0.0768093541264534,-0.0768093541264534
1789134941363783,-0.07309340685606003,-0.07309340685606003
1789134941373783,-0.06527777761220932,-0.06527777761220932
1789134941383783,-0.07692809402942657,-0.07692809402942657
1789134941395783,-0.14316684007644653,-0.14316684007644653
1789134941403783,-0.11894473433494568,-0.11894473433494568
1789134941413783,-0.07589910179376602,-0.07589910179376602
1789134941423783,-0.07616642117500305,-0.07616642117500305
1789134941433783,-0.0790724977850914,-0.0790724977850914
1789134941443783,-0.0527629554271698,-0.0527629554271698
1789134941455783,-0.04509465768933296,-0.04509465768933296
1789134941463783,-0.05292265862226486,-0.05292265862226486
1789134941471783,-0.07633516192436218,-0.07633516192436218
1789134941483783,-0.07823773473501205,-0.07823773473501205
1789134941493783,-0.08055634796619415,-0.08055634796619415
1789134941503783,-0.07645173370838165,-0.07645173370838165
1789134941515783,-0.1304834485054016,-0.1304834485054016
1789134941523783,-0.13358819484710693,-0.13358819484710693
1789134941533783,-0.10110127180814743,-0.10110127180814743
1789134941537783,-0.057216811925172806,-0.057216811925172806
1789134941551783,-0.05875048786401749,-0.05875048786401749
1789134941563783,-0.05877763032913208,-0.05877763032913208
1789134941575783,-0.09144134074449539,-0.09144134074449539
1789134941583783,-0.10049145668745041,-0.10049145668745041
1789134941593783,-0.13813461363315582,-0.13813461363315582
1789134941603783,-0.13956445455551147,-0.13956445455551147
1789134941613783,-0.14240619540214539,-0.14240619540214539
1789134941623783,-0.1383097767829895,-0.1383097767829895
1789134941635783,-0.018953578546643257,-0.018953578546643257
1789134941637783,-0.03909676894545555,-0.03909676894545555
1789134941653783,0.007450292352586985,0.007450292352586985
1789134941663783,0.00167811568826437,0.00167811568826437
1789134941671783,0.07247260957956314,0.07247260957956314
1789134941683783,0.035797856748104095,0.035797856748104095
1789134941695783,-0.033516447991132736,-0.033516447991132736
1789134941703783,-0.06655453890562057,-0.06655453890562057
1789134941713783,-0.07163380086421967,-0.07163380086421967
1789134941723783,-0.07745500653982162,-0.07745500653982162
1789134941733783,-0.0877005085349083,-0.0877005085349083
1789134941743783,-0.07174994051456451,-0.07174994051456451
1789134941755783,-0.05012570321559906,-0.05012570321559906
1789134941763783,-0.06717748194932938,-0.06717748194932938
1789134941769783,-0.008821239694952965,-0.008821239694952965
1789134941783783,-0.015514971688389778,-0.015514971688389778
1789134941793783,-0.05287880450487137,-0.05287880450487137
1789134941803783,0.04329964518547058,0.04329964518547058
1789134941815783,0.04866018146276474,0.04866018146276474
1789134941823783,0.02264891192317009,0.02264891192317009
1789134941833783,-0.017197011038661003,-0.017197011038661003
1789134941843783,-0.02851342223584652,-0.02851342223584652
1789134941853783,-0.050322696566581726,-0.050322696566581726
1789134941863783,-0.01722870022058487,-0.01722870022058487
1789134941875783,0.054506395012140274,0.054506395012140274
1789134941883941,0.03095417097210884,0.03095417097210884
1789134941893941,-0.008060758002102375,-0.008060758002102375
1789134941901941,-0.020842185243964195,-0.020842185243964195
1789134941913941,-0.04460938647389412,-0.04460938647389412
1789134941923941,-0.008075965568423271,-0.008075965568423271
1789134941935941,0.07603111863136292,0.07603111863136292
1789134941943941,0.005050642415881157,0.005050642415881157
1789134941951941,-0.008691543713212013,-0.008691543713212013
1789134941963941,-0.021954365074634552,-0.021954365074634552
1789134941971941,0.08960115164518356,0.08960115164518356
1789134941983941,0.06830044090747833,0.06830044090747833
1789134941995941,0.060540080070495605,0.060540080070495605
1789134941997941,0.011122645810246468,0.011122645810246468
1789134942013941,-0.025854285806417465,-0.025854285806417465
1789134942023941,-0.03182663768529892,-0.03182663768529892
1789134942033941,-0.06390708684921265,-0.06390708684921265
1789134942043941,-0.025868050754070282,-0.025868050754070282
1789134942055941,0.15770265460014343,0.15770265460014343
1789134942065941,0.07809799909591675,0.07809799909591675
1789134942073941,0.06926112622022629,0.06926112622022629
1789134942083941,0.05524177476763725,0.05524177476763725
1789134942093941,0.02667172998189926,0.02667172998189926
1789134942103941,0.07559899985790253,0.07559899985790253
1789134942115941,0.030059466138482094,0.030059466138482094
1789134942123941,0.014972029253840446,0.014972029253840446
1789134942131941,0.018517423421144485,0.018517423421144485
1789134942143941,0.012622294016182423,0.012622294016182423
1789134942151941,0.01852520741522312,0.01852520741522312
1789134942163941,0.018536876887083054,0.018536876887083054
1789134942175941,0.10836834460496902,0.10836834460496902
1789134942183941,0.034417033195495605,0.034417033195495605
1789134942193941,0.06578216701745987,0.06578216701745987
1789134942199941,0.1158597469329834,0.1158597469329834
1789134942213941,0.06637952476739883,0.06637952476739883
1789134942223941,0.08420904725790024,0.08420904725790024
1789134942235941,0.07687467336654663,0.07687467336654663
1789134942245941,0.04802330583333969,0.04802330583333969
1789134942253941,0.021710051223635674,0.021710051223635674
1789134942263941,0.015642227604985237,0.015642227604985237
1789134942273941,0.004030092619359493,0.004030092619359493
1789134942283941,-0.025389380753040314,-0.025389380753040314
1789134942293941,0.03216245770454407,0.03216245770454407
1789134942297941,0.018363486975431442,0.018363486975431442
1789134942313941,0.005717908497899771,0.005717908497899771
1789134942323941,-0.003797332290560007,-0.003797332290560007
1789134942331941,0.05447698384523392,0.05447698384523392
1789134942343941,0.025028426200151443,0.025028426200151443
1789134942355941,0.06890559941530228,0.06890559941530228
1789134942363941,0.05092755705118179,0.05092755705118179
1789134942373941,0.06628826260566711,0.06628826260566711
1789134942383941,0.05986867472529411,0.05986867472529411
1789134942393941,0.029205091297626495,0.029205091297626495
1789134942403941,0.06635866314172745,0.06635866314172745
1789134942415941,0.05175132304430008,0.05175132304430008
1789134942423941,-0.012346926145255566,-0.012346926145255566
1789134942429941,-0.04222629591822624,-0.04222629591822624
1789134942443941,-0.04704027995467186,-0.04704027995467186
1789134942453941,-0.057821113616228104,-0.057821113616228104
1789134942463941,-0.017704062163829803,-0.017704062163829803
1789134942475941,-0.05829266086220741,-0.05829266086220741
1789134942477941,-0.06285961717367172,-0.06285961717367172
1789134942493941,-0.1032523363828659,-0.1032523363828659
1789134942503941,-0.10414861887693405,-0.10414861887693405
1789134942513941,-0.11604558676481247,-0.11604558676481247
1789134942523941,-0.10333739966154099,-0.10333739966154099
1789134942535941,0.12002099305391312,0.12002099305391312
1789134942543941,0.07938696444034576,0.07938696444034576
1789134942551941,0.08305256813764572,0.08305256813764572
1789134942561941,0.05221527814865112,0.05221527814865112
1789134942573941,0.034087926149368286,0.034087926149368286
1789134942583941,0.08321592211723328,0.08321592211723328
1789134942595941,0.26347485184669495,0.26347485184669495
1789134942603941,0.15649202466011047,0.15649202466011047
1789134942613941,0.09946130961179733,0.09946130961179733
1789134942623941,0.09205392003059387,0.09205392003059387
1789134942631941,0.11847472935914993,0.11847472935914993
1789134942643941,0.09786903113126755,0.09786903113126755
1789134942655941,0.12623463571071625,0.12623463571071625
1789134942659941,0.07838547974824905,0.07838547974824905
1789134942673941,0.0227167010307312,0.0227167010307312
1789134942683941,0.011913563124835491,0.011913563124835491
1789134942693941,-0.011315146461129189,-0.011315146461129189
1789134942703941,0.022777650505304337,0.022777650505304337
1789134942715941,0.19470414519309998,0.19470414519309998
1789134942725941,0.06170905381441116,0.06170905381441116
1789134942733941,0.03813721984624863,0.03813721984624863
1789134942743941,0.03525230288505554,0.03525230288505554
1789134942751941,0.03815280273556709,0.03815280273556709
1789134942763941,0.06740426272153854,0.06740426272153854
1789134942773941,0.07475679367780685,0.07475679367780685
1789134942785941,0.0845770463347435,0.0845770463347435
1789134942791941,0.07610949873924255,0.07610949873924255
1789134942803941,0.06641808152198792,0.06641808152198792
1789134942813941,0.061108630150556564,0.061108630150556564
1789134942823941,0.02910960093140602,0.02910960093140602
1789134942833941,0.06890109181404114,0.06890109181404114
1789134942845941,0.04382092505693436,0.04382092505693436
1789134942853941,0.04043847694993019,0.04043847694993019
1789134942859941,0.048557642847299576,0.048557642847299576
1789134942871941,0.06873983889818192,0.06873983889818192
1789134942884101,0.05755901336669922,0.05755901336669922
1789134942896101,0.02327953837811947,0.02327953837811947
1789134942904101,0.015430737286806107,0.015430737286806107
1789134942914101,0.03179953992366791,0.03179953992366791
1789134942924101,0.029974326491355896,0.029974326491355896
1789134942934101,0.026765640825033188,0.026765640825033188
1789134942944101,0.03182101994752884,0.03182101994752884
1789134942956101,0.03681856393814087,0.03681856393814087
1789134942958101,0.03188363090157509,0.03188363090157509
1789134942974101,0.04422948509454727,0.04422948509454727
1789134942984101,0.041556764394044876,0.041556764394044876
1789134942992101,0.1596485823392868,0.1596485823392868
1789134943004101,0.13663047552108765,0.13663047552108765
1789134943016101,0.05690715089440346,0.05690715089440346
1789134943024101,0.03949129581451416,0.03949129581451416
1789134943034101,0.06191194802522659,0.06191194802522659
1789134943044101,0.061051417142152786,0.061051417142152786
1789134943054101,0.06012986600399017,0.06012986600399017
1789134943064101,0.027000293135643005,0.027000293135643005
1789134943076101,0.014563055709004402,0.014563055709004402
1789134943078101,0.014445492997765541,0.014445492997765541
1789134943090101,-0.035595137625932693,-0.035595137625932693
1789134943104101,-0.03339714929461479,-0.03339714929461479
1789134943114101,-0.027914347127079964,-0.027914347127079964
1789134943124101,0.01381620578467846,0.01381620578467846
1789134943136101,0.030799273401498795,0.030799273401498795
1789134943146101,0.0035501730162650347,0.0035501730162650347
1789134943152101,0.00535103864967823,0.00535103864967823
1789134943164101,0.007077588699758053,0.007077588699758053
1789134943174101,0.011456640437245369,0.011456640437245369
1789134943184101,0.005370982922613621,0.005370982922613621
1789134943196101,0.030504120513796806,0.030504120513796806
1789134943204101,0.03776304051280022,0.03776304051280022
1789134943214101,-0.015719762071967125,-0.015719762071967125
1789134943222101,-0.01139308325946331,-0.01139308325946331
1789134943234101,0.0014382645022124052,0.0014382645022124052
1789134943244101,-0.015751030296087265,-0.015751030296087265
1789134943256101,-0.1553434580564499,-0.1553434580564499
1789134943264101,-0.11042045801877975,-0.11042045801877975
1789134943274101,-0.15047335624694824,-0.15047335624694824
1789134943284101,-0.13990402221679688,-0.13990402221679688
1789134943292101,-0.14429621398448944,-0.14429621398448944
1789134943304101,-0.12889264523983002,-0.12889264523983002
1789134943316101,-0.05362239480018616,-0.05362239480018616
1789134943320101,-0.03409497067332268,-0.03409497067332268
1789134943334101,-0.0019234735518693924,-0.0019234735518693924
1789134943344101,0.0006102488841861486,0.0006102488841861486
1789134943352101,-0.0019482006318867207,-0.0019482006318867207
1789134943364101,0.0417487695813179,0.0417487695813179
1789134943374101,-0.08659384399652481,-0.08659384399652481
1789134943386101,-0.07742095738649368,-0.07742095738649368
1789134943394101,-0.06893902271986008,-0.06893902271986008
1789134943404101,-0.06567218899726868,-0.06567218899726868
1789134943414101,-0.05599447339773178,-0.05599447339773178
1789134943424101,0.04568415507674217,0.04568415507674217
1789134943436101,0.08408667892217636,0.08408667892217636
1789134943444101,0.08075325936079025,0.08075325936079025
1789134943452101,0.03224847465753555,0.03224847465753555
1789134943464101,0.031759005039930344,0.031759005039930344
1789134943474101,0.03240036964416504,0.03240036964416504
1789134943484101,0.032292068004608154,0.032292068004608154
1789134943496101,0.04728333652019501,0.04728333652019501
1789134943506101,0.05544128641486168,0.05544128641486168
1789134943514101,0.052181851118803024,0.052181851118803024
1789134943520101,-0.05084545537829399,-0.05084545537829399
1789134943534101,-0.050588011741638184,-0.050588011741638184
1789134943544101,-0.05469674617052078,-0.05469674617052078
1789134943556101,0.009628855623304844,0.009628855623304844
1789134943558101,0.013167965225875378,0.013167965225875378
1789134943574101,-0.01278088428080082,-0.01278088428080082
1789134943584101,-0.011827303096652031,-0.011827303096652031
1789134943594101,-0.002307650400325656,-0.002307650400325656
1789134943604101,-0.012811156921088696,-0.012811156921088696
1789134943616101,-0.17099741101264954,-0.17099741101264954
1789134943618101,-0.13627320528030396,-0.13627320528030396
1789134943634101,-0.16372397541999817,-0.16372397541999817
1789134943644101,-0.15635649859905243,-0.15635649859905243
1789134943652101,-0.07911979407072067,-0.07911979407072067
1789134943664101,-0.058963675051927567,-0.058963675051927567
1789134943676101,-0.0638900175690651,-0.0638900175690651
1789134943678101,-0.0511113703250885,-0.0511113703250885
1789134943694101,-0.012253927998244762,-0.012253927998244762
1789134943704101,-0.011389351449906826,-0.011389351449906826
1789134943714101,-0.0021128924563527107,-0.0021128924563527107
1789134943724101,-0.012278256937861443,-0.012278256937861443
1789134943736101,-0.11568684130907059,-0.11568684130907059
1789134943744101,-0.08705665916204453,-0.08705665916204453
1789134943750101,-0.0674012154340744,-0.0674012154340744
1789134943764101,-0.06111497804522514,-0.06111497804522514
1789134943774101,-0.04930507019162178,-0.04930507019162178
1789134943784101,-0.07816988229751587,-0.07816988229751587
1789134943796101,-0.04154948890209198,-0.04154948890209198
1789134943804101,-0.03880073130130768,-0.03880073130130768
1789134943814101,-0.0163272675126791,-0.0163272675126791
1789134943824101,-0.01557458471506834,-0.01557458471506834
1789134943834101,-0.015831025317311287,-0.015831025317311287
1789134943844101,-0.013745894655585289,-0.013745894655585289
1789134943854101,-0.0572013333439827,-0.0572013333439827
1789134943866101,-0.06115403771400452,-0.06115403771400452
1789134943870101,-0.05796876549720764,-0.05796876549720764
1789134943882101,-0.05561809241771698,-0.05561809241771698
1789134943894259,-0.053844716399908066,-0.053844716399908066
1789134943904259,-0.05806174501776695,-0.05806174501776695
1789134943914259,-0.0983433872461319,-0.0983433872461319
1789134943924259,-0.09367813169956207,-0.09367813169956207
1789134943934259,-0.06676746159791946,-0.06676746159791946
1789134943944259,-0.06663192063570023,-0.06663192063570023
1789134943950259,-0.011336885392665863,-0.011336885392665863
1789134943964259,-0.015521539375185966,-0.015521539375185966
1789134943974259,-0.07939744740724564,-0.07939744740724564
1789134943986259,-0.07688790559768677,-0.07688790559768677
1789134943994259,-0.07622663676738739,-0.07622663676738739
1789134944004259,-0.07620219141244888,-0.07620219141244888
1789134944014259,-0.07697059214115143,-0.07697059214115143
1789134944024259,-0.07629601657390594,-0.07629601657390594
1789134944036259,0.007163388188928366,0.007163388188928366
1789134944038259,-0.0034491284750401974,-0.0034491284750401974
1789134944054259,-0.03548244386911392,-0.03548244386911392
1789134944062259,-0.038745369762182236,-0.038745369762182236
1789134944074259,-0.04042287915945053,-0.04042287915945053
1789134944084259,-0.04696778953075409,-0.04696778953075409
1789134944096259,0.00796233955770731,0.00796233955770731
1789134944104259,-0.0003015222027897835,-0.0003015222027897835
1789134944112259,-0.018466891720891,-0.018466891720891
1789134944124259,-0.02288837730884552,-0.02288837730884552
1789134944134259,-0.034241482615470886,-0.034241482615470886
1789134944144259,-0.018465058878064156,-0.018465058878064156
1789134944156259,0.00045235175639390945,0.00045235175639390945
1789134944158259,-0.015660028904676437,-0.015660028904676437
1789134944174259,-0.06969995051622391,-0.06969995051622391
1789134944180259,-0.034984663128852844,-0.034984663128852844
1789134944194259,-0.045998573303222656,-0.045998573303222656
1789134944204259,-0.037508703768253326,-0.037508703768253326
1789134944216259,-0.10205069184303284,-0.10205069184303284
1789134944224259,-0.10911159962415695,-0.10911159962415695
1789134944234259,-0.14141735434532166,-0.14141735434532166
1789134944244259,-0.14059804379940033,-0.14059804379940033
1789134944254259,-0.139309823513031,-0.139309823513031
1789134944264259,-0.1415909081697464,-0.1415909081697464
1789134944276259,-0.07913129031658173,-0.07913129031658173
1789134944278259,-0.08084098994731903,-0.08084098994731903
1789134944294259,-0.02062528021633625,-0.02062528021633625
1789134944304259,-0.024305712431669235,-0.024305712431669235
1789134944312259,0.0028223544359207153,0.0028223544359207153
1789134944324259,-0.01763184182345867,-0.01763184182345867
1789134944336259,-0.015744514763355255,-0.015744514763355255
1789134944344259,-0.03852136433124542,-0.03852136433124542
1789134944352259,-0.02886200323700905,-0.02886200323700905
1789134944364259,-0.034389887005090714,-0.034389887005090714
1789134944374259,-0.0445450022816658,-0.0445450022816658
1789134944384259,-0.028922364115715027,-0.028922364115715027
1789134944396259,0.027127377688884735,0.027127377688884735
1789134944398259,-0.008200913667678833,-0.008200913667678833
1789134944410259,0.04858282953500748,0.04858282953500748
1789134944424259,0.041658997535705566,0.041658997535705566
1789134944434259,0.010694310069084167,0.010694310069084167
1789134944444259,0.03728510066866875,0.03728510066866875
1789134944456259,-0.017867667600512505,-0.017867667600512505
1789134944464259,-0.0363764762878418,-0.0363764762878418
1789134944474259,-0.03257753700017929,-0.03257753700017929
1789134944484259,-0.04124027490615845,-0.04124027490615845
1789134944494259,-0.05768917128443718,-0.05768917128443718
1789134944504259,-0.032624371349811554,-0.032624371349811554
1789134944516259,0.10410572588443756,0.10410572588443756
1789134944524259,0.04789360985159874,0.04789360985159874
1789134944534259,0.06689536571502686,0.06689536571502686
1789134944542259,0.0527682788670063,0.0527682788670063
1789134944552259,0.06694620847702026,0.06694620847702026
1789134944564259,0.0669822245836258,0.0669822245836258
1789134944576259,0.09617812186479568,0.09617812186479568
1789134944584259,0.0264288280159235,0.0264288280159235
1789134944594259,0.010183030739426613,0.010183030739426613
1789134944604259,0.002564182970672846,0.002564182970672846
1789134944612259,-0.00874304212629795,-0.00874304212629795
1789134944624259,-0.019992705434560776,-0.019992705434560776
1789134944636259,0.0860402062535286,0.0860402062535286
1789134944638259,0.05511860549449921,0.05511860549449921
1789134944654259,0.0875622034072876,0.0875622034072876
1789134944664259,0.08048006892204285,0.08048006892204285
1789134944674259,0.05132569745182991,0.05132569745182991
1789134944684259,0.08765174448490143,0.08765174448490143
1789134944696259,0.06791406124830246,0.06791406124830246
1789134944704259,0.005189287476241589,0.005189287476241589
1789134944714259,-0.029782474040985107,-0.029782474040985107
1789134944724259,-0.03539057448506355,-0.03539057448506355
1789134944734259,-0.04661216586828232,-0.04661216586828232
1789134944744259,0.03067927435040474,0.03067927435040474
1789134944756259,0.04372029006481171,0.04372029006481171
1789134944758259,0.039411675184965134,0.039411675184965134
1789134944772259,0.07955644279718399,0.07955644279718399
1789134944784259,0.07378652691841125,0.07378652691841125
1789134944794259,0.044661909341812134,0.044661909341812134
1789134944804259,0.07966765761375427,0.07966765761375427
1789134944816259,0.17146801948547363,0.17146801948547363
1789134944824259,0.10295461863279343,0.10295461863279343
1789134944834259,0.083070307970047,0.083070307970047
1789134944840259,0.07583323121070862,0.07583323121070862
1789134944854259,0.04687166213989258,0.04687166213989258
1789134944864259,0.05747804418206215,0.05747804418206215
1789134944876259,0.07261957228183746,0.07261957228183746
1789134944878259,0.05388464406132698,0.05388464406132698
1789134944894417,0.03706994280219078,0.03706994280219078
1789134944904417,0.03330916911363602,0.03330916911363602
1789134944914417,0.011419874615967274,0.011419874615967274
1789134944924417,0.037142034620046616,0.037142034620046616
1789134944936417,0.16991379857063293,0.16991379857063293
1789134944938417,0.11260529607534409,0.11260529607534409
1789134944952417,0.10178656131029129,0.10178656131029129
1789134944964417,0.08892199397087097,0.08892199397087097
1789134944972417,0.12845364212989807,0.12845364212989807
1789134944984417,0.09171783924102783,0.09171783924102783
1789134944996417,0.04569558799266815,0.04569558799266815
1789134944998417,0.023535575717687607,0.023535575717687607
1789134945014417,0.02862248569726944,0.02862248569726944
1789134945024417,0.026499945670366287,0.026499945670366287
1789134945034417,0.013963393867015839,0.013963393867015839
1789134945044417,0.028675876557826996,0.028675876557826996
1789134945056417,0.11413080990314484,0.11413080990314484
1789134945062417,0.07477827370166779,0.07477827370166779
1789134945070417,0.08073227107524872,0.08073227107524872
1789134945084417,0.07466845959424973,0.07466845959424973
1789134945094417,0.06332691013813019,0.06332691013813019
1789134945104417,0.10710716992616653,0.10710716992616653
1789134945116417,0.09442441165447235,0.09442441165447235
1789134945118417,0.08904537558555603,0.08904537558555603
1789134945134417,0.035330772399902344,0.035330772399902344
1789134945144417,0.03425368666648865,0.03425368666648865
1789134945152417,0.035363707691431046,0.035363707691431046
1789134945164417,0.03538323566317558,0.03538323566317558
1789134945174417,0.08982871472835541,0.08982871472835541
1789134945186417,0.06775772571563721,0.06775772571563721
1789134945194417,0.06373859196901321,0.06373859196901321
1789134945202417,0.061585016548633575,0.061585016548633575
1789134945214417,0.060140106827020645,0.060140106827020645
1789134945224417,0.048065200448036194,0.048065200448036194
1789134945236417,0.07535313814878464,0.07535313814878464
1789134945238417,0.05665365234017372,0.05665365234017372
1789134945254417,0.05151653662323952,0.05151653662323952
1789134945264417,0.051407814025878906,0.051407814025878906
1789134945272417,0.04017707705497742,0.04017707705497742
1789134945284417,0.03899506852030754,0.03899506852030754
1789134945296417,0.04970032721757889,0.04970032721757889
1789134945300417,0.04796208441257477,0.04796208441257477
1789134945314417,0.06931323558092117,0.06931323558092117
1789134945324417,0.06771229952573776,0.06771229952573776
1789134945334417,0.06360051035881042,0.06360051035881042
1789134945344417,0.06940700113773346,0.06940700113773346
1789134945356417,0.02884358912706375,0.02884358912706375
1789134945366417,0.008285540156066418,0.008285540156066418
1789134945374417,0.01261473260819912,0.01261473260819912
1789134945384417,0.014319034293293953,0.014319034293293953
1789134945394417,0.02160423807799816,0.02160423807799816
1789134945404417,0.027902955189347267,0.027902955189347267
1789134945416417,0.05219709873199463,0.05219709873199463
1789134945424417,0.053742848336696625,0.053742848336696625
1789134945432417,0.06852466613054276,0.06852466613054276
1789134945444417,0.06691924482584,0.06691924482584
1789134945454417,0.06421855837106705,0.06421855837106705
1789134945464417,0.06862243264913559,0.06862243264913559
1789134945476417,0.05842047557234764,0.05842047557234764
1789134945478417,0.05257657915353775,0.05257657915353775
1789134945494417,0.033841490745544434,0.033841490745544434
1789134945500417,0.02180514857172966,0.02180514857172966
1789134945514417,0.02915627509355545,0.02915627509355545
1789134945524417,0.02417900040745735,0.02417900040745735
1789134945536417,0.04373633861541748,0.04373633861541748
1789134945544417,0.0489586666226387,0.0489586666226387
1789134945552417,0.0518391951918602,0.0518391951918602
1789134945564417,0.05281658098101616,0.05281658098101616
1789134945574417,0.05505751818418503,0.05505751818418503
1789134945584417,0.051909688860177994,0.051909688860177994
1789134945596417,0.03203855827450752,0.03203855827450752
1789134945598417,0.0394684374332428,0.0394684374332428
1789134945614417,0.021252520382404327,0.021252520382404327
1789134945624417,0.023263897746801376,0.023263897746801376
1789134945632417,-0.004230919294059277,-0.004230919294059277
1789134945644417,0.008795817382633686,0.008795817382633686
1789134945656417,0.045699264854192734,0.045699264854192734
1789134945664417,0.05642152205109596,0.05642152205109596
1789134945674417,0.03071889840066433,0.03071889840066433
1789134945684417,0.033433184027671814,0.033433184027671814
1789134945694417,0.039557669311761856,0.039557669311761856
1789134945704417,0.03076460026204586,0.03076460026204586
1789134945716417,0.1296330988407135,0.1296330988407135
1789134945724417,0.13357192277908325,0.13357192277908325
1789134945730417,0.12617938220500946,0.12617938220500946
1789134945744417,0.12453579902648926,0.12453579902648926
1789134945752417,0.12630945444107056,0.12630945444107056
1789134945764417,0.14456334710121155,0.14456334710121155
1789134945776417,0.14938274025917053,0.14938274025917053
1789134945784417,0.14239346981048584,0.14239346981048584
1789134945794417,0.14540988206863403,0.14540988206863403
1789134945804417,0.14280450344085693,0.14280450344085693
1789134945814417,0.14480510354042053,0.14480510354042053
1789134945824417,0.14553134143352509,0.14553134143352509
1789134945836417,-0.03811289742588997,-0.03811289742588997
1789134945844417,-0.03233540803194046,-0.03233540803194046
1789134945854417,-0.06392403692007065,-0.06392403692007065
1789134945862417,-0.05131981149315834,-0.05131981149315834
1789134945870417,-0.0479273684322834,-0.0479273684322834
1789134945884417,-0.03879273310303688,-0.03879273310303688
1789134945896417,-0.09022504836320877,-0.09022504836320877
1789134945906574,-0.046777062118053436,-0.046777062118053436
1789134945914574,-0.034630049020051956,-0.034630049020051956
1789134945924574,-0.026678603142499924,-0.026678603142499924
1789134945932574,-0.06466507911682129,-0.06466507911682129
1789134945944574,-0.046999722719192505,-0.046999722719192505
1789134945954574,-0.02142339013516903,-0.02142339013516903
1789134945966574,-0.021760117262601852,-0.021760117262601852
1789134945974574,-0.015620353631675243,-0.015620353631675243
1789134945984574,-0.009868914261460304,-0.009868914261460304
1789134945994574,-0.0002720165066421032,-0.0002720165066421032
1789134946004574,0.02324029430747032,0.02324029430747032
1789134946014574,-0.00048530404455959797,-0.00048530404455959797
1789134946024574,0.010846937075257301,0.010846937075257301
1789134946034574,-0.003448583884164691,-0.003448583884164691
1789134946044574,0.004516086541116238,0.004516086541116238
1789134946054574,0.020021524280309677,0.020021524280309677
1789134946064574,0.017992256209254265,0.017992256209254265
1789134946076574,0.007323952857404947,0.007323952857404947
1789134946084574,0.014572040177881718,0.014572040177881718
1789134946092574,-0.006420713849365711,-0.006420713849365711
1789134946104574,-0.0023994569201022387,-0.0023994569201022387
1789134946114574,0.017826970666646957,0.017826970666646957
1789134946124574,-0.006418822333216667,-0.006418822333216667
1789134946136574,-0.03283670172095299,-0.03283670172095299
1789134946144574,0.014148913323879242,0.014148913323879242
1789134946152574,0.01839832402765751,0.01839832402765751
1789134946160574,0.013356581330299377,0.013356581330299377
1789134946174574,0.030528586357831955,0.030528586357831955
1789134946184574,0.04733743146061897,0.04733743146061897
1789134946194574,-0.01210249587893486,-0.01210249587893486
1789134946204574,0.01488814502954483,0.01488814502954483
1789134946214574,0.0007498918566852808,0.0007498918566852808
1789134946224574,0.004565677605569363,0.004565677605569363
1789134946234574,0.02666894719004631,0.02666894719004631
1789134946244574,0.0007521542720496655,0.0007521542720496655
1789134946256574,-0.1074080541729927,-0.1074080541729927
1789134946258574,-0.052711792290210724,-0.052711792290210724
1789134946274574,-0.07432179898023605,-0.07432179898023605
1789134946284574,-0.06435073912143707,-0.06435073912143707
1789134946292574,0.054614193737506866,0.054614193737506866
1789134946304574,0.07907143980264664,0.07907143980264664
1789134946316574,-0.025274358689785004,-0.025274358689785004
1789134946324574,-0.006000653840601444,-0.006000653840601444
1789134946334574,-0.05249149724841118,-0.05249149724841118
1789134946344574,-0.04548506438732147,-0.04548506438732147
1789134946352574,-0.05253950506448746,-0.05253950506448746
1789134946364574,-0.05256471410393715,-0.05256471410393715
1789134946376574,-0.10293609648942947,-0.10293609648942947
1789134946384574,-0.024399112910032272,-0.024399112910032272
1789134946390574,-0.019773058593273163,-0.019773058593273163
1789134946404574,-0.012924185954034328,-0.012924185954034328
1789134946414574,0.0004434199072420597,0.0004434199072420597
1789134946424574,0.039606329053640366,0.039606329053640366
1789134946436574,0.03723209351301193,0.03723209351301193
1789134946438574,0.043440453708171844,0.043440453708171844
1789134946454574,-0.006361071951687336,-0.006361071951687336
1789134946464574,-0.0010380186140537262,-0.0010380186140537262
1789134946474574,0.022877676412463188,0.022877676412463188
1789134946484574,-0.006356449797749519,-0.006356449797749519
1789134946496574,-0.03755204752087593,-0.03755204752087593
1789134946504574,0.01627250760793686,0.01627250760793686
1789134946514574,0.030611731112003326,0.030611731112003326
1789134946522574,0.04796331375837326,0.04796331375837326
1789134946534574,0.05781346559524536,0.05781346559524536
1789134946544574,0.030636565759778023,0.030636565759778023
1789134946556574,-0.057082053273916245,-0.057082053273916245
1789134946558574,-0.0275318194180727,-0.0275318194180727
1789134946574574,0.0007284313905984163,0.0007284313905984163
1789134946584574,0.005981619469821453,0.005981619469821453
1789134946590574,-0.03615743666887283,-0.03615743666887283
1789134946604574,-0.0032373687718063593,-0.0032373687718063593
1789134946616574,-0.029767949134111404,-0.029767949134111404
1789134946620574,0.005797956138849258,0.005797956138849258
1789134946634574,-0.006536257453262806,-0.006536257453262806
1789134946644574,0.0034254209604114294,0.0034254209604114294
1789134946654574,0.02297484315931797,0.02297484315931797
1789134946664574,-0.006522476673126221,-0.006522476673126221
1789134946676574,-0.015440321527421474,-0.015440321527421474
1789134946678574,0.04048336297273636,0.04048336297273636
1789134946694574,0.039044007658958435,0.039044007658958435
1789134946704574,0.04401526600122452,0.04401526600122452
1789134946714574,0.0680665522813797,0.0680665522813797
1789134946724574,0.020162446424365044,0.020162446424365044
1789134946736574,-0.03247338533401489,-0.03247338533401489
1789134946744574,-0.011070165783166885,-0.011070165783166885
1789134946752574,0.018239598721265793,0.018239598721265793
1789134946764574,0.029750101268291473,0.029750101268291473
1789134946774574,0.05338205024600029,0.05338205024600029
1789134946784574,0.01824662834405899,0.01824662834405899
1789134946796574,-0.09269309043884277,-0.09269309043884277
1789134946798574,-0.01955472119152546,-0.01955472119152546
1789134946814574,-0.0019740925636142492,-0.0019740925636142492
1789134946820574,-0.014361382462084293,-0.014361382462084293
1789134946834574,0.02197599783539772,0.02197599783539772
1789134946844574,-0.0031673405319452286,-0.0031673405319452286
1789134946856574,-0.08202651143074036,-0.08202651143074036
1789134946864574,-0.05084937438368797,-0.05084937438368797
1789134946870574,-0.017552725970745087,-0.017552725970745087
1789134946884574,-0.006690019741654396,-0.006690019741654396
1789134946894574,0.014975582249462605,0.014975582249462605
1789134946904732,-0.01755092851817608,-0.01755092851817608
1789134946916732,-0.1013111099600792,-0.1013111099600792
1789134946918732,-0.03236131742596626,-0.03236131742596626
1789134946934732,-0.00799943134188652,-0.00799943134188652
1789134946944732,-0.0016349286306649446,-0.0016349286306649446
1789134946952732,-0.03048086352646351,-0.03048086352646351
1789134946964732,0.00419088639318943,0.00419088639318943
1789134946976732,-0.051053356379270554,-0.051053356379270554
1789134946984732,-0.01608177460730076,-0.01608177460730076
1789134946994732,-0.011699286289513111,-0.011699286289513111
1789134947004732,-0.00017293286509811878,-0.00017293286509811878
1789134947014732,0.021485038101673126,0.021485038101673126
1789134947024732,-0.011700961738824844,-0.011700961738824844
1789134947036732,-0.11486077308654785,-0.11486077308654785
1789134947038732,-0.045582015067338943,-0.045582015067338943
1789134947050732,-0.0168137326836586,-0.0168137326836586
1789134947062732,-0.004334345459938049,-0.004334345459938049
1789134947074732,0.020022138953208923,0.020022138953208923
1789134947084732,0.011580267921090126,0.011580267921090126
1789134947096732,-0.0071724941954016685,-0.0071724941954016685
1789134947104732,0.01042078621685505,0.01042078621685505
1789134947114732,0.02695712074637413,0.02695712074637413
1789134947124732,0.03710589185357094,0.03710589185357094
1789134947134732,0.05739450082182884,0.05739450082182884
1789134947144732,0.02698076143860817,0.02698076143860817
1789134947156732,-0.09819433838129044,-0.09819433838129044
1789134947164732,-0.06175531446933746,-0.06175531446933746
1789134947174732,-0.053331758826971054,-0.053331758826971054
1789134947182732,-0.0375327430665493,-0.0375327430665493
1789134947194732,-0.005502055399119854,-0.005502055399119854
1789134947204732,-0.05342015251517296,-0.05342015251517296
1789134947216732,-0.20575200021266937,-0.20575200021266937
1789134947224732,-0.11186300963163376,-0.11186300963163376
1789134947234732,-0.07848416268825531,-0.07848416268825531
1789134947244732,-0.06229017302393913,-0.06229017302393913
1789134947252732,-0.15463858842849731,-0.15463858842849731
1789134947264732,-0.13027998805046082,-0.13027998805046082
1789134947276732,-0.122239850461483,-0.122239850461483
1789134947280732,-0.07321758568286896,-0.07321758568286896
1789134947294732,-0.06003579869866371,-0.06003579869866371
1789134947304732,-0.05323119834065437,-0.05323119834065437
1789134947314732,-0.016645310446619987,-0.016645310446619987
1789134947324732,-0.06011860445141792,-0.06011860445141792
1789134947336732,-0.2509848177433014,-0.2509848177433014
1789134947344732,-0.15548282861709595,-0.15548282861709595
1789134947352732,-0.12254559993743896,-0.12254559993743896
1789134947364732,-0.10833198577165604,-0.10833198577165604
1789134947374732,-0.07922154664993286,-0.07922154664993286
1789134947384732,-0.17169822752475739,-0.17169822752475739
1789134947396732,-0.1286626160144806,-0.1286626160144806
1789134947404732,-0.1133292019367218,-0.1133292019367218
1789134947412732,-0.07099925726652145,-0.07099925726652145
1789134947424732,-0.06515547633171082,-0.06515547633171082
1789134947434732,-0.036010704934597015,-0.036010704934597015
1789134947444732,-0.07109516859054565,-0.07109516859054565
1789134947456732,-0.17276616394519806,-0.17276616394519806
1789134947464732,-0.10464657843112946,-0.10464657843112946
1789134947474732,-0.09679611027240753,-0.09679611027240753
1789134947480732,-0.1431117206811905,-0.1431117206811905
1789134947494732,-0.10852143913507462,-0.10852143913507462
1789134947504732,-0.11890047788619995,-0.11890047788619995
1789134947516732,-0.0934031680226326,-0.0934031680226326
1789134947518732,-0.07418715208768845,-0.07418715208768845
1789134947534732,-0.09992337226867676,-0.09992337226867676
1789134947544732,-0.09493663907051086,-0.09493663907051086
1789134947552732,-0.09999097138643265,-0.09999097138643265
1789134947564732,-0.10003925114870071,-0.10003925114870071
1789134947576732,-0.11430974304676056,-0.11430974304676056
1789134947578732,-0.07018192112445831,-0.07018192112445831
1789134947594732,-0.07088503241539001,-0.07088503241539001
1789134947604732,-0.06601746380329132,-0.06601746380329132
1789134947612732,-0.02919856645166874,-0.02919856645166874
1789134947624732,-0.015863962471485138,-0.015863962471485138
1789134947636732,-0.03145520016551018,-0.03145520016551018
1789134947638732,-0.025996532291173935,-0.025996532291173935
1789134947654732,-0.036235932260751724,-0.036235932260751724
1789134947664732,-0.0344720333814621,-0.0344720333814621
1789134947674732,-0.02485065348446369,-0.02485065348446369
1789134947684732,-0.03630027174949646,-0.03630027174949646
1789134947696732,-0.10958921164274216,-0.10958921164274216
1789134947704732,-0.08507289737462997,-0.08507289737462997
1789134947710732,-0.04336319491267204,-0.04336319491267204
1789134947724732,-0.04167003557085991,-0.04167003557085991
1789134947734732,-0.04051203653216362,-0.04051203653216362
1789134947744732,-0.0404934398829937,-0.0404934398829937
1789134947756732,-0.06594737619161606,-0.06594737619161606
1789134947758732,-0.06528361141681671,-0.06528361141681671
1789134947774732,-0.0682700052857399,-0.0682700052857399
1789134947784732,-0.06716935336589813,-0.06716935336589813
1789134947794732,-0.06562133878469467,-0.06562133878469467
1789134947804732,-0.06833206862211227,-0.06833206862211227
1789134947816732,0.01227163802832365,0.01227163802832365
1789134947824732,0.009308943524956703,0.009308943524956703
1789134947834732,0.00020749401301145554,0.00020749401301145554
1789134947842732,-0.0021169327665120363,-0.0021169327665120363
1789134947854732,-0.003708383534103632,-0.003708383534103632
1789134947864732,0.00019224686548113823,0.00019224686548113823
1789134947876732,-0.04761489853262901,-0.04761489853262901
1789134947878732,-0.051770228892564774,-0.051770228892564774
1789134947894732,-0.06614208221435547,-0.06614208221435547
1789134947904732,-0.0655975490808487,-0.0655975490808487
1789134947912889,-0.04423344135284424,-0.04423344135284424
1789134947924889,-0.04358242079615593,-0.04358242079615593
1789134947936889,-0.03026772104203701,-0.03026772104203701
1789134947940889,-0.036478981375694275,-0.036478981375694275
1789134947952889,0.0005455659702420235,0.0005455659702420235
1789134947964889,-0.003256438532844186,-0.003256438532844186
1789134947974889,-0.00986357033252716,-0.00986357033252716
1789134947984889,0.0005340082570910454,0.0005340082570910454
1789134947996889,-0.054266639053821564,-0.054266639053821564
1789134948004889,-0.06632885336875916,-0.06632885336875916
1789134948014889,-0.08648471534252167,-0.08648471534252167
1789134948024889,-0.0860670953989029,-0.0860670953989029
1789134948034889,-0.08436957001686096,-0.08436957001686096
1789134948044889,-0.042305801063776016,-0.042305801063776016
1789134948056889,0.013043361715972424,0.013043361715972424
1789134948062889,0.0038420576602220535,0.0038420576602220535
1789134948072889,0.017894621938467026,0.017894621938467026
1789134948084889,0.010120665654540062,0.010120665654540062
1789134948094889,-0.004809672478586435,-0.004809672478586435
1789134948104889,0.017921272665262222,0.017921272665262222
1789134948116889,-0.006067828740924597,-0.006067828740924597
1789134948124889,-0.04158393293619156,-0.04158393293619156
1789134948134889,-0.06468770653009415,-0.06468770653009415
1789134948140889,-0.07841555774211884,-0.07841555774211884
1789134948152889,-0.07963191717863083,-0.07963191717863083
1789134948164889,-0.08712731301784515,-0.08712731301784515
1789134948174889,0.01052005309611559,0.01052005309611559
1789134948184889,-0.0065882764756679535,-0.0065882764756679535
1789134948194889,0.0018511614762246609,0.0018511614762246609
1789134948204889,-0.004987615160644054,-0.004987615160644054
1789134948214889,-0.0202470850199461,-0.0202470850199461
1789134948224889,0.0018714489415287971,0.0018714489415287971
1789134948236889,0.08364612609148026,0.08364612609148026
1789134948246889,0.03382059931755066,0.03382059931755066
1789134948254889,0.029521089047193527,0.029521089047193527
1789134948264889,0.026870176196098328,0.026870176196098328
1789134948272889,0.00013807322829961777,0.00013807322829961777
1789134948284889,-0.018504787236452103,-0.018504787236452103
1789134948296889,-0.03230052441358566,-0.03230052441358566
1789134948304889,-0.043005868792533875,-0.043005868792533875
1789134948314889,-0.07940201461315155,-0.07940201461315155
1789134948324889,-0.08214408904314041,-0.08214408904314041
1789134948334889,-0.08801033347845078,-0.08801033347845078
1789134948344889,-0.07947807013988495,-0.07947807013988495
1789134948356889,0.025846129283308983,0.025846129283308983
1789134948358889,0.013838736340403557,0.013838736340403557
1789134948370889,0.060664884746074677,0.060664884746074677
1789134948384889,0.055040985345840454,0.055040985345840454
1789134948394889,0.027408314868807793,0.027408314868807793
1789134948404889,0.07496961951255798,0.07496961951255798
1789134948416889,0.035903818905353546,0.035903818905353546
1789134948424889,0.022279618307948112,0.022279618307948112
1789134948434889,-0.022782955318689346,-0.022782955318689346
1789134948444889,-0.02659943327307701,-0.02659943327307701
1789134948454889,-0.033241719007492065,-0.033241719007492065
1789134948464889,-0.022815722972154617,-0.022815722972154617
1789134948476889,0.06081971898674965,0.06081971898674965
1789134948484889,0.033553484827280045,0.033553484827280045
1789134948494889,0.10041147470474243,0.10041147470474243
1789134948502889,0.08681416511535645,0.08681416511535645
1789134948514889,0.060423869639635086,0.060423869639635086
1789134948524889,0.10054689645767212,0.10054689645767212
1789134948536889,0.1538323611021042,0.1538323611021042
1789134948544889,0.08174442499876022,0.08174442499876022
1789134948552889,0.056112140417099,0.056112140417099
1789134948564889,0.048476770520210266,0.048476770520210266
1789134948572889,0.07970844209194183,0.07970844209194183
1789134948584889,0.06869877874851227,0.06869877874851227
1789134948596889,0.13204151391983032,0.13204151391983032
1789134948598889,0.10492049902677536,0.10492049902677536
1789134948614889,0.06635285913944244,0.06635285913944244
1789134948624889,0.06497958302497864,0.06497958302497864
1789134948634889,0.06132989376783371,0.06132989376783371
1789134948644889,0.06636874377727509,0.06636874377727509
1789134948656889,-0.11438735574483871,-0.11438735574483871
1789134948664889,-0.10991078615188599,-0.10991078615188599
1789134948674889,-0.09022071212530136,-0.09022071212530136
1789134948684889,-0.0878012403845787,-0.0878012403845787
1789134948694889,-0.08171439170837402,-0.08171439170837402
1789134948704889,-0.024288374930620193,-0.024288374930620193
1789134948716889,-0.011154195293784142,-0.011154195293784142
1789134948724889,-0.010624936781823635,-0.010624936781823635
1789134948732889,0.017603853717446327,0.017603853717446327
1789134948744889,0.01674557290971279,0.01674557290971279
1789134948752889,0.01762520894408226,0.01762520894408226
1789134948764889,0.017636019736528397,0.017636019736528397
1789134948776889,0.004893448669463396,0.004893448669463396
1789134948784889,-0.0010911531280726194,-0.0010911531280726194
1789134948794889,-0.013744178228080273,-0.013744178228080273
1789134948800889,-0.02077561430633068,-0.02077561430633068
1789134948814889,-0.017427342012524605,-0.017427342012524605
1789134948824889,-0.01818021759390831,-0.01818021759390831
1789134948836889,0.010511244647204876,0.010511244647204876
1789134948838889,0.010928336530923843,0.010928336530923843
1789134948854889,0.03673773258924484,0.03673773258924484
1789134948864889,0.035068243741989136,0.035068243741989136
1789134948872889,-0.008896561339497566,-0.008896561339497566
1789134948884889,-0.01525147631764412,-0.01525147631764412
1789134948896889,0.0027602380141615868,0.0027602380141615868
1789134948904889,0.0001669256016612053,0.0001669256016612053
1789134948915044,-0.01901206746697426,-0.01901206746697426
1789134948925044,-0.018293626606464386,-0.018293626606464386
1789134948933044,-0.05784472078084946,-0.05784472078084946
1789134948945044,-0.05402485281229019,-0.05402485281229019
1789134948955044,0.022707853466272354,0.022707853466272354
1789134948967044,0.019597047939896584,0.019597047939896584
1789134948975044,0.014425598084926605,0.014425598084926605
1789134948985044,0.01397649571299553,0.01397649571299553
1789134948995044,0.015827111899852753,0.015827111899852753
1789134949005044,0.014432106167078018,0.014432106167078018
1789134949017044,-0.042655494064092636,-0.042655494064092636
1789134949025044,-0.038548026233911514,-0.038548026233911514
1789134949031044,-0.04420565441250801,-0.04420565441250801
1789134949045044,-0.04228905588388443,-0.04228905588388443
1789134949055044,-0.039141345769166946,-0.039141345769166946
1789134949065044,-0.023541729897260666,-0.023541729897260666
1789134949077044,-0.012791351415216923,-0.012791351415216923
1789134949079044,-0.013620302081108093,-0.013620302081108093
1789134949095044,0.0028949971310794353,0.0028949971310794353
1789134949105044,0.002125190105289221,0.002125190105289221
1789134949115044,-0.0006936239078640938,-0.0006936239078640938
1789134949125044,0.0028942222706973553,0.0028942222706973553
1789134949137044,-0.04513462260365486,-0.04513462260365486
1789134949147044,-0.05672013759613037,-0.05672013759613037
1789134949153044,-0.055656805634498596,-0.055656805634498596
1789134949163044,-0.05237622559070587,-0.05237622559070587
1789134949175044,-0.05178878456354141,-0.05178878456354141
1789134949185044,-0.05572772026062012,-0.05572772026062012
1789134949197044,-0.0014560448471456766,-0.0014560448471456766
1789134949207044,0.03428710252046585,0.03428710252046585
1789134949215044,0.03193143382668495,0.03193143382668495
1789134949225044,0.029203474521636963,0.029203474521636963
1789134949233044,-0.02221566066145897,-0.02221566066145897
1789134949245044,-0.0288148932158947,-0.0288148932158947
1789134949257044,-0.004087545908987522,-0.004087545908987522
1789134949267044,-0.010013577528297901,-0.010013577528297901
1789134949275044,-0.010895722545683384,-0.010895722545683384
1789134949285044,-0.012417830526828766,-0.012417830526828766
1789134949295044,-0.014877580106258392,-0.014877580106258392
1789134949305044,-0.030463971197605133,-0.030463971197605133
1789134949317044,0.10113893449306488,0.10113893449306488
1789134949319044,0.07222435623407364,0.07222435623407364
1789134949335044,0.09745141118764877,0.09745141118764877
1789134949345044,0.09308547526597977,0.09308547526597977
1789134949353044,0.09751145541667938,0.09751145541667938
1789134949365044,0.018562592566013336,0.018562592566013336
1789134949377044,-0.0158521831035614,-0.0158521831035614
1789134949385044,-0.021780390292406082,-0.021780390292406082
1789134949393044,-0.004099910147488117,-0.004099910147488117
1789134949405044,-0.007253225892782211,-0.007253225892782211
1789134949415044,-0.013989778235554695,-0.013989778235554695
1789134949425044,-0.004093214403837919,-0.004093214403837919
1789134949437044,0.08101814985275269,0.08101814985275269
1789134949447044,0.06366905570030212,0.06366905570030212
1789134949455044,0.06028331071138382,0.06028331071138382
1789134949459044,0.0631537213921547,0.0631537213921547
1789134949475044,0.05458785593509674,0.05458785593509674
1789134949485044,0.04799991846084595,0.04799991846084595
1789134949497044,-0.003072860185056925,-0.003072860185056925
1789134949505044,-0.010780520737171173,-0.010780520737171173
1789134949515044,0.009146567434072495,0.009146567434072495
1789134949525044,0.007623243145644665,0.007623243145644665
1789134949535044,0.0012577336747199297,0.0012577336747199297
1789134949545044,0.009168603457510471,0.009168603457510471
1789134949557044,0.0016633609775453806,0.0016633609775453806
1789134949559044,-0.006951327435672283,-0.006951327435672283
1789134949575044,0.02004231885075569,0.02004231885075569
1789134949585044,0.018013807013630867,0.018013807013630867
1789134949593044,0.022878410294651985,0.022878410294651985
1789134949605044,0.008569423109292984,0.008569423109292984
1789134949617044,-0.013014215044677258,-0.013014215044677258
1789134949627044,0.0065431492403149605,0.0065431492403149605
1789134949635044,0.005580452270805836,0.005580452270805836
1789134949645044,0.005386844743043184,0.005386844743043184
1789134949655044,0.005033978261053562,0.005033978261053562
1789134949665044,0.0023453726898878813,0.0023453726898878813
1789134949677044,0.050481099635362625,0.050481099635362625
1789134949685044,0.04421751946210861,0.04421751946210861
1789134949691044,0.06577912718057632,0.06577912718057632
1789134949705044,0.06286849826574326,0.06286849826574326
1789134949715044,0.043544795364141464,0.043544795364141464
1789134949725044,0.13990700244903564,0.13990700244903564
1789134949737044,0.1323351114988327,0.1323351114988327
1789134949745044,0.11527251452207565,0.11527251452207565
1789134949753044,0.10201750695705414,0.10201750695705414
1789134949765044,0.09440147876739502,0.09440147876739502
1789134949775044,0.07987508177757263,0.07987508177757263
1789134949785044,0.10216043889522552,0.10216043889522552
1789134949797044,0.12739215791225433,0.12739215791225433
1789134949805044,0.11664257943630219,0.11664257943630219
1789134949815044,0.11833929270505905,0.11833929270505905
1789134949823044,0.11136369407176971,0.11136369407176971
1789134949835044,0.11058212071657181,0.11058212071657181
1789134949845044,0.11847371608018875,0.11847371608018875
1789134949857044,0.10858647525310516,0.10858647525310516
1789134949867044,0.07414914667606354,0.07414914667606354
1789134949871044,0.07106944918632507,0.07106944918632507
1789134949885044,0.06704092770814896,0.06704092770814896
1789134949893044,0.11783160269260406,0.11783160269260406
1789134949905044,0.11062683165073395,0.11062683165073395
1789134949917044,0.041775159537792206,0.041775159537792206
1789134949921202,0.03407386317849159,0.03407386317849159
1789134949935202,0.04537598043680191,0.04537598043680191
1789134949945202,0.04629460349678993,0.04629460349678993
1789134949953202,0.049105625599622726,0.049105625599622726
1789134949965202,0.04543638974428177,0.04543638974428177
1789134949977202,0.0013979407958686352,0.0013979407958686352
1789134949985202,0.015811054036021233,0.015811054036021233
1789134949995202,0.026315554976463318,0.026315554976463318
1789134950005202,0.030313663184642792,0.030313663184642792
1789134950015202,0.04039541631937027,0.04039541631937027
1789134950025202,0.0017677310388535261,0.0017677310388535261
1789134950037202,0.011918398551642895,0.011918398551642895
1789134950047202,-0.003758460283279419,-0.003758460283279419
1789134950053202,-0.0009189093252643943,-0.0009189093252643943
1789134950063202,0.006286171264946461,0.006286171264946461
1789134950075202,0.018428415060043335,0.018428415060043335
1789134950085202,-0.0009096494177356362,-0.0009096494177356362
1789134950097202,-0.062151335179805756,-0.062151335179805756
1789134950105202,-0.02036675438284874,-0.02036675438284874
1789134950115202,-0.010966301895678043,-0.010966301895678043
1789134950121202,-0.041821178048849106,-0.041821178048849106
1789134950135202,-0.01600572280585766,-0.01600572280585766
1789134950145202,-0.024691244587302208,-0.024691244587302208
1789134950155202,-0.055224500596523285,-0.055224500596523285
1789134950167202,-0.010938931256532669,-0.010938931256532669
1789134950175202,0.004191664978861809,0.004191664978861809
1789134950185202,0.007370480336248875,0.007370480336248875
1789134950195202,0.02143520675599575,0.02143520675599575
1789134950205202,0.004210739396512508,0.004210739396512508
1789134950217202,-0.043736428022384644,-0.043736428022384644
1789134950227202,-0.010523366741836071,-0.010523366741836071
1789134950235202,-0.008627800270915031,-0.008627800270915031
1789134950245202,-0.0017575772944837809,-0.0017575772944837809
1789134950251202,-0.025367360562086105,-0.025367360562086105
1789134950265202,-0.018166134133934975,-0.018166134133934975
1789134950277202,-0.036462653428316116,-0.036462653428316116
1789134950287202,-0.052775170654058456,-0.052775170654058456
1789134950295202,-0.03562874346971512,-0.03562874346971512
1789134950305202,-0.03282872587442398,-0.03282872587442398
1789134950315202,-0.00863734818994999,-0.00863734818994999
1789134950325202,-0.03567080944776535,-0.03567080944776535
1789134950337202,-0.0522804856300354,-0.0522804856300354
1789134950345202,-0.0023424625396728516,-0.0023424625396728516
1789134950351202,0.015908675268292427,0.015908675268292427
1789134950365202,0.02107890322804451,0.02107890322804451
1789134950375202,0.03249526396393776,0.03249526396393776
1789134950385202,-0.02805553562939167,-0.02805553562939167
1789134950397202,-0.04441877081990242,-0.04441877081990242
1789134950405202,-0.036937516182661057,-0.036937516182661057
1789134950415202,-0.03247935324907303,-0.03247935324907303
1789134950425202,-0.02790563553571701,-0.02790563553571701
1789134950435202,-0.004402996972203255,-0.004402996972203255
1789134950445202,-0.03253629431128502,-0.03253629431128502
1789134950457202,-0.17338921129703522,-0.17338921129703522
1789134950465202,-0.11185625195503235,-0.11185625195503235
1789134950475202,-0.08654254674911499,-0.08654254674911499
1789134950483202,-0.06382368505001068,-0.06382368505001068
1789134950495202,-0.05363157019019127,-0.05363157019019127
1789134950505202,-0.08663499355316162,-0.08663499355316162
1789134950517202,-0.16692665219306946,-0.16692665219306946
1789134950519202,-0.09831345826387405,-0.09831345826387405
1789134950535202,-0.11955160647630692,-0.11955160647630692
1789134950545202,-0.11351373046636581,-0.11351373046636581
1789134950553202,-0.13186238706111908,-0.13186238706111908
1789134950565202,-0.11406701058149338,-0.11406701058149338
1789134950577202,-0.08871570229530334,-0.08871570229530334
1789134950581202,-0.05778101831674576,-0.05778101831674576
1789134950595202,-0.04536527767777443,-0.04536527767777443
1789134950605202,-0.03636295720934868,-0.03636295720934868
1789134950615202,-0.03227554261684418,-0.03227554261684418
1789134950625202,-0.04542749375104904,-0.04542749375104904
1789134950635202,-0.08475321531295776,-0.08475321531295776
1789134950645202,-0.07456328719854355,-0.07456328719854355
1789134950655202,-0.05945950001478195,-0.05945950001478195
1789134950665202,-0.05602844059467316,-0.05602844059467316
1789134950675202,-0.0474107451736927,-0.0474107451736927
1789134950685202,-0.0942552238702774,-0.0942552238702774
1789134950697202,-0.07365857809782028,-0.07365857809782028
1789134950705202,-0.06165381893515587,-0.06165381893515587
1789134950713202,-0.024449177086353302,-0.024449177086353302
1789134950725202,-0.022568229585886,-0.022568229585886
1789134950735202,-0.016870126128196716,-0.016870126128196716
1789134950745202,-0.02447357401251793,-0.02447357401251793
1789134950755202,-0.09002773463726044,-0.09002773463726044
1789134950767202,-0.05959538370370865,-0.05959538370370865
1789134950775202,-0.049570031464099884,-0.049570031464099884
1789134950781202,-0.04670821502804756,-0.04670821502804756
1789134950795202,-0.03386133536696434,-0.03386133536696434
1789134950805202,-0.04349426180124283,-0.04349426180124283
1789134950815202,-0.04205746948719025,-0.04205746948719025
1789134950825202,-0.02130509726703167,-0.02130509726703167
1789134950835202,-0.023058457300066948,-0.023058457300066948
1789134950845202,-0.02382166124880314,-0.02382166124880314
1789134950855202,-0.025280941277742386,-0.025280941277742386
1789134950865202,-0.023068567737936974,-0.023068567737936974
1789134950877202,0.03267044946551323,0.03267044946551323
1789134950879202,0.02405272237956524,0.02405272237956524
1789134950895202,-0.02510984055697918,-0.02510984055697918
1789134950905202,-0.024528687819838524,-0.024528687819838524
1789134950913202,-0.018597427755594254,-0.018597427755594254
1789134950925357,-0.016101855784654617,-0.016101855784654617
1789134950937357,0.011526523157954216,0.011526523157954216
1789134950945357,0.006631944328546524,0.006631944328546524
1789134950953357,0.004419359378516674,0.004419359378516674
1789134950965357,0.0018910502549260855,0.0018910502549260855
1789134950975357,-0.004349113442003727,-0.004349113442003727
1789134950985357,0.004442313686013222,0.004442313686013222
1789134950997357,0.03360029682517052,0.03360029682517052
1789134951007357,-0.02909555472433567,-0.02909555472433567
1789134951011357,-0.03134430944919586,-0.03134430944919586
1789134951025357,-0.030779436230659485,-0.030779436230659485
1789134951035357,-0.030874038115143776,-0.030874038115143776
1789134951045357,0.015280788764357567,0.015280788764357567
1789134951057357,0.04237950220704079,0.04237950220704079
1789134951067357,0.02990276925265789,0.02990276925265789
1789134951075357,0.02809040993452072,0.02809040993452072
1789134951085357,0.026525162160396576,0.026525162160396576
1789134951095357,0.024540532380342484,0.024540532380342484
1789134951105357,0.015644798055291176,0.015644798055291176
1789134951117357,0.01727985590696335,0.01727985590696335
1789134951125357,0.013848569244146347,0.013848569244146347
1789134951135357,-0.023226004093885422,-0.023226004093885422
1789134951143357,-0.022170061245560646,-0.022170061245560646
1789134951153357,-0.02323906682431698,-0.02323906682431698
1789134951165357,-0.023248780518770218,-0.023248780518770218
1789134951175357,0.05033696070313454,0.05033696070313454
1789134951187357,0.034141045063734055,0.034141045063734055
1789134951195357,0.03138028457760811,0.03138028457760811
1789134951205357,0.0303130391985178,0.0303130391985178
1789134951213357,0.016477206721901894,0.016477206721901894
1789134951225357,0.01487537007778883,0.01487537007778883
1789134951237357,0.0005751380231231451,0.0005751380231231451
1789134951247357,-0.018128519877791405,-0.018128519877791405
1789134951255357,-0.0171082504093647,-0.0171082504093647
1789134951265357,-0.0158573929220438,-0.0158573929220438
1789134951275357,-0.01297169178724289,-0.01297169178724289
1789134951285357,-0.017131738364696503,-0.017131738364696503
1789134951295357,0.00458386167883873,0.00458386167883873
1789134951305357,0.00697731040418148,0.00697731040418148
1789134951315357,0.018722059205174446,0.018722059205174446
1789134951325357,0.01880413107573986,0.01880413107573986
1789134951335357,0.018226956948637962,0.018226956948637962
1789134951345357,-0.010098902508616447,-0.010098902508616447
1789134951357357,-0.008359361439943314,-0.008359361439943314
1789134951359357,-0.007425804156810045,-0.007425804156810045
1789134951373357,-0.009305037558078766,-0.009305037558078766
1789134951385357,-0.008128071203827858,-0.008128071203827858
1789134951395357,-0.0020642662420868874,-0.0020642662420868874
1789134951405357,-0.009318174794316292,-0.009318174794316292
1789134951415357,0.0074836695566773415,0.0074836695566773415
1789134951427357,0.03097541257739067,0.03097541257739067
1789134951435357,0.030266379937529564,0.030266379937529564
1789134951441357,0.03299889713525772,0.03299889713525772
1789134951455357,0.030289115384221077,0.030289115384221077
1789134951465357,0.03211042284965515,0.03211042284965515
1789134951477357,-0.01564338617026806,-0.01564338617026806
1789134951485357,-0.013910162262618542,-0.013910162262618542
1789134951495357,-0.026080874726176262,-0.026080874726176262
1789134951505357,-0.023702526465058327,-0.023702526465058327
1789134951515357,-0.011090067215263844,-0.011090067215263844
1789134951525357,-0.026132652536034584,-0.026132652536034584
1789134951537357,-0.07717683911323547,-0.07717683911323547
1789134951547357,-0.004794646054506302,-0.004794646054506302
1789134951553357,-0.0038936000782996416,-0.0038936000782996416
1789134951565357,-0.003994014114141464,-0.003994014114141464
1789134951573357,0.01835515908896923,0.01835515908896923
1789134951585357,0.01764594577252865,0.01764594577252865
1789134951597357,0.02166161872446537,0.02166161872446537
1789134951605357,0.01946714147925377,0.01946714147925377
1789134951615357,0.011484920978546143,0.011484920978546143
1789134951625357,0.012761585414409637,0.012761585414409637
1789134951635357,0.01977582834661007,0.01977582834661007
1789134951645357,0.01148455124348402,0.01148455124348402
1789134951657357,0.0083143450319767,0.0083143450319767
1789134951667357,0.01958155259490013,0.01958155259490013
1789134951671357,0.01957676187157631,0.01957676187157631
1789134951685357,0.01977449469268322,0.01977449469268322
1789134951695357,0.019124165177345276,0.019124165177345276
1789134951705357,0.02096978947520256,0.02096978947520256
1789134951717357,0.014287658035755157,0.014287658035755157
1789134951725357,0.015505591407418251,0.015505591407418251
1789134951735357,-0.0013158617075532675,-0.0013158617075532675
1789134951745357,-2.6512891054153442e-05,-2.6512891054153442e-05
1789134951753357,-0.0013153397012501955,-0.0013153397012501955
1789134951765357,0.009449921548366547,0.009449921548366547
1789134951777357,0.03496663272380829,0.03496663272380829
1789134951787357,0.04289255663752556,0.04289255663752556
1789134951795357,0.04257512092590332,0.04257512092590332
1789134951803357,0.04061204940080643,0.04061204940080643
1789134951815357,0.04073682054877281,0.04073682054877281
1789134951825357,0.04263162985444069,0.04263162985444069
1789134951837357,-0.012932241894304752,-0.012932241894304752
1789134951845357,-0.00976776797324419,-0.00976776797324419
1789134951855357,-0.020703814923763275,-0.020703814923763275
1789134951865357,-0.019593138247728348,-0.019593138247728348
1789134951873357,0.0019330575596541166,0.0019330575596541166
1789134951885357,0.008830921724438667,0.008830921724438667
1789134951897357,0.045984428375959396,0.045984428375959396
1789134951901357,0.04961849004030228,0.04961849004030228
1789134951915357,0.05703867971897125,0.05703867971897125
1789134951925513,0.05687457323074341,0.05687457323074341
1789134951935513,0.057352934032678604,0.057352934032678604
1789134951945513,0.057097092270851135,0.057097092270851135
1789134951957513,-0.0469190813601017,-0.0469190813601017
1789134951959513,-0.041903674602508545,-0.041903674602508545
1789134951975513,-0.039003632962703705,-0.039003632962703705
1789134951985513,-0.036019954830408096,-0.036019954830408096
1789134951995513,-0.022383399307727814,-0.022383399307727814
1789134952005513,0.04369296878576279,0.04369296878576279
1789134952017513,0.03354857116937637,0.03354857116937637
1789134952027513,0.015144490636885166,0.015144490636885166
1789134952033513,0.01629764772951603,0.01629764772951603
1789134952045513,0.018103187903761864,0.018103187903761864
1789134952055513,0.020066432654857635,0.020066432654857635
1789134952065513,0.039069950580596924,0.039069950580596924
1789134952075513,0.035770487040281296,0.035770487040281296
1789134952079513,0.03584933653473854,0.03584933653473854
1789134952095513,0.01736513152718544,0.01736513152718544
1789134952101513,0.009440258145332336,0.009440258145332336
1789134952115513,0.017964497208595276,0.017964497208595276
1789134952125513,0.01149647869169712,0.01149647869169712
1789134952137513,-0.04277064651250839,-0.04277064651250839
1789134952145513,-0.03245927020907402,-0.03245927020907402
1789134952153513,-0.051171716302633286,-0.051171716302633286
1789134952165513,-0.044718023389577866,-0.044718023389577866
1789134952175513,-0.04242992401123047,-0.04242992401123047
1789134952185513,-0.051220089197158813,-0.051220089197158813
1789134952197513,-0.011945424601435661,-0.011945424601435661
1789134952199513,0.016354382038116455,0.016354382038116455
1789134952215513,0.02930935099720955,0.02930935099720955
1789134952225513,0.030167285352945328,0.030167285352945328
1789134952233513,-0.0034394313115626574,-0.0034394313115626574
1789134952245513,0.003901701420545578,0.003901701420545578
1789134952257513,0.020545396953821182,0.020545396953821182
1789134952265513,0.028112050145864487,0.028112050145864487
1789134952275513,-0.011613957583904266,-0.011613957583904266
1789134952285513,-0.006576566491276026,-0.006576566491276026
1789134952295513,0.003915122710168362,0.003915122710168362
1789134952305513,-0.0116288922727108,-0.0116288922727108
1789134952317513,-0.013602042570710182,-0.013602042570710182
1789134952319513,0.013248058967292309,0.013248058967292309
1789134952331513,0.023843703791499138,0.023843703791499138
1789134952345513,0.024372007697820663,0.024372007697820663
1789134952353513,0.023876385763287544,0.023876385763287544
