timestamp,propeller_rpm
1789132619106633,0.0
1789132619116043,0.0
1789132619127595,0.0
1789132619142615,0.0
1789132619151596,0.0
1789132619163632,0.0
1789132619175592,0.0
1789132619178668,0.0
1789132619187618,0.0
1789132619199591,0.0
1789132619211593,0.0
1789132619223642,0.0
1789132619235601,0.0
1789132619238705,0.0
1789132619247602,0.0
1789132619259591,0.0
1789132619271628,0.0
1789132619283619,0.0
1789132619295611,0.0
1789132619298669,0.0
1789132619307595,0.0
1789132619319608,0.0
1789132619331592,0.0
1789132619343634,0.0
1789132619355611,0.0
1789132619358661,0.0
1789132619367605,0.0
1789132619379590,0.0
1789132619391590,0.0
1789132619403652,0.0
1789132619415596,0.0
1789132619418680,0.0
1789132619427624,0.0
1789132619439628,0.0
1789132619451609,0.0
1789132619463616,0.0
1789132619475601,0.0
1789132619478662,0.0
1789132619487619,0.0
1789132619499601,0.0
1789132619511592,0.0
1789132619523613,0.0
1789132619535704,0.0
1789132619538662,0.0
1789132619547599,0.0
1789132619559609,0.0
1789132619571595,0.0
1789132619583634,0.0
1789132619595597,0.0
1789132619607597,0.0
1789132619610699,0.0
1789132619619628,0.0
1789132619631604,0.0
1789132619643642,0.0
1789132619655597,0.0
1789132619658681,0.0
1789132619667635,0.0
1789132619679597,0.0
1789132619691611,0.0
1789132619703617,0.0
1789132619715613,0.0
1789132619718686,0.0
1789132619727598,0.0
1789132619739594,0.0
1789132619751612,0.0
1789132619763627,0.0
1789132619775595,0.0
1789132619778674,0.0
1789132619787604,0.0
1789132619799633,0.0
1789132619811599,0.0
1789132619823635,0.0
1789132619826599,0.0
1789132619836078,0.0
1789132619847638,0.0
1789132619859593,0.0
1789132619871622,0.0
1789132619883636,0.0
1789132619886599,0.0
1789132619896177,0.0
1789132619907595,0.0
1789132619919594,0.0
1789132619931631,0.0
1789132619943644,0.0
1789132619946618,0.0
1789132619956065,0.0
1789132619967598,0.0
1789132619979613,0.0
1789132619991594,0.0
1789132620003618,0.0
1789132620006600,0.0
1789132620016124,0.0
1789132620027612,0.0
1789132620039594,0.0
1789132620051602,0.0
1789132620063658,0.0
1789132620066601,0.0
1789132620076455,0.0
1789132620087622,0.0
1789132620099594,0.0
1789132620111610,0.0
1789132620123618,0.0
1789132620126610,0.0
1789132620136047,0.0
1789132620147616,0.0
1789132620159602,0.0
1789132620171595,0.0
1789132620183617,0.0
1789132620186616,0.0
1789132620201619,0.0
1789132620207601,0.0
1789132620219626,0.0
1789132620231593,0.0
1789132620243664,0.0
1789132620246617,0.0
1789132620256047,0.0
1789132620267605,0.0
1789132620279612,0.0
1789132620291605,0.0
1789132620303631,0.0
1789132620306602,0.0
1789132620316047,0.0
1789132620327634,0.0
1789132620339597,0.0
1789132620351613,0.0
1789132620363619,0.0
1789132620375612,0.0
1789132620387603,0.0
1789132620390704,0.0
1789132620402611,0.0
1789132620411615,0.0
1789132620423627,0.0
1789132620426637,0.0
1789132620436093,0.0
1789132620447597,0.0
1789132620459633,0.0
1789132620471599,0.0
1789132620483636,0.0
1789132620486600,0.0
1789132620496169,0.0
1789132620507614,0.0
1789132620519593,0.0
1789132620531610,0.0
1789132620543636,0.0
1789132620546601,0.0
1789132620556056,0.0
1789132620567596,0.0
1789132620579599,0.0
1789132620591654,0.0
1789132620603633,0.0
1789132620616016,0.0
1789132620627601,0.0
1789132620630698,0.0
1789132620639614,0.0
1789132620651599,0.0
1789132620663621,0.0
1789132620666605,0.0
1789132620681624,0.0
1789132620687618,0.0
1789132620699597,0.0
1789132620711597,0.0
1789132620723677,0.0
1789132620726604,0.0
1789132620736056,0.0
1789132620747618,0.0
1789132620759596,0.0
1789132620771616,0.0
1789132620783620,0.0
1789132620786614,0.0
1789132620804622,0.0
1789132620807601,0.0
1789132620819607,0.0
1789132620831608,0.0
1789132620843643,0.0
1789132620846622,0.0
1789132620856191,0.0
1789132620867619,0.0
1789132620879615,0.0
1789132620891599,0.0
1789132620903638,0.0
1789132620906603,0.0
1789132620916051,0.0
1789132620927617,0.0
1789132620939597,0.0
1789132620951608,0.0
1789132620963622,0.0
1789132620966607,0.0
1789132620976064,0.0
1789132620990699,0.0
1789132620999603,0.0
1789132621011616,0.0
1789132621023620,0.0
1789132621026604,0.0
1789132621036068,0.0
1789132621047609,0.0
1789132621059597,0.0
1789132621071598,0.0
1789132621083631,0.0
1789132621086658,0.0
1789132621095601,0.0
1789132621110725,0.0
1789132621119654,0.0
1789132621131602,0.0
1789132621143655,0.0
1789132621146604,0.0
1789132621156053,0.0
1789132621167619,0.0
1789132621179619,0.0
1789132621191599,0.0
1789132621203620,0.0
1789132621215621,0.0
1789132621227601,0.0
1789132621230719,0.0
1789132621239597,0.0
1789132621251654,0.0
1789132621263625,0.0
1789132621266620,0.0
1789132621276091,0.0
1789132621287616,0.0
1789132621299615,0.0
1789132621311598,0.0
1789132621323621,0.0
1789132621326603,0.0
1789132621336052,0.0
1789132621347609,0.0
1789132621359597,0.0
1789132621371598,0.0
1789132621383686,0.0
1789132621386604,0.0
1789132621396177,0.0
1789132621407621,0.0
1789132621419606,0.0
1789132621431619,0.0
1789132621443662,0.0
1789132621446614,0.0
1789132621456050,0.0
1789132621467608,0.0
1789132621479606,0.0
1789132621491598,0.0
1789132621503636,0.0
1789132621506630,0.0
1789132621516162,0.0
1789132621527611,0.0
1789132621539615,0.0
1789132621551598,0.0
1789132621563639,0.0
1789132621566604,0.0
1789132621576099,0.0
1789132621596763,0.0
1789132621605628,0.0
1789132621611612,0.0
1789132621623624,0.0
1789132621626612,0.0
1789132621636054,0.0
1789132621647644,0.0
1789132621659604,0.0
1789132621671620,0.0
1789132621683626,0.0
1789132621686631,0.0
1789132621696205,0.0
1789132621707623,0.0
1789132621719601,0.0
1789132621731603,0.0
1789132621743649,0.0
1789132621746643,0.0
1789132621756057,0.0
1789132621767606,0.0
1789132621779639,0.0
1789132621791606,0.0
1789132621803650,0.0
1789132621815603,0.0
1789132621827632,0.0
1789132621830702,0.0
1789132621839619,0.0
1789132621851603,0.0
1789132621863629,0.0
1789132621866609,0.0
1789132621876076,0.0
1789132621887619,0.0
1789132621899602,0.0
1789132621914606,0.0
1789132621923629,0.0
1789132621926624,0.0
1789132621936072,0.0
1789132621947605,0.0
1789132621959619,0.0
1789132621971622,0.0
1789132621983626,0.0
1789132621986608,0.0
1789132621996176,0.0
1789132622010743,0.0
1789132622019601,0.0
1789132622031603,0.0
1789132622043695,0.0
1789132622046608,0.0
1789132622056061,0.0
1789132622067621,0.0
1789132622079600,0.0
1789132622091620,0.0
1789132622103644,0.0
1789132622106619,0.0
1789132622121618,0.0
1789132622127605,0.0
1789132622139610,0.0
1789132622151602,0.0
1789132622163674,0.0
1789132622166627,0.0
1789132622176181,0.0
1789132622187617,0.0
1789132622199620,0.0
1789132622211606,0.0
1789132622223651,0.0
1789132622236020,0.0
1789132622247605,0.0
1789132622250702,0.0
1789132622259601,0.0
1789132622271610,0.0
1789132622283625,0.0
1789132622295603,0.0
1789132622307639,0.0
1789132622310705,0.0
1789132622319606,0.0
1789132622331621,0.0
1789132622343641,0.0
1789132622346617,0.0
1789132622356084,0.0
1789132622367624,0.0
1789132622379601,0.0
1789132622391603,0.0
1789132622403636,0.0
1789132622415604,0.0
1789132622427624,0.0
1789132622430733,0.0
1789132622439640,0.0
1789132622451608,0.0
1789132622463643,0.0
1789132622466627,0.0
1789132622476067,0.0
1789132622487630,0.0
1789132622499636,0.0
1789132622511603,0.0
1789132622523625,0.0
1789132622535612,0.0
1789132622547612,0.0
1789132622550708,0.0
1789132622559601,0.0
1789132622571657,0.0
1789132622583631,0.0
1789132622586626,0.0
1789132622596197,0.0
1789132622607609,0.0
1789132622619621,0.0
1789132622631606,0.0
1789132622643652,0.0
1789132622646612,0.0
1789132622656058,0.0
1789132622667618,0.0
1789132622679606,0.0
1789132622691606,0.0
1789132622703701,0.0
1789132622706611,0.0
1789132622716063,0.0
1789132622727626,0.0
1789132622739604,0.0
1789132622751626,0.0
1789132622763629,0.0
1789132622766621,0.0
1789132622776071,0.0
1789132622787622,0.0
1789132622799615,0.0
1789132622811608,0.0
1789132622823639,0.0
1789132622826629,0.0
1789132622836233,0.0
1789132622847614,0.0
1789132622859624,0.0
1789132622871630,0.0
1789132622883647,0.0
1789132622886611,0.0
1789132622896135,0.0
1789132622907609,0.0
1789132622919607,0.0
1789132622931617,0.0
1789132622943645,0.0
1789132622946617,0.0
1789132622956071,0.0
1789132622967665,0.0
1789132622979612,0.0
1789132622991625,0.0
1789132623003628,0.0
1789132623006611,0.0
1789132623015626,0.0
1789132623027609,0.0
1789132623039614,0.0
1789132623051607,0.0
1789132623063638,0.0
1789132623066666,0.0
1789132623076089,0.0
1789132623087617,0.0
1789132623099663,0.0
1789132623111611,0.0
1789132623123647,0.0
1789132623135608,0.0
1789132623144620,0.0
1789132623147626,0.0
1789132623159605,0.0
1789132623171608,0.0
1789132623183629,0.0
1789132623186611,0.0
1789132623196068,0.0
1789132623207610,0.0
1789132623219606,0.0
1789132623231663,0.0
1789132623243656,0.0
1789132623246647,0.0
1789132623256076,0.0
1789132623267620,0.0
1789132623279623,0.0
1789132623291606,0.0
1789132623303628,0.0
1789132623306612,0.0
1789132623316060,0.0
1789132623327617,0.0
1789132623339605,0.0
1789132623351607,0.0
1789132623363684,0.0
1789132623366612,0.0
1789132623376087,0.0
1789132623387632,0.0
1789132623399608,0.0
1789132623411645,0.0
1789132623423648,0.0
1789132623426644,0.0
1789132623436059,0.0
1789132623453656,0.0
1789132623459614,0.0
1789132623471605,0.0
1789132623483629,0.0
1789132623486630,0.0
1789132623496307,0.0
1789132623507613,0.0
1789132623519623,0.0
1789132623531606,0.0
1789132623543661,0.0
1789132623546612,0.0
1789132623556120,0.0
1789132623567615,0.0
1789132623579606,0.0
1789132623591616,0.0
1789132623603629,0.0
1789132623615750,0.0
1789132623627649,0.0
1789132623630709,0.0
1789132623639642,0.0
1789132623651628,0.0
1789132623663633,0.0
1789132623666616,0.0
1789132623676091,0.0
1789132623687620,0.0
1789132623699611,0.0
1789132623711610,0.0
1789132623723643,0.0
1789132623726672,0.0
1789132623736063,0.0
1789132623747630,0.0
1789132623762638,0.0
1789132623771615,0.0
1789132623783651,0.0
1789132623786616,0.0
1789132623796197,0.0
1789132623807638,0.0
1789132623819622,0.0
1789132623831627,0.0
1789132623843656,0.0
1789132623846635,0.0
1789132623856078,0.0
1789132623867613,0.0
1789132623879629,0.0
1789132623891648,0.0
1789132623903654,0.0
1789132623906651,0.0
1789132623916078,0.0
1789132623927613,0.0
1789132623939629,0.0
1789132623951610,0.0
1789132623963631,0.0
1789132623966616,0.0
1789132623976075,0.0
1789132623987629,0.0
1789132623999611,0.0
1789132624011629,0.0
1789132624023671,0.0
1789132624026616,0.0
1789132624036115,0.0
1789132624047631,0.0
1789132624059609,0.0
1789132624071627,0.0
1789132624083641,0.0
1789132624086642,0.0
1789132624095612,0.0
1789132624107618,0.0
1789132624119619,0.0
1789132624131610,0.0
1789132624143666,0.0
1789132624146635,0.0
1789132624156171,0.0
1789132624167617,0.0
1789132624179627,0.0
1789132624191610,0.0
1789132624203651,0.0
1789132624206615,0.0
1789132624221657,0.0
1789132624227611,0.0
1789132624239608,0.0
1789132624251619,0.0
1789132624263632,0.0
1789132624266618,0.0
1789132624276091,0.0
1789132624287707,0.0
1789132624299613,0.0
1789132624311629,0.0
1789132624323643,0.0
1789132624326615,0.0
1789132624336079,0.0
1789132624347614,0.0
1789132624359609,0.0
1789132624371611,0.0
1789132624383641,0.0
1789132624386657,0.0
1789132624396182,0.0
1789132624407612,0.0
1789132624422623,0.0
1789132624431634,0.0
1789132624443671,0.0
1789132624446616,0.0
1789132624456062,0.0
1789132624467630,0.0
1789132624479609,0.0
1789132624491610,0.0
1789132624503631,0.0
1789132624506623,0.0
1789132624516070,0.0
1789132624527613,0.0
1789132624539609,0.0
1789132624551646,0.0
1789132624563637,0.0
1789132624566633,0.0
1789132624576091,0.0
1789132624587619,0.0
1789132624599626,0.0
1789132624611633,0.0
1789132624623642,0.0
1789132624636078,0.0
1789132624647626,0.0
1789132624650825,0.0
1789132624659614,0.0
1789132624671615,0.0
1789132624683677,0.0
1789132624686621,0.0
1789132624705739,0.0
1789132624708685,0.0
1789132624717634,0.0
1789132624729643,0.0
1789132624741624,0.0
1789132624753663,0.0
1789132624765631,0.0
1789132624768678,0.0
1789132624777653,0.0
1789132624789644,0.0
1789132624801624,0.0
1789132624813652,0.0
1789132624825630,0.0
1789132624837665,0.0
1789132624840712,0.0
1789132624849633,0.0
1789132624861641,0.0
1789132624873645,0.0
1789132624885645,0.0
1789132624888697,0.0
1789132624897632,0.0
1789132624909626,0.0
1789132624921659,0.0
1789132624933646,0.0
1789132624945630,0.0
1789132624948684,0.0
1789132624957631,0.0
1789132624969662,0.0
1789132624981654,0.0
1789132624993666,0.0
1789132625005628,0.0
1789132625008702,0.0
1789132625017660,0.0
1789132625029625,0.0
1789132625041623,0.0
1789132625053664,0.0
1789132625065627,0.0
1789132625068761,0.0
1789132625077651,0.0
1789132625089627,0.0
1789132625101676,0.0
1789132625113650,0.0
1789132625125645,0.0
1789132625128686,0.0
1789132625137629,0.0
1789132625149643,0.0
1789132625161630,0.0
1789132625173679,0.0
1789132625185647,0.0
1789132625188679,0.0
1789132625197644,0.0
1789132625209627,0.0
1789132625221640,0.0
1789132625233683,0.0
1789132625245632,0.0
1789132625248696,0.0
1789132625257647,0.0
1789132625269627,0.0
1789132625281640,0.0
1789132625293646,0.0
1789132625305628,0.0
1789132625308680,0.0
1789132625317648,0.0
1789132625329626,0.0
1789132625341623,0.0
1789132625353660,0.0
1789132625365735,0.0
1789132625368680,0.0
1789132625377664,0.0
1789132625389643,0.0
1789132625401623,0.0
1789132625413671,0.0
1789132625425627,0.0
1789132625428683,0.0
1789132625438043,0.0
1789132625449643,0.0
1789132625461624,0.0
1789132625473669,0.0
1789132625485628,0.0
1789132625488696,0.0
1789132625497674,0.0
1789132625509637,0.0
1789132625521643,0.0
1789132625533648,0.0
1789132625545658,0.0
1789132625548680,0.0
1789132625557632,0.0
1789132625569628,0.0
1789132625581626,0.0
1789132625593647,0.0
1789132625605629,0.0
1789132625617630,0.0
1789132625629672,0.0
1789132625632629,0.0
1789132625644643,0.0
1789132625653854,0.0
1789132625665635,0.0
1789132625677674,0.0
1789132625680721,0.0
1789132625689630,0.0
1789132625702620,0.0
1789132625714618,0.0
1789132625720712,0.0
1789132625726621,0.0
1789132625738689,0.0
1789132625750764,0.0
1789132625762643,0.0
1789132625771644,0.0
1789132625774690,0.0
1789132625786631,0.0
1789132625798702,0.0
1789132625810724,0.0
1789132625822621,0.0
1789132625834621,0.0
1789132625837628,0.0
1789132625846632,0.0
1789132625864638,0.0
1789132625870729,0.0
1789132625882656,0.0
1789132625894641,0.0
1789132625897654,0.0
1789132625906642,0.0
1789132625918693,0.0
1789132625930739,0.0
1789132625942634,0.0
1789132625954620,0.0
1789132625957629,0.0
1789132625966624,0.0
1789132625978704,0.0
1789132625990712,0.0
1789132626002635,0.0
1789132626014659,0.0
1789132626017642,0.0
1789132626032653,0.0
1789132626038711,0.0
1789132626050711,0.0
1789132626062636,0.0
1789132626074619,0.0
1789132626077647,0.0
1789132626095648,0.0
1789132626098692,0.0
1789132626110712,0.0
1789132626122622,0.0
1789132626134621,0.0
1789132626137644,0.0
1789132626146657,0.0
1789132626158793,0.0
1789132626170741,0.0
1789132626182623,0.0
1789132626194640,0.0
1789132626197627,0.0
1789132626206622,0.0
1789132626224646,0.0
1789132626233648,0.0
1789132626242632,0.0
1789132626254633,0.0
1789132626257739,0.0
1789132626269646,0.0
1789132626278730,0.0
1789132626290752,0.0
1789132626302657,0.0
1789132626314620,0.0
1789132626317628,0.0
1789132626326648,0.0
1789132626338684,0.0
1789132626350711,0.0
1789132626362619,0.0
1789132626374619,0.0
1789132626377685,0.0
1789132626386626,0.0
1789132626398685,0.0
1789132626414652,0.0
1789132626423674,0.0
1789132626435621,0.0
1789132626447639,0.0
1789132626450716,0.0
1789132626459621,0.0
1789132626471618,0.0
1789132626483657,0.0
1789132626495628,0.0
1789132626501627,0.0
1789132626507622,0.0
1789132626519620,0.0
1789132626534628,0.0
1789132626543669,0.0
1789132626555636,0.0
1789132626558695,0.0
1789132626567632,0.0
1789132626579649,0.0
1789132626591618,0.0
1789132626603641,0.0
1789132626615619,0.0
1789132626618692,0.0
1789132626633673,0.0
1789132626645661,0.0
1789132626654660,0.0
1789132626663686,0.0
1789132626666634,0.0
1789132626675649,0.0
1789132626687652,0.0
1789132626699624,0.0
1789132626711649,0.0
1789132626723644,0.0
1789132626735620,0.0
1789132626738690,0.0
1789132626747624,0.0
1789132626759633,0.0
1789132626771620,0.0
1789132626783642,0.0
1789132626795736,0.0
1789132626801629,0.0
1789132626810738,0.0
1789132626819639,0.0
1789132626834631,0.0
1789132626843674,0.0
1789132626855654,0.0
1789132626858698,0.0
1789132626867634,0.0
1789132626879622,0.0
1789132626891628,0.0
1789132626903642,0.0
1789132626915623,0.0
1789132626918712,0.0
1789132626927659,0.0
1789132626939645,0.0
1789132626951651,0.0
1789132626963646,0.0
1789132626975639,0.0
1789132626978698,0.0
1789132626987636,0.0
1789132626999623,0.0
1789132627011638,0.0
1789132627023662,0.0
1789132627029639,0.0
1789132627041655,0.0
1789132627050735,0.0
1789132627059697,0.0
1789132627071643,0.0
1789132627083662,0.0
1789132627095623,0.0
1789132627098705,0.0
1789132627107658,0.0
1789132627119632,0.0
1789132627131622,0.0
1789132627143648,0.0
1789132627155632,0.0
1789132627158728,0.0
1789132627167625,0.0
1789132627179624,0.0
1789132627194628,0.0
1789132627203673,0.0
1789132627206839,0.0
1789132627215703,0.0
1789132627227626,0.0
1789132627239648,0.0
1789132627251620,0.0
1789132627264622,0.0
1789132627267631,0.0
1789132627276629,0.0
1789132627288689,0.0
1789132627300713,0.0
1789132627312660,0.0
1789132627324645,0.0
1789132627327641,0.0
1789132627336649,0.0
1789132627348727,0.0
1789132627360730,0.0
1789132627372622,0.0
1789132627384624,0.0
1789132627387624,0.0
1789132627396623,0.0
1789132627409624,0.0
1789132627424650,0.0
1789132627430737,0.0
1789132627442643,0.0
1789132627454648,0.0
1789132627457644,0.0
1789132627467434,0.0
1789132627478723,0.0
1789132627490750,0.0
1789132627502653,0.0
1789132627514648,0.0
1789132627517623,0.0
1789132627527027,0.0
1789132627538699,0.0
1789132627550758,0.0
1789132627562656,0.0
1789132627574631,0.0
1789132627586642,0.0
1789132627598739,0.0
1789132627610728,0.0
1789132627613669,0.0
1789132627622666,0.0
1789132627634635,0.0
1789132627638215,0.0
1789132627646668,0.0
1789132627658701,0.0
1789132627670726,0.0
1789132627682638,0.0
1789132627694657,0.0
1789132627706639,0.0
1789132627718797,0.0
1789132627721777,0.0
1789132627733748,0.0
1789132627745736,0.0
1789132627754776,0.0
1789132627757719,0.0
1789132627766744,0.0
1789132627778829,0.0
1789132627791017,0.0
1789132627802735,0.0
1789132627814733,0.0
1789132627826745,0.0
1789132627838817,0.0
1789132627850837,0.0
1789132627853768,0.0
1789132627862760,0.0
1789132627874730,0.0
1789132627877756,0.0
1789132627886744,0.0
1789132627898810,0.0
1789132627910869,0.0
1789132627922774,0.0
1789132627934734,0.0
1789132627937722,0.0
1789132627946728,0.0
1789132627958813,0.0
1789132627971733,0.0
1789132627983779,0.0
1789132627986745,0.0
1789132627998809,0.0
1789132628007737,0.0
1789132628019728,0.0
1789132628031732,0.0
1789132628043749,0.0
1789132628049757,0.0
1789132628064661,0.0
1789132628073673,0.0
1789132628079658,0.0
1789132628091629,0.0
1789132628103650,0.0
1789132628109636,0.0
1789132628124637,0.0
1789132628127721,0.0
1789132628139850,0.0
1789132628151628,0.0
1789132628163667,0.0
1789132628169632,0.0
1789132628175632,0.0
1789132628187634,0.0
1789132628199649,0.0
1789132628211656,0.0
1789132628223706,0.0
1789132628229660,0.0
1789132628238731,0.0
1789132628247682,0.0
1789132628259635,0.0
1789132628271646,0.0
1789132628283667,0.0
1789132628289640,0.0
1789132628295661,0.0
1789132628307630,0.0
1789132628319630,0.0
1789132628331627,0.0
1789132628343682,0.0
1789132628349630,0.0
1789132628355632,0.0
1789132628367640,0.0
1789132628380850,0.0
1789132628392657,0.0
1789132628404646,0.0
1789132628407632,0.0
1789132628416648,0.0
1789132628428692,0.0
1789132628443672,0.0
1789132628452637,0.0
1789132628464647,0.0
1789132628470736,0.0
1789132628482656,0.0
1789132628488697,0.0
1789132628500756,0.0
1789132628512634,0.0
1789132628524647,0.0
1789132628527637,0.0
1789132628536634,0.0
1789132628549630,0.0
1789132628558720,0.0
1789132628570746,0.0
1789132628582652,0.0
1789132628594642,0.0
1789132628597650,0.0
1789132628606661,0.0
1789132628624639,0.0
1789132628630749,0.0
1789132628642666,0.0
1789132628654700,0.0
1789132628657638,0.0
1789132628666654,0.0
1789132628678725,0.0
1789132628691660,0.0
1789132628703673,0.0
1789132628709757,0.0
1789132628715637,0.0
1789132628727637,0.0
1789132628739643,0.0
1789132628751651,0.0
1789132628763657,0.0
1789132628769636,0.0
1789132628778727,0.0
1789132628787736,0.0
1789132628799653,0.0
1789132628811633,0.0
1789132628823672,0.0
1789132628829637,0.0
1789132628844643,0.0
1789132628847636,0.0
1789132628859639,0.0
1789132628871642,0.0
1789132628883705,0.0
1789132628887023,0.0
1789132628895637,0.0
1789132628907674,0.0
1789132628919638,0.0
1789132628931651,0.0
1789132628943682,0.0
1789132628955665,0.0
1789132628967664,0.0
1789132628979646,0.0
1789132628982639,0.0
1789132628991642,0.0
1789132629003672,0.0
1789132629007698,0.0
1789132629016646,0.0
1789132629031645,0.0
1789132629040730,0.0
1789132629052668,0.0
1789132629064634,0.0
1789132629067647,0.0
1789132629076655,0.0
1789132629088716,0.0
1789132629101656,0.0
1789132629113654,0.0
1789132629125634,0.0
1789132629131657,0.0
1789132629137637,0.0
1789132629149671,0.0
1789132629161635,0.0
1789132629173673,0.0
1789132629179652,0.0
1789132629185647,0.0
1789132629197670,0.0
1789132629209669,0.0
1789132629221634,0.0
1789132629233709,0.0
1789132629245644,0.0
1789132629248735,0.0
1789132629257638,0.0
1789132629273666,0.0
1789132629285654,0.0
1789132629291641,0.0
1789132629303708,0.0
1789132629306637,0.0
1789132629316801,0.0
1789132629328717,0.0
1789132629340781,0.0
1789132629352683,0.0
1789132629364646,0.0
1789132629367641,0.0
1789132629376652,0.0
1789132629388713,0.0
1789132629400735,0.0
1789132629412648,0.0
1789132629424684,0.0
1789132629437080,0.0
1789132629448740,0.0
1789132629451656,0.0
1789132629460754,0.0
1789132629472661,0.0
1789132629484667,0.0
1789132629487641,0.0
1789132629496646,0.0
1789132629508715,0.0
1789132629520734,0.0
1789132629532660,0.0
1789132629544648,0.0
1789132629547663,0.0
1789132629556682,0.0
1789132629568711,0.0
1789132629580841,0.0
1789132629592657,0.0
1789132629604666,0.0
1789132629616645,0.0
1789132629628713,0.0
1789132629640735,0.0
1789132629643679,0.0
1789132629652647,0.0
1789132629664678,0.0
1789132629676652,0.0
1789132629688757,0.0
1789132629700757,0.0
1789132629703681,0.0
1789132629712678,0.0
1789132629724654,0.0
1789132629736665,0.0
1789132629739645,0.0
1789132629748724,0.0
1789132629760741,0.0
1789132629772661,0.0
1789132629784652,0.0
1789132629787700,0.0
1789132629796667,0.0
1789132629808717,0.0
1789132629820785,0.0
1789132629835660,0.0
1789132629844668,0.0
1789132629856667,0.0
1789132629868738,0.0
1789132629871640,0.0
1789132629880739,0.0
1789132629892646,0.0
1789132629904650,0.0
1789132629916649,0.0
1789132629928738,0.0
1789132629940740,0.0
1789132629943684,0.0
1789132629952685,0.0
1789132629964653,0.0
1789132629967670,0.0
1789132629976670,0.0
1789132629989666,0.0
1789132630001651,0.0
1789132630013666,0.0
1789132630019648,0.0
1789132630025670,0.0
1789132630043675,0.0
1789132630052659,0.0
1789132630061639,0.0
1789132630073698,0.0
1789132630076677,0.0
1789132630088731,0.0
1789132630097668,0.0
1789132630109658,0.0
1789132630121654,0.0
1789132630133678,0.0
1789132630136655,0.0
1789132630154670,0.0
1789132630163690,0.0
1789132630175640,0.0
1789132630181637,0.0
1789132630193658,0.0
1789132630199657,0.0
1789132630205675,0.0
1789132630217657,0.0
1789132630230731,0.0
1789132630242677,0.0
1789132630254667,0.0
1789132630257650,0.0
1789132630266640,0.0
1789132630278702,0.0
1789132630290788,0.0
1789132630302654,0.0
1789132630315675,0.0
1789132630318724,0.0
1789132630327645,0.0
1789132630339656,0.0
1789132630351653,0.0
1789132630363677,0.0
1789132630375657,0.0
1789132630378709,0.0
1789132630387650,0.0
1789132630399640,0.0
1789132630411635,0.0
1789132630423665,0.0
1789132630435640,0.0
1789132630438739,0.0
1789132630453700,0.0
1789132630459643,0.0
1789132630472654,0.0
1789132630484673,0.0
1789132630493693,0.0
1789132630505658,0.0
1789132630508708,0.0
1789132630517682,0.0
1789132630529650,0.0
1789132630541645,0.0
1789132630553687,0.0
1789132630565650,0.0
1789132630577652,0.0
1789132630589649,0.0
1789132630592664,0.0
1789132630601755,0.0
1789132630613681,0.0
1789132630625667,0.0
1789132630628716,0.0
1789132630637661,0.0
1789132630655659,0.0
1789132630661650,0.0
1789132630673673,0.0
1789132630685674,0.0
1789132630688716,0.0
1789132630703692,0.0
1789132630712654,0.0
1789132630721651,0.0
1789132630733709,0.0
1789132630745659,0.0
1789132630748780,0.0
1789132630757671,0.0
1789132630769663,0.0
1789132630781680,0.0
1789132630793674,0.0
1789132630805654,0.0
1789132630808719,0.0
1789132630817677,0.0
1789132630829663,0.0
1789132630844706,0.0
1789132630853713,0.0
1789132630856666,0.0
1789132630866153,0.0
1789132630877662,0.0
1789132630889670,0.0
1789132630901651,0.0
1789132630913739,0.0
1789132630925655,0.0
1789132630937658,0.0
1789132630940740,0.0
1789132630949672,0.0
1789132630961652,0.0
1789132630973674,0.0
1789132630985673,0.0
1789132630997697,0.0
1789132631000776,0.0
1789132631009720,0.0
1789132631021669,0.0
1789132631033673,0.0
1789132631045672,0.0
1789132631048728,0.0
1789132631057671,0.0
1789132631069654,0.0
1789132631082652,0.0
1789132631094643,0.0
1789132631100754,0.0
1789132631106646,0.0
1789132631118746,0.0
1789132631130831,0.0
1789132631142674,0.0
1789132631154654,0.0
1789132631166670,0.0
1789132631175663,0.0
1789132631178724,0.0
1789132631190733,0.0
1789132631202661,0.0
1789132631214653,0.0
1789132631217704,0.0
1789132631226645,0.0
1789132631241677,0.0
1789132631253766,0.0
1789132631262657,0.0
1789132631274660,0.0
1789132631277659,0.0
1789132631286645,0.0
1789132631298732,0.0
1789132631311643,0.0
1789132631323683,0.0
1789132631335644,0.0
1789132631338747,0.0
1789132631347647,0.0
1789132631359645,0.0
1789132631371751,0.0
1789132631383669,0.0
1789132631389692,0.0
1789132631395740,0.0
1789132631407647,0.0
1789132631419668,0.0
1789132631431641,0.0
1789132631443676,0.0
1789132631455676,0.0
1789132631461682,0.0
1789132631473675,0.0
1789132631479646,0.0
1789132631491641,0.0
1789132631503715,0.0
1789132631515647,0.0
1789132631518728,0.0
1789132631527672,0.0
1789132631539653,0.0
1789132631551660,0.0
1789132631563687,0.0
1789132631572658,0.0
1789132631584673,0.0
1789132631593686,0.0
1789132631599646,0.0
1789132631611660,0.0
1789132631623667,0.0
1789132631629647,0.0
1789132631635690,0.0
1789132631647736,0.0
1789132631659676,0.0
1789132631671646,0.0
1789132631683686,0.0
1789132631689650,0.0
1789132631695652,0.0
1789132631707651,0.0
1789132631719649,0.0
1789132631731651,0.0
1789132631743692,0.0
1789132631749667,0.0
1789132631755651,0.0
1789132631770746,0.0
1789132631779675,0.0
1789132631791663,0.0
1789132631803696,0.0
1789132631812698,0.0
1789132631815668,0.0
1789132631827663,0.0
1789132631839649,0.0
1789132631851645,0.0
1789132631863669,0.0
1789132631875677,0.0
1789132631881673,0.0
1789132631890775,0.0
1789132631902680,0.0
1789132631911651,0.0
1789132631923689,0.0
1789132631929652,0.0
1789132631935651,0.0
1789132631947679,0.0
1789132631959667,0.0
1789132631971647,0.0
1789132631983666,0.0
1789132631989669,0.0
1789132631995664,0.0
1789132632007675,0.0
1789132632023680,0.0
1789132632035676,0.0
1789132632044691,0.0
1789132632056655,0.0
1789132632059658,0.0
1789132632068739,0.0
1789132632080743,0.0
1789132632090652,0.0
1789132632102541,0.0
1789132632114544,0.0
1789132632126544,0.0
1789132632138615,0.0
1789132632150655,0.0
1789132632153559,0.0
1789132632162541,0.0
1789132632174581,0.0
1789132632186548,0.0
1789132632198977,0.0
1789132632210764,0.0
1789132632213686,0.0
1789132632222677,0.0
1789132632234662,0.0
1789132632237658,0.0
1789132632246660,0.0
1789132632261649,0.0
1789132632270772,0.0
1789132632282680,0.0
1789132632294659,0.0
1789132632306701,0.0
1789132632318735,0.0
1789132632321672,0.0
1789132632330767,0.0
1789132632342672,0.0
1789132632354688,0.0
1789132632366658,0.0
1789132632378743,0.0
1789132632381665,0.0
1789132632390805,0.0
1789132632402680,0.0
1789132632414678,0.0
1789132632417661,0.0
1789132632438772,0.0
1789132632441656,0.0
1789132632450752,0.0
1789132632462678,0.0
1789132632474659,0.0
1789132632477651,0.0
1789132632486680,0.0
1789132632498735,0.0
1789132632510750,0.0
1789132632522667,0.0
1789132632534689,0.0
1789132632546660,0.0
1789132632558739,0.0
1789132632561664,0.0
1789132632571312,0.0
1789132632604825,0.0
1789132632613731,19.330028533935547
1789132632616652,19.44160270690918
1789132632628725,19.902759552001953
1789132632640651,20.35829734802246
1789132632652761,20.820865631103516
1789132632661663,21.16070556640625
1789132632664657,21.275068283081055
1789132632676656,21.733396530151367
1789132632691663,22.306621551513672
1789132632700754,22.653871536254883
1789132632712801,23.114032745361328
1789132632724666,23.567243576049805
1789132632727676,23.68221664428711
1789132632739663,24.140087127685547
1789132632748735,24.486610412597656
1789132632760655,24.94192123413086
1789132632772748,25.403841018676758
1789132632775665,25.515260696411133
1789132632793703,26.20426368713379
1789132632796665,26.31740379333496
1789132632808744,26.77878761291504
1789132632820656,27.23379135131836
1789132632832861,27.699989318847656
1789132632835667,27.807170867919922
1789132632844673,28.151172637939453
1789132632856656,28.608888626098633
1789132632871671,29.182418823242188
1789132632880666,29.526004791259766
1789132632892752,29.987655639648438
1789132632904656,30.442354202270508
1789132632907666,30.557327270507812
1789132632916686,30.901866912841797
1789132632928734,31.36206817626953
1789132632940656,31.817453384399414
1789132632952777,32.28044509887695
1789132632955674,32.39109802246094
1789132632964749,32.73773956298828
1789132632976657,33.192588806152344
1789132632991672,33.76612091064453
1789132633000708,32.957244873046875
1789132633012754,34.47187423706055
1789132633024658,34.92430114746094
1789132633027666,28.497228622436523
1789132633036660,35.184879302978516
1789132633048727,35.638893127441406
1789132633060656,36.08771514892578
1789132633072750,36.54273986816406
1789132633078762,36.76893997192383
1789132633090679,37.021766662597656
1789132633102795,37.47299575805664
1789132633108729,34.2822151184082
1789132633120656,34.75154495239258
1789132633132752,38.38850021362305
1789132633135664,38.4958381652832
1789132633144672,38.827877044677734
1789132633156679,39.27045822143555
1789132633168737,29.735319137573242
1789132633180657,33.24872589111328
1789132633192750,40.10477828979492
1789132633204657,40.53230285644531
1789132633207688,40.64113235473633
1789132633216658,40.96320343017578
1789132633228821,41.39992141723633
1789132633240656,41.82486343383789
1789132633252771,39.76300048828125
1789132633255707,48.867069244384766
1789132633267677,42.2052116394043
1789132633276655,40.19560623168945
1789132633288730,36.51226806640625
1789132633300653,39.90223693847656
1789132633312750,40.428497314453125
1789132633321671,43.87845993041992
1789132633333707,44.29222869873047
1789132633342786,49.274513244628906
1789132633348728,32.88094711303711
1789132633360748,33.512386322021484
1789132633372749,44.93216323852539
1789132633375662,45.028404235839844
1789132633384659,45.3256721496582
1789132633396661,45.722225189208984
1789132633408747,46.121551513671875
1789132633420664,46.51530075073242
1789132633432765,38.93268585205078
1789132633435666,76.61571502685547
1789132633444762,36.967124938964844
1789132633456656,46.788177490234375
1789132633468785,47.1680793762207
1789132633480656,47.539894104003906
1789132633492871,39.72810363769531
1789132633498751,48.10074996948242
1789132633504662,36.300941467285156
1789132633516656,47.96917724609375
1789132633528738,48.33145523071289
1789132633540655,48.688785552978516
1789132633552760,49.05175018310547
1789132633564656,41.30398941040039
1789132633567665,48.61362075805664
1789132633582754,49.040122985839844
1789132633588730,49.20904541015625
1789132633600651,49.54600143432617
1789132633612741,49.88773727416992
1789132633624735,50.22675704956055
1789132633630663,50.394317626953125
1789132633639683,56.962646484375
1789132633651656,73.7407455444336
1789132633660659,39.642860412597656
1789132633672775,19.926380157470703
1789132633684676,50.905738830566406
1789132633687679,50.98488998413086
1789132633696664,51.22169494628906
1789132633708718,41.76195526123047
1789132633720674,36.6495246887207
1789132633732745,36.76125717163086
1789132633735662,61.1767463684082
1789132633744674,51.57777786254883
1789132633756726,49.20429992675781
1789132633771672,51.940982818603516
1789132633783693,52.230262756347656
1789132633792784,42.12025451660156
1789132633795662,82.36495971679688
1789132633813695,37.935813903808594
1789132633816657,51.736690521240234
1789132633828718,51.996986389160156
1789132633840654,52.254581451416016
1789132633852763,52.51591110229492
1789132633861670,52.70813751220703
1789132633870686,52.319419860839844
1789132633876658,47.35453414916992
1789132633888786,43.17422866821289
1789132633900656,52.633392333984375
1789132633912742,52.873451232910156
1789132633915661,52.931427001953125
1789132633924662,53.11021041870117
1789132633937672,53.368621826171875
1789132633946765,34.04325485229492
1789132633958743,-0.48044461011886597
1789132633970675,25.339372634887695
1789132633982767,25.58693504333496
1789132633985659,110.37664031982422
1789132634003680,73.37498474121094
1789132634006696,-23.664186477661133
1789132634018740,-21.81180763244629
1789132634030674,14.606819152832031
1789132634042874,52.94587707519531
1789132634048723,53.03524398803711
1789132634054709,27.74808692932129
1789132634072769,76.856201171875
1789132634078739,27.999725341796875
1789132634090674,4.62617826461792
1789132634102785,52.316993713378906
1789132634105676,52.35288619995117
1789132634114675,52.464599609375
1789132634126686,52.613704681396484
1789132634138789,-4.004849433898926
1789132634150675,-61.24239730834961
1789132634162765,49.60761642456055
1789132634165712,49.6245002746582
1789132634174749,49.67628479003906
1789132634186716,49.744850158691406
1789132634201670,49.830528259277344
1789132634213699,85.10588836669922
1789132634222778,31.54802894592285
1789132634231657,48.40057373046875
1789132634234682,48.408660888671875
1789132634246676,48.440731048583984
1789132634258736,48.47297668457031
1789132634273749,48.513118743896484
1789132634282783,48.53727722167969
1789132634288743,48.55320739746094
1789132634300671,67.7115707397461
1789132634312768,67.63138580322266
1789132634318740,6.214725017547607
1789132634330673,6.444255828857422
1789132634342784,7.092067718505859
1789132634345658,131.6577911376953
1789132634354684,19.73579216003418
1789132634366686,13.262022972106934
1789132634378760,45.150936126708984
1789132634390676,45.103145599365234
1789132634402767,45.054656982421875
1789132634405726,45.04279327392578
1789132634414677,45.006893157958984
1789132634426676,44.958763122558594
1789132634438811,44.91009521484375
1789132634450675,44.862510681152344
1789132634462786,42.34577941894531
1789132634465665,51.4330940246582
1789132634477672,80.39910125732422
1789132634486674,31.758771896362305
1789132634498743,9.318758964538574
1789132634510675,25.613340377807617
1789132634522766,26.028480529785156
1789132634525656,80.6216049194336
1789132634540769,61.435001373291016
1789132634552762,61.40393829345703
1789132634558738,13.595919609069824
1789132634570755,-0.9076865911483765
1789132634582768,27.235286712646484
1789132634585658,71.8857421875
1789132634594698,31.694581985473633
1789132634606679,41.08723068237305
1789132634618740,40.97205352783203
1789132634630686,32.438194274902344
1789132634642835,34.94418716430664
1789132634651659,39.55747604370117
1789132634654732,33.114479064941406
1789132634666679,39.18582534790039
1789132634678742,39.04068374633789
1789132634690678,38.897064208984375
1789132634702881,37.11459732055664
1789132634705715,42.08449935913086
1789132634717665,48.1696662902832
1789132634726680,36.14459991455078
1789132634738745,31.780195236206055
1789132634750678,34.77613830566406
1789132634762771,34.69527816772461
1789132634765662,44.585533142089844
1789132634774689,35.56055450439453
1789132634786701,41.572452545166016
1789132634798742,50.20054626464844
1789132634810682,44.11256790161133
1789132634822776,43.82392883300781
1789132634825662,23.920917510986328
1789132634834750,41.63699722290039
1789132634846683,37.2972526550293
1789132634858743,37.159053802490234
1789132634873704,36.98761749267578
1789132634882786,38.032249450683594
1789132634894820,36.84516906738281
1789132634906681,37.614376068115234
1789132634909680,33.4958381652832
1789132634918762,37.72633361816406
1789132634930679,38.1303825378418
1789132634942787,36.40762710571289
1789132634948740,36.34168243408203
1789132634960675,36.209476470947266
1789132634972763,36.07557678222656
1789132634981670,35.97691345214844
1789132634990688,35.87702178955078
1789132635002772,35.7431640625
1789132635005661,35.711158752441406
1789132635014682,35.611236572265625
1789132635026705,35.47805404663086
1789132635038759,32.11548614501953
1789132635050715,22.144948959350586
1789132635062771,34.585514068603516
1789132635065730,34.54991149902344
1789132635074690,34.442100524902344
1789132635086679,34.297847747802734
1789132635101681,34.117340087890625
1789132635110681,34.00904846191406
1789132635122778,33.86349868774414
1789132635125671,33.82869338989258
1789132635134732,30.266332626342773
1789132635146690,32.380943298339844
1789132635158743,33.025264739990234
1789132635170678,32.87253952026367
1789132635182789,32.717567443847656
1789132635191670,32.60392761230469
1789132635203691,32.45012664794922
1789132635212758,32.3341178894043
1789132635218745,30.56578826904297
1789132635230748,30.434398651123047
1789132635242790,31.849687576293945
1789132635245660,31.812414169311523
1789132635254714,31.6948299407959
1789132635269670,31.500595092773438
1789132635278746,31.38272476196289
1789132635290691,31.22759437561035
1789132635302774,31.0706729888916
1789132635314699,30.915803909301758
1789132635317660,30.877349853515625
1789132635326680,30.76020622253418
1789132635338742,30.603559494018555
1789132635350696,30.448312759399414
1789132635362865,31.930143356323242
1789132635368728,33.475494384765625
1789132635374700,30.235004425048828
1789132635386679,30.081682205200195
1789132635398746,29.92734718322754
1789132635410681,29.77458953857422
1789132635422774,29.61984634399414
1789132635425670,29.58266830444336
1789132635434694,29.467304229736328
1789132635446708,29.313465118408203
1789132635458744,32.36714553833008
1789132635470679,30.694528579711914
1789132635482773,32.03626251220703
1789132635494753,28.798866271972656
1789132635506694,28.64834976196289
1789132635509689,28.610595703125
1789132635521671,28.459562301635742
1789132635533695,28.308000564575195
1789132635542794,29.34002685546875
1789132635554684,28.142934799194336
1789132635566680,27.994016647338867
1789132635569661,27.95701026916504
1789132635578752,27.844154357910156
1789132635590702,27.695804595947266
1789132635602792,27.545717239379883
1789132635605676,27.509916305541992
1789132635620668,25.728116989135742
1789132635626754,28.915685653686523
1789132635638749,30.293703079223633
1789132635650680,28.64448356628418
1789132635662788,26.903345108032227
1789132635674698,27.91386604309082
1789132635686689,27.60494613647461
1789132635689686,23.490741729736328
1789132635698754,27.71821403503418
1789132635710689,28.11132049560547
1789132635722802,26.379253387451172
1789132635731669,26.27425765991211
1789132635740682,26.167572021484375
1789132635752785,26.024259567260742
1789132635758821,27.631450653076172
1789132635770687,29.182891845703125
1789132635782778,25.868125915527344
1789132635785679,25.834882736206055
1789132635794736,26.882673263549805
1789132635806688,25.693641662597656
1789132635818761,28.648271560668945
1789132635830687,27.026901245117188
1789132635842815,25.283700942993164
1789132635845668,25.25155258178711
1789132635863700,25.048362731933594
1789132635872780,24.946046829223633
1789132635881677,21.57663345336914
1789132635890760,25.89315414428711
1789132635902805,27.005199432373047
1789132635905669,24.773723602294922
1789132635914687,24.67555046081543
1789132635926690,24.544885635375977
1789132635938747,24.41362953186035
1789132635950685,24.283668518066406
1789132635962823,25.821895599365234
1789132635971678,24.153478622436523
1789132635974688,24.121286392211914
1789132635986715,27.26011085510254
1789132635998747,27.062049865722656
1789132636013700,23.80242156982422
1789132636022886,23.705928802490234
1789132636025672,23.676664352416992
1789132636034694,23.581893920898438
1789132636049669,23.42459487915039
1789132636058779,24.474382400512695
1789132636070698,26.588722229003906
1789132636082794,26.445837020874023
1789132636094784,23.253284454345703
1789132636103703,23.164709091186523
1789132636112766,21.499746322631836
1789132636118770,26.389902114868164
1789132636130687,26.27066993713379
1789132636142794,22.977256774902344
1789132636145669,22.94980239868164
1789132636160675,22.806507110595703
1789132636169678,22.72053337097168
1789132636181676,22.605958938598633
1789132636193693,16.053321838378906
1789132636202788,24.702171325683594
1789132636205668,15.752335548400879
1789132636214689,24.609195709228516
1789132636226687,22.382083892822266
1789132636238756,22.271440505981445
1789132636250722,23.87665367126465
1789132636262779,25.40038299560547
1789132636268746,25.304195404052734
1789132636283733,21.005704879760742
1789132636286754,25.29255485534668
1789132636298757,25.120113372802734
1789132636313701,21.898365020751953
1789132636322830,22.96318244934082
1789132636325690,18.458158493041992
1789132636334979,23.96784210205078
1789132636346689,22.728816986083984
1789132636358748,31.127912521362305
1789132636370703,26.463884353637695
1789132636382814,21.615020751953125
1789132636388739,21.56749153137207
1789132636394708,21.51961326599121
1789132636412799,21.37449836730957
1789132636418827,23.00690460205078
1789132636430687,22.91925048828125
1789132636442794,23.443979263305664
1789132636445678,21.308597564697266
1789132636454765,23.535383224487305
1789132636466688,21.347105026245117
1789132636478749,21.259572982788086
1789132636490697,21.172861099243164
1789132636502790,27.416393280029297
1789132636511680,21.216150283813477
1789132636523693,21.133554458618164
1789132636526688,27.681833267211914
1789132636538748,27.424108505249023
1789132636550755,21.1453800201416
1789132636563248,21.064254760742188
1789132636574697,20.989910125732422
1789132636577691,20.970470428466797
1789132636586739,24.36961555480957
1789132636598753,30.443584442138672
1789132636610687,21.056474685668945
1789132636622811,20.984695434570312
1789132636634691,20.914358139038086
1789132636637679,20.89666748046875
1789132636646705,21.99842071533203
1789132636658752,23.989368438720703
1789132636670686,24.260936737060547
1789132636682886,24.00796890258789
1789132636688756,27.26288604736328
1789132636694695,22.567333221435547
1789132636706695,20.897560119628906
1789132636718766,20.83531379699707
1789132636730697,24.19969367980957
1789132636742799,20.90924835205078
1789132636745703,20.895383834838867
1789132636754705,20.852401733398438
1789132636766695,20.79515266418457
1789132636778781,23.917926788330078
1789132636790693,24.077810287475586
1789132636802790,22.38559913635254
1789132636805675,20.807470321655273
1789132636814771,20.767513275146484
1789132636826703,20.71510124206543
1789132636841677,20.64932632446289
1789132636853771,17.453611373901367
1789132636862802,22.867473602294922
1789132636874704,20.704957962036133
1789132636886695,21.551040649414062
1789132636889676,17.44373893737793
1789132636898762,21.759000778198242
1789132636910717,22.24407196044922
1789132636922796,22.19756507873535
1789132636925675,17.189899444580078
1789132636934705,21.625389099121094
1789132636952779,17.221349716186523
1789132636961685,13.850460052490234
1789132636973708,13.98536491394043
1789132636982837,24.862754821777344
1789132636985685,6.873285293579102
1789132637003702,15.97429370880127
1789132637006696,33.3499870300293
1789132637018797,36.37907028198242
1789132637030693,20.604467391967773
1789132637042838,23.69208526611328
1789132637054713,20.629430770874023
1789132637057677,20.620939254760742
1789132637069676,20.586565017700195
1789132637078825,20.56035614013672
1789132637090715,20.52629280090332
1789132637102800,20.491670608520508
1789132637105687,20.483400344848633
1789132637114786,22.75076675415039
1789132637126696,27.222713470458984
1789132637138757,26.78422737121582
1789132637150691,23.777956008911133
1789132637162807,20.523395538330078
1789132637165674,20.51627540588379
1789132637183725,20.471458435058594
1789132637192820,17.33238410949707
1789132637198767,23.839963912963867
1789132637210770,23.741718292236328
1789132637222812,22.229930877685547
1789132637225676,17.236629486083984
1789132637234698,21.70758628845215
1789132637246782,20.626062393188477
1789132637258769,23.827159881591797
1789132637270695,23.954740524291992
1789132637282785,20.75578498840332
1789132637288743,20.74668312072754
1789132637294698,20.737585067749023
1789132637306712,20.71923065185547
1789132637318787,20.70077896118164
1789132637330693,20.682588577270508
1789132637342894,20.663949966430664
1789132637345762,20.65956687927246
1789132637354710,21.8102970123291
1789132637366703,20.72706413269043
1789132637381674,20.707050323486328
1789132637390706,21.849464416503906
1789132637402794,20.77834129333496
1789132637414704,20.764694213867188
1789132637423792,20.75428009033203
1789132637426695,20.75087547302246
1789132637438784,23.914594650268555
1789132637450694,24.212413787841797
1789132637462785,24.038724899291992
1789132637474763,20.896570205688477
1789132637486710,20.887441635131836
1789132637489688,20.885168075561523
1789132637498763,22.02772331237793
1789132637513741,20.96572494506836
1789132637522795,22.112462997436523
1789132637534702,21.053211212158203
1789132637546696,21.048629760742188
1789132637549675,21.0474910736084
1789132637558774,21.044015884399414
1789132637570694,22.726587295532227
1789132637582809,30.468198776245117
1789132637594697,21.326522827148438
1789132637606762,21.328826904296875
1789132637609697,21.329387664794922
1789132637618766,21.33112144470215
1789132637630696,21.333398818969727
1789132637642806,21.335712432861328
1789132637645677,21.33626365661621
1789132637654760,21.337997436523438
1789132637666696,27.939128875732422
1789132637678745,21.5393009185791
1789132637690718,21.546159744262695
1789132637702823,21.5530948638916
1789132637705749,21.55476951599121
1789132637714722,21.55990982055664
1789132637732786,21.570261001586914
1789132637738837,23.2485294342041
1789132637750700,24.952760696411133
1789132637762791,24.92129898071289
1789132637765697,15.022774696350098
1789132637774705,23.91465950012207
1789132637786699,21.80593490600586
1789132637798766,25.018999099731445
1789132637810711,22.82444953918457
1789132637822813,22.041179656982422
1789132637834715,22.05709457397461
1789132637843724,22.069137573242188
1789132637852778,20.508617401123047
1789132637858761,25.475221633911133
1789132637870768,25.442153930664062
1789132637882793,22.322128295898438
1789132637891690,22.337417602539062
1789132637894710,22.342609405517578
1789132637909724,19.159793853759766
1789132637918770,23.539121627807617
1789132637930711,22.50629234313965
1789132637942807,22.52939224243164
1789132637951683,22.546344757080078
1789132637954720,25.792530059814453
1789132637966700,22.673385620117188
1789132637978779,25.78144073486328
1789132637990699,24.309858322143555
1789132638002862,22.746509552001953
1789132638005685,22.752443313598633
1789132638017685,22.777650833129883
1789132638029690,22.802873611450195
1789132638041682,19.462648391723633
1789132638050699,24.005006790161133
1789132638062791,24.53697395324707
1789132638065682,19.58001708984375
1789132638074783,24.048730850219727
1789132638092772,21.463924407958984
1789132638098769,24.744001388549805
1789132638110700,24.770105361938477
1789132638122795,23.210180282592773
1789132638125682,23.21734619140625
1789132638134824,23.24004554748535
1789132638149691,23.27695655822754
1789132638161690,23.30674934387207
1789132638173709,16.907386779785156
1789132638182820,25.653345108032227
1789132638185701,16.74415397644043
1789132638194710,25.710041046142578
1789132638212779,23.641860961914062
1789132638218797,23.659101486206055
1789132638230700,23.693218231201172
1789132638242806,26.887584686279297
1789132638248751,23.84213638305664
1789132638254714,23.8603572845459
1789132638266767,23.897188186645508
1789132638278759,23.9338321685791
1789132638293705,23.97950553894043
1789132638302810,24.007328033447266
1789132638305691,24.016132354736328
1789132638315146,25.15228271484375
1789132638326701,24.179847717285156
1789132638338762,27.321733474731445
1789132638350718,24.256099700927734
1789132638362791,24.295299530029297
1789132638365750,24.304906845092773
1789132638374720,24.334030151367188
1789132638392786,24.392688751220703
1789132638398836,26.087373733520508
1789132638410701,26.141788482666016
1789132638422794,26.157873153686523
1789132638425681,21.195266723632812
1789132638434707,25.687450408935547
1789132638446701,24.670705795288086
1789132638458761,24.71216583251953
1789132638470709,26.456390380859375
1789132638482811,28.05057716369629
1789132638491711,25.023868560791016
1789132638494702,25.035293579101562
1789132638506764,25.08136749267578
1789132638518766,25.12721061706543
1789132638530770,25.173063278198242
1789132638542832,25.21913719177246
1789132638554858,25.265071868896484
1789132638557716,25.275989532470703
1789132638569681,22.076499938964844
1789132638578785,26.50432014465332
1789132638590714,27.089431762695312
1789132638602792,27.130674362182617
1789132638605693,22.173328399658203
1789132638614719,26.654666900634766
1789132638626709,25.644792556762695
1789132638641779,22.534318923950195
1789132638650700,26.909242630004883
1789132638662860,27.435462951660156
1789132638665685,25.90062141418457
1789132638674702,25.938507080078125
1789132638695768,26.026975631713867
1789132638698875,26.040029525756836
1789132638710712,26.089765548706055
1789132638722810,27.805538177490234
1789132638734720,26.289569854736328
1789132638746728,26.342317581176758
1789132638749694,26.3553466796875
1789132638758773,26.39522933959961
1789132638770731,26.447755813598633
1789132638782804,26.500789642333984
1789132638785702,26.513519287109375
1789132638800724,26.579505920410156
1789132638809711,23.42745590209961
1789132638818777,28.961017608642578
1789132638830778,30.051172256469727
1789132638842818,30.085857391357422
1789132638851693,30.198078155517578
1789132638854745,27.020509719848633
1789132638866711,27.07764434814453
1789132638878792,27.135326385498047
1789132638890710,30.49921417236328
1789132638902809,27.34836769104004
1789132638905694,27.362693786621094
1789132638914712,27.407474517822266
1789132638926779,27.467395782470703
1789132638938780,27.526988983154297
1789132638953725,27.6012020111084
1789132638962899,27.646757125854492
1789132638965706,27.660694122314453
1789132638974723,27.705469131469727
1789132638986738,27.7651309967041
1789132638998771,27.82488250732422
1789132639010733,27.884281158447266
1789132639022810,27.944250106811523
1789132639031701,27.988399505615234
1789132639040699,28.0330810546875
1789132639046711,28.06293296813965
1789132639058839,28.12315559387207
1789132639070710,28.18210220336914
1789132639082825,28.242259979248047
1789132639085694,28.256505966186523
1789132639094806,28.301753997802734
1789132639106721,28.360918045043945
1789132639118775,28.420774459838867
1789132639130727,28.480121612548828
1789132639142833,28.54023551940918
1789132639148762,28.569679260253906
1789132639160699,28.62895393371582
1789132639166710,28.658802032470703
1789132639178781,28.718740463256836
1789132639190797,28.77840805053711
1789132639202812,28.838088989257812
1789132639205692,28.852331161499023
1789132639214714,28.89718246459961
1789132639226716,28.956768035888672
1789132639238780,29.016674041748047
1789132639250714,29.0759334564209
1789132639262820,27.459680557250977
1789132639271703,29.081811904907227
1789132639283719,29.139183044433594
1789132639286712,29.153472900390625
1789132639298779,29.211088180541992
1789132639313758,29.282608032226562
1789132639322902,29.326265335083008
1789132639325697,29.339611053466797
1789132639335150,29.384746551513672
1789132639349693,29.45418357849121
1789132639358774,29.497541427612305
1789132639370708,29.554523468017578
1789132639382820,29.612354278564453
1789132639385694,29.62607765197754
1789132639394713,29.669139862060547
1789132639406729,29.726511001586914
1789132639418776,29.784032821655273
1789132639430711,29.84101676940918
1789132639442825,28.22565460205078
1789132639445692,33.24210739135742
1789132639454806,28.80992317199707
1789132639466712,29.912242889404297
1789132639478773,29.967527389526367
1789132639490714,30.02226448059082
1789132639502832,30.07781219482422
1789132639514722,30.132301330566406
1789132639517692,30.14596176147461
1789132639526713,30.187259674072266
1789132639538788,30.242584228515625
1789132639550711,30.297252655029297
1789132639562801,30.35266876220703
1789132639565692,30.365978240966797
1789132639574716,30.407285690307617
1789132639592800,30.490192413330078
1789132639601703,30.5310001373291
1789132639613743,30.5861873626709
1789132639622827,30.627826690673828
1789132639625709,30.641036987304688
1789132639634715,30.682315826416016
1789132639646747,30.73746681213379
1789132639658785,27.49748992919922
1789132639670709,27.582351684570312
1789132639682804,30.80379295349121
1789132639694713,30.85610580444336
1789132639700701,30.88239097595215
1789132639706714,30.908802032470703
1789132639718848,30.96210479736328
1789132639730729,31.01429557800293
1789132639742839,31.067489624023438
1789132639745727,31.080177307128906
1789132639754976,29.991077423095703
1789132639766716,31.072872161865234
1789132639778800,31.123645782470703
1789132639790735,31.17379379272461
1789132639802824,31.224586486816406
1789132639805697,31.236658096313477
1789132639814718,31.274560928344727
1789132639826714,31.324966430664062
1789132639838782,31.375673294067383
1789132639850789,31.426122665405273
1789132639862811,29.81452178955078
1789132639865697,31.39155387878418
1789132639874717,31.427730560302734
1789132639886718,31.475862503051758
1789132639901711,31.535995483398438
1789132639910736,31.572193145751953
1789132639922823,31.62067222595215
1789132639931698,31.656267166137695
1789132639934721,31.66839027404785
1789132639946715,31.716495513916016
1789132639958776,31.764867782592773
1789132639970714,31.812747955322266
1789132639982875,31.861522674560547
1789132639985701,31.87285614013672
1789132639994739,31.909103393554688
1789132640009734,35.14052963256836
1789132640018784,30.850858688354492
1789132640030714,30.364356994628906
1789132640042876,30.45363426208496
1789132640045712,35.474361419677734
1789132640054748,30.989412307739258
1789132640066724,32.09196090698242
1789132640078779,32.13800811767578
1789132640090713,30.484174728393555
1789132640102806,30.567790985107422
1789132640114788,32.17546463012695
1789132640117700,32.186031341552734
1789132640129695,32.229557037353516
1789132640138776,32.26251220703125
1789132640153727,32.31676483154297
1789132640162813,29.180212020874023
1789132640174738,32.294647216796875
1789132640186723,32.335845947265625
1789132640189697,32.346073150634766
1789132640198775,32.377281188964844
1789132640210713,32.41831588745117
1789132640222825,32.45995330810547
1789132640225697,32.46982955932617
1789132640240729,32.521507263183594
1789132640252798,32.56299591064453
1789132640261698,35.86055374145508
1789132640270714,31.46708106994629
1789132640282809,30.998361587524414
1789132640285698,32.576026916503906
1789132640303735,32.63459014892578
1789132640306733,32.64432144165039
1789132640318782,29.403181076049805
1789132640330714,29.354310989379883
1789132640342818,32.563575744628906
1789132640345765,32.572017669677734
1789132640354717,32.59766387939453
1789132640366714,32.63203430175781
1789132640378851,32.66680145263672
1789132640390724,32.7008171081543
1789132640402816,32.73544692993164
1789132640405729,32.743797302246094
1789132640414795,32.769771575927734
1789132640426714,32.803916931152344
1789132640438803,32.83855056762695
1789132640450714,32.872676849365234
1789132640462811,32.907325744628906
1789132640465697,32.91559600830078
1789132640474722,32.94145202636719
1789132640486714,32.97580337524414
1789132640498806,33.01044464111328
1789132640510785,33.04475784301758
1789132640522814,31.413787841796875
1789132640525706,36.388275146484375
1789132640537716,36.312767028808594
1789132640546736,30.83307647705078
1789132640558789,26.805017471313477
1789132640570739,23.478513717651367
1789132640582824,32.9484748840332
1789132640591697,32.96881866455078
1789132640594718,29.7187442779541
1789132640606727,32.904903411865234
1789132640618779,32.93022155761719
1789132640630717,32.95530319213867
1789132640642916,32.98093032836914
1789132640648773,32.99323654174805
1789132640657709,33.01200485229492
1789132640669699,33.03719711303711
1789132640678798,33.056312561035156
1789132640690714,33.08134841918945
1789132640702860,33.106849670410156
1789132640714732,33.13179016113281
1789132640723922,33.15109634399414
1789132640726731,33.15699768066406
1789132640738782,29.970645904541016
1789132640750723,29.931894302368164
1789132640762846,33.133907318115234
1789132640765704,33.13936233520508
1789132640774791,33.15671920776367
1789132640789713,33.18521499633789
1789132640801712,33.208133697509766
1789132640813734,36.4796257019043
1789132640822817,32.09814453125
1789132640825705,36.55702590942383
1789132640834725,32.111820220947266
1789132640846723,33.19112014770508
1789132640858789,33.21186065673828
1789132640870723,31.545246124267578
1789132640882814,28.170690536499023
1789132640885704,43.16630554199219
1789132640894725,29.801721572875977
1789132640906789,32.991233825683594
1789132640918787,33.004981994628906
1789132640930721,33.01865768432617
1789132640942850,33.032554626464844
1789132640945704,33.035823822021484
1789132640954930,33.0463981628418
1789132640966723,29.757200241088867
1789132640978783,32.975364685058594
1789132640990720,32.98676300048828
1789132641002838,32.99833679199219
1789132641008800,33.0040283203125
1789132641014743,33.00970458984375
1789132641032808,33.026954650878906
1789132641038864,31.3592586517334
1789132641050720,29.65802574157715
1789132641062812,30.746450424194336
1789132641065704,39.65540313720703
1789132641074748,30.75392723083496
1789132641086722,32.872528076171875
1789132641098789,32.87944030761719
1789132641110725,32.88628005981445
1789132641122839,29.742334365844727
1789132641131704,32.800514221191406
1789132641134729,29.548851013183594
1789132641146722,32.707889556884766
1789132641158782,29.609514236450195
1789132641173769,32.715904235839844
1789132641182827,32.71763610839844
1789132641185705,32.71818542480469
1789132641194725,32.719905853271484
1789132641206827,32.72222137451172
1789132641218816,29.550947189331055
1789132641230733,31.72933578491211
1789132641242831,31.64120864868164
1789132641254757,32.42597961425781
1789132641266721,32.421409606933594
1789132641269771,32.42024612426758
1789132641278785,32.416805267333984
1789132641290722,32.41224670410156
1789132641302884,32.40760040283203
1789132641308769,32.40535354614258
1789132641317707,32.401939392089844
1789132641326721,31.24186897277832
1789132641338806,29.146509170532227
1789132641350721,30.696943283081055
1789132641362812,32.2834587097168
1789132641365702,32.281803131103516
1789132641374802,32.27659225463867
1789132641386721,32.26984786987305
1789132641398796,29.06943702697754
1789132641410722,32.15879440307617
1789132641422817,32.14955520629883
1789132641425704,32.14734649658203
1789132641434794,32.140403747558594
1789132641446731,32.13128662109375
1789132641461712,32.11983871459961
1789132641473730,32.11065673828125
1789132641482815,32.10371780395508
1789132641485711,32.101505279541016
1789132641494724,32.09461975097656
1789132641509719,32.083168029785156
1789132641518786,32.07624053955078
1789132641530746,30.38652801513672
1789132641542829,28.809263229370117
1789132641554724,31.85035514831543
1789132641566802,31.836515426635742
1789132641569706,31.833187103271484
1789132641578790,31.822776794433594
1789132641590740,31.809085845947266
1789132641602817,31.795244216918945
1789132641605703,31.79193687438965
1789132641614817,31.781494140625
1789132641626724,31.76784896850586
1789132641638796,31.75401496887207
1789132641650720,31.740352630615234
1789132641662813,31.72649574279785
1789132641665772,31.723106384277344
1789132641677711,31.70942497253418
1789132641686722,31.699100494384766
1789132641698861,31.685192108154297
1789132641710729,29.984737396240234
1789132641722854,31.55875015258789
1789132641725709,31.554933547973633
1789132641734739,31.542861938476562
1789132641746727,31.526836395263672
1789132641758794,31.510705947875977
1789132641770736,31.494739532470703
1789132641782843,31.478479385375977
1789132641794732,31.462657928466797
1789132641797778,31.45858383178711
1789132641809724,31.442615509033203
1789132641818793,31.430492401123047
1789132641830795,31.414445877075195
1789132641842835,31.39834976196289
1789132641845718,31.394495010375977
1789132641857719,31.378374099731445
1789132641866749,31.36640739440918
1789132641878788,31.350360870361328
1789132641890726,31.33436393737793
1789132641902835,31.318174362182617
1789132641911709,31.306310653686523
1789132641914731,31.302230834960938
1789132641932914,31.277921676635742
1789132641938790,31.27006721496582
1789132641950727,31.254106521606445
1789132641962912,31.237817764282227
1789132641965714,31.234071731567383
1789132641974730,31.22201919555664
1789132641986748,31.205951690673828
1789132641998794,31.189847946166992
1789132642011071,31.17343521118164
1789132642022827,31.157718658447266
1789132642034736,31.14179801940918
1789132642046727,31.125768661499023
1789132642049710,31.12177848815918
1789132642058787,31.109643936157227
1789132642070749,31.093652725219727
1789132642082819,31.0775146484375
1789132642085732,31.073619842529297
1789132642100713,31.053590774536133
1789132642112802,32.60847473144531
1789132642118813,29.342926025390625
1789132642130730,29.326900482177734
1789132642142835,29.337039947509766
1789132642145708,34.31269836425781
1789132642154730,29.821067810058594
1789132642166727,30.861207962036133
1789132642178808,30.84274673461914
1789132642190728,30.824535369873047
1789132642202824,30.80613136291504
1789132642214733,30.78786277770996
1789132642217728,30.783287048339844
1789132642226796,30.769432067871094
1789132642238814,30.751070022583008
1789132642250745,30.73284149169922
1789132642262921,30.71419906616211
1789132642265718,30.710046768188477
1789132642274800,30.696086883544922
1789132642286730,30.677860260009766
1789132642298796,30.659423828125
1789132642313734,30.636600494384766
1789132642322835,30.62269401550293
1789132642331717,30.60912322998047
1789132642340742,30.59537124633789
1789132642352810,32.14583969116211
1789132642358862,28.89198112487793
1789132642370728,28.862468719482422
1789132642382872,28.87558937072754
1789132642385710,33.88679885864258
1789132642394742,29.353713989257812
1789132642406727,30.3903865814209
1789132642418805,30.369625091552734
1789132642430730,30.3491268157959
1789132642442826,30.328336715698242
1789132642445711,30.32337760925293
1789132642454767,30.307811737060547
1789132642466728,30.28725242614746
1789132642478788,30.266523361206055
1789132642490816,30.245847702026367
1789132642502822,30.225210189819336
1789132642505743,30.220190048217773
1789132642517724,30.199670791625977
1789132642526747,30.184057235717773
1789132642538791,30.163307189941406
1789132642550746,30.142833709716797
1789132642562824,30.122072219848633
1789132642565730,30.117076873779297
1789132642574737,30.101594924926758
1789132642586728,30.08106231689453
1789132642598791,30.060327529907227
1789132642613743,30.03462791442871
1789132642622929,30.018735885620117
1789132642625713,30.01405906677246
1789132642634732,29.99844741821289
1789132642646727,29.977853775024414
1789132642661717,29.952009201049805
1789132642670747,29.936567306518555
1789132642682861,29.91574478149414
1789132642691752,29.900461196899414
1789132642694734,29.895336151123047
1789132642706738,29.87471580505371
1789132642718803,29.85397720336914
1789132642730734,29.83346939086914
1789132642742859,29.8126277923584
1789132642745716,29.807716369628906
1789132642754805,29.79209327697754
1789132642766735,29.771587371826172
1789132642778858,29.750747680664062
1789132642790739,29.730327606201172
1789132642802826,29.709552764892578
1789132642805725,29.70456886291504
1789132642814765,29.689058303833008
1789132642826746,29.668439865112305
1789132642838803,29.647640228271484
1789132642850736,29.62716293334961
1789132642862827,29.606420516967773
1789132642865731,29.601428985595703
1789132642874737,29.585948944091797
1789132642889726,29.5601863861084
1789132642901727,29.5395565032959
1789132642913777,29.518918991088867
1789132642922888,29.50318145751953
1789132642925725,29.49830436706543
1789132642934741,29.482807159423828
1789132642946754,29.462156295776367
1789132642958798,29.44145393371582
1789132642970733,29.420940399169922
1789132642982831,29.400148391723633
1789132642991725,29.384859085083008
1789132643000731,29.36941909790039
1789132643006735,31.046186447143555
1789132643018869,32.46504211425781
1789132643030734,31.00457000732422
1789132643042830,30.95998191833496
1789132643045755,26.031339645385742
1789132643054752,30.439186096191406
1789132643066747,29.359472274780273
1789132643078825,29.3409423828125
1789132643090736,29.322816848754883
1789132643102841,29.3043212890625
1789132643111743,29.290719985961914
1789132643123741,29.272361755371094
1789132643126734,29.26789093017578
1789132643138796,29.249460220336914
1789132643150801,29.23104476928711
1789132643162830,29.212663650512695
1789132643174761,29.194433212280273
1789132643186825,29.176002502441406
1789132643189725,29.171571731567383
1789132643198801,29.157703399658203
1789132643210768,29.139419555664062
1789132643222831,29.120988845825195
1789132643225717,29.116579055786133
1789132643234740,29.102792739868164
1789132643246736,29.08446502685547
1789132643258797,29.066038131713867
1789132643270737,29.047794342041016
1789132643282919,30.67807388305664
1789132643288784,32.276344299316406
1789132643294740,29.10950469970703
1789132643306734,29.093469619750977
1789132643318804,29.077333450317383
1789132643330734,29.061384201049805
1789132643342897,29.045124053955078
1789132643354749,29.029277801513672
1789132643363747,29.017248153686523
1789132643366735,29.013174057006836
1789132643378805,28.997037887573242
1789132643390743,28.98111343383789
1789132643402825,28.964963912963867
1789132643405715,28.961219787597656
1789132643414803,28.94896125793457
1789132643426743,28.933025360107422
1789132643441735,28.912904739379883
1789132643450737,28.90097427368164
1789132643462827,28.884824752807617
1789132643471718,28.872941970825195
1789132643474754,28.86884307861328
1789132643486735,28.852827072143555
1789132643498805,28.836688995361328
1789132643510734,28.820743560791016
1789132643522834,28.804567337036133
1789132643534744,28.78864288330078
1789132643537717,28.78466796875
1789132643549719,28.76862144470215
1789132643558797,28.756484985351562
1789132643570734,28.74052619934082
1789132643582944,28.72420310974121
1789132643585731,28.720476150512695
1789132643594796,28.708356857299805
1789132643606737,28.692392349243164
1789132643618799,28.676265716552734
1789132643630735,28.660308837890625
1789132643642831,28.644136428833008
1789132643645801,28.640167236328125
1789132643654816,28.62811279296875
1789132643672839,28.604019165039062
1789132643678885,28.595895767211914
1789132643690734,30.266124725341797
1789132643702851,30.219207763671875
1789132643714803,28.648014068603516
1789132643726757,28.634315490722656
1789132643729731,28.63090705871582
1789132643738813,28.620527267456055
1789132643750743,28.606809616088867
1789132643762830,28.59297752380371
1789132643765722,28.589662551879883
1789132643780738,28.57245445251465
1789132643786741,28.565576553344727
1789132643798805,28.5517520904541
1789132643810826,28.53797721862793
1789132643822837,28.524211883544922
1789132643825732,28.52089500427246
1789132643837723,28.507076263427734
1789132643846743,28.49684715270996
1789132643858802,28.483076095581055
1789132643870739,28.469362258911133
1789132643882832,28.455503463745117
1789132643885750,28.45203971862793
1789132643903774,28.431440353393555
1789132643906742,28.428064346313477
1789132643921723,25.119766235351562
1789132643930740,29.557403564453125
1789132643942952,30.019588470458984
1789132643945727,24.945707321166992
1789132643954743,29.53292465209961
1789132643966740,28.46232032775879
1789132643981732,28.4480037689209
1789132643990777,28.43936538696289
1789132644002844,28.42784309387207
1789132644014748,28.416475296020508
1789132644026741,28.4050235748291
1789132644029723,28.402175903320312
1789132644038815,28.39349365234375
1789132644050741,28.382144927978516
1789132644062834,28.370555877685547
1789132644065723,28.367795944213867
1789132644074825,28.35910415649414
1789132644086751,28.347715377807617
1789132644101731,25.066532135009766
1789132644113749,25.057832717895508
1789132644122833,29.465776443481445
1789132644134750,28.405426025390625
1789132644137725,28.403154373168945
1789132644146750,28.39626121520996
1789132644158801,28.387052536010742
1789132644170749,28.377925872802734
1789132644182832,28.368696212768555
1789132644185735,28.366477966308594
1789132644194742,28.35959815979004
1789132644209727,28.3481502532959
1789132644218810,28.341211318969727
1789132644233755,28.329795837402344
1789132644242879,28.322797775268555
1789132644245722,28.32073211669922
1789132644263746,28.306880950927734
1789132644266741,28.30459213256836
1789132644278802,28.295377731323242
1789132644290740,28.286258697509766
1789132644302850,28.277006149291992
1789132644311730,28.270219802856445
1789132644320754,28.263288497924805
1789132644326740,28.258792877197266
1789132644338883,28.249549865722656
1789132644350751,28.24041175842285
1789132644362835,28.23118019104004
1789132644365723,28.228973388671875
1789132644374744,28.222082138061523
1789132644386779,29.10413932800293
1789132644398807,31.41259002685547
1789132644410741,28.295236587524414
1789132644422851,28.288299560546875
1789132644425723,28.286653518676758
1789132644434746,28.281482696533203
1789132644446761,28.274599075317383
1789132644458803,28.267698287963867
1789132644470810,28.260818481445312
1789132644482838,28.253925323486328
1789132644485725,28.25227165222168
1789132644494762,28.247093200683594
1789132644506752,28.240224838256836
1789132644518805,28.23331642150879
1789132644530757,28.226469039916992
1789132644542834,28.219547271728516
1789132644545723,28.217891693115234
1789132644563754,28.20755958557129
1789132644566750,28.205842971801758
1789132644578809,31.39033317565918
1789132644590741,29.878450393676758
1789132644602899,29.831195831298828
1789132644605737,24.821706771850586
1789132644614743,29.33877182006836
1789132644626740,28.273887634277344
1789132644638815,28.269275665283203
1789132644650744,28.2647647857666
1789132644662829,28.26010513305664
1789132644665722,28.259000778198242
1789132644674743,28.255556106567383
1789132644686759,28.250967025756836
1789132644698811,28.246362686157227
1789132644710742,28.241804122924805
1789132644722854,28.237180709838867
1789132644728797,28.23491096496582
1789132644740757,28.230342864990234
1789132644749732,25.01713752746582
1789132644758811,29.373619079589844
1789132644770752,29.905723571777344
1789132644783345,29.767436981201172
1789132644794751,28.31267547607422
1789132644797731,25.011585235595703
1789132644812830,26.63776969909668
1789132644818833,29.897098541259766
1789132644830747,29.89263343811035
1789132644842866,29.858041763305664
1789132644845731,24.86981201171875
1789132644860737,28.295522689819336
1789132644872835,28.293210983276367
1789132644881731,28.291513442993164
1789132644890748,28.289764404296875
1789132644902844,28.28744125366211
1789132644905731,28.287010192871094
1789132644914751,28.285179138183594
1789132644926749,28.282913208007812
1789132644938823,31.555648803710938
1789132644950768,28.375507354736328
1789132644962839,28.37554359436035
1789132644965799,28.37554359436035
1789132644974751,28.37554359436035
1789132644986779,28.37554359436035
1789132644998876,28.37554359436035
1789132645010751,28.37554359436035
1789132645022852,28.37554359436035
1789132645025741,28.37554359436035
1789132645034841,28.375558853149414
1789132645046748,28.375547409057617
1789132645058813,28.37558364868164
1789132645070749,28.375564575195312
1789132645082858,28.375564575195312
1789132645085732,28.375505447387695
1789132645103777,28.375547409057617
1789132645112835,28.375564575195312
1789132645118816,28.375526428222656
1789132645130821,28.375507354736328
1789132645142846,28.37554359436035
1789132645145745,28.37554359436035
1789132645154752,28.37554359436035
1789132645166751,28.37554359436035
1789132645178838,28.37558364868164
1789132645190752,28.37553596496582
1789132645202863,28.37554359436035
1789132645205731,28.37554359436035
1789132645220763,28.37554359436035
1789132645226749,28.37554359436035
1789132645238835,28.37554359436035
1789132645250746,28.37554359436035
1789132645262932,28.37554359436035
1789132645265786,28.37554359436035
1789132645277737,28.37554359436035
1789132645286752,28.37554359436035
1789132645298821,28.37554359436035
1789132645310750,28.37554359436035
1789132645322844,28.37554359436035
1789132645328876,28.37554359436035
1789132645334752,28.37554359436035
1789132645346781,28.37554359436035
1789132645358810,28.37558364868164
1789132645370747,28.37558364868164
1789132645382886,28.375547409057617
1789132645385743,28.375547409057617
1789132645394818,28.375547409057617
1789132645406767,28.375547409057617
1789132645421747,28.375547409057617
1789132645433764,28.375585556030273
1789132645442851,28.375530242919922
1789132645454767,28.37554359436035
1789132645466748,28.37554359436035
1789132645469740,28.37554359436035
1789132645478835,28.37554359436035
1789132645490748,28.37554359436035
1789132645502857,28.37554359436035
1789132645508810,28.37554359436035
1789132645520746,28.37554359436035
1789132645529733,28.375505447387695
1789132645538811,28.375558853149414
1789132645550764,28.375564575195312
1789132645562845,28.375564575195312
1789132645565730,28.375505447387695
1789132645574751,28.375558853149414
1789132645586759,28.375547409057617
1789132645598824,31.6483154296875
1789132645610750,31.63730812072754
1789132645622844,28.474498748779297
1789132645628799,28.475635528564453
1789132645634753,28.47677230834961
1789132645646750,28.479063034057617
1789132645658894,28.481380462646484
1789132645670749,28.483644485473633
1789132645682842,28.48595428466797
1789132645685742,28.486507415771484
1789132645694755,28.488229751586914
1789132645706749,28.49051856994629
1789132645718815,28.492826461791992
1789132645730756,28.49510383605957
1789132645742852,28.49741554260254
1789132645745739,28.497966766357422
1789132645754758,28.49968910217285
1789132645772863,28.503145217895508
1789132645778825,28.504283905029297
1789132645790847,28.506582260131836
1789132645802851,30.168685913085938
1789132645805738,25.20290756225586
1789132645814759,29.6680908203125
1789132645826761,28.614116668701172
1789132645838839,28.618770599365234
1789132645850768,28.62327766418457
1789132645862852,28.627901077270508
1789132645874776,28.632457733154297
1789132645886756,28.637033462524414
1789132645889823,28.638206481933594
1789132645898832,28.641645431518555
1789132645913769,28.64735221862793
1789132645923035,28.65089225769043
1789132645928829,28.653104782104492
1789132645937743,28.656511306762695
1789132645946755,28.659954071044922
1789132645958821,28.664562225341797
1789132645970754,28.669118881225586
1789132645982854,28.673742294311523
1789132645985739,28.674842834472656
1789132645994758,28.678287506103516
1789132646006766,28.682876586914062
1789132646018823,28.687480926513672
1789132646030756,28.69203758239746
1789132646042852,28.696657180786133
1789132646045738,28.697757720947266
1789132646054874,28.701248168945312
1789132646066756,28.705785751342773
1789132646078818,28.71039390563965
1789132646093772,28.71610450744629
1789132646102856,29.868022918701172
1789132646114762,28.823623657226562
1789132646117743,28.82533073425293
1789132646129747,28.83220863342285
1789132646138816,28.837404251098633
1789132646150756,28.84424591064453
1789132646162851,28.85117530822754
1789132646168819,28.854595184326172
1789132646180745,28.861431121826172
1789132646186846,28.864925384521484
1789132646198820,28.871784210205078
1789132646210759,28.878625869750977
1789132646222858,28.88555908203125
1789132646231759,28.89065933227539
1789132646243773,28.897541046142578
1789132646246759,28.89925193786621
1789132646258816,28.906158447265625
1789132646270756,28.913000106811523
1789132646282873,28.91994285583496
1789132646285849,28.921648025512695
1789132646294779,28.9267635345459
1789132646312844,28.93711280822754
1789132646318941,28.94060516357422
1789132646330781,28.947391510009766
1789132646342851,28.954307556152344
1789132646345738,28.955963134765625
1789132646354761,28.961132049560547
1789132646366760,28.968008041381836
1789132646378837,28.97492790222168
1789132646390756,28.98175811767578
1789132646402850,28.988685607910156
1789132646414760,28.99551010131836
1789132646426756,29.002382278442383
1789132646429745,29.00409507751465
1789132646438826,29.009296417236328
1789132646450846,29.016183853149414
1789132646462870,29.023073196411133
1789132646474758,29.02988624572754
1789132646486760,29.036762237548828
1789132646489738,29.038467407226562
1789132646498824,29.04367446899414
1789132646510755,29.050508499145508
1789132646522875,29.057453155517578
1789132646531750,29.062536239624023
1789132646534762,29.06426239013672
1789132646552834,29.074617385864258
1789132646558835,29.078054428100586
1789132646570756,29.084884643554688
1789132646582943,29.091867446899414
1789132646585743,29.09347152709961
1789132646597750,29.100351333618164
1789132646609740,29.107219696044922
1789132646618825,29.112424850463867
1789132646630756,29.119260787963867
1789132646642854,29.12619400024414
1789132646645738,29.127845764160156
1789132646654770,29.13302230834961
1789132646666758,29.139890670776367
1789132646678818,29.146800994873047
1789132646690773,29.153650283813477
1789132646702869,29.160581588745117
1789132646705741,29.162227630615234
1789132646714825,29.16743278503418
1789132646726762,29.174266815185547
1789132646738830,29.181180953979492
1789132646753779,29.189706802368164
1789132646763302,30.29527473449707
1789132646774768,29.301271438598633
1789132646777750,26.005176544189453
1789132646786762,30.369483947753906
1789132646798825,32.41878890991211
1789132646810764,30.913724899291992
1789132646822896,30.888227462768555
1789132646825745,25.8878116607666
1789132646840761,29.346580505371094
1789132646852842,29.355810165405273
1789132646858827,29.360382080078125
1789132646870762,29.3695011138916
1789132646882860,29.378742218017578
1789132646885747,29.380949020385742
1789132646894766,29.38783836364746
1789132646906764,29.397003173828125
1789132646918831,29.406221389770508
1789132646930761,29.415332794189453
1789132646942860,29.424577713012695
1789132646945816,29.426836013793945
1789132646954781,29.433683395385742
1789132646966764,29.442838668823242
1789132646978924,29.45212745666504
1789132646990764,29.46117401123047
1789132647002857,29.470413208007812
1789132647005754,29.472625732421875
1789132647017746,29.481786727905273
1789132647026774,29.488683700561523
1789132647038837,29.497900009155273
1789132647050763,29.50701141357422
1789132647062853,29.516246795654297
1789132647065775,29.518478393554688
1789132647074769,29.52535057067871
1789132647086781,29.534526824951172
1789132647098831,29.543731689453125
1789132647110851,29.552913665771484
1789132647122864,29.562091827392578
1789132647125748,29.564294815063477
1789132647134781,29.571210861206055
1789132647146766,29.58035659790039
1789132647158827,29.589567184448242
1789132647170763,29.59868812561035
1789132647182855,29.607921600341797
1789132647191812,29.61476707458496
1789132647203779,29.623905181884766
1789132647206764,29.626148223876953
1789132647218848,29.6353816986084
1789132647230773,29.644529342651367
1789132647243016,29.653884887695312
1789132647245748,29.655973434448242
1789132647254797,29.662885665893555
1789132647266774,29.672035217285156
1789132647281757,32.98600769042969
1789132647290767,28.53271484375
1789132647302855,29.5994930267334
1789132647305746,29.601150512695312
1789132647314766,29.606319427490234
1789132647326764,29.61319351196289
1789132647338840,29.6201114654541
1789132647350780,29.626953125
1789132647362857,29.633872985839844
1789132647365745,29.635528564453125
1789132647374862,29.640750885009766
1789132647386764,29.64756965637207
1789132647398826,29.654481887817383
1789132647410772,29.661325454711914
1789132647422875,29.66826057434082
1789132647434777,29.675079345703125
1789132647437746,29.67677879333496
1789132647446782,29.681957244873047
1789132647458822,29.68885612487793
1789132647470763,29.695697784423828
1789132647482874,29.70263671875
1789132647494766,29.70945167541504
1789132647506848,29.716373443603516
1789132647509798,29.718063354492188
1789132647521755,29.72491455078125
1789132647533772,29.731800079345703
1789132647542869,29.737010955810547
1789132647554769,29.74382972717285
1789132647563769,29.748985290527344
1789132647566764,29.750701904296875
1789132647578845,29.75762367248535
1789132647590772,29.764455795288086
1789132647602855,29.771379470825195
1789132647614787,29.778217315673828
1789132647617746,29.7799129486084
1789132647629744,29.786787033081055
1789132647638900,29.79203224182129
1789132647650763,29.798828125
1789132647662856,29.805755615234375
1789132647665756,29.807418823242188
1789132647674854,29.812631607055664
1789132647686776,29.819461822509766
1789132647698889,29.82640266418457
1789132647710765,29.833206176757812
1789132647722860,29.840137481689453
1789132647725761,29.841798782348633
1789132647737831,29.848711013793945
1789132647749762,29.855548858642578
1789132647758832,29.860746383666992
1789132647770841,29.86762809753418
1789132647782888,29.87453269958496
1789132647794781,29.881345748901367
1789132647806772,29.88821792602539
1789132647809753,29.889925003051758
1789132647818845,29.89513397216797
1789132647830782,29.901973724365234
1789132647842869,29.908899307250977
1789132647854788,29.915729522705078
1789132647866772,29.922595977783203
1789132647869821,29.92434310913086
1789132647878849,29.929515838623047
1789132647890779,29.936349868774414
1789132647902974,29.06246566772461
1789132647908827,26.653488159179688
1789132647917762,29.851709365844727
1789132647926769,29.85515022277832
1789132647941750,29.86087417602539
1789132647950768,29.86431884765625
1789132647962859,29.868938446044922
1789132647965751,29.87004280090332
1789132647974900,29.873537063598633
1789132647986770,29.878070831298828
1789132647998833,29.88267707824707
1789132648010789,29.887245178222656
1789132648022915,29.891876220703125
1789132648025751,29.892959594726562
1789132648034841,29.89643096923828
1789132648046768,29.90098762512207
1789132648061775,29.906721115112305
1789132648073783,29.91130828857422
1789132648082901,29.914791107177734
1789132648091752,29.91817283630371
1789132648094771,29.919326782226562
1789132648112846,29.926231384277344
1789132648118836,29.92852020263672
1789132648130768,29.933074951171875
1789132648142900,29.93770980834961
1789132648148838,29.93997573852539
1789132648160759,29.944530487060547
1789132648166843,29.946853637695312
1789132648178843,29.951438903808594
1789132648190771,29.955995559692383
1789132648202864,29.960615158081055
1789132648205752,29.961719512939453
1789132648214772,29.965164184570312
1789132648226781,29.969751358032227
1789132648238840,29.97435760498047
1789132648250769,29.978912353515625
1789132648262862,29.983531951904297
1789132648265841,29.984670639038086
1789132648274790,29.988088607788086
1789132648292865,29.994991302490234
1789132648298913,29.997303009033203
1789132648310773,30.001832962036133
1789132648322871,30.006454467773438
1789132648325751,30.00755500793457
1789132648343776,30.01443862915039
1789132648346769,30.015583038330078
1789132648358831,30.020187377929688
1789132648370777,30.024749755859375
1789132648382882,26.869670867919922
1789132648391761,29.934980392456055
1789132648400799,29.93670654296875
1789132648406788,29.937850952148438
1789132648418836,29.94015121459961
1789132648430855,29.942447662353516
1789132648442866,29.94474220275879
1789132648445752,29.945293426513672
1789132648455011,29.94706153869629
1789132648469751,29.949878692626953
1789132648478832,29.95161247253418
1789132648490768,29.953893661499023
1789132648502895,29.956209182739258
1789132648505795,29.956762313842773
1789132648514772,29.958477020263672
1789132648526769,29.96076774597168
1789132648538830,29.963069915771484
1789132648550768,29.965351104736328
1789132648562977,29.967683792114258
1789132648565755,29.96821403503418
1789132648574775,29.969938278198242
1789132648586779,29.972230911254883
1789132648598841,29.974533081054688
1789132648610771,29.9768123626709
1789132648622883,29.979124069213867
1789132648634782,29.98139762878418
1789132648637763,29.981966018676758
1789132648646770,29.983688354492188
1789132648658831,29.985990524291992
1789132648670769,29.988269805908203
1789132648682860,29.99057960510254
1789132648688821,29.991718292236328
1789132648700764,29.993999481201172
1789132648706770,29.995166778564453
1789132648718835,29.997451782226562
1789132648730772,29.999732971191406
1789132648742876,30.002042770385742
1789132648745757,30.002593994140625
1789132648763833,30.00605010986328
1789132648766784,26.6745662689209
1789132648778844,26.808792114257812
1789132648790775,29.91227149963379
1789132648802872,29.91227149963379
1789132648805756,29.91227149963379
1789132648814776,29.91227149963379
1789132648826860,29.91227149963379
1789132648838847,29.91227149963379
1789132648853824,29.91227149963379
1789132648862929,29.91227149963379
1789132648865780,29.91227149963379
1789132648874779,29.91227149963379
1789132648886774,29.91227149963379
1789132648898845,29.91227149963379
1789132648910775,29.91227149963379
1789132648922873,29.91227149963379
1789132648925842,29.91227149963379
1789132648934788,29.91227149963379
1789132648952856,29.91227149963379
1789132648958924,29.91227149963379
1789132648970791,29.91227149963379
1789132648982868,29.91227149963379
1789132648985758,29.91227149963379
1789132648994779,29.91227149963379
1789132649006775,29.91227149963379
1789132649018853,29.912309646606445
1789132649030784,29.912290573120117
1789132649042881,29.912235260009766
1789132649054792,29.91227149963379
1789132649066775,29.91227149963379
1789132649069755,29.91227149963379
1789132649078837,29.91227149963379
1789132649090860,29.91227149963379
1789132649102881,29.91227149963379
1789132649105767,29.91227149963379
1789132649114782,29.91227149963379
1789132649126777,29.91227149963379
1789132649138836,29.91227149963379
1789132649150775,29.91227149963379
1789132649162866,29.91227149963379
1789132649165756,29.91227149963379
1789132649174866,29.91227149963379
1789132649186887,29.91227149963379
1789132649198947,29.91227149963379
1789132649213881,29.91227149963379
1789132649223060,29.91227149963379
1789132649225848,29.91227149963379
1789132649234865,29.91227149963379
1789132649246898,29.91227149963379
1789132649261853,29.91227149963379
1789132649270866,29.91227149963379
1789132649282988,29.91227149963379
1789132649285849,29.91227149963379
1789132649294866,29.91227149963379
1789132649306862,29.91227149963379
1789132649318942,29.91227149963379
1789132649330860,29.91227149963379
1789132649343012,29.91227149963379
1789132649348927,29.91227149963379
1789132649360862,31.547096252441406
1789132649366872,28.22556495666504
1789132649378929,26.706396102905273
1789132649390880,28.22857093811035
1789132649402973,28.216045379638672
1789132649405874,33.19879913330078
1789132649414870,28.74835968017578
1789132649426869,29.807571411132812
1789132649438930,29.80518913269043
1789132649450860,29.802946090698242
1789132649462976,29.800670623779297
1789132649465844,29.800121307373047
1789132649474863,29.798398971557617
1789132649486943,29.796091079711914
1789132649498930,29.79380226135254
1789132649510883,29.79151725769043
1789132649523120,29.789220809936523
1789132649525854,29.788576126098633
1789132649534909,29.786956787109375
1789132649549758,29.78401756286621
1789132649558837,29.78238868713379
1789132649570776,29.780122756958008
1789132649582879,29.777809143066406
1789132649585837,29.777128219604492
1789132649600790,29.774311065673828
1789132649612860,29.772043228149414
1789132649618927,29.770963668823242
1789132649630777,29.768699645996094
1789132649642870,29.76631736755371
1789132649645759,29.765766143798828
1789132649654840,29.76403045654297
1789132649666794,29.761747360229492
1789132649678844,29.759292602539062
1789132649690787,29.757179260253906
1789132649702868,29.75485610961914
1789132649714780,29.752580642700195
1789132649726776,29.750289916992188
1789132649729757,29.74972152709961
1789132649738844,29.74798583984375
1789132649750853,29.74569320678711
1789132649762889,29.74337387084961
1789132649765785,29.742839813232422
1789132649774788,29.741147994995117
1789132649786787,29.73883056640625
1789132649798862,29.736597061157227
1789132649810785,29.734285354614258
1789132649822887,29.73197364807129
1789132649825767,29.73130226135254
1789132649834801,29.729684829711914
1789132649846785,29.727371215820312
1789132649858873,29.725061416625977
1789132649870782,29.722787857055664
1789132649883014,29.72045135498047
1789132649885780,29.71992301940918
1789132649894807,29.71820068359375
1789132649909768,29.715343475341797
1789132649918853,29.713607788085938
1789132649930802,29.711326599121094
1789132649942884,29.709020614624023
1789132649945774,29.70846939086914
1789132649954802,29.706745147705078
1789132649966786,29.704458236694336
1789132649978853,29.7021541595459
1789132649990783,29.699874877929688
1789132650002877,29.69756317138672
1789132650008854,29.696420669555664
1789132650020781,29.694141387939453
1789132650026784,29.692995071411133
1789132650038850,29.690690994262695
1789132650050788,29.68840980529785
1789132650062898,29.68609619140625
1789132650065767,29.685546875
1789132650074786,29.68382453918457
1789132650086793,29.68153190612793
1789132650098854,29.679227828979492
1789132650110796,29.67694854736328
1789132650122877,29.674638748168945
1789132650125766,29.674089431762695
1789132650134789,29.672365188598633
1789132650152857,29.668912887573242
1789132650158845,29.667770385742188
1789132650173800,29.664913177490234
1789132650183003,29.663156509399414
1789132650185768,29.662628173828125
1789132650194803,29.66090202331543
1789132650206783,29.658613204956055
1789132650218848,29.656309127807617
1789132650230784,29.654029846191406
1789132650242902,29.651718139648438
1789132650251774,29.6500244140625
1789132650260798,29.648300170898438
1789132650272866,29.64599609375
1789132650281770,29.64429473876953
1789132650290783,29.642574310302734
1789132650302897,29.640260696411133
1789132650305767,29.639711380004883
1789132650314788,29.637989044189453
1789132650326814,28.74384880065918
1789132650338850,26.429555892944336
1789132650353788,29.529306411743164
1789132650362895,29.525827407836914
1789132650365767,29.524730682373047
1789132650374788,29.521286010742188
1789132650386804,29.51669692993164
1789132650398850,29.512094497680664
1789132650410878,29.50749969482422
1789132650422901,29.50290870666504
1789132650425786,29.501806259155273
1789132650434789,29.498369216918945
1789132650446788,29.493785858154297
1789132650458862,29.489171981811523
1789132650470784,29.484619140625
1789132650482888,29.479995727539062
1789132650491803,29.47658920288086
1789132650503790,29.47201156616211
1789132650506793,29.470863342285156
1789132650518851,29.466257095336914
1789132650530784,29.461698532104492
1789132650542984,29.457040786743164
1789132650545770,29.455978393554688
1789132650554785,29.45253562927246
1789132650566794,29.447948455810547
1789132650581775,29.44222640991211
1789132650590787,29.438783645629883
1789132650602876,29.434165954589844
1789132650605792,29.433053970336914
1789132650614799,29.42961311340332
1789132650626802,29.42502784729004
1789132650638854,29.420425415039062
1789132650650783,29.415828704833984
1789132650662878,29.4112491607666
1789132650665775,29.41014289855957
1789132650674853,29.406675338745117
1789132650686785,29.402116775512695
1789132650698852,29.397506713867188
1789132650710787,29.392948150634766
1789132650722884,29.38832664489746
1789132650725807,29.387210845947266
1789132650734798,29.383777618408203
1789132650746801,30.273021697998047
1789132650758870,32.559349060058594
1789132650770810,31.053178787231445
1789132650782883,31.032331466674805
1789132650785776,29.46554946899414
1789132650800789,29.462682723999023
1789132650812873,29.460376739501953
1789132650818856,29.4592342376709
1789132650830791,29.456954956054688
1789132650842896,29.45464324951172
1789132650845774,29.4540958404541
1789132650863798,29.450653076171875
1789132650866791,29.45008087158203
1789132650878852,29.447778701782227
1789132650890813,29.44549560546875
1789132650902886,29.443191528320312
1789132650911774,29.44149398803711
1789132650914797,29.440914154052734
1789132650926791,29.43862533569336
1789132650938924,29.436309814453125
1789132650950790,29.434043884277344
1789132650962896,29.431730270385742
1789132650975333,29.42935562133789
1789132650986804,29.427143096923828
1789132650998851,29.424861907958984
1789132651001788,29.424301147460938
1789132651010792,29.422582626342773
1789132651023028,29.420246124267578
1789132651025774,29.419723510742188
1789132651034794,29.417999267578125
1789132651052883,29.4145450592041
1789132651058852,29.41340446472168
1789132651070865,29.411149978637695
1789132651082927,29.408845901489258
1789132651085775,29.40818214416504
1789132651094794,29.406566619873047
1789132651106795,29.40424919128418
1789132651118856,29.401945114135742
1789132651130803,27.71544075012207
1789132651142891,29.298402786254883
1789132651154821,29.29384422302246
1789132651157774,29.2927188873291
1789132651169845,29.288105010986328
1789132651178864,29.28466033935547
1789132651190792,29.280105590820312
1789132651202951,29.275461196899414
1789132651208858,29.273204803466797
1789132651214808,29.270931243896484
1789132651226792,29.266353607177734
1789132651238862,29.261743545532227
1789132651250791,29.257184982299805
1789132651262882,29.252567291259766
1789132651265774,29.251462936401367
1789132651274792,29.248018264770508
1789132651292883,29.241107940673828
1789132651298866,29.238821029663086
1789132651310809,30.925634384155273
1789132651322885,30.890859603881836
1789132651325773,25.924314498901367
1789132651334863,30.375137329101562
1789132651346790,29.32233238220215
1789132651358860,29.32002830505371
1789132651373808,29.31717300415039
1789132651382908,29.3154354095459
1789132651394799,29.31316566467285
1789132651406793,29.310874938964844
1789132651409778,29.310306549072266
1789132651418875,29.308568954467773
1789132651430791,29.306293487548828
1789132651442886,29.303983688354492
1789132651445774,29.30343246459961
1789132651454806,29.301706314086914
1789132651466871,29.299402236938477
1789132651478858,29.297115325927734
1789132651490791,29.294836044311523
1789132651502902,29.292522430419922
1789132651505780,29.291973114013672
1789132651514792,29.290252685546875
1789132651526792,29.287960052490234
1789132651538853,29.285655975341797
1789132651550790,29.283376693725586
1789132651562882,29.281064987182617
1789132651574805,29.278789520263672
1789132651577776,29.278223037719727
1789132651589773,29.275930404663086
1789132651598919,29.27418327331543
1789132651610793,29.271915435791016
1789132651622885,29.269607543945312
1789132651625774,29.26905632019043
1789132651634816,29.267330169677734
1789132651646791,29.26504135131836
1789132651658853,29.262737274169922
1789132651670790,29.260456085205078
1789132651682892,29.258146286010742
1789132651685776,29.25759506225586
1789132651694794,29.255874633789062
1789132651706791,29.253583908081055
1789132651718855,29.251279830932617
1789132651730861,29.248985290527344
1789132651742941,29.24667739868164
1789132651745782,29.246135711669922
1789132651757801,29.243915557861328
1789132651769789,29.241628646850586
1789132651778874,29.239816665649414
1789132651790812,29.237537384033203
1789132651802904,29.235227584838867
1789132651811791,29.233531951904297
1789132651823806,29.231237411499023
1789132651826818,29.230661392211914
1789132651838868,29.22835922241211
1789132651850798,29.226083755493164
1789132651862996,29.223752975463867
1789132651865804,29.223217010498047
1789132651874804,29.22149658203125
1789132651889790,29.21863555908203
1789132651901804,29.216341018676758
1789132651910838,29.214614868164062
1789132651922895,29.212312698364258
1789132651925782,29.211761474609375
1789132651934804,29.210039138793945
1789132651946800,29.207748413085938
1789132651961925,29.20486068725586
1789132651970800,29.203166961669922
1789132651982893,29.20085906982422
1789132651988851,29.19972038269043
1789132652000788,29.19744110107422
1789132652006799,29.1962947845459
1789132652018866,29.19399070739746
1789132652030821,29.19170570373535
1789132652042909,29.18939781188965
1789132652045782,29.1888484954834
1789132652054832,29.18712043762207
1789132652066808,29.184833526611328
1789132652078876,29.18252944946289
1789132652090801,29.18025016784668
1789132652102895,29.17793846130371
1789132652114805,29.1756649017334
1789132652126867,29.17336082458496
1789132652129803,29.172800064086914
1789132652138860,29.171070098876953
1789132652150798,29.168790817260742
1789132652163017,29.166418075561523
1789132652174901,29.1641845703125
1789132652186803,30.062036514282227
1789132652198861,29.25968360900879
1789132652201781,29.25968360900879
1789132652210799,29.25968360900879
1789132652222907,29.25968360900879
1789132652225850,29.25968360900879
1789132652240788,29.25968360900879
1789132652246799,29.259662628173828
1789132652258928,29.2596435546875
1789132652270798,29.259662628173828
1789132652282891,29.259662628173828
1789132652285792,29.259721755981445
1789132652294860,29.259666442871094
1789132652306799,29.259679794311523
1789132652318864,29.259679794311523
1789132652330799,29.259679794311523
1789132652342901,29.259679794311523
1789132652345782,29.259679794311523
1789132652363816,29.259679794311523
1789132652372925,29.259662628173828
1789132652378869,29.259679794311523
1789132652390875,29.259679794311523
1789132652402899,29.259679794311523
1789132652414818,29.259679794311523
1789132652426822,29.259679794311523
1789132652429781,29.259679794311523
1789132652438876,29.259679794311523
1789132652450803,29.259679794311523
1789132652462889,29.259679794311523
1789132652465781,29.259679794311523
1789132652474801,29.259679794311523
1789132652486799,29.259679794311523
1789132652498884,29.259679794311523
1789132652513807,29.259679794311523
1789132652522960,29.259679794311523
1789132652525811,29.259679794311523
1789132652537785,29.259679794311523
1789132652546799,29.259679794311523
1789132652558880,29.259679794311523
1789132652570807,29.259679794311523
1789132652582888,29.259679794311523
1789132652585783,29.259679794311523
1789132652594801,29.259679794311523
1789132652606814,29.259679794311523
1789132652618866,29.259679794311523
1789132652630797,29.259679794311523
1789132652642892,29.259679794311523
1789132652645780,29.259679794311523
1789132652654882,29.259679794311523
1789132652666798,29.259679794311523
1789132652681791,29.259679794311523
1789132652693807,29.259679794311523
1789132652702923,29.259679794311523
1789132652711781,29.259679794311523
1789132652714800,29.259679794311523
1789132652726798,29.259679794311523
1789132652738890,29.259679794311523
1789132652750797,29.259679794311523
1789132652762911,29.259679794311523
1789132652768870,29.259679794311523
1789132652780818,29.259662628173828
1789132652786895,29.259700775146484
1789132652798871,29.259719848632812
1789132652810816,29.259700775146484
1789132652822928,29.25968360900879
1789132652825791,29.25968360900879
1789132652834825,29.25968360900879
1789132652846822,29.25968360900879
1789132652858870,29.259641647338867
1789132652870809,29.259679794311523
1789132652882917,29.259679794311523
1789132652885863,29.259679794311523
1789132652894816,29.259679794311523
1789132652912901,29.259679794311523
1789132652918949,29.259679794311523
1789132652930810,29.259700775146484
1789132652942923,29.259695053100586
1789132652945792,29.25968360900879
1789132652954832,29.25968360900879
1789132652966810,29.25968360900879
1789132652978881,29.25968360900879
1789132652990822,29.25968360900879
1789132653002917,29.25968360900879
1789132653005814,29.25968360900879
1789132653020822,29.25968360900879
1789132653026809,29.25968360900879
1789132653038881,29.25968360900879
1789132653050878,29.25968360900879
1789132653062908,29.259662628173828
1789132653065794,29.259679794311523
1789132653074816,29.259679794311523
1789132653086830,29.259679794311523
1789132653098879,29.259679794311523
1789132653110810,29.259679794311523
1789132653122905,29.259679794311523
1789132653125789,29.259679794311523
1789132653134840,29.259679794311523
1789132653146809,29.259679794311523
1789132653158870,29.259679794311523
1789132653170827,29.259679794311523
1789132653182969,29.259679794311523
1789132653185814,29.259679794311523
1789132653194814,29.259679794311523
1789132653206810,29.259679794311523
1789132653221800,29.259639739990234
1789132653230822,29.259695053100586
1789132653242912,30.147323608398438
1789132653254848,29.359760284423828
1789132653257803,29.36032485961914
1789132653269792,29.362613677978516
1789132653278929,29.364356994628906
1789132653290810,29.36662483215332
1789132653302901,29.368934631347656
1789132653305791,29.36948585510254
1789132653314929,29.371231079101562
1789132653326810,29.37350082397461
1789132653338871,29.375804901123047
1789132653350832,29.378087997436523
1789132653362908,29.380395889282227
1789132653368866,29.381532669067383
1789132653374822,29.382671356201172
1789132653386824,29.384963989257812
1789132653398871,29.387264251708984
1789132653410811,29.389543533325195
1789132653422901,29.3918514251709
1789132653425791,29.39240264892578
1789132653434815,29.394126892089844
1789132653452900,29.397579193115234
1789132653461794,29.39927864074707
1789132653470811,29.400999069213867
1789132653482925,29.40331268310547
1789132653485804,29.40386390686035
1789132653494811,29.40558433532715
1789132653506831,29.407878875732422
1789132653518877,29.410181045532227
1789132653530808,29.412460327148438
1789132653542911,29.414772033691406
1789132653545860,29.415332794189453
1789132653554811,29.417043685913086
1789132653569791,29.419902801513672
1789132653578953,29.421653747558594
1789132653590809,29.423917770385742
1789132653602918,29.42622947692871
1789132653605802,29.426780700683594
1789132653614815,29.428503036499023
1789132653626809,29.4307918548584
1789132653638878,29.4330997467041
1789132653650818,29.435380935668945
1789132653662940,29.43769645690918
1789132653671802,29.439388275146484
1789132653683849,29.441686630249023
1789132653686810,29.442251205444336
1789132653698896,29.444557189941406
1789132653710880,29.44684600830078
1789132653722906,29.449142456054688
1789132653725790,29.44969367980957
1789132653734830,29.451419830322266
1789132653746814,29.45370864868164
1789132653758892,29.45601463317871
1789132653770820,29.458293914794922
1789132653782919,29.460603713989258
1789132653785815,29.461156845092773
1789132653794836,29.462881088256836
1789132653806817,29.46516990661621
1789132653821809,29.46803092956543
1789132653830834,29.469755172729492
1789132653843028,29.472084045410156
1789132653845802,29.472614288330078
1789132653854831,29.474336624145508
1789132653866816,29.476625442504883
1789132653878883,29.47892951965332
1789132653890816,29.48120880126953
1789132653902923,29.483522415161133
1789132653905809,29.484073638916016
1789132653914828,29.485795974731445
1789132653926815,29.488086700439453
1789132653938878,29.49039077758789
1789132653950814,29.4926700592041
1789132653962932,29.494983673095703
1789132653971797,29.496673583984375
1789132653974886,29.497264862060547
1789132653989808,29.50011444091797
1789132654001809,29.50240707397461
1789132654013828,29.504741668701172
1789132654022911,29.506423950195312
1789132654025803,29.507028579711914
1789132654034820,29.508697509765625
1789132654046833,29.51100730895996
1789132654058877,29.5133056640625
1789132654070816,29.515605926513672
1789132654082910,29.517913818359375
1789132654088870,29.519071578979492
1789132654094835,29.520172119140625
1789132654106885,29.52247428894043
1789132654118884,29.524765014648438
1789132654130816,29.52704429626465
1789132654142934,29.529356002807617
1789132654145811,29.529905319213867
1789132654163829,29.53334617614746
1789132654172999,29.535097122192383
1789132654178886,29.53622055053711
1789132654190834,29.53850555419922
1789132654202908,29.54081153869629
1789132654205867,29.5413761138916
1789132654214819,29.5430850982666
1789132654226833,29.545379638671875
1789132654238952,29.547693252563477
1789132654250817,29.549959182739258
1789132654262906,29.55226707458496
1789132654265797,29.552820205688477
1789132654274826,29.55454444885254
1789132654286816,29.556835174560547
1789132654298887,29.559141159057617
1789132654310819,29.561420440673828
1789132654322919,29.56373405456543
1789132654328874,29.564870834350586
1789132654334823,29.566007614135742
1789132654346816,29.56829833984375
1789132654358897,29.57060432434082
1789132654373826,29.573457717895508
1789132654382974,29.57520294189453
1789132654385810,29.57574462890625
1789132654395042,29.57750701904297
1789132654409801,29.580326080322266
1789132654418882,29.582061767578125
1789132654430814,29.584339141845703
1789132654443015,29.586669921875
1789132654445799,29.587202072143555
1789132654454855,29.588932037353516
1789132654466817,29.591215133666992
1789132654478882,29.59351921081543
1789132654490833,29.595802307128906
1789132654503001,29.598127365112305
1789132654505809,29.598665237426758
1789132654514819,29.600385665893555
1789132654526819,29.602678298950195
1789132654538881,29.604982376098633
1789132654550815,29.607261657714844
1789132654562949,29.60957908630371
1789132654574831,29.611848831176758
1789132654577808,29.61241912841797
1789132654586817,28.456953048706055
1789132654598880,26.418224334716797
1789132654610818,27.927431106567383
1789132654622953,27.968442916870117
1789132654625800,32.97111511230469
1789132654640812,29.52146339416504
1789132654649809,29.52146339416504
1789132654661800,29.52146339416504
1789132654670820,29.52146339416504
1789132654682906,29.52146339416504
1789132654685802,29.52146339416504
1789132654694819,29.52146339416504
1789132654712902,29.52146339416504
1789132654718890,29.52146339416504
1789132654730816,29.52146339416504
1789132654742972,29.52146339416504
1789132654745798,29.52146339416504
1789132654754840,29.52146339416504
1789132654766891,29.52146339416504
1789132654778906,29.52146339416504
1789132654793840,29.52146339416504
1789132654803013,29.52147674560547
1789132654805813,29.52142333984375
1789132654814828,29.52146339416504
1789132654826825,29.52146339416504
1789132654838893,29.521427154541016
1789132654850840,29.52144432067871
1789132654862919,29.52144432067871
1789132654868931,29.521425247192383
1789132654880821,29.52146339416504
1789132654892912,29.52146339416504
1789132654898966,29.52146339416504
1789132654910824,29.52146339416504
1789132654922919,29.52146339416504
1789132654925806,29.52146339416504
1789132654934920,29.52146339416504
1789132654946835,29.52146339416504
1789132654958921,29.52146339416504
1789132654970824,29.52146339416504
1789132654982916,29.52146339416504
1789132654985824,29.52146339416504
1789132654994830,29.52146339416504
1789132655009808,29.52146339416504
1789132655018911,29.52146339416504
1789132655030900,29.52146339416504
1789132655042981,29.52146339416504
1789132655045808,29.52146339416504
1789132655054842,29.52146339416504
1789132655066826,29.52146339416504
1789132655078883,29.52146339416504
1789132655090835,29.52146339416504
1789132655102960,29.52146339416504
1789132655111826,29.52146339416504
1789132655114827,29.52146339416504
1789132655126824,29.52146339416504
1789132655138888,29.52146339416504
1789132655150843,29.52146339416504
1789132655163018,29.52146339416504
1789132655165810,29.52146339416504
1789132655175124,29.52146339416504
1789132655189808,29.521425247192383
1789132655198888,29.52146339416504
1789132655210824,29.52146339416504
1789132655222917,29.52146339416504
1789132655225804,29.52146339416504
1789132655234828,29.52146339416504
1789132655246823,29.52146339416504
1789132655258887,29.52146339416504
1789132655270822,29.52146339416504
1789132655282934,29.52146339416504
1789132655285806,29.52146339416504
1789132655294897,29.52146339416504
1789132655309811,29.52146339416504
1789132655318888,29.52146339416504
1789132655330826,29.52146339416504
1789132655342982,29.52146339416504
1789132655354847,29.52146339416504
1789132655357805,29.52146339416504
1789132655366823,29.52146339416504
1789132655378917,29.52146339416504
1789132655390823,29.52146339416504
1789132655402918,29.52146339416504
1789132655414846,29.52146339416504
1789132655417803,29.52146339416504
1789132655429808,29.52146339416504
1789132655438899,29.52146339416504
1789132655450823,29.52146339416504
1789132655462921,29.52146339416504
1789132655465831,29.52146339416504
1789132655483841,29.52146339416504
1789132655486827,29.52146339416504
1789132655498890,29.52146339416504
1789132655510823,29.52146339416504
1789132655522937,29.52146339416504
1789132655525877,29.52146339416504
1789132655534865,29.52146339416504
1789132655552913,29.52146339416504
1789132655558960,29.52146339416504
1789132655570823,29.52146339416504
1789132655582931,29.52146339416504
1789132655594835,29.52146339416504
1789132655597805,29.52146339416504
1789132655609807,29.52146339416504
1789132655618915,29.52146339416504
1789132655630832,29.52146339416504
1789132655642984,29.52146339416504
1789132655651807,29.52146339416504
1789132655654888,29.52146339416504
1789132655666841,29.52146339416504
1789132655678901,29.52146339416504
1789132655690890,29.52146339416504
1789132655702921,29.52146339416504
1789132655705816,29.52146339416504
1789132655717816,29.52146339416504
1789132655729821,29.52146339416504
1789132655738884,29.52146339416504
1789132655750821,29.52146339416504
1789132655762933,29.52146339416504
1789132655765831,29.52146339416504
1789132655780820,29.52146339416504
1789132655793038,29.52146339416504
1789132655798913,29.52146339416504
1789132655813845,29.52146339416504
1789132655823020,29.52146339416504
1789132655825818,29.52146339416504
1789132655834837,29.52146339416504
1789132655846832,29.52146339416504
1789132655858894,29.52146339416504
1789132655870843,29.52146339416504
1789132655882939,29.52146339416504
1789132655894844,29.52146339416504
1789132655897832,29.52146339416504
1789132655906832,29.52146339416504
1789132655918896,29.52146339416504
1789132655930913,29.52146339416504
1789132655942976,29.52146339416504
1789132655948903,29.52146339416504
1789132655960826,29.52146339416504
1789132655969831,29.52146339416504
1789132655981820,29.52146339416504
1789132655990845,29.52146339416504
1789132656002930,29.52146339416504
1789132656014855,29.52146339416504
1789132656026831,29.52146339416504
1789132656029831,29.52146339416504
1789132656038901,29.52146339416504
1789132656050831,29.52146339416504
1789132656062942,29.52146339416504
1789132656074833,29.52146339416504
1789132656086899,29.52146339416504
1789132656089816,29.52146339416504
1789132656098902,29.52146339416504
1789132656110831,29.52146339416504
1789132656122931,29.52146339416504
1789132656125814,29.52146339416504
1789132656134986,29.52146339416504
1789132656146844,29.52146339416504
1789132656158907,29.52146339416504
1789132656170830,29.52146339416504
1789132656182947,29.52146339416504
1789132656194872,29.52146339416504
1789132656206841,29.52146339416504
1789132656209816,29.52146339416504
1789132656218972,29.52146339416504
1789132656230832,29.52146339416504
1789132656243025,29.52146339416504
1789132656245812,29.52146339416504
1789132656254849,29.52146339416504
1789132656266831,29.52146339416504
1789132656278891,29.52146339416504
1789132656290843,29.52146339416504
1789132656302939,29.521501541137695
1789132656311833,29.521465301513672
1789132656314834,29.521465301513672
1789132656326851,29.521465301513672
1789132656338893,29.521465301513672
1789132656353844,29.521465301513672
1789132656362943,29.521465301513672
1789132656374845,29.521453857421875
1789132656377828,29.521501541137695
1789132656386834,29.52145004272461
1789132656398895,29.521427154541016
1789132656410832,29.521425247192383
1789132656422931,29.52146339416504
1789132656425851,29.52146339416504
1789132656434835,29.52146339416504
1789132656446843,29.52146339416504
1789132656458912,29.521501541137695
1789132656470832,29.52146339416504
1789132656482994,29.52146339416504
1789132656485819,29.52146339416504
1789132656494837,29.52146339416504
1789132656506838,29.52146339416504
1789132656518901,29.52146339416504
1789132656530830,29.52146339416504
1789132656542987,29.52146339416504
1789132656554844,29.52146339416504
1789132656557814,29.52146339416504
1789132656566833,29.52146339416504
1789132656578908,29.52146339416504
1789132656590837,29.52146339416504
1789132656602941,29.52146339416504
1789132656605826,29.52146339416504
1789132656614901,29.52146339416504
1789132656626832,29.52146339416504
1789132656638900,29.52146339416504
1789132656653875,29.52146339416504
1789132656662959,29.52146339416504
1789132656674858,29.52146339416504
1789132656677843,29.52146339416504
1789132656689812,29.52146339416504
1789132656698899,29.52146339416504
1789132656710834,29.52146339416504
1789132656722925,29.52146339416504
1789132656725813,29.52146339416504
1789132656740829,29.52146339416504
1789132656752909,29.52144432067871
1789132656758892,29.521484375
1789132656770841,29.521484375
1789132656782951,29.521465301513672
1789132656794845,29.521465301513672
1789132656806852,29.521453857421875
1789132656809825,29.521501541137695
1789132656818932,29.521451950073242
1789132656830839,29.521425247192383
1789132656842974,29.52146339416504
1789132656845888,29.52146339416504
1789132656857826,29.52146339416504
1789132656866856,29.52146339416504
1789132656878968,29.52146339416504
1789132656890838,29.52146339416504
1789132656902937,29.52146339416504
1789132656905831,29.52146339416504
1789132656914850,29.52147674560547
1789132656926838,29.521465301513672
1789132656938902,29.521501541137695
1789132656950838,29.521484375
1789132656962932,29.521501541137695
1789132656971831,29.521465301513672
1789132656983887,29.521465301513672
1789132656992936,29.521465301513672
1789132656998916,29.52144432067871
1789132657010932,29.52144432067871
1789132657022960,29.52146339416504
1789132657034983,29.52146339416504
1789132657046843,29.52146339416504
1789132657049822,29.52146339416504
1789132657058899,29.52146339416504
1789132657070839,29.52146339416504
1789132657082945,29.52146339416504
1789132657091983,29.52146339416504
1789132657103859,29.52145004272461
1789132657106840,29.521501541137695
1789132657118903,29.521501541137695
1789132657130857,29.521484375
1789132657143081,29.521482467651367
1789132657145825,29.52142333984375
1789132657157826,29.521425247192383
1789132657169823,29.52146339416504
1789132657178911,29.52146339416504
1789132657190838,29.52146339416504
1789132657202949,29.52146339416504
1789132657205819,29.52146339416504
1789132657214842,29.52146339416504
1789132657226840,29.52146339416504
1789132657238910,29.52146339416504
1789132657250838,29.52146339416504
1789132657262950,29.52146339416504
1789132657274912,29.52146339416504
1789132657286839,29.52146339416504
1789132657289828,29.52146339416504
1789132657298910,29.52146339416504
1789132657313851,29.52146339416504
1789132657322944,29.52146339416504
1789132657331822,29.52146339416504
1789132657334845,29.52146339416504
1789132657346838,29.52146339416504
1789132657358900,29.52146339416504
1789132657370842,29.52146339416504
1789132657382954,29.52146339416504
1789132657388900,29.52146339416504
1789132657400852,29.52146339416504
1789132657412941,29.52146339416504
1789132657421833,29.52146339416504
1789132657430836,29.52147674560547
1789132657442976,29.521484375
1789132657445830,29.52142333984375
1789132657463853,29.52145004272461
1789132657466844,29.521501541137695
1789132657478900,29.521465301513672
1789132657490840,29.521465301513672
1789132657502946,29.521465301513672
1789132657505897,29.521465301513672
1789132657514862,29.521465301513672
1789132657532952,29.521465301513672
1789132657538973,29.521465301513672
1789132657550839,29.521465301513672
1789132657562930,29.521465301513672
1789132657565836,29.521465301513672
1789132657575016,29.521451950073242
1789132657586852,29.52146339416504
1789132657598900,29.52146339416504
1789132657610888,29.52146339416504
1789132657622935,29.521501541137695
1789132657634849,29.521465301513672
1789132657640828,29.521465301513672
1789132657646839,29.521465301513672
1789132657658905,29.521465301513672
1789132657670961,29.521465301513672
1789132657682934,29.521465301513672
1789132657685834,29.521465301513672
1789132657695007,29.521465301513672
1789132657706842,29.521465301513672
1789132657718906,29.521465301513672
1789132657730854,29.521465301513672
1789132657742986,29.521465301513672
1789132657745842,29.521465301513672
1789132657763857,29.521465301513672
1789132657766856,29.521425247192383
1789132657778917,29.521427154541016
1789132657790848,29.52146339416504
1789132657803038,29.52146339416504
1789132657805833,29.52146339416504
1789132657814850,29.52146339416504
1789132657826847,29.52146339416504
1789132657841857,29.52146339416504
1789132657850860,29.52146339416504
1789132657862951,29.52146339416504
1789132657871896,29.52146339416504
1789132657874880,29.52146339416504
1789132657886848,29.52146339416504
1789132657898916,29.52146339416504
1789132657910867,29.52146339416504
1789132657922965,29.52146339416504
1789132657925829,29.52146339416504
1789132657934920,29.52146339416504
1789132657946847,29.52146339416504
1789132657958914,29.52146339416504
1789132657973887,29.52146339416504
1789132657982960,29.52146339416504
1789132657991829,29.52146339416504
1789132657994850,29.52146339416504
1789132658012929,29.52146339416504
1789132658018912,29.52146339416504
1789132658030847,29.52146339416504
1789132658042974,29.52146339416504
1789132658048910,29.52146339416504
1789132658060835,29.52146339416504
1789132658066920,29.52146339416504
1789132658078911,29.52146339416504
1789132658090846,29.52146339416504
1789132658102942,29.52146339416504
1789132658105848,29.52146339416504
1789132658114857,29.52146339416504
1789132658126880,29.52146339416504
1789132658138931,29.52146339416504
1789132658150847,29.52146339416504
1789132658162963,29.52146339416504
1789132658165898,29.52146339416504
1789132658174849,29.52146339416504
1789132658192923,29.52146339416504
1789132658198978,29.52146339416504
1789132658210865,29.52146339416504
1789132658222944,29.52147674560547
1789132658225831,29.521425247192383
1789132658234856,29.52147674560547
1789132658246848,29.521465301513672
1789132658258909,29.521465301513672
1789132658270865,29.521465301513672
1789132658282960,29.521465301513672
1789132658291856,29.521465301513672
1789132658303886,29.52147674560547
1789132658306848,29.521425247192383
1789132658318913,29.521427154541016
1789132658330915,29.52144432067871
1789132658342973,29.52144432067871
1789132658345840,29.52146339416504
1789132658354854,29.52146339416504
1789132658366871,29.52146339416504
1789132658378936,29.52146339416504
1789132658390860,29.52146339416504
1789132658402981,29.52146339416504
1789132658405829,29.52146339416504
1789132658414850,29.52146339416504
1789132658426847,29.52146339416504
1789132658438935,29.52146339416504
1789132658450847,29.52146339416504
1789132658463034,29.521484375
1789132658465833,29.52142333984375
1789132658474849,29.52147674560547
1789132658486852,29.521465301513672
1789132658498922,29.521501541137695
1789132658510865,29.521484375
1789132658522961,29.521484375
1789132658525838,29.521425247192383
1789132658534862,29.52147674560547
1789132658546858,29.52142333984375
1789132658558918,29.521427154541016
1789132658570845,29.52144432067871
1789132658582966,29.52144432067871
1789132658585829,29.52150535583496
1789132658594923,29.521451950073242
1789132658609860,29.52146339416504
1789132658621847,29.52146339416504
1789132658630849,29.52146339416504
1789132658642984,29.52146339416504
1789132658645830,29.52146339416504
1789132658654862,29.52146339416504
1789132658666848,29.52146339416504
1789132658678908,29.52146339416504
1789132658690848,29.52146339416504
1789132658702957,29.521501541137695
1789132658708920,29.521465301513672
1789132658714851,29.521465301513672
1789132658726915,29.521465301513672
1789132658738909,29.521465301513672
1789132658750847,29.521465301513672
1789132658762954,29.521465301513672
1789132658765844,29.521465301513672
1789132658775138,29.521465301513672
1789132658786875,29.521465301513672
1789132658798918,29.521465301513672
1789132658810874,29.521465301513672
1789132658822947,29.521465301513672
1789132658825905,29.521465301513672
1789132658840869,29.521465301513672
1789132658852943,29.521465301513672
1789132658858991,29.521465301513672
1789132658870855,29.52144432067871
1789132658882951,29.52146339416504
1789132658894865,29.52146339416504
1789132658906872,29.52146339416504
1789132658909847,29.52146339416504
1789132658918942,29.52146339416504
1789132658930873,29.52146339416504
1789132658942974,29.52146339416504
1789132658945836,29.52146339416504
1789132658954857,29.52146339416504
1789132658966854,29.52146339416504
1789132658978935,29.52146339416504
1789132658990923,29.52146339416504
1789132659002948,29.52146339416504
1789132659005864,29.52146339416504
1789132659017856,29.521425247192383
1789132659026857,29.52147674560547
1789132659038969,29.521499633789062
1789132659050853,29.521484375
1789132659062946,29.521484375
1789132659068909,29.521501541137695
1789132659074856,29.521465301513672
1789132659086863,29.521465301513672
1789132659098924,29.521465301513672
1789132659113859,29.521501541137695
1789132659123017,29.521451950073242
1789132659125841,29.52150535583496
1789132659134858,29.52145004272461
1789132659146856,29.52146339416504
1789132659161850,29.52146339416504
1789132659170877,29.52146339416504
1789132659183012,29.52146339416504
1789132659194864,29.52146339416504
1789132659206855,29.52146339416504
1789132659209839,29.52146339416504
1789132659218920,29.52146339416504
1789132659230854,29.52146339416504
1789132659242972,29.52146339416504
1789132659248906,29.52146339416504
1789132659254966,29.52146339416504
1789132659266855,29.52146339416504
1789132659278915,29.52146339416504
1789132659290864,29.52146339416504
1789132659302964,29.52146339416504
1789132659305845,29.52146339416504
1789132659314867,29.52146339416504
1789132659326866,29.52146339416504
1789132659338918,29.52146339416504
1789132659350854,29.52146339416504
1789132659362962,29.52146339416504
1789132659365836,29.52146339416504
1789132659374856,29.52146339416504
1789132659389840,29.52146339416504
1789132659398928,29.52146339416504
1789132659413876,29.52146339416504
1789132659423047,29.52146339416504
1789132659425836,29.52146339416504
1789132659434880,29.52146339416504
1789132659446855,29.52146339416504
1789132659458918,29.52146339416504
1789132659470854,29.52146339416504
1789132659482949,29.52146339416504
1789132659488961,29.52146339416504
1789132659500861,29.52146339416504
1789132659506862,29.52146339416504
1789132659518995,29.52146339416504
1789132659530853,29.52146339416504
1789132659542970,29.52146339416504
1789132659545837,29.52146339416504
1789132659554945,29.52146339416504
1789132659566866,29.52146339416504
1789132659578952,29.521474838256836
1789132659590873,29.521465301513672
1789132659602966,29.521465301513672
1789132659614861,29.521465301513672
1789132659617903,29.521465301513672
1789132659626875,29.521465301513672
1789132659638923,29.521465301513672
1789132659650930,29.521465301513672
1789132659662951,29.521465301513672
1789132659674860,29.521465301513672
1789132659677854,29.521465301513672
1789132659689856,29.521465301513672
1789132659698959,29.521465301513672
1789132659710874,29.521465301513672
1789132659722972,29.52144432067871
1789132659731847,29.52146339416504
1789132659743864,29.52146339416504
1789132659746855,29.52146339416504
1789132659758928,29.52146339416504
1789132659770854,29.52146339416504
1789132659783051,29.52146339416504
1789132659794877,29.52146339416504
1789132659798061,29.52146339416504
1789132659809848,29.52146339416504
1789132659818932,29.52146339416504
1789132659830861,29.52146339416504
1789132659842991,29.52146339416504
1789132659845844,29.52146339416504
1789132659854895,29.52146339416504
1789132659866871,29.52146339416504
1789132659878926,29.521501541137695
1789132659890877,29.521484375
1789132659902969,29.521465301513672
1789132659905845,29.521465301513672
1789132659914933,29.521465301513672
1789132659926863,29.521465301513672
1789132659938924,29.521465301513672
1789132659953897,29.521501541137695
1789132659962981,29.52145004272461
1789132659974877,29.52146339416504
1789132659977845,29.52146339416504
1789132659986881,29.52146339416504
1789132660001844,29.52146339416504
1789132660010881,29.52146339416504
1789132660022978,29.52146339416504
1789132660028940,29.52146339416504
1789132660040859,29.52146339416504
1789132660052958,29.52146339416504
1789132660058923,29.52146339416504
1789132660070862,29.52146339416504
1789132660082956,29.52146339416504
1789132660085872,29.52146339416504
1789132660103869,29.52146339416504
1789132660106869,29.52146339416504
1789132660118951,29.52146339416504
1789132660130863,29.52146339416504
1789132660142972,29.52146339416504
1789132660145912,29.52146339416504
1789132660160860,29.52146339416504
1789132660172941,29.52146339416504
1789132660179007,29.52146339416504
1789132660190862,29.52146339416504
1789132660202958,29.52146339416504
1789132660214869,29.52146339416504
1789132660217862,29.52146339416504
1789132660226862,29.52146339416504
1789132660238931,29.52146339416504
1789132660250890,29.52146339416504
1789132660262956,29.52146339416504
1789132660274869,29.52146339416504
1789132660286862,29.52146339416504
1789132660289844,29.52146339416504
1789132660298932,29.52146339416504
1789132660310950,29.52146339416504
1789132660322970,29.52146339416504
1789132660325845,29.52146339416504
1789132660334871,29.52146339416504
1789132660346866,29.52146339416504
1789132660358925,29.52146339416504
1789132660370861,29.52146339416504
1789132660382996,29.52146339416504
1789132660391854,29.52146339416504
1789132660400862,29.52146339416504
1789132660412941,29.52146339416504
1789132660418927,29.52146339416504
1789132660430861,29.52146339416504
1789132660443070,29.52146339416504
1789132660445850,29.52146339416504
1789132660454896,29.52146339416504
1789132660469855,29.52146339416504
1789132660481861,29.52146339416504
1789132660490862,29.52146339416504
1789132660502952,29.52146339416504
1789132660505851,29.52146339416504
1789132660514887,29.52146339416504
1789132660526863,29.52146339416504
1789132660538923,29.52146339416504
1789132660550862,29.52146339416504
1789132660562954,29.52146339416504
1789132660574957,29.52146339416504
1789132660586861,29.52146339416504
1789132660589844,29.52146339416504
1789132660598944,29.52146339416504
1789132660610895,29.52146339416504
1789132660622957,29.52146339416504
1789132660625852,29.52146339416504
1789132660634958,29.52146339416504
1789132660646864,29.521474838256836
1789132660658924,29.521501541137695
1789132660670884,29.521465301513672
1789132660682955,29.521465301513672
1789132660685845,29.521465301513672
1789132660694864,29.521465301513672
1789132660712953,29.521465301513672
1789132660718944,29.521465301513672
1789132660730879,29.521453857421875
1789132660742998,29.52144432067871
1789132660745845,29.52150535583496
1789132660763888,29.52146339416504
1789132660766863,29.52146339416504
1789132660778933,29.52146339416504
1789132660790868,29.52146339416504
1789132660802973,29.52146339416504
1789132660814878,29.52146339416504
1789132660826871,29.52146339416504
1789132660829872,29.52146339416504
1789132660839017,29.52146339416504
1789132660850871,29.52146339416504
1789132660862981,29.52146339416504
1789132660865864,29.52146339416504
1789132660875087,29.52146339416504
1789132660886872,29.52146339416504
1789132660898938,29.52146339416504
1789132660910892,29.52146339416504
1789132660922964,29.52146339416504
1789132660925853,29.52146339416504
1789132660934880,29.52146339416504
1789132660952977,29.52146339416504
1789132660958932,29.52146339416504
1789132660970955,29.52146339416504
1789132660982963,29.52146339416504
1789132660985853,29.52146339416504
1789132660994889,29.52146339416504
1789132661006887,29.52146339416504
1789132661018939,29.52146339416504
1789132661030874,29.52146339416504
1789132661042986,29.52146339416504
1789132661054884,29.52146339416504
1789132661066870,29.52146339416504
1789132661069920,29.52146339416504
1789132661078935,29.52146339416504
1789132661090870,29.52146339416504
1789132661103088,29.52146339416504
1789132661105858,29.52146339416504
1789132661114936,29.52146339416504
1789132661129943,29.521425247192383
1789132661139020,29.52146339416504
1789132661150973,29.52146339416504
1789132661163071,29.52146339416504
1789132661165939,29.52146339416504
1789132661174957,29.52146339416504
1789132661186983,29.52146339416504
1789132661199019,29.52146339416504
1789132661210975,29.521484375
1789132661223071,29.521484375
1789132661225957,29.521425247192383
1789132661235082,29.52147674560547
1789132661246987,29.521465301513672
1789132661259034,29.521465301513672
1789132661273981,29.52150535583496
1789132661283076,29.521451950073242
1789132661294963,29.52146339416504
1789132661297940,29.52146339416504
1789132661309973,29.52146339416504
1789132661319039,29.52146339416504
1789132661330956,29.52146339416504
1789132661343095,29.52146339416504
1789132661349028,29.52146339416504
1789132661360959,29.52146339416504
1789132661367031,29.52146339416504
1789132661379025,29.52146339416504
1789132661390976,29.52146339416504
1789132661403102,29.52146339416504
1789132661409030,29.52146339416504
1789132661414959,29.52146339416504
1789132661426970,29.52146339416504
1789132661439030,29.521501541137695
1789132661450958,29.521484375
1789132661463069,29.521484375
1789132661466008,29.521425247192383
1789132661474960,29.52147674560547
1789132661486957,29.521465301513672
1789132661499094,29.521499633789062
1789132661510976,29.521484375
1789132661523088,29.52145004272461
1789132661525953,29.52146339416504
1789132661535096,29.52146339416504
1789132661546956,29.52146339416504
1789132661559018,29.52146339416504
1789132661570971,29.52146339416504
1789132661583091,29.52146339416504
1789132661594964,29.52146339416504
1789132661606998,29.52146339416504
1789132661609960,29.52146339416504
1789132661619019,29.52146339416504
1789132661631023,29.52146339416504
1789132661643094,29.52146339416504
1789132661655650,29.52146339416504
1789132661666967,29.52146339416504
1789132661669853,29.52146339416504
1789132661678931,29.52146339416504
1789132661690870,29.52146339416504
1789132661702962,29.52146339416504
1789132661705853,29.52146339416504
1789132661714873,29.52146339416504
1789132661726882,29.52146339416504
1789132661738933,29.52146339416504
1789132661750871,29.52146339416504
1789132661763056,29.52146339416504
1789132661765875,29.52146339416504
1789132661774874,29.52146339416504
1789132661786873,29.52146339416504
1789132661798964,29.52146339416504
1789132661810911,29.52146339416504
1789132661822995,29.52146339416504
1789132661834893,29.52146339416504
1789132661837869,29.52146339416504
1789132661846878,29.52146339416504
1789132661858942,29.52146339416504
1789132661870879,29.52146339416504
1789132661882973,29.52146339416504
1789132661888940,29.52146339416504
1789132661900874,29.52146339416504
1789132661909866,29.52146339416504
1789132661918957,29.52146339416504
1789132661930900,29.52146339416504
1789132661942992,29.52146339416504
1789132661951862,29.52146339416504
1789132661954883,29.52146339416504
1789132661966896,29.52146339416504
1789132661978952,29.52146339416504
1789132661990878,29.52146339416504
1789132662002986,29.52146339416504
1789132662011861,29.52146339416504
1789132662014881,29.52146339416504
1789132662026948,29.52146339416504
1789132662038949,29.52146339416504
1789132662053924,29.52146339416504
1789132662063093,29.52146339416504
1789132662065870,29.52146339416504
1789132662074885,29.52146339416504
1789132662086939,29.52146339416504
1789132662098946,29.52146339416504
1789132662110898,29.52146339416504
1789132662122974,29.52146339416504
1789132662125931,29.52146339416504
1789132662141248,29.52146339416504
1789132662152959,29.52146339416504
1789132662159013,29.52146339416504
1789132662170879,29.52146339416504
1789132662183001,29.52146339416504
1789132662185863,29.52146339416504
1789132662194904,29.52146339416504
1789132662212962,29.52146339416504
1789132662218957,29.521484375
1789132662230889,29.52146339416504
1789132662242993,29.521499633789062
1789132662254895,29.521465301513672
1789132662257934,29.521465301513672
1789132662266880,29.521465301513672
1789132662278942,29.521465301513672
1789132662290947,29.521465301513672
1789132662303007,29.521465301513672
1789132662305885,29.521465301513672
1789132662314882,29.52145004272461
1789132662326900,29.52146339416504
1789132662338942,29.52146339416504
1789132662350888,29.52146339416504
1789132662362991,29.52146339416504
1789132662365861,29.52146339416504
1789132662383910,29.52146339416504
1789132662386879,29.521501541137695
1789132662398942,29.52146339416504
1789132662413907,29.521501541137695
1789132662423111,29.521451950073242
1789132662425885,29.521507263183594
1789132662434884,29.52145004272461
1789132662449872,29.52146339416504
1789132662461869,29.52146339416504
1789132662470884,29.52146339416504
1789132662482978,29.52146339416504
1789132662485873,29.52146339416504
1789132662494882,29.52146339416504
1789132662506887,29.52146339416504
1789132662518953,29.52146339416504
1789132662530881,29.52146339416504
1789132662542993,29.521484375
1789132662548939,29.521501541137695
1789132662554954,29.52144432067871
1789132662566884,29.52146339416504
1789132662578976,29.52146339416504
1789132662590882,29.52146339416504
1789132662602970,29.52146339416504
1789132662605873,29.52146339416504
1789132662614893,29.52146339416504
1789132662626889,29.52146339416504
1789132662638948,29.52146339416504
1789132662650880,29.52146339416504
1789132662663036,29.52146339416504
1789132662668939,29.52146339416504
1789132662674887,29.52146339416504
1789132662692956,29.52146339416504
1789132662698951,29.52146339416504
1789132662710898,29.52146339416504
1789132662723040,29.52146339416504
1789132662725861,29.52146339416504
1789132662734971,29.52146339416504
1789132662746883,29.52146339416504
1789132662758940,29.52146339416504
1789132662770877,29.52146339416504
1789132662782973,29.52146339416504
1789132662785950,29.52146339416504
1789132662794906,29.52146339416504
1789132662806898,29.52146339416504
1789132662819045,29.52146339416504
1789132662830889,29.52146339416504
1789132662843002,29.52146339416504
1789132662845883,29.52146339416504
1789132662854968,29.52146339416504
1789132662866908,29.52146339416504
1789132662878953,29.52146339416504
1789132662890888,29.52146339416504
1789132662902984,29.52146339416504
1789132662911875,29.52146339416504
1789132662914894,29.52146339416504
1789132662929874,29.52146339416504
1789132662938950,29.52146339416504
1789132662950975,29.52146339416504
1789132662962997,29.52146339416504
1789132662965883,29.52146339416504
1789132662977878,29.52146339416504
1789132662986903,29.52146339416504
1789132662998956,29.52146339416504
1789132663010908,29.52146339416504
1789132663022983,29.52146339416504
1789132663025893,29.52146339416504
1789132663034895,29.52146339416504
1789132663046899,29.52146339416504
1789132663058950,29.52146339416504
1789132663070891,29.521484375
1789132663083083,29.521484375
1789132663085877,29.521465301513672
1789132663094896,29.521465301513672
1789132663106891,29.521465301513672
1789132663118969,29.521465301513672
1789132663130903,29.521465301513672
1789132663143035,29.521453857421875
1789132663154894,29.52146339416504
1789132663157874,29.52146339416504
1789132663166890,29.52146339416504
1789132663178971,29.52146339416504
1789132663190889,29.52146339416504
1789132663202987,29.52146339416504
1789132663208956,29.52146339416504
1789132663220877,29.521442413330078
1789132663226889,29.521484375
1789132663238957,29.521501541137695
1789132663250893,29.521484375
1789132663262983,29.521484375
1789132663265881,29.521425247192383
1789132663274892,29.52147674560547
1789132663286900,29.521465301513672
1789132663298959,29.521465301513672
1789132663310907,29.521465301513672
1789132663323003,29.521465301513672
1789132663325873,29.521465301513672
1789132663334895,29.521465301513672
1789132663346975,29.521465301513672
1789132663361882,29.521465301513672
1789132663373924,29.521501541137695
1789132663383004,29.52145004272461
1789132663385873,29.52150535583496
1789132663394892,29.52145004272461
1789132663406890,29.52146339416504
1789132663418954,29.52146339416504
1789132663430890,29.52146339416504
1789132663443004,29.52146339416504
1789132663451872,29.52146339416504
1789132663454906,29.521501541137695
1789132663466890,29.521465301513672
1789132663479048,29.521499633789062
1789132663490903,29.521465301513672
1789132663502996,29.521465301513672
1789132663505878,29.521465301513672
1789132663514896,29.521465301513672
1789132663526906,29.521453857421875
1789132663538958,29.521427154541016
1789132663550890,29.52146339416504
1789132663563000,29.52146339416504
1789132663565871,29.52146339416504
1789132663574897,29.52146339416504
1789132663586911,29.52146339416504
1789132663598954,29.52146339416504
1789132663610981,29.52146339416504
1789132663623009,29.52146339416504
1789132663625874,29.52146339416504
1789132663634913,29.52146339416504
1789132663646893,29.52146339416504
1789132663658956,29.52146339416504
1789132663670889,29.52146339416504
1789132663683003,29.52146339416504
1789132663691884,29.52146339416504
1789132663703907,29.52146339416504
1789132663706891,29.52146339416504
1789132663718961,29.52146339416504
1789132663730888,29.52146339416504
1789132663743099,29.52146339416504
1789132663745877,29.52146339416504
1789132663754910,29.52146339416504
1789132663766891,29.52146339416504
1789132663781880,29.52146339416504
1789132663790894,29.52147674560547
1789132663802983,29.521465301513672
1789132663814907,29.521465301513672
1789132663820914,29.521465301513672
1789132663826899,29.521465301513672
1789132663838966,29.521465301513672
1789132663850899,29.521465301513672
1789132663862992,29.52144432067871
1789132663868965,29.521427154541016
1789132663880885,29.52146339416504
1789132663886918,29.52146339416504
1789132663898968,29.52146339416504
1789132663910920,29.52146339416504
1789132663923099,29.52146339416504
1789132663925890,29.52146339416504
1789132663943976,29.52146339416504
1789132663946902,29.52150535583496
1789132663958980,29.521501541137695
1789132663970898,29.521484375
1789132663982996,29.521465301513672
1789132663985906,29.521465301513672
1789132664000889,29.521465301513672
1789132664012987,29.521465301513672
1789132664021883,29.521465301513672
1789132664030897,29.52145004272461
1789132664043012,29.52144432067871
1789132664045881,29.52150535583496
1789132664063915,29.52146339416504
1789132664066898,29.52146339416504
1789132664078967,29.52146339416504
1789132664090914,29.52146339416504
1789132664102991,29.52146339416504
1789132664108952,29.52146339416504
1789132664114905,29.52146339416504
1789132664126899,29.52146339416504
1789132664139029,29.52146339416504
1789132664150916,29.52146339416504
1789132664162992,29.52146339416504
1789132664165892,29.52146339416504
1789132664175001,29.52146339416504
1789132664186899,29.52146339416504
1789132664198960,29.52146339416504
1789132664210902,29.52146339416504
1789132664222994,29.52146339416504
1789132664234912,29.52146339416504
1789132664243916,29.52146339416504
1789132664252995,29.52146339416504
1789132664258961,29.52146339416504
1789132664270974,29.52146339416504
1789132664283012,29.52146339416504
1789132664285882,29.52146339416504
1789132664294902,29.52146339416504
1789132664306951,29.52146339416504
1789132664318979,29.52146339416504
1789132664330904,29.52146339416504
1789132664343009,29.52146339416504
1789132664345881,29.52146339416504
1789132664354902,29.52146339416504
1789132664366899,29.52146339416504
1789132664378993,29.52146339416504
1789132664390899,29.52146339416504
1789132664403095,29.52146339416504
1789132664408954,29.52146339416504
1789132664423910,29.52146339416504
1789132664426899,29.52146339416504
1789132664438988,29.52146339416504
1789132664450898,29.52146339416504
1789132664462991,29.52146339416504
1789132664465880,29.52146339416504
1789132664474987,29.52146339416504
1789132664486899,29.52146339416504
1789132664498970,29.52146339416504
1789132664510919,29.52146339416504
1789132664522996,29.52146339416504
1789132664528958,29.52146339416504
1789132664540910,29.52144432067871
1789132664546916,29.521484375
1789132664558981,29.521501541137695
1789132664570900,29.521484375
1789132664582991,29.521484375
1789132664585883,29.521425247192383
1789132664594902,29.52147674560547
1789132664613029,29.521465301513672
1789132664618968,29.521465301513672
1789132664630918,29.521465301513672
1789132664643011,29.521465301513672
1789132664645881,29.521465301513672
1789132664654914,29.521465301513672
1789132664672987,29.521465301513672
1789132664681884,29.521465301513672
1789132664690916,29.521465301513672
1789132664703009,29.521465301513672
1789132664705881,29.521465301513672
1789132664723907,29.521465301513672
1789132664726899,29.521465301513672
1789132664738968,29.521465301513672
1789132664750900,29.521425247192383
1789132664763086,29.52146339416504
1789132664774931,29.52146339416504
1789132664786899,29.52146339416504
1789132664789881,29.52146339416504
1789132664799030,29.52146339416504
1789132664810901,29.52146339416504
1789132664823018,29.52146339416504
1789132664835250,29.52146339416504
1789132664846909,29.52146339416504
1789132664849892,29.52146339416504
1789132664858972,29.52146339416504
1789132664870910,29.52146339416504
1789132664883002,29.52146339416504
1789132664885891,29.52146339416504
1789132664903936,29.52146339416504
1789132664912991,29.52146339416504
1789132664918983,29.52146339416504
1789132664930977,29.52146339416504
1789132664943042,29.52146339416504
1789132664945893,29.52146339416504
1789132664954927,29.52146339416504
1789132664966913,29.52146339416504
1789132664979007,29.52146339416504
1789132664990915,29.52146339416504
1789132665003009,29.52146339416504
1789132665005893,29.52146339416504
1789132665014912,29.52146339416504
1789132665032987,29.52146339416504
1789132665038998,29.52146339416504
1789132665050909,29.52146339416504
1789132665063096,29.52146339416504
1789132665068975,29.52146339416504
1789132665077916,29.52146339416504
1789132665086911,29.52146339416504
1789132665098981,29.52146339416504
1789132665110912,29.52146339416504
1789132665123003,29.52146339416504
1789132665125911,29.52146339416504
1789132665134915,29.52146339416504
1789132665146919,29.52146339416504
1789132665158991,29.52146339416504
1789132665170919,29.52146339416504
1789132665183001,29.52146339416504
1789132665185893,29.52146339416504
1789132665194981,29.52146339416504
1789132665206909,29.52146339416504
1789132665218977,29.52146339416504
1789132665233928,29.52146339416504
1789132665243026,29.52146339416504
1789132665254950,29.52146339416504
1789132665266912,29.52146339416504
1789132665269893,29.52146339416504
1789132665278973,29.52146339416504
1789132665290928,29.52146339416504
1789132665303005,29.52146339416504
1789132665308972,29.52146339416504
1789132665320909,29.52146339416504
1789132665326984,29.52146339416504
1789132665338975,29.52146339416504
1789132665350909,29.52146339416504
1789132665363006,29.52146339416504
1789132665365891,29.52146339416504
1789132665374913,29.52146339416504
1789132665386922,29.52146339416504
1789132665398974,29.52146339416504
1789132665410911,29.52146339416504
1789132665423025,29.52146339416504
1789132665428963,29.52146339416504
1789132665434915,29.52146339416504
1789132665446911,29.52146339416504
1789132665461941,29.52146339416504
1789132665470911,29.52146339416504
1789132665483002,29.52146339416504
1789132665485904,29.52146339416504
1789132665494916,29.52146339416504
1789132665506935,29.52146339416504
1789132665518989,29.52146339416504
1789132665530910,29.52146339416504
1789132665543019,29.52146339416504
1789132665545893,29.52146339416504
1789132665563925,29.52146339416504
1789132665572990,29.52146339416504
1789132665578979,29.52146339416504
1789132665590978,29.52146339416504
1789132665603037,29.52146339416504
1789132665605892,29.52146339416504
1789132665614930,29.52146339416504
1789132665626921,29.52146339416504
1789132665638996,29.52146339416504
1789132665650914,29.52146339416504
1789132665662999,29.52146339416504
1789132665665892,29.52146339416504
1789132665674913,29.52146339416504
1789132665686911,29.52146339416504
1789132665698997,29.52146339416504
1789132665710911,29.52146339416504
1789132665723100,29.52146339416504
1789132665728974,29.52146339416504
1789132665737896,29.52146339416504
1789132665746945,29.52146339416504
1789132665758976,29.52146339416504
1789132665770930,29.52146339416504
1789132665783002,29.52146339416504
1789132665785895,29.52146339416504
1789132665794920,29.52146339416504
1789132665806921,29.52146339416504
1789132665818987,29.52146339416504
1789132665830918,29.52146339416504
1789132665843030,29.52146339416504
1789132665845920,29.52146339416504
1789132665855000,29.52146339416504
1789132665866919,29.52146339416504
1789132665881912,29.52146339416504
1789132665893932,29.521425247192383
1789132665903052,29.52147674560547
1789132665914925,29.521465301513672
1789132665917901,29.521465301513672
1789132665929916,29.521465301513672
1789132665938988,29.521465301513672
1789132665950919,29.521465301513672
1789132665963010,29.521465301513672
1789132665965903,29.521465301513672
1789132665974922,29.521465301513672
1789132665986988,29.521465301513672
1789132665998980,29.521465301513672
1789132666010939,29.521465301513672
1789132666023025,29.521465301513672
1789132666031924,29.521465301513672
1789132666034957,29.521465301513672
1789132666046931,29.521465301513672
1789132666058984,29.521465301513672
1789132666070918,29.521465301513672
1789132666083009,29.521465301513672
1789132666091913,29.521465301513672
1789132666100917,29.521465301513672
1789132666112998,29.521484375
1789132666119100,29.52144432067871
1789132666130924,29.52144432067871
1789132666143067,29.52145004272461
1789132666145904,29.52146339416504
1789132666154925,29.52146339416504
1789132666166927,29.52146339416504
1789132666178987,29.52146339416504
1789132666190917,29.52146339416504
1789132666203027,29.52146339416504
1789132666211916,29.52146339416504
1789132666223925,29.52146339416504
1789132666233011,29.52146339416504
1789132666238988,29.52146339416504
1789132666250988,29.52146339416504
1789132666263039,29.52146339416504
1789132666274947,29.52146339416504
1789132666287011,29.52146339416504
1789132666289911,29.52146339416504
1789132666298993,29.52146339416504
1789132666310922,29.52146339416504
1789132666323013,29.52146339416504
1789132666325901,29.52146339416504
1789132666334950,29.52146339416504
1789132666346919,29.52146339416504
1789132666358986,29.52146339416504
1789132666370919,29.52146339416504
1789132666383137,29.52146339416504
1789132666385924,29.52146339416504
1789132666394923,29.52146339416504
1789132666406938,29.52146339416504
1789132666418987,29.52146339416504
1789132666433929,29.52146339416504
1789132666443047,29.52146339416504
1789132666454962,29.52146339416504
1789132666457902,29.52146339416504
1789132666473033,29.52146339416504
1789132666478984,29.52146339416504
1789132666490918,29.52146339416504
1789132666503010,29.52146339416504
1789132666505926,29.52146339416504
1789132666520907,29.52146339416504
1789132666529904,29.52146339416504
1789132666538982,29.52146339416504
1789132666550935,29.52146339416504
1789132666563009,29.52146339416504
1789132666571902,29.52146339416504
1789132666574921,29.52146339416504
1789132666586919,29.52146339416504
1789132666598999,29.52146339416504
1789132666610921,29.52146339416504
1789132666623017,29.52146339416504
1789132666634925,29.52146339416504
1789132666637963,29.52146339416504
1789132666646987,29.52146339416504
1789132666659010,29.52146339416504
1789132666670918,29.52146339416504
1789132666683115,29.52146339416504
1789132666685912,29.52146339416504
1789132666694948,29.52146339416504
1789132666706919,29.52146339416504
1789132666718991,29.52146339416504
1789132666730937,29.52146339416504
1789132666743031,29.52146339416504
1789132666751901,29.52146339416504
1789132666754927,29.52146339416504
1789132666766924,29.52146339416504
1789132666779056,29.52146339416504
1789132666790920,29.52146339416504
1789132666803037,29.52146339416504
1789132666805900,29.52146339416504
1789132666814926,29.52146339416504
1789132666826942,29.521474838256836
1789132666839002,29.521465301513672
1789132666850928,29.521465301513672
1789132666863037,29.521465301513672
1789132666865910,29.521465301513672
1789132666880918,29.521465301513672
1789132666886950,29.521465301513672
1789132666898999,29.521465301513672
1789132666911005,29.521465301513672
1789132666923028,29.521465301513672
1789132666925913,29.521465301513672
1789132666934933,29.521465301513672
1789132666946932,29.521465301513672
1789132666958990,29.521465301513672
1789132666970928,29.521465301513672
1789132666983039,29.521465301513672
1789132666991913,29.521465301513672
1789132666994951,29.521427154541016
1789132667006927,29.52146339416504
1789132667018994,29.521427154541016
1789132667030928,29.52146339416504
1789132667043134,29.52146339416504
1789132667045914,29.52146339416504
1789132667054946,29.52146339416504
1789132667069943,29.52146339416504
1789132667081910,29.52146339416504
1789132667090926,29.52146339416504
1789132667103035,29.52146339416504
1789132667105910,29.52146339416504
1789132667114931,29.52146339416504
1789132667126947,29.52146339416504
1789132667138990,29.52146339416504
1789132667150929,29.52146339416504
1789132667163033,29.52146339416504
1789132667175040,29.52146339416504
1789132667180914,29.52146339416504
1789132667186929,29.52146339416504
1789132667199002,29.52146339416504
1789132667210933,29.52146339416504
1789132667223026,29.52146339416504
1789132667228978,29.52146339416504
1789132667237910,29.52146339416504
1789132667246937,29.52146339416504
1789132667259009,29.521501541137695
1789132667270931,29.521501541137695
1789132667283025,29.521465301513672
1789132667285912,29.521465301513672
1789132667294931,29.521465301513672
1789132667307002,29.521465301513672
1789132667319003,29.521465301513672
1789132667333945,29.521465301513672
1789132667343140,29.521465301513672
1789132667345910,29.521465301513672
1789132667363937,29.521465301513672
1789132667366927,29.521465301513672
1789132667379009,29.521465301513672
1789132667390945,29.521465301513672
1789132667403022,29.521465301513672
1789132667406005,29.521465301513672
1789132667420932,29.521465301513672
1789132667433013,29.521465301513672
1789132667439071,29.52144432067871
1789132667450927,29.52144432067871
1789132667463020,29.52144432067871
1789132667465918,29.52150535583496
1789132667474934,29.52145004272461
1789132667486928,29.52146339416504
1789132667499000,29.52146339416504
1789132667510956,29.52146339416504
1789132667523046,29.52146339416504
1789132667534938,29.52146339416504
1789132667537984,29.52146339416504
1789132667549910,29.52146339416504
1789132667558988,29.52146339416504
1789132667571008,29.52146339416504
1789132667583024,29.52146339416504
1789132667585914,29.52146339416504
1789132667594931,29.52146339416504
1789132667609936,29.52146339416504
1789132667619005,29.52146339416504
1789132667630933,29.52146339416504
1789132667643062,29.52146339416504
1789132667654992,29.52146339416504
1789132667666927,29.52146339416504
1789132667675952,29.52146339416504
1789132667678990,29.52146339416504
1789132667690927,29.52146339416504
1789132667703086,29.52146339416504
1789132667705912,29.52146339416504
1789132667714949,29.52146339416504
1789132667726928,29.52146339416504
1789132667738996,29.52146339416504
1789132667750941,29.52146339416504
1789132667763076,29.52146339416504
1789132667774949,29.52146339416504
1789132667777929,29.52146339416504
1789132667786929,29.52146339416504
1789132667798991,29.52146339416504
1789132667810943,29.52146339416504
1789132667823025,29.52146339416504
1789132667828997,29.52146339416504
1789132667840943,29.52146339416504
1789132667846941,29.52146339416504
1789132667858998,29.52146339416504
1789132667870940,29.52146339416504
1789132667883030,29.52146339416504
1789132667885921,29.52146339416504
1789132667894939,29.52146339416504
1789132667913022,29.52146339416504
1789132667919025,29.52146339416504
1789132667930935,29.52146339416504
1789132667943067,29.52146339416504
1789132667945920,29.52146339416504
1789132667954940,29.52146339416504
1789132667967005,29.52146339416504
1789132667979010,29.52146339416504
1789132667990948,29.52146339416504
1789132668003073,29.52146339416504
1789132668005938,29.52146339416504
1789132668014940,29.52146339416504
1789132668026938,29.52146339416504
1789132668041918,29.52146339416504
1789132668050938,29.52146339416504
1789132668063031,29.52146339416504
1789132668071948,29.52146339416504
1789132668074939,29.52146339416504
1789132668086938,29.52146339416504
1789132668099073,29.52146339416504
1789132668110952,29.52146339416504
1789132668123030,29.52146339416504
1789132668125930,29.52146339416504
1789132668134983,29.52146339416504
1789132668146937,29.52146339416504
1789132668159012,29.52146339416504
1789132668170970,29.52146339416504
1789132668183029,29.52146339416504
1789132668185920,29.52146339416504
1789132668194942,29.52146339416504
1789132668213026,29.52146339416504
1789132668219005,29.52146339416504
1789132668231012,29.52146339416504
1789132668243053,29.52146339416504
1789132668254956,29.52146339416504
1789132668257920,29.52146339416504
1789132668269936,29.52146339416504
1789132668279000,29.52146339416504
1789132668290950,29.52146339416504
1789132668303080,29.521474838256836
1789132668311921,29.521465301513672
1789132668314941,29.521465301513672
1789132668326937,29.521465301513672
1789132668339000,29.521465301513672
1789132668350936,29.521465301513672
1789132668363121,29.521465301513672
1789132668365922,29.521465301513672
1789132668374949,29.521465301513672
1789132668386937,29.521465301513672
1789132668399003,29.521465301513672
1789132668410949,29.521465301513672
1789132668423063,29.521465301513672
1789132668434970,29.521465301513672
1789132668443960,29.521465301513672
1789132668446938,29.521425247192383
1789132668458999,29.521425247192383
1789132668470938,29.52144432067871
1789132668483063,29.52144432067871
1789132668485920,29.52150535583496
1789132668495061,29.521451950073242
1789132668509930,29.52146339416504
1789132668521929,29.52146339416504
1789132668533950,29.52146339416504
1789132668543065,29.52146339416504
1789132668545928,29.52146339416504
1789132668554943,29.52146339416504
1789132668566937,29.52146339416504
1789132668579007,29.52146339416504
1789132668590955,29.52146339416504
1789132668603049,29.52146339416504
1789132668605948,29.52146339416504
1789132668620934,29.52146339416504
1789132668633024,29.52146339416504
1789132668641931,29.52146339416504
1789132668650935,29.52146339416504
1789132668663033,29.52146339416504
1789132668665922,29.52146339416504
1789132668675139,29.52146339416504
1789132668686941,29.52146339416504
1789132668699005,29.52146339416504
1789132668710944,29.52146339416504
1789132668723051,29.52146339416504
1789132668728989,29.52146339416504
1789132668734962,29.52146339416504
1789132668753043,29.52146339416504
1789132668759093,29.52146339416504
1789132668770954,29.52146339416504
1789132668783029,29.52146339416504
1789132668785920,29.52146339416504
1789132668794943,29.52146339416504
1789132668806937,29.52146339416504
1789132668819001,29.52146339416504
1789132668830947,29.52146339416504
1789132668843090,29.52146339416504
1789132668851940,29.52146339416504
1789132668854999,29.521501541137695
1789132668866948,29.521465301513672
1789132668879024,29.521501541137695
1789132668891017,29.521484375
1789132668903041,29.521484375
1789132668905940,29.521465301513672
1789132668917933,29.521465301513672
1789132668926951,29.521465301513672
1789132668939009,29.521465301513672
1789132668950947,29.521465301513672
1789132668963037,29.521465301513672
1789132668965950,29.521465301513672
1789132668974954,29.521465301513672
1789132668986984,29.521465301513672
1789132669001931,29.52150535583496
1789132669013952,29.521501541137695
1789132669023111,29.521451950073242
1789132669025933,29.52150535583496
1789132669034951,29.52145004272461
1789132669046947,29.52146339416504
1789132669061941,29.52146339416504
1789132669070951,29.52146339416504
1789132669083039,29.52146339416504
1789132669085948,29.52146339416504
1789132669094949,29.52146339416504
1789132669106947,29.52146339416504
1789132669119038,29.52146339416504
1789132669130962,29.52146339416504
1789132669143061,29.52146339416504
1789132669149028,29.52146339416504
1789132669160934,29.52146339416504
1789132669166962,29.52146339416504
1789132669179016,29.52146339416504
1789132669190953,29.52146339416504
1789132669203039,29.52146339416504
1789132669205930,29.52146339416504
1789132669214958,29.52146339416504
1789132669226959,29.52146339416504
1789132669239016,29.52146339416504
1789132669250965,29.52146339416504
1789132669263040,29.52146339416504
1789132669265929,29.52146339416504
1789132669274954,29.52146339416504
1789132669287017,29.52146339416504
1789132669302144,29.52146339416504
1789132669313956,29.52146339416504
1789132669323054,29.52147674560547
1789132669325929,29.521425247192383
1789132669343957,29.521465301513672
1789132669346948,29.521465301513672
1789132669359007,29.521465301513672
1789132669370955,29.521465301513672
1789132669383077,29.521465301513672
1789132669391929,29.521465301513672
1789132669394952,29.521465301513672
1789132669406947,29.521465301513672
1789132669419081,29.521465301513672
1789132669430947,29.521465301513672
1789132669443058,29.521465301513672
1789132669449021,29.521465301513672
1789132669455043,29.521465301513672
1789132669466960,29.521465301513672
1789132669479009,29.521465301513672
1789132669490946,29.521465301513672
1789132669503055,29.521465301513672
1789132669509007,29.521465301513672
1789132669523966,29.521465301513672
1789132669533040,29.521465301513672
1789132669539038,29.521465301513672
1789132669551020,29.52144432067871
1789132669563070,29.52145004272461
1789132669574955,29.52146339416504
1789132669577947,29.52146339416504
1789132669589946,29.52146339416504
1789132669599024,29.52146339416504
1789132669610956,29.52146339416504
1789132669623062,29.52146339416504
1789132669625929,29.52146339416504
1789132669634952,29.52146339416504
1789132669650002,29.52146339416504
1789132669659086,29.52146339416504
1789132669670948,29.52146339416504
1789132669683162,29.52146339416504
1789132669686022,29.52146339416504
1789132669697941,29.52146339416504
1789132669706947,29.52146339416504
1789132669719022,29.52146339416504
1789132669730946,29.52146339416504
1789132669743059,29.52146339416504
1789132669745929,29.52146339416504
1789132669755000,29.52146339416504
1789132669766948,29.52146339416504
1789132669779022,29.52146339416504
1789132669790947,29.52146339416504
1789132669803039,29.52146339416504
1789132669805928,29.52146339416504
1789132669815021,29.52146339416504
1789132669826947,29.52146339416504
1789132669841954,29.52146339416504
1789132669850999,29.52147674560547
1789132669863046,29.521465301513672
1789132669865938,29.521465301513672
1789132669874958,29.521465301513672
1789132669886975,29.521465301513672
1789132669899025,29.521465301513672
1789132669910977,29.521465301513672
1789132669923055,29.521465301513672
1789132669929020,29.521465301513672
1789132669940946,29.521465301513672
1789132669947030,29.521465301513672
1789132669959026,29.521465301513672
1789132669970979,29.521465301513672
1789132669983053,29.521465301513672
1789132669985957,29.521465301513672
1789132669994966,29.521465301513672
1789132670006970,29.521453857421875
1789132670019042,29.521427154541016
1789132670030954,29.52146339416504
1789132670043074,29.52146339416504
1789132670051955,29.52146339416504
1789132670054991,29.52146339416504
1789132670066957,29.52146339416504
1789132670079086,29.52146339416504
1789132670090957,29.52146339416504
1789132670103067,29.52146339416504
1789132670105941,29.52146339416504
1789132670114961,29.52146339416504
1789132670126957,29.52146339416504
1789132670139018,29.52146339416504
1789132670150984,29.52146339416504
1789132670163048,29.52146339416504
1789132670171939,29.52146339416504
1789132670183997,29.52146339416504
1789132670193037,29.52146339416504
1789132670199015,29.52146339416504
1789132670211028,29.52146339416504
1789132670223053,29.52146339416504
1789132670225937,29.52146339416504
1789132670235055,29.52146339416504
1789132670249965,29.52146339416504
1789132670259019,29.52146339416504
1789132670270957,29.52146339416504
1789132670283065,29.52146339416504
1789132670285946,29.52146339416504
1789132670294960,29.52146339416504
1789132670306957,29.52146339416504
1789132670319031,29.52146339416504
1789132670330956,29.52146339416504
1789132670343186,29.52146339416504
1789132670345941,29.52146339416504
1789132670354958,29.52146339416504
1789132670366964,29.52146339416504
1789132670379028,29.52146339416504
1789132670390955,29.52146339416504
1789132670403080,29.52146339416504
1789132670414977,29.52146339416504
1789132670417973,29.52146339416504
1789132670426961,29.52146339416504
1789132670439026,29.52146339416504
1789132670454012,29.52146339416504
1789132670463054,29.52146339416504
1789132670465938,29.52146339416504
1789132670475033,29.52146339416504
1789132670489941,29.52146339416504
1789132670499017,29.52146339416504
1789132670510961,29.52146339416504
1789132670523052,29.52146339416504
1789132670534963,29.52146339416504
1789132670546956,29.52146339416504
1789132670549939,29.52146339416504
1789132670559038,29.52146339416504
1789132670570957,29.52146339416504
1789132670583053,29.52146339416504
1789132670585939,29.52146339416504
1789132670594977,29.52146339416504
1789132670607044,29.52146339416504
1789132670619021,29.52146339416504
1789132670630956,29.52146339416504
1789132670643106,29.52146339416504
1789132670645948,29.52146339416504
1789132670663981,29.52146339416504
1789132670666956,29.52146339416504
1789132670679020,29.52146339416504
1789132670690976,29.52146339416504
1789132670703063,29.52146339416504
1789132670706007,29.52146339416504
1789132670714959,29.52146339416504
1789132670726961,29.52146339416504
1789132670739103,29.52146339416504
1789132670750957,29.52146339416504
1789132670763048,29.52146339416504
1789132670765937,29.52146339416504
1789132670774961,29.52146339416504
1789132670786969,29.52146339416504
1789132670799022,29.52146339416504
1789132670810955,29.52146339416504
1789132670823094,29.52146339416504
1789132670825939,29.52146339416504
1789132670834970,29.52146339416504
1789132670853066,29.52146339416504
1789132670859026,29.52146339416504
1789132670871038,29.52146339416504
1789132670883063,29.52146339416504
1789132670894978,29.52146339416504
1789132670906970,29.52146339416504
1789132670909961,29.52146339416504
1789132670919205,29.52146339416504
1789132670930978,29.52146339416504
1789132670943083,29.521474838256836
1789132670954985,29.521465301513672
1789132670957951,29.521465301513672
1789132670970016,29.521465301513672
1789132670979033,29.521465301513672
1789132670990965,29.521465301513672
1789132671003125,29.521465301513672
1789132671009021,29.521465301513672
1789132671017960,29.521465301513672
1789132671029949,29.521465301513672
1789132671039035,29.521465301513672
1789132671050964,29.521465301513672
1789132671063090,29.521465301513672
1789132671065946,29.521465301513672
1789132671074968,29.521465301513672
1789132671086992,29.521465301513672
1789132671099029,29.521465301513672
1789132671110977,29.52144432067871
1789132671123060,29.52144432067871
1789132671129023,29.521427154541016
1789132671135046,29.52146339416504
1789132671146965,29.52146339416504
1789132671159028,29.52146339416504
1789132671170967,29.52146339416504
1789132671183060,29.52146339416504
1789132671191949,29.52146339416504
1789132671195038,29.52146339416504
1789132671213054,29.52146339416504
1789132671219051,29.52146339416504
1789132671230964,29.52146339416504
1789132671243079,29.52146339416504
1789132671245947,29.52146339416504
1789132671255010,29.52146339416504
1789132671273049,29.52146339416504
1789132671281959,29.52146339416504
1789132671293972,29.52146339416504
1789132671303060,29.52146339416504
1789132671305947,29.52146339416504
1789132671314967,29.52146339416504
1789132671326987,29.52146339416504
1789132671339033,29.52146339416504
1789132671350985,29.52146339416504
1789132671363072,29.52146339416504
1789132671374968,29.52146339416504
1789132671386965,29.52146339416504
1789132671389947,29.52146339416504
1789132671399110,29.52146339416504
1789132671410966,29.52146339416504
1789132671423082,29.52146339416504
1789132671425947,29.52146339416504
1789132671435177,29.52147674560547
1789132671446970,29.521465301513672
1789132671459026,29.521465301513672
1789132671470965,29.521465301513672
1789132671483075,29.521465301513672
1789132671485965,29.521465301513672
1789132671500953,29.521465301513672
1789132671506989,29.521465301513672
1789132671519040,29.521465301513672
1789132671534020,29.521465301513672
1789132671543080,29.521465301513672
1789132671545945,29.521465301513672
1789132671554968,29.521465301513672
1789132671566968,29.521465301513672
1789132671579045,29.521465301513672
1789132671590964,29.521465301513672
1789132671603075,29.521465301513672
1789132671611949,29.521465301513672
1789132671614986,29.521427154541016
1789132671626965,29.52146339416504
1789132671639035,29.521427154541016
1789132671650982,29.52146339416504
1789132671663125,29.52146339416504
1789132671674967,29.52146339416504
1789132671677962,29.52146339416504
1789132671689949,29.52146339416504
1789132671701947,29.52146339416504
1789132671710966,29.52146339416504
1789132671723059,29.52146339416504
1789132671725957,29.52146339416504
1789132671734970,29.52146339416504
1789132671746998,29.52146339416504
1789132671759027,29.52146339416504
1789132671770966,29.52146339416504
1789132671783059,29.52146339416504
1789132671785949,29.52146339416504
1789132671795036,29.52146339416504
1789132671806965,29.52146339416504
1789132671819030,29.52146339416504
1789132671830970,29.52146339416504
1789132671843084,29.52146339416504
1789132671845984,29.52146339416504
1789132671861046,29.52146339416504
1789132671866986,29.52146339416504
1789132671879054,29.52146339416504
1789132671890974,29.52146339416504
1789132671903082,29.52146339416504
1789132671905957,29.52146339416504
1789132671914979,29.52146339416504
1789132671933059,29.52146339416504
1789132671941968,29.52146339416504
1789132671953996,29.52146339416504
1789132671963073,29.52146339416504
1789132671965956,29.52146339416504
1789132671974983,29.52146339416504
1789132671986976,29.52146339416504
1789132671999040,29.52146339416504
1789132672010995,29.52146339416504
1789132672023073,29.52146339416504
1789132672034983,29.52146339416504
1789132672037961,29.52146339416504
1789132672046975,29.52146339416504
1789132672061962,29.52146339416504
1789132672070974,29.52146339416504
1789132672083071,29.52146339416504
1789132672085971,29.52146339416504
1789132672095083,29.52146339416504
1789132672106976,29.52146339416504
1789132672119047,29.52146339416504
1789132672130973,29.52146339416504
1789132672143108,29.52146339416504
1789132672145975,29.52146339416504
1789132672163995,29.52146339416504
1789132672173063,29.52146339416504
1789132672179045,29.52146339416504
1789132672191048,29.52146339416504
1789132672203069,29.52146339416504
1789132672205957,29.52146339416504
1789132672214977,29.52146339416504
1789132672226979,29.52146339416504
1789132672239045,29.52146339416504
1789132672250988,29.52146339416504
1789132672263069,29.52146339416504
1789132672274998,29.52146339416504
1789132672277957,29.52146339416504
1789132672290036,29.52146339416504
1789132672299035,29.52146339416504
1789132672313983,29.52146339416504
1789132672323158,29.52146339416504
1789132672326006,29.52146339416504
1789132672335181,29.52146339416504
1789132672349959,29.52146339416504
1789132672361955,29.52146339416504
1789132672370974,29.52146339416504
1789132672383088,29.52146339416504
1789132672385958,29.52146339416504
1789132672394979,29.52146339416504
1789132672406993,29.52146339416504
1789132672419070,29.52146339416504
1789132672430974,29.52146339416504
1789132672443094,29.52146339416504
1789132672445957,29.52146339416504
1789132672463982,29.52146339416504
1789132672466975,29.52146339416504
1789132672479037,29.52146339416504
1789132672490978,29.52146339416504
1789132672503068,29.52146339416504
1789132672505994,29.52146339416504
1789132672515052,29.52146339416504
1789132672526990,29.52146339416504
1789132672539037,29.52146339416504
1789132672550974,29.52146339416504
1789132672563087,29.52146339416504
1789132672565957,29.52146339416504
1789132672574987,29.52146339416504
1789132672593060,29.52146339416504
1789132672601968,29.52146339416504
1789132672613982,29.52146339416504
1789132672623073,29.52146339416504
1789132672625956,29.52146339416504
1789132672634980,29.52146339416504
1789132672646976,29.52146339416504
1789132672659043,29.52146339416504
1789132672670976,29.52146339416504
1789132672683068,29.52146339416504
1789132672691957,29.52146339416504
1789132672694978,29.52146339416504
1789132672706976,29.52146339416504
1789132672719114,29.52146339416504
1789132672730976,29.52146339416504
1789132672743121,29.52146339416504
1789132672745968,29.52146339416504
1789132672755188,29.52146339416504
1789132672766990,29.52146339416504
1789132672779052,29.52146339416504
1789132672790975,29.52146339416504
1789132672803066,29.52146339416504
1789132672805956,29.52146339416504
1789132672814978,29.52146339416504
1789132672833065,29.52146339416504
1789132672839046,29.52146339416504
1789132672851059,29.52146339416504
1789132672863101,29.52146339416504
1789132672875008,29.52146339416504
1789132672886987,29.52146339416504
1789132672889965,29.52146339416504
1789132672899045,29.52146339416504
1789132672910997,29.52146339416504
1789132672923112,29.52146339416504
1789132672931969,29.52146339416504
1789132672934993,29.52146339416504
1789132672946986,29.52146339416504
1789132672959051,29.52146339416504
1789132672970982,29.52146339416504
1789132672983171,29.52146339416504
1789132672989049,29.52146339416504
1789132672997970,29.52146339416504
1789132673007006,29.52146339416504
1789132673019053,29.52146339416504
1789132673030984,29.52146339416504
1789132673043099,29.52146339416504
1789132673051979,29.52146339416504
1789132673055000,29.52146339416504
1789132673066993,29.52146339416504
1789132673079062,29.52146339416504
1789132673090985,29.52146339416504
1789132673103095,29.52146339416504
1789132673105984,29.52146339416504
1789132673115054,29.52146339416504
1789132673126985,29.52146339416504
1789132673141976,29.52146339416504
1789132673154015,29.521425247192383
1789132673163084,29.52147674560547
1789132673174993,29.521465301513672
1789132673186984,29.521465301513672
1789132673189966,29.521465301513672
1789132673199046,29.521465301513672
1789132673210985,29.521465301513672
1789132673223126,29.521465301513672
1789132673229046,29.521465301513672
1789132673240974,29.521465301513672
1789132673247057,29.521465301513672
1789132673259047,29.521465301513672
1789132673271003,29.521465301513672
1789132673283088,29.521465301513672
1789132673285975,29.521465301513672
1789132673295591,29.521465301513672
1789132673306988,29.521465301513672
1789132673319066,29.521465301513672
1789132673330983,29.521465301513672
1789132673343100,29.521465301513672
1789132673349046,29.521465301513672
1789132673355030,29.521465301513672
1789132673373081,29.521465301513672
1789132673379127,29.521465301513672
1789132673390987,29.52144432067871
1789132673403096,29.52145004272461
1789132673405966,29.52150535583496
1789132673414990,29.52145004272461
1789132673426986,29.52146339416504
1789132673439052,29.52146339416504
1789132673450984,29.52146339416504
1789132673463079,29.52146339416504
1789132673469067,29.52146339416504
1789132673474987,29.52146339416504
1789132673493072,29.52146339416504
1789132673499046,29.52146339416504
1789132673511057,29.52146339416504
1789132673523087,29.52146339416504
1789132673526011,29.52146339416504
1789132673534990,29.52146339416504
1789132673546988,29.52146339416504
1789132673559046,29.52146339416504
1789132673570993,29.52146339416504
1789132673583079,29.52146339416504
1789132673594987,29.52146339416504
1789132673606984,29.52146339416504
1789132673610076,29.52146339416504
1789132673619054,29.52146339416504
1789132673630983,29.52146339416504
1789132673643316,29.52146339416504
1789132673645970,29.52146339416504
1789132673655046,29.52146339416504
1789132673669977,29.52146339416504
1789132673681975,29.52146339416504
1789132673690988,29.52146339416504
1789132673703082,29.52146339416504
1789132673705966,29.52146339416504
1789132673715063,29.52146339416504
1789132673726983,29.52146339416504
1789132673739046,29.52146339416504
1789132673750984,29.52146339416504
1789132673763093,29.52146339416504
1789132673765966,29.52146339416504
1789132673775068,29.52146339416504
1789132673786983,29.52146339416504
1789132673799045,29.52146339416504
1789132673810987,29.52146339416504
1789132673823081,29.52146339416504
1789132673825975,29.52146339416504
1789132673835000,29.52147674560547
1789132673846986,29.521465301513672
1789132673859055,29.521465301513672
1789132673870994,29.521465301513672
1789132673883092,29.521465301513672
1789132673885975,29.521465301513672
1789132673894994,29.521465301513672
1789132673913082,29.521465301513672
1789132673921987,29.521465301513672
1789132673934003,29.521465301513672
1789132673943112,29.521465301513672
1789132673945976,29.521465301513672
1789132673964001,29.521465301513672
1789132673966994,29.521465301513672
1789132673979065,29.521465301513672
1789132673990994,29.521465301513672
1789132674003109,29.521465301513672
1789132674011975,29.521465301513672
1789132674015001,29.521465301513672
1789132674026993,29.521465301513672
1789132674039150,29.521465301513672
1789132674050992,29.521465301513672
1789132674063097,29.521465301513672
1789132674072144,29.521465301513672
1789132674075049,29.521425247192383
1789132674086993,29.52146339416504
1789132674099057,29.52146339416504
1789132674110994,29.52146339416504
1789132674123098,29.52146339416504
1789132674125990,29.52146339416504
1789132674135022,29.52146339416504
1789132674153191,29.52146339416504
1789132674159140,29.52146339416504
1789132674171216,29.52146339416504
1789132674183193,29.52146339416504
1789132674186066,29.52146339416504
1789132674195086,29.52146339416504
1789132674207083,29.52146339416504
1789132674219145,29.52146339416504
1789132674231093,29.52146339416504
1789132674243215,29.52146339416504
1789132674255125,29.52146339416504
1789132674258075,29.52146339416504
1789132674270157,29.52146339416504
1789132674279141,29.52146339416504
1789132674291080,29.52146339416504
1789132674303329,29.52146339416504
1789132674309136,29.52146339416504
1789132674318066,29.52146339416504
1789132674327080,29.52146339416504
1789132674339153,29.52146339416504
1789132674351091,29.52146339416504
1789132674363189,29.52146339416504
1789132674366076,29.52146339416504
1789132674375080,29.52146339416504
1789132674387088,29.52146339416504
1789132674399277,29.52146339416504
1789132674411082,29.52146339416504
1789132674423192,29.52146339416504
1789132674426062,29.52146339416504
1789132674435205,29.52146339416504
1789132674447109,29.52146339416504
1789132674462075,29.52146339416504
1789132674474115,29.52146339416504
1789132674483200,29.52146339416504
1789132674495085,29.52146339416504
1789132674507105,29.52146339416504
1789132674510197,29.52146339416504
1789132674519154,29.52146339416504
1789132674531091,29.52146339416504
1789132674543228,29.52146339416504
1789132674549147,29.52146339416504
1789132674561089,29.52146339416504
1789132674570065,29.52146339416504
1789132674579156,29.52146339416504
1789132674591081,29.52146339416504
1789132674603240,29.52146339416504
1789132674606105,29.52146339416504
1789132674615083,29.52146339416504
1789132674627093,29.52146339416504
1789132674639151,29.52146339416504
1789132674651079,29.52146339416504
1789132674663189,29.52146339416504
1789132674666132,29.52146339416504
1789132674681070,29.52146339416504
1789132674687080,29.52146339416504
1789132674699240,29.52146339416504
1789132674711112,29.52146339416504
1789132674723192,29.52146339416504
1789132674726077,29.52146339416504
1789132674735139,29.52146339416504
1789132674747092,29.521474838256836
1789132674759155,29.521501541137695
1789132674771081,29.521465301513672
1789132674783187,29.521465301513672
1789132674786066,29.521465301513672
1789132674795086,29.521465301513672
1789132674807098,29.521465301513672
1789132674819162,29.521465301513672
1789132674831167,29.521465301513672
1789132674843213,29.52144432067871
1789132674846094,29.52146339416504
1789132674855144,29.52146339416504
1789132674867123,29.52146339416504
1789132674879150,29.52146339416504
1789132674891107,29.521484375
1789132674903213,29.521453857421875
1789132674912074,29.52146339416504
1789132674915092,29.52146339416504
1789132674927088,29.52146339416504
1789132674939169,29.52146339416504
1789132674951106,29.52146339416504
1789132674963273,29.52146339416504
1789132674966075,29.52146339416504
1789132674975505,29.52146339416504
1789132674987098,29.52146339416504
1789132674999152,29.52146339416504
1789132675011091,29.52146339416504
1789132675023201,29.52146339416504
1789132675026070,29.52146339416504
1789132675035126,29.52146339416504
1789132675047126,29.52146339416504
1789132675059157,29.52146339416504
1789132675071106,29.521501541137695
1789132675083200,29.521465301513672
1789132675086075,29.521465301513672
1789132675095158,29.521465301513672
1789132675107090,29.521465301513672
1789132675119161,29.521465301513672
1789132675134155,29.521501541137695
1789132675143243,29.52145004272461
1789132675155125,29.52146339416504
1789132675158072,29.52146339416504
1789132675167114,29.52146339416504
1789132675179155,29.52146339416504
1789132675191101,29.52146339416504
1789132675203287,29.52146339416504
1789132675209171,29.52146339416504
1789132675221094,29.52146339416504
1789132675233164,29.52146339416504
1789132675239156,29.521484375
1789132675251088,29.521484375
1789132675263206,29.521484375
1789132675266071,29.521425247192383
1789132675275102,29.52147674560547
1789132675287101,29.521465301513672
1789132675299154,29.521465301513672
1789132675311091,29.521465301513672
1789132675323199,29.521465301513672
1789132675326153,29.521465301513672
1789132675335166,29.521465301513672
1789132675347105,29.521465301513672
1789132675359218,29.521465301513672
1789132675371104,29.521465301513672
1789132675383227,29.52145004272461
1789132675386079,29.52150535583496
1789132675395094,29.52145004272461
1789132675407118,29.52146339416504
1789132675419153,29.52146339416504
1789132675431088,29.52146339416504
1789132675443235,29.521499633789062
1789132675452087,29.521465301513672
1789132675464096,29.52147674560547
1789132675467138,29.521427154541016
1789132675479151,29.521427154541016
1789132675491186,29.52146339416504
1789132675503243,29.52146339416504
1789132675515126,29.52146339416504
1789132675527198,29.52146339416504
1789132675530080,29.52146339416504
1789132675539165,29.52147674560547
1789132675551094,29.521453857421875
1789132675563211,29.52146339416504
1789132675566089,29.52146339416504
1789132675581077,29.52146339416504
1789132675587127,29.52146339416504
1789132675599184,29.52146339416504
1789132675614019,29.52146339416504
1789132675623208,29.52146339416504
1789132675625991,29.52146339416504
1789132675635025,29.52146339416504
1789132675647004,29.52146339416504
1789132675659068,29.52146339416504
1789132675671003,29.52146339416504
1789132675683099,29.52146339416504
1789132675695017,29.52146339416504
1789132675697986,29.52146339416504
1789132675707004,29.52146339416504
1789132675719080,29.52146339416504
1789132675731020,29.52146339416504
1789132675743109,29.52146339416504
1789132675745987,29.52146339416504
1789132675755073,29.52146339416504
1789132675769997,29.52146339416504
1789132675781989,29.52146339416504
1789132675791008,29.52146339416504
1789132675803102,29.52146339416504
1789132675811991,29.52146339416504
1789132675815007,29.52146339416504
1789132675827004,29.52146339416504
1789132675839075,29.521501541137695
1789132675851005,29.52146339416504
1789132675863097,29.52146339416504
1789132675875035,29.52146339416504
1789132675881001,29.52146339416504
1789132675887083,29.52146339416504
1789132675899095,29.52146339416504
1789132675911016,29.52146339416504
1789132675923113,29.52146339416504
1789132675926022,29.52146339416504
1789132675935406,29.52146339416504
1789132675947020,29.52146339416504
1789132675959076,29.52146339416504
1789132675971013,29.52146339416504
1789132675983106,29.52146339416504
1789132675986069,29.52146339416504
1789132676001011,29.52146339416504
1789132676013101,29.52144432067871
1789132676019152,29.521484375
1789132676031033,29.52146339416504
1789132676043126,29.52146339416504
1789132676045996,29.52146339416504
1789132676055051,29.52146339416504
1789132676067014,29.52146339416504
1789132676079097,29.52146339416504
1789132676091017,29.52146339416504
1789132676103109,29.52146339416504
1789132676105997,29.52146339416504
1789132676121005,29.52146339416504
1789132676127014,29.52146339416504
1789132676139077,29.52146339416504
1789132676151082,29.52146339416504
1789132676163158,29.52146339416504
1789132676165998,29.52146339416504
1789132676175017,29.52147674560547
1789132676187018,29.521465301513672
1789132676199074,29.521501541137695
1789132676211015,29.521465301513672
1789132676223142,29.521465301513672
1789132676232073,29.521465301513672
1789132676244033,29.521465301513672
1789132676247032,29.521425247192383
1789132676259076,29.521427154541016
1789132676271029,29.52144432067871
1789132676283199,29.52144432067871
1789132676295033,29.52146339416504
1789132676298007,29.52146339416504
1789132676310024,29.52146339416504
1789132676322006,29.52146339416504
1789132676331107,29.52146339416504
1789132676343124,29.52146339416504
1789132676345996,29.52146339416504
1789132676355020,29.52146339416504
1789132676367015,29.52146339416504
1789132676379087,29.52146339416504
1789132676391014,29.521484375
1789132676403112,29.521484375
1789132676405996,29.521425247192383
1789132676415088,29.52147674560547
1789132676427032,29.521465301513672
1789132676441995,29.521465301513672
1789132676451018,29.521465301513672
1789132676463106,29.521465301513672
1789132676466029,29.521465301513672
1789132676484066,29.521465301513672
1789132676487016,29.521465301513672
1789132676499084,29.521465301513672
1789132676511015,29.521465301513672
1789132676523119,29.521465301513672
1789132676525996,29.521465301513672
1789132676535024,29.521465301513672
1789132676553120,29.521465301513672
1789132676562006,29.521465301513672
1789132676574020,29.521501541137695
1789132676583108,29.52145004272461
1789132676591998,29.52144432067871
1789132676595029,29.52146339416504
1789132676607026,29.52146339416504
1789132676619079,29.52146339416504
1789132676631015,29.52146339416504
1789132676643174,29.521499633789062
1789132676652000,29.521465301513672
1789132676655029,29.521465301513672
1789132676667014,29.521465301513672
1789132676679142,29.521465301513672
1789132676691014,29.521465301513672
1789132676703122,29.521465301513672
1789132676706028,29.521465301513672
1789132676715068,29.521465301513672
1789132676727027,29.521453857421875
1789132676739075,29.52146339416504
1789132676751011,29.52146339416504
1789132676763105,29.52146339416504
1789132676765997,29.52146339416504
1789132676775042,29.52146339416504
1789132676787032,29.52146339416504
1789132676799076,29.52146339416504
1789132676811090,29.52146339416504
1789132676823114,29.52146339416504
1789132676825996,29.52146339416504
1789132676835019,29.52146339416504
1789132676847020,29.52146339416504
1789132676859075,29.52146339416504
1789132676871014,29.52146339416504
1789132676883136,29.52146339416504
1789132676892016,29.52146339416504
1789132676904031,29.52145004272461
1789132676907044,29.521501541137695
1789132676919097,29.521501541137695
1789132676931025,29.521484375
1789132676943235,29.521484375
1789132676946013,29.521465301513672
1789132676958019,29.521465301513672
1789132676970009,29.521501541137695
1789132676979098,29.521465301513672
1789132676991024,29.521465301513672
1789132677003135,29.521465301513672
1789132677006026,29.521465301513672
1789132677015024,29.521465301513672
1789132677027036,29.521465301513672
1789132677039115,29.521427154541016
1789132677051025,29.521465301513672
1789132677063118,29.521465301513672
1789132677066008,29.521465301513672
1789132677075099,29.521465301513672
1789132677087025,29.521465301513672
1789132677099091,29.521465301513672
1789132677114043,29.52150535583496
1789132677123127,29.521465301513672
1789132677135029,29.521465301513672
1789132677147026,29.521465301513672
1789132677150007,29.521465301513672
1789132677159102,29.521465301513672
1789132677171042,29.521465301513672
1789132677183118,29.521465301513672
1789132677189092,29.521465301513672
1789132677201014,29.521465301513672
1789132677207098,29.52144432067871
1789132677219090,29.521427154541016
1789132677231029,29.52146339416504
1789132677243142,29.52146339416504
1789132677246009,29.52146339416504
1789132677264030,29.52146339416504
1789132677267029,29.52146339416504
1789132677279097,29.52146339416504
1789132677291025,29.52146339416504
1789132677303136,29.52146339416504
1789132677306077,29.52146339416504
1789132677315027,29.52146339416504
1789132677327026,29.52146339416504
1789132677339156,29.52146339416504
1789132677351034,29.52146339416504
1789132677363117,29.52146339416504
1789132677366017,29.52146339416504
1789132677375032,29.52146339416504
1789132677387024,29.52146339416504
1789132677399087,29.52146339416504
1789132677411026,29.52146339416504
1789132677423127,29.52146339416504
1789132677426008,29.52146339416504
1789132677444042,29.52146339416504
1789132677453105,29.52146339416504
1789132677459085,29.52146339416504
1789132677471094,29.52146339416504
1789132677483120,29.52146339416504
1789132677489080,29.52146339416504
1789132677495027,29.52146339416504
1789132677507036,29.52146339416504
1789132677519112,29.52146339416504
1789132677531031,29.52146339416504
1789132677543138,29.52146339416504
1789132677546027,29.52146339416504
1789132677555049,29.52146339416504
1789132677567025,29.52146339416504
1789132677579129,29.52146339416504
1789132677591025,29.52146339416504
1789132677603258,29.521484375
1789132677609083,29.521501541137695
1789132677615029,29.52144432067871
1789132677627025,29.52146339416504
1789132677639096,29.52146339416504
1789132677651024,29.52146339416504
1789132677663121,29.52146339416504
1789132677675135,29.52146339416504
1789132677684041,29.52146339416504
1789132677690008,29.52146339416504
1789132677699082,29.52146339416504
1789132677711047,29.52146339416504
1789132677723121,29.52146339416504
1789132677726007,29.52146339416504
1789132677735101,29.52146339416504
1789132677747025,29.52146339416504
1789132677762017,29.52146339416504
1789132677774038,29.52146339416504
1789132677783123,29.52146339416504
1789132677795029,29.52146339416504
1789132677807026,29.52146339416504
1789132677810044,29.52146339416504
1789132677819093,29.52146339416504
1789132677831025,29.52146339416504
1789132677843171,29.52146339416504
1789132677849088,29.52146339416504
1789132677861014,29.52144432067871
1789132677867099,29.52146339416504
1789132677879099,29.52146339416504
1789132677891035,29.52146339416504
1789132677903146,29.52146339416504
1789132677906018,29.52146339416504
1789132677915036,29.52146339416504
1789132677927048,29.52146339416504
1789132677939111,29.52146339416504
1789132677951034,29.52146339416504
1789132677963127,29.52146339416504
1789132677969086,29.52146339416504
1789132677975069,29.52146339416504
1789132677987036,29.52146339416504
1789132677999165,29.52146339416504
1789132678011038,29.52146339416504
1789132678023130,29.52146339416504
1789132678026017,29.52146339416504
1789132678035043,29.52146339416504
1789132678047035,29.52146339416504
1789132678059095,29.52146339416504
1789132678071035,29.52146339416504
1789132678083151,29.52146339416504
1789132678092023,29.52146339416504
1789132678095038,29.52146339416504
1789132678110037,29.52146339416504
1789132678119107,29.52146339416504
1789132678131103,29.52146339416504
1789132678143168,29.52146339416504
1789132678146017,29.52146339416504
1789132678155047,29.52146339416504
1789132678170026,29.52146339416504
1789132678179107,29.52146339416504
1789132678191035,29.52146339416504
1789132678203126,29.52146339416504
1789132678206035,29.52146339416504
1789132678215045,29.52146339416504
1789132678227035,29.52146339416504
1789132678239123,29.52146339416504
1789132678251035,29.52146339416504
1789132678263197,29.52146339416504
1789132678266022,29.52146339416504
1789132678275037,29.52146339416504
1789132678293139,29.52146339416504
1789132678302041,29.52146339416504
1789132678311042,29.52147674560547
1789132678323130,29.521465301513672
1789132678326018,29.521465301513672
1789132678335043,29.521465301513672
1789132678347035,29.521465301513672
1789132678362163,29.521465301513672
1789132678371055,29.521465301513672
1789132678383151,29.52144432067871
1789132678389092,29.521427154541016
1789132678401021,29.52144432067871
1789132678407035,29.52146339416504
1789132678419101,29.52146339416504
1789132678431037,29.52146339416504
1789132678443149,29.52146339416504
1789132678446033,29.52146339416504
1789132678455077,29.52146339416504
1789132678467045,29.52146339416504
1789132678479112,29.52146339416504
1789132678494121,29.52146339416504
1789132678503146,29.52146339416504
1789132678506024,29.52146339416504
1789132678515037,29.52146339416504
1789132678527104,29.52146339416504
1789132678542027,29.52146339416504
1789132678554067,29.52146339416504
1789132678563169,29.52146339416504
1789132678566018,29.52146339416504
1789132678584042,29.52146339416504
1789132678587039,29.52146339416504
1789132678599095,29.52146339416504
1789132678611067,29.52146339416504
1789132678623132,29.521501541137695
1789132678632026,29.521465301513672
1789132678641024,29.521484375
1789132678647035,29.52144432067871
1789132678659166,29.521427154541016
1789132678671035,29.52144432067871
1789132678683135,29.52144432067871
1789132678686029,29.52150535583496
1789132678695087,29.52145004272461
1789132678707035,29.52146339416504
1789132678719107,29.52146339416504
1789132678731035,29.52146339416504
1789132678743165,29.52146339416504
1789132678746017,29.52146339416504
1789132678755055,29.52146339416504
1789132678767046,29.52146339416504
1789132678779103,29.52146339416504
1789132678791110,29.521484375
1789132678803164,29.52146339416504
1789132678806019,29.52146339416504
1789132678815041,29.52146339416504
1789132678827038,29.52146339416504
1789132678839104,29.52146339416504
1789132678851037,29.52146339416504
1789132678863140,29.52146339416504
1789132678872027,29.52146339416504
1789132678884042,29.52145004272461
1789132678887046,29.52146339416504
1789132678899127,29.52146339416504
1789132678914049,29.52146339416504
1789132678923207,29.52146339416504
1789132678926114,29.52146339416504
1789132678935111,29.52146339416504
1789132678950029,29.521425247192383
1789132678959108,29.52147674560547
1789132678971043,29.521484375
1789132678983136,29.521484375
1789132678986028,29.521425247192383
1789132678995045,29.52147674560547
1789132679007062,29.521465301513672
1789132679019110,29.521465301513672
1789132679031044,29.52144432067871
1789132679043154,29.52144432067871
1789132679049102,29.52146339416504
1789132679061031,29.52144432067871
1789132679067043,29.52146339416504
1789132679079107,29.52146339416504
1789132679094064,29.52146339416504
1789132679103159,29.52146339416504
1789132679115049,29.52146339416504
1789132679124055,29.52146339416504
1789132679127046,29.52146339416504
1789132679139122,29.52146339416504
1789132679151062,29.52146339416504
1789132679163136,29.52146339416504
1789132679166026,29.52146339416504
1789132679175046,29.52146339416504
1789132679193150,29.52146339416504
1789132679199108,29.52146339416504
1789132679211049,29.52146339416504
1789132679223143,29.52146339416504
1789132679226027,29.52146339416504
1789132679235050,29.52146339416504
1789132679247044,29.52146339416504
1789132679259121,29.52146339416504
1789132679271061,29.52146339416504
1789132679283138,29.52146339416504
1789132679292038,29.52146339416504
1789132679301033,29.52144432067871
1789132679307045,29.521484375
1789132679319183,29.521499633789062
1789132679331043,29.521484375
1789132679343150,29.52146339416504
1789132679346026,29.52146339416504
1789132679355051,29.52146339416504
1789132679367045,29.52146339416504
1789132679379113,29.52146339416504
1789132679391044,29.52146339416504
1789132679403155,29.52146339416504
1789132679412052,29.52146339416504
1789132679424046,29.52145004272461
1789132679427044,29.52146339416504
1789132679439112,29.52146339416504
1789132679451115,29.52146339416504
1789132679463155,29.52146339416504
1789132679475045,29.52146339416504
1789132679487131,29.52146339416504
1789132679490035,29.52146339416504
1789132679499112,29.52146339416504
1789132679511047,29.52146339416504
1789132679523137,29.52146339416504
1789132679526027,29.52146339416504
1789132679535048,29.52146339416504
1789132679547054,29.52146339416504
1789132679559107,29.52146339416504
1789132679571044,29.52146339416504
1789132679583257,29.52146339416504
1789132679586032,29.52146339416504
1789132679595046,29.52146339416504
1789132679607045,29.52146339416504
1789132679619112,29.52146339416504
1789132679631044,29.52146339416504
1789132679643153,29.52146339416504
1789132679646036,29.52146339416504
1789132679655130,29.52146339416504
1789132679667059,29.52146339416504
1789132679679105,29.52146339416504
1789132679691043,29.52146339416504
1789132679703141,29.52146339416504
1789132679715113,29.52146339416504
1789132679727053,29.52146339416504
1789132679730037,29.52146339416504
1789132679742035,29.52146339416504
1789132679754082,29.52146339416504
1789132679763147,29.52146339416504
1789132679766026,29.52146339416504
1789132679775046,29.52146339416504
1789132679787062,29.52146339416504
1789132679799106,29.52146339416504
1789132679811052,29.52146339416504
1789132679823140,29.521484375
1789132679826026,29.521425247192383
1789132679835048,29.52147674560547
1789132679850039,29.521465301513672
1789132679859105,29.521465301513672
1789132679871043,29.521465301513672
1789132679883141,29.521465301513672
1789132679886066,29.521465301513672
1789132679901041,29.521484375
1789132679907058,29.52144432067871
1789132679919162,29.521427154541016
1789132679931053,29.52144432067871
1789132679943164,29.52144432067871
1789132679946107,29.521501541137695
1789132679955076,29.52145004272461
1789132679973137,29.52146339416504
1789132679979195,29.521484375
1789132679991053,29.521484375
1789132680003145,29.521484375
1789132680006036,29.521425247192383
1789132680015060,29.52147674560547
1789132680027054,29.521465301513672
1789132680039136,29.521465301513672
1789132680051083,29.521453857421875
1789132680063149,29.52146339416504
1789132680075058,29.52146339416504
1789132680078124,29.52146339416504
1789132680090035,29.52146339416504
1789132680102036,29.52146339416504
1789132680111124,29.52146339416504
1789132680123161,29.52146339416504
1789132680126049,29.52146339416504
1789132680135068,29.52146339416504
1789132680147076,29.52146339416504
1789132680159116,29.52146339416504
1789132680171053,29.52146339416504
1789132680183180,29.52146339416504
1789132680186055,29.52146339416504
1789132680195055,29.52146339416504
1789132680207063,29.52146339416504
1789132680219119,29.52146339416504
1789132680231053,29.52146339416504
1789132680243252,29.52146339416504
1789132680246040,29.52146339416504
1789132680255068,29.52146339416504
1789132680267054,29.52146339416504
1789132680279119,29.52146339416504
1789132680291065,29.52146339416504
1789132680303168,29.52146339416504
1789132680315077,29.52146339416504
1789132680327054,29.52146339416504
1789132680330053,29.52146339416504
1789132680339117,29.52146339416504
1789132680351055,29.52146339416504
1789132680363172,29.52146339416504
1789132680369116,29.52146339416504
1789132680375134,29.52146339416504
1789132680387054,29.52146339416504
1789132680399116,29.52146339416504
1789132680411059,29.52146339416504
1789132680423149,29.52146339416504
1789132680432044,29.52146339416504
1789132680435081,29.52146339416504
1789132680447082,29.52146339416504
1789132680459114,29.521501541137695
1789132680471054,29.521484375
1789132680483146,29.521484375
1789132680486038,29.521425247192383
1789132680504059,29.521465301513672
1789132680507130,29.521465301513672
1789132680522051,29.521465301513672
1789132680534086,29.521501541137695
1789132680543268,29.521451950073242
1789132680546036,29.521507263183594
1789132680564060,29.52146339416504
1789132680567072,29.52146339416504
1789132680579150,29.52146339416504
1789132680591055,29.52146339416504
1789132680603154,29.521501541137695
1789132680612048,29.521465301513672
1789132680621043,29.521465301513672
1789132680627054,29.52144432067871
1789132680642040,29.52150535583496
1789132680651054,29.52145004272461
1789132680663165,29.52144432067871
1789132680666065,29.52150535583496
1789132680675115,29.521465301513672
1789132680687054,29.521465301513672
1789132680699131,29.521501541137695
1789132680711057,29.521465301513672
1789132680723186,29.521427154541016
1789132680732066,29.52146339416504
1789132680741132,29.52146339416504
1789132680747055,29.52146339416504
1789132680759134,29.52146339416504
1789132680771122,29.52146339416504
1789132680783152,29.52146339416504
1789132680786050,29.52146339416504
1789132680795056,29.52147674560547
1789132680807058,29.521465301513672
1789132680819119,29.521465301513672
1789132680831071,29.521465301513672
1789132680843191,29.52144432067871
1789132680852038,29.52146339416504
1789132680855089,29.521501541137695
1789132680867055,29.521465301513672
1789132680879166,29.521501541137695
1789132680891055,29.521465301513672
1789132680903248,29.521465301513672
1789132680906050,29.521465301513672
1789132680915070,29.521465301513672
1789132680927064,29.521465301513672
1789132680939129,29.521465301513672
1789132680951064,29.521465301513672
1789132680963219,29.52144432067871
1789132680975076,29.521474838256836
1789132680978058,29.521425247192383
1789132680987073,29.52147674560547
1789132680999125,29.521501541137695
1789132681011067,29.521465301513672
1789132681023161,29.521465301513672
1789132681029141,29.521465301513672
1789132681041052,29.521484375
1789132681047064,29.52144432067871
1789132681059125,29.521427154541016
1789132681071068,29.52146339416504
1789132681083155,29.52146339416504
1789132681086049,29.52146339416504
1789132681095083,29.52146339416504
1789132681113149,29.52146339416504
1789132681119138,29.52146339416504
1789132681131089,29.52146339416504
1789132681143184,29.52146339416504
1789132681146048,29.52146339416504
1789132681155067,29.52146339416504
1789132681167132,29.52146339416504
1789132681179142,29.52146339416504
1789132681191065,29.52146339416504
1789132681203277,29.52146339416504
1789132681206047,29.52146339416504
1789132681215066,29.52146339416504
1789132681227081,29.52146339416504
1789132681239163,29.52146339416504
1789132681251064,29.52146339416504
1789132681263156,29.52146339416504
1789132681266114,29.52146339416504
1789132681281262,29.52146339416504
1789132681293160,29.52146339416504
1789132681299198,29.521484375
1789132681311067,29.521484375
1789132681323160,29.521465301513672
1789132681326065,29.521465301513672
1789132681335072,29.521465301513672
1789132681347077,29.521453857421875
1789132681359172,29.521427154541016
1789132681371062,29.52146339416504
1789132681383208,29.52146339416504
1789132681392069,29.52146339416504
1789132681395071,29.52146339416504
1789132681407064,29.52146339416504
1789132681419127,29.52146339416504
1789132681431131,29.52146339416504
1789132681443168,29.52146339416504
1789132681455105,29.52146339416504
1789132681467152,29.52146339416504
1789132681470055,29.52146339416504
1789132681479132,29.52147674560547
1789132681491109,29.521465301513672
1789132681503171,29.521465301513672
1789132681509113,29.521465301513672
1789132681515068,29.521465301513672
1789132681527064,29.521465301513672
1789132681539126,29.521465301513672
1789132681551065,29.521465301513672
1789132681563249,29.521465301513672
1789132681569112,29.521465301513672
1789132681575067,29.521465301513672
1789132681587063,29.521465301513672
1789132681599127,29.521465301513672
1789132681611085,29.521465301513672
1789132681623160,29.521465301513672
1789132681626055,29.521465301513672
1789132681635079,29.52145004272461
1789132681653141,29.521484375
1789132681659127,29.52144432067871
1789132681671065,29.52144432067871
1789132681683157,29.52144432067871
1789132681686047,29.52150535583496
1789132681695133,29.52145004272461
1789132681710090,29.52146339416504
1789132681722049,29.52146339416504
1789132681731067,29.52146339416504
1789132681743182,29.52146339416504
1789132681746047,29.52146339416504
1789132681755075,29.52146339416504
1789132681767064,29.52146339416504
1789132681779132,29.52146339416504
1789132681791078,29.52146339416504
1789132681803157,29.521501541137695
1789132681815070,29.521465301513672
1789132681827132,29.521465301513672
1789132681830051,29.521465301513672
1789132681839134,29.521465301513672
1789132681851064,29.521465301513672
1789132681863162,29.521465301513672
1789132681866056,29.521465301513672
1789132681875650,29.521451950073242
1789132681887068,29.521474838256836
1789132681899123,29.521465301513672
1789132681911078,29.521465301513672
1789132681923168,29.521465301513672
1789132681926124,29.521465301513672
1789132681941089,29.521465301513672
1789132681953175,29.521484375
1789132681959208,29.52144432067871
1789132681971084,29.52144432067871
1789132681983171,29.52146339416504
1789132681986065,29.52146339416504
1789132681995080,29.52146339416504
1789132682007092,29.52146339416504
1789132682019153,29.521501541137695
1789132682031076,29.521465301513672
1789132682043174,29.521465301513672
1789132682046056,29.521465301513672
1789132682055108,29.521465301513672
1789132682067074,29.521465301513672
1789132682079137,29.521465301513672
1789132682091142,29.521465301513672
1789132682103171,29.521465301513672
1789132682106084,29.521465301513672
1789132682118060,29.521465301513672
1789132682127078,29.521465301513672
1789132682139168,29.521465301513672
1789132682151086,29.521465301513672
1789132682163186,29.521465301513672
1789132682175084,29.521465301513672
1789132682184091,29.521465301513672
1789132682187085,29.521465301513672
1789132682199135,29.521427154541016
1789132682214107,29.521501541137695
1789132682223266,29.521451950073242
1789132682226061,29.52150535583496
1789132682235079,29.52145004272461
1789132682247075,29.52146339416504
1789132682262064,29.52146339416504
1789132682271105,29.52146339416504
1789132682283173,29.52146339416504
1789132682295091,29.52146339416504
1789132682307075,29.52146339416504
1789132682310082,29.52146339416504
1789132682319154,29.52146339416504
1789132682331096,29.52146339416504
1789132682343196,29.52146339416504
1789132682349133,29.52146339416504
1789132682355160,29.52146339416504
1789132682367074,29.52146339416504
1789132682379143,29.52146339416504
1789132682391077,29.52146339416504
1789132682403193,29.52146339416504
1789132682406055,29.52146339416504
1789132682415170,29.52146339416504
1789132682427084,29.52146339416504
1789132682439147,29.52146339416504
1789132682451075,29.52146339416504
1789132682463165,29.52146339416504
1789132682466056,29.52146339416504
1789132682475078,29.52146339416504
1789132682487144,29.52146339416504
1789132682502093,29.52146339416504
1789132682514089,29.52146339416504
1789132682523173,29.52146339416504
1789132682526055,29.52146339416504
1789132682535079,29.52146339416504
1789132682547092,29.52146339416504
1789132682559134,29.52146339416504
1789132682571075,29.52146339416504
1789132682583170,29.52146339416504
1789132682589229,29.52146339416504
1789132682595075,29.521484375
1789132682607088,29.521465301513672
1789132682619228,29.521499633789062
1789132682631074,29.521465301513672
1789132682643172,29.521465301513672
1789132682646055,29.521465301513672
1789132682655280,29.521465301513672
1789132682667087,29.52142333984375
1789132682679140,29.52146339416504
1789132682691092,29.52146339416504
1789132682703182,29.52146339416504
1789132682706056,29.52146339416504
1789132682715076,29.52146339416504
1789132682727095,29.52146339416504
1789132682739133,29.52146339416504
1789132682751160,29.52146339416504
1789132682763171,29.52146339416504
1789132682766059,29.52146339416504
1789132682775077,29.52146339416504
1789132682787096,29.52146339416504
1789132682799136,29.52146339416504
1789132682811076,29.52146339416504
1789132682823168,29.52146339416504
1789132682832187,29.52146339416504
1789132682844082,29.52145004272461
1789132682847074,29.52146339416504
1789132682859138,29.52146339416504
1789132682871075,29.52146339416504
1789132682883233,29.52146339416504
1789132682886079,29.52146339416504
1789132682895076,29.52146339416504
1789132682907084,29.52146339416504
1789132682922074,29.52146339416504
1789132682931088,29.52146339416504
1789132682943181,29.52146339416504
1789132682946066,29.52146339416504
1789132682955086,29.52146339416504
1789132682967093,29.52146339416504
1789132682979153,29.52146339416504
1789132682991082,29.52146339416504
1789132683003178,29.521484375
1789132683015156,29.521465301513672
1789132683018089,29.521465301513672
1789132683030065,29.521465301513672
1789132683039154,29.521465301513672
1789132683051105,29.521465301513672
1789132683063188,29.521465301513672
1789132683066078,29.521465301513672
1789132683075098,29.52145004272461
1789132683087094,29.521474838256836
1789132683099146,29.521465301513672
1789132683111086,29.521465301513672
1789132683123179,29.521465301513672
1789132683126088,29.521465301513672
1789132683135102,29.521465301513672
1789132683153172,29.521465301513672
1789132683162077,29.521465301513672
1789132683171087,29.52145004272461
1789132683183197,29.52146339416504
1789132683186067,29.52146339416504
1789132683204091,29.52146339416504
1789132683207085,29.52146339416504
1789132683219152,29.52146339416504
1789132683231084,29.52146339416504
1789132683243208,29.52146339416504
1789132683252066,29.52146339416504
1789132683255122,29.52146339416504
1789132683267084,29.52146339416504
1789132683279215,29.52146339416504
1789132683291084,29.52146339416504
1789132683303192,29.52146339416504
1789132683306076,29.52146339416504
1789132683318073,29.52146339416504
1789132683327085,29.52146339416504
1789132683339147,29.52146339416504
1789132683351085,29.52146339416504
1789132683363177,29.52146339416504
1789132683366065,29.52146339416504
1789132683375101,29.52146339416504
1789132683387084,29.52146339416504
1789132683399147,29.52146339416504
1789132683411161,29.521484375
1789132683423191,29.52146339416504
1789132683426066,29.52150535583496
1789132683435089,29.52145004272461
1789132683447107,29.52146339416504
1789132683459175,29.52146339416504
1789132683471096,29.52146339416504
1789132683483187,29.52146339416504
1789132683492069,29.52146339416504
1789132683495092,29.52146339416504
1789132683513179,29.52146339416504
1789132683519157,29.52146339416504
1789132683531084,29.52146339416504
1789132683543321,29.52146339416504
1789132683546156,29.52146339416504
1789132683555429,29.52146339416504
1789132683570068,29.52146339416504
1789132683579156,29.52146339416504
1789132683591084,29.52146339416504
1789132683603191,29.52146339416504
1789132683606066,29.52146339416504
1789132683615086,29.52146339416504
1789132683627085,29.52146339416504
1789132683639152,29.52146339416504
1789132683651083,29.52146339416504
1789132683663176,29.52146339416504
1789132683669143,29.52146339416504
1789132683681070,29.52146339416504
1789132683687102,29.52146339416504
1789132683699147,29.52146339416504
1789132683711090,29.52146339416504
1789132683723196,29.52146339416504
1789132683735105,29.52146339416504
1789132683747094,29.52146339416504
1789132683750066,29.52146339416504
1789132683759147,29.52146339416504
1789132683771083,29.52146339416504
1789132683783180,29.52146339416504
1789132683786085,29.52146339416504
1789132683795086,29.52146339416504
1789132683807156,29.52146339416504
1789132683822076,29.52146339416504
1789132683834090,29.52146339416504
1789132683843190,29.52146339416504
1789132683846067,29.52146339416504
1789132683864091,29.52146339416504
1789132683867084,29.52146339416504
1789132683879147,29.52146339416504
1789132683891083,29.52146339416504
1789132683903194,29.52146339416504
1789132683912079,29.52146339416504
1789132683918126,29.521427154541016
1789132683927093,29.52147674560547
1789132683939223,29.521499633789062
1789132683951112,29.521484375
1789132683963230,29.521484375
1789132683966086,29.52142333984375
1789132683975161,29.52146339416504
1789132683987105,29.521474838256836
1789132683999153,29.521465301513672
1789132684011095,29.521465301513672
1789132684023190,29.521465301513672
1789132684026076,29.521465301513672
1789132684035098,29.521465301513672
1789132684053630,29.521465301513672
1789132684059155,29.521465301513672
1789132684071167,29.52144432067871
1789132684083207,29.52144432067871
1789132684086083,29.52150535583496
1789132684095096,29.52145004272461
1789132684107096,29.52146339416504
1789132684122074,29.52146339416504
1789132684131097,29.52146339416504
1789132684143200,29.52146339416504
1789132684152078,29.52146339416504
1789132684155097,29.52146339416504
1789132684167106,29.52146339416504
1789132684182095,29.52146339416504
1789132684191092,29.52146339416504
1789132684203257,29.52146339416504
1789132684206077,29.52146339416504
1789132684218088,29.52146339416504
1789132684230086,29.52146339416504
1789132684242074,29.52146339416504
1789132684251091,29.52146339416504
1789132684263209,29.52146339416504
1789132684266084,29.52146339416504
1789132684275261,29.52146339416504
1789132684287096,29.52150535583496
1789132684299162,29.52146339416504
1789132684311094,29.52144432067871
1789132684323188,29.52144432067871
1789132684335170,29.52146339416504
1789132684338079,29.52146339416504
1789132684350086,29.52146339416504
1789132684362078,29.52146339416504
1789132684371099,29.52146339416504
1789132684383214,29.52146339416504
1789132684386077,29.52146339416504
1789132684395095,29.52146339416504
1789132684413170,29.52146339416504
1789132684419175,29.52146339416504
1789132684431093,29.52146339416504
1789132684443191,29.521484375
1789132684449147,29.521501541137695
1789132684461105,29.521465301513672
1789132684467167,29.521465301513672
1789132684479154,29.521465301513672
1789132684491093,29.521465301513672
1789132684503192,29.521465301513672
1789132684512092,29.521465301513672
1789132684524105,29.521465301513672
1789132684527093,29.521465301513672
1789132684539161,29.521465301513672
1789132684551095,29.52144432067871
1789132684563210,29.521427154541016
1789132684572075,29.52146339416504
1789132684575095,29.52146339416504
1789132684587093,29.52146339416504
1789132684599224,29.52146339416504
1789132684611095,29.52146339416504
1789132684623195,29.52146339416504
1789132684626086,29.52146339416504
1789132684635247,29.52146339416504
1789132684647114,29.52146339416504
1789132684659154,29.52146339416504
1789132684671092,29.52146339416504
1789132684683185,29.52146339416504
1789132684689152,29.52146339416504
1789132684695095,29.52146339416504
1789132684707093,29.52146339416504
1789132684719164,29.52146339416504
1789132684731168,29.52146339416504
1789132684735524,29.52146339416504
1789132684747090,29.52146339416504
1789132684756084,29.52146339416504
1789132684768095,29.52146339416504
1789132684780092,29.52146339416504
1789132684792075,29.52146339416504
1789132684801105,29.52146339416504
1789132684813168,29.52146339416504
1789132684816078,29.52146339416504
1789132684828075,29.52146339416504
1789132684840085,29.52146339416504
1789132684852215,29.52146339416504
1789132684855125,29.52146339416504
1789132684864105,29.52146339416504
1789132684879157,29.52146339416504
1789132684891089,29.52146339416504
1789132684900094,29.52147674560547
1789132684912080,29.521484375
1789132684924128,29.52146339416504
1789132684927100,29.521501541137695
1789132684936086,29.521465301513672
1789132684948087,29.521465301513672
1789132684963197,29.521465301513672
1789132684972095,29.521465301513672
1789132684984184,29.521465301513672
1789132684987110,29.521465301513672
1789132684999177,29.521465301513672
1789132685008087,29.521465301513672
1789132685020090,29.521465301513672
1789132685032119,29.521465301513672
1789132685044119,29.521453857421875
1789132685047097,29.52146339416504
1789132685056100,29.52146339416504
1789132685068109,29.52146339416504
1789132685080085,29.52146339416504
1789132685092102,29.52146339416504
1789132685095101,29.52146339416504
1789132685104137,29.52146339416504
1789132685122094,29.52146339416504
1789132685131120,29.52146339416504
1789132685140093,29.52146339416504
1789132685152090,29.52146339416504
1789132685155099,29.52146339416504
1789132685164133,29.52146339416504
1789132685176099,29.52146339416504
1789132685188095,29.52146339416504
1789132685200086,29.52146339416504
1789132685212086,29.52146339416504
1789132685224110,29.52146339416504
1789132685227097,29.52146339416504
1789132685236096,29.52146339416504
1789132685248155,29.52146339416504
1789132685260085,29.52146339416504
1789132685272090,29.52146339416504
1789132685275110,29.52146339416504
1789132685284157,29.52146339416504
1789132685296105,29.52146339416504
1789132685308090,29.52146339416504
1789132685320109,29.52146339416504
1789132685332085,29.52146339416504
1789132685341096,29.52146339416504
1789132685353199,29.52146339416504
1789132685359161,29.52146339416504
1789132685368096,29.52146339416504
1789132685380154,29.52146339416504
1789132685392092,29.52146339416504
1789132685395120,29.52146339416504
1789132685404130,29.52146339416504
1789132685416090,29.52146339416504
1789132685428115,29.52146339416504
1789132685440087,29.52146339416504
1789132685452084,29.52146339416504
1789132685455111,29.52146339416504
1789132685464114,29.52146339416504
1789132685476089,29.52146339416504
1789132685488107,29.52146339416504
1789132685500095,29.52146339416504
1789132685512238,29.52146339416504
1789132685518086,29.52146339416504
1789132685527098,29.52146339416504
1789132685536087,29.52146339416504
1789132685548090,29.52146339416504
1789132685560085,29.52146339416504
1789132685572085,29.52146339416504
1789132685575114,29.52146339416504
1789132685593188,29.52146339416504
1789132685596095,29.52146339416504
1789132685608086,29.52146339416504
1789132685620085,29.52146339416504
1789132685632117,29.52146339416504
1789132685635102,29.52146339416504
1789132685644204,29.52146339416504
1789132685656152,29.52146339416504
1789132685671114,29.52146339416504
1789132685683200,29.52146339416504
1789132685692089,29.52146339416504
1789132685701088,29.52146339416504
1789132685704116,29.52146339416504
1789132685716098,29.52146339416504
1789132685728087,29.52146339416504
1789132685740085,29.52146339416504
1789132685752085,29.52146339416504
1789132685758098,29.52146339416504
1789132685770087,29.52146339416504
1789132685776180,29.52146339416504
1789132685788086,29.52146339416504
1789132685800085,29.52146339416504
1789132685812089,29.52146339416504
1789132685815099,29.52146339416504
1789132685824407,29.52146339416504
1789132685836097,29.52146339416504
1789132685848087,29.52146339416504
1789132685860085,29.52146339416504
1789132685872086,29.52146339416504
1789132685875176,29.52146339416504
1789132685884113,29.52146339416504
1789132685896114,29.52146339416504
1789132685914117,29.52146339416504
1789132685923195,29.52146339416504
1789132685932095,29.52146339416504
1789132685944128,29.52146339416504
1789132685947107,29.52146339416504
1789132685956100,29.52146339416504
1789132685968095,29.52146339416504
1789132685980095,29.52146339416504
1789132685992119,29.52146339416504
1789132686001106,29.52146339416504
1789132686013195,29.52146339416504
1789132686022099,29.52146339416504
1789132686028123,29.52146339416504
1789132686040162,29.52146339416504
1789132686052096,29.52146339416504
1789132686055145,29.52146339416504
1789132686067118,29.52146339416504
1789132686079199,29.52146339416504
1789132686088096,29.52146339416504
1789132686100095,29.52146339416504
1789132686112095,29.52146339416504
1789132686115110,29.52146339416504
1789132686130096,29.52146339416504
1789132686136104,29.52146339416504
1789132686148096,29.52146339416504
1789132686160122,29.52146339416504
1789132686172252,29.52146339416504
1789132686175113,29.52146339416504
1789132686184122,29.52146339416504
1789132686196097,29.52146339416504
1789132686208100,29.52146339416504
1789132686220106,29.52146339416504
1789132686232105,29.521474838256836
1789132686244126,29.521465301513672
1789132686247107,29.521465301513672
1789132686259204,29.521465301513672
1789132686268096,29.521465301513672
1789132686283198,29.521465301513672
1789132686292126,29.521465301513672
1789132686295111,29.521465301513672
1789132686310105,29.521465301513672
1789132686319187,29.521465301513672
1789132686331108,29.521465301513672
1789132686340099,29.521465301513672
1789132686352095,29.521465301513672
1789132686355124,29.521465301513672
1789132686364124,29.521465301513672
1789132686376115,29.521465301513672
1789132686388107,29.521465301513672
1789132686400096,29.521465301513672
1789132686412096,29.521465301513672
1789132686415109,29.521465301513672
1789132686424163,29.521465301513672
1789132686436165,29.521465301513672
1789132686448098,29.521465301513672
1789132686460095,29.521465301513672
1789132686472099,29.521465301513672
1789132686475550,29.521465301513672
1789132686484124,29.521465301513672
1789132686496097,29.521465301513672
1789132686508095,29.521465301513672
1789132686520096,29.521465301513672
1789132686532114,29.521465301513672
1789132686544234,29.521465301513672
1789132686550107,29.521465301513672
1789132686562105,29.521465301513672
1789132686574118,29.521465301513672
1789132686580096,29.521465301513672
1789132686592097,29.521465301513672
1789132686604126,29.521465301513672
1789132686607137,29.521465301513672
1789132686616096,29.521465301513672
1789132686628119,29.521465301513672
1789132686640096,29.521425247192383
1789132686652095,29.52144432067871
1789132686655133,29.521501541137695
1789132686664144,29.521465301513672
1789132686676100,29.521453857421875
1789132686688106,29.52146339416504
1789132686700165,29.52146339416504
1789132686712119,29.52146339416504
1789132686724136,29.52146339416504
1789132686727110,29.52146339416504
1789132686736100,29.52146339416504
1789132686748097,29.52146339416504
1789132686760095,29.52146339416504
1789132686772116,29.52146339416504
1789132686775129,29.52146339416504
1789132686793212,29.52146339416504
1789132686796123,29.52150535583496
1789132686808096,29.521501541137695
1789132686820106,29.52146339416504
1789132686832235,29.52146339416504
1789132686835115,29.52146339416504
1789132686844142,29.52146339416504
1789132686856129,29.52146339416504
1789132686868100,29.52146339416504
1789132686880106,29.52146339416504
1789132686892106,29.521484375
1789132686901138,29.521465301513672
1789132686904131,29.521425247192383
1789132686916096,29.52146339416504
1789132686928125,29.52146339416504
1789132686940107,29.52146339416504
1789132686952116,29.52146339416504
1789132686955469,29.52146339416504
1789132686970107,29.52146339416504
1789132686976110,29.52146339416504
1789132686988139,29.52146339416504
1789132687000111,29.52146339416504
1789132687012107,29.52146339416504
1789132687015141,29.52146339416504
1789132687024136,29.52146339416504
1789132687036115,29.52146339416504
1789132687048105,29.52146339416504
1789132687060125,29.52146339416504
1789132687072107,29.52146339416504
1789132687075139,29.52146339416504
1789132687084146,29.52146339416504
1789132687096176,29.52146339416504
1789132687111131,29.52146339416504
1789132687123216,29.52146339416504
1789132687132109,29.52146339416504
1789132687135123,29.52146339416504
1789132687144155,29.52146339416504
1789132687156107,29.52146339416504
1789132687168106,29.52146339416504
1789132687180106,29.52146339416504
1789132687192128,29.52146339416504
1789132687201108,29.52146339416504
1789132687207119,29.52146339416504
1789132687219193,29.52146339416504
1789132687228176,29.52146339416504
1789132687240106,29.52146339416504
1789132687252107,29.52146339416504
1789132687255151,29.52146339416504
1789132687264225,29.52146339416504
1789132687276125,29.52146339416504
1789132687288119,29.52146339416504
1789132687300105,29.52146339416504
1789132687312107,29.52146339416504
1789132687315129,29.52146339416504
1789132687324158,29.52146339416504
1789132687342117,29.52146339416504
1789132687354153,29.52146339416504
1789132687360180,29.521484375
1789132687372106,29.52146339416504
1789132687375123,29.521501541137695
1789132687384144,29.521465301513672
1789132687396111,29.521453857421875
1789132687408107,29.52146339416504
1789132687420153,29.52146339416504
1789132687432131,29.52146339416504
1789132687441110,29.52146339416504
1789132687444141,29.52146339416504
1789132687456138,29.52146339416504
1789132687468105,29.52146339416504
1789132687480116,29.52146339416504
1789132687492251,29.52146339416504
1789132687495342,29.52146339416504
1789132687507131,29.52146339416504
1789132687516108,29.52146339416504
1789132687528111,29.52146339416504
1789132687540107,29.52146339416504
1789132687552105,29.52146339416504
1789132687558175,29.52146339416504
1789132687564134,29.52146339416504
1789132687576136,29.52146339416504
1789132687588115,29.52146339416504
1789132687600115,29.52146339416504
1789132687612117,29.521484375
1789132687624225,29.521465301513672
1789132687627122,29.521465301513672
1789132687636107,29.521465301513672
1789132687648107,29.521465301513672
1789132687663236,29.521465301513672
1789132687672118,29.521465301513672
1789132687684156,29.521465301513672
1789132687687127,29.521465301513672
1789132687696113,29.52145004272461
1789132687714132,29.521484375
1789132687720106,29.52144432067871
1789132687732106,29.52144432067871
1789132687738119,29.521465301513672
1789132687750117,29.52146339416504
1789132687762106,29.52146339416504
1789132687768121,29.52146339416504
1789132687780106,29.52146339416504
1789132687792110,29.52146339416504
1789132687795120,29.52146339416504
1789132687804136,29.52146339416504
1789132687816116,29.52146339416504
1789132687828133,29.52150535583496
1789132687840125,29.521501541137695
1789132687852107,29.521465301513672
1789132687855200,29.521465301513672
1789132687864136,29.521465301513672
1789132687876119,29.521465301513672
1789132687894136,29.521465301513672
1789132687903236,29.521499633789062
1789132687912107,29.52145004272461
1789132687915125,29.521501541137695
1789132687924159,29.521465301513672
1789132687939234,29.52146339416504
1789132687948118,29.52146339416504
1789132687960117,29.52146339416504
1789132687972135,29.52146339416504
1789132687981128,29.52146339416504
1789132687993225,29.521465301513672
1789132687996119,29.521425247192383
1789132688008127,29.521425247192383
1789132688020186,29.521427154541016
1789132688032121,29.52144432067871
1789132688035133,29.521501541137695
1789132688047140,29.521425247192383
1789132688056200,29.52146339416504
1789132688068122,29.52146339416504
1789132688080117,29.52146339416504
1789132688092117,29.52146339416504
1789132688095133,29.52146339416504
1789132688104163,29.52146339416504
1789132688116118,29.52146339416504
1789132688131141,29.52146339416504
1789132688140128,29.52146339416504
1789132688152259,29.52146339416504
1789132688155138,29.52146339416504
1789132688164146,29.52146339416504
1789132688176122,29.52146339416504
1789132688191140,29.52146339416504
1789132688200120,29.52146339416504
1789132688212117,29.521474838256836
1789132688215130,29.521425247192383
1789132688230119,29.521484375
1789132688236147,29.521465301513672
1789132688248119,29.521465301513672
1789132688263229,29.521465301513672
1789132688272127,29.52144432067871
1789132688284217,29.52146339416504
1789132688287154,29.52146339416504
1789132688299205,29.52146339416504
1789132688311143,29.52146339416504
1789132688323242,29.521427154541016
1789132688332118,29.52147674560547
1789132688341127,29.52146339416504
1789132688344186,29.521501541137695
1789132688356126,29.521465301513672
1789132688368139,29.52142333984375
1789132688380126,29.521425247192383
1789132688392117,29.52144432067871
1789132688395131,29.521501541137695
1789132688404156,29.521465301513672
1789132688416200,29.521453857421875
1789132688431140,29.52146339416504
1789132688440118,29.52146339416504
1789132688452121,29.52146339416504
1789132688455165,29.52146339416504
1789132688464144,29.52146339416504
1789132688476121,29.52146339416504
1789132688488118,29.52146339416504
1789132688500137,29.52146339416504
1789132688512118,29.52146339416504
1789132688521119,29.52146339416504
1789132688524154,29.52146339416504
1789132688542119,29.52146339416504
1789132688548185,29.52146339416504
1789132688560117,29.52146339416504
1789132688572117,29.52146339416504
1789132688584243,29.52146339416504
1789132688596148,29.52146339416504
1789132688599192,29.52146339416504
1789132688608124,29.52146339416504
1789132688620117,29.52146339416504
1789132688632121,29.52146339416504
1789132688635159,29.52146339416504
1789132688644148,29.52146339416504
1789132688662129,29.52146339416504
1789132688674150,29.52146339416504
1789132688680191,29.52146339416504
1789132688692118,29.52146339416504
1789132688695130,29.52146339416504
1789132688704163,29.52146339416504
1789132688716123,29.52146339416504
1789132688728117,29.52146339416504
1789132688740127,29.52146339416504
1789132688752119,29.52146339416504
1789132688764159,29.52146339416504
1789132688767157,29.52146339416504
1789132688779266,29.52146339416504
1789132688788118,29.52146339416504
1789132688800145,29.52146339416504
1789132688812262,29.52146339416504
1789132688818118,29.52146339416504
1789132688827133,29.52146339416504
1789132688836119,29.52146339416504
1789132688848130,29.52146339416504
1789132688860118,29.52146339416504
1789132688872116,29.52146339416504
1789132688875131,29.52146339416504
1789132688884144,29.52146339416504
1789132688896119,29.52146339416504
1789132688908118,29.52146339416504
1789132688920117,29.52146339416504
1789132688932144,29.52146339416504
1789132688941132,29.52146339416504
1789132688950138,29.52146339416504
1789132688959209,29.52146339416504
1789132688968131,29.52146339416504
1789132688983248,29.52146339416504
1789132688992133,29.52146339416504
1789132689004157,29.52146339416504
1789132689007142,29.52146339416504
1789132689016133,29.52146339416504
1789132689028130,29.52146339416504
1789132689040131,29.52146339416504
1789132689052130,29.52146339416504
1789132689058136,29.52146339416504
1789132689064185,29.521484375
1789132689076202,29.521465301513672
1789132689088130,29.521465301513672
1789132689100130,29.521465301513672
1789132689112133,29.521465301513672
1789132689115143,29.521465301513672
1789132689124294,29.521465301513672
1789132689136141,29.521453857421875
1789132689148132,29.521425247192383
1789132689160131,29.52146339416504
1789132689172131,29.52146339416504
1789132689175212,29.52146339416504
1789132689184168,29.52146339416504
1789132689196160,29.52146339416504
1789132689214163,29.52146339416504
1789132689223249,29.52146339416504
1789132689232130,29.52147674560547
1789132689235149,29.521425247192383
1789132689244168,29.52146339416504
1789132689256178,29.52146339416504
1789132689268131,29.52146339416504
1789132689280131,29.52146339416504
1789132689292131,29.52146339416504
1789132689301141,29.52146339416504
1789132689313221,29.52146339416504
1789132689316160,29.52146339416504
1789132689328158,29.52146339416504
1789132689340198,29.52146339416504
1789132689352131,29.52146339416504
1789132689364165,29.52146339416504
1789132689376194,29.52146339416504
1789132689385146,29.52146339416504
1789132689388133,29.52146339416504
1789132689400131,29.52146339416504
1789132689412134,29.52146339416504
1789132689415143,29.52146339416504
1789132689424158,29.52146339416504
1789132689436131,29.52146339416504
1789132689448132,29.52146339416504
1789132689460158,29.52146339416504
1789132689472276,29.52146339416504
1789132689475148,29.52146339416504
1789132689484158,29.52146339416504
1789132689496132,29.52146339416504
1789132689508137,29.52146339416504
1789132689520147,29.52146339416504
1789132689532134,29.52146339416504
1789132689544168,29.52146339416504
1789132689547160,29.52146339416504
1789132689556131,29.52146339416504
1789132689568129,29.52146339416504
1789132689580149,29.52146339416504
1789132689592149,29.52146339416504
1789132689595144,29.52146339416504
1789132689610139,29.52146339416504
1789132689619221,29.52146339416504
1789132689631163,29.52146339416504
1789132689640133,29.52146339416504
1789132689652131,29.52146339416504
1789132689655201,29.52146339416504
1789132689673256,29.52146339416504
1789132689676168,29.52146339416504
1789132689688135,29.52146339416504
1789132689700131,29.52146339416504
1789132689712149,29.52146339416504
1789132689724188,29.52146339416504
1789132689727143,29.52146339416504
1789132689736203,29.52146339416504
1789132689748135,29.52146339416504
1789132689760130,29.52146339416504
1789132689772171,29.52146339416504
1789132689775170,29.52146339416504
1789132689784167,29.52146339416504
1789132689796150,29.52146339416504
1789132689808130,29.52146339416504
1789132689820130,29.52146339416504
1789132689832130,29.52146339416504
1789132689835218,29.52146339416504
1789132689844201,29.52146339416504
1789132689862143,29.52146339416504
1789132689874154,29.52146339416504
1789132689880130,29.52146339416504
1789132689892131,29.52146339416504
1789132689895153,29.52146339416504
1789132689913220,29.52146339416504
1789132689916132,29.52146339416504
1789132689928130,29.52146339416504
1789132689940142,29.52146339416504
1789132689952141,29.52146339416504
1789132689964169,29.52146339416504
1789132689967220,29.52146339416504
1789132689979224,29.52146339416504
1789132689988152,29.52146339416504
1789132690000217,29.52146339416504
1789132690012141,29.52146339416504
1789132690015155,29.52146339416504
1789132690024172,29.52146339416504
1789132690036147,29.52146339416504
1789132690048142,29.52146339416504
1789132690060142,29.52146339416504
1789132690072151,29.52146339416504
1789132690081145,29.52146339416504
1789132690084171,29.52146339416504
1789132690096142,29.52146339416504
1789132690108160,29.52146339416504
1789132690120150,29.52146339416504
1789132690132283,29.52146339416504
1789132690135162,29.52146339416504
1789132690150143,29.52146339416504
1789132690159227,29.52146339416504
1789132690171155,29.52146339416504
1789132690180145,29.52146339416504
1789132690192144,29.52146339416504
1789132690195154,29.52146339416504
1789132690204170,29.52146339416504
1789132690216143,29.52146339416504
1789132690228142,29.52146339416504
1789132690240160,29.52146339416504
1789132690252150,29.52146339416504
1789132690258150,29.52146339416504
1789132690270142,29.521465301513672
1789132690276167,29.521465301513672
1789132690288144,29.521465301513672
1789132690300145,29.521465301513672
1789132690312143,29.521465301513672
1789132690315154,29.521465301513672
1789132690324292,29.521465301513672
1789132690336150,29.521465301513672
1789132690351163,29.521465301513672
1789132690360141,29.521465301513672
1789132690372169,29.521465301513672
1789132690375154,29.521465301513672
1789132690384178,29.521465301513672
1789132690396211,29.521465301513672
1789132690408148,29.521465301513672
1789132690423264,29.521465301513672
1789132690432199,29.521465301513672
1789132690435168,29.521465301513672
1789132690444189,29.521465301513672
1789132690456191,29.521465301513672
1789132690468141,29.521465301513672
1789132690480157,29.521465301513672
1789132690492139,29.521465301513672
1789132690501151,29.521465301513672
1789132690510147,29.521465301513672
1789132690516152,29.521465301513672
1789132690528211,29.521465301513672
1789132690540141,29.521465301513672
1789132690552143,29.521465301513672
1789132690564190,29.521465301513672
1789132690567154,29.521465301513672
1789132690576162,29.521465301513672
1789132690588165,29.521465301513672
1789132690600142,29.521465301513672
1789132690612141,29.521465301513672
1789132690615168,29.521465301513672
1789132690624170,29.521465301513672
1789132690636143,29.521465301513672
1789132690648155,29.521465301513672
1789132690660226,29.521465301513672
1789132690672142,29.521465301513672
1789132690675504,29.521465301513672
1789132690687155,29.521465301513672
1789132690696147,29.521465301513672
1789132690708157,29.521465301513672
1789132690720141,29.521465301513672
1789132690732142,29.521465301513672
1789132690735236,29.521465301513672
1789132690753249,29.521465301513672
1789132690762185,29.521465301513672
1789132690768143,29.521465301513672
1789132690780152,29.521465301513672
1789132690792297,29.521465301513672
1789132690795158,29.521465301513672
1789132690804172,29.521465301513672
1789132690816143,29.521465301513672
1789132690831163,29.521465301513672
1789132690840145,29.521465301513672
1789132690852141,29.521465301513672
1789132690855187,29.521465301513672
1789132690864175,29.521465301513672
1789132690876166,29.521465301513672
1789132690888148,29.521465301513672
1789132690903689,29.521465301513672
1789132690912150,29.52145004272461
1789132690915381,29.521499633789062
1789132690924274,29.521465301513672
1789132690936143,29.521453857421875
1789132690948155,29.52146339416504
1789132690960157,29.52146339416504
1789132690972170,29.52146339416504
1789132690975167,29.52146339416504
1789132690984188,29.52146339416504
1789132690996163,29.52146339416504
1789132691014192,29.52146339416504
1789132691020154,29.52146339416504
1789132691032153,29.52146339416504
1789132691035170,29.52146339416504
1789132691044211,29.52146339416504
1789132691062162,29.52146339416504
1789132691071169,29.52146339416504
1789132691080153,29.52147674560547
1789132691092157,29.521484375
1789132691095168,29.521425247192383
1789132691104199,29.52146339416504
1789132691116155,29.521474838256836
1789132691128160,29.521465301513672
1789132691140154,29.521425247192383
1789132691152154,29.52144432067871
1789132691161155,29.52146339416504
1789132691164189,29.52146339416504
1789132691176178,29.52146339416504
1789132691188263,29.52146339416504
1789132691200154,29.52146339416504
1789132691212155,29.52146339416504
1789132691224599,29.52146339416504
1789132691236164,29.52146339416504
1789132691245154,29.52146339416504
1789132691248154,29.52146339416504
1789132691260153,29.52146339416504
1789132691272157,29.52146339416504
1789132691284183,29.52146339416504
1789132691296164,29.52146339416504
1789132691299229,29.52146339416504
1789132691314179,29.52144432067871
1789132691320243,29.52146339416504
1789132691332154,29.52146339416504
1789132691335170,29.52146339416504
1789132691344202,29.52146339416504
1789132691356159,29.52146339416504
1789132691368186,29.52146339416504
1789132691380156,29.521501541137695
1789132691392163,29.521453857421875
1789132691401156,29.52146339416504
1789132691404184,29.52146339416504
1789132691416154,29.52146339416504
1789132691428154,29.52146339416504
1789132691440162,29.52146339416504
1789132691452308,29.52146339416504
1789132691455433,29.52146339416504
1789132691467169,29.52146339416504
1789132691476167,29.52146339416504
1789132691488157,29.52146339416504
1789132691500153,29.52146339416504
1789132691512153,29.52146339416504
1789132691521158,29.52146339416504
1789132691524189,29.52146339416504
1789132691536154,29.52146339416504
1789132691548153,29.52146339416504
1789132691563302,29.52146339416504
1789132691572161,29.52146339416504
1789132691584258,29.52146339416504
1789132691587169,29.52146339416504
1789132691596154,29.52146339416504
1789132691608154,29.52146339416504
1789132691620157,29.52146339416504
1789132691632164,29.52146339416504
1789132691644213,29.52146339416504
1789132691647165,29.52146339416504
1789132691656225,29.52146339416504
1789132691668153,29.52146339416504
1789132691680153,29.52146339416504
1789132691692153,29.52146339416504
1789132691695234,29.52146339416504
1789132691710169,29.521484375
1789132691722171,29.521465301513672
1789132691728155,29.52144432067871
1789132691740154,29.521425247192383
1789132691752194,29.52144432067871
1789132691758157,29.52146339416504
1789132691773252,29.52146339416504
1789132691776175,29.52146339416504
1789132691788178,29.52146339416504
1789132691800153,29.52146339416504
1789132691812153,29.52146339416504
1789132691821173,29.52146339416504
1789132691827165,29.52146339416504
1789132691842156,29.52146339416504
1789132691848227,29.521484375
1789132691860153,29.521501541137695
1789132691872154,29.521484375
1789132691875165,29.521425247192383
1789132691884187,29.52147674560547
1789132691896156,29.521465301513672
1789132691908153,29.521465301513672
1789132691920172,29.521425247192383
1789132691932153,29.52146339416504
1789132691944201,29.52146339416504
1789132691947244,29.52146339416504
1789132691959240,29.52146339416504
1789132691968177,29.52146339416504
1789132691980239,29.52146339416504
1789132691992164,29.52146339416504
1789132691995177,29.52146339416504
1789132692004192,29.52146339416504
1789132692016168,29.52146339416504
1789132692028163,29.52146339416504
1789132692040166,29.52146339416504
1789132692052191,29.52146339416504
1789132692061167,29.52146339416504
1789132692064191,29.52146339416504
1789132692076177,29.52146339416504
1789132692088163,29.52146339416504
1789132692100173,29.52146339416504
1789132692112315,29.52146339416504
1789132692115197,29.52146339416504
1789132692124201,29.52146339416504
1789132692136169,29.52146339416504
1789132692148174,29.52146339416504
1789132692160165,29.52146339416504
1789132692172185,29.52146339416504
1789132692175212,29.52146339416504
1789132692193257,29.521465301513672
1789132692196165,29.521425247192383
1789132692208170,29.521425247192383
1789132692220163,29.521425247192383
1789132692232172,29.52144432067871
1789132692235179,29.521501541137695
1789132692244288,29.521451950073242
1789132692259274,29.52146339416504
1789132692271196,29.52146339416504
1789132692280181,29.52147674560547
1789132692292167,29.521465301513672
1789132692295177,29.521465301513672
1789132692304208,29.521465301513672
1789132692316182,29.521465301513672
1789132692328165,29.521465301513672
1789132692340163,29.521465301513672
1789132692352168,29.521425247192383
1789132692361165,29.52146339416504
1789132692364199,29.52146339416504
1789132692376255,29.52146339416504
1789132692388164,29.52146339416504
1789132692400164,29.52146339416504
1789132692412168,29.52146339416504
1789132692415238,29.52146339416504
1789132692424213,29.52146339416504
1789132692436165,29.52146339416504
1789132692448182,29.52146339416504
1789132692460163,29.52146339416504
1789132692472164,29.52146339416504
1789132692475243,29.52146339416504
1789132692484191,29.52146339416504
1789132692502173,29.52146339416504
1789132692514212,29.52146339416504
1789132692520164,29.52146339416504
1789132692532180,29.52146339416504
1789132692535179,29.52146339416504
1789132692544218,29.52146339416504
1789132692562174,29.52146339416504
1789132692568164,29.52146339416504
1789132692580172,29.52146339416504
1789132692592163,29.52146339416504
1789132692601166,29.52146339416504
1789132692604192,29.52146339416504
1789132692616178,29.52146339416504
1789132692628172,29.52146339416504
1789132692640230,29.52146339416504
1789132692652165,29.52146339416504
1789132692655207,29.52146339416504
1789132692664197,29.52146339416504
1789132692676294,29.521474838256836
1789132692688185,29.52146339416504
1789132692700163,29.52146339416504
1789132692712164,29.52146339416504
1789132692715180,29.52146339416504
1789132692724197,29.52146339416504
1789132692736164,29.52146339416504
1789132692751185,29.52146339416504
1789132692763266,29.521427154541016
1789132692772308,29.52146339416504
1789132692775183,29.52146339416504
1789132692784194,29.52146339416504
1789132692796174,29.52146339416504
1789132692808167,29.52146339416504
1789132692820198,29.52146339416504
1789132692832195,29.52146339416504
1789132692844218,29.52146339416504
1789132692847175,29.52146339416504
1789132692856197,29.52146339416504
1789132692868163,29.52146339416504
1789132692880164,29.52146339416504
1789132692892175,29.52146339416504
1789132692895177,29.52146339416504
1789132692910177,29.52146339416504
1789132692919293,29.52146339416504
1789132692931179,29.521425247192383
1789132692940166,29.52146339416504
1789132692952181,29.52146339416504
1789132692955189,29.52146339416504
1789132692964609,29.52146339416504
1789132692976176,29.52146339416504
1789132692988186,29.52146339416504
1789132693000175,29.521501541137695
1789132693012179,29.521484375
1789132693015188,29.521425247192383
1789132693024213,29.52147674560547
1789132693036245,29.521465301513672
1789132693048175,29.521465301513672
1789132693063290,29.521465301513672
1789132693072255,29.52145004272461
1789132693075199,29.521501541137695
1789132693084237,29.521465301513672
1789132693096176,29.521453857421875
1789132693108176,29.521425247192383
1789132693120176,29.521425247192383
1789132693132175,29.52146339416504
1789132693141176,29.52146339416504
1789132693150204,29.52146339416504
1789132693162177,29.52146339416504
1789132693168255,29.52146339416504
1789132693180176,29.52146339416504
1789132693192175,29.52146339416504
1789132693195192,29.52146339416504
1789132693213304,29.52146339416504
1789132693216193,29.52146339416504
1789132693228180,29.52146339416504
1789132693240176,29.52146339416504
1789132693252175,29.52146339416504
1789132693255231,29.52146339416504
1789132693264204,29.52146339416504
1789132693276179,29.52146339416504
1789132693291193,29.52146339416504
1789132693300245,29.52146339416504
1789132693312176,29.52146339416504
1789132693315217,29.52146339416504
1789132693324212,29.52146339416504
1789132693336200,29.52146339416504
1789132693348192,29.52146339416504
1789132693360176,29.52146339416504
1789132693372175,29.52146339416504
1789132693381203,29.52146339416504
1789132693393280,29.52146339416504
1789132693396178,29.52150535583496
1789132693408199,29.52146339416504
1789132693420193,29.52146339416504
1789132693432314,29.52146339416504
1789132693435195,29.52146339416504
1789132693444225,29.52146339416504
1789132693459269,29.52146339416504
1789132693471198,29.52146339416504
1789132693480211,29.52146339416504
1789132693492176,29.52146339416504
1789132693495189,29.52146339416504
1789132693504219,29.52146339416504
1789132693516178,29.52146339416504
1789132693528176,29.52146339416504
1789132693540176,29.52146339416504
1789132693552184,29.52146339416504
1789132693558180,29.52146339416504
1789132693567207,29.521465301513672
1789132693576184,29.521465301513672
1789132693588194,29.521465301513672
1789132693600178,29.521465301513672
1789132693612176,29.521465301513672
1789132693615189,29.521465301513672
1789132693624317,29.521465301513672
1789132693636186,29.521453857421875
1789132693648176,29.521425247192383
1789132693660176,29.521425247192383
1789132693672175,29.52144432067871
1789132693675190,29.521501541137695
1789132693684229,29.52145004272461
1789132693696250,29.52146339416504
1789132693711218,29.52146339416504
1789132693723297,29.521427154541016
1789132693732236,29.52146339416504
1789132693735193,29.52146339416504
1789132693744226,29.52146339416504
1789132693756179,29.52146339416504
1789132693768178,29.52146339416504
1789132693780175,29.52146339416504
1789132693792184,29.52150535583496
1789132693801176,29.521465301513672
1789132693810182,29.52146339416504
1789132693816191,29.52146339416504
1789132693828244,29.52146339416504
1789132693840176,29.52146339416504
1789132693852193,29.52146339416504
1789132693855201,29.52146339416504
1789132693864353,29.52146339416504
1789132693876193,29.521474838256836
1789132693888179,29.52146339416504
1789132693900175,29.52146339416504
1789132693912176,29.52146339416504
1789132693915211,29.52146339416504
1789132693924212,29.52146339416504
1789132693936194,29.52146339416504
1789132693948186,29.52146339416504
1789132693960255,29.52146339416504
1789132693972188,29.52150535583496
1789132693984255,29.521453857421875
1789132693987199,29.52146339416504
1789132693996194,29.52146339416504
1789132694008188,29.52146339416504
1789132694020186,29.52146339416504
1789132694032196,29.521484375
1789132694041214,29.521465301513672
1789132694053287,29.521465301513672
1789132694056225,29.521465301513672
1789132694068188,29.521465301513672
1789132694080197,29.521465301513672
1789132694092327,29.521465301513672
1789132694095214,29.521465301513672
1789132694104214,29.521465301513672
1789132694119276,29.521465301513672
1789132694128191,29.52145004272461
1789132694140187,29.521425247192383
1789132694152187,29.52144432067871
1789132694155200,29.521501541137695
1789132694170189,29.52144432067871
1789132694176191,29.52146339416504
1789132694188189,29.52146339416504
1789132694200188,29.52146339416504
1789132694212197,29.52146339416504
1789132694224285,29.52146339416504
1789132694236188,29.52146339416504
1789132694239261,29.52146339416504
1789132694248218,29.52146339416504
1789132694263318,29.52146339416504
1789132694272187,29.52146339416504
1789132694275201,29.52146339416504
1789132694293339,29.52146339416504
1789132694302848,29.52146339416504
1789132694314228,29.52146339416504
1789132694320212,29.521484375
1789132694332187,29.521484375
1789132694335204,29.521425247192383
1789132694350197,29.521484375
1789132694362188,29.521484375
1789132694371232,29.521465301513672
1789132694380206,29.521465301513672
1789132694392207,29.521465301513672
1789132694395200,29.521465301513672
1789132694404217,29.521465301513672
1789132694416189,29.521465301513672
1789132694428195,29.521425247192383
1789132694440187,29.52146339416504
1789132694452188,29.52146339416504
1789132694464212,29.52146339416504
1789132694476231,29.52146339416504
1789132694479266,29.52146339416504
1789132694488256,29.52146339416504
1789132694500187,29.52146339416504
1789132694512188,29.52146339416504
1789132694515216,29.52146339416504
1789132694524258,29.52146339416504
1789132694536196,29.52146339416504
1789132694548186,29.521425247192383
1789132694560187,29.521425247192383
1789132694572198,29.521465301513672
1789132694584231,29.521465301513672
1789132694593305,29.52145004272461
1789132694599263,29.52146339416504
1789132694608206,29.52146339416504
1789132694620272,29.52146339416504
1789132694632188,29.52146339416504
1789132694635203,29.52146339416504
1789132694644271,29.52146339416504
1789132694656287,29.52146339416504
1789132694668192,29.52146339416504
1789132694680188,29.52146339416504
1789132694692187,29.52146339416504
1789132694695203,29.52146339416504
1789132694704231,29.52146339416504
1789132694719356,29.52146339416504
1789132694728189,29.52146339416504
1789132694740197,29.52146339416504
1789132694752348,29.52146339416504
1789132694755286,29.52146339416504
1789132694773288,29.52146339416504
1789132694776188,29.52146339416504
1789132694788200,29.52146339416504
1789132694800187,29.52146339416504
1789132694812188,29.52146339416504
1789132694824244,29.52146339416504
1789132694833291,29.52146339416504
1789132694836197,29.52146339416504
1789132694848187,29.52146339416504
1789132694863290,29.521427154541016
1789132694872197,29.52147674560547
1789132694875209,29.521425247192383
1789132694884300,29.52146339416504
1789132694896188,29.521474838256836
1789132694908197,29.521465301513672
1789132694923296,29.521501541137695
1789132694932187,29.52145004272461
1789132694935203,29.521501541137695
1789132694944237,29.521465301513672
1789132694956188,29.521453857421875
1789132694974240,29.52146339416504
1789132694980202,29.52146339416504
1789132694992201,29.521484375
1789132694998207,29.52146339416504
1789132695004238,29.521484375
1789132695016285,29.521465301513672
1789132695028208,29.521465301513672
1789132695040201,29.521465301513672
1789132695052208,29.521465301513672
1789132695055468,29.521465301513672
1789132695064378,29.521465301513672
1789132695076213,29.521453857421875
1789132695088201,29.52146339416504
1789132695100201,29.52146339416504
1789132695112201,29.52146339416504
1789132695115298,29.52146339416504
1789132695124238,29.52146339416504
1789132695142209,29.52146339416504
1789132695154225,29.52146339416504
1789132695160198,29.52146339416504
1789132695172219,29.52146339416504
1789132695175215,29.52146339416504
1789132695184234,29.52146339416504
1789132695196205,29.52146339416504
1789132695208210,29.52146339416504
1789132695220198,29.52146339416504
1789132695232202,29.52146339416504
1789132695235227,29.52146339416504
1789132695244249,29.52146339416504
1789132695256234,29.52146339416504
1789132695268211,29.52146339416504
1789132695280282,29.52146339416504
1789132695292201,29.52146339416504
1789132695295475,29.52146339416504
1789132695307214,29.52146339416504
1789132695316206,29.52147674560547
1789132695328200,29.521501541137695
1789132695340199,29.521501541137695
1789132695352200,29.521484375
1789132695355233,29.521427154541016
1789132695364228,29.52147674560547
1789132695376212,29.521465301513672
1789132695388203,29.521425247192383
1789132695400210,29.521442413330078
1789132695412365,29.52146339416504
1789132695418201,29.52146339416504
1789132695424229,29.52146339416504
1789132695436201,29.52146339416504
1789132695448227,29.52146339416504
1789132695460197,29.52146339416504
1789132695472203,29.52146339416504
1789132695475219,29.52146339416504
1789132695484228,29.52146339416504
1789132695496210,29.52146339416504
1789132695508201,29.52150535583496
1789132695523307,29.521501541137695
1789132695532209,29.52145004272461
1789132695535219,29.521501541137695
1789132695544334,29.521465301513672
1789132695556229,29.521453857421875
1789132695568210,29.52146339416504
1789132695580201,29.52146339416504
1789132695592418,29.52146339416504
1789132695604275,29.52146339416504
1789132695607228,29.52146339416504
1789132695616199,29.52146339416504
1789132695628200,29.52146339416504
1789132695640198,29.52146339416504
1789132695652219,29.52146339416504
1789132695655621,29.52146339416504
1789132695670201,29.52146339416504
1789132695676309,29.52146339416504
1789132695688207,29.52146339416504
1789132695700199,29.52146339416504
1789132695712244,29.52146339416504
1789132695715220,29.52146339416504
1789132695724245,29.52146339416504
1789132695736201,29.52146339416504
1789132695748202,29.52146339416504
1789132695763310,29.52146339416504
1789132695772201,29.52146339416504
1789132695781201,29.52146339416504
1789132695790212,29.52146339416504
1789132695802203,29.52146339416504
1789132695808291,29.52146339416504
1789132695820202,29.52146339416504
1789132695832201,29.52146339416504
1789132695844255,29.52146339416504
1789132695856213,29.52146339416504
1789132695859282,29.52146339416504
1789132695868205,29.52146339416504
1789132695880208,29.52146339416504
1789132695892200,29.52146339416504
1789132695904243,29.52146339416504
1789132695907304,29.52146339416504
1789132695916200,29.52146339416504
1789132695934233,29.52146339416504
1789132695940290,29.52146339416504
1789132695952200,29.52146339416504
1789132695955214,29.52146339416504
1789132695964232,29.52146339416504
1789132695979437,29.52146339416504
1789132695988214,29.52146339416504
1789132696000219,29.52146339416504
1789132696012237,29.52146339416504
1789132696021215,29.52146339416504
1789132696024240,29.52146339416504
1789132696036212,29.52146339416504
1789132696048213,29.52146339416504
1789132696060218,29.52146339416504
1789132696072371,29.52146339416504
1789132696075337,29.52146339416504
1789132696087235,29.52146339416504
1789132696096212,29.52146339416504
1789132696108215,29.52146339416504
1789132696120208,29.52146339416504
1789132696132212,29.52146339416504
1789132696141215,29.52146339416504
1789132696144269,29.52146339416504
1789132696156221,29.52146339416504
1789132696168230,29.52146339416504
1789132696180212,29.52146339416504
1789132696192220,29.52146339416504
1789132696204326,29.52146339416504
1789132696216227,29.52146339416504
1789132696219290,29.52146339416504
1789132696228211,29.52146339416504
1789132696240214,29.52146339416504
1789132696252223,29.52146339416504
1789132696264241,29.52146339416504
1789132696267237,29.52146339416504
1789132696276213,29.52146339416504
1789132696288211,29.52146339416504
1789132696300208,29.52146339416504
1789132696312228,29.52146339416504
1789132696318226,29.52146339416504
1789132696327234,29.52146339416504
1789132696342209,29.52146339416504
1789132696348213,29.52146339416504
1789132696360209,29.52146339416504
1789132696372215,29.52146339416504
1789132696381226,29.52146339416504
1789132696384266,29.52146339416504
1789132696396221,29.52146339416504
1789132696408222,29.521507263183594
1789132696420209,29.52146339416504
1789132696432215,29.52146339416504
1789132696435324,29.52146339416504
1789132696447223,29.52146339416504
1789132696456255,29.52146339416504
1789132696468295,29.52146339416504
1789132696480208,29.52146339416504
1789132696492212,29.52146339416504
1789132696495237,29.52146339416504
1789132696513320,29.52146339416504
1789132696516217,29.52150535583496
1789132696528211,29.521501541137695
1789132696540207,29.521465301513672
1789132696552211,29.521465301513672
1789132696555235,29.521465301513672
1789132696573317,29.521465301513672
1789132696582223,29.521465301513672
1789132696594238,29.521484375
1789132696600303,29.52144432067871
1789132696612212,29.52144432067871
1789132696615230,29.521501541137695
1789132696624241,29.52145004272461
1789132696636216,29.52146339416504
1789132696648218,29.52150535583496
1789132696660212,29.52146339416504
1789132696672211,29.52146339416504
1789132696675229,29.52146339416504
1789132696684243,29.52146339416504
1789132696696211,29.52146339416504
1789132696708240,29.52146339416504
1789132696720219,29.52146339416504
1789132696732367,29.52146339416504
1789132696735328,29.52146339416504
1789132696747228,29.521501541137695
1789132696756233,29.52145004272461
1789132696768216,29.521425247192383
1789132696783313,29.521501541137695
1789132696792210,29.52145004272461
1789132696795399,29.521499633789062
1789132696813645,29.52146339416504
1789132696816210,29.52146339416504
1789132696834241,29.52144432067871
1789132696840210,29.521484375
1789132696852221,29.52146339416504
1789132696855375,29.521499633789062
1789132696864339,29.521465301513672
1789132696876213,29.521453857421875
1789132696888210,29.52146339416504
1789132696903337,29.52146339416504
1789132696912223,29.52146339416504
1789132696924247,29.52146339416504
1789132696927222,29.52146339416504
1789132696939285,29.52146339416504
1789132696948212,29.52146339416504
1789132696960207,29.52146339416504
1789132696972227,29.52146339416504
1789132696984272,29.52146339416504
1789132696987244,29.52146339416504
1789132697002223,29.52146339416504
1789132697008233,29.52146339416504
1789132697020223,29.52146339416504
1789132697032228,29.52146339416504
1789132697035244,29.52146339416504
1789132697044257,29.52146339416504
1789132697056245,29.52146339416504
1789132697068226,29.52146339416504
1789132697080222,29.521501541137695
1789132697092224,29.521465301513672
1789132697095321,29.521465301513672
1789132697104271,29.521465301513672
1789132697116234,29.521465301513672
1789132697128308,29.521465301513672
1789132697143363,29.521465301513672
1789132697152224,29.521465301513672
1789132697155249,29.521465301513672
1789132697164305,29.521465301513672
1789132697176242,29.521453857421875
1789132697188225,29.52146339416504
1789132697200221,29.52146339416504
1789132697212227,29.52146339416504
1789132697221233,29.52146339416504
1789132697233322,29.52146339416504
1789132697242228,29.52146339416504
1789132697248237,29.52146339416504
1789132697260308,29.52146339416504
1789132697272241,29.52146339416504
1789132697275253,29.52146339416504
1789132697284263,29.52146339416504
1789132697296313,29.52146339416504
1789132697308238,29.52146339416504
1789132697320233,29.52146339416504
1789132697332226,29.52146339416504
1789132697338229,29.52146339416504
1789132697344257,29.52146339416504
1789132697356226,29.52146339416504
1789132697371245,29.52146339416504
1789132697380252,29.52146339416504
1789132697392382,29.52146339416504
1789132697395399,29.52146339416504
1789132697404257,29.52146339416504
1789132697416231,29.521474838256836
1789132697428234,29.521465301513672
1789132697440223,29.521465301513672
1789132697452227,29.521465301513672
1789132697455274,29.521465301513672
1789132697473329,29.521465301513672
1789132697476240,29.521425247192383
1789132697488223,29.521425247192383
1789132697500223,29.52146339416504
1789132697512233,29.52146339416504
1789132697515238,29.52146339416504
1789132697524346,29.52146339416504
1789132697539304,29.52146339416504
1789132697551257,29.52146339416504
1789132697560226,29.52146339416504
1789132697572225,29.52146339416504
1789132697575238,29.52146339416504
1789132697587237,29.52146339416504
1789132697596226,29.52146339416504
1789132697614259,29.52146339416504
1789132697620222,29.52146339416504
1789132697632224,29.52146339416504
1789132697644266,29.52146339416504
1789132697656345,29.52146339416504
1789132697659309,29.52146339416504
1789132697668228,29.52146339416504
1789132697680223,29.52146339416504
1789132697692229,29.52146339416504
1789132697695273,29.52146339416504
1789132697704578,29.52146339416504
1789132697716245,29.52146339416504
1789132697728231,29.521425247192383
1789132697740222,29.521425247192383
1789132697752285,29.52144432067871
1789132697755307,29.521501541137695
1789132697764272,29.521465301513672
1789132697782252,29.521484375
1789132697788302,29.521465301513672
1789132697800221,29.521453857421875
1789132697812238,29.52144432067871
1789132697815256,29.521501541137695
1789132697824466,29.521465301513672
1789132697836241,29.521453857421875
1789132697848253,29.521501541137695
1789132697860223,29.521465301513672
1789132697872224,29.521465301513672
1789132697875247,29.521465301513672
1789132697884255,29.521465301513672
1789132697896243,29.521465301513672
1789132697914277,29.521465301513672
1789132697920299,29.521465301513672
1789132697932224,29.521465301513672
1789132697935240,29.521465301513672
1789132697944258,29.521465301513672
1789132697956246,29.521465301513672
1789132697968231,29.521465301513672
1789132697980242,29.521465301513672
1789132697992246,29.521465301513672
1789132698001248,29.521465301513672
1789132698013345,29.52146339416504
1789132698016237,29.52146339416504
1789132698028239,29.52146339416504
1789132698040244,29.52146339416504
1789132698052378,29.52146339416504
1789132698055288,29.52146339416504
1789132698067261,29.52146339416504
1789132698079344,29.52146339416504
1789132698088244,29.52146339416504
1789132698100235,29.52146339416504
1789132698112256,29.52146339416504
1789132698115252,29.52146339416504
1789132698124275,29.52146339416504
1789132698136246,29.52146339416504
1789132698148239,29.52146339416504
1789132698163369,29.52146339416504
1789132698172249,29.52146339416504
1789132698184551,29.52146339416504
1789132698190238,29.52146339416504
1789132698196239,29.52146339416504
1789132698208238,29.52146339416504
1789132698220239,29.52146339416504
1789132698232237,29.52146339416504
1789132698235265,29.52146339416504
1789132698244323,29.52146339416504
1789132698256258,29.52146339416504
1789132698268245,29.52146339416504
1789132698280237,29.52146339416504
1789132698292237,29.52146339416504
1789132698295252,29.52146339416504
1789132698304392,29.52146339416504
1789132698322255,29.52146339416504
1789132698331261,29.521425247192383
1789132698343384,29.52146339416504
1789132698352241,29.52146339416504
1789132698364267,29.52146339416504
1789132698367246,29.52146339416504
1789132698379319,29.52146339416504
1789132698391272,29.52146339416504
1789132698400237,29.52146339416504
1789132698412238,29.52150535583496
1789132698421238,29.521465301513672
1789132698430242,29.52146339416504
1789132698436247,29.52146339416504
1789132698448309,29.52146339416504
1789132698460234,29.52146339416504
1789132698472240,29.52146339416504
1789132698475269,29.52146339416504
1789132698484456,29.52146339416504
1789132698496250,29.52146339416504
1789132698508259,29.52146339416504
1789132698520234,29.52146339416504
1789132698532238,29.52146339416504
1789132698535287,29.52146339416504
1789132698544269,29.52146339416504
1789132698556260,29.52146339416504
1789132698568268,29.52146339416504
1789132698580305,29.52146339416504
1789132698592239,29.52146339416504
1789132698604266,30.413240432739258
1789132698607260,29.61982536315918
1789132698619314,29.622127532958984
1789132698628241,29.62383270263672
1789132698640234,29.626121520996094
1789132698652246,29.628435134887695
1789132698661452,29.63017463684082
1789132698673328,29.6324405670166
1789132698676256,29.63300132751465
1789132698688244,29.63528823852539
1789132698700265,29.637582778930664
1789132698712382,29.639896392822266
1789132698715255,29.640445709228516
1789132698724626,29.642234802246094
1789132698739313,29.64504051208496
1789132698748241,29.646759033203125
1789132698760236,29.649076461791992
1789132698772245,29.651350021362305
1789132698775251,29.651865005493164
1789132698793334,29.655370712280273
1789132698796236,29.65591049194336
1789132698808251,29.658206939697266
1789132698820235,29.66049575805664
1789132698832265,29.66277503967285
1789132698844338,29.66510009765625
1789132698856272,29.66737937927246
1789132698868240,29.66966438293457
1789132698871250,29.670238494873047
1789132698880238,29.671955108642578
1789132698892249,29.67424774169922
1789132698904274,29.676546096801758
1789132698907249,29.677114486694336
1789132698916262,29.678834915161133
1789132698928238,29.681123733520508
1789132698940234,29.683414459228516
1789132698952239,29.685707092285156
1789132698955251,29.686283111572266
1789132698970245,29.689146041870117
1789132698982279,29.691444396972656
1789132698991279,29.693161010742188
1789132699000245,29.694887161254883
1789132699012254,29.697187423706055
1789132699015264,29.697702407836914
1789132699024278,29.699462890625
1789132699036251,29.701759338378906
1789132699048259,29.704004287719727
1789132699060246,29.706331253051758
1789132699072250,29.7086238861084
1789132699075360,29.709218978881836
1789132699084280,29.710922241210938
1789132699096288,29.713214874267578
1789132699108325,29.715513229370117
1789132699123379,29.7183895111084
1789132699132251,29.720083236694336
1789132699135268,29.720659255981445
1789132699144286,29.722379684448242
1789132699156263,28.829586029052734
1789132699168250,29.626888275146484
1789132699180248,29.626888275146484
1789132699192247,29.626888275146484
1789132699201259,29.626888275146484
1789132699213354,29.626888275146484
1789132699219331,29.62692642211914
1789132699228276,29.626888275146484
1789132699240316,29.626888275146484
1789132699252249,29.626888275146484
1789132699255296,29.626888275146484
1789132699264279,29.626888275146484
1789132699276271,29.626888275146484
1789132699288263,29.626888275146484
1789132699300248,29.62687873840332
1789132699312249,29.626888275146484
1789132699315263,29.626888275146484
1789132699324304,29.626888275146484
1789132699336259,29.626888275146484
1789132699348250,29.62692642211914
1789132699363364,29.62692642211914
1789132699372420,29.626873016357422
1789132699375316,29.626928329467773
1789132699384563,29.626876831054688
1789132699399327,29.626850128173828
1789132699408254,29.626888275146484
1789132699420253,29.626888275146484
1789132699432252,29.626888275146484
1789132699435552,29.626888275146484
1789132699453632,29.626888275146484
1789132699456264,29.626888275146484
1789132699468251,29.626888275146484
1789132699480248,29.626888275146484
1789132699492276,29.626888275146484
1789132699495264,29.626888275146484
1789132699504360,29.626888275146484
1789132699519343,29.626888275146484
1789132699528266,30.794273376464844
1789132699540252,28.831890106201172
1789132699552249,28.038190841674805
1789132699555264,32.89306640625
1789132699564304,29.7275333404541
1789132699576268,28.83386993408203
1789132699588252,29.63204002380371
1789132699600249,29.63204002380371
1789132699612264,29.63204002380371
1789132699618254,29.63204002380371
1789132699624286,29.63204002380371
1789132699636345,29.63204002380371
1789132699648251,29.63204002380371
1789132699660246,29.63204002380371
1789132699672257,29.63204002380371
1789132699675330,29.63204002380371
1789132699684661,29.63204002380371
1789132699696278,29.63204002380371
1789132699708251,29.63204002380371
1789132699720247,29.63204002380371
1789132699732249,29.63204002380371
1789132699735337,29.63204002380371
1789132699744293,29.63204002380371
1789132699762278,29.63204002380371
1789132699774281,29.632020950317383
1789132699780247,29.632061004638672
1789132699792250,29.632061004638672
1789132699798252,29.63204002380371
1789132699813343,29.632041931152344
1789132699816248,29.632041931152344
1789132699828267,29.632041931152344
1789132699840246,29.632041931152344
1789132699852250,29.632001876831055
1789132699861277,29.63204002380371
1789132699870291,29.63204002380371
1789132699876270,29.63204002380371
1789132699888258,29.63204002380371
1789132699900317,29.63204002380371
1789132699912248,29.63204002380371
1789132699915273,29.63204002380371
1789132699924730,29.63204002380371
1789132699939326,29.63204002380371
1789132699948256,29.63204002380371
1789132699960266,29.63204002380371
1789132699972249,29.63204002380371
1789132699975264,29.63204002380371
1789132699984300,29.63204002380371
1789132699999410,29.63204002380371
1789132700008271,29.63205337524414
1789132700020271,29.63204002380371
1789132700032432,29.632020950317383
1789132700035284,29.632080078125
1789132700044312,29.632041931152344
1789132700056296,29.632030487060547
1789132700068269,29.63204002380371
1789132700080262,29.63204002380371
1789132700092290,29.63204002380371
1789132700104293,29.63204002380371
1789132700116263,29.63204002380371
1789132700119355,29.63204002380371
1789132700128264,29.63204002380371
1789132700143389,29.63204002380371
1789132700152289,29.63204002380371
1789132700155699,29.63204002380371
1789132700170261,29.63204002380371
1789132700176286,29.63204002380371
1789132700188265,29.63204002380371
1789132700200268,29.63204002380371
1789132700212264,29.63204002380371
1789132700215278,29.63204002380371
1789132700224311,29.63204002380371
1789132700236264,29.63204002380371
1789132700248284,29.63204002380371
1789132700260261,29.63204002380371
1789132700272264,29.63204002380371
1789132700275284,29.63204002380371
1789132700284303,29.63204002380371
1789132700296352,29.63204002380371
1789132700308265,29.63204002380371
1789132700323398,29.63204002380371
1789132700332343,29.63204002380371
1789132700335288,29.63204002380371
1789132700344311,29.63204002380371
1789132700356282,29.63204002380371
1789132700368289,29.63204002380371
1789132700380262,29.63204002380371
1789132700392263,29.63204002380371
1789132700401265,29.63204002380371
1789132700404293,29.63204002380371
1789132700416274,29.63204002380371
1789132700428332,29.63204002380371
1789132700440263,29.63204002380371
1789132700452266,29.63204002380371
1789132700464297,29.63204002380371
1789132700467274,29.632078170776367
1789132700479338,29.632041931152344
1789132700488284,29.632041931152344
1789132700500260,29.632041931152344
1789132700512264,29.632041931152344
1789132700515287,29.632041931152344
1789132700533416,29.632041931152344
1789132700542267,29.632061004638672
1789132700548274,29.632020950317383
1789132700560332,29.632003784179688
1789132700572264,29.63204002380371
1789132700575277,29.63204002380371
1789132700584297,29.63204002380371
1789132700602273,29.63204002380371
1789132700608277,29.632061004638672
1789132700620271,29.63204002380371
1789132700632264,29.63204002380371
1789132700644313,29.63204002380371
1789132700656295,29.63204002380371
1789132700659412,29.63204002380371
1789132700668265,29.63204002380371
1789132700680269,29.63204002380371
1789132700692404,29.63204002380371
1789132700695414,29.63204002380371
1789132700707278,29.63204002380371
1789132700716265,29.63204002380371
1789132700728266,29.63204002380371
1789132700740260,29.63204002380371
1789132700752262,29.63204002380371
1789132700761267,29.63204002380371
1789132700764300,29.63204002380371
1789132700776292,29.63204002380371
1789132700788282,29.63204002380371
1789132700803368,29.63204002380371
1789132700812274,29.63204002380371
1789132700818275,29.63204002380371
1789132700830260,29.63204002380371
1789132700836263,29.63204002380371
1789132700851277,29.63204002380371
1789132700860266,29.63204002380371
1789132700872263,29.63204002380371
1789132700881265,29.63204002380371
1789132700884292,29.63204002380371
1789132700896263,29.63204002380371
1789132700914295,29.63204002380371
1789132700920279,29.63204002380371
1789132700932263,29.63204002380371
1789132700938276,29.63204002380371
1789132700950262,29.63204002380371
1789132700956339,29.63204002380371
1789132700968265,29.63204002380371
1789132700980268,29.63204002380371
1789132700992346,29.63204002380371
1789132701004303,29.63204002380371
1789132701007287,29.632078170776367
1789132701016275,29.632041931152344
1789132701028276,29.632041931152344
1789132701040272,29.632041931152344
1789132701052293,29.632001876831055
1789132701061277,29.63204002380371
1789132701064319,29.63204002380371
1789132701082275,29.63204002380371
1789132701088350,29.632061004638672
1789132701100279,29.632078170776367
1789132701112276,29.632061004638672
1789132701115290,29.632001876831055
1789132701124308,29.63204002380371
1789132701136278,29.632051467895508
1789132701148286,29.632001876831055
1789132701160274,29.63204002380371
1789132701172275,29.63204002380371
1789132701175301,29.63204002380371
1789132701184321,29.63204002380371
1789132701196277,29.63204002380371
1789132701208300,29.63204002380371
1789132701220344,29.63204002380371
1789132701232274,29.63204002380371
1789132701235432,29.63204002380371
1789132701244361,29.63204002380371
1789132701256395,29.63204002380371
1789132701268284,29.63204002380371
1789132701280274,29.63204002380371
1789132701292275,29.63204002380371
1789132701295290,29.63204002380371
1789132701304303,29.63204002380371
1789132701316293,29.63204002380371
1789132701328276,29.63204002380371
1789132701340281,29.63204002380371
1789132701352421,29.63204002380371
1789132701355308,29.63204002380371
1789132701364323,29.63204002380371
1789132701376295,29.63204002380371
1789132701388281,29.63204002380371
1789132701400274,29.63204002380371
1789132701412285,29.632061004638672
1789132701424310,29.632041931152344
1789132701427287,29.632041931152344
1789132701436276,29.632041931152344
1789132701448296,29.632041931152344
1789132701463411,29.632041931152344
1789132701472285,29.632041931152344
1789132701475289,29.632041931152344
1789132701490274,29.632041931152344
1789132701499355,29.632078170776367
1789132701508277,29.632041931152344
1789132701520276,29.632041931152344
1789132701532275,29.632041931152344
1789132701535293,29.632041931152344
1789132701544339,29.632041931152344
1789132701556276,29.632041931152344
1789132701568276,29.632041931152344
1789132701580296,29.632041931152344
1789132701592276,29.632001876831055
1789132701604314,29.63204002380371
1789132701607288,29.63204002380371
1789132701616347,29.63204002380371
1789132701628275,29.63204002380371
1789132701640275,29.63204002380371
1789132701652359,29.63204002380371
1789132701655355,29.63204002380371
1789132701664565,29.63204002380371
1789132701676314,28.721527099609375
1789132701688276,29.532018661499023
1789132701700275,29.529726028442383
1789132701712275,29.527435302734375
1789132701715385,29.526840209960938
1789132701724325,29.52513313293457
1789132701742303,29.521699905395508
1789132701754311,29.519407272338867
1789132701760281,29.518266677856445
1789132701772275,29.515975952148438
1789132701775306,29.515398025512695
1789132701784310,29.51367950439453
1789132701796277,29.51139259338379
1789132701808297,29.509098052978516
1789132701820281,29.5068302154541
1789132701832275,29.504440307617188
1789132701841295,29.50279426574707
1789132701844324,29.502216339111328
1789132701856289,29.499929428100586
1789132701868288,29.49764060974121
1789132701880343,29.495338439941406
1789132701892286,29.493057250976562
1789132701904465,29.49073028564453
1789132701916318,29.488466262817383
1789132701919360,29.487886428833008
1789132701928275,29.486183166503906
1789132701940293,29.483888626098633
1789132701952275,29.481599807739258
1789132701955306,29.481021881103516
1789132701964306,29.47930335998535
1789132701976311,29.47701072692871
1789132701991297,29.474145889282227
1789132702000281,29.472429275512695
1789132702012444,29.470109939575195
1789132702024316,29.46784210205078
1789132702036289,29.46555519104004
1789132702039382,29.4649658203125
1789132702048291,29.463266372680664
1789132702060299,29.460973739624023
1789132702072307,29.458681106567383
1789132702084317,29.456388473510742
1789132702087297,29.45581817626953
1789132702099372,29.45351219177246
1789132702108287,29.45180892944336
1789132702120387,29.449499130249023
1789132702132295,29.447223663330078
1789132702135546,29.44660186767578
1789132702150285,29.44378662109375
1789132702156288,29.442638397216797
1789132702168287,29.44034767150879
1789132702180288,29.43805694580078
1789132702192287,29.43576431274414
1789132702195301,29.43518829345703
1789132702210369,29.43231201171875
1789132702216296,29.43117904663086
1789132702228289,29.428890228271484
1789132702240284,29.426599502563477
1789132702252287,29.424306869506836
1789132702258291,29.423158645629883
1789132702264323,29.422006607055664
1789132702276375,29.41970443725586
1789132702288296,29.417428970336914
1789132702300285,29.415138244628906
1789132702312369,29.41282844543457
1789132702315308,29.412267684936523
1789132702324378,29.410533905029297
1789132702336308,29.408254623413086
1789132702348287,29.405967712402344
1789132702360287,29.403675079345703
1789132702372287,29.401384353637695
1789132702375369,29.400794982910156
1789132702390298,29.3979434967041
1789132702399375,29.396211624145508
1789132702411321,26.165130615234375
1789132702420284,30.556564331054688
1789132702432288,31.081295013427734
1789132702435325,26.24956703186035
1789132702444340,29.392196655273438
1789132702456321,30.28473663330078
1789132702468317,29.487651824951172
1789132702480286,29.487651824951172
1789132702492288,29.487689971923828
1789132702495324,29.487689971923828
1789132702504315,29.487689971923828
1789132702516288,29.487689971923828
1789132702528303,29.487689971923828
1789132702540357,29.487689971923828
1789132702552287,29.487689971923828
1789132702555649,29.487689971923828
1789132702567301,29.48769187927246
1789132702576372,29.48769187927246
1789132702588287,29.48769187927246
1789132702600284,29.48769187927246
1789132702612290,29.48769187927246
1789132702624323,29.48769187927246
1789132702633389,29.48769187927246
1789132702636302,29.487651824951172
1789132702648289,29.487651824951172
1789132702660310,29.487651824951172
1789132702672429,29.487672805786133
1789132702675305,29.48773193359375
1789132702684316,29.48769187927246
1789132702696306,29.487680435180664
1789132702711311,29.487689971923828
1789132702720299,29.487689971923828
1789132702732290,29.487689971923828
1789132702744337,29.487689971923828
1789132702756288,29.487689971923828
1789132702759368,29.487689971923828
1789132702768288,29.487689971923828
1789132702780306,29.487689971923828
1789132702792298,29.487689971923828
1789132702795803,29.487689971923828
1789132702810287,29.48771095275879
1789132702816288,29.48769187927246
1789132702828306,29.48769187927246
1789132702840287,29.48769187927246
1789132702852290,29.48769187927246
1789132702855334,29.48769187927246
1789132702864324,29.48769187927246
1789132702876317,29.48769187927246
1789132702888298,29.487648010253906
1789132702900286,29.487651824951172
1789132702912286,29.487672805786133
1789132702915302,29.487730026245117
1789132702924444,29.48767852783203
1789132702936362,29.487689971923828
1789132702948288,29.487689971923828
1789132702963407,29.487689971923828
1789132702972338,29.487703323364258
1789132702975309,29.487651824951172
1789132702984319,29.487689971923828
1789132702996287,29.487689971923828
1789132703014333,29.487689971923828
1789132703020296,29.487689971923828
1789132703032300,29.487689971923828
1789132703035670,29.487689971923828
1789132703050303,29.487689971923828
1789132703056323,29.487689971923828
1789132703068372,29.487689971923828
1789132703080297,29.487689971923828
1789132703092318,29.487689971923828
1789132703095315,29.487689971923828
1789132703113921,29.487689971923828
1789132703116304,29.487689971923828
1789132703128304,29.487689971923828
1789132703140297,29.487689971923828
1789132703152300,29.487689971923828
1789132703155324,29.487689971923828
1789132703164329,29.487689971923828
1789132703176351,29.487689971923828
1789132703188317,29.487689971923828
1789132703200370,29.487689971923828
1789132703212301,29.487689971923828
1789132703215330,29.487689971923828
1789132703224352,29.487689971923828
1789132703236305,29.487689971923828
1789132703248302,29.487689971923828
1789132703260297,29.487689971923828
1789132703272309,29.487689971923828
1789132703281312,29.487689971923828
1789132703293409,29.487689971923828
1789132703296302,29.487689971923828
1789132703308329,29.487689971923828
1789132703320309,29.487689971923828
1789132703332442,29.487689971923828
1789132703335323,29.487689971923828
1789132703347316,29.487689971923828
1789132703359378,29.487689971923828
1789132703368305,29.487689971923828
1789132703380299,29.487689971923828
1789132703392299,29.487689971923828
1789132703395315,29.487689971923828
1789132703410314,29.487689971923828
1789132703416310,29.487689971923828
1789132703428301,29.487689971923828
1789132703440297,29.487689971923828
1789132703452310,29.487689971923828
1789132703464403,29.487689971923828
1789132703467316,29.487689971923828
1789132703476320,29.487689971923828
1789132703488320,29.487689971923828
1789132703503434,29.487689971923828
1789132703512312,29.487689971923828
1789132703524331,29.487701416015625
1789132703527329,29.48769187927246
1789132703536300,29.48769187927246
1789132703548307,29.48769187927246
1789132703560315,29.48769187927246
1789132703572322,29.48769187927246
1789132703575619,29.48769187927246
1789132703590302,29.4876708984375
1789132703596378,29.48771095275879
1789132703608301,29.487730026245117
1789132703620317,29.48769187927246
1789132703632305,29.48769187927246
1789132703635320,29.48769187927246
1789132703644350,29.48769187927246
1789132703656361,29.48769187927246
1789132703668302,29.48769187927246
1789132703680298,29.48769187927246
1789132703692300,29.48769187927246
1789132703695383,29.48769187927246
1789132703704331,29.48769187927246
1789132703716311,29.48769187927246
1789132703728369,29.48769187927246
1789132703740300,29.48769187927246
1789132703752318,29.48769187927246
1789132703755324,29.48769187927246
1789132703764424,29.48769187927246
1789132703776319,29.487680435180664
1789132703788301,29.487689971923828
1789132703800299,29.487689971923828
1789132703812299,29.487689971923828
1789132703818329,29.487689971923828
1789132703833397,29.487689971923828
1789132703839378,29.487689971923828
1789132703848310,29.487689971923828
1789132703860368,29.487689971923828
1789132703872300,29.487689971923828
1789132703875335,29.487689971923828
1789132703884349,29.487689971923828
1789132703896396,29.487689971923828
1789132703908314,29.487689971923828
1789132703920300,29.487689971923828
1789132703932301,29.487689971923828
1789132703935320,29.487689971923828
1789132703944367,29.487689971923828
1789132703956300,29.487689971923828
1789132703968332,29.487689971923828
1789132703980307,29.487689971923828
1789132703992442,29.487689971923828
1789132703995545,29.487689971923828
1789132704004346,29.487689971923828
1789132704016334,29.487689971923828
1789132704028317,29.487689971923828
1789132704040310,29.487689971923828
1789132704052313,29.487689971923828
1789132704055362,29.487689971923828
1789132704073759,29.487689971923828
1789132704076341,29.487689971923828
1789132704088312,29.487689971923828
1789132704100310,29.487689971923828
1789132704112322,29.487689971923828
1789132704115345,29.487689971923828
1789132704124420,29.487689971923828
1789132704139402,29.487689971923828
1789132704148334,29.487689971923828
1789132704160316,29.487689971923828
1789132704172313,29.487689971923828
1789132704175327,29.487689971923828
1789132704184352,29.487689971923828
1789132704196313,29.487689971923828
1789132704208314,29.487689971923828
1789132704220323,29.487689971923828
1789132704232314,29.487701416015625
1789132704238317,29.487689971923828
1789132704244375,29.487689971923828
1789132704256395,29.487689971923828
1789132704268343,29.487689971923828
1789132704280330,29.487689971923828
1789132704292317,29.487689971923828
1789132704295407,29.487689971923828
1789132704304843,29.487689971923828
1789132704316315,29.487701416015625
1789132704328314,29.487730026245117
1789132704340310,29.487730026245117
1789132704352326,29.48771095275879
1789132704355397,29.487653732299805
1789132704364361,29.487689971923828
1789132704382326,29.48769187927246
1789132704394341,29.48771095275879
1789132704400314,29.48769187927246
1789132704412314,29.48769187927246
1789132704421431,29.48769187927246
1789132704424350,29.48769187927246
1789132704436324,29.487680435180664
1789132704448315,29.487651824951172
1789132704460311,29.487689971923828
1789132704472314,29.487689971923828
1789132704475337,29.487689971923828
1789132704484341,29.487689971923828
1789132704502326,29.487689971923828
1789132704514341,29.487672805786133
1789132704520399,29.487689971923828
1789132704532315,29.487689971923828
1789132704535508,29.487689971923828
1789132704547335,29.487689971923828
1789132704559391,29.487653732299805
1789132704568343,29.487703323364258
1789132704580314,29.487730026245117
1789132704592313,29.48769187927246
1789132704595328,29.48769187927246
1789132704604355,29.48769187927246
1789132704622397,29.48769187927246
1789132704628313,29.487672805786133
1789132704640321,29.487651824951172
1789132704652455,29.487672805786133
1789132704655358,29.487689971923828
1789132704664352,29.487689971923828
1789132704676331,29.487689971923828
1789132704688332,29.487689971923828
1789132704700330,29.487689971923828
1789132704712327,29.487689971923828
1789132704724359,29.487689971923828
1789132704736314,29.487689971923828
1789132704739394,29.487689971923828
1789132704748316,29.487689971923828
1789132704763416,29.487689971923828
1789132704772322,29.487689971923828
1789132704775343,29.487689971923828
1789132704790320,29.487689971923828
1789132704799412,29.487689971923828
1789132704808321,29.487703323364258
1789132704823428,29.487653732299805
1789132704832341,29.487689971923828
1789132704844367,29.487701416015625
1789132704847324,29.48769187927246
1789132704859393,29.48769187927246
1789132704868314,29.48769187927246
1789132704880312,29.48769187927246
1789132704892331,29.48769187927246
1789132704895337,29.48769187927246
1789132704910315,29.48769187927246
1789132704922320,29.48771095275879
1789132704928338,29.48769187927246
1789132704940311,29.48769187927246
1789132704952317,29.48769187927246
1789132704955328,29.48769187927246
1789132704964368,29.48769187927246
1789132704976350,29.48769187927246
1789132704988325,29.48769187927246
1789132705000323,29.487651824951172
1789132705012312,29.487689971923828
1789132705024351,29.487689971923828
1789132705027335,29.487689971923828
1789132705036336,29.487689971923828
1789132705048395,29.487689971923828
1789132705060325,29.487689971923828
1789132705072333,29.487689971923828
1789132705084434,29.487689971923828
1789132705087339,29.487689971923828
1789132705099399,29.487689971923828
1789132705108326,29.487689971923828
1789132705120323,29.487689971923828
1789132705132324,29.487689971923828
1789132705141335,29.487689971923828
1789132705153444,29.48769187927246
1789132705162346,29.48771095275879
1789132705168336,29.487672805786133
1789132705180403,29.487653732299805
1789132705192325,29.487689971923828
1789132705195356,29.487689971923828
1789132705204353,29.487689971923828
1789132705216419,29.487689971923828
1789132705228348,29.487689971923828
1789132705240322,29.487689971923828
1789132705252325,29.487689971923828
1789132705255371,29.487689971923828
1789132705264369,29.487689971923828
1789132705276343,29.487689971923828
1789132705288325,29.487689971923828
1789132705300332,29.487689971923828
1789132705312477,29.487689971923828
1789132705318332,29.487689971923828
1789132705324355,29.487689971923828
1789132705336326,29.487689971923828
1789132705348329,29.487689971923828
1789132705360341,29.487689971923828
1789132705372325,29.487689971923828
1789132705381405,29.487689971923828
1789132705384354,29.487689971923828
1789132705396331,29.487689971923828
1789132705408327,29.487689971923828
1789132705420331,29.487689971923828
1789132705432336,29.487689971923828
1789132705444440,29.487689971923828
1789132705456346,29.487689971923828
1789132705459440,29.487689971923828
1789132705471343,29.487689971923828
1789132705480328,29.487703323364258
1789132705492343,29.48771095275879
1789132705495340,29.487651824951172
1789132705504372,29.487689971923828
1789132705516326,29.487701416015625
1789132705528378,29.48769187927246
1789132705540323,29.487651824951172
1789132705552340,29.487689971923828
1789132705564402,29.487689971923828
1789132705576413,29.487689971923828
1789132705579417,29.487689971923828
1789132705588327,29.487689971923828
1789132705600322,29.487689971923828
1789132705612405,29.487689971923828
1789132705615347,29.487689971923828
1789132705627338,29.487730026245117
1789132705636326,29.48769187927246
1789132705648328,29.48769187927246
1789132705660323,29.48769187927246
1789132705672326,29.48769187927246
1789132705675408,29.48769187927246
1789132705687357,29.48769187927246
1789132705702340,29.48771095275879
1789132705708400,29.48769187927246
1789132705720322,29.48769187927246
1789132705732326,29.48769187927246
1789132705735342,29.48769187927246
1789132705744363,29.48769187927246
1789132705756325,29.48769187927246
1789132705768328,29.487651824951172
1789132705780333,29.487651824951172
1789132705792325,29.487689971923828
1789132705804356,29.487689971923828
1789132705816326,29.487689971923828
1789132705819408,29.487689971923828
1789132705828363,29.487689971923828
1789132705840394,29.487689971923828
1789132705852324,29.487689971923828
1789132705855520,29.487689971923828
1789132705867342,29.487689971923828
1789132705876348,29.487689971923828
1789132705888325,29.487689971923828
1789132705900324,29.487689971923828
1789132705912325,29.487689971923828
1789132705915365,29.487689971923828
1789132705933426,29.487689971923828
1789132705942369,29.487689971923828
1789132705948326,29.487689971923828
1789132705960360,29.487689971923828
1789132705972466,29.487689971923828
1789132705975342,29.487689971923828
1789132705984357,29.487689971923828
1789132705996330,29.487689971923828
1789132706011363,29.487689971923828
1789132706020336,29.487689971923828
1789132706032338,29.487689971923828
1789132706044371,29.487689971923828
1789132706056372,29.487689971923828
1789132706059444,29.487689971923828
1789132706068341,29.487689971923828
1789132706080357,29.487689971923828
1789132706092366,29.487689971923828
1789132706098348,29.487689971923828
1789132706104451,29.487689971923828
1789132706116339,29.487689971923828
1789132706128338,29.487689971923828
1789132706140339,29.487689971923828
1789132706152338,29.487689971923828
1789132706155352,29.487689971923828
1789132706164775,29.487689971923828
1789132706176375,29.487689971923828
1789132706188339,29.487730026245117
1789132706200335,29.487730026245117
1789132706212339,29.48771095275879
1789132706215352,29.487651824951172
1789132706230339,29.48771095275879
1789132706236408,29.48769187927246
1789132706251392,29.48769187927246
1789132706263461,29.487730026245117
1789132706272379,29.4876766204834
1789132706275353,29.487730026245117
1789132706284367,29.48769187927246
1789132706296338,29.487680435180664
1789132706308339,29.487689971923828
1789132706320346,29.487689971923828
1789132706332337,29.487689971923828
1789132706335425,29.487689971923828
1789132706344373,29.487689971923828
1789132706362340,29.487689971923828
1789132706368415,29.487689971923828
1789132706380336,29.487689971923828
1789132706392337,29.487689971923828
1789132706395353,29.487689971923828
1789132706413433,29.487689971923828
1789132706416338,29.487689971923828
1789132706431360,29.487689971923828
1789132706440338,29.487689971923828
1789132706452338,29.487689971923828
1789132706461339,29.487689971923828
1789132706464392,29.487689971923828
1789132706476358,29.487689971923828
1789132706488369,29.487689971923828
1789132706500406,29.487689971923828
1789132706512339,29.487689971923828
1789132706515455,29.487689971923828
1789132706527359,29.487689971923828
1789132706536390,29.487703323364258
1789132706548339,29.487730026245117
1789132706560351,29.487730026245117
1789132706572339,29.48771095275879
1789132706575352,29.487651824951172
1789132706584369,29.487689971923828
1789132706596339,29.487701416015625
1789132706611571,29.48769187927246
1789132706620345,29.4876766204834
1789132706632495,29.48769187927246
1789132706644371,29.48769187927246
1789132706656354,29.487680435180664
1789132706659420,29.487689971923828
1789132706668359,29.487689971923828
1789132706680338,29.487689971923828
1789132706692351,29.487689971923828
1789132706704388,29.487689971923828
1789132706707349,29.487689971923828
1789132706716338,29.487689971923828
1789132706728338,29.487689971923828
1789132706740337,29.487689971923828
1789132706752348,29.487689971923828
1789132706755356,29.487689971923828
1789132706764450,29.487689971923828
1789132706779435,29.487689971923828
1789132706791353,29.487651824951172
1789132706800338,29.487689971923828
1789132706812338,29.487689971923828
1789132706815352,29.487689971923828
1789132706833432,29.487689971923828
1789132706836339,29.487689971923828
1789132706848354,29.487689971923828
1789132706860335,29.487689971923828
1789132706872337,29.487689971923828
1789132706878343,29.487689971923828
1789132706884378,29.487689971923828
1789132706896422,29.487689971923828
1789132706908341,29.487689971923828
1789132706920339,29.487689971923828
1789132706932342,29.487689971923828
1789132706944642,29.487689971923828
1789132706953446,29.487689971923828
1789132706956352,29.487689971923828
1789132706968347,29.487689971923828
1789132706980335,29.487689971923828
1789132706992339,29.487689971923828
1789132706995434,29.487689971923828
1789132707004388,29.487689971923828
1789132707016352,29.487689971923828
1789132707028437,29.487689971923828
1789132707043488,29.487689971923828
1789132707052350,29.487689971923828
1789132707055380,29.487689971923828
1789132707064392,29.487689971923828
1789132707076371,29.487689971923828
1789132707088359,29.487689971923828
1789132707100350,29.487689971923828
1789132707112368,29.487689971923828
1789132707121362,29.487689971923828
1789132707133450,29.487689971923828
1789132707136352,29.487689971923828
1789132707148361,29.487689971923828
1789132707160436,29.487689971923828
1789132707172360,29.487689971923828
1789132707175393,29.487689971923828
1789132707187381,29.487689971923828
1789132707196397,29.487689971923828
1789132707208352,29.487689971923828
1789132707220349,29.487689971923828
1789132707232351,29.487689971923828
1789132707244390,29.487689971923828
1789132707256383,29.487689971923828
1789132707265365,29.487689971923828
1789132707268360,29.487689971923828
1789132707280359,29.487689971923828
1789132707292511,29.487689971923828
1789132707295369,29.487689971923828
1789132707304379,29.487689971923828
1789132707316351,29.487689971923828
1789132707328378,29.487689971923828
1789132707340358,29.487689971923828
1789132707352354,30.381513595581055
1789132707364382,29.587770462036133
1789132707367362,29.588340759277344
1789132707379440,29.590648651123047
1789132707388352,29.59235191345215
1789132707400372,29.594646453857422
1789132707412362,29.59693717956543
1789132707415405,29.597517013549805
1789132707430357,29.600372314453125
1789132707439430,29.60210609436035
1789132707448354,29.603811264038086
1789132707460352,29.60610008239746
1789132707472350,29.60839080810547
1789132707475374,29.60896873474121
1789132707484380,29.610689163208008
1789132707496352,29.612974166870117
1789132707514385,29.616416931152344
1789132707520350,29.61757469177246
1789132707532351,29.619869232177734
1789132707535382,29.620389938354492
1789132707544526,29.62217140197754
1789132707556451,29.624460220336914
1789132707568352,29.626724243164062
1789132707583473,29.629610061645508
1789132707592392,29.631298065185547
1789132707595373,29.631919860839844
1789132707604459,29.633617401123047
1789132707616352,29.63587760925293
1789132707628361,29.638181686401367
1789132707640349,29.640470504760742
1789132707652351,29.642763137817383
1789132707655504,29.64336395263672
1789132707670363,29.646203994750977
1789132707682352,29.64849090576172
1789132707688448,29.649654388427734
1789132707700349,29.65192985534668
1789132707712351,29.65422248840332
1789132707715366,29.65479850769043
1789132707724386,29.65652084350586
1789132707736362,29.658809661865234
1789132707748364,26.126371383666992
1789132707760349,26.329757690429688
1789132707772374,29.566804885864258
1789132707775376,29.566804885864258
1789132707784381,29.566804885864258
1789132707796352,29.566804885864258
1789132707808360,29.566804885864258
1789132707820436,29.566804885864258
1789132707832353,29.566804885864258
1789132707838371,29.566804885864258
1789132707847366,29.566804885864258
1789132707856386,29.566804885864258
1789132707868359,29.566804885864258
1789132707880351,29.566804885864258
1789132707892350,29.566804885864258
1789132707901371,29.566804885864258
1789132707913442,29.566804885864258
1789132707916356,29.566804885864258
1789132707928365,29.566804885864258
1789132707940360,29.566804885864258
1789132707952508,29.566804885864258
1789132707955369,29.566804885864258
1789132707967366,29.566804885864258
1789132707979438,29.566804885864258
1789132707991366,29.566804885864258
1789132708000350,29.566804885864258
1789132708012351,29.566804885864258
1789132708015366,29.566804885864258
1789132708024410,29.566804885864258
1789132708039448,29.566804885864258
1789132708048365,29.566804885864258
1789132708063931,29.566804885864258
1789132708072373,29.566818237304688
1789132708075403,29.5667667388916
1789132708084485,29.566804885864258
1789132708096368,29.566816329956055
1789132708108371,29.566804885864258
1789132708120364,29.566804885864258
1789132708132363,29.566804885864258
1789132708135495,29.566804885864258
1789132708153496,29.566804885864258
1789132708156365,29.566804885864258
1789132708168392,29.566804885864258
1789132708180361,29.566804885864258
1789132708192365,29.566804885864258
1789132708195383,29.566804885864258
1789132708204413,29.566804885864258
1789132708222371,29.566804885864258
1789132708231385,29.566804885864258
1789132708240366,29.566804885864258
1789132708252369,29.566804885864258
1789132708255401,29.566804885864258
1789132708264402,29.566804885864258
1789132708276391,29.566804885864258
1789132708288364,29.566804885864258
1789132708300361,29.566843032836914
1789132708312364,29.56682586669922
1789132708315462,29.566768646240234
1789132708324394,29.566818237304688
1789132708336376,29.566804885864258
1789132708348449,29.566804885864258
1789132708363481,29.566804885864258
1789132708372364,29.566791534423828
1789132708375389,29.566843032836914
1789132708384487,29.56679344177246
1789132708396365,29.566816329956055
1789132708408365,29.566843032836914
1789132708420363,29.566843032836914
1789132708432363,29.56682586669922
1789132708441732,29.566804885864258
1789132708453488,29.566804885864258
1789132708459448,29.566843032836914
1789132708471387,29.566843032836914
1789132708480447,29.566791534423828
1789132708492364,29.56678581237793
1789132708495383,29.566843032836914
1789132708507404,29.5667667388916
1789132708519480,29.566804885864258
1789132708528381,29.566818237304688
1789132708540361,29.566843032836914
1789132708552364,29.56682586669922
1789132708555379,29.5667667388916
1789132708564428,29.566804885864258
1789132708576381,29.566816329956055
1789132708588366,29.566804885864258
1789132708600371,29.566783905029297
1789132708612514,29.56678581237793
1789132708615399,29.566844940185547
1789132708624395,29.566804885864258
1789132708642365,29.566804885864258
1789132708648371,29.566804885864258
1789132708660362,29.566804885864258
1789132708672373,29.566804885864258
1789132708684406,29.566804885864258
1789132708687383,29.566804885864258
1789132708696384,29.566804885864258
1789132708708365,29.566804885864258
1789132708720361,29.566804885864258
1789132708732373,29.566804885864258
1789132708735382,29.566804885864258
1789132708744477,29.566804885864258
1789132708756375,29.566804885864258
1789132708768370,29.566804885864258
1789132708780366,29.566816329956055
1789132708792364,29.56682586669922
1789132708795395,29.566768646240234
1789132708804393,29.566804885864258
1789132708816365,29.566816329956055
1789132708828384,29.566843032836914
1789132708843592,29.56684112548828
1789132708852363,29.5667667388916
1789132708864412,29.566804885864258
1789132708876449,29.566804885864258
1789132708879441,29.566804885864258
1789132708888365,29.566804885864258
1789132708900360,29.566804885864258
1789132708912450,29.566804885864258
1789132708915387,29.566804885864258
1789132708924665,29.566804885864258
1789132708936383,29.566804885864258
1789132708948367,29.566804885864258
1789132708960381,29.566804885864258
1789132708972363,29.566804885864258
1789132708984397,29.566804885864258
1789132708987393,29.566804885864258
1789132708999446,29.566804885864258
1789132709014395,29.566804885864258
1789132709023502,29.566804885864258
1789132709032365,29.566804885864258
1789132709044420,29.566804885864258
1789132709047388,29.566804885864258
1789132709056390,29.566804885864258
1789132709068378,29.566804885864258
1789132709080374,29.566804885864258
1789132709092395,29.566804885864258
1789132709101390,29.566804885864258
1789132709113466,29.566804885864258
1789132709116378,29.566804885864258
1789132709128405,29.566804885864258
1789132709140442,29.566804885864258
1789132709152375,29.566804885864258
1789132709155393,29.566804885864258
1789132709164412,29.566804885864258
1789132709176490,29.566804885864258
1789132709188382,29.566804885864258
1789132709200377,29.566804885864258
1789132709212376,29.566804885864258
1789132709215391,29.566804885864258
1789132709224421,29.566804885864258
1789132709236377,29.566804885864258
1789132709248378,29.566804885864258
1789132709260386,29.566804885864258
1789132709272522,29.566804885864258
1789132709275432,29.566804885864258
1789132709284408,29.566804885864258
1789132709296377,29.566816329956055
1789132709308381,29.566804885864258
1789132709320383,29.566804885864258
1789132709332375,29.566804885864258
1789132709335832,29.566804885864258
1789132709353496,29.566804885864258
1789132709356408,29.566844940185547
1789132709368386,29.566843032836914
1789132709383497,29.566804885864258
1789132709392386,29.566804885864258
1789132709395390,29.566804885864258
1789132709404475,29.566804885864258
1789132709419461,29.566804885864258
1789132709431414,29.566843032836914
1789132709443498,29.566843032836914
1789132709452377,29.56678581237793
1789132709464413,29.566804885864258
1789132709476389,29.566804885864258
1789132709479450,29.566804885864258
1789132709488396,29.566804885864258
1789132709500376,29.566843032836914
1789132709512377,29.566804885864258
1789132709524430,29.566804885864258
1789132709536447,29.566804885864258
1789132709539455,29.566804885864258
1789132709548390,29.566804885864258
1789132709560373,29.566804885864258
1789132709572381,29.566804885864258
1789132709575426,29.566804885864258
1789132709584706,29.566804885864258
1789132709596404,29.566804885864258
1789132709608396,29.566804885864258
1789132709620375,29.566804885864258
1789132709632376,29.566804885864258
1789132709635466,29.566804885864258
1789132709647389,29.566804885864258
1789132709656438,29.566804885864258
1789132709674427,29.566804885864258
1789132709683494,29.566804885864258
1789132709692377,29.566804885864258
1789132709704410,29.566804885864258
1789132709713473,29.566804885864258
1789132709716377,29.566804885864258
1789132709728376,29.566804885864258
1789132709740410,29.566804885864258
1789132709752376,29.566844940185547
1789132709761403,29.566804885864258
1789132709773482,29.566804885864258
1789132709776385,29.566804885864258
1789132709788388,29.566804885864258
1789132709800445,29.566804885864258
1789132709812379,29.566804885864258
1789132709815391,29.566804885864258
1789132709827417,29.566804885864258
1789132709839479,29.566804885864258
1789132709848380,29.566804885864258
1789132709860373,29.566804885864258
1789132709872394,29.566804885864258
1789132709875390,29.566804885864258
1789132709884407,29.566804885864258
1789132709896386,29.566804885864258
1789132709908379,29.566804885864258
1789132709920382,29.56682777404785
1789132709932523,29.566804885864258
1789132709935397,29.566804885864258
1789132709944428,29.566804885864258
1789132709956377,29.566804885864258
1789132709968382,29.566804885864258
1789132709980389,29.566804885864258
1789132709992377,29.566804885864258
1789132710001397,29.566804885864258
1789132710004425,29.566804885864258
1789132710016378,29.566804885864258
1789132710028376,29.566804885864258
1789132710040396,29.566804885864258
1789132710052400,29.566804885864258
1789132710064502,29.566804885864258
1789132710070437,29.566804885864258
1789132710076406,29.566804885864258
1789132710091404,29.566804885864258
1789132710100393,29.566804885864258
1789132710112390,29.566804885864258
1789132710115405,29.566804885864258
1789132710124420,29.566804885864258
1789132710136428,29.566804885864258
1789132710148398,29.566804885864258
1789132710160396,29.566843032836914
1789132710172388,29.56682586669922
1789132710175409,29.5667667388916
1789132710184430,29.566804885864258
1789132710196462,29.566816329956055
1789132710208395,29.566804885864258
1789132710223506,29.566804885864258
1789132710232432,29.566791534423828
1789132710235426,29.566843032836914
1789132710250402,29.56678581237793
1789132710256408,29.566804885864258
1789132710268410,29.566804885864258
1789132710280388,29.566804885864258
1789132710292390,29.566804885864258
1789132710301425,29.566804885864258
1789132710307404,29.566804885864258
1789132710316401,29.566804885864258
1789132710328472,29.566804885864258
1789132710340386,29.566804885864258
1789132710352390,29.566804885864258
1789132710355405,29.566804885864258
1789132710364419,29.566804885864258
1789132710376415,29.566804885864258
1789132710388400,29.566804885864258
1789132710400407,29.566804885864258
1789132710412390,29.566804885864258
1789132710415477,29.566804885864258
1789132710424420,29.566804885864258
1789132710436413,29.566804885864258
1789132710451411,29.566804885864258
1789132710460467,29.566818237304688
1789132710472389,29.56682586669922
1789132710475452,29.566768646240234
1789132710484420,29.566804885864258
1789132710496395,29.566804885864258
1789132710508401,29.566804885864258
1789132710520388,29.566804885864258
1789132710532408,29.566804885864258
1789132710541403,29.566804885864258
1789132710553490,29.566804885864258
1789132710556418,29.566804885864258
1789132710568390,29.5667667388916
1789132710580397,29.5667667388916
1789132710592532,29.56678581237793
1789132710595490,29.566804885864258
1789132710607434,29.566843032836914
1789132710616391,29.566791534423828
1789132710628397,29.5667667388916
1789132710640388,29.566804885864258
1789132710652393,29.566804885864258
1789132710664453,29.566804885864258
1789132710667402,29.566804885864258
1789132710679488,29.566804885864258
1789132710688393,29.566804885864258
1789132710700390,29.566804885864258
1789132710712400,29.566804885864258
1789132710715405,29.566804885864258
1789132710724488,29.566804885864258
1789132710736392,29.566804885864258
1789132710748390,29.566804885864258
1789132710760411,29.566804885864258
1789132710772402,29.566804885864258
1789132710784427,29.566816329956055
1789132710787410,29.566804885864258
1789132710796410,28.40854835510254
1789132710808391,26.28376579284668
1789132710820387,27.865903854370117
1789132710832388,27.873844146728516
1789132710835416,32.7159309387207
1789132710850390,29.463878631591797
1789132710856497,29.46271324157715
1789132710868392,29.4604434967041
1789132710880389,29.458148956298828
1789132710892393,29.455856323242188
1789132710895444,29.45527458190918
1789132710904899,29.453468322753906
1789132710916393,29.451251983642578
1789132710928408,29.448902130126953
1789132710940391,29.446611404418945
1789132710952389,29.44435691833496
1789132710961418,29.44263458251953
1789132710970394,29.44095802307129
1789132710976403,29.43981170654297
1789132710988469,29.43750762939453
1789132711000392,29.435230255126953
1789132711012413,29.43293571472168
1789132711021460,29.43120765686035
1789132711024425,29.430639266967773
1789132711036401,29.42835235595703
1789132711048408,29.4261417388916
1789132711060419,29.423768997192383
1789132711072403,29.421480178833008
1789132711075427,29.420902252197266
1789132711084440,29.41918182373047
1789132711096421,29.416893005371094
1789132711108413,29.414602279663086
1789132711120471,29.412302017211914
1789132711132404,29.410022735595703
1789132711135425,29.409446716308594
1789132711144442,29.407724380493164
1789132711156417,29.405437469482422
1789132711168406,29.403148651123047
1789132711180400,29.40085792541504
1789132711192422,29.398561477661133
1789132711201415,29.3968448638916
1789132711213515,29.394533157348633
1789132711216404,29.39398193359375
1789132711231415,29.391117095947266
1789132711240410,29.38939666748047
1789132711252544,29.3870792388916
1789132711255454,29.386524200439453
1789132711264438,29.384807586669922
1789132711279493,29.38193130493164
1789132711291434,29.379650115966797
1789132711300402,29.377939224243164
1789132711312402,29.375648498535156
1789132711315440,29.37506675720215
1789132711324451,29.37334632873535
1789132711336405,29.371063232421875
1789132711348404,29.368770599365234
1789132711363506,29.365888595581055
1789132711372421,31.053964614868164
1789132711384500,29.46082305908203
1789132711387427,29.46082305908203
1789132711396407,29.46082305908203
1789132711408412,29.46082305908203
1789132711420411,29.46082305908203
1789132711432403,29.46082305908203
1789132711435455,29.46082305908203
1789132711444450,29.46082305908203
1789132711456443,29.46082305908203
1789132711468422,29.46082305908203
1789132711480400,29.46082305908203
1789132711492402,29.46082305908203
1789132711495423,29.46082305908203
1789132711507424,29.46082305908203
1789132711522403,29.46082305908203
1789132711531446,29.46082305908203
1789132711540410,29.46082305908203
1789132711552408,29.460834503173828
1789132711555420,29.460784912109375
1789132711564495,29.46083641052246
1789132711576410,29.46082305908203
1789132711588403,29.46082305908203
1789132711600400,29.46082305908203
1789132711612405,29.46082305908203
1789132711615485,29.46082305908203
1789132711624454,29.46082305908203
1789132711636415,29.46082305908203
1789132711654500,29.46082305908203
1789132711660399,29.46082305908203
1789132711672403,29.46082305908203
1789132711675426,29.46082305908203
1789132711684437,29.46082305908203
1789132711696422,29.46082305908203
1789132711708405,29.46082305908203
1789132711720402,29.46082305908203
1789132711732402,29.46082305908203
1789132711741414,29.46082305908203
1789132711753496,29.46082305908203
1789132711756421,29.460784912109375
1789132711768414,29.460784912109375
1789132711780470,29.460786819458008
1789132711792416,29.460803985595703
1789132711795451,29.460861206054688
1789132711804440,29.46082305908203
1789132711816493,29.460813522338867
1789132711828437,29.46082305908203
1789132711840402,29.46082305908203
1789132711852403,29.46082305908203
1789132711858412,29.46082305908203
1789132711864441,29.46082305908203
1789132711876410,29.46082305908203
1789132711888425,29.46082305908203
1789132711900411,29.46082305908203
1789132711915467,29.46082305908203
1789132711918411,29.46082305908203
1789132711924435,29.46082305908203
1789132711936404,29.46082305908203
1789132711948408,29.46082305908203
1789132711960436,29.46082305908203
1789132711972428,29.46082305908203
1789132711975454,29.46082305908203
1789132711993858,29.46082305908203
1789132711996402,29.46086883544922
1789132712014442,29.460803985595703
1789132712020400,29.460844039916992
1789132712032413,29.460844039916992
1789132712035422,29.460784912109375
1789132712044518,29.46082305908203
1789132712059874,29.46082305908203
1789132712071439,29.46082305908203
1789132712083518,29.46082305908203
1789132712092435,29.46082305908203
1789132712095430,29.46082305908203
1789132712104446,29.46082305908203
1789132712116417,29.46082305908203
1789132712128416,29.46082305908203
1789132712140415,29.46082305908203
1789132712152424,29.46082305908203
1789132712164499,29.46082305908203
1789132712176489,29.46082305908203
1789132712179502,29.46082305908203
1789132712188417,29.46082305908203
1789132712200415,29.46082305908203
1789132712212420,29.46082305908203
1789132712215451,29.46082305908203
1789132712224694,29.46082305908203
1789132712236423,29.46082305908203
1789132712248418,29.46082305908203
1789132712260418,29.46082305908203
1789132712272416,29.46082305908203
1789132712275501,29.46082305908203
1789132712290460,29.46082305908203
1789132712302432,29.46082305908203
1789132712308493,29.46082305908203
1789132712320422,29.46082305908203
1789132712332416,29.46082305908203
1789132712335434,29.46082305908203
1789132712344454,29.46082305908203
1789132712356444,29.46082305908203
1789132712368437,29.460784912109375
1789132712380413,29.460784912109375
1789132712392416,29.46082305908203
1789132712395441,29.46082305908203
1789132712404449,29.46082305908203
1789132712416416,29.46082305908203
1789132712428433,29.46082305908203
1789132712440486,29.46082305908203
1789132712452417,29.46082305908203
1789132712461427,29.46082305908203
1789132712467430,29.46082305908203
1789132712476433,29.46082305908203
1789132712488442,29.46082305908203
1789132712500431,29.46082305908203
1789132712512416,29.46082305908203
1789132712515451,29.46082305908203
1789132712524444,29.46082305908203
1789132712536426,29.46082305908203
1789132712548417,29.46082305908203
1789132712560423,29.46082305908203
1789132712572555,29.46082305908203
1789132712575434,29.46082305908203
1789132712584447,29.46082305908203
1789132712596416,29.46082305908203
1789132712611456,29.46082305908203
1789132712620427,29.46082305908203
1789132712632436,29.460834503173828
1789132712644448,29.46082305908203
1789132712656430,29.46082305908203
1789132712659505,29.46082305908203
1789132712668424,29.46082305908203
1789132712680432,29.46082305908203
1789132712692425,29.46082305908203
1789132712695453,29.46082305908203
1789132712710417,29.46082305908203
1789132712716421,29.46082305908203
1789132712728417,29.46082305908203
1789132712740418,29.46082305908203
1789132712752417,29.46082305908203
1789132712755446,29.46082305908203
1789132712773594,29.46082305908203
1789132712776419,29.46082305908203
1789132712788418,29.46082305908203
1789132712800414,29.46082305908203
1789132712812421,29.46082305908203
1789132712815430,29.46082305908203
1789132712824454,29.46082305908203
1789132712836485,29.46082305908203
1789132712848419,29.46082305908203
1789132712863548,29.46082305908203
1789132712872474,29.46082305908203
1789132712875432,29.46082305908203
1789132712884446,29.46082305908203
1789132712896436,29.46082305908203
1789132712908416,29.46082305908203
1789132712920413,29.46082305908203
1789132712932417,29.46082305908203
1789132712944455,29.46082305908203
1789132712950419,29.46082305908203
1789132712956450,29.46082305908203
1789132712968507,29.46082305908203
1789132712980416,29.46082305908203
1789132712992416,29.46082305908203
1789132712995447,29.46082305908203
1789132713004633,29.46082305908203
1789132713016432,29.46082305908203
1789132713028437,29.460813522338867
1789132713040415,29.46082305908203
1789132713052431,29.46082305908203
1789132713055485,29.46082305908203
1789132713064471,29.46082305908203
1789132713079507,29.46082305908203
1789132713088439,29.46082305908203
1789132713100499,29.46082305908203
1789132713112430,29.46082305908203
1789132713115585,29.46082305908203
1789132713127463,29.46082305908203
1789132713136435,29.46082305908203
1789132713148432,29.46082305908203
1789132713160447,29.46082305908203
1789132713172439,29.46082305908203
1789132713181451,29.46082305908203
1789132713184462,29.460861206054688
1789132713196431,29.46082305908203
1789132713208460,29.46082305908203
1789132713220437,29.46082305908203
1789132713232575,29.46082305908203
1789132713235737,29.46082305908203
1789132713247446,29.46082305908203
1789132713256464,29.46082305908203
1789132713268436,29.46082305908203
1789132713280428,29.46082305908203
1789132713292449,29.46082305908203
1789132713295444,29.46082305908203
1789132713304457,29.46082305908203
1789132713316440,29.46082305908203
1789132713328430,29.460784912109375
1789132713340427,29.460784912109375
1789132713352438,29.460803985595703
1789132713355459,29.460861206054688
1789132713364541,29.46082305908203
1789132713376433,29.460813522338867
1789132713388432,29.46082305908203
1789132713400448,29.46082305908203
1789132713412491,29.46082305908203
1789132713424476,29.46082305908203
1789132713427441,29.46082305908203
1789132713436431,29.46082305908203
1789132713448433,29.46082305908203
1789132713460452,29.46082305908203
1789132713472447,29.46082305908203
1789132713484513,29.46082305908203
1789132713490457,29.46082305908203
1789132713502445,29.46082305908203
1789132713508431,29.46082305908203
1789132713520427,29.46082305908203
1789132713532468,29.46082305908203
1789132713544464,29.46082305908203
1789132713556430,29.46082305908203
1789132713559505,29.46082305908203
1789132713568433,29.46082305908203
1789132713580437,29.46082305908203
1789132713592429,29.46082305908203
1789132713604459,29.46082305908203
1789132713616440,29.46082305908203
1789132713619509,29.46082305908203
1789132713628500,29.46082305908203
1789132713640426,29.46082305908203
1789132713652431,29.46082305908203
1789132713655550,29.46082305908203
1789132713667462,29.46082305908203
1789132713676451,29.46082305908203
1789132713688439,29.460834503173828
1789132713700428,29.460861206054688
1789132713712446,29.46082305908203
1789132713721432,29.46082305908203
1789132713724460,29.460784912109375
1789132713736431,29.46082305908203
1789132713748453,29.46082305908203
1789132713760497,29.46082305908203
1789132713772429,29.46082305908203
1789132713775445,29.46082305908203
1789132713784633,29.46082305908203
1789132713796538,29.46082305908203
1789132713808431,29.46082305908203
1789132713820429,29.46082305908203
1789132713832428,29.46082305908203
1789132713835447,29.46082305908203
1789132713844464,29.46082305908203
1789132713856444,29.46082305908203
1789132713868442,29.46082305908203
1789132713880438,29.46082305908203
1789132713892576,29.46082305908203
1789132713895465,29.46082305908203
1789132713904478,29.46082305908203
1789132713916431,29.46082305908203
1789132713928475,29.46082305908203
1789132713940441,29.46082305908203
1789132713952439,29.46082305908203
1789132713964476,29.46082305908203
1789132713976432,29.46082305908203
1789132713979518,29.46082305908203
1789132713988432,29.46082305908203
1789132714003533,29.46082305908203
1789132714012439,29.46082305908203
1789132714015446,29.46082305908203
1789132714030437,29.46082305908203
1789132714039512,29.46082305908203
1789132714048432,29.46082305908203
1789132714060464,29.46082305908203
1789132714072443,29.46082305908203
1789132714084472,29.46082305908203
1789132714087462,29.46082305908203
1789132714096452,29.46082305908203
1789132714114494,29.46082305908203
1789132714120441,29.460844039916992
1789132714132443,29.460844039916992
1789132714135519,29.460786819458008
1789132714144487,29.46082305908203
1789132714156513,29.460834503173828
1789132714168460,29.46082305908203
1789132714180441,29.46082305908203
1789132714192540,29.46082305908203
1789132714195465,29.46082305908203
1789132714204471,29.46082305908203
1789132714216445,29.46082305908203
1789132714228444,29.46082305908203
1789132714240442,29.46082305908203
1789132714252443,29.46082305908203
1789132714261444,29.46082305908203
1789132714270447,29.46082305908203
1789132714276455,29.46082305908203
1789132714288512,29.46082305908203
1789132714300442,29.46082305908203
1789132714312443,29.46082305908203
1789132714324496,29.46082305908203
1789132714327454,29.46082305908203
1789132714339635,29.46082305908203
1789132714348443,29.46082305908203
1789132714360449,29.46082305908203
1789132714372443,29.46082305908203
1789132714381453,29.46082305908203
1789132714393561,29.46082305908203
1789132714402447,29.460844039916992
1789132714408454,29.460803985595703
1789132714420512,29.460786819458008
1789132714432460,29.46082305908203
1789132714435460,29.46082305908203
1789132714444487,29.46082305908203
1789132714456563,29.46082305908203
1789132714468448,29.46082305908203
1789132714480440,29.46082305908203
1789132714492444,29.46082305908203
1789132714495457,29.46082305908203
1789132714504473,29.46082305908203
1789132714516443,29.46082305908203
1789132714528447,29.46082305908203
1789132714543575,29.46082305908203
1789132714552588,29.46082305908203
1789132714555542,29.46082305908203
1789132714564475,29.46082305908203
1789132714576453,29.46082305908203
1789132714588447,29.46082305908203
1789132714600440,29.46082305908203
1789132714612441,29.46082305908203
1789132714621531,29.46082305908203
1789132714633944,29.46082305908203
1789132714636463,29.46082305908203
1789132714648445,29.46082305908203
1789132714663557,29.46082305908203
1789132714672454,29.46082305908203
1789132714684538,29.46082305908203
1789132714690451,29.46082305908203
1789132714699548,29.46082305908203
1789132714711459,29.46082305908203
1789132714720445,29.4608097076416
1789132714732442,29.460803985595703
1789132714735480,29.460861206054688
1789132714744489,29.46082305908203
1789132714756443,29.460813522338867
1789132714768461,29.46082305908203
1789132714780440,29.46082305908203
1789132714792442,29.46082305908203
1789132714798448,29.46082305908203
1789132714804482,29.46082305908203
1789132714816512,29.46082305908203
1789132714828446,29.46082305908203
1789132714840458,29.46082305908203
1789132714852446,29.46082305908203
1789132714855496,29.46082305908203
1789132714873559,29.46082305908203
1789132714876445,29.46082305908203
1789132714888447,29.46082305908203
1789132714900459,29.46082305908203
1789132714912444,29.46082305908203
1789132714915529,29.46082305908203
1789132714927456,29.46082305908203
1789132714936453,29.46082305908203
1789132714948521,29.46082305908203
1789132714960443,29.46082305908203
1789132714972443,29.46082305908203
1789132714975457,29.46082305908203
1789132714984685,29.46082305908203
1789132714996447,29.46082305908203
1789132715008444,29.46082305908203
1789132715020451,29.46082305908203
1789132715032460,29.46082305908203
1789132715041443,29.46082305908203
1789132715050463,29.46082305908203
1789132715056472,29.46082305908203
1789132715068466,29.46082305908203
1789132715080525,29.46082305908203
1789132715092455,29.46082305908203
1789132715105261,29.46082305908203
1789132715116461,29.460834503173828
1789132715119543,29.460786819458008
1789132715128457,29.46083641052246
1789132715140456,29.460861206054688
1789132715152472,29.460844039916992
1789132715155489,29.460784912109375
1789132715164506,29.46082305908203
1789132715176460,29.460834503173828
1789132715188458,29.46082305908203
1789132715200463,29.46082305908203
1789132715212608,29.460803985595703
1789132715215472,29.46086311340332
1789132715224491,29.46082305908203
1789132715236459,29.460813522338867
1789132715248463,29.46082305908203
1789132715260469,29.46082305908203
1789132715272466,29.46082305908203
1789132715284485,29.46082305908203
1789132715287478,29.46082305908203
1789132715296477,29.46082305908203
1789132715308459,29.46082305908203
1789132715320456,29.46082305908203
1789132715332467,29.46082305908203
1789132715335638,29.46082305908203
1789132715350467,29.46082305908203
1789132715359538,29.460786819458008
1789132715368457,29.46083641052246
1789132715380458,29.46086311340332
1789132715392460,29.460844039916992
1789132715395489,29.460784912109375
1789132715404486,29.46082305908203
1789132715416463,29.460834503173828
1789132715428489,29.46082305908203
1789132715440454,29.460784912109375
1789132715452456,29.460784912109375
1789132715464503,29.46082305908203
1789132715467467,29.46082305908203
1789132715479539,29.46082305908203
1789132715491480,29.46082305908203
1789132715503576,29.460786819458008
1789132715512461,29.46082305908203
1789132715515472,29.46082305908203
1789132715524486,29.46082305908203
1789132715536458,29.46082305908203
1789132715548457,29.46082305908203
1789132715560457,29.46082305908203
1789132715572464,29.46086311340332
1789132715581458,29.46082305908203
1789132715584489,29.46082305908203
1789132715596466,29.46082305908203
1789132715608528,29.46082305908203
1789132715620455,29.46082305908203
1789132715632456,29.46082305908203
1789132715635492,29.46082305908203
1789132715644756,29.46082305908203
1789132715656523,29.460813522338867
1789132715668481,29.46082305908203
1789132715680458,29.46082305908203
1789132715692458,29.46082305908203
1789132715695487,29.46082305908203
1789132715704487,29.46082305908203
1789132715716479,29.46082305908203
1789132715734509,29.46082305908203
1789132715740533,29.460803985595703
1789132715752460,29.460803985595703
1789132715755476,29.460861206054688
1789132715764483,29.4608097076416
1789132715776464,29.46082305908203
1789132715788459,29.46082305908203
1789132715800477,29.46082305908203
1789132715812484,29.46082305908203
1789132715821470,29.46082305908203
1789132715833583,29.46082305908203
1789132715836460,29.460784912109375
1789132715851470,29.46082305908203
1789132715860468,29.46082305908203
1789132715872598,29.46082305908203
1789132715878462,29.46082305908203
1789132715884485,29.46082305908203
1789132715899555,29.46082305908203
1789132715911473,29.46082305908203
1789132715920462,29.46082305908203
1789132715932477,29.46082305908203
1789132715935475,29.46082305908203
1789132715944492,29.46082305908203
1789132715956478,29.46082305908203
1789132715968466,29.46082305908203
1789132715980463,29.46082305908203
1789132715992467,29.46082305908203
1789132715995472,29.46082305908203
1789132716004556,29.46082305908203
1789132716016459,29.46082305908203
1789132716028459,29.46082305908203
1789132716040461,29.46082305908203
1789132716052458,29.46082305908203
1789132716061469,29.46082305908203
1789132716064557,29.46082305908203
1789132716079548,29.46082305908203
1789132716088473,29.46082305908203
1789132716100473,29.46082305908203
1789132716112473,29.46082305908203
1789132716115501,29.46082305908203
1789132716124511,29.46082305908203
1789132716136543,29.46082305908203
1789132716151496,29.46082305908203
1789132716160473,29.46082305908203
1789132716172477,29.46082305908203
1789132716175487,29.46082305908203
1789132716184502,29.46082305908203
1789132716196492,29.46082305908203
1789132716208480,29.46082305908203
1789132716220473,29.460861206054688
1789132716232472,29.460784912109375
1789132716244502,29.46082305908203
1789132716247501,29.46082305908203
1789132716259557,29.46082305908203
1789132716268553,29.46082305908203
1789132716280474,29.46082305908203
1789132716292473,29.46082305908203
1789132716295530,29.46082305908203
1789132716313564,29.46082305908203
1789132716316474,29.46082305908203
1789132716328491,29.46082305908203
1789132716340472,29.46082305908203
1789132716352480,29.46082305908203
1789132716355496,29.46082305908203
1789132716364499,29.46082305908203
1789132716382483,29.46082305908203
1789132716394515,29.46082305908203
1789132716400546,29.46082305908203
1789132716412473,29.46082305908203
1789132716415487,29.46082305908203
1789132716424502,29.46082305908203
1789132716436478,29.46082305908203
1789132716448485,29.46082305908203
1789132716460501,29.46082305908203
1789132716472473,29.46082305908203
1789132716481473,29.46082305908203
1789132716484509,29.46082305908203
1789132716496473,29.46082305908203
1789132716508473,29.46082305908203
1789132716520498,29.46082305908203
1789132716532624,29.46082305908203
1789132716535576,29.46082305908203
1789132716547488,29.46082305908203
1789132716556495,29.46082305908203
1789132716568493,29.46082305908203
1789132716580472,29.46082305908203
1789132716592473,29.46082305908203
1789132716595496,29.46082305908203
1789132716613574,29.46082305908203
1789132716616492,29.46086311340332
1789132716628473,29.46082305908203
1789132716640473,29.46082305908203
1789132716652481,29.46082305908203
1789132716655511,29.46082305908203
1789132716664573,29.46082305908203
1789132716679559,29.46082305908203
1789132716691491,29.46082305908203
1789132716700477,29.46082305908203
1789132716712472,29.46082305908203
1789132716715503,29.46082305908203
1789132716724502,29.46082305908203
1789132716736474,29.46082305908203
1789132716748490,29.46082305908203
1789132716760473,29.46082305908203
1789132716772472,29.46082305908203
1789132716784514,29.46082305908203
1789132716796543,29.46082305908203
1789132716799557,29.46082305908203
1789132716808474,29.46082305908203
1789132716820473,29.46082305908203
1789132716832476,29.46082305908203
1789132716835544,29.46082305908203
1789132716844527,29.46082305908203
1789132716856514,29.46082305908203
1789132716868488,29.46082305908203
1789132716883582,29.46082305908203
1789132716892473,29.46082305908203
1789132716895555,29.46082305908203
1789132716904501,29.46082305908203
1789132716916483,29.46082305908203
1789132716928541,29.46082305908203
1789132716943608,29.46082305908203
1789132716952490,29.46082305908203
1789132716955496,29.46082305908203
1789132716964543,29.46082305908203
1789132716976474,29.460834503173828
1789132716988487,29.46082305908203
1789132717000472,29.46082305908203
1789132717012490,29.46082305908203
1789132717021482,29.46082305908203
1789132717033572,29.46082305908203
1789132717042475,29.46082305908203
1789132717048482,29.46082305908203
1789132717060541,29.46082305908203
1789132717072488,29.46082305908203
1789132717084512,29.46082305908203
1789132717087506,29.46082305908203
1789132717096575,29.46082305908203
1789132717108498,29.46082305908203
1789132717120487,29.46082305908203
1789132717132484,29.46082305908203
1789132717135501,29.46082305908203
1789132717144536,29.46082305908203
1789132717156487,29.46082305908203
1789132717171497,29.46082305908203
1789132717180494,29.46082305908203
1789132717192718,29.46082305908203
1789132717195632,29.46082305908203
1789132717207500,29.46082305908203
1789132717216487,29.46082305908203
1789132717231500,29.46082305908203
1789132717240485,29.46083641052246
1789132717252485,29.460844039916992
1789132717255550,29.460786819458008
1789132717264522,29.46082305908203
1789132717276505,29.460834503173828
1789132717288485,29.46082305908203
1789132717300486,29.46082305908203
1789132717312495,29.460803985595703
1789132717315665,29.460859298706055
1789132717324622,29.4608097076416
1789132717336487,29.46082305908203
1789132717348494,29.46082305908203
1789132717360488,29.46082305908203
1789132717372485,29.46082305908203
1789132717375516,29.46082305908203
1789132717393660,29.46082305908203
1789132717396495,29.46082305908203
1789132717414514,29.46082305908203
1789132717420493,29.46082305908203
1789132717432486,29.46082305908203
1789132717435501,29.46082305908203
1789132717444524,29.46082305908203
1789132717462494,29.46082305908203
1789132717471502,29.46082305908203
1789132717480486,29.46082305908203
1789132717492489,29.46082305908203
1789132717504528,29.46082305908203
1789132717507522,29.46082305908203
1789132717516487,29.46082305908203
1789132717528491,29.46082305908203
1789132717540485,29.46082305908203
1789132717552486,29.46086311340332
1789132717564520,29.46082305908203
1789132717567497,29.46082305908203
1789132717579571,29.46082305908203
1789132717588554,29.46082305908203
1789132717600485,29.46082305908203
1789132717612484,29.46082305908203
1789132717615532,29.46082305908203
1789132717624636,29.46082305908203
1789132717636497,29.460813522338867
1789132717648485,29.460784912109375
1789132717660486,29.460784912109375
1789132717672485,29.460803985595703
1789132717675509,29.460861206054688
1789132717687581,29.460786819458008
1789132717702496,29.46082305908203
1789132717708494,29.46082305908203
1789132717720560,29.460844039916992
1789132717732486,29.460844039916992
1789132717735501,29.460784912109375
1789132717744519,29.46082305908203
1789132717756513,29.460834503173828
1789132717768488,29.46082305908203
1789132717780488,29.46082305908203
1789132717792495,29.460813522338867
1789132717801489,29.46082305908203
1789132717804511,29.46082305908203
1789132717816495,29.46082305908203
1789132717828486,29.46082305908203
1789132717840494,29.46082305908203
1789132717852625,29.46082305908203
1789132717855532,29.46082305908203
1789132717864523,29.46082305908203
1789132717876491,29.46082305908203
1789132717888585,29.46082305908203
1789132717900497,29.46082305908203
1789132717912488,29.46082305908203
1789132717924513,29.46082305908203
1789132717936487,29.46082305908203
1789132717939565,29.46082305908203
1789132717948488,29.46082305908203
1789132717963588,29.46082305908203
1789132717972495,29.46082305908203
1789132717975731,29.46082305908203
1789132717990488,29.460844039916992
1789132717996487,29.46082305908203
1789132718008488,29.46082305908203
1789132718020508,29.46082305908203
1789132718032485,29.46082305908203
1789132718035504,29.46082305908203
1789132718044517,29.46082305908203
1789132718056526,29.46082305908203
1789132718068486,29.46082305908203
1789132718080498,29.46082305908203
1789132718092499,29.46082305908203
1789132718104536,29.46082305908203
1789132718107510,29.46082305908203
1789132718116572,29.46082305908203
1789132718131522,29.46082305908203
1789132718143635,29.46082305908203
1789132718152557,29.4608097076416
1789132718155513,29.460861206054688
1789132718164549,29.46082305908203
1789132718176503,29.460813522338867
1789132718188499,29.46082305908203
1789132718203611,29.46082305908203
1789132718212498,29.46082305908203
1789132718221509,29.46082305908203
1789132718230501,29.46082305908203
1789132718236513,29.46082305908203
1789132718248574,29.46082305908203
1789132718260499,29.46082305908203
1789132718272499,29.46082305908203
1789132718275511,29.46082305908203
1789132718290509,29.46082305908203
1789132718296510,29.460844039916992
1789132718308498,29.460861206054688
1789132718320508,29.460861206054688
1789132718332499,29.460844039916992
1789132718335527,29.460784912109375
1789132718344531,29.46082305908203
1789132718356516,29.460834503173828
1789132718374539,29.46082305908203
1789132718380597,29.460803985595703
1789132718392498,29.460803985595703
1789132718395534,29.46082305908203
1789132718404528,29.46082305908203
1789132718416522,29.46082305908203
1789132718428498,29.46082305908203
1789132718440498,29.46082305908203
1789132718452508,29.46082305908203
1789132718461502,29.46082305908203
1789132718464532,29.460861206054688
1789132718476503,29.46082305908203
1789132718491511,29.46082305908203
1789132718500507,29.46082305908203
1789132718512642,29.46082305908203
1789132718515533,29.46082305908203
1789132718524801,29.46082305908203
1789132718539576,29.46082305908203
1789132718548520,29.4608097076416
1789132718560507,29.460784912109375
1789132718572498,29.460803985595703
1789132718575512,29.46082305908203
1789132718590501,29.46082305908203
1789132718596512,29.46082305908203
1789132718608521,29.46082305908203
1789132718623622,29.460786819458008
1789132718632507,29.46082305908203
1789132718635514,29.46082305908203
1789132718644600,29.46082305908203
1789132718656513,29.46082305908203
1789132718668499,29.46082305908203
1789132718680520,29.46082305908203
1789132718692652,29.46082305908203
1789132718704540,29.46082305908203
1789132718707510,29.46082305908203
1789132718716499,29.46082305908203
1789132718728498,29.46082305908203
1789132718740498,29.46082305908203
1789132718752519,29.46082305908203
1789132718755512,29.46082305908203
1789132718770511,29.46082305908203
1789132718782507,29.46082305908203
1789132718791514,29.46082305908203
1789132718800498,29.46082305908203
1789132718812520,29.46082305908203
1789132718815515,29.46082305908203
1789132718824524,29.46082305908203
1789132718836507,29.46082305908203
1789132718848499,29.46082305908203
1789132718860498,29.46082305908203
1789132718872497,29.46082305908203
1789132718875583,29.46082305908203
1789132718893599,29.46082305908203
1789132718902509,29.46082305908203
1789132718914530,29.46082305908203
1789132718923609,29.46082305908203
1789132718932499,29.46082305908203
1789132718944568,29.46082305908203
1789132718947510,29.46082305908203
1789132718959572,29.46082305908203
1789132718968505,29.46082305908203
1789132718980499,29.46082305908203
1789132718992498,29.46082305908203
1789132719004528,29.46082305908203
1789132719007579,29.46082305908203
1789132719019576,29.46082305908203
1789132719028508,29.46082305908203
1789132719040567,29.46082305908203
1789132719052498,29.46082305908203
1789132719055586,29.46082305908203
1789132719067514,29.46082305908203
1789132719076539,29.46082305908203
1789132719088513,29.46082305908203
1789132719100512,29.46082305908203
1789132719112516,29.46082305908203
1789132719115609,29.46082305908203
1789132719124550,29.46082305908203
1789132719136525,29.46082305908203
1789132719148513,29.46082305908203
1789132719160523,29.46082305908203
1789132719172657,29.46082305908203
1789132719175546,29.46082305908203
1789132719184539,29.46082305908203
1789132719196514,29.46082305908203
1789132719211534,29.46082305908203
1789132719220523,29.46082305908203
1789132719232514,29.46082305908203
1789132719241535,29.46082305908203
1789132719244544,29.46082305908203
1789132719256546,29.46082305908203
1789132719268535,29.46082305908203
1789132719280532,29.46082305908203
1789132719292522,29.46082305908203
1789132719298517,29.46082305908203
1789132719304615,29.46082305908203
1789132719316513,29.46082305908203
1789132719328513,29.46082305908203
1789132719340535,29.46082305908203
1789132719352512,29.46082305908203
1789132719355527,29.46082305908203
1789132719364667,29.46082305908203
1789132719376525,29.46082305908203
1789132719388517,29.46082305908203
1789132719400513,29.46082305908203
1789132719412512,29.46082305908203
1789132719415543,29.46082305908203
1789132719424551,29.46082305908203
1789132719436582,29.46082305908203
1789132719451536,29.46082305908203
1789132719463642,29.46082305908203
1789132719472533,29.46082305908203
1789132719475526,29.46082305908203
1789132719484541,29.46082305908203
1789132719496513,29.46082305908203
1789132719508519,29.46082305908203
1789132719520512,29.46082305908203
1789132719532513,29.46082305908203
1789132719541537,29.46082305908203
1789132719547525,29.46082305908203
1789132719556531,29.46082305908203
1789132719568582,29.46082305908203
1789132719580512,29.46082305908203
1789132719592531,29.46082305908203
1789132719595526,29.46082305908203
1789132719613613,29.46082305908203
1789132719616523,29.46082305908203
1789132719628515,29.46082305908203
1789132719640511,29.46082305908203
1789132719652512,29.46082305908203
1789132719655595,29.46082305908203
1789132719664549,29.46082305908203
1789132719676535,29.46082305908203
1789132719688521,29.46082305908203
1789132719700587,29.46082305908203
1789132719712513,29.460834503173828
1789132719715526,29.460784912109375
1789132719724560,29.46082305908203
1789132719736518,29.460834503173828
1789132719748512,29.46082305908203
1789132719760513,29.46082305908203
1789132719772531,29.46082305908203
1789132719781516,29.46082305908203
1789132719784542,29.460784912109375
1789132719796513,29.46082305908203
1789132719808511,29.46082305908203
1789132719820521,29.46082305908203
1789132719832652,29.46082305908203
1789132719835532,29.46082305908203
1789132719847535,29.46082305908203
1789132719856552,29.46082305908203
1789132719868517,29.46082305908203
1789132719880512,29.46082305908203
1789132719892514,29.46082305908203
1789132719898582,29.46082305908203
1789132719904563,29.46082305908203
1789132719916514,29.46082305908203
1789132719928515,29.46082305908203
1789132719940525,29.46082305908203
1789132719952521,29.46082305908203
1789132719955547,29.46082305908203
1789132719964610,29.46082305908203
1789132719976517,29.46082305908203
1789132719988531,29.46082305908203
1789132720000516,29.46082305908203
1789132720012631,29.46082305908203
1789132720024555,29.46082305908203
1789132720027523,29.46082305908203
1789132720036518,29.46082305908203
1789132720048529,29.46082305908203
1789132720060512,29.46082305908203
1789132720072512,29.46082305908203
1789132720075535,29.46082305908203
1789132720090538,29.46082305908203
1789132720099670,29.46082305908203
1789132720108532,29.46082305908203
1789132720120545,29.46082305908203
1789132720132531,29.46082305908203
1789132720135543,29.46082305908203
1789132720144560,29.46082305908203
1789132720156541,29.46082305908203
1789132720168530,29.46086311340332
1789132720180528,29.46082305908203
1789132720192531,29.46082305908203
1789132720195622,29.46082305908203
1789132720210533,29.46082305908203
1789132720216538,29.460803985595703
1789132720228597,29.460786819458008
1789132720240528,29.460784912109375
1789132720252546,29.460803985595703
1789132720255619,29.460861206054688
1789132720264650,29.4608097076416
1789132720276542,29.46082305908203
1789132720288529,29.46082305908203
1789132720300557,29.46082305908203
1789132720312527,29.46082305908203
1789132720315551,29.46082305908203
1789132720333625,29.46082305908203
1789132720342530,29.46082305908203
1789132720348538,29.46082305908203
1789132720360596,29.46082305908203
1789132720372529,29.46082305908203
1789132720375541,29.46082305908203
1789132720384589,29.46082305908203
1789132720396537,29.46082305908203
1789132720408536,29.46082305908203
1789132720420538,29.46082305908203
1789132720432528,29.46082305908203
1789132720444556,29.46082305908203
1789132720447547,29.46082305908203
1789132720456562,29.46082305908203
1789132720471557,29.46082305908203
1789132720480536,29.46082305908203
1789132720492683,29.46082305908203
1789132720501537,29.46082305908203
1789132720507549,29.46082305908203
1789132720516551,29.46082305908203
1789132720528536,29.46082305908203
1789132720540527,29.46082305908203
1789132720552559,29.46082305908203
1789132720555540,29.46082305908203
1789132720564553,29.46082305908203
1789132720576540,29.46082305908203
1789132720588532,29.46082305908203
1789132720600527,29.46082305908203
1789132720612537,29.46082305908203
1789132720624623,29.46082305908203
1789132720627543,29.46082305908203
1789132720639601,29.46082305908203
1789132720651550,29.46082305908203
1789132720663637,29.46082305908203
1789132720672527,29.46082305908203
1789132720675543,29.46082305908203
1789132720684557,29.46082305908203
1789132720702562,29.46082305908203
1789132720714551,29.46082305908203
1789132720720527,29.46082305908203
1789132720732527,29.46082305908203
1789132720735573,29.46082305908203
1789132720750537,29.46082305908203
1789132720762549,29.46082305908203
1789132720768558,29.46082305908203
1789132720780529,29.46082305908203
1789132720792532,29.46082305908203
1789132720795540,29.46082305908203
1789132720804557,29.46082305908203
1789132720816528,29.46082305908203
1789132720828536,29.46082305908203
1789132720840527,29.46082305908203
1789132720852527,29.46082305908203
1789132720864561,29.46082305908203
1789132720867556,29.46082305908203
1789132720876541,29.46082305908203
1789132720888595,29.46082305908203
1789132720903636,29.46082305908203
1789132720912528,29.46082305908203
1789132720915550,29.46082305908203
1789132720924646,29.46082305908203
1789132720936528,29.46082305908203
1789132720948527,29.46082305908203
1789132720960528,29.46082305908203
1789132720972528,29.46082305908203
1789132720975550,29.46082305908203
1789132720984557,29.46082305908203
1789132721002541,29.46082305908203
1789132721014553,29.46082305908203
1789132721020600,29.46082305908203
1789132721032545,29.46082305908203
1789132721035544,29.46082305908203
1789132721044567,29.46082305908203
1789132721056545,29.46082305908203
1789132721068528,29.46082305908203
1789132721080538,29.46082305908203
1789132721092542,29.46082305908203
1789132721104582,29.46082305908203
1789132721116543,29.46082305908203
1789132721119746,29.46082305908203
1789132721128541,29.46082305908203
1789132721140551,29.46082305908203
1789132721152703,29.46082305908203
1789132721155643,29.46082305908203
1789132721167565,29.46082305908203
1789132721179619,29.46082305908203
1789132721188547,29.46082305908203
1789132721200541,29.46082305908203
1789132721212541,29.46082305908203
1789132721215554,29.46082305908203
1789132721230568,29.46082305908203
1789132721236551,29.46082305908203
1789132721248541,29.46082305908203
1789132721263663,29.46082305908203
1789132721272551,29.46082305908203
1789132721275555,29.46082305908203
1789132721284637,29.46082305908203
1789132721296562,29.46082305908203
1789132721311584,29.46082305908203
1789132721323648,29.46082305908203
1789132721332540,29.46082305908203
1789132721335558,29.46082305908203
1789132721344575,29.46082305908203
1789132721356543,29.46082305908203
1789132721368543,29.46082305908203
1789132721380543,29.46082305908203
1789132721392541,29.46082305908203
1789132721398546,29.46082305908203
1789132721404593,29.46082305908203
1789132721416611,29.46082305908203
1789132721428560,29.46082305908203
1789132721440542,29.46082305908203
1789132721452546,29.46082305908203
1789132721455569,29.46082305908203
1789132721464734,29.46082305908203
1789132721476555,29.46082305908203
1789132721488541,29.46086311340332
1789132721500540,29.46082305908203
1789132721512541,29.46082305908203
1789132721524572,29.46082305908203
1789132721536552,29.46082305908203
1789132721539616,29.46082305908203
1789132721554573,29.46082305908203
1789132721563659,29.46082305908203
1789132721572541,29.46082305908203
1789132721575557,29.46082305908203
1789132721584613,29.46082305908203
1789132721596543,29.460813522338867
1789132721608542,29.46082305908203
1789132721620540,29.46082305908203
1789132721632560,29.46082305908203
1789132721641554,29.46082305908203
1789132721653649,29.46082305908203
1789132721662543,29.46082305908203
1789132721668552,29.460844039916992
1789132721680609,29.460861206054688
1789132721692542,29.460844039916992
1789132721695556,29.460784912109375
1789132721704576,29.46083641052246
1789132721716592,29.46082305908203
1789132721728541,29.460784912109375
1789132721740542,29.460784912109375
1789132721752554,29.460803985595703
1789132721761552,29.46082305908203
1789132721773633,29.46082305908203
1789132721776546,29.46082305908203
1789132721788554,29.46082305908203
1789132721800549,29.46082305908203
1789132721812685,29.46082305908203
1789132721815650,29.46082305908203
1789132721827564,29.46086311340332
1789132721839620,29.46082305908203
1789132721848544,29.46082305908203
1789132721860541,29.46082305908203
1789132721872541,29.46082305908203
1789132721875555,29.46082305908203
1789132721884571,29.46082305908203
1789132721896568,29.46082305908203
1789132721908553,29.46082305908203
1789132721920542,30.3551025390625
1789132721932551,31.14889907836914
1789132721935558,26.28861427307129
1789132721944683,29.46426010131836
1789132721956542,30.367246627807617
1789132721968542,29.564311981201172
1789132721980545,29.56660270690918
1789132721992567,29.568899154663086
1789132722004569,29.571191787719727
1789132722007553,29.571760177612305
1789132722016542,29.573476791381836
1789132722028561,29.575773239135742
1789132722040541,29.578060150146484
1789132722052559,29.58035659790039
1789132722055588,29.580934524536133
1789132722070552,29.583791732788086
1789132722082542,29.586082458496094
1789132722088543,29.587247848510742
1789132722100557,29.589557647705078
1789132722112561,29.591812133789062
1789132722124585,29.594112396240234
1789132722127586,29.594684600830078
1789132722136557,29.596397399902344
1789132722148575,29.598691940307617
1789132722160575,29.60094451904297
1789132722172556,29.603273391723633
1789132722184592,29.605573654174805
1789132722187568,29.606142044067383
1789132722199638,29.608449935913086
1789132722208631,29.610166549682617
1789132722220556,29.612443923950195
1789132722232557,29.61473846435547
1789132722235596,29.61531639099121
1789132722244694,29.617055892944336
1789132722256571,28.71753692626953
1789132722268556,26.338058471679688
1789132722280556,26.318391799926758
1789132722292573,27.938831329345703
1789132722301567,29.623355865478516
1789132722310601,29.527862548828125
1789132722319644,29.527862548828125
1789132722328564,29.527862548828125
1789132722340625,29.527862548828125
1789132722352556,29.527862548828125
1789132722355571,29.527862548828125
1789132722364612,29.527862548828125
1789132722376564,29.527862548828125
1789132722388562,29.527862548828125
1789132722400558,29.527862548828125
1789132722412556,29.527862548828125
1789132722415569,29.527862548828125
1789132722424604,29.527862548828125
1789132722436557,29.527862548828125
1789132722448593,29.527862548828125
1789132722460577,29.527862548828125
1789132722472697,29.527862548828125
1789132722475733,29.527862548828125
1789132722487580,29.527862548828125
1789132722499656,29.5278263092041
1789132722511594,29.527862548828125
1789132722520557,29.527862548828125
1789132722532557,29.527862548828125
1789132722535576,29.527862548828125
1789132722544599,29.527862548828125
1789132722556557,29.527862548828125
1789132722568557,29.527862548828125
1789132722580575,29.527862548828125
1789132722592565,29.527862548828125
1789132722595571,29.527862548828125
1789132722610568,29.527862548828125
1789132722619648,29.527862548828125
1789132722628558,29.527862548828125
1789132722640561,29.527862548828125
1789132722652555,29.527862548828125
1789132722655583,29.527862548828125
1789132722664592,29.527862548828125
1789132722676560,29.527862548828125
1789132722688558,29.527862548828125
1789132722700556,29.527862548828125
1789132722712574,29.527902603149414
1789132722724594,29.527862548828125
1789132722727568,29.527862548828125
1789132722736626,29.527862548828125
1789132722748557,29.527862548828125
1789132722760565,29.527862548828125
1789132722772561,29.527862548828125
1789132722775980,29.527862548828125
1789132722784724,29.527862548828125
1789132722796559,29.527854919433594
1789132722808564,29.52782440185547
1789132722820557,29.52782440185547
1789132722832555,29.52784538269043
1789132722835640,29.527902603149414
1789132722844627,29.527849197387695
1789132722862567,29.527862548828125
1789132722874586,29.52784538269043
1789132722883669,29.527862548828125
1789132722892557,29.527862548828125
1789132722895571,29.527862548828125
1789132722913648,29.527862548828125
1789132722916558,29.527862548828125
1789132722928558,29.527862548828125
1789132722940566,29.527862548828125
1789132722952556,29.527862548828125
1789132722961558,29.527862548828125
1789132722964586,29.527862548828125
1789132722976579,29.527862548828125
1789132722988575,29.527862548828125
1789132723000623,29.527862548828125
1789132723012556,29.527862548828125
1789132723015570,29.527862548828125
1789132723024584,29.527862548828125
1789132723036561,29.527862548828125
1789132723048568,29.527862548828125
1789132723060558,29.527862548828125
1789132723072556,29.527862548828125
1789132723075586,29.527862548828125
1789132723084586,29.527862548828125
1789132723096571,29.527862548828125
1789132723108610,29.527862548828125
1789132723120580,29.527862548828125
1789132723132710,29.527862548828125
1789132723135799,29.527862548828125
1789132723147585,29.527862548828125
1789132723156606,29.527862548828125
1789132723168573,29.527862548828125
1789132723180570,29.527862548828125
1789132723192569,29.527862548828125
1789132723195584,29.527862548828125
1789132723214120,29.527862548828125
1789132723216580,29.527862548828125
1789132723228571,29.527862548828125
1789132723243684,29.527862548828125
1789132723252577,29.527862548828125
1789132723255615,29.527862548828125
1789132723264675,29.527862548828125
1789132723279649,29.527862548828125
1789132723288570,29.527862548828125
1789132723300573,29.527862548828125
1789132723312569,29.527862548828125
1789132723315582,29.527862548828125
1789132723324599,29.527862548828125
1789132723336570,29.527862548828125
1789132723348569,29.527862548828125
1789132723360590,29.527902603149414
1789132723372605,29.527883529663086
1789132723375583,29.52782440185547
1789132723384607,29.527862548828125
1789132723396638,29.527873992919922
1789132723408570,29.527862548828125
1789132723423703,29.527862548828125
1789132723432648,29.527849197387695
1789132723435595,29.527902603149414
1789132723447599,29.52782440185547
1789132723456583,29.527862548828125
1789132723468568,29.527862548828125
1789132723480569,29.527862548828125
1789132723492570,29.527862548828125
1789132723495655,29.527862548828125
1789132723510583,29.527862548828125
1789132723522571,29.527862548828125
1789132723528643,29.527883529663086
1789132723540569,29.527902603149414
1789132723552570,29.527883529663086
1789132723564600,29.527862548828125
1789132723567581,29.527862548828125
1789132723576575,29.527862548828125
1789132723588572,29.527862548828125
1789132723600570,29.52782440185547
1789132723612569,29.527862548828125
1789132723615593,29.527862548828125
1789132723624600,29.527862548828125
1789132723636588,29.527862548828125
1789132723651581,29.527862548828125
1789132723660643,29.527862548828125
1789132723672569,29.527862548828125
1789132723675863,29.527862548828125
1789132723687584,29.527862548828125
1789132723696573,29.527877807617188
1789132723708570,29.527902603149414
1789132723720567,29.527902603149414
1789132723732569,29.527883529663086
1789132723735633,29.5278263092041
1789132723753670,29.527862548828125
1789132723756586,29.52782440185547
1789132723768588,29.52782440185547
1789132723780576,29.52782440185547
1789132723792727,29.52784538269043
1789132723795587,29.527904510498047
1789132723804599,29.527862548828125
1789132723816570,29.527854919433594
1789132723831589,29.527862548828125
1789132723840573,29.527862548828125
1789132723852567,29.527862548828125
1789132723861572,29.527862548828125
1789132723864665,29.527862548828125
1789132723876572,29.527862548828125
1789132723888581,29.527862548828125
1789132723900587,29.527862548828125
1789132723912582,29.527862548828125
1789132723918586,29.527862548828125
1789132723930567,29.527862548828125
1789132723936568,29.527862548828125
1789132723948569,29.527862548828125
1789132723960571,29.527862548828125
1789132723972589,29.527862548828125
1789132723975586,29.527862548828125
1789132723984596,29.527862548828125
1789132723996579,29.527862548828125
1789132724014592,29.527862548828125
1789132724020565,29.527862548828125
1789132724032586,29.527862548828125
1789132724035586,29.527862548828125
1789132724044613,29.527862548828125
1789132724056671,29.527862548828125
1789132724068578,29.527862548828125
1789132724083680,29.527862548828125
1789132724092648,29.527877807617188
1789132724095589,29.52782440185547
1789132724104614,29.527862548828125
1789132724119699,29.527862548828125
1789132724128586,29.527862548828125
1789132724140596,29.527862548828125
1789132724152583,29.527862548828125
1789132724161592,29.527862548828125
1789132724167606,29.527862548828125
1789132724176596,29.527877807617188
1789132724188674,29.527902603149414
1789132724200580,29.527902603149414
1789132724212584,29.527883529663086
1789132724215598,29.52782440185547
1789132724224614,29.527862548828125
1789132724236595,29.527873992919922
1789132724248587,29.527902603149414
1789132724260579,29.527862548828125
1789132724272582,29.527862548828125
1789132724275608,29.527862548828125
1789132724284630,29.527862548828125
1789132724302611,29.527862548828125
1789132724308594,29.527862548828125
1789132724320669,29.527862548828125
1789132724332583,29.527854919433594
1789132724335601,29.527902603149414
1789132724344620,29.527862548828125
1789132724356591,29.527854919433594
1789132724368585,29.527862548828125
1789132724380583,29.527862548828125
1789132724392587,29.527862548828125
1789132724401588,29.527862548828125
1789132724404614,29.527862548828125
1789132724416585,29.527862548828125
1789132724428602,29.527862548828125
1789132724440591,29.527862548828125
1789132724452724,29.527862548828125
1789132724455635,29.527862548828125
1789132724464636,29.527862548828125
1789132724479659,29.527862548828125
1789132724491597,29.52782440185547
1789132724500580,29.527862548828125
1789132724512582,29.527862548828125
1789132724521589,29.527862548828125
1789132724524612,29.527862548828125
1789132724536585,29.527862548828125
1789132724548588,29.527862548828125
1789132724560582,29.527862548828125
1789132724572595,29.527862548828125
1789132724578593,29.527862548828125
1789132724584686,29.527862548828125
1789132724596585,29.527862548828125
1789132724608587,29.527862548828125
1789132724620584,29.527862548828125
1789132724632584,29.527862548828125
1789132724635749,29.527862548828125
1789132724644690,29.527862548828125
1789132724662586,29.527862548828125
1789132724668603,29.527862548828125
1789132724680580,29.527862548828125
1789132724692583,29.527862548828125
1789132724695620,29.527862548828125
1789132724704636,29.527862548828125
1789132724722593,29.527862548828125
1789132724731607,29.527862548828125
1789132724743693,29.527862548828125
1789132724752595,29.527862548828125
1789132724755598,29.527862548828125
1789132724764612,29.527862548828125
1789132724776591,29.527862548828125
1789132724788597,29.527862548828125
1789132724800602,29.527862548828125
1789132724812583,29.527862548828125
1789132724821586,29.527862548828125
1789132724824614,29.527862548828125
1789132724836594,29.527862548828125
1789132724848655,29.527862548828125
1789132724860582,29.527862548828125
1789132724872584,29.527862548828125
1789132724875598,29.527862548828125
1789132724884854,29.527862548828125
1789132724896594,29.527862548828125
1789132724908588,29.527862548828125
1789132724923732,29.527862548828125
1789132724932601,29.527862548828125
1789132724935610,29.527862548828125
1789132724944632,29.527862548828125
1789132724962623,29.527862548828125
1789132724974609,29.527862548828125
1789132724980658,29.527862548828125
1789132724992584,29.527862548828125
1789132724995600,29.527862548828125
1789132725004609,29.527862548828125
1789132725016677,29.527862548828125
1789132725028603,29.527862548828125
1789132725040583,29.527873992919922
1789132725052585,29.527862548828125
1789132725055620,29.527862548828125
1789132725064639,29.527862548828125
1789132725076587,29.527862548828125
1789132725091619,29.527862548828125
1789132725100591,29.527862548828125
1789132725112734,29.527862548828125
1789132725115701,29.527862548828125
1789132725124626,29.527849197387695
1789132725136613,29.527862548828125
1789132725148604,29.527862548828125
1789132725160597,29.527862548828125
1789132725172596,29.527862548828125
1789132725175892,29.527862548828125
1789132725193692,29.527862548828125
1789132725196633,29.527862548828125
1789132725208598,29.527862548828125
1789132725220597,29.527862548828125
1789132725232604,29.527862548828125
1789132725235616,29.527862548828125
1789132725244696,29.527862548828125
1789132725259689,29.527862548828125
1789132725271620,29.527862548828125
1789132725280598,29.527862548828125
1789132725292596,29.527862548828125
1789132725295628,29.527862548828125
1789132725304628,29.527862548828125
1789132725322597,29.527862548828125
1789132725328618,29.527862548828125
1789132725340596,29.527862548828125
1789132725352616,29.527862548828125
1789132725364636,29.527862548828125
1789132725376673,29.527862548828125
1789132725385602,29.527862548828125
1789132725388600,29.527862548828125
1789132725400599,29.527862548828125
1789132725412601,29.527862548828125
1789132725415791,29.527862548828125
1789132725424836,29.527862548828125
1789132725436608,29.527873992919922
1789132725448606,29.527904510498047
1789132725460614,29.527902603149414
1789132725472597,29.527883529663086
1789132725475680,29.5278263092041
1789132725484623,29.527862548828125
1789132725502622,29.52784538269043
1789132725514624,29.52784538269043
1789132725520596,29.527883529663086
1789132725532597,29.527862548828125
1789132725544637,29.527862548828125
1789132725556599,29.527862548828125
1789132725559673,29.527862548828125
1789132725568603,29.527862548828125
1789132725580606,29.527862548828125
1789132725592596,29.527862548828125
1789132725604628,29.527862548828125
1789132725616616,29.527862548828125
1789132725619677,29.527862548828125
1789132725628606,29.527862548828125
1789132725640666,29.527862548828125
1789132725652596,29.527862548828125
1789132725655899,29.527862548828125
1789132725667620,29.527862548828125
1789132725679672,29.527862548828125
1789132725688597,29.527862548828125
1789132725700594,29.527862548828125
1789132725712598,29.527862548828125
1789132725724624,29.527862548828125
1789132725736607,29.527862548828125
1789132725739743,29.527862548828125
1789132725748627,29.527862548828125
1789132725760603,29.527862548828125
1789132725772738,29.527862548828125
1789132725775615,29.527862548828125
1789132725784634,29.527862548828125
1789132725796597,29.527862548828125
1789132725808603,29.527862548828125
1789132725820609,29.527862548828125
1789132725832599,29.527862548828125
1789132725844630,29.527862548828125
1789132725856627,29.527862548828125
1789132725859702,29.527862548828125
1789132725868605,29.527862548828125
1789132725880635,29.527862548828125
1789132725892608,29.52784538269043
1789132725895612,29.527902603149414
1789132725904713,29.527862548828125
1789132725916599,29.527854919433594
1789132725928600,29.527862548828125
1789132725940599,29.527862548828125
1789132725952595,29.527862548828125
1789132725955769,29.527862548828125
1789132725964646,29.527862548828125
1789132725976610,29.527862548828125
1789132725988601,29.527862548828125
1789132726000598,29.527862548828125
1789132726012614,29.527862548828125
1789132726015613,29.527862548828125
1789132726024776,29.527862548828125
1789132726042619,29.527862548828125
1789132726051632,29.527862548828125
1789132726063710,29.527862548828125
1789132726072601,29.527862548828125
1789132726075617,29.527862548828125
1789132726084853,29.527862548828125
1789132726096609,29.527862548828125
1789132726108616,29.527862548828125
1789132726120610,29.527862548828125
1789132726132611,29.527862548828125
1789132726144679,29.527862548828125
1789132726156622,29.527862548828125
1789132726165622,29.527862548828125
1789132726174640,29.527862548828125
1789132726180623,29.527862548828125
1789132726192609,29.527873992919922
1789132726195626,29.52782440185547
1789132726213724,29.527877807617188
1789132726216612,29.527862548828125
1789132726228613,29.527862548828125
1789132726240609,29.527862548828125
1789132726252628,29.527862548828125
1789132726261637,29.527862548828125
1789132726264641,29.527862548828125
1789132726276638,29.527862548828125
1789132726288631,29.527862548828125
1789132726300679,29.527862548828125
1789132726312613,29.527862548828125
1789132726316027,29.527862548828125
1789132726327627,29.527862548828125
1789132726336618,29.527849197387695
1789132726348637,29.52782440185547
1789132726360608,29.52782440185547
1789132726372610,29.52784538269043
1789132726375664,29.527902603149414
1789132726384639,29.527862548828125
1789132726396638,29.527854919433594
1789132726408631,29.52782440185547
1789132726420620,29.52782440185547
1789132726432754,29.52784538269043
1789132726435646,29.527904510498047
1789132726444659,29.527849197387695
1789132726456644,29.527862548828125
1789132726471636,29.527862548828125
1789132726480615,29.527862548828125
1789132726492610,29.527862548828125
1789132726495627,29.527862548828125
1789132726504642,29.527862548828125
1789132726516612,29.527862548828125
1789132726531693,29.527862548828125
1789132726540629,29.527862548828125
1789132726552638,29.527862548828125
1789132726558615,29.527862548828125
1789132726564742,29.527862548828125
1789132726576617,29.527862548828125
1789132726588616,29.527862548828125
1789132726600613,29.527862548828125
1789132726612610,29.527862548828125
1789132726615625,29.527862548828125
1789132726633795,29.527862548828125
1789132726636621,29.527862548828125
1789132726648614,29.527862548828125
1789132726660609,29.527862548828125
1789132726672612,29.527862548828125
1789132726675625,29.527862548828125
1789132726687623,29.527862548828125
1789132726696680,29.527862548828125
1789132726708620,29.527862548828125
1789132726723727,29.527862548828125
1789132726732655,29.527862548828125
1789132726744669,29.527862548828125
1789132726756613,29.527862548828125
1789132726759686,29.527862548828125
1789132726768626,29.527862548828125
1789132726780609,29.527862548828125
1789132726792611,29.527862548828125
1789132726801620,29.527862548828125
1789132726810616,29.527862548828125
1789132726816641,29.527862548828125
1789132726828681,29.527862548828125
1789132726840610,29.527862548828125
1789132726852610,29.527862548828125
1789132726855659,29.527862548828125
1789132726864642,29.527862548828125
1789132726876630,29.527862548828125
1789132726888614,29.527902603149414
1789132726900610,29.527862548828125
1789132726912627,29.527862548828125
1789132726915652,29.527862548828125
1789132726933715,29.527862548828125
1789132726939689,29.527862548828125
1789132726948641,29.527862548828125
1789132726960697,29.527862548828125
1789132726972611,29.527862548828125
1789132726975679,29.527862548828125
1789132726984643,29.527862548828125
1789132726996616,29.527862548828125
1789132727008613,29.527862548828125
1789132727020609,29.527862548828125
1789132727032612,29.52784538269043
1789132727041625,29.527862548828125
1789132727053702,29.527862548828125
1789132727056629,29.527862548828125
1789132727068614,29.527862548828125
1789132727080637,29.527862548828125
1789132727092752,29.527862548828125
1789132727095629,29.527862548828125
1789132727104654,29.527862548828125
1789132727119708,29.527862548828125
1789132727128722,29.527862548828125
1789132727140624,29.527862548828125
1789132727152627,29.527862548828125
1789132727155690,29.527862548828125
1789132727173723,29.527862548828125
1789132727176632,29.527862548828125
1789132727194658,29.527862548828125
1789132727200653,29.527862548828125
1789132727212655,29.527862548828125
1789132727215645,29.527862548828125
1789132727224722,29.527862548828125
1789132727239716,29.527862548828125
1789132727248630,29.527877807617188
1789132727260630,29.527862548828125
1789132727272626,29.527862548828125
1789132727275641,29.527862548828125
1789132727284665,29.527862548828125
1789132727296628,29.527862548828125
1789132727314662,29.527862548828125
1789132727320627,29.527862548828125
1789132727332626,29.527862548828125
1789132727335644,29.527862548828125
1789132727344722,29.527862548828125
1789132727356697,29.527862548828125
1789132727368634,29.527862548828125
1789132727380625,29.527862548828125
1789132727392713,29.527862548828125
1789132727395649,29.527862548828125
1789132727404803,29.527862548828125
1789132727416629,29.527854919433594
1789132727428629,29.527862548828125
1789132727440625,29.527862548828125
1789132727452643,29.527862548828125
1789132727461626,29.527862548828125
1789132727464657,29.527862548828125
1789132727476658,29.527862548828125
1789132727488701,29.527862548828125
1789132727500626,29.527862548828125
1789132727512628,29.527862548828125
1789132727515656,29.527862548828125
1789132727524698,29.527862548828125
1789132727536629,29.527873992919922
1789132727548634,29.527862548828125
1789132727560648,29.527862548828125
1789132727572628,29.527862548828125
1789132727575653,29.527862548828125
1789132727584656,29.527862548828125
1789132727602639,29.527862548828125
1789132727614655,29.527862548828125
1789132727620701,29.527862548828125
1789132727632626,29.527862548828125
1789132727635645,29.527862548828125
1789132727644678,29.527862548828125
1789132727656703,29.527862548828125
1789132727668628,29.527862548828125
1789132727680628,29.527862548828125
1789132727692636,29.52784538269043
1789132727698633,29.527862548828125
1789132727704677,29.527862548828125
1789132727716630,29.527862548828125
1789132727728631,29.527862548828125
1789132727740644,29.527862548828125
1789132727752770,29.527862548828125
1789132727755915,29.527862548828125
1789132727767644,29.527862548828125
1789132727776632,29.527862548828125
1789132727788651,29.527862548828125
1789132727800624,29.527862548828125
1789132727812627,29.527862548828125
1789132727815642,29.527862548828125
1789132727834069,29.527862548828125
1789132727836637,29.527862548828125
1789132727848630,29.527862548828125
1789132727863761,29.527862548828125
1789132727872635,29.527862548828125
1789132727875642,29.527862548828125
1789132727884727,29.527862548828125
1789132727896627,29.527862548828125
1789132727908646,29.527862548828125
1789132727923743,29.527862548828125
1789132727932631,29.527862548828125
1789132727938643,29.527862548828125
1789132727944676,29.527883529663086
1789132727956638,29.527862548828125
1789132727968638,29.527862548828125
1789132727980624,29.527862548828125
1789132727992628,29.527862548828125
1789132727998643,29.527862548828125
1789132728010636,29.527862548828125
1789132728022627,29.527862548828125
1789132728028628,29.527862548828125
1789132728040626,29.527862548828125
1789132728052650,29.527862548828125
1789132728055713,29.527862548828125
1789132728064658,29.527862548828125
1789132728076653,29.527862548828125
1789132728088636,29.527862548828125
1789132728100626,29.527862548828125
1789132728112625,29.527862548828125
1789132728115710,29.527862548828125
1789132728124670,29.527862548828125
1789132728139719,29.527862548828125
1789132728148713,29.527862548828125
1789132728160641,29.527862548828125
1789132728172650,29.527862548828125
1789132728184881,29.527862548828125
1789132728196654,29.527862548828125
1789132728205644,29.527862548828125
1789132728208643,29.527862548828125
1789132728220640,29.527862548828125
1789132728232641,29.527862548828125
1789132728244699,29.527862548828125
1789132728253743,29.527862548828125
1789132728256655,29.527862548828125
1789132728268653,29.527862548828125
1789132728280711,29.527862548828125
1789132728292642,29.527862548828125
1789132728295659,29.527862548828125
1789132728304687,29.527862548828125
1789132728316665,29.527862548828125
1789132728328657,29.527862548828125
1789132728340647,29.527862548828125
1789132728352642,29.527862548828125
1789132728361646,29.527862548828125
1789132728364672,29.527902603149414
1789132728376648,29.527862548828125
1789132728388651,29.527862548828125
1789132728400651,29.527862548828125
1789132728412794,29.527862548828125
1789132728418644,29.527862548828125
1789132728424674,29.527862548828125
1789132728436649,29.527862548828125
1789132728448666,29.527862548828125
1789132728460640,29.527862548828125
1789132728472642,29.527862548828125
1789132728481666,29.527862548828125
1789132728484987,29.527862548828125
1789132728496653,29.52781867980957
1789132728508643,29.52782440185547
1789132728520643,29.52782440185547
1789132728532650,29.52784538269043
1789132728541646,29.527862548828125
1789132728544775,29.5278263092041
1789132728556674,29.527862548828125
1789132728568655,29.527862548828125
1789132728580646,29.527873992919922
1789132728592642,29.527883529663086
1789132728595657,29.52782440185547
1789132728604699,29.527862548828125
1789132728616643,29.527873992919922
1789132728628649,29.527862548828125
1789132728640644,29.527862548828125
1789132728652642,29.527862548828125
1789132728658656,29.527862548828125
1789132728670660,29.527862548828125
1789132728676721,29.527862548828125
1789132728688644,29.527862548828125
1789132728700642,29.527862548828125
1789132728712647,29.527862548828125
1789132728724679,29.527862548828125
1789132728736746,29.527862548828125
1789132728742816,29.527862548828125
1789132728748645,29.527862548828125
1789132728760639,29.527862548828125
1789132728772642,29.527862548828125
1789132728775725,29.527862548828125
1789132728787655,29.527862548828125
1789132728796652,29.527862548828125
1789132728814678,29.527862548828125
1789132728823753,29.527862548828125
1789132728832643,29.527862548828125
1789132728835677,29.527862548828125
1789132728844704,29.527862548828125
1789132728856677,29.527862548828125
1789132728868661,29.527862548828125
1789132728880646,29.527862548828125
1789132728892642,29.527862548828125
1789132728901673,29.527862548828125
1789132728913738,29.527862548828125
1789132728922647,29.52784538269043
1789132728928650,29.527883529663086
1789132728943755,29.5278263092041
1789132728952650,29.527877807617188
1789132728955656,29.52782440185547
1789132728964669,29.527877807617188
1789132728976736,29.527862548828125
1789132728988677,29.527862548828125
1789132729000663,29.527854919433594
1789132729012642,29.527862548828125
1789132729015656,29.527862548828125
1789132729024684,29.527862548828125
1789132729036644,29.527862548828125
1789132729048695,29.527862548828125
1789132729060650,29.527862548828125
1789132729072788,29.527862548828125
1789132729075738,29.527862548828125
1789132729084670,29.527862548828125
1789132729096644,29.527873992919922
1789132729108649,29.527862548828125
1789132729120641,29.527862548828125
1789132729132672,29.527862548828125
1789132729138746,29.527862548828125
1789132729154153,29.527862548828125
1789132729156663,29.527862548828125
1789132729168670,29.527862548828125
1789132729180658,29.527862548828125
1789132729192670,29.527862548828125
1789132729195677,29.527862548828125
1789132729204767,29.527862548828125
1789132729216663,29.527862548828125
1789132729231702,29.527862548828125
1789132729243766,29.527862548828125
1789132729252661,29.527877807617188
1789132729255733,29.5278263092041
1789132729264709,29.527862548828125
1789132729276682,29.527873992919922
1789132729288662,29.527862548828125
1789132729300659,29.52782440185547
1789132729312659,29.52784538269043
1789132729315675,29.527902603149414
1789132729324700,29.527862548828125
1789132729336744,29.527854919433594
1789132729348661,29.527862548828125
1789132729360660,29.527862548828125
1789132729372740,29.527862548828125
1789132729375685,29.527862548828125
1789132729385120,29.527862548828125
1789132729396685,29.527862548828125
1789132729408668,29.527862548828125
1789132729420685,29.527862548828125
1789132729432659,29.527862548828125
1789132729435746,29.527862548828125
1789132729444736,29.527862548828125
1789132729456693,29.527862548828125
1789132729474684,29.52784538269043
1789132729480657,29.527883529663086
1789132729492658,29.527883529663086
1789132729495692,29.5278263092041
1789132729513755,29.527877807617188
1789132729516673,29.527862548828125
1789132729528692,29.52782440185547
1789132729540658,29.527862548828125
1789132729552663,29.527862548828125
1789132729555684,29.527862548828125
1789132729564694,29.527862548828125
1789132729576664,29.527862548828125
1789132729588672,29.527862548828125
1789132729600728,29.527862548828125
1789132729612661,29.527862548828125
1789132729615849,29.527862548828125
1789132729627674,29.527862548828125
1789132729636666,29.527862548828125
1789132729648670,29.527862548828125
1789132729660658,29.527862548828125
1789132729672661,29.527862548828125
1789132729675693,29.527862548828125
1789132729693765,29.527862548828125
1789132729696670,29.527904510498047
1789132729711674,29.52782440185547
1789132729723804,29.527862548828125
1789132729732801,29.527862548828125
1789132729735723,29.527862548828125
1789132729747674,29.527862548828125
1789132729756684,29.527862548828125
1789132729771707,29.527862548828125
1789132729780672,29.527862548828125
1789132729792662,29.527862548828125
1789132729804698,29.527862548828125
1789132729816661,29.527862548828125
1789132729819746,29.527862548828125
1789132729828661,29.527862548828125
1789132729840681,29.527862548828125
1789132729852673,29.527862548828125
1789132729855843,29.527862548828125
1789132729870658,29.527883529663086
1789132729876664,29.52784538269043
1789132729891684,29.527902603149414
1789132729903781,29.527862548828125
1789132729912659,29.527849197387695
1789132729915691,29.527902603149414
1789132729924693,29.527862548828125
1789132729936668,29.527854919433594
1789132729948673,29.527862548828125
1789132729960658,29.527862548828125
1789132729972660,29.527862548828125
1789132729978673,29.527862548828125
1789132729990662,29.527862548828125
1789132729996736,29.52784538269043
1789132730008663,29.52782440185547
1789132730020678,29.52782440185547
1789132730032664,29.527862548828125
1789132730035702,29.527862548828125
1789132730044710,29.527862548828125
1789132730056697,29.527862548828125
1789132730068662,29.527862548828125
1789132730080659,29.527862548828125
1789132730092661,29.527862548828125
1789132730095745,29.527862548828125
1789132730104690,29.527862548828125
1789132730116672,29.527862548828125
1789132730128730,29.527862548828125
1789132730140673,29.527862548828125
1789132730152693,29.527862548828125
1789132730164884,29.527862548828125
1789132730176679,29.527862548828125
1789132730179751,29.527902603149414
1789132730188687,29.527849197387695
1789132730200675,29.52782440185547
1789132730212692,29.52784538269043
1789132730221686,29.527862548828125
1789132730230730,29.527862548828125
1789132730236677,29.527862548828125
1789132730248685,29.527862548828125
1789132730260745,29.527862548828125
1789132730272674,29.527862548828125
1789132730275691,29.527862548828125
1789132730284948,29.527862548828125
1789132730299757,29.527862548828125
1789132730308676,29.527862548828125
1789132730320683,29.527862548828125
1789132730332699,29.527862548828125
1789132730344726,29.527862548828125
1789132730350695,29.527862548828125
1789132730356676,29.527862548828125
1789132730368685,29.527862548828125
1789132730380682,29.527862548828125
1789132730392822,29.527862548828125
1789132730395731,29.527862548828125
1789132730404712,29.527862548828125
1789132730416694,29.527873992919922
1789132730428681,29.527862548828125
1789132730440673,29.527862548828125
1789132730452686,29.52784538269043
1789132730464711,29.527862548828125
1789132730474098,29.527862548828125
1789132730476695,29.527862548828125
1789132730488677,29.527873992919922
1789132730500672,29.52788543701172
1789132730512685,29.527883529663086
1789132730515707,29.527862548828125
1789132730530683,29.527862548828125
1789132730539763,29.527862548828125
1789132730551691,29.527902603149414
1789132730560678,29.527849197387695
1789132730572674,29.52784538269043
1789132730575690,29.527902603149414
1789132730584706,29.527862548828125
1789132730596676,29.527854919433594
1789132730608677,29.527862548828125
1789132730620674,29.527862548828125
1789132730632674,29.527862548828125
1789132730644864,29.527862548828125
1789132730656757,29.527862548828125
1789132730659761,29.527862548828125
1789132730668703,29.527862548828125
1789132730680674,29.527862548828125
1789132730692679,29.527862548828125
1789132730695820,29.527862548828125
1789132730704924,29.527862548828125
1789132730716688,29.527862548828125
1789132730728676,29.527862548828125
1789132730740672,29.527862548828125
1789132730752678,29.527862548828125
1789132730764973,29.527862548828125
1789132730770687,29.527862548828125
1789132730782683,29.527862548828125
1789132730794699,29.52784538269043
1789132730800692,29.527883529663086
1789132730812674,29.527883529663086
1789132730815690,29.52782440185547
1789132730824709,29.527862548828125
1789132730836677,29.527873992919922
1789132730848680,29.52782440185547
1789132730860673,29.52782440185547
1789132730872675,29.527904510498047
1789132730884701,29.527862548828125
1789132730893774,29.527862548828125
1789132730902679,29.527883529663086
1789132730908694,29.527862548828125
1789132730920767,29.527862548828125
1789132730932695,29.527862548828125
1789132730935692,29.527862548828125
1789132730944735,29.527862548828125
1789132730956682,29.527862548828125
1789132730968689,29.527862548828125
1789132730980685,29.527854919433594
1789132730992692,29.527862548828125
1789132731004711,29.527862548828125
1789132731016677,29.527862548828125
1789132731019826,29.527862548828125
1789132731028675,29.527862548828125
1789132731040684,29.527862548828125
1789132731052818,29.527862548828125
1789132731055829,29.527862548828125
1789132731067694,29.527902603149414
1789132731076676,29.527849197387695
1789132731088681,29.52782440185547
1789132731100675,29.527862548828125
1789132731112675,29.527862548828125
1789132731115690,29.527862548828125
1789132731134184,29.527862548828125
1789132731136677,29.527862548828125
1789132731155085,29.52784538269043
1789132731163812,29.527862548828125
1789132731172698,29.527862548828125
1789132731175705,29.527862548828125
1789132731184789,29.527862548828125
1789132731196709,29.527862548828125
1789132731208692,29.527862548828125
1789132731223825,29.527862548828125
1789132731232694,29.527862548828125
1789132731241708,29.527862548828125
1789132731253783,29.527862548828125
1789132731256723,29.527862548828125
1789132731268693,29.527862548828125
1789132731280689,29.527862548828125
1789132731292692,29.527862548828125
1789132731298696,29.527862548828125
1789132731304729,29.527862548828125
1789132731316760,29.527862548828125
1789132731328711,29.527862548828125
1789132731340687,29.527862548828125
1789132731352695,29.527862548828125
1789132731355706,29.527862548828125
1789132731365054,29.527862548828125
1789132731376704,29.527862548828125
1789132731388709,29.527904510498047
1789132731400690,29.527902603149414
1789132731412689,29.527883529663086
1789132731415775,29.5278263092041
1789132731424720,29.527862548828125
1789132731436702,29.527873992919922
1789132731454741,29.527862548828125
1789132731463809,29.527902603149414
1789132731472689,29.527862548828125
1789132731475705,29.527862548828125
1789132731484724,29.527862548828125
1789132731496691,29.527862548828125
1789132731508693,29.527862548828125
1789132731520691,29.527862548828125
1789132731532694,29.527862548828125
1789132731541701,29.527862548828125
1789132731553805,29.527862548828125
1789132731559770,29.527862548828125
1789132731568700,29.527862548828125
1789132731580774,29.527862548828125
1789132731592692,29.527862548828125
1789132731595766,29.527862548828125
1789132731607714,29.527862548828125
1789132731616740,29.527849197387695
1789132731628691,29.52782440185547
1789132731640688,29.52782440185547
1789132731652689,29.52784538269043
1789132731655763,29.527902603149414
1789132731664727,29.527862548828125
1789132731676700,29.527854919433594
1789132731688699,29.527862548828125
1789132731700697,29.527862548828125
1789132731712851,29.527862548828125
1789132731718756,29.527862548828125
1789132731724722,29.527862548828125
1789132731736694,29.527862548828125
1789132731748699,29.527862548828125
1789132731760694,29.527862548828125
1789132731772693,29.527862548828125
1789132731784720,29.527862548828125
1789132731796702,29.527862548828125
1789132731805700,29.527862548828125
1789132731808700,29.527862548828125
1789132731820688,29.527862548828125
1789132731832698,29.527862548828125
1789132731844823,29.527862548828125
1789132731856704,29.527862548828125
1789132731859772,29.527862548828125
1789132731868693,29.527862548828125
1789132731883853,29.527862548828125
1789132731892762,29.527862548828125
1789132731904766,29.527862548828125
1789132731907702,29.527862548828125
1789132731916692,29.527862548828125
1789132731928698,29.527862548828125
1789132731940699,29.527862548828125
1789132731952706,29.527862548828125
1789132731955708,29.527862548828125
1789132731970698,29.527862548828125
1789132731982700,29.527862548828125
1789132731988692,29.527862548828125
1789132732000687,29.527862548828125
1789132732012693,29.527862548828125
1789132732015704,29.527862548828125
1789132732024721,29.527862548828125
1789132732036692,29.527862548828125
1789132732048693,29.527862548828125
1789132732060688,29.527862548828125
1789132732072689,29.527862548828125
1789132732075789,29.527862548828125
1789132732084720,29.527862548828125
1789132732096699,29.527862548828125
1789132732108776,29.527862548828125
1789132732120689,29.527862548828125
1789132732132690,29.527862548828125
1789132732135734,29.527862548828125
1789132732144791,29.527862548828125
1789132732159782,29.527862548828125
1789132732168707,29.527862548828125
1789132732180704,29.527862548828125
1789132732192706,29.527862548828125
1789132732195730,29.527862548828125
1789132732213805,29.527862548828125
1789132732222709,29.527862548828125
1789132732228714,29.527862548828125
1789132732240789,29.527862548828125
1789132732252711,29.527862548828125
1789132732264737,29.527862548828125
1789132732276758,29.527862548828125
1789132732285719,29.527862548828125
1789132732288719,29.527862548828125
1789132732300720,29.527862548828125
1789132732312721,29.527862548828125
1789132732315720,29.527862548828125
1789132732324738,29.527862548828125
1789132732336707,29.527862548828125
1789132732348706,29.527862548828125
1789132732360726,29.527862548828125
1789132732372869,29.527862548828125
1789132732375723,29.527862548828125
1789132732384738,29.527862548828125
1789132732396705,29.527862548828125
1789132732408712,29.527862548828125
1789132732420702,29.527862548828125
1789132732432704,29.527862548828125
1789132732435722,29.527862548828125
1789132732454076,29.527862548828125
1789132732456745,29.527862548828125
1789132732468708,29.527862548828125
1789132732483807,29.527862548828125
1789132732492713,29.527862548828125
1789132732495720,29.527862548828125
1789132732504819,29.527862548828125
1789132732516705,29.527862548828125
1789132732531729,29.527862548828125
1789132732543811,29.527862548828125
1789132732552706,29.527862548828125
1789132732561707,29.527862548828125
1789132732564737,29.527862548828125
1789132732576708,29.527862548828125
1789132732588710,29.527862548828125
1789132732600703,29.527862548828125
1789132732612706,29.527862548828125
1789132732618711,29.527862548828125
1789132732624744,29.527883529663086
1789132732636790,29.527862548828125
1789132732648708,29.527862548828125
1789132732660703,29.527862548828125
1789132732672708,29.527862548828125
1789132732675719,29.527862548828125
1789132732684739,29.527862548828125
1789132732696716,29.527862548828125
1789132732708708,29.52782440185547
1789132732720705,29.52782440185547
1789132732732704,29.52784538269043
1789132732735806,29.527902603149414
1789132732744737,29.527862548828125
1789132732759783,29.527862548828125
1789132732768797,29.527862548828125
1789132732783830,29.527862548828125
1789132732792706,29.527877807617188
1789132732804747,29.527862548828125
1789132732813804,29.527849197387695
1789132732816705,29.527862548828125
1789132732828705,29.527862548828125
1789132732840703,29.527862548828125
1789132732852705,26.162630081176758
1789132732861711,29.43009376525879
1789132732864736,29.429515838623047
1789132732876707,29.427228927612305
1789132732888719,29.424936294555664
1789132732900791,29.422630310058594
1789132732912704,29.42035675048828
1789132732915763,29.419771194458008
1789132732927720,29.41748809814453
1789132732936719,29.415767669677734
1789132732948726,29.413475036621094
1789132732960713,29.41118812561035
1789132732972706,29.408897399902344
1789132732984735,29.406600952148438
1789132732996707,29.404314041137695
1789132732999868,29.403711318969727
1789132733008707,29.402023315429688
1789132733020712,29.399730682373047
1789132733032861,29.397411346435547
1789132733035977,29.39681625366211
1789132733047722,29.39457130432129
1789132733056719,29.392852783203125
1789132733068710,29.390562057495117
1789132733080702,29.388273239135742
1789132733092704,29.385982513427734
1789132733101709,29.38426399230957
1789132733104767,29.383678436279297
1789132733116716,29.381397247314453
1789132733128705,32.67533493041992
1789132733140704,32.659732818603516
1789132733152722,31.060148239135742
1789132733158722,29.375669479370117
1789132733164834,31.033544540405273
1789132733176722,29.471160888671875
1789132733188731,29.471160888671875
1789132733203832,29.47112464904785
1789132733212724,29.471160888671875
1789132733224750,29.471160888671875
1789132733236720,30.366708755493164
1789132733239804,29.569530487060547
1789132733248721,29.571231842041016
1789132733260717,29.573522567749023
1789132733272718,29.575815200805664
1789132733284803,29.578125
1789132733290717,29.579254150390625
1789132733296811,29.58041763305664
1789132733308722,29.582691192626953
1789132733320728,29.584983825683594
1789132733332724,29.587276458740234
1789132733335899,29.58788299560547
1789132733345190,29.589656829833984
1789132733356721,29.59185791015625
1789132733368722,29.59415054321289
1789132733380717,29.5964412689209
1789132733392719,29.59873390197754
1789132733395818,29.59932518005371
1789132733407733,29.601600646972656
1789132733422729,29.604463577270508
1789132733434763,29.606761932373047
1789132733443831,29.608491897583008
1789132733452720,29.61018943786621
1789132733455756,29.61077117919922
1789132733464754,29.612489700317383
1789132733476720,29.614774703979492
1789132733494840,29.618236541748047
1789132733500727,27.900646209716797
1789132733512719,29.522743225097656
1789132733521735,29.522743225097656
1789132733524748,29.522743225097656
1789132733536724,29.522743225097656
1789132733548741,29.522743225097656
1789132733560809,29.522743225097656
1789132733572719,29.522743225097656
1789132733575734,29.522743225097656
1789132733584749,29.522743225097656
1789132733596724,29.522743225097656
1789132733608720,29.522743225097656
1789132733620719,29.522743225097656
1789132733632719,29.522743225097656
1789132733641731,29.522743225097656
1789132733653828,29.522743225097656
1789132733656772,29.522781372070312
1789132733668721,29.522781372070312
1789132733680726,29.522781372070312
1789132733692876,29.522764205932617
1789132733695737,29.522705078125
1789132733704753,29.522743225097656
1789132733719814,29.52274513244629
1789132733731741,29.522781372070312
1789132733740722,29.52274513244629
1789132733752740,29.522733688354492
1789132733755735,29.522781372070312
1789132733767733,29.522705078125
1789132733776720,29.522743225097656
1789132733788722,29.522743225097656
1789132733800717,29.522743225097656
1789132733812730,29.522743225097656
1789132733816082,29.522743225097656
1789132733824847,29.522743225097656
1789132733836720,29.522743225097656
1789132733848721,29.522743225097656
1789132733860721,29.522743225097656
1789132733872719,29.522743225097656
1789132733875739,29.522743225097656
1789132733884954,29.522743225097656
1789132733896745,29.522743225097656
1789132733914747,29.522743225097656
1789132733920719,29.522743225097656
1789132733932718,29.522743225097656
1789132733935737,29.522743225097656
1789132733944763,29.522743225097656
1789132733962731,29.522743225097656
1789132733968741,29.522743225097656
1789132733983823,29.522743225097656
1789132733992723,29.522743225097656
1789132733995751,29.522743225097656
1789132734004756,29.522743225097656
1789132734016719,29.522743225097656
1789132734028720,29.522743225097656
1789132734040720,29.522743225097656
1789132734052717,29.522743225097656
1789132734061729,29.522743225097656
1789132734064748,29.522781372070312
1789132734076731,29.52274513244629
1789132734088807,29.52274513244629
1789132734100734,29.52274513244629
1789132734112718,29.52274513244629
1789132734115749,29.52274513244629
1789132734124940,29.52274513244629
1789132734136735,29.522733688354492
1789132734148731,29.522705078125
1789132734160732,29.522743225097656
1789132734172734,29.522743225097656
1789132734184776,29.522743225097656
1789132734196766,29.522743225097656
1789132734202747,29.522743225097656
1789132734214762,29.522743225097656
1789132734220833,29.522743225097656
1789132734232736,29.522743225097656
1789132734235763,29.522743225097656
1789132734244770,29.522743225097656
1789132734256753,29.522743225097656
1789132734268747,29.522743225097656
1789132734280747,29.522743225097656
1789132734292744,29.522743225097656
1789132734301739,29.522743225097656
1789132734304780,29.522743225097656
1789132734316737,29.522743225097656
1789132734328740,29.522743225097656
1789132734340742,29.522743225097656
1789132734352890,29.522743225097656
1789132734355884,29.522743225097656
1789132734367751,29.522743225097656
1789132734376736,29.522743225097656
1789132734388741,29.522743225097656
1789132734400735,29.522743225097656
1789132734412736,29.522743225097656
1789132734415751,29.522743225097656
1789132734424766,29.522743225097656
1789132734436744,29.522743225097656
1789132734448737,29.522743225097656
1789132734463858,29.522743225097656
1789132734472744,29.522743225097656
1789132734484834,29.522743225097656
1789132734496755,29.522743225097656
1789132734499809,29.522743225097656
1789132734508736,29.522743225097656
1789132734520740,29.522743225097656
1789132734532985,29.522743225097656
1789132734544769,29.522743225097656
1789132734556755,29.522743225097656
1789132734568739,29.522743225097656
1789132734571758,29.522743225097656
1789132734580734,29.522743225097656
1789132734592771,29.522743225097656
1789132734598748,29.522743225097656
1789132734610746,29.52274513244629
1789132734622735,29.52274513244629
1789132734628737,29.52274513244629
1789132734640735,29.52274513244629
1789132734652739,29.52274513244629
1789132734655762,29.52274513244629
1789132734664766,29.52274513244629
1789132734676735,29.52274513244629
1789132734688746,29.52274513244629
1789132734700735,29.52274513244629
1789132734712737,29.52274513244629
1789132734715818,29.52274513244629
1789132734724783,29.52274513244629
1789132734736746,29.52274513244629
1789132734748809,29.52274513244629
1789132734763866,29.52274513244629
1789132734772830,29.52274513244629
1789132734784771,29.522733688354492
1789132734796738,29.522743225097656
1789132734808752,29.522743225097656
1789132734811748,29.522743225097656
1789132734820735,29.522743225097656
1789132734832735,29.522743225097656
1789132734841747,29.522743225097656
1789132734853847,29.522743225097656
1789132734862738,29.522743225097656
1789132734868746,29.522743225097656
1789132734880803,29.522743225097656
1789132734892733,29.522743225097656
1789132734895750,29.522743225097656
1789132734904767,29.522743225097656
1789132734916825,29.522743225097656
1789132734928761,29.522743225097656
1789132734940734,29.522743225097656
1789132734952733,29.522743225097656
1789132734964775,29.522743225097656
1789132734973830,29.522743225097656
1789132734976736,29.522743225097656
1789132734988786,29.522743225097656
1789132735000742,29.522743225097656
1789132735012882,29.522743225097656
1789132735018736,29.522743225097656
1789132735024766,29.522764205932617
1789132735036738,29.52274513244629
1789132735048744,29.52274513244629
1789132735060733,29.52274513244629
1789132735072752,29.52274513244629
1789132735075750,29.52274513244629
1789132735094372,29.52274513244629
1789132735096735,29.522695541381836
1789132735108737,29.522705078125
1789132735120752,29.522722244262695
1789132735132746,29.522724151611328
1789132735135782,29.522781372070312
1789132735144864,29.52274513244629
1789132735156747,29.522733688354492
1789132735168760,29.522781372070312
1789132735183852,29.52274513244629
1789132735192749,29.52274513244629
1789132735195766,29.52274513244629
1789132735204789,29.52274513244629
1789132735216757,29.52274513244629
1789132735228759,29.52274513244629
1789132735240752,29.52274513244629
1789132735252770,29.52274513244629
1789132735255973,29.52274513244629
1789132735264790,29.52274513244629
1789132735276840,29.522733688354492
1789132735288755,29.522743225097656
1789132735300751,29.522743225097656
1789132735312755,29.522743225097656
1789132735315934,29.522743225097656
1789132735324814,29.522743225097656
1789132735336753,29.522743225097656
1789132735348752,29.522743225097656
1789132735360762,29.522743225097656
1789132735372750,29.522764205932617
1789132735381750,29.522743225097656
1789132735384798,29.522781372070312
1789132735396763,29.52274513244629
1789132735408833,29.52274513244629
1789132735423863,29.522781372070312
1789132735432750,29.522729873657227
1789132735435771,29.522781372070312
1789132735444804,29.52274513244629
1789132735456765,29.522733688354492
1789132735468771,29.522743225097656
1789132735480757,29.522743225097656
1789132735492753,29.522743225097656
1789132735501752,29.522743225097656
1789132735504797,29.522781372070312
1789132735516771,29.52274513244629
1789132735528776,29.52274513244629
1789132735540820,29.52274513244629
1789132735552753,29.52274513244629
1789132735564789,29.52274513244629
1789132735576803,29.52274513244629
1789132735579827,29.52274513244629
1789132735588760,29.522729873657227
1789132735600749,29.522705078125
1789132735612751,29.522743225097656
1789132735615786,29.522743225097656
1789132735624782,29.522743225097656
1789132735636753,29.522743225097656
1789132735648771,29.522743225097656
1789132735660760,29.522743225097656
1789132735672905,29.522743225097656
1789132735675931,29.522743225097656
1789132735684783,29.522743225097656
1789132735696751,29.522754669189453
1789132735708756,29.52274513244629
1789132735720774,29.52274513244629
1789132735732750,29.52274513244629
1789132735736034,29.52274513244629
1789132735754118,29.522743225097656
1789132735756754,29.522743225097656
1789132735768752,29.522754669189453
1789132735780769,29.522781372070312
1789132735792760,29.52274513244629
1789132735795770,29.52274513244629
1789132735804855,29.52274513244629
1789132735819903,29.52274513244629
1789132735831779,29.52274513244629
1789132735840754,29.522729873657227
1789132735852749,29.522724151611328
1789132735855779,29.522781372070312
1789132735873955,29.52273178100586
1789132735876761,29.522743225097656
1789132735888753,29.522743225097656
1789132735900749,29.522743225097656
1789132735912771,29.522743225097656
1789132735915765,29.522743225097656
1789132735924790,29.522743225097656
1789132735936825,29.522743225097656
1789132735948752,29.522743225097656
1789132735963880,29.522743225097656
1789132735972832,29.522743225097656
1789132735978789,29.522743225097656
1789132735984796,29.522764205932617
1789132735996753,29.52274513244629
1789132736008753,29.52274513244629
1789132736020750,29.52274513244629
1789132736032750,29.522724151611328
1789132736041759,29.52274513244629
1789132736050757,29.522743225097656
1789132736056800,29.522743225097656
1789132736068822,29.522743225097656
1789132736080750,29.522743225097656
1789132736092749,29.522743225097656
1789132736095766,29.522743225097656
1789132736105045,29.522743225097656
1789132736116762,29.522743225097656
1789132736128767,29.522743225097656
1789132736140759,29.522743225097656
1789132736152766,29.522743225097656
1789132736155774,29.522743225097656
1789132736164799,29.522743225097656
1789132736179845,29.522743225097656
1789132736194804,29.522743225097656
1789132736200842,29.522743225097656
1789132736212766,29.522764205932617
1789132736215780,29.522705078125
1789132736224799,29.522743225097656
1789132736236781,29.522754669189453
1789132736248777,29.52274513244629
1789132736260764,29.52274513244629
1789132736272777,29.52274513244629
1789132736281794,29.52274513244629
1789132736293858,29.52274513244629
1789132736302787,29.522764205932617
1789132736308788,29.522724151611328
1789132736320785,29.522705078125
1789132736332908,29.522724151611328
1789132736335831,29.522783279418945
1789132736347783,29.522743225097656
1789132736356777,29.522756576538086
1789132736368772,29.522783279418945
1789132736380769,29.522781372070312
1789132736392767,29.52274513244629
1789132736395782,29.52274513244629
1789132736414358,29.52274513244629
1789132736416768,29.522695541381836
1789132736428767,29.52274513244629
1789132736440783,29.52274513244629
1789132736452776,29.52274513244629
1789132736455817,29.52274513244629
1789132736464865,29.52274513244629
1789132736479873,29.52274513244629
1789132736488784,29.52274513244629
1789132736503869,29.522781372070312
1789132736512765,29.52274513244629
1789132736515782,29.52274513244629
1789132736524798,29.52274513244629
1789132736536769,29.52274513244629
1789132736551812,29.52274513244629
1789132736560767,29.52274513244629
1789132736572767,29.52274513244629
1789132736578786,29.52274513244629
1789132736584805,29.522724151611328
1789132736596837,29.522743225097656
1789132736608771,29.522743225097656
1789132736620764,29.522743225097656
1789132736632769,29.522743225097656
1789132736635803,29.522743225097656
1789132736645080,29.522743225097656
1789132736656808,29.522743225097656
1789132736668872,29.522783279418945
1789132736680853,29.52274513244629
1789132736692854,29.52274513244629
1789132736695940,29.52274513244629
1789132736704898,29.52274513244629
1789132736716865,29.52274513244629
1789132736734931,29.52274513244629
1789132736744011,29.52277946472168
1789132736752855,29.52274513244629
1789132736755871,29.52274513244629
1789132736764887,29.52274513244629
1789132736782880,29.52274513244629
1789132736788886,29.52274513244629
1789132736800872,29.52274513244629
1789132736812853,29.522705078125
1789132736821857,29.522743225097656
1789132736824882,29.522781372070312
1789132736836828,29.52274513244629
1789132736848781,29.52274513244629
1789132736860838,29.52274513244629
1789132736872770,29.52274513244629
1789132736875800,29.52274513244629
1789132736884921,29.52274513244629
1789132736896831,29.522733688354492
1789132736908769,29.52274513244629
1789132736920769,29.52274513244629
1789132736932786,29.52274513244629
1789132736935785,29.52274513244629
1789132736944815,29.52274513244629
1789132736956809,29.52274513244629
1789132736968768,29.522705078125
1789132736983871,29.522743225097656
1789132736992915,29.522743225097656
1789132736995786,29.522743225097656
1789132737004807,29.522743225097656
1789132737016770,29.522743225097656
1789132737028772,29.522743225097656
1789132737040769,29.522743225097656
1789132737052780,29.522743225097656
1789132737064817,29.522743225097656
1789132737076770,29.522743225097656
1789132737079850,29.522743225097656
1789132737088770,29.522743225097656
1789132737103887,29.522743225097656
1789132737112777,29.522743225097656
1789132737115871,29.522743225097656
1789132737130818,29.522743225097656
1789132737139862,29.522743225097656
1789132737148769,29.522756576538086
1789132737160790,29.522781372070312
1789132737172768,29.522764205932617
1789132737178797,29.522743225097656
1789132737184809,29.522764205932617
1789132737196835,29.52274513244629
1789132737208796,29.52274513244629
1789132737220784,29.522733688354492
1789132737232785,29.522724151611328
1789132737235800,29.522781372070312
1789132737244845,29.52274513244629
1789132737256888,29.522733688354492
1789132737268785,29.522743225097656
1789132737280784,29.522743225097656
1789132737292882,29.522743225097656
1789132737295825,29.522743225097656
1789132737313875,29.522756576538086
1789132737316784,29.52274513244629
1789132737328803,29.52274513244629
1789132737340784,29.52274513244629
1789132737352792,29.52274513244629
1789132737361803,29.52274513244629
1789132737364811,29.52274513244629
1789132737376796,29.52274513244629
1789132737388855,29.52274513244629
1789132737400785,29.52274513244629
1789132737412785,29.52274513244629
1789132737424904,29.52274513244629
1789132737436811,29.522733688354492
1789132737439869,29.522781372070312
1789132737448786,29.522729873657227
1789132737460802,29.522743225097656
1789132737472785,29.522743225097656
1789132737475810,29.522743225097656
1789132737484815,29.522743225097656
1789132737496807,29.522743225097656
1789132737508801,29.522743225097656
1789132737520865,29.522743225097656
1789132737532784,29.522743225097656
1789132737535805,29.522743225097656
1789132737544829,29.522743225097656
1789132737556788,29.522743225097656
1789132737568786,29.522743225097656
1789132737580784,29.522743225097656
1789132737592802,29.522743225097656
1789132737601813,29.522743225097656
1789132737613878,29.522743225097656
1789132737616785,29.522743225097656
1789132737628784,29.522743225097656
1789132737640794,29.522743225097656
1789132737652924,29.522743225097656
1789132737655870,29.522743225097656
1789132737664809,29.522743225097656
1789132737679868,29.522743225097656
1789132737691828,29.522743225097656
1789132737700787,29.522743225097656
1789132737712784,29.522743225097656
1789132737721789,29.522743225097656
1789132737724832,29.522743225097656
1789132737736803,29.522743225097656
1789132737748787,29.522743225097656
1789132737763894,29.522743225097656
1789132737772793,29.522743225097656
1789132737775849,29.522743225097656
1789132737787818,29.522743225097656
1789132737796785,29.522743225097656
1789132737808786,29.522743225097656
1789132737820787,29.522743225097656
1789132737832784,29.522743225097656
1789132737835799,29.522743225097656
1789132737845028,29.522743225097656
1789132737856823,29.522743225097656
1789132737868784,29.522781372070312
1789132737880784,29.522781372070312
1789132737892783,29.522764205932617
1789132737895797,29.522705078125
1789132737904838,29.522743225097656
1789132737916852,29.522754669189453
1789132737931824,29.52274513244629
1789132737943901,29.522781372070312
1789132737952865,29.522729873657227
1789132737955816,29.522781372070312
1789132737964812,29.52274513244629
1789132737976804,29.522733688354492
1789132737988811,29.522743225097656
1789132738000784,29.522743225097656
1789132738012784,29.522743225097656
1789132738021826,29.522743225097656
1789132738027796,29.522743225097656
1789132738036795,29.522756576538086
1789132738048854,29.522781372070312
1789132738060783,29.522781372070312
1789132738072825,29.522764205932617
1789132738075798,29.522705078125
1789132738085022,29.522743225097656
1789132738096795,29.522754669189453
1789132738108785,29.52274513244629
1789132738120802,29.52274513244629
1789132738132792,29.522705078125
1789132738141795,29.522743225097656
1789132738153898,29.522743225097656
1789132738156786,29.522743225097656
1789132738168795,29.522743225097656
1789132738180887,29.522743225097656
1789132738192802,29.522743225097656
1789132738204861,29.522743225097656
1789132738207820,29.522781372070312
1789132738219900,29.52274513244629
1789132738228803,29.522729873657227
1789132738240802,29.522705078125
1789132738252819,29.522724151611328
1789132738255830,29.522743225097656
1789132738264833,29.522743225097656
1789132738276822,29.522743225097656
1789132738288802,29.522743225097656
1789132738300811,29.52276611328125
1789132738312950,29.522764205932617
1789132738315817,29.522705078125
1789132738324831,29.522743225097656
1789132738336803,29.522754669189453
1789132738348832,29.52274513244629
1789132738360805,29.52274513244629
1789132738372806,29.522733688354492
1789132738384851,29.522743225097656
1789132738390803,29.522743225097656
1789132738396803,29.522743225097656
1789132738408809,29.522743225097656
1789132738420820,29.522743225097656
1789132738432812,29.522743225097656
1789132738435851,29.522743225097656
1789132738450828,29.522743225097656
1789132738459888,29.522743225097656
1789132738468802,29.522756576538086
1789132738480805,29.522783279418945
1789132738492801,29.522764205932617
1789132738495815,29.522705078125
1789132738504827,29.522743225097656
1789132738516821,29.522754669189453
1789132738528813,29.52274513244629
1789132738540801,29.522705078125
1789132738552802,29.522705078125
1789132738564839,29.522743225097656
1789132738576890,29.522743225097656
1789132738579898,29.522743225097656
1789132738591814,29.522743225097656
1789132738603916,29.522743225097656
1789132738612864,29.522743225097656
1789132738615824,29.522743225097656
1789132738624834,29.522743225097656
1789132738636804,29.522743225097656
1789132738648802,29.522743225097656
1789132738660802,29.522743225097656
1789132738672802,29.522743225097656
1789132738675894,29.522743225097656
1789132738690812,29.522743225097656
1789132738702826,29.522743225097656
1789132738714826,29.522743225097656
1789132738720802,29.522743225097656
1789132738732804,29.522743225097656
1789132738735818,29.522743225097656
1789132738744870,29.522743225097656
1789132738756803,29.522743225097656
1789132738768821,29.522743225097656
1789132738780803,29.522743225097656
1789132738792803,29.522743225097656
1789132738804836,29.522743225097656
1789132738816803,29.522743225097656
1789132738819882,29.522743225097656
1789132738831816,29.522743225097656
1789132738840871,29.522743225097656
1789132738852817,29.522743225097656
1789132738856178,29.522743225097656
1789132738867816,29.522743225097656
1789132738876847,29.522743225097656
1789132738888802,29.522743225097656
1789132738900802,29.522743225097656
1789132738912803,29.522743225097656
1789132738915840,29.522743225097656
1789132738933902,29.522743225097656
1789132738936803,29.522783279418945
1789132738951815,29.522743225097656
1789132738960811,29.522756576538086
1789132738972943,29.522764205932617
1789132738975836,29.522705078125
1789132738993903,29.522756576538086
1789132738996803,29.52274513244629
1789132739008902,29.52274513244629
1789132739020812,29.52274513244629
1789132739032803,29.522733688354492
1789132739044846,29.522743225097656
1789132739047813,29.522743225097656
1789132739056821,29.522743225097656
1789132739068802,29.522743225097656
1789132739080823,29.522743225097656
1789132739092811,29.522743225097656
1789132739095824,29.522743225097656
1789132739110813,29.522764205932617
1789132739119890,29.522781372070312
1789132739128803,29.522729873657227
1789132739143908,29.522743225097656
1789132739152801,29.522743225097656
1789132739155816,29.522743225097656
1789132739164835,29.522743225097656
1789132739176846,29.522743225097656
1789132739188820,29.52278709411621
1789132739200818,29.522743225097656
1789132739212817,29.522743225097656
1789132739215832,29.522743225097656
1789132739224854,29.522743225097656
1789132739236888,29.522743225097656
1789132739248818,29.522743225097656
1789132739260827,29.522743225097656
1789132739272916,29.522743225097656
1789132739275840,29.522743225097656
1789132739284849,29.522743225097656
1789132739296820,29.522754669189453
1789132739308817,29.52274513244629
1789132739320817,29.52274513244629
1789132739332818,29.52274513244629
1789132739335960,29.52274513244629
1789132739344871,29.52274513244629
1789132739362820,29.52274513244629
1789132739368891,29.522724151611328
1789132739380832,29.522705078125
1789132739392818,29.522724151611328
1789132739395831,29.522743225097656
1789132739413916,29.522743225097656
1789132739416820,29.522743225097656
1789132739428818,29.522743225097656
1789132739440827,29.522743225097656
1789132739452817,29.522743225097656
1789132739464846,29.522743225097656
1789132739476838,29.522743225097656
1789132739479893,29.522743225097656
1789132739488828,29.522743225097656
1789132739500886,29.522743225097656
1789132739512840,29.522743225097656
1789132739515980,29.522743225097656
1789132739527832,29.522743225097656
1789132739536857,29.522743225097656
1789132739548817,29.522743225097656
1789132739560827,29.522743225097656
1789132739572836,29.522743225097656
1789132739584849,29.522743225097656
1789132739596820,29.522743225097656
1789132739599966,29.522743225097656
1789132739608820,29.522743225097656
1789132739620834,29.522743225097656
1789132739632963,29.522743225097656
1789132739635837,29.522743225097656
1789132739644862,29.522743225097656
1789132739656872,29.522743225097656
1789132739668822,29.522743225097656
1789132739680818,29.522743225097656
1789132739692833,29.522743225097656
1789132739704872,29.522743225097656
1789132739713912,29.522743225097656
1789132739716834,29.522743225097656
1789132739728832,29.522754669189453
1789132739740817,29.522781372070312
1789132739752827,29.522764205932617
1789132739755835,29.522705078125
1789132739770845,29.522764205932617
1789132739779896,29.522781372070312
1789132739788825,29.522729873657227
1789132739800821,29.522705078125
1789132739812818,29.522724151611328
1789132739815831,29.522781372070312
1789132739824845,29.52274513244629
1789132739842829,29.522743225097656
1789132739848821,29.522743225097656
1789132739860818,29.522743225097656
1789132739872817,29.522743225097656
1789132739884985,29.522743225097656
1789132739896888,29.522743225097656
1789132739899896,29.522743225097656
1789132739908819,29.522743225097656
1789132739920817,29.522743225097656
1789132739932901,29.522743225097656
1789132739935861,29.522743225097656
1789132739945316,29.522743225097656
1789132739956829,29.522754669189453
1789132739968836,29.522781372070312
1789132739980817,29.522781372070312
1789132739992818,29.522764205932617
1789132739998862,29.522783279418945
1789132740004855,29.522724151611328
1789132740016833,29.522743225097656
1789132740028888,29.522743225097656
1789132740040818,29.522743225097656
1789132740052818,29.522743225097656
1789132740055867,29.522743225097656
1789132740065097,29.522743225097656
1789132740076849,29.522743225097656
1789132740088821,29.522743225097656
1789132740100837,29.522743225097656
1789132740112819,29.522743225097656
1789132740115840,29.522743225097656
1789132740124848,29.522743225097656
1789132740136839,29.522743225097656
1789132740148827,29.522743225097656
1789132740160896,29.522743225097656
1789132740172840,29.522743225097656
1789132740175835,29.522743225097656
1789132740184862,29.522743225097656
1789132740199934,29.522743225097656
1789132740208833,29.522743225097656
1789132740220832,29.522743225097656
1789132740232852,29.522743225097656
1789132740241845,29.522743225097656
1789132740253946,29.52274513244629
1789132740256855,29.522705078125
1789132740268835,29.52274513244629
1789132740280843,29.52274513244629
1789132740292974,29.52274513244629
1789132740295851,29.52274513244629
1789132740307856,29.52274513244629
1789132740316853,29.52274513244629
1789132740331867,29.522781372070312
1789132740340842,29.522729873657227
1789132740352833,29.522705078125
1789132740364885,29.522743225097656
1789132740367847,29.522743225097656
1789132740376865,29.522743225097656
1789132740388834,29.522743225097656
1789132740400837,29.522743225097656
1789132740412844,29.522743225097656
1789132740424930,29.522743225097656
1789132740427849,29.522743225097656
1789132740436834,29.522743225097656
1789132740448835,29.522743225097656
1789132740460838,29.522743225097656
1789132740472845,29.522743225097656
1789132740484865,29.522743225097656
1789132740493947,29.522743225097656
1789132740496856,29.522743225097656
1789132740514859,29.522743225097656
1789132740520833,29.522743225097656
1789132740532851,29.522743225097656
1789132740538846,29.522743225097656
1789132740550870,29.52274513244629
1789132740562835,29.52274513244629
1789132740568836,29.52274513244629
1789132740580852,29.52274513244629
1789132740592839,29.52274513244629
1789132740601835,29.52274513244629
1789132740604869,29.52274513244629
1789132740616835,29.52274513244629
1789132740628846,29.52274513244629
1789132740640833,29.522705078125
1789132740652833,29.522743225097656
1789132740655927,29.522743225097656
1789132740664862,29.522743225097656
1789132740676868,29.522743225097656
1789132740688903,29.522743225097656
1789132740700849,29.522743225097656
1789132740712853,29.522743225097656
1789132740715859,29.522743225097656
1789132740724962,29.522743225097656
1789132740736835,29.522743225097656
1789132740748834,29.522705078125
1789132740760834,29.522743225097656
1789132740772833,29.522743225097656
1789132740775857,29.522743225097656
1789132740784859,29.522743225097656
1789132740799928,29.522743225097656
1789132740814858,29.522743225097656
1789132740820918,29.522764205932617
1789132740832850,29.522764205932617
1789132740835850,29.522705078125
1789132740844899,29.522743225097656
1789132740856871,29.522754669189453
1789132740868846,29.522705078125
1789132740880836,29.522705078125
1789132740892833,29.522743225097656
1789132740895848,29.522743225097656
1789132740913938,29.522743225097656
1789132740916844,29.522783279418945
1789132740928834,29.522781372070312
1789132740940846,29.522743225097656
1789132740952995,29.522743225097656
1789132740955997,29.522743225097656
1789132740967858,29.522743225097656
1789132740979910,29.522743225097656
1789132740988848,29.522743225097656
1789132741003952,29.522743225097656
1789132741012834,29.522743225097656
1789132741015848,29.522743225097656
1789132741024863,29.522743225097656
1789132741036843,29.522743225097656
1789132741048839,29.522781372070312
1789132741063946,29.52274513244629
1789132741072843,29.52274513244629
1789132741084930,29.52274513244629
1789132741096835,29.52274513244629
1789132741099907,29.52274513244629
1789132741108854,29.52274513244629
1789132741120846,29.52274513244629
1789132741132833,29.52274513244629
1789132741135850,29.52274513244629
1789132741145018,29.52274513244629
1789132741156845,29.522733688354492
1789132741168835,29.522705078125
1789132741180834,29.522705078125
1789132741192834,29.522724151611328
1789132741198850,29.52274513244629
1789132741204891,29.522724151611328
1789132741222860,29.522743225097656
1789132741231874,29.522743225097656
1789132741243973,29.522706985473633
1789132741252853,29.522756576538086
1789132741255894,29.522706985473633
1789132741264881,29.522756576538086
1789132741276871,29.52274513244629
1789132741288850,29.52274513244629
1789132741300850,29.52274513244629
1789132741312849,29.522705078125
1789132741324876,29.522743225097656
1789132741327861,29.522743225097656
1789132741336868,29.522743225097656
1789132741348918,29.522743225097656
1789132741360853,29.522743225097656
1789132741372872,29.522743225097656
1789132741375969,29.522743225097656
1789132741384969,29.522743225097656
1789132741396853,29.522743225097656
1789132741408851,29.522743225097656
1789132741420865,29.522743225097656
1789132741432849,29.522743225097656
1789132741435876,29.522743225097656
1789132741444900,29.522743225097656
1789132741462860,29.522743225097656
1789132741474876,29.522743225097656
1789132741480923,29.522743225097656
1789132741492849,29.522743225097656
1789132741495865,29.522743225097656
1789132741504957,29.522743225097656
1789132741516855,29.522743225097656
1789132741528854,29.522743225097656
1789132741540852,29.522743225097656
1789132741552858,29.522743225097656
1789132741564878,29.522743225097656
1789132741576870,29.522743225097656
1789132741580020,29.522743225097656
1789132741588851,29.522743225097656
1789132741600859,29.522743225097656
1789132741612994,29.522743225097656
1789132741618859,29.522743225097656
1789132741627874,29.522743225097656
1789132741636877,29.522743225097656
1789132741648853,29.522743225097656
1789132741660851,29.522743225097656
1789132741672850,29.522743225097656
1789132741675865,29.522743225097656
1789132741684881,29.522743225097656
1789132741696859,29.522743225097656
1789132741708850,29.522781372070312
1789132741723976,29.522706985473633
1789132741732858,29.522756576538086
1789132741735883,29.522705078125
1789132741744999,29.522743225097656
1789132741756873,29.522754669189453
1789132741768869,29.52274513244629
1789132741783963,29.52274513244629
1789132741793010,29.52274513244629
1789132741804887,29.52274513244629
1789132741807878,29.52274513244629
1789132741816852,29.52274513244629
1789132741828858,29.52274513244629
1789132741840850,29.52274513244629
1789132741852866,29.52274513244629
1789132741858864,29.52274513244629
1789132741867881,29.522743225097656
1789132741876944,29.522743225097656
1789132741888853,29.522743225097656
1789132741900868,29.522743225097656
1789132741912854,29.522743225097656
1789132741915864,29.522743225097656
1789132741924879,29.522743225097656
1789132741936878,29.522743225097656
1789132741948850,29.522783279418945
1789132741960850,29.522781372070312
1789132741972851,29.522764205932617
1789132741975936,29.522706985473633
1789132741984880,29.522743225097656
1789132741996861,29.522754669189453
1789132742008941,29.52274513244629
1789132742020858,29.52274513244629
1789132742032878,29.52274513244629
1789132742044901,29.52274513244629
1789132742047862,29.522705078125
1789132742056884,29.522743225097656
1789132742068854,29.522743225097656
1789132742080850,29.522743225097656
1789132742092849,29.522743225097656
1789132742101860,29.522743225097656
1789132742113959,29.52274513244629
1789132742116851,29.522705078125
1789132742128859,29.522705078125
1789132742140920,29.522706985473633
1789132742152851,29.522724151611328
1789132742155864,29.522781372070312
1789132742164910,29.522729873657227
1789132742176874,29.522743225097656
1789132742188861,29.522743225097656
1789132742200879,29.522743225097656
1789132742212882,29.522743225097656
1789132742224896,29.522743225097656
1789132742227887,29.522743225097656
1789132742236868,29.522743225097656
1789132742248867,29.522743225097656
1789132742260876,29.522743225097656
1789132742273007,29.522743225097656
1789132742276108,29.522743225097656
1789132742287882,29.522743225097656
1789132742296890,29.522743225097656
1789132742308871,29.522743225097656
1789132742320884,29.522743225097656
1789132742332874,29.522743225097656
1789132742335986,29.522743225097656
1789132742353964,29.522743225097656
1789132742356868,29.522743225097656
1789132742374897,29.522743225097656
1789132742380866,29.522743225097656
1789132742392876,29.522743225097656
1789132742395897,29.522743225097656
1789132742410878,29.522743225097656
1789132742419950,29.522706985473633
1789132742428886,29.522743225097656
1789132742440871,29.522743225097656
1789132742452867,29.522743225097656
1789132742455914,29.522743225097656
1789132742464896,29.522743225097656
1789132742476887,29.522743225097656
1789132742488867,29.522743225097656
1789132742500867,29.522743225097656
1789132742512867,29.522743225097656
1789132742524905,29.522743225097656
1789132742536940,29.522743225097656
1789132742539951,29.522743225097656
1789132742548877,29.522743225097656
1789132742563979,29.522743225097656
1789132742572908,29.522743225097656
1789132742575889,29.522743225097656
1789132742584896,29.522743225097656
1789132742596868,29.522743225097656
1789132742611881,29.522743225097656
1789132742620874,29.522743225097656
1789132742632867,29.522743225097656
1789132742635980,29.522743225097656
1789132742647888,29.522743225097656
1789132742662870,29.522743225097656
1789132742668962,29.522743225097656
1789132742680867,29.522743225097656
1789132742692867,29.522743225097656
1789132742695879,29.522743225097656
1789132742713967,29.522743225097656
1789132742716868,29.522743225097656
1789132742728870,29.522743225097656
1789132742740867,29.522743225097656
1789132742752867,29.522743225097656
1789132742755890,29.522743225097656
1789132742764903,29.522743225097656
1789132742776892,29.522743225097656
1789132742788876,29.522743225097656
1789132742800968,29.522743225097656
1789132742812880,29.522743225097656
1789132742824896,29.522743225097656
1789132742827879,29.522743225097656
1789132742836872,29.522743225097656
1789132742848866,29.522743225097656
1789132742860868,29.522743225097656
1789132742872867,29.522743225097656
1789132742875884,29.522743225097656
1789132742893968,29.522743225097656
1789132742896876,29.522743225097656
1789132742908868,29.522743225097656
1789132742920913,29.522743225097656
1789132742933039,29.522743225097656
1789132742935887,29.522743225097656
1789132742944917,29.522743225097656
1789132742956873,29.522743225097656
1789132742971889,29.522743225097656
1789132742980878,29.522743225097656
1789132742992869,29.522743225097656
1789132743004904,29.522743225097656
1789132743013958,29.522743225097656
1789132743016871,29.522743225097656
1789132743028868,29.522743225097656
1789132743040884,29.522743225097656
1789132743052876,29.522743225097656
1789132743056058,29.522743225097656
1789132743070868,29.522743225097656
1789132743076886,29.522764205932617
1789132743088875,29.522781372070312
1789132743100871,29.522783279418945
1789132743112867,29.52274513244629
1789132743115880,29.52274513244629
1789132743124897,29.52274513244629
1789132743136876,29.52274513244629
1789132743148893,29.522705078125
1789132743160867,29.522705078125
1789132743172866,29.522724151611328
1789132743175881,29.522781372070312
1789132743184903,29.52274513244629
1789132743208891,29.522743225097656
1789132743214982,29.522743225097656
1789132743220899,29.522743225097656
1789132743232930,29.522754669189453
1789132743235923,29.522705078125
1789132743244936,29.522743225097656
1789132743256939,29.522754669189453
1789132743268888,29.52274513244629
1789132743280889,29.52274513244629
1789132743292893,29.522705078125
1789132743301899,29.522743225097656
1789132743310893,29.522743225097656
1789132743316902,29.522743225097656
1789132743328996,29.522743225097656
1789132743340889,29.522743225097656
1789132743352888,29.522743225097656
1789132743355901,29.522743225097656
1789132743365095,29.522743225097656
1789132743376923,29.522743225097656
1789132743388889,29.522743225097656
1789132743400890,29.522743225097656
1789132743412888,29.522743225097656
1789132743415914,29.522743225097656
1789132743424920,29.522743225097656
1789132743442903,29.522743225097656
1789132743454934,29.522724151611328
1789132743460979,29.522764205932617
1789132743472890,29.522743225097656
1789132743475902,29.522743225097656
1789132743484915,29.522743225097656
1789132743496910,29.522743225097656
1789132743508890,29.522743225097656
1789132743520902,29.522743225097656
1789132743532897,29.522743225097656
1789132743541900,29.522743225097656
1789132743553983,29.522743225097656
1789132743556890,29.522783279418945
1789132743571906,29.52274513244629
1789132743580917,29.52274513244629
1789132743593034,29.52274513244629
1789132743595907,29.52274513244629
1789132743604926,29.52274513244629
1789132743616891,29.52274513244629
1789132743628893,29.52274513244629
1789132743640889,29.52274513244629
1789132743652889,29.52274513244629
1789132743656166,29.52274513244629
1789132743664917,29.52274513244629
1789132743676909,29.52274513244629
1789132743688891,29.52274513244629
1789132743700888,29.52274513244629
1789132743712916,29.52274513244629
1789132743715902,29.52274513244629
1789132743724984,29.52274513244629
1789132743739973,29.52274513244629
1789132743751902,29.522781372070312
1789132743760888,29.522729873657227
1789132743772886,29.522724151611328
1789132743775901,29.522781372070312
1789132743784918,29.52274513244629
1789132743796888,29.522733688354492
1789132743808890,29.522705078125
1789132743820894,29.522705078125
1789132743832886,29.522743225097656
1789132743844964,29.522743225097656
1789132743856988,29.522743225097656
1789132743859971,29.522743225097656
1789132743868889,29.522743225097656
1789132743880885,29.522743225097656
1789132743892976,29.522743225097656
1789132743905081,29.522743225097656
1789132743916891,29.522743225097656
1789132743925893,29.522743225097656
1789132743928890,29.522743225097656
1789132743940886,29.522743225097656
1789132743952888,29.522743225097656
1789132743955974,29.522743225097656
1789132743964936,29.522743225097656
1789132743982904,29.522743225097656
1789132743994912,29.522743225097656
1789132744000883,29.522743225097656
1789132744012886,29.522743225097656
1789132744018892,29.522743225097656
1789132744024920,29.522743225097656
1789132744036890,29.522743225097656
1789132744048900,29.522743225097656
1789132744060888,29.522743225097656
1789132744072886,29.522743225097656
1789132744084916,29.522743225097656
1789132744096892,29.522743225097656
1789132744099963,29.522743225097656
1789132744108922,29.522743225097656
1789132744120965,29.522743225097656
1789132744132886,29.522743225097656
1789132744136319,29.522743225097656
1789132744147901,29.522743225097656
1789132744156893,29.522743225097656
1789132744168894,29.522743225097656
1789132744180884,29.522743225097656
1789132744192886,29.522743225097656
1789132744204926,29.522743225097656
1789132744216918,29.522743225097656
1789132744220055,29.522743225097656
1789132744228908,29.522743225097656
1789132744240955,29.522764205932617
1789132744253046,29.522764205932617
1789132744255937,29.522705078125
1789132744264938,29.522743225097656
1789132744276926,29.522754669189453
1789132744291928,29.52274513244629
1789132744300917,29.52274513244629
1789132744312908,29.522733688354492
1789132744324932,29.522743225097656
1789132744336906,29.522743225097656
1789132744340013,29.522743225097656
1789132744348914,29.522743225097656
1789132744360924,29.522743225097656
1789132744372933,29.522743225097656
1789132744378907,29.522743225097656
1789132744385011,29.522764205932617
1789132744396909,29.52274513244629
1789132744408929,29.52274513244629
1789132744420920,29.52274513244629
1789132744432922,29.52274513244629
1789132744435922,29.52274513244629
1789132744445182,29.52274513244629
1789132744456947,29.522733688354492
1789132744468906,29.522705078125
1789132744480906,29.522743225097656
1789132744492904,29.522743225097656
1789132744495944,29.522743225097656
1789132744505188,29.522743225097656
1789132744516978,29.522743225097656
1789132744528906,29.522743225097656
1789132744544041,29.522743225097656
1789132744552985,29.522743225097656
1789132744555925,29.522743225097656
1789132744564936,29.522743225097656
1789132744576936,29.522743225097656
1789132744588905,29.522743225097656
1789132744600903,29.522743225097656
1789132744612906,29.522743225097656
1789132744621930,29.522743225097656
1789132744630916,29.522743225097656
1789132744642910,29.522743225097656
1789132744648982,29.522764205932617
1789132744660920,29.522781372070312
1789132744672904,29.522764205932617
1789132744675921,29.522705078125
1789132744684940,29.522743225097656
1789132744696905,29.522754669189453
1789132744708917,29.52274513244629
1789132744720914,29.522733688354492
1789132744732906,29.522743225097656
1789132744735952,29.522743225097656
1789132744744953,29.522743225097656
1789132744756914,29.522743225097656
1789132744774941,29.522743225097656
1789132744780980,29.522743225097656
1789132744792907,29.522743225097656
1789132744796144,29.522743225097656
1789132744808021,29.522743225097656
1789132744823006,29.522743225097656
1789132744829005,29.522743225097656
1789132744841003,29.522743225097656
1789132744853037,29.522743225097656
1789132744856106,29.522743225097656
1789132744865049,29.522743225097656
1789132744877032,29.522743225097656
1789132744889008,29.522743225097656
1789132744904241,29.522743225097656
1789132744916043,29.522743225097656
1789132744919005,29.522743225097656
1789132744925050,29.522743225097656
1789132744937035,29.522743225097656
1789132744949008,29.522743225097656
1789132744961006,29.522743225097656
1789132744973002,29.522743225097656
1789132744976092,29.522743225097656
1789132744994402,29.52274513244629
1789132744997006,29.52274513244629
1789132745009005,29.522705078125
1789132745024129,29.522781372070312
1789132745033037,29.522729873657227
1789132745036050,29.522781372070312
1789132745045049,29.522729873657227
1789132745056934,29.522743225097656
1789132745068921,29.522743225097656
1789132745080924,29.522743225097656
1789132745092919,29.522743225097656
1789132745095934,29.522743225097656
1789132745114122,29.522743225097656
1789132745116929,29.522783279418945
1789132745128922,29.522781372070312
1789132745140921,29.522705078125
1789132745152921,29.522705078125
1789132745164976,29.522743225097656
1789132745167931,29.522743225097656
1789132745177008,29.522743225097656
1789132745188924,29.522743225097656
1789132745204069,29.522743225097656
1789132745212961,29.522743225097656
1789132745224965,29.522743225097656
1789132745227951,29.522743225097656
1789132745236939,29.522743225097656
1789132745248936,29.522743225097656
1789132745260937,29.522743225097656
1789132745272936,29.522743225097656
1789132745276102,29.522743225097656
1789132745290948,29.522743225097656
1789132745302940,29.522743225097656
1789132745309012,29.522743225097656
1789132745320956,29.522743225097656
1789132745332938,29.522743225097656
1789132745335965,29.522743225097656
1789132745345023,29.522743225097656
1789132745356940,29.522743225097656
1789132745368943,29.522743225097656
1789132745380938,29.522743225097656
1789132745392937,29.522743225097656
1789132745401949,29.522743225097656
1789132745410991,29.522743225097656
1789132745420022,29.522743225097656
1789132745428965,29.522743225097656
1789132745441022,29.522743225097656
1789132745452938,29.522743225097656
1789132745455964,29.522743225097656
1789132745464965,29.522743225097656
1789132745476961,29.522743225097656
1789132745488950,29.522743225097656
1789132745500940,29.522743225097656
1789132745512937,29.522743225097656
1789132745515968,29.522743225097656
1789132745524964,29.522743225097656
1789132745536959,29.522743225097656
1789132745548960,29.522743225097656
1789132745560951,29.522743225097656
1789132745573083,29.522743225097656
1789132745576147,29.522743225097656
1789132745587953,29.522743225097656
1789132745596940,29.522743225097656
1789132745608948,29.522743225097656
1789132745620946,29.522743225097656
1789132745632936,29.522743225097656
1789132745635972,29.522743225097656
1789132745644976,29.522743225097656
1789132745657008,29.522743225097656
1789132745668956,29.522743225097656
1789132745680936,29.522781372070312
1789132745692947,29.522764205932617
1789132745695954,29.522705078125
1789132745705036,29.522743225097656
1789132745716940,29.522754669189453
1789132745731964,29.52274513244629
1789132745744057,29.522781372070312
1789132745752948,29.52274513244629
1789132745764968,29.52274513244629
1789132745767967,29.52274513244629
1789132745776957,29.52274513244629
1789132745788938,29.52274513244629
1789132745800955,29.52274513244629
1789132745812938,29.52274513244629
1789132745815955,29.52274513244629
1789132745827949,29.52274513244629
1789132745837006,29.52274513244629
1789132745848938,29.52274513244629
1789132745860938,29.52274513244629
1789132745872941,29.52274513244629
1789132745875964,29.52274513244629
1789132745884968,29.52274513244629
1789132745896939,29.52274513244629
1789132745908938,29.52274513244629
1789132745920959,29.52274513244629
1789132745932956,29.52274513244629
1789132745936066,29.52274513244629
1789132745950949,29.522724151611328
1789132745962948,29.522724151611328
1789132745974964,29.522743225097656
1789132745984075,29.522706985473633
1789132745992937,29.522743225097656
1789132745995955,29.522743225097656
1789132746014033,29.522756576538086
1789132746016938,29.52274513244629
1789132746028940,29.52274513244629
1789132746040937,29.52274513244629
1789132746052939,29.52274513244629
1789132746061940,29.52274513244629
1789132746074030,29.522743225097656
1789132746076959,29.522743225097656
1789132746088946,29.522743225097656
1789132746101004,29.522743225097656
1789132746112936,29.522743225097656
1789132746115953,29.522743225097656
1789132746124966,29.522743225097656
1789132746136948,29.522743225097656
1789132746148950,29.522781372070312
1789132746160940,29.522743225097656
1789132746172937,29.522743225097656
1789132746175970,29.522743225097656
1789132746184967,29.522743225097656
1789132746196960,29.522743225097656
1789132746208959,29.522743225097656
1789132746220953,29.522743225097656
1789132746233093,29.522743225097656
1789132746244994,29.522743225097656
1789132746247963,29.522781372070312
1789132746256965,29.52274513244629
1789132746268955,29.52274513244629
1789132746280952,29.52274513244629
1789132746292952,29.52274513244629
1789132746295987,29.52274513244629
1789132746314501,29.52274513244629
1789132746316953,29.52269744873047
1789132746328971,29.522705078125
1789132746345000,29.522781372070312
1789132746354119,29.52273178100586
1789132746356944,29.522783279418945
1789132746365939,29.52274513244629
1789132746377939,29.522743225097656
1789132746390004,29.522743225097656
1789132746401954,29.522743225097656
1789132746414058,29.522743225097656
1789132746423026,29.522743225097656
1789132746431950,29.52274513244629
1789132746437938,29.52274513244629
1789132746450018,29.52274513244629
1789132746461939,29.52274513244629
1789132746474026,29.522724151611328
1789132746480016,29.52274513244629
1789132746486017,29.522724151611328
1789132746497942,29.522743225097656
1789132746510031,29.522743225097656
1789132746521943,29.522743225097656
1789132746534024,29.522743225097656
1789132746536944,29.522743225097656
1789132746545948,29.522743225097656
1789132746564042,29.522743225097656
1789132746570030,29.522743225097656
1789132746581939,29.522743225097656
1789132746594024,29.522743225097656
1789132746596943,29.522743225097656
1789132746605952,29.522743225097656
1789132746618006,29.522743225097656
1789132746632942,29.522743225097656
1789132746644983,29.522743225097656
1789132746654071,29.522743225097656
1789132746665940,29.522743225097656
1789132746677939,29.522743225097656
1789132746680937,29.522743225097656
1789132746690008,29.522743225097656
1789132746701957,29.522743225097656
1789132746714032,29.522743225097656
1789132746722946,29.522743225097656
1789132746731955,29.522743225097656
1789132746737939,29.522743225097656
1789132746750071,29.522743225097656
1789132746761938,29.522743225097656
1789132746774027,29.522743225097656
1789132746776958,29.522743225097656
1789132746785948,29.522743225097656
1789132746798950,29.522743225097656
1789132746810949,29.522743225097656
1789132746820056,29.522743225097656
1789132746834961,29.522743225097656
1789132746844078,29.522743225097656
1789132746846940,29.522743225097656
1789132746858941,29.522743225097656
1789132746867965,29.522743225097656
1789132746880019,29.522743225097656
1789132746891956,29.522743225097656
1789132746904141,29.522743225097656
1789132746906942,29.522743225097656
1789132746915962,29.522743225097656
1789132746927959,29.522743225097656
1789132746940027,29.522743225097656
1789132746951961,29.522764205932617
1789132746964083,29.522706985473633
1789132746975961,29.522743225097656
1789132746978945,29.522743225097656
1789132746987984,29.522743225097656
1789132747000025,29.522743225097656
1789132747011960,29.522743225097656
1789132747024052,29.522743225097656
1789132747026938,29.522743225097656
1789132747041951,29.522743225097656
1789132747050950,29.522743225097656
1789132747062940,29.522743225097656
1789132747071962,29.522756576538086
1789132747084047,29.522764205932617
1789132747086956,29.522705078125
1789132747095968,29.522756576538086
1789132747114503,29.52274513244629
1789132747120056,29.52274513244629
1789132747131963,29.522705078125
1789132747144050,29.522743225097656
1789132747155964,29.522743225097656
1789132747168025,29.522743225097656
1789132747170942,29.522743225097656
1789132747180020,29.522743225097656
1789132747191957,29.522743225097656
1789132747204052,29.522743225097656
1789132747206946,29.522743225097656
1789132747216028,29.522743225097656
1789132747227977,29.522743225097656
1789132747240036,29.522743225097656
1789132747252014,29.522743225097656
1789132747264067,29.522743225097656
1789132747270025,29.522743225097656
1789132747275996,29.522743225097656
1789132747294081,29.522743225097656
1789132747300109,29.522764205932617
1789132747311984,29.522743225097656
1789132747324071,29.522743225097656
1789132747326967,29.522743225097656
1789132747336102,29.522756576538086
1789132747347986,29.52274513244629
1789132747360034,29.52274513244629
1789132747371975,29.52274513244629
1789132747384105,29.52274513244629
1789132747392960,29.52274513244629
1789132747395975,29.522705078125
1789132747407973,29.522743225097656
1789132747420039,29.522706985473633
1789132747434995,29.522783279418945
1789132747444071,29.522729873657227
1789132747446957,29.522783279418945
1789132747456124,29.52273178100586
1789132747470955,29.522743225097656
1789132747480040,29.522743225097656
1789132747491974,29.522743225097656
1789132747504083,29.522743225097656
1789132747506976,29.522743225097656
1789132747515993,29.522743225097656
1789132747527974,29.522743225097656
1789132747540046,29.522743225097656
1789132747551974,29.522743225097656
1789132747564172,29.522764205932617
1789132747566958,29.522701263427734
1789132747575977,29.522756576538086
1789132747587974,29.52274513244629
1789132747600048,29.52274513244629
1789132747611973,29.52274513244629
1789132747624070,29.52274513244629
1789132747626982,29.52274513244629
1789132747635995,29.52274513244629
1789132747647974,29.522705078125
1789132747660063,29.52274513244629
1789132747671975,29.522764205932617
1789132747684065,29.522764205932617
1789132747686957,29.522705078125
1789132747701978,29.52274513244629
1789132747710983,29.52274513244629
1789132747722965,29.52274513244629
1789132747734978,29.522781372070312
1789132747744067,29.522729873657227
1789132747746957,29.522783279418945
1789132747758975,29.522743225097656
1789132747767973,29.522743225097656
1789132747780035,29.522743225097656
1789132747792005,29.522743225097656
1789132747804067,29.522743225097656
1789132747810038,29.522743225097656
1789132747815976,29.522743225097656
1789132747828042,29.522743225097656
1789132747840058,29.522743225097656
1789132747851974,29.522743225097656
1789132747864072,29.522743225097656
1789132747866955,29.522743225097656
1789132747884979,29.522743225097656
1789132747887974,29.522743225097656
1789132747900046,29.522783279418945
1789132747911997,29.522706985473633
1789132747924084,29.522743225097656
1789132747927024,29.522743225097656
1789132747938960,29.522743225097656
1789132747947974,29.522743225097656
1789132747960106,29.522743225097656
1789132747971974,29.522743225097656
1789132747984064,29.522743225097656
1789132747986958,29.522743225097656
1789132747995980,29.522756576538086
1789132748007976,29.52274513244629
1789132748020040,29.52274513244629
1789132748031974,29.52274513244629
1789132748044068,29.52274513244629
1789132748052966,29.52274513244629
1789132748064981,29.52274513244629
1789132748067978,29.522705078125
1789132748080035,29.522706985473633
1789132748092086,29.522724151611328
1789132748104093,29.522743225097656
1789132748106955,29.522743225097656
1789132748115976,29.522743225097656
1789132748127979,29.522743225097656
1789132748140058,29.522743225097656
1789132748151985,29.522743225097656
1789132748164068,29.522743225097656
1789132748175975,29.522743225097656
1789132748188001,29.522743225097656
1789132748191037,29.522743225097656
1789132748200043,29.522743225097656
1789132748214982,29.522743225097656
1789132748224135,29.522743225097656
1789132748226990,29.522743225097656
1789132748241977,29.522743225097656
1789132748247989,29.522743225097656
1789132748260069,29.522743225097656
1789132748272002,29.522743225097656
1789132748284090,29.522743225097656
1789132748286992,29.522743225097656
1789132748298974,29.522743225097656
1789132748307999,29.522743225097656
1789132748320081,29.522743225097656
1789132748332028,29.522743225097656
1789132748344125,29.522743225097656
1789132748350050,29.522743225097656
1789132748361977,29.522743225097656
1789132748367990,29.522743225097656
1789132748380054,29.522743225097656
1789132748391994,29.522743225097656
1789132748404081,29.522743225097656
1789132748406972,29.522743225097656
1789132748415993,29.522743225097656
1789132748428003,29.522743225097656
1789132748442981,29.522705078125
1789132748452009,29.522781372070312
1789132748464083,29.52274513244629
1789132748466973,29.52274513244629
1789132748478985,29.52274513244629
1789132748488058,29.52274513244629
1789132748500057,29.52274513244629
1789132748512008,29.52274513244629
1789132748524128,29.52274513244629
1789132748526982,29.52274513244629
1789132748536005,29.52274513244629
1789132748547991,29.52274513244629
1789132748560053,29.52274513244629
1789132748571989,29.52274513244629
1789132748584084,29.52274513244629
1789132748592981,29.52274513244629
1789132748602024,29.522764205932617
1789132748614076,29.52274513244629
1789132748620129,29.52274513244629
1789132748631991,29.52274513244629
1789132748644085,29.522729873657227
1789132748656009,29.522743225097656
1789132748668008,29.522743225097656
1789132748670977,29.522743225097656
1789132748680051,29.522743225097656
1789132748691992,29.522743225097656
1789132748704096,29.522743225097656
1789132748706972,29.522743225097656
1789132748725003,29.522743225097656
1789132748734327,29.522724151611328
1789132748740057,29.522764205932617
1789132748752065,29.522764205932617
1789132748764084,29.52275848388672
1789132748775993,29.52274513244629
1789132748788008,29.52274513244629
1789132748790976,29.52274513244629
1789132748800079,29.52274513244629
1789132748812012,29.52274513244629
1789132748824083,29.52274513244629
1789132748826973,29.52274513244629
1789132748838975,29.52274513244629
1789132748847990,29.52274513244629
1789132748860077,29.52274513244629
1789132748871995,29.52274513244629
1789132748884179,29.522724151611328
1789132748890045,29.522705078125
1789132748895997,29.522764205932617
1789132748908012,29.52274513244629
1789132748920059,29.522781372070312
1789132748932025,29.522764205932617
1789132748944086,29.522764205932617
1789132748952979,29.522764205932617
1789132748956002,29.52274513244629
1789132748968001,29.52274513244629
1789132748980052,29.522706985473633
1789132748991990,29.522724151611328
1789132749004083,29.522724151611328
1789132749006973,29.522783279418945
1789132749016061,29.522729873657227
1789132749027991,29.522743225097656
1789132749040053,29.522743225097656
1789132749055017,29.522743225097656
1789132749064142,29.522756576538086
1789132749075997,29.52274513244629
1789132749078974,29.52274513244629
1789132749087991,29.52274513244629
1789132749100052,29.52274513244629
1789132749112008,29.52274513244629
1789132749124098,29.52274513244629
1789132749130069,29.52274513244629
1789132749141989,29.52274513244629
1789132749154066,29.522764205932617
1789132749160054,29.522724151611328
1789132749171990,29.522724151611328
1789132749184086,29.522743225097656
1789132749186973,29.522743225097656
1789132749196068,29.522743225097656
1789132749208002,29.522754669189453
1789132749220058,29.522743225097656
1789132749231991,29.522743225097656
1789132749244106,29.522743225097656
1789132749256042,29.522743225097656
1789132749268006,29.522743225097656
1789132749270989,29.522743225097656
1789132749280141,29.522743225097656
1789132749292007,29.522743225097656
1789132749304111,29.522743225097656
1789132749306992,29.522743225097656
1789132749316014,29.522743225097656
1789132749328026,29.522743225097656
1789132749340090,29.522743225097656
1789132749352008,29.522743225097656
1789132749364101,29.522743225097656
1789132749372999,29.522743225097656
1789132749385026,29.522743225097656
1789132749388008,29.522743225097656
1789132749400084,29.522743225097656
1789132749412093,29.522743225097656
1789132749424135,29.522743225097656
1789132749436441,29.522743225097656
1789132749448050,29.522754669189453
1789132749450990,29.522705078125
1789132749460099,29.522756576538086
1789132749472008,29.522764205932617
1789132749484099,29.522764205932617
1789132749486991,29.522705078125
1789132749496010,29.522756576538086
1789132749508015,29.52274513244629
1789132749520084,29.52274513244629
1789132749532008,29.52274513244629
1789132749544197,29.52274513244629
1789132749546993,29.52274513244629
1789132749556011,29.52274513244629
1789132749568007,29.52274513244629
1789132749580073,29.52274513244629
1789132749592026,29.52274513244629
1789132749604099,29.52274513244629
1789132749607006,29.52274513244629
1789132749616021,29.522729873657227
1789132749628008,29.52274513244629
1789132749640071,29.52274513244629
1789132749652009,29.52274513244629
1789132749664098,29.52274513244629
1789132749667010,29.52274513244629
1789132749682003,29.52274513244629
1789132749691009,29.52274513244629
1789132749700100,29.52273178100586
1789132749712029,29.522724151611328
1789132749724120,29.522724151611328
1789132749732994,29.522743225097656
1789132749736012,29.522743225097656
1789132749748016,29.522743225097656
1789132749760068,29.522781372070312
1789132749772007,29.522781372070312
1789132749784100,29.52274513244629
1789132749786992,29.52274513244629
1789132749798993,29.52274513244629
1789132749808077,29.52274513244629
1789132749820071,29.52274513244629
1789132749832014,29.52274513244629
1789132749844218,29.522724151611328
1789132749850057,29.522706985473633
1789132749865028,29.522743225097656
1789132749868008,29.522743225097656
1789132749880069,29.522743225097656
1789132749892008,29.522743225097656
1789132749904120,29.522743225097656
1789132749907059,29.522743225097656
1789132749922023,29.522743225097656
1789132749934096,29.522724151611328
1789132749940151,29.522743225097656
1789132749952009,29.522743225097656
1789132749964104,29.522743225097656
1789132749976018,29.522743225097656
1789132749988037,29.522743225097656
1789132750000084,29.522754669189453
1789132750012008,29.52274513244629
1789132750015014,29.52274513244629
1789132750024099,29.52274513244629
1789132750026991,29.52274513244629
1789132750039062,29.52274513244629
1789132750050989,29.52274513244629
1789132750060079,29.52274513244629
1789132750072078,29.52274513244629
1789132750084103,29.522724151611328
1789132750087020,29.522743225097656
1789132750096010,29.522743225097656
1789132750108010,29.522743225097656
1789132750120094,29.522743225097656
1789132750132007,29.522743225097656
1789132750144127,29.522743225097656
1789132750146989,29.522743225097656
1789132750165025,29.522743225097656
1789132750168017,29.522743225097656
1789132750180069,29.522781372070312
1789132750192012,29.522743225097656
1789132750204168,29.522724151611328
1789132750207015,29.522783279418945
1789132750216010,29.522729873657227
1789132750228008,29.522743225097656
1789132750240168,29.522743225097656
1789132750252044,29.522743225097656
1789132750264119,29.522743225097656
1789132750267008,29.522743225097656
1789132750279008,29.522743225097656
1789132750288026,29.522743225097656
1789132750300099,29.522743225097656
1789132750312025,29.522743225097656
1789132750324124,29.522743225097656
1789132750330078,29.522743225097656
1789132750336109,29.522743225097656
1789132750348026,29.522743225097656
1789132750360101,29.522743225097656
1789132750375053,29.522705078125
1789132750384169,29.522743225097656
1789132750396028,29.522743225097656
1789132750399010,29.522743225097656
1789132750414106,29.522743225097656
1789132750420090,29.522743225097656
1789132750432030,29.522743225097656
1789132750444122,29.522743225097656
1789132750450106,29.522743225097656
1789132750456062,29.522743225097656
1789132750471013,29.522743225097656
1789132750483034,29.522743225097656
1789132750495033,29.522705078125
1789132750504118,29.522756576538086
1789132750507012,29.522705078125
1789132750516055,29.522756576538086
1789132750528025,29.52274513244629
1789132750540102,29.52274513244629
1789132750552025,29.52274513244629
1789132750564123,29.52274513244629
1789132750573016,29.52274513244629
1789132750582015,29.52274513244629
1789132750588026,29.522724151611328
1789132750600162,29.522706985473633
1789132750612036,29.522724151611328
1789132750624122,29.522724151611328
1789132750627008,29.522783279418945
1789132750636052,29.522729873657227
1789132750654117,29.522743225097656
1789132750660101,29.522743225097656
1789132750672027,29.522743225097656
1789132750684149,29.522743225097656
1789132750687009,29.522743225097656
1789132750699076,29.522743225097656
1789132750714487,29.522743225097656
1789132750720090,29.522743225097656
1789132750732101,29.522743225097656
1789132750744122,29.522743225097656
1789132750747007,29.522743225097656
1789132750756045,29.522743225097656
1789132750768048,29.522743225097656
1789132750780087,29.522743225097656
1789132750792073,29.522743225097656
1789132750804130,29.522743225097656
1789132750813020,29.522743225097656
1789132750825032,29.522743225097656
1789132750828026,29.522743225097656
1789132750840084,29.522743225097656
1789132750855062,29.522743225097656
1789132750864185,29.522743225097656
1789132750870083,29.522743225097656
1789132750876090,29.522743225097656
1789132750888025,29.522743225097656
1789132750900147,29.522743225097656
1789132750912026,29.522743225097656
1789132750924139,29.522743225097656
1789132750927007,29.522743225097656
1789132750936031,29.522743225097656
1789132750948026,29.522743225097656
1789132750960087,29.522743225097656
1789132750972025,29.522743225097656
1789132750984118,29.522743225097656
1789132750987034,29.522743225097656
1789132750996095,29.522743225097656
1789132751008028,29.522743225097656
1789132751020091,29.522743225097656
1789132751032047,29.522743225097656
1789132751044121,29.522743225097656
1789132751047016,29.522743225097656
1789132751056055,29.522743225097656
1789132751068036,29.522743225097656
1789132751080088,29.522743225097656
1789132751092025,29.522743225097656
1789132751104133,29.522743225097656
1789132751107020,29.522743225097656
1789132751116030,29.522743225097656
1789132751134109,29.522743225097656
1789132751143021,29.522705078125
1789132751155033,29.522705078125
1789132751164141,29.522743225097656
1789132751167008,29.522743225097656
1789132751176028,29.522743225097656
1789132751188027,29.522743225097656
1789132751200094,29.522743225097656
1789132751212027,29.522743225097656
1789132751224151,29.522743225097656
1789132751236035,29.522743225097656
1789132751248057,29.522743225097656
1789132751251024,29.522743225097656
1789132751260178,29.522743225097656
1789132751272056,29.522743225097656
1789132751284132,29.522743225097656
1789132751287035,29.522743225097656
1789132751296217,29.522743225097656
1789132751308042,29.522743225097656
1789132751320108,29.522743225097656
1789132751332044,29.522743225097656
1789132751344135,29.522743225097656
1789132751347023,29.522743225097656
1789132751365054,29.522743225097656
1789132751374486,29.522743225097656
1789132751380105,29.522743225097656
1789132751392116,29.522743225097656
1789132751404144,29.522743225097656
1789132751407023,29.522743225097656
1789132751416044,29.522743225097656
1789132751428064,29.522743225097656
1789132751440103,29.522743225097656
1789132751452053,29.522764205932617
1789132751464137,29.522743225097656
1789132751476043,29.522743225097656
1789132751482049,29.522743225097656
1789132751488043,29.522743225097656
1789132751500104,29.522743225097656
1789132751512049,29.522743225097656
1789132751524233,29.522743225097656
1789132751530101,29.522743225097656
1789132751539035,29.522705078125
1789132751548061,29.522756576538086
1789132751560104,29.522781372070312
1789132751572042,29.522764205932617
1789132751584157,29.52274513244629
1789132751596053,29.52274513244629
1789132751599031,29.52274513244629
1789132751608043,29.52274513244629
1789132751620106,29.52274513244629
1789132751632042,29.52274513244629
1789132751644169,29.52274513244629
1789132751647046,29.52274513244629
1789132751662027,29.52274513244629
1789132751671035,29.52274513244629
1789132751683026,29.52274513244629
1789132751692046,29.522729873657227
1789132751704148,29.522724151611328
1789132751707022,29.522783279418945
1789132751716044,29.522729873657227
1789132751728042,29.522743225097656
1789132751740112,29.522743225097656
1789132751752043,29.522743225097656
1789132751764138,29.522743225097656
1789132751770112,29.522743225097656
1789132751782031,29.522743225097656
1789132751788116,29.522743225097656
1789132751800111,29.522743225097656
1789132751812076,29.522743225097656
1789132751824140,29.522743225097656
1789132751827022,29.522743225097656
1789132751836046,29.522743225097656
1789132751848054,29.522743225097656
1789132751860113,29.522781372070312
1789132751872041,29.522764205932617
1789132751884134,29.522764205932617
1789132751890099,29.522781372070312
1789132751896063,29.52274513244629
1789132751908042,29.52274513244629
1789132751920176,29.52274513244629
1789132751932042,29.52274513244629
1789132751944155,29.522729873657227
1789132751947033,29.522783279418945
1789132751956065,29.522729873657227
1789132751968042,29.522743225097656
1789132751980103,29.522743225097656
1789132751992043,29.522743225097656
1789132752004159,29.522743225097656
1789132752013035,29.522743225097656
1789132752025049,29.522743225097656
1789132752028042,29.522743225097656
1789132752040103,29.522743225097656
1789132752052109,29.522743225097656
1789132752064137,29.522743225097656
1789132752076062,29.522743225097656
1789132752088047,29.522743225097656
1789132752097034,29.522743225097656
1789132752100110,29.522743225097656
1789132752112048,29.522743225097656
1789132752124138,29.522743225097656
1789132752127025,29.522743225097656
1789132752139026,29.522743225097656
1789132752148041,29.522743225097656
1789132752160123,29.522743225097656
1789132752172042,29.522743225097656
1789132752184227,29.522743225097656
1789132752190089,29.522743225097656
1789132752196045,29.522743225097656
1789132752208060,29.522743225097656
1789132752220112,29.522743225097656
1789132752232040,29.522743225097656
1789132752244137,29.522743225097656
1789132752247050,29.522743225097656
1789132752262056,29.522743225097656
1789132752268058,29.522743225097656
1789132752280122,29.522743225097656
1789132752292067,29.522743225097656
1789132752304169,29.522743225097656
1789132752307060,29.522743225097656
1789132752316135,29.522743225097656
1789132752331053,29.522743225097656
1789132752343047,29.522743225097656
1789132752352062,29.522743225097656
1789132752364155,29.522743225097656
1789132752367044,29.522743225097656
1789132752376062,29.522743225097656
1789132752388060,29.522743225097656
1789132752400139,29.522743225097656
1789132752412060,29.522743225097656
1789132752424161,29.522743225097656
1789132752436064,29.522743225097656
1789132752448129,29.522743225097656
1789132752451046,29.522743225097656
1789132752463041,29.522743225097656
1789132752472078,29.522743225097656
1789132752484192,29.522743225097656
1789132752493045,29.522743225097656
1789132752505092,29.522743225097656
1789132752508076,29.522743225097656
1789132752520124,29.522743225097656
1789132752532060,29.522743225097656
1789132752544155,29.522743225097656
1789132752553051,29.522743225097656
1789132752562057,29.522743225097656
1789132752574140,29.522743225097656
1789132752580208,29.522743225097656
1789132752592060,29.522743225097656
1789132752604149,29.522743225097656
1789132752607053,29.522743225097656
1789132752616083,29.522743225097656
1789132752628060,29.522743225097656
1789132752640131,29.522743225097656
1789132752652062,29.522743225097656
1789132752664160,29.522743225097656
1789132752676066,29.522743225097656
1789132752688059,29.522743225097656
1789132752691042,29.522743225097656
1789132752700121,29.522743225097656
1789132752712130,29.522743225097656
1789132752724190,29.522743225097656
1789132752727044,29.522743225097656
1789132752736064,29.522743225097656
1789132752748081,29.522743225097656
1789132752760121,29.522743225097656
1789132752772059,29.522743225097656
1789132752784150,29.522743225097656
1789132752787043,29.522743225097656
1789132752805106,29.522743225097656
1789132752814259,29.522743225097656
1789132752820122,29.522743225097656
1789132752832076,29.522743225097656
1789132752844223,29.522743225097656
1789132752847064,29.522743225097656
1789132752865065,29.522743225097656
1789132752868077,29.522743225097656
1789132752883066,29.522743225097656
1789132752892084,29.522743225097656
1789132752904151,29.522743225097656
1789132752907042,29.522743225097656
1789132752919043,29.522743225097656
1789132752928060,29.522743225097656
1789132752940126,29.522743225097656
1789132752952059,29.522743225097656
1789132752964152,29.522743225097656
1789132752970126,29.522743225097656
1789132752982045,29.522743225097656
1789132752988070,29.522743225097656
1789132753000133,29.522743225097656
1789132753012082,29.522743225097656
1789132753024156,29.522743225097656
1789132753027040,29.522743225097656
1789132753036088,29.522743225097656
1789132753048070,29.522743225097656
1789132753060129,29.522781372070312
1789132753072059,29.522764205932617
1789132753084152,29.522764205932617
1789132753087042,29.52274513244629
1789132753096062,29.52274513244629
1789132753108151,29.52274513244629
1789132753120127,29.52274513244629
1789132753132058,29.52274513244629
1789132753144274,29.52274513244629
1789132753147051,29.52274513244629
1789132753165067,29.52274513244629
1789132753168060,29.52274513244629
1789132753180122,29.52274513244629
1789132753192059,29.52274513244629
1789132753204152,29.52274513244629
1789132753213050,29.52274513244629
1789132753222050,29.52274513244629
1789132753228061,29.52274513244629
1789132753240189,29.52274513244629
1789132753252076,29.52274513244629
1789132753264175,29.52274513244629
1789132753267058,29.52274513244629
1789132753276137,29.52274513244629
1789132753288133,29.52274513244629
1789132753300142,29.522706985473633
1789132753312076,29.522743225097656
1789132753324173,29.522743225097656
1789132753327059,29.522743225097656
1789132753336081,29.522743225097656
1789132753348098,29.522743225097656
1789132753360136,29.522743225097656
1789132753372146,29.522743225097656
1789132753384218,29.522743225097656
1789132753387070,29.522743225097656
1789132753396082,29.522743225097656
1789132753408112,29.522743225097656
1789132753420145,29.522743225097656
1789132753432077,29.522743225097656
1789132753444180,29.522743225097656
1789132753453144,29.522743225097656
1789132753465099,29.522743225097656
1789132753468077,29.522743225097656
1789132753480139,29.522743225097656
1789132753492076,29.522743225097656
1789132753504406,29.522743225097656
1789132753507088,29.522743225097656
1789132753516079,29.522743225097656
1789132753531069,29.522743225097656
1789132753543061,29.522743225097656
1789132753552076,29.522743225097656
1789132753564169,29.522743225097656
1789132753567059,29.522743225097656
1789132753576079,29.522743225097656
1789132753588081,29.522743225097656
1789132753600147,29.522743225097656
1789132753612077,29.522743225097656
1789132753624191,29.522743225097656
1789132753630137,29.522743225097656
1789132753636169,29.522743225097656
1789132753648077,29.522743225097656
1789132753660144,29.522743225097656
1789132753672079,29.522743225097656
1789132753684175,29.522743225097656
1789132753687069,29.522743225097656
1789132753699060,29.522743225097656
1789132753714160,29.522743225097656
1789132753720141,29.522743225097656
1789132753732078,29.522743225097656
1789132753744177,29.522743225097656
1789132753747058,29.522743225097656
1789132753756099,29.522743225097656
1789132753774164,29.522743225097656
1789132753783061,29.522743225097656
1789132753792078,29.522743225097656
1789132753804170,29.522743225097656
1789132753807066,29.522743225097656
1789132753816079,29.522743225097656
1789132753834222,29.522743225097656
1789132753840138,29.522743225097656
1789132753852076,29.522743225097656
1789132753864170,29.522743225097656
1789132753870128,29.522743225097656
1789132753876079,29.522743225097656
1789132753888096,29.522743225097656
1789132753900208,29.522743225097656
1789132753912076,29.522743225097656
1789132753924189,29.522743225097656
1789132753927071,29.522743225097656
1789132753936332,29.522743225097656
1789132753948088,29.522743225097656
1789132753960139,29.522743225097656
1789132753972076,29.522743225097656
1789132753984168,29.522743225097656
1789132753987077,29.522743225097656
1789132754005099,29.522743225097656
1789132754011071,29.522743225097656
1789132754020160,29.522743225097656
1789132754032149,29.522743225097656
1789132754044176,29.522743225097656
1789132754056447,29.522743225097656
1789132754068172,29.522743225097656
1789132754071064,29.522743225097656
1789132754080137,29.522743225097656
1789132754092076,29.522743225097656
1789132754104194,29.522743225097656
1789132754107059,29.522743225097656
1789132754116078,29.522743225097656
1789132754128077,29.522743225097656
1789132754140145,29.522743225097656
1789132754152096,29.522743225097656
1789132754164242,29.522743225097656
1789132754167062,29.522743225097656
1789132754176079,29.522743225097656
1789132754188077,29.522743225097656
1789132754200164,29.522743225097656
1789132754212077,29.522743225097656
1789132754224222,29.522743225097656
1789132754236091,29.522743225097656
1789132754239060,29.522743225097656
1789132754248076,29.522743225097656
1789132754260165,29.522743225097656
1789132754272095,29.522743225097656
1789132754284226,29.522743225097656
1789132754287080,29.522743225097656
1789132754302085,29.522743225097656
1789132754311091,29.522743225097656
1789132754323078,29.522743225097656
1789132754332097,29.522743225097656
1789132754344188,29.522743225097656
1789132754353078,29.522743225097656
1789132754356099,29.522743225097656
1789132754368095,29.522743225097656
1789132754380165,29.522743225097656
1789132754392095,29.522743225097656
1789132754404194,29.522743225097656
1789132754407102,29.522743225097656
1789132754419097,29.522743225097656
1789132754428163,29.522743225097656
1789132754440155,29.522743225097656
1789132754452094,29.522743225097656
1789132754464228,29.522743225097656
1789132754473075,29.522743225097656
1789132754476099,29.522743225097656
1789132754488113,29.522743225097656
1789132754500167,29.522743225097656
1789132754512095,29.522743225097656
1789132754524190,29.522743225097656
1789132754527162,29.522743225097656
1789132754542092,29.522743225097656
1789132754554175,29.522743225097656
1789132754560228,29.522743225097656
1789132754572095,29.522743225097656
1789132754584205,29.522743225097656
1789132754587086,29.522743225097656
1789132754596102,29.522743225097656
1789132754608109,29.522743225097656
1789132754620173,29.522743225097656
1789132754632096,29.522743225097656
1789132754644189,29.522743225097656
1789132754647077,29.522743225097656
1789132754659153,29.522743225097656
1789132754674169,29.522743225097656
1789132754680158,29.522743225097656
1789132754692188,29.522743225097656
1789132754704212,29.522743225097656
1789132754707079,29.522743225097656
1789132754716106,29.522743225097656
1789132754728098,29.522743225097656
1789132754740163,29.522743225097656
1789132754752094,29.522743225097656
1789132754764186,29.522743225097656
1789132754773411,29.522743225097656
1789132754785111,29.522743225097656
1789132754788096,29.522743225097656
1789132754800180,29.522743225097656
1789132754815100,29.522743225097656
1789132754824284,29.522743225097656
1789132754827080,29.522743225097656
1789132754836100,29.522743225097656
1789132754848100,29.522743225097656
1789132754863074,29.522743225097656
1789132754875101,29.522743225097656
1789132754884195,29.522743225097656
1789132754887079,29.522743225097656
1789132754896096,29.522743225097656
1789132754908094,29.522743225097656
1789132754920161,29.522743225097656
1789132754932116,29.522743225097656
1789132754944198,29.522743225097656
1789132754950153,29.522743225097656
1789132754962080,29.522743225097656
1789132754968097,29.522743225097656
1789132754980172,29.522743225097656
1789132754992097,29.522743225097656
1789132755004186,29.522743225097656
1789132755007085,29.522743225097656
1789132755025150,29.522743225097656
1789132755028095,29.522743225097656
1789132755040155,29.522743225097656
1789132755052095,29.522743225097656
1789132755064204,29.522743225097656
1789132755070158,29.522743225097656
1789132755082082,29.522743225097656
1789132755088167,29.522764205932617
1789132755100164,29.522781372070312
1789132755112093,29.522764205932617
1789132755124193,29.522764205932617
1789132755127076,29.522705078125
1789132755136096,29.522756576538086
1789132755148106,29.52274513244629
1789132755160160,29.52274513244629
1789132755172094,29.52274513244629
1789132755184189,29.52274513244629
1789132755187174,29.52274513244629
1789132755196113,29.52274513244629
1789132755208094,29.52274513244629
1789132755220231,29.52274513244629
1789132755232110,29.52274513244629
1789132755244187,29.522729873657227
1789132755247076,29.522783279418945
1789132755256147,29.522729873657227
1789132755268110,29.522743225097656
1789132755280174,29.522743225097656
1789132755292111,29.522743225097656
1789132755304205,29.522743225097656
1789132755313092,29.522743225097656
1789132755316115,29.522743225097656
1789132755328130,29.522743225097656
1789132755340182,29.522743225097656
1789132755352192,29.522743225097656
1789132755358097,29.522743225097656
1789132755364790,29.522743225097656
1789132755376145,29.522743225097656
1789132755391092,29.522743225097656
1789132755400182,29.522743225097656
1789132755412111,29.522743225097656
1789132755424208,29.522743225097656
1789132755427111,29.522743225097656
1789132755436142,29.522743225097656
1789132755448236,29.522743225097656
1789132755460284,29.522743225097656
1789132755472228,29.522764205932617
1789132755484376,29.522764205932617
1789132755487189,29.522701263427734
1789132755496210,29.522756576538086
1789132755508204,29.52274513244629
1789132755520273,29.52274513244629
1789132755532215,29.52274513244629
1789132755544327,29.52274513244629
1789132755556206,29.52274513244629
1789132755565379,29.52274513244629
1789132755568198,29.52274513244629
1789132755580258,29.52274513244629
1789132755592197,29.52274513244629
1789132755604335,29.52274513244629
1789132755607236,29.52274513244629
1789132755616270,29.52274513244629
1789132755628197,29.52274513244629
1789132755640263,29.52274513244629
1789132755655268,29.522781372070312
1789132755664314,29.522729873657227
1789132755667181,29.522743225097656
1789132755679180,29.522743225097656
1789132755688213,29.522743225097656
1789132755700259,29.522743225097656
1789132755712236,29.522743225097656
1789132755724318,29.522743225097656
1789132755727198,29.522743225097656
1789132755736248,29.522743225097656
1789132755754305,29.522743225097656
1789132755763182,29.522743225097656
1789132755772198,29.522743225097656
1789132755784327,29.522743225097656
1789132755787185,29.522743225097656
1789132755796197,29.522743225097656
1789132755808239,29.522754669189453
1789132755820264,29.522781372070312
1789132755832197,29.52274513244629
1789132755844311,29.52274513244629
1789132755847299,29.52274513244629
1789132755856243,29.52274513244629
1789132755868217,29.52274513244629
1789132755880384,29.52274513244629
1789132755892225,29.52274513244629
1789132755904322,29.522733688354492
1789132755907220,29.522783279418945
1789132755919179,29.522743225097656
1789132755928197,29.522743225097656
1789132755940295,29.522743225097656
1789132755952198,29.522743225097656
1789132755964309,29.522743225097656
1789132755967198,29.522743225097656
1789132755985214,29.522743225097656
1789132755994570,29.522743225097656
1789132756000283,29.522764205932617
1789132756012305,29.522743225097656
1789132756024314,29.522743225097656
1789132756027180,29.522743225097656
1789132756036234,29.522743225097656
1789132756048230,29.522743225097656
1789132756060265,29.522743225097656
1789132756072240,29.522743225097656
1789132756084331,29.522743225097656
1789132756096224,29.522743225097656
1789132756108197,29.522743225097656
1789132756111251,29.522743225097656
1789132756120262,29.522743225097656
1789132756132218,29.522743225097656
1789132756144386,29.522743225097656
1789132756150260,29.522743225097656
1789132756159185,29.522705078125
1789132756168199,29.522743225097656
1789132756180262,29.522743225097656
1789132756192198,29.522743225097656
1789132756204307,29.522743225097656
1789132756216203,29.522743225097656
1789132756228206,29.522743225097656
1789132756237162,29.522743225097656
1789132756240179,29.522743225097656
1789132756252113,29.522743225097656
1789132756264222,29.522743225097656
1789132756267113,29.522743225097656
1789132756282117,29.522743225097656
1789132756288131,29.522743225097656
1789132756300192,29.522743225097656
1789132756315145,29.522743225097656
1789132756324232,29.522743225097656
1789132756327113,29.522743225097656
1789132756336134,29.522743225097656
1789132756348131,29.522743225097656
1789132756360194,29.522743225097656
1789132756372129,29.522743225097656
1789132756384240,29.522743225097656
1789132756390192,29.522743225097656
1789132756402121,29.522743225097656
1789132756408230,29.522764205932617
1789132756420197,29.522781372070312
1789132756432130,29.522764205932617
1789132756444229,29.522764205932617
1789132756447113,29.522705078125
1789132756456181,29.522756576538086
1789132756468141,29.522705078125
1789132756480201,29.522743225097656
1789132756492139,29.522743225097656
1789132756504221,29.522743225097656
1789132756510197,29.522743225097656
1789132756516136,29.522743225097656
1789132756528152,29.522743225097656
1789132756543161,29.522743225097656
1789132756552130,29.522743225097656
1789132756564222,29.522756576538086
1789132756567115,29.522705078125
1789132756576149,29.522756576538086
1789132756588131,29.52274513244629
1789132756600200,29.52274513244629
1789132756612147,29.52274513244629
1789132756624230,29.522706985473633
1789132756633124,29.522743225097656
1789132756645136,29.522729873657227
1789132756648130,29.522743225097656
1789132756660236,29.522743225097656
1789132756672199,29.522743225097656
1789132756684226,29.522743225097656
1789132756696132,29.522743225097656
1789132756708231,29.522743225097656
1789132756711115,29.522743225097656
1789132756720202,29.522756576538086
1789132756732156,29.52274513244629
1789132756744225,29.52274513244629
1789132756747113,29.52274513244629
1789132756756131,29.52274513244629
1789132756768131,29.52274513244629
1789132756780194,29.52274513244629
1789132756792149,29.52274513244629
1789132756804461,29.522724151611328
1789132756810189,29.522705078125
1789132756816137,29.522743225097656
1789132756828130,29.522743225097656
1789132756840197,29.522743225097656
1789132756852130,29.522743225097656
1789132756864223,29.522743225097656
1789132756867122,29.522743225097656
1789132756876155,29.522756576538086
1789132756888130,29.522781372070312
1789132756900192,29.522781372070312
1789132756912148,29.522764205932617
1789132756924243,29.522764205932617
1789132756927113,29.522705078125
1789132756936203,29.522756576538086
1789132756951208,29.52274513244629
1789132756963115,29.522783279418945
1789132756972134,29.52274513244629
1789132756984228,29.52274513244629
1789132756987123,29.52274513244629
1789132756996132,29.52274513244629
1789132757008139,29.52274513244629
1789132757020199,29.522722244262695
1789132757032132,29.522705078125
1789132757044225,29.522743225097656
1789132757047114,29.522743225097656
1789132757056165,29.522743225097656
1789132757068198,29.522743225097656
1789132757080190,29.522743225097656
1789132757092150,29.522743225097656
1789132757104344,29.522743225097656
1789132757107122,29.522743225097656
1789132757125138,29.522743225097656
1789132757128133,29.522743225097656
1789132757140198,29.522743225097656
1789132757152130,29.522743225097656
1789132757164222,29.522743225097656
1789132757173121,29.522743225097656
1789132757182119,29.522743225097656
1789132757188149,29.522743225097656
1789132757200268,29.522743225097656
1789132757212147,29.522743225097656
1789132757224223,29.522743225097656
1789132757227114,29.522743225097656
1789132757236137,29.522743225097656
1789132757248141,29.522743225097656
1789132757260196,29.522743225097656
1789132757272147,29.522743225097656
1789132757284245,29.522743225097656
1789132757287174,29.522743225097656
1789132757296149,29.522743225097656
1789132757308167,29.522743225097656
1789132757320240,29.522743225097656
1789132757332221,29.522743225097656
1789132757344246,29.522764205932617
1789132757347132,29.52274513244629
1789132757356166,29.522729873657227
1789132757368151,29.522743225097656
1789132757380209,29.522706985473633
1789132757392147,29.522724151611328
1789132757404253,29.522724151611328
1789132757413245,29.522743225097656
1789132757425153,29.522743225097656
1789132757434226,29.522743225097656
1789132757440209,29.522743225097656
1789132757452166,29.522743225097656
1789132757464372,29.522743225097656
1789132757467148,29.522743225097656
1789132757479156,29.522743225097656
1789132757488157,29.522743225097656
1789132757500212,29.522743225097656
1789132757512164,29.522743225097656
1789132757524267,29.522743225097656
1789132757536153,29.522743225097656
1789132757539130,29.522743225097656
1789132757554226,29.522743225097656
1789132757560207,29.522743225097656
1789132757572147,29.522743225097656
1789132757584261,29.522743225097656
1789132757587130,29.522743225097656
1789132757596218,29.522743225097656
1789132757608147,29.522743225097656
1789132757623149,29.522743225097656
1789132757632168,29.522743225097656
1789132757644240,29.522743225097656
1789132757647130,29.522743225097656
1789132757656225,29.522743225097656
1789132757668146,29.522743225097656
1789132757680211,29.522743225097656
1789132757692147,29.522743225097656
1789132757704253,29.522743225097656
1789132757710212,29.522743225097656
1789132757716149,29.522743225097656
1789132757728215,29.522743225097656
1789132757740217,29.522743225097656
1789132757752147,29.522743225097656
1789132757764344,29.522764205932617
1789132757767138,29.522701263427734
1789132757776482,29.522756576538086
1789132757788170,29.522733688354492
1789132757800222,29.522706985473633
1789132757812164,29.522724151611328
1789132757824244,29.522724151611328
1789132757827201,29.522781372070312
1789132757836172,29.522729873657227
1789132757854253,29.522743225097656
1789132757860318,29.522764205932617
1789132757872148,29.522743225097656
1789132757884239,29.522743225097656
1789132757890203,29.522743225097656
1789132757896153,29.522743225097656
1789132757908148,29.522743225097656
1789132757920231,29.522743225097656
1789132757932158,29.522743225097656
1789132757944244,29.522743225097656
1789132757956150,29.522743225097656
1789132757968148,29.522743225097656
1789132757971129,29.522743225097656
1789132757980207,29.522743225097656
1789132757992215,29.522743225097656
1789132758004263,29.522743225097656
1789132758007149,29.522743225097656
1789132758019151,29.522705078125
1789132758028152,29.522743225097656
1789132758040210,29.522743225097656
1789132758052166,29.522743225097656
1789132758064239,29.522743225097656
1789132758076163,29.522743225097656
1789132758088197,29.522743225097656
1789132758091211,29.522743225097656
1789132758100209,29.522743225097656
1789132758115158,29.522743225097656
1789132758124310,29.522743225097656
1789132758127134,29.522743225097656
1789132758136155,29.522743225097656
1789132758148147,29.522743225097656
1789132758160212,29.522743225097656
1789132758172221,29.522764205932617
1789132758184264,29.522733688354492
1789132758196149,29.522743225097656
1789132758208148,29.522743225097656
1789132758211130,29.522743225097656
1789132758220220,29.522743225097656
1789132758232163,29.522743225097656
1789132758244250,29.522743225097656
1789132758250227,29.522743225097656
1789132758262135,29.522743225097656
1789132758268148,29.522764205932617
1789132758280225,29.522781372070312
1789132758292169,29.522764205932617
1789132758304297,29.52274513244629
1789132758307148,29.52274513244629
1789132758319158,29.52274513244629
1789132758328175,29.522729873657227
1789132758340233,29.522706985473633
1789132758352166,29.522724151611328
1789132758364258,29.522724151611328
1789132758367147,29.522743225097656
1789132758376181,29.522743225097656
1789132758388234,29.522743225097656
1789132758403157,29.522743225097656
1789132758415191,29.522743225097656
1789132758424263,29.522743225097656
1789132758427147,29.522743225097656
1789132758436169,29.522743225097656
1789132758448183,29.522743225097656
1789132758460237,29.522743225097656
1789132758472166,29.522743225097656
1789132758484274,29.522743225097656
1789132758493148,29.522743225097656
1789132758496167,29.522743225097656
1789132758508172,29.522743225097656
1789132758520304,29.522743225097656
1789132758532177,29.522743225097656
1789132758544261,29.522743225097656
1789132758547150,29.522743225097656
1789132758556171,29.522743225097656
1789132758568170,29.522743225097656
1789132758580225,29.522743225097656
1789132758592204,29.522743225097656
1789132758604259,29.522743225097656
1789132758607162,29.522743225097656
1789132758625200,29.522743225097656
1789132758634246,29.522743225097656
1789132758640233,29.522764205932617
1789132758652234,29.522764205932617
1789132758664281,29.522764205932617
1789132758676241,29.52274513244629
1789132758688183,29.52274513244629
1789132758694289,29.52274513244629
1789132758700267,29.522724151611328
1789132758712201,29.522743225097656
1789132758724310,29.522743225097656
1789132758727162,29.522743225097656
1789132758736183,29.522743225097656
1789132758748179,29.522743225097656
1789132758760260,29.522743225097656
1789132758772193,29.522743225097656
1789132758784366,29.522743225097656
1789132758790250,29.522743225097656
1789132758796181,29.522743225097656
1789132758808180,29.522743225097656
1789132758820244,29.522743225097656
1789132758832178,29.522743225097656
1789132758844291,29.522743225097656
1789132758847170,29.522743225097656
1789132758856239,29.522743225097656
1789132758868187,29.522743225097656
1789132758880242,29.522781372070312
1789132758895201,29.522705078125
1789132758904273,29.522756576538086
1789132758907161,29.522705078125
1789132758916249,29.522756576538086
1789132758931171,29.52274513244629
1789132758943172,29.52274513244629
1789132758955201,29.522781372070312
1789132758964270,29.522729873657227
1789132758973163,29.522724151611328
1789132758976197,29.522743225097656
1789132758988205,29.522743225097656
1789132759000249,29.522743225097656
1789132759012180,29.522743225097656
1789132759024276,29.522743225097656
1789132759036187,29.522743225097656
1789132759048250,29.522743225097656
1789132759051166,29.522743225097656
1789132759060248,29.522743225097656
1789132759072181,29.522743225097656
1789132759084386,29.522743225097656
1789132759087191,29.522743225097656
1789132759096192,29.522743225097656
1789132759108180,29.522743225097656
1789132759120261,29.522743225097656
1789132759132199,29.522743225097656
1789132759144275,29.522743225097656
1789132759147231,29.522743225097656
1789132759162168,29.522743225097656
1789132759174270,29.522743225097656
1789132759180314,29.522743225097656
1789132759192179,29.522743225097656
1789132759204271,29.522743225097656
1789132759207161,29.522743225097656
1789132759216184,29.522743225097656
1789132759228178,29.522743225097656
1789132759240252,29.522743225097656
1789132759252207,29.522743225097656
1789132759264279,29.522743225097656
1789132759276198,29.522743225097656
1789132759282169,29.522743225097656
1789132759288197,29.522743225097656
1789132759300300,29.522743225097656
1789132759312264,29.522743225097656
1789132759324302,29.522743225097656
1789132759327190,29.522743225097656
1789132759339182,29.522743225097656
1789132759348201,29.522743225097656
1789132759360258,29.522743225097656
1789132759372196,29.522743225097656
1789132759384376,29.522743225097656
1789132759387214,29.522743225097656
1789132759396198,29.522743225097656
1789132759408206,29.522743225097656
1789132759420261,29.522743225097656
1789132759432210,29.522743225097656
1789132759444387,29.522743225097656
1789132759447184,29.522743225097656
1789132759456214,29.522743225097656
1789132759468198,29.522743225097656
1789132759480261,29.522743225097656
1789132759492196,29.522743225097656
1789132759504313,29.522743225097656
1789132759507195,29.522743225097656
1789132759516228,29.522743225097656
1789132759528197,29.522743225097656
1789132759540265,29.522743225097656
1789132759552196,29.522743225097656
1789132759564290,29.522743225097656
1789132759567179,29.522743225097656
1789132759582184,29.522743225097656
1789132759588205,29.522743225097656
1789132759600266,29.522743225097656
1789132759612221,29.522743225097656
1789132759624291,29.522743225097656
1789132759627179,29.522743225097656
1789132759636202,29.522743225097656
1789132759648198,29.522743225097656
1789132759660263,29.522743225097656
1789132759672198,29.522743225097656
1789132759684291,29.522743225097656
1789132759696217,29.522743225097656
1789132759708270,29.522743225097656
1789132759711225,29.522743225097656
1789132759720263,29.522743225097656
1789132759732223,29.522743225097656
1789132759744448,29.522743225097656
1789132759747189,29.522743225097656
1789132759765208,29.522743225097656
1789132759768201,29.522743225097656
1789132759780256,29.522743225097656
1789132759792198,29.522743225097656
1789132759804289,29.522743225097656
1789132759807265,29.522743225097656
1789132759816220,29.522743225097656
1789132759834308,29.522743225097656
1789132759840332,29.522743225097656
1789132759852197,29.522743225097656
1789132759864291,29.522743225097656
1789132759867180,29.522743225097656
1789132759876234,29.522743225097656
1789132759894286,29.522743225097656
1789132759900271,29.522743225097656
1789132759912216,29.522743225097656
1789132759924294,29.522743225097656
1789132759936204,29.522743225097656
1789132759939241,29.522743225097656
1789132759951180,29.522743225097656
1789132759960258,29.522743225097656
1789132759972280,29.522743225097656
1789132759984292,29.522743225097656
1789132759987194,29.522743225097656
1789132759996235,29.522743225097656
1789132760008219,29.522743225097656
1789132760020262,29.522743225097656
1789132760032213,29.522743225097656
1789132760044292,29.522743225097656
1789132760047196,29.522743225097656
1789132760065213,29.522743225097656
1789132760068207,29.522743225097656
1789132760083181,29.522743225097656
1789132760092197,29.522743225097656
1789132760104376,29.522743225097656
1789132760116206,29.522743225097656
1789132760128200,29.522743225097656
1789132760131180,29.522743225097656
1789132760140294,29.522743225097656
1789132760152212,29.522743225097656
1789132760164322,29.522743225097656
1789132760176219,29.522743225097656
1789132760179179,29.522743225097656
1789132760188196,29.522743225097656
1789132760200263,29.522743225097656
1789132760212197,29.522743225097656
1789132760224297,29.522743225097656
1789132760230262,29.522743225097656
1789132760242184,29.522743225097656
1789132760248195,29.522743225097656
1789132760260265,29.522743225097656
1789132760272220,29.522743225097656
1789132760284296,29.522743225097656
1789132760296219,29.522743225097656
1789132760308228,29.522743225097656
1789132760311230,29.522743225097656
1789132760320288,29.522781372070312
1789132760332215,29.52274513244629
1789132760344323,29.52274513244629
1789132760347198,29.52274513244629
1789132760356217,29.52274513244629
1789132760368283,29.52274513244629
1789132760380280,29.52274513244629
1789132760392214,29.52274513244629
1789132760404426,29.52274513244629
1789132760407197,29.52274513244629
1789132760416216,29.52274513244629
1789132760428215,29.52274513244629
1789132760440275,29.52274513244629
1789132760452214,29.52274513244629
1789132760464307,29.52274513244629
1789132760473206,29.52274513244629
1789132760482204,29.52274513244629
1789132760488232,29.522724151611328
1789132760503219,29.522783279418945
1789132760512236,29.522729873657227
1789132760524317,29.522743225097656
1789132760527198,29.522743225097656
1789132760536456,29.522743225097656
1789132760548227,29.522743225097656
1789132760560300,29.522743225097656
1789132760572216,29.522743225097656
1789132760584305,29.522743225097656
1789132760590267,29.522743225097656
1789132760605240,29.522743225097656
1789132760614402,29.522743225097656
1789132760620280,29.522743225097656
1789132760632283,29.522743225097656
1789132760644313,29.522743225097656
1789132760647207,29.522743225097656
1789132760659218,29.522743225097656
1789132760668219,29.522743225097656
1789132760680275,29.522743225097656
1789132760692241,29.522743225097656
1789132760704332,29.522743225097656
1789132760713451,29.522743225097656
1789132760725250,29.522743225097656
1789132760728217,29.522743225097656
1789132760740304,29.522781372070312
1789132760752216,29.522764205932617
1789132760764393,29.522764205932617
1789132760767201,29.522701263427734
1789132760776231,29.522756576538086
1789132760791238,29.52274513244629
1789132760803206,29.52274513244629
1789132760812220,29.52274513244629
1789132760824328,29.52274513244629
1789132760836222,29.52274513244629
1789132760839198,29.52274513244629
1789132760848215,29.52274513244629
1789132760860289,29.52274513244629
1789132760872216,29.52274513244629
1789132760884326,29.52274513244629
1789132760890294,29.52274513244629
1789132760905252,29.522756576538086
1789132760908222,29.522705078125
1789132760920285,29.522706985473633
1789132760932219,29.522724151611328
1789132760944310,29.522706985473633
1789132760956264,29.522743225097656
1789132760968228,29.522743225097656
1789132760971207,29.522743225097656
1789132760980278,29.522743225097656
1789132760992216,29.522743225097656
1789132761004306,29.522743225097656
1789132761007197,29.522743225097656
1789132761016218,29.522743225097656
1789132761028283,29.522743225097656
1789132761043209,29.522743225097656
1789132761052215,29.522743225097656
1789132761064348,29.522743225097656
1789132761067197,29.522743225097656
1789132761076247,29.522743225097656
1789132761088233,29.522743225097656
1789132761100275,29.522743225097656
1789132761112215,29.522743225097656
1789132761124312,29.522743225097656
1789132761130348,29.522743225097656
1789132761142213,29.522743225097656
1789132761154322,29.522743225097656
1789132761160350,29.522743225097656
1789132761172214,29.522743225097656
1789132761184308,29.522743225097656
1789132761187217,29.522743225097656
1789132761196410,29.522743225097656
1789132761208227,29.522743225097656
1789132761220297,29.522743225097656
1789132761232215,29.522743225097656
1789132761244333,29.522743225097656
1789132761256254,29.522743225097656
1789132761268226,29.522743225097656
1789132761271197,29.522743225097656
1789132761280276,29.522743225097656
1789132761292304,29.522743225097656
1789132761304352,29.522743225097656
1789132761307217,29.522743225097656
1789132761316240,29.522743225097656
1789132761328240,29.522743225097656
1789132761340306,29.522743225097656
1789132761352252,29.522743225097656
1789132761364329,29.522743225097656
1789132761376253,29.522743225097656
1789132761388237,29.522743225097656
1789132761391284,29.522743225097656
1789132761400334,29.522743225097656
1789132761415240,29.522743225097656
1789132761424480,29.522756576538086
1789132761427220,29.522701263427734
1789132761436239,29.522756576538086
1789132761451236,29.52274513244629
1789132761460306,29.52274513244629
1789132761472234,29.52274513244629
1789132761484345,29.52274513244629
1789132761487217,29.52274513244629
1789132761496236,29.52274513244629
1789132761508254,29.52274513244629
1789132761520300,29.52274513244629
1789132761532234,29.522724151611328
1789132761544358,29.522724151611328
1789132761547217,29.522783279418945
1789132761556304,29.522729873657227
1789132761568234,29.522743225097656
1789132761580295,29.522743225097656
1789132761592237,29.522743225097656
1789132761604355,29.522743225097656
1789132761616248,29.522743225097656
1789132761628239,29.522754669189453
1789132761631218,29.522705078125
1789132761640295,29.522756576538086
1789132761652247,29.522764205932617
1789132761664326,29.522764205932617
1789132761667218,29.522705078125
1789132761682238,29.52274513244629
1789132761694312,29.52274513244629
1789132761700295,29.52274513244629
1789132761712234,29.52274513244629
1789132761724342,29.52274513244629
1789132761727217,29.52274513244629
1789132761745271,29.52274513244629
1789132761748233,29.52274513244629
1789132761760299,29.52274513244629
1789132761772235,29.522705078125
1789132761784328,29.522743225097656
1789132761796242,29.522743225097656
1789132761808238,29.522743225097656
1789132761811237,29.522743225097656
1789132761820368,29.522743225097656
1789132761832234,29.522743225097656
1789132761844330,29.522743225097656
1789132761847226,29.522743225097656
1789132761856348,29.522743225097656
1789132761868251,29.522743225097656
1789132761880296,29.522743225097656
1789132761892233,29.522743225097656
1789132761904352,29.522743225097656
1789132761910306,29.522743225097656
1789132761925252,29.522743225097656
1789132761934691,29.522743225097656
1789132761940318,29.522764205932617
1789132761952309,29.522764205932617
1789132761964364,29.522756576538086
1789132761976277,29.52274513244629
1789132761988240,29.52274513244629
1789132761991225,29.52274513244629
1789132762000320,29.52274513244629
1789132762012246,29.522724151611328
1789132762024332,29.522743225097656
1789132762036246,29.522743225097656
1789132762048238,29.522743225097656
1789132762051290,29.522743225097656
1789132762060309,29.522743225097656
1789132762072234,29.522743225097656
1789132762084417,29.522743225097656
1789132762090291,29.522743225097656
1789132762099238,29.522743225097656
1789132762111234,29.522743225097656
1789132762120304,29.522743225097656
1789132762132252,29.522743225097656
1789132762144336,29.522743225097656
1789132762147222,29.522743225097656
1789132762156280,29.522743225097656
1789132762168232,29.522743225097656
1789132762180309,29.522743225097656
1789132762192234,29.522743225097656
1789132762204326,29.522743225097656
1789132762207224,29.522743225097656
1789132762216303,29.522743225097656
1789132762228232,29.522743225097656
1789132762240298,29.522743225097656
1789132762255260,29.522743225097656
1789132762264350,29.522756576538086
1789132762276255,29.52274513244629
1789132762288257,29.52274513244629
1789132762291233,29.52274513244629
1789132762300296,29.52274513244629
1789132762312264,29.52274513244629
1789132762324348,29.52274513244629
1789132762327239,29.52274513244629
1789132762342241,29.52274513244629
1789132762348326,29.522724151611328
1789132762360318,29.522706985473633
1789132762372254,29.522743225097656
1789132762384367,29.522743225097656
1789132762387237,29.522743225097656
1789132762396271,29.522743225097656
1789132762408268,29.522743225097656
1789132762420319,29.522781372070312
1789132762432250,29.52274513244629
1789132762444350,29.52274513244629
1789132762447305,29.52274513244629
1789132762456307,29.52274513244629
1789132762468252,29.52274513244629
1789132762486254,29.52274513244629
1789132762492252,29.52274513244629
1789132762504370,29.52274513244629
1789132762513379,29.52274513244629
1789132762516257,29.52274513244629
1789132762528270,29.52274513244629
1789132762540351,29.52274513244629
1789132762552263,29.522724151611328
1789132762564349,29.522743225097656
1789132762573237,29.522743225097656
1789132762576272,29.522743225097656
1789132762588252,29.522743225097656
1789132762600318,29.522743225097656
1789132762615283,29.522743225097656
1789132762624349,29.522743225097656
1789132762627244,29.522743225097656
1789132762636284,29.522743225097656
1789132762651235,29.522743225097656
1789132762660323,29.522743225097656
1789132762672252,29.522743225097656
1789132762684355,29.522743225097656
1789132762687236,29.522743225097656
1789132762696254,29.522743225097656
1789132762714454,29.522743225097656
1789132762720322,29.522743225097656
1789132762732252,29.522743225097656
1789132762744461,29.522743225097656
1789132762747256,29.522743225097656
1789132762756256,29.522743225097656
1789132762768251,29.522743225097656
1789132762780335,29.522743225097656
1789132762792266,29.522743225097656
1789132762804367,29.522743225097656
1789132762816259,29.522743225097656
1789132762819234,29.522743225097656
1789132762828252,29.522743225097656
1789132762840313,29.522743225097656
1789132762852252,29.522743225097656
1789132762864345,29.522743225097656
1789132762867235,29.522743225097656
1789132762876421,29.522743225097656
1789132762891244,29.522743225097656
1789132762903236,29.522743225097656
1789132762915258,29.522743225097656
1789132762924365,29.522743225097656
1789132762927235,29.522743225097656
1789132762936257,29.522743225097656
1789132762954338,29.522743225097656
1789132762960314,29.522743225097656
1789132762972254,29.522743225097656
1789132762984345,29.522743225097656
1789132762996258,29.522743225097656
1789132763008324,29.522743225097656
1789132763011281,29.522743225097656
1789132763020317,29.522743225097656
1789132763032253,29.522743225097656
1789132763044517,29.522743225097656
1789132763047244,29.522743225097656
1789132763065259,29.522743225097656
1789132763068250,29.522743225097656
1789132763080315,29.522743225097656
1789132763092252,29.522743225097656
1789132763104360,29.522743225097656
1789132763107305,29.522743225097656
1789132763119238,29.522743225097656
1789132763134342,29.522743225097656
1789132763140396,29.522743225097656
1789132763152252,29.522743225097656
1789132763164345,29.522743225097656
1789132763167234,29.522743225097656
1789132763176293,29.522743225097656
1789132763188252,29.522743225097656
1789132763200320,29.522743225097656
1789132763212263,29.522743225097656
1789132763224350,29.522743225097656
1789132763233236,29.522743225097656
1789132763236256,29.522743225097656
1789132763248252,29.522743225097656
1789132763260321,29.522743225097656
1789132763272320,29.522743225097656
1789132763284374,29.522743225097656
1789132763287271,29.522743225097656
1789132763299236,29.522743225097656
1789132763308315,29.522743225097656
1789132763320333,29.522743225097656
1789132763332269,29.522743225097656
1789132763344366,29.522743225097656
1789132763347303,29.522743225097656
1789132763356271,29.522743225097656
1789132763368278,29.522743225097656
1789132763380331,29.522743225097656
1789132763392271,29.522743225097656
1789132763404457,29.522743225097656
1789132763407274,29.522743225097656
1789132763416272,29.522743225097656
1789132763428270,29.522743225097656
1789132763440353,29.522743225097656
1789132763452393,29.522743225097656
1789132763464368,29.522743225097656
1789132763476291,29.522743225097656
1789132763488273,29.522743225097656
1789132763491271,29.522743225097656
1789132763500357,29.522743225097656
1789132763512319,29.522743225097656
1789132763524366,29.522743225097656
1789132763530331,29.522743225097656
1789132763542257,29.522743225097656
1789132763548269,29.522743225097656
1789132763560332,29.522743225097656
1789132763572273,29.522743225097656
1789132763584362,29.522743225097656
1789132763593261,29.522743225097656
1789132763596270,29.522743225097656
1789132763614351,29.522743225097656
1789132763620336,29.522743225097656
1789132763632270,29.522743225097656
1789132763644364,29.522743225097656
1789132763647253,29.522743225097656
1789132763656334,29.522743225097656
1789132763668354,29.522743225097656
1789132763680343,29.522743225097656
1789132763692268,29.522743225097656
1789132763704404,29.522743225097656
1789132763707252,29.522743225097656
1789132763716282,29.522743225097656
1789132763728269,29.522743225097656
1789132763740334,29.522743225097656
1789132763752269,29.522743225097656
1789132763764378,29.522743225097656
1789132763773260,29.522743225097656
1789132763782259,29.522743225097656
1789132763788269,29.522743225097656
1789132763800422,29.522743225097656
1789132763812270,29.522743225097656
1789132763824387,29.522743225097656
1789132763827251,29.522743225097656
1789132763836278,29.522743225097656
1789132763848281,29.522743225097656
1789132763860350,29.522743225097656
1789132763872272,29.522754669189453
1789132763884383,29.52274513244629
1789132763887254,29.52274513244629
1789132763902258,29.52274513244629
1789132763908288,29.52274513244629
1789132763920345,29.52274513244629
1789132763932373,29.52274513244629
1789132763944367,29.52274513244629
1789132763947254,29.52274513244629
1789132763956275,29.522729873657227
1789132763968277,29.522743225097656
1789132763980330,29.522706985473633
1789132763992269,29.522743225097656
1789132764004376,29.522743225097656
1789132764013442,29.522743225097656
1789132764025279,29.522743225097656
1789132764028270,29.522743225097656
1789132764040330,29.522743225097656
1789132764052285,29.522743225097656
1789132764064466,29.522743225097656
1789132764067255,29.522743225097656
1789132764076285,29.522743225097656
1789132764091265,29.522743225097656
1789132764103260,29.522743225097656
1789132764112274,29.522743225097656
1789132764124397,29.522743225097656
1789132764133254,29.522743225097656
1789132764136275,29.522743225097656
1789132764148269,29.522743225097656
1789132764160336,29.522743225097656
1789132764172269,29.522743225097656
1789132764184362,29.522743225097656
1789132764190324,29.522743225097656
1789132764196359,29.522743225097656
1789132764208270,29.522743225097656
1789132764220334,29.522743225097656
1789132764232273,29.522743225097656
1789132764244362,29.522743225097656
1789132764247259,29.522743225097656
1789132764256296,29.522743225097656
1789132764268280,29.522743225097656
1789132764280348,29.522743225097656
1789132764292270,29.522743225097656
1789132764304377,29.522743225097656
1789132764307269,29.522743225097656
1789132764322286,29.522743225097656
1789132764334380,29.522743225097656
1789132764343298,29.522743225097656
1789132764355303,29.522743225097656
1789132764364381,29.522743225097656
1789132764367269,29.522743225097656
1789132764376301,29.522743225097656
1789132764388287,29.522743225097656
1789132764400360,29.522743225097656
1789132764412289,29.522743225097656
1789132764424386,29.522781372070312
1789132764433270,29.52274513244629
1789132764436292,29.52274513244629
1789132764448287,29.52274513244629
1789132764460433,29.52274513244629
1789132764472287,29.52274513244629
1789132764484381,29.52274513244629
1789132764487302,29.52274513244629
1789132764496614,29.52273178100586
1789132764508306,29.522743225097656
1789132764523270,29.522783279418945
1789132764532287,29.522729873657227
1789132764544419,29.522724151611328
1789132764547286,29.522783279418945
1789132764556290,29.522729873657227
1789132764568322,29.522743225097656
1789132764580350,29.522743225097656
1789132764592363,29.522743225097656
1789132764604383,29.522743225097656
1789132764607282,29.522743225097656
1789132764616289,29.522743225097656
1789132764628293,29.522743225097656
1789132764640349,29.522743225097656
1789132764652299,29.522743225097656
1789132764664391,29.522743225097656
1789132764673272,29.522743225097656
1789132764676303,29.522743225097656
1789132764688288,29.522743225097656
1789132764700365,29.522743225097656
1789132764715296,29.522743225097656
1789132764724469,29.522743225097656
1789132764736319,29.522743225097656
1789132764739282,29.522743225097656
1789132764751272,29.522743225097656
1789132764760353,29.522743225097656
1789132764772287,29.522743225097656
1789132764784378,29.522743225097656
1789132764787287,29.522743225097656
1789132764796289,29.522743225097656
1789132764808286,29.522743225097656
1789132764820381,29.522743225097656
1789132764832304,29.522743225097656
1789132764844392,29.522743225097656
1789132764856395,29.522743225097656
1789132764859267,29.522743225097656
1789132764871269,29.522743225097656
1789132764880358,29.522743225097656
1789132764892303,29.522743225097656
1789132764904396,29.522743225097656
1789132764916300,29.522743225097656
1789132764925298,29.522743225097656
1789132764928301,29.522743225097656
1789132764940356,29.522743225097656
1789132764952286,29.522743225097656
1789132764964436,29.522743225097656
1789132764970348,29.522743225097656
1789132764982286,29.522743225097656
1789132764994363,29.522743225097656
1789132765000356,29.522743225097656
1789132765012287,29.522743225097656
1789132765024486,29.522743225097656
1789132765027282,29.522743225097656
1789132765036295,29.522743225097656
1789132765048287,29.522743225097656
1789132765060358,29.522743225097656
1789132765072287,29.522743225097656
1789132765084385,29.522743225097656
1789132765093279,29.522743225097656
1789132765102278,29.522743225097656
1789132765108296,29.522743225097656
1789132765120420,29.522743225097656
1789132765132290,29.522743225097656
1789132765144386,29.522743225097656
1789132765156296,29.522743225097656
1789132765168302,29.522743225097656
1789132765180358,29.522743225097656
1789132765192290,29.522743225097656
1789132765195321,29.522743225097656
1789132765204378,29.522743225097656
1789132765207270,29.522743225097656
1789132765216290,29.522743225097656
1789132765228325,29.522743225097656
1789132765240351,29.522743225097656
1789132765252359,29.522743225097656
1789132765264384,29.522743225097656
1789132765267272,29.522743225097656
1789132765276317,29.522743225097656
1789132765288291,29.522743225097656
1789132765300348,29.522743225097656
1789132765312300,29.522743225097656
1789132765324429,29.522743225097656
1789132765333642,29.522743225097656
1789132765345324,29.522743225097656
1789132765348307,29.522743225097656
1789132765360385,29.522743225097656
1789132765372306,29.522743225097656
1789132765384513,29.522743225097656
1789132765387295,29.522743225097656
1789132765396308,29.522743225097656
1789132765408306,29.522743225097656
1789132765420375,29.522743225097656
1789132765432306,29.522743225097656
1789132765444401,29.522743225097656
1789132765456338,29.522743225097656
1789132765465317,29.522743225097656
1789132765468307,29.522743225097656
1789132765480401,29.522743225097656
1789132765492328,29.522743225097656
1789132765504433,29.522743225097656
1789132765507303,29.522743225097656
1789132765516426,29.522743225097656
1789132765531292,29.522743225097656
1789132765540374,29.522743225097656
1789132765552309,29.522743225097656
1789132765564396,29.522743225097656
1789132765567288,29.522743225097656
1789132765576321,29.522743225097656
1789132765588307,29.522743225097656
1789132765600383,29.522743225097656
1789132765612324,29.522743225097656
1789132765624401,29.522743225097656
1789132765636315,29.522743225097656
1789132765648426,29.522743225097656
1789132765651291,29.522743225097656
1789132765660377,29.522743225097656
1789132765672305,29.522743225097656
1789132765684404,29.522743225097656
1789132765687299,29.522743225097656
1789132765696343,29.522743225097656
1789132765708310,29.522743225097656
1789132765720371,29.522743225097656
1789132765732317,29.522743225097656
1789132765744420,29.522743225097656
1789132765750363,29.522743225097656
1789132765756329,29.522743225097656
1789132765774394,29.522743225097656
1789132765780442,29.522743225097656
1789132765792306,29.522764205932617
1789132765804404,29.522756576538086
1789132765807288,29.522705078125
1789132765816311,29.522756576538086
1789132765828305,29.52274513244629
1789132765840368,29.52274513244629
1789132765852318,29.52274513244629
1789132765864401,29.522706985473633
1789132765876361,29.522743225097656
1789132765888319,29.522743225097656
1789132765891290,29.522743225097656
1789132765900367,29.522743225097656
1789132765912375,29.522743225097656
1789132765924421,29.522743225097656
1789132765927296,29.522743225097656
1789132765936451,29.522743225097656
1789132765948310,29.522754669189453
1789132765960366,29.522781372070312
1789132765972307,29.522764205932617
1789132765984398,29.522764205932617
1789132765987308,29.522705078125
1789132765996308,29.522756576538086
1789132766008332,29.52274513244629
1789132766020373,29.52274513244629
1789132766032306,29.52274513244629
1789132766044497,29.522724151611328
1789132766047292,29.522783279418945
1789132766056339,29.522729873657227
1789132766068305,29.522743225097656
1789132766080379,29.522743225097656
1789132766092305,29.522743225097656
1789132766104432,29.522743225097656
1789132766116321,29.522743225097656
1789132766119296,29.522743225097656
1789132766131289,29.522743225097656
1789132766140393,29.522743225097656
1789132766152306,29.522743225097656
1789132766164399,29.522743225097656
1789132766167289,29.522743225097656
1789132766182303,29.522743225097656
1789132766191300,29.522743225097656
1789132766200376,29.522743225097656
1789132766212308,29.522743225097656
1789132766224409,29.522743225097656
1789132766227313,29.522743225097656
1789132766236310,29.522743225097656
1789132766248315,29.522743225097656
1789132766260392,29.522743225097656
1789132766272339,29.522781372070312
1789132766284422,29.52274513244629
1789132766287293,29.52274513244629
1789132766296308,29.52274513244629
1789132766308374,29.52274513244629
1789132766326323,29.52274513244629
1789132766335345,29.52274513244629
1789132766344465,29.52273178100586
1789132766347310,29.522783279418945
1789132766365337,29.522743225097656
1789132766368327,29.522743225097656
1789132766380389,29.522743225097656
1789132766392341,29.522743225097656
1789132766404437,29.522743225097656
1789132766413319,29.522743225097656
1789132766422318,29.522743225097656
1789132766428328,29.522764205932617
1789132766440460,29.52277946472168
1789132766452327,29.522764205932617
1789132766464436,29.52274513244629
1789132766467310,29.52274513244629
1789132766476346,29.52274513244629
1789132766488348,29.52274513244629
1789132766500403,29.52274513244629
1789132766512328,29.52274513244629
1789132766524422,29.52274513244629
1789132766533310,29.52274513244629
1789132766536332,29.52274513244629
1789132766548329,29.52274513244629
1789132766560391,29.52274513244629
1789132766572398,29.52274513244629
1789132766584424,29.52274513244629
1789132766587322,29.52274513244629
1789132766596330,29.522729873657227
1789132766608345,29.522743225097656
1789132766620395,29.522706985473633
1789132766632327,29.522724151611328
1789132766644446,29.522724151611328
1789132766647312,29.522783279418945
1789132766662316,29.522743225097656
1789132766674459,29.522743225097656
1789132766680396,29.522743225097656
1789132766692328,29.522764205932617
1789132766704558,29.522764205932617
1789132766707314,29.52274513244629
1789132766716331,29.52274513244629
1789132766734403,29.52274513244629
1789132766740400,29.52274513244629
1789132766752328,29.52274513244629
1789132766764419,29.52274513244629
1789132766767312,29.52274513244629
1789132766776343,29.52274513244629
1789132766788355,29.52274513244629
1789132766800398,29.522706985473633
1789132766812329,29.522705078125
1789132766824442,29.522743225097656
1789132766827309,29.522743225097656
1789132766836402,29.522743225097656
1789132766848328,29.522743225097656
1789132766860399,29.522743225097656
1789132766872332,29.522743225097656
1789132766884450,29.522743225097656
1789132766896340,29.522743225097656
1789132766899305,29.522743225097656
1789132766911313,29.522743225097656
1789132766920416,29.522743225097656
1789132766935406,29.522743225097656
1789132766944445,29.522743225097656
1789132766947311,29.522743225097656
1789132766962325,29.522743225097656
1789132766974432,29.522743225097656
1789132766980391,29.522764205932617
1789132766992327,29.52274513244629
1789132767004424,29.52274513244629
1789132767007311,29.52274513244629
1789132767016330,29.52274513244629
1789132767028329,29.52274513244629
1789132767040400,29.52274513244629
1789132767052347,29.52274513244629
1789132767064526,29.52274513244629
1789132767067381,29.52274513244629
1789132767076343,29.52274513244629
1789132767088328,29.52274513244629
1789132767100467,29.52274513244629
1789132767112328,29.52274513244629
1789132767124447,29.52274513244629
1789132767127321,29.52274513244629
1789132767139329,29.522783279418945
1789132767148328,29.522729873657227
1789132767160390,29.522706985473633
1789132767172328,29.522724151611328
1789132767184439,29.522743225097656
1789132767187320,29.522743225097656
1789132767196333,29.522743225097656
1789132767214896,29.522743225097656
1789132767220392,29.522743225097656
1789132767232401,29.522743225097656
1789132767244424,29.522743225097656
1789132767247310,29.522743225097656
1789132767256362,29.522743225097656
1789132767268330,29.522743225097656
1789132767280403,29.522743225097656
1789132767292339,29.522743225097656
1789132767304434,29.522754669189453
1789132767316353,29.52274513244629
1789132767328332,29.52274513244629
1789132767331398,29.52274513244629
1789132767340415,29.52274513244629
1789132767352345,29.52274513244629
1789132767364531,29.52274513244629
1789132767367332,29.52274513244629
1789132767376682,29.52274513244629
1789132767388348,29.522733688354492
1789132767400419,29.522705078125
1789132767412345,29.522724151611328
1789132767424442,29.522724151611328
1789132767427328,29.522783279418945
1789132767436350,29.522729873657227
1789132767448392,29.522743225097656
1789132767460418,29.522743225097656
1789132767472344,29.522743225097656
1789132767484459,29.522743225097656
1789132767487330,29.522743225097656
1789132767496418,29.522743225097656
1789132767508356,29.522743225097656
1789132767520412,29.522743225097656
1789132767535369,29.522743225097656
1789132767544470,29.522743225097656
1789132767556354,29.522743225097656
1789132767559321,29.522743225097656
1789132767571342,29.522743225097656
1789132767580414,29.522743225097656
1789132767592363,29.522743225097656
1789132767604441,29.522743225097656
1789132767610430,29.522743225097656
1789132767622344,29.522743225097656
1789132767634443,29.522743225097656
1789132767640407,29.522743225097656
1789132767652346,29.522743225097656
1789132767664443,29.522743225097656
1789132767673419,29.522743225097656
1789132767676365,29.522743225097656
1789132767688345,29.522743225097656
1789132767700486,29.522743225097656
1789132767712347,29.522743225097656
1789132767724441,29.522743225097656
1789132767733348,29.522743225097656
1789132767739336,29.522743225097656
1789132767748346,29.522743225097656
1789132767760476,29.522743225097656
1789132767772348,29.522743225097656
1789132767784438,29.522743225097656
1789132767787343,29.522743225097656
1789132767796353,29.522743225097656
1789132767808346,29.522743225097656
1789132767820411,29.522743225097656
1789132767832364,29.522743225097656
1789132767844466,29.522743225097656
1789132767847330,29.522743225097656
1789132767865416,29.522743225097656
1789132767874709,29.522743225097656
1789132767880426,29.522743225097656
1789132767892421,29.522743225097656
1789132767904477,29.522743225097656
1789132767916384,29.522743225097656
1789132767928353,29.522743225097656
1789132767931355,29.522743225097656
1789132767940422,29.522743225097656
1789132767952358,29.522743225097656
1789132767964462,29.522743225097656
1789132767976366,29.522743225097656
1789132767979321,29.522743225097656
1789132767991398,29.522743225097656
1789132768000413,29.522743225097656
1789132768015363,29.522743225097656
1789132768024540,29.522743225097656
1789132768030459,29.522743225097656
1789132768039331,29.522743225097656
1789132768048345,29.522743225097656
1789132768060418,29.522743225097656
1789132768072345,29.522743225097656
1789132768084455,29.522743225097656
1789132768087329,29.522743225097656
1789132768096701,29.522743225097656
1789132768108347,29.522743225097656
1789132768120415,29.522743225097656
1789132768132346,29.522743225097656
1789132768144441,29.522743225097656
1789132768156422,29.522743225097656
1789132768159327,29.522743225097656
1789132768168349,29.522743225097656
1789132768180421,29.522743225097656
1789132768195408,29.522743225097656
1789132768204446,29.522743225097656
1789132768213333,29.522743225097656
1789132768216348,29.522743225097656
1789132768228363,29.522743225097656
1789132768240408,29.522743225097656
1789132768252346,29.522743225097656
1789132768264440,29.522743225097656
1789132768270408,29.522743225097656
1789132768282337,29.522724151611328
1789132768288419,29.522764205932617
1789132768300409,29.522781372070312
1789132768312344,29.522764205932617
1789132768324445,29.522764205932617
1789132768336379,29.52274513244629
1789132768348376,29.522733688354492
1789132768360476,29.522743225097656
1789132768363350,29.522743225097656
1789132768372369,29.522743225097656
1789132768384485,29.522743225097656
1789132768387423,29.522743225097656
1789132768396391,29.522743225097656
1789132768408371,29.522743225097656
1789132768420505,29.522743225097656
1789132768432369,29.522743225097656
1789132768444463,29.522743225097656
1789132768447353,29.522743225097656
1789132768456424,29.522743225097656
1789132768468367,29.522743225097656
1789132768480452,29.522743225097656
1789132768492385,29.522743225097656
1789132768504477,29.522743225097656
1789132768513361,29.522743225097656
1789132768522408,29.522743225097656
1789132768528368,29.522764205932617
1789132768543368,29.522705078125
1789132768552435,29.522756576538086
1789132768564463,29.522764205932617
1789132768576507,29.52274513244629
1789132768588461,29.52274513244629
1789132768591354,29.52274513244629
1789132768600439,29.52274513244629
1789132768612367,29.52274513244629
1789132768624471,29.52274513244629
1789132768633566,29.52274513244629
1789132768645384,29.52274513244629
1789132768648369,29.52274513244629
1789132768660439,29.52274513244629
1789132768672367,29.52274513244629
1789132768684598,29.52274513244629
1789132768687356,29.52274513244629
1789132768699357,29.52274513244629
1789132768711360,29.52274513244629
1789132768723357,29.52274513244629
1789132768732373,29.52274513244629
1789132768744462,29.52274513244629
1789132768756396,29.52274513244629
1789132768759349,29.52274513244629
1789132768771351,29.52274513244629
1789132768780430,29.52274513244629
1789132768792373,29.522724151611328
1789132768804462,29.522724151611328
1789132768810442,29.522706985473633
1789132768816444,29.522743225097656
1789132768828368,29.522743225097656
1789132768840429,29.522743225097656
1789132768852372,29.522743225097656
1789132768864461,29.522743225097656
1789132768867378,29.522743225097656
1789132768876404,29.522743225097656
1789132768888378,29.522754669189453
1789132768900461,29.522781372070312
1789132768912393,29.52274513244629
1789132768924461,29.52274513244629
1789132768927351,29.52274513244629
1789132768945395,29.52274513244629
1789132768954464,29.52274513244629
1789132768963394,29.52274513244629
1789132768972368,29.522729873657227
1789132768984463,29.522724151611328
1789132768987360,29.522743225097656
1789132768996370,29.522743225097656
1789132769008368,29.522743225097656
1789132769020434,29.522743225097656
1789132769032390,29.522743225097656
1789132769044492,29.522743225097656
1789132769056390,29.522743225097656
1789132769068371,29.522743225097656
1789132769071351,29.522743225097656
1789132769080504,29.522743225097656
1789132769092381,29.522743225097656
1789132769104479,29.522743225097656
1789132769107374,29.522743225097656
1789132769116420,29.522743225097656
1789132769128381,29.522743225097656
1789132769140435,29.522743225097656
1789132769152367,29.522743225097656
1789132769164480,29.522743225097656
1789132769167350,29.522743225097656
1789132769176384,29.522743225097656
1789132769191360,29.522743225097656
1789132769200442,29.522743225097656
1789132769212443,29.522743225097656
1789132769224468,29.522743225097656
1789132769227353,29.522743225097656
1789132769239364,29.522743225097656
1789132769248373,29.522743225097656
1789132769260437,29.522743225097656
1789132769272395,29.522743225097656
1789132769284463,29.522743225097656
1789132769296394,29.522743225097656
1789132769308373,29.522743225097656
1789132769311438,29.522743225097656
1789132769320442,29.522743225097656
1789132769332369,29.522743225097656
1789132769344558,29.522743225097656
1789132769347457,29.522743225097656
1789132769359391,29.522743225097656
1789132769371376,29.522743225097656
1789132769380457,29.522743225097656
1789132769392391,29.522743225097656
1789132769404508,29.522743225097656
1789132769407373,29.522743225097656
1789132769416393,29.522743225097656
1789132769428409,29.522743225097656
1789132769440472,29.522743225097656
1789132769452390,29.522743225097656
1789132769464489,29.522743225097656
1789132769467373,29.522743225097656
1789132769476492,29.522743225097656
1789132769488391,29.522743225097656
1789132769500453,29.522743225097656
1789132769512394,29.522743225097656
1789132769524507,29.522764205932617
1789132769536410,29.52274513244629
1789132769539375,29.52274513244629
1789132769548393,29.52274513244629
1789132769560452,29.52274513244629
1789132769572390,29.52274513244629
1789132769584485,29.52274513244629
1789132769590455,29.52274513244629
1789132769602394,29.522764205932617
1789132769608480,29.522724151611328
1789132769620458,29.522706985473633
1789132769632390,29.522724151611328
1789132769644530,29.522743225097656
1789132769647388,29.522743225097656
1789132769665408,29.522743225097656
1789132769668419,29.522743225097656
1789132769680459,29.522743225097656
1789132769692412,29.522743225097656
1789132769704482,29.522743225097656
1789132769707465,29.522743225097656
1789132769716392,29.522743225097656
1789132769728392,29.522743225097656
1789132769740543,29.522743225097656
1789132769752462,29.522743225097656
1789132769764482,29.522743225097656
1789132769767383,29.522743225097656
1789132769776448,29.522756576538086
1789132769788390,29.52274513244629
1789132769800461,29.52274513244629
1789132769812407,29.52274513244629
1789132769824485,29.52274513244629
1789132769827373,29.52274513244629
1789132769845445,29.52274513244629
1789132769854480,29.52274513244629
1789132769860468,29.522724151611328
1789132769872475,29.522724151611328
1789132769884485,29.522724151611328
1789132769887373,29.522783279418945
1789132769896412,29.522729873657227
1789132769911396,29.522743225097656
1789132769920463,29.522743225097656
1789132769932390,29.522743225097656
1789132769944488,29.522743225097656
1789132769950444,29.522743225097656
1789132769956393,29.522743225097656
1789132769968392,29.522743225097656
1789132769980454,29.522743225097656
1789132769992391,29.522743225097656
1789132770004593,29.522743225097656
1789132770010465,29.522743225097656
1789132770016397,29.522743225097656
1789132770028393,29.522743225097656
1789132770040456,29.522743225097656
1789132770052390,29.522743225097656
1789132770064489,29.522743225097656
1789132770077012,29.522743225097656
1789132770085412,29.522743225097656
1789132770088401,29.522743225097656
1789132770100470,29.522743225097656
1789132770112390,29.522743225097656
1789132770124498,29.522743225097656
1789132770127374,29.522743225097656
1789132770136488,29.522743225097656
1789132770151399,29.522743225097656
1789132770163403,29.522743225097656
1789132770175425,29.522743225097656
1789132770184490,29.522743225097656
1789132770196399,29.522743225097656
1789132770205403,29.522743225097656
1789132770214472,29.522743225097656
1789132770220458,29.522743225097656
1789132770232391,29.522743225097656
1789132770244486,29.522743225097656
1789132770250453,29.522743225097656
1789132770262388,29.522743225097656
1789132770274470,29.522743225097656
1789132770283377,29.522743225097656
1789132770292390,29.522743225097656
1789132770304609,29.522743225097656
1789132770307399,29.522743225097656
1789132770316509,29.522743225097656
1789132770328422,29.522743225097656
1789132770340462,29.522743225097656
1789132770352452,29.522743225097656
1789132770364502,29.522743225097656
1789132770370472,29.522743225097656
1789132770376418,29.522743225097656
1789132770394500,29.522743225097656
1789132770400569,29.522743225097656
1789132770412409,29.522743225097656
1789132770424507,29.522743225097656
1789132770427395,29.522743225097656
1789132770436418,29.522743225097656
1789132770448410,29.522743225097656
1789132770460478,29.522743225097656
1789132770472443,29.522743225097656
1789132770484524,29.522743225097656
1789132770493420,29.522743225097656
1789132770505418,29.522743225097656
1789132770508418,29.522743225097656
1789132770520474,29.522743225097656
1789132770532495,29.522743225097656
1789132770544512,29.522743225097656
1789132770553402,29.522743225097656
1789132770559404,29.522743225097656
1789132770571394,29.522743225097656
1789132770580470,29.522743225097656
1789132770592409,29.522743225097656
1789132770604501,29.522743225097656
1789132770607404,29.522743225097656
1789132770616415,29.522743225097656
1789132770628418,29.522743225097656
1789132770640475,29.522743225097656
1789132770652410,29.522743225097656
1789132770664661,29.522743225097656
1789132770670457,29.522743225097656
1789132770676432,29.522743225097656
1789132770688415,29.522743225097656
1789132770700482,29.522743225097656
1789132770712417,29.522743225097656
1789132770724540,29.522743225097656
1789132770736428,29.522743225097656
1789132770745472,29.522743225097656
1789132770754493,29.522743225097656
1789132770760472,29.522743225097656
1789132770772410,29.522743225097656
1789132770784503,29.522743225097656
1789132770787397,29.522743225097656
1789132770802406,29.522743225097656
1789132770811410,29.522743225097656
1789132770820476,29.522743225097656
1789132770835417,29.522743225097656
1789132770844504,29.522743225097656
1789132770847393,29.522743225097656
1789132770856444,29.522743225097656
1789132770868410,29.522743225097656
1789132770880479,29.522743225097656
1789132770892415,29.522743225097656
1789132770904507,29.522743225097656
1789132770910521,29.522743225097656
1789132770916418,29.522743225097656
1789132770928478,29.522743225097656
1789132770940496,29.522743225097656
1789132770955429,29.522743225097656
1789132770964543,29.522743225097656
1789132770967402,29.522743225097656
1789132770985423,29.522743225097656
1789132770988429,29.522743225097656
1789132771000477,29.522743225097656
1789132771012410,29.522743225097656
1789132771024504,29.522743225097656
1789132771027471,29.522743225097656
1789132771042408,29.522743225097656
1789132771054528,29.522743225097656
1789132771060554,29.522743225097656
1789132771072428,29.522743225097656
1789132771084514,29.522743225097656
1789132771087393,29.522743225097656
1789132771096420,29.522743225097656
1789132771108410,29.522743225097656
1789132771120493,29.522743225097656
1789132771132412,29.522743225097656
1789132771144510,29.522743225097656
1789132771156417,29.522743225097656
1789132771159495,29.522743225097656
1789132771168409,29.522743225097656
1789132771180471,29.522743225097656
1789132771192479,29.522743225097656
1789132771204522,29.522743225097656
1789132771207405,29.522743225097656
1789132771216423,29.522743225097656
1789132771228460,29.522743225097656
1789132771240507,29.522743225097656
1789132771252409,29.522743225097656
1789132771264505,29.522743225097656
1789132771267392,29.522743225097656
1789132771285428,29.522743225097656
1789132771294593,29.522743225097656
1789132771300482,29.522743225097656
1789132771315419,29.522743225097656
1789132771324593,29.522743225097656
1789132771327396,29.522743225097656
1789132771336432,29.522743225097656
1789132771348432,29.522743225097656
1789132771360578,29.522743225097656
1789132771372432,29.522743225097656
1789132771384570,29.522743225097656
1789132771396442,29.522743225097656
1789132771399408,29.522743225097656
1789132771411429,29.522743225097656
1789132771420498,29.522743225097656
1789132771432452,29.522743225097656
1789132771444529,29.522743225097656
1789132771450492,29.522743225097656
1789132771462426,29.522743225097656
1789132771471417,29.522743225097656
1789132771480503,29.522743225097656
1789132771492434,29.522743225097656
1789132771504538,29.522743225097656
1789132771507429,29.522743225097656
1789132771516447,29.522743225097656
1789132771528442,29.522743225097656
1789132771540507,29.522743225097656
1789132771552433,29.522743225097656
1789132771564527,29.522743225097656
1789132771567415,29.522743225097656
1789132771576435,29.522743225097656
1789132771588511,29.522743225097656
1789132771600512,29.522743225097656
1789132771612432,29.522743225097656
1789132771624626,29.522743225097656
1789132771627415,29.522743225097656
1789132771636436,29.522743225097656
1789132771648433,29.522743225097656
1789132771660501,29.522743225097656
1789132771672431,29.522743225097656
1789132771684576,29.522743225097656
1789132771693423,29.522743225097656
1789132771702422,29.522743225097656
1789132771708432,29.522743225097656
1789132771723436,29.522743225097656
1789132771732434,29.522743225097656
1789132771744527,29.522743225097656
1789132771747417,29.522743225097656
1789132771756538,29.522743225097656
1789132771768445,29.522743225097656
1789132771780498,29.522743225097656
1789132771792434,29.522764205932617
1789132771804524,29.52274513244629
1789132771807414,29.52274513244629
1789132771816435,29.52274513244629
1789132771828436,29.52274513244629
1789132771840500,29.52274513244629
1789132771852507,29.52274513244629
1789132771864535,29.52274513244629
1789132771867418,29.52274513244629
1789132771876436,29.52274513244629
1789132771888453,29.52274513244629
1789132771900498,29.52274513244629
1789132771912433,29.52274513244629
1789132771924541,29.52274513244629
1789132771933425,29.52274513244629
1789132771945456,29.522756576538086
1789132771948436,29.522705078125
1789132771960495,29.522706985473633
1789132771972431,29.522724151611328
1789132771984632,29.522724151611328
1789132771987455,29.522783279418945
1789132771996435,29.522729873657227
1789132772008440,29.522743225097656
1789132772023416,29.522743225097656
1789132772032444,29.522743225097656
1789132772044543,29.522743225097656
1789132772056471,29.522743225097656
1789132772059419,29.522743225097656
1789132772068436,29.522743225097656
1789132772080520,29.522743225097656
1789132772092431,29.522743225097656
1789132772104537,29.522743225097656
1789132772110544,29.522743225097656
1789132772122428,29.522743225097656
1789132772131432,29.522743225097656
1789132772140501,29.522756576538086
1789132772155437,29.52274513244629
1789132772164523,29.52274513244629
1789132772176442,29.52274513244629
1789132772188436,29.52274513244629
1789132772191415,29.52274513244629
1789132772200501,29.52274513244629
1789132772212433,29.52274513244629
1789132772224526,29.52274513244629
1789132772230493,29.52274513244629
1789132772242422,29.52274513244629
1789132772254527,29.52274513244629
1789132772263425,29.522783279418945
1789132772272432,29.522729873657227
1789132772284646,29.52273178100586
1789132772287416,29.52278709411621
1789132772296462,29.522729873657227
1789132772308432,29.522743225097656
1789132772320509,29.522743225097656
1789132772332432,29.522743225097656
1789132772344528,29.522743225097656
1789132772353422,29.522743225097656
1789132772362441,29.522743225097656
1789132772368452,29.522743225097656
1789132772380583,29.522743225097656
1789132772392451,29.522743225097656
1789132772404546,29.522743225097656
1789132772407434,29.522743225097656
1789132772416476,29.522743225097656
1789132772428452,29.522743225097656
1789132772440542,29.522743225097656
1789132772452461,29.522743225097656
1789132772464547,29.522743225097656
1789132772473444,29.522743225097656
1789132772485470,29.522743225097656
1789132772494533,29.522743225097656
1789132772500514,29.522743225097656
1789132772512519,29.522743225097656
1789132772524560,29.522743225097656
1789132772536815,29.522743225097656
1789132772548568,29.522743225097656
1789132772551444,29.522743225097656
1789132772560534,29.522743225097656
1789132772572465,29.522743225097656
1789132772584556,29.522743225097656
1789132772593460,29.522743225097656
1789132772596454,29.522743225097656
1789132772608469,29.522743225097656
1789132772620516,29.522743225097656
1789132772632451,29.522743225097656
1789132772644653,29.522743225097656
1789132772647545,29.522743225097656
1789132772656690,29.522743225097656
1789132772671438,29.522743225097656
1789132772680562,29.522743225097656
1789132772692469,29.522743225097656
1789132772704583,29.522743225097656
1789132772716457,29.522743225097656
1789132772728455,29.522743225097656
1789132772731435,29.522743225097656
1789132772740523,29.522743225097656
1789132772752473,29.522743225097656
1789132772764544,29.522743225097656
1789132772776540,29.522743225097656
1789132772782440,29.522743225097656
1789132772788459,29.522743225097656
1789132772803438,29.522743225097656
1789132772812474,29.522756576538086
1789132772824555,29.522764205932617
1789132772833435,29.522764205932617
1789132772836455,29.52274513244629
1789132772848451,29.52274513244629
1789132772860522,29.522705078125
1789132772872453,29.522724151611328
1789132772884546,29.522743225097656
1789132772890517,29.522743225097656
1789132772902451,29.522743225097656
1789132772908526,29.522743225097656
1789132772920520,29.522743225097656
1789132772932452,29.522743225097656
1789132772944691,29.522743225097656
1789132772947445,29.522743225097656
1789132772965469,29.522743225097656
1789132772968465,29.522781372070312
1789132772980514,29.522781372070312
1789132772992452,29.522764205932617
1789132773004544,29.522764205932617
1789132773013434,29.522764205932617
1789132773016457,29.52274513244629
1789132773034542,29.52274513244629
1789132773040588,29.522724151611328
1789132773052453,29.522724151611328
1789132773064574,29.522724151611328
1789132773067434,29.522783279418945
1789132773076492,29.522729873657227
1789132773088465,29.522743225097656
1789132773100518,29.522743225097656
1789132773112454,29.522743225097656
1789132773124544,29.522743225097656
1789132773127435,29.522743225097656
1789132773142461,29.522743225097656
1789132773148452,29.522743225097656
1789132773160531,29.522743225097656
1789132773172524,29.522743225097656
1789132773184547,29.522743225097656
1789132773187465,29.522743225097656
1789132773196462,29.522743225097656
1789132773211444,29.522743225097656
1789132773220533,29.522743225097656
1789132773232458,29.522743225097656
1789132773244566,29.522743225097656
1789132773256492,29.522743225097656
1789132773268456,29.522743225097656
1789132773271502,29.522743225097656
1789132773280546,29.522743225097656
1789132773292460,29.522743225097656
1789132773304639,29.522743225097656
1789132773310529,29.522743225097656
1789132773316454,29.522743225097656
1789132773328453,29.522743225097656
1789132773340543,29.522743225097656
1789132773352467,29.522743225097656
1789132773364586,29.522743225097656
1789132773376491,29.522743225097656
1789132773379462,29.522743225097656
1789132773388472,29.522756576538086
1789132773400541,29.522781372070312
1789132773412474,29.52274513244629
1789132773424569,29.52274513244629
1789132773427455,29.52274513244629
1789132773442459,29.52274513244629
1789132773451461,29.522781372070312
1789132773460534,29.522729873657227
1789132773475490,29.522743225097656
1789132773484593,29.522743225097656
1789132773496480,29.522743225097656
1789132773508490,29.522743225097656
1789132773511457,29.522743225097656
1789132773520538,29.522743225097656
1789132773532472,29.522743225097656
1789132773544568,29.522743225097656
1789132773550526,29.522743225097656
1789132773556478,29.522743225097656
1789132773568551,29.522743225097656
1789132773580538,29.522743225097656
1789132773592472,29.522743225097656
1789132773604624,29.522756576538086
1789132773607463,29.522701263427734
1789132773616476,29.522743225097656
1789132773628473,29.522743225097656
1789132773640533,29.522743225097656
1789132773652471,29.522743225097656
1789132773664647,29.522743225097656
1789132773673464,29.522743225097656
1789132773682495,29.522743225097656
1789132773694567,29.522724151611328
1789132773700616,29.522743225097656
1789132773712473,29.522743225097656
1789132773724568,29.522743225097656
1789132773727455,29.522743225097656
1789132773736497,29.522743225097656
1789132773748484,29.522783279418945
1789132773760538,29.522781372070312
1789132773772470,29.52274513244629
1789132773784565,29.52274513244629
1789132773787455,29.52274513244629
1789132773796474,29.52274513244629
1789132773808492,29.52274513244629
1789132773820537,29.52274513244629
1789132773832542,29.52274513244629
1789132773844571,29.522724151611328
1789132773847464,29.522743225097656
1789132773856494,29.522743225097656
1789132773868493,29.522743225097656
1789132773880540,29.522743225097656
1789132773892497,29.522743225097656
1789132773904582,29.522743225097656
1789132773913627,29.522743225097656
1789132773925489,29.522743225097656
1789132773928473,29.522743225097656
1789132773940540,29.522743225097656
1789132773952472,29.522743225097656
1789132773964655,29.522743225097656
1789132773970530,29.522743225097656
1789132773976478,29.522743225097656
1789132773988480,29.522743225097656
1789132774003462,29.522743225097656
1789132774012484,29.522743225097656
1789132774024575,29.522754669189453
1789132774036484,29.52274513244629
1789132774039451,29.52274513244629
1789132774051454,29.52274513244629
1789132774060536,29.52274513244629
1789132774072479,29.522724151611328
1789132774084567,29.52274513244629
1789132774090526,29.522781372070312
1789132774096548,29.52274513244629
1789132774108473,29.52274513244629
1789132774120567,29.52274513244629
1789132774132497,29.52274513244629
1789132774144584,29.522724151611328
1789132774156491,29.522743225097656
1789132774168492,29.522743225097656
1789132774171463,29.522743225097656
1789132774180534,29.522756576538086
1789132774192472,29.522764205932617
1789132774204591,29.522764205932617
1789132774210557,29.522781372070312
1789132774222462,29.522764205932617
1789132774234559,29.522764205932617
1789132774243471,29.522783279418945
1789132774252474,29.522729873657227
1789132774264602,29.522743225097656
1789132774267455,29.522743225097656
1789132774276478,29.522743225097656
1789132774288492,29.522743225097656
1789132774300544,29.522743225097656
1789132774312478,29.522743225097656
1789132774324579,29.522743225097656
1789132774336481,29.522743225097656
1789132774348476,29.522743225097656
1789132774351455,29.522743225097656
1789132774366478,29.522743225097656
1789132774372499,29.522743225097656
1789132774384616,29.522743225097656
1789132774387486,29.522743225097656
1789132774396609,29.522756576538086
1789132774408502,29.52274513244629
1789132774420569,29.522743225097656
1789132774432492,29.522743225097656
1789132774444603,29.522743225097656
1789132774447473,29.522743225097656
1789132774465506,29.522743225097656
1789132774474589,29.522724151611328
1789132774480562,29.522764205932617
1789132774492566,29.522743225097656
1789132774504587,29.522743225097656
1789132774507483,29.522743225097656
1789132774516498,29.522743225097656
1789132774528494,29.522743225097656
1789132774540573,29.522743225097656
1789132774552496,29.522743225097656
1789132774564616,29.522743225097656
1789132774573484,29.522743225097656
1789132774576500,29.522743225097656
1789132774588492,29.522743225097656
1789132774600560,29.522743225097656
1789132774615526,29.522743225097656
1789132774624696,29.522756576538086
1789132774627478,29.522701263427734
1789132774636496,29.522756576538086
1789132774648490,29.52274513244629
1789132774660558,29.52274513244629
1789132774672494,29.52274513244629
1789132774684592,29.52274513244629
1789132774697083,29.52274513244629
1789132774705527,29.52274513244629
1789132774708500,29.52274513244629
1789132774720587,29.52274513244629
1789132774732491,29.52274513244629
1789132774744585,29.52274513244629
1789132774747474,29.52274513244629
1789132774756628,29.52274513244629
1789132774771493,29.52274513244629
1789132774783483,29.52274513244629
1789132774795500,29.52274513244629
1789132774804583,29.52274513244629
1789132774807473,29.52274513244629
1789132774816494,29.52274513244629
1789132774828491,29.52274513244629
1789132774840555,29.52274513244629
1789132774852491,29.52274513244629
1789132774864583,29.522706985473633
1789132774870544,29.522743225097656
1789132774876498,29.522743225097656
1789132774888600,29.522743225097656
1789132774900554,29.522743225097656
1789132774912493,29.522743225097656
1789132774924590,29.522743225097656
1789132774927473,29.522743225097656
1789132774936497,29.522743225097656
1789132774948506,29.522743225097656
1789132774960556,29.522743225097656
1789132774975517,29.522743225097656
1789132774984583,29.522743225097656
1789132774990547,29.522743225097656
1789132774996494,29.522743225097656
1789132775008492,29.522743225097656
1789132775020643,29.522743225097656
1789132775032504,29.522764205932617
1789132775044586,29.522756576538086
1789132775047476,29.52274513244629
1789132775056728,29.52273178100586
1789132775068490,29.522743225097656
1789132775080559,29.522706985473633
1789132775092495,29.522724151611328
1789132775104611,29.522706985473633
1789132775113476,29.522743225097656
1789132775116493,29.522743225097656
1789132775128492,29.522743225097656
1789132775140566,29.522743225097656
1789132775152575,29.522743225097656
1789132775164587,29.522743225097656
1789132775176507,29.522743225097656
1789132775179486,29.522743225097656
1789132775191497,29.522743225097656
1789132775200575,29.522743225097656
1789132775212491,29.522743225097656
1789132775224591,29.522743225097656
1789132775227473,29.522743225097656
1789132775245516,29.522743225097656
1789132775248500,29.522743225097656
1789132775263475,29.522743225097656
1789132775272491,29.522743225097656
1789132775284753,29.522743225097656
1789132775287478,29.522743225097656
1789132775296494,29.522743225097656
1789132775311486,29.522743225097656
1789132775323482,29.522705078125
1789132775332496,29.522756576538086
1789132775344585,29.52274513244629
1789132775347473,29.52274513244629
1789132775356493,29.52274513244629
1789132775368511,29.52274513244629
1789132775380573,29.52274513244629
1789132775392510,29.52274513244629
1789132775404623,29.522724151611328
1789132775410584,29.522706985473633
1789132775416603,29.522743225097656
1789132775428512,29.522743225097656
1789132775440573,29.522743225097656
1789132775452515,29.522743225097656
1789132775464603,29.522743225097656
1789132775467493,29.522743225097656
1789132775476767,29.522743225097656
1789132775488523,29.522754669189453
1789132775500585,29.522781372070312
1789132775512512,29.522764205932617
1789132775524604,29.522764205932617
1789132775527508,29.522705078125
1789132775536518,29.522756576538086
1789132775548580,29.52274513244629
1789132775563504,29.52274513244629
1789132775575528,29.52274513244629
1789132775584606,29.52274513244629
1789132775587502,29.52274513244629
1789132775605548,29.52274513244629
1789132775608514,29.52274513244629
1789132775620576,29.52274513244629
1789132775632511,29.52274513244629
1789132775644608,29.522706985473633
1789132775653493,29.522743225097656
1789132775656586,29.522743225097656
1789132775668541,29.522743225097656
1789132775680649,29.522743225097656
1789132775692524,29.522743225097656
1789132775704602,29.522743225097656
1789132775707509,29.522743225097656
1789132775716607,29.522743225097656
1789132775728523,29.522743225097656
1789132775740584,29.522743225097656
1789132775752511,29.522743225097656
1789132775764603,29.522743225097656
1789132775770570,29.522743225097656
1789132775776525,29.522743225097656
1789132775788528,29.522743225097656
1789132775800599,29.522743225097656
1789132775812580,29.522743225097656
1789132775824632,29.522743225097656
1789132775827497,29.522743225097656
1789132775836516,29.522756576538086
1789132775848516,29.52274513244629
1789132775860577,29.52274513244629
1789132775872509,29.52274513244629
1789132775884620,29.52274513244629
1789132775893547,29.52274513244629
1789132775905542,29.522756576538086
1789132775914631,29.52274513244629
1789132775920577,29.522724151611328
1789132775932530,29.522724151611328
1789132775944711,29.522743225097656
1789132775947498,29.522743225097656
1789132775956514,29.522743225097656
1789132775971505,29.522743225097656
1789132775983510,29.522743225097656
1789132775992516,29.522756576538086
1789132776004602,29.52274513244629
1789132776007494,29.52274513244629
1789132776016513,29.52274513244629
1789132776028512,29.52274513244629
1789132776040570,29.52274513244629
1789132776052515,29.522724151611328
1789132776064642,29.52274513244629
1789132776070563,29.522781372070312
1789132776076590,29.522724151611328
1789132776088528,29.522743225097656
1789132776100575,29.522706985473633
1789132776112515,29.522724151611328
1789132776124607,29.522724151611328
1789132776127502,29.522743225097656
1789132776136533,29.522743225097656
1789132776148523,29.522743225097656
1789132776160574,29.522743225097656
1789132776172510,29.522743225097656
1789132776184604,29.522743225097656
1789132776196536,29.522743225097656
1789132776199487,29.522743225097656
1789132776208584,29.522743225097656
1789132776220584,29.522743225097656
1789132776235591,29.522743225097656
1789132776244732,29.522743225097656
1789132776247507,29.522743225097656
1789132776265520,29.522729873657227
1789132776268515,29.522781372070312
1789132776280598,29.52274513244629
1789132776292511,29.52274513244629
1789132776304620,29.52274513244629
1789132776307562,29.52274513244629
1789132776316536,29.52274513244629
1789132776334601,29.52274513244629
1789132776340653,29.522724151611328
1789132776352511,29.522724151611328
1789132776364603,29.522724151611328
1789132776367494,29.522783279418945
1789132776376932,29.52273178100586
1789132776388531,29.522743225097656
1789132776400599,29.522743225097656
1789132776412530,29.522743225097656
1789132776424627,29.522743225097656
1789132776433515,29.522743225097656
1789132776436535,29.522743225097656
1789132776448530,29.522743225097656
1789132776460610,29.522743225097656
1789132776472598,29.522743225097656
1789132776484633,29.522743225097656
1789132776487513,29.522743225097656
1789132776496791,29.522743225097656
1789132776511513,29.522705078125
1789132776520596,29.522756576538086
1789132776532530,29.522781372070312
1789132776544623,29.52274513244629
1789132776547530,29.52274513244629
1789132776556533,29.52274513244629
1789132776568538,29.52274513244629
1789132776583539,29.522783279418945
1789132776592529,29.52274513244629
1789132776604722,29.52274513244629
1789132776607527,29.52274513244629
1789132776616532,29.52274513244629
1789132776628529,29.52274513244629
1789132776640595,29.52274513244629
1789132776652659,29.52274513244629
1789132776664652,29.522733688354492
1789132776676541,29.522743225097656
1789132776679531,29.522743225097656
1789132776688529,29.522743225097656
1789132776700598,29.522743225097656
1789132776712548,29.522743225097656
1789132776724627,29.522743225097656
1789132776727528,29.522743225097656
1789132776742527,29.522743225097656
1789132776751532,29.522743225097656
1789132776760590,29.522743225097656
1789132776772534,29.522743225097656
1789132776784658,29.522743225097656
1789132776796538,29.522743225097656
1789132776808534,29.522743225097656
1789132776811532,29.522743225097656
1789132776820596,29.522756576538086
1789132776832530,29.522764205932617
1789132776844662,29.522743225097656
1789132776856584,29.522743225097656
1789132776868600,29.522743225097656
1789132776871562,29.522743225097656
1789132776883524,29.522743225097656
1789132776895539,29.522743225097656
1789132776904624,29.522743225097656
1789132776907511,29.522743225097656
1789132776916533,29.522743225097656
1789132776928530,29.522743225097656
1789132776940602,29.522743225097656
1789132776952531,29.522743225097656
1789132776964623,29.522743225097656
1789132776973522,29.522743225097656
1789132776985537,29.522743225097656
1789132776988540,29.522743225097656
1789132777000699,29.522743225097656
1789132777012529,29.522743225097656
1789132777024626,29.522743225097656
1789132777027511,29.522743225097656
1789132777036776,29.522743225097656
1789132777048542,29.522754669189453
1789132777060593,29.52274513244629
1789132777072530,29.52274513244629
1789132777084624,29.52274513244629
1789132777096542,29.52274513244629
1789132777108552,29.52274513244629
1789132777111516,29.52274513244629
1789132777120597,29.52274513244629
1789132777132599,29.52274513244629
1789132777144665,29.52274513244629
1789132777156925,29.52274513244629
1789132777168622,29.52274513244629
1789132777171522,29.52274513244629
1789132777180598,29.522729873657227
1789132777192530,29.522743225097656
1789132777204622,29.522743225097656
1789132777207531,29.522743225097656
1789132777216537,29.522743225097656
1789132777231592,29.522743225097656
1789132777240612,29.522743225097656
1789132777252531,29.522743225097656
1789132777264726,29.522764205932617
1789132777267516,29.522701263427734
1789132777276544,29.522756576538086
1789132777288532,29.52274513244629
1789132777300595,29.52274513244629
1789132777312534,29.52274513244629
1789132777324622,29.52274513244629
1789132777327520,29.52274513244629
1789132777336547,29.52274513244629
1789132777348530,29.52274513244629
1789132777360593,29.522706985473633
1789132777372549,29.522724151611328
1789132777384668,29.522724151611328
1789132777387534,29.522743225097656
1789132777396618,29.522743225097656
1789132777408549,29.522743225097656
1789132777423549,29.522743225097656
1789132777435557,29.522743225097656
1789132777444648,29.522743225097656
1789132777453533,29.522743225097656
1789132777456563,29.522743225097656
1789132777468550,29.522743225097656
1789132777480619,29.522743225097656
1789132777492558,29.522743225097656
1789132777504691,29.52277946472168
1789132777510639,29.52274513244629
1789132777522540,29.52274513244629
1789132777528625,29.522724151611328
1789132777540619,29.522706985473633
1789132777552572,29.522724151611328
1789132777564647,29.522724151611328
1789132777567532,29.522783279418945
1789132777576555,29.522729873657227
1789132777588562,29.522754669189453
1789132777600622,29.522743225097656
1789132777612551,29.522743225097656
1789132777624663,29.522743225097656
1789132777627602,29.522743225097656
1789132777636556,29.522743225097656
1789132777648550,29.522743225097656
1789132777660713,29.522743225097656
1789132777672550,29.522743225097656
1789132777684642,29.522743225097656
1789132777687543,29.522743225097656
1789132777696770,29.522743225097656
1789132777708554,29.522754669189453
1789132777720615,29.52274513244629
1789132777732550,29.52274513244629
1789132777744645,29.52274513244629
1789132777747530,29.52274513244629
1789132777762625,29.52274513244629
1789132777774937,29.52276039123535
1789132777780612,29.522722244262695
1789132777795572,29.52274513244629
1789132777804673,29.52274513244629
1789132777807532,29.52274513244629
1789132777816552,29.52274513244629
1789132777828552,29.52274513244629
1789132777840621,29.52274513244629
1789132777852551,29.52274513244629
1789132777864655,29.52274513244629
1789132777873546,29.52274513244629
1789132777885562,29.522756576538086
1789132777888569,29.522705078125
1789132777900612,29.522706985473633
1789132777915566,29.522781372070312
1789132777924739,29.52273178100586
1789132777927538,29.522783279418945
1789132777936666,29.52273178100586
1789132777951537,29.522743225097656
1789132777960615,29.522743225097656
1789132777972548,29.522743225097656
1789132777984642,29.522743225097656
1789132777990668,29.522743225097656
1789132777996553,29.522743225097656
1789132778008564,29.522743225097656
1789132778020634,29.522743225097656
1789132778032551,29.522743225097656
1789132778044646,29.522743225097656
1789132778047533,29.522743225097656
1789132778056665,29.522743225097656
1789132778068551,29.522743225097656
1789132778080620,29.522743225097656
1789132778095569,29.522743225097656
1789132778104650,29.522743225097656
1789132778116559,29.522743225097656
1789132778119544,29.522743225097656
1789132778131533,29.522743225097656
1789132778140619,29.522743225097656
1789132778152568,29.522743225097656
1789132778164644,29.522743225097656
1789132778170619,29.522743225097656
1789132778182547,29.522743225097656
1789132778191575,29.522743225097656
1789132778200620,29.522756576538086
1789132778212550,29.522764205932617
1789132778224648,29.522764205932617
1789132778227531,29.52274513244629
1789132778242555,29.52274513244629
1789132778248549,29.52274513244629
1789132778260623,29.52274513244629
1789132778272558,29.522705078125
1789132778284661,29.522743225097656
1789132778287606,29.522743225097656
1789132778299536,29.522743225097656
1789132778308549,29.522743225097656
1789132778320694,29.522743225097656
1789132778332549,29.522743225097656
1789132778344671,29.522743225097656
1789132778347535,29.522743225097656
1789132778356555,29.522743225097656
1789132778368550,29.522743225097656
1789132778380611,29.522743225097656
1789132778392569,29.522743225097656
1789132778404680,29.522743225097656
1789132778413562,29.522743225097656
1789132778425585,29.522743225097656
1789132778434760,29.522743225097656
1789132778440630,29.522764205932617
1789132778452638,29.522764205932617
1789132778464664,29.52274513244629
1789132778476581,29.52274513244629
1789132778479545,29.52274513244629
1789132778488674,29.52274513244629
1789132778500635,29.522706985473633
1789132778512569,29.522743225097656
1789132778524669,29.522743225097656
1789132778527552,29.522743225097656
1789132778536575,29.522743225097656
1789132778548569,29.522743225097656
1789132778560632,29.522743225097656
1789132778572585,29.522743225097656
1789132778584756,29.522743225097656
1789132778590646,29.522743225097656
1789132778596572,29.522764205932617
1789132778608581,29.52274513244629
1789132778620639,29.522781372070312
1789132778632569,29.522764205932617
1789132778644684,29.522764205932617
1789132778647560,29.522705078125
1789132778656609,29.522743225097656
1789132778668568,29.522705078125
1789132778680639,29.522706985473633
1789132778692567,29.522724151611328
1789132778704677,29.522724151611328
1789132778707552,29.522783279418945
1789132778722573,29.522743225097656
1789132778731563,29.522743225097656
1789132778743554,29.522743225097656
1789132778752571,29.522743225097656
1789132778764665,29.522743225097656
1789132778767552,29.522743225097656
1789132778776576,29.522743225097656
1789132778794645,29.522743225097656
1789132778800639,29.522743225097656
1789132778812569,29.522743225097656
1789132778824679,29.522743225097656
1789132778836582,29.522743225097656
1789132778848641,29.522743225097656
1789132778851556,29.522743225097656
1789132778860632,29.522743225097656
1789132778872586,29.522743225097656
1789132778884766,29.522743225097656
1789132778887582,29.522743225097656
1789132778896622,29.522756576538086
1789132778908572,29.522733688354492
1789132778920651,29.522743225097656
1789132778932570,29.522743225097656
1789132778944664,29.522743225097656
1789132778947639,29.522743225097656
1789132778962568,29.522743225097656
1789132778974656,29.522743225097656
1789132778980713,29.522743225097656
1789132778992579,29.522764205932617
1789132779004660,29.52274513244629
1789132779007550,29.52274513244629
1789132779016574,29.52274513244629
1789132779028568,29.52274513244629
1789132779040636,29.52274513244629
1789132779052598,29.522733688354492
1789132779064663,29.522743225097656
1789132779076581,29.522743225097656
1789132779079613,29.522743225097656
1789132779091551,29.522743225097656
1789132779100635,29.522743225097656
1789132779112653,29.522743225097656
1789132779124668,29.522743225097656
1789132779127562,29.522743225097656
1789132779136630,29.522743225097656
1789132779148572,29.522743225097656
1789132779160631,29.522743225097656
1789132779172568,29.522743225097656
1789132779184685,29.522743225097656
1789132779187576,29.522743225097656
1789132779196571,29.522743225097656
1789132779208578,29.522743225097656
1789132779220634,29.522743225097656
1789132779232568,29.522743225097656
1789132779244754,29.522743225097656
1789132779247555,29.522743225097656
1789132779256604,29.522743225097656
1789132779268578,29.522743225097656
1789132779280722,29.522743225097656
1789132779292598,29.522743225097656
1789132779304665,29.522743225097656
1789132779313556,29.522743225097656
1789132779316587,29.522743225097656
1789132779328569,29.522743225097656
1789132779340638,29.522743225097656
1789132779352569,29.522743225097656
1789132779364699,29.522743225097656
1789132779370637,29.522743225097656
1789132779382573,29.522743225097656
1789132779388589,29.522743225097656
1789132779400666,29.522743225097656
1789132779412592,29.522743225097656
1789132779424684,29.522743225097656
1789132779427571,29.522743225097656
1789132779436699,29.522743225097656
1789132779448617,29.522743225097656
1789132779460654,29.522743225097656
1789132779472590,29.522743225097656
1789132779484692,29.522743225097656
1789132779487577,29.522743225097656
1789132779496592,29.522743225097656
1789132779508665,29.522743225097656
1789132779520669,29.522743225097656
1789132779532588,29.522743225097656
1789132779544807,29.522743225097656
1789132779547572,29.522743225097656
1789132779565615,29.522743225097656
1789132779568589,29.522743225097656
1789132779580651,29.522743225097656
1789132779592589,29.522743225097656
1789132779604687,29.522743225097656
1789132779610720,29.522743225097656
1789132779622596,29.522743225097656
1789132779628605,29.522743225097656
1789132779640719,29.522743225097656
1789132779652588,29.522743225097656
1789132779664680,29.522743225097656
1789132779667573,29.522743225097656
1789132779676686,29.522743225097656
1789132779688618,29.522743225097656
1789132779700655,29.522743225097656
1789132779712590,29.522743225097656
1789132779724705,29.522743225097656
1789132779727571,29.522743225097656
1789132779736594,29.522743225097656
1789132779748609,29.522743225097656
1789132779760650,29.522743225097656
1789132779772674,29.522743225097656
1789132779784694,29.522743225097656
1789132779787605,29.522743225097656
1789132779796627,29.522743225097656
1789132779808593,29.522743225097656
1789132779820671,29.522743225097656
1789132779832589,29.522743225097656
1789132779844706,29.522743225097656
1789132779853615,29.522743225097656
1789132779865601,29.522743225097656
1789132779868599,29.522743225097656
1789132779880688,29.522743225097656
1789132779892589,29.522743225097656
1789132779904784,29.522743225097656
1789132779907574,29.522743225097656
1789132779916593,29.522743225097656
1789132779928591,29.522743225097656
1789132779940664,29.522743225097656
1789132779952618,29.522743225097656
1789132779964688,29.522743225097656
1789132779976604,29.522743225097656
1789132779988592,29.522743225097656
1789132779991572,29.522743225097656
1789132780000659,29.522743225097656
1789132780012608,29.522743225097656
1789132780024704,29.522743225097656
1789132780030656,29.522743225097656
1789132780042585,29.522743225097656
1789132780051591,29.522743225097656
1789132780060650,29.522743225097656
1789132780075603,29.522743225097656
1789132780084739,29.522743225097656
1789132780096600,29.522743225097656
1789132780108593,29.522743225097656
1789132780111583,29.522743225097656
1789132780120655,29.522743225097656
1789132780132591,29.522743225097656
1789132780144703,29.522743225097656
1789132780156599,29.522743225097656
1789132780159571,29.522743225097656
1789132780171593,29.522743225097656
1789132780183600,29.522743225097656
1789132780192595,29.522743225097656
1789132780204723,29.522743225097656
1789132780216621,29.522743225097656
1789132780219569,29.522743225097656
1789132780228590,29.522743225097656
1789132780240650,29.522743225097656
1789132780252588,29.522743225097656
1789132780264701,29.522743225097656
1789132780267649,29.522743225097656
1789132780282605,29.522743225097656
1789132780294677,29.522743225097656
1789132780300730,29.522743225097656
1789132780312588,29.522743225097656
1789132780324690,29.522743225097656
1789132780336689,29.522743225097656
1789132780348622,29.522743225097656
1789132780360659,29.522743225097656
1789132780372592,29.522743225097656
1789132780375627,29.522743225097656
1789132780384700,29.522743225097656
1789132780387618,29.522743225097656
1789132780402617,29.522743225097656
1789132780408628,29.522743225097656
1789132780420676,29.522743225097656
1789132780432679,29.522743225097656
1789132780444726,29.522743225097656
1789132780447612,29.522743225097656
1789132780456643,29.522743225097656
1789132780468613,29.522743225097656
1789132780480707,29.522743225097656
1789132780492608,29.522743225097656
1789132780504731,29.522743225097656
1789132780513760,29.522743225097656
1789132780525619,29.522743225097656
1789132780534693,29.522743225097656
1789132780540715,29.522743225097656
1789132780552609,29.522743225097656
1789132780564789,29.522743225097656
1789132780567605,29.522743225097656
1789132780579613,29.522743225097656
1789132780591593,29.522743225097656
1789132780603601,29.522743225097656
1789132780612635,29.522743225097656
1789132780624706,29.522743225097656
1789132780627591,29.522743225097656
1789132780636618,29.522743225097656
1789132780648609,29.522743225097656
1789132780660671,29.522743225097656
1789132780672610,29.522743225097656
1789132780684717,29.522743225097656
1789132780687592,29.522743225097656
1789132780696696,29.522743225097656
1789132780708608,29.522743225097656
1789132780720677,29.522743225097656
1789132780732613,29.522743225097656
1789132780744789,29.522743225097656
1789132780756626,29.522743225097656
1789132780759592,29.522743225097656
1789132780768610,29.522743225097656
1789132780780672,29.522743225097656
1789132780792607,29.522743225097656
1789132780804708,29.522743225097656
1789132780816837,29.522743225097656
1789132780822607,29.522743225097656
1789132780831643,29.522743225097656
1789132780840673,29.522743225097656
1789132780852610,29.522743225097656
1789132780864716,29.522743225097656
1789132780867592,29.522743225097656
1789132780876636,29.522743225097656
1789132780888608,29.522743225097656
1789132780900676,29.522743225097656
1789132780912607,29.522743225097656
1789132780924709,29.522743225097656
1789132780936635,29.522743225097656
1789132780948614,29.522743225097656
1789132780951595,29.522743225097656
1789132780960739,29.522743225097656
1789132780972609,29.522743225097656
1789132780984706,29.522743225097656
1789132780987606,29.522743225097656
1789132781005624,29.522743225097656
1789132781008638,29.522743225097656
1789132781020674,29.522743225097656
1789132781032609,29.522743225097656
1789132781044721,29.522743225097656
1789132781047593,29.522743225097656
1789132781056623,29.522743225097656
1789132781068609,29.522743225097656
1789132781080681,29.522743225097656
1789132781092682,29.522743225097656
1789132781104722,29.522764205932617
1789132781107620,29.52274513244629
1789132781116740,29.52274513244629
1789132781131593,29.52274513244629
1789132781140697,29.52274513244629
1789132781152609,29.52274513244629
1789132781164705,29.52274513244629
1789132781167592,29.52274513244629
1789132781185627,29.52274513244629
1789132781188618,29.52274513244629
1789132781200678,29.52274513244629
1789132781215618,29.52274513244629
1789132781224817,29.52274513244629
1789132781227595,29.52274513244629
1789132781236639,29.52274513244629
1789132781248610,29.52274513244629
1789132781260675,29.52274513244629
1789132781272985,29.52274513244629
1789132781284708,29.52274513244629
1789132781296618,29.52274513244629
1789132781308615,29.52274513244629
1789132781311591,29.52274513244629
1789132781320684,29.52274513244629
1789132781332629,29.52274513244629
1789132781344723,29.52274513244629
1789132781347591,29.52274513244629
1789132781362691,29.52274513244629
1789132781371698,29.52274513244629
1789132781380773,29.522729873657227
1789132781392700,29.522724151611328
1789132781404872,29.522724151611328
1789132781416724,29.522743225097656
1789132781419698,29.522743225097656
1789132781428715,29.522743225097656
1789132781440779,29.522743225097656
1789132781452728,29.522743225097656
1789132781464824,29.522743225097656
1789132781467699,29.522743225097656
1789132781476736,29.522743225097656
1789132781488783,29.522743225097656
1789132781500776,29.522743225097656
1789132781512740,29.522743225097656
1789132781524937,29.522743225097656
1789132781527708,29.522743225097656
1789132781536781,29.522743225097656
1789132781548718,29.522743225097656
1789132781560779,29.522743225097656
1789132781572716,29.522743225097656
1789132781584823,29.522743225097656
1789132781593706,29.522743225097656
1789132781602715,29.522743225097656
1789132781614814,29.522743225097656
1789132781620852,29.522743225097656
1789132781632715,29.522743225097656
1789132781644867,29.522743225097656
1789132781647726,29.522743225097656
1789132781656904,29.522743225097656
1789132781668728,29.522743225097656
1789132781680796,29.522743225097656
1789132781692727,29.522743225097656
1789132781704826,29.522743225097656
1789132781707699,29.522743225097656
1789132781716718,29.522743225097656
1789132781728749,29.522743225097656
1789132781740830,29.522743225097656
1789132781752802,29.522743225097656
1789132781764843,29.522743225097656
1789132781767746,29.522743225097656
1789132781776738,29.522743225097656
1789132781788719,29.522743225097656
1789132781800785,29.522743225097656
1789132781812715,29.522743225097656
1789132781824881,29.522743225097656
1789132781827736,29.522743225097656
1789132781842731,29.522743225097656
1789132781848781,29.522743225097656
1789132781860790,29.522743225097656
1789132781872747,29.522743225097656
1789132781884895,29.522743225097656
1789132781887722,29.522743225097656
1789132781896721,29.522743225097656
1789132781908765,29.522743225097656
1789132781923707,29.522743225097656
1789132781932763,29.522743225097656
1789132781944895,29.522743225097656
1789132781956725,29.522743225097656
1789132781968720,29.522743225097656
1789132781971700,29.522743225097656
1789132781980779,29.522743225097656
1789132781992751,29.522743225097656
1789132782004824,29.522743225097656
1789132782010798,29.522743225097656
1789132782016792,29.522743225097656
1789132782028715,29.522743225097656
1789132782040795,29.522743225097656
1789132782052719,29.522743225097656
1789132782064834,29.522743225097656
1789132782073756,29.522743225097656
1789132782076771,29.522743225097656
1789132782088725,29.522743225097656
1789132782100773,29.522743225097656
1789132782112715,29.522743225097656
1789132782124826,29.522743225097656
