#1
double table_Handling_Time(16300,2)
0	0
0.06	1.534111
0.06	1.534111
0.06	1.534111
0.06	1.534111
0.06	1.534111
0.06	1.534111
0.120029	1.9490552767499996
0.120029	1.9490552767499996
0.120029	1.9490552767499996
0.120029	1.9490552767499996
0.156	1.7196972000000004
0.168024	1.5232974344000001
0.180022	1.5814487493
0.180022	1.5814487493
0.192002	1.8263576863000004
0.192002	1.8263576863000004
0.192002	1.8263576863000004
0.192002	1.8263576863000004
0.240004	1.9477069003999989
0.240004	1.9477069003999989
0.252022	1.6018901521999982
0.252022	1.6018901521999982
0.252022	1.6018901521999982
0.252022	1.6018901521999982
0.3	1.2659929999999999
0.3	1.2659929999999999
0.3	1.2659929999999999
0.324	1.1197565999999999
0.324	1.1197565999999999
0.324	1.1197565999999999
0.360109	1.2815948378499991
0.360109	1.2815948378499991
0.360109	1.2815948378499991
0.360109	1.2815948378499991
0.360109	1.2815948378499991
0.360109	1.2815948378499991
0.420002	1.0946380319999989
0.420002	1.0946380319999989
0.420002	1.0946380319999989
0.420002	1.0946380319999989
0.420002	1.0946380319999989
0.420002	1.0946380319999989
0.48	1.2742690000000028
0.48	1.2742690000000028
0.48	1.2742690000000028
0.480003	1.2742956092499989
0.480003	1.2742956092499989
0.528031	7.7161000501999233
0.540023	16.241076575700088
0.552004	7.079036943600082
0.552004	7.079036943600082
0.552004	7.079036943600082
0.552004	7.079036943600082
0.552004	7.079036943600082
0.600003	0.89365383039998814
0.600003	0.89365383039998814
0.600003	0.89365383039998814
0.600003	0.89365383039998814
0.600003	0.89365383039998814
0.600003	0.89365383039998814
0.660003	1.2153923143999981
0.660003	1.2153923143999981
0.660003	1.2153923143999981
0.660003	1.2153923143999981
0.696003	1.2937138998000013
0.696003	1.2937138998000013
0.720012	1.3589564514000034
0.720012	1.3589564514000034
0.720012	1.3589564514000034
0.720012	1.3589564514000034
0.720012	1.3589564514000034
0.720012	1.3589564514000034
0.780024	1.2499104304000015
0.780024	1.2499104304000015
0.780024	1.2499104304000015
0.780024	1.2499104304000015
0.780024	1.2499104304000015
0.780024	1.2499104304000015
0.840025	1.2385335887500006
0.840025	1.2385335887500006
0.840025	1.2385335887500006
0.840025	1.2385335887500006
0.840025	1.2385335887500006
0.840025	1.2385335887500006
0.900035	1.3040151947499821
0.900035	1.3040151947499821
0.900035	1.3040151947499821
0.900035	1.3040151947499821
0.900035	1.3040151947499821
0.900035	1.3040151947499821
0.960003	0.94107868109999537
0.960003	0.94107868109999537
0.960003	0.94107868109999537
0.960003	0.94107868109999537
0.960003	0.94107868109999537
0.960003	0.94107868109999537
1.020121	1.2293988132499989
1.020121	1.2293988132499989
1.03201	1.265342232499999
1.03201	1.265342232499999
1.03201	1.265342232499999
1.03201	1.265342232499999
1.080004	1.5686917336000101
1.080004	1.5686917336000101
1.080004	1.5686917336000101
1.080004	1.5686917336000101
1.080004	1.5686917336000101
1.080004	1.5686917336000101
1.140003	1.3753647628000039
1.140003	1.3753647628000039
1.152044	1.2740710544000042
1.152044	1.2740710544000042
1.152044	1.2740710544000042
1.152044	1.2740710544000042
1.200024	0.9077254515999793
1.200024	0.9077254515999793
1.200024	0.9077254515999793
1.200024	0.9077254515999793
1.236024	1.7874287103999904
1.236024	1.7874287103999904
1.260013	1.6595820775000147
1.260013	1.6595820775000147
1.260013	1.6595820775000147
1.260013	1.6595820775000147
1.260013	1.6595820775000147
1.308047	1.3312546923500059
1.320004	1.236524143999989
1.332026	1.4052649359999887
1.332026	1.4052649359999887
1.332026	1.4052649359999887
1.332026	1.4052649359999887
1.332026	1.4052649359999887
1.380004	1.4489940917999855
1.380004	1.4489940917999855
1.380004	1.4489940917999855
1.380004	1.4489940917999855
1.380004	1.4489940917999855
1.380004	1.4489940917999855
1.440024	1.7107603636000146
1.440024	1.7107603636000146
1.440024	1.7107603636000146
1.440024	1.7107603636000146
1.440024	1.7107603636000146
1.440024	1.7107603636000146
1.500004	1.6115012214000111
1.500004	1.6115012214000111
1.500008	1.6114564428000098
1.500008	1.6114564428000098
1.500008	1.6114564428000098
1.500008	1.6114564428000098
1.560012	1.2110180131999919
1.560012	1.2110180131999919
1.560012	1.2110180131999919
1.560012	1.2110180131999919
1.560012	1.2110180131999919
1.560012	1.2110180131999919
1.620007	1.438825027000002
1.620007	1.438825027000002
1.620007	1.438825027000002
1.620007	1.438825027000002
1.620007	1.438825027000002
1.620007	1.438825027000002
1.680135	1.0807861447499925
1.680135	1.0807861447499925
1.680135	1.0807861447499925
1.680135	1.0807861447499925
1.680135	1.0807861447499925
1.680135	1.0807861447499925
1.680135	1.0807861447499925
1.680135	1.0807861447499925
1.680135	1.0807861447499925
1.680135	1.0807861447499925
1.680135	1.0807861447499925
1.680135	1.0807861447499925
1.800008	1.2424796820000026
1.800008	1.2424796820000026
1.800008	1.2424796820000026
1.824011	1.2426676561499872
1.836027	1.3803668105499873
1.848033	1.3506649467500109
1.860028	1.2381507504000187
1.860028	1.2381507504000187
1.860028	1.2381507504000187
1.860028	1.2381507504000187
1.860028	1.2381507504000187
1.860028	1.2381507504000187
1.920008	1.5131685235999921
1.932009	1.5859599890499927
1.932009	1.5859599890499927
1.932009	1.5859599890499927
1.932009	1.5859599890499927
1.932009	1.5859599890499927
1.980008	1.1003378520000004
1.980008	1.1003378520000004
1.980008	1.1003378520000004
1.980008	1.1003378520000004
1.980008	1.1003378520000004
1.980008	1.1003378520000004
1.980008	1.1003378520000004
2.052009	1.3802482958999895
2.052009	1.3802482958999895
2.052009	1.3802482958999895
2.052009	1.3802482958999895
2.052009	1.3802482958999895
2.100028	2.8141024264001016
2.100028	2.8141024264001016
2.100028	2.8141024264001016
2.100028	2.8141024264001016
2.100028	2.8141024264001016
2.14804	1.9381810019999293
2.160007	2.4952634756501042
2.172008	1.7520169436000956
2.172008	1.7520169436000956
2.172008	1.7520169436000956
2.172008	1.7520169436000956
2.172008	1.7520169436000956
2.220012	1.4557074556000005
2.220012	1.4557074556000005
2.232032	1.4511554816000005
2.232032	1.4511554816000005
2.232032	1.4511554816000005
2.232032	1.4511554816000005
2.280007	1.8766857775500632
2.280007	1.8766857775500632
2.280007	1.8766857775500632
2.280007	1.8766857775500632
2.280007	1.8766857775500632
2.280007	1.8766857775500632
2.340135	1.1064265379999634
2.340135	1.1064265379999634
2.340135	1.1064265379999634
2.340135	1.1064265379999634
2.340135	1.1064265379999634
2.340135	1.1064265379999634
2.400008	1.4078126028000131
2.400008	1.4078126028000131
2.400008	1.4078126028000131
2.400008	1.4078126028000131
2.400008	1.4078126028000131
2.400008	1.4078126028000131
2.460008	1.2873804799999733
2.460008	1.2873804799999733
2.460008	1.2873804799999733
2.460008	1.2873804799999733
2.460008	1.2873804799999733
2.460008	1.2873804799999733
2.520049	1.868910038950055
2.520053	1.8687715931500664
2.520053	1.8687715931500664
2.544011	1.2133208319999824
2.544011	1.2133208319999824
2.544011	1.2133208319999824
2.580012	1.3542873717999786
2.580012	1.3542873717999786
2.580012	1.3542873717999786
2.580012	1.3542873717999786
2.580012	1.3542873717999786
2.580012	1.3542873717999786
2.640012	1.1422139101999866
2.640012	1.1422139101999866
2.640012	1.1422139101999866
2.640012	1.1422139101999866
2.640012	1.1422139101999866
2.640012	1.1422139101999866
2.700011	1.4295675940500192
2.700011	1.4295675940500192
2.700011	1.4295675940500192
2.700011	1.4295675940500192
2.700011	1.4295675940500192
2.748048	1.567509172000052
2.760032	1.2811579008000029
2.772013	1.264646884700003
2.772013	1.264646884700003
2.772013	1.264646884700003
2.772013	1.264646884700003
2.772013	1.264646884700003
2.820012	1.2348375022000042
2.820012	1.2348375022000042
2.820012	1.2348375022000042
2.820012	1.2348375022000042
2.820012	1.2348375022000042
2.820012	1.2348375022000042
2.880016	1.1349836943999989
2.880016	1.1349836943999989
2.892049	1.1407703640999989
2.892049	1.1407703640999989
2.892049	1.1407703640999989
2.892049	1.1407703640999989
2.940012	1.1882874364000211
2.952013	1.07871470610002
2.952013	1.07871470610002
2.952013	1.07871470610002
2.952013	1.07871470610002
2.952013	1.07871470610002
3.00012	1.1963715279999152
3.00012	1.1963715279999152
3.00012	1.1963715279999152
3.024032	2.2465829727998234
3.036012	3.2122356647998132
3.036012	3.2122356647998132
3.060032	1.1523025407999949
3.060032	1.1523025407999949
3.060032	1.1523025407999949
3.060032	1.1523025407999949
3.060032	1.1523025407999949
3.060032	1.1523025407999949
3.120012	1.1453993789999855
3.120012	1.1453993789999855
3.120012	1.1453993789999855
3.120012	1.1453993789999855
3.156032	2.0415762895998948
3.156032	2.0415762895998948
3.180032	1.246614358399998
3.192034	1.2572505307999979
3.192034	1.2572505307999979
3.192034	1.2572505307999979
3.192034	1.2572505307999979
3.228051	1.3848962942499723
3.240011	1.5097717531000161
3.252013	1.4309438173000173
3.252013	1.4309438173000173
3.252013	1.4309438173000173
3.252013	1.4309438173000173
3.252013	1.4309438173000173
3.300037	1.2062918681499775
3.300037	1.2062918681499775
3.300037	1.2062918681499775
3.300037	1.2062918681499775
3.300037	1.2062918681499775
3.348045	1.6065823284999812
3.360011	1.6933778663000725
3.372013	1.3397185329000774
3.372013	1.3397185329000774
3.372013	1.3397185329000774
3.372013	1.3397185329000774
3.372013	1.3397185329000774
3.420032	1.2029756512000427
3.420032	1.2029756512000427
3.420032	1.2029756512000427
3.420032	1.2029756512000427
3.420032	1.2029756512000427
3.468037	1.2708378215500102
3.480012	1.228184383799817
3.492013	2.0226343824498261
3.492013	2.0226343824498261
3.492013	2.0226343824498261
3.492013	2.0226343824498261
3.492013	2.0226343824498261
3.540016	0.92721857199994784
3.54002	0.92729746499995003
3.54002	0.92729746499995003
3.54002	0.92729746499995003
3.54002	0.92729746499995003
3.54002	0.92729746499995003
3.600015	1.1645480697500004
3.600015	1.1645480697500004
3.600015	1.1645480697500004
3.600015	1.1645480697500004
3.600015	1.1645480697500004
3.600015	1.1645480697500004
3.660143	1.2158387819000234
3.660143	1.2158387819000234
3.660143	1.2158387819000234
3.660143	1.2158387819000234
3.660143	1.2158387819000234
3.660143	1.2158387819000234
3.720015	1.5664965475000567
3.720015	1.5664965475000567
3.720015	1.5664965475000567
3.720015	1.5664965475000567
3.720015	1.5664965475000567
3.720015	1.5664965475000567
3.780016	0.95638896479988167
3.780016	0.95638896479988167
3.780016	0.95638896479988167
3.780016	0.95638896479988167
3.780016	0.95638896479988167
3.780016	0.95638896479988167
3.840036	1.5529704875999724
3.840036	1.5529704875999724
3.840036	1.5529704875999724
3.840036	1.5529704875999724
3.840036	1.5529704875999724
3.840036	1.5529704875999724
3.900015	1.1317679992500025
3.900015	1.1317679992500025
3.900015	1.1317679992500025
3.900015	1.1317679992500025
3.900015	1.1317679992500025
3.900015	1.1317679992500025
3.900015	1.1317679992500025
3.900015	1.1317679992500025
3.900015	1.1317679992500025
3.900015	1.1317679992500025
3.900015	1.1317679992500025
3.900015	1.1317679992500025
4.020017	1.133443749949945
4.020017	1.133443749949945
4.032016	1.4530053175999367
4.044015	1.6830801637499921
4.056073	1.7354631302499919
4.068049	1.5120470515000288
4.068049	1.5120470515000288
4.080036	1.1559556597999683
4.080036	1.1559556597999683
4.080036	1.1559556597999683
4.080036	1.1559556597999683
4.080036	1.1559556597999683
4.140028	1.2642170474000056
4.140028	1.2642170474000056
4.140028	1.2642170474000056
4.140028	1.2642170474000056
4.140028	1.2642170474000056
4.140028	1.2642170474000056
4.20002	1.1478970389999756
4.20002	1.1478970389999756
4.20002	1.1478970389999756
4.20002	1.1478970389999756
4.20002	1.1478970389999756
4.20002	1.1478970389999756
4.260053	1.2460906232001059
4.260053	1.2460906232001059
4.260053	1.2460906232001059
4.260053	1.2460906232001059
4.260053	1.2460906232001059
4.260053	1.2460906232001059
4.320147	1.7373093844498897
4.320147	1.7373093844498897
4.320147	1.7373093844498897
4.344035	1.2898253092500362
4.344035	1.2898253092500362
4.344035	1.2898253092500362
4.380015	1.393186491249971
4.380015	1.393186491249971
4.392015	1.3311794912499717
4.392015	1.3311794912499717
4.392015	1.3311794912499717
4.42804	1.133511052000163
4.440016	1.4263195887999551
4.440016	1.4263195887999551
4.452057	1.3454859475999537
4.452057	1.3454859475999537
4.452057	1.3454859475999537
4.488049	1.335303982350166
4.500036	1.5850654575998051
4.500036	1.5850654575998051
4.512018	1.2813409287997832
4.512018	1.2813409287997832
4.512018	1.2813409287997832
4.512022	1.2812395351997914
4.560019	1.3980794698500922
4.572042	1.5230363123000961
4.572042	1.5230363123000961
4.572042	1.5230363123000961
4.572042	1.5230363123000961
4.572042	1.5230363123000961
4.62002	1.3330085899999231
4.62002	1.3330085899999231
4.632042	1.2474059389999215
4.632042	1.2474059389999215
4.632042	1.2474059389999215
4.632042	1.2474059389999215
4.68002	1.1793339049998504
4.68002	1.1793339049998504
4.68002	1.1793339049998504
4.68002	1.1793339049998504
4.68002	1.1793339049998504
4.68002	1.1793339049998504
4.74004	1.1633854040000815
4.74004	1.1633854040000815
4.74004	1.1633854040000815
4.74004	1.1633854040000815
4.74004	1.1633854040000815
4.74004	1.1633854040000815
4.80002	1.1131325690002005
4.80002	1.1131325690002005
4.80002	1.1131325690002005
4.80002	1.1131325690002005
4.80002	1.1131325690002005
4.80002	1.1131325690002005
4.860024	1.4065768723999195
4.860024	1.4065768723999195
4.860024	1.4065768723999195
4.860024	1.4065768723999195
4.860024	1.4065768723999195
4.860024	1.4065768723999195
4.920019	1.1833010426000212
4.920019	1.1833010426000212
4.932021	1.1984883734000213
4.932021	1.1984883734000213
4.932021	1.1984883734000213
4.932021	1.1984883734000213
4.980128	1.2579068143999033
4.980128	1.2579068143999033
4.980128	1.2579068143999033
5.00404	1.1615152060000509
5.00404	1.1615152060000509
5.00404	1.1615152060000509
5.00404	1.1615152060000509
5.040598	1.4321808797001887
5.040598	1.4321808797001887
5.040598	1.4321808797001887
5.040598	1.4321808797001887
5.040598	1.4321808797001887
5.100049	0.94370994755022219
5.100049	0.94370994755022219
5.100049	0.94370994755022219
5.100049	0.94370994755022219
5.100049	0.94370994755022219
5.100049	0.94370994755022219
5.16004	1.5855218099995634
5.16004	1.5855218099995634
5.172077	1.3516459092495701
5.172077	1.3516459092495701
5.19602	1.5208618430004579
5.19602	1.5208618430004579
5.220019	1.4410062731998936
5.220019	1.4410062731998936
5.232042	1.3854936775998916
5.244059	1.3861370431002198
5.256024	1.4963454616002223
5.256024	1.4963454616002223
5.28002	1.1670855050002744
5.28002	1.1670855050002744
5.292042	1.2990299605002769
5.30402	1.354248586999796
5.316027	1.2583048524497966
5.316027	1.2583048524497966
5.34002	1.6028268599998148
5.34002	1.6028268599998148
5.34002	1.6028268599998148
5.36402	1.5242133150004231
5.37606	1.7170429450004245
5.37606	1.7170429450004245
5.40004	1.4191562179998138
5.40004	1.4191562179998138
5.40004	1.4191562179998138
5.40004	1.4191562179998138
5.40004	1.4191562179998138
5.40004	1.4191562179998138
5.460041	1.2187820911008014
5.460041	1.2187820911008014
5.460041	1.2187820911008014
5.460041	1.2187820911008014
5.460041	1.2187820911008014
5.508082	1.3681749689996265
5.520024	1.2172336876004546
5.520024	1.2172336876004546
5.532048	1.399441175200449
5.532052	1.3995017898004574
5.532052	1.3995017898004574
5.568049	1.3033161657495944
5.580024	1.1470690972000659
5.592045	1.172662407250066
5.592045	1.172662407250066
5.604024	1.2364946960003662
5.604024	1.2364946960003662
5.604024	1.2364946960003662
5.640137	1.5901154613493564
5.640137	1.5901154613493564
5.640137	1.5901154613493564
5.640137	1.5901154613493564
5.640137	1.5901154613493564
5.640137	1.5901154613493564
5.700025	1.2316883712501487
5.700025	1.2316883712501487
5.700025	1.2316883712501487
5.700025	1.2316883712501487
5.700025	1.2316883712501487
5.700025	1.2316883712501487
5.760025	1.3065615712503633
5.760025	1.3065615712503633
5.760025	1.3065615712503633
5.784031	1.4363426654993041
5.784031	1.4363426654993041
5.784031	1.4363426654993041
5.820045	1.3900110804997268
5.820045	1.3900110804997268
5.820045	1.3900110804997268
5.820045	1.3900110804997268
5.820045	1.3900110804997268
5.820045	1.3900110804997268
5.880025	1.7770367249989358
5.880025	1.7770367249989358
5.880025	1.7770367249989358
5.880025	1.7770367249989358
5.880025	1.7770367249989358
5.928067	1.3863456048996532
5.940025	1.2799357800001496
5.940025	1.2799357800001496
5.940025	1.2799357800001496
5.940025	1.2799357800001496
5.940025	1.2799357800001496
5.940025	1.2799357800001496
6.000024	1.3152981083996704
6.000024	1.3152981083996704
6.012029	1.2158108726496661
6.012029	1.2158108726496661
6.012029	1.2158108726496661
6.012029	1.2158108726496661
6.012029	1.2158108726496661
6.012029	1.2158108726496661
6.060045	1.0631657087509256
6.084045	1.4561227739994018
6.084045	1.4561227739994018
6.084045	1.4561227739994018
6.084045	1.4561227739994018
6.120046	1.2038488538003016
6.132037	1.2882690911003041
6.132037	1.2882690911003041
6.132037	1.2882690911003041
6.168085	1.3620574467510269
6.168085	1.3620574467510269
6.180029	1.6452495130494056
6.192047	1.4830119211494102
6.204025	1.2914711499990799
6.216045	1.0400848699990624
6.228048	1.281214276801814
6.240025	1.7619490899996328
6.240025	1.7619490899996328
6.252048	1.6643656127996298
6.252048	1.6643656127996298
6.252048	1.6643656127996298
6.252048	1.6643656127996298
6.300134	1.2084303082999988
6.300134	1.2084303082999988
6.300134	1.2084303082999988
6.300134	1.2084303082999988
6.300134	1.2084303082999988
6.300134	1.2084303082999988
6.360025	1.0882509850002757
6.360025	1.0882509850002757
6.360025	1.0882509850002757
6.360025	1.0882509850002757
6.360025	1.0882509850002757
6.360025	1.0882509850002757
6.420025	2.2161859887475877
6.420025	2.2161859887475877
6.420025	2.2161859887475877
6.420025	2.2161859887475877
6.420025	2.2161859887475877
6.420025	2.2161859887475877
6.480055	1.2712171354992434
6.480055	1.2712171354992434
6.480055	1.2712171354992434
6.480055	1.2712171354992434
6.480055	1.2712171354992434
6.480055	1.2712171354992434
6.540025	1.1986968124992792
6.552025	1.0306068124992693
6.55203	1.030536774999272
6.55203	1.030536774999272
6.55203	1.030536774999272
6.588163	1.1654290752501741
6.60003	1.2049399780001289
6.60003	1.2049399780001289
6.60003	1.2049399780001289
6.62403	1.2260168694996345
6.636028	1.1441383181996376
6.636028	1.1441383181996376
6.660028	1.2846778559998846
6.660028	1.2846778559998846
6.672036	1.2588846719998827
6.684028	1.3035995426008318
6.69607	1.4884195565008373
6.69607	1.4884195565008373
6.69607	1.4884195565008373
6.69607	1.4884195565008373
6.69607	1.4884195565008373
6.69607	1.4884195565008373
6.69607	1.4884195565008373
6.69607	1.4884195565008373
6.69607	1.4884195565008373
6.792028	1.3661845933999268
6.792028	1.3661845933999268
6.804028	1.303572826599261
6.804028	1.303572826599261
6.804028	1.303572826599261
6.804028	1.303572826599261
6.804028	1.303572826599261
6.85205	1.2627762975003078
6.85205	1.2627762975003078
6.85205	1.2627762975003078
6.888058	1.2686610564009453
6.888058	1.2686610564009453
6.888058	1.2686610564009453
6.888058	1.2686610564009453
6.888058	1.2686610564009453
6.936028	1.2585201780001274
6.94806	1.270262318000025
6.960147	1.2740750247495281
6.972054	1.1812510294995271
6.972054	1.1812510294995271
6.984048	1.1386615120002894
6.984048	1.1386615120002894
6.984048	1.1386615120002894
6.984048	1.1386615120002894
6.984048	1.1386615120002894
6.984048	1.1386615120002894
6.984048	1.1386615120002894
6.984048	1.1386615120002894
6.984048	1.1386615120002894
6.984048	1.1386615120002894
6.984048	1.1386615120002894
7.092079	1.2929984991505954
7.104145	1.3144337312491874
7.116048	1.1619711799991814
7.128053	1.1841589783005826
7.128053	1.1841589783005826
7.128053	1.1841589783005826
7.128053	1.1841589783005826
7.128053	1.1841589783005826
7.128053	1.1841589783005826
7.188052	1.3179040536004585
7.200028	1.4015675695991794
7.212028	1.2505259695991704
7.212028	1.2505259695991704
7.212028	1.2505259695991704
7.212028	1.2505259695991704
7.24807	1.2266222444994661
7.24807	1.2266222444994661
7.260754	1.1400999318007883
7.272049	1.2725530083007865
7.272049	1.2725530083007865
7.272049	1.2725530083007865
7.308065	1.4750040122490535
7.308065	1.4750040122490535
7.308065	1.4750040122490535
7.308065	1.4750040122490535
7.308065	1.4750040122490535
7.308065	1.4750040122490535
7.368112	1.3416861719987496
7.380049	1.1282190987521976
7.392029	1.5096473237522161
7.392029	1.5096473237522161
7.404048	1.7375162751995499
7.416028	1.6608131271995517
7.428053	1.4181040069980937
7.440028	1.0961590470010001
7.440028	1.0961590470010001
7.452038	1.2664638495010048
7.452038	1.2664638495010048
7.452038	1.2664638495010048
7.48809	1.3886684265044109
7.500053	2.1222020876966536
7.500053	2.1222020876966536
7.500053	2.1222020876966536
7.524046	1.3676694889030432
7.536048	1.8701590232030476
7.548061	1.6940000748969211
7.560028	1.1881293604002441
7.560032	1.1881426976002429
7.560032	1.1881426976002429
7.560032	1.1881426976002429
7.560032	1.1881426976002429
7.560032	1.1881426976002429
7.620652	1.4088894132032865
7.620652	1.4088894132032865
7.620652	1.4088894132032865
7.644052	2.0318883695956673
7.644052	2.0318883695956673
7.644052	2.0318883695956673
7.680032	1.2327983808004659
7.680032	1.2327983808004659
7.680032	1.2327983808004659
7.704032	1.29924121919893
7.704032	1.29924121919893
7.728056	1.3099429420022317
7.740032	1.6588661280000003
7.752076	1.6589143040000003
7.752076	1.6589143040000003
7.752076	1.6589143040000003
7.776052	1.7374603450003805
7.776052	1.7374603450003805
7.776052	1.7374603450003805
7.776052	1.7374603450003805
7.776052	1.7374603450003805
7.776052	1.7374603450003805
7.776052	1.7374603450003805
7.800052	1.6940584827977594
7.860032	1.5336595503988992
7.860032	1.5336595503988992
7.860032	1.5336595503988992
7.884069	1.2657312137501364
7.884069	1.2657312137501364
7.884069	1.2657312137501364
7.920032	1.0629664368037384
7.920032	1.0629664368037384
7.920032	1.0629664368037384
7.920032	1.0629664368037384
7.920032	1.0629664368037384
7.968057	1.9300122409530496
7.980032	2.3739291583974458
7.992034	1.9989260682974148
7.992034	1.9989260682974148
7.992034	1.9989260682974148
7.992034	1.9989260682974148
7.992034	1.9989260682974148
7.992034	1.9989260682974148
8.040053	1.138923895898919
8.052034	0.98269525019890958
8.052034	0.98269525019890958
8.052034	0.98269525019890958
8.088065	1.462764339749631
8.100032	1.4097503343986135
8.100032	1.4097503343986135
8.100032	1.4097503343986135
8.100032	1.4097503343986135
8.136032	1.115972137600181
8.149092	1.2149004896008402
8.149092	1.2149004896008402
8.149092	1.2149004896008402
8.149092	1.2149004896008402
8.185146	1.4582628568980882
8.185146	1.4582628568980882
8.185146	1.4582628568980882
8.185146	1.4582628568980882
8.185146	1.4582628568980882
8.185146	1.4582628568980882
8.185146	1.4582628568980882
8.209032	1.0664343543994363
8.269072	2.1678966119969756
8.281484	1.7433394867973442
8.281484	1.7433394867973442
8.281484	1.7433394867973442
8.281484	1.7433394867973442
8.281484	1.7433394867973442
8.329032	1.7299346099949786
8.329032	1.7299346099949786
8.329032	1.7299346099949786
8.329032	1.7299346099949786
8.329032	1.7299346099949786
8.377034	1.7148643415008444
8.389034	1.6522964953990935
8.389034	1.6522964953990935
8.389034	1.6522964953990935
8.389034	1.6522964953990935
8.389034	1.6522964953990935
8.437035	1.2404723437472949
8.437035	1.2404723437472949
8.449053	1.2644873798511229
8.461432	1.3828123759988813
8.461432	1.3828123759988813
8.461432	1.3828123759988813
8.461432	1.3828123759988813
8.509033	1.4879463071987638
8.52104	1.3326456799991462
8.533143	1.2204448184991297
8.533143	1.2204448184991297
8.533143	1.2204448184991297
8.533143	1.2204448184991297
8.569033	1.0058479673509346
8.569033	1.0058479673509346
8.581063	1.1404092458521693
8.581063	1.1404092458521693
8.581063	1.1404092458521693
8.581063	1.1404092458521693
8.629062	1.2978786003967102
8.64104	0.92283223600054065
8.64104	0.92283223600054065
8.64104	0.92283223600054065
8.64104	0.92283223600054065
8.64104	0.92283223600054065
8.68906	1.0646415039987764
8.68906	1.0646415039987764
8.701041	0.97284766565443093
8.701041	0.97284766565443093
8.701041	0.97284766565443093
8.701041	0.97284766565443093
8.749041	1.5164667199010815
8.761061	1.6470253201008571
8.773121	1.7528409661008593
8.773121	1.7528409661008593
8.773121	1.7528409661008593
8.773121	1.7528409661008593
8.809044	1.1505159000013101
8.809044	1.1505159000013101
8.821061	1.3051015002509088
8.833117	1.4152360742509056
8.833117	1.4152360742509056
8.833117	1.4152360742509056
8.869041	1.6037238135459992
8.869041	1.6037238135459992
8.869041	1.6037238135459992
8.869041	1.6037238135459992
8.869041	1.6037238135459992
8.917039	1.5208646672507955
8.929085	1.4149651602485502
8.929085	1.4149651602485502
8.929085	1.4149651602485502
8.929085	1.4149651602485502
8.929085	1.4149651602485502
8.977059	1.3820828007412056
8.989039	1.0752797536493637
8.989039	1.0752797536493637
9.013106	1.1851005913014074
9.013106	1.1851005913014074
9.025156	1.2771847617999723
9.025156	1.2771847617999723
9.049039	1.4393037677519211
9.049039	1.4393037677519211
9.049039	1.4393037677519211
9.073484	1.499486316598899
9.073484	1.499486316598899
9.073484	1.499486316598899
9.109059	1.4306503304016267
9.109059	1.4306503304016267
9.109059	1.4306503304016267
9.109059	1.4306503304016267
9.145138	1.3953672025998196
9.157064	1.3749463127998178
9.169039	1.2659772792487771
9.181039	1.1286483819988371
9.181039	1.1286483819988371
9.181039	1.1286483819988371
9.181039	1.1286483819988371
9.181039	1.1286483819988371
9.229039	1.1005840694498035
9.229039	1.1005840694498035
9.229039	1.1005840694498035
9.229039	1.1005840694498035
9.229039	1.1005840694498035
9.229039	1.1005840694498035
9.28906	1.339425038000333
9.28906	1.339425038000333
9.28906	1.339425038000333
9.28906	1.339425038000333
9.28906	1.339425038000333
9.337046	0.96178561429723985
9.349059	0.9887976210512297
9.349059	0.9887976210512297
9.349059	0.9887976210512297
9.349059	0.9887976210512297
9.349059	0.9887976210512297
9.397039	2.2329932834070512
9.409039	1.8476490579429143
9.42106	1.1520061589999775
9.42106	1.1520061589999775
9.433116	1.1495967673999774
9.433116	1.1495967673999774
9.433116	1.1495967673999774
9.433116	1.1495967673999774
9.469043	1.1095896635494547
9.481483	1.0963520475030779
9.493112	1.4101315400030634
9.493112	1.4101315400030634
9.493112	1.4101315400030634
9.493112	1.4101315400030634
9.529041	1.2415664343516459
9.541041	1.4263401735528796
9.541041	1.4263401735528796
9.541041	1.4263401735528796
9.541046	1.4264659813028748
9.58909	1.2364406300004305
9.58909	1.2364406300004305
9.58909	1.2364406300004305
9.58909	1.2364406300004305
9.625145	2.2028127332440937
9.625145	2.2028127332440937
9.649044	1.3521575481987658
9.649044	1.3521575481987658
9.649044	1.3521575481987658
9.649044	1.3521575481987658
9.649044	1.3521575481987658
9.649044	1.3521575481987658
9.709044	1.279609077799903
9.721091	1.2672881196996364
9.721091	1.2672881196996364
9.733652	1.2285587883996361
9.745197	1.1859923931994771
9.745197	1.1859923931994771
9.769064	1.0820892999994931
9.769064	1.0820892999994931
9.769064	1.0820892999994931
9.793109	1.228769504151757
9.793109	1.228769504151757
9.793109	1.228769504151757
9.829065	3.4861924267247559
9.829065	3.4861924267247559
9.829065	3.4861924267247559
9.853151	1.2425140649004112
9.865149	1.2300108090991546
9.878072	1.1405306647991602
9.878072	1.1405306647991602
9.902067	1.4361939513482485
9.902067	1.4361939513482485
9.902067	1.4361939513482485
9.902067	1.4361939513482485
9.938069	1.7226156138037054
9.950052	1.5299888427969408
9.962044	1.28152843219997
9.962044	1.28152843219997
9.97412	1.2786006059999702
9.97412	1.2786006059999702
9.97412	1.2786006059999702
9.97412	1.2786006059999702
9.97412	1.2786006059999702
10.022066	1.6189100660979354
10.034064	1.4213731943979282
10.046063	1.23958638689826
10.046063	1.23958638689826
10.070044	1.2600812188026633
10.070044	1.2600812188026633
10.070044	1.2600812188026633
10.070044	1.2600812188026633
10.070044	1.2600812188026633
10.070044	1.2600812188026633
10.070044	1.2600812188026633
10.070044	1.2600812188026633
10.070044	1.2600812188026633
10.070044	1.2600812188026633
10.070044	1.2600812188026633
10.070044	1.2600812188026633
10.190044	1.0590101628009336
10.190044	1.0590101628009336
10.190044	1.0590101628009336
10.190044	1.0590101628009336
10.190044	1.0590101628009336
10.190044	1.0590101628009336
10.190044	1.0590101628009336
10.190044	1.0590101628009336
10.190044	1.0590101628009336
10.190044	1.0590101628009336
10.287066	1.3148173494007163
10.299046	1.3808978314007243
10.299046	1.3808978314007243
10.299046	1.3808978314007243
10.299046	1.3808978314007243
10.299046	1.3808978314007243
10.299046	1.3808978314007243
10.359086	0.96838876989875988
10.371482	1.2081055478028673
10.371482	1.2081055478028673
10.371482	1.2081055478028673
10.371482	1.2081055478028673
10.371482	1.2081055478028673
10.419065	1.3207677122470896
10.419065	1.3207677122470896
10.419065	1.3207677122470896
10.419065	1.3207677122470896
10.455144	1.0756733787970356
10.455144	1.0756733787970356
10.455144	1.0756733787970356
10.455144	1.0756733787970356
10.455144	1.0756733787970356
10.455144	1.0756733787970356
10.479046	1.6815942655050473
10.527048	1.5854748863962069
10.539066	1.2507952187962159
10.551046	1.2535366334003528
10.551046	1.2535366334003528
10.551046	1.2535366334003528
10.55105	1.2535470450003543
10.58705	1.3096856225032851
10.599079	1.5992170365532929
10.611051	1.5139212081486662
10.62316	1.3877045199982883
10.62316	1.3877045199982883
10.62316	1.3877045199982883
10.647071	1.2727769421018404
10.65905	1.4319191550018462
10.65905	1.4319191550018462
10.65905	1.4319191550018462
10.683117	1.3293698880490998
10.69515	1.2509947474990941
10.69515	1.2509947474990941
10.71905	1.2419744875001648
10.71905	1.2419744875001648
10.71905	1.2419744875001648
10.74312	1.416993543997688
10.74312	1.416993543997688
10.74312	1.416993543997688
10.779069	1.1521724235001101
10.79105	1.0494581874986757
10.79105	1.0494581874986757
10.79105	1.0494581874986757
10.79105	1.0494581874986757
10.79105	1.0494581874986757
10.83905	1.1580367949952444
10.85105	1.3567027700029861
10.863142	1.5022094345981358
10.863142	1.5022094345981358
10.863142	1.5022094345981358
10.863142	1.5022094345981358
10.899053	1.3944771996008505
10.899053	1.3944771996008505
10.91107	1.5880245670024491
10.923112	1.6685931291967186
10.923112	1.6685931291967186
10.947049	1.3907748096522059
10.959048	1.574153726802201
10.959048	1.574153726802201
10.983117	1.3746347384026296
10.983117	1.3746347384026296
10.995148	1.5923380896026407
11.007048	1.5136611827965729
11.019095	1.2291092357465478
11.019095	1.2291092357465478
11.019095	1.2291092357465478
11.019095	1.2291092357465478
11.019095	1.2291092357465478
11.019095	1.2291092357465478
11.079067	1.6590519736515614
11.079067	1.6590519736515614
11.103114	1.0587997220051166
11.103114	1.0587997220051166
11.103114	1.0587997220051166
11.103114	1.0587997220051166
11.139048	1.3402409667976161
11.139048	1.3402409667976161
11.139048	1.3402409667976161
11.139048	1.3402409667976161
11.175168	1.1802332447992632
11.175168	1.1802332447992632
11.199088	1.3492689992015126
11.199088	1.3492689992015126
11.199088	1.3492689992015126
11.199088	1.3492689992015126
11.235163	1.3387162891506836
11.248073	1.2940912346987572
11.260048	1.1965465584025305
11.260048	1.1965465584025305
11.260048	1.1965465584025305
11.260048	1.1965465584025305
11.260048	1.1965465584025305
11.308073	1.2440646011507712
11.320068	1.304196667599578
11.320068	1.304196667599578
11.320068	1.304196667599578
11.320068	1.304196667599578
11.320068	1.304196667599578
11.320068	1.304196667599578
11.380048	1.1942751720018567
11.392056	1.3389145340018573
11.392056	1.3389145340018573
11.404204	1.3816198287980554
11.404204	1.3816198287980554
11.428095	1.0954773942483267
11.428095	1.0954773942483267
11.428095	1.0954773942483267
11.428095	1.0954773942483267
11.44005	0.97065900500997604
11.47605	1.4980478899925731
11.488091	1.5594543271548209
11.50005	1.9246009349967539
11.51205	1.675225334996739
11.51205	1.675225334996739
11.51205	1.675225334996739
11.51205	1.675225334996739
11.51205	1.675225334996739
11.51205	1.675225334996739
11.51205	1.675225334996739
11.512055	1.6751214284967431
11.56007	1.1409099245058127
11.596055	1.3304959304946098
11.596055	1.3304959304946098
11.596055	1.3304959304946098
11.596055	1.3304959304946098
11.596055	1.3304959304946098
11.596055	1.3304959304946098
11.596055	1.3304959304946098
11.620076	1.152680667598504
11.680059	1.3043412459008583
11.680059	1.3043412459008583
11.680059	1.3043412459008583
11.704055	1.4161063815001937
11.704055	1.4161063815001937
11.728079	1.3433297429981736
11.728079	1.3433297429981736
11.728079	1.3433297429981736
11.728079	1.3433297429981736
11.728079	1.3433297429981736
11.740055	1.2075284669996933
11.788086	1.5417899899984524
11.788086	1.5417899899984524
11.788086	1.5417899899984524
11.788086	1.5417899899984524
11.788086	1.5417899899984524
11.836055	1.7202308082525635
11.848114	1.6306103567969301
11.860055	1.4082763549987052
11.860055	1.4082763549987052
11.860055	1.4082763549987052
11.860055	1.4082763549987052
11.860055	1.4082763549987052
11.908078	1.5094115034969322
11.920074	1.2877451205007624
11.920074	1.2877451205007624
11.920074	1.2877451205007624
11.920074	1.2877451205007624
11.920074	1.2877451205007624
11.932099	1.3433397017507613
11.980075	1.4860938362487011
11.980075	1.4860938362487011
11.980075	1.4860938362487011
12.004055	1.3569260002511001
12.016073	1.4364196621511096
12.016073	1.4364196621511096
12.040053	1.4294055755993451
12.040053	1.4294055755993451
12.040053	1.4294055755993451
12.040053	1.4294055755993451
12.040053	1.4294055755993451
12.088094	1.3908422302980765
12.088094	1.3908422302980765
12.088094	1.3908422302980765
12.088094	1.3908422302980765
12.088094	1.3908422302980765
12.088094	1.3908422302980765
12.088094	1.3908422302980765
12.088094	1.3908422302980765
12.160449	1.132381207050893
12.160449	1.132381207050893
12.160449	1.132381207050893
12.160449	1.132381207050893
12.160449	1.132381207050893
12.160449	1.132381207050893
12.220553	1.5213933664475043
12.232058	1.3547969396975059
12.244081	1.2620305528009357
12.244081	1.2620305528009357
12.244081	1.2620305528009357
12.280074	1.5810038311011172
12.280074	1.5810038311011172
12.280074	1.5810038311011172
12.280074	1.5810038311011172
12.316053	1.3988176808466393
12.328116	1.4743123306032468
12.340094	1.7020282151101362
12.340094	1.7020282151101362
12.352075	2.3968261737600747
12.352075	2.3968261737600747
12.352075	2.3968261737600747
12.388078	1.9987198087963483
12.400053	1.7494249920964482
12.412083	1.5056454630964209
12.412083	1.5056454630964209
12.412083	1.5056454630964209
12.412083	1.5056454630964209
12.448079	2.0496225810507434
12.448079	2.0496225810507434
12.448079	2.0496225810507434
12.448079	2.0496225810507434
12.448079	2.0496225810507434
12.460093	2.1039610186078019
12.509053	2.0225504533454899
12.509053	2.0225504533454899
12.533119	1.7452802139000103
12.533119	1.7452802139000103
12.533119	1.7452802139000103
12.533119	1.7452802139000103
12.533119	1.7452802139000103
12.569053	2.1978887598979462
12.593156	1.7721932805958889
12.593156	1.7721932805958889
12.593156	1.7721932805958889
12.593156	1.7721932805958889
12.629077	1.7549301631035681
12.629077	1.7549301631035681
12.629077	1.7549301631035681
12.629077	1.7549301631035681
12.665155	1.4802338710028553
12.665155	1.4802338710028553
12.689079	1.8370998863024628
12.689079	1.8370998863024628
12.689079	1.8370998863024628
12.689079	1.8370998863024628
12.689079	1.8370998863024628
12.689079	1.8370998863024628
12.749058	1.683939619798654
12.749058	1.683939619798654
12.761091	1.6075562248007111
12.761091	1.6075562248007111
12.761091	1.6075562248007111
12.797058	1.5526276872986191
12.809058	1.6357503331021435
12.821079	1.769547081301138
12.833132	1.8442118004011498
12.833132	1.8442118004011498
12.845212	1.9072318208007271
12.845212	1.9072318208007271
12.869077	1.873464398448115
12.869077	1.873464398448115
12.881058	1.7582500835991823
12.881058	1.7582500835991823
12.905263	1.6977700419008186
12.917058	1.7496833754008245
12.929058	1.8622681884020491
12.929058	1.8622681884020491
12.929058	1.8622681884020491
12.929058	1.8622681884020491
12.929058	1.8622681884020491
12.929058	1.8622681884020491
12.989062	1.7034291376992821
13.001078	1.6675783267010091
13.001078	1.6675783267010091
13.013134	1.7322907151010167
13.013134	1.7322907151010167
13.013134	1.7322907151010167
13.049059	6.2094092929389895
13.061059	3.431015384284767
13.073134	12.005193348034517
13.073134	12.005193348034517
13.073134	12.005193348034517
13.073134	12.005193348034517
13.109098	1.7264493332072812
13.121064	2.1270460271969442
13.121064	2.1270460271969442
13.133496	1.9285666607969616
13.133496	1.9285666607969616
13.157081	2.172609186503899
13.16906	2.2850654360011227
13.16906	2.2850654360011227
13.16906	2.2850654360011227
13.16906	2.2850654360011227
13.205168	1.5672307768051978
13.217086	1.8879900411051953
13.22906	1.9736926330001556
13.241103	2.0190304273064346
13.241103	2.0190304273064346
13.241103	2.0190304273064346
13.241103	2.0190304273064346
13.277061	2.1169567514439933
13.28908	2.0659404980008578
13.30106	2.1010970039976273
13.30106	2.1010970039976273
13.30106	2.1010970039976273
13.325213	1.7875709205969206
13.325213	1.7875709205969206
13.34908	2.0788815100113558
13.34908	2.0788815100113558
13.373176	2.0909883351907395
13.373176	2.0909883351907395
13.373176	2.0909883351907395
13.397082	2.8289467253121483
13.40906	2.4675195209881964
13.40906	2.4675195209881964
13.40906	2.4675195209881964
13.40906	2.4675195209881964
13.40906	2.4675195209881964
13.45707	1.7137497095037522
13.46908	1.9842803560046933
13.48106	2.2449287180003936
13.48106	2.2449287180003936
13.48106	2.2449287180003936
13.48106	2.2449287180003936
13.536923	2.0011877608970283
13.548127	1.8544981458475285
13.548127	1.8544981458475285
13.561064	1.7264905216036426
13.561064	1.7264905216036426
13.585059	2.2249310780060911
13.597179	2.5938881180061371
13.597179	2.5938881180061371
13.597179	2.5938881180061371
13.597179	2.5938881180061371
13.597179	2.5938881180061371
13.597179	2.5938881180061371
13.657264	1.7522322264008392
13.657264	1.7522322264008392
13.657264	1.7522322264008392
13.681064	1.7646448692014989
13.681064	1.7646448692014989
13.681064	1.7646448692014989
13.717178	1.909003921200046
13.717178	1.909003921200046
13.729064	1.9749062384014624
13.729064	1.9749062384014624
13.753146	1.9779455005988278
13.753146	1.9779455005988278
13.777189	1.9436152299000613
13.777189	1.9436152299000613
13.777189	1.9436152299000613
13.777189	1.9436152299000613
13.777189	1.9436152299000613
13.777189	1.9436152299000613
13.837165	2.7113189167603857
13.837165	2.7113189167603857
13.849064	2.5950212479941017
13.849064	2.5950212479941017
13.849064	2.5950212479941017
13.849064	2.5950212479941017
13.897168	1.7556171936006257
13.897168	1.7556171936006257
13.909065	1.7757100985002652
13.909065	1.7757100985002652
13.933437	1.7308894842490909
13.933437	1.7308894842490909
13.957194	1.786941840901026
13.957194	1.786941840901026
13.969064	1.8637208544014474
13.969064	1.8637208544014474
13.99314	1.9455451790000939
13.99314	1.9455451790000939
14.017165	1.842427876998699
14.017165	1.842427876998699
14.017165	1.842427876998699
14.041064	2.6087940987959173
14.053245	2.3730058727459125
14.053245	2.3730058727459125
14.077182	2.6003631168044139
14.077182	2.6003631168044139
14.089069	2.5074352060964582
14.101063	2.2753110027401782
14.113159	1.7140475307401819
14.125064	1.5130995960048841
14.137165	1.7914407475048779
14.137165	1.7914407475048779
14.149064	1.8036160827987597
14.161064	1.7908691120102431
14.173146	2.3727140680102305
14.185167	2.4848849842409999
14.197177	1.9783962617409858
14.197177	1.9783962617409858
14.197177	1.9783962617409858
14.197177	1.9783962617409858
14.233148	2.331499988815728
14.233148	2.331499988815728
14.257172	2.2907285583931767
14.257172	2.2907285583931767
14.257172	2.2907285583931767
14.281064	2.935038410389601
14.29314	2.354316853989654
14.305064	1.8637513439931501
14.317324	1.4747538039931578
14.317324	1.4747538039931578
14.329064	1.6062876156051893
14.329064	1.6062876156051893
14.329064	1.6062876156051893
14.365064	1.7710894080099631
14.377183	2.3258002760099847
14.377183	2.3258002760099847
14.377183	2.3258002760099847
14.377183	2.3258002760099847
14.413151	2.072672844094491
14.413151	2.072672844094491
14.437166	1.7210308713977323
14.437166	1.7210308713977323
14.449163	1.5557385778467436
14.449163	1.5557385778467436
14.473147	2.1575421045627925
14.473147	2.1575421045627925
14.497187	2.2455566584960307
14.497187	2.2455566584960307
14.497187	2.2455566584960307
14.497187	2.2455566584960307
14.497187	2.2455566584960307
14.497187	2.2455566584960307
14.55717	1.9032125994921025
14.55717	1.9032125994921025
14.55717	1.9032125994921025
14.55717	1.9032125994921025
14.557175	1.9030337362420457
14.605069	1.6290837769517115
14.617173	1.7220612581517059
14.617173	1.7220612581517059
14.629069	1.8961833588037382
14.641068	2.0709485149981273
14.653139	1.9699896887481347
14.653139	1.9699896887481347
14.677196	1.7387948505977318
14.677196	1.7387948505977318
14.689069	1.8689569009539191
14.689069	1.8689569009539191
14.689069	1.8689569009539191
14.689069	1.8689569009539191
14.737165	1.7395139547491856
14.737165	1.7395139547491856
14.749073	1.7493592651004988
14.749073	1.7493592651004988
14.773141	1.8518675107513509
14.785069	1.9405457891521356
14.797165	2.0546757827521347
14.797165	2.0546757827521347
14.809088	2.0770863887998923
14.809088	2.0770863887998923
14.833141	1.8286305194958012
14.833141	1.8286305194958012
14.833141	1.8286305194958012
14.857644	2.1237414748054642
14.857644	2.1237414748054642
14.857644	2.1237414748054642
14.857644	2.1237414748054642
14.857644	2.1237414748054642
14.857644	2.1237414748054642
14.857644	2.1237414748054642
14.857644	2.1237414748054642
14.91717	2.0887928970011607
14.953143	2.4714780541131431
14.953143	2.4714780541131431
14.977256	2.4026036775938477
14.977256	2.4026036775938477
14.977256	2.4026036775938477
14.977256	2.4026036775938477
14.977256	2.4026036775938477
15.025075	2.609834613780682
15.037187	4.2203048769807321
15.037187	4.2203048769807321
15.049075	3.9547358062336366
15.061075	3.1567147524939267
15.061075	3.1567147524939267
15.085075	2.3293848024847068
15.09717	1.5339051189846626
15.09717	1.5339051189846626
15.09717	1.5339051189846626
15.09717	1.5339051189846626
15.09717	1.5339051189846626
15.09717	1.5339051189846626
15.157179	2.303310098858109
15.157179	2.303310098858109
15.169075	2.1667669737439552
15.169075	2.1667669737439552
15.193138	1.5931025238948011
15.193138	1.5931025238948011
15.217186	1.7857493714047239
15.217186	1.7857493714047239
15.217186	1.7857493714047239
15.217186	1.7857493714047239
15.217186	1.7857493714047239
15.217186	1.7857493714047239
15.277186	2.0795662925031042
15.277186	2.0795662925031042
15.277186	2.0795662925031042
15.301075	2.1021801312471395
15.313147	1.9572165372471382
15.313147	1.9572165372471382
15.337169	1.4194450236436993
15.337169	1.4194450236436993
15.349075	2.0700705650189932
15.349075	2.0700705650189932
15.373215	2.4123691892403913
15.385075	2.0902842737476739
15.397186	1.9727306688976802
15.397186	1.9727306688976802
15.397186	1.9727306688976802
15.397186	1.9727306688976802
15.397186	1.9727306688976802
15.397186	1.9727306688976802
15.397186	1.9727306688976802
15.397186	1.9727306688976802
15.397186	1.9727306688976802
15.45717	2.1163803769715956
15.49314	2.9147417200191859
15.49314	2.9147417200191859
15.517171	1.9583716787789083
15.517171	1.9583716787789083
15.529096	2.0326804248085311
15.529096	2.0326804248085311
15.553143	2.1300965261446718
15.565075	1.9900728887504917
15.577225	2.0146383662504928
15.577225	2.0146383662504928
15.589104	2.4202792152107313
15.589109	2.420498915460723
15.613143	2.1125051935353452
15.613143	2.1125051935353452
15.613143	2.1125051935353452
15.613143	2.1125051935353452
15.613143	2.1125051935353452
15.613143	2.1125051935353452
15.613143	2.1125051935353452
15.63725	2.0635888375051206
15.697174	1.782557133895486
15.697174	1.782557133895486
15.70908	1.8612774420035394
15.721101	2.0614414306596931
15.721101	2.0614414306596931
15.721101	2.0614414306596931
15.757179	1.9449877178376305
15.757179	1.9449877178376305
15.769153	1.8696141030017637
15.78108	1.9429447539990317
15.793145	1.8956203947490244
15.793145	1.8956203947490244
15.817186	1.7415555999981658
15.817186	1.7415555999981658
15.817186	1.7415555999981658
15.817186	1.7415555999981658
15.853165	2.1640824715063451
15.853165	2.1640824715063451
15.877185	2.3079704244995662
15.877185	2.3079704244995662
15.877185	2.3079704244995662
15.877185	2.3079704244995662
15.877185	2.3079704244995662
15.877185	2.3079704244995662
15.937176	2.1153687604059654
15.937176	2.1153687604059654
15.94908	1.9676113819940406
15.96108	1.7450576780084492
15.973152	2.1494437232084533
15.9851	2.2323634699927877
15.997175	1.8855658474927466
15.997175	1.8855658474927466
15.997175	1.8855658474927466
15.997175	1.8855658474927466
15.997175	1.8855658474927466
15.997175	1.8855658474927466
16.05718	2.0645555620032545
16.05718	2.0645555620032545
16.05718	2.0645555620032545
16.08108	2.4243093859934133
16.093144	2.111465134793439
16.093144	2.111465134793439
16.117192	1.5023027915936258
16.117192	1.5023027915936258
16.117192	1.5023027915936258
16.117192	1.5023027915936258
16.153147	2.2051262610048816
16.153147	2.2051262610048816
16.17719	1.9271853444939264
16.17719	1.9271853444939264
16.17719	1.9271853444939264
16.17719	1.9271853444939264
16.213146	1.7204818028981312
16.22508	1.7252427600027642
16.237175	1.8561348500027908
16.237175	1.8561348500027908
16.237175	1.8561348500027908
16.237175	1.8561348500027908
16.273145	1.648480979495718
16.285098	1.5876019447027039
16.29725	1.7141060875026735
16.29725	1.7141060875026735
16.29725	1.7141060875026735
16.29725	1.7141060875026735
16.29725	1.7141060875026735
16.29725	1.7141060875026735
16.357177	1.7316229300506356
16.357177	1.7316229300506356
16.36908	2.1258398480111076
16.36908	2.1258398480111076
16.36908	2.1258398480111076
16.36908	2.1258398480111076
16.417175	1.818539519997082
16.417175	1.818539519997082
16.429151	1.7682813935994632
16.429151	1.7682813935994632
16.429151	1.7682813935994632
16.429151	1.7682813935994632
16.477192	1.8343088359933004
16.477192	1.8343088359933004
16.477192	1.8343088359933004
16.477192	1.8343088359933004
16.513154	2.6594959773174764
16.525102	2.7731597974823785
16.537193	1.9656170212324899
16.537193	1.9656170212324899
16.537193	1.9656170212324899
16.537193	1.9656170212324899
16.573151	1.6902307401527412
16.573151	1.6902307401527412
16.597191	1.6272987112479431
16.609087	1.8900280054082712
16.609087	1.8900280054082712
16.609087	1.8900280054082712
16.633157	2.2322512108500079
16.645086	2.233313857100045
16.657204	2.2353720994000454
16.657204	2.2353720994000454
16.657204	2.2353720994000454
16.657204	2.2353720994000454
16.657204	2.2353720994000454
16.705087	2.0286032954014357
16.71718	2.093835356001438
16.71718	2.093835356001438
16.71718	2.093835356001438
16.71718	2.093835356001438
16.753163	2.2028696623563895
16.753163	2.2028696623563895
16.777215	1.9356587637432476
16.777215	1.9356587637432476
16.777215	1.9356587637432476
16.777215	1.9356587637432476
16.777215	1.9356587637432476
16.777215	1.9356587637432476
16.837192	2.095215339603449
16.837192	2.095215339603449
16.849087	2.0043865840462263
16.849087	2.0043865840462263
16.87315	1.8341329024996229
16.87315	1.8341329024996229
16.897214	1.5557701362957357
16.897214	1.5557701362957357
16.897214	1.5557701362957357
16.897214	1.5557701362957357
16.93315	1.9251503325051382
16.93315	1.9251503325051382
16.957269	2.1625823591017173
16.957269	2.1625823591017173
16.969086	2.2321372524015772
16.969086	2.2321372524015772
16.993176	2.1940778999979185
17.005087	2.0195845076934349
17.017192	1.7287873031933851
17.017192	1.7287873031933851
17.029176	1.7845357756036766
17.029176	1.7845357756036766
17.053173	2.1214561120040099
17.053173	2.1214561120040099
17.053173	2.1214561120040099
17.053173	2.1214561120040099
17.053173	2.1214561120040099
17.053173	2.1214561120040099
17.053173	2.1214561120040099
17.077193	1.849553708944033
17.137188	1.8995156088014682
17.137188	1.8995156088014682
17.149087	2.2962420698116883
17.149087	2.2962420698116883
17.149087	2.2962420698116883
17.185108	1.7571888257981361
17.197181	1.6759840168481284
17.197181	1.6759840168481284
17.197181	1.6759840168481284
17.221157	1.939287160146886
17.233159	1.8057523080468947
17.233159	1.8057523080468947
17.233159	1.8057523080468947
17.233159	1.8057523080468947
17.233159	1.8057523080468947
17.257226	1.9812100879040648
17.29315	1.7262565624995956
17.30509	1.7084568339995641
17.317217	1.6895702441995644
17.317217	1.6895702441995644
17.329087	1.5352941390953498
17.329087	1.5352941390953498
17.329087	1.5352941390953498
17.329087	1.5352941390953498
17.377194	1.5194929562920387
17.377194	1.5194929562920387
17.38913	1.7219611370087522
17.38913	1.7219611370087522
17.38913	1.7219611370087522
17.425087	1.6835979844436659
17.437191	1.413586188843722
17.437191	1.413586188843722
17.437191	1.413586188843722
17.461087	2.0217548873455247
17.47315	1.8306655074955005
17.485158	1.7897183525036982
17.485158	1.7897183525036982
17.485158	1.7897183525036982
17.485158	1.7897183525036982
17.521132	1.7525380820099188
17.533153	2.1692280155098298
17.533153	2.1692280155098298
17.557199	2.2709222068977435
17.557199	2.2709222068977435
17.557199	2.2709222068977435
17.581107	1.393588947913992
17.593153	1.9843211741140809
17.593153	1.9843211741140809
17.617265	1.9347981744936074
17.617265	1.9347981744936074
17.629094	2.1551849240088337
17.641094	2.462369557392071
17.653167	2.1278520806920391
17.665094	1.8646719520958306
17.677199	1.6891754778458006
17.677199	1.6891754778458006
17.689094	1.7087415433019124
17.701094	1.7969289975042435
17.713184	1.9740021600042041
17.725094	2.0756783391001044
17.725094	2.0756783391001044
17.737191	2.0800653161501046
17.749165	1.9755788112466508
17.749165	1.9755788112466508
17.749165	1.9755788112466508
17.749165	1.9755788112466508
17.797194	1.9495719466976922
17.797194	1.9495719466976922
17.797194	1.9495719466976922
17.797194	1.9495719466976922
17.797194	1.9495719466976922
17.797194	1.9495719466976922
17.797194	1.9495719466976922
17.797194	1.9495719466976922
17.797194	1.9495719466976922
17.797194	1.9495719466976922
17.797194	1.9495719466976922
17.797194	1.9495719466976922
17.797194	1.9495719466976922
17.857198	2.0003948170026273
17.917239	1.45421544509442
17.941094	1.8081562024028035
17.95318	1.9236935280028065
17.965094	2.0937138226060643
17.977238	2.3436118402060542
17.977238	2.3436118402060542
17.977238	2.3436118402060542
17.977238	2.3436118402060542
18.013228	1.8479751532028832
18.013228	1.8479751532028832
18.037187	2.5502031571609267
18.037187	2.5502031571609267
18.037187	2.5502031571609267
18.037187	2.5502031571609267
18.073159	2.3921034979037104
18.073159	2.3921034979037104
18.097209	2.1528407751444067
18.097209	2.1528407751444067
18.097209	2.1528407751444067
18.097209	2.1528407751444067
18.133166	1.7571880320971387
18.133166	1.7571880320971387
18.157214	1.6215059661987912
18.157214	1.6215059661987912
18.169094	1.7938541471060516
18.181174	2.0017449350968715
18.181174	2.0017449350968715
18.205094	1.8586745026032205
18.217188	1.9892643052032357
18.217188	1.9892643052032357
18.229096	2.0893529332022855
18.229096	2.0893529332022855
18.229096	2.0893529332022855
18.229096	2.0893529332022855
18.277277	1.7699380923011065
18.277277	1.7699380923011065
18.289094	1.8218023315013807
18.289094	1.8218023315013807
18.289094	1.8218023315013807
18.325095	2.5477004307344289
18.337193	1.9256315540345099
18.337193	1.9256315540345099
18.349094	2.1324123383117071
18.361094	2.5087552544875731
18.361094	2.5087552544875731
18.361094	2.5087552544875731
18.397188	1.9580040912039214
18.397188	1.9580040912039214
18.409165	2.2034108190069599
18.409165	2.2034108190069599
18.433166	2.0012456669896244
18.433166	2.0012456669896244
18.457196	2.2232109798080555
18.457196	2.2232109798080555
18.457196	2.2232109798080555
18.457196	2.2232109798080555
18.457196	2.2232109798080555
18.457196	2.2232109798080555
18.517191	1.9131506714542088
18.517191	1.9131506714542088
18.517191	1.9131506714542088
18.517191	1.9131506714542088
18.553164	1.5872582483885307
18.565094	1.4344052433062191
18.565094	1.4344052433062191
18.565094	1.4344052433062191
18.577205	1.681069374756242
18.601094	1.3903408880073955
18.613132	1.6798788640074123
18.62512	1.9210206400045573
18.63721	2.1003697450045697
18.63721	2.1003697450045697
18.6491	2.2316769200030571
18.6491	2.2316769200030571
18.6491	2.2316769200030571
18.6491	2.2316769200030571
18.697194	1.769428909398959
18.697194	1.769428909398959
18.697194	1.769428909398959
18.721099	1.8617976631012139
18.733164	1.9091757116012138
18.7451	1.9666393800018704
18.757215	2.0393754170018594
18.757215	2.0393754170018594
18.757215	2.0393754170018594
18.757215	2.0393754170018594
18.793164	1.8536984284036606
18.793164	1.8536984284036606
18.817196	2.3858212792081877
18.817196	2.3858212792081877
18.8291	2.1194660849883054
18.8291	2.1194660849883054
18.853171	2.2518933365128166
18.865099	2.318311095136854
18.877207	1.811468398936936
18.877207	1.811468398936936
18.877207	1.811468398936936
18.877207	1.811468398936936
18.913178	1.9204180179026482
18.913178	1.9204180179026482
18.937263	2.1807884204537133
18.937263	2.1807884204537133
18.937263	2.1807884204537133
18.937263	2.1807884204537133
18.937263	2.1807884204537133
18.937263	2.1807884204537133
18.997194	1.9630502051041236
18.997194	1.9630502051041236
18.997194	1.9630502051041236
18.997194	1.9630502051041236
19.033171	1.6177454451955215
19.033171	1.6177454451955215
19.057198	2.3705140942156602
19.057198	2.3705140942156602
19.069222	2.3741002707953576
19.069222	2.3741002707953576
19.069222	2.3741002707953576
19.069222	2.3741002707953576
19.117222	1.6716696292997735
19.117222	1.6716696292997735
19.117222	1.6716696292997735
19.117222	1.6716696292997735
19.117222	1.6716696292997735
19.165101	2.1459650253487981
19.177206	2.1004544620987904
19.177206	2.1004544620987904
19.177206	2.1004544620987904
19.177206	2.1004544620987904
19.213163	2.1607182597845869
19.213163	2.1607182597845869
19.237198	1.5445473304946091
19.237198	1.5445473304946091
19.237198	1.5445473304946091
19.2611	2.0148277399981183
19.2611	2.0148277399981183
19.2611	2.0148277399981183
19.297194	3.6835477731334922
19.297194	3.6835477731334922
19.309099	3.1060793532692319
19.309099	3.1060793532692319
19.309099	3.1060793532692319
19.309099	3.1060793532692319
19.357196	2.0424706634079488
19.357196	2.0424706634079488
19.369103	2.1419189035510735
19.369103	2.1419189035510735
19.393164	1.9516999597944389
19.4051	5.7705244602514139
19.417214	15.120649944651923
19.417214	15.120649944651923
19.4291	10.175306749747675
19.4291	10.175306749747675
19.453168	1.8724814472048839
19.465173	1.8790854239439907
19.47723	1.6569490644940108
19.47723	1.6569490644940108
19.47723	1.6569490644940108
19.47723	1.6569490644940108
19.47723	1.6569490644940108
19.47723	1.6569490644940108
19.537195	1.7059950309986696
19.537195	1.7059950309986696
19.54912	1.8900098800069927
19.54912	1.8900098800069927
19.54912	1.8900098800069927
19.5851	2.1396584050139573
19.597263	2.6552060126640122
19.597263	2.6552060126640122
19.597263	2.6552060126640122
19.597274	2.6556722647138891
19.597274	2.6556722647138891
19.64511	2.4659849449913005
19.657212	2.1458809939912333
19.657212	2.1458809939912333
19.657212	2.1458809939912333
19.657212	2.1458809939912333
19.657212	2.1458809939912333
19.70511	12.728632964746044
19.717205	3.4896434572468902
19.717205	3.4896434572468902
19.717205	3.4896434572468902
19.717205	3.4896434572468902
19.717205	3.4896434572468902
19.717205	3.4896434572468902
19.777218	3.8824168455447534
19.777218	3.8824168455447534
19.777218	3.8824168455447534
19.80111	1.9679635354991194
19.813193	1.9361616836491267
19.825111	1.9382908309013078
19.837212	1.9857497428013138
19.837212	1.9857497428013138
19.849111	2.0261822291510843
19.849111	2.0261822291510843
19.873181	1.9666642918976009
19.873181	1.9666642918976009
19.897285	1.7078305342459286
19.897285	1.7078305342459286
19.897285	1.7078305342459286
19.897285	1.7078305342459286
19.933175	2.3053624412691041
19.933175	2.3053624412691041
19.957211	1.8766939095839521
19.957211	1.8766939095839521
19.957211	1.8766939095839521
19.957211	1.8766939095839521
19.957211	1.8766939095839521
19.957211	1.8766939095839521
20.017227	1.4519382481415439
20.017227	1.4519382481415439
20.029199	1.9607263891211659
20.041111	2.5971665070869201
20.041111	2.5971665070869201
20.041111	2.5971665070869201
20.077233	1.807344745748793
20.077233	1.807344745748793
20.077233	1.807344745748793
20.101111	1.8880936287404495
20.113183	1.5481611987404462
20.113183	1.5481611987404462
20.137215	1.7606169192580254
20.137215	1.7606169192580254
20.137215	1.7606169192580254
20.137215	1.7606169192580254
20.137215	1.7606169192580254
20.137215	1.7606169192580254
20.19721	1.7375687574960845
20.19721	1.7375687574960845
20.19721	1.7375687574960845
20.19721	1.7375687574960845
20.233182	1.9315228171052534
20.233182	1.9315228171052534
20.233182	1.9315228171052534
20.257285	1.8125296117455654
20.269512	2.0928421508113462
20.269512	2.0928421508113462
20.269512	2.0928421508113462
20.269512	2.0928421508113462
20.317224	1.4661855875925773
20.317224	1.4661855875925773
20.317224	1.4661855875925773
20.317224	1.4661855875925773
20.353179	1.8557667438518581
20.353179	1.8557667438518581
20.377225	2.8386792650189419
20.377225	2.8386792650189419
20.377225	2.8386792650189419
20.401111	1.9249820695008222
20.401111	1.9249820695008222
20.425114	1.9286726924972053
20.43721	1.831315012497206
20.43721	1.831315012497206
20.43721	1.831315012497206
20.43721	1.831315012497206
20.43721	1.831315012497206
20.43721	1.831315012497206
20.497204	1.9559615671999657
20.497204	1.9559615671999657
20.509111	1.9115883933483102
20.509111	1.9115883933483102
20.509111	1.9115883933483102
20.509111	1.9115883933483102
20.55723	3.5175931315353615
20.55723	3.5175931315353615
20.55723	3.5175931315353615
20.55723	3.5175931315353615
20.55723	3.5175931315353615
20.605111	1.7960361607654738
20.617207	2.3289042727654703
20.617207	2.3289042727654703
20.617211	2.3290804857654948
20.617211	2.3290804857654948
20.65325	1.8427573499811032
20.665114	1.5971115996080543
20.677238	1.8754956132080609
20.677238	1.8754956132080609
20.677238	1.8754956132080609
20.701115	1.9096173430000312
20.701115	1.9096173430000312
20.701115	1.9096173430000312
20.737226	1.719859074996078
20.737226	1.719859074996078
20.749115	2.2640823987722847
20.749115	2.2640823987722847
20.773186	2.4693243959871096
20.785192	2.1972710795984205
20.797214	2.1434431756984114
20.797214	2.1434431756984114
20.797214	2.1434431756984114
20.797214	2.1434431756984114
20.797214	2.1434431756984114
20.797214	2.1434431756984114
20.857215	14.967531513269405
20.857215	14.967531513269405
20.869115	10.058691330225324
20.881115	1.6698175342471635
20.881115	1.6698175342471635
20.905115	1.6014529297556601
20.917278	1.7951809367056806
20.917278	1.7951809367056806
20.917278	1.7951809367056806
20.917278	1.7951809367056806
20.917278	1.7951809367056806
20.917278	1.7951809367056806
20.917278	1.7951809367056806
20.977257	1.7887698576511362
20.989115	2.2337584925172491
21.001115	2.6992617869821878
21.001115	2.6992617869821878
21.001115	2.6992617869821878
21.037207	3.7148580921907381
21.037207	3.7148580921907381
21.037207	3.7148580921907381
21.037207	3.7148580921907381
21.037207	3.7148580921907381
21.037207	3.7148580921907381
21.097214	2.9099999760186694
21.097214	2.9099999760186694
21.097214	2.9099999760186694
21.097214	2.9099999760186694
21.097214	2.9099999760186694
21.097214	2.9099999760186694
21.157226	1.639966971006066
21.157226	1.639966971006066
21.157226	1.639966971006066
21.157226	1.639966971006066
21.157226	1.639966971006066
21.205115	2.3634996372355515
21.217212	1.8812908377855138
21.217212	1.8812908377855138
21.217212	1.8812908377855138
21.241135	2.4935939882369991
21.253184	2.063046468786951
21.265115	1.8144780672496414
21.277218	1.8026189426996413
21.277218	1.8026189426996413
21.277218	1.8026189426996413
21.277218	1.8026189426996413
21.277218	1.8026189426996413
21.325115	1.6456611219933834
21.337217	1.4268908475934019
21.337217	1.4268908475934019
21.337217	1.4268908475934019
21.337217	1.4268908475934019
21.337217	1.4268908475934019
21.337217	1.4268908475934019
21.397213	2.1060310071001349
21.397213	2.1060310071001349
21.397213	2.1060310071001349
21.397213	2.1060310071001349
21.397213	2.1060310071001349
21.445186	1.8754958743956951
21.445186	1.8754958743956951
21.445186	1.8754958743956951
21.445186	1.8754958743956951
21.457217	1.734737986795688
21.49319	1.8886337685017807
21.505115	1.8596317289955224
21.517215	1.7130353889955168
21.517215	1.7130353889955168
21.529115	1.7668312697535629
21.529115	1.7668312697535629
21.553182	2.1176641017069175
21.565114	2.020634036683671
21.577301	1.485826431533779
21.577301	1.485826431533779
21.577301	1.485826431533779
21.577301	1.485826431533779
21.577301	1.485826431533779
21.577301	1.485826431533779
21.637224	2.0848659488069217
21.637224	2.0848659488069217
21.649122	2.4238137560116884
21.661122	2.7072773566803927
21.661122	2.7072773566803927
21.685121	1.7788438322548803
21.697249	1.9378692002548912
21.697249	1.9378692002548912
21.709193	1.931918877698295
21.709193	1.931918877698295
21.709193	1.931918877698295
21.709193	1.931918877698295
21.757219	1.9011417402324349
21.757219	1.9011417402324349
21.769122	2.3227731309226778
21.781122	2.9106249779763718
21.793186	2.1511841139764347
21.793186	2.1511841139764347
21.817216	1.3800929631925547
21.817216	1.3800929631925547
21.817216	1.3800929631925547
21.841192	2.0657771852100191
21.853189	2.3852494971600509
21.853189	2.3852494971600509
21.877249	3.7689161102762485
21.877249	3.7689161102762485
21.877249	3.7689161102762485
21.901122	1.8329167564906252
21.901122	1.8329167564906252
21.901122	1.8329167564906252
21.937239	1.7566915036086272
21.937239	1.7566915036086272
21.937239	1.7566915036086272
21.937239	1.7566915036086272
21.937239	1.7566915036086272
21.937239	1.7566915036086272
21.997216	1.7980863871969617
21.997216	1.7980863871969617
21.997216	1.7980863871969617
21.997216	1.7980863871969617
21.997216	1.7980863871969617
22.045122	1.6361970726953374
22.057242	1.4876101146953407
22.057242	1.4876101146953407
22.057242	1.4876101146953407
22.057242	1.4876101146953407
22.093185	1.9026408242273682
22.093185	1.9026408242273682
22.117226	1.9939656363109977
22.117226	1.9939656363109977
22.117226	1.9939656363109977
22.141219	1.7520122443955712
22.153204	1.6133170303955771
22.165122	1.6853786792112948
22.177229	2.0416102044113114
22.177229	2.0416102044113114
22.177229	2.0416102044113114
22.177229	2.0416102044113114
22.177229	2.0416102044113114
22.177229	2.0416102044113114
22.237287	1.9406870416772866
22.237287	1.9406870416772866
22.237287	1.9406870416772866
22.237287	1.9406870416772866
22.273208	2.3095515380190661
22.273208	2.3095515380190661
22.297216	2.2127438095903313
22.297216	2.2127438095903313
22.309195	2.0322720462453598
22.321122	1.9009402873995336
22.333194	1.8863536897995334
22.345121	2.0270100164612335
22.35722	2.3787575890113208
22.35722	2.3787575890113208
22.35722	2.3787575890113208
22.35722	2.3787575890113208
22.35722	2.3787575890113208
22.35722	2.3787575890113208
22.417218	1.9655017285097878
22.417218	1.9655017285097878
22.417218	1.9655017285097878
22.417218	1.9655017285097878
22.453189	2.1136564089561687
22.465148	2.2409011612014353
22.477228	2.2854389132014399
22.477228	2.2854389132014399
22.477228	2.2854389132014399
22.477228	2.2854389132014399
22.477228	2.2854389132014399
22.477228	2.2854389132014399
22.537219	1.9230016788015933
22.537219	1.9230016788015933
22.537219	1.9230016788015933
22.561122	2.0438931053943237
22.561122	2.0438931053943237
22.561122	2.0438931053943237
22.597215	1.5575157757451397
22.597215	1.5575157757451397
22.597215	1.5575157757451397
22.621122	2.3798492447883319
22.633263	2.0194849391883323
22.645127	1.9029939687563915
22.657256	2.1004692500064217
22.657256	2.1004692500064217
22.669131	2.0227681421447121
22.669131	2.0227681421447121
22.693196	1.591974007391459
22.705128	1.527914604806367
22.717227	1.7236352882064156
22.717227	1.7236352882064156
22.717227	1.7236352882064156
22.717227	1.7236352882064156
22.753196	2.0835217516195632
22.765198	2.3135206516918254
22.777235	2.0663306252418323
22.777235	2.0663306252418323
22.777235	2.0663306252418323
22.777235	2.0663306252418323
22.777235	2.0663306252418323
22.777235	2.0663306252418323
22.837222	1.9484092959042023
22.837222	1.9484092959042023
22.837222	1.9484092959042023
22.837222	1.9484092959042023
22.873193	1.9490350937006153
22.873193	1.9490350937006153
22.897297	2.0258104282515235
22.897297	2.0258104282515235
22.897297	2.0258104282515235
22.897297	2.0258104282515235
22.897297	2.0258104282515235
22.945348	2.0837632046090735
22.957229	2.3536276445591353
22.957229	2.3536276445591353
22.957229	2.3536276445591353
22.957229	2.3536276445591353
22.957229	2.3536276445591353
22.957229	2.3536276445591353
22.957229	2.3536276445591353
22.957229	2.3536276445591353
22.957229	2.3536276445591353
22.957229	2.3536276445591353
22.957229	2.3536276445591353
23.017221	1.9402264515196699
23.077235	1.7358135652433884
23.077235	1.7358135652433884
23.077235	1.7358135652433884
23.077235	1.7358135652433884
23.113206	1.8505965272978686
23.125128	1.8487714396026709
23.137227	1.9287089276526672
23.137227	1.9287089276526672
23.137227	1.9287089276526672
23.161198	1.9471222724000581
23.173216	1.9488504608000583
23.173216	1.9488504608000583
23.173216	1.9488504608000583
23.173216	1.9488504608000583
23.197305	2.3388510525091211
23.221128	2.0017202763929096
23.221128	2.0017202763929096
23.221128	2.0017202763929096
23.257227	1.9819600341573169
23.257227	1.9819600341573169
23.257227	1.9819600341573169
23.257227	1.9819600341573169
23.257227	1.9819600341573169
23.257227	1.9819600341573169
23.317275	1.963912567494015
23.317275	1.963912567494015
23.317275	1.963912567494015
23.341127	2.3614446862935949
23.353197	2.1723910692935697
23.365128	1.8745272679847862
23.377225	1.4232305374847507
23.377225	1.4232305374847507
23.389128	1.5139324096087075
23.389128	1.5139324096087075
23.413191	2.1873772369137905
23.413191	2.1873772369137905
23.437224	2.3561805627985812
23.437224	2.3561805627985812
23.437224	2.3561805627985812
23.46113	1.8518774005027969
23.473193	1.9337712980527832
23.485148	1.9209318363952901
23.497227	1.7823772510952878
23.497227	1.7823772510952878
23.497227	1.7823772510952878
23.497227	1.7823772510952878
23.533193	5.033863155702746
23.533193	5.033863155702746
23.533193	5.033863155702746
23.557313	2.7988781453061229
23.569128	1.9699764923900727
23.581127	1.7090402838001977
23.581127	1.7090402838001977
23.605128	1.6618299939954482
23.617264	1.5286889719954655
23.617264	1.5286889719954655
23.617264	1.5286889719954655
23.617271	1.5286121767454646
23.617271	1.5286121767454646
23.665134	2.0273449670027324
23.677262	2.1073958310027381
23.677262	2.1073958310027381
23.689206	1.9555123515923423
23.689206	1.9555123515923423
23.689206	1.9555123515923423
23.725138	2.0955842736904025
23.725138	2.0955842736904025
23.737228	1.8180420021903827
23.749157	2.0410911510630778
23.749157	2.0410911510630778
23.749157	2.0410911510630778
23.749157	2.0410911510630778
23.79723	2.0150398579857756
23.79723	2.0150398579857756
23.809135	1.8622870282473167
23.809135	1.8622870282473167
23.809135	1.8622870282473167
23.809135	1.8622870282473167
23.857274	1.8595848369967658
23.857274	1.8595848369967658
23.857274	1.8595848369967658
23.881155	2.1921571155020154
23.8932	2.2499743200020195
23.8932	2.2499743200020195
23.917234	2.1087222165957464
23.917234	2.1087222165957464
23.917234	2.1087222165957464
23.917234	2.1087222165957464
23.917234	2.1087222165957464
23.917234	2.1087222165957464
23.97723	2.455848024516178
23.97723	2.455848024516178
23.989138	2.3522483888902754
24.001135	2.1208512240068309
24.013217	2.3154004208068271
24.025135	2.2766918659878397
24.037228	1.9283118847878287
24.037228	1.9283118847878287
24.037228	1.9283118847878287
24.061135	2.0309700090103062
24.061135	2.0309700090103062
24.061135	2.0309700090103062
24.097233	2.2166406632932913
24.097233	2.2166406632932913
24.109153	2.3028295317060241
24.109153	2.3028295317060241
24.133201	2.129897813139467
24.133201	2.129897813139467
24.157233	1.7234151486940918
24.157233	1.7234151486940918
24.157233	1.7234151486940918
24.157233	1.7234151486940918
24.193199	1.9040048194064449
24.193199	1.9040048194064449
24.217304	1.8308737299956712
24.217304	1.8308737299956712
24.217304	1.8308737299956712
24.217304	1.8308737299956712
24.253206	1.791777283997402
24.253206	1.791777283997402
24.277288	1.8276009032019076
24.277288	1.8276009032019076
24.289138	1.8923135522024763
24.289138	1.8923135522024763
24.289138	1.8923135522024763
24.289138	1.8923135522024763
24.337228	1.7722631889965339
24.337228	1.7722631889965339
24.349205	1.7962594427521734
24.349205	1.7962594427521734
24.349205	1.7962594427521734
24.349205	1.7962594427521734
24.397229	1.7539233531954055
24.397229	1.7539233531954055
24.409154	1.8788231383072962
24.409154	1.8788231383072962
24.433206	1.8891992634943731
24.445135	1.8415459302534691
24.457235	1.938541345253473
24.457235	1.938541345253473
24.457235	1.938541345253473
24.457235	1.938541345253473
24.493199	1.8672478742530485
24.493199	1.8672478742530485
24.493199	1.8672478742530485
24.493199	1.8672478742530485
24.493199	1.8672478742530485
24.493199	1.8672478742530485
24.493199	1.8672478742530485
24.517327	1.9916473949519256
24.57723	1.8397396444846033
24.57723	1.8397396444846033
24.57723	1.8397396444846033
24.57723	1.8397396444846033
24.57723	1.8397396444846033
24.57723	1.8397396444846033
24.637253	1.9519672599931832
24.637253	1.9519672599931832
24.649204	2.5751962112316669
24.649204	2.5751962112316669
24.673206	2.2998624624649944
24.685141	1.8206558091554945
24.697233	1.9720252789554866
24.697233	1.9720252789554866
24.697233	1.9720252789554866
24.72114	2.0631796999952665
24.733207	1.9323130849952439
24.733207	1.9323130849952439
24.757239	3.6144972104445463
24.757239	3.6144972104445463
24.757239	3.6144972104445463
24.757239	3.6144972104445463
24.757239	3.6144972104445463
24.757239	3.6144972104445463
24.757239	3.6144972104445463
24.757239	3.6144972104445463
24.817235	1.6785533157574402
24.841141	1.6156849317217505
24.841141	1.6156849317217505
24.841141	1.6156849317217505
24.877323	1.9704341467353224
24.877323	1.9704341467353224
24.877323	1.9704341467353224
24.877323	1.9704341467353224
24.877323	1.9704341467353224
24.925142	1.8560624126046503
24.937246	1.982976483804624
24.937246	1.982976483804624
24.937246	1.982976483804624
24.937246	1.982976483804624
24.937246	1.982976483804624
24.937246	1.982976483804624
24.997236	2.8327220418222487
24.997236	2.8327220418222487
25.009227	2.6523299967346863
25.02114	2.2885417040031908
25.02114	2.2885417040031908
25.02114	2.2885417040031908
25.057236	2.0492498525903207
25.057236	2.0492498525903207
25.057236	2.0492498525903207
25.057236	2.0492498525903207
25.093204	1.9814095848026485
25.093204	1.9814095848026485
25.117233	1.8333918633951316
25.117233	1.8333918633951316
25.117233	1.8333918633951316
25.117233	1.8333918633951316
25.117233	1.8333918633951316
25.117233	1.8333918633951316
25.177281	2.144055933505586
25.177281	2.144055933505586
25.177281	2.144055933505586
25.177281	2.144055933505586
25.177281	2.144055933505586
25.177281	2.144055933505586
25.237236	1.723830387786861
25.237236	1.723830387786861
25.237236	1.723830387786861
25.261141	1.7362384011414984
25.261141	1.7362384011414984
25.261141	1.7362384011414984
25.297237	2.1736753499207371
25.297237	2.1736753499207371
25.309144	2.0716946371886951
25.321168	1.884624671232954
25.333207	2.7641897975830796
25.333207	2.7641897975830796
25.35724	2.0389963819679329
25.35724	2.0389963819679329
25.369141	1.6518436983405465
25.369141	1.6518436983405465
25.369141	1.6518436983405465
25.405213	2.300893362697225
25.41724	2.2271425959972246
25.41724	2.2271425959972246
25.41724	2.2271425959972246
25.41724	2.2271425959972246
25.41724	2.2271425959972246
25.41724	2.2271425959972246
25.41724	2.2271425959972246
25.41724	2.2271425959972246
25.41724	2.2271425959972246
25.41724	2.2271425959972246
25.41724	2.2271425959972246
25.477234	2.0772173007075665
25.537303	1.7945216706595588
25.537303	1.7945216706595588
25.537303	1.7945216706595588
25.537303	1.7945216706595588
25.573217	2.2149069943618209
25.585141	2.2243268082852152
25.597233	1.8328640278852357
25.597233	1.8328640278852357
25.597233	1.8328640278852357
25.597233	1.8328640278852357
25.597233	1.8328640278852357
25.597233	1.8328640278852357
25.657249	2.0844121863399869
25.657249	2.0844121863399869
25.657249	2.0844121863399869
25.657249	2.0844121863399869
25.657249	2.0844121863399869
25.657249	2.0844121863399869
25.657249	2.0844121863399869
25.657249	2.0844121863399869
25.657249	2.0844121863399869
25.657249	2.0844121863399869
25.657249	2.0844121863399869
25.657249	2.0844121863399869
25.777271	1.8446299452972812
25.777271	1.8446299452972812
25.777271	1.8446299452972812
25.777271	1.8446299452972812
25.777271	1.8446299452972812
25.777271	1.8446299452972812
25.837247	1.9443222769004322
25.837247	1.9443222769004322
25.837247	1.9443222769004322
25.861149	1.6353616486613691
25.873214	1.9313022239113695
25.88517	2.0533617609960357
25.897242	1.949703118596035
25.897242	1.949703118596035
25.897242	1.949703118596035
25.897242	1.949703118596035
25.897242	1.949703118596035
25.945149	2.1480523315999664
25.957254	2.1471856135999667
25.957254	2.1471856135999667
25.957254	2.1471856135999667
25.957254	2.1471856135999667
25.957254	2.1471856135999667
25.957254	2.1471856135999667
26.017261	1.9243675052344886
26.017261	1.9243675052344886
26.017261	1.9243675052344886
26.017261	1.9243675052344886
26.017261	1.9243675052344886
26.065225	2.3752450224920834
26.077246	2.1720913245921269
26.077246	2.1720913245921269
26.077246	2.1720913245921269
26.077246	2.1720913245921269
26.113229	2.4275587705857804
26.125149	2.7483969191321198
26.137263	2.2860461210320948
26.137263	2.2860461210320948
26.137263	2.2860461210320948
26.137263	2.2860461210320948
26.17322	1.802678718009409
26.17322	1.802678718009409
26.197317	2.0198571928022147
26.197317	2.0198571928022147
26.197317	2.0198571928022147
26.197317	2.0198571928022147
26.197317	2.0198571928022147
26.245149	1.8128538833579013
26.257247	2.0153641200578747
26.257247	2.0153641200578747
26.269148	3.9698698272985542
26.281169	5.9639904911915673
26.281169	5.9639904911915673
26.305148	1.7834940856151293
26.317285	2.1733612270151115
26.317285	2.1733612270151115
26.317285	2.1733612270151115
26.317285	2.1733612270151115
26.317285	2.1733612270151115
26.317285	2.1733612270151115
26.377252	1.6846720076086932
26.377252	1.6846720076086932
26.377252	1.6846720076086932
26.377252	1.6846720076086932
26.377252	1.6846720076086932
26.425149	1.8223109381994445
26.437244	1.8081815591994457
26.437244	1.8081815591994457
26.437244	1.8081815591994457
26.437244	1.8081815591994457
26.437244	1.8081815591994457
26.437244	1.8081815591994457
26.497247	1.5881032354960825
26.497247	1.5881032354960825
26.497247	1.5881032354960825
26.497247	1.5881032354960825
26.497247	1.5881032354960825
26.545149	2.1446488862623894
26.557247	2.4598169087624409
26.557247	2.4598169087624409
26.557247	2.4598169087624409
26.557247	2.4598169087624409
26.593295	1.9416014052468107
26.605148	1.8727677487977508
26.617244	1.8158633263977511
26.617244	1.8158633263977511
26.617244	1.8158633263977511
26.617244	1.8158633263977511
26.617244	1.8158633263977511
26.665155	1.9877133995047784
26.677254	2.1086174966048086
26.677254	2.1086174966048086
26.689156	2.2468996204058183
26.689156	2.2468996204058183
26.689156	2.2468996204058183
26.689156	2.2468996204058183
26.737253	2.0040465527519791
26.737253	2.0040465527519791
26.737253	2.0040465527519791
26.737253	2.0040465527519791
26.77323	2.1945768555140264
26.785156	2.426040650603285
26.797252	2.5083400202032844
26.797252	2.5083400202032844
26.797252	2.5083400202032844
26.797252	2.5083400202032844
26.833234	3.9700313587671041
26.833234	3.9700313587671041
26.857377	2.7321864200394872
26.857377	2.7321864200394872
26.857377	2.7321864200394872
26.857377	2.7321864200394872
26.857377	2.7321864200394872
26.857377	2.7321864200394872
26.917254	1.9464354875670173
26.917254	1.9464354875670173
26.929156	1.772117745600662
26.929156	1.772117745600662
26.929156	1.772117745600662
26.965155	1.959087394999228
26.977253	1.9398394769992249
26.977253	1.9398394769992249
26.977253	1.9398394769992249
26.977253	1.9398394769992249
26.977253	1.9398394769992249
26.977253	1.9398394769992249
27.037256	1.8444908020034068
27.037256	1.8444908020034068
27.037256	1.8444908020034068
27.037256	1.8444908020034068
27.037256	1.8444908020034068
27.037256	1.8444908020034068
27.097252	2.4222414186189321
27.097252	2.4222414186189321
27.097252	2.4222414186189321
27.097252	2.4222414186189321
27.097252	2.4222414186189321
27.097252	2.4222414186189321
27.157261	1.8463325945942168
27.157261	1.8463325945942168
27.157261	1.8463325945942168
27.181156	2.1141041373948433
27.193219	1.9876736438448646
27.193219	1.9876736438448646
27.217275	1.8587602537483523
27.217275	1.8587602537483523
27.217275	1.8587602537483523
27.217275	1.8587602537483523
27.217275	1.8587602537483523
27.217275	1.8587602537483523
27.277252	1.846893511790916
27.277252	1.846893511790916
27.277252	1.846893511790916
27.277252	1.846893511790916
27.277252	1.846893511790916
27.325155	2.1960112422369513
27.337252	1.8754401373869263
27.337252	1.8754401373869263
27.337252	1.8754401373869263
27.337252	1.8754401373869263
27.373227	2.2997046301616315
27.373227	2.2997046301616315
27.397253	2.2316183177934854
27.397253	2.2316183177934854
27.397253	2.2316183177934854
27.397253	2.2316183177934854
27.433226	2.1341734519096542
27.445155	2.2876032230021064
27.457265	2.3390295490021065
27.457265	2.3390295490021065
27.457265	2.3390295490021065
27.457265	2.3390295490021065
27.493237	1.8488011105597699
27.493237	1.8488011105597699
27.517327	1.9623086242994461
27.517327	1.9623086242994461
27.517327	1.9623086242994461
27.517327	1.9623086242994461
27.517327	1.9623086242994461
27.517327	1.9623086242994461
27.577257	2.3647665572691916
27.577257	2.3647665572691916
27.589156	2.128787107981406
27.589156	2.128787107981406
27.61322	1.6896273109986961
27.61322	1.6896273109986961
27.637256	1.9819877132090036
27.637256	1.9819877132090036
27.637256	1.9819877132090036
27.637263	1.9821135098590053
27.67323	1.9383563169985301
27.67323	1.9383563169985301
27.67323	1.9383563169985301
27.67323	1.9383563169985301
27.67323	1.9383563169985301
27.67323	1.9383563169985301
27.67323	1.9383563169985301
27.67323	1.9383563169985301
27.757297	1.9142673440282909
27.757297	1.9142673440282909
27.757297	1.9142673440282909
27.757297	1.9142673440282909
27.793228	1.7781834029976782
27.793228	1.7781834029976782
27.817262	1.9801483761068048
27.817262	1.9801483761068048
27.829163	2.0112997548996776
27.841163	1.9907852726940778
27.841163	1.9907852726940778
27.865163	1.8547941565582369
27.877262	2.0524537047082858
27.877262	2.0524537047082858
27.889182	2.0626358067980908
27.889182	2.0626358067980908
27.889182	2.0626358067980908
27.889182	2.0626358067980908
27.937257	2.0151294229507681
27.937257	2.0151294229507681
27.937257	2.0151294229507681
27.961163	2.020826251526374
27.961163	2.020826251526374
27.961163	2.020826251526374
27.997255	1.9628407032194592
27.997255	1.9628407032194592
27.997255	1.9628407032194592
27.997255	1.9628407032194592
28.033233	2.0978320104829429
28.045236	1.8322095233962756
28.057265	1.7440447722462602
28.057265	1.7440447722462602
28.069173	1.9659079800634174
28.069173	1.9659079800634174
28.069173	1.9659079800634174
28.105163	2.4996382991455555
28.117257	2.3945057618455738
28.117257	2.3945057618455738
28.117257	2.3945057618455738
28.141163	1.7449932927106271
28.141163	1.7449932927106271
28.165162	2.2551448361116182
28.177381	2.5333598580616643
28.177381	2.5333598580616643
28.189163	2.1840253187771168
28.201162	1.733183804914481
28.201162	1.733183804914481
28.225163	2.1251422396360931
28.237257	1.7961920913360547
28.237257	1.7961920913360547
28.237257	1.7961920913360547
28.237257	1.7961920913360547
28.273228	1.8484305625984896
28.285183	1.8001023459471828
28.285183	1.8001023459471828
28.285183	1.8001023459471828
28.285183	1.8001023459471828
28.285183	1.8001023459471828
28.285183	1.8001023459471828
28.297259	1.733921639347179
28.357266	2.0087499352944356
28.357266	2.0087499352944356
28.357266	2.0087499352944356
28.357266	2.0087499352944356
28.393224	1.7594895296017483
28.405163	1.7879820646505575
28.417276	1.8010102018005572
28.417276	1.8010102018005572
28.429163	1.8066165123001507
28.429163	1.8066165123001507
28.429163	1.8066165123001507
28.429163	1.8066165123001507
28.477271	1.9392565620405768
28.477271	1.9392565620405768
28.477271	1.9392565620405768
28.501163	2.1045019615447638
28.513236	1.9822248065947523
28.525173	1.9777227530564094
28.537258	2.1272486453064445
28.537258	2.1272486453064445
28.537258	2.1272486453064445
28.537258	2.1272486453064445
28.537258	2.1272486453064445
28.537258	2.1272486453064445
28.537258	2.1272486453064445
28.597258	2.145579234913924
28.609244	2.3578901878078398
28.621163	2.4781104691314155
28.621163	2.4781104691314155
28.621163	2.4781104691314155
28.657261	2.2933249814147043
28.657261	2.2933249814147043
28.657261	2.2933249814147043
28.657261	2.2933249814147043
28.657261	2.2933249814147043
28.657261	2.2933249814147043
28.717285	1.770554559993619
28.717285	1.770554559993619
28.717285	1.770554559993619
28.717285	1.770554559993619
28.753242	2.2196241431124939
28.765169	2.2185101657835435
28.777269	1.8389113857835286
28.777269	1.8389113857835286
28.777269	1.8389113857835286
28.777269	1.8389113857835286
28.777269	1.8389113857835286
28.825168	1.7928908776019314
28.837343	1.8375055563519294
28.837343	1.8375055563519294
28.837343	1.8375055563519294
28.837343	1.8375055563519294
28.837343	1.8375055563519294
28.837343	1.8375055563519294
28.837343	1.8375055563519294
28.897262	2.0135373223096833
28.909291	1.8897568270901328
28.921169	1.6756907409938846
28.921169	1.6756907409938846
28.921169	1.6756907409938846
28.957317	1.7133702340078183
28.957317	1.7133702340078183
28.957317	1.7133702340078183
28.957317	1.7133702340078183
28.957317	1.7133702340078183
28.957317	1.7133702340078183
29.017299	2.0134692854907414
29.017299	2.0134692854907414
29.029169	1.8316357111922184
29.029169	1.8316357111922184
29.029169	1.8316357111922184
29.029169	1.8316357111922184
29.077297	3.0574641266393723
29.077297	3.0574641266393723
29.077297	3.0574641266393723
29.101245	2.9447085204811887
29.101245	2.9447085204811887
29.101245	2.9447085204811887
29.137266	2.0337875661924265
29.137266	2.0337875661924265
29.149168	1.869035359992695
29.149168	1.869035359992695
29.173241	1.9651771509598734
29.185168	2.0103166143917459
29.197264	1.8234128511917471
29.197264	1.8234128511917471
29.209189	1.7691591384993062
29.209189	1.7691591384993062
29.209189	1.7691591384993062
29.209189	1.7691591384993062
29.257265	1.6656233385033825
29.257265	1.6656233385033825
29.257265	1.6656233385033825
29.257265	1.6656233385033825
29.257265	1.6656233385033825
29.305179	2.3670402565403696
29.317283	2.1491010793403511
29.317283	2.1491010793403511
29.317283	2.1491010793403511
29.317283	2.1491010793403511
29.317283	2.1491010793403511
29.317283	2.1491010793403511
29.317283	2.1491010793403511
29.377268	1.8581378331922873
29.389353	1.9231575051559864
29.389353	1.9231575051559864
29.413234	1.8143199886907655
29.413234	1.8143199886907655
29.437297	2.1325938825135564
29.437297	2.1325938825135564
29.449169	3.4647781094244849
29.449169	3.4647781094244849
29.449169	3.4647781094244849
29.449169	3.4647781094244849
29.449169	3.4647781094244849
29.449169	3.4647781094244849
29.449169	3.4647781094244849
29.449169	3.4647781094244849
29.49736	2.8865055360339147
29.545169	2.0703621817867086
29.557272	1.7737442783867086
29.557272	1.7737442783867086
29.557272	1.7737442783867086
29.557272	1.7737442783867086
29.557272	1.7737442783867086
29.605169	1.8157752616442366
29.617262	1.6872611366942325
29.617262	1.6872611366942325
29.617262	1.6872611366942325
29.641169	2.6853198075257794
29.641169	2.6853198075257794
29.641169	2.6853198075257794
29.677275	1.5965195124920726
29.677281	1.5964323054920864
29.677281	1.5964323054920864
29.701175	1.9024847749872127
29.701175	1.9024847749872127
29.725175	1.5730816662619509
29.737274	1.8384242303119389
29.737274	1.8384242303119389
29.737274	1.8384242303119389
29.737274	1.8384242303119389
29.773249	2.3057545504107226
29.773249	2.3057545504107226
29.773249	2.3057545504107226
29.773249	2.3057545504107226
29.773249	2.3057545504107226
29.773249	2.3057545504107226
29.773249	2.3057545504107226
29.797332	2.0723675591884438
29.857275	2.1323166399972782
29.857275	2.1323166399972782
29.869175	2.0715840274971882
29.869175	2.0715840274971882
29.869175	2.0715840274971882
29.869175	2.0715840274971882
29.91727	1.7760476879817253
29.91727	1.7760476879817253
29.91727	1.7760476879817253
29.941174	1.787283231615808
29.953245	2.1344862330157821
29.965175	2.183154877484565
29.977281	1.8424835632844778
29.977281	1.8424835632844778
29.977281	1.8424835632844778
29.977281	1.8424835632844778
29.977281	1.8424835632844778
30.025262	1.7559354230131623
30.037268	2.0418763220131568
30.037268	2.0418763220131568
30.037268	2.0418763220131568
30.037268	2.0418763220131568
30.037268	2.0418763220131568
30.085175	2.2316774050090737
30.097268	2.43044520880908
30.097268	2.43044520880908
30.097268	2.43044520880908
30.097268	2.43044520880908
30.097268	2.43044520880908
30.097268	2.43044520880908
30.157358	1.5843639271945562
30.157358	1.5843639271945562
30.157358	1.5843639271945562
30.181175	2.7775997312254517
30.181175	2.7775997312254517
30.205176	2.0935815500161179
30.217289	2.4443286062661072
30.217289	2.4443286062661072
30.217289	2.4443286062661072
30.217289	2.4443286062661072
30.217289	2.4443286062661072
30.217289	2.4443286062661072
30.27729	2.0032433280176116
30.27729	2.0032433280176116
30.27729	2.0032433280176116
30.27729	2.0032433280176116
30.27729	2.0032433280176116
30.27729	2.0032433280176116
30.337271	1.8016409663936257
30.337271	1.8016409663936257
30.337271	1.8016409663936257
30.337271	1.8016409663936257
30.373247	1.7171118604967486
30.373247	1.7171118604967486
30.373247	1.7171118604967486
30.373247	1.7171118604967486
30.397276	1.8024518956040469
30.421261	1.7389421789005637
30.421261	1.7389421789005637
30.445175	1.6651412762399913
30.445175	1.6651412762399913
30.445175	1.6651412762399913
30.445175	1.6651412762399913
30.445175	1.6651412762399913
30.445175	1.6651412762399913
30.445175	1.6651412762399913
30.445175	1.6651412762399913
30.445175	1.6651412762399913
30.445175	1.6651412762399913
30.457358	1.4470674036899815
30.517278	1.7205101338915396
30.565175	2.401092387475003
30.577273	1.8636568844749148
30.577273	1.8636568844749148
30.577273	1.8636568844749148
30.577273	1.8636568844749148
30.613241	1.6533681529624924
30.625176	1.8415336144041403
30.63727	1.9303567880041506
30.63727	1.9303567880041506
30.63727	1.9303567880041506
30.63727	1.9303567880041506
30.63727	1.9303567880041506
30.685255	1.793395944259109
30.697282	1.9866860707091099
30.697282	1.9866860707091099
30.697282	1.9866860707091099
30.697282	1.9866860707091099
30.697282	1.9866860707091099
30.697282	1.9866860707091099
30.757289	1.8933944499903907
30.757289	1.8933944499903907
30.757289	1.8933944499903907
30.757289	1.8933944499903907
30.757289	1.8933944499903907
30.805183	2.2643700493942363
30.817382	2.1404501675942447
30.817382	2.1404501675942447
30.817382	2.1404501675942447
30.817382	2.1404501675942447
30.853254	1.8804294955140635
30.853254	1.8804294955140635
30.877285	1.9677136879973767
30.877285	1.9677136879973767
30.889184	2.0083587568032972
30.901183	2.0542633395419694
30.901183	2.0542633395419694
30.901183	2.0542633395419694
30.937278	1.7922454233001097
30.937278	1.7922454233001097
30.937278	1.7922454233001097
30.961183	1.7199018039092848
30.961183	1.7199018039092848
30.961183	1.7199018039092848
30.9973	1.9502781449974778
30.9973	1.9502781449974778
31.009183	1.8323794250933949
31.021183	1.7041807087983689
31.021183	1.7041807087983689
31.021183	1.7041807087983689
31.057278	1.9067326579084991
31.057278	1.9067326579084991
31.057278	1.9067326579084991
31.057278	1.9067326579084991
31.093246	1.7221478229038303
31.093246	1.7221478229038303
31.117383	1.860118770153073
31.117383	1.860118770153073
31.117383	1.860118770153073
31.117383	1.860118770153073
31.117383	1.860118770153073
31.117383	1.860118770153073
31.177303	1.9141541693565238
31.177303	1.9141541693565238
31.177303	1.9141541693565238
31.177303	1.9141541693565238
31.177303	1.9141541693565238
31.225183	1.9004707294606036
31.237285	2.1224716327605848
31.237285	2.1224716327605848
31.249187	2.037878458291567
31.249187	2.037878458291567
31.273248	1.7121935743927092
31.273248	1.7121935743927092
31.297297	2.0464917328140406
31.297297	2.0464917328140406
31.297297	2.0464917328140406
31.297297	2.0464917328140406
31.33325	3.1691365750583538
31.345262	3.3563655765455116
31.357302	2.227366348545587
31.357302	2.227366348545587
31.357302	2.227366348545587
31.357302	2.227366348545587
31.357302	2.227366348545587
31.357302	2.227366348545587
31.41728	1.692634735997598
31.41728	1.692634735997598
31.41728	1.692634735997598
31.441184	1.749025038403127
31.441184	1.749025038403127
31.441184	1.749025038403127
31.477348	1.8418883247997195
31.477348	1.8418883247997195
31.489183	1.7999296874474173
31.489183	1.7999296874474173
31.489183	1.7999296874474173
31.525184	2.3915116623861654
31.537278	2.1043227007861316
31.537278	2.1043227007861316
31.537278	2.1043227007861316
31.537278	2.1043227007861316
31.573255	2.1998817300159073
31.573255	2.1998817300159073
31.597279	1.8896658050332737
31.597279	1.8896658050332737
31.597279	1.8896658050332737
31.597279	1.8896658050332737
31.597279	1.8896658050332737
31.597279	1.8896658050332737
31.657286	1.873224265902695
31.657286	1.873224265902695
31.669183	2.9306176240167421
31.66919	2.9314141235667521
31.66919	2.9314141235667521
31.66919	2.9314141235667521
31.717285	1.8392903102534648
31.717285	1.8392903102534648
31.717285	1.8392903102534648
31.717285	1.8392903102534648
31.717285	1.8392903102534648
31.717285	1.8392903102534648
31.777298	2.0045410154080026
31.777298	2.0045410154080026
31.777298	2.0045410154080026
31.777298	2.0045410154080026
31.813253	1.6792583200449567
31.825215	1.6580422762541343
31.837286	1.7426811105041278
31.837286	1.7426811105041278
31.837286	1.7426811105041278
31.837286	1.7426811105041278
31.837286	1.7426811105041278
31.837286	1.7426811105041278
31.897284	1.7987809219776731
31.897284	1.7987809219776731
31.897284	1.7987809219776731
31.92119	1.7084321965058868
31.92119	1.7084321965058868
31.92119	1.7084321965058868
31.957405	1.4972007659864004
31.957405	1.4972007659864004
31.957405	1.4972007659864004
31.957405	1.4972007659864004
31.993253	1.6327528637865545
31.993253	1.6327528637865545
32.017328	1.8031632864110683
32.017328	1.8031632864110683
32.017328	1.8031632864110683
32.017328	1.8031632864110683
32.017328	1.8031632864110683
32.065191	1.7602585663141648
32.077291	2.0530700963142099
32.077291	2.0530700963142099
32.077291	2.0530700963142099
32.077291	2.0530700963142099
32.077291	2.0530700963142099
32.077291	2.0530700963142099
32.137353	1.9722910288799478
32.137353	1.9722910288799478
32.149201	2.2233410766213475
32.16119	2.5863334369806594
32.16119	2.5863334369806594
32.16119	2.5863334369806594
32.197284	1.6688615621908245
32.197284	1.6688615621908245
32.197284	1.6688615621908245
32.197284	1.6688615621908245
32.233268	1.8611493146044513
32.233268	1.8611493146044513
32.257286	3.0976312574381413
32.257286	3.0976312574381413
32.257286	3.0976312574381413
32.257286	3.0976312574381413
32.293255	1.624453689477741
32.293255	1.624453689477741
32.317307	3.5398631753690948
32.317307	3.5398631753690948
32.317307	3.5398631753690948
32.317307	3.5398631753690948
32.317307	3.5398631753690948
32.317307	3.5398631753690948
32.377288	4.0308014559990326
32.377288	4.0308014559990326
32.377288	4.0308014559990326
32.377288	4.0308014559990326
32.41326	1.6357044120089472
32.41326	1.6357044120089472
32.437289	1.8662867396535909
32.437289	1.8662867396535909
32.437289	1.8662867396535909
32.437289	1.8662867396535909
32.437289	1.8662867396535909
32.437289	1.8662867396535909
32.497285	1.8469771234961978
32.497285	1.8469771234961978
32.497285	1.8469771234961978
32.497285	1.8469771234961978
32.497285	1.8469771234961978
32.54519	1.6103615305230592
32.557287	2.1576413026731656
32.557287	2.1576413026731656
32.557287	2.1576413026731656
32.557287	2.1576413026731656
32.557287	2.1576413026731656
32.557287	2.1576413026731656
32.617294	1.8905591964995385
32.617294	1.8905591964995385
32.617294	1.8905591964995385
32.617294	1.8905591964995385
32.653257	2.0168255760549267
32.653257	2.0168255760549267
32.677325	1.9537146924962974
32.677325	1.9537146924962974
32.677333	1.9536547636963422
32.677333	1.9536547636963422
32.713273	1.7792889257505971
32.725209	1.7006722979919437
32.737296	1.4990853119919576
32.737296	1.4990853119919576
32.737296	1.4990853119919576
32.737296	1.4990853119919576
32.77327	1.7920363854851566
32.77327	1.7920363854851566
32.77327	1.7920363854851566
32.77327	1.7920363854851566
32.77327	1.7920363854851566
32.77327	1.7920363854851566
32.797381	1.879112353458134
32.845198	1.9199046272958782
32.857297	1.8133892659459021
32.857297	1.8133892659459021
32.869198	1.8972063807053612
32.869198	1.8972063807053612
32.869198	1.8972063807053612
32.869198	1.8972063807053612
32.917295	2.1549320880006966
32.917295	2.1549320880006966
32.917295	2.1549320880006966
32.917295	2.1549320880006966
32.917295	2.1549320880006966
32.917295	2.1549320880006966
32.977311	2.3747453165070436
32.977311	2.3747453165070436
32.989198	2.1604349075875966
33.001198	1.8525305894977231
33.013277	1.790387154247733
33.025199	1.7685422689010717
33.037297	1.7981956767010714
33.037297	1.7981956767010714
33.037297	1.7981956767010714
33.037297	1.7981956767010714
33.037297	1.7981956767010714
33.037297	1.7981956767010714
33.097391	2.0513862639514602
33.097391	2.0513862639514602
33.097391	2.0513862639514602
33.121198	1.8570794916030646
33.121198	1.8570794916030646
33.121198	1.8570794916030646
33.121198	1.8570794916030646
33.121198	1.8570794916030646
33.121198	1.8570794916030646
33.121198	1.8570794916030646
33.121198	1.8570794916030646
33.15731	1.9350997254985798
33.217294	1.5657763745955473
33.217294	1.5657763745955473
33.229259	1.7157041624078211
33.241198	1.9226599365996209
33.241198	1.9226599365996209
33.241198	1.9226599365996209
33.277303	1.8134883281478853
33.277303	1.8134883281478853
33.277303	1.8134883281478853
33.277303	1.8134883281478853
33.31327	1.7517367074991155
33.325275	1.8262924162565848
33.337296	2.0305911144066253
33.337296	2.0305911144066253
33.337296	2.0305911144066253
33.337296	2.0305911144066253
33.373277	2.8475391809283765
33.385198	2.9478927314707777
33.397292	2.0249300509711046
33.397292	2.0249300509711046
33.397292	2.0249300509711046
33.397292	2.0249300509711046
33.397292	2.0249300509711046
33.397292	2.0249300509711046
33.397292	2.0249300509711046
33.397292	2.0249300509711046
33.457363	1.8974317916008185
33.481198	2.4437774856930932
33.481198	2.4437774856930932
33.481198	2.4437774856930932
33.517291	1.9126381973963624
33.517291	1.9126381973963624
33.529198	1.8972247371004669
33.541197	1.9386053030580519
33.541197	1.9386053030580519
33.541197	1.9386053030580519
33.577294	2.2256998489971056
33.577294	2.2256998489971056
33.577294	2.2256998489971056
33.601197	2.4305509897399888
33.601197	2.4305509897399888
33.601197	2.4305509897399888
33.637309	1.9840321212519425
33.637309	1.9840321212519425
33.637309	1.9840321212519425
33.637309	1.9840321212519425
33.637309	1.9840321212519425
33.637309	1.9840321212519425
33.697314	2.3016808802004953
33.697314	2.3016808802004953
33.697314	2.3016808802004953
33.697314	2.3016808802004953
33.697314	2.3016808802004953
33.745209	1.6997582568987271
33.757329	1.6525399488987504
33.757329	1.6525399488987504
33.769212	1.7025499808021209
33.781209	1.8141594296106571
33.793271	2.2217874824106016
33.793271	2.2217874824106016
33.817303	1.9303301298905442
33.817303	1.9303301298905442
33.817303	1.9303301298905442
33.817303	1.9303301298905442
33.817303	1.9303301298905442
33.865209	2.1793351838401729
33.877325	1.7894744112402692
33.877325	1.7894744112402692
33.877325	1.7894744112402692
33.877325	1.7894744112402692
33.91328	2.3006917680131824
33.925209	2.3983251488885728
33.93732	1.9343781719887478
33.93732	1.9343781719887478
33.93732	1.9343781719887478
33.93732	1.9343781719887478
33.973282	1.9754655565972397
33.98528	1.966683488003075
33.997308	2.094416036802988
33.997308	2.094416036802988
33.997308	2.094416036802988
33.997308	2.094416036802988
33.997308	2.094416036802988
33.997308	2.094416036802988
33.997308	2.094416036802988
33.997308	2.094416036802988
33.997308	2.094416036802988
33.997308	2.094416036802988
34.057306	2.1680150062026904
34.105209	1.6197181696613994
34.117372	2.1334693022113629
34.117372	2.1334693022113629
34.117372	2.1334693022113629
34.117372	2.1334693022113629
34.117372	2.1334693022113629
34.165209	1.9190551791039117
34.177312	2.1042298688039334
34.177312	2.1042298688039334
34.177312	2.1042298688039334
34.177312	2.1042298688039334
34.177312	2.1042298688039334
34.177312	2.1042298688039334
34.237305	3.0751939246270492
34.237305	3.0751939246270492
34.237305	3.0751939246270492
34.261208	2.3631135247928978
34.261208	2.3631135247928978
34.261208	2.3631135247928978
34.29731	2.4888684680092719
34.29731	2.4888684680092719
34.309209	2.3828621175445699
34.309209	2.3828621175445699
34.333273	2.3715670322040685
34.333273	2.3715670322040685
34.357303	2.0379141437939849
34.357303	2.0379141437939849
34.357303	2.0379141437939849
34.357303	2.0379141437939849
34.357303	2.0379141437939849
34.405209	1.8564727971486983
34.417327	1.7848111864487037
34.417327	1.7848111864487037
34.417327	1.7848111864487037
34.441209	1.786416975203349
34.453278	1.9736409584032695
34.453278	1.9736409584032695
34.477313	2.1321752107006642
34.477313	2.1321752107006642
34.489209	2.2136882934516682
34.489209	2.2136882934516682
34.513355	2.1815098414982259
34.525208	2.4278436896117901
34.537317	3.136900715411818
34.537317	3.136900715411818
34.537317	3.136900715411818
34.537317	3.136900715411818
34.537317	3.136900715411818
34.537317	3.136900715411818
34.597337	2.1387838999061239
34.597337	2.1387838999061239
34.597337	2.1387838999061239
34.597337	2.1387838999061239
34.597337	2.1387838999061239
34.64528	1.8248280799994885
34.657309	1.7912040177494986
34.657309	1.7912040177494986
34.657309	1.7912040177494986
34.681213	2.2715714562040734
34.693283	2.5487879742040609
34.705216	2.5476683183948148
34.717318	2.1871334006949095
34.717318	2.1871334006949095
34.717318	2.1871334006949095
34.717318	2.1871334006949095
34.717318	2.1871334006949095
34.717318	2.1871334006949095
34.777391	1.4457330651956255
34.777391	1.4457330651956255
34.777391	1.4457330651956255
34.801216	2.2862140095939014
34.813285	1.8131013647438232
34.825215	1.5982855815014414
34.83731	1.7105767710014441
34.83731	1.7105767710014441
34.83731	1.7105767710014441
34.83731	1.7105767710014441
34.83731	1.7105767710014441
34.885215	1.9423038492503488
34.897333	1.9708290153503465
34.897333	1.9708290153503465
34.909286	1.9486895184995603
34.909286	1.9486895184995603
34.909286	1.9486895184995603
34.909286	1.9486895184995603
34.957313	2.0822092095417801
34.957313	2.0822092095417801
34.957313	2.0822092095417801
34.957313	2.0822092095417801
34.957313	2.0822092095417801
34.957313	2.0822092095417801
35.017312	1.9820410655992149
35.017312	1.9820410655992149
35.017312	1.9820410655992149
35.017312	1.9820410655992149
35.017312	1.9820410655992149
35.017312	1.9820410655992149
35.017312	1.9820410655992149
35.017312	1.9820410655992149
35.017312	1.9820410655992149
35.077319	2.4596871134522598
35.113287	1.8113937519489161
35.125216	1.7670889792004627
35.137309	1.8179092070504552
35.137309	1.8179092070504552
35.149216	1.8348042784000649
35.149216	1.8348042784000649
35.173355	2.1658401222524688
35.185216	2.1843536943973723
35.197309	1.8529407968474205
35.197309	1.8529407968474205
35.209219	1.874494873450957
35.209219	1.874494873450957
35.209219	1.874494873450957
35.245216	2.1149431343992786
35.257313	2.0166205329492595
35.257313	2.0166205329492595
35.257313	2.0166205329492595
35.257313	2.0166205329492595
35.293298	2.331983101500315
35.293298	2.331983101500315
35.293298	2.331983101500315
35.293298	2.331983101500315
35.293298	2.331983101500315
35.293298	2.331983101500315
35.317373	2.2989432512997232
35.365215	1.8620949912508058
35.37738	2.0021475950008192
35.37738	2.0021475950008192
35.37738	2.0021475950008192
35.401216	1.8412416304016939
35.401216	1.8412416304016939
35.401216	1.8412416304016939
35.437385	2.0223323832489144
35.437385	2.0223323832489144
35.449216	1.9061969423995777
35.449216	1.9061969423995777
35.449216	1.9061969423995777
35.449216	1.9061969423995777
35.497336	2.1368737527994961
35.497336	2.1368737527994961
35.497336	2.1368737527994961
35.497336	2.1368737527994961
35.497336	2.1368737527994961
35.497336	2.1368737527994961
35.557354	1.5759577259996833
35.557354	1.5759577259996833
35.557354	1.5759577259996833
35.557354	1.5759577259996833
35.557354	1.5759577259996833
35.557354	1.5759577259996833
35.617309	1.9138759755495276
35.617309	1.9138759755495276
35.617309	1.9138759755495276
35.617309	1.9138759755495276
35.653291	1.9632919753994671
35.653291	1.9632919753994671
35.677355	1.8935380922500649
35.677355	1.8935380922500649
35.677355	1.8935380922500649
35.701293	2.0857757887499746
35.713303	2.068766626249972
35.713303	2.068766626249972
35.737396	1.7579884987998362
35.737396	1.7579884987998362
35.737396	1.7579884987998362
35.737396	1.7579884987998362
35.737396	1.7579884987998362
35.737396	1.7579884987998362
35.79732	2.0419212480000413
35.79732	2.0419212480000413
35.79732	2.0419212480000413
35.79732	2.0419212480000413
35.79732	2.0419212480000413
35.79732	2.0419212480000413
35.85732	2.1382062519999079
35.85732	2.1382062519999079
35.869309	1.9776711907501552
35.869309	1.9776711907501552
35.893303	1.8607563859499165
35.893303	1.8607563859499165
35.917318	1.8516154310000588
35.917318	1.8516154310000588
35.917318	1.8516154310000588
35.917318	1.8516154310000588
35.953308	1.7624654890000873
35.965302	1.7508248492999352
35.977364	1.7867352325999302
35.977364	1.7867352325999302
35.977364	1.7867352325999302
36.001226	2.256400267100243
36.013286	2.1438002681002772
36.025223	2.0699863985000757
36.037335	2.0441817825000754
36.037335	2.0441817825000754
36.037335	2.0441817825000754
36.037335	2.0441817825000754
36.037335	2.0441817825000754
36.037335	2.0441817825000754
36.037335	2.0441817825000754
36.097388	1.6538215756019463
36.109498	1.6751200806993407
36.109498	1.6751200806993407
36.109498	1.6751200806993407
36.109498	1.6751200806993407
36.157319	3.0009869087484145
36.157319	3.0009869087484145
36.157319	3.0009869087484145
36.181222	1.7423362551996107
36.181222	1.7423362551996107
36.205222	1.821633401900536
36.217336	1.715835177200518
36.217336	1.715835177200518
36.229294	1.6984683664999611
36.229294	1.6984683664999611
36.229294	1.6984683664999611
36.265226	2.7807336728046783
36.277367	1.9860178076048201
36.277367	1.9860178076048201
36.277367	1.9860178076048201
36.301223	1.9987366951511321
36.313313	1.8168795196511516
36.325223	1.8544870066479333
36.33732	2.1745560859978075
36.33732	2.1745560859978075
36.33732	2.1745560859978075
36.33732	2.1745560859978075
36.33732	2.1745560859978075
36.33732	2.1745560859978075
36.397323	2.190168427500955
36.397323	2.190168427500955
36.397323	2.190168427500955
36.421223	1.8302129346992893
36.421223	1.8302129346992893
36.421223	1.8302129346992893
36.457339	1.7680509923011833
36.457339	1.7680509923011833
36.469245	1.9295016162479011
36.469245	1.9295016162479011
36.469245	1.9295016162479011
36.469245	1.9295016162479011
36.517333	1.8200856656533007
36.517333	1.8200856656533007
36.517333	1.8200856656533007
36.517333	1.8200856656533007
36.517333	1.8200856656533007
36.565223	1.9708933058488944
36.577367	2.0890416746488687
36.577367	2.0890416746488687
36.589226	1.9957915999015983
36.589226	1.9957915999015983
36.589226	1.9957915999015983
36.589226	1.9957915999015983
36.589226	1.9957915999015983
36.589226	1.9957915999015983
36.589226	1.9957915999015983
36.589226	1.9957915999015983
36.589226	1.9957915999015983
36.637323	2.1868196694963351
36.697318	2.0641645237991724
36.697326	2.0642136765991359
36.697326	2.0642136765991359
36.697326	2.0642136765991359
36.733314	2.1335171566970419
36.733314	2.1335171566970419
36.757403	1.7856185711041994
36.757403	1.7856185711041994
36.757403	1.7856185711041994
36.757403	1.7856185711041994
36.757403	1.7856185711041994
36.805231	1.9154695477010073
36.81733	1.8369071110010249
36.81733	1.8369071110010249
36.81733	1.8369071110010249
36.81733	1.8369071110010249
36.81733	1.8369071110010249
36.865314	2.2386431943039966
36.877359	1.9482376420540293
36.877359	1.9482376420540293
36.877359	1.9482376420540293
36.877359	1.9482376420540293
36.877359	1.9482376420540293
36.925244	1.8434672031993775
36.93733	1.8867689239993837
36.93733	1.8867689239993837
36.93733	1.8867689239993837
36.93733	1.8867689239993837
36.973303	1.5596887566057647
36.985231	2.0793114426242045
36.997344	3.7814077935738508
36.997344	3.7814077935738508
36.997344	3.7814077935738508
36.997344	3.7814077935738508
37.033303	2.1378854650951737
37.033303	2.1378854650951737
37.033303	2.1378854650951737
37.057333	1.8217481599054044
37.069378	1.7948513067990122
37.069378	1.7948513067990122
37.069378	1.7948513067990122
37.069378	1.7948513067990122
37.117348	1.8764135266039865
37.117348	1.8764135266039865
37.117348	1.8764135266039865
37.117348	1.8764135266039865
37.117348	1.8764135266039865
37.117348	1.8764135266039865
37.177389	2.6967301260898595
37.177389	2.6967301260898595
37.177389	2.6967301260898595
37.177389	2.6967301260898595
37.177389	2.6967301260898595
37.225231	4.0313310146679688
37.237326	8.5596657534180807
37.237326	8.5596657534180807
37.237326	8.5596657534180807
37.237326	8.5596657534180807
37.237326	8.5596657534180807
37.237326	8.5596657534180807
37.297335	1.966124962498083
37.297335	1.966124962498083
37.297335	1.966124962498083
37.297335	1.966124962498083
37.297335	1.966124962498083
37.34523	1.7979965045012456
37.357332	1.7346322478012621
37.357332	1.7346322478012621
37.369231	1.9732803921933431
37.381231	2.2554168897024987
37.381231	2.2554168897024987
37.381231	2.2554168897024987
37.417397	1.4370071096589654
37.417397	1.4370071096589654
37.417397	1.4370071096589654
37.417397	1.4370071096589654
37.417397	1.4370071096589654
37.417397	1.4370071096589654
37.477359	2.4563251108407171
37.477359	2.4563251108407171
37.477359	2.4563251108407171
37.477359	2.4563251108407171
37.477359	2.4563251108407171
37.477359	2.4563251108407171
37.537343	2.1337578263967565
37.537343	2.1337578263967565
37.537343	2.1337578263967565
37.561231	2.0522924173839754
37.573303	2.760621846184065
37.573303	2.760621846184065
37.597358	2.2407589108146344
37.597358	2.2407589108146344
37.597358	2.2407589108146344
37.597358	2.2407589108146344
37.633301	1.8843246692409759
37.633301	1.8843246692409759
37.657327	1.7791710108552765
37.657327	1.7791710108552765
37.657327	1.7791710108552765
37.657327	1.7791710108552765
37.657327	1.7791710108552765
37.70524	2.1705835359958581
37.717353	2.3426656591958221
37.717353	2.3426656591958221
37.717353	2.3426656591958221
37.717353	2.3426656591958221
37.717353	2.3426656591958221
37.765239	1.735480524141118
37.777357	2.0904149264410905
37.777357	2.0904149264410905
37.777357	2.0904149264410905
37.801258	1.9922074678846788
37.801258	1.9922074678846788
37.825238	2.7179690877115492
37.837339	2.2742151318615726
37.837339	2.2742151318615726
37.837339	2.2742151318615726
37.837339	2.2742151318615726
37.837339	2.2742151318615726
37.837339	2.2742151318615726
37.897335	2.768951639735509
37.897335	2.768951639735509
37.897335	2.768951639735509
37.897335	2.768951639735509
37.933318	1.917060241896748
37.933318	1.917060241896748
37.957361	2.0367133838489568
37.957361	2.0367133838489568
37.957361	2.0367133838489568
37.957361	2.0367133838489568
37.993302	2.1926090148913815
37.993302	2.1926090148913815
38.017336	2.0191794148067999
38.017336	2.0191794148067999
38.017336	2.0191794148067999
38.017336	2.0191794148067999
38.017336	2.0191794148067999
38.017336	2.0191794148067999
38.017336	2.0191794148067999
38.017336	2.0191794148067999
38.017336	2.0191794148067999
38.017336	2.0191794148067999
38.077463	1.7690121092967301
38.125238	2.4869254690110578
38.13735	2.1123679250112772
38.13735	2.1123679250112772
38.13735	2.1123679250112772
38.13735	2.1123679250112772
38.173311	2.1473718425551764
38.173311	2.1473718425551764
38.197351	1.6315103885091091
38.197351	1.6315103885091091
38.197351	1.6315103885091091
38.197351	1.6315103885091091
38.233312	2.1174901824057799
38.233312	2.1174901824057799
38.257342	1.9823429548007299
38.257342	1.9823429548007299
38.257342	1.9823429548007299
38.257342	1.9823429548007299
38.257342	1.9823429548007299
38.257342	1.9823429548007299
38.317356	1.7513590333946443
38.317356	1.7513590333946443
38.317356	1.7513590333946443
38.317356	1.7513590333946443
38.317356	1.7513590333946443
38.317356	1.7513590333946443
38.317356	1.7513590333946443
38.317356	1.7513590333946443
38.377358	2.4828628023982429
38.401239	1.7549291975932366
38.401239	1.7549291975932366
38.401239	1.7549291975932366
38.437332	2.1282563983985385
38.437332	2.1282563983985385
38.449239	2.1928444066975383
38.449239	2.1928444066975383
38.449239	2.1928444066975383
38.449239	2.1928444066975383
38.497332	2.3623094217898952
38.497332	2.3623094217898952
38.497332	2.3623094217898952
38.521249	1.7024759964061629
38.533302	1.5277508872061665
38.54526	1.5278927269921003
38.557337	1.7511535836420264
38.557337	1.7511535836420264
38.557337	1.7511535836420264
38.557337	1.7511535836420264
38.557337	1.7511535836420264
38.557337	1.7511535836420264
38.617335	1.8029534860094034
38.617335	1.8029534860094034
38.6294	1.8773629599938175
38.641242	2.0322950179975505
38.641242	2.0322950179975505
38.641242	2.0322950179975505
38.67737	2.128333065500196
38.67737	2.128333065500196
38.67737	2.128333065500196
38.701248	2.0633319424005934
38.701256	2.0633214228005916
38.725246	2.0410312900997951
38.737421	2.046502126349794
38.737421	2.046502126349794
38.737421	2.046502126349794
38.737421	2.046502126349794
38.737421	2.046502126349794
38.785247	1.6920005506393021
38.797345	1.9699998877392981
38.797345	1.9699998877392981
38.797345	1.9699998877392981
38.821247	2.0005925218319645
38.821247	2.0005925218319645
38.821247	2.0005925218319645
38.857367	2.6810212824010717
38.857367	2.6810212824010717
38.86932	2.4856881520096521
38.881247	2.2716175027988874
38.893311	2.299755576398872
38.893311	2.299755576398872
38.917355	2.0734656132567442
38.917355	2.0734656132567442
38.929247	2.0134062122512284
38.929247	2.0134062122512284
38.929247	2.0134062122512284
38.929247	2.0134062122512284
38.977356	1.9614350792034703
38.977356	1.9614350792034703
38.977356	1.9614350792034703
38.977356	1.9614350792034703
39.013313	2.0028413698095475
39.013313	2.0028413698095475
39.013313	2.0028413698095475
39.037344	2.6310056031779769
39.049247	2.3077544131239178
39.049247	2.3077544131239178
39.073331	2.166427406786001
39.073331	2.166427406786001
39.097364	2.4010167237985214
39.097364	2.4010167237985214
39.109246	2.1189558695161526
39.109246	2.1189558695161526
39.13338	1.9737385069926119
39.13338	1.9737385069926119
39.157345	1.8762938697557929
39.157345	1.8762938697557929
39.157345	1.8762938697557929
39.157345	1.8762938697557929
39.193311	1.9221584484877574
39.193311	1.9221584484877574
39.217362	2.0629122047004538
39.217362	2.0629122047004538
39.217362	2.0629122047004538
39.217362	2.0629122047004538
39.217362	2.0629122047004538
39.265317	2.1678246873332641
39.277355	2.5438863902331081
39.277355	2.5438863902331081
39.277355	2.5438863902331081
39.30125	1.7627333125038871
39.313325	1.6760281712539307
39.325258	1.8228385459796232
39.337381	2.2718380969796477
39.337381	2.2718380969796477
39.337381	2.2718380969796477
39.337381	2.2718380969796477
39.373336	1.9935530559934114
39.373336	1.9935530559934114
39.373336	1.9935530559934114
39.373336	1.9935530559934114
39.373336	1.9935530559934114
39.373336	1.9935530559934114
39.373336	1.9935530559934114
39.397418	1.8252511607079267
39.457363	2.200608288399462
39.457363	2.200608288399462
39.469247	2.1736112311518112
39.469247	2.1736112311518112
39.469247	2.1736112311518112
39.469247	2.1736112311518112
39.517342	2.228429001196909
39.517342	2.228429001196909
39.529324	2.0097362492144253
39.529324	2.0097362492144253
39.529324	2.0097362492144253
39.529324	2.0097362492144253
39.577367	1.8866995196985668
39.577367	1.8866995196985668
39.577367	1.8866995196985668
39.577367	1.8866995196985668
39.577367	1.8866995196985668
39.625247	2.1673779802652899
39.637343	1.8557336122653474
39.637343	1.8557336122653474
39.637343	1.8557336122653474
39.637343	1.8557336122653474
39.637343	1.8557336122653474
39.637343	1.8557336122653474
39.637343	1.8557336122653474
39.637343	1.8557336122653474
39.697353	2.1891215859623094
39.721254	3.1520759429365723
39.721254	3.1520759429365723
39.721254	3.1520759429365723
39.757348	1.8389970810065983
39.757348	1.8389970810065983
39.757348	1.8389970810065983
39.757348	1.8389970810065983
39.757348	1.8389970810065983
39.805254	2.9534627166597902
39.817352	3.7313768195597787
39.817352	3.7313768195597787
39.817352	3.7313768195597787
39.817352	3.7313768195597787
39.853332	1.9864411825933241
39.865254	1.9751178770098816
39.877358	1.785998929009899
39.877358	1.785998929009899
39.877358	1.785998929009899
39.901254	1.8358475944276686
39.901254	1.8358475944276686
39.901254	1.8358475944276686
39.93735	2.3669418725591287
39.93735	2.3669418725591287
39.93735	2.3669418725591287
39.93735	2.3669418725591287
39.93735	2.3669418725591287
39.93735	2.3669418725591287
39.997348	1.7788587765974269
39.997348	1.7788587765974269
40.009253	1.8886572248929794
40.021254	1.9930417700057543
40.021254	1.9930417700057543
40.021254	1.9930417700057543
40.057419	2.1886187409863846
40.057419	2.1886187409863846
40.069253	2.0143248071662607
40.069253	2.0143248071662607
40.069253	2.0143248071662607
40.105275	2.5975324062893366
40.117396	1.8872266550394188
40.117396	1.8872266550394188
40.117396	1.8872266550394188
40.117396	1.8872266550394188
40.117396	1.8872266550394188
40.117396	1.8872266550394188
40.177355	2.0334868445469811
40.177355	2.0334868445469811
40.189331	2.0703474077840398
40.189331	2.0703474077840398
40.213317	1.9972605472165945
40.225257	1.9106785722400714
40.225257	1.9106785722400714
40.237365	2.0849641512400123
40.249254	2.2104580495934507
40.249254	2.2104580495934507
40.273319	1.9032736720713557
40.273319	1.9032736720713557
40.297362	1.580373621404753
40.297362	1.580373621404753
40.297362	1.580373621404753
40.297362	1.580373621404753
40.33332	1.5339288620088265
40.33332	1.5339288620088265
40.35743	2.0145183124770583
40.35743	2.0145183124770583
40.35743	2.0145183124770583
40.381253	1.925730916380668
40.381253	1.925730916380668
40.381253	1.925730916380668
40.417351	1.8218425277755101
40.417351	1.8218425277755101
40.417351	1.8218425277755101
40.417351	1.8218425277755101
40.417351	1.8218425277755101
40.417351	1.8218425277755101
40.47735	2.194166600014035
40.47735	2.194166600014035
40.47735	2.194166600014035
40.501254	2.5477409360204262
40.513326	2.2095317840205819
40.525274	1.9042896151164295
40.537368	1.6330955732165258
40.537368	1.6330955732165258
40.537368	1.6330955732165258
40.537368	1.6330955732165258
40.573324	1.9879567070231148
40.573324	1.9879567070231148
40.597352	1.8622741083964827
40.597352	1.8622741083964827
40.597352	1.8622741083964827
40.597352	1.8622741083964827
40.597352	1.8622741083964827
40.645253	1.8916099597330698
40.657371	2.1623351682330489
40.657371	2.1623351682330489
40.657371	2.1623351682330489
40.657371	2.1623351682330489
40.657371	2.1623351682330489
40.657371	2.1623351682330489
40.717434	1.9724515485222627
40.729261	2.0229380339396679
40.729261	2.0229380339396679
40.729261	2.0229380339396679
40.753334	2.1603333000004228
40.753334	2.1603333000004228
40.777374	1.5910295003251802
40.777374	1.5910295003251802
40.777374	1.5910295003251802
40.801261	2.3066166433145776
40.813326	2.0817889878144848
40.813326	2.0817889878144848
40.837356	2.8863687913579934
40.837356	2.8863687913579934
40.849334	2.4407105287495421
40.849334	2.4407105287495421
40.849334	2.4407105287495421
40.849334	2.4407105287495421
40.897367	14.658245685225118
40.897367	14.658245685225118
40.897367	14.658245685225118
40.921282	1.3244943760792729
40.921282	1.3244943760792729
40.921282	1.3244943760792729
40.95738	2.0614080819883682
40.95738	2.0614080819883682
40.95738	2.0614080819883682
40.95738	2.0614080819883682
40.95738	2.0614080819883682
40.95738	2.0614080819883682
40.95738	2.0614080819883682
40.95738	2.0614080819883682
40.95738	2.0614080819883682
40.95738	2.0614080819883682
40.95738	2.0614080819883682
41.017358	14.930191313531655
41.077356	2.2729878445785823
41.077356	2.2729878445785823
41.077356	2.2729878445785823
41.077356	2.2729878445785823
41.113409	2.325985159970875
41.113409	2.325985159970875
41.13736	1.9299984640110182
41.13736	1.9299984640110182
41.13736	1.9299984640110182
41.13736	1.9299984640110182
41.13736	1.9299984640110182
41.13736	1.9299984640110182
41.197358	2.0325167357023894
41.197358	2.0325167357023894
41.197358	2.0325167357023894
41.197358	2.0325167357023894
41.233333	2.0584901273553911
41.233333	2.0584901273553911
41.257363	2.0060683982004845
41.257363	2.0060683982004845
41.257363	2.0060683982004845
41.257363	2.0060683982004845
41.257363	2.0060683982004845
41.305261	1.7702353202528209
41.317397	1.7302502342528332
41.317397	1.7302502342528332
41.317397	1.7302502342528332
41.317397	1.7302502342528332
41.317397	1.7302502342528332
41.317397	1.7302502342528332
41.317397	1.7302502342528332
41.377452	2.3492050749658118
41.389261	2.1327853344298378
41.389261	2.1327853344298378
41.389261	2.1327853344298378
41.389261	2.1327853344298378
41.437354	1.8359310516077239
41.437354	1.8359310516077239
41.437354	1.8359310516077239
41.437354	1.8359310516077239
41.437354	1.8359310516077239
41.485262	1.861073257898141
41.497356	1.886415630198147
41.497356	1.886415630198147
41.497356	1.886415630198147
41.497356	1.886415630198147
41.497356	1.886415630198147
41.497356	1.886415630198147
41.497356	1.886415630198147
41.497356	1.886415630198147
41.557359	1.45249535983629
41.581262	2.2844157602996669
41.581262	2.2844157602996669
41.581262	2.2844157602996669
41.617357	3.2178854706015225
41.617357	3.2178854706015225
41.629262	2.9318973276420195
41.629262	2.9318973276420195
41.653339	1.901073093936529
41.653339	1.901073093936529
41.67738	1.6712843379980111
41.67738	1.6712843379980111
41.67738	1.6712843379980111
41.67738	1.6712843379980111
41.713334	3.7385329637229141
41.725262	5.8092872055350275
41.737376	9.2882571981335786
41.737376	9.2882571981335786
41.737376	9.2882571981335786
41.737376	9.2882571981335786
41.737376	9.2882571981335786
41.737376	9.2882571981335786
41.797383	3.5728203103163958
41.797383	3.5728203103163958
41.797383	3.5728203103163958
41.797383	3.5728203103163958
41.833341	3.269237070095294
41.84527	3.6059622375088662
41.857366	3.4922144775088872
41.857366	3.4922144775088872
41.869271	2.7089223743775799
41.869271	2.7089223743775799
41.893334	2.2463104255705213
41.905355	2.3908008485112071
41.917364	2.2493432348112403
41.917364	2.2493432348112403
41.917364	2.2493432348112403
41.941274	1.9432128298679177
41.941274	1.9432128298679177
41.965271	2.3402221538419843
41.977368	1.8109517904421919
41.977368	1.8109517904421919
41.98927	1.9411914399744015
41.98927	1.9411914399744015
41.98927	1.9411914399744015
41.98927	1.9411914399744015
41.98927	1.9411914399744015
41.98927	1.9411914399744015
41.98927	1.9411914399744015
41.98927	1.9411914399744015
41.98927	1.9411914399744015
42.037455	1.8706258749923061
42.097371	1.7012104627845397
42.097371	1.7012104627845397
42.109271	1.6736244683430854
42.121282	1.7389002260077846
42.121282	1.7389002260077846
42.121282	1.7389002260077846
42.15737	2.5087260629476513
42.15737	2.5087260629476513
42.15737	2.5087260629476513
42.15737	2.5087260629476513
42.15737	2.5087260629476513
42.15737	2.5087260629476513
42.217371	1.8295262194362676
42.217371	1.8295262194362676
42.217371	1.8295262194362676
42.217371	1.8295262194362676
42.217371	1.8295262194362676
42.217371	1.8295262194362676
42.277372	1.8835289290006809
42.277372	1.8835289290006809
42.277372	1.8835289290006809
42.277372	1.8835289290006809
42.277372	1.8835289290006809
42.325291	2.0129577280016191
42.337369	1.9937295520016185
42.337369	1.9937295520016185
42.349271	1.9086464259588938
42.361271	1.8370001246823566
42.361271	1.8370001246823566
42.361271	1.8370001246823566
42.361271	1.8370001246823566
42.361271	1.8370001246823566
42.361271	1.8370001246823566
42.397369	2.0772764020549537
42.433411	2.2239330874814169
42.433411	2.2239330874814169
42.457388	2.2794860216037427
42.457388	2.2794860216037427
42.457388	2.2794860216037427
42.457388	2.2794860216037427
42.457388	2.2794860216037427
42.505272	1.8358794243961467
42.51739	1.8804609404961434
42.51739	1.8804609404961434
42.51739	1.8804609404961434
42.51739	1.8804609404961434
42.51739	1.8804609404961434
42.51739	1.8804609404961434
42.57737	1.6536077065111821
42.57737	1.6536077065111821
42.589778	1.7748849232838917
42.589778	1.7748849232838917
42.589778	1.7748849232838917
42.589778	1.7748849232838917
42.637365	14.81350039094449
42.637365	14.81350039094449
42.637365	14.81350039094449
42.661271	1.7960292508568654
42.673335	1.7186549772568627
42.685271	1.685656714498015
42.69744	1.7081632799980118
42.69744	1.7081632799980118
42.69744	1.7081632799980118
42.69744	1.7081632799980118
42.697448	1.7081780759980136
42.745278	1.9818743647928014
42.757384	2.0622775743928079
42.757384	2.0622775743928079
42.757384	2.0622775743928079
42.757384	2.0622775743928079
42.757384	2.0622775743928079
42.757384	2.0622775743928079
42.817374	1.9537334053846058
42.817374	1.9537334053846058
42.817374	1.9537334053846058
42.817374	1.9537334053846058
42.853356	2.1842504814054529
42.865303	2.2041628725390052
42.877375	2.3243498937390203
42.877375	2.3243498937390203
42.877375	2.3243498937390203
42.877375	2.3243498937390203
42.913352	1.6574421740206451
42.925279	1.6236888511310399
42.937384	1.8308883203809778
42.937384	1.8308883203809778
42.937384	1.8308883203809778
42.937384	1.8308883203809778
42.937384	1.8308883203809778
42.937384	1.8308883203809778
42.997446	1.7758527974244549
42.997446	1.7758527974244549
42.997446	1.7758527974244549
42.997446	1.7758527974244549
42.997446	1.7758527974244549
42.997446	1.7758527974244549
43.057376	2.0764582895863004
43.057376	2.0764582895863004
43.057376	2.0764582895863004
43.057376	2.0764582895863004
43.057376	2.0764582895863004
43.057376	2.0764582895863004
43.117399	2.1127542724848927
43.117399	2.1127542724848927
43.117399	2.1127542724848927
43.117399	2.1127542724848927
43.117399	2.1127542724848927
43.165279	1.9509985420953071
43.177375	2.5261131436952011
43.177375	2.5261131436952011
43.177375	2.5261131436952011
43.201279	1.6814701376568002
43.201279	1.6814701376568002
43.201279	1.6814701376568002
43.237393	1.8004836563346764
43.237393	1.8004836563346764
43.249279	1.5970750889797316
43.261302	1.6586289321996437
43.273343	4.7685633609482316
43.273343	4.7685633609482316
43.273343	4.7685633609482316
43.273343	4.7685633609482316
43.297392	2.6556925866571524
43.321279	3.1871180899435285
43.321279	3.1871180899435285
43.321279	3.1871180899435285
43.357495	6.9979142063930162
43.357495	6.9979142063930162
43.357495	6.9979142063930162
43.357495	6.9979142063930162
43.357495	6.9979142063930162
43.40528	1.8783088079630033
43.41738	2.2550102429630621
43.41738	2.2550102429630621
43.41738	2.2550102429630621
43.41738	2.2550102429630621
43.41738	2.2550102429630621
43.465279	1.9528540368036513
43.477375	1.9158306000036582
43.477375	1.9158306000036582
43.477375	1.9158306000036582
43.501279	1.6797957701453299
43.501279	1.6797957701453299
43.501279	1.6797957701453299
43.537373	4.7070972882951736
43.537373	4.7070972882951736
43.549279	3.5388447492606048
43.561279	1.6766297108963935
43.561279	1.6766297108963935
43.561279	1.6766297108963935
43.597438	1.5663376739116082
43.597438	1.5663376739116082
43.597438	1.5663376739116082
43.597438	1.5663376739116082
43.597438	1.5663376739116082
43.597438	1.5663376739116082
43.597438	1.5663376739116082
43.657424	3.3490774686970441
43.669361	2.7101948194119205
43.681279	1.7514571330874265
43.681279	1.7514571330874265
43.705279	1.8833756320140758
43.717373	1.7456007840140435
43.717373	1.7456007840140435
43.717373	1.7456007840140435
43.741289	1.9736268758803082
43.741289	1.9736268758803082
43.765289	2.1794060839715979
43.777385	1.9686399367716367
43.777385	1.9686399367716367
43.777385	1.9686399367716367
43.777385	1.9686399367716367
43.813354	1.7723500096933302
43.825289	1.8176655598976441
43.837386	1.8403970325976486
43.837386	1.8403970325976486
43.84929	2.1090019339644628
43.84929	2.1090019339644628
43.84929	2.1090019339644628
43.84929	2.1090019339644628
43.897395	1.9943951021095754
43.897395	1.9943951021095754
43.897395	1.9943951021095754
43.897395	1.9943951021095754
43.897395	1.9943951021095754
43.897395	1.9943951021095754
43.957385	2.165278506443304
43.957385	2.165278506443304
43.957385	2.165278506443304
43.98129	1.9424826769640513
43.98129	1.9424826769640513
44.00529	2.2660040345492973
44.017467	1.796130744399324
44.017467	1.796130744399324
44.02929	1.539798552021858
44.02929	1.539798552021858
44.02929	1.539798552021858
44.06529	1.9060804720172364
44.077425	1.7441607400172527
44.077425	1.7441607400172527
44.077425	1.7441607400172527
44.077425	1.7441607400172527
44.077425	1.7441607400172527
44.077425	1.7441607400172527
44.137389	1.4361608253832514
44.137389	1.4361608253832514
44.137389	1.4361608253832514
44.137389	1.4361608253832514
44.137389	1.4361608253832514
44.137389	1.4361608253832514
44.197384	1.9070752643810565
44.197384	1.9070752643810565
44.20929	2.0665514079828609
44.22129	2.1711638470361967
44.22129	2.1711638470361967
44.22129	2.1711638470361967
44.257404	1.7530938589925167
44.257404	1.7530938589925167
44.257404	1.7530938589925167
44.281376	1.4427553359510794
44.281376	1.4427553359510794
44.281376	1.4427553359510794
44.317407	1.9058925208172417
44.317407	1.9058925208172417
44.32929	2.0059659024808427
44.32929	2.0059659024808427
44.32929	2.0059659024808427
44.36529	1.8568283750233021
44.377387	1.6455845125233852
44.377387	1.6455845125233852
44.377387	1.6455845125233852
44.40129	2.1772594805031988
44.40129	2.1772594805031988
44.42529	2.4082792894297063
44.437382	3.0385451640297463
44.437382	3.0385451640297463
44.437382	3.0385451640297463
44.46129	2.2191710900630159
44.473356	1.6571488760629012
44.473356	1.6571488760629012
44.497384	1.6850605875736053
44.497384	1.6850605875736053
44.497384	1.6850605875736053
44.497384	1.6850605875736053
44.533355	2.2668074369417166
44.545379	2.4127163176851867
44.557411	2.1030770088851081
44.557411	2.1030770088851081
44.557411	2.1030770088851081
44.557411	2.1030770088851081
44.557411	2.1030770088851081
44.557411	2.1030770088851081
44.617404	1.7897181212168776
44.617404	1.7897181212168776
44.617404	1.7897181212168776
44.64129	2.2138722955186698
44.64129	2.2138722955186698
44.64129	2.2138722955186698
44.677478	2.2949767236735497
44.677478	2.2949767236735497
44.677478	2.2949767236735497
44.70129	1.6912839969949889
44.70129	1.6912839969949889
44.72529	2.0190052949315707
44.737384	2.6138547319313599
44.737393	2.6142974014312905
44.737393	2.6142974014312905
44.737393	2.6142974014312905
44.737393	2.6142974014312905
44.785299	1.9483106159180372
44.797394	1.792455655418125
44.797394	1.792455655418125
44.797394	1.792455655418125
44.797394	1.792455655418125
44.797394	1.792455655418125
44.797394	1.792455655418125
44.797394	1.792455655418125
44.797394	1.792455655418125
44.797394	1.792455655418125
44.857482	3.0839515229939791
44.893378	2.0934194971811677
44.905298	1.6124139782274549
44.917398	1.3782293682275562
44.917398	1.3782293682275562
44.917398	1.3782293682275562
44.917398	1.3782293682275562
44.917398	1.3782293682275562
44.917398	1.3782293682275562
44.977399	2.2916965435436381
44.977399	2.2916965435436381
44.977399	2.2916965435436381
45.001298	16.263958402806697
45.013367	6.9692793466551617
45.025299	1.8679437929981149
45.037393	1.8837506509981183
45.037393	1.8837506509981183
45.037393	1.8837506509981183
45.037393	1.8837506509981183
45.073432	5.6698672522350719
45.085318	2.6579666951367877
45.097394	2.3511088933368254
45.097394	2.3511088933368254
45.097394	2.3511088933368254
45.121299	1.7864995570546842
45.121299	1.7864995570546842
45.121299	1.7864995570546842
45.157396	2.4681059877376796
45.157396	2.4681059877376796
45.157396	2.4681059877376796
45.157396	2.4681059877376796
45.193363	2.9399139083279615
45.193363	2.9399139083279615
45.217414	3.3460642564932104
45.217414	3.3460642564932104
45.217414	3.3460642564932104
45.217414	3.3460642564932104
45.253377	2.1062416242564286
45.265299	2.0076753468694375
45.277392	1.8486300248194607
45.277392	1.8486300248194607
45.289299	1.6193006781810564
45.301298	1.527641237048643
45.313395	2.7650603028481564
45.325299	3.1203821078897667
45.337475	2.3843696950900855
45.337475	2.3843696950900855
45.337475	2.3843696950900855
45.337475	2.3843696950900855
45.337475	2.3843696950900855
45.385299	1.7798709298722459
45.397393	2.0048205392721661
45.397393	2.0048205392721661
45.409379	2.0527989066000818
45.409379	2.0527989066000818
45.433371	3.5957638970766119
45.433371	3.5957638970766119
45.457398	2.7192108448424044
45.457398	2.7192108448424044
45.457398	2.7192108448424044
45.457398	2.7192108448424044
45.457398	2.7192108448424044
45.457398	2.7192108448424044
45.517393	1.9544653559539307
45.517393	1.9544653559539307
45.517393	1.9544653559539307
45.517393	1.9544653559539307
45.553368	2.4005095343377456
45.56532	2.4280569280697688
45.577395	1.8752078830697201
45.577395	1.8752078830697201
45.577395	1.8752078830697201
45.577395	1.8752078830697201
45.577395	1.8752078830697201
45.577395	1.8752078830697201
45.637396	1.9244681134294619
45.637396	1.9244681134294619
45.637396	1.9244681134294619
45.637396	1.9244681134294619
45.637396	1.9244681134294619
45.685299	1.7140595340492277
45.69747	1.7201565964992278
45.69747	1.7201565964992278
45.69747	1.7201565964992278
45.69747	1.7201565964992278
45.69747	1.7201565964992278
45.69747	1.7201565964992278
45.757422	2.3543838267840731
45.757422	2.3543838267840731
45.757422	2.3543838267840731
45.757422	2.3543838267840731
45.757422	2.3543838267840731
45.757422	2.3543838267840731
45.757422	2.3543838267840731
45.757422	2.3543838267840731
45.757422	2.3543838267840731
45.757422	2.3543838267840731
45.817404	2.2901345902028387
45.86538	12.815900192224074
45.877442	3.4041260431253608
45.877442	3.4041260431253608
45.877442	3.4041260431253608
45.877442	3.4041260431253608
45.913396	1.8628095589872506
45.92531	1.8216751540280451
45.937411	1.606439507428183
45.937411	1.606439507428183
45.937411	1.606439507428183
45.937411	1.606439507428183
45.937411	1.606439507428183
45.98531	1.7117905769573514
45.997481	2.0380549226573583
45.997481	2.0380549226573583
45.997481	2.0380549226573583
45.997481	2.0380549226573583
46.033384	1.873502150779748
46.033384	1.873502150779748
46.057405	2.4354505872061067
46.057405	2.4354505872061067
46.057405	2.4354505872061067
46.08131	2.5012823645606437
46.08131	2.5012823645606437
46.105319	1.8058315707464025
46.117403	1.8328906677464016
46.117403	1.8328906677464016
46.117403	1.8328906677464016
46.117403	1.8328906677464016
46.117403	1.8328906677464016
46.117403	1.8328906677464016
46.177424	1.8509876831946519
46.177424	1.8509876831946519
46.177424	1.8509876831946519
46.177424	1.8509876831946519
46.177424	1.8509876831946519
46.22533	1.6706527054919478
46.237406	1.7304089800919404
46.237406	1.7304089800919404
46.237406	1.7304089800919404
46.237406	1.7304089800919404
46.273376	1.8462499599805429
46.285309	2.0455886960628087
46.297409	2.3202937860628512
46.297409	2.3202937860628512
46.297409	2.3202937860628512
46.32131	1.7901343909494236
46.333374	2.161055341349436
46.333374	2.161055341349436
46.357426	2.2793271238080948
46.357426	2.2793271238080948
46.36931	2.0523929895379971
46.36931	2.0523929895379971
46.36931	2.0523929895379971
46.40531	2.2362490695613499
46.417404	1.7879057438615091
46.417404	1.7879057438615091
46.417404	1.7879057438615091
46.417404	1.7879057438615091
46.417404	1.7879057438615091
46.417404	1.7879057438615091
46.47742	1.7475381820175024
46.47742	1.7475381820175024
46.47742	1.7475381820175024
46.47742	1.7475381820175024
46.47742	1.7475381820175024
46.47742	1.7475381820175024
46.537421	1.9869772550136739
46.537421	1.9869772550136739
46.549329	2.4534345302261973
46.561324	2.8450037826989436
46.573386	2.1347467839990406
46.58531	1.8702439199603877
46.597402	2.1547928639604059
46.597402	2.1547928639604059
46.60931	2.067740799026839
46.60931	2.067740799026839
46.60931	2.067740799026839
46.60931	2.067740799026839
46.657483	2.503245934782321
46.657483	2.503245934782321
46.657483	2.503245934782321
46.657483	2.503245934782321
46.657483	2.503245934782321
46.705331	1.7958796472660221
46.717405	1.6821395487660555
46.717405	1.6821395487660555
46.72931	1.8416954434662534
46.72931	1.8416954434662534
46.729319	1.8418733181162255
46.765318	2.1211886552942123
46.777431	2.1621711738442038
46.777431	2.1621711738442038
46.78939	2.264066261982951
46.78939	2.264066261982951
46.78939	2.264066261982951
46.78939	2.264066261982951
46.837435	1.7492308779888353
46.837435	1.7492308779888353
46.837435	1.7492308779888353
46.837435	1.7492308779888353
46.837435	1.7492308779888353
46.837435	1.7492308779888353
46.897413	1.7909143885979875
46.897413	1.7909143885979875
46.909319	1.711132867815371
46.92139	1.6374917059735061
46.933383	1.8208095081734288
46.933383	1.8208095081734288
46.957426	2.0836932902838208
46.957426	2.0836932902838208
46.969347	2.7771320426750679
46.981319	3.4216157151070026
46.993384	2.3366229333571926
47.005318	1.6495332745302476
47.017412	1.4400379830303218
47.017412	1.4400379830303218
47.017412	1.4400379830303218
47.017412	1.4400379830303218
47.017412	1.4400379830303218
47.065319	1.6611982859762426
47.077451	2.1708387353762109
47.077451	2.1708387353762109
47.077451	2.1708387353762109
47.077451	2.1708387353762109
47.077451	2.1708387353762109
47.077451	2.1708387353762109
47.137427	1.8351451683965911
47.137427	1.8351451683965911
47.137427	1.8351451683965911
47.137427	1.8351451683965911
47.137427	1.8351451683965911
47.137427	1.8351451683965911
47.197436	2.2178333233730956
47.197436	2.2178333233730956
47.209347	2.5374259490465492
47.209347	2.5374259490465492
47.233392	4.051160906241118
47.233392	4.051160906241118
47.257415	2.5558222897138179
47.257415	2.5558222897138179
47.257415	2.5558222897138179
47.257415	2.5558222897138179
47.293382	1.9302943778773076
47.293382	1.9302943778773076
47.293382	1.9302943778773076
47.317518	1.9139210976102778
47.329318	1.9165640351967508
47.341339	1.9649142245108677
47.35339	2.2264022454608181
47.35339	2.2264022454608181
47.377436	1.9431482850441448
47.377436	1.9431482850441448
47.377436	1.9431482850441448
47.377436	1.9431482850441448
47.377436	1.9431482850441448
47.425318	1.9875676264227973
47.425318	1.9875676264227973
47.425318	1.9875676264227973
47.425318	1.9875676264227973
47.425318	1.9875676264227973
47.425318	1.9875676264227973
47.437412	1.835845977622762
47.497412	2.2762404011998991
47.497412	2.2762404011998991
47.497412	2.2762404011998991
47.497412	2.2762404011998991
47.497412	2.2762404011998991
47.497412	2.2762404011998991
47.557418	2.3996314457503587
47.557418	2.3996314457503587
47.557418	2.3996314457503587
47.557418	2.3996314457503587
47.557418	2.3996314457503587
47.557418	2.3996314457503587
47.617493	2.4555788361548454
47.617493	2.4555788361548454
47.617493	2.4555788361548454
47.617493	2.4555788361548454
47.653395	2.3106204679571203
47.653395	2.3106204679571203
47.677432	1.8853358340614321
47.677432	1.8853358340614321
47.689319	1.6011430668896687
47.689319	1.6011430668896687
47.713458	1.9830958125158478
47.713458	1.9830958125158478
47.737418	1.8363637032474618
47.737418	1.8363637032474618
47.749322	1.8746407150791891
47.761328	1.9762188024246592
47.773401	1.8168497695746724
47.773401	1.8168497695746724
47.79744	2.2532757199438374
47.79744	2.2532757199438374
47.79744	2.2532757199438374
47.79744	2.2532757199438374
47.833401	2.4291643167777179
47.845405	2.6176782000228678
47.85743	2.4714542000228747
47.85743	2.4714542000228747
47.85743	2.4714542000228747
47.881331	1.7994070644184761
47.881331	1.7994070644184761
47.905327	2.7523637735745918
47.917429	1.9544468432748008
47.917429	1.9544468432748008
47.917429	1.9544468432748008
47.941327	2.1562222282896411
47.941327	2.1562222282896411
47.941327	2.1562222282896411
47.977515	2.0959041433748324
47.977515	2.0959041433748324
47.98933	2.5246956618794929
47.98933	2.5246956618794929
47.98933	2.5246956618794929
47.98933	2.5246956618794929
47.98933	2.5246956618794929
47.98933	2.5246956618794929
47.98933	2.5246956618794929
48.037422	1.7417371276083196
48.073392	1.8290521615986437
48.085328	2.2384494046541059
48.097432	3.1578886110540214
48.097432	3.1578886110540214
48.097432	3.1578886110540214
48.121328	1.7081576351985932
48.121328	1.7081576351985932
48.145331	1.7106075010540502
48.157429	1.6851962569540506
48.157429	1.6851962569540506
48.157429	1.6851962569540506
48.181327	1.6525385427919803
48.181327	1.6525385427919803
48.205328	1.7445397967947747
48.217428	1.7772170567947607
48.217428	1.7772170567947607
48.217428	1.7772170567947607
48.241399	2.2128217529035186
48.253405	2.1910560755035227
48.253405	2.1910560755035227
48.253405	2.1910560755035227
48.253405	2.1910560755035227
48.27752	1.423750604083855
48.301327	2.192645766092681
48.301327	2.192645766092681
48.325348	1.9138115897525372
48.325348	1.9138115897525372
48.325348	1.9138115897525372
48.325348	1.9138115897525372
48.325348	1.9138115897525372
48.325348	1.9138115897525372
48.337423	2.2066768285025624
48.397423	1.935985692140912
48.397423	1.935985692140912
48.397423	1.935985692140912
48.397423	1.935985692140912
48.397423	1.935985692140912
48.445348	2.7274082818877492
48.457448	2.1887507668879818
48.457448	2.1887507668879818
48.457448	2.1887507668879818
48.457448	2.1887507668879818
48.457448	2.1887507668879818
48.50541	2.050881526510798
48.517426	1.9855343129107936
48.517426	1.9855343129107936
48.517426	1.9855343129107936
48.517426	1.9855343129107936
48.553399	1.907299727638522
48.565328	1.937095116803081
48.577463	1.9183234853030828
48.577463	1.9183234853030828
48.577463	1.9183234853030828
48.577463	1.9183234853030828
48.613392	2.0815748311430098
48.625328	2.2483646776079742
48.625328	2.2483646776079742
48.625328	2.2483646776079742
48.625328	2.2483646776079742
48.625328	2.2483646776079742
48.637489	2.199847760057986
48.685328	2.1413776144544823
48.697449	1.8133203252545202
48.697449	1.8133203252545202
48.697449	1.8133203252545202
48.721327	1.9768689644285344
48.721327	1.9768689644285344
48.745345	1.8784558389372339
48.757426	2.2537666011372375
48.757435	2.2540461969371939
48.757435	2.2540461969371939
48.757435	2.2540461969371939
48.757435	2.2540461969371939
48.757435	2.2540461969371939
48.817432	1.9404708683747964
48.817432	1.9404708683747964
48.829336	1.945315968005878
48.829336	1.945315968005878
48.829336	1.945315968005878
48.829336	1.945315968005878
48.877467	2.0875170740692393
48.877467	2.0875170740692393
48.877467	2.0875170740692393
48.877467	2.0875170740692393
48.91341	2.0150887360188228
48.925337	2.0155347160265658
48.937475	2.1542920837265465
48.937475	2.1542920837265465
48.937475	2.1542920837265465
48.961337	2.0851183357534242
48.961337	2.0851183357534242
48.961337	2.0851183357534242
48.997433	1.9546862134153922
48.997433	1.9546862134153922
48.997433	1.9546862134153922
49.021336	1.6990103343875007
49.021336	1.6990103343875007
49.045352	1.757342994421079
49.057432	1.6341233704211242
49.057432	1.6341233704211242
49.057432	1.6341233704211242
49.081336	2.2963408592897143
49.081336	2.2963408592897143
49.081336	2.2963408592897143
49.117431	2.6758076211086381
49.117431	2.6758076211086381
49.129337	2.4815963543322903
49.129337	2.4815963543322903
49.153406	1.5992197800717554
49.153406	1.5992197800717554
49.177453	1.7333654347568284
49.177453	1.7333654347568284
49.177453	1.7333654347568284
49.177453	1.7333654347568284
49.177453	1.7333654347568284
49.225337	2.7056523795210001
49.237457	2.0048279235213462
49.237457	2.0048279235213462
49.237457	2.0048279235213462
49.237457	2.0048279235213462
49.273401	1.8202968443446268
49.273401	1.8202968443446268
49.297507	1.8641479186467558
49.297507	1.8641479186467558
49.297507	1.8641479186467558
49.297507	1.8641479186467558
49.297507	1.8641479186467558
49.297507	1.8641479186467558
49.357455	2.5501902119502882
49.357455	2.5501902119502882
49.357455	2.5501902119502882
49.357455	2.5501902119502882
49.357455	2.5501902119502882
49.357455	2.5501902119502882
49.417464	2.0340244695968277
49.417464	2.0340244695968277
49.42946	2.0134970160054722
49.42946	2.0134970160054722
49.42946	2.0134970160054722
49.42946	2.0134970160054722
49.477466	1.9455768541030136
49.477466	1.9455768541030136
49.477466	1.9455768541030136
49.477466	1.9455768541030136
49.477466	1.9455768541030136
49.477466	1.9455768541030136
49.53745	2.2106324099457746
49.53745	2.2106324099457746
49.53745	2.2106324099457746
49.53745	2.2106324099457746
49.53745	2.2106324099457746
49.53745	2.2106324099457746
49.53745	2.2106324099457746
49.53745	2.2106324099457746
49.53745	2.2106324099457746
49.53745	2.2106324099457746
49.53745	2.2106324099457746
49.597435	1.6872203710056364
49.657453	2.2901326379054359
49.657453	2.2901326379054359
49.657453	2.2901326379054359
49.657453	2.2901326379054359
49.657453	2.2901326379054359
49.657453	2.2901326379054359
49.717431	2.2712345536418783
49.717431	2.2712345536418783
49.717431	2.2712345536418783
49.717431	2.2712345536418783
49.717431	2.2712345536418783
49.717441	2.2710420096418171
49.77749	15.207045876855085
49.77749	15.207045876855085
49.77749	15.207045876855085
49.77749	15.207045876855085
49.77749	15.207045876855085
49.77749	15.207045876855085
49.837443	2.2128621094756422
49.837443	2.2128621094756422
49.837443	2.2128621094756422
49.837443	2.2128621094756422
49.873411	2.407656193738712
49.873411	2.407656193738712
49.897439	2.1416625595878611
49.897439	2.1416625595878611
49.909347	1.9561391793333935
49.909347	1.9561391793333935
49.909347	1.9561391793333935
49.909347	1.9561391793333935
49.909347	1.9561391793333935
49.957513	1.9625186001399673
49.969346	2.1333213317622706
49.981347	2.320953173190488
49.981347	2.320953173190488
50.005347	2.2404695569666018
50.017441	1.8771984507667301
50.017441	1.8771984507667301
50.017441	1.8771984507667301
50.017441	1.8771984507667301
50.05344	1.9339628799870447
50.05344	1.9339628799870447
50.077461	1.9101097797579263
50.077461	1.9101097797579263
50.077461	1.9101097797579263
50.077461	1.9101097797579263
50.077461	1.9101097797579263
50.125357	1.9214431995047296
50.137441	2.9770059759046994
50.137441	2.9770059759046994
50.149348	2.5322645673599107
50.149348	2.5322645673599107
50.149348	2.5322645673599107
50.185367	1.8567919168780005
50.197442	3.0500591143781044
50.197442	3.0500591143781044
50.197442	3.0500591143781044
50.197442	3.0500591143781044
50.197442	3.0500591143781044
50.197442	3.0500591143781044
50.257453	2.0717330061087158
50.257453	2.0717330061087158
50.257453	2.0717330061087158
50.257453	2.0717330061087158
50.257453	2.0717330061087158
50.305356	1.7166699782138428
50.317478	1.642464549113867
50.317478	1.642464549113867
50.317478	1.642464549113867
50.317478	1.642464549113867
50.353483	2.067295822346233
50.353483	2.067295822346233
50.377459	2.0424778948359821
50.377459	2.0424778948359821
50.377459	2.0424778948359821
50.377459	2.0424778948359821
50.377459	2.0424778948359821
50.377459	2.0424778948359821
50.437441	1.9389437750302261
50.437441	1.9389437750302261
50.437441	1.9389437750302261
50.437441	1.9389437750302261
50.437441	1.9389437750302261
50.437441	1.9389437750302261
50.497471	2.3381185356337033
50.497471	2.3381185356337033
50.497471	2.3381185356337033
50.497471	2.3381185356337033
50.533415	1.6800440854437462
50.545351	2.8454612904671879
50.557464	5.1193851171680489
50.557464	5.1193851171680489
50.557464	5.1193851171680489
50.557464	5.1193851171680489
50.557464	5.1193851171680489
50.557464	5.1193851171680489
50.557464	5.1193851171680489
50.557464	5.1193851171680489
50.557464	5.1193851171680489
50.557464	5.1193851171680489
50.557464	5.1193851171680489
50.61751	2.3341383989279922
50.677459	3.0676465636395109
50.677459	3.0676465636395109
50.689389	2.167981318191289
50.701347	2.4385298140952734
50.701347	2.4385298140952734
50.725346	2.2809266484851394
50.737441	1.8386778114853881
50.737441	1.8386778114853881
50.737441	1.8386778114853881
50.737441	1.8386778114853881
50.73745	1.8383487300851797
50.785398	2.2923512963775439
50.797448	1.8928558388775363
50.797448	1.8928558388775363
50.797448	1.8928558388775363
50.797448	1.8928558388775363
50.797448	1.8928558388775363
50.797448	1.8928558388775363
50.857457	2.077334154072263
50.857457	2.077334154072263
50.857457	2.077334154072263
50.857457	2.077334154072263
50.893422	2.0947954522474141
50.893422	2.0947954522474141
50.917455	2.693494984688817
50.917455	2.693494984688817
50.929356	2.387314076893996
50.929356	2.387314076893996
50.953442	2.6640503617769231
50.953442	2.6640503617769231
50.977475	2.0874039188745961
50.977475	2.0874039188745961
50.977475	2.0874039188745961
50.977475	2.0874039188745961
51.013488	2.3258702864761291
51.025355	2.0822331962654275
51.037468	2.0037015890154439
51.037468	2.0037015890154439
51.037468	2.0037015890154439
51.037468	2.0037015890154439
51.037468	2.0037015890154439
51.037468	2.0037015890154439
51.09745	2.0333133649581718
51.09745	2.0333133649581718
51.09745	2.0333133649581718
51.09745	2.0333133649581718
51.133418	1.9998246237429176
51.145426	2.0647228464979612
51.157455	3.0792841920476581
51.157455	3.0792841920476581
51.169447	2.5924939437283179
51.169447	2.5924939437283179
51.169447	2.5924939437283179
51.205356	1.9370206512022707
51.217467	1.925578178402275
51.217467	1.925578178402275
51.229356	1.8690661536139188
51.241356	1.8544320923166622
51.241356	1.8544320923166622
51.241356	1.8544320923166622
51.277566	1.8455110866899984
51.277566	1.8455110866899984
51.277566	1.8455110866899984
51.277566	1.8455110866899984
51.277566	1.8455110866899984
51.277566	1.8455110866899984
51.337456	2.1453420743395766
51.337456	2.1453420743395766
51.337456	2.1453420743395766
51.337456	2.1453420743395766
51.337456	2.1453420743395766
51.337456	2.1453420743395766
51.337456	2.1453420743395766
51.397456	1.4539613264574558
51.409427	1.6377191422370088
51.409427	1.6377191422370088
51.409427	1.6377191422370088
51.409427	1.6377191422370088
51.457454	1.9188946866857115
51.457454	1.9188946866857115
51.457454	1.9188946866857115
51.457454	1.9188946866857115
51.49344	2.0695643679456168
51.505356	2.0832883480603899
51.517454	1.7854718820603941
51.517454	1.7854718820603941
51.517454	1.7854718820603941
51.517454	1.7854718820603941
51.517454	1.7854718820603941
51.517454	1.7854718820603941
51.577504	2.0951171120531793
51.577504	2.0951171120531793
51.577504	2.0951171120531793
51.601355	2.210747991789499
51.613422	5.6830694762894813
51.625376	6.0015767431227864
51.637449	2.4660578508251598
51.637449	2.4660578508251598
51.637449	2.4660578508251598
51.637449	2.4660578508251598
51.637449	2.4660578508251598
51.637449	2.4660578508251598
51.69745	2.6290161373573966
51.69745	2.6290161373573966
51.709359	2.3829679689542793
51.709359	2.3829679689542793
51.73342	3.9165671686332661
51.745355	4.1331416516002095
51.757497	2.42279221210087
51.757497	2.42279221210087
51.757506	2.4215244518510683
51.757506	2.4215244518510683
51.757506	2.4215244518510683
51.757506	2.4215244518510683
51.817461	1.863619508327075
51.817461	1.863619508327075
51.817461	1.863619508327075
51.817461	1.863619508327075
51.853593	2.1999316330038319
51.865365	1.9746224124814091
51.87748	2.0643036999814059
51.87748	2.0643036999814059
51.87748	2.0643036999814059
51.87748	2.0643036999814059
51.87748	2.0643036999814059
51.87748	2.0643036999814059
51.937527	2.8562891223278379
51.937527	2.8562891223278379
51.937527	2.8562891223278379
51.937527	2.8562891223278379
51.937527	2.8562891223278379
51.937527	2.8562891223278379
51.997492	2.6212242313151091
51.997492	2.6212242313151091
52.009364	2.3301091291015323
52.021385	1.904268417749124
52.021385	1.904268417749124
52.021385	1.904268417749124
52.057462	1.8020503395157903
52.057462	1.8020503395157903
52.057462	1.8020503395157903
52.057462	1.8020503395157903
52.057462	1.8020503395157903
52.057462	1.8020503395157903
52.117461	3.0880776844003259
52.117461	3.0880776844003259
52.129421	3.1063840482988576
52.129421	3.1063840482988576
52.129421	3.1063840482988576
52.165365	1.9871118626805566
52.177478	2.3164564592304884
52.177478	2.3164564592304884
52.177478	2.3164564592304884
52.177478	2.3164564592304884
52.177478	2.3164564592304884
52.177478	2.3164564592304884
52.237462	2.2296844218401208
52.237462	2.2296844218401208
52.237462	2.2296844218401208
52.237462	2.2296844218401208
52.273435	2.8411843920766415
52.273435	2.8411843920766415
52.29747	1.914099694702158
52.29747	1.914099694702158
52.29747	1.914099694702158
52.29747	1.914099694702158
52.29747	1.914099694702158
52.29747	1.914099694702158
52.29747	1.914099694702158
52.357484	2.1017560163862243
52.369547	2.2106710067740871
52.381365	2.2919508862941473
52.393428	2.0860746810442188
52.393428	2.0860746810442188
52.417476	1.8679637500157271
52.417476	1.8679637500157271
52.417476	1.8679637500157271
52.441364	1.8098059478083306
52.453441	1.7710864819583434
52.453441	1.7710864819583434
52.477479	2.2487504749757696
52.477479	2.2487504749757696
52.477479	2.2487504749757696
52.477479	2.2487504749757696
52.477479	2.2487504749757696
52.525364	2.0042736110355581
52.537468	1.8392688570356701
52.537468	1.8392688570356701
52.537468	1.8392688570356701
52.561365	1.7973730914514439
52.561365	1.7973730914514439
52.585365	2.0913449855253878
52.597528	1.973396725625465
52.597528	1.973396725625465
52.597528	1.973396725625465
52.597528	1.973396725625465
52.597528	1.973396725625465
52.597528	1.973396725625465
52.657461	1.491388543685948
52.657461	1.491388543685948
52.657461	1.491388543685948
52.657461	1.491388543685948
52.657461	1.491388543685948
52.657461	1.491388543685948
52.717461	2.0181931781504776
52.717461	2.0181931781504776
52.717461	2.0181931781504776
52.741365	1.7228743870373175
52.741365	1.7228743870373175
52.765368	1.626017916318049
52.777482	2.0010800760178928
52.777492	2.001389686517991
52.777492	2.001389686517991
52.777492	2.001389686517991
52.777492	2.001389686517991
52.825375	2.4286072063532624
52.837468	1.958704063503331
52.837468	1.958704063503331
52.849376	1.8009481680168611
52.849376	1.8009481680168611
52.849376	1.8009481680168611
52.849376	1.8009481680168611
52.897473	1.5229453408769238
52.897473	1.5229453408769238
52.897473	1.5229453408769238
52.921375	2.1571725000325719
52.933439	2.0103294920325667
52.945396	2.1785360702770253
52.957475	2.7338366898769362
52.957475	2.7338366898769362
52.957475	2.7338366898769362
52.981374	1.8351993220099099
52.981374	1.8351993220099099
52.981374	1.8351993220099099
52.981374	1.8351993220099099
52.981374	1.8351993220099099
52.981374	1.8351993220099099
53.017471	1.729475190005672
53.05345	2.0299753249586172
53.05345	2.0299753249586172
53.077506	1.9007890162354082
53.077506	1.9007890162354082
53.077506	1.9007890162354082
53.077506	1.9007890162354082
53.077506	1.9007890162354082
53.125451	1.8336440750420744
53.137471	1.8688332260420679
53.137471	1.8688332260420679
53.137471	1.8688332260420679
53.137471	1.8688332260420679
53.173447	2.1223221165312163
53.185375	1.7837945000717774
53.197469	1.4639807640718907
53.197469	1.4639807640718907
53.197469	1.4639807640718907
53.197469	1.4639807640718907
53.197469	1.4639807640718907
53.197469	1.4639807640718907
53.257544	2.9907724510353404
53.257544	2.9907724510353404
53.269553	2.5654921611637351
53.269553	2.5654921611637351
53.269553	2.5654921611637351
53.269553	2.5654921611637351
53.31749	3.9610004020683274
53.31749	3.9610004020683274
53.31749	3.9610004020683274
53.341395	13.529272414650015
53.341395	13.529272414650015
53.365375	2.3461342374908081
53.377491	2.3867385882907985
53.377491	2.3867385882907985
53.377491	2.3867385882907985
53.377491	2.3867385882907985
53.377491	2.3867385882907985
53.377491	2.3867385882907985
53.377491	2.3867385882907985
53.43747	1.4271048570895553
53.449442	1.9527814062224143
53.449442	1.9527814062224143
53.449442	1.9527814062224143
53.485374	2.2999751072118948
53.497469	2.2478795232118931
53.497469	2.2478795232118931
53.497469	2.2478795232118931
53.497469	2.2478795232118931
53.497469	2.2478795232118931
53.497469	2.2478795232118931
53.557475	1.9154086025552335
53.557475	1.9154086025552335
53.557475	1.9154086025552335
53.557475	1.9154086025552335
53.557475	1.9154086025552335
53.605375	2.3186323687953032
53.61747	2.1214070655454145
53.61747	2.1214070655454145
53.61747	2.1214070655454145
53.61747	2.1214070655454145
53.61747	2.1214070655454145
53.665375	1.8759623688014551
53.67752	1.6521743480514193
53.67752	1.6521743480514193
53.67752	1.6521743480514193
53.67752	1.6521743480514193
53.67752	1.6521743480514193
53.67752	1.6521743480514193
53.737469	2.1242380557537412
53.737469	2.1242380557537412
53.737469	2.1242380557537412
53.737469	2.1242380557537412
53.773447	2.1377095014517495
53.773456	2.1378640719518471
53.797505	3.3817369383184004
53.797505	3.3817369383184004
53.797505	3.3817369383184004
53.797505	3.3817369383184004
53.833447	2.1125208765912276
53.845384	2.1900525368309594
53.857503	2.0567762581309976
53.857503	2.0567762581309976
53.869384	1.8469407752549061
53.869384	1.8469407752549061
53.869384	1.8469407752549061
53.869384	1.8469407752549061
53.917555	1.5229089608156063
53.917555	1.5229089608156063
53.917555	1.5229089608156063
53.917555	1.5229089608156063
53.917555	1.5229089608156063
53.917555	1.5229089608156063
53.977497	1.9013573888174022
53.977497	1.9013573888174022
53.989384	9.2478619989724908
54.001384	16.47665682465696
54.001384	16.47665682465696
54.025383	1.7991108982404154
54.037482	2.052223188140359
54.037482	2.052223188140359
54.037482	2.052223188140359
54.037482	2.052223188140359
54.037482	2.052223188140359
54.037482	2.052223188140359
54.097482	3.6754481663501495
54.097482	3.6754481663501495
54.097482	3.6754481663501495
54.097482	3.6754481663501495
54.097482	3.6754481663501495
54.145383	2.1101198593369621
54.157513	1.9534863823369983
54.157513	1.9534863823369983
54.157513	1.9534863823369983
54.181459	1.6264123233664549
54.181459	1.6264123233664549
54.205403	1.8158760016643567
54.205403	1.8158760016643567
54.205403	1.8158760016643567
54.205403	1.8158760016643567
54.205403	1.8158760016643567
54.205403	1.8158760016643567
54.21749	1.7555685195143607
54.277499	2.6023496472702714
54.277499	2.6023496472702714
54.277499	2.6023496472702714
54.277499	2.6023496472702714
54.277499	2.6023496472702714
54.277499	2.6023496472702714
54.337497	2.0670417232564615
54.337497	2.0670417232564615
54.337497	2.0670417232564615
54.337497	2.0670417232564615
54.337497	2.0670417232564615
54.385384	1.8081385803579597
54.39748	1.9834622379579274
54.39748	1.9834622379579274
54.409384	1.7154176116942308
54.409384	1.7154176116942308
54.433447	1.8838122789390366
54.433447	1.8838122789390366
54.457489	1.9525349996301706
54.457489	1.9525349996301706
54.457489	1.9525349996301706
54.457489	1.9525349996301706
54.457489	1.9525349996301706
54.505394	1.7701333540208943
54.51748	1.683609680020933
54.51748	1.683609680020933
54.51748	1.683609680020933
54.51748	1.683609680020933
54.51748	1.683609680020933
54.51748	1.683609680020933
54.577618	2.1219928853219976
54.577618	2.1219928853219976
54.577618	2.1219928853219976
54.577618	2.1219928853219976
54.577618	2.1219928853219976
54.625384	2.2189308552905436
54.637485	1.8466472205905633
54.637485	1.8466472205905633
54.637485	1.8466472205905633
54.637485	1.8466472205905633
54.637485	1.8466472205905633
54.637485	1.8466472205905633
54.697495	1.7698523870341263
54.697495	1.7698523870341263
54.697495	1.7698523870341263
54.721383	1.7974933453037516
54.721383	1.7974933453037516
54.745387	1.875964324893924
54.745387	1.875964324893924
54.757483	2.1052905744938819
54.769384	1.9443797508658118
54.769384	1.9443797508658118
54.769394	1.9441574253658991
54.805394	1.9612130495027702
54.817495	1.9499197912527708
54.817495	1.9499197912527708
54.817495	1.9499197912527708
54.817495	1.9499197912527708
54.817495	1.9499197912527708
54.817495	1.9499197912527708
54.87751	2.0156810935119975
54.87751	2.0156810935119975
54.87751	2.0156810935119975
54.87751	2.0156810935119975
54.87751	2.0156810935119975
54.925394	2.535267598786914
54.93751	2.1830379105867941
54.93751	2.1830379105867941
54.93751	2.1830379105867941
54.93751	2.1830379105867941
54.93751	2.1830379105867941
54.93751	2.1830379105867941
54.99749	2.3321859845427686
54.99749	2.3321859845427686
55.009437	2.1074919866100825
55.021393	1.9315004172236996
55.021393	1.9315004172236996
55.045393	2.3667590448213192
55.0575	2.2809640000213305
55.0575	2.2809640000213305
55.069425	2.187332452524219
55.069425	2.187332452524219
55.093458	2.0774457849055352
55.093458	2.0774457849055352
55.117493	1.8991377955286495
55.117493	1.8991377955286495
55.117493	1.8991377955286495
55.117493	1.8991377955286495
55.153462	2.2068071740336461
55.165394	2.1446391700940808
55.177509	2.1683439848440798
55.177509	2.1683439848440798
55.177509	2.1683439848440798
55.177509	2.1683439848440798
55.177509	2.1683439848440798
55.177509	2.1683439848440798
55.237583	1.8448138088532291
55.237583	1.8448138088532291
55.237583	1.8448138088532291
55.237583	1.8448138088532291
55.237583	1.8448138088532291
55.237583	1.8448138088532291
55.297489	2.6912855884453109
55.297489	2.6912855884453109
55.297489	2.6912855884453109
55.321394	1.7205740388303852
55.321394	1.7205740388303852
55.345394	1.6348700312436104
55.357492	1.8582771433436074
55.357492	1.8582771433436074
55.357492	1.8582771433436074
55.357492	1.8582771433436074
55.357492	1.8582771433436074
55.357492	1.8582771433436074
55.417493	1.8088896547544433
55.417493	1.8088896547544433
55.417493	1.8088896547544433
55.417493	1.8088896547544433
55.417493	1.8088896547544433
55.465394	1.7543592425068988
55.477524	1.7270819050069051
55.477524	1.7270819050069051
55.477524	1.7270819050069051
55.477524	1.7270819050069051
55.513467	2.3211810818517238
55.513467	2.3211810818517238
55.537493	2.1460713567176355
55.537493	2.1460713567176355
55.549394	1.9690509853400804
55.561395	1.8099575342971506
55.573466	1.6256955299470885
55.573466	1.6256955299470885
55.597488	2.5570990694176023
55.597488	2.5570990694176023
55.597488	2.5570990694176023
55.597488	2.5570990694176023
55.597488	2.5570990694176023
55.597488	2.5570990694176023
55.657492	1.8096182686130518
55.657492	1.8096182686130518
55.657492	1.8096182686130518
55.681395	1.4150530813650191
55.693459	1.939833462164728
55.705395	2.1075203598172672
55.717488	1.845610770467305
55.717488	1.845610770467305
55.717488	1.845610770467305
55.717488	1.845610770467305
55.717488	1.845610770467305
55.765467	1.8290377400507465
55.777507	1.4399031340508415
55.777507	1.4399031340508415
55.777507	1.4399031340508415
55.801406	1.7596536710214645
55.813468	1.6767696380214758
55.825404	1.7259356755455502
55.837501	1.9364706538455909
55.837501	1.9364706538455909
55.837501	1.9364706538455909
55.837501	1.9364706538455909
55.837501	1.9364706538455909
55.837501	1.9364706538455909
55.837501	1.9364706538455909
55.837501	1.9364706538455909
55.837501	1.9364706538455909
55.837501	1.9364706538455909
55.897567	2.0260259463697214
55.945403	3.3785693030703996
55.957501	2.3392010878704146
55.957501	2.3392010878704146
55.969403	2.0783344491154683
55.981403	2.0113578395835656
55.981403	2.0113578395835656
56.005424	1.6920502600705882
56.017498	1.4221510825705082
56.017498	1.4221510825705082
56.029474	1.9689038779990442
56.029474	1.9689038779990442
56.029474	1.9689038779990442
56.029474	1.9689038779990442
56.077526	2.2735042695436731
56.077526	2.2735042695436731
56.077526	2.2735042695436731
56.077526	2.2735042695436731
56.077526	2.2735042695436731
56.077526	2.2735042695436731
56.137554	1.8116144453328609
56.137554	1.8116144453328609
56.137554	1.8116144453328609
56.137554	1.8116144453328609
56.137554	1.8116144453328609
56.137554	1.8116144453328609
56.197505	1.9166362530065297
56.197505	1.9166362530065297
56.209414	1.8533524819196814
56.209414	1.8533524819196814
56.233469	1.8225196371418053
56.233469	1.8225196371418053
56.2575	1.7935428750083509
56.2575	1.7935428750083509
56.2575	1.7935428750083509
56.2575	1.7935428750083509
56.293536	1.7584578144103109
56.305421	1.7001491979721151
56.317524	1.6165047598221545
56.317524	1.6165047598221545
56.317524	1.6165047598221545
56.317524	1.6165047598221545
56.317524	1.6165047598221545
56.317524	1.6165047598221545
56.377529	2.4838102334260812
56.377529	2.4838102334260812
56.377529	2.4838102334260812
56.377529	2.4838102334260812
56.413467	3.8005765256015867
56.413467	3.8005765256015867
56.437521	1.8310129659820884
56.437521	1.8310129659820884
56.437521	1.8310129659820884
56.437521	1.8310129659820884
56.473471	2.066196115524698
56.485403	1.9494886584187974
56.497506	2.2535099669188328
56.497506	2.2535099669188328
56.497506	2.2535099669188328
56.497506	2.2535099669188328
56.533468	1.8559649232309252
56.533468	1.8559649232309252
56.557592	2.0290214215566102
56.557592	2.0290214215566102
56.557592	2.0290214215566102
56.557592	2.0290214215566102
56.557592	2.0290214215566102
56.557592	2.0290214215566102
56.617497	2.3416799395005174
56.617497	2.3416799395005174
56.617497	2.3416799395005174
56.617497	2.3416799395005174
56.617497	2.3416799395005174
56.617497	2.3416799395005174
56.67751	2.0986006014092244
56.67751	2.0986006014092244
56.67751	2.0986006014092244
56.67751	2.0986006014092244
56.67751	2.0986006014092244
56.67751	2.0986006014092244
56.737505	1.8500747608457617
56.737505	1.8500747608457617
56.749404	2.3135122792132528
56.749404	2.3135122792132528
56.749404	2.3135122792132528
56.785404	2.0463606863262114
56.797499	2.3186384883262177
56.797509	2.3188636043261295
56.797509	2.3188636043261295
56.797509	2.3188636043261295
56.797509	2.3188636043261295
56.797509	2.3188636043261295
56.797509	2.3188636043261295
56.857515	1.8629508010462061
56.869766	1.8989534844760956
56.881413	1.9852274741221301
56.881413	1.9852274741221301
56.881413	1.9852274741221301
56.917507	1.7389290758760474
56.917507	1.7389290758760474
56.917507	1.7389290758760474
56.917507	1.7389290758760474
56.917507	1.7389290758760474
56.917507	1.7389290758760474
56.977524	2.0341574198432468
56.977524	2.0341574198432468
56.989417	1.7561817691336181
56.989417	1.7561817691336181
56.989417	1.7561817691336181
57.025414	1.656620181911707
57.037511	1.6139280543616987
57.037511	1.6139280543616987
57.037511	1.6139280543616987
57.037511	1.6139280543616987
57.037511	1.6139280543616987
57.085484	1.8457173919217715
57.097549	2.129703361921722
57.097549	2.129703361921722
57.097549	2.129703361921722
57.121416	1.8439233056825273
57.121416	1.8439233056825273
57.145413	1.6801351057168024
57.157544	2.3463004790168993
57.157544	2.3463004790168993
57.157544	2.3463004790168993
57.157544	2.3463004790168993
57.157544	2.3463004790168993
57.157544	2.3463004790168993
57.21758	1.7231852470280158
57.21758	1.7231852470280158
57.21758	1.7231852470280158
57.21758	1.7231852470280158
57.21758	1.7231852470280158
57.265509	1.9797458332939595
57.277521	2.1806243110939043
57.277521	2.1806243110939043
57.289413	2.1748089140168396
57.289413	2.1748089140168396
57.313487	2.1857312239840425
57.313487	2.1857312239840425
57.337514	2.0028157946410921
57.337514	2.0028157946410921
57.337514	2.0028157946410921
57.361433	1.8848990439416009
57.361433	1.8848990439416009
57.361433	1.8848990439416009
57.361433	1.8848990439416009
57.361433	1.8848990439416009
57.361433	1.8848990439416009
57.361433	1.8848990439416009
57.361433	1.8848990439416009
57.397507	2.2253779480589078
57.45752	1.8110370840205845
57.45752	1.8110370840205845
57.45752	1.8110370840205845
57.45752	1.8110370840205845
57.45752	1.8110370840205845
57.45752	1.8110370840205845
57.517511	1.9391558807886236
57.517511	1.9391558807886236
57.517511	1.9391558807886236
57.517511	1.9391558807886236
57.517511	1.9391558807886236
57.565414	2.0443161326342185
57.577557	2.2790773587842166
57.577557	2.2790773587842166
57.577557	2.2790773587842166
57.601413	1.9698732799057455
57.601413	1.9698732799057455
57.601413	1.9698732799057455
57.637509	1.7981063326273383
57.637509	1.7981063326273383
57.649456	1.8529852231729911
57.661413	1.9695374546701199
57.673477	2.2520250626699632
57.673477	2.2520250626699632
57.697508	1.7851158609210787
57.697508	1.7851158609210787
57.697508	1.7851158609210787
57.721413	2.1305727079479713
57.721413	2.1305727079479713
57.745491	2.0311519700189073
57.757514	1.7893628273689606
57.757514	1.7893628273689606
57.757514	1.7893628273689606
57.757514	1.7893628273689606
57.757514	1.7893628273689606
57.757514	1.7893628273689606
57.81753	2.1669963395498706
57.81753	2.1669963395498706
57.81753	2.1669963395498706
57.81753	2.1669963395498706
57.81753	2.1669963395498706
57.865424	2.3911157382834705
57.877618	2.8030942961834375
57.877618	2.8030942961834375
57.877618	2.8030942961834375
57.877618	2.8030942961834375
57.877618	2.8030942961834375
57.877618	2.8030942961834375
57.937538	1.8165421983660766
57.937538	1.8165421983660766
57.949424	2.1983458470425732
57.961424	2.6307487841188988
57.961424	2.6307487841188988
57.961424	2.6307487841188988
57.997519	1.7487672922982771
57.997519	1.7487672922982771
57.997519	1.7487672922982771
57.997519	1.7487672922982771
58.033489	1.7433324710570455
58.033489	1.7433324710570455
58.057526	1.7193384505207312
58.057526	1.7193384505207312
58.069424	2.1131778494490985
58.069424	2.1131778494490985
58.069424	2.1131778494490985
58.069424	2.1131778494490985
58.11752	2.1085635080413399
58.11752	2.1085635080413399
58.11752	2.1085635080413399
58.1415	1.8080541250281601
58.1415	1.8080541250281601
58.1415	1.8080541250281601
58.177541	2.0549284275710091
58.177541	2.0549284275710091
58.177541	2.0549284275710091
58.201424	2.0094041672536056
58.213488	1.8244214264537084
58.225424	1.7456576983863694
58.237537	1.7927512254363873
58.237537	1.7927512254363873
58.237537	1.7927512254363873
58.237537	1.7927512254363873
58.273557	1.9192478948693641
58.285424	2.3709201214032305
58.297518	3.0483159460029907
58.297518	3.0483159460029907
58.309428	3.0516076264506586
58.309428	3.0516076264506586
58.309428	3.0516076264506586
58.309428	3.0516076264506586
58.357529	1.6388686276632747
58.357529	1.6388686276632747
58.357529	1.6388686276632747
58.357529	1.6388686276632747
58.357529	1.6388686276632747
58.357529	1.6388686276632747
58.417521	2.5397357126927949
58.417521	2.5397357126927949
58.417521	2.5397357126927949
58.441427	1.708830717958826
58.453503	1.8493229019588089
58.465428	1.8619173314410509
58.477537	1.7213929918911277
58.477537	1.7213929918911277
58.477537	1.7213929918911277
58.477537	1.7213929918911277
58.477537	1.7213929918911277
58.525424	2.328421017742822
58.537643	1.836635593342828
58.537643	1.836635593342828
58.549424	1.7005542512155329
58.549424	1.7005542512155329
58.549424	1.7005542512155329
58.549424	1.7005542512155329
58.597524	1.4597833686618347
58.597524	1.4597833686618347
58.609527	1.600883460781154
58.609527	1.600883460781154
58.633468	1.9764413183541469
58.633468	1.9764413183541469
58.657522	2.3188389427473504
58.657522	2.3188389427473504
58.657522	2.3188389427473504
58.657522	2.3188389427473504
58.657522	2.3188389427473504
58.657522	2.3188389427473504
58.717523	1.6545850730114096
58.717523	1.6545850730114096
58.717523	1.6545850730114096
58.717523	1.6545850730114096
58.717523	1.6545850730114096
58.717523	1.6545850730114096
58.777569	2.1611638398579229
58.777569	2.1611638398579229
58.777569	2.1611638398579229
58.777569	2.1611638398579229
58.777579	2.1607238528577835
58.825434	2.8858831515861434
58.837532	4.6150581552861194
58.837532	4.6150581552861194
58.849434	3.6081503732185549
58.849434	3.6081503732185549
58.873512	2.2047374099681369
58.873512	2.2047374099681369
58.897529	1.8458943585356862
58.897529	1.8458943585356862
58.897529	1.8458943585356862
58.921434	2.1851971698292716
58.921434	2.1851971698292716
58.921434	2.1851971698292716
58.957532	1.7891477394506765
58.957532	1.7891477394506765
58.969438	1.8152259135767188
58.969438	1.8152259135767188
58.969438	1.8152259135767188
58.969438	1.8152259135767188
59.017551	1.9089746802830694
59.017551	1.9089746802830694
59.017551	1.9089746802830694
59.017551	1.9089746802830694
59.017551	1.9089746802830694
59.017551	1.9089746802830694
59.077566	1.4396980634772465
59.077566	1.4396980634772465
59.077566	1.4396980634772465
59.077566	1.4396980634772465
59.113506	1.942530724556216
59.125434	2.0517158544595011
59.137529	2.5179406099595125
59.137529	2.5179406099595125
59.137529	2.5179406099595125
59.137529	2.5179406099595125
59.137529	2.5179406099595125
59.137529	2.5179406099595125
59.197599	1.9572114720430542
59.197599	1.9572114720430542
59.197599	1.9572114720430542
59.197599	1.9572114720430542
59.197599	1.9572114720430542
59.245434	1.8567909258683988
59.257533	1.9612821245183754
59.257533	1.9612821245183754
59.269437	2.2514608698456531
59.269437	2.2514608698456531
59.269437	2.2514608698456531
59.269437	2.2514608698456531
59.317552	2.3015764800009553
59.317552	2.3015764800009553
59.317552	2.3015764800009553
59.317552	2.3015764800009553
59.317552	2.3015764800009553
59.317552	2.3015764800009553
59.377547	2.1322235590282368
59.377547	2.1322235590282368
59.389436	2.0877751358359871
59.389436	2.0877751358359871
59.389436	2.0877751358359871
59.389436	2.0877751358359871
59.437547	1.9876814575281674
59.437547	1.9876814575281674
59.437547	1.9876814575281674
59.437547	1.9876814575281674
59.437547	1.9876814575281674
59.437547	1.9876814575281674
59.49757	1.741040751029719
59.49757	1.741040751029719
59.49757	1.741040751029719
59.521434	1.4675038899262347
59.521434	1.4675038899262347
59.545466	2.2958328654286455
59.557534	2.2026908346286653
59.557534	2.2026908346286653
59.557534	2.2026908346286653
59.557534	2.2026908346286653
59.557534	2.2026908346286653
59.557534	2.2026908346286653
59.617537	1.4527800586934907
59.617537	1.4527800586934907
59.617537	1.4527800586934907
59.617537	1.4527800586934907
59.617537	1.4527800586934907
59.617537	1.4527800586934907
59.677564	1.9239128347220671
59.677564	1.9239128347220671
59.677564	1.9239128347220671
59.701447	1.8763998130489281
59.701447	1.8763998130489281
59.725512	1.5166454655104893
59.737566	1.8055051107104232
59.737566	1.8055051107104232
59.749434	2.2474463267479172
59.749434	2.2474463267479172
59.749434	2.2474463267479172
59.785436	2.9802593882340229
59.797531	5.4511801994840834
59.797531	5.4511801994840834
59.797531	5.4511801994840834
59.821444	2.0137376502485034
59.821444	2.0137376502485034
59.821444	2.0137376502485034
59.857609	1.7521309173546484
59.857609	1.7521309173546484
59.857609	1.7521309173546484
59.857609	1.7521309173546484
59.857609	1.7521309173546484
59.857609	1.7521309173546484
59.917537	1.728816171561695
59.917537	1.728816171561695
59.929443	1.7768271799277775
59.929443	1.7768271799277775
59.929443	1.7768271799277775
59.929443	1.7768271799277775
59.977553	1.7696353362992552
59.977553	1.7696353362992552
59.977553	1.7696353362992552
59.977553	1.7696353362992552
59.977553	1.7696353362992552
59.977553	1.7696353362992552
60.037543	1.8070334280302482
60.037543	1.8070334280302482
60.037543	1.8070334280302482
60.037543	1.8070334280302482
60.037543	1.8070334280302482
60.037543	1.8070334280302482
60.097538	1.7311556935196184
60.097538	1.7311556935196184
60.109443	2.4568319391029849
60.109443	2.4568319391029849
60.133509	2.3118199396233194
60.133509	2.3118199396233194
60.157545	1.8133288922569759
60.157545	1.8133288922569759
60.157545	1.8133288922569759
60.157545	1.8133288922569759
60.157545	1.8133288922569759
60.157545	1.8133288922569759
60.21754	2.2097888059204154
60.21754	2.2097888059204154
60.21754	2.2097888059204154
60.21754	2.2097888059204154
60.21754	2.2097888059204154
60.21754	2.2097888059204154
60.277548	1.910221009513051
60.277548	1.910221009513051
60.277548	1.910221009513051
60.277548	1.910221009513051
60.277548	1.910221009513051
60.277548	1.910221009513051
60.337556	1.8742987857204976
60.337556	1.8742987857204976
60.337556	1.8742987857204976
60.361443	2.1054319701777771
60.373514	1.860640539877839
60.385516	1.6508019334544817
60.397556	1.4798778794545233
60.397556	1.4798778794545233
60.397556	1.4798778794545233
60.397556	1.4798778794545233
60.433511	3.5762101156512696
60.445443	2.7862638627895184
60.457539	2.3481896835895992
60.457539	2.3481896835895992
60.457539	2.3481896835895992
60.457539	2.3481896835895992
60.493508	2.2636121079307321
60.505443	2.2404004307990917
60.517639	1.9272669111990643
60.517639	1.9272669111990643
60.517639	1.9272669111990643
60.517639	1.9272669111990643
60.517639	1.9272669111990643
60.565443	2.6240879094922107
60.577552	2.1787243385424544
60.577552	2.1787243385424544
60.577552	2.1787243385424544
60.577552	2.1787243385424544
60.577552	2.1787243385424544
60.625443	1.8777890343737629
60.637543	1.9595947143737755
60.637543	1.9595947143737755
60.649514	2.082769459756562
60.649514	2.082769459756562
60.649514	2.082769459756562
60.649514	2.082769459756562
60.697546	2.3296402017201205
60.697546	2.3296402017201205
60.697546	2.3296402017201205
60.697546	2.3296402017201205
60.697546	2.3296402017201205
60.697546	2.3296402017201205
60.757541	2.2763551597087965
60.757541	2.2763551597087965
60.757541	2.2763551597087965
60.757541	2.2763551597087965
60.757541	2.2763551597087965
60.805443	1.8757598998414822
60.817542	2.0568734605415484
60.817552	2.0570231535414893
60.817552	2.0570231535414893
60.817552	2.0570231535414893
60.817552	2.0570231535414893
60.817552	2.0570231535414893
60.877563	1.9318468686535075
60.877563	1.9318468686535075
60.889453	2.4670962421902574
60.889453	2.4670962421902574
60.889453	2.4670962421902574
60.889453	2.4670962421902574
60.937548	2.1125370001363186
60.937548	2.1125370001363186
60.937548	2.1125370001363186
60.961453	1.8171194418068122
60.973533	2.1034432258068749
60.985474	2.1277473383926133
60.997551	1.8431884605427076
60.997551	1.8431884605427076
60.997551	1.8431884605427076
60.997551	1.8431884605427076
60.997551	1.8431884605427076
60.997551	1.8431884605427076
61.057554	1.9087408523957401
61.057554	1.9087408523957401
61.057554	1.9087408523957401
61.057554	1.9087408523957401
61.057554	1.9087408523957401
61.105453	2.6598679171246573
61.117583	2.7375793686246848
61.117583	2.7375793686246848
61.129453	2.3993544820481221
61.141453	1.9890707798426235
61.15352	1.859188832042624
61.15352	1.859188832042624
61.177634	1.9642875184606705
61.177634	1.9642875184606705
61.177634	1.9642875184606705
61.177634	1.9642875184606705
61.21352	2.3474815478454736
61.225453	2.4088677733890669
61.237552	1.9850428281391614
61.237552	1.9850428281391614
61.237552	1.9850428281391614
61.237552	1.9850428281391614
61.273518	1.9993516739906834
61.285454	1.932450846059897
61.29755	1.7503939500599306
61.29755	1.7503939500599306
61.29755	1.7503939500599306
61.29755	1.7503939500599306
61.29755	1.7503939500599306
61.29755	1.7503939500599306
61.35755	1.8985344176290386
61.35755	1.8985344176290386
61.369453	2.1631867022546905
61.369453	2.1631867022546905
61.369453	2.1631867022546905
61.369453	2.1631867022546905
61.417548	2.0330845447647841
61.417548	2.0330845447647841
61.417548	2.0330845447647841
61.441524	2.1758871858245246
61.441524	2.1758871858245246
61.441524	2.1758871858245246
61.477651	2.8729506145659562
61.477651	2.8729506145659562
61.477651	2.8729506145659562
61.501473	1.739866842611874
61.501473	1.739866842611874
61.525453	1.5396715085872441
61.537556	1.7286241497372661
61.537556	1.7286241497372661
61.537556	1.7286241497372661
61.537556	1.7286241497372661
61.537556	1.7286241497372661
61.537556	1.7286241497372661
61.597568	1.9402009411343117
61.597568	1.9402009411343117
61.597568	1.9402009411343117
61.621453	1.3753024288504843
61.621453	1.3753024288504843
61.645453	1.8188666006605849
61.65757	1.7870721985105993
61.65757	1.7870721985105993
61.65757	1.7870721985105993
61.65757	1.7870721985105993
61.65757	1.7870721985105993
61.705524	1.6866525866233686
61.717554	1.6172352761233628
61.717554	1.6172352761233628
61.729453	1.7760215690759056
61.729453	1.7760215690759056
61.729453	1.7760215690759056
61.765473	1.7140473798316331
61.77758	2.067367776881587
61.77758	2.067367776881587
61.77758	2.067367776881587
61.801453	1.9787064637152114
61.813559	1.9333440711152343
61.813559	1.9333440711152343
61.837625	1.8081763312732997
61.837635	1.8081190077733222
61.837635	1.8081190077733222
61.837635	1.8081190077733222
61.837635	1.8081190077733222
61.885463	2.5486337260354488
61.897609	1.995662176735475
61.897609	1.995662176735475
61.897609	1.995662176735475
61.921464	1.8948743174577005
61.921464	1.8948743174577005
61.921464	1.8948743174577005
61.957564	1.8684325705566258
61.957564	1.8684325705566258
61.957564	1.8684325705566258
61.981463	2.0986244545865453
61.981463	2.0986244545865453
61.981463	2.0986244545865453
62.017557	1.7434738292029119
62.017557	1.7434738292029119
62.017557	1.7434738292029119
62.017557	1.7434738292029119
62.053539	2.0512860608413099
62.053539	2.0512860608413099
62.077569	2.0432006793735131
62.077569	2.0432006793735131
62.077569	2.0432006793735131
62.077569	2.0432006793735131
62.077569	2.0432006793735131
62.125463	2.1857019202701387
62.125463	2.1857019202701387
62.137658	1.6807398967702838
62.149463	1.5868877362986402
62.161483	1.6139629027344278
62.161483	1.6139629027344278
62.161483	1.6139629027344278
62.197558	1.8944629321033191
62.197558	1.8944629321033191
62.197558	1.8944629321033191
62.197558	1.8944629321033191
62.2336	2.6030828401590966
62.2336	2.6030828401590966
62.257563	2.4672795928238767
62.257563	2.4672795928238767
62.257563	2.4672795928238767
62.257563	2.4672795928238767
62.293567	1.7220705077382827
62.293567	1.7220705077382827
62.31761	2.6129069367399742
62.31761	2.6129069367399742
62.31761	2.6129069367399742
62.31761	2.6129069367399742
62.31761	2.6129069367399742
62.31761	2.6129069367399742
62.377566	1.910325257545356
62.377566	1.910325257545356
62.389494	1.6382648308304184
62.389494	1.6382648308304184
62.41353	1.6730192964656974
62.425497	1.8318955880201957
62.437557	2.0632944260201245
62.437557	2.0632944260201245
62.437557	2.0632944260201245
62.461463	2.1277973466598472
62.473527	2.0992605578598629
62.485463	2.0973751419397622
62.497634	2.1272872000897451
62.497634	2.1272872000897451
62.497634	2.1272872000897451
62.521463	6.2416697602262383
62.521463	6.2416697602262383
62.545483	15.441394932379117
62.557559	13.479768284779354
62.557559	13.479768284779354
62.557559	13.479768284779354
62.557559	13.479768284779354
62.557559	13.479768284779354
62.557559	13.479768284779354
62.617558	1.8627716282352034
62.617558	1.8627716282352034
62.617558	1.8627716282352034
62.617558	1.8627716282352034
62.617558	1.8627716282352034
62.617558	1.8627716282352034
62.677581	1.7839089602715408
62.677581	1.7839089602715408
62.677581	1.7839089602715408
62.701463	2.8152583159803592
62.701463	2.8152583159803592
62.701463	2.8152583159803592
62.737558	1.9741671644638712
62.737558	1.9741671644638712
62.737558	1.9741671644638712
62.737558	1.9741671644638712
62.737558	1.9741671644638712
62.737558	1.9741671644638712
62.737558	1.9741671644638712
62.737558	1.9741671644638712
62.737558	1.9741671644638712
62.737558	1.9741671644638712
62.797563	4.2191638579966826
62.845473	2.1287851788187284
62.85757	1.9320728375686902
62.85757	1.9320728375686902
62.85757	1.9320728375686902
62.85757	1.9320728375686902
62.85757	1.9320728375686902
62.905484	1.8941187467479863
62.917573	2.0426647520479144
62.917573	2.0426647520479144
62.917573	2.0426647520479144
62.941493	1.964944346148924
62.953544	1.8258480888489503
62.965474	1.7186082491253656
62.965474	1.7186082491253656
62.965474	1.7186082491253656
62.965474	1.7186082491253656
62.965474	1.7186082491253656
62.977573	1.6462822419753818
63.025544	2.266256950896496
63.037572	3.12388101529642
63.037572	3.12388101529642
63.037572	3.12388101529642
63.037572	3.12388101529642
63.037572	3.12388101529642
63.037572	3.12388101529642
63.097588	2.8971001685031901
63.097588	2.8971001685031901
63.097588	2.8971001685031901
63.121474	2.2052552472563529
63.121474	2.2052552472563529
63.121474	2.2052552472563529
63.157648	1.8468961130376464
63.157648	1.8468961130376464
63.157648	1.8468961130376464
63.157648	1.8468961130376464
63.157648	1.8468961130376464
63.205495	2.015696738860361
63.217572	1.7044392371104637
63.217572	1.7044392371104637
63.217572	1.7044392371104637
63.217572	1.7044392371104637
63.217572	1.7044392371104637
63.265474	1.9461627046977179
63.277594	1.9526050906977186
63.277594	1.9526050906977186
63.277594	1.9526050906977186
63.277594	1.9526050906977186
63.277594	1.9526050906977186
63.277594	1.9526050906977186
63.337595	1.7922581669292892
63.337595	1.7922581669292892
63.349563	1.8353375259484062
63.349563	1.8353375259484062
63.349563	1.8353375259484062
63.349563	1.8353375259484062
63.397567	1.7941123907236904
63.397567	1.7941123907236904
63.397567	1.7941123907236904
63.397567	1.7941123907236904
63.397567	1.7941123907236904
63.397567	1.7941123907236904
63.457575	2.2228048650533418
63.457575	2.2228048650533418
63.457575	2.2228048650533418
63.481473	1.9333618466361129
63.481473	1.9333618466361129
63.481473	1.9333618466361129
63.517572	1.7024613165243259
63.517572	1.7024613165243259
63.517572	1.7024613165243259
63.541473	1.809969121359331
63.541473	1.809969121359331
63.541473	1.809969121359331
63.577571	1.7947339656967454
63.577571	1.7947339656967454
63.58964	1.7666084040008847
63.601474	1.7982915771004959
63.613539	2.0749154841004471
63.613539	2.0749154841004471
63.637568	2.0219309008497652
63.637568	2.0219309008497652
63.637568	2.0219309008497652
63.637568	2.0219309008497652
63.673536	2.0474760496770488
63.68556	1.9245311780067373
63.697573	1.9059416611567463
63.697573	1.9059416611567463
63.697573	1.9059416611567463
63.721497	1.8443090194838008
63.721497	1.8443090194838008
63.721497	1.8443090194838008
63.75757	1.7356501424913755
63.75757	1.7356501424913755
63.75757	1.7356501424913755
63.781474	1.7591888383092262
63.781474	1.7591888383092262
63.781474	1.7591888383092262
63.817635	1.727164377998238
63.817635	1.727164377998238
63.829474	1.7792879687763368
63.829484	1.779341980776354
63.829484	1.779341980776354
63.865484	1.95074891824167
63.87758	1.8357286590416912
63.87758	1.8357286590416912
63.87758	1.8357286590416912
63.87758	1.8357286590416912
63.913555	3.156430393518272
63.913555	3.156430393518272
63.937581	2.0072489957222537
63.937581	2.0072489957222537
63.937581	2.0072489957222537
63.937581	2.0072489957222537
63.937581	2.0072489957222537
63.985508	1.6994530097783651
63.99759	1.7588583914783531
63.99759	1.7588583914783531
63.99759	1.7588583914783531
63.99759	1.7588583914783531
63.99759	1.7588583914783531
64.045483	1.7504623864240516
64.057581	1.8219391851240341
64.057581	1.8219391851240341
64.057581	1.8219391851240341
64.057581	1.8219391851240341
64.057581	1.8219391851240341
64.105484	1.9470797101032136
64.117599	2.7679388041029922
64.117599	2.7679388041029922
64.117599	2.7679388041029922
64.141484	1.5061850160795567
64.153552	1.8386650534796036
64.165484	1.9828942460266044
64.17761	1.9090044650266205
64.17761	1.9090044650266205
64.17761	1.9090044650266205
64.17761	1.9090044650266205
64.17761	1.9090044650266205
64.225483	1.79499915531886
64.237594	1.8814287012689088
64.237594	1.8814287012689088
64.237594	1.8814287012689088
64.261483	15.786647296146947
64.261483	15.786647296146947
64.285483	1.7096278897965669
64.297579	1.5801190417965447
64.297579	1.5801190417965447
64.297579	1.5801190417965447
64.297579	1.5801190417965447
64.333548	1.870307643959789
64.345563	2.0892858688257929
64.357592	2.4336959866758128
64.357592	2.4336959866758128
64.369483	2.1419560434646687
64.369483	2.1419560434646687
64.369483	2.1419560434646687
64.405484	2.015178702371061
64.41758	2.0961444879710749
64.41758	2.0961444879710749
64.41758	2.0961444879710749
64.41758	2.0961444879710749
64.41758	2.0961444879710749
64.465484	1.7511076569732107
64.465484	1.7511076569732107
64.477682	1.826939573473213
64.489731	7.2337408312161777
64.489731	7.2337408312161777
64.489731	7.2337408312161777
64.489731	7.2337408312161777
64.537578	2.3131232283982603
64.537578	2.3131232283982603
64.537578	2.3131232283982603
64.537578	2.3131232283982603
64.537578	2.3131232283982603
64.585484	2.4277936809529126
64.597579	3.1236105644531769
64.597579	3.1236105644531769
64.597579	3.1236105644531769
64.597579	3.1236105644531769
64.633549	1.6037221194673523
64.633549	1.6037221194673523
64.657587	1.8703801792923358
64.657587	1.8703801792923358
64.669484	1.7429030278849014
64.669484	1.7429030278849014
64.693549	1.8563968069485821
64.693549	1.8563968069485821
64.717582	1.853190523438047
64.717582	1.853190523438047
64.717582	1.853190523438047
64.741554	1.7771079345697884
64.741554	1.7771079345697884
64.741554	1.7771079345697884
64.777589	1.5826211214784713
64.777589	1.5826211214784713
64.777589	1.5826211214784713
64.801483	2.4700951943727656
64.801483	2.4700951943727656
64.801483	2.4700951943727656
64.83758	2.4150828248841067
64.83758	2.4150828248841067
64.837589	2.4153290536338736
64.837589	2.4153290536338736
64.837589	2.4153290536338736
64.837589	2.4153290536338736
64.897629	1.6591981086298342
64.897629	1.6591981086298342
64.909551	1.7587004019733357
64.921493	1.8541344667663011
64.921493	1.8541344667663011
64.921493	1.8541344667663011
64.957592	1.8488752804890105
64.957592	1.8488752804890105
64.969492	1.683643945650702
64.969492	1.683643945650702
64.969492	1.683643945650702
64.969492	1.683643945650702
65.017608	1.8720668871657911
65.017608	1.8720668871657911
65.017608	1.8720668871657911
65.017608	1.8720668871657911
65.017608	1.8720668871657911
65.065493	2.0575328949978422
65.077589	2.0637623349978433
65.077589	2.0637623349978433
65.089493	1.9282122433102922
65.089493	1.9282122433102922
65.089493	1.9282122433102922
65.089493	1.9282122433102922
65.137658	2.7945118914416001
65.137658	2.7945118914416001
65.137658	2.7945118914416001
65.137658	2.7945118914416001
65.137658	2.7945118914416001
65.185492	2.1372889770313512
65.197593	2.0463771892813236
65.197593	2.0463771892813236
65.209654	2.0015504892115357
65.221493	1.9665102617178063
65.221493	1.9665102617178063
65.221493	1.9665102617178063
65.25759	2.4252123468727587
65.25759	2.4252123468727587
65.25759	2.4252123468727587
65.25759	2.4252123468727587
65.25759	2.4252123468727587
65.25759	2.4252123468727587
65.317617	1.6592377567037264
65.317617	1.6592377567037264
65.317617	1.6592377567037264
65.317617	1.6592377567037264
65.317617	1.6592377567037264
65.365493	1.7716430980603166
65.377589	2.4731276356604366
65.377589	2.4731276356604366
65.377589	2.4731276356604366
65.401569	1.9932882538343553
65.401569	1.9932882538343553
65.401569	1.9932882538343553
65.437595	1.7509790103230385
65.437595	1.7509790103230385
65.437595	1.7509790103230385
65.437595	1.7509790103230385
65.437595	1.7509790103230385
65.437595	1.7509790103230385
65.497588	1.8408285220631255
65.497588	1.8408285220631255
65.497588	1.8408285220631255
65.521493	2.5120697485309988
65.521493	2.5120697485309988
65.521493	2.5120697485309988
65.55759	1.456374960555324
65.55759	1.456374960555324
65.55759	1.456374960555324
65.581513	1.7095039735839681
65.593556	1.9039508537340968
65.605492	2.0467055381711878
65.617587	2.1319553314212203
65.617587	2.1319553314212203
65.629493	2.1648794384431516
65.629493	2.1648794384431516
65.629493	2.1648794384431516
65.66557	1.9726049874123242
65.677621	2.2321082086623667
65.677621	2.2321082086623667
65.677621	2.2321082086623667
65.677621	2.2321082086623667
65.677621	2.2321082086623667
65.677621	2.2321082086623667
65.737588	2.1519628223735796
65.737588	2.1519628223735796
65.737588	2.1519628223735796
65.737588	2.1519628223735796
65.737588	2.1519628223735796
65.737588	2.1519628223735796
65.797654	2.7316394526064771
65.797654	2.7316394526064771
65.797654	2.7316394526064771
65.797654	2.7316394526064771
65.797654	2.7316394526064771
65.797654	2.7316394526064771
65.857617	2.2281741502309242
65.857627	2.2283455092307354
65.857627	2.2283455092307354
65.881501	1.901986585683817
65.881501	1.901986585683817
65.905501	1.8507045146739638
65.917595	2.0791571511740981
65.917595	2.0791571511740981
65.917595	2.0791571511740981
65.917595	2.0791571511740981
65.953573	2.0850316621745177
65.953573	2.0850316621745177
65.977623	1.783256891914641
65.977623	1.783256891914641
65.989502	1.687782180011663
65.989502	1.687782180011663
65.989502	1.687782180011663
66.025501	1.8221078573691161
66.025501	1.8221078573691161
66.025501	1.8221078573691161
66.025501	1.8221078573691161
66.025501	1.8221078573691161
66.037596	1.6129526508692824
66.085501	2.0477438618521115
66.097599	1.8900077182519652
66.097599	1.8900077182519652
66.097599	1.8900077182519652
66.097599	1.8900077182519652
66.097599	1.8900077182519652
66.145502	2.7953273609596612
66.157599	2.0071213174087648
66.157599	2.0071213174087648
66.157599	2.0071213174087648
66.181501	2.0180637802305061
66.193632	2.0775693679805012
66.205501	2.0291190641574861
66.217594	1.8539410754573464
66.217594	1.8539410754573464
66.217594	1.8539410754573464
66.217594	1.8539410754573464
66.217594	1.8539410754573464
66.265501	2.0066591632373152
66.277617	1.8923228944372354
66.277617	1.8923228944372354
66.277617	1.8923228944372354
66.277617	1.8923228944372354
66.277617	1.8923228944372354
66.277617	1.8923228944372354
66.337617	1.4082835820803126
66.337617	1.4082835820803126
66.349501	1.6273542876391989
66.349501	1.6273542876391989
66.373594	1.906930188204663
66.385501	2.0226203352620216
66.397595	2.2936511081618631
66.397595	2.2936511081618631
66.397595	2.2936511081618631
66.397595	2.2936511081618631
66.433566	2.3986198773027336
66.433566	2.3986198773027336
66.457686	1.880812811750173
66.457686	1.880812811750173
66.457686	1.880812811750173
66.457686	1.880812811750173
66.457686	1.880812811750173
66.457686	1.880812811750173
66.517596	1.7589783493092288
66.517596	1.7589783493092288
66.517596	1.7589783493092288
66.517596	1.7589783493092288
66.517596	1.7589783493092288
66.517596	1.7589783493092288
66.577618	2.0151426709557949
66.577618	2.0151426709557949
66.577618	2.0151426709557949
66.577618	2.0151426709557949
66.577618	2.0151426709557949
66.577618	2.0151426709557949
66.637596	2.4901537178205371
66.637596	2.4901537178205371
66.637596	2.4901537178205371
66.637596	2.4901537178205371
66.637596	2.4901537178205371
66.637596	2.4901537178205371
66.697596	1.7529689337069212
66.697596	1.7529689337069212
66.697596	1.7529689337069212
66.697596	1.7529689337069212
66.697596	1.7529689337069212
66.697596	1.7529689337069212
66.697596	1.7529689337069212
66.697596	1.7529689337069212
66.757603	1.9675285649051082
66.781501	2.0475356466740524
66.781501	2.0475356466740524
66.781501	2.0475356466740524
66.817613	2.8729139691416989
66.817613	2.8729139691416989
66.829501	2.8602782412199907
66.829501	2.8602782412199907
66.829501	2.8602782412199907
66.86553	2.0333097335072092
66.87761	2.0105624895072096
66.87761	2.0105624895072096
66.87761	2.0105624895072096
66.901511	1.6967437670914411
66.901511	1.6967437670914411
66.925511	1.7818499781521342
66.937608	2.4079283986021105
66.937608	2.4079283986021105
66.937608	2.4079283986021105
66.937608	2.4079283986021105
66.937608	2.4079283986021105
66.937608	2.4079283986021105
66.937608	2.4079283986021105
66.937608	2.4079283986021105
66.937608	2.4079283986021105
66.937608	2.4079283986021105
66.937608	2.4079283986021105
66.997608	2.2861291088572604
67.057607	1.9080576578002071
67.057607	1.9080576578002071
67.057607	1.9080576578002071
67.057607	1.9080576578002071
67.093575	1.7839346575278685
67.093575	1.7839346575278685
67.11769	1.8222068034816794
67.11769	1.8222068034816794
67.11769	1.8222068034816794
67.141511	1.8063619566924907
67.141511	1.8063619566924907
67.165512	2.0661718540143754
67.17764	2.0199126300144044
67.17764	2.0199126300144044
67.17764	2.0199126300144044
67.17764	2.0199126300144044
67.17764	2.0199126300144044
67.17764	2.0199126300144044
67.237625	1.713331793694544
67.237625	1.713331793694544
67.237625	1.713331793694544
67.237625	1.713331793694544
67.237625	1.713331793694544
67.237625	1.713331793694544
67.297605	1.7861903037604081
67.297605	1.7861903037604081
67.297605	1.7861903037604081
67.321512	1.6793688959980033
67.321512	1.6793688959980033
67.321512	1.6793688959980033
67.35761	2.0836051134161657
67.35761	2.0836051134161657
67.35761	2.0836051134161657
67.35761	2.0836051134161657
67.35761	2.0836051134161657
67.405511	2.0699021190620774
67.417794	1.8651322260620951
67.417794	1.8651322260620951
67.417794	1.8651322260620951
67.417794	1.8651322260620951
67.417794	1.8651322260620951
67.417794	1.8651322260620951
67.477635	1.9191497354258327
67.477635	1.9191497354258327
67.477635	1.9191497354258327
67.477635	1.9191497354258327
67.477635	1.9191497354258327
67.525511	2.1092578687307801
67.537607	2.1719302687307911
67.537607	2.1719302687307911
67.537607	2.1719302687307911
67.537607	2.1719302687307911
67.537607	2.1719302687307911
67.537607	2.1719302687307911
67.597609	1.9989451590378144
67.597609	1.9989451590378144
67.597609	1.9989451590378144
67.597609	1.9989451590378144
67.597609	1.9989451590378144
67.597609	1.9989451590378144
67.657613	2.1758953667596312
67.657613	2.1758953667596312
67.657613	2.1758953667596312
67.657613	2.1758953667596312
67.657613	2.1758953667596312
67.657613	2.1758953667596312
67.717613	2.1650709498013221
67.717613	2.1650709498013221
67.717613	2.1650709498013221
67.717613	2.1650709498013221
67.717613	2.1650709498013221
67.717613	2.1650709498013221
67.777679	2.2685971002504384
67.777679	2.2685971002504384
67.777679	2.2685971002504384
67.777679	2.2685971002504384
67.777679	2.2685971002504384
67.825512	1.8202403759537675
67.837611	1.9738734779536977
67.837611	1.9738734779536977
67.837611	1.9738734779536977
67.837622	1.974013155953706
67.873626	1.9039414699089676
67.873626	1.9039414699089676
67.897617	2.1535858590090902
67.897617	2.1535858590090902
67.909602	2.0326815169680779
67.909602	2.0326815169680779
67.909602	2.0326815169680779
67.909602	2.0326815169680779
67.957617	2.0517117579914088
67.957617	2.0517117579914088
67.969534	2.1366222817699105
67.981523	2.2081002032868708
67.993596	2.0850491690368371
67.993596	2.0850491690368371
68.017616	1.8064235776436277
68.017616	1.8064235776436277
68.029522	1.8458089330741672
68.029522	1.8458089330741672
68.029522	1.8458089330741672
68.029522	1.8458089330741672
68.077626	2.3182388787152601
68.077626	2.3182388787152601
68.077626	2.3182388787152601
68.077626	2.3182388787152601
68.113596	2.0169587731550624
68.125522	1.7313735411056128
68.137638	1.712382316905622
68.137638	1.712382316905622
68.137638	1.712382316905622
68.137638	1.712382316905622
68.137638	1.712382316905622
68.137638	1.712382316905622
68.197617	3.4301383144225657
68.197617	3.4301383144225657
68.197617	3.4301383144225657
68.221523	1.8638594868097405
68.221523	1.8638594868097405
68.221523	1.8638594868097405
68.257639	1.7071831255190479
68.257639	1.7071831255190479
68.257639	1.7071831255190479
68.257639	1.7071831255190479
68.293586	2.1495612492352967
68.293586	2.1495612492352967
68.317637	1.940919558765394
68.317637	1.940919558765394
68.317637	1.940919558765394
68.317637	1.940919558765394
68.353594	1.9179140280553293
68.365523	1.9165837878366294
68.377621	2.1331053232368302
68.377621	2.1331053232368302
68.377621	2.1331053232368302
68.377621	2.1331053232368302
68.377621	2.1331053232368302
68.425522	1.9799670633829951
68.437723	2.3850616151332273
68.437723	2.3850616151332273
68.437723	2.3850616151332273
68.461522	1.929304803003288
68.473591	1.5747109450533123
68.473591	1.5747109450533123
68.497617	2.0421835653195215
68.497617	2.0421835653195215
68.509523	1.9979007334989705
68.521543	1.9010341975374727
68.533586	2.286934670187728
68.545522	2.4387224482340191
68.557621	2.3209761901340729
68.557621	2.3209761901340729
68.557621	2.3209761901340729
68.557621	2.3209761901340729
68.557621	2.3209761901340729
68.557621	2.3209761901340729
68.617621	1.9503639912699939
68.617621	1.9503639912699939
68.617621	1.9503639912699939
68.617621	1.9503639912699939
68.617621	1.9503639912699939
68.617621	1.9503639912699939
68.677622	2.2729692923920637
68.677622	2.2729692923920637
68.677622	2.2729692923920637
68.677622	2.2729692923920637
68.677622	2.2729692923920637
68.725522	1.8247636655435371
68.737624	2.0218423151435552
68.737624	2.0218423151435552
68.737624	2.0218423151435552
68.737624	2.0218423151435552
68.7736	1.556277720097893
68.785543	5.609865415114748
68.797616	14.833930185367262
68.797616	14.833930185367262
68.797616	14.833930185367262
68.797616	14.833930185367262
68.797616	14.833930185367262
68.797616	14.833930185367262
68.857617	2.4293525846142918
68.857628	2.4297872688643176
68.857628	2.4297872688643176
68.857628	2.4297872688643176
68.857628	2.4297872688643176
68.905533	2.0250696243143782
68.917659	2.3283020811143129
68.917659	2.3283020811143129
68.917659	2.3283020811143129
68.917659	2.3283020811143129
68.917659	2.3283020811143129
68.917659	2.3283020811143129
68.977633	1.6624026987883513
68.977633	1.6624026987883513
68.977633	1.6624026987883513
68.977633	1.6624026987883513
68.977633	1.6624026987883513
69.025533	1.7381902233543327
69.037628	2.6096252973546639
69.037628	2.6096252973546639
69.049553	2.4717290963098288
69.049553	2.4717290963098288
69.049553	2.4717290963098288
69.049553	2.4717290963098288
69.097705	2.1374467884477069
69.097705	2.1374467884477069
69.109533	1.7737064569316967
69.109533	1.7737064569316967
69.109533	1.7737064569316967
69.109533	1.7737064569316967
69.157628	3.2964291821290441
69.157628	3.2964291821290441
69.157628	3.2964291821290441
69.157628	3.2964291821290441
69.157628	3.2964291821290441
69.205533	3.551462497681241
69.217627	7.5698584760788847
69.217627	7.5698584760788847
69.217627	7.5698584760788847
69.217627	7.5698584760788847
69.217627	7.5698584760788847
69.217627	7.5698584760788847
69.277636	1.9820648702941477
69.277636	1.9820648702941477
69.289534	1.9600760854844128
69.289534	1.9600760854844128
69.289534	1.9600760854844128
69.289534	1.9600760854844128
69.337629	2.2898469860957262
69.337629	2.2898469860957262
69.349537	2.4177114087062432
69.349537	2.4177114087062432
69.373607	2.0964208235621222
69.373607	2.0964208235621222
69.397649	1.7718751602206149
69.397649	1.7718751602206149
69.397649	1.7718751602206149
69.421533	2.015335340993734
69.421533	2.015335340993734
69.445556	2.0184812074529486
69.457633	2.5524911241532759
69.457633	2.5524911241532759
69.457633	2.5524911241532759
69.457633	2.5524911241532759
69.457633	2.5524911241532759
69.505533	2.2661847780752549
69.51763	1.9911715800752654
69.51763	1.9911715800752654
69.51763	1.9911715800752654
69.51763	1.9911715800752654
69.51763	1.9911715800752654
69.565533	5.3339925459380986
69.57763	2.4415339172882078
69.57763	2.4415339172882078
69.57763	2.4415339172882078
69.57763	2.4415339172882078
69.57763	2.4415339172882078
69.57763	2.4415339172882078
69.63763	2.2891726672213797
69.63763	2.2891726672213797
69.63763	2.2891726672213797
69.661536	2.3763903520988952
69.673603	2.0126547710987674
69.685534	1.8079011863070489
69.697627	1.7818341201570587
69.697627	1.7818341201570587
69.697627	1.7818341201570587
69.721533	2.27511548353203
69.721533	2.27511548353203
69.721533	2.27511548353203
69.757747	3.0447451183732657
69.757747	3.0447451183732657
69.757747	3.0447451183732657
69.757747	3.0447451183732657
69.79363	1.5980365326289547
69.79363	1.5980365326289547
69.817628	1.791223665517951
69.817628	1.791223665517951
69.817628	1.791223665517951
69.841533	2.239538832216081
69.841533	2.239538832216081
69.841533	2.239538832216081
69.877707	2.7175182732479417
69.877707	2.7175182732479417
69.877707	2.7175182732479417
69.901546	1.9100536327960314
69.901546	1.9100536327960314
69.901546	1.9100536327960314
69.937641	4.6138303948098871
69.937641	4.6138303948098871
69.949546	3.7543643365113173
69.949546	3.7543643365113173
69.973617	2.2344893970938871
69.985547	1.988144460692316
69.997646	1.6410217308920663
69.997646	1.6410217308920663
69.997646	1.6410217308920663
69.997646	1.6410217308920663
69.997646	1.6410217308920663
69.997646	1.6410217308920663
69.997646	1.6410217308920663
70.057648	2.8156852550643401
70.069815	2.5314833491248665
70.081547	2.1621975617898919
70.081547	2.1621975617898919
70.081547	2.1621975617898919
70.11764	1.8633739701169605
70.11764	1.8633739701169605
70.11764	1.8633739701169605
70.11764	1.8633739701169605
70.11764	1.8633739701169605
70.11764	1.8633739701169605
70.177649	1.7937797758131584
70.177649	1.7937797758131584
70.177649	1.7937797758131584
70.201546	3.1204183951090769
70.21361	2.3267959967083005
70.225547	1.9003012368034946
70.237643	1.8869278992034924
70.237643	1.8869278992034924
70.237643	1.8869278992034924
70.237643	1.8869278992034924
70.273629	2.0271167628665299
70.285617	2.1971712030924548
70.297646	2.4167239096424673
70.297646	2.4167239096424673
70.297646	2.4167239096424673
70.297646	2.4167239096424673
70.297646	2.4167239096424673
70.297646	2.4167239096424673
70.357643	1.6845222715360828
70.357643	1.6845222715360828
70.357643	1.6845222715360828
70.357643	1.6845222715360828
70.357643	1.6845222715360828
70.357643	1.6845222715360828
70.41771	1.9976785236997601
70.41771	1.9976785236997601
70.41771	1.9976785236997601
70.441546	1.8903636090548703
70.441546	1.8903636090548703
70.465547	1.9280281019288152
70.477649	1.4280872207287685
70.477649	1.4280872207287685
70.477649	1.4280872207287685
70.477649	1.4280872207287685
70.477649	1.4280872207287685
70.477649	1.4280872207287685
70.537643	3.070509503975194
70.537643	3.070509503975194
70.537643	3.070509503975194
70.537643	3.070509503975194
70.537643	3.070509503975194
70.537643	3.070509503975194
70.59764	1.9733990699815678
70.59764	1.9733990699815678
70.59764	1.9733990699815678
70.621546	1.6485864963723385
70.633611	1.7564886173724215
70.645546	1.7802779609185648
70.657662	1.707420212318514
70.657662	1.707420212318514
70.657662	1.707420212318514
70.657662	1.707420212318514
70.693612	1.7542137171908974
70.693612	1.7542137171908974
70.717683	1.4097492768631927
70.717683	1.4097492768631927
70.717683	1.4097492768631927
70.717683	1.4097492768631927
70.717683	1.4097492768631927
70.717683	1.4097492768631927
70.717683	1.4097492768631927
70.717683	1.4097492768631927
70.717683	1.4097492768631927
70.777644	1.8459762307762075
70.813698	1.8847297771582447
70.813698	1.8847297771582447
70.837659	2.1605447086673526
70.837659	2.1605447086673526
70.84955	1.9258165275829615
70.861546	1.7321906075218643
70.861557	1.7328360044719024
70.885558	2.5195270791611653
70.897651	1.8767901756614078
70.897651	1.8767901756614078
70.897651	1.8767901756614078
70.897651	1.8767901756614078
70.897651	1.8767901756614078
70.897651	1.8767901756614078
70.957657	1.5290563005922211
70.957657	1.5290563005922211
70.957657	1.5290563005922211
70.957657	1.5290563005922211
70.957657	1.5290563005922211
71.005558	1.8675960932891158
71.017678	1.9113050552891608
71.017678	1.9113050552891608
71.017678	1.9113050552891608
71.017678	1.9113050552891608
71.017678	1.9113050552891608
71.017678	1.9113050552891608
71.077724	2.1025779922030492
71.077724	2.1025779922030492
71.077724	2.1025779922030492
71.077724	2.1025779922030492
71.077724	2.1025779922030492
71.077724	2.1025779922030492
71.137652	2.0471357666598982
71.137652	2.0471357666598982
71.137652	2.0471357666598982
71.137652	2.0471357666598982
71.137652	2.0471357666598982
71.137652	2.0471357666598982
71.197654	2.2539230919283475
71.197654	2.2539230919283475
71.197654	2.2539230919283475
71.221557	2.8910349554099115
71.221557	2.8910349554099115
71.221557	2.8910349554099115
71.221557	2.8910349554099115
71.221557	2.8910349554099115
71.221557	2.8910349554099115
71.221557	2.8910349554099115
71.221557	2.8910349554099115
71.257661	2.3102483265327174
71.317688	2.7968019534867232
71.317688	2.7968019534867232
71.317688	2.7968019534867232
71.317688	2.7968019534867232
71.317688	2.7968019534867232
71.317688	2.7968019534867232
71.377736	2.120884245838405
71.377736	2.120884245838405
71.377736	2.120884245838405
71.401557	1.4063821476516853
71.401557	1.4063821476516853
71.401557	1.4063821476516853
71.437654	1.9147557872659888
71.437654	1.9147557872659888
71.44958	2.7269269217602696
71.44958	2.7269269217602696
71.44958	2.7269269217602696
71.44958	2.7269269217602696
71.497652	2.5740658994718153
71.497652	2.5740658994718153
71.497652	2.5740658994718153
71.497652	2.5740658994718153
71.533622	2.3640086216147882
71.533622	2.3640086216147882
71.557655	2.5490195190002622
71.557655	2.5490195190002622
71.557655	2.5490195190002622
71.557655	2.5490195190002622
71.593628	1.83814601486883
71.60565	1.6932119724967498
71.617655	1.7066893857467549
71.617655	1.7066893857467549
71.617655	1.7066893857467549
71.617655	1.7066893857467549
71.617655	1.7066893857467549
71.617655	1.7066893857467549
71.677661	2.3688182612382422
71.677661	2.3688182612382422
71.677661	2.3688182612382422
71.677661	2.3688182612382422
71.677661	2.3688182612382422
71.677661	2.3688182612382422
71.737735	1.829330922977646
71.737735	1.829330922977646
71.737735	1.829330922977646
71.737735	1.829330922977646
71.737735	1.829330922977646
71.737735	1.829330922977646
71.797654	2.7223323159288699
71.797654	2.7223323159288699
71.797654	2.7223323159288699
71.797654	2.7223323159288699
71.797654	2.7223323159288699
71.797654	2.7223323159288699
71.857657	2.0866960273901913
71.857657	2.0866960273901913
71.857657	2.0866960273901913
71.857669	2.0869488415901518
71.857669	2.0869488415901518
71.857669	2.0869488415901518
71.857669	2.0869488415901518
71.857669	2.0869488415901518
71.857669	2.0869488415901518
71.857669	2.0869488415901518
71.857669	2.0869488415901518
71.917664	2.1545743219636804
71.977685	1.9673441659878455
71.977685	1.9673441659878455
71.977685	1.9673441659878455
71.977685	1.9673441659878455
71.977685	1.9673441659878455
71.977685	1.9673441659878455
72.037668	2.2722023001477027
72.037668	2.2722023001477027
72.037668	2.2722023001477027
72.037668	2.2722023001477027
72.073634	1.9008182928653925
72.073634	1.9008182928653925
72.09767	2.5264126749133142
72.09767	2.5264126749133142
72.09767	2.5264126749133142
72.09767	2.5264126749133142
72.09767	2.5264126749133142
72.145588	1.602397352155666
72.157667	1.7949444635057037
72.157667	1.7949444635057037
72.157667	1.7949444635057037
72.181569	2.0639922759749552
72.181569	2.0639922759749552
72.205569	2.3356190025473271
72.217663	2.565107490147462
72.217663	2.565107490147462
72.217663	2.565107490147462
72.217663	2.565107490147462
72.217663	2.565107490147462
72.217663	2.565107490147462
72.277677	2.0031261768689621
72.277677	2.0031261768689621
72.277677	2.0031261768689621
72.301573	2.326318696537037
72.313641	1.9442295247369832
72.325569	2.1427642361027273
72.337687	3.0128693547029695
72.337687	3.0128693547029695
72.337687	3.0128693547029695
72.337687	3.0128693547029695
72.337687	3.0128693547029695
72.337687	3.0128693547029695
72.397784	2.2002557779548058
72.397784	2.2002557779548058
72.397784	2.2002557779548058
72.397784	2.2002557779548058
72.397784	2.2002557779548058
72.397784	2.2002557779548058
72.457666	2.0118657335169292
72.457666	2.0118657335169292
72.457666	2.0118657335169292
72.481569	1.5539982105525703
72.481569	1.5539982105525703
72.505569	1.8441967034149582
72.517662	1.7776682732149054
72.517662	1.7776682732149054
72.517662	1.7776682732149054
72.517662	1.7776682732149054
72.517662	1.7776682732149054
72.517662	1.7776682732149054
72.577674	1.707711812202386
72.577674	1.707711812202386
72.577674	1.707711812202386
72.577674	1.707711812202386
72.577674	1.707711812202386
72.577674	1.707711812202386
72.637673	2.1696448606200311
72.637673	2.1696448606200311
72.637673	2.1696448606200311
72.637673	2.1696448606200311
72.673634	1.930862745779125
72.673634	1.930862745779125
72.697747	1.7370337578008073
72.697747	1.7370337578008073
72.697747	1.7370337578008073
72.697747	1.7370337578008073
72.733652	1.961586870211387
72.745569	1.8282084630507753
72.75767	1.5974060900507057
72.75767	1.5974060900507057
72.75767	1.5974060900507057
72.75767	1.5974060900507057
72.75767	1.5974060900507057
72.805569	1.8608250082874307
72.817664	1.6898531120375668
72.817664	1.6898531120375668
72.817664	1.6898531120375668
72.841569	1.7508770473274378
72.853646	1.8541130548773797
72.86559	2.0988200459099429
72.877671	2.5102916573103347
72.877681	2.5106322513099588
72.877681	2.5106322513099588
72.901579	2.0186893450210364
72.901579	2.0186893450210364
72.925672	1.6369190583469877
72.937674	1.879415867746943
72.937674	1.879415867746943
72.937674	1.879415867746943
72.937674	1.879415867746943
72.937674	1.879415867746943
72.98558	2.425930505070959
72.997692	2.0977528370708423
72.997692	2.0977528370708423
72.997692	2.0977528370708423
73.021579	2.1934678638945595
73.021579	2.1934678638945595
73.021579	2.1934678638945595
73.057762	2.0551471626741082
73.057762	2.0551471626741082
73.057762	2.0551471626741082
73.057762	2.0551471626741082
73.057762	2.0551471626741082
73.105579	2.1555522879186033
73.117691	2.7705142583181006
73.117691	2.7705142583181006
73.117691	2.7705142583181006
73.117691	2.7705142583181006
73.117691	2.7705142583181006
73.165579	1.7129693334578233
73.177682	2.3778887886585274
73.177682	2.3778887886585274
73.177682	2.3778887886585274
73.177682	2.3778887886585274
73.213645	2.5411145091259142
73.225582	2.6798084954771801
73.237673	2.3162889531771658
73.237673	2.3162889531771658
73.237673	2.3162889531771658
73.2616	1.8572574800002617
73.2616	1.8572574800002617
73.28558	1.8256939110136288
73.297687	1.7612901191636143
73.297687	1.7612901191636143
73.297687	1.7612901191636143
73.297687	1.7612901191636143
73.297687	1.7612901191636143
73.345579	2.1514778221334026
73.357761	2.2309148168333905
73.357761	2.2309148168333905
73.357761	2.2309148168333905
73.381579	2.1497628131572069
73.381579	2.1497628131572069
73.405579	1.7943277131727888
73.417692	1.9245521535728081
73.417692	1.9245521535728081
73.417692	1.9245521535728081
73.417692	1.9245521535728081
73.417692	1.9245521535728081
73.417692	1.9245521535728081
73.477678	2.0905999637511941
73.477678	2.0905999637511941
73.477678	2.0905999637511941
73.501599	2.2194992537682516
73.513668	2.131953745018258
73.525579	2.0178972731307336
73.537676	1.8701795964305659
73.537676	1.8701795964305659
73.537676	1.8701795964305659
73.537676	1.8701795964305659
73.537676	1.8701795964305659
73.537676	1.8701795964305659
73.597698	1.6546847167209673
73.597698	1.6546847167209673
73.597698	1.6546847167209673
73.597698	1.6546847167209673
73.597698	1.6546847167209673
73.597698	1.6546847167209673
73.657677	1.8560812113506007
73.657677	1.8560812113506007
73.669579	1.8245912406080158
73.669579	1.8245912406080158
73.669579	1.8245912406080158
73.705579	1.8452471576057226
73.717795	2.0638567532056786
73.717795	2.0638567532056786
73.717795	2.0638567532056786
73.717795	2.0638567532056786
73.717795	2.0638567532056786
73.7656	1.9832518799895709
73.777682	2.0345526560895486
73.777682	2.0345526560895486
73.78958	1.8407462340522276
73.78958	1.8407462340522276
73.78958	1.8407462340522276
73.78958	1.8407462340522276
73.837687	1.8096278857076034
73.837687	1.8096278857076034
73.837687	1.8096278857076034
73.837687	1.8096278857076034
73.837687	1.8096278857076034
73.837687	1.8096278857076034
73.897703	2.59054194981859
73.897703	2.59054194981859
73.909591	2.3631329126270506
73.909591	2.3631329126270506
73.909591	2.3631329126270506
73.945591	1.9615076052222489
73.957689	1.8508980108221462
73.957689	1.8508980108221462
73.957689	1.8508980108221462
73.957689	1.8508980108221462
73.957689	1.8508980108221462
73.957689	1.8508980108221462
73.957689	1.8508980108221462
73.957689	1.8508980108221462
74.017728	1.8166533392185849
74.041591	1.7633271504149721
74.041591	1.7633271504149721
74.041591	1.7633271504149721
74.077703	1.4570591958278079
74.077703	1.4570591958278079
74.077703	1.4570591958278079
74.077703	1.4570591958278079
74.077703	1.4570591958278079
74.077703	1.4570591958278079
74.137686	1.6329663595224708
74.137686	1.6329663595224708
74.149595	1.6789776282331745
74.161611	1.7453197121106576
74.161611	1.7453197121106576
74.161611	1.7453197121106576
74.197685	2.4826100366402284
74.197685	2.4826100366402284
74.197685	2.4826100366402284
74.197685	2.4826100366402284
74.233655	2.2427047509903186
74.233655	2.2427047509903186
74.257693	2.0625477443775022
74.257693	2.0625477443775022
74.257693	2.0625477443775022
74.281595	1.4417560478981626
74.281595	1.4417560478981626
74.305591	2.145856875037278
74.31771	1.9534677500372646
74.31771	1.9534677500372646
74.31771	1.9534677500372646
74.31771	1.9534677500372646
74.31771	1.9534677500372646
74.31771	1.9534677500372646
74.377761	1.5820350326671808
74.377761	1.5820350326671808
74.377761	1.5820350326671808
74.377761	1.5820350326671808
74.377761	1.5820350326671808
74.425611	2.0487619000048878
74.437687	2.0234023000048973
74.437687	2.0234023000048973
74.437687	2.0234023000048973
74.437687	2.0234023000048973
74.437687	2.0234023000048973
74.485591	1.7505482706436155
74.497693	1.7838547899436186
74.497693	1.7838547899436186
74.497693	1.7838547899436186
74.497693	1.7838547899436186
74.497693	1.7838547899436186
74.497693	1.7838547899436186
74.497693	1.7838547899436186
74.497693	1.7838547899436186
74.497693	1.7838547899436186
74.497693	1.7838547899436186
74.557713	1.8436189804490897
74.605591	1.7988562807704671
74.617685	1.9547334279703756
74.617685	1.9547334279703756
74.617685	1.9547334279703756
74.617685	1.9547334279703756
74.617685	1.9547334279703756
74.617685	1.9547334279703756
74.677695	1.7799132522601815
74.677695	1.7799132522601815
74.677695	1.7799132522601815
74.677695	1.7799132522601815
74.677695	1.7799132522601815
74.725592	1.862360797888821
74.737687	2.4559259466383496
74.737687	2.4559259466383496
74.737687	2.4559259466383496
74.737687	2.4559259466383496
74.737687	2.4559259466383496
74.737687	2.4559259466383496
74.797732	1.9590029641804851
74.797732	1.9590029641804851
74.809725	1.9970536099957175
74.821591	2.0046894574168372
74.821591	2.0046894574168372
74.821591	2.0046894574168372
74.85769	2.3638564794371097
74.85769	2.3638564794371097
74.85769	2.3638564794371097
74.85769	2.3638564794371097
74.85769	2.3638564794371097
74.905682	1.9834707758556427
74.917729	2.2223621835056004
74.917729	2.2223621835056004
74.929623	2.1917948251174755
74.929623	2.1917948251174755
74.929623	2.1917948251174755
74.965604	2.3518076084551458
74.977703	2.0518988063549304
74.977703	2.0518988063549304
74.977703	2.0518988063549304
74.977703	2.0518988063549304
74.977703	2.0518988063549304
74.977703	2.0518988063549304
74.977703	2.0518988063549304
74.977703	2.0518988063549304
74.977703	2.0518988063549304
74.977703	2.0518988063549304
74.977703	2.0518988063549304
75.037782	1.7367327798432333
75.097697	1.9976106875189916
75.097697	1.9976106875189916
75.097697	1.9976106875189916
75.121603	2.3806909753767931
75.121603	2.3806909753767931
75.145604	2.0861124970274414
75.1577	1.9339962250274154
75.1577	1.9339962250274154
75.1577	1.9339962250274154
75.181603	2.2211243634510738
75.181603	2.2211243634510738
75.181603	2.2211243634510738
75.217698	3.098100824639384
75.217698	3.098100824639384
75.217698	3.098100824639384
75.217698	3.098100824639384
75.217698	3.098100824639384
75.217698	3.098100824639384
75.277703	1.63314470637053
75.277703	1.63314470637053
75.277703	1.63314470637053
75.277703	1.63314470637053
75.277703	1.63314470637053
75.277703	1.63314470637053
75.337703	1.8664688780788787
75.337703	1.8664688780788787
75.337703	1.8664688780788787
75.361604	15.804430519841976
75.373668	6.5701569310438188
75.385603	1.6392146913321028
75.397698	1.4575127158320338
75.397698	1.4575127158320338
75.397698	1.4575127158320338
75.397698	1.4575127158320338
75.433736	2.2067699379974082
75.433736	2.2067699379974082
75.457718	2.5978537611539867
75.457718	2.5978537611539867
75.457718	2.5978537611539867
75.457718	2.5978537611539867
75.457718	2.5978537611539867
75.457718	2.5978537611539867
75.517697	1.8110139399613856
75.517697	1.8110139399613856
75.517697	1.8110139399613856
75.517697	1.8110139399613856
75.517697	1.8110139399613856
75.517697	1.8110139399613856
75.577711	2.4475853851527787
75.577711	2.4475853851527787
75.577711	2.4475853851527787
75.577711	2.4475853851527787
75.577711	2.4475853851527787
75.577711	2.4475853851527787
75.637698	1.7122511417114272
75.637698	1.7122511417114272
75.637698	1.7122511417114272
75.637698	1.7122511417114272
75.637698	1.7122511417114272
75.637698	1.7122511417114272
75.69779	2.6906523228979498
75.69779	2.6906523228979498
75.709603	2.7054370316702241
75.709603	2.7054370316702241
75.709603	2.7054370316702241
75.745603	2.0681568538417605
75.7577	2.4091870099417476
75.7577	2.4091870099417476
75.769604	2.3351401946298296
75.769604	2.3351401946298296
75.769604	2.3351401946298296
75.769604	2.3351401946298296
75.817704	3.065350050323568
75.817704	3.065350050323568
75.82969	2.2623293091882384
75.841603	1.3766223937236999
75.841603	1.3766223937236999
75.841603	1.3766223937236999
75.8777	2.0641563349999417
75.8777	2.0641563349999417
75.8777	2.0641563349999417
75.877714	2.0641567346999414
75.913712	3.3478741967861594
75.913712	3.3478741967861594
75.937713	1.5859583719066408
75.937713	1.5859583719066408
75.937713	1.5859583719066408
75.937713	1.5859583719066408
75.937713	1.5859583719066408
75.937713	1.5859583719066408
75.997797	2.6348981512159746
75.997797	2.6348981512159746
75.997797	2.6348981512159746
76.021618	2.2727828488913091
76.021618	2.2727828488913091
76.045617	1.4573584021929511
76.045617	1.4573584021929511
76.045617	1.4573584021929511
76.045617	1.4573584021929511
76.045617	1.4573584021929511
76.045617	1.4573584021929511
76.057717	1.4996672621929725
76.117713	2.0427463174736094
76.117713	2.0427463174736094
76.117713	2.0427463174736094
76.141618	1.673714085779807
76.153686	1.795819316579824
76.153686	1.795819316579824
76.177734	2.1465719573679447
76.177734	2.1465719573679447
76.189617	2.1461654862576376
76.189617	2.1461654862576376
76.189617	2.1461654862576376
76.189617	2.1461654862576376
76.237715	2.2796060042119644
76.237715	2.2796060042119644
76.237715	2.2796060042119644
76.237715	2.2796060042119644
76.237715	2.2796060042119644
76.285625	2.1185636875424674
76.285625	2.1185636875424674
76.285625	2.1185636875424674
76.297711	1.8573743501421842
76.321618	1.9527886841725572
76.321618	1.9527886841725572
76.321618	1.9527886841725572
76.357805	2.1380457243609436
76.357805	2.1380457243609436
76.369618	2.2373803758547037
76.369618	2.2373803758547037
76.369618	2.2373803758547037
76.369618	2.2373803758547037
76.369618	2.2373803758547037
76.417731	2.0965892309189189
76.429917	2.1347021162496889
76.441618	2.1082641945333829
76.441618	2.1082641945333829
76.441618	2.1082641945333829
76.477716	2.1167077543644948
76.477716	2.1167077543644948
76.477716	2.1167077543644948
76.477716	2.1167077543644948
76.513689	2.2120918094400599
76.513689	2.2120918094400599
76.537716	2.4739022335398677
76.537716	2.4739022335398677
76.537716	2.4739022335398677
76.537716	2.4739022335398677
76.537716	2.4739022335398677
76.585617	1.6993597675509033
76.597719	1.6936131328509028
76.597719	1.6936131328509028
76.597719	1.6936131328509028
76.597719	1.6936131328509028
76.633686	2.5533081506353477
76.633686	2.5533081506353477
76.657718	2.1614334738000389
76.657718	2.1614334738000389
76.657718	2.1614334738000389
76.657718	2.1614334738000389
76.657718	2.1614334738000389
76.657718	2.1614334738000389
76.717713	1.5020840656820822
76.717713	1.5020840656820822
76.717713	1.5020840656820822
76.717713	1.5020840656820822
76.717713	1.5020840656820822
76.765617	1.7715992483476974
76.777714	2.1118297927476846
76.777714	2.1118297927476846
76.777714	2.1118297927476846
76.777714	2.1118297927476846
76.777714	2.1118297927476846
76.825618	1.9317355050667795
76.837718	2.1492566000666353
76.837718	2.1492566000666353
76.849617	2.0883585531696482
76.849617	2.0883585531696482
76.849617	2.0883585531696482
76.849617	2.0883585531696482
76.897714	1.815424110626926
76.897714	1.815424110626926
76.897725	1.8152636525269166
76.897725	1.8152636525269166
76.897725	1.8152636525269166
76.945629	1.7857654060991552
76.957729	1.7913422960991581
76.957729	1.7913422960991581
76.957729	1.7913422960991581
76.957729	1.7913422960991581
76.957729	1.7913422960991581
76.957729	1.7913422960991581
77.017816	1.4649388588230159
77.017816	1.4649388588230159
77.017816	1.4649388588230159
77.017816	1.4649388588230159
77.053707	1.9765247067266341
77.053707	1.9765247067266341
77.077725	2.0191800137362215
77.077725	2.0191800137362215
77.089635	1.9671772847629634
77.101629	1.9571135104787869
77.101629	1.9571135104787869
77.125629	2.4055107980890535
77.137755	1.8023878100891835
77.137755	1.8023878100891835
77.137755	1.8023878100891835
77.137755	1.8023878100891835
77.173693	1.8758880675657461
77.173693	1.8758880675657461
77.197728	2.4290087471388153
77.197728	2.4290087471388153
77.209628	2.438405911412703
77.209628	2.438405911412703
77.209628	2.438405911412703
77.245628	2.1717157102074323
77.257725	2.1210250462574347
77.257725	2.1210250462574347
77.257725	2.1210250462574347
77.281728	2.5087557136091285
77.281728	2.5087557136091285
77.305628	2.2517433400507532
77.317751	1.9020554050506098
77.317751	1.9020554050506098
77.329628	2.0289934601650601
77.329628	2.0289934601650601
77.353714	1.9429987251373857
77.353714	1.9429987251373857
77.377738	1.8280180578981107
77.377738	1.8280180578981107
77.377738	1.8280180578981107
77.377738	1.8280180578981107
77.377738	1.8280180578981107
77.425628	4.7573727308990712
77.437723	11.052116906651461
77.437723	11.052116906651461
77.449632	7.2693000728951116
77.461628	1.9071075772155806
77.461628	1.9071075772155806
77.461628	1.9071075772155806
77.497743	1.5709246712164817
77.497743	1.5709246712164817
77.497743	1.5709246712164817
77.497743	1.5709246712164817
77.497743	1.5709246712164817
77.545715	2.2250351005178763
77.557729	2.0993770703179191
77.557729	2.0993770703179191
77.569631	1.9377653844743989
77.581708	1.8093523907801177
77.59371	1.949957020980092
77.59371	1.949957020980092
77.617722	1.855189415116117
77.617722	1.855189415116117
77.617722	1.855189415116117
77.617722	1.855189415116117
77.617722	1.855189415116117
77.617722	1.855189415116117
77.677833	1.9069999898691126
77.677833	1.9069999898691126
77.677833	1.9069999898691126
77.677833	1.9069999898691126
77.677833	1.9069999898691126
77.677833	1.9069999898691126
77.737734	1.8131400197941423
77.737734	1.8131400197941423
77.737734	1.8131400197941423
77.737734	1.8131400197941423
77.773708	1.9716923838675853
77.773708	1.9716923838675853
77.797726	2.0779831082660798
77.797726	2.0779831082660798
77.809715	1.997700372771654
77.809715	1.997700372771654
77.809715	1.997700372771654
77.809715	1.997700372771654
77.857755	1.9534347655173383
77.857755	1.9534347655173383
77.857755	1.9534347655173383
77.881651	2.1199266791042368
77.881651	2.1199266791042368
77.881651	2.1199266791042368
77.917738	1.779654661527015
77.917751	1.7794400542770876
77.917751	1.7794400542770876
77.917751	1.7794400542770876
77.917751	1.7794400542770876
77.965641	1.8798308433452298
77.97774	1.5424054620453833
77.97774	1.5424054620453833
77.97774	1.5424054620453833
78.001642	1.7824654279021734
78.013704	1.7662414348021698
78.013704	1.7662414348021698
78.037735	1.9752865677301965
78.037735	1.9752865677301965
78.037735	1.9752865677301965
78.037735	1.9752865677301965
78.037735	1.9752865677301965
78.037735	1.9752865677301965
78.097743	1.7518373993517582
78.097743	1.7518373993517582
78.109648	1.7538132807992666
78.121641	1.8031492113065737
78.133705	2.1307754817068942
78.133705	2.1307754817068942
78.15774	1.9132445140347025
78.15774	1.9132445140347025
78.15774	1.9132445140347025
78.15774	1.9132445140347025
78.15774	1.9132445140347025
78.15774	1.9132445140347025
78.217739	1.9703833743922963
78.217739	1.9703833743922963
78.229745	1.8211452342528116
78.229745	1.8211452342528116
78.253719	1.8606131470434129
78.253719	1.8606131470434129
78.277748	1.9841070237914555
78.277748	1.9841070237914555
78.277748	1.9841070237914555
78.277748	1.9841070237914555
78.313724	2.1063001081738935
78.325642	2.2620147501859695
78.337828	2.3720921067859893
78.337828	2.3720921067859893
78.337828	2.3720921067859893
78.337828	2.3720921067859893
78.337828	2.3720921067859893
78.385641	1.664090705770078
78.397741	1.8997236857699216
78.397741	1.8997236857699216
78.409642	2.1582596240658809
78.409642	2.1582596240658809
78.409642	2.1582596240658809
78.445641	2.5785405023623675
78.457739	2.0874863117619116
78.457739	2.0874863117619116
78.457739	2.0874863117619116
78.457739	2.0874863117619116
78.457739	2.0874863117619116
78.457739	2.0874863117619116
78.517748	2.0885837541926615
78.517748	2.0885837541926615
78.517748	2.0885837541926615
78.517748	2.0885837541926615
78.517748	2.0885837541926615
78.565642	1.7202350035381182
78.577737	1.4150388447880022
78.577737	1.4150388447880022
78.577737	1.4150388447880022
78.577737	1.4150388447880022
78.613707	2.8791853050402896
78.625641	3.3232198018048855
78.637822	3.2833854956048834
78.637822	3.2833854956048834
78.637822	3.2833854956048834
78.637822	3.2833854956048834
78.637822	3.2833854956048834
78.637822	3.2833854956048834
78.637822	3.2833854956048834
78.637822	3.2833854956048834
78.637822	3.2833854956048834
78.637822	3.2833854956048834
78.637822	3.2833854956048834
78.697754	2.2429157415872005
78.757759	2.07700335845347
78.757759	2.07700335845347
78.769737	1.9332091615707792
78.781642	1.7883415035989845
78.781642	1.7883415035989845
78.781642	1.7883415035989845
78.817735	1.515040582523524
78.817735	1.515040582523524
78.817735	1.515040582523524
78.817735	1.515040582523524
78.817735	1.515040582523524
78.817735	1.515040582523524
78.877751	2.5885629198024787
78.877751	2.5885629198024787
78.889641	2.2691798363590023
78.889641	2.2691798363590023
78.913714	1.7239266081128519
78.925675	1.8467218462046751
78.937753	2.2275115951048288
78.937753	2.2275115951048288
78.949655	2.0622052515348313
78.949655	2.0622052515348313
78.949655	2.0622052515348313
78.949655	2.0622052515348313
78.997838	3.0065048837837414
78.997838	3.0065048837837414
78.997838	3.0065048837837414
78.997838	3.0065048837837414
78.997838	3.0065048837837414
78.997838	3.0065048837837414
79.057772	2.5387022593385264
79.057772	2.5387022593385264
79.069655	2.3820987040370558
79.081655	2.1059665857535985
79.081655	2.1059665857535985
79.105654	1.9845840141184237
79.117759	1.8251508748683214
79.117759	1.8251508748683214
79.117759	1.8251508748683214
79.141654	15.958102484143897
79.153722	6.8968766643426189
79.165658	2.2867972786744275
79.177752	2.5085425827745582
79.177752	2.5085425827745582
79.177752	2.5085425827745582
79.177752	2.5085425827745582
79.177752	2.5085425827745582
79.177752	2.5085425827745582
79.237748	2.8621697220357092
79.237748	2.8621697220357092
79.237748	2.8621697220357092
79.237748	2.8621697220357092
79.237748	2.8621697220357092
79.285655	1.8586726832383733
79.297752	1.9621885267883694
79.297752	1.9621885267883694
79.297752	1.9621885267883694
79.297752	1.9621885267883694
79.33372	1.7543881220130344
79.345691	1.8008881504246381
79.357752	2.0274534323747351
79.357752	2.0274534323747351
79.369655	1.9127718365219888
79.369655	1.9127718365219888
79.369655	1.9127718365219888
79.369655	1.9127718365219888
79.369655	1.9127718365219888
79.369655	1.9127718365219888
79.41775	1.817105662480448
79.441654	1.9665912199152789
79.441654	1.9665912199152789
79.465654	1.9916949567447395
79.477752	2.4952040383446152
79.477752	2.4952040383446152
79.489662	2.3376085227345218
79.501655	2.0814156389899896
79.513744	2.1729753071900313
79.513744	2.1729753071900313
79.537757	2.0404137769633253
79.537757	2.0404137769633253
79.537757	2.0404137769633253
79.537757	2.0404137769633253
79.57372	1.9090821340354129
79.585655	1.6469044825213486
79.597782	1.4480398730214328
79.597782	1.4480398730214328
79.597782	1.4480398730214328
79.597782	1.4480398730214328
79.597782	1.4480398730214328
79.597782	1.4480398730214328
79.657834	4.4816329024317838
79.657834	4.4816329024317838
79.657834	4.4816329024317838
79.657834	4.4816329024317838
79.657834	4.4816329024317838
79.657834	4.4816329024317838
79.717782	2.0631362217437412
79.717782	2.0631362217437412
79.717782	2.0631362217437412
79.741654	2.1799317578511199
79.741654	2.1799317578511199
79.765654	2.5662627292710574
79.777768	1.8889665664710988
79.777768	1.8889665664710988
79.777768	1.8889665664710988
79.777768	1.8889665664710988
79.777768	1.8889665664710988
79.777768	1.8889665664710988
79.837753	1.6114867011565777
79.837753	1.6114867011565777
79.837753	1.6114867011565777
79.837753	1.6114867011565777
79.837753	1.6114867011565777
79.837753	1.6114867011565777
79.897769	2.0959387677758246
79.897769	2.0959387677758246
79.897769	2.0959387677758246
79.897781	2.0961716421757881
79.897781	2.0961716421757881
79.897781	2.0961716421757881
79.957769	4.8925459480089151
79.957769	4.8925459480089151
79.957769	4.8925459480089151
79.981667	1.8844437341409923
79.993739	2.4663455213412728
79.993739	2.4663455213412728
80.017762	1.9819408178537303
80.017762	1.9819408178537303
80.017762	1.9819408178537303
80.041687	1.5288501753715058
80.041687	1.5288501753715058
80.041687	1.5288501753715058
80.077781	1.9714526370999981
80.077781	1.9714526370999981
80.077781	1.9714526370999981
80.077781	1.9714526370999981
80.077781	1.9714526370999981
80.077781	1.9714526370999981
80.137767	2.3947726463103747
80.137767	2.3947726463103747
80.137767	2.3947726463103747
80.137767	2.3947726463103747
80.137767	2.3947726463103747
80.137767	2.3947726463103747
80.197764	1.9720837204061803
80.197764	1.9720837204061803
80.209667	1.8390272337648623
80.209667	1.8390272337648623
80.233733	2.2238383190059894
80.233733	2.2238383190059894
80.257774	2.3730246369056496
80.257774	2.3730246369056496
80.257774	2.3730246369056496
80.281667	1.986496611838227
80.281667	1.986496611838227
80.305687	2.0359221295275205
80.317854	1.7460859390276788
80.317854	1.7460859390276788
80.317854	1.7460859390276788
80.317854	1.7460859390276788
80.317854	1.7460859390276788
80.317854	1.7460859390276788
80.377776	2.2756874119746127
80.377776	2.2756874119746127
80.377776	2.2756874119746127
80.401666	2.756064568448128
80.401666	2.756064568448128
80.425667	2.3504159463258438
80.437779	3.1430155367261254
80.437779	3.1430155367261254
80.437779	3.1430155367261254
80.461666	2.0389199594439651
80.461666	2.0389199594439651
80.461666	2.0389199594439651
80.497759	1.6610968132290738
80.497759	1.6610968132290738
80.497759	1.6610968132290738
80.521666	2.4390747437398259
80.521666	2.4390747437398259
80.521666	2.4390747437398259
80.557763	1.8538556483458837
80.557763	1.8538556483458837
80.557763	1.8538556483458837
80.557763	1.8538556483458837
80.557763	1.8538556483458837
80.557763	1.8538556483458837
80.557763	1.8538556483458837
80.557763	1.8538556483458837
80.557763	1.8538556483458837
80.557763	1.8538556483458837
80.617842	2.0062822952786314
80.665666	1.9782229146016559
80.665666	1.9782229146016559
80.665666	1.9782229146016559
80.665666	1.9782229146016559
80.665666	1.9782229146016559
80.665666	1.9782229146016559
80.677762	1.9598140122016527
80.737761	2.7305903330535548
80.737761	2.7305903330535548
80.737761	2.7305903330535548
80.737761	2.7305903330535548
80.737761	2.7305903330535548
80.785667	1.8233756770516132
80.797764	1.8050021486016139
80.797764	1.8050021486016139
80.797764	1.8050021486016139
80.821667	1.5598377679088518
80.821667	1.5598377679088518
80.821667	1.5598377679088518
80.857767	2.0927408320108807
80.857767	2.0927408320108807
80.857767	2.0927408320108807
80.857767	2.0927408320108807
80.857767	2.0927408320108807
80.857767	2.0927408320108807
80.91776	2.3919191119673324
80.92968	2.0895910960397623
80.92968	2.0895910960397623
80.941681	1.7202252320327551
80.941681	1.7202252320327551
80.941681	1.7202252320327551
80.977863	2.7193995835100999
80.977863	2.7193995835100999
80.977863	2.7193995835100999
80.977863	2.7193995835100999
81.013751	1.9764209547001521
81.025681	1.6679152689502905
81.037797	1.6644373711502922
81.037797	1.6644373711502922
81.037797	1.6644373711502922
81.06168	1.620495767936289
81.06168	1.620495767936289
81.08568	2.5107721000460792
81.097776	1.958756020045985
81.097776	1.958756020045985
81.097776	1.958756020045985
81.097776	1.958756020045985
81.097776	1.958756020045985
81.097776	1.958756020045985
81.157787	2.418045808282725
81.157787	2.418045808282725
81.1697	2.5884613899866262
81.18168	2.6889614800232446
81.18168	2.6889614800232446
81.18168	2.6889614800232446
81.18168	2.6889614800232446
81.18168	2.6889614800232446
81.18168	2.6889614800232446
81.18168	2.6889614800232446
81.18168	2.6889614800232446
81.18168	2.6889614800232446
81.18168	2.6889614800232446
81.18168	2.6889614800232446
81.217775	3.0989833862037623
81.277821	3.376735286858894
81.313766	2.8021137829489939
81.325681	2.7543654148637522
81.337776	1.9472757408634458
81.337776	1.9472757408634458
81.349681	1.8297431930469714
81.361681	1.874572567943285
81.373814	1.9606191972932419
81.38568	1.9958172080014549
81.397781	1.9773401911014492
81.397781	1.9773401911014492
81.397781	1.9773401911014492
81.397781	1.9773401911014492
81.397781	1.9773401911014492
81.397781	1.9773401911014492
81.457778	2.0660523518036324
81.457778	2.0660523518036324
81.457778	2.0660523518036324
81.481688	1.7450690308132475
81.493747	1.5717854214633049
81.493747	1.5717854214633049
81.517776	2.6487317527394558
81.517776	2.6487317527394558
81.517776	2.6487317527394558
81.517776	2.6487317527394558
81.553752	2.0032961040014317
81.565681	1.9487079691071916
81.577797	1.8532472167071252
81.577797	1.8532472167071252
81.577797	1.8532472167071252
81.601701	1.7514843108984011
81.601701	1.7514843108984011
81.62568	1.8791712519849981
81.637854	2.0829962730850671
81.637854	2.0829962730850671
81.637854	2.0829962730850671
81.637854	2.0829962730850671
81.637854	2.0829962730850671
81.637854	2.0829962730850671
81.697775	1.4998297237674547
81.697775	1.4998297237674547
81.70974	1.5797121429887768
81.70974	1.5797121429887768
81.70974	1.5797121429887768
81.70974	1.5797121429887768
81.757777	2.0907394040847023
81.757777	2.0907394040847023
81.76976	2.0228322080094898
81.76976	2.0228322080094898
81.76976	2.0228322080094898
81.76976	2.0228322080094898
81.817776	1.7445666464032359
81.817776	1.7445666464032359
81.829681	1.7170569972517138
81.829681	1.7170569972517138
81.829681	1.7170569972517138
81.865717	2.1434532479744952
81.877783	1.7946414770747106
81.877783	1.7946414770747106
81.877783	1.7946414770747106
81.901751	1.7005620897377014
81.901751	1.7005620897377014
81.901751	1.7005620897377014
81.937825	1.4411170825246176
81.937825	1.4411170825246176
81.937825	1.4411170825246176
81.937825	1.4411170825246176
81.973758	1.962168025245286
81.985693	1.7152913059360964
81.997807	1.9183722190360839
81.997807	1.9183722190360839
81.997807	1.9183722190360839
81.997807	1.9183722190360839
81.997807	1.9183722190360839
81.997807	1.9183722190360839
82.057791	2.032229713161176
82.057791	2.032229713161176
82.069696	1.9802016400018414
82.081693	2.031495125214497
82.093798	2.5642876214648389
82.093798	2.5642876214648389
82.117788	1.928625388640679
82.117788	1.928625388640679
82.129712	1.9302132335905546
82.129712	1.9302132335905546
82.129712	1.9302132335905546
82.129712	1.9302132335905546
82.129712	1.9302132335905546
82.129712	1.9302132335905546
82.177791	1.9256804035939037
82.201696	1.7863587839864912
82.213756	1.9936882739866233
82.225692	2.0890531860016504
82.237787	2.0635992585016409
82.237787	2.0635992585016409
82.237787	2.0635992585016409
82.261721	1.7048350518033635
82.261721	1.7048350518033635
82.261721	1.7048350518033635
82.297905	2.1231589852287529
82.297905	2.1231589852287529
82.309692	2.1077447138058045
82.309692	2.1077447138058045
82.309692	2.1077447138058045
82.345693	2.9715848793571236
82.357796	2.0598670996572284
82.357796	2.0598670996572284
82.369693	1.7676700962097966
82.369693	1.7676700962097966
82.369693	1.7676700962097966
82.369693	1.7676700962097966
82.417796	1.9018115129910285
82.417796	1.9018115129910285
82.417796	1.9018115129910285
82.417796	1.9018115129910285
82.417796	1.9018115129910285
82.417796	1.9018115129910285
82.477798	1.7273973640328433
82.477798	1.7273973640328433
82.489712	1.7811321543884404
82.501693	2.0148055716698927
82.501693	2.0148055716698927
82.525693	2.5075913398841045
82.537787	1.9312693061844426
82.537787	1.9312693061844426
82.537787	1.9312693061844426
82.537787	1.9312693061844426
82.537787	1.9312693061844426
82.537787	1.9312693061844426
82.597867	3.4442091708261433
82.597867	3.4442091708261433
82.597867	3.4442091708261433
82.621713	1.8762131762232321
82.621713	1.8762131762232321
82.621713	1.8762131762232321
82.657809	2.1852278413651569
82.657809	2.1852278413651569
82.657809	2.1852278413651569
82.657809	2.1852278413651569
82.657809	2.1852278413651569
82.657809	2.1852278413651569
82.717786	2.2858174527794786
82.717786	2.2858174527794786
82.717786	2.2858174527794786
82.717786	2.2858174527794786
82.753781	1.9425031971143532
82.765693	1.7907709794022038
82.777791	1.7511597078022134
82.777791	1.7511597078022134
82.777791	1.7511597078022134
82.80176	1.8106299759888269
82.80176	1.8106299759888269
82.80176	1.8106299759888269
82.837791	1.8331502242605944
82.837791	1.8331502242605944
82.837791	1.8331502242605944
82.837791	1.8331502242605944
82.837791	1.8331502242605944
82.885713	2.045744139812903
82.897788	1.8069561848126567
82.897788	1.8069561848126567
82.897788	1.8069561848126567
82.897788	1.8069561848126567
82.897788	1.8069561848126567
82.945705	1.996550829503364
82.95787	1.9318318130033725
82.95787	1.9318318130033725
82.95787	1.9318318130033725
82.981705	2.1811508747614075
82.981705	2.1811508747614075
83.005705	1.7938938825057069
83.017817	1.6820577305057984
83.017817	1.6820577305057984
83.017817	1.6820577305057984
83.017817	1.6820577305057984
83.053779	2.1922301449284101
83.065705	2.3800573780035528
83.077821	2.3104097636035044
83.077821	2.3104097636035044
83.077821	2.3104097636035044
83.077821	2.3104097636035044
83.077821	2.3104097636035044
83.125708	2.4744039176319981
83.137799	1.8265947378319725
83.137799	1.8265947378319725
83.137799	1.8265947378319725
83.137799	1.8265947378319725
83.137799	1.8265947378319725
83.137799	1.8265947378319725
83.1978	2.0615761200226155
83.1978	2.0615761200226155
83.1978	2.0615761200226155
83.1978	2.0615761200226155
83.233771	12.836077388829562
83.233771	12.836077388829562
83.25786	3.20257632846109
83.25786	3.20257632846109
83.25786	3.20257632846109
83.25786	3.20257632846109
83.25786	3.20257632846109
83.305704	2.0356544859875254
83.317817	2.3061105217375655
83.317817	2.3061105217375655
83.317817	2.3061105217375655
83.317817	2.3061105217375655
83.317817	2.3061105217375655
83.317817	2.3061105217375655
83.377799	1.7615681837405432
83.377799	1.7615681837405432
83.389708	1.7495653498028025
83.401705	1.7195000447428994
83.413787	1.8788126926428306
83.413787	1.8788126926428306
83.437803	1.7330508724068523
83.437803	1.7330508724068523
83.437803	1.7330508724068523
83.437803	1.7330508724068523
83.473775	2.0525137262748268
83.473775	2.0525137262748268
83.497803	1.9213854215952602
83.497803	1.9213854215952602
83.497803	1.9213854215952602
83.521708	1.7433876871914
83.521708	1.7433876871914
83.545716	2.4001212491680279
83.557801	3.1461125886681156
83.557801	3.1461125886681156
83.557801	3.1461125886681156
83.557801	3.1461125886681156
83.557801	3.1461125886681156
83.557801	3.1461125886681156
83.617869	1.7537881725885587
83.617869	1.7537881725885587
83.617869	1.7537881725885587
83.617869	1.7537881725885587
83.617869	1.7537881725885587
83.665705	2.3387502975111616
83.677823	2.062817378511085
83.677823	2.062817378511085
83.677823	2.062817378511085
83.677823	2.062817378511085
83.677823	2.062817378511085
83.725704	2.2240522820123063
83.7378	1.9188006500122541
83.7378	1.9188006500122541
83.7378	1.9188006500122541
83.7378	1.9188006500122541
83.773787	2.0751269027581825
83.773787	2.0751269027581825
83.797798	2.5521193927846841
83.797798	2.5521193927846841
83.809782	2.1993773957202372
83.809782	2.1993773957202372
83.809782	2.1993773957202372
83.845705	1.5866616452379056
83.857801	1.9034806820379597
83.857801	1.9034806820379597
83.857801	1.9034806820379597
83.857801	1.9034806820379597
83.857801	1.9034806820379597
83.857801	1.9034806820379597
83.917844	2.0526564196060808
83.917844	2.0526564196060808
83.917844	2.0526564196060808
83.917857	2.0524769013061412
83.917857	2.0524769013061412
83.965718	1.8855707420004513
83.977813	1.8731007970004465
83.977813	1.8731007970004465
83.977813	1.8731007970004465
83.977813	1.8731007970004465
83.977813	1.8731007970004465
83.977813	1.8731007970004465
84.037831	1.740693303653096
84.037831	1.740693303653096
84.049799	1.9695029847894261
84.049799	1.9695029847894261
84.049799	1.9695029847894261
84.085717	1.8580237479526069
84.097812	1.7805111262025775
84.097812	1.7805111262025775
84.097812	1.7805111262025775
84.121718	1.9446728962955901
84.133779	2.0773782701456471
84.133779	2.0773782701456471
84.15784	1.8430090560068209
84.15784	1.8430090560068209
84.15784	1.8430090560068209
84.15784	1.8430090560068209
84.15784	1.8430090560068209
84.205718	2.1985986431095736
84.217814	1.8945711263095215
84.217814	1.8945711263095215
84.229718	2.2233922776851833
84.229718	2.2233922776851833
84.253792	2.0566489296154327
84.253792	2.0566489296154327
84.277901	1.8749192004984228
84.277901	1.8749192004984228
84.277901	1.8749192004984228
84.301738	2.2646311514100157
84.301738	2.2646311514100157
84.301738	2.2646311514100157
84.33783	2.6567099164818755
84.33783	2.6567099164818755
84.349729	2.2604719691686959
84.361718	1.7276318657999883
84.361718	1.7276318657999883
84.385718	1.7228031846003349
84.39781	1.7113121570003234
84.39781	1.7113121570003234
84.39781	1.7113121570003234
84.39781	1.7113121570003234
84.39781	1.7113121570003234
84.39781	1.7113121570003234
84.457843	1.8899885713979767
84.457843	1.8899885713979767
84.457843	1.8899885713979767
84.457843	1.8899885713979767
84.457843	1.8899885713979767
84.457843	1.8899885713979767
84.517814	1.9398306831033045
84.517814	1.9398306831033045
84.529717	2.2097489214404975
84.541788	2.4918859196049024
84.553786	2.3090567962047821
84.553786	2.3090567962047821
84.577818	1.5699361577114963
84.577818	1.5699361577114963
84.577818	1.5699361577114963
84.577818	1.5699361577114963
84.577818	1.5699361577114963
84.625717	1.8824262747320804
84.637812	2.5877068909823482
84.637812	2.5877068909823482
84.649718	2.2686503187139788
84.661718	1.84386796089162
84.673851	2.1813176300418462
84.685725	2.1856447512582946
84.697834	1.8330724473083624
84.697834	1.8330724473083624
84.697834	1.8330724473083624
84.697834	1.8330724473083624
84.697834	1.8330724473083624
84.697834	1.8330724473083624
84.757816	1.8686273463992953
84.757816	1.8686273463992953
84.757816	1.8686273463992953
84.757816	1.8686273463992953
84.757816	1.8686273463992953
84.757816	1.8686273463992953
84.817813	1.6975466048004704
84.817813	1.6975466048004704
84.829749	1.8909878061948477
84.829749	1.8909878061948477
84.853814	1.7977257989055873
84.853814	1.7977257989055873
84.877865	2.053666516994495
84.877865	2.053666516994495
84.889718	2.3432489804938186
84.889718	2.3432489804938186
84.91379	2.2024655550068841
84.925717	6.4007898751191004
84.93789	15.721545200813297
84.93789	15.721545200813297
84.937903	15.73149918252081
84.937903	15.73149918252081
84.937903	15.73149918252081
84.937903	15.73149918252081
84.997826	2.296344715309194
84.997826	2.296344715309194
84.997826	2.296344715309194
84.997826	2.296344715309194
84.997826	2.296344715309194
85.045731	1.6404686298528552
85.057828	1.4796311518028613
85.057828	1.4796311518028613
85.057828	1.4796311518028613
85.08173	1.8390005840007757
85.08173	1.8390005840007757
85.08173	1.8390005840007757
85.117824	1.8020993807996764
85.117824	1.8020993807996764
85.117824	1.8020993807996764
85.117824	1.8020993807996764
85.117824	1.8020993807996764
85.117824	1.8020993807996764
85.177826	1.7587964921021375
85.177826	1.7587964921021375
85.189731	1.9365272695959661
85.201802	2.1215154512028565
85.201802	2.1215154512028565
85.201802	2.1215154512028565
85.237906	1.9417170473989795
85.237906	1.9417170473989795
85.237906	1.9417170473989795
85.237906	1.9417170473989795
85.237906	1.9417170473989795
85.237906	1.9417170473989795
85.297824	1.5324055056026984
85.297824	1.5324055056026984
85.297824	1.5324055056026984
85.297824	1.5324055056026984
85.333869	1.9689998182528652
85.333869	1.9689998182528652
85.357832	2.5689398383938227
85.357832	2.5689398383938227
85.357832	2.5689398383938227
85.381731	1.7827575706469854
85.381731	1.7827575706469854
85.405749	2.1053072507011761
85.405749	2.1053072507011761
85.405749	2.1053072507011761
85.405749	2.1053072507011761
85.405749	2.1053072507011761
85.405749	2.1053072507011761
85.417826	2.0083808718011165
85.477829	1.9569048728625322
85.477829	1.9569048728625322
85.477829	1.9569048728625322
85.477829	1.9569048728625322
85.513822	2.3685956886959314
85.513822	2.3685956886959314
85.537824	2.1142072576031135
85.537824	2.1142072576031135
85.537824	2.1142072576031135
85.537824	2.1142072576031135
85.573795	1.8444018580004964
85.573795	1.8444018580004964
85.597894	2.1269902541980574
85.597894	2.1269902541980574
85.597894	2.1269902541980574
85.597894	2.1269902541980574
85.6338	1.6535773200015425
85.645753	1.7278480377971703
85.657853	2.0710354977973457
85.657853	2.0710354977973457
85.657853	2.0710354977973457
85.657853	2.0710354977973457
85.657853	2.0710354977973457
85.657853	2.0710354977973457
85.717832	1.7698430472014932
85.717832	1.7698430472014932
85.717832	1.7698430472014932
85.717832	1.7698430472014932
85.717832	1.7698430472014932
85.717832	1.7698430472014932
85.777866	1.8818195767078745
85.777866	1.8818195767078745
85.777866	1.8818195767078745
85.801731	2.3801000282512295
85.801731	2.3801000282512295
85.801731	2.3801000282512295
85.837826	1.5844751728013455
85.837826	1.5844751728013455
85.837826	1.5844751728013455
85.837826	1.5844751728013455
85.837826	1.5844751728013455
85.837826	1.5844751728013455
85.897834	1.7158947540994529
85.897834	1.7158947540994529
85.90975	1.782963887499815
85.921731	1.8189361136002085
85.933794	1.7685803264001485
85.945734	1.8751706847991314
85.957835	2.1547909119992159
85.957847	2.1550681983991726
85.957847	2.1550681983991726
85.957847	2.1550681983991726
85.99389	2.1754495384978414
86.005742	2.3516491853009533
86.017837	1.9588295895508043
86.017837	1.9588295895508043
86.017837	1.9588295895508043
86.017837	1.9588295895508043
86.017837	1.9588295895508043
86.017837	1.9588295895508043
86.07784	1.4612388680003365
86.07784	1.4612388680003365
86.07784	1.4612388680003365
86.101742	2.1232117136000834
86.101742	2.1232117136000834
86.125813	2.0837346902996856
86.125813	2.0837346902996856
86.137839	2.4756993108999548
86.149941	2.1602044921000103
86.149941	2.1602044921000103
86.149941	2.1602044921000103
86.149941	2.1602044921000103
86.197837	2.0065730965997908
86.197837	2.0065730965997908
86.197837	2.0065730965997908
86.221743	1.9936088328003219
86.221743	1.9936088328003219
86.221743	1.9936088328003219
86.257915	1.8122774797494596
86.257915	1.8122774797494596
86.257915	1.8122774797494596
86.257915	1.8122774797494596
86.257915	1.8122774797494596
86.305778	1.767886305000248
86.317866	1.8509610850002056
86.317866	1.8509610850002056
86.317866	1.8509610850002056
86.317866	1.8509610850002056
86.317866	1.8509610850002056
86.365742	2.0772093520005401
86.377838	2.2339251280005668
86.377838	2.2339251280005668
86.377838	2.2339251280005668
86.377838	2.2339251280005668
86.377838	2.2339251280005668
86.377838	2.2339251280005668
86.437855	1.8463005332497
86.437855	1.8463005332497
86.437855	1.8463005332497
86.461749	6.8104620309846498
86.473809	3.7739831709827141
86.485746	2.0943962007984394
86.497841	1.8400964067986416
86.497841	1.8400964067986416
86.497841	1.8400964067986416
86.497841	1.8400964067986416
86.533809	1.892473972197624
86.533809	1.892473972197624
86.557922	2.7681938882051416
86.557922	2.7681938882051416
86.557922	2.7681938882051416
86.557922	2.7681938882051416
86.557922	2.7681938882051416
86.557922	2.7681938882051416
86.61784	2.1584178839962762
86.61784	2.1584178839962762
86.61784	2.1584178839962762
86.641763	2.092297822449368
86.653886	2.0130879588993356
86.653886	2.0130879588993356
86.677862	1.913162083299627
86.677862	1.913162083299627
86.689765	2.0483479115015015
86.689765	2.0483479115015015
86.713814	2.224995459800224
86.725743	2.1742969547487911
86.737857	2.0414457452486436
86.737857	2.0414457452486436
86.737857	2.0414457452486436
86.737857	2.0414457452486436
86.737857	2.0414457452486436
86.785815	2.3358129239974454
86.797858	2.0943459567972855
86.797858	2.0943459567972855
86.809742	2.0190516373995595
86.809742	2.0190516373995595
86.833805	2.0071083002502172
86.845743	1.925284554897785
86.857842	1.7319945605976459
86.857842	1.7319945605976459
86.857842	1.7319945605976459
86.857842	1.7319945605976459
86.857842	1.7319945605976459
86.857842	1.7319945605976459
86.917904	3.1725367568114984
86.917904	3.1725367568114984
86.917904	3.1725367568114984
86.917904	3.1725367568114984
86.917904	3.1725367568114984
86.965759	2.0775910669955664
86.977876	1.7602831879957841
86.977876	1.7602831879957841
86.977876	1.7602831879957841
86.977876	1.7602831879957841
87.01382	2.2205417359974806
87.01382	2.2205417359974806
87.037907	1.9839870102485317
87.037907	1.9839870102485317
87.037907	1.9839870102485317
87.061756	2.1350586344034204
87.061756	2.1350586344034204
87.061756	2.1350586344034204
87.097851	1.8797148972935118
87.097851	1.8797148972935118
87.097851	1.8797148972935118
87.097851	1.8797148972935118
87.097851	1.8797148972935118
87.097851	1.8797148972935118
87.157851	2.0282423109883494
87.157851	2.0282423109883494
87.169778	1.9634554577012795
87.169778	1.9634554577012795
87.169778	1.9634554577012795
87.169778	1.9634554577012795
87.217862	2.7294725683079184
87.217862	2.7294725683079184
87.217862	2.7294725683079184
87.241755	2.9884962887465969
87.241755	2.9884962887465969
87.241755	2.9884962887465969
87.241755	2.9884962887465969
87.241755	2.9884962887465969
87.277893	2.3979504656960682
87.301776	1.4435670640083709
87.301776	1.4435670640083709
87.325755	2.2063036815045929
87.33785	2.4414462050046826
87.33785	2.4414462050046826
87.33785	2.4414462050046826
87.33785	2.4414462050046826
87.373821	1.941214380092162
87.385756	1.7410788797996732
87.397852	1.7251369565996704
87.397852	1.7251369565996704
87.397852	1.7251369565996704
87.397852	1.7251369565996704
87.397852	1.7251369565996704
87.397852	1.7251369565996704
87.4579	2.5433364150100348
87.4579	2.5433364150100348
87.4579	2.5433364150100348
87.4579	2.5433364150100348
87.4579	2.5433364150100348
87.4579	2.5433364150100348
87.51785	1.8511307175008656
87.51785	1.8511307175008656
87.529755	1.8579493274999974
87.529755	1.8579493274999974
87.529755	1.8579493274999974
87.529755	1.8579493274999974
87.57796	1.7641400379999337
87.57796	1.7641400379999337
87.57796	1.7641400379999337
87.57796	1.7641400379999337
87.57796	1.7641400379999337
87.625756	1.8493602179895443
87.637854	1.4140197369891401
87.637854	1.4140197369891401
87.637854	1.4140197369891401
87.637854	1.4140197369891401
87.637854	1.4140197369891401
87.685755	1.8201284667576105
87.697849	2.1196466566577867
87.697849	2.1196466566577867
87.697849	2.1196466566577867
87.697849	2.1196466566577867
87.697849	2.1196466566577867
87.697849	2.1196466566577867
87.757868	1.9523715300112015
87.757868	1.9523715300112015
87.757868	1.9523715300112015
87.757868	1.9523715300112015
87.793829	1.7306261981537387
87.805781	1.829072196401623
87.817852	1.8889974688016644
87.817852	1.8889974688016644
87.817852	1.8889974688016644
87.817852	1.8889974688016644
87.853833	1.8727611151453043
87.865755	1.6648699529929165
87.877954	1.4074783723926623
87.877954	1.4074783723926623
87.877954	1.4074783723926623
87.877954	1.4074783723926623
87.877954	1.4074783723926623
87.877954	1.4074783723926623
87.93785	2.116674992505065
87.93785	2.116674992505065
87.93785	2.116674992505065
87.937863	2.116860711155002
87.937863	2.116860711155002
87.937863	2.116860711155002
87.997866	1.9390376452061182
87.997866	1.9390376452061182
88.009791	1.9406150910487006
88.009791	1.9406150910487006
88.009791	1.9406150910487006
88.045768	2.0467970748092621
88.057869	2.3465067771593526
88.057869	2.3465067771593526
88.057869	2.3465067771593526
88.057869	2.3465067771593526
88.057869	2.3465067771593526
88.057869	2.3465067771593526
88.117867	2.2054229919097059
88.117867	2.2054229919097059
88.129768	3.1886209896375397
88.129768	3.1886209896375397
88.129768	3.1886209896375397
88.165769	2.1238215560051676
88.17788	2.2803441200052559
88.17788	2.2803441200052559
88.189768	2.0039889691873105
88.189768	2.0039889691873105
88.189768	2.0039889691873105
88.189768	2.0039889691873105
88.237974	2.4062135812120098
88.237974	2.4062135812120098
88.237974	2.4062135812120098
88.261768	1.7939783199913342
88.261768	1.7939783199913342
88.285769	2.3565139384693521
88.297863	4.3149388968705047
88.297863	4.3149388968705047
88.297863	4.3149388968705047
88.297863	4.3149388968705047
88.297863	4.3149388968705047
88.345768	1.8296753164049546
88.35787	1.964413538504967
88.35787	1.964413538504967
88.35787	1.964413538504967
88.35787	1.964413538504967
88.393839	2.3888550144335605
88.393839	2.3888550144335605
88.417879	1.9026571734434303
88.417879	1.9026571734434303
88.429769	2.5915622862830192
88.429769	2.5915622862830192
88.429769	2.5915622862830192
88.429769	2.5915622862830192
88.47788	2.3502355120099185
88.47788	2.3502355120099185
88.47788	2.3502355120099185
88.47788	2.3502355120099185
88.47788	2.3502355120099185
88.47788	2.3502355120099185
88.537922	1.9463598797160411
88.537922	1.9463598797160411
88.537922	1.9463598797160411
88.537922	1.9463598797160411
88.537922	1.9463598797160411
88.537922	1.9463598797160411
88.597863	1.7636995068484249
88.597863	1.7636995068484249
88.597863	1.7636995068484249
88.621768	1.4021020976101506
88.621768	1.4021020976101506
88.621768	1.4021020976101506
88.657866	1.7051515032980471
88.657866	1.7051515032980471
88.669878	2.0011159545153991
88.681769	2.2584593701843558
88.693832	1.8868683055843525
88.693832	1.8868683055843525
88.717863	1.706505088500273
88.717863	1.706505088500273
88.717863	1.706505088500273
88.717863	1.706505088500273
88.753836	2.0468334470125957
88.765865	2.3378261637628905
88.777889	2.6319542457628686
88.777889	2.6319542457628686
88.777889	2.6319542457628686
88.777889	2.6319542457628686
88.777889	2.6319542457628686
88.825769	1.8575112318645546
88.837866	2.1911301609149341
88.837866	2.1911301609149341
88.837866	2.1911301609149341
88.837866	2.1911301609149341
88.837866	2.1911301609149341
88.885776	1.7182275103995235
88.898006	1.7076840273995315
88.898006	1.7076840273995315
88.898006	1.7076840273995315
88.898006	1.7076840273995315
88.898006	1.7076840273995315
88.898006	1.7076840273995315
88.957864	1.3762772311885172
88.957877	1.3760110340886074
88.957877	1.3760110340886074
88.957877	1.3760110340886074
88.993876	1.9110603788083504
88.993876	1.9110603788083504
89.017877	3.2406231193895589
89.017877	3.2406231193895589
89.017877	3.2406231193895589
89.017877	3.2406231193895589
89.053858	1.5909629730954864
89.065785	1.7565640960216105
89.0779	2.2027062400214903
89.0779	2.2027062400214903
89.0779	2.2027062400214903
89.0779	2.2027062400214903
89.113859	2.2568365659131269
89.113859	2.2568365659131269
89.113859	2.2568365659131269
89.113859	2.2568365659131269
89.113859	2.2568365659131269
89.113859	2.2568365659131269
89.113859	2.2568365659131269
89.137899	1.9279677784844349
89.197901	1.6410217698420495
89.197901	1.6410217698420495
89.209864	2.2210103748373289
89.209864	2.2210103748373289
89.209864	2.2210103748373289
89.245808	1.9070319584117907
89.25789	2.1390341470119636
89.25789	2.1390341470119636
89.269782	2.1189148274961038
89.269782	2.1189148274961038
89.269782	2.1189148274961038
89.305781	1.6779710581791485
89.317912	2.2434109188297633
89.317912	2.2434109188297633
89.317912	2.2434109188297633
89.317912	2.2434109188297633
89.317912	2.2434109188297633
89.317912	2.2434109188297633
89.377915	1.767276392978073
89.377915	1.767276392978073
89.377915	1.767276392978073
89.377915	1.767276392978073
89.377915	1.767276392978073
89.377915	1.767276392978073
89.437878	1.8728042281035926
89.437878	1.8728042281035926
89.437878	1.8728042281035926
89.437878	1.8728042281035926
89.437878	1.8728042281035926
89.437878	1.8728042281035926
89.497877	1.5545987601950702
89.497877	1.5545987601950702
89.509801	1.606409880004581
89.521781	1.6778655944004888
89.521781	1.6778655944004888
89.521781	1.6778655944004888
89.557948	2.3408693386244597
89.557948	2.3408693386244597
89.557948	2.3408693386244597
89.557948	2.3408693386244597
89.557948	2.3408693386244597
89.605782	1.719686990922926
89.61788	2.1194043060228278
89.61788	2.1194043060228278
89.61788	2.1194043060228278
89.641802	1.4711771295179124
89.641802	1.4711771295179124
89.641802	1.4711771295179124
89.677894	2.1970291734100096
89.677894	2.1970291734100096
89.677894	2.1970291734100096
89.701781	2.1873954773424815
89.701781	2.1873954773424815
89.701781	2.1873954773424815
89.701781	2.1873954773424815
89.701781	2.1873954773424815
89.737874	2.179346528807506
89.761782	2.4742638218789388
89.761782	2.4742638218789388
89.785782	2.3868690520559683
89.797875	3.3239072500567155
89.797875	3.3239072500567155
89.797875	3.3239072500567155
89.797875	3.3239072500567155
89.797875	3.3239072500567155
89.797875	3.3239072500567155
89.857957	2.002773534866416
89.857957	2.002773534866416
89.857957	2.002773534866416
89.881789	2.4057752475970253
89.893846	2.3574073863970209
89.905802	2.2096415937842417
89.917877	1.9534934112839772
89.917877	1.9534934112839772
89.917877	1.9534934112839772
89.917877	1.9534934112839772
89.917877	1.9534934112839772
89.917877	1.9534934112839772
89.977998	2.1386944588925432
89.97801	2.1385771054925615
89.97801	2.1385771054925615
90.001793	2.1115021988581626
90.001793	2.1115021988581626
90.025793	2.3032495145499685
90.037942	2.3027556576999682
90.037942	2.3027556576999682
90.037942	2.3027556576999682
90.037942	2.3027556576999682
90.037942	2.3027556576999682
90.037942	2.3027556576999682
90.09789	1.7898291779946358
90.09789	1.7898291779946358
90.10997	1.764143869499091
90.10997	1.764143869499091
90.10997	1.764143869499091
90.145798	2.0301715009934758
90.15789	1.9310110549934925
90.15789	1.9310110549934925
90.15789	1.9310110549934925
90.181794	1.5935340789344339
90.193865	2.1130922502847929
90.193865	2.1130922502847929
90.217962	2.4123810744015901
90.217962	2.4123810744015901
90.229796	2.2482399457861599
90.229796	2.2482399457861599
90.229796	2.2482399457861599
90.229796	2.2482399457861599
90.277918	1.619930818290598
90.277918	1.619930818290598
90.289794	1.6784298996069378
90.289794	1.6784298996069378
90.289794	1.6784298996069378
90.289794	1.6784298996069378
90.337888	2.4321504320422838
90.337888	2.4321504320422838
90.337888	2.4321504320422838
90.337888	2.4321504320422838
90.337888	2.4321504320422838
90.385798	2.2307581878718783
90.397888	1.8251513823717773
90.397888	1.8251513823717773
90.397888	1.8251513823717773
90.421794	1.853232146004292
90.421794	1.853232146004292
90.445795	1.9070586809944543
90.457892	1.8290548055944573
90.457892	1.8290548055944573
90.457892	1.8290548055944573
90.457892	1.8290548055944573
90.457892	1.8290548055944573
90.457892	1.8290548055944573
90.457892	1.8290548055944573
90.457892	1.8290548055944573
90.517899	1.6665822933850714
90.541794	2.380639877481689
90.541794	2.380639877481689
90.541794	2.380639877481689
90.577905	3.1410923158064135
90.577905	3.1410923158064135
90.577905	3.1410923158064135
90.577905	3.1410923158064135
90.577905	3.1410923158064135
90.625794	5.0352300528259732
90.637887	12.174247347181666
90.637887	12.174247347181666
90.637887	12.174247347181666
90.637887	12.174247347181666
90.673861	2.0131216813887192
90.685814	2.0278443471140992
90.697908	2.217873136214211
90.697908	2.217873136214211
90.697908	2.217873136214211
90.721793	1.8015185012443389
90.721793	1.8015185012443389
90.721793	1.8015185012443389
90.757895	1.6146002739961614
90.757895	1.6146002739961614
90.757895	1.6146002739961614
90.757895	1.6146002739961614
90.793865	1.9994627619684282
90.805793	1.8594176254111439
90.817926	2.0060789028112422
90.817926	2.0060789028112422
90.817926	2.0060789028112422
90.817926	2.0060789028112422
90.817926	2.0060789028112422
90.817926	2.0060789028112422
90.877988	2.7893673026706303
90.877988	2.7893673026706303
90.877988	2.7893673026706303
90.877988	2.7893673026706303
90.877988	2.7893673026706303
90.925795	1.963130108739364
90.937888	1.8270626959892555
90.937888	1.8270626959892555
90.937888	1.8270626959892555
90.937888	1.8270626959892555
90.937888	1.8270626959892555
90.985839	2.1157232691433183
90.997919	2.0318258571433194
90.997919	2.0318258571433194
90.997919	2.0318258571433194
90.997919	2.0318258571433194
91.033872	1.902512256782243
91.033872	1.902512256782243
91.057904	2.0105601976119143
91.057904	2.0105601976119143
91.069807	2.078317493204191
91.069807	2.078317493204191
91.069807	2.078317493204191
91.069807	2.078317493204191
91.117901	2.7484862540949493
91.117901	2.7484862540949493
91.117901	2.7484862540949493
91.141878	1.8166585957786348
91.141878	1.8166585957786348
91.141878	1.8166585957786348
91.177925	1.7083504700156127
91.177925	1.7083504700156127
91.177925	1.7083504700156127
91.201807	1.5555171830288197
91.201807	1.5555171830288197
91.225808	2.0032279543874476
91.237905	1.8531713227374531
91.237905	1.8531713227374531
91.237905	1.8531713227374531
91.237905	1.8531713227374531
91.273941	2.0389503256535551
91.273941	2.0389503256535551
91.273941	2.0389503256535551
91.273941	2.0389503256535551
91.297909	1.5853251786226945
91.321808	2.1041761591853323
91.321808	2.1041761591853323
91.321808	2.1041761591853323
91.357905	3.1405912685751725
91.357905	3.1405912685751725
91.369807	2.5289895772195208
91.369807	2.5289895772195208
91.369807	2.5289895772195208
91.369807	2.5289895772195208
91.417906	1.8634108685906021
91.417906	1.8634108685906021
91.417906	1.8634108685906021
91.417906	1.8634108685906021
91.417906	1.8634108685906021
91.417906	1.8634108685906021
91.47794	1.8441929949973281
91.47794	1.8441929949973281
91.47794	1.8441929949973281
91.47794	1.8441929949973281
91.513881	2.2920483276800923
91.513881	2.2920483276800923
91.537987	1.8866776192826085
91.537987	1.8866776192826085
91.549808	2.2954849144483545
91.549808	2.2954849144483545
91.549808	2.2954849144483545
91.549808	2.2954849144483545
91.597902	2.0604494806860822
91.597902	2.0604494806860822
91.597902	2.0604494806860822
91.597902	2.0604494806860822
91.633871	2.0675168203895558
91.633871	2.0675168203895558
91.657915	2.1974852242615799
91.657915	2.1974852242615799
91.657915	2.1974852242615799
91.657915	2.1974852242615799
91.693878	7.3421281304036494
91.693878	7.3421281304036494
91.717911	1.9535674219901269
91.717911	1.9535674219901269
91.717911	1.9535674219901269
91.717911	1.9535674219901269
91.717911	1.9535674219901269
91.765808	1.9420051439899038
91.777922	1.8333486209899104
91.777922	1.8333486209899104
91.777922	1.8333486209899104
91.777922	1.8333486209899104
91.777922	1.8333486209899104
91.825807	1.9153265250733411
91.837982	1.6276227525733038
91.837982	1.6276227525733038
91.837982	1.6276227525733038
91.837982	1.6276227525733038
91.837982	1.6276227525733038
91.885807	1.7027623058678396
91.897923	1.8919724256679711
91.897923	1.8919724256679711
91.897923	1.8919724256679711
91.897923	1.8919724256679711
91.897923	1.8919724256679711
91.897923	1.8919724256679711
91.957927	2.0170545758830252
91.957927	2.0170545758830252
91.957927	2.0170545758830252
91.981821	1.9798181329432178
91.993892	1.9091297533931688
91.993892	1.9091297533931688
92.017916	2.1727570676195263
92.017916	2.1727570676195263
92.017916	2.1727570676195263
92.017916	2.1727570676195263
92.053896	2.1099981915955732
92.053896	2.1099981915955732
92.077937	1.7515953408778193
92.077937	1.7515953408778193
92.077937	1.7515953408778193
92.077937	1.7515953408778193
92.077937	1.7515953408778193
92.12582	2.297129265089247
92.137936	3.2021429720888142
92.137936	3.2021429720888142
92.137936	3.2021429720888142
92.137936	3.2021429720888142
92.137936	3.2021429720888142
92.137936	3.2021429720888142
92.197984	1.7626793119780839
92.197984	1.7626793119780839
92.197984	1.7626793119780839
92.197984	1.7626793119780839
92.197984	1.7626793119780839
92.245822	1.8584367813962526
92.257932	1.8211827883962675
92.257932	1.8211827883962675
92.257932	1.8211827883962675
92.281821	1.6422473009201972
92.281821	1.6422473009201972
92.305821	1.9332874939476623
92.317949	1.9100617675476497
92.317949	1.9100617675476497
92.317949	1.9100617675476497
92.317949	1.9100617675476497
92.317949	1.9100617675476497
92.365824	2.1898797712071252
92.377948	2.2594569824071389
92.377948	2.2594569824071389
92.389832	2.1837940743889614
92.389832	2.1837940743889614
92.389832	2.1837940743889614
92.389832	2.1837940743889614
92.437916	2.4320873139963535
92.437916	2.4320873139963535
92.437916	2.4320873139963535
92.437916	2.4320873139963535
92.473888	2.1011368288681478
92.48582	2.5265502190207352
92.497919	2.7247372835706449
92.497919	2.7247372835706449
92.497919	2.7247372835706449
92.497919	2.7247372835706449
92.497919	2.7247372835706449
92.497919	2.7247372835706449
92.557927	2.3493764105836945
92.557927	2.3493764105836945
92.557927	2.3493764105836945
92.557927	2.3493764105836945
92.593966	2.2337492914633184
92.593966	2.2337492914633184
92.61795	2.1632642575073318
92.61795	2.1632642575073318
92.61795	2.1632642575073318
92.64184	1.9627839640057281
92.64184	1.9627839640057281
92.665824	1.9818237183863363
92.677934	1.8543853443863876
92.677934	1.8543853443863876
92.677934	1.8543853443863876
92.677934	1.8543853443863876
92.677934	1.8543853443863876
92.677934	1.8543853443863876
92.737917	2.2063821429965875
92.737917	2.2063821429965875
92.749874	1.9563626532566598
92.749874	1.9563626532566598
92.773906	2.420621488875395
92.785821	2.4582174527293397
92.797918	1.8107473023293641
92.797918	1.8107473023293641
92.797918	1.8107473023293641
92.82182	2.1774063739726506
92.833885	1.9295393944727521
92.833885	1.9295393944727521
92.857994	2.7165999689680187
92.857994	2.7165999689680187
92.857994	2.7165999689680187
92.857994	2.7165999689680187
92.857994	2.7165999689680187
92.857994	2.7165999689680187
92.91792	1.8279522959964509
92.91792	1.8279522959964509
92.91792	1.8279522959964509
92.91792	1.8279522959964509
92.91792	1.8279522959964509
92.91792	1.8279522959964509
92.977935	1.9336391764693015
92.977948	1.9333461811694006
92.977948	1.9333461811694006
92.977948	1.9333461811694006
92.977948	1.9333461811694006
93.025837	2.1078032449310893
93.037946	1.9400493970809245
93.037946	1.9400493970809245
93.037946	1.9400493970809245
93.061834	1.5722625553094547
93.061834	1.5722625553094547
93.085834	1.6930252978991462
93.097927	1.6855802424491491
93.097927	1.6855802424491491
93.097927	1.6855802424491491
93.097927	1.6855802424491491
93.097927	1.6855802424491491
93.145834	1.9380608257326615
93.158014	2.2249126147327365
93.158014	2.2249126147327365
93.158014	2.2249126147327365
93.18187	1.6657984844831657
93.18187	1.6657984844831657
93.205833	1.8167497007886326
93.217931	2.5807129949884442
93.217931	2.5807129949884442
93.217931	2.5807129949884442
93.217931	2.5807129949884442
93.217931	2.5807129949884442
93.217931	2.5807129949884442
93.277947	2.0409549224236478
93.277947	2.0409549224236478
93.289989	1.8235288889243835
93.289989	1.8235288889243835
93.313906	2.3861468667763077
93.313906	2.3861468667763077
93.337928	2.1840541591577414
93.337928	2.1840541591577414
93.337928	2.1840541591577414
93.337928	2.1840541591577414
93.337928	2.1840541591577414
93.337928	2.1840541591577414
93.397956	1.5958820003725411
93.397956	1.5958820003725411
93.397956	1.5958820003725411
93.397956	1.5958820003725411
93.397956	1.5958820003725411
93.397956	1.5958820003725411
93.457938	3.1489654013237001
93.457938	3.1489654013237001
93.457938	3.1489654013237001
93.457938	3.1489654013237001
93.457938	3.1489654013237001
93.457938	3.1489654013237001
93.517996	2.1753327119682662
93.517996	2.1753327119682662
93.517996	2.1753327119682662
93.517996	2.1753327119682662
93.517996	2.1753327119682662
93.565834	2.3342044388340804
93.577985	1.7900929871838418
93.577985	1.7900929871838418
93.577985	1.7900929871838418
93.577985	1.7900929871838418
93.613899	2.1386988970758294
93.625837	1.7309501104233924
93.637929	1.5154446726234287
93.637929	1.5154446726234287
93.637929	1.5154446726234287
93.637929	1.5154446726234287
93.637929	1.5154446726234287
93.637929	1.5154446726234287
93.697929	2.4646897773994763
93.697929	2.4646897773994763
93.709854	2.1235806499371908
93.709854	2.1235806499371908
93.709854	2.1235806499371908
93.709854	2.1235806499371908
93.757931	1.7005716220120566
93.757931	1.7005716220120566
93.757931	1.7005716220120566
93.781908	2.1162082567723366
93.781908	2.1162082567723366
93.781908	2.1162082567723366
93.817941	1.734055860945463
93.817941	1.734055860945463
93.817941	1.734055860945463
93.841854	1.6861455263039746
93.841854	1.6861455263039746
93.865844	1.6943400193897866
93.877952	1.6136262751897854
93.877952	1.6136262751897854
93.877952	1.6136262751897854
93.877952	1.6136262751897854
93.877952	1.6136262751897854
93.877952	1.6136262751897854
93.937927	1.8952157348616425
93.937927	1.8952157348616425
93.937927	1.8952157348616425
93.961834	1.7842419390151809
93.961834	1.7842419390151809
93.961848	1.7843789080152523
93.99795	2.7090426150651679
93.99795	2.7090426150651679
93.99795	2.7090426150651679
93.99795	2.7090426150651679
94.03393	1.9273330110084399
94.03393	1.9273330110084399
94.057949	1.7481835688314917
94.057949	1.7481835688314917
94.057949	1.7481835688314917
94.057949	1.7481835688314917
94.093925	2.6757699550757295
94.105868	2.5978421427003169
94.117946	1.83834247650001
94.117946	1.83834247650001
94.129847	2.0553320987057906
94.129847	2.0553320987057906
94.129847	2.0553320987057906
94.129847	2.0553320987057906
94.178054	1.8435420360101449
94.178054	1.8435420360101449
94.178054	1.8435420360101449
94.201847	2.7344513956287977
94.201847	2.7344513956287977
94.201847	2.7344513956287977
94.23796	2.2113010900253589
94.23796	2.2113010900253589
94.249961	2.0344022862661792
94.249961	2.0344022862661792
94.249961	2.0344022862661792
94.249961	2.0344022862661792
94.297943	2.1880117433228534
94.297943	2.1880117433228534
94.297943	2.1880117433228534
94.321847	1.8262818606849349
94.321847	1.8262818606849349
94.321847	1.8262818606849349
94.35795	2.1698575124959074
94.35795	2.1698575124959074
94.35795	2.1698575124959074
94.35795	2.1698575124959074
94.35795	2.1698575124959074
94.405847	2.2978780720133942
94.417941	2.3967586160134524
94.417941	2.3967586160134524
94.417941	2.3967586160134524
94.417941	2.3967586160134524
94.453925	2.5955361812576703
94.465848	2.4234194499434798
94.477984	2.0076855999429739
94.477984	2.0076855999429739
94.477984	2.0076855999429739
94.501847	1.7068454095703429
94.513928	1.8548092692204841
94.525851	1.9512595516563056
94.53796	1.9969607340062969
94.53796	1.9969607340062969
94.53796	1.9969607340062969
94.561848	2.5369533936010673
94.561848	2.5369533936010673
94.561848	2.5369533936010673
94.597942	2.029893988551279
94.597942	2.029893988551279
94.597942	2.029893988551279
94.597942	2.029893988551279
94.633912	2.488255047656212
94.645848	2.5001191011446338
94.657948	2.1043057161444314
94.657948	2.1043057161444314
94.669848	2.5844447004943727
94.669848	2.5844447004943727
94.669848	2.5844447004943727
94.669848	2.5844447004943727
94.717945	2.2946058715565791
94.717945	2.2946058715565791
94.717945	2.2946058715565791
94.717945	2.2946058715565791
94.717945	2.2946058715565791
94.717945	2.2946058715565791
94.77796	1.8293389699925366
94.77796	1.8293389699925366
94.789848	1.7733621435917457
94.789848	1.7733621435917457
94.813912	2.1149301316484288
94.813912	2.1149301316484288
94.838014	1.9699069198696593
94.838014	1.9699069198696593
94.838014	1.9699069198696593
94.838014	1.9699069198696593
94.838014	1.9699069198696593
94.885848	2.4149828708420582
94.897978	2.7089940563420947
94.897978	2.7089940563420947
94.897978	2.7089940563420947
94.897978	2.7089940563420947
94.897978	2.7089940563420947
94.897978	2.7089940563420947
94.957947	1.8824608019665363
94.957947	1.8824608019665363
94.957947	1.8824608019665363
94.957947	1.8824608019665363
94.993932	1.7935317931968289
95.005884	1.8907682170323148
95.017955	2.1126543212824682
95.017955	2.1126543212824682
95.02986	2.0664192239849739
95.02986	2.0664192239849739
95.02986	2.0664192239849739
95.02986	2.0664192239849739
95.07799	2.2334726169349071
95.07799	2.2334726169349071
95.08986	2.0147701419737829
95.08986	2.0147701419737829
95.113932	2.2204210618456006
95.113932	2.2204210618456006
95.138054	2.418789836404335
95.138054	2.418789836404335
95.138054	2.418789836404335
95.161861	2.2835073754833775
95.161861	2.2835073754833775
95.185861	2.1319262537550068
95.197956	2.1655352350050197
95.197956	2.1655352350050197
95.197956	2.1655352350050197
95.22186	2.3790057489838468
95.234009	2.2707539068338809
95.245861	2.2034283879456797
95.257958	2.1746490200956807
95.257958	2.1746490200956807
95.257958	2.1746490200956807
95.28186	1.8801416049700859
95.28186	1.8801416049700859
95.28186	1.8801416049700859
95.317988	1.7655259792187412
95.317988	1.7655259792187412
95.317988	1.7655259792187412
95.341861	2.1791128924586767
95.341861	2.1791128924586767
95.341861	2.1791128924586767
95.341861	2.1791128924586767
95.377992	2.265615791600025
95.389949	2.1205507635731493
95.389949	2.1205507635731493
95.389949	2.1205507635731493
95.389949	2.1205507635731493
95.437956	2.3508815734392559
95.437956	2.3508815734392559
95.44986	2.113608141947263
95.44986	2.113608141947263
95.44986	2.113608141947263
95.48586	2.1172461209275055
95.498032	1.6431448951277026
95.498032	1.6431448951277026
95.498032	1.6431448951277026
95.498032	1.6431448951277026
95.498032	1.6431448951277026
95.498032	1.6431448951277026
95.557963	1.9724431985558297
95.557963	1.9724431985558297
95.557963	1.9724431985558297
95.557963	1.9724431985558297
95.557963	1.9724431985558297
95.557963	1.9724431985558297
95.617972	1.8751221043624386
95.617972	1.8751221043624386
95.617972	1.8751221043624386
95.617972	1.8751221043624386
95.617972	1.8751221043624386
95.617972	1.8751221043624386
95.677971	1.9730228595956147
95.677971	1.9730228595956147
95.677971	1.9730228595956147
95.677971	1.9730228595956147
95.677971	1.9730228595956147
95.677971	1.9730228595956147
95.737956	1.6774654569951939
95.737956	1.6774654569951939
95.737956	1.6774654569951939
95.737956	1.6774654569951939
95.737956	1.6774654569951939
95.78586	2.1217229300066185
95.798034	2.1637293170066325
95.798034	2.1637293170066325
95.798034	2.1637293170066325
95.798034	2.1637293170066325
95.798034	2.1637293170066325
95.798034	2.1637293170066325
95.857968	1.8610624640363262
95.857968	1.8610624640363262
95.857968	1.8610624640363262
95.881861	1.8118969534402243
95.881861	1.8118969534402243
95.881861	1.8118969534402243
95.917956	2.4065870730744621
95.917956	2.4065870730744621
95.917956	2.4065870730744621
95.917956	2.4065870730744621
95.95393	1.887172048962644
95.965861	1.6617726607135113
95.978011	1.4353665232136297
95.978011	1.4353665232136297
95.978025	1.4351056437134939
95.978025	1.4351056437134939
96.013937	2.4580661008886975
96.025947	2.5724496485471553
96.037978	2.2494630163472724
96.037978	2.2494630163472724
96.037978	2.2494630163472724
96.037978	2.2494630163472724
96.037978	2.2494630163472724
96.037978	2.2494630163472724
96.097974	1.9866069151179031
96.097974	1.9866069151179031
96.109894	4.1208049746234234
96.121875	5.9030621558482226
96.121875	5.9030621558482226
96.121875	5.9030621558482226
96.158059	1.7592269192970673
96.158059	1.7592269192970673
96.169874	1.868298810532369
96.169874	1.868298810532369
96.169874	1.868298810532369
96.205875	2.1640974811879232
96.217974	1.7900756496380934
96.217974	1.7900756496380934
96.217974	1.7900756496380934
96.217974	1.7900756496380934
96.217974	1.7900756496380934
96.217974	1.7900756496380934
96.277992	1.7753895064060654
96.277992	1.7753895064060654
96.277992	1.7753895064060654
96.277992	1.7753895064060654
96.277992	1.7753895064060654
96.277992	1.7753895064060654
96.337969	2.4600967174350861
96.337969	2.4600967174350861
96.349874	6.390098624011241
96.361875	9.6577266554073677
96.361875	9.6577266554073677
96.385876	2.1127127053915062
96.39797	2.0622099754914767
96.39797	2.0622099754914767
96.39797	2.0622099754914767
96.39797	2.0622099754914767
96.39797	2.0622099754914767
96.39797	2.0622099754914767
96.457998	1.7627613737027934
96.457998	1.7627613737027934
96.457998	1.7627613737027934
96.457998	1.7627613737027934
96.493958	1.9167585966569891
96.505875	1.7464713812343646
96.51797	1.6548898554843299
96.51797	1.6548898554843299
96.51797	1.6548898554843299
96.51797	1.6548898554843299
96.51797	1.6548898554843299
96.51797	1.6548898554843299
96.51797	1.6548898554843299
96.577985	2.9662138614066276
96.589997	2.4985040139713246
96.601874	1.8293138743457664
96.613956	1.5136788735455315
96.613956	1.5136788735455315
96.63797	1.7333273090437784
96.63797	1.7333273090437784
96.63797	1.7333273090437784
96.63797	1.7333273090437784
96.63797	1.7333273090437784
96.63797	1.7333273090437784
96.697973	1.871630617801807
96.697973	1.871630617801807
96.697973	1.871630617801807
96.697973	1.871630617801807
96.733945	2.4255458958554836
96.745895	2.3293024186070812
96.757975	1.5125887186070925
96.757975	1.5125887186070925
96.769875	2.6535662377734663
96.769875	2.6535662377734663
96.793952	2.4088009773633292
96.805875	2.0367962376090922
96.818039	2.6622168124091403
96.818039	2.6622168124091403
96.818039	2.6622168124091403
96.818039	2.6622168124091403
96.818039	2.6622168124091403
96.818039	2.6622168124091403
96.878003	1.8080971296223112
96.878003	1.8080971296223112
96.889874	1.7947440636027048
96.901874	1.9412256820531892
96.901874	1.9412256820531892
96.925874	2.8316791774533465
96.937967	2.0023702606526852
96.937967	2.0023702606526852
96.949948	1.842071645395474
96.949948	1.842071645395474
96.949948	1.842071645395474
96.949948	1.842071645395474
96.997975	1.9201829524925171
96.997989	1.9201343710924919
96.997989	1.9201343710924919
96.997989	1.9201343710924919
96.997989	1.9201343710924919
96.997989	1.9201343710924919
97.058004	1.6115459287898781
97.058004	1.6115459287898781
97.0699	1.8411026350525528
97.0699	1.8411026350525528
97.093954	2.0640824030967702
97.093954	2.0640824030967702
97.118011	2.0224339465460468
97.118011	2.0224339465460468
97.129888	2.0836062432142812
97.141912	2.1834550100385428
97.153958	2.3951484025385499
97.165889	2.3882967117577714
97.177999	2.1558597937578643
97.177999	2.1558597937578643
97.177999	2.1558597937578643
97.177999	2.1558597937578643
97.177999	2.1558597937578643
97.225888	2.3529419776063469
97.237983	2.3877931153563599
97.237983	2.3877931153563599
97.237983	2.3877931153563599
97.261888	2.0112968432171257
97.261888	2.0112968432171257
97.261888	2.0112968432171257
97.261888	2.0112968432171257
97.261888	2.0112968432171257
97.261888	2.0112968432171257
97.261888	2.0112968432171257
97.261888	2.0112968432171257
97.297981	2.1056652136443512
97.358017	2.408044923874852
97.358017	2.408044923874852
97.358017	2.408044923874852
97.358017	2.408044923874852
97.393963	2.2552482968653629
97.405909	2.1268268632857543
97.417982	1.7797661432356593
97.417982	1.7797661432356593
97.417982	1.7797661432356593
97.417982	1.7797661432356593
97.417982	1.7797661432356593
97.417982	1.7797661432356593
97.478097	2.1608745768482716
97.478097	2.1608745768482716
97.478097	2.1608745768482716
97.478097	2.1608745768482716
97.478097	2.1608745768482716
97.478097	2.1608745768482716
97.537988	1.4335545437674795
97.537988	1.4335545437674795
97.537988	1.4335545437674795
97.56191	2.8119243718717595
97.56191	2.8119243718717595
97.56191	2.8119243718717595
97.597983	2.0699701972355147
97.597983	2.0699701972355147
97.597983	2.0699701972355147
97.597983	2.0699701972355147
97.597983	2.0699701972355147
97.597983	2.0699701972355147
97.657987	1.9860951631170498
97.657987	1.9860951631170498
97.669888	1.8964129951655657
97.669888	1.8964129951655657
97.669888	1.8964129951655657
97.705889	2.6182679513095253
97.717982	1.8795434649589362
97.717982	1.8795434649589362
97.717982	1.8795434649589362
97.717982	1.8795434649589362
97.717982	1.8795434649589362
97.717982	1.8795434649589362
97.717982	1.8795434649589362
97.717982	1.8795434649589362
97.778086	1.5018418002706617
97.801888	3.2257714910449264
97.801888	3.2257714910449264
97.801888	3.2257714910449264
97.837982	1.5822684213437443
97.837982	1.5822684213437443
97.837982	1.5822684213437443
97.861888	1.7832255184065195
97.861888	1.7832255184065195
97.861888	1.7832255184065195
97.897983	2.5775088495465437
97.897983	2.5775088495465437
97.897983	2.5775088495465437
97.897983	2.5775088495465437
97.897983	2.5775088495465437
97.945888	2.0241959375850263
97.958008	1.9467970115849462
97.958008	1.9467970115849462
97.958008	1.9467970115849462
97.958008	1.9467970115849462
97.958008	1.9467970115849462
97.958021	1.9467139929349744
98.018007	1.8386831756211128
98.018007	1.8386831756211128
98.029901	2.0147401859679182
98.029901	2.0147401859679182
98.053979	1.8880126433793056
98.053979	1.8880126433793056
98.078016	2.4493696800978926
98.078016	2.4493696800978926
98.078016	2.4493696800978926
98.078016	2.4493696800978926
98.078016	2.4493696800978926
98.125902	2.2205279573871244
98.138077	3.177587662387249
98.138077	3.177587662387249
98.149901	2.712125640651236
98.149901	2.712125640651236
98.149901	2.712125640651236
98.149901	2.712125640651236
98.197994	1.7945295637013303
98.197994	1.7945295637013303
98.197994	1.7945295637013303
98.197994	1.7945295637013303
98.233967	1.868216989920459
98.245901	1.8009517101027011
98.258001	1.8145049201026919
98.258001	1.8145049201026919
98.258001	1.8145049201026919
98.258001	1.8145049201026919
98.258001	1.8145049201026919
98.258001	1.8145049201026919
98.318015	1.7382732217435533
98.318015	1.7382732217435533
98.318015	1.7382732217435533
98.318015	1.7382732217435533
98.318015	1.7382732217435533
98.318015	1.7382732217435533
98.318015	1.7382732217435533
98.318015	1.7382732217435533
98.318015	1.7382732217435533
98.318015	1.7382732217435533
98.378022	1.4844503054437377
98.425901	2.2876643010261128
98.437999	2.6650729041264629
98.437999	2.6650729041264629
98.437999	2.6650729041264629
98.461901	1.9757899340591545
98.473968	2.0209090504091702
98.485901	6.6073406593979698
98.497996	15.961704371901522
98.497996	15.961704371901522
98.497996	15.961704371901522
98.497996	15.961704371901522
98.497996	15.961704371901522
98.497996	15.961704371901522
98.497996	15.961704371901522
98.497996	15.961704371901522
98.497996	15.961704371901522
98.497996	15.961704371901522
98.497996	15.961704371901522
98.558018	1.7674653867419383
98.617994	1.4665932075198784
98.617994	1.4665932075198784
98.617994	1.4665932075198784
98.617994	1.4665932075198784
98.617994	1.4665932075198784
98.617994	1.4665932075198784
98.678016	2.3893940081114251
98.678016	2.3893940081114251
98.678016	2.3893940081114251
98.678016	2.3893940081114251
98.713969	2.0204382875378228
98.725902	2.040857244770006
98.738016	1.8960028783700149
98.738016	1.8960028783700149
98.738016	1.8960028783700149
98.738016	1.8960028783700149
98.738016	1.8960028783700149
98.738016	1.8960028783700149
98.798064	1.8539483343103695
98.798064	1.8539483343103695
98.798064	1.8539483343103695
98.798064	1.8539483343103695
98.798064	1.8539483343103695
98.845902	1.9730447095790495
98.858006	1.8725185687789641
98.858006	1.8725185687789641
98.858006	1.8725185687789641
98.858006	1.8725185687789641
98.858006	1.8725185687789641
98.905901	2.1646066322936015
98.917997	3.0868310738937592
98.917997	3.0868310738937592
98.929978	2.5109803738138399
98.941901	1.7776041183978557
98.941901	1.7776041183978557
98.941901	1.7776041183978557
98.978014	1.8330391206100241
98.978014	1.8330391206100241
98.978014	1.8330391206100241
99.001901	1.9430845082813955
99.013978	1.8553849573814447
99.025914	1.8274811597068596
99.038025	1.8598908012568778
99.038025	1.8598908012568778
99.038025	1.8598908012568778
99.038025	1.8598908012568778
99.038025	1.8598908012568778
99.038025	1.8598908012568778
99.098043	1.7888213143444895
99.098043	1.7888213143444895
99.098043	1.7888213143444895
99.098043	1.7888213143444895
99.098043	1.7888213143444895
99.098043	1.7888213143444895
99.158016	1.7813587311566716
99.158016	1.7813587311566716
99.158016	1.7813587311566716
99.181914	1.7710698985874795
99.181914	1.7710698985874795
99.181914	1.7710698985874795
99.21801	2.8566610256698155
99.21801	2.8566610256698155
99.21801	2.8566610256698155
99.21801	2.8566610256698155
99.21801	2.8566610256698155
99.21801	2.8566610256698155
99.278042	2.7822082784383744
99.278042	2.7822082784383744
99.278042	2.7822082784383744
99.278042	2.7822082784383744
99.313985	1.9073331990810281
99.313985	1.9073331990810281
99.338012	1.8349171547622736
99.338012	1.8349171547622736
99.338012	1.8349171547622736
99.338012	1.8349171547622736
99.37398	2.5394745559124039
99.385915	2.0485128748705788
99.398016	1.4534461998703987
99.398016	1.4534461998703987
99.398016	1.4534461998703987
99.398016	1.4534461998703987
99.398016	1.4534461998703987
99.398016	1.4534461998703987
99.398016	1.4534461998703987
99.398016	1.4534461998703987
99.398016	1.4534461998703987
99.45808	2.3133687600427004
99.494008	2.0022972472545399
99.494008	2.0022972472545399
99.518008	1.8944898219659145
99.518008	1.8944898219659145
99.529914	1.7219628209604436
99.541914	1.6971360322740174
99.541914	1.6971360322740174
99.541914	1.6971360322740174
99.578026	1.8990466814555536
99.578026	1.8990466814555536
99.578026	1.8990466814555536
99.578026	1.8990466814555536
99.613978	1.713081668951959
99.613978	1.713081668951959
99.638021	1.6533453950237764
99.638021	1.6533453950237764
99.638021	1.6533453950237764
99.638021	1.6533453950237764
99.638021	1.6533453950237764
99.638021	1.6533453950237764
99.698025	2.0746685750584479
99.698025	2.0746685750584479
99.698025	2.0746685750584479
99.698025	2.0746685750584479
99.698025	2.0746685750584479
99.698025	2.0746685750584479
99.698025	2.0746685750584479
99.698025	2.0746685750584479
99.698025	2.0746685750584479
99.698025	2.0746685750584479
99.698025	2.0746685750584479
99.758034	1.8471283631910904
99.818008	1.8922539318053542
99.818008	1.8922539318053542
99.818008	1.8922539318053542
99.818008	1.8922539318053542
99.818008	1.8922539318053542
99.865914	1.7266816436840946
99.878023	1.6562320871341081
99.878023	1.6562320871341081
99.878023	1.6562320871341081
99.901914	2.6096801070153433
99.913979	2.2372353667654954
99.925915	2.023162322486908
99.938017	1.9654539354869025
99.938017	1.9654539354869025
99.938017	1.9654539354869025
99.961914	1.9353743189251718
99.961914	1.9353743189251718
99.985986	2.371676939224221
99.998012	2.9147031523245941
99.998012	2.9147031523245941
99.998026	2.9153353132242819
100.021956	2.0801679687694188
100.033994	2.8179691640698104
100.033994	2.8179691640698104
100.058057	1.9554099018609679
100.058057	1.9554099018609679
100.058057	1.9554099018609679
100.081929	1.4363511893679151
100.081929	1.4363511893679151
100.081929	1.4363511893679151
100.118093	2.0389637563746117
100.118093	2.0389637563746117
100.118093	2.0389637563746117
100.118093	2.0389637563746117
100.118093	2.0389637563746117
100.165929	1.8684990870857989
100.178034	1.8070044765858315
100.178034	1.8070044765858315
100.178034	1.8070044765858315
100.178034	1.8070044765858315
100.213991	1.8519513722187488
100.225928	2.0983228616972434
100.238023	2.518680958197403
100.238023	2.518680958197403
100.238023	2.518680958197403
100.238023	2.518680958197403
100.238023	2.518680958197403
100.238023	2.518680958197403
100.238023	2.518680958197403
100.238023	2.518680958197403
100.238023	2.518680958197403
100.238023	2.518680958197403
100.238023	2.518680958197403
100.298022	1.9137653246839292
100.358027	2.8016393488822158
100.358027	2.8016393488822158
100.369928	2.2061340914733587
100.369928	2.2061340914733587
100.369928	2.2061340914733587
100.369928	2.2061340914733587
100.418053	1.5084772622074865
100.418053	1.5084772622074865
100.418053	1.5084772622074865
100.441942	2.2861812213296884
100.454004	1.9877878467296228
100.465929	2.078117926464814
100.478037	2.5655030666648222
100.478037	2.5655030666648222
100.478037	2.5655030666648222
100.478037	2.5655030666648222
100.478037	2.5655030666648222
100.478037	2.5655030666648222
100.538043	2.1034285259229435
100.538043	2.1034285259229435
100.538043	2.1034285259229435
100.561929	2.7219081692534548
100.573992	2.1070401710534492
100.573992	2.1070401710534492
100.598024	1.828017536404335
100.598024	1.828017536404335
100.598024	1.828017536404335
100.598024	1.828017536404335
100.63399	2.4452268251051779
100.63399	2.4452268251051779
100.658039	2.1414243937661648
100.658039	2.1414243937661648
100.658039	2.1414243937661648
100.658039	2.1414243937661648
100.693991	4.0690012715364947
100.705929	4.0498316742485176
100.718022	2.3727242482971809
100.718022	2.3727242482971809
100.718022	2.3727242482971809
100.718022	2.3727242482971809
100.718022	2.3727242482971809
100.765929	2.0018260931484031
100.778106	2.4137185977982862
100.778106	2.4137185977982862
100.789957	2.1103234041424153
100.789957	2.1103234041424153
100.789957	2.1103234041424153
100.789957	2.1103234041424153
100.838022	1.9851515897923133
100.838022	1.9851515897923133
100.849928	1.6772160051506313
100.861928	1.5270720288296364
100.861928	1.5270720288296364
100.861928	1.5270720288296364
100.898023	1.6527483591407572
100.898023	1.6527483591407572
100.898023	1.6527483591407572
100.898023	1.6527483591407572
100.898023	1.6527483591407572
100.898023	1.6527483591407572
100.958032	1.8915827048221283
100.958032	1.8915827048221283
100.958032	1.8915827048221283
100.958032	1.8915827048221283
100.994013	1.5480497349663547
100.994013	1.5480497349663547
101.018042	2.36287879514457
101.018057	2.363613007644803
101.018057	2.363613007644803
101.018057	2.363613007644803
101.018057	2.363613007644803
101.065986	2.4801332478421245
101.078052	2.2445464077419928
101.078052	2.2445464077419928
101.078052	2.2445464077419928
101.101944	1.5035723045384513
101.101944	1.5035723045384513
101.101944	1.5035723045384513
101.138043	1.914581607729311
101.138043	1.914581607729311
101.138043	1.914581607729311
101.138043	1.914581607729311
101.138043	1.914581607729311
101.185943	1.6953093974700035
101.198056	1.3709577795199557
101.198056	1.3709577795199557
101.198056	1.3709577795199557
101.198056	1.3709577795199557
101.198056	1.3709577795199557
101.198056	1.3709577795199557
101.25806	2.1743262980402966
101.25806	2.1743262980402966
101.25806	2.1743262980402966
101.25806	2.1743262980402966
101.25806	2.1743262980402966
101.25806	2.1743262980402966
101.318075	1.7899390363131125
101.318075	1.7899390363131125
101.318075	1.7899390363131125
101.342028	1.7827912345915982
101.354015	2.5425248971920569
101.365944	2.6984685638862183
101.378048	2.2435820878858315
101.378048	2.2435820878858315
101.389945	1.9878247384444139
101.389945	1.9878247384444139
101.389945	1.9878247384444139
101.425943	1.884650204861698
101.438113	1.5316550953616983
101.438113	1.5316550953616983
101.438113	1.5316550953616983
101.461963	2.6794878622082048
101.461963	2.6794878622082048
101.461963	2.6794878622082048
101.461963	2.6794878622082048
101.498036	2.3508713676865778
101.509943	2.0858226204011587
101.521944	1.7441402419727616
101.521944	1.7441402419727616
101.545943	1.7297207569251727
101.558058	2.0274826211754418
101.558058	2.0274826211754418
101.558058	2.0274826211754418
101.558058	2.0274826211754418
101.558058	2.0274826211754418
101.558058	2.0274826211754418
101.618037	1.7937651113070681
101.618037	1.7937651113070681
101.618037	1.7937651113070681
101.618037	1.7937651113070681
101.618037	1.7937651113070681
101.618037	1.7937651113070681
101.678064	1.5939471591721397
101.678064	1.5939471591721397
101.678064	1.5939471591721397
101.678064	1.5939471591721397
101.714026	1.8154851255731235
101.714026	1.8154851255731235
101.738042	1.924313135727554
101.738042	1.924313135727554
101.738042	1.924313135727554
101.761944	1.7798284256614987
101.774006	2.0185643544615508
101.785944	2.2122510244393041
101.798039	2.3649667276893624
101.798039	2.3649667276893624
101.798039	2.3649667276893624
101.798039	2.3649667276893624
101.798039	2.3649667276893624
101.845964	1.9636769045829305
101.858042	1.8975818612829038
101.858042	1.8975818612829038
101.858042	1.8975818612829038
101.858042	1.8975818612829038
101.858042	1.8975818612829038
101.858042	1.8975818612829038
101.918043	2.1299344345904103
101.918043	2.1299344345904103
101.918043	2.1299344345904103
101.918043	2.1299344345904103
101.954011	1.7060653683555571
101.954011	1.7060653683555571
101.978067	1.709125640898687
101.978067	1.709125640898687
101.978067	1.709125640898687
102.001947	1.7886806985870705
102.01401	1.7392682379870701
102.025958	1.9540434113270377
102.03806	2.4401371841270834
102.03806	2.4401371841270834
102.03806	2.4401371841270834
102.03806	2.4401371841270834
102.03806	2.4401371841270834
102.03806	2.4401371841270834
102.098139	1.7251395781693477
102.098139	1.7251395781693477
102.098139	1.7251395781693477
102.098139	1.7251395781693477
102.098139	1.7251395781693477
102.098139	1.7251395781693477
102.158052	2.0228874166235449
102.158052	2.0228874166235449
102.158052	2.0228874166235449
102.158052	2.0228874166235449
102.158052	2.0228874166235449
102.205957	1.9823587387652151
102.218051	1.8506357283651376
102.218051	1.8506357283651376
102.218051	1.8506357283651376
102.218051	1.8506357283651376
102.218051	1.8506357283651376
102.218051	1.8506357283651376
102.278079	1.8299749796503675
102.278079	1.8299749796503675
102.278079	1.8299749796503675
102.278079	1.8299749796503675
102.278079	1.8299749796503675
102.325957	1.7218091533918358
102.338052	1.6911628423918239
102.338052	1.6911628423918239
102.349957	1.7730968465281611
102.349957	1.7730968465281611
102.349957	1.7730968465281611
102.349957	1.7730968465281611
102.349957	1.7730968465281611
102.349957	1.7730968465281611
102.398056	2.0574271755783573
102.421957	1.9891464720386012
102.421957	1.9891464720386012
102.445957	2.1226352782057183
102.458053	1.9578544942056899
102.458053	1.9578544942056899
102.458053	1.9578544942056899
102.458053	1.9578544942056899
102.458053	1.9578544942056899
102.505957	2.5208443191846754
102.518058	2.4637953647846582
102.518058	2.4637953647846582
102.52996	2.1581731299028775
102.52996	2.1581731299028775
102.52996	2.1581731299028775
102.565957	2.6710763779246958
102.57808	2.5771152479746573
102.57808	2.5771152479746573
102.57808	2.5771152479746573
102.57808	2.5771152479746573
102.57808	2.5771152479746573
102.57808	2.5771152479746573
102.638076	1.8996129035750604
102.638076	1.8996129035750604
102.650331	1.9559001495225048
102.650331	1.9559001495225048
102.674065	2.2019765822920059
102.674065	2.2019765822920059
102.69806	1.9156677829339928
102.69806	1.9156677829339928
102.69806	1.9156677829339928
102.69806	1.9156677829339928
102.69806	1.9156677829339928
102.69806	1.9156677829339928
102.758132	1.8217534902094055
102.758132	1.8217534902094055
102.758132	1.8217534902094055
102.758132	1.8217534902094055
102.794032	1.6689485598991824
102.794032	1.6689485598991824
102.81805	2.4143787026703514
102.81805	2.4143787026703514
102.81805	2.4143787026703514
102.81805	2.4143787026703514
102.81805	2.4143787026703514
102.81805	2.4143787026703514
102.878073	2.1484342274278183
102.878073	2.1484342274278183
102.878073	2.1484342274278183
102.901957	1.8391993156648374
102.914029	1.8929855080648632
102.914029	1.8929855080648632
102.938062	1.9302383552019715
102.938062	1.9302383552019715
102.938062	1.9302383552019715
102.938062	1.9302383552019715
102.938062	1.9302383552019715
102.938062	1.9302383552019715
102.998053	2.051438623533687
102.998053	2.051438623533687
102.998053	2.051438623533687
102.998053	2.051438623533687
103.034036	2.1289311626742418
103.045979	1.9520324198760399
103.058075	2.0456209862760559
103.058075	2.0456209862760559
103.058075	2.0456209862760559
103.081972	1.6992846879635211
103.081972	1.6992846879635211
103.105993	1.5647449596343261
103.118067	1.6876244724343341
103.118067	1.6876244724343341
103.118067	1.6876244724343341
103.118067	1.6876244724343341
103.154109	1.7706421662980378
103.165973	1.696453329710758
103.178073	1.3770447897105949
103.178073	1.3770447897105949
103.178073	1.3770447897105949
103.178073	1.3770447897105949
103.178073	1.3770447897105949
103.178073	1.3770447897105949
103.238086	1.7246529706586022
103.238086	1.7246529706586022
103.238086	1.7246529706586022
103.238086	1.7246529706586022
103.238086	1.7246529706586022
103.238086	1.7246529706586022
103.298069	1.949640415710221
103.298069	1.949640415710221
103.309972	2.0940542248378073
103.322052	2.1786178983560691
103.334045	2.0244382889559884
103.334045	2.0244382889559884
103.358068	2.5062084953059283
103.358068	2.5062084953059283
103.358068	2.5062084953059283
103.358068	2.5062084953059283
103.358068	2.5062084953059283
103.358068	2.5062084953059283
103.418143	1.9297186900210268
103.418143	1.9297186900210268
103.418143	1.9297186900210268
103.418143	1.9297186900210268
103.454051	1.7512541875410708
103.454051	1.7512541875410708
103.47808	1.7985837599790466
103.47808	1.7985837599790466
103.47808	1.7985837599790466
103.47808	1.7985837599790466
103.47808	1.7985837599790466
103.525993	1.9922929775128555
103.538067	2.0371780725128583
103.538067	2.0371780725128583
103.538067	2.0371780725128583
103.561972	1.7857506586432161
103.574038	1.9363349419433002
103.585996	2.161195030486939
103.598064	2.4640101136869821
103.598064	2.4640101136869821
103.609972	2.1755069796825626
103.621972	1.9911609572726419
103.621972	1.9911609572726419
103.645984	2.9926218189602531
103.658087	2.1590131703603488
103.658087	2.1590131703603488
103.669972	1.7161265998911621
103.682043	1.5252638204079814
103.682043	1.5252638204079814
103.705972	2.3736599330688239
103.718146	1.9169900624686695
103.718146	1.9169900624686695
103.718146	1.9169900624686695
103.718146	1.9169900624686695
103.718146	1.9169900624686695
103.765972	1.7768169397084546
103.778071	1.4613615275585983
103.778071	1.4613615275585983
103.778071	1.4613615275585983
103.778071	1.4613615275585983
103.778071	1.4613615275585983
103.778071	1.4613615275585983
103.838067	3.1197536616616972
103.838067	3.1197536616616972
103.838067	3.1197536616616972
103.861972	3.6641396010136287
103.861972	3.6641396010136287
103.885972	1.7051743508118413
103.898087	1.7458674243118781
103.898087	1.7458674243118781
103.898087	1.7458674243118781
103.898087	1.7458674243118781
103.898087	1.7458674243118781
103.946061	2.4146081598744629
103.958073	1.9889028798744284
103.958073	1.9889028798744284
103.969972	1.9122883659970416
103.969972	1.9122883659970416
103.994046	1.7945683784723714
103.994046	1.7945683784723714
104.018065	1.6117375379730792
104.018065	1.6117375379730792
104.018079	1.6116317707731314
104.018079	1.6116317707731314
104.018079	1.6116317707731314
104.065986	2.2229064501467133
104.078213	2.3832984020968762
104.078213	2.3832984020968762
104.078213	2.3832984020968762
104.078213	2.3832984020968762
104.078213	2.3832984020968762
104.078213	2.3832984020968762
104.138101	2.2655986995115196
104.138101	2.2655986995115196
104.138101	2.2655986995115196
104.138101	2.2655986995115196
104.138101	2.2655986995115196
104.138101	2.2655986995115196
104.138101	2.2655986995115196
104.138101	2.2655986995115196
104.138101	2.2655986995115196
104.138101	2.2655986995115196
104.198092	2.1407881784935099
104.24599	2.2075587934726193
104.258093	2.1157048904226299
104.258093	2.1157048904226299
104.258093	2.1157048904226299
104.281986	1.7420297323979532
104.281986	1.7420297323979532
104.281986	1.7420297323979532
104.318118	1.586014771370913
104.318118	1.586014771370913
104.318118	1.586014771370913
104.318118	1.586014771370913
104.318118	1.586014771370913
104.318118	1.586014771370913
104.378128	1.7738166711867773
104.378128	1.7738166711867773
104.378128	1.7738166711867773
104.378128	1.7738166711867773
104.378128	1.7738166711867773
104.378128	1.7738166711867773
104.43808	1.7874041120272219
104.43808	1.7874041120272219
104.43808	1.7874041120272219
104.43808	1.7874041120272219
104.43808	1.7874041120272219
104.485986	2.0544856041767274
104.498081	1.6455844964265718
104.498081	1.6455844964265718
104.498081	1.6455844964265718
104.498081	1.6455844964265718
104.534073	2.3588460115830676
104.534073	2.3588460115830676
104.558083	1.4312580824832515
104.558083	1.4312580824832515
104.558083	1.4312580824832515
104.558083	1.4312580824832515
104.558083	1.4312580824832515
104.558083	1.4312580824832515
104.618084	3.025510787438594
104.618084	3.025510787438594
104.618084	3.025510787438594
104.618084	3.025510787438594
104.618084	3.025510787438594
104.665986	1.6869258088113281
104.6781	1.7241254800113257
104.6781	1.7241254800113257
104.6781	1.7241254800113257
104.6781	1.7241254800113257
104.6781	1.7241254800113257
104.6781	1.7241254800113257
104.73815	1.9113534375229886
104.73815	1.9113534375229886
104.73815	1.9113534375229886
104.73815	1.9113534375229886
104.73815	1.9113534375229886
104.73815	1.9113534375229886
104.798082	1.6813608823337252
104.798082	1.6813608823337252
104.798082	1.6813608823337252
104.798082	1.6813608823337252
104.834053	2.1745987643927829
104.846007	2.065152418538498
104.858123	2.1904984965385847
104.858123	2.1904984965385847
104.858123	2.1904984965385847
104.858123	2.1904984965385847
104.858123	2.1904984965385847
104.858123	2.1904984965385847
104.858123	2.1904984965385847
104.858123	2.1904984965385847
104.858123	2.1904984965385847
104.858123	2.1904984965385847
104.858123	2.1904984965385847
104.858123	2.1904984965385847
104.858123	2.1904984965385847
104.918085	1.7947202464621592
104.978108	1.8802261660633341
105.00206	1.848037938136478
105.00206	1.848037938136478
105.00206	1.848037938136478
105.038125	2.1712375311818102
105.03814	2.1709649909317239
105.03814	2.1709649909317239
105.03814	2.1709649909317239
105.03814	2.1709649909317239
105.086002	1.9957289361401727
105.098101	1.4817410329898029
105.098101	1.4817410329898029
105.098101	1.4817410329898029
105.098101	1.4817410329898029
105.098101	1.4817410329898029
105.098101	1.4817410329898029
105.098101	1.4817410329898029
105.098101	1.4817410329898029
105.1581	2.4619279100843179
105.182003	1.6755670887747525
105.182003	1.6755670887747525
105.182003	1.6755670887747525
105.218122	2.0881874789119066
105.218122	2.0881874789119066
105.218122	2.0881874789119066
105.218122	2.0881874789119066
105.218122	2.0881874789119066
105.218122	2.0881874789119066
105.278099	2.1422254175564288
105.278099	2.1422254175564288
105.278099	2.1422254175564288
105.302005	2.9636702022383128
105.302005	2.9636702022383128
105.326021	1.7891435352897784
105.338102	1.9151513855398985
105.338102	1.9151513855398985
105.338102	1.9151513855398985
105.338102	1.9151513855398985
105.338102	1.9151513855398985
105.338102	1.9151513855398985
105.338102	1.9151513855398985
105.338102	1.9151513855398985
105.338102	1.9151513855398985
105.338102	1.9151513855398985
105.338102	1.9151513855398985
105.398163	2.9863199197611432
105.4581	1.8121943200940265
105.4581	1.8121943200940265
105.470009	2.083390072586436
105.470009	2.083390072586436
105.470009	2.083390072586436
105.506002	2.2452147480617746
105.518098	1.8106550616617003
105.518098	1.8106550616617003
105.518098	1.8106550616617003
105.518098	1.8106550616617003
105.518098	1.8106550616617003
105.518098	1.8106550616617003
105.518098	1.8106550616617003
105.518098	1.8106550616617003
105.518098	1.8106550616617003
105.602003	2.2014326833550903
105.602003	2.2014326833550903
105.602003	2.2014326833550903
105.638109	1.82759894696452
105.638109	1.82759894696452
105.638109	1.82759894696452
105.638109	1.82759894696452
105.638109	1.82759894696452
105.686002	1.9756645690905801
105.698099	2.2573371655905694
105.698099	2.2573371655905694
105.698099	2.2573371655905694
105.698099	2.2573371655905694
105.734073	2.0569164179340627
105.746023	2.1289378650645974
105.7581	1.8640657049144351
105.7581	1.8640657049144351
105.770002	1.9348349835439556
105.770002	1.9348349835439556
105.770002	1.9348349835439556
105.770002	1.9348349835439556
105.770002	1.9348349835439556
105.818097	2.8504797054469067
105.830122	2.3301065665613643
105.842003	1.7412243164244847
105.842003	1.7412243164244847
105.842003	1.7412243164244847
105.842003	1.7412243164244847
105.842003	1.7412243164244847
105.842003	1.7412243164244847
105.842003	1.7412243164244847
105.842003	1.7412243164244847
105.87812	1.6892978419644589
105.938099	2.1729824925209487
105.938099	2.1729824925209487
105.938099	2.1729824925209487
105.938099	2.1729824925209487
105.974069	2.0766976610288697
105.974069	2.0766976610288697
105.998096	2.0736603264227003
105.998096	2.0736603264227003
105.998096	2.0736603264227003
105.998096	2.0736603264227003
106.034082	1.8785893262427549
106.034082	1.8785893262427549
106.058198	1.7101644870819577
106.058198	1.7101644870819577
106.070016	1.8380724192538107
106.070016	1.8380724192538107
106.094083	1.7921635435988512
106.106016	1.7482586320213633
106.118115	1.8133905737714104
106.118115	1.8133905737714104
106.118115	1.8133905737714104
106.118115	1.8133905737714104
106.118115	1.8133905737714104
106.118115	1.8133905737714104
106.118115	1.8133905737714104
106.118115	1.8133905737714104
106.118115	1.8133905737714104
106.118115	1.8133905737714104
106.118115	1.8133905737714104
106.178111	1.9911203433981708
106.238115	1.7979359616633643
106.238115	1.7979359616633643
106.238115	1.7979359616633643
106.262016	2.1858411473020753
106.274099	2.4937667359022404
106.286017	2.3935785560830669
106.29811	1.8899806873332572
106.29811	1.8899806873332572
106.29811	1.8899806873332572
106.29811	1.8899806873332572
106.334089	1.9156883378851131
106.334089	1.9156883378851131
106.334089	1.9156883378851131
106.334089	1.9156883378851131
106.334089	1.9156883378851131
106.334089	1.9156883378851131
106.334089	1.9156883378851131
106.334089	1.9156883378851131
106.334089	1.9156883378851131
106.334089	1.9156883378851131
106.358209	1.4254958812789753
106.418111	1.9692239631269557
106.454173	1.9099068280059743
106.466027	1.8186124055813859
106.478132	1.7628422495813501
106.478132	1.7628422495813501
106.478132	1.7628422495813501
106.502015	1.6292982719545204
106.514082	2.2385785991047338
106.526017	2.392081263502166
106.53811	2.1000449879019332
106.53811	2.1000449879019332
106.53811	2.1000449879019332
106.562036	1.5088714334648872
106.562036	1.5088714334648872
106.586087	1.7058896651901232
106.598117	1.5290576876901503
106.598117	1.5290576876901503
106.598117	1.5290576876901503
106.598117	1.5290576876901503
106.598117	1.5290576876901503
106.646016	1.9437297200459807
106.646016	1.9437297200459807
106.646016	1.9437297200459807
106.658111	2.0799647762960323
106.682017	2.0885936803950171
106.682017	2.0885936803950171
106.682017	2.0885936803950171
106.718199	1.801699469890421
106.718199	1.801699469890421
106.730016	2.0582422017158071
106.742016	2.3066850703319535
106.742016	2.3066850703319535
106.766017	1.9612622485177031
106.778115	1.8661495872177263
106.778115	1.8661495872177263
106.778115	1.8661495872177263
106.778115	1.8661495872177263
106.814081	1.5969317806098884
106.814081	1.5969317806098884
106.838111	1.9640443208638381
106.838111	1.9640443208638381
106.838111	1.9640443208638381
106.838111	1.9640443208638381
106.874079	2.0755355500412769
106.88602	1.872257497066351
106.898133	2.0669115901163799
106.898133	2.0669115901163799
106.898133	2.0669115901163799
106.898133	2.0669115901163799
106.898133	2.0669115901163799
106.946035	2.0702926380585782
106.958131	2.9732548044587328
106.958131	2.9732548044587328
106.958131	2.9732548044587328
106.958131	2.9732548044587328
106.958131	2.9732548044587328
106.958131	2.9732548044587328
106.958131	2.9732548044587328
106.958131	2.9732548044587328
107.018114	1.7875011759791823
107.042017	1.6323023845955276
107.042031	1.6324556306954519
107.06603	2.1319069687088952
107.078127	2.7392846368588724
107.078127	2.7392846368588724
107.090072	2.499503157061663
107.090072	2.499503157061663
107.090072	2.499503157061663
107.090072	2.499503157061663
107.138125	1.6534377187152018
107.138125	1.6534377187152018
107.138125	1.6534377187152018
107.138125	1.6534377187152018
107.174095	4.1663091937240369
107.186031	3.4602130901853334
107.198127	2.117631480585104
107.198127	2.117631480585104
107.198127	2.117631480585104
107.198127	2.117631480585104
107.198127	2.117631480585104
107.246109	1.5090426263639396
107.25814	1.8352180751138212
107.25814	1.8352180751138212
107.25814	1.8352180751138212
107.25814	1.8352180751138212
107.25814	1.8352180751138212
107.25814	1.8352180751138212
107.25814	1.8352180751138212
107.25814	1.8352180751138212
107.25814	1.8352180751138212
107.25814	1.8352180751138212
107.318143	1.8011172762528849
107.366031	2.0334268383445857
107.378196	2.3055061870945504
107.378196	2.3055061870945504
107.39003	2.051413319876028
107.39003	2.051413319876028
107.39003	2.051413319876028
107.39003	2.051413319876028
107.438157	2.9275899443239739
107.438157	2.9275899443239739
107.45003	2.6847204288470956
107.45003	2.6847204288470956
107.474096	2.2318200711719429
107.48603	2.1514856814708994
107.498166	2.0683061442708959
107.498166	2.0683061442708959
107.498166	2.0683061442708959
107.498166	2.0683061442708959
107.498166	2.0683061442708959
107.498166	2.0683061442708959
107.558144	1.9812294079577299
107.558144	1.9812294079577299
107.558144	1.9812294079577299
107.582031	1.6250256243130765
107.582031	1.6250256243130765
107.582031	1.6250256243130765
107.618125	1.6800878749999957
107.618125	1.6800878749999957
107.618125	1.6800878749999957
107.642102	2.1073619212857038
107.642102	2.1073619212857038
107.642102	2.1073619212857038
107.678132	2.5157161803107768
107.678132	2.5157161803107768
107.678132	2.5157161803107768
107.678132	2.5157161803107768
107.714095	1.7817074949953688
107.726031	1.893516762134263
107.738127	2.1305445349343035
107.738127	2.1305445349343035
107.738127	2.1305445349343035
107.738127	2.1305445349343035
107.738127	2.1305445349343035
107.738127	2.1305445349343035
107.798144	1.8890654620975436
107.798144	1.8890654620975436
107.810283	1.5374833301073521
107.822031	1.4249434098544667
107.822031	1.4249434098544667
107.846031	2.2039655768472786
107.858124	2.0561879075471605
107.858124	2.0561879075471605
107.858124	2.0561879075471605
107.858124	2.0561879075471605
107.894113	2.998049381257585
107.894113	2.998049381257585
107.918128	1.581636943902718
107.918128	1.581636943902718
107.918128	1.581636943902718
107.918128	1.581636943902718
107.918128	1.581636943902718
107.966031	1.9925507839690104
107.978132	1.9061980479689842
107.978132	1.9061980479689842
107.978132	1.9061980479689842
107.978132	1.9061980479689842
107.978132	1.9061980479689842
107.978132	1.9061980479689842
107.978132	1.9061980479689842
107.978132	1.9061980479689842
108.038193	1.8677593460380535
108.062047	2.3393010223722475
108.062047	2.3393010223722475
108.086046	2.0059908351901043
108.098145	1.9785406239900845
108.098145	1.9785406239900845
108.098145	1.9785406239900845
108.098145	1.9785406239900845
108.134117	2.1985580891886491
108.134117	2.1985580891886491
108.134117	2.1985580891886491
108.134117	2.1985580891886491
108.158163	1.8397039066671057
108.182046	1.9987041395759308
108.182046	1.9987041395759308
108.182046	1.9987041395759308
108.218138	2.9197729269476089
108.218138	2.9197729269476089
108.230046	2.510061655693316
108.230046	2.510061655693316
108.254121	1.9451991819698462
108.254121	1.9451991819698462
108.278145	2.8693149677338048
108.278145	2.8693149677338048
108.278145	2.8693149677338048
108.302116	1.78122364537237
108.302116	1.78122364537237
108.302116	1.78122364537237
108.338219	2.6473283397938121
108.338219	2.6473283397938121
108.338219	2.6473283397938121
108.338219	2.6473283397938121
108.374113	1.9724365007639635
108.386047	1.976813720838394
108.398143	2.081642495238412
108.398143	2.081642495238412
108.398143	2.081642495238412
108.398143	2.081642495238412
108.434179	3.3639102320461549
108.434179	3.3639102320461549
108.458153	1.8757680690102023
108.458153	1.8757680690102023
108.47006	1.8236446449934904
108.47006	1.8236446449934904
108.494111	2.0187166661161156
108.494111	2.0187166661161156
108.518147	2.1986626870726766
108.518147	2.1986626870726766
108.518147	2.1986626870726766
108.518147	2.1986626870726766
108.518147	2.1986626870726766
108.518147	2.1986626870726766
108.578147	2.011218365157343
108.578147	2.011218365157343
108.578147	2.011218365157343
108.578147	2.011218365157343
108.614113	1.9836046219656609
108.626047	1.9665464816234741
108.638143	1.7595972272234386
108.638143	1.7595972272234386
108.638143	1.7595972272234386
108.638143	1.7595972272234386
108.674112	2.3035211326333327
108.686046	2.0410076169678519
108.698215	1.953871492467834
108.698215	1.953871492467834
108.710046	1.8935774429787395
108.710046	1.8935774429787395
108.710046	1.8935774429787395
108.710046	1.8935774429787395
108.758141	2.1270118251946775
108.758141	2.1270118251946775
108.758141	2.1270118251946775
108.758141	2.1270118251946775
108.758141	2.1270118251946775
108.758141	2.1270118251946775
108.818141	1.9416593385428838
108.818141	1.9416593385428838
108.818141	1.9416593385428838
108.818141	1.9416593385428838
108.818141	1.9416593385428838
108.818141	1.9416593385428838
108.878145	1.9659159842754521
108.878145	1.9659159842754521
108.878145	1.9659159842754521
108.878145	1.9659159842754521
108.878145	1.9659159842754521
108.878145	1.9659159842754521
108.938143	1.6044074345194508
108.938143	1.6044074345194508
108.938143	1.6044074345194508
108.938143	1.6044074345194508
108.938143	1.6044074345194508
108.938143	1.6044074345194508
108.998163	2.8976571241278877
108.998163	2.8976571241278877
108.998163	2.8976571241278877
108.998163	2.8976571241278877
109.03411	1.9324447115642578
109.03411	1.9324447115642578
109.058163	1.7598603984859067
109.058178	1.7596492112358397
109.058178	1.7596492112358397
109.058178	1.7596492112358397
109.094195	2.5571264919363927
109.106061	2.633556623829048
109.118155	2.3131496771288589
109.118155	2.3131496771288589
109.118155	2.3131496771288589
109.142061	1.6645858370933087
109.142061	1.6645858370933087
109.166062	2.137483496784617
109.17816	1.5681939597840886
109.17816	1.5681939597840886
109.17816	1.5681939597840886
109.17816	1.5681939597840886
109.17816	1.5681939597840886
109.17816	1.5681939597840886
109.238158	1.6207149724373633
109.238158	1.6207149724373633
109.25008	2.227487000287999
109.25008	2.227487000287999
109.274139	1.830373305967963
109.286061	1.5647090655691571
109.298178	1.8780359042189423
109.298178	1.8780359042189423
109.298178	1.8780359042189423
109.298178	1.8780359042189423
109.334133	2.4270577068227617
109.334133	2.4270577068227617
109.358234	2.0110826449551684
109.358234	2.0110826449551684
109.370061	2.0603386867481523
109.370061	2.0603386867481523
109.394154	2.3028501427454646
109.394154	2.3028501427454646
109.418156	1.8365277260665218
109.418156	1.8365277260665218
109.418156	1.8365277260665218
109.418156	1.8365277260665218
109.418156	1.8365277260665218
109.418156	1.8365277260665218
109.478157	1.7874748784054044
109.478157	1.7874748784054044
109.478157	1.7874748784054044
109.478157	1.7874748784054044
109.478157	1.7874748784054044
109.478157	1.7874748784054044
109.53816	2.6293148201509449
109.53816	2.6293148201509449
109.550081	2.2583156050508326
109.550081	2.2583156050508326
109.550081	2.2583156050508326
109.586062	1.4910498430961685
109.598188	1.7411667820961148
109.598188	1.7411667820961148
109.598188	1.7411667820961148
109.598188	1.7411667820961148
109.598188	1.7411667820961148
109.646061	2.3035780541980047
109.646061	2.3035780541980047
109.646061	2.3035780541980047
109.646061	2.3035780541980047
109.658163	1.7811395549979556
109.694126	1.9383189386065611
109.694126	1.9383189386065611
109.718156	1.6133373787140415
109.718156	1.6133373787140415
109.718156	1.6133373787140415
109.718156	1.6133373787140415
109.718156	1.6133373787140415
109.718156	1.6133373787140415
109.778167	1.8175905888371175
109.778167	1.8175905888371175
109.790065	1.8573547232800438
109.802061	1.8840317682160734
109.802061	1.8840317682160734
109.802061	1.8840317682160734
109.838158	1.7295586055430923
109.838158	1.7295586055430923
109.838158	1.7295586055430923
109.838158	1.7295586055430923
109.838158	1.7295586055430923
109.838158	1.7295586055430923
109.898158	2.198982338664115
109.898158	2.198982338664115
109.898158	2.198982338664115
109.898158	2.198982338664115
109.934134	1.7574795583799852
109.934134	1.7574795583799852
109.958159	1.7455931250210672
109.958159	1.7455931250210672
109.958159	1.7455931250210672
109.982061	1.7904580522343509
109.994132	1.8778545064343084
109.994132	1.8778545064343084
110.018262	1.7279699181500381
110.018262	1.7279699181500381
110.018262	1.7279699181500381
110.018262	1.7279699181500381
110.018262	1.7279699181500381
110.018262	1.7279699181500381
110.078208	1.6674146656364421
110.078208	1.6674146656364421
110.078208	1.6674146656364421
110.078208	1.6674146656364421
110.078208	1.6674146656364421
110.078208	1.6674146656364421
110.138174	3.2324961550099074
110.138174	3.2324961550099074
110.138174	3.2324961550099074
110.138174	3.2324961550099074
110.138174	3.2324961550099074
110.138174	3.2324961550099074
110.198174	1.5172574840870316
110.198174	1.5172574840870316
110.210099	2.0215374437595308
110.222079	2.4810902349724682
110.222079	2.4810902349724682
110.222079	2.4810902349724682
110.258183	1.5340873980255512
110.258183	1.5340873980255512
110.270079	1.6547728221708318
110.270079	1.6547728221708318
110.294143	1.5302579406578114
110.294143	1.5302579406578114
110.318272	2.6966534979361039
110.318272	2.6966534979361039
110.318272	2.6966534979361039
110.318272	2.6966534979361039
110.318272	2.6966534979361039
110.366079	2.1309893025631634
110.378176	1.7874502286631764
110.378176	1.7874502286631764
110.39018	1.8413916780501169
110.39018	1.8413916780501169
110.39018	1.8413916780501169
110.39018	1.8413916780501169
110.438189	1.8704109402289377
110.438189	1.8704109402289377
110.438189	1.8704109402289377
110.46208	1.9339293920900644
110.474145	2.1585030793399724
110.486079	2.0185974541515592
110.498174	1.5233997309013712
110.498174	1.5233997309013712
110.498174	1.5233997309013712
110.498174	1.5233997309013712
110.498174	1.5233997309013712
110.546152	2.2604370218141927
110.558181	1.8006856345641664
110.558181	1.8006856345641664
110.558181	1.8006856345641664
110.558181	1.8006856345641664
110.558181	1.8006856345641664
110.558181	1.8006856345641664
110.618175	1.7440078338620999
110.618175	1.7440078338620999
110.618175	1.7440078338620999
110.618175	1.7440078338620999
110.618175	1.7440078338620999
110.618175	1.7440078338620999
110.678251	1.9184893954109596
110.678251	1.9184893954109596
110.678251	1.9184893954109596
110.678251	1.9184893954109596
110.678251	1.9184893954109596
110.72608	1.8797249998913266
110.738173	1.6108069123911122
110.738173	1.6108069123911122
110.738173	1.6108069123911122
110.738173	1.6108069123911122
110.738173	1.6108069123911122
110.786083	12.329749725751853
110.798201	3.3219774181493467
110.798201	3.3219774181493467
110.798201	3.3219774181493467
110.798201	3.3219774181493467
110.798201	3.3219774181493467
110.798201	3.3219774181493467
110.858175	1.9956175200908737
110.858175	1.9956175200908737
110.858175	1.9956175200908737
110.858175	1.9956175200908737
110.858175	1.9956175200908737
110.90608	1.8072251039590417
110.918175	1.7067313774590034
110.918175	1.7067313774590034
110.918175	1.7067313774590034
110.918175	1.7067313774590034
110.95415	1.9052585173629197
110.95415	1.9052585173629197
110.978183	2.0418388938812955
110.978183	2.0418388938812955
110.978183	2.0418388938812955
111.00208	2.2074999679472747
111.014144	2.0790587823473001
111.014144	2.0790587823473001
111.038174	1.8603665301574088
111.038174	1.8603665301574088
111.038174	1.8603665301574088
111.038174	1.8603665301574088
111.038189	1.8602374896573677
111.086094	1.8625249619056845
111.098207	2.1203465330057227
111.098207	2.1203465330057227
111.098207	2.1203465330057227
111.098207	2.1203465330057227
111.098207	2.1203465330057227
111.098207	2.1203465330057227
111.158192	2.5286932654413699
111.158192	2.5286932654413699
111.158192	2.5286932654413699
111.158192	2.5286932654413699
111.158192	2.5286932654413699
111.158192	2.5286932654413699
111.21819	1.8520600220125585
111.21819	1.8520600220125585
111.21819	1.8520600220125585
111.21819	1.8520600220125585
111.21819	1.8520600220125585
111.266094	1.9156930283263141
111.278191	1.9794375649763865
111.278191	1.9794375649763865
111.290094	1.9250194629683264
111.302094	1.8442585101569973
111.302094	1.8442585101569973
111.326094	1.8509504333319977
111.338265	2.1717512171323055
111.338265	2.1717512171323055
111.338265	2.1717512171323055
111.362114	1.9263689488223028
111.362114	1.9263689488223028
111.386095	2.1546196488293043
111.398226	1.7420952890293391
111.398226	1.7420952890293391
111.398226	1.7420952890293391
111.398226	1.7420952890293391
111.434158	2.9080387729115627
111.434158	2.9080387729115627
111.458191	1.9493807616200742
111.458191	1.9493807616200742
111.458191	1.9493807616200742
111.458191	1.9493807616200742
111.458191	1.9493807616200742
111.458191	1.9493807616200742
111.518189	1.7808112725965934
111.518189	1.7808112725965934
111.518189	1.7808112725965934
111.518189	1.7808112725965934
111.554163	2.2955507070801371
111.566095	2.2631097905983295
111.578192	1.9006697590483432
111.578192	1.9006697590483432
111.578192	1.9006697590483432
111.578192	1.9006697590483432
111.578192	1.9006697590483432
111.626094	1.81259961115667
111.626094	1.81259961115667
111.626094	1.81259961115667
111.626094	1.81259961115667
111.638298	1.7081919503565535
111.67416	2.4148033920315148
111.67416	2.4148033920315148
111.698189	1.8526294510327546
111.698189	1.8526294510327546
111.698189	1.8526294510327546
111.698189	1.8526294510327546
111.698189	1.8526294510327546
111.698189	1.8526294510327546
111.758193	2.0919469254586764
111.758193	2.0919469254586764
111.758193	2.0919469254586764
111.782095	2.0381168441601223
111.794165	1.8253728346599309
111.806095	1.7171432007454916
111.818196	1.7064562025954884
111.818196	1.7064562025954884
111.818196	1.7064562025954884
111.818196	1.7064562025954884
111.818196	1.7064562025954884
111.818196	1.7064562025954884
111.878232	15.660531854987266
111.878232	15.660531854987266
111.878232	15.660531854987266
111.878232	15.660531854987266
111.914161	1.7957713130974517
111.926144	1.9665131664497053
111.938206	2.0835368811497306
111.938206	2.0835368811497306
111.938206	2.0835368811497306
111.938206	2.0835368811497306
111.938206	2.0835368811497306
111.986094	2.7910475245899411
111.998265	2.2932438877894636
111.998265	2.2932438877894636
112.010114	2.2971347140380995
112.010114	2.2971347140380995
112.010114	2.2971347140380995
112.010114	2.2971347140380995
112.058199	1.4312416994626189
112.058199	1.4312416994626189
112.070095	1.5375193693376512
112.07011	1.5377745065877324
112.07011	1.5377745065877324
112.07011	1.5377745065877324
112.118203	2.0059307895182017
112.118203	2.0059307895182017
112.118203	2.0059307895182017
112.14213	1.8315162110457019
112.14213	1.8315162110457019
112.14213	1.8315162110457019
112.178231	1.7822298369411278
112.178231	1.7822298369411278
112.178231	1.7822298369411278
112.178231	1.7822298369411278
112.214173	2.2319954910615971
112.22611	2.3236344009713714
112.238206	2.25697455457136
112.238206	2.25697455457136
112.238206	2.25697455457136
112.238206	2.25697455457136
112.238206	2.25697455457136
112.238206	2.25697455457136
112.298208	1.5835734543649851
112.298208	1.5835734543649851
112.310171	1.7462994640894067
112.310171	1.7462994640894067
112.310171	1.7462994640894067
112.310171	1.7462994640894067
112.358206	1.9566439087553131
112.358206	1.9566439087553131
112.370109	1.9490737515540328
112.370109	1.9490737515540328
112.370109	1.9490737515540328
112.370109	1.9490737515540328
112.418202	2.0504271652596406
112.418202	2.0504271652596406
112.418202	2.0504271652596406
112.418202	2.0504271652596406
112.418202	2.0504271652596406
112.46611	2.093385632234749
112.478214	1.4803876302349477
112.478214	1.4803876302349477
112.478214	1.4803876302349477
112.478214	1.4803876302349477
112.478214	1.4803876302349477
112.478214	1.4803876302349477
112.538296	1.9497362328577375
112.538296	1.9497362328577375
112.538296	1.9497362328577375
112.538296	1.9497362328577375
112.538296	1.9497362328577375
112.538296	1.9497362328577375
112.598238	1.610545234788832
112.598238	1.610545234788832
112.598238	1.610545234788832
112.598238	1.610545234788832
112.598238	1.610545234788832
112.598238	1.610545234788832
112.658311	1.8988882673871192
112.658311	1.8988882673871192
112.658311	1.8988882673871192
112.658311	1.8988882673871192
112.694192	1.74630542812094
112.694192	1.74630542812094
112.718204	1.9958149426338554
112.718204	1.9958149426338554
112.718204	1.9958149426338554
112.718204	1.9958149426338554
112.718204	1.9958149426338554
112.766109	2.151798983211556
112.778207	1.8355953719116336
112.778207	1.8355953719116336
112.778207	1.8355953719116336
112.778207	1.8355953719116336
112.778207	1.8355953719116336
112.778207	1.8355953719116336
112.83821	1.7294562669442626
112.83821	1.7294562669442626
112.83821	1.7294562669442626
112.862109	1.8429690135783887
112.862109	1.8429690135783887
112.862109	1.8429690135783887
112.898204	2.8457419314687042
112.898204	2.8457419314687042
112.898204	2.8457419314687042
112.898204	2.8457419314687042
112.898204	2.8457419314687042
112.946109	2.0126041583539793
112.958209	1.7950104633541237
112.958209	1.7950104633541237
112.958209	1.7950104633541237
112.98211	1.6349967861402273
112.98211	1.6349967861402273
112.98211	1.6349967861402273
113.018204	1.8935621245381344
113.018204	1.8935621245381344
113.018204	1.8935621245381344
113.018204	1.8935621245381344
113.054269	2.4772300813121966
113.066109	1.8520791094498787
113.078224	1.9649497184499807
113.078239	1.9650894674498927
113.078239	1.9650894674498927
113.078239	1.9650894674498927
113.114188	1.9269180412285416
113.114188	1.9269180412285416
113.138219	2.1025713031066697
113.138219	2.1025713031066697
113.138219	2.1025713031066697
113.138219	2.1025713031066697
113.138219	2.1025713031066697
113.138219	2.1025713031066697
113.198223	9.255098171257524
113.198223	9.255098171257524
113.210124	5.7738229627545374
113.210124	5.7738229627545374
113.210124	5.7738229627545374
113.210124	5.7738229627545374
113.258222	1.8813831182865932
113.258222	1.8813831182865932
113.258222	1.8813831182865932
113.282124	1.4965294780180625
113.282124	1.4965294780180625
113.282124	1.4965294780180625
113.318321	1.6519792103327482
113.318321	1.6519792103327482
113.318321	1.6519792103327482
113.318321	1.6519792103327482
113.318321	1.6519792103327482
113.318321	1.6519792103327482
113.378245	2.1216702770978442
113.378245	2.1216702770978442
113.378245	2.1216702770978442
113.378245	2.1216702770978442
113.378245	2.1216702770978442
113.378245	2.1216702770978442
113.438228	2.1596335207592099
113.438228	2.1596335207592099
113.45021	1.9580253203650924
113.45021	1.9580253203650924
113.45021	1.9580253203650924
113.45021	1.9580253203650924
113.498241	1.9341626727509726
113.498241	1.9341626727509726
113.498241	1.9341626727509726
113.498241	1.9341626727509726
113.534195	2.3640328986075794
113.546125	2.3544720373893564
113.558224	2.1090885886894677
113.558224	2.1090885886894677
113.558224	2.1090885886894677
113.558224	2.1090885886894677
113.558224	2.1090885886894677
113.558224	2.1090885886894677
113.558224	2.1090885886894677
113.558224	2.1090885886894677
113.558224	2.1090885886894677
113.558224	2.1090885886894677
113.558224	2.1090885886894677
113.618222	2.9190174603414434
113.678221	2.3540423602826364
113.678221	2.3540423602826364
113.678221	2.3540423602826364
113.702124	1.7718841559957197
113.702124	1.7718841559957197
113.726124	1.8077224494446145
113.738218	1.9060690433446725
113.738218	1.9060690433446725
113.738218	1.9060690433446725
113.738218	1.9060690433446725
113.738218	1.9060690433446725
113.786125	2.2484406247729782
113.79822	1.7490259797727887
113.79822	1.7490259797727887
113.79822	1.7490259797727887
113.79822	1.7490259797727887
113.834188	2.0577138148380905
113.846217	2.0483130437560586
113.858227	1.9524900577560107
113.858227	1.9524900577560107
113.858227	1.9524900577560107
113.882167	2.2378259558889866
113.894191	1.9957587878887186
113.906125	1.8501326062241228
113.918219	1.793504265324156
113.918219	1.793504265324156
113.918219	1.793504265324156
113.942124	2.4448090187342646
113.942124	2.4448090187342646
113.966124	1.650259598257132
113.978314	1.7762194777571974
113.978314	1.7762194777571974
113.990124	1.6598169059268393
114.002124	1.6060245014001071
114.002124	1.6060245014001071
114.026124	2.1727619321282789
114.03822	2.0162584409282522
114.03822	2.0162584409282522
114.050243	2.068102281440547
114.050243	2.068102281440547
114.050243	2.068102281440547
114.050243	2.068102281440547
114.098247	1.4680895014350792
114.098247	1.4680895014350792
114.110247	1.5923186622542567
114.110247	1.5923186622542567
114.110247	1.5923186622542567
114.110247	1.5923186622542567
114.158252	1.8893292842025009
114.158252	1.8893292842025009
114.158252	1.8893292842025009
114.158252	1.8893292842025009
114.158252	1.8893292842025009
114.206139	1.5505859312540999
114.218235	1.7763922448544041
114.218235	1.7763922448544041
114.218235	1.7763922448544041
114.218235	1.7763922448544041
114.218235	1.7763922448544041
114.266138	2.4117813020496124
114.278326	1.8661653718491025
114.278326	1.8661653718491025
114.278326	1.8661653718491025
114.278326	1.8661653718491025
114.278326	1.8661653718491025
114.278326	1.8661653718491025
114.338239	1.6129243639422843
114.338239	1.6129243639422843
114.338239	1.6129243639422843
114.338239	1.6129243639422843
114.338239	1.6129243639422843
114.338239	1.6129243639422843
114.398232	2.063123968900813
114.398232	2.063123968900813
114.398232	2.063123968900813
114.398232	2.063123968900813
114.434206	1.5702818821618068
114.446139	1.6084795730655119
114.458259	1.9645785050654627
114.458259	1.9645785050654627
114.458259	1.9645785050654627
114.458259	1.9645785050654627
114.494202	1.8332773557786644
114.494202	1.8332773557786644
114.518251	1.879558818939298
114.518251	1.879558818939298
114.530138	1.6490047436735467
114.530138	1.6490047436735467
114.530138	1.6490047436735467
114.530138	1.6490047436735467
114.578238	1.6603272998910974
114.578238	1.6603272998910974
114.578238	1.6603272998910974
114.578238	1.6603272998910974
114.578238	1.6603272998910974
114.578238	1.6603272998910974
114.638316	2.0607594697008591
114.638316	2.0607594697008591
114.638316	2.0607594697008591
114.638316	2.0607594697008591
114.638316	2.0607594697008591
114.638316	2.0607594697008591
114.698233	3.381354979884966
114.698233	3.381354979884966
114.698233	3.381354979884966
114.698233	3.381354979884966
114.734209	2.887580380142031
114.746138	2.831662472931292
114.758239	1.8353181672309908
114.758239	1.8353181672309908
114.770227	1.7433146664795389
114.770227	1.7433146664795389
114.770227	1.7433146664795389
114.806141	1.7955949797665673
114.806141	1.7955949797665673
114.806141	1.7955949797665673
114.806141	1.7955949797665673
114.806141	1.7955949797665673
114.806141	1.7955949797665673
114.818233	1.6185783779663891
114.878238	1.6049268235976004
114.878238	1.6049268235976004
114.878238	1.6049268235976004
114.878238	1.6049268235976004
114.878238	1.6049268235976004
114.878238	1.6049268235976004
114.938236	2.3674253178170628
114.938236	2.3674253178170628
114.938236	2.3674253178170628
114.938236	2.3674253178170628
114.938236	2.3674253178170628
114.986139	1.651639017365816
114.998237	1.7905325259659448
114.998237	1.7905325259659448
114.998237	1.7905325259659448
114.998237	1.7905325259659448
114.998237	1.7905325259659448
114.998237	1.7905325259659448
114.998237	1.7905325259659448
114.998237	1.7905325259659448
115.058257	1.8935472279449577
115.082139	2.0519039410145017
115.082155	2.0516662594144686
115.106154	1.939047581042856
115.106154	1.939047581042856
115.106154	1.939047581042856
115.106154	1.939047581042856
115.106154	1.939047581042856
115.106154	1.939047581042856
115.118254	2.238835366042657
115.178288	2.1798765024956337
115.178288	2.1798765024956337
115.178288	2.1798765024956337
115.178288	2.1798765024956337
115.214227	2.8303130962994958
115.226155	2.7489956758448768
115.23825	1.9029836870955497
115.23825	1.9029836870955497
115.250154	1.8362640899317315
115.250154	1.8362640899317315
115.250154	1.8362640899317315
115.250154	1.8362640899317315
115.298341	1.9611611526410881
115.298341	1.9611611526410881
115.298341	1.9611611526410881
115.298341	1.9611611526410881
115.334228	1.8117792189546835
115.334228	1.8117792189546835
115.358256	1.4536488095003728
115.358256	1.4536488095003728
115.358256	1.4536488095003728
115.382155	2.9190550332944882
115.382155	2.9190550332944882
115.406154	2.4335990162374448
115.418247	2.7190500486873366
115.418247	2.7190500486873366
115.418247	2.7190500486873366
115.418247	2.7190500486873366
115.454232	1.7030707231910274
115.454232	1.7030707231910274
115.478262	2.1669130439510953
115.478262	2.1669130439510953
115.478262	2.1669130439510953
115.478262	2.1669130439510953
115.478262	2.1669130439510953
115.478262	2.1669130439510953
115.538272	2.0822315518854171
115.538272	2.0822315518854171
115.538272	2.0822315518854171
115.538272	2.0822315518854171
115.574234	1.8818126528530172
115.574234	1.8818126528530172
115.598252	1.7165523197617689
115.598252	1.7165523197617689
115.610154	1.7278598825130975
115.622155	1.757049409019539
115.634219	1.797195988219531
115.634219	1.797195988219531
115.658252	1.7146781873672374
115.658252	1.7146781873672374
115.670176	1.9506645745418076
115.682154	2.1309798885447901
115.682154	2.1309798885447901
115.682154	2.1309798885447901
115.718269	2.1958231091729532
115.718269	2.1958231091729532
115.718269	2.1958231091729532
115.718269	2.1958231091729532
115.718269	2.1958231091729532
115.718269	2.1958231091729532
115.778255	2.0841438955725247
115.778255	2.0841438955725247
115.778255	2.0841438955725247
115.802175	1.3949942389801031
115.802175	1.3949942389801031
115.802175	1.3949942389801031
115.83825	1.9042909749400376
115.83825	1.9042909749400376
115.83825	1.9042909749400376
115.83825	1.9042909749400376
115.874225	4.5664761105381553
115.886154	3.9430968085940954
115.898247	1.6848868722449484
115.898247	1.6848868722449484
115.898247	1.6848868722449484
115.898247	1.6848868722449484
115.898247	1.6848868722449484
115.898247	1.6848868722449484
115.958348	5.8574360266554875
115.958348	5.8574360266554875
115.958348	5.8574360266554875
115.958348	5.8574360266554875
115.958348	5.8574360266554875
115.958348	5.8574360266554875
116.01825	1.9004311375467204
116.01825	1.9004311375467204
116.01825	1.9004311375467204
116.01825	1.9004311375467204
116.01825	1.9004311375467204
116.01825	1.9004311375467204
116.078253	2.1478244949721272
116.078253	2.1478244949721272
116.090227	1.8497784097067718
116.10217	1.631484942045859
116.10217	1.631484942045859
116.10217	1.631484942045859
116.138282	2.0468823285908808
116.138282	2.0468823285908808
116.138282	2.0468823285908808
116.16217	2.3211979527514184
116.174234	1.8193464103515185
116.186171	1.9033197160137485
116.198283	2.5389175064139748
116.198283	2.5389175064139748
116.210171	2.2579920907816913
116.210171	2.2579920907816913
116.210171	2.2579920907816913
116.24617	2.0478044243600331
116.25831	1.7643943033602556
116.25831	1.7643943033602556
116.25831	1.7643943033602556
116.25831	1.7643943033602556
116.294234	2.3091227042473288
116.294234	2.3091227042473288
116.318283	1.7573866264356142
116.318283	1.7573866264356142
116.33019	1.6643767804729115
116.33019	1.6643767804729115
116.33019	1.6643767804729115
116.33019	1.6643767804729115
116.378274	1.7817541084832056
116.378274	1.7817541084832056
116.378274	1.7817541084832056
116.402188	1.8920436260221942
116.414236	1.9364947220222295
116.426171	2.0761686053655382
116.438266	2.308244441615626
116.438266	2.308244441615626
116.438266	2.308244441615626
116.438266	2.308244441615626
116.438266	2.308244441615626
116.486255	2.0804881612077111
116.498268	1.996334092957722
116.498268	1.996334092957722
116.498268	1.996334092957722
116.522174	2.1687568118282496
116.522174	2.1687568118282496
116.522174	2.1687568118282496
116.558267	2.0030198809318946
116.558267	2.0030198809318946
116.558267	2.0030198809318946
116.558267	2.0030198809318946
116.594252	1.7732031889432323
116.594252	1.7732031889432323
116.618344	2.0854423929208799
116.618344	2.0854423929208799
116.63017	2.091120936483656
116.63017	2.091120936483656
116.63017	2.091120936483656
116.66617	1.7067012589895818
116.678275	1.6859133424895685
116.678275	1.6859133424895685
116.678275	1.6859133424895685
116.678275	1.6859133424895685
116.714236	1.6802715851637866
116.714236	1.6802715851637866
116.738264	1.9125067744888509
116.738264	1.9125067744888509
116.738264	1.9125067744888509
116.738264	1.9125067744888509
116.738264	1.9125067744888509
116.738264	1.9125067744888509
116.798264	1.9737373008538952
116.798264	1.9737373008538952
116.798264	1.9737373008538952
116.798264	1.9737373008538952
116.798264	1.9737373008538952
116.798264	1.9737373008538952
116.85831	2.083428085343527
116.85831	2.083428085343527
116.85831	2.083428085343527
116.85831	2.083428085343527
116.85831	2.083428085343527
116.85831	2.083428085343527
116.918268	1.8368086333757632
116.918268	1.8368086333757632
116.918268	1.8368086333757632
116.918268	1.8368086333757632
116.954238	1.849919643569145
116.954238	1.849919643569145
116.978269	2.2779879536349461
116.978269	2.2779879536349461
116.978269	2.2779879536349461
117.00217	1.7358704584984945
117.014301	1.7328989700484947
117.02617	1.8468224596147149
117.038283	2.0732186691650138
117.038283	2.0732186691650138
117.038283	2.0732186691650138
117.06217	2.0498433356060413
117.06217	2.0498433356060413
117.06217	2.0498433356060413
117.09828	1.7969839198110906
117.098296	1.796493343811022
117.098296	1.796493343811022
117.098296	1.796493343811022
117.098296	1.796493343811022
117.098296	1.796493343811022
117.158285	2.0369805331794177
117.158285	2.0369805331794177
117.170186	1.8750504382137279
117.18219	1.7308433804800414
117.18219	1.7308433804800414
117.206187	1.8914665844178862
117.218283	2.317930418017959
117.218283	2.317930418017959
117.218283	2.317930418017959
117.218283	2.317930418017959
117.218283	2.317930418017959
117.266186	1.8165076292237385
117.27836	2.6489754884240191
117.27836	2.6489754884240191
117.27836	2.6489754884240191
117.302186	2.4847605460225539
117.302186	2.4847605460225539
117.302186	2.4847605460225539
117.338281	2.1872884143823592
117.338281	2.1872884143823592
117.338281	2.1872884143823592
117.338281	2.1872884143823592
117.338281	2.1872884143823592
117.338281	2.1872884143823592
117.398287	2.049969219863216
117.398287	2.049969219863216
117.398287	2.049969219863216
117.422186	2.1953704146983455
117.422186	2.1953704146983455
117.422186	2.1953704146983455
117.458283	2.05819443285491
117.458283	2.05819443285491
117.458283	2.05819443285491
117.458283	2.05819443285491
117.494255	2.4693618175725414
117.494255	2.4693618175725414
117.51828	1.8861196497778514
117.51828	1.8861196497778514
117.51828	1.8861196497778514
117.51828	1.8861196497778514
117.51828	1.8861196497778514
117.566186	1.9456477916267689
117.566186	1.9456477916267689
117.566186	1.9456477916267689
117.578288	1.9974516128267739
117.602187	1.8553489569860995
117.614269	2.1180424460859859
117.626186	2.336296688994886
117.638311	2.5198528202448847
117.638311	2.5198528202448847
117.650186	2.6872701988873633
117.650186	2.6872701988873633
117.650186	2.6872701988873633
117.650186	2.6872701988873633
117.698281	2.1680082800572356
117.698281	2.1680082800572356
117.698281	2.1680082800572356
117.722186	2.4809639304623778
117.722186	2.4809639304623778
117.746207	2.2430785175920982
117.758319	3.0949451519924009
117.758319	3.0949451519924009
117.758319	3.0949451519924009
117.758319	3.0949451519924009
117.758319	3.0949451519924009
117.806257	1.6904395384844126
117.818282	1.7561062597343939
117.818282	1.7561062597343939
117.818282	1.7561062597343939
117.818282	1.7561062597343939
117.818282	1.7561062597343939
117.818282	1.7561062597343939
117.878305	1.7625406781136552
117.878305	1.7625406781136552
117.878305	1.7625406781136552
117.902187	1.6312188391979634
117.902187	1.6312188391979634
117.902187	1.6312188391979634
117.938348	1.5118242234634844
117.938348	1.5118242234634844
117.938348	1.5118242234634844
117.938348	1.5118242234634844
117.974254	1.9299331035594707
117.986186	1.872470250471733
117.998283	2.0093647412717281
117.998283	2.0093647412717281
117.998283	2.0093647412717281
117.998283	2.0093647412717281
117.998283	2.0093647412717281
117.998283	2.0093647412717281
118.058299	2.3922387217028631
118.058299	2.3922387217028631
118.058299	2.3922387217028631
118.058299	2.3922387217028631
118.058299	2.3922387217028631
118.058299	2.3922387217028631
118.118304	2.0939812107252078
118.118304	2.0939812107252078
118.130201	2.0170824302810555
118.130201	2.0170824302810555
118.130201	2.0170824302810555
118.130201	2.0170824302810555
118.178316	2.2082255245445133
118.178316	2.2082255245445133
118.190201	2.0230820244603569
118.202271	1.8197963394316259
118.214266	1.879308332431632
118.214266	1.879308332431632
118.238393	2.7940890004578067
118.238393	2.7940890004578067
118.238393	2.7940890004578067
118.262201	3.0259795007597341
118.262201	3.0259795007597341
118.286202	1.9493301768099065
118.298301	1.9680642684098981
118.298301	1.9680642684098981
118.298301	1.9680642684098981
118.298301	1.9680642684098981
118.33434	2.0682945240933961
118.346201	2.0615669491578288
118.358299	1.8873466756576669
118.358299	1.8873466756576669
118.358299	1.8873466756576669
118.382201	1.956915240541331
118.382201	1.956915240541331
118.406221	2.0815933151668875
118.418294	1.8313115740668193
118.418294	1.8313115740668193
118.430201	1.8402856867279074
118.442201	1.899234741097731
118.454294	1.9890984287478026
118.454294	1.9890984287478026
118.478302	2.2225225495671377
118.478302	2.2225225495671377
118.490201	2.3821541713895131
118.502204	2.4286633995374207
118.514265	1.9372071989877895
118.526201	2.0624456622729386
118.538337	2.7649004006729712
118.538337	2.7649004006729712
118.538337	2.7649004006729712
118.538337	2.7649004006729712
118.538337	2.7649004006729712
118.538337	2.7649004006729712
118.598365	2.1002749860680465
118.598365	2.1002749860680465
118.598365	2.1002749860680465
118.598365	2.1002749860680465
118.598365	2.1002749860680465
118.598365	2.1002749860680465
118.658306	1.8830947424955473
118.658306	1.8830947424955473
118.658306	1.8830947424955473
118.658306	1.8830947424955473
118.658306	1.8830947424955473
118.706202	1.8744894526808185
118.718315	1.8386513252308132
118.718315	1.8386513252308132
118.718315	1.8386513252308132
118.718315	1.8386513252308132
118.754271	13.345007990235041
118.754271	13.345007990235041
118.754271	13.345007990235041
118.754271	13.345007990235041
118.754271	13.345007990235041
118.754271	13.345007990235041
118.754271	13.345007990235041
118.778298	2.7821101807224871
118.838294	1.9887010882689131
118.838294	1.9887010882689131
118.838294	1.9887010882689131
118.838294	1.9887010882689131
118.838294	1.9887010882689131
118.838294	1.9887010882689131
118.898299	2.1072623567457947
118.898299	2.1072623567457947
118.910201	1.8410187172721875
118.910201	1.8410187172721875
118.910201	1.8410187172721875
118.946201	2.524122709011102
118.958301	1.8033184490107335
118.958301	1.8033184490107335
118.958301	1.8033184490107335
118.958301	1.8033184490107335
118.958301	1.8033184490107335
118.958301	1.8033184490107335
119.018299	1.4334150086392081
119.018299	1.4334150086392081
119.018299	1.4334150086392081
119.018299	1.4334150086392081
119.054276	2.1352176964678691
119.066233	2.1444812106810285
119.0783	2.3859823051311131
119.0783	2.3859823051311131
119.0783	2.3859823051311131
119.102201	1.8386795554443172
119.114305	1.5510352578440725
119.126296	1.826203755627624
119.138315	2.6098569784283878
119.138315	2.6098569784283878
119.138315	2.6098569784283878
119.138315	2.6098569784283878
119.174283	1.7904870676842641
119.174283	1.7904870676842641
119.198331	1.447715291450828
119.198331	1.447715291450828
119.198331	1.447715291450828
119.222219	1.7262895586107718
119.222219	1.7262895586107718
119.222219	1.7262895586107718
119.258432	1.6571905055165825
119.258432	1.6571905055165825
119.270219	1.7994236686044969
119.282219	1.9230745052064664
119.282219	1.9230745052064664
119.30622	1.8345504751736632
119.318332	2.1535351351737768
119.318332	2.1535351351737768
119.318332	2.1535351351737768
119.318332	2.1535351351737768
119.354287	1.6709889910377203
119.354287	1.6709889910377203
119.378319	1.9363263477965291
119.378319	1.9363263477965291
119.378319	1.9363263477965291
119.378319	1.9363263477965291
119.378319	1.9363263477965291
119.378319	1.9363263477965291
119.438313	2.4247139314105199
119.438313	2.4247139314105199
119.450242	1.8888487934349067
119.462239	1.4128434908316323
119.462239	1.4128434908316323
119.486219	1.9846885152906972
119.498313	2.1499022304906004
119.498313	2.1499022304906004
119.498313	2.1499022304906004
119.498313	2.1499022304906004
119.498313	2.1499022304906004
119.498313	2.1499022304906004
119.558374	2.0100047385961699
119.558374	2.0100047385961699
119.558374	2.0100047385961699
119.558374	2.0100047385961699
119.558374	2.0100047385961699
119.558374	2.0100047385961699
119.618313	1.836952128745253
119.618313	1.836952128745253
119.618313	1.836952128745253
119.618313	1.836952128745253
119.618313	1.836952128745253
119.618313	1.836952128745253
119.678338	1.6894188650052848
119.678338	1.6894188650052848
119.690242	1.8178643129828174
119.702219	1.9308170828754256
119.714285	1.8864033434754008
119.714285	1.8864033434754008
119.738314	2.2962853474573288
119.738314	2.2962853474573288
119.738314	2.2962853474573288
119.738314	2.2962853474573288
119.738314	2.2962853474573288
119.786291	1.9950099644570747
119.798336	2.2774326929571433
119.798336	2.2774326929571433
119.798336	2.2774326929571433
119.798336	2.2774326929571433
119.798336	2.2774326929571433
119.798336	2.2774326929571433
119.858319	2.1319169960802964
119.858319	2.1319169960802964
119.858319	2.1319169960802964
119.858319	2.1319169960802964
119.858319	2.1319169960802964
119.858319	2.1319169960802964
119.918413	1.7657649545921414
119.918413	1.7657649545921414
119.918413	1.7657649545921414
119.918413	1.7657649545921414
119.918413	1.7657649545921414
119.966219	1.8766574987169202
119.978314	1.7272261927168633
119.978314	1.7272261927168633
119.978314	1.7272261927168633
119.978314	1.7272261927168633
119.978314	1.7272261927168633
119.978314	1.7272261927168633
120.038335	1.4984861153958871
120.038335	1.4984861153958871
120.038335	1.4984861153958871
120.062226	1.8580979786390697
120.062226	1.8580979786390697
120.062226	1.8580979786390697
120.062226	1.8580979786390697
120.062242	1.8579534178390493
120.062242	1.8579534178390493
120.098312	2.3587324302441881
120.134307	1.8831060571455462
120.134307	1.8831060571455462
120.158332	3.1052429972992242
120.158332	3.1052429972992242
120.158332	3.1052429972992242
120.158332	3.1052429972992242
120.194311	2.8297320038118023
120.194311	2.8297320038118023
120.21839	1.8515597995893396
120.21839	1.8515597995893396
120.21839	1.8515597995893396
120.21839	1.8515597995893396
120.21839	1.8515597995893396
120.21839	1.8515597995893396
120.21839	1.8515597995893396
120.21839	1.8515597995893396
120.21839	1.8515597995893396
120.278333	2.1932542263327583
120.314367	1.7110456395703317
120.314367	1.7110456395703317
120.338362	1.5797856808604485
120.338362	1.5797856808604485
120.338362	1.5797856808604485
120.362235	1.7139072461769189
120.362235	1.7139072461769189
120.386235	1.9849518462545275
120.398328	2.8806132401052418
120.398328	2.8806132401052418
120.398328	2.8806132401052418
120.398328	2.8806132401052418
120.398328	2.8806132401052418
120.44631	1.8392725692450318
120.458335	2.2712093667454192
120.458335	2.2712093667454192
120.458335	2.2712093667454192
120.458335	2.2712093667454192
120.458335	2.2712093667454192
120.506235	2.1820713920412738
120.518346	1.8125205768914987
120.518346	1.8125205768914987
120.518346	1.8125205768914987
120.542235	2.4098882682195155
120.542235	2.4098882682195155
120.542235	2.4098882682195155
120.578403	1.6835028263004252
120.578403	1.6835028263004252
120.578403	1.6835028263004252
120.578403	1.6835028263004252
120.578403	1.6835028263004252
120.626236	2.1706398371262057
120.638334	2.0406190017262378
120.638334	2.0406190017262378
120.638334	2.0406190017262378
120.638334	2.0406190017262378
120.638334	2.0406190017262378
120.638334	2.0406190017262378
120.69833	2.1904285217018629
120.69833	2.1904285217018629
120.69833	2.1904285217018629
120.69833	2.1904285217018629
120.69833	2.1904285217018629
120.69833	2.1904285217018629
120.758331	1.7717724297918465
120.758331	1.7717724297918465
120.758331	1.7717724297918465
120.758331	1.7717724297918465
120.758331	1.7717724297918465
120.806235	1.8647894855228251
120.818328	1.90480885042281
120.818328	1.90480885042281
120.818328	1.90480885042281
120.818328	1.90480885042281
120.818328	1.90480885042281
120.818328	1.90480885042281
120.878435	1.6297364221855069
120.878435	1.6297364221855069
120.878435	1.6297364221855069
120.878435	1.6297364221855069
120.878435	1.6297364221855069
120.926235	1.7448508597714478
120.938337	1.7823289384714514
120.938337	1.7823289384714514
120.938337	1.7823289384714514
120.938337	1.7823289384714514
120.938337	1.7823289384714514
120.938337	1.7823289384714514
120.998331	2.527799067766292
120.998331	2.527799067766292
120.998331	2.527799067766292
121.022235	1.770179411253533
121.022235	1.770179411253533
121.022235	1.770179411253533
121.058343	1.8379024714298708
121.058343	1.8379024714298708
121.070235	1.8499114740438156
121.070235	1.8499114740438156
121.094296	1.8872927167882192
121.094296	1.8872927167882192
121.118353	1.8479971638387667
121.118369	1.8479713310387631
121.118369	1.8479713310387631
121.118369	1.8479713310387631
121.154318	1.9766421092869142
121.166251	1.8909336635072389
121.178367	1.9035161295072329
121.178367	1.9035161295072329
121.178367	1.9035161295072329
121.178367	1.9035161295072329
121.178367	1.9035161295072329
121.178367	1.9035161295072329
121.238414	1.7551297451320387
121.238414	1.7551297451320387
121.250251	1.7085637730632868
121.250251	1.7085637730632868
121.250251	1.7085637730632868
121.286251	2.4730056075145801
121.298362	2.0648073802643498
121.298362	2.0648073802643498
121.298362	2.0648073802643498
121.322251	1.8472482048826402
121.322251	1.8472482048826402
121.346251	1.9023945695689917
121.358347	1.8488044511689825
121.358347	1.8488044511689825
121.358347	1.8488044511689825
121.358347	1.8488044511689825
121.394323	2.5428563441439311
121.394323	2.5428563441439311
121.41835	2.8793042226461143
121.41835	2.8793042226461143
121.430251	2.3718531727290388
121.430251	2.3718531727290388
121.430251	2.3718531727290388
121.430251	2.3718531727290388
121.478352	2.3637649339870288
121.478352	2.3637649339870288
121.478352	2.3637649339870288
121.478352	2.3637649339870288
121.478352	2.3637649339870288
121.478352	2.3637649339870288
121.538349	2.4022303623680741
121.538349	2.4022303623680741
121.550251	1.8074786258446482
121.550251	1.8074786258446482
121.574316	1.6390334573590224
121.574316	1.6390334573590224
121.598345	1.8731156080406459
121.598345	1.8731156080406459
121.598345	1.8731156080406459
121.598345	1.8731156080406459
121.598345	1.8731156080406459
121.598345	1.8731156080406459
121.658369	1.942386070970062
121.658369	1.942386070970062
121.670254	1.9237158651918984
121.670254	1.9237158651918984
121.670254	1.9237158651918984
121.670254	1.9237158651918984
121.718344	2.3604565385969289
121.718344	2.3604565385969289
121.718344	2.3604565385969289
121.718344	2.3604565385969289
121.718344	2.3604565385969289
121.718344	2.3604565385969289
121.778349	1.825407972421258
121.778349	1.825407972421258
121.778349	1.825407972421258
121.802331	1.7135184980594758
121.814318	1.7295397229094855
121.814318	1.7295397229094855
121.838353	1.8968408884117802
121.838353	1.8968408884117802
121.838353	1.8968408884117802
121.838353	1.8968408884117802
121.838353	1.8968408884117802
121.838353	1.8968408884117802
121.898422	1.6814917736447779
121.898422	1.6814917736447779
121.898422	1.6814917736447779
121.898422	1.6814917736447779
121.898422	1.6814917736447779
121.898422	1.6814917736447779
121.958357	2.4928651728502791
121.958357	2.4928651728502791
121.970303	2.1262089446563959
121.982251	1.6813563376557776
121.982251	1.6813563376557776
122.006251	1.4331867520763222
122.018346	1.6471406498261518
122.018346	1.6471406498261518
122.018346	1.6471406498261518
122.042251	1.593349489548131
122.042251	1.593349489548131
122.042251	1.593349489548131
122.042251	1.593349489548131
122.042251	1.593349489548131
122.042251	1.593349489548131
122.042251	1.593349489548131
122.042251	1.593349489548131
122.078348	1.7710681805316186
122.138434	1.4808019114652353
122.138434	1.4808019114652353
122.138434	1.4808019114652353
122.138434	1.4808019114652353
122.138434	1.4808019114652353
122.186287	1.9883984428151176
122.19837	2.6042248498654472
122.19837	2.6042248498654472
122.19837	2.6042248498654472
122.19837	2.6042248498654472
122.234331	2.1185554982372059
122.246267	2.1679637641823999
122.258382	2.0539949304324305
122.258382	2.0539949304324305
122.258382	2.0539949304324305
122.258382	2.0539949304324305
122.258382	2.0539949304324305
122.306267	2.4308812540731353
122.318403	1.8799456892731095
122.318403	1.8799456892731095
122.318403	1.8799456892731095
122.318403	1.8799456892731095
122.318403	1.8799456892731095
122.318403	1.8799456892731095
122.318403	1.8799456892731095
122.318403	1.8799456892731095
122.318403	1.8799456892731095
122.318403	1.8799456892731095
122.318403	1.8799456892731095
122.378364	2.0639124677142391
122.438364	1.6672877433918274
122.438364	1.6672877433918274
122.438364	1.6672877433918274
122.438364	1.6672877433918274
122.47434	1.3628983409776252
122.486268	1.6162963313123344
122.498359	2.1389086470623555
122.498359	2.1389086470623555
122.498359	2.1389086470623555
122.498359	2.1389086470623555
122.498359	2.1389086470623555
122.498359	2.1389086470623555
122.558441	1.7213129338979378
122.558441	1.7213129338979378
122.558441	1.7213129338979378
122.558441	1.7213129338979378
122.594344	2.0363826399441805
122.594344	2.0363826399441805
122.618382	1.8204878174319687
122.618382	1.8204878174319687
122.618382	1.8204878174319687
122.618382	1.8204878174319687
122.618382	1.8204878174319687
122.618382	1.8204878174319687
122.678364	1.8850494222809677
122.678364	1.8850494222809677
122.678364	1.8850494222809677
122.678364	1.8850494222809677
122.678364	1.8850494222809677
122.678364	1.8850494222809677
122.738367	2.3369595910811856
122.738367	2.3369595910811856
122.750267	2.0707946274245828
122.750267	2.0707946274245828
122.750267	2.0707946274245828
122.750267	2.0707946274245828
122.798364	2.3649009892634627
122.798364	2.3649009892634627
122.798364	2.3649009892634627
122.798364	2.3649009892634627
122.798364	2.3649009892634627
122.798364	2.3649009892634627
122.858368	1.7397918958995575
122.858368	1.7397918958995575
122.870379	1.712074467996288
122.870379	1.712074467996288
122.870379	1.712074467996288
122.870379	1.712074467996288
122.91836	1.994250530115468
122.91836	1.994250530115468
122.91836	1.994250530115468
122.91836	1.994250530115468
122.91836	1.994250530115468
122.966267	1.9650047037250726
122.978379	2.2543682565251757
122.978379	2.2543682565251757
122.978379	2.2543682565251757
122.978379	2.2543682565251757
122.978379	2.2543682565251757
122.978379	2.2543682565251757
123.038363	2.0380828460678764
123.038363	2.0380828460678764
123.038363	2.0380828460678764
123.038363	2.0380828460678764
123.038363	2.0380828460678764
123.038363	2.0380828460678764
123.098364	1.842460390491492
123.098364	1.842460390491492
123.098364	1.842460390491492
123.098364	1.842460390491492
123.134377	2.4536615193523601
123.146284	2.3363937366817464
123.158382	1.8129949381812605
123.158382	1.8129949381812605
123.158382	1.8129949381812605
123.158382	1.8129949381812605
123.194359	1.9808821088773128
123.206284	1.7418506674090461
123.218467	1.7568034724590582
123.218467	1.7568034724590582
123.230284	1.8488864782646963
123.230284	1.8488864782646963
123.230284	1.8488864782646963
123.266284	2.0274118073203384
123.278383	2.2245746915204805
123.278383	2.2245746915204805
123.278383	2.2245746915204805
123.278383	2.2245746915204805
123.314348	1.5106612525539147
123.326284	1.4466597495462223
123.338379	1.6856914202963131
123.338379	1.6856914202963131
123.338379	1.6856914202963131
123.338379	1.6856914202963131
123.338379	1.6856914202963131
123.338379	1.6856914202963131
123.398377	1.7879917783501744
123.398377	1.7879917783501744
123.398377	1.7879917783501744
123.422284	1.6098826022492203
123.434366	1.6900110303491858
123.446285	1.6235619411273601
123.45838	1.4237797548772841
123.45838	1.4237797548772841
123.45838	1.4237797548772841
123.45838	1.4237797548772841
123.45838	1.4237797548772841
123.45838	1.4237797548772841
123.45838	1.4237797548772841
123.45838	1.4237797548772841
123.45838	1.4237797548772841
123.45838	1.4237797548772841
123.45838	1.4237797548772841
123.518422	2.3580641888841152
123.578379	1.9875285045896038
123.578379	1.9875285045896038
123.578379	1.9875285045896038
123.602284	1.6309197341663311
123.614439	2.2286047864167955
123.626283	2.4780410862215003
123.638383	2.431803961221477
123.638383	2.431803961221477
123.650288	2.400212096781559
123.662284	2.4160835101302691
123.674356	2.6267700901303703
123.674356	2.6267700901303703
123.698402	1.8132467972296158
123.698402	1.8132467972296158
123.698402	1.8132467972296158
123.698402	1.8132467972296158
123.734356	2.0684993433788765
123.734356	2.0684993433788765
123.758387	1.7762805024375621
123.758387	1.7762805024375621
123.758387	1.7762805024375621
123.758387	1.7762805024375621
123.758387	1.7762805024375621
123.758387	1.7762805024375621
123.818398	5.2552590551739193
123.818398	5.2552590551739193
123.818398	5.2552590551739193
123.842284	2.0701150931103189
123.842284	2.0701150931103189
123.866284	2.2249333890740752
123.878481	2.020100630174027
123.878481	2.020100630174027
123.890284	2.0599766720477106
123.890284	2.0599766720477106
123.890284	2.0599766720477106
123.926303	2.0605933207907303
123.93838	2.1259932950406935
123.93838	2.1259932950406935
123.93838	2.1259932950406935
123.93838	2.1259932950406935
123.93838	2.1259932950406935
123.986284	2.0332436358159001
123.998381	2.0587979434658989
123.998381	2.0587979434658989
123.998381	2.0587979434658989
124.022284	1.8256804108786961
124.034348	1.9516732076786709
124.034348	1.9516732076786709
124.034348	1.9516732076786709
124.034348	1.9516732076786709
124.034348	1.9516732076786709
124.034348	1.9516732076786709
124.034348	1.9516732076786709
124.058388	2.2497836148979973
124.11838	1.8661009369906376
124.11838	1.8661009369906376
124.142394	2.6500738066028804
124.142394	2.6500738066028804
124.154375	2.3375158748026674
124.154375	2.3375158748026674
124.178421	1.669724804285952
124.178421	1.669724804285952
124.178421	1.669724804285952
124.178421	1.669724804285952
124.178421	1.669724804285952
124.226307	1.7601957054164976
124.238406	1.8663045403664495
124.238406	1.8663045403664495
124.238406	1.8663045403664495
124.238406	1.8663045403664495
124.238406	1.8663045403664495
124.238406	1.8663045403664495
124.238406	1.8663045403664495
124.238406	1.8663045403664495
124.238406	1.8663045403664495
124.238406	1.8663045403664495
124.238406	1.8663045403664495
124.298399	2.3269179561542268
124.358421	2.0249489163735102
124.358421	2.0249489163735102
124.358421	2.0249489163735102
124.358421	2.0249489163735102
124.358421	2.0249489163735102
124.358421	2.0249489163735102
124.358421	2.0249489163735102
124.358421	2.0249489163735102
124.358421	2.0249489163735102
124.358421	2.0249489163735102
124.418402	2.0276742806613166
124.466307	2.0638783311142967
124.478407	1.6898437361141054
124.478407	1.6898437361141054
124.490307	1.7204405681091084
124.490307	1.7204405681091084
124.490307	1.7204405681091084
124.490307	1.7204405681091084
124.538469	2.2930132399173973
124.538469	2.2930132399173973
124.538469	2.2930132399173973
124.538469	2.2930132399173973
124.574373	1.5937016910259711
124.586305	1.6103779515863212
124.598402	1.7469809046863161
124.598402	1.7469809046863161
124.610307	1.8387524864047859
124.610307	1.8387524864047859
124.610307	1.8387524864047859
124.610307	1.8387524864047859
124.658422	2.879352907042926
124.658422	2.879352907042926
124.658422	2.879352907042926
124.658422	2.879352907042926
124.658422	2.879352907042926
124.658422	2.879352907042926
124.658422	2.879352907042926
124.658422	2.879352907042926
124.658422	2.879352907042926
124.718399	1.7202571012736525
124.754376	1.9325587269143985
124.766307	1.8281160164276791
124.778402	2.0291458019277551
124.778402	2.0291458019277551
124.778402	2.0291458019277551
124.778402	2.0291458019277551
124.814372	1.7976189232290707
124.826306	2.040056310370034
124.826306	2.040056310370034
124.826306	2.040056310370034
124.838477	2.4669644807199456
124.862306	1.7339572446248099
124.862306	1.7339572446248099
124.886306	1.9308079888711001
124.886306	1.9308079888711001
124.886306	1.9308079888711001
124.886306	1.9308079888711001
124.886306	1.9308079888711001
124.886306	1.9308079888711001
124.898401	2.1991228641212022
124.958404	1.7234624858221275
124.958404	1.7234624858221275
124.97031	1.7289717520316565
124.97031	1.7289717520316565
124.994378	1.7257876101769416
125.006307	1.6920130042791435
125.0184	1.6594211599791557
125.0184	1.6594211599791557
125.0184	1.6594211599791557
125.0184	1.6594211599791557
125.0184	1.6594211599791557
125.066378	1.7834192811983507
125.078418	1.9363266791983675
125.078418	1.9363266791983675
125.078418	1.9363266791983675
125.078418	1.9363266791983675
125.078418	1.9363266791983675
125.126306	1.958732336990922
125.1384	2.1005181600910054
125.150324	1.9034058056377776
125.150324	1.9034058056377776
125.150324	1.9034058056377776
125.150324	1.9034058056377776
125.150324	1.9034058056377776
125.198506	3.5731104397128544
125.198506	3.5731104397128544
125.210324	2.5539247983728952
125.210324	2.5539247983728952
125.210324	2.5539247983728952
125.246325	1.7947395911800483
125.258431	1.6858709384800012
125.258431	1.6858709384800012
125.258431	1.6858709384800012
125.258431	1.6858709384800012
125.258431	1.6858709384800012
125.306324	1.637907452221139
125.318469	1.3592416417213213
125.318469	1.3592416417213213
125.318469	1.3592416417213213
125.318469	1.3592416417213213
125.318469	1.3592416417213213
125.318469	1.3592416417213213
125.318469	1.3592416417213213
125.37844	2.4341464621820483
125.390325	2.1471016635052647
125.390325	2.1471016635052647
125.390325	2.1471016635052647
125.390325	2.1471016635052647
125.438505	2.180855986096164
125.438505	2.180855986096164
125.438505	2.180855986096164
125.462395	1.8900177073351394
125.462395	1.8900177073351394
125.462395	1.8900177073351394
125.498427	2.166612436436151
125.498427	2.166612436436151
125.498427	2.166612436436151
125.498427	2.166612436436151
125.498427	2.166612436436151
125.498427	2.166612436436151
125.558424	1.4087192669711324
125.558424	1.4087192669711324
125.558424	1.4087192669711324
125.558424	1.4087192669711324
125.558424	1.4087192669711324
125.558424	1.4087192669711324
125.618419	2.1055877485378112
125.618419	2.1055877485378112
125.618419	2.1055877485378112
125.642325	1.889974868507859
125.6544	1.517892799757913
125.6544	1.517892799757913
125.678421	1.7410363432689668
125.678421	1.7410363432689668
125.690324	1.7392700939727905
125.690324	1.7392700939727905
125.690324	1.7392700939727905
125.726399	1.9496334874169536
125.738422	1.9755141972169572
125.738422	1.9755141972169572
125.738422	1.9755141972169572
125.738422	1.9755141972169572
125.738422	1.9755141972169572
125.738422	1.9755141972169572
125.798418	1.7547224428671011
125.798418	1.7547224428671011
125.798418	1.7547224428671011
125.822323	1.7067273833192325
125.822323	1.7067273833192325
125.822323	1.7067273833192325
125.858492	1.5381457941095782
125.858492	1.5381457941095782
125.858492	1.5381457941095782
125.858492	1.5381457941095782
125.858492	1.5381457941095782
125.858492	1.5381457941095782
125.918421	2.0302326904809798
125.918421	2.0302326904809798
125.918421	2.0302326904809798
125.918421	2.0302326904809798
125.918421	2.0302326904809798
125.966323	2.1874202123146618
125.978437	1.8277173932146842
125.978437	1.8277173932146842
125.990394	1.7347995666645506
125.990394	1.7347995666645506
125.990394	1.7347995666645506
125.990394	1.7347995666645506
126.038427	2.1462502979842624
126.038427	2.1462502979842624
126.050324	2.1560944658480987
126.062324	2.1685252716421708
126.062324	2.1685252716421708
126.086324	1.7812571467545226
126.098418	1.7120879325545633
126.098418	1.7120879325545633
126.098418	1.7120879325545633
126.122394	1.9982523563187231
126.122394	1.9982523563187231
126.122394	1.9982523563187231
126.158508	2.0126326769883622
126.158508	2.0126326769883622
126.158508	2.0126326769883622
126.158508	2.0126326769883622
126.158508	2.0126326769883622
126.158508	2.0126326769883622
126.218437	1.9948550379259764
126.218437	1.9948550379259764
126.218437	1.9948550379259764
126.218437	1.9948550379259764
126.254492	2.4814080063449433
126.26634	2.4375204438187761
126.278454	2.1624914562187931
126.278454	2.1624914562187931
126.278454	2.1624914562187931
126.278454	2.1624914562187931
126.278454	2.1624914562187931
126.278454	2.1624914562187931
126.338435	2.5245789045677971
126.338435	2.5245789045677971
126.338435	2.5245789045677971
126.338435	2.5245789045677971
126.338435	2.5245789045677971
126.338435	2.5245789045677971
126.398438	1.5609568582379234
126.398438	1.5609568582379234
126.41034	1.7059405181217897
126.422435	1.8701269818072965
126.434407	1.955799212407314
126.434407	1.955799212407314
126.458464	1.8858191039521754
126.458464	1.8858191039521754
126.458464	1.8858191039521754
126.458464	1.8858191039521754
126.494404	2.5968667390785587
126.50634	2.1545164287235985
126.518518	1.7350677480233156
126.518518	1.7350677480233156
126.518518	1.7350677480233156
126.518518	1.7350677480233156
126.518518	1.7350677480233156
126.56634	1.8398153051178388
126.56634	1.8398153051178388
126.578459	2.0174586368678509
126.590539	2.0988598895449453
126.590539	2.0988598895449453
126.590539	2.0988598895449453
126.590539	2.0988598895449453
126.638438	1.3979589547490854
126.638438	1.3979589547490854
126.638438	1.3979589547490854
126.638438	1.3979589547490854
126.638438	1.3979589547490854
126.638438	1.3979589547490854
126.698444	2.1510905860659721
126.698444	2.1510905860659721
126.698444	2.1510905860659721
126.698444	2.1510905860659721
126.698444	2.1510905860659721
126.698444	2.1510905860659721
126.758444	1.6717914488629275
126.758444	1.6717914488629275
126.758444	1.6717914488629275
126.758444	1.6717914488629275
126.758444	1.6717914488629275
126.758444	1.6717914488629275
126.818438	1.9350197158529743
126.818438	1.9350197158529743
126.818438	1.9350197158529743
126.818438	1.9350197158529743
126.818438	1.9350197158529743
126.86634	1.9491772476603539
126.878464	1.4405415004602515
126.878464	1.4405415004602515
126.878464	1.4405415004602515
126.878464	1.4405415004602515
126.878464	1.4405415004602515
126.878464	1.4405415004602515
126.938435	2.0167461086631748
126.938435	2.0167461086631748
126.938435	2.0167461086631748
126.938435	2.0167461086631748
126.974405	1.942888691144695
126.974405	1.942888691144695
126.99844	1.7163068398561794
126.99844	1.7163068398561794
126.99844	1.7163068398561794
126.99844	1.7163068398561794
126.99844	1.7163068398561794
126.99844	1.7163068398561794
127.05844	2.035652867835148
127.05844	2.035652867835148
127.07034	2.1235970260941381
127.082428	2.1683813529758522
127.094407	1.8384425580754882
127.094407	1.8384425580754882
127.118434	2.1278607381959604
127.118434	2.1278607381959604
127.118434	2.1278607381959604
127.118434	2.1278607381959604
127.154409	2.1639321915636875
127.166355	2.0284478578278886
127.178527	2.1446667224279756
127.178527	2.1446667224279756
127.178527	2.1446667224279756
127.202354	2.1099841694577419
127.202354	2.1099841694577419
127.202354	2.1099841694577419
127.238464	12.311393796554006
127.238464	12.311393796554006
127.238464	12.311393796554006
127.238464	12.311393796554006
127.238464	12.311393796554006
127.238464	12.311393796554006
127.29845	1.785840699854913
127.29845	1.785840699854913
127.29845	1.785840699854913
127.29845	1.785840699854913
127.29845	1.785840699854913
127.346359	1.9892794775993663
127.35846	1.9145963409494313
127.35846	1.9145963409494313
127.35846	1.9145963409494313
127.35846	1.9145963409494313
127.35846	1.9145963409494313
127.35846	1.9145963409494313
127.418469	1.7779464500086244
127.418469	1.7779464500086244
127.418469	1.7779464500086244
127.418469	1.7779464500086244
127.418469	1.7779464500086244
127.418469	1.7779464500086244
127.418469	1.7779464500086244
127.418469	1.7779464500086244
127.418469	1.7779464500086244
127.418469	1.7779464500086244
127.418469	1.7779464500086244
127.478455	2.0083163912468001
127.53845	2.0482347200526725
127.53845	2.0482347200526725
127.53845	2.0482347200526725
127.53845	2.0482347200526725
127.53845	2.0482347200526725
127.586393	1.9641667591584937
127.59845	1.7572698448584758
127.59845	1.7572698448584758
127.59845	1.7572698448584758
127.59845	1.7572698448584758
127.59845	1.7572698448584758
127.646355	1.9126636557059453
127.658474	1.4810721325059153
127.658474	1.4810721325059153
127.670356	1.7092034698253089
127.670356	1.7092034698253089
127.670356	1.7092034698253089
127.706427	2.6285263822923501
127.718451	3.2713480594923019
127.718451	3.2713480594923019
127.718451	3.2713480594923019
127.718451	3.2713480594923019
127.754441	1.9498146651528077
127.754441	1.9498146651528077
127.778479	2.720632441194867
127.778479	2.720632441194867
127.778479	2.720632441194867
127.802356	1.8045757294771878
127.802356	1.8045757294771878
127.802356	1.8045757294771878
127.838526	2.3436713177772686
127.838526	2.3436713177772686
127.838526	2.3436713177772686
127.862356	1.9876509345023909
127.862356	1.9876509345023909
127.886357	1.9779878933583892
127.898455	2.3542151267582963
127.898455	2.3542151267582963
127.898455	2.3542151267582963
127.898455	2.3542151267582963
127.934427	2.6262192442160188
127.934427	2.6262192442160188
127.958454	1.5240379358132017
127.958454	1.5240379358132017
127.958454	1.5240379358132017
127.958454	1.5240379358132017
127.958454	1.5240379358132017
127.958454	1.5240379358132017
128.018449	1.886626161971013
128.018449	1.886626161971013
128.018449	1.886626161971013
128.018449	1.886626161971013
128.018449	1.886626161971013
128.066361	2.0041775030216757
128.078452	1.9628873425717035
128.078452	1.9628873425717035
128.078452	1.9628873425717035
128.078452	1.9628873425717035
128.078452	1.9628873425717035
128.078452	1.9628873425717035
128.078452	1.9628873425717035
128.078452	1.9628873425717035
128.078469	1.962829288421656
128.138454	1.963041814838224
128.174438	1.8626777005588244
128.174438	1.8626777005588244
128.198469	1.6824267956621737
128.198469	1.6824267956621737
128.210373	2.121595971903778
128.210373	2.121595971903778
128.210373	2.121595971903778
128.210373	2.121595971903778
128.25847	3.2450699164408001
128.25847	3.2450699164408001
128.27049	2.5674590439070233
128.282374	2.0372602948477354
128.282374	2.0372602948477354
128.282374	2.0372602948477354
128.318507	1.8705648707554552
128.318507	1.8705648707554552
128.318507	1.8705648707554552
128.318507	1.8705648707554552
128.318507	1.8705648707554552
128.318507	1.8705648707554552
128.37847	1.9007910040049274
128.37847	1.9007910040049274
128.37847	1.9007910040049274
128.37847	1.9007910040049274
128.414439	1.8272811323519162
128.414439	1.8272811323519162
128.438468	1.9685364884312904
128.438468	1.9685364884312904
128.438468	1.9685364884312904
128.462373	1.8435005700856846
128.474446	1.8221760301857191
128.486373	2.0723691051290292
128.498556	2.5694062659296559
128.498556	2.5694062659296559
128.510373	2.1986548547664118
128.510373	2.1986548547664118
128.510373	2.1986548547664118
128.546373	1.5797625439337846
128.558472	1.856451550183787
128.558472	1.856451550183787
128.558472	1.856451550183787
128.582373	1.7990816192143579
128.582373	1.7990816192143579
128.582373	1.7990816192143579
128.618468	1.735091261558515
128.618468	1.735091261558515
128.618468	1.735091261558515
128.618468	1.735091261558515
128.618468	1.735091261558515
128.618468	1.735091261558515
128.678468	1.9672636729122144
128.678468	1.9672636729122144
128.678468	1.9672636729122144
128.678468	1.9672636729122144
128.678468	1.9672636729122144
128.726406	1.7380436981186369
128.73847	1.6146253589186037
128.73847	1.6146253589186037
128.73847	1.6146253589186037
128.73847	1.6146253589186037
128.77446	1.5680107658955766
128.786373	1.8444112082342379
128.798475	2.5077048854338289
128.798475	2.5077048854338289
128.798475	2.5077048854338289
128.822373	1.7067669300245005
128.834438	1.5152416907744894
128.846374	1.5257437253223223
128.858486	1.7134773029222556
128.858486	1.7134773029222556
128.858486	1.7134773029222556
128.882373	1.9128172559076471
128.894507	2.1556519644075869
128.906372	2.1578576050669764
128.918466	1.9533976504672415
128.918466	1.9533976504672415
128.930376	1.719347898642609
128.930376	1.719347898642609
128.930376	1.719347898642609
128.930376	1.719347898642609
128.978469	1.7179694928713443
128.978469	1.7179694928713443
128.978469	1.7179694928713443
128.978469	1.7179694928713443
129.014437	1.7203809157600323
129.014437	1.7203809157600323
129.038494	3.0369530786711048
129.038494	3.0369530786711048
129.038494	3.0369530786711048
129.038494	3.0369530786711048
129.074448	1.5741049517309449
129.086373	1.7053715158950531
129.098469	2.3195277718940002
129.098469	2.3195277718940002
129.098469	2.3195277718940002
129.098469	2.3195277718940002
129.098469	2.3195277718940002
129.098469	2.3195277718940002
129.158538	1.7962600374848825
129.158555	1.7962267812348554
129.158555	1.7962267812348554
129.158555	1.7962267812348554
129.194471	1.7130947933922773
129.20639	1.776539801539964
129.218489	1.8392592026899646
129.218489	1.8392592026899646
129.218489	1.8392592026899646
129.242397	2.0334750960802102
129.242397	2.0334750960802102
129.242397	2.0334750960802102
129.278512	1.819440154940362
129.278512	1.819440154940362
129.278512	1.819440154940362
129.278512	1.819440154940362
129.278512	1.819440154940362
129.278512	1.819440154940362
129.338483	2.0477462789343828
129.338483	2.0477462789343828
129.35039	2.0011638889680228
129.36239	1.9445157499475063
129.36239	1.9445157499475063
129.386411	1.9182653695628162
129.398485	2.0968392258624906
129.398485	2.0968392258624906
129.398485	2.0968392258624906
129.42246	2.0104258860527047
129.434457	2.0936142837527179
129.434457	2.0936142837527179
129.45853	1.5659640587685097
129.45853	1.5659640587685097
129.45853	1.5659640587685097
129.45853	1.5659640587685097
129.45853	1.5659640587685097
129.45853	1.5659640587685097
129.518486	1.4250384155240907
129.518486	1.4250384155240907
129.518486	1.4250384155240907
129.518486	1.4250384155240907
129.518486	1.4250384155240907
129.56639	1.8927944537719301
129.578486	2.3291050361711823
129.578486	2.3291050361711823
129.578486	2.3291050361711823
129.578486	2.3291050361711823
129.578486	2.3291050361711823
129.62639	2.0137277735183954
129.638483	2.0434602279684331
129.638483	2.0434602279684331
129.638483	2.0434602279684331
129.638483	2.0434602279684331
129.638483	2.0434602279684331
129.638483	2.0434602279684331
129.698486	1.8795712174097352
129.698486	1.8795712174097352
129.698486	1.8795712174097352
129.698486	1.8795712174097352
129.73448	1.9517919241574613
129.74639	1.8519278517480415
129.758485	1.4415057977476953
129.758485	1.4415057977476953
129.758485	1.4415057977476953
129.758485	1.4415057977476953
129.758485	1.4415057977476953
129.80639	2.0047445458206727
129.818563	2.532486092671201
129.818563	2.532486092671201
129.818563	2.532486092671201
129.818563	2.532486092671201
129.818563	2.532486092671201
129.818563	2.532486092671201
129.878486	1.8499783336764186
129.878486	1.8499783336764186
129.89039	1.8165057574797261
129.89039	1.8165057574797261
129.89039	1.8165057574797261
129.89039	1.8165057574797261
129.938484	5.1049557814929365
129.938484	5.1049557814929365
129.938484	5.1049557814929365
129.938484	5.1049557814929365
129.938484	5.1049557814929365
129.938484	5.1049557814929365
129.998541	1.9121713528030104
129.998541	1.9121713528030104
129.998541	1.9121713528030104
129.998541	1.9121713528030104
129.998541	1.9121713528030104
130.04639	2.0157817979852024
130.058497	1.9911827953852432
130.058497	1.9911827953852432
130.058497	1.9911827953852432
130.058497	1.9911827953852432
130.094455	2.1218801432022647
130.094455	2.1218801432022647
130.118487	1.8367694471781042
130.118487	1.8367694471781042
130.13046	1.929155522088803
130.14239	2.0970849676540384
130.154459	2.3539525119038385
130.154459	2.3539525119038385
130.17851	2.0892516838511295
130.17851	2.0892516838511295
130.190407	2.035913600784407
130.190407	2.035913600784407
130.190407	2.035913600784407
130.226407	2.6719560972004923
130.23851	2.2515626282508396
130.23851	2.2515626282508396
130.23851	2.2515626282508396
130.23851	2.2515626282508396
130.23851	2.2515626282508396
130.286406	1.9719672183714163
130.298504	1.5855946021713323
130.298504	1.5855946021713323
130.298504	1.5855946021713323
130.298504	1.5855946021713323
130.298504	1.5855946021713323
130.346478	1.9241519205159241
130.358529	1.7818018932158342
130.358529	1.7818018932158342
130.370802	1.77707730240833
130.370802	1.77707730240833
130.370802	1.77707730240833
130.370802	1.77707730240833
130.418501	1.8086127086493899
130.418501	1.8086127086493899
130.418501	1.8086127086493899
130.418501	1.8086127086493899
130.454482	2.2381810390609767
130.466407	2.2277837390001851
130.478579	1.9698401924004756
130.478579	1.9698401924004756
130.478579	1.9698401924004756
130.502407	1.451119411875748
130.502407	1.451119411875748
130.526427	1.8298874447713636
130.538501	1.9521499761711405
130.538501	1.9521499761711405
130.538501	1.9521499761711405
130.538501	1.9521499761711405
130.538501	1.9521499761711405
130.538501	1.9521499761711405
130.5985	1.8271328499908455
130.5985	1.8271328499908455
130.5985	1.8271328499908455
130.5985	1.8271328499908455
130.5985	1.8271328499908455
130.64641	1.6148370387134867
130.658523	1.9854930217632778
130.658523	1.9854930217632778
130.658523	1.9854930217632778
130.658523	1.9854930217632778
130.658523	1.9854930217632778
130.706407	1.9626574628637274
130.718502	1.7257043178640843
130.718502	1.7257043178640843
130.718502	1.7257043178640843
130.718502	1.7257043178640843
130.718502	1.7257043178640843
130.718502	1.7257043178640843
130.7786	1.773553239864301
130.7786	1.773553239864301
130.7786	1.773553239864301
130.7786	1.773553239864301
130.7786	1.773553239864301
130.826407	1.8230696362353667
130.838503	2.061388657035518
130.838503	2.061388657035518
130.838503	2.061388657035518
130.838503	2.061388657035518
130.838503	2.061388657035518
130.886407	1.9188141298879284
130.898504	1.8974713927879192
130.898504	1.8974713927879192
130.898504	1.8974713927879192
130.922427	2.1050369947438203
130.934481	2.4470288638438218
130.934481	2.4470288638438218
130.958501	1.8498812597218883
130.958501	1.8498812597218883
130.958501	1.8498812597218883
130.958501	1.8498812597218883
130.958501	1.8498812597218883
131.006479	2.109731417042501
131.018505	1.8312910338428368
131.018505	1.8312910338428368
131.018505	1.8312910338428368
131.018505	1.8312910338428368
131.018505	1.8312910338428368
131.018505	1.8312910338428368
131.078526	2.6225201011546213
131.078526	2.6225201011546213
131.078526	2.6225201011546213
131.078526	2.6225201011546213
131.114471	2.1704814433774211
131.114471	2.1704814433774211
131.13857	3.3783148290023108
131.13857	3.3783148290023108
131.150407	2.6725387034253574
131.162407	1.9347321165319431
131.174567	1.992607636531887
131.186445	1.9404241394189989
131.198521	1.7941970630189827
131.198521	1.7941970630189827
131.198521	1.7941970630189827
131.222425	2.174255616403141
131.222425	2.174255616403141
131.246425	2.3479880772617534
131.258526	1.9147517055619301
131.258526	1.9147517055619301
131.258526	1.9147517055619301
131.258526	1.9147517055619301
131.258526	1.9147517055619301
131.258526	1.9147517055619301
131.318568	1.6821785087600716
131.318568	1.6821785087600716
131.318568	1.6821785087600716
131.318568	1.6821785087600716
131.318568	1.6821785087600716
131.318568	1.6821785087600716
131.378521	2.1418177766908126
131.378521	2.1418177766908126
131.378521	2.1418177766908126
131.378521	2.1418177766908126
131.378521	2.1418177766908126
131.378521	2.1418177766908126
131.438522	2.3978292646344008
131.438522	2.3978292646344008
131.438522	2.3978292646344008
131.438522	2.3978292646344008
131.438522	2.3978292646344008
131.486425	1.807094212605443
131.498525	2.0021522626054038
131.498525	2.0021522626054038
131.498525	2.0021522626054038
131.498525	2.0021522626054038
131.498525	2.0021522626054038
131.498525	2.0021522626054038
131.558524	2.2541528853544945
131.558524	2.2541528853544945
131.558524	2.2541528853544945
131.558524	2.2541528853544945
131.594498	1.8592648665008371
131.606425	1.8875370012778145
131.618551	1.9395532971777665
131.618551	1.9395532971777665
131.618551	1.9395532971777665
131.618551	1.9395532971777665
131.618551	1.9395532971777665
131.618551	1.9395532971777665
131.678522	1.8648584381019044
131.678522	1.8648584381019044
131.678522	1.8648584381019044
131.678522	1.8648584381019044
131.678522	1.8648584381019044
131.678522	1.8648584381019044
131.738521	2.0440857877260341
131.738521	2.0440857877260341
131.738521	2.0440857877260341
131.738521	2.0440857877260341
131.738521	2.0440857877260341
131.738521	2.0440857877260341
131.798587	2.0522926936042345
131.798587	2.0522926936042345
131.798587	2.0522926936042345
131.798587	2.0522926936042345
131.798587	2.0522926936042345
131.846425	1.9357523298184915
131.858542	1.5905099190189738
131.858542	1.5905099190189738
131.858542	1.5905099190189738
131.858542	1.5905099190189738
131.858542	1.5905099190189738
131.858542	1.5905099190189738
131.918519	2.0141002537318045
131.918519	2.0141002537318045
131.918519	2.0141002537318045
131.918519	2.0141002537318045
131.918519	2.0141002537318045
131.918519	2.0141002537318045
131.978522	1.8571651042439103
131.978522	1.8571651042439103
131.990426	1.7472217726415324
132.002425	1.6825867488126078
132.002425	1.6825867488126078
132.002425	1.6825867488126078
132.038519	2.1815024445594746
132.038519	2.1815024445594746
132.038519	2.1815024445594746
132.038519	2.1815024445594746
132.038519	2.1815024445594746
132.038519	2.1815024445594746
132.098542	1.975377167455002
132.098542	1.975377167455002
132.098542	1.975377167455002
132.098542	1.975377167455002
132.098542	1.975377167455002
132.146426	1.9985353469582297
132.158553	2.3081594855586043
132.158553	2.3081594855586043
132.158569	2.308567994358298
132.158569	2.308567994358298
132.158569	2.308567994358298
132.206441	1.7931644873072001
132.218534	2.2958106369566531
132.218534	2.2958106369566531
132.218534	2.2958106369566531
132.218534	2.2958106369566531
132.25451	2.9695376170252272
132.25451	2.9695376170252272
132.278535	1.8530060659747793
132.278535	1.8530060659747793
132.278535	1.8530060659747793
132.278535	1.8530060659747793
132.278535	1.8530060659747793
132.278535	1.8530060659747793
132.338546	2.0715738158089434
132.338546	2.0715738158089434
132.338546	2.0715738158089434
132.338546	2.0715738158089434
132.338546	2.0715738158089434
132.338546	2.0715738158089434
132.398538	2.0805351541095716
132.398538	2.0805351541095716
132.398538	2.0805351541095716
132.398538	2.0805351541095716
132.398538	2.0805351541095716
132.398538	2.0805351541095716
132.458616	3.0758657774672393
132.458616	3.0758657774672393
132.458616	3.0758657774672393
132.458616	3.0758657774672393
132.458616	3.0758657774672393
132.506441	1.8388706338692424
132.518547	2.1793603580695478
132.518547	2.1793603580695478
132.518547	2.1793603580695478
132.542441	2.1017912972933543
132.542441	2.1017912972933543
132.542441	2.1017912972933543
132.542441	2.1017912972933543
132.542441	2.1017912972933543
132.542441	2.1017912972933543
132.542441	2.1017912972933543
132.542441	2.1017912972933543
132.57857	2.0868842758596746
132.638549	1.6534407069399968
132.638549	1.6534407069399968
132.638549	1.6534407069399968
132.638549	1.6534407069399968
132.638549	1.6534407069399968
132.638549	1.6534407069399968
132.698536	3.2813107698618929
132.698536	3.2813107698618929
132.698536	3.2813107698618929
132.722518	2.143945803242457
132.722518	2.143945803242457
132.746461	2.3107940030177851
132.758543	1.8360710795183277
132.758543	1.8360710795183277
132.770441	1.9546421313992224
132.782442	2.1985899916999463
132.782442	2.1985899916999463
132.782442	2.1985899916999463
132.818536	1.8361379948969461
132.818536	1.8361379948969461
132.830441	1.8002277237223749
132.830441	1.8002277237223749
132.854577	1.8650418745613737
132.866441	1.9297824724991979
132.878556	2.0317235342490982
132.878556	2.0317235342490982
132.878556	2.0317235342490982
132.878556	2.0317235342490982
132.878556	2.0317235342490982
132.878556	2.0317235342490982
132.93856	2.1437107761228531
132.93856	2.1437107761228531
132.93856	2.1437107761228531
132.93856	2.1437107761228531
132.93856	2.1437107761228531
132.93856	2.1437107761228531
132.998538	1.8321722941121357
132.998538	1.8321722941121357
132.998538	1.8321722941121357
133.022444	2.2017178898933265
133.034508	1.9785037298937924
133.046441	1.9854793954966574
133.05854	2.189461276096659
133.05854	2.189461276096659
133.05854	2.189461276096659
133.05854	2.189461276096659
133.05854	2.189461276096659
133.106441	2.4676916304706547
133.118611	2.1917563524708505
133.118611	2.1917563524708505
133.130441	2.3082782704307112
133.130441	2.3082782704307112
133.130441	2.3082782704307112
133.130441	2.3082782704307112
133.178537	1.8258424548932262
133.178555	1.8255043248935463
133.178555	1.8255043248935463
133.178555	1.8255043248935463
133.178555	1.8255043248935463
133.226467	2.4084281009315811
133.238554	2.0492423480323665
133.238554	2.0492423480323665
133.238554	2.0492423480323665
133.238554	2.0492423480323665
133.238554	2.0492423480323665
133.238554	2.0492423480323665
133.298555	1.8438594837493225
133.298555	1.8438594837493225
133.298555	1.8438594837493225
133.298555	1.8438594837493225
133.298555	1.8438594837493225
133.34646	2.0204979260728999
133.358563	2.1780559903727696
133.358563	2.1780559903727696
133.358563	2.1780559903727696
133.358563	2.1780559903727696
133.358563	2.1780559903727696
133.358563	2.1780559903727696
133.418595	1.9350428042813761
133.418595	1.9350428042813761
133.418595	1.9350428042813761
133.418595	1.9350428042813761
133.418595	1.9350428042813761
133.418595	1.9350428042813761
133.478556	1.7959882195009798
133.478556	1.7959882195009798
133.478556	1.7959882195009798
133.478556	1.7959882195009798
133.478556	1.7959882195009798
133.478556	1.7959882195009798
133.538552	1.7177290280858708
133.538552	1.7177290280858708
133.538552	1.7177290280858708
133.562459	1.7480374169503614
133.574524	1.7488343102003614
133.586459	1.663009041627139
133.598561	1.5015235842272388
133.598561	1.5015235842272388
133.598561	1.5015235842272388
133.598561	1.5015235842272388
133.598561	1.5015235842272388
133.646532	1.8848505063488039
133.658576	1.7716393151488332
133.658576	1.7716393151488332
133.658576	1.7716393151488332
133.658576	1.7716393151488332
133.658576	1.7716393151488332
133.658576	1.7716393151488332
133.658576	1.7716393151488332
133.658576	1.7716393151488332
133.658576	1.7716393151488332
133.658576	1.7716393151488332
133.658576	1.7716393151488332
133.718552	2.5017276794155432
133.778624	2.7023846930109636
133.778624	2.7023846930109636
133.778624	2.7023846930109636
133.802459	1.7261175068959831
133.802459	1.7261175068959831
133.826479	1.8297383496112356
133.838552	1.742309909161377
133.838552	1.742309909161377
133.838552	1.742309909161377
133.838552	1.742309909161377
133.838552	1.742309909161377
133.838552	1.742309909161377
133.898554	2.1470977631813479
133.898554	2.1470977631813479
133.898554	2.1470977631813479
133.922459	1.8612066707955064
133.934533	1.9648529052953172
133.934533	1.9648529052953172
133.958557	1.8709845460098444
133.958557	1.8709845460098444
133.970477	1.8745896007073086
133.982459	1.8750464457726144
133.982459	1.8750464457726144
134.006458	1.9344624809226885
134.018553	2.216367902922264
134.018553	2.216367902922264
134.018553	2.216367902922264
134.018553	2.216367902922264
134.054528	1.6349892015091465
134.066459	1.5964209880456941
134.078656	1.7029251920455195
134.078656	1.7029251920455195
134.078656	1.7029251920455195
134.078656	1.7029251920455195
134.078656	1.7029251920455195
134.078656	1.7029251920455195
134.138554	1.7897178282191253
134.138554	1.7897178282191253
134.138554	1.7897178282191253
134.138554	1.7897178282191253
134.138554	1.7897178282191253
134.138571	1.7891249464186401
134.198579	2.4678105498779583
134.198579	2.4678105498779583
134.198579	2.4678105498779583
134.222522	2.1684796789475764
134.234541	2.279684875497606
134.234541	2.279684875497606
134.258574	1.7858485679494858
134.258574	1.7858485679494858
134.258574	1.7858485679494858
134.258574	1.7858485679494858
134.258574	1.7858485679494858
134.258574	1.7858485679494858
134.318606	1.7419397936971217
134.318606	1.7419397936971217
134.330476	1.8386275834340602
134.330476	1.8386275834340602
134.330476	1.8386275834340602
134.366476	2.083442688127342
134.37858	1.9101975309275212
134.37858	1.9101975309275212
134.37858	1.9101975309275212
134.37858	1.9101975309275212
134.37858	1.9101975309275212
134.37858	1.9101975309275212
134.438728	1.4305623003270513
134.438728	1.4305623003270513
134.438728	1.4305623003270513
134.438728	1.4305623003270513
134.438728	1.4305623003270513
134.438728	1.4305623003270513
134.498571	2.1101921950160891
134.498571	2.1101921950160891
134.498571	2.1101921950160891
134.498571	2.1101921950160891
134.534548	1.6373945733685393
134.546476	1.6407677460291152
134.558593	1.7114522655290165
134.558593	1.7114522655290165
134.558593	1.7114522655290165
134.558593	1.7114522655290165
134.558593	1.7114522655290165
134.606479	3.4122277717702576
134.606479	3.4122277717702576
134.606479	3.4122277717702576
134.606479	3.4122277717702576
134.606479	3.4122277717702576
134.606479	3.4122277717702576
134.606479	3.4122277717702576
134.618577	3.4616874202701524
134.678573	1.7974759236252091
134.690498	2.3419285457504881
134.690498	2.3419285457504881
134.690498	2.3419285457504881
134.690498	2.3419285457504881
134.738573	2.4871930277915228
134.738573	2.4871930277915228
134.750476	2.085696214801084
134.750476	2.085696214801084
134.774541	2.2718830580423939
134.786476	2.5997981196837516
134.798572	2.8087214412838843
134.798572	2.8087214412838843
134.810476	2.2845164079465441
134.810476	2.2845164079465441
134.810476	2.2845164079465441
134.846476	2.5357013217411835
134.846476	2.5357013217411835
134.846476	2.5357013217411835
134.858574	1.8861536527410419
134.882476	2.037969012602324
134.882476	2.037969012602324
134.882476	2.037969012602324
134.918571	2.345338031026833
134.918571	2.345338031026833
134.918571	2.345338031026833
134.918571	2.345338031026833
134.918571	2.345338031026833
134.918571	2.345338031026833
134.978576	1.3580335799073873
134.978576	1.3580335799073873
134.978576	1.3580335799073873
134.978576	1.3580335799073873
134.978576	1.3580335799073873
134.978576	1.3580335799073873
135.038592	2.3673805042091614
135.038592	2.3673805042091614
135.038592	2.3673805042091614
135.038592	2.3673805042091614
135.074546	2.3118816078456477
135.086497	2.5685545687637212
135.098644	2.7328682524636214
135.098644	2.7328682524636214
135.098644	2.7328682524636214
135.098644	2.7328682524636214
135.098644	2.7328682524636214
135.098644	2.7328682524636214
135.158612	1.8441491076063814
135.158612	1.8441491076063814
135.158612	1.8441491076063814
135.158612	1.8441491076063814
135.194567	2.302542634145806
135.206494	1.8731395634637416
135.218629	1.5162419324639043
135.218629	1.5162419324639043
135.218629	1.5162419324639043
135.218629	1.5162419324639043
135.218629	1.5162419324639043
135.218629	1.5162419324639043
135.27859	2.3953839691527987
135.27859	2.3953839691527987
135.27859	2.3953839691527987
135.27859	2.3953839691527987
135.314566	1.4966322916377761
135.326494	1.5313162750762497
135.338596	1.7329658500761251
135.338596	1.7329658500761251
135.338596	1.7329658500761251
135.338596	1.7329658500761251
135.338596	1.7329658500761251
135.338596	1.7329658500761251
135.398631	2.0415039265941406
135.398631	2.0415039265941406
135.398631	2.0415039265941406
135.398631	2.0415039265941406
135.398631	2.0415039265941406
135.398631	2.0415039265941406
135.398631	2.0415039265941406
135.398631	2.0415039265941406
135.398631	2.0415039265941406
135.398631	2.0415039265941406
135.398631	2.0415039265941406
135.458593	1.4068180233129117
135.518607	2.7189228360754867
135.518607	2.7189228360754867
135.518607	2.7189228360754867
135.518607	2.7189228360754867
135.554563	1.4765007296419759
135.566494	1.6129179101841427
135.578589	2.112018085183391
135.578589	2.112018085183391
135.578589	2.112018085183391
135.578589	2.112018085183391
135.578589	2.112018085183391
135.626574	1.8928099527668012
135.638599	2.0740994540166207
135.638599	2.0740994540166207
135.650501	2.0166404418170369
135.650501	2.0166404418170369
135.650501	2.0166404418170369
135.686494	1.9608835118809187
135.698588	1.9085025837809866
135.698588	1.9085025837809866
135.698588	1.9085025837809866
135.698588	1.9085025837809866
135.698588	1.9085025837809866
135.698588	1.9085025837809866
135.758668	1.8958928172065939
135.758668	1.8958928172065939
135.770494	1.8219136001683842
135.782494	1.7037142483137071
135.782494	1.7037142483137071
135.782494	1.7037142483137071
135.818588	2.7421421521228346
135.818588	2.7421421521228346
135.818588	2.7421421521228346
135.842494	2.3712717887660073
135.842494	2.3712717887660073
135.866515	2.6450632622352441
135.878598	1.9003577647344987
135.878598	1.9003577647344987
135.878598	1.9003577647344987
135.902494	1.430863391168208
135.902494	1.430863391168208
135.926497	1.7413786703705714
135.938589	1.7994390129705204
135.938589	1.7994390129705204
135.938589	1.7994390129705204
135.938589	1.7994390129705204
135.974558	2.1002752280829249
135.974558	2.1002752280829249
135.998606	1.4334692218533489
135.998606	1.4334692218533489
135.998606	1.4334692218533489
135.998606	1.4334692218533489
135.998606	1.4334692218533489
135.998606	1.4334692218533489
136.058596	3.3653346299161431
136.058596	3.3653346299161431
136.070493	2.306904013139063
136.070493	2.306904013139063
136.070493	2.306904013139063
136.070493	2.306904013139063
136.118589	1.8631302021118514
136.118589	1.8631302021118514
136.118589	1.8631302021118514
136.118589	1.8631302021118514
136.118589	1.8631302021118514
136.118589	1.8631302021118514
136.178588	2.4045619123712654
136.178588	2.4045619123712654
136.178605	2.4036213270204954
136.202511	2.2115215877308922
136.214576	2.1555430039808892
136.226511	1.9085967134601103
136.238607	1.4965779230598484
136.238607	1.4965779230598484
136.238607	1.4965779230598484
136.238607	1.4965779230598484
136.238607	1.4965779230598484
136.238607	1.4965779230598484
136.238607	1.4965779230598484
136.299167	2.6460169953636639
136.299167	2.6460169953636639
136.299167	2.6460169953636639
136.299167	2.6460169953636639
136.299167	2.6460169953636639
136.358609	4.8709693954494195
136.358609	4.8709693954494195
136.370524	4.158123790834714
136.370524	4.158123790834714
136.370524	4.158123790834714
136.370524	4.158123790834714
136.418676	2.0149258788507276
136.418676	2.0149258788507276
136.430518	2.0069778957905835
136.430518	2.0069778957905835
136.45459	1.8300662054576036
136.466512	1.7275917247723562
136.478611	1.6437807418723556
136.478611	1.6437807418723556
136.478611	1.6437807418723556
136.478611	1.6437807418723556
136.478611	1.6437807418723556
136.478611	1.6437807418723556
136.538635	3.0132939254607476
136.538635	3.0132939254607476
136.538635	3.0132939254607476
136.538635	3.0132939254607476
136.574579	1.9199089438909183
136.574579	1.9199089438909183
136.598609	2.277617138463802
136.598609	2.277617138463802
136.598609	2.277617138463802
136.598609	2.277617138463802
136.598609	2.277617138463802
136.598609	2.277617138463802
136.658617	1.7932204822129798
136.658617	1.7932204822129798
136.658617	1.7932204822129798
136.658617	1.7932204822129798
136.658617	1.7932204822129798
136.658617	1.7932204822129798
136.718626	2.0887148271370628
136.718626	2.0887148271370628
136.718626	2.0887148271370628
136.718626	2.0887148271370628
136.75458	1.978375520998892
136.766511	1.8533498835769726
136.778608	1.6239562871274138
136.778608	1.6239562871274138
136.778608	1.6239562871274138
136.778608	1.6239562871274138
136.814657	1.5489595207532632
136.826511	1.7887986977290993
136.838606	2.355474242478246
136.838606	2.355474242478246
136.838606	2.355474242478246
136.838606	2.355474242478246
136.838606	2.355474242478246
136.838606	2.355474242478246
136.89861	1.7719917035545283
136.89861	1.7719917035545283
136.89861	1.7719917035545283
136.89861	1.7719917035545283
136.89861	1.7719917035545283
136.89861	1.7719917035545283
136.958613	1.7599106333399108
136.958613	1.7599106333399108
136.958613	1.7599106333399108
136.958613	1.7599106333399108
136.994582	2.1560966092288973
137.006511	1.6394189181297381
137.018629	1.409857949729568
137.018629	1.409857949729568
137.018629	1.409857949729568
137.018629	1.409857949729568
137.018629	1.409857949729568
137.066532	1.7030929310336262
137.078679	1.8139555632835584
137.078679	1.8139555632835584
137.078679	1.8139555632835584
137.078679	1.8139555632835584
137.114579	1.5709442054668319
137.114579	1.5709442054668319
137.138607	1.7427623235580465
137.138607	1.7427623235580465
137.138607	1.7427623235580465
137.162511	1.5973811170080874
137.174576	2.4539870682581375
137.186511	2.3725351092903404
137.198624	1.5045665869408293
137.198642	1.5032767798400133
137.198642	1.5032767798400133
137.222529	2.2341214632479574
137.234594	1.8938420129987392
137.234594	1.8938420129987392
137.258632	1.3912571563324145
137.258632	1.3912571563324145
137.258632	1.3912571563324145
137.258632	1.3912571563324145
137.258632	1.3912571563324145
137.258632	1.3912571563324145
137.318641	3.3953095842533423
137.318641	3.3953095842533423
137.318641	3.3953095842533423
137.318641	3.3953095842533423
137.318641	3.3953095842533423
137.318641	3.3953095842533423
137.37863	1.7312738534998926
137.37863	1.7312738534998926
137.37863	1.7312738534998926
137.40253	2.2587611824556433
137.414602	2.1070795204558563
137.426536	2.0489857968052161
137.438623	2.0669809224052194
137.438623	2.0669809224052194
137.450533	1.8046374270621466
137.46255	1.6251742575793822
137.46255	1.6251742575793822
137.486529	2.0158729861460825
137.498624	2.0021977743960711
137.498624	2.0021977743960711
137.498624	2.0021977743960711
137.522529	2.1136703774872356
137.522529	2.1136703774872356
137.546529	1.8497923711451676
137.558632	1.4805449698954725
137.558632	1.4805449698954725
137.558632	1.4805449698954725
137.582529	2.3433400572572896
137.582529	2.3433400572572896
137.582529	2.3433400572572896
137.618626	1.8768810202481478
137.618626	1.8768810202481478
137.630529	2.1972417295970863
137.630529	2.1972417295970863
137.6546	2.1965880099372423
137.6546	2.1965880099372423
137.678625	1.9597782874751892
137.678625	1.9597782874751892
137.678625	1.9597782874751892
137.678625	1.9597782874751892
137.714595	1.5833374990590232
137.72655	2.0926158302122126
137.738764	2.8652563706118279
137.738764	2.8652563706118279
137.738764	2.8652563706118279
137.762529	1.9175491711942001
137.762529	1.9175491711942001
137.762529	1.9175491711942001
137.798624	16.165778824840309
137.798624	16.165778824840309
137.798624	16.165778824840309
137.798624	16.165778824840309
137.798624	16.165778824840309
137.798624	16.165778824840309
137.858645	3.5898155164204244
137.858645	3.5898155164204244
137.870602	2.11018522244055
137.870602	2.11018522244055
137.870602	2.11018522244055
137.870602	2.11018522244055
137.91863	1.8071395350335668
137.91863	1.8071395350335668
137.91863	1.8071395350335668
137.91863	1.8071395350335668
137.91863	1.8071395350335668
137.96653	2.3236902719638444
137.978625	2.1884971999640479
137.978625	2.1884971999640479
137.978625	2.1884971999640479
137.978625	2.1884971999640479
137.978625	2.1884971999640479
137.978625	2.1884971999640479
138.038709	1.4591202174728553
138.038709	1.4591202174728553
138.038709	1.4591202174728553
138.038709	1.4591202174728553
138.074599	2.0332004370647501
138.074599	2.0332004370647501
138.098625	2.6913175438429877
138.098625	2.6913175438429877
138.098625	2.6913175438429877
138.098625	2.6913175438429877
138.098625	2.6913175438429877
138.098625	2.6913175438429877
138.158626	1.7133471614329259
138.158626	1.7133471614329259
138.158626	1.7133471614329259
138.18253	1.5469303725559382
138.194595	1.7623901588054431
138.194612	1.7626937490556915
138.21865	3.2588277602324287
138.21865	3.2588277602324287
138.21865	3.2588277602324287
138.21865	3.2588277602324287
138.254632	1.7612113020303881
138.266623	1.9151572237969432
138.278647	2.0981174137967993
138.278647	2.0981174137967993
138.278647	2.0981174137967993
138.278647	2.0981174137967993
138.278647	2.0981174137967993
138.278647	2.0981174137967993
138.338644	1.9673653454125757
138.338644	1.9673653454125757
138.338644	1.9673653454125757
138.338644	1.9673653454125757
138.338644	1.9673653454125757
138.338644	1.9673653454125757
138.338644	1.9673653454125757
138.338644	1.9673653454125757
138.338644	1.9673653454125757
138.338644	1.9673653454125757
138.338644	1.9673653454125757
138.398738	1.750681293416422
138.458655	1.7394431104868693
138.458655	1.7394431104868693
138.458655	1.7394431104868693
138.458655	1.7394431104868693
138.458655	1.7394431104868693
138.506546	1.6253935948582463
138.518661	1.4532473196080113
138.518661	1.4532473196080113
138.518661	1.4532473196080113
138.542546	2.4811188737711722
138.542546	2.4811188737711722
138.542546	2.4811188737711722
138.578641	2.263105142536423
138.578641	2.263105142536423
138.590566	2.0912437762416909
138.602546	1.9983111857095679
138.602546	1.9983111857095679
138.626546	2.4528987783091147
138.638651	2.071111920308693
138.638651	2.071111920308693
138.638651	2.071111920308693
138.638651	2.071111920308693
138.674618	1.916440043507508
138.686546	1.7283273658934495
138.698727	1.7003616170434679
138.698727	1.7003616170434679
138.698727	1.7003616170434679
138.698727	1.7003616170434679
138.698727	1.7003616170434679
138.698727	1.7003616170434679
138.758646	1.4514446283333793
138.758646	1.4514446283333793
138.770546	2.007073372956754
138.770546	2.007073372956754
138.770546	2.007073372956754
138.770546	2.007073372956754
138.818641	1.9623836649884976
138.818641	1.9623836649884976
138.83055	1.9200307024839571
138.83055	1.9200307024839571
138.83055	1.9200307024839571
138.866547	2.0812867697404331
138.878644	2.9143182467907884
138.878644	2.9143182467907884
138.878644	2.9143182467907884
138.878644	2.9143182467907884
138.878644	2.9143182467907884
138.878644	2.9143182467907884
138.938664	2.25371851350917
138.938664	2.25371851350917
138.938664	2.25371851350917
138.938664	2.25371851350917
138.938664	2.25371851350917
138.986567	2.1599613681743728
138.998641	2.4907201463737696
138.998641	2.4907201463737696
138.998641	2.4907201463737696
138.998641	2.4907201463737696
138.998641	2.4907201463737696
138.998641	2.4907201463737696
139.058713	1.4031324145593169
139.058713	1.4031324145593169
139.058713	1.4031324145593169
139.058713	1.4031324145593169
139.094614	1.9502979641199356
139.106611	1.9145920427197038
139.118663	1.7758765357196451
139.118663	1.7758765357196451
139.118663	1.7758765357196451
139.118663	1.7758765357196451
139.118663	1.7758765357196451
139.118663	1.7758765357196451
139.17865	1.8448513074419259
139.17865	1.8448513074419259
139.17865	1.8448513074419259
139.17865	1.8448513074419259
139.178668	1.8444513033423044
139.226568	2.4273810607138078
139.226568	2.4273810607138078
139.226568	2.4273810607138078
139.226568	2.4273810607138078
139.226568	2.4273810607138078
139.23866	2.0218830959132115
139.286564	1.8240339217223251
139.298659	1.4558917544728796
139.298659	1.4558917544728796
139.310564	1.5943783002431213
139.322636	1.8011536600446301
139.322636	1.8011536600446301
139.322636	1.8011536600446301
139.358666	2.6713238890759006
139.358666	2.6713238890759006
139.358666	2.6713238890759006
139.358666	2.6713238890759006
139.358666	2.6713238890759006
139.406564	1.5299080692624407
139.418673	1.8329394269625225
139.418673	1.8329394269625225
139.430564	1.8825322358038521
139.442564	1.9288332974306048
139.454705	2.0787788967803493
139.454705	2.0787788967803493
139.478661	2.3841497947814219
139.478661	2.3841497947814219
139.490567	2.1670204141457154
139.490567	2.1670204141457154
139.490567	2.1670204141457154
139.490567	2.1670204141457154
139.490567	2.1670204141457154
139.490567	2.1670204141457154
139.490567	2.1670204141457154
139.490567	2.1670204141457154
139.490567	2.1670204141457154
139.538661	1.9983837895191257
139.598682	2.2431454447340231
139.598682	2.2431454447340231
139.610629	1.9584422668821517
139.610629	1.9584422668821517
139.634641	1.4328366621583468
139.646566	1.5032522600596705
139.658698	1.8078867800590082
139.658698	1.8078867800590082
139.658698	1.8078867800590082
139.658698	1.8078867800590082
139.658698	1.8078867800590082
139.658698	1.8078867800590082
139.718737	1.9509637449259616
139.718737	1.9509637449259616
139.718737	1.9509637449259616
139.742565	14.865293591753881
139.742565	14.865293591753881
139.742565	14.865293591753881
139.778678	2.4131351385737068
139.778678	2.4131351385737068
139.790586	2.902627116196618
139.802565	3.1270285628460357
139.802565	3.1270285628460357
139.802565	3.1270285628460357
139.838662	1.5490969930514824
139.838662	1.5490969930514824
139.838662	1.5490969930514824
139.838662	1.5490969930514824
139.838662	1.5490969930514824
139.838662	1.5490969930514824
139.898659	1.8241781855434123
139.898659	1.8241781855434123
139.898659	1.8241781855434123
139.898659	1.8241781855434123
139.898659	1.8241781855434123
139.946566	1.6456121672107407
139.958664	1.7045197488107535
139.958664	1.7045197488107535
139.958664	1.7045197488107535
139.958664	1.7045197488107535
139.958664	1.7045197488107535
140.006565	1.9752129472357707
140.018742	1.8957294062857573
140.018742	1.8957294062857573
140.018742	1.8957294062857573
140.018742	1.8957294062857573
140.018742	1.8957294062857573
140.018742	1.8957294062857573
140.078662	1.6010671358605317
140.078662	1.6010671358605317
140.078662	1.6010671358605317
140.078662	1.6010671358605317
140.078662	1.6010671358605317
140.078662	1.6010671358605317
140.138659	1.9810485096615515
140.138659	1.9810485096615515
140.138659	1.9810485096615515
140.138659	1.9810485096615515
140.174629	1.984155074242185
140.186586	2.0596437547898261
140.198668	2.0010678023898931
140.198668	2.0010678023898931
140.198668	2.0010678023898931
140.222583	2.2224539508804142
140.222583	2.2224539508804142
140.222583	2.2224539508804142
140.25869	1.7733646644222598
140.25869	1.7733646644222598
140.25869	1.7733646644222598
140.25869	1.7733646644222598
140.25869	1.7733646644222598
140.25869	1.7733646644222598
140.318747	1.5306113523696903
140.318747	1.5306113523696903
140.330583	1.7481403001448599
140.342583	2.3971154726403521
140.342583	2.3971154726403521
140.342583	2.3971154726403521
140.378755	2.2430160911669095
140.378755	2.2430160911669095
140.378755	2.2430160911669095
140.378755	2.2430160911669095
140.378755	2.2430160911669095
140.378755	2.2430160911669095
140.438686	2.3250062191659984
140.438686	2.3250062191659984
140.438686	2.3250062191659984
140.438686	2.3250062191659984
140.438686	2.3250062191659984
140.438686	2.3250062191659984
140.498678	2.2410265066500927
140.498678	2.2410265066500927
140.498678	2.2410265066500927
140.522583	2.0366333082512234
140.522583	2.0366333082512234
140.522583	2.0366333082512234
140.55868	2.4236489140384818
140.55868	2.4236489140384818
140.55868	2.4236489140384818
140.55868	2.4236489140384818
140.594653	2.6520725064783046
140.594653	2.6520725064783046
140.61868	1.4317221018975144
140.61868	1.4317221018975144
140.61868	1.4317221018975144
140.61868	1.4317221018975144
140.61868	1.4317221018975144
140.61868	1.4317221018975144
140.61868	1.4317221018975144
140.61868	1.4317221018975144
140.61868	1.4317221018975144
140.61868	1.4317221018975144
140.61868	1.4317221018975144
140.678777	2.1919715220647427
140.738677	1.735997157213891
140.738677	1.735997157213891
140.750585	1.9397036352955033
140.750585	1.9397036352955033
140.750585	1.9397036352955033
140.750585	1.9397036352955033
140.750585	1.9397036352955033
140.750585	1.9397036352955033
140.750585	1.9397036352955033
140.798678	1.833987631569701
140.834649	2.1061568950719773
140.846593	1.7450450793162509
140.858683	1.5142826448163573
140.858683	1.5142826448163573
140.858683	1.5142826448163573
140.858683	1.5142826448163573
140.858683	1.5142826448163573
140.858683	1.5142826448163573
140.858683	1.5142826448163573
140.858683	1.5142826448163573
140.858683	1.5142826448163573
140.858683	1.5142826448163573
140.858683	1.5142826448163573
140.918681	2.2780753638665705
140.978679	1.8418086767136468
140.978679	1.8418086767136468
140.978679	1.8418086767136468
141.002584	1.707220466051574
141.002584	1.707220466051574
141.002584	1.707220466051574
141.038746	1.9030962698702356
141.038746	1.9030962698702356
141.038746	1.9030962698702356
141.038746	1.9030962698702356
141.038746	1.9030962698702356
141.086586	1.8947636500082599
141.0987	1.9556365000082128
141.0987	1.9556365000082128
141.0987	1.9556365000082128
141.0987	1.9556365000082128
141.0987	1.9556365000082128
141.0987	1.9556365000082128
141.158686	1.9473693175140403
141.158686	1.9473693175140403
141.158686	1.9473693175140403
141.158686	1.9473693175140403
141.194654	1.6949451618830356
141.194654	1.6949451618830356
141.218685	4.798865685763662
141.230601	3.2628323601402212
141.230601	3.2628323601402212
141.230601	3.2628323601402212
141.254668	2.2453216978574542
141.254668	2.2453216978574542
141.278709	1.8032650054978721
141.278709	1.8032650054978721
141.290601	1.6224024280301614
141.290601	1.6224024280301614
141.314669	1.7834331036293496
141.314669	1.7834331036293496
141.314669	1.7834331036293496
141.338794	1.6315720942795464
141.350601	1.7960149022757357
141.3626	1.9387733199900454
141.3626	1.9387733199900454
141.3626	1.9387733199900454
141.398696	1.4124499323677469
141.398696	1.4124499323677469
141.398696	1.4124499323677469
141.398696	1.4124499323677469
141.398696	1.4124499323677469
141.446602	2.0668412679721406
141.458705	1.836085469972331
141.458705	1.836085469972331
141.470814	1.8885685703101773
141.470814	1.8885685703101773
141.494685	1.7572003527308528
141.494685	1.7572003527308528
141.518694	1.7991369293086126
141.518694	1.7991369293086126
141.518694	1.7991369293086126
141.518694	1.7991369293086126
141.518694	1.7991369293086126
141.518694	1.7991369293086126
141.5787	2.0046525848982863
141.5787	2.0046525848982863
141.5787	2.0046525848982863
141.5787	2.0046525848982863
141.5787	2.0046525848982863
141.5787	2.0046525848982863
141.638698	1.430583842755262
141.638698	1.430583842755262
141.638698	1.430583842755262
141.638698	1.430583842755262
141.638698	1.430583842755262
141.638698	1.430583842755262
141.698763	1.8922182468921158
141.698763	1.8922182468921158
141.698763	1.8922182468921158
141.698763	1.8922182468921158
141.698763	1.8922182468921158
141.746601	1.7750938510891254
141.758717	1.6732116186892465
141.758717	1.6732116186892465
141.758717	1.6732116186892465
141.758717	1.6732116186892465
141.758717	1.6732116186892465
141.758717	1.6732116186892465
141.818714	2.0565585864040856
141.818714	2.0565585864040856
141.818714	2.0565585864040856
141.818714	2.0565585864040856
141.818714	2.0565585864040856
141.818714	2.0565585864040856
141.878697	1.9404030380112496
141.878697	1.9404030380112496
141.890639	2.1297062080702305
141.890639	2.1297062080702305
141.914667	1.9691058057237227
141.914667	1.9691058057237227
141.938695	1.6082433342343267
141.938695	1.6082433342343267
141.938695	1.6082433342343267
141.938695	1.6082433342343267
141.938695	1.6082433342343267
141.938695	1.6082433342343267
141.998736	2.3961508976239601
141.998736	2.3961508976239601
141.998736	2.3961508976239601
142.022621	1.9448299267893914
142.022621	1.9448299267893914
142.022621	1.9448299267893914
142.0587	1.7837520849542847
142.0587	1.7837520849542847
142.0587	1.7837520849542847
142.0587	1.7837520849542847
142.0587	1.7837520849542847
142.0587	1.7837520849542847
142.118696	2.5052831236127489
142.118696	2.5052831236127489
142.118696	2.5052831236127489
142.142602	1.8119989096946498
142.142602	1.8119989096946498
142.166601	1.7254630838496432
142.17872	1.7215104719996503
142.17872	1.7215104719996503
142.17872	1.7215104719996503
142.17872	1.7215104719996503
142.17872	1.7215104719996503
142.17872	1.7215104719996503
142.238723	2.2705020777369835
142.238723	2.2705020777369835
142.238723	2.2705020777369835
142.262629	1.7063427063596539
142.274692	1.8188681798094426
142.28664	1.8087282399907985
142.298717	1.7002284719908092
142.298717	1.7002284719908092
142.298717	1.7002284719908092
142.298717	1.7002284719908092
142.298717	1.7002284719908092
142.298717	1.7002284719908092
142.298717	1.7002284719908092
142.35881	2.0345813995025801
142.37062	2.3798301680315102
142.37062	2.3798301680315102
142.394695	1.9883902837039185
142.40662	1.8523663530166046
142.418734	2.061673862116443
142.418734	2.061673862116443
142.43062	2.969534775079226
142.44262	3.5450461019254096
142.44262	3.5450461019254096
142.44262	3.5450461019254096
142.478745	2.8655977277841997
142.478745	2.8655977277841997
142.478745	2.8655977277841997
142.50262	1.9593250490212764
142.50262	1.9593250490212764
142.526623	2.2097541489292243
142.538737	1.9290564150294411
142.538737	1.9290564150294411
142.538737	1.9290564150294411
142.538737	1.9290564150294411
142.538737	1.9290564150294411
142.538737	1.9290564150294411
142.598715	1.7624845512043112
142.598715	1.7624845512043112
142.598715	1.7624845512043112
142.598715	1.7624845512043112
142.598715	1.7624845512043112
142.64662	2.2206044389836324
142.65873	1.9866810184841668
142.65873	1.9866810184841668
142.65873	1.9866810184841668
142.65873	1.9866810184841668
142.694686	1.8303151383870591
142.706621	1.848945633362896
142.718717	2.0400182829625684
142.718717	2.0400182829625684
142.718717	2.0400182829625684
142.718717	2.0400182829625684
142.754757	1.5205213087335525
142.754757	1.5205213087335525
142.754757	1.5205213087335525
142.754757	1.5205213087335525
142.754757	1.5205213087335525
142.754757	1.5205213087335525
142.754757	1.5205213087335525
142.778717	1.7541826963640454
142.838723	1.7621244646871326
142.838723	1.7621244646871326
142.838723	1.7621244646871326
142.838723	1.7621244646871326
142.838723	1.7621244646871326
142.838723	1.7621244646871326
142.898752	1.8708038304010011
142.898752	1.8708038304010011
142.898752	1.8708038304010011
142.898752	1.8708038304010011
142.934709	1.9468596883377352
142.946621	1.6760538497320674
142.95872	1.3542779199820645
142.95872	1.3542779199820645
142.95872	1.3542779199820645
142.95872	1.3542779199820645
142.95872	1.3542779199820645
142.95872	1.3542779199820645
143.018783	2.4344444578614777
143.018783	2.4344444578614777
143.018783	2.4344444578614777
143.018783	2.4344444578614777
143.018783	2.4344444578614777
143.066641	1.7029983744524617
143.078723	1.7506793833524072
143.078723	1.7506793833524072
143.078723	1.7506793833524072
143.10262	15.154630241554315
143.1147	6.2248417695607881
143.12662	2.2455936699945154
143.138715	2.1334548774946844
143.138715	2.1334548774946844
143.138715	2.1334548774946844
143.138715	2.1334548774946844
143.138715	2.1334548774946844
143.138715	2.1334548774946844
143.198736	1.5690144575844953
143.198736	1.5690144575844953
143.198736	1.5690144575844953
143.198736	1.5690144575844953
143.234685	2.1849165540003983
143.246638	2.1101847867938703
143.258736	1.9669275295938389
143.258736	1.9669275295938389
143.258736	1.9669275295938389
143.258736	1.9669275295938389
143.294703	1.4878473092874236
143.294703	1.4878473092874236
143.318756	1.8678007434136226
143.318756	1.8678007434136226
143.318756	1.8678007434136226
143.342639	1.5267461962592541
143.354706	1.7645113475091683
143.354706	1.7645113475091683
143.378738	1.9865145042028791
143.378738	1.9865145042028791
143.378738	1.9865145042028791
143.378738	1.9865145042028791
143.378738	1.9865145042028791
143.426638	2.9485206463759113
143.438734	5.0720804959772607
143.438734	5.0720804959772607
143.438734	5.0720804959772607
143.438734	5.0720804959772607
143.438734	5.0720804959772607
143.486639	2.0612536713601184
143.498737	2.3661795270601851
143.498737	2.3661795270601851
143.498737	2.3661795270601851
143.522638	2.0606824520982463
143.522638	2.0606824520982463
143.522638	2.0606824520982463
143.558738	1.7590710139955608
143.558738	1.7590710139955608
143.558738	1.7590710139955608
143.558738	1.7590710139955608
143.558738	1.7590710139955608
143.606638	2.4567729068950404
143.618739	2.2838804744451111
143.618739	2.2838804744451111
143.618739	2.2838804744451111
143.618739	2.2838804744451111
143.654709	1.8657590174387313
143.654709	1.8657590174387313
143.67883	1.6177441564990225
143.67883	1.6177441564990225
143.67883	1.6177441564990225
143.702638	1.7651671230008019
143.702638	1.7651671230008019
143.726638	1.6531500850930827
143.738745	1.3646578302435617
143.738745	1.3646578302435617
143.738745	1.3646578302435617
143.738745	1.3646578302435617
143.738745	1.3646578302435617
143.738745	1.3646578302435617
143.798734	2.4360957802071712
143.798734	2.4360957802071712
143.798734	2.4360957802071712
143.798734	2.4360957802071712
143.798734	2.4360957802071712
143.798734	2.4360957802071712
143.858753	1.993362939655281
143.858753	1.993362939655281
143.858753	1.993362939655281
143.858753	1.993362939655281
143.858753	1.993362939655281
143.906639	2.1774573349037039
143.918733	2.3986457103034167
143.918733	2.3986457103034167
143.930638	2.2503818428973372
143.930638	2.2503818428973372
143.930638	2.2503818428973372
143.966638	1.8890242405979794
143.978862	1.7223341093980191
143.978862	1.7223341093980191
143.978862	1.7223341093980191
144.002637	2.2639848462756818
144.002637	2.2639848462756818
144.026638	4.3957088080782674
144.038732	2.2010100233759564
144.038732	2.2010100233759564
144.038732	2.2010100233759564
144.038732	2.2010100233759564
144.038732	2.2010100233759564
144.038732	2.2010100233759564
144.098733	2.2243560848542687
144.098733	2.2243560848542687
144.098733	2.2243560848542687
144.098733	2.2243560848542687
144.098733	2.2243560848542687
144.146639	1.8978385515487364
144.158738	1.6446845200987341
144.158738	1.6446845200987341
144.158738	1.6446845200987341
144.158738	1.6446845200987341
144.158738	1.6446845200987341
144.158738	1.6446845200987341
144.218751	1.8374746513000699
144.218751	1.8374746513000699
144.218751	1.8374746513000699
144.218769	1.8375201247000987
144.218769	1.8375201247000987
144.218769	1.8375201247000987
144.278752	2.195523991999861
144.278752	2.195523991999861
144.278752	2.195523991999861
144.278752	2.195523991999861
144.31472	1.8353640639999254
144.31472	1.8353640639999254
144.338826	2.1158033062997244
144.338826	2.1158033062997244
144.338826	2.1158033062997244
144.338826	2.1158033062997244
144.374742	2.7372043774975223
144.38677	2.7067126530017895
144.398754	2.2085245906027091
144.398754	2.2085245906027091
144.398754	2.2085245906027091
144.398754	2.2085245906027091
144.398754	2.2085245906027091
144.398754	2.2085245906027091
144.458754	1.4673870293015128
144.458754	1.4673870293015128
144.458754	1.4673870293015128
144.458754	1.4673870293015128
144.458754	1.4673870293015128
144.458754	1.4673870293015128
144.518751	1.4853482579518515
144.518751	1.4853482579518515
144.530656	1.8249803327954068
144.530656	1.8249803327954068
144.554725	1.8208730625032798
144.554725	1.8208730625032798
144.578752	1.9321250783982498
144.578752	1.9321250783982498
144.590656	1.8219558528019317
144.590656	1.8219558528019317
144.614727	1.7014054085501349
144.614727	1.7014054085501349
144.638793	1.7795005747491623
144.638793	1.7795005747491623
144.650666	1.5565814623040581
144.650666	1.5565814623040581
144.650666	1.5565814623040581
144.650666	1.5565814623040581
144.698766	1.9134686423076253
144.698766	1.9134686423076253
144.698766	1.9134686423076253
144.722655	1.8448278039974735
144.722655	1.8448278039974735
144.746655	1.9244041157540988
144.758775	1.7137421537540305
144.758775	1.7137421537540305
144.758775	1.7137421537540305
144.782656	1.7962496911985912
144.794728	1.8628442755984975
144.806656	1.8898829424000818
144.818767	1.8861636543000826
144.818767	1.8861636543000826
144.818767	1.8861636543000826
144.842655	1.6834691487512974
144.842655	1.6834691487512974
144.842655	1.6834691487512974
144.878755	1.9649345547443131
144.878755	1.9649345547443131
144.878755	1.9649345547443131
144.902659	1.9868435030906326
144.902659	1.9868435030906326
144.902659	1.9868435030906326
144.938755	1.7915882830131944
144.938755	1.7915882830131944
144.938755	1.7915882830131944
144.938755	1.7915882830131944
144.938755	1.7915882830131944
144.938755	1.7915882830131944
144.998835	2.0957060010041104
144.998835	2.0957060010041104
144.998835	2.0957060010041104
144.998835	2.0957060010041104
144.998835	2.0957060010041104
145.046656	1.8555066175851849
145.058785	2.3278353484844527
145.058785	2.3278353484844527
145.058785	2.3278353484844527
145.058785	2.3278353484844527
145.058785	2.3278353484844527
145.058785	2.3278353484844527
145.118751	2.488153868646132
145.118751	2.488153868646132
145.118751	2.488153868646132
145.142655	2.092952890982871
145.142655	2.092952890982871
145.142655	2.092952890982871
145.178751	2.2593856815119309
145.178751	2.2593856815119309
145.190657	3.3118078351011651
145.190657	3.3118078351011651
145.190657	3.3118078351011651
145.190657	3.3118078351011651
145.238749	2.5527106158369164
145.238767	2.5532024055364513
145.238767	2.5532024055364513
145.238767	2.5532024055364513
145.238767	2.5532024055364513
145.238767	2.5532024055364513
145.298771	1.9633520293474911
145.298771	1.9633520293474911
145.298771	1.9633520293474911
145.298771	1.9633520293474911
145.298771	1.9633520293474911
145.346674	1.990348859806657
145.358774	1.8410675298066868
145.358774	1.8410675298066868
145.358774	1.8410675298066868
145.358774	1.8410675298066868
145.358774	1.8410675298066868
145.358774	1.8410675298066868
145.41877	1.7515901800006275
145.41877	1.7515901800006275
145.41877	1.7515901800006275
145.41877	1.7515901800006275
145.41877	1.7515901800006275
145.41877	1.7515901800006275
145.478804	2.0456999937908673
145.478804	2.0456999937908673
145.478804	2.0456999937908673
145.502694	2.6388475980322759
145.514739	2.027166363032562
145.514739	2.027166363032562
145.538772	2.3070046325810409
145.538772	2.3070046325810409
145.538772	2.3070046325810409
145.538772	2.3070046325810409
145.538772	2.3070046325810409
145.586674	2.7373079706540193
145.598769	3.5531223729047081
145.598769	3.5531223729047081
145.610674	2.6505264466639966
145.610674	2.6505264466639966
145.610674	2.6505264466639966
145.610674	2.6505264466639966
145.658839	1.7867958283068357
145.658839	1.7867958283068357
145.658839	1.7867958283068357
145.658839	1.7867958283068357
145.658839	1.7867958283068357
145.658839	1.7867958283068357
145.718768	2.3158354055883179
145.718768	2.3158354055883179
145.718768	2.3158354055883179
145.718768	2.3158354055883179
145.718768	2.3158354055883179
145.766694	1.8291937318837654
145.778779	2.0871341591333095
145.778779	2.0871341591333095
145.778779	2.0871341591333095
145.778779	2.0871341591333095
145.778779	2.0871341591333095
145.778779	2.0871341591333095
145.838773	1.5016775318847464
145.838773	1.5016775318847464
145.838773	1.5016775318847464
145.838773	1.5016775318847464
145.838773	1.5016775318847464
145.838773	1.5016775318847464
145.898807	1.9464855557003915
145.898807	1.9464855557003915
145.898807	1.9464855557003915
145.898807	1.9464855557003915
145.934746	2.4935954485838567
145.934746	2.4935954485838567
145.958856	1.992800231627438
145.958856	1.992800231627438
145.970675	1.6793638537724787
145.970675	1.6793638537724787
145.970675	1.6793638537724787
145.970675	1.6793638537724787
146.018773	1.8850125354555283
146.018773	1.8850125354555283
146.018773	1.8850125354555283
146.018773	1.8850125354555283
146.018773	1.8850125354555283
146.066674	1.7429202370187717
146.078772	1.4931025860193043
146.078772	1.4931025860193043
146.078772	1.4931025860193043
146.102674	2.094426546908426
146.11474	1.9846482690084426
146.11474	1.9846482690084426
146.138767	2.1972160288868081
146.138767	2.1972160288868081
146.138767	2.1972160288868081
146.138767	2.1972160288868081
146.138767	2.1972160288868081
146.186744	2.1781822279904977
146.198773	2.295759688490282
146.198773	2.295759688490282
146.198773	2.295759688490282
146.198773	2.295759688490282
146.198773	2.295759688490282
146.198773	2.295759688490282
146.258819	1.9692181536013795
146.258819	1.9692181536013795
146.258819	1.9692181536013795
146.258819	1.9692181536013795
146.258819	1.9692181536013795
146.306693	1.9059937989647848
146.318882	1.733094662314782
146.318882	1.733094662314782
146.318882	1.733094662314782
146.318882	1.733094662314782
146.354764	1.9634591359906322
146.354764	1.9634591359906322
146.378789	2.0658751432967901
146.378789	2.0658751432967901
146.378789	2.0658751432967901
146.402693	1.8095035234830419
146.402693	1.8095035234830419
146.402693	1.8095035234830419
146.438806	1.7899129884170195
146.438806	1.7899129884170195
146.450806	1.882829453688551
146.450806	1.882829453688551
146.450806	1.882829453688551
146.450806	1.882829453688551
146.498785	1.8689168797690385
146.498785	1.8689168797690385
146.498785	1.8689168797690385
146.498785	1.8689168797690385
146.534772	1.8896090180362446
146.546713	1.8182297437340269
146.55879	1.9860245624836155
146.55879	1.9860245624836155
146.55879	1.9860245624836155
146.55879	1.9860245624836155
146.55879	1.9860245624836155
146.55879	1.9860245624836155
146.618792	2.3036720376016873
146.618792	2.3036720376016873
146.618792	2.3036720376016873
146.642693	1.9050743491981925
146.642693	1.9050743491981925
146.666692	2.0374438685807688
146.678808	2.22996165638054
146.678808	2.22996165638054
146.678808	2.22996165638054
146.678808	2.22996165638054
146.678808	2.22996165638054
146.678808	2.22996165638054
146.738794	1.751771075504772
146.738794	1.751771075504772
146.738794	1.751771075504772
146.738794	1.751771075504772
146.774757	2.4125069616486621
146.786693	2.5153254395702778
146.798789	2.3221444571706091
146.798789	2.3221444571706091
146.798789	2.3221444571706091
146.798789	2.3221444571706091
146.798789	2.3221444571706091
146.798789	2.3221444571706091
146.858806	1.4734991929327177
146.858806	1.4734991929327177
146.858806	1.4734991929327177
146.858806	1.4734991929327177
146.858806	1.4734991929327177
146.858806	1.4734991929327177
146.918786	2.4411262648485028
146.918786	2.4411262648485028
146.930693	2.1468376752935661
146.942713	1.8360011421070854
146.954761	1.7734925037071541
146.966693	1.7535498141485037
146.978864	1.7667133591984916
146.978864	1.7667133591984916
146.990692	2.0309919299657482
146.990692	2.0309919299657482
147.014768	3.2402696879072992
147.014768	3.2402696879072992
147.038807	2.0743385555643457
147.038807	2.0743385555643457
147.038807	2.0743385555643457
147.038807	2.0743385555643457
147.038807	2.0743385555643457
147.038807	2.0743385555643457
147.038807	2.0743385555643457
147.038807	2.0743385555643457
147.038807	2.0743385555643457
147.038807	2.0743385555643457
147.098787	1.8029312278917426
147.146696	2.5381717948425186
147.158797	2.1896333473926606
147.158797	2.1896333473926606
147.158797	2.1896333473926606
147.182693	1.9805391832790546
147.194781	2.150957016079047
147.206727	2.2069681122039109
147.21881	2.1754145660039534
147.21881	2.1754145660039534
147.21881	2.1754145660039534
147.21881	2.1754145660039534
147.218832	2.1753571152039504
147.218832	2.1753571152039504
147.278852	1.817261971202754
147.278852	1.817261971202754
147.278852	1.817261971202754
147.278852	1.817261971202754
147.314778	2.0633801086259003
147.314778	2.0633801086259003
147.338827	1.741661165819453
147.338827	1.741661165819453
147.338827	1.741661165819453
147.338827	1.741661165819453
147.374849	1.9176271839115573
147.374849	1.9176271839115573
147.398824	1.801638340806667
147.398824	1.801638340806667
147.398824	1.801638340806667
147.422715	1.7327306497422659
147.43478	1.7911210269921316
147.446715	1.9316667842223689
147.458811	2.1393303074220129
147.458811	2.1393303074220129
147.458811	2.1393303074220129
147.458811	2.1393303074220129
147.49478	2.1398978509628783
147.506786	2.0753747621440808
147.518813	1.7534101680945366
147.518813	1.7534101680945366
147.518813	1.7534101680945366
147.518813	1.7534101680945366
147.518813	1.7534101680945366
147.518813	1.7534101680945366
147.578822	2.2814499262257981
147.578822	2.2814499262257981
147.578822	2.2814499262257981
147.578822	2.2814499262257981
147.614786	2.2177195782945698
147.626715	1.8860655860105793
147.638894	1.8112913976105975
147.638894	1.8112913976105975
147.638894	1.8112913976105975
147.638894	1.8112913976105975
147.638894	1.8112913976105975
147.638894	1.8112913976105975
147.698807	1.7356938584548136
147.698807	1.7356938584548136
147.710715	1.9928786117071495
147.722735	2.1058727010726122
147.722735	2.1058727010726122
147.746714	1.4902574462746481
147.758829	1.6630530855244789
147.758829	1.6630530855244789
147.758829	1.6630530855244789
147.758829	1.6630530855244789
147.758829	1.6630530855244789
147.758829	1.6630530855244789
147.818825	1.8204415475082929
147.818825	1.8204415475082929
147.818825	1.8204415475082929
147.818825	1.8204415475082929
147.854805	1.6848042939972703
147.854805	1.6848042939972703
147.878831	1.7836759751910416
147.878831	1.7836759751910416
147.878831	1.7836759751910416
147.878831	1.7836759751910416
147.914781	1.8676664857179639
147.914781	1.8676664857179639
147.938813	2.5251750768798997
147.938813	2.5251750768798997
147.950714	2.1442231003744503
147.962714	1.8622374219398039
147.97478	2.2486269399397454
147.986736	2.2520284408459443
147.998896	1.9564072888462318
147.998896	1.9564072888462318
148.010715	1.829799563517738
148.010715	1.829799563517738
148.034854	2.0147434339648034
148.034854	2.0147434339648034
148.058836	1.9532729364158556
148.058836	1.9532729364158556
148.058836	1.9532729364158556
148.058836	1.9532729364158556
148.094779	2.0567522975034835
148.094779	2.0567522975034835
148.118827	2.0776508574744659
148.118827	2.0776508574744659
148.130717	2.7311519083273659
148.130717	2.7311519083273659
148.130717	2.7311519083273659
148.130717	2.7311519083273659
148.178811	1.3576295114355594
148.178811	1.3576295114355594
148.178811	1.3576295114355594
148.178811	1.3576295114355594
148.178811	1.3576295114355594
148.226715	2.1826928012454401
148.23882	2.2101923349954058
148.23882	2.2101923349954058
148.23882	2.2101923349954058
148.238838	2.210233226495367
148.274805	1.4508074012785293
148.274805	1.4508074012785293
148.274805	1.4508074012785293
148.274805	1.4508074012785293
148.274805	1.4508074012785293
148.274805	1.4508074012785293
148.274805	1.4508074012785293
148.298902	1.6904848583660497
148.358832	1.77423865522052
148.358832	1.77423865522052
148.358832	1.77423865522052
148.382753	1.6957400340903359
148.382753	1.6957400340903359
148.406732	1.6268764396464934
148.418827	1.3600038931468952
148.418827	1.3600038931468952
148.418827	1.3600038931468952
148.418827	1.3600038931468952
148.454801	1.7808669173685365
148.454801	1.7808669173685365
148.478854	1.6155880263998044
148.478854	1.6155880263998044
148.478854	1.6155880263998044
148.478854	1.6155880263998044
148.478854	1.6155880263998044
148.478854	1.6155880263998044
148.538826	1.698073575656833
148.538826	1.698073575656833
148.538826	1.698073575656833
148.538826	1.698073575656833
148.574797	1.7861307559373187
148.574797	1.7861307559373187
148.598831	1.7907496874529782
148.598831	1.7907496874529782
148.598831	1.7907496874529782
148.598831	1.7907496874529782
148.634838	1.882140249246524
148.646733	1.949596406968656
148.658829	1.8481006853688298
148.658829	1.8481006853688298
148.658829	1.8481006853688298
148.658829	1.8481006853688298
148.694866	2.1453259562472566
148.694866	2.1453259562472566
148.718827	1.5703653665563699
148.718827	1.5703653665563699
148.718827	1.5703653665563699
148.718827	1.5703653665563699
148.754801	1.9432944662856539
148.754801	1.9432944662856539
148.778846	2.0153264069951273
148.778846	2.0153264069951273
148.778846	2.0153264069951273
148.778846	2.0153264069951273
148.778846	2.0153264069951273
148.778846	2.0153264069951273
148.838849	2.0786817268826749
148.838849	2.0786817268826749
148.838849	2.0786817268826749
148.838849	2.0786817268826749
148.874807	2.7131939348347101
148.886733	2.6745515417531696
148.898847	2.146200037453577
148.898847	2.146200037453577
148.898847	2.146200037453577
148.898847	2.146200037453577
148.898847	2.146200037453577
148.898847	2.146200037453577
148.95891	2.2886403584444759
148.95891	2.2886403584444759
148.95891	2.2886403584444759
148.95891	2.2886403584444759
148.95891	2.2886403584444759
148.95891	2.2886403584444759
149.018843	2.2858517793231199
149.018843	2.2858517793231199
149.018843	2.2858517793231199
149.042733	1.937642085879681
149.042733	1.937642085879681
149.066733	1.8702213097480678
149.078828	2.1265216167476817
149.078828	2.1265216167476817
149.078828	2.1265216167476817
149.102732	1.8557795516191025
149.114799	1.7622759887191362
149.114799	1.7622759887191362
149.138832	2.0210751815606267
149.138832	2.0210751815606267
149.138832	2.0210751815606267
149.138832	2.0210751815606267
149.138832	2.0210751815606267
149.138832	2.0210751815606267
149.198829	1.8940048596727972
149.198829	1.8940048596727972
149.198829	1.8940048596727972
149.198829	1.8940048596727972
149.198829	1.8940048596727972
149.246732	1.9602330049748333
149.258834	2.080451247474759
149.270754	1.8921268186472822
149.270754	1.8921268186472822
149.282756	2.6598454331291794
149.282756	2.6598454331291794
149.282756	2.6598454331291794
149.318874	2.1026885477815256
149.318874	2.1026885477815256
149.318874	2.1026885477815256
149.318874	2.1026885477815256
149.354894	1.9088837695051677
149.366755	1.8281241837770836
149.37885	1.7017223625272739
149.37885	1.7017223625272739
149.37885	1.7017223625272739
149.37885	1.7017223625272739
149.37885	1.7017223625272739
149.37885	1.7017223625272739
149.438849	2.1109952562572003
149.438849	2.1109952562572003
149.438849	2.1109952562572003
149.438849	2.1109952562572003
149.438849	2.1109952562572003
149.438849	2.1109952562572003
149.498852	2.2303006257305058
149.498852	2.2303006257305058
149.498852	2.2303006257305058
149.498852	2.2303006257305058
149.498852	2.2303006257305058
149.498852	2.2303006257305058
149.55886	2.035880456972301
149.55886	2.035880456972301
149.55886	2.035880456972301
149.55886	2.035880456972301
149.55886	2.035880456972301
149.55886	2.035880456972301
149.618968	1.8410769336409412
149.618968	1.8410769336409412
149.618968	1.8410769336409412
149.618968	1.8410769336409412
149.618968	1.8410769336409412
149.666755	2.6671849715543043
149.678851	2.429369144354153
149.678851	2.429369144354153
149.678851	2.429369144354153
149.678851	2.429369144354153
149.678851	2.429369144354153
149.678851	2.429369144354153
149.738851	1.9775438442121349
149.738851	1.9775438442121349
149.738851	1.9775438442121349
149.762755	1.7427908575171358
149.762755	1.7427908575171358
149.762755	1.7427908575171358
149.762755	1.7427908575171358
149.798849	2.0839981261828586
149.810776	1.971096490436764
149.822755	1.8698083689807614
149.834836	1.951763456780685
149.834836	1.951763456780685
149.85885	2.1454073824758879
149.85885	2.1454073824758879
149.85885	2.1454073824758879
149.85885	2.1454073824758879
149.85885	2.1454073824758879
149.906754	1.9932304444890407
149.918851	2.0393714267389518
149.918851	2.0393714267389518
149.918851	2.0393714267389518
149.918851	2.0393714267389518
149.954823	1.7365320869241181
149.966779	1.7793682028897395
149.978878	1.6140250837397381
149.978878	1.6140250837397381
149.978878	1.6140250837397381
149.978878	1.6140250837397381
150.014893	1.9741685194123557
150.014893	1.9741685194123557
150.038851	1.7287139775078191
150.038851	1.7287139775078191
150.050798	1.719770353101622
150.062755	1.6774781097898956
150.062755	1.6774781097898956
150.062755	1.6774781097898956
150.098867	2.4292609762451831
150.098867	2.4292609762451831
150.098867	2.4292609762451831
150.098867	2.4292609762451831
150.134831	2.7943935915049334
150.134831	2.7943935915049334
150.158857	1.8146157932590388
150.158857	1.8146157932590388
150.158857	1.8146157932590388
150.158857	1.8146157932590388
150.158857	1.8146157932590388
150.206755	1.9355105850467087
150.21885	1.7500579500465523
150.21885	1.7500579500465523
150.21885	1.7500579500465523
150.21885	1.7500579500465523
150.254822	1.6815374041860387
150.254822	1.6815374041860387
150.278929	2.1461127348285904
150.278929	2.1461127348285904
150.278929	2.1461127348285904
150.278929	2.1461127348285904
150.278929	2.1461127348285904
150.278929	2.1461127348285904
150.338896	2.1318894344374151
150.338896	2.1318894344374151
150.338896	2.1318894344374151
150.338896	2.1318894344374151
150.338896	2.1318894344374151
150.338896	2.1318894344374151
150.398877	1.7596605162047911
150.398877	1.7596605162047911
150.398877	1.7596605162047911
150.422777	2.2644867803671889
150.422777	2.2644867803671889
150.422777	2.2644867803671889
150.458884	1.841966149100442
150.458884	1.841966149100442
150.458884	1.841966149100442
150.482778	1.7520878030833491
150.482778	1.7520878030833491
150.482778	1.7520878030833491
150.518873	1.56616986959652
150.518873	1.56616986959652
150.518873	1.56616986959652
150.518873	1.56616986959652
150.554847	2.0404005845333222
150.554847	2.0404005845333222
150.5789	2.9657518648060028
150.5789	2.9657518648060028
150.5789	2.9657518648060028
150.602778	1.8141332840718907
150.602778	1.8141332840718907
150.602778	1.8141332840718907
150.638871	2.120217499881023
150.638871	2.120217499881023
150.650777	1.8026925399583598
150.650777	1.8026925399583598
150.650777	1.8026925399583598
150.686842	2.0099498559351114
150.698871	2.2489420279346728
150.698871	2.2489420279346728
150.71083	2.0824122430576462
150.722777	1.9079207262171689
150.722777	1.9079207262171689
150.722777	1.9079207262171689
150.722777	1.9079207262171689
150.722777	1.9079207262171689
150.722777	1.9079207262171689
150.722777	1.9079207262171689
150.722777	1.9079207262171689
150.758874	2.0122574465657928
150.818875	2.2398548311663125
150.818875	2.2398548311663125
150.818875	2.2398548311663125
150.818875	2.2398548311663125
150.854848	2.2017323391166528
150.854848	2.2017323391166528
150.878874	2.0875251645433455
150.878874	2.0875251645433455
150.890778	1.9247400691464061
150.890778	1.9247400691464061
150.890778	1.9247400691464061
150.926778	2.2215108073256067
150.938964	1.7698050337263718
150.938964	1.7698050337263718
150.938964	1.7698050337263718
150.938964	1.7698050337263718
150.938964	1.7698050337263718
150.986777	2.5396252013845579
150.998874	2.4182021687345059
150.998874	2.4182021687345059
150.998874	2.4182021687345059
150.998874	2.4182021687345059
150.998874	2.4182021687345059
150.998874	2.4182021687345059
151.058885	1.955208698213541
151.058885	1.955208698213541
151.058885	1.955208698213541
151.058885	1.955208698213541
151.058885	1.955208698213541
151.058885	1.955208698213541
151.118876	2.1122372072912277
151.118876	2.1122372072912277
151.118876	2.1122372072912277
151.118876	2.1122372072912277
151.154847	2.0075545673122943
151.166778	1.8948689608493463
151.178873	1.7258244028492036
151.178873	1.7258244028492036
151.178873	1.7258244028492036
151.178873	1.7258244028492036
151.178873	1.7258244028492036
151.178873	1.7258244028492036
151.23896	1.9010290401029435
151.23896	1.9010290401029435
151.250888	1.971358487567161
151.250888	1.971358487567161
151.27485	1.8504439150495713
151.28684	1.8568289559595439
151.298891	1.9932571218593087
151.298891	1.9932571218593087
151.310801	2.2616687881647191
151.310801	2.2616687881647191
151.310801	2.2616687881647191
151.346796	2.3255082095349469
151.358895	3.2151785319828647
151.358895	3.2151785319828647
151.358895	3.2151785319828647
151.358895	3.2151785319828647
151.394867	1.7536144826036042
151.406797	1.7186274825782386
151.418913	1.7911514353781524
151.418913	1.7911514353781524
151.418913	1.7911514353781524
151.418913	1.7911514353781524
151.418913	1.7911514353781524
151.466884	2.1678944299540981
151.478894	2.3175090049540668
151.478894	2.3175090049540668
151.478894	2.3175090049540668
151.478894	2.3175090049540668
151.478894	2.3175090049540668
151.478894	2.3175090049540668
151.53889	1.6899460966884747
151.53889	1.6899460966884747
151.53889	1.6899460966884747
151.562797	1.8245153064067985
151.574863	1.9639723245067775
151.586797	1.9204037553567821
151.59899	1.7357395510569318
151.59899	1.7357395510569318
151.610815	1.7140659352522107
151.610815	1.7140659352522107
151.610815	1.7140659352522107
151.646797	2.0473827730334295
151.6589	2.2606654699332536
151.6589	2.2606654699332536
151.6589	2.2606654699332536
151.6589	2.2606654699332536
151.6589	2.2606654699332536
151.6589	2.2606654699332536
151.718892	1.7370018658539155
151.718892	1.7370018658539155
151.718892	1.7370018658539155
151.718892	1.7370018658539155
151.754865	1.7643098221979709
151.754865	1.7643098221979709
151.778892	1.8053351018058161
151.778892	1.8053351018058161
151.778892	1.8053351018058161
151.802797	2.5882067686831967
151.814869	2.1707226034837839
151.814869	2.1707226034837839
151.838894	2.4487471556070033
151.838894	2.4487471556070033
151.838894	2.4487471556070033
151.838894	2.4487471556070033
151.838894	2.4487471556070033
151.838894	2.4487471556070033
151.898932	2.2647388672527402
151.898932	2.2647388672527402
151.898932	2.2647388672527402
151.898932	2.2647388672527402
151.898932	2.2647388672527402
151.898932	2.2647388672527402
151.958892	1.7494706971077627
151.958892	1.7494706971077627
151.958892	1.7494706971077627
151.958892	1.7494706971077627
151.958892	1.7494706971077627
151.958892	1.7494706971077627
151.958892	1.7494706971077627
151.958892	1.7494706971077627
152.018899	1.8751163743018739
152.042796	1.8118195920168334
152.054875	1.7605080000168598
152.066797	1.927431915389604
152.078896	2.2633183038888181
152.078896	2.2633183038888181
152.078896	2.2633183038888181
152.078896	2.2633183038888181
152.078896	2.2633183038888181
152.078896	2.2633183038888181
152.13891	3.522862958175546
152.13891	3.522862958175546
152.13891	3.522862958175546
152.13891	3.522862958175546
152.174878	1.5149214523505059
152.174878	1.5149214523505059
152.174878	1.5149214523505059
152.174878	1.5149214523505059
152.174878	1.5149214523505059
152.174878	1.5149214523505059
152.174878	1.5149214523505059
152.198892	2.129333576054476
152.258963	1.7424163713999974
152.258963	1.7424163713999974
152.258963	1.7424163713999974
152.258985	1.7426854127000131
152.258985	1.7426854127000131
152.258985	1.7426854127000131
152.318936	1.8847854355655993
152.318936	1.8847854355655993
152.318936	1.8847854355655993
152.318936	1.8847854355655993
152.318936	1.8847854355655993
152.366819	1.691521000696081
152.378914	1.7029544041960907
152.378914	1.7029544041960907
152.378914	1.7029544041960907
152.378914	1.7029544041960907
152.378914	1.7029544041960907
152.378914	1.7029544041960907
152.378914	1.7029544041960907
152.438912	2.395141921476506
152.450819	2.1612871611028863
152.462819	1.9324357926547178
152.462819	1.9324357926547178
152.462819	1.9324357926547178
152.498914	2.1700464727430449
152.498914	2.1700464727430449
152.510818	1.7835592983562054
152.522901	1.5726493467610496
152.534893	2.1085952111616986
152.534893	2.1085952111616986
152.558996	2.2002253664304132
152.558996	2.2002253664304132
152.558996	2.2002253664304132
152.558996	2.2002253664304132
152.558996	2.2002253664304132
152.558996	2.2002253664304132
152.618944	2.1876934287634633
152.618944	2.1876934287634633
152.618944	2.1876934287634633
152.642819	1.762791360762096
152.642819	1.762791360762096
152.642819	1.762791360762096
152.642819	1.762791360762096
152.642819	1.762791360762096
152.642819	1.762791360762096
152.678914	1.879197707608167
152.714884	1.9837647571947776
152.726819	1.9379160949829508
152.738912	1.8455987376330514
152.738912	1.8455987376330514
152.738912	1.8455987376330514
152.762819	2.1400184983694399
152.774889	1.946605197369631
152.786896	1.8373382240172245
152.798923	1.7896090745172919
152.798923	1.7896090745172919
152.798923	1.7896090745172919
152.822843	2.0362436382169156
152.822843	2.0362436382169156
152.846818	2.0585039386171458
152.858928	2.5651451646159882
152.858928	2.5651451646159882
152.858928	2.5651451646159882
152.858928	2.5651451646159882
152.858928	2.5651451646159882
152.858928	2.5651451646159882
152.919002	2.8230504032612687
152.919002	2.8230504032612687
152.919002	2.8230504032612687
152.919002	2.8230504032612687
152.919002	2.8230504032612687
152.966819	1.814429897120893
152.97892	2.1648476298707497
152.97892	2.1648476298707497
152.97892	2.1648476298707497
152.97892	2.1648476298707497
152.97892	2.1648476298707497
153.026819	1.9978416973750082
153.038916	2.2000255117250944
153.038916	2.2000255117250944
153.038916	2.2000255117250944
153.038916	2.2000255117250944
153.07489	1.7601243520076473
153.07489	1.7601243520076473
153.098913	1.8932533695662344
153.098913	1.8932533695662344
153.098913	1.8932533695662344
153.098913	1.8932533695662344
153.13489	2.2407175028943929
153.13489	2.2407175028943929
153.158915	1.9190050211057923
153.158915	1.9190050211057923
153.158915	1.9190050211057923
153.158915	1.9190050211057923
153.158915	1.9190050211057923
153.158915	1.9190050211057923
153.219014	1.9188329519574034
153.219014	1.9188329519574034
153.219014	1.9188329519574034
153.219014	1.9188329519574034
153.219014	1.9188329519574034
153.219014	1.9188329519574034
153.278916	1.8099094036690135
153.278916	1.8099094036690135
153.278936	1.8096090456693452
153.278936	1.8096090456693452
153.278936	1.8096090456693452
153.326838	2.0783548195285997
153.338933	2.2652733685283186
153.338933	2.2652733685283186
153.338933	2.2652733685283186
153.338933	2.2652733685283186
153.338933	2.2652733685283186
153.386839	1.8300321274233073
153.398936	1.6393670764736739
153.398936	1.6393670764736739
153.398936	1.6393670764736739
153.398936	1.6393670764736739
153.398936	1.6393670764736739
153.446909	2.2884645540167057
153.45894	2.3739502229667151
153.45894	2.3739502229667151
153.471143	2.1096084003144577
153.471143	2.1096084003144577
153.49492	1.8535602080126057
153.506839	1.7943069911314258
153.518935	1.7135649815315643
153.518935	1.7135649815315643
153.518935	1.7135649815315643
153.518935	1.7135649815315643
153.518935	1.7135649815315643
153.518935	1.7135649815315643
153.518935	1.7135649815315643
153.579003	2.0189780217783948
153.591039	1.6672323141539338
153.591039	1.6672323141539338
153.591039	1.6672323141539338
153.626838	1.7511424485628739
153.638954	1.8450378137629824
153.638954	1.8450378137629824
153.638954	1.8450378137629824
153.638954	1.8450378137629824
153.638954	1.8450378137629824
153.638954	1.8450378137629824
153.698932	1.6047342424516287
153.698932	1.6047342424516287
153.698932	1.6047342424516287
153.722839	2.365197616066292
153.722839	2.365197616066292
153.722839	2.365197616066292
153.758944	2.7229363694033615
153.758944	2.7229363694033615
153.758944	2.7229363694033615
153.758944	2.7229363694033615
153.794911	2.0023378842247315
153.806839	6.8603171965909411
153.818934	15.312303196598076
153.818934	15.312303196598076
153.818934	15.312303196598076
153.842915	2.1038231020496729
153.842915	2.1038231020496729
153.866838	1.9592223769791981
153.879041	2.0109814014791696
153.879041	2.0109814014791696
153.879041	2.0109814014791696
153.879041	2.0109814014791696
153.879041	2.0109814014791696
153.879041	2.0109814014791696
153.938933	1.434393084576415
153.938933	1.434393084576415
153.950839	1.7325991880014722
153.950839	1.7325991880014722
153.950839	1.7325991880014722
153.950839	1.7325991880014722
153.998961	2.7328672541468286
153.998961	2.7328672541468286
153.998961	2.7328672541468286
153.998961	2.7328672541468286
154.034904	1.5704632356392172
154.046839	1.6238142650817631
154.058933	1.7891253369815487
154.058933	1.7891253369815487
154.058933	1.7891253369815487
154.058933	1.7891253369815487
154.058933	1.7891253369815487
154.106909	2.2667038640641257
154.118935	1.9936721743644548
154.118935	1.9936721743644548
154.118935	1.9936721743644548
154.118935	1.9936721743644548
154.15491	2.2474100756588213
154.166839	1.9332268167638174
154.178954	1.6601226120140851
154.178954	1.6601226120140851
154.178954	1.6601226120140851
154.178954	1.6601226120140851
154.214916	1.602420915663114
154.226849	1.9917572474130221
154.23901	2.7948666471639516
154.23901	2.7948666471639516
154.23901	2.7948666471639516
154.23901	2.7948666471639516
154.23901	2.7948666471639516
154.286838	1.625821000683257
154.298966	1.6653904198832965
154.298966	1.6653904198832965
154.298966	1.6653904198832965
154.322859	1.9013205201237717
154.322859	1.9013205201237717
154.346859	3.0265524895220723
154.346859	3.0265524895220723
154.346859	3.0265524895220723
154.346859	3.0265524895220723
154.358958	1.9188642365720623
154.394923	1.9154316603601846
154.394923	1.9154316603601846
154.418978	1.7774042100947418
154.418978	1.7774042100947418
154.418978	1.7774042100947418
154.418978	1.7774042100947418
154.418978	1.7774042100947418
154.466859	2.2979099170716135
154.478954	2.1317609020718638
154.478954	2.1317609020718638
154.478954	2.1317609020718638
154.50293	1.9368984043095594
154.514925	2.372924451059812
154.514925	2.372924451059812
154.539014	1.7990420186090259
154.539014	1.7990420186090259
154.550859	1.9126394962760245
154.562858	2.2059022019974086
154.562858	2.2059022019974086
154.562858	2.2059022019974086
154.599017	1.7805269565918616
154.599017	1.7805269565918616
154.599017	1.7805269565918616
154.599017	1.7805269565918616
154.599017	1.7805269565918616
154.599017	1.7805269565918616
154.658958	1.7956819709881189
154.658958	1.7956819709881189
154.670885	1.7866893657459262
154.68286	1.8166559619572606
154.68286	1.8166559619572606
154.68286	1.8166559619572606
154.718953	1.693829679573452
154.718953	1.693829679573452
154.718953	1.693829679573452
154.742859	1.7220662194698122
154.754927	1.4514974356699664
154.754927	1.4514974356699664
154.778958	1.7664894303782515
154.778958	1.7664894303782515
154.790859	1.8875623904518102
154.790859	1.8875623904518102
154.790859	1.8875623904518102
154.790859	1.8875623904518102
154.838952	2.1045579275694632
154.838952	2.1045579275694632
154.838952	2.1045579275694632
154.862859	1.472978977389394
154.862859	1.472978977389394
154.862859	1.472978977389394
154.899025	2.4529236298196766
154.899025	2.4529236298196766
154.899025	2.4529236298196766
154.899025	2.4529236298196766
154.899025	2.4529236298196766
154.946859	2.2809598919228016
154.958961	1.8985760234230376
154.958961	1.8985760234230376
154.958961	1.8985760234230376
154.958961	1.8985760234230376
154.958961	1.8985760234230376
155.006865	1.814440365998967
155.018955	1.8167181219989659
155.018955	1.8167181219989659
155.018955	1.8167181219989659
155.018955	1.8167181219989659
155.054942	1.7675193669667326
155.066882	1.6158895104248585
155.078959	1.7800793446748424
155.078959	1.7800793446748424
155.090862	1.5922894978030862
155.090862	1.5922894978030862
155.090862	1.5922894978030862
155.090862	1.5922894978030862
155.138979	2.3330701932085578
155.138979	2.3330701932085578
155.138979	2.3330701932085578
155.138979	2.3330701932085578
155.138979	2.3330701932085578
155.186859	1.6590530736505242
155.198992	1.4405796025005331
155.198992	1.4405796025005331
155.210858	1.6143978970011426
155.210858	1.6143978970011426
155.210858	1.6143978970011426
155.246859	1.5176178692630526
155.258955	1.8128401028625465
155.258955	1.8128401028625465
155.270859	1.8008597320194086
155.270859	1.8008597320194086
155.270878	1.800794144019378
155.270878	1.800794144019378
155.319005	2.1726951526363187
155.319005	2.1726951526363187
155.319005	2.1726951526363187
155.319005	2.1726951526363187
155.354954	2.040594277658879
155.354954	2.040594277658879
155.37899	1.894706603528034
155.37899	1.894706603528034
155.37899	1.894706603528034
155.37899	1.894706603528034
155.37899	1.894706603528034
155.37899	1.894706603528034
155.438975	1.7831937125603541
155.438975	1.7831937125603541
155.438975	1.7831937125603541
155.462881	1.8418613074185335
155.474952	1.8026957408185804
155.486878	1.9197790874885361
155.498994	2.1548803746888083
155.498994	2.1548803746888083
155.498994	2.1548803746888083
155.498994	2.1548803746888083
155.534949	1.7257093770623544
155.534949	1.7257093770623544
155.559066	2.1815933996587482
155.559066	2.1815933996587482
155.570878	1.9848507605167707
155.570878	1.9848507605167707
155.570878	1.9848507605167707
155.570878	1.9848507605167707
155.61898	2.2516916039405785
155.61898	2.2516916039405785
155.61898	2.2516916039405785
155.61898	2.2516916039405785
155.61898	2.2516916039405785
155.61898	2.2516916039405785
155.678972	1.7120328167833445
155.678972	1.7120328167833445
155.678972	1.7120328167833445
155.678972	1.7120328167833445
155.678972	1.7120328167833445
155.678972	1.7120328167833445
155.738971	2.1883259885578061
155.738971	2.1883259885578061
155.738971	2.1883259885578061
155.738971	2.1883259885578061
155.774943	2.233827336657392
155.774943	2.233827336657392
155.798972	1.9004305071553009
155.798972	1.9004305071553009
155.810878	1.730571352677428
155.810878	1.730571352677428
155.810878	1.730571352677428
155.810878	1.730571352677428
155.858979	1.819300946482387
155.858979	1.819300946482387
155.870878	1.541699404624701
155.88288	1.3994898878974682
155.894943	1.6078191041975676
155.894943	1.6078191041975676
155.918972	2.1621412424533228
155.918972	2.1621412424533228
155.918972	2.1621412424533228
155.942878	2.0640320064651538
155.942878	2.0640320064651538
155.966877	1.8094421097085249
155.966877	1.8094421097085249
155.966877	1.8094421097085249
155.966877	1.8094421097085249
155.966877	1.8094421097085249
155.966877	1.8094421097085249
155.978974	1.6908364683587531
156.038982	2.1054288317274517
156.038982	2.1054288317274517
156.038982	2.1054288317274517
156.038982	2.1054288317274517
156.074954	1.9162860229471159
156.074954	1.9162860229471159
156.098975	2.1625026724355538
156.098975	2.1625026724355538
156.098975	2.1625026724355538
156.098975	2.1625026724355538
156.134965	1.8559323582320628
156.134965	1.8559323582320628
156.15898	2.3829433398363635
156.15898	2.3829433398363635
156.15898	2.3829433398363635
156.15898	2.3829433398363635
156.15898	2.3829433398363635
156.15898	2.3829433398363635
156.219065	2.2432172270993656
156.219065	2.2432172270993656
156.219065	2.2432172270993656
156.219065	2.2432172270993656
156.219065	2.2432172270993656
156.266878	2.0291600518755168
156.278974	2.0773753126755476
156.278974	2.0773753126755476
156.278974	2.0773753126755476
156.278994	2.0774550336755726
156.278994	2.0774550336755726
156.326897	1.9251187408443255
156.339011	1.8379754704443927
156.339011	1.8379754704443927
156.35099	2.0217715868926347
156.362898	2.3904261057475127
156.362898	2.3904261057475127
156.362898	2.3904261057475127
156.362898	2.3904261057475127
156.362898	2.3904261057475127
156.362898	2.3904261057475127
156.362898	2.3904261057475127
156.362898	2.3904261057475127
156.398992	1.9217029781624653
156.458993	1.7313398759402669
156.458993	1.7313398759402669
156.458993	1.7313398759402669
156.458993	1.7313398759402669
156.458993	1.7313398759402669
156.458993	1.7313398759402669
156.518994	1.8772798410264826
156.518994	1.8772798410264826
156.518994	1.8772798410264826
156.518994	1.8772798410264826
156.518994	1.8772798410264826
156.566898	2.2211911524123438
156.578994	2.1974079972123848
156.578994	2.1974079972123848
156.578994	2.1974079972123848
156.578994	2.1974079972123848
156.578994	2.1974079972123848
156.578994	2.1974079972123848
156.638991	1.8068217171834304
156.638991	1.8068217171834304
156.650984	1.712296288046842
156.650984	1.712296288046842
156.650984	1.712296288046842
156.650984	1.712296288046842
156.698992	1.9370082847247343
156.698992	1.9370082847247343
156.698992	1.9370082847247343
156.698992	1.9370082847247343
156.734988	1.8971058164007004
156.746969	1.949969552001162
156.759019	2.0423261745010217
156.759019	2.0423261745010217
156.770898	1.9450531014615697
156.770898	1.9450531014615697
156.770898	1.9450531014615697
156.806897	1.754588623913981
156.818996	2.1995529419639848
156.818996	2.1995529419639848
156.818996	2.1995529419639848
156.818996	2.1995529419639848
156.854967	2.1036801813036492
156.854967	2.1036801813036492
156.879062	2.1716568140760644
156.879062	2.1716568140760644
156.879062	2.1716568140760644
156.879062	2.1716568140760644
156.879062	2.1716568140760644
156.926898	2.0494450534188142
156.938992	1.8275909033185804
156.938992	1.8275909033185804
156.938992	1.8275909033185804
156.938992	1.8275909033185804
156.938992	1.8275909033185804
156.986898	2.0945542310662209
156.999031	2.3440620962662111
156.999031	2.3440620962662111
156.999031	2.3440620962662111
156.999031	2.3440620962662111
156.999031	2.3440620962662111
157.046901	1.9434842717325085
157.058996	1.7909258034823798
157.058996	1.7909258034823798
157.058996	1.7909258034823798
157.082898	2.0349469228640586
157.082898	2.0349469228640586
157.082898	2.0349469228640586
157.118992	1.7528673575493565
157.118992	1.7528673575493565
157.118992	1.7528673575493565
157.142969	2.3116541582205943
157.154969	2.0919929582206986
157.154969	2.0919929582206986
157.179083	1.797399791420129
157.179083	1.797399791420129
157.179083	1.797399791420129
157.202898	1.8397813755807004
157.202898	1.8397813755807004
157.202898	1.8397813755807004
157.238993	1.5706130535519658
157.238993	1.5706130535519658
157.238993	1.5706130535519658
157.238993	1.5706130535519658
157.238993	1.5706130535519658
157.238993	1.5706130535519658
157.298992	2.0322458255867781
157.298992	2.0322458255867781
157.311198	1.8447758401129826
157.311198	1.8447758401129826
157.311198	1.8447758401129826
157.346916	2.0837302716315151
157.359016	2.3883302266314543
157.359016	2.3883302266314543
157.359016	2.3883302266314543
157.359016	2.3883302266314543
157.359016	2.3883302266314543
157.406987	3.5534998426665063
157.406987	3.5534998426665063
157.406987	3.5534998426665063
157.406987	3.5534998426665063
157.406987	3.5534998426665063
157.41902	2.6300206395167942
157.466916	2.4977869543678191
157.47901	1.8387425653686735
157.47901	1.8387425653686735
157.47901	1.8387425653686735
157.502917	2.1060692231147331
157.502917	2.1060692231147331
157.502917	2.1060692231147331
157.539091	2.2537258504187001
157.539091	2.2537258504187001
157.550916	1.9559554599794717
157.550916	1.9559554599794717
157.550916	1.9559554599794717
157.587036	2.2179526917100292
157.59903	3.4354744263081045
157.59903	3.4354744263081045
157.59903	3.4354744263081045
157.622917	1.8218887801137245
157.634987	1.620802580113923
157.634987	1.620802580113923
157.634987	1.620802580113923
157.634987	1.620802580113923
157.634987	1.620802580113923
157.659015	1.7523618126726912
157.69498	1.8278823229333154
157.70692	1.9444504659325632
157.719047	2.0634290692824284
157.719047	2.0634290692824284
157.719047	2.0634290692824284
157.719047	2.0634290692824284
157.719047	2.0634290692824284
157.719047	2.0634290692824284
157.779031	1.8417581951667525
157.779031	1.8417581951667525
157.779031	1.8417581951667525
157.779031	1.8417581951667525
157.779031	1.8417581951667525
157.779031	1.8417581951667525
157.839014	2.2755296964327982
157.839014	2.2755296964327982
157.839014	2.2755296964327982
157.839014	2.2755296964327982
157.839014	2.2755296964327982
157.886917	1.8711747102161227
157.899012	1.8431215672161649
157.899012	1.8431215672161649
157.899012	1.8431215672161649
157.899012	1.8431215672161649
157.899012	1.8431215672161649
157.899012	1.8431215672161649
157.899012	1.8431215672161649
157.959014	2.1525207963471629
157.971134	2.0572070411734433
157.982917	1.9646025282489654
157.994982	1.9663790994989656
158.006916	1.92426888464358
158.019013	1.8493201065935483
158.019013	1.8493201065935483
158.019013	1.8493201065935483
158.019013	1.8493201065935483
158.019013	1.8493201065935483
158.019013	1.8493201065935483
158.079036	2.142762602438252
158.079036	2.142762602438252
158.079036	2.142762602438252
158.079036	2.142762602438252
158.114984	1.8750319385831105
158.114984	1.8750319385831105
158.139011	2.1378640234038344
158.139011	2.1378640234038344
158.139011	2.1378640234038344
158.139011	2.1378640234038344
158.139011	2.1378640234038344
158.139011	2.1378640234038344
158.199097	1.9678432412293412
158.199097	1.9678432412293412
158.210923	2.0942591388610468
158.210923	2.0942591388610468
158.210923	2.0942591388610468
158.210923	2.0942591388610468
158.259012	1.8604013964660746
158.259012	1.8604013964660746
158.270917	2.0079539443427423
158.270917	2.0079539443427423
158.270917	2.0079539443427423
158.270917	2.0079539443427423
158.319039	1.8864644224326999
158.319059	1.8865126134327153
158.319059	1.8865126134327153
158.319059	1.8865126134327153
158.319059	1.8865126134327153
158.319059	1.8865126134327153
158.379034	1.9223328284432517
158.379034	1.9223328284432517
158.379034	1.9223328284432517
158.379034	1.9223328284432517
158.379034	1.9223328284432517
158.426946	1.9138410808928614
158.439064	1.7586676672927466
158.439064	1.7586676672927466
158.439064	1.7586676672927466
158.439064	1.7586676672927466
158.439064	1.7586676672927466
158.439064	1.7586676672927466
158.499035	1.7612804968201763
158.499035	1.7612804968201763
158.510936	1.8596255515061022
158.510936	1.8596255515061022
158.535009	1.8369516936176955
158.546937	1.9747278357066254
158.559052	2.2962684162063103
158.559052	2.2962684162063103
158.559052	2.2962684162063103
158.559052	2.2962684162063103
158.559052	2.2962684162063103
158.559052	2.2962684162063103
158.619031	1.9125821473079117
158.619031	1.9125821473079117
158.619031	1.9125821473079117
158.642937	2.0234597758016699
158.642937	2.0234597758016699
158.642937	2.0234597758016699
158.679032	1.7858530770213967
158.679032	1.7858530770213967
158.679032	1.7858530770213967
158.679032	1.7858530770213967
158.679032	1.7858530770213967
158.679032	1.7858530770213967
158.73906	1.8939197633717313
158.73906	1.8939197633717313
158.73906	1.8939197633717313
158.73906	1.8939197633717313
158.73906	1.8939197633717313
158.73906	1.8939197633717313
158.799033	1.9826120029414209
158.799033	1.9826120029414209
158.799033	1.9826120029414209
158.799033	1.9826120029414209
158.799033	1.9826120029414209
158.799033	1.9826120029414209
158.799033	1.9826120029414209
158.859109	2.0111338563933363
158.871045	1.8752571223503178
158.871045	1.8752571223503178
158.871045	1.8752571223503178
158.906936	3.6478889454297745
158.919031	6.5093869394254655
158.919031	6.5093869394254655
158.919031	6.5093869394254655
158.942936	2.0584924841375818
158.942936	2.0584924841375818
158.966937	2.3869359453909746
158.979032	1.9185244138916799
158.979032	1.9185244138916799
158.979032	1.9185244138916799
159.002936	2.3217668920887626
159.002936	2.3217668920887626
159.002936	2.3217668920887626
159.039037	1.836217336222004
159.039037	1.836217336222004
159.039037	1.836217336222004
159.039037	1.836217336222004
159.039037	1.836217336222004
159.039037	1.836217336222004
159.099033	1.6824598574344647
159.099033	1.6824598574344647
159.099033	1.6824598574344647
159.099033	1.6824598574344647
159.099033	1.6824598574344647
159.146937	1.9003380623347073
159.159036	2.4023673138835324
159.159036	2.4023673138835324
159.159036	2.4023673138835324
159.159036	2.4023673138835324
159.159036	2.4023673138835324
159.206947	2.3700046443648417
159.219049	3.0607674411644155
159.219049	3.0607674411644155
159.219049	3.0607674411644155
159.219049	3.0607674411644155
159.255074	2.2200840513901614
159.266936	2.3361570340922704
159.279058	2.1905445395922838
159.279058	2.1905445395922838
159.279058	2.1905445395922838
159.279058	2.1905445395922838
159.315001	2.0359764840138421
159.326955	1.7601792540437504
159.339068	1.6913628784437891
159.339068	1.6913628784437891
159.339068	1.6913628784437891
159.339068	1.6913628784437891
159.37502	1.8454261660722853
159.37502	1.8454261660722853
159.399052	1.7952487118014315
159.399052	1.7952487118014315
159.399052	1.7952487118014315
159.399052	1.7952487118014315
159.435022	1.9841262129913266
159.435022	1.9841262129913266
159.459058	1.7489511667243018
159.459058	1.7489511667243018
159.459058	1.7489511667243018
159.459058	1.7489511667243018
159.495021	1.7936825981353435
159.495021	1.7936825981353435
159.519125	1.955661168700854
159.519125	1.955661168700854
159.519125	1.955661168700854
159.519125	1.955661168700854
159.519125	1.955661168700854
159.519125	1.955661168700854
159.57907	1.9238787889100526
159.57907	1.9238787889100526
159.57907	1.9238787889100526
159.57907	1.9238787889100526
159.57907	1.9238787889100526
159.57907	1.9238787889100526
159.63905	2.2822898598350618
159.63905	2.2822898598350618
159.63905	2.2822898598350618
159.63905	2.2822898598350618
159.63905	2.2822898598350618
159.63905	2.2822898598350618
159.699055	1.9065371812439103
159.699055	1.9065371812439103
159.699055	1.9065371812439103
159.699055	1.9065371812439103
159.735028	1.7359401934124428
159.746956	1.8463491752656818
159.759067	2.0522016589151688
159.759067	2.0522016589151688
159.759067	2.0522016589151688
159.759067	2.0522016589151688
159.759067	2.0522016589151688
159.759067	2.0522016589151688
159.759067	2.0522016589151688
159.759067	2.0522016589151688
159.759067	2.0522016589151688
159.759067	2.0522016589151688
159.759067	2.0522016589151688
159.819135	1.9185291132987132
159.87905	1.9101826849339063
159.87905	1.9101826849339063
159.87905	1.9101826849339063
159.87905	1.9101826849339063
159.87905	1.9101826849339063
159.926966	2.0672573896100519
159.939048	2.6552279196107635
159.939048	2.6552279196107635
159.939048	2.6552279196107635
159.939048	2.6552279196107635
159.975022	1.9445332108364846
159.986976	2.1607299294676148
159.999051	2.3596003494676787
159.999051	2.3596003494676787
159.999051	2.3596003494676787
159.999051	2.3596003494676787
159.999051	2.3596003494676787
159.999051	2.3596003494676787
160.059056	2.4295138205381832
160.059056	2.4295138205381832
160.071008	2.1216834434482164
160.071008	2.1216834434482164
160.071008	2.1216834434482164
160.071008	2.1216834434482164
160.119073	2.0292865998181338
160.119073	2.0292865998181338
160.130956	2.1605882555139235
160.130956	2.1605882555139235
160.130956	2.1605882555139235
160.166955	2.2061641551406779
160.179121	2.7440485637407415
160.179121	2.7440485637407415
160.179121	2.7440485637407415
160.179121	2.7440485637407415
160.215105	1.9938795554067466
160.226981	2.0825927668116773
160.239051	2.1392475363116215
160.239051	2.1392475363116215
160.239051	2.1392475363116215
160.239051	2.1392475363116215
160.239051	2.1392475363116215
160.286956	2.271441256124656
160.299087	1.7903627956756019
160.299087	1.7903627956756019
160.299087	1.7903627956756019
160.299107	1.7895696566753505
160.299107	1.7895696566753505
160.346979	1.8496130089364502
160.359071	1.7223827987365621
160.359071	1.7223827987365621
160.371078	2.239870394708678
160.371078	2.239870394708678
160.395042	2.1891033087609366
160.395042	2.1891033087609366
160.419078	1.9701953193268826
160.419078	1.9701953193268826
160.419078	1.9701953193268826
160.443047	1.9077505785731479
160.455045	1.7289365858731573
160.455045	1.7289365858731573
160.479174	1.7305942945673625
160.479174	1.7305942945673625
160.479174	1.7305942945673625
160.479174	1.7305942945673625
160.479174	1.7305942945673625
160.479174	1.7305942945673625
160.539076	2.0673149596788596
160.539076	2.0673149596788596
160.539076	2.0673149596788596
160.562975	1.7351604587094855
160.575108	1.7941225921594832
160.575108	1.7941225921594832
160.59907	2.1376751088601815
160.59907	2.1376751088601815
160.59907	2.1376751088601815
160.622996	4.1242393528245254
160.635041	13.596399047070094
160.635041	13.596399047070094
160.659093	2.5403250766545558
160.659093	2.5403250766545558
160.659093	2.5403250766545558
160.659093	2.5403250766545558
160.659093	2.5403250766545558
160.707063	2.4154836368386294
160.719082	2.861004529787694
160.719082	2.861004529787694
160.719082	2.861004529787694
160.719082	2.861004529787694
160.719082	2.861004529787694
160.719082	2.861004529787694
160.779073	2.0488365417318373
160.779073	2.0488365417318373
160.779073	2.0488365417318373
160.802976	1.429069198257177
160.815065	1.6333237333571251
160.815065	1.6333237333571251
160.839139	4.7720415613456391
160.839139	4.7720415613456391
160.850976	3.5606580442415918
160.850976	3.5606580442415918
160.875052	1.9512207320819692
160.886996	1.8471070607267202
160.899075	1.9514068099266664
160.899075	1.9514068099266664
160.899075	1.9514068099266664
160.899075	1.9514068099266664
160.935047	1.6432697375438872
160.935047	1.6432697375438872
160.959074	1.9062516336316757
160.959074	1.9062516336316757
160.959074	1.9062516336316757
160.959074	1.9062516336316757
160.959074	1.9062516336316757
160.959074	1.9062516336316757
161.019114	1.7837299573611862
161.019114	1.7837299573611862
161.019114	1.7837299573611862
161.019114	1.7837299573611862
161.019114	1.7837299573611862
161.019114	1.7837299573611862
161.079073	2.018544796929624
161.079073	2.018544796929624
161.079073	2.018544796929624
161.079073	2.018544796929624
161.079073	2.018544796929624
161.079073	2.018544796929624
161.13911	1.7000948981127106
161.13911	1.7000948981127106
161.13911	1.7000948981127106
161.13911	1.7000948981127106
161.175039	2.2008948153683341
161.175039	2.2008948153683341
161.199091	1.8027524744216148
161.199091	1.8027524744216148
161.199091	1.8027524744216148
161.199091	1.8027524744216148
161.199091	1.8027524744216148
161.199091	1.8027524744216148
161.259078	1.7631117969733481
161.259078	1.7631117969733481
161.271063	1.7609740453455702
161.282996	1.857297325933432
161.295041	2.2262471186832595
161.295041	2.2262471186832595
161.319088	1.9991041313732492
161.319108	1.9987069793731231
161.319108	1.9987069793731231
161.319108	1.9987069793731231
161.355064	2.0614699901359539
161.367067	2.0759563613167664
161.379095	1.8467441779165972
161.379095	1.8467441779165972
161.379095	1.8467441779165972
161.379095	1.8467441779165972
161.379095	1.8467441779165972
161.426996	2.1726768258819007
161.43911	1.5070870269824144
161.43911	1.5070870269824144
161.43911	1.5070870269824144
161.43911	1.5070870269824144
161.43911	1.5070870269824144
161.43911	1.5070870269824144
161.499158	2.2243583168366592
161.499158	2.2243583168366592
161.499158	2.2243583168366592
161.499158	2.2243583168366592
161.499158	2.2243583168366592
161.54702	2.3128914673817293
161.559094	1.7910030802826813
161.559094	1.7910030802826813
161.559094	1.7910030802826813
161.582995	1.6414107223270873
161.582995	1.6414107223270873
161.606996	1.9927890797761545
161.619089	2.0253500869261192
161.619089	2.0253500869261192
161.619089	2.0253500869261192
161.619089	2.0253500869261192
161.619089	2.0253500869261192
161.619089	2.0253500869261192
161.679127	1.5344223997587927
161.679127	1.5344223997587927
161.679127	1.5344223997587927
161.679127	1.5344223997587927
161.679127	1.5344223997587927
161.679127	1.5344223997587927
161.739097	2.2729902438100287
161.739097	2.2729902438100287
161.739097	2.2729902438100287
161.739097	2.2729902438100287
161.775062	1.5591458892802241
161.775062	1.5591458892802241
161.799094	1.7213000425030844
161.799094	1.7213000425030844
161.799094	1.7213000425030844
161.799094	1.7213000425030844
161.83506	2.1060555606321518
161.846996	6.4143238727189305
161.859098	13.51705423371455
161.859098	13.51705423371455
161.859098	13.51705423371455
161.859098	13.51705423371455
161.859098	13.51705423371455
161.859098	13.51705423371455
161.859098	13.51705423371455
161.859098	13.51705423371455
161.91909	1.5065649057672248
161.943016	2.7244693665224031
161.943016	2.7244693665224031
161.943016	2.7244693665224031
161.979091	1.9715134985415967
161.979091	1.9715134985415967
161.979091	1.9715134985415967
162.002996	1.7893044818464914
162.015068	1.4613034130461804
162.015068	1.4613034130461804
162.039094	2.2396446887661039
162.039094	2.2396446887661039
162.039094	2.2396446887661039
162.039094	2.2396446887661039
162.039094	2.2396446887661039
162.086996	2.9430011218952821
162.099094	2.0198596024950812
162.099094	2.0198596024950812
162.099094	2.0198596024950812
162.122996	2.0359429640820776
162.122996	2.0359429640820776
162.122996	2.0359429640820776
162.122996	2.0359429640820776
162.159187	1.9069737174386021
162.171027	2.5655738742046652
162.182995	2.9722447531425624
162.195064	2.4547193951929653
162.207301	2.0049994835990526
162.219093	1.6205012771997191
162.219093	1.6205012771997191
162.219093	1.6205012771997191
162.219093	1.6205012771997191
162.255064	1.9153662655445189
162.266996	2.0740502544305537
162.266996	2.0740502544305537
162.266996	2.0740502544305537
162.266996	2.0740502544305537
162.266996	2.0740502544305537
162.266996	2.0740502544305537
162.279092	2.2969051440301715
162.339161	1.7290769336923353
162.339161	1.7290769336923353
162.339161	1.7290769336923353
162.363016	2.028340947453851
162.363016	2.028340947453851
162.363016	2.028340947453851
162.399111	1.9143324429351751
162.399111	1.9143324429351751
162.399111	1.9143324429351751
162.399111	1.9143324429351751
162.399111	1.9143324429351751
162.399111	1.9143324429351751
162.459194	1.3785377505585372
162.459194	1.3785377505585372
162.459194	1.3785377505585372
162.459194	1.3785377505585372
162.459194	1.3785377505585372
162.459194	1.3785377505585372
162.51911	2.0161907606381662
162.51911	2.0161907606381662
162.51911	2.0161907606381662
162.51911	2.0161907606381662
162.51911	2.0161907606381662
162.51911	2.0161907606381662
162.579132	1.7936491944186126
162.579132	1.7936491944186126
162.579132	1.7936491944186126
162.603017	1.9987123348598306
162.615095	1.9860551947598346
162.615095	1.9860551947598346
162.639111	1.7131507791314164
162.639111	1.7131507791314164
162.639111	1.7131507791314164
162.639111	1.7131507791314164
162.639111	1.7131507791314164
162.687087	1.8029200271308892
162.699114	1.7635111562308519
162.699114	1.7635111562308519
162.711036	2.1450790640717163
162.711036	2.1450790640717163
162.711036	2.1450790640717163
162.711036	2.1450790640717163
162.711036	2.1450790640717163
162.711036	2.1450790640717163
162.759135	2.0982747093137566
162.783016	1.7943318654716107
162.783016	1.7943318654716107
162.783016	1.7943318654716107
162.819179	1.9522379136858949
162.819179	1.9522379136858949
162.819179	1.9522379136858949
162.843036	1.9400338806410176
162.843036	1.9400338806410176
162.867053	1.8254538624055956
162.879153	1.7547287574056099
162.879153	1.7547287574056099
162.879153	1.7547287574056099
162.879153	1.7547287574056099
162.879153	1.7547287574056099
162.879153	1.7547287574056099
162.939111	1.4054392255020374
162.939111	1.4054392255020374
162.939111	1.4054392255020374
162.963015	1.7913128312286279
162.963015	1.7913128312286279
162.963015	1.7913128312286279
162.999119	1.7708386397792826
162.999119	1.7708386397792826
163.011017	1.8243478780011562
163.023016	1.8182870773647732
163.023016	1.8182870773647732
163.023016	1.8182870773647732
163.059113	2.6579167221308015
