#1
double table_omegaY(16300,2)
0	0
0.06	-0.0055260999835754264
0.06	-0.0055260999835754264
0.06	-0.0055260999835754264
0.06	-0.0055260999835754264
0.06	-0.0055260999835754264
0.06	-0.0055260999835754264
0.120029	-0.0072414305429873765
0.120029	-0.0072414305429873765
0.120029	-0.0072414305429873765
0.120029	-0.0072414305429873765
0.156	-0.0097843318042568437
0.168024	-0.010720917782159925
0.180022	-0.011675425538931243
0.180022	-0.011675425538931243
0.192002	-0.012677147127925181
0.192002	-0.012677147127925181
0.192002	-0.012677147127925181
0.192002	-0.012677147127925181
0.240004	-0.016903906998416152
0.240004	-0.016903906998416152
0.252022	-0.018029799999692803
0.252022	-0.018029799999692803
0.252022	-0.018029799999692803
0.252022	-0.018029799999692803
0.3	-0.022666239451654375
0.3	-0.022666239451654375
0.3	-0.022666239451654375
0.324	-0.025042268212402505
0.324	-0.025042268212402505
0.324	-0.025042268212402505
0.360109	-0.028565109870422763
0.360109	-0.028565109870422763
0.360109	-0.028565109870422763
0.360109	-0.028565109870422763
0.360109	-0.028565109870422763
0.360109	-0.028565109870422763
0.420002	-0.033767236771449535
0.420002	-0.033767236771449535
0.420002	-0.033767236771449535
0.420002	-0.033767236771449535
0.420002	-0.033767236771449535
0.420002	-0.033767236771449535
0.48	-0.037421206472690885
0.48	-0.037421206472690885
0.48	-0.037421206472690885
0.480003	-0.037421321931130506
0.480003	-0.037421321931130506
0.528031	-0.038835181609048405
0.540023	-0.039006571960739686
0.552004	-0.039033057359882266
0.552004	-0.039033057359882266
0.552004	-0.039033057359882266
0.552004	-0.039033057359882266
0.552004	-0.039033057359882266
0.600003	-0.038431607893452985
0.600003	-0.038431607893452985
0.600003	-0.038431607893452985
0.600003	-0.038431607893452985
0.600003	-0.038431607893452985
0.600003	-0.038431607893452985
0.660003	-0.035902158271212958
0.660003	-0.035902158271212958
0.660003	-0.035902158271212958
0.660003	-0.035902158271212958
0.696003	-0.03365082121766199
0.696003	-0.03365082121766199
0.720012	-0.031965710366069648
0.720012	-0.031965710366069648
0.720012	-0.031965710366069648
0.720012	-0.031965710366069648
0.720012	-0.031965710366069648
0.720012	-0.031965710366069648
0.780024	-0.02745108473874033
0.780024	-0.02745108473874033
0.780024	-0.02745108473874033
0.780024	-0.02745108473874033
0.780024	-0.02745108473874033
0.780024	-0.02745108473874033
0.840025	-0.023137106400642544
0.840025	-0.023137106400642544
0.840025	-0.023137106400642544
0.840025	-0.023137106400642544
0.840025	-0.023137106400642544
0.840025	-0.023137106400642544
0.900035	-0.019432686601708871
0.900035	-0.019432686601708871
0.900035	-0.019432686601708871
0.900035	-0.019432686601708871
0.900035	-0.019432686601708871
0.900035	-0.019432686601708871
0.960003	-0.016312971534156513
0.960003	-0.016312971534156513
0.960003	-0.016312971534156513
0.960003	-0.016312971534156513
0.960003	-0.016312971534156513
0.960003	-0.016312971534156513
1.020121	-0.013439011769224123
1.020121	-0.013439011769224123
1.03201	-0.012859411409007641
1.03201	-0.012859411409007641
1.03201	-0.012859411409007641
1.03201	-0.012859411409007641
1.080004	-0.010398692509946756
1.080004	-0.010398692509946756
1.080004	-0.010398692509946756
1.080004	-0.010398692509946756
1.080004	-0.010398692509946756
1.080004	-0.010398692509946756
1.140003	-0.0068205412011237802
1.140003	-0.0068205412011237802
1.152044	-0.006011177517784295
1.152044	-0.006011177517784295
1.152044	-0.006011177517784295
1.152044	-0.006011177517784295
1.200024	-0.0025579971880418562
1.200024	-0.0025579971880418562
1.200024	-0.0025579971880418562
1.200024	-0.0025579971880418562
1.236024	0.00029748491001733079
1.236024	0.00029748491001733079
1.260013	0.0022830067124850013
1.260013	0.0022830067124850013
1.260013	0.0022830067124850013
1.260013	0.0022830067124850013
1.260013	0.0022830067124850013
1.308047	0.0063792757980074295
1.320004	0.0074050942518707075
1.332026	0.0084301099913215768
1.332026	0.0084301099913215768
1.332026	0.0084301099913215768
1.332026	0.0084301099913215768
1.332026	0.0084301099913215768
1.380004	0.0124361623881485
1.380004	0.0124361623881485
1.380004	0.0124361623881485
1.380004	0.0124361623881485
1.380004	0.0124361623881485
1.380004	0.0124361623881485
1.440024	0.017044169176691885
1.440024	0.017044169176691885
1.440024	0.017044169176691885
1.440024	0.017044169176691885
1.440024	0.017044169176691885
1.440024	0.017044169176691885
1.500004	0.020973646356684146
1.500004	0.020973646356684146
1.500008	0.020973871507013204
1.500008	0.020973871507013204
1.500008	0.020973871507013204
1.500008	0.020973871507013204
1.560012	0.024034456836367974
1.560012	0.024034456836367974
1.560012	0.024034456836367974
1.560012	0.024034456836367974
1.560012	0.024034456836367974
1.560012	0.024034456836367974
1.620007	0.026046826231405824
1.620007	0.026046826231405824
1.620007	0.026046826231405824
1.620007	0.026046826231405824
1.620007	0.026046826231405824
1.620007	0.026046826231405824
1.680135	0.026847778785142898
1.680135	0.026847778785142898
1.680135	0.026847778785142898
1.680135	0.026847778785142898
1.680135	0.026847778785142898
1.680135	0.026847778785142898
1.680135	0.026847778785142898
1.680135	0.026847778785142898
1.680135	0.026847778785142898
1.680135	0.026847778785142898
1.680135	0.026847778785142898
1.680135	0.026847778785142898
1.800008	0.024520409076545034
1.800008	0.024520409076545034
1.800008	0.024520409076545034
1.824011	0.023454200718597586
1.836027	0.022861533483621153
1.848033	0.022226381912323071
1.860028	0.021570442337131204
1.860028	0.021570442337131204
1.860028	0.021570442337131204
1.860028	0.021570442337131204
1.860028	0.021570442337131204
1.860028	0.021570442337131204
1.920008	0.017769941474220754
1.932009	0.016930980106771448
1.932009	0.016930980106771448
1.932009	0.016930980106771448
1.932009	0.016930980106771448
1.932009	0.016930980106771448
1.980008	0.013457133045890446
1.980008	0.013457133045890446
1.980008	0.013457133045890446
1.980008	0.013457133045890446
1.980008	0.013457133045890446
1.980008	0.013457133045890446
1.980008	0.013457133045890446
2.052009	0.0080887260751507893
2.052009	0.0080887260751507893
2.052009	0.0080887260751507893
2.052009	0.0080887260751507893
2.052009	0.0080887260751507893
2.100028	0.0046263472262655717
2.100028	0.0046263472262655717
2.100028	0.0046263472262655717
2.100028	0.0046263472262655717
2.100028	0.0046263472262655717
2.14804	0.0014171723867797519
2.160007	0.00065772299905645726
2.172008	-6.6914352009943712e-05
2.172008	-6.6914352009943712e-05
2.172008	-6.6914352009943712e-05
2.172008	-6.6914352009943712e-05
2.172008	-6.6914352009943712e-05
2.220012	-0.0027636109614989036
2.220012	-0.0027636109614989036
2.232032	-0.0033645889016037504
2.232032	-0.0033645889016037504
2.232032	-0.0033645889016037504
2.232032	-0.0033645889016037504
2.280007	-0.0055418997621138029
2.280007	-0.0055418997621138029
2.280007	-0.0055418997621138029
2.280007	-0.0055418997621138029
2.280007	-0.0055418997621138029
2.280007	-0.0055418997621138029
2.340135	-0.0076631979608426061
2.340135	-0.0076631979608426061
2.340135	-0.0076631979608426061
2.340135	-0.0076631979608426061
2.340135	-0.0076631979608426061
2.340135	-0.0076631979608426061
2.400008	-0.0091586150533650885
2.400008	-0.0091586150533650885
2.400008	-0.0091586150533650885
2.400008	-0.0091586150533650885
2.400008	-0.0091586150533650885
2.400008	-0.0091586150533650885
2.460008	-0.010118110853162839
2.460008	-0.010118110853162839
2.460008	-0.010118110853162839
2.460008	-0.010118110853162839
2.460008	-0.010118110853162839
2.460008	-0.010118110853162839
2.520049	-0.010631791702196058
2.520053	-0.010631809402119923
2.520053	-0.010631809402119923
2.544011	-0.010730691050025283
2.544011	-0.010730691050025283
2.544011	-0.010730691050025283
2.580012	-0.010793812737382448
2.580012	-0.010793812737382448
2.580012	-0.010793812737382448
2.580012	-0.010793812737382448
2.580012	-0.010793812737382448
2.580012	-0.010793812737382448
2.640012	-0.010697505839483762
2.640012	-0.010697505839483762
2.640012	-0.010697505839483762
2.640012	-0.010697505839483762
2.640012	-0.010697505839483762
2.640012	-0.010697505839483762
2.700011	-0.010433654273473314
2.700011	-0.010433654273473314
2.700011	-0.010433654273473314
2.700011	-0.010433654273473314
2.700011	-0.010433654273473314
2.748048	-0.010158376957572046
2.760032	-0.010086167559434403
2.772013	-0.010012890225455557
2.772013	-0.010012890225455557
2.772013	-0.010012890225455557
2.772013	-0.010012890225455557
2.772013	-0.010012890225455557
2.820012	-0.0097199732583981395
2.820012	-0.0097199732583981395
2.820012	-0.0097199732583981395
2.820012	-0.0097199732583981395
2.820012	-0.0097199732583981395
2.820012	-0.0097199732583981395
2.880016	-0.0093649419602017166
2.880016	-0.0093649419602017166
2.892049	-0.0092947016990340015
2.892049	-0.0092947016990340015
2.892049	-0.0092947016990340015
2.892049	-0.0092947016990340015
2.940012	-0.0090086430941381038
2.952013	-0.0089322254478247879
2.952013	-0.0089322254478247879
2.952013	-0.0089322254478247879
2.952013	-0.0089322254478247879
2.952013	-0.0089322254478247879
3.00012	-0.008596205187853671
3.00012	-0.008596205187853671
3.00012	-0.008596205187853671
3.024032	-0.008396852369102023
3.036012	-0.0082874621219979194
3.036012	-0.0082874621219979194
3.060032	-0.008045191934536209
3.060032	-0.008045191934536209
3.060032	-0.008045191934536209
3.060032	-0.008045191934536209
3.060032	-0.008045191934536209
3.060032	-0.008045191934536209
3.120012	-0.0072547963696886816
3.120012	-0.0072547963696886816
3.120012	-0.0072547963696886816
3.120012	-0.0072547963696886816
3.156032	-0.0066237084521462535
3.156032	-0.0066237084521462535
3.180032	-0.0061353972624843284
3.192034	-0.0058614455941409785
3.192034	-0.0058614455941409785
3.192034	-0.0058614455941409785
3.192034	-0.0058614455941409785
3.228051	-0.0049611871904720181
3.240011	-0.0046364809187406366
3.252013	-0.0042854940991428232
3.252013	-0.0042854940991428232
3.252013	-0.0042854940991428232
3.252013	-0.0042854940991428232
3.252013	-0.0042854940991428232
3.300037	-0.0027640354593918798
3.300037	-0.0027640354593918798
3.300037	-0.0027640354593918798
3.300037	-0.0027640354593918798
3.300037	-0.0027640354593918798
3.348045	-0.0010449161407463305
3.360011	-0.00059719439453880723
3.372013	-0.00013690323640560794
3.372013	-0.00013690323640560794
3.372013	-0.00013690323640560794
3.372013	-0.00013690323640560794
3.372013	-0.00013690323640560794
3.420032	0.0017379507324918456
3.420032	0.0017379507324918456
3.420032	0.0017379507324918456
3.420032	0.0017379507324918456
3.420032	0.0017379507324918456
3.468037	0.0036200666292217393
3.480012	0.0040833420920679464
3.492013	0.0045382851989543881
3.492013	0.0045382851989543881
3.492013	0.0045382851989543881
3.492013	0.0045382851989543881
3.492013	0.0045382851989543881
3.540016	0.0062913032212665839
3.54002	0.0062914397112491388
3.54002	0.0062914397112491388
3.54002	0.0062914397112491388
3.54002	0.0062914397112491388
3.54002	0.0062914397112491388
3.600015	0.0082337631641229269
3.600015	0.0082337631641229269
3.600015	0.0082337631641229269
3.600015	0.0082337631641229269
3.600015	0.0082337631641229269
3.600015	0.0082337631641229269
3.660143	0.0098143837273192494
3.660143	0.0098143837273192494
3.660143	0.0098143837273192494
3.660143	0.0098143837273192494
3.660143	0.0098143837273192494
3.660143	0.0098143837273192494
3.720015	0.010947544453977201
3.720015	0.010947544453977201
3.720015	0.010947544453977201
3.720015	0.010947544453977201
3.720015	0.010947544453977201
3.720015	0.010947544453977201
3.780016	0.011578700634711741
3.780016	0.011578700634711741
3.780016	0.011578700634711741
3.780016	0.011578700634711741
3.780016	0.011578700634711741
3.780016	0.011578700634711741
3.840036	0.011654736081895028
3.840036	0.011654736081895028
3.840036	0.011654736081895028
3.840036	0.011654736081895028
3.840036	0.011654736081895028
3.840036	0.011654736081895028
3.900015	0.011145320405914949
3.900015	0.011145320405914949
3.900015	0.011145320405914949
3.900015	0.011145320405914949
3.900015	0.011145320405914949
3.900015	0.011145320405914949
3.900015	0.011145320405914949
3.900015	0.011145320405914949
3.900015	0.011145320405914949
3.900015	0.011145320405914949
3.900015	0.011145320405914949
3.900015	0.011145320405914949
4.020017	0.0084221516856701067
4.020017	0.0084221516856701067
4.032016	0.0080337042341049793
4.044015	0.0076362698399268427
4.056073	0.0072189224362727514
4.068049	0.0067884722940837585
4.068049	0.0067884722940837585
4.080036	0.0063497810598124316
4.080036	0.0063497810598124316
4.080036	0.0063497810598124316
4.080036	0.0063497810598124316
4.080036	0.0063497810598124316
4.140028	0.003974580937908985
4.140028	0.003974580937908985
4.140028	0.003974580937908985
4.140028	0.003974580937908985
4.140028	0.003974580937908985
4.140028	0.003974580937908985
4.20002	0.0014636974709767165
4.20002	0.0014636974709767165
4.20002	0.0014636974709767165
4.20002	0.0014636974709767165
4.20002	0.0014636974709767165
4.20002	0.0014636974709767165
4.260053	-0.0010017553716802682
4.260053	-0.0010017553716802682
4.260053	-0.0010017553716802682
4.260053	-0.0010017553716802682
4.260053	-0.0010017553716802682
4.260053	-0.0010017553716802682
4.320147	-0.0032423629231461328
4.320147	-0.0032423629231461328
4.320147	-0.0032423629231461328
4.344035	-0.0040301140249842955
4.344035	-0.0040301140249842955
4.344035	-0.0040301140249842955
4.380015	-0.005093378836494163
4.380015	-0.005093378836494163
4.392015	-0.0054009475612224857
4.392015	-0.0054009475612224857
4.392015	-0.0054009475612224857
4.42804	-0.0062184453868768044
4.440016	-0.0064544018201478301
4.440016	-0.0064544018201478301
4.452057	-0.006654635015959736
4.452057	-0.006654635015959736
4.452057	-0.006654635015959736
4.488049	-0.0071412023399943358
4.500036	-0.0072661412226542989
4.500036	-0.0072661412226542989
4.512018	-0.0073545968430916717
4.512018	-0.0073545968430916717
4.512018	-0.0073545968430916717
4.512022	-0.0073546263725927331
4.560019	-0.0075323837777292275
4.572042	-0.0075178560174018619
4.572042	-0.0075178560174018619
4.572042	-0.0075178560174018619
4.572042	-0.0075178560174018619
4.572042	-0.0075178560174018619
4.62002	-0.0073071587552040679
4.62002	-0.0073071587552040679
4.632042	-0.0072050039843352624
4.632042	-0.0072050039843352624
4.632042	-0.0072050039843352624
4.632042	-0.0072050039843352624
4.68002	-0.0066767568942005095
4.68002	-0.0066767568942005095
4.68002	-0.0066767568942005095
4.68002	-0.0066767568942005095
4.68002	-0.0066767568942005095
4.68002	-0.0066767568942005095
4.74004	-0.0057434553805365803
4.74004	-0.0057434553805365803
4.74004	-0.0057434553805365803
4.74004	-0.0057434553805365803
4.74004	-0.0057434553805365803
4.74004	-0.0057434553805365803
4.80002	-0.0046153666077238557
4.80002	-0.0046153666077238557
4.80002	-0.0046153666077238557
4.80002	-0.0046153666077238557
4.80002	-0.0046153666077238557
4.80002	-0.0046153666077238557
4.860024	-0.0033965024318872786
4.860024	-0.0033965024318872786
4.860024	-0.0033965024318872786
4.860024	-0.0033965024318872786
4.860024	-0.0033965024318872786
4.860024	-0.0033965024318872786
4.920019	-0.0021880531706331315
4.920019	-0.0021880531706331315
4.932021	-0.0019575145588023538
4.932021	-0.0019575145588023538
4.932021	-0.0019575145588023538
4.932021	-0.0019575145588023538
4.980128	-0.0010812636030304616
4.980128	-0.0010812636030304616
4.980128	-0.0010812636030304616
5.00404	-0.0006903540794476517
5.00404	-0.0006903540794476517
5.00404	-0.0006903540794476517
5.00404	-0.0006903540794476517
5.040598	-0.00015491500405281875
5.040598	-0.00015491500405281875
5.040598	-0.00015491500405281875
5.040598	-0.00015491500405281875
5.040598	-0.00015491500405281875
5.100049	0.00051538609727523057
5.100049	0.00051538609727523057
5.100049	0.00051538609727523057
5.100049	0.00051538609727523057
5.100049	0.00051538609727523057
5.100049	0.00051538609727523057
5.16004	0.00092111987898747317
5.16004	0.00092111987898747317
5.172077	0.00096645781392953444
5.172077	0.00096645781392953444
5.19602	0.0010339227246956735
5.19602	0.0010339227246956735
5.220019	0.0010634932122761684
5.220019	0.0010634932122761684
5.232042	0.001060780556405115
5.244059	0.0010535239348361852
5.256024	0.0010374258070358986
5.256024	0.0010374258070358986
5.28002	0.00098535198949968508
5.28002	0.00098535198949968508
5.292042	0.00094717365534049448
5.30402	0.00090637197616597292
5.316027	0.00085998847800648152
5.316027	0.00085998847800648152
5.34002	0.00075680404994068237
5.34002	0.00075680404994068237
5.34002	0.00075680404994068237
5.36402	0.00064224726866046863
5.37606	0.00058293576827651904
5.37606	0.00058293576827651904
5.40004	0.00046456769787425257
5.40004	0.00046456769787425257
5.40004	0.00046456769787425257
5.40004	0.00046456769787425257
5.40004	0.00046456769787425257
5.40004	0.00046456769787425257
5.460041	0.00019998634304872401
5.460041	0.00019998634304872401
5.460041	0.00019998634304872401
5.460041	0.00019998634304872401
5.460041	0.00019998634304872401
5.508082	6.5814607422006062e-05
5.520024	4.4663235858893345e-05
5.520024	4.4663235858893345e-05
5.532048	3.4705433179975926e-05
5.532052	3.4702120537700373e-05
5.532052	3.4702120537700373e-05
5.568049	4.1867073924515534e-05
5.580024	5.6816248888035486e-05
5.592045	8.4822279204275201e-05
5.592045	8.4822279204275201e-05
5.604024	0.0001170914890235839
5.604024	0.0001170914890235839
5.604024	0.0001170914890235839
5.640137	0.00026188458725984523
5.640137	0.00026188458725984523
5.640137	0.00026188458725984523
5.640137	0.00026188458725984523
5.640137	0.00026188458725984523
5.640137	0.00026188458725984523
5.700025	0.0006469183069688205
5.700025	0.0006469183069688205
5.700025	0.0006469183069688205
5.700025	0.0006469183069688205
5.700025	0.0006469183069688205
5.700025	0.0006469183069688205
5.760025	0.0011732144548381566
5.760025	0.0011732144548381566
5.760025	0.0011732144548381566
5.784031	0.0014108702939931053
5.784031	0.0014108702939931053
5.784031	0.0014108702939931053
5.820045	0.0017819293243023524
5.820045	0.0017819293243023524
5.820045	0.0017819293243023524
5.820045	0.0017819293243023524
5.820045	0.0017819293243023524
5.820045	0.0017819293243023524
5.880025	0.0024075048776001483
5.880025	0.0024075048776001483
5.880025	0.0024075048776001483
5.880025	0.0024075048776001483
5.880025	0.0024075048776001483
5.928067	0.002876644800900518
5.940025	0.0029867274080045006
5.940025	0.0029867274080045006
5.940025	0.0029867274080045006
5.940025	0.0029867274080045006
5.940025	0.0029867274080045006
5.940025	0.0029867274080045006
6.000024	0.0034599075446609734
6.000024	0.0034599075446609734
6.012029	0.0035347316453693462
6.012029	0.0035347316453693462
6.012029	0.0035347316453693462
6.012029	0.0035347316453693462
6.012029	0.0035347316453693462
6.012029	0.0035347316453693462
6.060045	0.0037728997764438039
6.084045	0.0038401483549322288
6.084045	0.0038401483549322288
6.084045	0.0038401483549322288
6.084045	0.0038401483549322288
6.120046	0.0038775858859783499
6.132037	0.0038666158211166008
6.132037	0.0038666158211166008
6.132037	0.0038666158211166008
6.168085	0.0037815614539468997
6.168085	0.0037815614539468997
6.180029	0.0037359106991312306
6.192047	0.0036719418261760219
6.204025	0.0036020644680194807
6.216045	0.0035198044097132556
6.228048	0.0034254149167064064
6.240025	0.0033251873869099805
6.240025	0.0033251873869099805
6.252048	0.0032065138928830074
6.252048	0.0032065138928830074
6.252048	0.0032065138928830074
6.252048	0.0032065138928830074
6.300134	0.0026440971972961276
6.300134	0.0026440971972961276
6.300134	0.0026440971972961276
6.300134	0.0026440971972961276
6.300134	0.0026440971972961276
6.300134	0.0026440971972961276
6.360025	0.0017258937925045239
6.360025	0.0017258937925045239
6.360025	0.0017258937925045239
6.360025	0.0017258937925045239
6.360025	0.0017258937925045239
6.360025	0.0017258937925045239
6.420025	0.00062391472577515302
6.420025	0.00062391472577515302
6.420025	0.00062391472577515302
6.420025	0.00062391472577515302
6.420025	0.00062391472577515302
6.420025	0.00062391472577515302
6.480055	-0.00057788461568211117
6.480055	-0.00057788461568211117
6.480055	-0.00057788461568211117
6.480055	-0.00057788461568211117
6.480055	-0.00057788461568211117
6.480055	-0.00057788461568211117
6.540025	-0.0017779154204135999
6.552025	-0.0020069864607589775
6.55203	-0.0020070819070257843
6.55203	-0.0020070819070257843
6.55203	-0.0020070819070257843
6.588163	-0.0026667741334022916
6.60003	-0.0028724133059434302
6.60003	-0.0028724133059434302
6.60003	-0.0028724133059434302
6.62403	-0.0032554896509587
6.636028	-0.0034338724927452523
6.636028	-0.0034338724927452523
6.660028	-0.0037613088470000323
6.660028	-0.0037613088470000323
6.672036	-0.0039030492430985695
6.684028	-0.0040377004141120476
6.69607	-0.0041592129992216939
6.69607	-0.0041592129992216939
6.69607	-0.0041592129992216939
6.69607	-0.0041592129992216939
6.69607	-0.0041592129992216939
6.69607	-0.0041592129992216939
6.69607	-0.0041592129992216939
6.69607	-0.0041592129992216939
6.69607	-0.0041592129992216939
6.792028	-0.0046400656874409293
6.792028	-0.0046400656874409293
6.804028	-0.004639339272355888
6.804028	-0.004639339272355888
6.804028	-0.004639339272355888
6.804028	-0.004639339272355888
6.804028	-0.004639339272355888
6.85205	-0.0044928873620680354
6.85205	-0.0044928873620680354
6.85205	-0.0044928873620680354
6.888058	-0.0042498900407125471
6.888058	-0.0042498900407125471
6.888058	-0.0042498900407125471
6.888058	-0.0042498900407125471
6.888058	-0.0042498900407125471
6.936028	-0.003770121725941497
6.94806	-0.0036239562737356359
6.960147	-0.0034719426977580931
6.972054	-0.0033090750004475407
6.972054	-0.0033090750004475407
6.984048	-0.0031410974914628173
6.984048	-0.0031410974914628173
6.984048	-0.0031410974914628173
6.984048	-0.0031410974914628173
6.984048	-0.0031410974914628173
6.984048	-0.0031410974914628173
6.984048	-0.0031410974914628173
6.984048	-0.0031410974914628173
6.984048	-0.0031410974914628173
6.984048	-0.0031410974914628173
6.984048	-0.0031410974914628173
7.092079	-0.0013945433011964157
7.104145	-0.0011865250248958811
7.116048	-0.00098081917615817915
7.128053	-0.00077400641252401781
7.128053	-0.00077400641252401781
7.128053	-0.00077400641252401781
7.128053	-0.00077400641252401781
7.128053	-0.00077400641252401781
7.128053	-0.00077400641252401781
7.188052	0.00023316092304667853
7.200028	0.00042621264762106933
7.212028	0.00061218771412491798
7.212028	0.00061218771412491798
7.212028	0.00061218771412491798
7.212028	0.00061218771412491798
7.24807	0.0011428374884761667
7.24807	0.0011428374884761667
7.260754	0.0013182558572399552
7.272049	0.0014641238414327313
7.272049	0.0014641238414327313
7.272049	0.0014641238414327313
7.308065	0.0018896592256701726
7.308065	0.0018896592256701726
7.308065	0.0018896592256701726
7.308065	0.0018896592256701726
7.308065	0.0018896592256701726
7.308065	0.0018896592256701726
7.368112	0.0024220366277134591
7.380049	0.0025022248568392687
7.392029	0.0025657362372094573
7.392029	0.0025657362372094573
7.404048	0.0026235808461872721
7.416028	0.0026697096017763654
7.428053	0.0027042204154065072
7.440028	0.0027327551961222434
7.440028	0.0027327551961222434
7.452038	0.0027438664483272687
7.452038	0.0027438664483272687
7.452038	0.0027438664483272687
7.48809	0.0027253657453118274
7.500053	0.0027023107221798058
7.500053	0.0027023107221798058
7.500053	0.0027023107221798058
7.524046	0.0026185790695275189
7.536048	0.0025638867799426994
7.548061	0.0024994721340737356
7.560028	0.0024305495133575845
7.560032	0.0024305220770155338
7.560032	0.0024305220770155338
7.560032	0.0024305220770155338
7.560032	0.0024305220770155338
7.560032	0.0024305220770155338
7.620652	0.0019559359187486208
7.620652	0.0019559359187486208
7.620652	0.0019559359187486208
7.644052	0.0017321093842630412
7.644052	0.0017321093842630412
7.644052	0.0017321093842630412
7.680032	0.0013609376088820368
7.680032	0.0013609376088820368
7.680032	0.0013609376088820368
7.704032	0.0011005060552449471
7.704032	0.0011005060552449471
7.728056	0.00083664137850233814
7.740032	0.000705063070709805
7.752076	0.00057445063370923743
7.752076	0.00057445063370923743
7.752076	0.00057445063370923743
7.776052	0.00031904055853256344
7.776052	0.00031904055853256344
7.776052	0.00031904055853256344
7.776052	0.00031904055853256344
7.776052	0.00031904055853256344
7.776052	0.00031904055853256344
7.776052	0.00031904055853256344
7.800052	7.4179192295992493e-05
7.860032	-0.00045803432006488894
7.860032	-0.00045803432006488894
7.860032	-0.00045803432006488894
7.884069	-0.00062877775429581923
7.884069	-0.00062877775429581923
7.884069	-0.00062877775429581923
7.920032	-0.00083575134866264414
7.920032	-0.00083575134866264414
7.920032	-0.00083575134866264414
7.920032	-0.00083575134866264414
7.920032	-0.00083575134866264414
7.968057	-0.0010011776181458245
7.980032	-0.0010261501616768344
7.992034	-0.0010381868177417573
7.992034	-0.0010381868177417573
7.992034	-0.0010381868177417573
7.992034	-0.0010381868177417573
7.992034	-0.0010381868177417573
7.992034	-0.0010381868177417573
8.040053	-0.0010229618308389887
8.052034	-0.00099808391763148694
8.052034	-0.00099808391763148694
8.052034	-0.00099808391763148694
8.088065	-0.00089040501186696329
8.100032	-0.00084421568228396733
8.100032	-0.00084421568228396733
8.100032	-0.00084421568228396733
8.100032	-0.00084421568228396733
8.136032	-0.00066612667026115166
8.149092	-0.0005909663143859995
8.149092	-0.0005909663143859995
8.149092	-0.0005909663143859995
8.149092	-0.0005909663143859995
8.185146	-0.0003617867320456421
8.185146	-0.0003617867320456421
8.185146	-0.0003617867320456421
8.185146	-0.0003617867320456421
8.185146	-0.0003617867320456421
8.185146	-0.0003617867320456421
8.185146	-0.0003617867320456421
8.209032	-0.00019484086662304562
8.269072	0.00025104217855560578
8.281484	0.00034456410592289459
8.281484	0.00034456410592289459
8.281484	0.00034456410592289459
8.281484	0.00034456410592289459
8.281484	0.00034456410592289459
8.329032	0.00069197254391558099
8.329032	0.00069197254391558099
8.329032	0.00069197254391558099
8.329032	0.00069197254391558099
8.329032	0.00069197254391558099
8.377034	0.0010077524833155861
8.389034	0.0010773510400330691
8.389034	0.0010773510400330691
8.389034	0.0010773510400330691
8.389034	0.0010773510400330691
8.389034	0.0010773510400330691
8.437035	0.0013147086434733041
8.437035	0.0013147086434733041
8.449053	0.0013601707739998004
8.461432	0.0014034912653087003
8.461432	0.0014034912653087003
8.461432	0.0014034912653087003
8.461432	0.0014034912653087003
8.509033	0.0015015417561013119
8.52104	0.0015121799168228323
8.533143	0.0015123041209856283
8.533143	0.0015123041209856283
8.533143	0.0015123041209856283
8.533143	0.0015123041209856283
8.569033	0.0014751235136905671
8.569033	0.0014751235136905671
8.581063	0.0014503718070566934
8.581063	0.0014503718070566934
8.581063	0.0014503718070566934
8.581063	0.0014503718070566934
8.629062	0.0012706536964833144
8.64104	0.0012108620425926367
8.64104	0.0012108620425926367
8.64104	0.0012108620425926367
8.64104	0.0012108620425926367
8.64104	0.0012108620425926367
8.68906	0.00089809519066877776
8.68906	0.00089809519066877776
8.701041	0.00080732832536308354
8.701041	0.00080732832536308354
8.701041	0.00080732832536308354
8.701041	0.00080732832536308354
8.749041	0.00038790377845619945
8.761061	0.00027398721888165993
8.773121	0.00015482117735979604
8.773121	0.00015482117735979604
8.773121	0.00015482117735979604
8.773121	0.00015482117735979604
8.809044	-0.00021161800081161508
8.809044	-0.00021161800081161508
8.821061	-0.00033694268606698942
8.833117	-0.00046362652058557494
8.833117	-0.00046362652058557494
8.833117	-0.00046362652058557494
8.869041	-0.00083843547791843465
8.869041	-0.00083843547791843465
8.869041	-0.00083843547791843465
8.869041	-0.00083843547791843465
8.869041	-0.00083843547791843465
8.917039	-0.0013147531689822866
8.929085	-0.0014253191757853095
8.929085	-0.0014253191757853095
8.929085	-0.0014253191757853095
8.929085	-0.0014253191757853095
8.929085	-0.0014253191757853095
8.977059	-0.0018220761345909353
8.989039	-0.00190574856082046
8.989039	-0.00190574856082046
9.013106	-0.0020564082065977142
9.013106	-0.0020564082065977142
9.025156	-0.0021214177921955262
9.025156	-0.0021214177921955262
9.049039	-0.0022266238836526966
9.049039	-0.0022266238836526966
9.049039	-0.0022266238836526966
9.073484	-0.002302775344743099
9.073484	-0.002302775344743099
9.073484	-0.002302775344743099
9.109059	-0.0023514785129249939
9.109059	-0.0023514785129249939
9.109059	-0.0023514785129249939
9.109059	-0.0023514785129249939
9.145138	-0.0023262683312592213
9.157064	-0.0023018269433165528
9.169039	-0.0022670457801407338
9.181039	-0.0022277242681487991
9.181039	-0.0022277242681487991
9.181039	-0.0022277242681487991
9.181039	-0.0022277242681487991
9.181039	-0.0022277242681487991
9.229039	-0.0019835349625069113
9.229039	-0.0019835349625069113
9.229039	-0.0019835349625069113
9.229039	-0.0019835349625069113
9.229039	-0.0019835349625069113
9.229039	-0.0019835349625069113
9.28906	-0.0015312064709099222
9.28906	-0.0015312064709099222
9.28906	-0.0015312064709099222
9.28906	-0.0015312064709099222
9.28906	-0.0015312064709099222
9.337046	-0.0010786457122159332
9.349059	-0.00095545222663423728
9.349059	-0.00095545222663423728
9.349059	-0.00095545222663423728
9.349059	-0.00095545222663423728
9.349059	-0.00095545222663423728
9.397039	-0.00044196101000245572
9.409039	-0.00030972362052559844
9.42106	-0.00017686597705796685
9.42106	-0.00017686597705796685
9.433116	-4.3407303810979331e-05
9.433116	-4.3407303810979331e-05
9.433116	-4.3407303810979331e-05
9.433116	-4.3407303810979331e-05
9.469043	0.00035018620235234939
9.481483	0.00048412239953162293
9.493112	0.00060641219856138735
9.493112	0.00060641219856138735
9.493112	0.00060641219856138735
9.493112	0.00060641219856138735
9.529041	0.00096890751709924588
9.541041	0.0010842692211153967
9.541041	0.0010842692211153967
9.541041	0.0010842692211153967
9.541046	0.0010843147248927338
9.58909	0.0014962166695161297
9.58909	0.0014962166695161297
9.58909	0.0014962166695161297
9.58909	0.0014962166695161297
9.625145	0.001750600594100025
9.625145	0.001750600594100025
9.649044	0.0018875408088775271
9.649044	0.0018875408088775271
9.649044	0.0018875408088775271
9.649044	0.0018875408088775271
9.649044	0.0018875408088775271
9.649044	0.0018875408088775271
9.709044	0.002111018595503522
9.721091	0.0021357252605178037
9.721091	0.0021357252605178037
9.733652	0.0021493988774504555
9.745197	0.0021564198582593808
9.745197	0.0021564198582593808
9.769064	0.0021472741699506623
9.769064	0.0021472741699506623
9.769064	0.0021472741699506623
9.793109	0.002108394733972205
9.793109	0.002108394733972205
9.793109	0.002108394733972205
9.829065	0.00199429023335155
9.829065	0.00199429023335155
9.829065	0.00199429023335155
9.853151	0.0018829535587754152
9.865149	0.0018178419706416829
9.878072	0.0017412175681556909
9.878072	0.0017412175681556909
9.902067	0.0015795579487216966
9.902067	0.0015795579487216966
9.902067	0.0015795579487216966
9.902067	0.0015795579487216966
9.938069	0.001299030268945376
9.950052	0.0011963384600721554
9.962044	0.0010916078984575183
9.962044	0.0010916078984575183
9.97412	0.00098170075172151149
9.97412	0.00098170075172151149
9.97412	0.00098170075172151149
9.97412	0.00098170075172151149
9.97412	0.00098170075172151149
10.022066	0.0005260184335296647
10.034064	0.00040876893271531243
10.046063	0.00029153283843556474
10.046063	0.00029153283843556474
10.070044	5.8454395674681326e-05
10.070044	5.8454395674681326e-05
10.070044	5.8454395674681326e-05
10.070044	5.8454395674681326e-05
10.070044	5.8454395674681326e-05
10.070044	5.8454395674681326e-05
10.070044	5.8454395674681326e-05
10.070044	5.8454395674681326e-05
10.070044	5.8454395674681326e-05
10.070044	5.8454395674681326e-05
10.070044	5.8454395674681326e-05
10.070044	5.8454395674681326e-05
10.190044	-0.00096058666562790125
10.190044	-0.00096058666562790125
10.190044	-0.00096058666562790125
10.190044	-0.00096058666562790125
10.190044	-0.00096058666562790125
10.190044	-0.00096058666562790125
10.190044	-0.00096058666562790125
10.190044	-0.00096058666562790125
10.190044	-0.00096058666562790125
10.190044	-0.00096058666562790125
10.287066	-0.0014233018575565564
10.299046	-0.0014528252062218402
10.299046	-0.0014528252062218402
10.299046	-0.0014528252062218402
10.299046	-0.0014528252062218402
10.299046	-0.0014528252062218402
10.299046	-0.0014528252062218402
10.359086	-0.0014909589900602683
10.371482	-0.0014764698259519952
10.371482	-0.0014764698259519952
10.371482	-0.0014764698259519952
10.371482	-0.0014764698259519952
10.371482	-0.0014764698259519952
10.419065	-0.0013683924034457837
10.419065	-0.0013683924034457837
10.419065	-0.0013683924034457837
10.419065	-0.0013683924034457837
10.455144	-0.0012256033872503115
10.455144	-0.0012256033872503115
10.455144	-0.0012256033872503115
10.455144	-0.0012256033872503115
10.455144	-0.0012256033872503115
10.455144	-0.0012256033872503115
10.479046	-0.0011085912271933695
10.527048	-0.00082452769910989208
10.539066	-0.00074647973395605347
10.551046	-0.0006650377130099466
10.551046	-0.0006650377130099466
10.551046	-0.0006650377130099466
10.55105	-0.00066501041755960403
10.58705	-0.00041155069515909083
10.599079	-0.00032455755818251052
10.611051	-0.0002371203184275901
10.62316	-0.00014863056145991685
10.62316	-0.00014863056145991685
10.62316	-0.00014863056145991685
10.647071	2.5361898714220288e-05
10.65905	0.00011177702462091354
10.65905	0.00011177702462091354
10.65905	0.00011177702462091354
10.683117	0.00028068503315506948
10.69515	0.00036244887367860068
10.69515	0.00036244887367860068
10.71905	0.00051866727107929638
10.71905	0.00051866727107929638
10.71905	0.00051866727107929638
10.74312	0.00066379142927847599
10.74312	0.00066379142927847599
10.74312	0.00066379142927847599
10.779069	0.00085536654815843833
10.79105	0.00090977035206676795
10.79105	0.00090977035206676795
10.79105	0.00090977035206676795
10.79105	0.00090977035206676795
10.79105	0.00090977035206676795
10.83905	0.0010876349291500762
10.85105	0.0011177678599414941
10.863142	0.0011450830416641065
10.863142	0.0011450830416641065
10.863142	0.0011450830416641065
10.863142	0.0011450830416641065
10.899053	0.0011915344135139422
10.899053	0.0011915344135139422
10.91107	0.0011940311482310298
10.923112	0.0011933341346618462
10.923112	0.0011933341346618462
10.947049	0.0011724349680518576
10.959048	0.0011553340587836317
10.959048	0.0011553340587836317
10.983117	0.0011009897168014458
10.983117	0.0011009897168014458
10.995148	0.001065692444270011
11.007048	0.0010257961968514807
11.019095	0.00098193411329738109
11.019095	0.00098193411329738109
11.019095	0.00098193411329738109
11.019095	0.00098193411329738109
11.019095	0.00098193411329738109
11.019095	0.00098193411329738109
11.079067	0.00069006111407801207
11.079067	0.00069006111407801207
11.103114	0.00054623891294399015
11.103114	0.00054623891294399015
11.103114	0.00054623891294399015
11.103114	0.00054623891294399015
11.139048	0.0003116779528138485
11.139048	0.0003116779528138485
11.139048	0.0003116779528138485
11.139048	0.0003116779528138485
11.175168	5.9496044070998344e-05
11.175168	5.9496044070998344e-05
11.199088	-0.00011100745045067297
11.199088	-0.00011100745045067297
11.199088	-0.00011100745045067297
11.199088	-0.00011100745045067297
11.235163	-0.00036580922614554384
11.248073	-0.00045439822675550934
11.260048	-0.00053561691445413962
11.260048	-0.00053561691445413962
11.260048	-0.00053561691445413962
11.260048	-0.00053561691445413962
11.260048	-0.00053561691445413962
11.308073	-0.000832786484502036
11.320068	-0.00090051080169013407
11.320068	-0.00090051080169013407
11.320068	-0.00090051080169013407
11.320068	-0.00090051080169013407
11.320068	-0.00090051080169013407
11.320068	-0.00090051080169013407
11.380048	-0.0011707011239638679
11.392056	-0.0012088480660226734
11.392056	-0.0012088480660226734
11.404204	-0.001244346231726576
11.404204	-0.001244346231726576
11.428095	-0.0012964792246678068
11.428095	-0.0012964792246678068
11.428095	-0.0012964792246678068
11.428095	-0.0012964792246678068
11.44005	-0.0013164895291329524
11.47605	-0.0013360515291418247
11.488091	-0.0013309595159795118
11.50005	-0.0013227760277663302
11.51205	-0.0013053062304413702
11.51205	-0.0013053062304413702
11.51205	-0.0013053062304413702
11.51205	-0.0013053062304413702
11.51205	-0.0013053062304413702
11.51205	-0.0013053062304413702
11.51205	-0.0013053062304413702
11.512055	-0.0013052989513591517
11.56007	-0.0011906641670253498
11.596055	-0.0010502916837167194
11.596055	-0.0010502916837167194
11.596055	-0.0010502916837167194
11.596055	-0.0010502916837167194
11.596055	-0.0010502916837167194
11.596055	-0.0010502916837167194
11.596055	-0.0010502916837167194
11.620076	-0.00093629267062113612
11.680059	-0.00058767767904391018
11.680059	-0.00058767767904391018
11.680059	-0.00058767767904391018
11.704055	-0.00042927056179779805
11.704055	-0.00042927056179779805
11.728079	-0.00026412612756097426
11.728079	-0.00026412612756097426
11.728079	-0.00026412612756097426
11.728079	-0.00026412612756097426
11.728079	-0.00026412612756097426
11.740055	-0.00018035811906306999
11.788086	0.00016115187180142419
11.788086	0.00016115187180142419
11.788086	0.00016115187180142419
11.788086	0.00016115187180142419
11.788086	0.00016115187180142419
11.836055	0.00049371326128750163
11.848114	0.00057331113232640175
11.860055	0.00065109189065505114
11.860055	0.00065109189065505114
11.860055	0.00065109189065505114
11.860055	0.00065109189065505114
11.860055	0.00065109189065505114
11.908078	0.00093348295702901281
11.920074	0.00099749892567414246
11.920074	0.00099749892567414246
11.920074	0.00099749892567414246
11.920074	0.00099749892567414246
11.920074	0.00099749892567414246
11.932099	0.0010555727665410397
11.980075	0.0012525065880985855
11.980075	0.0012525065880985855
11.980075	0.0012525065880985855
12.004055	0.0013219595734532774
12.016073	0.0013499560662374513
12.016073	0.0013499560662374513
12.040053	0.0013915605814442706
12.040053	0.0013915605814442706
12.040053	0.0013915605814442706
12.040053	0.0013915605814442706
12.040053	0.0013915605814442706
12.088094	0.0014075569999219399
12.088094	0.0014075569999219399
12.088094	0.0014075569999219399
12.088094	0.0014075569999219399
12.088094	0.0014075569999219399
12.088094	0.0014075569999219399
12.088094	0.0014075569999219399
12.088094	0.0014075569999219399
12.160449	0.0012756041219468832
12.160449	0.0012756041219468832
12.160449	0.0012756041219468832
12.160449	0.0012756041219468832
12.160449	0.0012756041219468832
12.160449	0.0012756041219468832
12.220553	0.0010298604278670517
12.232058	0.00096971472530199456
12.244081	0.00090488248896278126
12.244081	0.00090488248896278126
12.244081	0.00090488248896278126
12.280074	-0.0084129350424847794
12.280074	-0.0084129350424847794
12.280074	-0.0084129350424847794
12.280074	-0.0084129350424847794
12.316053	-0.014080053694613634
12.328116	-0.014722918927095877
12.340094	-0.015134450555432864
12.340094	-0.015134450555432864
12.352075	-0.015209685471579141
12.352075	-0.015209685471579141
12.352075	-0.015209685471579141
12.388078	-0.016697333387828854
12.400053	-0.016895424789118114
12.412083	-0.016802169397874
12.412083	-0.016802169397874
12.412083	-0.016802169397874
12.412083	-0.016802169397874
12.448079	-0.016096135826740885
12.448079	-0.016096135826740885
12.448079	-0.016096135826740885
12.448079	-0.016096135826740885
12.448079	-0.016096135826740885
12.460093	-0.015762449097234791
12.509053	-0.016542268955045885
12.509053	-0.016542268955045885
12.533119	-0.015793993839577327
12.533119	-0.015793993839577327
12.533119	-0.015793993839577327
12.533119	-0.015793993839577327
12.533119	-0.015793993839577327
12.569053	-0.014661215969715199
12.593156	-0.014286342338413896
12.593156	-0.014286342338413896
12.593156	-0.014286342338413896
12.593156	-0.014286342338413896
12.629077	-0.012691463530550347
12.629077	-0.012691463530550347
12.629077	-0.012691463530550347
12.629077	-0.012691463530550347
12.665155	-0.011087674314126356
12.665155	-0.011087674314126356
12.689079	-0.011325267512269463
12.689079	-0.011325267512269463
12.689079	-0.011325267512269463
12.689079	-0.011325267512269463
12.689079	-0.011325267512269463
12.689079	-0.011325267512269463
12.749058	-0.0083816869859161137
12.749058	-0.0083816869859161137
12.761091	-0.007662499852123356
12.761091	-0.007662499852123356
12.761091	-0.007662499852123356
12.797058	-0.0068323813148883925
12.809058	-0.0061862737486573132
12.821079	-0.0054822750601989829
12.833132	-0.0046926290345833364
12.833132	-0.0046926290345833364
12.845212	-0.0038839282599251314
12.845212	-0.0038839282599251314
12.869077	-0.0021158965132198888
12.869077	-0.0021158965132198888
12.881058	-0.0011330933620096457
12.881058	-0.0011330933620096457
12.905263	0.00067772880621366923
12.917058	0.0015226963545296244
12.929058	0.0023566874595301085
12.929058	0.0023566874595301085
12.929058	0.0023566874595301085
12.929058	0.0023566874595301085
12.929058	0.0023566874595301085
12.929058	0.0023566874595301085
12.989062	0.003449128242963386
13.001078	0.0035768392485436072
13.001078	0.0035768392485436072
13.013134	0.0040103209810623706
13.013134	0.0040103209810623706
13.013134	0.0040103209810623706
13.049059	0.0056911011735636501
13.061059	0.0062701178750284694
13.073134	0.0063339577044410917
13.073134	0.0063339577044410917
13.073134	0.0063339577044410917
13.073134	0.0063339577044410917
13.109098	0.0073461216082727297
13.121064	0.0078371928634646364
13.121064	0.0078371928634646364
13.133496	0.0083875064615182935
13.133496	0.0083875064615182935
13.157081	0.0094351507508906082
13.16906	0.0096912406096171747
13.16906	0.0096912406096171747
13.16906	0.0096912406096171747
13.16906	0.0096912406096171747
13.205168	0.010560141774608794
13.217086	0.010945205715405281
13.22906	0.011338368119833861
13.241103	0.011734402040325581
13.241103	0.011734402040325581
13.241103	0.011734402040325581
13.241103	0.011734402040325581
13.277061	0.01226007094880114
13.28908	0.012349672175793412
13.30106	0.012490704642056547
13.30106	0.012490704642056547
13.30106	0.012490704642056547
13.325213	0.012907700362835202
13.325213	0.012907700362835202
13.34908	0.013331471826976709
13.34908	0.013331471826976709
13.373176	0.0054503332449237288
13.373176	0.0054503332449237288
13.373176	0.0054503332449237288
13.397082	-0.0034383390393221279
13.40906	-0.0053029523595891663
13.40906	-0.0053029523595891663
13.40906	-0.0053029523595891663
13.40906	-0.0053029523595891663
13.40906	-0.0053029523595891663
13.45707	-0.0074907966906242541
13.46908	-0.0019365461365165853
13.48106	0.0050775815733303297
13.48106	0.0050775815733303297
13.48106	0.0050775815733303297
13.48106	0.0050775815733303297
13.536923	0.015084230675008919
13.548127	0.015674637721017282
13.548127	0.015674637721017282
13.561064	0.015767300904430251
13.561064	0.015767300904430251
13.585059	0.007439474105479107
13.597179	0.0053049277259477265
13.597179	0.0053049277259477265
13.597179	0.0053049277259477265
13.597179	0.0053049277259477265
13.597179	0.0053049277259477265
13.597179	0.0053049277259477265
13.657264	0.0027400579094280769
13.657264	0.0027400579094280769
13.657264	0.0027400579094280769
13.681064	0.011588031426413171
13.681064	0.011588031426413171
13.681064	0.011588031426413171
13.717178	0.017216288365450878
13.717178	0.017216288365450878
13.729064	0.017922684814543184
13.729064	0.017922684814543184
13.753146	0.018708513203569914
13.753146	0.018708513203569914
13.777189	0.019825111545335165
13.777189	0.019825111545335165
13.777189	0.019825111545335165
13.777189	0.019825111545335165
13.777189	0.019825111545335165
13.777189	0.019825111545335165
13.837165	0.02032459232133248
13.837165	0.02032459232133248
13.849064	0.020170160286266184
13.849064	0.020170160286266184
13.849064	0.020170160286266184
13.849064	0.020170160286266184
13.897168	0.0092188944943116559
13.897168	0.0092188944943116559
13.909065	0.0078183688034229714
13.909065	0.0078183688034229714
13.933437	0.0060437118332227853
13.933437	0.0060437118332227853
13.957194	0.0051043741154608918
13.957194	0.0051043741154608918
13.969064	0.0089164382175138789
13.969064	0.0089164382175138789
13.99314	0.016073272237577922
13.99314	0.016073272237577922
14.017165	0.018518122469581802
14.017165	0.018518122469581802
14.017165	0.018518122469581802
14.041064	0.018911402649652083
14.053245	0.018696101119062981
14.053245	0.018696101119062981
14.077182	0.030354474491295004
14.077182	0.030354474491295004
14.089069	0.034829358003944502
14.101063	0.037986670265879215
14.113159	0.039032699123702844
14.125064	0.039580146781624435
14.137165	0.039474661540298821
14.137165	0.039474661540298821
14.149064	0.038932582242548149
14.161064	0.037741933384675116
14.173146	0.031309970833213262
14.185167	0.026111312081064954
14.197177	0.022508847767180342
14.197177	0.022508847767180342
14.197177	0.022508847767180342
14.197177	0.022508847767180342
14.233148	0.01596569852511201
14.233148	0.01596569852511201
14.257172	0.012942294711695354
14.257172	0.012942294711695354
14.257172	0.012942294711695354
14.281064	0.008071238507023409
14.29314	0.0062078358266216575
14.305064	0.0045209478221921416
14.317324	0.0029997130308310411
14.317324	0.0029997130308310411
14.329064	0.0016746680903999118
14.329064	0.0016746680903999118
14.329064	0.0016746680903999118
14.365064	-0.0033914121554287349
14.377183	-0.0077581841030615016
14.377183	-0.0077581841030615016
14.377183	-0.0077581841030615016
14.377183	-0.0077581841030615016
14.413151	-0.014877227255570124
14.413151	-0.014877227255570124
14.437166	-0.01763949196927439
14.437166	-0.01763949196927439
14.449163	-0.018714826712570652
14.449163	-0.018714826712570652
14.473147	-0.017273795157924658
14.473147	-0.017273795157924658
14.497187	-0.015192279100383812
14.497187	-0.015192279100383812
14.497187	-0.015192279100383812
14.497187	-0.015192279100383812
14.497187	-0.015192279100383812
14.497187	-0.015192279100383812
14.55717	-0.016698019199131508
14.55717	-0.016698019199131508
14.55717	-0.016698019199131508
14.55717	-0.016698019199131508
14.557175	-0.01669823977966153
14.605069	-0.01769035000278589
14.617173	-0.018087281709417202
14.617173	-0.018087281709417202
14.629069	-0.018476773266112408
14.641068	-0.018866304037907036
14.653139	-0.019225856982419177
14.653139	-0.019225856982419177
14.677196	-0.019307940437050773
14.677196	-0.019307940437050773
14.689069	-0.019342170837598951
14.689069	-0.019342170837598951
14.689069	-0.019342170837598951
14.689069	-0.019342170837598951
14.737165	-0.019737093703077101
14.737165	-0.019737093703077101
14.749073	-0.019807175108433283
14.749073	-0.019807175108433283
14.773141	-0.019438623270647114
14.785069	-0.019124966016951312
14.797165	-0.018905453973882137
14.797165	-0.018905453973882137
14.809088	-0.01872976554746145
14.809088	-0.01872976554746145
14.833141	-0.018401447785674058
14.833141	-0.018401447785674058
14.833141	-0.018401447785674058
14.857644	-0.018033545586641584
14.857644	-0.018033545586641584
14.857644	-0.018033545586641584
14.857644	-0.018033545586641584
14.857644	-0.018033545586641584
14.857644	-0.018033545586641584
14.857644	-0.018033545586641584
14.857644	-0.018033545586641584
14.91717	-0.015905038520362173
14.953143	-0.014869098105801257
14.953143	-0.014869098105801257
14.977256	-0.013690012712776211
14.977256	-0.013690012712776211
14.977256	-0.013690012712776211
14.977256	-0.013690012712776211
14.977256	-0.013690012712776211
15.025075	-0.011698447646027935
15.037187	-0.011254210238880201
15.037187	-0.011254210238880201
15.049075	-0.010822031632119656
15.061075	-0.010361682527952654
15.061075	-0.010361682527952654
15.085075	-0.0089906566823577741
15.09717	-0.0084198708813218136
15.09717	-0.0084198708813218136
15.09717	-0.0084198708813218136
15.09717	-0.0084198708813218136
15.09717	-0.0084198708813218136
15.09717	-0.0084198708813218136
15.157179	-0.0060510325489648506
15.157179	-0.0060510325489648506
15.169075	-0.0054171712196070948
15.169075	-0.0054171712196070948
15.193138	-0.0041843510160229714
15.193138	-0.0041843510160229714
15.217186	-0.0032066201884281839
15.217186	-0.0032066201884281839
15.217186	-0.0032066201884281839
15.217186	-0.0032066201884281839
15.217186	-0.0032066201884281839
15.217186	-0.0032066201884281839
15.277186	-0.001410397073165848
15.277186	-0.001410397073165848
15.277186	-0.001410397073165848
15.301075	-0.00084564144640784423
15.313147	-0.00053327108118917678
15.313147	-0.00053327108118917678
15.337169	8.9328080427797786e-05
15.337169	8.9328080427797786e-05
15.349075	0.00039143829307118107
15.349075	0.00039143829307118107
15.373215	0.0016258059082680124
15.385075	0.0023437547945915206
15.397186	0.0028819787369745863
15.397186	0.0028819787369745863
15.397186	0.0028819787369745863
15.397186	0.0028819787369745863
15.397186	0.0028819787369745863
15.397186	0.0028819787369745863
15.397186	0.0028819787369745863
15.397186	0.0028819787369745863
15.397186	0.0028819787369745863
15.45717	0.0043818857690672243
15.49314	0.005392540694726165
15.49314	0.005392540694726165
15.517171	0.0057946096610858259
15.517171	0.0057946096610858259
15.529096	0.0059362592833741099
15.529096	0.0059362592833741099
15.553143	0.0061663910744425817
15.565075	0.0063562051267339525
15.577225	0.0066724293990697292
15.577225	0.0066724293990697292
15.589104	0.0068701076901835035
15.589109	0.0068701765907925282
15.613143	0.0071174513734433313
15.613143	0.0071174513734433313
15.613143	0.0071174513734433313
15.613143	0.0071174513734433313
15.613143	0.0071174513734433313
15.613143	0.0071174513734433313
15.613143	0.0071174513734433313
15.63725	0.0072340284786771404
15.697174	0.0085377700881760221
15.697174	0.0085377700881760221
15.70908	0.0086520396829242521
15.721101	0.0087227012315175927
15.721101	0.0087227012315175927
15.721101	0.0087227012315175927
15.757179	0.0086536799090902762
15.757179	0.0086536799090902762
15.769153	0.0096425253550774404
15.78108	0.010874752767382787
15.793145	0.01140681990436288
15.793145	0.01140681990436288
15.817186	0.011926605197278631
15.817186	0.011926605197278631
15.817186	0.011926605197278631
15.817186	0.011926605197278631
15.853165	0.011768698769600818
15.853165	0.011768698769600818
15.877185	0.0093145658235268009
15.877185	0.0093145658235268009
15.877185	0.0093145658235268009
15.877185	0.0093145658235268009
15.877185	0.0093145658235268009
15.877185	0.0093145658235268009
15.937176	0.0061080781641802018
15.937176	0.0061080781641802018
15.94908	0.0058259469086201976
15.96108	0.0055745603797275074
15.973152	0.0054691211219885707
15.9851	0.0053414841812100405
15.997175	0.0051808981836621911
15.997175	0.0051808981836621911
15.997175	0.0051808981836621911
15.997175	0.0051808981836621911
15.997175	0.0051808981836621911
15.997175	0.0051808981836621911
16.05718	0.0041940291067031604
16.05718	0.0041940291067031604
16.05718	0.0041940291067031604
16.08108	0.0038312456676044362
16.093144	0.0036285465858256994
16.093144	0.0036285465858256994
16.117192	0.0032066804030916329
16.117192	0.0032066804030916329
16.117192	0.0032066804030916329
16.117192	0.0032066804030916329
16.153147	0.002543272195419295
16.153147	0.002543272195419295
16.17719	0.002171069678816564
16.17719	0.002171069678816564
16.17719	0.002171069678816564
16.17719	0.002171069678816564
16.213146	0.0015556843110420806
16.22508	0.0013363738631907256
16.237175	0.0011099760994260533
16.237175	0.0011099760994260533
16.237175	0.0011099760994260533
16.237175	0.0011099760994260533
16.273145	0.00044945326407741753
16.285098	0.00023719302269534489
16.29725	1.4559696173665354e-05
16.29725	1.4559696173665354e-05
16.29725	1.4559696173665354e-05
16.29725	1.4559696173665354e-05
16.29725	1.4559696173665354e-05
16.29725	1.4559696173665354e-05
16.357177	-0.0011132663042494166
16.357177	-0.0011132663042494166
16.36908	-0.0013139349460764393
16.36908	-0.0013139349460764393
16.36908	-0.0013139349460764393
16.36908	-0.0013139349460764393
16.417175	-0.0021523219402244833
16.417175	-0.0021523219402244833
16.429151	-0.0023698903198968425
16.429151	-0.0023698903198968425
16.429151	-0.0023698903198968425
16.429151	-0.0023698903198968425
16.477192	-0.0037304524306518323
16.477192	-0.0037304524306518323
16.477192	-0.0037304524306518323
16.477192	-0.0037304524306518323
16.513154	-0.00475543905299967
16.525102	-0.0049965842728308448
16.537193	-0.0052109979840509781
16.537193	-0.0052109979840509781
16.537193	-0.0052109979840509781
16.537193	-0.0052109979840509781
16.573151	-0.0057491087392292639
16.573151	-0.0057491087392292639
16.597191	-0.006060557186737859
16.609087	-0.0062009295305101618
16.609087	-0.0062009295305101618
16.609087	-0.0062009295305101618
16.633157	-0.0064648272783019494
16.645086	-0.0065841765373059209
16.657204	-0.0066976735394847142
16.657204	-0.0066976735394847142
16.657204	-0.0066976735394847142
16.657204	-0.0066976735394847142
16.657204	-0.0066976735394847142
16.705087	-0.0073849382261214416
16.71718	-0.0074766417869372081
16.71718	-0.0074766417869372081
16.71718	-0.0074766417869372081
16.71718	-0.0074766417869372081
16.753163	-0.0076268603792901341
16.753163	-0.0076268603792901341
16.777215	-0.0074761219245013544
16.777215	-0.0074761219245013544
16.777215	-0.0074761219245013544
16.777215	-0.0074761219245013544
16.777215	-0.0074761219245013544
16.777215	-0.0074761219245013544
16.837192	-0.0071450788196127778
16.837192	-0.0071450788196127778
16.849087	-0.0070722225402281803
16.849087	-0.0070722225402281803
16.87315	-0.0069000892665632332
16.87315	-0.0069000892665632332
16.897214	-0.0066861901478030587
16.897214	-0.0066861901478030587
16.897214	-0.0066861901478030587
16.897214	-0.0066861901478030587
16.93315	-0.006278470156009284
16.93315	-0.006278470156009284
16.957269	-0.0059519775902541561
16.957269	-0.0059519775902541561
16.969086	-0.0054954444688941929
16.969086	-0.0054954444688941929
16.993176	-0.0045918398709244431
17.005087	-0.0042640883451669801
17.017192	-0.0039784168528562234
17.017192	-0.0039784168528562234
17.029176	-0.0037210709202707731
17.029176	-0.0037210709202707731
17.053173	-0.0032336638039900121
17.053173	-0.0032336638039900121
17.053173	-0.0032336638039900121
17.053173	-0.0032336638039900121
17.053173	-0.0032336638039900121
17.053173	-0.0032336638039900121
17.053173	-0.0032336638039900121
17.077193	-0.0027767234816026866
17.137188	-0.0015878676593029631
17.137188	-0.0015878676593029631
17.149087	-0.0013450156597162902
17.149087	-0.0013450156597162902
17.149087	-0.0013450156597162902
17.185108	-0.00074198333718207348
17.197181	-0.00052841650754133196
17.197181	-0.00052841650754133196
17.197181	-0.00052841650754133196
17.221157	-7.5081628961724942e-05
17.233159	0.0001584853198233355
17.233159	0.0001584853198233355
17.233159	0.0001584853198233355
17.233159	0.0001584853198233355
17.233159	0.0001584853198233355
17.257226	0.00062525568194373696
17.29315	0.0011554210326733573
17.30509	0.0013493382573764264
17.317217	0.0015517526360524789
17.317217	0.0015517526360524789
17.329087	0.0017490921872326162
17.329087	0.0017490921872326162
17.329087	0.0017490921872326162
17.329087	0.0017490921872326162
17.377194	0.0024328127715444866
17.377194	0.0024328127715444866
17.38913	0.0025740774684698282
17.38913	0.0025740774684698282
17.38913	0.0025740774684698282
17.425087	0.0030171726360194145
17.437191	0.0031620173001946218
17.437191	0.0031620173001946218
17.437191	0.0031620173001946218
17.461087	0.0034184792970906762
17.47315	0.003425844595578203
17.485158	0.0034541955250615604
17.485158	0.0034541955250615604
17.485158	0.0034541955250615604
17.485158	0.0034541955250615604
17.521132	0.0036496072786510007
17.533153	0.0037205565134098241
17.533153	0.0037205565134098241
17.557199	0.0038505858102050095
17.557199	0.0038505858102050095
17.557199	0.0038505858102050095
17.581107	0.0033370270801579638
17.593153	0.0032126217077047916
17.593153	0.0032126217077047916
17.617265	0.0030800388696800769
17.617265	0.0030800388696800769
17.629094	0.0030614521388308081
17.641094	0.0030506068474689938
17.653167	0.0030471963008357355
17.665094	0.0031179759758813296
17.677199	0.0032907584651760717
17.677199	0.0032907584651760717
17.689094	0.0033806677588529032
17.701094	0.0034414475463800109
17.713184	0.0034514217891367153
17.725094	0.0034475041065665114
17.725094	0.0034475041065665114
17.737191	0.003424846861367549
17.749165	0.0033864938404182072
17.749165	0.0033864938404182072
17.749165	0.0033864938404182072
17.749165	0.0033864938404182072
17.797194	0.0029199692008811855
17.797194	0.0029199692008811855
17.797194	0.0029199692008811855
17.797194	0.0029199692008811855
17.797194	0.0029199692008811855
17.797194	0.0029199692008811855
17.797194	0.0029199692008811855
17.797194	0.0029199692008811855
17.797194	0.0029199692008811855
17.797194	0.0029199692008811855
17.797194	0.0029199692008811855
17.797194	0.0029199692008811855
17.797194	0.0029199692008811855
17.857198	0.0024407753522623964
17.917239	0.0016447490181077872
17.941094	0.0014276663524806592
17.95318	0.0013257383568283597
17.965094	0.0011773559170175354
17.977238	0.00096073411881759897
17.977238	0.00096073411881759897
17.977238	0.00096073411881759897
17.977238	0.00096073411881759897
18.013228	0.0005455693771191253
18.013228	0.0005455693771191253
18.037187	0.00035009535688918566
18.037187	0.00035009535688918566
18.037187	0.00035009535688918566
18.037187	0.00035009535688918566
18.073159	0.0009020148996593323
18.073159	0.0009020148996593323
18.097209	0.0016377755787761652
18.097209	0.0016377755787761652
18.097209	0.0016377755787761652
18.097209	0.0016377755787761652
18.133166	0.0018095654980913294
18.133166	0.0018095654980913294
18.157214	0.0017337028447811976
18.157214	0.0017337028447811976
18.169094	0.00095600509115477167
18.181174	-1.1451623893791348e-05
18.181174	-1.1451623893791348e-05
18.205094	-0.00089195774070431198
18.217188	-0.0011405333730006898
18.217188	-0.0011405333730006898
18.229096	-0.0012934070309092555
18.229096	-0.0012934070309092555
18.229096	-0.0012934070309092555
18.229096	-0.0012934070309092555
18.277277	-0.0017380061163472622
18.277277	-0.0017380061163472622
18.289094	-0.0018241565131648756
18.289094	-0.0018241565131648756
18.289094	-0.0018241565131648756
18.325095	-0.0019190653949741391
18.337193	-0.001915161868970278
18.337193	-0.001915161868970278
18.349094	-0.0018998611107578852
18.361094	-0.0018941043854948201
18.361094	-0.0018941043854948201
18.361094	-0.0018941043854948201
18.397188	-0.0021404027062081167
18.397188	-0.0021404027062081167
18.409165	-0.0021379199928486629
18.409165	-0.0021379199928486629
18.433166	-0.0020845173481940254
18.433166	-0.0020845173481940254
18.457196	-0.0019900610792048844
18.457196	-0.0019900610792048844
18.457196	-0.0019900610792048844
18.457196	-0.0019900610792048844
18.457196	-0.0019900610792048844
18.457196	-0.0019900610792048844
18.517191	-0.0041014333584471208
18.517191	-0.0041014333584471208
18.517191	-0.0041014333584471208
18.517191	-0.0041014333584471208
18.553164	-0.004012647870275516
18.565094	-0.003660779413152182
18.565094	-0.003660779413152182
18.565094	-0.003660779413152182
18.577205	-0.0029265254629524447
18.601094	-0.0020686673276772496
18.613132	-0.0018228867051689206
18.62512	-0.001609552467311919
18.63721	-0.0014369161486443079
18.63721	-0.0014369161486443079
18.6491	-0.0012943913111879122
18.6491	-0.0012943913111879122
18.6491	-0.0012943913111879122
18.6491	-0.0012943913111879122
18.697194	-0.0011136489345091086
18.697194	-0.0011136489345091086
18.697194	-0.0011136489345091086
18.721099	-0.00096691957312859005
18.733164	-0.00087996754195824483
18.7451	-0.00079282570477341697
18.757215	-0.00070285395343623212
18.757215	-0.00070285395343623212
18.757215	-0.00070285395343623212
18.757215	-0.00070285395343623212
18.793164	-0.00069761910375955001
18.793164	-0.00069761910375955001
18.817196	-0.00059433125840231541
18.817196	-0.00059433125840231541
18.8291	-0.00052754768947626
18.8291	-0.00052754768947626
18.853171	-0.00038477747726808187
18.865099	-0.00036215769254601754
18.877207	-0.00040617503145272432
18.877207	-0.00040617503145272432
18.877207	-0.00040617503145272432
18.877207	-0.00040617503145272432
18.913178	-0.00034038997350171562
18.913178	-0.00034038997350171562
18.937263	-0.00023787098139632054
18.937263	-0.00023787098139632054
18.937263	-0.00023787098139632054
18.937263	-0.00023787098139632054
18.937263	-0.00023787098139632054
18.937263	-0.00023787098139632054
18.997194	-0.00016721436820724361
18.997194	-0.00016721436820724361
18.997194	-0.00016721436820724361
18.997194	-0.00016721436820724361
19.033171	-5.0218530847139263e-05
19.033171	-5.0218530847139263e-05
19.057198	4.9412997081015159e-05
19.057198	4.9412997081015159e-05
19.069222	8.6731210245538596e-06
19.069222	8.6731210245538596e-06
19.069222	8.6731210245538596e-06
19.069222	8.6731210245538596e-06
19.117222	-1.1639290561370051e-05
19.117222	-1.1639290561370051e-05
19.117222	-1.1639290561370051e-05
19.117222	-1.1639290561370051e-05
19.117222	-1.1639290561370051e-05
19.165101	0.00014926840290584373
19.177206	0.00012314203442997785
19.177206	0.00012314203442997785
19.177206	0.00012314203442997785
19.177206	0.00012314203442997785
19.213163	0.000205928147112221
19.213163	0.000205928147112221
19.237198	0.00031629448458705012
19.237198	0.00031629448458705012
19.237198	0.00031629448458705012
19.2611	0.00043055017439062518
19.2611	0.00043055017439062518
19.2611	0.00043055017439062518
19.297194	-0.00094996501821922332
19.297194	-0.00094996501821922332
19.309099	-0.0027765161846721666
19.309099	-0.0027765161846721666
19.309099	-0.0027765161846721666
19.309099	-0.0027765161846721666
19.357196	-0.013970096565939229
19.357196	-0.013970096565939229
19.369103	-0.017056401933967402
19.369103	-0.017056401933967402
19.393164	-0.022155925888391749
19.4051	-0.02356761344881405
19.417214	-0.024116288936328049
19.417214	-0.024116288936328049
19.4291	-0.023922049359411973
19.4291	-0.023922049359411973
19.453168	-0.022605380558633589
19.465173	-0.021728258223246224
19.47723	-0.020811987534924397
19.47723	-0.020811987534924397
19.47723	-0.020811987534924397
19.47723	-0.020811987534924397
19.47723	-0.020811987534924397
19.47723	-0.020811987534924397
19.537195	-0.015890823739388219
19.537195	-0.015890823739388219
19.54912	-0.014893120325422633
19.54912	-0.014893120325422633
19.54912	-0.014893120325422633
19.5851	-0.012009113837402469
19.597263	-0.011013953720758621
19.597263	-0.011013953720758621
19.597263	-0.011013953720758621
19.597274	-0.011013053715720374
19.597274	-0.011013053715720374
19.64511	-0.0070096823931728907
19.657212	-0.0059969117161781139
19.657212	-0.0059969117161781139
19.657212	-0.0059969117161781139
19.657212	-0.0059969117161781139
19.657212	-0.0059969117161781139
19.70511	-0.001311382167937262
19.717205	-0.00029753641656703991
19.717205	-0.00029753641656703991
19.717205	-0.00029753641656703991
19.717205	-0.00029753641656703991
19.717205	-0.00029753641656703991
19.717205	-0.00029753641656703991
19.777218	0.003581664257461922
19.777218	0.003581664257461922
19.777218	0.003581664257461922
19.80111	0.0047781545758786344
19.813193	0.0054872352534858677
19.825111	0.0061946758081813449
19.837212	0.006923855155624466
19.837212	0.006923855155624466
19.849111	0.0076319195279815214
19.849111	0.0076319195279815214
19.873181	0.0089656035044081914
19.873181	0.0089656035044081914
19.897285	0.010220679294082258
19.897285	0.010220679294082258
19.897285	0.010220679294082258
19.897285	0.010220679294082258
19.933175	0.011983908403613765
19.933175	0.011983908403613765
19.957211	0.013059849792183865
19.957211	0.013059849792183865
19.957211	0.013059849792183865
19.957211	0.013059849792183865
19.957211	0.013059849792183865
19.957211	0.013059849792183865
20.017227	0.017260519306812768
20.017227	0.017260519306812768
20.029199	0.017672677896838244
20.041111	0.018041496550335802
20.041111	0.018041496550335802
20.041111	0.018041496550335802
20.077233	0.017625596011851659
20.077233	0.017625596011851659
20.077233	0.017625596011851659
20.101111	0.017144463798295203
20.113183	0.017106518360359781
20.113183	0.017106518360359781
20.137215	0.017109552737763368
20.137215	0.017109552737763368
20.137215	0.017109552737763368
20.137215	0.017109552737763368
20.137215	0.017109552737763368
20.137215	0.017109552737763368
20.19721	0.01510684831334815
20.19721	0.01510684831334815
20.19721	0.01510684831334815
20.19721	0.01510684831334815
20.233182	0.014494135350170027
20.233182	0.014494135350170027
20.233182	0.014494135350170027
20.257285	0.014236134350854596
20.269512	0.014757883788673593
20.269512	0.014757883788673593
20.269512	0.014757883788673593
20.269512	0.014757883788673593
20.317224	0.015678860006615659
20.317224	0.015678860006615659
20.317224	0.015678860006615659
20.317224	0.015678860006615659
20.353179	0.015149289230506409
20.353179	0.015149289230506409
20.377225	0.014535985207075679
20.377225	0.014535985207075679
20.377225	0.014535985207075679
20.401111	0.01385277357671949
20.401111	0.01385277357671949
20.425114	0.013125266892361707
20.43721	0.01274386981430964
20.43721	0.01274386981430964
20.43721	0.01274386981430964
20.43721	0.01274386981430964
20.43721	0.01274386981430964
20.43721	0.01274386981430964
20.497204	0.0088086105721206474
20.497204	0.0088086105721206474
20.509111	0.0081787110004465438
20.509111	0.0081787110004465438
20.509111	0.0081787110004465438
20.509111	0.0081787110004465438
20.55723	0.0061698825741074879
20.55723	0.0061698825741074879
20.55723	0.0061698825741074879
20.55723	0.0061698825741074879
20.55723	0.0061698825741074879
20.605111	0.0065461465298292196
20.617207	0.0062677263256705898
20.617207	0.0062677263256705898
20.617211	0.0062676342554972442
20.617211	0.0062676342554972442
20.65325	0.0050878459604054849
20.665114	0.0046484795791808999
20.677238	0.0041845649301990662
20.677238	0.0041845649301990662
20.677238	0.0041845649301990662
20.701115	0.003255181586471546
20.701115	0.003255181586471546
20.701115	0.003255181586471546
20.737226	0.00184333590064866
20.737226	0.00184333590064866
20.749115	0.001382476891969347
20.749115	0.001382476891969347
20.773186	0.00051757215961761274
20.785192	0.00010370625004911744
20.797214	-0.00032353492449626188
20.797214	-0.00032353492449626188
20.797214	-0.00032353492449626188
20.797214	-0.00032353492449626188
20.797214	-0.00032353492449626188
20.797214	-0.00032353492449626188
20.857215	-0.0024562763525673124
20.857215	-0.0024562763525673124
20.869115	-0.0026685932727647586
20.881115	-0.0028320939378102079
20.881115	-0.0028320939378102079
20.905115	-0.0034194815110500502
20.917278	-0.0037599993167779758
20.917278	-0.0037599993167779758
20.917278	-0.0037599993167779758
20.917278	-0.0037599993167779758
20.917278	-0.0037599993167779758
20.917278	-0.0037599993167779758
20.917278	-0.0037599993167779758
20.977257	-0.0053404277509848681
20.989115	-0.0056046431619727914
21.001115	-0.0058854891902936938
21.001115	-0.0058854891902936938
21.001115	-0.0058854891902936938
21.037207	-0.0067677793822342163
21.037207	-0.0067677793822342163
21.037207	-0.0067677793822342163
21.037207	-0.0067677793822342163
21.037207	-0.0067677793822342163
21.037207	-0.0067677793822342163
21.097214	-0.0086000008408948642
21.097214	-0.0086000008408948642
21.097214	-0.0086000008408948642
21.097214	-0.0086000008408948642
21.097214	-0.0086000008408948642
21.097214	-0.0086000008408948642
21.157226	-0.0097415233776166239
21.157226	-0.0097415233776166239
21.157226	-0.0097415233776166239
21.157226	-0.0097415233776166239
21.157226	-0.0097415233776166239
21.205115	-0.006005495372387178
21.217212	-0.0039803695559914969
21.217212	-0.0039803695559914969
21.217212	-0.0039803695559914969
21.241135	0.00099195834313016993
21.253184	0.0037011263415237675
21.265115	0.0060757498122424487
21.277218	0.0080682466090449528
21.277218	0.0080682466090449528
21.277218	0.0080682466090449528
21.277218	0.0080682466090449528
21.277218	0.0080682466090449528
21.325115	0.011907604214132922
21.337217	0.011559306922617982
21.337217	0.011559306922617982
21.337217	0.011559306922617982
21.337217	0.011559306922617982
21.337217	0.011559306922617982
21.337217	0.011559306922617982
21.397213	0.0084990261167136733
21.397213	0.0084990261167136733
21.397213	0.0084990261167136733
21.397213	0.0084990261167136733
21.397213	0.0084990261167136733
21.445186	0.0091291672746827441
21.445186	0.0091291672746827441
21.445186	0.0091291672746827441
21.445186	0.0091291672746827441
21.457217	0.0095320702994156799
21.49319	0.010351105993643916
21.505115	0.010173991068951052
21.517215	0.009701604660437008
21.517215	0.009701604660437008
21.529115	0.0090014863728941075
21.529115	0.0090014863728941075
21.553182	0.0072997903562020275
21.565114	0.0064021276176763949
21.577301	0.0054899189400070061
21.577301	0.0054899189400070061
21.577301	0.0054899189400070061
21.577301	0.0054899189400070061
21.577301	0.0054899189400070061
21.577301	0.0054899189400070061
21.637224	0.0010711655101062353
21.637224	0.0010711655101062353
21.649122	0.00023305756785484469
21.661122	-0.0006017324028766975
21.661122	-0.0006017324028766975
21.685121	-0.0021669395981237113
21.697249	-0.0029499610200025899
21.697249	-0.0029499610200025899
21.709193	-0.0037045306574322034
21.709193	-0.0037045306574322034
21.709193	-0.0037045306574322034
21.709193	-0.0037045306574322034
21.757219	-0.0065864670172597235
21.757219	-0.0065864670172597235
21.769122	-0.0069175413794528009
21.781122	-0.0071605277646851198
21.793186	-0.0075886265458798511
21.793186	-0.0075886265458798511
21.817216	-0.0085492772836408392
21.817216	-0.0085492772836408392
21.817216	-0.0085492772836408392
21.841192	-0.0095762173747587862
21.853189	-0.010079293578224728
21.853189	-0.010079293578224728
21.877249	-0.01153896212369359
21.877249	-0.01153896212369359
21.877249	-0.01153896212369359
21.901122	-0.012762499450421795
21.901122	-0.012762499450421795
21.901122	-0.012762499450421795
21.937239	-0.014054116500110953
21.937239	-0.014054116500110953
21.937239	-0.014054116500110953
21.937239	-0.014054116500110953
21.937239	-0.014054116500110953
21.937239	-0.014054116500110953
21.997216	-0.015377924794906692
21.997216	-0.015377924794906692
21.997216	-0.015377924794906692
21.997216	-0.015377924794906692
21.997216	-0.015377924794906692
22.045122	-0.015992536567472768
22.057242	-0.016093044509197095
22.057242	-0.016093044509197095
22.057242	-0.016093044509197095
22.057242	-0.016093044509197095
22.093185	-0.016102770992603276
22.093185	-0.016102770992603276
22.117226	-0.016060506486023619
22.117226	-0.016060506486023619
22.117226	-0.016060506486023619
22.141219	-0.015953548897148815
22.153204	-0.015867146941604824
22.165122	-0.01573243302642198
22.177229	-0.015529813645678656
22.177229	-0.015529813645678656
22.177229	-0.015529813645678656
22.177229	-0.015529813645678656
22.177229	-0.015529813645678656
22.177229	-0.015529813645678656
22.237287	-0.0055858219642365738
22.237287	-0.0055858219642365738
22.237287	-0.0055858219642365738
22.237287	-0.0055858219642365738
22.273208	0.004128329203681798
22.273208	0.004128329203681798
22.297216	0.0092199342837331472
22.297216	0.0092199342837331472
22.309195	0.010412224994179048
22.321122	0.011194887334772332
22.333194	0.011197251109548943
22.345121	0.011040982987951527
22.35722	0.010668631526134146
22.35722	0.010668631526134146
22.35722	0.010668631526134146
22.35722	0.010668631526134146
22.35722	0.010668631526134146
22.35722	0.010668631526134146
22.417218	0.0084408109031933482
22.417218	0.0084408109031933482
22.417218	0.0084408109031933482
22.417218	0.0084408109031933482
22.453189	0.0070871288404925764
22.465148	0.0066722673496918718
22.477228	0.0062990609345488936
22.477228	0.0062990609345488936
22.477228	0.0062990609345488936
22.477228	0.0062990609345488936
22.477228	0.0062990609345488936
22.477228	0.0062990609345488936
22.537219	0.012749073486714441
22.537219	0.012749073486714441
22.537219	0.012749073486714441
22.561122	0.017640453302594651
22.561122	0.017640453302594651
22.561122	0.017640453302594651
22.597215	0.024011305974236785
22.597215	0.024011305974236785
22.597215	0.024011305974236785
22.621122	0.025766518672485472
22.633263	0.025944633432947277
22.645127	0.025989959814190691
22.657256	0.025863373225611865
22.657256	0.025863373225611865
22.669131	0.025371192873988806
22.669131	0.025371192873988806
22.693196	0.024027349464066147
22.705128	0.023155935117446569
22.717227	0.022063499529640145
22.717227	0.022063499529640145
22.717227	0.022063499529640145
22.717227	0.022063499529640145
22.753196	0.018013466249728081
22.765198	0.016745083881865165
22.777235	0.015695702821923521
22.777235	0.015695702821923521
22.777235	0.015695702821923521
22.777235	0.015695702821923521
22.777235	0.015695702821923521
22.777235	0.015695702821923521
22.837222	0.0091676387552822453
22.837222	0.0091676387552822453
22.837222	0.0091676387552822453
22.837222	0.0091676387552822453
22.873193	0.0051136503214742439
22.873193	0.0051136503214742439
22.897297	0.002466207646418592
22.897297	0.002466207646418592
22.897297	0.002466207646418592
22.897297	0.002466207646418592
22.897297	0.002466207646418592
22.945348	-0.0026352059357664286
22.957229	-0.0038458956043927314
22.957229	-0.0038458956043927314
22.957229	-0.0038458956043927314
22.957229	-0.0038458956043927314
22.957229	-0.0038458956043927314
22.957229	-0.0038458956043927314
22.957229	-0.0038458956043927314
22.957229	-0.0038458956043927314
22.957229	-0.0038458956043927314
22.957229	-0.0038458956043927314
22.957229	-0.0038458956043927314
23.017221	-0.0094854906484478484
23.077235	-0.014301413283911133
23.077235	-0.014301413283911133
23.077235	-0.014301413283911133
23.077235	-0.014301413283911133
23.113206	-0.016739904758848075
23.125128	-0.017484853052399763
23.137227	-0.01820639655463472
23.137227	-0.01820639655463472
23.137227	-0.01820639655463472
23.161198	-0.019515286513194809
23.173216	-0.020073404077972656
23.173216	-0.020073404077972656
23.173216	-0.020073404077972656
23.173216	-0.020073404077972656
23.197305	-0.02112318439123758
23.221128	-0.022029750898006815
23.221128	-0.022029750898006815
23.221128	-0.022029750898006815
23.257227	-0.023120161379957108
23.257227	-0.023120161379957108
23.257227	-0.023120161379957108
23.257227	-0.023120161379957108
23.257227	-0.023120161379957108
23.257227	-0.023120161379957108
23.317275	-0.024092061176985272
23.317275	-0.024092061176985272
23.317275	-0.024092061176985272
23.341127	-0.024256114342283617
23.353197	-0.024277889872534406
23.365128	-0.024272798075185481
23.377225	-0.024231833608658448
23.377225	-0.024231833608658448
23.389128	-0.024152208552360326
23.389128	-0.024152208552360326
23.413191	-0.023910600602818834
23.413191	-0.023910600602818834
23.437224	-0.023550050449468309
23.437224	-0.023550050449468309
23.437224	-0.023550050449468309
23.46113	-0.023067328938191203
23.473193	-0.022732351300182373
23.485148	-0.022282673584827148
23.497227	-0.021671088510490866
23.497227	-0.021671088510490866
23.497227	-0.021671088510490866
23.497227	-0.021671088510490866
23.533193	-0.018446551584658803
23.533193	-0.018446551584658803
23.533193	-0.018446551584658803
23.557313	-0.015742167290786056
23.569128	-0.014648636023421422
23.581127	-0.013619645063047858
23.581127	-0.013619645063047858
23.605128	-0.011765660264878538
23.617264	-0.011078916061330685
23.617264	-0.011078916061330685
23.617264	-0.011078916061330685
23.617271	-0.011078519949809188
23.617271	-0.011078519949809188
23.665134	-0.0091651491955136201
23.677262	-0.0083802457260330702
23.677262	-0.0083802457260330702
23.689206	-0.007752447804295003
23.689206	-0.007752447804295003
23.689206	-0.007752447804295003
23.725138	-0.0061690033321457009
23.725138	-0.0061690033321457009
23.737228	-0.0056859867154739263
23.749157	-0.0052178119032980884
23.749157	-0.0052178119032980884
23.749157	-0.0052178119032980884
23.749157	-0.0052178119032980884
23.79723	-0.0033574723916881474
23.79723	-0.0033574723916881474
23.809135	-0.0028973779738245432
23.809135	-0.0028973779738245432
23.809135	-0.0028973779738245432
23.809135	-0.0028973779738245432
23.857274	-0.0010375302939664515
23.857274	-0.0010375302939664515
23.857274	-0.0010375302939664515
23.881155	-3.81284188998867e-05
23.8932	0.0006851434206200152
23.8932	0.0006851434206200152
23.917234	0.0026364227028827618
23.917234	0.0026364227028827618
23.917234	0.0026364227028827618
23.917234	0.0026364227028827618
23.917234	0.0026364227028827618
23.917234	0.0026364227028827618
23.97723	0.0091481890676947241
23.97723	0.0091481890676947241
23.989138	0.010222282721490202
24.001135	0.011191261441832535
24.013217	0.011772539789672768
24.025135	0.012227070824523947
24.037228	0.012528968206692878
24.037228	0.012528968206692878
24.037228	0.012528968206692878
24.061135	0.012884565316857928
24.061135	0.012884565316857928
24.061135	0.012884565316857928
24.097233	0.013167786357194141
24.097233	0.013167786357194141
24.109153	0.013237974063597797
24.109153	0.013237974063597797
24.133201	0.013350569782341934
24.133201	0.013350569782341934
24.157233	0.013413816787807446
24.157233	0.013413816787807446
24.157233	0.013413816787807446
24.157233	0.013413816787807446
24.193199	0.013429552683409361
24.193199	0.013429552683409361
24.217304	0.013356418085525059
24.217304	0.013356418085525059
24.217304	0.013356418085525059
24.217304	0.013356418085525059
24.253206	0.013125946526400836
24.253206	0.013125946526400836
24.277288	0.012886763070045987
24.277288	0.012886763070045987
24.289138	0.012747596401767621
24.289138	0.012747596401767621
24.289138	0.012747596401767621
24.289138	0.012747596401767621
24.337228	0.012085827042347697
24.337228	0.012085827042347697
24.349205	0.011890464011382815
24.349205	0.011890464011382815
24.349205	0.011890464011382815
24.349205	0.011890464011382815
24.397229	0.011029139224583642
24.397229	0.011029139224583642
24.409154	0.010783894782709656
24.409154	0.010783894782709656
24.433206	0.010261190144143967
24.445135	0.0099874644244965262
24.457235	0.0097007745756964719
24.457235	0.0097007745756964719
24.457235	0.0097007745756964719
24.457235	0.0097007745756964719
24.493199	0.0079375035956437464
24.493199	0.0079375035956437464
24.493199	0.0079375035956437464
24.493199	0.0079375035956437464
24.493199	0.0079375035956437464
24.493199	0.0079375035956437464
24.493199	0.0079375035956437464
24.517327	0.0070711118757707959
24.57723	0.0046842366034242459
24.57723	0.0046842366034242459
24.57723	0.0046842366034242459
24.57723	0.0046842366034242459
24.57723	0.0046842366034242459
24.57723	0.0046842366034242459
24.637253	0.0023260779349980804
24.637253	0.0023260779349980804
24.649204	0.0019596701531868553
24.649204	0.0019596701531868553
24.673206	0.0020960036483147339
24.685141	0.0023395341193569331
24.697233	0.0023529985565160978
24.697233	0.0023529985565160978
24.697233	0.0023529985565160978
24.72114	0.0020336076422354812
24.733207	0.0017645568638326951
24.733207	0.0017645568638326951
24.757239	0.0011706913976233526
24.757239	0.0011706913976233526
24.757239	0.0011706913976233526
24.757239	0.0011706913976233526
24.757239	0.0011706913976233526
24.757239	0.0011706913976233526
24.757239	0.0011706913976233526
24.757239	0.0011706913976233526
24.817235	-0.00046321439000749157
24.841141	-0.0011092521633665939
24.841141	-0.0011092521633665939
24.841141	-0.0011092521633665939
24.877323	-0.0020510113056797239
24.877323	-0.0020510113056797239
24.877323	-0.0020510113056797239
24.877323	-0.0020510113056797239
24.877323	-0.0020510113056797239
24.925142	-0.0032067060000123661
24.937246	-0.0034812215461119539
24.937246	-0.0034812215461119539
24.937246	-0.0034812215461119539
24.937246	-0.0034812215461119539
24.937246	-0.0034812215461119539
24.937246	-0.0034812215461119539
24.997236	-0.0047014176807723719
24.997236	-0.0047014176807723719
25.009227	-0.0049138546435564222
25.02114	-0.0051192447208479753
25.02114	-0.0051192447208479753
25.02114	-0.0051192447208479753
25.057236	-0.0056649631506152116
25.057236	-0.0056649631506152116
25.057236	-0.0056649631506152116
25.057236	-0.0056649631506152116
25.093204	-0.0061030608926469177
25.093204	-0.0061030608926469177
25.117233	-0.0063392147093956309
25.117233	-0.0063392147093956309
25.117233	-0.0063392147093956309
25.117233	-0.0063392147093956309
25.117233	-0.0063392147093956309
25.117233	-0.0063392147093956309
25.177281	-0.0067080977186802114
25.177281	-0.0067080977186802114
25.177281	-0.0067080977186802114
25.177281	-0.0067080977186802114
25.177281	-0.0067080977186802114
25.177281	-0.0067080977186802114
25.237236	-0.0067631398311995047
25.237236	-0.0067631398311995047
25.237236	-0.0067631398311995047
25.261141	-0.0067032774346864697
25.261141	-0.0067032774346864697
25.261141	-0.0067032774346864697
25.297237	-0.0065730261076140956
25.297237	-0.0065730261076140956
25.309144	-0.0064946968168136795
25.321168	-0.0064079093438325924
25.333207	-0.0063024352278054554
25.333207	-0.0063024352278054554
25.35724	-0.0060657702048337392
25.35724	-0.0060657702048337392
25.369141	-0.0059346982170912525
25.369141	-0.0059346982170912525
25.369141	-0.0059346982170912525
25.405213	-0.0054857439484916649
25.41724	-0.0053179372381845441
25.41724	-0.0053179372381845441
25.41724	-0.0053179372381845441
25.41724	-0.0053179372381845441
25.41724	-0.0053179372381845441
25.41724	-0.0053179372381845441
25.41724	-0.0053179372381845441
25.41724	-0.0053179372381845441
25.41724	-0.0053179372381845441
25.41724	-0.0053179372381845441
25.41724	-0.0053179372381845441
25.477234	-0.0044098023594736193
25.537303	-0.0033664112534611901
25.537303	-0.0033664112534611901
25.537303	-0.0033664112534611901
25.537303	-0.0033664112534611901
25.573217	-0.0026886288787597739
25.585141	-0.0024627921053098829
25.597233	-0.002229477447900279
25.597233	-0.002229477447900279
25.597233	-0.002229477447900279
25.597233	-0.002229477447900279
25.597233	-0.002229477447900279
25.597233	-0.002229477447900279
25.657249	-0.0010543107680144217
25.657249	-0.0010543107680144217
25.657249	-0.0010543107680144217
25.657249	-0.0010543107680144217
25.657249	-0.0010543107680144217
25.657249	-0.0010543107680144217
25.657249	-0.0010543107680144217
25.657249	-0.0010543107680144217
25.657249	-0.0010543107680144217
25.657249	-0.0010543107680144217
25.657249	-0.0010543107680144217
25.657249	-0.0010543107680144217
25.777271	0.0010714743263260317
25.777271	0.0010714743263260317
25.777271	0.0010714743263260317
25.777271	0.0010714743263260317
25.777271	0.0010714743263260317
25.777271	0.0010714743263260317
25.837247	0.0019587794817019079
25.837247	0.0019587794817019079
25.837247	0.0019587794817019079
25.861149	0.0022881680204159755
25.873214	0.0024298906611609659
25.88517	0.0025691766648667266
25.897242	0.002708281657129055
25.897242	0.002708281657129055
25.897242	0.002708281657129055
25.897242	0.002708281657129055
25.897242	0.002708281657129055
25.945149	0.0032064686258570724
25.957254	0.0033174314729941968
25.957254	0.0033174314729941968
25.957254	0.0033174314729941968
25.957254	0.0033174314729941968
25.957254	0.0033174314729941968
25.957254	0.0033174314729941968
26.017261	0.0037238718600541092
26.017261	0.0037238718600541092
26.017261	0.0037238718600541092
26.017261	0.0037238718600541092
26.017261	0.0037238718600541092
26.065225	0.0039453998464703066
26.077246	0.003972933099798087
26.077246	0.003972933099798087
26.077246	0.003972933099798087
26.077246	0.003972933099798087
26.113229	0.0040398604800287435
26.125149	0.0040539545207841756
26.137263	0.0040635362469961704
26.137263	0.0040635362469961704
26.137263	0.0040635362469961704
26.137263	0.0040635362469961704
26.17322	0.0040433287329220136
26.17322	0.0040433287329220136
26.197317	0.003998739873965239
26.197317	0.003998739873965239
26.197317	0.003998739873965239
26.197317	0.003998739873965239
26.197317	0.003998739873965239
26.245149	0.0038781881295176933
26.257247	0.0038394595495955001
26.257247	0.0038394595495955001
26.269148	0.0037872662306541534
26.281169	0.0037304228040416893
26.281169	0.0037304228040416893
26.305148	0.0036193273156403878
26.317285	0.0035618293051373918
26.317285	0.0035618293051373918
26.317285	0.0035618293051373918
26.317285	0.0035618293051373918
26.317285	0.0035618293051373918
26.317285	0.0035618293051373918
26.377252	0.0032293056670397915
26.377252	0.0032293056670397915
26.377252	0.0032293056670397915
26.377252	0.0032293056670397915
26.377252	0.0032293056670397915
26.425149	0.0029311193767420744
26.437244	0.0028567186321761437
26.437244	0.0028567186321761437
26.437244	0.0028567186321761437
26.437244	0.0028567186321761437
26.437244	0.0028567186321761437
26.437244	0.0028567186321761437
26.497247	0.0023880237946462793
26.497247	0.0023880237946462793
26.497247	0.0023880237946462793
26.497247	0.0023880237946462793
26.497247	0.0023880237946462793
26.545149	0.0020596782383792978
26.557247	0.0019817041404970835
26.557247	0.0019817041404970835
26.557247	0.0019817041404970835
26.557247	0.0019817041404970835
26.593295	0.001716593411518842
26.605148	0.0016364777564279005
26.617244	0.0015574267771403954
26.617244	0.0015574267771403954
26.617244	0.0015574267771403954
26.617244	0.0015574267771403954
26.617244	0.0015574267771403954
26.665155	0.001249823392758218
26.677254	0.0011568233364271923
26.677254	0.0011568233364271923
26.689156	0.0010741133179562124
26.689156	0.0010741133179562124
26.689156	0.0010741133179562124
26.689156	0.0010741133179562124
26.737253	0.00077309105967831963
26.737253	0.00077309105967831963
26.737253	0.00077309105967831963
26.737253	0.00077309105967831963
26.77323	0.00054513102099848487
26.785156	0.0004639246182047896
26.797252	0.00038759547545793547
26.797252	0.00038759547545793547
26.797252	0.00038759547545793547
26.797252	0.00038759547545793547
26.833234	0.00017823482517430339
26.833234	0.00017823482517430339
26.857377	4.447626032562492e-05
26.857377	4.447626032562492e-05
26.857377	4.447626032562492e-05
26.857377	4.447626032562492e-05
26.857377	4.447626032562492e-05
26.857377	4.447626032562492e-05
26.917254	-0.00032750232813081464
26.917254	-0.00032750232813081464
26.929156	-0.00039274058533916726
26.929156	-0.00039274058533916726
26.929156	-0.00039274058533916726
26.965155	-0.00058138795507105799
26.977253	-0.00063725578884601551
26.977253	-0.00063725578884601551
26.977253	-0.00063725578884601551
26.977253	-0.00063725578884601551
26.977253	-0.00063725578884601551
26.977253	-0.00063725578884601551
27.037256	-0.00093133109371569653
27.037256	-0.00093133109371569653
27.037256	-0.00093133109371569653
27.037256	-0.00093133109371569653
27.037256	-0.00093133109371569653
27.037256	-0.00093133109371569653
27.097252	-0.0016685210458725645
27.097252	-0.0016685210458725645
27.097252	-0.0016685210458725645
27.097252	-0.0016685210458725645
27.097252	-0.0016685210458725645
27.097252	-0.0016685210458725645
27.157261	-0.0060574190836888177
27.157261	-0.0060574190836888177
27.157261	-0.0060574190836888177
27.181156	-0.008059526593191136
27.193219	-0.0087551398534249803
27.193219	-0.0087551398534249803
27.217275	-0.0094741008705991475
27.217275	-0.0094741008705991475
27.217275	-0.0094741008705991475
27.217275	-0.0094741008705991475
27.217275	-0.0094741008705991475
27.217275	-0.0094741008705991475
27.277252	-0.0087524565174126392
27.277252	-0.0087524565174126392
27.277252	-0.0087524565174126392
27.277252	-0.0087524565174126392
27.277252	-0.0087524565174126392
27.325155	-0.0077352870796059004
27.337252	-0.0074665086738031124
27.337252	-0.0074665086738031124
27.337252	-0.0074665086738031124
27.337252	-0.0074665086738031124
27.373227	-0.0066471379633418802
27.373227	-0.0066471379633418802
27.397253	-0.0060800503431598235
27.397253	-0.0060800503431598235
27.397253	-0.0060800503431598235
27.397253	-0.0060800503431598235
27.433226	-0.0051748148868400031
27.445155	-0.0048653162030471838
27.457265	-0.004547246863178386
27.457265	-0.004547246863178386
27.457265	-0.004547246863178386
27.457265	-0.004547246863178386
27.493237	-0.0036160658403398493
27.493237	-0.0036160658403398493
27.517327	-0.0029721107893165189
27.517327	-0.0029721107893165189
27.517327	-0.0029721107893165189
27.517327	-0.0029721107893165189
27.517327	-0.0029721107893165189
27.517327	-0.0029721107893165189
27.577257	-0.0013299632552506947
27.577257	-0.0013299632552506947
27.589156	-0.0010014665548676077
27.589156	-0.0010014665548676077
27.61322	-0.00034783588674984598
27.61322	-0.00034783588674984598
27.637256	0.00029127762636527524
27.637256	0.00029127762636527524
27.637256	0.00029127762636527524
27.637263	0.00029146281723910054
27.67323	0.0012088138209468283
27.67323	0.0012088138209468283
27.67323	0.0012088138209468283
27.67323	0.0012088138209468283
27.67323	0.0012088138209468283
27.67323	0.0012088138209468283
27.67323	0.0012088138209468283
27.67323	0.0012088138209468283
27.757297	0.0031860879582948352
27.757297	0.0031860879582948352
27.757297	0.0031860879582948352
27.757297	0.0031860879582948352
27.793228	0.0039197736352050948
27.793228	0.0039197736352050948
27.817262	0.0043829653965299677
27.817262	0.0043829653965299677
27.829163	0.0045995430287530028
27.841163	0.0048135962882057933
27.841163	0.0048135962882057933
27.865163	0.0052054963768911411
27.877262	0.005383631107805719
27.877262	0.005383631107805719
27.889182	0.0055509471871045771
27.889182	0.0055509471871045771
27.889182	0.0055509471871045771
27.889182	0.0055509471871045771
27.937257	0.006149953951196844
27.937257	0.006149953951196844
27.937257	0.006149953951196844
27.961163	0.0063892636874152394
27.961163	0.0063892636874152394
27.961163	0.0063892636874152394
27.997255	0.0066506376205083531
27.997255	0.0066506376205083531
27.997255	0.0066506376205083531
27.997255	0.0066506376205083531
28.033233	0.0068273208746122286
28.045236	0.0068664441697462025
28.057265	0.0068956539023747954
28.057265	0.0068956539023747954
28.069173	0.0069238937177649069
28.069173	0.0069238937177649069
28.069173	0.0069238937177649069
28.105163	0.0069424711946182551
28.117257	0.0069215318229739727
28.117257	0.0069215318229739727
28.117257	0.0069215318229739727
28.141163	0.0068440916407941444
28.141163	0.0068440916407941444
28.165162	0.0067088229054104677
28.177381	0.0066050824095974289
28.177381	0.0066050824095974289
28.189163	0.0061850221814491709
28.201162	0.0056029102723524644
28.201162	0.0056029102723524644
28.225163	0.0031352187472639217
28.237257	0.0015931151496266158
28.237257	0.0015931151496266158
28.237257	0.0015931151496266158
28.237257	0.0015931151496266158
28.273228	-0.0033210264530478873
28.285183	-0.0047390326670096756
28.285183	-0.0047390326670096756
28.285183	-0.0047390326670096756
28.285183	-0.0047390326670096756
28.285183	-0.0047390326670096756
28.285183	-0.0047390326670096756
28.297259	-0.0058965808933831142
28.357266	-0.0066984593961761322
28.357266	-0.0066984593961761322
28.357266	-0.0066984593961761322
28.357266	-0.0066984593961761322
28.393224	-0.0060396827246900304
28.405163	-0.005814984538805106
28.417276	-0.0055898836461013212
28.417276	-0.0055898836461013212
28.429163	-0.0053712611439178251
28.429163	-0.0053712611439178251
28.429163	-0.0053712611439178251
28.429163	-0.0053712611439178251
28.477271	-0.0044513402708350868
28.477271	-0.0044513402708350868
28.477271	-0.0044513402708350868
28.501163	-0.0039784247169817998
28.513236	-0.0037432491152851973
28.525173	-0.0035109637923966303
28.537258	-0.0032761176203729247
28.537258	-0.0032761176203729247
28.537258	-0.0032761176203729247
28.537258	-0.0032761176203729247
28.537258	-0.0032761176203729247
28.537258	-0.0032761176203729247
28.537258	-0.0032761176203729247
28.597258	-0.0021096895315336974
28.609244	-0.0018778417754480687
28.621163	-0.0016477023324116353
28.621163	-0.0016477023324116353
28.621163	-0.0016477023324116353
28.657261	-0.00095801888473186485
28.657261	-0.00095801888473186485
28.657261	-0.00095801888473186485
28.657261	-0.00095801888473186485
28.657261	-0.00095801888473186485
28.657261	-0.00095801888473186485
28.717285	0.00015227098575154986
28.717285	0.00015227098575154986
28.717285	0.00015227098575154986
28.717285	0.00015227098575154986
28.753242	0.00078319756175437676
28.765169	0.00098621845970562
28.777269	0.0011888461410904062
28.777269	0.0011888461410904062
28.777269	0.0011888461410904062
28.777269	0.0011888461410904062
28.777269	0.0011888461410904062
28.825168	0.0019497259481977842
28.837343	0.0021327038203357109
28.837343	0.0021327038203357109
28.837343	0.0021327038203357109
28.837343	0.0021327038203357109
28.837343	0.0021327038203357109
28.837343	0.0021327038203357109
28.837343	0.0021327038203357109
28.897262	0.0029545388588469641
28.909291	0.0031020836873759021
28.921169	0.0032446695331801848
28.921169	0.0032446695331801848
28.921169	0.0032446695331801848
28.957317	0.0036362701366306344
28.957317	0.0036362701366306344
28.957317	0.0036362701366306344
28.957317	0.0036362701366306344
28.957317	0.0036362701366306344
28.957317	0.0036362701366306344
29.017299	0.0041556915646561521
29.017299	0.0041556915646561521
29.029169	0.0042369299876176729
29.029169	0.0042369299876176729
29.029169	0.0042369299876176729
29.029169	0.0042369299876176729
29.077297	0.0045386885536941616
29.077297	0.0045386885536941616
29.077297	0.0045386885536941616
29.101245	0.0046520002021381741
29.101245	0.0046520002021381741
29.101245	0.0046520002021381741
29.137266	0.0047358107255956808
29.137266	0.0047358107255956808
29.149168	0.0047446081598401697
29.149168	0.0047446081598401697
29.173241	0.0047463593433249174
29.185168	0.0047368388803447825
29.197264	0.0047185413294130018
29.197264	0.0047185413294130018
29.209189	0.004690240888348741
29.209189	0.004690240888348741
29.209189	0.004690240888348741
29.209189	0.004690240888348741
29.257265	0.0045076587463716037
29.257265	0.0045076587463716037
29.257265	0.0045076587463716037
29.257265	0.0045076587463716037
29.257265	0.0045076587463716037
29.305179	0.0042232699129055836
29.317283	0.0041338255324950834
29.317283	0.0041338255324950834
29.317283	0.0041338255324950834
29.317283	0.0041338255324950834
29.317283	0.0041338255324950834
29.317283	0.0041338255324950834
29.317283	0.0041338255324950834
29.377268	0.0036024714933022041
29.389353	0.0034795180395435265
29.389353	0.0034795180395435265
29.413234	0.0032218418209182839
29.413234	0.0032218418209182839
29.437297	0.0029433931367253779
29.437297	0.0029433931367253779
29.449169	0.0027988834448409994
29.449169	0.0027988834448409994
29.449169	0.0027988834448409994
29.449169	0.0027988834448409994
29.449169	0.0027988834448409994
29.449169	0.0027988834448409994
29.449169	0.0027988834448409994
29.449169	0.0027988834448409994
29.49736	0.0021919384101810125
29.545169	0.0015431813980903869
29.557272	0.0013746242918094079
29.557272	0.0013746242918094079
29.557272	0.0013746242918094079
29.557272	0.0013746242918094079
29.557272	0.0013746242918094079
29.605169	0.00071161032942832338
29.617262	0.0005421308548736295
29.617262	0.0005421308548736295
29.617262	0.0005421308548736295
29.641169	0.00020813983172273147
29.641169	0.00020813983172273147
29.641169	0.00020813983172273147
29.677275	-0.00028127003647709703
29.677281	-0.00028134947432353956
29.677281	-0.00028134947432353956
29.701175	-0.00059647230443506604
29.701175	-0.00059647230443506604
29.725175	-0.0009059761351646983
29.737274	-0.0010587590935399419
29.737274	-0.0010587590935399419
29.737274	-0.0010587590935399419
29.737274	-0.0010587590935399419
29.773249	-0.0014871245472750467
29.773249	-0.0014871245472750467
29.773249	-0.0014871245472750467
29.773249	-0.0014871245472750467
29.773249	-0.0014871245472750467
29.773249	-0.0014871245472750467
29.773249	-0.0014871245472750467
29.797332	-0.0017537323067659538
29.857275	-0.0023491215102127518
29.857275	-0.0023491215102127518
29.869175	-0.0024489811562776677
29.869175	-0.0024489811562776677
29.869175	-0.0024489811562776677
29.869175	-0.0024489811562776677
29.91727	-0.0028098342301281455
29.91727	-0.0028098342301281455
29.91727	-0.0028098342301281455
29.941174	-0.002959986264673059
29.953245	-0.0030260923709829728
29.965175	-0.0030748618595776659
29.977281	-0.0031024100554262407
29.977281	-0.0031024100554262407
29.977281	-0.0031024100554262407
29.977281	-0.0031024100554262407
29.977281	-0.0031024100554262407
30.025262	-0.0032290938117950007
30.037268	-0.0032550350112549678
30.037268	-0.0032550350112549678
30.037268	-0.0032550350112549678
30.037268	-0.0032550350112549678
30.037268	-0.0032550350112549678
30.085175	-0.0032941795407888568
30.097268	-0.0032925814235000165
30.097268	-0.0032925814235000165
30.097268	-0.0032925814235000165
30.097268	-0.0032925814235000165
30.097268	-0.0032925814235000165
30.097268	-0.0032925814235000165
30.157358	-0.0032255012751729868
30.157358	-0.0032255012751729868
30.157358	-0.0032255012751729868
30.181175	-0.003154544334929055
30.181175	-0.003154544334929055
30.205176	-0.0030740821887049663
30.217289	-0.0030301570247636606
30.217289	-0.0030301570247636606
30.217289	-0.0030301570247636606
30.217289	-0.0030301570247636606
30.217289	-0.0030301570247636606
30.217289	-0.0030301570247636606
30.27729	-0.0027523543166498377
30.27729	-0.0027523543166498377
30.27729	-0.0027523543166498377
30.27729	-0.0027523543166498377
30.27729	-0.0027523543166498377
30.27729	-0.0027523543166498377
30.337271	-0.0024073744735041776
30.337271	-0.0024073744735041776
30.337271	-0.0024073744735041776
30.337271	-0.0024073744735041776
30.373247	-0.0024118102205931986
30.373247	-0.0024118102205931986
30.373247	-0.0024118102205931986
30.373247	-0.0024118102205931986
30.397276	-0.0025060521387138758
30.421261	-0.0024330793745807287
30.421261	-0.0024330793745807287
30.445175	-0.0022898179865337197
30.445175	-0.0022898179865337197
30.445175	-0.0022898179865337197
30.445175	-0.0022898179865337197
30.445175	-0.0022898179865337197
30.445175	-0.0022898179865337197
30.445175	-0.0022898179865337197
30.445175	-0.0022898179865337197
30.445175	-0.0022898179865337197
30.445175	-0.0022898179865337197
30.457358	-0.0022058361793957843
30.517278	-0.0012130527874409365
30.565175	-0.00079817057661760356
30.577273	-0.00070209894867399631
30.577273	-0.00070209894867399631
30.577273	-0.00070209894867399631
30.577273	-0.00070209894867399631
30.613241	-0.00044092250613345752
30.625176	-0.00035921632048075384
30.63727	-0.00027842887504324484
30.63727	-0.00027842887504324484
30.63727	-0.00027842887504324484
30.63727	-0.00027842887504324484
30.63727	-0.00027842887504324484
30.685255	3.2135038196591164e-05
30.697282	0.00010587097526929893
30.697282	0.00010587097526929893
30.697282	0.00010587097526929893
30.697282	0.00010587097526929893
30.697282	0.00010587097526929893
30.697282	0.00010587097526929893
30.757289	0.00043875493337177063
30.757289	0.00043875493337177063
30.757289	0.00043875493337177063
30.757289	0.00043875493337177063
30.757289	0.00043875493337177063
30.805183	0.00074122389167253122
30.817382	0.00080079928738372623
30.817382	0.00080079928738372623
30.817382	0.00080079928738372623
30.817382	0.00080079928738372623
30.853254	0.00095148174997528674
30.853254	0.00095148174997528674
30.877285	0.0010517999933436215
30.877285	0.0010517999933436215
30.889184	0.0010962387363103734
30.901183	0.0011385380742661457
30.901183	0.0011385380742661457
30.901183	0.0011385380742661457
30.937278	0.0012438650352204236
30.937278	0.0012438650352204236
30.937278	0.0012438650352204236
30.961183	0.001300434279914116
30.961183	0.001300434279914116
30.961183	0.001300434279914116
30.9973	0.0013375958845156693
30.9973	0.0013375958845156693
31.009183	0.0013534251098621661
31.021183	0.0013695509112430346
31.021183	0.0013695509112430346
31.021183	0.0013695509112430346
31.057278	0.0014125056150157509
31.057278	0.0014125056150157509
31.057278	0.0014125056150157509
31.057278	0.0014125056150157509
31.093246	0.0014527823912148651
31.093246	0.0014527823912148651
31.117383	0.001468450998734486
31.117383	0.001468450998734486
31.117383	0.001468450998734486
31.117383	0.001468450998734486
31.117383	0.001468450998734486
31.117383	0.001468450998734486
31.177303	0.001481740939513955
31.177303	0.001481740939513955
31.177303	0.001481740939513955
31.177303	0.001481740939513955
31.177303	0.001481740939513955
31.225183	0.001464933518734051
31.237285	0.0014558601258285763
31.237285	0.0014558601258285763
31.249187	0.0014448788908810581
31.249187	0.0014448788908810581
31.273248	0.0014235670131080254
31.273248	0.0014235670131080254
31.297297	0.0013970431827491192
31.297297	0.0013970431827491192
31.297297	0.0013970431827491192
31.297297	0.0013970431827491192
31.33325	0.001340574487811506
31.345262	0.0013185631360708686
31.357302	0.0012950911608015929
31.357302	0.0012950911608015929
31.357302	0.0012950911608015929
31.357302	0.0012950911608015929
31.357302	0.0012950911608015929
31.357302	0.0012950911608015929
31.41728	0.0011693840065181763
31.41728	0.0011693840065181763
31.41728	0.0011693840065181763
31.441184	0.001106319087052674
31.441184	0.001106319087052674
31.441184	0.001106319087052674
31.477348	0.001007426440106457
31.477348	0.001007426440106457
31.489183	0.00097297995564992227
31.489183	0.00097297995564992227
31.489183	0.00097297995564992227
31.525184	0.00085773467499301187
31.537278	0.00081610394636976466
31.537278	0.00081610394636976466
31.537278	0.00081610394636976466
31.537278	0.00081610394636976466
31.573255	0.00068998325904963257
31.573255	0.00068998325904963257
31.597279	0.00060336267818214995
31.597279	0.00060336267818214995
31.597279	0.00060336267818214995
31.597279	0.00060336267818214995
31.597279	0.00060336267818214995
31.597279	0.00060336267818214995
31.657286	0.0003628619132797903
31.657286	0.0003628619132797903
31.669183	0.0003162681158088441
31.66919	0.0003162411761054908
31.66919	0.0003162411761054908
31.66919	0.0003162411761054908
31.717285	0.00011891609140188282
31.717285	0.00011891609140188282
31.717285	0.00011891609140188282
31.717285	0.00011891609140188282
31.717285	0.00011891609140188282
31.717285	0.00011891609140188282
31.777298	-0.00013437793344389418
31.777298	-0.00013437793344389418
31.777298	-0.00013437793344389418
31.777298	-0.00013437793344389418
31.813253	-0.00028390769268693403
31.825215	-0.00033422541830870235
31.837286	-0.00038491497931928591
31.837286	-0.00038491497931928591
31.837286	-0.00038491497931928591
31.837286	-0.00038491497931928591
31.837286	-0.00038491497931928591
31.837286	-0.00038491497931928591
31.897284	-0.00067889887341949942
31.897284	-0.00067889887341949942
31.897284	-0.00067889887341949942
31.92119	-0.00077881663694134937
31.92119	-0.00077881663694134937
31.92119	-0.00077881663694134937
31.957405	-0.00090893491320488164
31.957405	-0.00090893491320488164
31.957405	-0.00090893491320488164
31.957405	-0.00090893491320488164
31.993253	-0.0010205819217185825
31.993253	-0.0010205819217185825
32.017328	-0.0010870394684513536
32.017328	-0.0010870394684513536
32.017328	-0.0010870394684513536
32.017328	-0.0010870394684513536
32.017328	-0.0010870394684513536
32.065191	-0.0011958855190069416
32.077291	-0.0012186748595312206
32.077291	-0.0012186748595312206
32.077291	-0.0012186748595312206
32.077291	-0.0012186748595312206
32.077291	-0.0012186748595312206
32.077291	-0.0012186748595312206
32.137353	-0.0012980941480355171
32.137353	-0.0012980941480355171
32.149201	-0.0013067699401267893
32.16119	-0.0013143463083855752
32.16119	-0.0013143463083855752
32.16119	-0.0013143463083855752
32.197284	-0.0013215751649357651
32.197284	-0.0013215751649357651
32.197284	-0.0013215751649357651
32.197284	-0.0013215751649357651
32.233268	-0.0013082538702074771
32.233268	-0.0013082538702074771
32.257286	-0.0012888247056378704
32.257286	-0.0012888247056378704
32.257286	-0.0012888247056378704
32.257286	-0.0012888247056378704
32.293255	-0.0012429663331672014
32.293255	-0.0012429663331672014
32.317307	-0.0012024974529723947
32.317307	-0.0012024974529723947
32.317307	-0.0012024974529723947
32.317307	-0.0012024974529723947
32.317307	-0.0012024974529723947
32.317307	-0.0012024974529723947
32.377288	-0.0010681871275689614
32.377288	-0.0010681871275689614
32.377288	-0.0010681871275689614
32.377288	-0.0010681871275689614
32.41326	-0.00096771912834436912
32.41326	-0.00096771912834436912
32.437289	-0.00089393126269097817
32.437289	-0.00089393126269097817
32.437289	-0.00089393126269097817
32.437289	-0.00089393126269097817
32.437289	-0.00089393126269097817
32.437289	-0.00089393126269097817
32.497285	-0.00069062006872769603
32.497285	-0.00069062006872769603
32.497285	-0.00069062006872769603
32.497285	-0.00069062006872769603
32.497285	-0.00069062006872769603
32.54519	-0.0005171011935121584
32.557287	-0.00047243996477043022
32.557287	-0.00047243996477043022
32.557287	-0.00047243996477043022
32.557287	-0.00047243996477043022
32.557287	-0.00047243996477043022
32.557287	-0.00047243996477043022
32.617294	-0.00024943156730939991
32.617294	-0.00024943156730939991
32.617294	-0.00024943156730939991
32.617294	-0.00024943156730939991
32.653257	-0.00011792919921516559
32.653257	-0.00011792919921516559
32.677325	-3.2256033211844337e-05
32.677325	-3.2256033211844337e-05
32.677333	-3.2227733964635097e-05
32.677333	-3.2227733964635097e-05
32.713273	9.020360349599793e-05
32.725209	0.00012924776233843162
32.737296	0.00016789260462559032
32.737296	0.00016789260462559032
32.737296	0.00016789260462559032
32.737296	0.00016789260462559032
32.77327	0.00027581184962553902
32.77327	0.00027581184962553902
32.77327	0.00027581184962553902
32.77327	0.00027581184962553902
32.77327	0.00027581184962553902
32.77327	0.00027581184962553902
32.797381	0.00034239181595867519
32.845198	0.0004579925521372598
32.857297	0.00048383420152305686
32.857297	0.00048383420152305686
32.869198	0.00048873914566282476
32.869198	0.00048873914566282476
32.869198	0.00048873914566282476
32.869198	0.00048873914566282476
32.917295	0.0005233135227799443
32.917295	0.0005233135227799443
32.917295	0.0005233135227799443
32.917295	0.0005233135227799443
32.917295	0.0005233135227799443
32.917295	0.0005233135227799443
32.977311	0.00058040631781344559
32.977311	0.00058040631781344559
32.989198	0.00058714117109951889
33.001198	0.00059398758889645117
33.013277	0.00060007699053074744
33.025199	0.00060541348446750774
33.037297	0.00060994463665907611
33.037297	0.00060994463665907611
33.037297	0.00060994463665907611
33.037297	0.00060994463665907611
33.037297	0.00060994463665907611
33.037297	0.00060994463665907611
33.097391	0.00060465239388374909
33.097391	0.00060465239388374909
33.097391	0.00060465239388374909
33.121198	0.00059749487311656945
33.121198	0.00059749487311656945
33.121198	0.00059749487311656945
33.121198	0.00059749487311656945
33.121198	0.00059749487311656945
33.121198	0.00059749487311656945
33.121198	0.00059749487311656945
33.121198	0.00059749487311656945
33.15731	0.0005816690638695642
33.217294	0.00052968422865045685
33.217294	0.00052968422865045685
33.229259	0.0005193242756308615
33.241198	0.00050885297119758509
33.241198	0.00050885297119758509
33.241198	0.00050885297119758509
33.277303	0.00046783475607144355
33.277303	0.00046783475607144355
33.277303	0.00046783475607144355
33.277303	0.00046783475607144355
33.31327	0.0004259012527338368
33.325275	0.00041288690598149838
33.337296	0.00040008345295487199
33.337296	0.00040008345295487199
33.337296	0.00040008345295487199
33.337296	0.00040008345295487199
33.373277	0.00035747859270920674
33.385198	0.00034181108303210677
33.397292	0.00032740058204816118
33.397292	0.00032740058204816118
33.397292	0.00032740058204816118
33.397292	0.00032740058204816118
33.397292	0.00032740058204816118
33.397292	0.00032740058204816118
33.397292	0.00032740058204816118
33.397292	0.00032740058204816118
33.457363	0.00026604856327043606
33.481198	0.00023659903465637186
33.481198	0.00023659903465637186
33.481198	0.00023659903465637186
33.517291	0.00020126222060246616
33.517291	0.00020126222060246616
33.529198	0.00019121440629318593
33.541197	0.00018138988400126876
33.541197	0.00018138988400126876
33.541197	0.00018138988400126876
33.577294	0.00014742166392769964
33.577294	0.00014742166392769964
33.577294	0.00014742166392769964
33.601197	0.0001262667254442576
33.601197	0.0001262667254442576
33.601197	0.0001262667254442576
33.637309	0.00010197150192347589
33.637309	0.00010197150192347589
33.637309	0.00010197150192347589
33.637309	0.00010197150192347589
33.637309	0.00010197150192347589
33.637309	0.00010197150192347589
33.697314	6.053457288550401e-05
33.697314	6.053457288550401e-05
33.697314	6.053457288550401e-05
33.697314	6.053457288550401e-05
33.697314	6.053457288550401e-05
33.745209	3.6191405029688268e-05
33.757329	3.0779447528385699e-05
33.757329	3.0779447528385699e-05
33.769212	2.1483176315387397e-05
33.781209	1.1238576747041682e-05
33.793271	3.7096364176412966e-06
33.793271	3.7096364176412966e-06
33.817303	-9.1966339670337596e-06
33.817303	-9.1966339670337596e-06
33.817303	-9.1966339670337596e-06
33.817303	-9.1966339670337596e-06
33.817303	-9.1966339670337596e-06
33.865209	-3.2457658595969804e-05
33.877325	-4.231620740738738e-05
33.877325	-4.231620740738738e-05
33.877325	-4.231620740738738e-05
33.877325	-4.231620740738738e-05
33.91328	-6.3724760755383265e-05
33.925209	-6.9837823446695165e-05
33.93732	-7.5840456194997664e-05
33.93732	-7.5840456194997664e-05
33.93732	-7.5840456194997664e-05
33.93732	-7.5840456194997664e-05
33.973282	-9.8681350060649805e-05
33.98528	-0.00010819654150201179
33.997308	-0.00011647857861592112
33.997308	-0.00011647857861592112
33.997308	-0.00011647857861592112
33.997308	-0.00011647857861592112
33.997308	-0.00011647857861592112
33.997308	-0.00011647857861592112
33.997308	-0.00011647857861592112
33.997308	-0.00011647857861592112
33.997308	-0.00011647857861592112
33.997308	-0.00011647857861592112
34.057306	-0.00015215080053502438
34.105209	-0.00019145213341848619
34.117372	-0.00019959234792184762
34.117372	-0.00019959234792184762
34.117372	-0.00019959234792184762
34.117372	-0.00019959234792184762
34.117372	-0.00019959234792184762
34.165209	-0.0002312425367577757
34.177312	-0.00024340654816463347
34.177312	-0.00024340654816463347
34.177312	-0.00024340654816463347
34.177312	-0.00024340654816463347
34.177312	-0.00024340654816463347
34.177312	-0.00024340654816463347
34.237305	-0.00028329978755469972
34.237305	-0.00028329978755469972
34.237305	-0.00028329978755469972
34.261208	-0.00029301320369559301
34.261208	-0.00029301320369559301
34.261208	-0.00029301320369559301
34.29731	-0.0002611217944048234
34.29731	-0.0002611217944048234
34.309209	-0.0002601009311755744
34.309209	-0.0002601009311755744
34.333273	-0.00026246569806361318
34.333273	-0.00026246569806361318
34.357303	-0.00026745440842105932
34.357303	-0.00026745440842105932
34.357303	-0.00026745440842105932
34.357303	-0.00026745440842105932
34.357303	-0.00026745440842105932
34.405209	-0.00027621238995698811
34.417327	-0.00027751477423048791
34.417327	-0.00027751477423048791
34.417327	-0.00027751477423048791
34.441209	-0.00027852654436816374
34.453278	-0.00027810046084518665
34.453278	-0.00027810046084518665
34.477313	-0.00027590890032052527
34.477313	-0.00027590890032052527
34.489209	-0.00027380497198223623
34.489209	-0.00027380497198223623
34.513355	-0.00026793192579722155
34.525208	-0.00026414790802330049
34.537317	-0.00025970322354598182
34.537317	-0.00025970322354598182
34.537317	-0.00025970322354598182
34.537317	-0.00025970322354598182
34.537317	-0.00025970322354598182
34.537317	-0.00025970322354598182
34.597337	-0.00022840150994524755
34.597337	-0.00022840150994524755
34.597337	-0.00022840150994524755
34.597337	-0.00022840150994524755
34.597337	-0.00022840150994524755
34.64528	-0.00019287512729697153
34.657309	-0.0001827139957054067
34.657309	-0.0001827139957054067
34.657309	-0.0001827139957054067
34.681213	-0.00016107417729246888
34.693283	-0.00014936835987319641
34.705216	-0.0001375095748404066
34.717318	-0.00012510953989632845
34.717318	-0.00012510953989632845
34.717318	-0.00012510953989632845
34.717318	-0.00012510953989632845
34.717318	-0.00012510953989632845
34.717318	-0.00012510953989632845
34.777391	-5.8881883453169088e-05
34.777391	-5.8881883453169088e-05
34.777391	-5.8881883453169088e-05
34.801216	-3.117824114437469e-05
34.813285	-1.6929005072660062e-05
34.825215	-2.8110900394138061e-06
34.83731	1.1544889411860401e-05
34.83731	1.1544889411860401e-05
34.83731	1.1544889411860401e-05
34.83731	1.1544889411860401e-05
34.83731	1.1544889411860401e-05
34.885215	6.7820503511631326e-05
34.897333	8.177567943135598e-05
34.897333	8.177567943135598e-05
34.909286	9.5298916268536977e-05
34.909286	9.5298916268536977e-05
34.909286	9.5298916268536977e-05
34.909286	9.5298916268536977e-05
34.957313	0.00014718188228497956
34.957313	0.00014718188228497956
34.957313	0.00014718188228497956
34.957313	0.00014718188228497956
34.957313	0.00014718188228497956
34.957313	0.00014718188228497956
35.017312	0.00020305078806062915
35.017312	0.00020305078806062915
35.017312	0.00020305078806062915
35.017312	0.00020305078806062915
35.017312	0.00020305078806062915
35.017312	0.00020305078806062915
35.017312	0.00020305078806062915
35.017312	0.00020305078806062915
35.017312	0.00020305078806062915
35.077319	0.00024559196097011655
35.113287	0.00026346782163421485
35.125216	0.00026814066780974277
35.137309	0.00027223043092732002
35.137309	0.00027223043092732002
35.149216	0.00027534682817484895
35.149216	0.00027534682817484895
35.173355	0.00027978286884311596
35.185216	0.00028091902235510699
35.197309	0.00028141400250908377
35.197309	0.00028141400250908377
35.209219	0.00028102100831778906
35.209219	0.00028102100831778906
35.209219	0.00028102100831778906
35.245216	0.00027614598401649957
35.257313	0.00027317748490755513
35.257313	0.00027317748490755513
35.257313	0.00027317748490755513
35.257313	0.00027317748490755513
35.293298	0.00026010486484662058
35.293298	0.00026010486484662058
35.293298	0.00026010486484662058
35.293298	0.00026010486484662058
35.293298	0.00026010486484662058
35.293298	0.00026010486484662058
35.317373	0.00024845435033021422
35.365215	0.00021859798443168733
35.37738	0.00020983742476510237
35.37738	0.00020983742476510237
35.37738	0.00020983742476510237
35.401216	0.00019145160953167519
35.401216	0.00019145160953167519
35.401216	0.00019145160953167519
35.437385	0.00016108352699049699
35.437385	0.00016108352699049699
35.449216	0.00015060228551549363
35.449216	0.00015060228551549363
35.449216	0.00015060228551549363
35.449216	0.00015060228551549363
35.497336	0.00010639198852682538
35.497336	0.00010639198852682538
35.497336	0.00010639198852682538
35.497336	0.00010639198852682538
35.497336	0.00010639198852682538
35.497336	0.00010639198852682538
35.557354	5.0108494800524435e-05
35.557354	5.0108494800524435e-05
35.557354	5.0108494800524435e-05
35.557354	5.0108494800524435e-05
35.557354	5.0108494800524435e-05
35.557354	5.0108494800524435e-05
35.617309	-3.360524010483732e-06
35.617309	-3.360524010483732e-06
35.617309	-3.360524010483732e-06
35.617309	-3.360524010483732e-06
35.653291	-3.2379507338067183e-05
35.653291	-3.2379507338067183e-05
35.677355	-5.0202318583401615e-05
35.677355	-5.0202318583401615e-05
35.677355	-5.0202318583401615e-05
35.701293	-6.6280314705542464e-05
35.713303	-7.353280850203488e-05
35.713303	-7.353280850203488e-05
35.737396	-8.6943939882424531e-05
35.737396	-8.6943939882424531e-05
35.737396	-8.6943939882424531e-05
35.737396	-8.6943939882424531e-05
35.737396	-8.6943939882424531e-05
35.737396	-8.6943939882424531e-05
35.79732	-0.00011182102385342535
35.79732	-0.00011182102385342535
35.79732	-0.00011182102385342535
35.79732	-0.00011182102385342535
35.79732	-0.00011182102385342535
35.79732	-0.00011182102385342535
35.85732	-0.00012448209999586416
35.85732	-0.00012448209999586416
35.869309	-0.00012550317565285644
35.869309	-0.00012550317565285644
35.893303	-0.0001263603203698412
35.893303	-0.0001263603203698412
35.917318	-0.00012548066574002997
35.917318	-0.00012548066574002997
35.917318	-0.00012548066574002997
35.917318	-0.00012548066574002997
35.953308	-0.00012097188151639497
35.965302	-0.00011877990369552662
35.977364	-0.00011626077276352734
35.977364	-0.00011626077276352734
35.977364	-0.00011626077276352734
36.001226	-0.00011030739994772968
36.013286	-0.00010679333693136515
36.025223	-0.00010314483360920581
36.037335	-9.9220743307796446e-05
36.037335	-9.9220743307796446e-05
36.037335	-9.9220743307796446e-05
36.037335	-9.9220743307796446e-05
36.037335	-9.9220743307796446e-05
36.037335	-9.9220743307796446e-05
36.037335	-9.9220743307796446e-05
36.097388	-7.7258808591194501e-05
36.109498	-7.245743219248765e-05
36.109498	-7.245743219248765e-05
36.109498	-7.245743219248765e-05
36.109498	-7.245743219248765e-05
36.157319	-5.3216152658249032e-05
36.157319	-5.3216152658249032e-05
36.157319	-5.3216152658249032e-05
36.181222	-4.379385007909937e-05
36.181222	-4.379385007909937e-05
36.205222	-3.4738944026445928e-05
36.217336	-3.0327466949692088e-05
36.217336	-3.0327466949692088e-05
36.229294	-2.6178256911380888e-05
36.229294	-2.6178256911380888e-05
36.229294	-2.6178256911380888e-05
36.265226	-1.4725107836075122e-05
36.277367	-1.1263238879108906e-05
36.277367	-1.1263238879108906e-05
36.277367	-1.1263238879108906e-05
36.301223	-4.7683244686950159e-06
36.313313	-1.5698330101228861e-06
36.325223	1.4717188384492739e-06
36.33732	4.4188673527920752e-06
36.33732	4.4188673527920752e-06
36.33732	4.4188673527920752e-06
36.33732	4.4188673527920752e-06
36.33732	4.4188673527920752e-06
36.33732	4.4188673527920752e-06
36.397323	1.4767833887416171e-05
36.397323	1.4767833887416171e-05
36.397323	1.4767833887416171e-05
36.421223	1.6812303978195989e-05
36.421223	1.6812303978195989e-05
36.421223	1.6812303978195989e-05
36.457339	1.7571275940502237e-05
36.457339	1.7571275940502237e-05
36.469245	1.7199647861703303e-05
36.469245	1.7199647861703303e-05
36.469245	1.7199647861703303e-05
36.469245	1.7199647861703303e-05
36.517333	1.3451078243964094e-05
36.517333	1.3451078243964094e-05
36.517333	1.3451078243964094e-05
36.517333	1.3451078243964094e-05
36.517333	1.3451078243964094e-05
36.565223	6.3135696133078912e-06
36.577367	4.0710579105869742e-06
36.577367	4.0710579105869742e-06
36.589226	1.7128940952653115e-06
36.589226	1.7128940952653115e-06
36.589226	1.7128940952653115e-06
36.589226	1.7128940952653115e-06
36.589226	1.7128940952653115e-06
36.589226	1.7128940952653115e-06
36.589226	1.7128940952653115e-06
36.589226	1.7128940952653115e-06
36.589226	1.7128940952653115e-06
36.637323	-8.6907415812262938e-06
36.697318	-2.248777380244406e-05
36.697326	-2.2489592067329165e-05
36.697326	-2.2489592067329165e-05
36.697326	-2.2489592067329165e-05
36.733314	-3.01450265756622e-05
36.733314	-3.01450265756622e-05
36.757403	-3.475012188235299e-05
36.757403	-3.475012188235299e-05
36.757403	-3.475012188235299e-05
36.757403	-3.475012188235299e-05
36.757403	-3.475012188235299e-05
36.805231	-4.1953171777859498e-05
36.81733	-4.3298746985346724e-05
36.81733	-4.3298746985346724e-05
36.81733	-4.3298746985346724e-05
36.81733	-4.3298746985346724e-05
36.81733	-4.3298746985346724e-05
36.865314	-4.6209760109443565e-05
36.877359	-4.6367411597822365e-05
36.877359	-4.6367411597822365e-05
36.877359	-4.6367411597822365e-05
36.877359	-4.6367411597822365e-05
36.877359	-4.6367411597822365e-05
36.925244	-4.4010006322716297e-05
36.93733	-4.2730994130108731e-05
36.93733	-4.2730994130108731e-05
36.93733	-4.2730994130108731e-05
36.93733	-4.2730994130108731e-05
36.973303	-3.7204983130967672e-05
36.985231	-3.4875476817435044e-05
36.997344	-3.2256191628425934e-05
36.997344	-3.2256191628425934e-05
36.997344	-3.2256191628425934e-05
36.997344	-3.2256191628425934e-05
37.033303	-2.2801653288982322e-05
37.033303	-2.2801653288982322e-05
37.033303	-2.2801653288982322e-05
37.057333	-1.542099047248645e-05
37.069378	-1.1401107038286026e-05
37.069378	-1.1401107038286026e-05
37.069378	-1.1401107038286026e-05
37.069378	-1.1401107038286026e-05
37.117348	6.0673718993217331e-06
37.117348	6.0673718993217331e-06
37.117348	6.0673718993217331e-06
37.117348	6.0673718993217331e-06
37.117348	6.0673718993217331e-06
37.117348	6.0673718993217331e-06
37.177389	3.0302069041850923e-05
37.177389	3.0302069041850923e-05
37.177389	3.0302069041850923e-05
37.177389	3.0302069041850923e-05
37.177389	3.0302069041850923e-05
37.225231	4.9827279075802082e-05
37.237326	5.4639051810504349e-05
37.237326	5.4639051810504349e-05
37.237326	5.4639051810504349e-05
37.237326	5.4639051810504349e-05
37.237326	5.4639051810504349e-05
37.237326	5.4639051810504349e-05
37.297335	7.6743436572368595e-05
37.297335	7.6743436572368595e-05
37.297335	7.6743436572368595e-05
37.297335	7.6743436572368595e-05
37.297335	7.6743436572368595e-05
37.34523	9.1704790422112448e-05
37.357332	9.4966922487687108e-05
37.357332	9.4966922487687108e-05
37.369231	9.783466663526786e-05
37.381231	0.00010057860551501626
37.381231	0.00010057860551501626
37.381231	0.00010057860551501626
37.417397	0.00010683157993412924
37.417397	0.00010683157993412924
37.417397	0.00010683157993412924
37.417397	0.00010683157993412924
37.417397	0.00010683157993412924
37.417397	0.00010683157993412924
37.477359	0.00011074331423603283
37.477359	0.00011074331423603283
37.477359	0.00011074331423603283
37.477359	0.00011074331423603283
37.477359	0.00011074331423603283
37.477359	0.00011074331423603283
37.537343	0.00010627578894802449
37.537343	0.00010627578894802449
37.537343	0.00010627578894802449
37.561231	0.00010219265978368369
37.573303	9.9525378717800223e-05
37.573303	9.9525378717800223e-05
37.597358	9.3421029761238286e-05
37.597358	9.3421029761238286e-05
37.597358	9.3421029761238286e-05
37.597358	9.3421029761238286e-05
37.633301	8.18719208599103e-05
37.633301	8.18719208599103e-05
37.657327	7.2817491330158908e-05
37.657327	7.2817491330158908e-05
37.657327	7.2817491330158908e-05
37.657327	7.2817491330158908e-05
37.657327	7.2817491330158908e-05
37.70524	5.256539371174325e-05
37.717353	4.741831653532509e-05
37.717353	4.741831653532509e-05
37.717353	4.741831653532509e-05
37.717353	4.741831653532509e-05
37.717353	4.741831653532509e-05
37.765239	2.6586888563124442e-05
37.777357	2.1119457972301885e-05
37.777357	2.1119457972301885e-05
37.777357	2.1119457972301885e-05
37.801258	1.0157144162258416e-05
37.801258	1.0157144162258416e-05
37.825238	-9.2357913349445331e-07
37.837339	-6.5049829913314256e-06
37.837339	-6.5049829913314256e-06
37.837339	-6.5049829913314256e-06
37.837339	-6.5049829913314256e-06
37.837339	-6.5049829913314256e-06
37.837339	-6.5049829913314256e-06
37.897335	-3.3252319036648851e-05
37.897335	-3.3252319036648851e-05
37.897335	-3.3252319036648851e-05
37.897335	-3.3252319036648851e-05
37.933318	-4.7730264066587971e-05
37.933318	-4.7730264066587971e-05
37.957361	-5.6533130418933325e-05
37.957361	-5.6533130418933325e-05
37.957361	-5.6533130418933325e-05
37.957361	-5.6533130418933325e-05
37.993302	-6.7937807482913661e-05
37.993302	-6.7937807482913661e-05
38.017336	-7.4261148433020459e-05
38.017336	-7.4261148433020459e-05
38.017336	-7.4261148433020459e-05
38.017336	-7.4261148433020459e-05
38.017336	-7.4261148433020459e-05
38.017336	-7.4261148433020459e-05
38.017336	-7.4261148433020459e-05
38.017336	-7.4261148433020459e-05
38.017336	-7.4261148433020459e-05
38.017336	-7.4261148433020459e-05
38.077463	-8.4790914563168435e-05
38.125238	-8.7614013813726345e-05
38.13735	-8.7578833418672095e-05
38.13735	-8.7578833418672095e-05
38.13735	-8.7578833418672095e-05
38.13735	-8.7578833418672095e-05
38.173311	-8.5539029865478074e-05
38.173311	-8.5539029865478074e-05
38.197351	-8.2755665980609801e-05
38.197351	-8.2755665980609801e-05
38.197351	-8.2755665980609801e-05
38.197351	-8.2755665980609801e-05
38.233312	-7.6265129210788691e-05
38.233312	-7.6265129210788691e-05
38.257342	-7.0708945227904236e-05
38.257342	-7.0708945227904236e-05
38.257342	-7.0708945227904236e-05
38.257342	-7.0708945227904236e-05
38.257342	-7.0708945227904236e-05
38.257342	-7.0708945227904236e-05
38.317356	-5.3182302892643516e-05
38.317356	-5.3182302892643516e-05
38.317356	-5.3182302892643516e-05
38.317356	-5.3182302892643516e-05
38.317356	-5.3182302892643516e-05
38.317356	-5.3182302892643516e-05
38.317356	-5.3182302892643516e-05
38.317356	-5.3182302892643516e-05
38.377358	-3.2064038574141307e-05
38.401239	-2.3166806013094424e-05
38.401239	-2.3166806013094424e-05
38.401239	-2.3166806013094424e-05
38.437332	-9.559750724839169e-06
38.437332	-9.559750724839169e-06
38.449239	-5.1325284656422354e-06
38.449239	-5.1325284656422354e-06
38.449239	-5.1325284656422354e-06
38.449239	-5.1325284656422354e-06
38.497332	1.2112502519101713e-05
38.497332	1.2112502519101713e-05
38.497332	1.2112502519101713e-05
38.521249	2.0151202317222658e-05
38.533302	2.3970100708850445e-05
38.54526	2.7633781432333454e-05
38.557337	3.1173012926920352e-05
38.557337	3.1173012926920352e-05
38.557337	3.1173012926920352e-05
38.557337	3.1173012926920352e-05
38.557337	3.1173012926920352e-05
38.557337	3.1173012926920352e-05
38.617335	4.556701303028147e-05
38.617335	4.556701303028147e-05
38.6294	4.7749939679258009e-05
38.641242	4.9762718047769405e-05
38.641242	4.9762718047769405e-05
38.641242	4.9762718047769405e-05
38.67737	5.4128484700577716e-05
38.67737	5.4128484700577716e-05
38.67737	5.4128484700577716e-05
38.701248	5.6156721422478053e-05
38.701256	5.6157312888647728e-05
38.725246	5.7821354348070113e-05
38.737421	5.8467089389620558e-05
38.737421	5.8467089389620558e-05
38.737421	5.8467089389620558e-05
38.737421	5.8467089389620558e-05
38.737421	5.8467089389620558e-05
38.785247	5.8507843617091725e-05
38.797345	5.7923826678994743e-05
38.797345	5.7923826678994743e-05
38.797345	5.7923826678994743e-05
38.821247	5.6066675652370405e-05
38.821247	5.6066675652370405e-05
38.821247	5.6066675652370405e-05
38.857367	5.1547800616006576e-05
38.857367	5.1547800616006576e-05
38.86932	4.9599162808796173e-05
38.881247	4.7548060448467676e-05
38.893311	4.5196996763835105e-05
38.893311	4.5196996763835105e-05
38.917355	4.0124047326736074e-05
38.917355	4.0124047326736074e-05
38.929247	3.7365057633115422e-05
38.929247	3.7365057633115422e-05
38.929247	3.7365057633115422e-05
38.929247	3.7365057633115422e-05
38.977356	2.520900458253602e-05
38.977356	2.520900458253602e-05
38.977356	2.520900458253602e-05
38.977356	2.520900458253602e-05
39.013313	1.5478850349183093e-05
39.013313	1.5478850349183093e-05
39.013313	1.5478850349183093e-05
39.037344	8.9460272066740868e-06
39.049247	5.7420074998831805e-06
39.049247	5.7420074998831805e-06
39.073331	-6.4047201614208742e-07
39.073331	-6.4047201614208742e-07
39.097364	-6.7503067623551543e-06
39.097364	-6.7503067623551543e-06
39.109246	-9.5949844365067776e-06
39.109246	-9.5949844365067776e-06
39.13338	-1.506575953786788e-05
39.13338	-1.506575953786788e-05
39.157345	-1.9996037954647959e-05
39.157345	-1.9996037954647959e-05
39.157345	-1.9996037954647959e-05
39.157345	-1.9996037954647959e-05
39.193311	-2.6188032861137237e-05
39.193311	-2.6188032861137237e-05
39.217362	-2.940535459580147e-05
39.217362	-2.940535459580147e-05
39.217362	-2.940535459580147e-05
39.217362	-2.940535459580147e-05
39.217362	-2.940535459580147e-05
39.265317	-3.3324248387087613e-05
39.277355	-3.3846069528411404e-05
39.277355	-3.3846069528411404e-05
39.277355	-3.3846069528411404e-05
39.30125	-3.4237874383362506e-05
39.313325	-3.4062166933462056e-05
39.325258	-3.374253800154211e-05
39.337381	-3.3229538369759238e-05
39.337381	-3.3229538369759238e-05
39.337381	-3.3229538369759238e-05
39.337381	-3.3229538369759238e-05
39.373336	-3.0517799639928152e-05
39.373336	-3.0517799639928152e-05
39.373336	-3.0517799639928152e-05
39.373336	-3.0517799639928152e-05
39.373336	-3.0517799639928152e-05
39.373336	-3.0517799639928152e-05
39.373336	-3.0517799639928152e-05
39.397418	-2.7835739756763415e-05
39.457363	-1.8142326509425349e-05
39.457363	-1.8142326509425349e-05
39.469247	-1.5825213638440497e-05
39.469247	-1.5825213638440497e-05
39.469247	-1.5825213638440497e-05
39.469247	-1.5825213638440497e-05
39.517342	-4.6583392848025363e-06
39.517342	-4.6583392848025363e-06
39.529324	-1.3548182783862959e-06
39.529324	-1.3548182783862959e-06
39.529324	-1.3548182783862959e-06
39.529324	-1.3548182783862959e-06
39.577367	1.2339762093898135e-05
39.577367	1.2339762093898135e-05
39.577367	1.2339762093898135e-05
39.577367	1.2339762093898135e-05
39.577367	1.2339762093898135e-05
39.625247	2.5661941302538117e-05
39.637343	2.88825382605305e-05
39.637343	2.88825382605305e-05
39.637343	2.88825382605305e-05
39.637343	2.88825382605305e-05
39.637343	2.88825382605305e-05
39.637343	2.88825382605305e-05
39.637343	2.88825382605305e-05
39.637343	2.88825382605305e-05
39.697353	4.2955008992470767e-05
39.721254	4.7552381828376766e-05
39.721254	4.7552381828376766e-05
39.721254	4.7552381828376766e-05
39.757348	5.3093992973219032e-05
39.757348	5.3093992973219032e-05
39.757348	5.3093992973219032e-05
39.757348	5.3093992973219032e-05
39.757348	5.3093992973219032e-05
39.805254	5.7547837365721965e-05
39.817352	5.8172346018456358e-05
39.817352	5.8172346018456358e-05
39.817352	5.8172346018456358e-05
39.817352	5.8172346018456358e-05
39.853332	5.8574589985938676e-05
39.865254	5.8269989152949559e-05
39.877358	5.7741674946971931e-05
39.877358	5.7741674946971931e-05
39.877358	5.7741674946971931e-05
39.901254	5.6049725308505345e-05
39.901254	5.6049725308505345e-05
39.901254	5.6049725308505345e-05
39.93735	5.1995000662317226e-05
39.93735	5.1995000662317226e-05
39.93735	5.1995000662317226e-05
39.93735	5.1995000662317226e-05
39.93735	5.1995000662317226e-05
39.93735	5.1995000662317226e-05
39.997348	4.1339206467325643e-05
39.997348	4.1339206467325643e-05
40.009253	3.866001438363137e-05
40.021254	3.587181754759126e-05
40.021254	3.587181754759126e-05
40.021254	3.587181754759126e-05
40.057419	2.6487508662820231e-05
40.057419	2.6487508662820231e-05
40.069253	2.3166768157236541e-05
40.069253	2.3166768157236541e-05
40.069253	2.3166768157236541e-05
40.105275	1.2646155305217199e-05
40.117396	9.0040467697835947e-06
40.117396	9.0040467697835947e-06
40.117396	9.0040467697835947e-06
40.117396	9.0040467697835947e-06
40.117396	9.0040467697835947e-06
40.117396	9.0040467697835947e-06
40.177355	1.1322224783353699e-05
40.177355	1.1322224783353699e-05
40.189331	0.00022398555424975734
40.189331	0.00022398555424975734
40.213317	0.0012028818462975245
40.225257	0.001966822649864826
40.225257	0.001966822649864826
40.237365	0.0028728565682058743
40.249254	0.0038196376451883258
40.249254	0.0038196376451883258
40.273319	0.0057374432948477305
40.273319	0.0057374432948477305
40.297362	0.0071736975420977761
40.297362	0.0071736975420977761
40.297362	0.0071736975420977761
40.297362	0.0071736975420977761
40.33332	0.0074896574124817357
40.33332	0.0074896574124817357
40.35743	0.0070915275248926019
40.35743	0.0070915275248926019
40.35743	0.0070915275248926019
40.381253	0.0065565665616325545
40.381253	0.0065565665616325545
40.381253	0.0065565665616325545
40.417351	0.0057134353033316179
40.417351	0.0057134353033316179
40.417351	0.0057134353033316179
40.417351	0.0057134353033316179
40.417351	0.0057134353033316179
40.417351	0.0057134353033316179
40.47735	0.0042987044341692123
40.47735	0.0042987044341692123
40.47735	0.0042987044341692123
40.501254	0.0037242940202699372
40.513326	0.0034325602492970711
40.525274	0.0031436383873118005
40.537368	0.0028509494332345092
40.537368	0.0028509494332345092
40.537368	0.0028509494332345092
40.537368	0.0028509494332345092
40.573324	0.001984362299196967
40.573324	0.001984362299196967
40.597352	0.0014118312485275472
40.597352	0.0014118312485275472
40.597352	0.0014118312485275472
40.597352	0.0014118312485275472
40.597352	0.0014118312485275472
40.645253	0.00030258345176239343
40.657371	2.9750241347844479e-05
40.657371	2.9750241347844479e-05
40.657371	2.9750241347844479e-05
40.657371	2.9750241347844479e-05
40.657371	2.9750241347844479e-05
40.657371	2.9750241347844479e-05
40.717434	-0.0012565072303269242
40.729261	-0.0014942338566922664
40.729261	-0.0014942338566922664
40.729261	-0.0014942338566922664
40.753334	-0.001963547233760026
40.753334	-0.001963547233760026
40.777374	-0.0024087166151657603
40.777374	-0.0024087166151657603
40.777374	-0.0024087166151657603
40.801261	-0.0028245907746088897
40.813326	-0.0030223215289727351
40.813326	-0.0030223215289727351
40.837356	-0.0033987154138054184
40.837356	-0.0033987154138054184
40.849334	-0.0035733536780600127
40.849334	-0.0035733536780600127
40.849334	-0.0035733536780600127
40.849334	-0.0035733536780600127
40.897367	-0.0042043859738062159
40.897367	-0.0042043859738062159
40.897367	-0.0042043859738062159
40.921282	-0.0044716667515109706
40.921282	-0.0044716667515109706
40.921282	-0.0044716667515109706
40.95738	-0.0048127854511351032
40.95738	-0.0048127854511351032
40.95738	-0.0048127854511351032
40.95738	-0.0048127854511351032
40.95738	-0.0048127854511351032
40.95738	-0.0048127854511351032
40.95738	-0.0048127854511351032
40.95738	-0.0048127854511351032
40.95738	-0.0048127854511351032
40.95738	-0.0048127854511351032
40.95738	-0.0048127854511351032
41.017358	-0.0052157754010098232
41.077356	-0.0054134743047998873
41.077356	-0.0054134743047998873
41.077356	-0.0054134743047998873
41.077356	-0.0054134743047998873
41.113409	-0.0054345746602634986
41.113409	-0.0054345746602634986
41.13736	-0.0054118053062178605
41.13736	-0.0054118053062178605
41.13736	-0.0054118053062178605
41.13736	-0.0054118053062178605
41.13736	-0.0054118053062178605
41.13736	-0.0054118053062178605
41.197358	-0.0052231035056921537
41.197358	-0.0052231035056921537
41.197358	-0.0052231035056921537
41.197358	-0.0052231035056921537
41.233333	-0.0050268311200719262
41.233333	-0.0050268311200719262
41.257363	-0.0048656260330934642
41.257363	-0.0048656260330934642
41.257363	-0.0048656260330934642
41.257363	-0.0048656260330934642
41.257363	-0.0048656260330934642
41.305261	-0.0036975927885772811
41.317397	-0.0029076824677474805
41.317397	-0.0029076824677474805
41.317397	-0.0029076824677474805
41.317397	-0.0029076824677474805
41.317397	-0.0029076824677474805
41.317397	-0.0029076824677474805
41.317397	-0.0029076824677474805
41.377452	0.0023780772790058789
41.389261	0.0032045192065679683
41.389261	0.0032045192065679683
41.389261	0.0032045192065679683
41.389261	0.0032045192065679683
41.437354	0.0045050557088756049
41.437354	0.0045050557088756049
41.437354	0.0045050557088756049
41.437354	0.0045050557088756049
41.437354	0.0045050557088756049
41.485262	0.0041439519279939619
41.497356	0.0040243236564846928
41.497356	0.0040243236564846928
41.497356	0.0040243236564846928
41.497356	0.0040243236564846928
41.497356	0.0040243236564846928
41.497356	0.0040243236564846928
41.497356	0.0040243236564846928
41.497356	0.0040243236564846928
41.557359	0.0034416096771973277
41.581262	0.0032018370168708185
41.581262	0.0032018370168708185
41.581262	0.0032018370168708185
41.617357	0.0028249689004665123
41.617357	0.0028249689004665123
41.629262	0.0026972455346399179
41.629262	0.0026972455346399179
41.653339	0.0024357229591193594
41.653339	0.0024357229591193594
41.67738	0.0021709479875428464
41.67738	0.0021709479875428464
41.67738	0.0021709479875428464
41.67738	0.0021709479875428464
41.713334	0.0017726733725832928
41.725262	0.0016408278685127614
41.737376	0.0015071935903713249
41.737376	0.0015071935903713249
41.737376	0.0015071935903713249
41.737376	0.0015071935903713249
41.737376	0.0015071935903713249
41.737376	0.0015071935903713249
41.797383	0.00085444666586534281
41.797383	0.00085444666586534281
41.797383	0.00085444666586534281
41.797383	0.00085444666586534281
41.833341	0.00047540037083855334
41.84527	0.00035244051659195859
41.857366	0.00022931329076204769
41.857366	0.00022931329076204769
41.869271	0.00011058444071153374
41.869271	0.00011058444071153374
41.893334	-0.00012394432036157702
41.905355	-0.0002376848011694577
41.917364	-0.00034907766023469064
41.917364	-0.00034907766023469064
41.917364	-0.00034907766023469064
41.941274	-0.00056279683721985991
41.941274	-0.00056279683721985991
41.965271	-0.00076572601879007843
41.977368	-0.00086429182655809247
41.977368	-0.00086429182655809247
41.98927	-0.00095746259841170871
41.98927	-0.00095746259841170871
41.98927	-0.00095746259841170871
41.98927	-0.00095746259841170871
41.98927	-0.00095746259841170871
41.98927	-0.00095746259841170871
41.98927	-0.00095746259841170871
41.98927	-0.00095746259841170871
41.98927	-0.00095746259841170871
42.037455	-0.0013065347772151148
42.097371	-0.0016653426945382312
42.097371	-0.0016653426945382312
42.109271	-0.0017258035381601791
42.121282	-0.0017849315986824185
42.121282	-0.0017849315986824185
42.121282	-0.0017849315986824185
42.15737	-0.0019380214584673032
42.15737	-0.0019380214584673032
42.15737	-0.0019380214584673032
42.15737	-0.0019380214584673032
42.15737	-0.0019380214584673032
42.15737	-0.0019380214584673032
42.217371	-0.0021201015047652167
42.217371	-0.0021201015047652167
42.217371	-0.0021201015047652167
42.217371	-0.0021201015047652167
42.217371	-0.0021201015047652167
42.217371	-0.0021201015047652167
42.277372	-0.002211754570016431
42.277372	-0.002211754570016431
42.277372	-0.002211754570016431
42.277372	-0.002211754570016431
42.277372	-0.002211754570016431
42.325291	-0.0022216393119081574
42.337369	-0.0022161318410933543
42.337369	-0.0022161318410933543
42.349271	-0.0022064671035114916
42.361271	-0.0021949436653971753
42.361271	-0.0021949436653971753
42.361271	-0.0021949436653971753
42.361271	-0.0021949436653971753
42.361271	-0.0021949436653971753
42.361271	-0.0021949436653971753
42.397369	-0.0021384762234967548
42.433411	-0.0020551686100908112
42.433411	-0.0020551686100908112
42.457388	-0.001986466051146254
42.457388	-0.001986466051146254
42.457388	-0.001986466051146254
42.457388	-0.001986466051146254
42.457388	-0.001986466051146254
42.505272	-0.001817579086819012
42.51739	-0.0017692568681708849
42.51739	-0.0017692568681708849
42.51739	-0.0017692568681708849
42.51739	-0.0017692568681708849
42.51739	-0.0017692568681708849
42.51739	-0.0017692568681708849
42.57737	-0.0014980549540503493
42.57737	-0.0014980549540503493
42.589778	-0.0014357522919762958
42.589778	-0.0014357522919762958
42.589778	-0.0014357522919762958
42.589778	-0.0014357522919762958
42.637365	-0.0011820459937842145
42.637365	-0.0011820459937842145
42.637365	-0.0011820459937842145
42.661271	-0.0010465713872402926
42.673335	-0.00097639660437114572
42.685271	-0.00090641404358247761
42.69744	-0.0008343533227130629
42.69744	-0.0008343533227130629
42.69744	-0.0008343533227130629
42.69744	-0.0008343533227130629
42.697448	-0.00083430594940654343
42.745278	-0.00054604234741566628
42.757384	-0.00047231007069560121
42.757384	-0.00047231007069560121
42.757384	-0.00047231007069560121
42.757384	-0.00047231007069560121
42.757384	-0.00047231007069560121
42.757384	-0.00047231007069560121
42.817374	-0.00010694932975886501
42.817374	-0.00010694932975886501
42.817374	-0.00010694932975886501
42.817374	-0.00010694932975886501
42.853356	0.00010835548098689987
42.865303	0.00017870372961548413
42.877375	0.00024913245597345506
42.877375	0.00024913245597345506
42.877375	0.00024913245597345506
42.877375	0.00024913245597345506
42.913352	0.00045309883066948923
42.925279	0.00051869718775651827
42.937384	0.0005841923627038911
42.937384	0.0005841923627038911
42.937384	0.0005841923627038911
42.937384	0.0005841923627038911
42.937384	0.0005841923627038911
42.937384	0.0005841923627038911
42.997446	0.00088787865228365833
42.997446	0.00088787865228365833
42.997446	0.00088787865228365833
42.997446	0.00088787865228365833
42.997446	0.00088787865228365833
42.997446	0.00088787865228365833
43.057376	0.0011494138306399854
43.057376	0.0011494138306399854
43.057376	0.0011494138306399854
43.057376	0.0011494138306399854
43.057376	0.0011494138306399854
43.057376	0.0011494138306399854
43.117399	0.0013633435568323404
43.117399	0.0013633435568323404
43.117399	0.0013633435568323404
43.117399	0.0013633435568323404
43.117399	0.0013633435568323404
43.165279	0.0014957719976140059
43.177375	0.0015239900193054644
43.177375	0.0015239900193054644
43.177375	0.0015239900193054644
43.201279	0.0015726273479926001
43.201279	0.0015726273479926001
43.201279	0.0015726273479926001
43.237393	0.0016283451776227681
43.237393	0.0016283451776227681
43.249279	0.0016417475720272524
43.261302	0.001654048716264104
43.273343	0.0016629556085790967
43.273343	0.0016629556085790967
43.273343	0.0016629556085790967
43.273343	0.0016629556085790967
43.297392	0.0016752129710787336
43.321279	0.0016781611719739291
43.321279	0.0016781611719739291
43.321279	0.0016781611719739291
43.357495	0.0016654594398742215
43.357495	0.0016654594398742215
43.357495	0.0016654594398742215
43.357495	0.0016654594398742215
43.357495	0.0016654594398742215
43.40528	0.0016190560109299488
43.41738	0.0016024385819089027
43.41738	0.0016024385819089027
43.41738	0.0016024385819089027
43.41738	0.0016024385819089027
43.41738	0.0016024385819089027
43.465279	0.0015166504898542965
43.477375	0.0014907088676466753
43.477375	0.0014907088676466753
43.477375	0.0014907088676466753
43.501279	0.0014341861647197091
43.501279	0.0014341861647197091
43.501279	0.0014341861647197091
43.537373	0.0013367815738724322
43.537373	0.0013367815738724322
43.549279	0.0013016320836693989
43.561279	0.0012654858983947618
43.561279	0.0012654858983947618
43.561279	0.0012654858983947618
43.597438	0.0011485536801014795
43.597438	0.0011485536801014795
43.597438	0.0011485536801014795
43.597438	0.0011485536801014795
43.597438	0.0011485536801014795
43.597438	0.0011485536801014795
43.597438	0.0011485536801014795
43.657424	0.00093748184589972461
43.669361	0.00089322642784606002
43.681279	0.00084871563091057497
43.681279	0.00084871563091057497
43.705279	0.00075716009207653563
43.717373	0.00071046716411115999
43.717373	0.00071046716411115999
43.717373	0.00071046716411115999
43.741289	0.00061722600703018136
43.741289	0.00061722600703018136
43.765289	0.00052298434890885579
43.777385	0.00047542662831715561
43.777385	0.00047542662831715561
43.777385	0.00047542662831715561
43.777385	0.00047542662831715561
43.813354	0.00033463145882388671
43.825289	0.00028831791078903941
43.837386	0.00024164839147851791
43.837386	0.00024164839147851791
43.84929	0.00019624457872790375
43.84929	0.00019624457872790375
43.84929	0.00019624457872790375
43.84929	0.00019624457872790375
43.897395	1.745589473686648e-05
43.897395	1.745589473686648e-05
43.897395	1.745589473686648e-05
43.897395	1.745589473686648e-05
43.897395	1.745589473686648e-05
43.897395	1.745589473686648e-05
43.957385	-0.00018967248432574766
43.957385	-0.00018967248432574766
43.957385	-0.00018967248432574766
43.98129	-0.00026608429730457937
43.98129	-0.00026608429730457937
44.00529	-0.00033847435299384115
44.017467	-0.00037379038466630427
44.017467	-0.00037379038466630427
44.02929	-0.00040661516713822224
44.02929	-0.00040661516713822224
44.02929	-0.00040661516713822224
44.06529	-0.00050025149696618777
44.077425	-0.00052943546555213957
44.077425	-0.00052943546555213957
44.077425	-0.00052943546555213957
44.077425	-0.00052943546555213957
44.077425	-0.00052943546555213957
44.077425	-0.00052943546555213957
44.137389	-0.00065340044500811721
44.137389	-0.00065340044500811721
44.137389	-0.00065340044500811721
44.137389	-0.00065340044500811721
44.137389	-0.00065340044500811721
44.137389	-0.00065340044500811721
44.197384	-0.00074383304086499309
44.197384	-0.00074383304086499309
44.20929	-0.00075748838156052098
44.22129	-0.00077051292741768887
44.22129	-0.00077051292741768887
44.22129	-0.00077051292741768887
44.257404	-0.00080039962435740001
44.257404	-0.00080039962435740001
44.257404	-0.00080039962435740001
44.281376	-0.00081370631730953279
44.281376	-0.00081370631730953279
44.281376	-0.00081370631730953279
44.317407	-0.00082369877469903028
44.317407	-0.00082369877469903028
44.32929	-0.00082428319717344411
44.32929	-0.00082428319717344411
44.32929	-0.00082428319717344411
44.36529	-0.00081955946609890327
44.377387	-0.00081568268090960396
44.377387	-0.00081568268090960396
44.377387	-0.00081568268090960396
44.40129	-0.00080451338471509233
44.40129	-0.00080451338471509233
44.42529	-0.00078875749708897389
44.437382	-0.00077947409624487833
44.437382	-0.00077947409624487833
44.437382	-0.00077947409624487833
44.46129	-0.00075805211941079944
44.473356	-0.00074558613163105969
44.473356	-0.00074558613163105969
44.497384	-0.00071864230123141342
44.497384	-0.00071864230123141342
44.497384	-0.00071864230123141342
44.497384	-0.00071864230123141342
44.533355	-0.0006718702425195398
44.545379	-0.000654810370951881
44.557411	-0.00063709045474577791
44.557411	-0.00063709045474577791
44.557411	-0.00063709045474577791
44.557411	-0.00063709045474577791
44.557411	-0.00063709045474577791
44.557411	-0.00063709045474577791
44.617404	-0.00053931088947763856
44.617404	-0.00053931088947763856
44.617404	-0.00053931088947763856
44.64129	-0.00049687528163532739
44.64129	-0.00049687528163532739
44.64129	-0.00049687528163532739
44.677478	-0.00042957194435498794
44.677478	-0.00042957194435498794
44.677478	-0.00042957194435498794
44.70129	-0.00038379975325044817
44.70129	-0.00038379975325044817
44.72529	-0.00033669925235665189
44.737384	-0.00031273370169820989
44.737393	-0.00031271586723848673
44.737393	-0.00031271586723848673
44.737393	-0.00031271586723848673
44.737393	-0.00031271586723848673
44.785299	-0.00021677746277518027
44.797394	-0.00019246511957945821
44.797394	-0.00019246511957945821
44.797394	-0.00019246511957945821
44.797394	-0.00019246511957945821
44.797394	-0.00019246511957945821
44.797394	-0.00019246511957945821
44.797394	-0.00019246511957945821
44.797394	-0.00019246511957945821
44.797394	-0.00019246511957945821
44.857482	-7.2664023309765258e-05
44.893378	-2.9165058851931083e-06
44.905298	1.9812918855464636e-05
44.917398	4.2647200204365354e-05
44.917398	4.2647200204365354e-05
44.917398	4.2647200204365354e-05
44.917398	4.2647200204365354e-05
44.917398	4.2647200204365354e-05
44.917398	4.2647200204365354e-05
44.977399	0.00015088638855718364
44.977399	0.00015088638855718364
44.977399	0.00015088638855718364
45.001298	0.00019139773834390549
45.013367	0.00021109650386396314
45.025299	0.0002302302606111924
45.037393	0.00024919064679004437
45.037393	0.00024919064679004437
45.037393	0.00024919064679004437
45.037393	0.00024919064679004437
45.073432	0.00030244510469566553
45.085318	0.00031910852158870427
45.097394	0.00033564869796188785
45.097394	0.00033564869796188785
45.097394	0.00033564869796188785
45.121299	0.00036717936192742182
45.121299	0.00036717936192742182
45.121299	0.00036717936192742182
45.157396	0.00041093873057265745
45.157396	0.00041093873057265745
45.157396	0.00041093873057265745
45.157396	0.00041093873057265745
45.193363	0.00044893680780128668
45.193363	0.00044893680780128668
45.217414	0.00047119492783281766
45.217414	0.00047119492783281766
45.217414	0.00047119492783281766
45.217414	0.00047119492783281766
45.253377	0.00049909391559396061
45.265299	0.00050702310913788861
45.277392	0.00051441123733343913
45.277392	0.00051441123733343913
45.289299	0.00052077370817403513
45.301298	0.00052679975138878235
45.313395	0.00053181258456435428
45.325299	0.00053622184123386883
45.337475	0.00054006428722204913
45.337475	0.00054006428722204913
45.337475	0.00054006428722204913
45.337475	0.00054006428722204913
45.337475	0.00054006428722204913
45.385299	0.00054766904197627682
45.397393	0.00054791836928190908
45.397393	0.00054791836928190908
45.409379	0.00054726060466757842
45.409379	0.00054726060466757842
45.433371	0.00054416485686036237
45.433371	0.00054416485686036237
45.457398	0.00053841392862189104
45.457398	0.00053841392862189104
45.457398	0.00053841392862189104
45.457398	0.00053841392862189104
45.457398	0.00053841392862189104
45.457398	0.00053841392862189104
45.517393	0.00051235271947560126
45.517393	0.00051235271947560126
45.517393	0.00051235271947560126
45.517393	0.00051235271947560126
45.553368	0.00048920303705471499
45.56532	0.00048040070488154617
45.577395	0.00047097561407342573
45.577395	0.00047097561407342573
45.577395	0.00047097561407342573
45.577395	0.00047097561407342573
45.577395	0.00047097561407342573
45.577395	0.00047097561407342573
45.637396	0.00041625584885886843
45.637396	0.00041625584885886843
45.637396	0.00041625584885886843
45.637396	0.00041625584885886843
45.637396	0.00041625584885886843
45.685299	0.00036436352688638308
45.69747	0.00035022201560972333
45.69747	0.00035022201560972333
45.69747	0.00035022201560972333
45.69747	0.00035022201560972333
45.69747	0.00035022201560972333
45.69747	0.00035022201560972333
45.757422	0.00027547904821312839
45.757422	0.00027547904821312839
45.757422	0.00027547904821312839
45.757422	0.00027547904821312839
45.757422	0.00027547904821312839
45.757422	0.00027547904821312839
45.757422	0.00027547904821312839
45.757422	0.00027547904821312839
45.757422	0.00027547904821312839
45.757422	0.00027547904821312839
45.817404	0.00019477570909873571
45.86538	0.00012811588644862093
45.877442	0.00011124366916415848
45.877442	0.00011124366916415848
45.877442	0.00011124366916415848
45.877442	0.00011124366916415848
45.913396	6.1097403310300563e-05
45.92531	4.460517368037497e-05
45.937411	2.7940673104864594e-05
45.937411	2.7940673104864594e-05
45.937411	2.7940673104864594e-05
45.937411	2.7940673104864594e-05
45.937411	2.7940673104864594e-05
45.98531	-3.6415981186000493e-05
45.997481	-5.2282788320901082e-05
45.997481	-5.2282788320901082e-05
45.997481	-5.2282788320901082e-05
45.997481	-5.2282788320901082e-05
46.033384	-9.7293894806715545e-05
46.033384	-9.7293894806715545e-05
46.057405	-0.00012594417055478596
46.057405	-0.00012594417055478596
46.057405	-0.00012594417055478596
46.08131	-0.00015304816293059827
46.08131	-0.00015304816293059827
46.105319	-0.00017862697502780628
46.117403	-0.00019096055590882234
46.117403	-0.00019096055590882234
46.117403	-0.00019096055590882234
46.117403	-0.00019096055590882234
46.117403	-0.00019096055590882234
46.117403	-0.00019096055590882234
46.177424	-0.00024514819158893199
46.177424	-0.00024514819158893199
46.177424	-0.00024514819158893199
46.177424	-0.00024514819158893199
46.177424	-0.00024514819158893199
46.22533	-0.00027929586241172113
46.237406	-0.00028662251607477601
46.237406	-0.00028662251607477601
46.237406	-0.00028662251607477601
46.237406	-0.00028662251607477601
46.273376	-0.00030489063416618787
46.285309	-0.000309902850747423
46.297409	-0.00031446645531512963
46.297409	-0.00031446645531512963
46.297409	-0.00031446645531512963
46.32131	-0.00032172469599791968
46.333374	-0.00032440483813472951
46.333374	-0.00032440483813472951
46.357426	-0.00032841262977745164
46.357426	-0.00032841262977745164
46.36931	-0.00032943665689647467
46.36931	-0.00032943665689647467
46.36931	-0.00032943665689647467
46.40531	-0.0003296183872635635
46.417404	-0.00032862729502730137
46.417404	-0.00032862729502730137
46.417404	-0.00032862729502730137
46.417404	-0.00032862729502730137
46.417404	-0.00032862729502730137
46.417404	-0.00032862729502730137
46.47742	-0.00031580862667211779
46.47742	-0.00031580862667211779
46.47742	-0.00031580862667211779
46.47742	-0.00031580862667211779
46.47742	-0.00031580862667211779
46.47742	-0.00031580862667211779
46.537421	-0.00028919986876418155
46.537421	-0.00028919986876418155
46.549329	-0.00028233587977986451
46.561324	-0.00027520899838985032
46.573386	-0.00026753118700360644
46.58531	-0.00025972054563556046
46.597402	-0.0002515211236292158
46.597402	-0.0002515211236292158
46.60931	-0.00024310168344934265
46.60931	-0.00024310168344934265
46.60931	-0.00024310168344934265
46.60931	-0.00024310168344934265
46.657483	-0.00020693588818722228
46.657483	-0.00020693588818722228
46.657483	-0.00020693588818722228
46.657483	-0.00020693588818722228
46.657483	-0.00020693588818722228
46.705331	-0.00016809010048793102
46.717405	-0.00015796179439971807
46.717405	-0.00015796179439971807
46.72931	-0.00014786145416033469
46.72931	-0.00014786145416033469
46.729319	-0.00014785379447611712
46.765318	-0.00011703150868454048
46.777431	-0.00010661374301486535
46.777431	-0.00010661374301486535
46.78939	-9.6332505599359172e-05
46.78939	-9.6332505599359172e-05
46.78939	-9.6332505599359172e-05
46.78939	-9.6332505599359172e-05
46.837435	-5.5309077752655383e-05
46.837435	-5.5309077752655383e-05
46.837435	-5.5309077752655383e-05
46.837435	-5.5309077752655383e-05
46.837435	-5.5309077752655383e-05
46.837435	-5.5309077752655383e-05
46.897413	-6.1692847330372999e-06
46.897413	-6.1692847330372999e-06
46.909319	3.1536061455130228e-06
46.92139	1.2517523565233034e-05
46.933383	2.1560962330147712e-05
46.933383	2.1560962330147712e-05
46.957426	3.9201859589848384e-05
46.957426	3.9201859589848384e-05
46.969347	4.7568017479238904e-05
46.981319	5.5846997101254862e-05
46.993384	6.3838799593365702e-05
47.005318	7.1561230086300586e-05
47.017412	7.9156983984438376e-05
47.017412	7.9156983984438376e-05
47.017412	7.9156983984438376e-05
47.017412	7.9156983984438376e-05
47.017412	7.9156983984438376e-05
47.065319	0.00010646193324550722
47.077451	0.00011272535425040892
47.077451	0.00011272535425040892
47.077451	0.00011272535425040892
47.077451	0.00011272535425040892
47.077451	0.00011272535425040892
47.077451	0.00011272535425040892
47.137427	0.00013948393482527319
47.137427	0.00013948393482527319
47.137427	0.00013948393482527319
47.137427	0.00013948393482527319
47.137427	0.00013948393482527319
47.137427	0.00013948393482527319
47.197436	0.00015923033278454618
47.197436	0.00015923033278454618
47.209347	0.00016225150954119285
47.209347	0.00016225150954119285
47.233392	0.00016763324722485185
47.233392	0.00016763324722485185
47.257415	0.00017194111880781059
47.257415	0.00017194111880781059
47.257415	0.00017194111880781059
47.257415	0.00017194111880781059
47.293382	0.00017635092326572128
47.293382	0.00017635092326572128
47.293382	0.00017635092326572128
47.317518	0.0001782311621506358
47.329318	0.00017876898168557066
47.341339	0.0001791975614956369
47.35339	0.00017929191565709506
47.35339	0.00017929191565709506
47.377436	0.00017893898655150722
47.377436	0.00017893898655150722
47.377436	0.00017893898655150722
47.377436	0.00017893898655150722
47.377436	0.00017893898655150722
47.425318	0.00017562010152990284
47.425318	0.00017562010152990284
47.425318	0.00017562010152990284
47.425318	0.00017562010152990284
47.425318	0.00017562010152990284
47.425318	0.00017562010152990284
47.437412	0.00017431129701237272
47.497412	0.00016503850218310852
47.497412	0.00016503850218310852
47.497412	0.00016503850218310852
47.497412	0.00016503850218310852
47.497412	0.00016503850218310852
47.497412	0.00016503850218310852
47.557418	0.00015190606885029414
47.557418	0.00015190606885029414
47.557418	0.00015190606885029414
47.557418	0.00015190606885029414
47.557418	0.00015190606885029414
47.557418	0.00015190606885029414
47.617493	0.00013569989855782946
47.617493	0.00013569989855782946
47.617493	0.00013569989855782946
47.617493	0.00013569989855782946
47.653395	0.00012490801996561466
47.653395	0.00012490801996561466
47.677432	0.00011729012381182669
47.677432	0.00011729012381182669
47.689319	0.00011355933380370607
47.689319	0.00011355933380370607
47.713458	0.0001062659585207095
47.713458	0.0001062659585207095
47.737418	9.9345345602998251e-05
47.737418	9.9345345602998251e-05
47.749322	9.5903393588809066e-05
47.761328	9.2413378613644327e-05
47.773401	8.8815597022754892e-05
47.773401	8.8815597022754892e-05
47.79744	8.1486892798943077e-05
47.79744	8.1486892798943077e-05
47.79744	8.1486892798943077e-05
47.79744	8.1486892798943077e-05
47.833401	7.0015901474412479e-05
47.845405	6.6074396556895602e-05
47.85743	6.2075263971699037e-05
47.85743	6.2075263971699037e-05
47.85743	6.2075263971699037e-05
47.881331	5.3975257321576709e-05
47.881331	5.3975257321576709e-05
47.905327	4.5714471492194974e-05
47.917429	4.1524076198512436e-05
47.917429	4.1524076198512436e-05
47.917429	4.1524076198512436e-05
47.941327	3.318226106140283e-05
47.941327	3.318226106140283e-05
47.941327	3.318226106140283e-05
47.977515	2.0377727179881867e-05
47.977515	2.0377727179881867e-05
47.98933	1.6175342988928312e-05
47.98933	1.6175342988928312e-05
47.98933	1.6175342988928312e-05
47.98933	1.6175342988928312e-05
47.98933	1.6175342988928312e-05
47.98933	1.6175342988928312e-05
47.98933	1.6175342988928312e-05
48.037422	-8.6158421871920431e-07
48.073392	-1.3513633966074576e-05
48.085328	-1.7678245791919271e-05
48.097432	-2.1869141451969651e-05
48.097432	-2.1869141451969651e-05
48.097432	-2.1869141451969651e-05
48.121328	-2.9992811486965003e-05
48.121328	-2.9992811486965003e-05
48.145331	-3.7951921430938755e-05
48.157429	-4.1901170896892738e-05
48.157429	-4.1901170896892738e-05
48.157429	-4.1901170896892738e-05
48.181327	-4.951898727721557e-05
48.181327	-4.951898727721557e-05
48.205328	-5.69120536645432e-05
48.217428	-6.0547166492730967e-05
48.217428	-6.0547166492730967e-05
48.217428	-6.0547166492730967e-05
48.241399	-6.7497532518954898e-05
48.253405	-7.0828196611342624e-05
48.253405	-7.0828196611342624e-05
48.253405	-7.0828196611342624e-05
48.253405	-7.0828196611342624e-05
48.27752	-7.7283033871461949e-05
48.301327	-8.3161098226222714e-05
48.301327	-8.3161098226222714e-05
48.325348	-8.847264594360621e-05
48.325348	-8.847264594360621e-05
48.325348	-8.847264594360621e-05
48.325348	-8.847264594360621e-05
48.325348	-8.847264594360621e-05
48.325348	-8.847264594360621e-05
48.337423	-9.0957329010386498e-05
48.397423	-0.0001011759597746306
48.397423	-0.0001011759597746306
48.397423	-0.0001011759597746306
48.397423	-0.0001011759597746306
48.397423	-0.0001011759597746306
48.445348	-0.00010670361681760146
48.457448	-0.00010773153787794126
48.457448	-0.00010773153787794126
48.457448	-0.00010773153787794126
48.457448	-0.00010773153787794126
48.457448	-0.00010773153787794126
48.50541	-0.00011004377691245069
48.517426	-0.00011019324651349055
48.517426	-0.00011019324651349055
48.517426	-0.00011019324651349055
48.517426	-0.00011019324651349055
48.553399	-0.00010949091169507285
48.565328	-0.00010893327480319834
48.577463	-0.00010820808952293241
48.577463	-0.00010820808952293241
48.577463	-0.00010820808952293241
48.577463	-0.00010820808952293241
48.613392	-0.00010499582786778666
48.625328	-0.00010362205629264728
48.625328	-0.00010362205629264728
48.625328	-0.00010362205629264728
48.625328	-0.00010362205629264728
48.625328	-0.00010362205629264728
48.637489	-0.00010207385641199642
48.685328	-9.4270027351966995e-05
48.697449	-9.1745005730655449e-05
48.697449	-9.1745005730655449e-05
48.697449	-9.1745005730655449e-05
48.721327	-8.5731760491885472e-05
48.721327	-8.5731760491885472e-05
48.745345	-7.8682858045957463e-05
48.757426	-7.4936752926648155e-05
48.757435	-7.4933962185313123e-05
48.757435	-7.4933962185313123e-05
48.757435	-7.4933962185313123e-05
48.757435	-7.4933962185313123e-05
48.757435	-7.4933962185313123e-05
48.817432	-5.4905664897444757e-05
48.817432	-5.4905664897444757e-05
48.829336	-5.0709140955928751e-05
48.829336	-5.0709140955928751e-05
48.829336	-5.0709140955928751e-05
48.829336	-5.0709140955928751e-05
48.877467	-3.3418620235640046e-05
48.877467	-3.3418620235640046e-05
48.877467	-3.3418620235640046e-05
48.877467	-3.3418620235640046e-05
48.91341	-2.0372056547727381e-05
48.925337	-1.6060787626129579e-05
48.937475	-1.1691241910156173e-05
48.937475	-1.1691241910156173e-05
48.937475	-1.1691241910156173e-05
48.961337	-3.2106393968312142e-06
48.961337	-3.2106393968312142e-06
48.961337	-3.2106393968312142e-06
48.997433	9.2623481136606007e-06
48.997433	9.2623481136606007e-06
48.997433	9.2623481136606007e-06
49.021336	1.727209772113335e-05
49.021336	1.727209772113335e-05
49.045352	2.5002765079189457e-05
49.057432	2.8770997498514995e-05
49.057432	2.8770997498514995e-05
49.057432	2.8770997498514995e-05
49.081336	3.5892381049425724e-05
49.081336	3.5892381049425724e-05
49.081336	3.5892381049425724e-05
49.117431	4.5828620818681492e-05
49.117431	4.5828620818681492e-05
49.129337	4.8852598739762196e-05
49.129337	4.8852598739762196e-05
49.153406	5.46164413032995e-05
49.153406	5.46164413032995e-05
49.177453	5.9807387851675288e-05
49.177453	5.9807387851675288e-05
49.177453	5.9807387851675288e-05
49.177453	5.9807387851675288e-05
49.177453	5.9807387851675288e-05
49.225337	6.835773471403482e-05
49.237457	7.0168790808126702e-05
49.237457	7.0168790808126702e-05
49.237457	7.0168790808126702e-05
49.237457	7.0168790808126702e-05
49.273401	7.4473372110583967e-05
49.273401	7.4473372110583967e-05
49.297507	7.6563743494493624e-05
49.297507	7.6563743494493624e-05
49.297507	7.6563743494493624e-05
49.297507	7.6563743494493624e-05
49.297507	7.6563743494493624e-05
49.297507	7.6563743494493624e-05
49.357455	7.8820790905949383e-05
49.357455	7.8820790905949383e-05
49.357455	7.8820790905949383e-05
49.357455	7.8820790905949383e-05
49.357455	7.8820790905949383e-05
49.357455	7.8820790905949383e-05
49.417464	7.7255589079846444e-05
49.417464	7.7255589079846444e-05
49.42946	7.6524391986621779e-05
49.42946	7.6524391986621779e-05
49.42946	7.6524391986621779e-05
49.42946	7.6524391986621779e-05
49.477466	7.243978981008325e-05
49.477466	7.243978981008325e-05
49.477466	7.243978981008325e-05
49.477466	7.243978981008325e-05
49.477466	7.243978981008325e-05
49.477466	7.243978981008325e-05
49.53745	6.4920547346638982e-05
49.53745	6.4920547346638982e-05
49.53745	6.4920547346638982e-05
49.53745	6.4920547346638982e-05
49.53745	6.4920547346638982e-05
49.53745	6.4920547346638982e-05
49.53745	6.4920547346638982e-05
49.53745	6.4920547346638982e-05
49.53745	6.4920547346638982e-05
49.53745	6.4920547346638982e-05
49.53745	6.4920547346638982e-05
49.597435	5.5298778291864345e-05
49.657453	4.4181319864191397e-05
49.657453	4.4181319864191397e-05
49.657453	4.4181319864191397e-05
49.657453	4.4181319864191397e-05
49.657453	4.4181319864191397e-05
49.657453	4.4181319864191397e-05
49.717431	3.3548237057472283e-05
49.717431	3.3548237057472283e-05
49.717431	3.3548237057472283e-05
49.717431	3.3548237057472283e-05
49.717431	3.3548237057472283e-05
49.717441	3.3546712018509914e-05
49.77749	2.5572796311456331e-05
49.77749	2.5572796311456331e-05
49.77749	2.5572796311456331e-05
49.77749	2.5572796311456331e-05
49.77749	2.5572796311456331e-05
49.77749	2.5572796311456331e-05
49.837443	1.808079866910199e-05
49.837443	1.808079866910199e-05
49.837443	1.808079866910199e-05
49.837443	1.808079866910199e-05
49.873411	1.380297277171001e-05
49.873411	1.380297277171001e-05
49.897439	1.1039602516848463e-05
49.897439	1.1039602516848463e-05
49.909347	9.7139581296615477e-06
49.909347	9.7139581296615477e-06
49.909347	9.7139581296615477e-06
49.909347	9.7139581296615477e-06
49.909347	9.7139581296615477e-06
49.957513	4.5978961615376072e-06
49.969346	3.417556481134968e-06
49.981347	2.238666881880757e-06
49.981347	2.238666881880757e-06
50.005347	4.5305782817327368e-08
50.017441	-9.943834693562966e-07
50.017441	-9.943834693562966e-07
50.017441	-9.943834693562966e-07
50.017441	-9.943834693562966e-07
50.05344	-3.8367364500822383e-06
50.05344	-3.8367364500822383e-06
50.077461	-5.5890171118432392e-06
50.077461	-5.5890171118432392e-06
50.077461	-5.5890171118432392e-06
50.077461	-5.5890171118432392e-06
50.077461	-5.5890171118432392e-06
50.125357	-8.6261636540491103e-06
50.137441	-9.3082544390724466e-06
50.137441	-9.3082544390724466e-06
50.149348	-9.9517790521653484e-06
50.149348	-9.9517790521653484e-06
50.149348	-9.9517790521653484e-06
50.185367	-1.18089952223062e-05
50.197442	-1.2403514396448005e-05
50.197442	-1.2403514396448005e-05
50.197442	-1.2403514396448005e-05
50.197442	-1.2403514396448005e-05
50.197442	-1.2403514396448005e-05
50.197442	-1.2403514396448005e-05
50.257453	-1.5192788830760984e-05
50.257453	-1.5192788830760984e-05
50.257453	-1.5192788830760984e-05
50.257453	-1.5192788830760984e-05
50.257453	-1.5192788830760984e-05
50.305356	-1.7276569002802027e-05
50.317478	-1.7762758294833945e-05
50.317478	-1.7762758294833945e-05
50.317478	-1.7762758294833945e-05
50.317478	-1.7762758294833945e-05
50.353483	-1.9159190419723176e-05
50.353483	-1.9159190419723176e-05
50.377459	-2.0093592745642495e-05
50.377459	-2.0093592745642495e-05
50.377459	-2.0093592745642495e-05
50.377459	-2.0093592745642495e-05
50.377459	-2.0093592745642495e-05
50.377459	-2.0093592745642495e-05
50.437441	-2.2292950802150862e-05
50.437441	-2.2292950802150862e-05
50.437441	-2.2292950802150862e-05
50.437441	-2.2292950802150862e-05
50.437441	-2.2292950802150862e-05
50.437441	-2.2292950802150862e-05
50.497471	-2.4131617580631952e-05
50.497471	-2.4131617580631952e-05
50.497471	-2.4131617580631952e-05
50.497471	-2.4131617580631952e-05
50.533415	-2.3768444407214242e-05
50.545351	-2.349002563990841e-05
50.557464	-2.3175187557105556e-05
50.557464	-2.3175187557105556e-05
50.557464	-2.3175187557105556e-05
50.557464	-2.3175187557105556e-05
50.557464	-2.3175187557105556e-05
50.557464	-2.3175187557105556e-05
50.557464	-2.3175187557105556e-05
50.557464	-2.3175187557105556e-05
50.557464	-2.3175187557105556e-05
50.557464	-2.3175187557105556e-05
50.557464	-2.3175187557105556e-05
50.61751	-2.1647501461140666e-05
50.677459	-2.0185426473801807e-05
50.677459	-2.0185426473801807e-05
50.689389	-1.9912347611481336e-05
50.701347	-1.9639823678593531e-05
50.701347	-1.9639823678593531e-05
50.725346	-1.9090392526341104e-05
50.737441	-1.8811177790262089e-05
50.737441	-1.8811177790262089e-05
50.737441	-1.8811177790262089e-05
50.737441	-1.8811177790262089e-05
50.73745	-1.8810970024025932e-05
50.785398	-1.7645049142144626e-05
50.797448	-1.731506896515311e-05
50.797448	-1.731506896515311e-05
50.797448	-1.731506896515311e-05
50.797448	-1.731506896515311e-05
50.797448	-1.731506896515311e-05
50.797448	-1.731506896515311e-05
50.857457	-1.5249632530257424e-05
50.857457	-1.5249632530257424e-05
50.857457	-1.5249632530257424e-05
50.857457	-1.5249632530257424e-05
50.893422	-1.3753179398216614e-05
50.893422	-1.3753179398216614e-05
50.917455	-1.2591887192350911e-05
50.917455	-1.2591887192350911e-05
50.929356	-1.1959297983010613e-05
50.929356	-1.1959297983010613e-05
50.953442	-1.0613529776286042e-05
50.953442	-1.0613529776286042e-05
50.977475	-9.190102033129355e-06
50.977475	-9.190102033129355e-06
50.977475	-9.190102033129355e-06
50.977475	-9.190102033129355e-06
51.013488	-6.9020825572844689e-06
51.025355	-6.1122964952327922e-06
51.037468	-5.2900928039317106e-06
51.037468	-5.2900928039317106e-06
51.037468	-5.2900928039317106e-06
51.037468	-5.2900928039317106e-06
51.037468	-5.2900928039317106e-06
51.037468	-5.2900928039317106e-06
51.09745	-9.8249129025359624e-07
51.09745	-9.8249129025359624e-07
51.09745	-9.8249129025359624e-07
51.09745	-9.8249129025359624e-07
51.133418	1.8671205354267675e-06
51.145426	2.8421546518451962e-06
51.157455	3.8232552427730772e-06
51.157455	3.8232552427730772e-06
51.169447	4.797413773289116e-06
51.169447	4.797413773289116e-06
51.169447	4.797413773289116e-06
51.205356	7.6852374029202018e-06
51.217467	8.6444778331823513e-06
51.217467	8.6444778331823513e-06
51.229356	9.5679707894271582e-06
51.241356	1.0491439457460283e-05
51.241356	1.0491439457460283e-05
51.241356	1.0491439457460283e-05
51.277566	1.3149775787921703e-05
51.277566	1.3149775787921703e-05
51.277566	1.3149775787921703e-05
51.277566	1.3149775787921703e-05
51.277566	1.3149775787921703e-05
51.277566	1.3149775787921703e-05
51.337456	1.9373019507063657e-05
51.337456	1.9373019507063657e-05
51.337456	1.9373019507063657e-05
51.337456	1.9373019507063657e-05
51.337456	1.9373019507063657e-05
51.337456	1.9373019507063657e-05
51.337456	1.9373019507063657e-05
51.397456	2.6217654646306849e-05
51.409427	2.7412284629563501e-05
51.409427	2.7412284629563501e-05
51.409427	2.7412284629563501e-05
51.409427	2.7412284629563501e-05
51.457454	3.1582878733919963e-05
51.457454	3.1582878733919963e-05
51.457454	3.1582878733919963e-05
51.457454	3.1582878733919963e-05
51.49344	3.3828817336184243e-05
51.505356	3.4409839669763287e-05
51.517454	3.4920270352270916e-05
51.517454	3.4920270352270916e-05
51.517454	3.4920270352270916e-05
51.517454	3.4920270352270916e-05
51.517454	3.4920270352270916e-05
51.517454	3.4920270352270916e-05
51.577504	3.6052353495432063e-05
51.577504	3.6052353495432063e-05
51.577504	3.6052353495432063e-05
51.601355	3.5921913942843502e-05
51.613422	3.5733486466974103e-05
51.625376	3.5490601770892571e-05
51.637449	3.5175822250271832e-05
51.637449	3.5175822250271832e-05
51.637449	3.5175822250271832e-05
51.637449	3.5175822250271832e-05
51.637449	3.5175822250271832e-05
51.637449	3.5175822250271832e-05
51.69745	3.2355833888607936e-05
51.69745	3.2355833888607936e-05
51.709359	3.1557303063062774e-05
51.709359	3.1557303063062774e-05
51.73342	2.9765799514728084e-05
51.745355	2.8778796830704929e-05
51.757497	2.7714302250850812e-05
51.757497	2.7714302250850812e-05
51.757506	2.7713513216818758e-05
51.757506	2.7713513216818758e-05
51.757506	2.7713513216818758e-05
51.757506	2.7713513216818758e-05
51.817461	2.1697825641395681e-05
51.817461	2.1697825641395681e-05
51.817461	2.1697825641395681e-05
51.817461	2.1697825641395681e-05
51.853593	1.7680008095121168e-05
51.865365	1.6313345928497989e-05
51.87748	1.48800792039033e-05
51.87748	1.48800792039033e-05
51.87748	1.48800792039033e-05
51.87748	1.48800792039033e-05
51.87748	1.48800792039033e-05
51.87748	1.48800792039033e-05
51.937527	7.5125712988634219e-06
51.937527	7.5125712988634219e-06
51.937527	7.5125712988634219e-06
51.937527	7.5125712988634219e-06
51.937527	7.5125712988634219e-06
51.937527	7.5125712988634219e-06
51.997492	4.2721388406283066e-07
51.997492	4.2721388406283066e-07
52.009364	-5.1995693404689444e-07
52.021385	-1.3757403587995378e-06
52.021385	-1.3757403587995378e-06
52.021385	-1.3757403587995378e-06
52.057462	-3.1761750898364483e-06
52.057462	-3.1761750898364483e-06
52.057462	-3.1761750898364483e-06
52.057462	-3.1761750898364483e-06
52.057462	-3.1761750898364483e-06
52.057462	-3.1761750898364483e-06
52.117461	-5.6020585917845977e-06
52.117461	-5.6020585917845977e-06
52.129421	-6.0352849037073467e-06
52.129421	-6.0352849037073467e-06
52.129421	-6.0352849037073467e-06
52.165365	-7.2362910132277112e-06
52.177478	-7.6007134371770344e-06
52.177478	-7.6007134371770344e-06
52.177478	-7.6007134371770344e-06
52.177478	-7.6007134371770344e-06
52.177478	-7.6007134371770344e-06
52.177478	-7.6007134371770344e-06
52.237462	-8.7972790555551178e-06
52.237462	-8.7972790555551178e-06
52.237462	-8.7972790555551178e-06
52.237462	-8.7972790555551178e-06
52.273435	-9.1180150370592305e-06
52.273435	-9.1180150370592305e-06
52.29747	-9.2125104137240385e-06
52.29747	-9.2125104137240385e-06
52.29747	-9.2125104137240385e-06
52.29747	-9.2125104137240385e-06
52.29747	-9.2125104137240385e-06
52.29747	-9.2125104137240385e-06
52.29747	-9.2125104137240385e-06
52.357484	-9.0092898513287022e-06
52.369547	-8.9074305100372038e-06
52.381365	-8.7970424585880428e-06
52.393428	-8.6459806685880963e-06
52.393428	-8.6459806685880963e-06
52.417476	-8.2723568255517515e-06
52.417476	-8.2723568255517515e-06
52.417476	-8.2723568255517515e-06
52.441364	-7.8141129753861179e-06
52.453441	-7.5637946112339153e-06
52.453441	-7.5637946112339153e-06
52.477479	-7.0583599206108958e-06
52.477479	-7.0583599206108958e-06
52.477479	-7.0583599206108958e-06
52.477479	-7.0583599206108958e-06
52.477479	-7.0583599206108958e-06
52.525364	-6.042230049978442e-06
52.537468	-5.7925752854855721e-06
52.537468	-5.7925752854855721e-06
52.537468	-5.7925752854855721e-06
52.561365	-5.3285089852895537e-06
52.561365	-5.3285089852895537e-06
52.585365	-4.9030560749704645e-06
52.597528	-4.6890934444453505e-06
52.597528	-4.6890934444453505e-06
52.597528	-4.6890934444453505e-06
52.597528	-4.6890934444453505e-06
52.597528	-4.6890934444453505e-06
52.597528	-4.6890934444453505e-06
52.657461	-3.6867314328799566e-06
52.657461	-3.6867314328799566e-06
52.657461	-3.6867314328799566e-06
52.657461	-3.6867314328799566e-06
52.657461	-3.6867314328799566e-06
52.657461	-3.6867314328799566e-06
52.717461	-2.0344228973621548e-06
52.717461	-2.0344228973621548e-06
52.717461	-2.0344228973621548e-06
52.741365	-6.3409659988064474e-07
52.741365	-6.3409659988064474e-07
52.765368	7.957359933233674e-07
52.777482	1.4723217638289468e-06
52.777492	1.4728802794065598e-06
52.777492	1.4728802794065598e-06
52.777492	1.4728802794065598e-06
52.777492	1.4728802794065598e-06
52.825375	3.758215472515797e-06
52.837468	4.2432217569378976e-06
52.837468	4.2432217569378976e-06
52.849376	4.6593092562313562e-06
52.849376	4.6593092562313562e-06
52.849376	4.6593092562313562e-06
52.849376	4.6593092562313562e-06
52.897473	5.9019052734270555e-06
52.897473	5.9019052734270555e-06
52.897473	5.9019052734270555e-06
52.921375	6.246497394154076e-06
52.933439	6.3441885266862376e-06
52.945396	6.4090772751588958e-06
52.957475	6.4354009840186851e-06
52.957475	6.4354009840186851e-06
52.957475	6.4354009840186851e-06
52.981374	6.370391241223066e-06
52.981374	6.370391241223066e-06
52.981374	6.370391241223066e-06
52.981374	6.370391241223066e-06
52.981374	6.370391241223066e-06
52.981374	6.370391241223066e-06
53.017471	6.0982175650336623e-06
53.05345	5.6541265997668115e-06
53.05345	5.6541265997668115e-06
53.077506	5.2361167046131402e-06
53.077506	5.2361167046131402e-06
53.077506	5.2361167046131402e-06
53.077506	5.2361167046131402e-06
53.077506	5.2361167046131402e-06
53.125451	4.1681111307778764e-06
53.137471	3.8668907603080232e-06
53.137471	3.8668907603080232e-06
53.137471	3.8668907603080232e-06
53.137471	3.8668907603080232e-06
53.173447	2.8949456997321824e-06
53.185375	2.5601543116017564e-06
53.197469	2.2182086877672662e-06
53.197469	2.2182086877672662e-06
53.197469	2.2182086877672662e-06
53.197469	2.2182086877672662e-06
53.197469	2.2182086877672662e-06
53.197469	2.2182086877672662e-06
53.257544	5.6218428093049686e-07
53.257544	5.6218428093049686e-07
53.269553	2.5505736952657814e-07
53.269553	2.5505736952657814e-07
53.269553	2.5505736952657814e-07
53.269553	2.5505736952657814e-07
53.31749	3.0339446191155097e-07
53.31749	3.0339446191155097e-07
53.31749	3.0339446191155097e-07
53.341395	1.2728522927636024e-06
53.341395	1.2728522927636024e-06
53.365375	2.4525711351817424e-06
53.377491	3.0571015517056963e-06
53.377491	3.0571015517056963e-06
53.377491	3.0571015517056963e-06
53.377491	3.0571015517056963e-06
53.377491	3.0571015517056963e-06
53.377491	3.0571015517056963e-06
53.377491	3.0571015517056963e-06
53.43747	5.9107288602448756e-06
53.449442	6.443427138061531e-06
53.449442	6.443427138061531e-06
53.449442	6.443427138061531e-06
53.485374	7.9803434225955012e-06
53.497469	8.4892339693499363e-06
53.497469	8.4892339693499363e-06
53.497469	8.4892339693499363e-06
53.497469	8.4892339693499363e-06
53.497469	8.4892339693499363e-06
53.497469	8.4892339693499363e-06
53.557475	1.0976325353072633e-05
53.557475	1.0976325353072633e-05
53.557475	1.0976325353072633e-05
53.557475	1.0976325353072633e-05
53.557475	1.0976325353072633e-05
53.605375	1.2632611647147619e-05
53.61747	1.2996090368978611e-05
53.61747	1.2996090368978611e-05
53.61747	1.2996090368978611e-05
53.61747	1.2996090368978611e-05
53.61747	1.2996090368978611e-05
53.665375	1.4131517668223779e-05
53.67752	1.4343894393156602e-05
53.67752	1.4343894393156602e-05
53.67752	1.4343894393156602e-05
53.67752	1.4343894393156602e-05
53.67752	1.4343894393156602e-05
53.67752	1.4343894393156602e-05
53.737469	1.509765642187601e-05
53.737469	1.509765642187601e-05
53.737469	1.509765642187601e-05
53.737469	1.509765642187601e-05
53.773447	1.5192411993111654e-05
53.773456	1.5192400559048437e-05
53.797505	1.5059383093672627e-05
53.797505	1.5059383093672627e-05
53.797505	1.5059383093672627e-05
53.797505	1.5059383093672627e-05
53.833447	1.4526627703595307e-05
53.845384	1.4267358145242622e-05
53.857503	1.3963745277124023e-05
53.857503	1.3963745277124023e-05
53.869384	1.3609496267831857e-05
53.869384	1.3609496267831857e-05
53.869384	1.3609496267831857e-05
53.869384	1.3609496267831857e-05
53.917555	1.1816162321926008e-05
53.917555	1.1816162321926008e-05
53.917555	1.1816162321926008e-05
53.917555	1.1816162321926008e-05
53.917555	1.1816162321926008e-05
53.917555	1.1816162321926008e-05
53.977497	7.0291522828090902e-05
53.977497	7.0291522828090902e-05
53.989384	0.00071895035691266586
54.001384	0.0016738635041418349
54.001384	0.0016738635041418349
54.025383	0.0059841266616406617
54.037482	0.0086914904112422794
54.037482	0.0086914904112422794
54.037482	0.0086914904112422794
54.037482	0.0086914904112422794
54.037482	0.0086914904112422794
54.037482	0.0086914904112422794
54.097482	0.021513419716567405
54.097482	0.021513419716567405
54.097482	0.021513419716567405
54.097482	0.021513419716567405
54.097482	0.021513419716567405
54.145383	0.021965469264344631
54.157513	0.021265628470573141
54.157513	0.021265628470573141
54.157513	0.021265628470573141
54.181459	0.019665554855446406
54.181459	0.019665554855446406
54.205403	0.01799944141538971
54.205403	0.01799944141538971
54.205403	0.01799944141538971
54.205403	0.01799944141538971
54.205403	0.01799944141538971
54.205403	0.01799944141538971
54.21749	0.017158505459490693
54.277499	0.012930205834939016
54.277499	0.012930205834939016
54.277499	0.012930205834939016
54.277499	0.012930205834939016
54.277499	0.012930205834939016
54.277499	0.012930205834939016
54.337497	0.008593551885001249
54.337497	0.008593551885001249
54.337497	0.008593551885001249
54.337497	0.008593551885001249
54.337497	0.008593551885001249
54.385384	0.0051349981638938906
54.39748	0.0042706145404342736
54.39748	0.0042706145404342736
54.409384	0.0034288636803747304
54.409384	0.0034288636803747304
54.433447	0.0017479634064652937
54.433447	0.0017479634064652937
54.457489	0.00010531732052142706
54.457489	0.00010531732052142706
54.457489	0.00010531732052142706
54.457489	0.00010531732052142706
54.457489	0.00010531732052142706
54.505394	-0.0030193925091869024
54.51748	-0.0037746391857533114
54.51748	-0.0037746391857533114
54.51748	-0.0037746391857533114
54.51748	-0.0037746391857533114
54.51748	-0.0037746391857533114
54.51748	-0.0037746391857533114
54.577618	-0.0072677582474471297
54.577618	-0.0072677582474471297
54.577618	-0.0072677582474471297
54.577618	-0.0072677582474471297
54.577618	-0.0072677582474471297
54.625384	-0.0096941345207178769
54.637485	-0.010258627746936026
54.637485	-0.010258627746936026
54.637485	-0.010258627746936026
54.637485	-0.010258627746936026
54.637485	-0.010258627746936026
54.637485	-0.010258627746936026
54.697495	-0.012698611392974384
54.697495	-0.012698611392974384
54.697495	-0.012698611392974384
54.721383	-0.013504677158043718
54.721383	-0.013504677158043718
54.745387	-0.014209534244890496
54.745387	-0.014209534244890496
54.757483	-0.014531988276944862
54.769384	-0.014816219565009529
54.769384	-0.014816219565009529
54.769394	-0.014816450951772468
54.805394	-0.015541041064275909
54.817495	-0.015735883549865888
54.817495	-0.015735883549865888
54.817495	-0.015735883549865888
54.817495	-0.015735883549865888
54.817495	-0.015735883549865888
54.817495	-0.015735883549865888
54.87751	-0.016309369956586356
54.87751	-0.016309369956586356
54.87751	-0.016309369956586356
54.87751	-0.016309369956586356
54.87751	-0.016309369956586356
54.925394	-0.016324690358033467
54.93751	-0.016272612591988318
54.93751	-0.016272612591988318
54.93751	-0.016272612591988318
54.93751	-0.016272612591988318
54.93751	-0.016272612591988318
54.93751	-0.016272612591988318
54.99749	-0.015666191851800824
54.99749	-0.015666191851800824
55.009437	-0.015478361314597627
55.021393	-0.015279494446925628
55.021393	-0.015279494446925628
55.045393	-0.014808823279411638
55.0575	-0.014547118798376116
55.0575	-0.014547118798376116
55.069425	-0.014266274683450604
55.069425	-0.014266274683450604
55.093458	-0.013657129603007863
55.093458	-0.013657129603007863
55.117493	-0.012986443720024885
55.117493	-0.012986443720024885
55.117493	-0.012986443720024885
55.117493	-0.012986443720024885
55.153462	-0.011870841172352943
55.165394	-0.011476415414710837
55.177509	-0.011064840469677987
55.177509	-0.011064840469677987
55.177509	-0.011064840469677987
55.177509	-0.011064840469677987
55.177509	-0.011064840469677987
55.177509	-0.011064840469677987
55.237583	-0.0088677665879059696
55.237583	-0.0088677665879059696
55.237583	-0.0088677665879059696
55.237583	-0.0088677665879059696
55.237583	-0.0088677665879059696
55.237583	-0.0088677665879059696
55.297489	-0.0064950832290244691
55.297489	-0.0064950832290244691
55.297489	-0.0064950832290244691
55.321394	-0.0055189909447208542
55.321394	-0.0055189909447208542
55.345394	-0.0045302262133609964
55.357492	-0.0040303952821944301
55.357492	-0.0040303952821944301
55.357492	-0.0040303952821944301
55.357492	-0.0040303952821944301
55.357492	-0.0040303952821944301
55.357492	-0.0040303952821944301
55.417493	-0.0015638734246407986
55.417493	-0.0015638734246407986
55.417493	-0.0015638734246407986
55.417493	-0.0015638734246407986
55.417493	-0.0015638734246407986
55.465394	0.00034991269153121919
55.477524	0.0008226800268532012
55.477524	0.0008226800268532012
55.477524	0.0008226800268532012
55.477524	0.0008226800268532012
55.513467	0.0021798253527756505
55.513467	0.0021798253527756505
55.537493	0.0030501364403351691
55.537493	0.0030501364403351691
55.549394	0.0034658124927385396
55.561395	0.0038774618109213982
55.573466	0.0042581488170874713
55.573466	0.0042581488170874713
55.597488	0.004423920760432647
55.597488	0.004423920760432647
55.597488	0.004423920760432647
55.597488	0.004423920760432647
55.597488	0.004423920760432647
55.597488	0.004423920760432647
55.657492	1.9741792512733159e-05
55.657492	1.9741792512733159e-05
55.657492	1.9741792512733159e-05
55.681395	-0.0021549794379360611
55.693459	-0.002825377600373935
55.705395	-0.0031939065539668275
55.717488	-0.0032052142850236779
55.717488	-0.0032052142850236779
55.717488	-0.0032052142850236779
55.717488	-0.0032052142850236779
55.717488	-0.0032052142850236779
55.765467	-0.0013562205866225942
55.777507	-0.00076065166265307639
55.777507	-0.00076065166265307639
55.777507	-0.00076065166265307639
55.801406	0.00039456888550667057
55.813468	0.00095272904742850907
55.825404	0.0014945520099586243
55.837501	0.0020308123685714987
55.837501	0.0020308123685714987
55.837501	0.0020308123685714987
55.837501	0.0020308123685714987
55.837501	0.0020308123685714987
55.837501	0.0020308123685714987
55.837501	0.0020308123685714987
55.837501	0.0020308123685714987
55.837501	0.0020308123685714987
55.837501	0.0020308123685714987
55.897567	0.0045066275451094056
55.945403	0.0062545855244513556
55.957501	0.006664398304677595
55.957501	0.006664398304677595
55.969403	0.0070485316225582647
55.981403	0.0074276932005693276
55.981403	0.0074276932005693276
56.005424	0.0081285585018457916
56.017498	0.008459702320461001
56.017498	0.008459702320461001
56.029474	0.0087665017238390385
56.029474	0.0087665017238390385
56.029474	0.0087665017238390385
56.029474	0.0087665017238390385
56.077526	0.0098474151814908692
56.077526	0.0098474151814908692
56.077526	0.0098474151814908692
56.077526	0.0098474151814908692
56.077526	0.0098474151814908692
56.077526	0.0098474151814908692
56.137554	0.010813137030064781
56.137554	0.010813137030064781
56.137554	0.010813137030064781
56.137554	0.010813137030064781
56.137554	0.010813137030064781
56.137554	0.010813137030064781
56.197505	0.011349869366154817
56.197505	0.011349869366154817
56.209414	0.011402739148366979
56.209414	0.011402739148366979
56.233469	0.011466620626724379
56.233469	0.011466620626724379
56.2575	0.011466263078936896
56.2575	0.011466263078936896
56.2575	0.011466263078936896
56.2575	0.011466263078936896
56.293536	0.011339574947448279
56.305421	0.011268477382855632
56.317524	0.011182230804843259
56.317524	0.011182230804843259
56.317524	0.011182230804843259
56.317524	0.011182230804843259
56.317524	0.011182230804843259
56.317524	0.011182230804843259
56.377529	0.010499931947990392
56.377529	0.010499931947990392
56.377529	0.010499931947990392
56.377529	0.010499931947990392
56.413467	0.008141216096150105
56.413467	0.008141216096150105
56.437521	0.0052030502693687555
56.437521	0.0052030502693687555
56.437521	0.0052030502693687555
56.437521	0.0052030502693687555
56.473471	0.00018340309542811436
56.485403	-0.0012701801252019257
56.497506	-0.0024932500224692142
56.497506	-0.0024932500224692142
56.497506	-0.0024932500224692142
56.497506	-0.0024932500224692142
56.533468	-0.0038139996895181633
56.533468	-0.0038139996895181633
56.557592	-0.0038275495382534977
56.557592	-0.0038275495382534977
56.557592	-0.0038275495382534977
56.557592	-0.0038275495382534977
56.557592	-0.0038275495382534977
56.557592	-0.0038275495382534977
56.617497	-0.0033790533710789934
56.617497	-0.0033790533710789934
56.617497	-0.0033790533710789934
56.617497	-0.0033790533710789934
56.617497	-0.0033790533710789934
56.617497	-0.0033790533710789934
56.67751	-0.0029586219977853932
56.67751	-0.0029586219977853932
56.67751	-0.0029586219977853932
56.67751	-0.0029586219977853932
56.67751	-0.0029586219977853932
56.67751	-0.0029586219977853932
56.737505	-0.002504358344371804
56.737505	-0.002504358344371804
56.749404	-0.0024095458690282113
56.749404	-0.0024095458690282113
56.749404	-0.0024095458690282113
56.785404	-0.0021171453418931028
56.797499	-0.0020175780601376695
56.797509	-0.0020174957391110335
56.797509	-0.0020174957391110335
56.797509	-0.0020174957391110335
56.797509	-0.0020174957391110335
56.797509	-0.0020174957391110335
56.797509	-0.0020174957391110335
56.857515	-0.001520873373028082
56.869766	-0.0014192880310656803
56.881413	-0.0013227415462580031
56.881413	-0.0013227415462580031
56.881413	-0.0013227415462580031
56.917507	-0.0010246893150854719
56.917507	-0.0010246893150854719
56.917507	-0.0010246893150854719
56.917507	-0.0010246893150854719
56.917507	-0.0010246893150854719
56.917507	-0.0010246893150854719
56.977524	-0.0005409360833734814
56.977524	-0.0005409360833734814
56.989417	-0.00044823740142275792
56.989417	-0.00044823740142275792
56.989417	-0.00044823740142275792
57.025414	-0.00017444984481907049
57.037511	-8.5190547968728081e-05
57.037511	-8.5190547968728081e-05
57.037511	-8.5190547968728081e-05
57.037511	-8.5190547968728081e-05
57.037511	-8.5190547968728081e-05
57.085484	0.00025009800579126019
57.097549	0.00032995018054568379
57.097549	0.00032995018054568379
57.097549	0.00032995018054568379
57.121416	0.00048145037495443417
57.121416	0.00048145037495443417
57.145413	0.00062440970896723554
57.157544	0.0006935993624329499
57.157544	0.0006935993624329499
57.157544	0.0006935993624329499
57.157544	0.0006935993624329499
57.157544	0.0006935993624329499
57.157544	0.0006935993624329499
57.21758	0.00099709643757999182
57.21758	0.00099709643757999182
57.21758	0.00099709643757999182
57.21758	0.00099709643757999182
57.21758	0.00099709643757999182
57.265509	0.0011920957259051713
57.277521	0.0012343928886349137
57.277521	0.0012343928886349137
57.289413	0.001272592261123331
57.289413	0.001272592261123331
57.313487	0.0013427362280765344
57.313487	0.0013427362280765344
57.337514	0.001401698472703066
57.337514	0.001401698472703066
57.337514	0.001401698472703066
57.361433	0.0014485790703992502
57.361433	0.0014485790703992502
57.361433	0.0014485790703992502
57.361433	0.0014485790703992502
57.361433	0.0014485790703992502
57.361433	0.0014485790703992502
57.361433	0.0014485790703992502
57.361433	0.0014485790703992502
57.397507	0.0014970998729165789
57.45752	0.0015223725535858218
57.45752	0.0015223725535858218
57.45752	0.0015223725535858218
57.45752	0.0015223725535858218
57.45752	0.0015223725535858218
57.45752	0.0015223725535858218
57.517511	0.0014803194192964074
57.517511	0.0014803194192964074
57.517511	0.0014803194192964074
57.517511	0.0014803194192964074
57.517511	0.0014803194192964074
57.565414	0.0014022535160344448
57.577557	0.0013769579645274751
57.577557	0.0013769579645274751
57.577557	0.0013769579645274751
57.601413	0.0013206043582167997
57.601413	0.0013206043582167997
57.601413	0.0013206043582167997
57.637509	0.0012204757214225505
57.637509	0.0012204757214225505
57.649456	0.001183397023117209
57.661413	0.001145344467317482
57.673477	0.0011044953369102185
57.673477	0.0011044953369102185
57.697508	0.0010195862687460253
57.697508	0.0010195862687460253
57.697508	0.0010195862687460253
57.721413	0.00092979173612308666
57.721413	0.00092979173612308666
57.745491	0.00083438111705914204
57.757514	0.00078535325769399031
57.757514	0.00078535325769399031
57.757514	0.00078535325769399031
57.757514	0.00078535325769399031
57.757514	0.00078535325769399031
57.757514	0.00078535325769399031
57.81753	0.00052781235150538286
57.81753	0.00052781235150538286
57.81753	0.00052781235150538286
57.81753	0.00052781235150538286
57.81753	0.00052781235150538286
57.865424	0.00031330239014002066
57.877618	0.00025804822571331607
57.877618	0.00025804822571331607
57.877618	0.00025804822571331607
57.877618	0.00025804822571331607
57.877618	0.00025804822571331607
57.877618	0.00025804822571331607
57.937538	-1.1970105185212451e-05
57.937538	-1.1970105185212451e-05
57.949424	-6.4666166621716499e-05
57.961424	-0.00011765820580539001
57.961424	-0.00011765820580539001
57.961424	-0.00011765820580539001
57.997519	-0.00027356919466084114
57.997519	-0.00027356919466084114
57.997519	-0.00027356919466084114
57.997519	-0.00027356919466084114
58.033489	-0.00042232562199542856
58.033489	-0.00042232562199542856
58.057526	-0.00051760124212638667
58.057526	-0.00051760124212638667
58.069424	-0.0005630448762465101
58.069424	-0.0005630448762465101
58.069424	-0.0005630448762465101
58.069424	-0.0005630448762465101
58.11752	-0.00073645028474094484
58.11752	-0.00073645028474094484
58.11752	-0.00073645028474094484
58.1415	-0.00081532998473428516
58.1415	-0.00081532998473428516
58.1415	-0.00081532998473428516
58.177541	-0.0009235949251780697
58.177541	-0.0009235949251780697
58.177541	-0.0009235949251780697
58.201424	-0.00098822764269885155
58.213488	-0.0010181421184948724
58.225424	-0.0010465518376712281
58.237537	-0.0010739361732183819
58.237537	-0.0010739361732183819
58.237537	-0.0010739361732183819
58.237537	-0.0010739361732183819
58.273557	-0.0011450106690422514
58.285424	-0.0011652613158948224
58.297518	-0.0011842732814996582
58.297518	-0.0011842732814996582
58.309428	-0.0012005195880873663
58.309428	-0.0012005195880873663
58.309428	-0.0012005195880873663
58.309428	-0.0012005195880873663
58.357529	-0.0012501719868147738
58.357529	-0.0012501719868147738
58.357529	-0.0012501719868147738
58.357529	-0.0012501719868147738
58.357529	-0.0012501719868147738
58.357529	-0.0012501719868147738
58.417521	-0.0012751045431608477
58.417521	-0.0012751045431608477
58.417521	-0.0012751045431608477
58.441427	-0.0012742471945377464
58.453503	-0.0012712043024395339
58.465428	-0.0012671142858639926
58.477537	-0.001261642230535685
58.477537	-0.001261642230535685
58.477537	-0.001261642230535685
58.477537	-0.001261642230535685
58.477537	-0.001261642230535685
58.525424	-0.00122506240954843
58.537643	-0.0012124967246249078
58.537643	-0.0012124967246249078
58.549424	-0.0011987456293709637
58.549424	-0.0011987456293709637
58.549424	-0.0011987456293709637
58.549424	-0.0011987456293709637
58.597524	-0.0011319678141108031
58.597524	-0.0011319678141108031
58.609527	-0.0011121878319143674
58.609527	-0.0011121878319143674
58.633468	-0.0010700745238457945
58.633468	-0.0010700745238457945
58.657522	-0.0010240181072174879
58.657522	-0.0010240181072174879
58.657522	-0.0010240181072174879
58.657522	-0.0010240181072174879
58.657522	-0.0010240181072174879
58.657522	-0.0010240181072174879
58.717523	-0.00089401201096999338
58.717523	-0.00089401201096999338
58.717523	-0.00089401201096999338
58.717523	-0.00089401201096999338
58.717523	-0.00089401201096999338
58.717523	-0.00089401201096999338
58.777569	-0.00074685011915657325
58.777569	-0.00074685011915657325
58.777569	-0.00074685011915657325
58.777569	-0.00074685011915657325
58.777579	-0.00074682480698983324
58.825434	-0.0006214395927564598
58.837532	-0.00058899389631201409
58.837532	-0.00058899389631201409
58.849434	-0.00055682936727960669
58.849434	-0.00055682936727960669
58.873512	-0.00049144218454559021
58.873512	-0.00049144218454559021
58.897529	-0.00042593269316422682
58.897529	-0.00042593269316422682
58.897529	-0.00042593269316422682
58.921434	-0.00036069361630111343
58.921434	-0.00036069361630111343
58.921434	-0.00036069361630111343
58.957532	-0.00026296482564085264
58.957532	-0.00026296482564085264
58.969438	-0.00023116529451278376
58.969438	-0.00023116529451278376
58.969438	-0.00023116529451278376
58.969438	-0.00023116529451278376
59.017551	-0.00010528973506634463
59.017551	-0.00010528973506634463
59.017551	-0.00010528973506634463
59.017551	-0.00010528973506634463
59.017551	-0.00010528973506634463
59.017551	-0.00010528973506634463
59.077566	4.2550870243331177e-05
59.077566	4.2550870243331177e-05
59.077566	4.2550870243331177e-05
59.077566	4.2550870243331177e-05
59.113506	0.00012497650200442336
59.125434	0.00015127810111626746
59.137529	0.0001773964390879192
59.137529	0.0001773964390879192
59.137529	0.0001773964390879192
59.137529	0.0001773964390879192
59.137529	0.0001773964390879192
59.137529	0.0001773964390879192
59.197599	0.0002963535511917587
59.197599	0.0002963535511917587
59.197599	0.0002963535511917587
59.197599	0.0002963535511917587
59.197599	0.0002963535511917587
59.245434	0.00037916736475585743
59.257533	0.00039828419103343809
59.257533	0.00039828419103343809
59.269437	0.00041593764341209851
59.269437	0.00041593764341209851
59.269437	0.00041593764341209851
59.269437	0.00041593764341209851
59.317552	0.00047922411255026391
59.317552	0.00047922411255026391
59.317552	0.00047922411255026391
59.317552	0.00047922411255026391
59.317552	0.00047922411255026391
59.317552	0.00047922411255026391
59.377547	0.00053706981473098552
59.377547	0.00053706981473098552
59.389436	0.00054554784790568573
59.389436	0.00054554784790568573
59.389436	0.00054554784790568573
59.389436	0.00054554784790568573
59.437547	0.00057157915473013984
59.437547	0.00057157915473013984
59.437547	0.00057157915473013984
59.437547	0.00057157915473013984
59.437547	0.00057157915473013984
59.437547	0.00057157915473013984
59.49757	0.00058285450337399781
59.49757	0.00058285450337399781
59.49757	0.00058285450337399781
59.521434	0.00058110987574195368
59.521434	0.00058110987574195368
59.545466	0.00057564069740544458
59.557534	0.00057176883607399612
59.557534	0.00057176883607399612
59.557534	0.00057176883607399612
59.557534	0.00057176883607399612
59.557534	0.00057176883607399612
59.557534	0.00057176883607399612
59.617537	0.00053955578082049327
59.617537	0.00053955578082049327
59.617537	0.00053955578082049327
59.617537	0.00053955578082049327
59.617537	0.00053955578082049327
59.617537	0.00053955578082049327
59.677564	0.00048846855071203905
59.677564	0.00048846855071203905
59.677564	0.00048846855071203905
59.701447	0.00046348921700552838
59.701447	0.00046348921700552838
59.725512	0.00043580864927337398
59.737566	0.00042122127206452612
59.737566	0.00042122127206452612
59.749434	0.00040617248692305982
59.749434	0.00040617248692305982
59.749434	0.00040617248692305982
59.785436	0.00080125988172767798
59.797531	0.0016133501170979764
59.797531	0.0016133501170979764
59.797531	0.0016133501170979764
59.821444	0.0054236011556967464
59.821444	0.0054236011556967464
59.821444	0.0054236011556967464
59.857609	0.013803926980245667
59.857609	0.013803926980245667
59.857609	0.013803926980245667
59.857609	0.013803926980245667
59.857609	0.013803926980245667
59.857609	0.013803926980245667
59.917537	0.022937668289635473
59.917537	0.022937668289635473
59.929443	0.022779964516606976
59.929443	0.022779964516606976
59.929443	0.022779964516606976
59.929443	0.022779964516606976
59.977553	0.020073650703739478
59.977553	0.020073650703739478
59.977553	0.020073650703739478
59.977553	0.020073650703739478
59.977553	0.020073650703739478
59.977553	0.020073650703739478
60.037543	0.015792085984857717
60.037543	0.015792085984857717
60.037543	0.015792085984857717
60.037543	0.015792085984857717
60.037543	0.015792085984857717
60.037543	0.015792085984857717
60.097538	0.011416444192872846
60.097538	0.011416444192872846
60.109443	0.010534107970968886
60.109443	0.010534107970968886
60.133509	0.0087460991211355775
60.133509	0.0087460991211355775
60.157545	0.0069608600088837394
60.157545	0.0069608600088837394
60.157545	0.0069608600088837394
60.157545	0.0069608600088837394
60.157545	0.0069608600088837394
60.157545	0.0069608600088837394
60.21754	0.0025793761693598512
60.21754	0.0025793761693598512
60.21754	0.0025793761693598512
60.21754	0.0025793761693598512
60.21754	0.0025793761693598512
60.21754	0.0025793761693598512
60.277548	-0.0015777712293368446
60.277548	-0.0015777712293368446
60.277548	-0.0015777712293368446
60.277548	-0.0015777712293368446
60.277548	-0.0015777712293368446
60.277548	-0.0015777712293368446
60.337556	-0.0053963054939102466
60.337556	-0.0053963054939102466
60.337556	-0.0053963054939102466
60.361443	-0.0067986937148790871
60.373514	-0.0074738750294409675
60.385516	-0.0081296329174018189
60.397556	-0.0087691081573646103
60.397556	-0.0087691081573646103
60.397556	-0.0087691081573646103
60.397556	-0.0087691081573646103
60.433511	-0.010537859280583631
60.445443	-0.011081804168011923
60.457539	-0.011612006956668149
60.457539	-0.011612006956668149
60.457539	-0.011612006956668149
60.457539	-0.011612006956668149
60.493508	-0.013030923277207633
60.505443	-0.013454676251247523
60.517639	-0.013864633624316228
60.517639	-0.013864633624316228
60.517639	-0.013864633624316228
60.517639	-0.013864633624316228
60.517639	-0.013864633624316228
60.565443	-0.015200117911279482
60.577552	-0.015477309813883372
60.577552	-0.015477309813883372
60.577552	-0.015477309813883372
60.577552	-0.015477309813883372
60.577552	-0.015477309813883372
60.625443	-0.016298682236008517
60.637543	-0.016445126235124417
60.637543	-0.016445126235124417
60.649514	-0.016556137043674271
60.649514	-0.016556137043674271
60.649514	-0.016556137043674271
60.649514	-0.016556137043674271
60.697546	-0.016130302476279255
60.697546	-0.016130302476279255
60.697546	-0.016130302476279255
60.697546	-0.016130302476279255
60.697546	-0.016130302476279255
60.697546	-0.016130302476279255
60.757541	-0.0096187586155665108
60.757541	-0.0096187586155665108
60.757541	-0.0096187586155665108
60.757541	-0.0096187586155665108
60.757541	-0.0096187586155665108
60.805443	-0.0045588092983362529
60.817542	-0.004075422068764027
60.817552	-0.0040750225421672982
60.817552	-0.0040750225421672982
60.817552	-0.0040750225421672982
60.817552	-0.0040750225421672982
60.817552	-0.0040750225421672982
60.877563	-0.0041412227334187918
60.877563	-0.0041412227334187918
60.889453	-0.00423915685930962
60.889453	-0.00423915685930962
60.889453	-0.00423915685930962
60.889453	-0.00423915685930962
60.937548	-0.00450640538669363
60.937548	-0.00450640538669363
60.937548	-0.00450640538669363
60.961453	-0.0045647611108179734
60.973533	-0.0045781323559369808
60.985474	-0.004584982078393517
60.997551	-0.0045843013569216544
60.997551	-0.0045843013569216544
60.997551	-0.0045843013569216544
60.997551	-0.0045843013569216544
60.997551	-0.0045843013569216544
60.997551	-0.0045843013569216544
61.057554	-0.0044575315723009061
61.057554	-0.0044575315723009061
61.057554	-0.0044575315723009061
61.057554	-0.0044575315723009061
61.057554	-0.0044575315723009061
61.105453	-0.0042259728054976761
61.117583	-0.0041516408691619185
61.117583	-0.0041516408691619185
61.129453	-0.004070785202404799
61.141453	-0.0039857654787863392
61.15352	-0.0038916549994212979
61.15352	-0.0038916549994212979
61.177634	-0.0036901241251487324
61.177634	-0.0036901241251487324
61.177634	-0.0036901241251487324
61.177634	-0.0036901241251487324
61.21352	-0.0033501318195618859
61.225453	-0.0032283275221747865
61.237552	-0.0031008526341596747
61.237552	-0.0031008526341596747
61.237552	-0.0031008526341596747
61.237552	-0.0031008526341596747
61.273518	-0.0026967106651962841
61.285454	-0.0025561341011604995
61.29755	-0.0024108911689367631
61.29755	-0.0024108911689367631
61.29755	-0.0024108911689367631
61.29755	-0.0024108911689367631
61.29755	-0.0024108911689367631
61.29755	-0.0024108911689367631
61.35755	-0.0016534422093449871
61.35755	-0.0016534422093449871
61.369453	-0.0014973573638210592
61.369453	-0.0014973573638210592
61.369453	-0.0014973573638210592
61.369453	-0.0014973573638210592
61.417548	-0.00085876829638728623
61.417548	-0.00085876829638728623
61.417548	-0.00085876829638728623
61.441524	-0.00053843807041690183
61.441524	-0.00053843807041690183
61.441524	-0.00053843807041690183
61.477651	-5.7100882995275102e-05
61.477651	-5.7100882995275102e-05
61.477651	-5.7100882995275102e-05
61.501473	0.00025680298453183994
61.501473	0.00025680298453183994
61.525453	0.00056737381000609749
61.537556	0.00072211356867059795
61.537556	0.00072211356867059795
61.537556	0.00072211356867059795
61.537556	0.00072211356867059795
61.537556	0.00072211356867059795
61.537556	0.00072211356867059795
61.597568	0.0014580032205946398
61.597568	0.0014580032205946398
61.597568	0.0014580032205946398
61.621453	0.0017337690801952827
61.621453	0.0017337690801952827
61.645453	0.0019981813781389116
61.65757	0.0021274632056854262
61.65757	0.0021274632056854262
61.65757	0.0021274632056854262
61.65757	0.0021274632056854262
61.65757	0.0021274632056854262
61.705524	0.0025999552355013634
61.717554	0.0027089353235355087
61.717554	0.0027089353235355087
61.729453	0.0028111109135742405
61.729453	0.0028111109135742405
61.729453	0.0028111109135742405
61.765473	0.0030972730746055277
61.77758	0.0031849925541036321
61.77758	0.0031849925541036321
61.77758	0.0031849925541036321
61.801453	0.003343473208977574
61.813559	0.0034157124575968328
61.813559	0.0034157124575968328
61.837625	0.0035476921373360677
61.837635	0.0035477452123836481
61.837635	0.0035477452123836481
61.837635	0.0035477452123836481
61.837635	0.0035477452123836481
61.885463	0.0037499330414907809
61.897609	0.0037893431758329907
61.897609	0.0037893431758329907
61.897609	0.0037893431758329907
61.921464	0.0038500177773245128
61.921464	0.0038500177773245128
61.921464	0.0038500177773245128
61.957564	0.0039030099183556886
61.957564	0.0039030099183556886
61.957564	0.0039030099183556886
61.981463	0.0039141795559314947
61.981463	0.0039141795559314947
61.981463	0.0039141795559314947
62.017557	0.0038936110510587284
62.017557	0.0038936110510587284
62.017557	0.0038936110510587284
62.017557	0.0038936110510587284
62.053539	0.0038302310680827885
62.053539	0.0038302310680827885
62.077569	0.0037669344092198134
62.077569	0.0037669344092198134
62.077569	0.0037669344092198134
62.077569	0.0037669344092198134
62.077569	0.0037669344092198134
62.125463	0.0035897852707589646
62.125463	0.0035897852707589646
62.137658	0.0035354216960468664
62.149463	0.0034780184106372419
62.161483	0.0034176553815204349
62.161483	0.0034176553815204349
62.161483	0.0034176553815204349
62.197558	0.0032130772078171298
62.197558	0.0032130772078171298
62.197558	0.0032130772078171298
62.197558	0.0032130772078171298
62.2336	0.0029792535575290484
62.2336	0.0029792535575290484
62.257563	0.0028106490011669248
62.257563	0.0028106490011669248
62.257563	0.0028106490011669248
62.257563	0.0028106490011669248
62.293567	0.0025390517655792299
62.293567	0.0025390517655792299
62.31761	0.0023480650757548732
62.31761	0.0023480650757548732
62.31761	0.0023480650757548732
62.31761	0.0023480650757548732
62.31761	0.0023480650757548732
62.31761	0.0023480650757548732
62.377566	0.0018453739219410853
62.377566	0.0018453739219410853
62.389494	0.0017421837614093724
62.389494	0.0017421837614093724
62.41353	0.001532600919649994
62.425497	0.0014276051628528967
62.437557	0.0013215242478438918
62.437557	0.0013215242478438918
62.437557	0.0013215242478438918
62.461463	0.0011112358112269321
62.473527	0.0010054842628425512
62.485463	0.00090116739509974949
62.497634	0.00079517444593396841
62.497634	0.00079517444593396841
62.497634	0.00079517444593396841
62.521463	0.00058964677041448892
62.521463	0.00058964677041448892
62.545483	0.00038628481281072512
62.557559	0.00028551540482180181
62.557559	0.00028551540482180181
62.557559	0.00028551540482180181
62.557559	0.00028551540482180181
62.557559	0.00028551540482180181
62.557559	0.00028551540482180181
62.617558	-0.00019231088609190556
62.617558	-0.00019231088609190556
62.617558	-0.00019231088609190556
62.617558	-0.00019231088609190556
62.617558	-0.00019231088609190556
62.617558	-0.00019231088609190556
62.677581	-0.0006239130621043499
62.677581	-0.0006239130621043499
62.677581	-0.0006239130621043499
62.701463	-0.00078020124693039291
62.701463	-0.00078020124693039291
62.701463	-0.00078020124693039291
62.737558	-0.00099786509953701612
62.737558	-0.00099786509953701612
62.737558	-0.00099786509953701612
62.737558	-0.00099786509953701612
62.737558	-0.00099786509953701612
62.737558	-0.00099786509953701612
62.737558	-0.00099786509953701612
62.737558	-0.00099786509953701612
62.737558	-0.00099786509953701612
62.737558	-0.00099786509953701612
62.797563	-0.0013052521780570676
62.845473	-0.0014977438853776147
62.85757	-0.0015391823609506676
62.85757	-0.0015391823609506676
62.85757	-0.0015391823609506676
62.85757	-0.0015391823609506676
62.85757	-0.0015391823609506676
62.905484	-0.0016707643397031531
62.917573	-0.001696825958907508
62.917573	-0.001696825958907508
62.917573	-0.001696825958907508
62.941493	-0.0017387235306785876
62.953544	-0.0017545626277215536
62.965474	-0.001767959122522422
62.965474	-0.001767959122522422
62.965474	-0.001767959122522422
62.965474	-0.001767959122522422
62.965474	-0.001767959122522422
62.977573	-0.0017788140151491359
63.025544	-0.0017911630622356183
63.037572	-0.001787671373507622
63.037572	-0.001787671373507622
63.037572	-0.001787671373507622
63.037572	-0.001787671373507622
63.037572	-0.001787671373507622
63.037572	-0.001787671373507622
63.097588	-0.0017284780020109245
63.097588	-0.0017284780020109245
63.097588	-0.0017284780020109245
63.121474	-0.0016880248724851703
63.121474	-0.0016880248724851703
63.121474	-0.0016880248724851703
63.157648	-0.0016094578173587598
63.157648	-0.0016094578173587598
63.157648	-0.0016094578173587598
63.157648	-0.0016094578173587598
63.157648	-0.0016094578173587598
63.205495	-0.0014770022969990324
63.217572	-0.0014395287705648346
63.217572	-0.0014395287705648346
63.217572	-0.0014395287705648346
63.217572	-0.0014395287705648346
63.217572	-0.0014395287705648346
63.265474	-0.0012742818529626059
63.277594	-0.0012289588538865548
63.277594	-0.0012289588538865548
63.277594	-0.0012289588538865548
63.277594	-0.0012289588538865548
63.277594	-0.0012289588538865548
63.277594	-0.0012289588538865548
63.337595	-0.00098573647010865976
63.337595	-0.00098573647010865976
63.349563	-0.00093404421734159023
63.349563	-0.00093404421734159023
63.349563	-0.00093404421734159023
63.349563	-0.00093404421734159023
63.397567	-0.00072023114330326855
63.397567	-0.00072023114330326855
63.397567	-0.00072023114330326855
63.397567	-0.00072023114330326855
63.397567	-0.00072023114330326855
63.397567	-0.00072023114330326855
63.457575	-0.00044375071406660248
63.457575	-0.00044375071406660248
63.457575	-0.00044375071406660248
63.481473	-0.00033257548634053479
63.481473	-0.00033257548634053479
63.481473	-0.00033257548634053479
63.517572	-0.0001651976377503694
63.517572	-0.0001651976377503694
63.517572	-0.0001651976377503694
63.541473	-5.559741314549596e-05
63.541473	-5.559741314549596e-05
63.541473	-5.559741314549596e-05
63.577571	0.00010662266367124299
63.577571	0.00010662266367124299
63.58964	0.00015951744684794081
63.601474	0.00021099792232068132
63.613539	0.00026231925220686678
63.613539	0.00026231925220686678
63.637568	0.0003624202485389807
63.637568	0.0003624202485389807
63.637568	0.0003624202485389807
63.637568	0.0003624202485389807
63.673536	0.00050483554874289718
63.68556	0.00055041468204376548
63.697573	0.00059494544263810492
63.697573	0.00059494544263810492
63.697573	0.00059494544263810492
63.721497	0.00067972418467204462
63.721497	0.00067972418467204462
63.721497	0.00067972418467204462
63.75757	0.00079780131723107485
63.75757	0.00079780131723107485
63.75757	0.00079780131723107485
63.781474	0.00086949317331469847
63.781474	0.00086949317331469847
63.781474	0.00086949317331469847
63.817635	0.00096695004944395561
63.817635	0.00096695004944395561
63.829474	0.00099563461703495244
63.829484	0.00099565842848125391
63.829484	0.00099565842848125391
63.865484	0.0010747799940302486
63.87758	0.0010983907984537125
63.87758	0.0010983907984537125
63.87758	0.0010983907984537125
63.87758	0.0010983907984537125
63.913555	0.0011569365899808961
63.913555	0.0011569365899808961
63.937581	0.0011874733904347992
63.937581	0.0011874733904347992
63.937581	0.0011874733904347992
63.937581	0.0011874733904347992
63.937581	0.0011874733904347992
63.985508	0.0012278953012729444
63.99759	0.0012343565468304883
63.99759	0.0012343565468304883
63.99759	0.0012343565468304883
63.99759	0.0012343565468304883
63.99759	0.0012343565468304883
64.045483	0.0012435381864694406
64.057581	0.0012422533103543757
64.057581	0.0012422533103543757
64.057581	0.0012422533103543757
64.057581	0.0012422533103543757
64.057581	0.0012422533103543757
64.105484	0.0012214033721727193
64.117599	0.0012126936016422323
64.117599	0.0012126936016422323
64.117599	0.0012126936016422323
64.141484	0.0011910755470527878
64.153552	0.0011777989134759863
64.165484	0.0011636831854662071
64.17761	0.0011481565360623384
64.17761	0.0011481565360623384
64.17761	0.0011481565360623384
64.17761	0.0011481565360623384
64.17761	0.0011481565360623384
64.225483	0.0010737032445796472
64.237594	0.0010520981892655019
64.237594	0.0010520981892655019
64.237594	0.0010520981892655019
64.261483	0.0010060761325540121
64.261483	0.0010060761325540121
64.285483	0.00095562479391906035
64.297579	0.00092896583765170876
64.297579	0.00092896583765170876
64.297579	0.00092896583765170876
64.297579	0.00092896583765170876
64.333548	0.00084403824372429874
64.345563	0.0008141785142647852
64.357592	0.00078364001663891285
64.357592	0.00078364001663891285
64.369483	0.00075261418406814427
64.369483	0.00075261418406814427
64.369483	0.00075261418406814427
64.405484	0.00065562328358319754
64.41758	0.00062203688022638925
64.41758	0.00062203688022638925
64.41758	0.00062203688022638925
64.41758	0.00062203688022638925
64.41758	0.00062203688022638925
64.465484	0.00048511469270877508
64.465484	0.00048511469270877508
64.477682	0.00044960269522029351
64.489731	0.00041413935754439914
64.489731	0.00041413935754439914
64.489731	0.00041413935754439914
64.489731	0.00041413935754439914
64.537578	0.00027126816385534533
64.537578	0.00027126816385534533
64.537578	0.00027126816385534533
64.537578	0.00027126816385534533
64.537578	0.00027126816385534533
64.585484	0.00012855543344653469
64.597579	9.3061731265948669e-05
64.597579	9.3061731265948669e-05
64.597579	9.3061731265948669e-05
64.597579	9.3061731265948669e-05
64.633549	-1.012969634643068e-05
64.633549	-1.012969634643068e-05
64.657587	-7.6933575971048203e-05
64.657587	-7.6933575971048203e-05
64.669484	-0.00010902254855951597
64.669484	-0.00010902254855951597
64.693549	-0.00017235007093093657
64.693549	-0.00017235007093093657
64.717582	-0.00023295930316200931
64.717582	-0.00023295930316200931
64.717582	-0.00023295930316200931
64.741554	-0.00029034352883785668
64.741554	-0.00029034352883785668
64.741554	-0.00029034352883785668
64.777589	-0.00037030847158800255
64.777589	-0.00037030847158800255
64.777589	-0.00037030847158800255
64.801483	-0.0004189792494109816
64.801483	-0.0004189792494109816
64.801483	-0.0004189792494109816
64.83758	-0.00048522106196647094
64.83758	-0.00048522106196647094
64.837589	-0.00048523694638141405
64.837589	-0.00048523694638141405
64.837589	-0.00048523694638141405
64.837589	-0.00048523694638141405
64.897629	-0.00057486593339978285
64.897629	-0.00057486593339978285
64.909551	-0.00058924520334526073
64.921493	-0.00060306008534890144
64.921493	-0.00060306008534890144
64.921493	-0.00060306008534890144
64.957592	-0.00063722064481933625
64.957592	-0.00063722064481933625
64.969492	-0.00064605197947933892
64.969492	-0.00064605197947933892
64.969492	-0.00064605197947933892
64.969492	-0.00064605197947933892
65.017608	-0.0006727452942251979
65.017608	-0.0006727452942251979
65.017608	-0.0006727452942251979
65.017608	-0.0006727452942251979
65.017608	-0.0006727452942251979
65.065493	-0.00068302689825484549
65.077589	-0.000683090977581394
65.077589	-0.000683090977581394
65.089493	-0.00068174320138680085
65.089493	-0.00068174320138680085
65.089493	-0.00068174320138680085
65.089493	-0.00068174320138680085
65.137658	-0.00066690508370246539
65.137658	-0.00066690508370246539
65.137658	-0.00066690508370246539
65.137658	-0.00066690508370246539
65.137658	-0.00066690508370246539
65.185492	-0.00063614280763135418
65.197593	-0.00062618947546585915
65.197593	-0.00062618947546585915
65.209654	-0.0006151137879140898
65.221493	-0.00060379096486249881
65.221493	-0.00060379096486249881
65.221493	-0.00060379096486249881
65.25759	-0.0005638589289358347
65.25759	-0.0005638589289358347
65.25759	-0.0005638589289358347
65.25759	-0.0005638589289358347
65.25759	-0.0005638589289358347
65.25759	-0.0005638589289358347
65.317617	-0.00048381880453365406
65.317617	-0.00048381880453365406
65.317617	-0.00048381880453365406
65.317617	-0.00048381880453365406
65.317617	-0.00048381880453365406
65.365493	-0.00041018676427683479
65.377589	-0.00039055548042530214
65.377589	-0.00039055548042530214
65.377589	-0.00039055548042530214
65.401569	-0.00035050721673613372
65.401569	-0.00035050721673613372
65.401569	-0.00035050721673613372
65.437595	-0.00028820562297934577
65.437595	-0.00028820562297934577
65.437595	-0.00028820562297934577
65.437595	-0.00028820562297934577
65.437595	-0.00028820562297934577
65.437595	-0.00028820562297934577
65.497588	-0.00018135315326704634
65.497588	-0.00018135315326704634
65.497588	-0.00018135315326704634
65.521493	-0.00013849185004285715
65.521493	-0.00013849185004285715
65.521493	-0.00013849185004285715
65.55759	-7.4305058270178817e-05
65.55759	-7.4305058270178817e-05
65.55759	-7.4305058270178817e-05
65.581513	-3.2534989624691958e-05
65.593556	-1.2071996186899481e-05
65.605492	7.8629718720946038e-06
65.617587	2.7651853985262426e-05
65.617587	2.7651853985262426e-05
65.629493	4.6581623370792648e-05
65.629493	4.6581623370792648e-05
65.629493	4.6581623370792648e-05
65.66557	0.00010187447600428224
65.677621	0.00011962599529290809
65.677621	0.00011962599529290809
65.677621	0.00011962599529290809
65.677621	0.00011962599529290809
65.677621	0.00011962599529290809
65.677621	0.00011962599529290809
65.737588	0.00020151761143706487
65.737588	0.00020151761143706487
65.737588	0.00020151761143706487
65.737588	0.00020151761143706487
65.737588	0.00020151761143706487
65.737588	0.00020151761143706487
65.797654	0.00027168098938447723
65.797654	0.00027168098938447723
65.797654	0.00027168098938447723
65.797654	0.00027168098938447723
65.797654	0.00027168098938447723
65.797654	0.00027168098938447723
65.857617	0.00032834225612590517
65.857627	0.00032835083494775784
65.857627	0.00032835083494775784
65.881501	0.00034698714309258004
65.881501	0.00034698714309258004
65.905501	0.0003632390581289395
65.917595	0.00037065753255390596
65.917595	0.00037065753255390596
65.917595	0.00037065753255390596
65.917595	0.00037065753255390596
65.953573	0.00038887197344093533
65.953573	0.00038887197344093533
65.977623	0.00046153219484625107
65.977623	0.00046153219484625107
65.989502	0.0011357395949653161
65.989502	0.0011357395949653161
65.989502	0.0011357395949653161
66.025501	0.0065393170656654464
66.025501	0.0065393170656654464
66.025501	0.0065393170656654464
66.025501	0.0065393170656654464
66.025501	0.0065393170656654464
66.037596	0.0093040736874445713
66.085501	0.02044190460802257
66.097599	0.022385680324380767
66.097599	0.022385680324380767
66.097599	0.022385680324380767
66.097599	0.022385680324380767
66.097599	0.022385680324380767
66.145502	0.022810656517059071
66.157599	0.022094179807061465
66.157599	0.022094179807061465
66.157599	0.022094179807061465
66.181501	0.020453548255231407
66.193632	0.019586397594622905
66.205501	0.018737776380646231
66.217594	0.017872904814677792
66.217594	0.017872904814677792
66.217594	0.017872904814677792
66.217594	0.017872904814677792
66.217594	0.017872904814677792
66.265501	0.01441030961097443
66.277617	0.013520493334733737
66.277617	0.013520493334733737
66.277617	0.013520493334733737
66.277617	0.013520493334733737
66.277617	0.013520493334733737
66.277617	0.013520493334733737
66.337617	0.0090418987064730012
66.337617	0.0090418987064730012
66.349501	0.0081502524767439223
66.349501	0.0081502524767439223
66.373594	0.0063475202368644991
66.385501	0.0054622419499273716
66.397595	0.0045676131645584067
66.397595	0.0045676131645584067
66.397595	0.0045676131645584067
66.397595	0.0045676131645584067
66.433566	0.0019572139616864529
66.433566	0.0019572139616864529
66.457686	0.00025220853026296057
66.457686	0.00025220853026296057
66.457686	0.00025220853026296057
66.457686	0.00025220853026296057
66.457686	0.00025220853026296057
66.457686	0.00025220853026296057
66.517596	-0.0037551790950266827
66.517596	-0.0037551790950266827
66.517596	-0.0037551790950266827
66.517596	-0.0037551790950266827
66.517596	-0.0037551790950266827
66.517596	-0.0037551790950266827
66.577618	-0.0073581169758231337
66.577618	-0.0073581169758231337
66.577618	-0.0073581169758231337
66.577618	-0.0073581169758231337
66.577618	-0.0073581169758231337
66.577618	-0.0073581169758231337
66.637596	-0.010458382297885623
66.637596	-0.010458382297885623
66.637596	-0.010458382297885623
66.637596	-0.010458382297885623
66.637596	-0.010458382297885623
66.637596	-0.010458382297885623
66.697596	-0.012987090894107524
66.697596	-0.012987090894107524
66.697596	-0.012987090894107524
66.697596	-0.012987090894107524
66.697596	-0.012987090894107524
66.697596	-0.012987090894107524
66.697596	-0.012987090894107524
66.697596	-0.012987090894107524
66.757603	-0.014895091469840034
66.781501	-0.015476646258077095
66.781501	-0.015476646258077095
66.781501	-0.015476646258077095
66.817613	-0.016158150075688597
66.817613	-0.016158150075688597
66.829501	-0.016326791019473038
66.829501	-0.016326791019473038
66.829501	-0.016326791019473038
66.86553	-0.016701066407004524
66.87761	-0.016777667719403373
66.87761	-0.016777667719403373
66.87761	-0.016777667719403373
66.901511	-0.016848907917976601
66.901511	-0.016848907917976601
66.925511	-0.016816591818383457
66.937608	-0.016769060839892085
66.937608	-0.016769060839892085
66.937608	-0.016769060839892085
66.937608	-0.016769060839892085
66.937608	-0.016769060839892085
66.937608	-0.016769060839892085
66.937608	-0.016769060839892085
66.937608	-0.016769060839892085
66.937608	-0.016769060839892085
66.937608	-0.016769060839892085
66.937608	-0.016769060839892085
66.997608	-0.016171951612544949
67.057607	-0.015044974440038291
67.057607	-0.015044974440038291
67.057607	-0.015044974440038291
67.057607	-0.015044974440038291
67.093575	-0.014141600675827351
67.093575	-0.014141600675827351
67.11769	-0.013456815246409235
67.11769	-0.013456815246409235
67.11769	-0.013456815246409235
67.141511	-0.012718875388212819
67.141511	-0.012718875388212819
67.165512	-0.011917865334596635
67.17764	-0.011496754278530877
67.17764	-0.011496754278530877
67.17764	-0.011496754278530877
67.17764	-0.011496754278530877
67.17764	-0.011496754278530877
67.17764	-0.011496754278530877
67.237625	-0.0092506751381682926
67.237625	-0.0092506751381682926
67.237625	-0.0092506751381682926
67.237625	-0.0092506751381682926
67.237625	-0.0092506751381682926
67.237625	-0.0092506751381682926
67.297605	-0.0068124853911117039
67.297605	-0.0068124853911117039
67.297605	-0.0068124853911117039
67.321512	-0.0058080332068046496
67.321512	-0.0058080332068046496
67.321512	-0.0058080332068046496
67.35761	-0.004273980142992035
67.35761	-0.004273980142992035
67.35761	-0.004273980142992035
67.35761	-0.004273980142992035
67.35761	-0.004273980142992035
67.405511	-0.002238656056018919
67.417794	-0.0017214371086643507
67.417794	-0.0017214371086643507
67.417794	-0.0017214371086643507
67.417794	-0.0017214371086643507
67.417794	-0.0017214371086643507
67.417794	-0.0017214371086643507
67.477635	0.00073452751431368041
67.477635	0.00073452751431368041
67.477635	0.00073452751431368041
67.477635	0.00073452751431368041
67.477635	0.00073452751431368041
67.525511	0.0025885286165464672
67.537607	0.0030381377628130929
67.537607	0.0030381377628130929
67.537607	0.0030381377628130929
67.537607	0.0030381377628130929
67.537607	0.0030381377628130929
67.537607	0.0030381377628130929
67.597609	0.0051179094921107778
67.597609	0.0051179094921107778
67.597609	0.0051179094921107778
67.597609	0.0051179094921107778
67.597609	0.0051179094921107778
67.597609	0.0051179094921107778
67.657613	0.0069168115123965186
67.657613	0.0069168115123965186
67.657613	0.0069168115123965186
67.657613	0.0069168115123965186
67.657613	0.0069168115123965186
67.657613	0.0069168115123965186
67.717613	0.0083907232807258134
67.717613	0.0083907232807258134
67.717613	0.0083907232807258134
67.717613	0.0083907232807258134
67.717613	0.0083907232807258134
67.717613	0.0083907232807258134
67.777679	0.0095092481662827685
67.777679	0.0095092481662827685
67.777679	0.0095092481662827685
67.777679	0.0095092481662827685
67.777679	0.0095092481662827685
67.825512	0.010129589805712212
67.837611	0.010250649888179636
67.837611	0.010250649888179636
67.837611	0.010250649888179636
67.837622	0.010250759951896242
67.873626	0.010512142466028935
67.873626	0.010512142466028935
67.897617	0.010615442742363
67.897617	0.010615442742363
67.909602	0.010640709705971805
67.909602	0.010640709705971805
67.909602	0.010640709705971805
67.909602	0.010640709705971805
67.957617	0.010611894561757616
67.957617	0.010611894561757616
67.969534	0.010566432420132377
67.981523	0.010513243668276528
67.993596	0.010439913815062154
67.993596	0.010439913815062154
68.017616	0.010261892269424509
68.017616	0.010261892269424509
68.029522	0.010151185922863279
68.029522	0.010151185922863279
68.029522	0.010151185922863279
68.029522	0.010151185922863279
68.077626	0.0095958994128813504
68.077626	0.0095958994128813504
68.077626	0.0095958994128813504
68.077626	0.0095958994128813504
68.113596	0.0090596279174770655
68.125522	0.0088622232964218409
68.137638	0.0086528056114723133
68.137638	0.0086528056114723133
68.137638	0.0086528056114723133
68.137638	0.0086528056114723133
68.137638	0.0086528056114723133
68.137638	0.0086528056114723133
68.197617	0.0074812584482510684
68.197617	0.0074812584482510684
68.197617	0.0074812584482510684
68.221523	0.0069625947463581132
68.221523	0.0069625947463581132
68.221523	0.0069625947463581132
68.257639	0.0061329486674675969
68.257639	0.0061329486674675969
68.257639	0.0061329486674675969
68.257639	0.0061329486674675969
68.293586	0.0052639447554811754
68.293586	0.0052639447554811754
68.317637	0.0046653852625765796
68.317637	0.0046653852625765796
68.317637	0.0046653852625765796
68.317637	0.0046653852625765796
68.353594	0.0037516154421959719
68.365523	0.0034457342144319785
68.377621	0.0031346647273825328
68.377621	0.0031346647273825328
68.377621	0.0031346647273825328
68.377621	0.0031346647273825328
68.377621	0.0031346647273825328
68.425522	0.0019024370073972782
68.437723	0.001590351638190486
68.437723	0.001590351638190486
68.437723	0.001590351638190486
68.461522	0.00098766686656437028
68.473591	0.00068634610739654739
68.473591	0.00068634610739654739
68.497617	9.4285447407675249e-05
68.497617	9.4285447407675249e-05
68.509523	-0.00019270465872080729
68.521543	-0.00048023763239037444
68.533586	-0.00076191316203318507
68.545522	-0.0010372671387653557
68.557621	-0.0013118850143507351
68.557621	-0.0013118850143507351
68.557621	-0.0013118850143507351
68.557621	-0.0013118850143507351
68.557621	-0.0013118850143507351
68.557621	-0.0013118850143507351
68.617621	-0.0025822507672489748
68.617621	-0.0025822507672489748
68.617621	-0.0025822507672489748
68.617621	-0.0025822507672489748
68.617621	-0.0025822507672489748
68.617621	-0.0025822507672489748
68.677622	-0.0036816505316984104
68.677622	-0.0036816505316984104
68.677622	-0.0036816505316984104
68.677622	-0.0036816505316984104
68.677622	-0.0036816505316984104
68.725522	-0.004418739207822122
68.737624	-0.00458550935821226
68.737624	-0.00458550935821226
68.737624	-0.00458550935821226
68.737624	-0.00458550935821226
68.7736	-0.0050239014592027625
68.785543	-0.0051523481833797959
68.797616	-0.005274085284218852
68.797616	-0.005274085284218852
68.797616	-0.005274085284218852
68.797616	-0.005274085284218852
68.797616	-0.005274085284218852
68.797616	-0.005274085284218852
68.857617	-0.0057357946184476228
68.857628	-0.0057358635452563842
68.857628	-0.0057358635452563842
68.857628	-0.0057358635452563842
68.857628	-0.0057358635452563842
68.905533	-0.0059385363465796846
68.917659	-0.005968428231493658
68.917659	-0.005968428231493658
68.917659	-0.005968428231493658
68.917659	-0.005968428231493658
68.917659	-0.005968428231493658
68.917659	-0.005968428231493658
68.977633	-0.0059780997283378828
68.977633	-0.0059780997283378828
68.977633	-0.0059780997283378828
68.977633	-0.0059780997283378828
68.977633	-0.0059780997283378828
69.025533	-0.0058357308322642661
69.037628	-0.0057814612272613364
69.037628	-0.0057814612272613364
69.049553	-0.0057180031346006251
69.049553	-0.0057180031346006251
69.049553	-0.0057180031346006251
69.049553	-0.0057180031346006251
69.097705	-0.0053969772408609066
69.097705	-0.0053969772408609066
69.109533	-0.0052997308657564716
69.109533	-0.0052997308657564716
69.109533	-0.0052997308657564716
69.109533	-0.0052997308657564716
69.157628	-0.0048495249842170516
69.157628	-0.0048495249842170516
69.157628	-0.0048495249842170516
69.157628	-0.0048495249842170516
69.157628	-0.0048495249842170516
69.205533	-0.0043137185175455076
69.217627	-0.004167880666726134
69.217627	-0.004167880666726134
69.217627	-0.004167880666726134
69.217627	-0.004167880666726134
69.217627	-0.004167880666726134
69.217627	-0.004167880666726134
69.277636	-0.0033861180246943182
69.277636	-0.0033861180246943182
69.289534	-0.0032212963542804568
69.289534	-0.0032212963542804568
69.289534	-0.0032212963542804568
69.289534	-0.0032212963542804568
69.337629	-0.0025349394408896242
69.337629	-0.0025349394408896242
69.349537	-0.0023603713835803268
69.349537	-0.0023603713835803268
69.373607	-0.0020047349158366463
69.373607	-0.0020047349158366463
69.397649	-0.0016470831215767956
69.397649	-0.0016470831215767956
69.397649	-0.0016470831215767956
69.421533	-0.0012917310551868097
69.421533	-0.0012917310551868097
69.445556	-0.00093619323982636622
69.457633	-0.00075840943143592218
69.457633	-0.00075840943143592218
69.457633	-0.00075840943143592218
69.457633	-0.00075840943143592218
69.457633	-0.00075840943143592218
69.505533	-6.6795251912363826e-05
69.51763	0.00010390342911501178
69.51763	0.00010390342911501178
69.51763	0.00010390342911501178
69.51763	0.00010390342911501178
69.51763	0.00010390342911501178
69.565533	0.00075499450207785405
69.57763	0.0009130639743634019
69.57763	0.0009130639743634019
69.57763	0.0009130639743634019
69.57763	0.0009130639743634019
69.57763	0.0009130639743634019
69.57763	0.0009130639743634019
69.63763	0.0016449172165775069
69.63763	0.0016449172165775069
69.63763	0.0016449172165775069
69.661536	0.0019106118167200624
69.673603	0.0020375870715127558
69.685534	0.0021597034476716829
69.697627	0.0022794617608813453
69.697627	0.0022794617608813453
69.697627	0.0022794617608813453
69.721533	0.002501113943453529
69.721533	0.002501113943453529
69.721533	0.002501113943453529
69.757747	0.0028000805860755088
69.757747	0.0028000805860755088
69.757747	0.0028000805860755088
69.757747	0.0028000805860755088
69.79363	0.0030515593297979833
69.79363	0.0030515593297979833
69.817628	0.003195924244505636
69.817628	0.003195924244505636
69.817628	0.003195924244505636
69.841533	0.0033188076020813357
69.841533	0.0033188076020813357
69.841533	0.0033188076020813357
69.877707	0.0034652079444382811
69.877707	0.0034652079444382811
69.877707	0.0034652079444382811
69.901546	0.0035359465721508613
69.901546	0.0035359465721508613
69.901546	0.0035359465721508613
69.937641	0.0036027274933790685
69.937641	0.0036027274933790685
69.949546	0.0036136299151757604
69.949546	0.0036136299151757604
69.973617	0.0036229607214239672
69.985547	0.0036202947066497947
69.997646	0.0036132369374212939
69.997646	0.0036132369374212939
69.997646	0.0036132369374212939
69.997646	0.0036132369374212939
69.997646	0.0036132369374212939
69.997646	0.0036132369374212939
69.997646	0.0036132369374212939
70.057648	0.0035053941071337305
70.069815	0.0034691548357768248
70.081547	0.0034319729886267162
70.081547	0.0034319729886267162
70.081547	0.0034319729886267162
70.11764	0.0032899828351315723
70.11764	0.0032899828351315723
70.11764	0.0032899828351315723
70.11764	0.0032899828351315723
70.11764	0.0032899828351315723
70.11764	0.0032899828351315723
70.177649	0.0029167529587287473
70.177649	0.0029167529587287473
70.177649	0.0029167529587287473
70.201546	0.0011048205572760088
70.21361	-0.00102934981842389
70.225547	-0.0034649658728656517
70.237643	-0.0063111331267530265
70.237643	-0.0063111331267530265
70.237643	-0.0063111331267530265
70.237643	-0.0063111331267530265
70.273629	-0.01529271314791459
70.285617	-0.017809902905656688
70.297646	-0.019839242329852843
70.297646	-0.019839242329852843
70.297646	-0.019839242329852843
70.297646	-0.019839242329852843
70.297646	-0.019839242329852843
70.297646	-0.019839242329852843
70.357643	-0.02006027464745843
70.357643	-0.02006027464745843
70.357643	-0.02006027464745843
70.357643	-0.02006027464745843
70.357643	-0.02006027464745843
70.357643	-0.02006027464745843
70.41771	-0.016395477619565429
70.41771	-0.016395477619565429
70.41771	-0.016395477619565429
70.441546	-0.014915461696228031
70.441546	-0.014915461696228031
70.465547	-0.013405452497742091
70.477649	-0.012635951069159901
70.477649	-0.012635951069159901
70.477649	-0.012635951069159901
70.477649	-0.012635951069159901
70.477649	-0.012635951069159901
70.477649	-0.012635951069159901
70.537643	-0.0087478180526112011
70.537643	-0.0087478180526112011
70.537643	-0.0087478180526112011
70.537643	-0.0087478180526112011
70.537643	-0.0087478180526112011
70.537643	-0.0087478180526112011
70.59764	-0.0061425293159605484
70.59764	-0.0061425293159605484
70.59764	-0.0061425293159605484
70.621546	-0.0085450842051361716
70.633611	-0.01054930532904802
70.645546	-0.012638239840635317
70.657662	-0.014883179230853881
70.657662	-0.014883179230853881
70.657662	-0.014883179230853881
70.657662	-0.014883179230853881
70.693612	-0.020291054349329901
70.693612	-0.020291054349329901
70.717683	-0.020739288829513865
70.717683	-0.020739288829513865
70.717683	-0.020739288829513865
70.717683	-0.020739288829513865
70.717683	-0.020739288829513865
70.717683	-0.020739288829513865
70.717683	-0.020739288829513865
70.717683	-0.020739288829513865
70.717683	-0.020739288829513865
70.777644	-0.014730197167943954
70.813698	-0.012289374402719169
70.813698	-0.012289374402719169
70.837659	-0.012054432865762717
70.837659	-0.012054432865762717
70.84955	-0.012146420911053781
70.861546	-0.012263763883770843
70.861557	-0.012263856196647143
70.885558	-0.012256860661605248
70.897651	-0.011904882864555473
70.897651	-0.011904882864555473
70.897651	-0.011904882864555473
70.897651	-0.011904882864555473
70.897651	-0.011904882864555473
70.897651	-0.011904882864555473
70.957657	-0.0055473824090622233
70.957657	-0.0055473824090622233
70.957657	-0.0055473824090622233
70.957657	-0.0055473824090622233
70.957657	-0.0055473824090622233
71.005558	0.00063375744526469793
71.017678	0.0021369877100507538
71.017678	0.0021369877100507538
71.017678	0.0021369877100507538
71.017678	0.0021369877100507538
71.017678	0.0021369877100507538
71.017678	0.0021369877100507538
71.077724	0.0091029448744714726
71.077724	0.0091029448744714726
71.077724	0.0091029448744714726
71.077724	0.0091029448744714726
71.077724	0.0091029448744714726
71.077724	0.0091029448744714726
71.137652	0.015241369936095952
71.137652	0.015241369936095952
71.137652	0.015241369936095952
71.137652	0.015241369936095952
71.137652	0.015241369936095952
71.137652	0.015241369936095952
71.197654	0.020436927504489825
71.197654	0.020436927504489825
71.197654	0.020436927504489825
71.221557	0.022215708203047874
71.221557	0.022215708203047874
71.221557	0.022215708203047874
71.221557	0.022215708203047874
71.221557	0.022215708203047874
71.221557	0.022215708203047874
71.221557	0.022215708203047874
71.221557	0.022215708203047874
71.257661	0.024563864873819563
71.317688	0.027554365126132456
71.317688	0.027554365126132456
71.317688	0.027554365126132456
71.317688	0.027554365126132456
71.317688	0.027554365126132456
71.317688	0.027554365126132456
71.377736	0.029379026190650515
71.377736	0.029379026190650515
71.377736	0.029379026190650515
71.401557	0.029782264937968355
71.401557	0.029782264937968355
71.401557	0.029782264937968355
71.437654	0.030047228227554082
71.437654	0.030047228227554082
71.44958	0.030037517719647237
71.44958	0.030037517719647237
71.44958	0.030037517719647237
71.44958	0.030037517719647237
71.497652	0.029609028111267002
71.497652	0.029609028111267002
71.497652	0.029609028111267002
71.497652	0.029609028111267002
71.533622	0.028842660272628596
71.533622	0.028842660272628596
71.557655	0.028145848646445711
71.557655	0.028145848646445711
71.557655	0.028145848646445711
71.557655	0.028145848646445711
71.593628	0.026814806585948155
71.60565	0.026304106123626804
71.617655	0.025765090616731642
71.617655	0.025765090616731642
71.617655	0.025765090616731642
71.617655	0.025765090616731642
71.617655	0.025765090616731642
71.617655	0.025765090616731642
71.677661	0.022602673802021387
71.677661	0.022602673802021387
71.677661	0.022602673802021387
71.677661	0.022602673802021387
71.677661	0.022602673802021387
71.677661	0.022602673802021387
71.737735	0.018809540180953748
71.737735	0.018809540180953748
71.737735	0.018809540180953748
71.737735	0.018809540180953748
71.737735	0.018809540180953748
71.737735	0.018809540180953748
71.797654	0.013238692024378749
71.797654	0.013238692024378749
71.797654	0.013238692024378749
71.797654	0.013238692024378749
71.797654	0.013238692024378749
71.797654	0.013238692024378749
71.857657	-0.0040642310611794259
71.857657	-0.0040642310611794259
71.857657	-0.0040642310611794259
71.857669	-0.0040681758892201596
71.857669	-0.0040681758892201596
71.857669	-0.0040681758892201596
71.857669	-0.0040681758892201596
71.857669	-0.0040681758892201596
71.857669	-0.0040681758892201596
71.857669	-0.0040681758892201596
71.857669	-0.0040681758892201596
71.917664	-0.018297909615549404
71.977685	-0.019990164369750683
71.977685	-0.019990164369750683
71.977685	-0.019990164369750683
71.977685	-0.019990164369750683
71.977685	-0.019990164369750683
71.977685	-0.019990164369750683
72.037668	-0.019998715602390655
72.037668	-0.019998715602390655
72.037668	-0.019998715602390655
72.037668	-0.019998715602390655
72.073634	-0.019798156523394519
72.073634	-0.019798156523394519
72.09767	-0.0195578770728525
72.09767	-0.0195578770728525
72.09767	-0.0195578770728525
72.09767	-0.0195578770728525
72.09767	-0.0195578770728525
72.145588	-0.018800661999558873
72.157667	-0.018560068925697362
72.157667	-0.018560068925697362
72.157667	-0.018560068925697362
72.181569	-0.018021006916149579
72.181569	-0.018021006916149579
72.205569	-0.017403993002864566
72.217663	-0.0170714624332804
72.217663	-0.0170714624332804
72.217663	-0.0170714624332804
72.217663	-0.0170714624332804
72.217663	-0.0170714624332804
72.217663	-0.0170714624332804
72.277677	-0.015177524951606923
72.277677	-0.015177524951606923
72.277677	-0.015177524951606923
72.301573	-0.014326175410482717
72.313641	-0.013874917813187984
72.325569	-0.013420472214096415
72.337687	-0.012949016722270099
72.337687	-0.012949016722270099
72.337687	-0.012949016722270099
72.337687	-0.012949016722270099
72.337687	-0.012949016722270099
72.337687	-0.012949016722270099
72.397784	-0.010473245652677403
72.397784	-0.010473245652677403
72.397784	-0.010473245652677403
72.397784	-0.010473245652677403
72.397784	-0.010473245652677403
72.397784	-0.010473245652677403
72.457666	-0.0078549524556315291
72.457666	-0.0078549524556315291
72.457666	-0.0078549524556315291
72.481569	-0.0067901522493633258
72.481569	-0.0067901522493633258
72.505569	-0.0057171921405790964
72.517662	-0.0051765002773375025
72.517662	-0.0051765002773375025
72.517662	-0.0051765002773375025
72.517662	-0.0051765002773375025
72.517662	-0.0051765002773375025
72.517662	-0.0051765002773375025
72.577674	-0.0025301071023576594
72.577674	-0.0025301071023576594
72.577674	-0.0025301071023576594
72.577674	-0.0025301071023576594
72.577674	-0.0025301071023576594
72.577674	-0.0025301071023576594
72.637673	-6.3723116340146406e-06
72.637673	-6.3723116340146406e-06
72.637673	-6.3723116340146406e-06
72.637673	-6.3723116340146406e-06
72.673634	0.0014135128528841028
72.673634	0.0014135128528841028
72.697747	0.0023203156488475775
72.697747	0.0023203156488475775
72.697747	0.0023203156488475775
72.697747	0.0023203156488475775
72.733652	0.0035864978939963679
72.745569	0.0039844579676227669
72.75767	0.0043776087104049751
72.75767	0.0043776087104049751
72.75767	0.0043776087104049751
72.75767	0.0043776087104049751
72.75767	0.0043776087104049751
72.805569	0.0057944391822067091
72.817664	0.0061204872884294201
72.817664	0.0061204872884294201
72.817664	0.0061204872884294201
72.841569	0.0067191227317375622
72.853646	0.0069961890222449722
72.86559	0.0072585235550590042
72.877671	0.0075104379013977629
72.877681	0.0075106464225020257
72.877681	0.0075106464225020257
72.901579	0.0079609916865006694
72.901579	0.0079609916865006694
72.925672	0.0083516259075705514
72.937674	0.0085267874238946564
72.937674	0.0085267874238946564
72.937674	0.0085267874238946564
72.937674	0.0085267874238946564
72.937674	0.0085267874238946564
72.98558	0.009060015674014427
72.997692	0.0091582797899418394
72.997692	0.0091582797899418394
72.997692	0.0091582797899418394
73.021579	0.0093029043534583345
73.021579	0.0093029043534583345
73.021579	0.0093029043534583345
73.057762	0.0094061401283142519
73.057762	0.0094061401283142519
73.057762	0.0094061401283142519
73.057762	0.0094061401283142519
73.057762	0.0094061401283142519
73.105579	0.0093369843511696259
73.117691	0.0092867671536837042
73.117691	0.0092867671536837042
73.117691	0.0092867671536837042
73.117691	0.0092867671536837042
73.117691	0.0092867671536837042
73.165579	0.0089468141076837083
73.177682	0.0088307724454432818
73.177682	0.0088307724454432818
73.177682	0.0088307724454432818
73.177682	0.0088307724454432818
73.213645	0.0084093013716560003
73.225582	0.0082483471949372032
73.237673	0.0080757461211809368
73.237673	0.0080757461211809368
73.237673	0.0080757461211809368
73.2616	0.0077014306112825684
73.2616	0.0077014306112825684
73.28558	0.0072863989359513116
73.297687	0.0070656149420117624
73.297687	0.0070656149420117624
73.297687	0.0070656149420117624
73.297687	0.0070656149420117624
73.297687	0.0070656149420117624
73.345579	0.0061112159542265716
73.357761	0.0058520340658836691
73.357761	0.0058520340658836691
73.357761	0.0058520340658836691
73.381579	0.0053260483784678889
73.381579	0.0053260483784678889
73.405579	0.0047741675311693838
73.417692	0.0044897709634846104
73.417692	0.0044897709634846104
73.417692	0.0044897709634846104
73.417692	0.0044897709634846104
73.417692	0.0044897709634846104
73.417692	0.0044897709634846104
73.477678	0.0030299155816703206
73.477678	0.0030299155816703206
73.477678	0.0030299155816703206
73.501599	0.0024350752495949785
73.513668	0.0021345928588793047
73.525579	0.001838303548428685
73.537676	0.0015376863868071986
73.537676	0.0015376863868071986
73.537676	0.0015376863868071986
73.537676	0.0015376863868071986
73.537676	0.0015376863868071986
73.537676	0.0015376863868071986
73.597698	6.4577246817519238e-05
73.597698	6.4577246817519238e-05
73.597698	6.4577246817519238e-05
73.597698	6.4577246817519238e-05
73.597698	6.4577246817519238e-05
73.597698	6.4577246817519238e-05
73.657677	-0.001341422780804686
73.657677	-0.001341422780804686
73.669579	-0.0016078728716877853
73.669579	-0.0016078728716877853
73.669579	-0.0016078728716877853
73.705579	-0.0023867074814176215
73.717795	-0.0026401488826946679
73.717795	-0.0026401488826946679
73.717795	-0.0026401488826946679
73.717795	-0.0026401488826946679
73.717795	-0.0026401488826946679
73.7656	-0.0035653176722335329
73.777682	-0.0037837360086615101
73.777682	-0.0037837360086615101
73.78958	-0.003989273561771923
73.78958	-0.003989273561771923
73.78958	-0.003989273561771923
73.78958	-0.003989273561771923
73.837687	-0.0047521741602133483
73.837687	-0.0047521741602133483
73.837687	-0.0047521741602133483
73.837687	-0.0047521741602133483
73.837687	-0.0047521741602133483
73.837687	-0.0047521741602133483
73.897703	-0.0055209175563926301
73.897703	-0.0055209175563926301
73.909591	-0.0056457777855577623
73.909591	-0.0056457777855577623
73.909591	-0.0056457777855577623
73.945591	-0.0059769599105542713
73.957689	-0.0060714517977450049
73.957689	-0.0060714517977450049
73.957689	-0.0060714517977450049
73.957689	-0.0060714517977450049
73.957689	-0.0060714517977450049
73.957689	-0.0060714517977450049
73.957689	-0.0060714517977450049
73.957689	-0.0060714517977450049
74.017728	-0.0064007844883291155
74.041591	-0.0064699487445652104
74.041591	-0.0064699487445652104
74.041591	-0.0064699487445652104
74.077703	-0.0065088527618415827
74.077703	-0.0065088527618415827
74.077703	-0.0065088527618415827
74.077703	-0.0065088527618415827
74.077703	-0.0065088527618415827
74.077703	-0.0065088527618415827
74.137686	-0.0064035139112720921
74.137686	-0.0064035139112720921
74.149595	-0.0063568334701872556
74.161611	-0.0063055276619820395
74.161611	-0.0063055276619820395
74.161611	-0.0063055276619820395
74.197685	-0.0061012914255610638
74.197685	-0.0061012914255610638
74.197685	-0.0061012914255610638
74.197685	-0.0061012914255610638
74.233655	-0.0058341860283658096
74.233655	-0.0058341860283658096
74.257693	-0.0056252189467940845
74.257693	-0.0056252189467940845
74.257693	-0.0056252189467940845
74.281595	-0.0053932098581561914
74.281595	-0.0053932098581561914
74.305591	-0.0051371366496405337
74.31771	-0.0050011093079763745
74.31771	-0.0050011093079763745
74.31771	-0.0050011093079763745
74.31771	-0.0050011093079763745
74.31771	-0.0050011093079763745
74.31771	-0.0050011093079763745
74.377761	-0.0042568740949596572
74.377761	-0.0042568740949596572
74.377761	-0.0042568740949596572
74.377761	-0.0042568740949596572
74.377761	-0.0042568740949596572
74.425611	-0.0035967833235280933
74.437687	-0.0034232265029138305
74.437687	-0.0034232265029138305
74.437687	-0.0034232265029138305
74.437687	-0.0034232265029138305
74.437687	-0.0034232265029138305
74.485591	-0.0031591092950541857
74.497693	-0.0037895074502411648
74.497693	-0.0037895074502411648
74.497693	-0.0037895074502411648
74.497693	-0.0037895074502411648
74.497693	-0.0037895074502411648
74.497693	-0.0037895074502411648
74.497693	-0.0037895074502411648
74.497693	-0.0037895074502411648
74.497693	-0.0037895074502411648
74.497693	-0.0037895074502411648
74.557713	-0.014959544596463779
74.605591	-0.02275821412306352
74.617685	-0.023109747887386515
74.617685	-0.023109747887386515
74.617685	-0.023109747887386515
74.617685	-0.023109747887386515
74.617685	-0.023109747887386515
74.617685	-0.023109747887386515
74.677695	-0.01950631973660083
74.677695	-0.01950631973660083
74.677695	-0.01950631973660083
74.677695	-0.01950631973660083
74.677695	-0.01950631973660083
74.725592	-0.015581958825633652
74.737687	-0.014596177467601014
74.737687	-0.014596177467601014
74.737687	-0.014596177467601014
74.737687	-0.014596177467601014
74.737687	-0.014596177467601014
74.737687	-0.014596177467601014
74.797732	-0.0096837881346941539
74.797732	-0.0096837881346941539
74.809725	-0.0087014677647077789
74.821591	-0.0077305101629998266
74.821591	-0.0077305101629998266
74.821591	-0.0077305101629998266
74.85769	-0.0048033796920753276
74.85769	-0.0048033796920753276
74.85769	-0.0048033796920753276
74.85769	-0.0048033796920753276
74.85769	-0.0048033796920753276
74.905682	-0.0010240908329760573
74.917729	-0.00010216378690187542
74.917729	-0.00010216378690187542
74.929623	0.00078956126825468131
74.929623	0.00078956126825468131
74.929623	0.00078956126825468131
74.965604	0.0034068356126040812
74.977703	0.0042559023841505905
74.977703	0.0042559023841505905
74.977703	0.0042559023841505905
74.977703	0.0042559023841505905
74.977703	0.0042559023841505905
74.977703	0.0042559023841505905
74.977703	0.0042559023841505905
74.977703	0.0042559023841505905
74.977703	0.0042559023841505905
74.977703	0.0042559023841505905
74.977703	0.0042559023841505905
75.037782	0.0081753861400562476
75.097697	0.011538136268842682
75.097697	0.011538136268842682
75.097697	0.011538136268842682
75.121603	0.012710943128158054
75.121603	0.012710943128158054
75.145604	0.013778890782737269
75.1577	0.014282682928561358
75.1577	0.014282682928561358
75.1577	0.014282682928561358
75.181603	0.015190025753283628
75.181603	0.015190025753283628
75.181603	0.015190025753283628
75.217698	0.016349892033313863
75.217698	0.016349892033313863
75.217698	0.016349892033313863
75.217698	0.016349892033313863
75.217698	0.016349892033313863
75.217698	0.016349892033313863
75.277703	0.017715083833941273
75.277703	0.017715083833941273
75.277703	0.017715083833941273
75.277703	0.017715083833941273
75.277703	0.017715083833941273
75.277703	0.017715083833941273
75.337703	0.018372294336788646
75.337703	0.018372294336788646
75.337703	0.018372294336788646
75.361604	0.018441832530566096
75.373668	0.018430111974556802
75.385603	0.018398091088438186
75.397698	0.01834224826259722
75.397698	0.01834224826259722
75.397698	0.01834224826259722
75.397698	0.01834224826259722
75.433736	0.018009378990753867
75.433736	0.018009378990753867
75.457718	0.017671735435718074
75.457718	0.017671735435718074
75.457718	0.017671735435718074
75.457718	0.017671735435718074
75.457718	0.017671735435718074
75.457718	0.017671735435718074
75.517697	0.016418730023328998
75.517697	0.016418730023328998
75.517697	0.016418730023328998
75.517697	0.016418730023328998
75.517697	0.016418730023328998
75.517697	0.016418730023328998
75.577711	0.01465915866881025
75.577711	0.01465915866881025
75.577711	0.01465915866881025
75.577711	0.01465915866881025
75.577711	0.01465915866881025
75.577711	0.01465915866881025
75.637698	0.012488494780760917
75.637698	0.012488494780760917
75.637698	0.012488494780760917
75.637698	0.012488494780760917
75.637698	0.012488494780760917
75.637698	0.012488494780760917
75.69779	0.0099992130203117157
75.69779	0.0099992130203117157
75.709603	0.0094800692657749479
75.709603	0.0094800692657749479
75.709603	0.0094800692657749479
75.745603	0.0078614069188113721
75.7577	0.0073062380124133434
75.7577	0.0073062380124133434
75.769604	0.0067543261894974088
75.769604	0.0067543261894974088
75.769604	0.0067543261894974088
75.769604	0.0067543261894974088
75.817704	0.0045023016833159787
75.817704	0.0045023016833159787
75.82969	0.0039390950004738485
75.841603	0.0033796316474086663
75.841603	0.0033796316474086663
75.841603	0.0033796316474086663
75.8777	0.0017121333940470461
75.8777	0.0017121333940470461
75.8777	0.0017121333940470461
75.877714	0.0017114955834478134
75.913712	0.00099353153165610605
75.913712	0.00099353153165610605
75.937713	0.0011948026452714966
75.937713	0.0011948026452714966
75.937713	0.0011948026452714966
75.937713	0.0011948026452714966
75.937713	0.0011948026452714966
75.937713	0.0011948026452714966
75.997797	0.0019163172740213283
75.997797	0.0019163172740213283
75.997797	0.0019163172740213283
76.021618	0.0012826688548666428
76.021618	0.0012826688548666428
76.045617	0.00018210616757919983
76.045617	0.00018210616757919983
76.045617	0.00018210616757919983
76.045617	0.00018210616757919983
76.045617	0.00018210616757919983
76.045617	0.00018210616757919983
76.057717	-0.00043153052903791451
76.117713	-0.0034303753083135707
76.117713	-0.0034303753083135707
76.117713	-0.0034303753083135707
76.141618	-0.004533133712183831
76.153686	-0.005065678542466037
76.153686	-0.005065678542466037
76.177734	-0.0060922917317720437
76.177734	-0.0060922917317720437
76.189617	-0.0065738904798860872
76.189617	-0.0065738904798860872
76.189617	-0.0065738904798860872
76.189617	-0.0065738904798860872
76.237715	-0.0083838245741063074
76.237715	-0.0083838245741063074
76.237715	-0.0083838245741063074
76.237715	-0.0083838245741063074
76.237715	-0.0083838245741063074
76.285625	-0.0099143453570133371
76.285625	-0.0099143453570133371
76.285625	-0.0099143453570133371
76.297711	-0.010258384253152921
76.321618	-0.010877529314763166
76.321618	-0.010877529314763166
76.321618	-0.010877529314763166
76.357805	-0.01166924330446269
76.357805	-0.01166924330446269
76.369618	-0.011886391529127883
76.369618	-0.011886391529127883
76.369618	-0.011886391529127883
76.369618	-0.011886391529127883
76.369618	-0.011886391529127883
76.417731	-0.012598463536991077
76.429917	-0.012724582681082262
76.441618	-0.012835591167105708
76.441618	-0.012835591167105708
76.441618	-0.012835591167105708
76.477716	-0.013049722707693579
76.477716	-0.013049722707693579
76.477716	-0.013049722707693579
76.477716	-0.013049722707693579
76.513689	-0.01309295536482003
76.513689	-0.01309295536482003
76.537716	-0.013035639389714686
76.537716	-0.013035639389714686
76.537716	-0.013035639389714686
76.537716	-0.013035639389714686
76.537716	-0.013035639389714686
76.585617	-0.012707015996909208
76.597719	-0.01258501021578926
76.597719	-0.01258501021578926
76.597719	-0.01258501021578926
76.597719	-0.01258501021578926
76.633686	-0.012119027327716874
76.633686	-0.012119027327716874
76.657718	-0.011737629317334648
76.657718	-0.011737629317334648
76.657718	-0.011737629317334648
76.657718	-0.011737629317334648
76.657718	-0.011737629317334648
76.657718	-0.011737629317334648
76.717713	-0.010549065919563172
76.717713	-0.010549065919563172
76.717713	-0.010549065919563172
76.717713	-0.010549065919563172
76.717713	-0.010549065919563172
76.765617	-0.0093947080546269678
76.777714	-0.0090804313665766336
76.777714	-0.0090804313665766336
76.777714	-0.0090804313665766336
76.777714	-0.0090804313665766336
76.777714	-0.0090804313665766336
76.825618	-0.0077486843720212233
76.837718	-0.0073955824900876566
76.837718	-0.0073955824900876566
76.849617	-0.0070407315196563134
76.849617	-0.0070407315196563134
76.849617	-0.0070407315196563134
76.849617	-0.0070407315196563134
76.897714	-0.0042923831038364467
76.897714	-0.0042923831038364467
76.897725	-0.0042912935930297302
76.897725	-0.0042912935930297302
76.897725	-0.0042912935930297302
76.945629	0.0064949511278829496
76.957729	0.0097822818748525761
76.957729	0.0097822818748525761
76.957729	0.0097822818748525761
76.957729	0.0097822818748525761
76.957729	0.0097822818748525761
76.957729	0.0097822818748525761
77.017816	0.020816901747475788
77.017816	0.020816901747475788
77.017816	0.020816901747475788
77.017816	0.020816901747475788
77.053707	0.020731485980473977
77.053707	0.020731485980473977
77.077725	0.019914791169617523
77.077725	0.019914791169617523
77.089635	0.019453057081202804
77.101629	0.018981179158206445
77.101629	0.018981179158206445
77.125629	0.018015438786017034
77.137755	0.017517480080848382
77.137755	0.017517480080848382
77.137755	0.017517480080848382
77.137755	0.017517480080848382
77.173693	0.015977614680995591
77.173693	0.015977614680995591
77.197728	0.015289725092879897
77.197728	0.015289725092879897
77.209628	0.015315046736327517
77.209628	0.015315046736327517
77.209628	0.015315046736327517
77.245628	0.016100423793289076
77.257725	0.016478357342727609
77.257725	0.016478357342727609
77.257725	0.016478357342727609
77.281728	0.017106849824616511
77.281728	0.017106849824616511
77.305628	0.016905998648744223
77.317751	0.016447444031485375
77.317751	0.016447444031485375
77.329628	0.01576484175521942
77.329628	0.01576484175521942
77.353714	0.014121140783033233
77.353714	0.014121140783033233
77.377738	0.012308869046660531
77.377738	0.012308869046660531
77.377738	0.012308869046660531
77.377738	0.012308869046660531
77.377738	0.012308869046660531
77.425628	0.008650071215803851
77.437723	0.00773409894908683
77.437723	0.00773409894908683
77.449632	0.0068376793839935411
77.461628	0.0059371274821769489
77.461628	0.0059371274821769489
77.461628	0.0059371274821769489
77.497743	0.0032631233026608939
77.497743	0.0032631233026608939
77.497743	0.0032631233026608939
77.497743	0.0032631233026608939
77.497743	0.0032631233026608939
77.545715	-0.00016987364931510593
77.557729	-0.001003941004350339
77.557729	-0.001003941004350339
77.569631	-0.0018122385956487047
77.581708	-0.0026245029398740266
77.59371	-0.0034099280402160067
77.59371	-0.0034099280402160067
77.617722	-0.0049399005803983558
77.617722	-0.0049399005803983558
77.617722	-0.0049399005803983558
77.617722	-0.0049399005803983558
77.617722	-0.0049399005803983558
77.617722	-0.0049399005803983558
77.677833	-0.008436251587448448
77.677833	-0.008436251587448448
77.677833	-0.008436251587448448
77.677833	-0.008436251587448448
77.677833	-0.008436251587448448
77.677833	-0.008436251587448448
77.737734	-0.011388438196920734
77.737734	-0.011388438196920734
77.737734	-0.011388438196920734
77.737734	-0.011388438196920734
77.773708	-0.012921460518989233
77.773708	-0.012921460518989233
77.797726	-0.015003806259572242
77.797726	-0.015003806259572242
77.809715	-0.017135853841004751
77.809715	-0.017135853841004751
77.809715	-0.017135853841004751
77.809715	-0.017135853841004751
77.857755	-0.028736558299520105
77.857755	-0.028736558299520105
77.857755	-0.028736558299520105
77.881651	-0.034426808928826144
77.881651	-0.034426808928826144
77.881651	-0.034426808928826144
77.917738	-0.034317019174942329
77.917751	-0.034315574331955458
77.917751	-0.034315574331955458
77.917751	-0.034315574331955458
77.917751	-0.034315574331955458
77.965641	-0.021589503104579848
77.97774	-0.01794401807220199
77.97774	-0.01794401807220199
77.97774	-0.01794401807220199
78.001642	-0.012484766700545135
78.013704	-0.011063224624406572
78.013704	-0.011063224624406572
78.037735	-0.0094555849417456202
78.037735	-0.0094555849417456202
78.037735	-0.0094555849417456202
78.037735	-0.0094555849417456202
78.037735	-0.0094555849417456202
78.037735	-0.0094555849417456202
78.097743	-0.0083548034662295975
78.097743	-0.0083548034662295975
78.109648	-0.0081289413673819675
78.121641	-0.007889333342915859
78.133705	-0.0076200643946474781
78.133705	-0.0076200643946474781
78.15774	-0.0070510681308754838
78.15774	-0.0070510681308754838
78.15774	-0.0070510681308754838
78.15774	-0.0070510681308754838
78.15774	-0.0070510681308754838
78.15774	-0.0070510681308754838
78.217739	-0.0054881646107526657
78.217739	-0.0054881646107526657
78.229745	-0.005160581156943349
78.229745	-0.005160581156943349
78.253719	-0.0044971829037864942
78.253719	-0.0044971829037864942
78.277748	-0.0038592626059741138
78.277748	-0.0038592626059741138
78.277748	-0.0038592626059741138
78.277748	-0.0038592626059741138
78.313724	-0.0028528661417733989
78.325642	-0.0025087844259427811
78.337828	-0.0021540707663410224
78.337828	-0.0021540707663410224
78.337828	-0.0021540707663410224
78.337828	-0.0021540707663410224
78.337828	-0.0021540707663410224
78.385641	-0.00076862468144936805
78.397741	-0.0004209273893764808
78.397741	-0.0004209273893764808
78.409642	-8.1552371422471427e-05
78.409642	-8.1552371422471427e-05
78.409642	-8.1552371422471427e-05
78.445641	0.00092894236734552855
78.457739	0.0012613331275651359
78.457739	0.0012613331275651359
78.457739	0.0012613331275651359
78.457739	0.0012613331275651359
78.457739	0.0012613331275651359
78.457739	0.0012613331275651359
78.517748	0.0028144407101043057
78.517748	0.0028144407101043057
78.517748	0.0028144407101043057
78.517748	0.0028144407101043057
78.517748	0.0028144407101043057
78.565642	0.0039413758654703356
78.577737	0.0042049995694823563
78.577737	0.0042049995694823563
78.577737	0.0042049995694823563
78.577737	0.0042049995694823563
78.613707	0.0049412725428189903
78.625641	0.0051697183098218472
78.637822	0.0053950792115596375
78.637822	0.0053950792115596375
78.637822	0.0053950792115596375
78.637822	0.0053950792115596375
78.637822	0.0053950792115596375
78.637822	0.0053950792115596375
78.637822	0.0053950792115596375
78.637822	0.0053950792115596375
78.637822	0.0053950792115596375
78.637822	0.0053950792115596375
78.637822	0.0053950792115596375
78.697754	0.0063418598876308864
78.757759	0.0070456151359703694
78.757759	0.0070456151359703694
78.769737	0.0072041428120157621
78.781642	0.0074754439302545418
78.781642	0.0074754439302545418
78.781642	0.0074754439302545418
78.817735	0.012055685988026352
78.817735	0.012055685988026352
78.817735	0.012055685988026352
78.817735	0.012055685988026352
78.817735	0.012055685988026352
78.817735	0.012055685988026352
78.877751	0.026440504867421014
78.877751	0.026440504867421014
78.889641	0.028541126621253753
78.889641	0.028541126621253753
78.913714	0.030822236509096233
78.925675	0.030931338930045685
78.937753	0.030570548409352475
78.937753	0.030570548409352475
78.949655	0.029891476550794806
78.949655	0.029891476550794806
78.949655	0.029891476550794806
78.949655	0.029891476550794806
78.997838	0.026342405503847727
78.997838	0.026342405503847727
78.997838	0.026342405503847727
78.997838	0.026342405503847727
78.997838	0.026342405503847727
78.997838	0.026342405503847727
79.057772	0.021509763650848935
79.057772	0.021509763650848935
79.069655	0.020511938450385962
79.081655	0.019497272643062207
79.081655	0.019497272643062207
79.105654	0.017426150344131145
79.117759	0.016369292602424378
79.117759	0.016369292602424378
79.117759	0.016369292602424378
79.141654	0.014260265624028358
79.153722	0.013186389529220605
79.165658	0.012110917504828627
79.177752	0.011006209193219721
79.177752	0.011006209193219721
79.177752	0.011006209193219721
79.177752	0.011006209193219721
79.177752	0.011006209193219721
79.177752	0.011006209193219721
79.237748	0.0056448688996922633
79.237748	0.0056448688996922633
79.237748	0.0056448688996922633
79.237748	0.0056448688996922633
79.237748	0.0056448688996922633
79.285655	0.0015556941831068225
79.297752	0.00054878249996202907
79.297752	0.00054878249996202907
79.297752	0.00054878249996202907
79.297752	0.00054878249996202907
79.33372	-0.0023701035587092778
79.345691	-0.0033126907948948653
79.357752	-0.0042475507581659893
79.357752	-0.0042475507581659893
79.369655	-0.0051620991407993972
79.369655	-0.0051620991407993972
79.369655	-0.0051620991407993972
79.369655	-0.0051620991407993972
79.369655	-0.0051620991407993972
79.369655	-0.0051620991407993972
79.41775	-0.010845313103289692
79.441654	-0.0151279276773344
79.441654	-0.0151279276773344
79.465654	-0.019577741299521452
79.477752	-0.021752572351126917
79.477752	-0.021752572351126917
79.489662	-0.023466741106991543
79.501655	-0.024990084677055834
79.513744	-0.025878574444721636
79.513744	-0.025878574444721636
79.537757	-0.026922389496727015
79.537757	-0.026922389496727015
79.537757	-0.026922389496727015
79.537757	-0.026922389496727015
79.57372	-0.027288253588566111
79.585655	-0.027295272912602017
79.597782	-0.027269003963425961
79.597782	-0.027269003963425961
79.597782	-0.027269003963425961
79.597782	-0.027269003963425961
79.597782	-0.027269003963425961
79.597782	-0.027269003963425961
79.657834	-0.026637374132836924
79.657834	-0.026637374132836924
79.657834	-0.026637374132836924
79.657834	-0.026637374132836924
79.657834	-0.026637374132836924
79.657834	-0.026637374132836924
79.717782	-0.025169291767214795
79.717782	-0.025169291767214795
79.717782	-0.025169291767214795
79.741654	-0.024364711764480611
79.741654	-0.024364711764480611
79.765654	-0.023433847961794832
79.777768	-0.022928547981489626
79.777768	-0.022928547981489626
79.777768	-0.022928547981489626
79.777768	-0.022928547981489626
79.777768	-0.022928547981489626
79.777768	-0.022928547981489626
79.837753	-0.020047877272601988
79.837753	-0.020047877272601988
79.837753	-0.020047877272601988
79.837753	-0.020047877272601988
79.837753	-0.020047877272601988
79.837753	-0.020047877272601988
79.897769	-0.016007085051459698
79.897769	-0.016007085051459698
79.897769	-0.016007085051459698
79.897781	-0.016005958722969952
79.897781	-0.016005958722969952
79.897781	-0.016005958722969952
79.957769	-0.0059810269903056426
79.957769	-0.0059810269903056426
79.957769	-0.0059810269903056426
79.981667	-0.0016000930228184135
79.993739	0.00017051712537676064
79.993739	0.00017051712537676064
80.017762	0.0026816920577957632
80.017762	0.0026816920577957632
80.017762	0.0026816920577957632
80.041687	0.0040241674669809638
80.041687	0.0040241674669809638
80.041687	0.0040241674669809638
80.077781	0.0053153329586591285
80.077781	0.0053153329586591285
80.077781	0.0053153329586591285
80.077781	0.0053153329586591285
80.077781	0.0053153329586591285
80.077781	0.0053153329586591285
80.137767	0.0093497097859130303
80.137767	0.0093497097859130303
80.137767	0.0093497097859130303
80.137767	0.0093497097859130303
80.137767	0.0093497097859130303
80.137767	0.0093497097859130303
80.197764	0.014193751609994396
80.197764	0.014193751609994396
80.209667	0.014664032430596318
80.209667	0.014664032430596318
80.233733	0.01520235960568873
80.233733	0.01520235960568873
80.257774	0.015353601522534019
80.257774	0.015353601522534019
80.257774	0.015353601522534019
80.281667	0.015334817646609648
80.281667	0.015334817646609648
80.305687	0.015236067207238241
80.317854	0.015166607090251555
80.317854	0.015166607090251555
80.317854	0.015166607090251555
80.317854	0.015166607090251555
80.317854	0.015166607090251555
80.317854	0.015166607090251555
80.377776	0.014568886762547905
80.377776	0.014568886762547905
80.377776	0.014568886762547905
80.401666	0.014214612205034487
80.401666	0.014214612205034487
80.425667	0.013791729296223769
80.437779	0.013558684236810174
80.437779	0.013558684236810174
80.437779	0.013558684236810174
80.461666	0.013052432580849977
80.461666	0.013052432580849977
80.461666	0.013052432580849977
80.497759	0.012186090979554266
80.497759	0.012186090979554266
80.497759	0.012186090979554266
80.521666	0.011552957181639886
80.521666	0.011552957181639886
80.521666	0.011552957181639886
80.557763	0.010516869055424646
80.557763	0.010516869055424646
80.557763	0.010516869055424646
80.557763	0.010516869055424646
80.557763	0.010516869055424646
80.557763	0.010516869055424646
80.557763	0.010516869055424646
80.557763	0.010516869055424646
80.557763	0.010516869055424646
80.557763	0.010516869055424646
80.617842	0.0086213883574539612
80.665666	0.0070019789787532979
80.665666	0.0070019789787532979
80.665666	0.0070019789787532979
80.665666	0.0070019789787532979
80.665666	0.0070019789787532979
80.665666	0.0070019789787532979
80.677762	0.0065827735717759652
80.737761	0.0044691591389471189
80.737761	0.0044691591389471189
80.737761	0.0044691591389471189
80.737761	0.0044691591389471189
80.737761	0.0044691591389471189
80.785667	0.0027807009769140528
80.797764	0.0023586385594912946
80.797764	0.0023586385594912946
80.797764	0.0023586385594912946
80.821667	0.0015349281581873693
80.821667	0.0015349281581873693
80.821667	0.0015349281581873693
80.857767	0.0003229063809104993
80.857767	0.0003229063809104993
80.857767	0.0003229063809104993
80.857767	0.0003229063809104993
80.857767	0.0003229063809104993
80.857767	0.0003229063809104993
80.91776	-0.0015756067661158908
80.92968	-0.0019302259070177355
80.92968	-0.0019302259070177355
80.941681	-0.0022828872717112004
80.941681	-0.0022828872717112004
80.941681	-0.0022828872717112004
80.977863	-0.0032874604108562994
80.977863	-0.0032874604108562994
80.977863	-0.0032874604108562994
80.977863	-0.0032874604108562994
81.013751	-0.004197651898955458
81.025681	-0.0044809003089988459
81.037797	-0.0047593699169073472
81.037797	-0.0047593699169073472
81.037797	-0.0047593699169073472
81.06168	-0.0052729132130677359
81.06168	-0.0052729132130677359
81.08568	-0.0057416386039548361
81.097776	-0.0059630292932176298
81.097776	-0.0059630292932176298
81.097776	-0.0059630292932176298
81.097776	-0.0059630292932176298
81.097776	-0.0059630292932176298
81.097776	-0.0059630292932176298
81.157787	-0.0068734287714917845
81.157787	-0.0068734287714917845
81.1697	-0.0070155019241059866
81.18168	-0.0071517626695386484
81.18168	-0.0071517626695386484
81.18168	-0.0071517626695386484
81.18168	-0.0071517626695386484
81.18168	-0.0071517626695386484
81.18168	-0.0071517626695386484
81.18168	-0.0071517626695386484
81.18168	-0.0071517626695386484
81.18168	-0.0071517626695386484
81.18168	-0.0071517626695386484
81.18168	-0.0071517626695386484
81.217775	-0.0074799839477096893
81.277821	-0.0077842023500049205
81.313766	-0.0078227394412204079
81.325681	-0.0078137312659745922
81.337776	-0.0077946787089515461
81.337776	-0.0077946787089515461
81.349681	-0.0077610832102870883
81.361681	-0.0077143388552400414
81.373814	-0.0076084616236772352
81.38568	-0.0073173985116466219
81.397781	-0.0068123059817138537
81.397781	-0.0068123059817138537
81.397781	-0.0068123059817138537
81.397781	-0.0068123059817138537
81.397781	-0.0068123059817138537
81.397781	-0.0068123059817138537
81.457778	-3.9358951781374388e-05
81.457778	-3.9358951781374388e-05
81.457778	-3.9358951781374388e-05
81.481688	0.0030369618958859821
81.493747	0.0041489559274039862
81.493747	0.0041489559274039862
81.517776	0.0053628926409274042
81.517776	0.0053628926409274042
81.517776	0.0053628926409274042
81.517776	0.0053628926409274042
81.553752	0.0052640305700677979
81.565681	0.0050720503465878286
81.577797	0.0048521610580266987
81.577797	0.0048521610580266987
81.577797	0.0048521610580266987
81.601701	0.0044110315824149099
81.601701	0.0044110315824149099
81.62568	0.0039831054573518879
81.637854	0.003769901997825501
81.637854	0.003769901997825501
81.637854	0.003769901997825501
81.637854	0.003769901997825501
81.637854	0.003769901997825501
81.637854	0.003769901997825501
81.697775	0.0027404693221683
81.697775	0.0027404693221683
81.70974	0.0025339956726733431
81.70974	0.0025339956726733431
81.70974	0.0025339956726733431
81.70974	0.0025339956726733431
81.757777	0.0017080981902473373
81.757777	0.0017080981902473373
81.76976	0.0015438609072093994
81.76976	0.0015438609072093994
81.76976	0.0015438609072093994
81.76976	0.0015438609072093994
81.817776	0.0052020701229456472
81.817776	0.0052020701229456472
81.829681	0.0075979856226734447
81.829681	0.0075979856226734447
81.829681	0.0075979856226734447
81.865717	0.015677646975271214
81.877783	0.018379160171338872
81.877783	0.018379160171338872
81.877783	0.018379160171338872
81.901751	0.021849926884052389
81.901751	0.021849926884052389
81.901751	0.021849926884052389
81.937825	0.02170950039607886
81.937825	0.02170950039607886
81.937825	0.02170950039607886
81.937825	0.02170950039607886
81.973758	0.019084383152052034
81.985693	0.018114241931248949
81.997807	0.017120725315402024
81.997807	0.017120725315402024
81.997807	0.017120725315402024
81.997807	0.017120725315402024
81.997807	0.017120725315402024
81.997807	0.017120725315402024
82.057791	0.012256794600355904
82.057791	0.012256794600355904
82.069696	0.011276727748862994
82.081693	0.010286707272995159
82.093798	0.0092980015757328609
82.093798	0.0092980015757328609
82.117788	0.007352012691119009
82.117788	0.007352012691119009
82.129712	0.0063951167702202992
82.129712	0.0063951167702202992
82.129712	0.0063951167702202992
82.129712	0.0063951167702202992
82.129712	0.0063951167702202992
82.129712	0.0063951167702202992
82.177791	0.0026048888514689098
82.201696	0.00078163751534986387
82.213756	-0.00011572797116289569
82.225692	-0.00099220245810735432
82.237787	-0.0018673865070806101
82.237787	-0.0018673865070806101
82.237787	-0.0018673865070806101
82.261721	-0.003546353323335279
82.261721	-0.003546353323335279
82.261721	-0.003546353323335279
82.297905	-0.0059481548310649683
82.297905	-0.0059481548310649683
82.309692	-0.0066875270767804149
82.309692	-0.0066875270767804149
82.309692	-0.0066875270767804149
82.345693	-0.0088327237711166139
82.357796	-0.0095113196726236433
82.357796	-0.0095113196726236433
82.369693	-0.010146329458598318
82.369693	-0.010146329458598318
82.369693	-0.010146329458598318
82.369693	-0.010146329458598318
82.417796	-0.012493271507221668
82.417796	-0.012493271507221668
82.417796	-0.012493271507221668
82.417796	-0.012493271507221668
82.417796	-0.012493271507221668
82.417796	-0.012493271507221668
82.477798	-0.014827260266656522
82.477798	-0.014827260266656522
82.489712	-0.01520388666142943
82.501693	-0.015567679393422431
82.501693	-0.015567679393422431
82.525693	-0.016195271296069159
82.537787	-0.016475800291481491
82.537787	-0.016475800291481491
82.537787	-0.016475800291481491
82.537787	-0.016475800291481491
82.537787	-0.016475800291481491
82.537787	-0.016475800291481491
82.597867	-0.017428602590591778
82.597867	-0.017428602590591778
82.597867	-0.017428602590591778
82.621713	-0.017616450464336967
82.621713	-0.017616450464336967
82.621713	-0.017616450464336967
82.657809	-0.017697439103339863
82.657809	-0.017697439103339863
82.657809	-0.017697439103339863
82.657809	-0.017697439103339863
82.657809	-0.017697439103339863
82.657809	-0.017697439103339863
82.717786	-0.017317910203038151
82.717786	-0.017317910203038151
82.717786	-0.017317910203038151
82.717786	-0.017317910203038151
82.753781	-0.016797906187641404
82.765693	-0.01658254896997035
82.777791	-0.016344486072837755
82.777791	-0.016344486072837755
82.777791	-0.016344486072837755
82.80176	-0.015804678861758306
82.80176	-0.015804678861758306
82.80176	-0.015804678861758306
82.837791	-0.014845356427188901
82.837791	-0.014845356427188901
82.837791	-0.014845356427188901
82.837791	-0.014845356427188901
82.837791	-0.014845356427188901
82.885713	-0.013323671811014074
82.897788	-0.012903960118586954
82.897788	-0.012903960118586954
82.897788	-0.012903960118586954
82.897788	-0.012903960118586954
82.897788	-0.012903960118586954
82.945705	-0.011098877549127573
82.95787	-0.010613141902175379
82.95787	-0.010613141902175379
82.95787	-0.010613141902175379
82.981705	-0.009629582706674621
82.981705	-0.009629582706674621
83.005705	-0.0086050739694521813
83.017817	-0.0080792731110566479
83.017817	-0.0080792731110566479
83.017817	-0.0080792731110566479
83.017817	-0.0080792731110566479
83.053779	-0.0064831449449132264
83.065705	-0.0059462007143096986
83.077821	-0.0053979132373495444
83.077821	-0.0053979132373495444
83.077821	-0.0053979132373495444
83.077821	-0.0053979132373495444
83.077821	-0.0053979132373495444
83.125708	-0.0032192678139136787
83.137799	-0.0026700007660975045
83.137799	-0.0026700007660975045
83.137799	-0.0026700007660975045
83.137799	-0.0026700007660975045
83.137799	-0.0026700007660975045
83.137799	-0.0026700007660975045
83.1978	1.2215475238784189e-05
83.1978	1.2215475238784189e-05
83.1978	1.2215475238784189e-05
83.1978	1.2215475238784189e-05
83.233771	0.0015594706799801907
83.233771	0.0015594706799801907
83.25786	0.0025618543501507579
83.25786	0.0025618543501507579
83.25786	0.0025618543501507579
83.25786	0.0025618543501507579
83.25786	0.0025618543501507579
83.305704	0.0044412413819986379
83.317817	0.0048926369685430796
83.317817	0.0048926369685430796
83.317817	0.0048926369685430796
83.317817	0.0048926369685430796
83.317817	0.0048926369685430796
83.317817	0.0048926369685430796
83.377799	0.0069404820482897919
83.377799	0.0069404820482897919
83.389708	0.0073060799343799276
83.401705	0.0076669175463787657
83.413787	0.0080100825445398108
83.413787	0.0080100825445398108
83.437803	0.0086563366972739666
83.437803	0.0086563366972739666
83.437803	0.0086563366972739666
83.437803	0.0086563366972739666
83.473775	0.0095064428051403072
83.473775	0.0095064428051403072
83.497803	0.010000720348033374
83.497803	0.010000720348033374
83.497803	0.010000720348033374
83.521708	0.010426253405847916
83.521708	0.010426253405847916
83.545716	0.010785565694202645
83.557801	0.010945703942825251
83.557801	0.010945703942825251
83.557801	0.010945703942825251
83.557801	0.010945703942825251
83.557801	0.010945703942825251
83.557801	0.010945703942825251
83.617869	0.011485106444938265
83.617869	0.011485106444938265
83.617869	0.011485106444938265
83.617869	0.011485106444938265
83.617869	0.011485106444938265
83.665705	0.011623339907887262
83.677823	0.011621741267655524
83.677823	0.011621741267655524
83.677823	0.011621741267655524
83.677823	0.011621741267655524
83.677823	0.011621741267655524
83.725704	0.011452008983329679
83.7378	0.011374511661991354
83.7378	0.011374511661991354
83.7378	0.011374511661991354
83.7378	0.011374511661991354
83.773787	0.011051801272008683
83.773787	0.011051801272008683
83.797798	0.010773243635141178
83.797798	0.010773243635141178
83.809782	0.010611419077906487
83.809782	0.010611419077906487
83.809782	0.010611419077906487
83.845705	0.010063316704240795
83.857801	0.0098572257613280378
83.857801	0.0098572257613280378
83.857801	0.0098572257613280378
83.857801	0.0098572257613280378
83.857801	0.0098572257613280378
83.857801	0.0098572257613280378
83.917844	0.0086752826182449408
83.917844	0.0086752826182449408
83.917844	0.0086752826182449408
83.917857	0.0086750077741820242
83.917857	0.0086750077741820242
83.965718	0.0075777358666644151
83.977813	0.0072840157002462781
83.977813	0.0072840157002462781
83.977813	0.0072840157002462781
83.977813	0.0072840157002462781
83.977813	0.0072840157002462781
83.977813	0.0072840157002462781
84.037831	0.0057405854019582309
84.037831	0.0057405854019582309
84.049799	0.0054194463339695209
84.049799	0.0054194463339695209
84.049799	0.0054194463339695209
84.085717	0.0044412820270747482
84.097812	0.004107651257564111
84.097812	0.004107651257564111
84.097812	0.004107651257564111
84.121718	0.0034437905156342354
84.133779	0.0031078906604878865
84.133779	0.0031078906604878865
84.15784	0.0024388912083374882
84.15784	0.0024388912083374882
84.15784	0.0024388912083374882
84.15784	0.0024388912083374882
84.15784	0.0024388912083374882
84.205718	0.0011254528403797062
84.217814	0.00079903293571392678
84.217814	0.00079903293571392678
84.229718	0.00048231842346313221
84.229718	0.00048231842346313221
84.253792	-0.00014828917571781602
84.253792	-0.00014828917571781602
84.277901	-0.00076208887023236931
84.277901	-0.00076208887023236931
84.277901	-0.00076208887023236931
84.301738	-0.0013472637336869415
84.301738	-0.0013472637336869415
84.301738	-0.0013472637336869415
84.33783	-0.0021873216873297212
84.33783	-0.0021873216873297212
84.349729	-0.0024494176094356441
84.361718	-0.0027095975366005004
84.361718	-0.0027095975366005004
84.385718	-0.0032030533744693036
84.39781	-0.0034418125335575508
84.39781	-0.0034418125335575508
84.39781	-0.0034418125335575508
84.39781	-0.0034418125335575508
84.39781	-0.0034418125335575508
84.39781	-0.0034418125335575508
84.457843	-0.004496528263615681
84.457843	-0.004496528263615681
84.457843	-0.004496528263615681
84.457843	-0.004496528263615681
84.457843	-0.004496528263615681
84.457843	-0.004496528263615681
84.517814	-0.0053239640236293403
84.517814	-0.0053239640236293403
84.529717	-0.0054579463141180354
84.541788	-0.0055884204851601241
84.553786	-0.0057042158716507215
84.553786	-0.0057042158716507215
84.577818	-0.0059117512533858035
84.577818	-0.0059117512533858035
84.577818	-0.0059117512533858035
84.577818	-0.0059117512533858035
84.577818	-0.0059117512533858035
84.625717	-0.0062031623139453713
84.637812	-0.0062539288030878373
84.637812	-0.0062539288030878373
84.649718	-0.006290833155018636
84.661718	-0.0063227830840489581
84.673851	-0.006341289677696974
84.685725	-0.0063519735620611107
84.697834	-0.0063547332495122741
84.697834	-0.0063547332495122741
84.697834	-0.0063547332495122741
84.697834	-0.0063547332495122741
84.697834	-0.0063547332495122741
84.697834	-0.0063547332495122741
84.757816	-0.0062269661611734344
84.757816	-0.0062269661611734344
84.757816	-0.0062269661611734344
84.757816	-0.0062269661611734344
84.757816	-0.0062269661611734344
84.757816	-0.0062269661611734344
84.817813	-0.0058908859574162307
84.817813	-0.0058908859574162307
84.829749	-0.0058002252715901557
84.829749	-0.0058002252715901557
84.853814	-0.0055996981491200151
84.853814	-0.0055996981491200151
84.877865	-0.0053730364527703528
84.877865	-0.0053730364527703528
84.889718	-0.0052502174153801337
84.889718	-0.0052502174153801337
84.91379	-0.0049861365234510876
84.925717	-0.0048470445670664259
84.93789	-0.0047004203640674059
84.93789	-0.0047004203640674059
84.937903	-0.0047002637786208914
84.937903	-0.0047002637786208914
84.937903	-0.0047002637786208914
84.937903	-0.0047002637786208914
84.997826	-0.0039063681447360178
84.997826	-0.0039063681447360178
84.997826	-0.0039063681447360178
84.997826	-0.0039063681447360178
84.997826	-0.0039063681447360178
85.045731	-0.0032066782448219549
85.057828	-0.0030236503109382852
85.057828	-0.0030236503109382852
85.057828	-0.0030236503109382852
85.08173	-0.0026554641022116872
85.08173	-0.0026554641022116872
85.08173	-0.0026554641022116872
85.117824	-0.0020899545529318299
85.117824	-0.0020899545529318299
85.117824	-0.0020899545529318299
85.117824	-0.0020899545529318299
85.117824	-0.0020899545529318299
85.117824	-0.0020899545529318299
85.177826	-0.0011419330756351775
85.177826	-0.0011419330756351775
85.189731	-0.00095478798863975222
85.201802	-0.00076548893033578512
85.201802	-0.00076548893033578512
85.201802	-0.00076548893033578512
85.237906	-0.0002073780359752134
85.237906	-0.0002073780359752134
85.237906	-0.0002073780359752134
85.237906	-0.0002073780359752134
85.237906	-0.0002073780359752134
85.237906	-0.0002073780359752134
85.297824	0.00067978702282729285
85.297824	0.00067978702282729285
85.297824	0.00067978702282729285
85.297824	0.00067978702282729285
85.333869	0.0011781895359093725
85.333869	0.0011781895359093725
85.357832	0.001493163243409522
85.357832	0.001493163243409522
85.357832	0.001493163243409522
85.381731	0.0017918277800742714
85.381731	0.0017918277800742714
85.405749	0.0020746466523750904
85.405749	0.0020746466523750904
85.405749	0.0020746466523750904
85.405749	0.0020746466523750904
85.405749	0.0020746466523750904
85.405749	0.0020746466523750904
85.417826	0.0022112810179012276
85.477829	0.0027954012972540667
85.477829	0.0027954012972540667
85.477829	0.0027954012972540667
85.477829	0.0027954012972540667
85.513822	0.001868524183667447
85.513822	0.001868524183667447
85.537824	0.00036278687981650343
85.537824	0.00036278687981650343
85.537824	0.00036278687981650343
85.537824	0.00036278687981650343
85.573795	-0.0022910776561056402
85.573795	-0.0022910776561056402
85.597894	-0.0036004133719109129
85.597894	-0.0036004133719109129
85.597894	-0.0036004133719109129
85.597894	-0.0036004133719109129
85.6338	-0.0037525590120997096
85.645753	-0.0035520312533037796
85.657853	-0.0032874500713990784
85.657853	-0.0032874500713990784
85.657853	-0.0032874500713990784
85.657853	-0.0032874500713990784
85.657853	-0.0032874500713990784
85.657853	-0.0032874500713990784
85.717832	-0.0018430553764100645
85.717832	-0.0018430553764100645
85.717832	-0.0018430553764100645
85.717832	-0.0018430553764100645
85.717832	-0.0018430553764100645
85.717832	-0.0018430553764100645
85.777866	-0.00050812078966755913
85.777866	-0.00050812078966755913
85.777866	-0.00050812078966755913
85.801731	-0.00042372256705875652
85.801731	-0.00042372256705875652
85.801731	-0.00042372256705875652
85.837826	-0.0014964130356040167
85.837826	-0.0014964130356040167
85.837826	-0.0014964130356040167
85.837826	-0.0014964130356040167
85.837826	-0.0014964130356040167
85.837826	-0.0014964130356040167
85.897834	-0.0039958465422440725
85.897834	-0.0039958465422440725
85.90975	-0.0042713827340131452
85.921731	-0.004456187739152768
85.933794	-0.0043511031569167784
85.945734	-0.0041475223160802946
85.957835	-0.0038319795072507255
85.957847	-0.0038316665980940145
85.957847	-0.0038316665980940145
85.957847	-0.0038316665980940145
85.99389	-0.0036549450389532171
86.005742	-0.0046373996122897054
86.017837	-0.0062674181911398681
86.017837	-0.0062674181911398681
86.017837	-0.0062674181911398681
86.017837	-0.0062674181911398681
86.017837	-0.0062674181911398681
86.017837	-0.0062674181911398681
86.07784	-0.018362897422482184
86.07784	-0.018362897422482184
86.07784	-0.018362897422482184
86.101742	-0.021420366052782858
86.101742	-0.021420366052782858
86.125813	-0.021386792479229581
86.125813	-0.021386792479229581
86.137839	-0.020723313377229127
86.149941	-0.019749360862873572
86.149941	-0.019749360862873572
86.149941	-0.019749360862873572
86.149941	-0.019749360862873572
86.197837	-0.015279400489042166
86.197837	-0.015279400489042166
86.197837	-0.015279400489042166
86.221743	-0.013028332840152503
86.221743	-0.013028332840152503
86.221743	-0.013028332840152503
86.257915	-0.0096826992916351565
86.257915	-0.0096826992916351565
86.257915	-0.0096826992916351565
86.257915	-0.0096826992916351565
86.257915	-0.0096826992916351565
86.305778	-0.0053322294297657351
86.317866	-0.0042497943215380855
86.317866	-0.0042497943215380855
86.317866	-0.0042497943215380855
86.317866	-0.0042497943215380855
86.317866	-0.0042497943215380855
86.365742	-8.0596162003285243e-05
86.377838	0.00094153370937965792
86.377838	0.00094153370937965792
86.377838	0.00094153370937965792
86.377838	0.00094153370937965792
86.377838	0.00094153370937965792
86.377838	0.00094153370937965792
86.437855	0.0057270817805780399
86.437855	0.0057270817805780399
86.437855	0.0057270817805780399
86.461749	0.0074884207881236011
86.473809	0.0083384854789875004
86.485746	0.0091604468524989404
86.497841	0.0099720721551669732
86.497841	0.0099720721551669732
86.497841	0.0099720721551669732
86.497841	0.0099720721551669732
86.533809	0.012213796485962139
86.533809	0.012213796485962139
86.557922	0.013586815822162136
86.557922	0.013586815822162136
86.557922	0.013586815822162136
86.557922	0.013586815822162136
86.557922	0.013586815822162136
86.557922	0.013586815822162136
86.61784	0.012008185952416699
86.61784	0.012008185952416699
86.61784	0.012008185952416699
86.641763	0.0076114610029294179
86.653886	0.0050647735683904665
86.653886	0.0050647735683904665
86.677862	8.0587913052011188e-05
86.677862	8.0587913052011188e-05
86.689765	-0.0016665292015125132
86.689765	-0.0016665292015125132
86.713814	-0.0033582671181036682
86.725743	-0.0032515682112035293
86.737857	-0.0027198012909240852
86.737857	-0.0027198012909240852
86.737857	-0.0027198012909240852
86.737857	-0.0027198012909240852
86.737857	-0.0027198012909240852
86.785815	0.00078607919574036388
86.797858	0.0016877516598261719
86.797858	0.0016877516598261719
86.809742	0.0025355921444712563
86.809742	0.0025355921444712563
86.833805	0.0041789257053830436
86.845743	0.0049545866403649741
86.857842	0.0057194495659168999
86.857842	0.0057194495659168999
86.857842	0.0057194495659168999
86.857842	0.0057194495659168999
86.857842	0.0057194495659168999
86.857842	0.0057194495659168999
86.917904	0.0091671084561944886
86.917904	0.0091671084561944886
86.917904	0.0091671084561944886
86.917904	0.0091671084561944886
86.917904	0.0091671084561944886
86.965759	0.011480932506936405
86.977876	0.01198604489724011
86.977876	0.01198604489724011
86.977876	0.01198604489724011
86.977876	0.01198604489724011
87.01382	0.013353075729628723
87.01382	0.013353075729628723
87.037907	0.014152733133927996
87.037907	0.014152733133927996
87.037907	0.014152733133927996
87.061756	0.014835041497532503
87.061756	0.014835041497532503
87.061756	0.014835041497532503
87.097851	0.01565598280994213
87.097851	0.01565598280994213
87.097851	0.01565598280994213
87.097851	0.01565598280994213
87.097851	0.01565598280994213
87.097851	0.01565598280994213
87.157851	0.016495184176762448
87.157851	0.016495184176762448
87.169778	0.016572295907453214
87.169778	0.016572295907453214
87.169778	0.016572295907453214
87.169778	0.016572295907453214
87.217862	0.016657575118241237
87.217862	0.016657575118241237
87.217862	0.016657575118241237
87.241755	0.016550389979492146
87.241755	0.016550389979492146
87.241755	0.016550389979492146
87.241755	0.016550389979492146
87.241755	0.016550389979492146
87.277893	0.016198066731109267
87.301776	0.015851898933459126
87.301776	0.015851898933459126
87.325755	0.01541747025154123
87.33785	0.015172151709983468
87.33785	0.015172151709983468
87.33785	0.015172151709983468
87.33785	0.015172151709983468
87.373821	0.014335359576267135
87.385756	0.014028774994812618
87.397852	0.013696618063869757
87.397852	0.013696618063869757
87.397852	0.013696618063869757
87.397852	0.013696618063869757
87.397852	0.013696618063869757
87.397852	0.013696618063869757
87.4579	0.011759834381123239
87.4579	0.011759834381123239
87.4579	0.011759834381123239
87.4579	0.011759834381123239
87.4579	0.011759834381123239
87.4579	0.011759834381123239
87.51785	0.0094830235131367364
87.51785	0.0094830235131367364
87.529755	0.0089985614484183168
87.529755	0.0089985614484183168
87.529755	0.0089985614484183168
87.529755	0.0089985614484183168
87.57796	0.0069686501629221374
87.57796	0.0069686501629221374
87.57796	0.0069686501629221374
87.57796	0.0069686501629221374
87.57796	0.0069686501629221374
87.625756	0.0048728687805605561
87.637854	0.0043360794604848703
87.637854	0.0043360794604848703
87.637854	0.0043360794604848703
87.637854	0.0043360794604848703
87.637854	0.0043360794604848703
87.685755	0.0022057113660482052
87.697849	0.0016702373844513468
87.697849	0.0016702373844513468
87.697849	0.0016702373844513468
87.697849	0.0016702373844513468
87.697849	0.0016702373844513468
87.697849	0.0016702373844513468
87.757868	-0.0009299831818796743
87.757868	-0.0009299831818796743
87.757868	-0.0009299831818796743
87.757868	-0.0009299831818796743
87.793829	-0.0024196970445881797
87.805781	-0.0028999835418593053
87.817852	-0.0033777605384558954
87.817852	-0.0033777605384558954
87.817852	-0.0033777605384558954
87.817852	-0.0033777605384558954
87.853833	-0.0047389874515438093
87.865755	-0.0051701407522378407
87.877954	-0.0056017767338937333
87.877954	-0.0056017767338937333
87.877954	-0.0056017767338937333
87.877954	-0.0056017767338937333
87.877954	-0.0056017767338937333
87.877954	-0.0056017767338937333
87.93785	-0.0075247738515139204
87.93785	-0.0075247738515139204
87.93785	-0.0075247738515139204
87.937863	-0.00752516511880655
87.937863	-0.00752516511880655
87.937863	-0.00752516511880655
87.997866	-0.0091101829805462671
87.997866	-0.0091101829805462671
88.009791	-0.0093781961495526776
88.009791	-0.0093781961495526776
88.009791	-0.0093781961495526776
88.045768	-0.010105831862748283
88.057869	-0.010321259258623041
88.057869	-0.010321259258623041
88.057869	-0.010321259258623041
88.057869	-0.010321259258623041
88.057869	-0.010321259258623041
88.057869	-0.010321259258623041
88.117867	-0.011137059911988415
88.117867	-0.011137059911988415
88.129768	-0.011247153989011492
88.129768	-0.011247153989011492
88.129768	-0.011247153989011492
88.165769	-0.01149593822025732
88.17788	-0.011549757138744236
88.17788	-0.011549757138744236
88.189768	-0.011581520445791547
88.189768	-0.011581520445791547
88.189768	-0.011581520445791547
88.189768	-0.011581520445791547
88.237974	-0.011573795487974135
88.237974	-0.011573795487974135
88.237974	-0.011573795487974135
88.261768	-0.011480399255507798
88.261768	-0.011480399255507798
88.285769	-0.011326695609079597
88.297863	-0.011231271541614178
88.297863	-0.011231271541614178
88.297863	-0.011231271541614178
88.297863	-0.011231271541614178
88.297863	-0.011231271541614178
88.345768	-0.010709475843171581
88.35787	-0.010548303157915032
88.35787	-0.010548303157915032
88.35787	-0.010548303157915032
88.35787	-0.010548303157915032
88.393839	-0.0099933755709566124
88.393839	-0.0099933755709566124
88.417879	-0.0095714696185511938
88.417879	-0.0095714696185511938
88.429769	-0.0093452219119307053
88.429769	-0.0093452219119307053
88.429769	-0.0093452219119307053
88.429769	-0.0093452219119307053
88.47788	-0.0083511353365428413
88.47788	-0.0083511353365428413
88.47788	-0.0083511353365428413
88.47788	-0.0083511353365428413
88.47788	-0.0083511353365428413
88.47788	-0.0083511353365428413
88.537922	-0.0069411834841247699
88.537922	-0.0069411834841247699
88.537922	-0.0069411834841247699
88.537922	-0.0069411834841247699
88.537922	-0.0069411834841247699
88.537922	-0.0069411834841247699
88.597863	-0.0054036204394653569
88.597863	-0.0054036204394653569
88.597863	-0.0054036204394653569
88.621768	-0.0047668542694397648
88.621768	-0.0047668542694397648
88.621768	-0.0047668542694397648
88.657866	-0.0037915916930527731
88.657866	-0.0037915916930527731
88.669878	-0.0034655644142393381
88.681769	-0.0031427931201315064
88.693832	-0.0028158192453725354
88.693832	-0.0028158192453725354
88.717863	-0.0021669798299924631
88.717863	-0.0021669798299924631
88.717863	-0.0021669798299924631
88.717863	-0.0021669798299924631
88.753836	-0.0012101180078695341
88.765865	-0.00089547505721888215
88.777889	-0.00058367678273005762
88.777889	-0.00058367678273005762
88.777889	-0.00058367678273005762
88.777889	-0.00058367678273005762
88.777889	-0.00058367678273005762
88.825769	0.00061464712797945934
88.837866	0.00090646772764650511
88.837866	0.00090646772764650511
88.837866	0.00090646772764650511
88.837866	0.00090646772764650511
88.837866	0.00090646772764650511
88.885776	0.0020001714221056705
88.898006	0.002264569328534069
88.898006	0.002264569328534069
88.898006	0.002264569328534069
88.898006	0.002264569328534069
88.898006	0.002264569328534069
88.898006	0.002264569328534069
88.957864	0.0034460867653055517
88.957877	0.0034463282766330249
88.957877	0.0034463282766330249
88.957877	0.0034463282766330249
88.993876	0.0040607209062012263
88.993876	0.0040607209062012263
89.017877	0.0044302997694656409
89.017877	0.0044302997694656409
89.017877	0.0044302997694656409
89.017877	0.0044302997694656409
89.053858	0.0049141962250901792
89.065785	0.0050570026253800643
89.0779	0.0051940192906854152
89.0779	0.0051940192906854152
89.0779	0.0051940192906854152
89.0779	0.0051940192906854152
89.113859	0.0055386747542020094
89.113859	0.0055386747542020094
89.113859	0.0055386747542020094
89.113859	0.0055386747542020094
89.113859	0.0055386747542020094
89.113859	0.0055386747542020094
89.113859	0.0055386747542020094
89.137899	0.0057244694845717658
89.197901	0.0060186028908341032
89.197901	0.0060186028908341032
89.209864	0.0060474246162861072
89.209864	0.0060474246162861072
89.209864	0.0060474246162861072
89.245808	0.0060861114594407901
89.25789	0.006082178567678796
89.25789	0.006082178567678796
89.269782	0.0060663664533998577
89.269782	0.0060663664533998577
89.269782	0.0060663664533998577
89.305781	0.0059744642099444191
89.317912	0.0059282545715285129
89.317912	0.0059282545715285129
89.317912	0.0059282545715285129
89.317912	0.0059282545715285129
89.317912	0.0059282545715285129
89.317912	0.0059282545715285129
89.377915	0.0055779334700168754
89.377915	0.0055779334700168754
89.377915	0.0055779334700168754
89.377915	0.0055779334700168754
89.377915	0.0055779334700168754
89.377915	0.0055779334700168754
89.437878	0.0050515017311915543
89.437878	0.0050515017311915543
89.437878	0.0050515017311915543
89.437878	0.0050515017311915543
89.437878	0.0050515017311915543
89.437878	0.0050515017311915543
89.497877	0.0043763016980266495
89.497877	0.0043763016980266495
89.509801	0.0042261831476770257
89.521781	0.004072949550107027
89.521781	0.004072949550107027
89.521781	0.004072949550107027
89.557948	0.0035831266900756206
89.557948	0.0035831266900756206
89.557948	0.0035831266900756206
89.557948	0.0035831266900756206
89.557948	0.0035831266900756206
89.605782	0.0028908295144428305
89.61788	0.0027103127412524265
89.61788	0.0027103127412524265
89.61788	0.0027103127412524265
89.641802	0.002347747435756861
89.641802	0.002347747435756861
89.641802	0.002347747435756861
89.677894	0.0017912496944488083
89.677894	0.0017912496944488083
89.677894	0.0017912496944488083
89.701781	0.0014197548568642784
89.701781	0.0014197548568642784
89.701781	0.0014197548568642784
89.701781	0.0014197548568642784
89.701781	0.0014197548568642784
89.737874	0.00085875310393749064
89.761782	0.00049044816067171692
89.761782	0.00049044816067171692
89.785782	0.00012606121069110948
89.797875	-5.5384068861447588e-05
89.797875	-5.5384068861447588e-05
89.797875	-5.5384068861447588e-05
89.797875	-5.5384068861447588e-05
89.797875	-5.5384068861447588e-05
89.797875	-5.5384068861447588e-05
89.857957	-0.00092000626062186514
89.857957	-0.00092000626062186514
89.857957	-0.00092000626062186514
89.881789	-0.0012432221765920439
89.893846	-0.0014009893408203872
89.905802	-0.0015544067548712141
89.917877	-0.0017061073205844027
89.917877	-0.0017061073205844027
89.917877	-0.0017061073205844027
89.917877	-0.0017061073205844027
89.917877	-0.0017061073205844027
89.917877	-0.0017061073205844027
89.977998	-0.0023957608602033624
89.97801	-0.0023958904865986311
89.97801	-0.0023958904865986311
90.001793	-0.0026369028025709533
90.001793	-0.0026369028025709533
90.025793	-0.002858847922379251
90.037942	-0.0029645795818854462
90.037942	-0.0029645795818854462
90.037942	-0.0029645795818854462
90.037942	-0.0029645795818854462
90.037942	-0.0029645795818854462
90.037942	-0.0029645795818854462
90.09789	-0.0034032777470398368
90.09789	-0.0034032777470398368
90.10997	-0.0034742235653344982
90.10997	-0.0034742235653344982
90.10997	-0.0034742235653344982
90.145798	-0.003655724422165709
90.15789	-0.0037066201826387079
90.15789	-0.0037066201826387079
90.15789	-0.0037066201826387079
90.181794	-0.0037891093586582209
90.193865	-0.0038213291152895267
90.193865	-0.0038213291152895267
90.217962	-0.0038718066928287724
90.217962	-0.0038718066928287724
90.229796	-0.0038868389549861463
90.229796	-0.0038868389549861463
90.229796	-0.0038868389549861463
90.229796	-0.0038868389549861463
90.277918	-0.0039003626854575181
90.277918	-0.0039003626854575181
90.289794	-0.0038893627398049195
90.289794	-0.0038893627398049195
90.289794	-0.0038893627398049195
90.289794	-0.0038893627398049195
90.337888	-0.003800090566526344
90.337888	-0.003800090566526344
90.337888	-0.003800090566526344
90.337888	-0.003800090566526344
90.337888	-0.003800090566526344
90.385798	-0.0036339811054348571
90.397888	-0.0035817573773206887
90.397888	-0.0035817573773206887
90.397888	-0.0035817573773206887
90.421794	-0.0034648223371057398
90.421794	-0.0034648223371057398
90.445795	-0.0033310529888359044
90.457892	-0.0032589277831577179
90.457892	-0.0032589277831577179
90.457892	-0.0032589277831577179
90.457892	-0.0032589277831577179
90.457892	-0.0032589277831577179
90.457892	-0.0032589277831577179
90.457892	-0.0032589277831577179
90.457892	-0.0032589277831577179
90.517899	-0.002776830053203813
90.541794	-0.002589314193563987
90.541794	-0.002589314193563987
90.541794	-0.002589314193563987
90.577905	-0.0022883177116744331
90.577905	-0.0022883177116744331
90.577905	-0.0022883177116744331
90.577905	-0.0022883177116744331
90.577905	-0.0022883177116744331
90.625794	-0.0018707204481150403
90.637887	-0.0017633981373433637
90.637887	-0.0017633981373433637
90.637887	-0.0017633981373433637
90.637887	-0.0017633981373433637
90.673861	-0.0014342589906497865
90.685814	-0.0013223991605983913
90.697908	-0.0012101601455851479
90.697908	-0.0012101601455851479
90.697908	-0.0012101601455851479
90.721793	-0.00099027011901842805
90.721793	-0.00099027011901842805
90.721793	-0.00099027011901842805
90.757895	-0.00066149137916659509
90.757895	-0.00066149137916659509
90.757895	-0.00066149137916659509
90.757895	-0.00066149137916659509
90.793865	-0.00032931178587199529
90.805793	-0.00022299532701602188
90.817926	-0.00011645861571636819
90.817926	-0.00011645861571636819
90.817926	-0.00011645861571636819
90.817926	-0.00011645861571636819
90.817926	-0.00011645861571636819
90.817926	-0.00011645861571636819
90.877988	0.00039101083355079893
90.877988	0.00039101083355079893
90.877988	0.00039101083355079893
90.877988	0.00039101083355079893
90.877988	0.00039101083355079893
90.925795	0.00076089451517061431
90.937888	0.00084825862853051123
90.937888	0.00084825862853051123
90.937888	0.00084825862853051123
90.937888	0.00084825862853051123
90.937888	0.00084825862853051123
90.985839	0.0011302625195191024
90.997919	0.0011958750862619478
90.997919	0.0011958750862619478
90.997919	0.0011958750862619478
90.997919	0.0011958750862619478
91.033872	0.0013911677111775067
91.033872	0.0013911677111775067
91.057904	0.00151379509203162
91.057904	0.00151379509203162
91.069807	0.0015699969257818483
91.069807	0.0015699969257818483
91.069807	0.0015699969257818483
91.069807	0.0015699969257818483
91.117901	0.0017712831005260968
91.117901	0.0017712831005260968
91.117901	0.0017712831005260968
91.141878	0.001853084863516635
91.141878	0.001853084863516635
91.141878	0.001853084863516635
91.177925	0.0019523204469832477
91.177925	0.0019523204469832477
91.177925	0.0019523204469832477
91.201807	0.0020024297722812702
91.201807	0.0020024297722812702
91.225808	0.0020396711833548494
91.237905	0.002054457667333844
91.237905	0.002054457667333844
91.237905	0.002054457667333844
91.237905	0.002054457667333844
91.273941	0.0020779499629199802
91.273941	0.0020779499629199802
91.273941	0.0020779499629199802
91.273941	0.0020779499629199802
91.297909	0.0020792534795732796
91.321808	0.0020684221197717375
91.321808	0.0020684221197717375
91.321808	0.0020684221197717375
91.357905	0.0020305968551397897
91.357905	0.0020305968551397897
91.369807	0.0020121534397619335
91.369807	0.0020121534397619335
91.369807	0.0020121534397619335
91.369807	0.0020121534397619335
91.417906	0.0019148171608976837
91.417906	0.0019148171608976837
91.417906	0.0019148171608976837
91.417906	0.0019148171608976837
91.417906	0.0019148171608976837
91.417906	0.0019148171608976837
91.47794	0.0017400049676062992
91.47794	0.0017400049676062992
91.47794	0.0017400049676062992
91.47794	0.0017400049676062992
91.513881	0.0016106115738771297
91.513881	0.0016106115738771297
91.537987	0.001515439800477992
91.537987	0.001515439800477992
91.549808	0.00146594720346469
91.549808	0.00146594720346469
91.549808	0.00146594720346469
91.549808	0.00146594720346469
91.597902	0.0012526364554202548
91.597902	0.0012526364554202548
91.597902	0.0012526364554202548
91.597902	0.0012526364554202548
91.633871	0.0010821346952800603
91.633871	0.0010821346952800603
91.657915	0.00096435071461921276
91.657915	0.00096435071461921276
91.657915	0.00096435071461921276
91.657915	0.00096435071461921276
91.693878	0.00078317187359175898
91.693878	0.00078317187359175898
91.717911	0.00066008333116690239
91.717911	0.00066008333116690239
91.717911	0.00066008333116690239
91.717911	0.00066008333116690239
91.717911	0.00066008333116690239
91.765808	0.00041268406828103558
91.777922	0.00035014821045631936
91.777922	0.00035014821045631936
91.777922	0.00035014821045631936
91.777922	0.00035014821045631936
91.777922	0.00035014821045631936
91.825807	0.00010594604543838192
91.837982	4.4859849915453742e-05
91.837982	4.4859849915453742e-05
91.837982	4.4859849915453742e-05
91.837982	4.4859849915453742e-05
91.837982	4.4859849915453742e-05
91.885807	-0.00018792422793964227
91.897923	-0.00024502815002793967
91.897923	-0.00024502815002793967
91.897923	-0.00024502815002793967
91.897923	-0.00024502815002793967
91.897923	-0.00024502815002793967
91.897923	-0.00024502815002793967
91.957927	-0.00051148248870908325
91.957927	-0.00051148248870908325
91.957927	-0.00051148248870908325
91.981821	-0.00060921206185920106
91.993892	-0.0006560953118782462
91.993892	-0.0006560953118782462
92.017916	-0.00074532909422780447
92.017916	-0.00074532909422780447
92.017916	-0.00074532909422780447
92.017916	-0.00074532909422780447
92.053896	-0.0008661183817951436
92.053896	-0.0008661183817951436
92.077937	-0.00093914924536554897
92.077937	-0.00093914924536554897
92.077937	-0.00093914924536554897
92.077937	-0.00093914924536554897
92.077937	-0.00093914924536554897
92.12582	-0.0010636912017026074
92.137936	-0.0010911736507167502
92.137936	-0.0010911736507167502
92.137936	-0.0010911736507167502
92.137936	-0.0010911736507167502
92.137936	-0.0010911736507167502
92.137936	-0.0010911736507167502
92.197984	-0.001199047372267168
92.197984	-0.001199047372267168
92.197984	-0.001199047372267168
92.197984	-0.001199047372267168
92.197984	-0.001199047372267168
92.245822	-0.001252071785025105
92.257932	-0.0012612652229621944
92.257932	-0.0012612652229621944
92.257932	-0.0012612652229621944
92.281821	-0.001273484721356534
92.281821	-0.001273484721356534
92.305821	-0.0012783511483536068
92.317949	-0.0012785786378446855
92.317949	-0.0012785786378446855
92.317949	-0.0012785786378446855
92.317949	-0.0012785786378446855
92.317949	-0.0012785786378446855
92.365824	-0.0012611497235471667
92.377948	-0.0012528728413169047
92.377948	-0.0012528728413169047
92.389832	-0.0012425759782988808
92.389832	-0.0012425759782988808
92.389832	-0.0012425759782988808
92.389832	-0.0012425759782988808
92.437916	-0.0011872320298733452
92.437916	-0.0011872320298733452
92.437916	-0.0011872320298733452
92.437916	-0.0011872320298733452
92.473888	-0.0011302652353252349
92.48582	-0.0011087267958923618
92.497919	-0.0010856839527314201
92.497919	-0.0010856839527314201
92.497919	-0.0010856839527314201
92.497919	-0.0010856839527314201
92.497919	-0.0010856839527314201
92.497919	-0.0010856839527314201
92.557927	-0.00095114718893207317
92.557927	-0.00095114718893207317
92.557927	-0.00095114718893207317
92.557927	-0.00095114718893207317
92.593966	-0.00085802323608615558
92.593966	-0.00085802323608615558
92.61795	-0.00079227420496826722
92.61795	-0.00079227420496826722
92.61795	-0.00079227420496826722
92.64184	-0.00072401358350232948
92.64184	-0.00072401358350232948
92.665824	-0.00065318041376015987
92.677934	-0.00061681633758902375
92.677934	-0.00061681633758902375
92.677934	-0.00061681633758902375
92.677934	-0.00061681633758902375
92.677934	-0.00061681633758902375
92.677934	-0.00061681633758902375
92.737917	-0.00043180136458014959
92.737917	-0.00043180136458014959
92.749874	-0.00039437730126715061
92.749874	-0.00039437730126715061
92.773906	-0.00031909048075098439
92.785821	-0.00028182301742861243
92.797918	-0.00024405399718203404
92.797918	-0.00024405399718203404
92.797918	-0.00024405399718203404
92.82182	-0.00017000454594636073
92.833885	-0.0001330385119565945
92.833885	-0.0001330385119565945
92.857994	-5.9989987529113975e-05
92.857994	-5.9989987529113975e-05
92.857994	-5.9989987529113975e-05
92.857994	-5.9989987529113975e-05
92.857994	-5.9989987529113975e-05
92.857994	-5.9989987529113975e-05
92.91792	0.00011382253276554641
92.91792	0.00011382253276554641
92.91792	0.00011382253276554641
92.91792	0.00011382253276554641
92.91792	0.00011382253276554641
92.91792	0.00011382253276554641
92.977935	0.00027278169264569367
92.977948	0.00027281470211419504
92.977948	0.00027281470211419504
92.977948	0.00027281470211419504
92.977948	0.00027281470211419504
93.025837	0.00038696599422879117
93.037946	0.00041407582373707852
93.037946	0.00041407582373707852
93.037946	0.00041407582373707852
93.061834	0.00046455026737946133
93.061834	0.00046455026737946133
93.085834	0.00051113924754255761
93.097927	0.000533307664723316
93.097927	0.000533307664723316
93.097927	0.000533307664723316
93.097927	0.000533307664723316
93.097927	0.000533307664723316
93.145834	0.00060961181457748796
93.158014	0.0006264469604730261
93.158014	0.0006264469604730261
93.158014	0.0006264469604730261
93.18187	0.00065571899026778836
93.18187	0.00065571899026778836
93.205833	0.00068039425659845122
93.217931	0.00069139504842975134
93.217931	0.00069139504842975134
93.217931	0.00069139504842975134
93.217931	0.00069139504842975134
93.217931	0.00069139504842975134
93.217931	0.00069139504842975134
93.277947	0.00072797661275784888
93.277947	0.00072797661275784888
93.289989	0.00073168108780893284
93.289989	0.00073168108780893284
93.313906	0.00073627376649265566
93.313906	0.00073627376649265566
93.337928	0.00073665678005878225
93.337928	0.00073665678005878225
93.337928	0.00073665678005878225
93.337928	0.00073665678005878225
93.337928	0.00073665678005878225
93.337928	0.00073665678005878225
93.397956	0.00071900626859772751
93.397956	0.00071900626859772751
93.397956	0.00071900626859772751
93.397956	0.00071900626859772751
93.397956	0.00071900626859772751
93.397956	0.00071900626859772751
93.457938	0.00067732477711362777
93.457938	0.00067732477711362777
93.457938	0.00067732477711362777
93.457938	0.00067732477711362777
93.457938	0.00067732477711362777
93.457938	0.00067732477711362777
93.517996	0.00061584763903277471
93.517996	0.00061584763903277471
93.517996	0.00061584763903277471
93.517996	0.00061584763903277471
93.517996	0.00061584763903277471
93.565834	0.00055618369450519296
93.577985	0.00053963904752544632
93.577985	0.00053963904752544632
93.577985	0.00053963904752544632
93.577985	0.00053963904752544632
93.613899	0.00048708950937953309
93.625837	0.00046867297000558015
93.637929	0.00044962575901901191
93.637929	0.00044962575901901191
93.637929	0.00044962575901901191
93.637929	0.00044962575901901191
93.637929	0.00044962575901901191
93.637929	0.00044962575901901191
93.697929	0.00034938016457349686
93.697929	0.00034938016457349686
93.709854	0.00032855730160994253
93.709854	0.00032855730160994253
93.709854	0.00032855730160994253
93.709854	0.00032855730160994253
93.757931	0.00024304918457560037
93.757931	0.00024304918457560037
93.757931	0.00024304918457560037
93.781908	0.00019978406534871404
93.781908	0.00019978406534871404
93.781908	0.00019978406534871404
93.817941	0.00013466649106852273
93.817941	0.00013466649106852273
93.817941	0.00013466649106852273
93.841854	9.1743575597904212e-05
93.841854	9.1743575597904212e-05
93.865844	4.9231953516783838e-05
93.877952	2.8003242905373668e-05
93.877952	2.8003242905373668e-05
93.877952	2.8003242905373668e-05
93.877952	2.8003242905373668e-05
93.877952	2.8003242905373668e-05
93.877952	2.8003242905373668e-05
93.937927	-7.1213327749470912e-05
93.937927	-7.1213327749470912e-05
93.937927	-7.1213327749470912e-05
93.961834	-0.00010805310744936747
93.961834	-0.00010805310744936747
93.961848	-0.00010807396377128518
93.99795	-0.0001608770243248172
93.99795	-0.0001608770243248172
93.99795	-0.0001608770243248172
93.99795	-0.0001608770243248172
94.03393	-0.00020965831684082481
94.03393	-0.00020965831684082481
94.057949	-0.00024005048200761761
94.057949	-0.00024005048200761761
94.057949	-0.00024005048200761761
94.057949	-0.00024005048200761761
94.093925	-0.0002816514933958589
94.105868	-0.00029447187521959887
94.117946	-0.00030699013604303739
94.117946	-0.00030699013604303739
94.129847	-0.00031857984975847684
94.129847	-0.00031857984975847684
94.129847	-0.00031857984975847684
94.129847	-0.00031857984975847684
94.178054	-0.00036047508941330127
94.178054	-0.00036047508941330127
94.178054	-0.00036047508941330127
94.201847	-0.00037765474512845465
94.201847	-0.00037765474512845465
94.201847	-0.00037765474512845465
94.23796	-0.00039929902317584502
94.23796	-0.00039929902317584502
94.249961	-0.00040516333380907597
94.249961	-0.00040516333380907597
94.249961	-0.00040516333380907597
94.249961	-0.00040516333380907597
94.297943	-0.00042327131557527362
94.297943	-0.00042327131557527362
94.297943	-0.00042327131557527362
94.321847	-0.00042869882268183437
94.321847	-0.00042869882268183437
94.321847	-0.00042869882268183437
94.35795	-0.00043247409658039171
94.35795	-0.00043247409658039171
94.35795	-0.00043247409658039171
94.35795	-0.00043247409658039171
94.35795	-0.00043247409658039171
94.405847	-0.00042943061340741358
94.417941	-0.00042739000183865817
94.417941	-0.00042739000183865817
94.417941	-0.00042739000183865817
94.417941	-0.00042739000183865817
94.453925	-0.00041781548494336518
94.465848	-0.00041365956197905924
94.477984	-0.00040899862636198321
94.477984	-0.00040899862636198321
94.477984	-0.00040899862636198321
94.501847	-0.00039826937351876429
94.513928	-0.00039206767472591648
94.525851	-0.0003855933497763085
94.53796	-0.00037864520258921677
94.53796	-0.00037864520258921677
94.53796	-0.00037864520258921677
94.561848	-0.00036188382579635184
94.561848	-0.00036188382579635184
94.561848	-0.00036188382579635184
94.597942	-5.5188420667537656e-06
94.597942	-5.5188420667537656e-06
94.597942	-5.5188420667537656e-06
94.597942	-5.5188420667537656e-06
94.633912	0.0017120743355313181
94.645848	0.0024356856878480914
94.657948	0.0031985559815435544
94.657948	0.0031985559815435544
94.669848	0.0039311911037382408
94.669848	0.0039311911037382408
94.669848	0.0039311911037382408
94.669848	0.0039311911037382408
94.717945	0.0056033307765744203
94.717945	0.0056033307765744203
94.717945	0.0056033307765744203
94.717945	0.0056033307765744203
94.717945	0.0056033307765744203
94.717945	0.0056033307765744203
94.77796	0.0049489605633750077
94.77796	0.0049489605633750077
94.789848	0.0047506833565793749
94.789848	0.0047506833565793749
94.813912	0.0043475871141658278
94.813912	0.0043475871141658278
94.838014	0.0039430126407808009
94.838014	0.0039430126407808009
94.838014	0.0039430126407808009
94.838014	0.0039430126407808009
94.838014	0.0039430126407808009
94.885848	0.0031246022168531723
94.897978	0.0029137607176958195
94.897978	0.0029137607176958195
94.897978	0.0029137607176958195
94.897978	0.0029137607176958195
94.897978	0.0029137607176958195
94.897978	0.0029137607176958195
94.957947	0.0018621409666555234
94.957947	0.0018621409666555234
94.957947	0.0018621409666555234
94.957947	0.0018621409666555234
94.993932	0.0012346110018555555
95.005884	0.0010287449271428337
95.017955	0.00082225934442894293
95.017955	0.00082225934442894293
95.02986	0.00062134818180379758
95.02986	0.00062134818180379758
95.02986	0.00062134818180379758
95.02986	0.00062134818180379758
95.07799	-0.00016986222129657775
95.07799	-0.00016986222129657775
95.08986	-0.00035738750093046315
95.08986	-0.00035738750093046315
95.113932	-0.00072955796937463138
95.113932	-0.00072955796937463138
95.138054	-0.0010885459051965078
95.138054	-0.0010885459051965078
95.138054	-0.0010885459051965078
95.161861	-0.0014263961877403523
95.161861	-0.0014263961877403523
95.185861	-0.0017488298639523703
95.197956	-0.0019055258147129149
95.197956	-0.0019055258147129149
95.197956	-0.0019055258147129149
95.22186	-0.0021993729521861544
95.234009	-0.0023401495574677939
95.245861	-0.0024731594389095085
95.257958	-0.002604406286266812
95.257958	-0.002604406286266812
95.257958	-0.002604406286266812
95.28186	-0.0028455133869595205
95.28186	-0.0028455133869595205
95.28186	-0.0028455133869595205
95.317988	-0.003166939788326926
95.317988	-0.003166939788326926
95.317988	-0.003166939788326926
95.341861	-0.0033502119610119285
95.341861	-0.0033502119610119285
95.341861	-0.0033502119610119285
95.341861	-0.0033502119610119285
95.377992	-0.0035820976978287386
95.389949	-0.0036453564870804261
95.389949	-0.0036453564870804261
95.389949	-0.0036453564870804261
95.389949	-0.0036453564870804261
95.437956	-0.0038452361041481668
95.437956	-0.0038452361041481668
95.44986	-0.0038780682486350125
95.44986	-0.0038780682486350125
95.44986	-0.0038780682486350125
95.48586	-0.003945686142067353
95.498032	-0.0039572965370960091
95.498032	-0.0039572965370960091
95.498032	-0.0039572965370960091
95.498032	-0.0039572965370960091
95.498032	-0.0039572965370960091
95.498032	-0.0039572965370960091
95.557963	-0.0039236699965523375
95.557963	-0.0039236699965523375
95.557963	-0.0039236699965523375
95.557963	-0.0039236699965523375
95.557963	-0.0039236699965523375
95.557963	-0.0039236699965523375
95.617972	-0.0037533488863811457
95.617972	-0.0037533488863811457
95.617972	-0.0037533488863811457
95.617972	-0.0037533488863811457
95.617972	-0.0037533488863811457
95.617972	-0.0037533488863811457
95.677971	-0.0034592909725901563
95.677971	-0.0034592909725901563
95.677971	-0.0034592909725901563
95.677971	-0.0034592909725901563
95.677971	-0.0034592909725901563
95.677971	-0.0034592909725901563
95.737956	-0.0030621533567541715
95.737956	-0.0030621533567541715
95.737956	-0.0030621533567541715
95.737956	-0.0030621533567541715
95.737956	-0.0030621533567541715
95.78586	-0.0026837242150136303
95.798034	-0.0025808344120416354
95.798034	-0.0025808344120416354
95.798034	-0.0025808344120416354
95.798034	-0.0025808344120416354
95.798034	-0.0025808344120416354
95.798034	-0.0025808344120416354
95.857968	-0.0020383574440424449
95.857968	-0.0020383574440424449
95.857968	-0.0020383574440424449
95.881861	-0.0018096014464798059
95.881861	-0.0018096014464798059
95.881861	-0.0018096014464798059
95.917956	-0.001455024314303112
95.917956	-0.001455024314303112
95.917956	-0.001455024314303112
95.917956	-0.001455024314303112
95.95393	-0.0010951750768797032
95.965861	-0.00097524118499343665
95.978011	-0.0008529947308232378
95.978011	-0.0008529947308232378
95.978025	-0.00085285387071136335
95.978025	-0.00085285387071136335
96.013937	-0.00049341387103543459
96.025947	-0.0003743389318800621
96.037978	-0.0002556758771131895
96.037978	-0.0002556758771131895
96.037978	-0.0002556758771131895
96.037978	-0.0002556758771131895
96.037978	-0.0002556758771131895
96.037978	-0.0002556758771131895
96.097974	0.00031824395009697783
96.097974	0.00031824395009697783
96.109894	0.00042739753419648537
96.121875	0.00053612019778798701
96.121875	0.00053612019778798701
96.121875	0.00053612019778798701
96.158059	0.00085102816792410093
96.158059	0.00085102816792410093
96.169874	0.00094898074699487219
96.169874	0.00094898074699487219
96.169874	0.00094898074699487219
96.205875	0.0012349707159914883
96.217974	0.0013264392554660494
96.217974	0.0013264392554660494
96.217974	0.0013264392554660494
96.217974	0.0013264392554660494
96.217974	0.0013264392554660494
96.217974	0.0013264392554660494
96.277992	0.0017351978596446651
96.277992	0.0017351978596446651
96.277992	0.0017351978596446651
96.277992	0.0017351978596446651
96.277992	0.0017351978596446651
96.277992	0.0017351978596446651
96.337969	0.0020636497582415367
96.337969	0.0020636497582415367
96.349874	0.0021178952551997626
96.361875	0.0021706747887105474
96.361875	0.0021706747887105474
96.385876	0.0022634238821558472
96.39797	0.0023056314336053932
96.39797	0.0023056314336053932
96.39797	0.0023056314336053932
96.39797	0.0023056314336053932
96.39797	0.0023056314336053932
96.39797	0.0023056314336053932
96.457998	0.002458059480817512
96.457998	0.002458059480817512
96.457998	0.002458059480817512
96.457998	0.002458059480817512
96.493958	0.0025057667002709584
96.505875	0.002514733210492013
96.51797	0.0025208129423195873
96.51797	0.0025208129423195873
96.51797	0.0025208129423195873
96.51797	0.0025208129423195873
96.51797	0.0025208129423195873
96.51797	0.0025208129423195873
96.51797	0.0025208129423195873
96.577985	0.0024968375306774998
96.589997	0.0024814191945380423
96.601874	0.0024644642301806328
96.613956	0.0024427836365592927
96.613956	0.0024427836365592927
96.63797	0.0023921633968333193
96.63797	0.0023921633968333193
96.63797	0.0023921633968333193
96.63797	0.0023921633968333193
96.63797	0.0023921633968333193
96.63797	0.0023921633968333193
96.697973	0.0022149801954300069
96.697973	0.0022149801954300069
96.697973	0.0022149801954300069
96.697973	0.0022149801954300069
96.733945	0.0020775809779269259
96.745895	0.0020275411071497269
96.757975	0.001975111060942265
96.757975	0.001975111060942265
96.769875	0.0019207178515582022
96.769875	0.0019207178515582022
96.793952	0.0018059478245303112
96.805875	0.0017464530116656819
96.818039	0.001684312324698501
96.818039	0.001684312324698501
96.818039	0.001684312324698501
96.818039	0.001684312324698501
96.818039	0.001684312324698501
96.818039	0.001684312324698501
96.878003	0.0013561285379900595
96.878003	0.0013561285379900595
96.889874	0.0012876358454182437
96.901874	0.0012179130693956064
96.901874	0.0012179130693956064
96.925874	0.0010756775293444356
96.937967	0.0010032253736161954
96.937967	0.0010032253736161954
96.949948	0.0009308583240752816
96.949948	0.0009308583240752816
96.949948	0.0009308583240752816
96.949948	0.0009308583240752816
96.997975	0.00063878531521131875
96.997989	0.00063869996517810417
96.997989	0.00063869996517810417
96.997989	0.00063869996517810417
96.997989	0.00063869996517810417
96.997989	0.00063869996517810417
97.058004	0.00027570996150604347
97.058004	0.00027570996150604347
97.0699	0.00020522482115474961
97.0699	0.00020522482115474961
97.093954	6.4681840435645203e-05
97.093954	6.4681840435645203e-05
97.118011	-7.206848021732622e-05
97.118011	-7.206848021732622e-05
97.129888	-0.00013760891688939861
97.141912	-0.00020333086295688615
97.153958	-0.00026749783610534718
97.165889	-0.00033000538715000972
97.177999	-0.0003923605868151714
97.177999	-0.0003923605868151714
97.177999	-0.0003923605868151714
97.177999	-0.0003923605868151714
97.177999	-0.0003923605868151714
97.225888	-0.00062367362284106436
97.237983	-0.00067854528425742035
97.237983	-0.00067854528425742035
97.237983	-0.00067854528425742035
97.261888	-0.00078142296563345659
97.261888	-0.00078142296563345659
97.261888	-0.00078142296563345659
97.261888	-0.00078142296563345659
97.261888	-0.00078142296563345659
97.261888	-0.00078142296563345659
97.261888	-0.00078142296563345659
97.261888	-0.00078142296563345659
97.297981	-0.00092326895529071436
97.358017	-0.0011207064054082633
97.358017	-0.0011207064054082633
97.358017	-0.0011207064054082633
97.358017	-0.0011207064054082633
97.393963	-0.0012142222074593306
97.405909	-0.0012413148648677884
97.417982	-0.001266938496998175
97.417982	-0.001266938496998175
97.417982	-0.001266938496998175
97.417982	-0.001266938496998175
97.417982	-0.001266938496998175
97.417982	-0.001266938496998175
97.478097	-0.0013609401445645534
97.478097	-0.0013609401445645534
97.478097	-0.0013609401445645534
97.478097	-0.0013609401445645534
97.478097	-0.0013609401445645534
97.478097	-0.0013609401445645534
97.537988	-0.0014018455551204709
97.537988	-0.0014018455551204709
97.537988	-0.0014018455551204709
97.56191	-0.0014038547631855466
97.56191	-0.0014038547631855466
97.56191	-0.0014038547631855466
97.597983	-0.0013919958044606403
97.597983	-0.0013919958044606403
97.597983	-0.0013919958044606403
97.597983	-0.0013919958044606403
97.597983	-0.0013919958044606403
97.597983	-0.0013919958044606403
97.657987	-0.0013353017646611615
97.657987	-0.0013353017646611615
97.669888	-0.0013184812354312275
97.669888	-0.0013184812354312275
97.669888	-0.0013184812354312275
97.705889	-0.0012591307268654331
97.717982	-0.0012362993922764021
97.717982	-0.0012362993922764021
97.717982	-0.0012362993922764021
97.717982	-0.0012362993922764021
97.717982	-0.0012362993922764021
97.717982	-0.0012362993922764021
97.717982	-0.0012362993922764021
97.717982	-0.0012362993922764021
97.778086	-0.0011007416680767885
97.801888	-0.0010384320760118168
97.801888	-0.0010384320760118168
97.801888	-0.0010384320760118168
97.837982	-0.00093604997472902503
97.837982	-0.00093604997472902503
97.837982	-0.00093604997472902503
97.861888	-0.00086371874279370466
97.861888	-0.00086371874279370466
97.861888	-0.00086371874279370466
97.897983	-0.00074888617825136217
97.897983	-0.00074888617825136217
97.897983	-0.00074888617825136217
97.897983	-0.00074888617825136217
97.897983	-0.00074888617825136217
97.945888	-0.00058882077294869961
97.958008	-0.00054739479933818883
97.958008	-0.00054739479933818883
97.958008	-0.00054739479933818883
97.958008	-0.00054739479933818883
97.958008	-0.00054739479933818883
97.958021	-0.00054735036553812662
98.018007	-0.00033925517464180395
98.018007	-0.00033925517464180395
98.029901	-0.0002978998335981301
98.029901	-0.0002978998335981301
98.053979	-0.0002144566987793661
98.053979	-0.0002144566987793661
98.078016	-0.00013188156336774772
98.078016	-0.00013188156336774772
98.078016	-0.00013188156336774772
98.078016	-0.00013188156336774772
98.078016	-0.00013188156336774772
98.125902	2.8307246719156849e-05
98.138077	6.7962988038514636e-05
98.138077	6.7962988038514636e-05
98.149901	0.00010570616479822753
98.149901	0.00010570616479822753
98.149901	0.00010570616479822753
98.149901	0.00010570616479822753
98.197994	0.00025352454747152838
98.197994	0.00025352454747152838
98.197994	0.00025352454747152838
98.197994	0.00025352454747152838
98.233967	0.0003559348144338387
98.245901	0.00038825871010023593
98.258001	0.00042027469198594526
98.258001	0.00042027469198594526
98.258001	0.00042027469198594526
98.258001	0.00042027469198594526
98.258001	0.00042027469198594526
98.258001	0.00042027469198594526
98.318015	0.0005633627600099652
98.318015	0.0005633627600099652
98.318015	0.0005633627600099652
98.318015	0.0005633627600099652
98.318015	0.0005633627600099652
98.318015	0.0005633627600099652
98.318015	0.0005633627600099652
98.318015	0.0005633627600099652
98.318015	0.0005633627600099652
98.318015	0.0005633627600099652
98.378022	0.00067910548530524092
98.425901	0.00075043688241813948
98.437999	0.00076568629417508372
98.437999	0.00076568629417508372
98.437999	0.00076568629417508372
98.461901	0.00079180873358008358
98.473968	0.00080295038909578118
98.485901	0.00081295792706154711
98.497996	0.00082205448039698479
98.497996	0.00082205448039698479
98.497996	0.00082205448039698479
98.497996	0.00082205448039698479
98.497996	0.00082205448039698479
98.497996	0.00082205448039698479
98.497996	0.00082205448039698479
98.497996	0.00082205448039698479
98.497996	0.00082205448039698479
98.497996	0.00082205448039698479
98.497996	0.00082205448039698479
98.558018	0.00084778894359947431
98.617994	0.00084393902794962096
98.617994	0.00084393902794962096
98.617994	0.00084393902794962096
98.617994	0.00084393902794962096
98.617994	0.00084393902794962096
98.617994	0.00084393902794962096
98.678016	0.00081224990891450694
98.678016	0.00081224990891450694
98.678016	0.00081224990891450694
98.678016	0.00081224990891450694
98.713969	0.0007809536091697302
98.725902	0.00076875812315302394
98.738016	0.00075560389282933605
98.738016	0.00075560389282933605
98.738016	0.00075560389282933605
98.738016	0.00075560389282933605
98.738016	0.00075560389282933605
98.738016	0.00075560389282933605
98.798064	0.00067728128565349756
98.798064	0.00067728128565349756
98.798064	0.00067728128565349756
98.798064	0.00067728128565349756
98.798064	0.00067728128565349756
98.845902	0.00060180828695428228
98.858006	0.00058128495738215104
98.858006	0.00058128495738215104
98.858006	0.00058128495738215104
98.858006	0.00058128495738215104
98.858006	0.00058128495738215104
98.905901	0.0004945860299970195
98.917997	0.00047165408800006661
98.917997	0.00047165408800006661
98.929978	0.00044843848432528274
98.941901	0.00042515628484233759
98.941901	0.00042515628484233759
98.941901	0.00042515628484233759
98.978014	0.0003528033752336206
98.978014	0.0003528033752336206
98.978014	0.0003528033752336206
99.001901	0.00030435184644311803
99.013978	0.00027990547936525154
99.025914	0.00025577158263388934
99.038025	0.00023131180107973818
99.038025	0.00023131180107973818
99.038025	0.00023131180107973818
99.038025	0.00023131180107973818
99.038025	0.00023131180107973818
99.038025	0.00023131180107973818
99.098043	0.00011078128756213241
99.098043	0.00011078128756213241
99.098043	0.00011078128756213241
99.098043	0.00011078128756213241
99.098043	0.00011078128756213241
99.098043	0.00011078128756213241
99.158016	-6.5501747875640914e-06
99.158016	-6.5501747875640914e-06
99.158016	-6.5501747875640914e-06
99.181914	-5.1516518924472314e-05
99.181914	-5.1516518924472314e-05
99.181914	-5.1516518924472314e-05
99.21801	-0.00011679250812193785
99.21801	-0.00011679250812193785
99.21801	-0.00011679250812193785
99.21801	-0.00011679250812193785
99.21801	-0.00011679250812193785
99.21801	-0.00011679250812193785
99.278042	-0.00021658173592966612
99.278042	-0.00021658173592966612
99.278042	-0.00021658173592966612
99.278042	-0.00021658173592966612
99.313985	-0.0002700860759890929
99.313985	-0.0002700860759890929
99.338012	-0.00030316680992866163
99.338012	-0.00030316680992866163
99.338012	-0.00030316680992866163
99.338012	-0.00030316680992866163
99.37398	-0.0003477388738165882
99.385915	-0.00036126115025444315
99.398016	-0.00037440587935625759
99.398016	-0.00037440587935625759
99.398016	-0.00037440587935625759
99.398016	-0.00037440587935625759
99.398016	-0.00037440587935625759
99.398016	-0.00037440587935625759
99.398016	-0.00037440587935625759
99.398016	-0.00037440587935625759
99.398016	-0.00037440587935625759
99.45808	-0.00042865181789675743
99.494008	-0.00045238339204375162
99.494008	-0.00045238339204375162
99.518008	-0.00046482469255067969
99.518008	-0.00046482469255067969
99.529914	-0.00046969760365721811
99.541914	-0.0004742132495642734
99.541914	-0.0004742132495642734
99.541914	-0.0004742132495642734
99.578026	-0.0004829321911390346
99.578026	-0.0004829321911390346
99.578026	-0.0004829321911390346
99.578026	-0.0004829321911390346
99.613978	-0.00048512115221954017
99.613978	-0.00048512115221954017
99.638021	-0.0004833324235920919
99.638021	-0.0004833324235920919
99.638021	-0.0004833324235920919
99.638021	-0.0004833324235920919
99.638021	-0.0004833324235920919
99.638021	-0.0004833324235920919
99.698025	-0.00046704821329541775
99.698025	-0.00046704821329541775
99.698025	-0.00046704821329541775
99.698025	-0.00046704821329541775
99.698025	-0.00046704821329541775
99.698025	-0.00046704821329541775
99.698025	-0.00046704821329541775
99.698025	-0.00046704821329541775
99.698025	-0.00046704821329541775
99.698025	-0.00046704821329541775
99.698025	-0.00046704821329541775
99.758034	-0.00043569487400082395
99.818008	-0.00039134542746160043
99.818008	-0.00039134542746160043
99.818008	-0.00039134542746160043
99.818008	-0.00039134542746160043
99.818008	-0.00039134542746160043
99.865914	-0.00034821073685630677
99.878023	-0.0003364387827247388
99.878023	-0.0003364387827247388
99.878023	-0.0003364387827247388
99.901914	-0.00031218525721829455
99.913979	-0.00029947769063888986
99.925915	-0.0002867055759866561
99.938017	-0.0002735489857372301
99.938017	-0.0002735489857372301
99.938017	-0.0002735489857372301
99.961914	-0.00024685873299910204
99.961914	-0.00024685873299910204
99.985986	-0.00021922080908485261
99.998012	-0.00020523121869715547
99.998012	-0.00020523121869715547
99.998026	-0.00020521493279450031
100.021956	-0.00017703474305823635
100.033994	-0.00016273084539016925
100.033994	-0.00016273084539016925
100.058057	-0.00013403346505311135
100.058057	-0.00013403346505311135
100.058057	-0.00013403346505311135
100.081929	-0.00010551120975698909
100.081929	-0.00010551120975698909
100.081929	-0.00010551120975698909
100.118093	-6.2609596370500194e-05
100.118093	-6.2609596370500194e-05
100.118093	-6.2609596370500194e-05
100.118093	-6.2609596370500194e-05
100.118093	-6.2609596370500194e-05
100.165929	-7.2604467505474157e-06
100.178034	6.4219797601797065e-06
100.178034	6.4219797601797065e-06
100.178034	6.4219797601797065e-06
100.178034	6.4219797601797065e-06
100.213991	4.5773964130566951e-05
100.225928	5.8408192662997942e-05
100.238023	7.1009102567391101e-05
100.238023	7.1009102567391101e-05
100.238023	7.1009102567391101e-05
100.238023	7.1009102567391101e-05
100.238023	7.1009102567391101e-05
100.238023	7.1009102567391101e-05
100.238023	7.1009102567391101e-05
100.238023	7.1009102567391101e-05
100.238023	7.1009102567391101e-05
100.238023	7.1009102567391101e-05
100.238023	7.1009102567391101e-05
100.298022	0.00012920205497332871
100.358027	0.00017937058736051958
100.358027	0.00017937058736051958
100.369928	0.00018818161122753968
100.369928	0.00018818161122753968
100.369928	0.00018818161122753968
100.369928	0.00018818161122753968
100.418053	0.000220279294347962
100.418053	0.000220279294347962
100.418053	0.000220279294347962
100.441942	0.00023371366700129139
100.454004	0.00023981193352928622
100.465929	0.0002455047109287562
100.478037	0.00025093960661120516
100.478037	0.00025093960661120516
100.478037	0.00025093960661120516
100.478037	0.00025093960661120516
100.478037	0.00025093960661120516
100.478037	0.00025093960661120516
100.538043	0.00027126810867676726
100.538043	0.00027126810867676726
100.538043	0.00027126810867676726
100.561929	0.00027647929170492627
100.573992	0.00027842829082288682
100.573992	0.00027842829082288682
100.598024	0.00028128773520761638
100.598024	0.00028128773520761638
100.598024	0.00028128773520761638
100.598024	0.00028128773520761638
100.63399	0.00028237075972090912
100.63399	0.00028237075972090912
100.658039	0.00028126050565457927
100.658039	0.00028126050565457927
100.658039	0.00028126050565457927
100.658039	0.00028126050565457927
100.693991	0.00027665737539519071
100.705929	0.00027441581745946727
100.718022	0.0002718343650098021
100.718022	0.0002718343650098021
100.718022	0.0002718343650098021
100.718022	0.0002718343650098021
100.718022	0.0002718343650098021
100.765929	0.00025800261320145903
100.778106	0.00025376630566828219
100.778106	0.00025376630566828219
100.789957	0.00024924220486545836
100.789957	0.00024924220486545836
100.789957	0.00024924220486545836
100.789957	0.00024924220486545836
100.838022	0.0002284846006367109
100.838022	0.0002284846006367109
100.849928	0.0002226606813908612
100.861928	0.00021666864351290563
100.861928	0.00021666864351290563
100.861928	0.00021666864351290563
100.898023	0.00019724095075789895
100.898023	0.00019724095075789895
100.898023	0.00019724095075789895
100.898023	0.00019724095075789895
100.898023	0.00019724095075789895
100.898023	0.00019724095075789895
100.958032	0.00016140473721735506
100.958032	0.00016140473721735506
100.958032	0.00016140473721735506
100.958032	0.00016140473721735506
100.994013	0.00013831611499394065
100.994013	0.00013831611499394065
101.018042	0.00012237669344879025
101.018057	0.00012236668882036389
101.018057	0.00012236668882036389
101.018057	0.00012236668882036389
101.018057	0.00012236668882036389
101.065986	8.9736414502206114e-05
101.078052	8.1449673835235764e-05
101.078052	8.1449673835235764e-05
101.078052	8.1449673835235764e-05
101.101944	6.5022240582955672e-05
101.101944	6.5022240582955672e-05
101.101944	6.5022240582955672e-05
101.138043	4.0312355909040117e-05
101.138043	4.0312355909040117e-05
101.138043	4.0312355909040117e-05
101.138043	4.0312355909040117e-05
101.138043	4.0312355909040117e-05
101.185943	-0.00047350029293946394
101.198056	-0.0013172540006840319
101.198056	-0.0013172540006840319
101.198056	-0.0013172540006840319
101.198056	-0.0013172540006840319
101.198056	-0.0013172540006840319
101.198056	-0.0013172540006840319
101.25806	-0.013800712482638441
101.25806	-0.013800712482638441
101.25806	-0.013800712482638441
101.25806	-0.013800712482638441
101.25806	-0.013800712482638441
101.25806	-0.013800712482638441
101.318075	-0.023052936477430806
101.318075	-0.023052936477430806
101.318075	-0.023052936477430806
101.342028	-0.022507652848996782
101.354015	-0.021816865999240497
101.365944	-0.021068725427175174
101.378048	-0.020247598161283849
101.378048	-0.020247598161283849
101.389945	-0.0194222687608177
101.389945	-0.0194222687608177
101.389945	-0.0194222687608177
101.425943	-0.016914013967974231
101.438113	-0.016064081171299829
101.438113	-0.016064081171299829
101.438113	-0.016064081171299829
101.461963	-0.014381837057714347
101.461963	-0.014381837057714347
101.461963	-0.014381837057714347
101.461963	-0.014381837057714347
101.498036	-0.011793987343095787
101.509943	-0.010930830202107429
101.521944	-0.010059525176976719
101.521944	-0.010059525176976719
101.545943	-0.008313200101147682
101.558058	-0.0074321048140916883
101.558058	-0.0074321048140916883
101.558058	-0.0074321048140916883
101.558058	-0.0074321048140916883
101.558058	-0.0074321048140916883
101.558058	-0.0074321048140916883
101.618037	-0.0032009068316705995
101.618037	-0.0032009068316705995
101.618037	-0.0032009068316705995
101.618037	-0.0032009068316705995
101.618037	-0.0032009068316705995
101.618037	-0.0032009068316705995
101.678064	0.00089721697534725581
101.678064	0.00089721697534725581
101.678064	0.00089721697534725581
101.678064	0.00089721697534725581
101.714026	0.0032125704484198209
101.714026	0.0032125704484198209
101.738042	0.004692855101525199
101.738042	0.004692855101525199
101.738042	0.004692855101525199
101.761944	0.0060975392390442505
101.774006	0.0067723549477371843
101.785944	0.0074256675546089182
101.798039	0.0080726905143452734
101.798039	0.0080726905143452734
101.798039	0.0080726905143452734
101.798039	0.0080726905143452734
101.798039	0.0080726905143452734
101.845964	0.010418826200441787
101.858042	0.010960492130953806
101.858042	0.010960492130953806
101.858042	0.010960492130953806
101.858042	0.010960492130953806
101.858042	0.010960492130953806
101.858042	0.010960492130953806
101.918043	0.013336136289410341
101.918043	0.013336136289410341
101.918043	0.013336136289410341
101.918043	0.013336136289410341
101.954011	0.01443586472015948
101.954011	0.01443586472015948
101.978067	0.015050049553052121
101.978067	0.015050049553052121
101.978067	0.015050049553052121
102.001947	0.015554164209977236
102.01401	0.015766350652126657
102.025958	0.015955515723880515
102.03806	0.016125735553283851
102.03806	0.016125735553283851
102.03806	0.016125735553283851
102.03806	0.016125735553283851
102.03806	0.016125735553283851
102.03806	0.016125735553283851
102.098139	0.016570721954848159
102.098139	0.016570721954848159
102.098139	0.016570721954848159
102.098139	0.016570721954848159
102.098139	0.016570721954848159
102.098139	0.016570721954848159
102.158052	0.016405628708143081
102.158052	0.016405628708143081
102.158052	0.016405628708143081
102.158052	0.016405628708143081
102.158052	0.016405628708143081
102.205957	0.01586067848754073
102.218051	0.015673748746813886
102.218051	0.015673748746813886
102.218051	0.015673748746813886
102.218051	0.015673748746813886
102.218051	0.015673748746813886
102.218051	0.015673748746813886
102.278079	0.014433693118479011
102.278079	0.014433693118479011
102.278079	0.014433693118479011
102.278079	0.014433693118479011
102.278079	0.014433693118479011
102.325957	0.013125279194222919
102.338052	0.01275872369245901
102.338052	0.01275872369245901
102.349957	0.012378474008220614
102.349957	0.012378474008220614
102.349957	0.012378474008220614
102.349957	0.012378474008220614
102.349957	0.012378474008220614
102.349957	0.012378474008220614
102.398056	0.010729583817069354
102.421957	0.0098432111166868539
102.421957	0.0098432111166868539
102.445957	0.0089158667457726708
102.458053	0.008438488398141172
102.458053	0.008438488398141172
102.458053	0.008438488398141172
102.458053	0.008438488398141172
102.458053	0.008438488398141172
102.505957	0.0064829327578010375
102.518058	0.0059785375659844242
102.518058	0.0059785375659844242
102.52996	0.0054785771379719881
102.52996	0.0054785771379719881
102.52996	0.0054785771379719881
102.565957	0.0039580727277720319
102.57808	0.0034446756702863892
102.57808	0.0034446756702863892
102.57808	0.0034446756702863892
102.57808	0.0034446756702863892
102.57808	0.0034446756702863892
102.57808	0.0034446756702863892
102.638076	0.00092984002834647396
102.638076	0.00092984002834647396
102.650331	0.00042735655223118471
102.650331	0.00042735655223118471
102.674065	-0.00053325361786764564
102.674065	-0.00053325361786764564
102.69806	-0.0014811781356231439
102.69806	-0.0014811781356231439
102.69806	-0.0014811781356231439
102.69806	-0.0014811781356231439
102.69806	-0.0014811781356231439
102.69806	-0.0014811781356231439
102.758132	-0.0037140566383654585
102.758132	-0.0037140566383654585
102.758132	-0.0037140566383654585
102.758132	-0.0037140566383654585
102.794032	-0.004932270339704589
102.794032	-0.004932270339704589
102.81805	-0.0056947608687579416
102.81805	-0.0056947608687579416
102.81805	-0.0056947608687579416
102.81805	-0.0056947608687579416
102.81805	-0.0056947608687579416
102.81805	-0.0056947608687579416
102.878073	-0.0073782247270046102
102.878073	-0.0073782247270046102
102.878073	-0.0073782247270046102
102.901957	-0.0079548933032015604
102.914029	-0.0082225912620326139
102.914029	-0.0082225912620326139
102.938062	-0.0087191412909739252
102.938062	-0.0087191412909739252
102.938062	-0.0087191412909739252
102.938062	-0.0087191412909739252
102.938062	-0.0087191412909739252
102.938062	-0.0087191412909739252
102.998053	-0.0096935175754032637
102.998053	-0.0096935175754032637
102.998053	-0.0096935175754032637
102.998053	-0.0096935175754032637
103.034036	-0.010094437718790485
103.045979	-0.010198258529911484
103.058075	-0.010290739608610478
103.058075	-0.010290739608610478
103.058075	-0.010290739608610478
103.081972	-0.010423547149742781
103.081972	-0.010423547149742781
103.105993	-0.010494566511999865
103.118067	-0.010511476836073282
103.118067	-0.010511476836073282
103.118067	-0.010511476836073282
103.118067	-0.010511476836073282
103.154109	-0.010465433547323462
103.165973	-0.010423497129882617
103.178073	-0.010369309424685695
103.178073	-0.010369309424685695
103.178073	-0.010369309424685695
103.178073	-0.010369309424685695
103.178073	-0.010369309424685695
103.178073	-0.010369309424685695
103.238086	-0.0098942369957760751
103.238086	-0.0098942369957760751
103.238086	-0.0098942369957760751
103.238086	-0.0098942369957760751
103.238086	-0.0098942369957760751
103.238086	-0.0098942369957760751
103.298069	-0.0091235729256741015
103.298069	-0.0091235729256741015
103.309972	-0.0089368393766362519
103.322052	-0.0087418836278870971
103.334045	-0.0085352941421209944
103.334045	-0.0085352941421209944
103.358068	-0.0080996322854719159
103.358068	-0.0080996322854719159
103.358068	-0.0080996322854719159
103.358068	-0.0080996322854719159
103.358068	-0.0080996322854719159
103.358068	-0.0080996322854719159
103.418143	-0.0068722268636886748
103.418143	-0.0068722268636886748
103.418143	-0.0068722268636886748
103.418143	-0.0068722268636886748
103.454051	-0.0060632981741249497
103.454051	-0.0060632981741249497
103.47808	-0.0054996257466943029
103.47808	-0.0054996257466943029
103.47808	-0.0054996257466943029
103.47808	-0.0054996257466943029
103.47808	-0.0054996257466943029
103.525993	-0.0043326509646356443
103.538067	-0.0040328528360867952
103.538067	-0.0040328528360867952
103.538067	-0.0040328528360867952
103.561972	-0.0034346696206251671
103.574038	-0.0031314222704875603
103.585996	-0.0028308304950987553
103.598064	-0.0025274146903418414
103.598064	-0.0025274146903418414
103.609972	-0.0022288384424404596
103.621972	-0.0019284676129585235
103.621972	-0.0019284676129585235
103.645984	-0.0013326425322617861
103.658087	-0.0010348001805884867
103.658087	-0.0010348001805884867
103.669972	-0.0007459281536775623
103.682043	-0.00045414216035900542
103.682043	-0.00045414216035900542
103.705972	0.00011236812551097399
103.718146	0.00039582070385507987
103.718146	0.00039582070385507987
103.718146	0.00039582070385507987
103.718146	0.00039582070385507987
103.718146	0.00039582070385507987
103.765972	0.0014598018560813917
103.778071	0.0017170746604561215
103.778071	0.0017170746604561215
103.778071	0.0017170746604561215
103.778071	0.0017170746604561215
103.778071	0.0017170746604561215
103.778071	0.0017170746604561215
103.838067	0.0028963993548464118
103.838067	0.0028963993548464118
103.838067	0.0028963993548464118
103.861972	0.0033192491557487674
103.861972	0.0033192491557487674
103.885972	0.0037129989747819413
103.898087	0.0039020925752994051
103.898087	0.0039020925752994051
103.898087	0.0039020925752994051
103.898087	0.0039020925752994051
103.898087	0.0039020925752994051
103.946061	0.0045637830374618653
103.958073	0.0047105581043393931
103.958073	0.0047105581043393931
103.969972	0.0048441650788454233
103.969972	0.0048441650788454233
103.994046	0.005093072446299504
103.994046	0.005093072446299504
104.018065	0.0053076546531666876
104.018065	0.0053076546531666876
104.018079	0.0053077755407558999
104.018079	0.0053077755407558999
104.018079	0.0053077755407558999
104.065986	0.0056264921665485591
104.078213	0.0056873631335478689
104.078213	0.0056873631335478689
104.078213	0.0056873631335478689
104.078213	0.0056873631335478689
104.078213	0.0056873631335478689
104.078213	0.0056873631335478689
104.138101	0.005850253806720363
104.138101	0.005850253806720363
104.138101	0.005850253806720363
104.138101	0.005850253806720363
104.138101	0.005850253806720363
104.138101	0.005850253806720363
104.138101	0.005850253806720363
104.138101	0.005850253806720363
104.138101	0.005850253806720363
104.138101	0.005850253806720363
104.198092	0.0058050748047620178
104.24599	0.0056257419274520206
104.258093	0.0055632300147851572
104.258093	0.0055632300147851572
104.258093	0.0055632300147851572
104.281986	0.0054164211843890876
104.281986	0.0054164211843890876
104.281986	0.0054164211843890876
104.318118	0.0051446628227425273
104.318118	0.0051446628227425273
104.318118	0.0051446628227425273
104.318118	0.0051446628227425273
104.318118	0.0051446628227425273
104.318118	0.0051446628227425273
104.378128	0.0045745251442291003
104.378128	0.0045745251442291003
104.378128	0.0045745251442291003
104.378128	0.0045745251442291003
104.378128	0.0045745251442291003
104.378128	0.0045745251442291003
104.43808	0.0038811905300510348
104.43808	0.0038811905300510348
104.43808	0.0038811905300510348
104.43808	0.0038811905300510348
104.43808	0.0038811905300510348
104.485986	0.0032581949221196171
104.498081	0.0030939673393232331
104.498081	0.0030939673393232331
104.498081	0.0030939673393232331
104.498081	0.0030939673393232331
104.534073	0.0025900995036572646
104.534073	0.0025900995036572646
104.558083	0.0022456241880777681
104.558083	0.0022456241880777681
104.558083	0.0022456241880777681
104.558083	0.0022456241880777681
104.558083	0.0022456241880777681
104.558083	0.0022456241880777681
104.618084	0.001367831475508159
104.618084	0.001367831475508159
104.618084	0.001367831475508159
104.618084	0.001367831475508159
104.618084	0.001367831475508159
104.665986	0.0006670056155283011
104.6781	0.00049152254839437905
104.6781	0.00049152254839437905
104.6781	0.00049152254839437905
104.6781	0.00049152254839437905
104.6781	0.00049152254839437905
104.6781	0.00049152254839437905
104.73815	-0.00035338622796710425
104.73815	-0.00035338622796710425
104.73815	-0.00035338622796710425
104.73815	-0.00035338622796710425
104.73815	-0.00035338622796710425
104.73815	-0.00035338622796710425
104.798082	-0.0011381973441655557
104.798082	-0.0011381973441655557
104.798082	-0.0011381973441655557
104.798082	-0.0011381973441655557
104.834053	-0.0015709347497592275
104.846007	-0.0017076435891149192
104.858123	-0.0018429993243921367
104.858123	-0.0018429993243921367
104.858123	-0.0018429993243921367
104.858123	-0.0018429993243921367
104.858123	-0.0018429993243921367
104.858123	-0.0018429993243921367
104.858123	-0.0018429993243921367
104.858123	-0.0018429993243921367
104.858123	-0.0018429993243921367
104.858123	-0.0018429993243921367
104.858123	-0.0018429993243921367
104.858123	-0.0018429993243921367
104.858123	-0.0018429993243921367
104.918085	-0.0024460919539923032
104.978108	-0.002933982303840438
105.00206	-0.0030933226181724068
105.00206	-0.0030933226181724068
105.00206	-0.0030933226181724068
105.038125	-0.0032931068527468823
105.03814	-0.0032931844034936398
105.03814	-0.0032931844034936398
105.03814	-0.0032931844034936398
105.03814	-0.0032931844034936398
105.086002	-0.0034833124820650456
105.098101	-0.0035192391232274872
105.098101	-0.0035192391232274872
105.098101	-0.0035192391232274872
105.098101	-0.0035192391232274872
105.098101	-0.0035192391232274872
105.098101	-0.0035192391232274872
105.098101	-0.0035192391232274872
105.098101	-0.0035192391232274872
105.1581	-0.0036145770292800674
105.182003	-0.003616899828562641
105.182003	-0.003616899828562641
105.182003	-0.003616899828562641
105.218122	-0.0035833153362614307
105.218122	-0.0035833153362614307
105.218122	-0.0035833153362614307
105.218122	-0.0035833153362614307
105.218122	-0.0035833153362614307
105.218122	-0.0035833153362614307
105.278099	-0.0034339097329054878
105.278099	-0.0034339097329054878
105.278099	-0.0034339097329054878
105.302005	-0.0033439774268585443
105.302005	-0.0033439774268585443
105.326021	-0.0032368897625756495
105.338102	-0.0031781784423167824
105.338102	-0.0031781784423167824
105.338102	-0.0031781784423167824
105.338102	-0.0031781784423167824
105.338102	-0.0031781784423167824
105.338102	-0.0031781784423167824
105.338102	-0.0031781784423167824
105.338102	-0.0031781784423167824
105.338102	-0.0031781784423167824
105.338102	-0.0031781784423167824
105.338102	-0.0031781784423167824
105.398163	-0.0028308331836978738
105.4581	-0.0024103077347901744
105.4581	-0.0024103077347901744
105.470009	-0.002319141878620196
105.470009	-0.002319141878620196
105.470009	-0.002319141878620196
105.506002	-0.0020335879511778109
105.518098	-0.0019344222553372679
105.518098	-0.0019344222553372679
105.518098	-0.0019344222553372679
105.518098	-0.0019344222553372679
105.518098	-0.0019344222553372679
105.518098	-0.0019344222553372679
105.518098	-0.0019344222553372679
105.518098	-0.0019344222553372679
105.518098	-0.0019344222553372679
105.602003	-0.0012141589706757012
105.602003	-0.0012141589706757012
105.602003	-0.0012141589706757012
105.638109	-0.00089633097990105676
105.638109	-0.00089633097990105676
105.638109	-0.00089633097990105676
105.638109	-0.00089633097990105676
105.638109	-0.00089633097990105676
105.686002	-0.0004774788073185765
105.698099	-0.00037293666172687776
105.698099	-0.00037293666172687776
105.698099	-0.00037293666172687776
105.698099	-0.00037293666172687776
105.734073	-6.8234828297860853e-05
105.746023	3.072748657380171e-05
105.7581	0.00012966237472955959
105.7581	0.00012966237472955959
105.770002	0.00022508866967857241
105.770002	0.00022508866967857241
105.770002	0.00022508866967857241
105.770002	0.00022508866967857241
105.770002	0.00022508866967857241
105.818097	0.00059649147586935129
105.830122	0.00068430798713276224
105.842003	0.00076996420878410723
105.842003	0.00076996420878410723
105.842003	0.00076996420878410723
105.842003	0.00076996420878410723
105.842003	0.00076996420878410723
105.842003	0.00076996420878410723
105.842003	0.00076996420878410723
105.842003	0.00076996420878410723
105.87812	0.0010154127240716
105.938099	0.0013723353283539694
105.938099	0.0013723353283539694
105.938099	0.0013723353283539694
105.938099	0.0013723353283539694
105.974069	0.0015526772123293563
105.974069	0.0015526772123293563
105.998096	0.0016593159742336627
105.998096	0.0016593159742336627
105.998096	0.0016593159742336627
105.998096	0.0016593159742336627
106.034082	0.0017951432526772963
106.034082	0.0017951432526772963
106.058198	0.0018715896749431575
106.058198	0.0018715896749431575
106.070016	0.0019034848542908661
106.070016	0.0019034848542908661
106.094083	0.0019607296330390448
106.106016	0.0019843436911014659
106.118115	0.0020056772437801696
106.118115	0.0020056772437801696
106.118115	0.0020056772437801696
106.118115	0.0020056772437801696
106.118115	0.0020056772437801696
106.118115	0.0020056772437801696
106.118115	0.0020056772437801696
106.118115	0.0020056772437801696
106.118115	0.0020056772437801696
106.118115	0.0020056772437801696
106.118115	0.0020056772437801696
106.178111	0.0020626665508416231
106.238115	0.0020456677941674863
106.238115	0.0020456677941674863
106.238115	0.0020456677941674863
106.262016	0.0020194174874820546
106.274099	0.0020017188784151852
106.286017	0.0019821380869496988
106.29811	0.0019601562714263573
106.29811	0.0019601562714263573
106.29811	0.0019601562714263573
106.29811	0.0019601562714263573
106.334089	0.0018786947331038142
106.334089	0.0018786947331038142
106.334089	0.0018786947331038142
106.334089	0.0018786947331038142
106.334089	0.0018786947331038142
106.334089	0.0018786947331038142
106.334089	0.0018786947331038142
106.334089	0.0018786947331038142
106.334089	0.0018786947331038142
106.334089	0.0018786947331038142
106.358209	0.0018133424244686752
106.418111	0.0016147602790725509
106.454173	0.0014739052208613468
106.466027	0.0014247498640467182
106.478132	0.0013733995616971252
106.478132	0.0013733995616971252
106.478132	0.0013733995616971252
106.502015	0.0012678992612648052
106.514082	0.0012126986037649626
106.526017	0.0011572920463297177
106.53811	0.0011003450400655238
106.53811	0.0011003450400655238
106.53811	0.0011003450400655238
106.562036	0.00098501007509949274
106.562036	0.00098501007509949274
106.586087	0.00086653610193129077
106.598117	0.00080678568399833092
106.598117	0.00080678568399833092
106.598117	0.00080678568399833092
106.598117	0.00080678568399833092
106.598117	0.00080678568399833092
106.646016	0.00056720140635365703
106.646016	0.00056720140635365703
106.646016	0.00056720140635365703
106.658111	0.00050653256837838892
106.682017	0.00038683024194363679
106.682017	0.00038683024194363679
106.682017	0.00038683024194363679
106.718199	0.00020720022725407853
106.718199	0.00020720022725407853
106.730016	0.00014936326151920219
106.742016	9.0892563166603259e-05
106.742016	9.0892563166603259e-05
106.766017	-2.3966695071688798e-05
106.778115	-8.1019277646093174e-05
106.778115	-8.1019277646093174e-05
106.778115	-8.1019277646093174e-05
106.778115	-8.1019277646093174e-05
106.814081	-0.00024522733449707017
106.814081	-0.00024522733449707017
106.838111	-0.00035053048924838713
106.838111	-0.00035053048924838713
106.838111	-0.00035053048924838713
106.838111	-0.00035053048924838713
106.874079	-0.00049947975880244421
106.88602	-0.00054658171612584697
106.898133	-0.00059330244385951021
106.898133	-0.00059330244385951021
106.898133	-0.00059330244385951021
106.898133	-0.00059330244385951021
106.898133	-0.00059330244385951021
106.946035	-0.00076305196421713858
106.958131	-0.00080256570276927375
106.958131	-0.00080256570276927375
106.958131	-0.00080256570276927375
106.958131	-0.00080256570276927375
106.958131	-0.00080256570276927375
106.958131	-0.00080256570276927375
106.958131	-0.00080256570276927375
106.958131	-0.00080256570276927375
107.018114	-0.00097374997293944211
107.042017	-0.0010306379827268129
107.042031	-0.0010306680243565461
107.06603	-0.0010807182854804683
107.078127	-0.0011037724578796826
107.078127	-0.0011037724578796826
107.090072	-0.0011240992689127642
107.090072	-0.0011240992689127642
107.090072	-0.0011240992689127642
107.090072	-0.0011240992689127642
107.138125	-0.0011903409594840749
107.138125	-0.0011903409594840749
107.138125	-0.0011903409594840749
107.138125	-0.0011903409594840749
107.174095	-0.0012208537122460682
107.186031	-0.0012276081037104116
107.198127	-0.0012330155782174839
107.198127	-0.0012330155782174839
107.198127	-0.0012330155782174839
107.198127	-0.0012330155782174839
107.198127	-0.0012330155782174839
107.246109	-0.0012360480623822064
107.25814	-0.0012329877752609499
107.25814	-0.0012329877752609499
107.25814	-0.0012329877752609499
107.25814	-0.0012329877752609499
107.25814	-0.0012329877752609499
107.25814	-0.0012329877752609499
107.25814	-0.0012329877752609499
107.25814	-0.0012329877752609499
107.25814	-0.0012329877752609499
107.25814	-0.0012329877752609499
107.318143	-0.0011921624534026985
107.366031	-0.0011322569438316961
107.378196	-0.0011138053204782841
107.378196	-0.0011138053204782841
107.39003	-0.0010940435773752805
107.39003	-0.0010940435773752805
107.39003	-0.0010940435773752805
107.39003	-0.0010940435773752805
107.438157	-0.0010029172367360111
107.438157	-0.0010029172367360111
107.45003	-0.00097731112896370519
107.45003	-0.00097731112896370519
107.474096	-0.00092286759983642571
107.48603	-0.00089441127049511742
107.498166	-0.00086471145263564977
107.498166	-0.00086471145263564977
107.498166	-0.00086471145263564977
107.498166	-0.00086471145263564977
107.498166	-0.00086471145263564977
107.498166	-0.00086471145263564977
107.558144	-0.00070565381541905106
107.558144	-0.00070565381541905106
107.558144	-0.00070565381541905106
107.582031	-0.00063778785715143036
107.582031	-0.00063778785715143036
107.582031	-0.00063778785715143036
107.618125	-0.00053072449028721436
107.618125	-0.00053072449028721436
107.618125	-0.00053072449028721436
107.642102	-0.00045726767421306176
107.642102	-0.00045726767421306176
107.642102	-0.00045726767421306176
107.678132	-0.00034518769771682605
107.678132	-0.00034518769771682605
107.678132	-0.00034518769771682605
107.678132	-0.00034518769771682605
107.714095	-0.00023308459426369689
107.726031	-0.00019609668017594577
107.738127	-0.00015874601373963608
107.738127	-0.00015874601373963608
107.738127	-0.00015874601373963608
107.738127	-0.00015874601373963608
107.738127	-0.00015874601373963608
107.738127	-0.00015874601373963608
107.798144	2.2069053998055974e-05
107.798144	2.2069053998055974e-05
107.810283	5.7304919729230274e-05
107.822031	9.1135727252340029e-05
107.822031	9.1135727252340029e-05
107.846031	0.00015824753216213489
107.858124	0.0001912987543886928
107.858124	0.0001912987543886928
107.858124	0.0001912987543886928
107.858124	0.0001912987543886928
107.894113	0.00028499315302902005
107.894113	0.00028499315302902005
107.918128	0.00034381141140180912
107.918128	0.00034381141140180912
107.918128	0.00034381141140180912
107.918128	0.00034381141140180912
107.918128	0.00034381141140180912
107.966031	0.00045022845473573523
107.978132	0.00047497477668366207
107.978132	0.00047497477668366207
107.978132	0.00047497477668366207
107.978132	0.00047497477668366207
107.978132	0.00047497477668366207
107.978132	0.00047497477668366207
107.978132	0.00047497477668366207
107.978132	0.00047497477668366207
108.038193	0.00058169902865149586
108.062047	0.0006166980699052018
108.062047	0.0006166980699052018
108.086046	0.00064735378561487126
108.098145	0.00066140203832531206
108.098145	0.00066140203832531206
108.098145	0.00066140203832531206
108.098145	0.00066140203832531206
108.134117	0.00069556990201859788
108.134117	0.00069556990201859788
108.134117	0.00069556990201859788
108.134117	0.00069556990201859788
108.158163	0.00071304581383580716
108.182046	0.00072569613250861569
108.182046	0.00072569613250861569
108.182046	0.00072569613250861569
108.218138	0.00073630480263763996
108.218138	0.00073630480263763996
108.230046	0.00073732712942802686
108.230046	0.00073732712942802686
108.254121	0.00073670336394828883
108.254121	0.00073670336394828883
108.278145	0.00073195742038396471
108.278145	0.00073195742038396471
108.278145	0.00073195742038396471
108.302116	0.00072293962533601704
108.302116	0.00072293962533601704
108.302116	0.00072293962533601704
108.338219	0.00070201909532247389
108.338219	0.00070201909532247389
108.338219	0.00070201909532247389
108.338219	0.00070201909532247389
108.374113	0.00067286505627412992
108.386047	0.00066153412935190926
108.398143	0.00064936583909837547
108.398143	0.00064936583909837547
108.398143	0.00064936583909837547
108.398143	0.00064936583909837547
108.434179	0.00060798103657733605
108.434179	0.00060798103657733605
108.458153	0.00057715362786946666
108.458153	0.00057715362786946666
108.47006	0.00056070954507021417
108.47006	0.00056070954507021417
108.494111	0.00052601993266061255
108.494111	0.00052601993266061255
108.518147	0.00048916171993283644
108.518147	0.00048916171993283644
108.518147	0.00048916171993283644
108.518147	0.00048916171993283644
108.518147	0.00048916171993283644
108.518147	0.00048916171993283644
108.578147	0.00038928236409273287
108.578147	0.00038928236409273287
108.578147	0.00038928236409273287
108.578147	0.00038928236409273287
108.614113	0.00032570775303703285
108.626047	0.00030422774327945953
108.638143	0.00028232175387294951
108.638143	0.00028232175387294951
108.638143	0.00028232175387294951
108.638143	0.00028232175387294951
108.674112	0.00021659711344821443
108.686046	0.00019473605443675628
108.698215	0.00017244981026042329
108.698215	0.00017244981026042329
108.710046	0.00015085856646754773
108.710046	0.00015085856646754773
108.710046	0.00015085856646754773
108.710046	0.00015085856646754773
108.758141	6.4120403456569344e-05
108.758141	6.4120403456569344e-05
108.758141	6.4120403456569344e-05
108.758141	6.4120403456569344e-05
108.758141	6.4120403456569344e-05
108.758141	6.4120403456569344e-05
108.818141	0.0021656586972702463
108.818141	0.0021656586972702463
108.818141	0.0021656586972702463
108.818141	0.0021656586972702463
108.818141	0.0021656586972702463
108.818141	0.0021656586972702463
108.878145	0.0089674055453748715
108.878145	0.0089674055453748715
108.878145	0.0089674055453748715
108.878145	0.0089674055453748715
108.878145	0.0089674055453748715
108.878145	0.0089674055453748715
108.938143	0.010863348408385393
108.938143	0.010863348408385393
108.938143	0.010863348408385393
108.938143	0.010863348408385393
108.938143	0.010863348408385393
108.938143	0.010863348408385393
108.998163	0.0089010315310643923
108.998163	0.0089010315310643923
108.998163	0.0089010315310643923
108.998163	0.0089010315310643923
109.03411	0.0076258007265080545
109.03411	0.0076258007265080545
109.058163	0.0067675724542826943
109.058178	0.0067670363150389339
109.058178	0.0067670363150389339
109.058178	0.0067670363150389339
109.094195	0.005464127343105708
109.106061	0.0050315759618334037
109.118155	0.0045897084965433
109.118155	0.0045897084965433
109.118155	0.0045897084965433
109.142061	0.0037159451836264986
109.142061	0.0037159451836264986
109.166062	0.0028428846371337745
109.17816	0.0024051899094705122
109.17816	0.0024051899094705122
109.17816	0.0024051899094705122
109.17816	0.0024051899094705122
109.17816	0.0024051899094705122
109.17816	0.0024051899094705122
109.238158	0.00029640206600168575
109.238158	0.00029640206600168575
109.25008	-0.00010620350536488983
109.25008	-0.00010620350536488983
109.274139	-0.00090342825593393904
109.286061	-0.0012883244782222981
109.298178	-0.0016737564290267471
109.298178	-0.0016737564290267471
109.298178	-0.0016737564290267471
109.298178	-0.0016737564290267471
109.334133	-0.0027647471577449097
109.334133	-0.0027647471577449097
109.358234	-0.0034548589764095742
109.358234	-0.0034548589764095742
109.370061	-0.003776426944585692
109.370061	-0.003776426944585692
109.394154	-0.0044067615932245749
109.394154	-0.0044067615932245749
109.418156	-0.0049940665079700282
109.418156	-0.0049940665079700282
109.418156	-0.0049940665079700282
109.418156	-0.0049940665079700282
109.418156	-0.0049940665079700282
109.418156	-0.0049940665079700282
109.478157	-0.0062605449966651391
109.478157	-0.0062605449966651391
109.478157	-0.0062605449966651391
109.478157	-0.0062605449966651391
109.478157	-0.0062605449966651391
109.478157	-0.0062605449966651391
109.53816	-0.0072263711144386882
109.53816	-0.0072263711144386882
109.550081	-0.007378085861921466
109.550081	-0.007378085861921466
109.550081	-0.007378085861921466
109.586062	-0.0077693808662716579
109.598188	-0.0078775359485079126
109.598188	-0.0078775359485079126
109.598188	-0.0078775359485079126
109.598188	-0.0078775359485079126
109.598188	-0.0078775359485079126
109.646061	-0.0081673763579988342
109.646061	-0.0081673763579988342
109.646061	-0.0081673763579988342
109.646061	-0.0081673763579988342
109.658163	-0.0082117442129477827
109.694126	-0.008260927721247183
109.694126	-0.008260927721247183
109.718156	-0.0082371389226668541
109.718156	-0.0082371389226668541
109.718156	-0.0082371389226668541
109.718156	-0.0082371389226668541
109.718156	-0.0082371389226668541
109.718156	-0.0082371389226668541
109.778167	-0.0079719629095721042
109.778167	-0.0079719629095721042
109.790065	-0.0078845965628722772
109.802061	-0.007790918097382942
109.802061	-0.007790918097382942
109.802061	-0.007790918097382942
109.838158	-0.0074428182309982599
109.838158	-0.0074428182309982599
109.838158	-0.0074428182309982599
109.838158	-0.0074428182309982599
109.838158	-0.0074428182309982599
109.838158	-0.0074428182309982599
109.898158	-0.0066837299383589637
109.898158	-0.0066837299383589637
109.898158	-0.0066837299383589637
109.898158	-0.0066837299383589637
109.934134	-0.0061345883781178364
109.934134	-0.0061345883781178364
109.958159	-0.0057364545281243951
109.958159	-0.0057364545281243951
109.958159	-0.0057364545281243951
109.982061	-0.0053158364054506167
109.994132	-0.0050947106322047284
109.994132	-0.0050947106322047284
110.018262	-0.0046411287110375617
110.018262	-0.0046411287110375617
110.018262	-0.0046411287110375617
110.018262	-0.0046411287110375617
110.018262	-0.0046411287110375617
110.018262	-0.0046411287110375617
110.078208	-0.0034484936479205457
110.078208	-0.0034484936479205457
110.078208	-0.0034484936479205457
110.078208	-0.0034484936479205457
110.078208	-0.0034484936479205457
110.078208	-0.0034484936479205457
110.138174	-0.0022023768183791811
110.138174	-0.0022023768183791811
110.138174	-0.0022023768183791811
110.138174	-0.0022023768183791811
110.138174	-0.0022023768183791811
110.138174	-0.0022023768183791811
110.198174	-0.00094797252440469116
110.198174	-0.00094797252440469116
110.210099	-0.00070211075763833091
110.222079	-0.00045610200837415993
110.222079	-0.00045610200837415993
110.222079	-0.00045610200837415993
110.258183	0.00027035727255618106
110.258183	0.00027035727255618106
110.270079	0.00050338616590615305
110.270079	0.00050338616590615305
110.294143	0.00096615765792806049
110.294143	0.00096615765792806049
110.318272	0.0014148011952391528
110.318272	0.0014148011952391528
110.318272	0.0014148011952391528
110.318272	0.0014148011952391528
110.318272	0.0014148011952391528
110.366079	0.0022465285151122426
110.378176	0.0024454124810032421
110.378176	0.0024454124810032421
110.39018	0.0026348785358348433
110.39018	0.0026348785358348433
110.39018	0.0026348785358348433
110.39018	0.0026348785358348433
110.438189	0.0033398934852912
110.438189	0.0033398934852912
110.438189	0.0033398934852912
110.46208	0.0036523044411354414
110.474145	0.0037990750731210542
110.486079	0.0039384273914267118
110.498174	0.0040739739383570507
110.498174	0.0040739739383570507
110.498174	0.0040739739383570507
110.498174	0.0040739739383570507
110.498174	0.0040739739383570507
110.546152	0.0045337297935365882
110.558181	0.0046324410515577834
110.558181	0.0046324410515577834
110.558181	0.0046324410515577834
110.558181	0.0046324410515577834
110.558181	0.0046324410515577834
110.558181	0.0046324410515577834
110.618175	0.0050065482764694615
110.618175	0.0050065482764694615
110.618175	0.0050065482764694615
110.618175	0.0050065482764694615
110.618175	0.0050065482764694615
110.618175	0.0050065482764694615
110.678251	0.0051941995232852554
110.678251	0.0051941995232852554
110.678251	0.0051941995232852554
110.678251	0.0051941995232852554
110.678251	0.0051941995232852554
110.72608	0.005211891191924339
110.738173	0.0052001696570427268
110.738173	0.0052001696570427268
110.738173	0.0052001696570427268
110.738173	0.0052001696570427268
110.738173	0.0052001696570427268
110.786083	0.0050806450013996087
110.798201	0.0050354136599775022
110.798201	0.0050354136599775022
110.798201	0.0050354136599775022
110.798201	0.0050354136599775022
110.798201	0.0050354136599775022
110.798201	0.0050354136599775022
110.858175	0.004715094256795678
110.858175	0.004715094256795678
110.858175	0.004715094256795678
110.858175	0.004715094256795678
110.858175	0.004715094256795678
110.90608	0.0043601835583291599
110.918175	0.004259208715891161
110.918175	0.004259208715891161
110.918175	0.004259208715891161
110.918175	0.004259208715891161
110.95415	0.003929532210063709
110.95415	0.003929532210063709
110.978183	0.003690726694622005
110.978183	0.003690726694622005
110.978183	0.003690726694622005
111.00208	0.0034388139442054931
111.014144	0.0033064655558292387
111.014144	0.0033064655558292387
111.038174	0.0030360067680150001
111.038174	0.0030360067680150001
111.038174	0.0030360067680150001
111.038174	0.0030360067680150001
111.038189	0.0030358365671188945
111.086094	0.0024690476737873009
111.098207	0.002321772250644576
111.098207	0.002321772250644576
111.098207	0.002321772250644576
111.098207	0.002321772250644576
111.098207	0.002321772250644576
111.098207	0.002321772250644576
111.158192	0.0015767756380792018
111.158192	0.0015767756380792018
111.158192	0.0015767756380792018
111.158192	0.0015767756380792018
111.158192	0.0015767756380792018
111.158192	0.0015767756380792018
111.21819	0.00082699493486999213
111.21819	0.00082699493486999213
111.21819	0.00082699493486999213
111.21819	0.00082699493486999213
111.21819	0.00082699493486999213
111.266094	0.0002420004474371501
111.278191	9.7468418821479663e-05
111.278191	9.7468418821479663e-05
111.290094	-4.2271285472073581e-05
111.302094	-0.00018211371020741899
111.302094	-0.00018211371020741899
111.326094	-0.00045425744943812627
111.338265	-0.00058933487634804248
111.338265	-0.00058933487634804248
111.338265	-0.00058933487634804248
111.362114	-0.00084516185363931015
111.362114	-0.00084516185363931015
111.386095	-0.0010904956587859771
111.398226	-0.0012107414481971376
111.398226	-0.0012107414481971376
111.398226	-0.0012107414481971376
111.398226	-0.0012107414481971376
111.434158	-0.0015446073988381593
111.434158	-0.0015446073988381593
111.458191	-0.0017511169138958601
111.458191	-0.0017511169138958601
111.458191	-0.0017511169138958601
111.458191	-0.0017511169138958601
111.458191	-0.0017511169138958601
111.458191	-0.0017511169138958601
111.518189	-0.0021973167689241773
111.518189	-0.0021973167689241773
111.518189	-0.0021973167689241773
111.518189	-0.0021973167689241773
111.554163	-0.0024149617995881112
111.566095	-0.0024788644971885554
111.578192	-0.0025400960966855631
111.578192	-0.0025400960966855631
111.578192	-0.0025400960966855631
111.578192	-0.0025400960966855631
111.578192	-0.0025400960966855631
111.626094	-0.002736492965633476
111.626094	-0.002736492965633476
111.626094	-0.002736492965633476
111.626094	-0.002736492965633476
111.638298	-0.0027766420422678656
111.67416	-0.0028651584670229503
111.67416	-0.0028651584670229503
111.698189	-0.0029038321398735531
111.698189	-0.0029038321398735531
111.698189	-0.0029038321398735531
111.698189	-0.0029038321398735531
111.698189	-0.0029038321398735531
111.698189	-0.0029038321398735531
111.758193	-0.0029235568203037393
111.758193	-0.0029235568203037393
111.758193	-0.0029235568203037393
111.782095	-0.0029024776419783928
111.794165	-0.0028852677231732226
111.806095	-0.0028650259113045589
111.818196	-0.0028413559563178594
111.818196	-0.0028413559563178594
111.818196	-0.0028413559563178594
111.818196	-0.0028413559563178594
111.818196	-0.0028413559563178594
111.818196	-0.0028413559563178594
111.878232	-0.0026663843700633011
111.878232	-0.0026663843700633011
111.878232	-0.0026663843700633011
111.878232	-0.0026663843700633011
111.914161	-0.0025215307943159634
111.926144	-0.0024674575442454566
111.938206	-0.0024106873850206294
111.938206	-0.0024106873850206294
111.938206	-0.0024106873850206294
111.938206	-0.0024106873850206294
111.938206	-0.0024106873850206294
111.986094	-0.0021569606725075621
111.998265	-0.0020869761450467384
111.998265	-0.0020869761450467384
112.010114	-0.0020159138629587819
112.010114	-0.0020159138629587819
112.010114	-0.0020159138629587819
112.010114	-0.0020159138629587819
112.058199	-0.0017112374407346114
112.058199	-0.0017112374407346114
112.070095	-0.0016314307732957108
112.07011	-0.0016313296787185234
112.07011	-0.0016313296787185234
112.07011	-0.0016313296787185234
112.118203	-0.0012980514723595321
112.118203	-0.0012980514723595321
112.118203	-0.0012980514723595321
112.14213	-0.0011266288077496109
112.14213	-0.0011266288077496109
112.14213	-0.0011266288077496109
112.178231	-0.00086392125919471747
112.178231	-0.00086392125919471747
112.178231	-0.00086392125919471747
112.178231	-0.00086392125919471747
112.214173	-0.00060090911697342504
112.22611	-0.00051386047405073887
112.238206	-0.00042586777297129333
112.238206	-0.00042586777297129333
112.238206	-0.00042586777297129333
112.238206	-0.00042586777297129333
112.238206	-0.00042586777297129333
112.238206	-0.00042586777297129333
112.298208	1.8711069710868511e-06
112.298208	1.8711069710868511e-06
112.310171	8.4430955305419558e-05
112.310171	8.4430955305419558e-05
112.310171	8.4430955305419558e-05
112.310171	8.4430955305419558e-05
112.358206	0.00040552855273844643
112.358206	0.00040552855273844643
112.370109	0.00048131343748694959
112.370109	0.00048131343748694959
112.370109	0.00048131343748694959
112.370109	0.00048131343748694959
112.418202	0.00077191178227234251
112.418202	0.00077191178227234251
112.418202	0.00077191178227234251
112.418202	0.00077191178227234251
112.418202	0.00077191178227234251
112.46611	0.0014417326851709174
112.478214	0.0023193163576154265
112.478214	0.0023193163576154265
112.478214	0.0023193163576154265
112.478214	0.0023193163576154265
112.478214	0.0023193163576154265
112.478214	0.0023193163576154265
112.538296	0.0036263111391481619
112.538296	0.0036263111391481619
112.538296	0.0036263111391481619
112.538296	0.0036263111391481619
112.538296	0.0036263111391481619
112.538296	0.0036263111391481619
112.598238	0.0018688848086221375
112.598238	0.0018688848086221375
112.598238	0.0018688848086221375
112.598238	0.0018688848086221375
112.598238	0.0018688848086221375
112.598238	0.0018688848086221375
112.658311	0.0013475177416216895
112.658311	0.0013475177416216895
112.658311	0.0013475177416216895
112.658311	0.0013475177416216895
112.694192	0.0012991118175913368
112.694192	0.0012991118175913368
112.718204	0.0012739356017076914
112.718204	0.0012739356017076914
112.718204	0.0012739356017076914
112.718204	0.0012739356017076914
112.718204	0.0012739356017076914
112.766109	0.0010090330149534609
112.778207	0.00058640630167016046
112.778207	0.00058640630167016046
112.778207	0.00058640630167016046
112.778207	0.00058640630167016046
112.778207	0.00058640630167016046
112.778207	0.00058640630167016046
112.83821	-4.2760312403718987e-05
112.83821	-4.2760312403718987e-05
112.83821	-4.2760312403718987e-05
112.862109	-2.9703822729039752e-05
112.862109	-2.9703822729039752e-05
112.862109	-2.9703822729039752e-05
112.898204	0.00071798307940068183
112.898204	0.00071798307940068183
112.898204	0.00071798307940068183
112.898204	0.00071798307940068183
112.898204	0.00071798307940068183
112.946109	0.00087375092186359269
112.958209	0.00087110819930889436
112.958209	0.00087110819930889436
112.958209	0.00087110819930889436
112.98211	0.00083791321591443479
112.98211	0.00083791321591443479
112.98211	0.00083791321591443479
113.018204	0.00077270729502122682
113.018204	0.00077270729502122682
113.018204	0.00077270729502122682
113.018204	0.00077270729502122682
113.054269	0.00069962374747771787
113.066109	0.00067223094775146575
113.078224	0.00064149793597001871
113.078239	0.00064145988436651636
113.078239	0.00064145988436651636
113.078239	0.00064145988436651636
113.114188	0.00055784348962572097
113.114188	0.00055784348962572097
113.138219	0.00050389180208943482
113.138219	0.00050389180208943482
113.138219	0.00050389180208943482
113.138219	0.00050389180208943482
113.138219	0.00050389180208943482
113.138219	0.00050389180208943482
113.198223	0.00042042043880786327
113.198223	0.00042042043880786327
113.210124	0.00039895456330490622
113.210124	0.00039895456330490622
113.210124	0.00039895456330490622
113.210124	0.00039895456330490622
113.258222	0.00029926599068102279
113.258222	0.00029926599068102279
113.258222	0.00029926599068102279
113.282124	0.00024650391079606722
113.282124	0.00024650391079606722
113.282124	0.00024650391079606722
113.318321	0.00016633512149788498
113.318321	0.00016633512149788498
113.318321	0.00016633512149788498
113.318321	0.00016633512149788498
113.318321	0.00016633512149788498
113.318321	0.00016633512149788498
113.378245	3.6002906267526124e-05
113.378245	3.6002906267526124e-05
113.378245	3.6002906267526124e-05
113.378245	3.6002906267526124e-05
113.378245	3.6002906267526124e-05
113.378245	3.6002906267526124e-05
113.438228	-8.9449572563403716e-05
113.438228	-8.9449572563403716e-05
113.45021	-0.00011374787300734653
113.45021	-0.00011374787300734653
113.45021	-0.00011374787300734653
113.45021	-0.00011374787300734653
113.498241	-0.00020880253514985608
113.498241	-0.00020880253514985608
113.498241	-0.00020880253514985608
113.498241	-0.00020880253514985608
113.534195	-0.00027762215884550993
113.546125	-0.00029983070622290232
113.558224	-0.000322037257438569
113.558224	-0.000322037257438569
113.558224	-0.000322037257438569
113.558224	-0.000322037257438569
113.558224	-0.000322037257438569
113.558224	-0.000322037257438569
113.558224	-0.000322037257438569
113.558224	-0.000322037257438569
113.558224	-0.000322037257438569
113.558224	-0.000322037257438569
113.558224	-0.000322037257438569
113.618222	-0.00042454881641198295
113.678221	-0.00051309029817309798
113.678221	-0.00051309029817309798
113.678221	-0.00051309029817309798
113.702124	-0.00054379823091313547
113.702124	-0.00054379823091313547
113.726124	-0.00057167006141360893
113.738218	-0.00058477785868375667
113.738218	-0.00058477785868375667
113.738218	-0.00058477785868375667
113.738218	-0.00058477785868375667
113.738218	-0.00058477785868375667
113.786125	-0.00062794306157169615
113.79822	-0.00063693699192278886
113.79822	-0.00063693699192278886
113.79822	-0.00063693699192278886
113.79822	-0.00063693699192278886
113.834188	-0.00065784813563449923
113.846217	-0.00066305986411126022
113.858227	-0.0006675126432208944
113.858227	-0.0006675126432208944
113.858227	-0.0006675126432208944
113.882167	-0.00067316733344713255
113.894191	-0.00067442625569636393
113.906125	-0.0006748533211594314
113.918219	-0.00067449565191746923
113.918219	-0.00067449565191746923
113.918219	-0.00067449565191746923
113.942124	-0.00067046394960791774
113.942124	-0.00067046394960791774
113.966124	-0.00066227890415509105
113.978314	-0.00065685467713960286
113.978314	-0.00065685467713960286
113.990124	-0.00065020133616150021
114.002124	-0.00064291528185809652
114.002124	-0.00064291528185809652
114.026124	-0.00062483251281230604
114.03822	-0.00061450890190459066
114.03822	-0.00061450890190459066
114.050243	-0.00060289899086584135
114.050243	-0.00060289899086584135
114.050243	-0.00060289899086584135
114.050243	-0.00060289899086584135
114.098247	-0.00054882266307435966
114.098247	-0.00054882266307435966
114.110247	-0.00053327422204410004
114.110247	-0.00053327422204410004
114.110247	-0.00053327422204410004
114.110247	-0.00053327422204410004
114.158252	-0.00046494127057008236
114.158252	-0.00046494127057008236
114.158252	-0.00046494127057008236
114.158252	-0.00046494127057008236
114.158252	-0.00046494127057008236
114.206139	-0.00038554801810690567
114.218235	-0.00036411808531929284
114.218235	-0.00036411808531929284
114.218235	-0.00036411808531929284
114.218235	-0.00036411808531929284
114.218235	-0.00036411808531929284
114.266138	-0.00027395789625686817
114.278326	-0.00025006866082733967
114.278326	-0.00025006866082733967
114.278326	-0.00025006866082733967
114.278326	-0.00025006866082733967
114.278326	-0.00025006866082733967
114.278326	-0.00025006866082733967
114.338239	-0.00012883021408781478
114.338239	-0.00012883021408781478
114.338239	-0.00012883021408781478
114.338239	-0.00012883021408781478
114.338239	-0.00012883021408781478
114.338239	-0.00012883021408781478
114.398232	-5.7272530138103775e-06
114.398232	-5.7272530138103775e-06
114.398232	-5.7272530138103775e-06
114.398232	-5.7272530138103775e-06
114.434206	6.6381303057958638e-05
114.446139	8.9749417990109536e-05
114.458259	0.0001132150993172508
114.458259	0.0001132150993172508
114.458259	0.0001132150993172508
114.458259	0.0001132150993172508
114.494202	0.00017965994824824979
114.494202	0.00017965994824824979
114.518251	0.0002209219837587171
114.518251	0.0002209219837587171
114.530138	0.0002399979294699018
114.530138	0.0002399979294699018
114.530138	0.0002399979294699018
114.530138	0.0002399979294699018
114.578238	0.00031094537895805555
114.578238	0.00031094537895805555
114.578238	0.00031094537895805555
114.578238	0.00031094537895805555
114.578238	0.00031094537895805555
114.578238	0.00031094537895805555
114.638316	0.00038230142065336027
114.638316	0.00038230142065336027
114.638316	0.00038230142065336027
114.638316	0.00038230142065336027
114.638316	0.00038230142065336027
114.638316	0.00038230142065336027
114.698233	0.00043230099089848701
114.698233	0.00043230099089848701
114.698233	0.00043230099089848701
114.698233	0.00043230099089848701
114.734209	0.00045133752704585103
114.746138	0.00045588193377423431
114.758239	0.00045974950729595093
114.758239	0.00045974950729595093
114.770227	0.00046230220797728323
114.770227	0.00046230220797728323
114.770227	0.00046230220797728323
114.806141	0.00046530272174277634
114.806141	0.00046530272174277634
114.806141	0.00046530272174277634
114.806141	0.00046530272174277634
114.806141	0.00046530272174277634
114.806141	0.00046530272174277634
114.818233	0.00046468534514891444
114.878238	0.00041590411777093242
114.878238	0.00041590411777093242
114.878238	0.00041590411777093242
114.878238	0.00041590411777093242
114.878238	0.00041590411777093242
114.878238	0.00041590411777093242
114.938236	-0.0040519396064232129
114.938236	-0.0040519396064232129
114.938236	-0.0040519396064232129
114.938236	-0.0040519396064232129
114.938236	-0.0040519396064232129
114.986139	-0.0096040091491015212
114.998237	-0.01057513144325558
114.998237	-0.01057513144325558
114.998237	-0.01057513144325558
114.998237	-0.01057513144325558
114.998237	-0.01057513144325558
114.998237	-0.01057513144325558
114.998237	-0.01057513144325558
114.998237	-0.01057513144325558
115.058257	-0.010432048297126972
115.082139	-0.0096494150875115394
115.082155	-0.0096488719368495023
115.106154	-0.0088344535663547243
115.106154	-0.0088344535663547243
115.106154	-0.0088344535663547243
115.106154	-0.0088344535663547243
115.106154	-0.0088344535663547243
115.106154	-0.0088344535663547243
115.118254	-0.0084242339793060648
115.178288	-0.0063633706099644914
115.178288	-0.0063633706099644914
115.178288	-0.0063633706099644914
115.178288	-0.0063633706099644914
115.214227	-0.0050975116670368241
115.226155	-0.0046743745322890004
115.23825	-0.0042445225637097947
115.23825	-0.0042445225637097947
115.250154	-0.003821503316941617
115.250154	-0.003821503316941617
115.250154	-0.003821503316941617
115.250154	-0.003821503316941617
115.298341	-0.0021204902423503534
115.298341	-0.0021204902423503534
115.298341	-0.0021204902423503534
115.298341	-0.0021204902423503534
115.334228	-0.00088583058474563006
115.334228	-0.00088583058474563006
115.358256	-7.9745830084385224e-05
115.358256	-7.9745830084385224e-05
115.358256	-7.9745830084385224e-05
115.382155	0.00069971515261225601
115.382155	0.00069971515261225601
115.406154	0.001455817105626868
115.418247	0.0018278771402182384
115.418247	0.0018278771402182384
115.418247	0.0018278771402182384
115.418247	0.0018278771402182384
115.454232	0.002881746744003248
115.454232	0.002881746744003248
115.478262	0.0035449764508662367
115.478262	0.0035449764508662367
115.478262	0.0035449764508662367
115.478262	0.0035449764508662367
115.478262	0.0035449764508662367
115.478262	0.0035449764508662367
115.538272	0.0050295688851764138
115.538272	0.0050295688851764138
115.538272	0.0050295688851764138
115.538272	0.0050295688851764138
115.574234	0.0057903628722699154
115.574234	0.0057903628722699154
115.598252	0.0062446579750468261
115.598252	0.0062446579750468261
115.610154	0.0064484314441392871
115.622155	0.0066473656194112711
115.634219	0.0068306851549507341
115.634219	0.0068306851549507341
115.658252	0.0071646743407428794
115.658252	0.0071646743407428794
115.670176	0.007307882860975173
115.682154	0.0074449416233091517
115.682154	0.0074449416233091517
115.682154	0.0074449416233091517
115.718269	0.0077744108071045159
115.718269	0.0077744108071045159
115.718269	0.0077744108071045159
115.718269	0.0077744108071045159
115.718269	0.0077744108071045159
115.718269	0.0077744108071045159
115.778255	0.008070000294905141
115.778255	0.008070000294905141
115.778255	0.008070000294905141
115.802175	0.0081019348528331616
115.802175	0.0081019348528331616
115.802175	0.0081019348528331616
115.83825	0.0080615342306166564
115.83825	0.0080615342306166564
115.83825	0.0080615342306166564
115.83825	0.0080615342306166564
115.874225	0.0079157302822501444
115.886154	0.0078460802913491948
115.898247	0.0077667189426801559
115.898247	0.0077667189426801559
115.898247	0.0077667189426801559
115.898247	0.0077667189426801559
115.898247	0.0077667189426801559
115.898247	0.0077667189426801559
115.958348	0.0072113044294232695
115.958348	0.0072113044294232695
115.958348	0.0072113044294232695
115.958348	0.0072113044294232695
115.958348	0.0072113044294232695
115.958348	0.0072113044294232695
116.01825	0.004152060374738125
116.01825	0.004152060374738125
116.01825	0.004152060374738125
116.01825	0.004152060374738125
116.01825	0.004152060374738125
116.01825	0.004152060374738125
116.078253	-0.0039233932045985766
116.078253	-0.0039233932045985766
116.090227	-0.0051663696357373088
116.10217	-0.0062144767488129075
116.10217	-0.0062144767488129075
116.10217	-0.0062144767488129075
116.138282	-0.0070552043175509333
116.138282	-0.0070552043175509333
116.138282	-0.0070552043175509333
116.16217	-0.0068368041443803915
116.174234	-0.0066609514663811273
116.186171	-0.0064832462403276248
116.198283	-0.0062994243626841289
116.198283	-0.0062994243626841289
116.210171	-0.0061216239870202542
116.210171	-0.0061216239870202542
116.210171	-0.0061216239870202542
116.24617	-0.0055841879618385888
116.25831	-0.0054003930886146814
116.25831	-0.0054003930886146814
116.25831	-0.0054003930886146814
116.25831	-0.0054003930886146814
116.294234	-0.0048343877922879027
116.294234	-0.0048343877922879027
116.318283	-0.0044397342435030874
116.318283	-0.0044397342435030874
116.33019	-0.0042392117325429548
116.33019	-0.0042392117325429548
116.33019	-0.0042392117325429548
116.33019	-0.0042392117325429548
116.378274	-0.0034331539493507907
116.378274	-0.0034331539493507907
116.378274	-0.0034331539493507907
116.402188	-0.0035983221006641824
116.414236	-0.0040615886086726822
116.426171	-0.0046407935474033334
116.438266	-0.005341619782639178
116.438266	-0.005341619782639178
116.438266	-0.005341619782639178
116.438266	-0.005341619782639178
116.438266	-0.005341619782639178
116.486255	-0.0081881878053257535
116.498268	-0.0086176686232860965
116.498268	-0.0086176686232860965
116.498268	-0.0086176686232860965
116.522174	-0.0085863836436716572
116.522174	-0.0085863836436716572
116.522174	-0.0085863836436716572
116.558267	-0.0074779648963099951
116.558267	-0.0074779648963099951
116.558267	-0.0074779648963099951
116.558267	-0.0074779648963099951
116.594252	-0.0060821197314405925
116.594252	-0.0060821197314405925
116.618344	-0.0051506736516172451
116.618344	-0.0051506736516172451
116.63017	-0.0046996420801010234
116.63017	-0.0046996420801010234
116.63017	-0.0046996420801010234
116.66617	-0.0033405970300378627
116.678275	-0.0028882720990850161
116.678275	-0.0028882720990850161
116.678275	-0.0028882720990850161
116.678275	-0.0028882720990850161
116.714236	-0.0015659959356821582
116.714236	-0.0015659959356821582
116.738264	-0.00070248935097431769
116.738264	-0.00070248935097431769
116.738264	-0.00070248935097431769
116.738264	-0.00070248935097431769
116.738264	-0.00070248935097431769
116.738264	-0.00070248935097431769
116.798264	4.5426235267542422e-05
116.798264	4.5426235267542422e-05
116.798264	4.5426235267542422e-05
116.798264	4.5426235267542422e-05
116.798264	4.5426235267542422e-05
116.798264	4.5426235267542422e-05
116.85831	-0.01033224845332183
116.85831	-0.01033224845332183
116.85831	-0.01033224845332183
116.85831	-0.01033224845332183
116.85831	-0.01033224845332183
116.85831	-0.01033224845332183
116.918268	-0.017706124742615893
116.918268	-0.017706124742615893
116.918268	-0.017706124742615893
116.918268	-0.017706124742615893
116.954238	-0.015638081792889818
116.954238	-0.015638081792889818
116.978269	-0.013598869517946224
116.978269	-0.013598869517946224
116.978269	-0.013598869517946224
117.00217	-0.011526940373101443
117.014301	-0.010495616907460653
117.02617	-0.0094966417148638262
117.038283	-0.0084866262949163454
117.038283	-0.0084866262949163454
117.038283	-0.0084866262949163454
117.06217	-0.0065236402196760645
117.06217	-0.0065236402196760645
117.06217	-0.0065236402196760645
117.09828	-0.0036138614533857373
117.098296	-0.0036125810941287852
117.098296	-0.0036125810941287852
117.098296	-0.0036125810941287852
117.098296	-0.0036125810941287852
117.098296	-0.0036125810941287852
117.158285	0.001012411691651329
117.158285	0.001012411691651329
117.170186	0.0018853392145914626
117.18219	0.0027567940127194582
117.18219	0.0027567940127194582
117.206187	0.0044342577501798311
117.218283	0.0052555416037627809
117.218283	0.0052555416037627809
117.218283	0.0052555416037627809
117.218283	0.0052555416037627809
117.218283	0.0052555416037627809
117.266186	0.0082796743453562981
117.27836	0.0089976280756614221
117.27836	0.0089976280756614221
117.27836	0.0089976280756614221
117.302186	0.010323787370188421
117.302186	0.010323787370188421
117.302186	0.010323787370188421
117.338281	0.012151042958089189
117.338281	0.012151042958089189
117.338281	0.012151042958089189
117.338281	0.012151042958089189
117.338281	0.012151042958089189
117.338281	0.012151042958089189
117.398287	0.014663457148531497
117.398287	0.014663457148531497
117.398287	0.014663457148531497
117.422186	0.015473638490951592
117.422186	0.015473638490951592
117.422186	0.015473638490951592
117.458283	0.016488369558189043
117.458283	0.016488369558189043
117.458283	0.016488369558189043
117.458283	0.016488369558189043
117.494255	0.017238640503894294
117.494255	0.017238640503894294
117.51828	0.017607088257307238
117.51828	0.017607088257307238
117.51828	0.017607088257307238
117.51828	0.017607088257307238
117.51828	0.017607088257307238
117.566186	0.017993008917845572
117.566186	0.017993008917845572
117.566186	0.017993008917845572
117.578288	0.018027430242584765
117.602187	0.018004848437296064
117.614269	0.017950364652138579
117.626186	0.017874658141423631
117.638311	0.017776923970768712
117.638311	0.017776923970768712
117.650186	0.017645965483342931
117.650186	0.017645965483342931
117.650186	0.017645965483342931
117.650186	0.017645965483342931
117.698281	0.016905134324221197
117.698281	0.016905134324221197
117.698281	0.016905134324221197
117.722186	0.01639894419660954
117.722186	0.01639894419660954
117.746207	0.015803946827138645
117.758319	0.015478937812802292
117.758319	0.015478937812802292
117.758319	0.015478937812802292
117.758319	0.015478937812802292
117.758319	0.015478937812802292
117.806257	0.013993495927361262
117.818282	0.013583254994589272
117.818282	0.013583254994589272
117.818282	0.013583254994589272
117.818282	0.013583254994589272
117.818282	0.013583254994589272
117.818282	0.013583254994589272
117.878305	0.011309377873988022
117.878305	0.011309377873988022
117.878305	0.011309377873988022
117.902187	0.01032107014607048
117.902187	0.01032107014607048
117.902187	0.01032107014607048
117.938348	0.0087562670170831369
117.938348	0.0087562670170831369
117.938348	0.0087562670170831369
117.938348	0.0087562670170831369
117.974254	0.0071380671792455252
117.986186	0.0065906304960002262
117.998283	0.0060322781203668314
117.998283	0.0060322781203668314
117.998283	0.0060322781203668314
117.998283	0.0060322781203668314
117.998283	0.0060322781203668314
117.998283	0.0060322781203668314
118.058299	0.0032324211370295271
118.058299	0.0032324211370295271
118.058299	0.0032324211370295271
118.058299	0.0032324211370295271
118.058299	0.0032324211370295271
118.058299	0.0032324211370295271
118.118304	0.00045977222801086301
118.118304	0.00045977222801086301
118.130201	-7.698583942714743e-05
118.130201	-7.698583942714743e-05
118.130201	-7.698583942714743e-05
118.130201	-7.698583942714743e-05
118.178316	-0.0021925167843850238
118.178316	-0.0021925167843850238
118.190201	-0.0026936658179444852
118.202271	-0.0031975522774262033
118.214266	-0.0036852501514359026
118.214266	-0.0036852501514359026
118.238393	-0.0046395310142329591
118.238393	-0.0046395310142329591
118.238393	-0.0046395310142329591
118.262201	-0.0055348366237983797
118.262201	-0.0055348366237983797
118.286202	-0.0063876826954202747
118.298301	-0.0068016221031257009
118.298301	-0.0068016221031257009
118.298301	-0.0068016221031257009
118.298301	-0.0068016221031257009
118.33434	-0.0079414894973384217
118.346201	-0.0082888749018628291
118.358299	-0.0086314283610296333
118.358299	-0.0086314283610296333
118.358299	-0.0086314283610296333
118.382201	-0.0092566474037770914
118.382201	-0.0092566474037770914
118.406221	-0.0098197998816504199
118.418294	-0.010082783486880423
118.418294	-0.010082783486880423
118.430201	-0.010318937098730205
118.442201	-0.010547962881136673
118.454294	-0.010756062871440488
118.454294	-0.010756062871440488
118.478302	-0.011126776427356939
118.478302	-0.011126776427356939
118.490201	-0.011280006790768253
118.502204	-0.011425350211160718
118.514265	-0.01154814344138202
118.526201	-0.011655121007908413
118.538337	-0.011750215583437189
118.538337	-0.011750215583437189
118.538337	-0.011750215583437189
118.538337	-0.011750215583437189
118.538337	-0.011750215583437189
118.538337	-0.011750215583437189
118.598365	-0.011955210059451975
118.598365	-0.011955210059451975
118.598365	-0.011955210059451975
118.598365	-0.011955210059451975
118.598365	-0.011955210059451975
118.598365	-0.011955210059451975
118.658306	-0.011756816746921556
118.658306	-0.011756816746921556
118.658306	-0.011756816746921556
118.658306	-0.011756816746921556
118.658306	-0.011756816746921556
118.706202	-0.011327796683708686
118.718315	-0.011187223313217356
118.718315	-0.011187223313217356
118.718315	-0.011187223313217356
118.718315	-0.011187223313217356
118.754271	-0.010682371891230388
118.754271	-0.010682371891230388
118.754271	-0.010682371891230388
118.754271	-0.010682371891230388
118.754271	-0.010682371891230388
118.754271	-0.010682371891230388
118.754271	-0.010682371891230388
118.778298	-0.010287746359143186
118.838294	-0.009107189787272563
118.838294	-0.009107189787272563
118.838294	-0.009107189787272563
118.838294	-0.009107189787272563
118.838294	-0.009107189787272563
118.838294	-0.009107189787272563
118.898299	-0.0077027702273423813
118.898299	-0.0077027702273423813
118.910201	-0.0074015041407091151
118.910201	-0.0074015041407091151
118.910201	-0.0074015041407091151
118.946201	-0.006461262873716264
118.958301	-0.0061361241402140259
118.958301	-0.0061361241402140259
118.958301	-0.0061361241402140259
118.958301	-0.0061361241402140259
118.958301	-0.0061361241402140259
118.958301	-0.0061361241402140259
119.018299	-0.0044703404292208556
119.018299	-0.0044703404292208556
119.018299	-0.0044703404292208556
119.018299	-0.0044703404292208556
119.054276	-0.003449381872928019
119.066233	-0.0031095844968537273
119.0783	-0.0027668533058975769
119.0783	-0.0027668533058975769
119.0783	-0.0027668533058975769
119.102201	-0.0020913372292705344
119.114305	-0.0017518226013684406
119.126296	-0.0014175964525728973
119.138315	-0.0010845109256690647
119.138315	-0.0010845109256690647
119.138315	-0.0010845109256690647
119.138315	-0.0010845109256690647
119.174283	-0.00011070615020892182
119.174283	-0.00011070615020892182
119.198331	0.00052051696535617136
119.198331	0.00052051696535617136
119.198331	0.00052051696535617136
119.222219	0.0011264917474032364
119.222219	0.0011264917474032364
119.222219	0.0011264917474032364
119.258432	0.0020010367691239736
119.258432	0.0020010367691239736
119.270219	0.0022709007134651543
119.282219	0.00254191358006678
119.282219	0.00254191358006678
119.30622	0.0030579743553649252
119.318332	0.0033090211281114131
119.318332	0.0033090211281114131
119.318332	0.0033090211281114131
119.318332	0.0033090211281114131
119.354287	0.0039991564706899508
119.354287	0.0039991564706899508
119.378319	0.0044195612714485301
119.378319	0.0044195612714485301
119.378319	0.0044195612714485301
119.378319	0.0044195612714485301
119.378319	0.0044195612714485301
119.378319	0.0044195612714485301
119.438313	0.0053035585630532974
119.438313	0.0053035585630532974
119.450242	0.0054484223975957572
119.462239	0.0055887388309336771
119.462239	0.0055887388309336771
119.486219	0.0058338665676631093
119.498313	0.0059451699792001222
119.498313	0.0059451699792001222
119.498313	0.0059451699792001222
119.498313	0.0059451699792001222
119.498313	0.0059451699792001222
119.498313	0.0059451699792001222
119.558374	0.0063391120616683068
119.558374	0.0063391120616683068
119.558374	0.0063391120616683068
119.558374	0.0063391120616683068
119.558374	0.0063391120616683068
119.558374	0.0063391120616683068
119.618313	0.0064860418322220193
119.618313	0.0064860418322220193
119.618313	0.0064860418322220193
119.618313	0.0064860418322220193
119.618313	0.0064860418322220193
119.618313	0.0064860418322220193
119.678338	0.0063973618803811298
119.678338	0.0063973618803811298
119.690242	0.006351187543639435
119.702219	0.0063001569142591531
119.714285	0.006237391387292136
119.714285	0.006237391387292136
119.738314	0.0060919621627567718
119.738314	0.0060919621627567718
119.738314	0.0060919621627567718
119.738314	0.0060919621627567718
119.738314	0.0060919621627567718
119.786291	0.0059809465710528231
119.798336	0.0063196229475576352
119.798336	0.0063196229475576352
119.798336	0.0063196229475576352
119.798336	0.0063196229475576352
119.798336	0.0063196229475576352
119.798336	0.0063196229475576352
119.858319	0.012471064745274598
119.858319	0.012471064745274598
119.858319	0.012471064745274598
119.858319	0.012471064745274598
119.858319	0.012471064745274598
119.858319	0.012471064745274598
119.918413	0.016676794643854277
119.918413	0.016676794643854277
119.918413	0.016676794643854277
119.918413	0.016676794643854277
119.918413	0.016676794643854277
119.966219	0.014854746203362411
119.978314	0.014218419909394008
119.978314	0.014218419909394008
119.978314	0.014218419909394008
119.978314	0.014218419909394008
119.978314	0.014218419909394008
119.978314	0.014218419909394008
120.038335	0.01096668808326755
120.038335	0.01096668808326755
120.038335	0.01096668808326755
120.062226	0.0096513906919518319
120.062226	0.0096513906919518319
120.062226	0.0096513906919518319
120.062226	0.0096513906919518319
120.062242	0.0096505014361372363
120.062242	0.0096505014361372363
120.098312	0.0076381125307989515
120.134307	0.0056148013736723543
120.134307	0.0056148013736723543
120.158332	0.0042680067844044801
120.158332	0.0042680067844044801
120.158332	0.0042680067844044801
120.158332	0.0042680067844044801
120.194311	0.0022777629112544695
120.194311	0.0022777629112544695
120.21839	0.0009732848699533247
120.21839	0.0009732848699533247
120.21839	0.0009732848699533247
120.21839	0.0009732848699533247
120.21839	0.0009732848699533247
120.21839	0.0009732848699533247
120.21839	0.0009732848699533247
120.21839	0.0009732848699533247
120.21839	0.0009732848699533247
120.278333	-0.0021263393067925355
120.314367	-0.0038600459632653211
120.314367	-0.0038600459632653211
120.338362	-0.0049539254680160544
120.338362	-0.0049539254680160544
120.338362	-0.0049539254680160544
120.362235	-0.0059833315732125683
120.362235	-0.0059833315732125683
120.386235	-0.0069558300929700228
120.398328	-0.0074261872422797248
120.398328	-0.0074261872422797248
120.398328	-0.0074261872422797248
120.398328	-0.0074261872422797248
120.398328	-0.0074261872422797248
120.44631	-0.0091075616470312811
120.458335	-0.0094891522761896413
120.458335	-0.0094891522761896413
120.458335	-0.0094891522761896413
120.458335	-0.0094891522761896413
120.458335	-0.0094891522761896413
120.506235	-0.010806883587392084
120.518346	-0.011096913698206151
120.518346	-0.011096913698206151
120.518346	-0.011096913698206151
120.542235	-0.011603291916524608
120.542235	-0.011603291916524608
120.542235	-0.011603291916524608
120.578403	-0.012224135923428381
120.578403	-0.012224135923428381
120.578403	-0.012224135923428381
120.578403	-0.012224135923428381
120.578403	-0.012224135923428381
120.626236	-0.01276589891549915
120.638334	-0.012858334401829645
120.638334	-0.012858334401829645
120.638334	-0.012858334401829645
120.638334	-0.012858334401829645
120.638334	-0.012858334401829645
120.638334	-0.012858334401829645
120.69833	-0.013011290992717566
120.69833	-0.013011290992717566
120.69833	-0.013011290992717566
120.69833	-0.013011290992717566
120.69833	-0.013011290992717566
120.69833	-0.013011290992717566
120.758331	-0.012707458348329179
120.758331	-0.012707458348329179
120.758331	-0.012707458348329179
120.758331	-0.012707458348329179
120.758331	-0.012707458348329179
120.806235	-0.012158609555504315
120.818328	-0.011984218308103881
120.818328	-0.011984218308103881
120.818328	-0.011984218308103881
120.818328	-0.011984218308103881
120.818328	-0.011984218308103881
120.818328	-0.011984218308103881
120.878435	-0.010889036588299388
120.878435	-0.010889036588299388
120.878435	-0.010889036588299388
120.878435	-0.010889036588299388
120.878435	-0.010889036588299388
120.926235	-0.0097910389036827833
120.938337	-0.0094882324697000506
120.938337	-0.0094882324697000506
120.938337	-0.0094882324697000506
120.938337	-0.0094882324697000506
120.938337	-0.0094882324697000506
120.938337	-0.0094882324697000506
120.998331	-0.007841428331977908
120.998331	-0.007841428331977908
120.998331	-0.007841428331977908
121.022235	-0.0071319564324232778
121.022235	-0.0071319564324232778
121.022235	-0.0071319564324232778
121.058343	-0.0060177509055696536
121.058343	-0.0060177509055696536
121.070235	-0.0056410486407640816
121.070235	-0.0056410486407640816
121.094296	-0.004871071092173807
121.094296	-0.004871071092173807
121.118353	-0.0040920347791328082
121.118369	-0.004091515591221416
121.118369	-0.004091515591221416
121.118369	-0.004091515591221416
121.154318	-0.0029194021395949625
121.166251	-0.0025306741322400606
121.178367	-0.0021365551023333883
121.178367	-0.0021365551023333883
121.178367	-0.0021365551023333883
121.178367	-0.0021365551023333883
121.178367	-0.0021365551023333883
121.178367	-0.0021365551023333883
121.238414	-0.00021924177277570238
121.238414	-0.00021924177277570238
121.250251	0.00014740466039896618
121.250251	0.00014740466039896618
121.250251	0.00014740466039896618
121.286251	0.0012370379824238212
121.298362	0.0015935277519164561
121.298362	0.0015935277519164561
121.298362	0.0015935277519164561
121.322251	0.0022747896194421991
121.322251	0.0022747896194421991
121.346251	0.0029299627413176114
121.358347	0.0032507108503755525
121.358347	0.0032507108503755525
121.358347	0.0032507108503755525
121.358347	0.0032507108503755525
121.394323	0.0041482517501027563
121.394323	0.0041482517501027563
121.41835	0.0047052305488196671
121.41835	0.0047052305488196671
121.430251	0.0049636907525314128
121.430251	0.0049636907525314128
121.430251	0.0049636907525314128
121.430251	0.0049636907525314128
121.478352	0.005919126661954187
121.478352	0.005919126661954187
121.478352	0.005919126661954187
121.478352	0.005919126661954187
121.478352	0.005919126661954187
121.478352	0.005919126661954187
121.538349	0.0068670621010526933
121.538349	0.0068670621010526933
121.550251	0.0070191399300851866
121.550251	0.0070191399300851866
121.574316	0.0072984905809638408
121.574316	0.0072984905809638408
121.598345	0.0075322265054883269
121.598345	0.0075322265054883269
121.598345	0.0075322265054883269
121.598345	0.0075322265054883269
121.598345	0.0075322265054883269
121.598345	0.0075322265054883269
121.658369	0.0079068267404603983
121.658369	0.0079068267404603983
121.670254	0.0079440440422655027
121.670254	0.0079440440422655027
121.670254	0.0079440440422655027
121.670254	0.0079440440422655027
121.718344	0.0079955460462008011
121.718344	0.0079955460462008011
121.718344	0.0079955460462008011
121.718344	0.0079955460462008011
121.718344	0.0079955460462008011
121.718344	0.0079955460462008011
121.778349	0.0078122646204202163
121.778349	0.0078122646204202163
121.778349	0.0078122646204202163
121.802331	0.0076673675847240916
121.814318	0.0075793239130376028
121.814318	0.0075793239130376028
121.838353	0.0073792852513910956
121.838353	0.0073792852513910956
121.838353	0.0073792852513910956
121.838353	0.0073792852513910956
121.838353	0.0073792852513910956
121.838353	0.0073792852513910956
121.898422	0.0067253118302952703
121.898422	0.0067253118302952703
121.898422	0.0067253118302952703
121.898422	0.0067253118302952703
121.898422	0.0067253118302952703
121.898422	0.0067253118302952703
121.958357	0.0058876051827868349
121.958357	0.0058876051827868349
121.970303	0.0057006679523925715
121.982251	0.0055107698816110329
121.982251	0.0055107698816110329
122.006251	0.0051114084190355142
122.018346	0.0049044789512473685
122.018346	0.0049044789512473685
122.018346	0.0049044789512473685
122.042251	0.0044819508753884164
122.042251	0.0044819508753884164
122.042251	0.0044819508753884164
122.042251	0.0044819508753884164
122.042251	0.0044819508753884164
122.042251	0.0044819508753884164
122.042251	0.0044819508753884164
122.042251	0.0044819508753884164
122.078348	0.0038191923891921203
122.138434	0.0026717192197716045
122.138434	0.0026717192197716045
122.138434	0.0026717192197716045
122.138434	0.0026717192197716045
122.138434	0.0026717192197716045
122.186287	0.0017430490479486951
122.19837	0.0015090382914321587
122.19837	0.0015090382914321587
122.19837	0.0015090382914321587
122.19837	0.0015090382914321587
122.234331	0.00081990435305854289
122.246267	0.00059441062426703409
122.258382	0.00036711140406894653
122.258382	0.00036711140406894653
122.258382	0.00036711140406894653
122.258382	0.00036711140406894653
122.258382	0.00036711140406894653
122.306267	-0.00050209557672837332
122.318403	-0.00071521063779228207
122.318403	-0.00071521063779228207
122.318403	-0.00071521063779228207
122.318403	-0.00071521063779228207
122.318403	-0.00071521063779228207
122.318403	-0.00071521063779228207
122.318403	-0.00071521063779228207
122.318403	-0.00071521063779228207
122.318403	-0.00071521063779228207
122.318403	-0.00071521063779228207
122.318403	-0.00071521063779228207
122.378364	-0.0017040481981069344
122.438364	-0.0025728962715675483
122.438364	-0.0025728962715675483
122.438364	-0.0025728962715675483
122.438364	-0.0025728962715675483
122.47434	-0.0030255176507617116
122.486268	-0.0031638202785906886
122.498359	-0.0032990990056554091
122.498359	-0.0032990990056554091
122.498359	-0.0032990990056554091
122.498359	-0.0032990990056554091
122.498359	-0.0032990990056554091
122.498359	-0.0032990990056554091
122.558441	-0.0038682950932778649
122.558441	-0.0038682950932778649
122.558441	-0.0038682950932778649
122.558441	-0.0038682950932778649
122.594344	-0.0041273818294329037
122.594344	-0.0041273818294329037
122.618382	-0.0042688967953896312
122.618382	-0.0042688967953896312
122.618382	-0.0042688967953896312
122.618382	-0.0042688967953896312
122.618382	-0.0042688967953896312
122.618382	-0.0042688967953896312
122.678364	-0.0044353691588602121
122.678364	-0.0044353691588602121
122.678364	-0.0044353691588602121
122.678364	-0.0044353691588602121
122.678364	-0.0044353691588602121
122.678364	-0.0044353691588602121
122.738367	0.0042864694951800725
122.738367	0.0042864694951800725
122.750267	0.0071271800429293531
122.750267	0.0071271800429293531
122.750267	0.0071271800429293531
122.750267	0.0071271800429293531
122.798364	0.017099361524440304
122.798364	0.017099361524440304
122.798364	0.017099361524440304
122.798364	0.017099361524440304
122.798364	0.017099361524440304
122.798364	0.017099361524440304
122.858368	0.01690974546251621
122.858368	0.01690974546251621
122.870379	0.016181886678405675
122.870379	0.016181886678405675
122.870379	0.016181886678405675
122.870379	0.016181886678405675
122.91836	0.013181670372223078
122.91836	0.013181670372223078
122.91836	0.013181670372223078
122.91836	0.013181670372223078
122.91836	0.013181670372223078
122.966267	0.010206790463673615
122.978379	0.0094507429600740114
122.978379	0.0094507429600740114
122.978379	0.0094507429600740114
122.978379	0.0094507429600740114
122.978379	0.0094507429600740114
122.978379	0.0094507429600740114
123.038363	0.0056898711014742257
123.038363	0.0056898711014742257
123.038363	0.0056898711014742257
123.038363	0.0056898711014742257
123.038363	0.0056898711014742257
123.038363	0.0056898711014742257
123.098364	0.0019994843267446007
123.098364	0.0019994843267446007
123.098364	0.0019994843267446007
123.098364	0.0019994843267446007
123.134377	-0.00011851742943513259
123.146284	-0.00079853787942043533
123.158382	-0.0014807501385855004
123.158382	-0.0014807501385855004
123.158382	-0.0014807501385855004
123.158382	-0.0014807501385855004
123.194359	-0.0034258496248121269
123.206284	-0.004044237057146724
123.218467	-0.0046646310488883558
123.218467	-0.0046646310488883558
123.230284	-0.005244388168838909
123.230284	-0.005244388168838909
123.230284	-0.005244388168838909
123.266284	-0.0069250583305312738
123.278383	-0.007458150480134625
123.278383	-0.007458150480134625
123.278383	-0.007458150480134625
123.278383	-0.007458150480134625
123.314348	-0.0089178398520119266
123.326284	-0.009364799520980599
123.338379	-0.0098020311034586367
123.338379	-0.0098020311034586367
123.338379	-0.0098020311034586367
123.338379	-0.0098020311034586367
123.338379	-0.0098020311034586367
123.338379	-0.0098020311034586367
123.398377	-0.011640543499149983
123.398377	-0.011640543499149983
123.398377	-0.011640543499149983
123.422284	-0.012224158666586852
123.434366	-0.012483676852663555
123.446285	-0.012720575292624794
123.45838	-0.012943580535636169
123.45838	-0.012943580535636169
123.45838	-0.012943580535636169
123.45838	-0.012943580535636169
123.45838	-0.012943580535636169
123.45838	-0.012943580535636169
123.45838	-0.012943580535636169
123.45838	-0.012943580535636169
123.45838	-0.012943580535636169
123.45838	-0.012943580535636169
123.45838	-0.012943580535636169
123.518422	-0.013701010134643725
123.578379	-0.013922091880354459
123.578379	-0.013922091880354459
123.578379	-0.013922091880354459
123.602284	-0.013865478263096077
123.614439	-0.013804070954446962
123.626283	-0.013727390256458848
123.638383	-0.01363382100805301
123.638383	-0.01363382100805301
123.650288	-0.013515031628649365
123.662284	-0.013385386016370524
123.674356	-0.013230463082459712
123.674356	-0.013230463082459712
123.698402	-0.01287825284284138
123.698402	-0.01287825284284138
123.698402	-0.01287825284284138
123.698402	-0.01287825284284138
123.734356	-0.012223759219657947
123.734356	-0.012223759219657947
123.758387	-0.011715515598303189
123.758387	-0.011715515598303189
123.758387	-0.011715515598303189
123.758387	-0.011715515598303189
123.758387	-0.011715515598303189
123.758387	-0.011715515598303189
123.818398	-0.010207669350764184
123.818398	-0.010207669350764184
123.818398	-0.010207669350764184
123.842284	-0.009527600994230551
123.842284	-0.009527600994230551
123.866284	-0.0088046700194726827
123.878481	-0.008426291169126663
123.878481	-0.008426291169126663
123.890284	-0.0080492277258444201
123.890284	-0.0080492277258444201
123.890284	-0.0080492277258444201
123.926303	-0.0068649705592469159
123.93838	-0.0064573021248199866
123.93838	-0.0064573021248199866
123.93838	-0.0064573021248199866
123.93838	-0.0064573021248199866
123.93838	-0.0064573021248199866
123.986284	-0.0047964514047130844
123.998381	-0.0043707600647836077
123.998381	-0.0043707600647836077
123.998381	-0.0043707600647836077
124.022284	-0.0035257735980276446
124.034348	-0.0030987276176676994
124.034348	-0.0030987276176676994
124.034348	-0.0030987276176676994
124.034348	-0.0030987276176676994
124.034348	-0.0030987276176676994
124.034348	-0.0030987276176676994
124.034348	-0.0030987276176676994
124.058388	-0.0022493274781549772
124.11838	-0.00016645772066252928
124.11838	-0.00016645772066252928
124.142394	0.00064036110155513376
124.142394	0.00064036110155513376
124.154375	0.0010347098436295295
124.154375	0.0010347098436295295
124.178421	0.0018110789126724361
124.178421	0.0018110789126724361
124.178421	0.0018110789126724361
124.178421	0.0018110789126724361
124.178421	0.0018110789126724361
124.226307	0.0032714197935553423
124.238406	0.0036227314024417142
124.238406	0.0036227314024417142
124.238406	0.0036227314024417142
124.238406	0.0036227314024417142
124.238406	0.0036227314024417142
124.238406	0.0036227314024417142
124.238406	0.0036227314024417142
124.238406	0.0036227314024417142
124.238406	0.0036227314024417142
124.238406	0.0036227314024417142
124.238406	0.0036227314024417142
124.298399	0.0052192242233092588
124.358421	0.006555607481109272
124.358421	0.006555607481109272
124.358421	0.006555607481109272
124.358421	0.006555607481109272
124.358421	0.006555607481109272
124.358421	0.006555607481109272
124.358421	0.006555607481109272
124.358421	0.006555607481109272
124.358421	0.006555607481109272
124.358421	0.006555607481109272
124.418402	0.0076044298445543295
124.466307	0.0082216595938253475
124.478407	0.0083494263518443645
124.478407	0.0083494263518443645
124.490307	0.0084571228890081979
124.490307	0.0084571228890081979
124.490307	0.0084571228890081979
124.490307	0.0084571228890081979
124.538469	0.0087824743723941105
124.538469	0.0087824743723941105
124.538469	0.0087824743723941105
124.538469	0.0087824743723941105
124.574373	0.008890951455962472
124.586305	0.0089035102454307485
124.598402	0.0089067009114505956
124.598402	0.0089067009114505956
124.610307	0.0088928590525031732
124.610307	0.0088928590525031732
124.610307	0.0088928590525031732
124.610307	0.0088928590525031732
124.658422	0.0087360659089001612
124.658422	0.0087360659089001612
124.658422	0.0087360659089001612
124.658422	0.0087360659089001612
124.658422	0.0087360659089001612
124.658422	0.0087360659089001612
124.658422	0.0087360659089001612
124.658422	0.0087360659089001612
124.658422	0.0087360659089001612
124.718399	0.0082935045222275877
124.754376	0.0079075581870711176
124.766307	0.0077621477589387257
124.778402	0.0076078890832061282
124.778402	0.0076078890832061282
124.778402	0.0076078890832061282
124.778402	0.0076078890832061282
124.814372	0.0070946544757287521
124.826306	0.0069098903716555042
124.826306	0.0069098903716555042
124.826306	0.0069098903716555042
124.838477	0.0067157937435023294
124.862306	0.0063137601157435136
124.862306	0.0063137601157435136
124.886306	0.0058850068905995255
124.886306	0.0058850068905995255
124.886306	0.0058850068905995255
124.886306	0.0058850068905995255
124.886306	0.0058850068905995255
124.886306	0.0058850068905995255
124.898401	0.0056623073413057407
124.958404	0.0044877202716802518
124.958404	0.0044877202716802518
124.97031	0.0042069636385901072
124.97031	0.0042069636385901072
124.994378	0.0026781885985295139
125.006307	0.0009716659949013278
125.0184	-0.0013294302359004449
125.0184	-0.0013294302359004449
125.0184	-0.0013294302359004449
125.0184	-0.0013294302359004449
125.0184	-0.0013294302359004449
125.066378	-0.013561149825946528
125.078418	-0.016673282901218105
125.078418	-0.016673282901218105
125.078418	-0.016673282901218105
125.078418	-0.016673282901218105
125.078418	-0.016673282901218105
125.126306	-0.02199609914422292
125.1384	-0.021927482919927712
125.150324	-0.021527931156524176
125.150324	-0.021527931156524176
125.150324	-0.021527931156524176
125.150324	-0.021527931156524176
125.150324	-0.021527931156524176
125.198506	-0.019255335327767287
125.198506	-0.019255335327767287
125.210324	-0.018651499827559995
125.210324	-0.018651499827559995
125.210324	-0.018651499827559995
125.246325	-0.016781471201956354
125.258431	-0.016137127863880794
125.258431	-0.016137127863880794
125.258431	-0.016137127863880794
125.258431	-0.016137127863880794
125.258431	-0.016137127863880794
125.306324	-0.013469273165115259
125.318469	-0.012770379311833266
125.318469	-0.012770379311833266
125.318469	-0.012770379311833266
125.318469	-0.012770379311833266
125.318469	-0.012770379311833266
125.318469	-0.012770379311833266
125.318469	-0.012770379311833266
125.37844	-0.0092157731666143369
125.390325	-0.0084998466653649594
125.390325	-0.0084998466653649594
125.390325	-0.0084998466653649594
125.390325	-0.0084998466653649594
125.438505	-0.0055973034623569562
125.438505	-0.0055973034623569562
125.438505	-0.0055973034623569562
125.462395	-0.0041696902943141297
125.462395	-0.0041696902943141297
125.462395	-0.0041696902943141297
125.498427	-0.0020496278842780419
125.498427	-0.0020496278842780419
125.498427	-0.0020496278842780419
125.498427	-0.0020496278842780419
125.498427	-0.0020496278842780419
125.498427	-0.0020496278842780419
125.558424	0.0013319540980857591
125.558424	0.0013319540980857591
125.558424	0.0013319540980857591
125.558424	0.0013319540980857591
125.558424	0.0013319540980857591
125.558424	0.0013319540980857591
125.618419	0.0090131017667514201
125.618419	0.0090131017667514201
125.618419	0.0090131017667514201
125.642325	0.015520647609190353
125.6544	0.0190203021653251
125.6544	0.0190203021653251
125.678421	0.025804816662424273
125.678421	0.025804816662424273
125.690324	0.028318089708530406
125.690324	0.028318089708530406
125.690324	0.028318089708530406
125.726399	0.031996108398308361
125.738422	0.032107240349229807
125.738422	0.032107240349229807
125.738422	0.032107240349229807
125.738422	0.032107240349229807
125.738422	0.032107240349229807
125.738422	0.032107240349229807
125.798418	0.030068482031223111
125.798418	0.030068482031223111
125.798418	0.030068482031223111
125.822323	0.028976535434548603
125.822323	0.028976535434548603
125.822323	0.028976535434548603
125.858492	0.027149492880433317
125.858492	0.027149492880433317
125.858492	0.027149492880433317
125.858492	0.027149492880433317
125.858492	0.027149492880433317
125.858492	0.027149492880433317
125.918421	0.023590127079275387
125.918421	0.023590127079275387
125.918421	0.023590127079275387
125.918421	0.023590127079275387
125.918421	0.023590127079275387
125.966323	0.020328502641301132
125.978437	0.019460973469246561
125.978437	0.019460973469246561
125.990394	0.018583313278112128
125.990394	0.018583313278112128
125.990394	0.018583313278112128
125.990394	0.018583313278112128
126.038427	0.014954128346818347
126.038427	0.014954128346818347
126.050324	0.014028900072288351
126.062324	0.013091803182864461
126.062324	0.013091803182864461
126.086324	0.011197135231188125
126.098418	0.010237260752454689
126.098418	0.010237260752454689
126.098418	0.010237260752454689
126.122394	0.0083284570671515491
126.122394	0.0083284570671515491
126.122394	0.0083284570671515491
126.158508	0.005460996749924168
126.158508	0.005460996749924168
126.158508	0.005460996749924168
126.158508	0.005460996749924168
126.158508	0.005460996749924168
126.158508	0.005460996749924168
126.218437	0.00081073404293679065
126.218437	0.00081073404293679065
126.218437	0.00081073404293679065
126.218437	0.00081073404293679065
126.254492	-0.0018667824365148202
126.26634	-0.0027207511183567111
126.278454	-0.003582620237345709
126.278454	-0.003582620237345709
126.278454	-0.003582620237345709
126.278454	-0.003582620237345709
126.278454	-0.003582620237345709
126.278454	-0.003582620237345709
126.338435	-0.0075765730487731423
126.338435	-0.0075765730487731423
126.338435	-0.0075765730487731423
126.338435	-0.0075765730487731423
126.338435	-0.0075765730487731423
126.338435	-0.0075765730487731423
126.398438	-0.011063721685661209
126.398438	-0.011063721685661209
126.41034	-0.011680969947314792
126.422435	-0.012294527809863537
126.434407	-0.01286877387871758
126.434407	-0.01286877387871758
126.458464	-0.013956645411500391
126.458464	-0.013956645411500391
126.458464	-0.013956645411500391
126.458464	-0.013956645411500391
126.494404	-0.015726305651751815
126.50634	-0.016627196414149403
126.518518	-0.017713455343754011
126.518518	-0.017713455343754011
126.518518	-0.017713455343754011
126.518518	-0.017713455343754011
126.518518	-0.017713455343754011
126.56634	-0.022722636752131486
126.56634	-0.022722636752131486
126.578459	-0.023943893353566833
126.590539	-0.024842402736634867
126.590539	-0.024842402736634867
126.590539	-0.024842402736634867
126.590539	-0.024842402736634867
126.638438	-0.026102194663998289
126.638438	-0.026102194663998289
126.638438	-0.026102194663998289
126.638438	-0.026102194663998289
126.638438	-0.026102194663998289
126.638438	-0.026102194663998289
126.698444	-0.024958879547081304
126.698444	-0.024958879547081304
126.698444	-0.024958879547081304
126.698444	-0.024958879547081304
126.698444	-0.024958879547081304
126.698444	-0.024958879547081304
126.758444	-0.023042460571863092
126.758444	-0.023042460571863092
126.758444	-0.023042460571863092
126.758444	-0.023042460571863092
126.758444	-0.023042460571863092
126.758444	-0.023042460571863092
126.818438	-0.020492006745601608
126.818438	-0.020492006745601608
126.818438	-0.020492006745601608
126.818438	-0.020492006745601608
126.818438	-0.020492006745601608
126.86634	-0.018062801366176259
126.878464	-0.017406244448524302
126.878464	-0.017406244448524302
126.878464	-0.017406244448524302
126.878464	-0.017406244448524302
126.878464	-0.017406244448524302
126.878464	-0.017406244448524302
126.938435	-0.013930689758636918
126.938435	-0.013930689758636918
126.938435	-0.013930689758636918
126.938435	-0.013930689758636918
126.974405	-0.011714904953506175
126.974405	-0.011714904953506175
126.99844	-0.010200503768672589
126.99844	-0.010200503768672589
126.99844	-0.010200503768672589
126.99844	-0.010200503768672589
126.99844	-0.010200503768672589
126.99844	-0.010200503768672589
127.05844	-0.006357833345009202
127.05844	-0.006357833345009202
127.07034	-0.0055945634892573424
127.082428	-0.0048203689317797742
127.094407	-0.004056773031207923
127.094407	-0.004056773031207923
127.118434	-0.0025365045816460692
127.118434	-0.0025365045816460692
127.118434	-0.0025365045816460692
127.118434	-0.0025365045816460692
127.154409	-0.00030969638665169334
127.166355	0.00041359328238361472
127.178527	0.001143302916923295
127.178527	0.001143302916923295
127.178527	0.001143302916923295
127.202354	0.002534700319946682
127.202354	0.002534700319946682
127.202354	0.002534700319946682
127.238464	0.0045513278144548273
127.238464	0.0045513278144548273
127.238464	0.0045513278144548273
127.238464	0.0045513278144548273
127.238464	0.0045513278144548273
127.238464	0.0045513278144548273
127.29845	0.0076014736343218399
127.29845	0.0076014736343218399
127.29845	0.0076014736343218399
127.29845	0.0076014736343218399
127.29845	0.0076014736343218399
127.346359	0.0097196236076937045
127.35846	0.010211112584266289
127.35846	0.010211112584266289
127.35846	0.010211112584266289
127.35846	0.010211112584266289
127.35846	0.010211112584266289
127.35846	0.010211112584266289
127.418469	0.012316783387896215
127.418469	0.012316783387896215
127.418469	0.012316783387896215
127.418469	0.012316783387896215
127.418469	0.012316783387896215
127.418469	0.012316783387896215
127.418469	0.012316783387896215
127.418469	0.012316783387896215
127.418469	0.012316783387896215
127.418469	0.012316783387896215
127.418469	0.012316783387896215
127.478455	0.01387597169137619
127.53845	0.014872715950087614
127.53845	0.014872715950087614
127.53845	0.014872715950087614
127.53845	0.014872715950087614
127.53845	0.014872715950087614
127.586393	0.015259911772148818
127.59845	0.015307158436374537
127.59845	0.015307158436374537
127.59845	0.015307158436374537
127.59845	0.015307158436374537
127.59845	0.015307158436374537
127.646355	0.015258186285499846
127.658474	0.015197999053390542
127.658474	0.015197999053390542
127.670356	0.015109796279372369
127.670356	0.015109796279372369
127.670356	0.015109796279372369
127.706427	0.014739792375555281
127.718451	0.014581599853422392
127.718451	0.014581599853422392
127.718451	0.014581599853422392
127.718451	0.014581599853422392
127.754441	0.013985868782590045
127.754441	0.013985868782590045
127.778479	0.013475606888737076
127.778479	0.013475606888737076
127.778479	0.013475606888737076
127.802356	0.012066410882513449
127.802356	0.012066410882513449
127.802356	0.012066410882513449
127.838526	0.0076388453911839021
127.838526	0.0076388453911839021
127.838526	0.0076388453911839021
127.862356	0.0041291929219308765
127.862356	0.0041291929219308765
127.886357	0.00085551743057301222
127.898455	-0.00046400227329852707
127.898455	-0.00046400227329852707
127.898455	-0.00046400227329852707
127.898455	-0.00046400227329852707
127.934427	-0.0020310481622389585
127.934427	-0.0020310481622389585
127.958454	-0.00226762589365892
127.958454	-0.00226762589365892
127.958454	-0.00226762589365892
127.958454	-0.00226762589365892
127.958454	-0.00226762589365892
127.958454	-0.00226762589365892
128.018449	-0.0024173327795611898
128.018449	-0.0024173327795611898
128.018449	-0.0024173327795611898
128.018449	-0.0024173327795611898
128.018449	-0.0024173327795611898
128.066361	-0.0025565283358693625
128.078452	-0.0025879181302405083
128.078452	-0.0025879181302405083
128.078452	-0.0025879181302405083
128.078452	-0.0025879181302405083
128.078452	-0.0025879181302405083
128.078452	-0.0025879181302405083
128.078452	-0.0025879181302405083
128.078452	-0.0025879181302405083
128.078469	-0.0025879622644316212
128.138454	-0.0026947190580072959
128.174438	-0.0026944041789209554
128.174438	-0.0026944041789209554
128.198469	-0.0020418390680926979
128.198469	-0.0020418390680926979
128.210373	-0.0010987536251743579
128.210373	-0.0010987536251743579
128.210373	-0.0010987536251743579
128.210373	-0.0010987536251743579
128.25847	0.0043631586049985849
128.25847	0.0043631586049985849
128.27049	0.0058385768697902293
128.282374	0.0071978624674633382
128.282374	0.0071978624674633382
128.282374	0.0071978624674633382
128.318507	0.0091153924441647778
128.318507	0.0091153924441647778
128.318507	0.0091153924441647778
128.318507	0.0091153924441647778
128.318507	0.0091153924441647778
128.318507	0.0091153924441647778
128.37847	0.0078126578548126813
128.37847	0.0078126578548126813
128.37847	0.0078126578548126813
128.37847	0.0078126578548126813
128.414439	0.0066584108402580489
128.414439	0.0066584108402580489
128.438468	0.0058943553063939905
128.438468	0.0058943553063939905
128.438468	0.0058943553063939905
128.462373	0.0051239035414988926
128.474446	0.0046926768512186136
128.486373	0.0038376580702464838
128.498556	0.0025823875471874336
128.498556	0.0025823875471874336
128.510373	0.00030353443390911637
128.510373	0.00030353443390911637
128.510373	0.00030353443390911637
128.546373	-0.0087540000608941296
128.558472	-0.012166396715136892
128.558472	-0.012166396715136892
128.558472	-0.012166396715136892
128.582373	-0.018543304738995004
128.582373	-0.018543304738995004
128.582373	-0.018543304738995004
128.618468	-0.02340025296090258
128.618468	-0.02340025296090258
128.618468	-0.02340025296090258
128.618468	-0.02340025296090258
128.618468	-0.02340025296090258
128.618468	-0.02340025296090258
128.678468	-0.022196905128230526
128.678468	-0.022196905128230526
128.678468	-0.022196905128230526
128.678468	-0.022196905128230526
128.678468	-0.022196905128230526
128.726406	-0.020035768814319958
128.73847	-0.019472571838069636
128.73847	-0.019472571838069636
128.73847	-0.019472571838069636
128.73847	-0.019472571838069636
128.77446	-0.017699702778339387
128.786373	-0.017084643759788777
128.798475	-0.016448751103479972
128.798475	-0.016448751103479972
128.798475	-0.016448751103479972
128.822373	-0.015150369281633169
128.834438	-0.014476721702238748
128.846374	-0.01380175423867864
128.858486	-0.013109287645020361
128.858486	-0.013109287645020361
128.858486	-0.013109287645020361
128.882373	-0.011716853416472691
128.894507	-0.010999599548697121
128.906372	-0.010294610886865287
128.918466	-0.0095728209830107623
128.918466	-0.0095728209830107623
128.930376	-0.0088582657212453626
128.930376	-0.0088582657212453626
128.930376	-0.0088582657212453626
128.930376	-0.0088582657212453626
128.978469	-0.0059658369400704256
128.978469	-0.0059658369400704256
128.978469	-0.0059658369400704256
128.978469	-0.0059658369400704256
129.014437	-0.0038198134017787379
129.014437	-0.0038198134017787379
129.038494	-0.0024051063935307099
129.038494	-0.0024051063935307099
129.038494	-0.0024051063935307099
129.038494	-0.0024051063935307099
129.074448	-0.00034428230184127063
129.086373	0.00032265426340587677
129.098469	0.00099190997624420746
129.098469	0.00099190997624420746
129.098469	0.00099190997624420746
129.098469	0.00099190997624420746
129.098469	0.00099190997624420746
129.098469	0.00099190997624420746
129.158538	0.0041331071064998129
129.158555	0.0041339641357010133
129.158555	0.0041339641357010133
129.158555	0.0041339641357010133
129.194471	0.0058463417607093658
129.20639	0.0063845471949550061
129.218489	0.006918419281034819
129.218489	0.006918419281034819
129.218489	0.006918419281034819
129.242397	0.0079147485507918974
129.242397	0.0079147485507918974
129.242397	0.0079147485507918974
129.278512	0.0092863458496268772
129.278512	0.0092863458496268772
129.278512	0.0092863458496268772
129.278512	0.0092863458496268772
129.278512	0.0092863458496268772
129.278512	0.0092863458496268772
129.338483	0.011175391447273907
129.338483	0.011175391447273907
129.35039	0.01148520060726145
129.36239	0.011786144224209686
129.36239	0.011786144224209686
129.386411	0.012314178216189315
129.398485	0.012553791337438152
129.398485	0.012553791337438152
129.398485	0.012553791337438152
129.42246	0.012956619687914468
129.434457	0.013124356829080801
129.434457	0.013124356829080801
129.45853	0.01340654811854195
129.45853	0.01340654811854195
129.45853	0.01340654811854195
129.45853	0.01340654811854195
129.45853	0.01340654811854195
129.45853	0.01340654811854195
129.518486	0.013733959570825056
129.518486	0.013733959570825056
129.518486	0.013733959570825056
129.518486	0.013733959570825056
129.518486	0.013733959570825056
129.56639	0.013628195821005931
129.578486	0.013557427468007862
129.578486	0.013557427468007862
129.578486	0.013557427468007862
129.578486	0.013557427468007862
129.578486	0.013557427468007862
129.62639	0.013075623966585931
129.638483	0.012914148338936579
129.638483	0.012914148338936579
129.638483	0.012914148338936579
129.638483	0.012914148338936579
129.638483	0.012914148338936579
129.638483	0.012914148338936579
129.698486	0.011853315831090514
129.698486	0.011853315831090514
129.698486	0.011853315831090514
129.698486	0.011853315831090514
129.73448	0.011038810372185322
129.74639	0.010744082866441995
129.758485	0.010435109575117686
129.758485	0.010435109575117686
129.758485	0.010435109575117686
129.758485	0.010435109575117686
129.758485	0.010435109575117686
129.80639	0.0090913759633233417
129.818563	0.0087278120442418686
129.818563	0.0087278120442418686
129.818563	0.0087278120442418686
129.818563	0.0087278120442418686
129.818563	0.0087278120442418686
129.818563	0.0087278120442418686
129.878486	0.0068150996058898112
129.878486	0.0068150996058898112
129.89039	0.0064157863835621887
129.89039	0.0064157863835621887
129.89039	0.0064157863835621887
129.89039	0.0064157863835621887
129.938484	0.0047684314237860966
129.938484	0.0047684314237860966
129.938484	0.0047684314237860966
129.938484	0.0047684314237860966
129.938484	0.0047684314237860966
129.938484	0.0047684314237860966
129.998541	0.0026659477218853095
129.998541	0.0026659477218853095
129.998541	0.0026659477218853095
129.998541	0.0026659477218853095
129.998541	0.0026659477218853095
130.04639	0.0010039574303424225
130.058497	0.00058910270867299462
130.058497	0.00058910270867299462
130.058497	0.00058910270867299462
130.058497	0.00058910270867299462
130.094455	-0.00061554911264367635
130.094455	-0.00061554911264367635
130.118487	-0.0013962154844437791
130.118487	-0.0013962154844437791
130.13046	-0.0017737337250895455
130.14239	-0.0021462157450194527
130.154459	-0.0025135626632573826
130.154459	-0.0025135626632573826
130.17851	-0.0032256897622753517
130.17851	-0.0032256897622753517
130.190407	-0.0035628978719809364
130.190407	-0.0035628978719809364
130.190407	-0.0035628978719809364
130.226407	-0.0045365994306824893
130.23851	-0.0048466970911869222
130.23851	-0.0048466970911869222
130.23851	-0.0048466970911869222
130.23851	-0.0048466970911869222
130.23851	-0.0048466970911869222
130.286406	-0.005959679155809949
130.298504	-0.0062160653524677145
130.298504	-0.0062160653524677145
130.298504	-0.0062160653524677145
130.298504	-0.0062160653524677145
130.298504	-0.0062160653524677145
130.346478	-0.0071040053778303009
130.358529	-0.0073001868035448498
130.358529	-0.0073001868035448498
130.370802	-0.0074816623534078707
130.370802	-0.0074816623534078707
130.370802	-0.0074816623534078707
130.370802	-0.0074816623534078707
130.418501	-0.0080784308100193061
130.418501	-0.0080784308100193061
130.418501	-0.0080784308100193061
130.418501	-0.0080784308100193061
130.454482	-0.0083926274383269699
130.466407	-0.0084723823594881481
130.478579	-0.0085440324174819605
130.478579	-0.0085440324174819605
130.478579	-0.0085440324174819605
130.502407	-0.0086414454944876221
130.502407	-0.0086414454944876221
130.526427	-0.0086893541057937278
130.538501	-0.0086985688030833674
130.538501	-0.0086985688030833674
130.538501	-0.0086985688030833674
130.538501	-0.0086985688030833674
130.538501	-0.0086985688030833674
130.538501	-0.0086985688030833674
130.5985	-0.0085576441831269022
130.5985	-0.0085576441831269022
130.5985	-0.0085576441831269022
130.5985	-0.0085576441831269022
130.5985	-0.0085576441831269022
130.64641	-0.0082457551743428739
130.658523	-0.0081436834705010674
130.658523	-0.0081436834705010674
130.658523	-0.0081436834705010674
130.658523	-0.0081436834705010674
130.658523	-0.0081436834705010674
130.706407	-0.0076366292505029585
130.718502	-0.0074884303172266893
130.718502	-0.0074884303172266893
130.718502	-0.0074884303172266893
130.718502	-0.0074884303172266893
130.718502	-0.0074884303172266893
130.718502	-0.0074884303172266893
130.7786	-0.0066265053132649717
130.7786	-0.0066265053132649717
130.7786	-0.0066265053132649717
130.7786	-0.0066265053132649717
130.7786	-0.0066265053132649717
130.826407	-0.005820581252806609
130.838503	-0.0056041140907412187
130.838503	-0.0056041140907412187
130.838503	-0.0056041140907412187
130.838503	-0.0056041140907412187
130.838503	-0.0056041140907412187
130.886407	-0.0046983833662564119
130.898504	-0.0044612219687144997
130.898504	-0.0044612219687144997
130.898504	-0.0044612219687144997
130.922427	-0.0039823337876139543
130.934481	-0.0037372769904587327
130.934481	-0.0037372769904587327
130.958501	-0.0032446448587673021
130.958501	-0.0032446448587673021
130.958501	-0.0032446448587673021
130.958501	-0.0032446448587673021
130.958501	-0.0032446448587673021
131.006479	-0.0022498046227964262
131.018505	-0.0020003375717955857
131.018505	-0.0020003375717955857
131.018505	-0.0020003375717955857
131.018505	-0.0020003375717955857
131.018505	-0.0020003375717955857
131.018505	-0.0020003375717955857
131.078526	-0.00077191971782801625
131.078526	-0.00077191971782801625
131.078526	-0.00077191971782801625
131.078526	-0.00077191971782801625
131.114471	-6.0370733736070403e-05
131.114471	-6.0370733736070403e-05
131.13857	0.00040285307756185928
131.13857	0.00040285307756185928
131.150407	0.0006239348351297075
131.162407	0.00084596987501576201
131.174567	0.0010654743261643705
131.186445	0.0012759054448285932
131.198521	0.0014864309123183157
131.198521	0.0014864309123183157
131.198521	0.0014864309123183157
131.222425	0.0018864155359725697
131.222425	0.0018864155359725697
131.246425	0.0022665624587733229
131.258526	0.0024514387366820585
131.258526	0.0024514387366820585
131.258526	0.0024514387366820585
131.258526	0.0024514387366820585
131.258526	0.0024514387366820585
131.258526	0.0024514387366820585
131.318568	0.0032725327387596796
131.318568	0.0032725327387596796
131.318568	0.0032725327387596796
131.318568	0.0032725327387596796
131.318568	0.0032725327387596796
131.318568	0.0032725327387596796
131.378521	0.0039299693230664193
131.378521	0.0039299693230664193
131.378521	0.0039299693230664193
131.378521	0.0039299693230664193
131.378521	0.0039299693230664193
131.378521	0.0039299693230664193
131.438522	0.004413530319294031
131.438522	0.004413530319294031
131.438522	0.004413530319294031
131.438522	0.004413530319294031
131.438522	0.004413530319294031
131.486425	0.0046688441252152888
131.498525	0.0047169748296595395
131.498525	0.0047169748296595395
131.498525	0.0047169748296595395
131.498525	0.0047169748296595395
131.498525	0.0047169748296595395
131.498525	0.0047169748296595395
131.558524	0.0048410081416249123
131.558524	0.0048410081416249123
131.558524	0.0048410081416249123
131.558524	0.0048410081416249123
131.594498	0.0048305605174553817
131.606425	0.0048140202382137252
131.618551	0.0047920671307121994
131.618551	0.0047920671307121994
131.618551	0.0047920671307121994
131.618551	0.0047920671307121994
131.618551	0.0047920671307121994
131.618551	0.0047920671307121994
131.678522	0.0045822694063449455
131.678522	0.0045822694063449455
131.678522	0.0045822694063449455
131.678522	0.0045822694063449455
131.678522	0.0045822694063449455
131.678522	0.0045822694063449455
131.738521	0.0042279189302232983
131.738521	0.0042279189302232983
131.738521	0.0042279189302232983
131.738521	0.0042279189302232983
131.738521	0.0042279189302232983
131.738521	0.0042279189302232983
131.798587	0.0037487407358100214
131.798587	0.0037487407358100214
131.798587	0.0037487407358100214
131.798587	0.0037487407358100214
131.798587	0.0037487407358100214
131.846425	0.0032930853069516458
131.858542	0.0031698131367210924
131.858542	0.0031698131367210924
131.858542	0.0031698131367210924
131.858542	0.0031698131367210924
131.858542	0.0031698131367210924
131.858542	0.0031698131367210924
131.918519	0.0025150034446427202
131.918519	0.0025150034446427202
131.918519	0.0025150034446427202
131.918519	0.0025150034446427202
131.918519	0.0025150034446427202
131.918519	0.0025150034446427202
131.978522	0.0018105503184147845
131.978522	0.0018105503184147845
131.990426	0.0016670657758783465
132.002425	0.0015220776541292945
132.002425	0.0015220776541292945
132.002425	0.0015220776541292945
132.038519	0.0010833731009257698
132.038519	0.0010833731009257698
132.038519	0.0010833731009257698
132.038519	0.0010833731009257698
132.038519	0.0010833731009257698
132.038519	0.0010833731009257698
132.098542	0.000358593762586091
132.098542	0.000358593762586091
132.098542	0.000358593762586091
132.098542	0.000358593762586091
132.098542	0.000358593762586091
132.146426	-0.00020266387296353832
132.158553	-0.00034127988724871796
132.158553	-0.00034127988724871796
132.158569	-0.00034146277305946248
132.158569	-0.00034146277305946248
132.158569	-0.00034146277305946248
132.206441	-0.0008648493007628583
132.218534	-0.00099146670880439266
132.218534	-0.00099146670880439266
132.218534	-0.00099146670880439266
132.218534	-0.00099146670880439266
132.25451	-0.0013485243264618149
132.25451	-0.0013485243264618149
132.278535	-0.0015721889741509489
132.278535	-0.0015721889741509489
132.278535	-0.0015721889741509489
132.278535	-0.0015721889741509489
132.278535	-0.0015721889741509489
132.278535	-0.0015721889741509489
132.338546	-0.0020673747760924389
132.338546	-0.0020673747760924389
132.338546	-0.0020673747760924389
132.338546	-0.0020673747760924389
132.338546	-0.0020673747760924389
132.338546	-0.0020673747760924389
132.398538	-0.0024646842453016904
132.398538	-0.0024646842453016904
132.398538	-0.0024646842453016904
132.398538	-0.0024646842453016904
132.398538	-0.0024646842453016904
132.398538	-0.0024646842453016904
132.458616	-0.0027563893284925883
132.458616	-0.0027563893284925883
132.458616	-0.0027563893284925883
132.458616	-0.0027563893284925883
132.458616	-0.0027563893284925883
132.506441	-0.0029089609506166392
132.518547	-0.002937582485551142
132.518547	-0.002937582485551142
132.518547	-0.002937582485551142
132.542441	-0.0029788571433160783
132.542441	-0.0029788571433160783
132.542441	-0.0029788571433160783
132.542441	-0.0029788571433160783
132.542441	-0.0029788571433160783
132.542441	-0.0029788571433160783
132.542441	-0.0029788571433160783
132.542441	-0.0029788571433160783
132.57857	-0.0030091641050410197
132.638549	-0.0029749227091093906
132.638549	-0.0029749227091093906
132.638549	-0.0029749227091093906
132.638549	-0.0029749227091093906
132.638549	-0.0029749227091093906
132.638549	-0.0029749227091093906
132.698536	-0.0028423457877251026
132.698536	-0.0028423457877251026
132.698536	-0.0028423457877251026
132.722518	-0.0027638742310631902
132.722518	-0.0027638742310631902
132.746461	-0.0026719870962556773
132.758543	-0.0026217266064949662
132.758543	-0.0026217266064949662
132.770441	-0.0025678897379806521
132.782442	-0.0025120202968140349
132.782442	-0.0025120202968140349
132.782442	-0.0025120202968140349
132.818536	-0.0023259808841980954
132.818536	-0.0023259808841980954
132.830441	-0.0022590092190729293
132.830441	-0.0022590092190729293
132.854577	-0.002117797096482348
132.866441	-0.0020451869629698975
132.878556	-0.0019695221000098702
132.878556	-0.0019695221000098702
132.878556	-0.0019695221000098702
132.878556	-0.0019695221000098702
132.878556	-0.0019695221000098702
132.878556	-0.0019695221000098702
132.93856	-0.001568825564460901
132.93856	-0.001568825564460901
132.93856	-0.001568825564460901
132.93856	-0.001568825564460901
132.93856	-0.001568825564460901
132.93856	-0.001568825564460901
132.998538	-0.0011406237031968368
132.998538	-0.0011406237031968368
132.998538	-0.0011406237031968368
133.022444	-0.00096598969168561406
133.034508	-0.00087750583531130905
133.046441	-0.00078998131859984522
133.05854	-0.00070123796450113299
133.05854	-0.00070123796450113299
133.05854	-0.00070123796450113299
133.05854	-0.00070123796450113299
133.05854	-0.00070123796450113299
133.106441	-0.00035319027552821241
133.118611	-0.00026594034196333736
133.118611	-0.00026594034196333736
133.130441	-0.00018226139504391798
133.130441	-0.00018226139504391798
133.130441	-0.00018226139504391798
133.130441	-0.00018226139504391798
133.178537	0.00014923674966596114
133.178555	0.00014935858499471713
133.178555	0.00014935858499471713
133.178555	0.00014935858499471713
133.178555	0.00014935858499471713
133.226467	0.00045848456245228277
133.238554	0.00053298505624131936
133.238554	0.00053298505624131936
133.238554	0.00053298505624131936
133.238554	0.00053298505624131936
133.238554	0.00053298505624131936
133.238554	0.00053298505624131936
133.298555	0.00087352759644738457
133.298555	0.00087352759644738457
133.298555	0.00087352759644738457
133.298555	0.00087352759644738457
133.298555	0.00087352759644738457
133.34646	0.001107902868873919
133.358563	0.0011620599284958945
133.358563	0.0011620599284958945
133.358563	0.0011620599284958945
133.358563	0.0011620599284958945
133.358563	0.0011620599284958945
133.358563	0.0011620599284958945
133.418595	0.0013924488537702864
133.418595	0.0013924488537702864
133.418595	0.0013924488537702864
133.418595	0.0013924488537702864
133.418595	0.0013924488537702864
133.418595	0.0013924488537702864
133.478556	0.0015605504127744504
133.478556	0.0015605504127744504
133.478556	0.0015605504127744504
133.478556	0.0015605504127744504
133.478556	0.0015605504127744504
133.478556	0.0015605504127744504
133.538552	0.0016649729659485221
133.538552	0.0016649729659485221
133.538552	0.0016649729659485221
133.562459	0.0016887567225169849
133.574524	0.0016967546943955929
133.586459	0.0017024672588345717
133.598561	0.0017063691396150078
133.598561	0.0017063691396150078
133.598561	0.0017063691396150078
133.598561	0.0017063691396150078
133.598561	0.0017063691396150078
133.646532	0.0016955636889080473
133.658576	0.0016876630650611119
133.658576	0.0016876630650611119
133.658576	0.0016876630650611119
133.658576	0.0016876630650611119
133.658576	0.0016876630650611119
133.658576	0.0016876630650611119
133.658576	0.0016876630650611119
133.658576	0.0016876630650611119
133.658576	0.0016876630650611119
133.658576	0.0016876630650611119
133.658576	0.0016876630650611119
133.718552	0.001612195057260654
133.778624	0.0014844809631120556
133.778624	0.0014844809631120556
133.778624	0.0014844809631120556
133.802459	0.001421622488104776
133.802459	0.001421622488104776
133.826479	0.001352048075201897
133.838552	0.0013153203099853436
133.838552	0.0013153203099853436
133.838552	0.0013153203099853436
133.838552	0.0013153203099853436
133.838552	0.0013153203099853436
133.838552	0.0013153203099853436
133.898554	0.0011126670595086299
133.898554	0.0011126670595086299
133.898554	0.0011126670595086299
133.922459	0.0010244754262115963
133.934533	0.00097853066426673648
133.934533	0.00097853066426673648
133.958557	0.00088520541264579993
133.958557	0.00088520541264579993
133.970477	0.00083772160744757687
133.982459	0.0007896937134168801
133.982459	0.0007896937134168801
134.006458	0.00069180909975193256
134.018553	0.00064199796215291447
134.018553	0.00064199796215291447
134.018553	0.00064199796215291447
134.018553	0.00064199796215291447
134.054528	0.00049225423237675957
134.066459	0.00044239876111206887
134.078656	0.00039140675158803547
134.078656	0.00039140675158803547
134.078656	0.00039140675158803547
134.078656	0.00039140675158803547
134.078656	0.00039140675158803547
134.078656	0.00039140675158803547
134.138554	0.00014346878659762704
134.138554	0.00014346878659762704
134.138554	0.00014346878659762704
134.138554	0.00014346878659762704
134.138554	0.00014346878659762704
134.138571	0.00014339906938791103
134.198579	-9.5304983042787412e-05
134.198579	-9.5304983042787412e-05
134.198579	-9.5304983042787412e-05
134.222522	-0.00018622960213077286
134.234541	-0.00023066892522185763
134.234541	-0.00023066892522185763
134.258574	-0.0003173402244916741
134.258574	-0.0003173402244916741
134.258574	-0.0003173402244916741
134.258574	-0.0003173402244916741
134.258574	-0.0003173402244916741
134.258574	-0.0003173402244916741
134.318606	-0.00051659001131437005
134.318606	-0.00051659001131437005
134.330476	-0.00055251616885005749
134.330476	-0.00055251616885005749
134.330476	-0.00055251616885005749
134.366476	-0.00065531208307775346
134.37858	-0.00068762636097236126
134.37858	-0.00068762636097236126
134.37858	-0.00068762636097236126
134.37858	-0.00068762636097236126
134.37858	-0.00068762636097236126
134.37858	-0.00068762636097236126
134.438728	-0.00082681985996254975
134.438728	-0.00082681985996254975
134.438728	-0.00082681985996254975
134.438728	-0.00082681985996254975
134.438728	-0.00082681985996254975
134.438728	-0.00082681985996254975
134.498571	-0.00093038397159835116
134.498571	-0.00093038397159835116
134.498571	-0.00093038397159835116
134.498571	-0.00093038397159835116
134.534548	-0.00097504611654296444
134.546476	-0.00098698248838475383
134.558593	-0.00099797269725234133
134.558593	-0.00099797269725234133
134.558593	-0.00099797269725234133
134.558593	-0.00099797269725234133
134.558593	-0.00099797269725234133
134.606479	-0.0010251287287300524
134.606479	-0.0010251287287300524
134.606479	-0.0010251287287300524
134.606479	-0.0010251287287300524
134.606479	-0.0010251287287300524
134.606479	-0.0010251287287300524
134.606479	-0.0010251287287300524
134.618577	-0.0010286806789811685
134.678573	-0.0010233355990293884
134.690498	-0.0010178098542136962
134.690498	-0.0010178098542136962
134.690498	-0.0010178098542136962
134.690498	-0.0010178098542136962
134.738573	-0.00098411247524196328
134.738573	-0.00098411247524196328
134.750476	-0.00097224434505981247
134.750476	-0.00097224434505981247
134.774541	-0.00094534165963445853
134.786476	-0.00093020328917728444
134.798572	-0.00091399587387951911
134.798572	-0.00091399587387951911
134.810476	-0.00089649415011943919
134.810476	-0.00089649415011943919
134.810476	-0.00089649415011943919
134.846476	-0.00083833882355556879
134.846476	-0.00083833882355556879
134.846476	-0.00083833882355556879
134.858574	-0.00081702647727244877
134.882476	-0.00077185707524137762
134.882476	-0.00077185707524137762
134.882476	-0.00077185707524137762
134.918571	-0.0006976530225637496
134.918571	-0.0006976530225637496
134.918571	-0.0006976530225637496
134.918571	-0.0006976530225637496
134.918571	-0.0006976530225637496
134.918571	-0.0006976530225637496
134.978576	-0.00062477985988307371
134.978576	-0.00062477985988307371
134.978576	-0.00062477985988307371
134.978576	-0.00062477985988307371
134.978576	-0.00062477985988307371
134.978576	-0.00062477985988307371
135.038592	-0.0091228419580742653
135.038592	-0.0091228419580742653
135.038592	-0.0091228419580742653
135.038592	-0.0091228419580742653
135.074546	-0.01737207398916198
135.086497	-0.019585430736328655
135.098644	-0.021420086618462977
135.098644	-0.021420086618462977
135.098644	-0.021420086618462977
135.098644	-0.021420086618462977
135.098644	-0.021420086618462977
135.098644	-0.021420086618462977
135.158612	-0.020794687039219651
135.158612	-0.020794687039219651
135.158612	-0.020794687039219651
135.158612	-0.020794687039219651
135.194567	-0.018324196300010809
135.206494	-0.017488925730557766
135.218629	-0.016639758783045459
135.218629	-0.016639758783045459
135.218629	-0.016639758783045459
135.218629	-0.016639758783045459
135.218629	-0.016639758783045459
135.218629	-0.016639758783045459
135.27859	-0.012402676671753331
135.27859	-0.012402676671753331
135.27859	-0.012402676671753331
135.27859	-0.012402676671753331
135.314566	-0.009807906332126571
135.326494	-0.0089437820218066389
135.338596	-0.0080664339564049947
135.338596	-0.0080664339564049947
135.338596	-0.0080664339564049947
135.338596	-0.0080664339564049947
135.338596	-0.0080664339564049947
135.338596	-0.0080664339564049947
135.398631	-0.0037564960577961297
135.398631	-0.0037564960577961297
135.398631	-0.0037564960577961297
135.398631	-0.0037564960577961297
135.398631	-0.0037564960577961297
135.398631	-0.0037564960577961297
135.398631	-0.0037564960577961297
135.398631	-0.0037564960577961297
135.398631	-0.0037564960577961297
135.398631	-0.0037564960577961297
135.398631	-0.0037564960577961297
135.458593	0.00036671514303297705
135.518607	0.0041938277913462557
135.518607	0.0041938277913462557
135.518607	0.0041938277913462557
135.518607	0.0041938277913462557
135.554563	0.0062938026013916902
135.566494	0.0069553852270112567
135.578589	0.0076117654592843574
135.578589	0.0076117654592843574
135.578589	0.0076117654592843574
135.578589	0.0076117654592843574
135.578589	0.0076117654592843574
135.626574	0.0099932581439972652
135.638599	0.010542734670921268
135.638599	0.010542734670921268
135.650501	0.011053938418447325
135.650501	0.011053938418447325
135.650501	0.011053938418447325
135.686494	0.012480351931861942
135.698588	0.012916882956847954
135.698588	0.012916882956847954
135.698588	0.012916882956847954
135.698588	0.012916882956847954
135.698588	0.012916882956847954
135.698588	0.012916882956847954
135.758668	0.014693208463038272
135.758668	0.014693208463038272
135.770494	0.014962792372678124
135.782494	0.015222878824729825
135.782494	0.015222878824729825
135.782494	0.015222878824729825
135.818588	0.015839618682919193
135.818588	0.015839618682919193
135.818588	0.015839618682919193
135.842494	0.01612014487896048
135.842494	0.01612014487896048
135.866515	0.016300183333858471
135.878598	0.016360588483584914
135.878598	0.016360588483584914
135.878598	0.016360588483584914
135.902494	0.016396306173076206
135.902494	0.016396306173076206
135.926497	0.016335836891929835
135.938589	0.016276948660791456
135.938589	0.016276948660791456
135.938589	0.016276948660791456
135.938589	0.016276948660791456
135.974558	0.015948511087379953
135.974558	0.015948511087379953
135.998606	0.015627587032734293
135.998606	0.015627587032734293
135.998606	0.015627587032734293
135.998606	0.015627587032734293
135.998606	0.015627587032734293
135.998606	0.015627587032734293
136.058596	0.014470155148098825
136.058596	0.014470155148098825
136.070493	0.014181509574018003
136.070493	0.014181509574018003
136.070493	0.014181509574018003
136.070493	0.014181509574018003
136.118589	0.012872524109525942
136.118589	0.012872524109525942
136.118589	0.012872524109525942
136.118589	0.012872524109525942
136.118589	0.012872524109525942
136.118589	0.012872524109525942
136.178588	0.010915477264006395
136.178588	0.010915477264006395
136.178605	0.010914891218438819
136.202511	0.010053712495422503
136.214576	0.0096037352841340049
136.226511	0.0091510753602766989
136.238607	0.0086859506585812828
136.238607	0.0086859506585812828
136.238607	0.0086859506585812828
136.238607	0.0086859506585812828
136.238607	0.0086859506585812828
136.238607	0.0086859506585812828
136.238607	0.0086859506585812828
136.299167	0.0062548519722039385
136.299167	0.0062548519722039385
136.299167	0.0062548519722039385
136.299167	0.0062548519722039385
136.299167	0.0062548519722039385
136.358609	0.0037851941831194792
136.358609	0.0037851941831194792
136.370524	0.0032882161767229649
136.370524	0.0032882161767229649
136.370524	0.0032882161767229649
136.370524	0.0032882161767229649
136.418676	0.0012953002981303664
136.418676	0.0012953002981303664
136.430518	0.00081392618349963733
136.430518	0.00081392618349963733
136.45459	-0.00015356054036414364
136.466512	-0.00062442941406826646
136.478611	-0.0010979102352047835
136.478611	-0.0010979102352047835
136.478611	-0.0010979102352047835
136.478611	-0.0010979102352047835
136.478611	-0.0010979102352047835
136.478611	-0.0010979102352047835
136.538635	-0.003327853975424819
136.538635	-0.003327853975424819
136.538635	-0.003327853975424819
136.538635	-0.003327853975424819
136.574579	-0.0045533134322210947
136.574579	-0.0045533134322210947
136.598609	-0.0053228926571889223
136.598609	-0.0053228926571889223
136.598609	-0.0053228926571889223
136.598609	-0.0053228926571889223
136.598609	-0.0053228926571889223
136.598609	-0.0053228926571889223
136.658617	-0.0070305375215049693
136.658617	-0.0070305375215049693
136.658617	-0.0070305375215049693
136.658617	-0.0070305375215049693
136.658617	-0.0070305375215049693
136.658617	-0.0070305375215049693
136.718626	-0.0084083136653853325
136.718626	-0.0084083136653853325
136.718626	-0.0084083136653853325
136.718626	-0.0084083136653853325
136.75458	-0.0090602075457619172
136.766511	-0.0092479652288462062
136.778608	-0.0094271091415463505
136.778608	-0.0094271091415463505
136.778608	-0.0094271091415463505
136.778608	-0.0094271091415463505
136.814657	-0.00985906839398599
136.826511	-0.0099721054919516584
136.838606	-0.010076159625797172
136.838606	-0.010076159625797172
136.838606	-0.010076159625797172
136.838606	-0.010076159625797172
136.838606	-0.010076159625797172
136.838606	-0.010076159625797172
136.89861	-0.01035543951206833
136.89861	-0.01035543951206833
136.89861	-0.01035543951206833
136.89861	-0.01035543951206833
136.89861	-0.01035543951206833
136.89861	-0.01035543951206833
136.958613	-0.010276854710637813
136.958613	-0.010276854710637813
136.958613	-0.010276854710637813
136.958613	-0.010276854710637813
136.994582	-0.010065785914417915
137.006511	-0.0099708754056644731
137.018629	-0.009864897944471613
137.018629	-0.009864897944471613
137.018629	-0.009864897944471613
137.018629	-0.009864897944471613
137.018629	-0.009864897944471613
137.066532	-0.0093166551565693791
137.078679	-0.0091526727204945847
137.078679	-0.0091526727204945847
137.078679	-0.0091526727204945847
137.078679	-0.0091526727204945847
137.114579	-0.0085987366870812626
137.114579	-0.0085987366870812626
137.138607	-0.0081840336820289787
137.138607	-0.0081840336820289787
137.138607	-0.0081840336820289787
137.162511	-0.0077360151422219145
137.174576	-0.0074976574246007673
137.186511	-0.0072555939164296009
137.198624	-0.0070046156541189982
137.198642	-0.0070042426987219492
137.198642	-0.0070042426987219492
137.222529	-0.0064878405578840306
137.234594	-0.0062181733516136779
137.234594	-0.0062181733516136779
137.258632	-0.0056685844259057845
137.258632	-0.0056685844259057845
137.258632	-0.0056685844259057845
137.258632	-0.0056685844259057845
137.258632	-0.0056685844259057845
137.258632	-0.0056685844259057845
137.318641	-0.0042303154986257033
137.318641	-0.0042303154986257033
137.318641	-0.0042303154986257033
137.318641	-0.0042303154986257033
137.318641	-0.0042303154986257033
137.318641	-0.0042303154986257033
137.37863	-0.0027443983614597006
137.37863	-0.0027443983614597006
137.37863	-0.0027443983614597006
137.40253	-0.0021508670307302537
137.414602	-0.0018523652877961135
137.426536	-0.0015586744183339789
137.438623	-0.0012623881571503328
137.438623	-0.0012623881571503328
137.450533	-0.00097367400755238222
137.46255	-0.00068379809960470231
137.46255	-0.00068379809960470231
137.486529	-0.00011591948168502905
137.498624	0.00016634302429150463
137.498624	0.00016634302429150463
137.498624	0.00016634302429150463
137.522529	0.00071021193469383999
137.522529	0.00071021193469383999
137.546529	0.0012374293904183224
137.558632	0.0014971271455004082
137.558632	0.0014971271455004082
137.558632	0.0014971271455004082
137.582529	0.0019904912163705808
137.582529	0.0019904912163705808
137.582529	0.0019904912163705808
137.618626	0.0026910611863201371
137.618626	0.0026910611863201371
137.630529	0.0029071183626090597
137.630529	0.0029071183626090597
137.6546	0.0033269843419906969
137.6546	0.0033269843419906969
137.678625	0.0037174100396146843
137.678625	0.0037174100396146843
137.678625	0.0037174100396146843
137.678625	0.0037174100396146843
137.714595	0.0042404706254044293
137.72655	0.0043985637763445601
137.738764	0.0045538159667980176
137.738764	0.0045538159667980176
137.738764	0.0045538159667980176
137.762529	0.004826716885056777
137.762529	0.004826716885056777
137.762529	0.004826716885056777
137.798624	0.0051785666955294716
137.798624	0.0051785666955294716
137.798624	0.0051785666955294716
137.798624	0.0051785666955294716
137.798624	0.0051785666955294716
137.798624	0.0051785666955294716
137.858645	0.0055886648350410399
137.858645	0.0055886648350410399
137.870602	0.0056420305372598236
137.870602	0.0056420305372598236
137.870602	0.0056420305372598236
137.870602	0.0056420305372598236
137.91863	0.0057814396628013348
137.91863	0.0057814396628013348
137.91863	0.0057814396628013348
137.91863	0.0057814396628013348
137.91863	0.0057814396628013348
137.96653	0.0057822941696752525
137.978625	0.0057641523669350742
137.978625	0.0057641523669350742
137.978625	0.0057641523669350742
137.978625	0.0057641523669350742
137.978625	0.0057641523669350742
137.978625	0.0057641523669350742
138.038709	0.0055495977203166005
138.038709	0.0055495977203166005
138.038709	0.0055495977203166005
138.038709	0.0055495977203166005
138.074599	0.0053336043737869203
138.074599	0.0053336043737869203
138.098625	0.0051578561297260187
138.098625	0.0051578561297260187
138.098625	0.0051578561297260187
138.098625	0.0051578561297260187
138.098625	0.0051578561297260187
138.098625	0.0051578561297260187
138.158626	0.0046116547021846548
138.158626	0.0046116547021846548
138.158626	0.0046116547021846548
138.18253	0.0043568652855125152
138.194595	0.0042208257612056663
138.194612	0.004220634076836407
138.21865	0.0039386413352115526
138.21865	0.0039386413352115526
138.21865	0.0039386413352115526
138.21865	0.0039386413352115526
138.254632	0.00348648092818942
138.266623	0.0033294385323825353
138.278647	0.0031697278220386075
138.278647	0.0031697278220386075
138.278647	0.0031697278220386075
138.278647	0.0031697278220386075
138.278647	0.0031697278220386075
138.278647	0.0031697278220386075
138.338644	0.0023365599974993091
138.338644	0.0023365599974993091
138.338644	0.0023365599974993091
138.338644	0.0023365599974993091
138.338644	0.0023365599974993091
138.338644	0.0023365599974993091
138.338644	0.0023365599974993091
138.338644	0.0023365599974993091
138.338644	0.0023365599974993091
138.338644	0.0023365599974993091
138.338644	0.0023365599974993091
138.398738	0.0014696164516135131
138.458655	0.00060402669630127111
138.458655	0.00060402669630127111
138.458655	0.00060402669630127111
138.458655	0.00060402669630127111
138.458655	0.00060402669630127111
138.506546	-6.854501930345757e-05
138.518661	-0.00023471855546701345
138.518661	-0.00023471855546701345
138.518661	-0.00023471855546701345
138.542546	-0.00055443044207046993
138.542546	-0.00055443044207046993
138.542546	-0.00055443044207046993
138.578641	-0.0010180955825367976
138.578641	-0.0010180955825367976
138.590566	-0.0011643354468848189
138.602546	-0.0013094272926949394
138.602546	-0.0013094272926949394
138.626546	-0.0015876620106363825
138.638651	-0.0017234687119497927
138.638651	-0.0017234687119497927
138.638651	-0.0017234687119497927
138.638651	-0.0017234687119497927
138.674618	-0.0020996326195329906
138.686546	-0.0022159673081670311
138.698727	-0.0023313408076213286
138.698727	-0.0023313408076213286
138.698727	-0.0023313408076213286
138.698727	-0.0023313408076213286
138.698727	-0.0023313408076213286
138.698727	-0.0023313408076213286
138.758646	-0.0028218446137311566
138.758646	-0.0028218446137311566
138.770546	-0.0029035312087651796
138.770546	-0.0029035312087651796
138.770546	-0.0029035312087651796
138.770546	-0.0029035312087651796
138.818641	-0.0031899719704512634
138.818641	-0.0031899719704512634
138.83055	-0.0032466380588607514
138.83055	-0.0032466380588607514
138.83055	-0.0032466380588607514
138.866547	-0.0033913368161352332
138.878644	-0.0034306068746754776
138.878644	-0.0034306068746754776
138.878644	-0.0034306068746754776
138.878644	-0.0034306068746754776
138.878644	-0.0034306068746754776
138.878644	-0.0034306068746754776
138.938664	-0.0035427069123285869
138.938664	-0.0035427069123285869
138.938664	-0.0035427069123285869
138.938664	-0.0035427069123285869
138.938664	-0.0035427069123285869
138.986567	-0.0035411984553551201
138.998641	-0.0035299598400495708
138.998641	-0.0035299598400495708
138.998641	-0.0035299598400495708
138.998641	-0.0035299598400495708
138.998641	-0.0035299598400495708
138.998641	-0.0035299598400495708
139.058713	-0.0033998679728056273
139.058713	-0.0033998679728056273
139.058713	-0.0033998679728056273
139.058713	-0.0033998679728056273
139.094614	-0.003269966576116114
139.106611	-0.0032187754205618212
139.118663	-0.0031644548343350881
139.118663	-0.0031644548343350881
139.118663	-0.0031644548343350881
139.118663	-0.0031644548343350881
139.118663	-0.0031644548343350881
139.118663	-0.0031644548343350881
139.17865	-0.0028376355957111295
139.17865	-0.0028376355957111295
139.17865	-0.0028376355957111295
139.17865	-0.0028376355957111295
139.178668	-0.0028375287441844608
139.226568	-0.0025214691784269674
139.226568	-0.0025214691784269674
139.226568	-0.0025214691784269674
139.226568	-0.0025214691784269674
139.226568	-0.0025214691784269674
139.23866	-0.0024358601027998912
139.286564	-0.0020731501784601513
139.298659	-0.0019774288387633464
139.298659	-0.0019774288387633464
139.310564	-0.0018810134954544669
139.322636	-0.0017825088514589918
139.322636	-0.0017825088514589918
139.322636	-0.0017825088514589918
139.358666	-0.0014811160305451161
139.358666	-0.0014811160305451161
139.358666	-0.0014811160305451161
139.358666	-0.0014811160305451161
139.358666	-0.0014811160305451161
139.406564	-0.0010706077349506504
139.418673	-0.00096609510875340335
139.418673	-0.00096609510875340335
139.430564	-0.00086348248753178604
139.442564	-0.00076002193937111154
139.454705	-0.00065568211462984857
139.454705	-0.00065568211462984857
139.478661	-0.00045106741906445033
139.478661	-0.00045106741906445033
139.490567	-0.00035059318802315798
139.490567	-0.00035059318802315798
139.490567	-0.00035059318802315798
139.490567	-0.00035059318802315798
139.490567	-0.00035059318802315798
139.490567	-0.00035059318802315798
139.490567	-0.00035059318802315798
139.490567	-0.00035059318802315798
139.490567	-0.00035059318802315798
139.538661	4.6824645323987536e-05
139.598682	0.00051179673626075551
139.598682	0.00051179673626075551
139.610629	0.00059860592062095663
139.610629	0.00059860592062095663
139.634641	0.00076819388593243301
139.646566	0.00084907562692079558
139.658698	0.00092969305298715849
139.658698	0.00092969305298715849
139.658698	0.00092969305298715849
139.658698	0.00092969305298715849
139.658698	0.00092969305298715849
139.658698	0.00092969305298715849
139.718737	0.0012896653104110579
139.718737	0.0012896653104110579
139.718737	0.0012896653104110579
139.742565	0.0014142587356070701
139.742565	0.0014142587356070701
139.742565	0.0014142587356070701
139.778678	0.0015826318717715756
139.778678	0.0015826318717715756
139.790586	0.0016316000701808477
139.802565	0.0016792652753838207
139.802565	0.0016792652753838207
139.802565	0.0016792652753838207
139.838662	0.0018034286907552802
139.838662	0.0018034286907552802
139.838662	0.0018034286907552802
139.838662	0.0018034286907552802
139.838662	0.0018034286907552802
139.838662	0.0018034286907552802
139.898659	0.0019492578262849745
139.898659	0.0019492578262849745
139.898659	0.0019492578262849745
139.898659	0.0019492578262849745
139.898659	0.0019492578262849745
139.946566	0.0020128252252505411
139.958664	0.0020223052370924696
139.958664	0.0020223052370924696
139.958664	0.0020223052370924696
139.958664	0.0020223052370924696
139.958664	0.0020223052370924696
140.006565	0.0020275384380480329
140.018742	0.0020223858033796898
140.018742	0.0020223858033796898
140.018742	0.0020223858033796898
140.018742	0.0020223858033796898
140.018742	0.0020223858033796898
140.018742	0.0020223858033796898
140.078662	0.0019533210541180747
140.078662	0.0019533210541180747
140.078662	0.0019533210541180747
140.078662	0.0019533210541180747
140.078662	0.0019533210541180747
140.078662	0.0019533210541180747
140.138659	0.0018219141855782537
140.138659	0.0018219141855782537
140.138659	0.0018219141855782537
140.138659	0.0018219141855782537
140.174629	0.0017162872062568017
140.186586	0.0016772855538093989
140.198668	0.0016364334289583678
140.198668	0.0016364334289583678
140.198668	0.0016364334289583678
140.222583	0.0015493852439996845
140.222583	0.0015493852439996845
140.222583	0.0015493852439996845
140.25869	0.0014062264259650814
140.25869	0.0014062264259650814
140.25869	0.0014062264259650814
140.25869	0.0014062264259650814
140.25869	0.0014062264259650814
140.25869	0.0014062264259650814
140.318747	0.0011417398733378986
140.318747	0.0011417398733378986
140.330583	0.0010863019200523032
140.342583	0.0010296595528014589
140.342583	0.0010296595528014589
140.342583	0.0010296595528014589
140.378755	0.00085429400973266651
140.378755	0.00085429400973266651
140.378755	0.00085429400973266651
140.378755	0.00085429400973266651
140.378755	0.00085429400973266651
140.378755	0.00085429400973266651
140.438686	0.0005551622639154007
140.438686	0.0005551622639154007
140.438686	0.0005551622639154007
140.438686	0.0005551622639154007
140.438686	0.0005551622639154007
140.438686	0.0005551622639154007
140.498678	0.00025450186111356226
140.498678	0.00025450186111356226
140.498678	0.00025450186111356226
140.522583	0.00013672826147645087
140.522583	0.00013672826147645087
140.522583	0.00013672826147645087
140.55868	-3.7155338010447552e-05
140.55868	-3.7155338010447552e-05
140.55868	-3.7155338010447552e-05
140.55868	-3.7155338010447552e-05
140.594653	-0.00020365379741711146
140.594653	-0.00020365379741711146
140.61868	-0.00031065461068137699
140.61868	-0.00031065461068137699
140.61868	-0.00031065461068137699
140.61868	-0.00031065461068137699
140.61868	-0.00031065461068137699
140.61868	-0.00031065461068137699
140.61868	-0.00031065461068137699
140.61868	-0.00031065461068137699
140.61868	-0.00031065461068137699
140.61868	-0.00031065461068137699
140.61868	-0.00031065461068137699
140.678777	-0.0005585048538678945
140.738677	-0.00077257424863945705
140.738677	-0.00077257424863945705
140.750585	-0.00081031880788621157
140.750585	-0.00081031880788621157
140.750585	-0.00081031880788621157
140.750585	-0.00081031880788621157
140.750585	-0.00081031880788621157
140.750585	-0.00081031880788621157
140.750585	-0.00081031880788621157
140.798678	-0.00094884822709655908
140.834649	-0.0010344248805186781
140.846593	-0.0010594697075952703
140.858683	-0.0010835136472023374
140.858683	-0.0010835136472023374
140.858683	-0.0010835136472023374
140.858683	-0.0010835136472023374
140.858683	-0.0010835136472023374
140.858683	-0.0010835136472023374
140.858683	-0.0010835136472023374
140.858683	-0.0010835136472023374
140.858683	-0.0010835136472023374
140.858683	-0.0010835136472023374
140.858683	-0.0010835136472023374
140.918681	-0.0011744176469210641
140.978679	-0.0012211107614003636
140.978679	-0.0012211107614003636
140.978679	-0.0012211107614003636
141.002584	-0.0012274406094604986
141.002584	-0.0012274406094604986
141.002584	-0.0012274406094604986
141.038746	-0.0012245587461508875
141.038746	-0.0012245587461508875
141.038746	-0.0012245587461508875
141.038746	-0.0012245587461508875
141.038746	-0.0012245587461508875
141.086586	-0.0011973350347315277
141.0987	-0.0011867542961430842
141.0987	-0.0011867542961430842
141.0987	-0.0011867542961430842
141.0987	-0.0011867542961430842
141.0987	-0.0011867542961430842
141.0987	-0.0011867542961430842
141.158686	-0.0011088321197696104
141.158686	-0.0011088321197696104
141.158686	-0.0011088321197696104
141.158686	-0.0011088321197696104
141.194654	-0.0010456325690904337
141.194654	-0.0010456325690904337
141.218685	-0.00099790763618396242
141.230601	-0.00097226574964199587
141.230601	-0.00097226574964199587
141.230601	-0.00097226574964199587
141.254668	-0.0009180793010430487
141.254668	-0.0009180793010430487
141.278709	-0.00086030850920503301
141.278709	-0.00086030850920503301
141.290601	-0.00083020102911535805
141.290601	-0.00083020102911535805
141.314669	-0.00076749329050728073
141.314669	-0.00076749329050728073
141.314669	-0.00076749329050728073
141.338794	-0.00070200856472494666
141.350601	-0.00066890287006898157
141.3626	-0.00063499157693182383
141.3626	-0.00063499157693182383
141.3626	-0.00063499157693182383
141.398696	-0.00053010020033057985
141.398696	-0.00053010020033057985
141.398696	-0.00053010020033057985
141.398696	-0.00053010020033057985
141.398696	-0.00053010020033057985
141.446602	-0.00038679126878620482
141.458705	-0.00035023424147831949
141.458705	-0.00035023424147831949
141.470814	-0.00031360488265498501
141.470814	-0.00031360488265498501
141.494685	-0.0002414971794042291
141.494685	-0.0002414971794042291
141.518694	-0.00016941382820863599
141.518694	-0.00016941382820863599
141.518694	-0.00016941382820863599
141.518694	-0.00016941382820863599
141.518694	-0.00016941382820863599
141.518694	-0.00016941382820863599
141.5787	6.168881834623619e-06
141.5787	6.168881834623619e-06
141.5787	6.168881834623619e-06
141.5787	6.168881834623619e-06
141.5787	6.168881834623619e-06
141.5787	6.168881834623619e-06
141.638698	0.00017060287432439609
141.638698	0.00017060287432439609
141.638698	0.00017060287432439609
141.638698	0.00017060287432439609
141.638698	0.00017060287432439609
141.638698	0.00017060287432439609
141.698763	0.00031923060784131688
141.698763	0.00031923060784131688
141.698763	0.00031923060784131688
141.698763	0.00031923060784131688
141.698763	0.00031923060784131688
141.746601	0.00042319788831662875
141.758717	0.00044756203001515094
141.758717	0.00044756203001515094
141.758717	0.00044756203001515094
141.758717	0.00044756203001515094
141.758717	0.00044756203001515094
141.758717	0.00044756203001515094
141.818714	0.00055280789347550777
141.818714	0.00055280789347550777
141.818714	0.00055280789347550777
141.818714	0.00055280789347550777
141.818714	0.00055280789347550777
141.818714	0.00055280789347550777
141.878697	0.00063255958701711459
141.878697	0.00063255958701711459
141.890639	0.00064498221518500751
141.890639	0.00064498221518500751
141.914667	0.00066734498408149018
141.914667	0.00066734498408149018
141.938695	0.00068544650768332716
141.938695	0.00068544650768332716
141.938695	0.00068544650768332716
141.938695	0.00068544650768332716
141.938695	0.00068544650768332716
141.938695	0.00068544650768332716
141.998736	0.00071137043893074289
141.998736	0.00071137043893074289
141.998736	0.00071137043893074289
142.022621	0.00071423354111788693
142.022621	0.00071423354111788693
142.022621	0.00071423354111788693
142.0587	0.00071106822538600004
142.0587	0.00071106822538600004
142.0587	0.00071106822538600004
142.0587	0.00071106822538600004
142.0587	0.00071106822538600004
142.0587	0.00071106822538600004
142.118696	0.00068622806020136092
142.118696	0.00068622806020136092
142.118696	0.00068622806020136092
142.142602	0.00066992780677834526
142.142602	0.00066992780677834526
142.166601	0.00065015349596911115
142.17872	0.00063918750834809142
142.17872	0.00063918750834809142
142.17872	0.00063918750834809142
142.17872	0.00063918750834809142
142.17872	0.00063918750834809142
142.17872	0.00063918750834809142
142.238723	0.00057304090961153532
142.238723	0.00057304090961153532
142.238723	0.00057304090961153532
142.262629	0.00054208697860555889
142.274692	0.00052555974534226023
142.28664	0.00050870139426020464
142.298717	0.00049126616252413377
142.298717	0.00049126616252413377
142.298717	0.00049126616252413377
142.298717	0.00049126616252413377
142.298717	0.00049126616252413377
142.298717	0.00049126616252413377
142.298717	0.00049126616252413377
142.35881	0.00039732704526990225
142.37062	0.00037773625545924159
142.37062	0.00037773625545924159
142.394695	0.00033716455433390597
142.40662	0.00031670676303851132
142.418734	0.00029576722146037473
142.418734	0.00029576722146037473
142.43062	0.00027499612966350081
142.44262	0.00025396359708279223
142.44262	0.00025396359708279223
142.44262	0.00025396359708279223
142.478745	0.00019015752268076156
142.478745	0.00019015752268076156
142.478745	0.00019015752268076156
142.50262	0.00014794441314467573
142.50262	0.00014794441314467573
142.526623	0.00010574166886596097
142.538737	8.4565179354179797e-05
142.538737	8.4565179354179797e-05
142.538737	8.4565179354179797e-05
142.538737	8.4565179354179797e-05
142.538737	8.4565179354179797e-05
142.538737	8.4565179354179797e-05
142.598715	-1.7373267662008109e-05
142.598715	-1.7373267662008109e-05
142.598715	-1.7373267662008109e-05
142.598715	-1.7373267662008109e-05
142.598715	-1.7373267662008109e-05
142.64662	-9.3964768036536032e-05
142.65873	-0.00011255965600476397
142.65873	-0.00011255965600476397
142.65873	-0.00011255965600476397
142.65873	-0.00011255965600476397
142.694686	-0.00016501330860839073
142.706621	-0.00018157746640427538
142.718717	-0.00019803048447056569
142.718717	-0.00019803048447056569
142.718717	-0.00019803048447056569
142.718717	-0.00019803048447056569
142.754757	-0.0002436986479517807
142.754757	-0.0002436986479517807
142.754757	-0.0002436986479517807
142.754757	-0.0002436986479517807
142.754757	-0.0002436986479517807
142.754757	-0.0002436986479517807
142.754757	-0.0002436986479517807
142.778717	-0.00027162269124432817
142.838723	-0.00033182047494072713
142.838723	-0.00033182047494072713
142.838723	-0.00033182047494072713
142.838723	-0.00033182047494072713
142.838723	-0.00033182047494072713
142.838723	-0.00033182047494072713
142.898752	-0.00037739104031852107
142.898752	-0.00037739104031852107
142.898752	-0.00037739104031852107
142.898752	-0.00037739104031852107
142.934709	-0.00039725467472621141
142.946621	-0.00040262600476623027
142.95872	-0.00040761826360031367
142.95872	-0.00040761826360031367
142.95872	-0.00040761826360031367
142.95872	-0.00040761826360031367
142.95872	-0.00040761826360031367
142.95872	-0.00040761826360031367
143.018783	-0.00042249676748640084
143.018783	-0.00042249676748640084
143.018783	-0.00042249676748640084
143.018783	-0.00042249676748640084
143.018783	-0.00042249676748640084
143.066641	-0.00042354675888055487
143.078723	-0.00042251863128716293
143.078723	-0.00042251863128716293
143.078723	-0.00042251863128716293
143.10262	-0.00041858607446414506
143.1147	-0.00041577413955950034
143.12662	-0.00041252893161455064
143.138715	-0.00040885385164452442
143.138715	-0.00040885385164452442
143.138715	-0.00040885385164452442
143.138715	-0.00040885385164452442
143.138715	-0.00040885385164452442
143.138715	-0.00040885385164452442
143.198736	-0.00038270147931752219
143.198736	-0.00038270147931752219
143.198736	-0.00038270147931752219
143.198736	-0.00038270147931752219
143.234685	-0.00036161587389023885
143.246638	-0.00035381347932219171
143.258736	-0.00034562399838464198
143.258736	-0.00034562399838464198
143.258736	-0.00034562399838464198
143.258736	-0.00034562399838464198
143.294703	-0.00031854796906230829
143.294703	-0.00031854796906230829
143.318756	-0.00029823750618854781
143.318756	-0.00029823750618854781
143.318756	-0.00029823750618854781
143.342639	-0.00027640107683164956
143.354706	-0.000264905196116509
143.354706	-0.000264905196116509
143.378738	-0.00024143602117275245
143.378738	-0.00024143602117275245
143.378738	-0.00024143602117275245
143.378738	-0.00024143602117275245
143.378738	-0.00024143602117275245
143.426638	-0.00019263554901731349
143.438734	-0.00018004714941403607
143.438734	-0.00018004714941403607
143.438734	-0.00018004714941403607
143.438734	-0.00018004714941403607
143.438734	-0.00018004714941403607
143.486639	-0.00012941270206479744
143.498737	-0.00011654640066960199
143.498737	-0.00011654640066960199
143.498737	-0.00011654640066960199
143.522638	-9.1170365171099112e-05
143.522638	-9.1170365171099112e-05
143.522638	-9.1170365171099112e-05
143.558738	-5.3141549442131568e-05
143.558738	-5.3141549442131568e-05
143.558738	-5.3141549442131568e-05
143.558738	-5.3141549442131568e-05
143.558738	-5.3141549442131568e-05
143.606638	-3.9938384176130432e-06
143.618739	8.0950244939610853e-06
143.618739	8.0950244939610853e-06
143.618739	8.0950244939610853e-06
143.618739	8.0950244939610853e-06
143.654709	4.2826721656031407e-05
143.654709	4.2826721656031407e-05
143.67883	6.5205023377409664e-05
143.67883	6.5205023377409664e-05
143.67883	6.5205023377409664e-05
143.702638	8.6351250147818096e-05
143.702638	8.6351250147818096e-05
143.726638	0.00010665688382622402
143.738745	0.00011658166397596896
143.738745	0.00011658166397596896
143.738745	0.00011658166397596896
143.738745	0.00011658166397596896
143.738745	0.00011658166397596896
143.738745	0.00011658166397596896
143.798734	0.00016117822858904198
143.798734	0.00016117822858904198
143.798734	0.00016117822858904198
143.798734	0.00016117822858904198
143.798734	0.00016117822858904198
143.798734	0.00016117822858904198
143.858753	0.00019801583551075185
143.858753	0.00019801583551075185
143.858753	0.00019801583551075185
143.858753	0.00019801583551075185
143.858753	0.00019801583551075185
143.906639	0.00022104868726652378
143.918733	0.00022600742140945848
143.918733	0.00022600742140945848
143.930638	0.00023032226151015805
143.930638	0.00023032226151015805
143.930638	0.00023032226151015805
143.966638	0.00024143254137102833
143.978862	0.00024452384627902962
143.978862	0.00024452384627902962
143.978862	0.00024452384627902962
144.002637	0.00024921260273958227
144.002637	0.00024921260273958227
144.026638	0.00025241919961880817
144.038732	0.00025358230546571861
144.038732	0.00025358230546571861
144.038732	0.00025358230546571861
144.038732	0.00025358230546571861
144.038732	0.00025358230546571861
144.038732	0.00025358230546571861
144.098733	0.00025351450160916814
144.098733	0.00025351450160916814
144.098733	0.00025351450160916814
144.098733	0.00025351450160916814
144.098733	0.00025351450160916814
144.146639	0.00024706727105993634
144.158738	0.00024469564919809482
144.158738	0.00024469564919809482
144.158738	0.00024469564919809482
144.158738	0.00024469564919809482
144.158738	0.00024469564919809482
144.158738	0.00024469564919809482
144.218751	0.00022794431550748876
144.218751	0.00022794431550748876
144.218751	0.00022794431550748876
144.218769	0.0002279384867020553
144.218769	0.0002279384867020553
144.218769	0.0002279384867020553
144.278752	0.00020418051621776996
144.278752	0.00020418051621776996
144.278752	0.00020418051621776996
144.278752	0.00020418051621776996
144.31472	0.00018694921306948
144.31472	0.00018694921306948
144.338826	0.00017436795283115396
144.338826	0.00017436795283115396
144.338826	0.00017436795283115396
144.338826	0.00017436795283115396
144.374742	0.00015422168797342168
144.38677	0.00014717091522325261
144.398754	0.00014003616311830189
144.398754	0.00014003616311830189
144.398754	0.00014003616311830189
144.398754	0.00014003616311830189
144.398754	0.00014003616311830189
144.398754	0.00014003616311830189
144.458754	0.00010237039513491349
144.458754	0.00010237039513491349
144.458754	0.00010237039513491349
144.458754	0.00010237039513491349
144.458754	0.00010237039513491349
144.458754	0.00010237039513491349
144.518751	6.3290888196940515e-05
144.518751	6.3290888196940515e-05
144.530656	5.5524679737040599e-05
144.530656	5.5524679737040599e-05
144.554725	3.9879641797188252e-05
144.554725	3.9879641797188252e-05
144.578752	2.4404193565987266e-05
144.578752	2.4404193565987266e-05
144.590656	1.6814003076411249e-05
144.590656	1.6814003076411249e-05
144.614727	1.5823381959694705e-06
144.614727	1.5823381959694705e-06
144.638793	-1.3378364226911741e-05
144.638793	-1.3378364226911741e-05
144.650666	-2.0575797919481961e-05
144.650666	-2.0575797919481961e-05
144.650666	-2.0575797919481961e-05
144.650666	-2.0575797919481961e-05
144.698766	-4.8632107287400933e-05
144.698766	-4.8632107287400933e-05
144.698766	-4.8632107287400933e-05
144.722655	-6.1690811103290083e-05
144.722655	-6.1690811103290083e-05
144.746655	-7.4134950606394889e-05
144.758775	-8.0200876177096762e-05
144.758775	-8.0200876177096762e-05
144.758775	-8.0200876177096762e-05
144.782656	-9.1475401152390712e-05
144.794728	-9.6865331711586735e-05
144.806656	-0.00010200415687191007
144.818767	-0.00010707158435686176
144.818767	-0.00010707158435686176
144.818767	-0.00010707158435686176
144.842655	-0.0001163098626187924
144.842655	-0.0001163098626187924
144.842655	-0.0001163098626187924
144.878755	-0.00012860754333872474
144.878755	-0.00012860754333872474
144.878755	-0.00012860754333872474
144.902659	-0.00013556817520504749
144.902659	-0.00013556817520504749
144.902659	-0.00013556817520504749
144.938755	-0.00014437162093073637
144.938755	-0.00014437162093073637
144.938755	-0.00014437162093073637
144.938755	-0.00014437162093073637
144.938755	-0.00014437162093073637
144.938755	-0.00014437162093073637
144.998835	-0.00015416798888068378
144.998835	-0.00015416798888068378
144.998835	-0.00015416798888068378
144.998835	-0.00015416798888068378
144.998835	-0.00015416798888068378
145.046656	-0.0001578656113148019
145.058785	-0.00015828958944888352
145.058785	-0.00015828958944888352
145.058785	-0.00015828958944888352
145.058785	-0.00015828958944888352
145.058785	-0.00015828958944888352
145.058785	-0.00015828958944888352
145.118751	-0.0001566182898298268
145.118751	-0.0001566182898298268
145.118751	-0.0001566182898298268
145.142655	-0.00015436503411000592
145.142655	-0.00015436503411000592
145.142655	-0.00015436503411000592
145.178751	-0.00014944811001031937
145.178751	-0.00014944811001031937
145.190657	-0.00014741210459722574
145.190657	-0.00014741210459722574
145.190657	-0.00014741210459722574
145.190657	-0.00014741210459722574
145.238749	-0.00013783596719260915
145.238767	-0.00013783207214797401
145.238767	-0.00013783207214797401
145.238767	-0.00013783207214797401
145.238767	-0.00013783207214797401
145.238767	-0.00013783207214797401
145.298771	-0.00012243158754198329
145.298771	-0.00012243158754198329
145.298771	-0.00012243158754198329
145.298771	-0.00012243158754198329
145.298771	-0.00012243158754198329
145.346674	-0.00010788013819924264
145.358774	-0.00010396722595803805
145.358774	-0.00010396722595803805
145.358774	-0.00010396722595803805
145.358774	-0.00010396722595803805
145.358774	-0.00010396722595803805
145.358774	-0.00010396722595803805
145.41877	-8.44257254972045e-05
145.41877	-8.44257254972045e-05
145.41877	-8.44257254972045e-05
145.41877	-8.44257254972045e-05
145.41877	-8.44257254972045e-05
145.41877	-8.44257254972045e-05
145.478804	-6.5957676101883997e-05
145.478804	-6.5957676101883997e-05
145.478804	-6.5957676101883997e-05
145.502694	-5.8407711881347007e-05
145.514739	-5.458185458363423e-05
145.514739	-5.458185458363423e-05
145.538772	-4.6915877526346409e-05
145.538772	-4.6915877526346409e-05
145.538772	-4.6915877526346409e-05
145.538772	-4.6915877526346409e-05
145.538772	-4.6915877526346409e-05
145.586674	-3.1542891648520403e-05
145.598769	-2.7663844510971705e-05
145.598769	-2.7663844510971705e-05
145.610674	-2.3869707369826815e-05
145.610674	-2.3869707369826815e-05
145.610674	-2.3869707369826815e-05
145.610674	-2.3869707369826815e-05
145.658839	-8.7150763170088822e-06
145.658839	-8.7150763170088822e-06
145.658839	-8.7150763170088822e-06
145.658839	-8.7150763170088822e-06
145.658839	-8.7150763170088822e-06
145.658839	-8.7150763170088822e-06
145.718768	9.3262573326479664e-06
145.718768	9.3262573326479664e-06
145.718768	9.3262573326479664e-06
145.718768	9.3262573326479664e-06
145.718768	9.3262573326479664e-06
145.766694	2.2703841604503904e-05
145.778779	2.5935899971484738e-05
145.778779	2.5935899971484738e-05
145.778779	2.5935899971484738e-05
145.778779	2.5935899971484738e-05
145.778779	2.5935899971484738e-05
145.778779	2.5935899971484738e-05
145.838773	4.0683669403635594e-05
145.838773	4.0683669403635594e-05
145.838773	4.0683669403635594e-05
145.838773	4.0683669403635594e-05
145.838773	4.0683669403635594e-05
145.838773	4.0683669403635594e-05
145.898807	5.3237319125132555e-05
145.898807	5.3237319125132555e-05
145.898807	5.3237319125132555e-05
145.898807	5.3237319125132555e-05
145.934746	5.9440597437893557e-05
145.934746	5.9440597437893557e-05
145.958856	6.3110732757367177e-05
145.958856	6.3110732757367177e-05
145.970675	6.4738108847751683e-05
145.970675	6.4738108847751683e-05
145.970675	6.4738108847751683e-05
145.970675	6.4738108847751683e-05
146.018773	7.0443336389702094e-05
146.018773	7.0443336389702094e-05
146.018773	7.0443336389702094e-05
146.018773	7.0443336389702094e-05
146.018773	7.0443336389702094e-05
146.066674	7.4402917062383264e-05
146.078772	7.5181114586598657e-05
146.078772	7.5181114586598657e-05
146.078772	7.5181114586598657e-05
146.102674	7.6351483898420616e-05
146.11474	7.6774084625558453e-05
146.11474	7.6774084625558453e-05
146.138767	7.7350732354008054e-05
146.138767	7.7350732354008054e-05
146.138767	7.7350732354008054e-05
146.138767	7.7350732354008054e-05
146.138767	7.7350732354008054e-05
146.186744	7.7293724124715831e-05
146.198773	7.7067206066583664e-05
146.198773	7.7067206066583664e-05
146.198773	7.7067206066583664e-05
146.198773	7.7067206066583664e-05
146.198773	7.7067206066583664e-05
146.198773	7.7067206066583664e-05
146.258819	7.4409155300248354e-05
146.258819	7.4409155300248354e-05
146.258819	7.4409155300248354e-05
146.258819	7.4409155300248354e-05
146.258819	7.4409155300248354e-05
146.306693	7.0750925593975677e-05
146.318882	6.9628710312015225e-05
146.318882	6.9628710312015225e-05
146.318882	6.9628710312015225e-05
146.318882	6.9628710312015225e-05
146.354764	6.5807760666140023e-05
146.354764	6.5807760666140023e-05
146.378789	6.2935272002299055e-05
146.378789	6.2935272002299055e-05
146.378789	6.2935272002299055e-05
146.402693	5.9794301969595281e-05
146.402693	5.9794301969595281e-05
146.402693	5.9794301969595281e-05
146.438806	5.4581958750060982e-05
146.438806	5.4581958750060982e-05
146.450806	5.2728756879280476e-05
146.450806	5.2728756879280476e-05
146.450806	5.2728756879280476e-05
146.450806	5.2728756879280476e-05
146.498785	4.4904100049024637e-05
146.498785	4.4904100049024637e-05
146.498785	4.4904100049024637e-05
146.498785	4.4904100049024637e-05
146.534772	3.8439014290086091e-05
146.546713	3.6219537764366186e-05
146.55879	3.3953324079742255e-05
146.55879	3.3953324079742255e-05
146.55879	3.3953324079742255e-05
146.55879	3.3953324079742255e-05
146.55879	3.3953324079742255e-05
146.55879	3.3953324079742255e-05
146.618792	2.2499194243231508e-05
146.618792	2.2499194243231508e-05
146.618792	2.2499194243231508e-05
146.642693	1.7931157301767066e-05
146.642693	1.7931157301767066e-05
146.666692	1.3362754457099224e-05
146.678808	1.1063543495155575e-05
146.678808	1.1063543495155575e-05
146.678808	1.1063543495155575e-05
146.678808	1.1063543495155575e-05
146.678808	1.1063543495155575e-05
146.678808	1.1063543495155575e-05
146.738794	-6.200853342113154e-07
146.738794	-6.200853342113154e-07
146.738794	-6.200853342113154e-07
146.738794	-6.200853342113154e-07
146.774757	-7.5322698636910285e-06
146.786693	-9.7621038624317682e-06
146.798789	-1.1998601584323871e-05
146.798789	-1.1998601584323871e-05
146.798789	-1.1998601584323871e-05
146.798789	-1.1998601584323871e-05
146.798789	-1.1998601584323871e-05
146.798789	-1.1998601584323871e-05
146.858806	-2.2454460395776694e-05
146.858806	-2.2454460395776694e-05
146.858806	-2.2454460395776694e-05
146.858806	-2.2454460395776694e-05
146.858806	-2.2454460395776694e-05
146.858806	-2.2454460395776694e-05
146.918786	-3.159446774150654e-05
146.918786	-3.159446774150654e-05
146.930693	-3.3219952226904052e-05
146.942713	-3.4824128996441279e-05
146.954761	-3.6342148518313965e-05
146.966693	-3.7777090873747676e-05
146.978864	-3.9186113230521253e-05
146.978864	-3.9186113230521253e-05
146.990692	-4.0451196227053543e-05
146.990692	-4.0451196227053543e-05
147.014768	-4.2863279234385363e-05
147.014768	-4.2863279234385363e-05
147.038807	-4.4988155257429461e-05
147.038807	-4.4988155257429461e-05
147.038807	-4.4988155257429461e-05
147.038807	-4.4988155257429461e-05
147.038807	-4.4988155257429461e-05
147.038807	-4.4988155257429461e-05
147.038807	-4.4988155257429461e-05
147.038807	-4.4988155257429461e-05
147.038807	-4.4988155257429461e-05
147.038807	-4.4988155257429461e-05
147.098787	-4.8845079121921848e-05
147.146696	-5.0508576404019023e-05
147.158797	-5.0746911396274692e-05
147.158797	-5.0746911396274692e-05
147.158797	-5.0746911396274692e-05
147.182693	-5.0924232939701249e-05
147.194781	-5.089271535999238e-05
147.206727	-5.0794783269839947e-05
147.21881	-5.0643320324151924e-05
147.21881	-5.0643320324151924e-05
147.21881	-5.0643320324151924e-05
147.21881	-5.0643320324151924e-05
147.218832	-5.0643044549525977e-05
147.218832	-5.0643044549525977e-05
147.278852	-4.867289246828467e-05
147.278852	-4.867289246828467e-05
147.278852	-4.867289246828467e-05
147.278852	-4.867289246828467e-05
147.314778	-4.6644788628268147e-05
147.314778	-4.6644788628268147e-05
147.338827	-4.5000609594336736e-05
147.338827	-4.5000609594336736e-05
147.338827	-4.5000609594336736e-05
147.338827	-4.5000609594336736e-05
147.374849	-4.2047178077305654e-05
147.374849	-4.2047178077305654e-05
147.398824	-3.9855953354378023e-05
147.398824	-3.9855953354378023e-05
147.398824	-3.9855953354378023e-05
147.422715	-3.7551349618319477e-05
147.43478	-3.6336915083413489e-05
147.446715	-3.5099200693900284e-05
147.458811	-3.381613940385691e-05
147.458811	-3.381613940385691e-05
147.458811	-3.381613940385691e-05
147.458811	-3.381613940385691e-05
147.49478	-3.0026077322888483e-05
147.506786	-2.8998422979224501e-05
147.518813	-2.8084821671103567e-05
147.518813	-2.8084821671103567e-05
147.518813	-2.8084821671103567e-05
147.518813	-2.8084821671103567e-05
147.518813	-2.8084821671103567e-05
147.518813	-2.8084821671103567e-05
147.578822	-2.4214557697029473e-05
147.578822	-2.4214557697029473e-05
147.578822	-2.4214557697029473e-05
147.578822	-2.4214557697029473e-05
147.614786	-2.1642734178061896e-05
147.626715	-2.073970517118746e-05
147.638894	-1.9799057343965579e-05
147.638894	-1.9799057343965579e-05
147.638894	-1.9799057343965579e-05
147.638894	-1.9799057343965579e-05
147.638894	-1.9799057343965579e-05
147.638894	-1.9799057343965579e-05
147.698807	-1.482262308626259e-05
147.698807	-1.482262308626259e-05
147.710715	-1.3800632573664923e-05
147.722735	-1.2766285235963973e-05
147.722735	-1.2766285235963973e-05
147.746714	-1.0682963020641066e-05
147.758829	-9.6225683082341248e-06
147.758829	-9.6225683082341248e-06
147.758829	-9.6225683082341248e-06
147.758829	-9.6225683082341248e-06
147.758829	-9.6225683082341248e-06
147.758829	-9.6225683082341248e-06
147.818825	-4.378278104864704e-06
147.818825	-4.378278104864704e-06
147.818825	-4.378278104864704e-06
147.818825	-4.378278104864704e-06
147.854805	-1.335059694340055e-06
147.854805	-1.335059694340055e-06
147.878831	6.6041090368715242e-07
147.878831	6.6041090368715242e-07
147.878831	6.6041090368715242e-07
147.878831	6.6041090368715242e-07
147.914781	3.508566376381356e-06
147.914781	3.508566376381356e-06
147.938813	5.3129070112846222e-06
147.938813	5.3129070112846222e-06
147.950714	6.1732205473173906e-06
147.962714	7.03113519313363e-06
147.97478	7.8708799820283628e-06
147.986736	8.6696723587955021e-06
147.998896	9.4558508267756447e-06
147.998896	9.4558508267756447e-06
148.010715	1.0151535425882974e-05
148.010715	1.0151535425882974e-05
148.034854	1.1484380152014809e-05
148.034854	1.1484380152014809e-05
148.058836	1.2695578585385668e-05
148.058836	1.2695578585385668e-05
148.058836	1.2695578585385668e-05
148.058836	1.2695578585385668e-05
148.094779	1.4327947961193719e-05
148.094779	1.4327947961193719e-05
148.118827	1.5286354305788039e-05
148.118827	1.5286354305788039e-05
148.130717	1.5710684209876588e-05
148.130717	1.5710684209876588e-05
148.130717	1.5710684209876588e-05
148.130717	1.5710684209876588e-05
148.178811	1.7240370117396628e-05
148.178811	1.7240370117396628e-05
148.178811	1.7240370117396628e-05
148.178811	1.7240370117396628e-05
148.178811	1.7240370117396628e-05
148.226715	1.8358211529294185e-05
148.23882	1.8582770952178097e-05
148.23882	1.8582770952178097e-05
148.23882	1.8582770952178097e-05
148.238838	1.8583104869535231e-05
148.274805	1.9118202354932116e-05
148.274805	1.9118202354932116e-05
148.274805	1.9118202354932116e-05
148.274805	1.9118202354932116e-05
148.274805	1.9118202354932116e-05
148.274805	1.9118202354932116e-05
148.274805	1.9118202354932116e-05
148.298902	1.9377778414095759e-05
148.358832	1.9598940348214722e-05
148.358832	1.9598940348214722e-05
148.358832	1.9598940348214722e-05
148.382753	1.9568859802482131e-05
148.382753	1.9568859802482131e-05
148.406732	1.945528277478984e-05
148.418827	1.9369809792879881e-05
148.418827	1.9369809792879881e-05
148.418827	1.9369809792879881e-05
148.418827	1.9369809792879881e-05
148.454801	1.9000219531727813e-05
148.454801	1.9000219531727813e-05
148.478854	1.8697106129198204e-05
148.478854	1.8697106129198204e-05
148.478854	1.8697106129198204e-05
148.478854	1.8697106129198204e-05
148.478854	1.8697106129198204e-05
148.478854	1.8697106129198204e-05
148.538826	1.7638702826740907e-05
148.538826	1.7638702826740907e-05
148.538826	1.7638702826740907e-05
148.538826	1.7638702826740907e-05
148.574797	1.6854158089816064e-05
148.574797	1.6854158089816064e-05
148.598831	1.6248739641685451e-05
148.598831	1.6248739641685451e-05
148.598831	1.6248739641685451e-05
148.598831	1.6248739641685451e-05
148.634838	1.5102014996863076e-05
148.646733	1.4689451997523114e-05
148.658829	1.4261888572119152e-05
148.658829	1.4261888572119152e-05
148.658829	1.4261888572119152e-05
148.658829	1.4261888572119152e-05
148.694866	1.2650289144707906e-05
148.694866	1.2650289144707906e-05
148.718827	1.0816369290165831e-05
148.718827	1.0816369290165831e-05
148.718827	1.0816369290165831e-05
148.718827	1.0816369290165831e-05
148.754801	7.2286541694007957e-06
148.754801	7.2286541694007957e-06
148.778846	4.7604607161760302e-06
148.778846	4.7604607161760302e-06
148.778846	4.7604607161760302e-06
148.778846	4.7604607161760302e-06
148.778846	4.7604607161760302e-06
148.778846	4.7604607161760302e-06
148.838849	-1.1306545932805788e-06
148.838849	-1.1306545932805788e-06
148.838849	-1.1306545932805788e-06
148.838849	-1.1306545932805788e-06
148.874807	-4.384284422757904e-06
148.886733	-5.4141105258585352e-06
148.898847	-6.4436631519953023e-06
148.898847	-6.4436631519953023e-06
148.898847	-6.4436631519953023e-06
148.898847	-6.4436631519953023e-06
148.898847	-6.4436631519953023e-06
148.898847	-6.4436631519953023e-06
148.95891	-1.1167744371877073e-05
148.95891	-1.1167744371877073e-05
148.95891	-1.1167744371877073e-05
148.95891	-1.1167744371877073e-05
148.95891	-1.1167744371877073e-05
148.95891	-1.1167744371877073e-05
149.018843	-1.5145688723065983e-05
149.018843	-1.5145688723065983e-05
149.018843	-1.5145688723065983e-05
149.042733	-1.6532525547514335e-05
149.042733	-1.6532525547514335e-05
149.066733	-1.778371593318924e-05
149.078828	-1.8369482370335925e-05
149.078828	-1.8369482370335925e-05
149.078828	-1.8369482370335925e-05
149.102732	-1.942101307563196e-05
149.114799	-1.9909740377009621e-05
149.114799	-1.9909740377009621e-05
149.138832	-2.0799277413189021e-05
149.138832	-2.0799277413189021e-05
149.138832	-2.0799277413189021e-05
149.138832	-2.0799277413189021e-05
149.138832	-2.0799277413189021e-05
149.138832	-2.0799277413189021e-05
149.198829	-2.2360150308536958e-05
149.198829	-2.2360150308536958e-05
149.198829	-2.2360150308536958e-05
149.198829	-2.2360150308536958e-05
149.198829	-2.2360150308536958e-05
149.246732	-2.3000360611712475e-05
149.258834	-2.3080265437105837e-05
149.270754	-2.3100026780564476e-05
149.270754	-2.3100026780564476e-05
149.282756	-2.3105170041578443e-05
149.282756	-2.3105170041578443e-05
149.282756	-2.3105170041578443e-05
149.318874	-2.3005321335404002e-05
149.318874	-2.3005321335404002e-05
149.318874	-2.3005321335404002e-05
149.318874	-2.3005321335404002e-05
149.354894	-2.2697002512576057e-05
149.366755	-2.2528149737753445e-05
149.37885	-2.2329792612626929e-05
149.37885	-2.2329792612626929e-05
149.37885	-2.2329792612626929e-05
149.37885	-2.2329792612626929e-05
149.37885	-2.2329792612626929e-05
149.37885	-2.2329792612626929e-05
149.438849	-2.08420155507467e-05
149.438849	-2.08420155507467e-05
149.438849	-2.08420155507467e-05
149.438849	-2.08420155507467e-05
149.438849	-2.08420155507467e-05
149.438849	-2.08420155507467e-05
149.498852	-1.8528873073633998e-05
149.498852	-1.8528873073633998e-05
149.498852	-1.8528873073633998e-05
149.498852	-1.8528873073633998e-05
149.498852	-1.8528873073633998e-05
149.498852	-1.8528873073633998e-05
149.55886	-1.5583881764782721e-05
149.55886	-1.5583881764782721e-05
149.55886	-1.5583881764782721e-05
149.55886	-1.5583881764782721e-05
149.55886	-1.5583881764782721e-05
149.55886	-1.5583881764782721e-05
149.618968	-1.1958382293899094e-05
149.618968	-1.1958382293899094e-05
149.618968	-1.1958382293899094e-05
149.618968	-1.1958382293899094e-05
149.618968	-1.1958382293899094e-05
149.666755	-8.6204149374266344e-06
149.678851	-7.7455799508558543e-06
149.678851	-7.7455799508558543e-06
149.678851	-7.7455799508558543e-06
149.678851	-7.7455799508558543e-06
149.678851	-7.7455799508558543e-06
149.678851	-7.7455799508558543e-06
149.738851	-5.6021573978083632e-06
149.738851	-5.6021573978083632e-06
149.738851	-5.6021573978083632e-06
149.762755	-5.2987575820180237e-06
149.762755	-5.2987575820180237e-06
149.762755	-5.2987575820180237e-06
149.762755	-5.2987575820180237e-06
149.798849	-4.7947180830340182e-06
149.810776	-4.628148383229931e-06
149.822755	-4.4589251666434018e-06
149.834836	-4.2802512474207723e-06
149.834836	-4.2802512474207723e-06
149.85885	-3.8879423276616992e-06
149.85885	-3.8879423276616992e-06
149.85885	-3.8879423276616992e-06
149.85885	-3.8879423276616992e-06
149.85885	-3.8879423276616992e-06
149.906754	-2.8716295258014486e-06
149.918851	-2.5683330350974453e-06
149.918851	-2.5683330350974453e-06
149.918851	-2.5683330350974453e-06
149.918851	-2.5683330350974453e-06
149.954823	-1.5554211492594088e-06
149.966779	-1.1958321849745935e-06
149.978878	-8.2506110821339428e-07
149.978878	-8.2506110821339428e-07
149.978878	-8.2506110821339428e-07
149.978878	-8.2506110821339428e-07
150.014893	1.8119697886555216e-07
150.014893	1.8119697886555216e-07
150.038851	7.750418760857883e-07
150.038851	7.750418760857883e-07
150.050798	1.0635367309368075e-06
150.062755	1.3526720843196909e-06
150.062755	1.3526720843196909e-06
150.062755	1.3526720843196909e-06
150.098867	2.2224117752353084e-06
150.098867	2.2224117752353084e-06
150.098867	2.2224117752353084e-06
150.098867	2.2224117752353084e-06
150.134831	3.023342899406756e-06
150.134831	3.023342899406756e-06
150.158857	3.5397435191582213e-06
150.158857	3.5397435191582213e-06
150.158857	3.5397435191582213e-06
150.158857	3.5397435191582213e-06
150.158857	3.5397435191582213e-06
150.206755	4.5088237234391185e-06
150.21885	4.7273804994577886e-06
150.21885	4.7273804994577886e-06
150.21885	4.7273804994577886e-06
150.21885	4.7273804994577886e-06
150.254822	5.3190954386039068e-06
150.254822	5.3190954386039068e-06
150.278929	5.6915771495873545e-06
150.278929	5.6915771495873545e-06
150.278929	5.6915771495873545e-06
150.278929	5.6915771495873545e-06
150.278929	5.6915771495873545e-06
150.278929	5.6915771495873545e-06
150.338896	6.3961474488682543e-06
150.338896	6.3961474488682543e-06
150.338896	6.3961474488682543e-06
150.338896	6.3961474488682543e-06
150.338896	6.3961474488682543e-06
150.338896	6.3961474488682543e-06
150.398877	6.8794251039505224e-06
150.398877	6.8794251039505224e-06
150.398877	6.8794251039505224e-06
150.422777	6.9927908772401102e-06
150.422777	6.9927908772401102e-06
150.422777	6.9927908772401102e-06
150.458884	7.1052878795425968e-06
150.458884	7.1052878795425968e-06
150.458884	7.1052878795425968e-06
150.482778	7.0917693420499584e-06
150.482778	7.0917693420499584e-06
150.482778	7.0917693420499584e-06
150.518873	5.9824664845336569e-06
150.518873	5.9824664845336569e-06
150.518873	5.9824664845336569e-06
150.518873	5.9824664845336569e-06
150.554847	3.7879292176987702e-06
150.554847	3.7879292176987702e-06
150.5789	2.2533326177366922e-06
150.5789	2.2533326177366922e-06
150.5789	2.2533326177366922e-06
150.602778	7.5159553589461919e-07
150.602778	7.5159553589461919e-07
150.602778	7.5159553589461919e-07
150.638871	-1.4827899552351847e-06
150.638871	-1.4827899552351847e-06
150.650777	-2.175731794424364e-06
150.650777	-2.175731794424364e-06
150.650777	-2.175731794424364e-06
150.686842	-4.1212272574039353e-06
150.698871	-4.7102937074338051e-06
150.698871	-4.7102937074338051e-06
150.71083	-5.2395055691963073e-06
150.722777	-5.7483866256304669e-06
150.722777	-5.7483866256304669e-06
150.722777	-5.7483866256304669e-06
150.722777	-5.7483866256304669e-06
150.722777	-5.7483866256304669e-06
150.722777	-5.7483866256304669e-06
150.722777	-5.7483866256304669e-06
150.722777	-5.7483866256304669e-06
150.758874	-7.0564772342664312e-06
150.818875	-8.6282493315043371e-06
150.818875	-8.6282493315043371e-06
150.818875	-8.6282493315043371e-06
150.818875	-8.6282493315043371e-06
150.854848	-9.2623987726151897e-06
150.854848	-9.2623987726151897e-06
150.878874	-9.5415173052475721e-06
150.878874	-9.5415173052475721e-06
150.890778	-9.6321607330506234e-06
150.890778	-9.6321607330506234e-06
150.890778	-9.6321607330506234e-06
150.926778	-9.7994897552690941e-06
150.938964	-9.8153260820477822e-06
150.938964	-9.8153260820477822e-06
150.938964	-9.8153260820477822e-06
150.938964	-9.8153260820477822e-06
150.938964	-9.8153260820477822e-06
150.986777	-9.5802822690693749e-06
150.998874	-9.4705505498313312e-06
150.998874	-9.4705505498313312e-06
150.998874	-9.4705505498313312e-06
150.998874	-9.4705505498313312e-06
150.998874	-9.4705505498313312e-06
150.998874	-9.4705505498313312e-06
151.058885	-8.6533904459564264e-06
151.058885	-8.6533904459564264e-06
151.058885	-8.6533904459564264e-06
151.058885	-8.6533904459564264e-06
151.058885	-8.6533904459564264e-06
151.058885	-8.6533904459564264e-06
151.118876	-7.3952583246349022e-06
151.118876	-7.3952583246349022e-06
151.118876	-7.3952583246349022e-06
151.118876	-7.3952583246349022e-06
151.154847	-6.5101158471741747e-06
151.166778	-6.1957151604901735e-06
151.178873	-5.871638267548762e-06
151.178873	-5.871638267548762e-06
151.178873	-5.871638267548762e-06
151.178873	-5.871638267548762e-06
151.178873	-5.871638267548762e-06
151.178873	-5.871638267548762e-06
151.23896	-6.4610677541556469e-06
151.23896	-6.4610677541556469e-06
151.250888	-6.8454363908409646e-06
151.250888	-6.8454363908409646e-06
151.27485	-7.5974937720551143e-06
151.28684	-7.9448966722434853e-06
151.298891	-8.2786954518803431e-06
151.298891	-8.2786954518803431e-06
151.310801	-8.5785595385310548e-06
151.310801	-8.5785595385310548e-06
151.310801	-8.5785595385310548e-06
151.346796	-9.3637334069237031e-06
151.358895	-9.5819925567601947e-06
151.358895	-9.5819925567601947e-06
151.358895	-9.5819925567601947e-06
151.358895	-9.5819925567601947e-06
151.394867	-1.0098017632613645e-05
151.406797	-1.0259116345266228e-05
151.418913	-1.0423389326484493e-05
151.418913	-1.0423389326484493e-05
151.418913	-1.0423389326484493e-05
151.418913	-1.0423389326484493e-05
151.418913	-1.0423389326484493e-05
151.466884	-1.0906091427432338e-05
151.478894	-1.0970577302653812e-05
151.478894	-1.0970577302653812e-05
151.478894	-1.0970577302653812e-05
151.478894	-1.0970577302653812e-05
151.478894	-1.0970577302653812e-05
151.478894	-1.0970577302653812e-05
151.53889	-1.0815524531374216e-05
151.53889	-1.0815524531374216e-05
151.53889	-1.0815524531374216e-05
151.562797	-1.0560147968724163e-05
151.574863	-1.0401576530115224e-05
151.586797	-1.0227301575174488e-05
151.59899	-1.0035778960150743e-05
151.59899	-1.0035778960150743e-05
151.610815	-9.8321248190291801e-06
151.610815	-9.8321248190291801e-06
151.610815	-9.8321248190291801e-06
151.646797	-9.1321608678486271e-06
151.6589	-8.8642239091946964e-06
151.6589	-8.8642239091946964e-06
151.6589	-8.8642239091946964e-06
151.6589	-8.8642239091946964e-06
151.6589	-8.8642239091946964e-06
151.6589	-8.8642239091946964e-06
151.718892	-7.2562968300257871e-06
151.718892	-7.2562968300257871e-06
151.718892	-7.2562968300257871e-06
151.718892	-7.2562968300257871e-06
151.754865	-6.1677291551088279e-06
151.754865	-6.1677291551088279e-06
151.778892	-5.3690921769687003e-06
151.778892	-5.3690921769687003e-06
151.778892	-5.3690921769687003e-06
151.802797	-4.5343631013657251e-06
151.814869	-4.1066425447725372e-06
151.814869	-4.1066425447725372e-06
151.838894	-3.2362578685433461e-06
151.838894	-3.2362578685433461e-06
151.838894	-3.2362578685433461e-06
151.838894	-3.2362578685433461e-06
151.838894	-3.2362578685433461e-06
151.838894	-3.2362578685433461e-06
151.898932	0.0015021745509459497
151.898932	0.0015021745509459497
151.898932	0.0015021745509459497
151.898932	0.0015021745509459497
151.898932	0.0015021745509459497
151.898932	0.0015021745509459497
151.958892	0.015195991677814824
151.958892	0.015195991677814824
151.958892	0.015195991677814824
151.958892	0.015195991677814824
151.958892	0.015195991677814824
151.958892	0.015195991677814824
151.958892	0.015195991677814824
151.958892	0.015195991677814824
152.018899	0.025036823759710447
152.042796	0.024334465525914988
152.054875	0.02356730324784452
152.066797	0.022734782536079842
152.078896	0.021832259153704001
152.078896	0.021832259153704001
152.078896	0.021832259153704001
152.078896	0.021832259153704001
152.078896	0.021832259153704001
152.078896	0.021832259153704001
152.13891	0.017232894536083027
152.13891	0.017232894536083027
152.13891	0.017232894536083027
152.13891	0.017232894536083027
152.174878	0.014429456469587458
152.174878	0.014429456469587458
152.174878	0.014429456469587458
152.174878	0.014429456469587458
152.174878	0.014429456469587458
152.174878	0.014429456469587458
152.174878	0.014429456469587458
152.198892	0.012529409734876006
152.258963	0.0077318168925651146
152.258963	0.0077318168925651146
152.258963	0.0077318168925651146
152.258985	0.0077300595806885277
152.258985	0.0077300595806885277
152.258985	0.0077300595806885277
152.318936	0.0030149357161475517
152.318936	0.0030149357161475517
152.318936	0.0030149357161475517
152.318936	0.0030149357161475517
152.318936	0.0030149357161475517
152.366819	-0.0005871043410298738
152.378914	-0.0014698911793120419
152.378914	-0.0014698911793120419
152.378914	-0.0014698911793120419
152.378914	-0.0014698911793120419
152.378914	-0.0014698911793120419
152.378914	-0.0014698911793120419
152.378914	-0.0014698911793120419
152.438912	-0.0055971906086931394
152.450819	-0.0063575973200363798
152.462819	-0.0071129619398345775
152.462819	-0.0071129619398345775
152.462819	-0.0071129619398345775
152.498914	-0.0092491224144120587
152.498914	-0.0092491224144120587
152.510818	-0.0099023557937127568
152.522901	-0.010552309207986679
152.534893	-0.011167153248721621
152.534893	-0.011167153248721621
152.558996	-0.01233733371692553
152.558996	-0.01233733371692553
152.558996	-0.01233733371692553
152.558996	-0.01233733371692553
152.558996	-0.01233733371692553
152.558996	-0.01233733371692553
152.618944	-0.014781429288241677
152.618944	-0.014781429288241677
152.618944	-0.014781429288241677
152.642819	-0.015565186843043879
152.642819	-0.015565186843043879
152.642819	-0.015565186843043879
152.642819	-0.015565186843043879
152.642819	-0.015565186843043879
152.642819	-0.015565186843043879
152.678914	-0.016548373351470663
152.714884	-0.01726877054100449
152.726819	-0.017452976196886745
152.738912	-0.017619595361587501
152.738912	-0.017619595361587501
152.738912	-0.017619595361587501
152.762819	-0.01785066417407254
152.774889	-0.01792478078444798
152.786896	-0.01797278684871657
152.798923	-0.018001775895897323
152.798923	-0.018001775895897323
152.798923	-0.018001775895897323
152.822843	-0.017965834804922951
152.822843	-0.017965834804922951
152.846818	-0.017826633512129941
152.858928	-0.017726144039706706
152.858928	-0.017726144039706706
152.858928	-0.017726144039706706
152.858928	-0.017726144039706706
152.858928	-0.017726144039706706
152.858928	-0.017726144039706706
152.919002	-0.016845320772643831
152.919002	-0.016845320772643831
152.919002	-0.016845320772643831
152.919002	-0.016845320772643831
152.919002	-0.016845320772643831
152.966819	-0.015755261679927694
152.97892	-0.015435677653760726
152.97892	-0.015435677653760726
152.97892	-0.015435677653760726
152.97892	-0.015435677653760726
152.97892	-0.015435677653760726
153.026819	-0.013974361143758485
153.038916	-0.013569372914177561
153.038916	-0.013569372914177561
153.038916	-0.013569372914177561
153.038916	-0.013569372914177561
153.07489	-0.012267125730828663
153.07489	-0.012267125730828663
153.098913	-0.011339033803880027
153.098913	-0.011339033803880027
153.098913	-0.011339033803880027
153.098913	-0.011339033803880027
153.13489	-0.0098670937329699022
153.13489	-0.0098670937329699022
153.158915	-0.0088445000152992687
153.158915	-0.0088445000152992687
153.158915	-0.0088445000152992687
153.158915	-0.0088445000152992687
153.158915	-0.0088445000152992687
153.158915	-0.0088445000152992687
153.219014	-0.0061813498524049141
153.219014	-0.0061813498524049141
153.219014	-0.0061813498524049141
153.219014	-0.0061813498524049141
153.219014	-0.0061813498524049141
153.219014	-0.0061813498524049141
153.278916	-0.0034634265813222793
153.278916	-0.0034634265813222793
153.278936	-0.0034625178733775999
153.278936	-0.0034625178733775999
153.278936	-0.0034625178733775999
153.326838	-0.0013082535278738526
153.338933	-0.00077170775964893247
153.338933	-0.00077170775964893247
153.338933	-0.00077170775964893247
153.338933	-0.00077170775964893247
153.338933	-0.00077170775964893247
153.386839	0.0012929466293236582
153.398936	0.0017993301693061876
153.398936	0.0017993301693061876
153.398936	0.0017993301693061876
153.398936	0.0017993301693061876
153.398936	0.0017993301693061876
153.446909	0.003709241185617362
153.45894	0.0041670128617755818
153.45894	0.0041670128617755818
153.471143	0.0046148001991561842
153.471143	0.0046148001991561842
153.49492	0.0054603413727679481
153.506839	0.0058654049345426909
153.518935	0.0062676768997899472
153.518935	0.0062676768997899472
153.518935	0.0062676768997899472
153.518935	0.0062676768997899472
153.518935	0.0062676768997899472
153.518935	0.0062676768997899472
153.518935	0.0062676768997899472
153.579003	0.0080496966767438297
153.591039	0.0083602307192167692
153.591039	0.0083602307192167692
153.591039	0.0083602307192167692
153.626838	0.0092074875576246239
153.638954	0.0094671120013444087
153.638954	0.0094671120013444087
153.638954	0.0094671120013444087
153.638954	0.0094671120013444087
153.638954	0.0094671120013444087
153.638954	0.0094671120013444087
153.698932	0.0098102608248179443
153.698932	0.0098102608248179443
153.698932	0.0098102608248179443
153.722839	0.0080656384447483475
153.722839	0.0080656384447483475
153.722839	0.0080656384447483475
153.758944	0.0041269328951767572
153.758944	0.0041269328951767572
153.758944	0.0041269328951767572
153.758944	0.0041269328951767572
153.794911	0.00061194399191532287
153.806839	8.2191843644078058e-05
153.818934	-0.00017225318167210477
153.818934	-0.00017225318167210477
153.818934	-0.00017225318167210477
153.842915	0.00013446277673389526
153.842915	0.00013446277673389526
153.866838	0.00078739515177716742
153.879041	0.0011471136488672891
153.879041	0.0011471136488672891
153.879041	0.0011471136488672891
153.879041	0.0011471136488672891
153.879041	0.0011471136488672891
153.879041	0.0011471136488672891
153.938933	0.0027410823376016096
153.938933	0.0027410823376016096
153.950839	0.0030199254474912031
153.950839	0.0030199254474912031
153.950839	0.0030199254474912031
153.950839	0.0030199254474912031
153.998961	0.0040678971957046227
153.998961	0.0040678971957046227
153.998961	0.0040678971957046227
153.998961	0.0040678971957046227
154.034904	0.0047494921916290678
154.046839	0.0049568001409772194
154.058933	0.0051598596855320002
154.058933	0.0051598596855320002
154.058933	0.0051598596855320002
154.058933	0.0051598596855320002
154.058933	0.0051598596855320002
154.106909	0.0058497644905386829
154.118935	0.0059987319504031019
154.118935	0.0059987319504031019
154.118935	0.0059987319504031019
154.118935	0.0059987319504031019
154.15491	0.0063692998432357999
154.166839	0.0064711463310839082
154.178954	0.0065669527390445027
154.178954	0.0065669527390445027
154.178954	0.0065669527390445027
154.178954	0.0065669527390445027
154.214916	0.0067782850658466738
154.226849	0.0068277590264259865
154.23901	0.0068706611003645918
154.23901	0.0068706611003645918
154.23901	0.0068706611003645918
154.23901	0.0068706611003645918
154.23901	0.0068706611003645918
154.286838	0.0069245854712224088
154.298966	0.0069157836071979473
154.298966	0.0069157836071979473
154.298966	0.0069157836071979473
154.322859	0.0068631021566369979
154.322859	0.0068631021566369979
154.346859	0.0067717634660871195
154.346859	0.0067717634660871195
154.346859	0.0067717634660871195
154.346859	0.0067717634660871195
154.358958	0.0067146197061572878
154.394923	0.0064839976506125786
154.394923	0.0064839976506125786
154.418978	0.0062908232626945927
154.418978	0.0062908232626945927
154.418978	0.0062908232626945927
154.418978	0.0062908232626945927
154.418978	0.0062908232626945927
154.466859	0.0058106744407874326
154.478954	0.0056737899654865738
154.478954	0.0056737899654865738
154.478954	0.0056737899654865738
154.50293	0.005379137035201014
154.514925	0.0052223055803788318
154.514925	0.0052223055803788318
154.539014	0.0048926701064544269
154.539014	0.0048926701064544269
154.550859	0.004721127246982538
154.562858	0.004544897188225731
154.562858	0.004544897188225731
154.562858	0.004544897188225731
154.599017	0.0039865141641727145
154.599017	0.0039865141641727145
154.599017	0.0039865141641727145
154.599017	0.0039865141641727145
154.599017	0.0039865141641727145
154.599017	0.0039865141641727145
154.658958	0.0029962586542215284
154.658958	0.0029962586542215284
154.670885	0.002792059585474912
154.68286	0.0025862164416461443
154.68286	0.0025862164416461443
154.68286	0.0025862164416461443
154.718953	0.0019579805503116381
154.718953	0.0019579805503116381
154.718953	0.0019579805503116381
154.742859	0.001539284414234205
154.754927	0.0013281640614335084
154.754927	0.0013281640614335084
154.778958	0.00090960452144380811
154.778958	0.00090960452144380811
154.790859	0.00070438290777929589
154.790859	0.00070438290777929589
154.790859	0.00070438290777929589
154.790859	0.00070438290777929589
154.838952	-0.00010961736887785966
154.838952	-0.00010961736887785966
154.838952	-0.00010961736887785966
154.862859	-0.00049983678736006064
154.862859	-0.00049983678736006064
154.862859	-0.00049983678736006064
154.899025	-0.0010680151915213611
154.899025	-0.0010680151915213611
154.899025	-0.0010680151915213611
154.899025	-0.0010680151915213611
154.899025	-0.0010680151915213611
154.946859	-0.0017661824731674547
154.958961	-0.0019335318669695587
154.958961	-0.0019335318669695587
154.958961	-0.0019335318669695587
154.958961	-0.0019335318669695587
154.958961	-0.0019335318669695587
155.006865	-0.002543452403976416
155.018955	-0.002686549895943973
155.018955	-0.002686549895943973
155.018955	-0.002686549895943973
155.018955	-0.002686549895943973
155.054942	-0.003075588910179736
155.066882	-0.0031936289361602335
155.078959	-0.0033089739766863579
155.078959	-0.0033089739766863579
155.090862	-0.003413771722801833
155.090862	-0.003413771722801833
155.090862	-0.003413771722801833
155.090862	-0.003413771722801833
155.138979	-0.0037853058116525699
155.138979	-0.0037853058116525699
155.138979	-0.0037853058116525699
155.138979	-0.0037853058116525699
155.138979	-0.0037853058116525699
155.186859	-0.0046091408221735431
155.198992	-0.0055169923433089586
155.198992	-0.0055169923433089586
155.210858	-0.007499546136387026
155.210858	-0.007499546136387026
155.210858	-0.007499546136387026
155.246859	-0.015492389501160759
155.258955	-0.018523469707682639
155.258955	-0.018523469707682639
155.270859	-0.021416121590575932
155.270859	-0.021416121590575932
155.270878	-0.021420724686070931
155.270878	-0.021420724686070931
155.319005	-0.027753121572183403
155.319005	-0.027753121572183403
155.319005	-0.027753121572183403
155.319005	-0.027753121572183403
155.354954	-0.02631551644782943
155.354954	-0.02631551644782943
155.37899	-0.024628643702068128
155.37899	-0.024628643702068128
155.37899	-0.024628643702068128
155.37899	-0.024628643702068128
155.37899	-0.024628643702068128
155.37899	-0.024628643702068128
155.438975	-0.020089030675515165
155.438975	-0.020089030675515165
155.438975	-0.020089030675515165
155.462881	-0.018226856293232858
155.474952	-0.017270760715873867
155.486878	-0.016317344872561527
155.498994	-0.015342174263499649
155.498994	-0.015342174263499649
155.498994	-0.015342174263499649
155.498994	-0.015342174263499649
155.534949	-0.012403426389718898
155.534949	-0.012403426389718898
155.559066	-0.010415191234193303
155.559066	-0.010415191234193303
155.570878	-0.0094401450519512996
155.570878	-0.0094401450519512996
155.570878	-0.0094401450519512996
155.570878	-0.0094401450519512996
155.61898	-0.0054980868172110585
155.61898	-0.0054980868172110585
155.61898	-0.0054980868172110585
155.61898	-0.0054980868172110585
155.61898	-0.0054980868172110585
155.61898	-0.0054980868172110585
155.678972	-0.00074226231662216104
155.678972	-0.00074226231662216104
155.678972	-0.00074226231662216104
155.678972	-0.00074226231662216104
155.678972	-0.00074226231662216104
155.678972	-0.00074226231662216104
155.738971	0.0037162842880932951
155.738971	0.0037162842880932951
155.738971	0.0037162842880932951
155.738971	0.0037162842880932951
155.774943	0.0061892019959671569
155.774943	0.0061892019959671569
155.798972	0.0077503895062994719
155.798972	0.0077503895062994719
155.810878	0.0084849150645049561
155.810878	0.0084849150645049561
155.810878	0.0084849150645049561
155.810878	0.0084849150645049561
155.858979	0.011255611176606929
155.858979	0.011255611176606929
155.870878	0.011872746210438691
155.88288	0.012481402400177999
155.894943	0.013060441139649713
155.894943	0.013060441139649713
155.918972	0.014144125108475642
155.918972	0.014144125108475642
155.918972	0.014144125108475642
155.942878	0.015106471116248802
155.942878	0.015106471116248802
155.966877	0.015960612173217502
155.966877	0.015960612173217502
155.966877	0.015960612173217502
155.966877	0.015960612173217502
155.966877	0.015960612173217502
155.966877	0.015960612173217502
155.978974	0.016357437320847407
156.038982	0.017863603964458248
156.038982	0.017863603964458248
156.038982	0.017863603964458248
156.038982	0.017863603964458248
156.074954	0.018417237011051382
156.074954	0.018417237011051382
156.098975	0.018653412018231692
156.098975	0.018653412018231692
156.098975	0.018653412018231692
156.098975	0.018653412018231692
156.134965	0.018783167585387974
156.134965	0.018783167585387974
156.15898	0.01874151162762018
156.15898	0.01874151162762018
156.15898	0.01874151162762018
156.15898	0.01874151162762018
156.15898	0.01874151162762018
156.15898	0.01874151162762018
156.219065	0.018167586140747392
156.219065	0.018167586140747392
156.219065	0.018167586140747392
156.219065	0.018167586140747392
156.219065	0.018167586140747392
156.266878	0.017272287798757453
156.278974	0.016996004056905836
156.278974	0.016996004056905836
156.278974	0.016996004056905836
156.278994	0.016995547238549454
156.278994	0.016995547238549454
156.326897	0.015670297567510601
156.339011	0.015292441778447447
156.339011	0.015292441778447447
156.35099	0.014891947876376779
156.362898	0.014484872002244294
156.362898	0.014484872002244294
156.362898	0.014484872002244294
156.362898	0.014484872002244294
156.362898	0.014484872002244294
156.362898	0.014484872002244294
156.362898	0.014484872002244294
156.362898	0.014484872002244294
156.398992	0.013150046052371137
156.458993	0.010668213393051244
156.458993	0.010668213393051244
156.458993	0.010668213393051244
156.458993	0.010668213393051244
156.458993	0.010668213393051244
156.458993	0.010668213393051244
156.518994	0.0079517464834679488
156.518994	0.0079517464834679488
156.518994	0.0079517464834679488
156.518994	0.0079517464834679488
156.518994	0.0079517464834679488
156.566898	0.0056865471061554804
156.578994	0.0051084698134235005
156.578994	0.0051084698134235005
156.578994	0.0051084698134235005
156.578994	0.0051084698134235005
156.578994	0.0051084698134235005
156.578994	0.0051084698134235005
156.638991	0.0022416143515916693
156.638991	0.0022416143515916693
156.650984	0.0016757071755486934
156.650984	0.0016757071755486934
156.650984	0.0016757071755486934
156.650984	0.0016757071755486934
156.698992	-0.00054870416799608862
156.698992	-0.00054870416799608862
156.698992	-0.00054870416799608862
156.698992	-0.00054870416799608862
156.734988	-0.0021440433564283616
156.746969	-0.0026580970027249308
156.759019	-0.0031687614930027974
156.759019	-0.0031687614930027974
156.770898	-0.0036569628299966553
156.770898	-0.0036569628299966553
156.770898	-0.0036569628299966553
156.806897	-0.00507928025753947
156.818996	-0.0055362238711418625
156.818996	-0.0055362238711418625
156.818996	-0.0055362238711418625
156.818996	-0.0055362238711418625
156.854967	-0.006804418201776942
156.854967	-0.006804418201776942
156.879062	-0.0075887946134633932
156.879062	-0.0075887946134633932
156.879062	-0.0075887946134633932
156.879062	-0.0075887946134633932
156.879062	-0.0075887946134633932
156.926898	-0.0089584759285259996
156.938992	-0.0092704253954300399
156.938992	-0.0092704253954300399
156.938992	-0.0092704253954300399
156.938992	-0.0092704253954300399
156.938992	-0.0092704253954300399
156.986898	-0.010322446587733961
156.999031	-0.010551651131359302
156.999031	-0.010551651131359302
156.999031	-0.010551651131359302
156.999031	-0.010551651131359302
156.999031	-0.010551651131359302
157.046901	-0.011263254267884062
157.058996	-0.011405044893986225
157.058996	-0.011405044893986225
157.058996	-0.011405044893986225
157.082898	-0.01162375273621271
157.082898	-0.01162375273621271
157.082898	-0.01162375273621271
157.118992	-0.011829691583414974
157.118992	-0.011829691583414974
157.118992	-0.011829691583414974
157.142969	-0.011879228532823393
157.154969	-0.011878850092132399
157.154969	-0.011878850092132399
157.179083	-0.011835528450792557
157.179083	-0.011835528450792557
157.179083	-0.011835528450792557
157.202898	-0.011725425561227505
157.202898	-0.011725425561227505
157.202898	-0.011725425561227505
157.238993	-0.011448978984389338
157.238993	-0.011448978984389338
157.238993	-0.011448978984389338
157.238993	-0.011448978984389338
157.238993	-0.011448978984389338
157.238993	-0.011448978984389338
157.298992	-0.010707662795512598
157.298992	-0.010707662795512598
157.311198	-0.010514592632624229
157.311198	-0.010514592632624229
157.311198	-0.010514592632624229
157.346916	-0.0098912811308528026
157.359016	-0.0096607262292875626
157.359016	-0.0096607262292875626
157.359016	-0.0096607262292875626
157.359016	-0.0096607262292875626
157.359016	-0.0096607262292875626
157.406987	-0.0086377689416125628
157.406987	-0.0086377689416125628
157.406987	-0.0086377689416125628
157.406987	-0.0086377689416125628
157.406987	-0.0086377689416125628
157.41902	-0.0083618262841833636
157.466916	-0.0071817356540428328
157.47901	-0.0068697634230080809
157.47901	-0.0068697634230080809
157.47901	-0.0068697634230080809
157.502917	-0.0062344988948527282
157.502917	-0.0062344988948527282
157.502917	-0.0062344988948527282
157.539091	-0.0052429996874307772
157.539091	-0.0052429996874307772
157.550916	-0.004911995779485619
157.550916	-0.004911995779485619
157.550916	-0.004911995779485619
157.587036	-0.0038917643309501703
157.59903	-0.003550724968113208
157.59903	-0.003550724968113208
157.59903	-0.003550724968113208
157.622917	-0.0028706640944141724
157.634987	-0.0025277240520162466
157.634987	-0.0025277240520162466
157.634987	-0.0025277240520162466
157.634987	-0.0025277240520162466
157.634987	-0.0025277240520162466
157.659015	-0.0018484077668701224
157.69498	-0.00084875562437895812
157.70692	-0.0005231276219778339
157.719047	-0.0001949167105515687
157.719047	-0.0001949167105515687
157.719047	-0.0001949167105515687
157.719047	-0.0001949167105515687
157.719047	-0.0001949167105515687
157.719047	-0.0001949167105515687
157.779031	0.0013542654576335698
157.779031	0.0013542654576335698
157.779031	0.0013542654576335698
157.779031	0.0013542654576335698
157.779031	0.0013542654576335698
157.779031	0.0013542654576335698
157.839014	0.0027574996618944933
157.839014	0.0027574996618944933
157.839014	0.0027574996618944933
157.839014	0.0027574996618944933
157.839014	0.0027574996618944933
157.886917	0.0037459027641141814
157.899012	0.003977663065188171
157.899012	0.003977663065188171
157.899012	0.003977663065188171
157.899012	0.003977663065188171
157.899012	0.003977663065188171
157.899012	0.003977663065188171
157.899012	0.003977663065188171
157.959014	0.0049853292110577105
157.971134	0.0051584216042622807
157.982917	0.0053215885393147356
157.994982	0.005476632188108229
158.006916	0.0056206971917414422
158.019013	0.0057598935199385561
158.019013	0.0057598935199385561
158.019013	0.0057598935199385561
158.019013	0.0057598935199385561
158.019013	0.0057598935199385561
158.019013	0.0057598935199385561
158.079036	0.0062903839905846066
158.079036	0.0062903839905846066
158.079036	0.0062903839905846066
158.079036	0.0062903839905846066
158.114984	0.0064879052390671346
158.114984	0.0064879052390671346
158.139011	0.0065742405600049472
158.139011	0.0065742405600049472
158.139011	0.0065742405600049472
158.139011	0.0065742405600049472
158.139011	0.0065742405600049472
158.139011	0.0065742405600049472
158.199097	0.0066172227103350346
158.199097	0.0066172227103350346
158.210923	0.0065956421229193983
158.210923	0.0065956421229193983
158.210923	0.0065956421229193983
158.210923	0.0065956421229193983
158.259012	0.0064322330315631383
158.259012	0.0064322330315631383
158.270917	0.006367700897216633
158.270917	0.006367700897216633
158.270917	0.006367700897216633
158.270917	0.006367700897216633
158.319039	0.0060385897014678513
158.319059	0.0060384358805561531
158.319059	0.0060384358805561531
158.319059	0.0060384358805561531
158.319059	0.0060384358805561531
158.319059	0.0060384358805561531
158.379034	0.0054625168364422286
158.379034	0.0054625168364422286
158.379034	0.0054625168364422286
158.379034	0.0054625168364422286
158.379034	0.0054625168364422286
158.426946	0.0048884916455257735
158.439064	0.0047311586973563099
158.439064	0.0047311586973563099
158.439064	0.0047311586973563099
158.439064	0.0047311586973563099
158.439064	0.0047311586973563099
158.439064	0.0047311586973563099
158.499035	0.0038799684860686629
158.499035	0.0038799684860686629
158.510936	0.0036992530708651506
158.510936	0.0036992530708651506
158.535009	0.0033269758920205662
158.546937	0.0031385025537992851
158.559052	0.0029454208297442926
158.559052	0.0029454208297442926
158.559052	0.0029454208297442926
158.559052	0.0029454208297442926
158.559052	0.0029454208297442926
158.559052	0.0029454208297442926
158.619031	0.0019642497439472033
158.619031	0.0019642497439472033
158.619031	0.0019642497439472033
158.642937	0.0015680780822576513
158.642937	0.0015680780822576513
158.642937	0.0015680780822576513
158.679032	0.00097111998897085009
158.679032	0.00097111998897085009
158.679032	0.00097111998897085009
158.679032	0.00097111998897085009
158.679032	0.00097111998897085009
158.679032	0.00097111998897085009
158.73906	-2.4309353858066683e-08
158.73906	-2.4309353858066683e-08
158.73906	-2.4309353858066683e-08
158.73906	-2.4309353858066683e-08
158.73906	-2.4309353858066683e-08
158.73906	-2.4309353858066683e-08
158.799033	-0.00091657229595467097
158.799033	-0.00091657229595467097
158.799033	-0.00091657229595467097
158.799033	-0.00091657229595467097
158.799033	-0.00091657229595467097
158.799033	-0.00091657229595467097
158.799033	-0.00091657229595467097
158.859109	-0.0017527543745234516
158.871045	-0.001905757385773711
158.871045	-0.001905757385773711
158.871045	-0.001905757385773711
158.906936	-0.0023426794887774481
158.919031	-0.0024815145719507283
158.919031	-0.0024815145719507283
158.919031	-0.0024815145719507283
158.942936	-0.0027378449111277723
158.942936	-0.0027378449111277723
158.966937	-0.0029741834843363172
158.979032	-0.0030868847070967386
158.979032	-0.0030868847070967386
158.979032	-0.0030868847070967386
159.002936	-0.0032901171624491613
159.002936	-0.0032901171624491613
159.002936	-0.0032901171624491613
159.039037	-0.0035567512645393526
159.039037	-0.0035567512645393526
159.039037	-0.0035567512645393526
159.039037	-0.0035567512645393526
159.039037	-0.0035567512645393526
159.039037	-0.0035567512645393526
159.099033	-0.0038820123206216358
159.099033	-0.0038820123206216358
159.099033	-0.0038820123206216358
159.099033	-0.0038820123206216358
159.099033	-0.0038820123206216358
159.146937	-0.0040330909936672227
159.159036	-0.0040581241614728661
159.159036	-0.0040581241614728661
159.159036	-0.0040581241614728661
159.159036	-0.0040581241614728661
159.159036	-0.0040581241614728661
159.206947	-0.0040916530672489813
159.219049	-0.0040874117612076958
159.219049	-0.0040874117612076958
159.219049	-0.0040874117612076958
159.219049	-0.0040874117612076958
159.255074	-0.0040361385979466704
159.266936	-0.0040087153355812255
159.279058	-0.0039770015814096487
159.279058	-0.0039770015814096487
159.279058	-0.0039770015814096487
159.279058	-0.0039770015814096487
159.315001	-0.0038477888768281691
159.326955	-0.0037952607843589775
159.339068	-0.0037387168702529743
159.339068	-0.0037387168702529743
159.339068	-0.0037387168702529743
159.339068	-0.0037387168702529743
159.37502	-0.0035402809366535089
159.37502	-0.0035402809366535089
159.399052	-0.003388483484242978
159.399052	-0.003388483484242978
159.399052	-0.003388483484242978
159.399052	-0.003388483484242978
159.435022	-0.003131844387446384
159.435022	-0.003131844387446384
159.459058	-0.0029449126621244304
159.459058	-0.0029449126621244304
159.459058	-0.0029449126621244304
159.459058	-0.0029449126621244304
159.495021	-0.0026424476916040982
159.495021	-0.0026424476916040982
159.519125	-0.0024282216164217873
159.519125	-0.0024282216164217873
159.519125	-0.0024282216164217873
159.519125	-0.0024282216164217873
159.519125	-0.0024282216164217873
159.519125	-0.0024282216164217873
159.57907	-0.0018619953431855327
159.57907	-0.0018619953431855327
159.57907	-0.0018619953431855327
159.57907	-0.0018619953431855327
159.57907	-0.0018619953431855327
159.57907	-0.0018619953431855327
159.63905	-0.0012674160479178645
159.63905	-0.0012674160479178645
159.63905	-0.0012674160479178645
159.63905	-0.0012674160479178645
159.63905	-0.0012674160479178645
159.63905	-0.0012674160479178645
159.699055	-0.0006667839398081444
159.699055	-0.0006667839398081444
159.699055	-0.0006667839398081444
159.699055	-0.0006667839398081444
159.735028	-0.00031300378864261113
159.746956	-0.00019770421337502619
159.759067	-8.1444239018989403e-05
159.759067	-8.1444239018989403e-05
159.759067	-8.1444239018989403e-05
159.759067	-8.1444239018989403e-05
159.759067	-8.1444239018989403e-05
159.759067	-8.1444239018989403e-05
159.759067	-8.1444239018989403e-05
159.759067	-8.1444239018989403e-05
159.759067	-8.1444239018989403e-05
159.759067	-8.1444239018989403e-05
159.759067	-8.1444239018989403e-05
159.819135	0.0004689317428477408
159.87905	0.00096481431913219401
159.87905	0.00096481431913219401
159.87905	0.00096481431913219401
159.87905	0.00096481431913219401
159.87905	0.00096481431913219401
159.926966	0.0013146806475352209
159.939048	0.0013966355654865983
159.939048	0.0013966355654865983
159.939048	0.0013966355654865983
159.939048	0.0013966355654865983
159.975022	0.0016193775198352688
159.986976	0.0016870859062080134
159.999051	0.0017532179076087712
159.999051	0.0017532179076087712
159.999051	0.0017532179076087712
159.999051	0.0017532179076087712
159.999051	0.0017532179076087712
159.999051	0.0017532179076087712
160.059056	0.0020271256458224409
160.059056	0.0020271256458224409
160.071008	0.0020704166368311194
160.071008	0.0020704166368311194
160.071008	0.0020704166368311194
160.071008	0.0020704166368311194
160.119073	0.0022143885336480878
160.119073	0.0022143885336480878
160.130956	0.0022400766725744438
160.130956	0.0022400766725744438
160.130956	0.0022400766725744438
160.166955	0.0023001407336082566
160.179121	0.0023142494143280007
160.179121	0.0023142494143280007
160.179121	0.0023142494143280007
160.179121	0.0023142494143280007
160.215105	0.002332327616986572
160.226981	0.0023317657079909202
160.239051	0.0023289257888044388
160.239051	0.0023289257888044388
160.239051	0.0023289257888044388
160.239051	0.0023289257888044388
160.239051	0.0023289257888044388
160.286956	0.0022821959060097827
160.299087	0.002263637635409876
160.299087	0.002263637635409876
160.299087	0.002263637635409876
160.299107	0.0022636070389700017
160.299107	0.0022636070389700017
160.346979	0.0021585665293497574
160.359071	0.0021260987447860331
160.359071	0.0021260987447860331
160.371078	0.0020899713870957972
160.371078	0.0020899713870957972
160.395042	0.0020122299973512853
160.395042	0.0020122299973512853
160.419078	0.00192535214413634
160.419078	0.00192535214413634
160.419078	0.00192535214413634
160.443047	0.0018296684257971573
160.455045	0.0017788234927829185
160.455045	0.0017788234927829185
160.479174	0.0016718388394058659
160.479174	0.0016718388394058659
160.479174	0.0016718388394058659
160.479174	0.0016718388394058659
160.479174	0.0016718388394058659
160.479174	0.0016718388394058659
160.539076	0.0013787149204517013
160.539076	0.0013787149204517013
160.539076	0.0013787149204517013
160.562975	0.0012531651172318337
160.575108	0.0011879527101555357
160.575108	0.0011879527101555357
160.59907	0.0010571198732777665
160.59907	0.0010571198732777665
160.59907	0.0010571198732777665
160.622996	0.00092386384513631241
160.635041	0.00085609276103557042
160.635041	0.00085609276103557042
160.659093	0.00072000123347917139
160.659093	0.00072000123347917139
160.659093	0.00072000123347917139
160.659093	0.00072000123347917139
160.659093	0.00072000123347917139
160.707063	0.00044757706626242328
160.719082	0.00037958471005249014
160.719082	0.00037958471005249014
160.719082	0.00037958471005249014
160.719082	0.00037958471005249014
160.719082	0.00037958471005249014
160.719082	0.00037958471005249014
160.779073	4.6987951165160024e-05
160.779073	4.6987951165160024e-05
160.779073	4.6987951165160024e-05
160.802976	-8.1320538921972628e-05
160.815065	-0.00014513929590928462
160.815065	-0.00014513929590928462
160.839139	-0.00026985609727889497
160.839139	-0.00026985609727889497
160.850976	-0.00032924203809165601
160.850976	-0.00032924203809165601
160.875052	-0.00044722305955364062
160.886996	-0.0005036971247614876
160.899075	-0.00055988083710753337
160.899075	-0.00055988083710753337
160.899075	-0.00055988083710753337
160.899075	-0.00055988083710753337
160.935047	-0.00071702714951233585
160.935047	-0.00071702714951233585
160.959074	-0.00081466589096409006
160.959074	-0.00081466589096409006
160.959074	-0.00081466589096409006
160.959074	-0.00081466589096409006
160.959074	-0.00081466589096409006
160.959074	-0.00081466589096409006
161.019114	-0.0010278823169014516
161.019114	-0.0010278823169014516
161.019114	-0.0010278823169014516
161.019114	-0.0010278823169014516
161.019114	-0.0010278823169014516
161.019114	-0.0010278823169014516
161.079073	-0.0011946733904661135
161.079073	-0.0011946733904661135
161.079073	-0.0011946733904661135
161.079073	-0.0011946733904661135
161.079073	-0.0011946733904661135
161.079073	-0.0011946733904661135
161.13911	-0.0013125415825226184
161.13911	-0.0013125415825226184
161.13911	-0.0013125415825226184
161.13911	-0.0013125415825226184
161.175039	-0.0013586697552663649
161.175039	-0.0013586697552663649
161.199091	-0.00138020804682063
161.199091	-0.00138020804682063
161.199091	-0.00138020804682063
161.199091	-0.00138020804682063
161.199091	-0.00138020804682063
161.199091	-0.00138020804682063
161.259078	-0.0013985264209226145
161.259078	-0.0013985264209226145
161.271063	-0.0013959041803843233
161.282996	-0.0013922808839702248
161.295041	-0.0013863018030344696
161.295041	-0.0013863018030344696
161.319088	-0.0013695744347101827
161.319108	-0.0013695594873671139
161.319108	-0.0013695594873671139
161.319108	-0.0013695594873671139
161.355064	-0.0013306018742013401
161.367067	-0.0013142818637359751
161.379095	-0.0012968073351974109
161.379095	-0.0012968073351974109
161.379095	-0.0012968073351974109
161.379095	-0.0012968073351974109
161.379095	-0.0012968073351974109
161.426996	-0.0012100359675838984
161.43911	-0.0011849140604606328
161.43911	-0.0011849140604606328
161.43911	-0.0011849140604606328
161.43911	-0.0011849140604606328
161.43911	-0.0011849140604606328
161.43911	-0.0011849140604606328
161.499158	-0.0010395281752072834
161.499158	-0.0010395281752072834
161.499158	-0.0010395281752072834
161.499158	-0.0010395281752072834
161.499158	-0.0010395281752072834
161.54702	-0.00090365206053861428
161.559094	-0.00086735769708145541
161.559094	-0.00086735769708145541
161.559094	-0.00086735769708145541
161.582995	-0.00079272853795590923
161.582995	-0.00079272853795590923
161.606996	-0.00071512825904187442
161.619089	-0.00067533416357881009
161.619089	-0.00067533416357881009
161.619089	-0.00067533416357881009
161.619089	-0.00067533416357881009
161.619089	-0.00067533416357881009
161.619089	-0.00067533416357881009
161.679127	-0.00050541752204509257
161.679127	-0.00050541752204509257
161.679127	-0.00050541752204509257
161.679127	-0.00050541752204509257
161.679127	-0.00050541752204509257
161.679127	-0.00050541752204509257
161.739097	-0.0048566765048375527
161.739097	-0.0048566765048375527
161.739097	-0.0048566765048375527
161.739097	-0.0048566765048375527
161.775062	-0.0091041608373143706
161.775062	-0.0091041608373143706
161.799094	-0.011139398931653818
161.799094	-0.011139398931653818
161.799094	-0.011139398931653818
161.799094	-0.011139398931653818
161.83506	-0.011346655949526921
161.846996	-0.011038128884692751
161.859098	-0.010645595438897999
161.859098	-0.010645595438897999
161.859098	-0.010645595438897999
161.859098	-0.010645595438897999
161.859098	-0.010645595438897999
161.859098	-0.010645595438897999
161.859098	-0.010645595438897999
161.859098	-0.010645595438897999
161.91909	-0.0083730312121697414
161.943016	-0.0074603093831949125
161.943016	-0.0074603093831949125
161.943016	-0.0074603093831949125
161.979091	-0.0060723559535007
161.979091	-0.0060723559535007
161.979091	-0.0060723559535007
162.002996	-0.0051437767351865411
162.015068	-0.0046736149871724085
162.015068	-0.0046736149871724085
162.039094	-0.0037387338747067564
162.039094	-0.0037387338747067564
162.039094	-0.0037387338747067564
162.039094	-0.0037387338747067564
162.039094	-0.0037387338747067564
162.086996	-0.0018976051507927794
162.099094	-0.0014400064792590697
162.099094	-0.0014400064792590697
162.099094	-0.0014400064792590697
162.122996	-0.00055422119932253572
162.122996	-0.00055422119932253572
162.122996	-0.00055422119932253572
162.122996	-0.00055422119932253572
162.159187	0.00074413805992751573
162.171027	0.0011531708951677696
162.182995	0.0015625419038812944
162.195064	0.0019654669526225211
162.207301	0.0023652315299370003
162.219093	0.0027447456237299434
162.219093	0.0027447456237299434
162.219093	0.0027447456237299434
162.219093	0.0027447456237299434
162.255064	0.0038363380443575683
162.266996	0.0041782813926694211
162.266996	0.0041782813926694211
162.266996	0.0041782813926694211
162.266996	0.0041782813926694211
162.266996	0.0041782813926694211
162.266996	0.0041782813926694211
162.279092	0.0045176273299593912
162.339161	0.0060189164031453617
162.339161	0.0060189164031453617
162.339161	0.0060189164031453617
162.363016	0.0065244456743432377
162.363016	0.0065244456743432377
162.363016	0.0065244456743432377
162.399111	0.00652947521193199
162.399111	0.00652947521193199
162.399111	0.00652947521193199
162.399111	0.00652947521193199
162.399111	0.00652947521193199
162.399111	0.00652947521193199
162.459194	0.001170450267156683
162.459194	0.001170450267156683
162.459194	0.001170450267156683
162.459194	0.001170450267156683
162.459194	0.001170450267156683
162.459194	0.001170450267156683
162.51911	-0.0027272047833514597
162.51911	-0.0027272047833514597
162.51911	-0.0027272047833514597
162.51911	-0.0027272047833514597
162.51911	-0.0027272047833514597
162.51911	-0.0027272047833514597
162.579132	-0.0010786998805335686
162.579132	-0.0010786998805335686
162.579132	-0.0010786998805335686
162.603017	-0.00026953417437151976
162.615095	0.00012061865104814678
162.615095	0.00012061865104814678
162.639111	0.00086578020286503491
162.639111	0.00086578020286503491
162.639111	0.00086578020286503491
162.639111	0.00086578020286503491
162.639111	0.00086578020286503491
162.687087	0.0022361991386925734
162.699114	0.0025613700378670896
162.699114	0.0025613700378670896
162.711036	0.0028703316243063486
162.711036	0.0028703316243063486
162.711036	0.0028703316243063486
162.711036	0.0028703316243063486
162.711036	0.0028703316243063486
162.711036	0.0028703316243063486
162.759135	0.0040362819993087018
162.783016	0.0045527046100808741
162.783016	0.0045527046100808741
162.783016	0.0045527046100808741
162.819179	0.0052553129943612251
162.819179	0.0052553129943612251
162.819179	0.0052553129943612251
162.843036	0.005659968357822457
162.843036	0.005659968357822457
162.867053	0.0060212357705621816
162.879153	0.0061894925046876862
162.879153	0.0061894925046876862
162.879153	0.0061894925046876862
162.879153	0.0061894925046876862
162.879153	0.0061894925046876862
162.879153	0.0061894925046876862
162.939111	0.0068318377444182878
162.939111	0.0068318377444182878
162.939111	0.0068318377444182878
162.963015	0.0070044258143343863
162.963015	0.0070044258143343863
162.963015	0.0070044258143343863
162.999119	0.0071806155084507611
162.999119	0.0071806155084507611
163.011017	0.0072121536489774853
163.023016	0.007237817805077075
163.023016	0.007237817805077075
163.023016	0.007237817805077075
163.059113	0.0072431747688437948
