#1
double table_Overall_Time(16300,2)
0	0
0.06	7.2494260000000006
0.06	7.2494260000000006
0.06	7.2494260000000006
0.06	7.2494260000000006
0.06	7.2494260000000006
0.06	7.2494260000000006
0.120029	5.4637288653999994
0.120029	5.4637288653999994
0.120029	5.4637288653999994
0.120029	5.4637288653999994
0.156	5.9630832000000007
0.168024	5.4889860324000006
0.180022	5.2700081811000006
0.180022	5.2700081811000006
0.192002	5.5238649801000008
0.192002	5.5238649801000008
0.192002	5.5238649801000008
0.192002	5.5238649801000008
0.240004	5.4593331144000032
0.240004	5.4593331144000032
0.252022	6.823719829200007
0.252022	6.823719829200007
0.252022	6.823719829200007
0.252022	6.823719829200007
0.3	4.975015
0.3	4.975015
0.3	4.975015
0.324	5.1063608
0.324	5.1063608
0.324	5.1063608
0.360109	7.4240729440500042
0.360109	7.4240729440500042
0.360109	7.4240729440500042
0.360109	7.4240729440500042
0.360109	7.4240729440500042
0.360109	7.4240729440500042
0.420002	4.2394445513000019
0.420002	4.2394445513000019
0.420002	4.2394445513000019
0.420002	4.2394445513000019
0.420002	4.2394445513000019
0.420002	4.2394445513000019
0.48	3.9052730000000322
0.48	3.9052730000000322
0.48	3.9052730000000322
0.480003	3.9050577855500102
0.480003	3.9050577855500102
0.528031	12.855469523549928
0.540023	20.921724715500083
0.552004	12.609887994000074
0.552004	12.609887994000074
0.552004	12.609887994000074
0.552004	12.609887994000074
0.552004	12.609887994000074
0.600003	2.1112177238999532
0.600003	2.1112177238999532
0.600003	2.1112177238999532
0.600003	2.1112177238999532
0.600003	2.1112177238999532
0.600003	2.1112177238999532
0.660003	6.8970980242500346
0.660003	6.8970980242500346
0.660003	6.8970980242500346
0.660003	6.8970980242500346
0.696003	3.021399884950017
0.696003	3.021399884950017
0.720012	5.5403841350000107
0.720012	5.5403841350000107
0.720012	5.5403841350000107
0.720012	5.5403841350000107
0.720012	5.5403841350000107
0.720012	5.5403841350000107
0.780024	4.9620891183999634
0.780024	4.9620891183999634
0.780024	4.9620891183999634
0.780024	4.9620891183999634
0.780024	4.9620891183999634
0.780024	4.9620891183999634
0.840025	7.5916923450000349
0.840025	7.5916923450000349
0.840025	7.5916923450000349
0.840025	7.5916923450000349
0.840025	7.5916923450000349
0.840025	7.5916923450000349
0.900035	7.6449900375000377
0.900035	7.6449900375000377
0.900035	7.6449900375000377
0.900035	7.6449900375000377
0.900035	7.6449900375000377
0.900035	7.6449900375000377
0.960003	6.9319390307500353
0.960003	6.9319390307500353
0.960003	6.9319390307500353
0.960003	6.9319390307500353
0.960003	6.9319390307500353
0.960003	6.9319390307500353
1.020121	5.827110634250027
1.020121	5.827110634250027
1.03201	5.0391582425000259
1.03201	5.0391582425000259
1.03201	5.0391582425000259
1.03201	5.0391582425000259
1.080004	6.1806413704000747
1.080004	6.1806413704000747
1.080004	6.1806413704000747
1.080004	6.1806413704000747
1.080004	6.1806413704000747
1.080004	6.1806413704000747
1.140003	4.7474203044999523
1.140003	4.7474203044999523
1.152044	5.9768244659999477
1.152044	5.9768244659999477
1.152044	5.9768244659999477
1.152044	5.9768244659999477
1.200024	3.7700264359999975
1.200024	3.7700264359999975
1.200024	3.7700264359999975
1.200024	3.7700264359999975
1.236024	4.9167930799999571
1.236024	4.9167930799999571
1.260013	6.0319188676500799
1.260013	6.0319188676500799
1.260013	6.0319188676500799
1.260013	6.0319188676500799
1.260013	6.0319188676500799
1.308047	4.417150739499955
1.320004	5.1250697376000076
1.332026	5.0070665944000075
1.332026	5.0070665944000075
1.332026	5.0070665944000075
1.332026	5.0070665944000075
1.332026	5.0070665944000075
1.380004	7.9733756238000399
1.380004	7.9733756238000399
1.380004	7.9733756238000399
1.380004	7.9733756238000399
1.380004	7.9733756238000399
1.380004	7.9733756238000399
1.440024	8.2783575096000526
1.440024	8.2783575096000526
1.440024	8.2783575096000526
1.440024	8.2783575096000526
1.440024	8.2783575096000526
1.440024	8.2783575096000526
1.500004	5.0349831065999737
1.500004	5.0349831065999737
1.500008	5.035089213199976
1.500008	5.035089213199976
1.500008	5.035089213199976
1.500008	5.035089213199976
1.560012	8.8306960128002228
1.560012	8.8306960128002228
1.560012	8.8306960128002228
1.560012	8.8306960128002228
1.560012	8.8306960128002228
1.560012	8.8306960128002228
1.620007	5.6139611824500308
1.620007	5.6139611824500308
1.620007	5.6139611824500308
1.620007	5.6139611824500308
1.620007	5.6139611824500308
1.620007	5.6139611824500308
1.680135	4.9730194969999868
1.680135	4.9730194969999868
1.680135	4.9730194969999868
1.680135	4.9730194969999868
1.680135	4.9730194969999868
1.680135	4.9730194969999868
1.680135	4.9730194969999868
1.680135	4.9730194969999868
1.680135	4.9730194969999868
1.680135	4.9730194969999868
1.680135	4.9730194969999868
1.680135	4.9730194969999868
1.800008	4.6694360027999879
1.800008	4.6694360027999879
1.800008	4.6694360027999879
1.824011	4.9437855667499857
1.836027	5.0918737547499866
1.848033	4.547833505350086
1.860028	3.6657320423999438
1.860028	3.6657320423999438
1.860028	3.6657320423999438
1.860028	3.6657320423999438
1.860028	3.6657320423999438
1.860028	3.6657320423999438
1.920008	5.0717820259999762
1.932009	5.2893391542499781
1.932009	5.2893391542499781
1.932009	5.2893391542499781
1.932009	5.2893391542499781
1.932009	5.2893391542499781
1.980008	4.7531759707999983
1.980008	4.7531759707999983
1.980008	4.7531759707999983
1.980008	4.7531759707999983
1.980008	4.7531759707999983
1.980008	4.7531759707999983
1.980008	4.7531759707999983
2.052009	10.685375755449492
2.052009	10.685375755449492
2.052009	10.685375755449492
2.052009	10.685375755449492
2.052009	10.685375755449492
2.100028	5.7296770354000151
2.100028	5.7296770354000151
2.100028	5.7296770354000151
2.100028	5.7296770354000151
2.100028	5.7296770354000151
2.14804	5.0710492140001371
2.160007	3.985825911799922
2.172008	4.5377206991999284
2.172008	4.5377206991999284
2.172008	4.5377206991999284
2.172008	4.5377206991999284
2.172008	4.5377206991999284
2.220012	5.1339860225999701
2.220012	5.1339860225999701
2.232032	5.3854269935999639
2.232032	5.3854269935999639
2.232032	5.3854269935999639
2.232032	5.3854269935999639
2.280007	4.6484849996500994
2.280007	4.6484849996500994
2.280007	4.6484849996500994
2.280007	4.6484849996500994
2.280007	4.6484849996500994
2.280007	4.6484849996500994
2.340135	6.1296601159999575
2.340135	6.1296601159999575
2.340135	6.1296601159999575
2.340135	6.1296601159999575
2.340135	6.1296601159999575
2.340135	6.1296601159999575
2.400008	5.4791698716000168
2.400008	5.4791698716000168
2.400008	5.4791698716000168
2.400008	5.4791698716000168
2.400008	5.4791698716000168
2.400008	5.4791698716000168
2.460008	7.041082682000269
2.460008	7.041082682000269
2.460008	7.041082682000269
2.460008	7.041082682000269
2.460008	7.041082682000269
2.460008	7.041082682000269
2.520049	4.7739175000500182
2.520053	4.7738719898500213
2.520053	4.7738719898500213
2.544011	4.6763411210499344
2.544011	4.6763411210499344
2.544011	4.6763411210499344
2.580012	4.6036602960002622
2.580012	4.6036602960002622
2.580012	4.6036602960002622
2.580012	4.6036602960002622
2.580012	4.6036602960002622
2.580012	4.6036602960002622
2.640012	3.175081506199751
2.640012	3.175081506199751
2.640012	3.175081506199751
2.640012	3.175081506199751
2.640012	3.175081506199751
2.640012	3.175081506199751
2.700011	4.2911352685498754
2.700011	4.2911352685498754
2.700011	4.2911352685498754
2.700011	4.2911352685498754
2.700011	4.2911352685498754
2.748048	5.5128069535995099
2.760032	8.2038172448004616
2.772013	5.6789131494504597
2.772013	5.6789131494504597
2.772013	5.6789131494504597
2.772013	5.6789131494504597
2.772013	5.6789131494504597
2.820012	7.4985325458000203
2.820012	7.4985325458000203
2.820012	7.4985325458000203
2.820012	7.4985325458000203
2.820012	7.4985325458000203
2.820012	7.4985325458000203
2.880016	4.8606367600000393
2.880016	4.8606367600000393
2.892049	4.6476225775000364
2.892049	4.6476225775000364
2.892049	4.6476225775000364
2.892049	4.6476225775000364
2.940012	4.8797265375996997
2.952013	6.4343936823997172
2.952013	6.4343936823997172
2.952013	6.4343936823997172
2.952013	6.4343936823997172
2.952013	6.4343936823997172
3.00012	4.1920923119998319
3.00012	4.1920923119998319
3.00012	4.1920923119998319
3.024032	5.8793457007998642
3.036012	6.6232665627998557
3.036012	6.6232665627998557
3.060032	6.7924842847999827
3.060032	6.7924842847999827
3.060032	6.7924842847999827
3.060032	6.7924842847999827
3.060032	6.7924842847999827
3.060032	6.7924842847999827
3.120012	6.5577387056002356
3.120012	6.5577387056002356
3.120012	6.5577387056002356
3.120012	6.5577387056002356
3.156032	5.4029431119998801
3.156032	5.4029431119998801
3.180032	5.6907386224001764
3.192034	4.7218105613001899
3.192034	4.7218105613001899
3.192034	4.7218105613001899
3.192034	4.7218105613001899
3.228051	5.5242547292497948
3.240011	6.4523691711499165
3.252013	6.8595328204499113
3.252013	6.8595328204499113
3.252013	6.8595328204499113
3.252013	6.8595328204499113
3.252013	6.8595328204499113
3.300037	4.9142467209500245
3.300037	4.9142467209500245
3.300037	4.9142467209500245
3.300037	4.9142467209500245
3.300037	4.9142467209500245
3.348045	5.0719555312494577
3.360011	7.5684408233506222
3.372013	4.5328331730506637
3.372013	4.5328331730506637
3.372013	4.5328331730506637
3.372013	4.5328331730506637
3.372013	4.5328331730506637
3.420032	2.9376056079997461
3.420032	2.9376056079997461
3.420032	2.9376056079997461
3.420032	2.9376056079997461
3.420032	2.9376056079997461
3.468037	6.7772962448002811
3.480012	5.5839925683998342
3.492013	6.3026208490998421
3.492013	6.3026208490998421
3.492013	6.3026208490998421
3.492013	6.3026208490998421
3.492013	6.3026208490998421
3.540016	5.4583284264000467
3.54002	5.4582580330000452
3.54002	5.4582580330000452
3.54002	5.4582580330000452
3.54002	5.4582580330000452
3.54002	5.4582580330000452
3.600015	5.6561054627501415
3.600015	5.6561054627501415
3.600015	5.6561054627501415
3.600015	5.6561054627501415
3.600015	5.6561054627501415
3.600015	5.6561054627501415
3.660143	1.478370573449391
3.660143	1.478370573449391
3.660143	1.478370573449391
3.660143	1.478370573449391
3.660143	1.478370573449391
3.660143	1.478370573449391
3.720015	5.8878797300000096
3.720015	5.8878797300000096
3.720015	5.8878797300000096
3.720015	5.8878797300000096
3.720015	5.8878797300000096
3.720015	5.8878797300000096
3.780016	2.5149284183997223
3.780016	2.5149284183997223
3.780016	2.5149284183997223
3.780016	2.5149284183997223
3.780016	2.5149284183997223
3.780016	2.5149284183997223
3.840036	6.4718033345998158
3.840036	6.4718033345998158
3.840036	6.4718033345998158
3.840036	6.4718033345998158
3.840036	6.4718033345998158
3.840036	6.4718033345998158
3.900015	2.1474390534995687
3.900015	2.1474390534995687
3.900015	2.1474390534995687
3.900015	2.1474390534995687
3.900015	2.1474390534995687
3.900015	2.1474390534995687
3.900015	2.1474390534995687
3.900015	2.1474390534995687
3.900015	2.1474390534995687
3.900015	2.1474390534995687
3.900015	2.1474390534995687
3.900015	2.1474390534995687
4.020017	4.6945058263498254
4.020017	4.6945058263498254
4.032016	5.7072400247997992
4.044015	6.8870130787497716
4.056073	8.4063843832497636
4.068049	6.8342242024502475
4.068049	6.8342242024502475
4.080036	3.7647509602000153
4.080036	3.7647509602000153
4.080036	3.7647509602000153
4.080036	3.7647509602000153
4.080036	3.7647509602000153
4.140028	4.7356397542000535
4.140028	4.7356397542000535
4.140028	4.7356397542000535
4.140028	4.7356397542000535
4.140028	4.7356397542000535
4.140028	4.7356397542000535
4.20002	2.3162868220002637
4.20002	2.3162868220002637
4.20002	2.3162868220002637
4.20002	2.3162868220002637
4.20002	2.3162868220002637
4.20002	2.3162868220002637
4.260053	8.4455030414491983
4.260053	8.4455030414491983
4.260053	8.4455030414491983
4.260053	8.4455030414491983
4.260053	8.4455030414491983
4.260053	8.4455030414491983
4.320147	4.8648164166497345
4.320147	4.8648164166497345
4.320147	4.8648164166497345
4.344035	3.7777932810000769
4.344035	3.7777932810000769
4.344035	3.7777932810000769
4.380015	5.4600817215006492
4.380015	5.4600817215006492
4.392015	6.8382589215006284
4.392015	6.8382589215006284
4.392015	6.8382589215006284
4.42804	5.2328089739989023
4.440016	3.2651161792016112
4.440016	3.2651161792016112
4.452057	6.1708948509016652
4.452057	6.1708948509016652
4.452057	6.1708948509016652
4.488049	3.6719975110499141
4.500036	3.5445436194004443
4.500036	3.5445436194004443
4.512018	4.2360446097004933
4.512018	4.2360446097004933
4.512018	4.2360446097004933
4.512022	4.2362754563004748
4.560019	8.385867294698814
4.572042	6.778768514598764
4.572042	6.778768514598764
4.572042	6.778768514598764
4.572042	6.778768514598764
4.572042	6.778768514598764
4.62002	2.7528468790016554
4.62002	2.7528468790016554
4.632042	4.5969489459016906
4.632042	4.5969489459016906
4.632042	4.5969489459016906
4.632042	4.5969489459016906
4.68002	1.8913018910015016
4.68002	1.8913018910015016
4.68002	1.8913018910015016
4.68002	1.8913018910015016
4.68002	1.8913018910015016
4.68002	1.8913018910015016
4.74004	5.2159244760011649
4.74004	5.2159244760011649
4.74004	5.2159244760011649
4.74004	5.2159244760011649
4.74004	5.2159244760011649
4.74004	5.2159244760011649
4.80002	4.3454898330000766
4.80002	4.3454898330000766
4.80002	4.3454898330000766
4.80002	4.3454898330000766
4.80002	4.3454898330000766
4.80002	4.3454898330000766
4.860024	3.9129519844010976
4.860024	3.9129519844010976
4.860024	3.9129519844010976
4.860024	3.9129519844010976
4.860024	3.9129519844010976
4.860024	3.9129519844010976
4.920019	4.7257089027005295
4.920019	4.7257089027005295
4.932021	5.1021312293005323
4.932021	5.1021312293005323
4.932021	5.1021312293005323
4.932021	5.1021312293005323
4.980128	6.1342362031999569
4.980128	6.1342362031999569
4.980128	6.1342362031999569
5.00404	5.5027164639973201
5.00404	5.5027164639973201
5.00404	5.5027164639973201
5.00404	5.5027164639973201
5.040598	6.1080379948037589
5.040598	6.1080379948037589
5.040598	6.1080379948037589
5.040598	6.1080379948037589
5.040598	6.1080379948037589
5.100049	4.886570959898374
5.100049	4.886570959898374
5.100049	4.886570959898374
5.100049	4.886570959898374
5.100049	4.886570959898374
5.100049	4.886570959898374
5.16004	5.8430037760033811
5.16004	5.8430037760033811
5.172077	7.6542039438033305
5.172077	7.6542039438033305
5.19602	6.3702144659964919
5.19602	6.3702144659964919
5.220019	8.3711514492944694
5.220019	8.3711514492944694
5.232042	5.4909780773943808
5.244059	3.9067862135018956
5.256024	4.8565260360019158
5.256024	4.8565260360019158
5.28002	4.6977525510004901
5.28002	4.6977525510004901
5.292042	4.933714957100495
5.30402	5.0574786449997937
5.316027	4.9606091707497946
5.316027	4.9606091707497946
5.34002	5.4303050200028142
5.34002	5.4303050200028142
5.34002	5.4303050200028142
5.36402	7.0732870359965236
5.37606	5.4893263079965129
5.37606	5.4893263079965129
5.40004	4.1038538620014871
5.40004	4.1038538620014871
5.40004	4.1038538620014871
5.40004	4.1038538620014871
5.40004	4.1038538620014871
5.40004	4.1038538620014871
5.460041	7.87918934439951
5.460041	7.87918934439951
5.460041	7.87918934439951
5.460041	7.87918934439951
5.460041	7.87918934439951
5.508082	6.8234773120014856
5.520024	7.4204892607937021
5.520024	7.4204892607937021
5.532048	4.896581921593782
5.532052	4.8957422983936638
5.532052	4.8957422983936638
5.568049	3.9814649969517655
5.580024	4.6616078223996986
5.592045	4.5443141169996979
5.592045	4.5443141169996979
5.604024	4.8370164828028921
5.604024	4.8370164828028921
5.604024	4.8370164828028921
5.640137	6.0894322802994312
5.640137	6.0894322802994312
5.640137	6.0894322802994312
5.640137	6.0894322802994312
5.640137	6.0894322802994312
5.640137	6.0894322802994312
5.700025	4.7487681187497719
5.700025	4.7487681187497719
5.700025	4.7487681187497719
5.700025	4.7487681187497719
5.700025	4.7487681187497719
5.700025	4.7487681187497719
5.760025	5.2484635262467183
5.760025	5.2484635262467183
5.760025	5.2484635262467183
5.784031	3.6669015278527319
5.784031	3.6669015278527319
5.784031	3.6669015278527319
5.820045	4.2647719940012676
5.820045	4.2647719940012676
5.820045	4.2647719940012676
5.820045	4.2647719940012676
5.820045	4.2647719940012676
5.820045	4.2647719940012676
5.880025	4.7958096724998702
5.880025	4.7958096724998702
5.880025	4.7958096724998702
5.880025	4.7958096724998702
5.880025	4.7958096724998702
5.928067	4.7254520714521737
5.940025	5.3904764724960055
5.940025	5.3904764724960055
5.940025	5.3904764724960055
5.940025	5.3904764724960055
5.940025	5.3904764724960055
5.940025	5.3904764724960055
6.000024	5.2221485803952943
6.000024	5.2221485803952943
6.012029	3.8018472346452334
6.012029	3.8018472346452334
6.012029	3.8018472346452334
6.012029	3.8018472346452334
6.012029	3.8018472346452334
6.012029	3.8018472346452334
6.060045	7.6896587187461201
6.084045	5.7105906089991061
6.084045	5.7105906089991061
6.084045	5.7105906089991061
6.084045	5.7105906089991061
6.120046	5.2950040267000329
6.132037	5.3041345736500327
6.132037	5.3041345736500327
6.132037	5.3041345736500327
6.168085	5.8388417525009118
6.168085	5.8388417525009118
6.180029	6.0908970708005059
6.192047	6.2289262044005023
6.204025	6.2475436962492052
6.216045	6.0303645332491893
6.228048	5.9998741488002292
6.240025	6.0601657199990031
6.240025	6.0601657199990031
6.252048	5.7950441423989947
6.252048	5.7950441423989947
6.252048	5.7950441423989947
6.252048	5.7950441423989947
6.300134	4.0353981625998134
6.300134	4.0353981625998134
6.300134	4.0353981625998134
6.300134	4.0353981625998134
6.300134	4.0353981625998134
6.300134	4.0353981625998134
6.360025	8.0261991374887245
6.360025	8.0261991374887245
6.360025	8.0261991374887245
6.360025	8.0261991374887245
6.360025	8.0261991374887245
6.360025	8.0261991374887245
6.420025	4.1276157850024493
6.420025	4.1276157850024493
6.420025	4.1276157850024493
6.420025	4.1276157850024493
6.420025	4.1276157850024493
6.420025	4.1276157850024493
6.480055	3.0147670270045741
6.480055	3.0147670270045741
6.480055	3.0147670270045741
6.480055	3.0147670270045741
6.480055	3.0147670270045741
6.480055	3.0147670270045741
6.540025	5.1342174912540868
6.552025	6.0872532912541431
6.55203	6.0876503895041285
6.55203	6.0876503895041285
6.55203	6.0876503895041285
6.588163	4.7857881386533618
6.60003	5.5439052074941992
6.60003	5.5439052074941992
6.60003	5.5439052074941992
6.62403	3.7445736985051128
6.636028	4.8895422386050686
6.636028	4.8895422386050686
6.660028	4.3681720492028902
6.660028	4.3681720492028902
6.672036	5.0149097204029403
6.684028	5.5631308172016043
6.69607	5.919753443001615
6.69607	5.919753443001615
6.69607	5.919753443001615
6.69607	5.919753443001615
6.69607	5.919753443001615
6.69607	5.919753443001615
6.69607	5.919753443001615
6.69607	5.919753443001615
6.69607	5.919753443001615
6.792028	4.8957294385973444
6.792028	4.8957294385973444
6.804028	4.4812090575993899
6.804028	4.4812090575993899
6.804028	4.4812090575993899
6.804028	4.4812090575993899
6.804028	4.4812090575993899
6.85205	5.5131780225131273
6.85205	5.5131780225131273
6.85205	5.5131780225131273
6.888058	4.2521002035020334
6.888058	4.2521002035020334
6.888058	4.2521002035020334
6.888058	4.2521002035020334
6.888058	4.2521002035020334
6.936028	4.3273686763987671
6.94806	4.1532057249993075
6.960147	4.0168501930004972
6.972054	4.1147138260004983
6.972054	4.1147138260004983
6.984048	4.1777099847999652
6.984048	4.1777099847999652
6.984048	4.1777099847999652
6.984048	4.1777099847999652
6.984048	4.1777099847999652
6.984048	4.1777099847999652
6.984048	4.1777099847999652
6.984048	4.1777099847999652
6.984048	4.1777099847999652
6.984048	4.1777099847999652
6.984048	4.1777099847999652
7.092079	3.045135033494109
7.104145	2.6448792662551623
7.116048	3.6134769640052005
7.128053	3.9826104961003801
7.128053	3.9826104961003801
7.128053	3.9826104961003801
7.128053	3.9826104961003801
7.128053	3.9826104961003801
7.128053	3.9826104961003801
7.188052	4.45305952460245
7.200028	4.9039325894038308
7.212028	5.609185189403874
7.212028	5.609185189403874
7.212028	5.609185189403874
7.212028	5.609185189403874
7.24807	6.21575645449966
7.24807	6.21575645449966
7.260754	6.0981839559949327
7.272049	5.2466990859949441
7.272049	5.2466990859949441
7.272049	5.2466990859949441
7.308065	5.046994028495007
7.308065	5.046994028495007
7.308065	5.046994028495007
7.308065	5.046994028495007
7.308065	5.046994028495007
7.308065	5.046994028495007
7.368112	10.126203863986674
7.380049	7.8240120554352837
7.392029	5.2698407144351602
7.392029	5.2698407144351602
7.404048	3.7486304040030953
7.416028	4.2761008190030818
7.428053	4.6723132493519408
7.440028	5.005091663811152
7.440028	5.005091663811152
7.452038	6.9042431723112045
7.452038	6.9042431723112045
7.452038	6.9042431723112045
7.48809	5.0456871760030744
7.500053	5.5549975445950777
7.500053	5.5549975445950777
7.500053	5.5549975445950777
7.524046	4.4986786751054346
7.536048	5.3960304088054425
7.548061	6.8403135479103536
7.560028	8.536183940985353
7.560032	8.5353835039854182
7.560032	8.5353835039854182
7.560032	8.5353835039854182
7.560032	8.5353835039854182
7.560032	8.5353835039854182
7.620652	4.7018697656035728
7.620652	4.7018697656035728
7.620652	4.7018697656035728
7.644052	5.3059282863939314
7.644052	5.3059282863939314
7.644052	5.3059282863939314
7.680032	5.4963573407941029
7.680032	5.4963573407941029
7.680032	5.4963573407941029
7.704032	4.2193803744053229
7.704032	4.2193803744053229
7.728056	5.518906998001726
7.740032	5.7825306095850646
7.752076	3.4556334227851115
7.752076	3.4556334227851115
7.752076	3.4556334227851115
7.776052	5.7171259952183782
7.776052	5.7171259952183782
7.776052	5.7171259952183782
7.776052	5.7171259952183782
7.776052	5.7171259952183782
7.776052	5.7171259952183782
7.776052	5.7171259952183782
7.800052	5.1749784407983617
7.860032	6.7132240320030885
7.860032	6.7132240320030885
7.860032	6.7132240320030885
7.884069	7.3961008369982544
7.884069	7.3961008369982544
7.884069	7.3961008369982544
7.920032	6.198510295999295
7.920032	6.198510295999295
7.920032	6.198510295999295
7.920032	6.198510295999295
7.920032	6.198510295999295
7.968057	7.8398670868518021
7.980032	8.1002875295936914
7.992034	7.1740817876936154
7.992034	7.1740817876936154
7.992034	7.1740817876936154
7.992034	7.1740817876936154
7.992034	7.1740817876936154
7.992034	7.1740817876936154
8.040053	3.9576477611689724
8.052034	6.6994343147191371
8.052034	6.6994343147191371
8.052034	6.6994343147191371
8.088065	5.7442936507344093
8.100032	3.5268465968029847
8.100032	3.5268465968029847
8.100032	3.5268465968029847
8.100032	3.5268465968029847
8.136032	3.9200279791983457
8.149092	3.7745241075993681
8.149092	3.7745241075993681
8.149092	3.7745241075993681
8.149092	3.7745241075993681
8.185146	4.8212683458992176
8.185146	4.8212683458992176
8.185146	4.8212683458992176
8.185146	4.8212683458992176
8.185146	4.8212683458992176
8.185146	4.8212683458992176
8.185146	4.8212683458992176
8.209032	4.1298872771946709
8.269072	5.8120862839926959
8.281484	4.9184228818014288
8.281484	4.9184228818014288
8.281484	4.9184228818014288
8.281484	4.9184228818014288
8.281484	4.9184228818014288
8.329032	2.6581746119897014
8.329032	2.6581746119897014
8.329032	2.6581746119897014
8.329032	2.6581746119897014
8.329032	2.6581746119897014
8.377034	5.3462812959983594
8.389034	5.3433540698005135
8.389034	5.3433540698005135
8.389034	5.3433540698005135
8.389034	5.3433540698005135
8.389034	5.3433540698005135
8.437035	5.2507750629990042
8.437035	5.2507750629990042
8.449053	5.3976375095017932
8.461432	5.598365550798964
8.461432	5.598365550798964
8.461432	5.598365550798964
8.461432	5.598365550798964
8.509033	4.5352514623976257
8.52104	4.2613417440005161
8.533143	4.3291621148005266
8.533143	4.3291621148005266
8.533143	4.3291621148005266
8.533143	4.3291621148005266
8.569033	5.22709727839844
8.569033	5.22709727839844
8.581063	5.0398204837496872
8.581063	5.0398204837496872
8.581063	5.0398204837496872
8.581063	5.0398204837496872
8.629062	5.6925899376805011
8.64104	3.4884910040049277
8.64104	3.4884910040049277
8.64104	3.4884910040049277
8.64104	3.4884910040049277
8.64104	3.4884910040049277
8.68906	5.054382941995951
8.68906	5.054382941995951
8.701041	4.6262598112531039
8.701041	4.6262598112531039
8.701041	4.6262598112531039
8.701041	4.6262598112531039
8.749041	5.2720771822038923
8.761061	5.5839114296885368
8.773121	4.1688838916885107
8.773121	4.1688838916885107
8.773121	4.1688838916885107
8.773121	4.1688838916885107
8.809044	5.3424250377928706
8.809044	5.3424250377928706
8.821061	4.670979394660983
8.833117	6.0020299110609452
8.833117	6.0020299110609452
8.833117	6.0020299110609452
8.869041	7.4377593998952767
8.869041	7.4377593998952767
8.869041	7.4377593998952767
8.869041	7.4377593998952767
8.869041	7.4377593998952767
8.917039	5.1527838745375778
8.929085	4.4926154867466295
8.929085	4.4926154867466295
8.929085	4.4926154867466295
8.929085	4.4926154867466295
8.929085	4.4926154867466295
8.977059	5.1340558639476006
8.989039	4.3753902768421504
8.989039	4.3753902768421504
9.013106	4.6788562527090338
9.013106	4.6788562527090338
9.025156	5.2612593093996454
9.025156	5.2612593093996454
9.049039	5.4843306358031638
9.049039	5.4843306358031638
9.049039	5.4843306358031638
9.073484	5.5597155159980023
9.073484	5.5597155159980023
9.073484	5.5597155159980023
9.109059	5.3608752719961146
9.109059	5.3608752719961146
9.109059	5.3608752719961146
9.109059	5.3608752719961146
9.145138	5.9435962540027081
9.157064	6.249891712002734
9.169039	6.2180583039987383
9.181039	6.0771483326988802
9.181039	6.0771483326988802
9.181039	6.0771483326988802
9.181039	6.0771483326988802
9.181039	6.0771483326988802
9.229039	6.8980772536075738
9.229039	6.8980772536075738
9.229039	6.8980772536075738
9.229039	6.8980772536075738
9.229039	6.8980772536075738
9.229039	6.8980772536075738
9.28906	4.9880795950110546
9.28906	4.9880795950110546
9.28906	4.9880795950110546
9.28906	4.9880795950110546
9.28906	4.9880795950110546
9.337046	4.7994595594076621
9.349059	6.107080320663516
9.349059	6.107080320663516
9.349059	6.107080320663516
9.349059	6.107080320663516
9.349059	6.107080320663516
9.397039	5.5904008846549536
9.409039	4.9920071522909737
9.42106	4.1304173570025853
9.42106	4.1304173570025853
9.433116	4.4070838702025776
9.433116	4.4070838702025776
9.433116	4.4070838702025776
9.433116	4.4070838702025776
9.469043	4.538326939202812
9.481483	4.9396387163097524
9.493112	5.9338728632097073
9.493112	5.9338728632097073
9.493112	5.9338728632097073
9.493112	5.9338728632097073
9.529041	4.5642427919576072
9.541041	5.3071144889510871
9.541041	5.3071144889510871
9.541041	5.3071144889510871
9.541046	5.3071619937010857
9.58909	6.0030209434967201
9.58909	6.0030209434967201
9.58909	6.0030209434967201
9.58909	6.0030209434967201
9.625145	6.0251127157461219
9.625145	6.0251127157461219
9.649044	5.9101017384049177
9.649044	5.9101017384049177
9.649044	5.9101017384049177
9.649044	5.9101017384049177
9.649044	5.9101017384049177
9.649044	5.9101017384049177
9.709044	5.9555309630178606
9.721091	7.4037971235782107
9.721091	7.4037971235782107
9.733652	5.0820168591781947
9.745197	5.1618769271284872
9.745197	5.1618769271284872
9.769064	7.3214259535813913
9.769064	7.3214259535813913
9.769064	7.3214259535813913
9.793109	4.9198674204436266
9.793109	4.9198674204436266
9.793109	4.9198674204436266
9.829065	7.2683877454665051
9.829065	7.2683877454665051
9.829065	7.2683877454665051
9.853151	4.9072376744062423
9.865149	4.9870794776435599
9.878072	4.3053892891936032
9.878072	4.3053892891936032
9.902067	4.8057286439967477
9.902067	4.8057286439967477
9.902067	4.8057286439967477
9.902067	4.8057286439967477
9.938069	6.3953519325641102
9.950052	6.9386377598039397
9.962044	6.9637173795821337
9.962044	6.9637173795821337
9.97412	5.225206907982292
9.97412	5.225206907982292
9.97412	5.225206907982292
9.97412	5.225206907982292
9.97412	5.225206907982292
10.022066	4.712746477697678
10.034064	4.490524920797669
10.046063	3.5464086016827308
10.046063	3.5464086016827308
10.070044	2.4935387488107752
10.070044	2.4935387488107752
10.070044	2.4935387488107752
10.070044	2.4935387488107752
10.070044	2.4935387488107752
10.070044	2.4935387488107752
10.070044	2.4935387488107752
10.070044	2.4935387488107752
10.070044	2.4935387488107752
10.070044	2.4935387488107752
10.070044	2.4935387488107752
10.070044	2.4935387488107752
10.190044	4.2673994532002588
10.190044	4.2673994532002588
10.190044	4.2673994532002588
10.190044	4.2673994532002588
10.190044	4.2673994532002588
10.190044	4.2673994532002588
10.190044	4.2673994532002588
10.190044	4.2673994532002588
10.190044	4.2673994532002588
10.190044	4.2673994532002588
10.287066	2.7541464353888321
10.299046	1.7237094973887059
10.299046	1.7237094973887059
10.299046	1.7237094973887059
10.299046	1.7237094973887059
10.299046	1.7237094973887059
10.299046	1.7237094973887059
10.359086	3.7846633914910757
10.371482	5.3015906919182303
10.371482	5.3015906919182303
10.371482	5.3015906919182303
10.371482	5.3015906919182303
10.371482	5.3015906919182303
10.419065	5.7858881677525575
10.419065	5.7858881677525575
10.419065	5.7858881677525575
10.419065	5.7858881677525575
10.455144	4.7109623964016949
10.455144	4.7109623964016949
10.455144	4.7109623964016949
10.455144	4.7109623964016949
10.455144	4.7109623964016949
10.455144	4.7109623964016949
10.479046	4.5609947049985058
10.527048	4.1588556036080373
10.539066	4.868031173708018
10.551046	6.467080767218949
10.551046	6.467080767218949
10.551046	6.467080767218949
10.55105	6.4676398600190277
10.58705	3.0516506175194174
10.599079	4.7629364546694628
10.611051	4.785412552498653
10.62316	4.6859771579994964
10.62316	4.6859771579994964
10.62316	4.6859771579994964
10.647071	5.4844223203668472
10.65905	6.9411986925169007
10.65905	6.9411986925169007
10.65905	6.9411986925169007
10.683117	5.4592310698424038
10.69515	4.7979220574923556
10.69515	4.7979220574923556
10.71905	3.9412917724956955
10.71905	3.9412917724956955
10.71905	3.9412917724956955
10.74312	6.9612275439538118
10.74312	6.9612275439538118
10.74312	6.9612275439538118
10.779069	2.7951794680104953
10.79105	3.6314660550098177
10.79105	3.6314660550098177
10.79105	3.6314660550098177
10.79105	3.6314660550098177
10.79105	3.6314660550098177
10.83905	4.2481816049936025
10.85105	4.4359534950029866
10.863142	4.867743547011127
10.863142	4.867743547011127
10.863142	4.867743547011127
10.863142	4.867743547011127
10.899053	6.0071763972986725
10.899053	6.0071763972986725
10.91107	5.8982171644986945
10.923112	5.8003347543992136
10.923112	5.8003347543992136
10.947049	5.714552836750137
10.959048	5.7259608860001361
10.959048	5.7259608860001361
10.983117	6.3148352212622818
10.983117	6.3148352212622818
10.995148	3.1921759371621254
11.007048	3.1321015932246876
11.019095	5.1819847792748686
11.019095	5.1819847792748686
11.019095	5.1819847792748686
11.019095	5.1819847792748686
11.019095	5.1819847792748686
11.019095	5.1819847792748686
11.079067	5.2887859653635516
11.079067	5.2887859653635516
11.103114	6.4744901539672934
11.103114	6.4744901539672934
11.103114	6.4744901539672934
11.103114	6.4744901539672934
11.139048	5.2383203180196523
11.139048	5.2383203180196523
11.139048	5.2383203180196523
11.139048	5.2383203180196523
11.175168	5.2761732959773298
11.175168	5.2761732959773298
11.199088	4.4251450359991029
11.199088	4.4251450359991029
11.199088	4.4251450359991029
11.199088	4.4251450359991029
11.235163	4.6866452134148933
11.248073	6.0560566927666395
11.260048	7.3693615919889677
11.260048	7.3693615919889677
11.260048	7.3693615919889677
11.260048	7.3693615919889677
11.260048	7.3693615919889677
11.308073	4.4531768002853678
11.320068	3.3154244148150487
11.320068	3.3154244148150487
11.320068	3.3154244148150487
11.320068	3.3154244148150487
11.320068	3.3154244148150487
11.320068	3.3154244148150487
11.380048	4.3816503704044942
11.392056	4.7317261988044956
11.392056	4.7317261988044956
11.404204	5.1240465954058987
11.404204	5.1240465954058987
11.428095	5.5113498707458382
11.428095	5.5113498707458382
11.428095	5.5113498707458382
11.428095	5.5113498707458382
11.44005	5.1927537774998385
11.47605	5.3123224000013689
11.488091	5.6994657889068314
11.50005	6.2177836674979643
11.51205	6.061463867497956
11.51205	6.061463867497956
11.51205	6.061463867497956
11.51205	6.061463867497956
11.51205	6.061463867497956
11.51205	6.061463867497956
11.51205	6.061463867497956
11.512055	6.0613987342479581
11.56007	6.9481292544613531
11.596055	2.6516671500059354
11.596055	2.6516671500059354
11.596055	2.6516671500059354
11.596055	2.6516671500059354
11.596055	2.6516671500059354
11.596055	2.6516671500059354
11.596055	2.6516671500059354
11.620076	4.2375682510064143
11.680059	2.5192573388254362
11.680059	2.5192573388254362
11.680059	2.5192573388254362
11.704055	5.4647388522411786
11.704055	5.4647388522411786
11.728079	4.9959181802080419
11.728079	4.9959181802080419
11.728079	4.9959181802080419
11.728079	4.9959181802080419
11.728079	4.9959181802080419
11.740055	5.5895992139887207
11.788086	4.1688052742069708
11.788086	4.1688052742069708
11.788086	4.1688052742069708
11.788086	4.1688052742069708
11.788086	4.1688052742069708
11.836055	6.1504991627661765
11.848114	5.4774502454784484
11.860055	3.9222112897575072
11.860055	3.9222112897575072
11.860055	3.9222112897575072
11.860055	3.9222112897575072
11.860055	3.9222112897575072
11.908078	6.5592610266984011
11.920074	6.440096163192349
11.920074	6.440096163192349
11.920074	6.440096163192349
11.920074	6.440096163192349
11.920074	6.440096163192349
11.932099	5.8820976831923595
11.980075	3.9897492249903506
11.980075	3.9897492249903506
11.980075	3.9897492249903506
12.004055	3.4252866007743759
12.016073	5.1866885464745884
12.016073	5.1866885464745884
12.040053	3.332881336532334
12.040053	3.332881336532334
12.040053	3.332881336532334
12.040053	3.332881336532334
12.040053	3.332881336532334
12.088094	4.2136015399029345
12.088094	4.2136015399029345
12.088094	4.2136015399029345
12.088094	4.2136015399029345
12.088094	4.2136015399029345
12.088094	4.2136015399029345
12.088094	4.2136015399029345
12.088094	4.2136015399029345
12.160449	6.3873545857905185
12.160449	6.3873545857905185
12.160449	6.3873545857905185
12.160449	6.3873545857905185
12.160449	6.3873545857905185
12.160449	6.3873545857905185
12.220553	5.1215298936960236
12.232058	4.856142908196027
12.244081	5.2610095704247462
12.244081	5.2610095704247462
12.244081	5.2610095704247462
12.280074	1.7884974338158726
12.280074	1.7884974338158726
12.280074	1.7884974338158726
12.280074	1.7884974338158726
12.316053	4.2010190696064162
12.328116	4.5510096914043707
12.340094	4.8701347158370503
12.340094	4.8701347158370503
12.352075	7.4098155775368264
12.352075	7.4098155775368264
12.352075	7.4098155775368264
12.388078	4.6946832814010548
12.400053	4.765093380595844
12.412083	4.4798644865958126
12.412083	4.4798644865958126
12.412083	4.4798644865958126
12.412083	4.4798644865958126
12.448079	5.2587043906846285
12.448079	5.2587043906846285
12.448079	5.2587043906846285
12.448079	5.2587043906846285
12.448079	5.2587043906846285
12.460093	4.2281150433153449
12.509053	5.6565254810382015
12.509053	5.6565254810382015
12.533119	6.0550941812652397
12.533119	6.0550941812652397
12.533119	6.0550941812652397
12.533119	6.0550941812652397
12.533119	6.0550941812652397
12.569053	5.9379344786445554
12.593156	5.993850084805314
12.593156	5.993850084805314
12.593156	5.993850084805314
12.593156	5.993850084805314
12.629077	4.8834526918518266
12.629077	4.8834526918518266
12.629077	4.8834526918518266
12.629077	4.8834526918518266
12.665155	6.216333697452419
12.665155	6.216333697452419
12.689079	2.9416155912622974
12.689079	2.9416155912622974
12.689079	2.9416155912622974
12.689079	2.9416155912622974
12.689079	2.9416155912622974
12.689079	2.9416155912622974
12.749058	4.7626132638990368
12.749058	4.7626132638990368
12.761091	4.8118267607179881
12.761091	4.8118267607179881
12.761091	4.8118267607179881
12.797058	7.2377811368061788
12.809058	6.4790649729825311
12.821079	5.4728670513050748
12.833132	5.8058275604051275
12.833132	5.8058275604051275
12.845212	6.4989005546178733
12.845212	6.4989005546178733
12.869077	6.7116015689250581
12.869077	6.7116015689250581
12.881058	5.2389380866982433
12.881058	5.2389380866982433
12.905263	5.1826055111043576
12.917058	5.458958822604389
12.929058	5.5234197827999081
12.929058	5.5234197827999081
12.929058	5.5234197827999081
12.929058	5.5234197827999081
12.929058	5.5234197827999081
12.929058	5.5234197827999081
12.989062	4.6183016353796615
13.001078	3.536630149917058
13.001078	3.536630149917058
13.013134	4.6304957447171882
13.013134	4.6304957447171882
13.013134	4.6304957447171882
13.049059	11.073638397062131
13.061059	9.4470506850512059
13.073134	15.886020888801017
13.073134	15.886020888801017
13.073134	15.886020888801017
13.073134	15.886020888801017
13.109098	3.4816530674068207
13.121064	3.861780136398012
13.121064	3.861780136398012
13.133496	3.7326595195980232
13.133496	3.7326595195980232
13.157081	5.9679837929258106
13.16906	7.1566397540168403
13.16906	7.1566397540168403
13.16906	7.1566397540168403
13.16906	7.1566397540168403
13.205168	7.3974663255727702
13.217086	5.7170336886727835
13.22906	5.3401912660007271
13.241103	5.3515096106947588
13.241103	5.3515096106947588
13.241103	5.3515096106947588
13.241103	5.3515096106947588
13.277061	4.6686851993980358
13.28908	5.4801923620180375
13.30106	6.4564986379935032
13.30106	6.4564986379935032
13.30106	6.4564986379935032
13.325213	5.8236185799500086
13.325213	5.8236185799500086
13.34908	7.139918998028465
13.34908	7.139918998028465
13.373176	8.0239068435895557
13.373176	8.0239068435895557
13.373176	8.0239068435895557
13.397082	5.9629924088804991
13.40906	5.2718257609912733
13.40906	5.2718257609912733
13.40906	5.2718257609912733
13.40906	5.2718257609912733
13.40906	5.2718257609912733
13.45707	7.8131214375377649
13.46908	7.087099677971942
13.48106	5.4258051949783939
13.48106	5.4258051949783939
13.48106	5.4258051949783939
13.48106	5.4258051949783939
13.536923	5.2844908829461126
13.548127	6.6577435103351146
13.548127	6.6577435103351146
13.561064	8.410563176735824
13.561064	8.410563176735824
13.585059	2.6381406135117009
13.597179	3.3468757935117885
13.597179	3.3468757935117885
13.597179	3.3468757935117885
13.597179	3.3468757935117885
13.597179	3.3468757935117885
13.597179	3.3468757935117885
13.657264	7.0639759440100454
13.657264	7.0639759440100454
13.657264	7.0639759440100454
13.681064	4.4912590195961721
13.681064	4.4912590195961721
13.681064	4.4912590195961721
13.717178	5.5331163038166427
13.717178	5.5331163038166427
13.729064	5.625997729596925
13.729064	5.625997729596925
13.753146	4.5969443607866296
13.753146	4.5969443607866296
13.777189	5.7600107355692183
13.777189	5.7600107355692183
13.777189	5.7600107355692183
13.777189	5.7600107355692183
13.777189	5.7600107355692183
13.777189	5.7600107355692183
13.837165	6.1887163160304599
13.837165	6.1887163160304599
13.849064	6.3270795099936326
13.849064	6.3270795099936326
13.849064	6.3270795099936326
13.849064	6.3270795099936326
13.897168	4.8498425383895993
13.897168	4.8498425383895993
13.909065	4.4231812824934682
13.909065	4.4231812824934682
13.933437	5.0127802951144371
13.933437	5.0127802951144371
13.957194	7.5223671839248585
13.957194	7.5223671839248585
13.969064	5.4023116107435412
13.969064	5.4023116107435412
13.99314	4.2957229300296316
13.99314	4.2957229300296316
14.017165	4.4597986194901402
14.017165	4.4597986194901402
14.017165	4.4597986194901402
14.041064	6.5203113240199118
14.053245	7.6702403575199352
14.053245	7.6702403575199352
14.077182	5.7017401714678755
14.077182	5.7017401714678755
14.089069	5.3403119837515414
14.101063	5.286284963173399
14.113159	3.7661370975734094
14.125064	3.3853614244200836
14.137165	4.5298842902700578
14.137165	4.5298842902700578
14.149064	3.5496870383708048
14.161064	2.2766156064465934
14.173146	4.9233299396465364
14.185167	6.2209773352915825
14.197177	5.7472536942915697
14.197177	5.7472536942915697
14.197177	5.7472536942915697
14.197177	5.7472536942915697
14.233148	6.8671814987989297
14.233148	6.8671814987989297
14.257172	8.3919473232195845
14.257172	8.3919473232195845
14.257172	8.3919473232195845
14.281064	5.8319328552000318
14.29314	5.8337358020000316
14.305064	5.6296523015912561
14.317324	5.1330842955912654
14.317324	5.1330842955912654
14.329064	5.1446011240028744
14.329064	5.1446011240028744
14.329064	5.1446011240028744
14.365064	6.9929308615685546
14.377183	5.2421825526684867
14.377183	5.2421825526684867
14.377183	5.2421825526684867
14.377183	5.2421825526684867
14.413151	4.0343379931324188
14.413151	4.0343379931324188
14.437166	4.1321226675082867
14.437166	4.1321226675082867
14.449163	5.5630007331817168
14.449163	5.5630007331817168
14.473147	5.3077783727194596
14.473147	5.3077783727194596
14.497187	5.7854631081683001
14.497187	5.7854631081683001
14.497187	5.7854631081683001
14.497187	5.7854631081683001
14.497187	5.7854631081683001
14.497187	5.7854631081683001
14.55717	5.1414538184945222
14.55717	5.1414538184945222
14.55717	5.1414538184945222
14.55717	5.1414538184945222
14.557175	5.1413297587444831
14.605069	6.0902761555475173
14.617173	5.955449094347526
14.617173	5.955449094347526
14.629069	5.7212731982950276
14.641068	5.4804688310007323
14.653139	5.5199802317507292
14.653139	5.5199802317507292
14.677196	5.3501918787974914
14.677196	5.3501918787974914
14.689069	5.7801858438114069
14.689069	5.7801858438114069
14.689069	5.7801858438114069
14.689069	5.7801858438114069
14.737165	5.2539470889945505
14.737165	5.2539470889945505
14.749073	7.0308437706957285
14.749073	7.0308437706957285
14.773141	5.6899243927884839
14.785069	4.2501000747687696
14.797165	5.2530731787687621
14.797165	5.2530731787687621
14.809088	5.5841915280023882
14.809088	5.5841915280023882
14.833141	4.9711185686874266
14.833141	4.9711185686874266
14.833141	4.9711185686874266
14.857644	7.5236829208379659
14.857644	7.5236829208379659
14.857644	7.5236829208379659
14.857644	7.5236829208379659
14.857644	7.5236829208379659
14.857644	7.5236829208379659
14.857644	7.5236829208379659
14.857644	7.5236829208379659
14.91717	5.8003861885246062
14.953143	5.5946257434040607
14.953143	5.5946257434040607
14.977256	6.1327343444055877
14.977256	6.1327343444055877
14.977256	6.1327343444055877
14.977256	6.1327343444055877
14.977256	6.1327343444055877
15.025075	7.0441447750288715
15.037187	8.5595618790289176
15.037187	8.5595618790289176
15.049075	9.1693657900065961
15.061075	9.3564544949732831
15.061075	9.3564544949732831
15.085075	6.6263397349743869
15.09717	5.2940730659743132
15.09717	5.2940730659743132
15.09717	5.2940730659743132
15.09717	5.2940730659743132
15.09717	5.2940730659743132
15.09717	5.2940730659743132
15.157179	7.8728747932004577
15.157179	7.8728747932004577
15.169075	6.6892701124537766
15.169075	6.6892701124537766
15.193138	5.2172222864122491
15.193138	5.2172222864122491
15.217186	3.7043562135743628
15.217186	3.7043562135743628
15.217186	3.7043562135743628
15.217186	3.7043562135743628
15.217186	3.7043562135743628
15.217186	3.7043562135743628
15.277186	5.6087919104108463
15.277186	5.6087919104108463
15.277186	5.6087919104108463
15.301075	6.0480094599899017
15.313147	5.536262893589897
15.313147	5.536262893589897
15.337169	4.4446899486889189
15.337169	4.4446899486889189
15.349075	5.2292037712739887
15.349075	5.2292037712739887
15.373215	6.5237743477534558
15.385075	6.6083269424993594
15.397186	6.575940917399361
15.397186	6.575940917399361
15.397186	6.575940917399361
15.397186	6.575940917399361
15.397186	6.575940917399361
15.397186	6.575940917399361
15.397186	6.575940917399361
15.397186	6.575940917399361
15.397186	6.575940917399361
15.45717	5.2592144269897787
15.49314	7.1534552620230647
15.49314	7.1534552620230647
15.517171	6.4791750987813259
15.517171	6.4791750987813259
15.529096	5.8425562083889178
15.529096	5.8425562083889178
15.553143	5.8063841354085932
15.565075	6.2372152437590307
15.577225	6.6883842312590449
15.577225	6.6883842312590449
15.589104	8.2504902088391407
15.589109	8.2512915385891112
15.613143	8.2470112098673987
15.613143	8.2470112098673987
15.613143	8.2470112098673987
15.613143	8.2470112098673987
15.613143	8.2470112098673987
15.613143	8.2470112098673987
15.613143	8.2470112098673987
15.63725	8.9129842375223678
15.697174	5.105913953435504
15.697174	5.105913953435504
15.70908	5.4758727079989802
15.721101	5.4746323890598703
15.721101	5.4746323890598703
15.721101	5.4746323890598703
15.757179	7.2563074789648114
15.757179	7.2563074789648114
15.769153	6.328981882420468
15.78108	4.9975902979925495
15.793145	4.6335210807424954
15.793145	4.6335210807424954
15.817186	3.3467365691844244
15.817186	3.3467365691844244
15.817186	3.3467365691844244
15.817186	3.3467365691844244
15.853165	7.664061830790617
15.853165	7.664061830790617
15.877185	8.3971791979944843
15.877185	8.3971791979944843
15.877185	8.3971791979944843
15.877185	8.3971791979944843
15.877185	8.3971791979944843
15.877185	8.3971791979944843
15.937176	4.2138296144016367
15.937176	4.2138296144016367
15.94908	5.8965201860461001
15.96108	7.7418876439635467
15.973152	5.9972337535635294
15.9851	4.5551620299777236
15.997175	3.4840527774775971
15.997175	3.4840527774775971
15.997175	3.4840527774775971
15.997175	3.4840527774775971
15.997175	3.4840527774775971
15.997175	3.4840527774775971
16.05718	7.0991102760600953
16.05718	7.0991102760600953
16.05718	7.0991102760600953
16.08108	5.5542345019814086
16.093144	4.6712781835814825
16.093144	4.6712781835814825
16.117192	4.2079788708005692
16.117192	4.2079788708005692
16.117192	4.2079788708005692
16.117192	4.2079788708005692
16.153147	7.7983603526520664
16.153147	7.7983603526520664
16.17719	5.9583032059519363
16.17719	5.9583032059519363
16.17719	5.9583032059519363
16.17719	5.9583032059519363
16.213146	5.881273992307702
16.22508	5.5298381439719222
16.237175	4.2003170399716536
16.237175	4.2003170399716536
16.237175	4.2003170399716536
16.237175	4.2003170399716536
16.273145	5.852802283459221
16.285098	5.0098974303123445
16.29725	5.5874497875122051
16.29725	5.5874497875122051
16.29725	5.5874497875122051
16.29725	5.5874497875122051
16.29725	5.5874497875122051
16.29725	5.5874497875122051
16.357177	2.498443740607434
16.357177	2.498443740607434
16.36908	4.2656908020639408
16.36908	4.2656908020639408
16.36908	4.2656908020639408
16.36908	4.2656908020639408
16.417175	6.413509138764959
16.417175	6.413509138764959
16.429151	5.5830941230215601
16.429151	5.5830941230215601
16.429151	5.5830941230215601
16.429151	5.5830941230215601
16.477192	4.8459604979505064
16.477192	4.8459604979505064
16.477192	4.8459604979505064
16.477192	4.8459604979505064
16.513154	6.4565754471108159
16.525102	6.2491982048747321
16.537193	5.0912425303248918
16.537193	5.0912425303248918
16.537193	5.0912425303248918
16.537193	5.0912425303248918
16.573151	5.9971730124837492
16.573151	5.9971730124837492
16.597191	5.580184704600077
16.609087	5.8682569722583473
16.609087	5.8682569722583473
16.609087	5.8682569722583473
16.633157	6.2391776569005257
16.645086	6.8427800161307655
16.657204	8.2487873254309072
16.657204	8.2487873254309072
16.657204	8.2487873254309072
16.657204	8.2487873254309072
16.657204	8.2487873254309072
16.705087	4.2412546473982671
16.71718	4.1625316359982643
16.71718	4.1625316359982643
16.71718	4.1625316359982643
16.71718	4.1625316359982643
16.753163	4.6907817897436175
16.753163	4.6907817897436175
16.777215	5.8114461795201642
16.777215	5.8114461795201642
16.777215	5.8114461795201642
16.777215	5.8114461795201642
16.777215	5.8114461795201642
16.777215	5.8114461795201642
16.837192	5.0316881379897458
16.837192	5.0316881379897458
16.849087	6.1845723796375633
16.849087	6.1845723796375633
16.87315	4.7112024849387444
16.87315	4.7112024849387444
16.897214	4.910192569727827
16.897214	4.910192569727827
16.897214	4.910192569727827
16.897214	4.910192569727827
16.93315	4.3348900074933532
16.93315	4.3348900074933532
16.957269	9.1150391465781411
16.957269	9.1150391465781411
16.969086	7.2497936238202527
16.969086	7.2497936238202527
16.993176	3.8752919163959931
17.005087	4.4706550160873908
17.017192	6.1268508268376731
17.017192	6.1268508268376731
17.029176	5.9229794407824512
17.029176	5.9229794407824512
17.053173	7.0537437645881855
17.053173	7.0537437645881855
17.053173	7.0537437645881855
17.053173	7.0537437645881855
17.053173	7.0537437645881855
17.053173	7.0537437645881855
17.053173	7.0537437645881855
17.077193	4.9804820774514722
17.137188	4.8999217062059106
17.137188	4.8999217062059106
17.149087	7.0942322380153415
17.149087	7.0942322380153415
17.149087	7.0942322380153415
17.185108	4.1756597757708649
17.197181	2.9063208543207448
17.197181	2.9063208543207448
17.197181	2.9063208543207448
17.221157	5.960730052240641
17.233159	5.559374170740667
17.233159	5.559374170740667
17.233159	5.559374170740667
17.233159	5.559374170740667
17.233159	5.559374170740667
17.257226	6.6572431349214352
17.29315	6.5389670349979152
17.30509	6.4341382494970336
17.317217	6.3056593543470356
17.317217	6.3056593543470356
17.329087	5.2204596074172587
17.329087	5.2204596074172587
17.329087	5.2204596074172587
17.329087	5.2204596074172587
17.377194	5.8977202874188173
17.377194	5.8977202874188173
17.38913	5.8225863314918351
17.38913	5.8225863314918351
17.38913	5.8225863314918351
17.425087	6.2966576166711752
17.437191	5.0679091630714304
17.437191	5.0679091630714304
17.437191	5.0679091630714304
17.461087	5.9315419249447023
17.47315	3.5705112499444045
17.485158	2.5946781096199723
17.485158	2.5946781096199723
17.485158	2.5946781096199723
17.485158	2.5946781096199723
17.521132	5.2967149397985107
17.533153	5.2341774904485243
17.533153	5.2341774904485243
17.557199	6.3233741798687113
17.557199	6.3233741798687113
17.557199	6.3233741798687113
17.581107	5.2554036275051317
17.593153	5.4720208225051632
17.593153	5.4720208225051632
17.617265	5.7599327925027346
17.617265	5.7599327925027346
17.629094	5.9915682205064513
17.641094	6.3509736954295377
17.653167	7.5971378897296562
17.665094	7.4740459370532317
17.677199	5.505526600302896
17.677199	5.505526600302896
17.689094	5.0291112546993348
17.701094	5.0400565379095408
17.713184	5.438214694409452
17.725094	5.6082314134969256
17.725094	5.6082314134969256
17.737191	5.4789175077469157
17.749165	6.5420270450347022
17.749165	6.5420270450347022
17.749165	6.5420270450347022
17.749165	6.5420270450347022
17.797194	5.1064883294924073
17.797194	5.1064883294924073
17.797194	5.1064883294924073
17.797194	5.1064883294924073
17.797194	5.1064883294924073
17.797194	5.1064883294924073
17.797194	5.1064883294924073
17.797194	5.1064883294924073
17.797194	5.1064883294924073
17.797194	5.1064883294924073
17.797194	5.1064883294924073
17.797194	5.1064883294924073
17.797194	5.1064883294924073
17.857198	8.3783785069482324
17.917239	5.2294198056519692
17.941094	4.6916414825021331
17.95318	4.7795520250021353
17.965094	5.29551495472698
17.977238	6.4072987619269366
17.977238	6.4072987619269366
17.977238	6.4072987619269366
17.977238	6.4072987619269366
18.013228	4.8880946847678315
18.013228	4.8880946847678315
18.037187	6.4878814300900709
18.037187	6.4878814300900709
18.037187	6.4878814300900709
18.037187	6.4878814300900709
18.073159	3.9532986589159327
18.073159	3.9532986589159327
18.097209	5.2391930825356674
18.097209	5.2391930825356674
18.097209	5.2391930825356674
18.097209	5.2391930825356674
18.133166	6.6110389166018111
18.133166	6.6110389166018111
18.157214	7.6482255305172311
18.157214	7.6482255305172311
18.169094	7.3200511521838765
18.181174	6.6758295216854524
18.181174	6.6758295216854524
18.205094	5.9760428694129555
18.217188	6.5014074388130174
18.217188	6.5014074388130174
18.229096	5.9375170303775109
18.229096	5.9375170303775109
18.229096	5.9375170303775109
18.229096	5.9375170303775109
18.277277	3.6698544170349505
18.277277	3.6698544170349505
18.289094	4.0927519568332418
18.289094	4.0927519568332418
18.289094	4.0927519568332418
18.325095	3.8994881840206852
18.337193	4.7258686896205777
18.337193	4.7258686896205777
18.349094	4.9901366517024188
18.361094	5.0613356824956162
18.361094	5.0613356824956162
18.361094	5.0613356824956162
18.397188	5.1370496210061471
18.397188	5.1370496210061471
18.409165	4.3725037339726462
18.409165	4.3725037339726462
18.433166	4.6983083645299537
18.433166	4.6983083645299537
18.457196	5.6465324792048666
18.457196	5.6465324792048666
18.457196	5.6465324792048666
18.457196	5.6465324792048666
18.457196	5.6465324792048666
18.457196	5.6465324792048666
18.517191	6.1517094842183493
18.517191	6.1517094842183493
18.517191	6.1517094842183493
18.517191	6.1517094842183493
18.553164	4.3778991061670265
18.565094	3.9619362929192876
18.565094	3.9619362929192876
18.565094	3.9619362929192876
18.577205	4.7269318467693591
18.601094	6.0587166536121044
18.613132	6.5325853008121308
18.62512	6.494804063981511
18.63721	5.7671940119814593
18.63721	5.7671940119814593
18.6491	5.8577945250087886
18.6491	5.8577945250087886
18.6491	5.8577945250087886
18.6491	5.8577945250087886
18.697194	6.5502614261128782
18.697194	6.5502614261128782
18.697194	6.5502614261128782
18.721099	5.5655647891919235
18.733164	7.2021319694419281
18.7451	8.490317680022045
18.757215	9.3476574620219139
18.757215	9.3476574620219139
18.757215	9.3476574620219139
18.757215	9.3476574620219139
18.793164	7.3866169635817158
18.793164	7.3866169635817158
18.817196	5.8369779935791737
18.817196	5.8369779935791737
18.8291	5.4801170799941756
18.8291	5.4801170799941756
18.853171	4.9244750333916238
18.865099	4.8982608789096513
18.877207	5.2703530377095911
18.877207	5.2703530377095911
18.877207	5.2703530377095911
18.877207	5.2703530377095911
18.913178	5.998514909798268
18.913178	5.998514909798268
18.937263	6.6121898837619391
18.937263	6.6121898837619391
18.937263	6.6121898837619391
18.937263	6.6121898837619391
18.937263	6.6121898837619391
18.937263	6.6121898837619391
18.997194	5.7973661758013639
18.997194	5.7973661758013639
18.997194	5.7973661758013639
18.997194	5.7973661758013639
19.033171	4.9250860767336748
19.033171	4.9250860767336748
19.057198	9.3790852855687064
19.057198	9.3790852855687064
19.069222	7.9241283864289889
19.069222	7.9241283864289889
19.069222	7.9241283864289889
19.069222	7.9241283864289889
19.117222	3.7783988100778858
19.117222	3.7783988100778858
19.117222	3.7783988100778858
19.117222	3.7783988100778858
19.117222	3.7783988100778858
19.165101	8.1458039086324057
19.177206	5.5860648721319688
19.177206	5.5860648721319688
19.177206	5.5860648721319688
19.177206	5.5860648721319688
19.213163	4.6335448349633213
19.213163	4.6335448349633213
19.237198	4.275072071788049
19.237198	4.275072071788049
19.237198	4.275072071788049
19.2611	5.8266244299844372
19.2611	5.8266244299844372
19.2611	5.8266244299844372
19.297194	7.1235960936416678
19.297194	7.1235960936416678
19.309099	6.3484156930597102
19.309099	6.3484156930597102
19.309099	6.3484156930597102
19.309099	6.3484156930597102
19.357196	5.0018444419954058
19.357196	5.0018444419954058
19.369103	5.226802180459404
19.369103	5.226802180459404
19.393164	6.1889785704158413
19.4051	9.839981815211793
19.417214	17.716573059312221
19.417214	17.716573059312221
19.4291	12.922992089765124
19.4291	12.922992089765124
19.453168	5.192550088004503
19.465173	5.3170481498019253
19.47723	5.3882157980019185
19.47723	5.3882157980019185
19.47723	5.3882157980019185
19.47723	5.3882157980019185
19.47723	5.3882157980019185
19.47723	5.3882157980019185
19.537195	5.1850073239747774
19.537195	5.1850073239747774
19.54912	6.3130736000480878
19.54912	6.3130736000480878
19.54912	6.3130736000480878
19.5851	5.7031899850058192
19.597263	5.9181387780558419
19.597263	5.9181387780558419
19.597263	5.9181387780558419
19.597274	5.9183331739057907
19.597274	5.9183331739057907
19.64511	4.3351990509631353
19.657212	2.9787354891628506
19.657212	2.9787354891628506
19.657212	2.9787354891628506
19.657212	2.9787354891628506
19.657212	2.9787354891628506
19.70511	16.581874997248114
19.717205	7.4181254609989526
19.717205	7.4181254609989526
19.717205	7.4181254609989526
19.717205	7.4181254609989526
19.717205	7.4181254609989526
19.717205	7.4181254609989526
19.777218	6.7891794502809795
19.777218	6.7891794502809795
19.777218	6.7891794502809795
19.80111	3.5573849350277902
19.813193	4.5609807905275588
19.825111	5.1458467097012717
19.837212	5.1919841924012768
19.837212	5.1919841924012768
19.849111	6.4731402167467023
19.849111	6.4731402167467023
19.873181	4.556782413763047
19.873181	4.556782413763047
19.897285	3.679455666517458
19.897285	3.679455666517458
19.897285	3.679455666517458
19.897285	3.679455666517458
19.933175	5.2739772562603946
19.933175	5.2739772562603946
19.957211	2.5703414256928219
19.957211	2.5703414256928219
19.957211	2.5703414256928219
19.957211	2.5703414256928219
19.957211	2.5703414256928219
19.957211	2.5703414256928219
20.017227	5.0553607890943599
20.017227	5.0553607890943599
20.029199	5.4913601263676535
20.041111	6.3803816387984451
20.041111	6.3803816387984451
20.041111	6.3803816387984451
20.077233	5.2408822670198036
20.077233	5.2408822670198036
20.077233	5.2408822670198036
20.101111	4.2789853748232485
20.113183	3.3268226720232388
20.113183	3.3268226720232388
20.137215	4.5616189187851743
20.137215	4.5616189187851743
20.137215	4.5616189187851743
20.137215	4.5616189187851743
20.137215	4.5616189187851743
20.137215	4.5616189187851743
20.19721	4.9412300104779696
20.19721	4.9412300104779696
20.19721	4.9412300104779696
20.19721	4.9412300104779696
20.233182	5.6983623747110874
20.233182	5.6983623747110874
20.233182	5.6983623747110874
20.257285	4.086427107463674
20.269512	5.5543005804631509
20.269512	5.5543005804631509
20.269512	5.5543005804631509
20.269512	5.5543005804631509
20.317224	6.0245700663989279
20.317224	6.0245700663989279
20.317224	6.0245700663989279
20.317224	6.0245700663989279
20.353179	6.804027489540152
20.353179	6.804027489540152
20.377225	6.1709014962214734
20.377225	6.1709014962214734
20.377225	6.1709014962214734
20.401111	5.4519467408478643
20.401111	5.4519467408478643
20.425114	5.3052544781979503
20.43721	5.2338433229979504
20.43721	5.2338433229979504
20.43721	5.2338433229979504
20.43721	5.2338433229979504
20.43721	5.2338433229979504
20.43721	5.2338433229979504
20.497204	5.9417252646765339
20.497204	5.9417252646765339
20.509111	6.4120437614944654
20.509111	6.4120437614944654
20.509111	6.4120437614944654
20.509111	6.4120437614944654
20.55723	11.354448172630555
20.55723	11.354448172630555
20.55723	11.354448172630555
20.55723	11.354448172630555
20.55723	11.354448172630555
20.605111	8.0219146147195524
20.617207	8.6952711139195493
20.617207	8.6952711139195493
20.617211	8.6954937847195808
20.617211	8.6954937847195808
20.65325	6.5785633499515495
20.665114	4.7699557776397974
20.677238	2.6891506358397481
20.677238	2.6891506358397481
20.677238	2.6891506358397481
20.701115	4.9307583765031895
20.701115	4.9307583765031895
20.701115	4.9307583765031895
20.737226	4.6648585325910652
20.737226	4.6648585325910652
20.749115	7.2391699501024824
20.749115	7.2391699501024824
20.773186	7.1465688766129691
20.785192	5.1490991327784146
20.797214	4.4135739375782919
20.797214	4.4135739375782919
20.797214	4.4135739375782919
20.797214	4.4135739375782919
20.797214	4.4135739375782919
20.797214	4.4135739375782919
20.857215	20.102617958292651
20.857215	20.102617958292651
20.869115	14.879236080955891
20.881115	5.8588687774847807
20.881115	5.8588687774847807
20.905115	5.2014336147601794
20.917278	5.549862818710217
20.917278	5.549862818710217
20.917278	5.549862818710217
20.917278	5.549862818710217
20.917278	5.549862818710217
20.917278	5.549862818710217
20.917278	5.549862818710217
20.977257	5.1961747979762016
20.989115	5.028821117530681
21.001115	5.9158531382372503
21.001115	5.9158531382372503
21.001115	5.9158531382372503
21.037207	7.3655662562942084
21.037207	7.3655662562942084
21.037207	7.3655662562942084
21.037207	7.3655662562942084
21.037207	7.3655662562942084
21.037207	7.3655662562942084
21.097214	6.3143204395041712
21.097214	6.3143204395041712
21.097214	6.3143204395041712
21.097214	6.3143204395041712
21.097214	6.3143204395041712
21.097214	6.3143204395041712
21.157226	7.4087773962434191
21.157226	7.4087773962434191
21.157226	7.4087773962434191
21.157226	7.4087773962434191
21.157226	7.4087773962434191
21.205115	5.9732449899831179
21.217212	5.4098393119830739
21.217212	5.4098393119830739
21.217212	5.4098393119830739
21.241135	6.3755413449010625
21.253184	11.37815179855162
21.265115	11.564560300560835
21.277218	5.3095247547108304
21.277218	5.3095247547108304
21.277218	5.3095247547108304
21.277218	5.3095247547108304
21.277218	5.3095247547108304
21.325115	6.1558732897306712
21.337217	5.5167866380307249
21.337217	5.5167866380307249
21.337217	5.5167866380307249
21.337217	5.5167866380307249
21.337217	5.5167866380307249
21.337217	5.5167866380307249
21.397213	6.1209650224297665
21.397213	6.1209650224297665
21.397213	6.1209650224297665
21.397213	6.1209650224297665
21.397213	6.1209650224297665
21.445186	5.7617662166115879
21.445186	5.7617662166115879
21.445186	5.7617662166115879
21.445186	5.7617662166115879
21.457217	6.1406597027116065
21.49319	4.8685829414976345
21.505115	4.8146152162492664
21.517215	4.7905694912492649
21.517215	4.7905694912492649
21.529115	4.8273404495017225
21.529115	4.8273404495017225
21.553182	7.1352422495634018
21.565114	7.3425272069301304
21.577301	5.0541193754305915
21.577301	5.0541193754305915
21.577301	5.0541193754305915
21.577301	5.0541193754305915
21.577301	5.0541193754305915
21.577301	5.0541193754305915
21.637224	5.7948519587831546
21.637224	5.7948519587831546
21.649122	7.2140103682628425
21.661122	8.805545798416949
21.661122	8.805545798416949
21.685121	4.7460429436114451
21.697249	5.1189983484114716
21.697249	5.1189983484114716
21.709193	5.1109627354962415
21.709193	5.1109627354962415
21.709193	5.1109627354962415
21.709193	5.1109627354962415
21.757219	7.2370797945281051
21.757219	7.2370797945281051
21.769122	6.7754684070724629
21.781122	5.8310322558515413
21.793186	4.273520996651671
21.793186	4.273520996651671
21.817216	4.1180142560157593
21.817216	4.1180142560157593
21.817216	4.1180142560157593
21.841192	5.7057102683609857
21.853189	4.4617287415108642
21.853189	4.4617287415108642
21.877249	9.6665022378290502
21.877249	9.6665022378290502
21.877249	9.6665022378290502
21.901122	5.0896328669012965
21.901122	5.0896328669012965
21.901122	5.0896328669012965
21.937239	6.3178408468756846
21.937239	6.3178408468756846
21.937239	6.3178408468756846
21.937239	6.3178408468756846
21.937239	6.3178408468756846
21.937239	6.3178408468756846
21.997216	4.6468500943901851
21.997216	4.6468500943901851
21.997216	4.6468500943901851
21.997216	4.6468500943901851
21.997216	4.6468500943901851
22.045122	5.2894601741575498
22.057242	7.1234470601575079
22.057242	7.1234470601575079
22.057242	7.1234470601575079
22.057242	7.1234470601575079
22.093185	4.8620413944648142
22.093185	4.8620413944648142
22.117226	3.8565006840916936
22.117226	3.8565006840916936
22.117226	3.8565006840916936
22.141219	5.2130512685454482
22.153204	6.6364078460453886
22.165122	6.7215779049458932
22.177229	5.0151265224458133
22.177229	5.0151265224458133
22.177229	5.0151265224458133
22.177229	5.0151265224458133
22.177229	5.0151265224458133
22.177229	5.0151265224458133
22.237287	5.6505105385063947
22.237287	5.6505105385063947
22.237287	5.6505105385063947
22.237287	5.6505105385063947
22.273208	4.9102134195719973
22.273208	4.9102134195719973
22.297216	6.3631416016435347
22.297216	6.3631416016435347
22.309195	6.2410539437316821
22.321122	5.7718154369150954
22.333194	6.243908501315099
22.345121	7.3771985046154276
22.35722	9.4259046310659365
22.35722	9.4259046310659365
22.35722	9.4259046310659365
22.35722	9.4259046310659365
22.35722	9.4259046310659365
22.35722	9.4259046310659365
22.417218	5.9897572720498928
22.417218	5.9897572720498928
22.417218	5.9897572720498928
22.417218	5.9897572720498928
22.453189	10.834944580447758
22.465148	11.255518202035711
22.477228	6.1574278140351897
22.477228	6.1574278140351897
22.477228	6.1574278140351897
22.477228	6.1574278140351897
22.477228	6.1574278140351897
22.477228	6.1574278140351897
22.537219	5.9161520454546741
22.537219	5.9161520454546741
22.537219	5.9161520454546741
22.561122	5.4127126537066239
22.561122	5.4127126537066239
22.561122	5.4127126537066239
22.597215	6.3411386482638745
22.597215	6.3411386482638745
22.597215	6.3411386482638745
22.621122	6.7086024417975851
22.633263	6.6340190646975854
22.645127	6.9995527360311574
22.657256	7.9622072080313053
22.657256	7.9622072080313053
22.669131	7.234745488259156
22.669131	7.234745488259156
22.693196	5.4923301617815099
22.705128	5.2709697136074372
22.717227	5.4995948374074937
22.717227	5.4995948374074937
22.717227	5.4995948374074937
22.717227	5.4995948374074937
22.753196	6.8162619116374339
22.765198	7.1428659381756674
22.777235	6.4070549614756871
22.777235	6.4070549614756871
22.777235	6.4070549614756871
22.777235	6.4070549614756871
22.777235	6.4070549614756871
22.777235	6.4070549614756871
22.837222	6.1960810660122378
22.837222	6.1960810660122378
22.837222	6.1960810660122378
22.837222	6.1960810660122378
22.873193	6.747730983547557
22.873193	6.747730983547557
22.897297	5.4967595139917966
22.897297	5.4967595139917966
22.897297	5.4967595139917966
22.897297	5.4967595139917966
22.897297	5.4967595139917966
22.945348	7.4343835425212497
22.957229	11.040490405322078
22.957229	11.040490405322078
22.957229	11.040490405322078
22.957229	11.040490405322078
22.957229	11.040490405322078
22.957229	11.040490405322078
22.957229	11.040490405322078
22.957229	11.040490405322078
22.957229	11.040490405322078
22.957229	11.040490405322078
22.957229	11.040490405322078
23.017221	5.7993331481440897
23.077235	7.892928462196215
23.077235	7.892928462196215
23.077235	7.892928462196215
23.077235	7.892928462196215
23.113206	4.7151266575067021
23.125128	4.7457469587935623
23.137227	4.5530806679435711
23.137227	4.5530806679435711
23.137227	4.5530806679435711
23.161198	7.6302041993835426
23.173216	4.1636151038831244
23.173216	4.1636151038831244
23.173216	4.1636151038831244
23.173216	4.1636151038831244
23.197305	5.5335699945779986
23.221128	4.1743571904282319
23.221128	4.1743571904282319
23.221128	4.1743571904282319
23.257227	4.818949101284244
23.257227	4.818949101284244
23.257227	4.818949101284244
23.257227	4.818949101284244
23.257227	4.818949101284244
23.257227	4.818949101284244
23.317275	4.9777199449725194
23.317275	4.9777199449725194
23.317275	4.9777199449725194
23.341127	6.5378279860921582
23.353197	6.3063772870921273
23.365128	5.971736757583761
23.377225	5.4900547824837238
23.377225	5.4900547824837238
23.389128	5.4144211140015628
23.389128	5.4144211140015628
23.413191	4.1604209338095899
23.413191	4.1604209338095899
23.437224	5.8988604008574796
23.437224	5.8988604008574796
23.437224	5.8988604008574796
23.46113	8.5743315744343143
23.473193	6.6511111993846388
23.485148	5.5459014021984077
23.497227	5.4990668915484076
23.497227	5.4990668915484076
23.497227	5.4990668915484076
23.497227	5.4990668915484076
23.533193	8.917698962041932
23.533193	8.917698962041932
23.533193	8.917698962041932
23.557313	7.7391644116659588
23.569128	7.0568677455938147
23.581127	6.6840553357231816
23.581127	6.6840553357231816
23.605128	3.6051474020352843
23.617264	4.6371958760351486
23.617264	4.6371958760351486
23.617264	4.6371958760351486
23.617271	4.6377911577851565
23.617271	4.6377911577851565
23.665134	8.2754258024941336
23.677262	8.1035568824941215
23.677262	8.1035568824941215
23.689206	7.9115686202930986
23.689206	7.9115686202930986
23.689206	7.9115686202930986
23.725138	7.922026249795473
23.725138	7.922026249795473
23.737228	7.7911169387954633
23.749157	7.1802235843235014
23.749157	7.1802235843235014
23.749157	7.1802235843235014
23.749157	7.1802235843235014
23.79723	5.8428822270063723
23.79723	5.8428822270063723
23.809135	5.7716179499947797
23.809135	5.7716179499947797
23.809135	5.7716179499947797
23.809135	5.7716179499947797
23.857274	4.9977944886245238
23.857274	4.9977944886245238
23.857274	4.9977944886245238
23.881155	4.8190642918024915
23.8932	6.3247236200525894
23.8932	6.3247236200525894
23.917234	5.3436236063552096
23.917234	5.3436236063552096
23.917234	5.3436236063552096
23.917234	5.3436236063552096
23.917234	5.3436236063552096
23.917234	5.3436236063552096
23.97723	8.42260299560931
23.97723	8.42260299560931
23.989138	6.1275974149604515
24.001135	2.7111734363122237
24.013217	4.483261519812185
24.025135	5.2262478179792948
24.037228	4.6330474703792754
24.037228	4.6330474703792754
24.037228	4.6330474703792754
24.061135	4.5325269794793961
24.061135	4.5325269794793961
24.061135	4.5325269794793961
24.097233	4.9060373243817397
24.097233	4.9060373243817397
24.109153	5.1803533273531164
24.109153	5.1803533273531164
24.133201	6.1482955282286174
24.133201	6.1482955282286174
24.157233	7.4953485668220745
24.157233	7.4953485668220745
24.157233	7.4953485668220745
24.157233	7.4953485668220745
24.193199	5.6253611366299765
24.193199	5.6253611366299765
24.217304	5.4856032172044147
24.217304	5.4856032172044147
24.217304	5.4856032172044147
24.217304	5.4856032172044147
24.253206	4.9836950711811774
24.253206	4.9836950711811774
24.277288	5.8901232868298106
24.277288	5.8901232868298106
24.289138	6.2060259046059647
24.289138	6.2060259046059647
24.289138	6.2060259046059647
24.289138	6.2060259046059647
24.337228	6.04446832606921
24.337228	6.04446832606921
24.349205	6.0826167859808518
24.349205	6.0826167859808518
24.349205	6.0826167859808518
24.349205	6.0826167859808518
24.397229	5.8660507808751969
24.397229	5.8660507808751969
24.409154	6.2481157266255858
24.409154	6.2481157266255858
24.433206	6.6453959099920308
24.445135	7.1133624825500403
24.457235	8.5124794325500961
24.457235	8.5124794325500961
24.457235	8.5124794325500961
24.457235	8.5124794325500961
24.493199	7.156627726137458
24.493199	7.156627726137458
24.493199	7.156627726137458
24.493199	7.156627726137458
24.493199	7.156627726137458
24.493199	7.156627726137458
24.493199	7.156627726137458
24.517327	4.8167936609961384
24.57723	3.5760278973992197
24.57723	3.5760278973992197
24.57723	3.5760278973992197
24.57723	3.5760278973992197
24.57723	3.5760278973992197
24.57723	3.5760278973992197
24.637253	5.2641573145211638
24.637253	5.2641573145211638
24.649204	6.4781735462663299
24.649204	6.4781735462663299
24.673206	6.6333411736509253
24.685141	5.7833492925924892
24.697233	5.5764382437925004
24.697233	5.5764382437925004
24.697233	5.5764382437925004
24.72114	6.3022032500377385
24.733207	7.3455462375379188
24.733207	7.3455462375379188
24.757239	9.2705160367839348
24.757239	9.2705160367839348
24.757239	9.2705160367839348
24.757239	9.2705160367839348
24.757239	9.2705160367839348
24.757239	9.2705160367839348
24.757239	9.2705160367839348
24.757239	9.2705160367839348
24.817235	4.8523519169911937
24.841141	4.1857983907320842
24.841141	4.1857983907320842
24.841141	4.1857983907320842
24.877323	5.6711430487937999
24.877323	5.6711430487937999
24.877323	5.6711430487937999
24.877323	5.6711430487937999
24.877323	5.6711430487937999
24.925142	3.9365504885423981
24.937246	5.0936535505421574
24.937246	5.0936535505421574
24.937246	5.0936535505421574
24.937246	5.0936535505421574
24.937246	5.0936535505421574
24.937246	5.0936535505421574
24.997236	7.2673416886361935
24.997236	7.2673416886361935
25.009227	6.9453448449737163
25.02114	6.3267965200077487
25.02114	6.3267965200077487
25.02114	6.3267965200077487
25.057236	5.9715153223823245
25.057236	5.9715153223823245
25.057236	5.9715153223823245
25.057236	5.9715153223823245
25.093204	6.5215431451867261
25.093204	6.5215431451867261
25.117233	4.4257525570510587
25.117233	4.4257525570510587
25.117233	4.4257525570510587
25.117233	4.4257525570510587
25.117233	4.4257525570510587
25.117233	4.4257525570510587
25.177281	4.3845535396406135
25.177281	4.3845535396406135
25.177281	4.3845535396406135
25.177281	4.3845535396406135
25.177281	4.3845535396406135
25.177281	4.3845535396406135
25.237236	7.7712567588318793
25.237236	7.7712567588318793
25.237236	7.7712567588318793
25.261141	7.3374242626022568
25.261141	7.3374242626022568
25.261141	7.3374242626022568
25.297237	5.9477627364710219
25.297237	5.9477627364710219
25.309144	5.9280471743775189
25.321168	5.5420841328601362
25.333207	7.1471789922603657
25.333207	7.1471789922603657
25.35724	4.0830533678957819
25.35724	4.0830533678957819
25.369141	4.2520104683896927
25.369141	4.2520104683896927
25.369141	4.2520104683896927
25.405213	8.0006371619967744
25.41724	7.9149327599967751
25.41724	7.9149327599967751
25.41724	7.9149327599967751
25.41724	7.9149327599967751
25.41724	7.9149327599967751
25.41724	7.9149327599967751
25.41724	7.9149327599967751
25.41724	7.9149327599967751
25.41724	7.9149327599967751
25.41724	7.9149327599967751
25.41724	7.9149327599967751
25.477234	5.584153757202361
25.537303	6.3393746552929056
25.537303	6.3393746552929056
25.537303	6.3393746552929056
25.537303	6.3393746552929056
25.573217	6.1401775155825673
25.585141	5.2189397721072792
25.597233	5.4116632773072695
25.597233	5.4116632773072695
25.597233	5.4116632773072695
25.597233	5.4116632773072695
25.597233	5.4116632773072695
25.597233	5.4116632773072695
25.657249	5.3044662388237507
25.657249	5.3044662388237507
25.657249	5.3044662388237507
25.657249	5.3044662388237507
25.657249	5.3044662388237507
25.657249	5.3044662388237507
25.657249	5.3044662388237507
25.657249	5.3044662388237507
25.657249	5.3044662388237507
25.657249	5.3044662388237507
25.657249	5.3044662388237507
25.657249	5.3044662388237507
25.777271	5.4127951398889707
25.777271	5.4127951398889707
25.777271	5.4127951398889707
25.777271	5.4127951398889707
25.777271	5.4127951398889707
25.777271	5.4127951398889707
25.837247	5.6029415665539615
25.837247	5.6029415665539615
25.837247	5.6029415665539615
25.861149	3.9173456686018273
25.873214	3.9648986596018272
25.88517	4.3937652735359061
25.897242	5.3327200011359146
25.897242	5.3327200011359146
25.897242	5.3327200011359146
25.897242	5.3327200011359146
25.897242	5.3327200011359146
25.945149	5.839540641217285
25.957254	6.2895900152172306
25.957254	6.2895900152172306
25.957254	6.2895900152172306
25.957254	6.2895900152172306
25.957254	6.2895900152172306
25.957254	6.2895900152172306
26.017261	7.7812223600175283
26.017261	7.7812223600175283
26.017261	7.7812223600175283
26.017261	7.7812223600175283
26.017261	7.7812223600175283
26.065225	6.5624879124267679
26.077246	4.6832269509271693
26.077246	4.6832269509271693
26.077246	4.6832269509271693
26.077246	4.6832269509271693
26.113229	5.1131656547785544
26.125149	5.1375379880646515
26.137263	4.2234991346646025
26.137263	4.2234991346646025
26.137263	4.2234991346646025
26.137263	4.2234991346646025
26.17322	6.8751173909588763
26.17322	6.8751173909588763
26.197317	6.3478845244018069
26.197317	6.3478845244018069
26.197317	6.3478845244018069
26.197317	6.3478845244018069
26.197317	6.3478845244018069
26.245149	5.6498294904827189
26.257247	6.4884271613826101
26.257247	6.4884271613826101
26.269148	7.7874365720572278
26.281169	8.8431061301459284
26.281169	8.8431061301459284
26.305148	5.1189080654408805
26.317285	6.1723517242908317
26.317285	6.1723517242908317
26.317285	6.1723517242908317
26.317285	6.1723517242908317
26.317285	6.1723517242908317
26.317285	6.1723517242908317
26.377252	5.924913680824317
26.377252	5.924913680824317
26.377252	5.924913680824317
26.377252	5.924913680824317
26.377252	5.924913680824317
26.425149	5.3817317540569025
26.437244	5.5572719318068859
26.437244	5.5572719318068859
26.437244	5.5572719318068859
26.437244	5.5572719318068859
26.437244	5.5572719318068859
26.437244	5.5572719318068859
26.497247	5.39868134867866
26.497247	5.39868134867866
26.497247	5.39868134867866
26.497247	5.39868134867866
26.497247	5.39868134867866
26.545149	8.2786038686631773
26.557247	8.6138255359632332
26.557247	8.6138255359632332
26.557247	8.6138255359632332
26.557247	8.6138255359632332
26.593295	4.7109773570852003
26.605148	5.9025407377999679
26.617244	5.9017224433999678
26.617244	5.9017224433999678
26.617244	5.9017224433999678
26.617244	5.9017224433999678
26.617244	5.9017224433999678
26.665155	6.754513589942702
26.677254	5.304787211942342
26.677254	5.304787211942342
26.689156	4.9582813161990824
26.689156	4.9582813161990824
26.689156	4.9582813161990824
26.689156	4.9582813161990824
26.737253	4.8146517404367195
26.737253	4.8146517404367195
26.737253	4.8146517404367195
26.737253	4.8146517404367195
26.77323	6.2672834044186967
26.785156	5.0361612561913134
26.797252	4.8185112753913142
26.797252	4.8185112753913142
26.797252	4.8185112753913142
26.797252	4.8185112753913142
26.833234	6.9233021729451583
26.833234	6.9233021729451583
26.857377	6.5496412045220529
26.857377	6.5496412045220529
26.857377	6.5496412045220529
26.857377	6.5496412045220529
26.857377	6.5496412045220529
26.857377	6.5496412045220529
26.917254	6.391585656951368
26.917254	6.391585656951368
26.929156	6.7146331074016956
26.929156	6.7146331074016956
26.929156	6.7146331074016956
26.965155	6.5217548969763453
26.977253	5.932066922176249
26.977253	5.932066922176249
26.977253	5.932066922176249
26.977253	5.932066922176249
26.977253	5.932066922176249
26.977253	5.932066922176249
27.037256	3.7593612655389803
27.037256	3.7593612655389803
27.037256	3.7593612655389803
27.037256	3.7593612655389803
27.037256	3.7593612655389803
27.037256	3.7593612655389803
27.097252	5.0678165444868704
27.097252	5.0678165444868704
27.097252	5.0678165444868704
27.097252	5.0678165444868704
27.097252	5.0678165444868704
27.097252	5.0678165444868704
27.157261	6.1482167121909974
27.157261	6.1482167121909974
27.157261	6.1482167121909974
27.181156	4.5781443292229627
27.193219	5.1411329833228683
27.193219	5.1411329833228683
27.217275	4.9785893887363537
27.217275	4.9785893887363537
27.217275	4.9785893887363537
27.217275	4.9785893887363537
27.217275	4.9785893887363537
27.217275	4.9785893887363537
27.277252	4.9221048661018418
27.277252	4.9221048661018418
27.277252	4.9221048661018418
27.277252	4.9221048661018418
27.277252	4.9221048661018418
27.325155	5.0559379152502641
27.337252	5.0624285606002646
27.337252	5.0624285606002646
27.337252	5.0624285606002646
27.337252	5.0624285606002646
27.373227	8.8447777797061793
27.373227	8.8447777797061793
27.397253	8.3420214559331693
27.397253	8.3420214559331693
27.397253	8.3420214559331693
27.397253	8.3420214559331693
27.433226	8.1522444407903603
27.445155	8.235697189270665
27.457265	8.7402887977706687
27.457265	8.7402887977706687
27.457265	8.7402887977706687
27.457265	8.7402887977706687
27.493237	4.437312804757827
27.493237	4.437312804757827
27.517327	4.684999596804075
27.517327	4.684999596804075
27.517327	4.684999596804075
27.517327	4.684999596804075
27.517327	4.684999596804075
27.517327	4.684999596804075
27.577257	6.0656458578445456
27.577257	6.0656458578445456
27.589156	5.4196138795814441
27.589156	5.4196138795814441
27.61322	4.8154846469924495
27.61322	4.8154846469924495
27.637256	5.460565921221713
27.637256	5.460565921221713
27.637256	5.460565921221713
27.637263	5.4608692938717169
27.67323	6.2720253819253493
27.67323	6.2720253819253493
27.67323	6.2720253819253493
27.67323	6.2720253819253493
27.67323	6.2720253819253493
27.67323	6.2720253819253493
27.67323	6.2720253819253493
27.67323	6.2720253819253493
27.757297	7.6441916976045414
27.757297	7.6441916976045414
27.757297	7.6441916976045414
27.757297	7.6441916976045414
27.793228	5.9664345674006736
27.793228	5.9664345674006736
27.817262	6.6348401734192368
27.817262	6.6348401734192368
27.829163	6.6958820054975972
27.841163	6.5028819749383944
27.841163	6.5028819749383944
27.865163	4.7817370950557452
27.877262	6.1194630300560773
27.877262	6.1194630300560773
27.889182	6.3323211749950348
27.889182	6.3323211749950348
27.889182	6.3323211749950348
27.889182	6.3323211749950348
27.937257	5.0725109347382986
27.937257	5.0725109347382986
27.937257	5.0725109347382986
27.961163	8.1247273073285342
27.961163	8.1247273073285342
27.961163	8.1247273073285342
27.997255	8.3668032259759162
27.997255	8.3668032259759162
27.997255	8.3668032259759162
27.997255	8.3668032259759162
28.033233	5.4321543443842168
28.045236	4.8056629351596047
28.057265	3.8494560729594376
28.057265	3.8494560729594376
28.069173	4.5821880919526992
28.069173	4.5821880919526992
28.069173	4.5821880919526992
28.105163	5.7347208289573484
28.117257	5.9085315640573173
28.117257	5.9085315640573173
28.117257	5.9085315640573173
28.141163	5.1279053431409967
28.141163	5.1279053431409967
28.165162	7.6919830586211377
28.177381	5.8034920092708262
28.177381	5.8034920092708262
28.189163	4.5308369571514389
28.201162	3.6608947813690054
28.201162	3.6608947813690054
28.225163	5.5663166390374572
28.237257	4.0869265548372837
28.237257	4.0869265548372837
28.237257	4.0869265548372837
28.237257	4.0869265548372837
28.273228	6.4138061478158495
28.285183	6.2792881070659234
28.285183	6.2792881070659234
28.285183	6.2792881070659234
28.285183	6.2792881070659234
28.285183	6.2792881070659234
28.285183	6.2792881070659234
28.297259	5.4788147482658784
28.357266	7.7339606131515604
28.357266	7.7339606131515604
28.357266	7.7339606131515604
28.357266	7.7339606131515604
28.393224	4.4583148743783081
28.405163	4.4279208891755237
28.417276	5.0243292758255063
28.417276	5.0243292758255063
28.429163	4.1046753038906285
28.429163	4.1046753038906285
28.429163	4.1046753038906285
28.429163	4.1046753038906285
28.477271	5.56363381613569
28.477271	5.56363381613569
28.477271	5.56363381613569
28.501163	5.3204387306300083
28.513236	6.0212305032300746
28.525173	6.1634996468249295
28.537258	5.5786273400747932
28.537258	5.5786273400747932
28.537258	5.5786273400747932
28.537258	5.5786273400747932
28.537258	5.5786273400747932
28.537258	5.5786273400747932
28.537258	5.5786273400747932
28.597258	5.1389377755989472
28.609244	6.2677987298639808
28.621163	7.5526915737843074
28.621163	7.5526915737843074
28.621163	7.5526915737843074
28.657261	9.3906509475225288
28.657261	9.3906509475225288
28.657261	9.3906509475225288
28.657261	9.3906509475225288
28.657261	9.3906509475225288
28.657261	9.3906509475225288
28.717285	5.1283344472633781
28.717285	5.1283344472633781
28.717285	5.1283344472633781
28.717285	5.1283344472633781
28.753242	6.6118468269330055
28.765169	6.6216640479578217
28.777269	5.6487272479577832
28.777269	5.6487272479577832
28.777269	5.6487272479577832
28.777269	5.6487272479577832
28.777269	5.6487272479577832
28.825168	5.9616654736022818
28.837343	6.0143856586022792
28.837343	6.0143856586022792
28.837343	6.0143856586022792
28.837343	6.0143856586022792
28.837343	6.0143856586022792
28.837343	6.0143856586022792
28.837343	6.0143856586022792
28.897262	5.3195008794432628
28.909291	5.2403513197827962
28.921169	4.8903349997997969
28.921169	4.8903349997997969
28.921169	4.8903349997997969
28.957317	6.1150446725375778
28.957317	6.1150446725375778
28.957317	6.1150446725375778
28.957317	6.1150446725375778
28.957317	6.1150446725375778
28.957317	6.1150446725375778
29.017299	6.1426721389593055
29.017299	6.1426721389593055
29.029169	6.1580239434981525
29.029169	6.1580239434981525
29.029169	6.1580239434981525
29.029169	6.1580239434981525
29.077297	7.2598748697519433
29.077297	7.2598748697519433
29.077297	7.2598748697519433
29.101245	6.5032986497887357
29.101245	6.5032986497887357
29.101245	6.5032986497887357
29.137266	5.7216573189336213
29.137266	5.7216573189336213
29.149168	6.7125337440772785
29.149168	6.7125337440772785
29.173241	5.8436212507515233
29.185168	4.1733699703562142
29.197264	3.1819098391562211
29.197264	3.1819098391562211
29.209189	4.1549570248193612
29.209189	4.1549570248193612
29.209189	4.1549570248193612
29.209189	4.1549570248193612
29.257265	7.0943936230655957
29.257265	7.0943936230655957
29.257265	7.0943936230655957
29.257265	7.0943936230655957
29.257265	7.0943936230655957
29.305179	6.6158849319473312
29.317283	3.1607969215470337
29.317283	3.1607969215470337
29.317283	3.1607969215470337
29.317283	3.1607969215470337
29.317283	3.1607969215470337
29.317283	3.1607969215470337
29.317283	3.1607969215470337
29.377268	6.0860885152644553
29.389353	6.6523757185637411
29.389353	6.6523757185637411
29.413234	6.6694720776896421
29.413234	6.6694720776896421
29.437297	4.3595918113820069
29.437297	4.3595918113820069
29.449169	6.2606877559820688
29.449169	6.2606877559820688
29.449169	6.2606877559820688
29.449169	6.2606877559820688
29.449169	6.2606877559820688
29.449169	6.2606877559820688
29.449169	6.2606877559820688
29.449169	6.2606877559820688
29.49736	8.5136039800931371
29.545169	5.1449876991070536
29.557272	4.1865553651570533
29.557272	4.1865553651570533
29.557272	4.1865553651570533
29.557272	4.1865553651570533
29.557272	4.1865553651570533
29.605169	4.8045320832983656
29.617262	4.7680801533983637
29.617262	4.7680801533983637
29.617262	4.7680801533983637
29.641169	6.0765546725342645
29.641169	6.0765546725342645
29.641169	6.0765546725342645
29.677275	6.0345878975158582
29.677281	6.0347623469158309
29.677281	6.0347623469158309
29.701175	6.0815051062571133
29.701175	6.0815051062571133
29.725175	6.4109606737587486
29.737274	6.6051962049087392
29.737274	6.6051962049087392
29.737274	6.6051962049087392
29.737274	6.6051962049087392
29.773249	6.3612766898878341
29.773249	6.3612766898878341
29.773249	6.3612766898878341
29.773249	6.3612766898878341
29.773249	6.3612766898878341
29.773249	6.3612766898878341
29.773249	6.3612766898878341
29.797332	6.2246715031613817
29.857275	6.6390084462760965
29.857275	6.6390084462760965
29.869175	7.3468649762844382
29.869175	7.3468649762844382
29.869175	7.3468649762844382
29.869175	7.3468649762844382
29.91727	4.3480232463687889
29.91727	4.3480232463687889
29.91727	4.3480232463687889
29.941174	4.4612233586442667
29.953245	7.6298336988940276
29.965175	8.3541905611388376
29.977281	5.9006717782382108
29.977281	5.9006717782382108
29.977281	5.9006717782382108
29.977281	5.9006717782382108
29.977281	5.9006717782382108
30.025262	6.8343282905330094
30.037268	3.2065935296330776
30.037268	3.2065935296330776
30.037268	3.2065935296330776
30.037268	3.2065935296330776
30.037268	3.2065935296330776
30.085175	4.6784173675801695
30.097268	6.434588222880226
30.097268	6.434588222880226
30.097268	6.434588222880226
30.097268	6.434588222880226
30.097268	6.434588222880226
30.097268	6.434588222880226
30.157358	3.7404704195925991
30.157358	3.7404704195925991
30.157358	3.7404704195925991
30.181175	6.2717065362602167
30.181175	6.2717065362602167
30.205176	6.705834576809365
30.217289	6.9096273227093583
30.217289	6.9096273227093583
30.217289	6.9096273227093583
30.217289	6.9096273227093583
30.217289	6.9096273227093583
30.217289	6.9096273227093583
30.27729	3.2358879374229796
30.27729	3.2358879374229796
30.27729	3.2358879374229796
30.27729	3.2358879374229796
30.27729	3.2358879374229796
30.27729	3.2358879374229796
30.337271	5.0128405376469569
30.337271	5.0128405376469569
30.337271	5.0128405376469569
30.337271	5.0128405376469569
30.373247	4.3588885174095084
30.373247	4.3588885174095084
30.373247	4.3588885174095084
30.373247	4.3588885174095084
30.397276	4.8552727752123745
30.421261	5.0902165285391954
30.421261	5.0902165285391954
30.445175	4.6703569624936403
30.445175	4.6703569624936403
30.445175	4.6703569624936403
30.445175	4.6703569624936403
30.445175	4.6703569624936403
30.445175	4.6703569624936403
30.445175	4.6703569624936403
30.445175	4.6703569624936403
30.445175	4.6703569624936403
30.445175	4.6703569624936403
30.457358	4.531781428993634
30.517278	6.2056189581883725
30.565175	7.8265023061013963
30.577273	4.6315626576008748
30.577273	4.6315626576008748
30.577273	4.6315626576008748
30.577273	4.6315626576008748
30.613241	5.4991740990970621
30.625176	5.5882274104135456
30.63727	5.8788208330135792
30.63727	5.8788208330135792
30.63727	5.8788208330135792
30.63727	5.8788208330135792
30.63727	5.8788208330135792
30.685255	4.8371463465393658
30.697282	5.6724732126393684
30.697282	5.6724732126393684
30.697282	5.6724732126393684
30.697282	5.6724732126393684
30.697282	5.6724732126393684
30.697282	5.6724732126393684
30.757289	7.282205872908798
30.757289	7.282205872908798
30.757289	7.282205872908798
30.757289	7.282205872908798
30.757289	7.282205872908798
30.805183	5.195108021709105
30.817382	4.315831549459161
30.817382	4.315831549459161
30.817382	4.315831549459161
30.817382	4.315831549459161
30.853254	4.9015922342904794
30.853254	4.9015922342904794
30.877285	4.5705533114536916
30.877285	4.5705533114536916
30.889184	5.4854091360704498
30.901183	6.7650678409722804
30.901183	6.7650678409722804
30.901183	6.7650678409722804
30.937278	4.5303522126565063
30.937278	4.5303522126565063
30.937278	4.5303522126565063
30.961183	7.7783357880837896
30.961183	7.7783357880837896
30.961183	7.7783357880837896
30.9973	3.6363326000445602
30.9973	3.6363326000445602
31.009183	4.4844506067897303
31.021183	5.2902580707766038
31.021183	5.2902580707766038
31.021183	5.2902580707766038
31.057278	9.486004006110246
31.057278	9.486004006110246
31.057278	9.486004006110246
31.057278	9.486004006110246
31.093246	3.7637422633200779
31.093246	3.7637422633200779
31.117383	4.8320655538775181
31.117383	4.8320655538775181
31.117383	4.8320655538775181
31.117383	4.8320655538775181
31.117383	4.8320655538775181
31.117383	4.8320655538775181
31.177303	5.7450063421902575
31.177303	5.7450063421902575
31.177303	5.7450063421902575
31.177303	5.7450063421902575
31.177303	5.7450063421902575
31.225183	7.3615574904066703
31.237285	3.3139007868070109
31.237285	3.3139007868070109
31.249187	4.9240511189080109
31.249187	4.9240511189080109
31.273248	5.9909510719174301
31.273248	5.9909510719174301
31.297297	5.7341527960737553
31.297297	5.7341527960737553
31.297297	5.7341527960737553
31.297297	5.7341527960737553
31.33325	7.0380901000677474
31.345262	6.9498347298029888
31.357302	4.9397741878031241
31.357302	4.9397741878031241
31.357302	4.9397741878031241
31.357302	4.9397741878031241
31.357302	4.9397741878031241
31.357302	4.9397741878031241
31.41728	6.0131827117868797
31.41728	6.0131827117868797
31.41728	6.0131827117868797
31.441184	4.2281970223934362
31.441184	4.2281970223934362
31.441184	4.2281970223934362
31.477348	4.5706101500185969
31.477348	4.5706101500185969
31.489183	5.2027629519847478
31.489183	5.2027629519847478
31.489183	5.2027629519847478
31.525184	7.7042388943021729
31.537278	5.6735244697019356
31.537278	5.6735244697019356
31.537278	5.6735244697019356
31.537278	5.6735244697019356
31.573255	5.8117472312477574
31.573255	5.8117472312477574
31.597279	7.5996301811614142
31.597279	7.5996301811614142
31.597279	7.5996301811614142
31.597279	7.5996301811614142
31.597279	7.5996301811614142
31.597279	7.5996301811614142
31.657286	7.2700901398552018
31.657286	7.2700901398552018
31.669183	7.3070518421860067
31.66919	7.3068848459860041
31.66919	7.3068848459860041
31.66919	7.3068848459860041
31.717285	4.4053742070064352
31.717285	4.4053742070064352
31.717285	4.4053742070064352
31.717285	4.4053742070064352
31.717285	4.4053742070064352
31.717285	4.4053742070064352
31.777298	5.6154286672707281
31.777298	5.6154286672707281
31.777298	5.6154286672707281
31.777298	5.6154286672707281
31.813253	5.3530344827217506
31.825215	5.6433816135046504
31.837286	5.7386085254046435
31.837286	5.7386085254046435
31.837286	5.7386085254046435
31.837286	5.7386085254046435
31.837286	5.7386085254046435
31.837286	5.7386085254046435
31.897284	5.4878220053131574
31.897284	5.4878220053131574
31.897284	5.4878220053131574
31.92119	7.5491945018891133
31.92119	7.5491945018891133
31.92119	7.5491945018891133
31.957405	6.7153273138419731
31.957405	6.7153273138419731
31.957405	6.7153273138419731
31.957405	6.7153273138419731
31.993253	4.5137921044315972
31.993253	4.5137921044315972
32.017328	4.0791341391728198
32.017328	4.0791341391728198
32.017328	4.0791341391728198
32.017328	4.0791341391728198
32.017328	4.0791341391728198
32.065191	5.222473610590268
32.077291	3.987694625590076
32.077291	3.987694625590076
32.077291	3.987694625590076
32.077291	3.987694625590076
32.077291	3.987694625590076
32.077291	3.987694625590076
32.137353	3.8294300785343234
32.137353	3.8294300785343234
32.149201	5.0679915588957751
32.16119	6.8678271699951852
32.16119	6.8678271699951852
32.16119	6.8678271699951852
32.197284	4.8521210039388398
32.197284	4.8521210039388398
32.197284	4.8521210039388398
32.197284	4.8521210039388398
32.233268	6.5645088022204376
32.233268	6.5645088022204376
32.257286	7.4428507348204329
32.257286	7.4428507348204329
32.257286	7.4428507348204329
32.257286	7.4428507348204329
32.293255	4.9144680045217717
32.293255	4.9144680045217717
32.317307	7.1717350771129293
32.317307	7.1717350771129293
32.317307	7.1717350771129293
32.317307	7.1717350771129293
32.317307	7.1717350771129293
32.317307	7.1717350771129293
32.377288	8.2594711879261951
32.377288	8.2594711879261951
32.377288	8.2594711879261951
32.377288	8.2594711879261951
32.41326	5.0473164440190068
32.41326	5.0473164440190068
32.437289	5.5239150392072238
32.437289	5.5239150392072238
32.437289	5.5239150392072238
32.437289	5.5239150392072238
32.437289	5.5239150392072238
32.437289	5.5239150392072238
32.497285	5.4197494709084015
32.497285	5.4197494709084015
32.497285	5.4197494709084015
32.497285	5.4197494709084015
32.497285	5.4197494709084015
32.54519	6.5906364850904877
32.557287	8.7382350405909062
32.557287	8.7382350405909062
32.557287	8.7382350405909062
32.557287	8.7382350405909062
32.557287	8.7382350405909062
32.557287	8.7382350405909062
32.617294	5.6733448042146755
32.617294	5.6733448042146755
32.617294	5.6733448042146755
32.617294	5.6733448042146755
32.653257	5.3866623186881659
32.653257	5.3866623186881659
32.677325	6.5265502800370889
32.677325	6.5265502800370889
32.677333	6.5271505872366395
32.677333	6.5271505872366395
32.713273	5.9026335959903058
32.725209	6.390057605993495
32.737296	6.2272940639935062
32.737296	6.2272940639935062
32.737296	6.2272940639935062
32.737296	6.2272940639935062
32.77327	5.7523770409650687
32.77327	5.7523770409650687
32.77327	5.7523770409650687
32.77327	5.7523770409650687
32.77327	5.7523770409650687
32.77327	5.7523770409650687
32.797381	5.1366080330967767
32.845198	4.7267779434871322
32.857297	6.9785022651866306
32.857297	6.9785022651866306
32.869198	7.693240830910546
32.869198	7.693240830910546
32.869198	7.693240830910546
32.869198	7.693240830910546
32.917295	7.9742592934869121
32.917295	7.9742592934869121
32.917295	7.9742592934869121
32.917295	7.9742592934869121
32.917295	7.9742592934869121
32.917295	7.9742592934869121
32.977311	5.3458458928725259
32.977311	5.3458458928725259
32.989198	5.5093260737013114
33.001198	5.4952130362830003
33.013277	5.031280992433075
33.025199	4.9233065614626357
33.037297	5.2729212193626305
33.037297	5.2729212193626305
33.037297	5.2729212193626305
33.037297	5.2729212193626305
33.037297	5.2729212193626305
33.037297	5.2729212193626305
33.097391	6.3909513252853891
33.097391	6.3909513252853891
33.097391	6.3909513252853891
33.121198	6.3292650068913332
33.121198	6.3292650068913332
33.121198	6.3292650068913332
33.121198	6.3292650068913332
33.121198	6.3292650068913332
33.121198	6.3292650068913332
33.121198	6.3292650068913332
33.121198	6.3292650068913332
33.15731	7.4764292350370818
33.217294	6.0352936222252875
33.217294	6.0352936222252875
33.229259	5.4225652662159929
33.241198	4.7258253554694756
33.241198	4.7258253554694756
33.241198	4.7258253554694756
33.277303	4.4201487049673105
33.277303	4.4201487049673105
33.277303	4.4201487049673105
33.277303	4.4201487049673105
33.31327	5.8120667909949528
33.325275	5.8871318562618384
33.337296	6.2544545480119123
33.337296	6.2544545480119123
33.337296	6.2544545480119123
33.337296	6.2544545480119123
33.373277	7.1631457629168178
33.385198	7.5326108654409989
33.397292	5.6691340869416589
33.397292	5.6691340869416589
33.397292	5.6691340869416589
33.397292	5.6691340869416589
33.397292	5.6691340869416589
33.397292	5.6691340869416589
33.397292	5.6691340869416589
33.397292	5.6691340869416589
33.457363	3.8756251203701164
33.481198	5.7436510454846301
33.481198	5.7436510454846301
33.481198	5.7436510454846301
33.517291	5.1220071042035649
33.517291	5.1220071042035649
33.529198	4.7252194520834774
33.541197	4.5068010538322447
33.541197	4.5068010538322447
33.541197	4.5068010538322447
33.577294	8.0186418617822373
33.577294	8.0186418617822373
33.577294	8.0186418617822373
33.601197	4.3176044101722981
33.601197	4.3176044101722981
33.601197	4.3176044101722981
33.637309	6.8189155062755153
33.637309	6.8189155062755153
33.637309	6.8189155062755153
33.637309	6.8189155062755153
33.637309	6.8189155062755153
33.637309	6.8189155062755153
33.697314	6.0022618683183353
33.697314	6.0022618683183353
33.697314	6.0022618683183353
33.697314	6.0022618683183353
33.697314	6.0022618683183353
33.745209	6.0235641189339866
33.757329	7.2843119709333646
33.757329	7.2843119709333646
33.769212	6.1203535591493825
33.781209	4.497916293217223
33.793271	5.1566800108171336
33.793271	5.1566800108171336
33.817303	5.0628166731415929
33.817303	5.0628166731415929
33.817303	5.0628166731415929
33.817303	5.0628166731415929
33.817303	5.0628166731415929
33.865209	7.3855129963362982
33.877325	6.8419304737364328
33.877325	6.8419304737364328
33.877325	6.8419304737364328
33.877325	6.8419304737364328
33.91328	7.308224568011485
33.925209	7.0539851077206155
33.93732	5.860927469971065
33.93732	5.860927469971065
33.93732	5.860927469971065
33.93732	5.860927469971065
33.973282	5.2592158328314653
33.98528	4.0595463440225164
33.997308	4.9948562534218812
33.997308	4.9948562534218812
33.997308	4.9948562534218812
33.997308	4.9948562534218812
33.997308	4.9948562534218812
33.997308	4.9948562534218812
33.997308	4.9948562534218812
33.997308	4.9948562534218812
33.997308	4.9948562534218812
33.997308	4.9948562534218812
34.057306	6.1617111997252634
34.105209	4.5612595293346487
34.117372	6.1228391244345381
34.117372	6.1228391244345381
34.117372	6.1228391244345381
34.117372	6.1228391244345381
34.117372	6.1228391244345381
34.165209	7.4846974036046099
34.177312	5.3359894831543588
34.177312	5.3359894831543588
34.177312	5.3359894831543588
34.177312	5.3359894831543588
34.177312	5.3359894831543588
34.177312	5.3359894831543588
34.237305	6.5689401671006031
34.237305	6.5689401671006031
34.237305	6.5689401671006031
34.261208	6.9202547271807981
34.261208	6.9202547271807981
34.261208	6.9202547271807981
34.29731	7.9337879185344375
34.29731	7.9337879185344375
34.309209	7.579630944130856
34.309209	7.579630944130856
34.333273	6.4644417568456687
34.333273	6.4644417568456687
34.357303	7.5173498407156805
34.357303	7.5173498407156805
34.357303	7.5173498407156805
34.357303	7.5173498407156805
34.357303	7.5173498407156805
34.405209	5.0390594453358002
34.417327	4.2574017910358606
34.417327	4.2574017910358606
34.417327	4.2574017910358606
34.441209	5.6236920413374234
34.453278	7.7159219846365374
34.453278	7.7159219846365374
34.477313	4.7791209280997871
34.477313	4.7791209280997871
34.489209	5.0856944578215284
34.489209	5.0856944578215284
34.513355	6.9079231847607954
34.525208	7.2307182975986874
34.537317	7.1517942573986844
34.537317	7.1517942573986844
34.537317	7.1517942573986844
34.537317	7.1517942573986844
34.537317	7.1517942573986844
34.537317	7.1517942573986844
34.597337	5.7107136368007065
34.597337	5.7107136368007065
34.597337	5.7107136368007065
34.597337	5.7107136368007065
34.597337	5.7107136368007065
34.64528	5.6915108239983772
34.657309	5.5848532896984091
34.657309	5.5848532896984091
34.657309	5.5848532896984091
34.681213	7.3022706111016102
34.693283	7.411802240101605
34.705216	7.1023020751876391
34.717318	6.2427841495878642
34.717318	6.2427841495878642
34.717318	6.2427841495878642
34.717318	6.2427841495878642
34.717318	6.2427841495878642
34.717318	6.2427841495878642
34.777391	4.5161729211159614
34.777391	4.5161729211159614
34.777391	4.5161729211159614
34.801216	6.1295982991913114
34.813285	5.4555138732412001
34.825215	5.2231529187542476
34.83731	5.5540872375042563
34.83731	5.5540872375042563
34.83731	5.5540872375042563
34.83731	5.5540872375042563
34.83731	5.5540872375042563
34.885215	4.7194810464872354
34.897333	3.6753347882873157
34.897333	3.6753347882873157
34.909286	4.4301600810152344
34.909286	4.4301600810152344
34.909286	4.4301600810152344
34.909286	4.4301600810152344
34.957313	5.5621855727938128
34.957313	5.5621855727938128
34.957313	5.5621855727938128
34.957313	5.5621855727938128
34.957313	5.5621855727938128
34.957313	5.5621855727938128
35.017312	5.3246707583931867
35.017312	5.3246707583931867
35.017312	5.3246707583931867
35.017312	5.3246707583931867
35.017312	5.3246707583931867
35.017312	5.3246707583931867
35.017312	5.3246707583931867
35.017312	5.3246707583931867
35.017312	5.3246707583931867
35.077319	6.5386446619858489
35.113287	5.4258946754528106
35.125216	5.6120444032003052
35.137309	5.6455746643003009
35.137309	5.6455746643003009
35.149216	5.8000883392017109
35.149216	5.8000883392017109
35.173355	6.3564020470029234
35.185216	6.5467229263999842
35.197309	6.5447173023499845
35.197309	6.5447173023499845
35.209219	6.1823169267463651
35.209219	6.1823169267463651
35.209219	6.1823169267463651
35.245216	4.2381544303993373
35.257313	4.1478430671993198
35.257313	4.1478430671993198
35.257313	4.1478430671993198
35.257313	4.1478430671993198
35.293298	5.7919845688009817
35.293298	5.7919845688009817
35.293298	5.7919845688009817
35.293298	5.7919845688009817
35.293298	5.7919845688009817
35.293298	5.7919845688009817
35.317373	6.2158688137016176
35.365215	5.1986344790043173
35.37738	5.9491006280043912
35.37738	5.9491006280043912
35.37738	5.9491006280043912
35.401216	9.2894475887891126
35.401216	9.2894475887891126
35.401216	9.2894475887891126
35.437385	6.8273635802526078
35.437385	6.8273635802526078
35.449216	6.9265859039998929
35.449216	6.9265859039998929
35.449216	6.9265859039998929
35.449216	6.9265859039998929
35.497336	6.3850123723995056
35.497336	6.3850123723995056
35.497336	6.3850123723995056
35.497336	6.3850123723995056
35.497336	6.3850123723995056
35.497336	6.3850123723995056
35.557354	6.4400696692012103
35.557354	6.4400696692012103
35.557354	6.4400696692012103
35.557354	6.4400696692012103
35.557354	6.4400696692012103
35.557354	6.4400696692012103
35.617309	6.1145278508510081
35.617309	6.1145278508510081
35.617309	6.1145278508510081
35.617309	6.1145278508510081
35.653291	7.443584367653111
35.653291	7.443584367653111
35.677355	5.7057082179970733
35.677355	5.7057082179970733
35.677355	5.7057082179970733
35.701293	4.9222347840005058
35.713303	5.2595716640005552
35.713303	5.2595716640005552
35.737396	4.6295196353995545
35.737396	4.6295196353995545
35.737396	4.6295196353995545
35.737396	4.6295196353995545
35.737396	4.6295196353995545
35.737396	4.6295196353995545
35.79732	5.162448606000134
35.79732	5.162448606000134
35.79732	5.162448606000134
35.79732	5.162448606000134
35.79732	5.162448606000134
35.79732	5.162448606000134
35.85732	5.7020640019996982
35.85732	5.7020640019996982
35.869309	5.0612804290005915
35.869309	5.0612804290005915
35.893303	5.1237087009993498
35.893303	5.1237087009993498
35.917318	4.9979320208005023
35.917318	4.9979320208005023
35.917318	4.9979320208005023
35.917318	4.9979320208005023
35.953308	4.2235182413984047
35.965302	5.0766280549985536
35.977364	5.8775750099984441
35.977364	5.8775750099984441
35.977364	5.8775750099984441
36.001226	5.514734451298934
36.013286	6.0093759542987817
36.025223	6.2640026325001408
36.037335	6.215887712500141
36.037335	6.215887712500141
36.037335	6.215887712500141
36.037335	6.215887712500141
36.037335	6.215887712500141
36.037335	6.215887712500141
36.037335	6.215887712500141
36.097388	5.7951606339971224
36.109498	5.9312700931002071
36.109498	5.9312700931002071
36.109498	5.9312700931002071
36.109498	5.9312700931002071
36.157319	7.0195191028014916
36.157319	7.0195191028014916
36.157319	7.0195191028014916
36.181222	6.5970195389044308
36.181222	6.5970195389044308
36.205222	5.1245833900005993
36.217336	5.0064113200005789
36.217336	5.0064113200005789
36.229294	5.0938163763992526
36.229294	5.0938163763992526
36.229294	5.0938163763992526
36.265226	7.6283013004056404
36.277367	6.6701991418058117
36.277367	6.6701991418058117
36.277367	6.6701991418058117
36.301223	4.364803274047456
36.313313	4.7734736855474118
36.325223	4.9823673305502565
36.33732	4.9426631620002714
36.33732	4.9426631620002714
36.33732	4.9426631620002714
36.33732	4.9426631620002714
36.33732	4.9426631620002714
36.33732	4.9426631620002714
36.397323	4.9949118187976964
36.397323	4.9949118187976964
36.397323	4.9949118187976964
36.421223	3.1440923610419089
36.421223	3.1440923610419089
36.421223	3.1440923610419089
36.457339	9.9679490734689864
36.457339	9.9679490734689864
36.469245	9.9908740055085516
36.469245	9.9908740055085516
36.469245	9.9908740055085516
36.469245	9.9908740055085516
36.517333	9.8132799258887271
36.517333	9.8132799258887271
36.517333	9.8132799258887271
36.517333	9.8132799258887271
36.517333	9.8132799258887271
36.565223	9.3802807609543546
36.577367	3.5715420361556127
36.577367	3.5715420361556127
36.589226	2.2904818783002909
36.589226	2.2904818783002909
36.589226	2.2904818783002909
36.589226	2.2904818783002909
36.589226	2.2904818783002909
36.589226	2.2904818783002909
36.589226	2.2904818783002909
36.589226	2.2904818783002909
36.589226	2.2904818783002909
36.637323	6.0271383540450092
36.697318	5.4411871341975111
36.697326	5.4413350293974005
36.697326	5.4413350293974005
36.697326	5.4413350293974005
36.733314	5.8353601589999942
36.733314	5.8353601589999942
36.757403	4.6156049835105382
36.757403	4.6156049835105382
36.757403	4.6156049835105382
36.757403	4.6156049835105382
36.757403	4.6156049835105382
36.805231	3.045666851975378
36.81733	4.9656813599749503
36.81733	4.9656813599749503
36.81733	4.9656813599749503
36.81733	4.9656813599749503
36.81733	4.9656813599749503
36.865314	5.8940474030880186
36.877359	6.7646497648379205
36.877359	6.7646497648379205
36.877359	6.7646497648379205
36.877359	6.7646497648379205
36.877359	6.7646497648379205
36.925244	6.0378718370003011
36.93733	6.0169237775002991
36.93733	6.0169237775002991
36.93733	6.0169237775002991
36.93733	6.0169237775002991
36.973303	6.7972516706768227
36.985231	5.8346865888486006
36.997344	5.9269676623985816
36.997344	5.9269676623985816
36.997344	5.9269676623985816
36.997344	5.9269676623985816
37.033303	6.4621875281930041
37.033303	6.4621875281930041
37.033303	6.4621875281930041
37.057333	5.8327452298597482
37.069378	6.1387020614908394
37.069378	6.1387020614908394
37.069378	6.1387020614908394
37.069378	6.1387020614908394
37.117348	6.6400703759873618
37.117348	6.6400703759873618
37.117348	6.6400703759873618
37.117348	6.6400703759873618
37.117348	6.6400703759873618
37.117348	6.6400703759873618
37.177389	6.6735299275123099
37.177389	6.6735299275123099
37.177389	6.6735299275123099
37.177389	6.6735299275123099
37.177389	6.6735299275123099
37.225231	8.4176029828556267
37.237326	10.867153743355686
37.237326	10.867153743355686
37.237326	10.867153743355686
37.237326	10.867153743355686
37.237326	10.867153743355686
37.237326	10.867153743355686
37.297335	5.4761415220046334
37.297335	5.4761415220046334
37.297335	5.4761415220046334
37.297335	5.4761415220046334
37.297335	5.4761415220046334
37.34523	4.3599492970012763
37.357332	4.2950087548012936
37.357332	4.2950087548012936
37.369231	5.2506817875744387
37.381231	6.3152018860133339
37.381231	6.3152018860133339
37.381231	6.3152018860133339
37.417397	5.5687309891960473
37.417397	5.5687309891960473
37.417397	5.5687309891960473
37.417397	5.5687309891960473
37.417397	5.5687309891960473
37.417397	5.5687309891960473
37.477359	6.0611315120754767
37.477359	6.0611315120754767
37.477359	6.0611315120754767
37.477359	6.0611315120754767
37.477359	6.0611315120754767
37.477359	6.0611315120754767
37.537343	5.2591676389999265
37.537343	5.2591676389999265
37.537343	5.2591676389999265
37.561231	7.2538639839435737
37.573303	7.5379235763436094
37.573303	7.5379235763436094
37.597358	5.4038847462367396
37.597358	5.4038847462367396
37.597358	5.4038847462367396
37.597358	5.4038847462367396
37.633301	5.6076594626377263
37.633301	5.6076594626377263
37.657327	5.8729047620004549
37.657327	5.8729047620004549
37.657327	5.8729047620004549
37.657327	5.8729047620004549
37.657327	5.8729047620004549
37.70524	5.237718460001541
37.717353	5.1737194245015541
37.717353	5.1737194245015541
37.717353	5.1737194245015541
37.717353	5.1737194245015541
37.717353	5.1737194245015541
37.765239	7.1291182947846874
37.777357	5.7430038942847936
37.777357	5.7430038942847936
37.777357	5.7430038942847936
37.801258	6.4431301069838591
37.801258	6.4431301069838591
37.825238	7.2780619714079364
37.837339	6.973120401707952
37.837339	6.973120401707952
37.837339	6.973120401707952
37.837339	6.973120401707952
37.837339	6.973120401707952
37.837339	6.973120401707952
37.897335	6.5606614639895691
37.897335	6.5606614639895691
37.897335	6.5606614639895691
37.897335	6.5606614639895691
37.933318	5.4141826500969366
37.933318	5.4141826500969366
37.957361	7.8104597056048757
37.957361	7.8104597056048757
37.957361	7.8104597056048757
37.957361	7.8104597056048757
37.993302	4.8893458893821649
37.993302	4.8893458893821649
38.017336	5.1096169872025961
38.017336	5.1096169872025961
38.017336	5.1096169872025961
38.017336	5.1096169872025961
38.017336	5.1096169872025961
38.017336	5.1096169872025961
38.017336	5.1096169872025961
38.017336	5.1096169872025961
38.017336	5.1096169872025961
38.017336	5.1096169872025961
38.077463	5.0464147661718455
38.125238	6.5083702248256943
38.13735	5.6379970600262048
38.13735	5.6379970600262048
38.13735	5.6379970600262048
38.13735	5.6379970600262048
38.173311	4.0712552572311802
38.173311	4.0712552572311802
38.197351	2.5269382887016492
38.197351	2.5269382887016492
38.197351	2.5269382887016492
38.197351	2.5269382887016492
38.233312	4.8422558208194015
38.233312	4.8422558208194015
38.257342	7.4921795481344446
38.257342	7.4921795481344446
38.257342	7.4921795481344446
38.257342	7.4921795481344446
38.257342	7.4921795481344446
38.257342	7.4921795481344446
38.317356	7.1815894059946848
38.317356	7.1815894059946848
38.317356	7.1815894059946848
38.317356	7.1815894059946848
38.317356	7.1815894059946848
38.317356	7.1815894059946848
38.317356	7.1815894059946848
38.317356	7.1815894059946848
38.377358	8.4645806209649415
38.401239	7.7049562630643793
38.401239	7.7049562630643793
38.401239	7.7049562630643793
38.437332	5.3636175501851264
38.437332	5.3636175501851264
38.449239	5.0904710761165068
38.449239	5.0904710761165068
38.449239	5.0904710761165068
38.449239	5.0904710761165068
38.497332	6.663869424589917
38.497332	6.663869424589917
38.497332	6.663869424589917
38.521249	5.8084353475491115
38.533302	5.8336255148991105
38.54526	5.4383875840332463
38.557337	4.4987776608335572
38.557337	4.4987776608335572
38.557337	4.4987776608335572
38.557337	4.4987776608335572
38.557337	4.4987776608335572
38.557337	4.4987776608335572
38.617335	5.898478497248389
38.617335	5.898478497248389
38.6294	6.1300459099895557
38.641242	6.5022805916564499
38.641242	6.5022805916564499
38.641242	6.5022805916564499
38.67737	4.4793982270987538
38.67737	4.4793982270987538
38.67737	4.4793982270987538
38.701248	5.2423199167956254
38.701256	5.2423974995956364
38.725246	5.4636066081965726
38.737421	5.5551224306965521
38.737421	5.5551224306965521
38.737421	5.5551224306965521
38.737421	5.5551224306965521
38.737421	5.5551224306965521
38.785247	5.4740261926667388
38.797345	6.3383569144667264
38.797345	6.3383569144667264
38.797345	6.3383569144667264
38.821247	6.8643476940671109
38.821247	6.8643476940671109
38.821247	6.8643476940671109
38.857367	6.38100563974458
38.857367	6.38100563974458
38.86932	6.4788838039965535
38.881247	6.5111777080172821
38.893311	6.0740266040175248
38.893311	6.0740266040175248
38.917355	6.0441499007440749
38.917355	6.0441499007440749
38.929247	5.6428050779729704
38.929247	5.6428050779729704
38.929247	5.6428050779729704
38.929247	5.6428050779729704
38.977356	5.8697473334750043
38.977356	5.8697473334750043
38.977356	5.8697473334750043
38.977356	5.8697473334750043
39.013313	6.7237261400246364
39.013313	6.7237261400246364
39.013313	6.7237261400246364
39.037344	5.362182297552593
39.049247	5.7581162683419889
39.049247	5.7581162683419889
39.073331	6.7452951352190365
39.073331	6.7452951352190365
39.097364	9.4944959633307455
39.097364	9.4944959633307455
39.109246	8.4490503176781164
39.109246	8.4490503176781164
39.13338	5.3368806490571581
39.13338	5.3368806490571581
39.157345	6.7484798384353661
39.157345	6.7484798384353661
39.157345	6.7484798384353661
39.157345	6.7484798384353661
39.193311	5.6709631364913733
39.193311	5.6709631364913733
39.217362	7.7996143978189725
39.217362	7.7996143978189725
39.217362	7.7996143978189725
39.217362	7.7996143978189725
39.217362	7.7996143978189725
39.265317	6.7839277222576451
39.277355	5.4885979930581827
39.277355	5.4885979930581827
39.277355	5.4885979930581827
39.30125	5.1994612500046458
39.313325	5.0958311850046982
39.325258	4.8749617846171169
39.337381	4.4977994947170963
39.337381	4.4977994947170963
39.337381	4.4977994947170963
39.337381	4.4977994947170963
39.373336	5.7476509463452494
39.373336	5.7476509463452494
39.373336	5.7476509463452494
39.373336	5.7476509463452494
39.373336	5.7476509463452494
39.373336	5.7476509463452494
39.373336	5.7476509463452494
39.397418	6.4275271323993239
39.457363	6.1096087723264301
39.457363	6.1096087723264301
39.469247	5.6845430024328234
39.469247	5.6845430024328234
39.469247	5.6845430024328234
39.469247	5.6845430024328234
39.517342	7.0865024893464899
39.517342	7.0865024893464899
39.529324	6.4670669024535865
39.529324	6.4670669024535865
39.529324	6.4670669024535865
39.529324	6.4670669024535865
39.577367	5.2098742726155454
39.577367	5.2098742726155454
39.577367	5.2098742726155454
39.577367	5.2098742726155454
39.577367	5.2098742726155454
39.625247	5.3538753114530113
39.637343	5.2924923450530228
39.637343	5.2924923450530228
39.637343	5.2924923450530228
39.637343	5.2924923450530228
39.637343	5.2924923450530228
39.637343	5.2924923450530228
39.637343	5.2924923450530228
39.637343	5.2924923450530228
39.697353	6.3942081380399305
39.721254	7.1080623518407968
39.721254	7.1080623518407968
39.721254	7.1080623518407968
39.757348	7.4995400415415112
39.757348	7.4995400415415112
39.757348	7.4995400415415112
39.757348	7.4995400415415112
39.757348	7.4995400415415112
39.805254	6.8332707942593247
39.817352	7.6201906483593138
39.817352	7.6201906483593138
39.817352	7.6201906483593138
39.817352	7.6201906483593138
39.853332	6.9628368261374884
39.865254	6.7527817118050537
39.877358	4.742229241005238
39.877358	4.742229241005238
39.877358	4.742229241005238
39.901254	4.9840640837493888
39.901254	4.9840640837493888
39.901254	4.9840640837493888
39.93735	5.4418373850381867
39.93735	5.4418373850381867
39.93735	5.4418373850381867
39.93735	5.4418373850381867
39.93735	5.4418373850381867
39.93735	5.4418373850381867
39.997348	5.0380463161331281
39.997348	5.0380463161331281
40.009253	5.5329254934842762
40.021254	5.7981107951964148
40.021254	5.7981107951964148
40.021254	5.7981107951964148
40.057419	8.6687680224451515
40.057419	8.6687680224451515
40.069253	8.0227276043254747
40.069253	8.0227276043254747
40.069253	8.0227276043254747
40.105275	5.3966569000028484
40.117396	5.3452153760028542
40.117396	5.3452153760028542
40.117396	5.3452153760028542
40.117396	5.3452153760028542
40.117396	5.3452153760028542
40.117396	5.3452153760028542
40.177355	6.267773740835727
40.177355	6.267773740835727
40.189331	5.7018857351170515
40.189331	5.7018857351170515
40.213317	5.8305266583796751
40.225257	6.0992712913908118
40.225257	6.0992712913908118
40.237365	6.2605522729907568
40.249254	7.8616258354828759
40.249254	7.8616258354828759
40.273319	7.491999716664286
40.273319	7.491999716664286
40.297362	5.313701662743604
40.297362	5.313701662743604
40.297362	5.313701662743604
40.297362	5.313701662743604
40.33332	5.4985388840094451
40.33332	5.4985388840094451
40.35743	7.9414757558970237
40.35743	7.9414757558970237
40.35743	7.9414757558970237
40.381253	4.7232059981782424
40.381253	4.7232059981782424
40.381253	4.7232059981782424
40.417351	5.255485870896889
40.417351	5.255485870896889
40.417351	5.255485870896889
40.417351	5.255485870896889
40.417351	5.255485870896889
40.417351	5.255485870896889
40.47735	8.3639135399850257
40.47735	8.3639135399850257
40.47735	8.3639135399850257
40.501254	8.4599962674014773
40.513326	8.4355275306014903
40.525274	8.1629395378359906
40.537368	7.5688786296361998
40.537368	7.5688786296361998
40.537368	7.5688786296361998
40.537368	7.5688786296361998
40.573324	6.6328958933977074
40.573324	6.6328958933977074
40.597352	5.5980858476453923
40.597352	5.5980858476453923
40.597352	5.5980858476453923
40.597352	5.5980858476453923
40.597352	5.5980858476453923
40.645253	4.3209564701059247
40.657371	4.2262143107059318
40.657371	4.2262143107059318
40.657371	4.2262143107059318
40.657371	4.2262143107059318
40.657371	4.2262143107059318
40.657371	4.2262143107059318
40.717434	5.2820496405442157
40.729261	5.5234382853177975
40.729261	5.5234382853177975
40.729261	5.5234382853177975
40.753334	7.8752246968903723
40.753334	7.8752246968903723
40.777374	6.2840858981131325
40.777374	6.2840858981131325
40.777374	6.2840858981131325
40.801261	5.5836724601703294
40.813326	6.0412761931705186
40.813326	6.0412761931705186
40.837356	6.1481161438066145
40.837356	6.1481161438066145
40.849334	5.3920553246619107
40.849334	5.3920553246619107
40.849334	5.3920553246619107
40.849334	5.3920553246619107
40.897367	16.769791034261637
40.897367	16.769791034261637
40.897367	16.769791034261637
40.921282	5.2790085525016188
40.921282	5.2790085525016188
40.921282	5.2790085525016188
40.95738	7.6314602298895888
40.95738	7.6314602298895888
40.95738	7.6314602298895888
40.95738	7.6314602298895888
40.95738	7.6314602298895888
40.95738	7.6314602298895888
40.95738	7.6314602298895888
40.95738	7.6314602298895888
40.95738	7.6314602298895888
40.95738	7.6314602298895888
40.95738	7.6314602298895888
41.017358	19.052607930020418
41.077356	6.2532272862629448
41.077356	6.2532272862629448
41.077356	6.2532272862629448
41.077356	6.2532272862629448
41.113409	5.6108968041514293
41.113409	5.6108968041514293
41.13736	3.9845916560772552
41.13736	3.9845916560772552
41.13736	3.9845916560772552
41.13736	3.9845916560772552
41.13736	3.9845916560772552
41.13736	3.9845916560772552
41.197358	5.9575585242990998
41.197358	5.9575585242990998
41.197358	5.9575585242990998
41.197358	5.9575585242990998
41.233333	5.7867509012391256
41.233333	5.7867509012391256
41.257363	7.3717367186683056
41.257363	7.3717367186683056
41.257363	7.3717367186683056
41.257363	7.3717367186683056
41.257363	7.3717367186683056
41.305261	4.9997495302394563
41.317397	5.1492074042394096
41.317397	5.1492074042394096
41.317397	5.1492074042394096
41.317397	5.1492074042394096
41.317397	5.1492074042394096
41.317397	5.1492074042394096
41.317397	5.1492074042394096
41.377452	6.7533607480534741
41.389261	5.9300713059128771
41.389261	5.9300713059128771
41.389261	5.9300713059128771
41.389261	5.9300713059128771
41.437354	5.2560894029955865
41.437354	5.2560894029955865
41.437354	5.2560894029955865
41.437354	5.2560894029955865
41.437354	5.2560894029955865
41.485262	6.3640565603841788
41.497356	6.5797433751842291
41.497356	6.5797433751842291
41.497356	6.5797433751842291
41.497356	6.5797433751842291
41.497356	6.5797433751842291
41.497356	6.5797433751842291
41.497356	6.5797433751842291
41.497356	6.5797433751842291
41.557359	7.7571380894550597
41.581262	5.4038997054969942
41.581262	5.4038997054969942
41.581262	5.4038997054969942
41.617357	6.4558070295482421
41.617357	6.4558070295482421
41.629262	5.4351845410152393
41.629262	5.4351845410152393
41.653339	4.6761970991091593
41.653339	4.6761970991091593
41.67738	5.6593239919639293
41.67738	5.6593239919639293
41.67738	5.6593239919639293
41.67738	5.6593239919639293
41.713334	8.2031357781328111
41.725262	10.217751695832273
41.737376	13.732889852530811
41.737376	13.732889852530811
41.737376	13.732889852530811
41.737376	13.732889852530811
41.737376	13.732889852530811
41.737376	13.732889852530811
41.797383	8.202528053796426
41.797383	8.202528053796426
41.797383	8.202528053796426
41.797383	8.202528053796426
41.833341	7.7251496285691061
41.84527	8.0929159935363959
41.857366	7.6259989023364811
41.857366	7.6259989023364811
41.869271	5.4757041769595283
41.869271	5.4757041769595283
41.893334	5.5159475457288192
41.905355	6.0440142493703304
41.917364	4.5251801775206877
41.917364	4.5251801775206877
41.917364	4.5251801775206877
41.941274	6.9441509752615458
41.941274	6.9441509752615458
41.965271	6.9423831811872763
41.977368	5.2118172085379566
41.977368	5.2118172085379566
41.98927	5.5101654669296005
41.98927	5.5101654669296005
41.98927	5.5101654669296005
41.98927	5.5101654669296005
41.98927	5.5101654669296005
41.98927	5.5101654669296005
41.98927	5.5101654669296005
41.98927	5.5101654669296005
41.98927	5.5101654669296005
42.037455	7.1850249821174987
42.097371	6.484248915279113
42.097371	6.484248915279113
42.109271	5.8313298068537271
42.121282	4.7282400648783556
42.121282	4.7282400648783556
42.121282	4.7282400648783556
42.15737	5.4913016409799491
42.15737	5.4913016409799491
42.15737	5.4913016409799491
42.15737	5.4913016409799491
42.15737	5.4913016409799491
42.15737	5.4913016409799491
42.217371	6.2047275920026497
42.217371	6.2047275920026497
42.217371	6.2047275920026497
42.217371	6.2047275920026497
42.217371	6.2047275920026497
42.217371	6.2047275920026497
42.277372	6.8824903670065716
42.277372	6.8824903670065716
42.277372	6.8824903670065716
42.277372	6.8824903670065716
42.277372	6.8824903670065716
42.325291	5.453889704133978
42.337369	6.2378267877340168
42.337369	6.2378267877340168
42.349271	7.3277529977489451
42.361271	8.2483692613149113
42.361271	8.2483692613149113
42.361271	8.2483692613149113
42.361271	8.2483692613149113
42.361271	8.2483692613149113
42.361271	8.2483692613149113
42.397369	6.0788390731036186
42.433411	6.1180461658550156
42.433411	6.1180461658550156
42.457388	8.3622550578643633
42.457388	8.3622550578643633
42.457388	8.3622550578643633
42.457388	8.3622550578643633
42.457388	8.3622550578643633
42.505272	4.8573977667866108
42.51739	5.0123039784865995
42.51739	5.0123039784865995
42.51739	5.0123039784865995
42.51739	5.0123039784865995
42.51739	5.0123039784865995
42.51739	5.0123039784865995
42.57737	4.6841897624429789
42.57737	4.6841897624429789
42.589778	5.8038217249944433
42.589778	5.8038217249944433
42.589778	5.8038217249944433
42.589778	5.8038217249944433
42.637365	17.287672147537268
42.637365	17.287672147537268
42.637365	17.287672147537268
42.661271	6.1400105011882555
42.673335	4.0183268851881841
42.685271	3.5341032471099219
42.69744	5.1223372398596858
42.69744	5.1223372398596858
42.69744	5.1223372398596858
42.69744	5.1223372398596858
42.697448	5.1233813578598326
42.745278	6.5010761110899891
42.757384	7.7298399534900852
42.757384	7.7298399534900852
42.757384	7.7298399534900852
42.757384	7.7298399534900852
42.757384	7.7298399534900852
42.757384	7.7298399534900852
42.817374	4.1853893505224908
42.817374	4.1853893505224908
42.817374	4.1853893505224908
42.817374	4.1853893505224908
42.853356	7.9334990371086684
42.865303	7.1210042374338975
42.877375	4.0175833690335052
42.877375	4.0175833690335052
42.877375	4.0175833690335052
42.877375	4.0175833690335052
42.913352	4.9665738524167145
42.925279	5.0309814684154004
42.937384	5.4090878011652874
42.937384	5.4090878011652874
42.937384	5.4090878011652874
42.937384	5.4090878011652874
42.937384	5.4090878011652874
42.937384	5.4090878011652874
42.997446	5.6509879844384763
42.997446	5.6509879844384763
42.997446	5.6509879844384763
42.997446	5.6509879844384763
42.997446	5.6509879844384763
42.997446	5.6509879844384763
43.057376	4.8698087872217535
43.057376	4.8698087872217535
43.057376	4.8698087872217535
43.057376	4.8698087872217535
43.057376	4.8698087872217535
43.057376	4.8698087872217535
43.117399	5.9947616211301629
43.117399	5.9947616211301629
43.117399	5.9947616211301629
43.117399	5.9947616211301629
43.117399	5.9947616211301629
43.165279	7.6143977665787812
43.177375	6.7859850625789342
43.177375	6.7859850625789342
43.177375	6.7859850625789342
43.201279	4.9767321215554441
43.201279	4.9767321215554441
43.201279	4.9767321215554441
43.237393	5.2233774830818005
43.237393	5.2233774830818005
43.249279	8.4185551846415514
43.261302	11.977030562992612
43.273343	9.9826965903935161
43.273343	9.9826965903935161
43.273343	9.9826965903935161
43.273343	9.9826965903935161
43.297392	5.8062779650062613
43.321279	6.6655942599009261
43.321279	6.6655942599009261
43.321279	6.6655942599009261
43.357495	9.8001473184842514
43.357495	9.8001473184842514
43.357495	9.8001473184842514
43.357495	9.8001473184842514
43.357495	9.8001473184842514
43.40528	6.074378991955113
43.41738	6.5314129319551846
43.41738	6.5314129319551846
43.41738	6.5314129319551846
43.41738	6.5314129319551846
43.41738	6.5314129319551846
43.465279	6.4741913762486707
43.477375	4.9667382626489474
43.477375	4.9667382626489474
43.477375	4.9667382626489474
43.501279	2.868646017796781
43.501279	2.868646017796781
43.501279	2.868646017796781
43.537373	7.4736336882997625
43.537373	7.4736336882997625
43.549279	6.9595253293455528
43.561279	6.0667045313437509
43.561279	6.0667045313437509
43.561279	6.0667045313437509
43.597438	5.0350631841248576
43.597438	5.0350631841248576
43.597438	5.0350631841248576
43.597438	5.0350631841248576
43.597438	5.0350631841248576
43.597438	5.0350631841248576
43.597438	5.0350631841248576
43.657424	9.7471031204795295
43.669361	7.5148534046802578
43.681279	4.2712057842441213
43.681279	4.2712057842441213
43.705279	5.119034598501333
43.717373	5.1059912195013304
43.717373	5.1059912195013304
43.717373	5.1059912195013304
43.741289	5.6754375647863826
43.741289	5.6754375647863826
43.765289	7.2605253489586863
43.777385	5.2240276689590619
43.777385	5.2240276689590619
43.777385	5.2240276689590619
43.777385	5.2240276689590619
43.813354	4.4090818658823068
43.825289	4.7381739504699656
43.837386	4.0630839296698351
43.837386	4.0630839296698351
43.84929	6.2157856431902268
43.84929	6.2157856431902268
43.84929	6.2157856431902268
43.84929	6.2157856431902268
43.897395	3.5839829094645084
43.897395	3.5839829094645084
43.897395	3.5839829094645084
43.897395	3.5839829094645084
43.897395	3.5839829094645084
43.897395	3.5839829094645084
43.957385	12.298404365086196
43.957385	12.298404365086196
43.957385	12.298404365086196
43.98129	3.3158356058000957
43.98129	3.3158356058000957
44.00529	6.0717904520430306
44.017467	5.6616544796430528
44.017467	5.6616544796430528
44.02929	5.5026252435101597
44.02929	5.5026252435101597
44.02929	5.5026252435101597
44.06529	6.1452861419403462
44.077425	6.7056780149402897
44.077425	6.7056780149402897
44.077425	6.7056780149402897
44.077425	6.7056780149402897
44.077425	6.7056780149402897
44.077425	6.7056780149402897
44.137389	5.2873642585103138
44.137389	5.2873642585103138
44.137389	5.2873642585103138
44.137389	5.2873642585103138
44.137389	5.2873642585103138
44.137389	5.2873642585103138
44.197384	4.4517405131691064
44.197384	4.4517405131691064
44.20929	4.9423622024395684
44.22129	5.3677102935702417
44.22129	5.3677102935702417
44.22129	5.3677102935702417
44.257404	3.9084415440345537
44.257404	3.9084415440345537
44.257404	3.9084415440345537
44.281376	5.5253417519051498
44.281376	5.5253417519051498
44.281376	5.5253417519051498
44.317407	6.4109295441843717
44.317407	6.4109295441843717
44.32929	5.6622047865975773
44.32929	5.6622047865975773
44.32929	5.6622047865975773
44.36529	9.7436216251228149
44.377387	8.6302439876232526
44.377387	8.6302439876232526
44.377387	8.6302439876232526
44.40129	8.0998642974721839
44.40129	8.0998642974721839
44.42529	8.2180925415689678
44.437382	7.5997239857689278
44.437382	7.5997239857689278
44.437382	7.5997239857689278
44.46129	5.4387875485746795
44.473356	4.7727401254745434
44.473356	4.7727401254745434
44.497384	6.042709114671954
44.497384	6.042709114671954
44.497384	6.042709114671954
44.497384	6.042709114671954
44.533355	5.7471380751277827
44.545379	6.2148658831826644
44.557411	5.9274195983825919
44.557411	5.9274195983825919
44.557411	5.9274195983825919
44.557411	5.9274195983825919
44.557411	5.9274195983825919
44.557411	5.9274195983825919
44.617404	6.5986502527107733
44.617404	6.5986502527107733
44.617404	6.5986502527107733
44.64129	5.9971947997787174
44.64129	5.9971947997787174
44.64129	5.9971947997787174
44.677478	4.3849798018286954
44.677478	4.3849798018286954
44.677478	4.3849798018286954
44.70129	4.991064522493919
44.70129	4.991064522493919
44.72529	5.4844357893917994
44.737384	6.4250170090914658
44.737393	6.4257169620413563
44.737393	6.4257169620413563
44.737393	6.4257169620413563
44.737393	6.4257169620413563
44.785299	6.2106579063872003
44.797394	5.4571841578876246
44.797394	5.4571841578876246
44.797394	5.4571841578876246
44.797394	5.4571841578876246
44.797394	5.4571841578876246
44.797394	5.4571841578876246
44.797394	5.4571841578876246
44.797394	5.4571841578876246
44.797394	5.4571841578876246
44.857482	8.4678541298378178
44.893378	5.2502720395623115
44.905298	5.2867063615372984
44.917398	4.968558036537436
44.917398	4.968558036537436
44.917398	4.968558036537436
44.917398	4.968558036537436
44.917398	4.968558036537436
44.917398	4.968558036537436
44.977399	6.3896155189829695
44.977399	6.3896155189829695
44.977399	6.3896155189829695
45.001298	20.688672196368366
45.013367	10.036210122916605
45.025299	4.78462455373589
45.037393	6.1606327071362106
45.037393	6.1606327071362106
45.037393	6.1606327071362106
45.037393	6.1606327071362106
45.073432	7.9667664963727729
45.085318	4.7595994063201355
45.097394	5.4257695311200544
45.097394	5.4257695311200544
45.097394	5.4257695311200544
45.121299	4.9865120090735982
45.121299	4.9865120090735982
45.121299	4.9865120090735982
45.157396	8.0147447273741417
45.157396	8.0147447273741417
45.157396	8.0147447273741417
45.157396	8.0147447273741417
45.193363	8.1423978866953313
45.193363	8.1423978866953313
45.217414	8.7501673969841676
45.217414	8.7501673969841676
45.217414	8.7501673969841676
45.217414	8.7501673969841676
45.253377	8.0831671282494213
45.265299	7.0302092343444018
45.277392	4.6212951226947521
45.277392	4.6212951226947521
45.289299	5.6753180043494309
45.301298	7.3605587857431019
45.313395	6.1906240441435614
45.325299	5.7396693879973597
45.337475	6.1712714511971729
45.337475	6.1712714511971729
45.337475	6.1712714511971729
45.337475	6.1712714511971729
45.337475	6.1712714511971729
45.385299	3.5448538645889798
45.397393	5.6604590986882304
45.397393	5.6604590986882304
45.409379	5.9516079252263365
45.409379	5.9516079252263365
45.433371	7.2916971131784907
45.433371	7.2916971131784907
45.457398	6.9712220871934525
45.457398	6.9712220871934525
45.457398	6.9712220871934525
45.457398	6.9712220871934525
45.457398	6.9712220871934525
45.457398	6.9712220871934525
45.517393	6.5297684392145046
45.517393	6.5297684392145046
45.517393	6.5297684392145046
45.517393	6.5297684392145046
45.553368	7.431762295925501
45.56532	7.4714560100815657
45.577395	6.825132578831508
45.577395	6.825132578831508
45.577395	6.825132578831508
45.577395	6.825132578831508
45.577395	6.825132578831508
45.577395	6.825132578831508
45.637396	5.6848766157999409
45.637396	5.6848766157999409
45.637396	5.6848766157999409
45.637396	5.6848766157999409
45.637396	5.6848766157999409
45.685299	5.6788188304631397
45.69747	5.18041151206313
45.69747	5.18041151206313
45.69747	5.18041151206313
45.69747	5.18041151206313
45.69747	5.18041151206313
45.69747	5.18041151206313
45.757422	6.1934716421004188
45.757422	6.1934716421004188
45.757422	6.1934716421004188
45.757422	6.1934716421004188
45.757422	6.1934716421004188
45.757422	6.1934716421004188
45.757422	6.1934716421004188
45.757422	6.1934716421004188
45.757422	6.1934716421004188
45.757422	6.1934716421004188
45.817404	6.1146464350695302
45.86538	16.833470235290147
45.877442	6.9136729918915005
45.877442	6.9136729918915005
45.877442	6.9136729918915005
45.877442	6.9136729918915005
45.913396	4.3547189750891224
45.92531	4.3827911068810028
45.937411	5.2960499465804176
45.937411	5.2960499465804176
45.937411	5.2960499465804176
45.937411	5.2960499465804176
45.937411	5.2960499465804176
45.98531	5.8413933319514486
45.997481	6.2128181731514562
45.997481	6.2128181731514562
45.997481	6.2128181731514562
45.997481	6.2128181731514562
46.033384	5.4798331809775052
46.033384	5.4798331809775052
46.057405	6.1791069097703311
46.057405	6.1791069097703311
46.057405	6.1791069097703311
46.08131	5.663707351530844
46.08131	5.663707351530844
46.105319	5.2883281285547143
46.117403	5.252867026354715
46.117403	5.252867026354715
46.117403	5.252867026354715
46.117403	5.252867026354715
46.117403	5.252867026354715
46.117403	5.252867026354715
46.177424	6.7058467215924829
46.177424	6.7058467215924829
46.177424	6.7058467215924829
46.177424	6.7058467215924829
46.177424	6.7058467215924829
46.22533	5.5679242259908026
46.237406	5.6361801931907944
46.237406	5.6361801931907944
46.237406	5.6361801931907944
46.237406	5.6361801931907944
46.273376	5.8872745503231156
46.285309	6.3759188778453124
46.297409	6.7798543878453756
46.297409	6.7798543878453756
46.297409	6.7798543878453756
46.32131	5.7472684704951877
46.333374	5.7825623056951887
46.333374	5.7825623056951887
46.357426	8.2500926303680835
46.357426	8.2500926303680835
46.36931	5.7049198530153706
46.36931	5.7049198530153706
46.36931	5.7049198530153706
46.40531	5.5479876136520687
46.417404	4.4366802335524618
46.417404	4.4366802335524618
46.417404	4.4366802335524618
46.417404	4.4366802335524618
46.417404	4.4366802335524618
46.417404	4.4366802335524618
46.47742	5.0003756318775583
46.47742	5.0003756318775583
46.47742	5.0003756318775583
46.47742	5.0003756318775583
46.47742	5.0003756318775583
46.47742	5.0003756318775583
46.537421	5.5323033231095211
46.537421	5.5323033231095211
46.549329	7.0276996129562015
46.561324	8.3618366792752727
46.573386	6.3858066687755439
46.58531	5.7418554198606504
46.597402	6.7428553638607136
46.597402	6.7428553638607136
46.60931	6.3867591551034462
46.60931	6.3867591551034462
46.60931	6.3867591551034462
46.60931	6.3867591551034462
46.657483	8.2541667374755008
46.657483	8.2541667374755008
46.657483	8.2541667374755008
46.657483	8.2541667374755008
46.657483	8.2541667374755008
46.705331	4.0635475704479243
46.717405	5.1431153028476091
46.717405	5.1431153028476091
46.72931	5.2969756365143361
46.72931	5.2969756365143361
46.729319	5.2969000738643475
46.765318	8.1159063739454727
46.777431	5.6696278815459813
46.777431	5.6696278815459813
46.78939	4.7317504885766546
46.78939	4.7317504885766546
46.78939	4.7317504885766546
46.78939	4.7317504885766546
46.837435	4.8732457237033353
46.837435	4.8732457237033353
46.837435	4.8732457237033353
46.837435	4.8732457237033353
46.837435	4.8732457237033353
46.837435	4.8732457237033353
46.897413	5.7066574133837369
46.897413	5.7066574133837369
46.909319	5.6607516432630343
46.92139	5.6125625759597559
46.933383	5.8910208471596386
46.933383	5.8910208471596386
46.957426	7.5979845008446167
46.957426	7.5979845008446167
46.969347	7.188669844719187
46.981319	6.3485953522483349
46.993384	5.3235034857485148
47.005318	4.2407724652709424
47.017412	3.0568236835713614
47.017412	3.0568236835713614
47.017412	3.0568236835713614
47.017412	3.0568236835713614
47.017412	3.0568236835713614
47.065319	6.0855399274130715
47.077451	7.0316715388130122
47.077451	7.0316715388130122
47.077451	7.0316715388130122
47.077451	7.0316715388130122
47.077451	7.0316715388130122
47.077451	7.0316715388130122
47.137427	5.5995910292981312
47.137427	5.5995910292981312
47.137427	5.5995910292981312
47.137427	5.5995910292981312
47.137427	5.5995910292981312
47.137427	5.5995910292981312
47.197436	5.2980080694087572
47.197436	5.2980080694087572
47.209347	6.0853326315427028
47.209347	6.0853326315427028
47.233392	8.3076083942693888
47.233392	8.3076083942693888
47.257415	5.3968291585982628
47.257415	5.3968291585982628
47.257415	5.3968291585982628
47.257415	5.3968291585982628
47.293382	6.5049499436418632
47.293382	6.5049499436418632
47.293382	6.5049499436418632
47.317518	6.5908885238132067
47.329318	6.2782980505568231
47.341339	5.9806201033464363
47.35339	6.3385420339463687
47.35339	6.3385420339463687
47.377436	4.3837531672225554
47.377436	4.3837531672225554
47.377436	4.3837531672225554
47.377436	4.3837531672225554
47.377436	4.3837531672225554
47.425318	4.7002244799725563
47.425318	4.7002244799725563
47.425318	4.7002244799725563
47.425318	4.7002244799725563
47.425318	4.7002244799725563
47.425318	4.7002244799725563
47.437412	4.2173479466724437
47.497412	5.7978396685883125
47.497412	5.7978396685883125
47.497412	5.7978396685883125
47.497412	5.7978396685883125
47.497412	5.7978396685883125
47.497412	5.7978396685883125
47.557418	8.0403625006768706
47.557418	8.0403625006768706
47.557418	8.0403625006768706
47.557418	8.0403625006768706
47.557418	8.0403625006768706
47.557418	8.0403625006768706
47.617493	8.8726726022774205
47.617493	8.8726726022774205
47.617493	8.8726726022774205
47.617493	8.8726726022774205
47.653395	7.6350960949149789
47.653395	7.6350960949149789
47.677432	5.6854733511341919
47.677432	5.6854733511341919
47.689319	7.9125181956634876
47.689319	7.9125181956634876
47.713458	11.607485349215715
47.713458	11.607485349215715
47.737418	5.9829163110340655
47.737418	5.9829163110340655
47.749322	6.242475846972372
47.761328	7.304912105138107
47.773401	5.1197636956882882
47.773401	5.1197636956882882
47.79744	4.9956649518851837
47.79744	4.9956649518851837
47.79744	4.9956649518851837
47.79744	4.9956649518851837
47.833401	6.5774585774348635
47.845405	6.7493774748975177
47.85743	7.4046798498974855
47.85743	7.4046798498974855
47.85743	7.4046798498974855
47.881331	6.0187575678431156
47.881331	6.0187575678431156
47.905327	6.8118740525704995
47.917429	5.0795320523709524
47.917429	5.0795320523709524
47.917429	5.0795320523709524
47.941327	6.0816440944755055
47.941327	6.0816440944755055
47.941327	6.0816440944755055
47.977515	4.4440345122757856
47.977515	4.4440345122757856
47.98933	4.996990334247629
47.98933	4.996990334247629
47.98933	4.996990334247629
47.98933	4.996990334247629
47.98933	4.996990334247629
47.98933	4.996990334247629
47.98933	4.996990334247629
48.037422	5.5760581154740514
48.073392	3.8227319514709404
48.085328	3.7842063348772861
48.097432	5.8179766984771
48.097432	5.8179766984771
48.097432	5.8179766984771
48.121328	3.7385524640386651
48.121328	3.7385524640386651
48.145331	4.2927641967138843
48.157429	6.4016337206138543
48.157429	6.4016337206138543
48.157429	6.4016337206138543
48.181327	5.8281460967848373
48.181327	5.8281460967848373
48.205328	5.8153329128579418
48.217428	5.4529844978580977
48.217428	5.4529844978580977
48.217428	5.4529844978580977
48.241399	6.6090430353730163
48.253405	7.7039236020728001
48.253405	7.7039236020728001
48.253405	7.7039236020728001
48.253405	7.7039236020728001
48.27752	4.9598973643713951
48.301327	4.5340444751423643
48.301327	4.5340444751423643
48.325348	4.9904889878597265
48.325348	4.9904889878597265
48.325348	4.9904889878597265
48.325348	4.9904889878597265
48.325348	4.9904889878597265
48.325348	4.9904889878597265
48.337423	5.8560370628598015
48.397423	3.2423453826417701
48.397423	3.2423453826417701
48.397423	3.2423453826417701
48.397423	3.2423453826417701
48.397423	3.2423453826417701
48.445348	8.1719366816567387
48.457448	12.73452966165477
48.457448	12.73452966165477
48.457448	12.73452966165477
48.457448	12.73452966165477
48.457448	12.73452966165477
48.50541	4.5007712170412519
48.517426	4.2511231962412355
48.517426	4.2511231962412355
48.517426	4.2511231962412355
48.517426	4.2511231962412355
48.553399	6.6006163421132582
48.565328	6.5213250877087336
48.577463	3.4216959929590463
48.577463	3.4216959929590463
48.577463	3.4216959929590463
48.577463	3.4216959929590463
48.613392	4.8576321481221107
48.625328	4.6831708447142937
48.625328	4.6831708447142937
48.625328	4.6831708447142937
48.625328	4.6831708447142937
48.625328	4.6831708447142937
48.637489	5.2046235798141689
48.685328	5.1673360206960108
48.697449	5.7934899112959393
48.697449	5.7934899112959393
48.697449	5.7934899112959393
48.721327	4.0557875750692887
48.721327	4.0557875750692887
48.745345	5.0130901120960711
48.757426	4.4386337296960656
48.757435	4.4382057760961322
48.757435	4.4382057760961322
48.757435	4.4382057760961322
48.757435	4.4382057760961322
48.757435	4.4382057760961322
48.817432	5.4961268736094553
48.817432	5.4961268736094553
48.829336	5.5609301171832657
48.829336	5.5609301171832657
48.829336	5.5609301171832657
48.829336	5.5609301171832657
48.877467	6.1784223661179833
48.877467	6.1784223661179833
48.877467	6.1784223661179833
48.877467	6.1784223661179833
48.91341	6.4815739519130648
48.925337	6.7011087129231202
48.937475	6.56421270752314
48.937475	6.56421270752314
48.937475	6.56421270752314
48.961337	6.9221450619575675
48.961337	6.9221450619575675
48.961337	6.9221450619575675
48.997433	5.0296385748581098
48.997433	5.0296385748581098
48.997433	5.0296385748581098
49.021336	4.4239775062907869
49.021336	4.4239775062907869
49.045352	5.5179871767585551
49.057432	5.7602624487584659
49.057432	5.7602624487584659
49.057432	5.7602624487584659
49.081336	5.805183056078989
49.081336	5.805183056078989
49.081336	5.805183056078989
49.117431	6.1103715185789795
49.117431	6.1103715185789795
49.129337	6.0230317442028563
49.129337	6.0230317442028563
49.153406	4.2910621719275479
49.153406	4.2910621719275479
49.177453	5.1511612524610779
49.177453	5.1511612524610779
49.177453	5.1511612524610779
49.177453	5.1511612524610779
49.177453	5.1511612524610779
49.225337	6.162592621431755
49.237457	4.2410914574327041
49.237457	4.2410914574327041
49.237457	4.2410914574327041
49.237457	4.2410914574327041
49.273401	4.7233859509784759
49.273401	4.7233859509784759
49.297507	5.2034805611069705
49.297507	5.2034805611069705
49.297507	5.2034805611069705
49.297507	5.2034805611069705
49.297507	5.2034805611069705
49.297507	5.2034805611069705
49.357455	8.5720898643110583
49.357455	8.5720898643110583
49.357455	8.5720898643110583
49.357455	8.5720898643110583
49.357455	8.5720898643110583
49.357455	8.5720898643110583
49.417464	6.8796661263140422
49.417464	6.8796661263140422
49.42946	5.5329572513261649
49.42946	5.5329572513261649
49.42946	5.5329572513261649
49.42946	5.5329572513261649
49.477466	5.7850407727966715
49.477466	5.7850407727966715
49.477466	5.7850407727966715
49.477466	5.7850407727966715
49.477466	5.7850407727966715
49.477466	5.7850407727966715
49.53745	6.4766975799394544
49.53745	6.4766975799394544
49.53745	6.4766975799394544
49.53745	6.4766975799394544
49.53745	6.4766975799394544
49.53745	6.4766975799394544
49.53745	6.4766975799394544
49.53745	6.4766975799394544
49.53745	6.4766975799394544
49.53745	6.4766975799394544
49.53745	6.4766975799394544
49.597435	4.469581372708852
49.657453	6.4442626354777559
49.657453	6.4442626354777559
49.657453	6.4442626354777559
49.657453	6.4442626354777559
49.657453	6.4442626354777559
49.657453	6.4442626354777559
49.717431	6.0878157145488734
49.717431	6.0878157145488734
49.717431	6.0878157145488734
49.717431	6.0878157145488734
49.717431	6.0878157145488734
49.717441	6.0875910095488024
49.77749	15.908131884785215
49.77749	15.908131884785215
49.77749	15.908131884785215
49.77749	15.908131884785215
49.77749	15.908131884785215
49.77749	15.908131884785215
49.837443	6.4558013528352109
49.837443	6.4558013528352109
49.837443	6.4558013528352109
49.837443	6.4558013528352109
49.873411	6.0451116369520435
49.873411	6.0451116369520435
49.897439	4.8488158006624777
49.897439	4.8488158006624777
49.909347	4.8314116631232391
49.909347	4.8314116631232391
49.909347	4.8314116631232391
49.909347	4.8314116631232391
49.909347	4.8314116631232391
49.957513	2.4746071976125279
49.969346	3.3698407654317322
49.981347	4.6289291272057085
49.981347	4.6289291272057085
50.005347	4.3411753494747396
50.017441	4.7516777585745933
50.017441	4.7516777585745933
50.017441	4.7516777585745933
50.017441	4.7516777585745933
50.05344	6.9883502557013761
50.05344	6.9883502557013761
50.077461	5.528206545798934
50.077461	5.528206545798934
50.077461	5.528206545798934
50.077461	5.528206545798934
50.077461	5.528206545798934
50.125357	7.4478851325094064
50.137441	6.3159031401094401
50.137441	6.3159031401094401
50.149348	6.6796797926555902
50.149348	6.6796797926555902
50.149348	6.6796797926555902
50.185367	6.0349097607571034
50.197442	8.6842704170073368
50.197442	8.6842704170073368
50.197442	8.6842704170073368
50.197442	8.6842704170073368
50.197442	8.6842704170073368
50.197442	8.6842704170073368
50.257453	4.5929208825830123
50.257453	4.5929208825830123
50.257453	4.5929208825830123
50.257453	4.5929208825830123
50.257453	4.5929208825830123
50.305356	4.305730648960262
50.317478	4.5187475244601929
50.317478	4.5187475244601929
50.317478	4.5187475244601929
50.317478	4.5187475244601929
50.353483	4.8207935059627296
50.353483	4.8207935059627296
50.377459	4.4927028141066412
50.377459	4.4927028141066412
50.377459	4.4927028141066412
50.377459	4.4927028141066412
50.377459	4.4927028141066412
50.377459	4.4927028141066412
50.437441	3.0033469650235212
50.437441	3.0033469650235212
50.437441	3.0033469650235212
50.437441	3.0033469650235212
50.437441	3.0033469650235212
50.437441	3.0033469650235212
50.497471	4.9308729061970116
50.497471	4.9308729061970116
50.497471	4.9308729061970116
50.497471	4.9308729061970116
50.533415	4.1939983037022728
50.545351	5.5066701769932331
50.557464	8.1691378594942421
50.557464	8.1691378594942421
50.557464	8.1691378594942421
50.557464	8.1691378594942421
50.557464	8.1691378594942421
50.557464	8.1691378594942421
50.557464	8.1691378594942421
50.557464	8.1691378594942421
50.557464	8.1691378594942421
50.557464	8.1691378594942421
50.557464	8.1691378594942421
50.61751	6.1414470564276966
50.677459	9.2843917988097449
50.677459	9.2843917988097449
50.689389	7.5123470272332158
50.701347	6.4753692795035942
50.701347	6.4753692795035942
50.725346	6.5932957369105765
50.737441	6.0189138629109005
50.737441	6.0189138629109005
50.737441	6.0189138629109005
50.737441	6.0189138629109005
50.73745	6.0184864601106298
50.785398	6.1010924765690309
50.797448	5.7454578140690238
50.797448	5.7454578140690238
50.797448	5.7454578140690238
50.797448	5.7454578140690238
50.797448	5.7454578140690238
50.797448	5.7454578140690238
50.857457	6.0252427781145661
50.857457	6.0252427781145661
50.857457	6.0252427781145661
50.857457	6.0252427781145661
50.893422	5.6510586505858855
50.893422	5.6510586505858855
50.917455	6.2706260894214445
50.917455	6.2706260894214445
50.929356	7.2528080565732367
50.929356	7.2528080565732367
50.953442	8.5037522526596003
50.953442	8.5037522526596003
50.977475	7.8952771225977836
50.977475	7.8952771225977836
50.977475	7.8952771225977836
50.977475	7.8952771225977836
51.013488	6.3109162531902108
51.025355	6.2159801627919169
51.037468	3.4574376151424904
51.037468	3.4574376151424904
51.037468	3.4574376151424904
51.037468	3.4574376151424904
51.037468	3.4574376151424904
51.037468	3.4574376151424904
51.09745	4.9355802672095805
51.09745	4.9355802672095805
51.09745	4.9355802672095805
51.09745	4.9355802672095805
51.133418	5.3909655212976935
51.145426	6.4291108882444821
51.157455	8.7165449267937998
51.157455	8.7165449267937998
51.169447	7.5950438665081323
51.169447	7.5950438665081323
51.169447	7.5950438665081323
51.205356	5.5089234960490856
51.217467	4.2537763945995595
51.217467	4.2537763945995595
51.229356	4.8506706069789676
51.241356	5.9685160905511889
51.241356	5.9685160905511889
51.241356	5.9685160905511889
51.277566	4.734389240534802
51.277566	4.734389240534802
51.277566	4.734389240534802
51.277566	4.734389240534802
51.277566	4.734389240534802
51.277566	4.734389240534802
51.337456	5.1816314862995192
51.337456	5.1816314862995192
51.337456	5.1816314862995192
51.337456	5.1816314862995192
51.337456	5.1816314862995192
51.337456	5.1816314862995192
51.337456	5.1816314862995192
51.397456	5.0752111575563559
51.409427	4.6332743772259901
51.409427	4.6332743772259901
51.409427	4.6332743772259901
51.409427	4.6332743772259901
51.457454	5.959173157357621
51.457454	5.959173157357621
51.457454	5.959173157357621
51.457454	5.959173157357621
51.49344	5.4126030556867626
51.505356	6.173790991235399
51.517454	5.9992192708354013
51.517454	5.9992192708354013
51.517454	5.9992192708354013
51.517454	5.9992192708354013
51.517454	5.9992192708354013
51.517454	5.9992192708354013
51.577504	6.3001475518431507
51.577504	6.3001475518431507
51.577504	6.3001475518431507
51.601355	6.1899033019724072
51.613422	8.7683255604723946
51.625376	8.9952463413411188
51.637449	6.3483563884928955
51.637449	6.3483563884928955
51.637449	6.3483563884928955
51.637449	6.3483563884928955
51.637449	6.3483563884928955
51.637449	6.3483563884928955
51.69745	6.8687280549804575
51.69745	6.8687280549804575
51.709359	6.1931728506847055
51.709359	6.1931728506847055
51.73342	8.4124689094424863
51.745355	9.1242188793548031
51.757497	7.3914316309554726
51.757497	7.3914316309554726
51.757506	7.3901472391556737
51.757506	7.3901472391556737
51.757506	7.3901472391556737
51.757506	7.3901472391556737
51.817461	5.4015885332028031
51.817461	5.4015885332028031
51.817461	5.4015885332028031
51.817461	5.4015885332028031
51.853593	6.5158088777712937
51.865365	5.6997565576175964
51.87748	5.1324777401176185
51.87748	5.1324777401176185
51.87748	5.1324777401176185
51.87748	5.1324777401176185
51.87748	5.1324777401176185
51.87748	5.1324777401176185
51.937527	5.8151219990975065
51.937527	5.8151219990975065
51.937527	5.8151219990975065
51.937527	5.8151219990975065
51.937527	5.8151219990975065
51.937527	5.8151219990975065
51.997492	5.6393138855634657
51.997492	5.6393138855634657
52.009364	5.5850301890244891
52.021385	5.4447700123183997
52.021385	5.4447700123183997
52.021385	5.4447700123183997
52.057462	4.4452810307721284
52.057462	4.4452810307721284
52.057462	4.4452810307721284
52.057462	4.4452810307721284
52.057462	4.4452810307721284
52.057462	4.4452810307721284
52.117461	6.7777379790945291
52.117461	6.7777379790945291
52.129421	6.9636958381646332
52.129421	6.9636958381646332
52.129421	6.9636958381646332
52.165365	7.2613886647643273
52.177478	6.0077815896645879
52.177478	6.0077815896645879
52.177478	6.0077815896645879
52.177478	6.0077815896645879
52.177478	6.0077815896645879
52.177478	6.0077815896645879
52.237462	5.5060839631883152
52.237462	5.5060839631883152
52.237462	5.5060839631883152
52.237462	5.5060839631883152
52.273435	6.745367541053648
52.273435	6.745367541053648
52.29747	6.0594642472693785
52.29747	6.0594642472693785
52.29747	6.0594642472693785
52.29747	6.0594642472693785
52.29747	6.0594642472693785
52.29747	6.0594642472693785
52.29747	6.0594642472693785
52.357484	7.6384975401629749
52.369547	6.835758449985935
52.381365	5.2870065879833641
52.393428	5.3645861535833372
52.393428	5.3645861535833372
52.417476	5.5164405007837329
52.417476	5.5164405007837329
52.417476	5.5164405007837329
52.441364	5.306084180218444
52.453441	6.1499174549181657
52.453441	6.1499174549181657
52.477479	4.4177966447260406
52.477479	4.4177966447260406
52.477479	4.4177966447260406
52.477479	4.4177966447260406
52.477479	4.4177966447260406
52.525364	5.1272825624405689
52.537468	4.9390242088406975
52.537468	4.9390242088406975
52.537468	4.9390242088406975
52.561365	3.768756539781382
52.561365	3.768756539781382
52.585365	5.7129781010614398
52.597528	6.589009053810865
52.597528	6.589009053810865
52.597528	6.589009053810865
52.597528	6.589009053810865
52.597528	6.589009053810865
52.597528	6.589009053810865
52.657461	4.3910790283712435
52.657461	4.3910790283712435
52.657461	4.3910790283712435
52.657461	4.3910790283712435
52.657461	4.3910790283712435
52.657461	4.3910790283712435
52.717461	8.1860318381323314
52.717461	8.1860318381323314
52.717461	8.1860318381323314
52.741365	5.1810403868423487
52.741365	5.1810403868423487
52.765368	4.8982498254184508
52.777482	5.7291393942181053
52.777492	5.7298252862183228
52.777492	5.7298252862183228
52.777492	5.7298252862183228
52.777492	5.7298252862183228
52.825375	6.3056974501360594
52.837468	5.6865503617361499
52.837468	5.6865503617361499
52.849376	5.0661751601393732
52.849376	5.0661751601393732
52.849376	5.0661751601393732
52.849376	5.0661751601393732
52.897473	3.7291543731843282
52.897473	3.7291543731843282
52.897473	3.7291543731843282
52.921375	6.8532130937079065
52.933439	7.0429828297079133
52.945396	7.3665870010907408
52.957475	7.8599501323906615
52.957475	7.8599501323906615
52.957475	7.8599501323906615
52.981374	2.2582594947970369
52.981374	2.2582594947970369
52.981374	2.2582594947970369
52.981374	2.2582594947970369
52.981374	2.2582594947970369
52.981374	2.2582594947970369
53.017471	4.8078321030316244
53.05345	7.1336192471811639
53.05345	7.1336192471811639
53.077506	2.8885970907737075
53.077506	2.8885970907737075
53.077506	2.8885970907737075
53.077506	2.8885970907737075
53.077506	2.8885970907737075
53.125451	4.7290868159729751
53.137471	4.6270784849729942
53.137471	4.6270784849729942
53.137471	4.6270784849729942
53.137471	4.6270784849729942
53.173447	6.4483240443937806
53.185375	5.3863520251164836
53.197469	4.8673428527166678
53.197469	4.8673428527166678
53.197469	4.8673428527166678
53.197469	4.8673428527166678
53.197469	4.8673428527166678
53.197469	4.8673428527166678
53.257544	11.443150311221196
53.257544	11.443150311221196
53.269553	7.4899630072726335
53.269553	7.4899630072726335
53.269553	7.4899630072726335
53.269553	7.4899630072726335
53.31749	7.0693258615898955
53.31749	7.0693258615898955
53.31749	7.0693258615898955
53.341395	16.194693330745277
53.341395	16.194693330745277
53.365375	5.1130691058590143
53.377491	6.8402406480585878
53.377491	6.8402406480585878
53.377491	6.8402406480585878
53.377491	6.8402406480585878
53.377491	6.8402406480585878
53.377491	6.8402406480585878
53.377491	6.8402406480585878
53.43747	5.4133877676512849
53.449442	7.7788894529683681
53.449442	7.7788894529683681
53.449442	7.7788894529683681
53.485374	5.1430590371008948
53.497469	5.5771219781009052
53.497469	5.5771219781009052
53.497469	5.5771219781009052
53.497469	5.5771219781009052
53.497469	5.5771219781009052
53.497469	5.5771219781009052
53.557475	7.6525212621710548
53.557475	7.6525212621710548
53.557475	7.6525212621710548
53.557475	7.6525212621710548
53.557475	7.6525212621710548
53.605375	5.533098818884671
53.61747	4.9468160696350019
53.61747	4.9468160696350019
53.61747	4.9468160696350019
53.61747	4.9468160696350019
53.61747	4.9468160696350019
53.665375	4.8559019247469353
53.67752	5.9565279757471119
53.67752	5.9565279757471119
53.67752	5.9565279757471119
53.67752	5.9565279757471119
53.67752	5.9565279757471119
53.67752	5.9565279757471119
53.737469	4.6015985287191858
53.737469	4.6015985287191858
53.737469	4.6015985287191858
53.737469	4.6015985287191858
53.773447	6.8345955585445859
53.773456	6.8339722009941912
53.797505	6.9440565316595864
53.797505	6.9440565316595864
53.797505	6.9440565316595864
53.797505	6.9440565316595864
53.833447	5.727301172218497
53.845384	6.2848254332859774
53.857503	7.6366441358855912
53.857503	7.6366441358855912
53.869384	6.4813742800316589
53.869384	6.4813742800316589
53.869384	6.4813742800316589
53.869384	6.4813742800316589
53.917555	5.9187874810258343
53.917555	5.9187874810258343
53.917555	5.9187874810258343
53.917555	5.9187874810258343
53.917555	5.9187874810258343
53.917555	5.9187874810258343
53.977497	6.2802332864417592
53.977497	6.2802332864417592
53.989384	12.308729563818142
54.001384	18.123640827738996
54.001384	18.123640827738996
54.025383	5.7735986833548614
54.037482	3.62897773440534
54.037482	3.62897773440534
54.037482	3.62897773440534
54.037482	3.62897773440534
54.037482	3.62897773440534
54.037482	3.62897773440534
54.097482	8.4445696921867022
54.097482	8.4445696921867022
54.097482	8.4445696921867022
54.097482	8.4445696921867022
54.097482	8.4445696921867022
54.145383	6.1338737941764263
54.157513	4.7505801176767477
54.157513	4.7505801176767477
54.157513	4.7505801176767477
54.181459	5.4540372621521467
54.181459	5.4540372621521467
54.205403	6.2835687401880271
54.205403	6.2835687401880271
54.205403	6.2835687401880271
54.205403	6.2835687401880271
54.205403	6.2835687401880271
54.205403	6.2835687401880271
54.21749	5.2836916087380938
54.277499	6.3996736602093742
54.277499	6.3996736602093742
54.277499	6.3996736602093742
54.277499	6.3996736602093742
54.277499	6.3996736602093742
54.277499	6.3996736602093742
54.337497	7.0424663635190416
54.337497	7.0424663635190416
54.337497	7.0424663635190416
54.337497	7.0424663635190416
54.337497	7.0424663635190416
54.385384	5.7097096619481924
54.39748	5.9257653899481531
54.39748	5.9257653899481531
54.409384	5.3258245333995413
54.409384	5.3258245333995413
54.433447	5.4029097514754891
54.433447	5.4029097514754891
54.457489	3.9533321254567353
54.457489	3.9533321254567353
54.457489	3.9533321254567353
54.457489	3.9533321254567353
54.457489	3.9533321254567353
54.505394	5.2866974152848494
54.51748	5.7635396678846353
54.51748	5.7635396678846353
54.51748	5.7635396678846353
54.51748	5.7635396678846353
54.51748	5.7635396678846353
54.51748	5.7635396678846353
54.577618	8.3131754924246959
54.577618	8.3131754924246959
54.577618	8.3131754924246959
54.577618	8.3131754924246959
54.577618	8.3131754924246959
54.625384	5.8444677684134234
54.637485	5.7892732922634274
54.637485	5.7892732922634274
54.637485	5.7892732922634274
54.637485	5.7892732922634274
54.637485	5.7892732922634274
54.637485	5.7892732922634274
54.697495	4.7011222352477064
54.697495	4.7011222352477064
54.697495	4.7011222352477064
54.721383	5.4773376345806097
54.721383	5.4773376345806097
54.745387	5.2863387022294654
54.745387	5.2863387022294654
54.757483	7.4150925742290736
54.769384	6.1641749665343291
54.769384	6.1641749665343291
54.769394	6.1623698940350389
54.805394	5.9915720456842561
54.817495	6.0557563547342523
54.817495	6.0557563547342523
54.817495	6.0557563547342523
54.817495	6.0557563547342523
54.817495	6.0557563547342523
54.817495	6.0557563547342523
54.87751	5.0952162659643285
54.87751	5.0952162659643285
54.87751	5.0952162659643285
54.87751	5.0952162659643285
54.87751	5.0952162659643285
54.925394	5.9433560357898809
54.93751	5.1738373741896204
54.93751	5.1738373741896204
54.93751	5.1738373741896204
54.93751	5.1738373741896204
54.93751	5.1738373741896204
54.93751	5.1738373741896204
54.99749	6.3127653692604531
54.99749	6.3127653692604531
55.009437	6.3810689410420434
55.021393	6.198350476124828
55.021393	6.198350476124828
55.045393	5.7267208212040659
55.0575	5.710357000004068
55.0575	5.710357000004068
55.069425	5.8669970636989488
55.069425	5.8669970636989488
55.093458	6.2821179067472261
55.093458	6.2821179067472261
55.117493	5.526197063849958
55.117493	5.526197063849958
55.117493	5.526197063849958
55.117493	5.526197063849958
55.153462	6.0353925559826429
55.165394	5.8965501722564708
55.177509	6.4713415012564486
55.177509	6.4713415012564486
55.177509	6.4713415012564486
55.177509	6.4713415012564486
55.177509	6.4713415012564486
55.177509	6.4713415012564486
55.237583	6.5046444424326033
55.237583	6.5046444424326033
55.237583	6.5046444424326033
55.237583	6.5046444424326033
55.237583	6.5046444424326033
55.237583	6.5046444424326033
55.297489	5.725939558052592
55.297489	5.725939558052592
55.297489	5.725939558052592
55.321394	3.3468647577320625
55.321394	3.3468647577320625
55.345394	5.9610867373809171
55.357492	4.0557588046809441
55.357492	4.0557588046809441
55.357492	4.0557588046809441
55.357492	4.0557588046809441
55.357492	4.0557588046809441
55.357492	4.0557588046809441
55.417493	4.7795314889318874
55.417493	4.7795314889318874
55.417493	4.7795314889318874
55.417493	4.7795314889318874
55.417493	4.7795314889318874
55.465394	4.258673899797814
55.477524	5.453498914297537
55.477524	5.453498914297537
55.477524	5.453498914297537
55.477524	5.453498914297537
55.513467	6.0167957708584883
55.513467	6.0167957708584883
55.537493	4.9187402491213623
55.537493	4.9187402491213623
55.549394	5.850834092008145
55.561395	7.0934532739816145
55.573466	6.188312356731311
55.573466	6.188312356731311
55.597488	6.2528094215019241
55.597488	6.2528094215019241
55.597488	6.2528094215019241
55.597488	6.2528094215019241
55.597488	6.2528094215019241
55.597488	6.2528094215019241
55.657492	5.2291848765302031
55.657492	5.2291848765302031
55.657492	5.2291848765302031
55.681395	4.6849579036395026
55.693459	5.1145478956392649
55.705395	5.3092045020220278
55.717488	5.2234361088220407
55.717488	5.2234361088220407
55.717488	5.2234361088220407
55.717488	5.2234361088220407
55.717488	5.2234361088220407
55.765467	4.7737799670685677
55.777507	2.3845545410691509
55.777507	2.3845545410691509
55.777507	2.3845545410691509
55.801406	5.6587820839812455
55.813468	4.9589122765813407
55.825404	4.7495900873017636
55.837501	5.1294280242518377
55.837501	5.1294280242518377
55.837501	5.1294280242518377
55.837501	5.1294280242518377
55.837501	5.1294280242518377
55.837501	5.1294280242518377
55.837501	5.1294280242518377
55.837501	5.1294280242518377
55.837501	5.1294280242518377
55.837501	5.1294280242518377
55.897567	4.1065430737735236
55.945403	6.342934341084419
55.957501	5.2496816338844345
55.957501	5.2496816338844345
55.969403	5.6140178992522811
55.981403	6.2150470065939292
55.981403	6.2150470065939292
56.005424	4.9676173482317951
56.017498	4.0813344337315316
56.017498	4.0813344337315316
56.029474	5.1736509516745439
56.029474	5.1736509516745439
56.029474	5.1736509516745439
56.029474	5.1736509516745439
56.077526	5.6849079424571478
56.077526	5.6849079424571478
56.077526	5.6849079424571478
56.077526	5.6849079424571478
56.077526	5.6849079424571478
56.077526	5.6849079424571478
56.137554	6.2936396232345784
56.137554	6.2936396232345784
56.137554	6.2936396232345784
56.137554	6.2936396232345784
56.137554	6.2936396232345784
56.137554	6.2936396232345784
56.197505	7.7052952797508576
56.197505	7.7052952797508576
56.209414	5.6873963169825039
56.209414	5.6873963169825039
56.233469	3.9470265547248782
56.233469	3.9470265547248782
56.2575	6.730097624538665
56.2575	6.730097624538665
56.2575	6.730097624538665
56.2575	6.730097624538665
56.293536	5.2236923743194081
56.305421	5.5105726516768279
56.317524	5.7873289269266976
56.317524	5.7873289269266976
56.317524	5.7873289269266976
56.317524	5.7873289269266976
56.317524	5.7873289269266976
56.317524	5.7873289269266976
56.377529	3.5783064456253451
56.377529	3.5783064456253451
56.377529	3.5783064456253451
56.377529	3.5783064456253451
56.413467	6.0698272548602201
56.413467	6.0698272548602201
56.437521	7.1075976691117404
56.437521	7.1075976691117404
56.437521	7.1075976691117404
56.437521	7.1075976691117404
56.473471	6.1426699594398801
56.485403	6.7071945387378449
56.497506	6.5655035074378283
56.497506	6.5655035074378283
56.497506	6.5655035074378283
56.497506	6.5655035074378283
56.533468	6.760948288623327
56.533468	6.760948288623327
56.557592	6.6375997709627361
56.557592	6.6375997709627361
56.557592	6.6375997709627361
56.557592	6.6375997709627361
56.557592	6.6375997709627361
56.557592	6.6375997709627361
56.617497	5.7482788801451967
56.617497	5.7482788801451967
56.617497	5.7482788801451967
56.617497	5.7482788801451967
56.617497	5.7482788801451967
56.617497	5.7482788801451967
56.67751	5.6526478724062432
56.67751	5.6526478724062432
56.67751	5.6526478724062432
56.67751	5.6526478724062432
56.67751	5.6526478724062432
56.67751	5.6526478724062432
56.737505	4.3126555235171722
56.737505	4.3126555235171722
56.749404	6.3135396598325553
56.749404	6.3135396598325553
56.749404	6.3135396598325553
56.785404	3.5692801019364375
56.797499	4.5418154666864616
56.797509	4.5426195471861455
56.797509	4.5426195471861455
56.797509	4.5426195471861455
56.797509	4.5426195471861455
56.797509	4.5426195471861455
56.797509	4.5426195471861455
56.857515	5.5969633489539543
56.869766	5.9708897430220018
56.881413	6.4628291654929031
56.881413	6.4628291654929031
56.881413	6.4628291654929031
56.917507	5.9768977048394847
56.917507	5.9768977048394847
56.917507	5.9768977048394847
56.917507	5.9768977048394847
56.917507	5.9768977048394847
56.917507	5.9768977048394847
56.977524	6.2399261361439837
56.977524	6.2399261361439837
56.989417	5.6386568752680271
56.989417	5.6386568752680271
56.989417	5.6386568752680271
57.025414	4.4451471236212701
57.037511	5.4615836370714677
57.037511	5.4615836370714677
57.037511	5.4615836370714677
57.037511	5.4615836370714677
57.037511	5.4615836370714677
57.085484	5.4147090427091626
57.097549	5.7444660032091051
57.097549	5.7444660032091051
57.097549	5.7444660032091051
57.121416	5.0745702963636186
57.121416	5.0745702963636186
57.145413	4.9055839357294095
57.157544	4.0713775242292876
57.157544	4.0713775242292876
57.157544	4.0713775242292876
57.157544	4.0713775242292876
57.157544	4.0713775242292876
57.157544	4.0713775242292876
57.21758	3.5587201643845878
57.21758	3.5587201643845878
57.21758	3.5587201643845878
57.21758	3.5587201643845878
57.21758	3.5587201643845878
57.265509	6.8140507527271721
57.277521	8.1504566235268037
57.277521	8.1504566235268037
57.289413	6.4194309919148758
57.289413	6.4194309919148758
57.313487	5.1201796907115043
57.313487	5.1201796907115043
57.337514	4.9978527103123813
57.337514	4.9978527103123813
57.337514	4.9978527103123813
57.361433	7.5939266172734392
57.361433	7.5939266172734392
57.361433	7.5939266172734392
57.361433	7.5939266172734392
57.361433	7.5939266172734392
57.361433	7.5939266172734392
57.361433	7.5939266172734392
57.361433	7.5939266172734392
57.397507	3.8710417681773417
57.45752	4.33552485165868
57.45752	4.33552485165868
57.45752	4.33552485165868
57.45752	4.33552485165868
57.45752	4.33552485165868
57.45752	4.33552485165868
57.517511	6.3907896903262378
57.517511	6.3907896903262378
57.517511	6.3907896903262378
57.517511	6.3907896903262378
57.517511	6.3907896903262378
57.565414	10.041353715587759
57.577557	5.8024704183877969
57.577557	5.8024704183877969
57.577557	5.8024704183877969
57.601413	5.2180355360604747
57.601413	5.2180355360604747
57.601413	5.2180355360604747
57.637509	5.8874946647521922
57.637509	5.8874946647521922
57.649456	6.9074959388972896
57.661413	7.750570011773072
57.673477	6.9616972101735106
57.673477	6.9616972101735106
57.697508	5.9321767293178214
57.697508	5.9321767293178214
57.697508	5.9321767293178214
57.721413	3.3958309970502891
57.721413	3.3958309970502891
57.745491	6.393308382732898
57.757514	8.2077684449824986
57.757514	8.2077684449824986
57.757514	8.2077684449824986
57.757514	8.2077684449824986
57.757514	8.2077684449824986
57.757514	8.2077684449824986
57.81753	4.9153031363682924
57.81753	4.9153031363682924
57.81753	4.9153031363682924
57.81753	4.9153031363682924
57.81753	4.9153031363682924
57.865424	7.5489084113124587
57.877618	4.3229960762127178
57.877618	4.3229960762127178
57.877618	4.3229960762127178
57.877618	4.3229960762127178
57.877618	4.3229960762127178
57.877618	4.3229960762127178
57.937538	4.7331236947303541
57.937538	4.7331236947303541
57.949424	6.5554246608970264
57.961424	8.4264078566764145
57.961424	8.4264078566764145
57.961424	8.4264078566764145
57.997519	3.500999816906389
57.997519	3.500999816906389
57.997519	3.500999816906389
57.997519	3.500999816906389
58.033489	4.5442859227996353
58.033489	4.5442859227996353
58.057526	4.7685629610184934
58.057526	4.7685629610184934
58.069424	5.3337736854127016
58.069424	5.3337736854127016
58.069424	5.3337736854127016
58.069424	5.3337736854127016
58.11752	6.3614789839102164
58.11752	6.3614789839102164
58.11752	6.3614789839102164
58.1415	5.3630817249618694
58.1415	5.3630817249618694
58.1415	5.3630817249618694
58.177541	4.7780677562569496
58.177541	4.7780677562569496
58.177541	4.7780677562569496
58.201424	5.4864165040990382
58.213488	5.1446554480992281
58.225424	4.4256236299455232
58.237537	3.2318469013950715
58.237537	3.2318469013950715
58.237537	3.2318469013950715
58.237537	3.2318469013950715
58.273557	5.3403230916318298
58.285424	4.9156970724433604
58.297518	6.1434612067429253
58.297518	6.1434612067429253
58.309428	6.3460282228184388
58.309428	6.3460282228184388
58.309428	6.3460282228184388
58.309428	6.3460282228184388
58.357529	5.5323766861733548
58.357529	5.5323766861733548
58.357529	5.5323766861733548
58.357529	5.5323766861733548
58.357529	5.5323766861733548
58.357529	5.5323766861733548
58.417521	6.0638055156850958
58.417521	6.0638055156850958
58.417521	6.0638055156850958
58.441427	7.4670018480432496
58.453503	4.5896968016435995
58.465428	3.8726218512584847
58.477537	5.7263202454074698
58.477537	5.7263202454074698
58.477537	5.7263202454074698
58.477537	5.7263202454074698
58.477537	5.7263202454074698
58.525424	5.8726388898276731
58.537643	7.8433601434776481
58.537643	7.8433601434776481
58.549424	7.8256873321499167
58.549424	7.8256873321499167
58.549424	7.8256873321499167
58.549424	7.8256873321499167
58.597524	4.624416585970196
58.597524	4.624416585970196
58.609527	6.0623049238140059
58.609527	6.0623049238140059
58.633468	7.4814742035581556
58.633468	7.4814742035581556
58.657522	9.0411340028231955
58.657522	9.0411340028231955
58.657522	9.0411340028231955
58.657522	9.0411340028231955
58.657522	9.0411340028231955
58.657522	9.0411340028231955
58.717523	5.5832448250536713
58.717523	5.5832448250536713
58.717523	5.5832448250536713
58.717523	5.5832448250536713
58.717523	5.5832448250536713
58.717523	5.5832448250536713
58.777569	6.8935559416873238
58.777569	6.8935559416873238
58.777569	6.8935559416873238
58.777569	6.8935559416873238
58.777579	6.8945663861876447
58.825434	6.1978758255009874
58.837532	7.5405886878009687
58.837532	7.5405886878009687
58.849434	7.8335294911927438
58.849434	7.8335294911927438
58.873512	6.0321107364864286
58.873512	6.0321107364864286
58.897529	5.3616123029078508
58.897529	5.3616123029078508
58.897529	5.3616123029078508
58.921434	5.2256412086666035
58.921434	5.2256412086666035
58.921434	5.2256412086666035
58.957532	6.7711065763986271
58.957532	6.7711065763986271
58.969438	5.1543394517780179
58.969438	5.1543394517780179
58.969438	5.1543394517780179
58.969438	5.1543394517780179
59.017551	5.158268746292773
59.017551	5.158268746292773
59.017551	5.158268746292773
59.017551	5.158268746292773
59.017551	5.158268746292773
59.017551	5.158268746292773
59.077566	5.7785539889307165
59.077566	5.7785539889307165
59.077566	5.7785539889307165
59.077566	5.7785539889307165
59.113506	5.9669812991463713
59.125434	6.1501214498216736
59.137529	6.7418693248216881
59.137529	6.7418693248216881
59.137529	6.7418693248216881
59.137529	6.7418693248216881
59.137529	6.7418693248216881
59.137529	6.7418693248216881
59.197599	5.6779961541523596
59.197599	5.6779961541523596
59.197599	5.6779961541523596
59.197599	5.6779961541523596
59.197599	5.6779961541523596
59.245434	6.9724446617288534
59.257533	5.8850724446290963
59.257533	5.8850724446290963
59.269437	6.0479283772007513
59.269437	6.0479283772007513
59.269437	6.0479283772007513
59.269437	6.0479283772007513
59.317552	7.0826984229048566
59.317552	7.0826984229048566
59.317552	7.0826984229048566
59.317552	7.0826984229048566
59.317552	7.0826984229048566
59.317552	7.0826984229048566
59.377547	6.0859976774022098
59.377547	6.0859976774022098
59.389436	5.652646796464551
59.389436	5.652646796464551
59.389436	5.652646796464551
59.389436	5.652646796464551
59.437547	6.0596365945135133
59.437547	6.0596365945135133
59.437547	6.0596365945135133
59.437547	6.0596365945135133
59.437547	6.0596365945135133
59.437547	6.0596365945135133
59.49757	3.040750637287422
59.49757	3.040750637287422
59.49757	3.040750637287422
59.521434	3.7355149193825716
59.521434	3.7355149193825716
59.545466	5.4031639886072647
59.557534	6.6801575106069908
59.557534	6.6801575106069908
59.557534	6.6801575106069908
59.557534	6.6801575106069908
59.557534	6.6801575106069908
59.557534	6.6801575106069908
59.617537	5.2172595099365964
59.617537	5.2172595099365964
59.617537	5.2172595099365964
59.617537	5.2172595099365964
59.617537	5.2172595099365964
59.617537	5.2172595099365964
59.677564	5.1228681368761899
59.677564	5.1228681368761899
59.677564	5.1228681368761899
59.701447	5.3872208150726708
59.701447	5.3872208150726708
59.725512	5.8068303970077206
59.737566	6.427332346907578
59.737566	6.427332346907578
59.749434	7.6291468716732149
59.749434	7.6291468716732149
59.749434	7.6291468716732149
59.785436	4.760059720695283
59.797531	8.3237008879453711
59.797531	8.3237008879453711
59.797531	8.3237008879453711
59.821444	4.9750878248922783
59.821444	4.9750878248922783
59.821444	4.9750878248922783
59.857609	7.3035056888164265
59.857609	7.3035056888164265
59.857609	7.3035056888164265
59.857609	7.3035056888164265
59.857609	7.3035056888164265
59.857609	7.3035056888164265
59.917537	4.9318459845746512
59.917537	4.9318459845746512
59.929443	3.827227801871496
59.929443	3.827227801871496
59.929443	3.827227801871496
59.929443	3.827227801871496
59.977553	3.4580317340024345
59.977553	3.4580317340024345
59.977553	3.4580317340024345
59.977553	3.4580317340024345
59.977553	3.4580317340024345
59.977553	3.4580317340024345
60.037543	5.9997943107365455
60.037543	5.9997943107365455
60.037543	5.9997943107365455
60.037543	5.9997943107365455
60.037543	5.9997943107365455
60.037543	5.9997943107365455
60.097538	5.3463263167597193
60.097538	5.3463263167597193
60.109443	5.6481798518390924
60.109443	5.6481798518390924
60.133509	5.6528827700854851
60.133509	5.6528827700854851
60.157545	6.725658328235661
60.157545	6.725658328235661
60.157545	6.725658328235661
60.157545	6.725658328235661
60.157545	6.725658328235661
60.157545	6.725658328235661
60.21754	5.9700754581145574
60.21754	5.9700754581145574
60.21754	5.9700754581145574
60.21754	5.9700754581145574
60.21754	5.9700754581145574
60.21754	5.9700754581145574
60.277548	4.9999805937236586
60.277548	4.9999805937236586
60.277548	4.9999805937236586
60.277548	4.9999805937236586
60.277548	4.9999805937236586
60.277548	4.9999805937236586
60.337556	5.6882695081480019
60.337556	5.6882695081480019
60.337556	5.6882695081480019
60.361443	7.51054629001358
60.373514	4.3204586230143871
60.385516	3.1230419954405209
60.397556	4.2508293974402447
60.397556	4.2508293974402447
60.397556	4.2508293974402447
60.397556	4.2508293974402447
60.433511	6.6704914151636503
60.445443	5.6031692538307691
60.457539	4.4075903322309893
60.457539	4.4075903322309893
60.457539	4.4075903322309893
60.457539	4.4075903322309893
60.493508	5.9540355280450852
60.505443	5.3147549376495089
60.517639	4.0522951446493973
60.517639	4.0522951446493973
60.517639	4.0522951446493973
60.517639	4.0522951446493973
60.517639	4.0522951446493973
60.565443	6.7983453313408342
60.577552	5.887534807491333
60.577552	5.887534807491333
60.577552	5.887534807491333
60.577552	5.887534807491333
60.577552	5.887534807491333
60.625443	5.0317487350729291
60.637543	5.1161547050729412
60.637543	5.1161547050729412
60.649514	4.1359018973065611
60.649514	4.1359018973065611
60.649514	4.1359018973065611
60.649514	4.1359018973065611
60.697546	8.554469181905807
60.697546	8.554469181905807
60.697546	8.554469181905807
60.697546	8.554469181905807
60.697546	8.554469181905807
60.697546	8.554469181905807
60.757541	3.9583018924943829
60.757541	3.9583018924943829
60.757541	3.9583018924943829
60.757541	3.9583018924943829
60.757541	3.9583018924943829
60.805443	5.7272247413694695
60.817542	5.8217155115695043
60.817552	5.8217936095694736
60.817552	5.8217936095694736
60.817552	5.8217936095694736
60.817552	5.8217936095694736
60.817552	5.8217936095694736
60.877563	5.716913341504144
60.877563	5.716913341504144
60.889453	5.3872594622713557
60.889453	5.3872594622713557
60.889453	5.3872594622713557
60.889453	5.3872594622713557
60.937548	5.2848030037974709
60.937548	5.2848030037974709
60.937548	5.2848030037974709
60.961453	4.5540437269559169
60.973533	5.3039991189560816
60.985474	5.4679141264705899
60.997551	4.9437717226207623
60.997551	4.9437717226207623
60.997551	4.9437717226207623
60.997551	4.9437717226207623
60.997551	4.9437717226207623
60.997551	4.9437717226207623
61.057554	4.0695223977358301
61.057554	4.0695223977358301
61.057554	4.0695223977358301
61.057554	4.0695223977358301
61.057554	4.0695223977358301
61.105453	6.9905293263135473
61.117583	7.4089494308136956
61.117583	7.4089494308136956
61.129453	6.8963335647995807
61.141453	6.5713680759733659
61.15352	9.3950134950733517
61.15352	9.3950134950733517
61.177634	5.4194227177353325
61.177634	5.4194227177353325
61.177634	5.4194227177353325
61.177634	5.4194227177353325
61.21352	4.7192800955271021
61.225453	5.450544939779971
61.237552	5.3592065640299911
61.237552	5.3592065640299911
61.237552	5.3592065640299911
61.237552	5.3592065640299911
61.273518	5.6125007185663618
61.285454	4.4358461315227942
61.29755	3.1507628579230307
61.29755	3.1507628579230307
61.29755	3.1507628579230307
61.29755	3.1507628579230307
61.29755	3.1507628579230307
61.29755	3.1507628579230307
61.35755	3.9966681898716607
61.35755	3.9966681898716607
61.369453	5.0612069925335117
61.369453	5.0612069925335117
61.369453	5.0612069925335117
61.369453	5.0612069925335117
61.417548	5.630924195805564
61.417548	5.630924195805564
61.417548	5.630924195805564
61.441524	5.9781409766699847
61.441524	5.9781409766699847
61.441524	5.9781409766699847
61.477651	6.8119369101776321
61.477651	6.8119369101776321
61.477651	6.8119369101776321
61.501473	3.9701588116750322
61.501473	3.9701588116750322
61.525453	4.5340896982891365
61.537556	5.0184354192391929
61.537556	5.0184354192391929
61.537556	5.0184354192391929
61.537556	5.0184354192391929
61.537556	5.0184354192391929
61.537556	5.0184354192391929
61.597568	6.3938753418956669
61.597568	6.3938753418956669
61.597568	6.3938753418956669
61.621453	4.2501055878705918
61.621453	4.2501055878705918
61.645453	6.226266818689119
61.65757	7.760841247488421
61.65757	7.760841247488421
61.65757	7.760841247488421
61.65757	7.760841247488421
61.65757	7.760841247488421
61.705524	6.0811295662967604
61.717554	5.1995892112966873
61.717554	5.1995892112966873
61.729453	5.4486195827664696
61.729453	5.4486195827664696
61.729453	5.4486195827664696
61.765473	5.7142401724755274
61.77758	5.488793304075557
61.77758	5.488793304075557
61.77758	5.488793304075557
61.801453	5.1547048118261927
61.813559	5.5239154157260044
61.813559	5.5239154157260044
61.837625	7.8085631182684256
61.837635	7.8097479177679592
61.837635	7.8097479177679592
61.837635	7.8097479177679592
61.837635	7.8097479177679592
61.885463	6.2522472065785495
61.897609	5.1234878469786027
61.897609	5.1234878469786027
61.897609	5.1234878469786027
61.921464	4.7883569039965597
61.921464	4.7883569039965597
61.921464	4.7883569039965597
61.957564	6.8004742413582644
61.957564	6.8004742413582644
61.957564	6.8004742413582644
61.981463	4.7484784615784008
61.981463	4.7484784615784008
61.981463	4.7484784615784008
62.017557	3.2127739823169659
62.017557	3.2127739823169659
62.017557	3.2127739823169659
62.017557	3.2127739823169659
62.053539	5.9986229026390552
62.053539	5.9986229026390552
62.077569	5.9364468805159403
62.077569	5.9364468805159403
62.077569	5.9364468805159403
62.077569	5.9364468805159403
62.077569	5.9364468805159403
62.125463	5.8527543089835143
62.125463	5.8527543089835143
62.137658	5.3080963409836706
62.149463	6.462302165152094
62.161483	7.6098044463563017
62.161483	7.6098044463563017
62.161483	7.6098044463563017
62.197558	4.8656142964991655
62.197558	4.8656142964991655
62.197558	4.8656142964991655
62.197558	4.8656142964991655
62.2336	3.6626264006985152
62.2336	3.6626264006985152
62.257563	5.878251083173212
62.257563	5.878251083173212
62.257563	5.878251083173212
62.257563	5.878251083173212
62.293567	5.4329714499637101
62.293567	5.4329714499637101
62.31761	5.958902445615319
62.31761	5.958902445615319
62.31761	5.958902445615319
62.31761	5.958902445615319
62.31761	5.958902445615319
62.31761	5.958902445615319
62.377566	5.3665658284865136
62.377566	5.3665658284865136
62.389494	3.7620049687976325
62.389494	3.7620049687976325
62.41353	4.6499371444184021
62.425497	5.6142765130554455
62.437557	5.7434668510554054
62.437557	5.7434668510554054
62.437557	5.7434668510554054
62.461463	7.9179587210888496
62.473527	4.7624988810906013
62.485463	3.6217942166787944
62.497634	4.852424717378101
62.497634	4.852424717378101
62.497634	4.852424717378101
62.521463	9.3455803522549488
62.521463	9.3455803522549488
62.545483	16.717922961202646
62.557559	15.410457460202803
62.557559	15.410457460202803
62.557559	15.410457460202803
62.557559	15.410457460202803
62.557559	15.410457460202803
62.557559	15.410457460202803
62.617558	5.5564617139146613
62.617558	5.5564617139146613
62.617558	5.5564617139146613
62.617558	5.5564617139146613
62.617558	5.5564617139146613
62.617558	5.5564617139146613
62.677581	5.3584229590021213
62.677581	5.3584229590021213
62.677581	5.3584229590021213
62.701463	6.2385723185033628
62.701463	6.2385723185033628
62.701463	6.2385723185033628
62.737558	5.7401212213046309
62.737558	5.7401212213046309
62.737558	5.7401212213046309
62.737558	5.7401212213046309
62.737558	5.7401212213046309
62.737558	5.7401212213046309
62.737558	5.7401212213046309
62.737558	5.7401212213046309
62.737558	5.7401212213046309
62.737558	5.7401212213046309
62.797563	8.9950014488341345
62.845473	6.48234224709147
62.85757	5.361892703391252
62.85757	5.361892703391252
62.85757	5.361892703391252
62.85757	5.361892703391252
62.85757	5.361892703391252
62.905484	5.545775100305697
62.917573	5.8150950512055664
62.917573	5.8150950512055664
62.917573	5.8150950512055664
62.941493	4.0414998656461769
62.953544	4.4788378862460929
62.965474	5.0884277134090814
62.965474	5.0884277134090814
62.965474	5.0884277134090814
62.965474	5.0884277134090814
62.965474	5.0884277134090814
62.977573	5.9179357583588965
63.025544	5.4796456050783169
63.037572	5.8234906424782862
63.037572	5.8234906424782862
63.037572	5.8234906424782862
63.037572	5.8234906424782862
63.037572	5.8234906424782862
63.037572	5.8234906424782862
63.097588	4.6495981572972322
63.097588	4.6495981572972322
63.097588	4.6495981572972322
63.121474	5.9561193790139093
63.121474	5.9561193790139093
63.121474	5.9561193790139093
63.157648	4.7478760507829074
63.157648	4.7478760507829074
63.157648	4.7478760507829074
63.157648	4.7478760507829074
63.157648	4.7478760507829074
63.205495	6.0511574328170301
63.217572	5.1570186223173256
63.217572	5.1570186223173256
63.217572	5.1570186223173256
63.217572	5.1570186223173256
63.217572	5.1570186223173256
63.265474	6.431991373652215
63.277594	4.3083352756520181
63.277594	4.3083352756520181
63.277594	4.3083352756520181
63.277594	4.3083352756520181
63.277594	4.3083352756520181
63.277594	4.3083352756520181
63.337595	5.3439391058129271
63.337595	5.3439391058129271
63.349563	5.9500770779616108
63.349563	5.9500770779616108
63.349563	5.9500770779616108
63.349563	5.9500770779616108
63.397567	5.7418588181222896
63.397567	5.7418588181222896
63.397567	5.7418588181222896
63.397567	5.7418588181222896
63.397567	5.7418588181222896
63.397567	5.7418588181222896
63.457575	7.1048998759303252
63.457575	7.1048998759303252
63.457575	7.1048998759303252
63.481473	2.4624150764648189
63.481473	2.4624150764648189
63.481473	2.4624150764648189
63.517572	5.0835625887304339
63.517572	5.0835625887304339
63.517572	5.0835625887304339
63.541473	2.1603278147697345
63.541473	2.1603278147697345
63.541473	2.1603278147697345
63.577571	2.6853034822250565
63.577571	2.6853034822250565
63.58964	3.6887312554665499
63.601474	5.0475157813499862
63.613539	5.7425611273498642
63.613539	5.7425611273498642
63.637568	5.7970042864786278
63.637568	5.7970042864786278
63.637568	5.7970042864786278
63.637568	5.7970042864786278
63.673536	5.9524131936367404
63.68556	5.8020850840750215
63.697573	5.5950878797751216
63.697573	5.5950878797751216
63.697573	5.5950878797751216
63.721497	6.7307192978737849
63.721497	6.7307192978737849
63.721497	6.7307192978737849
63.75757	7.8247399153341481
63.75757	7.8247399153341481
63.75757	7.8247399153341481
63.781474	4.5949037703140601
63.781474	4.5949037703140601
63.781474	4.5949037703140601
63.817635	5.5439513854342408
63.817635	5.5439513854342408
63.829474	5.7541843376442392
63.829484	5.7540833616442066
63.829484	5.7540833616442066
63.865484	2.8387869180006491
63.87758	3.3890466588005479
63.87758	3.3890466588005479
63.87758	3.3890466588005479
63.87758	3.3890466588005479
63.913555	6.903290791029602
63.913555	6.903290791029602
63.937581	5.7705064821722569
63.937581	5.7705064821722569
63.937581	5.7705064821722569
63.937581	5.7705064821722569
63.937581	5.7705064821722569
63.985508	6.537269547750431
63.99759	6.6733775064504037
63.99759	6.6733775064504037
63.99759	6.6733775064504037
63.99759	6.6733775064504037
63.99759	6.6733775064504037
64.045483	3.6347650711063855
64.057581	2.3776080550066951
64.057581	2.3776080550066951
64.057581	2.3776080550066951
64.057581	2.3776080550066951
64.057581	2.3776080550066951
64.105484	5.3340505930476487
64.117599	6.8617569390472379
64.117599	6.8617569390472379
64.117599	6.8617569390472379
64.141484	3.9154208800293695
64.153552	6.0427220616296697
64.165484	6.5617766470916763
64.17761	5.1962211019919708
64.17761	5.1962211019919708
64.17761	5.1962211019919708
64.17761	5.1962211019919708
64.17761	5.1962211019919708
64.225483	6.0397861734246812
64.237594	5.5549555936744079
64.237594	5.5549555936744079
64.237594	5.5549555936744079
64.261483	22.921756575961531
64.261483	22.921756575961531
64.285483	8.0001364422114403
64.297579	7.5511492518113634
64.297579	7.5511492518113634
64.297579	7.5511492518113634
64.297579	7.5511492518113634
64.333548	3.9248271837443833
64.345563	4.4168262025991689
64.357592	5.944209079049255
64.357592	5.944209079049255
64.369483	5.7743897053171214
64.369483	5.7743897053171214
64.369483	5.7743897053171214
64.405484	5.405842080970805
64.41758	5.4875233449708194
64.41758	5.4875233449708194
64.41758	5.4875233449708194
64.41758	5.4875233449708194
64.41758	5.4875233449708194
64.465484	4.8531321132157652
64.465484	4.8531321132157652
64.477682	5.3746435755157815
64.489731	10.390809134076306
64.489731	10.390809134076306
64.489731	10.390809134076306
64.489731	10.390809134076306
64.537578	4.323750967761292
64.537578	4.323750967761292
64.537578	4.323750967761292
64.537578	4.323750967761292
64.537578	4.323750967761292
64.585484	6.4258895731972867
64.597579	5.8703148194470751
64.597579	5.8703148194470751
64.597579	5.8703148194470751
64.597579	5.8703148194470751
64.633549	5.8320363264643564
64.633549	5.8320363264643564
64.657587	4.932040153244853
64.657587	4.932040153244853
64.669484	5.152747575650853
64.669484	5.152747575650853
64.693549	6.3375656130926483
64.693549	6.3375656130926483
64.717582	6.6397492922211887
64.717582	6.6397492922211887
64.717582	6.6397492922211887
64.741554	4.6806521570427684
64.741554	4.6806521570427684
64.741554	4.6806521570427684
64.777589	4.9837779278822048
64.777589	4.9837779278822048
64.777589	4.9837779278822048
64.801483	5.6920836857066384
64.801483	5.6920836857066384
64.801483	5.6920836857066384
64.83758	5.9274949000414923
64.83758	5.9274949000414923
64.837589	5.9274067450415755
64.837589	5.9274067450415755
64.837589	5.9274067450415755
64.837589	5.9274067450415755
64.897629	5.3327482617212123
64.897629	5.3327482617212123
64.909551	5.5492552670232822
64.921493	5.6118120284596866
64.921493	5.6118120284596866
64.921493	5.6118120284596866
64.957592	4.7420436281979672
64.957592	4.7420436281979672
64.969492	4.7282504807558894
64.969492	4.7282504807558894
64.969492	4.7282504807558894
64.969492	4.7282504807558894
65.017608	5.2279085375795855
65.017608	5.2279085375795855
65.017608	5.2279085375795855
65.017608	5.2279085375795855
65.017608	5.2279085375795855
65.065493	5.5153548069029528
65.077589	5.2181270565029019
65.077589	5.2181270565029019
65.089493	5.4614225366166531
65.089493	5.4614225366166531
65.089493	5.4614225366166531
65.089493	5.4614225366166531
65.137658	6.1132789821941449
65.137658	6.1132789821941449
65.137658	6.1132789821941449
65.137658	6.1132789821941449
65.137658	6.1132789821941449
65.185492	6.0029963742211141
65.197593	4.7818560268707451
65.197593	4.7818560268707451
65.209654	4.9908352605050839
65.221493	5.4902094881078316
65.221493	5.4902094881078316
65.221493	5.4902094881078316
65.25759	5.3437683635789597
65.25759	5.3437683635789597
65.25759	5.3437683635789597
65.25759	5.3437683635789597
65.25759	5.3437683635789597
65.25759	5.3437683635789597
65.317617	5.2172191880076104
65.317617	5.2172191880076104
65.317617	5.2172191880076104
65.317617	5.2172191880076104
65.317617	5.2172191880076104
65.365493	5.6645546212815088
65.377589	7.3283648644817934
65.377589	7.3283648644817934
65.377589	7.3283648644817934
65.401569	4.6560193432102288
65.401569	4.6560193432102288
65.401569	4.6560193432102288
65.437595	5.4298327111736242
65.437595	5.4298327111736242
65.437595	5.4298327111736242
65.437595	5.4298327111736242
65.437595	5.4298327111736242
65.437595	5.4298327111736242
65.497588	3.897312112824296
65.497588	3.897312112824296
65.497588	3.897312112824296
65.521493	5.7176918200010647
65.521493	5.7176918200010647
65.521493	5.7176918200010647
65.55759	5.7352536004947963
65.55759	5.7352536004947963
65.55759	5.7352536004947963
65.581513	3.5105580353068899
65.593556	3.343030873056779
65.605492	3.9301416994962799
65.617587	5.4205480744968462
65.617587	5.4205480744968462
65.629493	5.6186663161426944
65.629493	5.6186663161426944
65.629493	5.6186663161426944
65.66557	3.5444656919321855
65.677621	3.7451823275322185
65.677621	3.7451823275322185
65.677621	3.7451823275322185
65.677621	3.7451823275322185
65.677621	3.7451823275322185
65.677621	3.7451823275322185
65.737588	4.1171332788640891
65.737588	4.1171332788640891
65.737588	4.1171332788640891
65.737588	4.1171332788640891
65.737588	4.1171332788640891
65.737588	4.1171332788640891
65.797654	6.4825885419452458
65.797654	6.4825885419452458
65.797654	6.4825885419452458
65.797654	6.4825885419452458
65.797654	6.4825885419452458
65.797654	6.4825885419452458
65.857617	7.2050775517663386
65.857627	7.2075177592636468
65.857627	7.2075177592636468
65.881501	7.6403089616996107
65.881501	7.6403089616996107
65.905501	3.8384263424646927
65.917595	3.0431515092642245
65.917595	3.0431515092642245
65.917595	3.0431515092642245
65.917595	3.0431515092642245
65.953573	3.8632039569178862
65.953573	3.8632039569178862
65.977623	4.7775451793446049
65.977623	4.7775451793446049
65.989502	3.8979524375973078
65.989502	3.8979524375973078
65.989502	3.8979524375973078
66.025501	4.9153889327773292
66.025501	4.9153889327773292
66.025501	4.9153889327773292
66.025501	4.9153889327773292
66.025501	4.9153889327773292
66.037596	4.3787652297777564
66.085501	5.5346239466270895
66.097599	6.2093517879277149
66.097599	6.2093517879277149
66.097599	6.2093517879277149
66.097599	6.2093517879277149
66.097599	6.2093517879277149
66.145502	8.1594823474365583
66.157599	9.2627154407378125
66.157599	9.2627154407378125
66.157599	9.2627154407378125
66.181501	2.9237472387006256
66.193632	5.2112225816504321
66.205501	6.299708536981008
66.217594	6.0528529186808102
66.217594	6.0528529186808102
66.217594	6.0528529186808102
66.217594	6.0528529186808102
66.217594	6.0528529186808102
66.265501	6.2946645576443112
66.277617	4.3204471696429385
66.277617	4.3204471696429385
66.277617	4.3204471696429385
66.277617	4.3204471696429385
66.277617	4.3204471696429385
66.277617	4.3204471696429385
66.337617	5.8838833689733239
66.337617	5.8838833689733239
66.349501	6.4856031733075188
66.349501	6.4856031733075188
66.373594	5.8302417673384772
66.385501	5.6029361459190801
66.397595	6.3143191340186631
66.397595	6.3143191340186631
66.397595	6.3143191340186631
66.397595	6.3143191340186631
66.433566	8.5319739144435562
66.433566	8.5319739144435562
66.457686	8.5715829341117455
66.457686	8.5715829341117455
66.457686	8.5715829341117455
66.457686	8.5715829341117455
66.457686	8.5715829341117455
66.457686	8.5715829341117455
66.517596	4.770448442643489
66.517596	4.770448442643489
66.517596	4.770448442643489
66.517596	4.770448442643489
66.517596	4.770448442643489
66.517596	4.770448442643489
66.577618	3.987058348768648
66.577618	3.987058348768648
66.577618	3.987058348768648
66.577618	3.987058348768648
66.577618	3.987058348768648
66.577618	3.987058348768648
66.637596	5.4929592152481561
66.637596	5.4929592152481561
66.637596	5.4929592152481561
66.637596	5.4929592152481561
66.637596	5.4929592152481561
66.637596	5.4929592152481561
66.697596	4.6423102531616784
66.697596	4.6423102531616784
66.697596	4.6423102531616784
66.697596	4.6423102531616784
66.697596	4.6423102531616784
66.697596	4.6423102531616784
66.697596	4.6423102531616784
66.697596	4.6423102531616784
66.757603	4.0593926416038553
66.781501	6.0939490960638656
66.781501	6.0939490960638656
66.781501	6.0939490960638656
66.817613	6.7599662191769569
66.817613	6.7599662191769569
66.829501	6.7550739320082283
66.829501	6.7550739320082283
66.829501	6.7550739320082283
66.86553	7.8176362363934846
66.87761	6.5760683323935032
66.87761	6.5760683323935032
66.87761	6.5760683323935032
66.901511	5.0021833605274209
66.901511	5.0021833605274209
66.925511	6.0617725899430646
66.937608	6.5583435526430449
66.937608	6.5583435526430449
66.937608	6.5583435526430449
66.937608	6.5583435526430449
66.937608	6.5583435526430449
66.937608	6.5583435526430449
66.937608	6.5583435526430449
66.937608	6.5583435526430449
66.937608	6.5583435526430449
66.937608	6.5583435526430449
66.937608	6.5583435526430449
66.997608	5.7779246069806378
67.057607	6.8636542333464341
67.057607	6.8636542333464341
67.057607	6.8636542333464341
67.057607	6.8636542333464341
67.093575	5.5129011389027225
67.093575	5.5129011389027225
67.11769	2.8501520740148587
67.11769	2.8501520740148587
67.11769	2.8501520740148587
67.141511	5.881500707364772
67.141511	5.881500707364772
67.165512	8.4940060198685821
67.17764	6.3425182246699414
67.17764	6.3425182246699414
67.17764	6.3425182246699414
67.17764	6.3425182246699414
67.17764	6.3425182246699414
67.17764	6.3425182246699414
67.237625	5.5081405185534695
67.237625	5.5081405185534695
67.237625	5.5081405185534695
67.237625	5.5081405185534695
67.237625	5.5081405185534695
67.237625	5.5081405185534695
67.297605	5.5240158316538794
67.297605	5.5240158316538794
67.297605	5.5240158316538794
67.321512	5.8097822571516966
67.321512	5.8097822571516966
67.321512	5.8097822571516966
67.35761	10.475146496558953
67.35761	10.475146496558953
67.35761	10.475146496558953
67.35761	10.475146496558953
67.35761	10.475146496558953
67.405511	4.9748774031566594
67.417794	4.9529111001066619
67.417794	4.9529111001066619
67.417794	4.9529111001066619
67.417794	4.9529111001066619
67.417794	4.9529111001066619
67.417794	4.9529111001066619
67.477635	5.1136279388499233
67.477635	5.1136279388499233
67.477635	5.1136279388499233
67.477635	5.1136279388499233
67.477635	5.1136279388499233
67.525511	5.9430907783256854
67.537607	6.022378243925699
67.537607	6.022378243925699
67.537607	6.022378243925699
67.537607	6.022378243925699
67.537607	6.022378243925699
67.537607	6.022378243925699
67.597609	5.3157099865620108
67.597609	5.3157099865620108
67.597609	5.3157099865620108
67.597609	5.3157099865620108
67.597609	5.3157099865620108
67.597609	5.3157099865620108
67.657613	10.838010987137991
67.657613	10.838010987137991
67.657613	10.838010987137991
67.657613	10.838010987137991
67.657613	10.838010987137991
67.657613	10.838010987137991
67.717613	4.4618986090977639
67.717613	4.4618986090977639
67.717613	4.4618986090977639
67.717613	4.4618986090977639
67.717613	4.4618986090977639
67.717613	4.4618986090977639
67.777679	7.4361239727503818
67.777679	7.4361239727503818
67.777679	7.4361239727503818
67.777679	7.4361239727503818
67.777679	7.4361239727503818
67.825512	4.611393365263301
67.837611	5.7302641189627925
67.837611	5.7302641189627925
67.837611	5.7302641189627925
67.837622	5.7312813582628532
67.873626	6.529076832494435
67.873626	6.529076832494435
67.897617	5.6011159335572058
67.897617	5.6011159335572058
67.909602	5.4858824352045712
67.909602	5.4858824352045712
67.909602	5.4858824352045712
67.909602	5.4858824352045712
67.957617	7.1289370951395385
67.957617	7.1289370951395385
67.969534	6.0568022017346674
67.981523	5.0492960402578868
67.993596	7.0253920036084256
67.993596	7.0253920036084256
68.017616	6.4177382059385968
68.017616	6.4177382059385968
68.029522	5.6966029806881089
68.029522	5.6966029806881089
68.029522	5.6966029806881089
68.029522	5.6966029806881089
68.077626	7.1570610740281122
68.077626	7.1570610740281122
68.077626	7.1570610740281122
68.077626	7.1570610740281122
68.113596	6.7234823332299696
68.125522	5.6611463533225654
68.137638	4.2313911095232495
68.137638	4.2313911095232495
68.137638	4.2313911095232495
68.137638	4.2313911095232495
68.137638	4.2313911095232495
68.137638	4.2313911095232495
68.197617	7.0044325457803369
68.197617	7.0044325457803369
68.197617	7.0044325457803369
68.221523	4.6358425494681441
68.221523	4.6358425494681441
68.221523	4.6358425494681441
68.257639	7.624470842313416
68.257639	7.624470842313416
68.257639	7.624470842313416
68.257639	7.624470842313416
68.293586	5.9913819548059521
68.293586	5.9913819548059521
68.317637	6.2987466271087538
68.317637	6.2987466271087538
68.317637	6.2987466271087538
68.317637	6.2987466271087538
68.353594	5.2967344476757336
68.365523	6.0485448248283307
68.377621	6.8059322511290334
68.377621	6.8059322511290334
68.377621	6.8059322511290334
68.377621	6.8059322511290334
68.377621	6.8059322511290334
68.425522	5.6521440864498107
68.437723	5.1334692055995133
68.437723	5.1334692055995133
68.437723	5.1334692055995133
68.461522	7.5144904285783953
68.473591	5.528826134578531
68.473591	5.528826134578531
68.497617	5.0288555770396766
68.497617	5.0288555770396766
68.509523	4.9107958403210921
68.521543	4.7641703955002974
68.533586	5.2775580661506369
68.545522	5.3510795932265465
68.557621	4.9130782496767464
68.557621	4.9130782496767464
68.557621	4.9130782496767464
68.557621	4.9130782496767464
68.557621	4.9130782496767464
68.557621	4.9130782496767464
68.617621	6.397864834340492
68.617621	6.397864834340492
68.617621	6.397864834340492
68.617621	6.397864834340492
68.617621	6.397864834340492
68.617621	6.397864834340492
68.677622	5.642187818944512
68.677622	5.642187818944512
68.677622	5.642187818944512
68.677622	5.642187818944512
68.677622	5.642187818944512
68.725522	4.7757979783666533
68.737624	5.2412318218666973
68.737624	5.2412318218666973
68.737624	5.2412318218666973
68.737624	5.2412318218666973
68.7736	5.7411074404638409
68.785543	9.4216658690749107
68.797616	19.310217089977606
68.797616	19.310217089977606
68.797616	19.310217089977606
68.797616	19.310217089977606
68.797616	19.310217089977606
68.797616	19.310217089977606
68.857617	5.7212766473847232
68.857628	5.7216458898847451
68.857628	5.7216458898847451
68.857628	5.7216458898847451
68.857628	5.7216458898847451
68.905533	6.7160052705964786
68.917659	7.2597078270963618
68.917659	7.2597078270963618
68.917659	7.2597078270963618
68.917659	7.2597078270963618
68.917659	7.2597078270963618
68.917659	7.2597078270963618
68.977633	2.4966656412521679
68.977633	2.4966656412521679
68.977633	2.4966656412521679
68.977633	2.4966656412521679
68.977633	2.4966656412521679
69.025533	4.6622191757668991
69.037628	5.8438002872673476
69.037628	5.8438002872673476
69.049553	5.3324683001142796
69.049553	5.3324683001142796
69.049553	5.3324683001142796
69.049553	5.3324683001142796
69.097705	5.3378321205966124
69.097705	5.3378321205966124
69.109533	4.5738973993983638
69.109533	4.5738973993983638
69.109533	4.5738973993983638
69.109533	4.5738973993983638
69.157628	5.7825248216754304
69.157628	5.7825248216754304
69.157628	5.7825248216754304
69.157628	5.7825248216754304
69.157628	5.7825248216754304
69.205533	7.073588249542575
69.217627	10.512499008540559
69.217627	10.512499008540559
69.217627	10.512499008540559
69.217627	10.512499008540559
69.217627	10.512499008540559
69.217627	10.512499008540559
69.277636	5.7720609395301734
69.277636	5.7720609395301734
69.289534	5.989856947791246
69.289534	5.989856947791246
69.289534	5.989856947791246
69.289534	5.989856947791246
69.337629	6.7065447227052637
69.337629	6.7065447227052637
69.349537	7.988823961824111
69.349537	7.988823961824111
69.373607	6.6673073262494906
69.373607	6.6673073262494906
69.397649	5.0627508063674416
69.397649	5.0627508063674416
69.397649	5.0627508063674416
69.421533	6.0198301168022228
69.421533	6.0198301168022228
69.445556	5.9152706320253712
69.457633	8.728291364627097
69.457633	8.728291364627097
69.457633	8.728291364627097
69.457633	8.728291364627097
69.457633	8.728291364627097
69.505533	5.8890109118429343
69.51763	5.9148313534929331
69.51763	5.9148313534929331
69.51763	5.9148313534929331
69.51763	5.9148313534929331
69.51763	5.9148313534929331
69.565533	9.8801887139642837
69.57763	5.7905734646144378
69.57763	5.7905734646144378
69.57763	5.7905734646144378
69.57763	5.7905734646144378
69.57763	5.7905734646144378
69.57763	5.7905734646144378
69.63763	5.8306424706683986
69.63763	5.8306424706683986
69.63763	5.8306424706683986
69.661536	4.5405082505192471
69.673603	7.0443105944201241
69.685534	7.9325121002594843
69.697627	6.9729325502598476
69.697627	6.9729325502598476
69.697627	6.9729325502598476
69.721533	5.055344138129982
69.721533	5.055344138129982
69.721533	5.055344138129982
69.757747	8.4522532053458299
69.757747	8.4522532053458299
69.757747	8.4522532053458299
69.757747	8.4522532053458299
69.79363	4.4876059290659454
69.79363	4.4876059290659454
69.817628	5.5445241339814606
69.817628	5.5445241339814606
69.817628	5.5445241339814606
69.841533	5.3486031744325651
69.841533	5.3486031744325651
69.841533	5.3486031744325651
69.877707	5.8822642038345494
69.877707	5.8822642038345494
69.877707	5.8822642038345494
69.901546	5.1905520192114691
69.901546	5.1905520192114691
69.901546	5.1905520192114691
69.937641	8.6247887654559854
69.937641	8.6247887654559854
69.949546	8.3959310516610834
69.949546	8.3959310516610834
69.973617	6.6942091873017251
69.985547	5.4791586948223205
69.997646	3.7031591887710427
69.997646	3.7031591887710427
69.997646	3.7031591887710427
69.997646	3.7031591887710427
69.997646	3.7031591887710427
69.997646	3.7031591887710427
69.997646	3.7031591887710427
70.057648	8.5074934226343935
70.069815	7.016480895120158
70.081547	5.1209380881783897
70.081547	5.1209380881783897
70.081547	5.1209380881783897
70.11764	6.0489396880114361
70.11764	6.0489396880114361
70.11764	6.0489396880114361
70.11764	6.0489396880114361
70.11764	6.0489396880114361
70.11764	6.0489396880114361
70.177649	5.1594680969571325
70.177649	5.1594680969571325
70.177649	5.1594680969571325
70.201546	7.3418399589214882
70.21361	5.7419394229199225
70.225547	5.4340126649925766
70.237643	6.610468415392778
70.237643	6.610468415392778
70.237643	6.610468415392778
70.237643	6.610468415392778
70.273629	5.8420347090134745
70.285617	5.7520722215786089
70.297646	5.8336865807786129
70.297646	5.8336865807786129
70.297646	5.8336865807786129
70.297646	5.8336865807786129
70.297646	5.8336865807786129
70.297646	5.8336865807786129
70.357643	5.8480139417772268
70.357643	5.8480139417772268
70.357643	5.8480139417772268
70.357643	5.8480139417772268
70.357643	5.8480139417772268
70.357643	5.8480139417772268
70.41771	6.8367041390747172
70.41771	6.8367041390747172
70.41771	6.8367041390747172
70.441546	5.2253337930453236
70.441546	5.2253337930453236
70.465547	5.909648379979382
70.477649	5.4075067500793352
70.477649	5.4075067500793352
70.477649	5.4075067500793352
70.477649	5.4075067500793352
70.477649	5.4075067500793352
70.477649	5.4075067500793352
70.537643	6.152353790841687
70.537643	6.152353790841687
70.537643	6.152353790841687
70.537643	6.152353790841687
70.537643	6.152353790841687
70.537643	6.152353790841687
70.59764	6.8387374917597068
70.59764	6.8387374917597068
70.59764	6.8387374917597068
70.621546	6.7444901100834009
70.633611	6.4191573850831514
70.645546	6.6013444892026811
70.657662	7.375725301603218
70.657662	7.375725301603218
70.657662	7.375725301603218
70.657662	7.375725301603218
70.693612	5.1643318837302576
70.693612	5.1643318837302576
70.717683	5.1766597544953967
70.717683	5.1766597544953967
70.717683	5.1766597544953967
70.717683	5.1766597544953967
70.717683	5.1766597544953967
70.717683	5.1766597544953967
70.717683	5.1766597544953967
70.717683	5.1766597544953967
70.717683	5.1766597544953967
70.777644	4.8300650962617251
70.813698	5.1412268357642921
70.813698	5.1412268357642921
70.837659	5.1623982666090766
70.837659	5.1623982666090766
70.84955	4.9783203225565416
70.861546	4.9324854218094485
70.861557	4.9335381091595103
70.885558	5.9705696243971458
70.897651	4.3867252283977436
70.897651	4.3867252283977436
70.897651	4.3867252283977436
70.897651	4.3867252283977436
70.897651	4.3867252283977436
70.897651	4.3867252283977436
70.957657	3.7935720852394805
70.957657	3.7935720852394805
70.957657	3.7935720852394805
70.957657	3.7935720852394805
70.957657	3.7935720852394805
71.005558	5.4162613729935973
71.017678	4.2372356509923774
71.017678	4.2372356509923774
71.017678	4.2372356509923774
71.017678	4.2372356509923774
71.017678	4.2372356509923774
71.017678	4.2372356509923774
71.077724	5.7763405270739341
71.077724	5.7763405270739341
71.077724	5.7763405270739341
71.077724	5.7763405270739341
71.077724	5.7763405270739341
71.077724	5.7763405270739341
71.137652	5.9998294072117551
71.137652	5.9998294072117551
71.137652	5.9998294072117551
71.137652	5.9998294072117551
71.137652	5.9998294072117551
71.137652	5.9998294072117551
71.197654	7.077514248893535
71.197654	7.077514248893535
71.197654	7.077514248893535
71.221557	8.0322313274005435
71.221557	8.0322313274005435
71.221557	8.0322313274005435
71.221557	8.0322313274005435
71.221557	8.0322313274005435
71.221557	8.0322313274005435
71.221557	8.0322313274005435
71.221557	8.0322313274005435
71.257661	8.7247421258245339
71.317688	5.8923178042410447
71.317688	5.8923178042410447
71.317688	5.8923178042410447
71.317688	5.8923178042410447
71.317688	5.8923178042410447
71.317688	5.8923178042410447
71.377736	7.4818346176411881
71.377736	7.4818346176411881
71.377736	7.4818346176411881
71.401557	5.4086860709151674
71.401557	5.4086860709151674
71.401557	5.4086860709151674
71.437654	5.8061412631182003
71.437654	5.8061412631182003
71.44958	7.587057909476087
71.44958	7.587057909476087
71.44958	7.587057909476087
71.44958	7.587057909476087
71.497652	6.1139787313717271
71.497652	6.1139787313717271
71.497652	6.1139787313717271
71.497652	6.1139787313717271
71.533622	6.33443045542493
71.533622	6.33443045542493
71.557655	5.9644134465879288
71.557655	5.9644134465879288
71.557655	5.9644134465879288
71.557655	5.9644134465879288
71.593628	4.3728372736771446
71.60565	4.4200315823889396
71.617655	4.8805679926391088
71.617655	4.8805679926391088
71.617655	4.8805679926391088
71.617655	4.8805679926391088
71.617655	4.8805679926391088
71.617655	4.8805679926391088
71.677661	5.1694606444912132
71.677661	5.1694606444912132
71.677661	5.1694606444912132
71.677661	5.1694606444912132
71.677661	5.1694606444912132
71.677661	5.1694606444912132
71.737735	4.5291580634672961
71.737735	4.5291580634672961
71.737735	4.5291580634672961
71.737735	4.5291580634672961
71.737735	4.5291580634672961
71.737735	4.5291580634672961
71.797654	7.2113175095370607
71.797654	7.2113175095370607
71.797654	7.2113175095370607
71.797654	7.2113175095370607
71.797654	7.2113175095370607
71.797654	7.2113175095370607
71.857657	7.5925260515940955
71.857657	7.5925260515940955
71.857657	7.5925260515940955
71.857669	7.5938191319938939
71.857669	7.5938191319938939
71.857669	7.5938191319938939
71.857669	7.5938191319938939
71.857669	7.5938191319938939
71.857669	7.5938191319938939
71.857669	7.5938191319938939
71.857669	7.5938191319938939
71.917664	5.8480318627308998
71.977685	4.1640756458411161
71.977685	4.1640756458411161
71.977685	4.1640756458411161
71.977685	4.1640756458411161
71.977685	4.1640756458411161
71.977685	4.1640756458411161
72.037668	3.1762625786047587
72.037668	3.1762625786047587
72.037668	3.1762625786047587
72.037668	3.1762625786047587
72.073634	4.3705044045978942
72.073634	4.3705044045978942
72.09767	6.8764892181035719
72.09767	6.8764892181035719
72.09767	6.8764892181035719
72.09767	6.8764892181035719
72.09767	6.8764892181035719
72.145588	6.4900811399953282
72.157667	7.3789946803455013
72.157667	7.3789946803455013
72.157667	7.3789946803455013
72.181569	4.3531501196299702
72.181569	4.3531501196299702
72.205569	6.7706468573322836
72.217663	5.9764622982318159
72.217663	5.9764622982318159
72.217663	5.9764622982318159
72.217663	5.9764622982318159
72.217663	5.9764622982318159
72.217663	5.9764622982318159
72.277677	4.7019800368813591
72.277677	4.7019800368813591
72.277677	4.7019800368813591
72.301573	6.8484556931036549
72.313641	4.6374315547033422
72.325569	4.6695643700593754
72.337687	7.2746174843600997
72.337687	7.2746174843600997
72.337687	7.2746174843600997
72.337687	7.2746174843600997
72.337687	7.2746174843600997
72.337687	7.2746174843600997
72.397784	5.2280498997498155
72.397784	5.2280498997498155
72.397784	5.2280498997498155
72.397784	5.2280498997498155
72.397784	5.2280498997498155
72.397784	5.2280498997498155
72.457666	6.0090013060671872
72.457666	6.0090013060671872
72.457666	6.0090013060671872
72.481569	6.1079182658714304
72.481569	6.1079182658714304
72.505569	5.8209327543193394
72.517662	5.5125400915690932
72.517662	5.5125400915690932
72.517662	5.5125400915690932
72.517662	5.5125400915690932
72.517662	5.5125400915690932
72.517662	5.5125400915690932
72.577674	4.9113315013971146
72.577674	4.9113315013971146
72.577674	4.9113315013971146
72.577674	4.9113315013971146
72.577674	4.9113315013971146
72.577674	4.9113315013971146
72.637673	4.4438098635286902
72.637673	4.4438098635286902
72.637673	4.4438098635286902
72.637673	4.4438098635286902
72.673634	5.8331447471374558
72.673634	5.8331447471374558
72.697747	4.9019101879975491
72.697747	4.9019101879975491
72.697747	4.9019101879975491
72.697747	4.9019101879975491
72.733652	5.0732783036783662
72.745569	4.8791844064534287
72.75767	4.8635989235034236
72.75767	4.8635989235034236
72.75767	4.8635989235034236
72.75767	4.8635989235034236
72.75767	4.8635989235034236
72.805569	4.1400667263514652
72.817664	5.7320626348501991
72.817664	5.7320626348501991
72.817664	5.7320626348501991
72.841569	3.9547779512628716
72.853646	6.4124740206614863
72.86559	6.8893618453860537
72.877671	5.1254814808843721
72.877681	5.1240214358859832
72.877681	5.1240214358859832
72.901579	5.9993396366881546
72.901579	5.9993396366881546
72.925672	5.4600063082029271
72.937674	6.3614879301027614
72.937674	6.3614879301027614
72.937674	6.3614879301027614
72.937674	6.3614879301027614
72.937674	6.3614879301027614
72.98558	4.927020077815647
72.997692	5.7796334170159493
72.997692	5.7796334170159493
72.997692	5.7796334170159493
73.021579	5.9771605996920467
73.021579	5.9771605996920467
73.021579	5.9771605996920467
73.057762	7.8985111036299491
73.057762	7.8985111036299491
73.057762	7.8985111036299491
73.057762	7.8985111036299491
73.057762	7.8985111036299491
73.105579	6.0390242354756323
73.117691	6.8550986986749658
73.117691	6.8550986986749658
73.117691	6.8550986986749658
73.117691	6.8550986986749658
73.117691	6.8550986986749658
73.165579	3.6750586835963439
73.177682	5.7966776694485906
73.177682	5.7966776694485906
73.177682	5.7966776694485906
73.177682	5.7966776694485906
73.213645	6.0108999749798109
73.225582	7.2279734921472238
73.237673	8.418552498347271
73.237673	8.418552498347271
73.237673	8.418552498347271
73.2616	7.1671143204309065
73.2616	7.1671143204309065
73.28558	4.3682497998638024
73.297687	5.0118579198639468
73.297687	5.0118579198639468
73.297687	5.0118579198639468
73.297687	5.0118579198639468
73.297687	5.0118579198639468
73.345579	5.755874078721213
73.357761	6.3722607420211173
73.357761	6.3722607420211173
73.357761	6.3722607420211173
73.381579	6.117428630317935
73.381579	6.117428630317935
73.405579	7.2576293749472391
73.417692	6.0744230558470642
73.417692	6.0744230558470642
73.417692	6.0744230558470642
73.417692	6.0744230558470642
73.417692	6.0744230558470642
73.417692	6.0744230558470642
73.477678	3.0415374388086214
73.477678	3.0415374388086214
73.477678	3.0415374388086214
73.501599	8.0584313404953214
73.513668	8.0808736459953199
73.525579	7.7966413234335388
73.537676	7.1548071653328096
73.537676	7.1548071653328096
73.537676	7.1548071653328096
73.537676	7.1548071653328096
73.537676	7.1548071653328096
73.537676	7.1548071653328096
73.597698	4.1917512661698595
73.597698	4.1917512661698595
73.597698	4.1917512661698595
73.597698	4.1917512661698595
73.597698	4.1917512661698595
73.597698	4.1917512661698595
73.657677	5.9946735863335689
73.657677	5.9946735863335689
73.669579	7.0838816312716828
73.669579	7.0838816312716828
73.669579	7.0838816312716828
73.705579	5.1358985475916485
73.717795	6.1645859187914427
73.717795	6.1645859187914427
73.717795	6.1645859187914427
73.717795	6.1645859187914427
73.717795	6.1645859187914427
73.7656	6.003713120407042
73.777682	4.0014864968079067
73.777682	4.0014864968079067
73.78958	3.9420486879167278
73.78958	3.9420486879167278
73.78958	3.9420486879167278
73.78958	3.9420486879167278
73.837687	4.3311893270374995
73.837687	4.3311893270374995
73.837687	4.3311893270374995
73.837687	4.3311893270374995
73.837687	4.3311893270374995
73.837687	4.3311893270374995
73.897703	7.3273025302273904
73.897703	7.3273025302273904
73.909591	7.1667249627819629
73.909591	7.1667249627819629
73.909591	7.1667249627819629
73.945591	4.9841380745979977
73.957689	6.7341071206996226
73.957689	6.7341071206996226
73.957689	6.7341071206996226
73.957689	6.7341071206996226
73.957689	6.7341071206996226
73.957689	6.7341071206996226
73.957689	6.7341071206996226
73.957689	6.7341071206996226
74.017728	6.5342013122667488
74.041591	5.7159556693339368
74.041591	5.7159556693339368
74.041591	5.7159556693339368
74.077703	5.8467464484077905
74.077703	5.8467464484077905
74.077703	5.8467464484077905
74.077703	5.8467464484077905
74.077703	5.8467464484077905
74.077703	5.8467464484077905
74.137686	5.3602485758134248
74.137686	5.3602485758134248
74.149595	6.582199703717599
74.161611	7.4673880821676173
74.161611	7.4673880821676173
74.161611	7.4673880821676173
74.197685	4.7651941878284827
74.197685	4.7651941878284827
74.197685	4.7651941878284827
74.197685	4.7651941878284827
74.233655	4.8794019618333513
74.233655	4.8794019618333513
74.257693	4.2851591405388376
74.257693	4.2851591405388376
74.257693	4.2851591405388376
74.281595	6.3039061911052974
74.281595	6.3039061911052974
74.305591	5.5132045208377791
74.31771	5.5762760384877827
74.31771	5.5762760384877827
74.31771	5.5762760384877827
74.31771	5.5762760384877827
74.31771	5.5762760384877827
74.31771	5.5762760384877827
74.377761	5.0870754344580185
74.377761	5.0870754344580185
74.377761	5.0870754344580185
74.377761	5.0870754344580185
74.377761	5.0870754344580185
74.425611	5.8912367225080509
74.437687	6.1088709983079736
74.437687	6.1088709983079736
74.437687	6.1088709983079736
74.437687	6.1088709983079736
74.437687	6.1088709983079736
74.485591	4.6438098733358482
74.497693	3.1525838854357091
74.497693	3.1525838854357091
74.497693	3.1525838854357091
74.497693	3.1525838854357091
74.497693	3.1525838854357091
74.497693	3.1525838854357091
74.497693	3.1525838854357091
74.497693	3.1525838854357091
74.497693	3.1525838854357091
74.497693	3.1525838854357091
74.557713	6.9081885446189597
74.605591	4.678330883469326
74.617685	5.8958423292686115
74.617685	5.8958423292686115
74.617685	5.8958423292686115
74.617685	5.8958423292686115
74.617685	5.8958423292686115
74.617685	5.8958423292686115
74.677695	5.7554176559646422
74.677695	5.7554176559646422
74.677695	5.7554176559646422
74.677695	5.7554176559646422
74.677695	5.7554176559646422
74.725592	6.0839417622463561
74.737687	6.9042210337457037
74.737687	6.9042210337457037
74.737687	6.9042210337457037
74.737687	6.9042210337457037
74.737687	6.9042210337457037
74.737687	6.9042210337457037
74.797732	5.9381319295925561
74.797732	5.9381319295925561
74.809725	5.2438736614126782
74.821591	4.5073059927431354
74.821591	4.5073059927431354
74.821591	4.5073059927431354
74.85769	8.6535080484820774
74.85769	8.6535080484820774
74.85769	8.6535080484820774
74.85769	8.6535080484820774
74.85769	8.6535080484820774
74.905682	6.6231243151390053
74.917729	5.8744936176391382
74.917729	5.8744936176391382
74.929623	6.3635142769043407
74.929623	6.3635142769043407
74.929623	6.3635142769043407
74.965604	7.8242570284288409
74.977703	6.5797181963779447
74.977703	6.5797181963779447
74.977703	6.5797181963779447
74.977703	6.5797181963779447
74.977703	6.5797181963779447
74.977703	6.5797181963779447
74.977703	6.5797181963779447
74.977703	6.5797181963779447
74.977703	6.5797181963779447
74.977703	6.5797181963779447
74.977703	6.5797181963779447
75.037782	5.2888758699513554
75.097697	5.478678374684451
75.097697	5.478678374684451
75.097697	5.478678374684451
75.121603	5.83037364600888
75.121603	5.83037364600888
75.145604	6.5457103750553856
75.1577	7.3473582598555227
75.1577	7.3473582598555227
75.1577	7.3473582598555227
75.181603	5.8738913005555835
75.181603	5.8738913005555835
75.181603	5.8738913005555835
75.217698	7.0564188751040895
75.217698	7.0564188751040895
75.217698	7.0564188751040895
75.217698	7.0564188751040895
75.217698	7.0564188751040895
75.217698	7.0564188751040895
75.277703	5.8614940084763045
75.277703	5.8614940084763045
75.277703	5.8614940084763045
75.277703	5.8614940084763045
75.277703	5.8614940084763045
75.277703	5.8614940084763045
75.337703	5.5573976064907171
75.337703	5.5573976064907171
75.337703	5.5573976064907171
75.361604	16.358691732184475
75.373668	9.6973460281858053
75.385603	6.0188106385694944
75.397698	5.625475191069345
75.397698	5.625475191069345
75.397698	5.625475191069345
75.397698	5.625475191069345
75.433736	6.3944956264661688
75.433736	6.3944956264661688
75.457718	6.0173815090219502
75.457718	6.0173815090219502
75.457718	6.0173815090219502
75.457718	6.0173815090219502
75.457718	6.0173815090219502
75.457718	6.0173815090219502
75.517697	6.4572980039541612
75.517697	6.4572980039541612
75.517697	6.4572980039541612
75.517697	6.4572980039541612
75.517697	6.4572980039541612
75.517697	6.4572980039541612
75.577711	5.8353537462845697
75.577711	5.8353537462845697
75.577711	5.8353537462845697
75.577711	5.8353537462845697
75.577711	5.8353537462845697
75.577711	5.8353537462845697
75.637698	5.357582472574383
75.637698	5.357582472574383
75.637698	5.357582472574383
75.637698	5.357582472574383
75.637698	5.357582472574383
75.637698	5.357582472574383
75.69779	5.6451219947144882
75.69779	5.6451219947144882
75.709603	5.6067256663590745
75.709603	5.6067256663590745
75.709603	5.6067256663590745
75.745603	6.7345666778767548
75.7577	8.3345890847266944
75.7577	8.3345890847266944
75.769604	6.1490446741347418
75.769604	6.1490446741347418
75.769604	6.1490446741347418
75.769604	6.1490446741347418
75.817704	5.4066968916654412
75.817704	5.4066968916654412
75.82969	5.5154996394614155
75.841603	5.9428453947523598
75.841603	5.9428453947523598
75.841603	5.9428453947523598
75.8777	5.5515948503536166
75.8777	5.5515948503536166
75.8777	5.5515948503536166
75.877714	5.5491655773548176
75.913712	6.4172957113393156
75.913712	6.4172957113393156
75.937713	6.0366754378442007
75.937713	6.0366754378442007
75.937713	6.0366754378442007
75.937713	6.0366754378442007
75.937713	6.0366754378442007
75.937713	6.0366754378442007
75.997797	6.5808313469414808
75.997797	6.5808313469414808
75.997797	6.5808313469414808
76.021618	5.3047912846768517
76.021618	5.3047912846768517
76.045617	5.3095296684460482
76.045617	5.3095296684460482
76.045617	5.3095296684460482
76.045617	5.3095296684460482
76.045617	5.3095296684460482
76.045617	5.3095296684460482
76.057717	6.8337799784468274
76.117713	6.4129864736944224
76.117713	6.4129864736944224
76.117713	6.4129864736944224
76.141618	5.6368567601480573
76.153686	6.5556340279481873
76.153686	6.5556340279481873
76.177734	7.8911489477044823
76.177734	7.8911489477044823
76.189617	7.1561321913739793
76.189617	7.1561321913739793
76.189617	7.1561321913739793
76.189617	7.1561321913739793
76.237715	6.0596614900282884
76.237715	6.0596614900282884
76.237715	6.0596614900282884
76.237715	6.0596614900282884
76.237715	6.0596614900282884
76.285625	5.6161719373947321
76.285625	5.6161719373947321
76.285625	5.6161719373947321
76.297711	6.2636032455954345
76.321618	6.6645087921524286
76.321618	6.6645087921524286
76.321618	6.6645087921524286
76.357805	7.9014454470166227
76.357805	7.9014454470166227
76.369618	6.451878207788865
76.369618	6.451878207788865
76.369618	6.451878207788865
76.369618	6.451878207788865
76.369618	6.451878207788865
76.417731	6.6347992833571565
76.429917	7.0421312126919782
76.441618	7.1211992079666784
76.441618	7.1211992079666784
76.441618	7.1211992079666784
76.477716	5.0288119581506843
76.477716	5.0288119581506843
76.477716	5.0288119581506843
76.477716	5.0288119581506843
76.513689	6.5967412091917019
76.513689	6.5967412091917019
76.537716	5.6432725215588144
76.537716	5.6432725215588144
76.537716	5.6432725215588144
76.537716	5.6432725215588144
76.537716	5.6432725215588144
76.585617	4.2478923897761609
76.597719	5.6719347297762948
76.597719	5.6719347297762948
76.597719	5.6719347297762948
76.597719	5.6719347297762948
76.633686	6.7252347396397729
76.633686	6.7252347396397729
76.657718	6.8730667844765145
76.657718	6.8730667844765145
76.657718	6.8730667844765145
76.657718	6.8730667844765145
76.657718	6.8730667844765145
76.657718	6.8730667844765145
76.717713	5.1943056996663701
76.717713	5.1943056996663701
76.717713	5.1943056996663701
76.717713	5.1943056996663701
76.717713	5.1943056996663701
76.765617	4.9387780436555566
76.777714	6.8541486756054848
76.777714	6.8541486756054848
76.777714	6.8541486756054848
76.777714	6.8541486756054848
76.777714	6.8541486756054848
76.825618	5.9143942182113074
76.837718	7.8046955432100535
76.837718	7.8046955432100535
76.849617	7.8739761589053696
76.849617	7.8739761589053696
76.849617	7.8739761589053696
76.849617	7.8739761589053696
76.897714	4.2388184312522093
76.897714	4.2388184312522093
76.897725	4.2391032262022259
76.897725	4.2391032262022259
76.897725	4.2391032262022259
76.945629	4.3407823353499522
76.957729	4.6711437953501207
76.957729	4.6711437953501207
76.957729	4.6711437953501207
76.957729	4.6711437953501207
76.957729	4.6711437953501207
76.957729	4.6711437953501207
77.017816	5.9022281756019961
77.017816	5.9022281756019961
77.017816	5.9022281756019961
77.017816	5.9022281756019961
77.053707	4.9040068245266166
77.053707	4.9040068245266166
77.077725	7.5972905021634949
77.077725	7.5972905021634949
77.089635	6.3627744093099583
77.101629	4.7089730832054268
77.101629	4.7089730832054268
77.125629	5.8655812427024507
77.137755	5.1717242471025999
77.137755	5.1717242471025999
77.137755	5.1717242471025999
77.137755	5.1717242471025999
77.173693	5.183570661722519
77.173693	5.183570661722519
77.197728	6.8927588142557434
77.197728	6.8927588142557434
77.209628	6.4729163827117677
77.209628	6.4729163827117677
77.209628	6.4729163827117677
77.245628	5.9187241423341401
77.257725	6.3678954299341237
77.257725	6.3678954299341237
77.257725	6.3678954299341237
77.281728	6.5778812802083211
77.281728	6.5778812802083211
77.305628	4.5461281183597553
77.317751	4.8234150727598681
77.317751	4.8234150727598681
77.329628	4.9297664095899973
77.329628	4.9297664095899973
77.353714	6.6128413673925301
77.353714	6.6128413673925301
77.377738	4.5189749652800373
77.377738	4.5189749652800373
77.377738	4.5189749652800373
77.377738	4.5189749652800373
77.377738	4.5189749652800373
77.425628	7.4568248669077928
77.437723	13.690634432660161
77.437723	13.690634432660161
77.449632	9.6154273481457277
77.461628	4.1038274692537184
77.461628	4.1038274692537184
77.461628	4.1038274692537184
77.497743	4.1906369102928389
77.497743	4.1906369102928389
77.497743	4.1906369102928389
77.497743	4.1906369102928389
77.497743	4.1906369102928389
77.545715	7.1790548847700073
77.557729	10.55305883566886
77.557729	10.55305883566886
77.569631	7.8151790190474451
77.581708	4.3281991378535807
77.59371	5.3636536848533911
77.59371	5.3636536848533911
77.617722	5.5390317527351396
77.617722	5.5390317527351396
77.617722	5.5390317527351396
77.617722	5.5390317527351396
77.617722	5.5390317527351396
77.617722	5.5390317527351396
77.677833	5.6742672184769152
77.677833	5.6742672184769152
77.677833	5.6742672184769152
77.677833	5.6742672184769152
77.677833	5.6742672184769152
77.677833	5.6742672184769152
77.737734	5.6093729478295487
77.737734	5.6093729478295487
77.737734	5.6093729478295487
77.737734	5.6093729478295487
77.773708	5.1369135662905494
77.773708	5.1369135662905494
77.797726	5.5571124428993608
77.797726	5.5571124428993608
77.809715	5.2719657135488962
77.809715	5.2719657135488962
77.809715	5.2719657135488962
77.809715	5.2719657135488962
77.857755	4.9776157337960463
77.857755	4.9776157337960463
77.857755	4.9776157337960463
77.881651	4.4304296385089694
77.881651	4.4304296385089694
77.881651	4.4304296385089694
77.917738	4.6563802858798322
77.917751	4.6541573014805842
77.917751	4.6541573014805842
77.917751	4.6541573014805842
77.917751	4.6541573014805842
77.965641	5.4915003516533254
77.97774	4.7206676171036763
77.97774	4.7206676171036763
77.97774	4.7206676171036763
78.001642	6.0760865572255831
78.013704	5.8851040864255415
78.013704	5.8851040864255415
78.037735	5.6782177925097592
78.037735	5.6782177925097592
78.037735	5.6782177925097592
78.037735	5.6782177925097592
78.037735	5.6782177925097592
78.037735	5.6782177925097592
78.097743	6.2052479738207298
78.097743	6.2052479738207298
78.109648	5.5070111153103509
78.121641	4.8527057287379938
78.133705	5.3205090439384515
78.133705	5.3205090439384515
78.15774	6.4792567899182973
78.15774	6.4792567899182973
78.15774	6.4792567899182973
78.15774	6.4792567899182973
78.15774	6.4792567899182973
78.15774	6.4792567899182973
78.217739	5.2824792036579353
78.217739	5.2824792036579353
78.229745	4.9861932539998595
78.229745	4.9861932539998595
78.253719	6.0502886569286591
78.253719	6.0502886569286591
78.277748	7.0517807077546912
78.277748	7.0517807077546912
78.277748	7.0517807077546912
78.277748	7.0517807077546912
78.313724	7.0189043345300055
78.325642	7.1458077479423814
78.337828	6.8133121286423206
78.337828	6.8133121286423206
78.337828	6.8133121286423206
78.337828	6.8133121286423206
78.337828	6.8133121286423206
78.385641	6.5593035546632619
78.397741	6.4548642196633317
78.397741	6.4548642196633317
78.409642	6.9197800799229636
78.409642	6.9197800799229636
78.409642	6.9197800799229636
78.445641	6.7355667999086863
78.457739	6.2734939732082573
78.457739	6.2734939732082573
78.457739	6.2734939732082573
78.457739	6.2734939732082573
78.457739	6.2734939732082573
78.457739	6.2734939732082573
78.517748	5.0471893805092174
78.517748	5.0471893805092174
78.517748	5.0471893805092174
78.517748	5.0471893805092174
78.517748	5.0471893805092174
78.565642	7.1705337704158989
78.577737	3.8405988454146351
78.577737	3.8405988454146351
78.577737	3.8405988454146351
78.577737	3.8405988454146351
78.613707	5.983181842377995
78.625641	6.4444715487140423
78.637822	6.3299786754140355
78.637822	6.3299786754140355
78.637822	6.3299786754140355
78.637822	6.3299786754140355
78.637822	6.3299786754140355
78.637822	6.3299786754140355
78.637822	6.3299786754140355
78.637822	6.3299786754140355
78.637822	6.3299786754140355
78.637822	6.3299786754140355
78.637822	6.3299786754140355
78.697754	5.8888050820729188
78.757759	6.3758854760704331
78.757759	6.3758854760704331
78.769737	7.3978092514034426
78.781642	8.413013423412993
78.781642	8.413013423412993
78.781642	8.413013423412993
78.817735	4.5615899768032655
78.817735	4.5615899768032655
78.817735	4.5615899768032655
78.817735	4.5615899768032655
78.817735	4.5615899768032655
78.817735	4.5615899768032655
78.877751	3.2259681023780002
78.877751	3.2259681023780002
78.889641	3.7675934004771596
78.889641	3.7675934004771596
78.913714	4.7805674638860713
78.925675	4.6245779225549253
78.937753	4.1631343091547386
78.937753	4.1631343091547386
78.949655	5.8698825747355983
78.949655	5.8698825747355983
78.949655	5.8698825747355983
78.949655	5.8698825747355983
78.997838	5.9115277755942843
78.997838	5.9115277755942843
78.997838	5.9115277755942843
78.997838	5.9115277755942843
78.997838	5.9115277755942843
78.997838	5.9115277755942843
79.057772	7.9811775699901544
79.057772	7.9811775699901544
79.069655	6.4683421797693432
79.081655	4.5695189471841147
79.081655	4.5695189471841147
79.105654	5.3545575619183037
79.117759	5.1961618211682019
79.117759	5.1961618211682019
79.117759	5.1961618211682019
79.141654	16.734944641178323
79.153722	10.846976492177491
79.165658	7.0151195519895166
79.177752	5.37175175938855
79.177752	5.37175175938855
79.177752	5.37175175938855
79.177752	5.37175175938855
79.177752	5.37175175938855
79.177752	5.37175175938855
79.237748	6.5294533979526648
79.237748	6.5294533979526648
79.237748	6.5294533979526648
79.237748	6.5294533979526648
79.237748	6.5294533979526648
79.285655	5.0227743369008611
79.297752	5.9054367807008283
79.297752	5.9054367807008283
79.297752	5.9054367807008283
79.297752	5.9054367807008283
79.33372	7.0559652859046604
79.345691	6.8442308854550493
79.357752	5.4591251417544564
79.357752	5.4591251417544564
79.369655	5.4015706589718873
79.369655	5.4015706589718873
79.369655	5.4015706589718873
79.369655	5.4015706589718873
79.369655	5.4015706589718873
79.369655	5.4015706589718873
79.41775	5.5527255249187846
79.441654	5.3152702987207965
79.441654	5.3152702987207965
79.465654	5.3981745335133393
79.477752	6.1877916367131442
79.477752	6.1877916367131442
79.489662	6.2731178210084391
79.501655	6.0804142593514365
79.513744	5.1526602745010122
79.513744	5.1526602745010122
79.537757	5.7366641968711996
79.537757	5.7366641968711996
79.537757	5.7366641968711996
79.537757	5.7366641968711996
79.57372	4.8390204383452602
79.585655	3.5387072151690346
79.597782	4.2929041420187151
79.597782	4.2929041420187151
79.597782	4.2929041420187151
79.597782	4.2929041420187151
79.597782	4.2929041420187151
79.597782	4.2929041420187151
79.657834	9.4527085276729856
79.657834	9.4527085276729856
79.657834	9.4527085276729856
79.657834	9.4527085276729856
79.657834	9.4527085276729856
79.657834	9.4527085276729856
79.717782	5.3473406390595635
79.717782	5.3473406390595635
79.717782	5.3473406390595635
79.741654	6.0551869743813889
79.741654	6.0551869743813889
79.765654	5.0321768359670402
79.777768	5.3463413119670209
79.777768	5.3463413119670209
79.777768	5.3463413119670209
79.777768	5.3463413119670209
79.777768	5.3463413119670209
79.777768	5.3463413119670209
79.837753	4.8673425483637303
79.837753	4.8673425483637303
79.837753	4.8673425483637303
79.837753	4.8673425483637303
79.837753	4.8673425483637303
79.837753	4.8673425483637303
79.897769	6.0090015417501048
79.897769	6.0090015417501048
79.897769	6.0090015417501048
79.897781	6.0094821681500292
79.897781	6.0094821681500292
79.897781	6.0094821681500292
79.957769	9.2966194653896732
79.957769	9.2966194653896732
79.957769	9.2966194653896732
79.981667	5.2753148646146908
79.993739	5.6235190290148589
79.993739	5.6235190290148589
80.017762	3.6425208932477262
80.017762	3.6425208932477262
80.017762	3.6425208932477262
80.041687	4.8794721967506769
80.041687	4.8794721967506769
80.041687	4.8794721967506769
80.077781	5.6525556698016919
80.077781	5.6525556698016919
80.077781	5.6525556698016919
80.077781	5.6525556698016919
80.077781	5.6525556698016919
80.077781	5.6525556698016919
80.137767	5.5393732174043224
80.137767	5.5393732174043224
80.137767	5.5393732174043224
80.137767	5.5393732174043224
80.137767	5.5393732174043224
80.137767	5.5393732174043224
80.197764	5.0478226380168447
80.197764	5.0478226380168447
80.209667	4.014272765822704
80.209667	4.014272765822704
80.233733	3.7839866185281226
80.233733	3.7839866185281226
80.257774	7.1541114169028726
80.257774	7.1541114169028726
80.257774	7.1541114169028726
80.281667	3.4326691760779822
80.281667	3.4326691760779822
80.305687	5.0314811030645004
80.317854	4.3521853260648715
80.317854	4.3521853260648715
80.317854	4.3521853260648715
80.317854	4.3521853260648715
80.317854	4.3521853260648715
80.317854	4.3521853260648715
80.377776	5.120236218355517
80.377776	5.120236218355517
80.377776	5.120236218355517
80.401666	4.7094251195094365
80.401666	4.7094251195094365
80.425667	5.231868468715084
80.437779	6.6738814023155966
80.437779	6.6738814023155966
80.437779	6.6738814023155966
80.461666	11.751902712260589
80.461666	11.751902712260589
80.461666	11.751902712260589
80.497759	4.3348997664991105
80.497759	4.3348997664991105
80.497759	4.3348997664991105
80.521666	4.0568754751289813
80.521666	4.0568754751289813
80.521666	4.0568754751289813
80.557763	3.0934911209835372
80.557763	3.0934911209835372
80.557763	3.0934911209835372
80.557763	3.0934911209835372
80.557763	3.0934911209835372
80.557763	3.0934911209835372
80.557763	3.0934911209835372
80.557763	3.0934911209835372
80.557763	3.0934911209835372
80.557763	3.0934911209835372
80.617842	4.2932384026876766
80.665666	5.3548210412985169
80.665666	5.3548210412985169
80.665666	5.3548210412985169
80.665666	5.3548210412985169
80.665666	5.3548210412985169
80.665666	5.3548210412985169
80.677762	5.3713084940985194
80.737761	5.7023817707537949
80.737761	5.7023817707537949
80.737761	5.7023817707537949
80.737761	5.7023817707537949
80.737761	5.7023817707537949
80.785667	5.7062086446025688
80.797764	4.5380436941026128
80.797764	4.5380436941026128
80.797764	4.5380436941026128
80.821667	6.2854976084088294
80.821667	6.2854976084088294
80.821667	6.2854976084088294
80.857767	6.5201626542786304
80.857767	6.5201626542786304
80.857767	6.5201626542786304
80.857767	6.5201626542786304
80.857767	6.5201626542786304
80.857767	6.5201626542786304
80.91776	5.3207974559575337
80.92968	5.1844571960243133
80.92968	5.1844571960243133
80.941681	5.3179984497187887
80.941681	5.3179984497187887
80.941681	5.3179984497187887
80.977863	6.5083297247677159
80.977863	6.5083297247677159
80.977863	6.5083297247677159
80.977863	6.5083297247677159
81.013751	5.2228590037042091
81.025681	5.1182569807640492
81.037797	4.9500959877641302
81.037797	4.9500959877641302
81.037797	4.9500959877641302
81.06168	4.4132877398521471
81.06168	4.4132877398521471
81.08568	6.6869239520700345
81.097776	5.8479320864698909
81.097776	5.8479320864698909
81.097776	5.8479320864698909
81.097776	5.8479320864698909
81.097776	5.8479320864698909
81.097776	5.8479320864698909
81.157787	7.1712097453775661
81.157787	7.1712097453775661
81.1697	8.0068103299316498
81.18168	8.7052904000101989
81.18168	8.7052904000101989
81.18168	8.7052904000101989
81.18168	8.7052904000101989
81.18168	8.7052904000101989
81.18168	8.7052904000101989
81.18168	8.7052904000101989
81.18168	8.7052904000101989
81.18168	8.7052904000101989
81.18168	8.7052904000101989
81.18168	8.7052904000101989
81.217775	5.4268710851697399
81.277821	7.2151464149376405
81.313766	6.2685604968940956
81.325681	6.0833488910875975
81.337776	5.6073749608374168
81.337776	5.6073749608374168
81.349681	5.68682849963362
81.361681	5.8779453597926006
81.373814	5.972774461192552
81.38568	6.0997265319868132
81.397781	6.2671880356368641
81.397781	6.2671880356368641
81.397781	6.2671880356368641
81.397781	6.2671880356368641
81.397781	6.2671880356368641
81.397781	6.2671880356368641
81.457778	6.0235850988289634
81.457778	6.0235850988289634
81.457778	6.0235850988289634
81.481688	5.5644270011770134
81.493747	5.8651018865269142
81.493747	5.8651018865269142
81.517776	5.5916478296222794
81.517776	5.5916478296222794
81.517776	5.5916478296222794
81.517776	5.5916478296222794
81.553752	8.3725176867404461
81.565681	7.7196767354205802
81.577797	5.4553811044190068
81.577797	5.4553811044190068
81.577797	5.4553811044190068
81.601701	5.2560927963073496
81.601701	5.2560927963073496
81.62568	6.2270678279839498
81.637854	6.4451449508840231
81.637854	6.4451449508840231
81.637854	6.4451449508840231
81.637854	6.4451449508840231
81.637854	6.4451449508840231
81.637854	6.4451449508840231
81.697775	6.0386348361715019
81.697775	6.0386348361715019
81.70974	6.2937900699946159
81.70974	6.2937900699946159
81.70974	6.2937900699946159
81.70974	6.2937900699946159
81.757777	6.5650725670226073
81.757777	6.5650725670226073
81.76976	6.5195972560102469
81.76976	6.5195972560102469
81.76976	6.5195972560102469
81.76976	6.5195972560102469
81.817776	5.1219714679254675
81.817776	5.1219714679254675
81.829681	4.8073143671951968
81.829681	4.8073143671951968
81.829681	4.8073143671951968
81.865717	8.0418783987807121
81.877783	5.4685119015823025
81.877783	5.4685119015823025
81.877783	5.4685119015823025
81.901751	3.8400406086682279
81.901751	3.8400406086682279
81.901751	3.8400406086682279
81.937825	5.0845997800249192
81.937825	5.0845997800249192
81.937825	5.0845997800249192
81.937825	5.0845997800249192
81.973758	7.9332187337025886
81.985693	7.1067394126175518
81.997807	5.3897313376176577
81.997807	5.3897313376176577
81.997807	5.3897313376176577
81.997807	5.3897313376176577
81.997807	5.3897313376176577
81.997807	5.3897313376176577
82.057791	5.0316027967362649
82.057791	5.0316027967362649
82.069696	4.398162345645126
82.081693	4.0938952596238183
82.093798	5.9874894883750338
82.093798	5.9874894883750338
82.117788	4.0736778781291134
82.117788	4.0736778781291134
82.129712	4.929503348699888
82.129712	4.929503348699888
82.129712	4.929503348699888
82.129712	4.929503348699888
82.129712	4.929503348699888
82.129712	4.929503348699888
82.177791	5.6649700980218158
82.201696	2.9234795022987119
82.213756	4.4780213412997032
82.225692	5.1805803760140936
82.237787	4.9632090360140113
82.237787	4.9632090360140113
82.237787	4.9632090360140113
82.261721	4.2194058978171469
82.261721	4.2194058978171469
82.261721	4.2194058978171469
82.297905	5.8679402554625568
82.297905	5.8679402554625568
82.309692	5.2526396360566103
82.309692	5.2526396360566103
82.309692	5.2526396360566103
82.345693	5.6849941294003532
82.357796	4.881330118250446
82.357796	4.881330118250446
82.369693	5.3403378982529963
82.369693	5.3403378982529963
82.369693	5.3403378982529963
82.369693	5.3403378982529963
82.417796	5.2821066780295913
82.417796	5.2821066780295913
82.417796	5.2821066780295913
82.417796	5.2821066780295913
82.417796	5.2821066780295913
82.417796	5.2821066780295913
82.477798	5.6425217206675935
82.477798	5.6425217206675935
82.489712	5.2419153495917037
82.501693	5.4610209089564927
82.501693	5.4610209089564927
82.525693	6.3316780133793529
82.537787	5.8356540926796434
82.537787	5.8356540926796434
82.537787	5.8356540926796434
82.537787	5.8356540926796434
82.537787	5.8356540926796434
82.537787	5.8356540926796434
82.597867	6.6852710054952924
82.597867	6.6852710054952924
82.597867	6.6852710054952924
82.621713	5.0867233474143863
82.621713	5.0867233474143863
82.621713	5.0867233474143863
82.657809	6.5412082582795623
82.657809	6.5412082582795623
82.657809	6.5412082582795623
82.657809	6.5412082582795623
82.657809	6.5412082582795623
82.657809	6.5412082582795623
82.717786	5.4929671540663723
82.717786	5.4929671540663723
82.717786	5.4929671540663723
82.717786	5.4929671540663723
82.753781	4.7156629689238176
82.765693	4.7303247020721564
82.777791	5.2308153326720328
82.777791	5.2308153326720328
82.777791	5.2308153326720328
82.80176	6.5463918640310652
82.80176	6.5463918640310652
82.80176	6.5463918640310652
82.837791	5.5015063747570832
82.837791	5.5015063747570832
82.837791	5.5015063747570832
82.837791	5.5015063747570832
82.837791	5.5015063747570832
82.885713	6.27571635602831
82.897788	5.7518062560277698
82.897788	5.7518062560277698
82.897788	5.7518062560277698
82.897788	5.7518062560277698
82.897788	5.7518062560277698
82.945705	5.7027923969652221
82.95787	6.3719087579651337
82.95787	6.3719087579651337
82.95787	6.3719087579651337
82.981705	7.967572192837757
82.981705	7.967572192837757
83.005705	5.303146922259808
83.017817	5.110947044659965
83.017817	5.110947044659965
83.017817	5.110947044659965
83.017817	5.110947044659965
83.053779	5.6122303678926153
83.065705	6.4776002705251301
83.077821	5.9849649221247887
83.077821	5.9849649221247887
83.077821	5.9849649221247887
83.077821	5.9849649221247887
83.077821	5.9849649221247887
83.125708	6.7247515376945488
83.137799	4.8105914728944725
83.137799	4.8105914728944725
83.137799	4.8105914728944725
83.137799	4.8105914728944725
83.137799	4.8105914728944725
83.137799	4.8105914728944725
83.1978	4.9260926400286742
83.1978	4.9260926400286742
83.1978	4.9260926400286742
83.1978	4.9260926400286742
83.233771	13.612459292610929
83.233771	13.612459292610929
83.25786	4.9981508254169285
83.25786	4.9981508254169285
83.25786	4.9981508254169285
83.25786	4.9981508254169285
83.25786	4.9981508254169285
83.305704	5.7441583443718267
83.317817	6.3549545524219173
83.317817	6.3549545524219173
83.317817	6.3549545524219173
83.317817	6.3549545524219173
83.317817	6.3549545524219173
83.317817	6.3549545524219173
83.377799	5.8605707007523131
83.377799	5.8605707007523131
83.389708	5.7657134608160732
83.401705	5.3803873575265149
83.413787	4.7854878005267718
83.413787	4.7854878005267718
83.437803	5.2644106943763793
83.437803	5.2644106943763793
83.437803	5.2644106943763793
83.437803	5.2644106943763793
83.473775	5.1417517412352911
83.473775	5.1417517412352911
83.497803	6.1378007325259025
83.497803	6.1378007325259025
83.497803	6.1378007325259025
83.521708	5.5047435769576243
83.521708	5.5047435769576243
83.545716	7.5671855945488016
83.557801	8.7617497767989416
83.557801	8.7617497767989416
83.557801	8.7617497767989416
83.557801	8.7617497767989416
83.557801	8.7617497767989416
83.557801	8.7617497767989416
83.617869	5.2395806838806607
83.617869	5.2395806838806607
83.617869	5.2395806838806607
83.617869	5.2395806838806607
83.617869	5.2395806838806607
83.665705	7.0373677508386638
83.677823	4.8454536105380539
83.677823	4.8454536105380539
83.677823	4.8454536105380539
83.677823	4.8454536105380539
83.677823	4.8454536105380539
83.725704	5.7691384472095777
83.7378	5.5315645400095379
83.7378	5.5315645400095379
83.7378	5.5315645400095379
83.7378	5.5315645400095379
83.773787	4.7465531952556432
83.773787	4.7465531952556432
83.797798	5.5601238420422998
83.797798	5.5601238420422998
83.809782	6.0359811695903165
83.809782	6.0359811695903165
83.809782	6.0359811695903165
83.845705	6.4104736539499925
83.857801	7.7204559387502165
83.857801	7.7204559387502165
83.857801	7.7204559387502165
83.857801	7.7204559387502165
83.857801	7.7204559387502165
83.857801	7.7204559387502165
83.917844	6.6122108053994531
83.917844	6.6122108053994531
83.917844	6.6122108053994531
83.917857	6.6122269299494478
83.917857	6.6122269299494478
83.965718	5.756638493608393
83.977813	5.5247192876083053
83.977813	5.5247192876083053
83.977813	5.5247192876083053
83.977813	5.5247192876083053
83.977813	5.5247192876083053
83.977813	5.5247192876083053
84.037831	3.2720723546630173
84.037831	3.2720723546630173
84.049799	4.7659251256714539
84.049799	4.7659251256714539
84.049799	4.7659251256714539
84.085717	5.4851385988387769
84.097812	5.8188281585889037
84.097812	5.8188281585889037
84.097812	5.8188281585889037
84.121718	5.5727691205537484
84.133779	6.9646290242543447
84.133779	6.9646290242543447
84.15784	5.5800142600473563
84.15784	5.5800142600473563
84.15784	5.5800142600473563
84.15784	5.5800142600473563
84.15784	5.5800142600473563
84.205718	5.7196145410362611
84.217814	4.5680692930360642
84.217814	4.5680692930360642
84.229718	6.0270581472356346
84.229718	6.0270581472356346
84.253792	7.7816914960002483
84.253792	7.7816914960002483
84.277901	4.5636789096166233
84.277901	4.5636789096166233
84.277901	4.5636789096166233
84.301738	6.0961598112293611
84.301738	6.0961598112293611
84.301738	6.0961598112293611
84.33783	5.610937250480089
84.33783	5.610937250480089
84.349729	6.0045478257398379
84.361718	6.1069554490390372
84.361718	6.1069554490390372
84.385718	4.5725753880717521
84.39781	5.541663939472727
84.39781	5.541663939472727
84.39781	5.541663939472727
84.39781	5.541663939472727
84.39781	5.541663939472727
84.39781	5.541663939472727
84.457843	4.304005655175227
84.457843	4.304005655175227
84.457843	4.304005655175227
84.457843	4.304005655175227
84.457843	4.304005655175227
84.457843	4.304005655175227
84.517814	5.8950033894114071
84.517814	5.8950033894114071
84.529717	5.8976459998473967
84.541788	6.1955945771616401
84.553786	7.6261989033625808
84.553786	7.6261989033625808
84.577818	4.1225098766757222
84.577818	4.1225098766757222
84.577818	4.1225098766757222
84.577818	4.1225098766757222
84.577818	4.1225098766757222
84.625717	5.4482309131353883
84.637812	6.0233112733856071
84.637812	6.0233112733856071
84.649718	7.0943782927697336
84.661718	7.8837594936409996
84.673851	6.2327639452398929
84.685725	4.7549304550319009
84.697834	3.3989137772321616
84.697834	3.3989137772321616
84.697834	3.3989137772321616
84.697834	3.3989137772321616
84.697834	3.3989137772321616
84.697834	3.3989137772321616
84.757816	6.056850865181417
84.757816	6.056850865181417
84.757816	6.056850865181417
84.757816	6.056850865181417
84.757816	6.056850865181417
84.757816	6.056850865181417
84.817813	2.4916623294955431
84.817813	2.4916623294955431
84.829749	3.8051039439166794
84.829749	3.8051039439166794
84.853814	4.0297438284207567
84.853814	4.0297438284207567
84.877865	5.8071762974678984
84.877865	5.8071762974678984
84.889718	6.152790110398132
84.889718	6.152790110398132
84.91379	5.7659573615080379
84.925717	10.360610876601481
84.93789	20.58922245579511
84.93789	20.58922245579511
84.937903	20.600145971003357
84.937903	20.600145971003357
84.937903	20.600145971003357
84.937903	20.600145971003357
84.997826	5.2870761436141693
84.997826	5.2870761436141693
84.997826	5.2870761436141693
84.997826	5.2870761436141693
84.997826	5.2870761436141693
85.045731	5.0175449697630974
85.057828	7.096242642363018
85.057828	7.096242642363018
85.057828	7.096242642363018
85.08173	4.4990177574828056
85.08173	4.4990177574828056
85.08173	4.4990177574828056
85.117824	5.9653828991997155
85.117824	5.9653828991997155
85.117824	5.9653828991997155
85.117824	5.9653828991997155
85.117824	5.9653828991997155
85.117824	5.9653828991997155
85.177826	4.9986136658359879
85.177826	4.9986136658359879
85.189731	5.2440879476870901
85.201802	5.7224146043209156
85.201802	5.7224146043209156
85.201802	5.7224146043209156
85.237906	5.1837941859845031
85.237906	5.1837941859845031
85.237906	5.1837941859845031
85.237906	5.1837941859845031
85.237906	5.1837941859845031
85.237906	5.1837941859845031
85.297824	5.592036907201523
85.297824	5.592036907201523
85.297824	5.592036907201523
85.297824	5.592036907201523
85.333869	6.1009044165921518
85.333869	6.1009044165921518
85.357832	6.733525936397232
85.357832	6.733525936397232
85.357832	6.733525936397232
85.381731	5.3205979188449923
85.381731	5.3205979188449923
85.405749	5.9321633018000215
85.405749	5.9321633018000215
85.405749	5.9321633018000215
85.405749	5.9321633018000215
85.405749	5.9321633018000215
85.405749	5.9321633018000215
85.417826	5.9303300132000212
85.477829	6.7863902587512452
85.477829	6.7863902587512452
85.477829	6.7863902587512452
85.477829	6.7863902587512452
85.513822	6.4597118251912278
85.513822	6.4597118251912278
85.537824	6.0238391136059546
85.537824	6.0238391136059546
85.537824	6.0238391136059546
85.537824	6.0238391136059546
85.573795	3.8079443667817534
85.573795	3.8079443667817534
85.597894	4.9689729734814643
85.597894	4.9689729734814643
85.597894	4.9689729734814643
85.597894	4.9689729734814643
85.6338	6.3030271100392108
85.645753	5.7362831845206381
85.657853	9.2974021195224577
85.657853	9.2974021195224577
85.657853	9.2974021195224577
85.657853	9.2974021195224577
85.657853	9.2974021195224577
85.657853	9.2974021195224577
85.717832	8.052288144407111
85.717832	8.052288144407111
85.717832	8.052288144407111
85.717832	8.052288144407111
85.717832	8.052288144407111
85.717832	8.052288144407111
85.777866	6.4241164874329169
85.777866	6.4241164874329169
85.777866	6.4241164874329169
85.801731	2.6121394750012041
85.801731	2.6121394750012041
85.801731	2.6121394750012041
85.837826	5.999856975188731
85.837826	5.999856975188731
85.837826	5.999856975188731
85.837826	5.999856975188731
85.837826	5.999856975188731
85.837826	5.999856975188731
85.897834	5.5364491304976271
85.897834	5.5364491304976271
85.90975	5.9761178999985276
85.921731	6.1866129029038435
85.933794	5.2577124446027401
85.945734	6.0833426741914556
85.957835	8.8342787354922869
85.957847	8.8370067110918598
85.957847	8.8370067110918598
85.957847	8.8370067110918598
85.99389	6.841985150503846
86.005742	6.1212093221003805
86.017837	5.9644889643503216
86.017837	5.9644889643503216
86.017837	5.9644889643503216
86.017837	5.9644889643503216
86.017837	5.9644889643503216
86.017837	5.9644889643503216
86.07784	4.9974274319985446
86.07784	4.9974274319985446
86.07784	4.9974274319985446
86.101742	5.580834941999897
86.101742	5.580834941999897
86.125813	5.8306468274500585
86.125813	5.8306468274500585
86.137839	5.758173942350008
86.149941	6.3386615052999842
86.149941	6.3386615052999842
86.149941	6.3386615052999842
86.149941	6.3386615052999842
86.197837	5.9171103701998637
86.197837	5.9171103701998637
86.197837	5.9171103701998637
86.221743	4.0010260440019216
86.221743	4.0010260440019216
86.221743	4.0010260440019216
86.257915	7.8030367482522012
86.257915	7.8030367482522012
86.257915	7.8030367482522012
86.257915	7.8030367482522012
86.257915	7.8030367482522012
86.305778	4.6866605436030753
86.317866	5.7171166092025505
86.317866	5.7171166092025505
86.317866	5.7171166092025505
86.317866	5.7171166092025505
86.317866	5.7171166092025505
86.365742	6.3218109372936073
86.377838	4.4672298396932906
86.377838	4.4672298396932906
86.377838	4.4672298396932906
86.377838	4.4672298396932906
86.377838	4.4672298396932906
86.377838	4.4672298396932906
86.437855	6.202659008752069
86.437855	6.202659008752069
86.437855	6.202659008752069
86.461749	11.190534881388732
86.473809	8.96146819738731
86.485746	7.1853678128918377
86.497841	5.8554457596428957
86.497841	5.8554457596428957
86.497841	5.8554457596428957
86.497841	5.8554457596428957
86.533809	7.4405361893540194
86.533809	7.4405361893540194
86.557922	5.4254393525886968
86.557922	5.4254393525886968
86.557922	5.4254393525886968
86.557922	5.4254393525886968
86.557922	5.4254393525886968
86.557922	5.4254393525886968
86.61784	7.4096734080108035
86.61784	7.4096734080108035
86.61784	7.4096734080108035
86.641763	5.8932414173145311
86.653886	7.7154143906152761
86.653886	7.7154143906152761
86.677862	4.9347252499769949
86.677862	4.9347252499769949
86.689765	4.91374146475445
86.689765	4.91374146475445
86.713814	7.1809903195149136
86.725743	7.1018459411827957
86.737857	5.2109522987806933
86.737857	5.2109522987806933
86.737857	5.2109522987806933
86.737857	5.2109522987806933
86.737857	5.2109522987806933
86.785815	6.1020484385024849
86.797858	6.3369820782026407
86.797858	6.3369820782026407
86.809742	5.2141557389841431
86.809742	5.2141557389841431
86.833805	5.3209730277630944
86.845743	5.7348116073955486
86.857842	5.3463344955952694
86.857842	5.3463344955952694
86.857842	5.3463344955952694
86.857842	5.3463344955952694
86.857842	5.3463344955952694
86.857842	5.3463344955952694
86.917904	7.6127590840019694
86.917904	7.6127590840019694
86.917904	7.6127590840019694
86.917904	7.6127590840019694
86.917904	7.6127590840019694
86.965759	5.2593202851215928
86.977876	3.2262191545729877
86.977876	3.2262191545729877
86.977876	3.2262191545729877
86.977876	3.2262191545729877
87.01382	4.6351791680078911
87.01382	4.6351791680078911
87.037907	5.2674085737534933
87.037907	5.2674085737534933
87.037907	5.2674085737534933
87.061756	7.4403523133599974
87.061756	7.4403523133599974
87.061756	7.4403523133599974
87.097851	6.2932545179305759
87.097851	6.2932545179305759
87.097851	6.2932545179305759
87.097851	6.2932545179305759
87.097851	6.2932545179305759
87.097851	6.2932545179305759
87.157851	7.5476457811556505
87.157851	7.5476457811556505
87.169778	6.1621474127706755
87.169778	6.1621474127706755
87.169778	6.1621474127706755
87.169778	6.1621474127706755
87.217862	6.5769547402062463
87.217862	6.5769547402062463
87.217862	6.5769547402062463
87.241755	6.9809234910098716
87.241755	6.9809234910098716
87.241755	6.9809234910098716
87.241755	6.9809234910098716
87.241755	6.9809234910098716
87.277893	6.6470503217348931
87.301776	5.8085707391886841
87.301776	5.8085707391886841
87.325755	5.3868481652688045
87.33785	6.3496168175191707
87.33785	6.3496168175191707
87.33785	6.3496168175191707
87.33785	6.3496168175191707
87.373821	5.2196294731862283
87.385756	3.837590783407951
87.397852	4.2255113178080173
87.397852	4.2255113178080173
87.397852	4.2255113178080173
87.397852	4.2255113178080173
87.397852	4.2255113178080173
87.397852	4.2255113178080173
87.4579	12.358623310088465
87.4579	12.358623310088465
87.4579	12.358623310088465
87.4579	12.358623310088465
87.4579	12.358623310088465
87.4579	12.358623310088465
87.51785	5.1400212375031025
87.51785	5.1400212375031025
87.529755	5.3502643272551405
87.529755	5.3502643272551405
87.529755	5.3502643272551405
87.529755	5.3502643272551405
87.57796	5.6128333600202538
87.57796	5.6128333600202538
87.57796	5.6128333600202538
87.57796	5.6128333600202538
87.57796	5.6128333600202538
87.625756	5.3105383699905442
87.637854	4.916839204990179
87.637854	4.916839204990179
87.637854	4.916839204990179
87.637854	4.916839204990179
87.637854	4.916839204990179
87.685755	7.244807052453992
87.697849	5.4341598894529266
87.697849	5.4341598894529266
87.697849	5.4341598894529266
87.697849	5.4341598894529266
87.697849	5.4341598894529266
87.697849	5.4341598894529266
87.757868	6.7728417758390513
87.757868	6.7728417758390513
87.757868	6.7728417758390513
87.757868	6.7728417758390513
87.793829	6.0145410005248552
87.805781	6.57332582360538
87.817852	6.7719613712055171
87.817852	6.7719613712055171
87.817852	6.7719613712055171
87.817852	6.7719613712055171
87.853833	4.572340090817459
87.865755	5.4751811000339146
87.877954	6.7075240800351317
87.877954	6.7075240800351317
87.877954	6.7075240800351317
87.877954	6.7075240800351317
87.877954	6.7075240800351317
87.877954	6.7075240800351317
87.93785	6.8433713950096839
87.93785	6.8433713950096839
87.93785	6.8433713950096839
87.937863	6.8437264861095644
87.937863	6.8437264861095644
87.937863	6.8437264861095644
87.997866	6.4480043942185743
87.997866	6.4480043942185743
88.009791	6.2671473604888801
88.009791	6.2671473604888801
88.009791	6.2671473604888801
88.045768	5.6124165475562622
88.057869	4.1970769320058343
88.057869	4.1970769320058343
88.057869	4.1970769320058343
88.057869	4.1970769320058343
88.057869	4.1970769320058343
88.057869	4.1970769320058343
88.117867	5.9109647372573066
88.117867	5.9109647372573066
88.129768	6.8528461096363937
88.129768	6.8528461096363937
88.129768	6.8528461096363937
88.165769	7.0397171065411701
88.17788	5.2578426319401643
88.17788	5.2578426319401643
88.189768	5.5984392376272583
88.189768	5.5984392376272583
88.189768	5.5984392376272583
88.189768	5.5984392376272583
88.237974	6.7570803925696126
88.237974	6.7570803925696126
88.237974	6.7570803925696126
88.261768	8.021549252321071
88.261768	8.021549252321071
88.285769	5.3519659001031137
88.297863	6.8518208464039958
88.297863	6.8518208464039958
88.297863	6.8518208464039958
88.297863	6.8518208464039958
88.297863	6.8518208464039958
88.345768	5.2375754552345883
88.35787	6.1781900930346758
88.35787	6.1781900930346758
88.35787	6.1781900930346758
88.35787	6.1781900930346758
88.393839	7.0679228318417655
88.393839	7.0679228318417655
88.417879	6.8890532073483435
88.417879	6.8890532073483435
88.429769	7.6349065512345735
88.429769	7.6349065512345735
88.429769	7.6349065512345735
88.429769	7.6349065512345735
88.47788	6.1115469579880886
88.47788	6.1115469579880886
88.47788	6.1115469579880886
88.47788	6.1115469579880886
88.47788	6.1115469579880886
88.47788	6.1115469579880886
88.537922	3.8948137178680948
88.537922	3.8948137178680948
88.537922	3.8948137178680948
88.537922	3.8948137178680948
88.537922	3.8948137178680948
88.537922	3.8948137178680948
88.597863	5.4050898901717659
88.597863	5.4050898901717659
88.597863	5.4050898901717659
88.621768	4.8780624539672637
88.621768	4.8780624539672637
88.621768	4.8780624539672637
88.657866	7.442919353005208
88.657866	7.442919353005208
88.669878	6.3681692005228436
88.681769	4.7722795461904015
88.693832	4.5442864335903996
88.693832	4.5442864335903996
88.717863	5.5731695161324755
88.717863	5.5731695161324755
88.717863	5.5731695161324755
88.717863	5.5731695161324755
88.753836	6.7174754356929993
88.765865	7.3793609037116026
88.777889	6.5032652097116692
88.777889	6.5032652097116692
88.777889	6.5032652097116692
88.777889	6.5032652097116692
88.777889	6.5032652097116692
88.825769	5.9563525732271785
88.837866	4.2871564961252808
88.837866	4.2871564961252808
88.837866	4.2871564961252808
88.837866	4.2871564961252808
88.837866	4.2871564961252808
88.885776	6.0689437695927202
88.898006	5.9078697775928442
88.898006	5.9078697775928442
88.898006	5.9078697775928442
88.898006	5.9078697775928442
88.898006	5.9078697775928442
88.898006	5.9078697775928442
88.957864	6.9452924520376715
88.957877	6.9461657985373764
88.957877	6.9461657985373764
88.957877	6.9461657985373764
88.993876	5.4446184259997104
88.993876	5.4446184259997104
89.017877	6.7763651654426056
89.017877	6.7763651654426056
89.017877	6.7763651654426056
89.017877	6.7763651654426056
89.053858	6.647785429457266
89.065785	6.5407767596780957
89.0779	5.0563421649284965
89.0779	5.0563421649284965
89.0779	5.0563421649284965
89.0779	5.0563421649284965
89.113859	5.2616048185512518
89.113859	5.2616048185512518
89.113859	5.2616048185512518
89.113859	5.2616048185512518
89.113859	5.2616048185512518
89.113859	5.2616048185512518
89.113859	5.2616048185512518
89.137899	5.1249084709122581
89.197901	6.17185875972263
89.197901	6.17185875972263
89.209864	5.8128365551731447
89.209864	5.8128365551731447
89.209864	5.8128365551731447
89.245808	6.7118340328486621
89.25789	7.6693367615493742
89.25789	7.6693367615493742
89.269782	6.8034031476336176
89.269782	6.8034031476336176
89.269782	6.8034031476336176
89.305781	5.1419278910542792
89.317912	5.2249287996043687
89.317912	5.2249287996043687
89.317912	5.2249287996043687
89.317912	5.2249287996043687
89.317912	5.2249287996043687
89.317912	5.2249287996043687
89.377915	5.4594338673797091
89.377915	5.4594338673797091
89.377915	5.4594338673797091
89.377915	5.4594338673797091
89.377915	5.4594338673797091
89.377915	5.4594338673797091
89.437878	5.8065660365121685
89.437878	5.8065660365121685
89.437878	5.8065660365121685
89.437878	5.8065660365121685
89.437878	5.8065660365121685
89.437878	5.8065660365121685
89.497877	6.5543642860746427
89.497877	6.5543642860746427
89.509801	6.1193910927828616
89.521781	5.1992342380411305
89.521781	5.1992342380411305
89.521781	5.1992342380411305
89.557948	5.7633084629795386
89.557948	5.7633084629795386
89.557948	5.7633084629795386
89.557948	5.7633084629795386
89.557948	5.7633084629795386
89.605782	5.7389560127322428
89.61788	4.5575911519325336
89.61788	4.5575911519325336
89.61788	4.5575911519325336
89.641802	6.10810367913043
89.641802	6.10810367913043
89.641802	6.10810367913043
89.677894	7.6410789652264732
89.677894	7.6410789652264732
89.677894	7.6410789652264732
89.701781	4.9965147851286256
89.701781	4.9965147851286256
89.701781	4.9965147851286256
89.701781	4.9965147851286256
89.701781	4.9965147851286256
89.737874	6.1513178974687959
89.761782	7.6174414701281989
89.761782	7.6174414701281989
89.785782	5.9611099216211123
89.797875	6.3145738000213942
89.797875	6.3145738000213942
89.797875	6.3145738000213942
89.797875	6.3145738000213942
89.797875	6.3145738000213942
89.797875	6.3145738000213942
89.857957	9.1365949342523063
89.857957	9.1365949342523063
89.857957	9.1365949342523063
89.881789	5.2077486470436654
89.893846	4.2918253793435852
89.905802	4.2611295086559267
89.917877	5.1701874311568643
89.917877	5.1701874311568643
89.917877	5.1701874311568643
89.917877	5.1701874311568643
89.917877	5.1701874311568643
89.917877	5.1701874311568643
89.977998	4.3720324968679005
89.97801	4.3699535148682251
89.97801	4.3699535148682251
90.001793	4.2748808930851707
90.001793	4.2748808930851707
90.025793	5.514275349904473
90.037942	6.3786943159552107
90.037942	6.3786943159552107
90.037942	6.3786943159552107
90.037942	6.3786943159552107
90.037942	6.3786943159552107
90.037942	6.3786943159552107
90.09789	5.2759037045380346
90.09789	5.2759037045380346
90.10997	4.2752403269123223
90.10997	4.2752403269123223
90.10997	4.2752403269123223
90.145798	5.7631404645161055
90.15789	6.0079157975160635
90.15789	6.0079157975160635
90.15789	6.0079157975160635
90.181794	7.0927433201004808
90.193865	5.5911507543994441
90.193865	5.5911507543994441
90.217962	5.6583943878374825
90.217962	5.6583943878374825
90.229796	5.1981369099543597
90.229796	5.1981369099543597
90.229796	5.1981369099543597
90.229796	5.1981369099543597
90.277918	5.4290604959100328
90.277918	5.4290604959100328
90.289794	6.0640312351513845
90.289794	6.0640312351513845
90.289794	6.0640312351513845
90.289794	6.0640312351513845
90.337888	6.7744726528091714
90.337888	6.7744726528091714
90.337888	6.7744726528091714
90.337888	6.7744726528091714
90.337888	6.7744726528091714
90.385798	6.0054093856455504
90.397888	5.2200689791453554
90.397888	5.2200689791453554
90.397888	5.2200689791453554
90.421794	5.8916670285933437
90.421794	5.8916670285933437
90.445795	6.2805324678286985
90.457892	7.3875101874786573
90.457892	7.3875101874786573
90.457892	7.3875101874786573
90.457892	7.3875101874786573
90.457892	7.3875101874786573
90.457892	7.3875101874786573
90.457892	7.3875101874786573
90.457892	7.3875101874786573
90.517899	5.7098997735248229
90.541794	6.0666152460684852
90.541794	6.0666152460684852
90.541794	6.0666152460684852
90.577905	7.2332171483400742
90.577905	7.2332171483400742
90.577905	7.2332171483400742
90.577905	7.2332171483400742
90.577905	7.2332171483400742
90.625794	8.4840238167146076
90.637887	15.468787035620178
90.637887	15.468787035620178
90.637887	15.468787035620178
90.637887	15.468787035620178
90.673861	6.0612098854199941
90.685814	5.2090811667047863
90.697908	5.2735911674048248
90.697908	5.2735911674048248
90.697908	5.2735911674048248
90.721793	4.6893935266675078
90.721793	4.6893935266675078
90.721793	4.6893935266675078
90.757895	7.4823559561261179
90.757895	7.4823559561261179
90.757895	7.4823559561261179
90.757895	7.4823559561261179
90.793865	6.1573067172234612
90.805793	5.4161539645101531
90.817926	4.2336984771093595
90.817926	4.2336984771093595
90.817926	4.2336984771093595
90.817926	4.2336984771093595
90.817926	4.2336984771093595
90.817926	4.2336984771093595
90.877988	9.1639084003269193
90.877988	9.1639084003269193
90.877988	9.1639084003269193
90.877988	9.1639084003269193
90.877988	9.1639084003269193
90.925795	4.3094823411618632
90.937888	3.1819521839109646
90.937888	3.1819521839109646
90.937888	3.1819521839109646
90.937888	3.1819521839109646
90.937888	3.1819521839109646
90.985839	4.787719549967151
90.997919	6.2586546419671301
90.997919	6.2586546419671301
90.997919	6.2586546419671301
90.997919	6.2586546419671301
91.033872	6.3445571208217109
91.033872	6.3445571208217109
91.057904	7.950469350479727
91.057904	7.950469350479727
91.069807	6.7861526545167985
91.069807	6.7861526545167985
91.069807	6.7861526545167985
91.069807	6.7861526545167985
91.117901	5.8074654754396438
91.117901	5.8074654754396438
91.117901	5.8074654754396438
91.141878	5.3473426882184762
91.141878	5.3473426882184762
91.141878	5.3473426882184762
91.177925	3.9584599460520309
91.177925	3.9584599460520309
91.177925	3.9584599460520309
91.201807	4.3326962831026901
91.201807	4.3326962831026901
91.225808	9.5698004860471322
91.237905	5.35149553614729
91.237905	5.35149553614729
91.237905	5.35149553614729
91.237905	5.35149553614729
91.273941	5.3228846307374988
91.273941	5.3228846307374988
91.273941	5.3228846307374988
91.273941	5.3228846307374988
91.297909	5.9892094113426086
91.321808	4.7879089480176411
91.321808	4.7879089480176411
91.321808	4.7879089480176411
91.357905	9.1331488002343519
91.357905	9.1331488002343519
91.369807	7.0533014404308396
91.369807	7.0533014404308396
91.369807	7.0533014404308396
91.369807	7.0533014404308396
91.417906	4.3364276448956369
91.417906	4.3364276448956369
91.417906	4.3364276448956369
91.417906	4.3364276448956369
91.417906	4.3364276448956369
91.417906	4.3364276448956369
91.47794	4.9585245708271151
91.47794	4.9585245708271151
91.47794	4.9585245708271151
91.47794	4.9585245708271151
91.513881	7.4205295924748116
91.513881	7.4205295924748116
91.537987	6.5276408253381586
91.537987	6.5276408253381586
91.549808	6.6864829736300937
91.549808	6.6864829736300937
91.549808	6.6864829736300937
91.549808	6.6864829736300937
91.597902	8.2371633713032626
91.597902	8.2371633713032626
91.597902	8.2371633713032626
91.597902	8.2371633713032626
91.633871	6.4803072325626871
91.633871	6.4803072325626871
91.657915	11.09857479833088
91.657915	11.09857479833088
91.657915	11.09857479833088
91.657915	11.09857479833088
91.693878	10.805782860732702
91.693878	10.805782860732702
91.717911	5.0442940985070157
91.717911	5.0442940985070157
91.717911	5.0442940985070157
91.717911	5.0442940985070157
91.717911	5.0442940985070157
91.765808	5.809775292758423
91.777922	5.3623338001584511
91.777922	5.3623338001584511
91.777922	5.3623338001584511
91.777922	5.3623338001584511
91.777922	5.3623338001584511
91.825807	5.1849857888816482
91.837982	4.9869314113816223
91.837982	4.9869314113816223
91.837982	4.9869314113816223
91.837982	4.9869314113816223
91.837982	4.9869314113816223
91.885807	5.2734333305343597
91.897923	5.1075489339342441
91.897923	5.1075489339342441
91.897923	5.1075489339342441
91.897923	5.1075489339342441
91.897923	5.1075489339342441
91.897923	5.1075489339342441
91.957927	5.9349610490623341
91.957927	5.9349610490623341
91.957927	5.9349610490623341
91.981821	4.5400278410447301
91.993892	5.0062219320450527
91.993892	5.0062219320450527
92.017916	5.3308900926057898
92.017916	5.3308900926057898
92.017916	5.3308900926057898
92.017916	5.3308900926057898
92.053896	6.1783291727146388
92.053896	6.1783291727146388
92.077937	3.5157579745653544
92.077937	3.5157579745653544
92.077937	3.5157579745653544
92.077937	3.5157579745653544
92.077937	3.5157579745653544
92.12582	5.083140501125115
92.137936	6.3518741049245087
92.137936	6.3518741049245087
92.137936	6.3518741049245087
92.137936	6.3518741049245087
92.137936	6.3518741049245087
92.137936	6.3518741049245087
92.197984	5.1447153711192382
92.197984	5.1447153711192382
92.197984	5.1447153711192382
92.197984	5.1447153711192382
92.197984	5.1447153711192382
92.245822	3.9109993693455212
92.257932	4.3635276658453401
92.257932	4.3635276658453401
92.257932	4.3635276658453401
92.281821	5.1111905529647794
92.281821	5.1111905529647794
92.305821	5.4529461277752969
92.317949	5.7042716397754321
92.317949	5.7042716397754321
92.317949	5.7042716397754321
92.317949	5.7042716397754321
92.317949	5.7042716397754321
92.365824	6.8428557151090885
92.377948	5.9550885453089109
92.377948	5.9550885453089109
92.389832	5.6777602991839577
92.389832	5.6777602991839577
92.389832	5.6777602991839577
92.389832	5.6777602991839577
92.437916	7.1612252120815629
92.437916	7.1612252120815629
92.437916	7.1612252120815629
92.437916	7.1612252120815629
92.473888	6.1269222782249928
92.48582	4.8689191539107499
92.497919	4.0158755292111383
92.497919	4.0158755292111383
92.497919	4.0158755292111383
92.497919	4.0158755292111383
92.497919	4.0158755292111383
92.497919	4.0158755292111383
92.557927	6.6960235763832916
92.557927	6.6960235763832916
92.557927	6.6960235763832916
92.557927	6.6960235763832916
92.593966	6.1848896314262758
92.593966	6.1848896314262758
92.61795	4.5627537173753288
92.61795	4.5627537173753288
92.61795	4.5627537173753288
92.64184	6.5985224921692467
92.64184	6.5985224921692467
92.665824	7.0407408251694497
92.677934	3.0250424216710581
92.677934	3.0250424216710581
92.677934	3.0250424216710581
92.677934	3.0250424216710581
92.677934	3.0250424216710581
92.677934	3.0250424216710581
92.737917	5.4133959077501608
92.737917	5.4133959077501608
92.749874	5.6889376903261564
92.749874	5.6889376903261564
92.773906	6.566057627764013
92.785821	6.4822170699137525
92.797918	5.691920059913782
92.797918	5.691920059913782
92.797918	5.691920059913782
92.82182	5.8738396329789646
92.833885	5.6831903127290424
92.833885	5.6831903127290424
92.857994	8.4499607157133969
92.857994	8.4499607157133969
92.857994	8.4499607157133969
92.857994	8.4499607157133969
92.857994	8.4499607157133969
92.857994	8.4499607157133969
92.91792	5.0132465040125265
92.91792	5.0132465040125265
92.91792	5.0132465040125265
92.91792	5.0132465040125265
92.91792	5.0132465040125265
92.91792	5.0132465040125265
92.977935	3.2487322723761514
92.977948	3.2451641578273582
92.977948	3.2451641578273582
92.977948	3.2451641578273582
92.977948	3.2451641578273582
93.025837	3.6511916923244052
93.037946	5.6418301620263591
93.037946	5.6418301620263591
93.037946	5.6418301620263591
93.061834	7.179556655201722
93.061834	7.179556655201722
93.085834	2.7756482424983884
93.097927	4.5055633808477351
93.097927	4.5055633808477351
93.097927	4.5055633808477351
93.097927	4.5055633808477351
93.097927	4.5055633808477351
93.145834	5.947589193404502
93.158014	6.8653820344047407
93.158014	6.8653820344047407
93.158014	6.8653820344047407
93.18187	5.8504211663435965
93.18187	5.8504211663435965
93.205833	3.8915180246146335
93.217931	4.0176541922146027
93.217931	4.0176541922146027
93.217931	4.0176541922146027
93.217931	4.0176541922146027
93.217931	4.0176541922146027
93.217931	4.0176541922146027
93.277947	4.7529186500183513
93.277947	4.7529186500183513
93.289989	4.6376227423297234
93.289989	4.6376227423297234
93.313906	6.6422334990207013
93.313906	6.6422334990207013
93.337928	5.3766411750232006
93.337928	5.3766411750232006
93.337928	5.3766411750232006
93.337928	5.3766411750232006
93.337928	5.3766411750232006
93.337928	5.3766411750232006
93.397956	6.362412224435988
93.397956	6.362412224435988
93.397956	6.362412224435988
93.397956	6.362412224435988
93.397956	6.362412224435988
93.397956	6.362412224435988
93.457938	6.7008252506919836
93.457938	6.7008252506919836
93.457938	6.7008252506919836
93.457938	6.7008252506919836
93.457938	6.7008252506919836
93.457938	6.7008252506919836
93.517996	3.9308328318151
93.517996	3.9308328318151
93.517996	3.9308328318151
93.517996	3.9308328318151
93.517996	3.9308328318151
93.565834	5.9463204114055079
93.577985	5.9917906685055282
93.577985	5.9917906685055282
93.577985	5.9917906685055282
93.577985	5.9917906685055282
93.613899	5.5020212710834553
93.625837	4.7357407868808075
93.637929	4.9852598114807645
93.637929	4.9852598114807645
93.637929	4.9852598114807645
93.637929	4.9852598114807645
93.637929	4.9852598114807645
93.637929	4.9852598114807645
93.697929	6.2055203663071028
93.697929	6.2055203663071028
93.709854	5.9170730650225423
93.709854	5.9170730650225423
93.709854	5.9170730650225423
93.709854	5.9170730650225423
93.757931	4.6265649262002126
93.757931	4.6265649262002126
93.757931	4.6265649262002126
93.781908	5.0400317406160742
93.781908	5.0400317406160742
93.781908	5.0400317406160742
93.817941	5.1478685697428848
93.817941	5.1478685697428848
93.817941	5.1478685697428848
93.841854	4.9004910260919878
93.841854	4.9004910260919878
93.865844	4.7140822415760475
93.877952	4.5247906127760444
93.877952	4.5247906127760444
93.877952	4.5247906127760444
93.877952	4.5247906127760444
93.877952	4.5247906127760444
93.877952	4.5247906127760444
93.937927	5.8456341692999771
93.937927	5.8456341692999771
93.937927	5.8456341692999771
93.961834	5.6300318520878188
93.961834	5.6300318520878188
93.961848	5.6290196982872924
93.99795	5.7989767676293011
93.99795	5.7989767676293011
93.99795	5.7989767676293011
93.99795	5.7989767676293011
94.03393	3.9638220658897665
94.03393	3.9638220658897665
94.057949	3.6420706755091734
94.057949	3.6420706755091734
94.057949	3.6420706755091734
94.057949	3.6420706755091734
94.093925	5.9315999914376114
94.105868	6.1568979194660649
94.117946	5.1364240760656514
94.117946	5.1364240760656514
94.129847	5.3192980885574448
94.129847	5.3192980885574448
94.129847	5.3192980885574448
94.129847	5.3192980885574448
94.178054	3.4029376229432602
94.178054	3.4029376229432602
94.178054	3.4029376229432602
94.201847	6.6843597142053497
94.201847	6.6843597142053497
94.201847	6.6843597142053497
94.23796	5.8862053080752652
94.23796	5.8862053080752652
94.249961	6.7446928084235056
94.249961	6.7446928084235056
94.249961	6.7446928084235056
94.249961	6.7446928084235056
94.297943	5.0326415072665789
94.297943	5.0326415072665789
94.297943	5.0326415072665789
94.321847	4.7299394741952758
94.321847	4.7299394741952758
94.321847	4.7299394741952758
94.35795	5.7094872699927164
94.35795	5.7094872699927164
94.35795	5.7094872699927164
94.35795	5.7094872699927164
94.35795	5.7094872699927164
94.405847	5.9572617908240106
94.417941	6.8727546122245506
94.417941	6.8727546122245506
94.417941	6.8727546122245506
94.417941	6.8727546122245506
94.453925	5.4529754022630836
94.465848	4.973263841310513
94.477984	5.7861410097115034
94.477984	5.7861410097115034
94.477984	5.7861410097115034
94.501847	5.3212901100420318
94.513928	6.3543569577430166
94.525851	6.0856029151749897
94.53796	4.4548281837753034
94.53796	4.4548281837753034
94.53796	4.4548281837753034
94.561848	6.374542107853113
94.561848	6.374542107853113
94.561848	6.374542107853113
94.597942	5.0514938651254573
94.597942	5.0514938651254573
94.597942	5.0514938651254573
94.597942	5.0514938651254573
94.633912	5.4758815276379611
94.645848	6.2587832417868823
94.657948	7.5947950617875648
94.657948	7.5947950617875648
94.669848	6.0752294144988879
94.669848	6.0752294144988879
94.669848	6.0752294144988879
94.669848	6.0752294144988879
94.717945	6.688922657917387
94.717945	6.688922657917387
94.717945	6.688922657917387
94.717945	6.688922657917387
94.717945	6.688922657917387
94.717945	6.688922657917387
94.77796	5.0605390580570573
94.77796	5.0605390580570573
94.789848	5.0193605279808535
94.789848	5.0193605279808535
94.813912	5.5895490932847611
94.813912	5.5895490932847611
94.838014	6.0506471470155976
94.838014	6.0506471470155976
94.838014	6.0506471470155976
94.838014	6.0506471470155976
94.838014	6.0506471470155976
94.885848	6.3514040221070953
94.897978	7.1000706546071886
94.897978	7.1000706546071886
94.897978	7.1000706546071886
94.897978	7.1000706546071886
94.897978	7.1000706546071886
94.897978	7.1000706546071886
94.957947	4.0393993897503035
94.957947	4.0393993897503035
94.957947	4.0393993897503035
94.957947	4.0393993897503035
94.993932	5.5838926982524724
95.005884	5.4651052703163163
95.017955	6.2637715178668678
95.017955	6.2637715178668678
95.02986	5.1427015027747931
95.02986	5.1427015027747931
95.02986	5.1427015027747931
95.02986	5.1427015027747931
95.07799	4.1301564027970512
95.07799	4.1301564027970512
95.08986	3.3736808769047801
95.08986	3.3736808769047801
95.113932	5.1541460994984316
95.113932	5.1541460994984316
95.138054	6.7766204140604538
95.138054	6.7766204140604538
95.138054	6.7766204140604538
95.161861	8.7937571725532404
95.161861	8.7937571725532404
95.185861	4.9555038979018153
95.197956	5.3033179986519476
95.197956	5.3033179986519476
95.197956	5.3033179986519476
95.22186	5.312503018733068
95.234009	3.523673932083633
95.245861	3.3444057063177812
95.257958	4.7950791560177262
95.257958	4.7950791560177262
95.257958	4.7950791560177262
95.28186	5.7552599609068782
95.28186	5.7552599609068782
95.28186	5.7552599609068782
95.317988	5.8740734359065971
95.317988	5.8740734359065971
95.317988	5.8740734359065971
95.341861	6.0108081128152984
95.341861	6.0108081128152984
95.341861	6.0108081128152984
95.341861	6.0108081128152984
95.377992	5.7248397799551167
95.389949	6.0635993539217381
95.389949	6.0635993539217381
95.389949	6.0635993539217381
95.389949	6.0635993539217381
95.437956	7.1977177019580196
95.437956	7.1977177019580196
95.44986	7.1798464689638202
95.44986	7.1798464689638202
95.44986	7.1798464689638202
95.48586	6.989115526115822
95.498032	7.7465681313155068
95.498032	7.7465681313155068
95.498032	7.7465681313155068
95.498032	7.7465681313155068
95.498032	7.7465681313155068
95.498032	7.7465681313155068
95.557963	8.5911559023548545
95.557963	8.5911559023548545
95.557963	8.5911559023548545
95.557963	8.5911559023548545
95.557963	8.5911559023548545
95.557963	8.5911559023548545
95.617972	4.6237642171374711
95.617972	4.6237642171374711
95.617972	4.6237642171374711
95.617972	4.6237642171374711
95.617972	4.6237642171374711
95.617972	4.6237642171374711
95.677971	7.4848727227359673
95.677971	7.4848727227359673
95.677971	7.4848727227359673
95.677971	7.4848727227359673
95.677971	7.4848727227359673
95.677971	7.4848727227359673
95.737956	4.5716452355551915
95.737956	4.5716452355551915
95.737956	4.5716452355551915
95.737956	4.5716452355551915
95.737956	4.5716452355551915
95.78586	6.0570476729214233
95.798034	5.5583160236212557
95.798034	5.5583160236212557
95.798034	5.5583160236212557
95.798034	5.5583160236212557
95.798034	5.5583160236212557
95.798034	5.5583160236212557
95.857968	5.6768252553740091
95.857968	5.6768252553740091
95.857968	5.6768252553740091
95.881861	5.3678099141988156
95.881861	5.3678099141988156
95.881861	5.3678099141988156
95.917956	5.0540092754687054
95.917956	5.0540092754687054
95.917956	5.0540092754687054
95.917956	5.0540092754687054
95.95393	7.7937154918587757
95.965861	7.6175284437683279
95.978011	4.9390876737697296
95.978011	4.9390876737697296
95.978025	4.9360014045681222
95.978025	4.9360014045681222
96.013937	5.7925219006132673
96.025947	6.0842554875773365
96.037978	5.0289352683277198
96.037978	5.0289352683277198
96.037978	5.0289352683277198
96.037978	5.0289352683277198
96.037978	5.0289352683277198
96.037978	5.0289352683277198
96.097974	3.9346558627213937
96.097974	3.9346558627213937
96.109894	7.1032176395502447
96.121875	9.960695062010771
96.121875	9.960695062010771
96.121875	9.960695062010771
96.158059	8.0212370099273205
96.158059	8.0212370099273205
96.169874	6.1850437672757907
96.169874	6.1850437672757907
96.169874	6.1850437672757907
96.205875	5.3864130125364476
96.217974	5.6060134922363476
96.217974	5.6060134922363476
96.217974	5.6060134922363476
96.217974	5.6060134922363476
96.217974	5.6060134922363476
96.217974	5.6060134922363476
96.277992	4.460210470614772
96.277992	4.460210470614772
96.277992	4.460210470614772
96.277992	4.460210470614772
96.277992	4.460210470614772
96.277992	4.460210470614772
96.337969	5.8309607257116882
96.337969	5.8309607257116882
96.349874	10.593201298087198
96.361875	14.688451624103351
96.361875	14.688451624103351
96.385876	6.4637828495231151
96.39797	6.0066248119228458
96.39797	6.0066248119228458
96.39797	6.0066248119228458
96.39797	6.0066248119228458
96.39797	6.0066248119228458
96.39797	6.0066248119228458
96.457998	7.3857635191026523
96.457998	7.3857635191026523
96.457998	7.3857635191026523
96.457998	7.3857635191026523
96.493958	7.3201410197766323
96.505875	6.8715560185135534
96.51797	5.4865992962630266
96.51797	5.4865992962630266
96.51797	5.4865992962630266
96.51797	5.4865992962630266
96.51797	5.4865992962630266
96.51797	5.4865992962630266
96.51797	5.4865992962630266
96.577985	6.8538780962337995
96.589997	6.0548989212869948
96.601874	4.9766519369429112
96.613956	4.6444029779426641
96.613956	4.6444029779426641
96.63797	7.8470202198906351
96.63797	7.8470202198906351
96.63797	7.8470202198906351
96.63797	7.8470202198906351
96.63797	7.8470202198906351
96.63797	7.8470202198906351
96.697973	8.6642383423908456
96.697973	8.6642383423908456
96.697973	8.6642383423908456
96.697973	8.6642383423908456
96.733945	6.6230191684795869
96.745895	7.1833004489649648
96.757975	6.9830889449649671
96.757975	6.9830889449649671
96.769875	6.786261156215061
96.769875	6.786261156215061
96.793952	11.97932922641586
96.805875	11.797514386595132
96.818039	6.6099491197947344
96.818039	6.6099491197947344
96.818039	6.6099491197947344
96.818039	6.6099491197947344
96.818039	6.6099491197947344
96.818039	6.6099491197947344
96.878003	3.2772954398039156
96.878003	3.2772954398039156
96.889874	3.615647629613163
96.901874	4.3582157085384772
96.901874	4.3582157085384772
96.925874	5.9709765272541757
96.937967	5.1463560665535182
96.937967	5.1463560665535182
96.949948	5.9784269702104078
96.949948	5.9784269702104078
96.949948	5.9784269702104078
96.949948	5.9784269702104078
96.997975	6.0026943050300243
96.997989	6.002889238230126
96.997989	6.002889238230126
96.997989	6.002889238230126
96.997989	6.002889238230126
96.997989	6.002889238230126
97.058004	5.4570186012955197
97.058004	5.4570186012955197
97.0699	5.3587878549590453
97.0699	5.3587878549590453
97.093954	5.6490430940748535
97.093954	5.6490430940748535
97.118011	5.8868749896036041
97.118011	5.8868749896036041
97.129888	5.7670781759728644
97.141912	5.8452895418341013
97.153958	7.1310711496341437
97.165889	7.2421586277005625
97.177999	6.1444004487010027
97.177999	6.1444004487010027
97.177999	6.1444004487010027
97.177999	6.1444004487010027
97.177999	6.1444004487010027
97.225888	5.66717489611624
97.237983	6.305467354866483
97.237983	6.305467354866483
97.237983	6.305467354866483
97.261888	5.9078230015761983
97.261888	5.9078230015761983
97.261888	5.9078230015761983
97.261888	5.9078230015761983
97.261888	5.9078230015761983
97.261888	5.9078230015761983
97.261888	5.9078230015761983
97.261888	5.9078230015761983
97.297981	5.4822662616716293
97.358017	5.5560089123016976
97.358017	5.5560089123016976
97.358017	5.5560089123016976
97.358017	5.5560089123016976
97.393963	6.0352566941456942
97.405909	5.6717044616199415
97.417982	5.77942459681997
97.417982	5.77942459681997
97.417982	5.77942459681997
97.417982	5.77942459681997
97.417982	5.77942459681997
97.417982	5.77942459681997
97.478097	5.4162739176592805
97.478097	5.4162739176592805
97.478097	5.4162739176592805
97.478097	5.4162739176592805
97.478097	5.4162739176592805
97.478097	5.4162739176592805
97.537988	6.2065908041618432
97.537988	6.2065908041618432
97.537988	6.2065908041618432
97.56191	8.0960348685465657
97.56191	8.0960348685465657
97.56191	8.0960348685465657
97.597983	4.9255878628513035
97.597983	4.9255878628513035
97.597983	4.9255878628513035
97.597983	4.9255878628513035
97.597983	4.9255878628513035
97.597983	4.9255878628513035
97.657987	5.4647798575307807
97.657987	5.4647798575307807
97.669888	6.7397824450488244
97.669888	6.7397824450488244
97.669888	6.7397824450488244
97.705889	5.8183487180969111
97.717982	5.5391618596466881
97.717982	5.5391618596466881
97.717982	5.5391618596466881
97.717982	5.5391618596466881
97.717982	5.5391618596466881
97.717982	5.5391618596466881
97.717982	5.5391618596466881
97.717982	5.5391618596466881
97.778086	4.5593505632661735
97.801888	4.4833424288708619
97.801888	4.4833424288708619
97.801888	4.4833424288708619
97.837982	3.252150931869588
97.837982	3.252150931869588
97.837982	3.252150931869588
97.861888	6.1157211615390299
97.861888	6.1157211615390299
97.861888	6.1157211615390299
97.897983	6.6897479187362174
97.897983	6.6897479187362174
97.897983	6.6897479187362174
97.897983	6.6897479187362174
97.897983	6.6897479187362174
97.945888	6.2039175266133464
97.958008	7.3067048126144867
97.958008	7.3067048126144867
97.958008	7.3067048126144867
97.958008	7.3067048126144867
97.958008	7.3067048126144867
97.958021	7.3078876702640869
98.018007	4.5756780123235643
98.018007	4.5756780123235643
98.029901	4.754837390288297
98.029901	4.754837390288297
98.053979	4.6055326532107097
98.053979	4.6055326532107097
98.078016	5.3581215041293975
98.078016	5.3581215041293975
98.078016	5.3581215041293975
98.078016	5.3581215041293975
98.078016	5.3581215041293975
98.125902	5.6838630685972937
98.138077	6.1814766248473578
98.138077	6.1814766248473578
98.149901	5.6630387394559625
98.149901	5.6630387394559625
98.149901	5.6630387394559625
98.149901	5.6630387394559625
98.197994	5.9247785817920322
98.197994	5.9247785817920322
98.197994	5.9247785817920322
98.197994	5.9247785817920322
98.233967	5.2799235417111916
98.245901	4.6541629302883294
98.258001	4.5956025602883681
98.258001	4.5956025602883681
98.258001	4.5956025602883681
98.258001	4.5956025602883681
98.258001	4.5956025602883681
98.258001	4.5956025602883681
98.318015	5.3985780763193105
98.318015	5.3985780763193105
98.318015	5.3985780763193105
98.318015	5.3985780763193105
98.318015	5.3985780763193105
98.318015	5.3985780763193105
98.318015	5.3985780763193105
98.318015	5.3985780763193105
98.318015	5.3985780763193105
98.318015	5.3985780763193105
98.378022	6.1826143494238064
98.425901	7.0971849228807606
98.437999	7.2497146921809028
98.437999	7.2497146921809028
98.437999	7.2497146921809028
98.461901	5.5191931221138359
98.473968	6.3266799577641191
98.485901	10.35274862790645
98.497996	17.777462735909268
98.497996	17.777462735909268
98.497996	17.777462735909268
98.497996	17.777462735909268
98.497996	17.777462735909268
98.497996	17.777462735909268
98.497996	17.777462735909268
98.497996	17.777462735909268
98.497996	17.777462735909268
98.497996	17.777462735909268
98.497996	17.777462735909268
98.558018	4.7305800940099481
98.617994	6.2569846425842544
98.617994	6.2569846425842544
98.617994	6.2569846425842544
98.617994	6.2569846425842544
98.617994	6.2569846425842544
98.617994	6.2569846425842544
98.678016	5.6596014479376562
98.678016	5.6596014479376562
98.678016	5.6596014479376562
98.678016	5.6596014479376562
98.713969	6.5745398081810782
98.725902	5.5695199485877218
98.738016	2.6125482729879037
98.738016	2.6125482729879037
98.738016	2.6125482729879037
98.738016	2.6125482729879037
98.738016	2.6125482729879037
98.738016	2.6125482729879037
98.798064	5.698323151929487
98.798064	5.698323151929487
98.798064	5.698323151929487
98.798064	5.698323151929487
98.798064	5.698323151929487
98.845902	7.0917873715958031
98.858006	8.0313083243966013
98.858006	8.0313083243966013
98.858006	8.0313083243966013
98.858006	8.0313083243966013
98.858006	8.0313083243966013
98.905901	4.7658772567749548
98.917997	4.6465719895749338
98.917997	4.6465719895749338
98.929978	4.9377150141794397
98.941901	5.2989132232155765
98.941901	5.2989132232155765
98.941901	5.2989132232155765
98.978014	5.3581594101423242
98.978014	5.3581594101423242
98.978014	5.3581594101423242
99.001901	6.7068201907242493
99.013978	5.6426668088748482
99.025914	5.7200791951635424
99.038025	6.9652456215142449
99.038025	6.9652456215142449
99.038025	6.9652456215142449
99.038025	6.9652456215142449
99.038025	6.9652456215142449
99.038025	6.9652456215142449
99.098043	5.0413885977196555
99.098043	5.0413885977196555
99.098043	5.0413885977196555
99.098043	5.0413885977196555
99.098043	5.0413885977196555
99.098043	5.0413885977196555
99.158016	5.6274934769917238
99.158016	5.6274934769917238
99.158016	5.6274934769917238
99.181914	2.7398703672430043
99.181914	2.7398703672430043
99.181914	2.7398703672430043
99.21801	6.3396983191758123
99.21801	6.3396983191758123
99.21801	6.3396983191758123
99.21801	6.3396983191758123
99.21801	6.3396983191758123
99.21801	6.3396983191758123
99.278042	6.8343653587934634
99.278042	6.8343653587934634
99.278042	6.8343653587934634
99.278042	6.8343653587934634
99.313985	5.8406220551019308
99.313985	5.8406220551019308
99.338012	5.3407452338928216
99.338012	5.3407452338928216
99.338012	5.3407452338928216
99.338012	5.3407452338928216
99.37398	6.6766108164118059
99.385915	5.0389796048691631
99.398016	4.437402591868981
99.398016	4.437402591868981
99.398016	4.437402591868981
99.398016	4.437402591868981
99.398016	4.437402591868981
99.398016	4.437402591868981
99.398016	4.437402591868981
99.398016	4.437402591868981
99.398016	4.437402591868981
99.45808	5.1900943680053908
99.494008	5.9272313716371237
99.494008	5.9272313716371237
99.518008	5.8475045907758627
99.518008	5.8475045907758627
99.529914	5.1497100394170525
99.541914	4.5354776143078155
99.541914	4.5354776143078155
99.541914	4.5354776143078155
99.578026	4.4634644702813411
99.578026	4.4634644702813411
99.578026	4.4634644702813411
99.578026	4.4634644702813411
99.613978	4.4622549777037026
99.613978	4.4622549777037026
99.638021	6.3935867516693285
99.638021	6.3935867516693285
99.638021	6.3935867516693285
99.638021	6.3935867516693285
99.638021	6.3935867516693285
99.638021	6.3935867516693285
99.698025	4.0341106045891415
99.698025	4.0341106045891415
99.698025	4.0341106045891415
99.698025	4.0341106045891415
99.698025	4.0341106045891415
99.698025	4.0341106045891415
99.698025	4.0341106045891415
99.698025	4.0341106045891415
99.698025	4.0341106045891415
99.698025	4.0341106045891415
99.698025	4.0341106045891415
99.758034	5.4196776838002458
99.818008	5.8565622613998087
99.818008	5.8565622613998087
99.818008	5.8565622613998087
99.818008	5.8565622613998087
99.818008	5.8565622613998087
99.865914	3.8242480893311748
99.878023	5.2911141858308923
99.878023	5.2911141858308923
99.878023	5.2911141858308923
99.901914	6.2182054327241048
99.913979	5.8843089707242422
99.925915	5.7063985034947642
99.938017	5.6833187792947619
99.938017	5.6833187792947619
99.938017	5.6833187792947619
99.961914	6.9738019990677156
99.961914	6.9738019990677156
99.985986	5.7212939508253182
99.998012	4.957685041824794
99.998012	4.957685041824794
99.998026	4.9567960908252342
100.021956	3.8164479817285377
100.033994	6.9891501572302204
100.033994	6.9891501572302204
100.058057	4.0933178385120543
100.058057	4.0933178385120543
100.058057	4.0933178385120543
100.081929	5.6234757771358881
100.081929	5.6234757771358881
100.081929	5.6234757771358881
100.118093	5.86877936875179
100.118093	5.86877936875179
100.118093	5.86877936875179
100.118093	5.86877936875179
100.118093	5.86877936875179
100.165929	4.5392018775428236
100.178034	5.5906869660422647
100.178034	5.5906869660422647
100.178034	5.5906869660422647
100.178034	5.5906869660422647
100.213991	5.2883452161348856
100.225928	5.4188352822800789
100.238023	6.6295478060305388
100.238023	6.6295478060305388
100.238023	6.6295478060305388
100.238023	6.6295478060305388
100.238023	6.6295478060305388
100.238023	6.6295478060305388
100.238023	6.6295478060305388
100.238023	6.6295478060305388
100.238023	6.6295478060305388
100.238023	6.6295478060305388
100.238023	6.6295478060305388
100.298022	3.2566266395467198
100.358027	6.2377878041447055
100.358027	6.2377878041447055
100.369928	6.4012975908873972
100.369928	6.4012975908873972
100.369928	6.4012975908873972
100.369928	6.4012975908873972
100.418053	6.4347128407076859
100.418053	6.4347128407076859
100.418053	6.4347128407076859
100.441942	6.857395039214941
100.454004	8.1939605321152325
100.465929	7.7598745641215405
100.478037	5.5165751559215046
100.478037	5.5165751559215046
100.478037	5.5165751559215046
100.478037	5.5165751559215046
100.478037	5.5165751559215046
100.478037	5.5165751559215046
100.538043	5.0018300852387849
100.538043	5.0018300852387849
100.538043	5.0018300852387849
100.561929	5.7510032249483212
100.573992	5.5341707999483187
100.573992	5.5341707999483187
100.598024	6.2414746161298718
100.598024	6.2414746161298718
100.598024	6.2414746161298718
100.598024	6.2414746161298718
100.63399	5.0081393592814898
100.63399	5.0081393592814898
100.658039	6.4830137179593441
100.658039	6.4830137179593441
100.658039	6.4830137179593441
100.658039	6.4830137179593441
100.693991	8.1411944594782746
100.705929	7.2934868890530371
100.718022	4.1732050756505492
100.718022	4.1732050756505492
100.718022	4.1732050756505492
100.718022	4.1732050756505492
100.718022	4.1732050756505492
100.765929	5.9801462120131852
100.778106	6.2446251723631105
100.778106	6.2446251723631105
100.789957	5.665857600268505
100.789957	5.665857600268505
100.789957	5.665857600268505
100.789957	5.665857600268505
100.838022	5.255803774285484
100.838022	5.255803774285484
100.849928	6.4555861764172118
100.861928	7.5844637351364916
100.861928	7.5844637351364916
100.861928	7.5844637351364916
100.898023	3.5465972543576019
100.898023	3.5465972543576019
100.898023	3.5465972543576019
100.898023	3.5465972543576019
100.898023	3.5465972543576019
100.898023	3.5465972543576019
100.958032	7.5627722964487631
100.958032	7.5627722964487631
100.958032	7.5627722964487631
100.958032	7.5627722964487631
100.994013	2.7661238575765528
100.994013	2.7661238575765528
101.018042	5.2405362815125338
101.018057	5.2431392390133604
101.018057	5.2431392390133604
101.018057	5.2431392390133604
101.018057	5.2431392390133604
101.065986	5.4424670844671841
101.078052	5.7159478008673377
101.078052	5.7159478008673377
101.078052	5.7159478008673377
101.101944	5.271070680521035
101.101944	5.271070680521035
101.101944	5.271070680521035
101.138043	5.5101895182183576
101.138043	5.5101895182183576
101.138043	5.5101895182183576
101.138043	5.5101895182183576
101.138043	5.5101895182183576
101.185943	6.6549530555213376
101.198056	6.3360080751212902
101.198056	6.3360080751212902
101.198056	6.3360080751212902
101.198056	6.3360080751212902
101.198056	6.3360080751212902
101.198056	6.3360080751212902
101.25806	8.1381462997178442
101.25806	8.1381462997178442
101.25806	8.1381462997178442
101.25806	8.1381462997178442
101.25806	8.1381462997178442
101.25806	8.1381462997178442
101.318075	5.5130941387767436
101.318075	5.5130941387767436
101.318075	5.5130941387767436
101.342028	5.4643573543309838
101.354015	5.1906917469308187
101.365944	4.9420677427429593
101.378048	4.7140277775427659
101.378048	4.7140277775427659
101.389945	4.0985817875736492
101.389945	4.0985817875736492
101.389945	4.0985817875736492
101.425943	4.9202067580339843
101.438113	4.2565450160339848
101.438113	4.2565450160339848
101.438113	4.2565450160339848
101.461963	9.0894633717800311
101.461963	9.0894633717800311
101.461963	9.0894633717800311
101.461963	9.0894633717800311
101.498036	5.9213829883856892
101.509943	5.6994468611948026
101.521944	5.250047335035843
101.521944	5.250047335035843
101.545943	5.3098217668285299
101.558058	7.4033434383304213
101.558058	7.4033434383304213
101.558058	7.4033434383304213
101.558058	7.4033434383304213
101.558058	7.4033434383304213
101.558058	7.4033434383304213
101.618037	4.7518464662562492
101.618037	4.7518464662562492
101.618037	4.7518464662562492
101.618037	4.7518464662562492
101.618037	4.7518464662562492
101.618037	4.7518464662562492
101.678064	5.7809440071856404
101.678064	5.7809440071856404
101.678064	5.7809440071856404
101.678064	5.7809440071856404
101.714026	5.4134314194531887
101.714026	5.4134314194531887
101.738042	5.8030703812492792
101.738042	5.8030703812492792
101.738042	5.8030703812492792
101.761944	4.7207462642770235
101.774006	5.7961459362772594
101.785944	6.0872091502725647
101.798039	5.5920592022723765
101.798039	5.5920592022723765
101.798039	5.5920592022723765
101.798039	5.5920592022723765
101.798039	5.5920592022723765
101.845964	6.0296716472917327
101.858042	5.6104484945915631
101.858042	5.6104484945915631
101.858042	5.6104484945915631
101.858042	5.6104484945915631
101.858042	5.6104484945915631
101.858042	5.6104484945915631
101.918043	5.8582156552305644
101.918043	5.8582156552305644
101.918043	5.8582156552305644
101.918043	5.8582156552305644
101.954011	6.7299626069175211
101.954011	6.7299626069175211
101.978067	4.9258165116307007
101.978067	4.9258165116307007
101.978067	4.9258165116307007
102.001947	5.5682767258416845
102.01401	5.5364973554916848
102.025958	5.4481601780614834
102.03806	5.3007814169614695
102.03806	5.3007814169614695
102.03806	5.3007814169614695
102.03806	5.3007814169614695
102.03806	5.3007814169614695
102.03806	5.3007814169614695
102.098139	4.813350012239427
102.098139	4.813350012239427
102.098139	4.813350012239427
102.098139	4.813350012239427
102.098139	4.813350012239427
102.098139	4.813350012239427
102.158052	4.9572868389666489
102.158052	4.9572868389666489
102.158052	4.9572868389666489
102.158052	4.9572868389666489
102.158052	4.9572868389666489
102.205957	6.1692460603834478
102.218051	6.1065652771834111
102.218051	6.1065652771834111
102.218051	6.1065652771834111
102.218051	6.1065652771834111
102.218051	6.1065652771834111
102.218051	6.1065652771834111
102.278079	7.5927906198627912
102.278079	7.5927906198627912
102.278079	7.5927906198627912
102.278079	7.5927906198627912
102.278079	7.5927906198627912
102.325957	4.9890146714592021
102.338052	5.7742976652094997
102.338052	5.7742976652094997
102.349957	8.6444198745394285
102.349957	8.6444198745394285
102.349957	8.6444198745394285
102.349957	8.6444198745394285
102.349957	8.6444198745394285
102.349957	8.6444198745394285
102.398056	5.3728337870376341
102.421957	5.8866418732292285
102.421957	5.8866418732292285
102.445957	6.380721897580921
102.458053	7.0539634847810362
102.458053	7.0539634847810362
102.458053	7.0539634847810362
102.458053	7.0539634847810362
102.458053	7.0539634847810362
102.505957	6.0535070416713674
102.518058	6.1330523601213915
102.518058	6.1330523601213915
102.52996	5.3099135457261575
102.52996	5.3099135457261575
102.52996	5.3099135457261575
102.565957	5.1443340772381383
102.57808	6.2142658082885758
102.57808	6.2142658082885758
102.57808	6.2142658082885758
102.57808	6.2142658082885758
102.57808	6.2142658082885758
102.57808	6.2142658082885758
102.638076	6.0906550259128576
102.638076	6.0906550259128576
102.650331	7.1734500623226021
102.650331	7.1734500623226021
102.674065	6.7229152711722833
102.674065	6.7229152711722833
102.69806	4.3911099676828096
102.69806	4.3911099676828096
102.69806	4.3911099676828096
102.69806	4.3911099676828096
102.69806	4.3911099676828096
102.69806	4.3911099676828096
102.758132	5.3379074592151072
102.758132	5.3379074592151072
102.758132	5.3379074592151072
102.758132	5.3379074592151072
102.794032	6.465726908970816
102.794032	6.465726908970816
102.81805	6.3599734874240381
102.81805	6.3599734874240381
102.81805	6.3599734874240381
102.81805	6.3599734874240381
102.81805	6.3599734874240381
102.81805	6.3599734874240381
102.878073	5.9434238532254593
102.878073	5.9434238532254593
102.878073	5.9434238532254593
102.901957	5.6208643696939458
102.914029	5.5989186808939353
102.914029	5.5989186808939353
102.938062	5.999137058076097
102.938062	5.999137058076097
102.938062	5.999137058076097
102.938062	5.999137058076097
102.938062	5.999137058076097
102.938062	5.999137058076097
102.998053	5.1903028362016999
102.998053	5.1903028362016999
102.998053	5.1903028362016999
102.998053	5.1903028362016999
103.034036	6.2269378148244208
103.045979	5.7146326517870047
103.058075	5.3085227573869354
103.058075	5.3085227573869354
103.058075	5.3085227573869354
103.081972	5.3049199879963975
103.081972	5.3049199879963975
103.105993	5.0943280251923451
103.118067	4.7089513005923216
103.118067	4.7089513005923216
103.118067	4.7089513005923216
103.118067	4.7089513005923216
103.154109	9.1563544883882209
103.165973	8.6796542667056915
103.178073	4.7629883267036908
103.178073	4.7629883267036908
103.178073	4.7629883267036908
103.178073	4.7629883267036908
103.178073	4.7629883267036908
103.178073	4.7629883267036908
103.238086	6.181640607896691
103.238086	6.181640607896691
103.238086	6.181640607896691
103.238086	6.181640607896691
103.238086	6.181640607896691
103.238086	6.181640607896691
103.298069	6.724970470249243
103.298069	6.724970470249243
103.309972	6.2289634896204689
103.322052	5.7088051272111011
103.334045	5.7477655870111217
103.334045	5.7477655870111217
103.358068	8.5594788441297798
103.358068	8.5594788441297798
103.358068	8.5594788441297798
103.358068	8.5594788441297798
103.358068	8.5594788441297798
103.358068	8.5594788441297798
103.418143	5.3749251529205235
103.418143	5.3749251529205235
103.418143	5.3749251529205235
103.418143	5.3749251529205235
103.454051	6.59769802021414
103.454051	6.59769802021414
103.47808	4.4068145994120504
103.47808	4.4068145994120504
103.47808	4.4068145994120504
103.47808	4.4068145994120504
103.47808	4.4068145994120504
103.525993	4.8970051751382382
103.538067	5.3796633251382691
103.538067	5.3796633251382691
103.538067	5.3796633251382691
103.561972	6.9277828779479194
103.574038	5.3525327931470379
103.585996	4.9906456692406538
103.598064	5.8288617962407727
103.598064	5.8288617962407727
103.609972	5.5682428556623531
103.621972	5.3374499900935994
103.621972	5.3374499900935994
103.645984	7.3346065714762325
103.658087	8.2950770506261211
103.658087	8.2950770506261211
103.669972	8.348278883565504
103.682043	8.0988983172439379
103.682043	8.0988983172439379
103.705972	6.0710442435857095
103.718146	4.6287539415852228
103.718146	4.6287539415852228
103.718146	4.6287539415852228
103.718146	4.6287539415852228
103.718146	4.6287539415852228
103.765972	2.5133861021803092
103.778071	3.1347120986800263
103.778071	3.1347120986800263
103.778071	3.1347120986800263
103.778071	3.1347120986800263
103.778071	3.1347120986800263
103.778071	3.1347120986800263
103.838067	5.932359740747442
103.838067	5.932359740747442
103.838067	5.932359740747442
103.861972	7.2935285811613015
103.861972	7.2935285811613015
103.885972	5.3172841177598595
103.898087	5.8666484847603559
103.898087	5.8666484847603559
103.898087	5.8666484847603559
103.898087	5.8666484847603559
103.898087	5.8666484847603559
103.946061	6.1456723877763784
103.958073	4.5395869067762487
103.958073	4.5395869067762487
103.969972	5.1913150837233024
103.969972	5.1913150837233024
103.994046	5.7079353015994752
103.994046	5.7079353015994752
104.018065	5.6897399655296788
104.018065	5.6897399655296788
104.018079	5.6898565673296204
104.018079	5.6898565673296204
104.018079	5.6898565673296204
104.065986	7.8897322900846287
104.078213	8.180306945084924
104.078213	8.180306945084924
104.078213	8.180306945084924
104.078213	8.180306945084924
104.078213	8.180306945084924
104.078213	8.180306945084924
104.138101	6.6007634162834554
104.138101	6.6007634162834554
104.138101	6.6007634162834554
104.138101	6.6007634162834554
104.138101	6.6007634162834554
104.138101	6.6007634162834554
104.138101	6.6007634162834554
104.138101	6.6007634162834554
104.138101	6.6007634162834554
104.138101	6.6007634162834554
104.198092	7.7618111764229578
104.24599	6.3172685395067685
104.258093	6.3399743726567666
104.258093	6.3399743726567666
104.258093	6.3399743726567666
104.281986	3.5312191160738795
104.281986	3.5312191160738795
104.281986	3.5312191160738795
104.318118	4.8196178210845533
104.318118	4.8196178210845533
104.318118	4.8196178210845533
104.318118	4.8196178210845533
104.318118	4.8196178210845533
104.318118	4.8196178210845533
104.378128	5.8104604395690398
104.378128	5.8104604395690398
104.378128	5.8104604395690398
104.378128	5.8104604395690398
104.378128	5.8104604395690398
104.378128	5.8104604395690398
104.43808	6.6088079441762773
104.43808	6.6088079441762773
104.43808	6.6088079441762773
104.43808	6.6088079441762773
104.43808	6.6088079441762773
104.485986	5.6199219154438698
104.498081	6.0971428401940511
104.498081	6.0971428401940511
104.498081	6.0971428401940511
104.498081	6.0971428401940511
104.534073	5.581478808454035
104.534073	5.581478808454035
104.558083	5.1230928697049931
104.558083	5.1230928697049931
104.558083	5.1230928697049931
104.558083	5.1230928697049931
104.558083	5.1230928697049931
104.558083	5.1230928697049931
104.618084	7.039548868319593
104.618084	7.039548868319593
104.618084	7.039548868319593
104.618084	7.039548868319593
104.618084	7.039548868319593
104.665986	4.3520309464126505
104.6781	5.7071151004125671
104.6781	5.7071151004125671
104.6781	5.7071151004125671
104.6781	5.7071151004125671
104.6781	5.7071151004125671
104.6781	5.7071151004125671
104.73815	4.486326012194696
104.73815	4.486326012194696
104.73815	4.486326012194696
104.73815	4.486326012194696
104.73815	4.486326012194696
104.73815	4.486326012194696
104.798082	5.2057883386233215
104.798082	5.2057883386233215
104.798082	5.2057883386233215
104.798082	5.2057883386233215
104.834053	6.3329512781576831
104.846007	6.8627689771723093
104.858123	7.2609994825725863
104.858123	7.2609994825725863
104.858123	7.2609994825725863
104.858123	7.2609994825725863
104.858123	7.2609994825725863
104.858123	7.2609994825725863
104.858123	7.2609994825725863
104.858123	7.2609994825725863
104.858123	7.2609994825725863
104.858123	7.2609994825725863
104.858123	7.2609994825725863
104.858123	7.2609994825725863
104.858123	7.2609994825725863
104.918085	6.2358822044468996
104.978108	5.4852718792129771
105.00206	5.9153102253378105
105.00206	5.9153102253378105
105.00206	5.9153102253378105
105.038125	6.8335976873557129
105.03814	6.8330210018555295
105.03814	6.8330210018555295
105.03814	6.8330210018555295
105.03814	6.8330210018555295
105.086002	5.2240183058404162
105.098101	4.3892242077898151
105.098101	4.3892242077898151
105.098101	4.3892242077898151
105.098101	4.3892242077898151
105.098101	4.3892242077898151
105.098101	4.3892242077898151
105.098101	4.3892242077898151
105.098101	4.3892242077898151
105.1581	7.4221017205964896
105.182003	7.3119017084965661
105.182003	7.3119017084965661
105.182003	7.3119017084965661
105.218122	5.3103931772823447
105.218122	5.3103931772823447
105.218122	5.3103931772823447
105.218122	5.3103931772823447
105.218122	5.3103931772823447
105.218122	5.3103931772823447
105.278099	4.5186914829660179
105.278099	4.5186914829660179
105.278099	4.5186914829660179
105.302005	4.74251122592299
105.302005	4.74251122592299
105.326021	4.5516219110597289
105.338102	4.8992158390100604
105.338102	4.8992158390100604
105.338102	4.8992158390100604
105.338102	4.8992158390100604
105.338102	4.8992158390100604
105.338102	4.8992158390100604
105.338102	4.8992158390100604
105.338102	4.8992158390100604
105.338102	4.8992158390100604
105.338102	4.8992158390100604
105.338102	4.8992158390100604
105.398163	7.1770823994965127
105.4581	6.617020770609634
105.4581	6.617020770609634
105.470009	5.6290587194041191
105.470009	5.6290587194041191
105.470009	5.6290587194041191
105.506002	5.3591037882568502
105.518098	4.909062431456773
105.518098	4.909062431456773
105.518098	4.909062431456773
105.518098	4.909062431456773
105.518098	4.909062431456773
105.518098	4.909062431456773
105.518098	4.909062431456773
105.518098	4.909062431456773
105.518098	4.909062431456773
105.602003	2.8065565173883025
105.602003	2.8065565173883025
105.602003	2.8065565173883025
105.638109	4.1725937534062663
105.638109	4.1725937534062663
105.638109	4.1725937534062663
105.638109	4.1725937534062663
105.638109	4.1725937534062663
105.686002	5.2696976315998905
105.698099	4.9583916190499018
105.698099	4.9583916190499018
105.698099	4.9583916190499018
105.698099	4.9583916190499018
105.734073	5.0775020468093714
105.746023	5.1387959429335313
105.7581	4.6225005698332149
105.7581	4.6225005698332149
105.770002	5.0144841230849897
105.770002	5.0144841230849897
105.770002	5.0144841230849897
105.770002	5.0144841230849897
105.770002	5.0144841230849897
105.818097	7.7896558819938599
105.830122	6.9039801943016235
105.842003	5.9480606186440834
105.842003	5.9480606186440834
105.842003	5.9480606186440834
105.842003	5.9480606186440834
105.842003	5.9480606186440834
105.842003	5.9480606186440834
105.842003	5.9480606186440834
105.842003	5.9480606186440834
105.87812	4.9684548296945898
105.938099	6.971875819298468
105.938099	6.971875819298468
105.938099	6.971875819298468
105.938099	6.971875819298468
105.974069	5.5721573815003929
105.974069	5.5721573815003929
105.998096	4.108167687109904
105.998096	4.108167687109904
105.998096	4.108167687109904
105.998096	4.108167687109904
106.034082	5.2691372813671364
106.034082	5.2691372813671364
106.058198	9.615050426027544
106.058198	9.615050426027544
106.070016	7.6509479014748294
106.070016	7.6509479014748294
106.094083	4.8089795110065081
106.106016	4.2160379389500449
106.118115	3.4539818189994964
106.118115	3.4539818189994964
106.118115	3.4539818189994964
106.118115	3.4539818189994964
106.118115	3.4539818189994964
106.118115	3.4539818189994964
106.118115	3.4539818189994964
106.118115	3.4539818189994964
106.118115	3.4539818189994964
106.118115	3.4539818189994964
106.118115	3.4539818189994964
106.178111	5.1034001767309096
106.238115	4.7745691491085314
106.238115	4.7745691491085314
106.238115	4.7745691491085314
106.262016	4.722935035244344
106.274099	4.856705324094416
106.286017	4.8945695009317021
106.29811	4.8393691884817231
106.29811	4.8393691884817231
106.29811	4.8393691884817231
106.29811	4.8393691884817231
106.334089	4.7537910824456135
106.334089	4.7537910824456135
106.334089	4.7537910824456135
106.334089	4.7537910824456135
106.334089	4.7537910824456135
106.334089	4.7537910824456135
106.334089	4.7537910824456135
106.334089	4.7537910824456135
106.334089	4.7537910824456135
106.334089	4.7537910824456135
106.358209	1.9276158912255599
106.418111	5.5910192162782906
106.454173	6.6369165536694013
106.466027	7.028231557853367
106.478132	6.8885120163532765
106.478132	6.8885120163532765
106.478132	6.8885120163532765
106.502015	7.1592846658585119
106.514082	5.2482471495578427
106.526017	4.6237487616105595
106.53811	5.252272762211061
106.53811	5.252272762211061
106.53811	5.252272762211061
106.562036	5.6954836829765965
106.562036	5.6954836829765965
106.586087	4.793966041006791
106.598117	4.9616864965067657
106.598117	4.9616864965067657
106.598117	4.9616864965067657
106.598117	4.9616864965067657
106.598117	4.9616864965067657
106.646016	4.074997470629258
106.646016	4.074997470629258
106.646016	4.074997470629258
106.658111	4.754260532379516
106.682017	6.3790324602046882
106.682017	6.3790324602046882
106.682017	6.3790324602046882
106.718199	5.9651737333512136
106.718199	5.9651737333512136
106.730016	6.1718462944844239
106.742016	6.5453920579422107
106.742016	6.5453920579422107
106.766017	7.0952658832518152
106.778115	5.1864035198522851
106.778115	5.1864035198522851
106.778115	5.1864035198522851
106.778115	5.1864035198522851
106.814081	4.7830433055695147
106.814081	4.7830433055695147
106.838111	4.9760718262047909
106.838111	4.9760718262047909
106.838111	4.9760718262047909
106.838111	4.9760718262047909
106.874079	6.1309359215167607
106.88602	4.8485540151883848
106.898133	5.4012187249384667
106.898133	5.4012187249384667
106.898133	5.4012187249384667
106.898133	5.4012187249384667
106.898133	5.4012187249384667
106.946035	7.1722595331602541
106.958131	8.3727470115604596
106.958131	8.3727470115604596
106.958131	8.3727470115604596
106.958131	8.3727470115604596
106.958131	8.3727470115604596
106.958131	8.3727470115604596
106.958131	8.3727470115604596
106.958131	8.3727470115604596
107.018114	4.4800784121451418
107.042017	5.534205013918295
107.042031	5.5364544954171819
107.06603	7.8355439290942153
107.078127	6.6556950911442598
107.078127	6.6556950911442598
107.090072	6.0988291062449358
107.090072	6.0988291062449358
107.090072	6.0988291062449358
107.090072	6.0988291062449358
107.138125	5.2279356562863946
107.138125	5.2279356562863946
107.138125	5.2279356562863946
107.138125	5.2279356562863946
107.174095	7.5534935535018182
107.186031	6.948570717628308
107.198127	5.7301593864281006
107.198127	5.7301593864281006
107.198127	5.7301593864281006
107.198127	5.7301593864281006
107.198127	5.7301593864281006
107.246109	4.0610396918487099
107.25814	5.918106352648036
107.25814	5.918106352648036
107.25814	5.918106352648036
107.25814	5.918106352648036
107.25814	5.918106352648036
107.25814	5.918106352648036
107.25814	5.918106352648036
107.25814	5.918106352648036
107.25814	5.918106352648036
107.25814	5.918106352648036
107.318143	4.9788437099593743
107.366031	7.7468351198609424
107.378196	5.6209113488612221
107.378196	5.6209113488612221
107.39003	3.8196232563743218
107.39003	3.8196232563743218
107.39003	3.8196232563743218
107.39003	3.8196232563743218
107.438157	6.1922378911127751
107.438157	6.1922378911127751
107.45003	7.3259098028388827
107.45003	7.3259098028388827
107.474096	5.9245768713375746
107.48603	5.1179627305804756
107.498166	5.3479927221804866
107.498166	5.3479927221804866
107.498166	5.3479927221804866
107.498166	5.3479927221804866
107.498166	5.3479927221804866
107.498166	5.3479927221804866
107.558144	5.3773532224469092
107.558144	5.3773532224469092
107.558144	5.3773532224469092
107.582031	4.3275865558384661
107.582031	4.3275865558384661
107.582031	4.3275865558384661
107.618125	4.623927124733398
107.618125	4.623927124733398
107.618125	4.623927124733398
107.642102	3.6224062316361221
107.642102	3.6224062316361221
107.642102	3.6224062316361221
107.678132	5.2937815552692022
107.678132	5.2937815552692022
107.678132	5.2937815552692022
107.678132	5.2937815552692022
107.714095	4.6424428195594514
107.726031	4.248416146151218
107.738127	4.6737840821512906
107.738127	4.6737840821512906
107.738127	4.6737840821512906
107.738127	4.6737840821512906
107.738127	4.6737840821512906
107.738127	4.6737840821512906
107.798144	2.8936500619263281
107.798144	2.8936500619263281
107.810283	4.9863768830018644
107.822031	7.6169015379417697
107.822031	7.6169015379417697
107.846031	8.3344828437812275
107.858124	13.187108069935096
107.858124	13.187108069935096
107.858124	13.187108069935096
107.858124	13.187108069935096
107.894113	8.3156930538010432
107.894113	8.3156930538010432
107.918128	4.4180208896962156
107.918128	4.4180208896962156
107.918128	4.4180208896962156
107.918128	4.4180208896962156
107.918128	4.4180208896962156
107.966031	8.0090804090988037
107.978132	6.0552021248982122
107.978132	6.0552021248982122
107.978132	6.0552021248982122
107.978132	6.0552021248982122
107.978132	6.0552021248982122
107.978132	6.0552021248982122
107.978132	6.0552021248982122
107.978132	6.0552021248982122
108.038193	6.6673400193450334
108.062047	7.1316928387752281
108.062047	7.1316928387752281
108.086046	4.5113666012657605
108.098145	3.5842153916650932
108.098145	3.5842153916650932
108.098145	3.5842153916650932
108.098145	3.5842153916650932
108.134117	4.4576946625824903
108.134117	4.4576946625824903
108.134117	4.4576946625824903
108.134117	4.4576946625824903
108.158163	8.2620934115869353
108.182046	5.071671635395079
108.182046	5.071671635395079
108.182046	5.071671635395079
108.218138	4.994147321287052
108.218138	4.994147321287052
108.230046	5.324595055665565
108.230046	5.324595055665565
108.254121	8.4479091212557798
108.254121	8.4479091212557798
108.278145	6.5784417840193949
108.278145	6.5784417840193949
108.278145	6.5784417840193949
108.302116	4.951092864018622
108.302116	4.951092864018622
108.302116	4.951092864018622
108.338219	5.8998290791683727
108.338219	5.8998290791683727
108.338219	5.8998290791683727
108.338219	5.8998290791683727
108.374113	4.920494468503958
108.386047	4.7067428821907118
108.398143	4.1353181653906139
108.398143	4.1353181653906139
108.398143	4.1353181653906139
108.398143	4.1353181653906139
108.434179	6.972983485616008
108.434179	6.972983485616008
108.458153	5.9369037866463605
108.458153	5.9369037866463605
108.47006	5.1646912176502111
108.47006	5.1646912176502111
108.494111	5.0257541638528442
108.494111	5.0257541638528442
108.518147	6.3722404203644043
108.518147	6.3722404203644043
108.518147	6.3722404203644043
108.518147	6.3722404203644043
108.518147	6.3722404203644043
108.518147	6.3722404203644043
108.578147	5.3482099425013008
108.578147	5.3482099425013008
108.578147	5.3482099425013008
108.578147	5.3482099425013008
108.614113	5.4707109763616257
108.626047	5.4429630928668251
108.638143	5.4884628016668326
108.638143	5.4884628016668326
108.638143	5.4884628016668326
108.638143	5.4884628016668326
108.674112	5.7969784509184645
108.686046	5.3514315759441304
108.698215	5.2000005399440994
108.698215	5.2000005399440994
108.710046	5.2582524416360057
108.710046	5.2582524416360057
108.710046	5.2582524416360057
108.710046	5.2582524416360057
108.758141	5.5483847059166642
108.758141	5.5483847059166642
108.758141	5.5483847059166642
108.758141	5.5483847059166642
108.758141	5.5483847059166642
108.758141	5.5483847059166642
108.818141	5.8022475193877376
108.818141	5.8022475193877376
108.818141	5.8022475193877376
108.818141	5.8022475193877376
108.818141	5.8022475193877376
108.818141	5.8022475193877376
108.878145	4.749243215546251
108.878145	4.749243215546251
108.878145	4.749243215546251
108.878145	4.749243215546251
108.878145	4.749243215546251
108.878145	4.749243215546251
108.938143	7.0253970385605022
108.938143	7.0253970385605022
108.938143	7.0253970385605022
108.938143	7.0253970385605022
108.938143	7.0253970385605022
108.938143	7.0253970385605022
108.998163	6.005306345790018
108.998163	6.005306345790018
108.998163	6.005306345790018
108.998163	6.005306345790018
109.03411	5.7135011910063653
109.03411	5.7135011910063653
109.058163	6.8278735980772405
109.058178	6.828787107077531
109.058178	6.828787107077531
109.058178	6.828787107077531
109.094195	6.4905641979141633
109.106061	6.6148956956364211
109.118155	6.4464710234363212
109.118155	6.4464710234363212
109.118155	6.4464710234363212
109.142061	5.4226393145376326
109.142061	5.4226393145376326
109.166062	5.8169620951901644
109.17816	5.5266482038898941
109.17816	5.5266482038898941
109.17816	5.5266482038898941
109.17816	5.5266482038898941
109.17816	5.5266482038898941
109.17816	5.5266482038898941
109.238158	5.7900834645805581
109.238158	5.7900834645805581
109.25008	7.195081392625637
109.25008	7.195081392625637
109.274139	4.3095817610695493
109.286061	2.9279304290846895
109.298178	3.6765283826841761
109.298178	3.6765283826841761
109.298178	3.6765283826841761
109.298178	3.6765283826841761
109.334133	5.7183662595318001
109.334133	5.7183662595318001
109.358234	5.9695108989244279
109.358234	5.9695108989244279
109.370061	6.3597443394928064
109.370061	6.3597443394928064
109.394154	6.1836812469071143
109.394154	6.1836812469071143
109.418156	5.0680461209778072
109.418156	5.0680461209778072
109.418156	5.0680461209778072
109.418156	5.0680461209778072
109.418156	5.0680461209778072
109.418156	5.0680461209778072
109.478157	6.0797625272874427
109.478157	6.0797625272874427
109.478157	6.0797625272874427
109.478157	6.0797625272874427
109.478157	6.0797625272874427
109.478157	6.0797625272874427
109.53816	4.6349531354160121
109.53816	4.6349531354160121
109.550081	6.2558900845563929
109.550081	6.2558900845563929
109.550081	6.2558900845563929
109.586062	3.6887062286468053
109.598188	3.290274971046891
109.598188	3.290274971046891
109.598188	3.290274971046891
109.598188	3.290274971046891
109.598188	3.290274971046891
109.646061	4.5388865655885731
109.646061	4.5388865655885731
109.646061	4.5388865655885731
109.646061	4.5388865655885731
109.658163	2.3109017094883644
109.694126	5.3393130884549045
109.694126	5.3393130884549045
109.718156	3.8472971432296967
109.718156	3.8472971432296967
109.718156	3.8472971432296967
109.718156	3.8472971432296967
109.718156	3.8472971432296967
109.718156	3.8472971432296967
109.778167	5.1655264936421963
109.778167	5.1655264936421963
109.790065	5.2151391804881468
109.802061	5.1592246741795629
109.802061	5.1592246741795629
109.802061	5.1592246741795629
109.838158	5.1521000166680233
109.838158	5.1521000166680233
109.838158	5.1521000166680233
109.838158	5.1521000166680233
109.838158	5.1521000166680233
109.838158	5.1521000166680233
109.898158	6.7008800342971409
109.898158	6.7008800342971409
109.898158	6.7008800342971409
109.898158	6.7008800342971409
109.934134	4.8947697321332981
109.934134	4.8947697321332981
109.958159	5.0591281107028854
109.958159	5.0591281107028854
109.958159	5.0591281107028854
109.982061	4.9045390855444335
109.994132	8.1978609622928325
109.994132	8.1978609622928325
110.018262	5.8421041178723723
110.018262	5.8421041178723723
110.018262	5.8421041178723723
110.018262	5.8421041178723723
110.018262	5.8421041178723723
110.018262	5.8421041178723723
110.078208	4.142076097243061
110.078208	4.142076097243061
110.078208	4.142076097243061
110.078208	4.142076097243061
110.078208	4.142076097243061
110.078208	4.142076097243061
110.138174	6.9154544967524982
110.138174	6.9154544967524982
110.138174	6.9154544967524982
110.138174	6.9154544967524982
110.138174	6.9154544967524982
110.138174	6.9154544967524982
110.198174	4.8692251297387763
110.198174	4.8692251297387763
110.210099	4.940079838344678
110.222079	5.0173508737152002
110.222079	5.0173508737152002
110.222079	5.0173508737152002
110.258183	3.9982875100653819
110.258183	3.9982875100653819
110.270079	3.9693366612784802
110.270079	3.9693366612784802
110.294143	5.1829432637927333
110.294143	5.1829432637927333
110.318272	6.4923617378184968
110.318272	6.4923617378184968
110.318272	6.4923617378184968
110.318272	6.4923617378184968
110.318272	6.4923617378184968
110.366079	5.4190654881658729
110.378176	5.7099735393158619
110.378176	5.7099735393158619
110.39018	6.0415019131363419
110.39018	6.0415019131363419
110.39018	6.0415019131363419
110.39018	6.0415019131363419
110.438189	6.3299493205089314
110.438189	6.3299493205089314
110.438189	6.3299493205089314
110.46208	5.9250983037762257
110.474145	5.367122819526454
110.486079	4.9371991233231123
110.498174	4.6205586755729922
110.498174	4.6205586755729922
110.498174	4.6205586755729922
110.498174	4.6205586755729922
110.498174	4.6205586755729922
110.546152	5.9466934203535198
110.558181	5.8316835499035129
110.558181	5.8316835499035129
110.558181	5.8316835499035129
110.558181	5.8316835499035129
110.558181	5.8316835499035129
110.558181	5.8316835499035129
110.618175	4.4139567482866271
110.618175	4.4139567482866271
110.618175	4.4139567482866271
110.618175	4.4139567482866271
110.618175	4.4139567482866271
110.618175	4.4139567482866271
110.678251	6.2302080422688286
110.678251	6.2302080422688286
110.678251	6.2302080422688286
110.678251	6.2302080422688286
110.678251	6.2302080422688286
110.72608	6.446813967856591
110.738173	6.0919400456563073
110.738173	6.0919400456563073
110.738173	6.0919400456563073
110.738173	6.0919400456563073
110.738173	6.0919400456563073
110.786083	15.79777655299649
110.798201	6.0360204676937741
110.798201	6.0360204676937741
110.798201	6.0360204676937741
110.798201	6.0360204676937741
110.798201	6.0360204676937741
110.798201	6.0360204676937741
110.858175	7.2233320003735235
110.858175	7.2233320003735235
110.858175	7.2233320003735235
110.858175	7.2233320003735235
110.858175	7.2233320003735235
110.90608	4.4510546394262986
110.918175	3.0434445869257636
110.918175	3.0434445869257636
110.918175	3.0434445869257636
110.918175	3.0434445869257636
110.95415	6.6577027032019451
110.95415	6.6577027032019451
110.978183	5.0939086376987532
110.978183	5.0939086376987532
110.978183	5.0939086376987532
111.00208	5.1326008477869047
111.014144	4.6134941661870084
111.014144	4.6134941661870084
111.038174	3.6379943380029007
111.038174	3.6379943380029007
111.038174	3.6379943380029007
111.038174	3.6379943380029007
111.038189	3.6373971775027112
111.086094	4.1655679844017754
111.098207	2.9501295779515964
111.098207	2.9501295779515964
111.098207	2.9501295779515964
111.098207	2.9501295779515964
111.098207	2.9501295779515964
111.098207	2.9501295779515964
111.158192	4.9620700214762641
111.158192	4.9620700214762641
111.158192	4.9620700214762641
111.158192	4.9620700214762641
111.158192	4.9620700214762641
111.158192	4.9620700214762641
111.21819	5.0947594033430459
111.21819	5.0947594033430459
111.21819	5.0947594033430459
111.21819	5.0947594033430459
111.21819	5.0947594033430459
111.266094	6.0105094083026369
111.278191	5.5324087500520935
111.278191	5.5324087500520935
111.290094	5.5447603251415281
111.302094	5.5743558295741318
111.302094	5.5743558295741318
111.326094	5.3003538916450905
111.338265	5.6529751463954288
111.338265	5.6529751463954288
111.338265	5.6529751463954288
111.362114	5.7744306039240572
111.362114	5.7744306039240572
111.386095	4.1703803251180176
111.398226	5.059777327667943
111.398226	5.059777327667943
111.398226	5.059777327667943
111.398226	5.059777327667943
111.434158	6.495624676128628
111.434158	6.495624676128628
111.458191	4.9570439562362063
111.458191	4.9570439562362063
111.458191	4.9570439562362063
111.458191	4.9570439562362063
111.458191	4.9570439562362063
111.458191	4.9570439562362063
111.518189	4.6580063841308164
111.518189	4.6580063841308164
111.518189	4.6580063841308164
111.518189	4.6580063841308164
111.554163	5.4476359948990094
111.566095	4.9132499772863243
111.578192	5.0000526056363208
111.578192	5.0000526056363208
111.578192	5.0000526056363208
111.578192	5.0000526056363208
111.578192	5.0000526056363208
111.626094	4.4793022874726143
111.626094	4.4793022874726143
111.626094	4.4793022874726143
111.626094	4.4793022874726143
111.638298	4.6542722558728098
111.67416	6.7691480362133021
111.67416	6.7691480362133021
111.698189	6.1040341993955769
111.698189	6.1040341993955769
111.698189	6.1040341993955769
111.698189	6.1040341993955769
111.698189	6.1040341993955769
111.698189	6.1040341993955769
111.758193	8.3144738550436568
111.758193	8.3144738550436568
111.758193	8.3144738550436568
111.782095	5.6332493980012659
111.794165	5.6362475860012697
111.806095	5.6668679747744326
111.818196	5.7247839658244501
111.818196	5.7247839658244501
111.818196	5.7247839658244501
111.818196	5.7247839658244501
111.818196	5.7247839658244501
111.818196	5.7247839658244501
111.878232	18.498467064560799
111.878232	18.498467064560799
111.878232	18.498467064560799
111.878232	18.498467064560799
111.914161	5.2388623193154231
111.926144	5.7054656783940434
111.938206	5.6914417940940405
111.938206	5.6914417940940405
111.938206	5.6914417940940405
111.938206	5.6914417940940405
111.938206	5.6914417940940405
111.986094	5.5035116615968995
111.998265	5.4961652459968926
111.998265	5.4961652459968926
112.010114	5.7168770584128712
112.010114	5.7168770584128712
112.010114	5.7168770584128712
112.010114	5.7168770584128712
112.058199	4.8386482892404308
112.058199	4.8386482892404308
112.070095	5.0251013786057968
112.07011	5.0254093331058938
112.07011	5.0254093331058938
112.07011	5.0254093331058938
112.118203	4.6697536984797363
112.118203	4.6697536984797363
112.118203	4.6697536984797363
112.14213	4.8570689573359109
112.14213	4.8570689573359109
112.14213	4.8570689573359109
112.178231	6.6667478483839835
112.178231	6.6667478483839835
112.178231	6.6667478483839835
112.178231	6.6667478483839835
112.214173	5.6667340956613756
112.22611	5.4531712987371801
112.238206	6.005430508337275
112.238206	6.005430508337275
112.238206	6.005430508337275
112.238206	6.005430508337275
112.238206	6.005430508337275
112.238206	6.005430508337275
112.298208	4.4935720735040992
112.298208	4.4935720735040992
112.310171	4.5481627888448122
112.310171	4.5481627888448122
112.310171	4.5481627888448122
112.310171	4.5481627888448122
112.358206	5.9408722865957433
112.358206	5.9408722865957433
112.370109	6.3387956999383599
112.370109	6.3387956999383599
112.370109	6.3387956999383599
112.370109	6.3387956999383599
112.418202	5.6165262576159192
112.418202	5.6165262576159192
112.418202	5.6165262576159192
112.418202	5.6165262576159192
112.418202	5.6165262576159192
112.46611	6.7577082162885063
112.478214	5.1134367050890379
112.478214	5.1134367050890379
112.478214	5.1134367050890379
112.478214	5.1134367050890379
112.478214	5.1134367050890379
112.478214	5.1134367050890379
112.538296	5.4731806607549203
112.538296	5.4731806607549203
112.538296	5.4731806607549203
112.538296	5.4731806607549203
112.538296	5.4731806607549203
112.538296	5.4731806607549203
112.598238	4.4240640033036698
112.598238	4.4240640033036698
112.598238	4.4240640033036698
112.598238	4.4240640033036698
112.598238	4.4240640033036698
112.598238	4.4240640033036698
112.658311	5.9188619543580412
112.658311	5.9188619543580412
112.658311	5.9188619543580412
112.658311	5.9188619543580412
112.694192	3.696484599176169
112.694192	3.696484599176169
112.718204	5.493998810674265
112.718204	5.493998810674265
112.718204	5.493998810674265
112.718204	5.493998810674265
112.718204	5.493998810674265
112.766109	5.8541108892852796
112.778207	6.1630859455852036
112.778207	6.1630859455852036
112.778207	6.1630859455852036
112.778207	6.1630859455852036
112.778207	6.1630859455852036
112.778207	6.1630859455852036
112.83821	4.3307733792398366
112.83821	4.3307733792398366
112.83821	4.3307733792398366
112.862109	8.1626069930709271
112.862109	8.1626069930709271
112.862109	8.1626069930709271
112.898204	4.3904479328627133
112.898204	4.3904479328627133
112.898204	4.3904479328627133
112.898204	4.3904479328627133
112.898204	4.3904479328627133
112.946109	5.0329934831116603
112.958209	4.4928875981120191
112.958209	4.4928875981120191
112.958209	4.4928875981120191
112.98211	5.7854981876320686
112.98211	5.7854981876320686
112.98211	5.7854981876320686
113.018204	4.3936684596616464
113.018204	4.3936684596616464
113.018204	4.3936684596616464
113.018204	4.3936684596616464
113.054269	7.5256516117538164
113.066109	6.8963053899417419
113.078224	5.7461684706907032
113.078239	5.7447444464416
113.078239	5.7447444464416
113.078239	5.7447444464416
113.114188	2.8520535075410129
113.114188	2.8520535075410129
113.138219	6.190187426859918
113.138219	6.190187426859918
113.138219	6.190187426859918
113.138219	6.190187426859918
113.138219	6.190187426859918
113.138219	6.190187426859918
113.198223	12.203283872289326
113.198223	12.203283872289326
113.210124	9.9787980518095978
113.210124	9.9787980518095978
113.210124	9.9787980518095978
113.210124	9.9787980518095978
113.258222	8.5149970345504968
113.258222	8.5149970345504968
113.258222	8.5149970345504968
113.282124	8.7862566633460517
113.282124	8.7862566633460517
113.282124	8.7862566633460517
113.318321	6.659488700348116
113.318321	6.659488700348116
113.318321	6.659488700348116
113.318321	6.659488700348116
113.318321	6.659488700348116
113.318321	6.659488700348116
113.378245	5.1004821178368367
113.378245	5.1004821178368367
113.378245	5.1004821178368367
113.378245	5.1004821178368367
113.378245	5.1004821178368367
113.378245	5.1004821178368367
113.438228	4.1200808131934554
113.438228	4.1200808131934554
113.45021	3.6219427391666543
113.45021	3.6219427391666543
113.45021	3.6219427391666543
113.45021	3.6219427391666543
113.498241	6.4082923708481525
113.498241	6.4082923708481525
113.498241	6.4082923708481525
113.498241	6.4082923708481525
113.534195	7.0853880202729504
113.546125	7.5825278879210076
113.558224	8.5162307060205826
113.558224	8.5162307060205826
113.558224	8.5162307060205826
113.558224	8.5162307060205826
113.558224	8.5162307060205826
113.558224	8.5162307060205826
113.558224	8.5162307060205826
113.558224	8.5162307060205826
113.558224	8.5162307060205826
113.558224	8.5162307060205826
113.558224	8.5162307060205826
113.618222	6.8812261401890584
113.678221	3.2022201108276986
113.678221	3.2022201108276986
113.678221	3.2022201108276986
113.702124	5.2475377207555178
113.702124	5.2475377207555178
113.726124	6.1781642209948977
113.738218	5.726045753194632
113.738218	5.726045753194632
113.738218	5.726045753194632
113.738218	5.726045753194632
113.738218	5.726045753194632
113.786125	4.7693430438594842
113.79822	5.0101925931095757
113.79822	5.0101925931095757
113.79822	5.0101925931095757
113.79822	5.0101925931095757
113.834188	5.1950663049312515
113.846217	5.5001691221975637
113.858227	5.8219608586977252
113.858227	5.8219608586977252
113.858227	5.8219608586977252
113.882167	5.5280326342298327
113.894191	5.7021094930300249
113.906125	6.5292866506704694
113.918219	7.9965162178696083
113.918219	7.9965162178696083
113.918219	7.9965162178696083
113.942124	6.6988569761895977
113.942124	6.6988569761895977
113.966124	7.0141952937492142
113.978314	5.1384486822482387
113.978314	5.1384486822482387
113.990124	5.6790210858373582
114.002124	6.5200604739580701
114.002124	6.5200604739580701
114.026124	6.3934551272235209
114.03822	5.1355128584233061
114.03822	5.1355128584233061
114.050243	5.8223584465221965
114.050243	5.8223584465221965
114.050243	5.8223584465221965
114.050243	5.8223584465221965
114.098247	2.8016867836729662
114.098247	2.8016867836729662
114.110247	4.6369074089639604
114.110247	4.6369074089639604
114.110247	4.6369074089639604
114.110247	4.6369074089639604
114.158252	5.7356584701762854
114.158252	5.7356584701762854
114.158252	5.7356584701762854
114.158252	5.7356584701762854
114.158252	5.7356584701762854
114.206139	5.5603714608072821
114.218235	5.3592524784070106
114.218235	5.3592524784070106
114.218235	5.3592524784070106
114.218235	5.3592524784070106
114.218235	5.3592524784070106
114.266138	5.5698483182169065
114.278326	6.2604149136175522
114.278326	6.2604149136175522
114.278326	6.2604149136175522
114.278326	6.2604149136175522
114.278326	6.2604149136175522
114.278326	6.2604149136175522
114.338239	6.1935092655694453
114.338239	6.1935092655694453
114.338239	6.1935092655694453
114.338239	6.1935092655694453
114.338239	6.1935092655694453
114.338239	6.1935092655694453
114.398232	5.3723040062546978
114.398232	5.3723040062546978
114.398232	5.3723040062546978
114.398232	5.3723040062546978
114.434206	4.9975531388694394
114.446139	5.9592645626669327
114.458259	7.7168966606666896
114.458259	7.7168966606666896
114.458259	7.7168966606666896
114.458259	7.7168966606666896
114.494202	4.9800416588117882
114.494202	4.9800416588117882
114.518251	3.9927230267405047
114.518251	3.9927230267405047
114.530138	4.7934721371988882
114.530138	4.7934721371988882
114.530138	4.7934721371988882
114.530138	4.7934721371988882
114.578238	9.7916017329095943
114.578238	9.7916017329095943
114.578238	9.7916017329095943
114.578238	9.7916017329095943
114.578238	9.7916017329095943
114.578238	9.7916017329095943
114.638316	5.6174643352095996
114.638316	5.6174643352095996
114.638316	5.6174643352095996
114.638316	5.6174643352095996
114.638316	5.6174643352095996
114.638316	5.6174643352095996
114.698233	7.6235010363895617
114.698233	7.6235010363895617
114.698233	7.6235010363895617
114.698233	7.6235010363895617
114.734209	7.7328148300895059
114.746138	8.7334324057176715
114.758239	7.9207104891674271
114.758239	7.9207104891674271
114.770227	6.2250520866206891
114.770227	6.2250520866206891
114.770227	6.2250520866206891
114.806141	5.3532281905974015
114.806141	5.3532281905974015
114.806141	5.3532281905974015
114.806141	5.3532281905974015
114.806141	5.3532281905974015
114.806141	5.3532281905974015
114.818233	6.0902990735981435
114.878238	3.2256874143007446
114.878238	3.2256874143007446
114.878238	3.2256874143007446
114.878238	3.2256874143007446
114.878238	3.2256874143007446
114.878238	3.2256874143007446
114.938236	5.6506192838586484
114.938236	5.6506192838586484
114.938236	5.6506192838586484
114.938236	5.6506192838586484
114.938236	5.6506192838586484
114.986139	5.4084898215246451
114.998237	5.6715317963248886
114.998237	5.6715317963248886
114.998237	5.6715317963248886
114.998237	5.6715317963248886
114.998237	5.6715317963248886
114.998237	5.6715317963248886
114.998237	5.6715317963248886
114.998237	5.6715317963248886
115.058257	8.5765045096091406
115.082139	6.3502019367667994
115.082155	6.3499706431667668
115.106154	6.4288359593155908
115.106154	6.4288359593155908
115.106154	6.4288359593155908
115.106154	6.4288359593155908
115.106154	6.4288359593155908
115.106154	6.4288359593155908
115.118254	7.091111309315151
115.178288	6.4204834626661471
115.178288	6.4204834626661471
115.178288	6.4204834626661471
115.178288	6.4204834626661471
115.214227	6.3854053694887432
115.226155	6.9975383772553421
115.23825	5.9645534120061638
115.23825	5.9645534120061638
115.250154	6.8280565482771953
115.250154	6.8280565482771953
115.250154	6.8280565482771953
115.250154	6.8280565482771953
115.298341	5.5303055810831365
115.298341	5.5303055810831365
115.298341	5.5303055810831365
115.298341	5.5303055810831365
115.334228	3.223386627985712
115.334228	3.223386627985712
115.358256	7.6567515824052759
115.358256	7.6567515824052759
115.358256	7.6567515824052759
115.382155	5.8572008383853751
115.382155	5.8572008383853751
115.406154	5.5499793448421633
115.418247	5.6375471764421299
115.418247	5.6375471764421299
115.418247	5.6375471764421299
115.418247	5.6375471764421299
115.454232	4.4198893658524572
115.454232	4.4198893658524572
115.478262	3.8066468050505948
115.478262	3.8066468050505948
115.478262	3.8066468050505948
115.478262	3.8066468050505948
115.478262	3.8066468050505948
115.478262	3.8066468050505948
115.538272	6.2109162530220123
115.538272	6.2109162530220123
115.538272	6.2109162530220123
115.538272	6.2109162530220123
115.574234	6.2355022185936964
115.574234	6.2355022185936964
115.598252	4.8584762311280931
115.598252	4.8584762311280931
115.610154	4.705708094193044
115.622155	4.7434159743845985
115.634219	5.0199753327845436
115.634219	5.0199753327845436
115.658252	7.540049683768725
115.658252	7.540049683768725
115.670176	5.5854899731401018
115.682154	3.7238021252708622
115.682154	3.7238021252708622
115.682154	3.7238021252708622
115.718269	4.6685722537474428
115.718269	4.6685722537474428
115.718269	4.6685722537474428
115.718269	4.6685722537474428
115.718269	4.6685722537474428
115.718269	4.6685722537474428
115.778255	6.2584633240668079
115.778255	6.2584633240668079
115.778255	6.2584633240668079
115.802175	5.5881590886247787
115.802175	5.5881590886247787
115.802175	5.5881590886247787
115.83825	5.7168176489423503
115.83825	5.7168176489423503
115.83825	5.7168176489423503
115.83825	5.7168176489423503
115.874225	7.4672078846345213
115.886154	6.2494874069717765
115.898247	4.5582898220724148
115.898247	4.5582898220724148
115.898247	4.5582898220724148
115.898247	4.5582898220724148
115.898247	4.5582898220724148
115.898247	4.5582898220724148
115.958348	11.697795301864209
115.958348	11.697795301864209
115.958348	11.697795301864209
115.958348	11.697795301864209
115.958348	11.697795301864209
115.958348	11.697795301864209
116.01825	4.5221876500745655
116.01825	4.5221876500745655
116.01825	4.5221876500745655
116.01825	4.5221876500745655
116.01825	4.5221876500745655
116.01825	4.5221876500745655
116.078253	6.38274572823389
116.078253	6.38274572823389
116.090227	5.5344724297464891
116.10217	5.0754823501070376
116.10217	5.0754823501070376
116.10217	5.0754823501070376
116.138282	5.7198878341059158
116.138282	5.7198878341059158
116.138282	5.7198878341059158
116.16217	7.4455265469160397
116.174234	6.2665932589162754
116.186171	6.8427572142041448
116.198283	9.0795541374049407
116.198283	9.0795541374049407
116.210171	6.9951951417370157
116.210171	6.9951951417370157
116.210171	6.9951951417370157
116.24617	5.6945560432383537
116.25831	7.1896000782371798
116.25831	7.1896000782371798
116.25831	7.1896000782371798
116.25831	7.1896000782371798
116.294234	4.7357453194070942
116.294234	4.7357453194070942
116.318283	4.6581293583886723
116.318283	4.6581293583886723
116.33019	4.9017035381961493
116.33019	4.9017035381961493
116.33019	4.9017035381961493
116.33019	4.9017035381961493
116.378274	6.1352647463995922
116.378274	6.1352647463995922
116.378274	6.1352647463995922
116.402188	5.692670161635581
116.414236	5.36336639443532
116.426171	5.6233749273074345
116.438266	6.4417697978077459
116.438266	6.4417697978077459
116.438266	6.4417697978077459
116.438266	6.4417697978077459
116.438266	6.4417697978077459
116.486255	4.9697731846950646
116.498268	4.3629605156951445
116.498268	4.3629605156951445
116.498268	4.3629605156951445
116.522174	5.1519404929015211
116.522174	5.1519404929015211
116.522174	5.1519404929015211
116.558267	4.3377687784431531
116.558267	4.3377687784431531
116.558267	4.3377687784431531
116.558267	4.3377687784431531
116.594252	3.5071672915054743
116.594252	3.5071672915054743
116.618344	5.9293996994800624
116.618344	5.9293996994800624
116.63017	5.7446442007133589
116.63017	5.7446442007133589
116.63017	5.7446442007133589
116.66617	2.9663937595385126
116.678275	5.0385887897898423
116.678275	5.0385887897898423
116.678275	5.0385887897898423
116.678275	5.0385887897898423
116.714236	5.2877388371647234
116.714236	5.2877388371647234
116.738264	6.1731065925799005
116.738264	6.1731065925799005
116.738264	6.1731065925799005
116.738264	6.1731065925799005
116.738264	6.1731065925799005
116.738264	6.1731065925799005
116.798264	6.8664949813258778
116.798264	6.8664949813258778
116.798264	6.8664949813258778
116.798264	6.8664949813258778
116.798264	6.8664949813258778
116.798264	6.8664949813258778
116.85831	7.2023354297570865
116.85831	7.2023354297570865
116.85831	7.2023354297570865
116.85831	7.2023354297570865
116.85831	7.2023354297570865
116.85831	7.2023354297570865
116.918268	5.0163568701448291
116.918268	5.0163568701448291
116.918268	5.0163568701448291
116.918268	5.0163568701448291
116.954238	4.8760753610303107
116.954238	4.8760753610303107
116.978269	4.7509361882430339
116.978269	4.7509361882430339
116.978269	4.7509361882430339
117.00217	6.1190920713761789
117.014301	5.8747003388261998
117.02617	6.023626809762356
117.038283	6.5414012343130397
117.038283	6.5414012343130397
117.038283	6.5414012343130397
117.06217	6.9031001456967021
117.06217	6.9031001456967021
117.06217	6.9031001456967021
117.09828	5.2709806762353386
117.098296	5.2715918234354247
117.098296	5.2715918234354247
117.098296	5.2715918234354247
117.098296	5.2715918234354247
117.098296	5.2715918234354247
117.158285	8.7201814010766761
117.158285	8.7201814010766761
117.170186	7.3596059529679145
117.18219	5.6061957061301548
117.18219	5.6061957061301548
117.206187	6.117435114486053
117.218283	6.3837291592860987
117.218283	6.3837291592860987
117.218283	6.3837291592860987
117.218283	6.3837291592860987
117.218283	6.3837291592860987
117.266186	5.4711899939559263
117.27836	6.1704353363561619
117.27836	6.1704353363561619
117.27836	6.1704353363561619
117.302186	5.7901236472553634
117.302186	5.7901236472553634
117.302186	5.7901236472553634
117.338281	5.7886978140982173
117.338281	5.7886978140982173
117.338281	5.7886978140982173
117.338281	5.7886978140982173
117.338281	5.7886978140982173
117.338281	5.7886978140982173
117.398287	5.6803154937577656
117.398287	5.6803154937577656
117.398287	5.6803154937577656
117.422186	5.8046431875075806
117.422186	5.8046431875075806
117.422186	5.8046431875075806
117.458283	7.1115922231375777
117.458283	7.1115922231375777
117.458283	7.1115922231375777
117.458283	7.1115922231375777
117.494255	6.5864385698211096
117.494255	6.5864385698211096
117.51828	5.1915378057371724
117.51828	5.1915378057371724
117.51828	5.1915378057371724
117.51828	5.1915378057371724
117.51828	5.1915378057371724
117.566186	6.2923285546110073
117.566186	6.2923285546110073
117.566186	6.2923285546110073
117.578288	6.8941918747110629
117.602187	6.8940889287253038
117.614269	7.1359439883251987
117.626186	7.3737185307246795
117.638311	7.6149102432246778
117.638311	7.6149102432246778
117.650186	7.4500612920777778
117.650186	7.4500612920777778
117.650186	7.4500612920777778
117.650186	7.4500612920777778
117.698281	2.5782703963587865
117.698281	2.5782703963587865
117.698281	2.5782703963587865
117.722186	5.612021920901717
117.722186	5.612021920901717
117.746207	5.0606879625364609
117.758319	6.1907236337368641
117.758319	6.1907236337368641
117.758319	6.1907236337368641
117.758319	6.1907236337368641
117.758319	6.1907236337368641
117.806257	5.9289566676391132
117.818282	5.0494878501393643
117.818282	5.0494878501393643
117.818282	5.0494878501393643
117.818282	5.0494878501393643
117.818282	5.0494878501393643
117.818282	5.0494878501393643
117.878305	4.6582824192316732
117.878305	4.6582824192316732
117.878305	4.6582824192316732
117.902187	5.2303035189800209
117.902187	5.2303035189800209
117.902187	5.2303035189800209
117.938348	5.2290811442190179
117.938348	5.2290811442190179
117.938348	5.2290811442190179
117.938348	5.2290811442190179
117.974254	6.0893435466466421
117.986186	6.5643833371716438
117.998283	6.7011078651216387
117.998283	6.7011078651216387
117.998283	6.7011078651216387
117.998283	6.7011078651216387
117.998283	6.7011078651216387
117.998283	6.7011078651216387
118.058299	6.4991652670046207
118.058299	6.4991652670046207
118.058299	6.4991652670046207
118.058299	6.4991652670046207
118.058299	6.4991652670046207
118.058299	6.4991652670046207
118.118304	5.5240564843483355
118.118304	5.5240564843483355
118.130201	5.0105428039048405
118.130201	5.0105428039048405
118.130201	5.0105428039048405
118.130201	5.0105428039048405
118.178316	4.9666529135691508
118.178316	4.9666529135691508
118.190201	5.259553539270474
118.202271	5.7659099906892042
118.214266	5.8396810399392107
118.214266	5.8396810399392107
118.238393	6.5110467532709055
118.238393	6.5110467532709055
118.238393	6.5110467532709055
118.262201	6.1768393165502129
118.262201	6.1768393165502129
118.286202	5.9648758811114231
118.298301	6.3646927806612403
118.298301	6.3646927806612403
118.298301	6.3646927806612403
118.298301	6.3646927806612403
118.33434	6.15811858753524
118.346201	5.9247781683207252
118.358299	4.5463205552194461
118.358299	4.5463205552194461
118.358299	4.5463205552194461
118.382201	6.7657378166231048
118.382201	6.7657378166231048
118.406221	6.924127013903929
118.418294	6.8375026352539052
118.418294	6.8375026352539052
118.430201	6.7635107565111348
118.442201	6.6247496655681601
118.454294	6.1882625049678115
118.454294	6.1882625049678115
118.478302	6.0794011100341248
118.478302	6.0794011100341248
118.490201	6.7653468503769973
118.502204	7.1846373949246889
118.514265	5.9206916328256369
118.526201	5.7125984131582515
118.538337	6.4815687471582875
118.538337	6.4815687471582875
118.538337	6.4815687471582875
118.538337	6.4815687471582875
118.538337	6.4815687471582875
118.538337	6.4815687471582875
118.598365	6.7311162484479876
118.598365	6.7311162484479876
118.598365	6.7311162484479876
118.598365	6.7311162484479876
118.598365	6.7311162484479876
118.598365	6.7311162484479876
118.658306	6.1214865504084308
118.658306	6.1214865504084308
118.658306	6.1214865504084308
118.658306	6.1214865504084308
118.658306	6.1214865504084308
118.706202	3.7217248598090515
118.718315	2.2439424937088339
118.718315	2.2439424937088339
118.718315	2.2439424937088339
118.718315	2.2439424937088339
118.754271	15.150134151483439
118.754271	15.150134151483439
118.754271	15.150134151483439
118.754271	15.150134151483439
118.754271	15.150134151483439
118.754271	15.150134151483439
118.754271	15.150134151483439
118.778298	7.0259940047400491
118.838294	4.902729557255566
118.838294	4.902729557255566
118.838294	4.902729557255566
118.838294	4.902729557255566
118.838294	4.902729557255566
118.838294	4.902729557255566
118.898299	7.8377563818469218
118.898299	7.8377563818469218
118.910201	6.3509732196086057
118.910201	6.3509732196086057
118.910201	6.3509732196086057
118.946201	6.1412017185906009
118.958301	7.1431791235911124
118.958301	7.1431791235911124
118.958301	7.1431791235911124
118.958301	7.1431791235911124
118.958301	7.1431791235911124
118.958301	7.1431791235911124
119.018299	4.2406191900153525
119.018299	4.2406191900153525
119.018299	4.2406191900153525
119.018299	4.2406191900153525
119.054276	6.9130396187443868
119.066233	6.8816849979009129
119.0783	6.2382755746506877
119.0783	6.2382755746506877
119.0783	6.2382755746506877
119.102201	4.828375264749079
119.114305	4.6419113291489209
119.126296	5.0278475424934195
119.138315	5.9320759742443006
119.138315	5.9320759742443006
119.138315	5.9320759742443006
119.138315	5.9320759742443006
119.174283	5.1173603010151787
119.174283	5.1173603010151787
119.198331	4.5746995709824461
119.198331	4.5746995709824461
119.198331	4.5746995709824461
119.222219	4.881771280226654
119.222219	4.881771280226654
119.222219	4.881771280226654
119.258432	7.7298042952954935
119.258432	7.7298042952954935
119.270219	6.6572785945211388
119.282219	5.2885872321897507
119.282219	5.2885872321897507
119.30622	4.6429425424888588
119.318332	5.5408789856891794
119.318332	5.5408789856891794
119.318332	5.5408789856891794
119.318332	5.5408789856891794
119.354287	4.7272712533737344
119.354287	4.7272712533737344
119.378319	4.7853104194416369
119.378319	4.7853104194416369
119.378319	4.7853104194416369
119.378319	4.7853104194416369
119.378319	4.7853104194416369
119.378319	4.7853104194416369
119.438313	5.515778218013315
119.438313	5.515778218013315
119.450242	6.2606516634716982
119.462239	6.5715883220155549
119.462239	6.5715883220155549
119.486219	4.0716612226276601
119.498313	5.1239232759270426
119.498313	5.1239232759270426
119.498313	5.1239232759270426
119.498313	5.1239232759270426
119.498313	5.1239232759270426
119.498313	5.1239232759270426
119.558374	7.9652933307967881
119.558374	7.9652933307967881
119.558374	7.9652933307967881
119.558374	7.9652933307967881
119.558374	7.9652933307967881
119.558374	7.9652933307967881
119.618313	5.082396746805105
119.618313	5.082396746805105
119.618313	5.082396746805105
119.618313	5.082396746805105
119.618313	5.082396746805105
119.618313	5.082396746805105
119.678338	5.0097104979508451
119.678338	5.0097104979508451
119.690242	5.3121005638998042
119.702219	6.0059785972784283
119.714285	6.59955400457876
119.714285	6.59955400457876
119.738314	6.6764126555254144
119.738314	6.6764126555254144
119.738314	6.6764126555254144
119.738314	6.6764126555254144
119.738314	6.6764126555254144
119.786291	7.0904718300654412
119.798336	6.3990280028152728
119.798336	6.3990280028152728
119.798336	6.3990280028152728
119.798336	6.3990280028152728
119.798336	6.3990280028152728
119.798336	6.3990280028152728
119.858319	8.1953335229409774
119.858319	8.1953335229409774
119.858319	8.1953335229409774
119.858319	8.1953335229409774
119.858319	8.1953335229409774
119.858319	8.1953335229409774
119.918413	5.4606203805452918
119.918413	5.4606203805452918
119.918413	5.4606203805452918
119.918413	5.4606203805452918
119.918413	5.4606203805452918
119.966219	4.2394628815530764
119.978314	4.2449957393030777
119.978314	4.2449957393030777
119.978314	4.2449957393030777
119.978314	4.2449957393030777
119.978314	4.2449957393030777
119.978314	4.2449957393030777
120.038335	5.7530644637778536
120.038335	5.7530644637778536
120.038335	5.7530644637778536
120.062226	6.8262831557809447
120.062226	6.8262831557809447
120.062226	6.8262831557809447
120.062226	6.8262831557809447
120.062242	6.8241026429806393
120.062242	6.8241026429806393
120.098312	5.0250950198293669
120.134307	3.2021774559095002
120.134307	3.2021774559095002
120.158332	7.0801930332929146
120.158332	7.0801930332929146
120.158332	7.0801930332929146
120.158332	7.0801930332929146
120.194311	6.8394295950949253
120.194311	6.8394295950949253
120.21839	5.4380192415778685
120.21839	5.4380192415778685
120.21839	5.4380192415778685
120.21839	5.4380192415778685
120.21839	5.4380192415778685
120.21839	5.4380192415778685
120.21839	5.4380192415778685
120.21839	5.4380192415778685
120.21839	5.4380192415778685
120.278333	5.7314028914970105
120.314367	4.8755022763068645
120.314367	4.8755022763068645
120.338362	4.9323832855496752
120.338362	4.9323832855496752
120.338362	4.9323832855496752
120.362235	6.2996039713770573
120.362235	6.2996039713770573
120.386235	6.4265212999892496
120.398328	7.2950611180899427
120.398328	7.2950611180899427
120.398328	7.2950611180899427
120.398328	7.2950611180899427
120.398328	7.2950611180899427
120.44631	4.8079672152134245
120.458335	4.3027975664629716
120.458335	4.3027975664629716
120.458335	4.3027975664629716
120.458335	4.3027975664629716
120.458335	4.3027975664629716
120.506235	6.6958438278614461
120.518346	6.4505331006615947
120.518346	6.4505331006615947
120.518346	6.4505331006615947
120.542235	6.1240927985178351
120.542235	6.1240927985178351
120.542235	6.1240927985178351
120.578403	5.84611115328818
120.578403	5.84611115328818
120.578403	5.84611115328818
120.578403	5.84611115328818
120.578403	5.84611115328818
120.626236	6.5718562454021541
120.638334	7.6328121318018933
120.638334	7.6328121318018933
120.638334	7.6328121318018933
120.638334	7.6328121318018933
120.638334	7.6328121318018933
120.638334	7.6328121318018933
120.69833	4.5058692655053791
120.69833	4.5058692655053791
120.69833	4.5058692655053791
120.69833	4.5058692655053791
120.69833	4.5058692655053791
120.69833	4.5058692655053791
120.758331	4.2844004701041873
120.758331	4.2844004701041873
120.758331	4.2844004701041873
120.758331	4.2844004701041873
120.758331	4.2844004701041873
120.806235	6.1712608354533964
120.818328	7.4045273475029303
120.818328	7.4045273475029303
120.818328	7.4045273475029303
120.818328	7.4045273475029303
120.818328	7.4045273475029303
120.818328	7.4045273475029303
120.878435	5.4142668224106325
120.878435	5.4142668224106325
120.878435	5.4142668224106325
120.878435	5.4142668224106325
120.878435	5.4142668224106325
120.926235	5.7979268755738271
120.938337	5.490081645473798
120.938337	5.490081645473798
120.938337	5.490081645473798
120.938337	5.490081645473798
120.938337	5.490081645473798
120.938337	5.490081645473798
120.998331	5.6386582905014437
120.998331	5.6386582905014437
120.998331	5.6386582905014437
121.022235	3.2746693198871091
121.022235	3.2746693198871091
121.022235	3.2746693198871091
121.058343	6.3395176289766884
121.058343	6.3395176289766884
121.070235	5.9406868988130022
121.070235	5.9406868988130022
121.094296	3.6627160819908315
121.094296	3.6627160819908315
121.118353	6.649792820384004
121.118369	6.6529755883844501
121.118369	6.6529755883844501
121.118369	6.6529755883844501
121.154318	11.251399641413968
121.166251	9.7065943004327551
121.178367	4.6359374390351764
121.178367	4.6359374390351764
121.178367	4.6359374390351764
121.178367	4.6359374390351764
121.178367	4.6359374390351764
121.178367	4.6359374390351764
121.238414	4.7578475614828326
121.238414	4.7578475614828326
121.250251	4.676610877316306
121.250251	4.676610877316306
121.250251	4.676610877316306
121.286251	5.5764366047313683
121.298362	6.4110873639818386
121.298362	6.4110873639818386
121.298362	6.4110873639818386
121.322251	4.3209127547743513
121.322251	4.3209127547743513
121.346251	5.600015780284199
121.358347	5.7455330794842236
121.358347	5.7455330794842236
121.358347	5.7455330794842236
121.358347	5.7455330794842236
121.394323	6.6520817062945419
121.394323	6.6520817062945419
121.41835	6.6670726676932777
121.41835	6.6670726676932777
121.430251	6.5056120312083507
121.430251	6.5056120312083507
121.430251	6.5056120312083507
121.430251	6.5056120312083507
121.478352	6.1086670452460501
121.478352	6.1086670452460501
121.478352	6.1086670452460501
121.478352	6.1086670452460501
121.478352	6.1086670452460501
121.478352	6.1086670452460501
121.538349	6.4318653238752468
121.538349	6.4318653238752468
121.550251	5.4645647423551225
121.550251	5.4645647423551225
121.574316	6.1189166897610425
121.574316	6.1189166897610425
121.598345	6.6632400209732285
121.598345	6.6632400209732285
121.598345	6.6632400209732285
121.598345	6.6632400209732285
121.598345	6.6632400209732285
121.598345	6.6632400209732285
121.658369	4.7838276877192527
121.658369	4.7838276877192527
121.670254	5.7828577058652026
121.670254	5.7828577058652026
121.670254	5.7828577058652026
121.670254	5.7828577058652026
121.718344	5.4794197791648438
121.718344	5.4794197791648438
121.718344	5.4794197791648438
121.718344	5.4794197791648438
121.718344	5.4794197791648438
121.718344	5.4794197791648438
121.778349	3.7179549400541765
121.778349	3.7179549400541765
121.778349	3.7179549400541765
121.802331	5.1568521068969764
121.814318	3.9682163920962576
121.814318	3.9682163920962576
121.838353	5.5447816715278258
121.838353	5.5447816715278258
121.838353	5.5447816715278258
121.838353	5.5447816715278258
121.838353	5.5447816715278258
121.838353	5.5447816715278258
121.898422	5.4452927006551626
121.898422	5.4452927006551626
121.898422	5.4452927006551626
121.898422	5.4452927006551626
121.898422	5.4452927006551626
121.898422	5.4452927006551626
121.958357	4.5492985167772488
121.958357	4.5492985167772488
121.970303	5.2268338175920004
121.982251	5.7327489922012083
121.982251	5.7327489922012083
122.006251	3.8933871135448568
122.018346	4.9009060562940556
122.018346	4.9009060562940556
122.018346	4.9009060562940556
122.042251	6.3065369544543541
122.042251	6.3065369544543541
122.042251	6.3065369544543541
122.042251	6.3065369544543541
122.042251	6.3065369544543541
122.042251	6.3065369544543541
122.042251	6.3065369544543541
122.042251	6.3065369544543541
122.078348	5.1362618238239373
122.138434	4.0547205199038618
122.138434	4.0547205199038618
122.138434	4.0547205199038618
122.138434	4.0547205199038618
122.138434	4.0547205199038618
122.186287	4.6022135289100374
122.19837	5.1251391863103173
122.19837	5.1251391863103173
122.19837	5.1251391863103173
122.19837	5.1251391863103173
122.234331	5.0273910450911226
122.246267	4.8140096423228078
122.258382	4.2623888565729562
122.258382	4.2623888565729562
122.258382	4.2623888565729562
122.258382	4.2623888565729562
122.258382	4.2623888565729562
122.306267	6.3303350144513191
122.318403	5.5740765336512839
122.318403	5.5740765336512839
122.318403	5.5740765336512839
122.318403	5.5740765336512839
122.318403	5.5740765336512839
122.318403	5.5740765336512839
122.318403	5.5740765336512839
122.318403	5.5740765336512839
122.318403	5.5740765336512839
122.318403	5.5740765336512839
122.318403	5.5740765336512839
122.378364	3.2961769206591907
122.438364	6.1751566742859678
122.438364	6.1751566742859678
122.438364	6.1751566742859678
122.438364	6.1751566742859678
122.47434	5.8128507245365926
122.486268	6.2999823215800399
122.498359	7.9398296375301047
122.498359	7.9398296375301047
122.498359	7.9398296375301047
122.498359	7.9398296375301047
122.498359	7.9398296375301047
122.498359	7.9398296375301047
122.558441	8.0720824953731594
122.558441	8.0720824953731594
122.558441	8.0720824953731594
122.558441	8.0720824953731594
122.594344	4.9834647712664077
122.594344	4.9834647712664077
122.618382	5.8040993266264058
122.618382	5.8040993266264058
122.618382	5.8040993266264058
122.618382	5.8040993266264058
122.618382	5.8040993266264058
122.618382	5.8040993266264058
122.678364	4.5788897008251404
122.678364	4.5788897008251404
122.678364	4.5788897008251404
122.678364	4.5788897008251404
122.678364	4.5788897008251404
122.678364	4.5788897008251404
122.738367	4.3859227614963423
122.738367	4.3859227614963423
122.750267	4.8845099413414372
122.750267	4.8845099413414372
122.750267	4.8845099413414372
122.750267	4.8845099413414372
122.798364	8.5121281182578272
122.798364	8.5121281182578272
122.798364	8.5121281182578272
122.798364	8.5121281182578272
122.798364	8.5121281182578272
122.798364	8.5121281182578272
122.858368	7.2566265625233024
122.858368	7.2566265625233024
122.870379	4.9638487864406367
122.870379	4.9638487864406367
122.870379	4.9638487864406367
122.870379	4.9638487864406367
122.91836	4.8369621999303902
122.91836	4.8369621999303902
122.91836	4.8369621999303902
122.91836	4.8369621999303902
122.91836	4.8369621999303902
122.966267	7.5346734031104843
122.978379	5.9818199239099314
122.978379	5.9818199239099314
122.978379	5.9818199239099314
122.978379	5.9818199239099314
122.978379	5.9818199239099314
122.978379	5.9818199239099314
123.038363	4.996918036401631
123.038363	4.996918036401631
123.038363	4.996918036401631
123.038363	4.996918036401631
123.038363	4.996918036401631
123.038363	4.996918036401631
123.098364	5.6397252380268252
123.098364	5.6397252380268252
123.098364	5.6397252380268252
123.098364	5.6397252380268252
123.134377	5.9645587611735165
123.146284	6.4386274497103431
123.158382	6.949016059010817
123.158382	6.949016059010817
123.158382	6.949016059010817
123.158382	6.949016059010817
123.194359	5.5249445333108902
123.206284	5.1771019554513087
123.218467	4.9313208951511109
123.218467	4.9313208951511109
123.230284	4.7769268669114444
123.230284	4.7769268669114444
123.230284	4.7769268669114444
123.266284	6.9995436954686294
123.278383	5.4735827283675302
123.278383	5.4735827283675302
123.278383	5.4735827283675302
123.278383	5.4735827283675302
123.314348	5.8305283488365296
123.326284	5.5335559107975323
123.338379	5.2025792595474067
123.338379	5.2025792595474067
123.338379	5.2025792595474067
123.338379	5.2025792595474067
123.338379	5.2025792595474067
123.338379	5.2025792595474067
123.398377	2.2236790619461746
123.398377	2.2236790619461746
123.398377	2.2236790619461746
123.422284	5.7356051947320896
123.434366	4.973868924332419
123.446285	5.5901413073976514
123.45838	7.4596805761483616
123.45838	7.4596805761483616
123.45838	7.4596805761483616
123.45838	7.4596805761483616
123.45838	7.4596805761483616
123.45838	7.4596805761483616
123.45838	7.4596805761483616
123.45838	7.4596805761483616
123.45838	7.4596805761483616
123.45838	7.4596805761483616
123.45838	7.4596805761483616
123.518422	6.1960732088044148
123.578379	2.4922257461394151
123.578379	2.4922257461394151
123.578379	2.4922257461394151
123.602284	4.4762077726676655
123.614439	4.5866073834177516
123.626283	5.05488335159591
123.638383	5.859432921596321
123.638383	5.859432921596321
123.650288	7.0180086031627003
123.662284	7.7860876254675215
123.674356	6.6014387250669513
123.674356	6.6014387250669513
123.698402	5.9160997099466028
123.698402	5.9160997099466028
123.698402	5.9160997099466028
123.698402	5.9160997099466028
123.734356	6.6834097956387719
123.734356	6.6834097956387719
123.758387	6.9429010991254305
123.758387	6.9429010991254305
123.758387	6.9429010991254305
123.758387	6.9429010991254305
123.758387	6.9429010991254305
123.758387	6.9429010991254305
123.818398	6.4854298166653894
123.818398	6.4854298166653894
123.818398	6.4854298166653894
123.842284	5.7698520403145039
123.842284	5.7698520403145039
123.866284	5.3226465194335439
123.878481	6.6785156569838646
123.878481	6.6785156569838646
123.890284	6.9719230098908804
123.890284	6.9719230098908804
123.890284	6.9719230098908804
123.926303	6.091814423143215
123.93838	6.3217725801430849
123.93838	6.3217725801430849
123.93838	6.3217725801430849
123.93838	6.3217725801430849
123.93838	6.3217725801430849
123.986284	5.9648684281688436
123.998381	5.2719117432188689
123.998381	5.2719117432188689
123.998381	5.2719117432188689
124.022284	5.2276643452568834
124.034348	4.0379307612571207
124.034348	4.0379307612571207
124.034348	4.0379307612571207
124.034348	4.0379307612571207
124.034348	4.0379307612571207
124.034348	4.0379307612571207
124.034348	4.0379307612571207
124.058388	4.3398911475522386
124.11838	4.7801747737493052
124.11838	4.7801747737493052
124.142394	6.1185301315337979
124.142394	6.1185301315337979
124.154375	5.0621809368330766
124.154375	5.0621809368330766
124.178421	5.3408718923182246
124.178421	5.3408718923182246
124.178421	5.3408718923182246
124.178421	5.3408718923182246
124.178421	5.3408718923182246
124.226307	6.557510216503478
124.238406	6.3237085355535845
124.238406	6.3237085355535845
124.238406	6.3237085355535845
124.238406	6.3237085355535845
124.238406	6.3237085355535845
124.238406	6.3237085355535845
124.238406	6.3237085355535845
124.238406	6.3237085355535845
124.238406	6.3237085355535845
124.238406	6.3237085355535845
124.238406	6.3237085355535845
124.298399	7.7851348593005714
124.358421	7.2565905306872338
124.358421	7.2565905306872338
124.358421	7.2565905306872338
124.358421	7.2565905306872338
124.358421	7.2565905306872338
124.358421	7.2565905306872338
124.358421	7.2565905306872338
124.358421	7.2565905306872338
124.358421	7.2565905306872338
124.358421	7.2565905306872338
124.418402	6.5211138700504172
124.466307	5.627281783949317
124.478407	5.7055409539493569
124.478407	5.7055409539493569
124.490307	6.2880628729236365
124.490307	6.2880628729236365
124.490307	6.2880628729236365
124.490307	6.2880628729236365
124.538469	6.6389729207900974
124.538469	6.6389729207900974
124.538469	6.6389729207900974
124.538469	6.6389729207900974
124.574373	5.4946903899588708
124.586305	5.1110518031431145
124.598402	6.1287784616430763
124.598402	6.1287784616430763
124.610307	5.5246198948011491
124.610307	5.5246198948011491
124.610307	5.5246198948011491
124.610307	5.5246198948011491
124.658422	5.4683813828130692
124.658422	5.4683813828130692
124.658422	5.4683813828130692
124.658422	5.4683813828130692
124.658422	5.4683813828130692
124.658422	5.4683813828130692
124.658422	5.4683813828130692
124.658422	5.4683813828130692
124.658422	5.4683813828130692
124.718399	4.438477775106402
124.754376	5.7917426265936651
124.766307	4.8540567130990429
124.778402	3.9078539775986831
124.778402	3.9078539775986831
124.778402	3.9078539775986831
124.778402	3.9078539775986831
124.814372	5.405160756489134
124.826306	6.3571310216687698
124.826306	6.3571310216687698
124.826306	6.3571310216687698
124.838477	6.9401347012186481
124.862306	7.3741235561255092
124.862306	7.3741235561255092
124.886306	5.4306364325784875
124.886306	5.4306364325784875
124.886306	5.4306364325784875
124.886306	5.4306364325784875
124.886306	5.4306364325784875
124.886306	5.4306364325784875
124.898401	5.5537181763285348
124.958404	4.5965344416689264
124.958404	4.5965344416689264
124.97031	5.1494567810273093
124.97031	5.1494567810273093
124.994378	5.373697483764925
125.006307	5.214127657164064
125.0184	5.2361060800140562
125.0184	5.2361060800140562
125.0184	5.2361060800140562
125.0184	5.2361060800140562
125.0184	5.2361060800140562
125.066378	2.7484260465213004
125.078418	4.336258236521477
125.078418	4.336258236521477
125.078418	4.336258236521477
125.078418	4.336258236521477
125.078418	4.336258236521477
125.126306	5.0938872108837696
125.1384	6.1601752806843972
125.150324	7.2749474797317211
125.150324	7.2749474797317211
125.150324	7.2749474797317211
125.150324	7.2749474797317211
125.150324	7.2749474797317211
125.198506	6.9797315329523055
125.198506	6.9797315329523055
125.210324	5.8163215072875705
125.210324	5.8163215072875705
125.210324	5.8163215072875705
125.246325	6.9642700393892483
125.258431	7.9591574624896797
125.258431	7.9591574624896797
125.258431	7.9591574624896797
125.258431	7.9591574624896797
125.258431	7.9591574624896797
125.306324	5.2187743840083094
125.318469	5.231720954008301
125.318469	5.231720954008301
125.318469	5.231720954008301
125.318469	5.231720954008301
125.318469	5.231720954008301
125.318469	5.231720954008301
125.318469	5.231720954008301
125.37844	6.7075733557770496
125.390325	5.7913205205904239
125.390325	5.7913205205904239
125.390325	5.7913205205904239
125.390325	5.7913205205904239
125.438505	4.3607307929249313
125.438505	4.3607307929249313
125.438505	4.3607307929249313
125.462395	6.5539390141809823
125.462395	6.5539390141809823
125.462395	6.5539390141809823
125.498427	6.5107104454084199
125.498427	6.5107104454084199
125.498427	6.5107104454084199
125.498427	6.5107104454084199
125.498427	6.5107104454084199
125.498427	6.5107104454084199
125.558424	5.1109807846516508
125.558424	5.1109807846516508
125.558424	5.1109807846516508
125.558424	5.1109807846516508
125.558424	5.1109807846516508
125.558424	5.1109807846516508
125.618419	4.6978563532687012
125.618419	4.6978563532687012
125.618419	4.6978563532687012
125.642325	6.3725037628659393
125.6544	6.9348184003658577
125.6544	6.9348184003658577
125.678421	6.048735407860284
125.678421	6.048735407860284
125.690324	5.6451700001672425
125.690324	5.6451700001672425
125.690324	5.6451700001672425
125.726399	5.8800664063269021
125.738422	5.539496295676857
125.738422	5.539496295676857
125.738422	5.539496295676857
125.738422	5.539496295676857
125.738422	5.539496295676857
125.738422	5.539496295676857
125.798418	6.0493980377160703
125.798418	6.0493980377160703
125.798418	6.0493980377160703
125.822323	4.5725346460938017
125.822323	4.5725346460938017
125.822323	4.5725346460938017
125.858492	7.7924293207422375
125.858492	7.7924293207422375
125.858492	7.7924293207422375
125.858492	7.7924293207422375
125.858492	7.7924293207422375
125.858492	7.7924293207422375
125.918421	6.0740319430732459
125.918421	6.0740319430732459
125.918421	6.0740319430732459
125.918421	6.0740319430732459
125.918421	6.0740319430732459
125.966323	5.8262021136023412
125.978437	6.2883160830023135
125.978437	6.2883160830023135
125.990394	5.6928513934006713
125.990394	5.6928513934006713
125.990394	5.6928513934006713
125.990394	5.6928513934006713
126.038427	8.198445334690355
126.038427	8.198445334690355
126.050324	7.333704007890411
126.062324	6.5499045704755918
126.062324	6.5499045704755918
126.086324	6.4126391498565614
126.098418	4.9777066096574032
126.098418	4.9777066096574032
126.098418	4.9777066096574032
126.122394	5.4641068884433093
126.122394	5.4641068884433093
126.122394	5.4641068884433093
126.158508	3.9779678527474869
126.158508	3.9779678527474869
126.158508	3.9779678527474869
126.158508	3.9779678527474869
126.158508	3.9779678527474869
126.158508	3.9779678527474869
126.218437	6.8419472257881901
126.218437	6.8419472257881901
126.218437	6.8419472257881901
126.218437	6.8419472257881901
126.254492	9.4355802333612431
126.26634	8.41447592353137
126.278454	4.6680263881315973
126.278454	4.6680263881315973
126.278454	4.6680263881315973
126.278454	4.6680263881315973
126.278454	4.6680263881315973
126.278454	4.6680263881315973
126.338435	5.937968228459912
126.338435	5.937968228459912
126.338435	5.937968228459912
126.338435	5.937968228459912
126.338435	5.937968228459912
126.338435	5.937968228459912
126.398438	5.8942829105301318
126.398438	5.8942829105301318
126.41034	5.4966870025208472
126.422435	5.1737758425867977
126.434407	6.4249941051870563
126.434407	6.4249941051870563
126.458464	5.9643577387456084
126.458464	5.9643577387456084
126.458464	5.9643577387456084
126.458464	5.9643577387456084
126.494404	7.3755268581821865
126.50634	6.94744646382666
126.518518	6.6843967926264822
126.518518	6.6843967926264822
126.518518	6.6843967926264822
126.518518	6.6843967926264822
126.518518	6.6843967926264822
126.56634	7.3648995494222502
126.56634	7.3648995494222502
126.578459	8.0014482065722952
126.590539	6.6067477280723077
126.590539	6.6067477280723077
126.590539	6.6067477280723077
126.590539	6.6067477280723077
126.638438	4.7633649571345256
126.638438	4.7633649571345256
126.638438	4.7633649571345256
126.638438	4.7633649571345256
126.638438	4.7633649571345256
126.638438	4.7633649571345256
126.698444	5.8014545906515762
126.698444	5.8014545906515762
126.698444	5.8014545906515762
126.698444	5.8014545906515762
126.698444	5.8014545906515762
126.698444	5.8014545906515762
126.758444	6.7224352773628366
126.758444	6.7224352773628366
126.758444	6.7224352773628366
126.758444	6.7224352773628366
126.758444	6.7224352773628366
126.758444	6.7224352773628366
126.818438	6.5547531593909634
126.818438	6.5547531593909634
126.818438	6.5547531593909634
126.818438	6.5547531593909634
126.818438	6.5547531593909634
126.86634	6.5388849287651016
126.878464	3.1920201753644291
126.878464	3.1920201753644291
126.878464	3.1920201753644291
126.878464	3.1920201753644291
126.878464	3.1920201753644291
126.878464	3.1920201753644291
126.938435	5.1053141730737446
126.938435	5.1053141730737446
126.938435	5.1053141730737446
126.938435	5.1053141730737446
126.974405	6.8824178896370132
126.974405	6.8824178896370132
126.99844	5.4439330817035536
126.99844	5.4439330817035536
126.99844	5.4439330817035536
126.99844	5.4439330817035536
126.99844	5.4439330817035536
126.99844	5.4439330817035536
127.05844	6.746675442590762
127.05844	6.746675442590762
127.07034	6.2168961394936
127.082428	5.5940117401254721
127.094407	5.4843098549753515
127.094407	5.4843098549753515
127.118434	7.2596293427071155
127.118434	7.2596293427071155
127.118434	7.2596293427071155
127.118434	7.2596293427071155
127.154409	7.3595889673497812
127.166355	6.1804914629288454
127.178527	3.4631101123268024
127.178527	3.4631101123268024
127.178527	3.4631101123268024
127.202354	5.4480890206723487
127.202354	5.4480890206723487
127.202354	5.4480890206723487
127.238464	16.309219832223096
127.238464	16.309219832223096
127.238464	16.309219832223096
127.238464	16.309219832223096
127.238464	16.309219832223096
127.238464	16.309219832223096
127.29845	4.3130939543323397
127.29845	4.3130939543323397
127.29845	4.3130939543323397
127.29845	4.3130939543323397
127.29845	4.3130939543323397
127.346359	4.8698808085002883
127.35846	4.9440544930502242
127.35846	4.9440544930502242
127.35846	4.9440544930502242
127.35846	4.9440544930502242
127.35846	4.9440544930502242
127.35846	4.9440544930502242
127.418469	5.5853742480641104
127.418469	5.5853742480641104
127.418469	5.5853742480641104
127.418469	5.5853742480641104
127.418469	5.5853742480641104
127.418469	5.5853742480641104
127.418469	5.5853742480641104
127.418469	5.5853742480641104
127.418469	5.5853742480641104
127.418469	5.5853742480641104
127.418469	5.5853742480641104
127.478455	6.4026284717536637
127.53845	6.0023099623920073
127.53845	6.0023099623920073
127.53845	6.0023099623920073
127.53845	6.0023099623920073
127.53845	6.0023099623920073
127.586393	5.7210171969070931
127.59845	5.292757379707056
127.59845	5.292757379707056
127.59845	5.292757379707056
127.59845	5.292757379707056
127.59845	5.292757379707056
127.646355	6.144220606349009
127.658474	7.0234013386990712
127.658474	7.0234013386990712
127.670356	5.6758191274368421
127.670356	5.6758191274368421
127.670356	5.6758191274368421
127.706427	5.9887205631483083
127.718451	5.8409425971483184
127.718451	5.8409425971483184
127.718451	5.8409425971483184
127.718451	5.8409425971483184
127.754441	5.0440791102754376
127.754441	5.0440791102754376
127.778479	5.5997960731222776
127.778479	5.5997960731222776
127.778479	5.5997960731222776
127.802356	4.6529772468782609
127.802356	4.6529772468782609
127.802356	4.6529772468782609
127.838526	6.3717871269764208
127.838526	6.3717871269764208
127.838526	6.3717871269764208
127.862356	6.071879436017209
127.862356	6.071879436017209
127.886357	5.5792358793689489
127.898455	6.1892454696687977
127.898455	6.1892454696687977
127.898455	6.1892454696687977
127.898455	6.1892454696687977
127.934427	5.3416924884793984
127.934427	5.3416924884793984
127.958454	7.3038035945248492
127.958454	7.3038035945248492
127.958454	7.3038035945248492
127.958454	7.3038035945248492
127.958454	7.3038035945248492
127.958454	7.3038035945248492
128.018449	4.6219278967262927
128.018449	4.6219278967262927
128.018449	4.6219278967262927
128.018449	4.6219278967262927
128.018449	4.6219278967262927
128.066361	5.5814968017678854
128.078452	4.7329062896184535
128.078452	4.7329062896184535
128.078452	4.7329062896184535
128.078452	4.7329062896184535
128.078452	4.7329062896184535
128.078452	4.7329062896184535
128.078452	4.7329062896184535
128.078452	4.7329062896184535
128.078469	4.7317131675674773
128.138454	5.4287356005086069
128.174438	5.2214967441392286
128.174438	5.2214967441392286
128.198469	5.1630711291222822
128.198469	5.1630711291222822
128.210373	6.7776177550711054
128.210373	6.7776177550711054
128.210373	6.7776177550711054
128.210373	6.7776177550711054
128.25847	13.148774020721245
128.25847	13.148774020721245
128.27049	9.5762982086699147
128.282374	5.9161039038216474
128.282374	5.9161039038216474
128.282374	5.9161039038216474
128.318507	5.8333440577271416
128.318507	5.8333440577271416
128.318507	5.8333440577271416
128.318507	5.8333440577271416
128.318507	5.8333440577271416
128.318507	5.8333440577271416
128.37847	4.6421853644455773
128.37847	4.6421853644455773
128.37847	4.6421853644455773
128.37847	4.6421853644455773
128.414439	5.1318907994139273
128.414439	5.1318907994139273
128.438468	6.6203301790037452
128.438468	6.6203301790037452
128.438468	6.6203301790037452
128.462373	5.5593246976823174
128.474446	5.3095397605327204
128.486373	5.8592230106410303
128.498556	7.129697926442633
128.498556	7.129697926442633
128.510373	6.2285464137334383
128.510373	6.2285464137334383
128.510373	6.2285464137334383
128.546373	6.7518008930349227
128.558472	8.0087829416349336
128.558472	8.0087829416349336
128.558472	8.0087829416349336
128.582373	5.0894908682671751
128.582373	5.0894908682671751
128.582373	5.0894908682671751
128.618468	6.0260419011516522
128.618468	6.0260419011516522
128.618468	6.0260419011516522
128.618468	6.0260419011516522
128.618468	6.0260419011516522
128.618468	6.0260419011516522
128.678468	3.5401490889933571
128.678468	3.5401490889933571
128.678468	3.5401490889933571
128.678468	3.5401490889933571
128.678468	3.5401490889933571
128.726406	4.5920408570809279
128.73847	5.018175116281042
128.73847	5.018175116281042
128.73847	5.018175116281042
128.73847	5.018175116281042
128.77446	4.2815646687830631
128.786373	3.0838796769849806
128.798475	3.748307916684571
128.798475	3.748307916684571
128.798475	3.748307916684571
128.822373	4.4964577401673864
128.834438	4.599296180667392
128.846374	5.502620381259737
128.858486	7.1290475988591604
128.858486	7.1290475988591604
128.858486	7.1290475988591604
128.882373	4.9084779238842273
128.894507	4.2680344832843859
128.906372	4.2804272659733185
128.918466	4.8542246771725743
128.918466	4.8542246771725743
128.930376	4.9312041672031759
128.930376	4.9312041672031759
128.930376	4.9312041672031759
128.930376	4.9312041672031759
128.978469	6.0132931557881584
128.978469	6.0132931557881584
128.978469	6.0132931557881584
128.978469	6.0132931557881584
129.014437	6.1397681420812908
129.014437	6.1397681420812908
129.038494	7.4908138675642126
129.038494	7.4908138675642126
129.038494	7.4908138675642126
129.038494	7.4908138675642126
129.074448	5.5691343188266957
129.086373	6.030992845991519
129.098469	6.3287310475910088
129.098469	6.3287310475910088
129.098469	6.3287310475910088
129.098469	6.3287310475910088
129.098469	6.3287310475910088
129.098469	6.3287310475910088
129.158538	7.8275531082553211
129.158555	7.8289947116565015
129.158555	7.8289947116565015
129.158555	7.8289947116565015
129.194471	5.255668461981446
129.20639	4.64586409541013
129.218489	3.7201260490101218
129.218489	3.7201260490101218
129.218489	3.7201260490101218
129.242397	7.6834469566752359
129.242397	7.6834469566752359
129.242397	7.6834469566752359
129.278512	5.4738109930327843
129.278512	5.4738109930327843
129.278512	5.4738109930327843
129.278512	5.4738109930327843
129.278512	5.4738109930327843
129.278512	5.4738109930327843
129.338483	5.1830580208568051
129.338483	5.1830580208568051
129.35039	7.9045640729274691
129.36239	10.08228994321286
129.36239	10.08228994321286
129.386411	7.7505145195856358
129.398485	6.7780528263874089
129.398485	6.7780528263874089
129.398485	6.7780528263874089
129.42246	4.9741821995937023
129.434457	5.9112756676438512
129.434457	5.9112756676438512
129.45853	10.591528390736848
129.45853	10.591528390736848
129.45853	10.591528390736848
129.45853	10.591528390736848
129.45853	10.591528390736848
129.45853	10.591528390736848
129.518486	10.263959617200676
129.518486	10.263959617200676
129.518486	10.263959617200676
129.518486	10.263959617200676
129.518486	10.263959617200676
129.56639	8.7712482218475945
129.578486	6.1199701322521394
129.578486	6.1199701322521394
129.578486	6.1199701322521394
129.578486	6.1199701322521394
129.578486	6.1199701322521394
129.62639	5.9208364956064532
129.638483	7.7091801727587095
129.638483	7.7091801727587095
129.638483	7.7091801727587095
129.638483	7.7091801727587095
129.638483	7.7091801727587095
129.638483	7.7091801727587095
129.698486	7.1475974317584647
129.698486	7.1475974317584647
129.698486	7.1475974317584647
129.698486	7.1475974317584647
129.73448	5.9248510952913893
129.74639	5.7491335034074735
129.758485	6.4128792849080334
129.758485	6.4128792849080334
129.758485	6.4128792849080334
129.758485	6.4128792849080334
129.758485	6.4128792849080334
129.80639	5.3552807636375768
129.818563	5.5816943030878026
129.818563	5.5816943030878026
129.818563	5.5816943030878026
129.818563	5.5816943030878026
129.818563	5.5816943030878026
129.818563	5.5816943030878026
129.878486	5.8209316012780388
129.878486	5.8209316012780388
129.89039	5.7613235070772575
129.89039	5.7613235070772575
129.89039	5.7613235070772575
129.89039	5.7613235070772575
129.938484	8.8548866552282171
129.938484	8.8548866552282171
129.938484	8.8548866552282171
129.938484	8.8548866552282171
129.938484	8.8548866552282171
129.938484	8.8548866552282171
129.998541	6.0994596193023041
129.998541	6.0994596193023041
129.998541	6.0994596193023041
129.998541	6.0994596193023041
129.998541	6.0994596193023041
130.04639	5.9173951798544939
130.058497	6.5066919032035155
130.058497	6.5066919032035155
130.058497	6.5066919032035155
130.058497	6.5066919032035155
130.094455	5.1340536013892191
130.094455	5.1340536013892191
130.118487	5.0732576775100444
130.118487	5.0732576775100444
130.13046	5.4901530993086984
130.14239	5.9230517650786254
130.154459	6.0541633465785232
130.154459	6.0541633465785232
130.17851	6.113801774499783
130.17851	6.113801774499783
130.190407	6.2117628411678076
130.190407	6.2117628411678076
130.190407	6.2117628411678076
130.226407	4.9420520485533146
130.23851	5.2846159657030318
130.23851	5.2846159657030318
130.23851	5.2846159657030318
130.23851	5.2846159657030318
130.23851	5.2846159657030318
130.286406	6.1657565628174558
130.298504	6.0262321435174249
130.298504	6.0262321435174249
130.298504	6.0262321435174249
130.298504	6.0262321435174249
130.298504	6.0262321435174249
130.346478	5.3992444287508272
130.358529	7.5170419775021688
130.358529	7.5170419775021688
130.370802	5.0675485493169825
130.370802	5.0675485493169825
130.370802	5.0675485493169825
130.370802	5.0675485493169825
130.418501	5.7884952706727058
130.418501	5.7884952706727058
130.418501	5.7884952706727058
130.418501	5.7884952706727058
130.454482	6.9742495997270391
130.466407	6.9754408768265028
130.478579	5.9019355970277108
130.478579	5.9019355970277108
130.478579	5.9019355970277108
130.502407	6.2786091861777127
130.502407	6.2786091861777127
130.526427	6.4572441901700763
130.538501	6.6629628132697016
130.538501	6.6629628132697016
130.538501	6.6629628132697016
130.538501	6.6629628132697016
130.538501	6.6629628132697016
130.538501	6.6629628132697016
130.5985	7.6861735507784097
130.5985	7.6861735507784097
130.5985	7.6861735507784097
130.5985	7.6861735507784097
130.5985	7.6861735507784097
130.64641	5.4555111398560632
130.658523	4.3375060715066933
130.658523	4.3375060715066933
130.658523	4.3375060715066933
130.658523	4.3375060715066933
130.658523	4.3375060715066933
130.706407	6.3652919294921517
130.718502	5.4822359794934803
130.718502	5.4822359794934803
130.718502	5.4822359794934803
130.718502	5.4822359794934803
130.718502	5.4822359794934803
130.718502	5.4822359794934803
130.7786	5.0235351088047588
130.7786	5.0235351088047588
130.7786	5.0235351088047588
130.7786	5.0235351088047588
130.7786	5.0235351088047588
130.826407	4.8057047244918421
130.838503	4.6152870732917206
130.838503	4.6152870732917206
130.838503	4.6152870732917206
130.838503	4.6152870732917206
130.838503	4.6152870732917206
130.886407	4.9902867612272974
130.898504	2.4749448493762238
130.898504	2.4749448493762238
130.898504	2.4749448493762238
130.922427	6.7544147088748314
130.934481	5.9159872875748265
130.934481	5.9159872875748265
130.958501	6.1752434624373036
130.958501	6.1752434624373036
130.958501	6.1752434624373036
130.958501	6.1752434624373036
130.958501	6.1752434624373036
131.006479	5.339968554849376
131.018505	4.8968934342499102
131.018505	4.8968934342499102
131.018505	4.8968934342499102
131.018505	4.8968934342499102
131.018505	4.8968934342499102
131.018505	4.8968934342499102
131.078526	3.3046922311271931
131.078526	3.3046922311271931
131.078526	3.3046922311271931
131.078526	3.3046922311271931
131.114471	6.7016354271875649
131.114471	6.7016354271875649
131.13857	5.7991400882516828
131.13857	5.7991400882516828
131.150407	4.9531100992880965
131.162407	4.4503408587365696
131.174567	5.6036961867354478
131.186445	5.8416538364621298
131.198521	5.3219770638620716
131.198521	5.3219770638620716
131.198521	5.3219770638620716
131.222425	5.4398678105049436
131.222425	5.4398678105049436
131.246425	6.8583999350903575
131.258526	7.0227097332902906
131.258526	7.0227097332902906
131.258526	7.0227097332902906
131.258526	7.0227097332902906
131.258526	7.0227097332902906
131.258526	7.0227097332902906
131.318568	3.5686415512522416
131.318568	3.5686415512522416
131.318568	3.5686415512522416
131.318568	3.5686415512522416
131.318568	3.5686415512522416
131.318568	3.5686415512522416
131.378521	5.7466151997230446
131.378521	5.7466151997230446
131.378521	5.7466151997230446
131.378521	5.7466151997230446
131.378521	5.7466151997230446
131.378521	5.7466151997230446
131.438522	6.6265911537740916
131.438522	6.6265911537740916
131.438522	6.6265911537740916
131.438522	6.6265911537740916
131.438522	6.6265911537740916
131.486425	5.8644580115901732
131.498525	6.4937408965900474
131.498525	6.4937408965900474
131.498525	6.4937408965900474
131.498525	6.4937408965900474
131.498525	6.4937408965900474
131.498525	6.4937408965900474
131.558524	5.0077745927860535
131.558524	5.0077745927860535
131.558524	5.0077745927860535
131.558524	5.0077745927860535
131.594498	6.5600761008734727
131.606425	6.6641371524562798
131.618551	6.5823751722563557
131.618551	6.5823751722563557
131.618551	6.5823751722563557
131.618551	6.5823751722563557
131.618551	6.5823751722563557
131.618551	6.5823751722563557
131.678522	5.0652207020772373
131.678522	5.0652207020772373
131.678522	5.0652207020772373
131.678522	5.0652207020772373
131.678522	5.0652207020772373
131.678522	5.0652207020772373
131.738521	4.7929699362793547
131.738521	4.7929699362793547
131.738521	4.7929699362793547
131.738521	4.7929699362793547
131.738521	4.7929699362793547
131.738521	4.7929699362793547
131.798587	3.4557766055091959
131.798587	3.4557766055091959
131.798587	3.4557766055091959
131.798587	3.4557766055091959
131.798587	3.4557766055091959
131.846425	5.2184837241168553
131.858542	5.9162696440658804
131.858542	5.9162696440658804
131.858542	5.9162696440658804
131.858542	5.9162696440658804
131.858542	5.9162696440658804
131.858542	5.9162696440658804
131.918519	5.9651738733030903
131.918519	5.9651738733030903
131.918519	5.9651738733030903
131.918519	5.9651738733030903
131.918519	5.9651738733030903
131.918519	5.9651738733030903
131.978522	5.7657345514833702
131.978522	5.7657345514833702
131.990426	5.7011850758929921
132.002425	5.4653554577036116
132.002425	5.4653554577036116
132.002425	5.4653554577036116
132.038519	5.8009483264203379
132.038519	5.8009483264203379
132.038519	5.8009483264203379
132.038519	5.8009483264203379
132.038519	5.8009483264203379
132.038519	5.8009483264203379
132.098542	5.579177228776083
132.098542	5.579177228776083
132.098542	5.579177228776083
132.098542	5.579177228776083
132.098542	5.579177228776083
132.146426	6.5475149465157525
132.158553	7.9481021956174462
132.158553	7.9481021956174462
132.158569	7.9499500884160623
132.158569	7.9499500884160623
132.158569	7.9499500884160623
132.206441	5.0771799706679026
132.218534	4.4281607536686085
132.218534	4.4281607536686085
132.218534	4.4281607536686085
132.218534	4.4281607536686085
132.25451	12.084888568609289
132.25451	12.084888568609289
132.278535	6.3092713553149125
132.278535	6.3092713553149125
132.278535	6.3092713553149125
132.278535	6.3092713553149125
132.278535	6.3092713553149125
132.278535	6.3092713553149125
132.338546	5.374230212391347
132.338546	5.374230212391347
132.338546	5.374230212391347
132.338546	5.374230212391347
132.338546	5.374230212391347
132.338546	5.374230212391347
132.398538	5.4470412463806301
132.398538	5.4470412463806301
132.398538	5.4470412463806301
132.398538	5.4470412463806301
132.398538	5.4470412463806301
132.398538	5.4470412463806301
132.458616	9.2518129892841436
132.458616	9.2518129892841436
132.458616	9.2518129892841436
132.458616	9.2518129892841436
132.458616	9.2518129892841436
132.506441	6.3780528346744747
132.518547	5.6225542979737968
132.518547	5.6225542979737968
132.518547	5.6225542979737968
132.542441	6.3257236462750708
132.542441	6.3257236462750708
132.542441	6.3257236462750708
132.542441	6.3257236462750708
132.542441	6.3257236462750708
132.542441	6.3257236462750708
132.542441	6.3257236462750708
132.542441	6.3257236462750708
132.57857	5.7949653908993826
132.638549	6.5026622970784729
132.638549	6.5026622970784729
132.638549	6.5026622970784729
132.638549	6.5026622970784729
132.638549	6.5026622970784729
132.638549	6.5026622970784729
132.698536	7.3640576898853709
132.698536	7.3640576898853709
132.698536	7.3640576898853709
132.722518	6.0898138087914848
132.722518	6.0898138087914848
132.746461	6.9370587999278559
132.758543	8.0161674627266226
132.758543	8.0161674627266226
132.770441	6.2573711823839959
132.782442	4.6073543420911856
132.782442	4.6073543420911856
132.782442	4.6073543420911856
132.818536	4.3770714833469695
132.818536	4.3770714833469695
132.830441	5.1529514648712711
132.830441	5.1529514648712711
132.854577	10.564253211063384
132.866441	10.38705601387116
132.878556	6.8047910478746703
132.878556	6.8047910478746703
132.878556	6.8047910478746703
132.878556	6.8047910478746703
132.878556	6.8047910478746703
132.878556	6.8047910478746703
132.93856	6.3388309840195713
132.93856	6.3388309840195713
132.93856	6.3388309840195713
132.93856	6.3388309840195713
132.93856	6.3388309840195713
132.93856	6.3388309840195713
132.998538	5.1487284402890685
132.998538	5.1487284402890685
132.998538	5.1487284402890685
133.022444	5.7905498877220376
133.034508	5.627413844522378
133.046441	7.8352345582812895
133.05854	12.121985877031328
133.05854	12.121985877031328
133.05854	12.121985877031328
133.05854	12.121985877031328
133.05854	12.121985877031328
133.106441	5.2497000648135419
133.118611	6.0252509613129899
133.118611	6.0252509613129899
133.130441	6.006387579541447
133.130441	6.006387579541447
133.130441	6.006387579541447
133.130441	6.006387579541447
133.178537	7.2871404593753883
133.178555	7.2903876512723151
133.178555	7.2903876512723151
133.178555	7.2903876512723151
133.178555	7.2903876512723151
133.226467	5.2366531528013356
133.238554	4.9195972427520287
133.238554	4.9195972427520287
133.238554	4.9195972427520287
133.238554	4.9195972427520287
133.238554	4.9195972427520287
133.238554	4.9195972427520287
133.298555	6.5153882018305547
133.298555	6.5153882018305547
133.298555	6.5153882018305547
133.298555	6.5153882018305547
133.298555	6.5153882018305547
133.34646	6.7075654917534715
133.358563	8.3360344293021278
133.358563	8.3360344293021278
133.358563	8.3360344293021278
133.358563	8.3360344293021278
133.358563	8.3360344293021278
133.358563	8.3360344293021278
133.418595	5.2576360495723691
133.418595	5.2576360495723691
133.418595	5.2576360495723691
133.418595	5.2576360495723691
133.418595	5.2576360495723691
133.418595	5.2576360495723691
133.478556	5.069960124444405
133.478556	5.069960124444405
133.478556	5.069960124444405
133.478556	5.069960124444405
133.478556	5.069960124444405
133.478556	5.069960124444405
133.538552	4.5773214335886347
133.538552	4.5773214335886347
133.538552	4.5773214335886347
133.562459	4.9986374361931984
133.574524	5.093888801443204
133.586459	5.1913045821958059
133.598561	5.2928264448957432
133.598561	5.2928264448957432
133.598561	5.2928264448957432
133.598561	5.2928264448957432
133.598561	5.2928264448957432
133.646532	6.3372059685222561
133.658576	7.9343505711218452
133.658576	7.9343505711218452
133.658576	7.9343505711218452
133.658576	7.9343505711218452
133.658576	7.9343505711218452
133.658576	7.9343505711218452
133.658576	7.9343505711218452
133.658576	7.9343505711218452
133.658576	7.9343505711218452
133.658576	7.9343505711218452
133.658576	7.9343505711218452
133.718552	6.4247816200521592
133.778624	6.191606246375243
133.778624	6.191606246375243
133.778624	6.191606246375243
133.802459	4.9944171428277144
133.802459	4.9944171428277144
133.826479	6.6882230369368134
133.838552	6.3201764246374079
133.838552	6.3201764246374079
133.838552	6.3201764246374079
133.838552	6.3201764246374079
133.838552	6.3201764246374079
133.838552	6.3201764246374079
133.898554	3.7452915027857183
133.898554	3.7452915027857183
133.898554	3.7452915027857183
133.922459	4.9975228329120034
133.934533	5.1387421480117457
133.934533	5.1387421480117457
133.958557	6.8199414682112387
133.958557	6.8199414682112387
133.970477	4.4543422138988795
133.982459	2.4915976446470491
133.982459	2.4915976446470491
134.006458	5.131535542097259
134.018553	6.0443288638458847
134.018553	6.0443288638458847
134.018553	6.0443288638458847
134.018553	6.0443288638458847
134.054528	6.4267574625434669
134.066459	6.3360376992050034
134.078656	5.8815360094057487
134.078656	5.8815360094057487
134.078656	5.8815360094057487
134.078656	5.8815360094057487
134.078656	5.8815360094057487
134.078656	5.8815360094057487
134.138554	5.8713284022229573
134.138554	5.8713284022229573
134.138554	5.8713284022229573
134.138554	5.8713284022229573
134.138554	5.8713284022229573
134.138571	5.8710758663727507
134.198579	7.3578629923815519
134.198579	7.3578629923815519
134.198579	7.3578629923815519
134.222522	5.3520414104026157
134.234541	5.5918943772526788
134.234541	5.5918943772526788
134.258574	7.653013479039787
134.258574	7.653013479039787
134.258574	7.653013479039787
134.258574	7.653013479039787
134.258574	7.653013479039787
134.258574	7.653013479039787
134.318606	4.7694872742666741
134.318606	4.7694872742666741
134.330476	5.1923080286233496
134.330476	5.1923080286233496
134.330476	5.1923080286233496
134.366476	7.0108154299471304
134.37858	5.4541121223487394
134.37858	5.4541121223487394
134.37858	5.4541121223487394
134.37858	5.4541121223487394
134.37858	5.4541121223487394
134.37858	5.4541121223487394
134.438728	5.1966695271612595
134.438728	5.1966695271612595
134.438728	5.1966695271612595
134.438728	5.1966695271612595
134.438728	5.1966695271612595
134.438728	5.1966695271612595
134.498571	5.542355658768046
134.498571	5.542355658768046
134.498571	5.542355658768046
134.498571	5.542355658768046
134.534548	5.8727455138221947
134.546476	6.4285716136096704
134.558593	7.4231434555082814
134.558593	7.4231434555082814
134.558593	7.4231434555082814
134.558593	7.4231434555082814
134.558593	7.4231434555082814
134.606479	6.4918662491351631
134.606479	6.4918662491351631
134.606479	6.4918662491351631
134.606479	6.4918662491351631
134.606479	6.4918662491351631
134.606479	6.4918662491351631
134.606479	6.4918662491351631
134.618577	6.6997939702347198
134.678573	4.9227243750933658
134.690498	5.3267776344690017
134.690498	5.3267776344690017
134.690498	5.3267776344690017
134.690498	5.3267776344690017
134.738573	6.0352820744036517
134.738573	6.0352820744036517
134.750476	5.4949383275349444
134.750476	5.4949383275349444
134.774541	5.662343154979391
134.786476	5.9154032575965942
134.798572	5.9069070271965884
134.798572	5.9069070271965884
134.810476	5.6519783310827432
134.810476	5.6519783310827432
134.810476	5.6519783310827432
134.846476	5.8081210902792542
134.846476	5.8081210902792542
134.846476	5.8081210902792542
134.858574	4.5012140736789696
134.882476	6.3940711711049669
134.882476	6.3940711711049669
134.882476	6.3940711711049669
134.918571	6.4393279356131954
134.918571	6.4393279356131954
134.918571	6.4393279356131954
134.918571	6.4393279356131954
134.918571	6.4393279356131954
134.918571	6.4393279356131954
134.978576	4.1327267323755548
134.978576	4.1327267323755548
134.978576	4.1327267323755548
134.978576	4.1327267323755548
134.978576	4.1327267323755548
134.978576	4.1327267323755548
135.038592	5.082349974029734
135.038592	5.082349974029734
135.038592	5.082349974029734
135.038592	5.082349974029734
135.074546	7.9752956653569838
135.086497	6.1249002005889013
135.098644	6.2252119486388402
135.098644	6.2252119486388402
135.098644	6.2252119486388402
135.098644	6.2252119486388402
135.098644	6.2252119486388402
135.098644	6.2252119486388402
135.158612	8.5430238041271149
135.158612	8.5430238041271149
135.158612	8.5430238041271149
135.158612	8.5430238041271149
135.194567	5.3566250513699547
135.206494	5.4879137752937455
135.218629	5.4715309185437526
135.218629	5.4715309185437526
135.218629	5.4715309185437526
135.218629	5.4715309185437526
135.218629	5.4715309185437526
135.218629	5.4715309185437526
135.27859	5.2474233857125379
135.27859	5.2474233857125379
135.27859	5.2474233857125379
135.27859	5.2474233857125379
135.314566	4.6279306467409489
135.326494	4.840357991298859
135.338596	5.3662582675985337
135.338596	5.3662582675985337
135.338596	5.3662582675985337
135.338596	5.3662582675985337
135.338596	5.3662582675985337
135.338596	5.3662582675985337
135.398631	5.3952175273757739
135.398631	5.3952175273757739
135.398631	5.3952175273757739
135.398631	5.3952175273757739
135.398631	5.3952175273757739
135.398631	5.3952175273757739
135.398631	5.3952175273757739
135.398631	5.3952175273757739
135.398631	5.3952175273757739
135.398631	5.3952175273757739
135.398631	5.3952175273757739
135.458593	1.7570277260893989
135.518607	7.3085845310180719
135.518607	7.3085845310180719
135.518607	7.3085845310180719
135.518607	7.3085845310180719
135.554563	4.1804035414431162
135.566494	4.4275648055337573
135.578589	4.7901015450332114
135.578589	4.7901015450332114
135.578589	4.7901015450332114
135.578589	4.7901015450332114
135.578589	4.7901015450332114
135.626574	6.4970753644402777
135.638599	6.0636089869407082
135.638599	6.0636089869407082
135.650501	6.278575430411359
135.650501	6.278575430411359
135.650501	6.278575430411359
135.686494	2.8811091319607471
135.698588	4.1459268634591071
135.698588	4.1459268634591071
135.698588	4.1459268634591071
135.698588	4.1459268634591071
135.698588	4.1459268634591071
135.698588	4.1459268634591071
135.758668	4.4615207215671058
135.758668	4.4615207215671058
135.770494	5.0239226936127288
135.782494	5.4452931091268884
135.782494	5.4452931091268884
135.782494	5.4452931091268884
135.818588	7.7330924426017393
135.818588	7.7330924426017393
135.818588	7.7330924426017393
135.842494	6.5734672611617242
135.842494	6.5734672611617242
135.866515	6.4626739219931544
135.878598	5.037018876491727
135.878598	5.037018876491727
135.878598	5.037018876491727
135.902494	4.6191050693862623
135.902494	4.6191050693862623
135.926497	4.7312484764709568
135.938589	3.520327784872022
135.938589	3.520327784872022
135.938589	3.520327784872022
135.938589	3.520327784872022
135.974558	5.7704860315283515
135.974558	5.7704860315283515
135.998606	5.1748901016854321
135.998606	5.1748901016854321
135.998606	5.1748901016854321
135.998606	5.1748901016854321
135.998606	5.1748901016854321
135.998606	5.1748901016854321
136.058596	9.5161698348613371
136.058596	9.5161698348613371
136.070493	7.5187492791904882
136.070493	7.5187492791904882
136.070493	7.5187492791904882
136.070493	7.5187492791904882
136.118589	5.8739152977544347
136.118589	5.8739152977544347
136.118589	5.8739152977544347
136.118589	5.8739152977544347
136.118589	5.8739152977544347
136.118589	5.8739152977544347
136.178588	6.45121532216882
136.178588	6.45121532216882
136.178605	6.4502646787680415
136.202511	2.8229747735925006
136.214576	4.7052770478426105
136.226511	5.3508298631234288
136.238607	4.9780402151231922
136.238607	4.9780402151231922
136.238607	4.9780402151231922
136.238607	4.9780402151231922
136.238607	4.9780402151231922
136.238607	4.9780402151231922
136.238607	4.9780402151231922
136.299167	6.7042416351851015
136.299167	6.7042416351851015
136.299167	6.7042416351851015
136.299167	6.7042416351851015
136.299167	6.7042416351851015
136.358609	8.1390762750970822
136.358609	8.1390762750970822
136.370524	7.8255728712012624
136.370524	7.8255728712012624
136.370524	7.8255728712012624
136.370524	7.8255728712012624
136.418676	5.1593971961232823
136.418676	5.1593971961232823
136.430518	5.7005261685165172
136.430518	5.7005261685165172
136.45459	6.0482681164553771
136.466512	5.4536995460726407
136.478611	4.461199822622631
136.478611	4.461199822622631
136.478611	4.461199822622631
136.478611	4.461199822622631
136.478611	4.461199822622631
136.478611	4.461199822622631
136.538635	4.4709078697538747
136.538635	4.4709078697538747
136.538635	4.4709078697538747
136.538635	4.4709078697538747
136.574579	5.1725413069835859
136.574579	5.1725413069835859
136.598609	4.5888302637204879
136.598609	4.5888302637204879
136.598609	4.5888302637204879
136.598609	4.5888302637204879
136.598609	4.5888302637204879
136.598609	4.5888302637204879
136.658617	6.5354232698774943
136.658617	6.5354232698774943
136.658617	6.5354232698774943
136.658617	6.5354232698774943
136.658617	6.5354232698774943
136.658617	6.5354232698774943
136.718626	4.1802768408518709
136.718626	4.1802768408518709
136.718626	4.1802768408518709
136.718626	4.1802768408518709
136.75458	3.6479377194884464
136.766511	3.9267026979404998
136.778608	5.7815822813869335
136.778608	5.7815822813869335
136.778608	5.7815822813869335
136.778608	5.7815822813869335
136.814657	5.1767834175854466
136.826511	5.6635936079206157
136.838606	6.9944366954186119
136.838606	6.9944366954186119
136.838606	6.9944366954186119
136.838606	6.9944366954186119
136.838606	6.9944366954186119
136.838606	6.9944366954186119
136.89861	5.059494191028068
136.89861	5.059494191028068
136.89861	5.059494191028068
136.89861	5.059494191028068
136.89861	5.059494191028068
136.89861	5.059494191028068
136.958613	8.5364605981122654
136.958613	8.5364605981122654
136.958613	8.5364605981122654
136.958613	8.5364605981122654
136.994582	5.5807798985047379
137.006511	5.1216531587151373
137.018629	5.3344712924152953
137.018629	5.3344712924152953
137.018629	5.3344712924152953
137.018629	5.3344712924152953
137.018629	5.3344712924152953
137.066532	4.6719412429028786
137.078679	3.0329762930538795
137.078679	3.0329762930538795
137.078679	3.0329762930538795
137.078679	3.0329762930538795
137.114579	5.00809455012112
137.114579	5.00809455012112
137.138607	5.8746770632371881
137.138607	5.8746770632371881
137.138607	5.8746770632371881
137.162511	7.3621827259520867
137.174576	6.705299578202049
137.186511	6.0705265972110727
137.198624	5.4389959614114289
137.198642	5.4380575026108344
137.198642	5.4380575026108344
137.222529	5.3768631175113821
137.234594	4.4144163505135943
137.234594	4.4144163505135943
137.258632	7.3523628862503809
137.258632	7.3523628862503809
137.258632	7.3523628862503809
137.258632	7.3523628862503809
137.258632	7.3523628862503809
137.258632	7.3523628862503809
137.318641	7.2222952184867317
137.318641	7.2222952184867317
137.318641	7.2222952184867317
137.318641	7.2222952184867317
137.318641	7.2222952184867317
137.318641	7.2222952184867317
137.37863	4.4560832650690987
137.37863	4.4560832650690987
137.37863	4.4560832650690987
137.40253	6.3015595956398238
137.414602	6.7796995248391516
137.426536	6.6389840918099559
137.438623	5.9833791683098481
137.438623	5.9833791683098481
137.450533	6.6511369443467014
137.46255	6.671146134116694
137.46255	6.671146134116694
137.486529	3.1280246608703748
137.498624	4.7701337828717616
137.498624	4.7701337828717616
137.498624	4.7701337828717616
137.522529	4.3021852543604178
137.522529	4.3021852543604178
137.546529	6.4516419414366171
137.558632	6.5806187712365105
137.558632	6.5806187712365105
137.558632	6.5806187712365105
137.582529	4.8970525511669392
137.582529	4.8970525511669392
137.582529	4.8970525511669392
137.618626	3.4835902348251491
137.618626	3.4835902348251491
137.630529	5.0595274977940452
137.630529	5.0595274977940452
137.6546	5.7400422898065377
137.6546	5.7400422898065377
137.678625	5.2532873062177528
137.678625	5.2532873062177528
137.678625	5.2532873062177528
137.678625	5.2532873062177528
137.714595	5.3647454577125737
137.72655	5.8296248027689268
137.738764	6.8087546164684394
137.738764	6.8087546164684394
137.738764	6.8087546164684394
137.762529	7.2152950025703904
137.762529	7.2152950025703904
137.762529	7.2152950025703904
137.798624	19.759440229964461
137.798624	19.759440229964461
137.798624	19.759440229964461
137.798624	19.759440229964461
137.798624	19.759440229964461
137.798624	19.759440229964461
137.858645	5.6574165163103824
137.858645	5.6574165163103824
137.870602	4.533087349395962
137.870602	4.533087349395962
137.870602	4.533087349395962
137.870602	4.533087349395962
137.91863	4.6432854360213778
137.91863	4.6432854360213778
137.91863	4.6432854360213778
137.91863	4.6432854360213778
137.91863	4.6432854360213778
137.96653	7.1106527135238329
137.978625	7.1997680687736985
137.978625	7.1997680687736985
137.978625	7.1997680687736985
137.978625	7.1997680687736985
137.978625	7.1997680687736985
137.978625	7.1997680687736985
138.038709	6.3246971953521918
138.038709	6.3246971953521918
138.038709	6.3246971953521918
138.038709	6.3246971953521918
138.074599	4.87373127133427
138.074599	4.87373127133427
138.098625	7.2183393128158357
138.098625	7.2183393128158357
138.098625	7.2183393128158357
138.098625	7.2183393128158357
138.098625	7.2183393128158357
138.098625	7.2183393128158357
138.158626	5.5548260649307259
138.158626	5.5548260649307259
138.158626	5.5548260649307259
138.18253	5.1000542691123485
138.194595	5.5327932436113549
138.194612	5.5334029877118533
138.21865	6.8344249701839237
138.21865	6.8344249701839237
138.21865	6.8344249701839237
138.21865	6.8344249701839237
138.254632	5.4046834214253865
138.266623	5.5731545848947839
138.278647	5.1630760648951064
138.278647	5.1630760648951064
138.278647	5.1630760648951064
138.278647	5.1630760648951064
138.278647	5.1630760648951064
138.278647	5.1630760648951064
138.338644	5.8767469292588963
138.338644	5.8767469292588963
138.338644	5.8767469292588963
138.338644	5.8767469292588963
138.338644	5.8767469292588963
138.338644	5.8767469292588963
138.338644	5.8767469292588963
138.338644	5.8767469292588963
138.338644	5.8767469292588963
138.338644	5.8767469292588963
138.338644	5.8767469292588963
138.398738	6.1174006561990497
138.458655	7.2210948642728674
138.458655	7.2210948642728674
138.458655	7.2210948642728674
138.458655	7.2210948642728674
138.458655	7.2210948642728674
138.506546	4.84852749053643
138.518661	4.5864327920360717
138.518661	4.5864327920360717
138.518661	4.5864327920360717
138.542546	5.9255985910341238
138.542546	5.9255985910341238
138.542546	5.9255985910341238
138.578641	5.9266292611118185
138.578641	5.9266292611118185
138.590566	6.2591578208835159
138.602546	6.4893760165534147
138.602546	6.4893760165534147
138.626546	6.3611235329672677
138.638651	6.6436984162175792
138.638651	6.6436984162175792
138.638651	6.6436984162175792
138.638651	6.6436984162175792
138.674618	5.1949858018238118
138.686546	4.9626537800240085
138.698727	5.4920784101736606
138.698727	5.4920784101736606
138.698727	5.4920784101736606
138.698727	5.4920784101736606
138.698727	5.4920784101736606
138.698727	5.4920784101736606
138.758646	7.1859155333155007
138.758646	7.1859155333155007
138.770546	6.3682160508542784
138.770546	6.3682160508542784
138.770546	6.3682160508542784
138.770546	6.3682160508542784
138.818641	5.2242073264165789
138.818641	5.2242073264165789
138.83055	5.3478395950240385
138.83055	5.3478395950240385
138.83055	5.3478395950240385
138.866547	5.8953587614363423
138.878644	6.2730519002865028
138.878644	6.2730519002865028
138.878644	6.2730519002865028
138.878644	6.2730519002865028
138.878644	6.2730519002865028
138.878644	6.2730519002865028
138.938664	5.3894257737880649
138.938664	5.3894257737880649
138.938664	5.3894257737880649
138.938664	5.3894257737880649
138.938664	5.3894257737880649
138.986567	4.772627201608473
138.998641	5.2550378346075926
138.998641	5.2550378346075926
138.998641	5.2550378346075926
138.998641	5.2550378346075926
138.998641	5.2550378346075926
138.998641	5.2550378346075926
139.058713	4.2282693427850075
139.058713	4.2282693427850075
139.058713	4.2282693427850075
139.058713	4.2282693427850075
139.094614	5.6482055886917024
139.106611	6.0466155864040072
139.118663	6.0649635512040163
139.118663	6.0649635512040163
139.118663	6.0649635512040163
139.118663	6.0649635512040163
139.118663	6.0649635512040163
139.118663	6.0649635512040163
139.17865	6.8766485422441876
139.17865	6.8766485422441876
139.17865	6.8766485422441876
139.17865	6.8766485422441876
139.178668	6.874886548345855
139.226568	5.8275840599755382
139.226568	5.8275840599755382
139.226568	5.8275840599755382
139.226568	5.8275840599755382
139.226568	5.8275840599755382
139.23866	5.7124984499753682
139.286564	5.2639514422175795
139.298659	5.3472684544674545
139.298659	5.3472684544674545
139.310564	5.1087125903404074
139.322636	5.0531652661587181
139.322636	5.0531652661587181
139.322636	5.0531652661587181
139.358666	4.545177947184321
139.358666	4.545177947184321
139.358666	4.545177947184321
139.358666	4.545177947184321
139.358666	4.545177947184321
139.406564	5.4953608445812119
139.418673	4.4335613833809244
139.418673	4.4335613833809244
139.430564	5.8815070281677881
139.442564	7.1755878457002664
139.454705	6.6869544821510996
139.454705	6.6869544821510996
139.478661	3.5039704436611325
139.478661	3.5039704436611325
139.490567	4.2114274139632375
139.490567	4.2114274139632375
139.490567	4.2114274139632375
139.490567	4.2114274139632375
139.490567	4.2114274139632375
139.490567	4.2114274139632375
139.490567	4.2114274139632375
139.490567	4.2114274139632375
139.490567	4.2114274139632375
139.538661	6.0593564419653703
139.598682	5.5885022849194392
139.598682	5.5885022849194392
139.610629	5.2637587248626696
139.610629	5.2637587248626696
139.634641	4.543561850439338
139.646566	4.4056109493998594
139.658698	4.4048939481998604
139.658698	4.4048939481998604
139.658698	4.4048939481998604
139.658698	4.4048939481998604
139.658698	4.4048939481998604
139.658698	4.4048939481998604
139.718737	5.300093359189078
139.718737	5.300093359189078
139.718737	5.300093359189078
139.742565	18.433729544597952
139.742565	18.433729544597952
139.742565	18.433729544597952
139.778678	6.9612657957395605
139.778678	6.9612657957395605
139.790586	7.5533229836859848
139.802565	7.7748740651323693
139.802565	7.7748740651323693
139.802565	7.7748740651323693
139.838662	4.6553591332300863
139.838662	4.6553591332300863
139.838662	4.6553591332300863
139.838662	4.6553591332300863
139.838662	4.6553591332300863
139.838662	4.6553591332300863
139.898659	4.907315542340557
139.898659	4.907315542340557
139.898659	4.907315542340557
139.898659	4.907315542340557
139.898659	4.907315542340557
139.946566	4.9438526157963487
139.958664	3.8269168637961055
139.958664	3.8269168637961055
139.958664	3.8269168637961055
139.958664	3.8269168637961055
139.958664	3.8269168637961055
140.006565	6.3079855612237719
140.018742	6.1614749414737462
140.018742	6.1614749414737462
140.018742	6.1614749414737462
140.018742	6.1614749414737462
140.018742	6.1614749414737462
140.018742	6.1614749414737462
140.078662	5.1354437699759039
140.078662	5.1354437699759039
140.078662	5.1354437699759039
140.078662	5.1354437699759039
140.078662	5.1354437699759039
140.078662	5.1354437699759039
140.138659	2.2603168091654093
140.138659	2.2603168091654093
140.138659	2.2603168091654093
140.138659	2.2603168091654093
140.174629	6.4226538209771409
140.186586	5.8524038678991186
140.198668	5.8473312401991242
140.198668	5.8473312401991242
140.198668	5.8473312401991242
140.222583	5.8280500616589643
140.222583	5.8280500616589643
140.222583	5.8280500616589643
140.25869	9.2649790538234971
140.25869	9.2649790538234971
140.25869	9.2649790538234971
140.25869	9.2649790538234971
140.25869	9.2649790538234971
140.25869	9.2649790538234971
140.318747	3.9313760324199225
140.318747	3.9313760324199225
140.330583	4.7669162624856476
140.342583	5.7987857801255549
140.342583	5.7987857801255549
140.342583	5.7987857801255549
140.378755	7.0305564982650273
140.378755	7.0305564982650273
140.378755	7.0305564982650273
140.378755	7.0305564982650273
140.378755	7.0305564982650273
140.378755	7.0305564982650273
140.438686	5.5742283988509511
140.438686	5.5742283988509511
140.438686	5.5742283988509511
140.438686	5.5742283988509511
140.438686	5.5742283988509511
140.438686	5.5742283988509511
140.498678	6.3431028675872501
140.498678	6.3431028675872501
140.498678	6.3431028675872501
140.522583	5.7180336951270307
140.522583	5.7180336951270307
140.522583	5.7180336951270307
140.55868	8.0940766682181131
140.55868	8.0940766682181131
140.55868	8.0940766682181131
140.55868	8.0940766682181131
140.594653	6.0061488494338731
140.594653	6.0061488494338731
140.61868	3.8611113658026621
140.61868	3.8611113658026621
140.61868	3.8611113658026621
140.61868	3.8611113658026621
140.61868	3.8611113658026621
140.61868	3.8611113658026621
140.61868	3.8611113658026621
140.61868	3.8611113658026621
140.61868	3.8611113658026621
140.61868	3.8611113658026621
140.61868	3.8611113658026621
140.678777	4.698865706037604
140.738677	5.0992328987893289
140.738677	5.0992328987893289
140.750585	5.8615861511438574
140.750585	5.8615861511438574
140.750585	5.8615861511438574
140.750585	5.8615861511438574
140.750585	5.8615861511438574
140.750585	5.8615861511438574
140.750585	5.8615861511438574
140.798678	5.4418243791854186
140.834649	5.8728321271821864
140.846593	5.2920406243490792
140.858683	4.6019875528493976
140.858683	4.6019875528493976
140.858683	4.6019875528493976
140.858683	4.6019875528493976
140.858683	4.6019875528493976
140.858683	4.6019875528493976
140.858683	4.6019875528493976
140.858683	4.6019875528493976
140.858683	4.6019875528493976
140.858683	4.6019875528493976
140.858683	4.6019875528493976
140.918681	6.8043669663034256
140.978679	6.6901690097288018
140.978679	6.6901690097288018
140.978679	6.6901690097288018
141.002584	5.6987997612661889
141.002584	5.6987997612661889
141.002584	5.6987997612661889
141.038746	6.1500864354795057
141.038746	6.1500864354795057
141.038746	6.1500864354795057
141.038746	6.1500864354795057
141.038746	6.1500864354795057
141.086586	5.5142901662914685
141.0987	6.1883942900909492
141.0987	6.1883942900909492
141.0987	6.1883942900909492
141.0987	6.1883942900909492
141.0987	6.1883942900909492
141.0987	6.1883942900909492
141.158686	6.1906726612988034
141.158686	6.1906726612988034
141.158686	6.1906726612988034
141.158686	6.1906726612988034
141.194654	4.8346123287467453
141.194654	4.8346123287467453
141.218685	7.9355023174955575
141.230601	5.4367719190502601
141.230601	5.4367719190502601
141.230601	5.4367719190502601
141.254668	5.8564552966990266
141.254668	5.8564552966990266
141.278709	5.2167344900142094
141.278709	5.2167344900142094
141.290601	5.6034861564727558
141.290601	5.6034861564727558
141.314669	5.4298457056357101
141.314669	5.4298457056357101
141.314669	5.4298457056357101
141.338794	5.5786243781300229
141.350601	6.3884404197618778
141.3626	6.8590278998714691
141.3626	6.8590278998714691
141.3626	6.8590278998714691
141.398696	5.3053831011968358
141.398696	5.3053831011968358
141.398696	5.3053831011968358
141.398696	5.3053831011968358
141.398696	5.3053831011968358
141.446602	6.2424290056705223
141.458705	6.8265536740700403
141.458705	6.8265536740700403
141.470814	5.6839283223410746
141.470814	5.6839283223410746
141.494685	5.4529700893270796
141.494685	5.4529700893270796
141.518694	5.6655906969943475
141.518694	5.6655906969943475
141.518694	5.6655906969943475
141.518694	5.6655906969943475
141.518694	5.6655906969943475
141.518694	5.6655906969943475
141.5787	4.3801390097427984
141.5787	4.3801390097427984
141.5787	4.3801390097427984
141.5787	4.3801390097427984
141.5787	4.3801390097427984
141.5787	4.3801390097427984
141.638698	2.5322813906885471
141.638698	2.5322813906885471
141.638698	2.5322813906885471
141.638698	2.5322813906885471
141.638698	2.5322813906885471
141.638698	2.5322813906885471
141.698763	6.1188272793297038
141.698763	6.1188272793297038
141.698763	6.1188272793297038
141.698763	6.1188272793297038
141.698763	6.1188272793297038
141.746601	6.6117598175732617
141.758717	6.829696973373002
141.758717	6.829696973373002
141.758717	6.829696973373002
141.758717	6.829696973373002
141.758717	6.829696973373002
141.758717	6.829696973373002
141.818714	6.5364794096122862
141.818714	6.5364794096122862
141.818714	6.5364794096122862
141.818714	6.5364794096122862
141.818714	6.5364794096122862
141.818714	6.5364794096122862
141.878697	5.1448256076871584
141.878697	5.1448256076871584
141.890639	5.5487937863537962
141.890639	5.5487937863537962
141.914667	5.0467763657239031
141.914667	5.0467763657239031
141.938695	4.7828000372544235
141.938695	4.7828000372544235
141.938695	4.7828000372544235
141.938695	4.7828000372544235
141.938695	4.7828000372544235
141.938695	4.7828000372544235
141.998736	3.9600662703694951
141.998736	3.9600662703694951
141.998736	3.9600662703694951
142.022621	6.001478086264382
142.022621	6.001478086264382
142.022621	6.001478086264382
142.0587	7.4158847450717653
142.0587	7.4158847450717653
142.0587	7.4158847450717653
142.0587	7.4158847450717653
142.0587	7.4158847450717653
142.0587	7.4158847450717653
142.118696	5.8016949180089208
142.118696	5.8016949180089208
142.118696	5.8016949180089208
142.142602	3.7826980023290457
142.142602	3.7826980023290457
142.166601	6.1227316683390676
142.17872	3.7866556557933029
142.17872	3.7866556557933029
142.17872	3.7866556557933029
142.17872	3.7866556557933029
142.17872	3.7866556557933029
142.17872	3.7866556557933029
142.238723	6.3536079545370265
142.238723	6.3536079545370265
142.238723	6.3536079545370265
142.262629	6.7558243210196416
142.274692	4.0707965447746872
142.28664	4.630690220268602
142.298717	7.7979347975182929
142.298717	7.7979347975182929
142.298717	7.7979347975182929
142.298717	7.7979347975182929
142.298717	7.7979347975182929
142.298717	7.7979347975182929
142.298717	7.7979347975182929
142.35881	4.9096694515319061
142.37062	6.2180151901169527
142.37062	6.2180151901169527
142.394695	6.911300017971544
142.40662	6.3231761949370693
142.418734	5.5299181614376813
142.418734	5.5299181614376813
142.43062	6.8279759561234874
142.44262	7.6468244848555704
142.44262	7.6468244848555704
142.44262	7.6468244848555704
142.478745	6.9594023658471844
142.478745	6.9594023658471844
142.478745	6.9594023658471844
142.50262	6.5987292429506681
142.50262	6.5987292429506681
142.526623	6.0255699241491847
142.538737	6.690103987948671
142.538737	6.690103987948671
142.538737	6.690103987948671
142.538737	6.690103987948671
142.538737	6.690103987948671
142.538737	6.690103987948671
142.598715	5.7372311662875459
142.598715	5.7372311662875459
142.598715	5.7372311662875459
142.598715	5.7372311662875459
142.598715	5.7372311662875459
142.64662	6.6965708651267573
142.65873	8.5081753976226189
142.65873	8.5081753976226189
142.65873	8.5081753976226189
142.65873	8.5081753976226189
142.694686	3.471571677528102
142.706621	3.540697369617408
142.718717	4.5394465504156951
142.718717	4.5394465504156951
142.718717	4.5394465504156951
142.718717	4.5394465504156951
142.754757	3.6875896249371656
142.754757	3.6875896249371656
142.754757	3.6875896249371656
142.754757	3.6875896249371656
142.754757	3.6875896249371656
142.754757	3.6875896249371656
142.754757	3.6875896249371656
142.778717	4.5536646493889874
142.838723	4.0851923375418835
142.838723	4.0851923375418835
142.838723	4.0851923375418835
142.838723	4.0851923375418835
142.838723	4.0851923375418835
142.838723	4.0851923375418835
142.898752	6.0467708896135761
142.898752	6.0467708896135761
142.898752	6.0467708896135761
142.898752	6.0467708896135761
142.934709	6.0196147838987306
142.946621	4.8543094757216485
142.95872	3.4484032559216358
142.95872	3.4484032559216358
142.95872	3.4484032559216358
142.95872	3.4484032559216358
142.95872	3.4484032559216358
142.95872	3.4484032559216358
143.018783	6.7292390612798325
143.018783	6.7292390612798325
143.018783	6.7292390612798325
143.018783	6.7292390612798325
143.018783	6.7292390612798325
143.066641	6.7414112895008849
143.078723	4.821649148703079
143.078723	4.821649148703079
143.078723	4.821649148703079
143.10262	18.499783431550952
143.1147	9.5026429195574753
143.12662	5.6164867900054745
143.138715	5.7284199675053058
143.138715	5.7284199675053058
143.138715	5.7284199675053058
143.138715	5.7284199675053058
143.138715	5.7284199675053058
143.138715	5.7284199675053058
143.198736	2.9442010087244013
143.198736	2.9442010087244013
143.198736	2.9442010087244013
143.198736	2.9442010087244013
143.234685	5.1193552827435305
143.246638	5.2618815781160189
143.258736	5.6362535832161003
143.258736	5.6362535832161003
143.258736	5.6362535832161003
143.258736	5.6362535832161003
143.294703	2.2846085166906684
143.294703	2.2846085166906684
143.318756	4.8712504466853614
143.318756	4.8712504466853614
143.318756	4.8712504466853614
143.342639	2.8085796712480904
143.354706	5.3288070121971822
143.354706	5.3288070121971822
143.378738	6.8028480896090127
143.378738	6.8028480896090127
143.378738	6.8028480896090127
143.378738	6.8028480896090127
143.378738	6.8028480896090127
143.426638	6.9170715727683154
143.438734	8.8281385711695286
143.438734	8.8281385711695286
143.438734	8.8281385711695286
143.438734	8.8281385711695286
143.438734	8.8281385711695286
143.486639	4.5171636027000863
143.498737	6.026526415000415
143.498737	6.026526415000415
143.498737	6.026526415000415
143.522638	4.6722126235061827
143.522638	4.6722126235061827
143.522638	4.6722126235061827
143.558738	5.6839139429146215
143.558738	5.6839139429146215
143.558738	5.6839139429146215
143.558738	5.6839139429146215
143.558738	5.6839139429146215
143.606638	6.785373919351386
143.618739	5.090705105652078
143.618739	5.090705105652078
143.618739	5.090705105652078
143.618739	5.090705105652078
143.654709	4.4108794727412723
143.654709	4.4108794727412723
143.67883	4.0656242199967103
143.67883	4.0656242199967103
143.67883	4.0656242199967103
143.702638	4.7664829895199201
143.702638	4.7664829895199201
143.726638	5.6191051492871482
143.738745	5.0830961757380377
143.738745	5.0830961757380377
143.738745	5.0830961757380377
143.738745	5.0830961757380377
143.738745	5.0830961757380377
143.738745	5.0830961757380377
143.798734	6.1387184248319056
143.798734	6.1387184248319056
143.798734	6.1387184248319056
143.798734	6.1387184248319056
143.798734	6.1387184248319056
143.798734	6.1387184248319056
143.858753	5.5727364134060684
143.858753	5.5727364134060684
143.858753	5.5727364134060684
143.858753	5.5727364134060684
143.858753	5.5727364134060684
143.906639	7.4243743460709588
143.918733	5.6899725966732086
143.918733	5.6899725966732086
143.930638	4.9980453292920748
143.930638	4.9980453292920748
143.930638	4.9980453292920748
143.966638	6.5942660274998275
143.978862	6.580040347499831
143.978862	6.580040347499831
143.978862	6.580040347499831
144.002637	5.9865386402321086
144.002637	5.9865386402321086
144.026638	8.391553033868135
144.038732	5.1736909645647469
144.038732	5.1736909645647469
144.038732	5.1736909645647469
144.038732	5.1736909645647469
144.038732	5.1736909645647469
144.038732	5.1736909645647469
144.098733	5.3271923912522423
144.098733	5.3271923912522423
144.098733	5.3271923912522423
144.098733	5.3271923912522423
144.098733	5.3271923912522423
144.146639	6.8399816554549551
144.158738	7.8325418739049635
144.158738	7.8325418739049635
144.158738	7.8325418739049635
144.158738	7.8325418739049635
144.158738	7.8325418739049635
144.158738	7.8325418739049635
144.218751	6.1211182788005756
144.218751	6.1211182788005756
144.218751	6.1211182788005756
144.218769	6.1214922972008123
144.218769	6.1214922972008123
144.218769	6.1214922972008123
144.278752	6.0339000639998339
144.278752	6.0339000639998339
144.278752	6.0339000639998339
144.278752	6.0339000639998339
144.31472	5.7972340720010704
144.31472	5.7972340720010704
144.338826	5.98184415269957
144.338826	5.98184415269957
144.338826	5.98184415269957
144.338826	5.98184415269957
144.374742	6.4612609680999302
144.38677	5.5064735650061145
144.398754	3.8039606130092585
144.398754	3.8039606130092585
144.398754	3.8039606130092585
144.398754	3.8039606130092585
144.398754	3.8039606130092585
144.398754	3.8039606130092585
144.458754	5.82622572049209
144.458754	5.82622572049209
144.458754	5.82622572049209
144.458754	5.82622572049209
144.458754	5.82622572049209
144.458754	5.82622572049209
144.518751	6.9583740134479166
144.518751	6.9583740134479166
144.530656	6.8503291088016693
144.530656	6.8503291088016693
144.554725	8.3172291737337716
144.554725	8.3172291737337716
144.578752	4.7874858560317586
144.578752	4.7874858560317586
144.590656	5.0959149007910343
144.590656	5.0959149007910343
144.614727	6.3723408884903883
144.614727	6.3723408884903883
144.638793	5.0867495365159456
144.638793	5.0867495365159456
144.650666	5.705208880687219
144.650666	5.705208880687219
144.650666	5.705208880687219
144.650666	5.705208880687219
144.698766	6.3753188884238483
144.698766	6.3753188884238483
144.698766	6.3753188884238483
144.722655	5.9505319432479711
144.722655	5.9505319432479711
144.746655	6.7211289442282505
144.758775	7.8389971462286123
144.758775	7.8389971462286123
144.758775	7.8389971462286123
144.782656	4.6225658272076124
144.794728	4.2627139936081182
144.806656	3.754119542414085
144.818767	3.1146484480641785
144.818767	3.1146484480641785
144.818767	3.1146484480641785
144.842655	4.9625874502647225
144.842655	4.9625874502647225
144.842655	4.9625874502647225
144.878755	5.3425614564797392
144.878755	5.3425614564797392
144.878755	5.3425614564797392
144.902659	6.7733066842145115
144.902659	6.7733066842145115
144.902659	6.7733066842145115
144.938755	6.587705482738718
144.938755	6.587705482738718
144.938755	6.587705482738718
144.938755	6.587705482738718
144.938755	6.587705482738718
144.938755	6.587705482738718
144.998835	5.0749092459970653
144.998835	5.0749092459970653
144.998835	5.0749092459970653
144.998835	5.0749092459970653
144.998835	5.0749092459970653
145.046656	5.3943924927519395
145.058785	6.9266345079495633
145.058785	6.9266345079495633
145.058785	6.9266345079495633
145.058785	6.9266345079495633
145.058785	6.9266345079495633
145.058785	6.9266345079495633
145.118751	5.6516145388906409
145.118751	5.6516145388906409
145.118751	5.6516145388906409
145.142655	5.4122592047526465
145.142655	5.4122592047526465
145.142655	5.4122592047526465
145.178751	5.3189723182997977
145.178751	5.3189723182997977
145.190657	6.0608482339666381
145.190657	6.0608482339666381
145.190657	6.0608482339666381
145.190657	6.0608482339666381
145.238749	5.5500259032376524
145.238767	5.5504900197372127
145.238767	5.5504900197372127
145.238767	5.5504900197372127
145.238767	5.5504900197372127
145.238767	5.5504900197372127
145.298771	4.4720694769676737
145.298771	4.4720694769676737
145.298771	4.4720694769676737
145.298771	4.4720694769676737
145.298771	4.4720694769676737
145.346674	4.9427103341771463
145.358774	7.6976619291765971
145.358774	7.6976619291765971
145.358774	7.6976619291765971
145.358774	7.6976619291765971
145.358774	7.6976619291765971
145.358774	7.6976619291765971
145.41877	5.8065068599540677
145.41877	5.8065068599540677
145.41877	5.8065068599540677
145.41877	5.8065068599540677
145.41877	5.8065068599540677
145.41877	5.8065068599540677
145.478804	4.1020414295222771
145.478804	4.1020414295222771
145.478804	4.1020414295222771
145.502694	4.3484457233303795
145.514739	5.6678682728297627
145.514739	5.6678682728297627
145.538772	6.9834034827743787
145.538772	6.9834034827743787
145.538772	6.9834034827743787
145.538772	6.9834034827743787
145.538772	6.9834034827743787
145.586674	6.7867132341341021
145.598769	7.9559163226350895
145.598769	7.9559163226350895
145.610674	6.7615897759852741
145.610674	6.7615897759852741
145.610674	6.7615897759852741
145.610674	6.7615897759852741
145.658839	4.9478536427474946
145.658839	4.9478536427474946
145.658839	4.9478536427474946
145.658839	4.9478536427474946
145.658839	4.9478536427474946
145.658839	4.9478536427474946
145.718768	5.4914645239962718
145.718768	5.4914645239962718
145.718768	5.4914645239962718
145.718768	5.4914645239962718
145.718768	5.4914645239962718
145.766694	4.8247421729710362
145.778779	5.2849329304702222
145.778779	5.2849329304702222
145.778779	5.2849329304702222
145.778779	5.2849329304702222
145.778779	5.2849329304702222
145.778779	5.2849329304702222
145.838773	4.9845856194556379
145.838773	4.9845856194556379
145.838773	4.9845856194556379
145.838773	4.9845856194556379
145.838773	4.9845856194556379
145.838773	4.9845856194556379
145.898807	4.7656889459742695
145.898807	4.7656889459742695
145.898807	4.7656889459742695
145.898807	4.7656889459742695
145.934746	5.319094758224864
145.934746	5.319094758224864
145.958856	6.2749743563773199
145.958856	6.2749743563773199
145.970675	5.0952913488481535
145.970675	5.0952913488481535
145.970675	5.0952913488481535
145.970675	5.0952913488481535
146.018773	3.2427350438395632
146.018773	3.2427350438395632
146.018773	3.2427350438395632
146.018773	3.2427350438395632
146.018773	3.2427350438395632
146.066674	8.9811138519034959
146.078772	11.596237493597922
146.078772	11.596237493597922
146.078772	11.596237493597922
146.102674	2.9579297537012019
146.11474	5.5479853388008102
146.11474	5.5479853388008102
146.138767	6.6763679773000355
146.138767	6.6763679773000355
146.138767	6.6763679773000355
146.138767	6.6763679773000355
146.138767	6.6763679773000355
146.186744	4.794168305994976
146.198773	4.8563311707448618
146.198773	4.8563311707448618
146.198773	4.8563311707448618
146.198773	4.8563311707448618
146.198773	4.8563311707448618
146.198773	4.8563311707448618
146.258819	4.4278743350592222
146.258819	4.4278743350592222
146.258819	4.4278743350592222
146.258819	4.4278743350592222
146.258819	4.4278743350592222
146.306693	4.4522358944468641
146.318882	4.4889083292968648
146.318882	4.4889083292968648
146.318882	4.4889083292968648
146.318882	4.4889083292968648
146.354764	7.0405489208087193
146.354764	7.0405489208087193
146.378789	6.1311915924042202
146.378789	6.1311915924042202
146.378789	6.1311915924042202
146.402693	5.3040225737873063
146.402693	5.3040225737873063
146.402693	5.3040225737873063
146.438806	5.4294273471512859
146.438806	5.4294273471512859
146.450806	5.8481717096512256
146.450806	5.8481717096512256
146.450806	5.8481717096512256
146.450806	5.8481717096512256
146.498785	6.7151675595049776
146.498785	6.7151675595049776
146.498785	6.7151675595049776
146.498785	6.7151675595049776
146.534772	6.4194058557405924
146.546713	6.910908044512043
146.55879	7.3096344264610655
146.55879	7.3096344264610655
146.55879	7.3096344264610655
146.55879	7.3096344264610655
146.55879	7.3096344264610655
146.55879	7.3096344264610655
146.618792	5.9219477239946894
146.618792	5.9219477239946894
146.618792	5.9219477239946894
146.642693	6.0416895450656121
146.642693	6.0416895450656121
146.666692	6.0981669746793719
146.678808	5.3036003004803165
146.678808	5.3036003004803165
146.678808	5.3036003004803165
146.678808	5.3036003004803165
146.678808	5.3036003004803165
146.678808	5.3036003004803165
146.738794	3.9922103233705482
146.738794	3.9922103233705482
146.738794	3.9922103233705482
146.738794	3.9922103233705482
146.774757	6.9490744162274103
146.786693	6.9084997046139485
146.798789	6.299276802214993
146.798789	6.299276802214993
146.798789	6.299276802214993
146.798789	6.299276802214993
146.798789	6.299276802214993
146.798789	6.299276802214993
146.858806	6.0635241791393391
146.858806	6.0635241791393391
146.858806	6.0635241791393391
146.858806	6.0635241791393391
146.858806	6.0635241791393391
146.858806	6.0635241791393391
146.918786	6.2537945338564942
146.918786	6.2537945338564942
146.930693	5.9663469931533459
146.942713	5.7509804783754959
146.954761	6.4082669495747746
146.966693	5.9862932264462927
146.978864	4.6991990225474751
146.978864	4.6991990225474751
146.990692	6.6119241985352994
146.990692	6.6119241985352994
147.014768	6.1866399786075732
147.014768	6.1866399786075732
147.038807	3.56196517223957
147.038807	3.56196517223957
147.038807	3.56196517223957
147.038807	3.56196517223957
147.038807	3.56196517223957
147.038807	3.56196517223957
147.038807	3.56196517223957
147.038807	3.56196517223957
147.038807	3.56196517223957
147.038807	3.56196517223957
147.098787	4.9396215802401224
147.146696	7.5597096580493366
147.158797	7.1552851622995011
147.158797	7.1552851622995011
147.158797	7.1552851622995011
147.182693	6.5689122689465664
147.194781	4.9695943189466369
147.206727	5.270120402979364
147.21881	7.0502072957769588
147.21881	7.0502072957769588
147.21881	7.0502072957769588
147.21881	7.0502072957769588
147.218832	7.0534483709771481
147.218832	7.0534483709771481
147.278852	3.3292824188532544
147.278852	3.3292824188532544
147.278852	3.3292824188532544
147.278852	3.3292824188532544
147.314778	5.2984562539194426
147.314778	5.2984562539194426
147.338827	5.4302526162337328
147.338827	5.4302526162337328
147.338827	5.4302526162337328
147.338827	5.4302526162337328
147.374849	6.5785378135083468
147.374849	6.5785378135083468
147.398824	3.1893626502449322
147.398824	3.1893626502449322
147.398824	3.1893626502449322
147.422715	5.9498591502751221
147.43478	5.7602015730255571
147.446715	6.4840040918068507
147.458811	7.9356305366043633
147.458811	7.9356305366043633
147.458811	7.9356305366043633
147.458811	7.9356305366043633
147.49478	5.2670562658913758
147.506786	5.3415360612651011
147.518813	4.8660389946657743
147.518813	4.8660389946657743
147.518813	4.8660389946657743
147.518813	4.8660389946657743
147.518813	4.8660389946657743
147.518813	4.8660389946657743
147.578822	4.9891839010579728
147.578822	4.9891839010579728
147.578822	4.9891839010579728
147.578822	4.9891839010579728
147.614786	4.8614403384401168
147.626715	4.5238818939762
147.638894	4.6920933703761598
147.638894	4.6920933703761598
147.638894	4.6920933703761598
147.638894	4.6920933703761598
147.638894	4.6920933703761598
147.638894	4.6920933703761598
147.698807	5.4383064991155932
147.698807	5.4383064991155932
147.710715	5.0134539893181636
147.722735	4.9280916300736797
147.722735	4.9280916300736797
147.746714	6.5176881571364822
147.758829	6.2690295993867258
147.758829	6.2690295993867258
147.758829	6.2690295993867258
147.758829	6.2690295993867258
147.758829	6.2690295993867258
147.758829	6.2690295993867258
147.818825	6.2262162548576052
147.818825	6.2262162548576052
147.818825	6.2262162548576052
147.818825	6.2262162548576052
147.854805	3.99175630483282
147.854805	3.99175630483282
147.878831	5.3645520072919446
147.878831	5.3645520072919446
147.878831	5.3645520072919446
147.878831	5.3645520072919446
147.914781	4.821569814854203
147.914781	4.821569814854203
147.938813	7.7990740291901126
147.938813	7.7990740291901126
147.950714	6.8297932933040899
147.962714	6.0015026814732755
147.97478	6.814924831873153
147.986736	6.6166321937543637
147.998896	5.6234046097553287
147.998896	5.6234046097553287
148.010715	6.4580378995855767
148.010715	6.4580378995855767
148.034854	5.6008981448150887
148.034854	5.6008981448150887
148.058836	6.8246786818166223
148.058836	6.8246786818166223
148.058836	6.8246786818166223
148.058836	6.8246786818166223
148.094779	7.0106871818597085
148.094779	7.0106871818597085
148.118827	5.2243338241655897
148.118827	5.2243338241655897
148.130717	5.5048614121192641
148.130717	5.5048614121192641
148.130717	5.5048614121192641
148.130717	5.5048614121192641
148.178811	5.0039010110737232
148.178811	5.0039010110737232
148.178811	5.0039010110737232
148.178811	5.0039010110737232
148.178811	5.0039010110737232
148.226715	5.5929212049962125
148.23882	5.6157633399961844
148.23882	5.6157633399961844
148.23882	5.6157633399961844
148.238838	5.6157973059961526
148.274805	5.3193612928904042
148.274805	5.3193612928904042
148.274805	5.3193612928904042
148.274805	5.3193612928904042
148.274805	5.3193612928904042
148.274805	5.3193612928904042
148.274805	5.3193612928904042
148.298902	5.5781776894706638
148.358832	5.3683912568295495
148.358832	5.3683912568295495
148.358832	5.3683912568295495
148.382753	5.7102418814394467
148.382753	5.7102418814394467
148.406732	4.8128487189790938
148.418827	3.7848450794806414
148.418827	3.7848450794806414
148.418827	3.7848450794806414
148.418827	3.7848450794806414
148.454801	7.2931328688253796
148.454801	7.2931328688253796
148.478854	4.3765858780649403
148.478854	4.3765858780649403
148.478854	4.3765858780649403
148.478854	4.3765858780649403
148.478854	4.3765858780649403
148.478854	4.3765858780649403
148.538826	3.7154971243123041
148.538826	3.7154971243123041
148.538826	3.7154971243123041
148.538826	3.7154971243123041
148.574797	4.797490223615763
148.574797	4.797490223615763
148.598831	5.6912226970652329
148.598831	5.6912226970652329
148.598831	5.6912226970652329
148.598831	5.6912226970652329
148.634838	6.4909223248038268
148.646733	6.9802591655885644
148.658829	7.0424713127884591
148.658829	7.0424713127884591
148.658829	7.0424713127884591
148.658829	7.0424713127884591
148.694866	5.3049967343066635
148.694866	5.3049967343066635
148.718827	4.9631718255893524
148.718827	4.9631718255893524
148.718827	4.9631718255893524
148.718827	4.9631718255893524
148.754801	6.8560059356210736
148.754801	6.8560059356210736
148.778846	6.1660841374482285
148.778846	6.1660841374482285
148.778846	6.1660841374482285
148.778846	6.1660841374482285
148.778846	6.1660841374482285
148.778846	6.1660841374482285
148.838849	4.9673122021314473
148.838849	4.9673122021314473
148.838849	4.9673122021314473
148.838849	4.9673122021314473
148.874807	5.2028044672420872
148.886733	4.3134581681300412
148.898847	4.6717345637297649
148.898847	4.6717345637297649
148.898847	4.6717345637297649
148.898847	4.6717345637297649
148.898847	4.6717345637297649
148.898847	4.6717345637297649
148.95891	11.542313049797734
148.95891	11.542313049797734
148.95891	11.542313049797734
148.95891	11.542313049797734
148.95891	11.542313049797734
148.95891	11.542313049797734
149.018843	5.1583267595871067
149.018843	5.1583267595871067
149.018843	5.1583267595871067
149.042733	5.6179682892124339
149.042733	5.6179682892124339
149.066733	6.5291899584515889
149.078828	5.7810549429527152
149.078828	5.7810549429527152
149.078828	5.7810549429527152
149.102732	5.7091446928633562
149.114799	5.3990276196634674
149.114799	5.3990276196634674
149.138832	5.3597584583875735
149.138832	5.3597584583875735
149.138832	5.3597584583875735
149.138832	5.3597584583875735
149.138832	5.3597584583875735
149.138832	5.3597584583875735
149.198829	4.2404517403996396
149.198829	4.2404517403996396
149.198829	4.2404517403996396
149.198829	4.2404517403996396
149.198829	4.2404517403996396
149.246732	4.1124987295088076
149.258834	2.6373629557097185
149.270754	4.1625538283056454
149.270754	4.1625538283056454
149.282756	6.4688510323910995
149.282756	6.4688510323910995
149.282756	6.4688510323910995
149.318874	6.0268014820085041
149.318874	6.0268014820085041
149.318874	6.0268014820085041
149.318874	6.0268014820085041
149.354894	5.0166902436701664
149.366755	4.9608502902184721
149.37885	5.1079926174682511
149.37885	5.1079926174682511
149.37885	5.1079926174682511
149.37885	5.1079926174682511
149.37885	5.1079926174682511
149.37885	5.1079926174682511
149.438849	6.2574452749513068
149.438849	6.2574452749513068
149.438849	6.2574452749513068
149.438849	6.2574452749513068
149.438849	6.2574452749513068
149.438849	6.2574452749513068
149.498852	6.4825747198607804
149.498852	6.4825747198607804
149.498852	6.4825747198607804
149.498852	6.4825747198607804
149.498852	6.4825747198607804
149.498852	6.4825747198607804
149.55886	7.7367557918501788
149.55886	7.7367557918501788
149.55886	7.7367557918501788
149.55886	7.7367557918501788
149.55886	7.7367557918501788
149.55886	7.7367557918501788
149.618968	4.4220308678722509
149.618968	4.4220308678722509
149.618968	4.4220308678722509
149.618968	4.4220308678722509
149.618968	4.4220308678722509
149.666755	7.9248054079996404
149.678851	5.7367176319982498
149.678851	5.7367176319982498
149.678851	5.7367176319982498
149.678851	5.7367176319982498
149.678851	5.7367176319982498
149.678851	5.7367176319982498
149.738851	7.0060353263107222
149.738851	7.0060353263107222
149.738851	7.0060353263107222
149.762755	3.9688482720608218
149.762755	3.9688482720608218
149.762755	3.9688482720608218
149.762755	3.9688482720608218
149.798849	5.9672526985242174
149.810776	5.5400347789254525
149.822755	5.2094307801688808
149.834836	5.5549902677185585
149.834836	5.5549902677185585
149.85885	6.0944651474404443
149.85885	6.0944651474404443
149.85885	6.0944651474404443
149.85885	6.0944651474404443
149.85885	6.0944651474404443
149.906754	6.6947489901864827
149.918851	6.3306371532371823
149.918851	6.3306371532371823
149.918851	6.3306371532371823
149.918851	6.3306371532371823
149.954823	5.7845146873700557
149.966779	5.1570714410069627
149.978878	3.4638333296069468
149.978878	3.4638333296069468
149.978878	3.4638333296069468
149.978878	3.4638333296069468
150.014893	5.3215766039761441
150.014893	5.3215766039761441
150.038851	2.1408906715911811
150.038851	2.1408906715911811
150.050798	5.496348348425407
150.062755	8.4055801848711162
150.062755	8.4055801848711162
150.062755	8.4055801848711162
150.098867	5.5227409645418053
150.098867	5.5227409645418053
150.098867	5.5227409645418053
150.098867	5.5227409645418053
150.134831	5.9334219410335756
150.134831	5.9334219410335756
150.158857	5.3056496401819473
150.158857	5.3056496401819473
150.158857	5.3056496401819473
150.158857	5.3056496401819473
150.158857	5.3056496401819473
150.206755	5.4512738907771094
150.21885	5.3436362525270189
150.21885	5.3436362525270189
150.21885	5.3436362525270189
150.21885	5.3436362525270189
150.254822	6.959769490158819
150.254822	6.959769490158819
150.278929	5.240443713071647
150.278929	5.240443713071647
150.278929	5.240443713071647
150.278929	5.240443713071647
150.278929	5.240443713071647
150.278929	5.240443713071647
150.338896	6.5752249567364185
150.338896	6.5752249567364185
150.338896	6.5752249567364185
150.338896	6.5752249567364185
150.338896	6.5752249567364185
150.338896	6.5752249567364185
150.398877	6.1689229357529936
150.398877	6.1689229357529936
150.398877	6.1689229357529936
150.422777	6.1440200102112623
150.422777	6.1440200102112623
150.422777	6.1440200102112623
150.458884	6.9489890375010734
150.458884	6.9489890375010734
150.458884	6.9489890375010734
150.482778	5.3677077614836639
150.482778	5.3677077614836639
150.482778	5.3677077614836639
150.518873	5.2292862580969466
150.518873	5.2292862580969466
150.518873	5.2292862580969466
150.518873	5.2292862580969466
150.554847	8.2641328461569312
150.554847	8.2641328461569312
150.5789	5.8791119554589244
150.5789	5.8791119554589244
150.5789	5.8791119554589244
150.602778	5.4986208164996118
150.602778	5.4986208164996118
150.602778	5.4986208164996118
150.638871	3.6998712579271524
150.638871	3.6998712579271524
150.650777	5.5647911850233758
150.650777	5.5647911850233758
150.650777	5.5647911850233758
150.686842	5.0165046538447093
150.698871	6.3250806217423072
150.698871	6.3250806217423072
150.71083	6.0943791006078474
150.722777	5.5435686558978814
150.722777	5.5435686558978814
150.722777	5.5435686558978814
150.722777	5.5435686558978814
150.722777	5.5435686558978814
150.722777	5.5435686558978814
150.722777	5.5435686558978814
150.722777	5.5435686558978814
150.758874	7.5417793425733919
150.818875	6.5504305749164509
150.818875	6.5504305749164509
150.818875	6.5504305749164509
150.818875	6.5504305749164509
150.854848	5.9155915344204031
150.854848	5.9155915344204031
150.878874	6.3621819748143995
150.878874	6.3621819748143995
150.890778	6.0970869631918445
150.890778	6.0970869631918445
150.890778	6.0970869631918445
150.926778	4.578388705907309
150.938964	3.1136284594097892
150.938964	3.1136284594097892
150.938964	3.1136284594097892
150.938964	3.1136284594097892
150.938964	3.1136284594097892
150.986777	6.2067156556679324
150.998874	6.3193883233679804
150.998874	6.3193883233679804
150.998874	6.3193883233679804
150.998874	6.3193883233679804
150.998874	6.3193883233679804
150.998874	6.3193883233679804
151.058885	6.0032904806507084
151.058885	6.0032904806507084
151.058885	6.0032904806507084
151.058885	6.0032904806507084
151.058885	6.0032904806507084
151.058885	6.0032904806507084
151.118876	5.5248556481832125
151.118876	5.5248556481832125
151.118876	5.5248556481832125
151.118876	5.5248556481832125
151.154847	7.491400557261171
151.166778	7.1236647341253629
151.178873	5.3239432481238449
151.178873	5.3239432481238449
151.178873	5.3239432481238449
151.178873	5.3239432481238449
151.178873	5.3239432481238449
151.178873	5.3239432481238449
151.23896	7.3264785236957923
151.23896	7.3264785236957923
151.250888	6.5954070978683186
151.250888	6.5954070978683186
151.27485	6.2892943049080827
151.28684	6.2042175241132789
151.298891	5.8222140802139375
151.298891	5.8222140802139375
151.310801	5.6580571764429983
151.310801	5.6580571764429983
151.310801	5.6580571764429983
151.346796	6.7683203270824608
151.358895	7.1628469388815379
151.358895	7.1628469388815379
151.358895	7.1628469388815379
151.358895	7.1628469388815379
151.394867	5.413403614805075
151.406797	5.763509691258907
151.418913	6.4003611818581501
151.418913	6.4003611818581501
151.418913	6.4003611818581501
151.418913	6.4003611818581501
151.418913	6.4003611818581501
151.466884	7.6884194798737857
151.478894	6.1441478583741089
151.478894	6.1441478583741089
151.478894	6.1441478583741089
151.478894	6.1441478583741089
151.478894	6.1441478583741089
151.478894	6.1441478583741089
151.53889	5.1577524167344677
151.53889	5.1577524167344677
151.53889	5.1577524167344677
151.562797	5.7781865218892987
151.574863	5.0057145655894146
151.586797	3.7811659856440514
151.59899	2.1744328009953549
151.59899	2.1744328009953549
151.610815	7.1674818249729446
151.610815	7.1674818249729446
151.610815	7.1674818249729446
151.646797	6.5377573870541452
151.6589	7.4856346947033625
151.6589	7.4856346947033625
151.6589	7.4856346947033625
151.6589	7.4856346947033625
151.6589	7.4856346947033625
151.6589	7.4856346947033625
151.718892	5.6227317150135656
151.718892	5.6227317150135656
151.718892	5.6227317150135656
151.718892	5.6227317150135656
151.754865	9.9829374193924991
151.754865	9.9829374193924991
151.778892	5.4058965601627982
151.778892	5.4058965601627982
151.778892	5.4058965601627982
151.802797	6.034015617397726
151.814869	5.2575560457988182
151.814869	5.2575560457988182
151.838894	6.3753595469043862
151.838894	6.3753595469043862
151.838894	6.3753595469043862
151.838894	6.3753595469043862
151.838894	6.3753595469043862
151.838894	6.3753595469043862
151.898932	6.442477938994366
151.898932	6.442477938994366
151.898932	6.442477938994366
151.898932	6.442477938994366
151.898932	6.442477938994366
151.898932	6.442477938994366
151.958892	7.9270572913577286
151.958892	7.9270572913577286
151.958892	7.9270572913577286
151.958892	7.9270572913577286
151.958892	7.9270572913577286
151.958892	7.9270572913577286
151.958892	7.9270572913577286
151.958892	7.9270572913577286
152.018899	4.9098058733220897
152.042796	5.3756155238824777
152.054875	6.9531196369816639
152.066797	6.4436400485896552
152.078896	4.3453189478945653
152.078896	4.3453189478945653
152.078896	4.3453189478945653
152.078896	4.3453189478945653
152.078896	4.3453189478945653
152.078896	4.3453189478945653
152.13891	6.2678115078942964
152.13891	6.2678115078942964
152.13891	6.2678115078942964
152.13891	6.2678115078942964
152.174878	4.6126013259765379
152.174878	4.6126013259765379
152.174878	4.6126013259765379
152.174878	4.6126013259765379
152.174878	4.6126013259765379
152.174878	4.6126013259765379
152.174878	4.6126013259765379
152.198892	5.686688139176038
152.258963	3.9904849474561761
152.258963	3.9904849474561761
152.258963	3.9904849474561761
152.258985	3.9893756139561112
152.258985	3.9893756139561112
152.258985	3.9893756139561112
152.318936	6.0975547187965535
152.318936	6.0975547187965535
152.318936	6.0975547187965535
152.318936	6.0975547187965535
152.318936	6.0975547187965535
152.366819	6.8381126666014724
152.378914	4.3540324953493741
152.378914	4.3540324953493741
152.378914	4.3540324953493741
152.378914	4.3540324953493741
152.378914	4.3540324953493741
152.378914	4.3540324953493741
152.378914	4.3540324953493741
152.438912	5.8287810910021181
152.450819	6.8424659890277209
152.462819	7.4328028125863819
152.462819	7.4328028125863819
152.462819	7.4328028125863819
152.498914	6.1540819466777945
152.498914	6.1540819466777945
152.510818	4.7993926109296279
152.522901	4.1571063936532182
152.534893	6.2753061184557826
152.534893	6.2753061184557826
152.558996	6.0985885116401661
152.558996	6.0985885116401661
152.558996	6.0985885116401661
152.558996	6.0985885116401661
152.558996	6.0985885116401661
152.558996	6.0985885116401661
152.618944	6.82560064151098
152.618944	6.82560064151098
152.618944	6.82560064151098
152.642819	2.8013506642408754
152.642819	2.8013506642408754
152.642819	2.8013506642408754
152.642819	2.8013506642408754
152.642819	2.8013506642408754
152.642819	2.8013506642408754
152.678914	6.2925928925568178
152.714884	5.8876379282922686
152.726819	5.5693901561329717
152.738912	4.3563449540342916
152.738912	4.3563449540342916
152.738912	4.3563449540342916
152.762819	4.9577328338544486
152.774889	5.7809412333536363
152.786896	6.1894143119623068
152.798923	6.2938627934621589
152.798923	6.2938627934621589
152.798923	6.2938627934621589
152.822843	4.8384267997132584
152.822843	4.8384267997132584
152.846818	5.8120647141242214
152.858928	5.1908041546256412
152.858928	5.1908041546256412
152.858928	5.1908041546256412
152.858928	5.1908041546256412
152.858928	5.1908041546256412
152.858928	5.1908041546256412
152.919002	6.5683817532450739
152.919002	6.5683817532450739
152.919002	6.5683817532450739
152.919002	6.5683817532450739
152.919002	6.5683817532450739
152.966819	5.0231031058455882
152.97892	3.5422880045461924
152.97892	3.5422880045461924
152.97892	3.5422880045461924
152.97892	3.5422880045461924
152.97892	3.5422880045461924
153.026819	5.0782186780732852
153.038916	4.7458300139231433
153.038916	4.7458300139231433
153.038916	4.7458300139231433
153.038916	4.7458300139231433
153.07489	5.1190343776611869
153.07489	5.1190343776611869
153.098913	5.6612867050627065
153.098913	5.6612867050627065
153.098913	5.6612867050627065
153.098913	5.6612867050627065
153.13489	5.7740514432510865
153.13489	5.7740514432510865
153.158915	5.9238301027815892
153.158915	5.9238301027815892
153.158915	5.9238301027815892
153.158915	5.9238301027815892
153.158915	5.9238301027815892
153.158915	5.9238301027815892
153.219014	5.2802437145027614
153.219014	5.2802437145027614
153.219014	5.2802437145027614
153.219014	5.2802437145027614
153.219014	5.2802437145027614
153.219014	5.2802437145027614
153.278916	5.1489740617725932
153.278916	5.1489740617725932
153.278936	5.1456116067763062
153.278936	5.1456116067763062
153.278936	5.1456116067763062
153.326838	4.2071837068213398
153.338933	5.4602662250694536
153.338933	5.4602662250694536
153.338933	5.4602662250694536
153.338933	5.4602662250694536
153.338933	5.4602662250694536
153.386839	6.2230421979748902
153.398936	5.8982153685255145
153.398936	5.8982153685255145
153.398936	5.8982153685255145
153.398936	5.8982153685255145
153.398936	5.8982153685255145
153.446909	7.6932961159472724
153.45894	7.9570571428973009
153.45894	7.9570571428973009
153.471143	6.5938482829836893
153.471143	6.5938482829836893
153.49492	5.8009467979024629
153.506839	5.9719222353047536
153.518935	6.088172657704555
153.518935	6.088172657704555
153.518935	6.088172657704555
153.518935	6.088172657704555
153.518935	6.088172657704555
153.518935	6.088172657704555
153.518935	6.088172657704555
153.579003	4.6238390294201981
153.591039	4.9826921820297514
153.591039	4.9826921820297514
153.591039	4.9826921820297514
153.626838	5.3430080834894209
153.638954	5.6226720186897445
153.638954	5.6226720186897445
153.638954	5.6226720186897445
153.638954	5.6226720186897445
153.638954	5.6226720186897445
153.638954	5.6226720186897445
153.698932	3.9896499599098543
153.698932	3.9896499599098543
153.698932	3.9896499599098543
153.722839	4.4577431402486294
153.722839	4.4577431402486294
153.722839	4.4577431402486294
153.758944	3.4650141331905231
153.758944	3.4650141331905231
153.758944	3.4650141331905231
153.758944	3.4650141331905231
153.794911	5.3458089390328887
153.806839	8.6989622444597092
153.818934	15.61685170571555
153.818934	15.61685170571555
153.818934	15.61685170571555
153.842915	5.2090362836230932
153.842915	5.2090362836230932
153.866838	6.7030304369999163
153.879041	5.4591389872506015
153.879041	5.4591389872506015
153.879041	5.4591389872506015
153.879041	5.4591389872506015
153.879041	5.4591389872506015
153.879041	5.4591389872506015
153.938933	3.7911589291280507
153.938933	3.7911589291280507
153.950839	6.555484174245505
153.950839	6.555484174245505
153.950839	6.555484174245505
153.950839	6.555484174245505
153.998961	5.4646996297163284
153.998961	5.4646996297163284
153.998961	5.4646996297163284
153.998961	5.4646996297163284
154.034904	3.2005008823906826
154.046839	3.1219834130167179
154.058933	4.413918311315042
154.058933	4.413918311315042
154.058933	4.413918311315042
154.058933	4.413918311315042
154.058933	4.413918311315042
154.106909	6.7933122021782699
154.118935	6.725682187278351
154.118935	6.725682187278351
154.118935	6.725682187278351
154.118935	6.725682187278351
154.15491	7.6600596084669581
154.166839	6.8394626257522972
154.178954	4.4344564295046549
154.178954	4.4344564295046549
154.178954	4.4344564295046549
154.178954	4.4344564295046549
154.214916	4.8708692772621536
154.226849	5.2475349824745114
154.23901	6.3807522950258235
154.23901	6.3807522950258235
154.23901	6.3807522950258235
154.23901	6.3807522950258235
154.23901	6.3807522950258235
154.286838	4.7960353058491938
154.298966	5.1524408418495504
154.298966	5.1524408418495504
154.298966	5.1524408418495504
154.322859	5.1130151622716058
154.322859	5.1130151622716058
154.346859	8.1172260670163272
154.346859	8.1172260670163272
154.346859	8.1172260670163272
154.346859	8.1172260670163272
154.358958	8.5482021262163315
154.394923	5.0322842249439219
154.394923	5.0322842249439219
154.418978	6.3824732797332189
154.418978	6.3824732797332189
154.418978	6.3824732797332189
154.418978	6.3824732797332189
154.418978	6.3824732797332189
154.466859	7.4695695988138144
154.478954	5.0014306375675304
154.478954	5.0014306375675304
154.478954	5.0014306375675304
154.50293	4.652999273846488
154.514925	5.0044743648466916
154.514925	5.0044743648466916
154.539014	6.0970616286398407
154.539014	6.0970616286398407
154.550859	5.3814030064698724
154.562858	5.0765637510769208
154.562858	5.0765637510769208
154.562858	5.0765637510769208
154.599017	6.7381041653028149
154.599017	6.7381041653028149
154.599017	6.7381041653028149
154.599017	6.7381041653028149
154.599017	6.7381041653028149
154.599017	6.7381041653028149
154.658958	7.6257637480598799
154.658958	7.6257637480598799
154.670885	5.1655793917539956
154.68286	3.5508502510063917
154.68286	3.5508502510063917
154.68286	3.5508502510063917
154.718953	5.7826672367235936
154.718953	5.7826672367235936
154.718953	5.7826672367235936
154.742859	4.4764414405187649
154.754927	4.2082373813189182
154.754927	4.2082373813189182
154.778958	5.0739542436221416
154.778958	5.0739542436221416
154.790859	5.0151962106056178
154.790859	5.0151962106056178
154.790859	5.0151962106056178
154.790859	5.0151962106056178
154.838952	4.0995433648065909
154.838952	4.0995433648065909
154.838952	4.0995433648065909
154.862859	7.7306152158276902
154.862859	7.7306152158276902
154.862859	7.7306152158276902
154.899025	5.5344957859051105
154.899025	5.5344957859051105
154.899025	5.5344957859051105
154.899025	5.5344957859051105
154.899025	5.5344957859051105
154.946859	6.0595490738813265
154.958961	7.6498656326803447
154.958961	7.6498656326803447
154.958961	7.6498656326803447
154.958961	7.6498656326803447
154.958961	7.6498656326803447
155.006865	5.9199904866145081
155.018955	5.6675524956146246
155.018955	5.6675524956146246
155.018955	5.6675524956146246
155.018955	5.6675524956146246
155.054942	9.651247454240993
155.066882	9.0906815831058481
155.078959	6.2373079704061265
155.078959	6.2373079704061265
155.090862	5.5792712718103576
155.090862	5.5792712718103576
155.090862	5.5792712718103576
155.090862	5.5792712718103576
155.138979	5.407153828233989
155.138979	5.407153828233989
155.138979	5.407153828233989
155.138979	5.407153828233989
155.138979	5.407153828233989
155.186859	6.8483508742432067
155.198992	4.4724407282933019
155.198992	4.4724407282933019
155.210858	4.4846765478920503
155.210858	4.4846765478920503
155.210858	4.4846765478920503
155.246859	5.4552262096551321
155.258955	5.3363757520553357
155.258955	5.3363757520553357
155.270859	5.5448478952367433
155.270859	5.5448478952367433
155.270878	5.5452306245869218
155.270878	5.5452306245869218
155.319005	6.1396209112324236
155.319005	6.1396209112324236
155.319005	6.1396209112324236
155.319005	6.1396209112324236
155.354954	6.0979660176519559
155.354954	6.0979660176519559
155.37899	7.3188772504070032
155.37899	7.3188772504070032
155.37899	7.3188772504070032
155.37899	7.3188772504070032
155.37899	7.3188772504070032
155.37899	7.3188772504070032
155.438975	4.9592623764812451
155.438975	4.9592623764812451
155.438975	4.9592623764812451
155.462881	5.6524802664986442
155.474952	6.0779914661981342
155.486878	5.9083500483902949
155.498994	5.2960552665895868
155.498994	5.2960552665895868
155.498994	5.2960552665895868
155.498994	5.2960552665895868
155.534949	5.9632054698784964
155.534949	5.9632054698784964
155.559066	7.7085047442376382
155.559066	7.7085047442376382
155.570878	6.0761709900163563
155.570878	6.0761709900163563
155.570878	6.0761709900163563
155.570878	6.0761709900163563
155.61898	4.9055395010415177
155.61898	4.9055395010415177
155.61898	4.9055395010415177
155.61898	4.9055395010415177
155.61898	4.9055395010415177
155.61898	4.9055395010415177
155.678972	4.7740023280300132
155.678972	4.7740023280300132
155.678972	4.7740023280300132
155.678972	4.7740023280300132
155.678972	4.7740023280300132
155.678972	4.7740023280300132
155.738971	6.0095033783836698
155.738971	6.0095033783836698
155.738971	6.0095033783836698
155.738971	6.0095033783836698
155.774943	6.3911672476599115
155.774943	6.3911672476599115
155.798972	5.0678479308876527
155.798972	5.0678479308876527
155.810878	4.5036890860975962
155.810878	4.5036890860975962
155.810878	4.5036890860975962
155.810878	4.5036890860975962
155.858979	4.4074910711290887
155.858979	4.4074910711290887
155.870878	5.0949748029381681
155.88288	5.769439128075069
155.894943	5.6169097308749967
155.894943	5.6169097308749967
155.918972	4.6410237500864335
155.918972	4.6410237500864335
155.918972	4.6410237500864335
155.942878	5.9746756955686759
155.942878	5.9746756955686759
155.966877	3.4641991818163538
155.966877	3.4641991818163538
155.966877	3.4641991818163538
155.966877	3.4641991818163538
155.966877	3.4641991818163538
155.966877	3.4641991818163538
155.978974	5.9642819378615464
156.038982	6.3451299044150673
156.038982	6.3451299044150673
156.038982	6.3451299044150673
156.038982	6.3451299044150673
156.074954	6.2473160901169376
156.074954	6.2473160901169376
156.098975	5.6645184287183561
156.098975	5.6645184287183561
156.098975	5.6645184287183561
156.098975	5.6645184287183561
156.134965	4.6412896391730269
156.134965	4.6412896391730269
156.15898	4.8291083068279086
156.15898	4.8291083068279086
156.15898	4.8291083068279086
156.15898	4.8291083068279086
156.15898	4.8291083068279086
156.15898	4.8291083068279086
156.219065	6.3212159209698031
156.219065	6.3212159209698031
156.219065	6.3212159209698031
156.219065	6.3212159209698031
156.219065	6.3212159209698031
156.266878	9.7942523437454962
156.278974	5.5690856749428121
156.278974	5.5690856749428121
156.278974	5.5690856749428121
156.278994	5.5620996189405982
156.278994	5.5620996189405982
156.326897	4.9358320659387012
156.339011	4.3682481612391388
156.339011	4.3682481612391388
156.35099	6.8640970165703088
156.362898	8.5423388243658511
156.362898	8.5423388243658511
156.362898	8.5423388243658511
156.362898	8.5423388243658511
156.362898	8.5423388243658511
156.362898	8.5423388243658511
156.362898	8.5423388243658511
156.362898	8.5423388243658511
156.398992	3.1572487849772699
156.458993	4.2764422825684871
156.458993	4.2764422825684871
156.458993	4.2764422825684871
156.458993	4.2764422825684871
156.458993	4.2764422825684871
156.458993	4.2764422825684871
156.518994	5.6499268039402084
156.518994	5.6499268039402084
156.518994	5.6499268039402084
156.518994	5.6499268039402084
156.518994	5.6499268039402084
156.566898	5.7434562181462887
156.578994	4.3055599429487525
156.578994	4.3055599429487525
156.578994	4.3055599429487525
156.578994	4.3055599429487525
156.578994	4.3055599429487525
156.578994	4.3055599429487525
156.638991	5.6997868695108131
156.638991	5.6997868695108131
156.650984	5.3618483134123602
156.650984	5.3618483134123602
156.650984	5.3618483134123602
156.650984	5.3618483134123602
156.698992	5.3525845468250388
156.698992	5.3525845468250388
156.698992	5.3525845468250388
156.698992	5.3525845468250388
156.734988	5.4165083242841208
156.746969	5.7808646089564881
156.759019	6.5250262164553607
156.759019	6.5250262164553607
156.770898	5.5977668742804001
156.770898	5.5977668742804001
156.770898	5.5977668742804001
156.806897	4.228165025533408
156.818996	4.6365032507834121
156.818996	4.6365032507834121
156.818996	4.6365032507834121
156.818996	4.6365032507834121
156.854967	7.1022056494135111
156.854967	7.1022056494135111
156.879062	4.16237893008784
156.879062	4.16237893008784
156.879062	4.16237893008784
156.879062	4.16237893008784
156.879062	4.16237893008784
156.926898	5.6239205543168973
156.938992	5.0321974163162748
156.938992	5.0321974163162748
156.938992	5.0321974163162748
156.938992	5.0321974163162748
156.938992	5.0321974163162748
156.986898	4.898020088273368
156.999031	5.1341986396733583
156.999031	5.1341986396733583
156.999031	5.1341986396733583
156.999031	5.1341986396733583
156.999031	5.1341986396733583
157.046901	6.0423343171847534
157.058996	7.6421768569361044
157.058996	7.6421768569361044
157.058996	7.6421768569361044
157.082898	8.137726955323684
157.082898	8.137726955323684
157.082898	8.137726955323684
157.118992	4.1184712493430915
157.118992	4.1184712493430915
157.118992	4.1184712493430915
157.142969	8.7764429703811988
157.154969	10.814324970380232
157.154969	10.814324970380232
157.179083	2.4223561310021573
157.179083	2.4223561310021573
157.179083	2.4223561310021573
157.202898	4.8698312361148473
157.202898	4.8698312361148473
157.202898	4.8698312361148473
157.238993	9.1364860206860001
157.238993	9.1364860206860001
157.238993	9.1364860206860001
157.238993	9.1364860206860001
157.238993	9.1364860206860001
157.238993	9.1364860206860001
157.298992	5.7960962057985714
157.298992	5.7960962057985714
157.311198	5.2959672550524859
157.311198	5.2959672550524859
157.311198	5.2959672550524859
157.346916	6.0473212506093432
157.359016	6.3920054806092743
157.359016	6.3920054806092743
157.359016	6.3920054806092743
157.359016	6.3920054806092743
157.359016	6.3920054806092743
157.406987	8.0296406633884594
157.406987	8.0296406633884594
157.406987	8.0296406633884594
157.406987	8.0296406633884594
157.406987	8.0296406633884594
157.41902	6.4411342508889549
157.466916	7.5560987299539155
157.47901	5.130203784857061
157.47901	5.130203784857061
157.47901	5.130203784857061
157.502917	4.540400064625171
157.502917	4.540400064625171
157.502917	4.540400064625171
157.539091	5.2848034397162209
157.539091	5.2848034397162209
157.550916	6.6027808833705359
157.550916	6.6027808833705359
157.550916	6.6027808833705359
157.587036	5.3484497799467521
157.59903	6.8540901831443719
157.59903	6.8540901831443719
157.59903	6.8540901831443719
157.622917	5.5454976131563125
157.634987	5.1806981576566731
157.634987	5.1806981576566731
157.634987	5.1806981576566731
157.634987	5.1806981576566731
157.634987	5.1806981576566731
157.659015	6.2228279543209464
157.69498	6.0927514823060331
157.70692	5.3419993745238283
157.719047	4.4178122251748766
157.719047	4.4178122251748766
157.719047	4.4178122251748766
157.719047	4.4178122251748766
157.719047	4.4178122251748766
157.719047	4.4178122251748766
157.779031	5.9709431597559304
157.779031	5.9709431597559304
157.779031	5.9709431597559304
157.779031	5.9709431597559304
157.779031	5.9709431597559304
157.779031	5.9709431597559304
157.839014	6.1346504924850978
157.839014	6.1346504924850978
157.839014	6.1346504924850978
157.839014	6.1346504924850978
157.839014	6.1346504924850978
157.886917	4.6588490762653541
157.899012	4.6321342450153935
157.899012	4.6321342450153935
157.899012	4.6321342450153935
157.899012	4.6321342450153935
157.899012	4.6321342450153935
157.899012	4.6321342450153935
157.899012	4.6321342450153935
157.959014	4.9203483624880882
157.971134	5.5449537593349696
157.982917	6.0463145768061741
157.994982	6.2074510973061834
158.006916	6.0181668440606755
158.019013	5.5698586774104841
158.019013	5.5698586774104841
158.019013	5.5698586774104841
158.019013	5.5698586774104841
158.019013	5.5698586774104841
158.019013	5.5698586774104841
158.079036	2.5452230536496545
158.079036	2.5452230536496545
158.079036	2.5452230536496545
158.079036	2.5452230536496545
158.114984	5.7507451874857516
158.114984	5.7507451874857516
158.139011	5.3034576276912579
158.139011	5.3034576276912579
158.139011	5.3034576276912579
158.139011	5.3034576276912579
158.139011	5.3034576276912579
158.139011	5.3034576276912579
158.199097	5.7566889028772872
158.199097	5.7566889028772872
158.210923	5.4144405430125744
158.210923	5.4144405430125744
158.210923	5.4144405430125744
158.210923	5.4144405430125744
158.259012	4.7824108686828
158.259012	4.7824108686828
158.270917	5.8657077341910648
158.270917	5.8657077341910648
158.270917	5.8657077341910648
158.270917	5.8657077341910648
158.319039	6.4614505742489872
158.319059	6.462706920249385
158.319059	6.462706920249385
158.319059	6.462706920249385
158.319059	6.462706920249385
158.319059	6.462706920249385
158.379034	5.6230653506770789
158.379034	5.6230653506770789
158.379034	5.6230653506770789
158.379034	5.6230653506770789
158.379034	5.6230653506770789
158.426946	5.2422538524816398
158.439064	6.7768519246827763
158.439064	6.7768519246827763
158.439064	6.7768519246827763
158.439064	6.7768519246827763
158.439064	6.7768519246827763
158.439064	6.7768519246827763
158.499035	5.3315075089464461
158.499035	5.3315075089464461
158.510936	5.8296037072282907
158.510936	5.8296037072282907
158.535009	5.8852796863473298
158.546937	6.5703232969886303
158.559052	8.0025955477372275
158.559052	8.0025955477372275
158.559052	8.0025955477372275
158.559052	8.0025955477372275
158.559052	8.0025955477372275
158.559052	8.0025955477372275
158.619031	7.6436286018772552
158.619031	7.6436286018772552
158.619031	7.6436286018772552
158.642937	6.9296751013152011
158.642937	6.9296751013152011
158.642937	6.9296751013152011
158.679032	4.2553025971517346
158.679032	4.2553025971517346
158.679032	4.2553025971517346
158.679032	4.2553025971517346
158.679032	4.2553025971517346
158.679032	4.2553025971517346
158.73906	6.9944552272761218
158.73906	6.9944552272761218
158.73906	6.9944552272761218
158.73906	6.9944552272761218
158.73906	6.9944552272761218
158.73906	6.9944552272761218
158.799033	4.8518681069795271
158.799033	4.8518681069795271
158.799033	4.8518681069795271
158.799033	4.8518681069795271
158.799033	4.8518681069795271
158.799033	4.8518681069795271
158.799033	4.8518681069795271
158.859109	5.436004838608266
158.871045	5.1661913568912228
158.871045	5.1661913568912228
158.871045	5.1661913568912228
158.906936	7.8471448486238558
158.919031	9.4250416156214811
158.919031	9.4250416156214811
158.919031	9.4250416156214811
158.942936	6.0433914292497981
158.942936	6.0433914292497981
158.966937	7.5088520541473525
158.979032	5.5008607156503757
158.979032	5.5008607156503757
158.979032	5.5008607156503757
159.002936	4.7777768556614637
159.002936	4.7777768556614637
159.002936	4.7777768556614637
159.039037	4.3577405476705646
159.039037	4.3577405476705646
159.039037	4.3577405476705646
159.039037	4.3577405476705646
159.039037	4.3577405476705646
159.039037	4.3577405476705646
159.099033	4.9788630304495145
159.099033	4.9788630304495145
159.099033	4.9788630304495145
159.099033	4.9788630304495145
159.099033	4.9788630304495145
159.146937	4.7001180050057902
159.159036	4.5316720973061839
159.159036	4.5316720973061839
159.159036	4.5316720973061839
159.159036	4.5316720973061839
159.159036	4.5316720973061839
159.206947	6.689084930578816
159.219049	5.611543423979481
159.219049	5.611543423979481
159.219049	5.611543423979481
159.219049	5.611543423979481
159.255074	4.4593444716677766
159.266936	4.4846570008822502
159.279058	5.6173439540821448
159.279058	5.6173439540821448
159.279058	5.6173439540821448
159.279058	5.6173439540821448
159.315001	5.9163130996114175
159.326955	5.1404516879537034
159.339068	4.8200392176038847
159.339068	4.8200392176038847
159.339068	4.8200392176038847
159.339068	4.8200392176038847
159.37502	5.5802148777417724
159.37502	5.5802148777417724
159.399052	5.7462341491386262
159.399052	5.7462341491386262
159.399052	5.7462341491386262
159.399052	5.7462341491386262
159.435022	5.91746838746176
159.435022	5.91746838746176
159.459058	7.5634813206652982
159.459058	7.5634813206652982
159.459058	7.5634813206652982
159.459058	7.5634813206652982
159.495021	4.0176229008861206
159.495021	4.0176229008861206
159.519125	6.5235861426800694
159.519125	6.5235861426800694
159.519125	6.5235861426800694
159.519125	6.5235861426800694
159.519125	6.5235861426800694
159.519125	6.5235861426800694
159.57907	6.8446176348964514
159.57907	6.8446176348964514
159.57907	6.8446176348964514
159.57907	6.8446176348964514
159.57907	6.8446176348964514
159.57907	6.8446176348964514
159.63905	6.2603033873326908
159.63905	6.2603033873326908
159.63905	6.2603033873326908
159.63905	6.2603033873326908
159.63905	6.2603033873326908
159.63905	6.2603033873326908
159.699055	4.1165679356146629
159.699055	4.1165679356146629
159.699055	4.1165679356146629
159.699055	4.1165679356146629
159.735028	5.2842400593010925
159.746956	5.8118154869284382
159.759067	6.8410337000258723
159.759067	6.8410337000258723
159.759067	6.8410337000258723
159.759067	6.8410337000258723
159.759067	6.8410337000258723
159.759067	6.8410337000258723
159.759067	6.8410337000258723
159.759067	6.8410337000258723
159.759067	6.8410337000258723
159.759067	6.8410337000258723
159.759067	6.8410337000258723
159.819135	6.7831500711551511
159.87905	4.8479960079489626
159.87905	4.8479960079489626
159.87905	4.8479960079489626
159.87905	4.8479960079489626
159.87905	4.8479960079489626
159.926966	7.4209407523584012
159.939048	6.8805370563577473
159.939048	6.8805370563577473
159.939048	6.8805370563577473
159.939048	6.8805370563577473
159.975022	5.4319611201458109
159.986976	5.0857612170381721
159.999051	5.9297445495384427
159.999051	5.9297445495384427
159.999051	5.9297445495384427
159.999051	5.9297445495384427
159.999051	5.9297445495384427
159.999051	5.9297445495384427
160.059056	4.6636840278644822
160.059056	4.6636840278644822
160.071008	4.6819356511982324
160.071008	4.6819356511982324
160.071008	4.6819356511982324
160.071008	4.6819356511982324
160.119073	7.1189322815387603
160.119073	7.1189322815387603
160.130956	6.6159147794495237
160.130956	6.6159147794495237
160.130956	6.6159147794495237
160.166955	6.0979770367079347
160.179121	6.160946427807942
160.179121	6.160946427807942
160.179121	6.160946427807942
160.179121	6.160946427807942
160.215105	5.5186525939554274
160.226981	5.5983707617880407
160.239051	5.6899681812879503
160.239051	5.6899681812879503
160.239051	5.6899681812879503
160.239051	5.6899681812879503
160.239051	5.6899681812879503
160.286956	5.1079180795716868
160.299087	4.5571488437727687
160.299087	4.5571488437727687
160.299087	4.5571488437727687
160.299107	4.5562408077724816
160.299107	4.5562408077724816
160.346979	5.0940399056984225
160.359071	5.6850472884979038
160.359071	5.6850472884979038
160.371078	5.9298353977520231
160.371078	5.9298353977520231
160.395042	6.1679585183574384
160.395042	6.1679585183574384
160.419078	6.859597752712153
160.419078	6.859597752712153
160.419078	6.859597752712153
160.443047	5.594134800552478
160.455045	4.1385092452525551
160.455045	4.1385092452525551
160.479174	4.046141965880075
160.479174	4.046141965880075
160.479174	4.046141965880075
160.479174	4.046141965880075
160.479174	4.046141965880075
160.479174	4.046141965880075
160.539076	4.6209180349158245
160.539076	4.6209180349158245
160.539076	4.6209180349158245
160.562975	6.6475455386797
160.575108	6.749856454529696
160.575108	6.749856454529696
160.59907	4.2176572691252012
160.59907	4.2176572691252012
160.59907	4.2176572691252012
160.622996	8.0588500875796836
160.635041	15.578866393576163
160.635041	15.578866393576163
160.659093	6.2877560119288063
160.659093	6.2877560119288063
160.659093	6.2877560119288063
160.659093	6.2877560119288063
160.659093	6.2877560119288063
160.707063	6.0928425803275044
160.719082	6.5542826387765354
160.719082	6.5542826387765354
160.719082	6.5542826387765354
160.719082	6.5542826387765354
160.719082	6.5542826387765354
160.719082	6.5542826387765354
160.779073	4.2610209412105764
160.779073	4.2610209412105764
160.779073	4.2610209412105764
160.802976	5.9881959809716445
160.815065	5.7427233959217059
160.815065	5.7427233959217059
160.839139	9.2904735140329429
160.839139	9.2904735140329429
160.850976	11.272549403396136
160.850976	11.272549403396136
160.875052	6.96058342687141
160.886996	5.0589570521913059
160.899075	5.0713313837412999
160.899075	5.0713313837412999
160.899075	5.0713313837412999
160.899075	5.0713313837412999
160.935047	5.39233444377476
160.935047	5.39233444377476
160.959074	4.8446654456999099
160.959074	4.8446654456999099
160.959074	4.8446654456999099
160.959074	4.8446654456999099
160.959074	4.8446654456999099
160.959074	4.8446654456999099
161.019114	5.5432553603945127
161.019114	5.5432553603945127
161.019114	5.5432553603945127
161.019114	5.5432553603945127
161.019114	5.5432553603945127
161.019114	5.5432553603945127
161.079073	5.185709538566754
161.079073	5.185709538566754
161.079073	5.185709538566754
161.079073	5.185709538566754
161.079073	5.185709538566754
161.079073	5.185709538566754
161.13911	4.8852110164774274
161.13911	4.8852110164774274
161.13911	4.8852110164774274
161.13911	4.8852110164774274
161.175039	6.0140728573218585
161.175039	6.0140728573218585
161.199091	5.204151118760322
161.199091	5.204151118760322
161.199091	5.204151118760322
161.199091	5.204151118760322
161.199091	5.204151118760322
161.199091	5.204151118760322
161.259078	5.6026183229612503
161.259078	5.6026183229612503
161.271063	5.6774379299860556
161.282996	5.7699494124236423
161.295041	6.2908571184233981
161.295041	6.2908571184233981
161.319088	5.3159571277436228
161.319108	5.314710940743228
161.319108	5.314710940743228
161.319108	5.314710940743228
161.355064	6.8662736254403187
161.367067	6.9612789845036671
161.379095	6.2002896763031057
161.379095	6.2002896763031057
161.379095	6.2002896763031057
161.379095	6.2002896763031057
161.379095	6.2002896763031057
161.426996	6.9270794739847297
161.43911	7.2244048842845006
161.43911	7.2244048842845006
161.43911	7.2244048842845006
161.43911	7.2244048842845006
161.43911	7.2244048842845006
161.43911	7.2244048842845006
161.499158	5.6055406076756382
161.499158	5.6055406076756382
161.499158	5.6055406076756382
161.499158	5.6055406076756382
161.499158	5.6055406076756382
161.54702	4.4833462235158974
161.559094	3.7780272136171842
161.559094	3.7780272136171842
161.559094	3.7780272136171842
161.582995	6.008253811793967
161.582995	6.008253811793967
161.606996	6.2181046716273203
161.619089	6.7270022976267665
161.619089	6.7270022976267665
161.619089	6.7270022976267665
161.619089	6.7270022976267665
161.619089	6.7270022976267665
161.619089	6.7270022976267665
161.679127	5.3460466049034858
161.679127	5.3460466049034858
161.679127	5.3460466049034858
161.679127	5.3460466049034858
161.679127	5.3460466049034858
161.679127	5.3460466049034858
161.739097	5.7788627887646582
161.739097	5.7788627887646582
161.739097	5.7788627887646582
161.739097	5.7788627887646582
161.775062	4.6929796907227566
161.775062	4.6929796907227566
161.799094	5.0411077538235674
161.799094	5.0411077538235674
161.799094	5.0411077538235674
161.799094	5.0411077538235674
161.83506	5.3577468896123008
161.846996	9.5828423684399446
161.859098	16.522814141635664
161.859098	16.522814141635664
161.859098	16.522814141635664
161.859098	16.522814141635664
161.859098	16.522814141635664
161.859098	16.522814141635664
161.859098	16.522814141635664
161.859098	16.522814141635664
161.91909	6.1537584317535101
161.943016	7.4323684932883127
161.943016	7.4323684932883127
161.943016	7.4323684932883127
161.979091	6.3630210158034011
161.979091	6.3630210158034011
161.979091	6.3630210158034011
162.002996	6.1230258131751585
162.015068	5.6238099827746852
162.015068	5.6238099827746852
162.039094	6.5211979194762204
162.039094	6.5211979194762204
162.039094	6.5211979194762204
162.039094	6.5211979194762204
162.039094	6.5211979194762204
162.086996	7.938098289207848
162.099094	7.1310449435076722
162.099094	7.1310449435076722
162.099094	7.1310449435076722
162.122996	8.0392815588214237
162.122996	8.0392815588214237
162.122996	8.0392815588214237
162.122996	8.0392815588214237
162.159187	7.8068292937212966
162.171027	7.5258298380309903
162.182995	6.982322160668593
162.195064	6.1008989526692794
162.207301	6.0608823634974271
162.219093	6.5784792322965293
162.219093	6.5784792322965293
162.219093	6.5784792322965293
162.219093	6.5784792322965293
162.255064	7.136981301550227
162.266996	6.6879228900725458
162.266996	6.6879228900725458
162.266996	6.6879228900725458
162.266996	6.6879228900725458
162.266996	6.6879228900725458
162.266996	6.6879228900725458
162.279092	4.7512365636758673
162.339161	6.0423491518799137
162.339161	6.0423491518799137
162.339161	6.0423491518799137
162.363016	6.5352486120885285
162.363016	6.5352486120885285
162.363016	6.5352486120885285
162.399111	4.6396581448903778
162.399111	4.6396581448903778
162.399111	4.6396581448903778
162.399111	4.6396581448903778
162.399111	4.6396581448903778
162.399111	4.6396581448903778
162.459194	5.6661269128128584
162.459194	5.6661269128128584
162.459194	5.6661269128128584
162.459194	5.6661269128128584
162.459194	5.6661269128128584
162.459194	5.6661269128128584
162.51911	10.771835781633738
162.51911	10.771835781633738
162.51911	10.771835781633738
162.51911	10.771835781633738
162.51911	10.771835781633738
162.51911	10.771835781633738
162.579132	4.6400948937476052
162.579132	4.6400948937476052
162.579132	4.6400948937476052
162.603017	4.8079296307034403
162.615095	3.2584852837039158
162.615095	3.2584852837039158
162.639111	5.2300808330235284
162.639111	5.2300808330235284
162.639111	5.2300808330235284
162.639111	5.2300808330235284
162.639111	5.2300808330235284
162.687087	5.1766028783395512
162.699114	3.9141172626883551
162.699114	3.9141172626883551
162.711036	4.5466174321805219
162.711036	4.5466174321805219
162.711036	4.5466174321805219
162.711036	4.5466174321805219
162.711036	4.5466174321805219
162.711036	4.5466174321805219
162.759135	8.0302408814433139
162.783016	5.3098638596241372
162.783016	5.3098638596241372
162.783016	5.3098638596241372
162.819179	6.6611249718864887
162.819179	6.6611249718864887
162.819179	6.6611249718864887
162.843036	6.4582028314824864
162.843036	6.4582028314824864
162.867053	7.4413243169870151
162.879153	6.3129230869872401
162.879153	6.3129230869872401
162.879153	6.3129230869872401
162.879153	6.3129230869872401
162.879153	6.3129230869872401
162.879153	6.3129230869872401
162.939111	5.8473491760715852
162.939111	5.8473491760715852
162.939111	5.8473491760715852
162.963015	4.3014786467188477
162.963015	4.3014786467188477
162.963015	4.3014786467188477
162.999119	5.1583115368121035
162.999119	5.1583115368121035
163.011017	5.1772914409265374
163.023016	5.2112204869111345
163.023016	5.2112204869111345
163.023016	5.2112204869111345
163.059113	6.7880050613079215
