#1
double table_propellerFeedback(16300,2)
0	0
0.06	3.4644712577133321
0.06	3.4644712577133321
0.06	3.4644712577133321
0.06	3.4644712577133321
0.06	3.4644712577133321
0.06	3.4644712577133321
0.120029	0.36028233804937454
0.120029	0.36028233804937454
0.120029	0.36028233804937454
0.120029	0.36028233804937454
0.156	0.097740218314922328
0.168024	0.06282446648968576
0.180022	0.037502756195218624
0.180022	0.037502756195218624
0.192002	0.025598301347847734
0.192002	0.025598301347847734
0.192002	0.025598301347847734
0.192002	0.025598301347847734
0.240004	0.0039049000691127487
0.240004	0.0039049000691127487
0.252022	0.0026620333775190749
0.252022	0.0026620333775190749
0.252022	0.0026620333775190749
0.252022	0.0026620333775190749
0.3	0.00040643919695571013
0.3	0.00040643919695571013
0.3	0.00040643919695571013
0.324	0.00017092922832691659
0.324	0.00017092922832691659
0.324	0.00017092922832691659
0.360109	4.217740553150505e-05
0.360109	4.217740553150505e-05
0.360109	4.217740553150505e-05
0.360109	4.217740553150505e-05
0.360109	4.217740553150505e-05
0.360109	4.217740553150505e-05
0.420002	4.4020188079140312e-06
0.420002	4.4020188079140312e-06
0.420002	4.4020188079140312e-06
0.420002	4.4020188079140312e-06
0.420002	4.4020188079140312e-06
0.420002	4.4020188079140312e-06
0.48	4.581572370671839e-07
0.48	4.581572370671839e-07
0.48	4.581572370671839e-07
0.480003	4.5812083951090142e-07
0.480003	4.5812083951090142e-07
0.528031	7.9811321995714942e-08
0.540023	4.7652930341681524e-08
0.552004	3.2524854427548292e-08
0.552004	3.2524854427548292e-08
0.552004	3.2524854427548292e-08
0.552004	3.2524854427548292e-08
0.552004	3.2524854427548292e-08
0.600003	4.9620296941166518e-09
0.600003	4.9620296941166518e-09
0.600003	4.9620296941166518e-09
0.600003	4.9620296941166518e-09
0.600003	4.9620296941166518e-09
0.600003	4.9620296941166518e-09
0.660003	5.1641519726770909e-10
0.660003	5.1641519726770909e-10
0.660003	5.1641519726770909e-10
0.660003	5.1641519726770909e-10
0.696003	1.3998139990831747e-10
0.696003	1.3998139990831747e-10
0.720012	5.3732264490402866e-11
0.720012	5.3732264490402866e-11
0.720012	5.3732264490402866e-11
0.720012	5.3732264490402866e-11
0.720012	5.3732264490402866e-11
0.720012	5.3732264490402866e-11
0.780024	5.5903207446316216e-12
0.780024	5.5903207446316216e-12
0.780024	5.5903207446316216e-12
0.780024	5.5903207446316216e-12
0.780024	5.5903207446316216e-12
0.780024	5.5903207446316216e-12
0.840025	5.8178815331793052e-13
0.840025	5.8178815331793052e-13
0.840025	5.8178815331793052e-13
0.840025	5.8178815331793052e-13
0.840025	5.8178815331793052e-13
0.840025	5.8178815331793052e-13
0.900035	6.0532614425807873e-14
0.900035	6.0532614425807873e-14
0.900035	6.0532614425807873e-14
0.900035	6.0532614425807873e-14
0.900035	6.0532614425807873e-14
0.900035	6.0532614425807873e-14
0.960003	6.3051771329359424e-15
0.960003	6.3051771329359424e-15
0.960003	6.3051771329359424e-15
0.960003	6.3051771329359424e-15
0.960003	6.3051771329359424e-15
0.960003	6.3051771329359424e-15
1.020121	6.5415044766035571e-16
1.020121	6.5415044766035571e-16
1.03201	4.4753956265195497e-16
1.03201	4.4753956265195497e-16
1.03201	4.4753956265195497e-16
1.03201	4.4753956265195497e-16
1.080004	6.829125613845792e-17
1.080004	6.829125613845792e-17
1.080004	6.829125613845792e-17
1.080004	6.829125613845792e-17
1.080004	6.829125613845792e-17
1.080004	6.829125613845792e-17
1.140003	7.1074900159295595e-18
1.140003	7.1074900159295595e-18
1.152044	4.8410212507169404e-18
1.152044	4.8410212507169404e-18
1.152044	4.8410212507169404e-18
1.152044	4.8410212507169404e-18
1.200024	7.3928911979784944e-19
1.200024	7.3928911979784944e-19
1.200024	7.3928911979784944e-19
1.200024	7.3928911979784944e-19
1.236024	2.0031242956838936e-19
1.236024	2.0031242956838936e-19
1.260013	7.6962743180460084e-20
1.260013	7.6962743180460084e-20
1.260013	7.6962743180460084e-20
1.260013	7.6962743180460084e-20
1.260013	7.6962743180460084e-20
1.308047	1.3404365133724763e-20
1.320004	8.0116823720836133e-21
1.332026	5.4608444076337751e-21
1.332026	5.4608444076337751e-21
1.332026	5.4608444076337751e-21
1.332026	5.4608444076337751e-21
1.332026	5.4608444076337751e-21
1.380004	8.3380285642614364e-22
1.380004	8.3380285642614364e-22
1.380004	8.3380285642614364e-22
1.380004	8.3380285642614364e-22
1.380004	8.3380285642614364e-22
1.380004	8.3380285642614364e-22
1.440024	8.6730716988849768e-23
1.440024	8.6730716988849768e-23
1.440024	8.6730716988849768e-23
1.440024	8.6730716988849768e-23
1.440024	8.6730716988849768e-23
1.440024	8.6730716988849768e-23
1.500004	9.0311423882025732e-24
1.500004	9.0311423882025732e-24
1.500008	9.030185667644512e-24
1.500008	9.030185667644512e-24
1.500008	9.030185667644512e-24
1.500008	9.030185667644512e-24
1.560012	9.3970236683863603e-25
1.560012	9.3970236683863603e-25
1.560012	9.3970236683863603e-25
1.560012	9.3970236683863603e-25
1.560012	9.3970236683863603e-25
1.560012	9.3970236683863603e-25
1.620007	9.7810953749741459e-26
1.620007	9.7810953749741459e-26
1.620007	9.7810953749741459e-26
1.620007	9.7810953749741459e-26
1.620007	9.7810953749741459e-26
1.620007	9.7810953749741459e-26
1.680135	1.0145005743460546e-26
1.680135	1.0145005743460546e-26
1.680135	1.0145005743460546e-26
1.680135	1.0145005743460546e-26
1.680135	1.0145005743460546e-26
1.680135	1.0145005743460546e-26
1.680135	1.0145005743460546e-26
1.680135	1.0145005743460546e-26
1.680135	1.0145005743460546e-26
1.680135	1.0145005743460546e-26
1.680135	1.0145005743460546e-26
1.680135	1.0145005743460546e-26
1.800008	1.1025415301301328e-28
1.800008	1.1025415301301328e-28
1.800008	1.1025415301301328e-28
1.824011	4.6362431194382773e-29
1.836027	2.9856886390173551e-29
1.848033	1.9209130639798786e-29
1.860028	1.1468443806845235e-29
1.860028	1.1468443806845235e-29
1.860028	1.1468443806845235e-29
1.860028	1.1468443806845235e-29
1.860028	1.1468443806845235e-29
1.860028	1.1468443806845235e-29
1.920008	1.1941923046642807e-30
1.932009	8.1459760555235392e-31
1.932009	8.1459760555235392e-31
1.932009	8.1459760555235392e-31
1.932009	8.1459760555235392e-31
1.932009	8.1459760555235392e-31
1.980008	1.2428362839504803e-31
1.980008	1.2428362839504803e-31
1.980008	1.2428362839504803e-31
1.980008	1.2428362839504803e-31
1.980008	1.2428362839504803e-31
1.980008	1.2428362839504803e-31
1.980008	1.2428362839504803e-31
2.052009	8.8231251645801859e-33
2.052009	8.8231251645801859e-33
2.052009	8.8231251645801859e-33
2.052009	8.8231251645801859e-33
2.052009	8.8231251645801859e-33
2.100028	1.3454362136238131e-33
2.100028	1.3454362136238131e-33
2.100028	1.3454362136238131e-33
2.100028	1.3454362136238131e-33
2.100028	1.3454362136238131e-33
2.14804	2.3447887352954005e-34
2.160007	1.4010201874633561e-34
2.172008	9.5569346023989379e-35
2.172008	9.5569346023989379e-35
2.172008	9.5569346023989379e-35
2.172008	9.5569346023989379e-35
2.172008	9.5569346023989379e-35
2.220012	1.4578959554392606e-35
2.220012	1.4578959554392606e-35
2.232032	9.9369562162901986e-36
2.232032	9.9369562162901986e-36
2.232032	9.9369562162901986e-36
2.232032	9.9369562162901986e-36
2.280007	1.5174825444908813e-36
2.280007	1.5174825444908813e-36
2.280007	1.5174825444908813e-36
2.280007	1.5174825444908813e-36
2.280007	1.5174825444908813e-36
2.280007	1.5174825444908813e-36
2.340135	1.5739412140745322e-37
2.340135	1.5739412140745322e-37
2.340135	1.5739412140745322e-37
2.340135	1.5739412140745322e-37
2.340135	1.5739412140745322e-37
2.340135	1.5739412140745322e-37
2.400008	1.6435825141126321e-38
2.400008	1.6435825141126321e-38
2.400008	1.6435825141126321e-38
2.400008	1.6435825141126321e-38
2.400008	1.6435825141126321e-38
2.400008	1.6435825141126321e-38
2.460008	1.7105318600933651e-39
2.460008	1.7105318600933651e-39
2.460008	1.7105318600933651e-39
2.460008	1.7105318600933651e-39
2.460008	1.7105318600933651e-39
2.460008	1.7105318600933651e-39
2.520049	1.7782750785444071e-40
2.520053	1.7780864709180349e-40
2.520053	1.7780864709180349e-40
2.544011	7.4858663257802572e-41
2.544011	7.4858663257802572e-41
2.544011	7.4858663257802572e-41
2.580012	1.8525266487937296e-41
2.580012	1.8525266487937296e-41
2.580012	1.8525266487937296e-41
2.580012	1.8525266487937296e-41
2.580012	1.8525266487937296e-41
2.580012	1.8525266487937296e-41
2.640012	1.9279870814061602e-42
2.640012	1.9279870814061602e-42
2.640012	1.9279870814061602e-42
2.640012	1.9279870814061602e-42
2.640012	1.9279870814061602e-42
2.640012	1.9279870814061602e-42
2.700011	2.0065744553104911e-43
2.700011	2.0065744553104911e-43
2.700011	2.0065744553104911e-43
2.700011	2.0065744553104911e-43
2.700011	2.0065744553104911e-43
2.748048	3.4944864920739978e-44
2.760032	2.0871481839941437e-44
2.772013	1.4243963345230876e-44
2.772013	1.4243963345230876e-44
2.772013	1.4243963345230876e-44
2.772013	1.4243963345230876e-44
2.772013	1.4243963345230876e-44
2.820012	2.1733170445575502e-45
2.820012	2.1733170445575502e-45
2.820012	2.1733170445575502e-45
2.820012	2.1733170445575502e-45
2.820012	2.1733170445575502e-45
2.820012	2.1733170445575502e-45
2.880016	2.2616048250833166e-46
2.880016	2.2616048250833166e-46
2.892049	1.5406449283064354e-46
2.892049	1.5406449283064354e-46
2.892049	1.5406449283064354e-46
2.892049	1.5406449283064354e-46
2.940012	2.3539779856677218e-47
2.952013	1.6056460449764384e-47
2.952013	1.6056460449764384e-47
2.952013	1.6056460449764384e-47
2.952013	1.6056460449764384e-47
2.952013	1.6056460449764384e-47
3.00012	2.4428556870652474e-48
3.00012	2.4428556870652474e-48
3.00012	2.4428556870652474e-48
3.024032	1.0296485538166766e-48
3.036012	6.6395283842930902e-49
3.036012	6.6395283842930902e-49
3.060032	2.5483059120748993e-49
3.060032	2.5483059120748993e-49
3.060032	2.5483059120748993e-49
3.060032	2.5483059120748993e-49
3.060032	2.5483059120748993e-49
3.060032	2.5483059120748993e-49
3.120012	2.6535138788575597e-50
3.120012	2.6535138788575597e-50
3.120012	2.6535138788575597e-50
3.120012	2.6535138788575597e-50
3.156032	7.1848386829217823e-51
3.156032	7.1848386829217823e-51
3.180032	2.7601384863730853e-51
3.192034	1.8821494535715267e-51
3.192034	1.8821494535715267e-51
3.192034	1.8821494535715267e-51
3.192034	1.8821494535715267e-51
3.228051	4.8090219728602919e-52
3.240011	2.8741681905628551e-52
3.252013	1.9604153363402873e-52
3.252013	1.9604153363402873e-52
3.252013	1.9604153363402873e-52
3.252013	1.9604153363402873e-52
3.252013	1.9604153363402873e-52
3.300037	2.989183856646575e-53
3.300037	2.989183856646575e-53
3.300037	2.989183856646575e-53
3.300037	2.989183856646575e-53
3.300037	2.989183856646575e-53
3.348045	5.2098325537073754e-54
3.360011	3.1130886607821853e-54
3.372013	2.1233784348540105e-54
3.372013	2.1233784348540105e-54
3.372013	2.1233784348540105e-54
3.372013	2.1233784348540105e-54
3.372013	2.1233784348540105e-54
3.420032	3.2380943192875514e-55
3.420032	3.2380943192875514e-55
3.420032	3.2380943192875514e-55
3.420032	3.2380943192875514e-55
3.420032	3.2380943192875514e-55
3.468037	5.6444284497249248e-56
3.480012	3.3717805137006487e-56
3.492013	2.299888138000917e-56
3.492013	2.299888138000917e-56
3.492013	2.299888138000917e-56
3.492013	2.299888138000917e-56
3.492013	2.299888138000917e-56
3.540016	3.508754094580101e-57
3.54002	3.5083822740267067e-57
3.54002	3.5083822740267067e-57
3.54002	3.5083822740267067e-57
3.54002	3.5083822740267067e-57
3.54002	3.5083822740267067e-57
3.600015	3.6517756907295041e-58
3.600015	3.6517756907295041e-58
3.600015	3.6517756907295041e-58
3.600015	3.6517756907295041e-58
3.600015	3.6517756907295041e-58
3.600015	3.6517756907295041e-58
3.660143	3.7876390350062262e-59
3.660143	3.7876390350062262e-59
3.660143	3.7876390350062262e-59
3.660143	3.7876390350062262e-59
3.660143	3.7876390350062262e-59
3.660143	3.7876390350062262e-59
3.720015	3.9553362019192109e-60
3.720015	3.9553362019192109e-60
3.720015	3.9553362019192109e-60
3.720015	3.9553362019192109e-60
3.720015	3.9553362019192109e-60
3.720015	3.9553362019192109e-60
3.780016	4.1163429869716659e-61
3.780016	4.1163429869716659e-61
3.780016	4.1163429869716659e-61
3.780016	4.1163429869716659e-61
3.780016	4.1163429869716659e-61
3.780016	4.1163429869716659e-61
3.840036	4.2817473666843147e-62
3.840036	4.2817473666843147e-62
3.840036	4.2817473666843147e-62
3.840036	4.2817473666843147e-62
3.840036	4.2817473666843147e-62
3.840036	4.2817473666843147e-62
3.900015	4.4586396182404826e-63
3.900015	4.4586396182404826e-63
3.900015	4.4586396182404826e-63
3.900015	4.4586396182404826e-63
3.900015	4.4586396182404826e-63
3.900015	4.4586396182404826e-63
3.900015	4.4586396182404826e-63
3.900015	4.4586396182404826e-63
3.900015	4.4586396182404826e-63
3.900015	4.4586396182404826e-63
3.900015	4.4586396182404826e-63
3.900015	4.4586396182404826e-63
4.020017	4.8290162935068293e-65
4.020017	4.8290162935068293e-65
4.032016	3.2939197322497155e-65
4.044015	2.0308693379482503e-65
4.056073	1.3052439373171713e-65
4.068049	8.4108748548151103e-66
4.068049	8.4108748548151103e-66
4.080036	5.0231906453859062e-66
4.080036	5.0231906453859062e-66
4.080036	5.0231906453859062e-66
4.080036	5.0231906453859062e-66
4.080036	5.0231906453859062e-66
4.140028	5.2289128032264294e-67
4.140028	5.2289128032264294e-67
4.140028	5.2289128032264294e-67
4.140028	5.2289128032264294e-67
4.140028	5.2289128032264294e-67
4.140028	5.2289128032264294e-67
4.20002	5.4430599602964711e-68
4.20002	5.4430599602964711e-68
4.20002	5.4430599602964711e-68
4.20002	5.4430599602964711e-68
4.20002	5.4430599602964711e-68
4.20002	5.4430599602964711e-68
4.260053	5.6598234834062774e-69
4.260053	5.6598234834062774e-69
4.260053	5.6598234834062774e-69
4.260053	5.6598234834062774e-69
4.260053	5.6598234834062774e-69
4.260053	5.6598234834062774e-69
4.320147	5.8756864812133033e-70
4.320147	5.8756864812133033e-70
4.320147	5.8756864812133033e-70
4.344035	2.4781227059369033e-70
4.344035	2.4781227059369033e-70
4.344035	2.4781227059369033e-70
4.380015	6.1364841196421902e-71
4.380015	6.1364841196421902e-71
4.392015	4.1856972467470657e-71
4.392015	4.1856972467470657e-71
4.392015	4.1856972467470657e-71
4.42804	1.0690810405886567e-71
4.440016	6.3862771913803469e-72
4.440016	6.3862771913803469e-72
4.452057	4.3490906876016773e-72
4.452057	4.3490906876016773e-72
4.452057	4.3490906876016773e-72
4.488049	1.1122918616430941e-72
4.500036	6.6428928866373438e-73
4.500036	6.6428928866373438e-73
4.512018	4.5331127231830084e-73
4.512018	4.5331127231830084e-73
4.512018	4.5331127231830084e-73
4.512022	4.5324084066537875e-73
4.560019	6.9165983700870907e-74
4.572042	4.7133655516015515e-74
4.572042	4.7133655516015515e-74
4.572042	4.7133655516015515e-74
4.572042	4.7133655516015515e-74
4.572042	4.7133655516015515e-74
4.62002	7.1981469238096451e-75
4.62002	7.1981469238096451e-75
4.632042	4.9053587970577353e-75
4.632042	4.9053587970577353e-75
4.632042	4.9053587970577353e-75
4.632042	4.9053587970577353e-75
4.68002	7.4913547333979945e-76
4.68002	7.4913547333979945e-76
4.68002	7.4913547333979945e-76
4.68002	7.4913547333979945e-76
4.68002	7.4913547333979945e-76
4.68002	7.4913547333979945e-76
4.74004	7.7923746155293984e-77
4.74004	7.7923746155293984e-77
4.74004	7.7923746155293984e-77
4.74004	7.7923746155293984e-77
4.74004	7.7923746155293984e-77
4.74004	7.7923746155293984e-77
4.80002	8.1140872517629023e-78
4.80002	8.1140872517629023e-78
4.80002	8.1140872517629023e-78
4.80002	8.1140872517629023e-78
4.80002	8.1140872517629023e-78
4.80002	8.1140872517629023e-78
4.860024	8.4437098183727932e-79
4.860024	8.4437098183727932e-79
4.860024	8.4437098183727932e-79
4.860024	8.4437098183727932e-79
4.860024	8.4437098183727932e-79
4.860024	8.4437098183727932e-79
4.920019	8.7888184008611781e-80
4.920019	8.7888184008611781e-80
4.932021	5.994093269457227e-80
4.932021	5.994093269457227e-80
4.932021	5.994093269457227e-80
4.932021	5.994093269457227e-80
4.980128	9.120405227514218e-81
4.980128	9.120405227514218e-81
4.980128	9.120405227514218e-81
5.00404	3.8440995874558096e-81
5.00404	3.8440995874558096e-81
5.00404	3.8440995874558096e-81
5.00404	3.8440995874558096e-81
5.040598	9.3733745256037158e-82
5.040598	9.3733745256037158e-82
5.040598	9.3733745256037158e-82
5.040598	9.3733745256037158e-82
5.040598	9.3733745256037158e-82
5.100049	9.8992918506444735e-83
5.100049	9.8992918506444735e-83
5.100049	9.8992918506444735e-83
5.100049	9.8992918506444735e-83
5.100049	9.8992918506444735e-83
5.100049	9.8992918506444735e-83
5.16004	1.030498612491656e-83
5.16004	1.030498612491656e-83
5.172077	7.0167548143560049e-84
5.172077	7.0167548143560049e-84
5.19602	2.7938627360320061e-84
5.19602	2.7938627360320061e-84
5.220019	1.073071766678395e-84
5.220019	1.073071766678395e-84
5.232042	7.3125244937325878e-85
5.244059	4.5072172724932734e-85
5.256024	2.9071324339184283e-85
5.256024	2.9071324339184283e-85
5.28002	1.116752458802348e-85
5.28002	1.116752458802348e-85
5.292042	7.6103913353045316e-86
5.30402	4.6962412512558282e-86
5.316027	3.0251334243671181e-86
5.316027	3.0251334243671181e-86
5.34002	1.1622420196245576e-86
5.34002	1.1622420196245576e-86
5.34002	1.1622420196245576e-86
5.36402	4.8875369590475642e-87
5.37606	3.1435786236000314e-87
5.37606	3.1435786236000314e-87
5.40004	1.2089435800507122e-87
5.40004	1.2089435800507122e-87
5.40004	1.2089435800507122e-87
5.40004	1.2089435800507122e-87
5.40004	1.2089435800507122e-87
5.40004	1.2089435800507122e-87
5.460041	1.258155081128115e-88
5.460041	1.258155081128115e-88
5.460041	1.258155081128115e-88
5.460041	1.258155081128115e-88
5.460041	1.258155081128115e-88
5.508082	2.1903338189960606e-89
5.520024	1.3099946140152872e-89
5.520024	1.3099946140152872e-89
5.532048	8.9261522364781594e-90
5.532052	8.9247637488187267e-90
5.532052	8.9247637488187267e-90
5.568049	2.2820888993622334e-90
5.580024	1.3633556603253383e-90
5.592045	9.2908320371673897e-91
5.592045	9.2908320371673897e-91
5.604024	5.7332012966324195e-91
5.604024	5.7332012966324195e-91
5.604024	5.7332012966324195e-91
5.640137	1.4146417635812641e-91
5.640137	1.4146417635812641e-91
5.640137	1.4146417635812641e-91
5.640137	1.4146417635812641e-91
5.640137	1.4146417635812641e-91
5.640137	1.4146417635812641e-91
5.700025	1.476647955677402e-92
5.700025	1.476647955677402e-92
5.700025	1.476647955677402e-92
5.700025	1.476647955677402e-92
5.700025	1.476647955677402e-92
5.700025	1.476647955677402e-92
5.760025	1.5367974243114952e-93
5.760025	1.5367974243114952e-93
5.760025	1.5367974243114952e-93
5.784031	6.4613912855004552e-94
5.784031	6.4613912855004552e-94
5.784031	6.4613912855004552e-94
5.820045	1.5985493710252325e-94
5.820045	1.5985493710252325e-94
5.820045	1.5985493710252325e-94
5.820045	1.5985493710252325e-94
5.820045	1.5985493710252325e-94
5.820045	1.5985493710252325e-94
5.880025	1.6645465116683702e-95
5.880025	1.6645465116683702e-95
5.880025	1.6645465116683702e-95
5.880025	1.6645465116683702e-95
5.880025	1.6645465116683702e-95
5.928067	2.8980596800183722e-96
5.940025	1.7323498007384423e-96
5.940025	1.7323498007384423e-96
5.940025	1.7323498007384423e-96
5.940025	1.7323498007384423e-96
5.940025	1.7323498007384423e-96
5.940025	1.7323498007384423e-96
6.000024	1.8029627496322457e-97
6.000024	1.8029627496322457e-97
6.012029	1.229425748576697e-97
6.012029	1.229425748576697e-97
6.012029	1.229425748576697e-97
6.012029	1.229425748576697e-97
6.012029	1.229425748576697e-97
6.012029	1.229425748576697e-97
6.060045	1.8753601179746447e-98
6.084045	7.8857686617267747e-99
6.084045	7.8857686617267747e-99
6.084045	7.8857686617267747e-99
6.084045	7.8857686617267747e-99
6.120046	1.9516988981272373e-99
6.132037	1.3312100353545042e-99
6.132037	1.3312100353545042e-99
6.132037	1.3312100353545042e-99
6.168085	3.3978376195191253e-100
6.168085	3.3978376195191253e-100
6.180029	2.0321145109654343e-100
6.192047	1.3848967258513896e-100
6.204025	8.5463539022235689e-101
6.216045	5.5014803444768537e-101
6.228048	3.5406531512646214e-101
6.240025	2.1151144288078782e-101
6.240025	2.1151144288078782e-101
6.252048	1.4412527713879558e-101
6.252048	1.4412527713879558e-101
6.252048	1.4412527713879558e-101
6.252048	1.4412527713879558e-101
6.300134	2.1949130054134446e-102
6.300134	2.1949130054134446e-102
6.300134	2.1949130054134446e-102
6.300134	2.1949130054134446e-102
6.300134	2.1949130054134446e-102
6.300134	2.1949130054134446e-102
6.360025	2.2909371713899836e-103
6.360025	2.2909371713899836e-103
6.360025	2.2909371713899836e-103
6.360025	2.2909371713899836e-103
6.360025	2.2909371713899836e-103
6.360025	2.2909371713899836e-103
6.420025	2.3842557264344642e-104
6.420025	2.3842557264344642e-104
6.420025	2.3842557264344642e-104
6.420025	2.3842557264344642e-104
6.420025	2.3842557264344642e-104
6.420025	2.3842557264344642e-104
6.480055	2.4794029056532981e-105
6.480055	2.4794029056532981e-105
6.480055	2.4794029056532981e-105
6.480055	2.4794029056532981e-105
6.480055	2.4794029056532981e-105
6.480055	2.4794029056532981e-105
6.540025	2.5824513300052237e-106
6.552025	1.761273109822373e-106
6.55203	1.7609309522306433e-106
6.55203	1.7609309522306433e-106
6.55203	1.7609309522306433e-106
6.588163	4.4816432188281591e-107
6.60003	2.6872882667796582e-107
6.60003	2.6872882667796582e-107
6.60003	2.6872882667796582e-107
6.62403	1.1300407202049213e-107
6.636028	7.2810996315612738e-108
6.636028	7.2810996315612738e-108
6.660028	2.7968999443786831e-108
6.660028	2.7968999443786831e-108
6.672036	1.9068668275952127e-108
6.684028	1.1761412910595599e-108
6.69607	7.5630433766582888e-109
6.69607	7.5630433766582888e-109
6.69607	7.5630433766582888e-109
6.69607	7.5630433766582888e-109
6.69607	7.5630433766582888e-109
6.69607	7.5630433766582888e-109
6.69607	7.5630433766582888e-109
6.69607	7.5630433766582888e-109
6.69607	7.5630433766582888e-109
6.792028	2.0660208597015032e-110
6.792028	2.0660208597015032e-110
6.804028	1.2739101798920572e-110
6.804028	1.2739101798920572e-110
6.804028	1.2739101798920572e-110
6.804028	1.2739101798920572e-110
6.804028	1.2739101798920572e-110
6.85205	2.1483395869435902e-111
6.85205	2.1483395869435902e-111
6.85205	2.1483395869435902e-111
6.888058	5.4912778118008992e-112
6.888058	5.4912778118008992e-112
6.888058	5.4912778118008992e-112
6.888058	5.4912778118008992e-112
6.888058	5.4912778118008992e-112
6.936028	8.8898667473138622e-113
6.94806	5.7145735881983846e-113
6.960147	3.4041089859524965e-113
6.972054	2.3265622437108186e-113
6.972054	2.3265622437108186e-113
6.984048	1.4351596719086405e-113
6.984048	1.4351596719086405e-113
6.984048	1.4351596719086405e-113
6.984048	1.4351596719086405e-113
6.984048	1.4351596719086405e-113
6.984048	1.4351596719086405e-113
6.984048	1.4351596719086405e-113
6.984048	1.4351596719086405e-113
6.984048	1.4351596719086405e-113
6.984048	1.4351596719086405e-113
6.984048	1.4351596719086405e-113
7.092079	2.5175114805147954e-115
7.104145	1.5499876313547934e-115
7.116048	1.001185156696977e-115
7.128053	6.4432522419468954e-116
7.128053	6.4432522419468954e-116
7.128053	6.4432522419468954e-116
7.128053	6.4432522419468954e-116
7.128053	6.4432522419468954e-116
7.128053	6.4432522419468954e-116
7.188052	6.7059360370492727e-117
7.200028	4.0062110982800157e-117
7.212028	2.7321987639789456e-117
7.212028	2.7321987639789456e-117
7.212028	2.7321987639789456e-117
7.212028	2.7321987639789456e-117
7.24807	6.9748660073580301e-118
7.24807	6.9748660073580301e-118
7.260754	4.0891818473036184e-118
7.272049	2.8411712378905333e-118
7.272049	2.8411712378905333e-118
7.272049	2.8411712378905333e-118
7.308065	7.260201087646671e-119
7.308065	7.260201087646671e-119
7.308065	7.260201087646671e-119
7.308065	7.260201087646671e-119
7.308065	7.260201087646671e-119
7.308065	7.260201087646671e-119
7.368112	7.5439784853826225e-120
7.380049	4.5134749556569701e-120
7.392029	3.0797423199043853e-120
7.392029	3.0797423199043853e-120
7.404048	1.8979195990634662e-120
7.416028	1.2235240071308546e-120
7.428053	7.8668960388835603e-121
7.440028	4.6999414932571203e-121
7.440028	4.6999414932571203e-121
7.452038	3.204070929920128e-121
7.452038	3.204070929920128e-121
7.452038	3.204070929920128e-121
7.48809	8.177148159033311e-122
7.500053	4.8881472867941728e-122
7.500053	4.8881472867941728e-122
7.500053	4.8881472867941728e-122
7.524046	2.0558095713962722e-122
7.536048	1.3240122115885053e-122
7.548061	8.5185516884377391e-123
7.560028	5.0906326975082579e-123
7.560032	5.0900930746837331e-123
7.560032	5.0900930746837331e-123
7.560032	5.0900930746837331e-123
7.560032	5.0900930746837331e-123
7.560032	5.0900930746837331e-123
7.620652	5.210383285487282e-124
7.620652	5.210383285487282e-124
7.620652	5.210383285487282e-124
7.644052	2.2263062409646904e-124
7.644052	2.2263062409646904e-124
7.644052	2.2263062409646904e-124
7.680032	5.5132163403566417e-125
7.680032	5.5132163403566417e-125
7.680032	5.5132163403566417e-125
7.704032	2.3183667643624855e-125
7.704032	2.3183667643624855e-125
7.728056	9.60412563334604e-126
7.740032	5.7377905403628493e-126
7.752076	3.9062352528927924e-126
7.752076	3.9062352528927924e-126
7.752076	3.9062352528927924e-126
7.776052	1.5529969592171638e-126
7.776052	1.5529969592171638e-126
7.776052	1.5529969592171638e-126
7.776052	1.5529969592171638e-126
7.776052	1.5529969592171638e-126
7.776052	1.5529969592171638e-126
7.776052	1.5529969592171638e-126
7.800052	5.9683471692224766e-127
7.860032	6.2147548385719356e-128
7.860032	6.2147548385719356e-128
7.860032	6.2147548385719356e-128
7.884069	2.6105045832000766e-128
7.884069	2.6105045832000766e-128
7.884069	2.6105045832000766e-128
7.920032	6.4679053608707877e-129
7.920032	6.4679053608707877e-129
7.920032	6.4679053608707877e-129
7.920032	6.4679053608707877e-129
7.920032	6.4679053608707877e-129
7.968057	1.1266832421612099e-129
7.980032	6.7313676635382605e-130
7.992034	4.5901464844082219e-130
7.992034	4.5901464844082219e-130
7.992034	4.5901464844082219e-130
7.992034	4.5901464844082219e-130
7.992034	4.5901464844082219e-130
7.992034	4.5901464844082219e-130
8.040053	7.0016626621702716e-131
8.052034	4.7771205501820801e-131
8.052034	4.7771205501820801e-131
8.052034	4.7771205501820801e-131
8.088065	1.2200121927779069e-131
8.100032	7.2909248713245151e-132
8.100032	7.2909248713245151e-132
8.100032	7.2909248713245151e-132
8.100032	7.2909248713245151e-132
8.136032	1.9751879500097234e-132
8.149092	1.2257991950733233e-132
8.149092	1.2257991950733233e-132
8.149092	1.2257991950733233e-132
8.149092	1.2257991950733233e-132
8.185146	3.0854184483236291e-133
8.185146	3.0854184483236291e-133
8.185146	3.0854184483236291e-133
8.185146	3.0854184483236291e-133
8.185146	3.0854184483236291e-133
8.185146	3.0854184483236291e-133
8.185146	3.0854184483236291e-133
8.209032	1.2784003967108519e-133
8.269072	1.3286221553959232e-134
8.281484	7.9023901050028721e-135
8.281484	7.9023901050028721e-135
8.281484	7.9023901050028721e-135
8.281484	7.9023901050028721e-135
8.281484	7.9023901050028721e-135
8.329032	1.3846697601110583e-135
8.329032	1.3846697601110583e-135
8.329032	1.3846697601110583e-135
8.329032	1.3846697601110583e-135
8.329032	1.3846697601110583e-135
8.377034	2.210372378127955e-136
8.389034	1.4409722924786251e-136
8.389034	1.4409722924786251e-136
8.389034	1.4409722924786251e-136
8.389034	1.4409722924786251e-136
8.389034	1.4409722924786251e-136
8.437035	2.3002982469912609e-137
8.437035	2.3002982469912609e-137
8.449053	1.4986767376266368e-137
8.461432	8.9207112078578073e-138
8.461432	8.9207112078578073e-138
8.461432	8.9207112078578073e-138
8.461432	8.9207112078578073e-138
8.509033	1.5608100683870473e-138
8.52104	9.3842586350833446e-139
8.533143	6.2914158776646479e-139
8.533143	6.2914158776646479e-139
8.533143	6.2914158776646479e-139
8.533143	6.2914158776646479e-139
8.569033	1.6243877788978132e-139
8.569033	1.6243877788978132e-139
8.581063	9.7603981484394966e-140
8.581063	9.7603981484394966e-140
8.581063	9.7603981484394966e-140
8.581063	9.7603981484394966e-140
8.629062	1.6888487927103409e-140
8.64104	1.0164342240891474e-140
8.64104	1.0164342240891474e-140
8.64104	1.0164342240891474e-140
8.64104	1.0164342240891474e-140
8.64104	1.0164342240891474e-140
8.68906	1.757764486383156e-141
8.68906	1.757764486383156e-141
8.701041	1.0578086368898024e-141
8.701041	1.0578086368898024e-141
8.701041	1.0578086368898024e-141
8.701041	1.0578086368898024e-141
8.749041	1.8305758588142311e-142
8.761061	1.1002976037322751e-142
8.773121	7.387456296188359e-143
8.773121	7.387456296188359e-143
8.773121	7.387456296188359e-143
8.773121	7.387456296188359e-143
8.809044	1.9049431595518117e-143
8.809044	1.9049431595518117e-143
8.821061	1.1451168959335261e-143
8.833117	7.6896234185118954e-144
8.833117	7.6896234185118954e-144
8.833117	7.6896234185118954e-144
8.869041	1.9827458140743228e-144
8.869041	1.9827458140743228e-144
8.869041	1.9827458140743228e-144
8.869041	1.9827458140743228e-144
8.869041	1.9827458140743228e-144
8.917039	3.1653196586738742e-145
8.929085	2.0603493920338063e-145
8.929085	2.0603493920338063e-145
8.929085	2.0603493920338063e-145
8.929085	2.0603493920338063e-145
8.929085	2.0603493920338063e-145
8.977059	3.2910759188647791e-146
8.989039	2.1477147170547681e-146
8.989039	2.1477147170547681e-146
9.013106	8.6719712870026348e-147
9.013106	8.6719712870026348e-147
9.025156	5.3943121957651905e-147
9.025156	5.3943121957651905e-147
9.049039	2.2351992786334314e-147
9.049039	2.2351992786334314e-147
9.049039	2.2351992786334314e-147
9.073484	8.8868526087107105e-148
9.073484	8.8868526087107105e-148
9.073484	8.8868526087107105e-148
9.109059	2.3246276798945936e-148
9.109059	2.3246276798945936e-148
9.109059	2.3246276798945936e-148
9.109059	2.3246276798945936e-148
9.145138	5.8459496069602348e-149
9.157064	3.7089584788482248e-149
9.169039	2.4210042932627417e-149
9.181039	1.4559551777022183e-149
9.181039	1.4559551777022183e-149
9.181039	1.4559551777022183e-149
9.181039	1.4559551777022183e-149
9.181039	1.4559551777022183e-149
9.229039	2.5196209752150829e-150
9.229039	2.5196209752150829e-150
9.229039	2.5196209752150829e-150
9.229039	2.5196209752150829e-150
9.229039	2.5196209752150829e-150
9.229039	2.5196209752150829e-150
9.28906	2.6203375517822248e-151
9.28906	2.6203375517822248e-151
9.28906	2.6203375517822248e-151
9.28906	2.6203375517822248e-151
9.28906	2.6203375517822248e-151
9.337046	4.1845469418471808e-152
9.349059	2.7271688438491186e-152
9.349059	2.7271688438491186e-152
9.349059	2.7271688438491186e-152
9.349059	2.7271688438491186e-152
9.349059	2.7271688438491186e-152
9.397039	4.3564709153848722e-153
9.409039	2.8402343895821147e-153
9.42106	1.7070970445531355e-153
9.42106	1.7070970445531355e-153
9.433116	1.1463553121016014e-153
9.433116	1.1463553121016014e-153
9.433116	1.1463553121016014e-153
9.433116	1.1463553121016014e-153
9.469043	2.9555162670788077e-154
9.481483	1.756157835461889e-154
9.493112	1.1932443333956839e-154
9.493112	1.1932443333956839e-154
9.493112	1.1932443333956839e-154
9.493112	1.1932443333956839e-154
9.529041	3.0761198492963552e-155
9.541041	1.8499597759408719e-155
9.541041	1.8499597759408719e-155
9.541041	1.8499597759408719e-155
9.541046	1.8497078870842333e-155
9.58909	3.1959601674511848e-156
9.58909	3.1959601674511848e-156
9.58909	3.1959601674511848e-156
9.58909	3.1959601674511848e-156
9.625145	8.0441307048615418e-157
9.625145	8.0441307048615418e-157
9.649044	3.3314799082995336e-157
9.649044	3.3314799082995336e-157
9.649044	3.3314799082995336e-157
9.649044	3.3314799082995336e-157
9.649044	3.3314799082995336e-157
9.649044	3.3314799082995336e-157
9.709044	3.4671837133120504e-158
9.721091	2.0825216144238079e-158
9.721091	2.0825216144238079e-158
9.733652	1.3692053396407243e-158
9.745197	8.698923555473374e-159
9.745197	8.698923555473374e-159
9.769064	3.605902315084109e-159
9.769064	3.605902315084109e-159
9.769064	3.605902315084109e-159
9.793109	1.4570703089755871e-159
9.793109	1.4570703089755871e-159
9.793109	1.4570703089755871e-159
9.829065	3.7526536202073542e-160
9.829065	3.7526536202073542e-160
9.829065	3.7526536202073542e-160
9.853151	1.5138389364032057e-160
9.865149	9.4359249637104405e-161
9.878072	5.6969967718078783e-161
9.878072	5.6969967718078783e-161
9.902067	2.2850376445401849e-161
9.902067	2.2850376445401849e-161
9.902067	2.2850376445401849e-161
9.902067	2.2850376445401849e-161
9.938069	5.9299603718011196e-162
9.950052	3.924806241155453e-162
9.962044	2.3796481915172763e-162
9.962044	2.3796481915172763e-162
9.97412	1.5751230071138391e-162
9.97412	1.5751230071138391e-162
9.97412	1.5751230071138391e-162
9.97412	1.5751230071138391e-162
9.97412	1.5751230071138391e-162
10.022066	2.4750548997735875e-163
10.034064	1.6431665307279039e-163
10.046063	1.0338524073319792e-163
10.046063	1.0338524073319792e-163
10.070044	4.2522901822115769e-164
10.070044	4.2522901822115769e-164
10.070044	4.2522901822115769e-164
10.070044	4.2522901822115769e-164
10.070044	4.2522901822115769e-164
10.070044	4.2522901822115769e-164
10.070044	4.2522901822115769e-164
10.070044	4.2522901822115769e-164
10.070044	4.2522901822115769e-164
10.070044	4.2522901822115769e-164
10.070044	4.2522901822115769e-164
10.070044	4.2522901822115769e-164
10.190044	4.6057695551989665e-166
10.190044	4.6057695551989665e-166
10.190044	4.6057695551989665e-166
10.190044	4.6057695551989665e-166
10.190044	4.6057695551989665e-166
10.190044	4.6057695551989665e-166
10.190044	4.6057695551989665e-166
10.190044	4.6057695551989665e-166
10.190044	4.6057695551989665e-166
10.190044	4.6057695551989665e-166
10.287066	1.1745019010646024e-167
10.299046	7.1612978920101662e-168
10.299046	7.1612978920101662e-168
10.299046	7.1612978920101662e-168
10.299046	7.1612978920101662e-168
10.299046	7.1612978920101662e-168
10.299046	7.1612978920101662e-168
10.359086	7.4370767093511098e-169
10.371482	4.9224949821844972e-169
10.371482	4.9224949821844972e-169
10.371482	4.9224949821844972e-169
10.371482	4.9224949821844972e-169
10.371482	4.9224949821844972e-169
10.419065	7.7487198542552898e-170
10.419065	7.7487198542552898e-170
10.419065	7.7487198542552898e-170
10.419065	7.7487198542552898e-170
10.455144	2.0739693171863033e-170
10.455144	2.0739693171863033e-170
10.455144	2.0739693171863033e-170
10.455144	2.0739693171863033e-170
10.455144	2.0739693171863033e-170
10.455144	2.0739693171863033e-170
10.479046	8.072549302853601e-171
10.527048	1.3786909778801094e-171
10.539066	8.3923974480576894e-172
10.551046	5.6409223437695108e-172
10.551046	5.6409223437695108e-172
10.551046	5.6409223437695108e-172
10.55105	5.6400777914992767e-172
10.58705	1.4347568567833272e-172
10.599079	8.7281786123944299e-173
10.611051	5.8695998007719633e-173
10.62316	3.5765419858791578e-173
10.62316	3.5765419858791578e-173
10.62316	3.5765419858791578e-173
10.647071	1.4921789589660082e-173
10.65905	9.0978097042318457e-174
10.65905	9.0978097042318457e-174
10.65905	9.0978097042318457e-174
10.683117	3.7268536214162973e-174
10.69515	2.4324601261381365e-174
10.69515	2.4324601261381365e-174
10.71905	9.4683979797517706e-175
10.71905	9.4683979797517706e-175
10.71905	9.4683979797517706e-175
10.74312	3.8783266403146784e-175
10.74312	3.8783266403146784e-175
10.74312	3.8783266403146784e-175
10.779069	9.8440763721485252e-176
10.79105	6.6167346121248147e-176
10.79105	6.6167346121248147e-176
10.79105	6.6167346121248147e-176
10.79105	6.6167346121248147e-176
10.79105	6.6167346121248147e-176
10.83905	1.0255475821963931e-176
10.85105	6.8862592943497676e-177
10.863142	4.1980519302128403e-177
10.863142	4.1980519302128403e-177
10.863142	4.1980519302128403e-177
10.863142	4.1980519302128403e-177
10.899053	1.0671509111801358e-177
10.899053	1.0671509111801358e-177
10.91107	7.161396938671744e-178
10.923112	4.3728404259183637e-178
10.923112	4.3728404259183637e-178
10.947049	1.8231835017286276e-178
10.959048	1.1109168154670177e-178
10.959048	1.1109168154670177e-178
10.983117	4.5503061017778029e-179
10.983117	4.5503061017778029e-179
10.995148	2.9701775906432758e-179
11.007048	1.8975104552174664e-179
11.019095	1.1532650797504857e-179
11.019095	1.1532650797504857e-179
11.019095	1.1532650797504857e-179
11.019095	1.1532650797504857e-179
11.019095	1.1532650797504857e-179
11.019095	1.1532650797504857e-179
11.079067	1.2020421967408801e-180
11.079067	1.2020421967408801e-180
11.103114	4.9289853587501029e-181
11.103114	4.9289853587501029e-181
11.103114	4.9289853587501029e-181
11.103114	4.9289853587501029e-181
11.139048	1.2522772965821253e-181
11.139048	1.2522772965821253e-181
11.139048	1.2522772965821253e-181
11.139048	1.2522772965821253e-181
11.175168	3.3451618319015383e-182
11.175168	3.3451618319015383e-182
11.199088	1.3005017141992965e-182
11.199088	1.3005017141992965e-182
11.199088	1.3005017141992965e-182
11.199088	1.3005017141992965e-182
11.235163	3.4821933589085491e-183
11.248073	2.1518022334687029e-183
11.260048	1.2857413390608144e-183
11.260048	1.2857413390608144e-183
11.260048	1.2857413390608144e-183
11.260048	1.2857413390608144e-183
11.260048	1.2857413390608144e-183
11.308073	2.2394532950850988e-184
11.320068	1.3374048600756899e-184
11.320068	1.3374048600756899e-184
11.320068	1.3374048600756899e-184
11.320068	1.3374048600756899e-184
11.320068	1.3374048600756899e-184
11.320068	1.3374048600756899e-184
11.380048	1.3926209316757787e-185
11.392056	9.4922429100978986e-186
11.392056	9.4922429100978986e-186
11.404204	5.8287309451950428e-186
11.404204	5.8287309451950428e-186
11.428095	2.4238145625241639e-186
11.428095	2.4238145625241639e-186
11.428095	2.4238145625241639e-186
11.428095	2.4238145625241639e-186
11.44005	1.4492708027030319e-186
11.47605	3.9248467104895777e-187
11.488091	2.5228858235340709e-187
11.50005	1.508305096120339e-187
11.51205	1.0283702579804078e-187
11.51205	1.0283702579804078e-187
11.51205	1.0283702579804078e-187
11.51205	1.0283702579804078e-187
11.51205	1.0283702579804078e-187
11.51205	1.0283702579804078e-187
11.51205	1.0283702579804078e-187
11.512055	1.0281702851311904e-187
11.56007	1.5689116060790891e-188
11.596055	4.2501278053550209e-189
11.596055	4.2501278053550209e-189
11.596055	4.2501278053550209e-189
11.596055	4.2501278053550209e-189
11.596055	4.2501278053550209e-189
11.596055	4.2501278053550209e-189
11.596055	4.2501278053550209e-189
11.620076	1.6325594077815795e-189
11.680059	1.6998261645457962e-190
11.680059	1.6998261645457962e-190
11.680059	1.6998261645457962e-190
11.704055	7.1481930804431986e-191
11.704055	7.1481930804431986e-191
11.728079	2.9609551046176825e-191
11.728079	2.9609551046176825e-191
11.728079	2.9609551046176825e-191
11.728079	2.9609551046176825e-191
11.728079	2.9609551046176825e-191
11.740055	1.7692542083216146e-191
11.788086	3.0808393371633281e-192
11.788086	3.0808393371633281e-192
11.788086	3.0808393371633281e-192
11.788086	3.0808393371633281e-192
11.788086	3.0808393371633281e-192
11.836055	4.9860957233658681e-193
11.848114	3.2033084270509751e-193
11.860055	1.916326689599979e-193
11.860055	1.916326689599979e-193
11.860055	1.916326689599979e-193
11.860055	1.916326689599979e-193
11.860055	1.916326689599979e-193
11.908078	3.3378392664531391e-194
11.920074	1.9933810180293231e-194
11.920074	1.9933810180293231e-194
11.920074	1.9933810180293231e-194
11.920074	1.9933810180293231e-194
11.920074	1.9933810180293231e-194
11.932099	1.3573713701866031e-194
11.980075	2.0745239379771413e-195
11.980075	2.0745239379771413e-195
11.980075	2.0745239379771413e-195
12.004055	8.7275943449228401e-196
12.016073	5.6158993192204379e-196
12.016073	5.6158993192204379e-196
12.040053	2.1602874810543484e-196
12.040053	2.1602874810543484e-196
12.040053	2.1602874810543484e-196
12.040053	2.1602874810543484e-196
12.040053	2.1602874810543484e-196
12.088094	3.7605402309631257e-197
12.088094	3.7605402309631257e-197
12.088094	3.7605402309631257e-197
12.088094	3.7605402309631257e-197
12.088094	3.7605402309631257e-197
12.088094	3.7605402309631257e-197
12.088094	3.7605402309631257e-197
12.088094	3.7605402309631257e-197
12.160449	2.3152937731147567e-198
12.160449	2.3152937731147567e-198
12.160449	2.3152937731147567e-198
12.160449	2.3152937731147567e-198
12.160449	2.3152937731147567e-198
12.160449	2.3152937731147567e-198
12.220553	2.4028884718652211e-199
12.232058	1.659931745277395e-199
12.244081	1.0230999370391862e-199
12.244081	1.0230999370391862e-199
12.244081	1.0230999370391862e-199
12.280074	12.018881057023485
12.280074	12.018881057023485
12.280074	12.018881057023485
12.280074	12.018881057023485
12.316053	19.772317812918949
12.328116	20.802917827955074
12.340094	21.547639488206045
12.340094	21.547639488206045
12.352075	21.899489953220968
12.352075	21.899489953220968
12.352075	21.899489953220968
12.388078	24.769905426294251
12.400053	25.392711968816933
12.412083	25.687703145312025
12.412083	25.687703145312025
12.412083	25.687703145312025
12.412083	25.687703145312025
12.448079	26.156355834644557
12.448079	26.156355834644557
12.448079	26.156355834644557
12.448079	26.156355834644557
12.448079	26.156355834644557
12.460093	26.231428770339868
12.509053	29.732274143097129
12.509053	29.732274143097129
12.533119	30.155651857438041
12.533119	30.155651857438041
12.533119	30.155651857438041
12.533119	30.155651857438041
12.533119	30.155651857438041
12.569053	30.971357612028555
12.593156	32.15662571063875
12.593156	32.15662571063875
12.593156	32.15662571063875
12.593156	32.15662571063875
12.629077	32.750739648456225
12.629077	32.750739648456225
12.629077	32.750739648456225
12.629077	32.750739648456225
12.665155	33.521753682086413
12.665155	33.521753682086413
12.689079	35.838080374281432
12.689079	35.838080374281432
12.689079	35.838080374281432
12.689079	35.838080374281432
12.689079	35.838080374281432
12.689079	35.838080374281432
12.749058	37.302720018187678
12.749058	37.302720018187678
12.761091	37.459057985729302
12.761091	37.459057985729302
12.761091	37.459057985729302
12.797058	39.716130190216901
12.809058	40.000056872755792
12.821079	40.212355216685026
12.833132	40.31747885349067
12.833132	40.31747885349067
12.845212	40.398762438027937
12.845212	40.398762438027937
12.869077	40.325498464477782
12.869077	40.325498464477782
12.881058	40.156985309837303
12.881058	40.156985309837303
12.905263	40.008337018963807
12.917058	39.969830551598164
12.929058	39.946316372394989
12.929058	39.946316372394989
12.929058	39.946316372394989
12.929058	39.946316372394989
12.929058	39.946316372394989
12.929058	39.946316372394989
12.989062	43.646165636072034
13.001078	44.474040971576528
13.001078	44.474040971576528
13.013134	44.88424167175878
13.013134	44.88424167175878
13.013134	44.88424167175878
13.049059	45.506140072035862
13.061059	45.658957344991329
13.073134	46.462271674095724
13.073134	46.462271674095724
13.073134	46.462271674095724
13.073134	46.462271674095724
13.109098	47.678820760143005
13.121064	47.846658978568023
13.121064	47.846658978568023
13.133496	47.932734374939287
13.133496	47.932734374939287
13.157081	48.033394664973677
13.16906	48.403523425304435
13.16906	48.403523425304435
13.16906	48.403523425304435
13.16906	48.403523425304435
13.205168	49.258946441982872
13.217086	49.363905728613453
13.22906	49.427099887424177
13.241103	49.474568242341689
13.241103	49.474568242341689
13.241103	49.474568242341689
13.241103	49.474568242341689
13.277061	50.284096254318932
13.28908	50.610644184590569
13.30106	50.85390346217897
13.30106	50.85390346217897
13.30106	50.85390346217897
13.325213	51.068269544792855
13.325213	51.068269544792855
13.34908	51.158100828741176
13.34908	51.158100828741176
13.373176	62.062414813902784
13.373176	62.062414813902784
13.373176	62.062414813902784
13.397082	74.332247999166668
13.40906	77.120919980966406
13.40906	77.120919980966406
13.40906	77.120919980966406
13.40906	77.120919980966406
13.40906	77.120919980966406
13.45707	81.52848318141956
13.46908	74.670661049456271
13.48106	65.897625478980871
13.48106	65.897625478980871
13.48106	65.897625478980871
13.48106	65.897625478980871
13.536923	54.299753450918239
13.548127	53.748043849961732
13.548127	53.748043849961732
13.561064	53.86706925338148
13.561064	53.86706925338148
13.585059	65.197802151238278
13.597179	68.228263854151237
13.597179	68.228263854151237
13.597179	68.228263854151237
13.597179	68.228263854151237
13.597179	68.228263854151237
13.597179	68.228263854151237
13.657264	72.84156000370605
13.657264	72.84156000370605
13.657264	72.84156000370605
13.681064	61.731815462955005
13.681064	61.731815462955005
13.681064	61.731815462955005
13.717178	54.801001491698628
13.717178	54.801001491698628
13.729064	53.945978037237339
13.729064	53.945978037237339
13.753146	52.9742446043334
13.753146	52.9742446043334
13.777189	51.443575243875728
13.777189	51.443575243875728
13.777189	51.443575243875728
13.777189	51.443575243875728
13.777189	51.443575243875728
13.777189	51.443575243875728
13.837165	49.998599341936512
13.837165	49.998599341936512
13.849064	49.940677818950093
13.849064	49.940677818950093
13.849064	49.940677818950093
13.849064	49.940677818950093
13.897168	63.142022640311069
13.897168	63.142022640311069
13.909065	64.716471989065596
13.909065	64.716471989065596
13.933437	66.517373450609199
13.933437	66.517373450609199
13.957194	67.236602813201245
13.957194	67.236602813201245
13.969064	61.961626122604471
13.969064	61.961626122604471
13.99314	51.877822065967862
13.99314	51.877822065967862
14.017165	47.739479908886068
14.017165	47.739479908886068
14.017165	47.739479908886068
14.041064	46.113033676403496
14.053245	45.761738671965304
14.053245	45.761738671965304
14.077182	29.074058595913531
14.077182	29.074058595913531
14.089069	22.27432234803101
14.101063	17.113086657616513
14.113159	14.544126505508775
14.125064	12.585338622703725
14.137165	11.376458038455036
14.137165	11.376458038455036
14.149064	10.667323175257495
14.161064	10.760378198409171
14.173146	17.652358727870606
14.185167	22.948516973067211
14.197177	26.171030653252227
14.197177	26.171030653252227
14.197177	26.171030653252227
14.197177	26.171030653252227
14.233148	30.233279095458379
14.233148	30.233279095458379
14.257172	31.119587709478541
14.257172	31.119587709478541
14.257172	31.119587709478541
14.281064	34.410233192629484
14.29314	35.300124642066194
14.305064	35.981175438174503
14.317324	36.40613827405447
14.317324	36.40613827405447
14.329064	36.646679086141177
14.329064	36.646679086141177
14.329064	36.646679086141177
14.365064	38.75146944162875
14.377183	42.994792948394988
14.377183	42.994792948394988
14.377183	42.994792948394988
14.377183	42.994792948394988
14.413151	48.293879025796777
14.413151	48.293879025796777
14.437166	49.449999687424587
14.437166	49.449999687424587
14.449163	49.710329953992385
14.449163	49.710329953992385
14.473147	45.620239016795033
14.473147	45.620239016795033
14.497187	40.762104775142141
14.497187	40.762104775142141
14.497187	40.762104775142141
14.497187	40.762104775142141
14.497187	40.762104775142141
14.497187	40.762104775142141
14.55717	37.942241494876136
14.55717	37.942241494876136
14.55717	37.942241494876136
14.55717	37.942241494876136
14.557175	37.942161887860614
14.605069	36.155778030498745
14.617173	36.003018560612006
14.617173	36.003018560612006
14.629069	35.913502651301144
14.641068	35.845629224162884
14.653139	35.811922574963326
14.653139	35.811922574963326
14.677196	35.029827277752183
14.677196	35.029827277752183
14.689069	34.716158281430374
14.689069	34.716158281430374
14.689069	34.716158281430374
14.689069	34.716158281430374
14.737165	34.212448853585897
14.737165	34.212448853585897
14.749073	34.179652432984568
14.749073	34.179652432984568
14.773141	33.562323391249038
14.785069	33.144789385933038
14.797165	32.887778757428258
14.797165	32.887778757428258
14.809088	32.736712966050689
14.809088	32.736712966050689
14.833141	32.565876721205292
14.833141	32.565876721205292
14.833141	32.565876721205292
14.857644	32.494615365977346
14.857644	32.494615365977346
14.857644	32.494615365977346
14.857644	32.494615365977346
14.857644	32.494615365977346
14.857644	32.494615365977346
14.857644	32.494615365977346
14.857644	32.494615365977346
14.91717	31.241849566255237
14.953143	31.115953022843183
14.953143	31.115953022843183
14.977256	30.496157448346832
14.977256	30.496157448346832
14.977256	30.496157448346832
14.977256	30.496157448346832
14.977256	30.496157448346832
15.025075	29.894292551076166
15.037187	29.84993822818549
15.037187	29.84993822818549
15.049075	29.824005026324524
15.061075	29.771179730189747
15.061075	29.771179730189747
15.085075	29.096988445956342
15.09717	28.917015191307165
15.09717	28.917015191307165
15.09717	28.917015191307165
15.09717	28.917015191307165
15.09717	28.917015191307165
15.09717	28.917015191307165
15.157179	28.64247187719014
15.157179	28.64247187719014
15.169075	28.366981647947711
15.169075	28.366981647947711
15.193138	27.855963888877611
15.193138	27.855963888877611
15.217186	27.645931464459071
15.217186	27.645931464459071
15.217186	27.645931464459071
15.217186	27.645931464459071
15.217186	27.645931464459071
15.217186	27.645931464459071
15.277186	27.797773677795217
15.277186	27.797773677795217
15.277186	27.797773677795217
15.301075	27.987629004398585
15.313147	28.028329341751874
15.313147	28.028329341751874
15.337169	28.078661659131718
15.337169	28.078661659131718
15.349075	28.089920763883242
15.349075	28.089920763883242
15.373215	27.256645172906754
15.385075	26.672635266192955
15.397186	26.309912454082959
15.397186	26.309912454082959
15.397186	26.309912454082959
15.397186	26.309912454082959
15.397186	26.309912454082959
15.397186	26.309912454082959
15.397186	26.309912454082959
15.397186	26.309912454082959
15.397186	26.309912454082959
15.45717	25.757828918022295
15.49314	25.072847208261877
15.49314	25.072847208261877
15.517171	24.891390398991486
15.517171	24.891390398991486
15.529096	24.850775919174186
15.529096	24.850775919174186
15.553143	24.804850613792542
15.565075	24.662628178064651
15.577225	24.342890318104384
15.577225	24.342890318104384
15.589104	24.157170861597542
15.589109	24.157108969622453
15.613143	23.94577050663376
15.613143	23.94577050663376
15.613143	23.94577050663376
15.613143	23.94577050663376
15.613143	23.94577050663376
15.613143	23.94577050663376
15.613143	23.94577050663376
15.63725	23.858601509188414
15.697174	22.096149740084332
15.697174	22.096149740084332
15.70908	21.890566970295307
15.721101	21.734718513171604
15.721101	21.734718513171604
15.721101	21.734718513171604
15.757179	21.561800967869846
15.757179	21.561800967869846
15.769153	20.147249456729309
15.78108	18.402938986685385
15.793145	17.531152300824136
15.793145	17.531152300824136
15.817186	16.451704224048651
15.817186	16.451704224048651
15.817186	16.451704224048651
15.817186	16.451704224048651
15.853165	15.937312616921384
15.853165	15.937312616921384
15.877185	18.622048295210643
15.877185	18.622048295210643
15.877185	18.622048295210643
15.877185	18.622048295210643
15.877185	18.622048295210643
15.877185	18.622048295210643
15.937176	21.557238536464023
15.937176	21.557238536464023
15.94908	21.674804555512704
15.96108	21.748894906072611
15.973152	21.625683985984313
15.9851	21.531306734793393
15.997175	21.473336686095109
15.997175	21.473336686095109
15.997175	21.473336686095109
15.997175	21.473336686095109
15.997175	21.473336686095109
15.997175	21.473336686095109
16.05718	21.384782306932163
16.05718	21.384782306932163
16.05718	21.384782306932163
16.08108	21.292558655023964
16.093144	21.267429932005626
16.093144	21.267429932005626
16.117192	21.236304954506892
16.117192	21.236304954506892
16.117192	21.236304954506892
16.117192	21.236304954506892
16.153147	21.221486479738591
16.153147	21.221486479738591
16.17719	21.11288736845567
16.17719	21.11288736845567
16.17719	21.11288736845567
16.17719	21.11288736845567
16.213146	21.018633898316349
16.22508	21.005890102723022
16.237175	20.998046529755303
16.237175	20.998046529755303
16.237175	20.998046529755303
16.237175	20.998046529755303
16.273145	20.957896355277821
16.285098	20.935217990121494
16.29725	20.921208439046048
16.29725	20.921208439046048
16.29725	20.921208439046048
16.29725	20.921208439046048
16.29725	20.921208439046048
16.29725	20.921208439046048
16.357177	20.900030038826099
16.357177	20.900030038826099
16.36908	20.867909300290723
16.36908	20.867909300290723
16.36908	20.867909300290723
16.36908	20.867909300290723
16.417175	20.783457290470455
16.417175	20.783457290470455
16.429151	20.777935964841401
16.429151	20.777935964841401
16.429151	20.777935964841401
16.429151	20.777935964841401
16.477192	21.420221626899753
16.477192	21.420221626899753
16.477192	21.420221626899753
16.477192	21.420221626899753
16.513154	21.991812405478861
16.525102	22.069116693129757
16.537193	22.116668251817849
16.537193	22.116668251817849
16.537193	22.116668251817849
16.537193	22.116668251817849
16.573151	22.176149092319562
16.573151	22.176149092319562
16.597191	22.189145054001873
16.609087	22.192044260050686
16.609087	22.192044260050686
16.609087	22.192044260050686
16.633157	22.195336788021731
16.645086	22.196173138260797
16.657204	22.196689332074168
16.657204	22.196689332074168
16.657204	22.196689332074168
16.657204	22.196689332074168
16.657204	22.196689332074168
16.705087	22.644711512182496
16.71718	22.683961603052026
16.71718	22.683961603052026
16.71718	22.683961603052026
16.71718	22.683961603052026
16.753163	22.733101074167653
16.753163	22.733101074167653
16.777215	22.50639115700401
16.777215	22.50639115700401
16.777215	22.50639115700401
16.777215	22.50639115700401
16.777215	22.50639115700401
16.777215	22.50639115700401
16.837192	22.258735239073719
16.837192	22.258735239073719
16.849087	22.248818160343067
16.849087	22.248818160343067
16.87315	22.237556255722978
16.87315	22.237556255722978
16.897214	22.232925438855208
16.897214	22.232925438855208
16.897214	22.232925438855208
16.897214	22.232925438855208
16.93315	22.23072447654452
16.93315	22.23072447654452
16.957269	22.23024169762369
16.957269	22.23024169762369
16.969086	21.862210044841945
16.969086	21.862210044841945
16.993176	21.169172811521808
17.005087	20.993586455741632
17.017192	20.885113504358497
17.017192	20.885113504358497
17.029176	20.821273663682408
17.029176	20.821273663682408
17.053173	20.749532239919045
17.053173	20.749532239919045
17.053173	20.749532239919045
17.053173	20.749532239919045
17.053173	20.749532239919045
17.053173	20.749532239919045
17.053173	20.749532239919045
17.077193	20.744320874889407
17.137188	20.753243349183062
17.137188	20.753243349183062
17.149087	20.753600421860529
17.149087	20.753600421860529
17.149087	20.753600421860529
17.185108	20.931449246147075
17.197181	20.976466658567968
17.197181	20.976466658567968
17.197181	20.976466658567968
17.221157	21.023011159112265
17.233159	21.032912911318487
17.233159	21.032912911318487
17.233159	21.032912911318487
17.233159	21.032912911318487
17.233159	21.032912911318487
17.257226	21.045241610086915
17.29315	21.245385767116787
17.30509	21.278442302746878
17.317217	21.298840271461373
17.317217	21.298840271461373
17.329087	21.310710890906879
17.329087	21.310710890906879
17.329087	21.310710890906879
17.329087	21.310710890906879
17.377194	21.437645416463884
17.377194	21.437645416463884
17.38913	21.483425704019471
17.38913	21.483425704019471
17.38913	21.483425704019471
17.425087	21.548335380253384
17.437191	21.556457236508979
17.437191	21.556457236508979
17.437191	21.556457236508979
17.461087	21.578371379506553
17.47315	21.730593398130818
17.485158	21.847649104605473
17.485158	21.847649104605473
17.485158	21.847649104605473
17.485158	21.847649104605473
17.521132	21.993072733896486
17.533153	22.008859835414103
17.533153	22.008859835414103
17.557199	22.028476530873697
17.557199	22.028476530873697
17.557199	22.028476530873697
17.581107	22.850168359730617
17.593153	23.076575723763089
17.593153	23.076575723763089
17.617265	23.357904029238565
17.617265	23.357904029238565
17.629094	23.419901521125695
17.641094	23.467394504100103
17.653167	23.491010297768565
17.665094	23.409747128320081
17.677199	23.184877655687767
17.677199	23.184877655687767
17.689094	23.053381249569853
17.701094	22.953588057605046
17.713184	22.903896213722248
17.725094	22.866032989014165
17.725094	22.866032989014165
17.737191	22.842645529767079
17.749165	22.828880220881395
17.749165	22.828880220881395
17.749165	22.828880220881395
17.749165	22.828880220881395
17.797194	23.11529405380184
17.797194	23.11529405380184
17.797194	23.11529405380184
17.797194	23.11529405380184
17.797194	23.11529405380184
17.797194	23.11529405380184
17.797194	23.11529405380184
17.797194	23.11529405380184
17.797194	23.11529405380184
17.797194	23.11529405380184
17.797194	23.11529405380184
17.797194	23.11529405380184
17.797194	23.11529405380184
17.857198	23.206727346051569
17.917239	23.634891538655012
17.941094	23.670161386682047
17.95318	23.677760910670244
17.965094	23.749199689995827
17.977238	23.90928509623037
17.977238	23.90928509623037
17.977238	23.90928509623037
17.977238	23.90928509623037
18.013228	24.108288649807186
18.013228	24.108288649807186
18.037187	24.151619383006746
18.037187	24.151619383006746
18.037187	24.151619383006746
18.037187	24.151619383006746
18.073159	23.132357019157766
18.073159	23.132357019157766
18.097209	21.956444625002941
18.097209	21.956444625002941
18.097209	21.956444625002941
18.097209	21.956444625002941
18.133166	21.396808899253109
18.133166	21.396808899253109
18.157214	21.274465808870694
18.157214	21.274465808870694
18.169094	22.194129347234806
18.181174	23.366412872245888
18.181174	23.366412872245888
18.205094	24.387705870870892
18.217188	24.661471203393099
18.217188	24.661471203393099
18.229096	24.82197623361149
18.229096	24.82197623361149
18.229096	24.82197623361149
18.229096	24.82197623361149
18.277277	25.315750396321388
18.277277	25.315750396321388
18.289094	25.428194275209108
18.289094	25.428194275209108
18.289094	25.428194275209108
18.325095	25.59018426620629
18.337193	25.61040761059694
18.337193	25.61040761059694
18.349094	25.622250441702256
18.361094	25.649909829890003
18.361094	25.649909829890003
18.361094	25.649909829890003
18.397188	26.120745850638688
18.397188	26.120745850638688
18.409165	26.179192987359603
18.409165	26.179192987359603
18.433166	26.244914816000534
18.433166	26.244914816000534
18.457196	26.272006601871599
18.457196	26.272006601871599
18.457196	26.272006601871599
18.457196	26.272006601871599
18.457196	26.272006601871599
18.457196	26.272006601871599
18.517191	29.595952220595095
18.517191	29.595952220595095
18.517191	29.595952220595095
18.517191	29.595952220595095
18.553164	29.930736267460244
18.565094	29.627398707350469
18.565094	29.627398707350469
18.565094	29.627398707350469
18.577205	28.826639639991505
18.601094	28.003823284195661
18.613132	27.827719250530389
18.62512	27.692015675546116
18.63721	27.608822477904386
18.63721	27.608822477904386
18.6491	27.560169696496743
18.6491	27.560169696496743
18.6491	27.560169696496743
18.6491	27.560169696496743
18.697194	27.86964497291633
18.697194	27.86964497291633
18.697194	27.86964497291633
18.721099	27.941564313148088
18.733164	27.956976447545443
18.7451	27.968773373375953
18.757215	27.976052938431561
18.757215	27.976052938431561
18.757215	27.976052938431561
18.757215	27.976052938431561
18.793164	28.326185158017925
18.793164	28.326185158017925
18.817196	28.419581858593446
18.817196	28.419581858593446
18.8291	28.440435422510191
18.8291	28.440435422510191
18.853171	28.464105484529082
18.865099	28.534475404202883
18.877207	28.691013451595374
18.877207	28.691013451595374
18.877207	28.691013451595374
18.877207	28.691013451595374
18.913178	28.88644358529243
18.913178	28.88644358529243
18.937263	28.929185406898913
18.937263	28.929185406898913
18.937263	28.929185406898913
18.937263	28.929185406898913
18.937263	28.929185406898913
18.937263	28.929185406898913
18.997194	29.238643753856252
18.997194	29.238643753856252
18.997194	29.238643753856252
18.997194	29.238643753856252
19.033171	29.312902191080166
19.033171	29.312902191080166
19.057198	29.329105088911597
19.057198	29.329105088911597
19.069222	29.45520038031492
19.069222	29.45520038031492
19.069222	29.45520038031492
19.069222	29.45520038031492
19.117222	29.77958052297933
19.117222	29.77958052297933
19.117222	29.77958052297933
19.117222	29.77958052297933
19.117222	29.77958052297933
19.165101	29.877620459986968
19.177206	29.992378028840651
19.177206	29.992378028840651
19.177206	29.992378028840651
19.177206	29.992378028840651
19.213163	30.135660792225096
19.213163	30.135660792225096
19.237198	30.166969789661344
19.237198	30.166969789661344
19.237198	30.166969789661344
19.2611	30.192474464852349
19.2611	30.192474464852349
19.2611	30.192474464852349
19.297194	30.522664064241592
19.297194	30.522664064241592
19.309099	30.563443718284361
19.309099	30.563443718284361
19.309099	30.563443718284361
19.309099	30.563443718284361
19.357196	30.628718715094298
19.357196	30.628718715094298
19.369103	30.722939568503687
19.369103	30.722939568503687
19.393164	30.896667455344009
19.4051	30.940827709750323
19.417214	30.968075563536878
19.417214	30.968075563536878
19.4291	30.98396999954285
19.4291	30.98396999954285
19.453168	31.002055612468293
19.465173	31.049224440748574
19.47723	31.15123876957524
19.47723	31.15123876957524
19.47723	31.15123876957524
19.47723	31.15123876957524
19.47723	31.15123876957524
19.47723	31.15123876957524
19.537195	31.306855186151971
19.537195	31.306855186151971
19.54912	31.31310265869125
19.54912	31.31310265869125
19.54912	31.31310265869125
19.5851	31.518483714515103
19.597263	31.569791711337338
19.597263	31.569791711337338
19.597263	31.569791711337338
19.597274	31.569838113373425
19.597274	31.569838113373425
19.64511	31.641931966945272
19.657212	31.647244983345892
19.657212	31.647244983345892
19.657212	31.647244983345892
19.657212	31.647244983345892
19.657212	31.647244983345892
19.70511	30.610027005123744
19.717205	30.519027654534327
19.717205	30.519027654534327
19.717205	30.519027654534327
19.717205	30.519027654534327
19.717205	30.519027654534327
19.717205	30.519027654534327
19.777218	31.230885601268806
19.777218	31.230885601268806
19.777218	31.230885601268806
19.80111	31.835352641213749
19.813193	31.965306658342428
19.825111	32.064373063898657
19.837212	32.125591572648908
19.837212	32.125591572648908
19.849111	32.161376700035781
19.849111	32.161376700035781
19.873181	32.285908746777459
19.873181	32.285908746777459
19.897285	32.397760831228361
19.897285	32.397760831228361
19.897285	32.397760831228361
19.897285	32.397760831228361
19.933175	32.450683626817316
19.933175	32.450683626817316
19.957211	32.462302019101564
19.957211	32.462302019101564
19.957211	32.462302019101564
19.957211	32.462302019101564
19.957211	32.462302019101564
19.957211	32.462302019101564
20.017227	29.728389282216423
20.017227	29.728389282216423
20.029199	29.599055934918223
20.041111	29.502031154875187
20.041111	29.502031154875187
20.041111	29.502031154875187
20.077233	30.951873966416439
20.077233	30.951873966416439
20.077233	30.951873966416439
20.101111	32.051690296948593
20.113183	32.288205003516367
20.113183	32.288205003516367
20.137215	32.580410947403202
20.137215	32.580410947403202
20.137215	32.580410947403202
20.137215	32.580410947403202
20.137215	32.580410947403202
20.137215	32.580410947403202
20.19721	35.442198554201227
20.19721	35.442198554201227
20.19721	35.442198554201227
20.19721	35.442198554201227
20.233182	36.137926872547659
20.233182	36.137926872547659
20.233182	36.137926872547659
20.257285	36.290173058772652
20.269512	35.459888276729068
20.269512	35.459888276729068
20.269512	35.459888276729068
20.269512	35.459888276729068
20.317224	33.358180589931834
20.317224	33.358180589931834
20.317224	33.358180589931834
20.317224	33.358180589931834
20.353179	33.061997227037018
20.353179	33.061997227037018
20.377225	33.089230355696358
20.377225	33.089230355696358
20.377225	33.089230355696358
20.401111	33.130239577341413
20.401111	33.130239577341413
20.425114	33.145785922623816
20.43721	33.149939755082606
20.43721	33.149939755082606
20.43721	33.149939755082606
20.43721	33.149939755082606
20.43721	33.149939755082606
20.43721	33.149939755082606
20.497204	35.68560399625909
20.497204	35.68560399625909
20.509111	35.985771594158322
20.509111	35.985771594158322
20.509111	35.985771594158322
20.509111	35.985771594158322
20.55723	36.466448781422777
20.55723	36.466448781422777
20.55723	36.466448781422777
20.55723	36.466448781422777
20.55723	36.466448781422777
20.605111	33.68058967206494
20.617207	33.435373717455548
20.617207	33.435373717455548
20.617211	33.435292627523452
20.617211	33.435292627523452
20.65325	33.12860687395753
20.665114	33.088664465820422
20.677238	33.065748738148031
20.677238	33.065748738148031
20.677238	33.065748738148031
20.701115	33.04228062577085
20.701115	33.04228062577085
20.701115	33.04228062577085
20.737226	33.030994443153858
20.737226	33.030994443153858
20.749115	33.029605374239935
20.749115	33.029605374239935
20.773186	32.94895581560548
20.785192	32.893049104664115
20.797214	32.858894089206849
20.797214	32.858894089206849
20.797214	32.858894089206849
20.797214	32.858894089206849
20.797214	32.858894089206849
20.797214	32.858894089206849
20.857215	32.806589715648208
20.857215	32.806589715648208
20.869115	32.545942368027362
20.881115	32.220714382344525
20.881115	32.220714382344525
20.905115	31.935241653108292
20.917278	31.858530905788697
20.917278	31.858530905788697
20.917278	31.858530905788697
20.917278	31.858530905788697
20.917278	31.858530905788697
20.917278	31.858530905788697
20.917278	31.858530905788697
20.977257	31.520030436227284
20.989115	31.424661480908096
21.001115	31.351861138067193
21.001115	31.351861138067193
21.001115	31.351861138067193
21.037207	31.270888764229358
21.037207	31.270888764229358
21.037207	31.270888764229358
21.037207	31.270888764229358
21.037207	31.270888764229358
21.037207	31.270888764229358
21.097214	31.918601647696512
21.097214	31.918601647696512
21.097214	31.918601647696512
21.097214	31.918601647696512
21.097214	31.918601647696512
21.097214	31.918601647696512
21.157226	32.123554149521951
21.157226	32.123554149521951
21.157226	32.123554149521951
21.157226	32.123554149521951
21.157226	32.123554149521951
21.205115	29.44385477806264
21.217212	29.208718982883337
21.217212	29.208718982883337
21.217212	29.208718982883337
21.241135	28.966786375453957
21.253184	28.914967835145521
21.265115	29.274176739694418
21.277218	30.193489243475852
21.277218	30.193489243475852
21.277218	30.193489243475852
21.277218	30.193489243475852
21.277218	30.193489243475852
21.325115	31.495929824826966
21.337217	31.59159787836812
21.337217	31.59159787836812
21.337217	31.59159787836812
21.337217	31.59159787836812
21.337217	31.59159787836812
21.337217	31.59159787836812
21.397213	31.580004241215029
21.397213	31.580004241215029
21.397213	31.580004241215029
21.397213	31.580004241215029
21.397213	31.580004241215029
21.445186	31.548989810915469
21.445186	31.548989810915469
21.445186	31.548989810915469
21.445186	31.548989810915469
21.457217	31.546726711005938
21.49319	31.454774323013606
21.505115	31.439649184993581
21.517215	31.430308264001368
21.517215	31.430308264001368
21.529115	31.424848464004484
21.529115	31.424848464004484
21.553182	31.418644361146551
21.565114	31.397516547060988
21.577301	31.349942745602778
21.577301	31.349942745602778
21.577301	31.349942745602778
21.577301	31.349942745602778
21.577301	31.349942745602778
21.577301	31.349942745602778
21.637224	31.27841141384183
21.637224	31.27841141384183
21.649122	31.275540418437387
21.661122	31.269549682814979
21.661122	31.269549682814979
21.685121	31.195331094445958
21.697249	31.175440947850671
21.697249	31.175440947850671
21.709193	31.163837519674004
21.709193	31.163837519674004
21.709193	31.163837519674004
21.709193	31.163837519674004
21.757219	31.145304473122323
21.757219	31.145304473122323
21.769122	30.708138612036695
21.781122	30.162118385384154
21.793186	29.890460543374836
21.793186	29.890460543374836
21.817216	29.554670840576843
21.817216	29.554670840576843
21.817216	29.554670840576843
21.841192	29.422744601412205
21.853189	29.394629268374931
21.853189	29.394629268374931
21.877249	30.005543789990405
21.877249	30.005543789990405
21.877249	30.005543789990405
21.901122	30.456441114163237
21.901122	30.456441114163237
21.901122	30.456441114163237
21.937239	30.673442765234395
21.937239	30.673442765234395
21.937239	30.673442765234395
21.937239	30.673442765234395
21.937239	30.673442765234395
21.937239	30.673442765234395
21.997216	30.627131694496669
21.997216	30.627131694496669
21.997216	30.627131694496669
21.997216	30.627131694496669
21.997216	30.627131694496669
22.045122	30.600622261749692
22.057242	30.598672480800005
22.057242	30.598672480800005
22.057242	30.598672480800005
22.057242	30.598672480800005
22.093185	30.41096242079454
22.093185	30.41096242079454
22.117226	30.360811876801041
22.117226	30.360811876801041
22.117226	30.360811876801041
22.141219	30.341122454851828
22.153204	30.336929204402558
22.165122	30.311324513012909
22.177229	30.256422407757263
22.177229	30.256422407757263
22.177229	30.256422407757263
22.177229	30.256422407757263
22.177229	30.256422407757263
22.177229	30.256422407757263
22.237287	30.17297063244645
22.237287	30.17297063244645
22.237287	30.17297063244645
22.237287	30.17297063244645
22.273208	30.108209408367983
22.273208	30.108209408367983
22.297216	30.041649645209414
22.297216	30.041649645209414
22.309195	30.026701786626109
22.321122	30.015493339686834
22.333194	30.009877232468131
22.345121	30.005590343549517
22.35722	30.002942744647946
22.35722	30.002942744647946
22.35722	30.002942744647946
22.35722	30.002942744647946
22.35722	30.002942744647946
22.35722	30.002942744647946
22.417218	29.835463411321346
22.417218	29.835463411321346
22.417218	29.835463411321346
22.417218	29.835463411321346
22.453189	29.818671124676175
22.465148	29.793908707343817
22.477228	29.739733115418399
22.477228	29.739733115418399
22.477228	29.739733115418399
22.477228	29.739733115418399
22.477228	29.739733115418399
22.477228	29.739733115418399
22.537219	29.657228846898004
22.537219	29.657228846898004
22.537219	29.657228846898004
22.561122	29.646526586662453
22.561122	29.646526586662453
22.561122	29.646526586662453
22.597215	29.525993525278263
22.597215	29.525993525278263
22.597215	29.525993525278263
22.621122	29.499845993435308
22.633263	29.494200134647993
22.645127	29.489945802407636
22.657256	29.487292742233922
22.657256	29.487292742233922
22.669131	29.842932644938045
22.669131	29.842932644938045
22.693196	30.509145814575842
22.705128	30.678274790127091
22.717227	30.782714837983395
22.717227	30.782714837983395
22.717227	30.782714837983395
22.717227	30.782714837983395
22.753196	30.913061881611732
22.765198	30.69527518847832
22.777235	30.160854492926795
22.777235	30.160854492926795
22.777235	30.160854492926795
22.777235	30.160854492926795
22.777235	30.160854492926795
22.777235	30.160854492926795
22.837222	29.344372170616801
22.837222	29.344372170616801
22.837222	29.344372170616801
22.837222	29.344372170616801
22.873193	29.223338441380388
22.873193	29.223338441380388
22.897297	29.150023528501642
22.897297	29.150023528501642
22.897297	29.150023528501642
22.897297	29.150023528501642
22.897297	29.150023528501642
22.945348	29.110578121167123
22.957229	29.107724539892637
22.957229	29.107724539892637
22.957229	29.107724539892637
22.957229	29.107724539892637
22.957229	29.107724539892637
22.957229	29.107724539892637
22.957229	29.107724539892637
22.957229	29.107724539892637
22.957229	29.107724539892637
22.957229	29.107724539892637
22.957229	29.107724539892637
23.017221	29.052578281886163
23.077235	28.985554128779711
23.077235	28.985554128779711
23.077235	28.985554128779711
23.077235	28.985554128779711
23.113206	28.932133647371202
23.125128	28.924924908754729
23.137227	28.920468553415994
23.137227	28.920468553415994
23.137227	28.920468553415994
23.161198	28.911816298882147
23.173216	28.870025537162
23.173216	28.870025537162
23.173216	28.870025537162
23.173216	28.870025537162
23.197305	28.818130011046719
23.221128	28.797926058060511
23.221128	28.797926058060511
23.221128	28.797926058060511
23.257227	28.788163754447122
23.257227	28.788163754447122
23.257227	28.788163754447122
23.257227	28.788163754447122
23.257227	28.788163754447122
23.257227	28.788163754447122
23.317275	28.661368714982576
23.317275	28.661368714982576
23.317275	28.661368714982576
23.341127	28.65095426953167
23.353197	28.648708066196178
23.365128	28.643787143995361
23.377225	28.635165207198284
23.377225	28.635165207198284
23.389128	28.630127175151621
23.389128	28.630127175151621
23.413191	28.624402129936716
23.413191	28.624402129936716
23.437224	28.622050761484182
23.437224	28.622050761484182
23.437224	28.622050761484182
23.46113	28.617733611429447
23.473193	28.581294640938271
23.485148	28.553417896806256
23.497227	28.536255090403472
23.497227	28.536255090403472
23.497227	28.536255090403472
23.497227	28.536255090403472
23.533193	28.514800420764107
23.533193	28.514800420764107
23.533193	28.514800420764107
23.557313	28.510100285233285
23.569128	28.87467202422922
23.581127	29.330568124299763
23.581127	29.330568124299763
23.605128	29.730883808180707
23.617264	29.838245442561171
23.617264	29.838245442561171
23.617264	29.838245442561171
23.617271	29.838307368355558
23.617271	29.838307368355558
23.665134	29.768473279774462
23.677262	29.257397788784505
23.677262	29.257397788784505
23.689206	28.959538905580853
23.689206	28.959538905580853
23.689206	28.959538905580853
23.725138	28.536574885655931
23.725138	28.536574885655931
23.737228	28.483552187645973
23.749157	28.452504977560135
23.749157	28.452504977560135
23.749157	28.452504977560135
23.749157	28.452504977560135
23.79723	28.41005534518893
23.79723	28.41005534518893
23.809135	28.40768018957705
23.809135	28.40768018957705
23.809135	28.40768018957705
23.809135	28.40768018957705
23.857274	28.403871041585944
23.857274	28.403871041585944
23.857274	28.403871041585944
23.881155	28.359722950276023
23.8932	28.347573507364455
23.8932	28.347573507364455
23.917234	28.332537766272971
23.917234	28.332537766272971
23.917234	28.332537766272971
23.917234	28.332537766272971
23.917234	28.332537766272971
23.917234	28.332537766272971
23.97723	28.290390839547449
23.97723	28.290390839547449
23.989138	28.276331510255662
24.001135	28.265669394501884
24.013217	28.260352219344526
24.025135	28.256304094614965
24.037228	28.253800737890483
24.037228	28.253800737890483
24.037228	28.253800737890483
24.061135	28.252187255145611
24.061135	28.252187255145611
24.061135	28.252187255145611
24.097233	28.273759092693325
24.097233	28.273759092693325
24.109153	28.276419824374642
24.109153	28.276419824374642
24.133201	28.279438188838011
24.133201	28.279438188838011
24.157233	28.280678874983007
24.157233	28.280678874983007
24.157233	28.280678874983007
24.157233	28.280678874983007
24.193199	28.238284802628126
24.193199	28.238284802628126
24.217304	28.226888070685835
24.217304	28.226888070685835
24.217304	28.226888070685835
24.217304	28.226888070685835
24.253206	28.221496794165365
24.253206	28.221496794165365
24.277288	28.243077791864746
24.277288	28.243077791864746
24.289138	28.252047631935529
24.289138	28.252047631935529
24.289138	28.252047631935529
24.289138	28.252047631935529
24.337228	28.266541174226319
24.337228	28.266541174226319
24.349205	28.267486882343622
24.349205	28.267486882343622
24.349205	28.267486882343622
24.349205	28.267486882343622
24.397229	28.240016169606267
24.397229	28.240016169606267
24.409154	28.236682321779689
24.409154	28.236682321779689
24.433206	28.232902456121646
24.445135	28.231942546034375
24.457235	28.231349304318929
24.457235	28.231349304318929
24.457235	28.231349304318929
24.457235	28.231349304318929
24.493199	29.360282634831943
24.493199	29.360282634831943
24.493199	29.360282634831943
24.493199	29.360282634831943
24.493199	29.360282634831943
24.493199	29.360282634831943
24.493199	29.360282634831943
24.517327	29.663253992642776
24.57723	30.612240095782006
24.57723	30.612240095782006
24.57723	30.612240095782006
24.57723	30.612240095782006
24.57723	30.612240095782006
24.57723	30.612240095782006
24.637253	31.45757505330625
24.637253	31.45757505330625
24.649204	31.491412849360678
24.649204	31.491412849360678
24.673206	30.417559378855394
24.685141	29.651523908215388
24.697233	29.17855814645371
24.697233	29.17855814645371
24.697233	29.17855814645371
24.72114	28.69249778188172
24.733207	28.588068093762725
24.733207	28.588068093762725
24.757239	28.459105278673217
24.757239	28.459105278673217
24.757239	28.459105278673217
24.757239	28.459105278673217
24.757239	28.459105278673217
24.757239	28.459105278673217
24.757239	28.459105278673217
24.757239	28.459105278673217
24.817235	28.384242083019558
24.841141	28.378977075580217
24.841141	28.378977075580217
24.841141	28.378977075580217
24.877323	28.376444994635907
24.877323	28.376444994635907
24.877323	28.376444994635907
24.877323	28.376444994635907
24.877323	28.376444994635907
24.925142	28.375693312950094
24.937246	28.375637759537806
24.937246	28.375637759537806
24.937246	28.375637759537806
24.937246	28.375637759537806
24.937246	28.375637759537806
24.937246	28.375637759537806
24.997236	28.37555339922519
24.997236	28.37555339922519
25.009227	28.375550005825399
25.02114	28.375547464846356
25.02114	28.375547464846356
25.02114	28.375547464846356
25.057236	28.375544614785767
25.057236	28.375544614785767
25.057236	28.375544614785767
25.057236	28.375544614785767
25.093204	28.37553459733909
25.093204	28.37553459733909
25.117233	28.375531955118678
25.117233	28.375531955118678
25.117233	28.375531955118678
25.117233	28.375531955118678
25.117233	28.375531955118678
25.117233	28.375531955118678
25.177281	28.375543513319677
25.177281	28.375543513319677
25.177281	28.375543513319677
25.177281	28.375543513319677
25.177281	28.375543513319677
25.177281	28.375543513319677
25.237236	28.375557253173934
25.237236	28.375557253173934
25.237236	28.375557253173934
25.261141	28.378616382365408
25.261141	28.378616382365408
25.261141	28.378616382365408
25.297237	28.450894768245636
25.297237	28.450894768245636
25.309144	28.459800770943552
25.321168	28.46656442094655
25.333207	28.469922628512808
25.333207	28.469922628512808
25.35724	28.47407953893606
25.35724	28.47407953893606
25.369141	28.480002820930494
25.369141	28.480002820930494
25.369141	28.480002820930494
25.405213	28.493034159382873
25.41724	28.494653062776926
25.41724	28.494653062776926
25.41724	28.494653062776926
25.41724	28.494653062776926
25.41724	28.494653062776926
25.41724	28.494653062776926
25.41724	28.494653062776926
25.41724	28.494653062776926
25.41724	28.494653062776926
25.41724	28.494653062776926
25.41724	28.494653062776926
25.477234	28.552511456529256
25.537303	28.611897964271051
25.537303	28.611897964271051
25.537303	28.611897964271051
25.537303	28.611897964271051
25.573217	28.630155601738998
25.585141	28.640035292792902
25.597233	28.646142505891778
25.597233	28.646142505891778
25.597233	28.646142505891778
25.597233	28.646142505891778
25.597233	28.646142505891778
25.597233	28.646142505891778
25.657249	28.655433031635781
25.657249	28.655433031635781
25.657249	28.655433031635781
25.657249	28.655433031635781
25.657249	28.655433031635781
25.657249	28.655433031635781
25.657249	28.655433031635781
25.657249	28.655433031635781
25.657249	28.655433031635781
25.657249	28.655433031635781
25.657249	28.655433031635781
25.657249	28.655433031635781
25.777271	28.76109877470866
25.777271	28.76109877470866
25.777271	28.76109877470866
25.777271	28.76109877470866
25.777271	28.76109877470866
25.777271	28.76109877470866
25.837247	28.829453581372668
25.837247	28.829453581372668
25.837247	28.829453581372668
25.861149	28.836146628399401
25.873214	28.856941155590842
25.88517	28.872828504843035
25.897242	28.88261545783957
25.897242	28.88261545783957
25.897242	28.88261545783957
25.897242	28.88261545783957
25.897242	28.88261545783957
25.945149	28.896500190053779
25.957254	28.897521535660381
25.957254	28.897521535660381
25.957254	28.897521535660381
25.957254	28.897521535660381
25.957254	28.897521535660381
25.957254	28.897521535660381
26.017261	28.948970878905783
26.017261	28.948970878905783
26.017261	28.948970878905783
26.017261	28.948970878905783
26.017261	28.948970878905783
26.065225	28.963140582248215
26.077246	28.982737303509339
26.077246	28.982737303509339
26.077246	28.982737303509339
26.077246	28.982737303509339
26.113229	29.007334738838669
26.125149	29.010650566460463
26.137263	29.012705841950176
26.137263	29.012705841950176
26.137263	29.012705841950176
26.137263	29.012705841950176
26.17322	29.035718996305356
26.17322	29.035718996305356
26.197317	29.059374823331684
26.197317	29.059374823331684
26.197317	29.059374823331684
26.197317	29.059374823331684
26.197317	29.059374823331684
26.245149	29.072086949874048
26.257247	29.07302560971457
26.257247	29.07302560971457
26.269148	29.086467610551377
26.281169	29.102955206324999
26.281169	29.102955206324999
26.305148	29.117410863603691
26.317285	29.121294026880719
26.317285	29.121294026880719
26.317285	29.121294026880719
26.317285	29.121294026880719
26.317285	29.121294026880719
26.317285	29.121294026880719
26.377252	29.155424165013319
26.377252	29.155424165013319
26.377252	29.155424165013319
26.377252	29.155424165013319
26.377252	29.155424165013319
26.425149	29.184033536976965
26.437244	29.186137500829709
26.437244	29.186137500829709
26.437244	29.186137500829709
26.437244	29.186137500829709
26.437244	29.186137500829709
26.437244	29.186137500829709
26.497247	29.312991581125157
26.497247	29.312991581125157
26.497247	29.312991581125157
26.497247	29.312991581125157
26.497247	29.312991581125157
26.545149	29.348726054979672
26.557247	29.35135389065228
26.557247	29.35135389065228
26.557247	29.35135389065228
26.557247	29.35135389065228
26.593295	29.404013326182572
26.605148	29.412526220176694
26.617244	29.41783336737921
26.617244	29.41783336737921
26.617244	29.41783336737921
26.617244	29.41783336737921
26.617244	29.41783336737921
26.665155	29.436291824390452
26.677254	29.462532101220631
26.677254	29.462532101220631
26.689156	29.477828142883983
26.689156	29.477828142883983
26.689156	29.477828142883983
26.689156	29.477828142883983
26.737253	29.502382075524853
26.737253	29.502382075524853
26.737253	29.502382075524853
26.737253	29.502382075524853
26.77323	29.531482378050256
26.785156	29.549801218311242
26.797252	29.561136230383607
26.797252	29.561136230383607
26.797252	29.561136230383607
26.797252	29.561136230383607
26.833234	29.575270922032526
26.833234	29.575270922032526
26.857377	29.578368460040586
26.857377	29.578368460040586
26.857377	29.578368460040586
26.857377	29.578368460040586
26.857377	29.578368460040586
26.857377	29.578368460040586
26.917254	29.646678971998544
26.917254	29.646678971998544
26.929156	29.649875255334464
26.929156	29.649875255334464
26.929156	29.649875255334464
26.965155	29.65047390434578
26.977253	29.641747315905182
26.977253	29.641747315905182
26.977253	29.641747315905182
26.977253	29.641747315905182
26.977253	29.641747315905182
26.977253	29.641747315905182
27.037256	29.628492581225949
27.037256	29.628492581225949
27.037256	29.628492581225949
27.037256	29.628492581225949
27.037256	29.628492581225949
27.037256	29.628492581225949
27.097252	29.664209358142401
27.097252	29.664209358142401
27.097252	29.664209358142401
27.097252	29.664209358142401
27.097252	29.664209358142401
27.097252	29.664209358142401
27.157261	29.675471223747493
27.157261	29.675471223747493
27.157261	29.675471223747493
27.181156	29.712739392074059
27.193219	29.722984572060462
27.193219	29.722984572060462
27.217275	29.735644984682949
27.217275	29.735644984682949
27.217275	29.735644984682949
27.217275	29.735644984682949
27.217275	29.735644984682949
27.217275	29.735644984682949
27.277252	29.768103104780497
27.277252	29.768103104780497
27.277252	29.768103104780497
27.277252	29.768103104780497
27.277252	29.768103104780497
27.325155	29.79374452761628
27.337252	29.795630468323768
27.337252	29.795630468323768
27.337252	29.795630468323768
27.337252	29.795630468323768
27.373227	29.817849124076002
27.373227	29.817849124076002
27.397253	29.840725525714838
27.397253	29.840725525714838
27.397253	29.840725525714838
27.397253	29.840725525714838
27.433226	29.851625159965078
27.445155	29.85309614973955
27.457265	29.854007046918841
27.457265	29.854007046918841
27.457265	29.854007046918841
27.457265	29.854007046918841
27.493237	29.896936414212121
27.493237	29.896936414212121
27.517327	29.908363832540317
27.517327	29.908363832540317
27.517327	29.908363832540317
27.517327	29.908363832540317
27.517327	29.908363832540317
27.517327	29.908363832540317
27.577257	29.891466429511411
27.577257	29.891466429511411
27.589156	29.882133222367408
27.589156	29.882133222367408
27.61322	29.87150790305834
27.61322	29.87150790305834
27.637256	29.867144326016362
27.637256	29.867144326016362
27.637256	29.867144326016362
27.637263	29.867143361536307
27.67323	29.877913465016526
27.67323	29.877913465016526
27.67323	29.877913465016526
27.67323	29.877913465016526
27.67323	29.877913465016526
27.67323	29.877913465016526
27.67323	29.877913465016526
27.67323	29.877913465016526
27.757297	29.900045315707278
27.757297	29.900045315707278
27.757297	29.900045315707278
27.757297	29.900045315707278
27.793228	29.927810720804587
27.793228	29.927810720804587
27.817262	29.935194423047069
27.817262	29.935194423047069
27.829163	29.93683821885843
27.841163	29.938087099756149
27.841163	29.938087099756149
27.865163	29.944507949581666
27.877262	29.957276726053838
27.877262	29.957276726053838
27.889182	29.964724394154594
27.889182	29.964724394154594
27.889182	29.964724394154594
27.889182	29.964724394154594
27.937257	29.976660111484001
27.937257	29.976660111484001
27.937257	29.976660111484001
27.961163	29.979152292977329
27.961163	29.979152292977329
27.961163	29.979152292977329
27.997255	30.005981198065278
27.997255	30.005981198065278
27.997255	30.005981198065278
27.997255	30.005981198065278
28.033233	30.013041932818133
28.045236	30.013998083781416
28.057265	30.014584229645724
28.057265	30.014584229645724
28.069173	29.997853604331883
28.069173	29.997853604331883
28.069173	29.997853604331883
28.105163	29.958553741695866
28.117257	29.953634370648544
28.117257	29.953634370648544
28.117257	29.953634370648544
28.141163	29.948587329501439
28.141163	29.948587329501439
28.165162	29.949415310288991
28.177381	29.955388163365708
28.177381	29.955388163365708
28.189163	29.958775209115462
28.201162	29.961392617758367
28.201162	29.961392617758367
28.225163	29.963692663632845
28.237257	29.96430791953258
28.237257	29.96430791953258
28.237257	29.96430791953258
28.237257	29.96430791953258
28.273228	29.971498342529216
28.285183	29.976074285513427
28.285183	29.976074285513427
28.285183	29.976074285513427
28.285183	29.976074285513427
28.285183	29.976074285513427
28.285183	29.976074285513427
28.297259	29.97889651420758
28.357266	29.983189821739515
28.357266	29.983189821739515
28.357266	29.983189821739515
28.357266	29.983189821739515
28.393224	29.996683284788766
28.405163	29.998900409951478
28.417276	30.000272825056644
28.417276	30.000272825056644
28.429163	30.001069792179397
28.429163	30.001069792179397
28.429163	30.001069792179397
28.429163	30.001069792179397
28.477271	29.961042873780947
28.477271	29.961042873780947
28.477271	29.961042873780947
28.501163	29.931544848976007
28.513236	29.925187232726433
28.525173	29.920343973560321
28.537258	29.917350521440646
28.537258	29.917350521440646
28.537258	29.917350521440646
28.537258	29.917350521440646
28.537258	29.917350521440646
28.537258	29.917350521440646
28.537258	29.917350521440646
28.597258	29.912800090595603
28.609244	29.912617313425596
28.621163	29.912480254450227
28.621163	29.912480254450227
28.621163	29.912480254450227
28.657261	29.91232650383262
28.657261	29.91232650383262
28.657261	29.91232650383262
28.657261	29.91232650383262
28.657261	29.91232650383262
28.657261	29.91232650383262
28.717285	29.912277217405375
28.717285	29.912277217405375
28.717285	29.912277217405375
28.717285	29.912277217405375
28.753242	29.912273014490061
28.765169	29.91227244678338
28.777269	29.91227209516655
28.777269	29.91227209516655
28.777269	29.91227209516655
28.777269	29.91227209516655
28.777269	29.91227209516655
28.825168	29.912271598209873
28.837343	29.912271561389097
28.837343	29.912271561389097
28.837343	29.912271561389097
28.837343	29.912271561389097
28.837343	29.912271561389097
28.837343	29.912271561389097
28.837343	29.912271561389097
28.897262	29.91227150608637
28.909291	29.912271503849048
28.921169	29.912271502182165
28.921169	29.912271502182165
28.921169	29.912271502182165
28.957317	29.912271500303529
28.957317	29.912271500303529
28.957317	29.912271500303529
28.957317	29.912271500303529
28.957317	29.912271500303529
28.957317	29.912271500303529
29.017299	29.912271499703554
29.017299	29.912271499703554
29.029169	29.91227149967964
29.029169	29.91227149967964
29.029169	29.91227149967964
29.029169	29.91227149967964
29.077297	29.86219565119649
29.077297	29.86219565119649
29.077297	29.86219565119649
29.101245	29.826337404263004
29.101245	29.826337404263004
29.101245	29.826337404263004
29.137266	29.809121732925949
29.137266	29.809121732925949
29.149168	29.806998655775114
29.149168	29.806998655775114
29.173241	29.797943770360369
29.185168	29.792724704728943
29.197264	29.789493460510574
29.197264	29.789493460510574
29.209189	29.787607953918577
29.209189	29.787607953918577
29.209189	29.787607953918577
29.209189	29.787607953918577
29.257265	29.784587430236044
29.257265	29.784587430236044
29.257265	29.784587430236044
29.257265	29.784587430236044
29.257265	29.784587430236044
29.305179	29.769344814795303
29.317283	29.768015433196929
29.317283	29.768015433196929
29.317283	29.768015433196929
29.317283	29.768015433196929
29.317283	29.768015433196929
29.317283	29.768015433196929
29.317283	29.768015433196929
29.377268	29.75682153295314
29.389353	29.752949272419688
29.389353	29.752949272419688
29.413234	29.748640041329114
29.413234	29.748640041329114
29.437297	29.746849730498457
29.437297	29.746849730498457
29.449169	29.746453260984755
29.449169	29.746453260984755
29.449169	29.746453260984755
29.449169	29.746453260984755
29.449169	29.746453260984755
29.449169	29.746453260984755
29.449169	29.746453260984755
29.449169	29.746453260984755
29.49736	29.732147544323833
29.545169	29.728165323671465
29.557272	29.727870448482488
29.557272	29.727870448482488
29.557272	29.727870448482488
29.557272	29.727870448482488
29.557272	29.727870448482488
29.605169	29.712161706787146
29.617262	29.710791776035684
29.617262	29.710791776035684
29.617262	29.710791776035684
29.641169	29.709386591927544
29.641169	29.709386591927544
29.641169	29.709386591927544
29.677275	29.699534449516211
29.677281	29.699531191575495
29.677281	29.699531191575495
29.701175	29.692805430943775
29.701175	29.692805430943775
29.725175	29.690251365492536
29.737274	29.689567641123446
29.737274	29.689567641123446
29.737274	29.689567641123446
29.737274	29.689567641123446
29.773249	29.681875845348909
29.773249	29.681875845348909
29.773249	29.681875845348909
29.773249	29.681875845348909
29.773249	29.681875845348909
29.773249	29.681875845348909
29.773249	29.681875845348909
29.797332	29.673994776923017
29.857275	29.669443252525166
29.857275	29.669443252525166
29.869175	29.664671764993312
29.869175	29.664671764993312
29.869175	29.664671764993312
29.869175	29.664671764993312
29.91727	29.652347538317766
29.91727	29.652347538317766
29.91727	29.652347538317766
29.941174	29.650942139777879
29.953245	29.650639372725113
29.965175	29.63386571430047
29.977281	29.59502305007425
29.977281	29.59502305007425
29.977281	29.59502305007425
29.977281	29.59502305007425
29.977281	29.59502305007425
30.025262	29.54015920026146
30.037268	29.536150105371153
30.037268	29.536150105371153
30.037268	29.536150105371153
30.037268	29.536150105371153
30.037268	29.536150105371153
30.085175	29.509336766840949
30.097268	29.503565973958938
30.097268	29.503565973958938
30.097268	29.503565973958938
30.097268	29.503565973958938
30.097268	29.503565973958938
30.097268	29.503565973958938
30.157358	29.494799238100029
30.157358	29.494799238100029
30.157358	29.494799238100029
30.181175	29.473610867228668
30.181175	29.473610867228668
30.205176	29.463365343181859
30.217289	29.460619499275381
30.217289	29.460619499275381
30.217289	29.460619499275381
30.217289	29.460619499275381
30.217289	29.460619499275381
30.217289	29.460619499275381
30.27729	29.438078503653337
30.27729	29.438078503653337
30.27729	29.438078503653337
30.27729	29.438078503653337
30.27729	29.438078503653337
30.27729	29.438078503653337
30.337271	29.418146465614484
30.337271	29.418146465614484
30.337271	29.418146465614484
30.337271	29.418146465614484
30.373247	29.717141628876728
30.373247	29.717141628876728
30.373247	29.717141628876728
30.373247	29.717141628876728
30.397276	30.054519641796016
30.421261	30.186884790054993
30.421261	30.186884790054993
30.445175	30.236849365428991
30.445175	30.236849365428991
30.445175	30.236849365428991
30.445175	30.236849365428991
30.445175	30.236849365428991
30.445175	30.236849365428991
30.445175	30.236849365428991
30.445175	30.236849365428991
30.445175	30.236849365428991
30.445175	30.236849365428991
30.457358	30.250372470507116
30.517278	29.550018371263935
30.565175	29.467229149620849
30.577273	29.454909324643573
30.577273	29.454909324643573
30.577273	29.454909324643573
30.577273	29.454909324643573
30.613241	29.439568924828333
30.625176	29.437497480995422
30.63727	29.436215739106995
30.63727	29.436215739106995
30.63727	29.436215739106995
30.63727	29.436215739106995
30.63727	29.436215739106995
30.685255	29.422799090770926
30.697282	29.419745319081208
30.697282	29.419745319081208
30.697282	29.419745319081208
30.697282	29.419745319081208
30.697282	29.419745319081208
30.697282	29.419745319081208
30.757289	29.415086082844901
30.757289	29.415086082844901
30.757289	29.415086082844901
30.757289	29.415086082844901
30.757289	29.415086082844901
30.805183	29.316974089850344
30.817382	29.308313456452741
30.817382	29.308313456452741
30.817382	29.308313456452741
30.817382	29.308313456452741
30.853254	29.297694036047062
30.853254	29.297694036047062
30.877285	29.278577355826108
30.877285	29.278577355826108
30.889184	29.271228196990048
30.901183	29.265639923674534
30.901183	29.265639923674534
30.901183	29.265639923674534
30.937278	29.259412119951357
30.937278	29.259412119951357
30.937278	29.259412119951357
30.961183	29.260105800297026
30.961183	29.260105800297026
30.961183	29.260105800297026
30.9973	29.305958723424119
30.9973	29.305958723424119
31.009183	29.311575492084138
31.021183	29.315856251555136
31.021183	29.315856251555136
31.021183	29.315856251555136
31.057278	29.320626488126592
31.057278	29.320626488126592
31.057278	29.320626488126592
31.057278	29.320626488126592
31.093246	29.308752462504099
31.093246	29.308752462504099
31.117383	29.305512611261129
31.117383	29.305512611261129
31.117383	29.305512611261129
31.117383	29.305512611261129
31.117383	29.305512611261129
31.117383	29.305512611261129
31.177303	29.29446019004407
31.177303	29.29446019004407
31.177303	29.29446019004407
31.177303	29.29446019004407
31.177303	29.29446019004407
31.225183	29.285213502244247
31.237285	29.28453120545861
31.237285	29.28453120545861
31.249187	29.284134503707463
31.249187	29.284134503707463
31.273248	29.277250052867608
31.273248	29.277250052867608
31.297297	29.269835552059746
31.297297	29.269835552059746
31.297297	29.269835552059746
31.297297	29.269835552059746
31.33325	29.266311848482559
31.345262	29.265833709618764
31.357302	29.265540178090994
31.357302	29.265540178090994
31.357302	29.265540178090994
31.357302	29.265540178090994
31.357302	29.265540178090994
31.357302	29.265540178090994
31.41728	29.248456549408257
31.41728	29.248456549408257
31.41728	29.248456549408257
31.441184	29.247052731030788
31.441184	29.247052731030788
31.441184	29.247052731030788
31.477348	29.237164687939892
31.477348	29.237164687939892
31.489183	29.233380636038294
31.489183	29.233380636038294
31.489183	29.233380636038294
31.525184	29.227924130545038
31.537278	29.227240939879682
31.537278	29.227240939879682
31.537278	29.227240939879682
31.537278	29.227240939879682
31.573255	29.219954231536708
31.573255	29.219954231536708
31.597279	29.212547067482589
31.597279	29.212547067482589
31.597279	29.212547067482589
31.597279	29.212547067482589
31.597279	29.212547067482589
31.597279	29.212547067482589
31.657286	29.208247654597706
31.657286	29.208247654597706
31.669183	29.203480162631919
31.66919	29.203476578916852
31.66919	29.203476578916852
31.66919	29.203476578916852
31.717285	29.191168082718384
31.717285	29.191168082718384
31.717285	29.191168082718384
31.717285	29.191168082718384
31.717285	29.191168082718384
31.717285	29.191168082718384
31.777298	29.179901919044408
31.777298	29.179901919044408
31.777298	29.179901919044408
31.777298	29.179901919044408
31.813253	29.171735121456397
31.825215	29.170629942619165
31.837286	29.169947865234096
31.837286	29.169947865234096
31.837286	29.169947865234096
31.837286	29.169947865234096
31.837286	29.169947865234096
31.837286	29.169947865234096
31.897284	29.23660294545887
31.897284	29.23660294545887
31.897284	29.23660294545887
31.92119	29.250550902591701
31.92119	29.250550902591701
31.92119	29.250550902591701
31.957405	29.2572769090322
31.957405	29.2572769090322
31.957405	29.2572769090322
31.957405	29.2572769090322
31.993253	29.259039044800627
31.993253	29.259039044800627
32.017328	29.2594285100595
32.017328	29.2594285100595
32.017328	29.2594285100595
32.017328	29.2594285100595
32.017328	29.2594285100595
32.065191	29.259638109608193
32.077291	29.259653594958412
32.077291	29.259653594958412
32.077291	29.259653594958412
32.077291	29.259653594958412
32.077291	29.259653594958412
32.077291	29.259653594958412
32.137353	29.259677075914166
32.137353	29.259677075914166
32.149201	29.2596780049148
32.16119	29.259678716541739
32.16119	29.259678716541739
32.16119	29.259678716541739
32.197284	29.259679510442272
32.197284	29.259679510442272
32.197284	29.259679510442272
32.197284	29.259679510442272
32.233268	29.259679719187119
32.233268	29.259679719187119
32.257286	29.259679764771175
32.257286	29.259679764771175
32.257286	29.259679764771175
32.257286	29.259679764771175
32.293255	29.259679786488924
32.293255	29.259679786488924
32.317307	29.259679791240313
32.317307	29.259679791240313
32.317307	29.259679791240313
32.317307	29.259679791240313
32.317307	29.259679791240313
32.317307	29.259679791240313
32.377288	29.259679793991594
32.377288	29.259679793991594
32.377288	29.259679793991594
32.377288	29.259679793991594
32.41326	29.259679794226813
32.41326	29.259679794226813
32.437289	29.259679794278227
32.437289	29.259679794278227
32.437289	29.259679794278227
32.437289	29.259679794278227
32.437289	29.259679794278227
32.437289	29.259679794278227
32.497285	29.259651377612865
32.497285	29.259651377612865
32.497285	29.259651377612865
32.497285	29.259651377612865
32.497285	29.259651377612865
32.54519	29.2596432581215
32.557287	29.259642659902457
32.557287	29.259642659902457
32.557287	29.259642659902457
32.557287	29.259642659902457
32.557287	29.259642659902457
32.557287	29.259642659902457
32.617294	29.259678681972296
32.617294	29.259678681972296
32.617294	29.259678681972296
32.617294	29.259678681972296
32.653257	29.259682303873387
32.653257	29.259682303873387
32.677325	29.259673471309632
32.677325	29.259673471309632
32.677333	29.259673467065273
32.677333	29.259673467065273
32.713273	29.259665502918519
32.725209	29.259664425647415
32.737296	29.259663758256863
32.737296	29.259663758256863
32.737296	29.259663758256863
32.737296	29.259663758256863
32.77327	29.259668959653247
32.77327	29.259668959653247
32.77327	29.259668959653247
32.77327	29.259668959653247
32.77327	29.259668959653247
32.77327	29.259668959653247
32.797381	29.259675553336837
32.845198	29.259679089112606
32.857297	29.259679351119914
32.857297	29.259679351119914
32.869198	29.284193962248906
32.869198	29.284193962248906
32.869198	29.284193962248906
32.869198	29.284193962248906
32.917295	29.348255236445244
32.917295	29.348255236445244
32.917295	29.348255236445244
32.917295	29.348255236445244
32.917295	29.348255236445244
32.917295	29.348255236445244
32.977311	29.368270570999698
32.977311	29.368270570999698
32.989198	29.372429900891806
33.001198	29.375599455957158
33.013277	29.377183936168265
33.025199	29.37838662639389
33.037297	29.37913310260198
33.037297	29.37913310260198
33.037297	29.37913310260198
33.037297	29.37913310260198
33.037297	29.37913310260198
33.037297	29.37913310260198
33.097391	29.394356266382413
33.097391	29.394356266382413
33.097391	29.394356266382413
33.121198	29.397323842043626
33.121198	29.397323842043626
33.121198	29.397323842043626
33.121198	29.397323842043626
33.121198	29.397323842043626
33.121198	29.397323842043626
33.121198	29.397323842043626
33.121198	29.397323842043626
33.15731	29.398764315707641
33.217294	29.414859589214874
33.217294	29.414859589214874
33.229259	29.415613050041269
33.241198	29.416180436522847
33.241198	29.416180436522847
33.241198	29.416180436522847
33.277303	29.426279638982077
33.277303	29.426279638982077
33.277303	29.426279638982077
33.277303	29.426279638982077
33.31327	29.434672501269219
33.325275	29.435809751626092
33.337296	29.436507863568703
33.337296	29.436507863568703
33.337296	29.436507863568703
33.337296	29.436507863568703
33.373277	29.443822319111582
33.385198	29.448387399653068
33.397292	29.451220026054315
33.397292	29.451220026054315
33.397292	29.451220026054315
33.397292	29.451220026054315
33.397292	29.451220026054315
33.397292	29.451220026054315
33.397292	29.451220026054315
33.397292	29.451220026054315
33.457363	29.455517372896203
33.481198	29.465794576852527
33.481198	29.465794576852527
33.481198	29.465794576852527
33.517291	29.472087047177858
33.517291	29.472087047177858
33.529198	29.472860160069768
33.541197	29.473447600106514
33.541197	29.473447600106514
33.541197	29.473447600106514
33.577294	29.483558154153474
33.577294	29.483558154153474
33.577294	29.483558154153474
33.601197	29.490467690808501
33.601197	29.490467690808501
33.601197	29.490467690808501
33.637309	29.493795452127799
33.637309	29.493795452127799
33.637309	29.493795452127799
33.637309	29.493795452127799
33.637309	29.493795452127799
33.637309	29.493795452127799
33.697314	29.50680226215033
33.697314	29.50680226215033
33.697314	29.50680226215033
33.697314	29.50680226215033
33.697314	29.50680226215033
33.745209	29.510310610626068
33.757329	29.510569996551517
33.757329	29.510569996551517
33.769212	29.516169330267655
33.781209	29.52300179779818
33.793271	29.526415234222629
33.793271	29.526415234222629
33.817303	29.530622726774752
33.817303	29.530622726774752
33.817303	29.530622726774752
33.817303	29.530622726774752
33.817303	29.530622726774752
33.865209	29.535505145724134
33.877325	29.541743675799701
33.877325	29.541743675799701
33.877325	29.541743675799701
33.877325	29.541743675799701
33.91328	29.549477896412633
33.925209	29.550522604008677
33.93732	29.551171600977089
33.93732	29.551171600977089
33.93732	29.551171600977089
33.93732	29.551171600977089
33.973282	29.558426438639849
33.98528	29.563003747937501
33.997308	29.565818156855045
33.997308	29.565818156855045
33.997308	29.565818156855045
33.997308	29.565818156855045
33.997308	29.565818156855045
33.997308	29.565818156855045
33.997308	29.565818156855045
33.997308	29.565818156855045
33.997308	29.565818156855045
33.997308	29.565818156855045
34.057306	29.570106163013911
34.105209	29.585353796262417
34.117372	29.586690728269566
34.117372	29.586690728269566
34.117372	29.586690728269566
34.117372	29.586690728269566
34.117372	29.586690728269566
34.165209	29.59140769529186
34.177312	29.598163548774473
34.177312	29.598163548774473
34.177312	29.598163548774473
34.177312	29.598163548774473
34.177312	29.598163548774473
34.177312	29.598163548774473
34.237305	29.608390626085296
34.237305	29.608390626085296
34.237305	29.608390626085296
34.261208	29.606290481094572
34.261208	29.606290481094572
34.261208	29.606290481094572
34.29731	29.543788265732598
34.29731	29.543788265732598
34.309209	29.53612383337946
34.309209	29.53612383337946
34.333273	29.52737784907152
34.333273	29.52737784907152
34.357303	29.523787614183895
34.357303	29.523787614183895
34.357303	29.523787614183895
34.357303	29.523787614183895
34.357303	29.523787614183895
34.405209	29.521848267317818
34.417327	29.521704999851327
34.417327	29.521704999851327
34.417327	29.521704999851327
34.441209	29.521559012601696
34.453278	29.521527442133412
34.453278	29.521527442133412
34.477313	29.521479811533695
34.477313	29.521479811533695
34.489209	29.521467630459053
34.489209	29.521467630459053
34.513355	29.521453693046414
34.525208	29.521450200748788
34.537317	29.521448013609429
34.537317	29.521448013609429
34.537317	29.521448013609429
34.537317	29.521448013609429
34.537317	29.521448013609429
34.537317	29.521448013609429
34.597337	29.521458925340379
34.597337	29.521458925340379
34.597337	29.521458925340379
34.597337	29.521458925340379
34.597337	29.521458925340379
34.64528	29.521462654546529
34.657309	29.52146292844181
34.657309	29.52146292844181
34.657309	29.52146292844181
34.681213	29.521463210031669
34.693283	29.521463270838925
34.705216	29.52146331703878
34.717318	29.521463345716974
34.717318	29.521463345716974
34.717318	29.521463345716974
34.717318	29.521463345716974
34.717318	29.521463345716974
34.717318	29.521463345716974
34.777391	29.521463389140891
34.777391	29.521463389140891
34.777391	29.521463389140891
34.801216	29.521463392170805
34.813285	29.521463392829368
34.825215	29.521463393329636
34.83731	29.521463393640079
34.83731	29.521463393640079
34.83731	29.521463393640079
34.83731	29.521463393640079
34.83731	29.521463393640079
34.885215	29.521463394078097
34.897333	29.521463394110469
34.897333	29.521463394110469
34.909286	29.52146339412926
34.909286	29.52146339412926
34.909286	29.52146339412926
34.909286	29.52146339412926
34.957313	29.521463394159355
34.957313	29.521463394159355
34.957313	29.521463394159355
34.957313	29.521463394159355
34.957313	29.521463394159355
34.957313	29.521463394159355
35.017312	29.521463394164446
35.017312	29.521463394164446
35.017312	29.521463394164446
35.017312	29.521463394164446
35.017312	29.521463394164446
35.017312	29.521463394164446
35.017312	29.521463394164446
35.017312	29.521463394164446
35.017312	29.521463394164446
35.077319	29.521463394164979
35.113287	29.521463394165025
35.125216	29.521463394165032
35.137309	29.521463394165036
35.137309	29.521463394165036
35.149216	29.521463394165036
35.149216	29.521463394165036
35.173355	29.521463394165036
35.185216	29.521463394165036
35.197309	29.521463394165036
35.197309	29.521463394165036
35.209219	29.521463394165036
35.209219	29.521463394165036
35.209219	29.521463394165036
35.245216	29.521463394165036
35.257313	29.521463394165036
35.257313	29.521463394165036
35.257313	29.521463394165036
35.257313	29.521463394165036
35.293298	29.521463394165036
35.293298	29.521463394165036
35.293298	29.521463394165036
35.293298	29.521463394165036
35.293298	29.521463394165036
35.293298	29.521463394165036
35.317373	29.521463394165036
35.365215	29.521463394165036
35.37738	29.521463394165036
35.37738	29.521463394165036
35.37738	29.521463394165036
35.401216	29.521463394165036
35.401216	29.521463394165036
35.401216	29.521463394165036
35.437385	29.521463394165036
35.437385	29.521463394165036
35.449216	29.521463394165036
35.449216	29.521463394165036
35.449216	29.521463394165036
35.449216	29.521463394165036
35.497336	29.521463394165036
35.497336	29.521463394165036
35.497336	29.521463394165036
35.497336	29.521463394165036
35.497336	29.521463394165036
35.497336	29.521463394165036
35.557354	29.521463394165036
35.557354	29.521463394165036
35.557354	29.521463394165036
35.557354	29.521463394165036
35.557354	29.521463394165036
35.557354	29.521463394165036
35.617309	29.521463394165036
35.617309	29.521463394165036
35.617309	29.521463394165036
35.617309	29.521463394165036
35.653291	29.521463394165036
35.653291	29.521463394165036
35.677355	29.521463394165036
35.677355	29.521463394165036
35.677355	29.521463394165036
35.701293	29.521463394165036
35.713303	29.521463394165036
35.713303	29.521463394165036
35.737396	29.521463394165036
35.737396	29.521463394165036
35.737396	29.521463394165036
35.737396	29.521463394165036
35.737396	29.521463394165036
35.737396	29.521463394165036
35.79732	29.521463394165036
35.79732	29.521463394165036
35.79732	29.521463394165036
35.79732	29.521463394165036
35.79732	29.521463394165036
35.79732	29.521463394165036
35.85732	29.521463394165036
35.85732	29.521463394165036
35.869309	29.521463394165036
35.869309	29.521463394165036
35.893303	29.521463394165036
35.893303	29.521463394165036
35.917318	29.521463394165036
35.917318	29.521463394165036
35.917318	29.521463394165036
35.917318	29.521463394165036
35.953308	29.521463394165036
35.965302	29.521463661962358
35.977364	29.521464271198735
35.977364	29.521464271198735
35.977364	29.521464271198735
36.001226	29.521464893204168
36.013286	29.521465027978419
36.025223	29.521465130464755
36.037335	29.521465194132873
36.037335	29.521465194132873
36.037335	29.521465194132873
36.037335	29.521465194132873
36.037335	29.521465194132873
36.037335	29.521465194132873
36.037335	29.521465194132873
36.097388	29.521492332722364
36.109498	29.521495532385021
36.109498	29.521495532385021
36.109498	29.521495532385021
36.109498	29.521495532385021
36.157319	29.5215005795413
36.157319	29.5215005795413
36.157319	29.5215005795413
36.181222	29.521480376713964
36.181222	29.521480376713964
36.205222	29.521470507930186
36.217336	29.521467859676573
36.217336	29.521467859676573
36.229294	29.521466321597675
36.229294	29.521466321597675
36.229294	29.521466321597675
36.265226	29.52146413442761
36.277367	29.521463858200615
36.277367	29.521463858200615
36.277367	29.521463858200615
36.301223	29.521463578102548
36.313313	29.521463517242672
36.325223	29.521463471213771
36.33732	29.521463442570081
36.33732	29.521463442570081
36.33732	29.521463442570081
36.33732	29.521463442570081
36.33732	29.521463442570081
36.33732	29.521463442570081
36.397323	29.521479038315249
36.397323	29.521479038315249
36.397323	29.521479038315249
36.421223	29.521482264163126
36.421223	29.521482264163126
36.421223	29.521482264163126
36.457339	29.521483820027949
36.457339	29.521483820027949
36.469245	29.521478874014132
36.469245	29.521478874014132
36.469245	29.521478874014132
36.469245	29.521478874014132
36.517333	29.521465847786732
36.517333	29.521465847786732
36.517333	29.521465847786732
36.517333	29.521465847786732
36.517333	29.521465847786732
36.565223	29.521464064694896
36.577367	29.521464526281989
36.577367	29.521464526281989
36.589226	29.521464791310784
36.589226	29.521464791310784
36.589226	29.521464791310784
36.589226	29.521464791310784
36.589226	29.521464791310784
36.589226	29.521464791310784
36.589226	29.521464791310784
36.589226	29.521464791310784
36.589226	29.521464791310784
36.637323	29.521465220658637
36.697318	29.521463871477977
36.697326	29.521463871291203
36.697326	29.521463871291203
36.697326	29.521463871291203
36.733314	29.521463520455683
36.733314	29.521463520455683
36.757403	29.521463443634083
36.757403	29.521463443634083
36.757403	29.521463443634083
36.757403	29.521463443634083
36.757403	29.521463443634083
36.805231	29.521463402391408
36.81733	29.52146339933191
36.81733	29.52146339933191
36.81733	29.52146339933191
36.81733	29.52146339933191
36.81733	29.52146339933191
36.865314	29.521463395019001
36.877359	29.52146339470201
36.877359	29.52146339470201
36.877359	29.52146339470201
36.877359	29.52146339470201
36.877359	29.52146339470201
36.925244	29.521463394254106
36.93733	29.521463394221001
36.93733	29.521463394221001
36.93733	29.521463394221001
36.93733	29.521463394221001
36.973303	29.521463394179861
36.985231	29.521463394174312
36.997344	29.521463394170858
36.997344	29.521463394170858
36.997344	29.521463394170858
36.997344	29.521463394170858
37.033303	29.521463394166581
37.033303	29.521463394166581
37.033303	29.521463394166581
37.057333	29.521463394165643
37.069378	29.521472867584013
37.069378	29.521472867584013
37.069378	29.521472867584013
37.069378	29.521472867584013
37.117348	29.521496978314936
37.117348	29.521496978314936
37.117348	29.521496978314936
37.117348	29.521496978314936
37.117348	29.521496978314936
37.117348	29.521496978314936
37.177389	29.521484379591126
37.177389	29.521484379591126
37.177389	29.521484379591126
37.177389	29.521484379591126
37.177389	29.521484379591126
37.225231	29.521468471889442
37.237326	29.521467293173313
37.237326	29.521467293173313
37.237326	29.521467293173313
37.237326	29.521467293173313
37.237326	29.521467293173313
37.237326	29.521467293173313
37.297335	29.521465508701141
37.297335	29.521465508701141
37.297335	29.521465508701141
37.297335	29.521465508701141
37.297335	29.521465508701141
37.34523	29.521465335853918
37.357332	29.521465323079539
37.357332	29.521465323079539
37.369231	29.521455524510969
37.381231	29.521443482203786
37.381231	29.521443482203786
37.381231	29.521443482203786
37.417397	29.521430028894244
37.417397	29.521430028894244
37.417397	29.521430028894244
37.417397	29.521430028894244
37.417397	29.521430028894244
37.417397	29.521430028894244
37.477359	29.521443281391868
37.477359	29.521443281391868
37.477359	29.521443281391868
37.477359	29.521443281391868
37.477359	29.521443281391868
37.477359	29.521443281391868
37.537343	29.521461299319348
37.537343	29.521461299319348
37.537343	29.521461299319348
37.561231	29.521462564953715
37.573303	29.52146283896851
37.573303	29.52146283896851
37.597358	29.521463176307524
37.597358	29.521463176307524
37.597358	29.521463176307524
37.597358	29.521463176307524
37.633301	29.521463336379135
37.633301	29.521463336379135
37.657327	29.521463371457425
37.657327	29.521463371457425
37.657327	29.521463371457425
37.657327	29.521463371457425
37.657327	29.521463371457425
37.70524	29.521463390404001
37.717353	29.521463391804787
37.717353	29.521463391804787
37.717353	29.521463391804787
37.717353	29.521463391804787
37.717353	29.521463391804787
37.765239	29.521463393773605
37.777357	29.521463393919447
37.777357	29.521463393919447
37.777357	29.521463393919447
37.801258	29.52146339406783
37.801258	29.52146339406783
37.825238	29.5214633941243
37.837339	29.52146339413946
37.837339	29.52146339413946
37.837339	29.52146339413946
37.837339	29.52146339413946
37.837339	29.52146339413946
37.837339	29.52146339413946
37.897335	29.521464816185045
37.897335	29.521464816185045
37.897335	29.521464816185045
37.897335	29.521464816185045
37.933318	29.521465173016345
37.933318	29.521465173016345
37.957361	29.521465251068172
37.957361	29.521465251068172
37.957361	29.521465251068172
37.957361	29.521465251068172
37.993302	29.521463961925814
37.993302	29.521463961925814
38.017336	29.521463617183819
38.017336	29.521463617183819
38.017336	29.521463617183819
38.017336	29.521463617183819
38.017336	29.521463617183819
38.017336	29.521463617183819
38.017336	29.521463617183819
38.017336	29.521463617183819
38.017336	29.521463617183819
38.017336	29.521463617183819
38.077463	29.521444894515749
38.125238	29.521426934061424
38.13735	29.521425595598611
38.13735	29.521425595598611
38.13735	29.521425595598611
38.13735	29.521425595598611
38.173311	29.521431333235096
38.173311	29.521431333235096
38.197351	29.52143922102707
38.197351	29.52143922102707
38.197351	29.52143922102707
38.197351	29.52143922102707
38.233312	29.521442969086845
38.233312	29.521442969086845
38.257342	29.521443789706716
38.257342	29.521443789706716
38.257342	29.521443789706716
38.257342	29.521443789706716
38.257342	29.521443789706716
38.257342	29.521443789706716
38.317356	29.521461058425487
38.317356	29.521461058425487
38.317356	29.521461058425487
38.317356	29.521461058425487
38.317356	29.521461058425487
38.317356	29.521461058425487
38.317356	29.521461058425487
38.317356	29.521461058425487
38.377358	29.5214640278312
38.401239	29.521464797086601
38.401239	29.521464797086601
38.401239	29.521464797086601
38.437332	29.521465168788328
38.437332	29.521465168788328
38.449239	29.521465214352563
38.449239	29.521465214352563
38.449239	29.521465214352563
38.449239	29.521465214352563
38.497332	29.521449646235162
38.497332	29.521449646235162
38.497332	29.521449646235162
38.521249	29.521446426542379
38.533302	29.521445731407617
38.54526	29.521445202418562
38.557337	29.521444874791726
38.557337	29.521444874791726
38.557337	29.521444874791726
38.557337	29.521444874791726
38.557337	29.521444874791726
38.557337	29.521444874791726
38.617335	29.521461168974898
38.617335	29.521461168974898
38.6294	29.521461940911131
38.641242	29.521462513968995
38.641242	29.521462513968995
38.641242	29.521462513968995
38.67737	29.521480709713757
38.67737	29.521480709713757
38.67737	29.521480709713757
38.701248	29.5214932882749
38.701256	29.521493290083015
38.725246	29.52149808421257
38.737421	29.521499378562936
38.737421	29.521499378562936
38.737421	29.521499378562936
38.737421	29.521499378562936
38.737421	29.521499378562936
38.785247	29.521478484697607
38.797345	29.521472870025345
38.797345	29.521472870025345
38.797345	29.521472870025345
38.821247	29.521467143757988
38.821247	29.521467143757988
38.821247	29.521467143757988
38.857367	29.521464379287231
38.857367	29.521464379287231
38.86932	29.521464040367452
38.881247	29.521463784397845
38.893311	29.521463655473504
38.893311	29.521463655473504
38.917355	29.521463496750354
38.917355	29.521463496750354
38.929247	29.521463461590113
38.929247	29.521463461590113
38.929247	29.521463461590113
38.929247	29.521463461590113
38.977356	29.521463404840915
38.977356	29.521463404840915
38.977356	29.521463404840915
38.977356	29.521463404840915
39.013313	29.521463396995106
39.013313	29.521463396995106
39.013313	29.521463396995106
39.037344	29.521463395276765
39.049247	29.521463394895338
39.049247	29.521463394895338
39.073331	29.521463394459357
39.073331	29.521463394459357
39.097364	29.521463394280627
39.097364	29.521463394280627
39.109246	29.521463394241049
39.109246	29.521463394241049
39.13338	29.52146339419561
39.13338	29.52146339419561
39.157345	29.521463394177083
39.157345	29.521463394177083
39.157345	29.521463394177083
39.157345	29.521463394177083
39.193311	29.521463394168229
39.193311	29.521463394168229
39.217362	29.521463394166293
39.217362	29.521463394166293
39.217362	29.521463394166293
39.217362	29.521463394166293
39.217362	29.521463394166293
39.265317	29.521463662720198
39.277355	29.521464270744286
39.277355	29.521464270744286
39.277355	29.521464270744286
39.30125	29.521464893472427
39.313325	29.521465028414291
39.325258	29.521465130648757
39.337381	29.521465194374692
39.337381	29.521465194374692
39.337381	29.521465194374692
39.337381	29.521465194374692
39.373336	29.521464599519582
39.373336	29.521464599519582
39.373336	29.521464599519582
39.373336	29.521464599519582
39.373336	29.521464599519582
39.373336	29.521464599519582
39.373336	29.521464599519582
39.397418	29.521463866389002
39.457363	29.521463443443842
39.457363	29.521463443443842
39.469247	29.521463426566655
39.469247	29.521463426566655
39.469247	29.521463426566655
39.469247	29.521463426566655
39.517342	29.521463399298931
39.517342	29.521463399298931
39.529324	29.521463397528077
39.529324	29.521463397528077
39.529324	29.521463397528077
39.529324	29.521463397528077
39.577367	29.521463394698685
39.577367	29.521463394698685
39.577367	29.521463394698685
39.577367	29.521463394698685
39.577367	29.521463394698685
39.625247	29.521463394253583
39.637343	29.521463394220646
39.637343	29.521463394220646
39.637343	29.521463394220646
39.637343	29.521463394220646
39.637343	29.521463394220646
39.637343	29.521463394220646
39.637343	29.521463394220646
39.637343	29.521463394220646
39.697353	29.521463394170823
39.721254	29.521463394167331
39.721254	29.521463394167331
39.721254	29.521463394167331
39.757348	29.521463394165639
39.757348	29.521463394165639
39.757348	29.521463394165639
39.757348	29.521463394165639
39.757348	29.521463394165639
39.805254	29.521463394165139
39.817352	29.521463394165099
39.817352	29.521463394165099
39.817352	29.521463394165099
39.817352	29.521463394165099
39.853332	29.521463394165053
39.865254	29.521463394165046
39.877358	29.521463394165043
39.877358	29.521463394165043
39.877358	29.521463394165043
39.901254	29.521463394165043
39.901254	29.521463394165043
39.901254	29.521463394165043
39.93735	29.521463394165043
39.93735	29.521463394165043
39.93735	29.521463394165043
39.93735	29.521463394165043
39.93735	29.521463394165043
39.93735	29.521463394165043
39.997348	29.521463394165043
39.997348	29.521463394165043
40.009253	29.521463394165043
40.021254	29.521463394165043
40.021254	29.521463394165043
40.021254	29.521463394165043
40.057419	29.521463394165043
40.057419	29.521463394165043
40.069253	29.521463394165043
40.069253	29.521463394165043
40.069253	29.521463394165043
40.105275	29.521463394165043
40.117396	29.521463394165043
40.117396	29.521463394165043
40.117396	29.521463394165043
40.117396	29.521463394165043
40.117396	29.521463394165043
40.117396	29.521463394165043
40.177355	29.521463394165043
40.177355	29.521463394165043
40.189331	29.521463394165043
40.189331	29.521463394165043
40.213317	29.521463394165043
40.225257	29.521463394165043
40.225257	29.521463394165043
40.237365	29.521463394165043
40.249254	29.521463394165043
40.249254	29.521463394165043
40.273319	29.5214640668909
40.273319	29.5214640668909
40.297362	29.52146481682918
40.297362	29.52146481682918
40.297362	29.52146481682918
40.297362	29.52146481682918
40.33332	29.521465173027565
40.33332	29.521465173027565
40.35743	29.521465251239057
40.35743	29.521465251239057
40.35743	29.521465251239057
40.381253	29.521464241596433
40.381253	29.521464241596433
40.381253	29.521464241596433
40.417351	29.521463617020078
40.417351	29.521463617020078
40.417351	29.521463617020078
40.417351	29.521463617020078
40.417351	29.521463617020078
40.417351	29.521463617020078
40.47735	29.521463417359449
40.47735	29.521463417359449
40.47735	29.521463417359449
40.501254	29.521463403343542
40.513326	29.521463400308576
40.525274	29.521463398007015
40.537368	29.521463396576831
40.537368	29.521463396576831
40.537368	29.521463396576831
40.537368	29.521463396576831
40.573324	29.521463394804467
40.573324	29.521463394804467
40.597352	29.521463394416241
40.597352	29.521463394416241
40.597352	29.521463394416241
40.597352	29.521463394416241
40.597352	29.521463394416241
40.645253	29.52146339420668
40.657371	29.521463394191159
40.657371	29.521463394191159
40.657371	29.521463394191159
40.657371	29.521463394191159
40.657371	29.521463394191159
40.657371	29.521463394191159
40.717434	29.52146339416775
40.729261	29.521463394166826
40.729261	29.521463394166826
40.729261	29.521463394166826
40.753334	29.521463394165757
40.753334	29.521463394165757
40.777374	29.52146339416532
40.777374	29.52146339416532
40.777374	29.52146339416532
40.801261	29.521463394165149
40.813326	29.521463394165114
40.813326	29.521463394165114
40.837356	29.521463394165067
40.837356	29.521463394165067
40.849334	29.521463394165057
40.849334	29.521463394165057
40.849334	29.521463394165057
40.849334	29.521463394165057
40.897367	29.521454857467464
40.897367	29.521454857467464
40.897367	29.521454857467464
40.921282	29.521453100664665
40.921282	29.521453100664665
40.921282	29.521453100664665
40.95738	29.521452252462723
40.95738	29.521452252462723
40.95738	29.521452252462723
40.95738	29.521452252462723
40.95738	29.521452252462723
40.95738	29.521452252462723
40.95738	29.521452252462723
40.95738	29.521452252462723
40.95738	29.521452252462723
40.95738	29.521452252462723
40.95738	29.521452252462723
41.017358	29.521462057493377
41.077356	29.521469391446853
41.077356	29.521469391446853
41.077356	29.521469391446853
41.077356	29.521469391446853
41.113409	29.521474803744617
41.113409	29.521474803744617
41.13736	29.521475980383354
41.13736	29.521475980383354
41.13736	29.521475980383354
41.13736	29.521475980383354
41.13736	29.521475980383354
41.13736	29.521475980383354
41.197358	29.521466707974668
41.197358	29.521466707974668
41.197358	29.521466707974668
41.197358	29.521466707974668
41.233333	29.521464271990986
41.233333	29.521464271990986
41.257363	29.521463738959895
41.257363	29.521463738959895
41.257363	29.521463738959895
41.257363	29.521463738959895
41.257363	29.521463738959895
41.305261	29.521463451336903
41.317397	29.521463429989197
41.317397	29.521463429989197
41.317397	29.521463429989197
41.317397	29.521463429989197
41.317397	29.521463429989197
41.317397	29.521463429989197
41.317397	29.521463429989197
41.377452	29.521463397883313
41.389261	29.521463396619374
41.389261	29.521463396619374
41.389261	29.521463396619374
41.389261	29.521463396619374
41.437354	29.52146339455388
41.437354	29.52146339455388
41.437354	29.52146339455388
41.437354	29.52146339455388
41.437354	29.52146339455388
41.485262	29.521463394229485
41.497356	29.521463394205504
41.497356	29.521463394205504
41.497356	29.521463394205504
41.497356	29.521463394205504
41.497356	29.521463394205504
41.497356	29.521463394205504
41.497356	29.521463394205504
41.497356	29.521463394205504
41.557359	29.521463394169249
41.581262	29.521463394166709
41.581262	29.521463394166709
41.581262	29.521463394166709
41.617357	29.521463394165476
41.617357	29.521463394165476
41.629262	29.521463394165327
41.629262	29.521463394165327
41.653339	29.521463394165153
41.653339	29.521463394165153
41.67738	29.521463394165085
41.67738	29.521463394165085
41.67738	29.521463394165085
41.67738	29.521463394165085
41.713334	29.52146339416505
41.725262	29.521463394165046
41.737376	29.521463394165043
41.737376	29.521463394165043
41.737376	29.521463394165043
41.737376	29.521463394165043
41.737376	29.521463394165043
41.737376	29.521463394165043
41.797383	29.521463394165043
41.797383	29.521463394165043
41.797383	29.521463394165043
41.797383	29.521463394165043
41.833341	29.521463394165043
41.84527	29.521463394165043
41.857366	29.521463394165043
41.857366	29.521463394165043
41.869271	29.521463862431535
41.869271	29.521463862431535
41.893334	29.521464721131256
41.905355	29.52146493934703
41.917364	29.521465073551337
41.917364	29.521465073551337
41.917364	29.521465073551337
41.941274	29.521465211291837
41.941274	29.521465211291837
41.965271	29.521464997492522
41.977368	29.521464400557782
41.977368	29.521464400557782
41.98927	29.521464055513047
41.98927	29.521464055513047
41.98927	29.521464055513047
41.98927	29.521464055513047
41.98927	29.521464055513047
41.98927	29.521464055513047
41.98927	29.521464055513047
41.98927	29.521464055513047
41.98927	29.521464055513047
42.037455	29.521463498456939
42.097371	29.521463405063944
42.097371	29.521463405063944
42.109271	29.521463401328024
42.121282	29.521463398479089
42.121282	29.521463398479089
42.121282	29.521463398479089
42.15737	29.521463395299378
42.15737	29.521463395299378
42.15737	29.521463395299378
42.15737	29.521463395299378
42.15737	29.521463395299378
42.15737	29.521463395299378
42.217371	29.521463394283092
42.217371	29.521463394283092
42.217371	29.521463394283092
42.217371	29.521463394283092
42.217371	29.521463394283092
42.217371	29.521463394283092
42.277372	29.521463394177324
42.277372	29.521463394177324
42.277372	29.521463394177324
42.277372	29.521463394177324
42.277372	29.521463394177324
42.325291	29.521463394167075
42.337369	29.521463394166318
42.337369	29.521463394166318
42.349271	29.521463394165878
42.361271	29.521463394165544
42.361271	29.521463394165544
42.361271	29.521463394165544
42.361271	29.521463394165544
42.361271	29.521463394165544
42.361271	29.521463394165544
42.397369	29.521463394165171
42.433411	29.521463394165075
42.433411	29.521463394165075
42.457388	29.521463394165053
42.457388	29.521463394165053
42.457388	29.521463394165053
42.457388	29.521463394165053
42.457388	29.521463394165053
42.505272	29.521463394165043
42.51739	29.521463394165043
42.51739	29.521463394165043
42.51739	29.521463394165043
42.51739	29.521463394165043
42.51739	29.521463394165043
42.51739	29.521463394165043
42.57737	29.521463394165043
42.57737	29.521463394165043
42.589778	29.521463394165043
42.589778	29.521463394165043
42.589778	29.521463394165043
42.589778	29.521463394165043
42.637365	29.521463394165043
42.637365	29.521463394165043
42.637365	29.521463394165043
42.661271	29.521464100327684
42.673335	29.521470803039023
42.685271	29.521475883609696
42.69744	29.521479063855079
42.69744	29.521479063855079
42.69744	29.521479063855079
42.69744	29.521479063855079
42.697448	29.521479065945801
42.745278	29.521483491462707
42.757384	29.521483820728083
42.757384	29.521483820728083
42.757384	29.521483820728083
42.757384	29.521483820728083
42.757384	29.521483820728083
42.757384	29.521483820728083
42.817374	29.521465842808194
42.817374	29.521465842808194
42.817374	29.521465842808194
42.817374	29.521465842808194
42.853356	29.521464042706828
42.865303	29.521465674813609
42.877375	29.521469792116161
42.877375	29.521469792116161
42.877375	29.521469792116161
42.877375	29.521469792116161
42.913352	29.521474903528688
42.925279	29.521475592578859
42.937384	29.5214760222518
42.937384	29.5214760222518
42.937384	29.5214760222518
42.937384	29.5214760222518
42.937384	29.5214760222518
42.937384	29.5214760222518
42.997446	29.521456725315083
42.997446	29.521456725315083
42.997446	29.521456725315083
42.997446	29.521456725315083
42.997446	29.521456725315083
42.997446	29.521456725315083
43.057376	29.52145074060061
43.057376	29.52145074060061
43.057376	29.52145074060061
43.057376	29.52145074060061
43.057376	29.52145074060061
43.057376	29.52145074060061
43.117399	29.521493789486225
43.117399	29.521493789486225
43.117399	29.521493789486225
43.117399	29.521493789486225
43.117399	29.521493789486225
43.165279	29.521493597468691
43.177375	29.521482350639303
43.177375	29.521482350639303
43.177375	29.521482350639303
43.201279	29.521470899686456
43.201279	29.521470899686456
43.201279	29.521470899686456
43.237393	29.521465365287565
43.237393	29.521465365287565
43.249279	29.521464690662459
43.261302	29.521464174797579
43.273343	29.521463916997146
43.273343	29.521463916997146
43.273343	29.521463916997146
43.273343	29.521463916997146
43.297392	29.52146359931649
43.321279	29.521463475459353
43.321279	29.521463475459353
43.321279	29.521463475459353
43.357495	29.52146341540789
43.357495	29.52146341540789
43.357495	29.52146341540789
43.357495	29.52146341540789
43.357495	29.52146341540789
43.40528	29.521463397708271
43.41738	29.521463396388398
43.41738	29.521463396388398
43.41738	29.521463396388398
43.41738	29.521463396388398
43.41738	29.521463396388398
43.465279	29.521463394533807
43.477375	29.521463394396488
43.477375	29.521463394396488
43.477375	29.521463394396488
43.501279	29.521463394256678
43.501279	29.521463394256678
43.501279	29.521463394256678
43.537373	29.52146339418913
43.537373	29.52146339418913
43.549279	29.521463394180866
43.561279	29.521463458775248
43.561279	29.521463458775248
43.561279	29.521463458775248
43.597438	29.521464818637298
43.597438	29.521464818637298
43.597438	29.521464818637298
43.597438	29.521464818637298
43.597438	29.521464818637298
43.597438	29.521464818637298
43.597438	29.521464818637298
43.657424	29.52146525122448
43.669361	29.521464795668845
43.681279	29.521464240993048
43.681279	29.521464240993048
43.705279	29.521463748821965
43.717373	29.521463616779908
43.717373	29.521463616779908
43.717373	29.521463616779908
43.741289	29.521463482273134
43.741289	29.521463482273134
43.765289	29.521463431064021
43.777385	29.521463417319683
43.777385	29.521463417319683
43.777385	29.521463417319683
43.777385	29.521463417319683
43.813354	29.521463400301535
43.825289	29.521463398005238
43.837386	29.521463396574703
43.837386	29.521463396574703
43.84929	29.521463395748825
43.84929	29.521463395748825
43.84929	29.521463395748825
43.84929	29.521463395748825
43.897395	29.521463394415711
43.897395	29.521463394415711
43.897395	29.521463394415711
43.897395	29.521463394415711
43.897395	29.521463394415711
43.897395	29.521463394415711
43.957385	29.521463394191141
43.957385	29.521463394191141
43.957385	29.521463394191141
43.98129	29.521463394175374
43.98129	29.521463394175374
44.00529	29.52146339416937
44.017467	29.521463394167746
44.017467	29.521463394167746
44.02929	29.521463394166826
44.02929	29.521463394166826
44.02929	29.521463394166826
44.06529	29.521463394165487
44.077425	29.52146339416532
44.077425	29.52146339416532
44.077425	29.52146339416532
44.077425	29.52146339416532
44.077425	29.52146339416532
44.077425	29.52146339416532
44.137389	29.521463394165067
44.137389	29.521463394165067
44.137389	29.521463394165067
44.137389	29.521463394165067
44.137389	29.521463394165067
44.137389	29.521463394165067
44.197384	29.521479049220048
44.197384	29.521479049220048
44.20929	29.521480874890258
44.22129	29.521482266044977
44.22129	29.521482266044977
44.22129	29.521482266044977
44.257404	29.521483821272057
44.257404	29.521483821272057
44.257404	29.521483821272057
44.281376	29.521473727371724
44.281376	29.521473727371724
44.281376	29.521473727371724
44.317407	29.521467518711805
44.317407	29.521467518711805
44.32929	29.521466760305699
44.32929	29.521466760305699
44.32929	29.521466760305699
44.36529	29.521465402431208
44.377387	29.521464654296295
44.377387	29.521464654296295
44.377387	29.521464654296295
44.40129	29.521463893237748
44.40129	29.521463893237748
44.42529	29.521463603172084
44.437382	29.521463525343336
44.437382	29.521463525343336
44.437382	29.521463525343336
44.46129	29.521463446105219
44.473356	29.521463428922246
44.473356	29.521463428922246
44.497384	29.521463407815869
44.497384	29.521463407815869
44.497384	29.521463407815869
44.497384	29.521463407815869
44.533355	29.521463397782487
44.545379	29.521463396422646
44.557411	29.521463395583844
44.557411	29.521463395583844
44.557411	29.521463395583844
44.557411	29.521463395583844
44.557411	29.521463395583844
44.557411	29.521463395583844
44.617404	29.52146339431275
44.617404	29.52146339431275
44.617404	29.52146339431275
44.64129	29.521463394223588
44.64129	29.521463394223588
44.64129	29.521463394223588
44.677478	29.521463394180358
44.677478	29.521463394180358
44.677478	29.521463394180358
44.70129	29.521463394171132
44.70129	29.521463394171132
44.72529	29.52146339416759
44.737384	29.521463394166641
44.737393	29.521463394166641
44.737393	29.521463394166641
44.737393	29.521463394166641
44.737393	29.521463394166641
44.785299	29.521463394165306
44.797394	29.521463394165206
44.797394	29.521463394165206
44.797394	29.521463394165206
44.797394	29.521463394165206
44.797394	29.521463394165206
44.797394	29.521463394165206
44.797394	29.521463394165206
44.797394	29.521463394165206
44.797394	29.521463394165206
44.857482	29.521463394165057
44.893378	29.521463394165043
44.905298	29.521463394165043
44.917398	29.521463394165043
44.917398	29.521463394165043
44.917398	29.521463394165043
44.917398	29.521463394165043
44.917398	29.521463394165043
44.917398	29.521463394165043
44.977399	29.521463394165043
44.977399	29.521463394165043
44.977399	29.521463394165043
45.001298	29.521463394165043
45.013367	29.521463394165043
45.025299	29.521463394165043
45.037393	29.521463394165043
45.037393	29.521463394165043
45.037393	29.521463394165043
45.037393	29.521463394165043
45.073432	29.521463394165043
45.085318	29.521463394165043
45.097394	29.521463394165043
45.097394	29.521463394165043
45.097394	29.521463394165043
45.121299	29.521463394165043
45.121299	29.521463394165043
45.121299	29.521463394165043
45.157396	29.521463394165043
45.157396	29.521463394165043
45.157396	29.521463394165043
45.157396	29.521463394165043
45.193363	29.521463394165043
45.193363	29.521463394165043
45.217414	29.521463394165043
45.217414	29.521463394165043
45.217414	29.521463394165043
45.217414	29.521463394165043
45.253377	29.521463394165043
45.265299	29.521463394165043
45.277392	29.521463394165043
45.277392	29.521463394165043
45.289299	29.521463394165043
45.301298	29.521463394165043
45.313395	29.521463394165043
45.325299	29.521463394165043
45.337475	29.521463394165043
45.337475	29.521463394165043
45.337475	29.521463394165043
45.337475	29.521463394165043
45.337475	29.521463394165043
45.385299	29.521463394165043
45.397393	29.521463394165043
45.397393	29.521463394165043
45.409379	29.521463394165043
45.409379	29.521463394165043
45.433371	29.521463394165043
45.433371	29.521463394165043
45.457398	29.521463394165043
45.457398	29.521463394165043
45.457398	29.521463394165043
45.457398	29.521463394165043
45.457398	29.521463394165043
45.457398	29.521463394165043
45.517393	29.521429799957431
45.517393	29.521429799957431
45.517393	29.521429799957431
45.517393	29.521429799957431
45.553368	29.521426453558206
45.56532	29.521431644680661
45.577395	29.521444171556325
45.577395	29.521444171556325
45.577395	29.521444171556325
45.577395	29.521444171556325
45.577395	29.521444171556325
45.577395	29.521444171556325
45.637396	29.521463102555579
45.637396	29.521463102555579
45.637396	29.521463102555579
45.637396	29.521463102555579
45.637396	29.521463102555579
45.685299	29.521464936731515
45.69747	29.521465073492184
45.69747	29.521465073492184
45.69747	29.521465073492184
45.69747	29.521465073492184
45.69747	29.521465073492184
45.69747	29.521465073492184
45.757422	29.52146527772657
45.757422	29.52146527772657
45.757422	29.52146527772657
45.757422	29.52146527772657
45.757422	29.52146527772657
45.757422	29.52146527772657
45.757422	29.52146527772657
45.757422	29.52146527772657
45.757422	29.52146527772657
45.757422	29.52146527772657
45.817404	29.521463619202567
45.86538	29.521463431417693
45.877442	29.521463417541739
45.877442	29.521463417541739
45.877442	29.521463417541739
45.877442	29.521463417541739
45.913396	29.521463400367072
45.92531	29.521463398050429
45.937411	29.521463396601643
45.937411	29.521463396601643
45.937411	29.521463396601643
45.937411	29.521463396601643
45.937411	29.521463396601643
45.98531	29.521463394569405
45.997481	29.521463394417754
45.997481	29.521463394417754
45.997481	29.521463394417754
45.997481	29.521463394417754
46.033384	29.521463394232249
46.033384	29.521463394232249
46.057405	29.521463394191439
46.057405	29.521463394191439
46.057405	29.521463394191439
46.08131	29.521463394175498
46.08131	29.521463394175498
46.105319	29.52146339416942
46.117403	29.521463394167789
46.117403	29.521463394167789
46.117403	29.521463394167789
46.117403	29.521463394167789
46.117403	29.521463394167789
46.117403	29.521463394167789
46.177424	29.521463394165327
46.177424	29.521463394165327
46.177424	29.521463394165327
46.177424	29.521463394165327
46.177424	29.521463394165327
46.22533	29.521463394165089
46.237406	29.521463394165071
46.237406	29.521463394165071
46.237406	29.521463394165071
46.237406	29.521463394165071
46.273376	29.521463394165046
46.285309	29.521463394165043
46.297409	29.521463394165043
46.297409	29.521463394165043
46.297409	29.521463394165043
46.32131	29.521463394165043
46.333374	29.521463394165043
46.333374	29.521463394165043
46.357426	29.521463394165043
46.357426	29.521463394165043
46.36931	29.521463394165043
46.36931	29.521463394165043
46.36931	29.521463394165043
46.40531	29.521463394165043
46.417404	29.521463394165043
46.417404	29.521463394165043
46.417404	29.521463394165043
46.417404	29.521463394165043
46.417404	29.521463394165043
46.417404	29.521463394165043
46.47742	29.521464274027228
46.47742	29.521464274027228
46.47742	29.521464274027228
46.47742	29.521464274027228
46.47742	29.521464274027228
46.47742	29.521464274027228
46.537421	29.521465194584941
46.537421	29.521465194584941
46.549329	29.521465231208577
46.561324	29.521465259133503
46.573386	29.521465273162239
46.58531	29.521465283759628
46.597402	29.521465290374842
46.597402	29.521465290374842
46.60931	29.521465294191895
46.60931	29.521465294191895
46.60931	29.521465294191895
46.60931	29.521465294191895
46.657483	29.521465300359029
46.657483	29.521465300359029
46.657483	29.521465300359029
46.657483	29.521465300359029
46.657483	29.521465300359029
46.705331	29.521463756407712
46.717405	29.521463621548559
46.717405	29.521463621548559
46.72931	29.521463543650867
46.72931	29.521463543650867
46.729319	29.521463543603584
46.765318	29.521463431879972
46.777431	29.521463417799389
46.777431	29.521463417799389
46.78939	29.521463409678795
46.78939	29.521463409678795
46.78939	29.521463409678795
46.78939	29.521463409678795
46.837435	29.521463396624263
46.837435	29.521463396624263
46.837435	29.521463396624263
46.837435	29.521463396624263
46.837435	29.521463396624263
46.837435	29.521463396624263
46.897413	29.521464818297062
46.897413	29.521464818297062
46.909319	29.521464983814415
46.92139	29.521465110417473
46.933383	29.521465173426645
46.933383	29.521465173426645
46.957426	29.521465251255812
46.957426	29.521465251255812
46.969347	29.521465268482185
46.981319	29.521465281586824
46.993384	29.521465288183769
47.005318	29.521465293169054
47.017412	29.521465296279569
47.017412	29.521465296279569
47.017412	29.521465296279569
47.017412	29.521465296279569
47.017412	29.521465296279569
47.065319	29.521465031989276
47.077451	29.521464419542028
47.077451	29.521464419542028
47.077451	29.521464419542028
47.077451	29.521464419542028
47.077451	29.521464419542028
47.077451	29.521464419542028
47.137427	29.521463501005581
47.137427	29.521463501005581
47.137427	29.521463501005581
47.137427	29.521463501005581
47.137427	29.521463501005581
47.137427	29.521463501005581
47.197436	29.521463405279373
47.197436	29.521463405279373
47.209347	29.521463401473419
47.209347	29.521463401473419
47.233392	29.521463397113379
47.233392	29.521463397113379
47.257415	29.52146339532294
47.257415	29.52146339532294
47.257415	29.52146339532294
47.257415	29.52146339532294
47.293382	29.521463394472008
47.293382	29.521463394472008
47.293382	29.521463394472008
47.317518	29.521463394284932
47.329318	29.521463394244279
47.341339	29.521463394212766
47.35339	29.521463394196974
47.35339	29.521463394196974
47.377436	29.521463394177566
47.377436	29.521463394177566
47.377436	29.521463394177566
47.377436	29.521463394177566
47.377436	29.521463394177566
47.425318	29.521463394167121
47.425318	29.521463394167121
47.425318	29.521463394167121
47.425318	29.521463394167121
47.425318	29.521463394167121
47.425318	29.521463394167121
47.437412	29.521463394166346
47.497412	29.521463394165178
47.497412	29.521463394165178
47.497412	29.521463394165178
47.497412	29.521463394165178
47.497412	29.521463394165178
47.497412	29.521463394165178
47.557418	29.521463394165053
47.557418	29.521463394165053
47.557418	29.521463394165053
47.557418	29.521463394165053
47.557418	29.521463394165053
47.557418	29.521463394165053
47.617493	29.521463394165043
47.617493	29.521463394165043
47.617493	29.521463394165043
47.617493	29.521463394165043
47.653395	29.521463394165043
47.653395	29.521463394165043
47.677432	29.521463394165043
47.677432	29.521463394165043
47.689319	29.521463394165043
47.689319	29.521463394165043
47.713458	29.521463394165043
47.713458	29.521463394165043
47.737418	29.521463394165043
47.737418	29.521463394165043
47.749322	29.521463394165043
47.761328	29.521463394165043
47.773401	29.521463394165043
47.773401	29.521463394165043
47.79744	29.521463394165043
47.79744	29.521463394165043
47.79744	29.521463394165043
47.79744	29.521463394165043
47.833401	29.521463394165043
47.845405	29.521463394165043
47.85743	29.521463394165043
47.85743	29.521463394165043
47.85743	29.521463394165043
47.881331	29.521463394165043
47.881331	29.521463394165043
47.905327	29.521463394165043
47.917429	29.521463394165043
47.917429	29.521463394165043
47.917429	29.521463394165043
47.941327	29.521463394165043
47.941327	29.521463394165043
47.941327	29.521463394165043
47.977515	29.521464278825558
47.977515	29.521464278825558
47.98933	29.521464626003528
47.98933	29.521464626003528
47.98933	29.521464626003528
47.98933	29.521464626003528
47.98933	29.521464626003528
47.98933	29.521464626003528
47.98933	29.521464626003528
48.037422	29.521465194590199
48.073392	29.521479477842142
48.085328	29.521489155693263
48.097432	29.521495201262688
48.097432	29.521495201262688
48.097432	29.521495201262688
48.121328	29.521501329432709
48.121328	29.521501329432709
48.145331	29.521503669987418
48.157429	29.521504298858368
48.157429	29.521504298858368
48.157429	29.521504298858368
48.181327	29.521482019342073
48.181327	29.521482019342073
48.205328	29.521471193001229
48.217428	29.521468283593066
48.217428	29.521468283593066
48.217428	29.521468283593066
48.241399	29.521465328719746
48.253405	29.521464689999434
48.253405	29.521464689999434
48.253405	29.521464689999434
48.253405	29.521464689999434
48.27752	29.521463900722118
48.301327	29.521463595899327
48.301327	29.521463595899327
48.325348	29.521463478584238
48.325348	29.521463478584238
48.325348	29.521463478584238
48.325348	29.521463478584238
48.325348	29.521463478584238
48.325348	29.521463478584238
48.337423	29.521463447136767
48.397423	29.521463399677987
48.397423	29.521463399677987
48.397423	29.521463399677987
48.397423	29.521463399677987
48.397423	29.521463399677987
48.445348	29.521463395079405
48.457448	29.521463394738085
48.457448	29.521463394738085
48.457448	29.521463394738085
48.457448	29.521463394738085
48.457448	29.521463394738085
48.50541	29.521480398022973
48.517426	29.521481875095567
48.517426	29.521481875095567
48.517426	29.521481875095567
48.517426	29.521481875095567
48.553399	29.521483712357778
48.565328	29.521481268948044
48.577463	29.521475294959231
48.577463	29.521475294959231
48.577463	29.521475294959231
48.577463	29.521475294959231
48.613392	29.521467956037149
48.625328	29.521466963298526
48.625328	29.521466963298526
48.625328	29.521466963298526
48.625328	29.521466963298526
48.625328	29.521466963298526
48.637489	29.521466340233218
48.685328	29.521464337702959
48.697449	29.521463985098912
48.697449	29.521463985098912
48.697449	29.521463985098912
48.721327	29.521463628679498
48.721327	29.521463628679498
48.745345	29.521463492310751
48.757426	29.521463455735155
48.757435	29.521463455707906
48.757435	29.521463455707906
48.757435	29.521463455707906
48.757435	29.521463455707906
48.757435	29.521463455707906
48.817432	29.521463400570958
48.817432	29.521463400570958
48.829336	29.521463398378142
48.829336	29.521463398378142
48.829336	29.521463398378142
48.829336	29.521463398378142
48.877467	29.521463394830576
48.877467	29.521463394830576
48.877467	29.521463394830576
48.877467	29.521463394830576
48.91341	29.521463394341726
48.925337	29.521463394275699
48.937475	29.521463394234278
48.937475	29.521463394234278
48.937475	29.521463394234278
48.961337	29.521463461722725
48.961337	29.521463461722725
48.961337	29.521463461722725
48.997433	29.521464818523231
48.997433	29.521464818523231
48.997433	29.521464818523231
49.021336	29.521465110035155
49.021336	29.521465110035155
49.045352	29.521465221376271
49.057432	29.521465251244752
49.057432	29.521465251244752
49.057432	29.521465251244752
49.081336	29.521465281585854
49.081336	29.521465281585854
49.081336	29.521465281585854
49.117431	29.521465296281757
49.117431	29.521465296281757
49.129337	29.521465298072993
49.129337	29.521465298072993
49.153406	29.52146530012692
49.153406	29.52146530012692
49.177453	29.521464419440782
49.177453	29.521464419440782
49.177453	29.521464419440782
49.177453	29.521464419440782
49.177453	29.521464419440782
49.225337	29.521463564524325
49.237457	29.521463500847936
49.237457	29.521463500847936
49.237457	29.521463500847936
49.237457	29.521463500847936
49.273401	29.521463422484004
49.273401	29.521463422484004
49.297507	29.521463405240549
49.297507	29.521463405240549
49.297507	29.521463405240549
49.297507	29.521463405240549
49.297507	29.521463405240549
49.297507	29.521463405240549
49.357455	29.521463395320666
49.357455	29.521463395320666
49.357455	29.521463395320666
49.357455	29.521463395320666
49.357455	29.521463395320666
49.357455	29.521463395320666
49.417464	29.521463394285256
49.417464	29.521463394285256
49.42946	29.521463394243881
49.42946	29.521463394243881
49.42946	29.521463394243881
49.42946	29.521463394243881
49.477466	29.521464276363137
49.477466	29.521464276363137
49.477466	29.521464276363137
49.477466	29.521464276363137
49.477466	29.521464276363137
49.477466	29.521464276363137
49.53745	29.521465194738688
49.53745	29.521465194738688
49.53745	29.521465194738688
49.53745	29.521465194738688
49.53745	29.521465194738688
49.53745	29.521465194738688
49.53745	29.521465194738688
49.53745	29.521465194738688
49.53745	29.521465194738688
49.53745	29.521465194738688
49.53745	29.521465194738688
49.597435	29.521465290393035
49.657453	29.521465300357335
49.657453	29.521465300357335
49.657453	29.521465300357335
49.657453	29.521465300357335
49.657453	29.521465300357335
49.657453	29.521465300357335
49.717431	29.521463621258153
49.717431	29.521463621258153
49.717431	29.521463621258153
49.717431	29.521463621258153
49.717431	29.521463621258153
49.717441	29.521463621146459
49.77749	29.521463417730804
49.77749	29.521463417730804
49.77749	29.521463417730804
49.77749	29.521463417730804
49.77749	29.521463417730804
49.77749	29.521463417730804
49.837443	29.521463396623293
49.837443	29.521463396623293
49.837443	29.521463396623293
49.837443	29.521463396623293
49.873411	29.521463394816866
49.873411	29.521463394816866
49.897439	29.521463394420927
49.897439	29.521463394420927
49.909347	29.521463394333328
49.909347	29.521463394333328
49.909347	29.521463394333328
49.909347	29.521463394333328
49.909347	29.521463394333328
49.957513	29.521463394191571
49.969346	29.52146339418255
49.981347	29.521463394175594
49.981347	29.521463394175594
50.005347	29.521463394169459
50.017441	29.52146339416781
50.017441	29.52146339416781
50.017441	29.52146339416781
50.017441	29.52146339416781
50.05344	29.521463394165774
50.05344	29.521463394165774
50.077461	29.521463394165327
50.077461	29.521463394165327
50.077461	29.521463394165327
50.077461	29.521463394165327
50.077461	29.521463394165327
50.125357	29.521463394165089
50.137441	29.521463394165071
50.137441	29.521463394165071
50.149348	29.52146339416506
50.149348	29.52146339416506
50.149348	29.52146339416506
50.185367	29.521463394165043
50.197442	29.521463394165043
50.197442	29.521463394165043
50.197442	29.521463394165043
50.197442	29.521463394165043
50.197442	29.521463394165043
50.197442	29.521463394165043
50.257453	29.521463394165043
50.257453	29.521463394165043
50.257453	29.521463394165043
50.257453	29.521463394165043
50.257453	29.521463394165043
50.305356	29.521463394165043
50.317478	29.521463394165043
50.317478	29.521463394165043
50.317478	29.521463394165043
50.317478	29.521463394165043
50.353483	29.521463394165043
50.353483	29.521463394165043
50.377459	29.521463394165043
50.377459	29.521463394165043
50.377459	29.521463394165043
50.377459	29.521463394165043
50.377459	29.521463394165043
50.377459	29.521463394165043
50.437441	29.521463394165043
50.437441	29.521463394165043
50.437441	29.521463394165043
50.437441	29.521463394165043
50.437441	29.521463394165043
50.437441	29.521463394165043
50.497471	29.521463394165043
50.497471	29.521463394165043
50.497471	29.521463394165043
50.497471	29.521463394165043
50.533415	29.521463394165043
50.545351	29.521463394165043
50.557464	29.521463394165043
50.557464	29.521463394165043
50.557464	29.521463394165043
50.557464	29.521463394165043
50.557464	29.521463394165043
50.557464	29.521463394165043
50.557464	29.521463394165043
50.557464	29.521463394165043
50.557464	29.521463394165043
50.557464	29.521463394165043
50.557464	29.521463394165043
50.61751	29.521465075182931
50.677459	29.521465277899352
50.677459	29.521465277899352
50.689389	29.521465285991141
50.701347	29.521465292142764
50.701347	29.521465292142764
50.725346	29.521465297589859
50.737441	29.521465299053872
50.737441	29.521465299053872
50.737441	29.521465299053872
50.737441	29.521465299053872
50.73745	29.52146529905496
50.785398	29.521464162684612
50.797448	29.521463876550417
50.797448	29.521463876550417
50.797448	29.521463876550417
50.797448	29.521463876550417
50.797448	29.521463876550417
50.797448	29.521463876550417
50.857457	29.521463444346274
50.857457	29.521463444346274
50.857457	29.521463444346274
50.857457	29.521463444346274
50.893422	29.521463407474162
50.893422	29.521463407474162
50.917455	29.521463399388082
50.917455	29.521463399388082
50.929356	29.521463397601647
50.929356	29.521463397601647
50.953442	29.521463395549027
50.953442	29.521463395549027
50.977475	29.521463394708082
50.977475	29.521463394708082
50.977475	29.521463394708082
50.977475	29.521463394708082
51.013488	29.521463394308803
51.025355	29.521463394255317
51.037468	29.521463394221573
51.037468	29.521463394221573
51.037468	29.521463394221573
51.037468	29.521463394221573
51.037468	29.521463394221573
51.037468	29.521463394221573
51.09745	29.521464818925786
51.09745	29.521464818925786
51.09745	29.521464818925786
51.09745	29.521464818925786
51.133418	29.521465173544275
51.145426	29.521465221559019
51.157455	29.521465251301485
51.157455	29.521465251301485
51.169447	29.52146526858138
51.169447	29.52146526858138
51.169447	29.52146526858138
51.205356	29.521465293174511
51.217467	29.521465296291009
51.217467	29.521465296291009
51.229356	29.521465298075285
51.241356	29.521465299440852
51.241356	29.521465299440852
51.241356	29.521465299440852
51.277566	29.521464413736322
51.277566	29.521464413736322
51.277566	29.521464413736322
51.277566	29.521464413736322
51.277566	29.521464413736322
51.277566	29.521464413736322
51.337456	29.521463500853191
51.337456	29.521463500853191
51.337456	29.521463500853191
51.337456	29.521463500853191
51.337456	29.521463500853191
51.337456	29.521463500853191
51.337456	29.521463500853191
51.397456	29.521463405268438
51.409427	29.521463401452845
51.409427	29.521463401452845
51.409427	29.521463401452845
51.409427	29.521463401452845
51.457454	29.521463395320723
51.457454	29.521463395320723
51.457454	29.521463395320723
51.457454	29.521463395320723
51.49344	29.521463394471276
51.505356	29.521463394356964
51.517454	29.521463394285313
51.517454	29.521463394285313
51.517454	29.521463394285313
51.517454	29.521463394285313
51.517454	29.521463394285313
51.517454	29.521463394285313
51.577504	29.521463394177523
51.577504	29.521463394177523
51.577504	29.521463394177523
51.601355	29.521463394170002
51.613422	29.521463394168357
51.625376	29.521463394167117
51.637449	29.521463394166343
51.637449	29.521463394166343
51.637449	29.521463394166343
51.637449	29.521463394166343
51.637449	29.521463394166343
51.637449	29.521463394166343
51.69745	29.521463394165178
51.69745	29.521463394165178
51.709359	29.521463394165131
51.709359	29.521463394165131
51.73342	29.521463394165078
51.745355	29.521463394165064
51.757497	29.521463394165053
51.757497	29.521463394165053
51.757506	29.521463394165053
51.757506	29.521463394165053
51.757506	29.521463394165053
51.757506	29.521463394165053
51.817461	29.521463394165043
51.817461	29.521463394165043
51.817461	29.521463394165043
51.817461	29.521463394165043
51.853593	29.521463394165043
51.865365	29.521463394165043
51.87748	29.521463394165043
51.87748	29.521463394165043
51.87748	29.521463394165043
51.87748	29.521463394165043
51.87748	29.521463394165043
51.87748	29.521463394165043
51.937527	29.521463394165043
51.937527	29.521463394165043
51.937527	29.521463394165043
51.937527	29.521463394165043
51.937527	29.521463394165043
51.937527	29.521463394165043
51.997492	29.521463394165043
51.997492	29.521463394165043
52.009364	29.521463394165043
52.021385	29.521463394165043
52.021385	29.521463394165043
52.021385	29.521463394165043
52.057462	29.521463394165043
52.057462	29.521463394165043
52.057462	29.521463394165043
52.057462	29.521463394165043
52.057462	29.521463394165043
52.057462	29.521463394165043
52.117461	29.521463394165043
52.117461	29.521463394165043
52.129421	29.521463394165043
52.129421	29.521463394165043
52.129421	29.521463394165043
52.165365	29.521463394165043
52.177478	29.521463394165043
52.177478	29.521463394165043
52.177478	29.521463394165043
52.177478	29.521463394165043
52.177478	29.521463394165043
52.177478	29.521463394165043
52.237462	29.521463394165043
52.237462	29.521463394165043
52.237462	29.521463394165043
52.237462	29.521463394165043
52.273435	29.521463394165043
52.273435	29.521463394165043
52.29747	29.521463394165043
52.29747	29.521463394165043
52.29747	29.521463394165043
52.29747	29.521463394165043
52.29747	29.521463394165043
52.29747	29.521463394165043
52.29747	29.521463394165043
52.357484	29.521463394165043
52.369547	29.521463394165043
52.381365	29.521463394165043
52.393428	29.521463394165043
52.393428	29.521463394165043
52.417476	29.521463394165043
52.417476	29.521463394165043
52.417476	29.521463394165043
52.441364	29.521463394165043
52.453441	29.521463394165043
52.453441	29.521463394165043
52.477479	29.521463394165043
52.477479	29.521463394165043
52.477479	29.521463394165043
52.477479	29.521463394165043
52.477479	29.521463394165043
52.525364	29.521463394165043
52.537468	29.521463394165043
52.537468	29.521463394165043
52.537468	29.521463394165043
52.561365	29.521463394165043
52.561365	29.521463394165043
52.585365	29.521463394165043
52.597528	29.521463394165043
52.597528	29.521463394165043
52.597528	29.521463394165043
52.597528	29.521463394165043
52.597528	29.521463394165043
52.597528	29.521463394165043
52.657461	29.521463394165043
52.657461	29.521463394165043
52.657461	29.521463394165043
52.657461	29.521463394165043
52.657461	29.521463394165043
52.657461	29.521463394165043
52.717461	29.521463394165043
52.717461	29.521463394165043
52.717461	29.521463394165043
52.741365	29.521463394165043
52.741365	29.521463394165043
52.765368	29.52146366529594
52.777482	29.521464277158771
52.777492	29.521464277663856
52.777492	29.521464277663856
52.777492	29.521464277663856
52.777492	29.521464277663856
52.825375	29.52146513126376
52.837468	29.521465194832004
52.837468	29.521465194832004
52.849376	29.52146523132479
52.849376	29.52146523132479
52.849376	29.52146523132479
52.849376	29.52146523132479
52.897473	29.521465290413683
52.897473	29.521465290413683
52.897473	29.521465290413683
52.921375	29.521465297109199
52.933439	29.521465298569456
52.945396	29.521465299670844
52.957475	29.521465300358571
52.957475	29.521465300358571
52.957475	29.521465300358571
52.981374	29.521456958507621
52.981374	29.521456958507621
52.981374	29.521456958507621
52.981374	29.521456958507621
52.981374	29.521456958507621
52.981374	29.521456958507621
53.017471	29.521451856736999
53.05345	29.521450523617041
53.05345	29.521450523617041
53.077506	29.521456420630933
53.077506	29.521456420630933
53.077506	29.521456420630933
53.077506	29.521456420630933
53.077506	29.521456420630933
53.125451	29.521462236498927
53.137471	29.521462667151798
53.137471	29.521462667151798
53.137471	29.521462667151798
53.137471	29.521462667151798
53.173447	29.521463201410949
53.185375	29.52146327339943
53.197469	29.521463318494856
53.197469	29.521463318494856
53.197469	29.521463318494856
53.197469	29.521463318494856
53.197469	29.521463318494856
53.197469	29.521463318494856
53.257544	29.521463386318889
53.257544	29.521463386318889
53.269553	29.521463389015739
53.269553	29.521463389015739
53.269553	29.521463389015739
53.269553	29.521463389015739
53.31749	29.521463393346281
53.31749	29.521463393346281
53.31749	29.521463393346281
53.341395	29.521463393840065
53.341395	29.521463393840065
53.365375	29.521463394028906
53.377491	29.521463394079834
53.377491	29.521463394079834
53.377491	29.521463394079834
53.377491	29.521463394079834
53.377491	29.521463394079834
53.377491	29.521463394079834
53.377491	29.521463394079834
53.43747	29.521463394156161
53.449442	29.521463394159213
53.449442	29.521463394159213
53.449442	29.521463394159213
53.485374	29.521464532014715
53.497469	29.521464819370379
53.497469	29.521464819370379
53.497469	29.521464819370379
53.497469	29.521464819370379
53.497469	29.521464819370379
53.497469	29.521464819370379
53.557475	29.521465251350225
53.557475	29.521465251350225
53.557475	29.521465251350225
53.557475	29.521465251350225
53.557475	29.521465251350225
53.605375	29.521465293179279
53.61747	29.521465296291705
53.61747	29.521465296291705
53.61747	29.521465296291705
53.61747	29.521465296291705
53.61747	29.521465296291705
53.665375	29.521465029161828
53.67752	29.521464416058485
53.67752	29.521464416058485
53.67752	29.521464416058485
53.67752	29.521464416058485
53.67752	29.521464416058485
53.67752	29.521464416058485
53.737469	29.52146350078489
53.737469	29.52146350078489
53.737469	29.52146350078489
53.737469	29.52146350078489
53.773447	29.521463422430532
53.773456	29.521463422420069
53.797505	29.521463405241644
53.797505	29.521463405241644
53.797505	29.521463405241644
53.797505	29.521463405241644
53.833447	29.521463397106725
53.845384	29.521463396007572
53.857503	29.521463395317934
53.857503	29.521463395317934
53.869384	29.521463394924655
53.869384	29.521463394924655
53.869384	29.521463394924655
53.869384	29.521463394924655
53.917555	29.521463394284716
53.917555	29.521463394284716
53.917555	29.521463394284716
53.917555	29.521463394284716
53.917555	29.521463394284716
53.917555	29.521463394284716
53.977497	29.521463394177527
53.977497	29.521463394177527
53.989384	29.521463394173264
54.001384	29.521463394169999
54.001384	29.521463394169999
54.025383	29.521463394167117
54.037482	29.521463394166339
54.037482	29.521463394166339
54.037482	29.521463394166339
54.037482	29.521463394166339
54.037482	29.521463394166339
54.037482	29.521463394166339
54.097482	29.521463394165178
54.097482	29.521463394165178
54.097482	29.521463394165178
54.097482	29.521463394165178
54.097482	29.521463394165178
54.145383	29.521463394165064
54.157513	29.521463394165053
54.157513	29.521463394165053
54.157513	29.521463394165053
54.181459	29.521463394165043
54.181459	29.521463394165043
54.205403	29.521463394165043
54.205403	29.521463394165043
54.205403	29.521463394165043
54.205403	29.521463394165043
54.205403	29.521463394165043
54.205403	29.521463394165043
54.21749	29.521463394165043
54.277499	29.521463394165043
54.277499	29.521463394165043
54.277499	29.521463394165043
54.277499	29.521463394165043
54.277499	29.521463394165043
54.277499	29.521463394165043
54.337497	29.521463394165043
54.337497	29.521463394165043
54.337497	29.521463394165043
54.337497	29.521463394165043
54.337497	29.521463394165043
54.385384	29.521464532253773
54.39748	29.521464819632644
54.39748	29.521464819632644
54.409384	29.521464984372358
54.409384	29.521464984372358
54.433447	29.521465173695155
54.433447	29.521465173695155
54.457489	29.521465251384939
54.457489	29.521465251384939
54.457489	29.521465251384939
54.457489	29.521465251384939
54.457489	29.521465251384939
54.505394	29.521463747566358
54.51748	29.521463615611658
54.51748	29.521463615611658
54.51748	29.521463615611658
54.51748	29.521463615611658
54.51748	29.521463615611658
54.51748	29.521463615611658
54.577618	29.521463417054928
54.577618	29.521463417054928
54.577618	29.521463417054928
54.577618	29.521463417054928
54.577618	29.521463417054928
54.625384	29.521463397994005
54.637485	29.521463396562993
54.637485	29.521463396562993
54.637485	29.521463396562993
54.637485	29.521463396562993
54.637485	29.521463396562993
54.637485	29.521463396562993
54.697495	29.521464820238457
54.697495	29.521464820238457
54.697495	29.521464820238457
54.721383	29.521465110378415
54.721383	29.521465110378415
54.745387	29.521465221503082
54.745387	29.521465221503082
54.757483	29.52146525139608
54.769384	29.52146479455082
54.769384	29.52146479455082
54.769394	29.521464794057358
54.805394	29.521463747570674
54.817495	29.521463615450592
54.817495	29.521463615450592
54.817495	29.521463615450592
54.817495	29.521463615450592
54.817495	29.521463615450592
54.817495	29.521463615450592
54.87751	29.521464301585905
54.87751	29.521464301585905
54.87751	29.521464301585905
54.87751	29.521464301585905
54.87751	29.521464301585905
54.925394	29.521465135191463
54.93751	29.521465197447807
54.93751	29.521465197447807
54.93751	29.521465197447807
54.93751	29.521465197447807
54.93751	29.521465197447807
54.93751	29.521465197447807
54.99749	29.521463864967306
54.99749	29.521463864967306
55.009437	29.52146370358895
55.021393	29.521463581043534
55.021393	29.521463581043534
55.045393	29.521463472400729
55.0575	29.521463443138853
55.0575	29.521463443138853
55.069425	29.521463426381473
55.069425	29.521463426381473
55.093458	29.521463407162241
55.093458	29.521463407162241
55.117493	29.521463399263666
55.117493	29.521463399263666
55.117493	29.521463399263666
55.117493	29.521463399263666
55.153462	29.521463395517479
55.165394	29.521463395012407
55.177509	29.521463394695253
55.177509	29.521463394695253
55.177509	29.521463394695253
55.177509	29.521463394695253
55.177509	29.521463394695253
55.177509	29.521463394695253
55.237583	29.521463394220021
55.237583	29.521463394220021
55.237583	29.521463394220021
55.237583	29.521463394220021
55.237583	29.521463394220021
55.237583	29.521463394220021
55.297489	29.521463394170787
55.297489	29.521463394170787
55.297489	29.521463394170787
55.321394	29.52146339416732
55.321394	29.52146339416732
55.345394	29.521463394165991
55.357492	29.521463394165636
55.357492	29.521463394165636
55.357492	29.521463394165636
55.357492	29.521463394165636
55.357492	29.521463394165636
55.357492	29.521463394165636
55.417493	29.521463394165099
55.417493	29.521463394165099
55.417493	29.521463394165099
55.417493	29.521463394165099
55.417493	29.521463394165099
55.465394	29.521463394165046
55.477524	29.521463394165043
55.477524	29.521463394165043
55.477524	29.521463394165043
55.477524	29.521463394165043
55.513467	29.521463394165043
55.513467	29.521463394165043
55.537493	29.521463394165043
55.537493	29.521463394165043
55.549394	29.521463394165043
55.561395	29.521462689568175
55.573466	29.521456592658616
55.573466	29.521456592658616
55.597488	29.521449137588352
55.597488	29.521449137588352
55.597488	29.521449137588352
55.597488	29.521449137588352
55.597488	29.521449137588352
55.597488	29.521449137588352
55.657492	29.521444821891869
55.657492	29.521444821891869
55.657492	29.521444821891869
55.681395	29.52145495281086
55.693459	29.521457752997975
55.705395	29.521459860261029
55.717488	29.521461180572295
55.717488	29.521461180572295
55.717488	29.521461180572295
55.717488	29.521461180572295
55.717488	29.521461180572295
55.765467	29.521463303329082
55.777507	29.521464048261301
55.777507	29.521464048261301
55.777507	29.521464048261301
55.801406	29.521464803812808
55.813468	29.521464968933955
55.825404	29.52146509315018
55.837501	29.521465171044827
55.837501	29.521465171044827
55.837501	29.521465171044827
55.837501	29.521465171044827
55.837501	29.521465171044827
55.837501	29.521465171044827
55.837501	29.521465171044827
55.837501	29.521465171044827
55.837501	29.521465171044827
55.837501	29.521465171044827
55.897567	29.521463860445003
55.945403	29.521463471920626
55.957501	29.521463442850958
55.957501	29.521463442850958
55.969403	29.52145392754559
55.981403	29.521442543346552
55.981403	29.521442543346552
56.005424	29.521432483190345
56.017498	29.52142978155694
56.017498	29.52142978155694
56.029474	29.521428224580912
56.029474	29.521428224580912
56.029474	29.521428224580912
56.029474	29.521428224580912
56.077526	29.521444307985341
56.077526	29.521444307985341
56.077526	29.521444307985341
56.077526	29.521444307985341
56.077526	29.521444307985341
56.077526	29.521444307985341
56.137554	29.521463119669271
56.137554	29.521463119669271
56.137554	29.521463119669271
56.137554	29.521463119669271
56.137554	29.521463119669271
56.137554	29.521463119669271
56.197505	29.521463647829616
56.197505	29.521463647829616
56.209414	29.521463561139136
56.209414	29.521463561139136
56.233469	29.521463461471427
56.233469	29.521463461471427
56.2575	29.521463420571287
56.2575	29.521463420571287
56.2575	29.521463420571287
56.2575	29.521463420571287
56.293536	29.521464732915888
56.305421	29.521464944471031
56.317524	29.521465078084315
56.317524	29.521465078084315
56.317524	29.521465078084315
56.317524	29.521465078084315
56.317524	29.521465078084315
56.317524	29.521465078084315
56.377529	29.521464392898732
56.377529	29.521464392898732
56.377529	29.521464392898732
56.377529	29.521464392898732
56.413467	29.521463659501389
56.413467	29.521463659501389
56.437521	29.521463498147725
56.437521	29.521463498147725
56.437521	29.521463498147725
56.437521	29.521463498147725
56.473471	29.521477029838675
56.485403	29.52148618226828
56.497506	29.521491926701206
56.497506	29.521491926701206
56.497506	29.521491926701206
56.497506	29.521491926701206
56.533468	29.521498989848936
56.533468	29.521498989848936
56.557592	29.521500544778874
56.557592	29.521500544778874
56.557592	29.521500544778874
56.557592	29.521500544778874
56.557592	29.521500544778874
56.557592	29.521500544778874
56.617497	29.521469500375247
56.617497	29.521469500375247
56.617497	29.521469500375247
56.617497	29.521469500375247
56.617497	29.521469500375247
56.617497	29.521469500375247
56.67751	29.521484310790484
56.67751	29.521484310790484
56.67751	29.521484310790484
56.67751	29.521484310790484
56.67751	29.521484310790484
56.67751	29.521484310790484
56.737505	29.521503165065344
56.737505	29.521503165065344
56.749404	29.521503913257455
56.749404	29.521503913257455
56.749404	29.521503913257455
56.785404	29.521468557592794
56.797499	29.52145949835835
56.797509	29.521459490868285
56.797509	29.521459490868285
56.797509	29.521459490868285
56.797509	29.521459490868285
56.797509	29.521459490868285
56.797509	29.521459490868285
56.857515	29.521445899023892
56.869766	29.521450279910241
56.881413	29.521455385060012
56.881413	29.521455385060012
56.881413	29.521455385060012
56.917507	29.521461294850987
56.917507	29.521461294850987
56.917507	29.521461294850987
56.917507	29.521461294850987
56.917507	29.521461294850987
56.917507	29.521461294850987
56.977524	29.521463175865698
56.977524	29.521463175865698
56.989417	29.521463250350344
56.989417	29.521463250350344
56.989417	29.521463250350344
57.025414	29.521463357851722
57.037511	29.521463371431295
57.037511	29.521463371431295
57.037511	29.521463371431295
57.037511	29.521463371431295
57.037511	29.521463371431295
57.085484	29.521463390393965
57.097549	29.521463391803501
57.097549	29.521463391803501
57.097549	29.521463391803501
57.121416	29.521463393225517
57.121416	29.521463393225517
57.145413	29.521463393771707
57.157544	29.521463393919205
57.157544	29.521463393919205
57.157544	29.521463393919205
57.157544	29.521463393919205
57.157544	29.521463393919205
57.157544	29.521463393919205
57.21758	29.521497030142768
57.21758	29.521497030142768
57.21758	29.521497030142768
57.21758	29.521497030142768
57.21758	29.521497030142768
57.265509	29.52149522582496
57.277521	29.521483371019428
57.277521	29.521483371019428
57.289413	29.521476554739625
57.289413	29.521476554739625
57.313487	29.521468695006533
57.313487	29.521468695006533
57.337514	29.521465473942762
57.337514	29.521465473942762
57.337514	29.521465473942762
57.361433	29.521464219773708
57.361433	29.521464219773708
57.361433	29.521464219773708
57.361433	29.521464219773708
57.361433	29.521464219773708
57.361433	29.521464219773708
57.361433	29.521464219773708
57.361433	29.521464219773708
57.397507	29.521463610689363
57.45752	29.521463416684995
57.45752	29.521463416684995
57.45752	29.521463416684995
57.45752	29.521463416684995
57.45752	29.521463416684995
57.45752	29.521463416684995
57.517511	29.521463396509805
57.517511	29.521463396509805
57.517511	29.521463396509805
57.517511	29.521463396509805
57.517511	29.521463396509805
57.565414	29.521463394554832
57.577557	29.521463394408514
57.577557	29.521463394408514
57.577557	29.521463394408514
57.601413	29.52146339426195
57.601413	29.52146339426195
57.601413	29.52146339426195
57.637509	29.521463394190437
57.637509	29.521463394190437
57.649456	29.521463394181737
57.661413	29.521463394175125
57.673477	29.521463394171775
57.673477	29.521463394171775
57.697508	29.521463394167682
57.697508	29.521463394167682
57.697508	29.521463394167682
57.721413	29.521463394166091
57.721413	29.521463394166091
57.745491	29.52146339416548
57.757514	29.521463394165316
57.757514	29.521463394165316
57.757514	29.521463394165316
57.757514	29.521463394165316
57.757514	29.521463394165316
57.757514	29.521463394165316
57.81753	29.521463394165067
57.81753	29.521463394165067
57.81753	29.521463394165067
57.81753	29.521463394165067
57.81753	29.521463394165067
57.865424	29.521463668124429
57.877618	29.521464284027957
57.877618	29.521464284027957
57.877618	29.521464284027957
57.877618	29.521464284027957
57.877618	29.521464284027957
57.877618	29.521464284027957
57.937538	29.521465195199966
57.937538	29.521465195199966
57.949424	29.521465231443472
57.961424	29.521465187325369
57.961424	29.521465187325369
57.961424	29.521465187325369
57.997519	29.52146386404468
57.997519	29.52146386404468
57.997519	29.52146386404468
57.997519	29.52146386404468
58.033489	29.521463518824618
58.033489	29.521463518824618
58.057526	29.521463443050088
58.057526	29.521463443050088
58.069424	29.521463426365536
58.069424	29.521463426365536
58.069424	29.521463426365536
58.069424	29.521463426365536
58.11752	29.521463399254181
58.11752	29.521463399254181
58.11752	29.521463399254181
58.1415	29.521463396182146
58.1415	29.521463396182146
58.1415	29.521463396182146
58.177541	29.521481114168992
58.177541	29.521481114168992
58.177541	29.521481114168992
58.201424	29.521493419412277
58.213488	29.521496115721405
58.225424	29.521498141378984
58.237537	29.521499414813519
58.237537	29.521499414813519
58.237537	29.521499414813519
58.237537	29.521499414813519
58.273557	29.521487283162507
58.285424	29.521478406532115
58.297518	29.521472792227794
58.297518	29.521472792227794
58.309428	29.521469581332596
58.309428	29.521469581332596
58.309428	29.521469581332596
58.309428	29.521469581332596
58.357529	29.521464371721741
58.357529	29.521464371721741
58.357529	29.521464371721741
58.357529	29.521464371721741
58.357529	29.521464371721741
58.357529	29.521464371721741
58.417521	29.521463495942893
58.417521	29.521463495942893
58.417521	29.521463495942893
58.441427	29.521463434588409
58.453503	29.521463421153907
58.465428	29.521463411085588
58.477537	29.521463404749031
58.477537	29.521463404749031
58.477537	29.521463404749031
58.477537	29.521463404749031
58.477537	29.521463404749031
58.525424	29.521463395926236
58.537643	29.521463395260778
58.537643	29.521463395260778
58.549424	29.521463394890997
58.549424	29.521463394890997
58.549424	29.521463394890997
58.549424	29.521463394890997
58.597524	29.521464820792715
58.597524	29.521464820792715
58.609527	29.521464986045704
58.609527	29.521464986045704
58.633468	29.52146517383601
58.633468	29.52146517383601
58.657522	29.521465251478475
58.657522	29.521465251478475
58.657522	29.521465251478475
58.657522	29.521465251478475
58.657522	29.521465251478475
58.657522	29.521465251478475
58.717523	29.521463615143428
58.717523	29.521463615143428
58.717523	29.521463615143428
58.717523	29.521463615143428
58.717523	29.521463615143428
58.717523	29.521463615143428
58.777569	29.521463417110738
58.777569	29.521463417110738
58.777569	29.521463417110738
58.777569	29.521463417110738
58.777579	29.521463417099373
58.825434	29.521463397988114
58.837532	29.521463396557451
58.837532	29.521463396557451
58.849434	29.521463395740827
58.849434	29.521463395740827
58.873512	29.521476361806403
58.873512	29.521476361806403
58.897529	29.521490500417386
58.897529	29.521490500417386
58.897529	29.521490500417386
58.921434	29.521496005529585
58.921434	29.521496005529585
58.921434	29.521496005529585
58.957532	29.52149868338914
58.957532	29.52149868338914
58.969438	29.521486613648243
58.969438	29.521486613648243
58.969438	29.521486613648243
58.969438	29.521486613648243
59.017551	29.521455816592557
59.017551	29.521455816592557
59.017551	29.521455816592557
59.017551	29.521455816592557
59.017551	29.521455816592557
59.017551	29.521455816592557
59.077566	29.52145685383983
59.077566	29.52145685383983
59.077566	29.52145685383983
59.077566	29.52145685383983
59.113506	29.521461656189814
59.125434	29.52146230461684
59.137529	29.521462712244311
59.137529	29.521462712244311
59.137529	29.521462712244311
59.137529	29.521462712244311
59.137529	29.521462712244311
59.137529	29.521462712244311
59.197599	29.52146332344077
59.197599	29.52146332344077
59.197599	29.52146332344077
59.197599	29.52146332344077
59.197599	29.52146332344077
59.245434	29.521463382363851
59.257533	29.521463386780436
59.257533	29.521463386780436
59.269437	29.521463389301363
59.269437	29.521463389301363
59.269437	29.521463389301363
59.269437	29.521463389301363
59.317552	29.521463393397219
59.317552	29.521463393397219
59.317552	29.521463393397219
59.317552	29.521463393397219
59.317552	29.521463393397219
59.317552	29.521463393397219
59.377547	29.52147314312986
59.377547	29.52147314312986
59.389436	29.521476972037746
59.389436	29.521476972037746
59.389436	29.521476972037746
59.389436	29.521476972037746
59.437547	29.521483206061319
59.437547	29.521483206061319
59.437547	29.521483206061319
59.437547	29.521483206061319
59.437547	29.521483206061319
59.437547	29.521483206061319
59.49757	29.521441425307838
59.49757	29.521441425307838
59.49757	29.521441425307838
59.521434	29.521432835156961
59.521434	29.521432835156961
59.545466	29.521429530015354
59.557534	29.521428642395797
59.557534	29.521428642395797
59.557534	29.521428642395797
59.557534	29.521428642395797
59.557534	29.521428642395797
59.557534	29.521428642395797
59.617537	29.521471023674383
59.617537	29.521471023674383
59.617537	29.521471023674383
59.617537	29.521471023674383
59.617537	29.521471023674383
59.617537	29.521471023674383
59.677564	29.521469940951611
59.677564	29.521469940951611
59.677564	29.521469940951611
59.701447	29.521465998469999
59.701447	29.521465998469999
59.725512	29.521464482050536
59.737566	29.521464075443777
59.737566	29.521464075443777
59.749434	29.521463843652239
59.749434	29.521463843652239
59.749434	29.521463843652239
59.785436	29.521463507651767
59.797531	29.521463465190891
59.797531	29.521463465190891
59.797531	29.521463465190891
59.821444	29.521463422375298
59.821444	29.521463422375298
59.821444	29.521463422375298
59.857609	29.521463401528443
59.857609	29.521463401528443
59.857609	29.521463401528443
59.857609	29.521463401528443
59.857609	29.521463401528443
59.857609	29.521463401528443
59.917537	29.521463394934109
59.917537	29.521463394934109
59.929443	29.52146339467156
59.929443	29.52146339467156
59.929443	29.52146339467156
59.929443	29.52146339467156
59.977553	29.521463394245018
59.977553	29.521463394245018
59.977553	29.521463394245018
59.977553	29.521463394245018
59.977553	29.521463394245018
59.977553	29.521463394245018
60.037543	29.52146339417337
60.037543	29.52146339417337
60.037543	29.52146339417337
60.037543	29.52146339417337
60.037543	29.52146339417337
60.037543	29.52146339417337
60.097538	29.521464821011485
60.097538	29.521464821011485
60.109443	29.521464985032271
60.109443	29.521464985032271
60.133509	29.521465174021298
60.133509	29.521465174021298
60.157545	29.521465251523495
60.157545	29.521465251523495
60.157545	29.521465251523495
60.157545	29.521465251523495
60.157545	29.521465251523495
60.157545	29.521465251523495
60.21754	29.521465296309739
60.21754	29.521465296309739
60.21754	29.521465296309739
60.21754	29.521465296309739
60.21754	29.521465296309739
60.21754	29.521465296309739
60.277548	29.521447574426208
60.277548	29.521447574426208
60.277548	29.521447574426208
60.277548	29.521447574426208
60.277548	29.521447574426208
60.277548	29.521447574426208
60.337556	29.521429278866432
60.337556	29.521429278866432
60.337556	29.521429278866432
60.361443	29.521429457036085
60.373514	29.521441370078545
60.385516	29.521450331854833
60.397556	29.521455921091235
60.397556	29.521455921091235
60.397556	29.521455921091235
60.397556	29.521455921091235
60.433511	29.521462810580218
60.445443	29.521463740043828
60.457539	29.521464324440085
60.457539	29.521464324440085
60.457539	29.521464324440085
60.457539	29.521464324440085
60.493508	29.52146504224174
60.505443	29.521465139006228
60.517639	29.521465200329136
60.517639	29.521465200329136
60.517639	29.521465200329136
60.517639	29.521465200329136
60.517639	29.521465200329136
60.565443	29.521465284600975
60.577552	29.521465290937531
60.577552	29.521465290937531
60.577552	29.521465290937531
60.577552	29.521465290937531
60.577552	29.521465290937531
60.625443	29.521465299753512
60.637543	29.521465300412487
60.637543	29.521465300412487
60.649514	29.52146530079002
60.649514	29.52146530079002
60.649514	29.52146530079002
60.649514	29.52146530079002
60.697546	29.521463874363441
60.697546	29.521463874363441
60.697546	29.521463874363441
60.697546	29.521463874363441
60.697546	29.521463874363441
60.697546	29.521463874363441
60.757541	29.52146344415327
60.757541	29.52146344415327
60.757541	29.52146344415327
60.757541	29.52146344415327
60.757541	29.52146344415327
60.805443	29.521463402479935
60.817542	29.521463399367224
60.817552	29.521463399364652
60.817552	29.521463399364652
60.817552	29.521463399364652
60.817552	29.521463399364652
60.817552	29.521463399364652
60.877563	29.52146428179082
60.877563	29.52146428179082
60.889453	29.521464629282324
60.889453	29.521464629282324
60.889453	29.521464629282324
60.889453	29.521464629282324
60.937548	29.52146519530886
60.937548	29.52146519530886
60.937548	29.52146519530886
60.961453	29.521465185916728
60.973533	29.521464589813419
60.985474	29.521464143631743
60.997551	29.521463863307787
60.997551	29.521463863307787
60.997551	29.521463863307787
60.997551	29.521463863307787
60.997551	29.521463863307787
60.997551	29.521463863307787
61.057554	29.521463442983062
61.057554	29.521463442983062
61.057554	29.521463442983062
61.057554	29.521463442983062
61.057554	29.521463442983062
61.105453	29.521464948565164
61.117583	29.52146508107209
61.117583	29.52146508107209
61.129453	29.521465156048059
61.141453	29.521465213754173
61.15352	29.521465242919728
61.15352	29.521465242919728
61.177634	29.521465278629552
61.177634	29.521465278629552
61.177634	29.521465278629552
61.177634	29.521465278629552
61.21352	29.521465295415602
61.225453	29.521465297690792
61.237552	29.521465299122344
61.237552	29.521465299122344
61.237552	29.521465299122344
61.237552	29.521465299122344
61.273518	29.521464618101877
61.285454	29.521464161364019
61.29755	29.521463874134099
61.29755	29.521463874134099
61.29755	29.521463874134099
61.29755	29.521463874134099
61.29755	29.521463874134099
61.29755	29.521463874134099
61.35755	29.521463444117042
61.35755	29.521463444117042
61.369453	29.521463904532773
61.369453	29.521463904532773
61.369453	29.521463904532773
61.369453	29.521463904532773
61.417548	29.521465080806781
61.417548	29.521465080806781
61.417548	29.521465080806781
61.441524	29.521465213972196
61.441524	29.521465213972196
61.441524	29.521465213972196
61.477651	29.521465278660997
61.477651	29.521465278660997
61.477651	29.521465278660997
61.501473	29.521465292390111
61.501473	29.521465292390111
61.525453	29.521465297692817
61.537556	29.521465299124081
61.537556	29.521465299124081
61.537556	29.521465299124081
61.537556	29.521465299124081
61.537556	29.521465299124081
61.537556	29.521465299124081
61.597568	29.521465301265128
61.597568	29.521465301265128
61.597568	29.521465301265128
61.621453	29.521465301414796
61.621453	29.521465301414796
61.645453	29.521465301472286
61.65757	29.521465301487808
61.65757	29.521465301487808
61.65757	29.521465301487808
61.65757	29.521465301487808
61.65757	29.521465301487808
61.705524	29.521465301509373
61.717554	29.521465301510975
61.717554	29.521465301510975
61.729453	29.521465301511896
61.729453	29.521465301511896
61.729453	29.521465301511896
61.765473	29.521465301513224
61.77758	29.521465301513395
61.77758	29.521465301513395
61.77758	29.521465301513395
61.801453	29.521465301513562
61.813559	29.521465301513601
61.813559	29.521465301513601
61.837625	29.521465301513643
61.837635	29.521465301513643
61.837635	29.521465301513643
61.837635	29.521465301513643
61.837635	29.521465301513643
61.885463	29.521457321754266
61.897609	29.521455301786816
61.897609	29.521455301786816
61.897609	29.521455301786816
61.921464	29.521453285732971
61.921464	29.521453285732971
61.921464	29.521453285732971
61.957564	29.521452299676266
61.957564	29.521452299676266
61.957564	29.521452299676266
61.981463	29.521458358681297
61.981463	29.521458358681297
61.981463	29.521458358681297
62.017557	29.521462075729008
62.017557	29.521462075729008
62.017557	29.521462075729008
62.017557	29.521462075729008
62.053539	29.521463044446563
62.053539	29.521463044446563
62.077569	29.521463257032437
62.077569	29.521463257032437
62.077569	29.521463257032437
62.077569	29.521463257032437
62.077569	29.521463257032437
62.125463	29.521463371337315
62.125463	29.521463371337315
62.137658	29.521463379956089
62.149463	29.521463384757144
62.161483	29.521463388491938
62.161483	29.521463388491938
62.161483	29.521463388491938
62.197558	29.521463392678911
62.197558	29.521463392678911
62.197558	29.521463392678911
62.197558	29.521463392678911
62.2336	29.521463393771814
62.2336	29.521463393771814
62.257563	29.521463394010411
62.257563	29.521463394010411
62.257563	29.521463394010411
62.257563	29.521463394010411
62.293567	29.521488711659575
62.293567	29.521488711659575
62.31761	29.52149535472202
62.31761	29.52149535472202
62.31761	29.52149535472202
62.31761	29.52149535472202
62.31761	29.52149535472202
62.31761	29.52149535472202
62.377566	29.521482329987013
62.377566	29.521482329987013
62.389494	29.521475860989579
62.389494	29.521475860989579
62.41353	29.521468421044695
62.425497	29.521466542523083
62.437557	29.521465365758203
62.437557	29.521465365758203
62.437557	29.521465365758203
62.461463	29.521464177845637
62.473527	29.521463917394158
62.485463	29.521463722170573
62.497634	29.521463598573462
62.497634	29.521463598573462
62.497634	29.521463598573462
62.521463	29.521463475725326
62.521463	29.521463475725326
62.545483	29.521463428280544
62.557559	29.521463415517779
62.557559	29.521463415517779
62.557559	29.521463415517779
62.557559	29.521463415517779
62.557559	29.521463415517779
62.557559	29.521463415517779
62.617558	29.5214633963874
62.617558	29.5214633963874
62.617558	29.5214633963874
62.617558	29.5214633963874
62.617558	29.5214633963874
62.617558	29.5214633963874
62.677581	29.521464282390156
62.677581	29.521464282390156
62.677581	29.521464282390156
62.701463	29.521464895944657
62.701463	29.521464895944657
62.701463	29.521464895944657
62.737558	29.521465195329167
62.737558	29.521465195329167
62.737558	29.521465195329167
62.737558	29.521465195329167
62.737558	29.521465195329167
62.737558	29.521465195329167
62.737558	29.521465195329167
62.737558	29.521465195329167
62.737558	29.521465195329167
62.737558	29.521465195329167
62.797563	29.521465290465425
62.845473	29.521465299675647
62.85757	29.521465300364245
62.85757	29.521465300364245
62.85757	29.521465300364245
62.85757	29.521465300364245
62.85757	29.521465300364245
62.905484	29.521463754698843
62.917573	29.521463619672129
62.917573	29.521463619672129
62.917573	29.521463619672129
62.941493	29.521463483797838
62.953544	29.521463454016409
62.965474	29.521463431698635
62.965474	29.521463431698635
62.965474	29.521463431698635
62.965474	29.521463431698635
62.965474	29.521463431698635
62.977573	29.521463417634322
63.025544	29.521463398062817
63.037572	29.521463396607686
63.037572	29.521463396607686
63.037572	29.521463396607686
63.037572	29.521463396607686
63.037572	29.521463396607686
63.037572	29.521463396607686
63.097588	29.521463394419051
63.097588	29.521463394419051
63.097588	29.521463394419051
63.121474	29.521463394266128
63.121474	29.521463394266128
63.121474	29.521463394266128
63.157648	29.521463394191397
63.157648	29.521463394191397
63.157648	29.521463394191397
63.157648	29.521463394191397
63.157648	29.521463394191397
63.205495	29.521463394169437
63.217572	29.521463394167792
63.217572	29.521463394167792
63.217572	29.521463394167792
63.217572	29.521463394167792
63.217572	29.521463394167792
63.265474	29.521463394165497
63.277594	29.521463394165327
63.277594	29.521463394165327
63.277594	29.521463394165327
63.277594	29.521463394165327
63.277594	29.521463394165327
63.277594	29.521463394165327
63.337595	29.521463394165071
63.337595	29.521463394165071
63.349563	29.52146339416506
63.349563	29.52146339416506
63.349563	29.52146339416506
63.349563	29.52146339416506
63.397567	29.521463394165043
63.397567	29.521463394165043
63.397567	29.521463394165043
63.397567	29.521463394165043
63.397567	29.521463394165043
63.397567	29.521463394165043
63.457575	29.521463394165043
63.457575	29.521463394165043
63.457575	29.521463394165043
63.481473	29.521463394165043
63.481473	29.521463394165043
63.481473	29.521463394165043
63.517572	29.521463394165043
63.517572	29.521463394165043
63.517572	29.521463394165043
63.541473	29.521463394165043
63.541473	29.521463394165043
63.541473	29.521463394165043
63.577571	29.521446531873945
63.577571	29.521446531873945
63.58964	29.521439849298144
63.601474	29.521434859763463
63.613539	29.521432297991115
63.613539	29.521432297991115
63.637568	29.521429171505158
63.637568	29.521429171505158
63.637568	29.521429171505158
63.637568	29.521429171505158
63.673536	29.521441363628625
63.68556	29.521450334672682
63.697573	29.521455917943591
63.697573	29.521455917943591
63.697573	29.521455917943591
63.721497	29.521461572216808
63.721497	29.521461572216808
63.721497	29.521461572216808
63.75757	29.521464324788713
63.75757	29.521464324788713
63.75757	29.521464324788713
63.781474	29.521463867952725
63.781474	29.521463867952725
63.781474	29.521463867952725
63.817635	29.521463517775011
63.817635	29.521463517775011
63.829474	29.521463475883206
63.829484	29.521463475854318
63.829484	29.521463475854318
63.865484	29.521463414795772
63.87758	29.521463407064701
63.87758	29.521463407064701
63.87758	29.521463407064701
63.87758	29.521463407064701
63.913555	29.521463397588342
63.913555	29.521463397588342
63.937581	29.521463395507482
63.937581	29.521463395507482
63.937581	29.521463395507482
63.937581	29.521463395507482
63.937581	29.521463395507482
63.985508	29.521463394388327
63.99759	29.521463394304689
63.99759	29.521463394304689
63.99759	29.521463394304689
63.99759	29.521463394304689
63.99759	29.521463394304689
64.045483	29.521463394188292
64.057581	29.521463394179577
64.057581	29.521463394179577
64.057581	29.521463394179577
64.057581	29.521463394179577
64.057581	29.521463394179577
64.105484	29.521463394167458
64.117599	29.521463394166553
64.117599	29.521463394166553
64.117599	29.521463394166553
64.141484	29.521463394165639
64.153552	29.521463394165441
64.165484	29.5214636711552
64.17761	29.521464283624042
64.17761	29.521464283624042
64.17761	29.521464283624042
64.17761	29.521464283624042
64.17761	29.521464283624042
64.225483	29.521465131831501
64.237594	29.521465195494354
64.237594	29.521465195494354
64.237594	29.521465195494354
64.261483	29.521465184413977
64.261483	29.521465184413977
64.285483	29.521464143413482
64.297579	29.521463862652013
64.297579	29.521463862652013
64.297579	29.521463862652013
64.297579	29.521463862652013
64.333548	29.521463518521617
64.345563	29.521463471948604
64.357592	29.521463442890656
64.357592	29.521463442890656
64.369483	29.521463426298496
64.369483	29.521463426298496
64.369483	29.521463426298496
64.405484	29.521463402280098
64.41758	29.521463399239096
64.41758	29.521463399239096
64.41758	29.521463399239096
64.41758	29.521463399239096
64.41758	29.521463399239096
64.465484	29.521463395009597
64.465484	29.521463395009597
64.477682	29.521463394690443
64.489731	29.521463394510032
64.489731	29.521463394510032
64.489731	29.521463394510032
64.489731	29.521463394510032
64.537578	29.521463394220003
64.537578	29.521463394220003
64.537578	29.521463394220003
64.537578	29.521463394220003
64.537578	29.521463394220003
64.585484	29.521486203465198
64.597579	29.521491950564013
64.597579	29.521491950564013
64.597579	29.521491950564013
64.597579	29.521491950564013
64.633549	29.521498995492362
64.633549	29.521498995492362
64.657587	29.5215005434099
64.657587	29.5215005434099
64.669484	29.521491781872587
64.669484	29.521491781872587
64.693549	29.521475966793563
64.693549	29.521475966793563
64.717582	29.521469482647291
64.717582	29.521469482647291
64.717582	29.521469482647291
64.741554	29.521466961342902
64.741554	29.521466961342902
64.741554	29.521466961342902
64.777589	29.521464848109279
64.777589	29.521464848109279
64.777589	29.521464848109279
64.801483	29.521463972685247
64.801483	29.521463972685247
64.801483	29.521463972685247
64.83758	29.521463545549434
64.83758	29.521463545549434
64.837589	29.521463545481929
64.837589	29.521463545481929
64.837589	29.521463545481929
64.837589	29.521463545481929
64.897629	29.521463409881878
64.897629	29.521463409881878
64.909551	29.521463404524024
64.921493	29.521463400429422
64.921493	29.521463400429422
64.921493	29.521463400429422
64.957592	29.52146339580375
64.957592	29.52146339580375
64.969492	29.521463395245387
64.969492	29.521463395245387
64.969492	29.521463395245387
64.969492	29.521463395245387
65.017608	29.521463394335452
65.017608	29.521463394335452
65.017608	29.521463394335452
65.017608	29.521463394335452
65.017608	29.521463394335452
65.065493	29.521463394193436
65.077589	29.521463394182792
65.077589	29.521463394182792
65.089493	29.521463394176742
65.089493	29.521463394176742
65.089493	29.521463394176742
65.089493	29.521463394176742
65.137658	29.521463394166879
65.137658	29.521463394166879
65.137658	29.521463394166879
65.137658	29.521463394166879
65.137658	29.521463394166879
65.185492	29.521463394165345
65.197593	29.521463394165227
65.197593	29.521463394165227
65.209654	29.521463394165163
65.221493	29.521463394165114
65.221493	29.521463394165114
65.221493	29.521463394165114
65.25759	29.52146339416506
65.25759	29.52146339416506
65.25759	29.52146339416506
65.25759	29.52146339416506
65.25759	29.52146339416506
65.25759	29.52146339416506
65.317617	29.521463394165043
65.317617	29.521463394165043
65.317617	29.521463394165043
65.317617	29.521463394165043
65.317617	29.521463394165043
65.365493	29.521463394165043
65.377589	29.521463394165043
65.377589	29.521463394165043
65.377589	29.521463394165043
65.401569	29.521463394165043
65.401569	29.521463394165043
65.401569	29.521463394165043
65.437595	29.521463394165043
65.437595	29.521463394165043
65.437595	29.521463394165043
65.437595	29.521463394165043
65.437595	29.521463394165043
65.437595	29.521463394165043
65.497588	29.521463394165043
65.497588	29.521463394165043
65.497588	29.521463394165043
65.521493	29.521463394165043
65.521493	29.521463394165043
65.521493	29.521463394165043
65.55759	29.521463394165043
65.55759	29.521463394165043
65.55759	29.521463394165043
65.581513	29.521463394165043
65.593556	29.521463394165043
65.605492	29.521463394165043
65.617587	29.521463394165043
65.617587	29.521463394165043
65.629493	29.521463394165043
65.629493	29.521463394165043
65.629493	29.521463394165043
65.66557	29.521463394165043
65.677621	29.521463394165043
65.677621	29.521463394165043
65.677621	29.521463394165043
65.677621	29.521463394165043
65.677621	29.521463394165043
65.677621	29.521463394165043
65.737588	29.521463394165043
65.737588	29.521463394165043
65.737588	29.521463394165043
65.737588	29.521463394165043
65.737588	29.521463394165043
65.737588	29.521463394165043
65.797654	29.521463394165043
65.797654	29.521463394165043
65.797654	29.521463394165043
65.797654	29.521463394165043
65.797654	29.521463394165043
65.797654	29.521463394165043
65.857617	29.521463394165043
65.857627	29.521463394165043
65.857627	29.521463394165043
65.881501	29.52146966917951
65.881501	29.52146966917951
65.905501	29.521472675046553
65.917595	29.521473485971796
65.917595	29.521473485971796
65.917595	29.521473485971796
65.917595	29.521473485971796
65.953573	29.521474479388374
65.953573	29.521474479388374
65.977623	29.521470247138058
65.977623	29.521470247138058
65.989502	29.521468565868108
65.989502	29.521468565868108
65.989502	29.521468565868108
66.025501	29.521466126021259
66.025501	29.521466126021259
66.025501	29.521466126021259
66.025501	29.521466126021259
66.025501	29.521466126021259
66.037596	29.521465816911551
66.085501	29.521465387322962
66.097599	29.52146535514489
66.097599	29.52146535514489
66.097599	29.52146535514489
66.097599	29.52146535514489
66.097599	29.52146535514489
66.145502	29.521465310443858
66.157599	29.521465307095255
66.157599	29.521465307095255
66.157599	29.521465307095255
66.181501	29.521465303734569
66.193632	29.52146530299159
66.205501	29.521465302443097
66.217594	29.521465302094711
66.217594	29.521465302094711
66.217594	29.521465302094711
66.217594	29.521465302094711
66.217594	29.521465302094711
66.265501	29.521465301610398
66.277617	29.521465301574072
66.277617	29.521465301574072
66.277617	29.521465301574072
66.277617	29.521465301574072
66.277617	29.521465301574072
66.277617	29.521465301574072
66.337617	29.521465301519957
66.337617	29.521465301519957
66.349501	29.521465301517821
66.349501	29.521465301517821
66.373594	29.521464614899582
66.385501	29.521464160646282
66.397595	29.521463873314534
66.397595	29.521463873314534
66.397595	29.521463873314534
66.397595	29.521463873314534
66.433566	29.521463521358193
66.433566	29.521463521358193
66.457686	29.521463443806738
66.457686	29.521463443806738
66.457686	29.521463443806738
66.457686	29.521463443806738
66.457686	29.521463443806738
66.457686	29.521463443806738
66.517596	29.521463399354577
66.517596	29.521463399354577
66.517596	29.521463399354577
66.517596	29.521463399354577
66.517596	29.521463399354577
66.517596	29.521463399354577
66.577618	29.521463394704544
66.577618	29.521463394704544
66.577618	29.521463394704544
66.577618	29.521463394704544
66.577618	29.521463394704544
66.577618	29.521463394704544
66.637596	29.52146339422125
66.637596	29.52146339422125
66.637596	29.52146339422125
66.637596	29.52146339422125
66.637596	29.52146339422125
66.637596	29.52146339422125
66.697596	29.52146339417089
66.697596	29.52146339417089
66.697596	29.52146339417089
66.697596	29.52146339417089
66.697596	29.52146339417089
66.697596	29.52146339417089
66.697596	29.52146339417089
66.697596	29.52146339417089
66.757603	29.521463394165647
66.781501	29.521463394165281
66.781501	29.521463394165281
66.781501	29.521463394165281
66.817613	29.521463394165103
66.817613	29.521463394165103
66.829501	29.521463394165082
66.829501	29.521463394165082
66.829501	29.521463394165082
66.86553	29.521463394165046
66.87761	29.521463394165043
66.87761	29.521463394165043
66.87761	29.521463394165043
66.901511	29.521463394165043
66.901511	29.521463394165043
66.925511	29.521463394165043
66.937608	29.521463394165043
66.937608	29.521463394165043
66.937608	29.521463394165043
66.937608	29.521463394165043
66.937608	29.521463394165043
66.937608	29.521463394165043
66.937608	29.521463394165043
66.937608	29.521463394165043
66.937608	29.521463394165043
66.937608	29.521463394165043
66.937608	29.521463394165043
66.997608	29.521463394165043
67.057607	29.521463394165043
67.057607	29.521463394165043
67.057607	29.521463394165043
67.057607	29.521463394165043
67.093575	29.521463394165043
67.093575	29.521463394165043
67.11769	29.521463394165043
67.11769	29.521463394165043
67.11769	29.521463394165043
67.141511	29.521463394165043
67.141511	29.521463394165043
67.165512	29.521463394165043
67.17764	29.521463394165043
67.17764	29.521463394165043
67.17764	29.521463394165043
67.17764	29.521463394165043
67.17764	29.521463394165043
67.17764	29.521463394165043
67.237625	29.521463394165043
67.237625	29.521463394165043
67.237625	29.521463394165043
67.237625	29.521463394165043
67.237625	29.521463394165043
67.237625	29.521463394165043
67.297605	29.521464822602415
67.297605	29.521464822602415
67.297605	29.521464822602415
67.321512	29.521465110957458
67.321512	29.521465110957458
67.321512	29.521465110957458
67.35761	29.521465251684123
67.35761	29.521465251684123
67.35761	29.521465251684123
67.35761	29.521465251684123
67.35761	29.521465251684123
67.405511	29.521448277035567
67.417794	29.521446770266614
67.417794	29.521446770266614
67.417794	29.521446770266614
67.417794	29.521446770266614
67.417794	29.521446770266614
67.417794	29.521446770266614
67.477635	29.521473080735582
67.477635	29.521473080735582
67.477635	29.521473080735582
67.477635	29.521473080735582
67.477635	29.521473080735582
67.525511	29.521499973566915
67.537607	29.521501992183584
67.537607	29.521501992183584
67.537607	29.521501992183584
67.537607	29.521501992183584
67.537607	29.521501992183584
67.537607	29.521501992183584
67.597609	29.521475006622566
67.597609	29.521475006622566
67.597609	29.521475006622566
67.597609	29.521475006622566
67.597609	29.521475006622566
67.597609	29.521475006622566
67.657613	29.521466311356679
67.657613	29.521466311356679
67.657613	29.521466311356679
67.657613	29.521466311356679
67.657613	29.521466311356679
67.657613	29.521466311356679
67.717613	29.521431763232471
67.717613	29.521431763232471
67.717613	29.521431763232471
67.717613	29.521431763232471
67.717613	29.521431763232471
67.717613	29.521431763232471
67.777679	29.521444598547081
67.777679	29.521444598547081
67.777679	29.521444598547081
67.777679	29.521444598547081
67.777679	29.521444598547081
67.825512	29.521460252996054
67.837611	29.521461431418476
67.837611	29.521461431418476
67.837611	29.521461431418476
67.837622	29.521461432489858
67.873626	29.521470444573758
67.873626	29.521470444573758
67.897617	29.521478905903393
67.897617	29.521478905903393
67.909602	29.521480778973018
67.909602	29.521480778973018
67.909602	29.521480778973018
67.909602	29.521480778973018
67.957617	29.521483805812633
67.957617	29.521483805812633
67.969534	29.521482073644446
67.981523	29.521479963023566
67.993596	29.52147889116485
67.993596	29.52147889116485
68.017616	29.521477586949906
68.017616	29.521477586949906
68.029522	29.521477300348209
68.029522	29.521477300348209
68.029522	29.521477300348209
68.029522	29.521477300348209
68.077626	29.521470601254666
68.077626	29.521470601254666
68.077626	29.521470601254666
68.077626	29.521470601254666
68.113596	29.52146530790052
68.125522	29.521464595088585
68.137638	29.521464143784229
68.137638	29.521464143784229
68.137638	29.521464143784229
68.137638	29.521464143784229
68.137638	29.521464143784229
68.137638	29.521464143784229
68.197617	29.52146347226185
68.197617	29.52146347226185
68.197617	29.52146347226185
68.221523	29.521463425248417
68.221523	29.521463425248417
68.221523	29.521463425248417
68.257639	29.521463402283963
68.257639	29.521463402283963
68.257639	29.521463402283963
68.257639	29.521463402283963
68.293586	29.521463396323185
68.293586	29.521463396323185
68.317637	29.521463395010088
68.317637	29.521463395010088
68.317637	29.521463395010088
68.317637	29.521463395010088
68.353594	29.521463394389571
68.365523	29.521463394305925
68.377621	29.521463394253058
68.377621	29.521463394253058
68.377621	29.521463394253058
68.377621	29.521463394253058
68.377621	29.521463394253058
68.425522	29.521463394179701
68.437723	29.521463394174152
68.437723	29.521463394174152
68.437723	29.521463394174152
68.461522	29.521463394168688
68.473591	29.521463394167473
68.473591	29.521463394167473
68.497617	29.521463394165995
68.497617	29.521463394165995
68.509523	29.521463394165668
68.521543	29.521463394165419
68.533586	29.521463394165295
68.545522	29.521463394165199
68.557621	29.521463394165139
68.557621	29.521463394165139
68.557621	29.521463394165139
68.557621	29.521463394165139
68.557621	29.521463394165139
68.557621	29.521463394165139
68.617621	29.521463394165046
68.617621	29.521463394165046
68.617621	29.521463394165046
68.617621	29.521463394165046
68.617621	29.521463394165046
68.617621	29.521463394165046
68.677622	29.521463394165043
68.677622	29.521463394165043
68.677622	29.521463394165043
68.677622	29.521463394165043
68.677622	29.521463394165043
68.725522	29.521463394165043
68.737624	29.521463394165043
68.737624	29.521463394165043
68.737624	29.521463394165043
68.737624	29.521463394165043
68.7736	29.521459959570976
68.785543	29.521457684833628
68.797616	29.52145625067147
68.797616	29.52145625067147
68.797616	29.52145625067147
68.797616	29.52145625067147
68.797616	29.52145625067147
68.797616	29.52145625067147
68.857617	29.52145410648308
68.857628	29.52145410634709
68.857628	29.52145410634709
68.857628	29.52145410634709
68.857628	29.52145410634709
68.905533	29.521430691322532
68.917659	29.521428643043283
68.917659	29.521428643043283
68.917659	29.521428643043283
68.917659	29.521428643043283
68.917659	29.521428643043283
68.917659	29.521428643043283
68.977633	29.521443413478071
68.977633	29.521443413478071
68.977633	29.521443413478071
68.977633	29.521443413478071
68.977633	29.521443413478071
69.025533	29.521460064744527
69.037628	29.521461314190915
69.037628	29.521461314190915
69.049553	29.521462023417428
69.049553	29.521462023417428
69.049553	29.521462023417428
69.049553	29.521462023417428
69.097705	29.521463178522936
69.097705	29.521463178522936
69.109533	29.521463251405564
69.109533	29.521463251405564
69.109533	29.521463251405564
69.109533	29.521463251405564
69.157628	29.52146337163628
69.157628	29.52146337163628
69.157628	29.52146337163628
69.157628	29.52146337163628
69.157628	29.52146337163628
69.205533	29.521463390411963
69.217627	29.52146339182028
69.217627	29.52146339182028
69.217627	29.52146339182028
69.217627	29.52146339182028
69.217627	29.52146339182028
69.217627	29.52146339182028
69.277636	29.52146339392112
69.277636	29.52146339392112
69.289534	29.521463394004119
69.289534	29.521463394004119
69.289534	29.521463394004119
69.289534	29.521463394004119
69.337629	29.521463394139644
69.337629	29.521463394139644
69.349537	29.521463394148295
69.349537	29.521463394148295
69.373607	29.5214633941583
69.373607	29.5214633941583
69.397649	29.521463394162399
69.397649	29.521463394162399
69.397649	29.521463394162399
69.421533	29.521463394163987
69.421533	29.521463394163987
69.445556	29.521463394164599
69.457633	29.521463394164766
69.457633	29.521463394164766
69.457633	29.521463394164766
69.457633	29.521463394164766
69.457633	29.521463394164766
69.505533	29.521463394164993
69.51763	29.521463394165011
69.51763	29.521463394165011
69.51763	29.521463394165011
69.51763	29.521463394165011
69.51763	29.521463394165011
69.565533	29.521463394165036
69.57763	29.521463394165036
69.57763	29.521463394165036
69.57763	29.521463394165036
69.57763	29.521463394165036
69.57763	29.521463394165036
69.57763	29.521463394165036
69.63763	29.521463394165036
69.63763	29.521463394165036
69.63763	29.521463394165036
69.661536	29.521463394165036
69.673603	29.521463394165036
69.685534	29.521463394165036
69.697627	29.521463394165036
69.697627	29.521463394165036
69.697627	29.521463394165036
69.721533	29.521463394165036
69.721533	29.521463394165036
69.721533	29.521463394165036
69.757747	29.521463394165036
69.757747	29.521463394165036
69.757747	29.521463394165036
69.757747	29.521463394165036
69.79363	29.521463394165036
69.79363	29.521463394165036
69.817628	29.521463394165036
69.817628	29.521463394165036
69.817628	29.521463394165036
69.841533	29.521463394165036
69.841533	29.521463394165036
69.841533	29.521463394165036
69.877707	29.521463394165036
69.877707	29.521463394165036
69.877707	29.521463394165036
69.901546	29.521463394165036
69.901546	29.521463394165036
69.901546	29.521463394165036
69.937641	29.521463394165036
69.937641	29.521463394165036
69.949546	29.521463394165036
69.949546	29.521463394165036
69.973617	29.521464081942497
69.985547	29.521464536126352
69.997646	29.521464823576498
69.997646	29.521464823576498
69.997646	29.521464823576498
69.997646	29.521464823576498
69.997646	29.521464823576498
69.997646	29.521464823576498
69.997646	29.521464823576498
70.057648	29.521465251778082
70.069815	29.521465269008981
70.081547	29.521465281700991
70.081547	29.521465281700991
70.081547	29.521465281700991
70.11764	29.521465296335464
70.11764	29.521465296335464
70.11764	29.521465296335464
70.11764	29.521465296335464
70.11764	29.521465296335464
70.11764	29.521465296335464
70.177649	29.521465300974999
70.177649	29.521465300974999
70.177649	29.521465300974999
70.201546	29.52146530129907
70.21361	29.521465301370554
70.225547	29.521465301423881
70.237643	29.521465301457592
70.237643	29.521465301457592
70.237643	29.521465301457592
70.237643	29.521465301457592
70.273629	29.521465301498786
70.285617	29.521465301504346
70.297646	29.521465301507835
70.297646	29.521465301507835
70.297646	29.521465301507835
70.297646	29.521465301507835
70.297646	29.521465301507835
70.297646	29.521465301507835
70.357643	29.521465301513064
70.357643	29.521465301513064
70.357643	29.521465301513064
70.357643	29.521465301513064
70.357643	29.521465301513064
70.357643	29.521465301513064
70.41771	29.521465301513608
70.41771	29.521465301513608
70.41771	29.521465301513608
70.441546	29.521465301513643
70.441546	29.521465301513643
70.465547	29.521465301513665
70.477649	29.521465301513668
70.477649	29.521465301513668
70.477649	29.521465301513668
70.477649	29.521465301513668
70.477649	29.521465301513668
70.477649	29.521465301513668
70.537643	29.521465301513668
70.537643	29.521465301513668
70.537643	29.521465301513668
70.537643	29.521465301513668
70.537643	29.521465301513668
70.537643	29.521465301513668
70.59764	29.521463872244759
70.59764	29.521463872244759
70.59764	29.521463872244759
70.621546	29.521463584542531
70.633611	29.521463521121472
70.645546	29.521463473823957
70.657662	29.521463443866011
70.657662	29.521463443866011
70.657662	29.521463443866011
70.657662	29.521463443866011
70.693612	29.521463407377276
70.693612	29.521463407377276
70.717683	29.521463399332184
70.717683	29.521463399332184
70.717683	29.521463399332184
70.717683	29.521463399332184
70.717683	29.521463399332184
70.717683	29.521463399332184
70.717683	29.521463399332184
70.717683	29.521463399332184
70.717683	29.521463399332184
70.777644	29.521454482942417
70.813698	29.52144701013156
70.813698	29.52144701013156
70.837659	29.521445377511299
70.837659	29.521445377511299
70.84955	29.521445018302227
70.861546	29.521445522785832
70.861557	29.521445528213853
70.885558	29.521455919098301
70.897651	29.52145872601313
70.897651	29.52145872601313
70.897651	29.52145872601313
70.897651	29.52145872601313
70.897651	29.52145872601313
70.897651	29.52145872601313
70.957657	29.521462908479638
70.957657	29.521462908479638
70.957657	29.521462908479638
70.957657	29.521462908479638
70.957657	29.521462908479638
71.005558	29.521463313200584
71.017678	29.521463343670913
71.017678	29.521463343670913
71.017678	29.521463343670913
71.017678	29.521463343670913
71.017678	29.521463343670913
71.017678	29.521463343670913
71.077724	29.52146338892198
71.077724	29.52146338892198
71.077724	29.52146338892198
71.077724	29.52146338892198
71.077724	29.52146338892198
71.077724	29.52146338892198
71.137652	29.521463393617413
71.137652	29.521463393617413
71.137652	29.521463393617413
71.137652	29.521463393617413
71.137652	29.521463393617413
71.137652	29.521463393617413
71.197654	29.521463394108054
71.197654	29.521463394108054
71.197654	29.521463394108054
71.221557	29.521463394142337
71.221557	29.521463394142337
71.221557	29.521463394142337
71.221557	29.521463394142337
71.221557	29.521463394142337
71.221557	29.521463394142337
71.221557	29.521463394142337
71.221557	29.521463394142337
71.257661	29.52146339415911
71.317688	29.521463394164421
71.317688	29.521463394164421
71.317688	29.521463394164421
71.317688	29.521463394164421
71.317688	29.521463394164421
71.317688	29.521463394164421
71.377736	29.52145443593551
71.377736	29.52145443593551
71.377736	29.52145443593551
71.401557	29.521448366783414
71.401557	29.521448366783414
71.401557	29.521448366783414
71.437654	29.521445377718091
71.437654	29.521445377718091
71.44958	29.521445017523458
71.44958	29.521445017523458
71.44958	29.521445017523458
71.44958	29.521445017523458
71.497652	29.521474451333507
71.497652	29.521474451333507
71.497652	29.521474451333507
71.497652	29.521474451333507
71.533622	29.521481739349831
71.533622	29.521481739349831
71.557655	29.521483342364562
71.557655	29.521483342364562
71.557655	29.521483342364562
71.557655	29.521483342364562
71.593628	29.521469427304858
71.60565	29.52146717010125
71.617655	29.521465758508711
71.617655	29.521465758508711
71.617655	29.521465758508711
71.617655	29.521465758508711
71.617655	29.521465758508711
71.617655	29.521465758508711
71.677661	29.521463640156853
71.677661	29.521463640156853
71.677661	29.521463640156853
71.677661	29.521463640156853
71.677661	29.521463640156853
71.677661	29.521463640156853
71.737735	29.521463419671992
71.737735	29.521463419671992
71.737735	29.521463419671992
71.737735	29.521463419671992
71.737735	29.521463419671992
71.737735	29.521463419671992
71.797654	29.521463396830367
71.797654	29.521463396830367
71.797654	29.521463396830367
71.797654	29.521463396830367
71.797654	29.521463396830367
71.797654	29.521463396830367
71.857657	29.521463394442385
71.857657	29.521463394442385
71.857657	29.521463394442385
71.857669	29.521463394442222
71.857669	29.521463394442222
71.857669	29.521463394442222
71.857669	29.521463394442222
71.857669	29.521463394442222
71.857669	29.521463394442222
71.857669	29.521463394442222
71.857669	29.521463394442222
71.917664	29.521453297760559
71.977685	29.521439584727052
71.977685	29.521439584727052
71.977685	29.521439584727052
71.977685	29.521439584727052
71.977685	29.521439584727052
71.977685	29.521439584727052
72.037668	29.521426740611485
72.037668	29.521426740611485
72.037668	29.521426740611485
72.037668	29.521426740611485
72.073634	29.521439416673815
72.073634	29.521439416673815
72.09767	29.521454002235213
72.09767	29.521454002235213
72.09767	29.521454002235213
72.09767	29.521454002235213
72.09767	29.521454002235213
72.145588	29.521461828963314
72.157667	29.521462416569229
72.157667	29.521462416569229
72.157667	29.521462416569229
72.181569	29.521463004598338
72.181569	29.521463004598338
72.205569	29.521463231173012
72.217663	29.521463292403087
72.217663	29.521463292403087
72.217663	29.521463292403087
72.217663	29.521463292403087
72.217663	29.521463292403087
72.217663	29.521463292403087
72.277677	29.521463383581708
72.277677	29.521463383581708
72.277677	29.521463383581708
72.301573	29.521463389946003
72.313641	29.521463391352903
72.325569	29.521463392399628
72.337687	29.521463393064145
72.337687	29.521463393064145
72.337687	29.521463393064145
72.337687	29.521463393064145
72.337687	29.521463393064145
72.337687	29.521463393064145
72.397784	29.521463394051018
72.397784	29.521463394051018
72.397784	29.521463394051018
72.397784	29.521463394051018
72.397784	29.521463394051018
72.397784	29.521463394051018
72.457666	29.521463394153102
72.457666	29.521463394153102
72.457666	29.521463394153102
72.481569	29.521463394160282
72.481569	29.521463394160282
72.505569	29.52146339416305
72.517662	29.521463394163796
72.517662	29.521463394163796
72.517662	29.521463394163796
72.517662	29.521463394163796
72.517662	29.521463394163796
72.517662	29.521463394163796
72.577674	29.521463394164911
72.577674	29.521463394164911
72.577674	29.521463394164911
72.577674	29.521463394164911
72.577674	29.521463394164911
72.577674	29.521463394164911
72.637673	29.521463394165028
72.637673	29.521463394165028
72.637673	29.521463394165028
72.637673	29.521463394165028
72.673634	29.521464082801149
72.673634	29.521464082801149
72.697747	29.521464825976071
72.697747	29.521464825976071
72.697747	29.521464825976071
72.697747	29.521464825976071
72.733652	29.521465174772761
72.745569	29.521465221911626
72.75767	29.521465251832478
72.75767	29.521465251832478
72.75767	29.521465251832478
72.75767	29.521465251832478
72.75767	29.521465251832478
72.805569	29.521463745655712
72.817664	29.521463613602748
72.817664	29.521463613602748
72.817664	29.521463613602748
72.841569	29.52146348159674
72.853646	29.521463452422843
72.86559	29.521463430721997
72.877671	29.521463416994706
72.877681	29.521463416983345
72.877681	29.521463416983345
72.901579	29.521463403261837
72.901579	29.521463403261837
72.925672	29.521463397959948
72.937674	29.521463396540643
72.937674	29.521463396540643
72.937674	29.521463396540643
72.937674	29.521463396540643
72.937674	29.521463396540643
72.98558	29.52146339456112
72.997692	29.521463394412056
72.997692	29.521463394412056
72.997692	29.521463394412056
73.021579	29.521463394263574
73.021579	29.521463394263574
73.021579	29.521463394263574
73.057762	29.521463394190658
73.057762	29.521463394190658
73.057762	29.521463394190658
73.057762	29.521463394190658
73.057762	29.521463394190658
73.105579	29.521463394169331
73.117691	29.521463394167718
73.117691	29.521463394167718
73.117691	29.521463394167718
73.117691	29.521463394167718
73.117691	29.521463394167718
73.165579	29.521463394165483
73.177682	29.521463394165316
73.177682	29.521463394165316
73.177682	29.521463394165316
73.177682	29.521463394165316
73.213645	29.52146339416511
73.225582	29.521463394165085
73.237673	29.521463394165067
73.237673	29.521463394165067
73.237673	29.521463394165067
73.2616	29.521461777885492
73.2616	29.521461777885492
73.28558	29.521440539258336
73.297687	29.521434786454133
73.297687	29.521434786454133
73.297687	29.521434786454133
73.297687	29.521434786454133
73.297687	29.521434786454133
73.345579	29.521426838738812
73.357761	29.521426236316149
73.357761	29.521426236316149
73.357761	29.521426236316149
73.381579	29.521446596873535
73.381579	29.521446596873535
73.405579	29.521456366535194
73.417692	29.521459011524922
73.417692	29.521459011524922
73.417692	29.521459011524922
73.417692	29.521459011524922
73.417692	29.521459011524922
73.417692	29.521459011524922
73.477678	29.521462937730714
73.477678	29.521462937730714
73.477678	29.521462937730714
73.501599	29.521463212329632
73.513668	29.521463273013925
73.525579	29.521463318046894
73.537676	29.521463346657647
73.537676	29.521463346657647
73.537676	29.521463346657647
73.537676	29.521463346657647
73.537676	29.521463346657647
73.537676	29.521463346657647
73.597698	29.521463389226202
73.597698	29.521463389226202
73.597698	29.521463389226202
73.597698	29.521463389226202
73.597698	29.521463389226202
73.597698	29.521463389226202
73.657677	29.521463393650503
73.657677	29.521463393650503
73.669579	29.521463877648621
73.669579	29.521463877648621
73.669579	29.521463877648621
73.705579	29.521464941764496
73.717795	29.521465078314662
73.717795	29.521465078314662
73.717795	29.521465078314662
73.717795	29.521465078314662
73.717795	29.521465078314662
73.7656	29.521470638227328
73.777682	29.521482246967164
73.777682	29.521482246967164
73.78958	29.521488803874536
73.78958	29.521488803874536
73.78958	29.521488803874536
73.78958	29.521488803874536
73.837687	29.521499533628155
73.837687	29.521499533628155
73.837687	29.521499533628155
73.837687	29.521499533628155
73.837687	29.521499533628155
73.837687	29.521499533628155
73.897703	29.52147271706238
73.897703	29.52147271706238
73.909591	29.521469552818701
73.909591	29.521469552818701
73.909591	29.521469552818701
73.945591	29.521464950273092
73.957689	29.521464365107629
73.957689	29.521464365107629
73.957689	29.521464365107629
73.957689	29.521464365107629
73.957689	29.521464365107629
73.957689	29.521464365107629
73.957689	29.521464365107629
73.957689	29.521464365107629
74.017728	29.521482013013198
74.041591	29.521483431468962
74.041591	29.521483431468962
74.041591	29.521483431468962
74.077703	29.521474293155567
74.077703	29.521474293155567
74.077703	29.521474293155567
74.077703	29.521474293155567
74.077703	29.521474293155567
74.077703	29.521474293155567
74.137686	29.521464529421092
74.137686	29.521464529421092
74.149595	29.521464143367407
74.161611	29.521462219069686
74.161611	29.521462219069686
74.161611	29.521462219069686
74.197685	29.521434905560273
74.197685	29.521434905560273
74.197685	29.521434905560273
74.197685	29.521434905560273
74.233655	29.521427813085104
74.233655	29.521427813085104
74.257693	29.521426251970851
74.257693	29.521426251970851
74.257693	29.521426251970851
74.281595	29.521446609202194
74.281595	29.521446609202194
74.305591	29.52145637120617
74.31771	29.521459016733576
74.31771	29.521459016733576
74.31771	29.521459016733576
74.31771	29.521459016733576
74.31771	29.521459016733576
74.31771	29.521459016733576
74.377761	29.521462939749611
74.377761	29.521462939749611
74.377761	29.521462939749611
74.377761	29.521462939749611
74.377761	29.521462939749611
74.425611	29.521463318144775
74.437687	29.521463346697523
74.437687	29.521463346697523
74.437687	29.521463346697523
74.437687	29.521463346697523
74.437687	29.521463346697523
74.485591	29.5214416691216
74.497693	29.521436209192615
74.497693	29.521436209192615
74.497693	29.521436209192615
74.497693	29.521436209192615
74.497693	29.521436209192615
74.497693	29.521436209192615
74.497693	29.521436209192615
74.497693	29.521436209192615
74.497693	29.521436209192615
74.497693	29.521436209192615
74.557713	29.521428095950132
74.605591	29.521448981223422
74.617685	29.521450814283465
74.617685	29.521450814283465
74.617685	29.521450814283465
74.617685	29.521450814283465
74.617685	29.521450814283465
74.617685	29.521450814283465
74.677695	29.521458903382452
74.677695	29.521458903382452
74.677695	29.521458903382452
74.677695	29.521458903382452
74.677695	29.521458903382452
74.725592	29.52146423404454
74.737687	29.521464635373086
74.737687	29.521464635373086
74.737687	29.521464635373086
74.737687	29.521464635373086
74.737687	29.521464635373086
74.737687	29.521464635373086
74.797732	29.521463800886902
74.797732	29.521463800886902
74.809725	29.521463661952378
74.821591	29.521463556668632
74.821591	29.521463556668632
74.821591	29.521463556668632
74.85769	29.52146343658271
74.85769	29.52146343658271
74.85769	29.52146343658271
74.85769	29.52146343658271
74.85769	29.52146343658271
74.905682	29.52146340122048
74.917729	29.521463398571012
74.917729	29.521463398571012
74.929623	29.521463397076069
74.929623	29.521463397076069
74.929623	29.521463397076069
74.965604	29.521458016932904
74.977703	29.521446405657166
74.977703	29.521446405657166
74.977703	29.521446405657166
74.977703	29.521446405657166
74.977703	29.521446405657166
74.977703	29.521446405657166
74.977703	29.521446405657166
74.977703	29.521446405657166
74.977703	29.521446405657166
74.977703	29.521446405657166
74.977703	29.521446405657166
75.037782	29.521429150179358
75.097697	29.521454544956804
75.097697	29.521454544956804
75.097697	29.521454544956804
75.121603	29.521459865848268
75.121603	29.521459865848268
75.145604	29.521461918159943
75.1577	29.521462473335728
75.1577	29.521462473335728
75.1577	29.521462473335728
75.181603	29.521457785665799
75.181603	29.521457785665799
75.181603	29.521457785665799
75.217698	29.521454882727419
75.217698	29.521454882727419
75.217698	29.521454882727419
75.217698	29.521454882727419
75.217698	29.521454882727419
75.217698	29.521454882727419
75.277703	29.521458434883087
75.277703	29.521458434883087
75.277703	29.521458434883087
75.277703	29.521458434883087
75.277703	29.521458434883087
75.277703	29.521458434883087
75.337703	29.521462878035809
75.337703	29.521462878035809
75.337703	29.521462878035809
75.361604	29.521463188320439
75.373668	29.521463256998405
75.385603	29.521463308048755
75.397698	29.521463340436338
75.397698	29.521463340436338
75.397698	29.521463340436338
75.397698	29.521463340436338
75.433736	29.52146337992993
75.433736	29.52146337992993
75.457718	29.521463388578884
75.457718	29.521463388578884
75.457718	29.521463388578884
75.457718	29.521463388578884
75.457718	29.521463388578884
75.457718	29.521463388578884
75.517697	29.521463393583062
75.517697	29.521463393583062
75.517697	29.521463393583062
75.517697	29.521463393583062
75.517697	29.521463393583062
75.517697	29.521463393583062
75.577711	29.521463394104511
75.577711	29.521463394104511
75.577711	29.521463394104511
75.577711	29.521463394104511
75.577711	29.521463394104511
75.577711	29.521463394104511
75.637698	29.521463394158737
75.637698	29.521463394158737
75.637698	29.521463394158737
75.637698	29.521463394158737
75.637698	29.521463394158737
75.637698	29.521463394158737
75.69779	29.521463394164385
75.69779	29.521463394164385
75.709603	29.521463394164606
75.709603	29.521463394164606
75.709603	29.521463394164606
75.745603	29.521463394164929
75.7577	29.521463394164972
75.7577	29.521463394164972
75.769604	29.521463394164993
75.769604	29.521463394164993
75.769604	29.521463394164993
75.769604	29.521463394164993
75.817704	29.521463394165036
75.817704	29.521463394165036
75.82969	29.521463394165036
75.841603	29.521463394165036
75.841603	29.521463394165036
75.841603	29.521463394165036
75.8777	29.521463394165036
75.8777	29.521463394165036
75.8777	29.521463394165036
75.877714	29.521463394165036
75.913712	29.521463394165036
75.913712	29.521463394165036
75.937713	29.521463394165036
75.937713	29.521463394165036
75.937713	29.521463394165036
75.937713	29.521463394165036
75.937713	29.521463394165036
75.937713	29.521463394165036
75.997797	29.521463394165036
75.997797	29.521463394165036
75.997797	29.521463394165036
76.021618	29.521463394165036
76.021618	29.521463394165036
76.045617	29.521463394165036
76.045617	29.521463394165036
76.045617	29.521463394165036
76.045617	29.521463394165036
76.045617	29.521463394165036
76.045617	29.521463394165036
76.057717	29.521463394165036
76.117713	29.521463394165036
76.117713	29.521463394165036
76.117713	29.521463394165036
76.141618	29.521463394165036
76.153686	29.521463394165036
76.153686	29.521463394165036
76.177734	29.521464289886968
76.177734	29.521464289886968
76.189617	29.52146463282212
76.189617	29.52146463282212
76.189617	29.52146463282212
76.189617	29.52146463282212
76.237715	29.521465196130386
76.237715	29.521465196130386
76.237715	29.521465196130386
76.237715	29.521465196130386
76.237715	29.521465196130386
76.285625	29.521464140117505
76.285625	29.521464140117505
76.285625	29.521464140117505
76.297711	29.521463859588149
76.321618	29.521463579788993
76.321618	29.521463579788993
76.321618	29.521463579788993
76.357805	29.52146344237612
76.357805	29.52146344237612
76.369618	29.521460025593917
76.369618	29.521460025593917
76.369618	29.521460025593917
76.369618	29.521460025593917
76.369618	29.521460025593917
76.417731	29.521451614787686
76.429917	29.521451070638101
76.441618	29.521450670334001
76.441618	29.521450670334001
76.441618	29.521450670334001
76.477716	29.521473471589111
76.477716	29.521473471589111
76.477716	29.521473471589111
76.477716	29.521473471589111
76.513689	29.521492682471219
76.513689	29.521492682471219
76.537716	29.521496911000508
76.537716	29.521496911000508
76.537716	29.521496911000508
76.537716	29.521496911000508
76.537716	29.521496911000508
76.585617	29.521477450531069
76.597719	29.521472158691331
76.597719	29.521472158691331
76.597719	29.521472158691331
76.597719	29.521472158691331
76.633686	29.52146572354561
76.633686	29.52146572354561
76.657718	29.521464306364415
76.657718	29.521464306364415
76.657718	29.521464306364415
76.657718	29.521464306364415
76.657718	29.521464306364415
76.657718	29.521464306364415
76.717713	29.52146348912439
76.717713	29.52146348912439
76.717713	29.52146348912439
76.717713	29.52146348912439
76.717713	29.52146348912439
76.765617	29.521463693717603
76.777714	29.521464298759039
76.777714	29.521464298759039
76.777714	29.521464298759039
76.777714	29.521464298759039
76.777714	29.521464298759039
76.825618	29.521465134190109
76.837718	29.521465197174432
76.837718	29.521465197174432
76.849617	29.521465232599837
76.849617	29.521465232599837
76.849617	29.521465232599837
76.849617	29.521465232599837
76.897714	29.521463859625552
76.897714	29.521463859625552
76.897725	29.521463859370172
76.897725	29.521463859370172
76.897725	29.521463859370172
76.945629	29.521463471807024
76.957729	29.521463442570845
76.957729	29.521463442570845
76.957729	29.521463442570845
76.957729	29.521463442570845
76.957729	29.521463442570845
76.957729	29.521463442570845
77.017816	29.521463399180917
77.017816	29.521463399180917
77.017816	29.521463399180917
77.017816	29.521463399180917
77.053707	29.521463395503442
77.053707	29.521463395503442
77.077725	29.521464289956793
77.077725	29.521464289956793
77.089635	29.521464633596025
77.101629	29.521464897917049
77.101629	29.521464897917049
77.125629	29.521465132686462
77.137755	29.521465196395148
77.137755	29.521465196395148
77.137755	29.521465196395148
77.137755	29.521465196395148
77.173693	29.521464581917673
77.173693	29.521464581917673
77.197728	29.521463859199237
77.197728	29.521463859199237
77.209628	29.521463701343386
77.209628	29.521463701343386
77.209628	29.521463701343386
77.245628	29.521463471792536
77.257725	29.521463442569971
77.257725	29.521463442569971
77.257725	29.521463442569971
77.281728	29.521463413424996
77.281728	29.521463413424996
77.305628	29.521463402243995
77.317751	29.521463399196168
77.317751	29.521463399196168
77.329628	29.521463397492173
77.329628	29.521463397492173
77.353714	29.521463395502764
77.353714	29.521463395502764
77.377738	29.521481313168273
77.377738	29.521481313168273
77.377738	29.521481313168273
77.377738	29.521481313168273
77.377738	29.521481313168273
77.425628	29.521498162825424
77.437723	29.521499434367623
77.437723	29.521499434367623
77.449632	29.521500150055722
77.461628	29.52149913829119
77.461628	29.52149913829119
77.461628	29.52149913829119
77.497743	29.521474119493778
77.497743	29.521474119493778
77.497743	29.521474119493778
77.497743	29.521474119493778
77.497743	29.521474119493778
77.545715	29.521466770601258
77.557729	29.521466219872426
77.557729	29.521466219872426
77.569631	29.521465908101149
77.581708	29.521465667197489
77.59371	29.521465545467688
77.59371	29.521465545467688
77.617722	29.521465397123766
77.617722	29.521465397123766
77.617722	29.521465397123766
77.617722	29.521465397123766
77.617722	29.521465397123766
77.617722	29.521465397123766
77.677833	29.521464410686733
77.677833	29.521464410686733
77.677833	29.521464410686733
77.677833	29.521464410686733
77.677833	29.521464410686733
77.677833	29.521464410686733
77.737734	29.52146350048341
77.737734	29.52146350048341
77.737734	29.52146350048341
77.737734	29.52146350048341
77.773708	29.521463422416989
77.773708	29.521463422416989
77.797726	29.521463405234371
77.797726	29.521463405234371
77.809715	29.521463401453548
77.809715	29.521463401453548
77.809715	29.521463401453548
77.809715	29.521463401453548
77.857755	29.521463395315394
77.857755	29.521463395315394
77.857755	29.521463395315394
77.881651	29.521463394624423
77.881651	29.521463394624423
77.881651	29.521463394624423
77.917738	29.521463394284865
77.917751	29.521463394284787
77.917751	29.521463394284787
77.917751	29.521463394284787
77.917751	29.521463394284787
77.965641	29.521463394185044
77.97774	29.521463394177509
77.97774	29.521463394177509
77.97774	29.521463394177509
78.001642	29.521463394170016
78.013704	29.521463394168354
78.013704	29.521463394168354
78.037735	29.521463394166336
78.037735	29.521463394166336
78.037735	29.521463394166336
78.037735	29.521463394166336
78.037735	29.521463394166336
78.037735	29.521463394166336
78.097743	29.521463394165174
78.097743	29.521463394165174
78.109648	29.521463394165128
78.121641	29.521463394165092
78.133705	29.521463394165078
78.133705	29.521463394165078
78.15774	29.521463394165053
78.15774	29.521463394165053
78.15774	29.521463394165053
78.15774	29.521463394165053
78.15774	29.521463394165053
78.15774	29.521463394165053
78.217739	29.521463394165043
78.217739	29.521463394165043
78.229745	29.521463394165043
78.229745	29.521463394165043
78.253719	29.521463394165043
78.253719	29.521463394165043
78.277748	29.573621222108638
78.277748	29.573621222108638
78.277748	29.573621222108638
78.277748	29.573621222108638
78.313724	29.616809990069243
78.325642	29.622616408297013
78.337828	29.626343507107769
78.337828	29.626343507107769
78.337828	29.626343507107769
78.337828	29.626343507107769
78.337828	29.626343507107769
78.385641	29.642761646898531
78.397741	29.645996817477116
78.397741	29.645996817477116
78.409642	29.647813427247716
78.409642	29.647813427247716
78.409642	29.647813427247716
78.445641	29.650456200211156
78.457739	29.650792839693043
78.457739	29.650792839693043
78.457739	29.650792839693043
78.457739	29.650792839693043
78.457739	29.650792839693043
78.457739	29.650792839693043
78.517748	29.667965519076194
78.517748	29.667965519076194
78.517748	29.667965519076194
78.517748	29.667965519076194
78.517748	29.667965519076194
78.565642	29.672256026672315
78.577737	29.677537896099683
78.577737	29.677537896099683
78.577737	29.677537896099683
78.577737	29.677537896099683
78.613707	29.683958803232972
78.625641	29.68482321999954
78.637822	29.685376830586655
78.637822	29.685376830586655
78.637822	29.685376830586655
78.637822	29.685376830586655
78.637822	29.685376830586655
78.637822	29.685376830586655
78.637822	29.685376830586655
78.637822	29.685376830586655
78.637822	29.685376830586655
78.637822	29.685376830586655
78.637822	29.685376830586655
78.697754	29.702961220827888
78.757759	29.708034700666886
78.757759	29.708034700666886
78.769737	29.687160348480351
78.781642	29.663427742228865
78.781642	29.663427742228865
78.781642	29.663427742228865
78.817735	29.6364180827924
78.817735	29.6364180827924
78.817735	29.6364180827924
78.817735	29.6364180827924
78.817735	29.6364180827924
78.817735	29.6364180827924
78.877751	29.627879282089907
78.877751	29.627879282089907
78.889641	29.627543334333598
78.889641	29.627543334333598
78.913714	29.627151773102479
78.925675	29.627053650419249
78.937753	29.62699140228008
78.937753	29.62699140228008
78.949655	29.62695641543004
78.949655	29.62695641543004
78.949655	29.62695641543004
78.949655	29.62695641543004
78.997838	29.626887490559376
78.997838	29.626887490559376
78.997838	29.626887490559376
78.997838	29.626887490559376
78.997838	29.626887490559376
78.997838	29.626887490559376
79.057772	29.626874527726358
79.057772	29.626874527726358
79.069655	29.626877917224153
79.081655	29.626882016310702
79.081655	29.626882016310702
79.105654	29.626885657186065
79.117759	29.626886644157334
79.117759	29.626886644157334
79.117759	29.626886644157334
79.141654	29.626887623750257
79.153722	29.626887841455115
79.165658	29.641967673130253
79.177752	29.674200637893147
79.177752	29.674200637893147
79.177752	29.674200637893147
79.177752	29.674200637893147
79.177752	29.674200637893147
79.177752	29.674200637893147
79.237748	29.721981716376874
79.237748	29.721981716376874
79.237748	29.721981716376874
79.237748	29.721981716376874
79.237748	29.721981716376874
79.285655	29.669304570433017
79.297752	29.655264680939304
79.297752	29.655264680939304
79.297752	29.655264680939304
79.297752	29.655264680939304
79.33372	29.638213975111618
79.345691	29.635913922704219
79.357752	29.634457092349585
79.357752	29.634457092349585
79.369655	29.633632122683185
79.369655	29.633632122683185
79.369655	29.633632122683185
79.369655	29.633632122683185
79.369655	29.633632122683185
79.369655	29.633632122683185
79.41775	29.632274764436804
79.441654	29.632122274846516
79.441654	29.632122274846516
79.465654	29.632066187167798
79.477752	29.632056329281468
79.477752	29.632056329281468
79.489662	29.632050794273418
79.501655	29.63204653354488
79.513744	29.632044354060771
79.513744	29.632044354060771
79.537757	29.632041720345867
79.537757	29.632041720345867
79.537757	29.632041720345867
79.537757	29.632041720345867
79.57372	29.632040474918508
79.585655	29.632040307177299
79.597782	29.632040200147944
79.597782	29.632040200147944
79.597782	29.632040200147944
79.597782	29.632040200147944
79.597782	29.632040200147944
79.597782	29.632040200147944
79.657834	29.632040042108688
79.657834	29.632040042108688
79.657834	29.632040042108688
79.657834	29.632040042108688
79.657834	29.632040042108688
79.657834	29.632040042108688
79.717782	29.632040025713742
79.717782	29.632040025713742
79.717782	29.632040025713742
79.741654	29.632040024567431
79.741654	29.632040024567431
79.765654	29.632040024123153
79.777768	29.632040024002631
79.777768	29.632040024002631
79.777768	29.632040024002631
79.777768	29.632040024002631
79.777768	29.632040024002631
79.777768	29.632040024002631
79.837753	29.63204002382443
79.837753	29.63204002382443
79.837753	29.63204002382443
79.837753	29.63204002382443
79.837753	29.63204002382443
79.837753	29.63204002382443
79.897769	29.632040023805864
79.897769	29.632040023805864
79.897769	29.632040023805864
79.897781	29.63204002380586
79.897781	29.63204002380586
79.897781	29.63204002380586
79.957769	29.632040023803935
79.957769	29.632040023803935
79.957769	29.632040023803935
79.981667	29.6320400238038
79.993739	29.632040023803768
79.993739	29.632040023803768
80.017762	29.632040023803732
80.017762	29.632040023803732
80.017762	29.632040023803732
80.041687	29.632040023803718
80.041687	29.632040023803718
80.041687	29.632040023803718
80.077781	29.632057985720515
80.077781	29.632057985720515
80.077781	29.632057985720515
80.077781	29.632057985720515
80.077781	29.632057985720515
80.077781	29.632057985720515
80.137767	29.632076068577543
80.137767	29.632076068577543
80.137767	29.632076068577543
80.137767	29.632076068577543
80.137767	29.632076068577543
80.137767	29.632076068577543
80.197764	29.632049307662111
80.197764	29.632049307662111
80.209667	29.632046158779545
80.209667	29.632046158779545
80.233733	29.632042491933667
80.233733	29.632042491933667
80.257774	29.632040989523095
80.257774	29.632040989523095
80.257774	29.632040989523095
80.281667	29.632040409650166
80.281667	29.632040409650166
80.305687	29.632040185084193
80.317854	29.632040123907142
80.317854	29.632040123907142
80.317854	29.632040123907142
80.317854	29.632040123907142
80.317854	29.632040123907142
80.317854	29.632040123907142
80.377776	29.63204003426263
80.377776	29.63204003426263
80.377776	29.63204003426263
80.401666	29.632040027983031
80.401666	29.632040027983031
80.425667	29.632040025551671
80.437779	29.632040024892039
80.437779	29.632040024892039
80.437779	29.632040024892039
80.461666	29.632040024238666
80.461666	29.632040024238666
80.461666	29.632040024238666
80.497759	29.632040023917089
80.497759	29.632040023917089
80.497759	29.632040023917089
80.521666	29.632040023848976
80.521666	29.632040023848976
80.521666	29.632040023848976
80.557763	29.632040023815506
80.557763	29.632040023815506
80.557763	29.632040023815506
80.557763	29.632040023815506
80.557763	29.632040023815506
80.557763	29.632040023815506
80.557763	29.632040023815506
80.557763	29.632040023815506
80.557763	29.632040023815506
80.557763	29.632040023815506
80.617842	29.632040023804933
80.665666	29.632040023803917
80.665666	29.632040023803917
80.665666	29.632040023803917
80.665666	29.632040023803917
80.665666	29.632040023803917
80.665666	29.632040023803917
80.677762	29.632040023803839
80.737761	29.632040023803722
80.737761	29.632040023803722
80.737761	29.632040023803722
80.737761	29.632040023803722
80.737761	29.632040023803722
80.785667	29.632040023803714
80.797764	29.632040023803714
80.797764	29.632040023803714
80.797764	29.632040023803714
80.821667	29.632040023803714
80.821667	29.632040023803714
80.821667	29.632040023803714
80.857767	29.632040023803714
80.857767	29.632040023803714
80.857767	29.632040023803714
80.857767	29.632040023803714
80.857767	29.632040023803714
80.857767	29.632040023803714
80.91776	29.632040023803714
80.92968	29.632040023803714
80.92968	29.632040023803714
80.941681	29.632040023803714
80.941681	29.632040023803714
80.941681	29.632040023803714
80.977863	29.632040023803714
80.977863	29.632040023803714
80.977863	29.632040023803714
80.977863	29.632040023803714
81.013751	29.632040023803714
81.025681	29.632040023803714
81.037797	29.632040023803714
81.037797	29.632040023803714
81.037797	29.632040023803714
81.06168	29.632040108658391
81.06168	29.632040108658391
81.08568	29.632041168924864
81.097776	29.632041456303735
81.097776	29.632041456303735
81.097776	29.632041456303735
81.097776	29.632041456303735
81.097776	29.632041456303735
81.097776	29.632041456303735
81.157787	29.632041881760443
81.157787	29.632041881760443
81.1697	29.632041898513901
81.18168	29.632041911412422
81.18168	29.632041911412422
81.18168	29.632041911412422
81.18168	29.632041911412422
81.18168	29.632041911412422
81.18168	29.632041911412422
81.18168	29.632041911412422
81.18168	29.632041911412422
81.18168	29.632041911412422
81.18168	29.632041911412422
81.18168	29.632041911412422
81.217775	29.632041926008874
81.277821	29.632041030502087
81.313766	29.632040291832624
81.325681	29.632040192355682
81.337776	29.632040128810637
81.337776	29.632040128810637
81.349681	29.632040093201638
81.361681	29.626873500293687
81.373814	29.589582624397281
81.38568	29.562358274069719
81.397781	29.544863747289828
81.397781	29.544863747289828
81.397781	29.544863747289828
81.397781	29.544863747289828
81.397781	29.544863747289828
81.397781	29.544863747289828
81.457778	29.518982853982433
81.457778	29.518982853982433
81.457778	29.518982853982433
81.481688	29.507080552765334
81.493747	29.50392498599874
81.493747	29.50392498599874
81.517776	29.500100720988556
81.517776	29.500100720988556
81.517776	29.500100720988556
81.517776	29.500100720988556
81.553752	29.498294509845518
81.565681	29.495292937489694
81.577797	29.489254309958113
81.577797	29.489254309958113
81.577797	29.489254309958113
81.601701	29.483280023499166
81.601701	29.483280023499166
81.62568	29.480967501216551
81.637854	29.48033603236782
81.637854	29.48033603236782
81.637854	29.48033603236782
81.637854	29.48033603236782
81.637854	29.48033603236782
81.637854	29.48033603236782
81.697775	29.463923326781902
81.697775	29.463923326781902
81.70974	29.462138180556433
81.70974	29.462138180556433
81.70974	29.462138180556433
81.70974	29.462138180556433
81.757777	29.459226627547981
81.757777	29.459226627547981
81.76976	29.454302257016796
81.76976	29.454302257016796
81.76976	29.454302257016796
81.76976	29.454302257016796
81.817776	29.442551366698435
81.817776	29.442551366698435
81.829681	29.441804069537451
81.829681	29.441804069537451
81.829681	29.441804069537451
81.865717	29.437938692171162
81.877783	29.431939876207899
81.877783	29.431939876207899
81.877783	29.431939876207899
81.901751	29.425967923276158
81.901751	29.425967923276158
81.901751	29.425967923276158
81.937825	29.423038222784342
81.937825	29.423038222784342
81.937825	29.423038222784342
81.937825	29.423038222784342
81.973758	29.41476816670481
81.985693	29.409794911722603
81.997807	29.406617914396818
81.997807	29.406617914396818
81.997807	29.406617914396818
81.997807	29.406617914396818
81.997807	29.406617914396818
81.997807	29.406617914396818
82.057791	29.401929464696273
82.057791	29.401929464696273
82.069696	29.423894810174726
82.081693	29.449110597457967
82.093798	29.462045025804827
82.093798	29.462045025804827
82.117788	29.477612366519399
82.117788	29.477612366519399
82.129712	29.481020199627856
82.129712	29.481020199627856
82.129712	29.481020199627856
82.129712	29.481020199627856
82.129712	29.481020199627856
82.129712	29.481020199627856
82.177791	29.486626012131708
82.201696	29.487265999420515
82.213756	29.48740840513862
82.225692	29.48751374981353
82.237787	29.487580928660407
82.237787	29.487580928660407
82.237787	29.487580928660407
82.261721	29.487649412676156
82.261721	29.487649412676156
82.261721	29.487649412676156
82.297905	29.487710547338775
82.297905	29.487710547338775
82.309692	29.487717713407374
82.309692	29.487717713407374
82.309692	29.487717713407374
82.345693	29.487728339081599
82.357796	29.487729695636752
82.357796	29.487729695636752
82.369693	29.487719682917646
82.369693	29.487719682917646
82.369693	29.487719682917646
82.369693	29.487719682917646
82.417796	29.487694647973328
82.417796	29.487694647973328
82.417796	29.487694647973328
82.417796	29.487694647973328
82.417796	29.487694647973328
82.417796	29.487694647973328
82.477798	29.48769135748184
82.477798	29.48769135748184
82.489712	29.487691534427853
82.501693	29.487691670694385
82.501693	29.487691670694385
82.525693	29.487691792042106
82.537787	29.487691824938029
82.537787	29.487691824938029
82.537787	29.487691824938029
82.537787	29.487691824938029
82.537787	29.487691824938029
82.537787	29.487691824938029
82.597867	29.487661745737988
82.597867	29.487661745737988
82.597867	29.487661745737988
82.621713	29.487655802185614
82.621713	29.487655802185614
82.621713	29.487655802185614
82.657809	29.48765286045089
82.657809	29.48765286045089
82.657809	29.48765286045089
82.657809	29.48765286045089
82.657809	29.48765286045089
82.657809	29.48765286045089
82.717786	29.4876856148889
82.717786	29.4876856148889
82.717786	29.4876856148889
82.717786	29.4876856148889
82.753781	29.487688814639178
82.765693	29.487689243973978
82.777791	29.487689518585974
82.777791	29.487689518585974
82.777791	29.487689518585974
82.80176	29.487689791108739
82.80176	29.487689791108739
82.80176	29.487689791108739
82.837791	29.487689924743428
82.837791	29.487689924743428
82.837791	29.487689924743428
82.837791	29.487689924743428
82.837791	29.487689924743428
82.885713	29.487689964044126
82.897788	29.487689967012866
82.897788	29.487689967012866
82.897788	29.487689967012866
82.897788	29.487689967012866
82.897788	29.487689967012866
82.945705	29.487689971103556
82.95787	29.487689971414824
82.95787	29.487689971414824
82.95787	29.487689971414824
82.981705	29.487689971719693
82.981705	29.487689971719693
83.005705	29.48768997183846
83.017817	29.487689971870715
83.017817	29.487689971870715
83.017817	29.487689971870715
83.017817	29.487689971870715
83.053779	29.487689971909699
83.065705	29.487689971914943
83.077821	29.487689971918304
83.077821	29.487689971918304
83.077821	29.487689971918304
83.077821	29.487689971918304
83.077821	29.487689971918304
83.125708	29.487689971922901
83.137799	29.487689971923249
83.137799	29.487689971923249
83.137799	29.487689971923249
83.137799	29.487689971923249
83.137799	29.487689971923249
83.137799	29.487689971923249
83.1978	29.487691404993988
83.1978	29.487691404993988
83.1978	29.487691404993988
83.1978	29.487691404993988
83.233771	29.487691753157073
83.233771	29.487691753157073
83.25786	29.487691830061053
83.25786	29.487691830061053
83.25786	29.487691830061053
83.25786	29.487691830061053
83.25786	29.487691830061053
83.305704	29.487691871022747
83.317817	29.487691874139799
83.317817	29.487691874139799
83.317817	29.487691874139799
83.317817	29.487691874139799
83.317817	29.487691874139799
83.317817	29.487691874139799
83.377799	29.487686484707822
83.377799	29.487686484707822
83.389708	29.487684434004585
83.401705	29.487682852706165
83.413787	29.487682042657134
83.413787	29.487682042657134
83.437803	29.487681064649252
83.437803	29.487681064649252
83.437803	29.487681064649252
83.437803	29.487681064649252
83.473775	29.487684081349116
83.473775	29.487684081349116
83.497803	29.487687666399054
83.497803	29.487687666399054
83.497803	29.487687666399054
83.521708	29.487689050476924
83.521708	29.487689050476924
83.545716	29.487689586677625
83.557801	29.487689731956031
83.557801	29.487689731956031
83.557801	29.487689731956031
83.557801	29.487689731956031
83.557801	29.487689731956031
83.557801	29.487689731956031
83.617869	29.487689947034642
83.617869	29.487689947034642
83.617869	29.487689947034642
83.617869	29.487689947034642
83.617869	29.487689947034642
83.665705	29.487689967749692
83.677823	29.487689969327537
83.677823	29.487689969327537
83.677823	29.487689969327537
83.677823	29.487689969327537
83.677823	29.487689969327537
83.725704	29.487689971489399
83.7378	29.487689971653314
83.7378	29.487689971653314
83.7378	29.487689971653314
83.7378	29.487689971653314
83.773787	29.487689971851946
83.773787	29.487689971851946
83.797798	29.487689971895673
83.797798	29.487689971895673
83.809782	29.487689971905265
83.809782	29.487689971905265
83.809782	29.487689971905265
83.845705	29.487689971919124
83.857801	29.487689971920897
83.857801	29.487689971920897
83.857801	29.487689971920897
83.857801	29.487689971920897
83.857801	29.487689971920897
83.857801	29.487689971920897
83.917844	29.487689971923523
83.917844	29.487689971923523
83.917844	29.487689971923523
83.917857	29.487689971923523
83.917857	29.487689971923523
83.965718	29.48769026073273
83.977813	29.487690871635916
83.977813	29.487690871635916
83.977813	29.487690871635916
83.977813	29.487690871635916
83.977813	29.487690871635916
83.977813	29.487690871635916
84.037831	29.487691774498941
84.037831	29.487691774498941
84.049799	29.487691810129483
84.049799	29.487691810129483
84.049799	29.487691810129483
84.085717	29.487690715740872
84.097812	29.487690435002616
84.097812	29.487690435002616
84.097812	29.487690435002616
84.121718	29.487690157034226
84.133779	29.487690095094091
84.133779	29.487690095094091
84.15784	29.487690020050362
84.15784	29.487690020050362
84.15784	29.487690020050362
84.15784	29.487690020050362
84.15784	29.487690020050362
84.205718	29.487722513991248
84.217814	29.487725349657968
84.217814	29.487725349657968
84.229718	29.48772693373245
84.229718	29.48772693373245
84.253792	29.487728782910342
84.253792	29.487728782910342
84.277901	29.487710554364856
84.277901	29.487710554364856
84.277901	29.487710554364856
84.301738	29.487698231798863
84.301738	29.487698231798863
84.301738	29.487698231798863
84.33783	29.487692121665347
84.33783	29.487692121665347
84.349729	29.487691394078368
84.361718	29.487690832034183
84.361718	29.487690832034183
84.385718	29.487690331603254
84.39781	29.487690195879178
84.39781	29.487690195879178
84.39781	29.487690195879178
84.39781	29.487690195879178
84.39781	29.487690195879178
84.39781	29.487690195879178
84.457843	29.487689995193069
84.457843	29.487689995193069
84.457843	29.487689995193069
84.457843	29.487689995193069
84.457843	29.487689995193069
84.457843	29.487689995193069
84.517814	29.487691658764248
84.517814	29.487691658764248
84.529717	29.487691733450575
84.541788	29.487691791289212
84.553786	29.487691820632655
84.553786	29.487691820632655
84.577818	29.487691856328027
84.577818	29.487691856328027
84.577818	29.487691856328027
84.577818	29.487691856328027
84.577818	29.487691856328027
84.625717	29.48769187543575
84.637812	29.48769187688384
84.637812	29.48769187688384
84.649718	29.487691877693081
84.661718	29.487691791543629
84.673851	29.487691179042532
84.685725	29.487690732682992
84.697834	29.487690445146146
84.697834	29.487690445146146
84.697834	29.487690445146146
84.697834	29.487690445146146
84.697834	29.487690445146146
84.697834	29.487690445146146
84.757816	29.487690021218157
84.757816	29.487690021218157
84.757816	29.487690021218157
84.757816	29.487690021218157
84.757816	29.487690021218157
84.757816	29.487690021218157
84.817813	29.487657973378621
84.817813	29.487657973378621
84.829749	29.487656533580992
84.829749	29.487656533580992
84.853814	29.487654858757409
84.853814	29.487654858757409
84.877865	29.487671316965624
84.877865	29.487671316965624
84.889718	29.487677604237735
84.889718	29.487677604237735
84.91379	29.487684999120525
84.925717	29.487686845121473
84.93789	29.487688032878619
84.93789	29.487688032878619
84.937903	29.48768803414707
84.937903	29.48768803414707
84.937903	29.48768803414707
84.937903	29.48768803414707
84.997826	29.487689769470936
84.997826	29.487689769470936
84.997826	29.487689769470936
84.997826	29.487689769470936
84.997826	29.487689769470936
85.045731	29.487689938071387
85.057828	29.487689950855984
85.057828	29.487689950855984
85.057828	29.487689950855984
85.08173	29.487697322432815
85.08173	29.487697322432815
85.08173	29.487697322432815
85.117824	29.487701761419363
85.117824	29.487701761419363
85.117824	29.487701761419363
85.117824	29.487701761419363
85.117824	29.487701761419363
85.117824	29.487701761419363
85.177826	29.487696858242547
85.177826	29.487696858242547
85.189731	29.487694526306704
85.201802	29.487692720163658
85.201802	29.487692720163658
85.201802	29.487692720163658
85.237906	29.487690685730463
85.237906	29.487690685730463
85.237906	29.487690685730463
85.237906	29.487690685730463
85.237906	29.487690685730463
85.237906	29.487690685730463
85.297824	29.487691480159292
85.297824	29.487691480159292
85.297824	29.487691480159292
85.297824	29.487691480159292
85.333869	29.48769177345056
85.333869	29.48769177345056
85.357832	29.48769183775207
85.357832	29.48769183775207
85.357832	29.48769183775207
85.381731	29.487669785361884
85.381731	29.487669785361884
85.405749	29.487659331045272
85.405749	29.487659331045272
85.405749	29.487659331045272
85.405749	29.487659331045272
85.405749	29.487659331045272
85.405749	29.487659331045272
85.417826	29.4876564994149
85.477829	29.487670321770391
85.477829	29.487670321770391
85.477829	29.487670321770391
85.477829	29.487670321770391
85.513822	29.487684750273271
85.513822	29.487684750273271
85.537824	29.487687926352997
85.537824	29.487687926352997
85.537824	29.487687926352997
85.537824	29.487687926352997
85.573795	29.487689427876134
85.573795	29.487689427876134
85.597894	29.487689759781762
85.597894	29.487689759781762
85.597894	29.487689759781762
85.597894	29.487689759781762
85.6338	29.487689915314757
85.645753	29.48768993635429
85.657853	29.487689949799925
85.657853	29.487689949799925
85.657853	29.487689949799925
85.657853	29.487689949799925
85.657853	29.487689949799925
85.657853	29.487689949799925
85.717832	29.487689969618891
85.717832	29.487689969618891
85.717832	29.487689969618891
85.717832	29.487689969618891
85.717832	29.487689969618891
85.717832	29.487689969618891
85.777866	29.487689971684354
85.777866	29.487689971684354
85.777866	29.487689971684354
85.801731	29.487689971827876
85.801731	29.487689971827876
85.801731	29.487689971827876
85.837826	29.487689971898856
85.837826	29.487689971898856
85.837826	29.487689971898856
85.837826	29.487689971898856
85.837826	29.487689971898856
85.837826	29.487689971898856
85.897834	29.487708888150092
85.897834	29.487708888150092
85.90975	29.487716050077434
85.921731	29.487721570258739
85.933794	29.487724401222319
85.945734	29.487726490626141
85.957835	29.48772782644253
85.957847	29.487727827767195
85.957847	29.487727827767195
85.957847	29.487727827767195
85.99389	29.487701299483749
86.005742	29.487697118729667
86.017837	29.487694419210616
86.017837	29.487694419210616
86.017837	29.487694419210616
86.017837	29.487694419210616
86.017837	29.487694419210616
86.017837	29.487694419210616
86.07784	29.487690434698308
86.07784	29.487690434698308
86.07784	29.487690434698308
86.101742	29.487690157049222
86.101742	29.487690157049222
86.125813	29.487690049161159
86.125813	29.487690049161159
86.137839	29.487690020088749
86.149941	29.487690003560498
86.149941	29.487690003560498
86.149941	29.487690003560498
86.149941	29.487690003560498
86.197837	29.487661297951586
86.197837	29.487661297951586
86.197837	29.487661297951586
86.221743	29.48765561379501
86.221743	29.48765561379501
86.221743	29.48765561379501
86.257915	29.487652806979046
86.257915	29.487652806979046
86.257915	29.487652806979046
86.257915	29.487652806979046
86.257915	29.487652806979046
86.305778	29.487682987834702
86.317866	29.4876856273325
86.317866	29.4876856273325
86.317866	29.4876856273325
86.317866	29.4876856273325
86.317866	29.4876856273325
86.365742	29.487689244247967
86.377838	29.487689519131223
86.377838	29.487689519131223
86.377838	29.487689519131223
86.377838	29.487689519131223
86.377838	29.487689519131223
86.377838	29.487689519131223
86.437855	29.487689924840378
86.437855	29.487689924840378
86.437855	29.487689924840378
86.461749	29.487689953078334
86.473809	29.487689959389165
86.485746	29.48768996404316
86.497841	29.487689967020248
86.497841	29.487689967020248
86.497841	29.487689967020248
86.497841	29.487689967020248
86.533809	29.487689970619304
86.533809	29.487689970619304
86.557922	29.487689971415573
86.557922	29.487689971415573
86.557922	29.487689971415573
86.557922	29.487689971415573
86.557922	29.487689971415573
86.557922	29.487689971415573
86.61784	29.487689971870715
86.61784	29.487689971870715
86.61784	29.487689971870715
86.641763	29.487689971902594
86.653886	29.487689971909745
86.653886	29.487689971909745
86.677862	29.487689971918307
86.677862	29.487689971918307
86.689765	29.487689971920176
86.689765	29.487689971920176
86.713814	29.487689971922357
86.725743	29.487689971922904
86.737857	29.487689971923253
86.737857	29.487689971923253
86.737857	29.487689971923253
86.737857	29.487689971923253
86.737857	29.487689971923253
86.785815	29.487689971923732
86.797858	29.487689971923768
86.797858	29.487689971923768
86.809742	29.487689971923789
86.809742	29.487689971923789
86.833805	29.487689971923814
86.845743	29.487689971923821
86.857842	29.487689971923825
86.857842	29.487689971923825
86.857842	29.487689971923825
86.857842	29.487689971923825
86.857842	29.487689971923825
86.857842	29.487689971923825
86.917904	29.487689971923825
86.917904	29.487689971923825
86.917904	29.487689971923825
86.917904	29.487689971923825
86.917904	29.487689971923825
86.965759	29.503651419864742
86.977876	29.537234483711636
86.977876	29.537234483711636
86.977876	29.537234483711636
86.977876	29.537234483711636
87.01382	29.577669674480809
87.01382	29.577669674480809
87.037907	29.58662459812502
87.037907	29.58662459812502
87.037907	29.58662459812502
87.061756	29.590826653067477
87.061756	29.590826653067477
87.061756	29.590826653067477
87.097851	29.604249635087264
87.097851	29.604249635087264
87.097851	29.604249635087264
87.097851	29.604249635087264
87.097851	29.604249635087264
87.097851	29.604249635087264
87.157851	29.608477602093931
87.157851	29.608477602093931
87.169778	29.614425841242735
87.169778	29.614425841242735
87.169778	29.614425841242735
87.169778	29.614425841242735
87.217862	29.628643377539458
87.217862	29.628643377539458
87.217862	29.628643377539458
87.241755	29.630235310320039
87.241755	29.630235310320039
87.241755	29.630235310320039
87.241755	29.630235310320039
87.241755	29.630235310320039
87.277893	29.639719930370113
87.301776	29.6456734309651
87.301776	29.6456734309651
87.325755	29.647988880884537
87.33785	29.648618238324104
87.33785	29.648618238324104
87.33785	29.648618238324104
87.33785	29.648618238324104
87.373821	29.619056194562845
87.385756	29.599662000558574
87.397852	29.587244629351868
87.397852	29.587244629351868
87.397852	29.587244629351868
87.397852	29.587244629351868
87.397852	29.587244629351868
87.397852	29.587244629351868
87.4579	29.568926990791731
87.4579	29.568926990791731
87.4579	29.568926990791731
87.4579	29.568926990791731
87.4579	29.568926990791731
87.4579	29.568926990791731
87.51785	29.567026296446738
87.51785	29.567026296446738
87.529755	29.566951370449178
87.529755	29.566951370449178
87.529755	29.566951370449178
87.529755	29.566951370449178
87.57796	29.566827801520205
87.57796	29.566827801520205
87.57796	29.566827801520205
87.57796	29.566827801520205
87.57796	29.566827801520205
87.625756	29.566808740541738
87.637854	29.566807283539937
87.637854	29.566807283539937
87.637854	29.566807283539937
87.637854	29.566807283539937
87.637854	29.566807283539937
87.685755	29.566805287046105
87.697849	29.566805135461138
87.697849	29.566805135461138
87.697849	29.566805135461138
87.697849	29.566805135461138
87.697849	29.566805135461138
87.697849	29.566805135461138
87.757868	29.566804911815865
87.757868	29.566804911815865
87.757868	29.566804911815865
87.757868	29.566804911815865
87.793829	29.566804892771895
87.805781	29.566804890206036
87.817852	29.566804888567301
87.817852	29.566804888567301
87.817852	29.566804888567301
87.817852	29.566804888567301
87.853833	29.566804886583039
87.865755	29.56680488631649
87.877954	29.566804886144133
87.877954	29.566804886144133
87.877954	29.566804886144133
87.877954	29.566804886144133
87.877954	29.566804886144133
87.877954	29.566804886144133
87.93785	29.566804885893539
87.93785	29.566804885893539
87.93785	29.566804885893539
87.937863	29.566804885893522
87.937863	29.566804885893522
87.937863	29.566804885893522
87.997866	29.566796278037753
87.997866	29.566796278037753
88.009791	29.566795317332261
88.009791	29.566795317332261
88.009791	29.566795317332261
88.045768	29.566793916432978
88.057869	29.56679373690767
88.057869	29.56679373690767
88.057869	29.56679373690767
88.057869	29.56679373690767
88.057869	29.56679373690767
88.057869	29.56679373690767
88.117867	29.566786732461356
88.117867	29.566786732461356
88.129768	29.566786421339739
88.129768	29.566786421339739
88.129768	29.566786421339739
88.165769	29.56678888020955
88.17788	29.566794939033603
88.17788	29.566794939033603
88.189768	29.566798298200315
88.189768	29.566798298200315
88.189768	29.566798298200315
88.189768	29.566798298200315
88.237974	29.566803855558113
88.237974	29.566803855558113
88.237974	29.566803855558113
88.261768	29.56680447121564
88.261768	29.56680447121564
88.285769	29.566804712502719
88.297863	29.566804778035351
88.297863	29.566804778035351
88.297863	29.566804778035351
88.297863	29.566804778035351
88.297863	29.566804778035351
88.345768	29.566804867821375
88.35787	29.566804874646088
88.35787	29.566804874646088
88.35787	29.566804874646088
88.35787	29.566804874646088
88.393839	29.566819611484242
88.393839	29.566819611484242
88.417879	29.566823421254668
88.417879	29.566823421254668
88.429769	29.56682424725059
88.429769	29.56682424725059
88.429769	29.56682424725059
88.429769	29.56682424725059
88.47788	29.566815678148085
88.47788	29.566815678148085
88.47788	29.566815678148085
88.47788	29.566815678148085
88.47788	29.566815678148085
88.47788	29.566815678148085
88.537922	29.566806006681098
88.537922	29.566806006681098
88.537922	29.566806006681098
88.537922	29.566806006681098
88.537922	29.566806006681098
88.537922	29.566806006681098
88.597863	29.566805002858324
88.597863	29.566805002858324
88.597863	29.566805002858324
88.621768	29.5668049326861
88.621768	29.5668049326861
88.621768	29.5668049326861
88.657866	29.566804898038392
88.657866	29.566804898038392
88.669878	29.566804893889703
88.681769	29.566804890737028
88.693832	29.56680488910396
88.693832	29.56680488910396
88.717863	29.566804887131454
88.717863	29.566804887131454
88.717863	29.566804887131454
88.717863	29.566804887131454
88.753836	29.566804886201368
88.765865	29.566804886075651
88.777889	29.566804885995968
88.777889	29.566804885995968
88.777889	29.566804885995968
88.777889	29.566804885995968
88.777889	29.566804885995968
88.825769	29.566804885886327
88.837866	29.566804885877982
88.837866	29.566804885877982
88.837866	29.566804885877982
88.837866	29.566804885877982
88.837866	29.566804885877982
88.885776	29.566804885866553
88.898006	29.566804885865675
88.898006	29.566804885865675
88.898006	29.566804885865675
88.898006	29.566804885865675
88.898006	29.566804885865675
88.898006	29.566804885865675
88.957864	29.566804885864407
88.957877	29.566804885864407
88.957877	29.566804885864407
88.957877	29.566804885864407
88.993876	29.566804885864297
88.993876	29.566804885864297
89.017877	29.566804885864272
89.017877	29.566804885864272
89.017877	29.566804885864272
89.017877	29.566804885864272
89.053858	29.566804885864261
89.065785	29.566804885864261
89.0779	29.566804885864261
89.0779	29.566804885864261
89.0779	29.566804885864261
89.0779	29.566804885864261
89.113859	29.566804885864261
89.113859	29.566804885864261
89.113859	29.566804885864261
89.113859	29.566804885864261
89.113859	29.566804885864261
89.113859	29.566804885864261
89.113859	29.566804885864261
89.137899	29.566804885864261
89.197901	29.566804885864261
89.197901	29.566804885864261
89.209864	29.566804885864261
89.209864	29.566804885864261
89.209864	29.566804885864261
89.245808	29.566804885864261
89.25789	29.566804885864261
89.25789	29.566804885864261
89.269782	29.566804885864261
89.269782	29.566804885864261
89.269782	29.566804885864261
89.305781	29.566804885864261
89.317912	29.566804885864261
89.317912	29.566804885864261
89.317912	29.566804885864261
89.317912	29.566804885864261
89.317912	29.566804885864261
89.317912	29.566804885864261
89.377915	29.566804885864261
89.377915	29.566804885864261
89.377915	29.566804885864261
89.377915	29.566804885864261
89.377915	29.566804885864261
89.377915	29.566804885864261
89.437878	29.566804885864261
89.437878	29.566804885864261
89.437878	29.566804885864261
89.437878	29.566804885864261
89.437878	29.566804885864261
89.437878	29.566804885864261
89.497877	29.566804885864261
89.497877	29.566804885864261
89.509801	29.566804885864261
89.521781	29.566804885864261
89.521781	29.566804885864261
89.521781	29.566804885864261
89.557948	29.566804885864261
89.557948	29.566804885864261
89.557948	29.566804885864261
89.557948	29.566804885864261
89.557948	29.566804885864261
89.605782	29.566804885864261
89.61788	29.566804885864261
89.61788	29.566804885864261
89.61788	29.566804885864261
89.641802	29.566804885864261
89.641802	29.566804885864261
89.641802	29.566804885864261
89.677894	29.566804885864261
89.677894	29.566804885864261
89.677894	29.566804885864261
89.701781	29.566804885864261
89.701781	29.566804885864261
89.701781	29.566804885864261
89.701781	29.566804885864261
89.701781	29.566804885864261
89.737874	29.566804885864261
89.761782	29.566804885864261
89.761782	29.566804885864261
89.785782	29.566804885864261
89.797875	29.566804885864261
89.797875	29.566804885864261
89.797875	29.566804885864261
89.797875	29.566804885864261
89.797875	29.566804885864261
89.797875	29.566804885864261
89.857957	29.566804885864261
89.857957	29.566804885864261
89.857957	29.566804885864261
89.881789	29.566804885864261
89.893846	29.566804885864261
89.905802	29.566804885864261
89.917877	29.566804885864261
89.917877	29.566804885864261
89.917877	29.566804885864261
89.917877	29.566804885864261
89.917877	29.566804885864261
89.917877	29.566804885864261
89.977998	29.566804885864261
89.97801	29.566804885864261
89.97801	29.566804885864261
90.001793	29.566804885864261
90.001793	29.566804885864261
90.025793	29.566804885864261
90.037942	29.566804885864261
90.037942	29.566804885864261
90.037942	29.566804885864261
90.037942	29.566804885864261
90.037942	29.566804885864261
90.037942	29.566804885864261
90.09789	29.566804885864261
90.09789	29.566804885864261
90.10997	29.566804885864261
90.10997	29.566804885864261
90.10997	29.566804885864261
90.145798	29.566804885864261
90.15789	29.566804885864261
90.15789	29.566804885864261
90.15789	29.566804885864261
90.181794	29.566794357895361
90.193865	29.566791490046207
90.193865	29.566791490046207
90.217962	29.566788025172936
90.217962	29.566788025172936
90.229796	29.566787282482114
90.229796	29.566787282482114
90.229796	29.566787282482114
90.229796	29.566787282482114
90.277918	29.566795093338097
90.277918	29.566795093338097
90.289794	29.56679839401038
90.289794	29.56679839401038
90.289794	29.56679839401038
90.289794	29.56679839401038
90.337888	29.566803865182298
90.337888	29.566803865182298
90.337888	29.566803865182298
90.337888	29.566803865182298
90.337888	29.566803865182298
90.385798	29.56680471502025
90.397888	29.566804779638439
90.397888	29.566804779638439
90.397888	29.566804779638439
90.421794	29.566804843329212
90.421794	29.566804843329212
90.445795	29.566804868082276
90.457892	29.566804874811201
90.457892	29.566804874811201
90.457892	29.566804874811201
90.457892	29.566804874811201
90.457892	29.566804874811201
90.457892	29.566804874811201
90.457892	29.566804874811201
90.457892	29.566804874811201
90.517899	29.468768882929041
90.541794	29.461029646057625
90.541794	29.461029646057625
90.541794	29.461029646057625
90.577905	29.448499838197947
90.577905	29.448499838197947
90.577905	29.448499838197947
90.577905	29.448499838197947
90.577905	29.448499838197947
90.625794	29.439349335238148
90.637887	29.438652662680859
90.637887	29.438652662680859
90.637887	29.438652662680859
90.637887	29.438652662680859
90.673861	29.431085714658668
90.685814	29.426666270012163
90.697908	29.423833079303172
90.697908	29.423833079303172
90.697908	29.423833079303172
90.721793	29.421046211873552
90.721793	29.421046211873552
90.721793	29.421046211873552
90.757895	29.419666212563623
90.757895	29.419666212563623
90.757895	29.419666212563623
90.757895	29.419666212563623
90.793865	29.404828517492145
90.805793	29.402505063032191
90.817926	29.401008413051851
90.817926	29.401008413051851
90.817926	29.401008413051851
90.817926	29.401008413051851
90.817926	29.401008413051851
90.817926	29.401008413051851
90.877988	29.389807057913465
90.877988	29.389807057913465
90.877988	29.389807057913465
90.877988	29.389807057913465
90.877988	29.389807057913465
90.925795	29.381358965086562
90.937888	29.380712528777888
90.937888	29.380712528777888
90.937888	29.380712528777888
90.937888	29.380712528777888
90.937888	29.380712528777888
90.985839	29.428722547865913
90.997919	29.44086943572265
90.997919	29.44086943572265
90.997919	29.44086943572265
90.997919	29.44086943572265
91.033872	29.455507843037243
91.033872	29.455507843037243
91.057904	29.458744848328941
91.057904	29.458744848328941
91.069807	29.459446941962689
91.069807	29.459446941962689
91.069807	29.459446941962689
91.069807	29.459446941962689
91.117901	29.46060673999273
91.117901	29.46060673999273
91.117901	29.46060673999273
91.141878	29.460736586108702
91.141878	29.460736586108702
91.141878	29.460736586108702
91.177925	29.460800573227164
91.177925	29.460800573227164
91.177925	29.460800573227164
91.201807	29.460814041741408
91.201807	29.460814041741408
91.225808	29.460819289509583
91.237905	29.460820716543815
91.237905	29.460820716543815
91.237905	29.460820716543815
91.237905	29.460820716543815
91.273941	29.460822437321109
91.273941	29.460822437321109
91.273941	29.460822437321109
91.273941	29.460822437321109
91.297909	29.460822815335273
91.321808	29.460822961415513
91.321808	29.460822961415513
91.321808	29.460822961415513
91.357905	29.460823033709374
91.357905	29.460823033709374
91.369807	29.460818088888548
91.369807	29.460818088888548
91.369807	29.460818088888548
91.369807	29.460818088888548
91.417906	29.460806202008399
91.417906	29.460806202008399
91.417906	29.460806202008399
91.417906	29.460806202008399
91.417906	29.460806202008399
91.417906	29.460806202008399
91.47794	29.460813277137586
91.47794	29.460813277137586
91.47794	29.460813277137586
91.47794	29.460813277137586
91.513881	29.460820451604643
91.513881	29.460820451604643
91.537987	29.460822043455806
91.537987	29.460822043455806
91.549808	29.460822383772115
91.549808	29.460822383772115
91.549808	29.460822383772115
91.549808	29.460822383772115
91.597902	29.460822952928059
91.597902	29.460822952928059
91.597902	29.460822952928059
91.597902	29.460822952928059
91.633871	29.460823030827918
91.633871	29.460823030827918
91.657915	29.460823048041458
91.657915	29.460823048041458
91.657915	29.460823048041458
91.657915	29.460823048041458
91.693878	29.460823056142392
91.693878	29.460823056142392
91.717911	29.460823057932771
91.717911	29.460823057932771
91.717911	29.460823057932771
91.717911	29.460823057932771
91.717911	29.460823057932771
91.765808	29.460823058889503
91.777922	29.46082305896249
91.777922	29.46082305896249
91.777922	29.46082305896249
91.777922	29.46082305896249
91.777922	29.46082305896249
91.825807	29.460823059061994
91.837982	29.460823059069629
91.837982	29.460823059069629
91.837982	29.460823059069629
91.837982	29.460823059069629
91.837982	29.460823059069629
91.885807	29.460823059079946
91.897923	29.460823059080738
91.897923	29.460823059080738
91.897923	29.460823059080738
91.897923	29.460823059080738
91.897923	29.460823059080738
91.897923	29.460823059080738
91.957927	29.460823059081896
91.957927	29.460823059081896
91.957927	29.460823059081896
91.981821	29.460823059081978
91.993892	29.460823059081996
91.993892	29.460823059081996
92.017916	29.460823059082017
92.017916	29.460823059082017
92.017916	29.460823059082017
92.017916	29.460823059082017
92.053896	29.460823059082028
92.053896	29.460823059082028
92.077937	29.460823059082028
92.077937	29.460823059082028
92.077937	29.460823059082028
92.077937	29.460823059082028
92.077937	29.460823059082028
92.12582	29.460823059082028
92.137936	29.460823059082028
92.137936	29.460823059082028
92.137936	29.460823059082028
92.137936	29.460823059082028
92.137936	29.460823059082028
92.137936	29.460823059082028
92.197984	29.460823059082028
92.197984	29.460823059082028
92.197984	29.460823059082028
92.197984	29.460823059082028
92.197984	29.460823059082028
92.245822	29.460823059082028
92.257932	29.460823059082028
92.257932	29.460823059082028
92.257932	29.460823059082028
92.281821	29.460823059082028
92.281821	29.460823059082028
92.305821	29.460823059082028
92.317949	29.460823059082028
92.317949	29.460823059082028
92.317949	29.460823059082028
92.317949	29.460823059082028
92.317949	29.460823059082028
92.365824	29.460823059082028
92.377948	29.460823059082028
92.377948	29.460823059082028
92.389832	29.460823059082028
92.389832	29.460823059082028
92.389832	29.460823059082028
92.389832	29.460823059082028
92.437916	29.460823059082028
92.437916	29.460823059082028
92.437916	29.460823059082028
92.437916	29.460823059082028
92.473888	29.460823059082028
92.48582	29.460823059082028
92.497919	29.460823059082028
92.497919	29.460823059082028
92.497919	29.460823059082028
92.497919	29.460823059082028
92.497919	29.460823059082028
92.497919	29.460823059082028
92.557927	29.460823059082028
92.557927	29.460823059082028
92.557927	29.460823059082028
92.557927	29.460823059082028
92.593966	29.460823059082028
92.593966	29.460823059082028
92.61795	29.460823059082028
92.61795	29.460823059082028
92.61795	29.460823059082028
92.64184	29.460823059082028
92.64184	29.460823059082028
92.665824	29.460823059082028
92.677934	29.460823059082028
92.677934	29.460823059082028
92.677934	29.460823059082028
92.677934	29.460823059082028
92.677934	29.460823059082028
92.677934	29.460823059082028
92.737917	29.460823059082028
92.737917	29.460823059082028
92.749874	29.460823059082028
92.749874	29.460823059082028
92.773906	29.460837106571766
92.785821	29.460846028503138
92.797918	29.4608517765557
92.797918	29.4608517765557
92.797918	29.4608517765557
92.82182	29.460857427311119
92.833885	29.460858695732284
92.833885	29.460858695732284
92.857994	29.460860228453203
92.857994	29.460860228453203
92.857994	29.460860228453203
92.857994	29.460860228453203
92.857994	29.460860228453203
92.857994	29.460860228453203
92.91792	29.460827391936164
92.91792	29.460827391936164
92.91792	29.460827391936164
92.91792	29.460827391936164
92.91792	29.460827391936164
92.91792	29.460827391936164
92.977935	29.460823509675922
92.977948	29.460823509380493
92.977948	29.460823509380493
92.977948	29.460823509380493
92.977948	29.460823509380493
93.025837	29.460823134589976
93.037946	29.460823105950844
93.037946	29.460823105950844
93.037946	29.460823105950844
93.061834	29.460823077883283
93.061834	29.460823077883283
93.085834	29.460823066941135
93.097927	29.460823063964501
93.097927	29.460823063964501
93.097927	29.460823063964501
93.097927	29.460823063964501
93.097927	29.460823063964501
93.145834	29.460823059899951
93.158014	29.460823059587934
93.158014	29.460823059587934
93.158014	29.460823059587934
93.18187	29.46082305928547
93.18187	29.46082305928547
93.205833	29.460823059167158
93.217931	29.460823059134903
93.217931	29.460823059134903
93.217931	29.460823059134903
93.217931	29.460823059134903
93.217931	29.460823059134903
93.217931	29.460823059134903
93.277947	29.460828497969267
93.277947	29.460828497969267
93.289989	29.460830544056396
93.289989	29.460830544056396
93.313906	29.460832903535927
93.313906	29.460832903535927
93.337928	29.460833877592645
93.337928	29.460833877592645
93.337928	29.460833877592645
93.337928	29.460833877592645
93.337928	29.460833877592645
93.337928	29.460833877592645
93.397956	29.460825817500425
93.397956	29.460825817500425
93.397956	29.460825817500425
93.397956	29.460825817500425
93.397956	29.460825817500425
93.397956	29.460825817500425
93.457938	29.460823346420845
93.457938	29.460823346420845
93.457938	29.460823346420845
93.457938	29.460823346420845
93.457938	29.460823346420845
93.457938	29.460823346420845
93.517996	29.460823088898863
93.517996	29.460823088898863
93.517996	29.460823088898863
93.517996	29.460823088898863
93.517996	29.460823088898863
93.565834	29.460823064094456
93.577985	29.460823062186897
93.577985	29.460823062186897
93.577985	29.460823062186897
93.577985	29.460823062186897
93.613899	29.460823059910922
93.625837	29.460823059603641
93.637929	29.460823059406078
93.637929	29.460823059406078
93.637929	29.460823059406078
93.637929	29.460823059406078
93.637929	29.460823059406078
93.637929	29.460823059406078
93.697929	29.460823059115757
93.697929	29.460823059115757
93.709854	29.460823059104353
93.709854	29.460823059104353
93.709854	29.460823059104353
93.709854	29.460823059104353
93.757931	29.460823059085541
93.757931	29.460823059085541
93.757931	29.460823059085541
93.781908	29.460823059083435
93.781908	29.460823059083435
93.781908	29.460823059083435
93.817941	29.460823059082397
93.817941	29.460823059082397
93.817941	29.460823059082397
93.841854	29.460823059082177
93.841854	29.460823059082177
93.865844	29.460823059082092
93.877952	29.46082305908207
93.877952	29.46082305908207
93.877952	29.46082305908207
93.877952	29.46082305908207
93.877952	29.46082305908207
93.877952	29.46082305908207
93.937927	29.460823059082035
93.937927	29.460823059082035
93.937927	29.460823059082035
93.961834	29.460824078045281
93.961834	29.460824078045281
93.961848	29.460824085823628
93.99795	29.460838862055425
93.99795	29.460838862055425
93.99795	29.460838862055425
93.99795	29.460838862055425
94.03393	29.460842661841696
94.03393	29.460842661841696
94.057949	29.460843501012242
94.057949	29.460843501012242
94.057949	29.460843501012242
94.057949	29.460843501012242
94.093925	29.460829145385699
94.105868	29.460826889570193
94.117946	29.460825439029264
94.117946	29.460825439029264
94.129847	29.460824636078673
94.129847	29.460824636078673
94.129847	29.460824636078673
94.129847	29.460824636078673
94.178054	29.460823305421293
94.178054	29.460823305421293
94.178054	29.460823305421293
94.201847	29.460823158405674
94.201847	29.460823158405674
94.201847	29.460823158405674
94.23796	29.460823084841667
94.23796	29.460823084841667
94.249961	29.460823076093153
94.249961	29.460823076093153
94.249961	29.460823076093153
94.249961	29.460823076093153
94.297943	29.460823061765225
94.297943	29.460823061765225
94.297943	29.460823061765225
94.321847	29.460823060157836
94.321847	29.460823060157836
94.321847	29.460823060157836
94.35795	29.460823059361182
94.35795	29.460823059361182
94.35795	29.460823059361182
94.35795	29.460823059361182
94.35795	29.460823059361182
94.405847	29.460823059128831
94.417941	29.4608230591111
94.417941	29.4608230591111
94.417941	29.4608230591111
94.417941	29.4608230591111
94.453925	29.460823059089766
94.465848	29.460823059086902
94.477984	29.460823059085051
94.477984	29.460823059085051
94.477984	29.460823059085051
94.501847	29.460823059083243
94.513928	29.460823059082838
94.525851	29.460823059082539
94.53796	29.460823059082347
94.53796	29.460823059082347
94.53796	29.460823059082347
94.561848	29.460823059082159
94.561848	29.460823059082159
94.561848	29.460823059082159
94.597942	29.460823059082063
94.597942	29.460823059082063
94.597942	29.460823059082063
94.597942	29.460823059082063
94.633912	29.460823059082038
94.645848	29.460823059082035
94.657948	29.460823059082035
94.657948	29.460823059082035
94.669848	29.460823059082035
94.669848	29.460823059082035
94.669848	29.460823059082035
94.669848	29.460823059082035
94.717945	29.460823059082035
94.717945	29.460823059082035
94.717945	29.460823059082035
94.717945	29.460823059082035
94.717945	29.460823059082035
94.717945	29.460823059082035
94.77796	29.460823059082035
94.77796	29.460823059082035
94.789848	29.460823059082035
94.789848	29.460823059082035
94.813912	29.460823059082035
94.813912	29.460823059082035
94.838014	29.460823059082035
94.838014	29.460823059082035
94.838014	29.460823059082035
94.838014	29.460823059082035
94.838014	29.460823059082035
94.885848	29.460823059082035
94.897978	29.460823059082035
94.897978	29.460823059082035
94.897978	29.460823059082035
94.897978	29.460823059082035
94.897978	29.460823059082035
94.897978	29.460823059082035
94.957947	29.460823059082035
94.957947	29.460823059082035
94.957947	29.460823059082035
94.957947	29.460823059082035
94.993932	29.460796235609976
95.005884	29.460792037207444
95.017955	29.460789339263933
95.017955	29.460789339263933
95.02986	29.460787845589273
95.02986	29.460787845589273
95.02986	29.460787845589273
95.02986	29.460787845589273
95.07799	29.46078628069634
95.07799	29.46078628069634
95.08986	29.460786461836861
95.08986	29.460786461836861
95.113932	29.460786675789876
95.113932	29.460786675789876
95.138054	29.460786763568748
95.138054	29.460786763568748
95.138054	29.460786763568748
95.161861	29.46078858287073
95.161861	29.46078858287073
95.185861	29.460808649049202
95.197956	29.460814112365892
95.197956	29.460814112365892
95.197956	29.460814112365892
95.22186	29.460819470926282
95.234009	29.460820685109255
95.245861	29.46082155938122
95.257958	29.460822128061071
95.257958	29.460822128061071
95.257958	29.460822128061071
95.28186	29.460822685650538
95.28186	29.460822685650538
95.28186	29.460822685650538
95.317988	29.460822962334309
95.317988	29.460822962334309
95.317988	29.460822962334309
95.341861	29.460823020218836
95.341861	29.460823020218836
95.341861	29.460823020218836
95.341861	29.460823020218836
95.377992	29.460823049015207
95.389949	29.46082305242048
95.389949	29.46082305242048
95.389949	29.46082305242048
95.389949	29.46082305242048
95.437956	29.460823058032435
95.437956	29.460823058032435
95.44986	29.460823058386524
95.44986	29.460823058386524
95.44986	29.460823058386524
95.48586	29.460823058906087
95.498032	29.460823058973215
95.498032	29.460823058973215
95.498032	29.460823058973215
95.498032	29.460823058973215
95.498032	29.460823058973215
95.498032	29.460823058973215
95.557963	29.460823059070666
95.557963	29.460823059070666
95.557963	29.460823059070666
95.557963	29.460823059070666
95.557963	29.460823059070666
95.557963	29.460823059070666
95.617972	29.460823059080848
95.617972	29.460823059080848
95.617972	29.460823059080848
95.617972	29.460823059080848
95.617972	29.460823059080848
95.617972	29.460823059080848
95.677971	29.460823059081903
95.677971	29.460823059081903
95.677971	29.460823059081903
95.677971	29.460823059081903
95.677971	29.460823059081903
95.677971	29.460823059081903
95.737956	29.460823059082021
95.737956	29.460823059082021
95.737956	29.460823059082021
95.737956	29.460823059082021
95.737956	29.460823059082021
95.78586	29.460823059082028
95.798034	29.460823059082028
95.798034	29.460823059082028
95.798034	29.460823059082028
95.798034	29.460823059082028
95.798034	29.460823059082028
95.798034	29.460823059082028
95.857968	29.460823059082028
95.857968	29.460823059082028
95.857968	29.460823059082028
95.881861	29.460823059082028
95.881861	29.460823059082028
95.881861	29.460823059082028
95.917956	29.460823059082028
95.917956	29.460823059082028
95.917956	29.460823059082028
95.917956	29.460823059082028
95.95393	29.460823059082028
95.965861	29.460823059082028
95.978011	29.460823059082028
95.978011	29.460823059082028
95.978025	29.460823059082028
95.978025	29.460823059082028
96.013937	29.460823059082028
96.025947	29.460823059082028
96.037978	29.460823059082028
96.037978	29.460823059082028
96.037978	29.460823059082028
96.037978	29.460823059082028
96.037978	29.460823059082028
96.037978	29.460823059082028
96.097974	29.460823059082028
96.097974	29.460823059082028
96.109894	29.460823059082028
96.121875	29.460823059082028
96.121875	29.460823059082028
96.121875	29.460823059082028
96.158059	29.460823059082028
96.158059	29.460823059082028
96.169874	29.460823059082028
96.169874	29.460823059082028
96.169874	29.460823059082028
96.205875	29.460823059082028
96.217974	29.460823059082028
96.217974	29.460823059082028
96.217974	29.460823059082028
96.217974	29.460823059082028
96.217974	29.460823059082028
96.217974	29.460823059082028
96.277992	29.460823059082028
96.277992	29.460823059082028
96.277992	29.460823059082028
96.277992	29.460823059082028
96.277992	29.460823059082028
96.277992	29.460823059082028
96.337969	29.460823059082028
96.337969	29.460823059082028
96.349874	29.460823059082028
96.361875	29.460823059082028
96.361875	29.460823059082028
96.385876	29.460823059082028
96.39797	29.460823059082028
96.39797	29.460823059082028
96.39797	29.460823059082028
96.39797	29.460823059082028
96.39797	29.460823059082028
96.39797	29.460823059082028
96.457998	29.460823059082028
96.457998	29.460823059082028
96.457998	29.460823059082028
96.457998	29.460823059082028
96.493958	29.460823059082028
96.505875	29.460823059082028
96.51797	29.460823059082028
96.51797	29.460823059082028
96.51797	29.460823059082028
96.51797	29.460823059082028
96.51797	29.460823059082028
96.51797	29.460823059082028
96.51797	29.460823059082028
96.577985	29.460823059082028
96.589997	29.460823059082028
96.601874	29.460823059082028
96.613956	29.460823059082028
96.613956	29.460823059082028
96.63797	29.460823059082028
96.63797	29.460823059082028
96.63797	29.460823059082028
96.63797	29.460823059082028
96.63797	29.460823059082028
96.63797	29.460823059082028
96.697973	29.460823059082028
96.697973	29.460823059082028
96.697973	29.460823059082028
96.697973	29.460823059082028
96.733945	29.460823059082028
96.745895	29.460823059082028
96.757975	29.460823059082028
96.757975	29.460823059082028
96.769875	29.460823059082028
96.769875	29.460823059082028
96.793952	29.460823059082028
96.805875	29.460823059082028
96.818039	29.460823059082028
96.818039	29.460823059082028
96.818039	29.460823059082028
96.818039	29.460823059082028
96.818039	29.460823059082028
96.818039	29.460823059082028
96.878003	29.460823059082028
96.878003	29.460823059082028
96.889874	29.460823059082028
96.901874	29.460823059082028
96.901874	29.460823059082028
96.925874	29.460823059082028
96.937967	29.460823059082028
96.937967	29.460823059082028
96.949948	29.460823059082028
96.949948	29.460823059082028
96.949948	29.460823059082028
96.949948	29.460823059082028
96.997975	29.460823059082028
96.997989	29.460823059082028
96.997989	29.460823059082028
96.997989	29.460823059082028
96.997989	29.460823059082028
96.997989	29.460823059082028
97.058004	29.460823059082028
97.058004	29.460823059082028
97.0699	29.460823059082028
97.0699	29.460823059082028
97.093954	29.460823059082028
97.093954	29.460823059082028
97.118011	29.460823059082028
97.118011	29.460823059082028
97.129888	29.460823059082028
97.141912	29.460823059082028
97.153958	29.460823059082028
97.165889	29.460823059082028
97.177999	29.460823059082028
97.177999	29.460823059082028
97.177999	29.460823059082028
97.177999	29.460823059082028
97.177999	29.460823059082028
97.225888	29.460823059082028
97.237983	29.460823059082028
97.237983	29.460823059082028
97.237983	29.460823059082028
97.261888	29.460823059082028
97.261888	29.460823059082028
97.261888	29.460823059082028
97.261888	29.460823059082028
97.261888	29.460823059082028
97.261888	29.460823059082028
97.261888	29.460823059082028
97.261888	29.460823059082028
97.297981	29.460823059082028
97.358017	29.460823059082028
97.358017	29.460823059082028
97.358017	29.460823059082028
97.358017	29.460823059082028
97.393963	29.460823059082028
97.405909	29.460823059082028
97.417982	29.460823059082028
97.417982	29.460823059082028
97.417982	29.460823059082028
97.417982	29.460823059082028
97.417982	29.460823059082028
97.417982	29.460823059082028
97.478097	29.460823059082028
97.478097	29.460823059082028
97.478097	29.460823059082028
97.478097	29.460823059082028
97.478097	29.460823059082028
97.478097	29.460823059082028
97.537988	29.460823059082028
97.537988	29.460823059082028
97.537988	29.460823059082028
97.56191	29.460823059082028
97.56191	29.460823059082028
97.56191	29.460823059082028
97.597983	29.460823059082028
97.597983	29.460823059082028
97.597983	29.460823059082028
97.597983	29.460823059082028
97.597983	29.460823059082028
97.597983	29.460823059082028
97.657987	29.460823059082028
97.657987	29.460823059082028
97.669888	29.460823059082028
97.669888	29.460823059082028
97.669888	29.460823059082028
97.705889	29.460823059082028
97.717982	29.460823059082028
97.717982	29.460823059082028
97.717982	29.460823059082028
97.717982	29.460823059082028
97.717982	29.460823059082028
97.717982	29.460823059082028
97.717982	29.460823059082028
97.717982	29.460823059082028
97.778086	29.460823059082028
97.801888	29.460823059082028
97.801888	29.460823059082028
97.801888	29.460823059082028
97.837982	29.460823059082028
97.837982	29.460823059082028
97.837982	29.460823059082028
97.861888	29.460824108047465
97.861888	29.460824108047465
97.861888	29.460824108047465
97.897983	29.460838870679641
97.897983	29.460838870679641
97.897983	29.460838870679641
97.897983	29.460838870679641
97.897983	29.460838870679641
97.945888	29.460843172970801
97.958008	29.460843502616957
97.958008	29.460843502616957
97.958008	29.460843502616957
97.958008	29.460843502616957
97.958008	29.460843502616957
97.958021	29.460843502970537
98.018007	29.460825431703299
98.018007	29.460825431703299
98.029901	29.460824633028142
98.029901	29.460824633028142
98.053979	29.460823691069319
98.053979	29.460823691069319
98.078016	29.460823305896252
98.078016	29.460823305896252
98.078016	29.460823305896252
98.078016	29.460823305896252
98.078016	29.460823305896252
98.125902	29.460823100526849
98.138077	29.460823084689473
98.138077	29.460823084689473
98.149901	29.460823076129866
98.149901	29.460823076129866
98.149901	29.460823076129866
98.149901	29.460823076129866
98.197994	29.460823061758322
98.197994	29.460823061758322
98.197994	29.460823061758322
98.197994	29.460823061758322
98.233967	29.460823059794798
98.245901	29.460823059530949
98.258001	29.460823059360465
98.258001	29.460823059360465
98.258001	29.460823059360465
98.258001	29.460823059360465
98.258001	29.460823059360465
98.258001	29.460823059360465
98.318015	29.460823059110989
98.318015	29.460823059110989
98.318015	29.460823059110989
98.318015	29.460823059110989
98.318015	29.460823059110989
98.318015	29.460823059110989
98.318015	29.460823059110989
98.318015	29.460823059110989
98.318015	29.460823059110989
98.318015	29.460823059110989
98.378022	29.460823059085044
98.425901	29.460823059082539
98.437999	29.460823059082347
98.437999	29.460823059082347
98.437999	29.460823059082347
98.461901	29.460823059082159
98.473968	29.460823059082117
98.485901	29.460823059082085
98.497996	29.460823059082063
98.497996	29.460823059082063
98.497996	29.460823059082063
98.497996	29.460823059082063
98.497996	29.460823059082063
98.497996	29.460823059082063
98.497996	29.460823059082063
98.497996	29.460823059082063
98.497996	29.460823059082063
98.497996	29.460823059082063
98.497996	29.460823059082063
98.558018	29.460823059082035
98.617994	29.460823059082035
98.617994	29.460823059082035
98.617994	29.460823059082035
98.617994	29.460823059082035
98.617994	29.460823059082035
98.617994	29.460823059082035
98.678016	29.460823059082035
98.678016	29.460823059082035
98.678016	29.460823059082035
98.678016	29.460823059082035
98.713969	29.460823059082035
98.725902	29.460823059082035
98.738016	29.460823059082035
98.738016	29.460823059082035
98.738016	29.460823059082035
98.738016	29.460823059082035
98.738016	29.460823059082035
98.738016	29.460823059082035
98.798064	29.460823059082035
98.798064	29.460823059082035
98.798064	29.460823059082035
98.798064	29.460823059082035
98.798064	29.460823059082035
98.845902	29.460823059082035
98.858006	29.460823059082035
98.858006	29.460823059082035
98.858006	29.460823059082035
98.858006	29.460823059082035
98.858006	29.460823059082035
98.905901	29.460823059082035
98.917997	29.460823059082035
98.917997	29.460823059082035
98.929978	29.460823059082035
98.941901	29.460823059082035
98.941901	29.460823059082035
98.941901	29.460823059082035
98.978014	29.460823059082035
98.978014	29.460823059082035
98.978014	29.460823059082035
99.001901	29.460823059082035
99.013978	29.460823059082035
99.025914	29.460823059082035
99.038025	29.460823059082035
99.038025	29.460823059082035
99.038025	29.460823059082035
99.038025	29.460823059082035
99.038025	29.460823059082035
99.038025	29.460823059082035
99.098043	29.460823059082035
99.098043	29.460823059082035
99.098043	29.460823059082035
99.098043	29.460823059082035
99.098043	29.460823059082035
99.098043	29.460823059082035
99.158016	29.460823059082035
99.158016	29.460823059082035
99.158016	29.460823059082035
99.181914	29.460823059082035
99.181914	29.460823059082035
99.181914	29.460823059082035
99.21801	29.460823059082035
99.21801	29.460823059082035
99.21801	29.460823059082035
99.21801	29.460823059082035
99.21801	29.460823059082035
99.21801	29.460823059082035
99.278042	29.460828526753755
99.278042	29.460828526753755
99.278042	29.460828526753755
99.278042	29.460828526753755
99.313985	29.460832908831559
99.313985	29.460832908831559
99.338012	29.460833880241402
99.338012	29.460833880241402
99.338012	29.460833880241402
99.338012	29.460833880241402
99.37398	29.460830100537546
99.385915	29.4608274944095
99.398016	29.460825809144364
99.398016	29.460825809144364
99.398016	29.460825809144364
99.398016	29.460825809144364
99.398016	29.460825809144364
99.398016	29.460825809144364
99.398016	29.460825809144364
99.398016	29.460825809144364
99.398016	29.460825809144364
99.45808	29.460823344362698
99.494008	29.460823135260135
99.494008	29.460823135260135
99.518008	29.460823088880762
99.518008	29.460823088880762
99.529914	29.460823078841649
99.541914	29.460823071046498
99.541914	29.460823071046498
99.541914	29.460823071046498
99.578026	29.460823062180459
99.578026	29.460823062180459
99.578026	29.460823062180459
99.578026	29.460823062180459
99.613978	29.460823059908176
99.613978	29.460823059908176
99.638021	29.460823059404575
99.638021	29.460823059404575
99.638021	29.460823059404575
99.638021	29.460823059404575
99.638021	29.460823059404575
99.638021	29.460823059404575
99.698025	29.460823059115594
99.698025	29.460823059115594
99.698025	29.460823059115594
99.698025	29.460823059115594
99.698025	29.460823059115594
99.698025	29.460823059115594
99.698025	29.460823059115594
99.698025	29.460823059115594
99.698025	29.460823059115594
99.698025	29.460823059115594
99.698025	29.460823059115594
99.758034	29.460823059085524
99.818008	29.460823059082394
99.818008	29.460823059082394
99.818008	29.460823059082394
99.818008	29.460823059082394
99.818008	29.460823059082394
99.865914	29.460823059082092
99.878023	29.46082305908207
99.878023	29.46082305908207
99.878023	29.46082305908207
99.901914	29.460823059082049
99.913979	29.460823059082042
99.925915	29.460823059082038
99.938017	29.460823059082035
99.938017	29.460823059082035
99.938017	29.460823059082035
99.961914	29.460823059082035
99.961914	29.460823059082035
99.985986	29.460823059082035
99.998012	29.460823059082035
99.998012	29.460823059082035
99.998026	29.460823059082035
100.021956	29.460823059082035
100.033994	29.460823059082035
100.033994	29.460823059082035
100.058057	29.460823059082035
100.058057	29.460823059082035
100.058057	29.460823059082035
100.081929	29.460823059082035
100.081929	29.460823059082035
100.081929	29.460823059082035
100.118093	29.460823059082035
100.118093	29.460823059082035
100.118093	29.460823059082035
100.118093	29.460823059082035
100.118093	29.460823059082035
100.165929	29.460823059082035
100.178034	29.460823059082035
100.178034	29.460823059082035
100.178034	29.460823059082035
100.178034	29.460823059082035
100.213991	29.460823059082035
100.225928	29.460823059082035
100.238023	29.460823059082035
100.238023	29.460823059082035
100.238023	29.460823059082035
100.238023	29.460823059082035
100.238023	29.460823059082035
100.238023	29.460823059082035
100.238023	29.460823059082035
100.238023	29.460823059082035
100.238023	29.460823059082035
100.238023	29.460823059082035
100.238023	29.460823059082035
100.298022	29.460823059082035
100.358027	29.460823059082035
100.358027	29.460823059082035
100.369928	29.460823059082035
100.369928	29.460823059082035
100.369928	29.460823059082035
100.369928	29.460823059082035
100.418053	29.460823059082035
100.418053	29.460823059082035
100.418053	29.460823059082035
100.441942	29.460823059082035
100.454004	29.460823059082035
100.465929	29.460823059082035
100.478037	29.460823059082035
100.478037	29.460823059082035
100.478037	29.460823059082035
100.478037	29.460823059082035
100.478037	29.460823059082035
100.478037	29.460823059082035
100.538043	29.460823059082035
100.538043	29.460823059082035
100.538043	29.460823059082035
100.561929	29.460823059082035
100.573992	29.460823059082035
100.573992	29.460823059082035
100.598024	29.460823059082035
100.598024	29.460823059082035
100.598024	29.460823059082035
100.598024	29.460823059082035
100.63399	29.460823059082035
100.63399	29.460823059082035
100.658039	29.460823059082035
100.658039	29.460823059082035
100.658039	29.460823059082035
100.658039	29.460823059082035
100.693991	29.460823059082035
100.705929	29.460823059082035
100.718022	29.460823059082035
100.718022	29.460823059082035
100.718022	29.460823059082035
100.718022	29.460823059082035
100.718022	29.460823059082035
100.765929	29.460823059082035
100.778106	29.460823059082035
100.778106	29.460823059082035
100.789957	29.460823059082035
100.789957	29.460823059082035
100.789957	29.460823059082035
100.789957	29.460823059082035
100.838022	29.460823059082035
100.838022	29.460823059082035
100.849928	29.460823059082035
100.861928	29.460823059082035
100.861928	29.460823059082035
100.861928	29.460823059082035
100.898023	29.460823059082035
100.898023	29.460823059082035
100.898023	29.460823059082035
100.898023	29.460823059082035
100.898023	29.460823059082035
100.898023	29.460823059082035
100.958032	29.460823059082035
100.958032	29.460823059082035
100.958032	29.460823059082035
100.958032	29.460823059082035
100.994013	29.460823059082035
100.994013	29.460823059082035
101.018042	29.460823059082035
101.018057	29.460823059082035
101.018057	29.460823059082035
101.018057	29.460823059082035
101.018057	29.460823059082035
101.065986	29.460823059082035
101.078052	29.460823059082035
101.078052	29.460823059082035
101.078052	29.460823059082035
101.101944	29.460823059082035
101.101944	29.460823059082035
101.101944	29.460823059082035
101.138043	29.460823059082035
101.138043	29.460823059082035
101.138043	29.460823059082035
101.138043	29.460823059082035
101.138043	29.460823059082035
101.185943	29.460823059082035
101.198056	29.460823059082035
101.198056	29.460823059082035
101.198056	29.460823059082035
101.198056	29.460823059082035
101.198056	29.460823059082035
101.198056	29.460823059082035
101.25806	29.460823059082035
101.25806	29.460823059082035
101.25806	29.460823059082035
101.25806	29.460823059082035
101.25806	29.460823059082035
101.25806	29.460823059082035
101.318075	29.460834870405627
101.318075	29.460834870405627
101.318075	29.460834870405627
101.342028	29.460835792019957
101.354015	29.460835999492801
101.365944	29.460834049906882
101.378048	29.460829868945776
101.378048	29.460829868945776
101.389945	29.460827578845617
101.389945	29.460827578845617
101.389945	29.460827578845617
101.425943	29.460824202970262
101.438113	29.460823765470877
101.438113	29.460823765470877
101.438113	29.460823765470877
101.461963	29.460823343829539
101.461963	29.460823343829539
101.461963	29.460823343829539
101.461963	29.460823343829539
101.498036	29.460823132886389
101.509943	29.460823108040323
101.521944	29.460823088732393
101.521944	29.460823088732393
101.545943	29.46082307147179
101.558058	29.460823066754532
101.558058	29.460823066754532
101.558058	29.460823066754532
101.558058	29.460823066754532
101.558058	29.460823066754532
101.558058	29.460823066754532
101.618037	29.558938648037813
101.618037	29.558938648037813
101.618037	29.558938648037813
101.618037	29.558938648037813
101.618037	29.558938648037813
101.618037	29.558938648037813
101.678064	29.580019578259947
101.678064	29.580019578259947
101.678064	29.580019578259947
101.678064	29.580019578259947
101.714026	29.588668125864164
101.714026	29.588668125864164
101.738042	29.590583472020345
101.738042	29.590583472020345
101.738042	29.590583472020345
101.761944	29.592263250274911
101.774006	29.598292204807898
101.785944	29.602685676186709
101.798039	29.60552931942512
101.798039	29.60552931942512
101.798039	29.60552931942512
101.798039	29.60552931942512
101.798039	29.60552931942512
101.845964	29.609388479270695
101.858042	29.609684010865614
101.858042	29.609684010865614
101.858042	29.609684010865614
101.858042	29.609684010865614
101.858042	29.609684010865614
101.858042	29.609684010865614
101.918043	29.537321703367578
101.918043	29.537321703367578
101.918043	29.537321703367578
101.918043	29.537321703367578
101.954011	29.53038335610778
101.954011	29.53038335610778
101.978067	29.528845796880578
101.978067	29.528845796880578
101.978067	29.528845796880578
102.001947	29.528258150168849
102.01401	29.528124908805346
102.025958	29.528027791511349
102.03806	29.527964915144228
102.03806	29.527964915144228
102.03806	29.527964915144228
102.03806	29.527964915144228
102.03806	29.527964915144228
102.03806	29.527964915144228
102.098139	29.52787315971992
102.098139	29.52787315971992
102.098139	29.52787315971992
102.098139	29.52787315971992
102.098139	29.52787315971992
102.098139	29.52787315971992
102.158052	29.527863658035347
102.158052	29.527863658035347
102.158052	29.527863658035347
102.158052	29.527863658035347
102.158052	29.527863658035347
102.205957	29.527862735103252
102.218051	29.527862664272927
102.218051	29.527862664272927
102.218051	29.527862664272927
102.218051	29.527862664272927
102.218051	29.527862664272927
102.218051	29.527862664272927
102.278079	29.527881736922101
102.278079	29.527881736922101
102.278079	29.527881736922101
102.278079	29.527881736922101
102.278079	29.527881736922101
102.325957	29.527899094165193
102.338052	29.527900428551842
102.338052	29.527900428551842
102.349957	29.527901160180637
102.349957	29.527901160180637
102.349957	29.527901160180637
102.349957	29.527901160180637
102.349957	29.527901160180637
102.349957	29.527901160180637
102.398056	29.527843371632851
102.421957	29.527832027791099
102.421957	29.527832027791099
102.445957	29.527827588198647
102.458053	29.527826376404846
102.458053	29.527826376404846
102.458053	29.527826376404846
102.458053	29.527826376404846
102.458053	29.527826376404846
102.505957	29.527855771659514
102.518058	29.527858350140605
102.518058	29.527858350140605
102.52996	29.527859762213254
102.52996	29.527859762213254
102.52996	29.527859762213254
102.565957	29.527861843505285
102.57808	29.527862112344398
102.57808	29.527862112344398
102.57808	29.527862112344398
102.57808	29.527862112344398
102.57808	29.527862112344398
102.57808	29.527862112344398
102.638076	29.527862503392555
102.638076	29.527862503392555
102.650331	29.527862519048309
102.650331	29.527862519048309
102.674065	29.527862536727103
102.674065	29.527862536727103
102.69806	29.527862544095651
102.69806	29.527862544095651
102.69806	29.527862544095651
102.69806	29.527862544095651
102.69806	29.527862544095651
102.69806	29.527862544095651
102.758132	29.527862548337399
102.758132	29.527862548337399
102.758132	29.527862548337399
102.758132	29.527862548337399
102.794032	29.527862548696874
102.794032	29.527862548696874
102.81805	29.527862548776838
102.81805	29.527862548776838
102.81805	29.527862548776838
102.81805	29.527862548776838
102.81805	29.527862548776838
102.81805	29.527862548776838
102.878073	29.527862548822792
102.878073	29.527862548822792
102.878073	29.527862548822792
102.901957	29.527862548825979
102.914029	29.5278625488267
102.914029	29.5278625488267
102.938062	29.527862548827571
102.938062	29.527862548827571
102.938062	29.527862548827571
102.938062	29.527862548827571
102.938062	29.527862548827571
102.938062	29.527862548827571
102.998053	29.527862548828065
102.998053	29.527862548828065
102.998053	29.527862548828065
102.998053	29.527862548828065
103.034036	29.527862548828111
103.045979	29.527862548828118
103.058075	29.527862548828121
103.058075	29.527862548828121
103.058075	29.527862548828121
103.081972	29.527862548828121
103.081972	29.527862548828121
103.105993	29.527862548828121
103.118067	29.527862548828121
103.118067	29.527862548828121
103.118067	29.527862548828121
103.118067	29.527862548828121
103.154109	29.527862548828121
103.165973	29.527862548828121
103.178073	29.527862548828121
103.178073	29.527862548828121
103.178073	29.527862548828121
103.178073	29.527862548828121
103.178073	29.527862548828121
103.178073	29.527862548828121
103.238086	29.527862548828121
103.238086	29.527862548828121
103.238086	29.527862548828121
103.238086	29.527862548828121
103.238086	29.527862548828121
103.238086	29.527862548828121
103.298069	29.527892777512648
103.298069	29.527892777512648
103.309972	29.527896081174518
103.322052	29.527898661078897
103.334045	29.527899984973121
103.334045	29.527899984973121
103.358068	29.527901580510267
103.358068	29.527901580510267
103.358068	29.527901580510267
103.358068	29.527901580510267
103.358068	29.527901580510267
103.358068	29.527901580510267
103.418143	29.527867047196068
103.418143	29.527867047196068
103.418143	29.527867047196068
103.418143	29.527867047196068
103.454051	29.527863751696838
103.454051	29.527863751696838
103.47808	29.527863018491768
103.47808	29.527863018491768
103.47808	29.527863018491768
103.47808	29.527863018491768
103.47808	29.527863018491768
103.525993	29.527862627724062
103.538067	29.52786259773989
103.538067	29.52786259773989
103.538067	29.52786259773989
103.561972	29.527862568493614
103.574038	29.527862561863863
103.585996	29.527862557038318
103.598064	29.527862553919313
103.598064	29.527862553919313
103.609972	29.527862552206653
103.621972	29.527862550874779
103.621972	29.527862550874779
103.645984	29.527862549682911
103.658087	29.527862549357366
103.658087	29.527862549357366
103.669972	29.527862549179741
103.682043	29.527862549040709
103.682043	29.527862549040709
103.705972	29.52786254891712
103.718146	29.527862548883043
103.718146	29.527862548883043
103.718146	29.527862548883043
103.718146	29.527862548883043
103.718146	29.527862548883043
103.765972	29.527856516073921
103.778071	29.527844293966393
103.778071	29.527844293966393
103.778071	29.527844293966393
103.778071	29.527844293966393
103.778071	29.527844293966393
103.778071	29.527844293966393
103.838067	29.527826472515201
103.838067	29.527826472515201
103.838067	29.527826472515201
103.861972	29.527827226450523
103.861972	29.527827226450523
103.885972	29.527847790863976
103.898087	29.527853414913494
103.898087	29.527853414913494
103.898087	29.527853414913494
103.898087	29.527853414913494
103.898087	29.527853414913494
103.946061	29.5278610172168
103.958073	29.527861597554381
103.958073	29.527861597554381
103.969972	29.527861917271718
103.969972	29.527861917271718
103.994046	29.527862295307322
103.994046	29.527862295307322
104.018065	29.527862449785626
104.018065	29.527862449785626
104.018079	29.52786244985602
104.018079	29.52786244985602
104.018079	29.52786244985602
104.065986	29.527862532199585
104.078213	29.527862538597887
104.078213	29.527862538597887
104.078213	29.527862538597887
104.078213	29.527862538597887
104.078213	29.527862538597887
104.078213	29.527862538597887
104.138101	29.52786254775733
104.138101	29.52786254775733
104.138101	29.52786254775733
104.138101	29.52786254775733
104.138101	29.52786254775733
104.138101	29.52786254775733
104.138101	29.52786254775733
104.138101	29.52786254775733
104.138101	29.52786254775733
104.138101	29.52786254775733
104.198092	29.527862548716634
104.24599	29.527862548809384
104.258093	29.527862548816522
104.258093	29.527862548816522
104.258093	29.527862548816522
104.281986	29.527862548823457
104.281986	29.527862548823457
104.281986	29.527862548823457
104.318118	29.527862548826921
104.318118	29.527862548826921
104.318118	29.527862548826921
104.318118	29.527862548826921
104.318118	29.527862548826921
104.318118	29.527862548826921
104.378128	29.527862548828001
104.378128	29.527862548828001
104.378128	29.527862548828001
104.378128	29.527862548828001
104.378128	29.527862548828001
104.378128	29.527862548828001
104.43808	29.527862548828114
104.43808	29.527862548828114
104.43808	29.527862548828114
104.43808	29.527862548828114
104.43808	29.527862548828114
104.485986	29.527862548828121
104.498081	29.527862548828121
104.498081	29.527862548828121
104.498081	29.527862548828121
104.498081	29.527862548828121
104.534073	29.527862548828121
104.534073	29.527862548828121
104.558083	29.527862548828121
104.558083	29.527862548828121
104.558083	29.527862548828121
104.558083	29.527862548828121
104.558083	29.527862548828121
104.558083	29.527862548828121
104.618084	29.527862548828121
104.618084	29.527862548828121
104.618084	29.527862548828121
104.618084	29.527862548828121
104.618084	29.527862548828121
104.665986	29.527862548828121
104.6781	29.527862548828121
104.6781	29.527862548828121
104.6781	29.527862548828121
104.6781	29.527862548828121
104.6781	29.527862548828121
104.6781	29.527862548828121
104.73815	29.527862548828121
104.73815	29.527862548828121
104.73815	29.527862548828121
104.73815	29.527862548828121
104.73815	29.527862548828121
104.73815	29.527862548828121
104.798082	29.527862548828121
104.798082	29.527862548828121
104.798082	29.527862548828121
104.798082	29.527862548828121
104.834053	29.527862548828121
104.846007	29.527862548828121
104.858123	29.527862548828121
104.858123	29.527862548828121
104.858123	29.527862548828121
104.858123	29.527862548828121
104.858123	29.527862548828121
104.858123	29.527862548828121
104.858123	29.527862548828121
104.858123	29.527862548828121
104.858123	29.527862548828121
104.858123	29.527862548828121
104.858123	29.527862548828121
104.858123	29.527862548828121
104.858123	29.527862548828121
104.918085	29.527862548828121
104.978108	29.527862548828121
105.00206	29.527862548828121
105.00206	29.527862548828121
105.00206	29.527862548828121
105.038125	29.527862548828121
105.03814	29.527862548828121
105.03814	29.527862548828121
105.03814	29.527862548828121
105.03814	29.527862548828121
105.086002	29.527875229312254
105.098101	29.527878391263844
105.098101	29.527878391263844
105.098101	29.527878391263844
105.098101	29.527878391263844
105.098101	29.527878391263844
105.098101	29.527878391263844
105.098101	29.527878391263844
105.098101	29.527878391263844
105.1581	29.527882994865315
105.182003	29.527883314467708
105.182003	29.527883314467708
105.182003	29.527883314467708
105.218122	29.527883474067146
105.218122	29.527883474067146
105.218122	29.527883474067146
105.218122	29.527883474067146
105.218122	29.527883474067146
105.218122	29.527883474067146
105.278099	29.527873468136452
105.278099	29.527873468136452
105.278099	29.527873468136452
105.302005	29.527866942140687
105.302005	29.527866942140687
105.326021	29.527864383250474
105.338102	29.527863685064066
105.338102	29.527863685064066
105.338102	29.527863685064066
105.338102	29.527863685064066
105.338102	29.527863685064066
105.338102	29.527863685064066
105.338102	29.527863685064066
105.338102	29.527863685064066
105.338102	29.527863685064066
105.338102	29.527863685064066
105.338102	29.527863685064066
105.398163	29.527862666713148
105.4581	29.527862561136253
105.4581	29.527862561136253
105.470009	29.527860534832126
105.470009	29.527860534832126
105.470009	29.527860534832126
105.506002	29.527856341247546
105.518098	29.527855799753308
105.518098	29.527855799753308
105.518098	29.527855799753308
105.518098	29.527855799753308
105.518098	29.527855799753308
105.518098	29.527855799753308
105.518098	29.527855799753308
105.518098	29.527855799753308
105.518098	29.527855799753308
105.602003	29.527854956295624
105.602003	29.527854956295624
105.602003	29.527854956295624
105.638109	29.527854928963237
105.638109	29.527854928963237
105.638109	29.527854928963237
105.638109	29.527854928963237
105.638109	29.527854928963237
105.686002	29.527859532121468
105.698099	29.527860681121535
105.698099	29.527860681121535
105.698099	29.527860681121535
105.698099	29.527860681121535
105.734073	29.527862050981117
105.746023	29.527862235076856
105.7581	29.527862354459476
105.7581	29.527862354459476
105.770002	29.527862419747898
105.770002	29.527862419747898
105.770002	29.527862419747898
105.770002	29.527862419747898
105.770002	29.527862419747898
105.818097	29.527862528596433
105.830122	29.527862535452378
105.842003	29.527862540688407
105.842003	29.527862540688407
105.842003	29.527862540688407
105.842003	29.527862540688407
105.842003	29.527862540688407
105.842003	29.527862540688407
105.842003	29.527862540688407
105.842003	29.527862540688407
105.87812	29.527862546725007
105.938099	29.527862548609015
105.938099	29.527862548609015
105.938099	29.527862548609015
105.938099	29.527862548609015
105.974069	29.527862548769708
105.974069	29.527862548769708
105.998096	29.527862548805317
105.998096	29.527862548805317
105.998096	29.527862548805317
105.998096	29.527862548805317
106.034082	29.527862548822046
106.034082	29.527862548822046
106.058198	29.527862548825762
106.058198	29.527862548825762
106.070016	29.527857995767025
106.070016	29.527857995767025
106.094083	29.527850445977709
106.106016	29.527848575707893
106.118115	29.527847358817287
106.118115	29.527847358817287
106.118115	29.527847358817287
106.118115	29.527847358817287
106.118115	29.527847358817287
106.118115	29.527847358817287
106.118115	29.527847358817287
106.118115	29.527847358817287
106.118115	29.527847358817287
106.118115	29.527847358817287
106.118115	29.527847358817287
106.178111	29.527853821268003
106.238115	29.52786164070633
106.238115	29.52786164070633
106.238115	29.52786164070633
106.262016	29.527862183266183
106.274099	29.527862306832251
106.286017	29.527862396121964
106.29811	29.527862454292766
106.29811	29.527862454292766
106.29811	29.527862454292766
106.29811	29.527862454292766
106.334089	29.527862523632155
106.334089	29.527862523632155
106.334089	29.527862523632155
106.334089	29.527862523632155
106.334089	29.527862523632155
106.334089	29.527862523632155
106.334089	29.527862523632155
106.334089	29.527862523632155
106.334089	29.527862523632155
106.334089	29.527862523632155
106.358209	29.527862539039074
106.418111	29.52786254780424
106.454173	29.52786254855619
106.466027	29.527862548656042
106.478132	29.527862548721679
106.478132	29.527862548721679
106.478132	29.527862548721679
106.502015	29.527862548785233
106.514082	29.52786254879971
106.526017	29.527862548810209
106.53811	29.527862548817033
106.53811	29.527862548817033
106.53811	29.527862548817033
106.562036	29.527862548823666
106.562036	29.527862548823666
106.586087	29.527862548826263
106.598117	29.52786254882697
106.598117	29.52786254882697
106.598117	29.52786254882697
106.598117	29.52786254882697
106.598117	29.52786254882697
106.646016	29.52786254882793
106.646016	29.52786254882793
106.646016	29.52786254882793
106.658111	29.527862548828004
106.682017	29.527862548828079
106.682017	29.527862548828079
106.682017	29.527862548828079
106.718199	29.527862548828114
106.718199	29.527862548828114
106.730016	29.527862548828118
106.742016	29.527862548828121
106.742016	29.527862548828121
106.766017	29.527862548828121
106.778115	29.527862548828121
106.778115	29.527862548828121
106.778115	29.527862548828121
106.778115	29.527862548828121
106.814081	29.527862548828121
106.814081	29.527862548828121
106.838111	29.527862548828121
106.838111	29.527862548828121
106.838111	29.527862548828121
106.838111	29.527862548828121
106.874079	29.527862548828121
106.88602	29.527862548828121
106.898133	29.527862548828121
106.898133	29.527862548828121
106.898133	29.527862548828121
106.898133	29.527862548828121
106.898133	29.527862548828121
106.946035	29.527862548828121
106.958131	29.527862548828121
106.958131	29.527862548828121
106.958131	29.527862548828121
106.958131	29.527862548828121
106.958131	29.527862548828121
106.958131	29.527862548828121
106.958131	29.527862548828121
106.958131	29.527862548828121
107.018114	29.527862548828121
107.042017	29.527862548828121
107.042031	29.527862548828121
107.06603	29.527862548828121
107.078127	29.527862548828121
107.078127	29.527862548828121
107.090072	29.527862548828121
107.090072	29.527862548828121
107.090072	29.527862548828121
107.090072	29.527862548828121
107.138125	29.527862548828121
107.138125	29.527862548828121
107.138125	29.527862548828121
107.138125	29.527862548828121
107.174095	29.527866820351953
107.186031	29.527869469589756
107.198127	29.527871193862975
107.198127	29.527871193862975
107.198127	29.527871193862975
107.198127	29.527871193862975
107.198127	29.527871193862975
107.246109	29.527873523318839
107.25814	29.527873701805465
107.25814	29.527873701805465
107.25814	29.527873701805465
107.25814	29.527873701805465
107.25814	29.527873701805465
107.25814	29.527873701805465
107.25814	29.527873701805465
107.25814	29.527873701805465
107.25814	29.527873701805465
107.25814	29.527873701805465
107.318143	29.527863834076108
107.366031	29.527862765163313
107.378196	29.527862682226893
107.378196	29.527862682226893
107.39003	29.527862637763107
107.39003	29.527862637763107
107.39003	29.527862637763107
107.39003	29.527862637763107
107.438157	29.527862562739056
107.438157	29.527862562739056
107.45003	29.527862558083889
107.45003	29.527862558083889
107.474096	29.527862552543517
107.48603	29.527862551171385
107.498166	29.527862550275216
107.498166	29.527862550275216
107.498166	29.527862550275216
107.498166	29.527862550275216
107.498166	29.527862550275216
107.498166	29.527862550275216
107.558144	29.527862548978899
107.558144	29.527862548978899
107.558144	29.527862548978899
107.582031	29.527862548888884
107.582031	29.527862548888884
107.582031	29.527862548888884
107.618125	29.527862548843832
107.618125	29.527862548843832
107.618125	29.527862548843832
107.642102	29.527862548834435
107.642102	29.527862548834435
107.642102	29.527862548834435
107.678132	29.527862548829759
107.678132	29.527862548829759
107.678132	29.527862548829759
107.678132	29.527862548829759
107.714095	29.527862548828558
107.726031	29.527862548828399
107.738127	29.527862548828296
107.738127	29.527862548828296
107.738127	29.527862548828296
107.738127	29.527862548828296
107.738127	29.527862548828296
107.738127	29.527862548828296
107.798144	29.527862548828143
107.798144	29.527862548828143
107.810283	29.527862548828136
107.822031	29.527862548828132
107.822031	29.527862548828132
107.846031	29.527862548828129
107.858124	29.527862548828129
107.858124	29.527862548828129
107.858124	29.527862548828129
107.858124	29.527862548828129
107.894113	29.527862548828129
107.894113	29.527862548828129
107.918128	29.527862548828129
107.918128	29.527862548828129
107.918128	29.527862548828129
107.918128	29.527862548828129
107.918128	29.527862548828129
107.966031	29.527862548828129
107.978132	29.527862548828129
107.978132	29.527862548828129
107.978132	29.527862548828129
107.978132	29.527862548828129
107.978132	29.527862548828129
107.978132	29.527862548828129
107.978132	29.527862548828129
107.978132	29.527862548828129
108.038193	29.527862548828129
108.062047	29.527862548828129
108.062047	29.527862548828129
108.086046	29.527862548828129
108.098145	29.527862548828129
108.098145	29.527862548828129
108.098145	29.527862548828129
108.098145	29.527862548828129
108.134117	29.527862548828129
108.134117	29.527862548828129
108.134117	29.527862548828129
108.134117	29.527862548828129
108.158163	29.527862548828129
108.182046	29.527862548828129
108.182046	29.527862548828129
108.182046	29.527862548828129
108.218138	29.527862548828129
108.218138	29.527862548828129
108.230046	29.527862548828129
108.230046	29.527862548828129
108.254121	29.527862548828129
108.254121	29.527862548828129
108.278145	29.527862548828129
108.278145	29.527862548828129
108.278145	29.527862548828129
108.302116	29.527862548828129
108.302116	29.527862548828129
108.302116	29.527862548828129
108.338219	29.527862548828129
108.338219	29.527862548828129
108.338219	29.527862548828129
108.338219	29.527862548828129
108.374113	29.527862548828129
108.386047	29.527862548828129
108.398143	29.527862548828129
108.398143	29.527862548828129
108.398143	29.527862548828129
108.398143	29.527862548828129
108.434179	29.527862548828129
108.434179	29.527862548828129
108.458153	29.527862548828129
108.458153	29.527862548828129
108.47006	29.527862548828129
108.47006	29.527862548828129
108.494111	29.527862548828129
108.494111	29.527862548828129
108.518147	29.527862548828129
108.518147	29.527862548828129
108.518147	29.527862548828129
108.518147	29.527862548828129
108.518147	29.527862548828129
108.518147	29.527862548828129
108.578147	29.527845133769414
108.578147	29.527845133769414
108.578147	29.527845133769414
108.578147	29.527845133769414
108.614113	29.527831330776262
108.626047	29.527829476835983
108.638143	29.527828268739725
108.638143	29.527828268739725
108.638143	29.527828268739725
108.638143	29.527828268739725
108.674112	29.527840374644629
108.686046	29.527848561396894
108.698215	29.527853928058562
108.698215	29.527853928058562
108.710046	29.52785679922145
108.710046	29.52785679922145
108.710046	29.52785679922145
108.710046	29.52785679922145
108.758141	29.527861648239089
108.758141	29.527861648239089
108.758141	29.527861648239089
108.758141	29.527861648239089
108.758141	29.527861648239089
108.758141	29.527861648239089
108.818141	29.527862455100781
108.818141	29.527862455100781
108.818141	29.527862455100781
108.818141	29.527862455100781
108.818141	29.527862455100781
108.818141	29.527862455100781
108.878145	29.527862539075592
108.878145	29.527862539075592
108.878145	29.527862539075592
108.878145	29.527862539075592
108.878145	29.527862539075592
108.878145	29.527862539075592
108.938143	29.527862547813044
108.938143	29.527862547813044
108.938143	29.527862547813044
108.938143	29.527862547813044
108.938143	29.527862547813044
108.938143	29.527862547813044
108.998163	29.527856781944845
108.998163	29.527856781944845
108.998163	29.527856781944845
108.998163	29.527856781944845
109.03411	29.527855416738944
109.03411	29.527855416738944
109.058163	29.527855113271432
109.058178	29.527855113123085
109.058178	29.527855113123085
109.058178	29.527855113123085
109.094195	29.527860360691857
109.106061	29.52786116435017
109.118155	29.527861692519057
109.118155	29.527861692519057
109.118155	29.527861692519057
109.142061	29.527862203854873
109.142061	29.527862203854873
109.166062	29.527862404745367
109.17816	29.527862459731868
109.17816	29.527862459731868
109.17816	29.527862459731868
109.17816	29.527862459731868
109.17816	29.527862459731868
109.17816	29.527862459731868
109.238158	29.527862539554633
109.238158	29.527862539554633
109.25008	29.527862542668732
109.25008	29.527862542668732
109.274139	29.527862546355696
109.286061	29.527862547267478
109.298178	29.527862547863986
109.298178	29.527862547863986
109.298178	29.527862547863986
109.298178	29.527862547863986
109.334133	29.527862548570745
109.334133	29.527862548570745
109.358234	29.52786254872807
109.358234	29.52786254872807
109.370061	29.527862548761366
109.370061	29.527862548761366
109.394154	29.527862548801362
109.394154	29.527862548801362
109.418156	29.527862548817669
109.418156	29.527862548817669
109.418156	29.527862548817669
109.418156	29.527862548817669
109.418156	29.527862548817669
109.418156	29.527862548817669
109.478157	29.527862548827034
109.478157	29.527862548827034
109.478157	29.527862548827034
109.478157	29.527862548827034
109.478157	29.527862548827034
109.478157	29.527862548827034
109.53816	29.527862548828011
109.53816	29.527862548828011
109.550081	29.52786254882805
109.550081	29.52786254882805
109.550081	29.52786254882805
109.586062	29.527857932041005
109.598188	29.527856779674551
109.598188	29.527856779674551
109.598188	29.527856779674551
109.598188	29.527856779674551
109.598188	29.527856779674551
109.646061	29.527855232975718
109.646061	29.527855232975718
109.646061	29.527855232975718
109.646061	29.527855232975718
109.658163	29.527855113282417
109.694126	29.527860354288517
109.694126	29.527860354288517
109.718156	29.527861692563871
109.718156	29.527861692563871
109.718156	29.527861692563871
109.718156	29.527861692563871
109.718156	29.527861692563871
109.718156	29.527861692563871
109.778167	29.527862459763806
109.778167	29.527862459763806
109.790065	29.527862489612961
109.802061	29.52786251292564
109.802061	29.52786251292564
109.802061	29.52786251292564
109.838158	29.527862539554643
109.838158	29.527862539554643
109.838158	29.527862539554643
109.838158	29.527862539554643
109.838158	29.527862539554643
109.838158	29.527862539554643
109.898158	29.527862547863002
109.898158	29.527862547863002
109.898158	29.527862547863002
109.898158	29.527862547863002
109.934134	29.527862548570756
109.934134	29.527862548570756
109.958159	29.527862548727686
109.958159	29.527862548727686
109.958159	29.527862548727686
109.982061	29.527862548787656
109.994132	29.527862548801338
109.994132	29.527862548801338
110.018262	29.527862548817726
110.018262	29.527862548817726
110.018262	29.527862548817726
110.018262	29.527862548817726
110.018262	29.527862548817726
110.018262	29.527862548817726
110.078208	29.527862548827038
110.078208	29.527862548827038
110.078208	29.527862548827038
110.078208	29.527862548827038
110.078208	29.527862548827038
110.078208	29.527862548827038
110.138174	29.527862548828011
110.138174	29.527862548828011
110.138174	29.527862548828011
110.138174	29.527862548828011
110.138174	29.527862548828011
110.138174	29.527862548828011
110.198174	29.527862548828114
110.198174	29.527862548828114
110.210099	29.527862548828118
110.222079	29.527862548828121
110.222079	29.527862548828121
110.222079	29.527862548828121
110.258183	29.527862548828121
110.258183	29.527862548828121
110.270079	29.527862548828121
110.270079	29.527862548828121
110.294143	29.527862548828121
110.294143	29.527862548828121
110.318272	29.527862548828121
110.318272	29.527862548828121
110.318272	29.527862548828121
110.318272	29.527862548828121
110.318272	29.527862548828121
110.366079	29.527862548828121
110.378176	29.527862548828121
110.378176	29.527862548828121
110.39018	29.527862548828121
110.39018	29.527862548828121
110.39018	29.527862548828121
110.39018	29.527862548828121
110.438189	29.527862548828121
110.438189	29.527862548828121
110.438189	29.527862548828121
110.46208	29.527863179177153
110.474145	29.527866835504572
110.486079	29.527869476432109
110.498174	29.527871200562778
110.498174	29.527871200562778
110.498174	29.527871200562778
110.498174	29.527871200562778
110.498174	29.527871200562778
110.546152	29.527873523956767
110.558181	29.527873702413725
110.558181	29.527873702413725
110.558181	29.527873702413725
110.558181	29.527873702413725
110.558181	29.527873702413725
110.558181	29.527873702413725
110.618175	29.527863831979854
110.618175	29.527863831979854
110.618175	29.527863831979854
110.618175	29.527863831979854
110.618175	29.527863831979854
110.618175	29.527863831979854
110.678251	29.527862681851925
110.678251	29.527862681851925
110.678251	29.527862681851925
110.678251	29.527862681851925
110.678251	29.527862681851925
110.72608	29.527862571308091
110.738173	29.527862562727705
110.738173	29.527862562727705
110.738173	29.527862562727705
110.738173	29.527862562727705
110.738173	29.527862562727705
110.786083	29.52786255116747
110.798201	29.52786255027263
110.798201	29.52786255027263
110.798201	29.52786255027263
110.798201	29.52786255027263
110.798201	29.52786255027263
110.798201	29.52786255027263
110.858175	29.527862548978661
110.858175	29.527862548978661
110.858175	29.527862548978661
110.858175	29.527862548978661
110.858175	29.527862548978661
110.90608	29.527862548853467
110.918175	29.527862548843792
110.918175	29.527862548843792
110.918175	29.527862548843792
110.918175	29.527862548843792
110.95415	29.527862548832303
110.95415	29.527862548832303
110.978183	29.527862548829756
110.978183	29.527862548829756
110.978183	29.527862548829756
111.00208	29.527862548828779
111.014144	29.527862548828558
111.014144	29.527862548828558
111.038174	29.527862548828292
111.038174	29.527862548828292
111.038174	29.527862548828292
111.038174	29.527862548828292
111.038189	29.527862548828292
111.086094	29.527869478570373
111.098207	29.527871205266916
111.098207	29.527871205266916
111.098207	29.527871205266916
111.098207	29.527871205266916
111.098207	29.527871205266916
111.098207	29.527871205266916
111.158192	29.527873702576922
111.158192	29.527873702576922
111.158192	29.527873702576922
111.158192	29.527873702576922
111.158192	29.527873702576922
111.158192	29.527873702576922
111.21819	29.527863830997237
111.21819	29.527863830997237
111.21819	29.527863830997237
111.21819	29.527863830997237
111.21819	29.527863830997237
111.266094	29.527856608729021
111.278191	29.52784430617254
111.278191	29.52784430617254
111.290094	29.527837637763231
111.302094	29.527832427846036
111.302094	29.527832427846036
111.326094	29.527827753733632
111.338265	29.527826465532709
111.338265	29.527826465532709
111.338265	29.527826465532709
111.362114	29.527827372188444
111.362114	29.527827372188444
111.386095	29.527847850301637
111.398226	29.52785348088295
111.398226	29.52785348088295
111.398226	29.52785348088295
111.398226	29.52785348088295
111.434158	29.52786012473619
111.434158	29.52786012473619
111.458191	29.527861603405739
111.458191	29.527861603405739
111.458191	29.527861603405739
111.458191	29.527861603405739
111.458191	29.527861603405739
111.458191	29.527861603405739
111.518189	29.527862450424763
111.518189	29.527862450424763
111.518189	29.527862450424763
111.518189	29.527862450424763
111.554163	29.527862522577696
111.566095	29.52786253225926
111.578192	29.527862538588526
111.578192	29.527862538588526
111.578192	29.527862538588526
111.578192	29.527862538588526
111.578192	29.527862538588526
111.626094	29.527862547103691
111.626094	29.527862547103691
111.626094	29.527862547103691
111.626094	29.527862547103691
111.638298	29.527862547768226
111.67416	29.527862548543766
111.67416	29.527862548543766
111.698189	29.527862548717202
111.698189	29.527862548717202
111.698189	29.527862548717202
111.698189	29.527862548717202
111.698189	29.527862548717202
111.698189	29.527862548717202
111.758193	29.527862548816582
111.758193	29.527862548816582
111.758193	29.527862548816582
111.782095	29.527862548823471
111.794165	29.527862548825048
111.806095	29.527862548826182
111.818196	29.527862548826924
111.818196	29.527862548826924
111.818196	29.527862548826924
111.818196	29.527862548826924
111.818196	29.527862548826924
111.818196	29.527862548826924
111.878232	29.527862548828001
111.878232	29.527862548828001
111.878232	29.527862548828001
111.878232	29.527862548828001
111.914161	29.527862548828093
111.926144	29.527862548828104
111.938206	29.527862548828114
111.938206	29.527862548828114
111.938206	29.527862548828114
111.938206	29.527862548828114
111.938206	29.527862548828114
111.986094	29.527862548828121
111.998265	29.527862548828121
111.998265	29.527862548828121
112.010114	29.527862548828121
112.010114	29.527862548828121
112.010114	29.527862548828121
112.010114	29.527862548828121
112.058199	29.527862548828121
112.058199	29.527862548828121
112.070095	29.527862548828121
112.07011	29.527862548828121
112.07011	29.527862548828121
112.07011	29.527862548828121
112.118203	29.527862548828121
112.118203	29.527862548828121
112.118203	29.527862548828121
112.14213	29.527862548828121
112.14213	29.527862548828121
112.14213	29.527862548828121
112.178231	29.527862548828121
112.178231	29.527862548828121
112.178231	29.527862548828121
112.178231	29.527862548828121
112.214173	29.527862548828121
112.22611	29.527862548828121
112.238206	29.527862548828121
112.238206	29.527862548828121
112.238206	29.527862548828121
112.238206	29.527862548828121
112.238206	29.527862548828121
112.238206	29.527862548828121
112.298208	29.527862548828121
112.298208	29.527862548828121
112.310171	29.527862548828121
112.310171	29.527862548828121
112.310171	29.527862548828121
112.310171	29.527862548828121
112.358206	29.527862548828121
112.358206	29.527862548828121
112.370109	29.527862548828121
112.370109	29.527862548828121
112.370109	29.527862548828121
112.370109	29.527862548828121
112.418202	29.527862548828121
112.418202	29.527862548828121
112.418202	29.527862548828121
112.418202	29.527862548828121
112.418202	29.527862548828121
112.46611	28.983369046848736
112.478214	27.90471939999
112.478214	27.90471939999
112.478214	27.90471939999
112.478214	27.90471939999
112.478214	27.90471939999
112.478214	27.90471939999
112.538296	26.343174693291736
112.538296	26.343174693291736
112.538296	26.343174693291736
112.538296	26.343174693291736
112.538296	26.343174693291736
112.538296	26.343174693291736
112.598238	28.641706643592464
112.598238	28.641706643592464
112.598238	28.641706643592464
112.598238	28.641706643592464
112.598238	28.641706643592464
112.598238	28.641706643592464
112.658311	29.333454798070623
112.658311	29.333454798070623
112.658311	29.333454798070623
112.658311	29.333454798070623
112.694192	29.378667473034938
112.694192	29.378667473034938
112.718204	29.388363814804634
112.718204	29.388363814804634
112.718204	29.388363814804634
112.718204	29.388363814804634
112.718204	29.388363814804634
112.766109	29.662971458187272
112.778207	30.196969681614195
112.778207	30.196969681614195
112.778207	30.196969681614195
112.778207	30.196969681614195
112.778207	30.196969681614195
112.778207	30.196969681614195
112.83821	30.970328111023697
112.83821	30.970328111023697
112.83821	30.970328111023697
112.862109	30.940756210969482
112.862109	30.940756210969482
112.862109	30.940756210969482
112.898204	29.924620142683498
112.898204	29.924620142683498
112.898204	29.924620142683498
112.898204	29.924620142683498
112.898204	29.924620142683498
112.946109	29.630753623489646
112.958209	29.608000754639178
112.958209	29.608000754639178
112.958209	29.608000754639178
112.98211	29.596307653015668
112.98211	29.596307653015668
112.98211	29.596307653015668
113.018204	29.591373038087024
113.018204	29.591373038087024
113.018204	29.591373038087024
113.018204	29.591373038087024
113.054269	29.5901129448273
113.066109	29.59326751912792
113.078224	29.599744131363202
113.078239	29.599752150280533
113.078239	29.599752150280533
113.078239	29.599752150280533
113.114188	29.607400976554551
113.114188	29.607400976554551
113.138219	29.609102081336605
113.138219	29.609102081336605
113.138219	29.609102081336605
113.138219	29.609102081336605
113.138219	29.609102081336605
113.138219	29.609102081336605
113.198223	29.54391357688883
113.198223	29.54391357688883
113.210124	29.536828782592192
113.210124	29.536828782592192
113.210124	29.536828782592192
113.210124	29.536828782592192
113.258222	29.524946607905353
113.258222	29.524946607905353
113.258222	29.524946607905353
113.282124	29.523632353174385
113.282124	29.523632353174385
113.282124	29.523632353174385
113.318321	29.522971376812752
113.318321	29.522971376812752
113.318321	29.522971376812752
113.318321	29.522971376812752
113.318321	29.522971376812752
113.318321	29.522971376812752
113.378245	29.522767062437641
113.378245	29.522767062437641
113.378245	29.522767062437641
113.378245	29.522767062437641
113.378245	29.522767062437641
113.378245	29.522767062437641
113.438228	29.522737262882167
113.438228	29.522737262882167
113.45021	29.522736059850121
113.45021	29.522736059850121
113.45021	29.522736059850121
113.45021	29.522736059850121
113.498241	29.522741277857968
113.498241	29.522741277857968
113.498241	29.522741277857968
113.498241	29.522741277857968
113.534195	29.522742704967655
113.546125	29.522742896665299
113.558224	29.522743022265363
113.558224	29.522743022265363
113.558224	29.522743022265363
113.558224	29.522743022265363
113.558224	29.522743022265363
113.558224	29.522743022265363
113.558224	29.522743022265363
113.558224	29.522743022265363
113.558224	29.522743022265363
113.558224	29.522743022265363
113.558224	29.522743022265363
113.618222	29.522743203986057
113.678221	29.522743222900388
113.678221	29.522743222900388
113.678221	29.522743222900388
113.702124	29.522743224211041
113.702124	29.522743224211041
113.726124	29.522743224727421
113.738218	29.522743224868943
113.738218	29.522743224868943
113.738218	29.522743224868943
113.738218	29.522743224868943
113.738218	29.522743224868943
113.786125	29.522720111188324
113.79822	29.522714364100818
113.79822	29.522714364100818
113.79822	29.522714364100818
113.79822	29.522714364100818
113.834188	29.522707556585967
113.846217	29.522706638117143
113.858227	29.522706044201723
113.858227	29.522706044201723
113.858227	29.522706044201723
113.882167	29.522726700767688
113.894191	29.522732282573379
113.906125	29.522736316691727
113.918219	29.522738957532784
113.918219	29.522738957532784
113.918219	29.522738957532784
113.942124	29.522741503277334
113.942124	29.522741503277334
113.966124	29.522742506093781
113.978314	29.522742783116673
113.978314	29.522742783116673
113.990124	29.522742929652509
114.002124	29.522743045901997
114.002124	29.522743045901997
114.026124	29.522743150268493
114.03822	29.522743178876883
114.03822	29.522743178876883
114.050243	29.522743194482068
114.050243	29.522743194482068
114.050243	29.522743194482068
114.050243	29.522743194482068
114.098247	29.52274322029395
114.098247	29.52274322029395
114.110247	29.522743221911853
114.110247	29.522743221911853
114.110247	29.522743221911853
114.110247	29.522743221911853
114.158252	29.522743224597846
114.158252	29.522743224597846
114.158252	29.522743224597846
114.158252	29.522743224597846
114.158252	29.522743224597846
114.206139	29.522743225013347
114.218235	29.522743225045595
114.218235	29.522743225045595
114.218235	29.522743225045595
114.218235	29.522743225045595
114.218235	29.522743225045595
114.266138	29.522743535111506
114.278326	29.522744150715365
114.278326	29.522744150715365
114.278326	29.522744150715365
114.278326	29.522744150715365
114.278326	29.522744150715365
114.278326	29.522744150715365
114.338239	29.522745029816907
114.338239	29.522745029816907
114.338239	29.522745029816907
114.338239	29.522745029816907
114.338239	29.522745029816907
114.338239	29.522745029816907
114.398232	29.522745121761474
114.398232	29.522745121761474
114.398232	29.522745121761474
114.398232	29.522745121761474
114.434206	29.522745129594899
114.446139	29.522745130645756
114.458259	29.522745131335824
114.458259	29.522745131335824
114.458259	29.522745131335824
114.458259	29.522745131335824
114.494202	29.522743784561179
114.494202	29.522743784561179
114.518251	29.522743443031874
114.518251	29.522743443031874
114.530138	29.522743370233318
114.530138	29.522743370233318
114.530138	29.522743370233318
114.530138	29.522743370233318
114.578238	29.522743247793919
114.578238	29.522743247793919
114.578238	29.522743247793919
114.578238	29.522743247793919
114.578238	29.522743247793919
114.578238	29.522743247793919
114.638316	29.522743227450295
114.638316	29.522743227450295
114.638316	29.522743227450295
114.638316	29.522743227450295
114.638316	29.522743227450295
114.638316	29.522743227450295
114.698233	29.522744668701058
114.698233	29.522744668701058
114.698233	29.522744668701058
114.698233	29.522744668701058
114.734209	29.522745008698926
114.746138	29.522745054292589
114.758239	29.522745084197584
114.758239	29.522745084197584
114.770227	29.522745100437746
114.770227	29.522745100437746
114.770227	29.522745100437746
114.806141	29.522745124313342
114.806141	29.522745124313342
114.806141	29.522745124313342
114.806141	29.522745124313342
114.806141	29.522745124313342
114.806141	29.522745124313342
114.818233	29.522745127423342
114.878238	29.522745131923671
114.878238	29.522745131923671
114.878238	29.522745131923671
114.878238	29.522745131923671
114.878238	29.522745131923671
114.878238	29.522745131923671
114.938236	29.522745132391893
114.938236	29.522745132391893
114.938236	29.522745132391893
114.938236	29.522745132391893
114.938236	29.522745132391893
114.986139	29.522743976410968
114.998237	29.52274368898809
114.998237	29.52274368898809
114.998237	29.52274368898809
114.998237	29.52274368898809
114.998237	29.52274368898809
114.998237	29.52274368898809
114.998237	29.52274368898809
114.998237	29.52274368898809
115.058257	29.522743273326846
115.082139	29.522744305579693
115.082155	29.522744305951068
115.106154	29.522744787342535
115.106154	29.522744787342535
115.106154	29.522744787342535
115.106154	29.522744787342535
115.106154	29.522744787342535
115.106154	29.522744787342535
115.118254	29.522744919450126
115.178288	29.522745110317693
115.178288	29.522745110317693
115.178288	29.522745110317693
115.178288	29.522745110317693
115.214227	29.522745126529269
115.226155	29.522745128708497
115.23825	29.522745130138802
115.23825	29.522745130138802
115.250154	29.522745130910561
115.250154	29.522745130910561
115.250154	29.522745130910561
115.250154	29.522745130910561
115.298341	29.522743686283874
115.298341	29.522743686283874
115.298341	29.522743686283874
115.298341	29.522743686283874
115.334228	29.522743348746673
115.334228	29.522743348746673
115.358256	29.522743273304926
115.358256	29.522743273304926
115.358256	29.522743273304926
115.382155	29.522743244567625
115.382155	29.522743244567625
115.406154	29.522743233227359
115.418247	29.522743230117065
115.418247	29.522743230117065
115.418247	29.522743230117065
115.418247	29.522743230117065
115.454232	29.522743226436702
115.454232	29.522743226436702
115.478262	29.52276167343048
115.478262	29.52276167343048
115.478262	29.52276167343048
115.478262	29.52276167343048
115.478262	29.52276167343048
115.478262	29.52276167343048
115.538272	29.522779323017595
115.538272	29.522779323017595
115.538272	29.522779323017595
115.538272	29.522779323017595
115.574234	29.522766445954474
115.574234	29.522766445954474
115.598252	29.522752282421376
115.598252	29.522752282421376
115.610154	29.522749253736141
115.622155	29.522746882422968
115.634219	29.522745643311364
115.634219	29.522745643311364
115.658252	29.522744167723943
115.658252	29.522744167723943
115.670176	29.522743852018476
115.682154	29.522743605738551
115.682154	29.522743605738551
115.682154	29.522743605738551
115.718269	29.522743323114479
115.718269	29.522743323114479
115.718269	29.522743323114479
115.718269	29.522743323114479
115.718269	29.522743323114479
115.718269	29.522743323114479
115.778255	29.522743235305924
115.778255	29.522743235305924
115.778255	29.522743235305924
115.802175	29.522743229218047
115.802175	29.522743229218047
115.802175	29.522743229218047
115.83825	29.522743226160337
115.83825	29.522743226160337
115.83825	29.522743226160337
115.83825	29.522743226160337
115.874225	29.522743943868054
115.886154	29.522744381659336
115.898247	29.52274466889839
115.898247	29.52274466889839
115.898247	29.52274466889839
115.898247	29.52274466889839
115.898247	29.52274466889839
115.898247	29.52274466889839
115.958348	29.522745084452968
115.958348	29.522745084452968
115.958348	29.522745084452968
115.958348	29.522745084452968
115.958348	29.522745084452968
115.958348	29.522745084452968
116.01825	29.522755263151979
116.01825	29.522755263151979
116.01825	29.522755263151979
116.01825	29.522755263151979
116.01825	29.522755263151979
116.01825	29.522755263151979
116.078253	29.522750908254789
116.078253	29.522750908254789
116.090227	29.522748966909383
116.10217	29.522747463840741
116.10217	29.522747463840741
116.10217	29.522747463840741
116.138282	29.522745732660688
116.138282	29.522745732660688
116.138282	29.522745732660688
116.16217	29.52274537508239
116.174234	29.522745292841986
116.186171	29.522745233747379
116.198283	29.522745194909422
116.198283	29.522745194909422
116.210171	29.522745174062852
116.210171	29.522745174062852
116.210171	29.522745174062852
116.24617	29.522745142989368
116.25831	29.522745138938028
116.25831	29.522745138938028
116.25831	29.522745138938028
116.25831	29.522745138938028
116.294234	29.522743785835008
116.294234	29.522743785835008
116.318283	29.522743443466439
116.318283	29.522743443466439
116.33019	29.522743370487419
116.33019	29.522743370487419
116.33019	29.522743370487419
116.33019	29.522743370487419
116.378274	29.522744170831182
116.378274	29.522744170831182
116.378274	29.522744170831182
116.402188	29.522744744070376
116.414236	29.522744875600559
116.426171	29.522744970216475
116.438266	29.522745032326672
116.438266	29.522745032326672
116.438266	29.522745032326672
116.438266	29.522745032326672
116.438266	29.522745032326672
116.486255	29.522745115607378
116.498268	29.522745122027573
116.498268	29.522745122027573
116.498268	29.522745122027573
116.522174	29.522745128238029
116.522174	29.522745128238029
116.522174	29.522745128238029
116.558267	29.522745131361919
116.558267	29.522745131361919
116.558267	29.522745131361919
116.558267	29.522745131361919
116.594252	29.522745132156956
116.594252	29.522745132156956
116.618344	29.522745132333881
116.618344	29.522745132333881
116.63017	29.522745132371156
116.63017	29.522745132371156
116.63017	29.522745132371156
116.66617	29.522744820788354
116.678275	29.522744209387394
116.678275	29.522744209387394
116.678275	29.522744209387394
116.678275	29.522744209387394
116.714236	29.52274348801323
116.714236	29.52274348801323
116.738264	29.52274332759384
116.738264	29.52274332759384
116.738264	29.52274332759384
116.738264	29.52274332759384
116.738264	29.52274332759384
116.738264	29.52274332759384
116.798264	29.522772117645012
116.798264	29.522772117645012
116.798264	29.522772117645012
116.798264	29.522772117645012
116.798264	29.522772117645012
116.798264	29.522772117645012
116.85831	29.522780411203161
116.85831	29.522780411203161
116.85831	29.522780411203161
116.85831	29.522780411203161
116.85831	29.522780411203161
116.85831	29.522780411203161
116.918268	29.522739034634281
116.918268	29.522739034634281
116.918268	29.522739034634281
116.918268	29.522739034634281
116.954238	29.522735115775699
116.954238	29.522735115775699
116.978269	29.522739781195977
116.978269	29.522739781195977
116.978269	29.522739781195977
117.00217	29.52274297065107
117.014301	29.52274370745112
117.02617	29.52274422986363
117.038283	29.522744575923557
117.038283	29.522744575923557
117.038283	29.522744575923557
117.06217	29.522744797856998
117.06217	29.522744797856998
117.06217	29.522744797856998
117.09828	29.522743630044026
117.098296	29.522743629711467
117.098296	29.522743629711467
117.098296	29.522743629711467
117.098296	29.522743629711467
117.098296	29.522743629711467
117.158285	29.522743267230975
117.158285	29.522743267230975
117.170186	29.522743253156939
117.18219	29.522743242123063
117.18219	29.522743242123063
117.206187	29.522743232206196
117.218283	29.522743229483066
117.218283	29.522743229483066
117.218283	29.522743229483066
117.218283	29.522743229483066
117.218283	29.522743229483066
117.266186	29.522743225837488
117.27836	29.522743225552258
117.27836	29.522743225552258
117.27836	29.522743225552258
117.302186	29.522743225282081
117.302186	29.522743225282081
117.302186	29.522743225282081
117.338281	29.522743225145163
117.338281	29.522743225145163
117.338281	29.522743225145163
117.338281	29.522743225145163
117.338281	29.522743225145163
117.338281	29.522743225145163
117.398287	29.522743225102598
117.398287	29.522743225102598
117.398287	29.522743225102598
117.422186	29.522743225099653
117.422186	29.522743225099653
117.422186	29.522743225099653
117.458283	29.522743225098171
117.458283	29.522743225098171
117.458283	29.522743225098171
117.458283	29.522743225098171
117.494255	29.522743225097791
117.494255	29.522743225097791
117.51828	29.52274322509771
117.51828	29.52274322509771
117.51828	29.52274322509771
117.51828	29.52274322509771
117.51828	29.52274322509771
117.566186	29.522749474038523
117.566186	29.522749474038523
117.566186	29.522749474038523
117.578288	29.522761699173049
117.602187	29.522773420669772
117.614269	29.52277612107185
117.626186	29.522778052334353
117.638311	29.522779327063457
117.638311	29.522779327063457
117.650186	29.52278000834864
117.650186	29.52278000834864
117.650186	29.52278000834864
117.650186	29.52278000834864
117.698281	29.522781158911293
117.698281	29.522781158911293
117.698281	29.522781158911293
117.722186	29.522781285944138
117.722186	29.522781285944138
117.746207	29.522781336137275
117.758319	29.522781349929403
117.758319	29.522781349929403
117.758319	29.522781349929403
117.758319	29.522781349929403
117.758319	29.522781349929403
117.806257	29.522750263094157
117.818282	29.522747576857014
117.818282	29.522747576857014
117.818282	29.522747576857014
117.818282	29.522747576857014
117.818282	29.522747576857014
117.818282	29.522747576857014
117.878305	29.52274367746524
117.878305	29.52274367746524
117.878305	29.52274367746524
117.902187	29.522743408095536
117.902187	29.522743408095536
117.902187	29.522743408095536
117.938348	29.522743272073036
117.938348	29.522743272073036
117.938348	29.522743272073036
117.938348	29.522743272073036
117.974254	29.522743957634415
117.986186	29.522744390191882
117.998283	29.522744674548328
117.998283	29.522744674548328
117.998283	29.522744674548328
117.998283	29.522744674548328
117.998283	29.522744674548328
117.998283	29.522744674548328
118.058299	29.52274508483044
118.058299	29.52274508483044
118.058299	29.52274508483044
118.058299	29.52274508483044
118.058299	29.52274508483044
118.058299	29.52274508483044
118.118304	29.52274343760093
118.118304	29.52274343760093
118.130201	29.522743366678352
118.130201	29.522743366678352
118.130201	29.522743366678352
118.130201	29.522743366678352
118.178316	29.522743247199948
118.178316	29.522743247199948
118.190201	29.522743239832437
118.202271	29.522743234022712
118.214266	29.522743231006348
118.214266	29.522743231006348
118.238393	29.522743227388808
118.238393	29.522743227388808
118.238393	29.522743227388808
118.262201	29.522743226028346
118.262201	29.522743226028346
118.286202	29.522743225486177
118.298301	29.522743225337237
118.298301	29.522743225337237
118.298301	29.522743225337237
118.298301	29.522743225337237
118.33434	29.522743225161452
118.346201	29.522743225138093
118.358299	29.522743225122593
118.358299	29.522743225122593
118.358299	29.522743225122593
118.382201	29.522743225107735
118.382201	29.522743225107735
118.406221	29.522743225101863
118.418294	29.522743225100253
118.418294	29.522743225100253
118.430201	29.522743225099383
118.442201	29.522743225098704
118.454294	29.522743225098345
118.454294	29.522743225098345
118.478302	29.522743225097926
118.478302	29.522743225097926
118.490201	29.522743225097834
118.502204	29.522743225097763
118.514265	29.522743225097727
118.526201	29.522743225097702
118.538337	29.522743225097685
118.538337	29.522743225097685
118.538337	29.522743225097685
118.538337	29.522743225097685
118.538337	29.522743225097685
118.538337	29.522743225097685
118.598365	29.522753350552769
118.598365	29.522753350552769
118.598365	29.522753350552769
118.598365	29.522753350552769
118.598365	29.522753350552769
118.598365	29.522753350552769
118.658306	29.522756239777713
118.658306	29.522756239777713
118.658306	29.522756239777713
118.658306	29.522756239777713
118.658306	29.522756239777713
118.706202	29.522745637154795
118.718315	29.522744711408389
118.718315	29.522744711408389
118.718315	29.522744711408389
118.718315	29.522744711408389
118.754271	29.522743622333781
118.754271	29.522743622333781
118.754271	29.522743622333781
118.754271	29.522743622333781
118.754271	29.522743622333781
118.754271	29.522743622333781
118.754271	29.522743622333781
118.778298	29.522743379918253
118.838294	29.522743241213668
118.838294	29.522743241213668
118.838294	29.522743241213668
118.838294	29.522743241213668
118.838294	29.522743241213668
118.838294	29.522743241213668
118.898299	29.52274322677447
118.898299	29.52274322677447
118.910201	29.522743226214548
118.910201	29.522743226214548
118.910201	29.522743226214548
118.946201	29.522743225380641
118.958301	29.522743225272151
118.958301	29.522743225272151
118.958301	29.522743225272151
118.958301	29.522743225272151
118.958301	29.522743225272151
118.958301	29.522743225272151
119.018299	29.522744914951033
119.018299	29.522744914951033
119.018299	29.522744914951033
119.018299	29.522744914951033
119.054276	29.522745074377962
119.066233	29.522744780957652
119.0783	29.522744185502109
119.0783	29.522744185502109
119.0783	29.522744185502109
119.102201	29.522743613360849
119.114305	29.522743481209364
119.126296	29.522743386697723
119.138315	29.52274332497316
119.138315	29.52274332497316
119.138315	29.52274332497316
119.138315	29.52274332497316
119.174283	29.522743251777062
119.174283	29.522743251777062
119.198331	29.522743235483485
119.198331	29.522743235483485
119.198331	29.522743235483485
119.222219	29.522743229300911
119.222219	29.522743229300911
119.222219	29.522743229300911
119.258432	29.522743226172928
119.258432	29.522743226172928
119.270219	29.522743225818331
119.282219	29.522743225535105
119.282219	29.522743225535105
119.30622	29.522743225280262
119.318332	29.522743225210146
119.318332	29.522743225210146
119.318332	29.522743225210146
119.318332	29.522743225210146
119.354287	29.522743225127726
119.354287	29.522743225127726
119.378319	29.522724719718568
119.378319	29.522724719718568
119.378319	29.522724719718568
119.378319	29.522724719718568
119.378319	29.522724719718568
119.378319	29.522724719718568
119.438313	29.52270712292281
119.438313	29.52270712292281
119.450242	29.522706439078178
119.462239	29.522708166226259
119.462239	29.522708166226259
119.486219	29.522728581796446
119.498313	29.522734196097261
119.498313	29.522734196097261
119.498313	29.522734196097261
119.498313	29.522734196097261
119.498313	29.522734196097261
119.498313	29.522734196097261
119.558374	29.522742288366175
119.558374	29.522742288366175
119.558374	29.522742288366175
119.558374	29.522742288366175
119.558374	29.522742288366175
119.558374	29.522742288366175
119.618313	29.522753267252128
119.618313	29.522753267252128
119.618313	29.522753267252128
119.618313	29.522753267252128
119.618313	29.522753267252128
119.618313	29.522753267252128
119.678338	29.522748966097403
119.678338	29.522748966097403
119.690242	29.522747051044451
119.702219	29.522745549377785
119.714285	29.522744760356751
119.714285	29.522744760356751
119.738314	29.522743823321115
119.738314	29.522743823321115
119.738314	29.522743823321115
119.738314	29.522743823321115
119.738314	29.522743823321115
119.786291	29.522743325844701
119.798336	29.522743287286364
119.798336	29.522743287286364
119.798336	29.522743287286364
119.798336	29.522743287286364
119.798336	29.522743287286364
119.798336	29.522743287286364
119.858319	29.522743231575507
119.858319	29.522743231575507
119.858319	29.522743231575507
119.858319	29.522743231575507
119.858319	29.522743231575507
119.858319	29.522743231575507
119.918413	29.522709403584624
119.918413	29.522709403584624
119.918413	29.522709403584624
119.918413	29.522709403584624
119.918413	29.522709403584624
119.966219	29.522712094256036
119.978314	29.522724030933329
119.978314	29.522724030933329
119.978314	29.522724030933329
119.978314	29.522724030933329
119.978314	29.522724030933329
119.978314	29.522724030933329
120.038335	29.522741229653047
120.038335	29.522741229653047
120.038335	29.522741229653047
120.062226	29.522742417513086
120.062226	29.522742417513086
120.062226	29.522742417513086
120.062226	29.522742417513086
120.062242	29.522742417876692
120.062242	29.522742417876692
120.098312	29.522743017179131
120.134307	29.522743169622405
120.134307	29.522743169622405
120.158332	29.52274320348112
120.158332	29.52274320348112
120.158332	29.52274320348112
120.158332	29.52274320348112
120.194311	29.522744569503093
120.194311	29.522744569503093
120.21839	29.522744913706831
120.21839	29.522744913706831
120.21839	29.522744913706831
120.21839	29.522744913706831
120.21839	29.522744913706831
120.21839	29.522744913706831
120.21839	29.522744913706831
120.21839	29.522744913706831
120.21839	29.522744913706831
120.278333	29.522744183637691
120.314367	29.522743480469572
120.314367	29.522743480469572
120.338362	29.52274332470726
120.338362	29.52274332470726
120.338362	29.52274332470726
120.362235	29.522743265456945
120.362235	29.522743265456945
120.386235	29.522743241944376
120.398328	29.52274323548253
120.398328	29.52274323548253
120.398328	29.52274323548253
120.398328	29.52274323548253
120.398328	29.52274323548253
120.44631	29.522743226846782
120.458335	29.522743226178054
120.458335	29.522743226178054
120.458335	29.522743226178054
120.458335	29.522743226178054
120.458335	29.522743226178054
120.506235	29.522752555377711
120.518346	29.522753367372744
120.518346	29.522753367372744
120.518346	29.522753367372744
120.542235	29.522754142160903
120.542235	29.522754142160903
120.542235	29.522754142160903
120.578403	29.522748957029073
120.578403	29.522748957029073
120.578403	29.522748957029073
120.578403	29.522748957029073
120.578403	29.522748957029073
120.626236	29.522744196546924
120.638334	29.522743823765261
120.638334	29.522743823765261
120.638334	29.522743823765261
120.638334	29.522743823765261
120.638334	29.522743823765261
120.638334	29.522743823765261
120.69833	29.522744733077893
120.69833	29.522744733077893
120.69833	29.522744733077893
120.69833	29.522744733077893
120.69833	29.522744733077893
120.69833	29.522744733077893
120.758331	29.522745090884808
120.758331	29.522745090884808
120.758331	29.522745090884808
120.758331	29.522745090884808
120.758331	29.522745090884808
120.806235	29.522735795330732
120.818328	29.522734987164402
120.818328	29.522734987164402
120.818328	29.522734987164402
120.818328	29.522734987164402
120.818328	29.522734987164402
120.818328	29.522734987164402
120.878435	29.522720786982077
120.878435	29.522720786982077
120.878435	29.522720786982077
120.878435	29.522720786982077
120.878435	29.522720786982077
120.926235	29.522709328503989
120.938337	29.522708429126265
120.938337	29.522708429126265
120.938337	29.522708429126265
120.938337	29.522708429126265
120.938337	29.522708429126265
120.938337	29.522708429126265
120.998331	29.522734603796223
120.998331	29.522734603796223
120.998331	29.522734603796223
121.022235	29.52273973753713
121.022235	29.52273973753713
121.022235	29.52273973753713
121.058343	29.522742328403773
121.058343	29.522742328403773
121.070235	29.522742627212377
121.070235	29.522742627212377
121.094296	29.52274298535427
121.094296	29.52274298535427
121.118353	29.522743131823749
121.118369	29.522743131900636
121.118369	29.522743131900636
121.118369	29.522743131900636
121.154318	29.522743200170144
121.166251	29.522743209337794
121.178367	29.522743215397327
121.178367	29.522743215397327
121.178367	29.522743215397327
121.178367	29.522743215397327
121.178367	29.522743215397327
121.178367	29.522743215397327
121.238414	29.522743224090558
121.238414	29.522743224090558
121.250251	29.522743224424083
121.250251	29.522743224424083
121.250251	29.522743224424083
121.286251	29.522743224926955
121.298362	29.52274322499256
121.298362	29.52274322499256
121.298362	29.52274322499256
121.322251	29.522743225055095
121.322251	29.522743225055095
121.346251	29.522743225079893
121.358347	29.52274322508671
121.358347	29.52274322508671
121.358347	29.52274322508671
121.358347	29.52274322508671
121.394323	29.522751327873024
121.394323	29.522751327873024
121.41835	29.522753367527436
121.41835	29.522753367527436
121.430251	29.522753801476743
121.430251	29.522753801476743
121.430251	29.522753801476743
121.430251	29.522753801476743
121.478352	29.522749899053402
121.478352	29.522749899053402
121.478352	29.522749899053402
121.478352	29.522749899053402
121.478352	29.522749899053402
121.478352	29.522749899053402
121.538349	29.522745628599868
121.538349	29.522745628599868
121.550251	29.522745463174683
121.550251	29.522745463174683
121.574316	29.522759003605955
121.574316	29.522759003605955
121.598345	29.522772658443355
121.598345	29.522772658443355
121.598345	29.522772658443355
121.598345	29.522772658443355
121.598345	29.522772658443355
121.598345	29.522772658443355
121.658369	29.52278046633457
121.658369	29.52278046633457
121.670254	29.522770409432344
121.670254	29.522770409432344
121.670254	29.522770409432344
121.670254	29.522770409432344
121.718344	29.522747470923807
121.718344	29.522747470923807
121.718344	29.522747470923807
121.718344	29.522747470923807
121.718344	29.522747470923807
121.718344	29.522747470923807
121.778349	29.522762202557402
121.778349	29.522762202557402
121.778349	29.522762202557402
121.802331	29.522773631242949
121.814318	29.522776250060968
121.814318	29.522776250060968
121.838353	29.522779377445381
121.838353	29.522779377445381
121.838353	29.522779377445381
121.838353	29.522779377445381
121.838353	29.522779377445381
121.838353	29.522779377445381
121.898422	29.522752208264851
121.898422	29.522752208264851
121.898422	29.522752208264851
121.898422	29.522752208264851
121.898422	29.522752208264851
121.898422	29.522752208264851
121.958357	29.522744163148246
121.958357	29.522744163148246
121.970303	29.522743849463271
121.982251	29.522743604902971
121.982251	29.522743604902971
122.006251	29.522743383626405
122.018346	29.522743322779089
122.018346	29.522743322779089
122.018346	29.522743322779089
122.042251	29.52274326462528
122.042251	29.52274326462528
122.042251	29.52274326462528
122.042251	29.52274326462528
122.042251	29.52274326462528
122.042251	29.52274326462528
122.042251	29.52274326462528
122.042251	29.52274326462528
122.078348	29.522743235262649
122.138434	29.522743226150876
122.138434	29.522743226150876
122.138434	29.522743226150876
122.138434	29.522743226150876
122.138434	29.522743226150876
122.186287	29.522743225276152
122.19837	29.522743225207631
122.19837	29.522743225207631
122.19837	29.522743225207631
122.19837	29.522743225207631
122.234331	29.522743225127055
122.246267	29.522743225116244
122.258382	29.522743225109092
122.258382	29.522743225109092
122.258382	29.522743225109092
122.258382	29.522743225109092
122.258382	29.522743225109092
122.306267	29.522743225099589
122.318403	29.522743225098846
122.318403	29.522743225098846
122.318403	29.522743225098846
122.318403	29.522743225098846
122.318403	29.522743225098846
122.318403	29.522743225098846
122.318403	29.522743225098846
122.318403	29.522743225098846
122.318403	29.522743225098846
122.318403	29.522743225098846
122.318403	29.522743225098846
122.378364	29.522743225097781
122.438364	29.522743225097667
122.438364	29.522743225097667
122.438364	29.522743225097667
122.438364	29.522743225097667
122.47434	29.52274322509766
122.486268	29.52274322509766
122.498359	29.52274322509766
122.498359	29.52274322509766
122.498359	29.52274322509766
122.498359	29.52274322509766
122.498359	29.52274322509766
122.498359	29.52274322509766
122.558441	29.52274322509766
122.558441	29.52274322509766
122.558441	29.52274322509766
122.558441	29.52274322509766
122.594344	29.52274322509766
122.594344	29.52274322509766
122.618382	29.52274322509766
122.618382	29.52274322509766
122.618382	29.52274322509766
122.618382	29.52274322509766
122.618382	29.52274322509766
122.618382	29.52274322509766
122.678364	29.52274322509766
122.678364	29.52274322509766
122.678364	29.52274322509766
122.678364	29.52274322509766
122.678364	29.52274322509766
122.678364	29.52274322509766
122.738367	29.52274322509766
122.738367	29.52274322509766
122.750267	29.52274322509766
122.750267	29.52274322509766
122.750267	29.52274322509766
122.750267	29.52274322509766
122.798364	29.522728760399364
122.798364	29.522728760399364
122.798364	29.522728760399364
122.798364	29.522728760399364
122.798364	29.522728760399364
122.798364	29.522728760399364
122.858368	29.522724631164571
122.858368	29.522724631164571
122.870379	29.522730236630558
122.870379	29.522730236630558
122.870379	29.522730236630558
122.870379	29.522730236630558
122.91836	29.522742797226602
122.91836	29.522742797226602
122.91836	29.522742797226602
122.91836	29.522742797226602
122.91836	29.522742797226602
122.966267	29.522744421399789
122.978379	29.522743961350013
122.978379	29.522743961350013
122.978379	29.522743961350013
122.978379	29.522743961350013
122.978379	29.522743961350013
122.978379	29.522743961350013
123.038363	29.522743301785177
123.038363	29.522743301785177
123.038363	29.522743301785177
123.038363	29.522743301785177
123.038363	29.522743301785177
123.038363	29.522743301785177
123.098364	29.522743233078373
123.098364	29.522743233078373
123.098364	29.522743233078373
123.098364	29.522743233078373
123.134377	29.52274322722635
123.146284	29.522743226445456
123.158382	29.522743225927467
123.158382	29.522743225927467
123.158382	29.522743225927467
123.158382	29.522743225927467
123.194359	29.522744576637709
123.206284	29.52274478080178
123.218467	29.522744916896304
123.218467	29.522744916896304
123.230284	29.522744988058694
123.230284	29.522744988058694
123.230284	29.522744988058694
123.266284	29.522745095849455
123.278383	29.522745109915615
123.278383	29.522745109915615
123.278383	29.522745109915615
123.278383	29.522745109915615
123.314348	29.522745126423349
123.326284	29.522745128637535
123.338379	29.522745130100965
123.338379	29.522745130100965
123.338379	29.522745130100965
123.338379	29.522745130100965
123.338379	29.522745130100965
123.338379	29.522745130100965
123.398377	29.522729217636641
123.398377	29.522729217636641
123.398377	29.522729217636641
123.422284	29.522726202991681
123.434366	29.522725504410715
123.446285	29.522725007718453
123.45838	29.522724678768107
123.45838	29.522724678768107
123.45838	29.522724678768107
123.45838	29.522724678768107
123.45838	29.522724678768107
123.45838	29.522724678768107
123.45838	29.522724678768107
123.45838	29.522724678768107
123.45838	29.522724678768107
123.45838	29.522724678768107
123.45838	29.522724678768107
123.518422	29.522741118453187
123.578379	29.522743005364607
123.578379	29.522743005364607
123.578379	29.522743005364607
123.602284	29.522743136112197
123.614439	29.52274316659857
123.626283	29.522743187958799
123.638383	29.522743202234015
123.638383	29.522743202234015
123.650288	29.522743209850894
123.662284	29.522743215836638
123.674356	29.522743218987792
123.674356	29.522743218987792
123.698402	29.522743222720493
123.698402	29.522743222720493
123.698402	29.522743222720493
123.698402	29.522743222720493
123.734356	29.522743224461784
123.734356	29.522743224461784
123.758387	29.522743224850064
123.758387	29.522743224850064
123.758387	29.522743224850064
123.758387	29.522743224850064
123.758387	29.522743224850064
123.758387	29.522743224850064
123.818398	29.522743225071903
123.818398	29.522743225071903
123.818398	29.522743225071903
123.842284	29.522743225087218
123.842284	29.522743225087218
123.866284	29.522743225093301
123.878481	29.522743225094988
123.878481	29.522743225094988
123.890284	29.522743225095866
123.890284	29.522743225095866
123.890284	29.522743225095866
123.926303	29.522743225097202
123.93838	29.522743225097372
123.93838	29.522743225097372
123.93838	29.522743225097372
123.93838	29.522743225097372
123.93838	29.522743225097372
123.986284	29.52274322509761
123.998381	29.522743225097624
123.998381	29.522743225097624
123.998381	29.522743225097624
124.022284	29.522743225097646
124.034348	29.522743225097649
124.034348	29.522743225097649
124.034348	29.522743225097649
124.034348	29.522743225097649
124.034348	29.522743225097649
124.034348	29.522743225097649
124.034348	29.522743225097649
124.058388	29.522743225097653
124.11838	29.522709410289416
124.11838	29.522709410289416
124.142394	29.522706827175632
124.142394	29.522706827175632
124.154375	29.522706234692794
124.154375	29.522706234692794
124.178421	29.522724136462912
124.178421	29.522724136462912
124.178421	29.522724136462912
124.178421	29.522724136462912
124.178421	29.522724136462912
124.226307	29.522739994232531
124.238406	29.522741236938259
124.238406	29.522741236938259
124.238406	29.522741236938259
124.238406	29.522741236938259
124.238406	29.522741236938259
124.238406	29.522741236938259
124.238406	29.522741236938259
124.238406	29.522741236938259
124.238406	29.522741236938259
124.238406	29.522741236938259
124.238406	29.522741236938259
124.298399	29.522758938423376
124.358421	29.522763658347973
124.358421	29.522763658347973
124.358421	29.522763658347973
124.358421	29.522763658347973
124.358421	29.522763658347973
124.358421	29.522763658347973
124.358421	29.522763658347973
124.358421	29.522763658347973
124.358421	29.522763658347973
124.358421	29.522763658347973
124.418402	29.522745548038692
124.466307	29.522743617883417
124.478407	29.522743466791546
124.478407	29.522743466791546
124.490307	29.522743386360958
124.490307	29.522743386360958
124.490307	29.522743386360958
124.490307	29.522743386360958
124.538469	29.522743250170986
124.538469	29.522743250170986
124.538469	29.522743250170986
124.538469	29.522743250170986
124.574373	29.522743231822997
124.586305	29.522743229352297
124.598402	29.522743227716187
124.598402	29.522743227716187
124.610307	29.522743226844344
124.610307	29.522743226844344
124.610307	29.522743226844344
124.610307	29.522743226844344
124.658422	29.52274322536989
124.658422	29.52274322536989
124.658422	29.52274322536989
124.658422	29.52274322536989
124.658422	29.52274322536989
124.658422	29.52274322536989
124.658422	29.52274322536989
124.658422	29.52274322536989
124.658422	29.52274322536989
124.718399	29.522743225126021
124.754376	29.522743225105238
124.766307	29.522743225102452
124.778402	29.522743225100612
124.778402	29.522743225100612
124.778402	29.522743225100612
124.778402	29.522743225100612
124.814372	29.522743225098445
124.826306	29.522743225098157
124.826306	29.522743225098157
124.826306	29.522743225098157
124.838477	29.522743225097965
124.862306	29.522743225097784
124.862306	29.522743225097784
124.886306	29.52274322509771
124.886306	29.52274322509771
124.886306	29.52274322509771
124.886306	29.52274322509771
124.886306	29.52274322509771
124.886306	29.52274322509771
124.898401	29.522743225097688
124.958404	29.52274322509766
124.958404	29.52274322509766
124.97031	29.52274322509766
124.97031	29.52274322509766
124.994378	29.52274322509766
125.006307	29.52274322509766
125.0184	29.52274322509766
125.0184	29.52274322509766
125.0184	29.52274322509766
125.0184	29.52274322509766
125.0184	29.52274322509766
125.066378	29.52274322509766
125.078418	29.52274322509766
125.078418	29.52274322509766
125.078418	29.52274322509766
125.078418	29.52274322509766
125.078418	29.52274322509766
125.126306	29.52274322509766
125.1384	29.52274322509766
125.150324	29.52274322509766
125.150324	29.52274322509766
125.150324	29.52274322509766
125.150324	29.52274322509766
125.150324	29.52274322509766
125.198506	29.52274322509766
125.198506	29.52274322509766
125.210324	29.52274322509766
125.210324	29.52274322509766
125.210324	29.52274322509766
125.246325	29.52274322509766
125.258431	29.52274322509766
125.258431	29.52274322509766
125.258431	29.52274322509766
125.258431	29.52274322509766
125.258431	29.52274322509766
125.306324	29.52274322509766
125.318469	29.52274322509766
125.318469	29.52274322509766
125.318469	29.52274322509766
125.318469	29.52274322509766
125.318469	29.52274322509766
125.318469	29.52274322509766
125.318469	29.52274322509766
125.37844	29.522744156478755
125.390325	29.522744480575529
125.390325	29.522744480575529
125.390325	29.522744480575529
125.390325	29.522744480575529
125.438505	29.522745031215731
125.438505	29.522745031215731
125.438505	29.522745031215731
125.462395	29.522745091311748
125.462395	29.522745091311748
125.462395	29.522745091311748
125.498427	29.522745121868212
125.498427	29.522745121868212
125.498427	29.522745121868212
125.498427	29.522745121868212
125.498427	29.522745121868212
125.498427	29.522745121868212
125.558424	29.522745131345221
125.558424	29.522745131345221
125.558424	29.522745131345221
125.558424	29.522745131345221
125.558424	29.522745131345221
125.558424	29.522745131345221
125.618419	29.52274344115542
125.618419	29.52274344115542
125.618419	29.52274344115542
125.642325	29.522743312674336
125.6544	29.522743282833602
125.6544	29.522743282833602
125.678421	29.522743247581193
125.678421	29.522743247581193
125.690324	29.522743240100713
125.690324	29.522743240100713
125.690324	29.522743240100713
125.726399	29.522743228891997
125.738422	29.522743227437473
125.738422	29.522743227437473
125.738422	29.522743227437473
125.738422	29.522743227437473
125.738422	29.522743227437473
125.738422	29.522743227437473
125.798418	29.52274322534122
125.798418	29.52274322534122
125.798418	29.52274322534122
125.822323	29.522743225196383
125.822323	29.522743225196383
125.822323	29.522743225196383
125.858492	29.522743225122905
125.858492	29.522743225122905
125.858492	29.522743225122905
125.858492	29.522743225122905
125.858492	29.522743225122905
125.858492	29.522743225122905
125.918421	29.522744916298894
125.918421	29.522744916298894
125.918421	29.522744916298894
125.918421	29.522744916298894
125.918421	29.522744916298894
125.966323	29.522744776513925
125.978437	29.522744178740137
125.978437	29.522744178740137
125.990394	29.522743860356567
125.990394	29.522743860356567
125.990394	29.522743860356567
125.990394	29.522743860356567
126.038427	29.522743324397805
126.038427	29.522743324397805
126.050324	29.522743291380294
126.062324	29.52274326536569
126.062324	29.52274326536569
126.086324	29.522743241900926
126.098418	29.52274323543697
126.098418	29.52274323543697
126.098418	29.52274323543697
126.122394	29.522743229280206
126.122394	29.522743229280206
126.122394	29.522743229280206
126.158508	29.522743226168693
126.158508	29.522743226168693
126.158508	29.522743226168693
126.158508	29.522743226168693
126.158508	29.522743226168693
126.158508	29.522743226168693
126.218437	29.522743225209538
126.218437	29.522743225209538
126.218437	29.522743225209538
126.218437	29.522743225209538
126.254492	29.522743225127464
126.26634	29.522743225116589
126.278454	29.522743225109288
126.278454	29.522743225109288
126.278454	29.522743225109288
126.278454	29.522743225109288
126.278454	29.522743225109288
126.278454	29.522743225109288
126.338435	29.522743225098868
126.338435	29.522743225098868
126.338435	29.522743225098868
126.338435	29.522743225098868
126.338435	29.522743225098868
126.338435	29.522743225098868
126.398438	29.522743225097781
126.398438	29.522743225097781
126.41034	29.522743225097738
126.422435	29.522743225097706
126.434407	29.522743225097688
126.434407	29.522743225097688
126.458464	29.522743225097667
126.458464	29.522743225097667
126.458464	29.522743225097667
126.458464	29.522743225097667
126.494404	29.52274322509766
126.50634	29.52274322509766
126.518518	29.52274322509766
126.518518	29.52274322509766
126.518518	29.52274322509766
126.518518	29.52274322509766
126.518518	29.52274322509766
126.56634	29.52274322509766
126.56634	29.52274322509766
126.578459	29.52274322509766
126.590539	29.52274322509766
126.590539	29.52274322509766
126.590539	29.52274322509766
126.590539	29.52274322509766
126.638438	29.52274322509766
126.638438	29.52274322509766
126.638438	29.52274322509766
126.638438	29.52274322509766
126.638438	29.52274322509766
126.638438	29.52274322509766
126.698444	29.522744673468139
126.698444	29.522744673468139
126.698444	29.522744673468139
126.698444	29.522744673468139
126.698444	29.522744673468139
126.698444	29.522744673468139
126.758444	29.522745084678885
126.758444	29.522745084678885
126.758444	29.522745084678885
126.758444	29.522745084678885
126.758444	29.522745084678885
126.758444	29.522745084678885
126.818438	29.522743436084852
126.818438	29.522743436084852
126.818438	29.522743436084852
126.818438	29.522743436084852
126.818438	29.522743436084852
126.86634	29.522743260802411
126.878464	29.522743247026263
126.878464	29.522743247026263
126.878464	29.522743247026263
126.878464	29.522743247026263
126.878464	29.522743247026263
126.878464	29.522743247026263
126.938435	29.52274322738327
126.938435	29.52274322738327
126.938435	29.52274322738327
126.938435	29.52274322738327
126.974405	29.522743225708801
126.974405	29.522743225708801
126.99844	29.522743225335468
126.99844	29.522743225335468
126.99844	29.522743225335468
126.99844	29.522743225335468
126.99844	29.522743225335468
126.99844	29.522743225335468
127.05844	29.522743225122404
127.05844	29.522743225122404
127.07034	29.522743225114176
127.082428	29.522743225107668
127.094407	29.522743225104275
127.094407	29.522743225104275
127.118434	29.522743225100236
127.118434	29.522743225100236
127.118434	29.522743225100236
127.118434	29.522743225100236
127.154409	29.522743225098342
127.166355	29.522743546081109
127.178527	29.52274416087328
127.178527	29.52274416087328
127.178527	29.52274416087328
127.202354	29.522744736742649
127.202354	29.522744736742649
127.202354	29.522744736742649
127.238464	29.522745031000238
127.238464	29.522745031000238
127.238464	29.522745031000238
127.238464	29.522745031000238
127.238464	29.522745031000238
127.238464	29.522745031000238
127.29845	29.522745121880796
127.29845	29.522745121880796
127.29845	29.522745121880796
127.29845	29.522745121880796
127.29845	29.522745121880796
127.346359	29.52274513065829
127.35846	29.522745131347271
127.35846	29.522745131347271
127.35846	29.522745131347271
127.35846	29.522745131347271
127.35846	29.522745131347271
127.35846	29.522745131347271
127.418469	29.522743440596951
127.418469	29.522743440596951
127.418469	29.522743440596951
127.418469	29.522743440596951
127.418469	29.522743440596951
127.418469	29.522743440596951
127.418469	29.522743440596951
127.418469	29.522743440596951
127.418469	29.522743440596951
127.418469	29.522743440596951
127.418469	29.522743440596951
127.478455	29.522725536905835
127.53845	29.522708916683854
127.53845	29.522708916683854
127.53845	29.522708916683854
127.53845	29.522708916683854
127.53845	29.522708916683854
127.586393	29.522730553152904
127.59845	29.522736156721848
127.59845	29.522736156721848
127.59845	29.522736156721848
127.59845	29.522736156721848
127.59845	29.522736156721848
127.646355	29.522743613291947
127.658474	29.52274419947317
127.658474	29.52274419947317
127.670356	29.522743985830868
127.670356	29.522743985830868
127.670356	29.522743985830868
127.706427	29.522743417543278
127.718451	29.522743343698984
127.718451	29.522743343698984
127.718451	29.522743343698984
127.718451	29.522743343698984
127.754441	29.522743256787653
127.754441	29.522743256787653
127.778479	29.522743237423001
127.778479	29.522743237423001
127.778479	29.522743237423001
127.802356	29.522743230104762
127.802356	29.522743230104762
127.802356	29.522743230104762
127.838526	29.522743226377269
127.838526	29.522743226377269
127.838526	29.522743226377269
127.862356	29.522743225618765
127.862356	29.522743225618765
127.886357	29.522743225315075
127.898455	29.522743225231324
127.898455	29.522743225231324
127.898455	29.522743225231324
127.898455	29.522743225231324
127.934427	29.5227432251334
127.934427	29.5227432251334
127.958454	29.522743225111569
127.958454	29.522743225111569
127.958454	29.522743225111569
127.958454	29.522743225111569
127.958454	29.522743225111569
127.958454	29.522743225111569
128.018449	29.522743225099106
128.018449	29.522743225099106
128.018449	29.522743225099106
128.018449	29.522743225099106
128.018449	29.522743225099106
128.066361	29.522743546383975
128.078452	29.522744157085011
128.078452	29.522744157085011
128.078452	29.522744157085011
128.078452	29.522744157085011
128.078452	29.522744157085011
128.078452	29.522744157085011
128.078452	29.522744157085011
128.078452	29.522744157085011
128.078469	29.522744157943659
128.138454	29.522745030947657
128.174438	29.522745105318393
128.174438	29.522745105318393
128.198469	29.522745121891191
128.198469	29.522745121891191
128.210373	29.522745125398057
128.210373	29.522745125398057
128.210373	29.522745125398057
128.210373	29.522745125398057
128.25847	29.52274513134784
128.25847	29.52274513134784
128.27049	29.522744601879243
128.282374	29.522744065423854
128.282374	29.522744065423854
128.282374	29.522744065423854
128.318507	29.522743440172512
128.318507	29.522743440172512
128.318507	29.522743440172512
128.318507	29.522743440172512
128.318507	29.522743440172512
128.318507	29.522743440172512
128.37847	29.522744180420592
128.37847	29.522744180420592
128.37847	29.522744180420592
128.37847	29.522744180420592
128.414439	29.522744877794914
128.414439	29.522744877794914
128.438468	29.522745033355488
128.438468	29.522745033355488
128.438468	29.522745033355488
128.462373	29.522745092233443
128.474446	29.522745105951817
128.486373	29.522745115669004
128.498556	29.522745122180609
128.498556	29.522745122180609
128.510373	29.522745125560267
128.510373	29.522745125560267
128.510373	29.522745125560267
128.546373	29.522745130700219
128.558472	29.522745131373231
128.558472	29.522745131373231
128.558472	29.522745131373231
128.582373	29.522766463068173
128.582373	29.522766463068173
128.582373	29.522766463068173
128.618468	29.522778966811376
128.618468	29.522778966811376
128.618468	29.522778966811376
128.618468	29.522778966811376
128.618468	29.522778966811376
128.618468	29.522778966811376
128.678468	29.522764174684465
128.678468	29.522764174684465
128.678468	29.522764174684465
128.678468	29.522764174684465
128.678468	29.522764174684465
128.726406	29.522748353141015
128.73847	29.522747114030942
128.73847	29.522747114030942
128.73847	29.522747114030942
128.73847	29.522747114030942
128.77446	29.522749313792325
128.786373	29.522751275915461
128.798475	29.522752584157981
128.798475	29.522752584157981
128.798475	29.522752584157981
128.822373	29.522753822738739
128.834438	29.522754111308977
128.846374	29.522754316051209
128.858486	29.522754452316935
128.858486	29.522754452316935
128.858486	29.522754452316935
128.882373	29.522748181779232
128.894507	29.522746482293385
128.906372	29.522745293151136
128.918466	29.522744496386448
128.918466	29.522744496386448
128.930376	29.522744073783809
128.930376	29.522744073783809
128.930376	29.522744073783809
128.930376	29.522744073783809
128.978469	29.522743357384407
128.978469	29.522743357384407
128.978469	29.522743357384407
128.978469	29.522743357384407
129.014437	29.522743260483406
129.014437	29.522743260483406
129.038494	29.522743238847344
129.038494	29.522743238847344
129.038494	29.522743238847344
129.038494	29.522743238847344
129.074448	29.522743958528856
129.086373	29.522744389014356
129.098469	29.522744675494927
129.098469	29.522744675494927
129.098469	29.522744675494927
129.098469	29.522744675494927
129.098469	29.522744675494927
129.098469	29.522744675494927
129.158538	29.522745085059892
129.158555	29.522745085101793
129.158555	29.522745085101793
129.158555	29.522745085101793
129.194471	29.522734287909753
129.20639	29.522732670410846
129.218489	29.522731591833892
129.218489	29.522731591833892
129.218489	29.522731591833892
129.242397	29.522730571210857
129.242397	29.522730571210857
129.242397	29.522730571210857
129.278512	29.522727247207115
129.278512	29.522727247207115
129.278512	29.522727247207115
129.278512	29.522727247207115
129.278512	29.522727247207115
129.278512	29.522727247207115
129.338483	29.522724474265768
129.338483	29.522724474265768
129.35039	29.522724367088493
129.36239	29.522725610463965
129.36239	29.522725610463965
129.386411	29.522736993589152
129.398485	29.52274012797783
129.398485	29.52274012797783
129.398485	29.52274012797783
129.42246	29.522743104748237
129.434457	29.522743793824741
129.434457	29.522743793824741
129.45853	29.52274461283012
129.45853	29.52274461283012
129.45853	29.52274461283012
129.45853	29.52274461283012
129.45853	29.52274461283012
129.45853	29.52274461283012
129.518486	29.522745078244359
129.518486	29.522745078244359
129.518486	29.522745078244359
129.518486	29.522745078244359
129.518486	29.522745078244359
129.56639	29.522744800514818
129.578486	29.522744193100809
129.578486	29.522744193100809
129.578486	29.522744193100809
129.578486	29.522744193100809
129.578486	29.522744193100809
129.62639	29.522743389056647
129.638483	29.522743325856695
129.638483	29.522743325856695
129.638483	29.522743325856695
129.638483	29.522743325856695
129.638483	29.522743325856695
129.638483	29.522743325856695
129.698486	29.522744684950684
129.698486	29.522744684950684
129.698486	29.522744684950684
129.698486	29.522744684950684
129.73448	29.522745012859733
129.74639	29.522745056650123
129.758485	29.522745085871488
129.758485	29.522745085871488
129.758485	29.522745085871488
129.758485	29.522745085871488
129.758485	29.522745085871488
129.80639	29.522743567809492
129.818563	29.522743434833213
129.818563	29.522743434833213
129.818563	29.522743434833213
129.818563	29.522743434833213
129.818563	29.522743434833213
129.818563	29.522743434833213
129.878486	29.522736711081592
129.878486	29.522736711081592
129.89039	29.522734440580578
129.89039	29.522734440580578
129.89039	29.522734440580578
129.89039	29.522734440580578
129.938484	29.522730585324915
129.938484	29.522730585324915
129.938484	29.522730585324915
129.938484	29.522730585324915
129.938484	29.522730585324915
129.938484	29.522730585324915
129.998541	29.522740102229083
129.998541	29.522740102229083
129.998541	29.522740102229083
129.998541	29.522740102229083
129.998541	29.522740102229083
130.04639	29.522742694637152
130.058497	29.522742899346206
130.058497	29.522742899346206
130.058497	29.522742899346206
130.058497	29.522742899346206
130.094455	29.522743137902189
130.094455	29.522743137902189
130.118487	29.522743191178005
130.118487	29.522743191178005
130.13046	29.522743202498457
130.14239	29.522743211325494
130.154459	29.522743216024487
130.154459	29.522743216024487
130.17851	29.522749765988699
130.17851	29.522749765988699
130.190407	29.522752024723399
130.190407	29.522752024723399
130.190407	29.522752024723399
130.226407	29.522755422164849
130.23851	29.5227558677412
130.23851	29.5227558677412
130.23851	29.5227558677412
130.23851	29.5227558677412
130.23851	29.5227558677412
130.286406	29.522736696111753
130.298504	29.522731856216666
130.298504	29.522731856216666
130.298504	29.522731856216666
130.298504	29.522731856216666
130.298504	29.522731856216666
130.346478	29.522725454162135
130.358529	29.522724952414759
130.358529	29.522724952414759
130.370802	29.522730135573021
130.370802	29.522730135573021
130.370802	29.522730135573021
130.370802	29.522730135573021
130.418501	29.522741156001221
130.418501	29.522741156001221
130.418501	29.522741156001221
130.418501	29.522741156001221
130.454482	29.522742671779305
130.466407	29.522742874554197
130.478579	29.522743010631803
130.478579	29.522743010631803
130.478579	29.522743010631803
130.502407	29.522743137644024
130.502407	29.522743137644024
130.526427	29.522743188638682
130.538501	29.522743202686719
130.538501	29.522743202686719
130.538501	29.522743202686719
130.538501	29.522743202686719
130.538501	29.522743202686719
130.538501	29.522743202686719
130.5985	29.522743222765154
130.5985	29.522743222765154
130.5985	29.522743222765154
130.5985	29.522743222765154
130.5985	29.522743222765154
130.64641	29.522743224702545
130.658523	29.522743224855194
130.658523	29.522743224855194
130.658523	29.522743224855194
130.658523	29.522743224855194
130.658523	29.522743224855194
130.706407	29.522743225056534
130.718502	29.522743225072396
130.718502	29.522743225072396
130.718502	29.522743225072396
130.718502	29.522743225072396
130.718502	29.522743225072396
130.718502	29.522743225072396
130.7786	29.522743225095041
130.7786	29.522743225095041
130.7786	29.522743225095041
130.7786	29.522743225095041
130.7786	29.522743225095041
130.826407	29.522743225097212
130.838503	29.522743225097383
130.838503	29.522743225097383
130.838503	29.522743225097383
130.838503	29.522743225097383
130.838503	29.522743225097383
130.886407	29.52274322509761
130.898504	29.522743225097624
130.898504	29.522743225097624
130.898504	29.522743225097624
130.922427	29.522743225097646
130.934481	29.522743225097649
130.934481	29.522743225097649
130.958501	29.522743225097653
130.958501	29.522743225097653
130.958501	29.522743225097653
130.958501	29.522743225097653
130.958501	29.522743225097653
131.006479	29.522743225097653
131.018505	29.522743225097653
131.018505	29.522743225097653
131.018505	29.522743225097653
131.018505	29.522743225097653
131.018505	29.522743225097653
131.018505	29.522743225097653
131.078526	29.522743225097653
131.078526	29.522743225097653
131.078526	29.522743225097653
131.078526	29.522743225097653
131.114471	29.522743225097653
131.114471	29.522743225097653
131.13857	29.522743225097653
131.13857	29.522743225097653
131.150407	29.522743225097653
131.162407	29.522743225097653
131.174567	29.522743225097653
131.186445	29.522743225097653
131.198521	29.522743225097653
131.198521	29.522743225097653
131.198521	29.522743225097653
131.222425	29.522743225097653
131.222425	29.522743225097653
131.246425	29.522743225097653
131.258526	29.522743225097653
131.258526	29.522743225097653
131.258526	29.522743225097653
131.258526	29.522743225097653
131.258526	29.522743225097653
131.258526	29.522743225097653
131.318568	29.522744917939026
131.318568	29.522744917939026
131.318568	29.522744917939026
131.318568	29.522744917939026
131.318568	29.522744917939026
131.318568	29.522744917939026
131.378521	29.522737626288691
131.378521	29.522737626288691
131.378521	29.522737626288691
131.378521	29.522737626288691
131.378521	29.522737626288691
131.378521	29.522737626288691
131.438522	29.522730680457851
131.438522	29.522730680457851
131.438522	29.522730680457851
131.438522	29.522730680457851
131.438522	29.522730680457851
131.486425	29.522738150161853
131.498525	29.522740109674867
131.498525	29.522740109674867
131.498525	29.522740109674867
131.498525	29.522740109674867
131.498525	29.522740109674867
131.498525	29.522740109674867
131.558524	29.522742900848225
131.558524	29.522742900848225
131.558524	29.522742900848225
131.558524	29.522742900848225
131.594498	29.522744492963515
131.606425	29.522744727269238
131.618551	29.52274488405067
131.618551	29.52274488405067
131.618551	29.52274488405067
131.618551	29.52274488405067
131.618551	29.52274488405067
131.618551	29.52274488405067
131.678522	29.522744171033082
131.678522	29.522744171033082
131.678522	29.522744171033082
131.678522	29.522744171033082
131.678522	29.522744171033082
131.678522	29.522744171033082
131.738521	29.52274332354947
131.738521	29.52274332354947
131.738521	29.52274332354947
131.738521	29.52274332354947
131.738521	29.52274332354947
131.738521	29.52274332354947
131.798587	29.522743235308727
131.798587	29.522743235308727
131.798587	29.522743235308727
131.798587	29.522743235308727
131.798587	29.522743235308727
131.846425	29.522743226834361
131.858542	29.522743226162849
131.858542	29.522743226162849
131.858542	29.522743226162849
131.858542	29.522743226162849
131.858542	29.522743226162849
131.858542	29.522743226162849
131.918519	29.522743225208647
131.918519	29.522743225208647
131.918519	29.522743225208647
131.918519	29.522743225208647
131.918519	29.522743225208647
131.918519	29.522743225208647
131.978522	29.522743225109206
131.978522	29.522743225109206
131.990426	29.522743225105373
132.002425	29.522743225102346
132.002425	29.522743225102346
132.002425	29.522743225102346
132.038519	29.522743225098857
132.038519	29.522743225098857
132.038519	29.522743225098857
132.038519	29.522743225098857
132.038519	29.522743225098857
132.038519	29.522743225098857
132.098542	29.522743225097781
132.098542	29.522743225097781
132.098542	29.522743225097781
132.098542	29.522743225097781
132.098542	29.522743225097781
132.146426	29.522743225097678
132.158553	29.522743225097667
132.158553	29.522743225097667
132.158569	29.522743225097667
132.158569	29.522743225097667
132.158569	29.522743225097667
132.206441	29.52274322509766
132.218534	29.52274322509766
132.218534	29.52274322509766
132.218534	29.52274322509766
132.218534	29.52274322509766
132.25451	29.52274322509766
132.25451	29.52274322509766
132.278535	29.52274322509766
132.278535	29.52274322509766
132.278535	29.52274322509766
132.278535	29.52274322509766
132.278535	29.52274322509766
132.278535	29.52274322509766
132.338546	29.52274322509766
132.338546	29.52274322509766
132.338546	29.52274322509766
132.338546	29.52274322509766
132.338546	29.52274322509766
132.338546	29.52274322509766
132.398538	29.52274322509766
132.398538	29.52274322509766
132.398538	29.52274322509766
132.398538	29.52274322509766
132.398538	29.52274322509766
132.398538	29.52274322509766
132.458616	29.52274322509766
132.458616	29.52274322509766
132.458616	29.52274322509766
132.458616	29.52274322509766
132.458616	29.52274322509766
132.506441	29.52274322509766
132.518547	29.52274322509766
132.518547	29.52274322509766
132.518547	29.52274322509766
132.542441	29.52274322509766
132.542441	29.52274322509766
132.542441	29.52274322509766
132.542441	29.52274322509766
132.542441	29.52274322509766
132.542441	29.52274322509766
132.542441	29.52274322509766
132.542441	29.52274322509766
132.57857	29.52274322509766
132.638549	29.52274322509766
132.638549	29.52274322509766
132.638549	29.52274322509766
132.638549	29.52274322509766
132.638549	29.52274322509766
132.638549	29.52274322509766
132.698536	29.52274322509766
132.698536	29.52274322509766
132.698536	29.52274322509766
132.722518	29.52274322509766
132.722518	29.52274322509766
132.746461	29.52274322509766
132.758543	29.52274322509766
132.758543	29.52274322509766
132.770441	29.522743752459373
132.782442	29.522744293289843
132.782442	29.522744293289843
132.782442	29.522744293289843
132.818536	29.522744917581417
132.818536	29.522744917581417
132.830441	29.522744988826389
132.830441	29.522744988826389
132.854577	29.522745075117363
132.866441	29.522745096017459
132.878556	29.522745110107838
132.878556	29.522745110107838
132.878556	29.522745110107838
132.878556	29.522745110107838
132.878556	29.522745110107838
132.878556	29.522745110107838
132.93856	29.522745130121933
132.93856	29.522745130121933
132.93856	29.522745130121933
132.93856	29.522745130121933
132.93856	29.522745130121933
132.93856	29.522745130121933
132.998538	29.522743681600357
132.998538	29.522743681600357
132.998538	29.522743681600357
133.022444	29.522743410656265
133.034508	29.522743347274091
133.046441	29.522743302502541
133.05854	29.522743272602494
133.05854	29.522743272602494
133.05854	29.522743272602494
133.05854	29.522743272602494
133.05854	29.522743272602494
133.106441	29.522743233153445
133.118611	29.522743230023384
133.118611	29.522743230023384
133.130441	29.522743228403002
133.130441	29.522743228403002
133.130441	29.522743228403002
133.130441	29.522743228403002
133.178537	29.522743225612274
133.178555	29.522743225611791
133.178555	29.522743225611791
133.178555	29.522743225611791
133.178555	29.522743225611791
133.226467	29.522743225184836
133.238554	29.522743225151167
133.238554	29.522743225151167
133.238554	29.522743225151167
133.238554	29.522743225151167
133.238554	29.522743225151167
133.238554	29.522743225151167
133.298555	29.522743225103223
133.298555	29.522743225103223
133.298555	29.522743225103223
133.298555	29.522743225103223
133.298555	29.522743225103223
133.34646	29.522743225098601
133.358563	29.522743225098235
133.358563	29.522743225098235
133.358563	29.522743225098235
133.358563	29.522743225098235
133.358563	29.522743225098235
133.358563	29.522743225098235
133.418595	29.522743225097717
133.418595	29.522743225097717
133.418595	29.522743225097717
133.418595	29.522743225097717
133.418595	29.522743225097717
133.418595	29.522743225097717
133.478556	29.52274322509766
133.478556	29.52274322509766
133.478556	29.52274322509766
133.478556	29.52274322509766
133.478556	29.52274322509766
133.478556	29.52274322509766
133.538552	29.52274322509766
133.538552	29.52274322509766
133.538552	29.52274322509766
133.562459	29.52274322509766
133.574524	29.52274322509766
133.586459	29.52274322509766
133.598561	29.52274322509766
133.598561	29.52274322509766
133.598561	29.52274322509766
133.598561	29.52274322509766
133.598561	29.52274322509766
133.646532	29.52274322509766
133.658576	29.52274322509766
133.658576	29.52274322509766
133.658576	29.52274322509766
133.658576	29.52274322509766
133.658576	29.52274322509766
133.658576	29.52274322509766
133.658576	29.52274322509766
133.658576	29.52274322509766
133.658576	29.52274322509766
133.658576	29.52274322509766
133.658576	29.52274322509766
133.718552	29.52274322509766
133.778624	29.52274322509766
133.778624	29.52274322509766
133.778624	29.52274322509766
133.802459	29.52274322509766
133.802459	29.52274322509766
133.826479	29.52274322509766
133.838552	29.52274322509766
133.838552	29.52274322509766
133.838552	29.52274322509766
133.838552	29.52274322509766
133.838552	29.52274322509766
133.838552	29.52274322509766
133.898554	29.52274322509766
133.898554	29.52274322509766
133.898554	29.52274322509766
133.922459	29.52274322509766
133.934533	29.52274322509766
133.934533	29.52274322509766
133.958557	29.52274322509766
133.958557	29.52274322509766
133.970477	29.52274322509766
133.982459	29.52274322509766
133.982459	29.52274322509766
134.006458	29.52274322509766
134.018553	29.52274322509766
134.018553	29.52274322509766
134.018553	29.52274322509766
134.018553	29.52274322509766
134.054528	29.52274322509766
134.066459	29.52274322509766
134.078656	29.52274322509766
134.078656	29.52274322509766
134.078656	29.52274322509766
134.078656	29.52274322509766
134.078656	29.52274322509766
134.078656	29.52274322509766
134.138554	29.52274322509766
134.138554	29.52274322509766
134.138554	29.52274322509766
134.138554	29.52274322509766
134.138554	29.52274322509766
134.138571	29.52274322509766
134.198579	29.52274322509766
134.198579	29.52274322509766
134.198579	29.52274322509766
134.222522	29.52274322509766
134.234541	29.52274322509766
134.234541	29.52274322509766
134.258574	29.52274322509766
134.258574	29.52274322509766
134.258574	29.52274322509766
134.258574	29.52274322509766
134.258574	29.52274322509766
134.258574	29.52274322509766
134.318606	29.52274322509766
134.318606	29.52274322509766
134.330476	29.52274322509766
134.330476	29.52274322509766
134.330476	29.52274322509766
134.366476	29.52274322509766
134.37858	29.52274322509766
134.37858	29.52274322509766
134.37858	29.52274322509766
134.37858	29.52274322509766
134.37858	29.52274322509766
134.37858	29.52274322509766
134.438728	29.52274322509766
134.438728	29.52274322509766
134.438728	29.52274322509766
134.438728	29.52274322509766
134.438728	29.52274322509766
134.438728	29.52274322509766
134.498571	29.52274322509766
134.498571	29.52274322509766
134.498571	29.52274322509766
134.498571	29.52274322509766
134.534548	29.52274322509766
134.546476	29.52274322509766
134.558593	29.52274322509766
134.558593	29.52274322509766
134.558593	29.52274322509766
134.558593	29.52274322509766
134.558593	29.52274322509766
134.606479	29.52274322509766
134.606479	29.52274322509766
134.606479	29.52274322509766
134.606479	29.52274322509766
134.606479	29.52274322509766
134.606479	29.52274322509766
134.606479	29.52274322509766
134.618577	29.52274322509766
134.678573	29.52274322509766
134.690498	29.52274322509766
134.690498	29.52274322509766
134.690498	29.52274322509766
134.690498	29.52274322509766
134.738573	29.52274322509766
134.738573	29.52274322509766
134.750476	29.52274322509766
134.750476	29.52274322509766
134.774541	29.522728536146968
134.786476	29.522719944444475
134.798572	29.522714196867074
134.798572	29.522714196867074
134.810476	29.522711176882535
134.810476	29.522711176882535
134.810476	29.522711176882535
134.846476	29.522706625313106
134.846476	29.522706625313106
134.846476	29.522706625313106
134.858574	29.5227060270444
134.882476	29.522727913213249
134.882476	29.522727913213249
134.882476	29.522727913213249
134.918571	29.522740727270513
134.918571	29.522740727270513
134.918571	29.522740727270513
134.918571	29.522740727270513
134.918571	29.522740727270513
134.918571	29.522740727270513
134.978576	29.522743735853918
134.978576	29.522743735853918
134.978576	29.522743735853918
134.978576	29.522743735853918
134.978576	29.522743735853918
134.978576	29.522743735853918
135.038592	29.522743278209457
135.038592	29.522743278209457
135.038592	29.522743278209457
135.038592	29.522743278209457
135.074546	29.522743239329021
135.086497	29.522743234112546
135.098644	29.522743230610185
135.098644	29.522743230610185
135.098644	29.522743230610185
135.098644	29.522743230610185
135.098644	29.522743230610185
135.098644	29.522743230610185
135.158612	29.522743225672322
135.158612	29.522743225672322
135.158612	29.522743225672322
135.158612	29.522743225672322
135.194567	29.522744581511702
135.206494	29.522744783105978
135.218629	29.522744918680473
135.218629	29.522744918680473
135.218629	29.522744918680473
135.218629	29.522744918680473
135.218629	29.522744918680473
135.218629	29.522744918680473
135.27859	29.522745110153611
135.27859	29.522745110153611
135.27859	29.522745110153611
135.27859	29.522745110153611
135.314566	29.522745126478711
135.326494	29.522745128662489
135.338596	29.522745130126939
135.338596	29.522745130126939
135.338596	29.522745130126939
135.338596	29.522745130126939
135.338596	29.522745130126939
135.338596	29.522745130126939
135.398631	29.522743679392086
135.398631	29.522743679392086
135.398631	29.522743679392086
135.398631	29.522743679392086
135.398631	29.522743679392086
135.398631	29.522743679392086
135.398631	29.522743679392086
135.398631	29.522743679392086
135.398631	29.522743679392086
135.398631	29.522743679392086
135.398631	29.522743679392086
135.458593	29.522743272471519
135.518607	29.522744923301619
135.518607	29.522744923301619
135.518607	29.522744923301619
135.518607	29.522744923301619
135.554563	29.522745076402945
135.566494	29.522744768912343
135.578589	29.522744171752546
135.578589	29.522744171752546
135.578589	29.522744171752546
135.578589	29.522744171752546
135.578589	29.522744171752546
135.626574	29.522743385356602
135.638599	29.522743323567848
135.638599	29.522743323567848
135.650501	29.522743290988426
135.650501	29.522743290988426
135.650501	29.522743290988426
135.686494	29.522743241819128
135.698588	29.522743235351665
135.698588	29.522743235351665
135.698588	29.522743235351665
135.698588	29.522743235351665
135.698588	29.522743235351665
135.698588	29.522743235351665
135.758668	29.522743226160369
135.758668	29.522743226160369
135.770494	29.522743225811517
135.782494	29.522743225531954
135.782494	29.522743225531954
135.782494	29.522743225531954
135.818588	29.522743225208721
135.818588	29.522743225208721
135.818588	29.522743225208721
135.842494	29.522743225142854
135.842494	29.522743225142854
135.866515	29.522743225116493
135.878598	29.52274322510921
135.878598	29.52274322510921
135.878598	29.52274322510921
135.902494	29.52274322510236
135.902494	29.52274322510236
135.926497	29.522743225099617
135.938589	29.522743225098857
135.938589	29.522743225098857
135.938589	29.522743225098857
135.938589	29.522743225098857
135.974558	29.522743225097976
135.974558	29.522743225097976
135.998606	29.522743225097781
135.998606	29.522743225097781
135.998606	29.522743225097781
135.998606	29.522743225097781
135.998606	29.522743225097781
135.998606	29.522743225097781
136.058596	29.522743225097667
136.058596	29.522743225097667
136.070493	29.522749054967534
136.070493	29.522749054967534
136.070493	29.522749054967534
136.070493	29.522749054967534
136.118589	29.522761848934227
136.118589	29.522761848934227
136.118589	29.522761848934227
136.118589	29.522761848934227
136.118589	29.522761848934227
136.118589	29.522761848934227
136.178588	29.522753633198743
136.178588	29.522753633198743
136.178605	29.522753623971099
136.202511	29.522747458754047
136.214576	29.522746009774391
136.226511	29.522744990549249
136.238607	29.522744307230571
136.238607	29.522744307230571
136.238607	29.522744307230571
136.238607	29.522744307230571
136.238607	29.522744307230571
136.238607	29.522744307230571
136.238607	29.522744307230571
136.299167	29.522733075593013
136.299167	29.522733075593013
136.299167	29.522733075593013
136.299167	29.522733075593013
136.299167	29.522733075593013
136.358609	29.522730216892878
136.358609	29.522730216892878
136.370524	29.522734355688986
136.370524	29.522734355688986
136.370524	29.522734355688986
136.370524	29.522734355688986
136.418676	29.522743461640399
136.418676	29.522743461640399
136.430518	29.522744010625686
136.430518	29.522744010625686
136.45459	29.522744683634038
136.466512	29.522744518829025
136.478611	29.522744017949613
136.478611	29.522744017949613
136.478611	29.522744017949613
136.478611	29.522744017949613
136.478611	29.522744017949613
136.478611	29.522744017949613
136.538635	29.522743307509035
136.538635	29.522743307509035
136.538635	29.522743307509035
136.538635	29.522743307509035
136.574579	29.522728519860724
136.574579	29.522728519860724
136.598609	29.522714187874513
136.598609	29.522714187874513
136.598609	29.522714187874513
136.598609	29.522714187874513
136.598609	29.522714187874513
136.598609	29.522714187874513
136.658617	29.522706025811427
136.658617	29.522706025811427
136.658617	29.522706025811427
136.658617	29.522706025811427
136.658617	29.522706025811427
136.658617	29.522706025811427
136.718626	29.522739046498337
136.718626	29.522739046498337
136.718626	29.522739046498337
136.718626	29.522739046498337
136.75458	29.522742105090977
136.766511	29.522742514904362
136.778608	29.522742789807658
136.778608	29.522742789807658
136.778608	29.522742789807658
136.778608	29.522742789807658
136.814657	29.522743108921933
136.826511	29.522743151185441
136.838606	29.522743179790826
136.838606	29.522743179790826
136.838606	29.522743179790826
136.838606	29.522743179790826
136.838606	29.522743179790826
136.838606	29.522743179790826
136.89861	29.522743220383408
136.89861	29.522743220383408
136.89861	29.522743220383408
136.89861	29.522743220383408
136.89861	29.522743220383408
136.89861	29.522743220383408
136.958613	29.522743224607105
136.958613	29.522743224607105
136.958613	29.522743224607105
136.958613	29.522743224607105
136.994582	29.522758147746845
137.006511	29.522760364121481
137.018629	29.522761853800354
137.018629	29.522761853800354
137.018629	29.522761853800354
137.018629	29.522761853800354
137.018629	29.522761853800354
137.066532	29.5227601772173
137.078679	29.522753583798419
137.078679	29.522753583798419
137.078679	29.522753583798419
137.078679	29.522753583798419
137.114579	29.522746009412675
137.114579	29.522746009412675
137.138607	29.52274430723002
137.138607	29.52274430723002
137.138607	29.52274430723002
137.162511	29.522743665708358
137.174576	29.522743514908225
137.186511	29.522743408834078
137.198624	29.522743337618884
137.198642	29.522743337513056
137.198642	29.522743337513056
137.222529	29.522743270930086
137.234594	29.522743255235806
137.234594	29.522743255235806
137.258632	29.522743236803226
137.258632	29.522743236803226
137.258632	29.522743236803226
137.258632	29.522743236803226
137.258632	29.522743236803226
137.258632	29.522743236803226
137.318641	29.522743226315324
137.318641	29.522743226315324
137.318641	29.522743226315324
137.318641	29.522743226315324
137.318641	29.522743226315324
137.318641	29.522743226315324
137.37863	29.522743225224456
137.37863	29.522743225224456
137.37863	29.522743225224456
137.40253	29.52274322514932
137.414602	29.52274322513162
137.426536	29.522743225119196
137.438623	29.522743225110858
137.438623	29.522743225110858
137.450533	29.522743225106492
137.46255	29.522742323522085
137.46255	29.522742323522085
137.486529	29.522735068056999
137.498624	29.522733056570349
137.498624	29.522733056570349
137.498624	29.522733056570349
137.522529	29.522731170129454
137.522529	29.522731170129454
137.546529	29.522730414255964
137.558632	29.522730204775286
137.558632	29.522730204775286
137.558632	29.522730204775286
137.582529	29.522737500399501
137.582529	29.522737500399501
137.582529	29.522737500399501
137.618626	29.522741762555381
137.618626	29.522741762555381
137.630529	29.522742246071569
137.630529	29.522742246071569
137.6546	29.522742833424793
137.6546	29.522742833424793
137.678625	29.522743072877983
137.678625	29.522743072877983
137.678625	29.522743072877983
137.678625	29.522743072877983
137.714595	29.522743184326139
137.72655	29.522743199260088
137.738764	29.522743209370706
137.738764	29.522743209370706
137.738764	29.522743209370706
137.762529	29.522743218644511
137.762529	29.522743218644511
137.762529	29.522743218644511
137.798624	29.522743223448842
137.798624	29.522743223448842
137.798624	29.522743223448842
137.798624	29.522743223448842
137.798624	29.522743223448842
137.798624	29.522743223448842
137.858645	29.522743224926245
137.858645	29.522743224926245
137.870602	29.52274322498311
137.870602	29.52274322498311
137.870602	29.52274322498311
137.870602	29.52274322498311
137.91863	29.5227432250798
137.91863	29.5227432250798
137.91863	29.5227432250798
137.91863	29.5227432250798
137.91863	29.5227432250798
137.96653	29.522736958475711
137.978625	29.522725351316744
137.978625	29.522725351316744
137.978625	29.522725351316744
137.978625	29.522725351316744
137.978625	29.522725351316744
137.978625	29.522725351316744
138.038709	29.522708888479428
138.038709	29.522708888479428
138.038709	29.522708888479428
138.038709	29.522708888479428
138.074599	29.522721507509718
138.074599	29.522721507509718
138.098625	29.522734785142543
138.098625	29.522734785142543
138.098625	29.522734785142543
138.098625	29.522734785142543
138.098625	29.522734785142543
138.098625	29.522734785142543
138.158626	29.522742346768904
138.158626	29.522742346768904
138.158626	29.522742346768904
138.18253	29.522742867307329
138.194595	29.522742989828014
138.194612	29.522742990000651
138.21865	29.522743133801654
138.21865	29.522743133801654
138.21865	29.522743133801654
138.21865	29.522743133801654
138.254632	29.522743200651455
138.266623	29.522746889330179
138.278647	29.522753575795143
138.278647	29.522753575795143
138.278647	29.522753575795143
138.278647	29.522753575795143
138.278647	29.522753575795143
138.278647	29.522753575795143
138.338644	29.522763099444667
138.338644	29.522763099444667
138.338644	29.522763099444667
138.338644	29.522763099444667
138.338644	29.522763099444667
138.338644	29.522763099444667
138.338644	29.522763099444667
138.338644	29.522763099444667
138.338644	29.522763099444667
138.338644	29.522763099444667
138.338644	29.522763099444667
138.398738	29.522748082433612
138.458655	29.522743732822473
138.458655	29.522743732822473
138.458655	29.522743732822473
138.458655	29.522743732822473
138.458655	29.522743732822473
138.506546	29.52274331142457
138.518661	29.522743277921702
138.518661	29.522743277921702
138.518661	29.522743277921702
138.542546	29.522743246645359
138.542546	29.522743246645359
138.542546	29.522743246645359
138.578641	29.522744172134342
138.578641	29.522744172134342
138.590566	29.522744489983058
138.602546	29.52274474113074
138.602546	29.52274474113074
138.626546	29.522744969286904
138.638651	29.522745032555648
138.638651	29.522745032555648
138.638651	29.522745032555648
138.638651	29.522745032555648
138.674618	29.522744367344416
138.686546	29.52274394977001
138.698727	29.522743666997631
138.698727	29.522743666997631
138.698727	29.522743666997631
138.698727	29.522743666997631
138.698727	29.522743666997631
138.698727	29.522743666997631
138.758646	29.522743271283375
138.758646	29.522743271283375
138.770546	29.522743256027411
138.770546	29.522743256027411
138.770546	29.522743256027411
138.770546	29.522743256027411
138.818641	29.522743229905618
138.818641	29.522743229905618
138.83055	29.522743228316148
138.83055	29.522743228316148
138.83055	29.522743228316148
138.866547	29.522743225914514
138.878644	29.522743225597956
138.878644	29.522743225597956
138.878644	29.522743225597956
138.878644	29.522743225597956
138.878644	29.522743225597956
138.878644	29.522743225597956
138.938664	29.522743225149668
138.938664	29.522743225149668
138.938664	29.522743225149668
138.938664	29.522743225149668
138.938664	29.522743225149668
138.986567	29.522743225106495
138.998641	29.522743225103074
138.998641	29.522743225103074
138.998641	29.522743225103074
138.998641	29.522743225103074
138.998641	29.522743225103074
138.998641	29.522743225103074
139.058713	29.522743225098218
139.058713	29.522743225098218
139.058713	29.522743225098218
139.058713	29.522743225098218
139.094614	29.522743225097805
139.106611	29.522743225097749
139.118663	29.522743225097713
139.118663	29.522743225097713
139.118663	29.522743225097713
139.118663	29.522743225097713
139.118663	29.522743225097713
139.118663	29.522743225097713
139.17865	29.52274322509766
139.17865	29.52274322509766
139.17865	29.52274322509766
139.17865	29.52274322509766
139.178668	29.52274322509766
139.226568	29.52274322509766
139.226568	29.52274322509766
139.226568	29.52274322509766
139.226568	29.52274322509766
139.226568	29.52274322509766
139.23866	29.52274322509766
139.286564	29.52274322509766
139.298659	29.52274322509766
139.298659	29.52274322509766
139.310564	29.52274322509766
139.322636	29.52274322509766
139.322636	29.52274322509766
139.322636	29.52274322509766
139.358666	29.52274322509766
139.358666	29.52274322509766
139.358666	29.52274322509766
139.358666	29.52274322509766
139.358666	29.52274322509766
139.406564	29.52274322509766
139.418673	29.52274322509766
139.418673	29.52274322509766
139.430564	29.52274322509766
139.442564	29.52274322509766
139.454705	29.52274322509766
139.454705	29.52274322509766
139.478661	29.52274322509766
139.478661	29.52274322509766
139.490567	29.52274322509766
139.490567	29.52274322509766
139.490567	29.52274322509766
139.490567	29.52274322509766
139.490567	29.52274322509766
139.490567	29.52274322509766
139.490567	29.52274322509766
139.490567	29.52274322509766
139.490567	29.52274322509766
139.538661	29.52274322509766
139.598682	29.52274322509766
139.598682	29.52274322509766
139.610629	29.52274322509766
139.610629	29.52274322509766
139.634641	29.52274322509766
139.646566	29.52274322509766
139.658698	29.52274322509766
139.658698	29.52274322509766
139.658698	29.52274322509766
139.658698	29.52274322509766
139.658698	29.52274322509766
139.658698	29.52274322509766
139.718737	29.52274322509766
139.718737	29.52274322509766
139.718737	29.52274322509766
139.742565	29.52274322509766
139.742565	29.52274322509766
139.742565	29.52274322509766
139.778678	29.52274322509766
139.778678	29.52274322509766
139.790586	29.52274322509766
139.802565	29.52274322509766
139.802565	29.52274322509766
139.802565	29.52274322509766
139.838662	29.52274322509766
139.838662	29.52274322509766
139.838662	29.52274322509766
139.838662	29.52274322509766
139.838662	29.52274322509766
139.838662	29.52274322509766
139.898659	29.52274322509766
139.898659	29.52274322509766
139.898659	29.52274322509766
139.898659	29.52274322509766
139.898659	29.52274322509766
139.946566	29.52274322509766
139.958664	29.52274322509766
139.958664	29.52274322509766
139.958664	29.52274322509766
139.958664	29.52274322509766
139.958664	29.52274322509766
140.006565	29.522744783801773
140.018742	29.522744919883532
140.018742	29.522744919883532
140.018742	29.522744919883532
140.018742	29.522744919883532
140.018742	29.522744919883532
140.018742	29.522744919883532
140.078662	29.522745110231121
140.078662	29.522745110231121
140.078662	29.522745110231121
140.078662	29.522745110231121
140.078662	29.522745110231121
140.078662	29.522745110231121
140.138659	29.522745130133917
140.138659	29.522745130133917
140.138659	29.522745130133917
140.138659	29.522745130133917
140.174629	29.522744392934435
140.186586	29.522743965407486
140.198668	29.522743678513432
140.198668	29.522743678513432
140.198668	29.522743678513432
140.222583	29.522743409925983
140.222583	29.522743409925983
140.222583	29.522743409925983
140.25869	29.5227432722318
140.25869	29.5227432722318
140.25869	29.5227432722318
140.25869	29.5227432722318
140.25869	29.5227432722318
140.25869	29.5227432722318
140.318747	29.522743229988407
140.318747	29.522743229988407
140.330583	29.522743228385824
140.342583	29.522743227099582
140.342583	29.522743227099582
140.342583	29.522743227099582
140.378755	29.522753645811282
140.378755	29.522753645811282
140.378755	29.522753645811282
140.378755	29.522753645811282
140.378755	29.522753645811282
140.378755	29.522753645811282
140.438686	29.522763102915526
140.438686	29.522763102915526
140.438686	29.522763102915526
140.438686	29.522763102915526
140.438686	29.522763102915526
140.438686	29.522763102915526
140.498678	29.522749551790806
140.498678	29.522749551790806
140.498678	29.522749551790806
140.522583	29.522746934871556
140.522583	29.522746934871556
140.522583	29.522746934871556
140.55868	29.522745592334207
140.55868	29.522745592334207
140.55868	29.522745592334207
140.55868	29.522745592334207
140.594653	29.522718089606531
140.594653	29.522718089606531
140.61868	29.522711298448275
140.61868	29.522711298448275
140.61868	29.522711298448275
140.61868	29.522711298448275
140.61868	29.522711298448275
140.61868	29.522711298448275
140.61868	29.522711298448275
140.61868	29.522711298448275
140.61868	29.522711298448275
140.61868	29.522711298448275
140.61868	29.522711298448275
140.678777	29.522725451706119
140.738677	29.522741365617978
140.738677	29.522741365617978
140.750585	29.522741979601829
140.750585	29.522741979601829
140.750585	29.522741979601829
140.750585	29.522741979601829
140.750585	29.522741979601829
140.750585	29.522741979601829
140.750585	29.522741979601829
140.798678	29.522743031585463
140.834649	29.522743173243285
140.846593	29.522743192205308
140.858683	29.522743204963465
140.858683	29.522743204963465
140.858683	29.522743204963465
140.858683	29.522743204963465
140.858683	29.522743204963465
140.858683	29.522743204963465
140.858683	29.522743204963465
140.858683	29.522743204963465
140.858683	29.522743204963465
140.858683	29.522743204963465
140.858683	29.522743204963465
140.918681	29.522743223002006
140.978679	29.522743224879534
140.978679	29.522743224879534
140.978679	29.522743224879534
141.002584	29.522743225008693
141.002584	29.522743225008693
141.002584	29.522743225008693
141.038746	29.522743225075036
141.038746	29.522743225075036
141.038746	29.522743225075036
141.038746	29.522743225075036
141.038746	29.522743225075036
141.086586	29.522744391739852
141.0987	29.522744679547873
141.0987	29.522744679547873
141.0987	29.522744679547873
141.0987	29.522744679547873
141.0987	29.522744679547873
141.0987	29.522744679547873
141.158686	29.522745085277002
141.158686	29.522745085277002
141.158686	29.522745085277002
141.158686	29.522745085277002
141.194654	29.522772286344122
141.194654	29.522772286344122
141.218685	29.522779010514601
141.230601	29.522780420554326
141.230601	29.522780420554326
141.230601	29.522780420554326
141.254668	29.522782136025622
141.254668	29.522782136025622
141.278709	29.522773386019082
141.278709	29.522773386019082
141.290601	29.522770361535986
141.290601	29.522770361535986
141.314669	29.522766667738953
141.314669	29.522766667738953
141.314669	29.522766667738953
141.338794	29.522765157073124
141.350601	29.52276484656706
141.3626	29.522763282810846
141.3626	29.522763282810846
141.3626	29.522763282810846
141.398696	29.52274976185701
141.398696	29.52274976185701
141.398696	29.52274976185701
141.398696	29.52274976185701
141.398696	29.52274976185701
141.446602	29.522745919848489
141.458705	29.522745614017285
141.458705	29.522745614017285
141.470814	29.522744906557321
141.470814	29.522744906557321
141.494685	29.522743902408202
141.494685	29.522743902408202
141.518694	29.522743488344481
141.518694	29.522743488344481
141.518694	29.522743488344481
141.518694	29.522743488344481
141.518694	29.522743488344481
141.518694	29.522743488344481
141.5787	29.522753642133079
141.5787	29.522753642133079
141.5787	29.522753642133079
141.5787	29.522753642133079
141.5787	29.522753642133079
141.5787	29.522753642133079
141.638698	29.522763106406956
141.638698	29.522763106406956
141.638698	29.522763106406956
141.638698	29.522763106406956
141.638698	29.522763106406956
141.638698	29.522763106406956
141.698763	29.522748076448668
141.698763	29.522748076448668
141.698763	29.522748076448668
141.698763	29.522748076448668
141.698763	29.522748076448668
141.746601	29.522744053185352
141.758717	29.522743731216543
141.758717	29.522743731216543
141.758717	29.522743731216543
141.758717	29.522743731216543
141.758717	29.522743731216543
141.758717	29.522743731216543
141.818714	29.522743277779455
141.818714	29.522743277779455
141.818714	29.522743277779455
141.818714	29.522743277779455
141.818714	29.522743277779455
141.818714	29.522743277779455
141.878697	29.52274984111822
141.878697	29.52274984111822
141.890639	29.522752069335446
141.890639	29.522752069335446
141.914667	29.522754771293858
141.914667	29.522754771293858
141.938695	29.522755875486649
141.938695	29.522755875486649
141.938695	29.522755875486649
141.938695	29.522755875486649
141.938695	29.522755875486649
141.938695	29.522755875486649
141.998736	29.522718665729567
141.998736	29.522718665729567
141.998736	29.522718665729567
142.022621	29.522711758614662
142.022621	29.522711758614662
142.022621	29.522711758614662
142.0587	29.522708203377348
142.0587	29.522708203377348
142.0587	29.522708203377348
142.0587	29.522708203377348
142.0587	29.522708203377348
142.0587	29.522708203377348
142.118696	29.522740997687791
142.118696	29.522740997687791
142.118696	29.522740997687791
142.142602	29.522743445408771
142.142602	29.522743445408771
142.166601	29.522744095747221
142.17872	29.522743757146113
142.17872	29.522743757146113
142.17872	29.522743757146113
142.17872	29.522743757146113
142.17872	29.522743757146113
142.17872	29.522743757146113
142.238723	29.522743280461015
142.238723	29.522743280461015
142.238723	29.522743280461015
142.262629	29.522743247701321
142.274692	29.522743239940461
142.28664	29.522743234516092
142.298717	29.522743230861323
142.298717	29.522743230861323
142.298717	29.522743230861323
142.298717	29.522743230861323
142.298717	29.522743230861323
142.298717	29.522743230861323
142.298717	29.522743230861323
142.35881	29.522743225694573
142.37062	29.522743225499763
142.37062	29.522743225499763
142.394695	29.522743225258402
142.40662	29.522743225199736
142.418734	29.522743225160028
142.418734	29.522743225160028
142.43062	29.522743225139504
142.44262	29.522743225123143
142.44262	29.522743225123143
142.44262	29.522743225123143
142.478745	29.522743225104144
142.478745	29.522743225104144
142.478745	29.522743225104144
142.50262	29.522743225100307
142.50262	29.522743225100307
142.526623	29.522743225098761
142.538737	29.522743225098335
142.538737	29.522743225098335
142.538737	29.522743225098335
142.538737	29.522743225098335
142.538737	29.522743225098335
142.538737	29.522743225098335
142.598715	29.522743225097727
142.598715	29.522743225097727
142.598715	29.522743225097727
142.598715	29.522743225097727
142.598715	29.522743225097727
142.64662	29.522743225097667
142.65873	29.522743225097663
142.65873	29.522743225097663
142.65873	29.522743225097663
142.65873	29.522743225097663
142.694686	29.52274322509766
142.706621	29.52274322509766
142.718717	29.52274322509766
142.718717	29.52274322509766
142.718717	29.52274322509766
142.718717	29.52274322509766
142.754757	29.52274322509766
142.754757	29.52274322509766
142.754757	29.52274322509766
142.754757	29.52274322509766
142.754757	29.52274322509766
142.754757	29.52274322509766
142.754757	29.52274322509766
142.778717	29.52274322509766
142.838723	29.52274322509766
142.838723	29.52274322509766
142.838723	29.52274322509766
142.838723	29.52274322509766
142.838723	29.52274322509766
142.838723	29.52274322509766
142.898752	29.52274322509766
142.898752	29.52274322509766
142.898752	29.52274322509766
142.898752	29.52274322509766
142.934709	29.52274322509766
142.946621	29.52274322509766
142.95872	29.52274322509766
142.95872	29.52274322509766
142.95872	29.52274322509766
142.95872	29.52274322509766
142.95872	29.52274322509766
142.95872	29.52274322509766
143.018783	29.52274322509766
143.018783	29.52274322509766
143.018783	29.52274322509766
143.018783	29.52274322509766
143.018783	29.52274322509766
143.066641	29.52274322509766
143.078723	29.52274322509766
143.078723	29.52274322509766
143.078723	29.52274322509766
143.10262	29.52274322509766
143.1147	29.52274322509766
143.12662	29.52274322509766
143.138715	29.52274322509766
143.138715	29.52274322509766
143.138715	29.52274322509766
143.138715	29.52274322509766
143.138715	29.52274322509766
143.138715	29.52274322509766
143.198736	29.52274322509766
143.198736	29.52274322509766
143.198736	29.52274322509766
143.198736	29.52274322509766
143.234685	29.52274322509766
143.246638	29.52274322509766
143.258736	29.52274322509766
143.258736	29.52274322509766
143.258736	29.52274322509766
143.258736	29.52274322509766
143.294703	29.52274322509766
143.294703	29.52274322509766
143.318756	29.52274322509766
143.318756	29.52274322509766
143.318756	29.52274322509766
143.342639	29.52274322509766
143.354706	29.52274322509766
143.354706	29.52274322509766
143.378738	29.52274322509766
143.378738	29.52274322509766
143.378738	29.52274322509766
143.378738	29.52274322509766
143.378738	29.52274322509766
143.426638	29.52274322509766
143.438734	29.52274322509766
143.438734	29.52274322509766
143.438734	29.52274322509766
143.438734	29.52274322509766
143.438734	29.52274322509766
143.486639	29.52274322509766
143.498737	29.52274322509766
143.498737	29.52274322509766
143.498737	29.52274322509766
143.522638	29.52274322509766
143.522638	29.52274322509766
143.522638	29.52274322509766
143.558738	29.52274322509766
143.558738	29.52274322509766
143.558738	29.52274322509766
143.558738	29.52274322509766
143.558738	29.52274322509766
143.606638	29.522732308458259
143.618739	29.522731361831216
143.618739	29.522731361831216
143.618739	29.522731361831216
143.618739	29.522731361831216
143.654709	29.52273027267503
143.654709	29.52273027267503
143.67883	29.522736685352189
143.67883	29.522736685352189
143.67883	29.522736685352189
143.702638	29.522740540658766
143.702638	29.522740540658766
143.726638	29.522742106193984
143.738745	29.522742541428581
143.738745	29.522742541428581
143.738745	29.522742541428581
143.738745	29.522742541428581
143.738745	29.522742541428581
143.738745	29.522742541428581
143.798734	29.522743153904752
143.798734	29.522743153904752
143.798734	29.522743153904752
143.798734	29.522743153904752
143.798734	29.522743153904752
143.798734	29.522743153904752
143.858753	29.522743217695769
143.858753	29.522743217695769
143.858753	29.522743217695769
143.858753	29.522743217695769
143.858753	29.522743217695769
143.906639	29.522743223836418
143.918733	29.522743224326508
143.918733	29.522743224326508
143.930638	29.522743224580626
143.930638	29.522743224580626
143.930638	29.522743224580626
143.966638	29.522743224966391
143.978862	29.522743225017944
143.978862	29.522743225017944
143.978862	29.522743225017944
144.002637	29.522743225064879
144.002637	29.522743225064879
144.026638	29.522743225083993
144.038732	29.5227432250893
144.038732	29.5227432250893
144.038732	29.5227432250893
144.038732	29.5227432250893
144.038732	29.5227432250893
144.038732	29.5227432250893
144.098733	29.522744680333386
144.098733	29.522744680333386
144.098733	29.522744680333386
144.098733	29.522744680333386
144.098733	29.522744680333386
144.146639	29.522745055489771
144.158738	29.522745085405734
144.158738	29.522745085405734
144.158738	29.522745085405734
144.158738	29.522745085405734
144.158738	29.522745085405734
144.158738	29.522745085405734
144.218751	29.522731568462348
144.218751	29.522731568462348
144.218751	29.522731568462348
144.218769	29.522731566857736
144.218769	29.522731566857736
144.218769	29.522731566857736
144.278752	29.522736680010805
144.278752	29.522736680010805
144.278752	29.522736680010805
144.278752	29.522736680010805
144.31472	29.522741469829043
144.31472	29.522741469829043
144.338826	29.522742546579828
144.338826	29.522742546579828
144.338826	29.522742546579828
144.338826	29.522742546579828
144.374742	29.52274304259533
144.38677	29.52274310952486
144.398754	29.522743154213522
144.398754	29.522743154213522
144.398754	29.522743154213522
144.398754	29.522743154213522
144.398754	29.522743154213522
144.398754	29.522743154213522
144.458754	29.522743217720507
144.458754	29.522743217720507
144.458754	29.522743217720507
144.458754	29.522743217720507
144.458754	29.522743217720507
144.458754	29.522743217720507
144.518751	29.522743224329769
144.518751	29.522743224329769
144.530656	29.522743224582669
144.530656	29.522743224582669
144.554725	29.52274322489178
144.554725	29.52274322489178
144.578752	29.522743225017745
144.578752	29.522743225017745
144.590656	29.52274322504406
144.590656	29.52274322504406
144.614727	29.522743225076233
144.614727	29.522743225076233
144.638793	29.522743225089357
144.638793	29.522743225089357
144.650666	29.522743225092082
144.650666	29.522743225092082
144.650666	29.522743225092082
144.650666	29.522743225092082
144.698766	29.522743225096789
144.698766	29.522743225096789
144.698766	29.522743225096789
144.722655	29.522743225097305
144.722655	29.522743225097305
144.746655	29.522743225097511
144.758775	29.522743225097567
144.758775	29.522743225097567
144.758775	29.522743225097567
144.782656	29.522743225097621
144.794728	29.522743225097631
144.806656	29.522743225097642
144.818767	29.522743225097649
144.818767	29.522743225097649
144.818767	29.522743225097649
144.842655	29.522743225097653
144.842655	29.522743225097653
144.842655	29.522743225097653
144.878755	29.522743225097653
144.878755	29.522743225097653
144.878755	29.522743225097653
144.902659	29.522743225097653
144.902659	29.522743225097653
144.902659	29.522743225097653
144.938755	29.522743225097653
144.938755	29.522743225097653
144.938755	29.522743225097653
144.938755	29.522743225097653
144.938755	29.522743225097653
144.938755	29.522743225097653
144.998835	29.522743225097653
144.998835	29.522743225097653
144.998835	29.522743225097653
144.998835	29.522743225097653
144.998835	29.522743225097653
145.046656	29.522743225097653
145.058785	29.522743225097653
145.058785	29.522743225097653
145.058785	29.522743225097653
145.058785	29.522743225097653
145.058785	29.522743225097653
145.058785	29.522743225097653
145.118751	29.522743225097653
145.118751	29.522743225097653
145.118751	29.522743225097653
145.142655	29.522743225097653
145.142655	29.522743225097653
145.142655	29.522743225097653
145.178751	29.522743225097653
145.178751	29.522743225097653
145.190657	29.522743225097653
145.190657	29.522743225097653
145.190657	29.522743225097653
145.190657	29.522743225097653
145.238749	29.522743225097653
145.238767	29.522743225097653
145.238767	29.522743225097653
145.238767	29.522743225097653
145.238767	29.522743225097653
145.238767	29.522743225097653
145.298771	29.522743225097653
145.298771	29.522743225097653
145.298771	29.522743225097653
145.298771	29.522743225097653
145.298771	29.522743225097653
145.346674	29.522743225097653
145.358774	29.522743225097653
145.358774	29.522743225097653
145.358774	29.522743225097653
145.358774	29.522743225097653
145.358774	29.522743225097653
145.358774	29.522743225097653
145.41877	29.522743225097653
145.41877	29.522743225097653
145.41877	29.522743225097653
145.41877	29.522743225097653
145.41877	29.522743225097653
145.41877	29.522743225097653
145.478804	29.522725179538391
145.478804	29.522725179538391
145.478804	29.522725179538391
145.502694	29.522714431652378
145.514739	29.522711874126646
145.514739	29.522711874126646
145.538772	29.522708882187455
145.538772	29.522708882187455
145.538772	29.522708882187455
145.538772	29.522708882187455
145.538772	29.522708882187455
145.586674	29.522742370725823
145.598769	29.522750865658917
145.598769	29.522750865658917
145.610674	29.52275525662246
145.610674	29.52275525662246
145.610674	29.52275525662246
145.610674	29.52275525662246
145.658839	29.522762822681976
145.658839	29.522762822681976
145.658839	29.522762822681976
145.658839	29.522762822681976
145.658839	29.522762822681976
145.658839	29.522762822681976
145.718768	29.522745415592169
145.718768	29.522745415592169
145.718768	29.522745415592169
145.718768	29.522745415592169
145.718768	29.522745415592169
145.766694	29.522743597980195
145.778779	29.522743452937799
145.778779	29.522743452937799
145.778779	29.522743452937799
145.778779	29.522743452937799
145.778779	29.522743452937799
145.778779	29.522743452937799
145.838773	29.522743248817243
145.838773	29.522743248817243
145.838773	29.522743248817243
145.838773	29.522743248817243
145.838773	29.522743248817243
145.838773	29.522743248817243
145.898807	29.522772367455815
145.898807	29.522772367455815
145.898807	29.522772367455815
145.898807	29.522772367455815
145.934746	29.522778952928828
145.934746	29.522778952928828
145.958856	29.522780437352132
145.958856	29.522780437352132
145.970675	29.522769958538138
145.970675	29.522769958538138
145.970675	29.522769958538138
145.970675	29.522769958538138
146.018773	29.522747371717799
146.018773	29.522747371717799
146.018773	29.522747371717799
146.018773	29.522747371717799
146.018773	29.522747371717799
146.066674	29.522744268702368
146.078772	29.522744604823149
146.078772	29.522744604823149
146.078772	29.522744604823149
146.102674	29.522744916749964
146.11474	29.522744990921659
146.11474	29.522744990921659
146.138767	29.522745077520309
146.138767	29.522745077520309
146.138767	29.522745077520309
146.138767	29.522745077520309
146.138767	29.522745077520309
146.186744	29.52274512311191
146.198773	29.522745126731763
146.198773	29.522745126731763
146.198773	29.522745126731763
146.198773	29.522745126731763
146.198773	29.522745126731763
146.198773	29.522745126731763
146.258819	29.522745131852997
146.258819	29.522745131852997
146.258819	29.522745131852997
146.258819	29.522745131852997
146.258819	29.522745131852997
146.306693	29.522743572210462
146.318882	29.522743436034332
146.318882	29.522743436034332
146.318882	29.522743436034332
146.318882	29.522743436034332
146.354764	29.522743281947623
146.354764	29.522743281947623
146.378789	29.522744196167327
146.378789	29.522744196167327
146.378789	29.522744196167327
146.402693	29.522744749552878
146.402693	29.522744749552878
146.402693	29.522744749552878
146.438806	29.522745035091877
146.438806	29.522745035091877
146.450806	29.52274506732757
146.450806	29.52274506732757
146.450806	29.52274506732757
146.450806	29.52274506732757
146.498785	29.522743665831044
146.498785	29.522743665831044
146.498785	29.522743665831044
146.498785	29.522743665831044
146.534772	29.522743343232356
146.546713	29.522743300143908
146.55879	29.522743270954184
146.55879	29.522743270954184
146.55879	29.522743270954184
146.55879	29.522743270954184
146.55879	29.522743270954184
146.55879	29.522743270954184
146.618792	29.522743229869597
146.618792	29.522743229869597
146.618792	29.522743229869597
146.642693	29.52274322704946
146.642693	29.52274322704946
146.666692	29.522743563915512
146.678808	29.522744175562181
146.678808	29.522744175562181
146.678808	29.522744175562181
146.678808	29.522744175562181
146.678808	29.522744175562181
146.678808	29.522744175562181
146.738794	29.522745032786574
146.738794	29.522745032786574
146.738794	29.522745032786574
146.738794	29.522745032786574
146.774757	29.522736906771634
146.786693	29.522732254387645
146.798789	29.522729099834049
146.798789	29.522729099834049
146.798789	29.522729099834049
146.798789	29.522729099834049
146.798789	29.522729099834049
146.798789	29.522729099834049
146.858806	29.52272466612818
146.858806	29.52272466612818
146.858806	29.52272466612818
146.858806	29.52272466612818
146.858806	29.52272466612818
146.858806	29.52272466612818
146.918786	29.522741157991213
146.918786	29.522741157991213
146.930693	29.522741838112474
146.942713	29.522742380365429
146.954761	29.522742670733685
146.966693	29.522743210929033
146.978864	29.522743963647955
146.978864	29.522743963647955
146.990692	29.522744344941209
146.990692	29.522744344941209
147.014768	29.522744817795871
147.014768	29.522744817795871
147.038807	29.522745010438619
147.038807	29.522745010438619
147.038807	29.522745010438619
147.038807	29.522745010438619
147.038807	29.522745010438619
147.038807	29.522745010438619
147.038807	29.522745010438619
147.038807	29.522745010438619
147.038807	29.522745010438619
147.038807	29.522745010438619
147.098787	29.522743663215607
147.146696	29.522743299747276
147.158797	29.522743270670041
147.158797	29.522743270670041
147.158797	29.522743270670041
147.182693	29.52274324374245
147.194781	29.522743237315879
147.206727	29.522743232858943
147.21881	29.522743229837278
147.21881	29.522743229837278
147.21881	29.522743229837278
147.21881	29.522743229837278
147.218832	29.522743229831779
147.218832	29.522743229831779
147.278852	29.522743225589831
147.278852	29.522743225589831
147.278852	29.522743225589831
147.278852	29.522743225589831
147.314778	29.522743225230013
147.314778	29.522743225230013
147.338827	29.522743225148947
147.338827	29.522743225148947
147.338827	29.522743225148947
147.338827	29.522743225148947
147.374849	29.522743225111387
147.374849	29.522743225111387
147.398824	29.522743225102992
147.398824	29.522743225102992
147.398824	29.522743225102992
147.422715	29.522743225099841
147.43478	29.522743225099092
147.446715	29.522743225098569
147.458811	29.522743225098214
147.458811	29.522743225098214
147.458811	29.522743225098214
147.458811	29.522743225098214
147.49478	29.522743225097805
147.506786	29.522743225097749
147.518813	29.522743225097713
147.518813	29.522743225097713
147.518813	29.522743225097713
147.518813	29.522743225097713
147.518813	29.522743225097713
147.518813	29.522743225097713
147.578822	29.52274322509766
147.578822	29.52274322509766
147.578822	29.52274322509766
147.578822	29.52274322509766
147.614786	29.52274322509766
147.626715	29.52274322509766
147.638894	29.52274322509766
147.638894	29.52274322509766
147.638894	29.52274322509766
147.638894	29.52274322509766
147.638894	29.52274322509766
147.638894	29.52274322509766
147.698807	29.52274322509766
147.698807	29.52274322509766
147.710715	29.52274322509766
147.722735	29.52274322509766
147.722735	29.52274322509766
147.746714	29.52274322509766
147.758829	29.52274322509766
147.758829	29.52274322509766
147.758829	29.52274322509766
147.758829	29.52274322509766
147.758829	29.52274322509766
147.758829	29.52274322509766
147.818825	29.52274322509766
147.818825	29.52274322509766
147.818825	29.52274322509766
147.818825	29.52274322509766
147.854805	29.52274322509766
147.854805	29.52274322509766
147.878831	29.52274322509766
147.878831	29.52274322509766
147.878831	29.52274322509766
147.878831	29.52274322509766
147.914781	29.52274322509766
147.914781	29.52274322509766
147.938813	29.52274322509766
147.938813	29.52274322509766
147.950714	29.52274322509766
147.962714	29.52274322509766
147.97478	29.52274322509766
147.986736	29.52274322509766
147.998896	29.52274322509766
147.998896	29.52274322509766
148.010715	29.52274322509766
148.010715	29.52274322509766
148.034854	29.52274322509766
148.034854	29.52274322509766
148.058836	29.52274322509766
148.058836	29.52274322509766
148.058836	29.52274322509766
148.058836	29.52274322509766
148.094779	29.52274322509766
148.094779	29.52274322509766
148.118827	29.52274322509766
148.118827	29.52274322509766
148.130717	29.52274322509766
148.130717	29.52274322509766
148.130717	29.52274322509766
148.130717	29.52274322509766
148.178811	29.522744175217497
148.178811	29.522744175217497
148.178811	29.522744175217497
148.178811	29.522744175217497
148.178811	29.522744175217497
148.226715	29.522744969240239
148.23882	29.522745032871562
148.23882	29.522745032871562
148.23882	29.522745032871562
148.238838	29.522745032966181
148.274805	29.522745105745226
148.274805	29.522745105745226
148.274805	29.522745105745226
148.274805	29.522745105745226
148.274805	29.522745105745226
148.274805	29.522745105745226
148.274805	29.522745105745226
148.298902	29.522745122128072
148.358832	29.522745131368453
148.358832	29.522745131368453
148.358832	29.522745131368453
148.382753	29.522745132005259
148.382753	29.522745132005259
148.406732	29.522745132262415
148.418827	29.522745132334087
148.418827	29.522745132334087
148.418827	29.522745132334087
148.418827	29.522745132334087
148.454801	29.522745132416183
148.454801	29.522745132416183
148.478854	29.522744180142915
148.478854	29.522744180142915
148.478854	29.522744180142915
148.478854	29.522744180142915
148.478854	29.522744180142915
148.478854	29.522744180142915
148.538826	29.522743324639627
148.538826	29.522743324639627
148.538826	29.522743324639627
148.538826	29.522743324639627
148.574797	29.52273577802999
148.574797	29.52273577802999
148.598831	29.52272865980563
148.598831	29.52272865980563
148.598831	29.52272865980563
148.598831	29.52272865980563
148.634838	29.52272535945183
148.646733	29.522724920617495
148.658829	29.522724620843906
148.658829	29.522724620843906
148.658829	29.522724620843906
148.658829	29.522724620843906
148.694866	29.522737910799211
148.694866	29.522737910799211
148.718827	29.522741157808866
148.718827	29.522741157808866
148.718827	29.522741157808866
148.718827	29.522741157808866
148.754801	29.522742670450565
148.754801	29.522742670450565
148.778846	29.522743010163808
148.778846	29.522743010163808
148.778846	29.522743010163808
148.778846	29.522743010163808
148.778846	29.522743010163808
148.778846	29.522743010163808
148.838849	29.522743202732311
148.838849	29.522743202732311
148.838849	29.522743202732311
148.838849	29.522743202732311
148.874807	29.522743219091691
148.886733	29.522743221278951
148.898847	29.522743222769773
148.898847	29.522743222769773
148.898847	29.522743222769773
148.898847	29.522743222769773
148.898847	29.522743222769773
148.898847	29.522743222769773
148.95891	29.522743224856193
148.95891	29.522743224856193
148.95891	29.522743224856193
148.95891	29.522743224856193
148.95891	29.522743224856193
148.95891	29.522743224856193
149.018843	29.522743225072439
149.018843	29.522743225072439
149.018843	29.522743225072439
149.042733	29.522743225087329
149.042733	29.522743225087329
149.066733	29.522743225093354
149.078828	29.522743225095031
149.078828	29.522743225095031
149.078828	29.522743225095031
149.102732	29.52274322509658
149.114799	29.522743225096949
149.114799	29.522743225096949
149.138832	29.522743225097379
149.138832	29.522743225097379
149.138832	29.522743225097379
149.138832	29.522743225097379
149.138832	29.522743225097379
149.138832	29.522743225097379
149.198829	29.522744682615006
149.198829	29.522744682615006
149.198829	29.522744682615006
149.198829	29.522744682615006
149.198829	29.522744682615006
149.246732	29.522745055719863
149.258834	29.522745085643187
149.270754	29.522744557862747
149.270754	29.522744557862747
149.282756	29.522744037642763
149.282756	29.522744037642763
149.282756	29.522744037642763
149.318874	29.522743431324606
149.318874	29.522743431324606
149.318874	29.522743431324606
149.318874	29.522743431324606
149.354894	29.522743280340716
149.366755	29.522745648636452
149.37885	29.522749911215413
149.37885	29.522749911215413
149.37885	29.522749911215413
149.37885	29.522749911215413
149.37885	29.522749911215413
149.37885	29.522749911215413
149.438849	29.522755882818753
149.438849	29.522755882818753
149.438849	29.522755882818753
149.438849	29.522755882818753
149.438849	29.522755882818753
149.438849	29.522755882818753
149.498852	29.522731717266918
149.498852	29.522731717266918
149.498852	29.522731717266918
149.498852	29.522731717266918
149.498852	29.522731717266918
149.498852	29.522731717266918
149.55886	29.522724938661579
149.55886	29.522724938661579
149.55886	29.522724938661579
149.55886	29.522724938661579
149.55886	29.522724938661579
149.55886	29.522724938661579
149.618968	29.522741206169258
149.618968	29.522741206169258
149.618968	29.522741206169258
149.618968	29.522741206169258
149.618968	29.522741206169258
149.666755	29.522742878445186
149.678851	29.522743013672951
149.678851	29.522743013672951
149.678851	29.522743013672951
149.678851	29.522743013672951
149.678851	29.522743013672951
149.678851	29.522743013672951
149.738851	29.522743203093974
149.738851	29.522743203093974
149.738851	29.522743203093974
149.762755	29.522743216085658
149.762755	29.522743216085658
149.762755	29.522743216085658
149.762755	29.522743216085658
149.798849	29.522743222807414
149.810776	29.52274322356056
149.822755	29.522743224159747
149.834836	29.522743224483413
149.834836	29.522743224483413
149.85885	29.522743224859315
149.85885	29.522743224859315
149.85885	29.522743224859315
149.85885	29.522743224859315
149.85885	29.522743224859315
149.906754	29.522743225056988
149.918851	29.522743225072855
149.918851	29.522743225072855
149.918851	29.522743225072855
149.918851	29.522743225072855
149.954823	29.522743225090998
149.966779	29.522743225093429
149.978878	29.522743225095081
149.978878	29.522743225095081
149.978878	29.522743225095081
149.978878	29.522743225095081
150.014893	29.522743225096967
150.014893	29.522743225096967
150.038851	29.522743225097386
150.038851	29.522743225097386
150.050798	29.522743225097475
150.062755	29.522743225097543
150.062755	29.522743225097543
150.062755	29.522743225097543
150.098867	29.522743225097628
150.098867	29.522743225097628
150.098867	29.522743225097628
150.098867	29.522743225097628
150.134831	29.522743225097649
150.134831	29.522743225097649
150.158857	29.522743225097653
150.158857	29.522743225097653
150.158857	29.522743225097653
150.158857	29.522743225097653
150.158857	29.522743225097653
150.206755	29.522743225097653
150.21885	29.522743225097653
150.21885	29.522743225097653
150.21885	29.522743225097653
150.21885	29.522743225097653
150.254822	29.522743225097653
150.254822	29.522743225097653
150.278929	29.522743225097653
150.278929	29.522743225097653
150.278929	29.522743225097653
150.278929	29.522743225097653
150.278929	29.522743225097653
150.278929	29.522743225097653
150.338896	29.522743225097653
150.338896	29.522743225097653
150.338896	29.522743225097653
150.338896	29.522743225097653
150.338896	29.522743225097653
150.338896	29.522743225097653
150.398877	29.522743225097653
150.398877	29.522743225097653
150.398877	29.522743225097653
150.422777	29.522743225097653
150.422777	29.522743225097653
150.422777	29.522743225097653
150.458884	29.522743225097653
150.458884	29.522743225097653
150.458884	29.522743225097653
150.482778	29.522743225097653
150.482778	29.522743225097653
150.482778	29.522743225097653
150.518873	29.522743225097653
150.518873	29.522743225097653
150.518873	29.522743225097653
150.518873	29.522743225097653
150.554847	29.522743225097653
150.554847	29.522743225097653
150.5789	29.522743225097653
150.5789	29.522743225097653
150.5789	29.522743225097653
150.602778	29.522743225097653
150.602778	29.522743225097653
150.602778	29.522743225097653
150.638871	29.522743225097653
150.638871	29.522743225097653
150.650777	29.522743225097653
150.650777	29.522743225097653
150.650777	29.522743225097653
150.686842	29.522743225097653
150.698871	29.522743225097653
150.698871	29.522743225097653
150.71083	29.522743225097653
150.722777	29.522743225097653
150.722777	29.522743225097653
150.722777	29.522743225097653
150.722777	29.522743225097653
150.722777	29.522743225097653
150.722777	29.522743225097653
150.722777	29.522743225097653
150.722777	29.522743225097653
150.758874	29.522743225097653
150.818875	29.522743225097653
150.818875	29.522743225097653
150.818875	29.522743225097653
150.818875	29.522743225097653
150.854848	29.522743225097653
150.854848	29.522743225097653
150.878874	29.522743225097653
150.878874	29.522743225097653
150.890778	29.522743225097653
150.890778	29.522743225097653
150.890778	29.522743225097653
150.926778	29.522743225097653
150.938964	29.522743225097653
150.938964	29.522743225097653
150.938964	29.522743225097653
150.938964	29.522743225097653
150.938964	29.522743225097653
150.986777	29.522743225097653
150.998874	29.522743225097653
150.998874	29.522743225097653
150.998874	29.522743225097653
150.998874	29.522743225097653
150.998874	29.522743225097653
150.998874	29.522743225097653
151.058885	29.522743225097653
151.058885	29.522743225097653
151.058885	29.522743225097653
151.058885	29.522743225097653
151.058885	29.522743225097653
151.058885	29.522743225097653
151.118876	29.522743225097653
151.118876	29.522743225097653
151.118876	29.522743225097653
151.118876	29.522743225097653
151.154847	29.522743225097653
151.166778	29.522743225097653
151.178873	29.522743225097653
151.178873	29.522743225097653
151.178873	29.522743225097653
151.178873	29.522743225097653
151.178873	29.522743225097653
151.178873	29.522743225097653
151.23896	29.522743225097653
151.23896	29.522743225097653
151.250888	29.522743225097653
151.250888	29.522743225097653
151.27485	29.522743225097653
151.28684	29.522743225097653
151.298891	29.522743225097653
151.298891	29.522743225097653
151.310801	29.522743225097653
151.310801	29.522743225097653
151.310801	29.522743225097653
151.346796	29.522743225097653
151.358895	29.522743225097653
151.358895	29.522743225097653
151.358895	29.522743225097653
151.358895	29.522743225097653
151.394867	29.522758222360103
151.406797	29.522760399362326
151.418913	29.522761888763036
151.418913	29.522761888763036
151.418913	29.522761888763036
151.418913	29.522761888763036
151.418913	29.522761888763036
151.466884	29.522760333861619
151.478894	29.522754421413236
151.478894	29.522754421413236
151.478894	29.522754421413236
151.478894	29.522754421413236
151.478894	29.522754421413236
151.478894	29.522754421413236
151.53889	29.522746099385408
151.53889	29.522746099385408
151.53889	29.522746099385408
151.562797	29.522748354274217
151.574863	29.522760406263142
151.586797	29.522768730741454
151.59899	29.522774459394611
151.59899	29.522774459394611
151.610815	29.522777324018502
151.610815	29.522777324018502
151.610815	29.522777324018502
151.646797	29.522781765288919
151.6589	29.522782357088484
151.6589	29.522782357088484
151.6589	29.522782357088484
151.6589	29.522782357088484
151.6589	29.522782357088484
151.6589	29.522782357088484
151.718892	29.522747557682592
151.718892	29.522747557682592
151.718892	29.522747557682592
151.718892	29.522747557682592
151.754865	29.522744388269416
151.754865	29.522744388269416
151.778892	29.522744630215456
151.778892	29.522744630215456
151.778892	29.522744630215456
151.802797	29.522744926549208
151.814869	29.52274499763562
151.814869	29.52274499763562
151.838894	29.522745080182968
151.838894	29.522745080182968
151.838894	29.522745080182968
151.838894	29.522745080182968
151.838894	29.522745080182968
151.838894	29.522745080182968
151.898932	29.522733447302251
151.898932	29.522733447302251
151.898932	29.522733447302251
151.898932	29.522733447302251
151.898932	29.522733447302251
151.898932	29.522733447302251
151.958892	29.522730246368571
151.958892	29.522730246368571
151.958892	29.522730246368571
151.958892	29.522730246368571
151.958892	29.522730246368571
151.958892	29.522730246368571
151.958892	29.522730246368571
151.958892	29.522730246368571
152.018899	29.522741788214955
152.042796	29.522742635790539
152.054875	29.522742839362255
152.066797	29.522742979618531
152.078896	29.522743075532638
152.078896	29.522743075532638
152.078896	29.522743075532638
152.078896	29.522743075532638
152.078896	29.522743075532638
152.078896	29.522743075532638
152.13891	29.522743209543471
152.13891	29.522743209543471
152.13891	29.522743209543471
152.13891	29.522743209543471
152.174878	29.522743220920201
152.174878	29.522743220920201
152.174878	29.522743220920201
152.174878	29.522743220920201
152.174878	29.522743220920201
152.174878	29.522743220920201
152.174878	29.522743220920201
152.198892	29.522743223477335
152.258963	29.522743224929659
152.258963	29.522743224929659
152.258963	29.522743224929659
152.258985	29.522743224929854
152.258985	29.522743224929854
152.258985	29.522743224929854
152.318936	29.522743225080145
152.318936	29.522743225080145
152.318936	29.522743225080145
152.318936	29.522743225080145
152.318936	29.522743225080145
152.366819	29.522743225094661
152.378914	29.52274322509583
152.378914	29.52274322509583
152.378914	29.52274322509583
152.378914	29.52274322509583
152.378914	29.52274322509583
152.378914	29.52274322509583
152.378914	29.52274322509583
152.438912	29.522743225097468
152.450819	29.522743225097532
152.462819	29.522743225097582
152.462819	29.522743225097582
152.462819	29.522743225097582
152.498914	29.522743225097638
152.498914	29.522743225097638
152.510818	29.522743225097646
152.522901	29.522743225097649
152.534893	29.522743225097653
152.534893	29.522743225097653
152.558996	29.522743225097653
152.558996	29.522743225097653
152.558996	29.522743225097653
152.558996	29.522743225097653
152.558996	29.522743225097653
152.558996	29.522743225097653
152.618944	29.522761892573815
152.618944	29.522761892573815
152.618944	29.522761892573815
152.642819	29.522763255514143
152.642819	29.522763255514143
152.642819	29.522763255514143
152.642819	29.522763255514143
152.642819	29.522763255514143
152.642819	29.522763255514143
152.678914	29.522753456245123
152.714884	29.522745972784275
152.726819	29.52274497314993
152.738912	29.522744290000727
152.738912	29.522744290000727
152.738912	29.522744290000727
152.762819	29.522743661858897
152.774889	29.522743510996193
152.786896	29.522743406570662
152.798923	29.522743335861048
152.798923	29.522743335861048
152.798923	29.522743335861048
152.822843	29.522743270521655
152.822843	29.522743270521655
152.846818	29.522743244031894
152.858928	29.522743236622119
152.858928	29.522743236622119
152.858928	29.522743236622119
152.858928	29.522743236622119
152.858928	29.522743236622119
152.858928	29.522743236622119
152.919002	29.522743226292334
152.919002	29.522743226292334
152.919002	29.522743226292334
152.919002	29.522743226292334
152.919002	29.522743226292334
152.966819	29.522750113684182
152.97892	29.522762337728341
152.97892	29.522762337728341
152.97892	29.522762337728341
152.97892	29.522762337728341
152.97892	29.522762337728341
153.026819	29.522778118904441
153.038916	29.522779390681496
153.038916	29.522779390681496
153.038916	29.522779390681496
153.038916	29.522779390681496
153.07489	29.522765798528091
153.07489	29.522765798528091
153.098913	29.522751975566329
153.098913	29.522751975566329
153.098913	29.522751975566329
153.098913	29.522751975566329
153.13489	29.522745574390839
153.13489	29.522745574390839
153.158915	29.522744135691873
153.158915	29.522744135691873
153.158915	29.522744135691873
153.158915	29.522744135691873
153.158915	29.522744135691873
153.158915	29.522744135691873
153.219014	29.522755204147405
153.219014	29.522755204147405
153.219014	29.522755204147405
153.219014	29.522755204147405
153.219014	29.522755204147405
153.219014	29.522755204147405
153.278916	29.522749744999391
153.278916	29.522749744999391
153.278936	29.522749738080527
153.278936	29.522749738080527
153.278936	29.522749738080527
153.326838	29.522744338495716
153.338933	29.522743903033803
153.338933	29.522743903033803
153.338933	29.522743903033803
153.338933	29.522743903033803
153.338933	29.522743903033803
153.386839	29.522744513625884
153.398936	29.522744755701027
153.398936	29.522744755701027
153.398936	29.522744755701027
153.398936	29.522744755701027
153.398936	29.522744755701027
153.446909	29.522745068189344
153.45894	29.522745093245469
153.45894	29.522745093245469
153.471143	29.522744543550139
153.471143	29.522744543550139
153.49492	29.522743757273847
153.506839	29.522743563977528
153.518935	29.522743431422732
153.518935	29.522743431422732
153.518935	29.522743431422732
153.518935	29.522743431422732
153.518935	29.522743431422732
153.518935	29.522743431422732
153.518935	29.522743431422732
153.579003	29.52274324649305
153.591039	29.522743239433961
153.591039	29.522743239433961
153.591039	29.522743239433961
153.626838	29.52274322876827
153.638954	29.522743227330164
153.638954	29.522743227330164
153.638954	29.522743227330164
153.638954	29.522743227330164
153.638954	29.522743227330164
153.638954	29.522743227330164
153.698932	29.522744685294747
153.698932	29.522744685294747
153.698932	29.522744685294747
153.722839	29.522744948961051
153.722839	29.522744948961051
153.722839	29.522744948961051
153.758944	29.522745085939373
153.758944	29.522745085939373
153.758944	29.522745085939373
153.758944	29.522745085939373
153.794911	29.52275876427975
153.806839	29.522760742154297
153.818934	29.522762096918928
153.818934	29.522762096918928
153.818934	29.522762096918928
153.842915	29.522763342306462
153.842915	29.522763342306462
153.866838	29.52276004626772
153.879041	29.522753408582442
153.879041	29.522753408582442
153.879041	29.522753408582442
153.879041	29.522753408582442
153.879041	29.522753408582442
153.879041	29.522753408582442
153.938933	29.52274429104116
153.938933	29.52274429104116
153.950839	29.522743942019407
153.950839	29.522743942019407
153.950839	29.522743942019407
153.950839	29.522743942019407
153.998961	29.522753560443245
153.998961	29.522753560443245
153.998961	29.522753560443245
153.998961	29.522753560443245
154.034904	29.522755765217838
154.046839	29.522756060266104
154.058933	29.522756262175445
154.058933	29.522756262175445
154.058933	29.522756262175445
154.058933	29.522756262175445
154.058933	29.522756262175445
154.106909	29.522745585090583
154.118935	29.522744665225812
154.118935	29.522744665225812
154.118935	29.522744665225812
154.118935	29.522744665225812
154.15491	29.522743611851201
154.166839	29.522743471267333
154.178954	29.522743374825406
154.178954	29.522743374825406
154.178954	29.522743374825406
154.178954	29.522743374825406
154.214916	29.522743265337834
154.226849	29.52274325070908
154.23901	29.522743240633933
154.23901	29.522743240633933
154.23901	29.522743240633933
154.23901	29.522743240633933
154.23901	29.522743240633933
154.286838	29.52274440039719
154.298966	29.522744687490611
154.298966	29.522744687490611
154.298966	29.522744687490611
154.322859	29.5227449496366
154.322859	29.5227449496366
154.346859	29.522745056311201
154.346859	29.522745056311201
154.346859	29.522745056311201
154.346859	29.522745056311201
154.358958	29.52274508611854
154.394923	29.52274511999661
154.394923	29.52274511999661
154.418978	29.522745127629932
154.418978	29.522745127629932
154.418978	29.522745127629932
154.418978	29.522745127629932
154.418978	29.522745127629932
154.466859	29.522744785182226
154.478954	29.522744174601808
154.478954	29.522744174601808
154.478954	29.522744174601808
154.50293	29.522743614158774
154.514925	29.522743480181742
154.514925	29.522743480181742
154.539014	29.52274332360053
154.539014	29.52274332360053
154.550859	29.52274329158454
154.562858	29.522743265672258
154.562858	29.522743265672258
154.562858	29.522743265672258
154.599017	29.522743235347544
154.599017	29.522743235347544
154.599017	29.522743235347544
154.599017	29.522743235347544
154.599017	29.522743235347544
154.599017	29.522743235347544
154.658958	29.522743226167755
154.658958	29.522743226167755
154.670885	29.522743225817099
154.68286	29.522743225537106
154.68286	29.522743225537106
154.68286	29.522743225537106
154.718953	29.522743225209052
154.718953	29.522743225209052
154.718953	29.522743225209052
154.742859	29.52274322514339
154.754927	29.522743225127577
154.754927	29.522743225127577
154.778958	29.522743225109245
154.778958	29.522743225109245
154.790859	29.522743225105454
154.790859	29.522743225105454
154.790859	29.522743225105454
154.790859	29.522743225105454
154.838952	29.522743225098864
154.838952	29.522743225098864
154.838952	29.522743225098864
154.862859	29.522743225098154
154.862859	29.522743225098154
154.862859	29.522743225098154
154.899025	29.522743225097784
154.899025	29.522743225097784
154.899025	29.522743225097784
154.899025	29.522743225097784
154.899025	29.522743225097784
154.946859	29.522743225097678
154.958961	29.522743225097667
154.958961	29.522743225097667
154.958961	29.522743225097667
154.958961	29.522743225097667
154.958961	29.522743225097667
155.006865	29.522713546020181
155.018955	29.522710978939557
155.018955	29.522710978939557
155.018955	29.522710978939557
155.018955	29.522710978939557
155.054942	29.522708057575787
155.066882	29.522718095909902
155.078959	29.522736128852671
155.078959	29.522736128852671
155.090862	29.522745312171033
155.090862	29.522745312171033
155.090862	29.522745312171033
155.090862	29.522745312171033
155.138979	29.522761286964005
155.138979	29.522761286964005
155.138979	29.522761286964005
155.138979	29.522761286964005
155.138979	29.522761286964005
155.186859	29.52275197481022
155.198992	29.522749288456314
155.198992	29.522749288456314
155.210858	29.522747934461538
155.210858	29.522747934461538
155.210858	29.522747934461538
155.246859	29.522745844554223
155.258955	29.522745565828878
155.258955	29.522745565828878
155.270859	29.522744875576276
155.270859	29.522744875576276
155.270878	29.522744874410673
155.270878	29.522744874410673
155.319005	29.522743479704992
155.319005	29.522743479704992
155.319005	29.522743479704992
155.319005	29.522743479704992
155.354954	29.52274329359674
155.354954	29.52274329359674
155.37899	29.522743251616696
155.37899	29.522743251616696
155.37899	29.522743251616696
155.37899	29.522743251616696
155.37899	29.522743251616696
155.37899	29.522743251616696
155.438975	29.522743227859788
155.438975	29.522743227859788
155.438975	29.522743227859788
155.462881	29.522743371747975
155.474952	29.522743981046279
155.486878	29.522744399153659
155.498994	29.522744686822307
155.498994	29.522744686822307
155.498994	29.522744686822307
155.498994	29.522744686822307
155.534949	29.522745012600438
155.534949	29.522745012600438
155.559066	29.522745086246609
155.559066	29.522745086246609
155.570878	29.522745101198058
155.570878	29.522745101198058
155.570878	29.522745101198058
155.570878	29.522745101198058
155.61898	29.522745127616016
155.61898	29.522745127616016
155.61898	29.522745127616016
155.61898	29.522745127616016
155.61898	29.522745127616016
155.61898	29.522745127616016
155.678972	29.522725966908478
155.678972	29.522725966908478
155.678972	29.522725966908478
155.678972	29.522725966908478
155.678972	29.522725966908478
155.678972	29.522725966908478
155.738971	29.522708961040827
155.738971	29.522708961040827
155.738971	29.522708961040827
155.738971	29.522708961040827
155.774943	29.522721856559649
155.774943	29.522721856559649
155.798972	29.522734948447816
155.798972	29.522734948447816
155.810878	29.52273765499702
155.810878	29.52273765499702
155.810878	29.52273765499702
155.810878	29.52273765499702
155.858979	29.522742364039626
155.858979	29.522742364039626
155.870878	29.522743194832493
155.88288	29.522743949899063
155.894943	29.522744358842406
155.894943	29.522744358842406
155.918972	29.522744832807238
155.918972	29.522744832807238
155.918972	29.522744832807238
155.942878	29.522745009367547
155.942878	29.522745009367547
155.966877	29.522744733840835
155.966877	29.522744733840835
155.966877	29.522744733840835
155.966877	29.522744733840835
155.966877	29.522744733840835
155.966877	29.522744733840835
155.978974	29.522744142912398
156.038982	29.522743320577067
156.038982	29.522743320577067
156.038982	29.522743320577067
156.038982	29.522743320577067
156.074954	29.522728144600958
156.074954	29.522728144600958
156.098975	29.522714015316762
156.098975	29.522714015316762
156.098975	29.522714015316762
156.098975	29.522714015316762
156.134965	29.522707477573352
156.134965	29.522707477573352
156.15898	29.522706008001212
156.15898	29.522706008001212
156.15898	29.522706008001212
156.15898	29.522706008001212
156.15898	29.522706008001212
156.15898	29.522706008001212
156.219065	29.522740840767906
156.219065	29.522740840767906
156.219065	29.522740840767906
156.219065	29.522740840767906
156.219065	29.522740840767906
156.266878	29.522744047276181
156.278974	29.52274372527026
156.278974	29.52274372527026
156.278974	29.52274372527026
156.278994	29.522743724737843
156.278994	29.522743724737843
156.326897	29.522743310611915
156.339011	29.522743277049802
156.339011	29.522743277049802
156.35099	29.522743259987678
156.362898	29.522743246469471
156.362898	29.522743246469471
156.362898	29.522743246469471
156.362898	29.522743246469471
156.362898	29.522743246469471
156.362898	29.522743246469471
156.362898	29.522743246469471
156.362898	29.522743246469471
156.398992	29.52274323050997
156.458993	29.522743225660907
156.458993	29.522743225660907
156.458993	29.522743225660907
156.458993	29.522743225660907
156.458993	29.522743225660907
156.458993	29.522743225660907
156.518994	29.522743225156272
156.518994	29.522743225156272
156.518994	29.522743225156272
156.518994	29.522743225156272
156.518994	29.522743225156272
156.566898	29.522743225107689
156.578994	29.522743225103756
156.578994	29.522743225103756
156.578994	29.522743225103756
156.578994	29.522743225103756
156.578994	29.522743225103756
156.578994	29.522743225103756
156.638991	29.522743225098292
156.638991	29.522743225098292
156.650984	29.522743225098083
156.650984	29.522743225098083
156.650984	29.522743225098083
156.650984	29.522743225098083
156.698992	29.522744686487684
156.698992	29.522744686487684
156.698992	29.522744686487684
156.698992	29.522744686487684
156.734988	29.522745012728233
156.746969	29.522745056305883
156.759019	29.522745086100628
156.759019	29.522745086100628
156.770898	29.522744550756975
156.770898	29.522744550756975
156.770898	29.522744550756975
156.806897	29.522743562089254
156.818996	29.522743429992619
156.818996	29.522743429992619
156.818996	29.522743429992619
156.818996	29.522743429992619
156.854967	29.522743280164374
156.854967	29.522743280164374
156.879062	29.522744209144303
156.879062	29.522744209144303
156.879062	29.522744209144303
156.879062	29.522744209144303
156.879062	29.522744209144303
156.926898	29.522744973852131
156.938992	29.522745035995449
156.938992	29.522745035995449
156.938992	29.522745035995449
156.938992	29.522745035995449
156.938992	29.522745035995449
156.986898	29.522743941882251
156.999031	29.522743660112649
156.999031	29.522743660112649
156.999031	29.522743660112649
156.999031	29.522743660112649
156.999031	29.522743660112649
157.046901	29.522743299688603
157.058996	29.522743270455731
157.058996	29.522743270455731
157.058996	29.522743270455731
157.082898	29.522744322767835
157.082898	29.522744322767835
157.082898	29.522744322767835
157.118992	29.522744927398932
157.118992	29.522744927398932
157.118992	29.522744927398932
157.142969	29.522745048351918
157.154969	29.522745077355189
157.154969	29.522745077355189
157.179083	29.52274414735156
157.179083	29.52274414735156
157.179083	29.52274414735156
157.202898	29.522743605952193
157.202898	29.522743605952193
157.202898	29.522743605952193
157.238993	29.522743321542183
157.238993	29.522743321542183
157.238993	29.522743321542183
157.238993	29.522743321542183
157.238993	29.522743321542183
157.238993	29.522743321542183
157.298992	29.522752003475269
157.298992	29.522752003475269
157.311198	29.52275289465571
157.311198	29.52275289465571
157.311198	29.52275289465571
157.346916	29.522754213277423
157.359016	29.52275439211429
157.359016	29.52275439211429
157.359016	29.52275439211429
157.359016	29.52275439211429
157.359016	29.52275439211429
157.406987	29.522746804749875
157.406987	29.522746804749875
157.406987	29.522746804749875
157.406987	29.522746804749875
157.406987	29.522746804749875
157.41902	29.522746150896406
157.466916	29.522751943940069
157.47901	29.522763481746843
157.47901	29.522763481746843
157.47901	29.522763481746843
157.502917	29.522774016841616
157.502917	29.522774016841616
157.502917	29.522774016841616
157.539091	29.52277951820615
157.539091	29.52277951820615
157.550916	29.52278011826191
157.550916	29.52278011826191
157.550916	29.52278011826191
157.587036	29.522757507821588
157.59903	29.522751932646631
157.59903	29.522751932646631
157.59903	29.522751932646631
157.622917	29.522746808844637
157.634987	29.522745567492976
157.634987	29.522745567492976
157.634987	29.522745567492976
157.634987	29.522745567492976
157.634987	29.522745567492976
157.659015	29.522744132047347
157.69498	29.522743468953578
157.70692	29.522743380381698
157.719047	29.522743319325865
157.719047	29.522743319325865
157.719047	29.522743319325865
157.719047	29.522743319325865
157.719047	29.522743319325865
157.719047	29.522743319325865
157.779031	29.522753808462049
157.779031	29.522753808462049
157.779031	29.522753808462049
157.779031	29.522753808462049
157.779031	29.522753808462049
157.779031	29.522753808462049
157.839014	29.522763122850662
157.839014	29.522763122850662
157.839014	29.522763122850662
157.839014	29.522763122850662
157.839014	29.522763122850662
157.886917	29.52275110087367
157.899012	29.522748012684215
157.899012	29.522748012684215
157.899012	29.522748012684215
157.899012	29.522748012684215
157.899012	29.522748012684215
157.899012	29.522748012684215
157.899012	29.522748012684215
157.959014	29.522743723304821
157.971134	29.522743557937265
157.982917	29.52274342996871
157.994982	29.522743359034106
158.006916	29.522743310405065
158.019013	29.522743276950525
158.019013	29.522743276950525
158.019013	29.522743276950525
158.019013	29.522743276950525
158.019013	29.522743276950525
158.019013	29.522743276950525
158.079036	29.522743230487542
158.079036	29.522743230487542
158.079036	29.522743230487542
158.079036	29.522743230487542
158.114984	29.522743226548233
158.114984	29.522743226548233
158.139011	29.522743225659351
158.139011	29.522743225659351
158.139011	29.522743225659351
158.139011	29.522743225659351
158.139011	29.522743225659351
158.139011	29.522743225659351
158.199097	29.522744689040415
158.199097	29.522744689040415
158.210923	29.522744832543133
158.210923	29.522744832543133
158.210923	29.522744832543133
158.210923	29.522744832543133
158.259012	29.522745086089401
158.259012	29.522745086089401
158.270917	29.522756129304852
158.270917	29.522756129304852
158.270917	29.522756129304852
158.270917	29.522756129304852
158.319039	29.522779089727557
158.319059	29.522779094202825
158.319059	29.522779094202825
158.319059	29.522779094202825
158.319059	29.522779094202825
158.319059	29.522779094202825
158.379034	29.522762654218155
158.379034	29.522762654218155
158.379034	29.522762654218155
158.379034	29.522762654218155
158.379034	29.522762654218155
158.426946	29.522746552236057
158.439064	29.522745243912922
158.439064	29.522745243912922
158.439064	29.522745243912922
158.439064	29.522745243912922
158.439064	29.522745243912922
158.439064	29.522745243912922
158.499035	29.522736123470619
158.499035	29.522736123470619
158.510936	29.522735329128274
158.510936	29.522735329128274
158.535009	29.522734342960778
158.546937	29.522734105499843
158.559052	29.522733941555206
158.559052	29.522733941555206
158.559052	29.522733941555206
158.559052	29.522733941555206
158.559052	29.522733941555206
158.559052	29.522733941555206
158.619031	29.522743902828758
158.619031	29.522743902828758
158.619031	29.522743902828758
158.642937	29.52274462663874
158.642937	29.52274462663874
158.642937	29.52274462663874
158.679032	29.522744043200401
158.679032	29.522744043200401
158.679032	29.522744043200401
158.679032	29.522744043200401
158.679032	29.522744043200401
158.679032	29.522744043200401
158.73906	29.5227433101131
158.73906	29.5227433101131
158.73906	29.5227433101131
158.73906	29.5227433101131
158.73906	29.5227433101131
158.73906	29.5227433101131
158.799033	29.522743233958273
158.799033	29.522743233958273
158.799033	29.522743233958273
158.799033	29.522743233958273
158.799033	29.522743233958273
158.799033	29.522743233958273
158.799033	29.522743233958273
158.859109	29.522743226016068
158.871045	29.522743225716411
158.871045	29.522743225716411
158.871045	29.522743225716411
158.906936	29.522743225255613
158.919031	29.52274322519364
158.919031	29.52274322519364
158.919031	29.52274322519364
158.942936	29.522743225137141
158.942936	29.522743225137141
158.966937	29.522743225114095
158.979032	29.522743225107643
158.979032	29.522743225107643
158.979032	29.522743225107643
159.002936	29.522743225101767
159.002936	29.522743225101767
159.002936	29.522743225101767
159.039037	29.522743225098697
159.039037	29.522743225098697
159.039037	29.522743225098697
159.039037	29.522743225098697
159.039037	29.522743225098697
159.039037	29.522743225098697
159.099033	29.522743225097766
159.099033	29.522743225097766
159.099033	29.522743225097766
159.099033	29.522743225097766
159.099033	29.522743225097766
159.146937	29.522743225097678
159.159036	29.522743225097667
159.159036	29.522743225097667
159.159036	29.522743225097667
159.159036	29.522743225097667
159.159036	29.522743225097667
159.206947	29.52274322509766
159.219049	29.52274322509766
159.219049	29.52274322509766
159.219049	29.52274322509766
159.219049	29.52274322509766
159.255074	29.52274322509766
159.266936	29.52274322509766
159.279058	29.52274322509766
159.279058	29.52274322509766
159.279058	29.52274322509766
159.279058	29.52274322509766
159.315001	29.52274322509766
159.326955	29.52274322509766
159.339068	29.52274322509766
159.339068	29.52274322509766
159.339068	29.52274322509766
159.339068	29.52274322509766
159.37502	29.52274322509766
159.37502	29.52274322509766
159.399052	29.52274322509766
159.399052	29.52274322509766
159.399052	29.52274322509766
159.399052	29.52274322509766
159.435022	29.52274322509766
159.435022	29.52274322509766
159.459058	29.52274322509766
159.459058	29.52274322509766
159.459058	29.52274322509766
159.459058	29.52274322509766
159.495021	29.52274322509766
159.495021	29.52274322509766
159.519125	29.52274322509766
159.519125	29.52274322509766
159.519125	29.52274322509766
159.519125	29.52274322509766
159.519125	29.52274322509766
159.519125	29.52274322509766
159.57907	29.52274322509766
159.57907	29.52274322509766
159.57907	29.52274322509766
159.57907	29.52274322509766
159.57907	29.52274322509766
159.57907	29.52274322509766
159.63905	29.52274322509766
159.63905	29.52274322509766
159.63905	29.52274322509766
159.63905	29.52274322509766
159.63905	29.52274322509766
159.63905	29.52274322509766
159.699055	29.52274322509766
159.699055	29.52274322509766
159.699055	29.52274322509766
159.699055	29.52274322509766
159.735028	29.52274322509766
159.746956	29.52274322509766
159.759067	29.52274322509766
159.759067	29.52274322509766
159.759067	29.52274322509766
159.759067	29.52274322509766
159.759067	29.52274322509766
159.759067	29.52274322509766
159.759067	29.52274322509766
159.759067	29.52274322509766
159.759067	29.52274322509766
159.759067	29.52274322509766
159.759067	29.52274322509766
159.819135	29.52274322509766
159.87905	29.52274322509766
159.87905	29.52274322509766
159.87905	29.52274322509766
159.87905	29.52274322509766
159.87905	29.52274322509766
159.926966	29.52274322509766
159.939048	29.52274322509766
159.939048	29.52274322509766
159.939048	29.52274322509766
159.939048	29.52274322509766
159.975022	29.52274322509766
159.986976	29.52274322509766
159.999051	29.52274322509766
159.999051	29.52274322509766
159.999051	29.52274322509766
159.999051	29.52274322509766
159.999051	29.52274322509766
159.999051	29.52274322509766
160.059056	29.52274322509766
160.059056	29.52274322509766
160.071008	29.52274322509766
160.071008	29.52274322509766
160.071008	29.52274322509766
160.071008	29.52274322509766
160.119073	29.52274322509766
160.119073	29.52274322509766
160.130956	29.52274322509766
160.130956	29.52274322509766
160.130956	29.52274322509766
160.166955	29.52274322509766
160.179121	29.52274322509766
160.179121	29.52274322509766
160.179121	29.52274322509766
160.179121	29.52274322509766
160.215105	29.52274322509766
160.226981	29.52274322509766
160.239051	29.52274322509766
160.239051	29.52274322509766
160.239051	29.52274322509766
160.239051	29.52274322509766
160.239051	29.52274322509766
160.286956	29.52274322509766
160.299087	29.52274322509766
160.299087	29.52274322509766
160.299087	29.52274322509766
160.299107	29.52274322509766
160.299107	29.52274322509766
160.346979	29.52274322509766
160.359071	29.52274322509766
160.359071	29.52274322509766
160.371078	29.52274322509766
160.371078	29.52274322509766
160.395042	29.52274322509766
160.395042	29.52274322509766
160.419078	29.52274322509766
160.419078	29.52274322509766
160.419078	29.52274322509766
160.443047	29.52274322509766
160.455045	29.52274322509766
160.455045	29.52274322509766
160.479174	29.52274322509766
160.479174	29.52274322509766
160.479174	29.52274322509766
160.479174	29.52274322509766
160.479174	29.52274322509766
160.479174	29.52274322509766
160.539076	29.52274322509766
160.539076	29.52274322509766
160.539076	29.52274322509766
160.562975	29.52274322509766
160.575108	29.52274322509766
160.575108	29.52274322509766
160.59907	29.52274322509766
160.59907	29.52274322509766
160.59907	29.52274322509766
160.622996	29.52274322509766
160.635041	29.52274322509766
160.635041	29.52274322509766
160.659093	29.52274322509766
160.659093	29.52274322509766
160.659093	29.52274322509766
160.659093	29.52274322509766
160.659093	29.52274322509766
160.707063	29.52274322509766
160.719082	29.52274322509766
160.719082	29.52274322509766
160.719082	29.52274322509766
160.719082	29.52274322509766
160.719082	29.52274322509766
160.719082	29.52274322509766
160.779073	29.522744188450787
160.779073	29.522744188450787
160.779073	29.522744188450787
160.802976	29.522744743693583
160.815065	29.522744878791915
160.815065	29.522744878791915
160.839139	29.522745034548425
160.839139	29.522745034548425
160.850976	29.522745066213556
160.850976	29.522745066213556
160.875052	29.522745106032502
160.886996	29.522745115614612
160.899075	29.522745122222716
160.899075	29.522745122222716
160.899075	29.522745122222716
160.899075	29.522745122222716
160.935047	29.522745129696712
160.935047	29.522745129696712
160.959074	29.52274513138223
160.959074	29.52274513138223
160.959074	29.52274513138223
160.959074	29.52274513138223
160.959074	29.52274513138223
160.959074	29.52274513138223
161.019114	29.522745132335785
161.019114	29.522745132335785
161.019114	29.522745132335785
161.019114	29.522745132335785
161.019114	29.522745132335785
161.019114	29.522745132335785
161.079073	29.522744169081637
161.079073	29.522744169081637
161.079073	29.522744169081637
161.079073	29.522744169081637
161.079073	29.522744169081637
161.079073	29.522744169081637
161.13911	29.522743323146766
161.13911	29.522743323146766
161.13911	29.522743323146766
161.13911	29.522743323146766
161.175039	29.52274325152624
161.175039	29.52274325152624
161.199091	29.522743235312351
161.199091	29.522743235312351
161.199091	29.522743235312351
161.199091	29.522743235312351
161.199091	29.522743235312351
161.199091	29.522743235312351
161.259078	29.522743226161474
161.259078	29.522743226161474
161.271063	29.5227432258127
161.282996	29.522743225535621
161.295041	29.522743225383888
161.295041	29.522743225383888
161.319088	29.522743225208313
161.319108	29.522743225208195
161.319108	29.522743225208195
161.319108	29.522743225208195
161.355064	29.522743225127417
161.367067	29.522743225116589
161.379095	29.522743225109171
161.379095	29.522743225109171
161.379095	29.522743225109171
161.379095	29.522743225109171
161.379095	29.522743225109171
161.426996	29.522743225099632
161.43911	29.522743225098854
161.43911	29.522743225098854
161.43911	29.522743225098854
161.43911	29.522743225098854
161.43911	29.522743225098854
161.43911	29.522743225098854
161.499158	29.522743225097784
161.499158	29.522743225097784
161.499158	29.522743225097784
161.499158	29.522743225097784
161.499158	29.522743225097784
161.54702	29.522743225097678
161.559094	29.522743225097667
161.559094	29.522743225097667
161.559094	29.522743225097667
161.582995	29.52274322509766
161.582995	29.52274322509766
161.606996	29.52274322509766
161.619089	29.52274322509766
161.619089	29.52274322509766
161.619089	29.52274322509766
161.619089	29.52274322509766
161.619089	29.52274322509766
161.619089	29.52274322509766
161.679127	29.52274322509766
161.679127	29.52274322509766
161.679127	29.52274322509766
161.679127	29.52274322509766
161.679127	29.52274322509766
161.679127	29.52274322509766
161.739097	29.52274322509766
161.739097	29.52274322509766
161.739097	29.52274322509766
161.739097	29.52274322509766
161.775062	29.52274322509766
161.775062	29.52274322509766
161.799094	29.52274322509766
161.799094	29.52274322509766
161.799094	29.52274322509766
161.799094	29.52274322509766
161.83506	29.52274322509766
161.846996	29.52274322509766
161.859098	29.52274322509766
161.859098	29.52274322509766
161.859098	29.52274322509766
161.859098	29.52274322509766
161.859098	29.52274322509766
161.859098	29.52274322509766
161.859098	29.52274322509766
161.859098	29.52274322509766
161.91909	29.52274322509766
161.943016	29.52274322509766
161.943016	29.52274322509766
161.943016	29.52274322509766
161.979091	29.52274322509766
161.979091	29.52274322509766
161.979091	29.52274322509766
162.002996	29.52274322509766
162.015068	29.52274322509766
162.015068	29.52274322509766
162.039094	29.52274322509766
162.039094	29.52274322509766
162.039094	29.52274322509766
162.039094	29.52274322509766
162.039094	29.52274322509766
162.086996	29.522744401484566
162.099094	29.522744688910954
162.099094	29.522744688910954
162.099094	29.522744688910954
162.122996	29.522744949690889
162.122996	29.522744949690889
162.122996	29.522744949690889
162.122996	29.522744949690889
162.159187	29.522745086516021
162.171027	29.522744544391383
162.182995	29.522744032095314
162.195064	29.522743751960547
162.207301	29.522743557678389
162.219093	29.522743428933573
162.219093	29.522743428933573
162.219093	29.522743428933573
162.219093	29.522743428933573
162.255064	29.522743279930054
162.266996	29.522743260057016
162.266996	29.522743260057016
162.266996	29.522743260057016
162.266996	29.522743260057016
162.266996	29.522743260057016
162.266996	29.522743260057016
162.279092	29.522743246312682
162.339161	29.522743227297415
162.339161	29.522743227297415
162.339161	29.522743227297415
162.363016	29.522743226006789
162.363016	29.522743226006789
162.363016	29.522743226006789
162.399111	29.522743225327211
162.399111	29.522743225327211
162.399111	29.522743225327211
162.399111	29.522743225327211
162.399111	29.522743225327211
162.399111	29.522743225327211
162.459194	29.522743225121442
162.459194	29.522743225121442
162.459194	29.522743225121442
162.459194	29.522743225121442
162.459194	29.522743225121442
162.459194	29.522743225121442
162.51911	29.522743225100143
162.51911	29.522743225100143
162.51911	29.522743225100143
162.51911	29.522743225100143
162.51911	29.522743225100143
162.51911	29.522743225100143
162.579132	29.522743225097912
162.579132	29.522743225097912
162.579132	29.522743225097912
162.603017	29.522743225097759
162.615095	29.522743225097724
162.615095	29.522743225097724
162.639111	29.522743225097681
162.639111	29.522743225097681
162.639111	29.522743225097681
162.639111	29.522743225097681
162.639111	29.522743225097681
162.687087	29.52274322509766
162.699114	29.52274322509766
162.699114	29.52274322509766
162.711036	29.52274322509766
162.711036	29.52274322509766
162.711036	29.52274322509766
162.711036	29.52274322509766
162.711036	29.52274322509766
162.711036	29.52274322509766
162.759135	29.52274322509766
162.783016	29.522755125220812
162.783016	29.522755125220812
162.783016	29.522755125220812
162.819179	29.522761921461992
162.819179	29.522761921461992
162.819179	29.522761921461992
162.843036	29.522763261416223
162.843036	29.522763261416223
162.867053	29.522760250663971
162.879153	29.522754293909149
162.879153	29.522754293909149
162.879153	29.522754293909149
162.879153	29.522754293909149
162.879153	29.522754293909149
162.879153	29.522754293909149
162.939111	29.522746088062544
162.939111	29.522746088062544
162.939111	29.522746088062544
162.963015	29.522748419737226
162.963015	29.522748419737226
162.963015	29.522748419737226
162.999119	29.522773055595597
162.999119	29.522773055595597
163.011017	29.522775760203515
163.023016	29.522777942708355
163.023016	29.522777942708355
163.023016	29.522777942708355
163.059113	29.522780506268141
