#1
double table_SOG(16300,2)
0	0
0.06	0.0049199800827797319
0.06	0.0049199800827797319
0.06	0.0049199800827797319
0.06	0.0049199800827797319
0.06	0.0049199800827797319
0.06	0.0049199800827797319
0.120029	0.0058133745045332186
0.120029	0.0058133745045332186
0.120029	0.0058133745045332186
0.120029	0.0058133745045332186
0.156	0.0063179238073576552
0.168024	0.0064983931511477695
0.180022	0.0066816949815067068
0.180022	0.0066816949815067068
0.192002	0.0068733562628677984
0.192002	0.0068733562628677984
0.192002	0.0068733562628677984
0.192002	0.0068733562628677984
0.240004	0.0076726716749064118
0.240004	0.0076726716749064118
0.252022	0.0078787742664534685
0.252022	0.0078787742664534685
0.252022	0.0078787742664534685
0.252022	0.0078787742664534685
0.3	0.0086897641385782643
0.3	0.0086897641385782643
0.3	0.0086897641385782643
0.324	0.0090683345150513843
0.324	0.0090683345150513843
0.324	0.0090683345150513843
0.360109	0.0095787689137580238
0.360109	0.0095787689137580238
0.360109	0.0095787689137580238
0.360109	0.0095787689137580238
0.360109	0.0095787689137580238
0.360109	0.0095787689137580238
0.420002	0.010158205404594519
0.420002	0.010158205404594519
0.420002	0.010158205404594519
0.420002	0.010158205404594519
0.420002	0.010158205404594519
0.420002	0.010158205404594519
0.48	0.010267934381506354
0.48	0.010267934381506354
0.48	0.010267934381506354
0.480003	0.010267920968298478
0.480003	0.010267920968298478
0.528031	0.0099315267747125662
0.540023	0.0097966803919625409
0.552004	0.0096216492751572211
0.552004	0.0096216492751572211
0.552004	0.0096216492751572211
0.552004	0.0096216492751572211
0.552004	0.0096216492751572211
0.600003	0.0087273036159934703
0.600003	0.0087273036159934703
0.600003	0.0087273036159934703
0.600003	0.0087273036159934703
0.600003	0.0087273036159934703
0.600003	0.0087273036159934703
0.660003	0.0071452255743892547
0.660003	0.0071452255743892547
0.660003	0.0071452255743892547
0.660003	0.0071452255743892547
0.696003	0.0060181150687589275
0.696003	0.0060181150687589275
0.720012	0.0052254597860871901
0.720012	0.0052254597860871901
0.720012	0.0052254597860871901
0.720012	0.0052254597860871901
0.720012	0.0052254597860871901
0.720012	0.0052254597860871901
0.780024	0.0031966392488104707
0.780024	0.0031966392488104707
0.780024	0.0031966392488104707
0.780024	0.0031966392488104707
0.780024	0.0031966392488104707
0.780024	0.0031966392488104707
0.840025	0.0012952412231163519
0.840025	0.0012952412231163519
0.840025	0.0012952412231163519
0.840025	0.0012952412231163519
0.840025	0.0012952412231163519
0.840025	0.0012952412231163519
0.900035	0.00037409130778528099
0.900035	0.00037409130778528099
0.900035	0.00037409130778528099
0.900035	0.00037409130778528099
0.900035	0.00037409130778528099
0.900035	0.00037409130778528099
0.960003	0.0014983741169261539
0.960003	0.0014983741169261539
0.960003	0.0014983741169261539
0.960003	0.0014983741169261539
0.960003	0.0014983741169261539
0.960003	0.0014983741169261539
1.020121	0.0021656929764351318
1.020121	0.0021656929764351318
1.03201	0.0022307992969335362
1.03201	0.0022307992969335362
1.03201	0.0022307992969335362
1.03201	0.0022307992969335362
1.080004	0.0023267886360714982
1.080004	0.0023267886360714982
1.080004	0.0023267886360714982
1.080004	0.0023267886360714982
1.080004	0.0023267886360714982
1.080004	0.0023267886360714982
1.140003	0.0020197185000355006
1.140003	0.0020197185000355006
1.152044	0.0019074659043218955
1.152044	0.0019074659043218955
1.152044	0.0019074659043218955
1.152044	0.0019074659043218955
1.200024	0.0014083367870712741
1.200024	0.0014083367870712741
1.200024	0.0014083367870712741
1.200024	0.0014083367870712741
1.236024	0.0011737938329283337
1.236024	0.0011737938329283337
1.260013	0.0012450943184361962
1.260013	0.0012450943184361962
1.260013	0.0012450943184361962
1.260013	0.0012450943184361962
1.260013	0.0012450943184361962
1.308047	0.0020300909464452928
1.320004	0.002289807885139019
1.332026	0.0025755789121301486
1.332026	0.0025755789121301486
1.332026	0.0025755789121301486
1.332026	0.0025755789121301486
1.332026	0.0025755789121301486
1.380004	0.0037645992806281934
1.380004	0.0037645992806281934
1.380004	0.0037645992806281934
1.380004	0.0037645992806281934
1.380004	0.0037645992806281934
1.380004	0.0037645992806281934
1.440024	0.0052047846458112019
1.440024	0.0052047846458112019
1.440024	0.0052047846458112019
1.440024	0.0052047846458112019
1.440024	0.0052047846458112019
1.440024	0.0052047846458112019
1.500004	0.0063650377221232575
1.500004	0.0063650377221232575
1.500008	0.0063650966174555257
1.500008	0.0063650966174555257
1.500008	0.0063650966174555257
1.500008	0.0063650966174555257
1.560012	0.0070831523011850375
1.560012	0.0070831523011850375
1.560012	0.0070831523011850375
1.560012	0.0070831523011850375
1.560012	0.0070831523011850375
1.560012	0.0070831523011850375
1.620007	0.0072717446566179051
1.620007	0.0072717446566179051
1.620007	0.0072717446566179051
1.620007	0.0072717446566179051
1.620007	0.0072717446566179051
1.620007	0.0072717446566179051
1.680135	0.0069218979476124241
1.680135	0.0069218979476124241
1.680135	0.0069218979476124241
1.680135	0.0069218979476124241
1.680135	0.0069218979476124241
1.680135	0.0069218979476124241
1.680135	0.0069218979476124241
1.680135	0.0069218979476124241
1.680135	0.0069218979476124241
1.680135	0.0069218979476124241
1.680135	0.0069218979476124241
1.680135	0.0069218979476124241
1.800008	0.0049111115392997682
1.800008	0.0049111115392997682
1.800008	0.0049111115392997682
1.824011	0.0043620537622434744
1.836027	0.0040770919539014523
1.848033	0.0037864247362086705
1.860028	0.0034930744127128687
1.860028	0.0034930744127128687
1.860028	0.0034930744127128687
1.860028	0.0034930744127128687
1.860028	0.0034930744127128687
1.860028	0.0034930744127128687
1.920008	0.0019943871053123528
1.932009	0.0017020096426118708
1.932009	0.0017020096426118708
1.932009	0.0017020096426118708
1.932009	0.0017020096426118708
1.932009	0.0017020096426118708
1.980008	0.00065778043096980526
1.980008	0.00065778043096980526
1.980008	0.00065778043096980526
1.980008	0.00065778043096980526
1.980008	0.00065778043096980526
1.980008	0.00065778043096980526
1.980008	0.00065778043096980526
2.052009	0.0012640202835486236
2.052009	0.0012640202835486236
2.052009	0.0012640202835486236
2.052009	0.0012640202835486236
2.052009	0.0012640202835486236
2.100028	0.0020862261894977899
2.100028	0.0020862261894977899
2.100028	0.0020862261894977899
2.100028	0.0020862261894977899
2.100028	0.0020862261894977899
2.14804	0.0027097400928206053
2.160007	0.0028340826195284901
2.172008	0.0029311996433441559
2.172008	0.0029311996433441559
2.172008	0.0029311996433441559
2.172008	0.0029311996433441559
2.172008	0.0029311996433441559
2.220012	0.0031716839826385359
2.220012	0.0031716839826385359
2.232032	0.0031779337136820726
2.232032	0.0031779337136820726
2.232032	0.0031779337136820726
2.232032	0.0031779337136820726
2.280007	0.0030438978082643572
2.280007	0.0030438978082643572
2.280007	0.0030438978082643572
2.280007	0.0030438978082643572
2.280007	0.0030438978082643572
2.280007	0.0030438978082643572
2.340135	0.0024519527360428325
2.340135	0.0024519527360428325
2.340135	0.0024519527360428325
2.340135	0.0024519527360428325
2.340135	0.0024519527360428325
2.340135	0.0024519527360428325
2.400008	0.0015097035689328234
2.400008	0.0015097035689328234
2.400008	0.0015097035689328234
2.400008	0.0015097035689328234
2.400008	0.0015097035689328234
2.400008	0.0015097035689328234
2.460008	0.00086257807952559067
2.460008	0.00086257807952559067
2.460008	0.00086257807952559067
2.460008	0.00086257807952559067
2.460008	0.00086257807952559067
2.460008	0.00086257807952559067
2.520049	0.0018552795813494543
2.520053	0.0018553718000984083
2.520053	0.0018553718000984083
2.544011	0.0024084762016907029
2.544011	0.0024084762016907029
2.544011	0.0024084762016907029
2.580012	0.003234975953922704
2.580012	0.003234975953922704
2.580012	0.003234975953922704
2.580012	0.003234975953922704
2.580012	0.003234975953922704
2.580012	0.003234975953922704
2.640012	0.0044450698317255359
2.640012	0.0044450698317255359
2.640012	0.0044450698317255359
2.640012	0.0044450698317255359
2.640012	0.0044450698317255359
2.640012	0.0044450698317255359
2.700011	0.0052958556893009405
2.700011	0.0052958556893009405
2.700011	0.0052958556893009405
2.700011	0.0052958556893009405
2.700011	0.0052958556893009405
2.748048	0.0056462862058472988
2.760032	0.0056941188165780289
2.772013	0.0057104290933195382
2.772013	0.0057104290933195382
2.772013	0.0057104290933195382
2.772013	0.0057104290933195382
2.772013	0.0057104290933195382
2.820012	0.005622325451172857
2.820012	0.005622325451172857
2.820012	0.005622325451172857
2.820012	0.005622325451172857
2.820012	0.005622325451172857
2.820012	0.005622325451172857
2.880016	0.0051250368285688649
2.880016	0.0051250368285688649
2.892049	0.0049768787840755091
2.892049	0.0049768787840755091
2.892049	0.0049768787840755091
2.892049	0.0049768787840755091
2.940012	0.0042877123416562597
2.952013	0.0040855457442637213
2.952013	0.0040855457442637213
2.952013	0.0040855457442637213
2.952013	0.0040855457442637213
2.952013	0.0040855457442637213
3.00012	0.0032119658004388235
3.00012	0.0032119658004388235
3.00012	0.0032119658004388235
3.024032	0.0027412952917268019
3.036012	0.0025002393289774846
3.036012	0.0025002393289774846
3.060032	0.0020102005597683707
3.060032	0.0020102005597683707
3.060032	0.0020102005597683707
3.060032	0.0020102005597683707
3.060032	0.0020102005597683707
3.060032	0.0020102005597683707
3.120012	0.00078466810331797026
3.120012	0.00078466810331797026
3.120012	0.00078466810331797026
3.120012	0.00078466810331797026
3.156032	0.00022379226227812546
3.156032	0.00022379226227812546
3.180032	0.00044852391694575201
3.192034	0.00065621090498630308
3.192034	0.00065621090498630308
3.192034	0.00065621090498630308
3.192034	0.00065621090498630308
3.228051	0.0012570678838557644
3.240011	0.0014456015919073395
3.252013	0.0016193326783033907
3.252013	0.0016193326783033907
3.252013	0.0016193326783033907
3.252013	0.0016193326783033907
3.252013	0.0016193326783033907
3.300037	0.002222159382842153
3.300037	0.002222159382842153
3.300037	0.002222159382842153
3.300037	0.002222159382842153
3.300037	0.002222159382842153
3.348045	0.0026097783850988691
3.360011	0.0026762755155990713
3.372013	0.0027171602406875273
3.372013	0.0027171602406875273
3.372013	0.0027171602406875273
3.372013	0.0027171602406875273
3.372013	0.0027171602406875273
3.420032	0.0027460416799632748
3.420032	0.0027460416799632748
3.420032	0.0027460416799632748
3.420032	0.0027460416799632748
3.420032	0.0027460416799632748
3.468037	0.0025033253231026699
3.480012	0.0024097647657976588
3.492013	0.0022913818877067348
3.492013	0.0022913818877067348
3.492013	0.0022913818877067348
3.492013	0.0022913818877067348
3.492013	0.0022913818877067348
3.540016	0.0017130201559478974
3.54002	0.0017129630685936443
3.54002	0.0017129630685936443
3.54002	0.0017129630685936443
3.54002	0.0017129630685936443
3.54002	0.0017129630685936443
3.600015	0.00089379932988746774
3.600015	0.00089379932988746774
3.600015	0.00089379932988746774
3.600015	0.00089379932988746774
3.600015	0.00089379932988746774
3.600015	0.00089379932988746774
3.660143	0.0011205953320694219
3.660143	0.0011205953320694219
3.660143	0.0011205953320694219
3.660143	0.0011205953320694219
3.660143	0.0011205953320694219
3.660143	0.0011205953320694219
3.720015	0.0022527936351706031
3.720015	0.0022527936351706031
3.720015	0.0022527936351706031
3.720015	0.0022527936351706031
3.720015	0.0022527936351706031
3.720015	0.0022527936351706031
3.780016	0.003384934557791229
3.780016	0.003384934557791229
3.780016	0.003384934557791229
3.780016	0.003384934557791229
3.780016	0.003384934557791229
3.780016	0.003384934557791229
3.840036	0.0042789717028196457
3.840036	0.0042789717028196457
3.840036	0.0042789717028196457
3.840036	0.0042789717028196457
3.840036	0.0042789717028196457
3.840036	0.0042789717028196457
3.900015	0.0048214341696552528
3.900015	0.0048214341696552528
3.900015	0.0048214341696552528
3.900015	0.0048214341696552528
3.900015	0.0048214341696552528
3.900015	0.0048214341696552528
3.900015	0.0048214341696552528
3.900015	0.0048214341696552528
3.900015	0.0048214341696552528
3.900015	0.0048214341696552528
3.900015	0.0048214341696552528
3.900015	0.0048214341696552528
4.020017	0.0047274182514955672
4.020017	0.0047274182514955672
4.032016	0.0046330325834444356
4.044015	0.0045317511229324495
4.056073	0.0044161916483587051
4.068049	0.0042888086710731752
4.068049	0.0042888086710731752
4.080036	0.0041551004798598655
4.080036	0.0041551004798598655
4.080036	0.0041551004798598655
4.080036	0.0041551004798598655
4.080036	0.0041551004798598655
4.140028	0.0033308493798981775
4.140028	0.0033308493798981775
4.140028	0.0033308493798981775
4.140028	0.0033308493798981775
4.140028	0.0033308493798981775
4.140028	0.0033308493798981775
4.20002	0.0023471293238788533
4.20002	0.0023471293238788533
4.20002	0.0023471293238788533
4.20002	0.0023471293238788533
4.20002	0.0023471293238788533
4.20002	0.0023471293238788533
4.260053	0.0013091690433980599
4.260053	0.0013091690433980599
4.260053	0.0013091690433980599
4.260053	0.0013091690433980599
4.260053	0.0013091690433980599
4.260053	0.0013091690433980599
4.320147	0.00047856923929654621
4.320147	0.00047856923929654621
4.320147	0.00047856923929654621
4.344035	0.00051601317891699868
4.344035	0.00051601317891699868
4.344035	0.00051601317891699868
4.380015	0.00091495012588008683
4.380015	0.00091495012588008683
4.392015	0.0010697884744913465
4.392015	0.0010697884744913465
4.392015	0.0010697884744913465
4.42804	0.0015111285262233503
4.440016	0.0016471199593773294
4.440016	0.0016471199593773294
4.452057	0.0017687082578615211
4.452057	0.0017687082578615211
4.452057	0.0017687082578615211
4.488049	0.0020784772545361309
4.500036	0.002162789688001392
4.500036	0.002162789688001392
4.512018	0.002226369033276181
4.512018	0.002226369033276181
4.512018	0.002226369033276181
4.512022	0.0022263902582286997
4.560019	0.0023692922363653638
4.572042	0.0023643534572566371
4.572042	0.0023643534572566371
4.572042	0.0023643534572566371
4.572042	0.0023643534572566371
4.572042	0.0023643534572566371
4.62002	0.0022247041736866949
4.62002	0.0022247041736866949
4.632042	0.0021480787398432569
4.632042	0.0021480787398432569
4.632042	0.0021480787398432569
4.632042	0.0021480787398432569
4.68002	0.0017295420389793141
4.68002	0.0017295420389793141
4.68002	0.0017295420389793141
4.68002	0.0017295420389793141
4.68002	0.0017295420389793141
4.68002	0.0017295420389793141
4.74004	0.00093762077463183579
4.74004	0.00093762077463183579
4.74004	0.00093762077463183579
4.74004	0.00093762077463183579
4.74004	0.00093762077463183579
4.74004	0.00093762077463183579
4.80002	0.00028715285461954011
4.80002	0.00028715285461954011
4.80002	0.00028715285461954011
4.80002	0.00028715285461954011
4.80002	0.00028715285461954011
4.80002	0.00028715285461954011
4.860024	0.0012794351080660489
4.860024	0.0012794351080660489
4.860024	0.0012794351080660489
4.860024	0.0012794351080660489
4.860024	0.0012794351080660489
4.860024	0.0012794351080660489
4.920019	0.0023560993822458335
4.920019	0.0023560993822458335
4.932021	0.0025541459682312364
4.932021	0.0025541459682312364
4.932021	0.0025541459682312364
4.932021	0.0025541459682312364
4.980128	0.0032762478315235067
4.980128	0.0032762478315235067
4.980128	0.0032762478315235067
5.00404	0.0035703188521815114
5.00404	0.0035703188521815114
5.00404	0.0035703188521815114
5.00404	0.0035703188521815114
5.040598	0.0039333500714639558
5.040598	0.0039333500714639558
5.040598	0.0039333500714639558
5.040598	0.0039333500714639558
5.040598	0.0039333500714639558
5.100049	0.004257553743795957
5.100049	0.004257553743795957
5.100049	0.004257553743795957
5.100049	0.004257553743795957
5.100049	0.004257553743795957
5.100049	0.004257553743795957
5.16004	0.0042445547401196351
5.16004	0.0042445547401196351
5.172077	0.0041983354206058298
5.172077	0.0041983354206058298
5.19602	0.0040794216541625381
5.19602	0.0040794216541625381
5.220019	0.0039151664318227411
5.220019	0.0039151664318227411
5.232042	0.0038121076431287494
5.244059	0.0037036566591844809
5.256024	0.0035850484753478422
5.256024	0.0035850484753478422
5.28002	0.0033229708975175709
5.28002	0.0033229708975175709
5.292042	0.0031764183270952236
5.30402	0.0030266763465654138
5.316027	0.0028691783941539998
5.316027	0.0028691783941539998
5.34002	0.0025387921232094364
5.34002	0.0025387921232094364
5.34002	0.0025387921232094364
5.36402	0.0021879925120141088
5.37606	0.0020071061275873654
5.37606	0.0020071061275873654
5.40004	0.0016399643109448825
5.40004	0.0016399643109448825
5.40004	0.0016399643109448825
5.40004	0.0016399643109448825
5.40004	0.0016399643109448825
5.40004	0.0016399643109448825
5.460041	0.000706152389659362
5.460041	0.000706152389659362
5.460041	0.000706152389659362
5.460041	0.000706152389659362
5.460041	0.000706152389659362
5.508082	0.00014028197105146739
5.520024	0.00018944506652535421
5.520024	0.00018944506652535421
5.532048	0.00035361107278135672
5.532052	0.00035366568555789666
5.532052	0.00035366568555789666
5.568049	0.00081740542184348516
5.580024	0.00096123116044804678
5.592045	0.0010930067945835256
5.592045	0.0010930067945835256
5.604024	0.0012195919604215386
5.604024	0.0012195919604215386
5.604024	0.0012195919604215386
5.640137	0.00154681933834898
5.640137	0.00154681933834898
5.640137	0.00154681933834898
5.640137	0.00154681933834898
5.640137	0.00154681933834898
5.640137	0.00154681933834898
5.700025	0.0018806019083343435
5.700025	0.0018806019083343435
5.700025	0.0018806019083343435
5.700025	0.0018806019083343435
5.700025	0.0018806019083343435
5.700025	0.0018806019083343435
5.760025	0.0019223743720421108
5.760025	0.0019223743720421108
5.760025	0.0019223743720421108
5.784031	0.0018500773056320495
5.784031	0.0018500773056320495
5.784031	0.0018500773056320495
5.820045	0.0016572460708076083
5.820045	0.0016572460708076083
5.820045	0.0016572460708076083
5.820045	0.0016572460708076083
5.820045	0.0016572460708076083
5.820045	0.0016572460708076083
5.880025	0.0011095152665790645
5.880025	0.0011095152665790645
5.880025	0.0011095152665790645
5.880025	0.0011095152665790645
5.880025	0.0011095152665790645
5.928067	0.00052212667646440178
5.940025	0.0003711087970736556
5.940025	0.0003711087970736556
5.940025	0.0003711087970736556
5.940025	0.0003711087970736556
5.940025	0.0003711087970736556
5.940025	0.0003711087970736556
6.000024	0.000653491246025615
6.000024	0.000653491246025615
6.012029	0.00083861818520067463
6.012029	0.00083861818520067463
6.012029	0.00083861818520067463
6.012029	0.00083861818520067463
6.012029	0.00083861818520067463
6.012029	0.00083861818520067463
6.060045	0.0015856243314252819
6.084045	0.0019455113541644506
6.084045	0.0019455113541644506
6.084045	0.0019455113541644506
6.084045	0.0019455113541644506
6.120046	0.0024496175241619164
6.132037	0.0026009924129882468
6.132037	0.0026009924129882468
6.132037	0.0026009924129882468
6.168085	0.0030127594896331446
6.168085	0.0030127594896331446
6.180029	0.0031340100375320161
6.192047	0.0032390597026742823
6.204025	0.0033377115368642663
6.216045	0.0034247167605435096
6.228048	0.0034989831937629907
6.240025	0.0035668622580684469
6.240025	0.0035668622580684469
6.252048	0.0036156995257241985
6.252048	0.0036156995257241985
6.252048	0.0036156995257241985
6.252048	0.0036156995257241985
6.300134	0.0037128330255602102
6.300134	0.0037128330255602102
6.300134	0.0037128330255602102
6.300134	0.0037128330255602102
6.300134	0.0037128330255602102
6.300134	0.0037128330255602102
6.360025	0.0035735627131216379
6.360025	0.0035735627131216379
6.360025	0.0035735627131216379
6.360025	0.0035735627131216379
6.360025	0.0035735627131216379
6.360025	0.0035735627131216379
6.420025	0.0031807116453694932
6.420025	0.0031807116453694932
6.420025	0.0031807116453694932
6.420025	0.0031807116453694932
6.420025	0.0031807116453694932
6.420025	0.0031807116453694932
6.480055	0.0025874833813861412
6.480055	0.0025874833813861412
6.480055	0.0025874833813861412
6.480055	0.0025874833813861412
6.480055	0.0025874833813861412
6.480055	0.0025874833813861412
6.540025	0.0018617170464970043
6.552025	0.0017065386235806234
6.55203	0.0017064739659044107
6.55203	0.0017064739659044107
6.55203	0.0017064739659044107
6.588163	0.0012354286263051735
6.60003	0.0010808136686480789
6.60003	0.0010808136686480789
6.60003	0.0010808136686480789
6.62403	0.0007795855430258301
6.636028	0.00063757713960316958
6.636028	0.00063757713960316958
6.660028	0.00039824114923482353
6.660028	0.00039824114923482353
6.672036	0.00035408539232977302
6.684028	0.00034382167984345021
6.69607	0.00040068774696473978
6.69607	0.00040068774696473978
6.69607	0.00040068774696473978
6.69607	0.00040068774696473978
6.69607	0.00040068774696473978
6.69607	0.00040068774696473978
6.69607	0.00040068774696473978
6.69607	0.00040068774696473978
6.69607	0.00040068774696473978
6.792028	0.0012265388919743216
6.792028	0.0012265388919743216
6.804028	0.0013126507548083116
6.804028	0.0013126507548083116
6.804028	0.0013126507548083116
6.804028	0.0013126507548083116
6.804028	0.0013126507548083116
6.85205	0.0015683321263079528
6.85205	0.0015683321263079528
6.85205	0.0015683321263079528
6.888058	0.0016609988627033826
6.888058	0.0016609988627033826
6.888058	0.0016609988627033826
6.888058	0.0016609988627033826
6.888058	0.0016609988627033826
6.936028	0.0016414440563986999
6.94806	0.0016086583955886244
6.960147	0.0015696764702657887
6.972054	0.0015143542965298283
6.972054	0.0015143542965298283
6.984048	0.0014529818086312951
6.984048	0.0014529818086312951
6.984048	0.0014529818086312951
6.984048	0.0014529818086312951
6.984048	0.0014529818086312951
6.984048	0.0014529818086312951
6.984048	0.0014529818086312951
6.984048	0.0014529818086312951
6.984048	0.0014529818086312951
6.984048	0.0014529818086312951
6.984048	0.0014529818086312951
7.092079	0.00048476964866760468
7.104145	0.00034111835279135788
7.116048	0.00019406303385460544
7.128053	0.00013514619944727962
7.128053	0.00013514619944727962
7.128053	0.00013514619944727962
7.128053	0.00013514619944727962
7.128053	0.00013514619944727962
7.128053	0.00013514619944727962
7.188052	0.00076974851996156534
7.200028	0.00093387384542936768
7.212028	0.0010968851302459227
7.212028	0.0010968851302459227
7.212028	0.0010968851302459227
7.212028	0.0010968851302459227
7.24807	0.0015742865935830391
7.24807	0.0015742865935830391
7.260754	0.0017363398506961417
7.272049	0.0018739122402840422
7.272049	0.0018739122402840422
7.272049	0.0018739122402840422
7.308065	0.0022830930666981847
7.308065	0.0022830930666981847
7.308065	0.0022830930666981847
7.308065	0.0022830930666981847
7.308065	0.0022830930666981847
7.308065	0.0022830930666981847
7.368112	0.0028190987558218521
7.380049	0.0029030065446489714
7.392029	0.0029716193396131176
7.392029	0.0029716193396131176
7.404048	0.0030349645469912364
7.416028	0.0030873269471226004
7.428053	0.0031287212465666825
7.440028	0.0031644203585368927
7.440028	0.0031644203585368927
7.452038	0.0031834777840519996
7.452038	0.0031834777840519996
7.452038	0.0031834777840519996
7.48809	0.0031905568305453037
7.500053	0.0031764761006772353
7.500053	0.0031764761006772353
7.500053	0.0031764761006772353
7.524046	0.0031113636556121052
7.536048	0.0030660776087480519
7.548061	0.0030110108971877596
7.560028	0.0029513669217376805
7.560032	0.0029513424718171735
7.560032	0.0029513424718171735
7.560032	0.0029513424718171735
7.560032	0.0029513424718171735
7.560032	0.0029513424718171735
7.620652	0.0025181600280817945
7.620652	0.0025181600280817945
7.620652	0.0025181600280817945
7.644052	0.0023055565291509525
7.644052	0.0023055565291509525
7.644052	0.0023055565291509525
7.680032	0.0019438201730027395
7.680032	0.0019438201730027395
7.680032	0.0019438201730027395
7.704032	0.0016816572060460876
7.704032	0.0016816572060460876
7.728056	0.0014087879329526571
7.740032	0.0012704543058611492
7.752076	0.0011292807544732825
7.752076	0.0011292807544732825
7.752076	0.0011292807544732825
7.776052	0.00084743466797549305
7.776052	0.00084743466797549305
7.776052	0.00084743466797549305
7.776052	0.00084743466797549305
7.776052	0.00084743466797549305
7.776052	0.00084743466797549305
7.776052	0.00084743466797549305
7.800052	0.00056644203927499852
7.860032	0.0001253071245349669
7.860032	0.0001253071245349669
7.860032	0.0001253071245349669
7.884069	0.00036292536141928182
7.884069	0.00036292536141928182
7.884069	0.00036292536141928182
7.920032	0.00069753925357102535
7.920032	0.00069753925357102535
7.920032	0.00069753925357102535
7.920032	0.00069753925357102535
7.920032	0.00069753925357102535
7.968057	0.0010595607888032438
7.980032	0.0011355948843504208
7.992034	0.0011991522401128521
7.992034	0.0011991522401128521
7.992034	0.0011991522401128521
7.992034	0.0011991522401128521
7.992034	0.0011991522401128521
7.992034	0.0011991522401128521
8.040053	0.0013847417603475496
8.052034	0.0014059645192310507
8.052034	0.0014059645192310507
8.052034	0.0014059645192310507
8.088065	0.001424436955406898
8.100032	0.0014154492937007732
8.100032	0.0014154492937007732
8.100032	0.0014154492937007732
8.100032	0.0014154492937007732
8.136032	0.0013228386687175651
8.149092	0.0012690843040765289
8.149092	0.0012690843040765289
8.149092	0.0012690843040765289
8.149092	0.0012690843040765289
8.185146	0.0010721827139134798
8.185146	0.0010721827139134798
8.185146	0.0010721827139134798
8.185146	0.0010721827139134798
8.185146	0.0010721827139134798
8.185146	0.0010721827139134798
8.185146	0.0010721827139134798
8.209032	0.00090135988279302392
8.269072	0.00035859006163094318
8.281484	0.00023239627140869064
8.281484	0.00023239627140869064
8.281484	0.00023239627140869064
8.281484	0.00023239627140869064
8.281484	0.00023239627140869064
8.329032	0.00030442673403821075
8.329032	0.00030442673403821075
8.329032	0.00030442673403821075
8.329032	0.00030442673403821075
8.329032	0.00030442673403821075
8.377034	0.0008613875578799494
8.389034	0.00099971502279460668
8.389034	0.00099971502279460668
8.389034	0.00099971502279460668
8.389034	0.00099971502279460668
8.389034	0.00099971502279460668
8.437035	0.0015318506174413302
8.437035	0.0015318506174413302
8.449053	0.0016553766788265105
8.461432	0.0017797958377173421
8.461432	0.0017797958377173421
8.461432	0.0017797958377173421
8.461432	0.0017797958377173421
8.509033	0.0021959601674599958
8.52104	0.0022870436688620329
8.533143	0.0023677177136033458
8.533143	0.0023677177136033458
8.533143	0.0023677177136033458
8.533143	0.0023677177136033458
8.569033	0.0025654889961095073
8.569033	0.0025654889961095073
8.581063	0.0026178962783838652
8.581063	0.0026178962783838652
8.581063	0.0026178962783838652
8.581063	0.0026178962783838652
8.629062	0.0027306015902345453
8.64104	0.002740283117120748
8.64104	0.002740283117120748
8.64104	0.002740283117120748
8.64104	0.002740283117120748
8.64104	0.002740283117120748
8.68906	0.0026832278541443167
8.68906	0.0026832278541443167
8.701041	0.002651445501261512
8.701041	0.002651445501261512
8.701041	0.002651445501261512
8.701041	0.002651445501261512
8.749041	0.002438785694182133
8.761061	0.0023705105278740137
8.773121	0.0022924086639971504
8.773121	0.0022924086639971504
8.773121	0.0022924086639971504
8.773121	0.0022924086639971504
8.809044	0.0020305040622022462
8.809044	0.0020305040622022462
8.821061	0.0019341371275507354
8.833117	0.0018308013875546778
8.833117	0.0018308013875546778
8.833117	0.0018308013875546778
8.869041	0.0015045235616084176
8.869041	0.0015045235616084176
8.869041	0.0015045235616084176
8.869041	0.0015045235616084176
8.869041	0.0015045235616084176
8.917039	0.0010353535387663485
8.929085	0.00091485875076786883
8.929085	0.00091485875076786883
8.929085	0.00091485875076786883
8.929085	0.00091485875076786883
8.929085	0.00091485875076786883
8.977059	0.00044378717061997714
8.989039	0.00033823031616574009
8.989039	0.00033823031616574009
9.013106	0.00018757548092507119
9.013106	0.00018757548092507119
9.025156	0.00018052817732670801
9.025156	0.00018052817732670801
9.049039	0.00031404166547802873
9.049039	0.00031404166547802873
9.049039	0.00031404166547802873
9.073484	0.00049949912300799185
9.073484	0.00049949912300799185
9.073484	0.00049949912300799185
9.109059	0.00075355343963194924
9.109059	0.00075355343963194924
9.109059	0.00075355343963194924
9.109059	0.00075355343963194924
9.145138	0.00096730925018481727
9.157064	0.0010264262661365845
9.169039	0.0010774035805125206
9.181039	0.0011247365341468512
9.181039	0.0011247365341468512
9.181039	0.0011247365341468512
9.181039	0.0011247365341468512
9.181039	0.0011247365341468512
9.229039	0.0012315017758233772
9.229039	0.0012315017758233772
9.229039	0.0012315017758233772
9.229039	0.0012315017758233772
9.229039	0.0012315017758233772
9.229039	0.0012315017758233772
9.28906	0.0011948577754993918
9.28906	0.0011948577754993918
9.28906	0.0011948577754993918
9.28906	0.0011948577754993918
9.28906	0.0011948577754993918
9.337046	0.0010290067466961358
9.349059	0.00096793870383483666
9.349059	0.00096793870383483666
9.349059	0.00096793870383483666
9.349059	0.00096793870383483666
9.349059	0.00096793870383483666
9.397039	0.00066511705693328351
9.409039	0.00057400120545526292
9.42106	0.00047996405887378122
9.42106	0.00047996405887378122
9.433116	0.00037925495298310398
9.433116	0.00037925495298310398
9.433116	0.00037925495298310398
9.433116	0.00037925495298310398
9.469043	0.00012223875443084922
9.481483	0.00010085373356049916
9.493112	0.00020067803197043778
9.493112	0.00020067803197043778
9.493112	0.00020067803197043778
9.493112	0.00020067803197043778
9.529041	0.00054447947876851035
9.541041	0.00066354051802814795
9.541041	0.00066354051802814795
9.541041	0.00066354051802814795
9.541046	0.00066358997089624482
9.58909	0.0011306633159408619
9.58909	0.0011306633159408619
9.58909	0.0011306633159408619
9.58909	0.0011306633159408619
9.625145	0.0014558302528684596
9.625145	0.0014558302528684596
9.649044	0.0016512664406731173
9.649044	0.0016512664406731173
9.649044	0.0016512664406731173
9.649044	0.0016512664406731173
9.649044	0.0016512664406731173
9.649044	0.0016512664406731173
9.709044	0.0020500068317597514
9.721091	0.0021133052963828378
9.721091	0.0021133052963828378
9.733652	0.0021685863423850458
9.745197	0.0022143061661053518
9.745197	0.0022143061661053518
9.769064	0.0022868420389598179
9.769064	0.0022868420389598179
9.769064	0.0022868420389598179
9.793109	0.0023315083879012605
9.793109	0.0023315083879012605
9.793109	0.0023315083879012605
9.829065	0.0023426845532414364
9.829065	0.0023426845532414364
9.829065	0.0023426845532414364
9.853151	0.0023142010013689849
9.865149	0.0022896985622404336
9.878072	0.002256253333452001
9.878072	0.002256253333452001
9.902067	0.0021722326289955042
9.902067	0.0021722326289955042
9.902067	0.0021722326289955042
9.902067	0.0021722326289955042
9.938069	0.0020007641553298067
9.950052	0.0019315516003828852
9.962044	0.0018595234174395502
9.962044	0.0018595234174395502
9.97412	0.0017803854885041518
9.97412	0.0017803854885041518
9.97412	0.0017803854885041518
9.97412	0.0017803854885041518
9.97412	0.0017803854885041518
10.022066	0.0014299031656690318
10.034064	0.0013333920562898088
10.046063	0.0012349209371222988
10.046063	0.0012349209371222988
10.070044	0.0010319987188393968
10.070044	0.0010319987188393968
10.070044	0.0010319987188393968
10.070044	0.0010319987188393968
10.070044	0.0010319987188393968
10.070044	0.0010319987188393968
10.070044	0.0010319987188393968
10.070044	0.0010319987188393968
10.070044	0.0010319987188393968
10.070044	0.0010319987188393968
10.070044	0.0010319987188393968
10.070044	0.0010319987188393968
10.190044	0.00012507797123558539
10.190044	0.00012507797123558539
10.190044	0.00012507797123558539
10.190044	0.00012507797123558539
10.190044	0.00012507797123558539
10.190044	0.00012507797123558539
10.190044	0.00012507797123558539
10.190044	0.00012507797123558539
10.190044	0.00012507797123558539
10.190044	0.00012507797123558539
10.287066	0.00070035372553164347
10.299046	0.00076561464514952068
10.299046	0.00076561464514952068
10.299046	0.00076561464514952068
10.299046	0.00076561464514952068
10.299046	0.00076561464514952068
10.299046	0.00076561464514952068
10.359086	0.0010031218194327353
10.371482	0.0010314853839063086
10.371482	0.0010314853839063086
10.371482	0.0010314853839063086
10.371482	0.0010314853839063086
10.371482	0.0010314853839063086
10.419065	0.0010842442486885364
10.419065	0.0010842442486885364
10.419065	0.0010842442486885364
10.419065	0.0010842442486885364
10.455144	0.0010514248591579497
10.455144	0.0010514248591579497
10.455144	0.0010514248591579497
10.455144	0.0010514248591579497
10.455144	0.0010514248591579497
10.455144	0.0010514248591579497
10.479046	0.00099868889200818364
10.527048	0.0008129891305895166
10.539066	0.0007535162468437841
10.551046	0.00068596980038966354
10.551046	0.00068596980038966354
10.551046	0.00068596980038966354
10.55105	0.00068594701407543668
10.58705	0.00045832065889001385
10.599079	0.00037445591507472801
10.611051	0.00028543063204157423
10.62316	0.00019389588739033024
10.62316	0.00019389588739033024
10.62316	0.00019389588739033024
10.647071	7.8299171291293246e-05
10.65905	0.0001049417083358001
10.65905	0.0001049417083358001
10.65905	0.0001049417083358001
10.683117	0.00030150733874653517
10.69515	0.00040429158500382466
10.69515	0.00040429158500382466
10.71905	0.00060858349423957862
10.71905	0.00060858349423957862
10.71905	0.00060858349423957862
10.74312	0.0008112718410666996
10.74312	0.0008112718410666996
10.74312	0.0008112718410666996
10.779069	0.0011012045836568689
10.79105	0.0011915154127044975
10.79105	0.0011915154127044975
10.79105	0.0011915154127044975
10.79105	0.0011915154127044975
10.79105	0.0011915154127044975
10.83905	0.0015210736704166887
10.85105	0.0015908455533031496
10.863142	0.0016582561974717934
10.863142	0.0016582561974717934
10.863142	0.0016582561974717934
10.863142	0.0016582561974717934
10.899053	0.0018245185166407662
10.899053	0.0018245185166407662
10.91107	0.0018667392707721396
10.923112	0.0019056320645963313
10.923112	0.0019056320645963313
10.947049	0.0019617598823143709
10.959048	0.0019825426963192665
10.959048	0.0019825426963192665
10.983117	0.0020012151830823507
10.983117	0.0020012151830823507
10.995148	0.0020009591742105991
11.007048	0.0019946189518849004
11.019095	0.0019839582181489144
11.019095	0.0019839582181489144
11.019095	0.0019839582181489144
11.019095	0.0019839582181489144
11.019095	0.0019839582181489144
11.019095	0.0019839582181489144
11.079067	0.0018347896638330886
11.079067	0.0018347896638330886
11.103114	0.0017363963139063157
11.103114	0.0017363963139063157
11.103114	0.0017363963139063157
11.103114	0.0017363963139063157
11.139048	0.0015557478942136815
11.139048	0.0015557478942136815
11.139048	0.0015557478942136815
11.139048	0.0015557478942136815
11.175168	0.0013373812087449732
11.175168	0.0013373812087449732
11.199088	0.0011781264911442134
11.199088	0.0011781264911442134
11.199088	0.0011781264911442134
11.199088	0.0011781264911442134
11.235163	0.00091980126342502857
11.248073	0.0008240905364378879
11.260048	0.00073457742101174081
11.260048	0.00073457742101174081
11.260048	0.00073457742101174081
11.260048	0.00073457742101174081
11.260048	0.00073457742101174081
11.308073	0.00037434465019397004
11.320068	0.0002863405555108069
11.320068	0.0002863405555108069
11.320068	0.0002863405555108069
11.320068	0.0002863405555108069
11.320068	0.0002863405555108069
11.320068	0.0002863405555108069
11.380048	0.00017942372247208797
11.392056	0.00025244792355421075
11.392056	0.00025244792355421075
11.404204	0.00032570354936707797
11.404204	0.00032570354936707797
11.428095	0.0004641297720776726
11.428095	0.0004641297720776726
11.428095	0.0004641297720776726
11.428095	0.0004641297720776726
11.44005	0.00053011159355645734
11.47605	0.00070048556163415958
11.488091	0.00074820078757379706
11.50005	0.00079299057074029783
11.51205	0.00082955640067829519
11.51205	0.00082955640067829519
11.51205	0.00082955640067829519
11.51205	0.00082955640067829519
11.51205	0.00082955640067829519
11.51205	0.00082955640067829519
11.51205	0.00082955640067829519
11.512055	0.00082957163644076877
11.56007	0.0009307823528239748
11.596055	0.00094493951793472473
11.596055	0.00094493951793472473
11.596055	0.00094493951793472473
11.596055	0.00094493951793472473
11.596055	0.00094493951793472473
11.596055	0.00094493951793472473
11.596055	0.00094493951793472473
11.620076	0.00092758181206826877
11.680059	0.00078271001585986045
11.680059	0.00078271001585986045
11.680059	0.00078271001585986045
11.704055	0.00068688947557180924
11.704055	0.00068688947557180924
11.728079	0.00057283195168037556
11.728079	0.00057283195168037556
11.728079	0.00057283195168037556
11.728079	0.00057283195168037556
11.728079	0.00057283195168037556
11.740055	0.00051113497911846708
11.788086	0.00022338143763613958
11.788086	0.00022338143763613958
11.788086	0.00022338143763613958
11.788086	0.00022338143763613958
11.788086	0.00022338143763613958
11.836055	0.00012988892215442415
11.848114	0.00020757266151979377
11.860055	0.00029227548749678116
11.860055	0.00029227548749678116
11.860055	0.00029227548749678116
11.860055	0.00029227548749678116
11.860055	0.00029227548749678116
11.908078	0.00064031539489632281
11.920074	0.0007260187979323164
11.920074	0.0007260187979323164
11.920074	0.0007260187979323164
11.920074	0.0007260187979323164
11.920074	0.0007260187979323164
11.932099	0.0008093786557207195
11.980075	0.0011221857485828415
11.980075	0.0011221857485828415
11.980075	0.0011221857485828415
12.004055	0.0012589451068625568
12.016073	0.001322245384101025
12.016073	0.001322245384101025
12.040053	0.0014367993281466363
12.040053	0.0014367993281466363
12.040053	0.0014367993281466363
12.040053	0.0014367993281466363
12.040053	0.0014367993281466363
12.088094	0.0016064328553538835
12.088094	0.0016064328553538835
12.088094	0.0016064328553538835
12.088094	0.0016064328553538835
12.088094	0.0016064328553538835
12.088094	0.0016064328553538835
12.088094	0.0016064328553538835
12.088094	0.0016064328553538835
12.160449	0.0017083586531195622
12.160449	0.0017083586531195622
12.160449	0.0017083586531195622
12.160449	0.0017083586531195622
12.160449	0.0017083586531195622
12.160449	0.0017083586531195622
12.220553	0.0016437422599861564
12.232058	0.0016153806196216251
12.244081	0.0015830879209281497
12.244081	0.0015830879209281497
12.244081	0.0015830879209281497
12.280074	0.0019746672940245966
12.280074	0.0019746672940245966
12.280074	0.0019746672940245966
12.280074	0.0019746672940245966
12.316053	0.0092471984399527529
12.328116	0.013049568524226054
12.340094	0.017100053368988746
12.340094	0.017100053368988746
12.352075	0.021557509234376007
12.352075	0.021557509234376007
12.352075	0.021557509234376007
12.388078	0.036541917119976813
12.400053	0.04226379713647279
12.412083	0.048403256659956685
12.412083	0.048403256659956685
12.412083	0.048403256659956685
12.412083	0.048403256659956685
12.448079	0.06721128149716997
12.448079	0.06721128149716997
12.448079	0.06721128149716997
12.448079	0.06721128149716997
12.448079	0.06721128149716997
12.460093	0.073576116648180284
12.509053	0.1036219510039298
12.509053	0.1036219510039298
12.533119	0.12014048974584629
12.533119	0.12014048974584629
12.533119	0.12014048974584629
12.533119	0.12014048974584629
12.533119	0.12014048974584629
12.569053	0.14541482164040043
12.593156	0.16347561219229795
12.593156	0.16347561219229795
12.593156	0.16347561219229795
12.593156	0.16347561219229795
12.629077	0.19206208292221666
12.629077	0.19206208292221666
12.629077	0.19206208292221666
12.629077	0.19206208292221666
12.665155	0.22142018301667227
12.665155	0.22142018301667227
12.689079	0.24263697396854106
12.689079	0.24263697396854106
12.689079	0.24263697396854106
12.689079	0.24263697396854106
12.689079	0.24263697396854106
12.689079	0.24263697396854106
12.749058	0.30295482493143178
12.749058	0.30295482493143178
12.761091	0.31539083979454191
12.761091	0.31539083979454191
12.761091	0.31539083979454191
12.797058	0.35487040200038933
12.809058	0.36886144125373832
12.821079	0.38299242916753762
12.833132	0.39729688295245758
12.833132	0.39729688295245758
12.845212	0.41164233072606454
12.845212	0.41164233072606454
12.869077	0.43991830699505091
12.869077	0.43991830699505091
12.881058	0.45401687820591335
12.881058	0.45401687820591335
12.905263	0.48189928998482456
12.917058	0.49534698267566962
12.929058	0.50892740210644938
12.929058	0.50892740210644938
12.929058	0.50892740210644938
12.929058	0.50892740210644938
12.929058	0.50892740210644938
12.929058	0.50892740210644938
12.989062	0.57914621200865746
13.001078	0.59523959742673516
13.001078	0.59523959742673516
13.013134	0.61220174142945349
13.013134	0.61220174142945349
13.013134	0.61220174142945349
13.049059	0.66367681001396617
13.061059	0.68103524565919304
13.073134	0.6987714103030811
13.073134	0.6987714103030811
13.073134	0.6987714103030811
13.073134	0.6987714103030811
13.109098	0.75386296339847014
13.121064	0.77259273673178819
13.121064	0.77259273673178819
13.133496	0.79211188309879377
13.133496	0.79211188309879377
13.157081	0.82906191436042875
13.16906	0.84788327389531382
13.16906	0.84788327389531382
13.16906	0.84788327389531382
13.16906	0.84788327389531382
13.205168	0.90566585246340536
13.217086	0.92497213508587961
13.22906	0.94434121088307699
13.241103	0.96380274206173144
13.241103	0.96380274206173144
13.241103	0.96380274206173144
13.241103	0.96380274206173144
13.277061	1.0217525091453286
13.28908	1.0415783643845682
13.30106	1.0614837994143076
13.30106	1.0614837994143076
13.30106	1.0614837994143076
13.325213	1.1018876494431598
13.325213	1.1018876494431598
13.34908	1.1416886668107709
13.34908	1.1416886668107709
13.373176	1.1871649457122333
13.373176	1.1871649457122333
13.373176	1.1871649457122333
13.397082	1.2594076208685263
13.40906	1.3065577936489119
13.40906	1.3065577936489119
13.40906	1.3065577936489119
13.40906	1.3065577936489119
13.40906	1.3065577936489119
13.45707	1.5182676563500026
13.46908	1.5683832553649233
13.48106	1.6152901297666158
13.48106	1.6152901297666158
13.48106	1.6152901297666158
13.48106	1.6152901297666158
13.536923	1.7331038425596046
13.548127	1.7513827447672061
13.548127	1.7513827447672061
13.561064	1.772264780327089
13.561064	1.772264780327089
13.585059	1.8197092982601222
13.597179	1.8513467894177285
13.597179	1.8513467894177285
13.597179	1.8513467894177285
13.597179	1.8513467894177285
13.597179	1.8513467894177285
13.597179	1.8513467894177285
13.657264	2.0392771594454673
13.657264	2.0392771594454673
13.657264	2.0392771594454673
13.681064	2.1088823568039334
13.681064	2.1088823568039334
13.681064	2.1088823568039334
13.717178	2.1740506482379951
13.717178	2.1740506482379951
13.729064	2.1914017302348192
13.729064	2.1914017302348192
13.753146	2.2243637839017536
13.753146	2.2243637839017536
13.777189	2.2549872452068378
13.777189	2.2549872452068378
13.777189	2.2549872452068378
13.777189	2.2549872452068378
13.777189	2.2549872452068378
13.777189	2.2549872452068378
13.837165	2.3210878208429695
13.837165	2.3210878208429695
13.849064	2.3334399643676531
13.849064	2.3334399643676531
13.849064	2.3334399643676531
13.849064	2.3334399643676531
13.897168	2.4016572625010162
13.897168	2.4016572625010162
13.909065	2.4269339936810645
13.909065	2.4269339936810645
13.933437	2.4825601816948266
13.933437	2.4825601816948266
13.957194	2.5392962909246646
13.957194	2.5392962909246646
13.969064	2.5648974763673027
13.969064	2.5648974763673027
13.99314	2.6034056214839021
13.99314	2.6034056214839021
14.017165	2.6260620903527339
14.017165	2.6260620903527339
14.017165	2.6260620903527339
14.041064	2.642731818591356
14.053245	2.6501266695312844
14.053245	2.6501266695312844
14.077182	2.6587690901107197
14.077182	2.6587690901107197
14.089069	2.6556881665931584
14.101063	2.6504596199154258
14.113159	2.6434356100265792
14.125064	2.6363519000207316
14.137165	2.6289172908825278
14.137165	2.6289172908825278
14.149064	2.621565332512926
14.161064	2.6141674913258717
14.173146	2.6070253832378354
14.185167	2.6007572023900569
14.197177	2.5956051679814802
14.197177	2.5956051679814802
14.197177	2.5956051679814802
14.197177	2.5956051679814802
14.233148	2.5857367645535367
14.233148	2.5857367645535367
14.257172	2.5812340504701581
14.257172	2.5812340504701581
14.257172	2.5812340504701581
14.281064	2.5782775974964558
14.29314	2.5781871813285728
14.305064	2.5783858801004231
14.317324	2.5789912814778231
14.317324	2.5789912814778231
14.329064	2.5798097085254859
14.329064	2.5798097085254859
14.329064	2.5798097085254859
14.365064	2.5833978449530326
14.377183	2.5858363209908211
14.377183	2.5858363209908211
14.377183	2.5858363209908211
14.377183	2.5858363209908211
14.413151	2.6065690319955057
14.413151	2.6065690319955057
14.437166	2.6251112162118475
14.437166	2.6251112162118475
14.449163	2.6349725194493105
14.449163	2.6349725194493105
14.473147	2.6532765969518906
14.473147	2.6532765969518906
14.497187	2.6641806082764377
14.497187	2.6641806082764377
14.497187	2.6641806082764377
14.497187	2.6641806082764377
14.497187	2.6641806082764377
14.497187	2.6641806082764377
14.55717	2.6737527141860991
14.55717	2.6737527141860991
14.55717	2.6737527141860991
14.55717	2.6737527141860991
14.557175	2.673753241445997
14.605069	2.6761859625609712
14.617173	2.6762720068537313
14.617173	2.6762720068537313
14.629069	2.6762721076421694
14.641068	2.6762417537714636
14.653139	2.6761710816251032
14.653139	2.6761710816251032
14.677196	2.6758068281487728
14.677196	2.6758068281487728
14.689069	2.6752809269170252
14.689069	2.6752809269170252
14.689069	2.6752809269170252
14.689069	2.6752809269170252
14.737165	2.6721553763993766
14.737165	2.6721553763993766
14.749073	2.671291285238838
14.749073	2.671291285238838
14.773141	2.6693940333045547
14.785069	2.6682377176804963
14.797165	2.6668499465144229
14.797165	2.6668499465144229
14.809088	2.6653673484793448
14.809088	2.6653673484793448
14.833141	2.6622477467837964
14.833141	2.6622477467837964
14.833141	2.6622477467837964
14.857644	2.659013454767631
14.857644	2.659013454767631
14.857644	2.659013454767631
14.857644	2.659013454767631
14.857644	2.659013454767631
14.857644	2.659013454767631
14.857644	2.659013454767631
14.857644	2.659013454767631
14.91717	2.649675086951309
14.953143	2.6433779203774805
14.953143	2.6433779203774805
14.977256	2.6390361927209081
14.977256	2.6390361927209081
14.977256	2.6390361927209081
14.977256	2.6390361927209081
14.977256	2.6390361927209081
15.025075	2.629172809010365
15.037187	2.6265819364712697
15.037187	2.6265819364712697
15.049075	2.6240360949492643
15.061075	2.6214587466532211
15.061075	2.6214587466532211
15.085075	2.6160772155825551
15.09717	2.6131916949083545
15.09717	2.6131916949083545
15.09717	2.6131916949083545
15.09717	2.6131916949083545
15.09717	2.6131916949083545
15.09717	2.6131916949083545
15.157179	2.5983181972077385
15.157179	2.5983181972077385
15.169075	2.5952900901482781
15.169075	2.5952900901482781
15.193138	2.5889077150422199
15.193138	2.5889077150422199
15.217186	2.5822175503746347
15.217186	2.5822175503746347
15.217186	2.5822175503746347
15.217186	2.5822175503746347
15.217186	2.5822175503746347
15.217186	2.5822175503746347
15.277186	2.5652312285409606
15.277186	2.5652312285409606
15.277186	2.5652312285409606
15.301075	2.5587078909663759
15.313147	2.5554779037164654
15.313147	2.5554779037164654
15.337169	2.5490905648567415
15.337169	2.5490905648567415
15.349075	2.5459441637084224
15.349075	2.5459441637084224
15.373215	2.5394080122972018
15.385075	2.5359477701456479
15.397186	2.5321652024181969
15.397186	2.5321652024181969
15.397186	2.5321652024181969
15.397186	2.5321652024181969
15.397186	2.5321652024181969
15.397186	2.5321652024181969
15.397186	2.5321652024181969
15.397186	2.5321652024181969
15.397186	2.5321652024181969
15.45717	2.5122442574396793
15.49314	2.4997920197457297
15.49314	2.4997920197457297
15.517171	2.4911966773330412
15.517171	2.4911966773330412
15.529096	2.4869038950336431
15.529096	2.4869038950336431
15.553143	2.4782458929104427
15.565075	2.4739355837740344
15.577225	2.4695237316019361
15.577225	2.4695237316019361
15.589104	2.4651100008289157
15.589109	2.4651081301756186
15.613143	2.4560667758951249
15.613143	2.4560667758951249
15.613143	2.4560667758951249
15.613143	2.4560667758951249
15.613143	2.4560667758951249
15.613143	2.4560667758951249
15.613143	2.4560667758951249
15.63725	2.446950236952961
15.697174	2.4236205774124362
15.697174	2.4236205774124362
15.70908	2.4186484110136965
15.721101	2.4135984999370725
15.721101	2.4135984999370725
15.721101	2.4135984999370725
15.757179	2.3983757573213698
15.757179	2.3983757573213698
15.769153	2.3931578208231201
15.78108	2.3878526219599117
15.793145	2.3819235357666146
15.793145	2.3819235357666146
15.817186	2.3698083181702096
15.817186	2.3698083181702096
15.817186	2.3698083181702096
15.817186	2.3698083181702096
15.853165	2.3513359458008796
15.853165	2.3513359458008796
15.877185	2.3393186957219334
15.877185	2.3393186957219334
15.877185	2.3393186957219334
15.877185	2.3393186957219334
15.877185	2.3393186957219334
15.877185	2.3393186957219334
15.937176	2.3143462257816867
15.937176	2.3143462257816867
15.94908	2.3098322456804543
15.96108	2.3053196069549542
15.973152	2.3008390650316035
15.9851	2.2964030657135859
15.997175	2.2919179057653856
15.997175	2.2919179057653856
15.997175	2.2919179057653856
15.997175	2.2919179057653856
15.997175	2.2919179057653856
15.997175	2.2919179057653856
16.05718	2.2699217306894122
16.05718	2.2699217306894122
16.05718	2.2699217306894122
16.08108	2.2613177179928892
16.093144	2.257001016561937
16.093144	2.257001016561937
16.117192	2.2484442556716253
16.117192	2.2484442556716253
16.117192	2.2484442556716253
16.117192	2.2484442556716253
16.153147	2.235824888172671
16.153147	2.235824888172671
16.17719	2.2274789974101168
16.17719	2.2274789974101168
16.17719	2.2274789974101168
16.17719	2.2274789974101168
16.213146	2.2150560014637284
16.22508	2.2109563458164092
16.237175	2.2068160900552445
16.237175	2.2068160900552445
16.237175	2.2068160900552445
16.237175	2.2068160900552445
16.273145	2.1946015812809883
16.285098	2.1905644091138732
16.29725	2.1864677245341575
16.29725	2.1864677245341575
16.29725	2.1864677245341575
16.29725	2.1864677245341575
16.29725	2.1864677245341575
16.29725	2.1864677245341575
16.357177	2.1664336627026279
16.357177	2.1664336627026279
16.36908	2.1624835457186671
16.36908	2.1624835457186671
16.36908	2.1624835457186671
16.36908	2.1624835457186671
16.417175	2.1465382321824094
16.417175	2.1465382321824094
16.429151	2.1425791012303255
16.429151	2.1425791012303255
16.429151	2.1425791012303255
16.429151	2.1425791012303255
16.477192	2.1268536501005402
16.477192	2.1268536501005402
16.477192	2.1268536501005402
16.477192	2.1268536501005402
16.513154	2.1159328157206794
16.525102	2.1124104813654658
16.537193	2.1088775480801734
16.537193	2.1088775480801734
16.537193	2.1088775480801734
16.537193	2.1088775480801734
16.573151	2.0984756796006492
16.573151	2.0984756796006492
16.597191	2.0915705620439291
16.609087	2.0881667151408974
16.609087	2.0881667151408974
16.609087	2.0881667151408974
16.633157	2.0812978573286118
16.645086	2.0779038986210456
16.657204	2.0744630167946387
16.657204	2.0744630167946387
16.657204	2.0744630167946387
16.657204	2.0744630167946387
16.657204	2.0744630167946387
16.705087	2.061245992927129
16.71718	2.0580045304798644
16.71718	2.0580045304798644
16.71718	2.0580045304798644
16.71718	2.0580045304798644
16.753163	2.0484786097800995
16.753163	2.0484786097800995
16.777215	2.0421378001997148
16.777215	2.0421378001997148
16.777215	2.0421378001997148
16.777215	2.0421378001997148
16.777215	2.0421378001997148
16.777215	2.0421378001997148
16.837192	2.0259929586714271
16.837192	2.0259929586714271
16.849087	2.0227970079078377
16.849087	2.0227970079078377
16.87315	2.0163613322955651
16.87315	2.0163613322955651
16.897214	2.0099780670484013
16.897214	2.0099780670484013
16.897214	2.0099780670484013
16.897214	2.0099780670484013
16.93315	2.000567331484695
16.93315	2.000567331484695
16.957269	1.9943315594797422
16.957269	1.9943315594797422
16.969086	1.9912467407076258
16.969086	1.9912467407076258
16.993176	1.9847251608681207
17.005087	1.9813859828571958
17.017192	1.9779532488516631
17.017192	1.9779532488516631
17.029176	1.9745456193463387
17.029176	1.9745456193463387
17.053173	1.9677317082943264
17.053173	1.9677317082943264
17.053173	1.9677317082943264
17.053173	1.9677317082943264
17.053173	1.9677317082943264
17.053173	1.9677317082943264
17.053173	1.9677317082943264
17.077193	1.9609649752827747
17.137188	1.9444644745039237
17.137188	1.9444644745039237
17.149087	1.941262914471833
17.149087	1.941262914471833
17.149087	1.941262914471833
17.185108	1.9317380243816638
17.197181	1.9286284610756428
17.197181	1.9286284610756428
17.197181	1.9286284610756428
17.221157	1.922554229583822
17.233159	1.9195615131470345
17.233159	1.9195615131470345
17.233159	1.9195615131470345
17.233159	1.9195615131470345
17.233159	1.9195615131470345
17.257226	1.9136143299898885
17.29315	1.9049803713680533
17.30509	1.9021800481877453
17.317217	1.8993638809354865
17.317217	1.8993638809354865
17.329087	1.8966349619677707
17.329087	1.8966349619677707
17.329087	1.8966349619677707
17.329087	1.8966349619677707
17.377194	1.8857562105469989
17.377194	1.8857562105469989
17.38913	1.8831316774915765
17.38913	1.8831316774915765
17.38913	1.8831316774915765
17.425087	1.875353448095364
17.437191	1.8727687508320838
17.437191	1.8727687508320838
17.437191	1.8727687508320838
17.461087	1.867704679873547
17.47315	1.8651897051595658
17.485158	1.862722164474961
17.485158	1.862722164474961
17.485158	1.862722164474961
17.485158	1.862722164474961
17.521132	1.8555534718265707
17.533153	1.8532005703010301
17.533153	1.8532005703010301
17.557199	1.8485156692076987
17.557199	1.8485156692076987
17.557199	1.8485156692076987
17.581107	1.8440489520086467
17.593153	1.8420406785656864
17.593153	1.8420406785656864
17.617265	1.8381896127339556
17.617265	1.8381896127339556
17.629094	1.8363755605122976
17.641094	1.8345506128492952
17.653167	1.8327386171766522
17.665094	1.8309355955807451
17.677199	1.8290880508911223
17.677199	1.8290880508911223
17.689094	1.8271856556061414
17.701094	1.8252346817487701
17.713184	1.8232210358819503
17.725094	1.8212273569071125
17.725094	1.8212273569071125
17.737191	1.8191887668650404
17.749165	1.8171633478734013
17.749165	1.8171633478734013
17.749165	1.8171633478734013
17.749165	1.8171633478734013
17.797194	1.8091885188445602
17.797194	1.8091885188445602
17.797194	1.8091885188445602
17.797194	1.8091885188445602
17.797194	1.8091885188445602
17.797194	1.8091885188445602
17.797194	1.8091885188445602
17.797194	1.8091885188445602
17.797194	1.8091885188445602
17.797194	1.8091885188445602
17.797194	1.8091885188445602
17.797194	1.8091885188445602
17.797194	1.8091885188445602
17.857198	1.7996941557558759
17.917239	1.7907779490781239
17.941094	1.7874127677748004
17.95318	1.7857267877950196
17.965094	1.7840827085071309
17.977238	1.7824313274024826
17.977238	1.7824313274024826
17.977238	1.7824313274024826
17.977238	1.7824313274024826
18.013228	1.7778558101413566
18.013228	1.7778558101413566
18.037187	1.774932297884932
18.037187	1.774932297884932
18.037187	1.774932297884932
18.037187	1.774932297884932
18.073159	1.7704531181707115
18.073159	1.7704531181707115
18.097209	1.7665840759015632
18.097209	1.7665840759015632
18.097209	1.7665840759015632
18.097209	1.7665840759015632
18.133166	1.7597708556940348
18.133166	1.7597708556940348
18.157214	1.7550534772776811
18.157214	1.7550534772776811
18.169094	1.7528790892150998
18.181174	1.7507814955734444
18.181174	1.7507814955734444
18.205094	1.7479244816988952
18.217188	1.7467436740191407
18.217188	1.7467436740191407
18.229096	1.7457101075197374
18.229096	1.7457101075197374
18.229096	1.7457101075197374
18.229096	1.7457101075197374
18.277277	1.7420937908791927
18.277277	1.7420937908791927
18.289094	1.7413787056106207
18.289094	1.7413787056106207
18.289094	1.7413787056106207
18.325095	1.7394531017961805
18.337193	1.7388633542733698
18.337193	1.7388633542733698
18.349094	1.7383044603558908
18.361094	1.7377533639387013
18.361094	1.7377533639387013
18.361094	1.7377533639387013
18.397188	1.7364703923318963
18.397188	1.7364703923318963
18.409165	1.7361730858763829
18.409165	1.7361730858763829
18.433166	1.7356557234402901
18.433166	1.7356557234402901
18.457196	1.7352093867335421
18.457196	1.7352093867335421
18.457196	1.7352093867335421
18.457196	1.7352093867335421
18.457196	1.7352093867335421
18.457196	1.7352093867335421
18.517191	1.7384208562597898
18.517191	1.7384208562597898
18.517191	1.7384208562597898
18.517191	1.7384208562597898
18.553164	1.7426839268038461
18.565094	1.744092099872903
18.565094	1.744092099872903
18.565094	1.744092099872903
18.577205	1.7454246362601626
18.601094	1.7470649091579791
18.613132	1.7475870118940529
18.62512	1.7480566008832252
18.63721	1.7484620774191741
18.63721	1.7484620774191741
18.6491	1.7488170287726501
18.6491	1.7488170287726501
18.6491	1.7488170287726501
18.6491	1.7488170287726501
18.697194	1.7503459074251928
18.697194	1.7503459074251928
18.697194	1.7503459074251928
18.721099	1.7512862818023003
18.733164	1.7517758930672653
18.7451	1.7522598108061742
18.757215	1.752750361820151
18.757215	1.752750361820151
18.757215	1.752750361820151
18.757215	1.752750361820151
18.793164	1.7543863253446341
18.793164	1.7543863253446341
18.817196	1.755652056751462
18.817196	1.755652056751462
18.8291	1.7562955321858214
18.8291	1.7562955321858214
18.853171	1.7575960904096792
18.865099	1.7582494087878311
18.877207	1.758927207553171
18.877207	1.758927207553171
18.877207	1.758927207553171
18.877207	1.758927207553171
18.913178	1.7612207854213948
18.913178	1.7612207854213948
18.937263	1.7628219039924304
18.937263	1.7628219039924304
18.937263	1.7628219039924304
18.937263	1.7628219039924304
18.937263	1.7628219039924304
18.937263	1.7628219039924304
18.997194	1.7669488406174483
18.997194	1.7669488406174483
18.997194	1.7669488406174483
18.997194	1.7669488406174483
19.033171	1.7696705509210275
19.033171	1.7696705509210275
19.057198	1.7714903370993815
19.057198	1.7714903370993815
19.069222	1.7724224527587882
19.069222	1.7724224527587882
19.069222	1.7724224527587882
19.069222	1.7724224527587882
19.117222	1.7765395971452964
19.117222	1.7765395971452964
19.117222	1.7765395971452964
19.117222	1.7765395971452964
19.117222	1.7765395971452964
19.165101	1.7809024869255321
19.177206	1.7820274632632775
19.177206	1.7820274632632775
19.177206	1.7820274632632775
19.177206	1.7820274632632775
19.213163	1.7855978610227423
19.213163	1.7855978610227423
19.237198	1.7880472152953226
19.237198	1.7880472152953226
19.237198	1.7880472152953226
19.2611	1.7904946114152882
19.2611	1.7904946114152882
19.2611	1.7904946114152882
19.297194	1.7943556336434936
19.297194	1.7943556336434936
19.309099	1.795500421982833
19.309099	1.795500421982833
19.309099	1.795500421982833
19.309099	1.795500421982833
19.357196	1.7990265967230312
19.357196	1.7990265967230312
19.369103	1.7997862667221545
19.369103	1.7997862667221545
19.393164	1.8018111999547384
19.4051	1.803156576873145
19.417214	1.804716680094665
19.417214	1.804716680094665
19.4291	1.8063047433894799
19.4291	1.8063047433894799
19.453168	1.8095599788930641
19.465173	1.8111956982024371
19.47723	1.8128522473114188
19.47723	1.8128522473114188
19.47723	1.8128522473114188
19.47723	1.8128522473114188
19.47723	1.8128522473114188
19.47723	1.8128522473114188
19.537195	1.8215608792711167
19.537195	1.8215608792711167
19.54912	1.8233222333484675
19.54912	1.8233222333484675
19.54912	1.8233222333484675
19.5851	1.8287291008518569
19.597263	1.8306308850694817
19.597263	1.8306308850694817
19.597263	1.8306308850694817
19.597274	1.8306326050091666
19.597274	1.8306326050091666
19.64511	1.8382568802970947
19.657212	1.8401939196818262
19.657212	1.8401939196818262
19.657212	1.8401939196818262
19.657212	1.8401939196818262
19.657212	1.8401939196818262
19.70511	1.846736663845256
19.717205	1.8481038765971771
19.717205	1.8481038765971771
19.717205	1.8481038765971771
19.717205	1.8481038765971771
19.717205	1.8481038765971771
19.717205	1.8481038765971771
19.777218	1.8546136794857246
19.777218	1.8546136794857246
19.777218	1.8546136794857246
19.80111	1.8580993212264201
19.813193	1.8600933681583902
19.825111	1.8620942600482768
19.837212	1.8641719542245336
19.837212	1.8641719542245336
19.849111	1.8662354240923724
19.849111	1.8662354240923724
19.873181	1.8704461749511663
19.873181	1.8704461749511663
19.897285	1.8747505260445547
19.897285	1.8747505260445547
19.897285	1.8747505260445547
19.897285	1.8747505260445547
19.933175	1.8812170969165329
19.933175	1.8812170969165329
19.957211	1.8855146087461974
19.957211	1.8855146087461974
19.957211	1.8855146087461974
19.957211	1.8855146087461974
19.957211	1.8855146087461974
19.957211	1.8855146087461974
20.017227	1.8920505086240662
20.017227	1.8920505086240662
20.029199	1.8926841724437486
20.041111	1.8932686316545966
20.041111	1.8932686316545966
20.041111	1.8932686316545966
20.077233	1.8951253385673423
20.077233	1.8951253385673423
20.077233	1.8951253385673423
20.101111	1.8979237332945853
20.113183	1.8997633467862658
20.113183	1.8997633467862658
20.137215	1.9036488514658394
20.137215	1.9036488514658394
20.137215	1.9036488514658394
20.137215	1.9036488514658394
20.137215	1.9036488514658394
20.137215	1.9036488514658394
20.19721	1.9162195057674658
20.19721	1.9162195057674658
20.19721	1.9162195057674658
20.19721	1.9162195057674658
20.233182	1.9275172855489335
20.233182	1.9275172855489335
20.233182	1.9275172855489335
20.257285	1.9354916009537273
20.269512	1.9393073071431901
20.269512	1.9393073071431901
20.269512	1.9393073071431901
20.269512	1.9393073071431901
20.317224	1.9504475615028591
20.317224	1.9504475615028591
20.317224	1.9504475615028591
20.317224	1.9504475615028591
20.353179	1.9567368993802374
20.353179	1.9567368993802374
20.377225	1.9607242677688179
20.377225	1.9607242677688179
20.377225	1.9607242677688179
20.401111	1.9646923775358189
20.401111	1.9646923775358189
20.425114	1.9686827995454215
20.43721	1.9706889440211788
20.43721	1.9706889440211788
20.43721	1.9706889440211788
20.43721	1.9706889440211788
20.43721	1.9706889440211788
20.43721	1.9706889440211788
20.497204	1.982744796091882
20.497204	1.982744796091882
20.509111	1.9861716632934792
20.509111	1.9861716632934792
20.509111	1.9861716632934792
20.509111	1.9861716632934792
20.55723	2.0010816843196557
20.55723	2.0010816843196557
20.55723	2.0010816843196557
20.55723	2.0010816843196557
20.55723	2.0010816843196557
20.605111	2.0129433078221264
20.617207	2.0150878043072109
20.617207	2.0150878043072109
20.617211	2.0150885134661016
20.617211	2.0150885134661016
20.65325	2.0208200381036816
20.665114	2.0226120486744565
20.677238	2.0244165401637226
20.677238	2.0244165401637226
20.677238	2.0244165401637226
20.701115	2.0279286951275015
20.701115	2.0279286951275015
20.701115	2.0279286951275015
20.737226	2.0331793067070749
20.737226	2.0331793067070749
20.749115	2.0348969784719046
20.749115	2.0348969784719046
20.773186	2.0383412599270074
20.785192	2.0400197713249426
20.797214	2.0416647869541706
20.797214	2.0416647869541706
20.797214	2.0416647869541706
20.797214	2.0416647869541706
20.797214	2.0416647869541706
20.797214	2.0416647869541706
20.857215	2.0496320630648608
20.857215	2.0496320630648608
20.869115	2.0511145369750365
20.881115	2.0525604823670887
20.881115	2.0525604823670887
20.905115	2.0549126927784696
20.917278	2.0560026226436627
20.917278	2.0560026226436627
20.917278	2.0560026226436627
20.917278	2.0560026226436627
20.917278	2.0560026226436627
20.917278	2.0560026226436627
20.917278	2.0560026226436627
20.977257	2.0608716600916881
20.989115	2.0616765831495818
21.001115	2.062455198652084
21.001115	2.062455198652084
21.001115	2.062455198652084
21.037207	2.0645653399605073
21.037207	2.0645653399605073
21.037207	2.0645653399605073
21.037207	2.0645653399605073
21.037207	2.0645653399605073
21.037207	2.0645653399605073
21.097214	2.068318629803799
21.097214	2.068318629803799
21.097214	2.068318629803799
21.097214	2.068318629803799
21.097214	2.068318629803799
21.097214	2.068318629803799
21.157226	2.07336751063812
21.157226	2.07336751063812
21.157226	2.07336751063812
21.157226	2.07336751063812
21.157226	2.07336751063812
21.205115	2.0744580679302174
21.217212	2.0738105594388418
21.217212	2.0738105594388418
21.217212	2.0738105594388418
21.241135	2.0718500815801684
21.253184	2.0706537014762212
21.265115	2.0695359128085431
21.277218	2.0684924087389454
21.277218	2.0684924087389454
21.277218	2.0684924087389454
21.277218	2.0684924087389454
21.277218	2.0684924087389454
21.325115	2.0690362867417664
21.337217	2.0696856913787252
21.337217	2.0696856913787252
21.337217	2.0696856913787252
21.337217	2.0696856913787252
21.337217	2.0696856913787252
21.337217	2.0696856913787252
21.397213	2.0731395845204306
21.397213	2.0731395845204306
21.397213	2.0731395845204306
21.397213	2.0731395845204306
21.397213	2.0731395845204306
21.445186	2.0755256724134767
21.445186	2.0755256724134767
21.445186	2.0755256724134767
21.445186	2.0755256724134767
21.457217	2.0760811604729139
21.49319	2.0776797241113618
21.505115	2.0782075058094511
21.517215	2.0787461949186228
21.517215	2.0787461949186228
21.529115	2.0792701108046034
21.529115	2.0792701108046034
21.553182	2.0803177620033639
21.565114	2.080827110418098
21.577301	2.0813382790019062
21.577301	2.0813382790019062
21.577301	2.0813382790019062
21.577301	2.0813382790019062
21.577301	2.0813382790019062
21.577301	2.0813382790019062
21.637224	2.0836312620355546
21.637224	2.0836312620355546
21.649122	2.0840738696806018
21.661122	2.0845190603800798
21.661122	2.0845190603800798
21.685121	2.0853811095871371
21.697249	2.0857955171043812
21.697249	2.0857955171043812
21.709193	2.0861959471804568
21.709193	2.0861959471804568
21.709193	2.0861959471804568
21.709193	2.0861959471804568
21.757219	2.0877931095687341
21.757219	2.0877931095687341
21.769122	2.0880836660056459
21.781122	2.0883071570330936
21.793186	2.0881726605594828
21.793186	2.0881726605594828
21.817216	2.0876548125335574
21.817216	2.0876548125335574
21.817216	2.0876548125335574
21.841192	2.0869048682270726
21.853189	2.0864936819067825
21.853189	2.0864936819067825
21.877249	2.085811424035402
21.877249	2.085811424035402
21.877249	2.085811424035402
21.901122	2.0857440684217519
21.901122	2.0857440684217519
21.901122	2.0857440684217519
21.937239	2.0862821331462782
21.937239	2.0862821331462782
21.937239	2.0862821331462782
21.937239	2.0862821331462782
21.937239	2.0862821331462782
21.937239	2.0862821331462782
21.997216	2.0875226784430891
21.997216	2.0875226784430891
21.997216	2.0875226784430891
21.997216	2.0875226784430891
21.997216	2.0875226784430891
22.045122	2.0884061193095822
22.057242	2.0886245075105507
22.057242	2.0886245075105507
22.057242	2.0886245075105507
22.057242	2.0886245075105507
22.093185	2.0891424144136916
22.093185	2.0891424144136916
22.117226	2.0893654708495766
22.117226	2.0893654708495766
22.117226	2.0893654708495766
22.141219	2.0895430758990741
22.153204	2.0896212824308953
22.165122	2.089690695802505
22.177229	2.0897499472353767
22.177229	2.0897499472353767
22.177229	2.0897499472353767
22.177229	2.0897499472353767
22.177229	2.0897499472353767
22.177229	2.0897499472353767
22.237287	2.0885869983502023
22.237287	2.0885869983502023
22.237287	2.0885869983502023
22.237287	2.0885869983502023
22.273208	2.0867625611259562
22.273208	2.0867625611259562
22.297216	2.0858630834093916
22.297216	2.0858630834093916
22.309195	2.0856601522705382
22.321122	2.0855127189433769
22.333194	2.0853911798027003
22.345121	2.0852646380248778
22.35722	2.0851275586479332
22.35722	2.0851275586479332
22.35722	2.0851275586479332
22.35722	2.0851275586479332
22.35722	2.0851275586479332
22.35722	2.0851275586479332
22.417218	2.0841430693107958
22.417218	2.0841430693107958
22.417218	2.0841430693107958
22.417218	2.0841430693107958
22.453189	2.0833961000141783
22.465148	2.0831326949057614
22.477228	2.0828555206026147
22.477228	2.0828555206026147
22.477228	2.0828555206026147
22.477228	2.0828555206026147
22.477228	2.0828555206026147
22.477228	2.0828555206026147
22.537219	2.0803055859185804
22.537219	2.0803055859185804
22.537219	2.0803055859185804
22.561122	2.0786635543931049
22.561122	2.0786635543931049
22.561122	2.0786635543931049
22.597215	2.0763023085872598
22.597215	2.0763023085872598
22.597215	2.0763023085872598
22.621122	2.0752285366501622
22.633263	2.0747675929877509
22.645127	2.0743246078938116
22.657256	2.0738817254940147
22.657256	2.0738817254940147
22.669131	2.0735371969144212
22.669131	2.0735371969144212
22.693196	2.0732603187933596
22.705128	2.0733393808791551
22.717227	2.0735089351230473
22.717227	2.0735089351230473
22.717227	2.0735089351230473
22.717227	2.0735089351230473
22.753196	2.0742237075089349
22.765198	2.0744343782965537
22.777235	2.0745780569127583
22.777235	2.0745780569127583
22.777235	2.0745780569127583
22.777235	2.0745780569127583
22.777235	2.0745780569127583
22.777235	2.0745780569127583
22.837222	2.072948956540857
22.837222	2.072948956540857
22.837222	2.072948956540857
22.837222	2.072948956540857
22.873193	2.0714941987879185
22.873193	2.0714941987879185
22.897297	2.070452395481293
22.897297	2.070452395481293
22.897297	2.070452395481293
22.897297	2.070452395481293
22.897297	2.070452395481293
22.945348	2.0683290070231237
22.957229	2.0678120661987127
22.957229	2.0678120661987127
22.957229	2.0678120661987127
22.957229	2.0678120661987127
22.957229	2.0678120661987127
22.957229	2.0678120661987127
22.957229	2.0678120661987127
22.957229	2.0678120661987127
22.957229	2.0678120661987127
22.957229	2.0678120661987127
22.957229	2.0678120661987127
23.017221	2.0652339420698906
23.077235	2.0627466321144481
23.077235	2.0627466321144481
23.077235	2.0627466321144481
23.077235	2.0627466321144481
23.113206	2.0612165775015256
23.125128	2.060707476110013
23.137227	2.0601926506824197
23.137227	2.0601926506824197
23.137227	2.0601926506824197
23.161198	2.0591826023981432
23.173216	2.0586741602801046
23.173216	2.0586741602801046
23.173216	2.0586741602801046
23.173216	2.0586741602801046
23.197305	2.0576260759486442
23.221128	2.0565673251052812
23.221128	2.0565673251052812
23.221128	2.0565673251052812
23.257227	2.0549635259521821
23.257227	2.0549635259521821
23.257227	2.0549635259521821
23.257227	2.0549635259521821
23.257227	2.0549635259521821
23.257227	2.0549635259521821
23.317275	2.0521689569682726
23.317275	2.0521689569682726
23.317275	2.0521689569682726
23.341127	2.051015087068452
23.353197	2.0504292057118727
23.365128	2.0498490902003299
23.377225	2.0492595834638916
23.377225	2.0492595834638916
23.389128	2.0486755043878082
23.389128	2.0486755043878082
23.413191	2.0474890953761022
23.413191	2.0474890953761022
23.437224	2.0462987653257851
23.437224	2.0462987653257851
23.437224	2.0462987653257851
23.46113	2.0451097197552452
23.473193	2.0444998976660345
23.485148	2.0438865495315133
23.497227	2.0432548348236681
23.497227	2.0432548348236681
23.497227	2.0432548348236681
23.497227	2.0432548348236681
23.533193	2.0412905863331896
23.533193	2.0412905863331896
23.533193	2.0412905863331896
23.557313	2.0399248542190813
23.569128	2.0393330216487189
23.581127	2.0387873967813168
23.581127	2.0387873967813168
23.605128	2.0383697093111635
23.617264	2.0382866091959664
23.617264	2.0382866091959664
23.617264	2.0382866091959664
23.617271	2.0382865612641266
23.617271	2.0382865612641266
23.665134	2.0382077977551396
23.677262	2.0381008933712415
23.677262	2.0381008933712415
23.689206	2.0377329040462078
23.689206	2.0377329040462078
23.689206	2.0377329040462078
23.725138	2.0360335667377929
23.725138	2.0360335667377929
23.737228	2.0353532245631216
23.749157	2.0346579127108289
23.749157	2.0346579127108289
23.749157	2.0346579127108289
23.749157	2.0346579127108289
23.79723	2.0317868369677825
23.79723	2.0317868369677825
23.809135	2.0310734956092316
23.809135	2.0310734956092316
23.809135	2.0310734956092316
23.809135	2.0310734956092316
23.857274	2.0282101090262383
23.857274	2.0282101090262383
23.857274	2.0282101090262383
23.881155	2.0267975431702943
23.8932	2.026079799652083
23.8932	2.026079799652083
23.917234	2.0246350081369289
23.917234	2.0246350081369289
23.917234	2.0246350081369289
23.917234	2.0246350081369289
23.917234	2.0246350081369289
23.917234	2.0246350081369289
23.97723	2.0209672464234063
23.97723	2.0209672464234063
23.989138	2.0202496176531102
24.001135	2.0195310971315896
24.013217	2.0188206744123489
24.025135	2.0181218146016318
24.037228	2.0174152659872053
24.037228	2.0174152659872053
24.037228	2.0174152659872053
24.061135	2.0160298628618514
24.061135	2.0160298628618514
24.061135	2.0160298628618514
24.097233	2.0139981229985118
24.097233	2.0139981229985118
24.109153	2.0133472580811582
24.109153	2.0133472580811582
24.133201	2.0120549278188928
24.133201	2.0120549278188928
24.157233	2.0107920427287751
24.157233	2.0107920427287751
24.157233	2.0107920427287751
24.157233	2.0107920427287751
24.193199	2.0089292804832826
24.193199	2.0089292804832826
24.217304	2.0076866752635754
24.217304	2.0076866752635754
24.217304	2.0076866752635754
24.217304	2.0076866752635754
24.253206	2.0058705266174401
24.253206	2.0058705266174401
24.277288	2.0046824769158427
24.277288	2.0046824769158427
24.289138	2.0041157032759802
24.289138	2.0041157032759802
24.289138	2.0041157032759802
24.289138	2.0041157032759802
24.337228	2.0018874849014798
24.337228	2.0018874849014798
24.349205	2.0013480600903666
24.349205	2.0013480600903666
24.349205	2.0013480600903666
24.349205	2.0013480600903666
24.397229	1.9992026527608149
24.397229	1.9992026527608149
24.409154	1.9986707731685536
24.409154	1.9986707731685536
24.433206	1.9976017810403768
24.445135	1.9970741382562534
24.457235	1.9965406673364343
24.457235	1.9965406673364343
24.457235	1.9965406673364343
24.457235	1.9965406673364343
24.493199	1.9956659475478098
24.493199	1.9956659475478098
24.493199	1.9956659475478098
24.493199	1.9956659475478098
24.493199	1.9956659475478098
24.493199	1.9956659475478098
24.493199	1.9956659475478098
24.517327	1.9957662303910939
24.57723	1.9969069405272448
24.57723	1.9969069405272448
24.57723	1.9969069405272448
24.57723	1.9969069405272448
24.57723	1.9969069405272448
24.57723	1.9969069405272448
24.637253	2.0011197134977903
24.637253	2.0011197134977903
24.649204	2.0021206048011142
24.649204	2.0021206048011142
24.673206	2.0038705720240029
24.685141	2.004325578430223
24.697233	2.0043797949559616
24.697233	2.0043797949559616
24.697233	2.0043797949559616
24.72114	2.0039096978724493
24.733207	2.0034939035284283
24.733207	2.0034939035284283
24.757239	2.0025667644434675
24.757239	2.0025667644434675
24.757239	2.0025667644434675
24.757239	2.0025667644434675
24.757239	2.0025667644434675
24.757239	2.0025667644434675
24.757239	2.0025667644434675
24.757239	2.0025667644434675
24.817235	1.9999418619013634
24.841141	1.9988652937597158
24.841141	1.9988652937597158
24.841141	1.9988652937597158
24.877323	1.9972310652544305
24.877323	1.9972310652544305
24.877323	1.9972310652544305
24.877323	1.9972310652544305
24.877323	1.9972310652544305
24.925142	1.9950762981091863
24.937246	1.9945328965495133
24.937246	1.9945328965495133
24.937246	1.9945328965495133
24.937246	1.9945328965495133
24.937246	1.9945328965495133
24.937246	1.9945328965495133
24.997236	1.991861317759406
24.997236	1.991861317759406
25.009227	1.9913330041695521
25.02114	1.9908092556233756
25.02114	1.9908092556233756
25.02114	1.9908092556233756
25.057236	1.9892387254790829
25.057236	1.9892387254790829
25.057236	1.9892387254790829
25.057236	1.9892387254790829
25.093204	1.9876988811380139
25.093204	1.9876988811380139
25.117233	1.986685162228603
25.117233	1.986685162228603
25.117233	1.986685162228603
25.117233	1.986685162228603
25.117233	1.986685162228603
25.117233	1.986685162228603
25.177281	1.9842163229836123
25.177281	1.9842163229836123
25.177281	1.9842163229836123
25.177281	1.9842163229836123
25.177281	1.9842163229836123
25.177281	1.9842163229836123
25.237236	1.9818528491436256
25.237236	1.9818528491436256
25.237236	1.9818528491436256
25.261141	1.9809414492931747
25.261141	1.9809414492931747
25.261141	1.9809414492931747
25.297237	1.9796515668539389
25.297237	1.9796515668539389
25.309144	1.9792540273306016
25.321168	1.9788577831466971
25.333207	1.9784719616442021
25.333207	1.9784719616442021
25.35724	1.977715429525911
25.35724	1.977715429525911
25.369141	1.9773508861768612
25.369141	1.9773508861768612
25.369141	1.9773508861768612
25.405213	1.9762814061413381
25.41724	1.9759361130527506
25.41724	1.9759361130527506
25.41724	1.9759361130527506
25.41724	1.9759361130527506
25.41724	1.9759361130527506
25.41724	1.9759361130527506
25.41724	1.9759361130527506
25.41724	1.9759361130527506
25.41724	1.9759361130527506
25.41724	1.9759361130527506
25.41724	1.9759361130527506
25.477234	1.9742921405554081
25.537303	1.972926755448948
25.537303	1.972926755448948
25.537303	1.972926755448948
25.537303	1.972926755448948
25.573217	1.9721808311991116
25.585141	1.9719431149336291
25.597233	1.9717085154391514
25.597233	1.9717085154391514
25.597233	1.9717085154391514
25.597233	1.9717085154391514
25.597233	1.9717085154391514
25.597233	1.9717085154391514
25.657249	1.9705886261506638
25.657249	1.9705886261506638
25.657249	1.9705886261506638
25.657249	1.9705886261506638
25.657249	1.9705886261506638
25.657249	1.9705886261506638
25.657249	1.9705886261506638
25.657249	1.9705886261506638
25.657249	1.9705886261506638
25.657249	1.9705886261506638
25.657249	1.9705886261506638
25.657249	1.9705886261506638
25.777271	1.9685442018199315
25.777271	1.9685442018199315
25.777271	1.9685442018199315
25.777271	1.9685442018199315
25.777271	1.9685442018199315
25.777271	1.9685442018199315
25.837247	1.967758461785321
25.837247	1.967758461785321
25.837247	1.967758461785321
25.861149	1.9674639197339734
25.873214	1.9673185158816089
25.88517	1.9671791218277828
25.897242	1.9670445991981051
25.897242	1.9670445991981051
25.897242	1.9670445991981051
25.897242	1.9670445991981051
25.897242	1.9670445991981051
25.945149	1.9665238661760713
25.957254	1.9663913145019616
25.957254	1.9663913145019616
25.957254	1.9663913145019616
25.957254	1.9663913145019616
25.957254	1.9663913145019616
25.957254	1.9663913145019616
26.017261	1.9657794709224883
26.017261	1.9657794709224883
26.017261	1.9657794709224883
26.017261	1.9657794709224883
26.017261	1.9657794709224883
26.065225	1.9653166122945878
26.077246	1.9652032962639892
26.077246	1.9652032962639892
26.077246	1.9652032962639892
26.077246	1.9652032962639892
26.113229	1.9649015774064564
26.125149	1.9648064766241127
26.137263	1.9647109864843155
26.137263	1.9647109864843155
26.137263	1.9647109864843155
26.137263	1.9647109864843155
26.17322	1.9644352699693242
26.17322	1.9644352699693242
26.197317	1.9642754021882343
26.197317	1.9642754021882343
26.197317	1.9642754021882343
26.197317	1.9642754021882343
26.197317	1.9642754021882343
26.245149	1.9640056783828468
26.257247	1.9639418639503703
26.257247	1.9639418639503703
26.269148	1.9638837985178792
26.281169	1.9638278924835608
26.281169	1.9638278924835608
26.305148	1.9637439497118676
26.317285	1.9637074956514617
26.317285	1.9637074956514617
26.317285	1.9637074956514617
26.317285	1.9637074956514617
26.317285	1.9637074956514617
26.317285	1.9637074956514617
26.377252	1.9635749047322459
26.377252	1.9635749047322459
26.377252	1.9635749047322459
26.377252	1.9635749047322459
26.377252	1.9635749047322459
26.425149	1.9635837525638251
26.437244	1.9635971524328
26.437244	1.9635971524328
26.437244	1.9635971524328
26.437244	1.9635971524328
26.437244	1.9635971524328
26.437244	1.9635971524328
26.497247	1.9637943834117719
26.497247	1.9637943834117719
26.497247	1.9637943834117719
26.497247	1.9637943834117719
26.497247	1.9637943834117719
26.545149	1.9641901563957054
26.557247	1.9643023816742777
26.557247	1.9643023816742777
26.557247	1.9643023816742777
26.557247	1.9643023816742777
26.593295	1.9646844386886397
26.605148	1.9648264990205435
26.617244	1.964976994870508
26.617244	1.964976994870508
26.617244	1.964976994870508
26.617244	1.964976994870508
26.617244	1.964976994870508
26.665155	1.9656035820069195
26.677254	1.9657709477210947
26.677254	1.9657709477210947
26.689156	1.9659496934180662
26.689156	1.9659496934180662
26.689156	1.9659496934180662
26.689156	1.9659496934180662
26.737253	1.9667216373245846
26.737253	1.9667216373245846
26.737253	1.9667216373245846
26.737253	1.9667216373245846
26.77323	1.9673224506103404
26.785156	1.9675316922133668
26.797252	1.9677524954110954
26.797252	1.9677524954110954
26.797252	1.9677524954110954
26.797252	1.9677524954110954
26.833234	1.9684272259292592
26.833234	1.9684272259292592
26.857377	1.9688814191499169
26.857377	1.9688814191499169
26.857377	1.9688814191499169
26.857377	1.9688814191499169
26.857377	1.9688814191499169
26.857377	1.9688814191499169
26.917254	1.9700719029407023
26.917254	1.9700719029407023
26.929156	1.9703164580827768
26.929156	1.9703164580827768
26.929156	1.9703164580827768
26.965155	1.9710480535038979
26.977253	1.971288045686195
26.977253	1.971288045686195
26.977253	1.971288045686195
26.977253	1.971288045686195
26.977253	1.971288045686195
26.977253	1.971288045686195
27.037256	1.9723957416698479
27.037256	1.9723957416698479
27.037256	1.9723957416698479
27.037256	1.9723957416698479
27.037256	1.9723957416698479
27.037256	1.9723957416698479
27.097252	1.9734347648185351
27.097252	1.9734347648185351
27.097252	1.9734347648185351
27.097252	1.9734347648185351
27.097252	1.9734347648185351
27.097252	1.9734347648185351
27.157261	1.9742575977341303
27.157261	1.9742575977341303
27.157261	1.9742575977341303
27.181156	1.9745470826604017
27.193219	1.9747342985619405
27.193219	1.9747342985619405
27.217275	1.9751514256392679
27.217275	1.9751514256392679
27.217275	1.9751514256392679
27.217275	1.9751514256392679
27.217275	1.9751514256392679
27.217275	1.9751514256392679
27.277252	1.9762520218207245
27.277252	1.9762520218207245
27.277252	1.9762520218207245
27.277252	1.9762520218207245
27.277252	1.9762520218207245
27.325155	1.977171205839314
27.337252	1.977405226799319
27.337252	1.977405226799319
27.337252	1.977405226799319
27.337252	1.977405226799319
27.373227	1.9781012157601008
27.373227	1.9781012157601008
27.397253	1.9785851354812263
27.397253	1.9785851354812263
27.397253	1.9785851354812263
27.397253	1.9785851354812263
27.433226	1.979332860541464
27.445155	1.979582300933177
27.457265	1.9798357492719241
27.457265	1.9798357492719241
27.457265	1.9798357492719241
27.457265	1.9798357492719241
27.493237	1.9806158583578772
27.493237	1.9806158583578772
27.517327	1.981164489747022
27.517327	1.981164489747022
27.517327	1.981164489747022
27.517327	1.981164489747022
27.517327	1.981164489747022
27.517327	1.981164489747022
27.577257	1.9825532001446797
27.577257	1.9825532001446797
27.589156	1.9828197512079195
27.589156	1.9828197512079195
27.61322	1.9833492904155403
27.61322	1.9833492904155403
27.637256	1.9838722506185376
27.637256	1.9838722506185376
27.637256	1.9838722506185376
27.637263	1.9838724026828707
27.67323	1.9846572577030392
27.67323	1.9846572577030392
27.67323	1.9846572577030392
27.67323	1.9846572577030392
27.67323	1.9846572577030392
27.67323	1.9846572577030392
27.67323	1.9846572577030392
27.67323	1.9846572577030392
27.757297	1.9865961441114082
27.757297	1.9865961441114082
27.757297	1.9865961441114082
27.757297	1.9865961441114082
27.793228	1.9874605621522801
27.793228	1.9874605621522801
27.817262	1.9880570199859087
27.817262	1.9880570199859087
27.829163	1.9883549438245292
27.841163	1.9886558156679479
27.841163	1.9886558156679479
27.865163	1.989259717272686
27.877262	1.9895663584652343
27.877262	1.9895663584652343
27.889182	1.9898744107341304
27.889182	1.9898744107341304
27.889182	1.9898744107341304
27.889182	1.9898744107341304
27.937257	1.9911330190115057
27.937257	1.9911330190115057
27.937257	1.9911330190115057
27.961163	1.9917586713643449
27.961163	1.9917586713643449
27.961163	1.9917586713643449
27.997255	1.9927136844571063
27.997255	1.9927136844571063
27.997255	1.9927136844571063
27.997255	1.9927136844571063
28.033233	1.9936752755824012
28.045236	1.9939940110098695
28.057265	1.9943118862621654
28.057265	1.9943118862621654
28.069173	1.994619768267097
28.069173	1.994619768267097
28.069173	1.994619768267097
28.105163	1.9954988515305534
28.117257	1.9957786432080431
28.117257	1.9957786432080431
28.117257	1.9957786432080431
28.141163	1.9963176257774711
28.141163	1.9963176257774711
28.165162	1.9968438906694648
28.177381	1.9971087952884266
28.177381	1.9971087952884266
28.189163	1.9973561659614336
28.201162	1.9976005081034727
28.201162	1.9976005081034727
28.225163	1.997966502801007
28.237257	1.9981049086290383
28.237257	1.9981049086290383
28.237257	1.9981049086290383
28.237257	1.9981049086290383
28.273228	1.9984283461451453
28.285183	1.9985618034746002
28.285183	1.9985618034746002
28.285183	1.9985618034746002
28.285183	1.9985618034746002
28.285183	1.9985618034746002
28.285183	1.9985618034746002
28.297259	1.9987385680380667
28.357266	1.9999111312602318
28.357266	1.9999111312602318
28.357266	1.9999111312602318
28.357266	1.9999111312602318
28.393224	2.000609486875899
28.405163	2.0008406718472869
28.417276	2.0010743704185723
28.417276	2.0010743704185723
28.429163	2.0013018673376148
28.429163	2.0013018673376148
28.429163	2.0013018673376148
28.429163	2.0013018673376148
28.477271	2.0021977905943409
28.477271	2.0021977905943409
28.477271	2.0021977905943409
28.501163	2.0025885621223103
28.513236	2.0027724878668525
28.525173	2.0029516733438526
28.537258	2.0031295481171143
28.537258	2.0031295481171143
28.537258	2.0031295481171143
28.537258	2.0031295481171143
28.537258	2.0031295481171143
28.537258	2.0031295481171143
28.537258	2.0031295481171143
28.597258	2.0039870941909315
28.609244	2.0041558467360336
28.621163	2.0043234306355999
28.621163	2.0043234306355999
28.621163	2.0043234306355999
28.657261	2.0048296619005521
28.657261	2.0048296619005521
28.657261	2.0048296619005521
28.657261	2.0048296619005521
28.657261	2.0048296619005521
28.657261	2.0048296619005521
28.717285	2.0056740113733795
28.717285	2.0056740113733795
28.717285	2.0056740113733795
28.717285	2.0056740113733795
28.753242	2.0061848521966024
28.765169	2.0063554181931971
28.777269	2.0065290736240131
28.777269	2.0065290736240131
28.777269	2.0065290736240131
28.777269	2.0065290736240131
28.777269	2.0065290736240131
28.825168	2.0072241116399252
28.837343	2.0074026172851513
28.837343	2.0074026172851513
28.837343	2.0074026172851513
28.837343	2.0074026172851513
28.837343	2.0074026172851513
28.837343	2.0074026172851513
28.837343	2.0074026172851513
28.897262	2.008293161908667
28.909291	2.0084742757869098
28.921169	2.00865348123597
28.921169	2.00865348123597
28.921169	2.00865348123597
28.957317	2.0092030645974255
28.957317	2.0092030645974255
28.957317	2.0092030645974255
28.957317	2.0092030645974255
28.957317	2.0092030645974255
28.957317	2.0092030645974255
29.017299	2.0101234648262776
29.017299	2.0101234648262776
29.029169	2.0103062484774936
29.029169	2.0103062484774936
29.029169	2.0103062484774936
29.029169	2.0103062484774936
29.077297	2.0110347130915485
29.077297	2.0110347130915485
29.077297	2.0110347130915485
29.101245	2.0113416760949794
29.101245	2.0113416760949794
29.101245	2.0113416760949794
29.137266	2.0117528405301113
29.137266	2.0117528405301113
29.149168	2.011882891386767
29.149168	2.011882891386767
29.173241	2.0121400223008359
29.185168	2.0122630119874976
29.197264	2.0123842092247908
29.197264	2.0123842092247908
29.209189	2.0125006769725831
29.209189	2.0125006769725831
29.209189	2.0125006769725831
29.209189	2.0125006769725831
29.257265	2.0129534371406081
29.257265	2.0129534371406081
29.257265	2.0129534371406081
29.257265	2.0129534371406081
29.257265	2.0129534371406081
29.305179	2.0133641588404019
29.317283	2.0134603741267751
29.317283	2.0134603741267751
29.317283	2.0134603741267751
29.317283	2.0134603741267751
29.317283	2.0134603741267751
29.317283	2.0134603741267751
29.317283	2.0134603741267751
29.377268	2.0139023572579857
29.389353	2.0139807486163503
29.389353	2.0139807486163503
29.413234	2.0141266539291154
29.413234	2.0141266539291154
29.437297	2.0142633570568829
29.437297	2.0142633570568829
29.449169	2.0143270784093303
29.449169	2.0143270784093303
29.449169	2.0143270784093303
29.449169	2.0143270784093303
29.449169	2.0143270784093303
29.449169	2.0143270784093303
29.449169	2.0143270784093303
29.449169	2.0143270784093303
29.49736	2.0145586166850791
29.545169	2.0147411966628712
29.557272	2.0147830446224715
29.557272	2.0147830446224715
29.557272	2.0147830446224715
29.557272	2.0147830446224715
29.557272	2.0147830446224715
29.605169	2.0149198688155141
29.617262	2.0149479450224788
29.617262	2.0149479450224788
29.617262	2.0149479450224788
29.641169	2.0149990491931979
29.641169	2.0149990491931979
29.641169	2.0149990491931979
29.677275	2.0150667090502434
29.677281	2.0150667195845342
29.677281	2.0150667195845342
29.701175	2.0150993125216279
29.701175	2.0150993125216279
29.725175	2.0151255683379055
29.737274	2.0151378894257319
29.737274	2.0151378894257319
29.737274	2.0151378894257319
29.737274	2.0151378894257319
29.773249	2.0151719466677638
29.773249	2.0151719466677638
29.773249	2.0151719466677638
29.773249	2.0151719466677638
29.773249	2.0151719466677638
29.773249	2.0151719466677638
29.773249	2.0151719466677638
29.797332	2.0151875345953103
29.857275	2.0152168394042529
29.857275	2.0152168394042529
29.869175	2.0152230608152997
29.869175	2.0152230608152997
29.869175	2.0152230608152997
29.869175	2.0152230608152997
29.91727	2.0152398092431443
29.91727	2.0152398092431443
29.91727	2.0152398092431443
29.941174	2.0152486774085152
29.953245	2.01525479106592
29.965175	2.015257698753397
29.977281	2.0152564973940783
29.977281	2.0152564973940783
29.977281	2.0152564973940783
29.977281	2.0152564973940783
29.977281	2.0152564973940783
30.025262	2.0151394483251375
30.037268	2.0151012466103131
30.037268	2.0151012466103131
30.037268	2.0151012466103131
30.037268	2.0151012466103131
30.037268	2.0151012466103131
30.085175	2.014942451410592
30.097268	2.0148964184845508
30.097268	2.0148964184845508
30.097268	2.0148964184845508
30.097268	2.0148964184845508
30.097268	2.0148964184845508
30.097268	2.0148964184845508
30.157358	2.0146636515805016
30.157358	2.0146636515805016
30.157358	2.0146636515805016
30.181175	2.0145703918123461
30.181175	2.0145703918123461
30.205176	2.0144627276005171
30.217289	2.01440658855882
30.217289	2.01440658855882
30.217289	2.01440658855882
30.217289	2.01440658855882
30.217289	2.01440658855882
30.217289	2.01440658855882
30.27729	2.0141241736515867
30.27729	2.0141241736515867
30.27729	2.0141241736515867
30.27729	2.0141241736515867
30.27729	2.0141241736515867
30.27729	2.0141241736515867
30.337271	2.0137822753001831
30.337271	2.0137822753001831
30.337271	2.0137822753001831
30.337271	2.0137822753001831
30.373247	2.0136377958559439
30.373247	2.0136377958559439
30.373247	2.0136377958559439
30.373247	2.0136377958559439
30.397276	2.0138885386359662
30.421261	2.0143988306330454
30.421261	2.0143988306330454
30.445175	2.0150067746819511
30.445175	2.0150067746819511
30.445175	2.0150067746819511
30.445175	2.0150067746819511
30.445175	2.0150067746819511
30.445175	2.0150067746819511
30.445175	2.0150067746819511
30.445175	2.0150067746819511
30.445175	2.0150067746819511
30.445175	2.0150067746819511
30.457358	2.0153292616606531
30.517278	2.0159639056409135
30.565175	2.0157591902216776
30.577273	2.0156857405906123
30.577273	2.0156857405906123
30.577273	2.0156857405906123
30.577273	2.0156857405906123
30.613241	2.0154349747921603
30.625176	2.0153464329881312
30.63727	2.0152549407666336
30.63727	2.0152549407666336
30.63727	2.0152549407666336
30.63727	2.0152549407666336
30.63727	2.0152549407666336
30.685255	2.0148753021944263
30.697282	2.0147737441633717
30.697282	2.0147737441633717
30.697282	2.0147737441633717
30.697282	2.0147737441633717
30.697282	2.0147737441633717
30.697282	2.0147737441633717
30.757289	2.0142456721569304
30.757289	2.0142456721569304
30.757289	2.0142456721569304
30.757289	2.0142456721569304
30.757289	2.0142456721569304
30.805183	2.013720829136048
30.817382	2.0135630411984042
30.817382	2.0135630411984042
30.817382	2.0135630411984042
30.817382	2.0135630411984042
30.853254	2.0130818711257961
30.853254	2.0130818711257961
30.877285	2.0127514313469632
30.877285	2.0127514313469632
30.889184	2.0125812541727117
30.901183	2.0124076932179009
30.901183	2.0124076932179009
30.901183	2.0124076932179009
30.937278	2.0118777027635635
30.937278	2.0118777027635635
30.937278	2.0118777027635635
30.961183	2.0115282894577802
30.961183	2.0115282894577802
30.961183	2.0115282894577802
30.9973	2.0110411999582536
30.9973	2.0110411999582536
31.009183	2.0108954772205854
31.021183	2.010750748707435
31.021183	2.010750748707435
31.021183	2.010750748707435
31.057278	2.0103346487256313
31.057278	2.0103346487256313
31.057278	2.0103346487256313
31.057278	2.0103346487256313
31.093246	2.009928774490509
31.093246	2.009928774490509
31.117383	2.0096562513979235
31.117383	2.0096562513979235
31.117383	2.0096562513979235
31.117383	2.0096562513979235
31.117383	2.0096562513979235
31.117383	2.0096562513979235
31.177303	2.0089983829259985
31.177303	2.0089983829259985
31.177303	2.0089983829259985
31.177303	2.0089983829259985
31.177303	2.0089983829259985
31.225183	2.0084758795495721
31.237285	2.0083457025451619
31.237285	2.0083457025451619
31.249187	2.0082194171193994
31.249187	2.0082194171193994
31.273248	2.0079663418938036
31.273248	2.0079663418938036
31.297297	2.0077123069450225
31.297297	2.0077123069450225
31.297297	2.0077123069450225
31.297297	2.0077123069450225
31.33325	2.0073347034277518
31.345262	2.0072103474822631
31.357302	2.0070867376581774
31.357302	2.0070867376581774
31.357302	2.0070867376581774
31.357302	2.0070867376581774
31.357302	2.0070867376581774
31.357302	2.0070867376581774
31.41728	2.006466400063736
31.41728	2.006466400063736
31.41728	2.006466400063736
31.441184	2.0062187684900281
31.441184	2.0062187684900281
31.441184	2.0062187684900281
31.477348	2.0058466589255732
31.477348	2.0058466589255732
31.489183	2.005722144172053
31.489183	2.005722144172053
31.489183	2.005722144172053
31.525184	2.0053386947724969
31.537278	2.0052093410922147
31.537278	2.0052093410922147
31.537278	2.0052093410922147
31.537278	2.0052093410922147
31.573255	2.0048235039988587
31.573255	2.0048235039988587
31.597279	2.0045589265136168
31.597279	2.0045589265136168
31.597279	2.0045589265136168
31.597279	2.0045589265136168
31.597279	2.0045589265136168
31.597279	2.0045589265136168
31.657286	2.0038805835478422
31.657286	2.0038805835478422
31.669183	2.0037438259575402
31.66919	2.0037437452415454
31.66919	2.0037437452415454
31.66919	2.0037437452415454
31.717285	2.0031719393274865
31.717285	2.0031719393274865
31.717285	2.0031719393274865
31.717285	2.0031719393274865
31.717285	2.0031719393274865
31.717285	2.0031719393274865
31.777298	2.0024333711880131
31.777298	2.0024333711880131
31.777298	2.0024333711880131
31.777298	2.0024333711880131
31.813253	2.0019687111984075
31.825215	2.0018115826734313
31.837286	2.0016522415392588
31.837286	2.0016522415392588
31.837286	2.0016522415392588
31.837286	2.0016522415392588
31.837286	2.0016522415392588
31.837286	2.0016522415392588
31.897284	2.0009031658452403
31.897284	2.0009031658452403
31.897284	2.0009031658452403
31.92119	2.0006520362089337
31.92119	2.0006520362089337
31.92119	2.0006520362089337
31.957405	2.0002887331943531
31.957405	2.0002887331943531
31.957405	2.0002887331943531
31.957405	2.0002887331943531
31.993253	1.9999350887527119
31.993253	1.9999350887527119
32.017328	1.9996990849256067
32.017328	1.9996990849256067
32.017328	1.9996990849256067
32.017328	1.9996990849256067
32.017328	1.9996990849256067
32.065191	1.9992339699641968
32.077291	1.9991173959283557
32.077291	1.9991173959283557
32.077291	1.9991173959283557
32.077291	1.9991173959283557
32.077291	1.9991173959283557
32.077291	1.9991173959283557
32.137353	1.9985481962047764
32.137353	1.9985481962047764
32.149201	1.9984382642152856
32.16119	1.9983274806434361
32.16119	1.9983274806434361
32.16119	1.9983274806434361
32.197284	1.9980004385190939
32.197284	1.9980004385190939
32.197284	1.9980004385190939
32.197284	1.9980004385190939
32.233268	1.9976839679478844
32.233268	1.9976839679478844
32.257286	1.9974782381286977
32.257286	1.9974782381286977
32.257286	1.9974782381286977
32.257286	1.9974782381286977
32.293255	1.9971798824821694
32.293255	1.9971798824821694
32.317307	1.9969865359120618
32.317307	1.9969865359120618
32.317307	1.9969865359120618
32.317307	1.9969865359120618
32.317307	1.9969865359120618
32.317307	1.9969865359120618
32.377288	1.9965281770827983
32.377288	1.9965281770827983
32.377288	1.9965281770827983
32.377288	1.9965281770827983
32.41326	1.9962694359413113
32.41326	1.9962694359413113
32.437289	1.9961027523264199
32.437289	1.9961027523264199
32.437289	1.9961027523264199
32.437289	1.9961027523264199
32.437289	1.9961027523264199
32.437289	1.9961027523264199
32.497285	1.9957081812304773
32.497285	1.9957081812304773
32.497285	1.9957081812304773
32.497285	1.9957081812304773
32.497285	1.9957081812304773
32.54519	1.995412460644042
32.557287	1.9953400099269643
32.557287	1.9953400099269643
32.557287	1.9953400099269643
32.557287	1.9953400099269643
32.557287	1.9953400099269643
32.557287	1.9953400099269643
32.617294	1.9949923279148851
32.617294	1.9949923279148851
32.617294	1.9949923279148851
32.617294	1.9949923279148851
32.653257	1.9947909444027065
32.653257	1.9947909444027065
32.677325	1.9946579866108582
32.677325	1.9946579866108582
32.677333	1.9946579425183264
32.677333	1.9946579425183264
32.713273	1.9944611451539702
32.725209	1.9943959816541108
32.737296	1.9943300317571315
32.737296	1.9943300317571315
32.737296	1.9943300317571315
32.737296	1.9943300317571315
32.77327	1.9941332899868527
32.77327	1.9941332899868527
32.77327	1.9941332899868527
32.77327	1.9941332899868527
32.77327	1.9941332899868527
32.77327	1.9941332899868527
32.797381	1.9940006482255714
32.845198	1.9937340253475748
32.857297	1.9936656841839422
32.857297	1.9936656841839422
32.869198	1.9936036915009152
32.869198	1.9936036915009152
32.869198	1.9936036915009152
32.869198	1.9936036915009152
32.917295	1.9934365280591211
32.917295	1.9934365280591211
32.917295	1.9934365280591211
32.917295	1.9934365280591211
32.917295	1.9934365280591211
32.917295	1.9934365280591211
32.977311	1.9933027009643796
32.977311	1.9933027009643796
32.989198	1.9932804923957661
33.001198	1.9932589979455886
33.013277	1.9932383442824635
33.025199	1.9932179301427193
33.037297	1.993197176676619
33.037297	1.993197176676619
33.037297	1.993197176676619
33.037297	1.993197176676619
33.037297	1.993197176676619
33.037297	1.993197176676619
33.097391	1.9930982337718637
33.097391	1.9930982337718637
33.097391	1.9930982337718637
33.121198	1.9930661192189074
33.121198	1.9930661192189074
33.121198	1.9930661192189074
33.121198	1.9930661192189074
33.121198	1.9930661192189074
33.121198	1.9930661192189074
33.121198	1.9930661192189074
33.121198	1.9930661192189074
33.15731	1.9930181400720153
33.217294	1.9929565779908012
33.217294	1.9929565779908012
33.229259	1.9929474250238373
33.241198	1.9929385091436975
33.241198	1.9929385091436975
33.241198	1.9929385091436975
33.277303	1.9929155368815628
33.277303	1.9929155368815628
33.277303	1.9929155368815628
33.277303	1.9929155368815628
33.31327	1.9929118334287632
33.325275	1.992913224211867
33.337296	1.9929154693728657
33.337296	1.9929154693728657
33.337296	1.9929154693728657
33.337296	1.9929154693728657
33.373277	1.9929278430806494
33.385198	1.992935603913752
33.397292	1.9929462436447014
33.397292	1.9929462436447014
33.397292	1.9929462436447014
33.397292	1.9929462436447014
33.397292	1.9929462436447014
33.397292	1.9929462436447014
33.397292	1.9929462436447014
33.397292	1.9929462436447014
33.457363	1.9930202884378971
33.481198	1.9930585415979052
33.481198	1.9930585415979052
33.481198	1.9930585415979052
33.517291	1.9931362986460381
33.517291	1.9931362986460381
33.529198	1.9931650131620107
33.541197	1.9931945495343391
33.541197	1.9931945495343391
33.541197	1.9931945495343391
33.577294	1.993291517458333
33.577294	1.993291517458333
33.577294	1.993291517458333
33.601197	1.9933687386439329
33.601197	1.9933687386439329
33.601197	1.9933687386439329
33.637309	1.993498705196862
33.637309	1.993498705196862
33.637309	1.993498705196862
33.637309	1.993498705196862
33.637309	1.993498705196862
33.637309	1.993498705196862
33.697314	1.9937379434853038
33.697314	1.9937379434853038
33.697314	1.9937379434853038
33.697314	1.9937379434853038
33.697314	1.9937379434853038
33.745209	1.9939545375971919
33.757329	1.9940104969680956
33.757329	1.9940104969680956
33.769212	1.9940668411386313
33.781209	1.9941246430446096
33.793271	1.9941871023776931
33.793271	1.9941871023776931
33.817303	1.9943144984004169
33.817303	1.9943144984004169
33.817303	1.9943144984004169
33.817303	1.9943144984004169
33.817303	1.9943144984004169
33.865209	1.9945736763711679
33.877325	1.9946401500880082
33.877325	1.9946401500880082
33.877325	1.9946401500880082
33.877325	1.9946401500880082
33.91328	1.9948479000829216
33.925209	1.9949176395499209
33.93732	1.9949883517912466
33.93732	1.9949883517912466
33.93732	1.9949883517912466
33.93732	1.9949883517912466
33.973282	1.9951965431554779
33.98528	1.9952673046935427
33.997308	1.9953397348985253
33.997308	1.9953397348985253
33.997308	1.9953397348985253
33.997308	1.9953397348985253
33.997308	1.9953397348985253
33.997308	1.9953397348985253
33.997308	1.9953397348985253
33.997308	1.9953397348985253
33.997308	1.9953397348985253
33.997308	1.9953397348985253
34.057306	1.9956991750723225
34.105209	1.9959865748472025
34.117372	1.9960608350507121
34.117372	1.9960608350507121
34.117372	1.9960608350507121
34.117372	1.9960608350507121
34.117372	1.9960608350507121
34.165209	1.9963470493574507
34.177312	1.9964188682904243
34.177312	1.9964188682904243
34.177312	1.9964188682904243
34.177312	1.9964188682904243
34.177312	1.9964188682904243
34.177312	1.9964188682904243
34.237305	1.9967894669598352
34.237305	1.9967894669598352
34.237305	1.9967894669598352
34.261208	1.9969343588598647
34.261208	1.9969343588598647
34.261208	1.9969343588598647
34.29731	1.9971012482411032
34.29731	1.9971012482411032
34.309209	1.9971382564885216
34.309209	1.9971382564885216
34.333273	1.9972030743639702
34.333273	1.9972030743639702
34.357303	1.9972594753448101
34.357303	1.9972594753448101
34.357303	1.9972594753448101
34.357303	1.9972594753448101
34.357303	1.9972594753448101
34.405209	1.9973613171159177
34.417327	1.9973861148512171
34.417327	1.9973861148512171
34.417327	1.9973861148512171
34.441209	1.9974344681110598
34.453278	1.9974587600227758
34.453278	1.9974587600227758
34.477313	1.997507166512398
34.477313	1.997507166512398
34.489209	1.9975312383444221
34.489209	1.9975312383444221
34.513355	1.9975804436796483
34.525208	1.9976048641635515
34.537317	1.9976300133599443
34.537317	1.9976300133599443
34.537317	1.9976300133599443
34.537317	1.9976300133599443
34.537317	1.9976300133599443
34.537317	1.9976300133599443
34.597337	1.997759361618358
34.597337	1.997759361618358
34.597337	1.997759361618358
34.597337	1.997759361618358
34.597337	1.997759361618358
34.64528	1.9978697109458763
34.657309	1.9978984624962766
34.657309	1.9978984624962766
34.657309	1.9978984624962766
34.681213	1.9979570872615053
34.693283	1.9979875563803382
34.705216	1.9980180359638966
34.717318	1.9980494125458215
34.717318	1.9980494125458215
34.717318	1.9980494125458215
34.717318	1.9980494125458215
34.717318	1.9980494125458215
34.717318	1.9980494125458215
34.777391	1.998212638387735
34.777391	1.998212638387735
34.777391	1.998212638387735
34.801216	1.9982804678115764
34.813285	1.9983155481092376
34.825215	1.9983504888370012
34.83731	1.9983862580474263
34.83731	1.9983862580474263
34.83731	1.9983862580474263
34.83731	1.9983862580474263
34.83731	1.9983862580474263
34.885215	1.9985310715771858
34.897333	1.998568283729973
34.897333	1.998568283729973
34.909286	1.9986052013133544
34.909286	1.9986052013133544
34.909286	1.9986052013133544
34.909286	1.9986052013133544
34.957313	1.9987544265675132
34.957313	1.9987544265675132
34.957313	1.9987544265675132
34.957313	1.9987544265675132
34.957313	1.9987544265675132
34.957313	1.9987544265675132
35.017312	1.998940299298495
35.017312	1.998940299298495
35.017312	1.998940299298495
35.017312	1.998940299298495
35.017312	1.998940299298495
35.017312	1.998940299298495
35.017312	1.998940299298495
35.017312	1.998940299298495
35.017312	1.998940299298495
35.077319	1.99912106467663
35.113287	1.9992249796874797
35.125216	1.9992585619915269
35.137309	1.9992921331313629
35.137309	1.9992921331313629
35.149216	1.9993244895427236
35.149216	1.9993244895427236
35.173355	1.9993885856514715
35.185216	1.9994191995849151
35.197309	1.9994498285870805
35.197309	1.9994498285870805
35.209219	1.999479163237059
35.209219	1.999479163237059
35.209219	1.999479163237059
35.245216	1.9995642443458919
35.257313	1.9995915122371297
35.257313	1.9995915122371297
35.257313	1.9995915122371297
35.257313	1.9995915122371297
35.293298	1.9996681202719384
35.293298	1.9996681202719384
35.293298	1.9996681202719384
35.293298	1.9996681202719384
35.293298	1.9996681202719384
35.293298	1.9996681202719384
35.317373	1.9997160549374726
35.365215	1.9998029491042399
35.37738	1.9998234839082605
35.37738	1.9998234839082605
35.37738	1.9998234839082605
35.401216	1.9998618190298294
35.401216	1.9998618190298294
35.401216	1.9998618190298294
35.437385	1.9999156045417703
35.437385	1.9999156045417703
35.449216	1.999932109952874
35.449216	1.999932109952874
35.449216	1.999932109952874
35.449216	1.999932109952874
35.497336	1.9999952742552827
35.497336	1.9999952742552827
35.497336	1.9999952742552827
35.497336	1.9999952742552827
35.497336	1.9999952742552827
35.497336	1.9999952742552827
35.557354	2.000066489183427
35.557354	2.000066489183427
35.557354	2.000066489183427
35.557354	2.000066489183427
35.557354	2.000066489183427
35.557354	2.000066489183427
35.617309	2.0001334444868402
35.617309	2.0001334444868402
35.617309	2.0001334444868402
35.617309	2.0001334444868402
35.653291	2.000173491202887
35.653291	2.000173491202887
35.677355	2.0002007543909119
35.677355	2.0002007543909119
35.677355	2.0002007543909119
35.701293	2.0002285779236666
35.713303	2.0002429356057441
35.713303	2.0002429356057441
35.737396	2.000272404120655
35.737396	2.000272404120655
35.737396	2.000272404120655
35.737396	2.000272404120655
35.737396	2.000272404120655
35.737396	2.000272404120655
35.79732	2.0003515832439538
35.79732	2.0003515832439538
35.79732	2.0003515832439538
35.79732	2.0003515832439538
35.79732	2.0003515832439538
35.79732	2.0003515832439538
35.85732	2.0004408039047554
35.85732	2.0004408039047554
35.869309	2.0004600170168771
35.869309	2.0004600170168771
35.893303	2.0004996165090252
35.893303	2.0004996165090252
35.917318	2.0005409593427581
35.917318	2.0005409593427581
35.917318	2.0005409593427581
35.917318	2.0005409593427581
35.953308	2.0006062454378042
35.965302	2.000628765761161
35.977364	2.0006517727072626
35.977364	2.0006517727072626
35.977364	2.0006517727072626
36.001226	2.0006983894311392
36.013286	2.0007225265835662
36.025223	2.0007466231157816
36.037335	2.0007713410181833
36.037335	2.0007713410181833
36.037335	2.0007713410181833
36.037335	2.0007713410181833
36.037335	2.0007713410181833
36.037335	2.0007713410181833
36.037335	2.0007713410181833
36.097388	2.0008972040972623
36.109498	2.0009230364581638
36.109498	2.0009230364581638
36.109498	2.0009230364581638
36.109498	2.0009230364581638
36.157319	2.0010253788480838
36.157319	2.0010253788480838
36.157319	2.0010253788480838
36.181222	2.0010763172272923
36.181222	2.0010763172272923
36.205222	2.0011269083603995
36.217336	2.0011522105176325
36.217336	2.0011522105176325
36.229294	2.0011768917114825
36.229294	2.0011768917114825
36.229294	2.0011768917114825
36.265226	2.0012495891687303
36.277367	2.0012735435547859
36.277367	2.0012735435547859
36.277367	2.0012735435547859
36.301223	2.0013194488001607
36.313313	2.0013419882461001
36.325223	2.0013638669621838
36.33732	2.0013856663662084
36.33732	2.0013856663662084
36.33732	2.0013856663662084
36.33732	2.0013856663662084
36.33732	2.0013856663662084
36.33732	2.0013856663662084
36.397323	2.0014860809731259
36.397323	2.0014860809731259
36.397323	2.0014860809731259
36.421223	2.0015224264574543
36.421223	2.0015224264574543
36.421223	2.0015224264574543
36.457339	2.0015730370462315
36.457339	2.0015730370462315
36.469245	2.0015885133690579
36.469245	2.0015885133690579
36.469245	2.0015885133690579
36.469245	2.0015885133690579
36.517333	2.0016459568302722
36.517333	2.0016459568302722
36.517333	2.0016459568302722
36.517333	2.0016459568302722
36.517333	2.0016459568302722
36.565223	2.0016945380273969
36.577367	2.001705677601763
36.577367	2.001705677601763
36.589226	2.0017159783350351
36.589226	2.0017159783350351
36.589226	2.0017159783350351
36.589226	2.0017159783350351
36.589226	2.0017159783350351
36.589226	2.0017159783350351
36.589226	2.0017159783350351
36.589226	2.0017159783350351
36.589226	2.0017159783350351
36.637323	2.0017540258111666
36.697318	2.0017939467269263
36.697326	2.0017939517195078
36.697326	2.0017939517195078
36.697326	2.0017939517195078
36.733314	2.0018152446475574
36.733314	2.0018152446475574
36.757403	2.0018289179964843
36.757403	2.0018289179964843
36.757403	2.0018289179964843
36.757403	2.0018289179964843
36.757403	2.0018289179964843
36.805231	2.0018556851367664
36.81733	2.0018625408880983
36.81733	2.0018625408880983
36.81733	2.0018625408880983
36.81733	2.0018625408880983
36.81733	2.0018625408880983
36.865314	2.0018910386265394
36.877359	2.0018986020914338
36.877359	2.0018986020914338
36.877359	2.0018986020914338
36.877359	2.0018986020914338
36.877359	2.0018986020914338
36.925244	2.0019312625196406
36.93733	2.0019401828250771
36.93733	2.0019401828250771
36.93733	2.0019401828250771
36.93733	2.0019401828250771
36.973303	2.0019688824752895
36.985231	2.0019790692628865
36.997344	2.0019897605957939
36.997344	2.0019897605957939
36.997344	2.0019897605957939
36.997344	2.0019897605957939
37.033303	2.0020239763629641
37.033303	2.0020239763629641
37.033303	2.0020239763629641
37.057333	2.002048696068349
37.069378	2.0020617797297295
37.069378	2.0020617797297295
37.069378	2.0020617797297295
37.069378	2.0020617797297295
37.117348	2.0021173739773106
37.117348	2.0021173739773106
37.117348	2.0021173739773106
37.117348	2.0021173739773106
37.117348	2.0021173739773106
37.117348	2.0021173739773106
37.177389	2.0021949493704296
37.177389	2.0021949493704296
37.177389	2.0021949493704296
37.177389	2.0021949493704296
37.177389	2.0021949493704296
37.225231	2.0022618354109394
37.237326	2.0022792665758975
37.237326	2.0022792665758975
37.237326	2.0022792665758975
37.237326	2.0022792665758975
37.237326	2.0022792665758975
37.237326	2.0022792665758975
37.297335	2.0023678989127816
37.297335	2.0023678989127816
37.297335	2.0023678989127816
37.297335	2.0023678989127816
37.297335	2.0023678989127816
37.34523	2.0024395087713689
37.357332	2.0024575110086684
37.357332	2.0024575110086684
37.369231	2.0024750765684449
37.381231	2.0024927257393155
37.381231	2.0024927257393155
37.381231	2.0024927257393155
37.417397	2.0025447568841739
37.417397	2.0025447568841739
37.417397	2.0025447568841739
37.417397	2.0025447568841739
37.417397	2.0025447568841739
37.417397	2.0025447568841739
37.477359	2.0026261575876267
37.477359	2.0026261575876267
37.477359	2.0026261575876267
37.477359	2.0026261575876267
37.477359	2.0026261575876267
37.477359	2.0026261575876267
37.537343	2.0026992652077391
37.537343	2.0026992652077391
37.537343	2.0026992652077391
37.561231	2.0027256231619459
37.573303	2.0027381721130739
37.573303	2.0027381721130739
37.597358	2.0027620961602279
37.597358	2.0027620961602279
37.597358	2.0027620961602279
37.597358	2.0027620961602279
37.633301	2.0027942603174522
37.633301	2.0027942603174522
37.657327	2.0028135807874454
37.657327	2.0028135807874454
37.657327	2.0028135807874454
37.657327	2.0028135807874454
37.657327	2.0028135807874454
37.70524	2.0028465678978704
37.717353	2.0028538756973497
37.717353	2.0028538756973497
37.717353	2.0028538756973497
37.717353	2.0028538756973497
37.717353	2.0028538756973497
37.765239	2.002878618572113
37.777357	2.0028840070857474
37.777357	2.0028840070857474
37.777357	2.0028840070857474
37.801258	2.0028936288524735
37.801258	2.0028936288524735
37.825238	2.0029020636072734
37.837339	2.0029059867573027
37.837339	2.0029059867573027
37.837339	2.0029059867573027
37.837339	2.0029059867573027
37.837339	2.0029059867573027
37.837339	2.0029059867573027
37.897335	2.0029224943807713
37.897335	2.0029224943807713
37.897335	2.0029224943807713
37.897335	2.0029224943807713
37.933318	2.0029310286065507
37.933318	2.0029310286065507
37.957361	2.0029365893522937
37.957361	2.0029365893522937
37.957361	2.0029365893522937
37.957361	2.0029365893522937
37.993302	2.0029451937901892
37.993302	2.0029451937901892
38.017336	2.0029513903085174
38.017336	2.0029513903085174
38.017336	2.0029513903085174
38.017336	2.0029513903085174
38.017336	2.0029513903085174
38.017336	2.0029513903085174
38.017336	2.0029513903085174
38.017336	2.0029513903085174
38.017336	2.0029513903085174
38.017336	2.0029513903085174
38.077463	2.0029698656180468
38.125238	2.0029887593199858
38.13735	2.0029942249601875
38.13735	2.0029942249601875
38.13735	2.0029942249601875
38.13735	2.0029942249601875
38.173311	2.0030125002423569
38.173311	2.0030125002423569
38.197351	2.0030262967283292
38.197351	2.0030262967283292
38.197351	2.0030262967283292
38.197351	2.0030262967283292
38.233312	2.0030496199396945
38.233312	2.0030496199396945
38.257342	2.0030668240351943
38.257342	2.0030668240351943
38.257342	2.0030668240351943
38.257342	2.0030668240351943
38.257342	2.0030668240351943
38.257342	2.0030668240351943
38.317356	2.003115614656052
38.317356	2.003115614656052
38.317356	2.003115614656052
38.317356	2.003115614656052
38.317356	2.003115614656052
38.317356	2.003115614656052
38.317356	2.003115614656052
38.317356	2.003115614656052
38.377358	2.0031714938487268
38.401239	2.0031952800088506
38.401239	2.0031952800088506
38.401239	2.0031952800088506
38.437332	2.003232486139829
38.437332	2.003232486139829
38.449239	2.0032450073447179
38.449239	2.0032450073447179
38.449239	2.0032450073447179
38.449239	2.0032450073447179
38.497332	2.0032961084803191
38.497332	2.0032961084803191
38.497332	2.0032961084803191
38.521249	2.0033215603153276
38.533302	2.0033342992211662
38.54526	2.0033468709590618
38.557337	2.0033594819452345
38.557337	2.0033594819452345
38.557337	2.0033594819452345
38.557337	2.0033594819452345
38.557337	2.0033594819452345
38.557337	2.0033594819452345
38.617335	2.0034197967441782
38.617335	2.0034197967441782
38.6294	2.0034312759811939
38.641242	2.003442414216309
38.641242	2.003442414216309
38.641242	2.003442414216309
38.67737	2.0034745338746531
38.67737	2.0034745338746531
38.67737	2.0034745338746531
38.701248	2.0034943059758663
38.701256	2.0034943122145137
38.725246	2.0035127666131354
38.737421	2.0035216721589073
38.737421	2.0035216721589073
38.737421	2.0035216721589073
38.737421	2.0035216721589073
38.737421	2.0035216721589073
38.785247	2.003552799537164
38.797345	2.00355977540598
38.797345	2.00355977540598
38.797345	2.00355977540598
38.821247	2.0035723726657979
38.821247	2.0035723726657979
38.821247	2.0035723726657979
38.857367	2.0035885253224581
38.857367	2.0035885253224581
38.86932	2.0035930912982129
38.881247	2.0035974577140339
38.893311	2.0036013602182297
38.893311	2.0036013602182297
38.917355	2.0036083551968824
38.917355	2.0036083551968824
38.929247	2.0036112755949014
38.929247	2.0036112755949014
38.929247	2.0036112755949014
38.929247	2.0036112755949014
38.977356	2.0036205784727317
38.977356	2.0036205784727317
38.977356	2.0036205784727317
38.977356	2.0036205784727317
39.013313	2.0036250211035824
39.013313	2.0036250211035824
39.013313	2.0036250211035824
39.037344	2.0036271461929265
39.049247	2.0036279643736128
39.049247	2.0036279643736128
39.073331	2.003629359232455
39.073331	2.003629359232455
39.097364	2.003630484893661
39.097364	2.003630484893661
39.109246	2.0036309920925066
39.109246	2.0036309920925066
39.13338	2.0036320389670621
39.13338	2.0036320389670621
39.157345	2.0036332267389172
39.157345	2.0036332267389172
39.157345	2.0036332267389172
39.157345	2.0036332267389172
39.193311	2.0036356902148333
39.193311	2.0036356902148333
39.217362	2.0036379609010528
39.217362	2.0036379609010528
39.217362	2.0036379609010528
39.217362	2.0036379609010528
39.217362	2.0036379609010528
39.265317	2.0036447447970875
39.277355	2.0036469577917635
39.277355	2.0036469577917635
39.277355	2.0036469577917635
39.30125	2.0036521201069455
39.313325	2.0036551910191633
39.325258	2.003658427190627
39.337381	2.0036619746009579
39.337381	2.0036619746009579
39.337381	2.0036619746009579
39.337381	2.0036619746009579
39.373336	2.0036743606837799
39.373336	2.0036743606837799
39.373336	2.0036743606837799
39.373336	2.0036743606837799
39.373336	2.0036743606837799
39.373336	2.0036743606837799
39.373336	2.0036743606837799
39.397418	2.0036840548054156
39.457363	2.0037133931786761
39.457363	2.0037133931786761
39.469247	2.003720088728556
39.469247	2.003720088728556
39.469247	2.003720088728556
39.469247	2.003720088728556
39.517342	2.0037494817027932
39.517342	2.0037494817027932
39.529324	2.0037574322283911
39.529324	2.0037574322283911
39.529324	2.0037574322283911
39.529324	2.0037574322283911
39.577367	2.0037910402817287
39.577367	2.0037910402817287
39.577367	2.0037910402817287
39.577367	2.0037910402817287
39.577367	2.0037910402817287
39.625247	2.0038268571375322
39.637343	2.0038361250539181
39.637343	2.0038361250539181
39.637343	2.0038361250539181
39.637343	2.0038361250539181
39.637343	2.0038361250539181
39.637343	2.0038361250539181
39.637343	2.0038361250539181
39.637343	2.0038361250539181
39.697353	2.0038825197524019
39.721254	2.0039008194380803
39.721254	2.0039008194380803
39.721254	2.0039008194380803
39.757348	2.0039277622566503
39.757348	2.0039277622566503
39.757348	2.0039277622566503
39.757348	2.0039277622566503
39.757348	2.0039277622566503
39.805254	2.003961482419554
39.817352	2.0039695518648077
39.817352	2.0039695518648077
39.817352	2.0039695518648077
39.817352	2.0039695518648077
39.853332	2.0039920703482856
39.865254	2.0039990587945788
39.877358	2.0040059068015039
39.877358	2.0040059068015039
39.877358	2.0040059068015039
39.901254	2.0040185519014533
39.901254	2.0040185519014533
39.901254	2.0040185519014533
39.93735	2.0040353843326097
39.93735	2.0040353843326097
39.93735	2.0040353843326097
39.93735	2.0040353843326097
39.93735	2.0040353843326097
39.93735	2.0040353843326097
39.997348	2.0040572410969792
39.997348	2.0040572410969792
40.009253	2.0040606012101132
40.021254	2.0040638220654636
40.021254	2.0040638220654636
40.021254	2.0040638220654636
40.057419	2.0040714754904436
40.057419	2.0040714754904436
40.069253	2.0040733766237753
40.069253	2.0040733766237753
40.069253	2.0040733766237753
40.105275	2.004077767129524
40.117396	2.0040787649900582
40.117396	2.0040787649900582
40.117396	2.0040787649900582
40.117396	2.0040787649900582
40.117396	2.0040787649900582
40.117396	2.0040787649900582
40.177355	2.0040805418286864
40.177355	2.0040805418286864
40.189331	2.0040752486410831
40.189331	2.0040752486410831
40.213317	2.0040338706022927
40.225257	2.0039913895588835
40.225257	2.0039913895588835
40.237365	2.003934367995607
40.249254	2.0038697050149383
40.249254	2.0038697050149383
40.273319	2.0037325357452604
40.273319	2.0037325357452604
40.297362	2.0036428615611848
40.297362	2.0036428615611848
40.297362	2.0036428615611848
40.297362	2.0036428615611848
40.33332	2.0036255890583705
40.33332	2.0036255890583705
40.35743	2.0036278844428135
40.35743	2.0036278844428135
40.35743	2.0036278844428135
40.381253	2.0036304692052123
40.381253	2.0036304692052123
40.381253	2.0036304692052123
40.417351	2.0036355240353445
40.417351	2.0036355240353445
40.417351	2.0036355240353445
40.417351	2.0036355240353445
40.417351	2.0036355240353445
40.417351	2.0036355240353445
40.47735	2.0036478936435671
40.47735	2.0036478936435671
40.47735	2.0036478936435671
40.501254	2.0036543266281286
40.513326	2.0036579957795482
40.525274	2.0036618072567869
40.537368	2.0036658958920537
40.537368	2.0036658958920537
40.537368	2.0036658958920537
40.537368	2.0036658958920537
40.573324	2.003679678652881
40.573324	2.003679678652881
40.597352	2.0036900879438493
40.597352	2.0036900879438493
40.597352	2.0036900879438493
40.597352	2.0036900879438493
40.597352	2.0036900879438493
40.645253	2.0037138738533939
40.657371	2.003720449711778
40.657371	2.003720449711778
40.657371	2.003720449711778
40.657371	2.003720449711778
40.657371	2.003720449711778
40.657371	2.003720449711778
40.717434	2.0037562584620603
40.729261	2.0037638721357824
40.729261	2.0037638721357824
40.729261	2.0037638721357824
40.753334	2.0037797478452739
40.753334	2.0037797478452739
40.777374	2.0037960933459953
40.777374	2.0037960933459953
40.777374	2.0037960933459953
40.801261	2.003812724961556
40.813326	2.00382124627953
40.813326	2.00382124627953
40.837356	2.0038383103716408
40.837356	2.0038383103716408
40.849334	2.0038468473141773
40.849334	2.0038468473141773
40.849334	2.0038468473141773
40.849334	2.0038468473141773
40.897367	2.0038808909765127
40.897367	2.0038808909765127
40.897367	2.0038808909765127
40.921282	2.0038974952350048
40.921282	2.0038974952350048
40.921282	2.0038974952350048
40.95738	2.0039217488976933
40.95738	2.0039217488976933
40.95738	2.0039217488976933
40.95738	2.0039217488976933
40.95738	2.0039217488976933
40.95738	2.0039217488976933
40.95738	2.0039217488976933
40.95738	2.0039217488976933
40.95738	2.0039217488976933
40.95738	2.0039217488976933
40.95738	2.0039217488976933
41.017358	2.0039590059799712
41.077356	2.0039911732096867
41.077356	2.0039911732096867
41.077356	2.0039911732096867
41.077356	2.0039911732096867
41.113409	2.0040075646688882
41.113409	2.0040075646688882
41.13736	2.0040172271419743
41.13736	2.0040172271419743
41.13736	2.0040172271419743
41.13736	2.0040172271419743
41.13736	2.0040172271419743
41.13736	2.0040172271419743
41.197358	2.0040367157808792
41.197358	2.0040367157808792
41.197358	2.0040367157808792
41.197358	2.0040367157808792
41.233333	2.0040452680353913
41.233333	2.0040452680353913
41.257363	2.004049831514358
41.257363	2.004049831514358
41.257363	2.004049831514358
41.257363	2.004049831514358
41.257363	2.004049831514358
41.305261	2.004034758721827
41.317397	2.0040070129110581
41.317397	2.0040070129110581
41.317397	2.0040070129110581
41.317397	2.0040070129110581
41.317397	2.0040070129110581
41.317397	2.0040070129110581
41.317397	2.0040070129110581
41.377452	2.0037181947216793
41.389261	2.0036799777174821
41.389261	2.0036799777174821
41.389261	2.0036799777174821
41.389261	2.0036799777174821
41.437354	2.0036454590375912
41.437354	2.0036454590375912
41.437354	2.0036454590375912
41.437354	2.0036454590375912
41.437354	2.0036454590375912
41.485262	2.003649098899051
41.497356	2.0036499518692565
41.497356	2.0036499518692565
41.497356	2.0036499518692565
41.497356	2.0036499518692565
41.497356	2.0036499518692565
41.497356	2.0036499518692565
41.497356	2.0036499518692565
41.497356	2.0036499518692565
41.557359	2.0036558959053785
41.581262	2.0036590917667354
41.581262	2.0036590917667354
41.581262	2.0036590917667354
41.617357	2.0036650513401288
41.617357	2.0036650513401288
41.629262	2.0036673805178493
41.629262	2.0036673805178493
41.653339	2.0036725734285752
41.653339	2.0036725734285752
41.67738	2.003678527610969
41.67738	2.003678527610969
41.67738	2.003678527610969
41.67738	2.003678527610969
41.713334	2.0036890988789806
41.725262	2.0036930222826581
41.737376	2.0036972156523767
41.737376	2.0036972156523767
41.737376	2.0036972156523767
41.737376	2.0036972156523767
41.737376	2.0036972156523767
41.737376	2.0036972156523767
41.797383	2.0037214271739656
41.797383	2.0037214271739656
41.797383	2.0037214271739656
41.797383	2.0037214271739656
41.833341	2.0037385061412212
41.84527	2.0037445445948832
41.857366	2.0037508449753774
41.857366	2.0037508449753774
41.869271	2.0037572720454855
41.869271	2.0037572720454855
41.893334	2.0037706897484679
41.905355	2.0037776183538356
41.917364	2.0037846720942238
41.917364	2.0037846720942238
41.917364	2.0037846720942238
41.941274	2.0037990981906852
41.941274	2.0037990981906852
41.965271	2.0038140032134977
41.977368	2.0038216219158764
41.977368	2.0038216219158764
41.98927	2.0038291910489447
41.98927	2.0038291910489447
41.98927	2.0038291910489447
41.98927	2.0038291910489447
41.98927	2.0038291910489447
41.98927	2.0038291910489447
41.98927	2.0038291910489447
41.98927	2.0038291910489447
41.98927	2.0038291910489447
42.037455	2.0038601161450575
42.097371	2.003898223686607
42.097371	2.003898223686607
42.109271	2.0039055860797532
42.121282	2.0039129670402858
42.121282	2.0039129670402858
42.121282	2.0039129670402858
42.15737	2.0039343630059769
42.15737	2.0039343630059769
42.15737	2.0039343630059769
42.15737	2.0039343630059769
42.15737	2.0039343630059769
42.15737	2.0039343630059769
42.217371	2.0039669508566211
42.217371	2.0039669508566211
42.217371	2.0039669508566211
42.217371	2.0039669508566211
42.217371	2.0039669508566211
42.217371	2.0039669508566211
42.277372	2.0039948067957449
42.277372	2.0039948067957449
42.277372	2.0039948067957449
42.277372	2.0039948067957449
42.277372	2.0039948067957449
42.325291	2.0040131363699283
42.337369	2.0040172197255162
42.337369	2.0040172197255162
42.349271	2.0040209522911354
42.361271	2.0040245928199907
42.361271	2.0040245928199907
42.361271	2.0040245928199907
42.361271	2.0040245928199907
42.361271	2.0040245928199907
42.361271	2.0040245928199907
42.397369	2.0040340165880006
42.433411	2.0040415069330533
42.433411	2.0040415069330533
42.457388	2.0040455620145319
42.457388	2.0040455620145319
42.457388	2.0040455620145319
42.457388	2.0040455620145319
42.457388	2.0040455620145319
42.505272	2.0040515471841553
42.51739	2.0040527048650358
42.51739	2.0040527048650358
42.51739	2.0040527048650358
42.51739	2.0040527048650358
42.51739	2.0040527048650358
42.51739	2.0040527048650358
42.57737	2.0040566990043924
42.57737	2.0040566990043924
42.589778	2.0040572599550948
42.589778	2.0040572599550948
42.589778	2.0040572599550948
42.589778	2.0040572599550948
42.637365	2.004059064360276
42.637365	2.004059064360276
42.637365	2.004059064360276
42.661271	2.004059912488644
42.673335	2.0040603802782937
42.685271	2.0040608777980369
42.69744	2.0040614297546986
42.69744	2.0040614297546986
42.69744	2.0040614297546986
42.69744	2.0040614297546986
42.697448	2.0040614301175594
42.745278	2.0040643869659096
42.757384	2.0040653612947494
42.757384	2.0040653612947494
42.757384	2.0040653612947494
42.757384	2.0040653612947494
42.757384	2.0040653612947494
42.757384	2.0040653612947494
42.817374	2.0040721568529705
42.817374	2.0040721568529705
42.817374	2.0040721568529705
42.817374	2.0040721568529705
42.853356	2.004078059251913
42.865303	2.0040803409134047
42.877375	2.0040828094186116
42.877375	2.0040828094186116
42.877375	2.0040828094186116
42.877375	2.0040828094186116
42.913352	2.0040913429726688
42.925279	2.0040945182768826
42.937384	2.004097912291829
42.937384	2.004097912291829
42.937384	2.004097912291829
42.937384	2.004097912291829
42.937384	2.004097912291829
42.937384	2.004097912291829
42.997446	2.0041175139942538
42.997446	2.0041175139942538
42.997446	2.0041175139942538
42.997446	2.0041175139942538
42.997446	2.0041175139942538
42.997446	2.0041175139942538
43.057376	2.0041410820289598
43.057376	2.0041410820289598
43.057376	2.0041410820289598
43.057376	2.0041410820289598
43.057376	2.0041410820289598
43.057376	2.0041410820289598
43.117399	2.0041679211458368
43.117399	2.0041679211458368
43.117399	2.0041679211458368
43.117399	2.0041679211458368
43.117399	2.0041679211458368
43.165279	2.0041908525247321
43.177375	2.004196755985983
43.177375	2.004196755985983
43.177375	2.004196755985983
43.201279	2.0042084651107301
43.201279	2.0042084651107301
43.201279	2.0042084651107301
43.237393	2.0042260958537801
43.237393	2.0042260958537801
43.249279	2.0042318264626897
43.261302	2.004237597028387
43.273343	2.0042432859251602
43.273343	2.0042432859251602
43.273343	2.0042432859251602
43.273343	2.0042432859251602
43.297392	2.004254456764798
43.321279	2.004265172476646
43.321279	2.004265172476646
43.321279	2.004265172476646
43.357495	2.0042805089624571
43.357495	2.0042805089624571
43.357495	2.0042805089624571
43.357495	2.0042805089624571
43.357495	2.0042805089624571
43.40528	2.0042987272527539
43.41738	2.0043029548182982
43.41738	2.0043029548182982
43.41738	2.0043029548182982
43.41738	2.0043029548182982
43.41738	2.0043029548182982
43.465279	2.0043178045155527
43.477375	2.0043211124410858
43.477375	2.0043211124410858
43.477375	2.0043211124410858
43.501279	2.004327051496805
43.501279	2.004327051496805
43.501279	2.004327051496805
43.537373	2.0043345446972394
43.537373	2.0043345446972394
43.549279	2.0043366115157482
43.561279	2.0043385934106648
43.561279	2.0043385934106648
43.561279	2.0043385934106648
43.597438	2.0043433247458875
43.597438	2.0043433247458875
43.597438	2.0043433247458875
43.597438	2.0043433247458875
43.597438	2.0043433247458875
43.597438	2.0043433247458875
43.597438	2.0043433247458875
43.657424	2.0043479385310277
43.669361	2.0043484108566982
43.681279	2.0043488157300176
43.681279	2.0043488157300176
43.705279	2.0043492170746529
43.717373	2.0043492900729607
43.717373	2.0043492900729607
43.717373	2.0043492900729607
43.741289	2.004349181540086
43.741289	2.004349181540086
43.765289	2.0043488072434394
43.777385	2.0043485585538074
43.777385	2.0043485585538074
43.777385	2.0043485585538074
43.777385	2.0043485585538074
43.813354	2.0043476757297642
43.825289	2.0043473772472105
43.837386	2.0043470836143733
43.837386	2.0043470836143733
43.84929	2.0043468302190246
43.84929	2.0043468302190246
43.84929	2.0043468302190246
43.84929	2.0043468302190246
43.897395	2.0043462300973096
43.897395	2.0043462300973096
43.897395	2.0043462300973096
43.897395	2.0043462300973096
43.897395	2.0043462300973096
43.897395	2.0043462300973096
43.957385	2.0043472495068388
43.957385	2.0043472495068388
43.957385	2.0043472495068388
43.98129	2.0043484045178661
43.98129	2.0043484045178661
44.00529	2.0043501138572029
44.017467	2.004351162501004
44.017467	2.004351162501004
44.02929	2.004352367402487
44.02929	2.004352367402487
44.02929	2.004352367402487
44.06529	2.0043568313169726
44.077425	2.0043586321262814
44.077425	2.0043586321262814
44.077425	2.0043586321262814
44.077425	2.0043586321262814
44.077425	2.0043586321262814
44.077425	2.0043586321262814
44.137389	2.0043699413732607
44.137389	2.0043699413732607
44.137389	2.0043699413732607
44.137389	2.0043699413732607
44.137389	2.0043699413732607
44.137389	2.0043699413732607
44.197384	2.0043849684298012
44.197384	2.0043849684298012
44.20929	2.004388377825717
44.22129	2.0043918816837945
44.22129	2.0043918816837945
44.22129	2.0043918816837945
44.257404	2.0044031979656509
44.257404	2.0044031979656509
44.257404	2.0044031979656509
44.281376	2.004411168817898
44.281376	2.004411168817898
44.281376	2.004411168817898
44.317407	2.0044236894239722
44.317407	2.0044236894239722
44.32929	2.0044279268468794
44.32929	2.0044279268468794
44.32929	2.0044279268468794
44.36529	2.0044409200472106
44.377387	2.0044453165925997
44.377387	2.0044453165925997
44.377387	2.0044453165925997
44.40129	2.004453983463061
44.40129	2.004453983463061
44.42529	2.0044625847194686
44.437382	2.0044668674843176
44.437382	2.0044668674843176
44.437382	2.0044668674843176
44.46129	2.0044751600606712
44.473356	2.0044792233184374
44.473356	2.0044792233184374
44.497384	2.0044871089803387
44.497384	2.0044871089803387
44.497384	2.0044871089803387
44.497384	2.0044871089803387
44.533355	2.0044981306086269
44.545379	2.0045015936373605
44.557411	2.004504945355674
44.557411	2.004504945355674
44.557411	2.004504945355674
44.557411	2.004504945355674
44.557411	2.004504945355674
44.557411	2.004504945355674
44.617404	2.00451950307344
44.617404	2.00451950307344
44.617404	2.00451950307344
44.64129	2.004524271235431
44.64129	2.004524271235431
44.64129	2.004524271235431
44.677478	2.0045302775246214
44.677478	2.0045302775246214
44.677478	2.0045302775246214
44.70129	2.0045334589790058
44.70129	2.0045334589790058
44.72529	2.0045359996257224
44.737384	2.0045370780807468
44.737393	2.0045370788833017
44.737393	2.0045370788833017
44.737393	2.0045370788833017
44.737393	2.0045370788833017
44.785299	2.0045398130719656
44.797394	2.004540175980404
44.797394	2.004540175980404
44.797394	2.004540175980404
44.797394	2.004540175980404
44.797394	2.004540175980404
44.797394	2.004540175980404
44.797394	2.004540175980404
44.797394	2.004540175980404
44.797394	2.004540175980404
44.857482	2.0045401396201195
44.893378	2.004538962002842
44.905298	2.0045384374516804
44.917398	2.0045378481122391
44.917398	2.0045378481122391
44.917398	2.0045378481122391
44.917398	2.0045378481122391
44.917398	2.0045378481122391
44.917398	2.0045378481122391
44.977399	2.0045343654972938
44.977399	2.0045343654972938
44.977399	2.0045343654972938
45.001298	2.0045329031075614
45.013367	2.0045321900556807
45.025299	2.0045315079246113
45.037393	2.0045308454934196
45.037393	2.0045308454934196
45.037393	2.0045308454934196
45.037393	2.0045308454934196
45.073432	2.0045291936288381
45.085318	2.0045287688343123
45.097394	2.0045284038775324
45.097394	2.0045284038775324
45.097394	2.0045284038775324
45.121299	2.0045279461966152
45.121299	2.0045279461966152
45.121299	2.0045279461966152
45.157396	2.0045280037115245
45.157396	2.0045280037115245
45.157396	2.0045280037115245
45.157396	2.0045280037115245
45.193363	2.0045290799347932
45.193363	2.0045290799347932
45.217414	2.0045303831705295
45.217414	2.0045303831705295
45.217414	2.0045303831705295
45.217414	2.0045303831705295
45.253377	2.0045333504421818
45.265299	2.0045345842019997
45.277392	2.0045359593428347
45.277392	2.0045359593428347
45.289299	2.0045374833938276
45.301298	2.0045390905790308
45.313395	2.0045409045059137
45.325299	2.0045427816526735
45.337475	2.0045448191898529
45.337475	2.0045448191898529
45.337475	2.0045448191898529
45.337475	2.0045448191898529
45.337475	2.0045448191898529
45.385299	2.0045540489572473
45.397393	2.0045566391863998
45.397393	2.0045566391863998
45.409379	2.0045593302497284
45.409379	2.0045593302497284
45.433371	2.0045649429695525
45.433371	2.0045649429695525
45.457398	2.0045708654543342
45.457398	2.0045708654543342
45.457398	2.0045708654543342
45.457398	2.0045708654543342
45.457398	2.0045708654543342
45.457398	2.0045708654543342
45.517393	2.00458659024721
45.517393	2.00458659024721
45.517393	2.00458659024721
45.517393	2.00458659024721
45.553368	2.0045963229954791
45.56532	2.0045995593560795
45.577395	2.0046028226887209
45.577395	2.0046028226887209
45.577395	2.0046028226887209
45.577395	2.0046028226887209
45.577395	2.0046028226887209
45.577395	2.0046028226887209
45.637396	2.0046186031292166
45.637396	2.0046186031292166
45.637396	2.0046186031292166
45.637396	2.0046186031292166
45.637396	2.0046186031292166
45.685299	2.0046301633938821
45.69747	2.0046329060625001
45.69747	2.0046329060625001
45.69747	2.0046329060625001
45.69747	2.0046329060625001
45.69747	2.0046329060625001
45.69747	2.0046329060625001
45.757422	2.0046448253769049
45.757422	2.0046448253769049
45.757422	2.0046448253769049
45.757422	2.0046448253769049
45.757422	2.0046448253769049
45.757422	2.0046448253769049
45.757422	2.0046448253769049
45.757422	2.0046448253769049
45.757422	2.0046448253769049
45.757422	2.0046448253769049
45.817404	2.0046537931555664
45.86538	2.0046586077143975
45.877442	2.0046595050572003
45.877442	2.0046595050572003
45.877442	2.0046595050572003
45.877442	2.0046595050572003
45.913396	2.0046613402063489
45.92531	2.0046617113690339
45.937411	2.0046619746732088
45.937411	2.0046619746732088
45.937411	2.0046619746732088
45.937411	2.0046619746732088
45.937411	2.0046619746732088
45.98531	2.0046618312034679
45.997481	2.0046615468048121
45.997481	2.0046615468048121
45.997481	2.0046615468048121
45.997481	2.0046615468048121
46.033384	2.0046601373218906
46.033384	2.0046601373218906
46.057405	2.0046588376646373
46.057405	2.0046588376646373
46.057405	2.0046588376646373
46.08131	2.0046573034109678
46.08131	2.0046573034109678
46.105319	2.0046555766792467
46.117403	2.0046546656988755
46.117403	2.0046546656988755
46.117403	2.0046546656988755
46.117403	2.0046546656988755
46.117403	2.0046546656988755
46.117403	2.0046546656988755
46.177424	2.0046499757316587
46.177424	2.0046499757316587
46.177424	2.0046499757316587
46.177424	2.0046499757316587
46.177424	2.0046499757316587
46.22533	2.0046465186362243
46.237406	2.0046457409083334
46.237406	2.0046457409083334
46.237406	2.0046457409083334
46.237406	2.0046457409083334
46.273376	2.0046438069391024
46.285309	2.0046432975120974
46.297409	2.0046428521050625
46.297409	2.0046428521050625
46.297409	2.0046428521050625
46.32131	2.0046422408877316
46.333374	2.0046420947333905
46.333374	2.0046420947333905
46.357426	2.0046420437409278
46.357426	2.0046420437409278
46.36931	2.0046421990511263
46.36931	2.0046421990511263
46.36931	2.0046421990511263
46.40531	2.0046432470647084
46.417404	2.00464381286992
46.417404	2.00464381286992
46.417404	2.00464381286992
46.417404	2.00464381286992
46.417404	2.00464381286992
46.417404	2.00464381286992
46.47742	2.004648378065677
46.47742	2.004648378065677
46.47742	2.004648378065677
46.47742	2.004648378065677
46.47742	2.004648378065677
46.47742	2.004648378065677
46.537421	2.0046556503882234
46.537421	2.0046556503882234
46.549329	2.0046574049111814
46.561324	2.0046592219719415
46.573386	2.004661178114425
46.58531	2.0046631695581723
46.597402	2.0046652619184075
46.597402	2.0046652619184075
46.60931	2.0046674116365524
46.60931	2.0046674116365524
46.60931	2.0046674116365524
46.60931	2.0046674116365524
46.657483	2.0046766330965538
46.657483	2.0046766330965538
46.657483	2.0046766330965538
46.657483	2.0046766330965538
46.657483	2.0046766330965538
46.705331	2.0046864150710602
46.717405	2.0046889265339387
46.717405	2.0046889265339387
46.72931	2.0046914047575131
46.72931	2.0046914047575131
46.729319	2.0046914066314159
46.765318	2.004698848829078
46.777431	2.0047013158485996
46.777431	2.0047013158485996
46.78939	2.0047037073328173
46.78939	2.0047037073328173
46.78939	2.0047037073328173
46.78939	2.0047037073328173
46.837435	2.0047128977992923
46.837435	2.0047128977992923
46.837435	2.0047128977992923
46.837435	2.0047128977992923
46.837435	2.0047128977992923
46.837435	2.0047128977992923
46.897413	2.0047228833893493
46.897413	2.0047228833893493
46.909319	2.0047246007456949
46.92139	2.0047262904094945
46.933383	2.0047278269043236
46.933383	2.0047278269043236
46.957426	2.0047306610897766
46.957426	2.0047306610897766
46.969347	2.0047318827890597
46.981319	2.0047330518879458
46.993384	2.0047340682607566
47.005318	2.0047349922689643
47.017412	2.0047358261294104
47.017412	2.0047358261294104
47.017412	2.0047358261294104
47.017412	2.0047358261294104
47.017412	2.0047358261294104
47.065319	2.0047379691961327
47.077451	2.0047382536798413
47.077451	2.0047382536798413
47.077451	2.0047382536798413
47.077451	2.0047382536798413
47.077451	2.0047382536798413
47.077451	2.0047382536798413
47.137427	2.0047380783615609
47.137427	2.0047380783615609
47.137427	2.0047380783615609
47.137427	2.0047380783615609
47.137427	2.0047380783615609
47.137427	2.0047380783615609
47.197436	2.0047357015379759
47.197436	2.0047357015379759
47.209347	2.0047350070664591
47.209347	2.0047350070664591
47.233392	2.004733460446904
47.233392	2.004733460446904
47.257415	2.0047317317255553
47.257415	2.0047317317255553
47.257415	2.0047317317255553
47.257415	2.0047317317255553
47.293382	2.0047288919542221
47.293382	2.0047288919542221
47.293382	2.0047288919542221
47.317518	2.0047269056372756
47.329318	2.0047259297793976
47.341339	2.0047249377577563
47.35339	2.0047239597916513
47.35339	2.0047239597916513
47.377436	2.004722061319189
47.377436	2.004722061319189
47.377436	2.004722061319189
47.377436	2.004722061319189
47.377436	2.004722061319189
47.425318	2.0047187097475074
47.425318	2.0047187097475074
47.425318	2.0047187097475074
47.425318	2.0047187097475074
47.425318	2.0047187097475074
47.425318	2.0047187097475074
47.437412	2.0047179762685876
47.497412	2.0047153515956531
47.497412	2.0047153515956531
47.497412	2.0047153515956531
47.497412	2.0047153515956531
47.497412	2.0047153515956531
47.497412	2.0047153515956531
47.557418	2.0047147195730761
47.557418	2.0047147195730761
47.557418	2.0047147195730761
47.557418	2.0047147195730761
47.557418	2.0047147195730761
47.557418	2.0047147195730761
47.617493	2.0047163956068661
47.617493	2.0047163956068661
47.617493	2.0047163956068661
47.617493	2.0047163956068661
47.653395	2.0047185522372506
47.653395	2.0047185522372506
47.677432	2.0047204365479931
47.677432	2.0047204365479931
47.689319	2.0047215226910584
47.689319	2.0047215226910584
47.713458	2.0047239451752703
47.713458	2.0047239451752703
47.737418	2.0047266568969042
47.737418	2.0047266568969042
47.749322	2.0047281304475559
47.761328	2.0047296539266712
47.773401	2.0047312807016691
47.773401	2.0047312807016691
47.79744	2.0047346544438862
47.79744	2.0047346544438862
47.79744	2.0047346544438862
47.79744	2.0047346544438862
47.833401	2.004740065486216
47.845405	2.0047419379164881
47.85743	2.004743839481141
47.85743	2.004743839481141
47.85743	2.004743839481141
47.881331	2.0047476747481077
47.881331	2.0047476747481077
47.905327	2.0047515560898632
47.917429	2.0047535110156893
47.917429	2.0047535110156893
47.917429	2.0047535110156893
47.941327	2.0047573319051355
47.941327	2.0047573319051355
47.941327	2.0047573319051355
47.977515	2.0047629313573481
47.977515	2.0047629313573481
47.98933	2.0047646805734161
47.98933	2.0047646805734161
47.98933	2.0047646805734161
47.98933	2.0047646805734161
47.98933	2.0047646805734161
47.98933	2.0047646805734161
47.98933	2.0047646805734161
48.037422	2.004771348462445
48.073392	2.0047756672674724
48.085328	2.0047769666108901
48.097432	2.0047782169571988
48.097432	2.0047782169571988
48.097432	2.0047782169571988
48.121328	2.0047804326296554
48.121328	2.0047804326296554
48.145331	2.0047822952584329
48.157429	2.0047831179217859
48.157429	2.0047831179217859
48.157429	2.0047831179217859
48.181327	2.0047844495259604
48.181327	2.0047844495259604
48.205328	2.0047853763107786
48.217428	2.0047857198256929
48.217428	2.0047857198256929
48.217428	2.0047857198256929
48.241399	2.004786109133561
48.253405	2.0047861473241495
48.253405	2.0047861473241495
48.253405	2.0047861473241495
48.253405	2.0047861473241495
48.27752	2.0047860149452212
48.301327	2.0047855500153489
48.301327	2.0047855500153489
48.325348	2.004784757672041
48.325348	2.004784757672041
48.325348	2.004784757672041
48.325348	2.004784757672041
48.325348	2.004784757672041
48.325348	2.004784757672041
48.337423	2.0047842668529405
48.397423	2.0047808986607167
48.397423	2.0047808986607167
48.397423	2.0047808986607167
48.397423	2.0047808986607167
48.397423	2.0047808986607167
48.445348	2.0047774249189789
48.457448	2.0047764838487687
48.457448	2.0047764838487687
48.457448	2.0047764838487687
48.457448	2.0047764838487687
48.457448	2.0047764838487687
48.50541	2.004772667341296
48.517426	2.0047717166205823
48.517426	2.0047717166205823
48.517426	2.0047717166205823
48.517426	2.0047717166205823
48.553399	2.0047689780474784
48.565328	2.0047681176122278
48.577463	2.0047672705703885
48.577463	2.0047672705703885
48.577463	2.0047672705703885
48.577463	2.0047672705703885
48.613392	2.0047650182919559
48.625328	2.0047643613891388
48.625328	2.0047643613891388
48.625328	2.0047643613891388
48.625328	2.0047643613891388
48.625328	2.0047643613891388
48.637489	2.0047637420028575
48.685328	2.0047619661151272
48.697449	2.0047616779424597
48.697449	2.0047616779424597
48.697449	2.0047616779424597
48.721327	2.0047613427430551
48.721327	2.0047613427430551
48.745345	2.0047613341029549
48.757426	2.0047614336841915
48.757435	2.004761433758377
48.757435	2.004761433758377
48.757435	2.004761433758377
48.757435	2.004761433758377
48.757435	2.004761433758377
48.817432	2.0047631926723386
48.817432	2.0047631926723386
48.829336	2.0047637948785204
48.829336	2.0047637948785204
48.829336	2.0047637948785204
48.829336	2.0047637948785204
48.877467	2.0047669185896426
48.877467	2.0047669185896426
48.877467	2.0047669185896426
48.877467	2.0047669185896426
48.91341	2.004770005692424
48.925337	2.0047711471887895
48.937475	2.004772362833485
48.937475	2.004772362833485
48.937475	2.004772362833485
48.961337	2.0047749135977089
48.961337	2.0047749135977089
48.961337	2.0047749135977089
48.997433	2.0047791007561262
48.997433	2.0047791007561262
48.997433	2.0047791007561262
49.021336	2.0047820278856472
49.021336	2.0047820278856472
49.045352	2.0047850548392008
49.057432	2.0047865938460134
49.057432	2.0047865938460134
49.057432	2.0047865938460134
49.081336	2.0047896506509075
49.081336	2.0047896506509075
49.081336	2.0047896506509075
49.117431	2.0047942163726429
49.117431	2.0047942163726429
49.129337	2.0047956839793404
49.129337	2.0047956839793404
49.153406	2.0047985815575089
49.153406	2.0047985815575089
49.177453	2.004801344491689
49.177453	2.004801344491689
49.177453	2.004801344491689
49.177453	2.004801344491689
49.177453	2.004801344491689
49.225337	2.0048062816496031
49.237457	2.0048074026912768
49.237457	2.0048074026912768
49.237457	2.0048074026912768
49.237457	2.0048074026912768
49.273401	2.0048103169342437
49.273401	2.0048103169342437
49.297507	2.0048119464276422
49.297507	2.0048119464276422
49.297507	2.0048119464276422
49.297507	2.0048119464276422
49.297507	2.0048119464276422
49.297507	2.0048119464276422
49.357455	2.0048146747215854
49.357455	2.0048146747215854
49.357455	2.0048146747215854
49.357455	2.0048146747215854
49.357455	2.0048146747215854
49.357455	2.0048146747215854
49.417464	2.0048154902758806
49.417464	2.0048154902758806
49.42946	2.0048154138111483
49.42946	2.0048154138111483
49.42946	2.0048154138111483
49.42946	2.0048154138111483
49.477466	2.0048144755747042
49.477466	2.0048144755747042
49.477466	2.0048144755747042
49.477466	2.0048144755747042
49.477466	2.0048144755747042
49.477466	2.0048144755747042
49.53745	2.0048119029308471
49.53745	2.0048119029308471
49.53745	2.0048119029308471
49.53745	2.0048119029308471
49.53745	2.0048119029308471
49.53745	2.0048119029308471
49.53745	2.0048119029308471
49.53745	2.0048119029308471
49.53745	2.0048119029308471
49.53745	2.0048119029308471
49.53745	2.0048119029308471
49.597435	2.0048081890127185
49.657453	2.0048038551411955
49.657453	2.0048038551411955
49.657453	2.0048038551411955
49.657453	2.0048038551411955
49.657453	2.0048038551411955
49.657453	2.0048038551411955
49.717431	2.0047994742530011
49.717431	2.0047994742530011
49.717431	2.0047994742530011
49.717431	2.0047994742530011
49.717431	2.0047994742530011
49.717441	2.0047994735393342
49.77749	2.004795598191615
49.77749	2.004795598191615
49.77749	2.004795598191615
49.77749	2.004795598191615
49.77749	2.004795598191615
49.77749	2.004795598191615
49.837443	2.004792752396106
49.837443	2.004792752396106
49.837443	2.004792752396106
49.837443	2.004792752396106
49.873411	2.0047917121833096
49.873411	2.0047917121833096
49.897439	2.0047913149221284
49.897439	2.0047913149221284
49.909347	2.0047912336495375
49.909347	2.0047912336495375
49.909347	2.0047912336495375
49.909347	2.0047912336495375
49.909347	2.0047912336495375
49.957513	2.0047915227131163
49.969346	2.0047917795492434
49.981347	2.0047920767542804
49.981347	2.0047920767542804
50.005347	2.0047929204536237
50.017441	2.0047934317507887
50.017441	2.0047934317507887
50.017441	2.0047934317507887
50.017441	2.0047934317507887
50.05344	2.0047953617535925
50.05344	2.0047953617535925
50.077461	2.0047969282616434
50.077461	2.0047969282616434
50.077461	2.0047969282616434
50.077461	2.0047969282616434
50.077461	2.0047969282616434
50.125357	2.00480067854099
50.137441	2.0048017281122794
50.137441	2.0048017281122794
50.149348	2.0048028082213563
50.149348	2.0048028082213563
50.149348	2.0048028082213563
50.185367	2.0048062321423457
50.197442	2.004807426026848
50.197442	2.004807426026848
50.197442	2.004807426026848
50.197442	2.004807426026848
50.197442	2.004807426026848
50.197442	2.004807426026848
50.257453	2.0048135258187516
50.257453	2.0048135258187516
50.257453	2.0048135258187516
50.257453	2.0048135258187516
50.257453	2.0048135258187516
50.305356	2.0048183237143995
50.317478	2.0048194966472082
50.317478	2.0048194966472082
50.317478	2.0048194966472082
50.317478	2.0048194966472082
50.353483	2.0048227946198027
50.353483	2.0048227946198027
50.377459	2.0048248218931124
50.377459	2.0048248218931124
50.377459	2.0048248218931124
50.377459	2.0048248218931124
50.377459	2.0048248218931124
50.377459	2.0048248218931124
50.437441	2.0048290684964849
50.437441	2.0048290684964849
50.437441	2.0048290684964849
50.437441	2.0048290684964849
50.437441	2.0048290684964849
50.437441	2.0048290684964849
50.497471	2.0048319149859064
50.497471	2.0048319149859064
50.497471	2.0048319149859064
50.497471	2.0048319149859064
50.533415	2.0048328519225533
50.545351	2.0048330396987923
50.557464	2.0048331700492841
50.557464	2.0048331700492841
50.557464	2.0048331700492841
50.557464	2.0048331700492841
50.557464	2.0048331700492841
50.557464	2.0048331700492841
50.557464	2.0048331700492841
50.557464	2.0048331700492841
50.557464	2.0048331700492841
50.557464	2.0048331700492841
50.557464	2.0048331700492841
50.61751	2.0048328323209121
50.677459	2.0048310522722126
50.677459	2.0048310522722126
50.689389	2.0048305408054428
50.701347	2.0048300041771618
50.701347	2.0048300041771618
50.725346	2.0048287793961963
50.737441	2.0048281156591869
50.737441	2.0048281156591869
50.737441	2.0048281156591869
50.737441	2.0048281156591869
50.73745	2.004828115165294
50.785398	2.0048251990685508
50.797448	2.0048244186379138
50.797448	2.0048244186379138
50.797448	2.0048244186379138
50.797448	2.0048244186379138
50.797448	2.0048244186379138
50.797448	2.0048244186379138
50.857457	2.0048204263060052
50.857457	2.0048204263060052
50.857457	2.0048204263060052
50.857457	2.0048204263060052
50.893422	2.0048180995466693
50.893422	2.0048180995466693
50.917455	2.0048166295802798
50.917455	2.0048166295802798
50.929356	2.0048159463758592
50.929356	2.0048159463758592
50.953442	2.0048146438188339
50.953442	2.0048146438188339
50.977475	2.0048134836094382
50.977475	2.0048134836094382
50.977475	2.0048134836094382
50.977475	2.0048134836094382
51.013488	2.0048120800192013
51.025355	2.0048117073333596
51.037468	2.0048113730082933
51.037468	2.0048113730082933
51.037468	2.0048113730082933
51.037468	2.0048113730082933
51.037468	2.0048113730082933
51.037468	2.0048113730082933
51.09745	2.004810564931423
51.09745	2.004810564931423
51.09745	2.004810564931423
51.09745	2.004810564931423
51.133418	2.00481077405929
51.145426	2.0048109550561577
51.157455	2.0048111892866762
51.157455	2.0048111892866762
51.169447	2.0048114972749702
51.169447	2.0048114972749702
51.169447	2.0048114972749702
51.205356	2.0048127128001973
51.217467	2.0048132254970881
51.217467	2.0048132254970881
51.229356	2.004813793592831
51.241356	2.0048143934389793
51.241356	2.0048143934389793
51.241356	2.0048143934389793
51.277566	2.0048165138216651
51.277566	2.0048165138216651
51.277566	2.0048165138216651
51.277566	2.0048165138216651
51.277566	2.0048165138216651
51.277566	2.0048165138216651
51.337456	2.0048207319675191
51.337456	2.0048207319675191
51.337456	2.0048207319675191
51.337456	2.0048207319675191
51.337456	2.0048207319675191
51.337456	2.0048207319675191
51.337456	2.0048207319675191
51.397456	2.0048255209500843
51.409427	2.0048265070103146
51.409427	2.0048265070103146
51.409427	2.0048265070103146
51.409427	2.0048265070103146
51.457454	2.0048304448437078
51.457454	2.0048304448437078
51.457454	2.0048304448437078
51.457454	2.0048304448437078
51.49344	2.004833274238647
51.505356	2.0048341719151828
51.517454	2.0048350607932952
51.517454	2.0048350607932952
51.517454	2.0048350607932952
51.517454	2.0048350607932952
51.517454	2.0048350607932952
51.517454	2.0048350607932952
51.577504	2.0048389652199372
51.577504	2.0048389652199372
51.577504	2.0048389652199372
51.601355	2.0048402437150865
51.613422	2.0048408103675563
51.625376	2.0048413352614083
51.637449	2.0048418203339815
51.637449	2.0048418203339815
51.637449	2.0048418203339815
51.637449	2.0048418203339815
51.637449	2.0048418203339815
51.637449	2.0048418203339815
51.69745	2.0048434187063382
51.69745	2.0048434187063382
51.709359	2.0048435658227683
51.709359	2.0048435658227683
51.73342	2.004843723275342
51.745355	2.004843721989876
51.757497	2.0048436710628739
51.757497	2.0048436710628739
51.757506	2.0048436710251254
51.757506	2.0048436710251254
51.757506	2.0048436710251254
51.757506	2.0048436710251254
51.817461	2.0048426284707146
51.817461	2.0048426284707146
51.817461	2.0048426284707146
51.817461	2.0048426284707146
51.853593	2.0048414403915
51.865365	2.0048409788004165
51.87748	2.0048404698638382
51.87748	2.0048404698638382
51.87748	2.0048404698638382
51.87748	2.0048404698638382
51.87748	2.0048404698638382
51.87748	2.0048404698638382
51.937527	2.0048374847608708
51.937527	2.0048374847608708
51.937527	2.0048374847608708
51.937527	2.0048374847608708
51.937527	2.0048374847608708
51.937527	2.0048374847608708
51.997492	2.004834045452129
51.997492	2.004834045452129
52.009364	2.0048333441154291
52.021385	2.0048326339075486
52.021385	2.0048326339075486
52.021385	2.0048326339075486
52.057462	2.0048305415261582
52.057462	2.0048305415261582
52.057462	2.0048305415261582
52.057462	2.0048305415261582
52.057462	2.0048305415261582
52.057462	2.0048305415261582
52.117461	2.0048273850906746
52.117461	2.0048273850906746
52.129421	2.004826836994527
52.129421	2.004826836994527
52.129421	2.004826836994527
52.165365	2.0048253663485505
52.177478	2.0048249404973379
52.177478	2.0048249404973379
52.177478	2.0048249404973379
52.177478	2.0048249404973379
52.177478	2.0048249404973379
52.177478	2.0048249404973379
52.237462	2.0048234884027907
52.237462	2.0048234884027907
52.237462	2.0048234884027907
52.237462	2.0048234884027907
52.273435	2.0048231773015437
52.273435	2.0048231773015437
52.29747	2.0048232006220474
52.29747	2.0048232006220474
52.29747	2.0048232006220474
52.29747	2.0048232006220474
52.29747	2.0048232006220474
52.29747	2.0048232006220474
52.29747	2.0048232006220474
52.357484	2.0048241295293288
52.369547	2.0048244673086328
52.381365	2.0048248221875911
52.393428	2.0048252490780829
52.393428	2.0048252490780829
52.417476	2.0048261995533347
52.417476	2.0048261995533347
52.417476	2.0048261995533347
52.441364	2.0048272998837708
52.453441	2.0048279173540955
52.453441	2.0048279173540955
52.477479	2.0048292205507718
52.477479	2.0048292205507718
52.477479	2.0048292205507718
52.477479	2.0048292205507718
52.477479	2.0048292205507718
52.525364	2.0048321275571239
52.537468	2.004832907478773
52.537468	2.004832907478773
52.537468	2.004832907478773
52.561365	2.0048344848572222
52.561365	2.0048344848572222
52.585365	2.0048360974737998
52.597528	2.004836917427756
52.597528	2.004836917427756
52.597528	2.004836917427756
52.597528	2.004836917427756
52.597528	2.004836917427756
52.597528	2.004836917427756
52.657461	2.0048408604883963
52.657461	2.0048408604883963
52.657461	2.0048408604883963
52.657461	2.0048408604883963
52.657461	2.0048408604883963
52.657461	2.0048408604883963
52.717461	2.0048443820495594
52.717461	2.0048443820495594
52.717461	2.0048443820495594
52.741365	2.0048455931338367
52.741365	2.0048455931338367
52.765368	2.0048466644145906
52.777482	2.0048471570471373
52.777492	2.0048471574538009
52.777492	2.0048471574538009
52.777492	2.0048471574538009
52.777492	2.0048471574538009
52.825375	2.0048486777484369
52.837468	2.0048489605918212
52.837468	2.0048489605918212
52.849376	2.0048491809469757
52.849376	2.0048491809469757
52.849376	2.0048491809469757
52.849376	2.0048491809469757
52.897473	2.0048496607650979
52.897473	2.0048496607650979
52.897473	2.0048496607650979
52.921375	2.0048496267617755
52.933439	2.0048495314568426
52.945396	2.0048494047293453
52.957475	2.0048492370739885
52.957475	2.0048492370739885
52.957475	2.0048492370739885
52.981374	2.0048487731059992
52.981374	2.0048487731059992
52.981374	2.0048487731059992
52.981374	2.0048487731059992
52.981374	2.0048487731059992
52.981374	2.0048487731059992
53.017471	2.0048477662376913
53.05345	2.0048464549717249
53.05345	2.0048464549717249
53.077506	2.0048454463781256
53.077506	2.0048454463781256
53.077506	2.0048454463781256
53.077506	2.0048454463781256
53.077506	2.0048454463781256
53.125451	2.0048431946117491
53.137471	2.0048425964476162
53.137471	2.0048425964476162
53.137471	2.0048425964476162
53.137471	2.0048425964476162
53.173447	2.0048407604651195
53.185375	2.0048401474805599
53.197469	2.0048395267311183
53.197469	2.0048395267311183
53.197469	2.0048395267311183
53.197469	2.0048395267311183
53.197469	2.0048395267311183
53.197469	2.0048395267311183
53.257544	2.0048365733229563
53.257544	2.0048365733229563
53.269553	2.0048360310428692
53.269553	2.0048360310428692
53.269553	2.0048360310428692
53.269553	2.0048360310428692
53.31749	2.0048340668061209
53.31749	2.0048340668061209
53.31749	2.0048340668061209
53.341395	2.0048332487038336
53.341395	2.0048332487038336
53.365375	2.0048325655388237
53.377491	2.0048322661206179
53.377491	2.0048322661206179
53.377491	2.0048322661206179
53.377491	2.0048322661206179
53.377491	2.0048322661206179
53.377491	2.0048322661206179
53.377491	2.0048322661206179
53.43747	2.0048313821597419
53.449442	2.0048313340248805
53.449442	2.0048313340248805
53.449442	2.0048313340248805
53.485374	2.0048314101206892
53.497469	2.0048315154420711
53.497469	2.0048315154420711
53.497469	2.0048315154420711
53.497469	2.0048315154420711
53.497469	2.0048315154420711
53.497469	2.0048315154420711
53.557475	2.0048326607445923
53.557475	2.0048326607445923
53.557475	2.0048326607445923
53.557475	2.0048326607445923
53.557475	2.0048326607445923
53.605375	2.0048342334526188
53.61747	2.0048347064705121
53.61747	2.0048347064705121
53.61747	2.0048347064705121
53.61747	2.0048347064705121
53.61747	2.0048347064705121
53.665375	2.0048368570781432
53.67752	2.0048374552244081
53.67752	2.0048374552244081
53.67752	2.0048374552244081
53.67752	2.0048374552244081
53.67752	2.0048374552244081
53.67752	2.0048374552244081
53.737469	2.0048406273435737
53.737469	2.0048406273435737
53.737469	2.0048406273435737
53.737469	2.0048406273435737
53.773447	2.0048426097365941
53.773456	2.0048426102330352
53.797505	2.0048439269149703
53.797505	2.0048439269149703
53.797505	2.0048439269149703
53.797505	2.0048439269149703
53.833447	2.0048458279617232
53.845384	2.0048464334982268
53.857503	2.0048470332915471
53.857503	2.0048470332915471
53.869384	2.004847595365113
53.869384	2.004847595365113
53.869384	2.004847595365113
53.869384	2.004847595365113
53.917555	2.0048496596872387
53.917555	2.0048496596872387
53.917555	2.0048496596872387
53.917555	2.0048496596872387
53.917555	2.0048496596872387
53.917555	2.0048496596872387
53.977497	2.0048516759417536
53.977497	2.0048516759417536
53.989384	2.0048112541466705
54.001384	2.0047342235789456
54.001384	2.0047342235789456
54.025383	2.0040921750832204
54.037482	2.0035925926557057
54.037482	2.0035925926557057
54.037482	2.0035925926557057
54.037482	2.0035925926557057
54.037482	2.0035925926557057
54.037482	2.0035925926557057
54.097482	2.0010330281953199
54.097482	2.0010330281953199
54.097482	2.0010330281953199
54.097482	2.0010330281953199
54.097482	2.0010330281953199
54.145383	2.0009252381882603
54.157513	2.0009381029039561
54.157513	2.0009381029039561
54.157513	2.0009381029039561
54.181459	2.0009594380212716
54.181459	2.0009594380212716
54.205403	2.0009807567560016
54.205403	2.0009807567560016
54.205403	2.0009807567560016
54.205403	2.0009807567560016
54.205403	2.0009807567560016
54.205403	2.0009807567560016
54.21749	2.0009919793311779
54.277499	2.0010497830405392
54.277499	2.0010497830405392
54.277499	2.0010497830405392
54.277499	2.0010497830405392
54.277499	2.0010497830405392
54.277499	2.0010497830405392
54.337497	2.0011078789842021
54.337497	2.0011078789842021
54.337497	2.0011078789842021
54.337497	2.0011078789842021
54.337497	2.0011078789842021
54.385384	2.0011545423844104
54.39748	2.0011664225496748
54.39748	2.0011664225496748
54.409384	2.0011781931509325
54.409384	2.0011781931509325
54.433447	2.0012021553259829
54.433447	2.0012021553259829
54.457489	2.0012263758708442
54.457489	2.0012263758708442
54.457489	2.0012263758708442
54.457489	2.0012263758708442
54.457489	2.0012263758708442
54.505394	2.0012756686316053
54.51748	2.0012883240056247
54.51748	2.0012883240056247
54.51748	2.0012883240056247
54.51748	2.0012883240056247
54.51748	2.0012883240056247
54.51748	2.0012883240056247
54.577618	2.0013529459367696
54.577618	2.0013529459367696
54.577618	2.0013529459367696
54.577618	2.0013529459367696
54.577618	2.0013529459367696
54.625384	2.0014062657504188
54.637485	2.0014200364987422
54.637485	2.0014200364987422
54.637485	2.0014200364987422
54.637485	2.0014200364987422
54.637485	2.0014200364987422
54.637485	2.0014200364987422
54.697495	2.0014900020619129
54.697495	2.0014900020619129
54.697495	2.0014900020619129
54.721383	2.0015185287219719
54.721383	2.0015185287219719
54.745387	2.0015475522194732
54.745387	2.0015475522194732
54.757483	2.0015622775926283
54.769384	2.001576852193018
54.769384	2.001576852193018
54.769394	2.0015768644590732
54.805394	2.0016212426810469
54.817495	2.0016362452569676
54.817495	2.0016362452569676
54.817495	2.0016362452569676
54.817495	2.0016362452569676
54.817495	2.0016362452569676
54.817495	2.0016362452569676
54.87751	2.0017109622058409
54.87751	2.0017109622058409
54.87751	2.0017109622058409
54.87751	2.0017109622058409
54.87751	2.0017109622058409
54.925394	2.0017704092417201
54.93751	2.0017853623537616
54.93751	2.0017853623537616
54.93751	2.0017853623537616
54.93751	2.0017853623537616
54.93751	2.0017853623537616
54.93751	2.0017853623537616
54.99749	2.001858340137098
54.99749	2.001858340137098
55.009437	2.0018725940918753
55.021393	2.0018868021703842
55.021393	2.0018868021703842
55.045393	2.0019149003255539
55.0575	2.001928913897268
55.0575	2.001928913897268
55.069425	2.0019425418345191
55.069425	2.0019425418345191
55.093458	2.0019696441594594
55.093458	2.0019696441594594
55.117493	2.0019961667886514
55.117493	2.0019961667886514
55.117493	2.0019961667886514
55.117493	2.0019961667886514
55.153462	2.0020346082306917
55.165394	2.0020470473166814
55.177509	2.0020595230692457
55.177509	2.0020595230692457
55.177509	2.0020595230692457
55.177509	2.0020595230692457
55.177509	2.0020595230692457
55.177509	2.0020595230692457
55.237583	2.0021187140097356
55.237583	2.0021187140097356
55.237583	2.0021187140097356
55.237583	2.0021187140097356
55.237583	2.0021187140097356
55.237583	2.0021187140097356
55.297489	2.0021735609048195
55.297489	2.0021735609048195
55.297489	2.0021735609048195
55.321394	2.0021943572490057
55.321394	2.0021943572490057
55.345394	2.0022146221878514
55.357492	2.0022246598396762
55.357492	2.0022246598396762
55.357492	2.0022246598396762
55.357492	2.0022246598396762
55.357492	2.0022246598396762
55.357492	2.0022246598396762
55.417493	2.0022725820308644
55.417493	2.0022725820308644
55.417493	2.0022725820308644
55.417493	2.0022725820308644
55.417493	2.0022725820308644
55.465394	2.0023091287974681
55.477524	2.0023182176493561
55.477524	2.0023182176493561
55.477524	2.0023182176493561
55.477524	2.0023182176493561
55.513467	2.0023448406523303
55.513467	2.0023448406523303
55.537493	2.0023624889078597
55.537493	2.0023624889078597
55.549394	2.0023712073276507
55.561395	2.0023799967408737
55.573466	2.0023888464875226
55.573466	2.0023888464875226
55.597488	2.002385159330458
55.597488	2.002385159330458
55.597488	2.002385159330458
55.597488	2.002385159330458
55.597488	2.002385159330458
55.597488	2.002385159330458
55.657492	2.0018800323754244
55.657492	2.0018800323754244
55.657492	2.0018800323754244
55.681395	2.0016028931090197
55.693459	2.0015349922134789
55.705395	2.0014974147927798
55.717488	2.0014957064800964
55.717488	2.0014957064800964
55.717488	2.0014957064800964
55.717488	2.0014957064800964
55.717488	2.0014957064800964
55.765467	2.0015482909028526
55.777507	2.0015622991234339
55.777507	2.0015622991234339
55.777507	2.0015622991234339
55.801406	2.0015903079366768
55.813468	2.0016046449595968
55.825404	2.0016189012580461
55.837501	2.0016334344313327
55.837501	2.0016334344313327
55.837501	2.0016334344313327
55.837501	2.0016334344313327
55.837501	2.0016334344313327
55.837501	2.0016334344313327
55.837501	2.0016334344313327
55.837501	2.0016334344313327
55.837501	2.0016334344313327
55.837501	2.0016334344313327
55.897567	2.001706442673306
55.945403	2.0017652800125352
55.957501	2.0017802314461686
55.957501	2.0017802314461686
55.969403	2.001794967779214
55.981403	2.0018098355947473
55.981403	2.0018098355947473
56.005424	2.001839649280801
56.017498	2.0018546496824685
56.017498	2.0018546496824685
56.029474	2.0018695314232846
56.029474	2.0018695314232846
56.029474	2.0018695314232846
56.029474	2.0018695314232846
56.077526	2.0019291665687273
56.077526	2.0019291665687273
56.077526	2.0019291665687273
56.077526	2.0019291665687273
56.077526	2.0019291665687273
56.077526	2.0019291665687273
56.137554	2.0020030838961036
56.137554	2.0020030838961036
56.137554	2.0020030838961036
56.137554	2.0020030838961036
56.137554	2.0020030838961036
56.137554	2.0020030838961036
56.197505	2.0020754955490867
56.197505	2.0020754955490867
56.209414	2.0020896237840153
56.209414	2.0020896237840153
56.233469	2.002117914353601
56.233469	2.002117914353601
56.2575	2.0021457700357295
56.2575	2.0021457700357295
56.2575	2.0021457700357295
56.2575	2.0021457700357295
56.293536	2.0021866220942863
56.305421	2.0021998562327354
56.317524	2.0022132135292332
56.317524	2.0022132135292332
56.317524	2.0022132135292332
56.317524	2.0022132135292332
56.317524	2.0022132135292332
56.317524	2.0022132135292332
56.377529	2.0022771722502983
56.377529	2.0022771722502983
56.377529	2.0022771722502983
56.377529	2.0022771722502983
56.413467	2.0022338111541118
56.413467	2.0022338111541118
56.437521	2.0020682675130246
56.437521	2.0020682675130246
56.437521	2.0020682675130246
56.437521	2.0020682675130246
56.473471	2.0017095908130953
56.485403	2.0016185475836235
56.497506	2.0015645229748134
56.497506	2.0015645229748134
56.497506	2.0015645229748134
56.497506	2.0015645229748134
56.533468	2.0015746968429147
56.533468	2.0015746968429147
56.557592	2.0015999080762388
56.557592	2.0015999080762388
56.557592	2.0015999080762388
56.557592	2.0015999080762388
56.557592	2.0015999080762388
56.557592	2.0015999080762388
56.617497	2.001654718209398
56.617497	2.001654718209398
56.617497	2.001654718209398
56.617497	2.001654718209398
56.617497	2.001654718209398
56.617497	2.001654718209398
56.67751	2.0017092406840651
56.67751	2.0017092406840651
56.67751	2.0017092406840651
56.67751	2.0017092406840651
56.67751	2.0017092406840651
56.67751	2.0017092406840651
56.737505	2.0017625065509757
56.737505	2.0017625065509757
56.749404	2.0017729639459048
56.749404	2.0017729639459048
56.749404	2.0017729639459048
56.785404	2.0018045293606335
56.797499	2.0018151270086038
56.797509	2.0018151357706113
56.797509	2.0018151357706113
56.797509	2.0018151357706113
56.797509	2.0018151357706113
56.797509	2.0018151357706113
56.797509	2.0018151357706113
56.857515	2.0018680919630989
56.869766	2.001879030588896
56.881413	2.001889456049244
56.881413	2.001889456049244
56.881413	2.001889456049244
56.917507	2.0019221560937255
56.917507	2.0019221560937255
56.917507	2.0019221560937255
56.917507	2.0019221560937255
56.917507	2.0019221560937255
56.917507	2.0019221560937255
56.977524	2.0019779194722962
56.977524	2.0019779194722962
56.989417	2.0019892190066364
56.989417	2.0019892190066364
56.989417	2.0019892190066364
57.025414	2.0020238562164838
57.037511	2.0020356552280889
57.037511	2.0020356552280889
57.037511	2.0020356552280889
57.037511	2.0020356552280889
57.037511	2.0020356552280889
57.085484	2.0020833080240092
57.097549	2.002095474110686
57.097549	2.002095474110686
57.097549	2.002095474110686
57.121416	2.0021197603639296
57.121416	2.0021197603639296
57.145413	2.0021444462193285
57.157544	2.002157000109456
57.157544	2.002157000109456
57.157544	2.002157000109456
57.157544	2.002157000109456
57.157544	2.002157000109456
57.157544	2.002157000109456
57.21758	2.00221983207468
57.21758	2.00221983207468
57.21758	2.00221983207468
57.21758	2.00221983207468
57.21758	2.00221983207468
57.265509	2.0022703900516712
57.277521	2.0022830591513747
57.277521	2.0022830591513747
57.289413	2.0022955718780402
57.289413	2.0022955718780402
57.313487	2.0023208246961564
57.313487	2.0023208246961564
57.337514	2.0023458742832325
57.337514	2.0023458742832325
57.337514	2.0023458742832325
57.361433	2.0023705976845068
57.361433	2.0023705976845068
57.361433	2.0023705976845068
57.361433	2.0023705976845068
57.361433	2.0023705976845068
57.361433	2.0023705976845068
57.361433	2.0023705976845068
57.361433	2.0023705976845068
57.397507	2.0024073585511006
57.45752	2.002466689681123
57.45752	2.002466689681123
57.45752	2.002466689681123
57.45752	2.002466689681123
57.45752	2.002466689681123
57.45752	2.002466689681123
57.517511	2.0025231293876482
57.517511	2.0025231293876482
57.517511	2.0025231293876482
57.517511	2.0025231293876482
57.517511	2.0025231293876482
57.565414	2.0025657741555309
57.577557	2.0025762473981001
57.577557	2.0025762473981001
57.577557	2.0025762473981001
57.601413	2.0025963610947857
57.601413	2.0025963610947857
57.601413	2.0025963610947857
57.637509	2.0026256755975793
57.637509	2.0026256755975793
57.649456	2.0026350663622372
57.661413	2.0026443881783096
57.673477	2.0026535874747307
57.673477	2.0026535874747307
57.697508	2.0026715815256639
57.697508	2.0026715815256639
57.697508	2.0026715815256639
57.721413	2.002688945312697
57.721413	2.002688945312697
57.745491	2.0027059115591648
57.757514	2.0027142342319517
57.757514	2.0027142342319517
57.757514	2.0027142342319517
57.757514	2.0027142342319517
57.757514	2.0027142342319517
57.757514	2.0027142342319517
57.81753	2.0027541918926888
57.81753	2.0027541918926888
57.81753	2.0027541918926888
57.81753	2.0027541918926888
57.81753	2.0027541918926888
57.865424	2.002784609880444
57.877618	2.0027922104751577
57.877618	2.0027922104751577
57.877618	2.0027922104751577
57.877618	2.0027922104751577
57.877618	2.0027922104751577
57.877618	2.0027922104751577
57.937538	2.002828963396837
57.937538	2.002828963396837
57.949424	2.0028361885878478
57.961424	2.0028434791415974
57.961424	2.0028434791415974
57.961424	2.0028434791415974
57.997519	2.0028654295733967
57.997519	2.0028654295733967
57.997519	2.0028654295733967
57.997519	2.0028654295733967
58.033489	2.0028874687855951
58.033489	2.0028874687855951
58.057526	2.0029023494695588
58.057526	2.0029023494695588
58.069424	2.0029097897535499
58.069424	2.0029097897535499
58.069424	2.0029097897535499
58.069424	2.0029097897535499
58.11752	2.0029403255934688
58.11752	2.0029403255934688
58.11752	2.0029403255934688
58.1415	2.0029558985801317
58.1415	2.0029558985801317
58.1415	2.0029558985801317
58.177541	2.002979800913542
58.177541	2.002979800913542
58.177541	2.002979800913542
58.201424	2.0029959825201931
58.213488	2.0030042768500196
58.225424	2.0030125332771651
58.237537	2.0030209731821169
58.237537	2.0030209731821169
58.237537	2.0030209731821169
58.237537	2.0030209731821169
58.273557	2.0030464786546349
58.285424	2.0030549859185367
58.297518	2.0030637005815208
58.297518	2.0030637005815208
58.309428	2.0030723420916448
58.309428	2.0030723420916448
58.309428	2.0030723420916448
58.309428	2.0030723420916448
58.357529	2.0031076082325496
58.357529	2.0031076082325496
58.357529	2.0031076082325496
58.357529	2.0031076082325496
58.357529	2.0031076082325496
58.357529	2.0031076082325496
58.417521	2.0031522164173787
58.417521	2.0031522164173787
58.417521	2.0031522164173787
58.441427	2.0031700494006617
58.453503	2.0031790450739213
58.465428	2.0031879146286178
58.477537	2.0031969044658906
58.477537	2.0031969044658906
58.477537	2.0031969044658906
58.477537	2.0031969044658906
58.477537	2.0031969044658906
58.525424	2.003232103152103
58.537643	2.0032409783512724
58.537643	2.0032409783512724
58.549424	2.0032494595993375
58.549424	2.0032494595993375
58.549424	2.0032494595993375
58.549424	2.0032494595993375
58.597524	2.0032834758296616
58.597524	2.0032834758296616
58.609527	2.0032917476984111
58.609527	2.0032917476984111
58.633468	2.0033080171727775
58.633468	2.0033080171727775
58.657522	2.0033239900211224
58.657522	2.0033239900211224
58.657522	2.0033239900211224
58.657522	2.0033239900211224
58.657522	2.0033239900211224
58.657522	2.0033239900211224
58.717523	2.0033619274288208
58.717523	2.0033619274288208
58.717523	2.0033619274288208
58.717523	2.0033619274288208
58.717523	2.0033619274288208
58.717523	2.0033619274288208
58.777569	2.0033969986549391
58.777569	2.0033969986549391
58.777569	2.0033969986549391
58.777569	2.0033969986549391
58.777579	2.0033970043102154
58.825434	2.0034228079254919
58.837532	2.0034290548801148
58.837532	2.0034290548801148
58.849434	2.0034350528012119
58.849434	2.0034350528012119
58.873512	2.0034469076991197
58.873512	2.0034469076991197
58.897529	2.003458334573077
58.897529	2.003458334573077
58.897529	2.003458334573077
58.921434	2.0034693158156882
58.921434	2.0034693158156882
58.921434	2.0034693158156882
58.957532	2.0034852195386521
58.957532	2.0034852195386521
58.969438	2.0034902917476884
58.969438	2.0034902917476884
58.969438	2.0034902917476884
58.969438	2.0034902917476884
59.017551	2.0035101450227057
59.017551	2.0035101450227057
59.017551	2.0035101450227057
59.017551	2.0035101450227057
59.017551	2.0035101450227057
59.017551	2.0035101450227057
59.077566	2.0035337546816918
59.077566	2.0035337546816918
59.077566	2.0035337546816918
59.077566	2.0035337546816918
59.113506	2.0035475861169072
59.125434	2.0035521605269837
59.137529	2.0035567966735721
59.137529	2.0035567966735721
59.137529	2.0035567966735721
59.137529	2.0035567966735721
59.137529	2.0035567966735721
59.137529	2.0035567966735721
59.197599	2.0035800035705482
59.197599	2.0035800035705482
59.197599	2.0035800035705482
59.197599	2.0035800035705482
59.197599	2.0035800035705482
59.245434	2.0035989642536771
59.257533	2.0036038537050591
59.257533	2.0036038537050591
59.269437	2.0036087268626939
59.269437	2.0036087268626939
59.269437	2.0036087268626939
59.269437	2.0036087268626939
59.317552	2.0036288947743959
59.317552	2.0036288947743959
59.317552	2.0036288947743959
59.317552	2.0036288947743959
59.317552	2.0036288947743959
59.317552	2.0036288947743959
59.377547	2.0036553470253158
59.377547	2.0036553470253158
59.389436	2.0036607814053711
59.389436	2.0036607814053711
59.389436	2.0036607814053711
59.389436	2.0036607814053711
59.437547	2.003683301156272
59.437547	2.003683301156272
59.437547	2.003683301156272
59.437547	2.003683301156272
59.437547	2.003683301156272
59.437547	2.003683301156272
59.49757	2.0037125483447538
59.49757	2.0037125483447538
59.49757	2.0037125483447538
59.521434	2.0037244328366035
59.521434	2.0037244328366035
59.545466	2.0037365249376693
59.557534	2.0037426283319482
59.557534	2.0037426283319482
59.557534	2.0037426283319482
59.557534	2.0037426283319482
59.557534	2.0037426283319482
59.557534	2.0037426283319482
59.617537	2.0037732241104882
59.617537	2.0037732241104882
59.617537	2.0037732241104882
59.617537	2.0037732241104882
59.617537	2.0037732241104882
59.617537	2.0037732241104882
59.677564	2.0038037381235219
59.677564	2.0038037381235219
59.677564	2.0038037381235219
59.701447	2.0038156956478179
59.701447	2.0038156956478179
59.725512	2.0038275668956298
59.737566	2.0038334505024062
59.737566	2.0038334505024062
59.749434	2.0038391701066471
59.749434	2.0038391701066471
59.749434	2.0038391701066471
59.785436	2.00383199526765
59.797531	2.0037834183557757
59.797531	2.0037834183557757
59.797531	2.0037834183557757
59.821444	2.0032622644173785
59.821444	2.0032622644173785
59.821444	2.0032622644173785
59.857609	2.0016051847241818
59.857609	2.0016051847241818
59.857609	2.0016051847241818
59.857609	2.0016051847241818
59.857609	2.0016051847241818
59.857609	2.0016051847241818
59.917537	1.9998988369145814
59.917537	1.9998988369145814
59.929443	1.9999046549682828
59.929443	1.9999046549682828
59.929443	1.9999046549682828
59.929443	1.9999046549682828
59.977553	1.9999731303526092
59.977553	1.9999731303526092
59.977553	1.9999731303526092
59.977553	1.9999731303526092
59.977553	1.9999731303526092
59.977553	1.9999731303526092
60.037543	2.0000531038791154
60.037543	2.0000531038791154
60.037543	2.0000531038791154
60.037543	2.0000531038791154
60.037543	2.0000531038791154
60.037543	2.0000531038791154
60.097538	2.0001339571908265
60.097538	2.0001339571908265
60.109443	2.0001497499867562
60.109443	2.0001497499867562
60.133509	2.0001815010648545
60.133509	2.0001815010648545
60.157545	2.0002130015634645
60.157545	2.0002130015634645
60.157545	2.0002130015634645
60.157545	2.0002130015634645
60.157545	2.0002130015634645
60.157545	2.0002130015634645
60.21754	2.0002913051077407
60.21754	2.0002913051077407
60.21754	2.0002913051077407
60.21754	2.0002913051077407
60.21754	2.0002913051077407
60.21754	2.0002913051077407
60.277548	2.0003702198530142
60.277548	2.0003702198530142
60.277548	2.0003702198530142
60.277548	2.0003702198530142
60.277548	2.0003702198530142
60.277548	2.0003702198530142
60.337556	2.0004504782037178
60.337556	2.0004504782037178
60.337556	2.0004504782037178
60.361443	2.0004829975111127
60.373514	2.0004996065388383
60.385516	2.0005162045714053
60.397556	2.0005329541750978
60.397556	2.0005329541750978
60.397556	2.0005329541750978
60.397556	2.0005329541750978
60.433511	2.0005837075364425
60.445443	2.0006007706422362
60.457539	2.0006181753967258
60.457539	2.0006181753967258
60.457539	2.0006181753967258
60.457539	2.0006181753967258
60.493508	2.0006706917876089
60.505443	2.0006883326766687
60.517639	2.0007064609662679
60.517639	2.0007064609662679
60.517639	2.0007064609662679
60.517639	2.0007064609662679
60.517639	2.0007064609662679
60.565443	2.0007785945544851
60.577552	2.0007970851850168
60.577552	2.0007970851850168
60.577552	2.0007970851850168
60.577552	2.0007970851850168
60.577552	2.0007970851850168
60.625443	2.0008709757972736
60.637543	2.0008897810986928
60.637543	2.0008897810986928
60.649514	2.0009084368965158
60.649514	2.0009084368965158
60.649514	2.0009084368965158
60.649514	2.0009084368965158
60.697546	2.0009714388521993
60.697546	2.0009714388521993
60.697546	2.0009714388521993
60.697546	2.0009714388521993
60.697546	2.0009714388521993
60.697546	2.0009714388521993
60.757541	2.0005969368521792
60.757541	2.0005969368521792
60.757541	2.0005969368521792
60.757541	2.0005969368521792
60.757541	2.0005969368521792
60.805443	2.0003058249852019
60.817542	2.0003163884182236
60.817552	2.0003163971490552
60.817552	2.0003163971490552
60.817552	2.0003163971490552
60.817552	2.0003163971490552
60.817552	2.0003163971490552
60.877563	2.0004065447709602
60.877563	2.0004065447709602
60.889453	2.0004231555454357
60.889453	2.0004231555454357
60.889453	2.0004231555454357
60.889453	2.0004231555454357
60.937548	2.0004905142873484
60.937548	2.0004905142873484
60.937548	2.0004905142873484
60.961453	2.0005236861310309
60.973533	2.0005402102395022
60.985474	2.0005564248452528
60.997551	2.0005726814989973
60.997551	2.0005726814989973
60.997551	2.0005726814989973
60.997551	2.0005726814989973
60.997551	2.0005726814989973
60.997551	2.0005726814989973
61.057554	2.0006508660362869
61.057554	2.0006508660362869
61.057554	2.0006508660362869
61.057554	2.0006508660362869
61.057554	2.0006508660362869
61.105453	2.0007102576356175
61.117583	2.0007249152234547
61.117583	2.0007249152234547
61.129453	2.0007390582926923
61.141453	2.0007532754089477
61.15352	2.0007673597706139
61.15352	2.0007673597706139
61.177634	2.0007951768637704
61.177634	2.0007951768637704
61.177634	2.0007951768637704
61.177634	2.0007951768637704
61.21352	2.0008356127942495
61.225453	2.0008488570514045
61.237552	2.0008621967207376
61.237552	2.0008621967207376
61.237552	2.0008621967207376
61.237552	2.0008621967207376
61.273518	2.0009013362180883
61.285454	2.0009142035608254
61.29755	2.0009271929324712
61.29755	2.0009271929324712
61.29755	2.0009271929324712
61.29755	2.0009271929324712
61.29755	2.0009271929324712
61.29755	2.0009271929324712
61.35755	2.0009911621200929
61.35755	2.0009911621200929
61.369453	2.0010038393443534
61.369453	2.0010038393443534
61.369453	2.0010038393443534
61.369453	2.0010038393443534
61.417548	2.0010552619891282
61.417548	2.0010552619891282
61.417548	2.0010552619891282
61.441524	2.0010811394379737
61.441524	2.0010811394379737
61.441524	2.0010811394379737
61.477651	2.0011206338140899
61.477651	2.0011206338140899
61.477651	2.0011206338140899
61.501473	2.0011470695538134
61.501473	2.0011470695538134
61.525453	2.0011740677510375
61.537556	2.0011878228311897
61.537556	2.0011878228311897
61.537556	2.0011878228311897
61.537556	2.0011878228311897
61.537556	2.0011878228311897
61.537556	2.0011878228311897
61.597568	2.0012577167617271
61.597568	2.0012577167617271
61.597568	2.0012577167617271
61.621453	2.0012863069376436
61.621453	2.0012863069376436
61.645453	2.0013155047698392
61.65757	2.0013303875085624
61.65757	2.0013303875085624
61.65757	2.0013303875085624
61.65757	2.0013303875085624
61.65757	2.0013303875085624
61.705524	2.0013903555689385
61.717554	2.0014056134555545
61.717554	2.0014056134555545
61.729453	2.0014208108137828
61.729453	2.0014208108137828
61.729453	2.0014208108137828
61.765473	2.0014671973613041
61.77758	2.0014829106545173
61.77758	2.0014829106545173
61.77758	2.0014829106545173
61.801453	2.001514046629806
61.813559	2.0015298997548916
61.813559	2.0015298997548916
61.837625	2.001561466810843
61.837635	2.0015614799356074
61.837635	2.0015614799356074
61.837635	2.0015614799356074
61.837635	2.0015614799356074
61.885463	2.0016242411979634
61.897609	2.001640131343418
61.897609	2.001640131343418
61.897609	2.001640131343418
61.921464	2.0016712000800836
61.921464	2.0016712000800836
61.921464	2.0016712000800836
61.957564	2.0017177584820467
61.957564	2.0017177584820467
61.957564	2.0017177584820467
61.981463	2.0017481937352866
61.981463	2.0017481937352866
61.981463	2.0017481937352866
62.017557	2.0017933857582815
62.017557	2.0017933857582815
62.017557	2.0017933857582815
62.017557	2.0017933857582815
62.053539	2.0018373223645689
62.053539	2.0018373223645689
62.077569	2.0018660056015367
62.077569	2.0018660056015367
62.077569	2.0018660056015367
62.077569	2.0018660056015367
62.077569	2.0018660056015367
62.125463	2.0019212584691553
62.125463	2.0019212584691553
62.137658	2.001934937414271
62.149463	2.0019479543600909
62.161483	2.0019611159884336
62.161483	2.0019611159884336
62.161483	2.0019611159884336
62.197558	2.0019994234460294
62.197558	2.0019994234460294
62.197558	2.0019994234460294
62.197558	2.0019994234460294
62.2336	2.0020360884921637
62.2336	2.0020360884921637
62.257563	2.0020596489037992
62.257563	2.0020596489037992
62.257563	2.0020596489037992
62.257563	2.0020596489037992
62.293567	2.0020937643577916
62.293567	2.0020937643577916
62.31761	2.0021158183072836
62.31761	2.0021158183072836
62.31761	2.0021158183072836
62.31761	2.0021158183072836
62.31761	2.0021158183072836
62.31761	2.0021158183072836
62.377566	2.00216834012735
62.377566	2.00216834012735
62.389494	2.002178398811532
62.389494	2.002178398811532
62.41353	2.0021983985704686
62.425497	2.0022082159591892
62.437557	2.0022180308152859
62.437557	2.0022180308152859
62.437557	2.0022180308152859
62.461463	2.0022372567963114
62.473527	2.0022468537185505
62.485463	2.0022563143078598
62.497634	2.0022659194666002
62.497634	2.0022659194666002
62.497634	2.0022659194666002
62.521463	2.0022846263988248
62.521463	2.0022846263988248
62.545483	2.0023034126695634
62.557559	2.0023128513809634
62.557559	2.0023128513809634
62.557559	2.0023128513809634
62.557559	2.0023128513809634
62.557559	2.0023128513809634
62.557559	2.0023128513809634
62.617558	2.0023599916077153
62.617558	2.0023599916077153
62.617558	2.0023599916077153
62.617558	2.0023599916077153
62.617558	2.0023599916077153
62.617558	2.0023599916077153
62.677581	2.0024081436526688
62.677581	2.0024081436526688
62.677581	2.0024081436526688
62.701463	2.0024277232972318
62.701463	2.0024277232972318
62.701463	2.0024277232972318
62.737558	2.0024578740319523
62.737558	2.0024578740319523
62.737558	2.0024578740319523
62.737558	2.0024578740319523
62.737558	2.0024578740319523
62.737558	2.0024578740319523
62.737558	2.0024578740319523
62.737558	2.0024578740319523
62.737558	2.0024578740319523
62.737558	2.0024578740319523
62.797563	2.0025095854100265
62.845473	2.0025523214368275
62.85757	2.0025632903764214
62.85757	2.0025632903764214
62.85757	2.0025632903764214
62.85757	2.0025632903764214
62.85757	2.0025632903764214
62.905484	2.0026074320084328
62.917573	2.0026187050319519
62.917573	2.0026187050319519
62.917573	2.0026187050319519
62.941493	2.0026411557714772
62.953544	2.0026525319054622
62.965474	2.0026638138185127
62.965474	2.0026638138185127
62.965474	2.0026638138185127
62.965474	2.0026638138185127
62.965474	2.0026638138185127
62.977573	2.002675279476346
63.025544	2.0027208410768327
63.037572	2.0027322563426457
63.037572	2.0027322563426457
63.037572	2.0027322563426457
63.037572	2.0027322563426457
63.037572	2.0027322563426457
63.037572	2.0027322563426457
63.097588	2.0027887615813493
63.097588	2.0027887615813493
63.097588	2.0027887615813493
63.121474	2.002810909944845
63.121474	2.002810909944845
63.121474	2.002810909944845
63.157648	2.0028438907148134
63.157648	2.0028438907148134
63.157648	2.0028438907148134
63.157648	2.0028438907148134
63.157648	2.0028438907148134
63.205495	2.0028861964454019
63.217572	2.0028966184672914
63.217572	2.0028966184672914
63.217572	2.0028966184672914
63.217572	2.0028966184672914
63.217572	2.0028966184672914
63.265474	2.0029366300360079
63.277594	2.0029464397154304
63.277594	2.0029464397154304
63.277594	2.0029464397154304
63.277594	2.0029464397154304
63.277594	2.0029464397154304
63.277594	2.0029464397154304
63.337595	2.0029927593822161
63.337595	2.0029927593822161
63.349563	2.0030015272065378
63.349563	2.0030015272065378
63.349563	2.0030015272065378
63.349563	2.0030015272065378
63.397567	2.0030353521044524
63.397567	2.0030353521044524
63.397567	2.0030353521044524
63.397567	2.0030353521044524
63.397567	2.0030353521044524
63.397567	2.0030353521044524
63.457575	2.0030743282234895
63.457575	2.0030743282234895
63.457575	2.0030743282234895
63.481473	2.0030889107065346
63.481473	2.0030889107065346
63.481473	2.0030889107065346
63.517572	2.0031099971229347
63.517572	2.0031099971229347
63.517572	2.0031099971229347
63.541473	2.0031234159625075
63.541473	2.0031234159625075
63.541473	2.0031234159625075
63.577571	2.0031429441518118
63.577571	2.0031429441518118
63.58964	2.0031492859263111
63.601474	2.0031554630878179
63.613539	2.0031616606688378
63.613539	2.0031616606688378
63.637568	2.0031738685024179
63.637568	2.0031738685024179
63.637568	2.0031738685024179
63.637568	2.0031738685024179
63.673536	2.0031918107331776
63.68556	2.0031977620891905
63.697573	2.0032036950577723
63.697573	2.0032036950577723
63.697573	2.0032036950577723
63.721497	2.003215494962832
63.721497	2.003215494962832
63.721497	2.003215494962832
63.75757	2.0032333396607602
63.75757	2.0032333396607602
63.75757	2.0032333396607602
63.781474	2.0032452675064807
63.781474	2.0032452675064807
63.781474	2.0032452675064807
63.817635	2.0032635817895557
63.817635	2.0032635817895557
63.829474	2.0032696778738415
63.829484	2.0032696830366858
63.829484	2.0032696830366858
63.865484	2.0032885144013655
63.87758	2.0032949569409797
63.87758	2.0032949569409797
63.87758	2.0032949569409797
63.87758	2.0032949569409797
63.913555	2.0033145581984271
63.913555	2.0033145581984271
63.937581	2.0033279843950553
63.937581	2.0033279843950553
63.937581	2.0033279843950553
63.937581	2.0033279843950553
63.937581	2.0033279843950553
63.985508	2.0033556667935239
63.99759	2.0033628140844315
63.99759	2.0033628140844315
63.99759	2.0033628140844315
63.99759	2.0033628140844315
63.99759	2.0033628140844315
64.045483	2.0033918551173722
64.057581	2.0033993375157642
64.057581	2.0033993375157642
64.057581	2.0033993375157642
64.057581	2.0033993375157642
64.057581	2.0033993375157642
64.105484	2.0034295090479306
64.117599	2.0034372420507727
64.117599	2.0034372420507727
64.117599	2.0034372420507727
64.141484	2.0034525882654322
64.153552	2.0034603837562202
64.165484	2.0034681018522091
64.17761	2.0034759579293868
64.17761	2.0034759579293868
64.17761	2.0034759579293868
64.17761	2.0034759579293868
64.17761	2.0034759579293868
64.225483	2.0035069635486846
64.237594	2.0035147777088276
64.237594	2.0035147777088276
64.237594	2.0035147777088276
64.261483	2.0035301017614273
64.261483	2.0035301017614273
64.285483	2.0035453326080126
64.297579	2.0035529463798007
64.297579	2.0035529463798007
64.297579	2.0035529463798007
64.297579	2.0035529463798007
64.333548	2.0035751890409452
64.345563	2.0035824828935134
64.357592	2.0035897165098793
64.357592	2.0035897165098793
64.369483	2.0035967551624609
64.369483	2.0035967551624609
64.369483	2.0035967551624609
64.405484	2.0036175753943999
64.41758	2.0036243835790737
64.41758	2.0036243835790737
64.41758	2.0036243835790737
64.41758	2.0036243835790737
64.41758	2.0036243835790737
64.465484	2.0036502003707879
64.465484	2.0036502003707879
64.477682	2.0036565053527675
64.489731	2.0036625746275463
64.489731	2.0036625746275463
64.489731	2.0036625746275463
64.489731	2.0036625746275463
64.537578	2.003685609950602
64.537578	2.003685609950602
64.537578	2.003685609950602
64.537578	2.003685609950602
64.537578	2.003685609950602
64.585484	2.0037067383724878
64.597579	2.0037118043511568
64.597579	2.0037118043511568
64.597579	2.0037118043511568
64.597579	2.0037118043511568
64.633549	2.0037261513121383
64.633549	2.0037261513121383
64.657587	2.003735238772006
64.657587	2.003735238772006
64.669484	2.0037395608741027
64.669484	2.0037395608741027
64.693549	2.0037480584393181
64.693549	2.0037480584393181
64.717582	2.003756200115288
64.717582	2.003756200115288
64.717582	2.003756200115288
64.741554	2.0037640068715628
64.741554	2.0037640068715628
64.741554	2.0037640068715628
64.777589	2.0037752602760719
64.777589	2.0037752602760719
64.777589	2.0037752602760719
64.801483	2.0037824807016542
64.801483	2.0037824807016542
64.801483	2.0037824807016542
64.83758	2.003793129316378
64.83758	2.003793129316378
64.837589	2.0037931319544309
64.837589	2.0037931319544309
64.837589	2.0037931319544309
64.837589	2.0037931319544309
64.897629	2.0038105709073197
64.897629	2.0038105709073197
64.909551	2.0038140479514168
64.921493	2.00381753915264
64.921493	2.00381753915264
64.921493	2.00381753915264
64.957592	2.0038282551663351
64.957592	2.0038282551663351
64.969492	2.0038318606546461
64.969492	2.0038318606546461
64.969492	2.0038318606546461
64.969492	2.0038318606546461
65.017608	2.0038468407338308
65.017608	2.0038468407338308
65.017608	2.0038468407338308
65.017608	2.0038468407338308
65.017608	2.0038468407338308
65.065493	2.0038626314777961
65.077589	2.0038667648516784
65.077589	2.0038667648516784
65.089493	2.0038709184795236
65.089493	2.0038709184795236
65.089493	2.0038709184795236
65.089493	2.0038709184795236
65.137658	2.0038883252363737
65.137658	2.0038883252363737
65.137658	2.0038883252363737
65.137658	2.0038883252363737
65.137658	2.0038883252363737
65.185492	2.0039066874873988
65.197593	2.0039114818405248
65.197593	2.0039114818405248
65.209654	2.0039163392778452
65.221493	2.003921137934435
65.221493	2.003921137934435
65.221493	2.003921137934435
65.25759	2.0039361286123505
65.25759	2.0039361286123505
65.25759	2.0039361286123505
65.25759	2.0039361286123505
65.25759	2.0039361286123505
65.25759	2.0039361286123505
65.317617	2.0039618816434266
65.317617	2.0039618816434266
65.317617	2.0039618816434266
65.317617	2.0039618816434266
65.317617	2.0039618816434266
65.365493	2.0039828561245803
65.377589	2.00398817598614
65.377589	2.00398817598614
65.377589	2.00398817598614
65.401569	2.0039987096782346
65.401569	2.0039987096782346
65.401569	2.0039987096782346
65.437595	2.0040144246162019
65.437595	2.0040144246162019
65.437595	2.0040144246162019
65.437595	2.0040144246162019
65.437595	2.0040144246162019
65.437595	2.0040144246162019
65.497588	2.0040399520749697
65.497588	2.0040399520749697
65.497588	2.0040399520749697
65.521493	2.0040497871495031
65.521493	2.0040497871495031
65.521493	2.0040497871495031
65.55759	2.0040641511885355
65.55759	2.0040641511885355
65.55759	2.0040641511885355
65.581513	2.0040733122946617
65.593556	2.0040777857549283
65.605492	2.0040821547858121
65.617587	2.0040865051098646
65.617587	2.0040865051098646
65.629493	2.0040906700896821
65.629493	2.0040906700896821
65.629493	2.0040906700896821
65.66557	2.0041027989563016
65.677621	2.0041066713666211
65.677621	2.0041066713666211
65.677621	2.0041066713666211
65.677621	2.0041066713666211
65.677621	2.0041066713666211
65.677621	2.0041066713666211
65.737588	2.004124434240369
65.737588	2.004124434240369
65.737588	2.004124434240369
65.737588	2.004124434240369
65.737588	2.004124434240369
65.737588	2.004124434240369
65.797654	2.0041398710058798
65.797654	2.0041398710058798
65.797654	2.0041398710058798
65.797654	2.0041398710058798
65.797654	2.0041398710058798
65.797654	2.0041398710058798
65.857617	2.0041531565485555
65.857627	2.0041531586446331
65.857627	2.0041531586446331
65.881501	2.0041579466398001
65.881501	2.0041579466398001
65.905501	2.0041625070155682
65.917595	2.0041647350282297
65.917595	2.0041647350282297
65.917595	2.0041647350282297
65.917595	2.0041647350282297
65.953573	2.004171070569257
65.953573	2.004171070569257
65.977623	2.0041752525418834
65.977623	2.0041752525418834
65.989502	2.0041349320515205
65.989502	2.0041349320515205
65.989502	2.0041349320515205
66.025501	2.00339118416706
66.025501	2.00339118416706
66.025501	2.00339118416706
66.025501	2.00339118416706
66.025501	2.00339118416706
66.037596	2.0028749092755724
66.085501	2.0005439582333007
66.097599	2.0002304238806436
66.097599	2.0002304238806436
66.097599	2.0002304238806436
66.097599	2.0002304238806436
66.097599	2.0002304238806436
66.145502	2.0001319876651884
66.157599	2.000147478891237
66.157599	2.000147478891237
66.157599	2.000147478891237
66.181501	2.0001739507384744
66.193632	2.0001873941567943
66.205501	2.0002009079865322
66.217594	2.0002151023545958
66.217594	2.0002151023545958
66.217594	2.0002151023545958
66.217594	2.0002151023545958
66.217594	2.0002151023545958
66.265501	2.0002740165562436
66.277617	2.0002892038718016
66.277617	2.0002892038718016
66.277617	2.0002892038718016
66.277617	2.0002892038718016
66.277617	2.0002892038718016
66.277617	2.0002892038718016
66.337617	2.0003654107484303
66.337617	2.0003654107484303
66.349501	2.000380737628118
66.349501	2.000380737628118
66.373594	2.0004120323566759
66.385501	2.0004276436395769
66.397595	2.0004435961506144
66.397595	2.0004435961506144
66.397595	2.0004435961506144
66.397595	2.0004435961506144
66.433566	2.0004917859864655
66.433566	2.0004917859864655
66.457686	2.0005246136698496
66.457686	2.0005246136698496
66.457686	2.0005246136698496
66.457686	2.0005246136698496
66.457686	2.0005246136698496
66.457686	2.0005246136698496
66.517596	2.0006080173458236
66.517596	2.0006080173458236
66.517596	2.0006080173458236
66.517596	2.0006080173458236
66.517596	2.0006080173458236
66.517596	2.0006080173458236
66.577618	2.0006940352189249
66.577618	2.0006940352189249
66.577618	2.0006940352189249
66.577618	2.0006940352189249
66.577618	2.0006940352189249
66.577618	2.0006940352189249
66.637596	2.0007818839168574
66.637596	2.0007818839168574
66.637596	2.0007818839168574
66.637596	2.0007818839168574
66.637596	2.0007818839168574
66.637596	2.0007818839168574
66.697596	2.0008709942639862
66.697596	2.0008709942639862
66.697596	2.0008709942639862
66.697596	2.0008709942639862
66.697596	2.0008709942639862
66.697596	2.0008709942639862
66.697596	2.0008709942639862
66.697596	2.0008709942639862
66.757603	2.0009604872790527
66.781501	2.0009960281122021
66.781501	2.0009960281122021
66.781501	2.0009960281122021
66.817613	2.0010493928184543
66.817613	2.0010493928184543
66.829501	2.0010668259405562
66.829501	2.0010668259405562
66.829501	2.0010668259405562
66.86553	2.0011192553957966
66.87761	2.001136672325678
66.87761	2.001136672325678
66.87761	2.001136672325678
66.901511	2.0011708112831728
66.901511	2.0011708112831728
66.925511	2.0012046189186017
66.937608	2.0012215028696683
66.937608	2.0012215028696683
66.937608	2.0012215028696683
66.937608	2.0012215028696683
66.937608	2.0012215028696683
66.937608	2.0012215028696683
66.937608	2.0012215028696683
66.937608	2.0012215028696683
66.937608	2.0012215028696683
66.937608	2.0012215028696683
66.937608	2.0012215028696683
66.997608	2.0013031278981659
67.057607	2.0013809864860646
67.057607	2.0013809864860646
67.057607	2.0013809864860646
67.057607	2.0013809864860646
67.093575	2.0014257085793767
67.093575	2.0014257085793767
67.11769	2.0014549116152165
67.11769	2.0014549116152165
67.11769	2.0014549116152165
67.141511	2.0014830975148312
67.141511	2.0014830975148312
67.165512	2.0015108323009785
67.17764	2.0015246474694841
67.17764	2.0015246474694841
67.17764	2.0015246474694841
67.17764	2.0015246474694841
67.17764	2.0015246474694841
67.17764	2.0015246474694841
67.237625	2.0015906951648179
67.237625	2.0015906951648179
67.237625	2.0015906951648179
67.237625	2.0015906951648179
67.237625	2.0015906951648179
67.237625	2.0015906951648179
67.297605	2.0016535657074499
67.297605	2.0016535657074499
67.297605	2.0016535657074499
67.321512	2.0016779086254464
67.321512	2.0016779086254464
67.321512	2.0016779086254464
67.35761	2.0017140392682058
67.35761	2.0017140392682058
67.35761	2.0017140392682058
67.35761	2.0017140392682058
67.35761	2.0017140392682058
67.405511	2.0017611194583425
67.417794	2.0017730815875994
67.417794	2.0017730815875994
67.417794	2.0017730815875994
67.417794	2.0017730815875994
67.417794	2.0017730815875994
67.417794	2.0017730815875994
67.477635	2.0018310599072371
67.477635	2.0018310599072371
67.477635	2.0018310599072371
67.477635	2.0018310599072371
67.477635	2.0018310599072371
67.525511	2.0018775824605513
67.537607	2.0018893939049773
67.537607	2.0018893939049773
67.537607	2.0018893939049773
67.537607	2.0018893939049773
67.537607	2.0018893939049773
67.537607	2.0018893939049773
67.597609	2.0019485840409641
67.597609	2.0019485840409641
67.597609	2.0019485840409641
67.597609	2.0019485840409641
67.597609	2.0019485840409641
67.597609	2.0019485840409641
67.657613	2.0020090132641304
67.657613	2.0020090132641304
67.657613	2.0020090132641304
67.657613	2.0020090132641304
67.657613	2.0020090132641304
67.657613	2.0020090132641304
67.717613	2.002070902032266
67.717613	2.002070902032266
67.717613	2.002070902032266
67.717613	2.002070902032266
67.717613	2.002070902032266
67.717613	2.002070902032266
67.777679	2.0021342865465312
67.777679	2.0021342865465312
67.777679	2.0021342865465312
67.777679	2.0021342865465312
67.777679	2.0021342865465312
67.825512	2.0021856507483826
67.837611	2.002198727569763
67.837611	2.002198727569763
67.837611	2.002198727569763
67.837622	2.0021987394587648
67.873626	2.0022377991929958
67.873626	2.0022377991929958
67.897617	2.0022638855192829
67.897617	2.0022638855192829
67.909602	2.0022769155193378
67.909602	2.0022769155193378
67.909602	2.0022769155193378
67.909602	2.0022769155193378
67.957617	2.0023289706610026
67.957617	2.0023289706610026
67.969534	2.0023418086534237
67.981523	2.0023547013416478
67.993596	2.0023676119351475
67.993596	2.0023676119351475
68.017616	2.0023931512282487
68.017616	2.0023931512282487
68.029522	2.0024056907160301
68.029522	2.0024056907160301
68.029522	2.0024056907160301
68.029522	2.0024056907160301
68.077626	2.0024556176226564
68.077626	2.0024556176226564
68.077626	2.0024556176226564
68.077626	2.0024556176226564
68.113596	2.002491893050891
68.125522	2.0025037064116931
68.137638	2.0025156024225836
68.137638	2.0025156024225836
68.137638	2.0025156024225836
68.137638	2.0025156024225836
68.137638	2.0025156024225836
68.137638	2.0025156024225836
68.197617	2.0025725047240659
68.197617	2.0025725047240659
68.197617	2.0025725047240659
68.221523	2.0025942517643815
68.221523	2.0025942517643815
68.221523	2.0025942517643815
68.257639	2.0026260275538821
68.257639	2.0026260275538821
68.257639	2.0026260275538821
68.257639	2.0026260275538821
68.293586	2.0026563572062193
68.293586	2.0026563572062193
68.317637	2.002675979249156
68.317637	2.002675979249156
68.317637	2.002675979249156
68.317637	2.002675979249156
68.353594	2.0027042351069246
68.365523	2.0027133584814458
68.377621	2.0027224953864056
68.377621	2.0027224953864056
68.377621	2.0027224953864056
68.377621	2.0027224953864056
68.377621	2.0027224953864056
68.425522	2.0027574043168848
68.437723	2.0027660326232439
68.437723	2.0027660326232439
68.437723	2.0027660326232439
68.461522	2.0027825478684784
68.473591	2.0027907663545079
68.473591	2.0027907663545079
68.497617	2.002806930867552
68.497617	2.002806930867552
68.509523	2.0028148129914212
68.521543	2.0028227343456222
68.533586	2.0028305837573406
68.545522	2.0028383257146301
68.557621	2.0028461289932951
68.557621	2.0028461289932951
68.557621	2.0028461289932951
68.557621	2.0028461289932951
68.557621	2.0028461289932951
68.557621	2.0028461289932951
68.617621	2.0028843276518078
68.617621	2.0028843276518078
68.617621	2.0028843276518078
68.617621	2.0028843276518078
68.617621	2.0028843276518078
68.617621	2.0028843276518078
68.677622	2.0029222997303897
68.677622	2.0029222997303897
68.677622	2.0029222997303897
68.677622	2.0029222997303897
68.677622	2.0029222997303897
68.725522	2.0029529168716516
68.737624	2.0029607268958318
68.737624	2.0029607268958318
68.737624	2.0029607268958318
68.737624	2.0029607268958318
68.7736	2.0029842203856552
68.785543	2.0029921088219407
68.797616	2.0030001272051976
68.797616	2.0030001272051976
68.797616	2.0030001272051976
68.797616	2.0030001272051976
68.797616	2.0030001272051976
68.797616	2.0030001272051976
68.857617	2.0030408295052977
68.857628	2.0030408370632657
68.857628	2.0030408370632657
68.857628	2.0030408370632657
68.857628	2.0030408370632657
68.905533	2.0030743277395038
68.917659	2.0030829282096705
68.917659	2.0030829282096705
68.917659	2.0030829282096705
68.917659	2.0030829282096705
68.917659	2.0030829282096705
68.917659	2.0030829282096705
68.977633	2.0031262116434747
68.977633	2.0031262116434747
68.977633	2.0031262116434747
68.977633	2.0031262116434747
68.977633	2.0031262116434747
69.025533	2.0031614982082284
69.037628	2.0031704704405597
69.037628	2.0031704704405597
69.049553	2.0031793356537588
69.049553	2.0031793356537588
69.049553	2.0031793356537588
69.049553	2.0031793356537588
69.097705	2.0032151730466294
69.097705	2.0032151730466294
69.109533	2.0032239580536984
69.109533	2.0032239580536984
69.109533	2.0032239580536984
69.109533	2.0032239580536984
69.157628	2.0032594721874402
69.157628	2.0032594721874402
69.157628	2.0032594721874402
69.157628	2.0032594721874402
69.157628	2.0032594721874402
69.205533	2.0032942029365537
69.217627	2.0033028413378706
69.217627	2.0033028413378706
69.217627	2.0033028413378706
69.217627	2.0033028413378706
69.217627	2.0033028413378706
69.217627	2.0033028413378706
69.277636	2.0033445648377506
69.277636	2.0033445648377506
69.289534	2.003352569539175
69.289534	2.003352569539175
69.289534	2.003352569539175
69.289534	2.003352569539175
69.337629	2.0033840523600608
69.337629	2.0033840523600608
69.349537	2.003391564292206
69.349537	2.003391564292206
69.373607	2.0034064686276034
69.373607	2.0034064686276034
69.397649	2.0034209181802431
69.397649	2.0034209181802431
69.397649	2.0034209181802431
69.421533	2.0034348050204747
69.421533	2.0034348050204747
69.445556	2.0034482842607457
69.457633	2.0034549114500249
69.457633	2.0034549114500249
69.457633	2.0034549114500249
69.457633	2.0034549114500249
69.457633	2.0034549114500249
69.505533	2.0034799882556134
69.51763	2.0034860608043576
69.51763	2.0034860608043576
69.51763	2.0034860608043576
69.51763	2.0034860608043576
69.51763	2.0034860608043576
69.565533	2.0035090092581758
69.57763	2.0035145750850845
69.57763	2.0035145750850845
69.57763	2.0035145750850845
69.57763	2.0035145750850845
69.57763	2.0035145750850845
69.57763	2.0035145750850845
69.63763	2.0035408592262742
69.63763	2.0035408592262742
69.63763	2.0035408592262742
69.661536	2.0035508331053919
69.673603	2.0035557655388425
69.685534	2.0035606046231162
69.697627	2.0035654651732733
69.697627	2.0035654651732733
69.697627	2.0035654651732733
69.721533	2.0035749469529014
69.721533	2.0035749469529014
69.721533	2.0035749469529014
69.757747	2.0035890877597202
69.757747	2.0035890877597202
69.757747	2.0035890877597202
69.757747	2.0035890877597202
69.79363	2.0036029692150499
69.79363	2.0036029692150499
69.817628	2.0036122480038623
69.817628	2.0036122480038623
69.817628	2.0036122480038623
69.841533	2.0036215316070352
69.841533	2.0036215316070352
69.841533	2.0036215316070352
69.877707	2.003635736872047
69.877707	2.003635736872047
69.877707	2.003635736872047
69.901546	2.0036452459992975
69.901546	2.0036452459992975
69.901546	2.0036452459992975
69.937641	2.0036599407788982
69.937641	2.0036599407788982
69.949546	2.0036648848397696
69.949546	2.0036648848397696
69.973617	2.0036750056898067
69.985547	2.0036800973773863
69.997646	2.0036853078685186
69.997646	2.0036853078685186
69.997646	2.0036853078685186
69.997646	2.0036853078685186
69.997646	2.0036853078685186
69.997646	2.0036853078685186
69.997646	2.0036853078685186
70.057648	2.0037119831844166
70.069815	2.003717563147362
70.081547	2.0037229704916895
70.081547	2.0037229704916895
70.081547	2.0037229704916895
70.11764	2.0037399344374172
70.11764	2.0037399344374172
70.11764	2.0037399344374172
70.11764	2.0037399344374172
70.11764	2.0037399344374172
70.11764	2.0037399344374172
70.177649	2.0037688270636127
70.177649	2.0037688270636127
70.177649	2.0037688270636127
70.201546	2.0036641454514985
70.21361	2.0033989083883634
70.225547	2.0030299611176172
70.237643	2.0025317772900433
70.237643	2.0025317772900433
70.237643	2.0025317772900433
70.237643	2.0025317772900433
70.273629	2.0007386515161536
70.285617	2.0002756029494595
70.297646	1.9999792463971315
70.297646	1.9999792463971315
70.297646	1.9999792463971315
70.297646	1.9999792463971315
70.297646	1.9999792463971315
70.297646	1.9999792463971315
70.357643	1.9999256576564564
70.357643	1.9999256576564564
70.357643	1.9999256576564564
70.357643	1.9999256576564564
70.357643	1.9999256576564564
70.357643	1.9999256576564564
70.41771	2.0000014962553738
70.41771	2.0000014962553738
70.41771	2.0000014962553738
70.441546	2.0000333144261639
70.441546	2.0000333144261639
70.465547	2.0000656270946129
70.477649	2.0000818748736879
70.477649	2.0000818748736879
70.477649	2.0000818748736879
70.477649	2.0000818748736879
70.477649	2.0000818748736879
70.477649	2.0000818748736879
70.537643	2.0001613793597079
70.537643	2.0001613793597079
70.537643	2.0001613793597079
70.537643	2.0001613793597079
70.537643	2.0001613793597079
70.537643	2.0001613793597079
70.59764	2.0001980861290538
70.59764	2.0001980861290538
70.59764	2.0001980861290538
70.621546	1.999803257303725
70.633611	1.9993836615528826
70.645546	1.9989212221118888
70.657662	1.9983963777179732
70.657662	1.9983963777179732
70.657662	1.9983963777179732
70.657662	1.9983963777179732
70.693612	1.9971360938552714
70.693612	1.9971360938552714
70.717683	1.996996085459307
70.717683	1.996996085459307
70.717683	1.996996085459307
70.717683	1.996996085459307
70.717683	1.996996085459307
70.717683	1.996996085459307
70.717683	1.996996085459307
70.717683	1.996996085459307
70.717683	1.996996085459307
70.777644	1.9970868078544532
70.813698	1.9971391707448394
70.813698	1.9971391707448394
70.837659	1.9970962227816678
70.837659	1.9970962227816678
70.84955	1.9970487861328501
70.861546	1.9969963865636364
70.861557	1.9969963354876537
70.885558	1.9969078910284515
70.897651	1.9969017801056275
70.897651	1.9969017801056275
70.897651	1.9969017801056275
70.897651	1.9969017801056275
70.897651	1.9969017801056275
70.897651	1.9969017801056275
70.957657	1.9969930606464921
70.957657	1.9969930606464921
70.957657	1.9969930606464921
70.957657	1.9969930606464921
70.957657	1.9969930606464921
71.005558	1.9970375705008332
71.017678	1.9970506345351147
71.017678	1.9970506345351147
71.017678	1.9970506345351147
71.017678	1.9970506345351147
71.017678	1.9970506345351147
71.017678	1.9970506345351147
71.077724	1.9971255852792362
71.077724	1.9971255852792362
71.077724	1.9971255852792362
71.077724	1.9971255852792362
71.077724	1.9971255852792362
71.077724	1.9971255852792362
71.137652	1.997211004864019
71.137652	1.997211004864019
71.137652	1.997211004864019
71.137652	1.997211004864019
71.137652	1.997211004864019
71.137652	1.997211004864019
71.197654	1.9973052866885357
71.197654	1.9973052866885357
71.197654	1.9973052866885357
71.221557	1.9973450709524596
71.221557	1.9973450709524596
71.221557	1.9973450709524596
71.221557	1.9973450709524596
71.221557	1.9973450709524596
71.221557	1.9973450709524596
71.221557	1.9973450709524596
71.221557	1.9973450709524596
71.257661	1.9974073140524597
71.317688	1.9975154123240464
71.317688	1.9975154123240464
71.317688	1.9975154123240464
71.317688	1.9975154123240464
71.317688	1.9975154123240464
71.317688	1.9975154123240464
71.377736	1.9976277767764987
71.377736	1.9976277767764987
71.377736	1.9976277767764987
71.401557	1.997673108258889
71.401557	1.997673108258889
71.401557	1.997673108258889
71.437654	1.9977422254046795
71.437654	1.9977422254046795
71.44958	1.9977651324810108
71.44958	1.9977651324810108
71.44958	1.9977651324810108
71.44958	1.9977651324810108
71.497652	1.9978575001048793
71.497652	1.9978575001048793
71.497652	1.9978575001048793
71.497652	1.9978575001048793
71.533622	1.9979262168236223
71.533622	1.9979262168236223
71.557655	1.9979718106354509
71.557655	1.9979718106354509
71.557655	1.9979718106354509
71.557655	1.9979718106354509
71.593628	1.9980393354218564
71.60565	1.9980616750730296
71.617655	1.9980838701724499
71.617655	1.9980838701724499
71.617655	1.9980838701724499
71.617655	1.9980838701724499
71.617655	1.9980838701724499
71.617655	1.9980838701724499
71.677661	1.9981926771731622
71.677661	1.9981926771731622
71.677661	1.9981926771731622
71.677661	1.9981926771731622
71.677661	1.9981926771731622
71.677661	1.9981926771731622
71.737735	1.9982977768223946
71.737735	1.9982977768223946
71.737735	1.9982977768223946
71.737735	1.9982977768223946
71.737735	1.9982977768223946
71.737735	1.9982977768223946
71.797654	1.9983630150081035
71.797654	1.9983630150081035
71.797654	1.9983630150081035
71.797654	1.9983630150081035
71.797654	1.9983630150081035
71.797654	1.9983630150081035
71.857657	1.9965911969503944
71.857657	1.9965911969503944
71.857657	1.9965911969503944
71.857669	1.996590680102688
71.857669	1.996590680102688
71.857669	1.996590680102688
71.857669	1.996590680102688
71.857669	1.996590680102688
71.857669	1.996590680102688
71.857669	1.996590680102688
71.857669	1.996590680102688
71.917664	1.9952153675519497
71.977685	1.995304301662312
71.977685	1.995304301662312
71.977685	1.995304301662312
71.977685	1.995304301662312
71.977685	1.995304301662312
71.977685	1.995304301662312
72.037668	1.9953709872128327
72.037668	1.9953709872128327
72.037668	1.9953709872128327
72.037668	1.9953709872128327
72.073634	1.9954198566861832
72.073634	1.9954198566861832
72.09767	1.9954542076746327
72.09767	1.9954542076746327
72.09767	1.9954542076746327
72.09767	1.9954542076746327
72.09767	1.9954542076746327
72.145588	1.9955266259433668
72.157667	1.9955456895485839
72.157667	1.9955456895485839
72.157667	1.9955456895485839
72.181569	1.9955846292881054
72.181569	1.9955846292881054
72.205569	1.9956255213983556
72.217663	1.9956467060796608
72.217663	1.9956467060796608
72.217663	1.9956467060796608
72.217663	1.9956467060796608
72.217663	1.9956467060796608
72.217663	1.9956467060796608
72.277677	1.9957585446632402
72.277677	1.9957585446632402
72.277677	1.9957585446632402
72.301573	1.9958059278057343
72.313641	1.9958305499696607
72.325569	1.9958551958805426
72.337687	1.9958805932766506
72.337687	1.9958805932766506
72.337687	1.9958805932766506
72.337687	1.9958805932766506
72.337687	1.9958805932766506
72.337687	1.9958805932766506
72.397784	1.9960126651275865
72.397784	1.9960126651275865
72.397784	1.9960126651275865
72.397784	1.9960126651275865
72.397784	1.9960126651275865
72.397784	1.9960126651275865
72.457666	1.9961529705693781
72.457666	1.9961529705693781
72.457666	1.9961529705693781
72.481569	1.9962111305024126
72.481569	1.9962111305024126
72.505569	1.9962705909638883
72.517662	1.9963008369224626
72.517662	1.9963008369224626
72.517662	1.9963008369224626
72.517662	1.9963008369224626
72.517662	1.9963008369224626
72.517662	1.9963008369224626
72.577674	1.9964539754388875
72.577674	1.9964539754388875
72.577674	1.9964539754388875
72.577674	1.9964539754388875
72.577674	1.9964539754388875
72.577674	1.9964539754388875
72.637673	1.9966102774946342
72.637673	1.9966102774946342
72.637673	1.9966102774946342
72.637673	1.9966102774946342
72.673634	1.9967045540491888
72.673634	1.9967045540491888
72.697747	1.9967677297766806
72.697747	1.9967677297766806
72.697747	1.9967677297766806
72.697747	1.9967677297766806
72.733652	1.9968613237133872
72.745569	1.9968922148193158
72.75767	1.9969234886955665
72.75767	1.9969234886955665
72.75767	1.9969234886955665
72.75767	1.9969234886955665
72.75767	1.9969234886955665
72.805569	1.9970457710163565
72.817664	1.997076245570661
72.817664	1.997076245570661
72.817664	1.997076245570661
72.841569	1.9971358494079614
72.853646	1.9971656074360191
72.86559	1.99719486976104
72.877671	1.9972242745933551
72.877681	1.9972242989330888
72.877681	1.9972242989330888
72.901579	1.9972816905941322
72.901579	1.9972816905941322
72.925672	1.997338485720161
72.937674	1.9973664605638726
72.937674	1.9973664605638726
72.937674	1.9973664605638726
72.937674	1.9973664605638726
72.937674	1.9973664605638726
72.98558	1.9974755406937452
72.997692	1.9975025552728218
72.997692	1.9975025552728218
72.997692	1.9975025552728218
73.021579	1.9975550776272775
73.021579	1.9975550776272775
73.021579	1.9975550776272775
73.057762	1.9976329440024096
73.057762	1.9976329440024096
73.057762	1.9976329440024096
73.057762	1.9976329440024096
73.057762	1.9976329440024096
73.105579	1.9977330605002601
73.117691	1.9977579920908639
73.117691	1.9977579920908639
73.117691	1.9977579920908639
73.117691	1.9977579920908639
73.117691	1.9977579920908639
73.165579	1.9978550240686208
73.177682	1.9978792658009075
73.177682	1.9978792658009075
73.177682	1.9978792658009075
73.177682	1.9978792658009075
73.213645	1.9979506934084119
73.225582	1.997974268715389
73.237673	1.997998100220798
73.237673	1.997998100220798
73.237673	1.997998100220798
73.2616	1.99804517244989
73.2616	1.99804517244989
73.28558	1.9980923179007581
73.297687	1.9981161248286454
73.297687	1.9981161248286454
73.297687	1.9981161248286454
73.297687	1.9981161248286454
73.297687	1.9981161248286454
73.345579	1.9982106587669741
73.357761	1.9982348430953591
73.357761	1.9982348430953591
73.357761	1.9982348430953591
73.381579	1.9982824087511499
73.381579	1.9982824087511499
73.405579	1.9983307754580142
73.417692	1.9983553326319552
73.417692	1.9983553326319552
73.417692	1.9983553326319552
73.417692	1.9983553326319552
73.417692	1.9983553326319552
73.417692	1.9983553326319552
73.477678	1.9984789261049465
73.477678	1.9984789261049465
73.477678	1.9984789261049465
73.501599	1.9985291126464284
73.513668	1.9985546493875008
73.525579	1.9985799523371641
73.537676	1.9986057662819254
73.537676	1.9986057662819254
73.537676	1.9986057662819254
73.537676	1.9986057662819254
73.537676	1.9986057662819254
73.537676	1.9986057662819254
73.597698	1.9987358737483008
73.597698	1.9987358737483008
73.597698	1.9987358737483008
73.597698	1.9987358737483008
73.597698	1.9987358737483008
73.597698	1.9987358737483008
73.657677	1.9988686213672926
73.657677	1.9988686213672926
73.669579	1.9988952264603621
73.669579	1.9988952264603621
73.669579	1.9988952264603621
73.705579	1.9989759682988169
73.717795	1.9990034332018782
73.717795	1.9990034332018782
73.717795	1.9990034332018782
73.717795	1.9990034332018782
73.717795	1.9990034332018782
73.7656	1.9991109694752145
73.777682	1.9991381152885883
73.777682	1.9991381152885883
73.78958	1.9991647934622532
73.78958	1.9991647934622532
73.78958	1.9991647934622532
73.78958	1.9991647934622532
73.837687	1.9992720547351099
73.837687	1.9992720547351099
73.837687	1.9992720547351099
73.837687	1.9992720547351099
73.837687	1.9992720547351099
73.837687	1.9992720547351099
73.897703	1.999403399608805
73.897703	1.999403399608805
73.909591	1.9994289218960644
73.909591	1.9994289218960644
73.909591	1.9994289218960644
73.945591	1.9995052311671957
73.957689	1.9995305042796756
73.957689	1.9995305042796756
73.957689	1.9995305042796756
73.957689	1.9995305042796756
73.957689	1.9995305042796756
73.957689	1.9995305042796756
73.957689	1.9995305042796756
73.957689	1.9995305042796756
74.017728	1.9996524950579768
74.041591	1.9996993407071506
74.041591	1.9996993407071506
74.041591	1.9996993407071506
74.077703	1.999768326498172
74.077703	1.999768326498172
74.077703	1.999768326498172
74.077703	1.999768326498172
74.077703	1.999768326498172
74.077703	1.999768326498172
74.137686	1.9998777229628431
74.137686	1.9998777229628431
74.149595	1.9998986285561593
74.161611	1.9999195855668728
74.161611	1.9999195855668728
74.161611	1.9999195855668728
74.197685	1.9999808428680179
74.197685	1.9999808428680179
74.197685	1.9999808428680179
74.197685	1.9999808428680179
74.233655	2.0000398239394452
74.233655	2.0000398239394452
74.257693	2.000078244523563
74.257693	2.000078244523563
74.257693	2.000078244523563
74.281595	2.0001156756696754
74.281595	2.0001156756696754
74.305591	2.0001525516200114
74.31771	2.0001709761280506
74.31771	2.0001709761280506
74.31771	2.0001709761280506
74.31771	2.0001709761280506
74.31771	2.0001709761280506
74.31771	2.0001709761280506
74.377761	2.0002602908915814
74.377761	2.0002602908915814
74.377761	2.0002602908915814
74.377761	2.0002602908915814
74.377761	2.0002602908915814
74.425611	2.0003298324198555
74.437687	2.0003472518409833
74.437687	2.0003472518409833
74.437687	2.0003472518409833
74.437687	2.0003472518409833
74.437687	2.0003472518409833
74.485591	2.0003988723977977
74.497693	2.0003795170294283
74.497693	2.0003795170294283
74.497693	2.0003795170294283
74.497693	2.0003795170294283
74.497693	2.0003795170294283
74.497693	2.0003795170294283
74.497693	2.0003795170294283
74.497693	2.0003795170294283
74.497693	2.0003795170294283
74.497693	2.0003795170294283
74.557713	1.9985698023423359
74.605591	1.9971893911523368
74.617685	1.9971779477046205
74.617685	1.9971779477046205
74.617685	1.9971779477046205
74.617685	1.9971779477046205
74.617685	1.9971779477046205
74.617685	1.9971779477046205
74.677695	1.9972989363392546
74.677695	1.9972989363392546
74.677695	1.9972989363392546
74.677695	1.9972989363392546
74.677695	1.9972989363392546
74.725592	1.997390960307625
74.737687	1.9974156963138938
74.737687	1.9974156963138938
74.737687	1.9974156963138938
74.737687	1.9974156963138938
74.737687	1.9974156963138938
74.737687	1.9974156963138938
74.797732	1.9975427164584618
74.797732	1.9975427164584618
74.809725	1.9975686068423613
74.821591	1.9975942965361335
74.821591	1.9975942965361335
74.821591	1.9975942965361335
74.85769	1.9976733812076712
74.85769	1.9976733812076712
74.85769	1.9976733812076712
74.85769	1.9976733812076712
74.85769	1.9976733812076712
74.905682	1.997780471504625
74.917729	1.9978076960924993
74.917729	1.9978076960924993
74.929623	1.9978347400249281
74.929623	1.9978347400249281
74.929623	1.9978347400249281
74.965604	1.9979170899102145
74.977703	1.9979449441045645
74.977703	1.9979449441045645
74.977703	1.9979449441045645
74.977703	1.9979449441045645
74.977703	1.9979449441045645
74.977703	1.9979449441045645
74.977703	1.9979449441045645
74.977703	1.9979449441045645
74.977703	1.9979449441045645
74.977703	1.9979449441045645
74.977703	1.9979449441045645
75.037782	1.9980839998290738
75.097697	1.9982232178862893
75.097697	1.9982232178862893
75.097697	1.9982232178862893
75.121603	1.9982786695420016
75.121603	1.9982786695420016
75.145604	1.9983341607182861
75.1577	1.9983620566261393
75.1577	1.9983620566261393
75.1577	1.9983620566261393
75.181603	1.9984169538124481
75.181603	1.9984169538124481
75.181603	1.9984169538124481
75.217698	1.9984991123044735
75.217698	1.9984991123044735
75.217698	1.9984991123044735
75.217698	1.9984991123044735
75.217698	1.9984991123044735
75.217698	1.9984991123044735
75.277703	1.9986332825661621
75.277703	1.9986332825661621
75.277703	1.9986332825661621
75.277703	1.9986332825661621
75.277703	1.9986332825661621
75.277703	1.9986332825661621
75.337703	1.9987637621327998
75.337703	1.9987637621327998
75.337703	1.9987637621327998
75.361604	1.9988145707754725
75.373668	1.9988399112130828
75.385603	1.9988648331681667
75.397698	1.9988899202794204
75.397698	1.9988899202794204
75.397698	1.9988899202794204
75.397698	1.9988899202794204
75.433736	1.9989633849793131
75.433736	1.9989633849793131
75.457718	1.9990113692347615
75.457718	1.9990113692347615
75.457718	1.9990113692347615
75.457718	1.9990113692347615
75.457718	1.9990113692347615
75.457718	1.9990113692347615
75.517697	1.9991280580126718
75.517697	1.9991280580126718
75.517697	1.9991280580126718
75.517697	1.9991280580126718
75.517697	1.9991280580126718
75.517697	1.9991280580126718
75.577711	1.9992404176012626
75.577711	1.9992404176012626
75.577711	1.9992404176012626
75.577711	1.9992404176012626
75.577711	1.9992404176012626
75.577711	1.9992404176012626
75.637698	1.9993487924298832
75.637698	1.9993487924298832
75.637698	1.9993487924298832
75.637698	1.9993487924298832
75.637698	1.9993487924298832
75.637698	1.9993487924298832
75.69779	1.9994541877080625
75.69779	1.9994541877080625
75.709603	1.9994745915984398
75.709603	1.9994745915984398
75.709603	1.9994745915984398
75.745603	1.9995363612955048
75.7577	1.9995569891864264
75.7577	1.9995569891864264
75.769604	1.9995772194961734
75.769604	1.9995772194961734
75.769604	1.9995772194961734
75.769604	1.9995772194961734
75.817704	1.9996585817611037
75.817704	1.9996585817611037
75.82969	1.9996787754718426
75.841603	1.9996988374058702
75.841603	1.9996988374058702
75.841603	1.9996988374058702
75.8777	1.9997596648844342
75.8777	1.9997596648844342
75.8777	1.9997596648844342
75.877714	1.9997596885075057
75.913712	1.9997793301652294
75.913712	1.9997793301652294
75.937713	1.9997439295433126
75.937713	1.9997439295433126
75.937713	1.9997439295433126
75.937713	1.9997439295433126
75.937713	1.9997439295433126
75.937713	1.9997439295433126
75.997797	1.9996317989184869
75.997797	1.9996317989184869
75.997797	1.9996317989184869
76.021618	1.9996581170786158
76.021618	1.9996581170786158
76.045617	1.9997022356014482
76.045617	1.9997022356014482
76.045617	1.9997022356014482
76.045617	1.9997022356014482
76.045617	1.9997022356014482
76.045617	1.9997022356014482
76.057717	1.9997255794697157
76.117713	1.9998421932391355
76.117713	1.9998421932391355
76.117713	1.9998421932391355
76.141618	1.9998884534069794
76.153686	1.9999117600617289
76.153686	1.9999117600617289
76.177734	1.9999581457329036
76.177734	1.9999581457329036
76.189617	1.9999810196124748
76.189617	1.9999810196124748
76.189617	1.9999810196124748
76.189617	1.9999810196124748
76.237715	2.0000732842977658
76.237715	2.0000732842977658
76.237715	2.0000732842977658
76.237715	2.0000732842977658
76.237715	2.0000732842977658
76.285625	2.0001643768007358
76.285625	2.0001643768007358
76.285625	2.0001643768007358
76.297711	2.00018719703422
76.321618	2.0002320608041257
76.321618	2.0002320608041257
76.321618	2.0002320608041257
76.357805	2.0002992574174985
76.357805	2.0002992574174985
76.369618	2.0003209698226052
76.369618	2.0003209698226052
76.369618	2.0003209698226052
76.369618	2.0003209698226052
76.369618	2.0003209698226052
76.417731	2.0004083427218515
76.429917	2.0004301117744085
76.441618	2.0004509429617916
76.441618	2.0004509429617916
76.441618	2.0004509429617916
76.477716	2.0005142538697727
76.477716	2.0005142538697727
76.477716	2.0005142538697727
76.477716	2.0005142538697727
76.513689	2.0005759957492106
76.513689	2.0005759957492106
76.537716	2.0006164818862215
76.537716	2.0006164818862215
76.537716	2.0006164818862215
76.537716	2.0006164818862215
76.537716	2.0006164818862215
76.585617	2.000695128383903
76.597719	2.0007145914819371
76.597719	2.0007145914819371
76.597719	2.0007145914819371
76.597719	2.0007145914819371
76.633686	2.0007712896095255
76.633686	2.0007712896095255
76.657718	2.0008083632019633
76.657718	2.0008083632019633
76.657718	2.0008083632019633
76.657718	2.0008083632019633
76.657718	2.0008083632019633
76.657718	2.0008083632019633
76.717713	2.0008979678570258
76.717713	2.0008979678570258
76.717713	2.0008979678570258
76.717713	2.0008979678570258
76.717713	2.0008979678570258
76.765617	2.0009667178231227
76.777714	2.0009837427728288
76.777714	2.0009837427728288
76.777714	2.0009837427728288
76.777714	2.0009837427728288
76.777714	2.0009837427728288
76.825618	2.0010497644765479
76.837718	2.0010661554457689
76.837718	2.0010661554457689
76.849617	2.001082129228215
76.849617	2.001082129228215
76.849617	2.001082129228215
76.849617	2.001082129228215
76.897714	2.0010650140668105
76.897714	2.0010650140668105
76.897725	2.0010649782386434
76.897725	2.0010649782386434
76.897725	2.0010649782386434
76.945629	1.9995361164768743
76.957729	1.9989414347158148
76.957729	1.9989414347158148
76.957729	1.9989414347158148
76.957729	1.9989414347158148
76.957729	1.9989414347158148
76.957729	1.9989414347158148
77.017816	1.9972997558528918
77.017816	1.9972997558528918
77.017816	1.9972997558528918
77.017816	1.9972997558528918
77.053707	1.9973737131074933
77.053707	1.9973737131074933
77.077725	1.997428587432114
77.077725	1.997428587432114
77.089635	1.9974553294454513
77.101629	1.9974823426591335
77.101629	1.9974823426591335
77.125629	1.9975374253563578
77.137755	1.9975654936323743
77.137755	1.9975654936323743
77.137755	1.9975654936323743
77.137755	1.9975654936323743
77.173693	1.9976489280214833
77.173693	1.9976489280214833
77.197728	1.9977045365878385
77.197728	1.9977045365878385
77.209628	1.9977191151711715
77.209628	1.9977191151711715
77.209628	1.9977191151711715
77.245628	1.9977068092371344
77.257725	1.9976884309090495
77.257725	1.9976884309090495
77.257725	1.9976884309090495
77.281728	1.9976529513751198
77.281728	1.9976529513751198
77.305628	1.9976758646836474
77.317751	1.9977030113270118
77.317751	1.9977030113270118
77.329628	1.99773080176433
77.329628	1.99773080176433
77.353714	1.9977856517009698
77.353714	1.9977856517009698
77.377738	1.9978379369566561
77.377738	1.9978379369566561
77.377738	1.9978379369566561
77.377738	1.9978379369566561
77.377738	1.9978379369566561
77.425628	1.9979434126868578
77.437723	1.9979705006556332
77.437723	1.9979705006556332
77.449632	1.9979973308493499
77.461628	1.9980244131628397
77.461628	1.9980244131628397
77.461628	1.9980244131628397
77.497743	1.9981064432361118
77.497743	1.9981064432361118
77.497743	1.9981064432361118
77.497743	1.9981064432361118
77.497743	1.9981064432361118
77.545715	1.9982160866626169
77.557729	1.9982436237602503
77.557729	1.9982436237602503
77.569631	1.9982709279763502
77.581708	1.9982986416581709
77.59371	1.9983261971003752
77.59371	1.9983261971003752
77.617722	1.9983813213875894
77.617722	1.9983813213875894
77.617722	1.9983813213875894
77.617722	1.9983813213875894
77.617722	1.9983813213875894
77.617722	1.9983813213875894
77.677833	1.998518859241597
77.677833	1.998518859241597
77.677833	1.998518859241597
77.677833	1.998518859241597
77.677833	1.998518859241597
77.677833	1.998518859241597
77.737734	1.9986543692379337
77.737734	1.9986543692379337
77.737734	1.9986543692379337
77.737734	1.9986543692379337
77.773708	1.9987347392983492
77.773708	1.9987347392983492
77.797726	1.9986995496833317
77.797726	1.9986995496833317
77.809715	1.9984848769624461
77.809715	1.9984848769624461
77.809715	1.9984848769624461
77.809715	1.9984848769624461
77.857755	1.996602078331235
77.857755	1.996602078331235
77.857755	1.996602078331235
77.881651	1.9954934680688543
77.881651	1.9954934680688543
77.881651	1.9954934680688543
77.917738	1.9952664666230522
77.917751	1.9952664206717445
77.917751	1.9952664206717445
77.917751	1.9952664206717445
77.917751	1.9952664206717445
77.965641	1.9932867937747325
77.97774	1.9926203772203059
77.97774	1.9926203772203059
77.97774	1.9926203772203059
78.001642	1.9919619650611491
78.013704	1.9919420102955576
78.013704	1.9919420102955576
78.037735	1.9920052968375705
78.037735	1.9920052968375705
78.037735	1.9920052968375705
78.037735	1.9920052968375705
78.037735	1.9920052968375705
78.037735	1.9920052968375705
78.097743	1.9922637376687959
78.097743	1.9922637376687959
78.109648	1.9923138926843045
78.121641	1.9923643533023887
78.133705	1.9924148707530076
78.133705	1.9924148707530076
78.15774	1.992514922235249
78.15774	1.992514922235249
78.15774	1.992514922235249
78.15774	1.992514922235249
78.15774	1.992514922235249
78.15774	1.992514922235249
78.217739	1.9927601032900231
78.217739	1.9927601032900231
78.229745	1.9928084435954352
78.229745	1.9928084435954352
78.253719	1.9929045457944099
78.253719	1.9929045457944099
78.277748	1.9930128132535441
78.277748	1.9930128132535441
78.277748	1.9930128132535441
78.277748	1.9930128132535441
78.313724	1.9932605361241527
78.325642	1.9933531167563068
78.337828	1.9934504164866438
78.337828	1.9934504164866438
78.337828	1.9934504164866438
78.337828	1.9934504164866438
78.337828	1.9934504164866438
78.385641	1.993847100386321
78.397741	1.9939524701440399
78.397741	1.9939524701440399
78.409642	1.9940575898024386
78.409642	1.9940575898024386
78.409642	1.9940575898024386
78.445641	1.9943782008184034
78.457739	1.9944863018608756
78.457739	1.9944863018608756
78.457739	1.9944863018608756
78.457739	1.9944863018608756
78.457739	1.9944863018608756
78.457739	1.9944863018608756
78.517748	1.9950438836218629
78.517748	1.9950438836218629
78.517748	1.9950438836218629
78.517748	1.9950438836218629
78.517748	1.9950438836218629
78.565642	1.9955025780681823
78.577737	1.9956194593456751
78.577737	1.9956194593456751
78.577737	1.9956194593456751
78.577737	1.9956194593456751
78.613707	1.9959775004504472
78.625641	1.9960974297019627
78.637822	1.9962200233158747
78.637822	1.9962200233158747
78.637822	1.9962200233158747
78.637822	1.9962200233158747
78.637822	1.9962200233158747
78.637822	1.9962200233158747
78.637822	1.9962200233158747
78.637822	1.9962200233158747
78.637822	1.9962200233158747
78.637822	1.9962200233158747
78.637822	1.9962200233158747
78.697754	1.9968333885426315
78.757759	1.997474207332478
78.757759	1.997474207332478
78.769737	1.9975965758833718
78.781642	1.9977084084205725
78.781642	1.9977084084205725
78.781642	1.9977084084205725
78.817735	1.9975564497875773
78.817735	1.9975564497875773
78.817735	1.9975564497875773
78.817735	1.9975564497875773
78.817735	1.9975564497875773
78.817735	1.9975564497875773
78.877751	1.9952579529118324
78.877751	1.9952579529118324
78.889641	1.9949928212571391
78.889641	1.9949928212571391
78.913714	1.9948642429683916
78.925675	1.9949320155489865
78.937753	1.995025574362131
78.937753	1.995025574362131
78.949655	1.9951140869026187
78.949655	1.9951140869026187
78.949655	1.9951140869026187
78.949655	1.9951140869026187
78.997838	1.9954553062567193
78.997838	1.9954553062567193
78.997838	1.9954553062567193
78.997838	1.9954553062567193
78.997838	1.9954553062567193
78.997838	1.9954553062567193
79.057772	1.9958728742304446
79.057772	1.9958728742304446
79.069655	1.9959545446868465
79.081655	1.9960367560084249
79.081655	1.9960367560084249
79.105654	1.9961993466324206
79.117759	1.9962807171961823
79.117759	1.9962807171961823
79.117759	1.9962807171961823
79.141654	1.9964397308972754
79.153722	1.9965191954993085
79.165658	1.9966010420341274
79.177752	1.9966876271184595
79.177752	1.9966876271184595
79.177752	1.9966876271184595
79.177752	1.9966876271184595
79.177752	1.9966876271184595
79.177752	1.9966876271184595
79.237748	1.9972530724580626
79.237748	1.9972530724580626
79.237748	1.9972530724580626
79.237748	1.9972530724580626
79.237748	1.9972530724580626
79.285655	1.9977120956269983
79.297752	1.9978060291403859
79.297752	1.9978060291403859
79.297752	1.9978060291403859
79.297752	1.9978060291403859
79.33372	1.9980512819038325
79.345691	1.9981280353793636
79.357752	1.9982040454737553
79.357752	1.9982040454737553
79.369655	1.9982780882006013
79.369655	1.9982780882006013
79.369655	1.9982780882006013
79.369655	1.9982780882006013
79.369655	1.9982780882006013
79.369655	1.9982780882006013
79.41775	1.9983998234450664
79.441654	1.9982437303365519
79.441654	1.9982437303365519
79.465654	1.9980223644758801
79.477752	1.997909541705603
79.477752	1.997909541705603
79.489662	1.9978696268480018
79.501655	1.9978570853323074
79.513744	1.9979135855894978
79.513744	1.9979135855894978
79.537757	1.9980584439640323
79.537757	1.9980584439640323
79.537757	1.9980584439640323
79.537757	1.9980584439640323
79.57372	1.9983009338695867
79.585655	1.9983815214126552
79.597782	1.9984633169386214
79.597782	1.9984633169386214
79.597782	1.9984633169386214
79.597782	1.9984633169386214
79.597782	1.9984633169386214
79.597782	1.9984633169386214
79.657834	1.9988668875681077
79.657834	1.9988668875681077
79.657834	1.9988668875681077
79.657834	1.9988668875681077
79.657834	1.9988668875681077
79.657834	1.9988668875681077
79.717782	1.99926773529569
79.717782	1.99926773529569
79.717782	1.99926773529569
79.741654	1.9994267427289207
79.741654	1.9994267427289207
79.765654	1.9995861395544279
79.777768	1.9996664352779132
79.777768	1.9996664352779132
79.777768	1.9996664352779132
79.777768	1.9996664352779132
79.777768	1.9996664352779132
79.777768	1.9996664352779132
79.837753	2.0000615464769571
79.837753	2.0000615464769571
79.837753	2.0000615464769571
79.837753	2.0000615464769571
79.837753	2.0000615464769571
79.837753	2.0000615464769571
79.897769	2.0004349870311566
79.897769	2.0004349870311566
79.897769	2.0004349870311566
79.897781	2.0004350533544528
79.897781	2.0004350533544528
79.897781	2.0004350533544528
79.957769	2.0003027323294633
79.957769	2.0003027323294633
79.957769	2.0003027323294633
79.981667	2.0001734876636652
79.993739	2.0001762277064983
79.993739	2.0001762277064983
80.017762	2.0002719777642581
80.017762	2.0002719777642581
80.017762	2.0002719777642581
80.041687	2.0004195028427669
80.041687	2.0004195028427669
80.041687	2.0004195028427669
80.077781	2.000638643524244
80.077781	2.000638643524244
80.077781	2.000638643524244
80.077781	2.000638643524244
80.077781	2.000638643524244
80.077781	2.000638643524244
80.137767	2.0009571287926629
80.137767	2.0009571287926629
80.137767	2.0009571287926629
80.137767	2.0009571287926629
80.137767	2.0009571287926629
80.137767	2.0009571287926629
80.197764	2.0012012231862317
80.197764	2.0012012231862317
80.209667	2.0012652486558538
80.209667	2.0012652486558538
80.233733	2.0013973386918518
80.233733	2.0013973386918518
80.257774	2.001525429832522
80.257774	2.001525429832522
80.257774	2.001525429832522
80.281667	2.0016492279529361
80.281667	2.0016492279529361
80.305687	2.0017718901653367
80.317854	2.0018335829639295
80.317854	2.0018335829639295
80.317854	2.0018335829639295
80.317854	2.0018335829639295
80.317854	2.0018335829639295
80.317854	2.0018335829639295
80.377776	2.0021316671170264
80.377776	2.0021316671170264
80.377776	2.0021316671170264
80.401666	2.0022479805859832
80.401666	2.0022479805859832
80.425667	2.0023634383470861
80.437779	2.0024213046304475
80.437779	2.0024213046304475
80.437779	2.0024213046304475
80.461666	2.0025345130518151
80.461666	2.0025345130518151
80.461666	2.0025345130518151
80.497759	2.0027036734049788
80.497759	2.0027036734049788
80.497759	2.0027036734049788
80.521666	2.0028146846848331
80.521666	2.0028146846848331
80.521666	2.0028146846848331
80.557763	2.0029810229215448
80.557763	2.0029810229215448
80.557763	2.0029810229215448
80.557763	2.0029810229215448
80.557763	2.0029810229215448
80.557763	2.0029810229215448
80.557763	2.0029810229215448
80.557763	2.0029810229215448
80.557763	2.0029810229215448
80.557763	2.0029810229215448
80.617842	2.0032555449754397
80.665666	2.0034729540056255
80.665666	2.0034729540056255
80.665666	2.0034729540056255
80.665666	2.0034729540056255
80.665666	2.0034729540056255
80.665666	2.0034729540056255
80.677762	2.0035278874980871
80.737761	2.0038004332262869
80.737761	2.0038004332262869
80.737761	2.0038004332262869
80.737761	2.0038004332262869
80.737761	2.0038004332262869
80.785667	2.0040184852449143
80.797764	2.0040736272595918
80.797764	2.0040736272595918
80.797764	2.0040736272595918
80.821667	2.0041826944013241
80.821667	2.0041826944013241
80.821667	2.0041826944013241
80.857767	2.0043476331037389
80.857767	2.0043476331037389
80.857767	2.0043476331037389
80.857767	2.0043476331037389
80.857767	2.0043476331037389
80.857767	2.0043476331037389
80.91776	2.0046219394253919
80.92968	2.0046763912641352
80.92968	2.0046763912641352
80.941681	2.0047311939654251
80.941681	2.0047311939654251
80.941681	2.0047311939654251
80.977863	2.004896066478532
80.977863	2.004896066478532
80.977863	2.004896066478532
80.977863	2.004896066478532
81.013751	2.00505882382839
81.025681	2.0051127037196377
81.037797	2.0051673072096365
81.037797	2.0051673072096365
81.037797	2.0051673072096365
81.06168	2.0052744304429777
81.06168	2.0052744304429777
81.08568	2.0053813120014636
81.097776	2.0054349186177758
81.097776	2.0054349186177758
81.097776	2.0054349186177758
81.097776	2.0054349186177758
81.097776	2.0054349186177758
81.097776	2.0054349186177758
81.157787	2.0056970297695398
81.157787	2.0056970297695398
81.1697	2.0057481698856079
81.18168	2.0057994306733362
81.18168	2.0057994306733362
81.18168	2.0057994306733362
81.18168	2.0057994306733362
81.18168	2.0057994306733362
81.18168	2.0057994306733362
81.18168	2.0057994306733362
81.18168	2.0057994306733362
81.18168	2.0057994306733362
81.18168	2.0057994306733362
81.18168	2.0057994306733362
81.217775	2.0059516576674765
81.277821	2.0061976858039774
81.313766	2.0063402201672713
81.325681	2.0063866880433592
81.337776	2.0064334960575541
81.337776	2.0064334960575541
81.349681	2.0064790108018848
81.361681	2.0065234197136408
81.373814	2.0065600049764214
81.38568	2.0065790337208247
81.397781	2.00657983430099
81.397781	2.00657983430099
81.397781	2.00657983430099
81.397781	2.00657983430099
81.397781	2.00657983430099
81.397781	2.00657983430099
81.457778	2.0060584815891263
81.457778	2.0060584815891263
81.457778	2.0060584815891263
81.481688	2.0057628629044464
81.493747	2.0056759195528331
81.493747	2.0056759195528331
81.517776	2.0055874001284346
81.517776	2.0055874001284346
81.517776	2.0055874001284346
81.517776	2.0055874001284346
81.553752	2.0055254263815887
81.565681	2.0055032527957612
81.577797	2.0054794191615759
81.577797	2.0054794191615759
81.577797	2.0054794191615759
81.601701	2.0054251056563208
81.601701	2.0054251056563208
81.62568	2.005366794949595
81.637854	2.0053367522588803
81.637854	2.0053367522588803
81.637854	2.0053367522588803
81.637854	2.0053367522588803
81.637854	2.0053367522588803
81.637854	2.0053367522588803
81.697775	2.0051771529247624
81.697775	2.0051771529247624
81.70974	2.0051403201589424
81.70974	2.0051403201589424
81.70974	2.0051403201589424
81.70974	2.0051403201589424
81.757777	2.0049892126129367
81.757777	2.0049892126129367
81.76976	2.0049503419199661
81.76976	2.0049503419199661
81.76976	2.0049503419199661
81.76976	2.0049503419199661
81.817776	2.004364147046461
81.817776	2.004364147046461
81.829681	2.0039045157788067
81.829681	2.0039045157788067
81.829681	2.0039045157788067
81.865717	2.0021598273786592
81.877783	2.0015345555083597
81.877783	2.0015345555083597
81.877783	2.0015345555083597
81.901751	2.0008666866156144
81.901751	2.0008666866156144
81.901751	2.0008666866156144
81.937825	2.0006836467366274
81.937825	2.0006836467366274
81.937825	2.0006836467366274
81.937825	2.0006836467366274
81.973758	2.0005452273222963
81.985693	2.0004946646872388
81.997807	2.0004416979070379
81.997807	2.0004416979070379
81.997807	2.0004416979070379
81.997807	2.0004416979070379
81.997807	2.0004416979070379
81.997807	2.0004416979070379
82.057791	2.0001837670581404
82.057791	2.0001837670581404
82.069696	2.0001395361574539
82.081693	2.000099074830072
82.093798	2.0000750138729528
82.093798	2.0000750138729528
82.117788	2.0000413408991267
82.117788	2.0000413408991267
82.129712	2.0000309072561149
82.129712	2.0000309072561149
82.129712	2.0000309072561149
82.129712	2.0000309072561149
82.129712	2.0000309072561149
82.129712	2.0000309072561149
82.177791	2.0000028145981128
82.201696	1.9999939181254329
82.213756	1.9999902895639767
82.225692	1.999987010172475
82.237787	1.9999840337583685
82.237787	1.9999840337583685
82.237787	1.9999840337583685
82.261721	1.9999792257836528
82.261721	1.9999792257836528
82.261721	1.9999792257836528
82.297905	1.9999741733664957
82.297905	1.9999741733664957
82.309692	1.9999730785315326
82.309692	1.9999730785315326
82.309692	1.9999730785315326
82.345693	1.999970885404633
82.357796	1.9999705301031856
82.357796	1.9999705301031856
82.369693	1.9999704110472545
82.369693	1.9999704110472545
82.369693	1.9999704110472545
82.369693	1.9999704110472545
82.417796	1.9999711599029253
82.417796	1.9999711599029253
82.417796	1.9999711599029253
82.417796	1.9999711599029253
82.417796	1.9999711599029253
82.417796	1.9999711599029253
82.477798	1.9999743698417882
82.477798	1.9999743698417882
82.489712	1.9999751975729998
82.501693	1.9999760479524733
82.501693	1.9999760479524733
82.525693	1.9999778199483347
82.537787	1.9999787230336605
82.537787	1.9999787230336605
82.537787	1.9999787230336605
82.537787	1.9999787230336605
82.537787	1.9999787230336605
82.537787	1.9999787230336605
82.597867	1.999982965635257
82.597867	1.999982965635257
82.597867	1.999982965635257
82.621713	1.9999843635680505
82.621713	1.9999843635680505
82.621713	1.9999843635680505
82.657809	1.9999860519002013
82.657809	1.9999860519002013
82.657809	1.9999860519002013
82.657809	1.9999860519002013
82.657809	1.9999860519002013
82.657809	1.9999860519002013
82.717786	1.999987578797247
82.717786	1.999987578797247
82.717786	1.999987578797247
82.717786	1.999987578797247
82.753781	1.9999876319282024
82.765693	1.9999875216472249
82.777791	1.9999873533695263
82.777791	1.9999873533695263
82.777791	1.9999873533695263
82.80176	1.9999868197338979
82.80176	1.9999868197338979
82.80176	1.9999868197338979
82.837791	1.9999856095680379
82.837791	1.9999856095680379
82.837791	1.9999856095680379
82.837791	1.9999856095680379
82.837791	1.9999856095680379
82.885713	1.9999834880469889
82.897788	1.9999828996835951
82.897788	1.9999828996835951
82.897788	1.9999828996835951
82.897788	1.9999828996835951
82.897788	1.9999828996835951
82.945705	1.9999805352189697
82.95787	1.9999799679448123
82.95787	1.9999799679448123
82.95787	1.9999799679448123
82.981705	1.999978970916497
82.981705	1.999978970916497
83.005705	1.9999781554831615
83.017817	1.9999778147300937
83.017817	1.9999778147300937
83.017817	1.9999778147300937
83.017817	1.9999778147300937
83.053779	1.9999773045941054
83.065705	1.9999773113802322
83.077821	1.9999774067832823
83.077821	1.9999774067832823
83.077821	1.9999774067832823
83.077821	1.9999774067832823
83.077821	1.9999774067832823
83.125708	1.9999790195246923
83.137799	1.9999797244144688
83.137799	1.9999797244144688
83.137799	1.9999797244144688
83.137799	1.9999797244144688
83.137799	1.9999797244144688
83.137799	1.9999797244144688
83.1978	1.9999855501978694
83.1978	1.9999855501978694
83.1978	1.9999855501978694
83.1978	1.9999855501978694
83.233771	1.999990974473542
83.233771	1.999990974473542
83.25786	1.9999954034842196
83.25786	1.9999954034842196
83.25786	1.9999954034842196
83.25786	1.9999954034842196
83.25786	1.9999954034842196
83.305704	2.0000062960453042
83.317817	2.0000094358376344
83.317817	2.0000094358376344
83.317817	2.0000094358376344
83.317817	2.0000094358376344
83.317817	2.0000094358376344
83.317817	2.0000094358376344
83.377799	2.0000274905349964
83.377799	2.0000274905349964
83.389708	2.0000315533499293
83.401705	2.000035722198231
83.413787	2.0000401143363384
83.413787	2.0000401143363384
83.437803	2.0000491552881661
83.437803	2.0000491552881661
83.437803	2.0000491552881661
83.437803	2.0000491552881661
83.473775	2.0000635983521153
83.473775	2.0000635983521153
83.497803	2.0000737024250115
83.497803	2.0000737024250115
83.497803	2.0000737024250115
83.521708	2.0000840663504769
83.521708	2.0000840663504769
83.545716	2.0000947227240027
83.557801	2.00010014760838
83.557801	2.00010014760838
83.557801	2.00010014760838
83.557801	2.00010014760838
83.557801	2.00010014760838
83.557801	2.00010014760838
83.617869	2.000127475042945
83.617869	2.000127475042945
83.617869	2.000127475042945
83.617869	2.000127475042945
83.617869	2.000127475042945
83.665705	2.0001491024894023
83.677823	2.0001545047388465
83.677823	2.0001545047388465
83.677823	2.0001545047388465
83.677823	2.0001545047388465
83.677823	2.0001545047388465
83.725704	2.0001752269141502
83.7378	2.000180296549515
83.7378	2.000180296549515
83.7378	2.000180296549515
83.7378	2.000180296549515
83.773787	2.0001948088613282
83.773787	2.0001948088613282
83.797798	2.0002040354479509
83.797798	2.0002040354479509
83.809782	2.0002084509782874
83.809782	2.0002084509782874
83.809782	2.0002084509782874
83.845705	2.0002210993205196
83.857801	2.0002251433257308
83.857801	2.0002251433257308
83.857801	2.0002251433257308
83.857801	2.0002251433257308
83.857801	2.0002251433257308
83.857801	2.0002251433257308
83.917844	2.0002433785447149
83.917844	2.0002433785447149
83.917844	2.0002433785447149
83.917857	2.0002433822585743
83.917857	2.0002433822585743
83.965718	2.0002558561825317
83.977813	2.0002587598691375
83.977813	2.0002587598691375
83.977813	2.0002587598691375
83.977813	2.0002587598691375
83.977813	2.0002587598691375
83.977813	2.0002587598691375
84.037831	2.000271689891385
84.037831	2.000271689891385
84.049799	2.0002740091311111
84.049799	2.0002740091311111
84.049799	2.0002740091311111
84.085717	2.0002806342402741
84.097812	2.0002827583972058
84.097812	2.0002827583972058
84.097812	2.0002827583972058
84.121718	2.0002868191669303
84.133779	2.0002888142406428
84.133779	2.0002888142406428
84.15784	2.0002927517744968
84.15784	2.0002927517744968
84.15784	2.0002927517744968
84.15784	2.0002927517744968
84.15784	2.0002927517744968
84.205718	2.0003006018918001
84.217814	2.0003026262112429
84.217814	2.0003026262112429
84.229718	2.0003046620550804
84.229718	2.0003046620550804
84.253792	2.0003088823366006
84.253792	2.0003088823366006
84.277901	2.000313300909033
84.277901	2.000313300909033
84.277901	2.000313300909033
84.301738	2.0003179088997931
84.301738	2.0003179088997931
84.301738	2.0003179088997931
84.33783	2.0003254396767876
84.33783	2.0003254396767876
84.349729	2.0003281089910629
84.361718	2.0003308479299862
84.361718	2.0003308479299862
84.385718	2.0003366803885196
84.39781	2.0003397459809995
84.39781	2.0003397459809995
84.39781	2.0003397459809995
84.39781	2.0003397459809995
84.39781	2.0003397459809995
84.39781	2.0003397459809995
84.457843	2.0003566159986019
84.457843	2.0003566159986019
84.457843	2.0003566159986019
84.457843	2.0003566159986019
84.457843	2.0003566159986019
84.457843	2.0003566159986019
84.517814	2.000376135102385
84.517814	2.000376135102385
84.529717	2.0003803352245884
84.541788	2.0003846487898866
84.553786	2.0003890705480503
84.553786	2.0003890705480503
84.577818	2.000398146010236
84.577818	2.000398146010236
84.577818	2.000398146010236
84.577818	2.000398146010236
84.577818	2.000398146010236
84.625717	2.0004172099949167
84.637812	2.0004221803032474
84.637812	2.0004221803032474
84.649718	2.000427145116547
84.661718	2.0004321757083896
84.673851	2.0004373237938475
84.685725	2.0004423868891918
84.697834	2.0004475774675656
84.697834	2.0004475774675656
84.697834	2.0004475774675656
84.697834	2.0004475774675656
84.697834	2.0004475774675656
84.697834	2.0004475774675656
84.757816	2.0004734814800114
84.757816	2.0004734814800114
84.757816	2.0004734814800114
84.757816	2.0004734814800114
84.757816	2.0004734814800114
84.757816	2.0004734814800114
84.817813	2.0004989867040028
84.817813	2.0004989867040028
84.829749	2.0005039215175664
84.829749	2.0005039215175664
84.853814	2.0005137216176374
84.853814	2.0005137216176374
84.877865	2.0005232564080884
84.877865	2.0005232564080884
84.889718	2.0005278240295432
84.889718	2.0005278240295432
84.91379	2.0005368892913693
84.925717	2.0005412443202228
84.93789	2.0005456055734063
84.93789	2.0005456055734063
84.937903	2.0005456102309509
84.937903	2.0005456102309509
84.937903	2.0005456102309509
84.937903	2.0005456102309509
84.997826	2.0005654195318345
84.997826	2.0005654195318345
84.997826	2.0005654195318345
84.997826	2.0005654195318345
84.997826	2.0005654195318345
85.045731	2.0005792075848152
85.057828	2.0005824168186979
85.057828	2.0005824168186979
85.057828	2.0005824168186979
85.08173	2.0005883813619274
85.08173	2.0005883813619274
85.08173	2.0005883813619274
85.117824	2.000596537034574
85.117824	2.000596537034574
85.117824	2.000596537034574
85.117824	2.000596537034574
85.117824	2.000596537034574
85.117824	2.000596537034574
85.177826	2.0006079999742039
85.177826	2.0006079999742039
85.189731	2.0006099731659788
85.201802	2.0006119261950408
85.201802	2.0006119261950408
85.201802	2.0006119261950408
85.237906	2.000617245743193
85.237906	2.000617245743193
85.237906	2.000617245743193
85.237906	2.000617245743193
85.237906	2.000617245743193
85.237906	2.000617245743193
85.297824	2.0006249078113072
85.297824	2.0006249078113072
85.297824	2.0006249078113072
85.297824	2.0006249078113072
85.333869	2.0006290890551752
85.333869	2.0006290890551752
85.357832	2.0006318029511263
85.357832	2.0006318029511263
85.357832	2.0006318029511263
85.381731	2.0006345070165716
85.381731	2.0006345070165716
85.405749	2.0006372670183272
85.405749	2.0006372670183272
85.405749	2.0006372670183272
85.405749	2.0006372670183272
85.405749	2.0006372670183272
85.405749	2.0006372670183272
85.417826	2.0006386819770485
85.477829	2.0006463120510709
85.477829	2.0006463120510709
85.477829	2.0006463120510709
85.477829	2.0006463120510709
85.513822	2.0006099020546766
85.513822	2.0006099020546766
85.537824	2.0005220337862948
85.537824	2.0005220337862948
85.537824	2.0005220337862948
85.537824	2.0005220337862948
85.573795	2.0003416955647979
85.573795	2.0003416955647979
85.597894	2.0002668468644522
85.597894	2.0002668468644522
85.597894	2.0002668468644522
85.597894	2.0002668468644522
85.6338	2.0002644824964424
85.645753	2.000268891665391
85.657853	2.0002733343169341
85.657853	2.0002733343169341
85.657853	2.0002733343169341
85.657853	2.0002733343169341
85.657853	2.0002733343169341
85.657853	2.0002733343169341
85.717832	2.000295248620013
85.717832	2.000295248620013
85.717832	2.000295248620013
85.717832	2.000295248620013
85.717832	2.000295248620013
85.717832	2.000295248620013
85.777866	2.0003194401531652
85.777866	2.0003194401531652
85.777866	2.0003194401531652
85.801731	2.0003256965317049
85.801731	2.0003256965317049
85.801731	2.0003256965317049
85.837826	2.0002861614998686
85.837826	2.0002861614998686
85.837826	2.0002861614998686
85.837826	2.0002861614998686
85.837826	2.0002861614998686
85.837826	2.0002861614998686
85.897834	2.0001611765276932
85.897834	2.0001611765276932
85.90975	2.0001505032938698
85.921731	2.000144623404811
85.933794	2.000149527907559
85.945734	2.0001549986729965
85.957835	2.0001612192008937
85.957847	2.0001612253695025
85.957847	2.0001612253695025
85.957847	2.0001612253695025
85.99389	2.0001370611610358
86.005742	2.0000138623895869
86.017837	1.999785538936619
86.017837	1.999785538936619
86.017837	1.999785538936619
86.017837	1.999785538936619
86.017837	1.999785538936619
86.017837	1.999785538936619
86.07784	1.9972566904922913
86.07784	1.9972566904922913
86.07784	1.9972566904922913
86.101742	1.9967125101544652
86.101742	1.9967125101544652
86.125813	1.9966843867801214
86.125813	1.9966843867801214
86.137839	1.9967013746882696
86.149941	1.9967130628327316
86.149941	1.9967130628327316
86.149941	1.9967130628327316
86.149941	1.9967130628327316
86.197837	1.9967427161615865
86.197837	1.9967427161615865
86.197837	1.9967427161615865
86.221743	1.9967586481271373
86.221743	1.9967586481271373
86.221743	1.9967586481271373
86.257915	1.9967859248981856
86.257915	1.9967859248981856
86.257915	1.9967859248981856
86.257915	1.9967859248981856
86.257915	1.9967859248981856
86.305778	1.9968234797028823
86.317866	1.9968330560929102
86.317866	1.9968330560929102
86.317866	1.9968330560929102
86.317866	1.9968330560929102
86.317866	1.9968330560929102
86.365742	1.9968715251805516
86.377838	1.9968813949468194
86.377838	1.9968813949468194
86.377838	1.9968813949468194
86.377838	1.9968813949468194
86.377838	1.9968813949468194
86.377838	1.9968813949468194
86.437855	1.9969322489073262
86.437855	1.9969322489073262
86.437855	1.9969322489073262
86.461749	1.9969533779598849
86.473809	1.9969642632242266
86.485746	1.9969751488467442
86.497841	1.9969863001440953
86.497841	1.9969863001440953
86.497841	1.9969863001440953
86.497841	1.9969863001440953
86.533809	1.9970204676640089
86.533809	1.9970204676640089
86.557922	1.9970441423012593
86.557922	1.9970441423012593
86.557922	1.9970441423012593
86.557922	1.9970441423012593
86.557922	1.9970441423012593
86.557922	1.9970441423012593
86.61784	1.9967621289821553
86.61784	1.9967621289821553
86.61784	1.9967621289821553
86.641763	1.9959904748724195
86.653886	1.9954877825217745
86.653886	1.9954877825217745
86.677862	1.9944759043626969
86.677862	1.9944759043626969
86.689765	1.994200299526141
86.689765	1.994200299526141
86.713814	1.9939998253809339
86.725743	1.9940085900162339
86.737857	1.9940334486453286
86.737857	1.9940334486453286
86.737857	1.9940334486453286
86.737857	1.9940334486453286
86.737857	1.9940334486453286
86.785815	1.9940830771556344
86.797858	1.9940938592224371
86.797858	1.9940938592224371
86.809742	1.9941061361515664
86.809742	1.9941061361515664
86.833805	1.9941334444078569
86.845743	1.9941480628630637
86.857842	1.9941633552254838
86.857842	1.9941633552254838
86.857842	1.9941633552254838
86.857842	1.9941633552254838
86.857842	1.9941633552254838
86.857842	1.9941633552254838
86.917904	1.9942438326248295
86.917904	1.9942438326248295
86.917904	1.9942438326248295
86.917904	1.9942438326248295
86.917904	1.9942438326248295
86.965759	1.9943155618952655
86.977876	1.9943411844311627
86.977876	1.9943411844311627
86.977876	1.9943411844311627
86.977876	1.9943411844311627
87.01382	1.9944939496629897
87.01382	1.9944939496629897
87.037907	1.9946197748032437
87.037907	1.9946197748032437
87.037907	1.9946197748032437
87.061756	1.9947513324055561
87.061756	1.9947513324055561
87.061756	1.9947513324055561
87.097851	1.9949630463932877
87.097851	1.9949630463932877
87.097851	1.9949630463932877
87.097851	1.9949630463932877
87.097851	1.9949630463932877
87.097851	1.9949630463932877
87.157851	1.9953351574703029
87.157851	1.9953351574703029
87.169778	1.9954108341288863
87.169778	1.9954108341288863
87.169778	1.9954108341288863
87.169778	1.9954108341288863
87.217862	1.9957344735856344
87.217862	1.9957344735856344
87.217862	1.9957344735856344
87.241755	1.9959009325384178
87.241755	1.9959009325384178
87.241755	1.9959009325384178
87.241755	1.9959009325384178
87.241755	1.9959009325384178
87.277893	1.9961549963019074
87.301776	1.9963309032421832
87.301776	1.9963309032421832
87.325755	1.9965109478417575
87.33785	1.9966020599016756
87.33785	1.9966020599016756
87.33785	1.9966020599016756
87.33785	1.9966020599016756
87.373821	1.9968651903692456
87.385756	1.9969396821873708
87.397852	1.9970056386195518
87.397852	1.9970056386195518
87.397852	1.9970056386195518
87.397852	1.9970056386195518
87.397852	1.9970056386195518
87.397852	1.9970056386195518
87.4579	1.9972745876060971
87.4579	1.9972745876060971
87.4579	1.9972745876060971
87.4579	1.9972745876060971
87.4579	1.9972745876060971
87.4579	1.9972745876060971
87.51785	1.9975182663037891
87.51785	1.9975182663037891
87.529755	1.9975657832711742
87.529755	1.9975657832711742
87.529755	1.9975657832711742
87.529755	1.9975657832711742
87.57796	1.9977566156722684
87.57796	1.9977566156722684
87.57796	1.9977566156722684
87.57796	1.9977566156722684
87.57796	1.9977566156722684
87.625756	1.9979431766687932
87.637854	1.9979900315802424
87.637854	1.9979900315802424
87.637854	1.9979900315802424
87.637854	1.9979900315802424
87.637854	1.9979900315802424
87.685755	1.9981739720872638
87.697849	1.9982200707051656
87.697849	1.9982200707051656
87.697849	1.9982200707051656
87.697849	1.9982200707051656
87.697849	1.9982200707051656
87.697849	1.9982200707051656
87.757868	1.9984465689094095
87.757868	1.9984465689094095
87.757868	1.9984465689094095
87.757868	1.9984465689094095
87.793829	1.9985806552722132
87.805781	1.9986249684008741
87.817852	1.9986696099494938
87.817852	1.9986696099494938
87.817852	1.9986696099494938
87.817852	1.9986696099494938
87.853833	1.9988018743745388
87.865755	1.9988454795984625
87.877954	1.9988900006946266
87.877954	1.9988900006946266
87.877954	1.9988900006946266
87.877954	1.9988900006946266
87.877954	1.9988900006946266
87.877954	1.9988900006946266
87.93785	1.9991067812392092
87.93785	1.9991067812392092
87.93785	1.9991067812392092
87.937863	1.9991068280689335
87.937863	1.9991068280689335
87.937863	1.9991068280689335
87.997866	1.999321443804404
87.997866	1.999321443804404
88.009791	1.999363797416017
88.009791	1.999363797416017
88.009791	1.999363797416017
88.045768	1.9994911061323299
88.057869	1.9995337629349608
88.057869	1.9995337629349608
88.057869	1.9995337629349608
88.057869	1.9995337629349608
88.057869	1.9995337629349608
88.057869	1.9995337629349608
88.117867	1.9997438589318002
88.117867	1.9997438589318002
88.129768	1.9997852400002378
88.129768	1.9997852400002378
88.129768	1.9997852400002378
88.165769	1.9999099612266307
88.17788	1.9999517573676178
88.17788	1.9999517573676178
88.189768	1.9999926703090718
88.189768	1.9999926703090718
88.189768	1.9999926703090718
88.189768	1.9999926703090718
88.237974	2.0001577890978721
88.237974	2.0001577890978721
88.237974	2.0001577890978721
88.261768	2.0002387353198889
88.261768	2.0002387353198889
88.285769	2.0003199741938866
88.297863	2.000360773454938
88.297863	2.000360773454938
88.297863	2.000360773454938
88.297863	2.000360773454938
88.297863	2.000360773454938
88.345768	2.0005211637521088
88.35787	2.0005614169855694
88.35787	2.0005614169855694
88.35787	2.0005614169855694
88.35787	2.0005614169855694
88.393839	2.0006802804525514
88.393839	2.0006802804525514
88.417879	2.0007591361571126
88.417879	2.0007591361571126
88.429769	2.0007979058915653
88.429769	2.0007979058915653
88.429769	2.0007979058915653
88.429769	2.0007979058915653
88.47788	2.0009535735199795
88.47788	2.0009535735199795
88.47788	2.0009535735199795
88.47788	2.0009535735199795
88.47788	2.0009535735199795
88.47788	2.0009535735199795
88.537922	2.0011445132585655
88.537922	2.0011445132585655
88.537922	2.0011445132585655
88.537922	2.0011445132585655
88.537922	2.0011445132585655
88.537922	2.0011445132585655
88.597863	2.0013312637633169
88.597863	2.0013312637633169
88.597863	2.0013312637633169
88.621768	2.0014046093782021
88.621768	2.0014046093782021
88.621768	2.0014046093782021
88.657866	2.0015141056205432
88.657866	2.0015141056205432
88.669878	2.001550172785783
88.681769	2.0015857863137194
88.693832	2.0016216746039062
88.693832	2.0016216746039062
88.717863	2.0016927483055968
88.717863	2.0016927483055968
88.717863	2.0016927483055968
88.717863	2.0016927483055968
88.753836	2.0017978100451379
88.765865	2.0018326172822483
88.777889	2.0018672678058183
88.777889	2.0018672678058183
88.777889	2.0018672678058183
88.777889	2.0018672678058183
88.777889	2.0018672678058183
88.825769	2.0020034728687248
88.837866	2.0020375060472282
88.837866	2.0020375060472282
88.837866	2.0020375060472282
88.837866	2.0020375060472282
88.837866	2.0020375060472282
88.885776	2.0021706025292429
88.898006	2.002204212914056
88.898006	2.002204212914056
88.898006	2.002204212914056
88.898006	2.002204212914056
88.898006	2.002204212914056
88.898006	2.002204212914056
88.957864	2.0023663633351361
88.957877	2.0023663982634901
88.957877	2.0023663982634901
88.957877	2.0023663982634901
88.993876	2.0024622083059711
88.993876	2.0024622083059711
89.017877	2.0025254528257586
89.017877	2.0025254528257586
89.017877	2.0025254528257586
89.017877	2.0025254528257586
89.053858	2.0026192608100013
89.065785	2.0026501231983764
89.0779	2.0026813691160625
89.0779	2.0026813691160625
89.0779	2.0026813691160625
89.0779	2.0026813691160625
89.113859	2.0027733493120223
89.113859	2.0027733493120223
89.113859	2.0027733493120223
89.113859	2.0027733493120223
89.113859	2.0027733493120223
89.113859	2.0027733493120223
89.113859	2.0027733493120223
89.137899	2.002834316715401
89.197901	2.0029846136437004
89.197901	2.0029846136437004
89.209864	2.0030142561457991
89.209864	2.0030142561457991
89.209864	2.0030142561457991
89.245808	2.00310280823552
89.25789	2.0031323939377379
89.25789	2.0031323939377379
89.269782	2.0031613871601568
89.269782	2.0031613871601568
89.269782	2.0031613871601568
89.305781	2.0032486498664137
89.317912	2.0032778729963323
89.317912	2.0032778729963323
89.317912	2.0032778729963323
89.317912	2.0032778729963323
89.317912	2.0032778729963323
89.317912	2.0032778729963323
89.377915	2.0034209281416535
89.377915	2.0034209281416535
89.377915	2.0034209281416535
89.377915	2.0034209281416535
89.377915	2.0034209281416535
89.377915	2.0034209281416535
89.437878	2.0035615160627942
89.437878	2.0035615160627942
89.437878	2.0035615160627942
89.437878	2.0035615160627942
89.437878	2.0035615160627942
89.437878	2.0035615160627942
89.497877	2.0036997086376691
89.497877	2.0036997086376691
89.509801	2.0037268407762303
89.521781	2.0037540421973095
89.521781	2.0037540421973095
89.521781	2.0037540421973095
89.557948	2.0038354221564432
89.557948	2.0038354221564432
89.557948	2.0038354221564432
89.557948	2.0038354221564432
89.557948	2.0038354221564432
89.605782	2.0039414420704271
89.61788	2.003967977993558
89.61788	2.003967977993558
89.61788	2.003967977993558
89.641802	2.0040200464725566
89.641802	2.0040200464725566
89.641802	2.0040200464725566
89.677894	2.0040976610409955
89.677894	2.0040976610409955
89.677894	2.0040976610409955
89.701781	2.0041483994898326
89.701781	2.0041483994898326
89.701781	2.0041483994898326
89.701781	2.0041483994898326
89.701781	2.0041483994898326
89.737874	2.0042240802359323
89.761782	2.004273556286666
89.761782	2.004273556286666
89.785782	2.0043226618860874
89.797875	2.0043472323136209
89.797875	2.0043472323136209
89.797875	2.0043472323136209
89.797875	2.0043472323136209
89.797875	2.0043472323136209
89.797875	2.0043472323136209
89.857957	2.0044671573734818
89.857957	2.0044671573734818
89.857957	2.0044671573734818
89.881789	2.0045137922673639
89.893846	2.004537159132866
89.905802	2.0045602233019442
89.917877	2.0045834024593923
89.917877	2.0045834024593923
89.917877	2.0045834024593923
89.917877	2.0045834024593923
89.917877	2.0045834024593923
89.917877	2.0045834024593923
89.977998	2.0046967634901391
89.97801	2.0046967858828908
89.97801	2.0046967858828908
90.001793	2.0047407564242063
90.001793	2.0047407564242063
90.025793	2.0047846174663229
90.037942	2.0048066676753118
90.037942	2.0048066676753118
90.037942	2.0048066676753118
90.037942	2.0048066676753118
90.037942	2.0048066676753118
90.037942	2.0048066676753118
90.09789	2.0049136937166718
90.09789	2.0049136937166718
90.10997	2.0049349138622286
90.10997	2.0049349138622286
90.10997	2.0049349138622286
90.145798	2.0049973225220099
90.15789	2.0050182024200929
90.15789	2.0050182024200929
90.15789	2.0050182024200929
90.181794	2.0050591724214284
90.193865	2.0050797049493227
90.193865	2.0050797049493227
90.217962	2.0051204760166121
90.217962	2.0051204760166121
90.229796	2.0051403495479949
90.229796	2.0051403495479949
90.229796	2.0051403495479949
90.229796	2.0051403495479949
90.277918	2.0052204676875465
90.277918	2.0052204676875465
90.289794	2.0052400400355759
90.289794	2.0052400400355759
90.289794	2.0052400400355759
90.289794	2.0052400400355759
90.337888	2.0053186935325318
90.337888	2.0053186935325318
90.337888	2.0053186935325318
90.337888	2.0053186935325318
90.337888	2.0053186935325318
90.385798	2.0053959882705445
90.397888	2.0054153498723597
90.397888	2.0054153498723597
90.397888	2.0054153498723597
90.421794	2.0054534379081939
90.421794	2.0054534379081939
90.445795	2.0054914319562545
90.457892	2.0055105080795368
90.457892	2.0055105080795368
90.457892	2.0055105080795368
90.457892	2.0055105080795368
90.457892	2.0055105080795368
90.457892	2.0055105080795368
90.457892	2.0055105080795368
90.457892	2.0055105080795368
90.517899	2.0054721664490738
90.541794	2.005413837976795
90.541794	2.005413837976795
90.541794	2.005413837976795
90.577905	2.005314781981042
90.577905	2.005314781981042
90.577905	2.005314781981042
90.577905	2.005314781981042
90.577905	2.005314781981042
90.625794	2.0051585996918266
90.637887	2.005117535297285
90.637887	2.005117535297285
90.637887	2.005117535297285
90.637887	2.005117535297285
90.673861	2.0049934359312305
90.685814	2.0049495941393261
90.697908	2.0049033083937555
90.697908	2.0049033083937555
90.697908	2.0049033083937555
90.721793	2.0048089660622104
90.721793	2.0048089660622104
90.721793	2.0048089660622104
90.757895	2.0046642647656658
90.757895	2.0046642647656658
90.757895	2.0046642647656658
90.757895	2.0046642647656658
90.793865	2.0045111011314263
90.805793	2.0044568242772018
90.817926	2.0044006972483728
90.817926	2.0044006972483728
90.817926	2.0044006972483728
90.817926	2.0044006972483728
90.817926	2.0044006972483728
90.817926	2.0044006972483728
90.877988	2.0041175373086295
90.877988	2.0041175373086295
90.877988	2.0041175373086295
90.877988	2.0041175373086295
90.877988	2.0041175373086295
90.925795	2.0038703161698108
90.937888	2.0038064448361981
90.937888	2.0038064448361981
90.937888	2.0038064448361981
90.937888	2.0038064448361981
90.937888	2.0038064448361981
90.985839	2.003575286096952
90.997919	2.003535577658512
90.997919	2.003535577658512
90.997919	2.003535577658512
90.997919	2.003535577658512
91.033872	2.0034456359100363
91.033872	2.0034456359100363
91.057904	2.0033943185743439
91.057904	2.0033943185743439
91.069807	2.0033702034123158
91.069807	2.0033702034123158
91.069807	2.0033702034123158
91.069807	2.0033702034123158
91.117901	2.0032756720446661
91.117901	2.0032756720446661
91.117901	2.0032756720446661
91.141878	2.0032296631947357
91.141878	2.0032296631947357
91.141878	2.0032296631947357
91.177925	2.0031613944867828
91.177925	2.0031613944867828
91.177925	2.0031613944867828
91.201807	2.0031167154731446
91.201807	2.0031167154731446
91.225808	2.0030722851604761
91.237905	2.0030500384703775
91.237905	2.0030500384703775
91.237905	2.0030500384703775
91.237905	2.0030500384703775
91.273941	2.0029845675489089
91.273941	2.0029845675489089
91.273941	2.0029845675489089
91.273941	2.0029845675489089
91.297909	2.002941611052691
91.321808	2.0028993113281248
91.321808	2.0028993113281248
91.321808	2.0028993113281248
91.357905	2.0028364314839466
91.357905	2.0028364314839466
91.369807	2.0028159974687023
91.369807	2.0028159974687023
91.369807	2.0028159974687023
91.369807	2.0028159974687023
91.417906	2.0027346426661916
91.417906	2.0027346426661916
91.417906	2.0027346426661916
91.417906	2.0027346426661916
91.417906	2.0027346426661916
91.417906	2.0027346426661916
91.47794	2.0026362823360033
91.47794	2.0026362823360033
91.47794	2.0026362823360033
91.47794	2.0026362823360033
91.513881	2.002579097943872
91.513881	2.002579097943872
91.537987	2.0025413906863374
91.537987	2.0025413906863374
91.549808	2.0025231355368587
91.549808	2.0025231355368587
91.549808	2.0025231355368587
91.549808	2.0025231355368587
91.597902	2.0024499963317868
91.597902	2.0024499963317868
91.597902	2.0024499963317868
91.597902	2.0024499963317868
91.633871	2.0023966015688819
91.633871	2.0023966015688819
91.657915	2.0023614426408596
91.657915	2.0023614426408596
91.657915	2.0023614426408596
91.657915	2.0023614426408596
91.693878	2.0023096838874337
91.693878	2.0023096838874337
91.717911	2.0022755550473779
91.717911	2.0022755550473779
91.717911	2.0022755550473779
91.717911	2.0022755550473779
91.717911	2.0022755550473779
91.765808	2.0022086217179313
91.777922	2.0021918783771322
91.777922	2.0021918783771322
91.777922	2.0021918783771322
91.777922	2.0021918783771322
91.777922	2.0021918783771322
91.825807	2.0021264364876403
91.837982	2.0021099448014907
91.837982	2.0021099448014907
91.837982	2.0021099448014907
91.837982	2.0021099448014907
91.837982	2.0021099448014907
91.885807	2.0020457380434786
91.897923	2.0020295839820097
91.897923	2.0020295839820097
91.897923	2.0020295839820097
91.897923	2.0020295839820097
91.897923	2.0020295839820097
91.897923	2.0020295839820097
91.957927	2.0019502142485397
91.957927	2.0019502142485397
91.957927	2.0019502142485397
91.981821	2.0019188498930336
91.993892	2.0019030556964688
91.993892	2.0019030556964688
92.017916	2.0018716904695415
92.017916	2.0018716904695415
92.017916	2.0018716904695415
92.017916	2.0018716904695415
92.053896	2.0018249283799614
92.053896	2.0018249283799614
92.077937	2.0017938088191078
92.077937	2.0017938088191078
92.077937	2.0017938088191078
92.077937	2.0017938088191078
92.077937	2.0017938088191078
92.12582	2.0017321673746515
92.137936	2.0017166367416488
92.137936	2.0017166367416488
92.137936	2.0017166367416488
92.137936	2.0017166367416488
92.137936	2.0017166367416488
92.137936	2.0017166367416488
92.197984	2.0016401802357966
92.197984	2.0016401802357966
92.197984	2.0016401802357966
92.197984	2.0016401802357966
92.197984	2.0016401802357966
92.245822	2.0015799608166644
92.257932	2.0015648195053863
92.257932	2.0015648195053863
92.257932	2.0015648195053863
92.281821	2.001535114517774
92.281821	2.001535114517774
92.305821	2.001505497418675
92.317949	2.0014906045063694
92.317949	2.0014906045063694
92.317949	2.0014906045063694
92.317949	2.0014906045063694
92.317949	2.0014906045063694
92.365824	2.0014325018320465
92.377948	2.0014179470347098
92.377948	2.0014179470347098
92.389832	2.0014037815317702
92.389832	2.0014037815317702
92.389832	2.0014037815317702
92.389832	2.0014037815317702
92.437916	2.0013471655486916
92.437916	2.0013471655486916
92.437916	2.0013471655486916
92.437916	2.0013471655486916
92.473888	2.0013057200873878
92.48582	2.0012921436944962
92.497919	2.0012784551814256
92.497919	2.0012784551814256
92.497919	2.0012784551814256
92.497919	2.0012784551814256
92.497919	2.0012784551814256
92.497919	2.0012784551814256
92.557927	2.0012120524824715
92.557927	2.0012120524824715
92.557927	2.0012120524824715
92.557927	2.0012120524824715
92.593966	2.0011733630332613
92.593966	2.0011733630332613
92.61795	2.0011480852134063
92.61795	2.0011480852134063
92.61795	2.0011480852134063
92.64184	2.0011233166839357
92.64184	2.0011233166839357
92.665824	2.0010988620390115
92.677934	2.001086638834046
92.677934	2.001086638834046
92.677934	2.001086638834046
92.677934	2.001086638834046
92.677934	2.001086638834046
92.677934	2.001086638834046
92.737917	2.0010275923885823
92.737917	2.0010275923885823
92.749874	2.0010161136017257
92.749874	2.0010161136017257
92.773906	2.0009932629581
92.785821	2.0009820648129746
92.797918	2.000970770315889
92.797918	2.000970770315889
92.797918	2.000970770315889
92.82182	2.0009487167459965
92.833885	2.0009377127664125
92.833885	2.0009377127664125
92.857994	2.0009158993402747
92.857994	2.0009158993402747
92.857994	2.0009158993402747
92.857994	2.0009158993402747
92.857994	2.0009158993402747
92.857994	2.0009158993402747
92.91792	2.0008627669725443
92.91792	2.0008627669725443
92.91792	2.0008627669725443
92.91792	2.0008627669725443
92.91792	2.0008627669725443
92.91792	2.0008627669725443
92.977935	2.000810808962656
92.977948	2.0008107977946565
92.977948	2.0008107977946565
92.977948	2.0008107977946565
92.977948	2.0008107977946565
93.025837	2.0007700327584703
93.037946	2.0007597954373799
93.037946	2.0007597954373799
93.037946	2.0007597954373799
93.061834	2.0007396820285002
93.061834	2.0007396820285002
93.085834	2.0007195642657369
93.097927	2.0007094513056995
93.097927	2.0007094513056995
93.097927	2.0007094513056995
93.097927	2.0007094513056995
93.097927	2.0007094513056995
93.145834	2.0006695477556415
93.158014	2.0006594313599919
93.158014	2.0006594313599919
93.158014	2.0006594313599919
93.18187	2.0006396494631802
93.18187	2.0006396494631802
93.205833	2.0006198148430876
93.217931	2.0006098112775814
93.217931	2.0006098112775814
93.217931	2.0006098112775814
93.217931	2.0006098112775814
93.217931	2.0006098112775814
93.217931	2.0006098112775814
93.277947	2.0005603106092336
93.277947	2.0005603106092336
93.289989	2.0005504092131594
93.289989	2.0005504092131594
93.313906	2.0005307720299128
93.313906	2.0005307720299128
93.337928	2.0005110966241011
93.337928	2.0005110966241011
93.337928	2.0005110966241011
93.337928	2.0005110966241011
93.337928	2.0005110966241011
93.337928	2.0005110966241011
93.397956	2.0004622094691897
93.397956	2.0004622094691897
93.397956	2.0004622094691897
93.397956	2.0004622094691897
93.397956	2.0004622094691897
93.397956	2.0004622094691897
93.457938	2.0004139075782099
93.457938	2.0004139075782099
93.457938	2.0004139075782099
93.457938	2.0004139075782099
93.457938	2.0004139075782099
93.457938	2.0004139075782099
93.517996	2.0003663492419252
93.517996	2.0003663492419252
93.517996	2.0003663492419252
93.517996	2.0003663492419252
93.517996	2.0003663492419252
93.565834	2.0003292265712584
93.577985	2.0003199114397865
93.577985	2.0003199114397865
93.577985	2.0003199114397865
93.577985	2.0003199114397865
93.613899	2.0002927427247954
93.625837	2.0002838231596747
93.637929	2.0002748399143968
93.637929	2.0002748399143968
93.637929	2.0002748399143968
93.637929	2.0002748399143968
93.637929	2.0002748399143968
93.637929	2.0002748399143968
93.697929	2.0002312765110695
93.697929	2.0002312765110695
93.709854	2.0002228330427485
93.709854	2.0002228330427485
93.709854	2.0002228330427485
93.709854	2.0002228330427485
93.757931	2.0001894172498149
93.757931	2.0001894172498149
93.757931	2.0001894172498149
93.781908	2.0001731861032286
93.781908	2.0001731861032286
93.781908	2.0001731861032286
93.817941	2.0001493333581997
93.817941	2.0001493333581997
93.817941	2.0001493333581997
93.841854	2.0001338562863937
93.841854	2.0001338562863937
93.865844	2.0001186202446117
93.877952	2.0001110176327197
93.877952	2.0001110176327197
93.877952	2.0001110176327197
93.877952	2.0001110176327197
93.877952	2.0001110176327197
93.877952	2.0001110176327197
93.937927	2.0000743829206158
93.937927	2.0000743829206158
93.937927	2.0000743829206158
93.961834	2.0000602037623296
93.961834	2.0000602037623296
93.961848	2.0000601955721624
93.99795	2.0000392151394664
93.99795	2.0000392151394664
93.99795	2.0000392151394664
93.99795	2.0000392151394664
94.03393	2.000018778128005
94.03393	2.000018778128005
94.057949	2.0000053475278818
94.057949	2.0000053475278818
94.057949	2.0000053475278818
94.057949	2.0000053475278818
94.093925	1.9999855265930935
94.105868	1.9999790075013018
94.117946	1.9999724402720305
94.117946	1.9999724402720305
94.129847	1.999966005934245
94.129847	1.999966005934245
94.129847	1.999966005934245
94.129847	1.999966005934245
94.178054	1.9999401470525124
94.178054	1.9999401470525124
94.178054	1.9999401470525124
94.201847	1.9999274953394719
94.201847	1.9999274953394719
94.201847	1.9999274953394719
94.23796	1.9999083870687788
94.23796	1.9999083870687788
94.249961	1.9999020562150951
94.249961	1.9999020562150951
94.249961	1.9999020562150951
94.249961	1.9999020562150951
94.297943	1.9998767872737666
94.297943	1.9998767872737666
94.297943	1.9998767872737666
94.321847	1.999864211667566
94.321847	1.999864211667566
94.321847	1.999864211667566
94.35795	1.9998452132661453
94.35795	1.9998452132661453
94.35795	1.9998452132661453
94.35795	1.9998452132661453
94.35795	1.9998452132661453
94.405847	1.9998199769539322
94.417941	1.9998135985659313
94.417941	1.9998135985659313
94.417941	1.9998135985659313
94.417941	1.9998135985659313
94.453925	1.9997946060742027
94.465848	1.999788310571927
94.477984	1.9997819020253507
94.477984	1.9997819020253507
94.477984	1.9997819020253507
94.501847	1.9997693036975168
94.513928	1.9997629294208619
94.525851	1.9997566420361432
94.53796	1.9997502602845683
94.53796	1.9997502602845683
94.53796	1.9997502602845683
94.561848	1.9997376946773757
94.561848	1.9997376946773757
94.561848	1.9997376946773757
94.597942	1.9997127166730804
94.597942	1.9997127166730804
94.597942	1.9997127166730804
94.597942	1.9997127166730804
94.633912	1.9996229267936265
94.645848	1.99958021256243
94.657948	1.9995335243932255
94.657948	1.9995335243932255
94.669848	1.9994870709075219
94.669848	1.9994870709075219
94.669848	1.9994870709075219
94.669848	1.9994870709075219
94.717945	1.9993874607213955
94.717945	1.9993874607213955
94.717945	1.9993874607213955
94.717945	1.9993874607213955
94.717945	1.9993874607213955
94.717945	1.9993874607213955
94.77796	1.9993605839534483
94.77796	1.9993605839534483
94.789848	1.9993555785199566
94.789848	1.9993555785199566
94.813912	1.9993455838346836
94.813912	1.9993455838346836
94.838014	1.9993357888675625
94.838014	1.9993357888675625
94.838014	1.9993357888675625
94.838014	1.9993357888675625
94.838014	1.9993357888675625
94.885848	1.999316972221588
94.897978	1.9993123158714277
94.897978	1.9993123158714277
94.897978	1.9993123158714277
94.897978	1.9993123158714277
94.897978	1.9993123158714277
94.897978	1.9993123158714277
94.957947	1.9992901158912029
94.957947	1.9992901158912029
94.957947	1.9992901158912029
94.957947	1.9992901158912029
94.993932	1.9992774229035959
95.005884	1.9992733039515296
95.017955	1.9992691878492042
95.017955	1.9992691878492042
95.02986	1.9992651994281703
95.02986	1.9992651994281703
95.02986	1.9992651994281703
95.02986	1.9992651994281703
95.07799	1.999249531332506
95.07799	1.999249531332506
95.08986	1.9992458042343675
95.08986	1.9992458042343675
95.113932	1.9992383647582921
95.113932	1.9992383647582921
95.138054	1.999231089190239
95.138054	1.999231089190239
95.138054	1.999231089190239
95.161861	1.9992240862750903
95.161861	1.9992240862750903
95.185861	1.9992172002486237
95.197956	1.9992137830346377
95.197956	1.9992137830346377
95.197956	1.9992137830346377
95.22186	1.9992071478452289
95.234009	1.9992038306384605
95.245861	1.9992006175377859
95.257958	1.9991973620259389
95.257958	1.9991973620259389
95.257958	1.9991973620259389
95.28186	1.9991910100856953
95.28186	1.9991910100856953
95.28186	1.9991910100856953
95.317988	1.999181562375216
95.317988	1.999181562375216
95.317988	1.999181562375216
95.341861	1.9991753959100926
95.341861	1.9991753959100926
95.341861	1.9991753959100926
95.341861	1.9991753959100926
95.377992	1.9991661412826882
95.389949	1.9991630922690324
95.389949	1.9991630922690324
95.389949	1.9991630922690324
95.389949	1.9991630922690324
95.437956	1.9991508665360171
95.437956	1.9991508665360171
95.44986	1.9991478312986037
95.44986	1.9991478312986037
95.44986	1.9991478312986037
95.48586	1.9991386256977439
95.498032	1.9991355008507306
95.498032	1.9991355008507306
95.498032	1.9991355008507306
95.498032	1.9991355008507306
95.498032	1.9991355008507306
95.498032	1.9991355008507306
95.557963	1.9991199657789225
95.557963	1.9991199657789225
95.557963	1.9991199657789225
95.557963	1.9991199657789225
95.557963	1.9991199657789225
95.557963	1.9991199657789225
95.617972	1.9991041252495378
95.617972	1.9991041252495378
95.617972	1.9991041252495378
95.617972	1.9991041252495378
95.617972	1.9991041252495378
95.617972	1.9991041252495378
95.677971	1.9990879939742228
95.677971	1.9990879939742228
95.677971	1.9990879939742228
95.677971	1.9990879939742228
95.677971	1.9990879939742228
95.677971	1.9990879939742228
95.737956	1.9990716385833553
95.737956	1.9990716385833553
95.737956	1.9990716385833553
95.737956	1.9990716385833553
95.737956	1.9990716385833553
95.78586	1.9990584964279201
95.798034	1.9990551555074541
95.798034	1.9990551555074541
95.798034	1.9990551555074541
95.798034	1.9990551555074541
95.798034	1.9990551555074541
95.798034	1.9990551555074541
95.857968	1.999038781902047
95.857968	1.999038781902047
95.857968	1.999038781902047
95.881861	1.9990323179235943
95.881861	1.9990323179235943
95.881861	1.9990323179235943
95.917956	1.9990226630900654
95.917956	1.9990226630900654
95.917956	1.9990226630900654
95.917956	1.9990226630900654
95.95393	1.9990132163142385
95.965861	1.9990101274149814
95.978011	1.9990070029096467
95.978011	1.9990070029096467
95.978025	1.9990069993093937
95.978025	1.9990069993093937
96.013937	1.9989979484581881
96.025947	1.9989949799545732
96.037978	1.9989920327380342
96.037978	1.9989920327380342
96.037978	1.9989920327380342
96.037978	1.9989920327380342
96.037978	1.9989920327380342
96.037978	1.9989920327380342
96.097974	1.9989778771705082
96.097974	1.9989778771705082
96.109894	1.9989751811217269
96.121875	1.9989724917811271
96.121875	1.9989724917811271
96.121875	1.9989724917811271
96.158059	1.9989646283966143
96.158059	1.9989646283966143
96.169874	1.9989621459035984
96.169874	1.9989621459035984
96.169874	1.9989621459035984
96.205875	1.9989547836838755
96.217974	1.9989523814562442
96.217974	1.9989523814562442
96.217974	1.9989523814562442
96.217974	1.9989523814562442
96.217974	1.9989523814562442
96.217974	1.9989523814562442
96.277992	1.9989410508853078
96.277992	1.9989410508853078
96.277992	1.9989410508853078
96.277992	1.9989410508853078
96.277992	1.9989410508853078
96.277992	1.9989410508853078
96.337969	1.9989305810681355
96.337969	1.9989305810681355
96.349874	1.9989285986608327
96.361875	1.9989266150861527
96.361875	1.9989266150861527
96.385876	1.9989227403552878
96.39797	1.9989208177279536
96.39797	1.9989208177279536
96.39797	1.9989208177279536
96.39797	1.9989208177279536
96.39797	1.9989208177279536
96.39797	1.9989208177279536
96.457998	1.9989115781301765
96.457998	1.9989115781301765
96.457998	1.9989115781301765
96.457998	1.9989115781301765
96.493958	1.9989062126941917
96.505875	1.9989044515899876
96.51797	1.9989026702509023
96.51797	1.9989026702509023
96.51797	1.9989026702509023
96.51797	1.9989026702509023
96.51797	1.9989026702509023
96.51797	1.9989026702509023
96.51797	1.9989026702509023
96.577985	1.998893873720782
96.589997	1.9988921090999057
96.601874	1.9988903620539942
96.613956	1.9988885773201326
96.613956	1.9988885773201326
96.63797	1.9988850116427477
96.63797	1.9988850116427477
96.63797	1.9988850116427477
96.63797	1.9988850116427477
96.63797	1.9988850116427477
96.63797	1.9988850116427477
96.697973	1.99887592614607
96.697973	1.99887592614607
96.697973	1.99887592614607
96.697973	1.99887592614607
96.733945	1.9988703275720048
96.745895	1.9988684405590214
96.757975	1.9988665207450382
96.757975	1.9988665207450382
96.769875	1.9988646093781315
96.769875	1.9988646093781315
96.793952	1.998860705440537
96.805875	1.9988587503428696
96.818039	1.9988567434713098
96.818039	1.9988567434713098
96.818039	1.9988567434713098
96.818039	1.9988567434713098
96.818039	1.9988567434713098
96.818039	1.9988567434713098
96.878003	1.9988466418325788
96.878003	1.9988466418325788
96.889874	1.9988446054793299
96.901874	1.9988425417543663
96.901874	1.9988425417543663
96.925874	1.998838383459403
96.937967	1.9988362790870982
96.937967	1.9988362790870982
96.949948	1.9988341868707769
96.949948	1.9988341868707769
96.949948	1.9988341868707769
96.949948	1.9988341868707769
96.997975	1.998825774251372
96.997989	1.9988257717965103
96.997989	1.9988257717965103
96.997989	1.9988257717965103
96.997989	1.9988257717965103
96.997989	1.9988257717965103
97.058004	1.9988152930029
97.058004	1.9988152930029
97.0699	1.9988132366624549
97.0699	1.9988132366624549
97.093954	1.9988091037108358
97.093954	1.9988091037108358
97.118011	1.9988050167139868
97.118011	1.9988050167139868
97.129888	1.9988030250114637
97.141912	1.9988010175371593
97.153958	1.9987990309995372
97.165889	1.9987970794998582
97.177999	1.9987951154599426
97.177999	1.9987951154599426
97.177999	1.9987951154599426
97.177999	1.9987951154599426
97.177999	1.9987951154599426
97.225888	1.9987875915569204
97.237983	1.9987857477621287
97.237983	1.9987857477621287
97.237983	1.9987857477621287
97.261888	1.9987821909087098
97.261888	1.9987821909087098
97.261888	1.9987821909087098
97.261888	1.9987821909087098
97.261888	1.9987821909087098
97.261888	1.9987821909087098
97.261888	1.9987821909087098
97.261888	1.9987821909087098
97.297981	1.9987770295231735
97.358017	1.998769027430785
97.358017	1.998769027430785
97.358017	1.998769027430785
97.358017	1.998769027430785
97.393963	1.9987645951013093
97.405909	1.998763178161105
97.417982	1.9987617705357172
97.417982	1.9987617705357172
97.417982	1.9987617705357172
97.417982	1.9987617705357172
97.417982	1.9987617705357172
97.417982	1.9987617705357172
97.478097	1.9987551923364515
97.478097	1.9987551923364515
97.478097	1.9987551923364515
97.478097	1.9987551923364515
97.478097	1.9987551923364515
97.478097	1.9987551923364515
97.537988	1.9987492385249834
97.537988	1.9987492385249834
97.537988	1.9987492385249834
97.56191	1.9987469983994732
97.56191	1.9987469983994732
97.56191	1.9987469983994732
97.597983	1.9987437394977277
97.597983	1.9987437394977277
97.597983	1.9987437394977277
97.597983	1.9987437394977277
97.597983	1.9987437394977277
97.597983	1.9987437394977277
97.657987	1.998738544877686
97.657987	1.998738544877686
97.669888	1.9987375363776116
97.669888	1.9987375363776116
97.669888	1.9987375363776116
97.705889	1.9987344998494123
97.717982	1.9987334817823237
97.717982	1.9987334817823237
97.717982	1.9987334817823237
97.717982	1.9987334817823237
97.717982	1.9987334817823237
97.717982	1.9987334817823237
97.717982	1.9987334817823237
97.717982	1.9987334817823237
97.778086	1.9987283733384542
97.801888	1.9987263070091947
97.801888	1.9987263070091947
97.801888	1.9987263070091947
97.837982	1.9987231021553342
97.837982	1.9987231021553342
97.837982	1.9987231021553342
97.861888	1.9987209230106986
97.861888	1.9987209230106986
97.861888	1.9987209230106986
97.897983	1.9987175460497537
97.897983	1.9987175460497537
97.897983	1.9987175460497537
97.897983	1.9987175460497537
97.897983	1.9987175460497537
97.945888	1.99871288482273
97.958008	1.99871167278838
97.958008	1.99871167278838
97.958008	1.99871167278838
97.958008	1.99871167278838
97.958008	1.99871167278838
97.958021	1.9987116714883433
98.018007	1.9987054251612311
98.018007	1.9987054251612311
98.029901	1.9987041407265596
98.029901	1.9987041407265596
98.053979	1.9987015101349104
98.053979	1.9987015101349104
98.078016	1.9986988410946016
98.078016	1.9986988410946016
98.078016	1.9986988410946016
98.078016	1.9986988410946016
98.078016	1.9986988410946016
98.125902	1.998693417642176
98.138077	1.9986920238576658
98.138077	1.9986920238576658
98.149901	1.9986906648198171
98.149901	1.9986906648198171
98.149901	1.9986906648198171
98.149901	1.9986906648198171
98.197994	1.9986851216793948
98.197994	1.9986851216793948
98.197994	1.9986851216793948
98.197994	1.9986851216793948
98.233967	1.998680990080943
98.245901	1.9986796286137323
98.258001	1.9986782533398924
98.258001	1.9986782533398924
98.258001	1.9986782533398924
98.258001	1.9986782533398924
98.258001	1.9986782533398924
98.258001	1.9986782533398924
98.318015	1.9986715810268683
98.318015	1.9986715810268683
98.318015	1.9986715810268683
98.318015	1.9986715810268683
98.318015	1.9986715810268683
98.318015	1.9986715810268683
98.318015	1.9986715810268683
98.318015	1.9986715810268683
98.318015	1.9986715810268683
98.318015	1.9986715810268683
98.378022	1.9986652499576147
98.425901	1.9986605254053225
98.437999	1.9986593789441314
98.437999	1.9986593789441314
98.437999	1.9986593789441314
98.461901	1.9986571860366382
98.473968	1.9986561166442822
98.485901	1.9986550779851533
98.497996	1.9986540447637162
98.497996	1.9986540447637162
98.497996	1.9986540447637162
98.497996	1.9986540447637162
98.497996	1.9986540447637162
98.497996	1.9986540447637162
98.497996	1.9986540447637162
98.497996	1.9986540447637162
98.497996	1.9986540447637162
98.497996	1.9986540447637162
98.497996	1.9986540447637162
98.558018	1.9986492863303942
98.617994	1.9986450985785598
98.617994	1.9986450985785598
98.617994	1.9986450985785598
98.617994	1.9986450985785598
98.617994	1.9986450985785598
98.617994	1.9986450985785598
98.678016	1.9986414191542494
98.678016	1.9986414191542494
98.678016	1.9986414191542494
98.678016	1.9986414191542494
98.713969	1.9986394237109213
98.725902	1.998638788898371
98.738016	1.9986381556961725
98.738016	1.9986381556961725
98.738016	1.9986381556961725
98.738016	1.9986381556961725
98.738016	1.9986381556961725
98.738016	1.9986381556961725
98.798064	1.9986351783258725
98.798064	1.9986351783258725
98.798064	1.9986351783258725
98.798064	1.9986351783258725
98.798064	1.9986351783258725
98.845902	1.9986329181281206
98.858006	1.9986323520107414
98.858006	1.9986323520107414
98.858006	1.9986323520107414
98.858006	1.9986323520107414
98.858006	1.9986323520107414
98.905901	1.9986301001940723
98.917997	1.9986295243099563
98.917997	1.9986295243099563
98.929978	1.99862894628801
98.941901	1.9986283676771781
98.941901	1.9986283676771781
98.941901	1.9986283676771781
98.978014	1.9986265640871688
98.978014	1.9986265640871688
98.978014	1.9986265640871688
99.001901	1.9986253229493538
99.013978	1.9986246762938809
99.025914	1.9986240271585893
99.038025	1.9986233581435149
99.038025	1.9986233581435149
99.038025	1.9986233581435149
99.038025	1.9986233581435149
99.038025	1.9986233581435149
99.038025	1.9986233581435149
99.098043	1.9986198362682663
99.098043	1.9986198362682663
99.098043	1.9986198362682663
99.098043	1.9986198362682663
99.098043	1.9986198362682663
99.098043	1.9986198362682663
99.158016	1.998615979431458
99.158016	1.998615979431458
99.158016	1.998615979431458
99.181914	1.99861435025394
99.181914	1.99861435025394
99.181914	1.99861435025394
99.21801	1.9986117975751594
99.21801	1.9986117975751594
99.21801	1.9986117975751594
99.21801	1.9986117975751594
99.21801	1.9986117975751594
99.21801	1.9986117975751594
99.278042	1.9986073466090792
99.278042	1.9986073466090792
99.278042	1.9986073466090792
99.278042	1.9986073466090792
99.313985	1.998604599849344
99.313985	1.998604599849344
99.338012	1.9986027440969629
99.338012	1.9986027440969629
99.338012	1.9986027440969629
99.338012	1.9986027440969629
99.37398	1.9985999494736881
99.385915	1.9985990206603341
99.398016	1.9985980786887003
99.398016	1.9985980786887003
99.398016	1.9985980786887003
99.398016	1.9985980786887003
99.398016	1.9985980786887003
99.398016	1.9985980786887003
99.398016	1.9985980786887003
99.398016	1.9985980786887003
99.398016	1.9985980786887003
99.45808	1.998593459952245
99.494008	1.9985907835957242
99.494008	1.9985907835957242
99.518008	1.9985890447633514
99.518008	1.9985890447633514
99.529914	1.9985882041179541
99.541914	1.9985873640396117
99.541914	1.9985873640396117
99.541914	1.9985873640396117
99.578026	1.9985849321904363
99.578026	1.9985849321904363
99.578026	1.9985849321904363
99.578026	1.9985849321904363
99.613978	1.9985826576868762
99.613978	1.9985826576868762
99.638021	1.9985812184299663
99.638021	1.9985812184299663
99.638021	1.9985812184299663
99.638021	1.9985812184299663
99.638021	1.9985812184299663
99.638021	1.9985812184299663
99.698025	1.9985779546930529
99.698025	1.9985779546930529
99.698025	1.9985779546930529
99.698025	1.9985779546930529
99.698025	1.9985779546930529
99.698025	1.9985779546930529
99.698025	1.9985779546930529
99.698025	1.9985779546930529
99.698025	1.9985779546930529
99.698025	1.9985779546930529
99.698025	1.9985779546930529
99.758034	1.998575155713765
99.818008	1.9985727971280571
99.818008	1.9985727971280571
99.818008	1.9985727971280571
99.818008	1.9985727971280571
99.818008	1.9985727971280571
99.865914	1.9985711895217189
99.878023	1.9985708134796953
99.878023	1.9985708134796953
99.878023	1.9985708134796953
99.901914	1.9985701084568099
99.913979	1.9985697691339168
99.925915	1.9985694402199483
99.938017	1.9985691137299735
99.938017	1.9985691137299735
99.938017	1.9985691137299735
99.961914	1.9985684905197685
99.961914	1.9985684905197685
99.985986	1.9985678826709499
99.998012	1.9985675832005017
99.998012	1.9985675832005017
99.998026	1.998567582851875
100.021956	1.9985669921864997
100.033994	1.9985666953957064
100.033994	1.9985666953957064
100.058057	1.9985660982922069
100.058057	1.9985660982922069
100.058057	1.9985660982922069
100.081929	1.9985654940918629
100.081929	1.9985654940918629
100.081929	1.9985654940918629
100.118093	1.9985645419429576
100.118093	1.9985645419429576
100.118093	1.9985645419429576
100.118093	1.9985645419429576
100.118093	1.9985645419429576
100.165929	1.9985631796883701
100.178034	1.9985628143121437
100.178034	1.9985628143121437
100.178034	1.9985628143121437
100.178034	1.9985628143121437
100.213991	1.9985616595607161
100.225928	1.9985612547281015
100.238023	1.9985608347968
100.238023	1.9985608347968
100.238023	1.9985608347968
100.238023	1.9985608347968
100.238023	1.9985608347968
100.238023	1.9985608347968
100.238023	1.9985608347968
100.238023	1.9985608347968
100.238023	1.9985608347968
100.238023	1.9985608347968
100.238023	1.9985608347968
100.298022	1.9985585603137739
100.358027	1.9985559838125788
100.358027	1.9985559838125788
100.369928	1.9985554364844165
100.369928	1.9985554364844165
100.369928	1.9985554364844165
100.369928	1.9985554364844165
100.418053	1.9985531339509996
100.418053	1.9985531339509996
100.418053	1.9985531339509996
100.441942	1.9985519372018039
100.454004	1.9985513205630305
100.465929	1.9985507058834311
100.478037	1.9985500765911188
100.478037	1.9985500765911188
100.478037	1.9985500765911188
100.478037	1.9985500765911188
100.478037	1.9985500765911188
100.478037	1.9985500765911188
100.538043	1.9985468954942889
100.538043	1.9985468954942889
100.538043	1.9985468954942889
100.561929	1.9985456180044576
100.573992	1.9985449740374823
100.573992	1.9985449740374823
100.598024	1.9985436969727508
100.598024	1.9985436969727508
100.598024	1.9985436969727508
100.598024	1.9985436969727508
100.63399	1.9985418168107614
100.63399	1.9985418168107614
100.658039	1.9985405875272375
100.658039	1.9985405875272375
100.658039	1.9985405875272375
100.658039	1.9985405875272375
100.693991	1.9985388133412165
100.705929	1.9985382428477645
100.718022	1.9985376737481981
100.718022	1.9985376737481981
100.718022	1.9985376737481981
100.718022	1.9985376737481981
100.718022	1.9985376737481981
100.765929	1.9985355473959083
100.778106	1.9985350367544108
100.778106	1.9985350367544108
100.789957	1.9985345589157066
100.789957	1.9985345589157066
100.789957	1.9985345589157066
100.789957	1.9985345589157066
100.838022	1.9985327485733744
100.838022	1.9985327485733744
100.849928	1.9985323410351286
100.861928	1.9985319384650111
100.861928	1.9985319384650111
100.861928	1.9985319384650111
100.898023	1.9985308285986831
100.898023	1.9985308285986831
100.898023	1.9985308285986831
100.898023	1.9985308285986831
100.898023	1.9985308285986831
100.898023	1.9985308285986831
100.958032	1.9985292767784812
100.958032	1.9985292767784812
100.958032	1.9985292767784812
100.958032	1.9985292767784812
100.994013	1.9985285110123192
100.994013	1.9985285110123192
101.018042	1.9985280569682538
101.018057	1.9985280566908936
101.018057	1.9985280566908936
101.018057	1.9985280566908936
101.018057	1.9985280566908936
101.065986	1.9985272798461948
101.078052	1.9985271045161039
101.078052	1.9985271045161039
101.078052	1.9985271045161039
101.101944	1.9985267805091371
101.101944	1.9985267805091371
101.101944	1.9985267805091371
101.138043	1.9985263316221338
101.138043	1.9985263316221338
101.138043	1.9985263316221338
101.138043	1.9985263316221338
101.138043	1.9985263316221338
101.185943	1.9985025801290888
101.198056	1.9984553125818552
101.198056	1.9984553125818552
101.198056	1.9984553125818552
101.198056	1.9984553125818552
101.198056	1.9984553125818552
101.198056	1.9984553125818552
101.25806	1.9963103948544385
101.25806	1.9963103948544385
101.25806	1.9963103948544385
101.25806	1.9963103948544385
101.25806	1.9963103948544385
101.25806	1.9963103948544385
101.318075	1.9946695140532007
101.318075	1.9946695140532007
101.318075	1.9946695140532007
101.342028	1.994689542999279
101.354015	1.9947013199834212
101.365944	1.9947115533250348
101.378048	1.9947204179179543
101.378048	1.9947204179179543
101.389945	1.9947292967279604
101.389945	1.9947292967279604
101.389945	1.9947292967279604
101.425943	1.9947583586318154
101.438113	1.9947688854597259
101.438113	1.9947688854597259
101.438113	1.9947688854597259
101.461963	1.994789938036539
101.461963	1.994789938036539
101.461963	1.994789938036539
101.461963	1.994789938036539
101.498036	1.9948220199898041
101.509943	1.9948326418806219
101.521944	1.9948433579279563
101.521944	1.9948433579279563
101.545943	1.9948648721881048
101.558058	1.994875770445188
101.558058	1.994875770445188
101.558058	1.994875770445188
101.558058	1.994875770445188
101.558058	1.994875770445188
101.558058	1.994875770445188
101.618037	1.995063055648842
101.618037	1.995063055648842
101.618037	1.995063055648842
101.618037	1.995063055648842
101.618037	1.995063055648842
101.618037	1.995063055648842
101.678064	1.9953701506040538
101.678064	1.9953701506040538
101.678064	1.9953701506040538
101.678064	1.9953701506040538
101.714026	1.9955778270593494
101.714026	1.9955778270593494
101.738042	1.995720740766372
101.738042	1.995720740766372
101.738042	1.995720740766372
101.761944	1.995864086063792
101.774006	1.9959377323695302
101.785944	1.9960125184326758
101.798039	1.9960902259979667
101.798039	1.9960902259979667
101.798039	1.9960902259979667
101.798039	1.9960902259979667
101.798039	1.9960902259979667
101.845964	1.9964058502418109
101.858042	1.9964858714199056
101.858042	1.9964858714199056
101.858042	1.9964858714199056
101.858042	1.9964858714199056
101.858042	1.9964858714199056
101.858042	1.9964858714199056
101.918043	1.9967833128992267
101.918043	1.9967833128992267
101.918043	1.9967833128992267
101.918043	1.9967833128992267
101.954011	1.9969102143522028
101.954011	1.9969102143522028
101.978067	1.9969909436897437
101.978067	1.9969909436897437
101.978067	1.9969909436897437
102.001947	1.9970696812506916
102.01401	1.9971091422000082
102.025958	1.997148120170289
102.03806	1.9971874917909529
102.03806	1.9971874917909529
102.03806	1.9971874917909529
102.03806	1.9971874917909529
102.03806	1.9971874917909529
102.03806	1.9971874917909529
102.098139	1.9973811019285725
102.098139	1.9973811019285725
102.098139	1.9973811019285725
102.098139	1.9973811019285725
102.098139	1.9973811019285725
102.098139	1.9973811019285725
102.158052	1.9975707077925788
102.158052	1.9975707077925788
102.158052	1.9975707077925788
102.158052	1.9975707077925788
102.158052	1.9975707077925788
102.205957	1.9977190383689984
102.218051	1.9977559990103269
102.218051	1.9977559990103269
102.218051	1.9977559990103269
102.218051	1.9977559990103269
102.218051	1.9977559990103269
102.218051	1.9977559990103269
102.278079	1.9979357068473427
102.278079	1.9979357068473427
102.278079	1.9979357068473427
102.278079	1.9979357068473427
102.278079	1.9979357068473427
102.325957	1.9980744176395162
102.338052	1.9981088303317371
102.338052	1.9981088303317371
102.349957	1.9981423142895871
102.349957	1.9981423142895871
102.349957	1.9981423142895871
102.349957	1.9981423142895871
102.349957	1.9981423142895871
102.349957	1.9981423142895871
102.398056	1.9982750245139171
102.421957	1.9983391840146196
102.421957	1.9983391840146196
102.445957	1.9984024173959689
102.458053	1.9984339309867092
102.458053	1.9984339309867092
102.458053	1.9984339309867092
102.458053	1.9984339309867092
102.458053	1.9984339309867092
102.505957	1.9985558139645971
102.518058	1.9985859967908177
102.518058	1.9985859967908177
102.52996	1.9986153366511397
102.52996	1.9986153366511397
102.52996	1.9986153366511397
102.565957	1.9987028198950934
102.57808	1.9987318518059001
102.57808	1.9987318518059001
102.57808	1.9987318518059001
102.57808	1.9987318518059001
102.57808	1.9987318518059001
102.57808	1.9987318518059001
102.638076	1.9988722752692112
102.638076	1.9988722752692112
102.650331	1.9989003608935159
102.650331	1.9989003608935159
102.674065	1.9989543697882357
102.674065	1.9989543697882357
102.69806	1.9990084229098646
102.69806	1.9990084229098646
102.69806	1.9990084229098646
102.69806	1.9990084229098646
102.69806	1.9990084229098646
102.69806	1.9990084229098646
102.758132	1.9991417163252103
102.758132	1.9991417163252103
102.758132	1.9991417163252103
102.758132	1.9991417163252103
102.794032	1.9992204145282555
102.794032	1.9992204145282555
102.81805	1.9992728279804477
102.81805	1.9992728279804477
102.81805	1.9992728279804477
102.81805	1.9992728279804477
102.81805	1.9992728279804477
102.81805	1.9992728279804477
102.878073	1.9994033799868174
102.878073	1.9994033799868174
102.878073	1.9994033799868174
102.901957	1.9994553009683236
102.914029	1.9994815595314648
102.914029	1.9994815595314648
102.938062	1.9995338792717274
102.938062	1.9995338792717274
102.938062	1.9995338792717274
102.938062	1.9995338792717274
102.938062	1.9995338792717274
102.938062	1.9995338792717274
102.998053	1.9996649261296189
102.998053	1.9996649261296189
102.998053	1.9996649261296189
102.998053	1.9996649261296189
103.034036	1.9997438794479487
103.045979	1.9997701375984469
103.058075	1.9997967539438717
103.058075	1.9997967539438717
103.058075	1.9997967539438717
103.081972	1.9998494078486022
103.081972	1.9998494078486022
103.105993	1.999902385764827
103.118067	1.9999290211048808
103.118067	1.9999290211048808
103.118067	1.9999290211048808
103.118067	1.9999290211048808
103.154109	2.0000085018743445
103.165973	2.000034638006031
103.178073	2.0000612774406079
103.178073	2.0000612774406079
103.178073	2.0000612774406079
103.178073	2.0000612774406079
103.178073	2.0000612774406079
103.178073	2.0000612774406079
103.238086	2.0001927667706814
103.238086	2.0001927667706814
103.238086	2.0001927667706814
103.238086	2.0001927667706814
103.238086	2.0001927667706814
103.238086	2.0001927667706814
103.298069	2.0003224793050589
103.298069	2.0003224793050589
103.309972	2.0003479048167052
103.322052	2.0003736427161032
103.334045	2.0003990226148995
103.334045	2.0003990226148995
103.358068	2.000449514246744
103.358068	2.000449514246744
103.358068	2.000449514246744
103.358068	2.000449514246744
103.358068	2.000449514246744
103.358068	2.000449514246744
103.418143	2.0005729252982749
103.418143	2.0005729252982749
103.418143	2.0005729252982749
103.418143	2.0005729252982749
103.454051	2.0006444872725568
103.454051	2.0006444872725568
103.47808	2.0006914431893819
103.47808	2.0006914431893819
103.47808	2.0006914431893819
103.47808	2.0006914431893819
103.47808	2.0006914431893819
103.525993	2.0007824543438719
103.538067	2.000804891558059
103.538067	2.000804891558059
103.538067	2.000804891558059
103.561972	2.0008485828310834
103.574038	2.0008702665582851
103.585996	2.0008915722548628
103.598064	2.0009128893556269
103.598064	2.0009128893556269
103.609972	2.0009336202738273
103.621972	2.0009543929341786
103.621972	2.0009543929341786
103.645984	2.0009951833483774
103.658087	2.0010154776234321
103.658087	2.0010154776234321
103.669972	2.0010351233771955
103.682043	2.0010549654986964
103.682043	2.0010549654986964
103.705972	2.0010935986200331
103.718146	2.0011130139154147
103.718146	2.0011130139154147
103.718146	2.0011130139154147
103.718146	2.0011130139154147
103.718146	2.0011130139154147
103.765972	2.0011874062197403
103.778071	2.0012058519670641
103.778071	2.0012058519670641
103.778071	2.0012058519670641
103.778071	2.0012058519670641
103.778071	2.0012058519670641
103.778071	2.0012058519670641
103.838067	2.0012951000268311
103.838067	2.0012951000268311
103.838067	2.0012951000268311
103.861972	2.0013298553090673
103.861972	2.0013298553090673
103.885972	2.0013643837363833
103.898087	2.0013817206820299
103.898087	2.0013817206820299
103.898087	2.0013817206820299
103.898087	2.0013817206820299
103.898087	2.0013817206820299
103.946061	2.001449757050858
103.958073	2.0014666935701459
103.958073	2.0014666935701459
103.969972	2.0014834338619756
103.969972	2.0014834338619756
103.994046	2.0015172577996005
103.994046	2.0015172577996005
104.018065	2.0015509694666016
104.018065	2.0015509694666016
104.018079	2.0015509891136372
104.018079	2.0015509891136372
104.018079	2.0015509891136372
104.065986	2.0016183114902879
104.078213	2.0016355344423329
104.078213	2.0016355344423329
104.078213	2.0016355344423329
104.078213	2.0016355344423329
104.078213	2.0016355344423329
104.078213	2.0016355344423329
104.138101	2.0017203415176525
104.138101	2.0017203415176525
104.138101	2.0017203415176525
104.138101	2.0017203415176525
104.138101	2.0017203415176525
104.138101	2.0017203415176525
104.138101	2.0017203415176525
104.138101	2.0017203415176525
104.138101	2.0017203415176525
104.138101	2.0017203415176525
104.198092	2.00180618448067
104.24599	2.0018753721516935
104.258093	2.0018929244500594
104.258093	2.0018929244500594
104.258093	2.0018929244500594
104.281986	2.0019276499465533
104.281986	2.0019276499465533
104.281986	2.0019276499465533
104.318118	2.0019802680805925
104.318118	2.0019802680805925
104.318118	2.0019802680805925
104.318118	2.0019802680805925
104.318118	2.0019802680805925
104.318118	2.0019802680805925
104.378128	2.0020675956792271
104.378128	2.0020675956792271
104.378128	2.0020675956792271
104.378128	2.0020675956792271
104.378128	2.0020675956792271
104.378128	2.0020675956792271
104.43808	2.0021541053580214
104.43808	2.0021541053580214
104.43808	2.0021541053580214
104.43808	2.0021541053580214
104.43808	2.0021541053580214
104.485986	2.0022221279330004
104.498081	2.0022391112427744
104.498081	2.0022391112427744
104.498081	2.0022391112427744
104.498081	2.0022391112427744
104.534073	2.0022889704610463
104.534073	2.0022889704610463
104.558083	2.0023216923352636
104.558083	2.0023216923352636
104.558083	2.0023216923352636
104.558083	2.0023216923352636
104.558083	2.0023216923352636
104.558083	2.0023216923352636
104.618084	2.002401084365804
104.618084	2.002401084365804
104.618084	2.002401084365804
104.618084	2.002401084365804
104.618084	2.002401084365804
104.665986	2.002461742380544
104.6781	2.0024767086566162
104.6781	2.0024767086566162
104.6781	2.0024767086566162
104.6781	2.0024767086566162
104.6781	2.0024767086566162
104.6781	2.0024767086566162
104.73815	2.002548207942231
104.73815	2.002548207942231
104.73815	2.002548207942231
104.73815	2.002548207942231
104.73815	2.002548207942231
104.73815	2.002548207942231
104.798082	2.0026153026765883
104.798082	2.0026153026765883
104.798082	2.0026153026765883
104.798082	2.0026153026765883
104.834053	2.0026535614880974
104.846007	2.0026659714561252
104.858123	2.0026784208561854
104.858123	2.0026784208561854
104.858123	2.0026784208561854
104.858123	2.0026784208561854
104.858123	2.0026784208561854
104.858123	2.0026784208561854
104.858123	2.0026784208561854
104.858123	2.0026784208561854
104.858123	2.0026784208561854
104.858123	2.0026784208561854
104.858123	2.0026784208561854
104.858123	2.0026784208561854
104.858123	2.0026784208561854
104.918085	2.0027377834109967
104.978108	2.0027941674434002
105.00206	2.0028159868940265
105.00206	2.0028159868940265
105.00206	2.0028159868940265
105.038125	2.0028482717566995
105.03814	2.002848285114637
105.03814	2.002848285114637
105.03814	2.002848285114637
105.03814	2.002848285114637
105.086002	2.0028903753035814
105.098101	2.0029009353879328
105.098101	2.0029009353879328
105.098101	2.0029009353879328
105.098101	2.0029009353879328
105.098101	2.0029009353879328
105.098101	2.0029009353879328
105.098101	2.0029009353879328
105.098101	2.0029009353879328
105.1581	2.0029530833701323
105.182003	2.0029738719687464
105.182003	2.0029738719687464
105.182003	2.0029738719687464
105.218122	2.0030054257613337
105.218122	2.0030054257613337
105.218122	2.0030054257613337
105.218122	2.0030054257613337
105.218122	2.0030054257613337
105.218122	2.0030054257613337
105.278099	2.0030584665964293
105.278099	2.0030584665964293
105.278099	2.0030584665964293
105.302005	2.0030798898857767
105.302005	2.0030798898857767
105.326021	2.0031016030454287
105.338102	2.0031125857728691
105.338102	2.0031125857728691
105.338102	2.0031125857728691
105.338102	2.0031125857728691
105.338102	2.0031125857728691
105.338102	2.0031125857728691
105.338102	2.0031125857728691
105.338102	2.0031125857728691
105.338102	2.0031125857728691
105.338102	2.0031125857728691
105.338102	2.0031125857728691
105.398163	2.003167943104327
105.4581	2.0032242313727244
105.4581	2.0032242313727244
105.470009	2.003235515198821
105.470009	2.003235515198821
105.470009	2.003235515198821
105.506002	2.0032697179358685
105.518098	2.0032812376177915
105.518098	2.0032812376177915
105.518098	2.0032812376177915
105.518098	2.0032812376177915
105.518098	2.0032812376177915
105.518098	2.0032812376177915
105.518098	2.0032812376177915
105.518098	2.0032812376177915
105.518098	2.0032812376177915
105.602003	2.0033609805117423
105.602003	2.0033609805117423
105.602003	2.0033609805117423
105.638109	2.0033948935857957
105.638109	2.0033948935857957
105.638109	2.0033948935857957
105.638109	2.0033948935857957
105.638109	2.0033948935857957
105.686002	2.0034391102592553
105.698099	2.0034501226189509
105.698099	2.0034501226189509
105.698099	2.0034501226189509
105.698099	2.0034501226189509
105.734073	2.0034823141257139
105.746023	2.0034928285341316
105.7581	2.0035033735362813
105.7581	2.0035033735362813
105.770002	2.0035136200768848
105.770002	2.0035136200768848
105.770002	2.0035136200768848
105.770002	2.0035136200768848
105.770002	2.0035136200768848
105.818097	2.0035540245525811
105.830122	2.0035637928507888
105.842003	2.0035733771633502
105.842003	2.0035733771633502
105.842003	2.0035733771633502
105.842003	2.0035733771633502
105.842003	2.0035733771633502
105.842003	2.0035733771633502
105.842003	2.0035733771633502
105.842003	2.0035733771633502
105.87812	2.003601663393745
105.938099	2.0036460282261692
105.938099	2.0036460282261692
105.938099	2.0036460282261692
105.938099	2.0036460282261692
105.974069	2.0036710548953631
105.974069	2.0036710548953631
105.998096	2.0036871779551704
105.998096	2.0036871779551704
105.998096	2.0036871779551704
105.998096	2.0036871779551704
106.034082	2.003710379908612
106.034082	2.003710379908612
106.058198	2.0037253979300758
106.058198	2.0037253979300758
106.070016	2.0037325703818096
106.070016	2.0037325703818096
106.094083	2.0037469348573596
106.106016	2.0037539172450485
106.118115	2.0037609237223157
106.118115	2.0037609237223157
106.118115	2.0037609237223157
106.118115	2.0037609237223157
106.118115	2.0037609237223157
106.118115	2.0037609237223157
106.118115	2.0037609237223157
106.118115	2.0037609237223157
106.118115	2.0037609237223157
106.118115	2.0037609237223157
106.118115	2.0037609237223157
106.178111	2.003794515561705
106.238115	2.0038268546803839
106.238115	2.0038268546803839
106.238115	2.0038268546803839
106.262016	2.0038395405211142
106.274099	2.0038459313227395
106.286017	2.0038522315933776
106.29811	2.0038586211299476
106.29811	2.0038586211299476
106.29811	2.0038586211299476
106.29811	2.0038586211299476
106.334089	2.0038776773563312
106.334089	2.0038776773563312
106.334089	2.0038776773563312
106.334089	2.0038776773563312
106.334089	2.0038776773563312
106.334089	2.0038776773563312
106.334089	2.0038776773563312
106.334089	2.0038776773563312
106.334089	2.0038776773563312
106.334089	2.0038776773563312
106.358209	2.0038905293302327
106.418111	2.0039229719291347
106.454173	2.0039429895544432
106.466027	2.0039496592440211
106.478132	2.0039565100027166
106.478132	2.0039565100027166
106.478132	2.0039565100027166
106.502015	2.0039701930778864
106.514082	2.0039771905915846
106.526017	2.0039841534726728
106.53811	2.0039912502997717
106.53811	2.0039912502997717
106.53811	2.0039912502997717
106.562036	2.0040054540323031
106.562036	2.0040054540323031
106.586087	2.0040199237203296
106.598117	2.0040272149347778
106.598117	2.0040272149347778
106.598117	2.0040272149347778
106.598117	2.0040272149347778
106.598117	2.0040272149347778
106.646016	2.004056642907285
106.646016	2.004056642907285
106.646016	2.004056642907285
106.658111	2.0040641457402666
106.682017	2.0040790511921829
106.682017	2.0040790511921829
106.682017	2.0040790511921829
106.718199	2.0041017209679572
106.718199	2.0041017209679572
106.730016	2.0041091353313281
106.742016	2.0041166633139911
106.742016	2.0041166633139911
106.766017	2.0041316913435749
106.778115	2.0041392485511138
106.778115	2.0041392485511138
106.778115	2.0041392485511138
106.778115	2.0041392485511138
106.814081	2.0041615490478621
106.814081	2.0041615490478621
106.838111	2.0041762843823352
106.838111	2.0041762843823352
106.838111	2.0041762843823352
106.838111	2.0041762843823352
106.874079	2.0041979622726052
106.88602	2.0042050475170248
106.898133	2.0042121828139159
106.898133	2.0042121828139159
106.898133	2.0042121828139159
106.898133	2.0042121828139159
106.898133	2.0042121828139159
106.946035	2.0042396137506278
106.958131	2.0042463577697447
106.958131	2.0042463577697447
106.958131	2.0042463577697447
106.958131	2.0042463577697447
106.958131	2.0042463577697447
106.958131	2.0042463577697447
106.958131	2.0042463577697447
106.958131	2.0042463577697447
107.018114	2.0042783755817357
107.042017	2.0042904663133614
107.042031	2.0042904732013258
107.06603	2.0043021956030591
107.078127	2.0043079766834797
107.078127	2.0043079766834797
107.090072	2.0043135425781986
107.090072	2.0043135425781986
107.090072	2.0043135425781986
107.090072	2.0043135425781986
107.138125	2.0043350380112903
107.138125	2.0043350380112903
107.138125	2.0043350380112903
107.138125	2.0043350380112903
107.174095	2.0043500644698495
107.186031	2.0043548722434328
107.198127	2.0043596700964295
107.198127	2.0043596700964295
107.198127	2.0043596700964295
107.198127	2.0043596700964295
107.198127	2.0043596700964295
107.246109	2.0043777960583147
107.25814	2.0043821639999795
107.25814	2.0043821639999795
107.25814	2.0043821639999795
107.25814	2.0043821639999795
107.25814	2.0043821639999795
107.25814	2.0043821639999795
107.25814	2.0043821639999795
107.25814	2.0043821639999795
107.25814	2.0043821639999795
107.25814	2.0043821639999795
107.318143	2.0044029098798331
107.366031	2.0044185655091384
107.378196	2.0044224620301745
107.378196	2.0044224620301745
107.39003	2.0044262196592073
107.39003	2.0044262196592073
107.39003	2.0044262196592073
107.39003	2.0044262196592073
107.438157	2.0044413748801255
107.438157	2.0044413748801255
107.45003	2.0044451000676609
107.45003	2.0044451000676609
107.474096	2.0044526646332459
107.48603	2.0044564324810734
107.498166	2.004460275863734
107.498166	2.004460275863734
107.498166	2.004460275863734
107.498166	2.004460275863734
107.498166	2.004460275863734
107.498166	2.004460275863734
107.558144	2.004479657676745
107.558144	2.004479657676745
107.558144	2.004479657676745
107.582031	2.004487607744692
107.582031	2.004487607744692
107.582031	2.004487607744692
107.618125	2.0044999271946731
107.618125	2.0044999271946731
107.618125	2.0044999271946731
107.642102	2.0045083375962212
107.642102	2.0045083375962212
107.642102	2.0045083375962212
107.678132	2.0045213366424064
107.678132	2.0045213366424064
107.678132	2.0045213366424064
107.678132	2.0045213366424064
107.714095	2.004534762767967
107.726031	2.004539311914538
107.738127	2.0045439613605205
107.738127	2.0045439613605205
107.738127	2.0045439613605205
107.738127	2.0045439613605205
107.738127	2.0045439613605205
107.738127	2.0045439613605205
107.798144	2.0045677146628598
107.798144	2.0045677146628598
107.810283	2.0045726414318437
107.822031	2.0045774263357852
107.822031	2.0045774263357852
107.846031	2.0045873024677721
107.858124	2.0045923089410498
107.858124	2.0045923089410498
107.858124	2.0045923089410498
107.858124	2.0045923089410498
107.894113	2.0046073174488783
107.894113	2.0046073174488783
107.918128	2.0046173733380188
107.918128	2.0046173733380188
107.918128	2.0046173733380188
107.918128	2.0046173733380188
107.918128	2.0046173733380188
107.966031	2.0046373879166457
107.978132	2.0046424145347306
107.978132	2.0046424145347306
107.978132	2.0046424145347306
107.978132	2.0046424145347306
107.978132	2.0046424145347306
107.978132	2.0046424145347306
107.978132	2.0046424145347306
107.978132	2.0046424145347306
108.038193	2.0046669335528371
108.062047	2.0046764053077513
108.062047	2.0046764053077513
108.086046	2.0046857287509643
108.098145	2.0046903603425981
108.098145	2.0046903603425981
108.098145	2.0046903603425981
108.098145	2.0046903603425981
108.134117	2.0047037189957884
108.134117	2.0047037189957884
108.134117	2.0047037189957884
108.134117	2.0047037189957884
108.158163	2.0047123324258926
108.182046	2.0047205871022116
108.182046	2.0047205871022116
108.182046	2.0047205871022116
108.218138	2.0047324906033253
108.218138	2.0047324906033253
108.230046	2.0047362430101554
108.230046	2.0047362430101554
108.254121	2.0047436303242994
108.254121	2.0047436303242994
108.278145	2.0047506884273729
108.278145	2.0047506884273729
108.278145	2.0047506884273729
108.302116	2.0047573973206974
108.302116	2.0047573973206974
108.302116	2.0047573973206974
108.338219	2.0047669191100828
108.338219	2.0047669191100828
108.338219	2.0047669191100828
108.338219	2.0047669191100828
108.374113	2.0047757109166384
108.386047	2.0047785017438398
108.398143	2.0047812755999641
108.398143	2.0047812755999641
108.398143	2.0047812755999641
108.398143	2.0047812755999641
108.434179	2.0047891353810514
108.434179	2.0047891353810514
108.458153	2.0047941106165177
108.458153	2.0047941106165177
108.47006	2.0047964978953909
108.47006	2.0047964978953909
108.494111	2.0048012201951364
108.494111	2.0048012201951364
108.518147	2.0048058039517986
108.518147	2.0048058039517986
108.518147	2.0048058039517986
108.518147	2.0048058039517986
108.518147	2.0048058039517986
108.518147	2.0048058039517986
108.578147	2.0048168314959791
108.578147	2.0048168314959791
108.578147	2.0048168314959791
108.578147	2.0048168314959791
108.614113	2.0048232983749483
108.626047	2.0048254463386042
108.638143	2.0048276282092532
108.638143	2.0048276282092532
108.638143	2.0048276282092532
108.638143	2.0048276282092532
108.674112	2.0048342133358239
108.686046	2.004836442950825
108.698215	2.0048387400357215
108.698215	2.0048387400357215
108.710046	2.0048410160324481
108.710046	2.0048410160324481
108.710046	2.0048410160324481
108.710046	2.0048410160324481
108.758141	2.0048505708728253
108.758141	2.0048505708728253
108.758141	2.0048505708728253
108.758141	2.0048505708728253
108.758141	2.0048505708728253
108.758141	2.0048505708728253
108.818141	2.0047404983464667
108.818141	2.0047404983464667
108.818141	2.0047404983464667
108.818141	2.0047404983464667
108.818141	2.0047404983464667
108.818141	2.0047404983464667
108.878145	2.0040805493710296
108.878145	2.0040805493710296
108.878145	2.0040805493710296
108.878145	2.0040805493710296
108.878145	2.0040805493710296
108.878145	2.0040805493710296
108.938143	2.0039335639729661
108.938143	2.0039335639729661
108.938143	2.0039335639729661
108.938143	2.0039335639729661
108.938143	2.0039335639729661
108.938143	2.0039335639729661
108.998163	2.0039625539035986
108.998163	2.0039625539035986
108.998163	2.0039625539035986
108.998163	2.0039625539035986
109.03411	2.003980371791001
109.03411	2.003980371791001
109.058163	2.0039925593407228
109.058178	2.0039925669605991
109.058178	2.0039925669605991
109.058178	2.0039925669605991
109.094195	2.0040109630250575
109.106061	2.0040170346400648
109.118155	2.0040232244352105
109.118155	2.0040232244352105
109.118155	2.0040232244352105
109.142061	2.0040354510200959
109.142061	2.0040354510200959
109.166062	2.0040476988827032
109.17816	2.0040538601009383
109.17816	2.0040538601009383
109.17816	2.0040538601009383
109.17816	2.0040538601009383
109.17816	2.0040538601009383
109.17816	2.0040538601009383
109.238158	2.0040842099446867
109.238158	2.0040842099446867
109.25008	2.0040901744281081
109.25008	2.0040901744281081
109.274139	2.004102140309338
109.286061	2.0041080217144041
109.298178	2.0041139717989904
109.298178	2.0041139717989904
109.298178	2.0041139717989904
109.298178	2.0041139717989904
109.334133	2.0041313794232773
109.334133	2.0041313794232773
109.358234	2.0041428600355364
109.358234	2.0041428600355364
109.370061	2.0041484181540485
109.370061	2.0041484181540485
109.394154	2.004159632123796
109.394154	2.004159632123796
109.418156	2.0041706273816424
109.418156	2.0041706273816424
109.418156	2.0041706273816424
109.418156	2.0041706273816424
109.418156	2.0041706273816424
109.418156	2.0041706273816424
109.478157	2.0041972835441997
109.478157	2.0041972835441997
109.478157	2.0041972835441997
109.478157	2.0041972835441997
109.478157	2.0041972835441997
109.478157	2.0041972835441997
109.53816	2.0042227881595402
109.53816	2.0042227881595402
109.550081	2.0042277137380844
109.550081	2.0042277137380844
109.550081	2.0042277137380844
109.586062	2.0042423629562625
109.598188	2.0042472238693421
109.598188	2.0042472238693421
109.598188	2.0042472238693421
109.598188	2.0042472238693421
109.598188	2.0042472238693421
109.646061	2.0042660190683783
109.646061	2.0042660190683783
109.646061	2.0042660190683783
109.646061	2.0042660190683783
109.658163	2.0042706943487905
109.694126	2.0042844025446076
109.694126	2.0042844025446076
109.718156	2.0042934486506492
109.718156	2.0042934486506492
109.718156	2.0042934486506492
109.718156	2.0042934486506492
109.718156	2.0042934486506492
109.718156	2.0042934486506492
109.778167	2.004315711285618
109.778167	2.004315711285618
109.790065	2.0043200836504926
109.802061	2.0043244870660635
109.802061	2.0043244870660635
109.802061	2.0043244870660635
109.838158	2.0043376927839001
109.838158	2.0043376927839001
109.838158	2.0043376927839001
109.838158	2.0043376927839001
109.838158	2.0043376927839001
109.838158	2.0043376927839001
109.898158	2.0043596142638966
109.898158	2.0043596142638966
109.898158	2.0043596142638966
109.898158	2.0043596142638966
109.934134	2.0043728001142869
109.934134	2.0043728001142869
109.958159	2.0043816395782152
109.958159	2.0043816395782152
109.958159	2.0043816395782152
109.982061	2.0043904719284713
109.994132	2.0043949493315383
109.994132	2.0043949493315383
110.018262	2.0044039271774361
110.018262	2.0044039271774361
110.018262	2.0044039271774361
110.018262	2.0044039271774361
110.018262	2.0044039271774361
110.018262	2.0044039271774361
110.078208	2.0044264311660434
110.078208	2.0044264311660434
110.078208	2.0044264311660434
110.078208	2.0044264311660434
110.078208	2.0044264311660434
110.078208	2.0044264311660434
110.138174	2.0044491977647887
110.138174	2.0044491977647887
110.138174	2.0044491977647887
110.138174	2.0044491977647887
110.138174	2.0044491977647887
110.138174	2.0044491977647887
110.198174	2.0044721503273126
110.198174	2.0044721503273126
110.210099	2.0044767214784778
110.222079	2.0044813137979585
110.222079	2.0044813137979585
110.222079	2.0044813137979585
110.258183	2.0044951421123427
110.258183	2.0044951421123427
110.270079	2.0044996879877739
110.270079	2.0044996879877739
110.294143	2.0045088644657341
110.294143	2.0045088644657341
110.318272	2.0045180263647393
110.318272	2.0045180263647393
110.318272	2.0045180263647393
110.318272	2.0045180263647393
110.318272	2.0045180263647393
110.366079	2.0045360007713517
110.378176	2.0045405085819445
110.378176	2.0045405085819445
110.39018	2.0045449517505483
110.39018	2.0045449517505483
110.39018	2.0045449517505483
110.39018	2.0045449517505483
110.438189	2.0045625094167252
110.438189	2.0045625094167252
110.438189	2.0045625094167252
110.46208	2.004571082804778
110.474145	2.0045753637306434
110.486079	2.0045795725397197
110.498174	2.0045838131056644
110.498174	2.0045838131056644
110.498174	2.0045838131056644
110.498174	2.0045838131056644
110.498174	2.0045838131056644
110.546152	2.0046002691164309
110.558181	2.0046043147938639
110.558181	2.0046043147938639
110.558181	2.0046043147938639
110.558181	2.0046043147938639
110.558181	2.0046043147938639
110.558181	2.0046043147938639
110.618175	2.0046238910223653
110.618175	2.0046238910223653
110.618175	2.0046238910223653
110.618175	2.0046238910223653
110.618175	2.0046238910223653
110.618175	2.0046238910223653
110.678251	2.0046425460870352
110.678251	2.0046425460870352
110.678251	2.0046425460870352
110.678251	2.0046425460870352
110.678251	2.0046425460870352
110.72608	2.0046567434688782
110.738173	2.0046602545854464
110.738173	2.0046602545854464
110.738173	2.0046602545854464
110.738173	2.0046602545854464
110.738173	2.0046602545854464
110.786083	2.004673822642173
110.798201	2.004677186496918
110.798201	2.004677186496918
110.798201	2.004677186496918
110.798201	2.004677186496918
110.798201	2.004677186496918
110.798201	2.004677186496918
110.858175	2.0046934305508355
110.858175	2.0046934305508355
110.858175	2.0046934305508355
110.858175	2.0046934305508355
110.858175	2.0046934305508355
110.90608	2.0047060311734546
110.918175	2.0047091753628909
110.918175	2.0047091753628909
110.918175	2.0047091753628909
110.918175	2.0047091753628909
110.95415	2.004718446125092
110.95415	2.004718446125092
110.978183	2.0047245958765791
110.978183	2.0047245958765791
110.978183	2.0047245958765791
111.00208	2.0047306856676839
111.014144	2.0047337538338006
111.014144	2.0047337538338006
111.038174	2.0047398614881331
111.038174	2.0047398614881331
111.038174	2.0047398614881331
111.038174	2.0047398614881331
111.038189	2.004739865299896
111.086094	2.0047520556755591
111.098207	2.0047551478146479
111.098207	2.0047551478146479
111.098207	2.0047551478146479
111.098207	2.0047551478146479
111.098207	2.0047551478146479
111.098207	2.0047551478146479
111.158192	2.0047705606980957
111.158192	2.0047705606980957
111.158192	2.0047705606980957
111.158192	2.0047705606980957
111.158192	2.0047705606980957
111.158192	2.0047705606980957
111.21819	2.0047861575133816
111.21819	2.0047861575133816
111.21819	2.0047861575133816
111.21819	2.0047861575133816
111.21819	2.0047861575133816
111.266094	2.0047987530155078
111.278191	2.0048019492183635
111.278191	2.0048019492183635
111.290094	2.0048050971986782
111.302094	2.0048082725195213
111.302094	2.0048082725195213
111.326094	2.0048146373064482
111.338265	2.0048178700741253
111.338265	2.0048178700741253
111.338265	2.0048178700741253
111.362114	2.0048242155563814
111.362114	2.0048242155563814
111.386095	2.0048306125905189
111.398226	2.004833855294327
111.398226	2.004833855294327
111.398226	2.004833855294327
111.398226	2.004833855294327
111.434158	2.0048434605157532
111.434158	2.0048434605157532
111.458191	2.0048498686346781
111.458191	2.0048498686346781
111.458191	2.0048498686346781
111.458191	2.0048498686346781
111.458191	2.0048498686346781
111.458191	2.0048498686346781
111.518189	2.0048657208330871
111.518189	2.0048657208330871
111.518189	2.0048657208330871
111.518189	2.0048657208330871
111.554163	2.0048750720777342
111.566095	2.0048781417219552
111.578192	2.0048812391949058
111.578192	2.0048812391949058
111.578192	2.0048812391949058
111.578192	2.0048812391949058
111.578192	2.0048812391949058
111.626094	2.0048932841870344
111.626094	2.0048932841870344
111.626094	2.0048932841870344
111.626094	2.0048932841870344
111.638298	2.004896301353285
111.67416	2.0049049988798098
111.67416	2.0049049988798098
111.698189	2.004910700663332
111.698189	2.004910700663332
111.698189	2.004910700663332
111.698189	2.004910700663332
111.698189	2.004910700663332
111.698189	2.004910700663332
111.758193	2.0049244232619863
111.758193	2.0049244232619863
111.758193	2.0049244232619863
111.782095	2.0049296804839316
111.794165	2.0049322849356956
111.806095	2.0049348335117698
111.818196	2.004937393694191
111.818196	2.004937393694191
111.818196	2.004937393694191
111.818196	2.004937393694191
111.818196	2.004937393694191
111.818196	2.004937393694191
111.878232	2.0049496214808524
111.878232	2.0049496214808524
111.878232	2.0049496214808524
111.878232	2.0049496214808524
111.914161	2.0049565952488053
111.926144	2.004958870011802
111.938206	2.0049611389046746
111.938206	2.0049611389046746
111.938206	2.0049611389046746
111.938206	2.0049611389046746
111.938206	2.0049611389046746
111.986094	2.0049698925745556
111.998265	2.0049720677347151
111.998265	2.0049720677347151
112.010114	2.0049741587082175
112.010114	2.0049741587082175
112.010114	2.0049741587082175
112.010114	2.0049741587082175
112.058199	2.0049824970436418
112.058199	2.0049824970436418
112.070095	2.0049845203432186
112.07011	2.0049845228903398
112.07011	2.0049845228903398
112.07011	2.0049845228903398
112.118203	2.004992609137823
112.118203	2.004992609137823
112.118203	2.004992609137823
112.14213	2.0049965840841231
112.14213	2.0049965840841231
112.14213	2.0049965840841231
112.178231	2.005002549488573
112.178231	2.005002549488573
112.178231	2.005002549488573
112.178231	2.005002549488573
112.214173	2.0050084787882989
112.22611	2.0050104508863806
112.238206	2.0050124512434024
112.238206	2.0050124512434024
112.238206	2.0050124512434024
112.238206	2.0050124512434024
112.238206	2.0050124512434024
112.238206	2.0050124512434024
112.298208	2.00502244802253
112.298208	2.00502244802253
112.310171	2.0050244619851076
112.310171	2.0050244619851076
112.310171	2.0050244619851076
112.310171	2.0050244619851076
112.358206	2.0050326200987163
112.358206	2.0050326200987163
112.370109	2.0050346656673188
112.370109	2.0050346656673188
112.370109	2.0050346656673188
112.370109	2.0050346656673188
112.418202	2.0050430139008752
112.418202	2.0050430139008752
112.418202	2.0050430139008752
112.418202	2.0050430139008752
112.418202	2.0050430139008752
112.46611	2.0049244900246346
112.478214	2.0046750816491303
112.478214	2.0046750816491303
112.478214	2.0046750816491303
112.478214	2.0046750816491303
112.478214	2.0046750816491303
112.478214	2.0046750816491303
112.538296	1.9989448597013764
112.538296	1.9989448597013764
112.538296	1.9989448597013764
112.538296	1.9989448597013764
112.538296	1.9989448597013764
112.538296	1.9989448597013764
112.598238	1.9934403442259918
112.598238	1.9934403442259918
112.598238	1.9934403442259918
112.598238	1.9934403442259918
112.598238	1.9934403442259918
112.598238	1.9934403442259918
112.658311	1.9925690462174981
112.658311	1.9925690462174981
112.658311	1.9925690462174981
112.658311	1.9925690462174981
112.694192	1.9924884218729819
112.694192	1.9924884218729819
112.718204	1.9924591401368117
112.718204	1.9924591401368117
112.718204	1.9924591401368117
112.718204	1.9924591401368117
112.718204	1.9924591401368117
112.766109	1.9924817980627894
112.778207	1.9926001618919591
112.778207	1.9926001618919591
112.778207	1.9926001618919591
112.778207	1.9926001618919591
112.778207	1.9926001618919591
112.778207	1.9926001618919591
112.83821	1.9956233236914231
112.83821	1.9956233236914231
112.83821	1.9956233236914231
112.862109	1.9971266970823187
112.862109	1.9971266970823187
112.862109	1.9971266970823187
112.898204	1.9986151308026854
112.898204	1.9986151308026854
112.898204	1.9986151308026854
112.898204	1.9986151308026854
112.898204	1.9986151308026854
112.946109	1.9991853217513045
112.958209	1.9992622277064049
112.958209	1.9992622277064049
112.958209	1.9992622277064049
112.98211	1.9993879495561895
112.98211	1.9993879495561895
112.98211	1.9993879495561895
113.018204	1.9995641901616437
113.018204	1.9995641901616437
113.018204	1.9995641901616437
113.018204	1.9995641901616437
113.054269	1.9997367199643385
113.066109	1.9997940864408921
113.078224	1.999853574452531
113.078239	1.9998536481066931
113.078239	1.9998536481066931
113.078239	1.9998536481066931
113.114188	2.0000456946668872
113.114188	2.0000456946668872
113.138219	2.0001787694368964
113.138219	2.0001787694368964
113.138219	2.0001787694368964
113.138219	2.0001787694368964
113.138219	2.0001787694368964
113.138219	2.0001787694368964
113.198223	2.0004658562027831
113.198223	2.0004658562027831
113.210124	2.0005002139774648
113.210124	2.0005002139774648
113.210124	2.0005002139774648
113.210124	2.0005002139774648
113.258222	2.0006181960435936
113.258222	2.0006181960435936
113.258222	2.0006181960435936
113.282124	2.0006711558613541
113.282124	2.0006711558613541
113.282124	2.0006711558613541
113.318321	2.0007494335513143
113.318321	2.0007494335513143
113.318321	2.0007494335513143
113.318321	2.0007494335513143
113.318321	2.0007494335513143
113.318321	2.0007494335513143
113.378245	2.0008756454016714
113.378245	2.0008756454016714
113.378245	2.0008756454016714
113.378245	2.0008756454016714
113.378245	2.0008756454016714
113.378245	2.0008756454016714
113.438228	2.0009963643570825
113.438228	2.0009963643570825
113.45021	2.0010195069280616
113.45021	2.0010195069280616
113.45021	2.0010195069280616
113.45021	2.0010195069280616
113.498241	2.0011091065869882
113.498241	2.0011091065869882
113.498241	2.0011091065869882
113.498241	2.0011091065869882
113.534195	2.0011718911158063
113.546125	2.0011918948483469
113.558224	2.0012118239105026
113.558224	2.0012118239105026
113.558224	2.0012118239105026
113.558224	2.0012118239105026
113.558224	2.0012118239105026
113.558224	2.0012118239105026
113.558224	2.0012118239105026
113.558224	2.0012118239105026
113.558224	2.0012118239105026
113.558224	2.0012118239105026
113.558224	2.0012118239105026
113.618222	2.0013034486689247
113.678221	2.0013837707841624
113.678221	2.0013837707841624
113.678221	2.0013837707841624
113.702124	2.0014127569525391
113.702124	2.0014127569525391
113.726124	2.0014402053220826
113.738218	2.0014535598499648
113.738218	2.0014535598499648
113.738218	2.0014535598499648
113.738218	2.0014535598499648
113.738218	2.0014535598499648
113.786125	2.0015027331122006
113.79822	2.0015144343942297
113.79822	2.0015144343942297
113.79822	2.0015144343942297
113.79822	2.0015144343942297
113.834188	2.0015475303978403
113.846217	2.0015581837124885
113.858227	2.0015686675306013
113.858227	2.0015686675306013
113.858227	2.0015686675306013
113.882167	2.0015890738210333
113.894191	2.0015991421287405
113.906125	2.0016090752013538
113.918219	2.0016190839015504
113.918219	2.0016190839015504
113.918219	2.0016190839015504
113.942124	2.0016387679041263
113.942124	2.0016387679041263
113.966124	2.0016585722851636
113.978314	2.0016686838809927
113.978314	2.0016686838809927
113.990124	2.0016785889234745
114.002124	2.0016887044501588
114.002124	2.0016887044501588
114.026124	2.0017093612097994
114.03822	2.0017199505170953
114.03822	2.0017199505170953
114.050243	2.001730719771416
114.050243	2.001730719771416
114.050243	2.001730719771416
114.050243	2.001730719771416
114.098247	2.0017754955280664
114.098247	2.0017754955280664
114.110247	2.0017873257396857
114.110247	2.0017873257396857
114.110247	2.0017873257396857
114.110247	2.0017873257396857
114.158252	2.001836925212964
114.158252	2.001836925212964
114.158252	2.001836925212964
114.158252	2.001836925212964
114.158252	2.001836925212964
114.206139	2.0018908782204003
114.218235	2.0019051480739987
114.218235	2.0019051480739987
114.218235	2.0019051480739987
114.218235	2.0019051480739987
114.218235	2.0019051480739987
114.266138	2.001964630913784
114.278326	2.001980370099373
114.278326	2.001980370099373
114.278326	2.001980370099373
114.278326	2.001980370099373
114.278326	2.001980370099373
114.278326	2.001980370099373
114.338239	2.002061412687631
114.338239	2.002061412687631
114.338239	2.002061412687631
114.338239	2.002061412687631
114.338239	2.002061412687631
114.338239	2.002061412687631
114.398232	2.0021470231389453
114.398232	2.0021470231389453
114.398232	2.0021470231389453
114.398232	2.0021470231389453
114.434206	2.0021996213777733
114.446139	2.0022171530523982
114.458259	2.0022349782494455
114.458259	2.0022349782494455
114.458259	2.0022349782494455
114.458259	2.0022349782494455
114.494202	2.002287691293839
114.494202	2.002287691293839
114.518251	2.0023226576092092
114.518251	2.0023226576092092
114.530138	2.0023397444817146
114.530138	2.0023397444817146
114.530138	2.0023397444817146
114.530138	2.0023397444817146
114.578238	2.0024075094435188
114.578238	2.0024075094435188
114.578238	2.0024075094435188
114.578238	2.0024075094435188
114.578238	2.0024075094435188
114.578238	2.0024075094435188
114.638316	2.002487241590071
114.638316	2.002487241590071
114.638316	2.002487241590071
114.638316	2.002487241590071
114.638316	2.002487241590071
114.638316	2.002487241590071
114.698233	2.0025595571562329
114.698233	2.0025595571562329
114.698233	2.0025595571562329
114.698233	2.0025595571562329
114.734209	2.0025988773291856
114.746138	2.0026112199947219
114.758239	2.0026234439261588
114.758239	2.0026234439261588
114.770227	2.0026350318388157
114.770227	2.0026350318388157
114.770227	2.0026350318388157
114.806141	2.0026678334101295
114.806141	2.0026678334101295
114.806141	2.0026678334101295
114.806141	2.0026678334101295
114.806141	2.0026678334101295
114.806141	2.0026678334101295
114.818233	2.0026782028267638
114.878238	2.0027240571806475
114.878238	2.0027240571806475
114.878238	2.0027240571806475
114.878238	2.0027240571806475
114.878238	2.0027240571806475
114.878238	2.0027240571806475
114.938236	2.0024683599341877
114.938236	2.0024683599341877
114.938236	2.0024683599341877
114.938236	2.0024683599341877
114.938236	2.0024683599341877
114.986139	2.0019769944537096
114.998237	2.0019140589401454
114.998237	2.0019140589401454
114.998237	2.0019140589401454
114.998237	2.0019140589401454
114.998237	2.0019140589401454
114.998237	2.0019140589401454
114.998237	2.0019140589401454
114.998237	2.0019140589401454
115.058257	2.0019286143589956
115.082139	2.0019431204512785
115.082155	2.0019431300879638
115.106154	2.0019577044200974
115.106154	2.0019577044200974
115.106154	2.0019577044200974
115.106154	2.0019577044200974
115.106154	2.0019577044200974
115.106154	2.0019577044200974
115.118254	2.0019652279236149
115.178288	2.0020043732355171
115.178288	2.0020043732355171
115.178288	2.0020043732355171
115.178288	2.0020043732355171
115.214227	2.002029250605609
115.226155	2.0020378143493525
115.23825	2.0020466396193117
115.23825	2.0020466396193117
115.250154	2.00205560490773
115.250154	2.00205560490773
115.250154	2.00205560490773
115.250154	2.00205560490773
115.298341	2.0020938735603728
115.298341	2.0020938735603728
115.298341	2.0020938735603728
115.298341	2.0020938735603728
115.334228	2.0021251002027829
115.334228	2.0021251002027829
115.358256	2.0021472704610974
115.358256	2.0021472704610974
115.358256	2.0021472704610974
115.382155	2.002170460061989
115.382155	2.002170460061989
115.406154	2.0021948824189351
115.418247	2.0022075300337789
115.418247	2.0022075300337789
115.418247	2.0022075300337789
115.418247	2.0022075300337789
115.454232	2.0022469250372894
115.454232	2.0022469250372894
115.478262	2.002274396444645
115.478262	2.002274396444645
115.478262	2.002274396444645
115.478262	2.002274396444645
115.478262	2.002274396444645
115.478262	2.002274396444645
115.538272	2.0023468436235157
115.538272	2.0023468436235157
115.538272	2.0023468436235157
115.538272	2.0023468436235157
115.574234	2.0023922755341594
115.574234	2.0023922755341594
115.598252	2.0024231406425246
115.598252	2.0024231406425246
115.610154	2.0024385687410171
115.622155	2.0024541529773998
115.634219	2.0024698707763706
115.634219	2.0024698707763706
115.658252	2.0025011986073107
115.658252	2.0025011986073107
115.670176	2.0025167080628656
115.682154	2.002532264284139
115.682154	2.002532264284139
115.682154	2.002532264284139
115.718269	2.0025787052515511
115.718269	2.0025787052515511
115.718269	2.0025787052515511
115.718269	2.0025787052515511
115.718269	2.0025787052515511
115.718269	2.0025787052515511
115.778255	2.0026532379843824
115.778255	2.0026532379843824
115.778255	2.0026532379843824
115.802175	2.0026816389198587
115.802175	2.0026816389198587
115.802175	2.0026816389198587
115.83825	2.0027226890603327
115.83825	2.0027226890603327
115.83825	2.0027226890603327
115.83825	2.0027226890603327
115.874225	2.002761113674187
115.886154	2.0027732790715715
115.898247	2.0027853628627925
115.898247	2.0027853628627925
115.898247	2.0027853628627925
115.898247	2.0027853628627925
115.898247	2.0027853628627925
115.898247	2.0027853628627925
115.958348	2.002840274574551
115.958348	2.002840274574551
115.958348	2.002840274574551
115.958348	2.002840274574551
115.958348	2.002840274574551
115.958348	2.002840274574551
116.01825	2.0027878096230682
116.01825	2.0027878096230682
116.01825	2.0027878096230682
116.01825	2.0027878096230682
116.01825	2.0027878096230682
116.01825	2.0027878096230682
116.078253	2.002214412224427
116.078253	2.002214412224427
116.090227	2.0021473198172042
116.10217	2.0021009159857743
116.10217	2.0021009159857743
116.10217	2.0021009159857743
116.138282	2.0021149123131834
116.138282	2.0021149123131834
116.138282	2.0021149123131834
116.16217	2.0021287565793298
116.174234	2.0021343552323865
116.186171	2.0021398298863433
116.198283	2.0021453231180542
116.198283	2.0021453231180542
116.210171	2.0021508407436448
116.210171	2.0021508407436448
116.210171	2.0021508407436448
116.24617	2.0021678328085435
116.25831	2.0021736117734057
116.25831	2.0021736117734057
116.25831	2.0021736117734057
116.25831	2.0021736117734057
116.294234	2.0021907887654904
116.294234	2.0021907887654904
116.318283	2.0022024546360644
116.318283	2.0022024546360644
116.33019	2.0022083623717752
116.33019	2.0022083623717752
116.33019	2.0022083623717752
116.33019	2.0022083623717752
116.378274	2.0022331324049136
116.378274	2.0022331324049136
116.378274	2.0022331324049136
116.402188	2.0022444651052265
116.414236	2.0022367554367322
116.426171	2.0022194789867158
116.438266	2.002192846872608
116.438266	2.002192846872608
116.438266	2.002192846872608
116.438266	2.002192846872608
116.438266	2.002192846872608
116.486255	2.0020637706245235
116.498268	2.0020535896085807
116.498268	2.0020535896085807
116.498268	2.0020535896085807
116.522174	2.0020694080830888
116.522174	2.0020694080830888
116.522174	2.0020694080830888
116.558267	2.0020980918231119
116.558267	2.0020980918231119
116.558267	2.0020980918231119
116.558267	2.0020980918231119
116.594252	2.0021239320909037
116.594252	2.0021239320909037
116.618344	2.0021430667118101
116.618344	2.0021430667118101
116.63017	2.0021531901587073
116.63017	2.0021531901587073
116.63017	2.0021531901587073
116.66617	2.0021857053445342
116.678275	2.0021971759338215
116.678275	2.0021971759338215
116.678275	2.0021971759338215
116.678275	2.0021971759338215
116.714236	2.0022328559008229
116.714236	2.0022328559008229
116.738264	2.0022576820594051
116.738264	2.0022576820594051
116.738264	2.0022576820594051
116.738264	2.0022576820594051
116.738264	2.0022576820594051
116.738264	2.0022576820594051
116.798264	2.0022805797940726
116.798264	2.0022805797940726
116.798264	2.0022805797940726
116.798264	2.0022805797940726
116.798264	2.0022805797940726
116.798264	2.0022805797940726
116.85831	2.0005581659128202
116.85831	2.0005581659128202
116.85831	2.0005581659128202
116.85831	2.0005581659128202
116.85831	2.0005581659128202
116.85831	2.0005581659128202
116.918268	1.9992679410656988
116.918268	1.9992679410656988
116.918268	1.9992679410656988
116.918268	1.9992679410656988
116.954238	1.9993253412587411
116.954238	1.9993253412587411
116.978269	1.9993500854896045
116.978269	1.9993500854896045
116.978269	1.9993500854896045
117.00217	1.9993734277460995
117.014301	1.9993863800474529
117.02617	1.9993994262910062
117.038283	1.9994130929862768
117.038283	1.9994130929862768
117.038283	1.9994130929862768
117.06217	1.999440457898362
117.06217	1.999440457898362
117.06217	1.999440457898362
117.09828	1.9994814621724446
117.098296	1.9994814802294345
117.098296	1.9994814802294345
117.098296	1.9994814802294345
117.098296	1.9994814802294345
117.098296	1.9994814802294345
117.158285	1.9995472823493645
117.158285	1.9995472823493645
117.170186	1.9995599742875279
117.18219	1.9995727295874373
117.18219	1.9995727295874373
117.206187	1.9995980049394231
117.218283	1.9996106885813183
117.218283	1.9996106885813183
117.218283	1.9996106885813183
117.218283	1.9996106885813183
117.218283	1.9996106885813183
117.266186	1.9996603672101141
117.27836	1.9996728861972681
117.27836	1.9996728861972681
117.27836	1.9996728861972681
117.302186	1.9996972762161813
117.302186	1.9996972762161813
117.302186	1.9996972762161813
117.338281	1.9997341558778803
117.338281	1.9997341558778803
117.338281	1.9997341558778803
117.338281	1.9997341558778803
117.338281	1.9997341558778803
117.338281	1.9997341558778803
117.398287	1.9997962739694877
117.398287	1.9997962739694877
117.398287	1.9997962739694877
117.422186	1.9998215802233068
117.422186	1.9998215802233068
117.422186	1.9998215802233068
117.458283	1.9998607377033117
117.458283	1.9998607377033117
117.458283	1.9998607377033117
117.458283	1.9998607377033117
117.494255	1.9999012340032878
117.494255	1.9999012340032878
117.51828	1.9999291314687022
117.51828	1.9999291314687022
117.51828	1.9999291314687022
117.51828	1.9999291314687022
117.51828	1.9999291314687022
117.566186	1.9999873833469872
117.566186	1.9999873833469872
117.566186	1.9999873833469872
117.578288	2.0000026244295168
117.602187	2.0000335352978098
117.614269	2.0000495566934946
117.626186	2.0000655689979832
117.638311	2.0000820584563654
117.638311	2.0000820584563654
117.650186	2.0000985557358812
117.650186	2.0000985557358812
117.650186	2.0000985557358812
117.650186	2.0000985557358812
117.698281	2.0001674921800907
117.698281	2.0001674921800907
117.698281	2.0001674921800907
117.722186	2.0002031493506025
117.722186	2.0002031493506025
117.746207	2.0002398557105194
117.758319	2.0002586170219412
117.758319	2.0002586170219412
117.758319	2.0002586170219412
117.758319	2.0002586170219412
117.758319	2.0002586170219412
117.806257	2.0003347646328935
117.818282	2.0003541947643249
117.818282	2.0003541947643249
117.818282	2.0003541947643249
117.818282	2.0003541947643249
117.818282	2.0003541947643249
117.818282	2.0003541947643249
117.878305	2.0004529209295665
117.878305	2.0004529209295665
117.878305	2.0004529209295665
117.902187	2.0004926923634407
117.902187	2.0004926923634407
117.902187	2.0004926923634407
117.938348	2.0005530423751079
117.938348	2.0005530423751079
117.938348	2.0005530423751079
117.938348	2.0005530423751079
117.974254	2.0006127677398053
117.986186	2.0006325018001196
117.998283	2.0006524479647787
117.998283	2.0006524479647787
117.998283	2.0006524479647787
117.998283	2.0006524479647787
117.998283	2.0006524479647787
117.998283	2.0006524479647787
118.058299	2.0007495668249438
118.058299	2.0007495668249438
118.058299	2.0007495668249438
118.058299	2.0007495668249438
118.058299	2.0007495668249438
118.058299	2.0007495668249438
118.118304	2.0008426109524797
118.118304	2.0008426109524797
118.130201	2.0008604006017583
118.130201	2.0008604006017583
118.130201	2.0008604006017583
118.130201	2.0008604006017583
118.178316	2.0009303303645471
118.178316	2.0009303303645471
118.190201	2.0009469308363594
118.202271	2.0009636488437019
118.214266	2.000979914090685
118.214266	2.000979914090685
118.238393	2.0010119759479679
118.238393	2.0010119759479679
118.238393	2.0010119759479679
118.262201	2.0010425594578081
118.262201	2.0010425594578081
118.286202	2.0010723756986328
118.298301	2.0010871017426077
118.298301	2.0010871017426077
118.298301	2.0010871017426077
118.298301	2.0010871017426077
118.33434	2.001129384192966
118.346201	2.0011428759238923
118.358299	2.0011564677526699
118.358299	2.0011564677526699
118.358299	2.0011564677526699
118.382201	2.0011826608329093
118.382201	2.0011826608329093
118.406221	2.0012082415489343
118.418294	2.0012208934442648
118.418294	2.0012208934442648
118.430201	2.0012331666330483
118.442201	2.0012454636968378
118.454294	2.0012576879236565
118.454294	2.0012576879236565
118.478302	2.0012817011880255
118.478302	2.0012817011880255
118.490201	2.0012934485514267
118.502204	2.0013052610529729
118.514265	2.0013170490574699
118.526201	2.001328684422639
118.538337	2.0013404860992394
118.538337	2.0013404860992394
118.538337	2.0013404860992394
118.538337	2.0013404860992394
118.538337	2.0013404860992394
118.538337	2.0013404860992394
118.598365	2.0013989115815005
118.598365	2.0013989115815005
118.598365	2.0013989115815005
118.598365	2.0013989115815005
118.598365	2.0013989115815005
118.598365	2.0013989115815005
118.658306	2.0014584682223093
118.658306	2.0014584682223093
118.658306	2.0014584682223093
118.658306	2.0014584682223093
118.658306	2.0014584682223093
118.706202	2.0015078893503757
118.718315	2.0015206796535434
118.718315	2.0015206796535434
118.718315	2.0015206796535434
118.718315	2.0015206796535434
118.754271	2.0015596423046058
118.754271	2.0015596423046058
118.754271	2.0015596423046058
118.754271	2.0015596423046058
118.754271	2.0015596423046058
118.754271	2.0015596423046058
118.754271	2.0015596423046058
118.778298	2.0015864232613438
118.838294	2.0016562391364383
118.838294	2.0016562391364383
118.838294	2.0016562391364383
118.838294	2.0016562391364383
118.838294	2.0016562391364383
118.838294	2.0016562391364383
118.898299	2.001730113666782
118.898299	2.001730113666782
118.910201	2.0017452422028708
118.910201	2.0017452422028708
118.910201	2.0017452422028708
118.946201	2.0017916745269329
118.958301	2.0018075025269608
118.958301	2.0018075025269608
118.958301	2.0018075025269608
118.958301	2.0018075025269608
118.958301	2.0018075025269608
118.958301	2.0018075025269608
119.018299	2.0018874209124471
119.018299	2.0018874209124471
119.018299	2.0018874209124471
119.018299	2.0018874209124471
119.054276	2.0019360093738694
119.066233	2.0019521938449785
119.0783	2.0019685322514902
119.0783	2.0019685322514902
119.0783	2.0019685322514902
119.102201	2.0020008300388614
119.114305	2.0020171252053731
119.126296	2.0020332165224821
119.138315	2.0020492985204608
119.138315	2.0020492985204608
119.138315	2.0020492985204608
119.138315	2.0020492985204608
119.174283	2.0020968500696954
119.174283	2.0020968500696954
119.198331	2.0021281241011502
119.198331	2.0021281241011502
119.198331	2.0021281241011502
119.222219	2.002158617133178
119.222219	2.002158617133178
119.222219	2.002158617133178
119.258432	2.002203639642814
119.258432	2.002203639642814
119.270219	2.0022178908152619
119.282219	2.0022322959878229
119.282219	2.0022322959878229
119.30622	2.002260374995092
119.318332	2.0022742787158521
119.318332	2.0022742787158521
119.318332	2.0022742787158521
119.318332	2.0022742787158521
119.354287	2.0023140464447247
119.354287	2.0023140464447247
119.378319	2.0023395408555489
119.378319	2.0023395408555489
119.378319	2.0023395408555489
119.378319	2.0023395408555489
119.378319	2.0023395408555489
119.378319	2.0023395408555489
119.438313	2.0023989151110215
119.438313	2.0023989151110215
119.450242	2.0024099687868668
119.462239	2.0024209619412505
119.462239	2.0024209619412505
119.486219	2.0024421491560931
119.498313	2.0024525706721166
119.498313	2.0024525706721166
119.498313	2.0024525706721166
119.498313	2.0024525706721166
119.498313	2.0024525706721166
119.498313	2.0024525706721166
119.558374	2.0025011576827181
119.558374	2.0025011576827181
119.558374	2.0025011576827181
119.558374	2.0025011576827181
119.558374	2.0025011576827181
119.558374	2.0025011576827181
119.618313	2.0025454635331621
119.618313	2.0025454635331621
119.618313	2.0025454635331621
119.618313	2.0025454635331621
119.618313	2.0025454635331621
119.618313	2.0025454635331621
119.678338	2.002586883942358
119.678338	2.002586883942358
119.690242	2.0025948525520709
119.702219	2.0026028422466435
119.714285	2.0026108327531729
119.714285	2.0026108327531729
119.738314	2.0026266871562717
119.738314	2.0026266871562717
119.738314	2.0026266871562717
119.738314	2.0026266871562717
119.738314	2.0026266871562717
119.786291	2.0026486708540947
119.798336	2.0026379435970969
119.798336	2.0026379435970969
119.798336	2.0026379435970969
119.798336	2.0026379435970969
119.798336	2.0026379435970969
119.798336	2.0026379435970969
119.858319	2.0019857328428978
119.858319	2.0019857328428978
119.858319	2.0019857328428978
119.858319	2.0019857328428978
119.858319	2.0019857328428978
119.858319	2.0019857328428978
119.918413	2.0015017534593826
119.918413	2.0015017534593826
119.918413	2.0015017534593826
119.918413	2.0015017534593826
119.918413	2.0015017534593826
119.966219	2.0015526142474309
119.978314	2.0015665691691229
119.978314	2.0015665691691229
119.978314	2.0015665691691229
119.978314	2.0015665691691229
119.978314	2.0015665691691229
119.978314	2.0015665691691229
120.038335	2.0016382022004837
120.038335	2.0016382022004837
120.038335	2.0016382022004837
120.062226	2.0016676743287807
120.062226	2.0016676743287807
120.062226	2.0016676743287807
120.062226	2.0016676743287807
120.062242	2.0016676942839573
120.062242	2.0016676942839573
120.098312	2.001712906404165
120.134307	2.0017587728868906
120.134307	2.0017587728868906
120.158332	2.0017897069811075
120.158332	2.0017897069811075
120.158332	2.0017897069811075
120.158332	2.0017897069811075
120.194311	2.0018364454776334
120.194311	2.0018364454776334
120.21839	2.0018678994230807
120.21839	2.0018678994230807
120.21839	2.0018678994230807
120.21839	2.0018678994230807
120.21839	2.0018678994230807
120.21839	2.0018678994230807
120.21839	2.0018678994230807
120.21839	2.0018678994230807
120.21839	2.0018678994230807
120.278333	2.001946341197244
120.314367	2.0019931967278786
120.314367	2.0019931967278786
120.338362	2.0020241400447949
120.338362	2.0020241400447949
120.338362	2.0020241400447949
120.362235	2.0020546069510385
120.362235	2.0020546069510385
120.386235	2.0020848430731544
120.398328	2.0020999444034371
120.398328	2.0020999444034371
120.398328	2.0020999444034371
120.398328	2.0020999444034371
120.398328	2.0020999444034371
120.44631	2.0021584651360702
120.458335	2.0021728119030278
120.458335	2.0021728119030278
120.458335	2.0021728119030278
120.458335	2.0021728119030278
120.458335	2.0021728119030278
120.506235	2.0022282126566617
120.518346	2.0022418330660376
120.518346	2.0022418330660376
120.518346	2.0022418330660376
120.542235	2.0022680866086002
120.542235	2.0022680866086002
120.542235	2.0022680866086002
120.578403	2.0023064461750315
120.578403	2.0023064461750315
120.578403	2.0023064461750315
120.578403	2.0023064461750315
120.578403	2.0023064461750315
120.626236	2.0023544648586622
120.638334	2.0023661759697782
120.638334	2.0023661759697782
120.638334	2.0023661759697782
120.638334	2.0023661759697782
120.638334	2.0023661759697782
120.638334	2.0023661759697782
120.69833	2.002421313249263
120.69833	2.002421313249263
120.69833	2.002421313249263
120.69833	2.002421313249263
120.69833	2.002421313249263
120.69833	2.002421313249263
120.758331	2.0024722136023403
120.758331	2.0024722136023403
120.758331	2.0024722136023403
120.758331	2.0024722136023403
120.758331	2.0024722136023403
120.806235	2.0025102384156157
120.818328	2.0025195570962109
120.818328	2.0025195570962109
120.818328	2.0025195570962109
120.818328	2.0025195570962109
120.818328	2.0025195570962109
120.818328	2.0025195570962109
120.878435	2.0025643429755235
120.878435	2.0025643429755235
120.878435	2.0025643429755235
120.878435	2.0025643429755235
120.878435	2.0025643429755235
120.926235	2.0025987307700186
120.938337	2.0026073452823132
120.938337	2.0026073452823132
120.938337	2.0026073452823132
120.938337	2.0026073452823132
120.938337	2.0026073452823132
120.938337	2.0026073452823132
120.998331	2.0026498905764174
120.998331	2.0026498905764174
120.998331	2.0026498905764174
121.022235	2.0026669361669298
121.022235	2.0026669361669298
121.022235	2.0026669361669298
121.058343	2.0026929404918641
121.058343	2.0026929404918641
121.070235	2.0027016107089253
121.070235	2.0027016107089253
121.094296	2.0027192938131817
121.094296	2.0027192938131817
121.118353	2.0027372223840212
121.118369	2.0027372343428991
121.118369	2.0027372343428991
121.118369	2.0027372343428991
121.154318	2.0027645986335334
121.166251	2.0027738327715543
121.178367	2.0027832723010786
121.178367	2.0027832723010786
121.178367	2.0027832723010786
121.178367	2.0027832723010786
121.178367	2.0027832723010786
121.178367	2.0027832723010786
121.238414	2.0028313558315447
121.238414	2.0028313558315447
121.250251	2.002841089500754
121.250251	2.002841089500754
121.250251	2.002841089500754
121.286251	2.0028710759109529
121.298362	2.002881293851269
121.298362	2.002881293851269
121.298362	2.002881293851269
121.322251	2.0029016603751741
121.322251	2.0029016603751741
121.346251	2.0029223439539581
121.358347	2.0029328267777005
121.358347	2.0029328267777005
121.358347	2.0029328267777005
121.358347	2.0029328267777005
121.394323	2.002964243124413
121.394323	2.002964243124413
121.41835	2.0029853315446937
121.41835	2.0029853315446937
121.430251	2.0029957908417542
121.430251	2.0029957908417542
121.430251	2.0029957908417542
121.430251	2.0029957908417542
121.478352	2.0030379815277768
121.478352	2.0030379815277768
121.478352	2.0030379815277768
121.478352	2.0030379815277768
121.478352	2.0030379815277768
121.478352	2.0030379815277768
121.538349	2.003089842756216
121.538349	2.003089842756216
121.550251	2.0030999401918854
121.550251	2.0030999401918854
121.574316	2.0031201692134473
121.574316	2.0031201692134473
121.598345	2.0031400427878419
121.598345	2.0031400427878419
121.598345	2.0031400427878419
121.598345	2.0031400427878419
121.598345	2.0031400427878419
121.598345	2.0031400427878419
121.658369	2.0031878295122008
121.658369	2.0031878295122008
121.670254	2.0031969035090125
121.670254	2.0031969035090125
121.670254	2.0031969035090125
121.670254	2.0031969035090125
121.718344	2.003232409558942
121.718344	2.003232409558942
121.718344	2.003232409558942
121.718344	2.003232409558942
121.718344	2.003232409558942
121.718344	2.003232409558942
121.778349	2.0032734455921979
121.778349	2.0032734455921979
121.778349	2.0032734455921979
121.802331	2.0032888337981531
121.814318	2.0032962927258677
121.814318	2.0032962927258677
121.838353	2.0033108844054142
121.838353	2.0033108844054142
121.838353	2.0033108844054142
121.838353	2.0033108844054142
121.838353	2.0033108844054142
121.838353	2.0033108844054142
121.898422	2.0033448585451188
121.898422	2.0033448585451188
121.898422	2.0033448585451188
121.898422	2.0033448585451188
121.898422	2.0033448585451188
121.898422	2.0033448585451188
121.958357	2.003375631687867
121.958357	2.003375631687867
121.970303	2.0033814290963385
121.982251	2.0033871783161703
121.982251	2.0033871783161703
122.006251	2.0033984269560121
122.018346	2.0034040017445838
122.018346	2.0034040017445838
122.018346	2.0034040017445838
122.042251	2.0034148043815057
122.042251	2.0034148043815057
122.042251	2.0034148043815057
122.042251	2.0034148043815057
122.042251	2.0034148043815057
122.042251	2.0034148043815057
122.042251	2.0034148043815057
122.042251	2.0034148043815057
122.078348	2.0034307497546728
122.138434	2.0034567772583811
122.138434	2.0034567772583811
122.138434	2.0034567772583811
122.138434	2.0034567772583811
122.138434	2.0034567772583811
122.186287	2.0034775434627683
122.19837	2.0034828369190212
122.19837	2.0034828369190212
122.19837	2.0034828369190212
122.19837	2.0034828369190212
122.234331	2.0034988469588737
122.246267	2.0035042523096278
122.258382	2.003509779977048
122.258382	2.003509779977048
122.258382	2.003509779977048
122.258382	2.003509779977048
122.258382	2.003509779977048
122.306267	2.0035322974599694
122.318403	2.0035381573378688
122.318403	2.0035381573378688
122.318403	2.0035381573378688
122.318403	2.0035381573378688
122.318403	2.0035381573378688
122.318403	2.0035381573378688
122.318403	2.0035381573378688
122.318403	2.0035381573378688
122.318403	2.0035381573378688
122.318403	2.0035381573378688
122.318403	2.0035381573378688
122.378364	2.0035682865972766
122.438364	2.0036003081472189
122.438364	2.0036003081472189
122.438364	2.0036003081472189
122.438364	2.0036003081472189
122.47434	2.0036203573365294
122.486268	2.0036271245017416
122.498359	2.0036340307035325
122.498359	2.0036340307035325
122.498359	2.0036340307035325
122.498359	2.0036340307035325
122.498359	2.0036340307035325
122.498359	2.0036340307035325
122.558441	2.00366910023891
122.558441	2.00366910023891
122.558441	2.00366910023891
122.558441	2.00366910023891
122.594344	2.0036904351278335
122.594344	2.0036904351278335
122.618382	2.003704780159739
122.618382	2.003704780159739
122.618382	2.003704780159739
122.618382	2.003704780159739
122.618382	2.003704780159739
122.618382	2.003704780159739
122.678364	2.003740470195515
122.678364	2.003740470195515
122.678364	2.003740470195515
122.678364	2.003740470195515
122.678364	2.003740470195515
122.678364	2.003740470195515
122.738367	2.0025007446195615
122.738367	2.0025007446195615
122.750267	2.001935382654815
122.750267	2.001935382654815
122.750267	2.001935382654815
122.750267	2.001935382654815
122.798364	2.0000238753720776
122.798364	2.0000238753720776
122.798364	2.0000238753720776
122.798364	2.0000238753720776
122.798364	2.0000238753720776
122.798364	2.0000238753720776
122.858368	1.99998112221295
122.858368	1.99998112221295
122.870379	1.9999965253432053
122.870379	1.9999965253432053
122.870379	1.9999965253432053
122.870379	1.9999965253432053
122.91836	2.0000575009181176
122.91836	2.0000575009181176
122.91836	2.0000575009181176
122.91836	2.0000575009181176
122.91836	2.0000575009181176
122.966267	2.0001204517885434
122.978379	2.0001362485663914
122.978379	2.0001362485663914
122.978379	2.0001362485663914
122.978379	2.0001362485663914
122.978379	2.0001362485663914
122.978379	2.0001362485663914
123.038363	2.0002128087750988
123.038363	2.0002128087750988
123.038363	2.0002128087750988
123.038363	2.0002128087750988
123.038363	2.0002128087750988
123.038363	2.0002128087750988
123.098364	2.000287493827869
123.098364	2.000287493827869
123.098364	2.000287493827869
123.098364	2.000287493827869
123.134377	2.0003320552939665
123.146284	2.0003467852602057
123.158382	2.0003617525419588
123.158382	2.0003617525419588
123.158382	2.0003617525419588
123.158382	2.0003617525419588
123.194359	2.0004063599661612
123.206284	2.0004211985250668
123.218467	2.0004363859015162
123.218467	2.0004363859015162
123.230284	2.0004511881303593
123.230284	2.0004511881303593
123.230284	2.0004511881303593
123.266284	2.0004966143834162
123.278383	2.0005120160275167
123.278383	2.0005120160275167
123.278383	2.0005120160275167
123.278383	2.0005120160275167
123.314348	2.0005583899786292
123.326284	2.0005739690921978
123.338379	2.000589837002495
123.338379	2.000589837002495
123.338379	2.000589837002495
123.338379	2.000589837002495
123.338379	2.000589837002495
123.338379	2.000589837002495
123.398377	2.0006703282539511
123.398377	2.0006703282539511
123.398377	2.0006703282539511
123.422284	2.000703200246015
123.434366	2.0007200021533671
123.446285	2.0007366774464939
123.45838	2.0007536899954053
123.45838	2.0007536899954053
123.45838	2.0007536899954053
123.45838	2.0007536899954053
123.45838	2.0007536899954053
123.45838	2.0007536899954053
123.45838	2.0007536899954053
123.45838	2.0007536899954053
123.45838	2.0007536899954053
123.45838	2.0007536899954053
123.45838	2.0007536899954053
123.518422	2.000839863848733
123.578379	2.0009281212964476
123.578379	2.0009281212964476
123.578379	2.0009281212964476
123.602284	2.0009637438490486
123.614439	2.0009819226616004
123.626283	2.0009996580428058
123.638383	2.0010177963791977
123.638383	2.0010177963791977
123.650288	2.0010356564753988
123.662284	2.0010536534350933
123.674356	2.0010717563474816
123.674356	2.0010717563474816
123.698402	2.0011077518013844
123.698402	2.0011077518013844
123.698402	2.0011077518013844
123.698402	2.0011077518013844
123.734356	2.0011612277088964
123.734356	2.0011612277088964
123.758387	2.0011966640097549
123.758387	2.0011966640097549
123.758387	2.0011966640097549
123.758387	2.0011966640097549
123.758387	2.0011966640097549
123.758387	2.0011966640097549
123.818398	2.001283445489467
123.818398	2.001283445489467
123.818398	2.001283445489467
123.842284	2.0013171265224359
123.842284	2.0013171265224359
123.866284	2.0013503684857632
123.878481	2.0013670680435864
123.878481	2.0013670680435864
123.890284	2.0013829903988749
123.890284	2.0013829903988749
123.890284	2.0013829903988749
123.926303	2.0014306726677491
123.93838	2.001446328977889
123.93838	2.001446328977889
123.93838	2.001446328977889
123.93838	2.001446328977889
123.93838	2.001446328977889
123.986284	2.0015063626790308
123.998381	2.0015210842131164
123.998381	2.0015210842131164
123.998381	2.0015210842131164
124.022284	2.0015495083111632
124.034348	2.0015635395875613
124.034348	2.0015635395875613
124.034348	2.0015635395875613
124.034348	2.0015635395875613
124.034348	2.0015635395875613
124.034348	2.0015635395875613
124.034348	2.0015635395875613
124.058388	2.0015910163460227
124.11838	2.0016562782093246
124.11838	2.0016562782093246
124.142394	2.0016812021854791
124.142394	2.0016812021854791
124.154375	2.0016933917365067
124.154375	2.0016933917365067
124.178421	2.0017175039870381
124.178421	2.0017175039870381
124.178421	2.0017175039870381
124.178421	2.0017175039870381
124.178421	2.0017175039870381
124.226307	2.0017640346602272
124.238406	2.0017755578240255
124.238406	2.0017755578240255
124.238406	2.0017755578240255
124.238406	2.0017755578240255
124.238406	2.0017755578240255
124.238406	2.0017755578240255
124.238406	2.0017755578240255
124.238406	2.0017755578240255
124.238406	2.0017755578240255
124.238406	2.0017755578240255
124.238406	2.0017755578240255
124.298399	2.0018315202300281
124.358421	2.0018865188631536
124.358421	2.0018865188631536
124.358421	2.0018865188631536
124.358421	2.0018865188631536
124.358421	2.0018865188631536
124.358421	2.0018865188631536
124.358421	2.0018865188631536
124.358421	2.0018865188631536
124.358421	2.0018865188631536
124.358421	2.0018865188631536
124.418402	2.0019415717752116
124.466307	2.0019862789709739
124.478407	2.001997712780434
124.478407	2.001997712780434
124.490307	2.0020090636246977
124.490307	2.0020090636246977
124.490307	2.0020090636246977
124.490307	2.0020090636246977
124.538469	2.0020557251056932
124.538469	2.0020557251056932
124.538469	2.0020557251056932
124.538469	2.0020557251056932
124.574373	2.0020914836555685
124.586305	2.0021035501759989
124.598402	2.0021158585119951
124.598402	2.0021158585119951
124.610307	2.0021281057293976
124.610307	2.0021281057293976
124.610307	2.0021281057293976
124.610307	2.0021281057293976
124.658422	2.0021784041885824
124.658422	2.0021784041885824
124.658422	2.0021784041885824
124.658422	2.0021784041885824
124.658422	2.0021784041885824
124.658422	2.0021784041885824
124.658422	2.0021784041885824
124.658422	2.0021784041885824
124.658422	2.0021784041885824
124.718399	2.0022429643504043
124.754376	2.0022824509390174
124.766307	2.0022956316140861
124.778402	2.0023090232175806
124.778402	2.0023090232175806
124.778402	2.0023090232175806
124.778402	2.0023090232175806
124.814372	2.0023489928782134
124.826306	2.0023622665175194
124.826306	2.0023622665175194
124.826306	2.0023622665175194
124.838477	2.0023758027124559
124.862306	2.0024022485321864
124.862306	2.0024022485321864
124.886306	2.0024287550572391
124.886306	2.0024287550572391
124.886306	2.0024287550572391
124.886306	2.0024287550572391
124.886306	2.0024287550572391
124.886306	2.0024287550572391
124.898401	2.0024420593425196
124.958404	2.002506995962646
124.958404	2.002506995962646
124.97031	2.0025196236327272
124.97031	2.0025196236327272
124.994378	2.0024822574245147
125.006307	2.0023254383214848
125.0184	2.0020604632437413
125.0184	2.0020604632437413
125.0184	2.0020604632437413
125.0184	2.0020604632437413
125.0184	2.0020604632437413
125.066378	1.9998821087783674
125.078418	1.9992710967198146
125.078418	1.9992710967198146
125.078418	1.9992710967198146
125.078418	1.9992710967198146
125.078418	1.9992710967198146
125.126306	1.9986677107259938
125.1384	1.998694222317303
125.150324	1.9987194999487941
125.150324	1.9987194999487941
125.150324	1.9987194999487941
125.150324	1.9987194999487941
125.150324	1.9987194999487941
125.198506	1.998811509243724
125.198506	1.998811509243724
125.210324	1.998833702863084
125.210324	1.998833702863084
125.210324	1.998833702863084
125.246325	1.9989016339749706
125.258431	1.9989243903187728
125.258431	1.9989243903187728
125.258431	1.9989243903187728
125.258431	1.9989243903187728
125.258431	1.9989243903187728
125.306324	1.999012587054265
125.318469	1.9990345706385022
125.318469	1.9990345706385022
125.318469	1.9990345706385022
125.318469	1.9990345706385022
125.318469	1.9990345706385022
125.318469	1.9990345706385022
125.318469	1.9990345706385022
125.37844	1.9991410933870313
125.390325	1.9991619294486935
125.390325	1.9991619294486935
125.390325	1.9991619294486935
125.390325	1.9991619294486935
125.438505	1.9992460974487689
125.438505	1.9992460974487689
125.438505	1.9992460974487689
125.462395	1.9992877754418692
125.462395	1.9992877754418692
125.462395	1.9992877754418692
125.498427	1.9993508201222268
125.498427	1.9993508201222268
125.498427	1.9993508201222268
125.498427	1.9993508201222268
125.498427	1.9993508201222268
125.498427	1.9993508201222268
125.558424	1.999457052437674
125.558424	1.999457052437674
125.558424	1.999457052437674
125.558424	1.999457052437674
125.558424	1.999457052437674
125.558424	1.999457052437674
125.618419	1.9989752970295147
125.618419	1.9989752970295147
125.618419	1.9989752970295147
125.642325	1.9979258342940405
125.6544	1.997280107021439
125.6544	1.997280107021439
125.678421	1.9959806722149294
125.678421	1.9959806722149294
125.690324	1.9956209091776782
125.690324	1.9956209091776782
125.690324	1.9956209091776782
125.726399	1.9953332059936049
125.738422	1.9953713537239355
125.738422	1.9953713537239355
125.738422	1.9953713537239355
125.738422	1.9953713537239355
125.738422	1.9953713537239355
125.738422	1.9953713537239355
125.798418	1.9955812054945135
125.798418	1.9955812054945135
125.798418	1.9955812054945135
125.822323	1.9956649382139773
125.822323	1.9956649382139773
125.822323	1.9956649382139773
125.858492	1.9957920802970384
125.858492	1.9957920802970384
125.858492	1.9957920802970384
125.858492	1.9957920802970384
125.858492	1.9957920802970384
125.858492	1.9957920802970384
125.918421	1.9960016871141051
125.918421	1.9960016871141051
125.918421	1.9960016871141051
125.918421	1.9960016871141051
125.918421	1.9960016871141051
125.966323	1.9961675270453405
125.978437	1.9962092082066096
125.978437	1.9962092082066096
125.990394	1.9962501731271349
125.990394	1.9962501731271349
125.990394	1.9962501731271349
125.990394	1.9962501731271349
126.038427	1.9964135475005664
126.038427	1.9964135475005664
126.050324	1.9964535823998775
126.062324	1.9964938701145925
126.062324	1.9964938701145925
126.086324	1.9965737982449021
126.098418	1.99661383874572
126.098418	1.99661383874572
126.098418	1.99661383874572
126.122394	1.9966925165678566
126.122394	1.9966925165678566
126.122394	1.9966925165678566
126.158508	1.9968094264290399
126.158508	1.9968094264290399
126.158508	1.9968094264290399
126.158508	1.9968094264290399
126.158508	1.9968094264290399
126.158508	1.9968094264290399
126.218437	1.9969987467045227
126.218437	1.9969987467045227
126.218437	1.9969987467045227
126.218437	1.9969987467045227
126.254492	1.9971096111508084
126.26634	1.9971455430500298
126.278454	1.9971820784457053
126.278454	1.9971820784457053
126.278454	1.9971820784457053
126.278454	1.9971820784457053
126.278454	1.9971820784457053
126.278454	1.9971820784457053
126.338435	1.9973587774082615
126.338435	1.9973587774082615
126.338435	1.9973587774082615
126.338435	1.9973587774082615
126.338435	1.9973587774082615
126.338435	1.9973587774082615
126.398438	1.9975290489395554
126.398438	1.9975290489395554
126.41034	1.997562013888899
126.422435	1.9975953773278967
126.434407	1.9976280815821439
126.434407	1.9976280815821439
126.458464	1.9976932009871378
126.458464	1.9976932009871378
126.458464	1.9976932009871378
126.458464	1.9976932009871378
126.494404	1.9977812451468864
126.50634	1.9977934663488983
126.518518	1.9977941712424419
126.518518	1.9977941712424419
126.518518	1.9977941712424419
126.518518	1.9977941712424419
126.518518	1.9977941712424419
126.56634	1.9976769842956312
126.56634	1.9976769842956312
126.578459	1.9976404772242216
126.590539	1.9976332098795608
126.590539	1.9976332098795608
126.590539	1.9976332098795608
126.590539	1.9976332098795608
126.638438	1.9977220122974984
126.638438	1.9977220122974984
126.638438	1.9977220122974984
126.638438	1.9977220122974984
126.638438	1.9977220122974984
126.638438	1.9977220122974984
126.698444	1.9978780751209386
126.698444	1.9978780751209386
126.698444	1.9978780751209386
126.698444	1.9978780751209386
126.698444	1.9978780751209386
126.698444	1.9978780751209386
126.758444	1.9980317477929481
126.758444	1.9980317477929481
126.758444	1.9980317477929481
126.758444	1.9980317477929481
126.758444	1.9980317477929481
126.758444	1.9980317477929481
126.818438	1.9981838042423303
126.818438	1.9981838042423303
126.818438	1.9981838042423303
126.818438	1.9981838042423303
126.818438	1.9981838042423303
126.86634	1.9983043124252877
126.878464	1.9983347237766313
126.878464	1.9983347237766313
126.878464	1.9983347237766313
126.878464	1.9983347237766313
126.878464	1.9983347237766313
126.878464	1.9983347237766313
126.938435	1.9984846629596098
126.938435	1.9984846629596098
126.938435	1.9984846629596098
126.938435	1.9984846629596098
126.974405	1.9985742234139665
126.974405	1.9985742234139665
126.99844	1.9986339076775239
126.99844	1.9986339076775239
126.99844	1.9986339076775239
126.99844	1.9986339076775239
126.99844	1.9986339076775239
126.99844	1.9986339076775239
127.05844	1.9987821656294811
127.05844	1.9987821656294811
127.07034	1.998811405497436
127.082428	1.9988410735774371
127.094407	1.9988703898666194
127.094407	1.9988703898666194
127.118434	1.9989290089391409
127.118434	1.9989290089391409
127.118434	1.9989290089391409
127.118434	1.9989290089391409
127.154409	1.9990161371075632
127.166355	1.9990448893026256
127.178527	1.9990741082258765
127.178527	1.9990741082258765
127.178527	1.9990741082258765
127.202354	1.9991309357101081
127.202354	1.9991309357101081
127.202354	1.9991309357101081
127.238464	1.9992161769945744
127.238464	1.9992161769945744
127.238464	1.9992161769945744
127.238464	1.9992161769945744
127.238464	1.9992161769945744
127.238464	1.9992161769945744
127.29845	1.9993550081957934
127.29845	1.9993550081957934
127.29845	1.9993550081957934
127.29845	1.9993550081957934
127.29845	1.9993550081957934
127.346359	1.9994630067876478
127.35846	1.999489892907369
127.35846	1.999489892907369
127.35846	1.999489892907369
127.35846	1.999489892907369
127.35846	1.999489892907369
127.35846	1.999489892907369
127.418469	1.999620252461306
127.418469	1.999620252461306
127.418469	1.999620252461306
127.418469	1.999620252461306
127.418469	1.999620252461306
127.418469	1.999620252461306
127.418469	1.999620252461306
127.418469	1.999620252461306
127.418469	1.999620252461306
127.418469	1.999620252461306
127.418469	1.999620252461306
127.478455	1.999745699267353
127.53845	1.9998661018421031
127.53845	1.9998661018421031
127.53845	1.9998661018421031
127.53845	1.9998661018421031
127.53845	1.9998661018421031
127.586393	1.9999587331842883
127.59845	1.9999816052015331
127.59845	1.9999816052015331
127.59845	1.9999816052015331
127.59845	1.9999816052015331
127.59845	1.9999816052015331
127.646355	2.0000705055042505
127.658474	2.0000926005735273
127.658474	2.0000926005735273
127.670356	2.0001140267378794
127.670356	2.0001140267378794
127.670356	2.0001140267378794
127.706427	2.0001782568997584
127.718451	2.0001993936620637
127.718451	2.0001993936620637
127.718451	2.0001993936620637
127.718451	2.0001993936620637
127.754441	2.0002617303217671
127.754441	2.0002617303217671
127.778479	2.0003027288141917
127.778479	2.0003027288141917
127.778479	2.0003027288141917
127.802356	2.0003144862854922
127.802356	2.0003144862854922
127.802356	2.0003144862854922
127.838526	2.0001206460747571
127.838526	2.0001206460747571
127.838526	2.0001206460747571
127.862356	1.999900070669103
127.862356	1.999900070669103
127.886357	1.9997073998068782
127.898455	1.9996613931810525
127.898455	1.9996613931810525
127.898455	1.9996613931810525
127.898455	1.9996613931810525
127.934427	1.9997025680849112
127.934427	1.9997025680849112
127.958454	1.9997467181487771
127.958454	1.9997467181487771
127.958454	1.9997467181487771
127.958454	1.9997467181487771
127.958454	1.9997467181487771
127.958454	1.9997467181487771
128.018449	1.9998519129787431
128.018449	1.9998519129787431
128.018449	1.9998519129787431
128.018449	1.9998519129787431
128.018449	1.9998519129787431
128.066361	1.9999368530578681
128.078452	1.9999583030194705
128.078452	1.9999583030194705
128.078452	1.9999583030194705
128.078452	1.9999583030194705
128.078452	1.9999583030194705
128.078452	1.9999583030194705
128.078452	1.9999583030194705
128.078452	1.9999583030194705
128.078469	1.9999583331782125
128.138454	2.0000646207047654
128.174438	2.0001284158528518
128.174438	2.0001284158528518
128.198469	2.0001409307440667
128.198469	2.0001409307440667
128.210373	2.0000869600681446
128.210373	2.0000869600681446
128.210373	2.0000869600681446
128.210373	2.0000869600681446
128.25847	1.999595892928282
128.25847	1.999595892928282
128.27049	1.9994417701653349
128.282374	1.9993057830671863
128.282374	1.9993057830671863
128.282374	1.9993057830671863
128.318507	1.9992113852982458
128.318507	1.9992113852982458
128.318507	1.9992113852982458
128.318507	1.9992113852982458
128.318507	1.9992113852982458
128.318507	1.9992113852982458
128.37847	1.9993395215687773
128.37847	1.9993395215687773
128.37847	1.9993395215687773
128.37847	1.9993395215687773
128.414439	1.9994190209576477
128.414439	1.9994190209576477
128.438468	1.9994716700623563
128.438468	1.9994716700623563
128.438468	1.9994716700623563
128.462373	1.9995235565119216
128.474446	1.9995495325671711
128.486373	1.9995474203677428
128.498556	1.9995205384559498
128.498556	1.9995205384559498
128.510373	1.9992954062644439
128.510373	1.9992954062644439
128.510373	1.9992954062644439
128.546373	1.9979405825929493
128.558472	1.9973289907130274
128.558472	1.9973289907130274
128.558472	1.9973289907130274
128.582373	1.9961653214614512
128.582373	1.9961653214614512
128.582373	1.9961653214614512
128.618468	1.9957157616453083
128.618468	1.9957157616453083
128.618468	1.9957157616453083
128.618468	1.9957157616453083
128.618468	1.9957157616453083
128.618468	1.9957157616453083
128.678468	1.9958940329070409
128.678468	1.9958940329070409
128.678468	1.9958940329070409
128.678468	1.9958940329070409
128.678468	1.9958940329070409
128.726406	1.9960313888118923
128.73847	1.9960664315095067
128.73847	1.9960664315095067
128.73847	1.9960664315095067
128.73847	1.9960664315095067
128.77446	1.9961705973328663
128.786373	1.996204836280238
128.798475	1.9962395143751921
128.798475	1.9962395143751921
128.798475	1.9962395143751921
128.822373	1.9963075723326806
128.834438	1.9963417408708375
128.846374	1.9963754478152016
128.858486	1.9964095665423016
128.858486	1.9964095665423016
128.858486	1.9964095665423016
128.882373	1.9964765295052225
128.894507	1.9965104220771814
128.906372	1.996543514527936
128.918466	1.996577202839525
128.918466	1.996577202839525
128.930376	1.9966103131252881
128.930376	1.9966103131252881
128.930376	1.9966103131252881
128.930376	1.9966103131252881
128.978469	1.996743717313771
128.978469	1.996743717313771
128.978469	1.996743717313771
128.978469	1.996743717313771
129.014437	1.9968433064357525
129.014437	1.9968433064357525
129.038494	1.9969099293055221
129.038494	1.9969099293055221
129.038494	1.9969099293055221
129.038494	1.9969099293055221
129.074448	1.9970096309880119
129.086373	1.9970427466313485
129.098469	1.9970763576097306
129.098469	1.9970763576097306
129.098469	1.9970763576097306
129.098469	1.9970763576097306
129.098469	1.9970763576097306
129.098469	1.9970763576097306
129.158538	1.9972437754265817
129.158555	1.9972438228946738
129.158555	1.9972438228946738
129.158555	1.9972438228946738
129.194471	1.9973443309525736
129.20639	1.9973777364728988
129.218489	1.9974116650656331
129.218489	1.9974116650656331
129.218489	1.9974116650656331
129.242397	1.9974787774852683
129.242397	1.9974787774852683
129.242397	1.9974787774852683
129.278512	1.9975802484396816
129.278512	1.9975802484396816
129.278512	1.9975802484396816
129.278512	1.9975802484396816
129.278512	1.9975802484396816
129.278512	1.9975802484396816
129.338483	1.9977486077675146
129.338483	1.9977486077675146
129.35039	1.997781939981458
129.36239	1.9978155068479186
129.36239	1.9978155068479186
129.386411	1.9978825005379222
129.398485	1.9979160929132853
129.398485	1.9979160929132853
129.398485	1.9979160929132853
129.42246	1.9979825025135582
129.434457	1.9980155770819632
129.434457	1.9980155770819632
129.45853	1.9980816503390526
129.45853	1.9980816503390526
129.45853	1.9980816503390526
129.45853	1.9980816503390526
129.45853	1.9980816503390526
129.45853	1.9980816503390526
129.518486	1.9982437581448886
129.518486	1.9982437581448886
129.518486	1.9982437581448886
129.518486	1.9982437581448886
129.518486	1.9982437581448886
129.56639	1.9983701938030964
129.578486	1.9984016770736523
129.578486	1.9984016770736523
129.578486	1.9984016770736523
129.578486	1.9984016770736523
129.578486	1.9984016770736523
129.62639	1.9985239558682251
129.638483	1.9985543047477228
129.638483	1.9985543047477228
129.638483	1.9985543047477228
129.638483	1.9985543047477228
129.638483	1.9985543047477228
129.638483	1.9985543047477228
129.698486	1.9987009834803673
129.698486	1.9987009834803673
129.698486	1.9987009834803673
129.698486	1.9987009834803673
129.73448	1.998785903646118
129.74639	1.998813505156807
129.758485	1.998841336197259
129.758485	1.998841336197259
129.758485	1.998841336197259
129.758485	1.998841336197259
129.758485	1.998841336197259
129.80639	1.998948780347209
129.818563	1.998975512688846
129.818563	1.998975512688846
129.818563	1.998975512688846
129.818563	1.998975512688846
129.818563	1.998975512688846
129.818563	1.998975512688846
129.878486	1.9991033197888326
129.878486	1.9991033197888326
129.89039	1.9991279923663468
129.89039	1.9991279923663468
129.89039	1.9991279923663468
129.89039	1.9991279923663468
129.938484	1.9992259019347898
129.938484	1.9992259019347898
129.938484	1.9992259019347898
129.938484	1.9992259019347898
129.938484	1.9992259019347898
129.938484	1.9992259019347898
129.998541	1.999344146422509
129.998541	1.999344146422509
129.998541	1.999344146422509
129.998541	1.999344146422509
129.998541	1.999344146422509
130.04639	1.9994358652141004
130.058497	1.9994588242315294
130.058497	1.9994588242315294
130.058497	1.9994588242315294
130.058497	1.9994588242315294
130.094455	1.9995264361868741
130.094455	1.9995264361868741
130.118487	1.9995713011827294
130.118487	1.9995713011827294
130.13046	1.9995935608518958
130.14239	1.9996157195426811
130.154459	1.9996380914982179
130.154459	1.9996380914982179
130.17851	1.9996826219253205
130.17851	1.9996826219253205
130.190407	1.9997046309462445
130.190407	1.9997046309462445
130.190407	1.9997046309462445
130.226407	1.9997712419231644
130.23851	1.9997936512402232
130.23851	1.9997936512402232
130.23851	1.9997936512402232
130.23851	1.9997936512402232
130.23851	1.9997936512402232
130.286406	1.9998825452616438
130.298504	1.9999050495699717
130.298504	1.9999050495699717
130.298504	1.9999050495699717
130.298504	1.9999050495699717
130.298504	1.9999050495699717
130.346478	1.9999946168402736
130.358529	2.0000171892639855
130.358529	2.0000171892639855
130.370802	2.000040227867578
130.370802	2.000040227867578
130.370802	2.000040227867578
130.370802	2.000040227867578
130.418501	2.0001300322740678
130.418501	2.0001300322740678
130.418501	2.0001300322740678
130.418501	2.0001300322740678
130.454482	2.0001980173700731
130.466407	2.0002205720796487
130.478579	2.0002435997284373
130.478579	2.0002435997284373
130.478579	2.0002435997284373
130.502407	2.0002886674446447
130.502407	2.0002886674446447
130.526427	2.0003340404889629
130.538501	2.0003568203140469
130.538501	2.0003568203140469
130.538501	2.0003568203140469
130.538501	2.0003568203140469
130.538501	2.0003568203140469
130.538501	2.0003568203140469
130.5985	2.0004693616055422
130.5985	2.0004693616055422
130.5985	2.0004693616055422
130.5985	2.0004693616055422
130.5985	2.0004693616055422
130.64641	2.0005580083114443
130.658523	2.0005802159511061
130.658523	2.0005802159511061
130.658523	2.0005802159511061
130.658523	2.0005802159511061
130.658523	2.0005802159511061
130.706407	2.0006667549791892
130.718502	2.0006883258294015
130.718502	2.0006883258294015
130.718502	2.0006883258294015
130.718502	2.0006883258294015
130.718502	2.0006883258294015
130.718502	2.0006883258294015
130.7786	2.0007931085723181
130.7786	2.0007931085723181
130.7786	2.0007931085723181
130.7786	2.0007931085723181
130.7786	2.0007931085723181
130.826407	2.0008734099418048
130.838503	2.00089331614421
130.838503	2.00089331614421
130.838503	2.00089331614421
130.838503	2.00089331614421
130.838503	2.00089331614421
130.886407	2.0009700470649561
130.898504	2.0009889828818679
130.898504	2.0009889828818679
130.898504	2.0009889828818679
130.922427	2.001025749733008
130.934481	2.001043958662224
130.934481	2.001043958662224
130.958501	2.0010797424478732
130.958501	2.0010797424478732
130.958501	2.0010797424478732
130.958501	2.0010797424478732
130.958501	2.0010797424478732
131.006479	2.0011488272108156
131.018505	2.0011657312122053
131.018505	2.0011657312122053
131.018505	2.0011657312122053
131.018505	2.0011657312122053
131.018505	2.0011657312122053
131.018505	2.0011657312122053
131.078526	2.0012473627400569
131.078526	2.0012473627400569
131.078526	2.0012473627400569
131.078526	2.0012473627400569
131.114471	2.001294376379009
131.114471	2.001294376379009
131.13857	2.001325263687348
131.13857	2.001325263687348
131.150407	2.0013402172422237
131.162407	2.0013553180599883
131.174567	2.0013704785178899
131.186445	2.0013852042831823
131.198521	2.0014001042916947
131.198521	2.0014001042916947
131.198521	2.0014001042916947
131.222425	2.0014293247923698
131.222425	2.0014293247923698
131.246425	2.0014583931618999
131.258526	2.001472981401724
131.258526	2.001472981401724
131.258526	2.001472981401724
131.258526	2.001472981401724
131.258526	2.001472981401724
131.258526	2.001472981401724
131.318568	2.0015447895910929
131.318568	2.0015447895910929
131.318568	2.0015447895910929
131.318568	2.0015447895910929
131.318568	2.0015447895910929
131.318568	2.0015447895910929
131.378521	2.0016162049547797
131.378521	2.0016162049547797
131.378521	2.0016162049547797
131.378521	2.0016162049547797
131.378521	2.0016162049547797
131.378521	2.0016162049547797
131.438522	2.001688029104137
131.438522	2.001688029104137
131.438522	2.001688029104137
131.438522	2.001688029104137
131.438522	2.001688029104137
131.486425	2.0017459505347821
131.498525	2.0017606711812128
131.498525	2.0017606711812128
131.498525	2.0017606711812128
131.498525	2.0017606711812128
131.498525	2.0017606711812128
131.498525	2.0017606711812128
131.558524	2.0018343160230345
131.558524	2.0018343160230345
131.558524	2.0018343160230345
131.558524	2.0018343160230345
131.594498	2.0018789220181752
131.606425	2.0018937696634809
131.618551	2.0019088861853391
131.618551	2.0019088861853391
131.618551	2.0019088861853391
131.618551	2.0019088861853391
131.618551	2.0019088861853391
131.618551	2.0019088861853391
131.678522	2.0019839126888996
131.678522	2.0019839126888996
131.678522	2.0019839126888996
131.678522	2.0019839126888996
131.678522	2.0019839126888996
131.678522	2.0019839126888996
131.738521	2.0020589221803546
131.738521	2.0020589221803546
131.738521	2.0020589221803546
131.738521	2.0020589221803546
131.738521	2.0020589221803546
131.738521	2.0020589221803546
131.798587	2.002133244055702
131.798587	2.002133244055702
131.798587	2.002133244055702
131.798587	2.002133244055702
131.798587	2.002133244055702
131.846425	2.0021913361620336
131.858542	2.0022058691490523
131.858542	2.0022058691490523
131.858542	2.0022058691490523
131.858542	2.0022058691490523
131.858542	2.0022058691490523
131.858542	2.0022058691490523
131.918519	2.0022761945470022
131.918519	2.0022761945470022
131.918519	2.0022761945470022
131.918519	2.0022761945470022
131.918519	2.0022761945470022
131.918519	2.0022761945470022
131.978522	2.0023435513984036
131.978522	2.0023435513984036
131.990426	2.0023564742380238
132.002425	2.0023694218562693
132.002425	2.0023694218562693
132.002425	2.0023694218562693
132.038519	2.0024074009829813
132.038519	2.0024074009829813
132.038519	2.0024074009829813
132.038519	2.0024074009829813
132.038519	2.0024074009829813
132.038519	2.0024074009829813
132.098542	2.0024674982494859
132.098542	2.0024674982494859
132.098542	2.0024674982494859
132.098542	2.0024674982494859
132.098542	2.0024674982494859
132.146426	2.0025126813447778
132.158553	2.0025237872942037
132.158553	2.0025237872942037
132.158569	2.0025238019470604
132.158569	2.0025238019470604
132.158569	2.0025238019470604
132.206441	2.0025660862981138
132.218534	2.0025764630621929
132.218534	2.0025764630621929
132.218534	2.0025764630621929
132.218534	2.0025764630621929
132.25451	2.0026064929447251
132.25451	2.0026064929447251
132.278535	2.0026260137753265
132.278535	2.0026260137753265
132.278535	2.0026260137753265
132.278535	2.0026260137753265
132.278535	2.0026260137753265
132.278535	2.0026260137753265
132.338546	2.0026730579744192
132.338546	2.0026730579744192
132.338546	2.0026730579744192
132.338546	2.0026730579744192
132.338546	2.0026730579744192
132.338546	2.0026730579744192
132.398538	2.0027183190113518
132.398538	2.0027183190113518
132.398538	2.0027183190113518
132.398538	2.0027183190113518
132.398538	2.0027183190113518
132.398538	2.0027183190113518
132.458616	2.0027626615216505
132.458616	2.0027626615216505
132.458616	2.0027626615216505
132.458616	2.0027626615216505
132.458616	2.0027626615216505
132.506441	2.0027977656689187
132.518547	2.0028066659406423
132.518547	2.0028066659406423
132.518547	2.0028066659406423
132.542441	2.0028242958257909
132.542441	2.0028242958257909
132.542441	2.0028242958257909
132.542441	2.0028242958257909
132.542441	2.0028242958257909
132.542441	2.0028242958257909
132.542441	2.0028242958257909
132.542441	2.0028242958257909
132.57857	2.0028511502661548
132.638549	2.0028964882985156
132.638549	2.0028964882985156
132.638549	2.0028964882985156
132.638549	2.0028964882985156
132.638549	2.0028964882985156
132.638549	2.0028964882985156
132.698536	2.0029429797747342
132.698536	2.0029429797747342
132.698536	2.0029429797747342
132.722518	2.0029619043254421
132.722518	2.0029619043254421
132.746461	2.0029809832151106
132.758543	2.002990663593764
132.758543	2.002990663593764
132.770441	2.0030002538497427
132.782442	2.0030099470464049
132.782442	2.0030099470464049
132.782442	2.0030099470464049
132.818536	2.003039315088365
132.818536	2.003039315088365
132.830441	2.0030490585639544
132.830441	2.0030490585639544
132.854577	2.0030688543135247
132.866441	2.0030786029484675
132.878556	2.0030885643626402
132.878556	2.0030885643626402
132.878556	2.0030885643626402
132.878556	2.0030885643626402
132.878556	2.0030885643626402
132.878556	2.0030885643626402
132.93856	2.0031378180488222
132.93856	2.0031378180488222
132.93856	2.0031378180488222
132.93856	2.0031378180488222
132.93856	2.0031378180488222
132.93856	2.0031378180488222
132.998538	2.0031864162248612
132.998538	2.0031864162248612
132.998538	2.0031864162248612
133.022444	2.0032054543795166
133.034508	2.0032149633602949
133.046441	2.0032243062248067
133.05854	2.003233724713446
133.05854	2.003233724713446
133.05854	2.003233724713446
133.05854	2.003233724713446
133.05854	2.003233724713446
133.106441	2.0032701107999107
133.118611	2.003279150783563
133.118611	2.003279150783563
133.130441	2.0032877949453383
133.130441	2.0032877949453383
133.130441	2.0032877949453383
133.130441	2.0032877949453383
133.178537	2.0033220231379492
133.178555	2.0033220357289099
133.178555	2.0033220357289099
133.178555	2.0033220357289099
133.178555	2.0033220357289099
133.226467	2.003354293607019
133.238554	2.0033621685992551
133.238554	2.0033621685992551
133.238554	2.0033621685992551
133.238554	2.0033621685992551
133.238554	2.0033621685992551
133.238554	2.0033621685992551
133.298555	2.0033993629628655
133.298555	2.0033993629628655
133.298555	2.0033993629628655
133.298555	2.0033993629628655
133.298555	2.0033993629628655
133.34646	2.0034269639015183
133.358563	2.0034336882825201
133.358563	2.0034336882825201
133.358563	2.0034336882825201
133.358563	2.0034336882825201
133.358563	2.0034336882825201
133.358563	2.0034336882825201
133.418595	2.0034654219470283
133.418595	2.0034654219470283
133.418595	2.0034654219470283
133.418595	2.0034654219470283
133.418595	2.0034654219470283
133.418595	2.0034654219470283
133.478556	2.0034949607809542
133.478556	2.0034949607809542
133.478556	2.0034949607809542
133.478556	2.0034949607809542
133.478556	2.0034949607809542
133.478556	2.0034949607809542
133.538552	2.0035229336465368
133.538552	2.0035229336465368
133.538552	2.0035229336465368
133.562459	2.0035337802158351
133.574524	2.0035392078837932
133.586459	2.0035445595554702
133.598561	2.0035499710544737
133.598561	2.0035499710544737
133.598561	2.0035499710544737
133.598561	2.0035499710544737
133.598561	2.0035499710544737
133.646532	2.0035713454801134
133.658576	2.0035767168992296
133.658576	2.0035767168992296
133.658576	2.0035767168992296
133.658576	2.0035767168992296
133.658576	2.0035767168992296
133.658576	2.0035767168992296
133.658576	2.0035767168992296
133.658576	2.0035767168992296
133.658576	2.0035767168992296
133.658576	2.0035767168992296
133.658576	2.0035767168992296
133.718552	2.0036037453593156
133.778624	2.0036315974971273
133.778624	2.0036315974971273
133.778624	2.0036315974971273
133.802459	2.0036429403781466
133.802459	2.0036429403781466
133.826479	2.0036545618645043
133.838552	2.0036604619093334
133.838552	2.0036604619093334
133.838552	2.0036604619093334
133.838552	2.0036604619093334
133.838552	2.0036604619093334
133.838552	2.0036604619093334
133.898554	2.0036905644868965
133.898554	2.0036905644868965
133.898554	2.0036905644868965
133.922459	2.0037028857134533
133.934533	2.003709178316555
133.934533	2.003709178316555
133.958557	2.0037218007133268
133.958557	2.0037218007133268
133.970477	2.0037281297533553
133.982459	2.0037345091816552
133.982459	2.0037345091816552
134.006458	2.003747389346767
134.018553	2.0037539111553682
134.018553	2.0037539111553682
134.018553	2.0037539111553682
134.018553	2.0037539111553682
134.054528	2.0037734234913835
134.066459	2.0037799124808617
134.078656	2.0037865501123675
134.078656	2.0037865501123675
134.078656	2.0037865501123675
134.078656	2.0037865501123675
134.078656	2.0037865501123675
134.078656	2.0037865501123675
134.138554	2.0038190321026321
134.138554	2.0038190321026321
134.138554	2.0038190321026321
134.138554	2.0038190321026321
134.138554	2.0038190321026321
134.138571	2.0038190412849577
134.198579	2.0038509714208406
134.198579	2.0038509714208406
134.198579	2.0038509714208406
134.222522	2.0038634111366069
134.234541	2.0038695697363202
134.234541	2.0038695697363202
134.258574	2.0038817270291571
134.258574	2.0038817270291571
134.258574	2.0038817270291571
134.258574	2.0038817270291571
134.258574	2.0038817270291571
134.258574	2.0038817270291571
134.318606	2.003910842690471
134.318606	2.003910842690471
134.330476	2.0039163467084666
134.330476	2.0039163467084666
134.330476	2.0039163467084666
134.366476	2.0039325970778998
134.37858	2.0039379007304423
134.37858	2.0039379007304423
134.37858	2.0039379007304423
134.37858	2.0039379007304423
134.37858	2.0039379007304423
134.37858	2.0039379007304423
134.438728	2.0039627817898431
134.438728	2.0039627817898431
134.438728	2.0039627817898431
134.438728	2.0039627817898431
134.438728	2.0039627817898431
134.438728	2.0039627817898431
134.498571	2.0039852505422866
134.498571	2.0039852505422866
134.498571	2.0039852505422866
134.498571	2.0039852505422866
134.534548	2.003997697245782
134.546476	2.0040016651144645
134.558593	2.0040056350518634
134.558593	2.0040056350518634
134.558593	2.0040056350518634
134.558593	2.0040056350518634
134.558593	2.0040056350518634
134.606479	2.0040205331458454
134.606479	2.0040205331458454
134.606479	2.0040205331458454
134.606479	2.0040205331458454
134.606479	2.0040205331458454
134.606479	2.0040205331458454
134.606479	2.0040205331458454
134.618577	2.0040241495150108
134.678573	2.0040412380688144
134.690498	2.0040445001735283
134.690498	2.0040445001735283
134.690498	2.0040445001735283
134.690498	2.0040445001735283
134.738573	2.0040574119411212
134.738573	2.0040574119411212
134.750476	2.0040605568697551
134.750476	2.0040605568697551
134.774541	2.0040668919379767
134.786476	2.0040700238344695
134.798572	2.0040731943270589
134.798572	2.0040731943270589
134.810476	2.004076321346107
134.810476	2.004076321346107
134.810476	2.004076321346107
134.846476	2.0040858435626827
134.846476	2.0040858435626827
134.846476	2.0040858435626827
134.858574	2.0040890752701204
134.882476	2.0040955555485702
134.882476	2.0040955555485702
134.882476	2.0040955555485702
134.918571	2.0041056028980404
134.918571	2.0041056028980404
134.918571	2.0041056028980404
134.918571	2.0041056028980404
134.918571	2.0041056028980404
134.918571	2.0041056028980404
134.978576	2.0041230376446793
134.978576	2.0041230376446793
134.978576	2.0041230376446793
134.978576	2.0041230376446793
134.978576	2.0041230376446793
134.978576	2.0041230376446793
135.038592	2.0029756291120284
135.038592	2.0029756291120284
135.038592	2.0029756291120284
135.038592	2.0029756291120284
135.074546	2.0013573015047048
135.086497	2.0009640586391582
135.098644	2.0006958183781216
135.098644	2.0006958183781216
135.098644	2.0006958183781216
135.098644	2.0006958183781216
135.098644	2.0006958183781216
135.098644	2.0006958183781216
135.158612	2.0006699453044998
135.158612	2.0006699453044998
135.158612	2.0006699453044998
135.158612	2.0006699453044998
135.194567	2.0007075501377463
135.206494	2.0007205263606171
135.218629	2.0007341181118772
135.218629	2.0007341181118772
135.218629	2.0007341181118772
135.218629	2.0007341181118772
135.218629	2.0007341181118772
135.218629	2.0007341181118772
135.27859	2.0008048973716548
135.27859	2.0008048973716548
135.27859	2.0008048973716548
135.27859	2.0008048973716548
135.314566	2.0008478661207167
135.326494	2.0008621197937941
135.338596	2.0008765857607558
135.338596	2.0008765857607558
135.338596	2.0008765857607558
135.338596	2.0008765857607558
135.338596	2.0008765857607558
135.338596	2.0008765857607558
135.398631	2.0009486228908471
135.398631	2.0009486228908471
135.398631	2.0009486228908471
135.398631	2.0009486228908471
135.398631	2.0009486228908471
135.398631	2.0009486228908471
135.398631	2.0009486228908471
135.398631	2.0009486228908471
135.398631	2.0009486228908471
135.398631	2.0009486228908471
135.398631	2.0009486228908471
135.458593	2.0010214628782164
135.518607	2.0010952102780069
135.518607	2.0010952102780069
135.518607	2.0010952102780069
135.518607	2.0010952102780069
135.554563	2.001139846073928
135.566494	2.0011547207007401
135.578589	2.0011698236998101
135.578589	2.0011698236998101
135.578589	2.0011698236998101
135.578589	2.0011698236998101
135.578589	2.0011698236998101
135.626574	2.0012300323217902
135.638599	2.0012451759939154
135.638599	2.0012451759939154
135.650501	2.0012601993220409
135.650501	2.0012601993220409
135.650501	2.0012601993220409
135.686494	2.0013057389609501
135.698588	2.0013210719601719
135.698588	2.0013210719601719
135.698588	2.0013210719601719
135.698588	2.0013210719601719
135.698588	2.0013210719601719
135.698588	2.0013210719601719
135.758668	2.001397385571305
135.758668	2.001397385571305
135.770494	2.0014124168740079
135.782494	2.0014276676323877
135.782494	2.0014276676323877
135.782494	2.0014276676323877
135.818588	2.001473493028417
135.818588	2.001473493028417
135.818588	2.001473493028417
135.842494	2.0015037658817154
135.842494	2.0015037658817154
135.866515	2.0015340822720509
135.878598	2.0015492947092528
135.878598	2.0015492947092528
135.878598	2.0015492947092528
135.902494	2.0015792406000434
135.902494	2.0015792406000434
135.926497	2.0016091266177165
135.938589	2.0016241187997168
135.938589	2.0016241187997168
135.938589	2.0016241187997168
135.938589	2.0016241187997168
135.974558	2.0016683148738141
135.974558	2.0016683148738141
135.998606	2.0016975489923046
135.998606	2.0016975489923046
135.998606	2.0016975489923046
135.998606	2.0016975489923046
135.998606	2.0016975489923046
135.998606	2.0016975489923046
136.058596	2.001769063574756
136.058596	2.001769063574756
136.070493	2.0017829725373284
136.070493	2.0017829725373284
136.070493	2.0017829725373284
136.070493	2.0017829725373284
136.118589	2.0018384022830475
136.118589	2.0018384022830475
136.118589	2.0018384022830475
136.118589	2.0018384022830475
136.118589	2.0018384022830475
136.118589	2.0018384022830475
136.178588	2.0019053185585283
136.178588	2.0019053185585283
136.178605	2.0019053372635964
136.202511	2.0019312764849362
136.214576	2.0019442013850863
136.226511	2.001956894603989
136.238607	2.0019696810253413
136.238607	2.0019696810253413
136.238607	2.0019696810253413
136.238607	2.0019696810253413
136.238607	2.0019696810253413
136.238607	2.0019696810253413
136.238607	2.0019696810253413
136.299167	2.002032075303251
136.299167	2.002032075303251
136.299167	2.002032075303251
136.299167	2.002032075303251
136.299167	2.002032075303251
136.358609	2.0020909664044746
136.358609	2.0020909664044746
136.370524	2.0021025032620798
136.370524	2.0021025032620798
136.370524	2.0021025032620798
136.370524	2.0021025032620798
136.418676	2.0021484759412806
136.418676	2.0021484759412806
136.430518	2.0021595900655496
136.430518	2.0021595900655496
136.45459	2.0021820391079435
136.466512	2.0021930716912943
136.478611	2.002204228153353
136.478611	2.002204228153353
136.478611	2.002204228153353
136.478611	2.002204228153353
136.478611	2.002204228153353
136.478611	2.002204228153353
136.538635	2.0022588763308931
136.538635	2.0022588763308931
136.538635	2.0022588763308931
136.538635	2.0022588763308931
136.574579	2.0022912154901218
136.574579	2.0022912154901218
136.598609	2.002312724589705
136.598609	2.002312724589705
136.598609	2.002312724589705
136.598609	2.002312724589705
136.598609	2.002312724589705
136.598609	2.002312724589705
136.658617	2.0023662122814012
136.658617	2.0023662122814012
136.658617	2.0023662122814012
136.658617	2.0023662122814012
136.658617	2.0023662122814012
136.658617	2.0023662122814012
136.718626	2.0024197439499587
136.718626	2.0024197439499587
136.718626	2.0024197439499587
136.718626	2.0024197439499587
136.75458	2.0024519328453891
136.766511	2.0024626399741572
136.778608	2.0024735067400483
136.778608	2.0024735067400483
136.778608	2.0024735067400483
136.778608	2.0024735067400483
136.814657	2.0025059850306244
136.826511	2.0025166913810493
136.838606	2.0025276256105267
136.838606	2.0025276256105267
136.838606	2.0025276256105267
136.838606	2.0025276256105267
136.838606	2.0025276256105267
136.838606	2.0025276256105267
136.89861	2.0025820534351229
136.89861	2.0025820534351229
136.89861	2.0025820534351229
136.89861	2.0025820534351229
136.89861	2.0025820534351229
136.89861	2.0025820534351229
136.958613	2.0026366081112381
136.958613	2.0026366081112381
136.958613	2.0026366081112381
136.958613	2.0026366081112381
136.994582	2.002669273695906
137.006511	2.0026800862079974
137.018629	2.002691059078344
137.018629	2.002691059078344
137.018629	2.002691059078344
137.018629	2.002691059078344
137.018629	2.002691059078344
137.066532	2.0027341894996336
137.078679	2.0027450616964066
137.078679	2.0027450616964066
137.078679	2.0027450616964066
137.078679	2.0027450616964066
137.114579	2.0027769181580735
137.114579	2.0027769181580735
137.138607	2.0027980264144611
137.138607	2.0027980264144611
137.138607	2.0027980264144611
137.162511	2.0028188093868158
137.174576	2.0028292100350535
137.186511	2.0028394435098518
137.198624	2.002849783016444
137.198642	2.0028497983810207
137.198642	2.0028497983810207
137.222529	2.0028699591437671
137.234594	2.0028800322813982
137.234594	2.0028800322813982
137.258632	2.0028999141824886
137.258632	2.0028999141824886
137.258632	2.0028999141824886
137.258632	2.0028999141824886
137.258632	2.0028999141824886
137.258632	2.0028999141824886
137.318641	2.0029481665095545
137.318641	2.0029481665095545
137.318641	2.0029481665095545
137.318641	2.0029481665095545
137.318641	2.0029481665095545
137.318641	2.0029481665095545
137.37863	2.0029943604983464
137.37863	2.0029943604983464
137.37863	2.0029943604983464
137.40253	2.0030121769333831
137.414602	2.0030210426754103
137.426536	2.003029732520567
137.438623	2.0030384714156311
137.438623	2.0030384714156311
137.450533	2.0030469651022544
137.46255	2.0030554918649259
137.46255	2.0030554918649259
137.486529	2.0030722307972337
137.498624	2.0030805797245304
137.498624	2.0030805797245304
137.498624	2.0030805797245304
137.522529	2.0030968278748142
137.522529	2.0030968278748142
137.546529	2.0031128620780514
137.558632	2.0031208686812367
137.558632	2.0031208686812367
137.558632	2.0031208686812367
137.582529	2.0031364710494484
137.582529	2.0031364710494484
137.582529	2.0031364710494484
137.618626	2.0031596455157246
137.618626	2.0031596455157246
137.630529	2.0031671789262693
137.630529	2.0031671789262693
137.6546	2.0031823117603125
137.6546	2.0031823117603125
137.678625	2.0031972673548366
137.678625	2.0031972673548366
137.678625	2.0031972673548366
137.678625	2.0031972673548366
137.714595	2.0032194111532831
137.72655	2.0032267223831028
137.738764	2.0032341751944007
137.738764	2.0032341751944007
137.738764	2.0032341751944007
137.762529	2.0032486181937488
137.762529	2.0032486181937488
137.762529	2.0032486181937488
137.798624	2.0032704712289968
137.798624	2.0032704712289968
137.798624	2.0032704712289968
137.798624	2.0032704712289968
137.798624	2.0032704712289968
137.798624	2.0032704712289968
137.858645	2.0033067329819634
137.858645	2.0033067329819634
137.870602	2.0033139643778317
137.870602	2.0033139643778317
137.870602	2.0033139643778317
137.870602	2.0033139643778317
137.91863	2.0033430693185745
137.91863	2.0033430693185745
137.91863	2.0033430693185745
137.91863	2.0033430693185745
137.91863	2.0033430693185745
137.96653	2.0033722430077225
137.978625	2.0033796301767071
137.978625	2.0033796301767071
137.978625	2.0033796301767071
137.978625	2.0033796301767071
137.978625	2.0033796301767071
137.978625	2.0033796301767071
138.038709	2.0034164241781784
138.038709	2.0034164241781784
138.038709	2.0034164241781784
138.038709	2.0034164241781784
138.074599	2.0034384772653779
138.074599	2.0034384772653779
138.098625	2.0034532673983554
138.098625	2.0034532673983554
138.098625	2.0034532673983554
138.098625	2.0034532673983554
138.098625	2.0034532673983554
138.098625	2.0034532673983554
138.158626	2.0034901773172344
138.158626	2.0034901773172344
138.158626	2.0034901773172344
138.18253	2.0035048159177045
138.194595	2.0035121789090726
138.194612	2.0035121892837808
138.21865	2.0035268059651163
138.21865	2.0035268059651163
138.21865	2.0035268059651163
138.21865	2.0035268059651163
138.254632	2.0035484843048526
138.266623	2.0035556486161634
138.278647	2.0035628084569481
138.278647	2.0035628084569481
138.278647	2.0035628084569481
138.278647	2.0035628084569481
138.278647	2.0035628084569481
138.278647	2.0035628084569481
138.338644	2.0035979139728886
138.338644	2.0035979139728886
138.338644	2.0035979139728886
138.338644	2.0035979139728886
138.338644	2.0035979139728886
138.338644	2.0035979139728886
138.338644	2.0035979139728886
138.338644	2.0035979139728886
138.338644	2.0035979139728886
138.338644	2.0035979139728886
138.338644	2.0035979139728886
138.398738	2.0036318454635351
138.458655	2.0036641823761681
138.458655	2.0036641823761681
138.458655	2.0036641823761681
138.458655	2.0036641823761681
138.458655	2.0036641823761681
138.506546	2.0036888531854466
138.518661	2.0036949433941706
138.518661	2.0036949433941706
138.518661	2.0036949433941706
138.542546	2.0037067150219321
138.542546	2.0037067150219321
138.542546	2.0037067150219321
138.578641	2.0037240112781118
138.578641	2.0037240112781118
138.590566	2.0037295762044067
138.602546	2.0037351317251342
138.602546	2.0037351317251342
138.626546	2.0037460365895714
138.638651	2.0037514607470732
138.638651	2.0037514607470732
138.638651	2.0037514607470732
138.638651	2.0037514607470732
138.674618	2.003767173991946
138.686546	2.0037722751088642
138.698727	2.0037774423402959
138.698727	2.0037774423402959
138.698727	2.0037774423402959
138.698727	2.0037774423402959
138.698727	2.0037774423402959
138.698727	2.0037774423402959
138.758646	2.0038020681736621
138.758646	2.0038020681736621
138.770546	2.0038068226685635
138.770546	2.0038068226685635
138.770546	2.0038068226685635
138.770546	2.0038068226685635
138.818641	2.0038257442462815
138.818641	2.0038257442462815
138.83055	2.0038303494349656
138.83055	2.0038303494349656
138.83055	2.0038303494349656
138.866547	2.0038441591373326
138.878644	2.0038487666339129
138.878644	2.0038487666339129
138.878644	2.0038487666339129
138.878644	2.0038487666339129
138.878644	2.0038487666339129
138.878644	2.0038487666339129
138.938664	2.0038714565811371
138.938664	2.0038714565811371
138.938664	2.0038714565811371
138.938664	2.0038714565811371
138.938664	2.0038714565811371
138.986567	2.0038895193386481
138.998641	2.0038940804230267
138.998641	2.0038940804230267
138.998641	2.0038940804230267
138.998641	2.0038940804230267
138.998641	2.0038940804230267
138.998641	2.0038940804230267
139.058713	2.003916920180095
139.058713	2.003916920180095
139.058713	2.003916920180095
139.058713	2.003916920180095
139.094614	2.0039307259247181
139.106611	2.00393536920045
139.118663	2.0039400454910083
139.118663	2.0039400454910083
139.118663	2.0039400454910083
139.118663	2.0039400454910083
139.118663	2.0039400454910083
139.118663	2.0039400454910083
139.17865	2.0039635757898799
139.17865	2.0039635757898799
139.17865	2.0039635757898799
139.17865	2.0039635757898799
139.178668	2.0039635828919171
139.226568	2.0039826336737039
139.226568	2.0039826336737039
139.226568	2.0039826336737039
139.226568	2.0039826336737039
139.226568	2.0039826336737039
139.23866	2.0039874697498234
139.286564	2.0040067176474419
139.298659	2.0040115890635093
139.298659	2.0040115890635093
139.310564	2.0040163857191517
139.322636	2.0040212491677227
139.322636	2.0040212491677227
139.322636	2.0040212491677227
139.358666	2.0040357430811007
139.358666	2.0040357430811007
139.358666	2.0040357430811007
139.358666	2.0040357430811007
139.358666	2.0040357430811007
139.406564	2.0040548763101804
139.418673	2.0040596801680222
139.418673	2.0040596801680222
139.430564	2.0040643684725072
139.442564	2.0040690877158909
139.454705	2.0040738313125472
139.454705	2.0040738313125472
139.478661	2.0040831210891379
139.478661	2.0040831210891379
139.490567	2.0040876833903956
139.490567	2.0040876833903956
139.490567	2.0040876833903956
139.490567	2.0040876833903956
139.490567	2.0040876833903956
139.490567	2.0040876833903956
139.490567	2.0040876833903956
139.490567	2.0040876833903956
139.490567	2.0040876833903956
139.538661	2.0041058123572686
139.598682	2.0041275252473203
139.598682	2.0041275252473203
139.610629	2.0041317006628687
139.610629	2.0041317006628687
139.634641	2.0041399772101176
139.646566	2.0041440109831923
139.658698	2.0041480771465965
139.658698	2.0041480771465965
139.658698	2.0041480771465965
139.658698	2.0041480771465965
139.658698	2.0041480771465965
139.658698	2.0041480771465965
139.718737	2.0041673775538937
139.718737	2.0041673775538937
139.718737	2.0041673775538937
139.742565	2.0041746784679937
139.742565	2.0041746784679937
139.742565	2.0041746784679937
139.778678	2.0041853754852763
139.778678	2.0041853754852763
139.790586	2.0041887925021471
139.802565	2.0041922044858458
139.802565	2.0041922044858458
139.802565	2.0041922044858458
139.838662	2.0042021883082928
139.838662	2.0042021883082928
139.838662	2.0042021883082928
139.838662	2.0042021883082928
139.838662	2.0042021883082928
139.838662	2.0042021883082928
139.898659	2.004217953650862
139.898659	2.004217953650862
139.898659	2.004217953650862
139.898659	2.004217953650862
139.898659	2.004217953650862
139.946566	2.0042299128944792
139.958664	2.0042328692048388
139.958664	2.0042328692048388
139.958664	2.0042328692048388
139.958664	2.0042328692048388
139.958664	2.0042328692048388
140.006565	2.0042443375741872
140.018742	2.0042472138880174
140.018742	2.0042472138880174
140.018742	2.0042472138880174
140.018742	2.0042472138880174
140.018742	2.0042472138880174
140.018742	2.0042472138880174
140.078662	2.0042612025087587
140.078662	2.0042612025087587
140.078662	2.0042612025087587
140.078662	2.0042612025087587
140.078662	2.0042612025087587
140.078662	2.0042612025087587
140.138659	2.0042751415576836
140.138659	2.0042751415576836
140.138659	2.0042751415576836
140.138659	2.0042751415576836
140.174629	2.0042835600726554
140.186586	2.0042863772513546
140.198668	2.0042892319454562
140.198668	2.0042892319454562
140.198668	2.0042892319454562
140.222583	2.0042949273782757
140.222583	2.0042949273782757
140.222583	2.0042949273782757
140.25869	2.0043036336042053
140.25869	2.0043036336042053
140.25869	2.0043036336042053
140.25869	2.0043036336042053
140.25869	2.0043036336042053
140.25869	2.0043036336042053
140.318747	2.0043184433753649
140.318747	2.0043184433753649
140.330583	2.004321415941996
140.342583	2.00432443837339
140.342583	2.00432443837339
140.342583	2.00432443837339
140.378755	2.0043336538691396
140.378755	2.0043336538691396
140.378755	2.0043336538691396
140.378755	2.0043336538691396
140.378755	2.0043336538691396
140.378755	2.0043336538691396
140.438686	2.0043492229131705
140.438686	2.0043492229131705
140.438686	2.0043492229131705
140.438686	2.0043492229131705
140.438686	2.0043492229131705
140.438686	2.0043492229131705
140.498678	2.0043650139226359
140.498678	2.0043650139226359
140.498678	2.0043650139226359
140.522583	2.0043713126483915
140.522583	2.0043713126483915
140.522583	2.0043713126483915
140.55868	2.0043807975580021
140.55868	2.0043807975580021
140.55868	2.0043807975580021
140.55868	2.0043807975580021
140.594653	2.0043901557490993
140.594653	2.0043901557490993
140.61868	2.0043963301285204
140.61868	2.0043963301285204
140.61868	2.0043963301285204
140.61868	2.0043963301285204
140.61868	2.0043963301285204
140.61868	2.0043963301285204
140.61868	2.0043963301285204
140.61868	2.0043963301285204
140.61868	2.0043963301285204
140.61868	2.0043963301285204
140.61868	2.0043963301285204
140.678777	2.0044114253415217
140.738677	2.0044258924573342
140.738677	2.0044258924573342
140.750585	2.0044286712482871
140.750585	2.0044286712482871
140.750585	2.0044286712482871
140.750585	2.0044286712482871
140.750585	2.0044286712482871
140.750585	2.0044286712482871
140.750585	2.0044286712482871
140.798678	2.0044395921370222
140.834649	2.0044473593168632
140.846593	2.0044498627214713
140.858683	2.0044523673958765
140.858683	2.0044523673958765
140.858683	2.0044523673958765
140.858683	2.0044523673958765
140.858683	2.0044523673958765
140.858683	2.0044523673958765
140.858683	2.0044523673958765
140.858683	2.0044523673958765
140.858683	2.0044523673958765
140.858683	2.0044523673958765
140.858683	2.0044523673958765
140.918681	2.0044641643299408
140.978679	2.0044750068865911
140.978679	2.0044750068865911
140.978679	2.0044750068865911
141.002584	2.0044790770341505
141.002584	2.0044790770341505
141.002584	2.0044790770341505
141.038746	2.0044849976717645
141.038746	2.0044849976717645
141.038746	2.0044849976717645
141.038746	2.0044849976717645
141.038746	2.0044849976717645
141.086586	2.0044924301803051
141.0987	2.0044942572297275
141.0987	2.0044942572297275
141.0987	2.0044942572297275
141.0987	2.0044942572297275
141.0987	2.0044942572297275
141.0987	2.0044942572297275
141.158686	2.0045029944437855
141.158686	2.0045029944437855
141.158686	2.0045029944437855
141.158686	2.0045029944437855
141.194654	2.0045080905546486
141.194654	2.0045080905546486
141.218685	2.0045114772232071
141.230601	2.0045131523945838
141.230601	2.0045131523945838
141.230601	2.0045131523945838
141.254668	2.004516535621983
141.254668	2.004516535621983
141.278709	2.0045199202294817
141.278709	2.0045199202294817
141.290601	2.0045215989895167
141.290601	2.0045215989895167
141.314669	2.0045250103192251
141.314669	2.0045250103192251
141.314669	2.0045250103192251
141.338794	2.0045284613720038
141.350601	2.0045301700411029
141.3626	2.0045319127616352
141.3626	2.0045319127616352
141.3626	2.0045319127616352
141.398696	2.0045372338064631
141.398696	2.0045372338064631
141.398696	2.0045372338064631
141.398696	2.0045372338064631
141.398696	2.0045372338064631
141.446602	2.0045445016042258
141.458705	2.004546374580745
141.458705	2.004546374580745
141.470814	2.0045482741091569
141.470814	2.0045482741091569
141.494685	2.0045520593459147
141.494685	2.0045520593459147
141.518694	2.0045559317601178
141.518694	2.0045559317601178
141.518694	2.0045559317601178
141.518694	2.0045559317601178
141.518694	2.0045559317601178
141.518694	2.0045559317601178
141.5787	2.0045658943643372
141.5787	2.0045658943643372
141.5787	2.0045658943643372
141.5787	2.0045658943643372
141.5787	2.0045658943643372
141.5787	2.0045658943643372
141.638698	2.0045762079034373
141.638698	2.0045762079034373
141.638698	2.0045762079034373
141.638698	2.0045762079034373
141.638698	2.0045762079034373
141.638698	2.0045762079034373
141.698763	2.0045867088149705
141.698763	2.0045867088149705
141.698763	2.0045867088149705
141.698763	2.0045867088149705
141.698763	2.0045867088149705
141.746601	2.0045950567759143
141.758717	2.0045971607491126
141.758717	2.0045971607491126
141.758717	2.0045971607491126
141.758717	2.0045971607491126
141.758717	2.0045971607491126
141.758717	2.0045971607491126
141.818714	2.0046074249020132
141.818714	2.0046074249020132
141.818714	2.0046074249020132
141.818714	2.0046074249020132
141.818714	2.0046074249020132
141.818714	2.0046074249020132
141.878697	2.0046173080419574
141.878697	2.0046173080419574
141.890639	2.0046192123113777
141.890639	2.0046192123113777
141.914667	2.0046229891845257
141.914667	2.0046229891845257
141.938695	2.0046266700748818
141.938695	2.0046266700748818
141.938695	2.0046266700748818
141.938695	2.0046266700748818
141.938695	2.0046266700748818
141.938695	2.0046266700748818
141.998736	2.0046353412996627
141.998736	2.0046353412996627
141.998736	2.0046353412996627
142.022621	2.004638554927944
142.022621	2.004638554927944
142.022621	2.004638554927944
142.0587	2.0046431754941336
142.0587	2.0046431754941336
142.0587	2.0046431754941336
142.0587	2.0046431754941336
142.0587	2.0046431754941336
142.0587	2.0046431754941336
142.118696	2.0046502835758386
142.118696	2.0046502835758386
142.118696	2.0046502835758386
142.142602	2.0046529228268111
142.142602	2.0046529228268111
142.166601	2.0046554616520642
142.17872	2.004656711480755
142.17872	2.004656711480755
142.17872	2.004656711480755
142.17872	2.004656711480755
142.17872	2.004656711480755
142.17872	2.004656711480755
142.238723	2.004662514418817
142.238723	2.004662514418817
142.238723	2.004662514418817
142.262629	2.0046646822566898
142.274692	2.0046657492189315
142.28664	2.004666792620259
142.298717	2.0046678364680637
142.298717	2.0046678364680637
142.298717	2.0046678364680637
142.298717	2.0046678364680637
142.298717	2.0046678364680637
142.298717	2.0046678364680637
142.298717	2.0046678364680637
142.35881	2.0046728613282325
142.37062	2.0046738279170166
142.37062	2.0046738279170166
142.394695	2.0046757923219705
142.40662	2.0046767641582566
142.418734	2.00467775157419
142.418734	2.00467775157419
142.43062	2.0046787241413995
142.44262	2.0046797082028185
142.44262	2.0046797082028185
142.44262	2.0046797082028185
142.478745	2.0046827067710242
142.478745	2.0046827067710242
142.478745	2.0046827067710242
142.50262	2.0046847304730293
142.50262	2.0046847304730293
142.526623	2.0046868085382687
142.538737	2.0046878718753218
142.538737	2.0046878718753218
142.538737	2.0046878718753218
142.538737	2.0046878718753218
142.538737	2.0046878718753218
142.538737	2.0046878718753218
142.598715	2.0046933613570301
142.598715	2.0046933613570301
142.598715	2.0046933613570301
142.598715	2.0046933613570301
142.598715	2.0046933613570301
142.64662	2.0046980285463731
142.65873	2.0046992447673455
142.65873	2.0046992447673455
142.65873	2.0046992447673455
142.65873	2.0046992447673455
142.694686	2.0047029656458832
142.706621	2.0047042310338545
142.718717	2.0047055248094661
142.718717	2.0047055248094661
142.718717	2.0047055248094661
142.718717	2.0047055248094661
142.754757	2.0047094753452686
142.754757	2.0047094753452686
142.754757	2.0047094753452686
142.754757	2.0047094753452686
142.754757	2.0047094753452686
142.754757	2.0047094753452686
142.754757	2.0047094753452686
142.778717	2.004712160054789
142.838723	2.0047190560717398
142.838723	2.0047190560717398
142.838723	2.0047190560717398
142.838723	2.0047190560717398
142.838723	2.0047190560717398
142.838723	2.0047190560717398
142.898752	2.0047260816861598
142.898752	2.0047260816861598
142.898752	2.0047260816861598
142.898752	2.0047260816861598
142.934709	2.0047302852173199
142.946621	2.0047316689878696
142.95872	2.004733070197025
142.95872	2.004733070197025
142.95872	2.004733070197025
142.95872	2.004733070197025
142.95872	2.004733070197025
142.95872	2.004733070197025
143.018783	2.0047398758383252
143.018783	2.0047398758383252
143.018783	2.0047398758383252
143.018783	2.0047398758383252
143.018783	2.0047398758383252
143.066641	2.0047450521091856
143.078723	2.0047463209033869
143.078723	2.0047463209033869
143.078723	2.0047463209033869
143.10262	2.0047487628681235
143.1147	2.0047499649713059
143.12662	2.004751131189686
143.138715	2.0047522983125332
143.138715	2.0047522983125332
143.138715	2.0047522983125332
143.138715	2.0047522983125332
143.138715	2.0047522983125332
143.138715	2.0047522983125332
143.198736	2.0047577155462437
143.198736	2.0047577155462437
143.198736	2.0047577155462437
143.198736	2.0047577155462437
143.234685	2.0047606662970829
143.246638	2.004761599550128
143.258736	2.0047625259461843
143.258736	2.0047625259461843
143.258736	2.0047625259461843
143.258736	2.0047625259461843
143.294703	2.0047651158721975
143.294703	2.0047651158721975
143.318756	2.004766737343143
143.318756	2.004766737343143
143.318756	2.004766737343143
143.342639	2.0047682536886597
143.354706	2.0047689872992334
143.354706	2.0047689872992334
143.378738	2.0047703988357579
143.378738	2.0047703988357579
143.378738	2.0047703988357579
143.378738	2.0047703988357579
143.378738	2.0047703988357579
143.426638	2.00477300093414
143.438734	2.004773625458903
143.438734	2.004773625458903
143.438734	2.004773625458903
143.438734	2.004773625458903
143.438734	2.004773625458903
143.486639	2.004775976631981
143.498737	2.0047765508777973
143.498737	2.0047765508777973
143.498737	2.0047765508777973
143.522638	2.0047776655558005
143.522638	2.0047776655558005
143.522638	2.0047776655558005
143.558738	2.0047793262308979
143.558738	2.0047793262308979
143.558738	2.0047793262308979
143.558738	2.0047793262308979
143.558738	2.0047793262308979
143.606638	2.0047815278549868
143.618739	2.0047820895821609
143.618739	2.0047820895821609
143.618739	2.0047820895821609
143.618739	2.0047820895821609
143.654709	2.0047838020787778
143.654709	2.0047838020787778
143.67883	2.0047849914776865
143.67883	2.0047849914776865
143.67883	2.0047849914776865
143.702638	2.0047862157508427
143.702638	2.0047862157508427
143.726638	2.0047875013959815
143.738745	2.0047881659788271
143.738745	2.0047881659788271
143.738745	2.0047881659788271
143.738745	2.0047881659788271
143.738745	2.0047881659788271
143.738745	2.0047881659788271
143.798734	2.0047916865288915
143.798734	2.0047916865288915
143.798734	2.0047916865288915
143.798734	2.0047916865288915
143.798734	2.0047916865288915
143.798734	2.0047916865288915
143.858753	2.0047955765422421
143.858753	2.0047955765422421
143.858753	2.0047955765422421
143.858753	2.0047955765422421
143.858753	2.0047955765422421
143.906639	2.0047989383254206
143.918733	2.0047998167730863
143.918733	2.0047998167730863
143.930638	2.0048006989619189
143.930638	2.0048006989619189
143.930638	2.0048006989619189
143.966638	2.00480342077927
143.978862	2.0048043625237537
143.978862	2.0048043625237537
143.978862	2.0048043625237537
144.002637	2.0048062211274149
144.002637	2.0048062211274149
144.026638	2.0048081214966982
144.038732	2.0048090846628956
144.038732	2.0048090846628956
144.038732	2.0048090846628956
144.038732	2.0048090846628956
144.038732	2.0048090846628956
144.038732	2.0048090846628956
144.098733	2.0048138904915698
144.098733	2.0048138904915698
144.098733	2.0048138904915698
144.098733	2.0048138904915698
144.098733	2.0048138904915698
144.146639	2.0048176886594939
144.158738	2.0048186351862447
144.158738	2.0048186351862447
144.158738	2.0048186351862447
144.158738	2.0048186351862447
144.158738	2.0048186351862447
144.158738	2.0048186351862447
144.218751	2.0048231613608012
144.218751	2.0048231613608012
144.218751	2.0048231613608012
144.218769	2.0048231626860336
144.218769	2.0048231626860336
144.218769	2.0048231626860336
144.278752	2.0048273505329917
144.278752	2.0048273505329917
144.278752	2.0048273505329917
144.278752	2.0048273505329917
144.31472	2.0048296750048773
144.31472	2.0048296750048773
144.338826	2.0048311503586991
144.338826	2.0048311503586991
144.338826	2.0048311503586991
144.338826	2.0048311503586991
144.374742	2.0048331975297682
144.38677	2.0048338444783349
144.398754	2.0048344747845874
144.398754	2.0048344747845874
144.398754	2.0048344747845874
144.398754	2.0048344747845874
144.398754	2.0048344747845874
144.398754	2.0048344747845874
144.458754	2.0048373157541959
144.458754	2.0048373157541959
144.458754	2.0048373157541959
144.458754	2.0048373157541959
144.458754	2.0048373157541959
144.458754	2.0048373157541959
144.518751	2.0048396937654314
144.518751	2.0048396937654314
144.530656	2.0048401116651351
144.530656	2.0048401116651351
144.554725	2.0048409209438796
144.554725	2.0048409209438796
144.578752	2.0048416750464924
144.578752	2.0048416750464924
144.590656	2.004842026352458
144.590656	2.004842026352458
144.614727	2.0048427116954102
144.614727	2.0048427116954102
144.638793	2.0048433611317611
144.638793	2.0048433611317611
144.650666	2.0048436680896193
144.650666	2.0048436680896193
144.650666	2.0048436680896193
144.650666	2.0048436680896193
144.698766	2.0048448695127994
144.698766	2.0048448695127994
144.698766	2.0048448695127994
144.722655	2.004845450375099
144.722655	2.004845450375099
144.746655	2.0048460352123274
144.758775	2.0048463326066894
144.758775	2.0048463326066894
144.758775	2.0048463326066894
144.782656	2.0048469308356971
144.794728	2.0048472408429077
144.806656	2.0048475530596188
144.818767	2.0048478748172203
144.818767	2.0048478748172203
144.818767	2.0048478748172203
144.842655	2.0048485371047389
144.842655	2.0048485371047389
144.842655	2.0048485371047389
144.878755	2.0048496060790661
144.878755	2.0048496060790661
144.878755	2.0048496060790661
144.902659	2.004850369035454
144.902659	2.004850369035454
144.902659	2.004850369035454
144.938755	2.0048516091829574
144.938755	2.0048516091829574
144.938755	2.0048516091829574
144.938755	2.0048516091829574
144.938755	2.0048516091829574
144.938755	2.0048516091829574
144.998835	2.0048539343882013
144.998835	2.0048539343882013
144.998835	2.0048539343882013
144.998835	2.0048539343882013
144.998835	2.0048539343882013
145.046656	2.0048560243315037
145.058785	2.0048565827956453
145.058785	2.0048565827956453
145.058785	2.0048565827956453
145.058785	2.0048565827956453
145.058785	2.0048565827956453
145.058785	2.0048565827956453
145.118751	2.0048595275686658
145.118751	2.0048595275686658
145.118751	2.0048595275686658
145.142655	2.0048607705606569
145.142655	2.0048607705606569
145.142655	2.0048607705606569
145.178751	2.0048627034729933
145.178751	2.0048627034729933
145.190657	2.0048633545559755
145.190657	2.0048633545559755
145.190657	2.0048633545559755
145.190657	2.0048633545559755
145.238749	2.0048660169519423
145.238767	2.0048660179542952
145.238767	2.0048660179542952
145.238767	2.0048660179542952
145.238767	2.0048660179542952
145.238767	2.0048660179542952
145.298771	2.0048693580486319
145.298771	2.0048693580486319
145.298771	2.0048693580486319
145.298771	2.0048693580486319
145.298771	2.0048693580486319
145.346674	2.0048719629892338
145.358774	2.0048726070404537
145.358774	2.0048726070404537
145.358774	2.0048726070404537
145.358774	2.0048726070404537
145.358774	2.0048726070404537
145.358774	2.0048726070404537
145.41877	2.0048756582322973
145.41877	2.0048756582322973
145.41877	2.0048756582322973
145.41877	2.0048756582322973
145.41877	2.0048756582322973
145.41877	2.0048756582322973
145.478804	2.0048784221739004
145.478804	2.0048784221739004
145.478804	2.0048784221739004
145.502694	2.0048794039749174
145.514739	2.004879871738654
145.514739	2.004879871738654
145.538772	2.0048807618693139
145.538772	2.0048807618693139
145.538772	2.0048807618693139
145.538772	2.0048807618693139
145.538772	2.0048807618693139
145.586674	2.0048823478603368
145.598769	2.0048827250311496
145.598769	2.0048827250311496
145.610674	2.0048830780331994
145.610674	2.0048830780331994
145.610674	2.0048830780331994
145.610674	2.0048830780331994
145.658839	2.0048843863439822
145.658839	2.0048843863439822
145.658839	2.0048843863439822
145.658839	2.0048843863439822
145.658839	2.0048843863439822
145.658839	2.0048843863439822
145.718768	2.0048856781290763
145.718768	2.0048856781290763
145.718768	2.0048856781290763
145.718768	2.0048856781290763
145.718768	2.0048856781290763
145.766694	2.0048864851023991
145.778779	2.0048866671753611
145.778779	2.0048866671753611
145.778779	2.0048866671753611
145.778779	2.0048866671753611
145.778779	2.0048866671753611
145.778779	2.0048866671753611
145.838773	2.004887462541133
145.838773	2.004887462541133
145.838773	2.004887462541133
145.838773	2.004887462541133
145.838773	2.004887462541133
145.838773	2.004887462541133
145.898807	2.004888195339769
145.898807	2.004888195339769
145.898807	2.004888195339769
145.898807	2.004888195339769
145.934746	2.0048886728654849
145.934746	2.0048886728654849
145.958856	2.0048890117612976
145.958856	2.0048890117612976
145.970675	2.0048891846411663
145.970675	2.0048891846411663
145.970675	2.0048891846411663
145.970675	2.0048891846411663
146.018773	2.0048899116285783
146.018773	2.0048899116285783
146.018773	2.0048899116285783
146.018773	2.0048899116285783
146.018773	2.0048899116285783
146.066674	2.0048907474561748
146.078772	2.004890979642489
146.078772	2.004890979642489
146.078772	2.004890979642489
146.102674	2.0048914764542851
146.11474	2.004891744818234
146.11474	2.004891744818234
146.138767	2.0048923090543957
146.138767	2.0048923090543957
146.138767	2.0048923090543957
146.138767	2.0048923090543957
146.138767	2.0048923090543957
146.186744	2.0048935814761446
146.198773	2.0048939260651126
146.198773	2.0048939260651126
146.198773	2.0048939260651126
146.198773	2.0048939260651126
146.198773	2.0048939260651126
146.198773	2.0048939260651126
146.258819	2.0048958226767644
146.258819	2.0048958226767644
146.258819	2.0048958226767644
146.258819	2.0048958226767644
146.258819	2.0048958226767644
146.306693	2.0048975081466027
146.318882	2.0048979552718769
146.318882	2.0048979552718769
146.318882	2.0048979552718769
146.318882	2.0048979552718769
146.354764	2.0048993156894475
146.354764	2.0048993156894475
146.378789	2.0049002502896451
146.378789	2.0049002502896451
146.378789	2.0049002502896451
146.402693	2.0049011953784257
146.402693	2.0049011953784257
146.402693	2.0049011953784257
146.438806	2.0049026354020838
146.438806	2.0049026354020838
146.450806	2.0049031135176221
146.450806	2.0049031135176221
146.450806	2.0049031135176221
146.450806	2.0049031135176221
146.498785	2.0049050043635241
146.498785	2.0049050043635241
146.498785	2.0049050043635241
146.498785	2.0049050043635241
146.534772	2.0049063757360663
146.546713	2.0049068182745033
146.55879	2.0049072606994818
146.55879	2.0049072606994818
146.55879	2.0049072606994818
146.55879	2.0049072606994818
146.55879	2.0049072606994818
146.55879	2.0049072606994818
146.618792	2.004909316705727
146.618792	2.004909316705727
146.618792	2.004909316705727
146.642693	2.0049100627059482
146.642693	2.0049100627059482
146.666692	2.004910764433641
146.678808	2.0049111040502754
146.678808	2.0049111040502754
146.678808	2.0049111040502754
146.678808	2.0049111040502754
146.678808	2.0049111040502754
146.678808	2.0049111040502754
146.738794	2.0049125836709774
146.738794	2.0049125836709774
146.738794	2.0049125836709774
146.738794	2.0049125836709774
146.774757	2.0049133110643438
146.786693	2.0049135236987299
146.798789	2.0049137277580651
146.798789	2.0049137277580651
146.798789	2.0049137277580651
146.798789	2.0049137277580651
146.798789	2.0049137277580651
146.798789	2.0049137277580651
146.858806	2.0049145310917309
146.858806	2.0049145310917309
146.858806	2.0049145310917309
146.858806	2.0049145310917309
146.858806	2.0049145310917309
146.858806	2.0049145310917309
146.918786	2.0049150887315488
146.918786	2.0049150887315488
146.930693	2.0049151752801269
146.942713	2.0049152589559651
146.954761	2.0049153343914159
146.966693	2.0049154040555868
146.978864	2.004915471087048
146.978864	2.004915471087048
146.990692	2.0049155301139052
146.990692	2.0049155301139052
147.014768	2.0049156426845118
147.014768	2.0049156426845118
147.038807	2.0049157461610778
147.038807	2.0049157461610778
147.038807	2.0049157461610778
147.038807	2.0049157461610778
147.038807	2.0049157461610778
147.038807	2.0049157461610778
147.038807	2.0049157461610778
147.038807	2.0049157461610778
147.038807	2.0049157461610778
147.038807	2.0049157461610778
147.098787	2.0049160009410936
147.146696	2.0049162490860879
147.158797	2.0049163220170283
147.158797	2.0049163220170283
147.158797	2.0049163220170283
147.182693	2.0049164874357981
147.194781	2.0049165818936312
147.206727	2.004916682444013
147.21881	2.0049167897992595
147.21881	2.0049167897992595
147.21881	2.0049167897992595
147.21881	2.0049167897992595
147.218832	2.0049167899947253
147.218832	2.0049167899947253
147.278852	2.0049174647407884
147.278852	2.0049174647407884
147.278852	2.0049174647407884
147.278852	2.0049174647407884
147.314778	2.0049179851640337
147.314778	2.0049179851640337
147.338827	2.0049183806335713
147.338827	2.0049183806335713
147.338827	2.0049183806335713
147.338827	2.0049183806335713
147.374849	2.0049190528714531
147.374849	2.0049190528714531
147.398824	2.0049195459419789
147.398824	2.0049195459419789
147.398824	2.0049195459419789
147.422715	2.0049200767722004
147.43478	2.0049203585816948
147.446715	2.0049206448857331
147.458811	2.0049209409852651
147.458811	2.0049209409852651
147.458811	2.0049209409852651
147.458811	2.0049209409852651
147.49478	2.0049218713262125
147.506786	2.0049221951890459
147.518813	2.0049225242452127
147.518813	2.0049225242452127
147.518813	2.0049225242452127
147.518813	2.0049225242452127
147.518813	2.0049225242452127
147.518813	2.0049225242452127
147.578822	2.0049242354989332
147.578822	2.0049242354989332
147.578822	2.0049242354989332
147.578822	2.0049242354989332
147.614786	2.0049252854773787
147.626715	2.004925633528527
147.638894	2.0049259883277948
147.638894	2.0049259883277948
147.638894	2.0049259883277948
147.638894	2.0049259883277948
147.638894	2.0049259883277948
147.638894	2.0049259883277948
147.698807	2.0049276919733696
147.698807	2.0049276919733696
147.710715	2.0049280167657555
147.722735	2.0049283414895953
147.722735	2.0049283414895953
147.746714	2.0049289673626709
147.758829	2.0049292751773327
147.758829	2.0049292751773327
147.758829	2.0049292751773327
147.758829	2.0049292751773327
147.758829	2.0049292751773327
147.758829	2.0049292751773327
147.818825	2.0049306664263504
147.818825	2.0049306664263504
147.818825	2.0049306664263504
147.818825	2.0049306664263504
147.854805	2.0049313859910964
147.854805	2.0049313859910964
147.878831	2.0049318180183899
147.878831	2.0049318180183899
147.878831	2.0049318180183899
147.878831	2.0049318180183899
147.914781	2.0049323793050511
147.914781	2.0049323793050511
147.938813	2.0049327039347276
147.938813	2.0049327039347276
147.950714	2.0049328449128314
147.962714	2.0049329813429191
147.97478	2.0049331049555636
147.986736	2.0049332180458017
147.998896	2.0049333256604727
147.998896	2.0049333256604727
148.010715	2.0049334160318124
148.010715	2.0049334160318124
148.034854	2.0049335789465506
148.034854	2.0049335789465506
148.058836	2.0049337071285831
148.058836	2.0049337071285831
148.058836	2.0049337071285831
148.058836	2.0049337071285831
148.094779	2.0049338386835061
148.094779	2.0049338386835061
148.118827	2.0049338965557104
148.118827	2.0049338965557104
148.130717	2.0049339154122263
148.130717	2.0049339154122263
148.130717	2.0049339154122263
148.130717	2.0049339154122263
148.178811	2.0049339579672485
148.178811	2.0049339579672485
148.178811	2.0049339579672485
148.178811	2.0049339579672485
148.178811	2.0049339579672485
148.226715	2.0049339672498019
148.23882	2.0049339688810446
148.23882	2.0049339688810446
148.23882	2.0049339688810446
148.238838	2.0049339688834702
148.274805	2.0049339827439265
148.274805	2.0049339827439265
148.274805	2.0049339827439265
148.274805	2.0049339827439265
148.274805	2.0049339827439265
148.274805	2.0049339827439265
148.274805	2.0049339827439265
148.298902	2.0049340038928012
148.358832	2.0049341338389404
148.358832	2.0049341338389404
148.358832	2.0049341338389404
148.382753	2.0049342264287469
148.382753	2.0049342264287469
148.406732	2.004934347555356
148.418827	2.004934417659348
148.418827	2.004934417659348
148.418827	2.004934417659348
148.418827	2.004934417659348
148.454801	2.0049346811983515
148.454801	2.0049346811983515
148.478854	2.004934896357653
148.478854	2.004934896357653
148.478854	2.004934896357653
148.478854	2.004934896357653
148.478854	2.004934896357653
148.478854	2.004934896357653
148.538826	2.0049355848726993
148.538826	2.0049355848726993
148.538826	2.0049355848726993
148.538826	2.0049355848726993
148.574797	2.0049360983123368
148.574797	2.0049360983123368
148.598831	2.0049364704765078
148.598831	2.0049364704765078
148.598831	2.0049364704765078
148.598831	2.0049364704765078
148.634838	2.0049370768900587
148.646733	2.0049372891272679
148.658829	2.0049375092341473
148.658829	2.0049375092341473
148.658829	2.0049375092341473
148.658829	2.0049375092341473
148.694866	2.004938210293679
148.694866	2.004938210293679
148.718827	2.0049387065749622
148.718827	2.0049387065749622
148.718827	2.0049387065749622
148.718827	2.0049387065749622
148.754801	2.0049394813506334
148.754801	2.0049394813506334
148.778846	2.0049400074983312
148.778846	2.0049400074983312
148.778846	2.0049400074983312
148.778846	2.0049400074983312
148.778846	2.0049400074983312
148.778846	2.0049400074983312
148.838849	2.0049413150483235
148.838849	2.0049413150483235
148.838849	2.0049413150483235
148.838849	2.0049413150483235
148.874807	2.0049420706960581
148.886733	2.0049423135320228
148.898847	2.0049425569567236
148.898847	2.0049425569567236
148.898847	2.0049425569567236
148.898847	2.0049425569567236
148.898847	2.0049425569567236
148.898847	2.0049425569567236
148.95891	2.0049436716050621
148.95891	2.0049436716050621
148.95891	2.0049436716050621
148.95891	2.0049436716050621
148.95891	2.0049436716050621
148.95891	2.0049436716050621
149.018843	2.0049446051805617
149.018843	2.0049446051805617
149.018843	2.0049446051805617
149.042733	2.004944919030152
149.042733	2.004944919030152
149.066733	2.0049451986680142
149.078828	2.0049453287894541
149.078828	2.0049453287894541
149.078828	2.0049453287894541
149.102732	2.0049455542854049
149.114799	2.0049456541670567
149.114799	2.0049456541670567
149.138832	2.0049458301323653
149.138832	2.0049458301323653
149.138832	2.0049458301323653
149.138832	2.0049458301323653
149.138832	2.0049458301323653
149.138832	2.0049458301323653
149.198829	2.0049461198972995
149.198829	2.0049461198972995
149.198829	2.0049461198972995
149.198829	2.0049461198972995
149.198829	2.0049461198972995
149.246732	2.0049462193650558
149.258834	2.0049462304294106
149.270754	2.0049462331101799
149.270754	2.0049462331101799
149.282756	2.0049462330599463
149.282756	2.0049462330599463
149.282756	2.0049462330599463
149.318874	2.0049462040328385
149.318874	2.0049462040328385
149.318874	2.0049462040328385
149.318874	2.0049462040328385
149.354894	2.0049461466064469
149.366755	2.0049461247580567
149.37885	2.0049461019611421
149.37885	2.0049461019611421
149.37885	2.0049461019611421
149.37885	2.0049461019611421
149.37885	2.0049461019611421
149.37885	2.0049461019611421
149.438849	2.0049460106841615
149.438849	2.0049460106841615
149.438849	2.0049460106841615
149.438849	2.0049460106841615
149.438849	2.0049460106841615
149.438849	2.0049460106841615
149.498852	2.0049459583145595
149.498852	2.0049459583145595
149.498852	2.0049459583145595
149.498852	2.0049459583145595
149.498852	2.0049459583145595
149.498852	2.0049459583145595
149.55886	2.0049459642661498
149.55886	2.0049459642661498
149.55886	2.0049459642661498
149.55886	2.0049459642661498
149.55886	2.0049459642661498
149.55886	2.0049459642661498
149.618968	2.0049461373890889
149.618968	2.0049461373890889
149.618968	2.0049461373890889
149.618968	2.0049461373890889
149.618968	2.0049461373890889
149.666755	2.0049464174542209
149.678851	2.0049465049824708
149.678851	2.0049465049824708
149.678851	2.0049465049824708
149.678851	2.0049465049824708
149.678851	2.0049465049824708
149.678851	2.0049465049824708
149.738851	2.0049470671703942
149.738851	2.0049470671703942
149.738851	2.0049470671703942
149.762755	2.0049473428620859
149.762755	2.0049473428620859
149.762755	2.0049473428620859
149.762755	2.0049473428620859
149.798849	2.004947805661299
149.810776	2.0049479718359935
149.822755	2.004948141560742
149.834836	2.004948319222347
149.834836	2.004948319222347
149.85885	2.0049486838107682
149.85885	2.0049486838107682
149.85885	2.0049486838107682
149.85885	2.0049486838107682
149.85885	2.0049486838107682
149.906754	2.004949454276975
149.918851	2.0049496543417034
149.918851	2.0049496543417034
149.918851	2.0049496543417034
149.918851	2.0049496543417034
149.954823	2.004950257492164
149.966779	2.0049504585252427
149.978878	2.0049506618538477
149.978878	2.0049506618538477
149.978878	2.0049506618538477
149.978878	2.0049506618538477
150.014893	2.0049512595572034
150.014893	2.0049512595572034
150.038851	2.0049516475722751
150.038851	2.0049516475722751
150.050798	2.0049518354087339
150.062755	2.0049520213926155
150.062755	2.0049520213926155
150.062755	2.0049520213926155
150.098867	2.0049525560531931
150.098867	2.0049525560531931
150.098867	2.0049525560531931
150.098867	2.0049525560531931
150.134831	2.0049530410871261
150.134831	2.0049530410871261
150.158857	2.0049533371997854
150.158857	2.0049533371997854
150.158857	2.0049533371997854
150.158857	2.0049533371997854
150.158857	2.0049533371997854
150.206755	2.004953843382125
150.21885	2.0049539554870552
150.21885	2.0049539554870552
150.21885	2.0049539554870552
150.21885	2.0049539554870552
150.254822	2.0049542380073175
150.254822	2.0049542380073175
150.278929	2.0049543922050579
150.278929	2.0049543922050579
150.278929	2.0049543922050579
150.278929	2.0049543922050579
150.278929	2.0049543922050579
150.278929	2.0049543922050579
150.338896	2.0049546446456805
150.338896	2.0049546446456805
150.338896	2.0049546446456805
150.338896	2.0049546446456805
150.338896	2.0049546446456805
150.338896	2.0049546446456805
150.398877	2.0049547302379125
150.398877	2.0049547302379125
150.398877	2.0049547302379125
150.422777	2.0049547242718884
150.422777	2.0049547242718884
150.422777	2.0049547242718884
150.458884	2.0049546814842172
150.458884	2.0049546814842172
150.458884	2.0049546814842172
150.482778	2.0049546341358697
150.482778	2.0049546341358697
150.482778	2.0049546341358697
150.518873	2.0049545472880737
150.518873	2.0049545472880737
150.518873	2.0049545472880737
150.518873	2.0049545472880737
150.554847	2.0049544510372299
150.554847	2.0049544510372299
150.5789	2.0049543855210472
150.5789	2.0049543855210472
150.5789	2.0049543855210472
150.602778	2.0049543235197049
150.602778	2.0049543235197049
150.602778	2.0049543235197049
150.638871	2.0049542422916682
150.638871	2.0049542422916682
150.650777	2.0049542213560327
150.650777	2.0049542213560327
150.650777	2.0049542213560327
150.686842	2.0049541755863411
150.698871	2.0049541670846582
150.698871	2.0049541670846582
150.71083	2.0049541653163621
150.722777	2.0049541661404633
150.722777	2.0049541661404633
150.722777	2.0049541661404633
150.722777	2.0049541661404633
150.722777	2.0049541661404633
150.722777	2.0049541661404633
150.722777	2.0049541661404633
150.722777	2.0049541661404633
150.758874	2.0049542014722346
150.818875	2.0049543758112391
150.818875	2.0049543758112391
150.818875	2.0049543758112391
150.818875	2.0049543758112391
150.854848	2.0049545555700869
150.854848	2.0049545555700869
150.878874	2.0049547048957161
150.878874	2.0049547048957161
150.890778	2.0049547902887674
150.890778	2.0049547902887674
150.890778	2.0049547902887674
150.926778	2.0049550790374266
150.938964	2.0049551872088429
150.938964	2.0049551872088429
150.938964	2.0049551872088429
150.938964	2.0049551872088429
150.938964	2.0049551872088429
150.986777	2.0049556693347133
150.998874	2.0049558017774407
150.998874	2.0049558017774407
150.998874	2.0049558017774407
150.998874	2.0049558017774407
150.998874	2.0049558017774407
150.998874	2.0049558017774407
151.058885	2.0049565189938732
151.058885	2.0049565189938732
151.058885	2.0049565189938732
151.058885	2.0049565189938732
151.058885	2.0049565189938732
151.058885	2.0049565189938732
151.118876	2.0049572946158083
151.118876	2.0049572946158083
151.118876	2.0049572946158083
151.118876	2.0049572946158083
151.154847	2.0049577676883876
151.166778	2.0049579233744397
151.178873	2.0049580804769507
151.178873	2.0049580804769507
151.178873	2.0049580804769507
151.178873	2.0049580804769507
151.178873	2.0049580804769507
151.178873	2.0049580804769507
151.23896	2.0049588369183535
151.23896	2.0049588369183535
151.250888	2.0049589784130752
151.250888	2.0049589784130752
151.27485	2.0049592535414202
151.28684	2.0049593844559954
151.298891	2.0049595128237137
151.298891	2.0049595128237137
151.310801	2.0049596323350665
151.310801	2.0049596323350665
151.310801	2.0049596323350665
151.346796	2.0049599662243671
151.358895	2.0049600685094524
151.358895	2.0049600685094524
151.358895	2.0049600685094524
151.358895	2.0049600685094524
151.394867	2.004960341877505
151.406797	2.0049604244915558
151.418913	2.0049605048803429
151.418913	2.0049605048803429
151.418913	2.0049605048803429
151.418913	2.0049605048803429
151.418913	2.0049605048803429
151.466884	2.0049607575660402
151.478894	2.0049608063352848
151.478894	2.0049608063352848
151.478894	2.0049608063352848
151.478894	2.0049608063352848
151.478894	2.0049608063352848
151.478894	2.0049608063352848
151.53889	2.0049609273398108
151.53889	2.0049609273398108
151.53889	2.0049609273398108
151.562797	2.0049609346822219
151.574863	2.00496093327139
151.586797	2.0049609323868105
151.59899	2.0049609318774753
151.59899	2.0049609318774753
151.610815	2.0049609290222214
151.610815	2.0049609290222214
151.610815	2.0049609290222214
151.646797	2.0049609089277243
151.6589	2.0049608980076612
151.6589	2.0049608980076612
151.6589	2.0049608980076612
151.6589	2.0049608980076612
151.6589	2.0049608980076612
151.6589	2.0049608980076612
151.718892	2.0049607676037433
151.718892	2.0049607676037433
151.718892	2.0049607676037433
151.718892	2.0049607676037433
151.754865	2.0049606583599546
151.754865	2.0049606583599546
151.778892	2.0049605866290205
151.778892	2.0049605866290205
151.778892	2.0049605866290205
151.802797	2.0049605217532376
151.814869	2.0049604922840056
151.814869	2.0049604922840056
151.838894	2.0049604405334849
151.838894	2.0049604405334849
151.838894	2.0049604405334849
151.838894	2.0049604405334849
151.838894	2.0049604405334849
151.838894	2.0049604405334849
151.898932	2.0048616333326938
151.898932	2.0048616333326938
151.898932	2.0048616333326938
151.898932	2.0048616333326938
151.898932	2.0048616333326938
151.898932	2.0048616333326938
151.958892	2.002151982024956
151.958892	2.002151982024956
151.958892	2.002151982024956
151.958892	2.002151982024956
151.958892	2.002151982024956
151.958892	2.002151982024956
151.958892	2.002151982024956
151.958892	2.002151982024956
152.018899	2.0001514762029622
152.042796	2.0001758610231311
152.054875	2.0001911158002987
152.066797	2.00020460391426
152.078896	2.0002170921456575
152.078896	2.0002170921456575
152.078896	2.0002170921456575
152.078896	2.0002170921456575
152.078896	2.0002170921456575
152.078896	2.0002170921456575
152.13891	2.00028358803567
152.13891	2.00028358803567
152.13891	2.00028358803567
152.13891	2.00028358803567
152.174878	2.0003260981614059
152.174878	2.0003260981614059
152.174878	2.0003260981614059
152.174878	2.0003260981614059
152.174878	2.0003260981614059
152.174878	2.0003260981614059
152.174878	2.0003260981614059
152.198892	2.0003546078190753
152.258963	2.0004263454415887
152.258963	2.0004263454415887
152.258963	2.0004263454415887
152.258985	2.0004263718119821
152.258985	2.0004263718119821
152.258985	2.0004263718119821
152.318936	2.0004991170320281
152.318936	2.0004991170320281
152.318936	2.0004991170320281
152.318936	2.0004991170320281
152.318936	2.0004991170320281
152.366819	2.0005585916527431
152.378914	2.0005737946407285
152.378914	2.0005737946407285
152.378914	2.0005737946407285
152.378914	2.0005737946407285
152.378914	2.0005737946407285
152.378914	2.0005737946407285
152.378914	2.0005737946407285
152.438912	2.0006506526610566
152.450819	2.0006662169949241
152.462819	2.0006819573812984
152.462819	2.0006819573812984
152.462819	2.0006819573812984
152.498914	2.0007299477653775
152.498914	2.0007299477653775
152.510818	2.0007459968633969
152.522901	2.0007623406137185
152.534893	2.0007786824623093
152.534893	2.0007786824623093
152.558996	2.0008117754724264
152.558996	2.0008117754724264
152.558996	2.0008117754724264
152.558996	2.0008117754724264
152.558996	2.0008117754724264
152.558996	2.0008117754724264
152.618944	2.0008956359805907
152.618944	2.0008956359805907
152.618944	2.0008956359805907
152.642819	2.000929537804192
152.642819	2.000929537804192
152.642819	2.000929537804192
152.642819	2.000929537804192
152.642819	2.000929537804192
152.642819	2.000929537804192
152.678914	2.0009811898549832
152.714884	2.0010329838748624
152.726819	2.0010502034080182
152.738912	2.0010676590787551
152.738912	2.0010676590787551
152.738912	2.0010676590787551
152.762819	2.0011021608929003
152.774889	2.0011195602440073
152.786896	2.0011368422798559
152.798923	2.0011541334301679
152.798923	2.0011541334301679
152.798923	2.0011541334301679
152.822843	2.0011883695977373
152.822843	2.0011883695977373
152.846818	2.0012224546502573
152.858928	2.0012395903740119
152.858928	2.0012395903740119
152.858928	2.0012395903740119
152.858928	2.0012395903740119
152.858928	2.0012395903740119
152.858928	2.0012395903740119
152.919002	2.0013231269650271
152.919002	2.0013231269650271
152.919002	2.0013231269650271
152.919002	2.0013231269650271
152.919002	2.0013231269650271
152.966819	2.0013875228320379
152.97892	2.0014035322471457
152.97892	2.0014035322471457
152.97892	2.0014035322471457
152.97892	2.0014035322471457
152.97892	2.0014035322471457
153.026819	2.0014653138602796
153.038916	2.0014805816606618
153.038916	2.0014805816606618
153.038916	2.0014805816606618
153.038916	2.0014805816606618
153.07489	2.0015248841907551
153.07489	2.0015248841907551
153.098913	2.001553692281997
153.098913	2.001553692281997
153.098913	2.001553692281997
153.098913	2.001553692281997
153.13489	2.0015955101778276
153.13489	2.0015955101778276
153.158915	2.0016226797263448
153.158915	2.0016226797263448
153.158915	2.0016226797263448
153.158915	2.0016226797263448
153.158915	2.0016226797263448
153.158915	2.0016226797263448
153.219014	2.0016879054331511
153.219014	2.0016879054331511
153.219014	2.0016879054331511
153.219014	2.0016879054331511
153.219014	2.0016879054331511
153.219014	2.0016879054331511
153.278916	2.0017495232929017
153.278916	2.0017495232929017
153.278936	2.0017495435109014
153.278936	2.0017495435109014
153.278936	2.0017495435109014
153.326838	2.0017968052224608
153.338933	2.0018085384148656
153.338933	2.0018085384148656
153.338933	2.0018085384148656
153.338933	2.0018085384148656
153.338933	2.0018085384148656
153.386839	2.0018542643864143
153.398936	2.0018656919803641
153.398936	2.0018656919803641
153.398936	2.0018656919803641
153.398936	2.0018656919803641
153.398936	2.0018656919803641
153.446909	2.0019106597892797
153.45894	2.0019219019896424
153.45894	2.0019219019896424
153.471143	2.0019333068324943
153.471143	2.0019333068324943
153.49492	2.0019555532814612
153.506839	2.0019667332818001
153.518935	2.0019780951517565
153.518935	2.0019780951517565
153.518935	2.0019780951517565
153.518935	2.0019780951517565
153.518935	2.0019780951517565
153.518935	2.0019780951517565
153.518935	2.0019780951517565
153.579003	2.002035140878863
153.591039	2.0020467397214881
153.591039	2.0020467397214881
153.591039	2.0020467397214881
153.626838	2.0020815541448722
153.638954	2.0020934532961272
153.638954	2.0020934532961272
153.638954	2.0020934532961272
153.638954	2.0020934532961272
153.638954	2.0020934532961272
153.638954	2.0020934532961272
153.698932	2.0021297593604879
153.698932	2.0021297593604879
153.698932	2.0021297593604879
153.722839	2.0020023800515707
153.722839	2.0020023800515707
153.722839	2.0020023800515707
153.758944	2.0016128250958323
153.758944	2.0016128250958323
153.758944	2.0016128250958323
153.758944	2.0016128250958323
153.794911	2.0012795393517671
153.806839	2.0012525200904143
153.818934	2.0012540235769132
153.818934	2.0012540235769132
153.818934	2.0012540235769132
153.842915	2.0012871251921101
153.842915	2.0012871251921101
153.866838	2.0013224438482111
153.879041	2.0013401260716326
153.879041	2.0013401260716326
153.879041	2.0013401260716326
153.879041	2.0013401260716326
153.879041	2.0013401260716326
153.879041	2.0013401260716326
153.938933	2.0014268569038913
153.938933	2.0014268569038913
153.950839	2.0014440376854918
153.950839	2.0014440376854918
153.950839	2.0014440376854918
153.950839	2.0014440376854918
153.998961	2.0015128878149122
153.998961	2.0015128878149122
153.998961	2.0015128878149122
153.998961	2.0015128878149122
154.034904	2.0015634084652598
154.046839	2.001579992436008
154.058933	2.0015967245749438
154.058933	2.0015967245749438
154.058933	2.0015967245749438
154.058933	2.0015967245749438
154.058933	2.0015967245749438
154.106909	2.001661864217704
154.118935	2.001677942911984
154.118935	2.001677942911984
154.118935	2.001677942911984
154.118935	2.001677942911984
154.15491	2.0017251942192047
154.166839	2.0017406100172606
154.178954	2.0017561725687054
154.178954	2.0017561725687054
154.178954	2.0017561725687054
154.178954	2.0017561725687054
154.214916	2.0018014434516234
154.226849	2.0018161992123535
154.23901	2.001831139335783
154.23901	2.001831139335783
154.23901	2.001831139335783
154.23901	2.001831139335783
154.23901	2.001831139335783
154.286838	2.0018883873083038
154.298966	2.0019026087186864
154.298966	2.0019026087186864
154.298966	2.0019026087186864
154.322859	2.0019301633057078
154.322859	2.0019301633057078
154.346859	2.0019573307831107
154.346859	2.0019573307831107
154.346859	2.0019573307831107
154.346859	2.0019573307831107
154.358958	2.0019708776837684
154.394923	2.0020103262140467
154.394923	2.0020103262140467
154.418978	2.0020361854028739
154.418978	2.0020361854028739
154.418978	2.0020361854028739
154.418978	2.0020361854028739
154.418978	2.0020361854028739
154.466859	2.0020863816327048
154.478954	2.0020988562484954
154.478954	2.0020988562484954
154.478954	2.0020988562484954
154.50293	2.0021232915540277
154.514925	2.0021354010266856
154.514925	2.0021354010266856
154.539014	2.0021595411128756
154.539014	2.0021595411128756
154.550859	2.0021712963546134
154.562858	2.0021831748386152
154.562858	2.0021831748386152
154.562858	2.0021831748386152
154.599017	2.0022186445047585
154.599017	2.0022186445047585
154.599017	2.0022186445047585
154.599017	2.0022186445047585
154.599017	2.0022186445047585
154.599017	2.0022186445047585
154.658958	2.002276699362207
154.658958	2.002276699362207
154.670885	2.0022881731691151
154.68286	2.0022996851840271
154.68286	2.0022996851840271
154.68286	2.0022996851840271
154.718953	2.0023343133614682
154.718953	2.0023343133614682
154.718953	2.0023343133614682
154.742859	2.0023572266631375
154.754927	2.0023687936334711
154.754927	2.0023687936334711
154.778958	2.0023918357335351
154.778958	2.0023918357335351
154.790859	2.0024032567950547
154.790859	2.0024032567950547
154.790859	2.0024032567950547
154.790859	2.0024032567950547
154.838952	2.0024494778722666
154.838952	2.0024494778722666
154.838952	2.0024494778722666
154.862859	2.0024725104994463
154.862859	2.0024725104994463
154.862859	2.0024725104994463
154.899025	2.0025074183188569
154.899025	2.0025074183188569
154.899025	2.0025074183188569
154.899025	2.0025074183188569
154.899025	2.0025074183188569
154.946859	2.0025536737965406
154.958961	2.0025653818008964
154.958961	2.0025653818008964
154.958961	2.0025653818008964
154.958961	2.0025653818008964
154.958961	2.0025653818008964
155.006865	2.0026116526450735
155.018955	2.0026233057810661
155.018955	2.0026233057810661
155.018955	2.0026233057810661
155.018955	2.0026233057810661
155.054942	2.0026578706832145
155.066882	2.0026692945429492
155.078959	2.0026808323668233
155.078959	2.0026808323668233
155.090862	2.002692165862384
155.090862	2.002692165862384
155.090862	2.002692165862384
155.090862	2.002692165862384
155.138979	2.0027376620069592
155.138979	2.0027376620069592
155.138979	2.0027376620069592
155.138979	2.0027376620069592
155.138979	2.0027376620069592
155.186859	2.0027554915411345
155.198992	2.0027197693127148
155.198992	2.0027197693127148
155.210858	2.0024858851837744
155.210858	2.0024858851837744
155.210858	2.0024858851837744
155.246859	2.0011392721694583
155.258955	2.0005393364479107
155.258955	2.0005393364479107
155.270859	1.9999388706356951
155.270859	1.9999388706356951
155.270878	1.9999379106868127
155.270878	1.9999379106868127
155.319005	1.998954989540586
155.319005	1.998954989540586
155.319005	1.998954989540586
155.319005	1.998954989540586
155.354954	1.9990192061931293
155.354954	1.9990192061931293
155.37899	1.9990554423597482
155.37899	1.9990554423597482
155.37899	1.9990554423597482
155.37899	1.9990554423597482
155.37899	1.9990554423597482
155.37899	1.9990554423597482
155.438975	1.9991464634409157
155.438975	1.9991464634409157
155.438975	1.9991464634409157
155.462881	1.999184299007803
155.474952	1.9992033805164473
155.486878	1.9992221841801479
155.498994	1.9992412511538915
155.498994	1.9992412511538915
155.498994	1.9992412511538915
155.498994	1.9992412511538915
155.534949	1.9992975236381709
155.534949	1.9992975236381709
155.559066	1.9993351302495999
155.559066	1.9993351302495999
155.570878	1.9993535277600347
155.570878	1.9993535277600347
155.570878	1.9993535277600347
155.570878	1.9993535277600347
155.61898	1.9994287537673066
155.61898	1.9994287537673066
155.61898	1.9994287537673066
155.61898	1.9994287537673066
155.61898	1.9994287537673066
155.61898	1.9994287537673066
155.678972	1.9995237466968256
155.678972	1.9995237466968256
155.678972	1.9995237466968256
155.678972	1.9995237466968256
155.678972	1.9995237466968256
155.678972	1.9995237466968256
155.738971	1.9996203436727669
155.738971	1.9996203436727669
155.738971	1.9996203436727669
155.738971	1.9996203436727669
155.774943	1.9996793492874156
155.774943	1.9996793492874156
155.798972	1.9997192566862696
155.798972	1.9997192566862696
155.810878	1.9997392296885457
155.810878	1.9997392296885457
155.810878	1.9997392296885457
155.810878	1.9997392296885457
155.858979	1.9998208810149765
155.858979	1.9998208810149765
155.870878	1.9998413974760374
155.88288	1.9998621516680859
155.894943	1.999883151468455
155.894943	1.999883151468455
155.918972	1.9999252597450472
155.918972	1.9999252597450472
155.918972	1.9999252597450472
155.942878	1.9999675779986676
155.942878	1.9999675779986676
155.966877	2.0000104222155231
155.966877	2.0000104222155231
155.966877	2.0000104222155231
155.966877	2.0000104222155231
155.966877	2.0000104222155231
155.966877	2.0000104222155231
155.978974	2.0000321170548889
156.038982	2.0001407257093891
156.038982	2.0001407257093891
156.038982	2.0001407257093891
156.038982	2.0001407257093891
156.074954	2.0002062753231526
156.074954	2.0002062753231526
156.098975	2.0002500730688437
156.098975	2.0002500730688437
156.098975	2.0002500730688437
156.098975	2.0002500730688437
156.134965	2.0003155435671016
156.134965	2.0003155435671016
156.15898	2.0003590354124801
156.15898	2.0003590354124801
156.15898	2.0003590354124801
156.15898	2.0003590354124801
156.15898	2.0003590354124801
156.15898	2.0003590354124801
156.219065	2.0004665193695907
156.219065	2.0004665193695907
156.219065	2.0004665193695907
156.219065	2.0004665193695907
156.219065	2.0004665193695907
156.266878	2.0005499882517177
156.278974	2.0005707947086417
156.278974	2.0005707947086417
156.278974	2.0005707947086417
156.278994	2.0005708291108526
156.278994	2.0005708291108526
156.326897	2.0006513871138223
156.339011	2.0006713663321531
156.339011	2.0006713663321531
156.35099	2.0006908303960134
156.362898	2.0007100724700728
156.362898	2.0007100724700728
156.362898	2.0007100724700728
156.362898	2.0007100724700728
156.362898	2.0007100724700728
156.362898	2.0007100724700728
156.362898	2.0007100724700728
156.362898	2.0007100724700728
156.398992	2.0007670888818732
156.458993	2.000857557049629
156.458993	2.000857557049629
156.458993	2.000857557049629
156.458993	2.000857557049629
156.458993	2.000857557049629
156.458993	2.000857557049629
156.518994	2.0009426485798119
156.518994	2.0009426485798119
156.518994	2.0009426485798119
156.518994	2.0009426485798119
156.518994	2.0009426485798119
156.566898	2.0010068459599979
156.578994	2.001022634253836
156.578994	2.001022634253836
156.578994	2.001022634253836
156.578994	2.001022634253836
156.578994	2.001022634253836
156.578994	2.001022634253836
156.638991	2.0010981866801294
156.638991	2.0010981866801294
156.650984	2.0011127988778852
156.650984	2.0011127988778852
156.650984	2.0011127988778852
156.650984	2.0011127988778852
156.698992	2.0011702367592616
156.698992	2.0011702367592616
156.698992	2.0011702367592616
156.698992	2.0011702367592616
156.734988	2.0012122016580118
156.746969	2.0012260248406828
156.759019	2.0012398831332567
156.759019	2.0012398831332567
156.770898	2.0012534736708423
156.770898	2.0012534736708423
156.770898	2.0012534736708423
156.806897	2.001294500135455
156.818996	2.0013082505403963
156.818996	2.0013082505403963
156.818996	2.0013082505403963
156.818996	2.0013082505403963
156.854967	2.0013491496891254
156.854967	2.0013491496891254
156.879062	2.0013766436187668
156.879062	2.0013766436187668
156.879062	2.0013766436187668
156.879062	2.0013766436187668
156.879062	2.0013766436187668
156.926898	2.0014317867199094
156.938992	2.0014458566316566
156.938992	2.0014458566316566
156.938992	2.0014458566316566
156.938992	2.0014458566316566
156.938992	2.0014458566316566
156.986898	2.0015024051969172
156.999031	2.0015169016388046
156.999031	2.0015169016388046
156.999031	2.0015169016388046
156.999031	2.0015169016388046
156.999031	2.0015169016388046
157.046901	2.0015750521825217
157.058996	2.0015899390980025
157.058996	2.0015899390980025
157.058996	2.0015899390980025
157.082898	2.0016196733917133
157.082898	2.0016196733917133
157.082898	2.0016196733917133
157.118992	2.0016651749987453
157.118992	2.0016651749987453
157.118992	2.0016651749987453
157.142969	2.001695794479573
157.154969	2.001711224667639
157.154969	2.001711224667639
157.179083	2.0017423929249549
157.179083	2.0017423929249549
157.179083	2.0017423929249549
157.202898	2.0017733908245945
157.202898	2.0017733908245945
157.202898	2.0017733908245945
157.238993	2.00182062610057
157.238993	2.00182062610057
157.238993	2.00182062610057
157.238993	2.00182062610057
157.238993	2.00182062610057
157.238993	2.00182062610057
157.298992	2.0018993809779331
157.298992	2.0018993809779331
157.311198	2.0019153593325587
157.311198	2.0019153593325587
157.311198	2.0019153593325587
157.346916	2.0019619117097753
157.359016	2.0019775936305533
157.359016	2.0019775936305533
157.359016	2.0019775936305533
157.359016	2.0019775936305533
157.359016	2.0019775936305533
157.406987	2.0020389100159641
157.406987	2.0020389100159641
157.406987	2.0020389100159641
157.406987	2.0020389100159641
157.406987	2.0020389100159641
157.41902	2.0020540886799405
157.466916	2.0021132143845275
157.47901	2.0021278630905592
157.47901	2.0021278630905592
157.47901	2.0021278630905592
157.502917	2.0021563175493569
157.502917	2.0021563175493569
157.502917	2.0021563175493569
157.539091	2.0021982566448751
157.539091	2.0021982566448751
157.550916	2.0022115910202283
157.550916	2.0022115910202283
157.550916	2.0022115910202283
157.587036	2.0022514316225748
157.59903	2.0022643464678538
157.59903	2.0022643464678538
157.59903	2.0022643464678538
157.622917	2.0022894203114547
157.634987	2.0023018133628603
157.634987	2.0023018133628603
157.634987	2.0023018133628603
157.634987	2.0023018133628603
157.634987	2.0023018133628603
157.659015	2.0023260142826
157.69498	2.0023608447116743
157.70692	2.0023720755448418
157.719047	2.0023833650135447
157.719047	2.0023833650135447
157.719047	2.0023833650135447
157.719047	2.0023833650135447
157.719047	2.0023833650135447
157.719047	2.0023833650135447
157.779031	2.0024366944555116
157.779031	2.0024366944555116
157.779031	2.0024366944555116
157.779031	2.0024366944555116
157.779031	2.0024366944555116
157.779031	2.0024366944555116
157.839014	2.0024867090661846
157.839014	2.0024867090661846
157.839014	2.0024867090661846
157.839014	2.0024867090661846
157.839014	2.0024867090661846
157.886917	2.0025247965329038
157.899012	2.0025342351594362
157.899012	2.0025342351594362
157.899012	2.0025342351594362
157.899012	2.0025342351594362
157.899012	2.0025342351594362
157.899012	2.0025342351594362
157.899012	2.0025342351594362
157.959014	2.0025802029657886
157.971134	2.0025893870899196
157.982917	2.0025983097716367
157.994982	2.0026074356904715
158.006916	2.0026164663223729
158.019013	2.0026256230942554
158.019013	2.0026256230942554
158.019013	2.0026256230942554
158.019013	2.0026256230942554
158.019013	2.0026256230942554
158.019013	2.0026256230942554
158.079036	2.0026714245446566
158.079036	2.0026714245446566
158.079036	2.0026714245446566
158.079036	2.0026714245446566
158.114984	2.0026993526656258
158.114984	2.0026993526656258
158.139011	2.0027182811231077
158.139011	2.0027182811231077
158.139011	2.0027182811231077
158.139011	2.0027182811231077
158.139011	2.0027182811231077
158.139011	2.0027182811231077
158.199097	2.002766813746633
158.199097	2.002766813746633
158.210923	2.0027765974165721
158.210923	2.0027765974165721
158.210923	2.0027765974165721
158.210923	2.0027765974165721
158.259012	2.0028170002313197
158.259012	2.0028170002313197
158.270917	2.0028272029387635
158.270917	2.0028272029387635
158.270917	2.0028272029387635
158.270917	2.0028272029387635
158.319039	2.0028690209131361
158.319059	2.0028690384324253
158.319059	2.0028690384324253
158.319059	2.0028690384324253
158.319059	2.0028690384324253
158.319059	2.0028690384324253
158.379034	2.0029223570273085
158.379034	2.0029223570273085
158.379034	2.0029223570273085
158.379034	2.0029223570273085
158.379034	2.0029223570273085
158.426946	2.0029654414005802
158.439064	2.002976360025404
158.439064	2.002976360025404
158.439064	2.002976360025404
158.439064	2.002976360025404
158.439064	2.002976360025404
158.439064	2.002976360025404
158.499035	2.0030301880492942
158.499035	2.0030301880492942
158.510936	2.003040764878147
158.510936	2.003040764878147
158.535009	2.0030620395427317
158.546937	2.0030724872674406
158.559052	2.0030830540818294
158.559052	2.0030830540818294
158.559052	2.0030830540818294
158.559052	2.0030830540818294
158.559052	2.0030830540818294
158.559052	2.0030830540818294
158.619031	2.0031340531117552
158.619031	2.0031340531117552
158.619031	2.0031340531117552
158.642937	2.0031536817881177
158.642937	2.0031536817881177
158.642937	2.0031536817881177
158.679032	2.003182474928161
158.679032	2.003182474928161
158.679032	2.003182474928161
158.679032	2.003182474928161
158.679032	2.003182474928161
158.679032	2.003182474928161
158.73906	2.0032277249530148
158.73906	2.0032277249530148
158.73906	2.0032277249530148
158.73906	2.0032277249530148
158.73906	2.0032277249530148
158.73906	2.0032277249530148
158.799033	2.0032694027275237
158.799033	2.0032694027275237
158.799033	2.0032694027275237
158.799033	2.0032694027275237
158.799033	2.0032694027275237
158.799033	2.0032694027275237
158.799033	2.0032694027275237
158.859109	2.0033075445010797
158.871045	2.0033146680790064
158.871045	2.0033146680790064
158.871045	2.0033146680790064
158.906936	2.0033354257154752
158.919031	2.003342196186666
158.919031	2.003342196186666
158.919031	2.003342196186666
158.942936	2.0033551575902715
158.942936	2.0033551575902715
158.966937	2.0033677378959633
158.979032	2.0033739574960676
158.979032	2.0033739574960676
158.979032	2.0033739574960676
159.002936	2.0033859297723065
159.002936	2.0033859297723065
159.002936	2.0033859297723065
159.039037	2.0034034588572394
159.039037	2.0034034588572394
159.039037	2.0034034588572394
159.039037	2.0034034588572394
159.039037	2.0034034588572394
159.039037	2.0034034588572394
159.099033	2.0034314852159985
159.099033	2.0034314852159985
159.099033	2.0034314852159985
159.099033	2.0034314852159985
159.099033	2.0034314852159985
159.146937	2.0034533692702214
159.159036	2.0034588824036517
159.159036	2.0034588824036517
159.159036	2.0034588824036517
159.159036	2.0034588824036517
159.159036	2.0034588824036517
159.206947	2.0034808625273901
159.219049	2.0034864678708431
159.219049	2.0034864678708431
159.219049	2.0034864678708431
159.219049	2.0034864678708431
159.255074	2.0035034239660177
159.266936	2.003509100767682
159.279058	2.0035149379533639
159.279058	2.0035149379533639
159.279058	2.0035149379533639
159.279058	2.0035149379533639
159.315001	2.0035326542306953
159.326955	2.0035386730824487
159.339068	2.003544818607327
159.339068	2.003544818607327
159.339068	2.003544818607327
159.339068	2.003544818607327
159.37502	2.0035635427782275
159.37502	2.0035635427782275
159.399052	2.0035763911857818
159.399052	2.0035763911857818
159.399052	2.0035763911857818
159.399052	2.0035763911857818
159.435022	2.003596183301581
159.435022	2.003596183301581
159.459058	2.0036097236249542
159.459058	2.0036097236249542
159.459058	2.0036097236249542
159.459058	2.0036097236249542
159.495021	2.0036304717141729
159.495021	2.0036304717141729
159.519125	2.0036446301615403
159.519125	2.0036446301615403
159.519125	2.0036446301615403
159.519125	2.0036446301615403
159.519125	2.0036446301615403
159.519125	2.0036446301615403
159.57907	2.0036805679548122
159.57907	2.0036805679548122
159.57907	2.0036805679548122
159.57907	2.0036805679548122
159.57907	2.0036805679548122
159.57907	2.0036805679548122
159.63905	2.0037170199578758
159.63905	2.0037170199578758
159.63905	2.0037170199578758
159.63905	2.0037170199578758
159.63905	2.0037170199578758
159.63905	2.0037170199578758
159.699055	2.003753264791071
159.699055	2.003753264791071
159.699055	2.003753264791071
159.699055	2.003753264791071
159.735028	2.0037745643571601
159.746956	2.0037815210613634
159.759067	2.0037885433661979
159.759067	2.0037885433661979
159.759067	2.0037885433661979
159.759067	2.0037885433661979
159.759067	2.0037885433661979
159.759067	2.0037885433661979
159.759067	2.0037885433661979
159.759067	2.0037885433661979
159.759067	2.0037885433661979
159.759067	2.0037885433661979
159.759067	2.0037885433661979
159.819135	2.0038221840452399
159.87905	2.0038534950911004
159.87905	2.0038534950911004
159.87905	2.0038534950911004
159.87905	2.0038534950911004
159.87905	2.0038534950911004
159.926966	2.0038766086810336
159.939048	2.0038821890941705
159.939048	2.0038821890941705
159.939048	2.0038821890941705
159.939048	2.0038821890941705
159.975022	2.0038980051587099
159.986976	2.0039030330820973
159.999051	2.0039080318014855
159.999051	2.0039080318014855
159.999051	2.0039080318014855
159.999051	2.0039080318014855
159.999051	2.0039080318014855
159.999051	2.0039080318014855
160.059056	2.0039310644177819
160.059056	2.0039310644177819
160.071008	2.0039353083303539
160.071008	2.0039353083303539
160.071008	2.0039353083303539
160.071008	2.0039353083303539
160.119073	2.0039515578881915
160.119073	2.0039515578881915
160.130956	2.0039553287246781
160.130956	2.0039553287246781
160.130956	2.0039553287246781
160.166955	2.0039663715723877
160.179121	2.0039699795631125
160.179121	2.0039699795631125
160.179121	2.0039699795631125
160.179121	2.0039699795631125
160.215105	2.0039802607294779
160.226981	2.0039835649151487
160.239051	2.0039868952205979
160.239051	2.0039868952205979
160.239051	2.0039868952205979
160.239051	2.0039868952205979
160.239051	2.0039868952205979
160.286956	2.0039998207028011
160.299087	2.0040030599899161
160.299087	2.0040030599899161
160.299087	2.0040030599899161
160.299107	2.0040030653304273
160.299107	2.0040030653304273
160.346979	2.0040158703214157
160.359071	2.0040191311506712
160.359071	2.0040191311506712
160.371078	2.0040224050406241
160.371078	2.0040224050406241
160.395042	2.0040290100524176
160.395042	2.0040290100524176
160.419078	2.0040357743160464
160.419078	2.0040357743160464
160.419078	2.0040357743160464
160.443047	2.0040427089818658
160.455045	2.0040462556453607
160.455045	2.0040462556453607
160.479174	2.004053533689035
160.479174	2.004053533689035
160.479174	2.004053533689035
160.479174	2.004053533689035
160.479174	2.004053533689035
160.479174	2.004053533689035
160.539076	2.0040726748622641
160.539076	2.0040726748622641
160.539076	2.0040726748622641
160.562975	2.0040807597972536
160.575108	2.0040849634082742
160.575108	2.0040849634082742
160.59907	2.0040934330376419
160.59907	2.0040934330376419
160.59907	2.0040934330376419
160.622996	2.0041021535771764
160.635041	2.0041066336393714
160.635041	2.0041066336393714
160.659093	2.0041157257191715
160.659093	2.0041157257191715
160.659093	2.0041157257191715
160.659093	2.0041157257191715
160.659093	2.0041157257191715
160.707063	2.0041344752933354
160.719082	2.0041392638640647
160.719082	2.0041392638640647
160.719082	2.0041392638640647
160.719082	2.0041392638640647
160.719082	2.0041392638640647
160.719082	2.0041392638640647
160.779073	2.0041636239799518
160.779073	2.0041636239799518
160.779073	2.0041636239799518
160.802976	2.0041734397084507
160.815065	2.0041784090775443
160.815065	2.0041784090775443
160.839139	2.0041882896882495
160.839139	2.0041882896882495
160.850976	2.004193123810909
160.850976	2.004193123810909
160.875052	2.0042029043773848
160.886996	2.0042077115086272
160.899075	2.0042125510905011
160.899075	2.0042125510905011
160.899075	2.0042125510905011
160.899075	2.0042125510905011
160.935047	2.0042266719555513
160.935047	2.0042266719555513
160.959074	2.0042358634575477
160.959074	2.0042358634575477
160.959074	2.0042358634575477
160.959074	2.0042358634575477
160.959074	2.0042358634575477
160.959074	2.0042358634575477
161.019114	2.0042576669993086
161.019114	2.0042576669993086
161.019114	2.0042576669993086
161.019114	2.0042576669993086
161.019114	2.0042576669993086
161.019114	2.0042576669993086
161.079073	2.0042774937652266
161.079073	2.0042774937652266
161.079073	2.0042774937652266
161.079073	2.0042774937652266
161.079073	2.0042774937652266
161.079073	2.0042774937652266
161.13911	2.0042951342209334
161.13911	2.0042951342209334
161.13911	2.0042951342209334
161.13911	2.0042951342209334
161.175039	2.0043045784759448
161.175039	2.0043045784759448
161.199091	2.0043104808755769
161.199091	2.0043104808755769
161.199091	2.0043104808755769
161.199091	2.0043104808755769
161.199091	2.0043104808755769
161.199091	2.0043104808755769
161.259078	2.0043236797327308
161.259078	2.0043236797327308
161.271063	2.0043260630702773
161.282996	2.004328398107492
161.295041	2.0043306691903267
161.295041	2.0043306691903267
161.319088	2.0043350377136093
161.319108	2.0043350413111622
161.319108	2.0043350413111622
161.319108	2.0043350413111622
161.355064	2.0043411351336373
161.367067	2.004343079279268
161.379095	2.0043449990700704
161.379095	2.0043449990700704
161.379095	2.0043449990700704
161.379095	2.0043449990700704
161.379095	2.0043449990700704
161.426996	2.0043523107046619
161.43911	2.0043541141416497
161.43911	2.0043541141416497
161.43911	2.0043541141416497
161.43911	2.0043541141416497
161.43911	2.0043541141416497
161.43911	2.0043541141416497
161.499158	2.0043629766880966
161.499158	2.0043629766880966
161.499158	2.0043629766880966
161.499158	2.0043629766880966
161.499158	2.0043629766880966
161.54702	2.0043702480928514
161.559094	2.0043721360715896
161.559094	2.0043721360715896
161.559094	2.0043721360715896
161.582995	2.0043759952618321
161.582995	2.0043759952618321
161.606996	2.0043800302123671
161.619089	2.0043821152825956
161.619089	2.0043821152825956
161.619089	2.0043821152825956
161.619089	2.0043821152825956
161.619089	2.0043821152825956
161.619089	2.0043821152825956
161.679127	2.0043932289832758
161.679127	2.0043932289832758
161.679127	2.0043932289832758
161.679127	2.0043932289832758
161.679127	2.0043932289832758
161.679127	2.0043932289832758
161.739097	2.0041024752958614
161.739097	2.0041024752958614
161.739097	2.0041024752958614
161.739097	2.0041024752958614
161.775062	2.003691386792573
161.775062	2.003691386792573
161.799094	2.0035290543036779
161.799094	2.0035290543036779
161.799094	2.0035290543036779
161.799094	2.0035290543036779
161.83506	2.0035236086924755
161.846996	2.0035296159238798
161.859098	2.0035353315859736
161.859098	2.0035353315859736
161.859098	2.0035353315859736
161.859098	2.0035353315859736
161.859098	2.0035353315859736
161.859098	2.0035353315859736
161.859098	2.0035353315859736
161.859098	2.0035353315859736
161.91909	2.003560784303672
161.943016	2.0035718240319791
161.943016	2.0035718240319791
161.943016	2.0035718240319791
161.979091	2.0035888374292199
161.979091	2.0035888374292199
161.979091	2.0035888374292199
162.002996	2.0036001858803987
162.015068	2.0036059211122788
162.015068	2.0036059211122788
162.039094	2.0036173313220171
162.039094	2.0036173313220171
162.039094	2.0036173313220171
162.039094	2.0036173313220171
162.039094	2.0036173313220171
162.086996	2.0036400066096078
162.099094	2.0036457179791181
162.099094	2.0036457179791181
162.099094	2.0036457179791181
162.122996	2.0036569698080977
162.122996	2.0036569698080977
162.122996	2.0036569698080977
162.122996	2.0036569698080977
162.159187	2.0036738757171246
162.171027	2.0036793462847728
162.182995	2.0036848600310568
162.195064	2.0036903817024405
162.207301	2.0036959467082487
162.219093	2.0037012874995437
162.219093	2.0037012874995437
162.219093	2.0037012874995437
162.219093	2.0037012874995437
162.255064	2.0037173236682317
162.266996	2.0037225652548458
162.266996	2.0037225652548458
162.266996	2.0037225652548458
162.266996	2.0037225652548458
162.266996	2.0037225652548458
162.266996	2.0037225652548458
162.279092	2.0037278508245295
162.339161	2.0037533883188177
162.339161	2.0037533883188177
162.339161	2.0037533883188177
162.363016	2.0037631996106016
162.363016	2.0037631996106016
162.363016	2.0037631996106016
162.399111	2.0037672132795672
162.399111	2.0037672132795672
162.399111	2.0037672132795672
162.399111	2.0037672132795672
162.399111	2.0037672132795672
162.399111	2.0037672132795672
162.459194	2.0033501508252347
162.459194	2.0033501508252347
162.459194	2.0033501508252347
162.459194	2.0033501508252347
162.459194	2.0033501508252347
162.459194	2.0033501508252347
162.51911	2.0030541736518099
162.51911	2.0030541736518099
162.51911	2.0030541736518099
162.51911	2.0030541736518099
162.51911	2.0030541736518099
162.51911	2.0030541736518099
162.579132	2.0030801336183703
162.579132	2.0030801336183703
162.579132	2.0030801336183703
162.603017	2.0030879357362048
162.615095	2.0030921925670615
162.615095	2.0030921925670615
162.639111	2.0031010504822322
162.639111	2.0031010504822322
162.639111	2.0031010504822322
162.639111	2.0031010504822322
162.639111	2.0031010504822322
162.687087	2.0031196405005325
162.699114	2.0031243726064045
162.699114	2.0031243726064045
162.711036	2.0031291067700709
162.711036	2.0031291067700709
162.711036	2.0031291067700709
162.711036	2.0031291067700709
162.711036	2.0031291067700709
162.711036	2.0031291067700709
162.759135	2.0031485058220673
162.783016	2.0031584030531877
162.783016	2.0031584030531877
162.783016	2.0031584030531877
162.819179	2.0031738068841127
162.819179	2.0031738068841127
162.819179	2.0031738068841127
162.843036	2.0031842776223221
162.843036	2.0031842776223221
162.867053	2.0031950527632083
162.879153	2.0032005502382138
162.879153	2.0032005502382138
162.879153	2.0032005502382138
162.879153	2.0032005502382138
162.879153	2.0032005502382138
162.879153	2.0032005502382138
162.939111	2.0032287478782052
162.939111	2.0032287478782052
162.939111	2.0032287478782052
162.963015	2.0032404168799611
162.963015	2.0032404168799611
162.963015	2.0032404168799611
162.999119	2.003258485518733
162.999119	2.003258485518733
163.011017	2.003264575167746
163.023016	2.0032707459770873
163.023016	2.0032707459770873
163.023016	2.0032707459770873
163.059113	2.0032896443359669
