#1
double table_thetaz(16300,2)
0	1.5707963300000001
0.06	1.5707615727724484
0.06	1.5707615727724484
0.06	1.5707615727724484
0.06	1.5707615727724484
0.06	1.5707615727724484
0.06	1.5707615727724484
0.120029	1.5707343195192005
0.120029	1.5707343195192005
0.120029	1.5707343195192005
0.120029	1.5707343195192005
0.156	1.5707115220269632
0.168024	1.5707022757327995
0.180022	1.5706925888022423
0.180022	1.5706925888022423
0.192002	1.5706814703398457
0.192002	1.5706814703398457
0.192002	1.5706814703398457
0.192002	1.5706814703398457
0.240004	1.5706292933099237
0.240004	1.5706292933099237
0.252022	1.5706134657898876
0.252022	1.5706134657898876
0.252022	1.5706134657898876
0.252022	1.5706134657898876
0.3	1.5705420627800615
0.3	1.5705420627800615
0.3	1.5705420627800615
0.324	1.5704999759573215
0.324	1.5704999759573215
0.324	1.5704999759573215
0.360109	1.5704297695192788
0.360109	1.5704297695192788
0.360109	1.5704297695192788
0.360109	1.5704297695192788
0.360109	1.5704297695192788
0.360109	1.5704297695192788
0.420002	1.5702949402461468
0.420002	1.5702949402461468
0.420002	1.5702949402461468
0.420002	1.5702949402461468
0.420002	1.5702949402461468
0.420002	1.5702949402461468
0.48	1.5701426116009403
0.48	1.5701426116009403
0.48	1.5701426116009403
0.480003	1.5701426036282071
0.480003	1.5701426036282071
0.528031	1.5700140444624795
0.540023	1.5699816835264744
0.552004	1.5699494315147586
0.552004	1.5699494315147586
0.552004	1.5699494315147586
0.552004	1.5699494315147586
0.552004	1.5699494315147586
0.600003	1.5698220152483706
0.600003	1.5698220152483706
0.600003	1.5698220152483706
0.600003	1.5698220152483706
0.600003	1.5698220152483706
0.600003	1.5698220152483706
0.660003	1.5696725069375663
0.660003	1.5696725069375663
0.660003	1.5696725069375663
0.660003	1.5696725069375663
0.696003	1.5695910414500753
0.696003	1.5695910414500753
0.720012	1.5695405022065065
0.720012	1.5695405022065065
0.720012	1.5695405022065065
0.720012	1.5695405022065065
0.720012	1.5695405022065065
0.720012	1.5695405022065065
0.780024	1.5694302614453328
0.780024	1.5694302614453328
0.780024	1.5694302614453328
0.780024	1.5694302614453328
0.780024	1.5694302614453328
0.780024	1.5694302614453328
0.840025	1.5693424394150286
0.840025	1.5693424394150286
0.840025	1.5693424394150286
0.840025	1.5693424394150286
0.840025	1.5693424394150286
0.840025	1.5693424394150286
0.900035	1.5692749633865004
0.900035	1.5692749633865004
0.900035	1.5692749633865004
0.900035	1.5692749633865004
0.900035	1.5692749633865004
0.900035	1.5692749633865004
0.960003	1.5692249862557992
0.960003	1.5692249862557992
0.960003	1.5692249862557992
0.960003	1.5692249862557992
0.960003	1.5692249862557992
0.960003	1.5692249862557992
1.020121	1.5691903515189205
1.020121	1.5691903515189205
1.03201	1.5691854729053658
1.03201	1.5691854729053658
1.03201	1.5691854729053658
1.03201	1.5691854729053658
1.080004	1.569170954232241
1.080004	1.569170954232241
1.080004	1.569170954232241
1.080004	1.569170954232241
1.080004	1.569170954232241
1.080004	1.569170954232241
1.140003	1.5691681938524509
1.140003	1.5691681938524509
1.152044	1.5691701445080044
1.152044	1.5691701445080044
1.152044	1.5691701445080044
1.152044	1.5691701445080044
1.200024	1.5691848197080613
1.200024	1.5691848197080613
1.200024	1.5691848197080613
1.200024	1.5691848197080613
1.236024	1.5692054547175174
1.236024	1.5692054547175174
1.260013	1.5692234995763876
1.260013	1.5692234995763876
1.260013	1.5692234995763876
1.260013	1.5692234995763876
1.260013	1.5692234995763876
1.308047	1.5692717700583838
1.320004	1.5692857568449825
1.332026	1.5693013797341717
1.332026	1.5693013797341717
1.332026	1.5693013797341717
1.332026	1.5693013797341717
1.332026	1.5693013797341717
1.380004	1.5693712426293998
1.380004	1.5693712426293998
1.380004	1.5693712426293998
1.380004	1.5693712426293998
1.380004	1.5693712426293998
1.380004	1.5693712426293998
1.440024	1.5694777267073103
1.440024	1.5694777267073103
1.440024	1.5694777267073103
1.440024	1.5694777267073103
1.440024	1.5694777267073103
1.440024	1.5694777267073103
1.500004	1.5696013886160114
1.500004	1.5696013886160114
1.500008	1.569601397473962
1.500008	1.569601397473962
1.500008	1.569601397473962
1.500008	1.569601397473962
1.560012	1.5697377527503398
1.560012	1.5697377527503398
1.560012	1.5697377527503398
1.560012	1.5697377527503398
1.560012	1.5697377527503398
1.560012	1.5697377527503398
1.620007	1.5698815331943052
1.620007	1.5698815331943052
1.620007	1.5698815331943052
1.620007	1.5698815331943052
1.620007	1.5698815331943052
1.620007	1.5698815331943052
1.680135	1.5700274471683557
1.680135	1.5700274471683557
1.680135	1.5700274471683557
1.680135	1.5700274471683557
1.680135	1.5700274471683557
1.680135	1.5700274471683557
1.680135	1.5700274471683557
1.680135	1.5700274471683557
1.680135	1.5700274471683557
1.680135	1.5700274471683557
1.680135	1.5700274471683557
1.680135	1.5700274471683557
1.800008	1.5703004023495113
1.800008	1.5703004023495113
1.800008	1.5703004023495113
1.824011	1.5703490271795411
1.836027	1.5703724560187398
1.848033	1.5703950747114617
1.860028	1.570417279064229
1.860028	1.570417279064229
1.860028	1.570417279064229
1.860028	1.570417279064229
1.860028	1.570417279064229
1.860028	1.570417279064229
1.920008	1.5705153508085721
1.932009	1.570532205196568
1.932009	1.570532205196568
1.932009	1.570532205196568
1.932009	1.570532205196568
1.932009	1.570532205196568
1.980008	1.5705923725910482
1.980008	1.5705923725910482
1.980008	1.5705923725910482
1.980008	1.5705923725910482
1.980008	1.5705923725910482
1.980008	1.5705923725910482
1.980008	1.5705923725910482
2.052009	1.570655654852559
2.052009	1.570655654852559
2.052009	1.570655654852559
2.052009	1.570655654852559
2.052009	1.570655654852559
2.100028	1.5706813463916283
2.100028	1.5706813463916283
2.100028	1.5706813463916283
2.100028	1.5706813463916283
2.100028	1.5706813463916283
2.14804	1.5706939732411371
2.160007	1.5706956035997359
2.172008	1.5706961032698386
2.172008	1.5706961032698386
2.172008	1.5706961032698386
2.172008	1.5706961032698386
2.172008	1.5706961032698386
2.220012	1.5706928671080405
2.220012	1.5706928671080405
2.232032	1.5706903643420611
2.232032	1.5706903643420611
2.232032	1.5706903643420611
2.232032	1.5706903643420611
2.280007	1.5706762167593145
2.280007	1.5706762167593145
2.280007	1.5706762167593145
2.280007	1.5706762167593145
2.280007	1.5706762167593145
2.280007	1.5706762167593145
2.340135	1.5706488421309963
2.340135	1.5706488421309963
2.340135	1.5706488421309963
2.340135	1.5706488421309963
2.340135	1.5706488421309963
2.340135	1.5706488421309963
2.400008	1.5706140930938099
2.400008	1.5706140930938099
2.400008	1.5706140930938099
2.400008	1.5706140930938099
2.400008	1.5706140930938099
2.400008	1.5706140930938099
2.460008	1.5705745620386067
2.460008	1.5705745620386067
2.460008	1.5705745620386067
2.460008	1.5705745620386067
2.460008	1.5705745620386067
2.460008	1.5705745620386067
2.520049	1.5705326426321233
2.520053	1.5705326398022634
2.520053	1.5705326398022634
2.544011	1.5705156920740859
2.544011	1.5705156920740859
2.544011	1.5705156920740859
2.580012	1.5704902989816925
2.580012	1.5704902989816925
2.580012	1.5704902989816925
2.580012	1.5704902989816925
2.580012	1.5704902989816925
2.580012	1.5704902989816925
2.640012	1.5704488607157803
2.640012	1.5704488607157803
2.640012	1.5704488607157803
2.640012	1.5704488607157803
2.640012	1.5704488607157803
2.640012	1.5704488607157803
2.700011	1.5704092971336827
2.700011	1.5704092971336827
2.700011	1.5704092971336827
2.700011	1.5704092971336827
2.700011	1.5704092971336827
2.748048	1.5703793439577147
2.760032	1.5703720767445992
2.772013	1.5703649744421053
2.772013	1.5703649744421053
2.772013	1.5703649744421053
2.772013	1.5703649744421053
2.772013	1.5703649744421053
2.820012	1.5703373173327011
2.820012	1.5703373173327011
2.820012	1.5703373173327011
2.820012	1.5703373173327011
2.820012	1.5703373173327011
2.820012	1.5703373173327011
2.880016	1.5703047989048859
2.880016	1.5703047989048859
2.892049	1.5702985530553792
2.892049	1.5702985530553792
2.892049	1.5702985530553792
2.892049	1.5702985530553792
2.940012	1.5702743062777085
2.952013	1.5702684653043959
2.952013	1.5702684653043959
2.952013	1.5702684653043959
2.952013	1.5702684653043959
2.952013	1.5702684653043959
3.00012	1.5702457327102817
3.00012	1.5702457327102817
3.00012	1.5702457327102817
3.024032	1.5702349950949608
3.036012	1.5702297527962976
3.036012	1.5702297527962976
3.060032	1.570219549784128
3.060032	1.570219549784128
3.060032	1.570219549784128
3.060032	1.570219549784128
3.060032	1.570219549784128
3.060032	1.570219549784128
3.120012	1.5701964790465319
3.120012	1.5701964790465319
3.120012	1.5701964790465319
3.120012	1.5701964790465319
3.156032	1.5701847364193966
3.156032	1.5701847364193966
3.180032	1.5701779186012921
3.192034	1.5701749918201331
3.192034	1.5701749918201331
3.192034	1.5701749918201331
3.192034	1.5701749918201331
3.228051	1.5701676372280542
3.240011	1.5701656922817095
3.252013	1.5701642938042586
3.252013	1.5701642938042586
3.252013	1.5701642938042586
3.252013	1.5701642938042586
3.252013	1.5701642938042586
3.300037	1.5701617542114041
3.300037	1.5701617542114041
3.300037	1.5701617542114041
3.300037	1.5701617542114041
3.300037	1.5701617542114041
3.348045	1.5701659391478842
3.360011	1.5701678866345241
3.372013	1.5701705972322366
3.372013	1.5701705972322366
3.372013	1.5701705972322366
3.372013	1.5701705972322366
3.372013	1.5701705972322366
3.420032	1.5701853349854231
3.420032	1.5701853349854231
3.420032	1.5701853349854231
3.420032	1.5701853349854231
3.420032	1.5701853349854231
3.468037	1.5702079017690393
3.480012	1.5702144981257879
3.492013	1.5702218625982427
3.492013	1.5702218625982427
3.492013	1.5702218625982427
3.492013	1.5702218625982427
3.492013	1.5702218625982427
3.540016	1.5702549267619021
3.54002	1.5702549299157043
3.54002	1.5702549299157043
3.54002	1.5702549299157043
3.54002	1.5702549299157043
3.54002	1.5702549299157043
3.600015	1.5703052888868485
3.600015	1.5703052888868485
3.600015	1.5703052888868485
3.600015	1.5703052888868485
3.600015	1.5703052888868485
3.600015	1.5703052888868485
3.660143	1.5703637352502258
3.660143	1.5703637352502258
3.660143	1.5703637352502258
3.660143	1.5703637352502258
3.660143	1.5703637352502258
3.660143	1.5703637352502258
3.720015	1.570427410400655
3.720015	1.570427410400655
3.720015	1.570427410400655
3.720015	1.570427410400655
3.720015	1.570427410400655
3.720015	1.570427410400655
3.780016	1.5704939680476746
3.780016	1.5704939680476746
3.780016	1.5704939680476746
3.780016	1.5704939680476746
3.780016	1.5704939680476746
3.780016	1.5704939680476746
3.840036	1.5705603985482051
3.840036	1.5705603985482051
3.840036	1.5705603985482051
3.840036	1.5705603985482051
3.840036	1.5705603985482051
3.840036	1.5705603985482051
3.900015	1.5706237179057367
3.900015	1.5706237179057367
3.900015	1.5706237179057367
3.900015	1.5706237179057367
3.900015	1.5706237179057367
3.900015	1.5706237179057367
3.900015	1.5706237179057367
3.900015	1.5706237179057367
3.900015	1.5706237179057367
3.900015	1.5706237179057367
3.900015	1.5706237179057367
3.900015	1.5706237179057367
4.020017	1.5707302805128363
4.020017	1.5707302805128363
4.032016	1.5707387581727978
4.044015	1.5707469899600548
4.056073	1.5707547708911034
4.068049	1.5707619848882657
4.068049	1.5707619848882657
4.080036	1.570768952120583
4.080036	1.570768952120583
4.080036	1.570768952120583
4.080036	1.570768952120583
4.080036	1.570768952120583
4.140028	1.5707957787956826
4.140028	1.5707957787956826
4.140028	1.5707957787956826
4.140028	1.5707957787956826
4.140028	1.5707957787956826
4.140028	1.5707957787956826
4.20002	1.570810139342188
4.20002	1.570810139342188
4.20002	1.570810139342188
4.20002	1.570810139342188
4.20002	1.570810139342188
4.20002	1.570810139342188
4.260053	1.5708122166099796
4.260053	1.5708122166099796
4.260053	1.5708122166099796
4.260053	1.5708122166099796
4.260053	1.5708122166099796
4.260053	1.5708122166099796
4.320147	1.5708030007208003
4.320147	1.5708030007208003
4.320147	1.5708030007208003
4.344035	1.5707965007110454
4.344035	1.5707965007110454
4.344035	1.5707965007110454
4.380015	1.5707843590124839
4.380015	1.5707843590124839
4.392015	1.5707795966220675
4.392015	1.5707795966220675
4.392015	1.5707795966220675
4.42804	1.5707640864334165
4.440016	1.5707585618018114
4.440016	1.5707585618018114
4.452057	1.5707527134189772
4.452057	1.5707527134189772
4.452057	1.5707527134189772
4.488049	1.5707345821242771
4.500036	1.5707283629298103
4.500036	1.5707283629298103
4.512018	1.5707220416489274
4.512018	1.5707220416489274
4.512018	1.5707220416489274
4.512022	1.5707220395386683
4.560019	1.5706965910974189
4.572042	1.5706902856372589
4.572042	1.5706902856372589
4.572042	1.5706902856372589
4.572042	1.5706902856372589
4.572042	1.5706902856372589
4.62002	1.5706658101379898
4.62002	1.5706658101379898
4.632042	1.5706600107264506
4.632042	1.5706600107264506
4.632042	1.5706600107264506
4.632042	1.5706600107264506
4.68002	1.5706382006170996
4.68002	1.5706382006170996
4.68002	1.5706382006170996
4.68002	1.5706382006170996
4.68002	1.5706382006170996
4.68002	1.5706382006170996
4.74004	1.5706153753412113
4.74004	1.5706153753412113
4.74004	1.5706153753412113
4.74004	1.5706153753412113
4.74004	1.5706153753412113
4.74004	1.5706153753412113
4.80002	1.5705983761188993
4.80002	1.5705983761188993
4.80002	1.5705983761188993
4.80002	1.5705983761188993
4.80002	1.5705983761188993
4.80002	1.5705983761188993
4.860024	1.5705876221901283
4.860024	1.5705876221901283
4.860024	1.5705876221901283
4.860024	1.5705876221901283
4.860024	1.5705876221901283
4.860024	1.5705876221901283
4.920019	1.5705830216073111
4.920019	1.5705830216073111
4.932021	1.5705828690389263
4.932021	1.5705828690389263
4.932021	1.5705828690389263
4.932021	1.5705828690389263
4.980128	1.5705840049676965
4.980128	1.5705840049676965
4.980128	1.5705840049676965
5.00404	1.5705857803963668
5.00404	1.5705857803963668
5.00404	1.5705857803963668
5.00404	1.5705857803963668
5.040598	1.5705896548650911
5.040598	1.5705896548650911
5.040598	1.5705896548650911
5.040598	1.5705896548650911
5.040598	1.5705896548650911
5.100049	1.5705985063147971
5.100049	1.5705985063147971
5.100049	1.5705985063147971
5.100049	1.5705985063147971
5.100049	1.5705985063147971
5.100049	1.5705985063147971
5.16004	1.5706093660953886
5.16004	1.5706093660953886
5.172077	1.570611658141341
5.172077	1.570611658141341
5.19602	1.5706162276573195
5.19602	1.5706162276573195
5.220019	1.5706207815397997
5.220019	1.5706207815397997
5.232042	1.5706230166266841
5.244059	1.570625228655008
5.256024	1.570627388276256
5.256024	1.570627388276256
5.28002	1.5706315795582244
5.28002	1.5706315795582244
5.292042	1.5706335658836443
5.30402	1.5706355074246432
5.316027	1.5706373792226276
5.316027	1.5706373792226276
5.34002	1.5706409174195666
5.34002	1.5706409174195666
5.34002	1.5706409174195666
5.36402	1.5706441206432724
5.37606	1.5706456202682169
5.37606	1.5706456202682169
5.40004	1.5706483947780583
5.40004	1.5706483947780583
5.40004	1.5706483947780583
5.40004	1.5706483947780583
5.40004	1.5706483947780583
5.40004	1.5706483947780583
5.460041	1.5706540772542896
5.460041	1.5706540772542896
5.460041	1.5706540772542896
5.460041	1.5706540772542896
5.460041	1.5706540772542896
5.508082	1.5706576622052946
5.520024	1.5706584834274446
5.520024	1.5706584834274446
5.532048	1.5706592822093515
5.532052	1.5706592824750807
5.532052	1.5706592824750807
5.568049	1.5706616751181137
5.580024	1.5706624849221689
5.592045	1.5706633416305402
5.592045	1.5706633416305402
5.604024	1.5706642182929231
5.604024	1.5706642182929231
5.604024	1.5706642182929231
5.640137	1.5706671545490232
5.640137	1.5706671545490232
5.640137	1.5706671545490232
5.640137	1.5706671545490232
5.640137	1.5706671545490232
5.640137	1.5706671545490232
5.700025	1.5706735243540726
5.700025	1.5706735243540726
5.700025	1.5706735243540726
5.700025	1.5706735243540726
5.700025	1.5706735243540726
5.700025	1.5706735243540726
5.760025	1.5706825039035608
5.760025	1.5706825039035608
5.760025	1.5706825039035608
5.784031	1.5706869909993901
5.784031	1.5706869909993901
5.784031	1.5706869909993901
5.820045	1.5706946412981242
5.820045	1.5706946412981242
5.820045	1.5706946412981242
5.820045	1.5706946412981242
5.820045	1.5706946412981242
5.820045	1.5706946412981242
5.880025	1.5707100838590753
5.880025	1.5707100838590753
5.880025	1.5707100838590753
5.880025	1.5707100838590753
5.880025	1.5707100838590753
5.928067	1.5707247324185007
5.940025	1.5707286122188491
5.940025	1.5707286122188491
5.940025	1.5707286122188491
5.940025	1.5707286122188491
5.940025	1.5707286122188491
5.940025	1.5707286122188491
6.000024	1.5707496332112449
6.000024	1.5707496332112449
6.012029	1.5707540846305363
6.012029	1.5707540846305363
6.012029	1.5707540846305363
6.012029	1.5707540846305363
6.012029	1.5707540846305363
6.012029	1.5707540846305363
6.060045	1.5707722755862419
6.084045	1.5707815391306816
6.084045	1.5707815391306816
6.084045	1.5707815391306816
6.084045	1.5707815391306816
6.120046	1.5707954192325733
6.132037	1.570799983935611
6.132037	1.570799983935611
6.132037	1.570799983935611
6.168085	1.5708134489520544
6.168085	1.5708134489520544
6.180029	1.570817808897621
6.192047	1.5708220575682226
6.204025	1.5708262357207152
6.216045	1.5708303167374831
6.228048	1.570834259664224
6.240025	1.5708381286959427
6.240025	1.5708381286959427
6.252048	1.5708417868656439
6.252048	1.5708417868656439
6.252048	1.5708417868656439
6.252048	1.5708417868656439
6.300134	1.5708550990661976
6.300134	1.5708550990661976
6.300134	1.5708550990661976
6.300134	1.5708550990661976
6.300134	1.5708550990661976
6.300134	1.5708550990661976
6.360025	1.5708674835489931
6.360025	1.5708674835489931
6.360025	1.5708674835489931
6.360025	1.5708674835489931
6.360025	1.5708674835489931
6.360025	1.5708674835489931
6.420025	1.570874466806649
6.420025	1.570874466806649
6.420025	1.570874466806649
6.420025	1.570874466806649
6.420025	1.570874466806649
6.420025	1.570874466806649
6.480055	1.5708755070606053
6.480055	1.5708755070606053
6.480055	1.5708755070606053
6.480055	1.5708755070606053
6.480055	1.5708755070606053
6.480055	1.5708755070606053
6.540025	1.5708705526343165
6.552025	1.5708687993616539
6.55203	1.5708687986311236
6.55203	1.5708687986311236
6.55203	1.5708687986311236
6.588163	1.5708624570579439
6.60003	1.5708600396903381
6.60003	1.5708600396903381
6.60003	1.5708600396903381
6.62403	1.5708544360476298
6.636028	1.5708513990831685
6.636028	1.5708513990831685
6.660028	1.5708449015439454
6.660028	1.5708449015439454
6.672036	1.5708413888562536
6.684028	1.5708378188137091
6.69607	1.5708341107209283
6.69607	1.5708341107209283
6.69607	1.5708341107209283
6.69607	1.5708341107209283
6.69607	1.5708341107209283
6.69607	1.5708341107209283
6.69607	1.5708341107209283
6.69607	1.5708341107209283
6.69607	1.5708341107209283
6.792028	1.5708023989279243
6.792028	1.5708023989279243
6.804028	1.5707983729430879
6.804028	1.5707983729430879
6.804028	1.5707983729430879
6.804028	1.5707983729430879
6.804028	1.5707983729430879
6.85205	1.5707827516552706
6.85205	1.5707827516552706
6.85205	1.5707827516552706
6.888058	1.5707719093769055
6.888058	1.5707719093769055
6.888058	1.5707719093769055
6.888058	1.5707719093769055
6.888058	1.5707719093769055
6.936028	1.5707592106448545
6.94806	1.5707564340273754
6.960147	1.5707537400269429
6.972054	1.5707513773931407
6.972054	1.5707513773931407
6.984048	1.5707491038425117
6.984048	1.5707491038425117
6.984048	1.5707491038425117
6.984048	1.5707491038425117
6.984048	1.5707491038425117
6.984048	1.5707491038425117
6.984048	1.5707491038425117
6.984048	1.5707491038425117
6.984048	1.5707491038425117
6.984048	1.5707491038425117
6.984048	1.5707491038425117
7.092079	1.5707379044808547
7.104145	1.5707376869369516
7.116048	1.5707377018582376
7.128053	1.5707379499332002
7.128053	1.5707379499332002
7.128053	1.5707379499332002
7.128053	1.5707379499332002
7.128053	1.5707379499332002
7.128053	1.5707379499332002
7.188052	1.5707420961790486
7.200028	1.5707434375627265
7.212028	1.5707450788243729
7.212028	1.5707450788243729
7.212028	1.5707450788243729
7.212028	1.5707450788243729
7.24807	1.5707508354504294
7.24807	1.5707508354504294
7.260754	1.5707531534993544
7.272049	1.5707554264368935
7.272049	1.5707554264368935
7.272049	1.5707554264368935
7.308065	1.5707632928592872
7.308065	1.5707632928592872
7.308065	1.5707632928592872
7.308065	1.5707632928592872
7.308065	1.5707632928592872
7.308065	1.5707632928592872
7.368112	1.5707783672417468
7.380049	1.5707815508748249
7.392029	1.5707848168478558
7.392029	1.5707848168478558
7.404048	1.5707881074885277
7.416028	1.5707914149994522
7.428053	1.5707947430270903
7.440028	1.5707980611520413
7.440028	1.5707980611520413
7.452038	1.5708013719487399
7.452038	1.5708013719487399
7.452038	1.5708013719487399
7.48809	1.5708111550587707
7.500053	1.5708143346815586
7.500053	1.5708143346815586
7.500053	1.5708143346815586
7.524046	1.5708204738090918
7.536048	1.5708234424911929
7.548061	1.57082631619418
7.560028	1.5708291307914117
7.560032	1.5708291316770875
7.560032	1.5708291316770875
7.560032	1.5708291316770875
7.560032	1.5708291316770875
7.560032	1.5708291316770875
7.620652	1.5708415780626928
7.620652	1.5708415780626928
7.620652	1.5708415780626928
7.644052	1.5708455257364113
7.644052	1.5708455257364113
7.644052	1.5708455257364113
7.680032	1.5708506651204428
7.680032	1.5708506651204428
7.680032	1.5708506651204428
7.704032	1.570853348823632
7.704032	1.570853348823632
7.728056	1.5708554922460485
7.740032	1.5708564070509929
7.752076	1.5708571011485499
7.752076	1.5708571011485499
7.752076	1.5708571011485499
7.776052	1.570858191654755
7.776052	1.570858191654755
7.776052	1.570858191654755
7.776052	1.570858191654755
7.776052	1.570858191654755
7.776052	1.570858191654755
7.776052	1.570858191654755
7.800052	1.5708587925344586
7.860032	1.5708582939438926
7.860032	1.5708582939438926
7.860032	1.5708582939438926
7.884069	1.5708574374246451
7.884069	1.5708574374246451
7.884069	1.5708574374246451
7.920032	1.5708556920561794
7.920032	1.5708556920561794
7.920032	1.5708556920561794
7.920032	1.5708556920561794
7.920032	1.5708556920561794
7.968057	1.5708527445080178
7.980032	1.5708519641232201
7.992034	1.5708511765330817
7.992034	1.5708511765330817
7.992034	1.5708511765330817
7.992034	1.5708511765330817
7.992034	1.5708511765330817
7.992034	1.5708511765330817
8.040053	1.5708481478927263
8.052034	1.5708474769049585
8.052034	1.5708474769049585
8.052034	1.5708474769049585
8.088065	1.570845707057156
8.100032	1.5708452110898516
8.100032	1.5708452110898516
8.100032	1.5708452110898516
8.100032	1.5708452110898516
8.136032	1.5708442198568118
8.149092	1.5708440392467897
8.149092	1.5708440392467897
8.149092	1.5708440392467897
8.149092	1.5708440392467897
8.185146	1.5708440364602196
8.185146	1.5708440364602196
8.185146	1.5708440364602196
8.185146	1.5708440364602196
8.185146	1.5708440364602196
8.185146	1.5708440364602196
8.185146	1.5708440364602196
8.209032	1.5708445019084671
8.269072	1.5708473253711828
8.281484	1.5708481831177152
8.281484	1.5708481831177152
8.281484	1.5708481831177152
8.281484	1.5708481831177152
8.281484	1.5708481831177152
8.329032	1.5708524724505282
8.329032	1.5708524724505282
8.329032	1.5708524724505282
8.329032	1.5708524724505282
8.329032	1.5708524724505282
8.377034	1.570858060906416
8.389034	1.5708596443984153
8.389034	1.5708596443984153
8.389034	1.5708596443984153
8.389034	1.5708596443984153
8.389034	1.5708596443984153
8.437035	1.5708664726831432
8.437035	1.5708664726831432
8.449053	1.5708682961974314
8.461432	1.5708701942341128
8.461432	1.5708701942341128
8.461432	1.5708701942341128
8.461432	1.5708701942341128
8.509033	1.570877689640394
8.52104	1.5708795892379626
8.533143	1.57088148797494
8.533143	1.57088148797494
8.533143	1.57088148797494
8.533143	1.57088148797494
8.569033	1.5708869846432847
8.569033	1.5708869846432847
8.581063	1.5708887699826939
8.581063	1.5708887699826939
8.581063	1.5708887699826939
8.581063	1.5708887699826939
8.629062	1.5708952915200436
8.64104	1.5708967763647119
8.64104	1.5708967763647119
8.64104	1.5708967763647119
8.64104	1.5708967763647119
8.64104	1.5708967763647119
8.68906	1.5709017600374593
8.68906	1.5709017600374593
8.701041	1.5709027965145952
8.701041	1.5709027965145952
8.701041	1.5709027965145952
8.701041	1.5709027965145952
8.749041	1.5709056944877897
8.761061	1.5709061658766594
8.773121	1.5709064501682706
8.773121	1.5709064501682706
8.773121	1.5709064501682706
8.773121	1.5709064501682706
8.809044	1.5709066250421424
8.809044	1.5709066250421424
8.821061	1.5709064639317136
8.833117	1.5709061061767464
8.833117	1.5709061061767464
8.833117	1.5709061061767464
8.869041	1.5709043711796047
8.869041	1.5709043711796047
8.869041	1.5709043711796047
8.869041	1.5709043711796047
8.869041	1.5709043711796047
8.917039	1.5709003828987607
8.929085	1.5708990779027938
8.929085	1.5708990779027938
8.929085	1.5708990779027938
8.929085	1.5708990779027938
8.929085	1.5708990779027938
8.977059	1.5708929889626981
8.989039	1.5708912387213625
8.989039	1.5708912387213625
9.013106	1.5708875393954969
9.013106	1.5708875393954969
9.025156	1.5708855993446138
9.025156	1.5708855993446138
9.049039	1.5708816047225642
9.049039	1.5708816047225642
9.049039	1.5708816047225642
9.073484	1.5708773862395509
9.073484	1.5708773862395509
9.073484	1.5708773862395509
9.109059	1.5708711532745276
9.109059	1.5708711532745276
9.109059	1.5708711532745276
9.109059	1.5708711532745276
9.145138	1.5708649253610689
9.157064	1.5708629228782738
9.169039	1.5708609711612844
9.181039	1.5708590432940435
9.181039	1.5708590432940435
9.181039	1.5708590432940435
9.181039	1.5708590432940435
9.181039	1.5708590432940435
9.229039	1.5708521017515995
9.229039	1.5708521017515995
9.229039	1.5708521017515995
9.229039	1.5708521017515995
9.229039	1.5708521017515995
9.229039	1.5708521017515995
9.28906	1.5708454612124247
9.28906	1.5708454612124247
9.28906	1.5708454612124247
9.28906	1.5708454612124247
9.28906	1.5708454612124247
9.337046	1.5708422035352407
9.349059	1.5708417368570076
9.349059	1.5708417368570076
9.349059	1.5708417368570076
9.349059	1.5708417368570076
9.349059	1.5708417368570076
9.397039	1.5708411059850327
9.409039	1.5708413181376679
9.42106	1.5708416070606319
9.42106	1.5708416070606319
9.433116	1.5708421042332084
9.433116	1.5708421042332084
9.433116	1.5708421042332084
9.433116	1.5708421042332084
9.469043	1.5708442871393618
9.481483	1.5708452806792652
9.493112	1.5708463870880627
9.493112	1.5708463870880627
9.493112	1.5708463870880627
9.493112	1.5708463870880627
9.529041	1.5708504247679822
9.541041	1.5708519654532349
9.541041	1.5708519654532349
9.541041	1.5708519654532349
9.541046	1.5708519661607807
9.58909	1.570859252266813
9.58909	1.570859252266813
9.58909	1.570859252266813
9.58909	1.570859252266813
9.625145	1.570865550269984
9.625145	1.570865550269984
9.649044	1.5708700389597214
9.649044	1.5708700389597214
9.649044	1.5708700389597214
9.649044	1.5708700389597214
9.649044	1.5708700389597214
9.649044	1.5708700389597214
9.709044	1.5708819439459185
9.721091	1.5708843850587928
9.721091	1.5708843850587928
9.733652	1.5708869293427412
9.745197	1.5708892580734926
9.745197	1.5708892580734926
9.769064	1.5708940145984387
9.769064	1.5708940145984387
9.769064	1.5708940145984387
9.793109	1.570898681931826
9.793109	1.570898681931826
9.793109	1.570898681931826
9.829065	1.5709052913960566
9.829065	1.5709052913960566
9.829065	1.5709052913960566
9.853151	1.5709093988575187
9.865149	1.5709113309968732
9.878072	1.5709133275969542
9.878072	1.5709133275969542
9.902067	1.570916726188486
9.902067	1.570916726188486
9.902067	1.570916726188486
9.902067	1.570916726188486
9.938069	1.5709210687518758
9.950052	1.5709222703113794
9.962044	1.5709234098765441
9.962044	1.5709234098765441
9.97412	1.5709243960467858
9.97412	1.5709243960467858
9.97412	1.5709243960467858
9.97412	1.5709243960467858
9.97412	1.5709243960467858
10.022066	1.570927211684936
10.034064	1.5709275904977786
10.046063	1.5709278683593382
10.046063	1.5709278683593382
10.070044	1.570928062167096
10.070044	1.570928062167096
10.070044	1.570928062167096
10.070044	1.570928062167096
10.070044	1.570928062167096
10.070044	1.570928062167096
10.070044	1.570928062167096
10.070044	1.570928062167096
10.070044	1.570928062167096
10.070044	1.570928062167096
10.070044	1.570928062167096
10.070044	1.570928062167096
10.190044	1.5709226636948428
10.190044	1.5709226636948428
10.190044	1.5709226636948428
10.190044	1.5709226636948428
10.190044	1.5709226636948428
10.190044	1.5709226636948428
10.190044	1.5709226636948428
10.190044	1.5709226636948428
10.190044	1.5709226636948428
10.190044	1.5709226636948428
10.287066	1.5709128521076654
10.299046	1.5709114856852961
10.299046	1.5709114856852961
10.299046	1.5709114856852961
10.299046	1.5709114856852961
10.299046	1.5709114856852961
10.299046	1.5709114856852961
10.359086	1.5709045938174504
10.371482	1.5709032247222172
10.371482	1.5709032247222172
10.371482	1.5709032247222172
10.371482	1.5709032247222172
10.371482	1.5709032247222172
10.419065	1.5708982860759999
10.419065	1.5708982860759999
10.419065	1.5708982860759999
10.419065	1.5708982860759999
10.455144	1.5708950981004133
10.455144	1.5708950981004133
10.455144	1.5708950981004133
10.455144	1.5708950981004133
10.455144	1.5708950981004133
10.455144	1.5708950981004133
10.479046	1.5708932936229716
10.527048	1.5708906476008038
10.539066	1.5708901685085894
10.551046	1.5708898269638287
10.551046	1.5708898269638287
10.551046	1.5708898269638287
10.55105	1.5708898268536309
10.58705	1.5708892658725813
10.599079	1.5708892393774394
10.611051	1.5708893536466972
10.62316	1.5708895207764675
10.62316	1.5708895207764675
10.62316	1.5708895207764675
10.647071	1.5708901594485833
10.65905	1.5708905828018793
10.65905	1.5708905828018793
10.65905	1.5708905828018793
10.683117	1.570891741362344
10.69515	1.5708924438764065
10.69515	1.5708924438764065
10.71905	1.5708940398274125
10.71905	1.5708940398274125
10.71905	1.5708940398274125
10.74312	1.5708959506135494
10.74312	1.5708959506135494
10.74312	1.5708959506135494
10.779069	1.5708992416144241
10.79105	1.5709004559360691
10.79105	1.5709004559360691
10.79105	1.5709004559360691
10.79105	1.5709004559360691
10.79105	1.5709004559360691
10.83905	1.5709056419140726
10.85105	1.5709070145926565
10.863142	1.5709084059066494
10.863142	1.5709084059066494
10.863142	1.5709084059066494
10.863142	1.5709084059066494
10.899053	1.5709125887500104
10.899053	1.5709125887500104
10.91107	1.5709139793312004
10.923112	1.5709153646252769
10.923112	1.5709153646252769
10.947049	1.5709180514969818
10.959048	1.5709193676737092
10.959048	1.5709193676737092
10.983117	1.570921875950519
10.983117	1.570921875950519
10.995148	1.5709230636553901
11.007048	1.5709241875470825
11.019095	1.5709252898619697
11.019095	1.5709252898619697
11.019095	1.5709252898619697
11.019095	1.5709252898619697
11.019095	1.5709252898619697
11.019095	1.5709252898619697
11.079067	1.5709297371358848
11.079067	1.5709297371358848
11.103114	1.5709309905519568
11.103114	1.5709309905519568
11.103114	1.5709309905519568
11.103114	1.5709309905519568
11.139048	1.5709322677007864
11.139048	1.5709322677007864
11.139048	1.5709322677007864
11.139048	1.5709322677007864
11.175168	1.5709327378662528
11.175168	1.5709327378662528
11.199088	1.5709326364321718
11.199088	1.5709326364321718
11.199088	1.5709326364321718
11.199088	1.5709326364321718
11.235163	1.5709317871245247
11.248073	1.570931298536703
11.260048	1.5709307936718599
11.260048	1.5709307936718599
11.260048	1.5709307936718599
11.260048	1.5709307936718599
11.260048	1.5709307936718599
11.308073	1.5709278946705423
11.320068	1.5709270278092651
11.320068	1.5709270278092651
11.320068	1.5709270278092651
11.320068	1.5709270278092651
11.320068	1.5709270278092651
11.320068	1.5709270278092651
11.380048	1.5709217938752218
11.392056	1.5709206124975792
11.392056	1.5709206124975792
11.404204	1.5709194028590316
11.404204	1.5709194028590316
11.428095	1.5709169530785509
11.428095	1.5709169530785509
11.428095	1.5709169530785509
11.428095	1.5709169530785509
11.44005	1.5709157105855724
11.47605	1.5709119534061755
11.488091	1.5709107173770853
11.50005	1.5709094978405502
11.51205	1.5709083141863254
11.51205	1.5709083141863254
11.51205	1.5709083141863254
11.51205	1.5709083141863254
11.51205	1.5709083141863254
11.51205	1.5709083141863254
11.51205	1.5709083141863254
11.512055	1.5709083136931361
11.56007	1.5709038820467598
11.596055	1.5709010937737447
11.596055	1.5709010937737447
11.596055	1.5709010937737447
11.596055	1.5709010937737447
11.596055	1.5709010937737447
11.596055	1.5709010937737447
11.596055	1.5709010937737447
11.620076	1.5708995226513958
11.680059	1.5708969328890097
11.680059	1.5708969328890097
11.680059	1.5708969328890097
11.704055	1.5708964907618226
11.704055	1.5708964907618226
11.728079	1.5708963876756277
11.728079	1.5708963876756277
11.728079	1.5708963876756277
11.728079	1.5708963876756277
11.728079	1.5708963876756277
11.740055	1.570896434349923
11.788086	1.5708976517599491
11.788086	1.5708976517599491
11.788086	1.5708976517599491
11.788086	1.5708976517599491
11.788086	1.5708976517599491
11.836055	1.5709001949425858
11.848114	1.5709010463122695
11.860055	1.5709019316230068
11.860055	1.5709019316230068
11.860055	1.5709019316230068
11.860055	1.5709019316230068
11.860055	1.5709019316230068
11.908078	1.570906295498671
11.920074	1.5709075150091023
11.920074	1.5709075150091023
11.920074	1.5709075150091023
11.920074	1.5709075150091023
11.920074	1.5709075150091023
11.932099	1.5709088253038686
11.980075	1.5709144100854322
11.980075	1.5709144100854322
11.980075	1.5709144100854322
12.004055	1.5709174066153211
12.016073	1.5709189364989464
12.016073	1.5709189364989464
12.040053	1.5709220207766283
12.040053	1.5709220207766283
12.040053	1.5709220207766283
12.040053	1.5709220207766283
12.040053	1.5709220207766283
12.088094	1.5709281833124191
12.088094	1.5709281833124191
12.088094	1.5709281833124191
12.088094	1.5709281833124191
12.088094	1.5709281833124191
12.088094	1.5709281833124191
12.088094	1.5709281833124191
12.088094	1.5709281833124191
12.160449	1.5709367895255824
12.160449	1.5709367895255824
12.160449	1.5709367895255824
12.160449	1.5709367895255824
12.160449	1.5709367895255824
12.160449	1.5709367895255824
12.220553	1.5709426187546738
12.232058	1.5709435287344875
12.244081	1.5709444374107187
12.244081	1.5709444374107187
12.244081	1.5709444374107187
12.280074	1.5709421881067915
12.280074	1.5709421881067915
12.280074	1.5709421881067915
12.280074	1.5709421881067915
12.316053	1.5709086934068723
12.328116	1.5708943640868271
12.340094	1.5708795879972939
12.340094	1.5708795879972939
12.352075	1.5708640618141314
12.352075	1.5708640618141314
12.352075	1.5708640618141314
12.388078	1.5708147973355122
12.400053	1.5707972288302152
12.412083	1.5707790204291803
12.412083	1.5707790204291803
12.412083	1.5707790204291803
12.412083	1.5707790204291803
12.448079	1.5707241307941711
12.448079	1.5707241307941711
12.448079	1.5707241307941711
12.448079	1.5707241307941711
12.448079	1.5707241307941711
12.460093	1.5707057863093947
12.509053	1.5706264181494007
12.509053	1.5706264181494007
12.533119	1.5705856209376221
12.533119	1.5705856209376221
12.533119	1.5705856209376221
12.533119	1.5705856209376221
12.533119	1.5705856209376221
12.569053	1.5705248544607429
12.593156	1.5704834366286227
12.593156	1.5704834366286227
12.593156	1.5704834366286227
12.593156	1.5704834366286227
12.629077	1.5704208022783364
12.629077	1.5704208022783364
12.629077	1.5704208022783364
12.629077	1.5704208022783364
12.665155	1.5703585769405122
12.665155	1.5703585769405122
12.689079	1.5703162061941873
12.689079	1.5703162061941873
12.689079	1.5703162061941873
12.689079	1.5703162061941873
12.689079	1.5703162061941873
12.689079	1.5703162061941873
12.749058	1.5702042285634807
12.749058	1.5702042285634807
12.761091	1.5701816848235981
12.761091	1.5701816848235981
12.761091	1.5701816848235981
12.797058	1.5701125641070905
12.809058	1.5700887808296751
12.821079	1.570064856792678
12.833132	1.5700407568011956
12.833132	1.5700407568011956
12.845212	1.5700165974043061
12.845212	1.5700165974043061
12.869077	1.5699689381694555
12.869077	1.5699689381694555
12.881058	1.5699451044570121
12.881058	1.5699451044570121
12.905263	1.5698975391454362
12.917058	1.569874498026371
12.929058	1.5698511484088762
12.929058	1.5698511484088762
12.929058	1.5698511484088762
12.929058	1.5698511484088762
12.929058	1.5698511484088762
12.929058	1.5698511484088762
12.989062	1.5697318104045543
13.001078	1.5697057735260962
13.001078	1.5697057735260962
13.013134	1.5696785950510559
13.013134	1.5696785950510559
13.013134	1.5696785950510559
13.049059	1.569595350833519
13.061059	1.5695669031782373
13.073134	1.5695375631124209
13.073134	1.5695375631124209
13.073134	1.5695375631124209
13.073134	1.5695375631124209
13.109098	1.5694462693572291
13.121064	1.5694148667124852
13.121064	1.5694148667124852
13.133496	1.5693814992617718
13.133496	1.5693814992617718
13.157081	1.5693171750588384
13.16906	1.5692836527685907
13.16906	1.5692836527685907
13.16906	1.5692836527685907
13.16906	1.5692836527685907
13.205168	1.5691790140550232
13.217086	1.5691432669996839
13.22906	1.5691066696824789
13.241103	1.5690695607954137
13.241103	1.5690695607954137
13.241103	1.5690695607954137
13.241103	1.5690695607954137
13.277061	1.5689548850209494
13.28908	1.568914891563814
13.30106	1.5688745643915052
13.30106	1.5688745643915052
13.30106	1.5688745643915052
13.325213	1.5687905578334189
13.325213	1.5687905578334189
13.34908	1.5687050302257679
13.34908	1.5687050302257679
13.373176	1.5686122091746353
13.373176	1.5686122091746353
13.373176	1.5686122091746353
13.397082	1.5684986884199705
13.40906	1.5684327142833003
13.40906	1.5684327142833003
13.40906	1.5684327142833003
13.40906	1.5684327142833003
13.40906	1.5684327142833003
13.45707	1.5681383532622595
13.46908	1.5680605636214491
13.48106	1.5679835705194305
13.48106	1.5679835705194305
13.48106	1.5679835705194305
13.48106	1.5679835705194305
13.536923	1.5676681764685767
13.548127	1.56760705587407
13.548127	1.56760705587407
13.561064	1.5675363528359749
13.561064	1.5675363528359749
13.585059	1.5673972749826117
13.597179	1.5673209314066132
13.597179	1.5673209314066132
13.597179	1.5673209314066132
13.597179	1.5673209314066132
13.597179	1.5673209314066132
13.597179	1.5673209314066132
13.657264	1.5669075089085651
13.657264	1.5669075089085651
13.657264	1.5669075089085651
13.681064	1.5667389524890256
13.681064	1.5667389524890256
13.681064	1.5667389524890256
13.717178	1.5665036155381913
13.717178	1.5665036155381913
13.729064	1.5664283959349241
13.729064	1.5664283959349241
13.753146	1.5662769894234705
13.753146	1.5662769894234705
13.777189	1.5661267032624289
13.777189	1.5661267032624289
13.777189	1.5661267032624289
13.777189	1.5661267032624289
13.777189	1.5661267032624289
13.777189	1.5661267032624289
13.837165	1.565756527098684
13.837165	1.565756527098684
13.849064	1.5656830811185982
13.849064	1.5656830811185982
13.849064	1.5656830811185982
13.849064	1.5656830811185982
13.897168	1.5653696185715906
13.897168	1.5653696185715906
13.909065	1.5652848474558279
13.909065	1.5652848474558279
13.933437	1.5651071925157107
13.933437	1.5651071925157107
13.957194	1.5649302286368822
13.957194	1.5649302286368822
13.969064	1.5648426801257072
13.969064	1.5648426801257072
13.99314	1.5646735365987858
13.99314	1.5646735365987858
14.017165	1.5645158010889628
14.017165	1.5645158010889628
14.017165	1.5645158010889628
14.041064	1.5643633705483078
14.053245	1.5642864046691081
14.053245	1.5642864046691081
14.077182	1.5641413528852115
14.077182	1.5641413528852115
14.089069	1.5640794604487038
14.101063	1.5640202681726203
14.113159	1.5639653163832481
14.125064	1.5639120725349231
14.137165	1.5638591058632942
14.137165	1.5638591058632942
14.149064	1.5638073193631301
14.161064	1.5637549154422565
14.173146	1.5636993467148554
14.185167	1.5636405128701967
14.197177	1.5635770338464918
14.197177	1.5635770338464918
14.197177	1.5635770338464918
14.197177	1.5635770338464918
14.233148	1.5633719703443736
14.233148	1.5633719703443736
14.257172	1.563228621125403
14.257172	1.563228621125403
14.257172	1.563228621125403
14.281064	1.5630813880185987
14.29314	1.5630039282400323
14.305064	1.5629266693586201
14.317324	1.5628461552695978
14.317324	1.5628461552695978
14.329064	1.562768065378052
14.329064	1.562768065378052
14.329064	1.562768065378052
14.365064	1.5625244884983585
14.377183	1.5624400494530888
14.377183	1.5624400494530888
14.377183	1.5624400494530888
14.377183	1.5624400494530888
14.413151	1.5621722866500447
14.413151	1.5621722866500447
14.437166	1.5619870925901513
14.437166	1.5619870925901513
14.449163	1.5618934373047151
14.449163	1.5618934373047151
14.473147	1.5617067402413916
14.473147	1.5617067402413916
14.497187	1.5615258791403315
14.497187	1.5615258791403315
14.497187	1.5615258791403315
14.497187	1.5615258791403315
14.497187	1.5615258791403315
14.497187	1.5615258791403315
14.55717	1.5610911287068161
14.55717	1.5610911287068161
14.55717	1.5610911287068161
14.55717	1.5610911287068161
14.557175	1.5610910927295416
14.605069	1.5607500325951011
14.617173	1.5606647213145755
14.617173	1.5606647213145755
14.629069	1.5605811951087514
14.641068	1.5604970839560308
14.653139	1.5604128587194175
14.653139	1.5604128587194175
14.677196	1.56024595749615
14.677196	1.56024595749615
14.689069	1.5601645949015994
14.689069	1.5601645949015994
14.689069	1.5601645949015994
14.689069	1.5601645949015994
14.737165	1.559839902584665
14.737165	1.559839902584665
14.749073	1.5597608590468699
14.749073	1.5597608590468699
14.773141	1.5596026749792489
14.785069	1.5595253969931264
14.797165	1.5594478974144379
14.797165	1.5594478974144379
14.809088	1.5593724610152402
14.809088	1.5593724610152402
14.833141	1.5592221746127526
14.833141	1.5592221746127526
14.833141	1.5592221746127526
14.857644	1.5590719014651622
14.857644	1.5590719014651622
14.857644	1.5590719014651622
14.857644	1.5590719014651622
14.857644	1.5590719014651622
14.857644	1.5590719014651622
14.857644	1.5590719014651622
14.857644	1.5590719014651622
14.91717	1.5587223375554744
14.953143	1.5585217217614133
14.953143	1.5585217217614133
14.977256	1.5583914402750134
14.977256	1.5583914402750134
14.977256	1.5583914402750134
14.977256	1.5583914402750134
14.977256	1.5583914402750134
15.025075	1.5581456555045385
15.037187	1.5580856313669227
15.037187	1.5580856313669227
15.049075	1.5580278169124673
15.061075	1.5579699420949986
15.061075	1.5579699420949986
15.085075	1.5578578044091205
15.09717	1.557802721701498
15.09717	1.557802721701498
15.09717	1.557802721701498
15.09717	1.557802721701498
15.09717	1.557802721701498
15.09717	1.557802721701498
15.157179	1.5575434352503299
15.157179	1.5575434352503299
15.169075	1.5574947520431814
15.169075	1.5574947520431814
15.193138	1.557398798608268
15.193138	1.557398798608268
15.217186	1.5573064651098825
15.217186	1.5573064651098825
15.217186	1.5573064651098825
15.217186	1.5573064651098825
15.217186	1.5573064651098825
15.217186	1.5573064651098825
15.277186	1.5570895536715927
15.277186	1.5570895536715927
15.277186	1.5570895536715927
15.301075	1.5570073659285091
15.313147	1.5569668324483412
15.313147	1.5569668324483412
15.337169	1.556887503119559
15.337169	1.556887503119559
15.349075	1.5568491272776848
15.349075	1.5568491272776848
15.373215	1.5567730037226053
15.385075	1.556736796176682
15.397186	1.5567007534600807
15.397186	1.5567007534600807
15.397186	1.5567007534600807
15.397186	1.5567007534600807
15.397186	1.5567007534600807
15.397186	1.5567007534600807
15.397186	1.5567007534600807
15.397186	1.5567007534600807
15.397186	1.5567007534600807
15.45717	1.5565313369262872
15.49314	1.5564353908172412
15.49314	1.5564353908172412
15.517171	1.5563733995834585
15.517171	1.5563733995834585
15.529096	1.5563431986804843
15.529096	1.5563431986804843
15.553143	1.5562829986473425
15.565075	1.5562535190601903
15.577225	1.556223778087501
15.577225	1.556223778087501
15.589104	1.5561951854886036
15.589109	1.556195173515895
15.613143	1.5561380901797282
15.613143	1.5561380901797282
15.613143	1.5561380901797282
15.613143	1.5561380901797282
15.613143	1.5561380901797282
15.613143	1.5561380901797282
15.613143	1.5561380901797282
15.63725	1.5560816682787577
15.697174	1.5559458019756787
15.697174	1.5559458019756787
15.70908	1.5559200297443603
15.721101	1.5558941516958891
15.721101	1.5558941516958891
15.721101	1.5558941516958891
15.757179	1.555817484651778
15.757179	1.555817484651778
15.769153	1.5557927252782924
15.78108	1.5557684249603974
15.793145	1.555745654208152
15.793145	1.555745654208152
15.817186	1.5557015883310321
15.817186	1.5557015883310321
15.817186	1.5557015883310321
15.817186	1.5557015883310321
15.853165	1.5556377455146895
15.853165	1.5556377455146895
15.877185	1.5555944583535541
15.877185	1.5555944583535541
15.877185	1.5555944583535541
15.877185	1.5555944583535541
15.877185	1.5555944583535541
15.877185	1.5555944583535541
15.937176	1.5554716709571506
15.937176	1.5554716709571506
15.94908	1.5554462783255236
15.96108	1.5554206110924436
15.973152	1.5553947106783421
15.9851	1.5553691106349001
15.997175	1.5553432850639692
15.997175	1.5553432850639692
15.997175	1.5553432850639692
15.997175	1.5553432850639692
15.997175	1.5553432850639692
15.997175	1.5553432850639692
16.05718	1.5552149176978542
16.05718	1.5552149176978542
16.05718	1.5552149176978542
16.08108	1.5551637062663386
16.093144	1.5551378694635529
16.093144	1.5551378694635529
16.117192	1.5550863495245828
16.117192	1.5550863495245828
16.117192	1.5550863495245828
16.117192	1.5550863495245828
16.153147	1.5550092090497118
16.153147	1.5550092090497118
16.17719	1.5549575781273166
16.17719	1.5549575781273166
16.17719	1.5549575781273166
16.17719	1.5549575781273166
16.213146	1.5548804910210789
16.22508	1.554854904832023
16.237175	1.5548289645059938
16.237175	1.5548289645059938
16.237175	1.5548289645059938
16.237175	1.5548289645059938
16.273145	1.5547517303627127
16.285098	1.5547260500328455
16.29725	1.5546999405393698
16.29725	1.5546999405393698
16.29725	1.5546999405393698
16.29725	1.5546999405393698
16.29725	1.5546999405393698
16.29725	1.5546999405393698
16.357177	1.5545709449084348
16.357177	1.5545709449084348
16.36908	1.5545452692118487
16.36908	1.5545452692118487
16.36908	1.5545452692118487
16.36908	1.5545452692118487
16.417175	1.5544414739732915
16.417175	1.5544414739732915
16.429151	1.5544155841893572
16.429151	1.5544155841893572
16.429151	1.5544155841893572
16.429151	1.5544155841893572
16.477192	1.5543112446756342
16.477192	1.5543112446756342
16.477192	1.5543112446756342
16.477192	1.5543112446756342
16.513154	1.5542310140875664
16.525102	1.5542041408377816
16.537193	1.5541769041497768
16.537193	1.5541769041497768
16.537193	1.5541769041497768
16.537193	1.5541769041497768
16.573151	1.5540959840439466
16.573151	1.5540959840439466
16.597191	1.5540420450826011
16.609087	1.5540154323763895
16.609087	1.5540154323763895
16.609087	1.5540154323763895
16.633157	1.5539617175080584
16.645086	1.5539351763412119
16.657204	1.5539082700737747
16.657204	1.5539082700737747
16.657204	1.5539082700737747
16.657204	1.5539082700737747
16.657204	1.5539082700737747
16.705087	1.5538019910026659
16.71718	1.5537751664715544
16.71718	1.5537751664715544
16.71718	1.5537751664715544
16.71718	1.5537751664715544
16.753163	1.5536958357526931
16.753163	1.5536958357526931
16.777215	1.5536433767523505
16.777215	1.5536433767523505
16.777215	1.5536433767523505
16.777215	1.5536433767523505
16.777215	1.5536433767523505
16.777215	1.5536433767523505
16.837192	1.5535161340799708
16.837192	1.5535161340799708
16.849087	1.5534914708801582
16.849087	1.5534914708801582
16.87315	1.5534420662403146
16.87315	1.5534420662403146
16.897214	1.5533934280923425
16.897214	1.5533934280923425
16.897214	1.5533934280923425
16.897214	1.5533934280923425
16.93315	1.5533224906041903
16.93315	1.5533224906041903
16.957269	1.553276009084364
16.957269	1.553276009084364
16.969086	1.553253812032716
16.969086	1.553253812032716
16.993176	1.5532099003780067
17.005087	1.5531889206445886
17.017192	1.5531680075411567
17.017192	1.5531680075411567
17.029176	1.5531477589195983
17.029176	1.5531477589195983
17.053173	1.5531080968458559
17.053173	1.5531080968458559
17.053173	1.5531080968458559
17.053173	1.5531080968458559
17.053173	1.5531080968458559
17.053173	1.5531080968458559
17.053173	1.5531080968458559
17.077193	1.5530696547790026
17.137188	1.5529792818242729
17.137188	1.5529792818242729
17.149087	1.5529623788098417
17.149087	1.5529623788098417
17.149087	1.5529623788098417
17.185108	1.5529128659450557
17.197181	1.5528968170705306
17.197181	1.5528968170705306
17.197181	1.5528968170705306
17.221157	1.552865884226744
17.233159	1.5528509600928317
17.233159	1.5528509600928317
17.233159	1.5528509600928317
17.233159	1.5528509600928317
17.233159	1.5528509600928317
17.257226	1.5528217975691243
17.29315	1.552780556340539
17.30509	1.5527673523341567
17.317217	1.5527542101626839
17.317217	1.5527542101626839
17.329087	1.5527417035582221
17.329087	1.5527417035582221
17.329087	1.5527417035582221
17.329087	1.5527417035582221
17.377194	1.5526935040025018
17.377194	1.5526935040025018
17.38913	1.5526821865119154
17.38913	1.5526821865119154
17.38913	1.5526821865119154
17.425087	1.552649270898252
17.437191	1.5526386210172392
17.437191	1.5526386210172392
17.437191	1.5526386210172392
17.461087	1.5526182338526864
17.47315	1.5526082426865671
17.485158	1.5525983581416987
17.485158	1.5525983581416987
17.485158	1.5525983581416987
17.485158	1.5525983581416987
17.521132	1.55256935689455
17.533153	1.5525599495528899
17.533153	1.5525599495528899
17.557199	1.5525414126494723
17.557199	1.5525414126494723
17.557199	1.5525414126494723
17.581107	1.5525230563303061
17.593153	1.5525134711584265
17.593153	1.5525134711584265
17.617265	1.5524941281383822
17.617265	1.5524941281383822
17.629094	1.5524846015345615
17.641094	1.5524749373208309
17.653167	1.5524652358802091
17.665094	1.5524556987303568
17.677199	1.5524460831922968
17.677199	1.5524460831922968
17.689094	1.5524368272732001
17.701094	1.5524275587810257
17.713184	1.5524183133925211
17.725094	1.5524092121287301
17.725094	1.5524092121287301
17.737191	1.5523999767667327
17.749165	1.5523908061718805
17.749165	1.5523908061718805
17.749165	1.5523908061718805
17.749165	1.5523908061718805
17.797194	1.5523532558663391
17.797194	1.5523532558663391
17.797194	1.5523532558663391
17.797194	1.5523532558663391
17.797194	1.5523532558663391
17.797194	1.5523532558663391
17.797194	1.5523532558663391
17.797194	1.5523532558663391
17.797194	1.5523532558663391
17.797194	1.5523532558663391
17.797194	1.5523532558663391
17.797194	1.5523532558663391
17.797194	1.5523532558663391
17.857198	1.5523037421397679
17.917239	1.5522506597986954
17.941094	1.5522285102812972
17.95318	1.5522170663116943
17.965094	1.5522056783941369
17.977238	1.5521939248701881
17.977238	1.5521939248701881
17.977238	1.5521939248701881
17.977238	1.5521939248701881
18.013228	1.5521578433633552
18.013228	1.5521578433633552
18.037187	1.5521331537447911
18.037187	1.5521331537447911
18.037187	1.5521331537447911
18.037187	1.5521331537447911
18.073159	1.5520956382258508
18.073159	1.5520956382258508
18.097209	1.5520720012119169
18.097209	1.5520720012119169
18.097209	1.5520720012119169
18.097209	1.5520720012119169
18.133166	1.5520384067252324
18.133166	1.5520384067252324
18.157214	1.5520160812700996
18.157214	1.5520160812700996
18.169094	1.552004649742607
18.181174	1.5519927665092697
18.181174	1.5519927665092697
18.205094	1.5519664584324289
18.217188	1.5519526200601339
18.217188	1.5519526200601339
18.229096	1.5519387411881935
18.229096	1.5519387411881935
18.229096	1.5519387411881935
18.229096	1.5519387411881935
18.277277	1.5518815741154732
18.277277	1.5518815741154732
18.289094	1.5518672890217813
18.289094	1.5518672890217813
18.289094	1.5518672890217813
18.325095	1.551823511614439
18.337193	1.5518087898793378
18.337193	1.5518087898793378
18.349094	1.5517943475717826
18.361094	1.5517797978814341
18.361094	1.5517797978814341
18.361094	1.5517797978814341
18.397188	1.5517358823709817
18.397188	1.5517358823709817
18.409165	1.5517212623826704
18.409165	1.5517212623826704
18.433166	1.5516920653244459
18.433166	1.5516920653244459
18.457196	1.5516630837775485
18.457196	1.5516630837775485
18.457196	1.5516630837775485
18.457196	1.5516630837775485
18.457196	1.5516630837775485
18.457196	1.5516630837775485
18.517191	1.5515854679972816
18.517191	1.5515854679972816
18.517191	1.5515854679972816
18.517191	1.5515854679972816
18.553164	1.5515365365989235
18.565094	1.5515205281863012
18.565094	1.5515205281863012
18.565094	1.5515205281863012
18.577205	1.5515045330583683
18.601094	1.5514748727146255
18.613132	1.5514606310275199
18.62512	1.5514466199775878
18.63721	1.5514327217016119
18.63721	1.5514327217016119
18.6491	1.5514192819718262
18.6491	1.5514192819718262
18.6491	1.5514192819718262
18.6491	1.5514192819718262
18.697194	1.5513658522689109
18.697194	1.5513658522689109
18.697194	1.5513658522689109
18.721099	1.5513396609726418
18.733164	1.5513265971348793
18.7451	1.5513137383222759
18.757215	1.5513007755727084
18.757215	1.5513007755727084
18.757215	1.5513007755727084
18.757215	1.5513007755727084
18.793164	1.5512625389112262
18.793164	1.5512625389112262
18.817196	1.5512370360131773
18.817196	1.5512370360131773
18.8291	1.5512244790428917
18.8291	1.5512244790428917
18.853171	1.5511992200693501
18.865099	1.5511867525628509
18.877207	1.5511741111353554
18.877207	1.5511741111353554
18.877207	1.5511741111353554
18.877207	1.5511741111353554
18.913178	1.5511362909882715
18.913178	1.5511362909882715
18.937263	1.551110947592832
18.937263	1.551110947592832
18.937263	1.551110947592832
18.937263	1.551110947592832
18.937263	1.551110947592832
18.937263	1.551110947592832
18.997194	1.5510477014063564
18.997194	1.5510477014063564
18.997194	1.5510477014063564
18.997194	1.5510477014063564
19.033171	1.5510092286977244
19.033171	1.5510092286977244
19.057198	1.5509834418051083
19.057198	1.5509834418051083
19.069222	1.5509704636869692
19.069222	1.5509704636869692
19.069222	1.5509704636869692
19.069222	1.5509704636869692
19.117222	1.5509178041916722
19.117222	1.5509178041916722
19.117222	1.5509178041916722
19.117222	1.5509178041916722
19.117222	1.5509178041916722
19.165101	1.5508644004574017
19.177206	1.5508507921107533
19.177206	1.5508507921107533
19.177206	1.5508507921107533
19.177206	1.5508507921107533
19.213163	1.5508098388998266
19.213163	1.5508098388998266
19.237198	1.5507822404438809
19.237198	1.5507822404438809
19.237198	1.5507822404438809
19.2611	1.5507546156601191
19.2611	1.5507546156601191
19.2611	1.5507546156601191
19.297194	1.5507065427162707
19.297194	1.5507065427162707
19.309099	1.5506788437089614
19.309099	1.5506788437089614
19.309099	1.5506788437089614
19.309099	1.5506788437089614
19.357196	1.5504203742290537
19.357196	1.5504203742290537
19.369103	1.5503006015831102
19.369103	1.5503006015831102
19.393164	1.550003249015129
19.4051	1.5498303662757398
19.417214	1.5496416853786918
19.417214	1.5496416853786918
19.4291	1.549450457090453
19.4291	1.549450457090453
19.453168	1.5490602310802659
19.465173	1.548867717309844
19.47723	1.5486767700697708
19.47723	1.5486767700697708
19.47723	1.5486767700697708
19.47723	1.5486767700697708
19.47723	1.5486767700697708
19.47723	1.5486767700697708
19.537195	1.5477724873016176
19.537195	1.5477724873016176
19.54912	1.5476013016831591
19.54912	1.5476013016831591
19.54912	1.5476013016831591
19.5851	1.5470983887237468
19.597263	1.5469331921967586
19.597263	1.5469331921967586
19.597263	1.5469331921967586
19.597274	1.5469330427959695
19.597274	1.5469330427959695
19.64511	1.5463087281429944
19.657212	1.5461565322752997
19.657212	1.5461565322752997
19.657212	1.5461565322752997
19.657212	1.5461565322752997
19.657212	1.5461565322752997
19.70511	1.5455799668631724
19.717205	1.5454401509279736
19.717205	1.5454401509279736
19.717205	1.5454401509279736
19.717205	1.5454401509279736
19.717205	1.5454401509279736
19.717205	1.5454401509279736
19.777218	1.5447792173133796
19.777218	1.5447792173133796
19.777218	1.5447792173133796
19.80111	1.5445284602995399
19.813193	1.5444047245648076
19.825111	1.5442839305916993
19.837212	1.5441629750062842
19.837212	1.5441629750062842
19.849111	1.5440462453334389
19.849111	1.5440462453334389
19.873181	1.5438145635435523
19.873181	1.5438145635435523
19.897285	1.5435889332888408
19.897285	1.5435889332888408
19.897285	1.5435889332888408
19.897285	1.5435889332888408
19.933175	1.5432651882029691
19.933175	1.5432651882029691
19.957211	1.5430554259182212
19.957211	1.5430554259182212
19.957211	1.5430554259182212
19.957211	1.5430554259182212
19.957211	1.5430554259182212
19.957211	1.5430554259182212
20.017227	1.5425614826623311
20.017227	1.5425614826623311
20.029199	1.5424677405056413
20.041111	1.542375139055947
20.041111	1.542375139055947
20.041111	1.542375139055947
20.077233	1.542101466279135
20.077233	1.542101466279135
20.077233	1.542101466279135
20.101111	1.5419229001218075
20.113183	1.5418336505278032
20.113183	1.5418336505278032
20.137215	1.5416577140767542
20.137215	1.5416577140767542
20.137215	1.5416577140767542
20.137215	1.5416577140767542
20.137215	1.5416577140767542
20.137215	1.5416577140767542
20.19721	1.5412286278307268
20.19721	1.5412286278307268
20.19721	1.5412286278307268
20.19721	1.5412286278307268
20.233182	1.5409749297194373
20.233182	1.5409749297194373
20.233182	1.5409749297194373
20.257285	1.5408073970037044
20.269512	1.5407237165132881
20.269512	1.5407237165132881
20.269512	1.5407237165132881
20.269512	1.5407237165132881
20.317224	1.5404064914432549
20.317224	1.5404064914432549
20.317224	1.5404064914432549
20.317224	1.5404064914432549
20.353179	1.5401749325107854
20.353179	1.5401749325107854
20.377225	1.540022190851895
20.377225	1.540022190851895
20.377225	1.540022190851895
20.401111	1.5398718423183406
20.401111	1.5398718423183406
20.425114	1.5397221056508477
20.43721	1.539647049435988
20.43721	1.539647049435988
20.43721	1.539647049435988
20.43721	1.539647049435988
20.43721	1.539647049435988
20.43721	1.539647049435988
20.497204	1.5392762622011513
20.497204	1.5392762622011513
20.509111	1.5392021835178655
20.509111	1.5392021835178655
20.509111	1.5392021835178655
20.509111	1.5392021835178655
20.55723	1.5389039479123416
20.55723	1.5389039479123416
20.55723	1.5389039479123416
20.55723	1.5389039479123416
20.55723	1.5389039479123416
20.605111	1.5386151526925864
20.617207	1.5385438685364385
20.617207	1.5385438685364385
20.617211	1.5385438449636355
20.617211	1.5385438449636355
20.65325	1.5383338442150285
20.665114	1.5382652750042596
20.677238	1.5381954605477499
20.677238	1.5381954605477499
20.677238	1.5381954605477499
20.701115	1.5380587401303789
20.701115	1.5380587401303789
20.701115	1.5380587401303789
20.737226	1.5378538980119731
20.737226	1.5378538980119731
20.749115	1.5377869976800531
20.749115	1.5377869976800531
20.773186	1.5376522549065372
20.785192	1.5375854816257102
20.797214	1.5375189139932295
20.797214	1.5375189139932295
20.797214	1.5375189139932295
20.797214	1.5375189139932295
20.797214	1.5375189139932295
20.797214	1.5375189139932295
20.857215	1.5371912377663812
20.857215	1.5371912377663812
20.869115	1.5371272823840059
20.881115	1.5370630169462152
20.881115	1.5370630169462152
20.905115	1.536936341980381
20.917278	1.5368726863200621
20.917278	1.5368726863200621
20.917278	1.5368726863200621
20.917278	1.5368726863200621
20.917278	1.5368726863200621
20.917278	1.5368726863200621
20.917278	1.5368726863200621
20.977257	1.5365643621821503
20.989115	1.5365046460528442
21.001115	1.5364444443938061
21.001115	1.5364444443938061
21.001115	1.5364444443938061
21.037207	1.5362660371066816
21.037207	1.5362660371066816
21.037207	1.5362660371066816
21.037207	1.5362660371066816
21.037207	1.5362660371066816
21.037207	1.5362660371066816
21.097214	1.5359759883777784
21.097214	1.5359759883777784
21.097214	1.5359759883777784
21.097214	1.5359759883777784
21.097214	1.5359759883777784
21.097214	1.5359759883777784
21.157226	1.5356934759844636
21.157226	1.5356934759844636
21.157226	1.5356934759844636
21.157226	1.5356934759844636
21.157226	1.5356934759844636
21.205115	1.5354923665932714
21.217212	1.5354561035932415
21.217212	1.5354561035932415
21.217212	1.5354561035932415
21.241135	1.5354314742453194
21.253184	1.5354517725485599
21.265115	1.5354855054259504
21.277218	1.535538153661044
21.277218	1.535538153661044
21.277218	1.535538153661044
21.277218	1.535538153661044
21.277218	1.535538153661044
21.325115	1.5359135391058363
21.337217	1.5360285771165094
21.337217	1.5360285771165094
21.337217	1.5360285771165094
21.337217	1.5360285771165094
21.337217	1.5360285771165094
21.337217	1.5360285771165094
21.397213	1.5365869288567204
21.397213	1.5365869288567204
21.397213	1.5365869288567204
21.397213	1.5365869288567204
21.397213	1.5365869288567204
21.445186	1.5370413488893357
21.445186	1.5370413488893357
21.445186	1.5370413488893357
21.445186	1.5370413488893357
21.457217	1.5371662410506204
21.49319	1.5375766289060528
21.505115	1.5377212374534299
21.517215	1.537870773595948
21.517215	1.537870773595948
21.529115	1.5380177634977228
21.529115	1.5380177634977228
21.553182	1.5383117326334548
21.565114	1.5384544096402719
21.577301	1.5385977772213684
21.577301	1.5385977772213684
21.577301	1.5385977772213684
21.577301	1.5385977772213684
21.577301	1.5385977772213684
21.577301	1.5385977772213684
21.637224	1.5392643068880183
21.637224	1.5392643068880183
21.649122	1.5393893575953246
21.661122	1.5395142812201226
21.661122	1.5395142812201226
21.685121	1.5397562030862448
21.697249	1.539875742715527
21.697249	1.539875742715527
21.709193	1.5399909222947776
21.709193	1.5399909222947776
21.709193	1.5399909222947776
21.709193	1.5399909222947776
21.757219	1.5404365453557762
21.757219	1.5404365453557762
21.769122	1.5405421772273362
21.781122	1.5406478070117384
21.793186	1.5407519323083931
21.793186	1.5407519323083931
21.817216	1.5409558111242363
21.817216	1.5409558111242363
21.817216	1.5409558111242363
21.841192	1.5411532039232283
21.853189	1.5412493632423798
21.853189	1.5412493632423798
21.877249	1.5414385674487205
21.877249	1.5414385674487205
21.877249	1.5414385674487205
21.901122	1.5416197932453255
21.901122	1.5416197932453255
21.901122	1.5416197932453255
21.937239	1.5418829190867125
21.937239	1.5418829190867125
21.937239	1.5418829190867125
21.937239	1.5418829190867125
21.937239	1.5418829190867125
21.937239	1.5418829190867125
21.997216	1.5422960258701353
21.997216	1.5422960258701353
21.997216	1.5422960258701353
21.997216	1.5422960258701353
21.997216	1.5422960258701353
22.045122	1.5426075455029062
22.057242	1.5426841504554971
22.057242	1.5426841504554971
22.057242	1.5426841504554971
22.057242	1.5426841504554971
22.093185	1.5429061601757346
22.093185	1.5429061601757346
22.117226	1.5430511496342769
22.117226	1.5430511496342769
22.117226	1.5430511496342769
22.141219	1.5431930268864631
22.153204	1.5432627348755734
22.165122	1.5433319138227239
22.177229	1.5434020020071006
22.177229	1.5434020020071006
22.177229	1.5434020020071006
22.177229	1.5434020020071006
22.177229	1.5434020020071006
22.177229	1.5434020020071006
22.237287	1.5438312415659781
22.237287	1.5438312415659781
22.237287	1.5438312415659781
22.237287	1.5438312415659781
22.273208	1.5442818364688156
22.273208	1.5442818364688156
22.297216	1.5446767073279402
22.297216	1.5446767073279402
22.309195	1.544898473856201
22.321122	1.5451246380723205
22.333194	1.5453596562636418
22.345121	1.5455912846336666
22.35722	1.54582548895951
22.35722	1.54582548895951
22.35722	1.54582548895951
22.35722	1.54582548895951
22.35722	1.54582548895951
22.35722	1.54582548895951
22.417218	1.5469420481619394
22.417218	1.5469420481619394
22.417218	1.5469420481619394
22.417218	1.5469420481619394
22.453189	1.5475760455947996
22.465148	1.5477820255868759
22.477228	1.5479879764307687
22.477228	1.5479879764307687
22.477228	1.5479879764307687
22.477228	1.5479879764307687
22.477228	1.5479879764307687
22.477228	1.5479879764307687
22.537219	1.5490581982448126
22.537219	1.5490581982448126
22.537219	1.5490581982448126
22.561122	1.5495722015557938
22.561122	1.5495722015557938
22.561122	1.5495722015557938
22.597215	1.5504844577701269
22.597215	1.5504844577701269
22.597215	1.5504844577701269
22.621122	1.5511564924417509
22.633263	1.551511687443726
22.645127	1.5518615098410644
22.657256	1.5522228151438011
22.657256	1.5522228151438011
22.669131	1.5525793460596742
22.669131	1.5525793460596742
22.693196	1.5533060742322409
22.705128	1.5536670516838362
22.717227	1.5540325752631652
22.717227	1.5540325752631652
22.717227	1.5540325752631652
22.717227	1.5540325752631652
22.753196	1.555096960326529
22.765198	1.5554433872563624
22.777235	1.5557861328908089
22.777235	1.5557861328908089
22.777235	1.5557861328908089
22.777235	1.5557861328908089
22.777235	1.5557861328908089
22.777235	1.5557861328908089
22.837222	1.5574206709420915
22.837222	1.5574206709420915
22.837222	1.5574206709420915
22.837222	1.5574206709420915
22.873193	1.5583446524358455
22.873193	1.5583446524358455
22.897297	1.5589426614579009
22.897297	1.5589426614579009
22.897297	1.5589426614579009
22.897297	1.5589426614579009
22.897297	1.5589426614579009
22.945348	1.5600820712391341
22.957229	1.5603542203656435
22.957229	1.5603542203656435
22.957229	1.5603542203656435
22.957229	1.5603542203656435
22.957229	1.5603542203656435
22.957229	1.5603542203656435
22.957229	1.5603542203656435
22.957229	1.5603542203656435
22.957229	1.5603542203656435
22.957229	1.5603542203656435
22.957229	1.5603542203656435
23.017221	1.5616684929048974
23.077235	1.5628929418708535
23.077235	1.5628929418708535
23.077235	1.5628929418708535
23.077235	1.5628929418708535
23.113206	1.5635868058723392
23.125128	1.5638109309571935
23.137227	1.5640354872981324
23.137227	1.5640354872981324
23.137227	1.5640354872981324
23.161198	1.5644713332893878
23.173216	1.5646848435235003
23.173216	1.5646848435235003
23.173216	1.5646848435235003
23.173216	1.5646848435235003
23.197305	1.5651063743651785
23.221128	1.5655127738565624
23.221128	1.5655127738565624
23.221128	1.5655127738565624
23.257227	1.566109460295392
23.257227	1.566109460295392
23.257227	1.566109460295392
23.257227	1.566109460295392
23.257227	1.566109460295392
23.257227	1.566109460295392
23.317275	1.5670569990191736
23.317275	1.5670569990191736
23.317275	1.5670569990191736
23.341127	1.5674191442412135
23.353197	1.5675989439854443
23.365128	1.5677753636141909
23.377225	1.5679524764067634
23.377225	1.5679524764067634
23.389128	1.5681245257127421
23.389128	1.5681245257127421
23.413191	1.5684678937706771
23.413191	1.5684678937706771
23.437224	1.5688044462328088
23.437224	1.5688044462328088
23.437224	1.5688044462328088
23.46113	1.5691329751125638
23.473193	1.5692963334264247
23.485148	1.5694575826884301
23.497227	1.5696196407491261
23.497227	1.5696196407491261
23.497227	1.5696196407491261
23.497227	1.5696196407491261
23.533193	1.5701129716665827
23.533193	1.5701129716665827
23.533193	1.5701129716665827
23.557313	1.5704625772924974
23.569128	1.5706423434381487
23.581127	1.5708275262509519
23.581127	1.5708275262509519
23.605128	1.5712139890728716
23.617264	1.5714131807493641
23.617264	1.5714131807493641
23.617264	1.5714131807493641
23.617271	1.5714132956423879
23.617271	1.5714132956423879
23.665134	1.5721958788447892
23.677262	1.5723908283075121
23.677262	1.5723908283075121
23.689206	1.5725808945997328
23.689206	1.5725808945997328
23.689206	1.5725808945997328
23.725138	1.5731443070581907
23.725138	1.5731443070581907
23.737228	1.5733308204682224
23.749157	1.5735128977861623
23.749157	1.5735128977861623
23.749157	1.5735128977861623
23.749157	1.5735128977861623
23.79723	1.5742329483678952
23.79723	1.5742329483678952
23.809135	1.5744072805981177
23.809135	1.5744072805981177
23.809135	1.5744072805981177
23.809135	1.5744072805981177
23.857274	1.5750990644620495
23.857274	1.5750990644620495
23.857274	1.5750990644620495
23.881155	1.5754343037749332
23.8932	1.575601732409073
23.8932	1.575601732409073
23.917234	1.5759380798464282
23.917234	1.5759380798464282
23.917234	1.5759380798464282
23.917234	1.5759380798464282
23.917234	1.5759380798464282
23.917234	1.5759380798464282
23.97723	1.5768407559188369
23.97723	1.5768407559188369
23.989138	1.5770345188018533
24.001135	1.5772318857089496
24.013217	1.577434474252315
24.025135	1.5776343689278876
24.037228	1.5778372739184021
24.037228	1.5778372739184021
24.037228	1.5778372739184021
24.061135	1.5782341011806567
24.061135	1.5782341011806567
24.061135	1.5782341011806567
24.097233	1.578818197434545
24.097233	1.578818197434545
24.109153	1.5790066526108355
24.109153	1.5790066526108355
24.133201	1.5793815841401675
24.133201	1.5793815841401675
24.157233	1.5797485543902545
24.157233	1.5797485543902545
24.157233	1.5797485543902545
24.157233	1.5797485543902545
24.193199	1.5802825678971222
24.193199	1.5802825678971222
24.217304	1.5806313429587004
24.217304	1.5806313429587004
24.217304	1.5806313429587004
24.217304	1.5806313429587004
24.253206	1.5811358754867304
24.253206	1.5811358754867304
24.277288	1.5814652822490691
24.277288	1.5814652822490691
24.289138	1.5816241054025513
24.289138	1.5816241054025513
24.289138	1.5816241054025513
24.289138	1.5816241054025513
24.337228	1.5822516878163111
24.337228	1.5822516878163111
24.349205	1.5824029656805167
24.349205	1.5824029656805167
24.349205	1.5824029656805167
24.349205	1.5824029656805167
24.397229	1.5829930042568079
24.397229	1.5829930042568079
24.409154	1.583134660802308
24.409154	1.583134660802308
24.433206	1.5834157347543203
24.445135	1.5835525601685756
24.457235	1.583689664807012
24.457235	1.583689664807012
24.457235	1.583689664807012
24.457235	1.583689664807012
24.493199	1.5840848307730835
24.493199	1.5840848307730835
24.493199	1.5840848307730835
24.493199	1.5840848307730835
24.493199	1.5840848307730835
24.493199	1.5840848307730835
24.493199	1.5840848307730835
24.517327	1.5843405336462713
24.57723	1.5849431934661284
24.57723	1.5849431934661284
24.57723	1.5849431934661284
24.57723	1.5849431934661284
24.57723	1.5849431934661284
24.57723	1.5849431934661284
24.637253	1.5855002396829283
24.637253	1.5855002396829283
24.649204	1.5856056604557371
24.649204	1.5856056604557371
24.673206	1.5858135519189551
24.685141	1.5859152322827665
24.697233	1.5860173732923406
24.697233	1.5860173732923406
24.697233	1.5860173732923406
24.72114	1.5862155974822789
24.733207	1.5863133203155646
24.733207	1.5863133203155646
24.757239	1.5865046913684993
24.757239	1.5865046913684993
24.757239	1.5865046913684993
24.757239	1.5865046913684993
24.757239	1.5865046913684993
24.757239	1.5865046913684993
24.757239	1.5865046913684993
24.757239	1.5865046913684993
24.817235	1.5869582768222708
24.841141	1.5871299270051644
24.841141	1.5871299270051644
24.841141	1.5871299270051644
24.877323	1.5873798438342281
24.877323	1.5873798438342281
24.877323	1.5873798438342281
24.877323	1.5873798438342281
24.877323	1.5873798438342281
24.925142	1.587693209380735
24.937246	1.5877697308069025
24.937246	1.5877697308069025
24.937246	1.5877697308069025
24.937246	1.5877697308069025
24.937246	1.5877697308069025
24.937246	1.5877697308069025
24.997236	1.5881318422211208
24.997236	1.5881318422211208
25.009227	1.5882008688096951
25.02114	1.5882688964514597
25.02114	1.5882688964514597
25.02114	1.5882688964514597
25.057236	1.5884681943799104
25.057236	1.5884681943799104
25.057236	1.5884681943799104
25.057236	1.5884681943799104
25.093204	1.5886583306972943
25.093204	1.5886583306972943
25.117233	1.5887811389322859
25.117233	1.5887811389322859
25.117233	1.5887811389322859
25.117233	1.5887811389322859
25.117233	1.5887811389322859
25.117233	1.5887811389322859
25.177281	1.5890732263809701
25.177281	1.5890732263809701
25.177281	1.5890732263809701
25.177281	1.5890732263809701
25.177281	1.5890732263809701
25.177281	1.5890732263809701
25.237236	1.5893460190149082
25.237236	1.5893460190149082
25.237236	1.5893460190149082
25.261141	1.5894500826803792
25.261141	1.5894500826803792
25.261141	1.5894500826803792
25.297237	1.5896022587748253
25.297237	1.5896022587748253
25.309144	1.5896511593956157
25.321168	1.589700218658382
25.333207	1.5897484855412873
25.333207	1.5897484855412873
25.35724	1.5898435461938321
25.35724	1.5898435461938321
25.369141	1.589889710267532
25.369141	1.589889710267532
25.369141	1.589889710267532
25.405213	1.5900269424895637
25.41724	1.5900717664462403
25.41724	1.5900717664462403
25.41724	1.5900717664462403
25.41724	1.5900717664462403
25.41724	1.5900717664462403
25.41724	1.5900717664462403
25.41724	1.5900717664462403
25.41724	1.5900717664462403
25.41724	1.5900717664462403
25.41724	1.5900717664462403
25.41724	1.5900717664462403
25.477234	1.5902884163313606
25.537303	1.5904947059327452
25.537303	1.5904947059327452
25.537303	1.5904947059327452
25.537303	1.5904947059327452
25.573217	1.5906133609391686
25.585141	1.5906520623878508
25.597233	1.5906909607462847
25.597233	1.5906909607462847
25.597233	1.5906909607462847
25.597233	1.5906909607462847
25.597233	1.5906909607462847
25.597233	1.5906909607462847
25.657249	1.5908785913038077
25.657249	1.5908785913038077
25.657249	1.5908785913038077
25.657249	1.5908785913038077
25.657249	1.5908785913038077
25.657249	1.5908785913038077
25.657249	1.5908785913038077
25.657249	1.5908785913038077
25.657249	1.5908785913038077
25.657249	1.5908785913038077
25.657249	1.5908785913038077
25.657249	1.5908785913038077
25.777271	1.5912282988147981
25.777271	1.5912282988147981
25.777271	1.5912282988147981
25.777271	1.5912282988147981
25.777271	1.5912282988147981
25.777271	1.5912282988147981
25.837247	1.5913900907065883
25.837247	1.5913900907065883
25.837247	1.5913900907065883
25.861149	1.5914521903513104
25.873214	1.5914829126001298
25.88517	1.5915130991524662
25.897242	1.5915432364678412
25.897242	1.5915432364678412
25.897242	1.5915432364678412
25.897242	1.5915432364678412
25.897242	1.5915432364678412
25.945149	1.5916590847833805
25.957254	1.5916874940186578
25.957254	1.5916874940186578
25.957254	1.5916874940186578
25.957254	1.5916874940186578
25.957254	1.5916874940186578
25.957254	1.5916874940186578
26.017261	1.5918225434645041
26.017261	1.5918225434645041
26.017261	1.5918225434645041
26.017261	1.5918225434645041
26.017261	1.5918225434645041
26.065225	1.5919236936281298
26.077246	1.5919481421857837
26.077246	1.5919481421857837
26.077246	1.5919481421857837
26.077246	1.5919481421857837
26.113229	1.5920187952217053
26.125149	1.5920414614659284
26.137263	1.5920641221163592
26.137263	1.5920641221163592
26.137263	1.5920641221163592
26.137263	1.5920641221163592
26.17322	1.5921288375471916
26.17322	1.5921288375471916
26.197317	1.5921702847508705
26.197317	1.5921702847508705
26.197317	1.5921702847508705
26.197317	1.5921702847508705
26.197317	1.5921702847508705
26.245149	1.5922475710275008
26.257247	1.5922661561543492
26.257247	1.5922661561543492
26.269148	1.5922839237792263
26.281169	1.5923016473617533
26.281169	1.5923016473617533
26.305148	1.5923354779422758
26.317285	1.5923520667084523
26.317285	1.5923520667084523
26.317285	1.5923520667084523
26.317285	1.5923520667084523
26.317285	1.5923520667084523
26.317285	1.5923520667084523
26.377252	1.5924278495385218
26.377252	1.5924278495385218
26.377252	1.5924278495385218
26.377252	1.5924278495385218
26.377252	1.5924278495385218
26.425149	1.5924812105117525
26.437244	1.5924937543387396
26.437244	1.5924937543387396
26.437244	1.5924937543387396
26.437244	1.5924937543387396
26.437244	1.5924937543387396
26.437244	1.5924937543387396
26.497247	1.592549977819071
26.497247	1.592549977819071
26.497247	1.592549977819071
26.497247	1.592549977819071
26.497247	1.592549977819071
26.545149	1.5925878898192707
26.557247	1.5925965889943865
26.557247	1.5925965889943865
26.557247	1.5925965889943865
26.557247	1.5925965889943865
26.593295	1.5926201742573141
26.605148	1.5926272548293694
26.617244	1.5926341458843931
26.617244	1.5926341458843931
26.617244	1.5926341458843931
26.617244	1.5926341458843931
26.617244	1.5926341458843931
26.665155	1.5926578439789532
26.677254	1.5926630155534343
26.677254	1.5926630155534343
26.689156	1.5926676662969559
26.689156	1.5926676662969559
26.689156	1.5926676662969559
26.689156	1.5926676662969559
26.737253	1.5926834615913739
26.737253	1.5926834615913739
26.737253	1.5926834615913739
26.737253	1.5926834615913739
26.77323	1.5926918716239367
26.785156	1.5926940709176689
26.797252	1.5926960028611414
26.797252	1.5926960028611414
26.797252	1.5926960028611414
26.797252	1.5926960028611414
26.833234	1.5926998343961818
26.833234	1.5926998343961818
26.857377	1.5927010325476947
26.857377	1.5927010325476947
26.857377	1.5927010325476947
26.857377	1.5927010325476947
26.857377	1.5927010325476947
26.857377	1.5927010325476947
26.917254	1.5926989895139698
26.917254	1.5926989895139698
26.929156	1.5926977292860451
26.929156	1.5926977292860451
26.929156	1.5926977292860451
26.965155	1.5926925350033529
26.977253	1.5926903007558992
26.977253	1.5926903007558992
26.977253	1.5926903007558992
26.977253	1.5926903007558992
26.977253	1.5926903007558992
26.977253	1.5926903007558992
27.037256	1.592675546519583
27.037256	1.592675546519583
27.037256	1.592675546519583
27.037256	1.592675546519583
27.037256	1.592675546519583
27.037256	1.592675546519583
27.097252	1.592653177689936
27.097252	1.592653177689936
27.097252	1.592653177689936
27.097252	1.592653177689936
27.097252	1.592653177689936
27.097252	1.592653177689936
27.157261	1.5925608998642375
27.157261	1.5925608998642375
27.157261	1.5925608998642375
27.181156	1.5924801453211683
27.193219	1.5924275614167382
27.193219	1.5924275614167382
27.217275	1.5923123070287257
27.217275	1.5923123070287257
27.217275	1.5923123070287257
27.217275	1.5923123070287257
27.217275	1.5923123070287257
27.217275	1.5923123070287257
27.277252	1.5920029756170009
27.277252	1.5920029756170009
27.277252	1.5920029756170009
27.277252	1.5920029756170009
27.277252	1.5920029756170009
27.325155	1.5917659251723919
27.337252	1.5917077563392314
27.337252	1.5917077563392314
27.337252	1.5917077563392314
27.337252	1.5917077563392314
27.373227	1.5915389612807318
27.373227	1.5915389612807318
27.397253	1.5914292252800182
27.397253	1.5914292252800182
27.397253	1.5914292252800182
27.397253	1.5914292252800182
27.433226	1.5912698164180747
27.445155	1.5912181291718417
27.457265	1.5911662490312277
27.457265	1.5911662490312277
27.457265	1.5911662490312277
27.457265	1.5911662490312277
27.493237	1.5910160460954634
27.493237	1.5910160460954634
27.517327	1.5909182790899923
27.517327	1.5909182790899923
27.517327	1.5909182790899923
27.517327	1.5909182790899923
27.517327	1.5909182790899923
27.517327	1.5909182790899923
27.577257	1.5906852265749447
27.577257	1.5906852265749447
27.589156	1.5906406978159415
27.589156	1.5906406978159415
27.61322	1.590552044668788
27.61322	1.590552044668788
27.637256	1.5904655335679228
27.637256	1.5904655335679228
27.637256	1.5904655335679228
27.637263	1.5904655085150454
27.67323	1.5903399909459297
27.67323	1.5903399909459297
27.67323	1.5903399909459297
27.67323	1.5903399909459297
27.67323	1.5903399909459297
27.67323	1.5903399909459297
27.67323	1.5903399909459297
27.67323	1.5903399909459297
27.757297	1.5900624585232326
27.757297	1.5900624585232326
27.757297	1.5900624585232326
27.757297	1.5900624585232326
27.793228	1.5899501234681119
27.793228	1.5899501234681119
27.817262	1.5898767381818619
27.817262	1.5898767381818619
27.829163	1.5898410067111812
27.841163	1.5898051631030841
27.841163	1.5898051631030841
27.865163	1.5897346804960955
27.877262	1.5896995520772055
27.877262	1.5896995520772055
27.889182	1.5896653030355457
27.889182	1.5896653030355457
27.889182	1.5896653030355457
27.889182	1.5896653030355457
27.937257	1.589529589668869
27.937257	1.589529589668869
27.937257	1.589529589668869
27.961163	1.5894635562199853
27.961163	1.5894635562199853
27.961163	1.5894635562199853
27.997255	1.5893654542175211
27.997255	1.5893654542175211
27.997255	1.5893654542175211
27.997255	1.5893654542175211
28.033233	1.5892692235387458
28.045236	1.5892374001547991
28.057265	1.5892056348129973
28.057265	1.5892056348129973
28.069173	1.5891743445191251
28.069173	1.5891743445191251
28.069173	1.5891743445191251
28.105163	1.589080378301065
28.117257	1.5890489896209958
28.117257	1.5890489896209958
28.117257	1.5890489896209958
28.141163	1.5889871614149051
28.141163	1.5889871614149051
28.165162	1.5889251674194227
28.177381	1.5888933741634901
28.177381	1.5888933741634901
28.189163	1.5888617752418988
28.201162	1.5888286939284693
28.201162	1.5888286939284693
28.225163	1.5887453015422239
28.237257	1.5886930879130468
28.237257	1.5886930879130468
28.237257	1.5886930879130468
28.237257	1.5886930879130468
28.273228	1.5884727380480714
28.285183	1.58838012922105
28.285183	1.58838012922105
28.285183	1.58838012922105
28.285183	1.58838012922105
28.285183	1.58838012922105
28.285183	1.58838012922105
28.297259	1.5882771755554075
28.357266	1.5877029339455471
28.357266	1.5877029339455471
28.357266	1.5877029339455471
28.357266	1.5877029339455471
28.393224	1.5873612168097511
28.405163	1.5872502465503111
28.417276	1.5871389035086276
28.417276	1.5871389035086276
28.429163	1.5870311818714271
28.429163	1.5870311818714271
28.429163	1.5870311818714271
28.429163	1.5870311818714271
28.477271	1.5866056852308905
28.477271	1.5866056852308905
28.477271	1.5866056852308905
28.501163	1.5864010111803399
28.513236	1.5862995127675756
28.525173	1.5861999151777733
28.537258	1.5861000854416949
28.537258	1.5861000854416949
28.537258	1.5861000854416949
28.537258	1.5861000854416949
28.537258	1.5861000854416949
28.537258	1.5861000854416949
28.537258	1.5861000854416949
28.597258	1.5856203463333731
28.609244	1.5855276750778167
28.621163	1.5854360479502696
28.621163	1.5854360479502696
28.621163	1.5854360479502696
28.657261	1.585165139875198
28.657261	1.585165139875198
28.657261	1.585165139875198
28.657261	1.585165139875198
28.657261	1.585165139875198
28.657261	1.585165139875198
28.717285	1.5847328590960121
28.717285	1.5847328590960121
28.717285	1.5847328590960121
28.717285	1.5847328590960121
28.753242	1.5844844204340314
28.765169	1.5844035745651766
28.777269	1.5843223295136208
28.777269	1.5843223295136208
28.777269	1.5843223295136208
28.777269	1.5843223295136208
28.777269	1.5843223295136208
28.825168	1.5840089284972902
28.837343	1.5839311027265579
28.837343	1.5839311027265579
28.837343	1.5839311027265579
28.837343	1.5839311027265579
28.837343	1.5839311027265579
28.837343	1.5839311027265579
28.837343	1.5839311027265579
28.897262	1.5835592884056442
28.909291	1.5834868468638712
28.921169	1.5834156743800387
28.921169	1.5834156743800387
28.921169	1.5834156743800387
28.957317	1.5832035712205326
28.957317	1.5832035712205326
28.957317	1.5832035712205326
28.957317	1.5832035712205326
28.957317	1.5832035712205326
28.957317	1.5832035712205326
29.017299	1.5828637341403187
29.017299	1.5828637341403187
29.029169	1.5827982827139302
29.029169	1.5827982827139302
29.029169	1.5827982827139302
29.029169	1.5827982827139302
29.077297	1.5825377945176116
29.077297	1.5825377945176116
29.077297	1.5825377945176116
29.101245	1.5824113162936462
29.101245	1.5824113162936462
29.101245	1.5824113162936462
29.137266	1.5822247971769854
29.137266	1.5822247971769854
29.149168	1.5821641303060983
29.149168	1.5821641303060983
29.173241	1.5820425449976114
29.185168	1.5819829142137545
29.197264	1.5819228267941716
29.197264	1.5819228267941716
29.209189	1.5818640848562615
29.209189	1.5818640848562615
29.209189	1.5818640848562615
29.209189	1.5818640848562615
29.257265	1.5816306333941144
29.257265	1.5816306333941144
29.257265	1.5816306333941144
29.257265	1.5816306333941144
29.257265	1.5816306333941144
29.305179	1.5814035350383906
29.317283	1.5813469221737151
29.317283	1.5813469221737151
29.317283	1.5813469221737151
29.317283	1.5813469221737151
29.317283	1.5813469221737151
29.317283	1.5813469221737151
29.317283	1.5813469221737151
29.377268	1.5810707757413998
29.389353	1.5810159948930287
29.389353	1.5810159948930287
29.413234	1.5809083869526499
29.413234	1.5809083869526499
29.437297	1.5808008878228448
29.437297	1.5808008878228448
29.449169	1.580748246238425
29.449169	1.580748246238425
29.449169	1.580748246238425
29.449169	1.580748246238425
29.449169	1.580748246238425
29.449169	1.580748246238425
29.449169	1.580748246238425
29.449169	1.580748246238425
29.49736	1.5805365458396956
29.545169	1.5803298585291197
29.557272	1.5802780004588257
29.557272	1.5802780004588257
29.557272	1.5802780004588257
29.557272	1.5802780004588257
29.557272	1.5802780004588257
29.605169	1.5800747509462534
29.617262	1.5800238774659954
29.617262	1.5800238774659954
29.617262	1.5800238774659954
29.641169	1.579923866858078
29.641169	1.579923866858078
29.641169	1.579923866858078
29.677275	1.5797742184014947
29.677281	1.5797741936116039
29.677281	1.5797741936116039
29.701175	1.5796760365818883
29.701175	1.5796760365818883
29.725175	1.5795782103837137
29.737274	1.5795291292227693
29.737274	1.5795291292227693
29.737274	1.5795291292227693
29.737274	1.5795291292227693
29.773249	1.5793843538057903
29.773249	1.5793843538057903
29.773249	1.5793843538057903
29.773249	1.5793843538057903
29.773249	1.5793843538057903
29.773249	1.5793843538057903
29.773249	1.5793843538057903
29.797332	1.5792883147727887
29.857275	1.579052654220314
29.857275	1.579052654220314
29.869175	1.5790064853353813
29.869175	1.5790064853353813
29.869175	1.5790064853353813
29.869175	1.5790064853353813
29.91727	1.5788217549790347
29.91727	1.5788217549790347
29.91727	1.5788217549790347
29.941174	1.5787311941198579
29.953245	1.5786858473617362
29.965175	1.5786411945620709
29.977281	1.5785961005966527
29.977281	1.5785961005966527
29.977281	1.5785961005966527
29.977281	1.5785961005966527
29.977281	1.5785961005966527
30.025262	1.578419956616574
30.037268	1.578376451057325
30.037268	1.578376451057325
30.037268	1.578376451057325
30.037268	1.578376451057325
30.037268	1.578376451057325
30.085175	1.5782054153664395
30.097268	1.5781628417440228
30.097268	1.5781628417440228
30.097268	1.5781628417440228
30.097268	1.5781628417440228
30.097268	1.5781628417440228
30.097268	1.5781628417440228
30.157358	1.5779552203681082
30.157358	1.5779552203681082
30.157358	1.5779552203681082
30.181175	1.5778746767550471
30.181175	1.5778746767550471
30.205176	1.5777946302285286
30.217289	1.5777545771972021
30.217289	1.5777545771972021
30.217289	1.5777545771972021
30.217289	1.5777545771972021
30.217289	1.5777545771972021
30.217289	1.5777545771972021
30.27729	1.5775602521207619
30.27729	1.5775602521207619
30.27729	1.5775602521207619
30.27729	1.5775602521207619
30.27729	1.5775602521207619
30.27729	1.5775602521207619
30.337271	1.5773726369360415
30.337271	1.5773726369360415
30.337271	1.5773726369360415
30.337271	1.5773726369360415
30.373247	1.5772631772791399
30.373247	1.5772631772791399
30.373247	1.5772631772791399
30.373247	1.5772631772791399
30.397276	1.5771907571886394
30.421261	1.577119106686844
30.421261	1.577119106686844
30.445175	1.5770485882194973
30.445175	1.5770485882194973
30.445175	1.5770485882194973
30.445175	1.5770485882194973
30.445175	1.5770485882194973
30.445175	1.5770485882194973
30.445175	1.5770485882194973
30.445175	1.5770485882194973
30.445175	1.5770485882194973
30.445175	1.5770485882194973
30.457358	1.5770129751334478
30.517278	1.57684308894054
30.565175	1.5767127030594319
30.577273	1.5766803569379133
30.577273	1.5766803569379133
30.577273	1.5766803569379133
30.577273	1.5766803569379133
30.613241	1.5765856731001577
30.625176	1.5765546696099546
30.63727	1.5765234555866652
30.63727	1.5765234555866652
30.63727	1.5765234555866652
30.63727	1.5765234555866652
30.63727	1.5765234555866652
30.685255	1.5764017443358267
30.697282	1.5763717086637288
30.697282	1.5763717086637288
30.697282	1.5763717086637288
30.697282	1.5763717086637288
30.697282	1.5763717086637288
30.697282	1.5763717086637288
30.757289	1.5762247268743923
30.757289	1.5762247268743923
30.757289	1.5762247268743923
30.757289	1.5762247268743923
30.757289	1.5762247268743923
30.805183	1.5761106825954767
30.817382	1.5760820626245955
30.817382	1.5760820626245955
30.817382	1.5760820626245955
30.817382	1.5760820626245955
30.853254	1.5759989235843694
30.853254	1.5759989235843694
30.877285	1.575943941666831
30.877285	1.575943941666831
30.889184	1.5759169723783768
30.901183	1.5758898545457178
30.901183	1.5758898545457178
30.901183	1.5758898545457178
30.937278	1.5758092096912664
30.937278	1.5758092096912664
30.937278	1.5758092096912664
30.961183	1.5757564080697426
30.961183	1.5757564080697426
30.961183	1.5757564080697426
30.9973	1.5756774857672688
30.9973	1.5756774857672688
31.009183	1.5756517358203668
31.021183	1.5756257877600826
31.021183	1.5756257877600826
31.021183	1.5756257877600826
31.057278	1.5755484326483011
31.057278	1.5755484326483011
31.057278	1.5755484326483011
31.057278	1.5755484326483011
31.093246	1.5754722254522542
31.093246	1.5754722254522542
31.117383	1.5754215258445126
31.117383	1.5754215258445126
31.117383	1.5754215258445126
31.117383	1.5754215258445126
31.117383	1.5754215258445126
31.117383	1.5754215258445126
31.177303	1.5752971525326234
31.177303	1.5752971525326234
31.177303	1.5752971525326234
31.177303	1.5752971525326234
31.177303	1.5752971525326234
31.225183	1.5751991469457198
31.237285	1.5751745392064234
31.237285	1.5751745392064234
31.249187	1.5751504181572868
31.249187	1.5751504181572868
31.273248	1.5751018142569928
31.273248	1.5751018142569928
31.297297	1.5750534683072737
31.297297	1.5750534683072737
31.297297	1.5750534683072737
31.297297	1.5750534683072737
31.33325	1.5749816190376484
31.345262	1.5749577083252615
31.357302	1.5749337860902497
31.357302	1.5749337860902497
31.357302	1.5749337860902497
31.357302	1.5749337860902497
31.357302	1.5749337860902497
31.357302	1.5749337860902497
31.41728	1.5748153059599117
31.41728	1.5748153059599117
31.41728	1.5748153059599117
31.441184	1.5747683581077505
31.441184	1.5747683581077505
31.441184	1.5747683581077505
31.477348	1.5746975924912305
31.477348	1.5746975924912305
31.489183	1.574674503765509
31.489183	1.574674503765509
31.489183	1.574674503765509
31.525184	1.5746044267598183
31.537278	1.5745809376135296
31.537278	1.5745809376135296
31.537278	1.5745809376135296
31.537278	1.5745809376135296
31.573255	1.5745112158975465
31.573255	1.5745112158975465
31.597279	1.5744647710139654
31.597279	1.5744647710139654
31.597279	1.5744647710139654
31.597279	1.5744647710139654
31.597279	1.5744647710139654
31.597279	1.5744647710139654
31.657286	1.5743491187391254
31.657286	1.5743491187391254
31.669183	1.5743262446706097
31.66919	1.5743262312156916
31.66919	1.5743262312156916
31.66919	1.5743262312156916
31.717285	1.5742339221855048
31.717285	1.5742339221855048
31.717285	1.5742339221855048
31.717285	1.5742339221855048
31.717285	1.5742339221855048
31.717285	1.5742339221855048
31.777298	1.574119098343068
31.777298	1.574119098343068
31.777298	1.574119098343068
31.777298	1.574119098343068
31.813253	1.5740505076858908
31.825215	1.574027719047246
31.837286	1.5740047378122191
31.837286	1.5740047378122191
31.837286	1.5740047378122191
31.837286	1.5740047378122191
31.837286	1.5740047378122191
31.837286	1.5740047378122191
31.897284	1.5738906886889572
31.897284	1.5738906886889572
31.897284	1.5738906886889572
31.92119	1.5738452924241608
31.92119	1.5738452924241608
31.92119	1.5738452924241608
31.957405	1.5737766596211806
31.957405	1.5737766596211806
31.957405	1.5737766596211806
31.957405	1.5737766596211806
31.993253	1.5737089336266108
31.993253	1.5737089336266108
32.017328	1.5736635777159229
32.017328	1.5736635777159229
32.017328	1.5736635777159229
32.017328	1.5736635777159229
32.017328	1.5736635777159229
32.065191	1.5735737875916205
32.077291	1.5735511689100268
32.077291	1.5735511689100268
32.077291	1.5735511689100268
32.077291	1.5735511689100268
32.077291	1.5735511689100268
32.077291	1.5735511689100268
32.137353	1.5734394998375947
32.137353	1.5734394998375947
32.149201	1.5734176078284945
32.16119	1.5733954802404861
32.16119	1.5733954802404861
32.16119	1.5733954802404861
32.197284	1.5733292021278096
32.197284	1.5733292021278096
32.197284	1.5733292021278096
32.197284	1.5733292021278096
32.233268	1.5732636061647405
32.233268	1.5732636061647405
32.257286	1.5732200935314213
32.257286	1.5732200935314213
32.257286	1.5732200935314213
32.257286	1.5732200935314213
32.293255	1.5731554040704741
32.293255	1.5731554040704741
32.317307	1.5731124485074501
32.317307	1.5731124485074501
32.317307	1.5731124485074501
32.317307	1.5731124485074501
32.317307	1.5731124485074501
32.317307	1.5731124485074501
32.377288	1.5730065251527841
32.377288	1.5730065251527841
32.377288	1.5730065251527841
32.377288	1.5730065251527841
32.41326	1.5729438524951715
32.41326	1.5729438524951715
32.437289	1.5729023344788311
32.437289	1.5729023344788311
32.437289	1.5729023344788311
32.437289	1.5729023344788311
32.437289	1.5729023344788311
32.437289	1.5729023344788311
32.497285	1.5728000017873811
32.497285	1.5728000017873811
32.497285	1.5728000017873811
32.497285	1.5728000017873811
32.497285	1.5728000017873811
32.54519	1.572719615889058
32.557287	1.5726994852352545
32.557287	1.5726994852352545
32.557287	1.5726994852352545
32.557287	1.5726994852352545
32.557287	1.5726994852352545
32.557287	1.5726994852352545
32.617294	1.572600685639608
32.617294	1.572600685639608
32.617294	1.572600685639608
32.617294	1.572600685639608
32.653257	1.5725422776709925
32.653257	1.5725422776709925
32.677325	1.5725034921681198
32.677325	1.5725034921681198
32.677333	1.5725034792956862
32.677333	1.5725034792956862
32.713273	1.5724460398561719
32.725209	1.572427074094251
32.737296	1.5724079223375356
32.737296	1.5724079223375356
32.737296	1.5724079223375356
32.737296	1.5724079223375356
32.77327	1.5723512711331917
32.77327	1.5723512711331917
32.77327	1.5723512711331917
32.77327	1.5723512711331917
32.77327	1.5723512711331917
32.77327	1.5723512711331917
32.797381	1.57231354561433
32.845198	1.572239302517588
32.857297	1.5722206195583899
32.857297	1.5722206195583899
32.869198	1.5722022831557496
32.869198	1.5722022831557496
32.869198	1.5722022831557496
32.869198	1.5722022831557496
32.917295	1.5721283667029711
32.917295	1.5721283667029711
32.917295	1.5721283667029711
32.917295	1.5721283667029711
32.917295	1.5721283667029711
32.917295	1.5721283667029711
32.977311	1.5720366941192345
32.977311	1.5720366941192345
32.989198	1.5720186066237769
33.001198	1.5720003572776251
33.013277	1.5719820157663966
33.025199	1.571963925171616
33.037297	1.5719455839383416
33.037297	1.5719455839383416
33.037297	1.5719455839383416
33.037297	1.5719455839383416
33.037297	1.5719455839383416
33.037297	1.5719455839383416
33.097391	1.5718546853121151
33.097391	1.5718546853121151
33.097391	1.5718546853121151
33.121198	1.5718187364391949
33.121198	1.5718187364391949
33.121198	1.5718187364391949
33.121198	1.5718187364391949
33.121198	1.5718187364391949
33.121198	1.5718187364391949
33.121198	1.5718187364391949
33.121198	1.5718187364391949
33.15731	1.5717642642600405
33.217294	1.5716738529002072
33.217294	1.5716738529002072
33.229259	1.57165582359445
33.241198	1.5716378344076567
33.241198	1.5716378344076567
33.241198	1.5716378344076567
33.277303	1.5715834388382224
33.277303	1.5715834388382224
33.277303	1.5715834388382224
33.277303	1.5715834388382224
33.31327	1.5715292307310156
33.325275	1.5715111347864603
33.337296	1.5714930142405874
33.337296	1.5714930142405874
33.337296	1.5714930142405874
33.337296	1.5714930142405874
33.373277	1.571438773789178
33.385198	1.5714207995329925
33.397292	1.5714025612342373
33.397292	1.5714025612342373
33.397292	1.5714025612342373
33.397292	1.5714025612342373
33.397292	1.5714025612342373
33.397292	1.5714025612342373
33.397292	1.5714025612342373
33.397292	1.5714025612342373
33.457363	1.5713119721058102
33.481198	1.5712760355033366
33.481198	1.5712760355033366
33.481198	1.5712760355033366
33.517291	1.5712216166958302
33.517291	1.5712216166958302
33.529198	1.5712036690995606
33.541197	1.5711855845901352
33.541197	1.5711855845901352
33.541197	1.5711855845901352
33.577294	1.571131205061882
33.577294	1.571131205061882
33.577294	1.571131205061882
33.601197	1.5710952039575452
33.601197	1.5710952039575452
33.601197	1.5710952039575452
33.637309	1.5710408446520407
33.637309	1.5710408446520407
33.637309	1.5710408446520407
33.637309	1.5710408446520407
33.637309	1.5710408446520407
33.637309	1.5710408446520407
33.697314	1.5709506288703203
33.697314	1.5709506288703203
33.697314	1.5709506288703203
33.697314	1.5709506288703203
33.697314	1.5709506288703203
33.745209	1.5708787251043657
33.757329	1.5708605484031459
33.757329	1.5708605484031459
33.769212	1.5708427359952175
33.781209	1.570824755994729
33.793271	1.5708066848447126
33.793271	1.5708066848447126
33.817303	1.5707706967279165
33.817303	1.5707706967279165
33.817303	1.5707706967279165
33.817303	1.5707706967279165
33.817303	1.5707706967279165
33.865209	1.5706990574118238
33.877325	1.5706809581201064
33.877325	1.5706809581201064
33.877325	1.5706809581201064
33.877325	1.5706809581201064
33.91328	1.5706272838457349
33.925209	1.5706094899785292
33.93732	1.5705914323451267
33.93732	1.5705914323451267
33.93732	1.5705914323451267
33.93732	1.5705914323451267
33.973282	1.5705378648420543
33.98528	1.570520004953091
33.997308	1.5705021046264889
33.997308	1.5705021046264889
33.997308	1.5705021046264889
33.997308	1.5705021046264889
33.997308	1.5705021046264889
33.997308	1.5705021046264889
33.997308	1.5705021046264889
33.997308	1.5705021046264889
33.997308	1.5705021046264889
33.997308	1.5705021046264889
34.057306	1.570412921359946
34.105209	1.5703418283331432
34.117372	1.5703237888684358
34.117372	1.5703237888684358
34.117372	1.5703237888684358
34.117372	1.5703237888684358
34.117372	1.5703237888684358
34.165209	1.5702529062419428
34.177312	1.5702349862698388
34.177312	1.5702349862698388
34.177312	1.5702349862698388
34.177312	1.5702349862698388
34.177312	1.5702349862698388
34.177312	1.5702349862698388
34.237305	1.5701462214936923
34.237305	1.5701462214936923
34.237305	1.5701462214936923
34.261208	1.5701109005419531
34.261208	1.5701109005419531
34.261208	1.5701109005419531
34.29731	1.5700576852890431
34.29731	1.5700576852890431
34.309209	1.5700401893178848
34.309209	1.5700401893178848
34.333273	1.5700048423533168
34.333273	1.5700048423533168
34.357303	1.5699695909150131
34.357303	1.5699695909150131
34.357303	1.5699695909150131
34.357303	1.5699695909150131
34.357303	1.5699695909150131
34.405209	1.5698994444319361
34.417327	1.5698817262730627
34.417327	1.5698817262730627
34.417327	1.5698817262730627
34.441209	1.5698468438697872
34.453278	1.5698292374560636
34.453278	1.5698292374560636
34.477313	1.5697942059354655
34.477313	1.5697942059354655
34.489209	1.5697768905464362
34.489209	1.5697768905464362
34.513355	1.5697417814782957
34.525208	1.5697245685402337
34.537317	1.5697069983187844
34.537317	1.5697069983187844
34.537317	1.5697069983187844
34.537317	1.5697069983187844
34.537317	1.5697069983187844
34.537317	1.5697069983187844
34.597337	1.5696201671973729
34.597337	1.5696201671973729
34.597337	1.5696201671973729
34.597337	1.5696201671973729
34.597337	1.5696201671973729
34.64528	1.5695511354672513
34.657309	1.5695338617695684
34.657309	1.5695338617695684
34.657309	1.5695338617695684
34.681213	1.5694995992572702
34.693283	1.5694823359081105
34.705216	1.5694652839359189
34.717318	1.569448010618554
34.717318	1.569448010618554
34.717318	1.569448010618554
34.717318	1.569448010618554
34.717318	1.569448010618554
34.717318	1.569448010618554
34.777391	1.5693626082751555
34.777391	1.5693626082751555
34.777391	1.5693626082751555
34.801216	1.5693288892287507
34.813285	1.5693118475950421
34.825215	1.5692950183227583
34.83731	1.5692779772961307
34.83731	1.5692779772961307
34.83731	1.5692779772961307
34.83731	1.5692779772961307
34.83731	1.5692779772961307
34.885215	1.5692107126254597
34.897333	1.5691937488978105
34.897333	1.5691937488978105
34.909286	1.5691770433806513
34.909286	1.5691770433806513
34.909286	1.5691770433806513
34.909286	1.5691770433806513
34.957313	1.5691101091112529
34.957313	1.5691101091112529
34.957313	1.5691101091112529
34.957313	1.5691101091112529
34.957313	1.5691101091112529
34.957313	1.5691101091112529
35.017312	1.5690269332335296
35.017312	1.5690269332335296
35.017312	1.5690269332335296
35.017312	1.5690269332335296
35.017312	1.5690269332335296
35.017312	1.5690269332335296
35.017312	1.5690269332335296
35.017312	1.5690269332335296
35.017312	1.5690269332335296
35.077319	1.5689441752435969
35.113287	1.5688947466329415
35.125216	1.5688783774514501
35.137309	1.5688617946954795
35.137309	1.5688617946954795
35.149216	1.568845481182648
35.149216	1.568845481182648
35.173355	1.568812435669741
35.185216	1.5687962119513119
35.197309	1.5687796790967345
35.197309	1.5687796790967345
35.209219	1.5687634063435327
35.209219	1.5687634063435327
35.209219	1.5687634063435327
35.245216	1.5687142602883739
35.257313	1.5686977563348163
35.257313	1.5686977563348163
35.257313	1.5686977563348163
35.257313	1.5686977563348163
35.293298	1.568648690827559
35.293298	1.568648690827559
35.293298	1.568648690827559
35.293298	1.568648690827559
35.293298	1.568648690827559
35.293298	1.568648690827559
35.317373	1.5686158802370844
35.365215	1.5685507003150936
35.37738	1.5685341282873442
35.37738	1.5685341282873442
35.37738	1.5685341282873442
35.401216	1.5685016559221077
35.401216	1.5685016559221077
35.401216	1.5685016559221077
35.437385	1.5684523756734163
35.437385	1.5684523756734163
35.449216	1.5684362534280096
35.449216	1.5684362534280096
35.449216	1.5684362534280096
35.449216	1.5684362534280096
35.497336	1.5683706649911175
35.497336	1.5683706649911175
35.497336	1.5683706649911175
35.497336	1.5683706649911175
35.497336	1.5683706649911175
35.497336	1.5683706649911175
35.557354	1.5682888170906788
35.557354	1.5682888170906788
35.557354	1.5682888170906788
35.557354	1.5682888170906788
35.557354	1.5682888170906788
35.557354	1.5682888170906788
35.617309	1.5682070148427119
35.617309	1.5682070148427119
35.617309	1.5682070148427119
35.617309	1.5682070148427119
35.653291	1.5681579117810289
35.653291	1.5681579117810289
35.677355	1.5681250736696928
35.677355	1.5681250736696928
35.677355	1.5681250736696928
35.701293	1.5680924115786359
35.713303	1.5680760281019366
35.713303	1.5680760281019366
35.737396	1.5680431693811339
35.737396	1.5680431693811339
35.737396	1.5680431693811339
35.737396	1.5680431693811339
35.737396	1.5680431693811339
35.737396	1.5680431693811339
35.79732	1.567961523451082
35.79732	1.567961523451082
35.79732	1.567961523451082
35.79732	1.567961523451082
35.79732	1.567961523451082
35.79732	1.567961523451082
35.85732	1.5678799339441924
35.85732	1.5678799339441924
35.869309	1.5678636570499629
35.869309	1.5678636570499629
35.893303	1.5678311054954874
35.893303	1.5678311054954874
35.917318	1.5677985638800573
35.917318	1.5677985638800573
35.917318	1.5677985638800573
35.917318	1.5677985638800573
35.953308	1.5677498811696253
35.965302	1.5677336794084824
35.977364	1.5677173969702443
35.977364	1.5677173969702443
35.977364	1.5677173969702443
36.001226	1.5676852244275796
36.013286	1.5676689869273386
36.025223	1.5676529246724313
36.037335	1.5676366395123118
36.037335	1.5676366395123118
36.037335	1.5676366395123118
36.037335	1.5676366395123118
36.037335	1.5676366395123118
36.037335	1.5676366395123118
36.037335	1.5676366395123118
36.097388	1.5675561085451009
36.109498	1.5675399139915571
36.109498	1.5675399139915571
36.109498	1.5675399139915571
36.109498	1.5675399139915571
36.157319	1.5674760930796983
36.157319	1.5674760930796983
36.157319	1.5674760930796983
36.181222	1.5674442781637763
36.181222	1.5674442781637763
36.205222	1.5674123938705669
36.217336	1.5673963184546587
36.217336	1.5673963184546587
36.229294	1.567380467572544
36.229294	1.567380467572544
36.229294	1.567380467572544
36.265226	1.5673329087290262
36.277367	1.5673168643111273
36.277367	1.5673168643111273
36.277367	1.5673168643111273
36.301223	1.5672853780251028
36.313313	1.5672694455173264
36.325223	1.567253761465955
36.33732	1.5672378457845733
36.33732	1.5672378457845733
36.33732	1.5672378457845733
36.33732	1.5672378457845733
36.33732	1.5672378457845733
36.33732	1.5672378457845733
36.397323	1.5671591493989661
36.397323	1.5671591493989661
36.397323	1.5671591493989661
36.421223	1.5671279075914597
36.421223	1.5671279075914597
36.421223	1.5671279075914597
36.457339	1.5670808041355664
36.457339	1.5670808041355664
36.469245	1.5670653036576201
36.469245	1.5670653036576201
36.469245	1.5670653036576201
36.469245	1.5670653036576201
36.517333	1.5670028061781291
36.517333	1.5670028061781291
36.517333	1.5670028061781291
36.517333	1.5670028061781291
36.517333	1.5670028061781291
36.565223	1.5669407487426787
36.577367	1.5669250373580119
36.577367	1.5669250373580119
36.589226	1.5669097073119265
36.589226	1.5669097073119265
36.589226	1.5669097073119265
36.589226	1.5669097073119265
36.589226	1.5669097073119265
36.589226	1.5669097073119265
36.589226	1.5669097073119265
36.589226	1.5669097073119265
36.589226	1.5669097073119265
36.637323	1.5668476190403307
36.697318	1.5667703774463626
36.697326	1.5667703671575692
36.697326	1.5667703671575692
36.697326	1.5667703671575692
36.733314	1.5667241386642761
36.733314	1.5667241386642761
36.757403	1.5666932363915111
36.757403	1.5666932363915111
36.757403	1.5666932363915111
36.757403	1.5666932363915111
36.757403	1.5666932363915111
36.805231	1.5666319889191755
36.81733	1.5666165164677563
36.81733	1.5666165164677563
36.81733	1.5666165164677563
36.81733	1.5666165164677563
36.81733	1.5666165164677563
36.865314	1.5665552531641906
36.877359	1.5665398978461922
36.877359	1.5665398978461922
36.877359	1.5665398978461922
36.877359	1.5665398978461922
36.877359	1.5665398978461922
36.925244	1.5664789615197423
36.93733	1.5664636075523921
36.93733	1.5664636075523921
36.93733	1.5664636075523921
36.93733	1.5664636075523921
36.973303	1.5664179839183998
36.985231	1.5664028788697646
36.997344	1.5663875511784329
36.997344	1.5663875511784329
36.997344	1.5663875511784329
36.997344	1.5663875511784329
37.033303	1.5663421329937053
37.033303	1.5663421329937053
37.033303	1.5663421329937053
37.057333	1.5663118462109042
37.069378	1.5662966896431143
37.069378	1.5662966896431143
37.069378	1.5662966896431143
37.069378	1.5662966896431143
37.117348	1.5662364561450106
37.117348	1.5662364561450106
37.117348	1.5662364561450106
37.117348	1.5662364561450106
37.117348	1.5662364561450106
37.117348	1.5662364561450106
37.177389	1.5661613957772853
37.177389	1.5661613957772853
37.177389	1.5661613957772853
37.177389	1.5661613957772853
37.177389	1.5661613957772853
37.225231	1.5661018480506013
37.237326	1.5660868276618236
37.237326	1.5660868276618236
37.237326	1.5660868276618236
37.237326	1.5660868276618236
37.237326	1.5660868276618236
37.237326	1.5660868276618236
37.297335	1.5660125180250961
37.297335	1.5660125180250961
37.297335	1.5660125180250961
37.297335	1.5660125180250961
37.297335	1.5660125180250961
37.34523	1.5659534513862563
37.357332	1.5659385583236356
37.357332	1.5659385583236356
37.369231	1.5659239315091242
37.381231	1.5659091874279736
37.381231	1.5659091874279736
37.381231	1.5659091874279736
37.417397	1.5658648350135003
37.417397	1.5658648350135003
37.417397	1.5658648350135003
37.417397	1.5658648350135003
37.417397	1.5658648350135003
37.417397	1.5658648350135003
37.477359	1.5657915210172728
37.477359	1.5657915210172728
37.477359	1.5657915210172728
37.477359	1.5657915210172728
37.477359	1.5657915210172728
37.477359	1.5657915210172728
37.537343	1.5657184196596992
37.537343	1.5657184196596992
37.537343	1.5657184196596992
37.561231	1.5656893659587696
37.573303	1.5656746968401161
37.573303	1.5656746968401161
37.597358	1.5656454831526976
37.597358	1.5656454831526976
37.597358	1.5656454831526976
37.597358	1.5656454831526976
37.633301	1.5656018801044609
37.633301	1.5656018801044609
37.657327	1.5655727587043711
37.657327	1.5655727587043711
37.657327	1.5655727587043711
37.657327	1.5655727587043711
37.657327	1.5655727587043711
37.70524	1.5655147408090535
37.717353	1.5655000854830532
37.717353	1.5655000854830532
37.717353	1.5655000854830532
37.717353	1.5655000854830532
37.717353	1.5655000854830532
37.765239	1.5654422317374357
37.777357	1.5654276115030563
37.777357	1.5654276115030563
37.777357	1.5654276115030563
37.801258	1.5653988011974285
37.801258	1.5653988011974285
37.825238	1.5653699302280353
37.837339	1.5653553716373498
37.837339	1.5653553716373498
37.837339	1.5653553716373498
37.837339	1.5653553716373498
37.837339	1.5653553716373498
37.837339	1.5653553716373498
37.897335	1.5652833129394332
37.897335	1.5652833129394332
37.897335	1.5652833129394332
37.897335	1.5652833129394332
37.933318	1.5652401904869351
37.933318	1.5652401904869351
37.957361	1.5652114159164781
37.957361	1.5652114159164781
37.957361	1.5652114159164781
37.957361	1.5652114159164781
37.993302	1.5651684683733891
37.993302	1.5651684683733891
38.017336	1.565139791382818
38.017336	1.565139791382818
38.017336	1.565139791382818
38.017336	1.565139791382818
38.017336	1.565139791382818
38.017336	1.565139791382818
38.017336	1.565139791382818
38.017336	1.565139791382818
38.017336	1.565139791382818
38.017336	1.565139791382818
38.077463	1.5650682267968774
38.125238	1.565011559341708
38.13735	1.5649972207008178
38.13735	1.5649972207008178
38.13735	1.5649972207008178
38.13735	1.5649972207008178
38.173311	1.5649547289207266
38.173311	1.5649547289207266
38.197351	1.5649263839744401
38.197351	1.5649263839744401
38.197351	1.5649263839744401
38.197351	1.5649263839744401
38.233312	1.5648840902005874
38.233312	1.5648840902005874
38.257342	1.5648558967227342
38.257342	1.5648558967227342
38.257342	1.5648558967227342
38.257342	1.5648558967227342
38.257342	1.5648558967227342
38.257342	1.5648558967227342
38.317356	1.5647857516785668
38.317356	1.5647857516785668
38.317356	1.5647857516785668
38.317356	1.5647857516785668
38.317356	1.5647857516785668
38.317356	1.5647857516785668
38.317356	1.5647857516785668
38.317356	1.5647857516785668
38.377358	1.5647160068767552
38.401239	1.564688355804521
38.401239	1.564688355804521
38.401239	1.564688355804521
38.437332	1.56464668554153
38.437332	1.56464668554153
38.449239	1.5646329720006169
38.449239	1.5646329720006169
38.449239	1.5646329720006169
38.449239	1.5646329720006169
38.497332	1.5645777211325143
38.497332	1.5645777211325143
38.497332	1.5645777211325143
38.521249	1.5645503345564038
38.533302	1.5645365595028018
38.54526	1.5645229037271782
38.557337	1.5645091258233774
38.557337	1.5645091258233774
38.557337	1.5645091258233774
38.557337	1.5645091258233774
38.557337	1.5645091258233774
38.557337	1.5645091258233774
38.617335	1.5644408945296602
38.617335	1.5644408945296602
38.6294	1.5644272163969624
38.641242	1.564413797914727
38.641242	1.564413797914727
38.641242	1.564413797914727
38.67737	1.5643729448701091
38.67737	1.5643729448701091
38.67737	1.5643729448701091
38.701248	1.5643460009447476
38.701256	1.5643459919323082
38.725246	1.5643189761547311
38.737421	1.5643052841961813
38.737421	1.5643052841961813
38.737421	1.5643052841961813
38.737421	1.5643052841961813
38.737421	1.5643052841961813
38.785247	1.5642516520556227
38.797345	1.5642381188964167
38.797345	1.5642381188964167
38.797345	1.5642381188964167
38.821247	1.5642114233909916
38.821247	1.5642114233909916
38.821247	1.5642114233909916
38.857367	1.5641711819669628
38.857367	1.5641711819669628
38.86932	1.5641578915073417
38.881247	1.5641446363262792
38.893311	1.5641312460505761
38.893311	1.5641312460505761
38.917355	1.5641045849850961
38.917355	1.5641045849850961
38.929247	1.5640914169515545
38.929247	1.5640914169515545
38.929247	1.5640914169515545
38.929247	1.5640914169515545
38.977356	1.564038235671749
38.977356	1.564038235671749
38.977356	1.564038235671749
38.977356	1.564038235671749
39.013313	1.5639985882076592
39.013313	1.5639985882076592
39.013313	1.5639985882076592
39.037344	1.5639721335149455
39.049247	1.5639590454748056
39.049247	1.5639590454748056
39.073331	1.563932586445635
39.073331	1.563932586445635
39.097364	1.5639062172246903
39.097364	1.5639062172246903
39.109246	1.5638931953060946
39.109246	1.5638931953060946
39.13338	1.5638667688899865
39.13338	1.5638667688899865
39.157345	1.5638405622448348
39.157345	1.5638405622448348
39.157345	1.5638405622448348
39.157345	1.5638405622448348
39.193311	1.563801303287516
39.193311	1.563801303287516
39.217362	1.5637750948654834
39.217362	1.5637750948654834
39.217362	1.5637750948654834
39.217362	1.5637750948654834
39.217362	1.5637750948654834
39.265317	1.5637229635748837
39.277355	1.5637099021380985
39.277355	1.5637099021380985
39.277355	1.5637099021380985
39.30125	1.5636840095255875
39.313325	1.5636709447681563
39.325258	1.5636580420376773
39.337381	1.5636449446844336
39.337381	1.5636449446844336
39.337381	1.5636449446844336
39.337381	1.5636449446844336
39.373336	1.5636061764335216
39.373336	1.5636061764335216
39.373336	1.5636061764335216
39.373336	1.5636061764335216
39.373336	1.5636061764335216
39.373336	1.5636061764335216
39.373336	1.5636061764335216
39.397418	1.5635802675600905
39.457363	1.5635160026494719
39.457363	1.5635160026494719
39.469247	1.5635033041482986
39.469247	1.5635033041482986
39.469247	1.5635033041482986
39.469247	1.5635033041482986
39.517342	1.5634520414462556
39.517342	1.5634520414462556
39.529324	1.5634393139957403
39.529324	1.5634393139957403
39.529324	1.5634393139957403
39.529324	1.5634393139957403
39.577367	1.563388446221414
39.577367	1.563388446221414
39.577367	1.563388446221414
39.577367	1.563388446221414
39.577367	1.563388446221414
39.625247	1.5633380484476489
39.637343	1.5633253598490335
39.637343	1.5633253598490335
39.637343	1.5633253598490335
39.637343	1.5633253598490335
39.637343	1.5633253598490335
39.637343	1.5633253598490335
39.637343	1.5633253598490335
39.637343	1.5633253598490335
39.697353	1.5632626866515762
39.721254	1.5632378431295022
39.721254	1.5632378431295022
39.721254	1.5632378431295022
39.757348	1.5632004525259648
39.757348	1.5632004525259648
39.757348	1.5632004525259648
39.757348	1.5632004525259648
39.757348	1.5632004525259648
39.805254	1.5631510423250448
39.817352	1.5631385996022369
39.817352	1.5631385996022369
39.817352	1.5631385996022369
39.817352	1.5631385996022369
39.853332	1.5631016849989803
39.865254	1.5630894787496838
39.877358	1.5630770984283695
39.877358	1.5630770984283695
39.877358	1.5630770984283695
39.901254	1.563052695864009
39.901254	1.563052695864009
39.901254	1.563052695864009
39.93735	1.5630159280538569
39.93735	1.5630159280538569
39.93735	1.5630159280538569
39.93735	1.5630159280538569
39.93735	1.5630159280538569
39.93735	1.5630159280538569
39.997348	1.562955039231849
39.997348	1.562955039231849
40.009253	1.5629429903226808
40.021254	1.5629308496025447
40.021254	1.5629308496025447
40.021254	1.5629308496025447
40.057419	1.5628943279825258
40.057419	1.5628943279825258
40.069253	1.5628823960064708
40.069253	1.5628823960064708
40.069253	1.5628823960064708
40.105275	1.5628461198890453
40.117396	1.5628339290473865
40.117396	1.5628339290473865
40.117396	1.5628339290473865
40.117396	1.5628339290473865
40.117396	1.5628339290473865
40.117396	1.5628339290473865
40.177355	1.5627740774238965
40.177355	1.5627740774238965
40.189331	1.5627629490226822
40.189331	1.5627629490226822
40.213317	1.5627456509187543
40.225257	1.5627425016883336
40.225257	1.5627425016883336
40.237365	1.5627439728485339
40.249254	1.5627535876874787
40.249254	1.5627535876874787
40.273319	1.5627901421114381
40.273319	1.5627901421114381
40.297362	1.5628518881665672
40.297362	1.5628518881665672
40.297362	1.5628518881665672
40.297362	1.5628518881665672
40.33332	1.5629747009799926
40.33332	1.5629747009799926
40.35743	1.563060849738126
40.35743	1.563060849738126
40.35743	1.563060849738126
40.381253	1.5631435244430052
40.381253	1.5631435244430052
40.381253	1.5631435244430052
40.417351	1.5632620866840621
40.417351	1.5632620866840621
40.417351	1.5632620866840621
40.417351	1.5632620866840621
40.417351	1.5632620866840621
40.417351	1.5632620866840621
40.47735	1.5634432233499018
40.47735	1.5634432233499018
40.47735	1.5634432233499018
40.501254	1.563510290505655
40.513326	1.5635428900448456
40.525274	1.5635746403276085
40.537368	1.5636061196785886
40.537368	1.5636061196785886
40.537368	1.5636061196785886
40.537368	1.5636061196785886
40.573324	1.5636952652200038
40.573324	1.5636952652200038
40.597352	1.5637516511815703
40.597352	1.5637516511815703
40.597352	1.5637516511815703
40.597352	1.5637516511815703
40.597352	1.5637516511815703
40.645253	1.5638561221693981
40.657371	1.5638810744561862
40.657371	1.5638810744561862
40.657371	1.5638810744561862
40.657371	1.5638810744561862
40.657371	1.5638810744561862
40.657371	1.5638810744561862
40.717434	1.5639956351800284
40.729261	1.5640164360618329
40.729261	1.5640164360618329
40.729261	1.5640164360618329
40.753334	1.5640574018756601
40.753334	1.5640574018756601
40.777374	1.5640962950143185
40.777374	1.5640962950143185
40.777374	1.5640962950143185
40.801261	1.5641329373418102
40.813326	1.5641506050663196
40.813326	1.5641506050663196
40.837356	1.5641847041350023
40.837356	1.5641847041350023
40.849334	1.5642009312093561
40.849334	1.5642009312093561
40.849334	1.5642009312093561
40.849334	1.5642009312093561
40.897367	1.5642622642003536
40.897367	1.5642622642003536
40.897367	1.5642622642003536
40.921282	1.5642904774361905
40.921282	1.5642904774361905
40.921282	1.5642904774361905
40.95738	1.5643303221087681
40.95738	1.5643303221087681
40.95738	1.5643303221087681
40.95738	1.5643303221087681
40.95738	1.5643303221087681
40.95738	1.5643303221087681
40.95738	1.5643303221087681
40.95738	1.5643303221087681
40.95738	1.5643303221087681
40.95738	1.5643303221087681
40.95738	1.5643303221087681
41.017358	1.5643901778704226
41.077356	1.5644431856217158
41.077356	1.5644431856217158
41.077356	1.5644431856217158
41.077356	1.5644431856217158
41.113409	1.564472217905696
41.113409	1.564472217905696
41.13736	1.5644905494777683
41.13736	1.5644905494777683
41.13736	1.5644905494777683
41.13736	1.5644905494777683
41.13736	1.5644905494777683
41.13736	1.5644905494777683
41.197358	1.5645333801295145
41.197358	1.5645333801295145
41.197358	1.5645333801295145
41.197358	1.5645333801295145
41.233333	1.5645572885484753
41.233333	1.5645572885484753
41.257363	1.5645726731029843
41.257363	1.5645726731029843
41.257363	1.5645726731029843
41.257363	1.5645726731029843
41.257363	1.5645726731029843
41.305261	1.5646064779677022
41.317397	1.564618976918067
41.317397	1.564618976918067
41.317397	1.564618976918067
41.317397	1.564618976918067
41.317397	1.564618976918067
41.317397	1.564618976918067
41.317397	1.564618976918067
41.377452	1.5647685607426671
41.389261	1.5648179890546079
41.389261	1.5648179890546079
41.389261	1.5648179890546079
41.389261	1.5648179890546079
41.437354	1.5650527489389912
41.437354	1.5650527489389912
41.437354	1.5650527489389912
41.437354	1.5650527489389912
41.437354	1.5650527489389912
41.485262	1.565294139306767
41.497356	1.565353039066522
41.497356	1.565353039066522
41.497356	1.565353039066522
41.497356	1.565353039066522
41.497356	1.565353039066522
41.497356	1.565353039066522
41.497356	1.565353039066522
41.497356	1.565353039066522
41.557359	1.565631726097326
41.581262	1.5657372221415959
41.581262	1.5657372221415959
41.581262	1.5657372221415959
41.617357	1.5658906516790336
41.617357	1.5658906516790336
41.629262	1.5659396539402599
41.629262	1.5659396539402599
41.653339	1.5660368485541272
41.653339	1.5660368485541272
41.67738	1.5661310651899514
41.67738	1.5661310651899514
41.67738	1.5661310651899514
41.67738	1.5661310651899514
41.713334	1.5662663964374712
41.725262	1.5663099855425497
41.737376	1.5663536144642212
41.737376	1.5663536144642212
41.737376	1.5663536144642212
41.737376	1.5663536144642212
41.737376	1.5663536144642212
41.737376	1.5663536144642212
41.797383	1.566559476937456
41.797383	1.566559476937456
41.797383	1.566559476937456
41.797383	1.566559476937456
41.833341	1.5666751273952697
41.84527	1.5667123322481595
41.857366	1.5667494906544852
41.857366	1.5667494906544852
41.869271	1.5667853000522869
41.869271	1.5667853000522869
41.893334	1.566856170404213
41.905355	1.5668907239060608
41.917364	1.5669247206654706
41.917364	1.5669247206654706
41.917364	1.5669247206654706
41.941274	1.5669906873438835
41.941274	1.5669906873438835
41.965271	1.567054616420795
41.977368	1.5670861578579716
41.977368	1.5670861578579716
41.98927	1.5671165348811087
41.98927	1.5671165348811087
41.98927	1.5671165348811087
41.98927	1.5671165348811087
41.98927	1.5671165348811087
41.98927	1.5671165348811087
41.98927	1.5671165348811087
41.98927	1.5671165348811087
41.98927	1.5671165348811087
42.037455	1.5672350058957696
42.097371	1.5673716316926092
42.097371	1.5673716316926092
42.109271	1.5673973696045056
42.121282	1.5674231129306773
42.121282	1.5674231129306773
42.121282	1.5674231129306773
42.15737	1.5674975850402404
42.15737	1.5674975850402404
42.15737	1.5674975850402404
42.15737	1.5674975850402404
42.15737	1.5674975850402404
42.15737	1.5674975850402404
42.217371	1.5676135649718979
42.217371	1.5676135649718979
42.217371	1.5676135649718979
42.217371	1.5676135649718979
42.217371	1.5676135649718979
42.217371	1.5676135649718979
42.277372	1.5677204455159446
42.277372	1.5677204455159446
42.277372	1.5677204455159446
42.277372	1.5677204455159446
42.277372	1.5677204455159446
42.325291	1.5677997952240283
42.337369	1.5678190518037756
42.337369	1.5678190518037756
42.349271	1.5678376427661109
42.361271	1.5678562255885617
42.361271	1.5678562255885617
42.361271	1.5678562255885617
42.361271	1.5678562255885617
42.361271	1.5678562255885617
42.361271	1.5678562255885617
42.397369	1.5679101547583802
42.433411	1.5679615287190358
42.433411	1.5679615287190358
42.457388	1.5679944774877332
42.457388	1.5679944774877332
42.457388	1.5679944774877332
42.457388	1.5679944774877332
42.457388	1.5679944774877332
42.505272	1.5680572652718485
42.51739	1.5680725978399088
42.51739	1.5680725978399088
42.51739	1.5680725978399088
42.51739	1.5680725978399088
42.51739	1.5680725978399088
42.51739	1.5680725978399088
42.57737	1.5681450680239273
42.57737	1.5681450680239273
42.589778	1.5681593666388456
42.589778	1.5681593666388456
42.589778	1.5681593666388456
42.589778	1.5681593666388456
42.637365	1.568212439211621
42.637365	1.568212439211621
42.637365	1.568212439211621
42.661271	1.5682379870480654
42.673335	1.5682505628484638
42.685271	1.5682628779511132
42.69744	1.5682752693873241
42.69744	1.5682752693873241
42.69744	1.5682752693873241
42.69744	1.5682752693873241
42.697448	1.5682752775335553
42.745278	1.5683222002417692
42.757384	1.5683336819735703
42.757384	1.5683336819735703
42.757384	1.5683336819735703
42.757384	1.5683336819735703
42.757384	1.5683336819735703
42.757384	1.5683336819735703
42.817374	1.5683880872985585
42.817374	1.5683880872985585
42.817374	1.5683880872985585
42.817374	1.5683880872985585
42.853356	1.5684188315484742
42.865303	1.5684287507414583
42.877375	1.5684386332174014
42.877375	1.5684386332174014
42.877375	1.5684386332174014
42.877375	1.5684386332174014
42.913352	1.5684671195432984
42.925279	1.5684762830499579
42.937384	1.568485445342199
42.937384	1.568485445342199
42.937384	1.568485445342199
42.937384	1.568485445342199
42.937384	1.568485445342199
42.937384	1.568485445342199
42.997446	1.5685286259438438
42.997446	1.5685286259438438
42.997446	1.5685286259438438
42.997446	1.5685286259438438
42.997446	1.5685286259438438
42.997446	1.5685286259438438
43.057376	1.5685680641903554
43.057376	1.5685680641903554
43.057376	1.5685680641903554
43.057376	1.5685680641903554
43.057376	1.5685680641903554
43.057376	1.5685680641903554
43.117399	1.5686038844148578
43.117399	1.5686038844148578
43.117399	1.5686038844148578
43.117399	1.5686038844148578
43.117399	1.5686038844148578
43.165279	1.5686297761746069
43.177375	1.5686359609917031
43.177375	1.5686359609917031
43.177375	1.5686359609917031
43.201279	1.5686477113015955
43.201279	1.5686477113015955
43.201279	1.5686477113015955
43.237393	1.5686642933128501
43.237393	1.5686642933128501
43.249279	1.5686694229870124
43.261302	1.5686745278418375
43.273343	1.5686794108250917
43.273343	1.5686794108250917
43.273343	1.5686794108250917
43.273343	1.5686794108250917
43.297392	1.5686887900778246
43.321279	1.5686974773609001
43.321279	1.5686974773609001
43.321279	1.5686974773609001
43.357495	1.5687094389092366
43.357495	1.5687094389092366
43.357495	1.5687094389092366
43.357495	1.5687094389092366
43.357495	1.5687094389092366
43.40528	1.5687230260725618
43.41738	1.5687260918960688
43.41738	1.5687260918960688
43.41738	1.5687260918960688
43.41738	1.5687260918960688
43.41738	1.5687260918960688
43.465279	1.5687365598443992
43.477375	1.5687388262402215
43.477375	1.5687388262402215
43.477375	1.5687388262402215
43.501279	1.5687428095237768
43.501279	1.5687428095237768
43.501279	1.5687428095237768
43.537373	1.5687476067924229
43.537373	1.5687476067924229
43.549279	1.5687488513774506
43.561279	1.5687500202238376
43.561279	1.5687500202238376
43.561279	1.5687500202238376
43.597438	1.5687524655223763
43.597438	1.5687524655223763
43.597438	1.5687524655223763
43.597438	1.5687524655223763
43.597438	1.5687524655223763
43.597438	1.5687524655223763
43.597438	1.5687524655223763
43.657424	1.5687535027008688
43.669361	1.5687532429318507
43.681279	1.568752906194659
43.681279	1.568752906194659
43.705279	1.5687516971823459
43.717373	1.5687509022026742
43.717373	1.5687509022026742
43.717373	1.5687509022026742
43.741289	1.5687488917289687
43.741289	1.5687488917289687
43.765289	1.568746288563688
43.777385	1.5687447989455785
43.777385	1.5687447989455785
43.777385	1.5687447989455785
43.777385	1.5687447989455785
43.813354	1.5687395098085324
43.825289	1.5687375083229
43.837386	1.5687353597439835
43.837386	1.5687353597439835
43.84929	1.5687330835835127
43.84929	1.5687330835835127
43.84929	1.5687330835835127
43.84929	1.5687330835835127
43.897395	1.5687227760195781
43.897395	1.5687227760195781
43.897395	1.5687227760195781
43.897395	1.5687227760195781
43.897395	1.5687227760195781
43.897395	1.5687227760195781
43.957385	1.5687072746279589
43.957385	1.5687072746279589
43.957385	1.5687072746279589
43.98129	1.5687003442333001
43.98129	1.5687003442333001
44.00529	1.5686929471429067
44.017467	1.568689061903521
44.017467	1.568689061903521
44.02929	1.5686851645962541
44.02929	1.5686851645962541
44.02929	1.5686851645962541
44.06529	1.5686727994022407
44.077425	1.5686684550518541
44.077425	1.5686684550518541
44.077425	1.5686684550518541
44.077425	1.5686684550518541
44.077425	1.5686684550518541
44.077425	1.5686684550518541
44.137389	1.5686456762453072
44.137389	1.5686456762453072
44.137389	1.5686456762453072
44.137389	1.5686456762453072
44.137389	1.5686456762453072
44.137389	1.5686456762453072
44.197384	1.5686209767154742
44.197384	1.5686209767154742
44.20929	1.5686158582706247
44.22129	1.568610664038794
44.22129	1.568610664038794
44.22129	1.568610664038794
44.257404	1.5685946068489345
44.257404	1.5685946068489345
44.257404	1.5685946068489345
44.281376	1.5685836672760756
44.281376	1.5685836672760756
44.281376	1.5685836672760756
44.317407	1.568566819301652
44.317407	1.568566819301652
44.32929	1.5685611582354697
44.32929	1.5685611582354697
44.32929	1.5685611582354697
44.36529	1.5685437670893074
44.377387	1.5685378401832273
44.377387	1.5685378401832273
44.377387	1.5685378401832273
44.40129	1.5685260047258103
44.40129	1.5685260047258103
44.42529	1.5685139627905642
44.437382	1.5685078494825073
44.437382	1.5685078494825073
44.437382	1.5685078494825073
44.46129	1.5684956587527772
44.473356	1.5684894508390046
44.473356	1.5684894508390046
44.497384	1.568477018055799
44.497384	1.568477018055799
44.497384	1.568477018055799
44.497384	1.568477018055799
44.533355	1.5684581912476141
44.545379	1.5684518499290954
44.557411	1.5684454822479144
44.557411	1.5684454822479144
44.557411	1.5684454822479144
44.557411	1.5684454822479144
44.557411	1.5684454822479144
44.557411	1.5684454822479144
44.617404	1.5684133949105687
44.617404	1.5684133949105687
44.617404	1.5684133949105687
44.64129	1.5684004844057444
44.64129	1.5684004844057444
44.64129	1.5684004844057444
44.677478	1.5683807893740451
44.677478	1.5683807893740451
44.677478	1.5683807893740451
44.70129	1.5683677510880365
44.70129	1.5683677510880365
44.72529	1.5683545452506369
44.737384	1.5683478714135302
44.737393	1.5683478664470563
44.737393	1.5683478664470563
44.737393	1.5683478664470563
44.737393	1.5683478664470563
44.785299	1.5683212834158176
44.797394	1.5683145397194567
44.797394	1.5683145397194567
44.797394	1.5683145397194567
44.797394	1.5683145397194567
44.797394	1.5683145397194567
44.797394	1.5683145397194567
44.797394	1.5683145397194567
44.797394	1.5683145397194567
44.797394	1.5683145397194567
44.857482	1.5682808338048619
44.893378	1.5682605426819973
44.905298	1.5682537802899499
44.917398	1.5682469037274627
44.917398	1.5682469037274627
44.917398	1.5682469037274627
44.917398	1.5682469037274627
44.917398	1.5682469037274627
44.917398	1.5682469037274627
44.977399	1.5682125991298528
44.977399	1.5682125991298528
44.977399	1.5682125991298528
45.001298	1.568198841644888
45.013367	1.5681918691987664
45.025299	1.5681849652395883
45.037393	1.5681779540209555
45.037393	1.5681779540209555
45.037393	1.5681779540209555
45.037393	1.5681779540209555
45.073432	1.5681569637039559
45.085318	1.5681500119669036
45.097394	1.5681429348133857
45.097394	1.5681429348133857
45.097394	1.5681429348133857
45.121299	1.568128880485071
45.121299	1.568128880485071
45.121299	1.568128880485071
45.157396	1.5681075590129225
45.157396	1.5681075590129225
45.157396	1.5681075590129225
45.157396	1.5681075590129225
45.193363	1.568086199567325
45.193363	1.568086199567325
45.217414	1.5680718525290689
45.217414	1.5680718525290689
45.217414	1.5680718525290689
45.217414	1.5680718525290689
45.253377	1.5680502851006797
45.265299	1.5680431060739417
45.277392	1.5680358092229605
45.277392	1.5680358092229605
45.289299	1.5680286031366004
45.301298	1.5680213321858278
45.313395	1.5680139759256997
45.325299	1.5680067238050881
45.337475	1.567999289116341
45.337475	1.567999289116341
45.337475	1.567999289116341
45.337475	1.567999289116341
45.337475	1.567999289116341
45.385299	1.5679698879948625
45.397393	1.5679624061877606
45.397393	1.5679624061877606
45.409379	1.5679549644452688
45.409379	1.5679549644452688
45.433371	1.5679400144631632
45.433371	1.5679400144631632
45.457398	1.5679249591268378
45.457398	1.5679249591268378
45.457398	1.5679249591268378
45.457398	1.5679249591268378
45.457398	1.5679249591268378
45.457398	1.5679249591268378
45.517393	1.5678869652238794
45.517393	1.5678869652238794
45.517393	1.5678869652238794
45.517393	1.5678869652238794
45.553368	1.5678638987840021
45.56532	1.567856189458172
45.577395	1.5678483780819557
45.577395	1.5678483780819557
45.577395	1.5678483780819557
45.577395	1.5678483780819557
45.577395	1.5678483780819557
45.577395	1.5678483780819557
45.637396	1.5678091765854265
45.637396	1.5678091765854265
45.637396	1.5678091765854265
45.637396	1.5678091765854265
45.637396	1.5678091765854265
45.685299	1.5677774274882745
45.69747	1.567769300424708
45.69747	1.567769300424708
45.69747	1.567769300424708
45.69747	1.567769300424708
45.69747	1.567769300424708
45.69747	1.567769300424708
45.757422	1.5677288731129455
45.757422	1.5677288731129455
45.757422	1.5677288731129455
45.757422	1.5677288731129455
45.757422	1.5677288731129455
45.757422	1.5677288731129455
45.757422	1.5677288731129455
45.757422	1.5677288731129455
45.757422	1.5677288731129455
45.757422	1.5677288731129455
45.817404	1.567687797073271
45.86538	1.5676545014740018
45.877442	1.5676460744671636
45.877442	1.5676460744671636
45.877442	1.5676460744671636
45.877442	1.5676460744671636
45.913396	1.5676208065557862
45.92531	1.5676123911425659
45.937411	1.5676038230863472
45.937411	1.5676038230863472
45.937411	1.5676038230863472
45.937411	1.5676038230863472
45.937411	1.5676038230863472
45.98531	1.567569684744341
45.997481	1.5675609612746841
45.997481	1.5675609612746841
45.997481	1.5675609612746841
45.997481	1.5675609612746841
46.033384	1.5675351039912067
46.033384	1.5675351039912067
46.057405	1.5675177185509268
46.057405	1.5675177185509268
46.057405	1.5675177185509268
46.08131	1.5675003486778012
46.08131	1.5675003486778012
46.105319	1.5674828361302979
46.117403	1.5674740023034843
46.117403	1.5674740023034843
46.117403	1.5674740023034843
46.117403	1.5674740023034843
46.117403	1.5674740023034843
46.117403	1.5674740023034843
46.177424	1.5674299150647593
46.177424	1.5674299150647593
46.177424	1.5674299150647593
46.177424	1.5674299150647593
46.177424	1.5674299150647593
46.22533	1.5673945196443027
46.237406	1.5673855750044667
46.237406	1.5673855750044667
46.237406	1.5673855750044667
46.237406	1.5673855750044667
46.273376	1.5673588831882497
46.285309	1.5673500158541434
46.297409	1.5673410189608141
46.297409	1.5673410189608141
46.297409	1.5673410189608141
46.32131	1.5673232323316069
46.333374	1.5673142474630413
46.333374	1.5673142474630413
46.357426	1.5672963271063027
46.357426	1.5672963271063027
46.36931	1.5672874686893083
46.36931	1.5672874686893083
46.36931	1.5672874686893083
46.40531	1.5672606275306054
46.417404	1.5672516095622298
46.417404	1.5672516095622298
46.417404	1.5672516095622298
46.417404	1.5672516095622298
46.417404	1.5672516095622298
46.417404	1.5672516095622298
46.47742	1.5672068802758237
46.47742	1.5672068802758237
46.47742	1.5672068802758237
46.47742	1.5672068802758237
46.47742	1.5672068802758237
46.47742	1.5672068802758237
46.537421	1.5671622641230294
46.537421	1.5671622641230294
46.549329	1.5671534369901337
46.561324	1.5671445511762359
46.573386	1.5671356325101422
46.58531	1.5671268245094936
46.597402	1.5671179033090852
46.597402	1.5671179033090852
46.60931	1.5671091333339922
46.60931	1.5671091333339922
46.60931	1.5671091333339922
46.60931	1.5671091333339922
46.657483	1.5670737657072906
46.657483	1.5670737657072906
46.657483	1.5670737657072906
46.657483	1.5670737657072906
46.657483	1.5670737657072906
46.705331	1.567038838282548
46.717405	1.5670300544916111
46.717405	1.5670300544916111
46.72931	1.5670214102173341
46.72931	1.5670214102173341
46.729319	1.5670214036858852
46.765318	1.5669953331433342
46.777431	1.5669865855537084
46.777431	1.5669865855537084
46.78939	1.5669779655786038
46.78939	1.5669779655786038
46.78939	1.5669779655786038
46.78939	1.5669779655786038
46.837435	1.5669434480872255
46.837435	1.5669434480872255
46.837435	1.5669434480872255
46.837435	1.5669434480872255
46.837435	1.5669434480872255
46.837435	1.5669434480872255
46.897413	1.5669006333073383
46.897413	1.5669006333073383
46.909319	1.5668921706984607
46.92139	1.5668835970426902
46.933383	1.5668750950252135
46.933383	1.5668750950252135
46.957426	1.566858076362214
46.957426	1.566858076362214
46.969347	1.5668496562560217
46.981319	1.5668412055610421
46.993384	1.5668327036588983
47.005318	1.5668243008442369
47.017412	1.5668157939141514
47.017412	1.5668157939141514
47.017412	1.5668157939141514
47.017412	1.5668157939141514
47.017412	1.5668157939141514
47.065319	1.5667821847273065
47.077451	1.5667736921024333
47.077451	1.5667736921024333
47.077451	1.5667736921024333
47.077451	1.5667736921024333
47.077451	1.5667736921024333
47.077451	1.5667736921024333
47.137427	1.5667318138135136
47.137427	1.5667318138135136
47.137427	1.5667318138135136
47.137427	1.5667318138135136
47.137427	1.5667318138135136
47.137427	1.5667318138135136
47.197436	1.5666900595588233
47.197436	1.5666900595588233
47.209347	1.5666817869875607
47.209347	1.5666817869875607
47.233392	1.5666650973045579
47.233392	1.5666650973045579
47.257415	1.5666484368560065
47.257415	1.5666484368560065
47.257415	1.5666484368560065
47.257415	1.5666484368560065
47.293382	1.5666235161606195
47.293382	1.5666235161606195
47.293382	1.5666235161606195
47.317518	1.566606804941052
47.329318	1.5665986391058804
47.341339	1.5665903215972796
47.35339	1.5665819866609278
47.35339	1.5665819866609278
47.377436	1.5665653602429881
47.377436	1.5665653602429881
47.377436	1.5665653602429881
47.377436	1.5665653602429881
47.377436	1.5665653602429881
47.425318	1.5665322716593122
47.425318	1.5665322716593122
47.425318	1.5665322716593122
47.425318	1.5665322716593122
47.425318	1.5665322716593122
47.425318	1.5665322716593122
47.437412	1.566523916855576
47.497412	1.5664824763712857
47.497412	1.5664824763712857
47.497412	1.5664824763712857
47.497412	1.5664824763712857
47.497412	1.5664824763712857
47.497412	1.5664824763712857
47.557418	1.5664410335497552
47.557418	1.5664410335497552
47.557418	1.5664410335497552
47.557418	1.5664410335497552
47.557418	1.5664410335497552
47.557418	1.5664410335497552
47.617493	1.5663995327965443
47.617493	1.5663995327965443
47.617493	1.5663995327965443
47.617493	1.5663995327965443
47.653395	1.5663747251558908
47.653395	1.5663747251558908
47.677432	1.5663581141371512
47.677432	1.5663581141371512
47.689319	1.5663498991737608
47.689319	1.5663498991737608
47.713458	1.5663332197320623
47.713458	1.5663332197320623
47.737418	1.5663166747539581
47.737418	1.5663166747539581
47.749322	1.5663084623835219
47.761328	1.5663001822602411
47.773401	1.5662918634267451
47.773401	1.5662918634267451
47.79744	1.56627531157712
47.79744	1.56627531157712
47.79744	1.56627531157712
47.79744	1.56627531157712
47.833401	1.5662505889731528
47.845405	1.5662423453019501
47.85743	1.566234091374948
47.85743	1.566234091374948
47.85743	1.566234091374948
47.881331	1.5662176996510175
47.881331	1.5662176996510175
47.905327	1.5662012611383214
47.917429	1.5661929763366569
47.917429	1.5661929763366569
47.917429	1.5661929763366569
47.941327	1.5661766302378699
47.941327	1.5661766302378699
47.941327	1.5661766302378699
47.977515	1.5661519122439793
47.977515	1.5661519122439793
47.98933	1.5661438514868575
47.98933	1.5661438514868575
47.98933	1.5661438514868575
47.98933	1.5661438514868575
47.98933	1.5661438514868575
47.98933	1.5661438514868575
47.98933	1.5661438514868575
48.037422	1.5661110810949284
48.073392	1.5660866200989705
48.085328	1.5660785118475091
48.097432	1.5660702937131885
48.097432	1.5660702937131885
48.097432	1.5660702937131885
48.121328	1.5660540840172168
48.121328	1.5660540840172168
48.145331	1.566037822276062
48.157429	1.5660296324550946
48.157429	1.5660296324550946
48.157429	1.5660296324550946
48.181327	1.5660134700877293
48.181327	1.5660134700877293
48.205328	1.5659972590512217
48.217428	1.5659890928066285
48.217428	1.5659890928066285
48.217428	1.5659890928066285
48.241399	1.5659729306779178
48.253405	1.5659648445722767
48.253405	1.5659648445722767
48.253405	1.5659648445722767
48.253405	1.5659648445722767
48.27752	1.5659486153428164
48.301327	1.565932614315457
48.301327	1.565932614315457
48.325348	1.5659164930845579
48.325348	1.5659164930845579
48.325348	1.5659164930845579
48.325348	1.5659164930845579
48.325348	1.5659164930845579
48.325348	1.5659164930845579
48.337423	1.5659083969515266
48.397423	1.5658682664971344
48.397423	1.5658682664971344
48.397423	1.5658682664971344
48.397423	1.5658682664971344
48.397423	1.5658682664971344
48.445348	1.565836331075511
48.457448	1.5658282841949025
48.457448	1.5658282841949025
48.457448	1.5658282841949025
48.457448	1.5658282841949025
48.457448	1.5658282841949025
48.50541	1.5657964622306035
48.517426	1.5657885068812634
48.517426	1.5657885068812634
48.517426	1.5657885068812634
48.517426	1.5657885068812634
48.553399	1.5657647408302522
48.565328	1.5657568748804347
48.577463	1.5657488806196842
48.577463	1.5657488806196842
48.577463	1.5657488806196842
48.577463	1.5657488806196842
48.613392	1.5657252648489246
48.625328	1.5657174352803871
48.625328	1.5657174352803871
48.625328	1.5657174352803871
48.625328	1.5657174352803871
48.625328	1.5657174352803871
48.637489	1.565709466009177
48.685328	1.5656782077617948
48.697449	1.5656703091818829
48.697449	1.5656703091818829
48.697449	1.5656703091818829
48.721327	1.5656547839403221
48.721327	1.5656547839403221
48.745345	1.56563922329121
48.757426	1.5656314149509656
48.757435	1.5656314091339751
48.757435	1.5656314091339751
48.757435	1.5656314091339751
48.757435	1.5656314091339751
48.757435	1.5656314091339751
48.817432	1.5655928610869292
48.817432	1.5655928610869292
48.829336	1.5655852595036317
48.829336	1.5655852595036317
48.829336	1.5655852595036317
48.829336	1.5655852595036317
48.877467	1.5655546575320805
48.877467	1.5655546575320805
48.877467	1.5655546575320805
48.877467	1.5655546575320805
48.91341	1.5655319603452991
48.925337	1.5655244554322794
48.937475	1.5655168307398528
48.937475	1.5655168307398528
48.937475	1.5655168307398528
48.961337	1.5655018845147477
48.961337	1.5655018845147477
48.961337	1.5655018845147477
48.997433	1.5654793781617968
48.997433	1.5654793781617968
48.997433	1.5654793781617968
49.021336	1.5654645379581484
49.021336	1.5654645379581484
49.045352	1.5654496824047417
49.057432	1.565442226654205
49.057432	1.565442226654205
49.057432	1.565442226654205
49.081336	1.5654275121535026
49.081336	1.5654275121535026
49.081336	1.5654275121535026
49.117431	1.5654053858037884
49.117431	1.5654053858037884
49.129337	1.565398112657352
49.129337	1.565398112657352
49.153406	1.5653834389802361
49.153406	1.5653834389802361
49.177453	1.5653688222926152
49.177453	1.5653688222926152
49.177453	1.5653688222926152
49.177453	1.5653688222926152
49.177453	1.5653688222926152
49.225337	1.5653398478456981
49.237457	1.5653325384825509
49.237457	1.5653325384825509
49.237457	1.5653325384825509
49.237457	1.5653325384825509
49.273401	1.5653109246931542
49.273401	1.5653109246931542
49.297507	1.5652964736246324
49.297507	1.5652964736246324
49.297507	1.5652964736246324
49.297507	1.5652964736246324
49.297507	1.5652964736246324
49.297507	1.5652964736246324
49.357455	1.5652606882699815
49.357455	1.5652606882699815
49.357455	1.5652606882699815
49.357455	1.5652606882699815
49.357455	1.5652606882699815
49.357455	1.5652606882699815
49.417464	1.56522505665407
49.417464	1.56522505665407
49.42946	1.565217956046421
49.42946	1.565217956046421
49.42946	1.565217956046421
49.42946	1.565217956046421
49.477466	1.5651896001207224
49.477466	1.5651896001207224
49.477466	1.5651896001207224
49.477466	1.5651896001207224
49.477466	1.5651896001207224
49.477466	1.5651896001207224
49.53745	1.5651543086190538
49.53745	1.5651543086190538
49.53745	1.5651543086190538
49.53745	1.5651543086190538
49.53745	1.5651543086190538
49.53745	1.5651543086190538
49.53745	1.5651543086190538
49.53745	1.5651543086190538
49.53745	1.5651543086190538
49.53745	1.5651543086190538
49.53745	1.5651543086190538
49.597435	1.5651191594939748
49.657453	1.5650841207499155
49.657453	1.5650841207499155
49.657453	1.5650841207499155
49.657453	1.5650841207499155
49.657453	1.5650841207499155
49.657453	1.5650841207499155
49.717431	1.5650492319860558
49.717431	1.5650492319860558
49.717431	1.5650492319860558
49.717431	1.5650492319860558
49.717431	1.5650492319860558
49.717441	1.5650492261785447
49.77749	1.5650144967496626
49.77749	1.5650144967496626
49.77749	1.5650144967496626
49.77749	1.5650144967496626
49.77749	1.5650144967496626
49.77749	1.5650144967496626
49.837443	1.5649800729147954
49.837443	1.5649800729147954
49.837443	1.5649800729147954
49.837443	1.5649800729147954
49.873411	1.5649595422807552
49.873411	1.5649595422807552
49.897439	1.5649458738174644
49.897439	1.5649458738174644
49.909347	1.5649391168838569
49.909347	1.5649391168838569
49.909347	1.5649391168838569
49.909347	1.5649391168838569
49.909347	1.5649391168838569
49.957513	1.5649118731224878
49.969346	1.5649052057342057
49.981347	1.5648984487242947
49.981347	1.5648984487242947
50.005347	1.5648849704210368
50.017441	1.5648781907563478
50.017441	1.5648781907563478
50.017441	1.5648781907563478
50.017441	1.5648781907563478
50.05344	1.5648580724390933
50.05344	1.5648580724390933
50.077461	1.5648446933640334
50.077461	1.5648446933640334
50.077461	1.5648446933640334
50.077461	1.5648446933640334
50.077461	1.5648446933640334
50.125357	1.5648181337062059
50.137441	1.5648114553940109
50.137441	1.5648114553940109
50.149348	1.5648048873303328
50.149348	1.5648048873303328
50.149348	1.5648048873303328
50.185367	1.5647850694886849
50.197442	1.5647784438516092
50.197442	1.5647784438516092
50.197442	1.5647784438516092
50.197442	1.5647784438516092
50.197442	1.5647784438516092
50.197442	1.5647784438516092
50.257453	1.5647456589561604
50.257453	1.5647456589561604
50.257453	1.5647456589561604
50.257453	1.5647456589561604
50.257453	1.5647456589561604
50.305356	1.5647196507482215
50.317478	1.5647130902456459
50.317478	1.5647130902456459
50.317478	1.5647130902456459
50.317478	1.5647130902456459
50.353483	1.5646936619207799
50.353483	1.5646936619207799
50.377459	1.5646807661048645
50.377459	1.5646807661048645
50.377459	1.5646807661048645
50.377459	1.5646807661048645
50.377459	1.5646807661048645
50.377459	1.5646807661048645
50.437441	1.5646486581924253
50.437441	1.5646486581924253
50.437441	1.5646486581924253
50.437441	1.5646486581924253
50.437441	1.5646486581924253
50.437441	1.5646486581924253
50.497471	1.5646167404472928
50.497471	1.5646167404472928
50.497471	1.5646167404472928
50.497471	1.5646167404472928
50.533415	1.564597747113063
50.545351	1.5645914630088622
50.557464	1.5645850976096323
50.557464	1.5645850976096323
50.557464	1.5645850976096323
50.557464	1.5645850976096323
50.557464	1.5645850976096323
50.557464	1.5645850976096323
50.557464	1.5645850976096323
50.557464	1.5645850976096323
50.557464	1.5645850976096323
50.557464	1.5645850976096323
50.557464	1.5645850976096323
50.61751	1.5645537459181698
50.677459	1.5645227622363915
50.677459	1.5645227622363915
50.689389	1.564516635412224
50.701347	1.5645105007251416
50.701347	1.5645105007251416
50.725346	1.5644982327095773
50.737441	1.5644920651858121
50.737441	1.5644920651858121
50.737441	1.5644920651858121
50.737441	1.5644920651858121
50.73745	1.5644920605965014
50.785398	1.5644677317358071
50.797448	1.5644616440595345
50.797448	1.5644616440595345
50.797448	1.5644616440595345
50.797448	1.5644616440595345
50.797448	1.5644616440595345
50.797448	1.5644616440595345
50.857457	1.5644315011566332
50.857457	1.5644315011566332
50.857457	1.5644315011566332
50.857457	1.5644315011566332
50.893422	1.5644135694403987
50.893422	1.5644135694403987
50.917455	1.5644016384403483
50.917455	1.5644016384403483
50.929356	1.5643957493434413
50.929356	1.5643957493434413
50.953442	1.5643838586781109
50.953442	1.5643838586781109
50.977475	1.5643720362764981
50.977475	1.5643720362764981
50.977475	1.5643720362764981
50.977475	1.5643720362764981
51.013488	1.5643544042472652
51.025355	1.5643486138759384
51.037468	1.564342713036577
51.037468	1.564342713036577
51.037468	1.564342713036577
51.037468	1.564342713036577
51.037468	1.564342713036577
51.037468	1.564342713036577
51.09745	1.5643136511668181
51.09745	1.5643136511668181
51.09745	1.5643136511668181
51.09745	1.5643136511668181
51.133418	1.5642963459359474
51.145426	1.5642905878066684
51.157455	1.5642848287923097
51.157455	1.5642848287923097
51.169447	1.5642791005061585
51.169447	1.5642791005061585
51.169447	1.5642791005061585
51.205356	1.5642619997124334
51.217467	1.5642562507516753
51.217467	1.5642562507516753
51.229356	1.5642506195094008
51.241356	1.5642449408219081
51.241356	1.5642449408219081
51.241356	1.5642449408219081
51.277566	1.5642278696855185
51.277566	1.5642278696855185
51.277566	1.5642278696855185
51.277566	1.5642278696855185
51.277566	1.5642278696855185
51.277566	1.5642278696855185
51.337456	1.5641998372208101
51.337456	1.5641998372208101
51.337456	1.5641998372208101
51.337456	1.5641998372208101
51.337456	1.5641998372208101
51.337456	1.5641998372208101
51.337456	1.5641998372208101
51.397456	1.5641720821173974
51.409427	1.5641665883498306
51.409427	1.5641665883498306
51.409427	1.5641665883498306
51.409427	1.5641665883498306
51.457454	1.5641446693175856
51.457454	1.5641446693175856
51.457454	1.5641446693175856
51.457454	1.5641446693175856
51.49344	1.5641283863798274
51.505356	1.5641230183650943
51.517454	1.5641175797313285
51.517454	1.5641175797313285
51.517454	1.5641175797313285
51.517454	1.5641175797313285
51.517454	1.5641175797313285
51.517454	1.5641175797313285
51.577504	1.5640907683288634
51.577504	1.5640907683288634
51.577504	1.5640907683288634
51.601355	1.5640801967318743
51.613422	1.5640748673116946
51.625376	1.5640695958162913
51.637449	1.5640642817525034
51.637449	1.5640642817525034
51.637449	1.5640642817525034
51.637449	1.5640642817525034
51.637449	1.5640642817525034
51.637449	1.5640642817525034
51.69745	1.5640380332623833
51.69745	1.5640380332623833
51.709359	1.5640328548807068
51.709359	1.5640328548807068
51.73342	1.5640224170040589
51.745355	1.5640172532551893
51.757497	1.5640120084898814
51.757497	1.5640120084898814
51.757506	1.5640120046023103
51.757506	1.5640120046023103
51.757506	1.5640120046023103
51.757506	1.5640120046023103
51.817461	1.5639862444470325
51.817461	1.5639862444470325
51.817461	1.5639862444470325
51.817461	1.5639862444470325
51.853593	1.5639708251681808
51.865365	1.5639658173500119
51.87748	1.5639606712511411
51.87748	1.5639606712511411
51.87748	1.5639606712511411
51.87748	1.5639606712511411
51.87748	1.5639606712511411
51.87748	1.5639606712511411
51.937527	1.5639352908481252
51.937527	1.5639352908481252
51.937527	1.5639352908481252
51.937527	1.5639352908481252
51.937527	1.5639352908481252
51.937527	1.5639352908481252
51.997492	1.5639101397756878
51.997492	1.5639101397756878
52.009364	1.5639051870421175
52.021385	1.563900177680785
52.021385	1.563900177680785
52.021385	1.563900177680785
52.057462	1.5638852248203592
52.057462	1.5638852248203592
52.057462	1.5638852248203592
52.057462	1.5638852248203592
52.057462	1.5638852248203592
52.057462	1.5638852248203592
52.117461	1.5638606101534267
52.117461	1.5638606101534267
52.129421	1.5638557434215465
52.129421	1.5638557434215465
52.129421	1.5638557434215465
52.165365	1.5638411822280098
52.177478	1.5638362984043792
52.177478	1.5638362984043792
52.177478	1.5638362984043792
52.177478	1.5638362984043792
52.177478	1.5638362984043792
52.177478	1.5638362984043792
52.237462	1.563812299117838
52.237462	1.563812299117838
52.237462	1.563812299117838
52.237462	1.563812299117838
52.273435	1.5637980508208726
52.273435	1.5637980508208726
52.29747	1.5637885866793604
52.29747	1.5637885866793604
52.29747	1.5637885866793604
52.29747	1.5637885866793604
52.29747	1.5637885866793604
52.29747	1.5637885866793604
52.29747	1.5637885866793604
52.357484	1.5637651609026597
52.369547	1.5637604885091199
52.381365	1.5637559169321833
52.393428	1.5637512669491604
52.393428	1.5637512669491604
52.417476	1.5637420238477135
52.417476	1.5637420238477135
52.417476	1.5637420238477135
52.441364	1.563732887186235
52.453441	1.56372828736586
52.453441	1.56372828736586
52.477479	1.5637191583318824
52.477479	1.5637191583318824
52.477479	1.5637191583318824
52.477479	1.5637191583318824
52.477479	1.5637191583318824
52.525364	1.5637011051176772
52.537468	1.5636965666388385
52.537468	1.5636965666388385
52.537468	1.5636965666388385
52.561365	1.5636876386557039
52.561365	1.5636876386557039
52.585365	1.5636787149328855
52.597528	1.5636742054912629
52.597528	1.5636742054912629
52.597528	1.5636742054912629
52.597528	1.5636742054912629
52.597528	1.5636742054912629
52.597528	1.5636742054912629
52.657461	1.563652139950102
52.657461	1.563652139950102
52.657461	1.563652139950102
52.657461	1.563652139950102
52.657461	1.563652139950102
52.657461	1.563652139950102
52.717461	1.563630299463691
52.717461	1.563630299463691
52.717461	1.563630299463691
52.741365	1.5636216797112337
52.741365	1.5636216797112337
52.765368	1.5636130830528074
52.777482	1.5636087628188742
52.777492	1.5636087592525594
52.777492	1.5636087592525594
52.777492	1.5636087592525594
52.777492	1.5636087592525594
52.825375	1.5635918286790698
52.837468	1.5635875850718703
52.837468	1.5635875850718703
52.849376	1.5635834237354969
52.849376	1.5635834237354969
52.849376	1.5635834237354969
52.849376	1.5635834237354969
52.897473	1.5635667335998238
52.897473	1.5635667335998238
52.897473	1.5635667335998238
52.921375	1.5635585151689855
52.933439	1.563554388566059
52.945396	1.5635503074986095
52.957475	1.5635461957661849
52.957475	1.5635461957661849
52.957475	1.5635461957661849
52.981374	1.5635380972435018
52.981374	1.5635380972435018
52.981374	1.5635380972435018
52.981374	1.5635380972435018
52.981374	1.5635380972435018
52.981374	1.5635380972435018
53.017471	1.5635259528007144
53.05345	1.5635139504275917
53.05345	1.5635139504275917
53.077506	1.5635059780709364
53.077506	1.5635059780709364
53.077506	1.5635059780709364
53.077506	1.5635059780709364
53.077506	1.5635059780709364
53.125451	1.5634902212199564
53.137471	1.5634862953793647
53.137471	1.5634862953793647
53.137471	1.5634862953793647
53.137471	1.5634862953793647
53.173447	1.5634746110028432
53.185375	1.5634707557898604
53.197469	1.5634668559340432
53.197469	1.5634668559340432
53.197469	1.5634668559340432
53.197469	1.5634668559340432
53.197469	1.5634668559340432
53.197469	1.5634668559340432
53.257544	1.5634476331495137
53.257544	1.5634476331495137
53.269553	1.5634438205244379
53.269553	1.5634438205244379
53.269553	1.5634438205244379
53.269553	1.5634438205244379
53.31749	1.5634286902999832
53.31749	1.5634286902999832
53.31749	1.5634286902999832
53.341395	1.5634212167485455
53.341395	1.5634212167485455
53.365375	1.5634137790967713
53.377491	1.5634100399085964
53.377491	1.5634100399085964
53.377491	1.5634100399085964
53.377491	1.5634100399085964
53.377491	1.5634100399085964
53.377491	1.5634100399085964
53.377491	1.5634100399085964
53.43747	1.5633917488942402
53.449442	1.5633881414996311
53.449442	1.5633881414996311
53.449442	1.5633881414996311
53.485374	1.563377385066109
53.497469	1.5633737894983033
53.497469	1.5633737894983033
53.497469	1.5633737894983033
53.497469	1.5633737894983033
53.497469	1.5633737894983033
53.497469	1.5633737894983033
53.557475	1.5633561528914877
53.557475	1.5633561528914877
53.557475	1.5633561528914877
53.557475	1.5633561528914877
53.557475	1.5633561528914877
53.605375	1.5633423030737355
53.61747	1.5633388350013275
53.61747	1.5633388350013275
53.61747	1.5633388350013275
53.61747	1.5633388350013275
53.61747	1.5633388350013275
53.665375	1.5633252245266835
53.67752	1.5633218016508632
53.67752	1.5633218016508632
53.67752	1.5633218016508632
53.67752	1.5633218016508632
53.67752	1.5633218016508632
53.67752	1.5633218016508632
53.737469	1.5633050825047945
53.737469	1.5633050825047945
53.737469	1.5633050825047945
53.737469	1.5633050825047945
53.773447	1.5632951843954412
53.773456	1.5632951819289713
53.797505	1.5632886173424529
53.797505	1.5632886173424529
53.797505	1.5632886173424529
53.797505	1.5632886173424529
53.833447	1.563278888859811
53.845384	1.563275677202941
53.857503	1.5632724258403927
53.857503	1.5632724258403927
53.869384	1.5632692510815018
53.869384	1.5632692510815018
53.869384	1.5632692510815018
53.869384	1.5632692510815018
53.917555	1.5632564655329055
53.917555	1.5632564655329055
53.917555	1.5632564655329055
53.917555	1.5632564655329055
53.917555	1.5632564655329055
53.917555	1.5632564655329055
53.977497	1.5632417521955166
53.977497	1.5632417521955166
53.989384	1.563241247545774
54.001384	1.5632426900096243
54.001384	1.5632426900096243
54.025383	1.5632786445467453
54.037482	1.5633160590953976
54.037482	1.5633160590953976
54.037482	1.5633160590953976
54.037482	1.5633160590953976
54.037482	1.5633160590953976
54.037482	1.5633160590953976
54.097482	1.5638012561527965
54.097482	1.5638012561527965
54.097482	1.5638012561527965
54.097482	1.5638012561527965
54.097482	1.5638012561527965
54.145383	1.5644239127212556
54.157513	1.5645855225494345
54.157513	1.5645855225494345
54.157513	1.5645855225494345
54.181459	1.5648973254276133
54.181459	1.5648973254276133
54.205403	1.5651979921438499
54.205403	1.5651979921438499
54.205403	1.5651979921438499
54.205403	1.5651979921438499
54.205403	1.5651979921438499
54.205403	1.5651979921438499
54.21749	1.5653463835117831
54.277499	1.5660461310084242
54.277499	1.5660461310084242
54.277499	1.5660461310084242
54.277499	1.5660461310084242
54.277499	1.5660461310084242
54.277499	1.5660461310084242
54.337497	1.5666904300200084
54.337497	1.5666904300200084
54.337497	1.5666904300200084
54.337497	1.5666904300200084
54.337497	1.5666904300200084
54.385384	1.5671668161842969
54.39748	1.5672823618555192
54.39748	1.5672823618555192
54.409384	1.5673935212230228
54.409384	1.5673935212230228
54.433447	1.56761327039821
54.433447	1.56761327039821
54.457489	1.5678254975597374
54.457489	1.5678254975597374
54.457489	1.5678254975597374
54.457489	1.5678254975597374
54.457489	1.5678254975597374
54.505394	1.5682260834729311
54.51748	1.5683230488598465
54.51748	1.5683230488598465
54.51748	1.5683230488598465
54.51748	1.5683230488598465
54.51748	1.5683230488598465
54.51748	1.5683230488598465
54.577618	1.5687800425841523
54.577618	1.5687800425841523
54.577618	1.5687800425841523
54.577618	1.5687800425841523
54.577618	1.5687800425841523
54.625384	1.5691156902505037
54.637485	1.5691973851995031
54.637485	1.5691973851995031
54.637485	1.5691973851995031
54.637485	1.5691973851995031
54.637485	1.5691973851995031
54.637485	1.5691973851995031
54.697495	1.5695822238353641
54.697495	1.5695822238353641
54.697495	1.5695822238353641
54.721383	1.5697270850099578
54.721383	1.5697270850099578
54.745387	1.5698679594053468
54.745387	1.5698679594053468
54.757483	1.5699375717026407
54.769384	1.5700047566063993
54.769384	1.5700047566063993
54.769394	1.5700048127654005
54.805394	1.5702029755244844
54.817495	1.5702678392704732
54.817495	1.5702678392704732
54.817495	1.5702678392704732
54.817495	1.5702678392704732
54.817495	1.5702678392704732
54.817495	1.5702678392704732
54.87751	1.5705768755081699
54.87751	1.5705768755081699
54.87751	1.5705768755081699
54.87751	1.5705768755081699
54.87751	1.5705768755081699
54.925394	1.57081065686472
54.93751	1.5708683442068658
54.93751	1.5708683442068658
54.93751	1.5708683442068658
54.93751	1.5708683442068658
54.93751	1.5708683442068658
54.93751	1.5708683442068658
54.99749	1.5711456698553357
54.99749	1.5711456698553357
55.009437	1.5711994273192058
55.021393	1.5712529969906042
55.021393	1.5712529969906042
55.045393	1.5713590876899948
55.0575	1.571412132771693
55.0575	1.571412132771693
55.069425	1.5714639482249591
55.069425	1.5714639482249591
55.093458	1.5715675835984624
55.093458	1.5715675835984624
55.117493	1.5716701275104425
55.117493	1.5716701275104425
55.117493	1.5716701275104425
55.117493	1.5716701275104425
55.153462	1.5718216550625885
55.165394	1.5718715114595512
55.177509	1.5719219474949138
55.177509	1.5719219474949138
55.177509	1.5719219474949138
55.177509	1.5719219474949138
55.177509	1.5719219474949138
55.177509	1.5719219474949138
55.237583	1.572169385079724
55.237583	1.572169385079724
55.237583	1.572169385079724
55.237583	1.572169385079724
55.237583	1.572169385079724
55.237583	1.572169385079724
55.297489	1.5724126953541202
55.297489	1.5724126953541202
55.297489	1.5724126953541202
55.321394	1.572509009781075
55.321394	1.572509009781075
55.345394	1.5726052688848298
55.357492	1.5726536603981673
55.357492	1.5726536603981673
55.357492	1.5726536603981673
55.357492	1.5726536603981673
55.357492	1.5726536603981673
55.357492	1.5726536603981673
55.417493	1.5728921213538003
55.417493	1.5728921213538003
55.417493	1.5728921213538003
55.417493	1.5728921213538003
55.417493	1.5728921213538003
55.465394	1.5730806365988597
55.477524	1.5731281108215729
55.477524	1.5731281108215729
55.477524	1.5731281108215729
55.477524	1.5731281108215729
55.513467	1.5732679842285751
55.513467	1.5732679842285751
55.537493	1.5733608464526159
55.537493	1.5733608464526159
55.549394	1.5734065858343826
55.561395	1.5734525856363308
55.573466	1.5734983098716411
55.573466	1.5734983098716411
55.597488	1.5735870904973424
55.597488	1.5735870904973424
55.597488	1.5735870904973424
55.597488	1.5735870904973424
55.597488	1.5735870904973424
55.597488	1.5735870904973424
55.657492	1.5737122917298143
55.657492	1.5737122917298143
55.657492	1.5737122917298143
55.681395	1.5736969805617107
55.693459	1.573672157278676
55.705395	1.5736428070365354
55.717488	1.573607186448289
55.717488	1.573607186448289
55.717488	1.573607186448289
55.717488	1.573607186448289
55.717488	1.573607186448289
55.765467	1.5734507745899611
55.777507	1.5734124460990833
55.777507	1.5734124460990833
55.777507	1.5734124460990833
55.801406	1.5733396085795341
55.813468	1.5733045572191566
55.825404	1.573270525177852
55.837501	1.5732368342519942
55.837501	1.5732368342519942
55.837501	1.5732368342519942
55.837501	1.5732368342519942
55.837501	1.5732368342519942
55.837501	1.5732368342519942
55.837501	1.5732368342519942
55.837501	1.5732368342519942
55.837501	1.5732368342519942
55.837501	1.5732368342519942
55.897567	1.5730814693007098
55.945403	1.5729700941110893
55.957501	1.5729434032658849
55.957501	1.5729434032658849
55.969403	1.5729179030974325
55.981403	1.5728925029594054
55.981403	1.5728925029594054
56.005424	1.5728436582249938
56.017498	1.5728197701833551
56.017498	1.5728197701833551
56.029474	1.5727966977557148
56.029474	1.5727966977557148
56.029474	1.5727966977557148
56.029474	1.5727966977557148
56.077526	1.5727080402671245
56.077526	1.5727080402671245
56.077526	1.5727080402671245
56.077526	1.5727080402671245
56.077526	1.5727080402671245
56.077526	1.5727080402671245
56.137554	1.572605727587429
56.137554	1.572605727587429
56.137554	1.572605727587429
56.137554	1.572605727587429
56.137554	1.572605727587429
56.137554	1.572605727587429
56.197505	1.5725106456492137
56.197505	1.5725106456492137
56.209414	1.5724924434621927
56.209414	1.5724924434621927
56.233469	1.5724561212287447
56.233469	1.5724561212287447
56.2575	1.5724204149185763
56.2575	1.5724204149185763
56.2575	1.5724204149185763
56.2575	1.5724204149185763
56.293536	1.5723677489604162
56.305421	1.5723505305961927
56.317524	1.5723330548073566
56.317524	1.5723330548073566
56.317524	1.5723330548073566
56.317524	1.5723330548073566
56.317524	1.5723330548073566
56.317524	1.5723330548073566
56.377529	1.5722463425190514
56.377529	1.5722463425190514
56.377529	1.5722463425190514
56.377529	1.5722463425190514
56.413467	1.5721831809152591
56.413467	1.5721831809152591
56.437521	1.5721147471799533
56.437521	1.5721147471799533
56.437521	1.5721147471799533
56.437521	1.5721147471799533
56.473471	1.5719390406776055
56.485403	1.5718620268425059
56.497506	1.5717751382345411
56.497506	1.5717751382345411
56.497506	1.5717751382345411
56.497506	1.5717751382345411
56.533468	1.5714837575018079
56.533468	1.5714837575018079
56.557592	1.5712822390222538
56.557592	1.5712822390222538
56.557592	1.5712822390222538
56.557592	1.5712822390222538
56.557592	1.5712822390222538
56.557592	1.5712822390222538
56.617497	1.5707990916781844
56.617497	1.5707990916781844
56.617497	1.5707990916781844
56.617497	1.5707990916781844
56.617497	1.5707990916781844
56.617497	1.5707990916781844
56.67751	1.570342451656739
56.67751	1.570342451656739
56.67751	1.570342451656739
56.67751	1.570342451656739
56.67751	1.570342451656739
56.67751	1.570342451656739
56.737505	1.5699102142221328
56.737505	1.5699102142221328
56.749404	1.5698274384200157
56.749404	1.5698274384200157
56.749404	1.5698274384200157
56.785404	1.5695818427167203
56.797499	1.569501053627447
56.797509	1.5695009868320031
56.797509	1.5695009868320031
56.797509	1.5695009868320031
56.797509	1.5695009868320031
56.797509	1.5695009868320031
56.797509	1.5695009868320031
56.857515	1.5691136840291109
56.869766	1.5690373531093322
56.881413	1.5689652157001632
56.881413	1.5689652157001632
56.881413	1.5689652157001632
56.917507	1.5687471789430836
56.917507	1.5687471789430836
56.917507	1.5687471789430836
56.917507	1.5687471789430836
56.917507	1.5687471789430836
56.917507	1.5687471789430836
56.977524	1.5684002045539882
56.977524	1.5684002045539882
56.989417	1.5683338398698905
56.989417	1.5683338398698905
56.989417	1.5683338398698905
57.025414	1.5681368626483358
57.037511	1.5680720512857385
57.037511	1.5680720512857385
57.037511	1.5680720512857385
57.037511	1.5680720512857385
57.037511	1.5680720512857385
57.085484	1.5678224199152602
57.097549	1.5677612413334268
57.097549	1.5677612413334268
57.097549	1.5677612413334268
57.121416	1.5676423101666837
57.121416	1.5676423101666837
57.145413	1.5675254632480262
57.157544	1.5674672213425409
57.157544	1.5674672213425409
57.157544	1.5674672213425409
57.157544	1.5674672213425409
57.157544	1.5674672213425409
57.157544	1.5674672213425409
57.21758	1.5671885463700039
57.21758	1.5671885463700039
57.21758	1.5671885463700039
57.21758	1.5671885463700039
57.21758	1.5671885463700039
57.265509	1.566976638530416
57.277521	1.5669248396153563
57.277521	1.5669248396153563
57.289413	1.5668742647917335
57.289413	1.5668742647917335
57.313487	1.5667732476826814
57.313487	1.5667732476826814
57.337514	1.5666744579791891
57.337514	1.5666744579791891
57.337514	1.5666744579791891
57.361433	1.5665781739891609
57.361433	1.5665781739891609
57.361433	1.5665781739891609
57.361433	1.5665781739891609
57.361433	1.5665781739891609
57.361433	1.5665781739891609
57.361433	1.5665781739891609
57.361433	1.5665781739891609
57.397507	1.5664366995470305
57.45752	1.5662105820108492
57.45752	1.5662105820108492
57.45752	1.5662105820108492
57.45752	1.5662105820108492
57.45752	1.5662105820108492
57.45752	1.5662105820108492
57.517511	1.5659954127910398
57.517511	1.5659954127910398
57.517511	1.5659954127910398
57.517511	1.5659954127910398
57.517511	1.5659954127910398
57.565414	1.5658309070264127
57.577557	1.5657901214559347
57.577557	1.5657901214559347
57.577557	1.5657901214559347
57.601413	1.5657111705653377
57.601413	1.5657111705653377
57.601413	1.5657111705653377
57.637509	1.5655944752250306
57.637509	1.5655944752250306
57.649456	1.5655566090948072
57.661413	1.5655188974339647
57.673477	1.5654813474862037
57.673477	1.5654813474862037
57.697508	1.5654073514424516
57.697508	1.5654073514424516
57.697508	1.5654073514424516
57.721413	1.5653350628126053
57.721413	1.5653350628126053
57.745491	1.5652635955784828
57.757514	1.5652283088857972
57.757514	1.5652283088857972
57.757514	1.5652283088857972
57.757514	1.5652283088857972
57.757514	1.5652283088857972
57.757514	1.5652283088857972
57.81753	1.5650568454715732
57.81753	1.5650568454715732
57.81753	1.5650568454715732
57.81753	1.5650568454715732
57.81753	1.5650568454715732
57.865424	1.564925217798397
57.877618	1.5648923682759166
57.877618	1.5648923682759166
57.877618	1.5648923682759166
57.877618	1.5648923682759166
57.877618	1.5648923682759166
57.877618	1.5648923682759166
57.937538	1.5647351563656335
57.937538	1.5647351563656335
57.949424	1.5647048036295468
57.961424	1.5646743005905459
57.961424	1.5646743005905459
57.961424	1.5646743005905459
57.997519	1.5645843017651704
57.997519	1.5645843017651704
57.997519	1.5645843017651704
57.997519	1.5645843017651704
58.033489	1.5644968945730031
58.033489	1.5644968945730031
58.057526	1.5644396555607094
58.057526	1.5644396555607094
58.069424	1.5644117498021968
58.069424	1.5644117498021968
58.069424	1.5644117498021968
58.069424	1.5644117498021968
58.11752	1.564301108613587
58.11752	1.564301108613587
58.11752	1.564301108613587
58.1415	1.5642473767446101
58.1415	1.5642473767446101
58.1415	1.5642473767446101
58.177541	1.564168406487644
58.177541	1.564168406487644
58.177541	1.564168406487644
58.201424	1.5641172020511334
58.213488	1.5640917380449351
58.225424	1.5640667161684949
58.237537	1.5640415327488555
58.237537	1.5640415327488555
58.237537	1.5640415327488555
58.237537	1.5640415327488555
58.273557	1.563968128871791
58.285424	1.5639443723129085
58.297518	1.5639203661276442
58.297518	1.5639203661276442
58.309428	1.5638970203068931
58.309428	1.5638970203068931
58.309428	1.5638970203068931
58.309428	1.5638970203068931
58.357529	1.5638047815447063
58.357529	1.5638047815447063
58.357529	1.5638047815447063
58.357529	1.5638047815447063
58.357529	1.5638047815447063
58.357529	1.5638047815447063
58.417521	1.5636948763828626
58.417521	1.5636948763828626
58.417521	1.5636948763828626
58.441427	1.5636526203662346
58.453503	1.5636316615549812
58.465428	1.5636111299363824
58.477537	1.5635904822090894
58.477537	1.5635904822090894
58.477537	1.5635904822090894
58.477537	1.5635904822090894
58.477537	1.5635904822090894
58.525424	1.5635111226555667
58.537643	1.5634913868143803
58.537643	1.5634913868143803
58.549424	1.5634726371638785
58.549424	1.5634726371638785
58.549424	1.5634726371638785
58.549424	1.5634726371638785
58.597524	1.5633979791192703
58.597524	1.5633979791192703
58.609527	1.5633799222660754
58.609527	1.5633799222660754
58.633468	1.5633444335962057
58.633468	1.5633444335962057
58.657522	1.563309574257753
58.657522	1.563309574257753
58.657522	1.563309574257753
58.657522	1.563309574257753
58.657522	1.563309574257753
58.657522	1.563309574257753
58.717523	1.5632262126742336
58.717523	1.5632262126742336
58.717523	1.5632262126742336
58.717523	1.5632262126742336
58.717523	1.5632262126742336
58.717523	1.5632262126742336
58.777569	1.5631476927243104
58.777569	1.5631476927243104
58.777569	1.5631476927243104
58.777569	1.5631476927243104
58.777579	1.5631476799476449
58.825434	1.5630885240523777
58.837532	1.5630740055239298
58.837532	1.5630740055239298
58.849434	1.5630599595191759
58.849434	1.5630599595191759
58.873512	1.5630320041358536
58.873512	1.5630320041358536
58.897529	1.5630048067698974
58.897529	1.5630048067698974
58.897529	1.5630048067698974
58.921434	1.562978439876431
58.921434	1.562978439876431
58.921434	1.562978439876431
58.957532	1.5629399170730973
58.957532	1.5629399170730973
58.969438	1.5629275666640419
58.969438	1.5629275666640419
58.969438	1.5629275666640419
58.969438	1.5629275666640419
59.017551	1.5628790992853432
59.017551	1.5628790992853432
59.017551	1.5628790992853432
59.017551	1.5628790992853432
59.017551	1.5628790992853432
59.017551	1.5628790992853432
59.077566	1.562822132370665
59.077566	1.562822132370665
59.077566	1.562822132370665
59.077566	1.562822132370665
59.113506	1.5627897791356051
59.125434	1.5627793074240068
59.137529	1.5627688154519654
59.137529	1.5627688154519654
59.137529	1.5627688154519654
59.137529	1.5627688154519654
59.137529	1.5627688154519654
59.137529	1.5627688154519654
59.197599	1.5627187929172053
59.197599	1.5627187929172053
59.197599	1.5627187929172053
59.197599	1.5627187929172053
59.197599	1.5627187929172053
59.245434	1.5626812688931029
59.257533	1.5626720714598039
59.257533	1.5626720714598039
59.269437	1.5626631801861903
59.269437	1.5626631801861903
59.269437	1.5626631801861903
59.269437	1.5626631801861903
59.317552	1.5626282981867008
59.317552	1.5626282981867008
59.317552	1.5626282981867008
59.317552	1.5626282981867008
59.317552	1.5626282981867008
59.317552	1.5626282981867008
59.377547	1.5625873239243275
59.377547	1.5625873239243275
59.389436	1.5625795329896464
59.389436	1.5625795329896464
59.389436	1.5625795329896464
59.389436	1.5625795329896464
59.437547	1.5625488923643198
59.437547	1.5625488923643198
59.437547	1.5625488923643198
59.437547	1.5625488923643198
59.437547	1.5625488923643198
59.437547	1.5625488923643198
59.49757	1.5625127804741707
59.49757	1.5625127804741707
59.49757	1.5625127804741707
59.521434	1.5624990200471767
59.521434	1.5624990200471767
59.545466	1.562485509414147
59.557534	1.5624788278343973
59.557534	1.5624788278343973
59.557534	1.5624788278343973
59.557534	1.5624788278343973
59.557534	1.5624788278343973
59.557534	1.5624788278343973
59.617537	1.5624467835994773
59.617537	1.5624467835994773
59.617537	1.5624467835994773
59.617537	1.5624467835994773
59.617537	1.5624467835994773
59.617537	1.5624467835994773
59.677564	1.5624164770904834
59.677564	1.5624164770904834
59.677564	1.5624164770904834
59.701447	1.5624048652020095
59.701447	1.5624048652020095
59.725512	1.5623934235986572
59.737566	1.5623877691370909
59.737566	1.5623877691370909
59.749434	1.5623822773042264
59.749434	1.5623822773042264
59.749434	1.5623822773042264
59.785436	1.5623684679415311
59.797531	1.562366233524171
59.797531	1.562366233524171
59.797531	1.562366233524171
59.821444	1.562387255357593
59.821444	1.562387255357593
59.821444	1.562387255357593
59.857609	1.5625397568547423
59.857609	1.5625397568547423
59.857609	1.5625397568547423
59.857609	1.5625397568547423
59.857609	1.5625397568547423
59.857609	1.5625397568547423
59.917537	1.5631614960202076
59.917537	1.5631614960202076
59.929443	1.5633181282334807
59.929443	1.5633181282334807
59.929443	1.5633181282334807
59.929443	1.5633181282334807
59.977553	1.5639499228422646
59.977553	1.5639499228422646
59.977553	1.5639499228422646
59.977553	1.5639499228422646
59.977553	1.5639499228422646
59.977553	1.5639499228422646
60.037543	1.5646848261472464
60.037543	1.5646848261472464
60.037543	1.5646848261472464
60.037543	1.5646848261472464
60.037543	1.5646848261472464
60.037543	1.5646848261472464
60.097538	1.5653614790695889
60.097538	1.5653614790695889
60.109443	1.5654888677979781
60.109443	1.5654888677979781
60.133509	1.5657409484731137
60.133509	1.5657409484731137
60.157545	1.565984576368548
60.157545	1.565984576368548
60.157545	1.565984576368548
60.157545	1.565984576368548
60.157545	1.565984576368548
60.157545	1.565984576368548
60.21754	1.5665566409727962
60.21754	1.5665566409727962
60.21754	1.5665566409727962
60.21754	1.5665566409727962
60.21754	1.5665566409727962
60.21754	1.5665566409727962
60.277548	1.5670814847185695
60.277548	1.5670814847185695
60.277548	1.5670814847185695
60.277548	1.5670814847185695
60.277548	1.5670814847185695
60.277548	1.5670814847185695
60.337556	1.5675628456828801
60.337556	1.5675628456828801
60.337556	1.5675628456828801
60.361443	1.5677433073249394
60.373514	1.5678318323718703
60.385516	1.5679187270086843
60.397556	1.5680045704694892
60.397556	1.5680045704694892
60.397556	1.5680045704694892
60.397556	1.5680045704694892
60.433511	1.5682517947003571
60.445443	1.5683312873826263
60.457539	1.5684106815278811
60.457539	1.5684106815278811
60.457539	1.5684106815278811
60.457539	1.5684106815278811
60.493508	1.5686387330618325
60.505443	1.5687121729914182
60.517639	1.5687861741857605
60.517639	1.5687861741857605
60.517639	1.5687861741857605
60.517639	1.5687861741857605
60.517639	1.5687861741857605
60.565443	1.5690650854761286
60.577552	1.5691334006347033
60.577552	1.5691334006347033
60.577552	1.5691334006347033
60.577552	1.5691334006347033
60.577552	1.5691334006347033
60.625443	1.5693941848686428
60.637543	1.5694581165806099
60.637543	1.5694581165806099
60.649514	1.5695203677742426
60.649514	1.5695203677742426
60.649514	1.5695203677742426
60.649514	1.5695203677742426
60.697546	1.569766734764048
60.697546	1.569766734764048
60.697546	1.569766734764048
60.697546	1.569766734764048
60.697546	1.569766734764048
60.697546	1.569766734764048
60.757541	1.5701578593675289
60.757541	1.5701578593675289
60.757541	1.5701578593675289
60.757541	1.5701578593675289
60.757541	1.5701578593675289
60.805443	1.570629195207681
60.817542	1.570764965817814
60.817552	1.5707650780342037
60.817552	1.5707650780342037
60.817552	1.5707650780342037
60.817552	1.5707650780342037
60.817552	1.5707650780342037
60.877563	1.5714467686431211
60.877563	1.5714467686431211
60.889453	1.5715777882534774
60.889453	1.5715777882534774
60.889453	1.5715777882534774
60.889453	1.5715777882534774
60.937548	1.5720937473800307
60.937548	1.5720937473800307
60.937548	1.5720937473800307
60.961453	1.5723416033526505
60.973533	1.5724645406467204
60.985474	1.5725850936162313
60.997551	1.5727058609115567
60.997551	1.5727058609115567
60.997551	1.5727058609115567
60.997551	1.5727058609115567
60.997551	1.5727058609115567
60.997551	1.5727058609115567
61.057554	1.5732868448982775
61.057554	1.5732868448982775
61.057554	1.5732868448982775
61.057554	1.5732868448982775
61.057554	1.5732868448982775
61.105453	1.5737298539913589
61.117583	1.5738394541425116
61.117583	1.5738394541425116
61.129453	1.5739453222283479
61.141453	1.5740517851993248
61.15352	1.5741573306587264
61.15352	1.5741573306587264
61.177634	1.5743657963559001
61.177634	1.5743657963559001
61.177634	1.5743657963559001
61.177634	1.5743657963559001
61.21352	1.574668362780798
61.225453	1.5747671807490788
61.237552	1.5748665258409775
61.237552	1.5748665258409775
61.237552	1.5748665258409775
61.237552	1.5748665258409775
61.273518	1.5751559588389457
61.285454	1.575250337972705
61.29755	1.5753451922969308
61.29755	1.5753451922969308
61.29755	1.5753451922969308
61.29755	1.5753451922969308
61.29755	1.5753451922969308
61.29755	1.5753451922969308
61.35755	1.5758025952262849
61.35755	1.5758025952262849
61.369453	1.5758907613377864
61.369453	1.5758907613377864
61.369453	1.5758907613377864
61.369453	1.5758907613377864
61.417548	1.5762399323354157
61.417548	1.5762399323354157
61.417548	1.5762399323354157
61.441524	1.5764093566491848
61.441524	1.5764093566491848
61.441524	1.5764093566491848
61.477651	1.5766589166931915
61.477651	1.5766589166931915
61.477651	1.5766589166931915
61.501473	1.5768199099702789
61.501473	1.5768199099702789
61.525453	1.5769789539689902
61.537556	1.577058305187321
61.537556	1.577058305187321
61.537556	1.577058305187321
61.537556	1.577058305187321
61.537556	1.577058305187321
61.537556	1.577058305187321
61.597568	1.5774409007179877
61.597568	1.5774409007179877
61.597568	1.5774409007179877
61.621453	1.5775884806826888
61.621453	1.5775884806826888
61.645453	1.5777339572236075
61.65757	1.5778065473341378
61.65757	1.5778065473341378
61.65757	1.5778065473341378
61.65757	1.5778065473341378
61.65757	1.5778065473341378
61.705524	1.5780869132044943
61.717554	1.5781557346879713
61.717554	1.5781557346879713
61.729453	1.5782229648714072
61.729453	1.5782229648714072
61.729453	1.5782229648714072
61.765473	1.5784230824878003
61.77758	1.5784891279401871
61.77758	1.5784891279401871
61.77758	1.5784891279401871
61.801453	1.578617357114412
61.813559	1.5786812877941561
61.813559	1.5786812877941561
61.837625	1.578806858040285
61.837635	1.5788069099869027
61.837635	1.5788069099869027
61.837635	1.5788069099869027
61.837635	1.5788069099869027
61.885463	1.5790488311086435
61.897609	1.5791088198280001
61.897609	1.5791088198280001
61.897609	1.5791088198280001
61.921464	1.5792246972568484
61.921464	1.5792246972568484
61.921464	1.5792246972568484
61.957564	1.5793953957745455
61.957564	1.5793953957745455
61.957564	1.5793953957745455
61.981463	1.5795054372908608
61.981463	1.5795054372908608
61.981463	1.5795054372908608
62.017557	1.579667019903344
62.017557	1.579667019903344
62.017557	1.579667019903344
62.017557	1.579667019903344
62.053539	1.5798226469189189
62.053539	1.5798226469189189
62.077569	1.5799237556635075
62.077569	1.5799237556635075
62.077569	1.5799237556635075
62.077569	1.5799237556635075
62.077569	1.5799237556635075
62.125463	1.5801179903202518
62.125463	1.5801179903202518
62.137658	1.5801660633279815
62.149463	1.5802118434268919
62.161483	1.5802581495132608
62.161483	1.5802581495132608
62.161483	1.5802581495132608
62.197558	1.5803932439533661
62.197558	1.5803932439533661
62.197558	1.5803932439533661
62.197558	1.5803932439533661
62.2336	1.5805230862465696
62.2336	1.5805230862465696
62.257563	1.5806067778827069
62.257563	1.5806067778827069
62.257563	1.5806067778827069
62.257563	1.5806067778827069
62.293567	1.5807282043972333
62.293567	1.5807282043972333
62.31761	1.5808067268915007
62.31761	1.5808067268915007
62.31761	1.5808067268915007
62.31761	1.5808067268915007
62.31761	1.5808067268915007
62.31761	1.5808067268915007
62.377566	1.580993105073931
62.377566	1.580993105073931
62.389494	1.5810285484251441
62.389494	1.5810285484251441
62.41353	1.5810986806390084
62.425497	1.5811328563852849
62.437557	1.581166850358223
62.437557	1.581166850358223
62.437557	1.581166850358223
62.461463	1.5812326897839801
62.473527	1.5812650812445983
62.485463	1.5812967735946217
62.497634	1.5813286604752357
62.497634	1.5813286604752357
62.497634	1.5813286604752357
62.521463	1.5813896267466776
62.521463	1.5813896267466776
62.545483	1.5814491770854129
62.557559	1.5814785425754092
62.557559	1.5814785425754092
62.557559	1.5814785425754092
62.557559	1.5814785425754092
62.557559	1.5814785425754092
62.557559	1.5814785425754092
62.617558	1.5816177565516165
62.617558	1.5816177565516165
62.617558	1.5816177565516165
62.617558	1.5816177565516165
62.617558	1.5816177565516165
62.617558	1.5816177565516165
62.677581	1.5817468633716329
62.677581	1.5817468633716329
62.677581	1.5817468633716329
62.701463	1.5817955875681833
62.701463	1.5817955875681833
62.701463	1.5817955875681833
62.737558	1.5818664391061936
62.737558	1.5818664391061936
62.737558	1.5818664391061936
62.737558	1.5818664391061936
62.737558	1.5818664391061936
62.737558	1.5818664391061936
62.737558	1.5818664391061936
62.737558	1.5818664391061936
62.737558	1.5818664391061936
62.737558	1.5818664391061936
62.797563	1.5819773369146279
62.845473	1.5820600664437174
62.85757	1.5820802399322722
62.85757	1.5820802399322722
62.85757	1.5820802399322722
62.85757	1.5820802399322722
62.85757	1.5820802399322722
62.905484	1.5821571205816067
62.917573	1.5821758713140119
62.917573	1.5821758713140119
62.917573	1.5821758713140119
62.941493	1.5822121381531076
62.953544	1.5822299677991898
62.965474	1.5822474326936999
62.965474	1.5822474326936999
62.965474	1.5822474326936999
62.965474	1.5822474326936999
62.965474	1.5822474326936999
62.977573	1.5822649228433794
63.025544	1.5823318029672049
63.037572	1.5823480500518445
63.037572	1.5823480500518445
63.037572	1.5823480500518445
63.037572	1.5823480500518445
63.037572	1.5823480500518445
63.037572	1.5823480500518445
63.097588	1.5824258765071455
63.097588	1.5824258765071455
63.097588	1.5824258765071455
63.121474	1.5824555017868747
63.121474	1.5824555017868747
63.121474	1.5824555017868747
63.157648	1.5824989620299648
63.157648	1.5824989620299648
63.157648	1.5824989620299648
63.157648	1.5824989620299648
63.157648	1.5824989620299648
63.205495	1.5825540329402943
63.217572	1.582567546823898
63.217572	1.582567546823898
63.217572	1.582567546823898
63.217572	1.582567546823898
63.217572	1.582567546823898
63.265474	1.5826194773070035
63.277594	1.5826322558122197
63.277594	1.5826322558122197
63.277594	1.5826322558122197
63.277594	1.5826322558122197
63.277594	1.5826322558122197
63.277594	1.5826322558122197
63.337595	1.5826932713213142
63.337595	1.5826932713213142
63.349563	1.5827050038707615
63.349563	1.5827050038707615
63.349563	1.5827050038707615
63.349563	1.5827050038707615
63.397567	1.5827508928525365
63.397567	1.5827508928525365
63.397567	1.5827508928525365
63.397567	1.5827508928525365
63.397567	1.5827508928525365
63.397567	1.5827508928525365
63.457575	1.5828054137944345
63.457575	1.5828054137944345
63.457575	1.5828054137944345
63.481473	1.5828262960187798
63.481473	1.5828262960187798
63.481473	1.5828262960187798
63.517572	1.5828569526177676
63.517572	1.5828569526177676
63.517572	1.5828569526177676
63.541473	1.5828766973591013
63.541473	1.5828766973591013
63.541473	1.5828766973591013
63.577571	1.582905672315037
63.577571	1.582905672315037
63.58964	1.5829151206332728
63.601474	1.5829243270862636
63.613539	1.5829335551244028
63.613539	1.5829335551244028
63.637568	1.5829516715041856
63.637568	1.5829516715041856
63.637568	1.5829516715041856
63.637568	1.5829516715041856
63.673536	1.5829779444743108
63.68556	1.5829865218521864
63.697573	1.5829949958588583
63.697573	1.5829949958588583
63.697573	1.5829949958588583
63.721497	1.5830115311440658
63.721497	1.5830115311440658
63.721497	1.5830115311440658
63.75757	1.5830356442205422
63.75757	1.5830356442205422
63.75757	1.5830356442205422
63.781474	1.5830510975908447
63.781474	1.5830510975908447
63.781474	1.5830510975908447
63.817635	1.5830736486017678
63.817635	1.5830736486017678
63.829474	1.5830807981740012
63.829484	1.5830808041829261
63.829484	1.5830808041829261
63.865484	1.5831019679989704
63.87758	1.5831088700144678
63.87758	1.5831088700144678
63.87758	1.5831088700144678
63.87758	1.5831088700144678
63.913555	1.5831286726652622
63.913555	1.5831286726652622
63.937581	1.5831413562204133
63.937581	1.5831413562204133
63.937581	1.5831413562204133
63.937581	1.5831413562204133
63.937581	1.5831413562204133
63.985508	1.5831651951853114
63.99759	1.5831709250396246
63.99759	1.5831709250396246
63.99759	1.5831709250396246
63.99759	1.5831709250396246
63.99759	1.5831709250396246
64.045483	1.5831923736120215
64.057581	1.5831975105709932
64.057581	1.5831975105709932
64.057581	1.5831975105709932
64.057581	1.5831975105709932
64.057581	1.5831975105709932
64.105484	1.5832165847883182
64.117599	1.583221127011641
64.117599	1.583221127011641
64.117599	1.583221127011641
64.141484	1.5832297014586698
64.153552	1.5832338261793437
64.165484	1.5832378137347338
64.17761	1.5832417577671543
64.17761	1.5832417577671543
64.17761	1.5832417577671543
64.17761	1.5832417577671543
64.17761	1.5832417577671543
64.225483	1.5832560680364467
64.237594	1.5832594084892855
64.237594	1.5832594084892855
64.237594	1.5832594084892855
64.261483	1.5832656209736971
64.261483	1.5832656209736971
64.285483	1.583271366242101
64.297579	1.5832741103982748
64.297579	1.5832741103982748
64.297579	1.5832741103982748
64.297579	1.5832741103982748
64.333548	1.583281511229448
64.345563	1.5832837613778203
64.357592	1.5832859111813586
64.357592	1.5832859111813586
64.369483	1.5832878865338622
64.369483	1.5832878865338622
64.369483	1.5832878865338622
64.405484	1.5832932686268306
64.41758	1.5832948629713823
64.41758	1.5832948629713823
64.41758	1.5832948629713823
64.41758	1.5832948629713823
64.41758	1.5832948629713823
64.465484	1.5833000123106191
64.465484	1.5833000123106191
64.477682	1.583301066275578
64.489731	1.5833019638653818
64.489731	1.5833019638653818
64.489731	1.5833019638653818
64.489731	1.5833019638653818
64.537578	1.58330457898502
64.537578	1.58330457898502
64.537578	1.58330457898502
64.537578	1.58330457898502
64.537578	1.58330457898502
64.585484	1.5833054856429785
64.597579	1.5833054723664366
64.597579	1.5833054723664366
64.597579	1.5833054723664366
64.597579	1.5833054723664366
64.633549	1.5833047855408875
64.633549	1.5833047855408875
64.657587	1.5833038697102886
64.657587	1.5833038697102886
64.669484	1.5833032526135395
64.669484	1.5833032526135395
64.693549	1.5833017727019183
64.693549	1.5833017727019183
64.717582	1.583299950969401
64.717582	1.583299950969401
64.717582	1.583299950969401
64.741554	1.583297785665764
64.741554	1.583297785665764
64.741554	1.583297785665764
64.777589	1.5832939131154184
64.777589	1.5832939131154184
64.777589	1.5832939131154184
64.801483	1.5832909688476029
64.801483	1.5832909688476029
64.801483	1.5832909688476029
64.83758	1.5832859638141268
64.83758	1.5832859638141268
64.837589	1.5832859625208082
64.837589	1.5832859625208082
64.837589	1.5832859625208082
64.837589	1.5832859625208082
64.897629	1.58327629445902
64.897629	1.58327629445902
64.909551	1.5832741769881613
64.921493	1.5832720242940299
64.921493	1.5832720242940299
64.921493	1.5832720242940299
64.957592	1.5832651316871986
64.957592	1.5832651316871986
64.969492	1.5832627443627503
64.969492	1.5832627443627503
64.969492	1.5832627443627503
64.969492	1.5832627443627503
65.017608	1.5832526407402705
65.017608	1.5832526407402705
65.017608	1.5832526407402705
65.017608	1.5832526407402705
65.017608	1.5832526407402705
65.065493	1.5832417993828163
65.077589	1.5832389525758381
65.077589	1.5832389525758381
65.089493	1.5832360944723904
65.089493	1.5832360944723904
65.089493	1.5832360944723904
65.089493	1.5832360944723904
65.137658	1.583224165854447
65.137658	1.583224165854447
65.137658	1.583224165854447
65.137658	1.583224165854447
65.137658	1.583224165854447
65.185492	1.5832117243670654
65.197593	1.583208499294934
65.197593	1.583208499294934
65.209654	1.5832052443737377
65.221493	1.5832020335678987
65.221493	1.5832020335678987
65.221493	1.5832020335678987
65.25759	1.583192054493789
65.25759	1.583192054493789
65.25759	1.583192054493789
65.25759	1.583192054493789
65.25759	1.583192054493789
65.25759	1.583192054493789
65.317617	1.5831749680115603
65.317617	1.5831749680115603
65.317617	1.5831749680115603
65.317617	1.5831749680115603
65.317617	1.5831749680115603
65.365493	1.5831609511834974
65.377589	1.5831573639805754
65.377589	1.5831573639805754
65.377589	1.5831573639805754
65.401569	1.5831501945911397
65.401569	1.5831501945911397
65.401569	1.5831501945911397
65.437595	1.5831392943196214
65.437595	1.5831392943196214
65.437595	1.5831392943196214
65.437595	1.5831392943196214
65.437595	1.5831392943196214
65.437595	1.5831392943196214
65.497588	1.5831208320239492
65.497588	1.5831208320239492
65.497588	1.5831208320239492
65.521493	1.5831133746248607
65.521493	1.5831133746248607
65.521493	1.5831133746248607
65.55759	1.5831020072926982
65.55759	1.5831020072926982
65.55759	1.5831020072926982
65.581513	1.5830944061940875
65.593556	1.5830905554686285
65.605492	1.5830867269746702
65.617587	1.5830828332354423
65.617587	1.5830828332354423
65.629493	1.5830789768343101
65.629493	1.5830789768343101
65.629493	1.5830789768343101
65.66557	1.5830671899949373
65.677621	1.5830632154903004
65.677621	1.5830632154903004
65.677621	1.5830632154903004
65.677621	1.5830632154903004
65.677621	1.5830632154903004
65.677621	1.5830632154903004
65.737588	1.5830431229856567
65.737588	1.5830431229856567
65.737588	1.5830431229856567
65.737588	1.5830431229856567
65.737588	1.5830431229856567
65.737588	1.5830431229856567
65.797654	1.5830224827344501
65.797654	1.5830224827344501
65.797654	1.5830224827344501
65.797654	1.5830224827344501
65.797654	1.5830224827344501
65.797654	1.5830224827344501
65.857617	1.5830013414546857
65.857627	1.583001337894713
65.857627	1.583001337894713
65.881501	1.5829927664806289
65.881501	1.5829927664806289
65.905501	1.5829840523440792
65.917595	1.582979630632825
65.917595	1.582979630632825
65.917595	1.582979630632825
65.917595	1.582979630632825
65.953573	1.5829663178479851
65.953573	1.5829663178479851
65.977623	1.5829583168263668
65.977623	1.5829583168263668
65.989502	1.582956477330955
65.989502	1.582956477330955
65.989502	1.582956477330955
66.025501	1.5829907401308461
66.025501	1.5829907401308461
66.025501	1.5829907401308461
66.025501	1.5829907401308461
66.025501	1.5829907401308461
66.037596	1.5830274066347292
66.085501	1.5833803533278237
66.097599	1.5835153796896941
66.097599	1.5835153796896941
66.097599	1.5835153796896941
66.097599	1.5835153796896941
66.097599	1.5835153796896941
66.145502	1.5841438458327699
66.157599	1.5843063868033316
66.157599	1.5843063868033316
66.157599	1.5843063868033316
66.181501	1.5846199888329235
66.193632	1.5847743597593642
66.205501	1.5849233310715651
66.217594	1.5850726776165707
66.217594	1.5850726776165707
66.217594	1.5850726776165707
66.217594	1.5850726776165707
66.217594	1.5850726776165707
66.265501	1.5856380061909725
66.277617	1.5857753968155859
66.277617	1.5857753968155859
66.277617	1.5857753968155859
66.277617	1.5857753968155859
66.277617	1.5857753968155859
66.277617	1.5857753968155859
66.337617	1.5864201944922134
66.337617	1.5864201944922134
66.349501	1.5865408792196323
66.349501	1.5865408792196323
66.373594	1.5867800148876952
66.385501	1.5868950351527671
66.397595	1.5870099553420571
66.397595	1.5870099553420571
66.397595	1.5870099553420571
66.397595	1.5870099553420571
66.433566	1.5873383859390919
66.433566	1.5873383859390919
66.457686	1.5875491747022872
66.457686	1.5875491747022872
66.457686	1.5875491747022872
66.457686	1.5875491747022872
66.457686	1.5875491747022872
66.457686	1.5875491747022872
66.517596	1.5880391862732817
66.517596	1.5880391862732817
66.517596	1.5880391862732817
66.517596	1.5880391862732817
66.517596	1.5880391862732817
66.517596	1.5880391862732817
66.577618	1.5884866378130185
66.577618	1.5884866378130185
66.577618	1.5884866378130185
66.577618	1.5884866378130185
66.577618	1.5884866378130185
66.577618	1.5884866378130185
66.637596	1.5888945510974379
66.637596	1.5888945510974379
66.637596	1.5888945510974379
66.637596	1.5888945510974379
66.637596	1.5888945510974379
66.637596	1.5888945510974379
66.697596	1.5892676595503319
66.697596	1.5892676595503319
66.697596	1.5892676595503319
66.697596	1.5892676595503319
66.697596	1.5892676595503319
66.697596	1.5892676595503319
66.697596	1.5892676595503319
66.697596	1.5892676595503319
66.757603	1.5896101582712996
66.781501	1.5897390255361237
66.781501	1.5897390255361237
66.781501	1.5897390255361237
66.817613	1.5899262573997412
66.817613	1.5899262573997412
66.829501	1.5899859212705252
66.829501	1.5899859212705252
66.829501	1.5899859212705252
66.86553	1.5901622620894937
66.87761	1.5902198545704529
66.87761	1.5902198545704529
66.87761	1.5902198545704529
66.901511	1.5903314535482636
66.901511	1.5903314535482636
66.925511	1.5904406237405151
66.937608	1.5904948186918315
66.937608	1.5904948186918315
66.937608	1.5904948186918315
66.937608	1.5904948186918315
66.937608	1.5904948186918315
66.937608	1.5904948186918315
66.937608	1.5904948186918315
66.937608	1.5904948186918315
66.937608	1.5904948186918315
66.937608	1.5904948186918315
66.937608	1.5904948186918315
66.997608	1.590754720274522
67.057607	1.5910027235038204
67.057607	1.5910027235038204
67.057607	1.5910027235038204
67.057607	1.5910027235038204
67.093575	1.5911467943902236
67.093575	1.5911467943902236
67.11769	1.5912418844601122
67.11769	1.5912418844601122
67.11769	1.5912418844601122
67.141511	1.5913346828366453
67.141511	1.5913346828366453
67.165512	1.5914271481518085
67.17764	1.5914735806988967
67.17764	1.5914735806988967
67.17764	1.5914735806988967
67.17764	1.5914735806988967
67.17764	1.5914735806988967
67.17764	1.5914735806988967
67.237625	1.5917002233758946
67.237625	1.5917002233758946
67.237625	1.5917002233758946
67.237625	1.5917002233758946
67.237625	1.5917002233758946
67.237625	1.5917002233758946
67.297605	1.591922873372204
67.297605	1.591922873372204
67.297605	1.591922873372204
67.321512	1.5920107099327527
67.321512	1.5920107099327527
67.321512	1.5920107099327527
67.35761	1.5921424414507575
67.35761	1.5921424414507575
67.35761	1.5921424414507575
67.35761	1.5921424414507575
67.35761	1.5921424414507575
67.405511	1.5923156829533589
67.417794	1.5923598387598654
67.417794	1.5923598387598654
67.417794	1.5923598387598654
67.417794	1.5923598387598654
67.417794	1.5923598387598654
67.417794	1.5923598387598654
67.477635	1.5925730438971863
67.477635	1.5925730438971863
67.477635	1.5925730438971863
67.477635	1.5925730438971863
67.477635	1.5925730438971863
67.525511	1.5927411717592164
67.537607	1.5927832900406302
67.537607	1.5927832900406302
67.537607	1.5927832900406302
67.537607	1.5927832900406302
67.537607	1.5927832900406302
67.537607	1.5927832900406302
67.597609	1.5929894608014623
67.597609	1.5929894608014623
67.597609	1.5929894608014623
67.597609	1.5929894608014623
67.597609	1.5929894608014623
67.597609	1.5929894608014623
67.657613	1.5931905267330653
67.657613	1.5931905267330653
67.657613	1.5931905267330653
67.657613	1.5931905267330653
67.657613	1.5931905267330653
67.657613	1.5931905267330653
67.717613	1.5933853786920322
67.717613	1.5933853786920322
67.717613	1.5933853786920322
67.717613	1.5933853786920322
67.717613	1.5933853786920322
67.717613	1.5933853786920322
67.777679	1.5935730122383867
67.777679	1.5935730122383867
67.777679	1.5935730122383867
67.777679	1.5935730122383867
67.777679	1.5935730122383867
67.825512	1.5937162089627979
67.837611	1.5937515391513895
67.837611	1.5937515391513895
67.837611	1.5937515391513895
67.837622	1.5937515712723973
67.873626	1.5938540309109595
67.873626	1.5938540309109595
67.897617	1.5939202861037112
67.897617	1.5939202861037112
67.909602	1.5939525935144641
67.909602	1.5939525935144641
67.909602	1.5939525935144641
67.909602	1.5939525935144641
67.957617	1.5940778320756714
67.957617	1.5940778320756714
67.969534	1.594107597535747
67.981523	1.5941372730107402
67.993596	1.5941664205510671
67.993596	1.5941664205510671
68.017616	1.594223152579092
68.017616	1.594223152579092
68.029522	1.5942503508277792
68.029522	1.5942503508277792
68.029522	1.5942503508277792
68.029522	1.5942503508277792
68.077626	1.5943554075975779
68.077626	1.5943554075975779
68.077626	1.5943554075975779
68.077626	1.5943554075975779
68.113596	1.5944280327882223
68.125522	1.5944510411859949
68.137638	1.5944739042511
68.137638	1.5944739042511
68.137638	1.5944739042511
68.137638	1.5944739042511
68.137638	1.5944739042511
68.137638	1.5944739042511
68.197617	1.5945780941349081
68.197617	1.5945780941349081
68.197617	1.5945780941349081
68.221523	1.594615631224068
68.221523	1.594615631224068
68.221523	1.594615631224068
68.257639	1.5946679199636589
68.257639	1.5946679199636589
68.257639	1.5946679199636589
68.257639	1.5946679199636589
68.293586	1.5947147305528953
68.293586	1.5947147305528953
68.317637	1.594743349572699
68.317637	1.594743349572699
68.317637	1.594743349572699
68.317637	1.594743349572699
68.353594	1.5947817168896599
68.365523	1.5947933938222958
68.377621	1.5948047428778156
68.377621	1.5948047428778156
68.377621	1.5948047428778156
68.377621	1.5948047428778156
68.377621	1.5948047428778156
68.425522	1.5948439944762325
68.437723	1.5948527439172073
68.437723	1.5948527439172073
68.437723	1.5948527439172073
68.461522	1.5948681732067651
68.473591	1.5948751301968835
68.473591	1.5948751301968835
68.497617	1.5948877865300446
68.497617	1.5948877865300446
68.509523	1.5948932159878504
68.521543	1.5948984403162751
68.533586	1.5949030035158311
68.545522	1.5949071844568954
68.557621	1.5949110201588104
68.557621	1.5949110201588104
68.557621	1.5949110201588104
68.557621	1.5949110201588104
68.557621	1.5949110201588104
68.557621	1.5949110201588104
68.617621	1.5949234649768698
68.617621	1.5949234649768698
68.617621	1.5949234649768698
68.617621	1.5949234649768698
68.617621	1.5949234649768698
68.617621	1.5949234649768698
68.677622	1.5949263506897378
68.677622	1.5949263506897378
68.677622	1.5949263506897378
68.677622	1.5949263506897378
68.677622	1.5949263506897378
68.725522	1.5949226121487488
68.737624	1.594920952701492
68.737624	1.594920952701492
68.737624	1.594920952701492
68.737624	1.594920952701492
68.7736	1.5949142133343461
68.785543	1.5949114849611445
68.797616	1.5949085064122379
68.797616	1.5949085064122379
68.797616	1.5949085064122379
68.797616	1.5949085064122379
68.797616	1.5949085064122379
68.797616	1.5949085064122379
68.857617	1.5948903048072685
68.857628	1.5948903011274664
68.857628	1.5948903011274664
68.857628	1.5948903011274664
68.857628	1.5948903011274664
68.905533	1.594872480908226
68.917659	1.5948676155385315
68.917659	1.5948676155385315
68.917659	1.5948676155385315
68.917659	1.5948676155385315
68.917659	1.5948676155385315
68.917659	1.5948676155385315
68.977633	1.5948416993871741
68.977633	1.5948416993871741
68.977633	1.5948416993871741
68.977633	1.5948416993871741
68.977633	1.5948416993871741
69.025533	1.5948193955873893
69.037628	1.5948136092266527
69.037628	1.5948136092266527
69.049553	1.5948078376939228
69.049553	1.5948078376939228
69.049553	1.5948078376939228
69.049553	1.5948078376939228
69.097705	1.5947841952283865
69.097705	1.5947841952283865
69.109533	1.5947783224979961
69.109533	1.5947783224979961
69.109533	1.5947783224979961
69.109533	1.5947783224979961
69.157628	1.5947543859863262
69.157628	1.5947543859863262
69.157628	1.5947543859863262
69.157628	1.5947543859863262
69.157628	1.5947543859863262
69.205533	1.5947306806854846
69.217627	1.5947247431856419
69.217627	1.5947247431856419
69.217627	1.5947247431856419
69.217627	1.5947247431856419
69.217627	1.5947247431856419
69.217627	1.5947247431856419
69.277636	1.5946957278887892
69.277636	1.5946957278887892
69.289534	1.5946900847635384
69.289534	1.5946900847635384
69.289534	1.5946900847635384
69.289534	1.5946900847635384
69.337629	1.5946676428358331
69.337629	1.5946676428358331
69.349537	1.5946622056214972
69.349537	1.5946622056214972
69.373607	1.5946513316880397
69.373607	1.5946513316880397
69.397649	1.5946406498153831
69.397649	1.5946406498153831
69.397649	1.5946406498153831
69.421533	1.5946302199496392
69.421533	1.5946302199496392
69.445556	1.5946199035029687
69.457633	1.5946147674100524
69.457633	1.5946147674100524
69.457633	1.5946147674100524
69.457633	1.5946147674100524
69.457633	1.5946147674100524
69.505533	1.5945947735924431
69.51763	1.594589800475446
69.51763	1.594589800475446
69.51763	1.594589800475446
69.51763	1.594589800475446
69.51763	1.594589800475446
69.565533	1.594570383066706
69.57763	1.5945655299104844
69.57763	1.5945655299104844
69.57763	1.5945655299104844
69.57763	1.5945655299104844
69.57763	1.5945655299104844
69.57763	1.5945655299104844
69.63763	1.5945416409861493
69.63763	1.5945416409861493
69.63763	1.5945416409861493
69.661536	1.5945321409529718
69.673603	1.5945273336824719
69.685534	1.594522569994433
69.697627	1.5945177292083024
69.697627	1.5945177292083024
69.697627	1.5945177292083024
69.721533	1.5945080885925895
69.721533	1.5945080885925895
69.721533	1.5945080885925895
69.757747	1.5944932396612448
69.757747	1.5944932396612448
69.757747	1.5944932396612448
69.757747	1.5944932396612448
69.79363	1.5944781258271326
69.79363	1.5944781258271326
69.817628	1.594467761452794
69.817628	1.594467761452794
69.817628	1.594467761452794
69.841533	1.5944571788991222
69.841533	1.5944571788991222
69.841533	1.5944571788991222
69.877707	1.5944406099090018
69.877707	1.5944406099090018
69.877707	1.5944406099090018
69.901546	1.5944292896438863
69.901546	1.5944292896438863
69.901546	1.5944292896438863
69.937641	1.5944114355587509
69.937641	1.5944114355587509
69.949546	1.5944053214188401
69.949546	1.5944053214188401
69.973617	1.5943926757546869
69.985547	1.5943862365820154
69.997646	1.5943796002190394
69.997646	1.5943796002190394
69.997646	1.5943796002190394
69.997646	1.5943796002190394
69.997646	1.5943796002190394
69.997646	1.5943796002190394
69.997646	1.5943796002190394
70.057648	1.5943447120822092
70.069815	1.5943372052715095
70.081547	1.5943298937523684
70.081547	1.5943298937523684
70.081547	1.5943298937523684
70.11764	1.5943064379031104
70.11764	1.5943064379031104
70.11764	1.5943064379031104
70.11764	1.5943064379031104
70.11764	1.5943064379031104
70.11764	1.5943064379031104
70.177649	1.5942634755816254
70.177649	1.5942634755816254
70.177649	1.5942634755816254
70.201546	1.5942382153791297
70.21361	1.5942130157571919
70.225547	1.594176328783474
70.237643	1.5941254340788729
70.237643	1.5941254340788729
70.237643	1.5941254340788729
70.237643	1.5941254340788729
70.273629	1.5938446675269422
70.285617	1.5937128758251067
70.297646	1.5935635113506472
70.297646	1.5935635113506472
70.297646	1.5935635113506472
70.297646	1.5935635113506472
70.297646	1.5935635113506472
70.297646	1.5935635113506472
70.357643	1.59269388573179
70.357643	1.59269388573179
70.357643	1.59269388573179
70.357643	1.59269388573179
70.357643	1.59269388573179
70.357643	1.59269388573179
70.41771	1.5918432115016912
70.41771	1.5918432115016912
70.41771	1.5918432115016912
70.441546	1.5915224725771326
70.441546	1.5915224725771326
70.465547	1.5912088273555463
70.477649	1.5910534515067383
70.477649	1.5910534515067383
70.477649	1.5910534515067383
70.477649	1.5910534515067383
70.477649	1.5910534515067383
70.477649	1.5910534515067383
70.537643	1.5903159087523484
70.537643	1.5903159087523484
70.537643	1.5903159087523484
70.537643	1.5903159087523484
70.537643	1.5903159087523484
70.537643	1.5903159087523484
70.59764	1.5896228131807848
70.59764	1.5896228131807848
70.59764	1.5896228131807848
70.621546	1.589329891436057
70.633611	1.5891602923162576
70.645546	1.5889790136557991
70.657662	1.5887791897977439
70.657662	1.5887791897977439
70.657662	1.5887791897977439
70.657662	1.5887791897977439
70.693612	1.5880665897441262
70.693612	1.5880665897441262
70.717683	1.5875224014331013
70.717683	1.5875224014331013
70.717683	1.5875224014331013
70.717683	1.5875224014331013
70.717683	1.5875224014331013
70.717683	1.5875224014331013
70.717683	1.5875224014331013
70.717683	1.5875224014331013
70.717683	1.5875224014331013
70.777644	1.5861395282823414
70.813698	1.5853407576623342
70.813698	1.5853407576623342
70.837659	1.5848025059597617
70.837659	1.5848025059597617
70.84955	1.5845259981505748
70.861546	1.5842437084383088
70.861557	1.5842434408819215
70.885558	1.5836549698437998
70.897651	1.5833506294817061
70.897651	1.5833506294817061
70.897651	1.5833506294817061
70.897651	1.5833506294817061
70.897651	1.5833506294817061
70.897651	1.5833506294817061
70.957657	1.5818321687377175
70.957657	1.5818321687377175
70.957657	1.5818321687377175
70.957657	1.5818321687377175
70.957657	1.5818321687377175
71.005558	1.5806839837241575
71.017678	1.580403624533987
71.017678	1.580403624533987
71.017678	1.580403624533987
71.017678	1.580403624533987
71.017678	1.580403624533987
71.017678	1.580403624533987
71.077724	1.5790770734621202
71.077724	1.5790770734621202
71.077724	1.5790770734621202
71.077724	1.5790770734621202
71.077724	1.5790770734621202
71.077724	1.5790770734621202
71.137652	1.577844885755969
71.137652	1.577844885755969
71.137652	1.577844885755969
71.137652	1.577844885755969
71.137652	1.577844885755969
71.137652	1.577844885755969
71.197654	1.5766943805428837
71.197654	1.5766943805428837
71.197654	1.5766943805428837
71.221557	1.5762571937252665
71.221557	1.5762571937252665
71.221557	1.5762571937252665
71.221557	1.5762571937252665
71.221557	1.5762571937252665
71.221557	1.5762571937252665
71.221557	1.5762571937252665
71.221557	1.5762571937252665
71.257661	1.5756184015706998
71.317688	1.5746080347013438
71.317688	1.5746080347013438
71.317688	1.5746080347013438
71.317688	1.5746080347013438
71.317688	1.5746080347013438
71.317688	1.5746080347013438
71.377736	1.5736549911083266
71.377736	1.5736549911083266
71.377736	1.5736549911083266
71.401557	1.573291047110156
71.401557	1.573291047110156
71.401557	1.573291047110156
71.437654	1.5727536240504665
71.437654	1.5727536240504665
71.44958	1.5725798095973751
71.44958	1.5725798095973751
71.44958	1.5725798095973751
71.44958	1.5725798095973751
71.497652	1.5718933890067905
71.497652	1.5718933890067905
71.497652	1.5718933890067905
71.497652	1.5718933890067905
71.533622	1.5713953728093075
71.533622	1.5713953728093075
71.557655	1.5710687901953144
71.557655	1.5710687901953144
71.557655	1.5710687901953144
71.557655	1.5710687901953144
71.593628	1.5705892399351999
71.60565	1.5704310727601727
71.617655	1.5702740500685146
71.617655	1.5702740500685146
71.617655	1.5702740500685146
71.617655	1.5702740500685146
71.617655	1.5702740500685146
71.617655	1.5702740500685146
71.677661	1.5695039618566504
71.677661	1.5695039618566504
71.677661	1.5695039618566504
71.677661	1.5695039618566504
71.677661	1.5695039618566504
71.677661	1.5695039618566504
71.737735	1.5687535523066916
71.737735	1.5687535523066916
71.737735	1.5687535523066916
71.737735	1.5687535523066916
71.737735	1.5687535523066916
71.737735	1.5687535523066916
71.797654	1.5680163566153296
71.797654	1.5680163566153296
71.797654	1.5680163566153296
71.797654	1.5680163566153296
71.797654	1.5680163566153296
71.797654	1.5680163566153296
71.857657	1.5670915484489041
71.857657	1.5670915484489041
71.857657	1.5670915484489041
71.857669	1.5670913312722592
71.857669	1.5670913312722592
71.857669	1.5670913312722592
71.857669	1.5670913312722592
71.857669	1.5670913312722592
71.857669	1.5670913312722592
71.857669	1.5670913312722592
71.857669	1.5670913312722592
71.917664	1.5657142467600984
71.977685	1.5641786807850186
71.977685	1.5641786807850186
71.977685	1.5641786807850186
71.977685	1.5641786807850186
71.977685	1.5641786807850186
71.977685	1.5641786807850186
72.037668	1.5627136300874718
72.037668	1.5627136300874718
72.037668	1.5627136300874718
72.037668	1.5627136300874718
72.073634	1.5618721818675858
72.073634	1.5618721818675858
72.09767	1.5613236066456837
72.09767	1.5613236066456837
72.09767	1.5613236066456837
72.09767	1.5613236066456837
72.09767	1.5613236066456837
72.145588	1.5602655812905373
72.157667	1.5600055573162408
72.157667	1.5600055573162408
72.157667	1.5600055573162408
72.181569	1.5595000895500248
72.181569	1.5595000895500248
72.205569	1.5590043398098328
72.217663	1.5587580998250599
72.217663	1.5587580998250599
72.217663	1.5587580998250599
72.217663	1.5587580998250599
72.217663	1.5587580998250599
72.217663	1.5587580998250599
72.277677	1.5575789064628331
72.277677	1.5575789064628331
72.277677	1.5575789064628331
72.301573	1.5571279027544078
72.313641	1.5569046886681028
72.325569	1.556686078566843
72.337687	1.5564663231503924
72.337687	1.5564663231503924
72.337687	1.5564663231503924
72.337687	1.5564663231503924
72.337687	1.5564663231503924
72.337687	1.5564663231503924
72.397784	1.5554167165207426
72.397784	1.5554167165207426
72.397784	1.5554167165207426
72.397784	1.5554167165207426
72.397784	1.5554167165207426
72.397784	1.5554167165207426
72.457666	1.5544328827823937
72.457666	1.5544328827823937
72.457666	1.5544328827823937
72.481569	1.5540567816227062
72.481569	1.5540567816227062
72.505569	1.5536890019540943
72.517662	1.5535066610841861
72.517662	1.5535066610841861
72.517662	1.5535066610841861
72.517662	1.5535066610841861
72.517662	1.5535066610841861
72.517662	1.5535066610841861
72.577674	1.5526370352140533
72.577674	1.5526370352140533
72.577674	1.5526370352140533
72.577674	1.5526370352140533
72.577674	1.5526370352140533
72.577674	1.5526370352140533
72.637673	1.5518213871486661
72.637673	1.5518213871486661
72.637673	1.5518213871486661
72.637673	1.5518213871486661
72.673634	1.5513572556929391
72.673634	1.5513572556929391
72.697747	1.5510553076093101
72.697747	1.5510553076093101
72.697747	1.5510553076093101
72.697747	1.5510553076093101
72.733652	1.5506204550193532
72.745569	1.5504795730872207
72.75767	1.5503381098296474
72.75767	1.5503381098296474
72.75767	1.5503381098296474
72.75767	1.5503381098296474
72.75767	1.5503381098296474
72.805569	1.5497963539782875
72.817664	1.5496634398948936
72.817664	1.5496634398948936
72.817664	1.5496634398948936
72.841569	1.549405836140116
72.853646	1.5492783667353278
72.86559	1.5491534593662779
72.877671	1.5490284509461369
72.877681	1.5490283474709114
72.877681	1.5490283474709114
72.901579	1.548785697081978
72.901579	1.548785697081978
72.925672	1.5485469831278249
72.937674	1.5484297990369982
72.937674	1.5484297990369982
72.937674	1.5484297990369982
72.937674	1.5484297990369982
72.937674	1.5484297990369982
72.98558	1.5479758473367631
72.997692	1.5478639993868302
72.997692	1.5478639993868302
72.997692	1.5478639993868302
73.021579	1.5476472074472358
73.021579	1.5476472074472358
73.021579	1.5476472074472358
73.057762	1.5473274534754475
73.057762	1.5473274534754475
73.057762	1.5473274534754475
73.057762	1.5473274534754475
73.057762	1.5473274534754475
73.105579	1.5469196664843252
73.117691	1.5468187104505036
73.117691	1.5468187104505036
73.117691	1.5468187104505036
73.117691	1.5468187104505036
73.117691	1.5468187104505036
73.165579	1.5464294596102699
73.177682	1.5463331745498363
73.177682	1.5463331745498363
73.177682	1.5463331745498363
73.177682	1.5463331745498363
73.213645	1.5460525556415792
73.225582	1.5459609486799712
73.237673	1.545868863080534
73.237673	1.545868863080534
73.237673	1.545868863080534
73.2616	1.5456890735237832
73.2616	1.5456890735237832
73.28558	1.5455119523200598
73.297687	1.5454234378097835
73.297687	1.5454234378097835
73.297687	1.5454234378097835
73.297687	1.5454234378097835
73.297687	1.5454234378097835
73.345579	1.5450804755368768
73.357761	1.5449947770963774
73.357761	1.5449947770963774
73.357761	1.5449947770963774
73.381579	1.5448292186001842
73.381579	1.5448292186001842
73.405579	1.5446649195101121
73.417692	1.54458275142103
73.417692	1.54458275142103
73.417692	1.54458275142103
73.417692	1.54458275142103
73.417692	1.54458275142103
73.417692	1.54458275142103
73.477678	1.5441846039299048
73.477678	1.5441846039299048
73.477678	1.5441846039299048
73.501599	1.5440295491625702
73.513668	1.5439522205470311
73.525579	1.5438763060974356
73.537676	1.5437996693649592
73.537676	1.5437996693649592
73.537676	1.5437996693649592
73.537676	1.5437996693649592
73.537676	1.5437996693649592
73.537676	1.5437996693649592
73.597698	1.5434274256372047
73.597698	1.5434274256372047
73.597698	1.5434274256372047
73.597698	1.5434274256372047
73.597698	1.5434274256372047
73.597698	1.5434274256372047
73.657677	1.5430679179717957
73.657677	1.5430679179717957
73.669579	1.542998140884998
73.669579	1.542998140884998
73.669579	1.542998140884998
73.705579	1.5427896818763189
73.717795	1.5427198888727249
73.717795	1.5427198888727249
73.717795	1.5427198888727249
73.717795	1.5427198888727249
73.717795	1.5427198888727249
73.7656	1.5424520540572755
73.777682	1.5423855271215192
73.777682	1.5423855271215192
73.78958	1.5423206788359367
73.78958	1.5423206788359367
73.78958	1.5423206788359367
73.78958	1.5423206788359367
73.837687	1.5420630093538445
73.837687	1.5420630093538445
73.837687	1.5420630093538445
73.837687	1.5420630093538445
73.837687	1.5420630093538445
73.837687	1.5420630093538445
73.897703	1.5417531851495534
73.897703	1.5417531851495534
73.909591	1.5416934614684097
73.909591	1.5416934614684097
73.909591	1.5416934614684097
73.945591	1.5415154073372408
73.957689	1.5414565885989295
73.957689	1.5414565885989295
73.957689	1.5414565885989295
73.957689	1.5414565885989295
73.957689	1.5414565885989295
73.957689	1.5414565885989295
73.957689	1.5414565885989295
73.957689	1.5414565885989295
74.017728	1.5411732095370176
74.041591	1.5410643819594771
74.041591	1.5410643819594771
74.041591	1.5410643819594771
74.077703	1.5409039521178198
74.077703	1.5409039521178198
74.077703	1.5409039521178198
74.077703	1.5409039521178198
74.077703	1.5409039521178198
74.077703	1.5409039521178198
74.137686	1.5406487760893959
74.137686	1.5406487760893959
74.149595	1.540599941506875
74.161611	1.5405509856221573
74.161611	1.5405509856221573
74.161611	1.5405509856221573
74.197685	1.540407955908913
74.197685	1.540407955908913
74.197685	1.540407955908913
74.197685	1.540407955908913
74.233655	1.5402706373147013
74.233655	1.5402706373147013
74.257693	1.5401816266754598
74.257693	1.5401816266754598
74.257693	1.5401816266754598
74.281595	1.5400954940852427
74.281595	1.5400954940852427
74.305591	1.5400114515330092
74.31771	1.5399697493203146
74.31771	1.5399697493203146
74.31771	1.5399697493203146
74.31771	1.5399697493203146
74.31771	1.5399697493203146
74.31771	1.5399697493203146
74.377761	1.5397720939798876
74.377761	1.5397720939798876
74.377761	1.5397720939798876
74.377761	1.5397720939798876
74.377761	1.5397720939798876
74.425611	1.5396247792238982
74.437687	1.539588905116529
74.437687	1.539588905116529
74.437687	1.539588905116529
74.437687	1.539588905116529
74.437687	1.539588905116529
74.485591	1.5394498975227762
74.497693	1.5394135895153065
74.497693	1.5394135895153065
74.497693	1.5394135895153065
74.497693	1.5394135895153065
74.497693	1.5394135895153065
74.497693	1.5394135895153065
74.497693	1.5394135895153065
74.497693	1.5394135895153065
74.497693	1.5394135895153065
74.497693	1.5394135895153065
74.557713	1.5390608113135535
74.605591	1.5384644143002937
74.617685	1.5382809909242123
74.617685	1.5382809909242123
74.617685	1.5382809909242123
74.617685	1.5382809909242123
74.617685	1.5382809909242123
74.617685	1.5382809909242123
74.677695	1.5373518767283243
74.677695	1.5373518767283243
74.677695	1.5373518767283243
74.677695	1.5373518767283243
74.677695	1.5373518767283243
74.725592	1.5366567361038708
74.737687	1.5364880382741979
74.737687	1.5364880382741979
74.737687	1.5364880382741979
74.737687	1.5364880382741979
74.737687	1.5364880382741979
74.737687	1.5364880382741979
74.797732	1.535692375157198
74.797732	1.535692375157198
74.809725	1.5355416855031854
74.821591	1.535393927943806
74.821591	1.535393927943806
74.821591	1.535393927943806
74.85769	1.5349611853720178
74.85769	1.5349611853720178
74.85769	1.5349611853720178
74.85769	1.5349611853720178
74.85769	1.5349611853720178
74.905682	1.5344193976515008
74.917729	1.5342887481317624
74.917729	1.5342887481317624
74.929623	1.5341626996573949
74.929623	1.5341626996573949
74.929623	1.5341626996573949
74.965604	1.5337926979636507
74.977703	1.5336722589853324
74.977703	1.5336722589853324
74.977703	1.5336722589853324
74.977703	1.5336722589853324
74.977703	1.5336722589853324
74.977703	1.5336722589853324
74.977703	1.5336722589853324
74.977703	1.5336722589853324
74.977703	1.5336722589853324
74.977703	1.5336722589853324
74.977703	1.5336722589853324
75.037782	1.533105275685186
75.097697	1.5325856766147603
75.097697	1.5325856766147603
75.097697	1.5325856766147603
75.121603	1.5323899914382868
75.121603	1.5323899914382868
75.145604	1.5322001181971598
75.1577	1.5321063677644478
75.1577	1.5321063677644478
75.1577	1.5321063677644478
75.181603	1.5319257415030594
75.181603	1.5319257415030594
75.181603	1.5319257415030594
75.217698	1.5316633564194899
75.217698	1.5316633564194899
75.217698	1.5316633564194899
75.217698	1.5316633564194899
75.217698	1.5316633564194899
75.217698	1.5316633564194899
75.277703	1.53125185003924
75.277703	1.53125185003924
75.277703	1.53125185003924
75.277703	1.53125185003924
75.277703	1.53125185003924
75.277703	1.53125185003924
75.337703	1.5308673575208491
75.337703	1.5308673575208491
75.337703	1.5308673575208491
75.361604	1.5307206979697385
75.373668	1.5306481340897913
75.385603	1.5305769602646575
75.397698	1.5305055356263646
75.397698	1.5305055356263646
75.397698	1.5305055356263646
75.397698	1.5305055356263646
75.433736	1.5302975138706341
75.433736	1.5302975138706341
75.457718	1.5301622669209842
75.457718	1.5301622669209842
75.457718	1.5301622669209842
75.457718	1.5301622669209842
75.457718	1.5301622669209842
75.457718	1.5301622669209842
75.517697	1.5298344521188452
75.517697	1.5298344521188452
75.517697	1.5298344521188452
75.517697	1.5298344521188452
75.517697	1.5298344521188452
75.517697	1.5298344521188452
75.577711	1.5295185767369908
75.577711	1.5295185767369908
75.577711	1.5295185767369908
75.577711	1.5295185767369908
75.577711	1.5295185767369908
75.577711	1.5295185767369908
75.637698	1.5292124140697199
75.637698	1.5292124140697199
75.637698	1.5292124140697199
75.637698	1.5292124140697199
75.637698	1.5292124140697199
75.637698	1.5292124140697199
75.69779	1.5289134071430752
75.69779	1.5289134071430752
75.709603	1.5288554480747885
75.709603	1.5288554480747885
75.709603	1.5288554480747885
75.745603	1.5286800416563293
75.7577	1.5286215235156269
75.7577	1.5286215235156269
75.769604	1.528564217189142
75.769604	1.528564217189142
75.769604	1.528564217189142
75.769604	1.528564217189142
75.817704	1.5283344605478013
75.817704	1.5283344605478013
75.82969	1.5282777474360227
75.841603	1.5282214844685691
75.841603	1.5282214844685691
75.841603	1.5282214844685691
75.8777	1.5280525770401223
75.8777	1.5280525770401223
75.8777	1.5280525770401223
75.877714	1.5280525118255377
75.913712	1.5278914706960596
75.913712	1.5278914706960596
75.937713	1.5277982545403288
75.937713	1.5277982545403288
75.937713	1.5277982545403288
75.937713	1.5277982545403288
75.937713	1.5277982545403288
75.937713	1.5277982545403288
75.997797	1.527653925387048
75.997797	1.527653925387048
75.997797	1.527653925387048
76.021618	1.5276258432833518
76.021618	1.5276258432833518
76.045617	1.5276029412321404
76.045617	1.5276029412321404
76.045617	1.5276029412321404
76.045617	1.5276029412321404
76.045617	1.5276029412321404
76.045617	1.5276029412321404
76.057717	1.5275916323872814
76.117713	1.5275304934980796
76.117713	1.5275304934980796
76.117713	1.5275304934980796
76.141618	1.5275039431292463
76.153686	1.5274901343310177
76.153686	1.5274901343310177
76.177734	1.5274621360773004
76.177734	1.5274621360773004
76.189617	1.5274479923127082
76.189617	1.5274479923127082
76.189617	1.5274479923127082
76.189617	1.5274479923127082
76.237715	1.5273895057407074
76.237715	1.5273895057407074
76.237715	1.5273895057407074
76.237715	1.5273895057407074
76.237715	1.5273895057407074
76.285625	1.5273297550252205
76.285625	1.5273297550252205
76.285625	1.5273297550252205
76.297711	1.5273145769021554
76.321618	1.5272845599671878
76.321618	1.5272845599671878
76.321618	1.5272845599671878
76.357805	1.527239448774947
76.357805	1.527239448774947
76.369618	1.5272249035361014
76.369618	1.5272249035361014
76.369618	1.5272249035361014
76.369618	1.5272249035361014
76.369618	1.5272249035361014
76.417731	1.5271667833946374
76.429917	1.5271525108446131
76.441618	1.527138905688938
76.441618	1.527138905688938
76.441618	1.527138905688938
76.477716	1.5270983735598762
76.477716	1.5270983735598762
76.477716	1.5270983735598762
76.477716	1.5270983735598762
76.513689	1.5270602656557937
76.513689	1.5270602656557937
76.537716	1.5270361759179298
76.537716	1.5270361759179298
76.537716	1.5270361759179298
76.537716	1.5270361759179298
76.537716	1.5270361759179298
76.585617	1.5269922141349752
76.597719	1.5269819360569801
76.597719	1.5269819360569801
76.597719	1.5269819360569801
76.597719	1.5269819360569801
76.633686	1.5269539261316365
76.633686	1.5269539261316365
76.657718	1.5269371364578925
76.657718	1.5269371364578925
76.657718	1.5269371364578925
76.657718	1.5269371364578925
76.657718	1.5269371364578925
76.657718	1.5269371364578925
76.717713	1.5269029791819499
76.717713	1.5269029791819499
76.717713	1.5269029791819499
76.717713	1.5269029791819499
76.717713	1.5269029791819499
76.765617	1.526883962438274
76.777714	1.5268802650685842
76.777714	1.5268802650685842
76.777714	1.5268802650685842
76.777714	1.5268802650685842
76.777714	1.5268802650685842
76.825618	1.5268707567502662
76.837718	1.5268694948527863
76.837718	1.5268694948527863
76.849617	1.5268689073707413
76.849617	1.5268689073707413
76.849617	1.5268689073707413
76.849617	1.5268689073707413
76.897714	1.5268766261727216
76.897714	1.5268766261727216
76.897725	1.5268766301104773
76.897725	1.5268766301104773
76.897725	1.5268766301104773
76.945629	1.5270130370774198
76.957729	1.5270885721208143
76.957729	1.5270885721208143
76.957729	1.5270885721208143
76.957729	1.5270885721208143
76.957729	1.5270885721208143
76.957729	1.5270885721208143
77.017816	1.5277575369658394
77.017816	1.5277575369658394
77.017816	1.5277575369658394
77.017816	1.5277575369658394
77.053707	1.5282626997103497
77.053707	1.5282626997103497
77.077725	1.5285973300406792
77.077725	1.5285973300406792
77.089635	1.5287594332397454
77.101629	1.5289214563291993
77.101629	1.5289214563291993
77.125629	1.5292376888734893
77.137755	1.5293948104942541
77.137755	1.5293948104942541
77.137755	1.5293948104942541
77.137755	1.5293948104942541
77.173693	1.5298479879972662
77.173693	1.5298479879972662
77.197728	1.5301436410697347
77.197728	1.5301436410697347
77.209628	1.5302903037222066
77.209628	1.5302903037222066
77.209628	1.5302903037222066
77.245628	1.5307494279062674
77.257725	1.5309117366490264
77.257725	1.5309117366490264
77.257725	1.5309117366490264
77.281728	1.5312498309261875
77.281728	1.5312498309261875
77.305628	1.5316040554329513
77.317751	1.5317868090014088
77.317751	1.5317868090014088
77.329628	1.5319655126713607
77.329628	1.5319655126713607
77.353714	1.5323243216282845
77.353714	1.5323243216282845
77.377738	1.5326736736858162
77.377738	1.5326736736858162
77.377738	1.5326736736858162
77.377738	1.5326736736858162
77.377738	1.5326736736858162
77.425628	1.5333391611745502
77.437723	1.5335015701019443
77.437723	1.5335015701019443
77.449632	1.5336583965726012
77.461628	1.5338151262902531
77.461628	1.5338151262902531
77.461628	1.5338151262902531
77.497743	1.5342718287627835
77.497743	1.5342718287627835
77.497743	1.5342718287627835
77.497743	1.5342718287627835
77.497743	1.5342718287627835
77.545715	1.5348482968859238
77.557729	1.5349878697495496
77.557729	1.5349878697495496
77.569631	1.5351234780847722
77.581708	1.535259983881152
77.59371	1.5353928716259688
77.59371	1.5353928716259688
77.617722	1.5356541163237294
77.617722	1.5356541163237294
77.617722	1.5356541163237294
77.617722	1.5356541163237294
77.617722	1.5356541163237294
77.617722	1.5356541163237294
77.677833	1.536275992741305
77.677833	1.536275992741305
77.677833	1.536275992741305
77.677833	1.536275992741305
77.677833	1.536275992741305
77.677833	1.536275992741305
77.737734	1.5368546935843512
77.737734	1.5368546935843512
77.737734	1.5368546935843512
77.737734	1.5368546935843512
77.773708	1.5371834977293224
77.773708	1.5371834977293224
77.797726	1.5373922007653869
77.797726	1.5373922007653869
77.809715	1.5374835934647919
77.809715	1.5374835934647919
77.809715	1.5374835934647919
77.809715	1.5374835934647919
77.857755	1.5377081989613837
77.857755	1.5377081989613837
77.857755	1.5377081989613837
77.881651	1.5377031385039908
77.881651	1.5377031385039908
77.881651	1.5377031385039908
77.917738	1.5375893564467942
77.917751	1.5375893105291274
77.917751	1.5375893105291274
77.917751	1.5375893105291274
77.917751	1.5375893105291274
77.965641	1.5375662469111921
77.97774	1.5376078186041149
77.97774	1.5376078186041149
77.97774	1.5376078186041149
78.001642	1.5377561993553164
78.013704	1.53785677932418
78.013704	1.53785677932418
78.037735	1.5380722316621431
78.037735	1.5380722316621431
78.037735	1.5380722316621431
78.037735	1.5380722316621431
78.037735	1.5380722316621431
78.037735	1.5380722316621431
78.097743	1.5386274970579419
78.097743	1.5386274970579419
78.109648	1.5387346439283898
78.121641	1.5388420629206472
78.133705	1.5389488816830783
78.133705	1.5389488816830783
78.15774	1.5391599018005249
78.15774	1.5391599018005249
78.15774	1.5391599018005249
78.15774	1.5391599018005249
78.15774	1.5391599018005249
78.15774	1.5391599018005249
78.217739	1.5396750105087242
78.217739	1.5396750105087242
78.229745	1.5397761144737658
78.229745	1.5397761144737658
78.253719	1.5399764805050109
78.253719	1.5399764805050109
78.277748	1.54017498712872
78.277748	1.54017498712872
78.277748	1.54017498712872
78.277748	1.54017498712872
78.313724	1.5404675639984298
78.325642	1.5405634364176748
78.337828	1.5406609911211988
78.337828	1.5406609911211988
78.337828	1.5406609911211988
78.337828	1.5406609911211988
78.337828	1.5406609911211988
78.385641	1.5410383371490441
78.397741	1.5411326668915177
78.397741	1.5411326668915177
78.409642	1.5412247908848127
78.409642	1.5412247908848127
78.409642	1.5412247908848127
78.445641	1.5415008908683736
78.457739	1.5415927634895046
78.457739	1.5415927634895046
78.457739	1.5415927634895046
78.457739	1.5415927634895046
78.457739	1.5415927634895046
78.457739	1.5415927634895046
78.517748	1.5420409126619867
78.517748	1.5420409126619867
78.517748	1.5420409126619867
78.517748	1.5420409126619867
78.517748	1.5420409126619867
78.565642	1.5423898546947457
78.577737	1.5424768348501232
78.577737	1.5424768348501232
78.577737	1.5424768348501232
78.577737	1.5424768348501232
78.613707	1.5427322554997771
78.625641	1.5428160475150949
78.637822	1.5429011288604042
78.637822	1.5429011288604042
78.637822	1.5429011288604042
78.637822	1.5429011288604042
78.637822	1.5429011288604042
78.637822	1.5429011288604042
78.637822	1.5429011288604042
78.637822	1.5429011288604042
78.637822	1.5429011288604042
78.637822	1.5429011288604042
78.637822	1.5429011288604042
78.697754	1.543311757195807
78.757759	1.5437098493282624
78.757759	1.5437098493282624
78.769737	1.5437881701168987
78.781642	1.5438661984622206
78.781642	1.5438661984622206
78.781642	1.5438661984622206
78.817735	1.5441244888864021
78.817735	1.5441244888864021
78.817735	1.5441244888864021
78.817735	1.5441244888864021
78.817735	1.5441244888864021
78.817735	1.5441244888864021
78.877751	1.544849143783424
78.877751	1.544849143783424
78.889641	1.545053191929443
78.889641	1.545053191929443
78.913714	1.5455009430039197
78.925675	1.5457349762356143
78.937753	1.5459746523891493
78.937753	1.5459746523891493
78.949655	1.5462095104943849
78.949655	1.5462095104943849
78.949655	1.5462095104943849
78.949655	1.5462095104943849
78.997838	1.5471353524194211
78.997838	1.5471353524194211
78.997838	1.5471353524194211
78.997838	1.5471353524194211
78.997838	1.5471353524194211
78.997838	1.5471353524194211
79.057772	1.5482138837517294
79.057772	1.5482138837517294
79.069655	1.548418215502003
79.081655	1.5486229828165139
79.081655	1.5486229828165139
79.105654	1.549021992048816
79.117759	1.5492196002677781
79.117759	1.5492196002677781
79.117759	1.5492196002677781
79.141654	1.5496006247342085
79.153722	1.5497883180848941
79.165658	1.5499718206655957
79.177752	1.5501553488864754
79.177752	1.5501553488864754
79.177752	1.5501553488864754
79.177752	1.5501553488864754
79.177752	1.5501553488864754
79.177752	1.5501553488864754
79.237748	1.5510241369750275
79.237748	1.5510241369750275
79.237748	1.5510241369750275
79.237748	1.5510241369750275
79.237748	1.5510241369750275
79.285655	1.5516722087354533
79.297752	1.5518302321661539
79.297752	1.5518302321661539
79.297752	1.5518302321661539
79.297752	1.5518302321661539
79.33372	1.5522848918856753
79.345691	1.5524319013103207
79.357752	1.5525780797646156
79.357752	1.5525780797646156
79.369655	1.5527191940618248
79.369655	1.5527191940618248
79.369655	1.5527191940618248
79.369655	1.5527191940618248
79.369655	1.5527191940618248
79.369655	1.5527191940618248
79.41775	1.5532571734668001
79.441654	1.5534788611750487
79.441654	1.5534788611750487
79.465654	1.5536528142932491
79.477752	1.5537249714147818
79.477752	1.5537249714147818
79.489662	1.5537806482850574
79.501655	1.5538312843238336
79.513744	1.5538708001346564
79.513744	1.5538708001346564
79.537757	1.5539399211412177
79.537757	1.5539399211412177
79.537757	1.5539399211412177
79.537757	1.5539399211412177
79.57372	1.5540317497956497
79.585655	1.5540618060609286
79.597782	1.5540923567958838
79.597782	1.5540923567958838
79.597782	1.5540923567958838
79.597782	1.5540923567958838
79.597782	1.5540923567958838
79.597782	1.5540923567958838
79.657834	1.5542441558435622
79.657834	1.5542441558435622
79.657834	1.5542441558435622
79.657834	1.5542441558435622
79.657834	1.5542441558435622
79.657834	1.5542441558435622
79.717782	1.5543972634349148
79.717782	1.5543972634349148
79.717782	1.5543972634349148
79.741654	1.554459321090262
79.741654	1.554459321090262
79.765654	1.5545226955041589
79.777768	1.5545550291508803
79.777768	1.5545550291508803
79.777768	1.5545550291508803
79.777768	1.5545550291508803
79.777768	1.5545550291508803
79.777768	1.5545550291508803
79.837753	1.5547201529827777
79.837753	1.5547201529827777
79.837753	1.5547201529827777
79.837753	1.5547201529827777
79.837753	1.5547201529827777
79.837753	1.5547201529827777
79.897769	1.5548975075027087
79.897769	1.5548975075027087
79.897769	1.5548975075027087
79.897781	1.5548975447175009
79.897781	1.5548975447175009
79.897781	1.5548975447175009
79.957769	1.5551843994020551
79.957769	1.5551843994020551
79.957769	1.5551843994020551
79.981667	1.5553671116079841
79.993739	1.5554768177136906
79.993739	1.5554768177136906
80.017762	1.5557116643622153
80.017762	1.5557116643622153
80.017762	1.5557116643622153
80.041687	1.5559593730958969
80.041687	1.5559593730958969
80.041687	1.5559593730958969
80.077781	1.5563340018971694
80.077781	1.5563340018971694
80.077781	1.5563340018971694
80.077781	1.5563340018971694
80.077781	1.5563340018971694
80.077781	1.5563340018971694
80.137767	1.5569615965167567
80.137767	1.5569615965167567
80.137767	1.5569615965167567
80.137767	1.5569615965167567
80.137767	1.5569615965167567
80.137767	1.5569615965167567
80.197764	1.5576731696104029
80.197764	1.5576731696104029
80.209667	1.5578249157912645
80.209667	1.5578249157912645
80.233733	1.5581337139199782
80.233733	1.5581337139199782
80.257774	1.5584403656088339
80.257774	1.5584403656088339
80.257774	1.5584403656088339
80.281667	1.5587397956977707
80.281667	1.5587397956977707
80.305687	1.5590344934922384
80.317854	1.5591818326704601
80.317854	1.5591818326704601
80.317854	1.5591818326704601
80.317854	1.5591818326704601
80.317854	1.5591818326704601
80.317854	1.5591818326704601
80.377776	1.5598846756831894
80.377776	1.5598846756831894
80.377776	1.5598846756831894
80.401666	1.5601550141400418
80.401666	1.5601550141400418
80.425667	1.5604206396558751
80.437779	1.5605528609754624
80.437779	1.5605528609754624
80.437779	1.5605528609754624
80.461666	1.5608090301178235
80.461666	1.5608090301178235
80.461666	1.5608090301178235
80.497759	1.5611853660517694
80.497759	1.5611853660517694
80.497759	1.5611853660517694
80.521666	1.5614277186864987
80.521666	1.5614277186864987
80.521666	1.5614277186864987
80.557763	1.5617830573981648
80.557763	1.5617830573981648
80.557763	1.5617830573981648
80.557763	1.5617830573981648
80.557763	1.5617830573981648
80.557763	1.5617830573981648
80.557763	1.5617830573981648
80.557763	1.5617830573981648
80.557763	1.5617830573981648
80.557763	1.5617830573981648
80.617842	1.562347020648305
80.665666	1.5627716873062487
80.665666	1.5627716873062487
80.665666	1.5627716873062487
80.665666	1.5627716873062487
80.665666	1.5627716873062487
80.665666	1.5627716873062487
80.677762	1.5628760272239182
80.737761	1.5633734556287351
80.737761	1.5633734556287351
80.737761	1.5633734556287351
80.737761	1.5633734556287351
80.737761	1.5633734556287351
80.785667	1.5637482060826919
80.797764	1.5638400338305041
80.797764	1.5638400338305041
80.797764	1.5638400338305041
80.821667	1.5640177146479106
80.821667	1.5640177146479106
80.821667	1.5640177146479106
80.857767	1.5642774608725469
80.857767	1.5642774608725469
80.857767	1.5642774608725469
80.857767	1.5642774608725469
80.857767	1.5642774608725469
80.857767	1.5642774608725469
80.91776	1.5646876249531112
80.92968	1.5647658547722048
80.92968	1.5647658547722048
80.941681	1.5648440742328167
80.941681	1.5648440742328167
80.941681	1.5648440742328167
80.977863	1.565073339860386
80.977863	1.565073339860386
80.977863	1.565073339860386
80.977863	1.565073339860386
81.013751	1.5652923730749921
81.025681	1.5653635131533739
81.037797	1.5654350074000929
81.037797	1.5654350074000929
81.037797	1.5654350074000929
81.06168	1.5655732624803611
81.06168	1.5655732624803611
81.08568	1.5657088716222671
81.097776	1.5657762378616988
81.097776	1.5657762378616988
81.097776	1.5657762378616988
81.097776	1.5657762378616988
81.097776	1.5657762378616988
81.097776	1.5657762378616988
81.157787	1.5660992218503269
81.157787	1.5660992218503269
81.1697	1.5661612158238583
81.18168	1.5662232170440746
81.18168	1.5662232170440746
81.18168	1.5662232170440746
81.18168	1.5662232170440746
81.18168	1.5662232170440746
81.18168	1.5662232170440746
81.18168	1.5662232170440746
81.18168	1.5662232170440746
81.18168	1.5662232170440746
81.18168	1.5662232170440746
81.18168	1.5662232170440746
81.217775	1.5664059379642215
81.277821	1.5666989119586021
81.313766	1.5668683331956266
81.325681	1.5669236433615525
81.337776	1.5669794116707274
81.337776	1.5669794116707274
81.349681	1.5670337579855727
81.361681	1.5670883725427067
81.373814	1.5671433502535321
81.38568	1.5671974413781347
81.397781	1.5672529627778771
81.397781	1.5672529627778771
81.397781	1.5672529627778771
81.397781	1.5672529627778771
81.397781	1.5672529627778771
81.397781	1.5672529627778771
81.457778	1.5676167734760369
81.457778	1.5676167734760369
81.457778	1.5676167734760369
81.481688	1.5678247643568182
81.493747	1.5679456983244033
81.493747	1.5679456983244033
81.517776	1.5682013786130065
81.517776	1.5682013786130065
81.517776	1.5682013786130065
81.517776	1.5682013786130065
81.553752	1.5686002047931029
81.565681	1.5687311494633265
81.577797	1.5688629503603015
81.577797	1.5688629503603015
81.577797	1.5688629503603015
81.601701	1.5691179038369798
81.601701	1.5691179038369798
81.62568	1.5693673575530733
81.637854	1.5694921658362124
81.637854	1.5694921658362124
81.637854	1.5694921658362124
81.637854	1.5694921658362124
81.637854	1.5694921658362124
81.637854	1.5694921658362124
81.697775	1.5700856063659159
81.697775	1.5700856063659159
81.70974	1.5702000311433704
81.70974	1.5702000311433704
81.70974	1.5702000311433704
81.70974	1.5702000311433704
81.757777	1.5706484030154211
81.757777	1.5706484030154211
81.76976	1.5707574969457221
81.76976	1.5707574969457221
81.76976	1.5707574969457221
81.76976	1.5707574969457221
81.817776	1.5712113269583292
81.817776	1.5712113269583292
81.829681	1.5713494181072651
81.829681	1.5713494181072651
81.829681	1.5713494181072651
81.865717	1.5718604636411366
81.877783	1.5720672745071389
81.877783	1.5720672745071389
81.877783	1.5720672745071389
81.901751	1.5725353826840021
81.901751	1.5725353826840021
81.901751	1.5725353826840021
81.937825	1.573309710275355
81.937825	1.573309710275355
81.937825	1.573309710275355
81.937825	1.573309710275355
81.973758	1.574076900400905
81.985693	1.5743253581625603
81.997807	1.5745743127812815
81.997807	1.5745743127812815
81.997807	1.5745743127812815
81.997807	1.5745743127812815
81.997807	1.5745743127812815
81.997807	1.5745743127812815
82.057791	1.575752697767498
82.057791	1.575752697767498
82.069696	1.5759763077709472
82.081693	1.5761999499071897
82.093798	1.5764211505650094
82.093798	1.5764211505650094
82.117788	1.5768520682051479
82.117788	1.5768520682051479
82.129712	1.5770609631642634
82.129712	1.5770609631642634
82.129712	1.5770609631642634
82.129712	1.5770609631642634
82.129712	1.5770609631642634
82.129712	1.5770609631642634
82.177791	1.5778773311083594
82.201696	1.5782662246568087
82.213756	1.578457780540198
82.225692	1.5786452864855214
82.237787	1.5788329776796335
82.237787	1.5788329776796335
82.237787	1.5788329776796335
82.261721	1.5791960712099038
82.261721	1.5791960712099038
82.261721	1.5791960712099038
82.297905	1.5797261924807611
82.297905	1.5797261924807611
82.309692	1.5798937193884679
82.309692	1.5798937193884679
82.309692	1.5798937193884679
82.345693	1.5803934405463287
82.357796	1.5805572227994864
82.357796	1.5805572227994864
82.369693	1.5807153459081265
82.369693	1.5807153459081265
82.369693	1.5807153459081265
82.369693	1.5807153459081265
82.417796	1.5813363057967225
82.417796	1.5813363057967225
82.417796	1.5813363057967225
82.417796	1.5813363057967225
82.417796	1.5813363057967225
82.417796	1.5813363057967225
82.477798	1.5820672053276166
82.477798	1.5820672053276166
82.489712	1.5822067076843314
82.501693	1.582346083500874
82.501693	1.582346083500874
82.525693	1.5826193390262038
82.537787	1.5827550214171804
82.537787	1.5827550214171804
82.537787	1.5827550214171804
82.537787	1.5827550214171804
82.537787	1.5827550214171804
82.537787	1.5827550214171804
82.597867	1.5834059756779246
82.597867	1.5834059756779246
82.597867	1.5834059756779246
82.621713	1.5836549466242036
82.621713	1.5836549466242036
82.621713	1.5836549466242036
82.657809	1.5840224560425507
82.657809	1.5840224560425507
82.657809	1.5840224560425507
82.657809	1.5840224560425507
82.657809	1.5840224560425507
82.657809	1.5840224560425507
82.717786	1.5846108084306993
82.717786	1.5846108084306993
82.717786	1.5846108084306993
82.717786	1.5846108084306993
82.753781	1.5849517809208966
82.765693	1.5850628877654074
82.777791	1.5851749624146341
82.777791	1.5851749624146341
82.777791	1.5851749624146341
82.80176	1.5853943160243369
82.80176	1.5853943160243369
82.80176	1.5853943160243369
82.837791	1.585718201877631
82.837791	1.585718201877631
82.837791	1.585718201877631
82.837791	1.585718201877631
82.837791	1.585718201877631
82.885713	1.5861391185175104
82.897788	1.5862436708331749
82.897788	1.5862436708331749
82.897788	1.5862436708331749
82.897788	1.5862436708331749
82.897788	1.5862436708331749
82.945705	1.5866522520496806
82.95787	1.5867546661689911
82.95787	1.5867546661689911
82.95787	1.5867546661689911
82.981705	1.5869536260425474
82.981705	1.5869536260425474
83.005705	1.587151867187198
83.017817	1.5872512906716623
83.017817	1.5872512906716623
83.017817	1.5872512906716623
83.017817	1.5872512906716623
83.053779	1.5875434062072946
83.065705	1.5876394130118787
83.077821	1.5877365591592305
83.077821	1.5877365591592305
83.077821	1.5877365591592305
83.077821	1.5877365591592305
83.077821	1.5877365591592305
83.125708	1.5881159127468614
83.137799	1.5882107095044957
83.137799	1.5882107095044957
83.137799	1.5882107095044957
83.137799	1.5882107095044957
83.137799	1.5882107095044957
83.137799	1.5882107095044957
83.1978	1.5886746035340147
83.1978	1.5886746035340147
83.1978	1.5886746035340147
83.1978	1.5886746035340147
83.233771	1.5889476922972421
83.233771	1.5889476922972421
83.25786	1.5891285895796614
83.25786	1.5891285895796614
83.25786	1.5891285895796614
83.25786	1.5891285895796614
83.25786	1.5891285895796614
83.305704	1.5894825680796121
83.317817	1.5895711642214176
83.317817	1.5895711642214176
83.317817	1.5895711642214176
83.317817	1.5895711642214176
83.317817	1.5895711642214176
83.317817	1.5895711642214176
83.377799	1.5900025926881087
83.377799	1.5900025926881087
83.389708	1.5900867206432325
83.401705	1.5901712006965709
83.413787	1.5902555567034307
83.413787	1.5902555567034307
83.437803	1.5904219609126355
83.437803	1.5904219609126355
83.437803	1.5904219609126355
83.437803	1.5904219609126355
83.473775	1.5906670232733808
83.473775	1.5906670232733808
83.497803	1.5908281177748984
83.497803	1.5908281177748984
83.497803	1.5908281177748984
83.521708	1.5909860452350479
83.521708	1.5909860452350479
83.545716	1.5911421744162795
83.557801	1.5912199928436175
83.557801	1.5912199928436175
83.557801	1.5912199928436175
83.557801	1.5912199928436175
83.557801	1.5912199928436175
83.557801	1.5912199928436175
83.617869	1.5915968882851375
83.617869	1.5915968882851375
83.617869	1.5915968882851375
83.617869	1.5915968882851375
83.617869	1.5915968882851375
83.665705	1.5918851743079985
83.677823	1.5919566139347678
83.677823	1.5919566139347678
83.677823	1.5919566139347678
83.677823	1.5919566139347678
83.677823	1.5919566139347678
83.725704	1.5922313690890919
83.7378	1.5922991100455295
83.7378	1.5922991100455295
83.7378	1.5922991100455295
83.7378	1.5922991100455295
83.773787	1.5924958121116859
83.773787	1.5924958121116859
83.797798	1.5926235485263562
83.797798	1.5926235485263562
83.809782	1.5926859609380606
83.809782	1.5926859609380606
83.809782	1.5926859609380606
83.845705	1.5928690487214376
83.857801	1.5929292585494015
83.857801	1.5929292585494015
83.857801	1.5929292585494015
83.857801	1.5929292585494015
83.857801	1.5929292585494015
83.857801	1.5929292585494015
83.917844	1.593216048912242
83.917844	1.593216048912242
83.917844	1.593216048912242
83.917857	1.5932161094680368
83.917857	1.5932161094680368
83.965718	1.5934308187414419
83.977813	1.5934832917186936
83.977813	1.5934832917186936
83.977813	1.5934832917186936
83.977813	1.5934832917186936
83.977813	1.5934832917186936
83.977813	1.5934832917186936
84.037831	1.5937317286952342
84.037831	1.5937317286952342
84.049799	1.5937788689250776
84.049799	1.5937788689250776
84.049799	1.5937788689250776
84.085717	1.5939164698924717
84.097812	1.5939614291877524
84.097812	1.5939614291877524
84.097812	1.5939614291877524
84.121718	1.5940479550695703
84.133779	1.5940903936779964
84.133779	1.5940903936779964
84.15784	1.5941733210537621
84.15784	1.5941733210537621
84.15784	1.5941733210537621
84.15784	1.5941733210537621
84.15784	1.5941733210537621
84.205718	1.5943298358128832
84.217814	1.5943678266407464
84.217814	1.5943678266407464
84.229718	1.5944043435779003
84.229718	1.5944043435779003
84.253792	1.5944765917615444
84.253792	1.5944765917615444
84.277901	1.594546523259855
84.277901	1.594546523259855
84.277901	1.594546523259855
84.301738	1.5946132123945751
84.301738	1.5946132123945751
84.301738	1.5946132123945751
84.33783	1.5947098758725582
84.33783	1.5947098758725582
84.349729	1.5947405548160167
84.361718	1.5947711797578514
84.361718	1.5947711797578514
84.385718	1.594830617448846
84.39781	1.5948599293799421
84.39781	1.5948599293799421
84.39781	1.5948599293799421
84.39781	1.5948599293799421
84.39781	1.5948599293799421
84.39781	1.5948599293799421
84.457843	1.5949981131804283
84.457843	1.5949981131804283
84.457843	1.5949981131804283
84.457843	1.5949981131804283
84.457843	1.5949981131804283
84.457843	1.5949981131804283
84.517814	1.5951256259170403
84.517814	1.5951256259170403
84.529717	1.5951497429245955
84.541788	1.5951740059320876
84.553786	1.5951976419290117
84.553786	1.5951976419290117
84.577818	1.5952441978503786
84.577818	1.5952441978503786
84.577818	1.5952441978503786
84.577818	1.5952441978503786
84.577818	1.5952441978503786
84.625717	1.595333352059866
84.637812	1.5953552415296435
84.637812	1.5953552415296435
84.649718	1.5953764643397568
84.661718	1.5953977280696863
84.673851	1.595418906906054
84.685725	1.595439471408912
84.697834	1.5954602652084784
84.697834	1.5954602652084784
84.697834	1.5954602652084784
84.697834	1.5954602652084784
84.697834	1.5954602652084784
84.697834	1.5954602652084784
84.757816	1.5955604829981582
84.757816	1.5955604829981582
84.757816	1.5955604829981582
84.757816	1.5955604829981582
84.757816	1.5955604829981582
84.757816	1.5955604829981582
84.817813	1.5956571711535801
84.817813	1.5956571711535801
84.829749	1.5956760488811836
84.829749	1.5956760488811836
84.853814	1.595713869134036
84.853814	1.595713869134036
84.877865	1.5957513346440937
84.877865	1.5957513346440937
84.889718	1.5957696695467354
84.889718	1.5957696695467354
84.91379	1.5958067474435185
84.925717	1.5958250347585907
84.93789	1.5958436538336715
84.93789	1.5958436538336715
84.937903	1.5958436737176753
84.937903	1.5958436737176753
84.937903	1.5958436737176753
84.937903	1.5958436737176753
84.997826	1.5959347237742554
84.997826	1.5959347237742554
84.997826	1.5959347237742554
84.997826	1.5959347237742554
84.997826	1.5959347237742554
85.045731	1.596007067154934
85.057828	1.5960253008750305
85.057828	1.5960253008750305
85.057828	1.5960253008750305
85.08173	1.5960612984571203
85.08173	1.5960612984571203
85.08173	1.5960612984571203
85.117824	1.5961156058043069
85.117824	1.5961156058043069
85.117824	1.5961156058043069
85.117824	1.5961156058043069
85.117824	1.5961156058043069
85.117824	1.5961156058043069
85.177826	1.5962057189097623
85.177826	1.5962057189097623
85.189731	1.5962235679625685
85.201802	1.5962416601807246
85.201802	1.5962416601807246
85.201802	1.5962416601807246
85.237906	1.596295696331397
85.237906	1.596295696331397
85.237906	1.596295696331397
85.237906	1.596295696331397
85.237906	1.596295696331397
85.237906	1.596295696331397
85.297824	1.5963850638694972
85.297824	1.5963850638694972
85.297824	1.5963850638694972
85.297824	1.5963850638694972
85.333869	1.5964385309172082
85.333869	1.5964385309172082
85.357832	1.5964739077626973
85.357832	1.5964739077626973
85.357832	1.5964739077626973
85.381731	1.5965090127630197
85.381731	1.5965090127630197
85.405749	1.596544083368189
85.405749	1.596544083368189
85.405749	1.596544083368189
85.405749	1.596544083368189
85.405749	1.596544083368189
85.405749	1.596544083368189
85.417826	1.5965616477584323
85.477829	1.5966475426650606
85.477829	1.5966475426650606
85.477829	1.5966475426650606
85.477829	1.5966475426650606
85.513822	1.5966905416944537
85.513822	1.5966905416944537
85.537824	1.5967013290237371
85.537824	1.5967013290237371
85.537824	1.5967013290237371
85.537824	1.5967013290237371
85.573795	1.5966677306460633
85.573795	1.5966677306460633
85.597894	1.5966139306412823
85.597894	1.5966139306412823
85.597894	1.5966139306412823
85.597894	1.5966139306412823
85.6338	1.5965026990809206
85.645753	1.596463643320432
85.657853	1.596424095852798
85.657853	1.596424095852798
85.657853	1.596424095852798
85.657853	1.596424095852798
85.657853	1.596424095852798
85.657853	1.596424095852798
85.717832	1.5962387854789315
85.717832	1.5962387854789315
85.717832	1.5962387854789315
85.717832	1.5962387854789315
85.717832	1.5962387854789315
85.717832	1.5962387854789315
85.777866	1.5960698555049329
85.777866	1.5960698555049329
85.777866	1.5960698555049329
85.801731	1.5960048868751462
85.801731	1.5960048868751462
85.801731	1.5960048868751462
85.837826	1.595892165302343
85.837826	1.595892165302343
85.837826	1.595892165302343
85.837826	1.595892165302343
85.837826	1.595892165302343
85.837826	1.595892165302343
85.897834	1.5956189626749175
85.897834	1.5956189626749175
85.90975	1.5955503092502703
85.921731	1.5954793742561093
85.933794	1.5954042842088381
85.945734	1.5953295300910708
85.957835	1.5952532966139119
85.957847	1.5952532210167112
85.957847	1.5952532210167112
85.957847	1.5952532210167112
85.99389	1.5950264713523234
86.005742	1.5949464732166527
86.017837	1.5948593303289724
86.017837	1.5948593303289724
86.017837	1.5948593303289724
86.017837	1.5948593303289724
86.017837	1.5948593303289724
86.017837	1.5948593303289724
86.07784	1.5941734208162572
86.07784	1.5941734208162572
86.07784	1.5941734208162572
86.101742	1.5937746000721786
86.101742	1.5937746000721786
86.125813	1.5933292444887779
86.125813	1.5933292444887779
86.137839	1.5931024170063264
86.149941	1.5928759405446675
86.149941	1.5928759405446675
86.149941	1.5928759405446675
86.149941	1.5928759405446675
86.197837	1.5920067829875859
86.197837	1.5920067829875859
86.197837	1.5920067829875859
86.221743	1.5915940221399836
86.221743	1.5915940221399836
86.221743	1.5915940221399836
86.257915	1.5909941686728064
86.257915	1.5909941686728064
86.257915	1.5909941686728064
86.257915	1.5909941686728064
86.257915	1.5909941686728064
86.305778	1.5902431135539099
86.317866	1.5900602162346651
86.317866	1.5900602162346651
86.317866	1.5900602162346651
86.317866	1.5900602162346651
86.317866	1.5900602162346651
86.365742	1.5893658746186365
86.377838	1.5891968038296469
86.377838	1.5891968038296469
86.377838	1.5891968038296469
86.377838	1.5891968038296469
86.377838	1.5891968038296469
86.377838	1.5891968038296469
86.437855	1.5883986186877097
86.437855	1.5883986186877097
86.437855	1.5883986186877097
86.461749	1.5880978379992903
86.473809	1.5879499802452834
86.485746	1.5878054187016104
86.497841	1.5876608959172622
86.497841	1.5876608959172622
86.497841	1.5876608959172622
86.497841	1.5876608959172622
86.533809	1.5872452880792056
86.533809	1.5872452880792056
86.557922	1.5869764184425919
86.557922	1.5869764184425919
86.557922	1.5869764184425919
86.557922	1.5869764184425919
86.557922	1.5869764184425919
86.557922	1.5869764184425919
86.61784	1.5863125039074752
86.61784	1.5863125039074752
86.61784	1.5863125039074752
86.641763	1.5859901879598484
86.653886	1.5857974967622523
86.653886	1.5857974967622523
86.677862	1.5853703252356994
86.677862	1.5853703252356994
86.689765	1.5851266381458888
86.689765	1.5851266381458888
86.713814	1.5846026680149718
86.725743	1.5843326148764458
86.737857	1.584055754529802
86.737857	1.584055754529802
86.737857	1.584055754529802
86.737857	1.584055754529802
86.737857	1.584055754529802
86.785815	1.5829859502791315
86.797858	1.5827258542269091
86.797858	1.5827258542269091
86.809742	1.5824742563872467
86.809742	1.5824742563872467
86.833805	1.5819737959821574
86.845743	1.581730638270455
86.857842	1.5814870965404035
86.857842	1.5814870965404035
86.857842	1.5814870965404035
86.857842	1.5814870965404035
86.857842	1.5814870965404035
86.857842	1.5814870965404035
86.917904	1.5803274700967282
86.917904	1.5803274700967282
86.917904	1.5803274700967282
86.917904	1.5803274700967282
86.917904	1.5803274700967282
86.965759	1.5794567965191812
86.977876	1.5792428276065182
86.977876	1.5792428276065182
86.977876	1.5792428276065182
86.977876	1.5792428276065182
87.01382	1.5786254743202781
87.01382	1.5786254743202781
87.037907	1.5782237416727274
87.037907	1.5782237416727274
87.037907	1.5782237416727274
87.061756	1.5778358705173061
87.061756	1.5778358705173061
87.061756	1.5778358705173061
87.097851	1.5772661155512873
87.097851	1.5772661155512873
87.097851	1.5772661155512873
87.097851	1.5772661155512873
87.097851	1.5772661155512873
87.097851	1.5772661155512873
87.157851	1.5763616024370091
87.157851	1.5763616024370091
87.169778	1.5761881619646989
87.169778	1.5761881619646989
87.169778	1.5761881619646989
87.169778	1.5761881619646989
87.217862	1.5755054801974466
87.217862	1.5755054801974466
87.217862	1.5755054801974466
87.241755	1.5751769320446509
87.241755	1.5751769320446509
87.241755	1.5751769320446509
87.241755	1.5751769320446509
87.241755	1.5751769320446509
87.277893	1.5746924897951291
87.301776	1.5743800165101101
87.301776	1.5743800165101101
87.325755	1.5740724541988047
87.33785	1.5739191486641801
87.33785	1.5739191486641801
87.33785	1.5739191486641801
87.33785	1.5739191486641801
87.373821	1.573472264707775
87.385756	1.5733265269748393
87.397852	1.5731799501324935
87.397852	1.5731799501324935
87.397852	1.5731799501324935
87.397852	1.5731799501324935
87.397852	1.5731799501324935
87.397852	1.5731799501324935
87.4579	1.5724713665392043
87.4579	1.5724713665392043
87.4579	1.5724713665392043
87.4579	1.5724713665392043
87.4579	1.5724713665392043
87.4579	1.5724713665392043
87.51785	1.5717916857835819
87.51785	1.5717916857835819
87.529755	1.5716599845182491
87.529755	1.5716599845182491
87.529755	1.5716599845182491
87.529755	1.5716599845182491
87.57796	1.5711354166929055
87.57796	1.5711354166929055
87.57796	1.5711354166929055
87.57796	1.5711354166929055
87.57796	1.5711354166929055
87.625756	1.5706304181692057
87.637854	1.5705046697803395
87.637854	1.5705046697803395
87.637854	1.5705046697803395
87.637854	1.5705046697803395
87.637854	1.5705046697803395
87.685755	1.5700160428996579
87.697849	1.5698946489269778
87.697849	1.5698946489269778
87.697849	1.5698946489269778
87.697849	1.5698946489269778
87.697849	1.5698946489269778
87.697849	1.5698946489269778
87.757868	1.5693052798743841
87.757868	1.5693052798743841
87.757868	1.5693052798743841
87.757868	1.5693052798743841
87.793829	1.5689620856396065
87.805781	1.5688495798369853
87.817852	1.568736654746834
87.817852	1.568736654746834
87.817852	1.568736654746834
87.817852	1.568736654746834
87.853833	1.5684054210990597
87.865755	1.5682972285390839
87.877954	1.568187235783125
87.877954	1.568187235783125
87.877954	1.568187235783125
87.877954	1.568187235783125
87.877954	1.568187235783125
87.877954	1.568187235783125
87.93785	1.5676601449681919
87.93785	1.5676601449681919
87.93785	1.5676601449681919
87.937863	1.5676600322209688
87.937863	1.5676600322209688
87.937863	1.5676600322209688
87.997866	1.5671529674266664
87.997866	1.5671529674266664
88.009791	1.5670549254975323
88.009791	1.5670549254975323
88.009791	1.5670549254975323
88.045768	1.566763724555315
88.057869	1.5666674311832884
88.057869	1.5666674311832884
88.057869	1.5666674311832884
88.057869	1.5666674311832884
88.057869	1.5666674311832884
88.057869	1.5666674311832884
88.117867	1.5662040615804389
88.117867	1.5662040615804389
88.129768	1.5661150398509556
88.129768	1.5661150398509556
88.129768	1.5661150398509556
88.165769	1.5658506309946791
88.17788	1.5657634443870927
88.17788	1.5657634443870927
88.189768	1.5656791395828544
88.189768	1.5656791395828544
88.189768	1.5656791395828544
88.189768	1.5656791395828544
88.237974	1.5653457754086331
88.237974	1.5653457754086331
88.237974	1.5653457754086331
88.261768	1.5651869959004643
88.261768	1.5651869959004643
88.285769	1.5650308463698226
88.297863	1.5649533951815529
88.297863	1.5649533951815529
88.297863	1.5649533951815529
88.297863	1.5649533951815529
88.297863	1.5649533951815529
88.345768	1.5646570698153384
88.35787	1.5645844941608573
88.35787	1.5645844941608573
88.35787	1.5645844941608573
88.35787	1.5645844941608573
88.393839	1.5643752951864718
88.393839	1.5643752951864718
88.417879	1.5642401276711326
88.417879	1.5642401276711326
88.429769	1.5641750218431434
88.429769	1.5641750218431434
88.429769	1.5641750218431434
88.429769	1.5641750218431434
88.47788	1.5639203180967185
88.47788	1.5639203180967185
88.47788	1.5639203180967185
88.47788	1.5639203180967185
88.47788	1.5639203180967185
88.47788	1.5639203180967185
88.537922	1.5636245407110243
88.537922	1.5636245407110243
88.537922	1.5636245407110243
88.537922	1.5636245407110243
88.537922	1.5636245407110243
88.537922	1.5636245407110243
88.597863	1.5633529761733036
88.597863	1.5633529761733036
88.597863	1.5633529761733036
88.621768	1.5632511039249781
88.621768	1.5632511039249781
88.621768	1.5632511039249781
88.657866	1.5631041303140112
88.657866	1.5631041303140112
88.669878	1.5630571899208103
88.681769	1.5630111943890135
88.693832	1.5629657702239341
88.693832	1.5629657702239341
88.717863	1.5628773918449832
88.717863	1.5628773918449832
88.717863	1.5628773918449832
88.717863	1.5628773918449832
88.753836	1.5627516812659128
88.765865	1.5627112190255557
88.777889	1.5626714572725828
88.777889	1.5626714572725828
88.777889	1.5626714572725828
88.777889	1.5626714572725828
88.777889	1.5626714572725828
88.825769	1.562521395712952
88.837866	1.5624852248519039
88.837866	1.5624852248519039
88.837866	1.5624852248519039
88.837866	1.5624852248519039
88.837866	1.5624852248519039
88.885776	1.5623495976899997
88.898006	1.5623165916163089
88.898006	1.5623165916163089
88.898006	1.5623165916163089
88.898006	1.5623165916163089
88.898006	1.5623165916163089
88.898006	1.5623165916163089
88.957864	1.5621652007418043
88.957877	1.5621651691032439
88.957877	1.5621651691032439
88.957877	1.5621651691032439
88.993876	1.5620814431788439
88.993876	1.5620814431788439
89.017877	1.5620282666377576
89.017877	1.5620282666377576
89.017877	1.5620282666377576
89.017877	1.5620282666377576
89.053858	1.5619526925685694
89.065785	1.5619285937130132
89.0779	1.5619045326601664
89.0779	1.5619045326601664
89.0779	1.5619045326601664
89.0779	1.5619045326601664
89.113859	1.5618361208503522
89.113859	1.5618361208503522
89.113859	1.5618361208503522
89.113859	1.5618361208503522
89.113859	1.5618361208503522
89.113859	1.5618361208503522
89.113859	1.5618361208503522
89.137899	1.5617924098740443
89.197901	1.5616902342417984
89.197901	1.5616902342417984
89.209864	1.561670986801428
89.209864	1.561670986801428
89.209864	1.561670986801428
89.245808	1.5616148230471607
89.25789	1.5615965130220402
89.25789	1.5615965130220402
89.269782	1.5615788707456602
89.269782	1.5615788707456602
89.269782	1.5615788707456602
89.305781	1.561526850421685
89.317912	1.5615097964949338
89.317912	1.5615097964949338
89.317912	1.5615097964949338
89.317912	1.5615097964949338
89.317912	1.5615097964949338
89.317912	1.5615097964949338
89.377915	1.5614290137519515
89.377915	1.5614290137519515
89.377915	1.5614290137519515
89.377915	1.5614290137519515
89.377915	1.5614290137519515
89.377915	1.5614290137519515
89.437878	1.5613531441566826
89.437878	1.5613531441566826
89.437878	1.5613531441566826
89.437878	1.5613531441566826
89.437878	1.5613531441566826
89.437878	1.5613531441566826
89.497877	1.5612811419331349
89.497877	1.5612811419331349
89.509801	1.5612672517184307
89.521781	1.5612533610718831
89.521781	1.5612533610718831
89.521781	1.5612533610718831
89.557948	1.5612121796767544
89.557948	1.5612121796767544
89.557948	1.5612121796767544
89.557948	1.5612121796767544
89.557948	1.5612121796767544
89.605782	1.561159102880264
89.61788	1.5611458894622914
89.61788	1.5611458894622914
89.61788	1.5611458894622914
89.641802	1.5611200443925395
89.641802	1.5611200443925395
89.641802	1.5611200443925395
89.677894	1.5610816769191342
89.677894	1.5610816769191342
89.677894	1.5610816769191342
89.701781	1.561056673320522
89.701781	1.561056673320522
89.701781	1.561056673320522
89.701781	1.561056673320522
89.701781	1.561056673320522
89.737874	1.561019464317529
89.761782	1.5609951830179862
89.761782	1.5609951830179862
89.785782	1.560971117112431
89.797875	1.5609590857319842
89.797875	1.5609590857319842
89.797875	1.5609590857319842
89.797875	1.5609590857319842
89.797875	1.5609590857319842
89.797875	1.5609590857319842
89.857957	1.5609005505768487
89.857957	1.5609005505768487
89.857957	1.5609005505768487
89.881789	1.5608779094162055
89.893846	1.5608666042622412
89.905802	1.5608554684976621
89.917877	1.5608443019041984
89.917877	1.5608443019041984
89.917877	1.5608443019041984
89.917877	1.5608443019041984
89.917877	1.5608443019041984
89.917877	1.5608443019041984
89.977998	1.5607902928883437
89.97801	1.5607902823011441
89.97801	1.5607902823011441
90.001793	1.5607696672898292
90.001793	1.5607696672898292
90.025793	1.5607493637662155
90.037942	1.5607392481488525
90.037942	1.5607392481488525
90.037942	1.5607392481488525
90.037942	1.5607392481488525
90.037942	1.5607392481488525
90.037942	1.5607392481488525
90.09789	1.5606914992818879
90.09789	1.5606914992818879
90.10997	1.5606823495484938
90.10997	1.5606823495484938
90.10997	1.5606823495484938
90.145798	1.5606560311118165
90.15789	1.560647448799698
90.15789	1.560647448799698
90.15789	1.560647448799698
90.181794	1.5606310295846708
90.193865	1.5606230290496277
90.193865	1.5606230290496277
90.217962	1.5606074998297546
90.217962	1.5606074998297546
90.229796	1.5606001961804512
90.229796	1.5606001961804512
90.229796	1.5606001961804512
90.229796	1.5606001961804512
90.277918	1.5605721740288716
90.277918	1.5605721740288716
90.289794	1.5605657905535306
90.289794	1.5605657905535306
90.289794	1.5605657905535306
90.289794	1.5605657905535306
90.337888	1.5605417347916501
90.337888	1.5605417347916501
90.337888	1.5605417347916501
90.337888	1.5605417347916501
90.337888	1.5605417347916501
90.385798	1.5605211655105493
90.397888	1.5605164704294703
90.397888	1.5605164704294703
90.397888	1.5605164704294703
90.421794	1.5605078989817216
90.421794	1.5605078989817216
90.445795	1.5605002143022035
90.457892	1.5604966240029461
90.457892	1.5604966240029461
90.457892	1.5604966240029461
90.457892	1.5604966240029461
90.457892	1.5604966240029461
90.457892	1.5604966240029461
90.457892	1.5604966240029461
90.457892	1.5604966240029461
90.517899	1.5604825599455092
90.541794	1.5604786004090727
90.541794	1.5604786004090727
90.541794	1.5604786004090727
90.577905	1.5604743637246277
90.577905	1.5604743637246277
90.577905	1.5604743637246277
90.577905	1.5604743637246277
90.577905	1.5604743637246277
90.625794	1.5604719850526236
90.637887	1.5604719098231155
90.637887	1.5604719098231155
90.637887	1.5604719098231155
90.637887	1.5604719098231155
90.673861	1.5604731561586809
90.685814	1.5604739945471482
90.697908	1.5604750323851555
90.697908	1.5604750323851555
90.697908	1.5604750323851555
90.721793	1.5604777829373049
90.721793	1.5604777829373049
90.721793	1.5604777829373049
90.757895	1.5604835171276705
90.757895	1.5604835171276705
90.757895	1.5604835171276705
90.757895	1.5604835171276705
90.793865	1.5604910828797196
90.805793	1.5604939699567817
90.817926	1.5604970737213215
90.817926	1.5604970737213215
90.817926	1.5604970737213215
90.817926	1.5604970737213215
90.817926	1.5604970737213215
90.817926	1.5604970737213215
90.877988	1.5605153359998933
90.877988	1.5605153359998933
90.877988	1.5605153359998933
90.877988	1.5605153359998933
90.877988	1.5605153359998933
90.925795	1.5605329919514839
90.937888	1.5605378305655437
90.937888	1.5605378305655437
90.937888	1.5605378305655437
90.937888	1.5605378305655437
90.937888	1.5605378305655437
90.985839	1.560558576330302
90.997919	1.5605641016744853
90.997919	1.5605641016744853
90.997919	1.5605641016744853
90.997919	1.5605641016744853
91.033872	1.560581385546169
91.033872	1.560581385546169
91.057904	1.5605935280690766
91.057904	1.5605935280690766
91.069807	1.5605997545953063
91.069807	1.5605997545953063
91.069807	1.5605997545953063
91.069807	1.5605997545953063
91.117901	1.5606259021103714
91.117901	1.5606259021103714
91.117901	1.5606259021103714
91.141878	1.5606395630371195
91.141878	1.5606395630371195
91.141878	1.5606395630371195
91.177925	1.5606607883061618
91.177925	1.5606607883061618
91.177925	1.5606607883061618
91.201807	1.5606752564948365
91.201807	1.5606752564948365
91.225808	1.5606901039013548
91.237905	1.5606976743996483
91.237905	1.5606976743996483
91.237905	1.5606976743996483
91.237905	1.5606976743996483
91.273941	1.5607206315774651
91.273941	1.5607206315774651
91.273941	1.5607206315774651
91.273941	1.5607206315774651
91.297909	1.5607361565993232
91.321808	1.5607518295237348
91.321808	1.5607518295237348
91.321808	1.5607518295237348
91.357905	1.5607758005933947
91.357905	1.5607758005933947
91.369807	1.5607837767430273
91.369807	1.5607837767430273
91.369807	1.5607837767430273
91.369807	1.5607837767430273
91.417906	1.5608162435036514
91.417906	1.5608162435036514
91.417906	1.5608162435036514
91.417906	1.5608162435036514
91.417906	1.5608162435036514
91.417906	1.5608162435036514
91.47794	1.5608571907063258
91.47794	1.5608571907063258
91.47794	1.5608571907063258
91.47794	1.5608571907063258
91.513881	1.560881825513716
91.513881	1.560881825513716
91.537987	1.5608983671821954
91.537987	1.5608983671821954
91.549808	1.5609064799743213
91.549808	1.5609064799743213
91.549808	1.5609064799743213
91.549808	1.5609064799743213
91.597902	1.5609394667560088
91.597902	1.5609394667560088
91.597902	1.5609394667560088
91.597902	1.5609394667560088
91.633871	1.5609640978058228
91.633871	1.5609640978058228
91.657915	1.5609805458006463
91.657915	1.5609805458006463
91.657915	1.5609805458006463
91.657915	1.5609805458006463
91.693878	1.561005113191958
91.693878	1.561005113191958
91.717911	1.5610215064002857
91.717911	1.5610215064002857
91.717911	1.5610215064002857
91.717911	1.5610215064002857
91.717911	1.5610215064002857
91.765808	1.5610541078892057
91.777922	1.561062340296238
91.777922	1.561062340296238
91.777922	1.561062340296238
91.777922	1.561062340296238
91.777922	1.561062340296238
91.825807	1.5610948268766383
91.837982	1.5611030762616944
91.837982	1.5611030762616944
91.837982	1.5611030762616944
91.837982	1.5611030762616944
91.837982	1.5611030762616944
91.885807	1.5611354495311218
91.897923	1.5611436469639508
91.897923	1.5611436469639508
91.897923	1.5611436469639508
91.897923	1.5611436469639508
91.897923	1.5611436469639508
91.897923	1.5611436469639508
91.957927	1.5611842607148261
91.957927	1.5611842607148261
91.957927	1.5611842607148261
91.981821	1.5612004592399735
91.993892	1.5612086541326935
91.993892	1.5612086541326935
92.017916	1.5612249901836925
92.017916	1.5612249901836925
92.017916	1.5612249901836925
92.017916	1.5612249901836925
92.053896	1.5612495731431171
92.053896	1.5612495731431171
92.077937	1.5612660890823595
92.077937	1.5612660890823595
92.077937	1.5612660890823595
92.077937	1.5612660890823595
92.077937	1.5612660890823595
92.12582	1.5612992712410589
92.137936	1.5613077274487577
92.137936	1.5613077274487577
92.137936	1.5613077274487577
92.137936	1.5613077274487577
92.137936	1.5613077274487577
92.137936	1.5613077274487577
92.197984	1.5613501126012173
92.197984	1.5613501126012173
92.197984	1.5613501126012173
92.197984	1.5613501126012173
92.197984	1.5613501126012173
92.245822	1.5613845003868605
92.257932	1.5613932943050228
92.257932	1.5613932943050228
92.257932	1.5613932943050228
92.281821	1.5614107767817127
92.281821	1.5614107767817127
92.305821	1.5614285202367766
92.317949	1.5614375434571706
92.317949	1.5614375434571706
92.317949	1.5614375434571706
92.317949	1.5614375434571706
92.317949	1.5614375434571706
92.365824	1.5614736679209293
92.377948	1.5614829296134958
92.377948	1.5614829296134958
92.389832	1.5614920774080516
92.389832	1.5614920774080516
92.389832	1.5614920774080516
92.389832	1.5614920774080516
92.437916	1.5615295578779818
92.437916	1.5615295578779818
92.437916	1.5615295578779818
92.437916	1.5615295578779818
92.473888	1.5615581868018718
92.48582	1.5615677915881869
92.497919	1.5615775800571012
92.497919	1.5615775800571012
92.497919	1.5615775800571012
92.497919	1.5615775800571012
92.497919	1.5615775800571012
92.497919	1.5615775800571012
92.557927	1.5616270947673869
92.557927	1.5616270947673869
92.557927	1.5616270947673869
92.557927	1.5616270947673869
92.593966	1.5616576118638383
92.593966	1.5616576118638383
92.61795	1.5616782279223957
92.61795	1.5616782279223957
92.61795	1.5616782279223957
92.64184	1.5616990308760321
92.64184	1.5616990308760321
92.665824	1.5617201851205424
92.677934	1.56173094820605
92.677934	1.56173094820605
92.677934	1.56173094820605
92.677934	1.56173094820605
92.677934	1.56173094820605
92.677934	1.56173094820605
92.737917	1.5617852593506012
92.737917	1.5617852593506012
92.749874	1.5617962842507844
92.749874	1.5617962842507844
92.773906	1.5618185946903922
92.785821	1.5618297458439225
92.797918	1.5618411180646901
92.797918	1.5618411180646901
92.797918	1.5618411180646901
92.82182	1.5618637772111998
92.833885	1.5618753104577401
92.833885	1.5618753104577401
92.857994	1.5618984938922198
92.857994	1.5618984938922198
92.857994	1.5618984938922198
92.857994	1.5618984938922198
92.857994	1.5618984938922198
92.857994	1.5618984938922198
92.91792	1.5619570605534483
92.91792	1.5619570605534483
92.91792	1.5619570605534483
92.91792	1.5619570605534483
92.91792	1.5619570605534483
92.91792	1.5619570605534483
92.977935	1.5620169262649024
92.977948	1.5620169393232854
92.977948	1.5620169393232854
92.977948	1.5620169393232854
92.977948	1.5620169393232854
93.025837	1.5620655051410501
93.037946	1.5620778838745129
93.037946	1.5620778838745129
93.037946	1.5620778838745129
93.061834	1.5621024391742924
93.061834	1.5621024391742924
93.085834	1.5621272733242511
93.097927	1.5621398341819663
93.097927	1.5621398341819663
93.097927	1.5621398341819663
93.097927	1.5621398341819663
93.097927	1.5621398341819663
93.145834	1.5621899621817898
93.158014	1.5622027809169132
93.158014	1.5622027809169132
93.158014	1.5622027809169132
93.18187	1.56222798159495
93.18187	1.56222798159495
93.205833	1.5622534035816105
93.217931	1.5622662688016091
93.217931	1.5622662688016091
93.217931	1.5622662688016091
93.217931	1.5622662688016091
93.217931	1.5622662688016091
93.217931	1.5622662688016091
93.277947	1.56233041440812
93.277947	1.56233041440812
93.289989	1.5623433406262048
93.289989	1.5623433406262048
93.313906	1.5623690487997823
93.313906	1.5623690487997823
93.337928	1.5623949175771901
93.337928	1.5623949175771901
93.337928	1.5623949175771901
93.337928	1.5623949175771901
93.337928	1.5623949175771901
93.337928	1.5623949175771901
93.397956	1.5624597203458719
93.397956	1.5624597203458719
93.397956	1.5624597203458719
93.397956	1.5624597203458719
93.397956	1.5624597203458719
93.397956	1.5624597203458719
93.457938	1.5625245932085725
93.457938	1.5625245932085725
93.457938	1.5625245932085725
93.457938	1.5625245932085725
93.457938	1.5625245932085725
93.457938	1.5625245932085725
93.517996	1.5625895653629045
93.517996	1.5625895653629045
93.517996	1.5625895653629045
93.517996	1.5625895653629045
93.517996	1.5625895653629045
93.565834	1.5626413225093343
93.577985	1.562654470182089
93.577985	1.562654470182089
93.577985	1.562654470182089
93.577985	1.562654470182089
93.613899	1.5626933252775499
93.625837	1.5627062377244376
93.637929	1.5627193148598235
93.637929	1.5627193148598235
93.637929	1.5627193148598235
93.637929	1.5627193148598235
93.637929	1.5627193148598235
93.637929	1.5627193148598235
93.697929	1.5627841519787005
93.697929	1.5627841519787005
93.709854	1.5627970256849382
93.709854	1.5627970256849382
93.709854	1.5627970256849382
93.709854	1.5627970256849382
93.757931	1.5628488859859595
93.757931	1.5628488859859595
93.757931	1.5628488859859595
93.781908	1.562874720004588
93.781908	1.562874720004588
93.781908	1.562874720004588
93.817941	1.5629135063532786
93.817941	1.5629135063532786
93.817941	1.5629135063532786
93.841854	1.5629392222180221
93.841854	1.5629392222180221
93.865844	1.5629650014090684
93.877952	1.5629780068901464
93.877952	1.5629780068901464
93.877952	1.5629780068901464
93.877952	1.5629780068901464
93.877952	1.5629780068901464
93.877952	1.5629780068901464
93.937927	1.5630423883781162
93.937927	1.5630423883781162
93.937927	1.5630423883781162
93.961834	1.5630680565514128
93.961834	1.5630680565514128
93.961848	1.5630680715881384
93.99795	1.5631068555423056
93.99795	1.5631068555423056
93.99795	1.5631068555423056
93.99795	1.5631068555423056
94.03393	1.5631455447807652
94.03393	1.5631455447807652
94.057949	1.5631713955262736
94.057949	1.5631713955262736
94.057949	1.5631713955262736
94.057949	1.5631713955262736
94.093925	1.5632101616279939
94.105868	1.563223043679844
94.117946	1.5632360773287342
94.117946	1.5632360773287342
94.129847	1.5632489303299217
94.129847	1.5632489303299217
94.129847	1.5632489303299217
94.129847	1.5632489303299217
94.178054	1.5633010677832986
94.178054	1.5633010677832986
94.178054	1.5633010677832986
94.201847	1.563326856146614
94.201847	1.563326856146614
94.201847	1.563326856146614
94.23796	1.5633660752378329
94.23796	1.5633660752378329
94.249961	1.5633791331452487
94.249961	1.5633791331452487
94.249961	1.5633791331452487
94.249961	1.5633791331452487
94.297943	1.5634314484456346
94.297943	1.5634314484456346
94.297943	1.5634314484456346
94.321847	1.5634575894524478
94.321847	1.5634575894524478
94.321847	1.5634575894524478
94.35795	1.5634971759787832
94.35795	1.5634971759787832
94.35795	1.5634971759787832
94.35795	1.5634971759787832
94.35795	1.5634971759787832
94.405847	1.5635499049448878
94.417941	1.5635632553462768
94.417941	1.5635632553462768
94.417941	1.5635632553462768
94.417941	1.5635632553462768
94.453925	1.5636030863961636
94.465848	1.563616316416591
94.477984	1.5636297974552642
94.477984	1.5636297974552642
94.477984	1.5636297974552642
94.501847	1.5636563627623412
94.513928	1.5636698418195643
94.525851	1.5636831592236464
94.53796	1.5636966998012749
94.53796	1.5636966998012749
94.53796	1.5636966998012749
94.561848	1.5637234992251188
94.561848	1.5637234992251188
94.561848	1.5637234992251188
94.597942	1.5637655667168082
94.597942	1.5637655667168082
94.597942	1.5637655667168082
94.597942	1.5637655667168082
94.633912	1.563824917718307
94.645848	1.563852624621662
94.657948	1.5638848922820843
94.657948	1.5638848922820843
94.669848	1.563923649067877
94.669848	1.563923649067877
94.669848	1.563923649067877
94.669848	1.563923649067877
94.717945	1.5641196389445267
94.717945	1.5641196389445267
94.717945	1.5641196389445267
94.717945	1.5641196389445267
94.717945	1.5641196389445267
94.717945	1.5641196389445267
94.77796	1.5643965638727306
94.77796	1.5643965638727306
94.789848	1.5644498825711168
94.789848	1.5644498825711168
94.813912	1.5645561741375162
94.813912	1.5645561741375162
94.838014	1.5646601994695177
94.838014	1.5646601994695177
94.838014	1.5646601994695177
94.838014	1.5646601994695177
94.838014	1.5646601994695177
94.885848	1.5648595271354591
94.897978	1.5649087934421004
94.897978	1.5649087934421004
94.897978	1.5649087934421004
94.897978	1.5649087934421004
94.897978	1.5649087934421004
94.897978	1.5649087934421004
94.957947	1.5651439548461157
94.957947	1.5651439548461157
94.957947	1.5651439548461157
94.957947	1.5651439548461157
94.993932	1.5652788207772275
95.005884	1.5653226610592932
95.017955	1.5653665236622178
95.017955	1.5653665236622178
95.02986	1.5654091355844941
95.02986	1.5654091355844941
95.02986	1.5654091355844941
95.02986	1.5654091355844941
95.07799	1.5655773204964976
95.07799	1.5655773204964976
95.08986	1.5656175800509682
95.08986	1.5656175800509682
95.113932	1.5656981578765627
95.113932	1.5656981578765627
95.138054	1.5657772712519042
95.138054	1.5657772712519042
95.138054	1.5657772712519042
95.161861	1.5658536953750617
95.161861	1.5658536953750617
95.185861	1.5659291373580255
95.197956	1.565966682431619
95.197956	1.565966682431619
95.197956	1.565966682431619
95.22186	1.5660396978582296
95.234009	1.5660762124202088
95.245861	1.5661115609902656
95.257958	1.5661473550935971
95.257958	1.5661473550935971
95.257958	1.5661473550935971
95.28186	1.5662170209624218
95.28186	1.5662170209624218
95.28186	1.5662170209624218
95.317988	1.5663200173394858
95.317988	1.5663200173394858
95.317988	1.5663200173394858
95.341861	1.5663866594591693
95.341861	1.5663866594591693
95.341861	1.5663866594591693
95.341861	1.5663866594591693
95.377992	1.5664855211618658
95.389949	1.5665176911531358
95.389949	1.5665176911531358
95.389949	1.5665176911531358
95.389949	1.5665176911531358
95.437956	1.5666448352825799
95.437956	1.5666448352825799
95.44986	1.566675779895448
95.44986	1.566675779895448
95.44986	1.566675779895448
95.48586	1.5667683528429546
95.498032	1.5667993073544833
95.498032	1.5667993073544833
95.498032	1.5667993073544833
95.498032	1.5667993073544833
95.498032	1.5667993073544833
95.498032	1.5667993073544833
95.557963	1.5669491705322383
95.557963	1.5669491705322383
95.557963	1.5669491705322383
95.557963	1.5669491705322383
95.557963	1.5669491705322383
95.557963	1.5669491705322383
95.617972	1.567095811152023
95.617972	1.567095811152023
95.617972	1.567095811152023
95.617972	1.567095811152023
95.617972	1.567095811152023
95.617972	1.567095811152023
95.677971	1.5672397984506499
95.677971	1.5672397984506499
95.677971	1.5672397984506499
95.677971	1.5672397984506499
95.677971	1.5672397984506499
95.677971	1.5672397984506499
95.737956	1.5673817787091491
95.737956	1.5673817787091491
95.737956	1.5673817787091491
95.737956	1.5673817787091491
95.737956	1.5673817787091491
95.78586	1.5674940570882869
95.798034	1.5675224720412062
95.798034	1.5675224720412062
95.798034	1.5675224720412062
95.798034	1.5675224720412062
95.798034	1.5675224720412062
95.798034	1.5675224720412062
95.857968	1.5676616979093374
95.857968	1.5676616979093374
95.857968	1.5676616979093374
95.881861	1.5677169493422194
95.881861	1.5677169493422194
95.881861	1.5677169493422194
95.917956	1.5678001847258101
95.917956	1.5678001847258101
95.917956	1.5678001847258101
95.917956	1.5678001847258101
95.95393	1.5678828829620592
95.965861	1.5679102590007394
95.978011	1.5679381150426686
95.978011	1.5679381150426686
95.978025	1.5679381471401654
95.978025	1.5679381471401654
96.013937	1.5680203086166244
96.025947	1.5680477336165157
96.037978	1.5680751833148123
96.037978	1.5680751833148123
96.037978	1.5680751833148123
96.037978	1.5680751833148123
96.037978	1.5680751833148123
96.037978	1.5680751833148123
96.097974	1.5682116005432791
96.097974	1.5682116005432791
96.109894	1.5682386010668288
96.121875	1.5682657207388988
96.121875	1.5682657207388988
96.121875	1.5682657207388988
96.158059	1.5683473731617856
96.158059	1.5683473731617856
96.169874	1.5683739456098025
96.169874	1.5683739456098025
96.169874	1.5683739456098025
96.205875	1.5684546828340473
96.217974	1.5684817309379542
96.217974	1.5684817309379542
96.217974	1.5684817309379542
96.217974	1.5684817309379542
96.217974	1.5684817309379542
96.217974	1.5684817309379542
96.277992	1.5686151221938709
96.277992	1.5686151221938709
96.277992	1.5686151221938709
96.277992	1.5686151221938709
96.277992	1.5686151221938709
96.277992	1.5686151221938709
96.337969	1.5687469952373818
96.337969	1.5687469952373818
96.349874	1.5687729581200258
96.361875	1.5687990910817304
96.361875	1.5687990910817304
96.385876	1.5688510822201847
96.39797	1.568877181128197
96.39797	1.568877181128197
96.39797	1.568877181128197
96.39797	1.568877181128197
96.39797	1.568877181128197
96.39797	1.568877181128197
96.457998	1.5690053772402011
96.457998	1.5690053772402011
96.457998	1.5690053772402011
96.457998	1.5690053772402011
96.493958	1.5690810522170333
96.505875	1.5691059400181513
96.51797	1.5691311130247558
96.51797	1.5691311130247558
96.51797	1.5691311130247558
96.51797	1.5691311130247558
96.51797	1.5691311130247558
96.51797	1.5691311130247558
96.51797	1.5691311130247558
96.577985	1.5692543181491778
96.589997	1.5692786147471736
96.601874	1.5693025758549974
96.613956	1.5693267841603529
96.613956	1.5693267841603529
96.63797	1.569374599670514
96.63797	1.569374599670514
96.63797	1.569374599670514
96.63797	1.569374599670514
96.63797	1.569374599670514
96.63797	1.569374599670514
96.697973	1.569491858450905
96.697973	1.569491858450905
96.697973	1.569491858450905
96.697973	1.569491858450905
96.733945	1.5695606034362697
96.745895	1.5695831884955536
96.757975	1.5696059073763251
96.757975	1.5696059073763251
96.769875	1.5696281060376269
96.769875	1.5696281060376269
96.793952	1.5696726869070465
96.805875	1.5696945619178035
96.818039	1.5697167646937611
96.818039	1.5697167646937611
96.818039	1.5697167646937611
96.818039	1.5697167646937611
96.818039	1.5697167646937611
96.818039	1.5697167646937611
96.878003	1.5698241009099902
96.878003	1.5698241009099902
96.889874	1.569844927098313
96.901874	1.5698659082048598
96.901874	1.5698659082048598
96.925874	1.5699073932872483
96.937967	1.569928130649201
96.937967	1.569928130649201
96.949948	1.5699484970138122
96.949948	1.5699484970138122
96.949948	1.5699484970138122
96.949948	1.5699484970138122
96.997975	1.5700290024111252
96.997989	1.5700290256734597
96.997989	1.5700290256734597
96.997989	1.5700290256734597
96.997989	1.5700290256734597
96.997989	1.5700290256734597
97.058004	1.570126804562656
97.058004	1.570126804562656
97.0699	1.5701458064950857
97.0699	1.5701458064950857
97.093954	1.5701839435996197
97.093954	1.5701839435996197
97.118011	1.5702216539147367
97.118011	1.5702216539147367
97.129888	1.5702400837568773
97.141912	1.5702586862319476
97.153958	1.5702771827964357
97.165889	1.5702954246504883
97.177999	1.5703138588248335
97.177999	1.5703138588248335
97.177999	1.5703138588248335
97.177999	1.5703138588248335
97.177999	1.5703138588248335
97.225888	1.5703857849722371
97.237983	1.5704037514645917
97.237983	1.5704037514645917
97.237983	1.5704037514645917
97.261888	1.5704389947144408
97.261888	1.5704389947144408
97.261888	1.5704389947144408
97.261888	1.5704389947144408
97.261888	1.5704389947144408
97.261888	1.5704389947144408
97.261888	1.5704389947144408
97.261888	1.5704389947144408
97.297981	1.570491634345319
97.358017	1.5705778358710105
97.358017	1.5705778358710105
97.358017	1.5705778358710105
97.358017	1.5705778358710105
97.393963	1.5706287338612928
97.405909	1.5706455497269916
97.417982	1.5706625027275773
97.417982	1.5706625027275773
97.417982	1.5706625027275773
97.417982	1.5706625027275773
97.417982	1.5706625027275773
97.417982	1.5706625027275773
97.478097	1.5707462323411345
97.478097	1.5707462323411345
97.478097	1.5707462323411345
97.478097	1.5707462323411345
97.478097	1.5707462323411345
97.478097	1.5707462323411345
97.537988	1.5708287849602454
97.537988	1.5708287849602454
97.537988	1.5708287849602454
97.56191	1.5708615785613116
97.56191	1.5708615785613116
97.56191	1.5708615785613116
97.597983	1.5709108850616751
97.597983	1.5709108850616751
97.597983	1.5709108850616751
97.597983	1.5709108850616751
97.597983	1.5709108850616751
97.597983	1.5709108850616751
97.657987	1.570992636703767
97.657987	1.570992636703767
97.669888	1.5710088248334573
97.669888	1.5710088248334573
97.669888	1.5710088248334573
97.705889	1.5710577754250978
97.717982	1.5710742147084178
97.717982	1.5710742147084178
97.717982	1.5710742147084178
97.717982	1.5710742147084178
97.717982	1.5710742147084178
97.717982	1.5710742147084178
97.717982	1.5710742147084178
97.717982	1.5710742147084178
97.778086	1.5711559512113094
97.801888	1.5711883548242103
97.801888	1.5711883548242103
97.801888	1.5711883548242103
97.837982	1.5712375538766674
97.837982	1.5712375538766674
97.837982	1.5712375538766674
97.861888	1.5712701893201912
97.861888	1.5712701893201912
97.861888	1.5712701893201912
97.897983	1.5713195521789567
97.897983	1.5713195521789567
97.897983	1.5713195521789567
97.897983	1.5713195521789567
97.897983	1.5713195521789567
97.945888	1.571385246434517
97.958008	1.5714018978606052
97.958008	1.5714018978606052
97.958008	1.5714018978606052
97.958008	1.5714018978606052
97.958008	1.5714018978606052
97.958021	1.5714019157210457
98.018007	1.57148454350301
98.018007	1.57148454350301
98.029901	1.5715009690681039
98.029901	1.5715009690681039
98.053979	1.5715342520949163
98.053979	1.5715342520949163
98.078016	1.5715675257323203
98.078016	1.5715675257323203
98.078016	1.5715675257323203
98.078016	1.5715675257323203
98.078016	1.5715675257323203
98.125902	1.5716339498232048
98.138077	1.5716508608417943
98.138077	1.5716508608417943
98.149901	1.571667295711112
98.149901	1.571667295711112
98.149901	1.571667295711112
98.149901	1.571667295711112
98.197994	1.5717342053139693
98.197994	1.5717342053139693
98.197994	1.5717342053139693
98.197994	1.5717342053139693
98.233967	1.5717843092828019
98.245901	1.5718009369867911
98.258001	1.5718177978034482
98.258001	1.5718177978034482
98.258001	1.5718177978034482
98.258001	1.5718177978034482
98.258001	1.5718177978034482
98.258001	1.5718177978034482
98.318015	1.5719014200640724
98.318015	1.5719014200640724
98.318015	1.5719014200640724
98.318015	1.5719014200640724
98.318015	1.5719014200640724
98.318015	1.5719014200640724
98.318015	1.5719014200640724
98.318015	1.5719014200640724
98.318015	1.5719014200640724
98.318015	1.5719014200640724
98.378022	1.57198492601813
98.425901	1.5720513902356141
98.437999	1.572068156261494
98.437999	1.572068156261494
98.437999	1.572068156261494
98.461901	1.5721012329942678
98.473968	1.5721179053184136
98.485901	1.5721343781917214
98.497996	1.5721510598709114
98.497996	1.5721510598709114
98.497996	1.5721510598709114
98.497996	1.5721510598709114
98.497996	1.5721510598709114
98.497996	1.5721510598709114
98.497996	1.5721510598709114
98.497996	1.5721510598709114
98.497996	1.5721510598709114
98.497996	1.5721510598709114
98.497996	1.5721510598709114
98.558018	1.5722335230398268
98.617994	1.5723153324027839
98.617994	1.5723153324027839
98.617994	1.5723153324027839
98.617994	1.5723153324027839
98.617994	1.5723153324027839
98.617994	1.5723153324027839
98.678016	1.5723965094407795
98.678016	1.5723965094407795
98.678016	1.5723965094407795
98.678016	1.5723965094407795
98.713969	1.5724447592856814
98.725902	1.5724607108791631
98.738016	1.5724768762096597
98.738016	1.5724768762096597
98.738016	1.5724768762096597
98.738016	1.5724768762096597
98.738016	1.5724768762096597
98.738016	1.5724768762096597
98.798064	1.5725564614107761
98.798064	1.5725564614107761
98.798064	1.5725564614107761
98.798064	1.5725564614107761
98.798064	1.5725564614107761
98.845902	1.5726192216277124
98.858006	1.5726350172179904
98.858006	1.5726350172179904
98.858006	1.5726350172179904
98.858006	1.5726350172179904
98.858006	1.5726350172179904
98.905901	1.5726971232406268
98.917997	1.5727127229937119
98.917997	1.5727127229937119
98.929978	1.5727281233044903
98.941901	1.572743429136656
98.941901	1.572743429136656
98.941901	1.572743429136656
98.978014	1.5727895419637923
98.978014	1.5727895419637923
98.978014	1.5727895419637923
99.001901	1.5728198646231182
99.013978	1.5728351377313854
99.025914	1.5728502062350642
99.038025	1.5728654685036971
99.038025	1.5728654685036971
99.038025	1.5728654685036971
99.038025	1.5728654685036971
99.038025	1.5728654685036971
99.038025	1.5728654685036971
99.098043	1.5729406286870073
99.098043	1.5729406286870073
99.098043	1.5729406286870073
99.098043	1.5729406286870073
99.098043	1.5729406286870073
99.098043	1.5729406286870073
99.158016	1.573015021011545
99.158016	1.573015021011545
99.158016	1.573015021011545
99.181914	1.5730444769143952
99.181914	1.5730444769143952
99.181914	1.5730444769143952
99.21801	1.5730887770031576
99.21801	1.5730887770031576
99.21801	1.5730887770031576
99.21801	1.5730887770031576
99.21801	1.5730887770031576
99.21801	1.5730887770031576
99.278042	1.5731619855695331
99.278042	1.5731619855695331
99.278042	1.5731619855695331
99.278042	1.5731619855695331
99.313985	1.5732055627341663
99.313985	1.5732055627341663
99.338012	1.5732346031985494
99.338012	1.5732346031985494
99.338012	1.5732346031985494
99.338012	1.5732346031985494
99.37398	1.5732779391944398
99.385915	1.5732922886619352
99.398016	1.5733068249872186
99.398016	1.5733068249872186
99.398016	1.5733068249872186
99.398016	1.5733068249872186
99.398016	1.5733068249872186
99.398016	1.5733068249872186
99.398016	1.5733068249872186
99.398016	1.5733068249872186
99.398016	1.5733068249872186
99.45808	1.5733787700509476
99.494008	1.5734216744300467
99.494008	1.5734216744300467
99.518008	1.573450295349947
99.518008	1.573450295349947
99.529914	1.5734644813942815
99.541914	1.5734787761377329
99.541914	1.5734787761377329
99.541914	1.5734787761377329
99.578026	1.5735217598654754
99.578026	1.5735217598654754
99.578026	1.5735217598654754
99.578026	1.5735217598654754
99.613978	1.5735645230241102
99.613978	1.5735645230241102
99.638021	1.5735931130532328
99.638021	1.5735931130532328
99.638021	1.5735931130532328
99.638021	1.5735931130532328
99.638021	1.5735931130532328
99.638021	1.5735931130532328
99.698025	1.5736644692690394
99.698025	1.5736644692690394
99.698025	1.5736644692690394
99.698025	1.5736644692690394
99.698025	1.5736644692690394
99.698025	1.5736644692690394
99.698025	1.5736644692690394
99.698025	1.5736644692690394
99.698025	1.5736644692690394
99.698025	1.5736644692690394
99.698025	1.5736644692690394
99.758034	1.5737358909456378
99.818008	1.5738073851074559
99.818008	1.5738073851074559
99.818008	1.5738073851074559
99.818008	1.5738073851074559
99.818008	1.5738073851074559
99.865914	1.5738646011737509
99.878023	1.5738790788337391
99.878023	1.5738790788337391
99.878023	1.5738790788337391
99.901914	1.573907666886758
99.913979	1.5739221161255472
99.925915	1.5739364168787642
99.938017	1.573950922719398
99.938017	1.573950922719398
99.938017	1.573950922719398
99.961914	1.5739795909236631
99.961914	1.5739795909236631
99.985986	1.5740085005472206
99.998012	1.5740229529010634
99.998012	1.5740229529010634
99.998026	1.5740229697256893
100.021956	1.5740517530595683
100.033994	1.5740662451431824
100.033994	1.5740662451431824
100.058057	1.5740952323294435
100.058057	1.5740952323294435
100.058057	1.5740952323294435
100.081929	1.5741240198578488
100.081929	1.5741240198578488
100.081929	1.5741240198578488
100.118093	1.5741676840516772
100.118093	1.5741676840516772
100.118093	1.5741676840516772
100.118093	1.5741676840516772
100.118093	1.5741676840516772
100.165929	1.5742255337054067
100.178034	1.5742401867509779
100.178034	1.5742401867509779
100.178034	1.5742401867509779
100.178034	1.5742401867509779
100.213991	1.5742837490035295
100.225928	1.5742982203543943
100.238023	1.5743128871862488
100.238023	1.5743128871862488
100.238023	1.5743128871862488
100.238023	1.5743128871862488
100.238023	1.5743128871862488
100.238023	1.5743128871862488
100.238023	1.5743128871862488
100.238023	1.5743128871862488
100.238023	1.5743128871862488
100.238023	1.5743128871862488
100.238023	1.5743128871862488
100.298022	1.5743857050560435
100.358027	1.5744585958220905
100.358027	1.5744585958220905
100.369928	1.5744730565200424
100.369928	1.5744730565200424
100.369928	1.5744730565200424
100.369928	1.5744730565200424
100.418053	1.5745315327338745
100.418053	1.5745315327338745
100.418053	1.5745315327338745
100.441942	1.5745605539278533
100.454004	1.5745752037343417
100.465929	1.5745896848459375
100.478037	1.5746043858190129
100.478037	1.5746043858190129
100.478037	1.5746043858190129
100.478037	1.5746043858190129
100.478037	1.5746043858190129
100.478037	1.5746043858190129
100.538043	1.574677182430382
100.538043	1.574677182430382
100.538043	1.574677182430382
100.561929	1.5747061265827591
100.573992	1.5747207345331069
100.573992	1.5747207345331069
100.598024	1.574749820966034
100.598024	1.574749820966034
100.598024	1.574749820966034
100.598024	1.574749820966034
100.63399	1.5747932969823117
100.63399	1.5747932969823117
100.658039	1.5748223314554612
100.658039	1.5748223314554612
100.658039	1.5748223314554612
100.658039	1.5748223314554612
100.693991	1.5748656700437722
100.705929	1.5748800434246373
100.718022	1.5748945955182396
100.718022	1.5748945955182396
100.718022	1.5748945955182396
100.718022	1.5748945955182396
100.718022	1.5748945955182396
100.765929	1.5749521347807787
100.778106	1.5749667354818535
100.778106	1.5749667354818535
100.789957	1.5749809301012239
100.789957	1.5749809301012239
100.789957	1.5749809301012239
100.789957	1.5749809301012239
100.838022	1.5750384000484332
100.838022	1.5750384000484332
100.849928	1.5750526036267265
100.861928	1.5750669128915737
100.861928	1.5750669128915737
100.861928	1.5750669128915737
100.898023	1.5751098736657396
100.898023	1.5751098736657396
100.898023	1.5751098736657396
100.898023	1.5751098736657396
100.898023	1.5751098736657396
100.898023	1.5751098736657396
100.958032	1.5751810528653984
100.958032	1.5751810528653984
100.958032	1.5751810528653984
100.958032	1.5751810528653984
100.994013	1.575223581173814
100.994013	1.575223581173814
101.018042	1.575251923870411
101.018057	1.5752519415567312
101.018057	1.5752519415567312
101.018057	1.5752519415567312
101.018057	1.5752519415567312
101.065986	1.5753083171050111
101.078052	1.5753224805094872
101.078052	1.5753224805094872
101.078052	1.5753224805094872
101.101944	1.5753504845706763
101.101944	1.5753504845706763
101.101944	1.5753504845706763
101.138043	1.5753927050173122
101.138043	1.5753927050173122
101.138043	1.5753927050173122
101.138043	1.5753927050173122
101.138043	1.5753927050173122
101.185943	1.5754458411017283
101.198056	1.5754567418010059
101.198056	1.5754567418010059
101.198056	1.5754567418010059
101.198056	1.5754567418010059
101.198056	1.5754567418010059
101.198056	1.5754567418010059
101.25806	1.575322926750425
101.25806	1.575322926750425
101.25806	1.575322926750425
101.25806	1.575322926750425
101.25806	1.575322926750425
101.25806	1.575322926750425
101.318075	1.5747370541076355
101.318075	1.5747370541076355
101.318075	1.5747370541076355
101.342028	1.5744359677171043
101.354015	1.5742852622470072
101.365944	1.5741371575781964
101.378048	1.5739887923517444
101.378048	1.5739887923517444
101.389945	1.573846713504782
101.389945	1.573846713504782
101.389945	1.573846713504782
101.425943	1.5734305624768099
101.438113	1.5732945937791849
101.438113	1.5732945937791849
101.438113	1.5732945937791849
101.461963	1.5730358838034753
101.461963	1.5730358838034753
101.461963	1.5730358838034753
101.461963	1.5730358838034753
101.498036	1.5726615033280307
101.509943	1.5725427867263504
101.521944	1.5724243150503725
101.521944	1.5724243150503725
101.545943	1.572195154518554
101.558058	1.5720821476429854
101.558058	1.5720821476429854
101.558058	1.5720821476429854
101.558058	1.5720821476429854
101.558058	1.5720821476429854
101.558058	1.5720821476429854
101.618037	1.5715549251504817
101.618037	1.5715549251504817
101.618037	1.5715549251504817
101.618037	1.5715549251504817
101.618037	1.5715549251504817
101.618037	1.5715549251504817
101.678064	1.571075643417899
101.678064	1.571075643417899
101.678064	1.571075643417899
101.678064	1.571075643417899
101.714026	1.5708104837346961
101.714026	1.5708104837346961
101.738042	1.5706414949604008
101.738042	1.5706414949604008
101.738042	1.5706414949604008
101.761944	1.5704801250753586
101.774006	1.5704013537418113
101.785944	1.570324653359604
101.798039	1.5702482327680318
101.798039	1.5702482327680318
101.798039	1.5702482327680318
101.798039	1.5702482327680318
101.798039	1.5702482327680318
101.845964	1.5699611044458877
101.858042	1.5698919443680959
101.858042	1.5698919443680959
101.858042	1.5698919443680959
101.858042	1.5698919443680959
101.858042	1.5698919443680959
101.858042	1.5698919443680959
101.918043	1.5695687144539117
101.918043	1.5695687144539117
101.918043	1.5695687144539117
101.918043	1.5695687144539117
101.954011	1.5693892280755803
101.954011	1.5693892280755803
101.978067	1.5692742021872248
101.978067	1.5692742021872248
101.978067	1.5692742021872248
102.001947	1.5691640973091665
102.01401	1.5691100322403064
102.025958	1.5690572048966867
102.03806	1.5690044321986139
102.03806	1.5690044321986139
102.03806	1.5690044321986139
102.03806	1.5690044321986139
102.03806	1.5690044321986139
102.03806	1.5690044321986139
102.098139	1.5687549823704934
102.098139	1.5687549823704934
102.098139	1.5687549823704934
102.098139	1.5687549823704934
102.098139	1.5687549823704934
102.098139	1.5687549823704934
102.158052	1.568523151177778
102.158052	1.568523151177778
102.158052	1.568523151177778
102.158052	1.568523151177778
102.158052	1.568523151177778
102.205957	1.5683477138817212
102.218051	1.5683045087356657
102.218051	1.5683045087356657
102.218051	1.5683045087356657
102.218051	1.5683045087356657
102.218051	1.5683045087356657
102.218051	1.5683045087356657
102.278079	1.5680963254075451
102.278079	1.5680963254075451
102.278079	1.5680963254075451
102.278079	1.5680963254075451
102.278079	1.5680963254075451
102.325957	1.5679361726260275
102.338052	1.5678963356066287
102.338052	1.5678963356066287
102.349957	1.567857446108841
102.349957	1.567857446108841
102.349957	1.567857446108841
102.349957	1.567857446108841
102.349957	1.567857446108841
102.349957	1.567857446108841
102.398056	1.5677021515387535
102.421957	1.5676260725159947
102.421957	1.5676260725159947
102.445957	1.5675503043467007
102.458053	1.5675122911393491
102.458053	1.5675122911393491
102.458053	1.5675122911393491
102.458053	1.5675122911393491
102.458053	1.5675122911393491
102.505957	1.5673630423074942
102.518058	1.5673255931512386
102.518058	1.5673255931512386
102.52996	1.5672888990458742
102.52996	1.5672888990458742
102.52996	1.5672888990458742
102.565957	1.567178426544455
102.57808	1.5671413985287164
102.57808	1.5671413985287164
102.57808	1.5671413985287164
102.57808	1.5671413985287164
102.57808	1.5671413985287164
102.57808	1.5671413985287164
102.638076	1.5669596325964221
102.638076	1.5669596325964221
102.650331	1.5669228282231698
102.650331	1.5669228282231698
102.674065	1.5668518108812448
102.674065	1.5668518108812448
102.69806	1.5667804424206278
102.69806	1.5667804424206278
102.69806	1.5667804424206278
102.69806	1.5667804424206278
102.69806	1.5667804424206278
102.69806	1.5667804424206278
102.758132	1.5666040648912889
102.758132	1.5666040648912889
102.758132	1.5666040648912889
102.758132	1.5666040648912889
102.794032	1.5665004924698041
102.794032	1.5665004924698041
102.81805	1.5664320293112384
102.81805	1.5664320293112384
102.81805	1.5664320293112384
102.81805	1.5664320293112384
102.81805	1.5664320293112384
102.81805	1.5664320293112384
102.878073	1.5662646160901286
102.878073	1.5662646160901286
102.878073	1.5662646160901286
102.901957	1.5661996305328301
102.914029	1.5661672215140301
102.914029	1.5661672215140301
102.938062	1.5661034057941254
102.938062	1.5661034057941254
102.938062	1.5661034057941254
102.938062	1.5661034057941254
102.938062	1.5661034057941254
102.938062	1.5661034057941254
102.998053	1.5659495939699142
102.998053	1.5659495939699142
102.998053	1.5659495939699142
102.998053	1.5659495939699142
103.034036	1.5658614826802113
103.045979	1.5658329564812556
103.058075	1.5658043853028443
103.058075	1.5658043853028443
103.058075	1.5658043853028443
103.081972	1.5657492668558382
103.081972	1.5657492668558382
103.105993	1.5656955925435294
103.118067	1.5656691551009658
103.118067	1.5656691551009658
103.118067	1.5656691551009658
103.118067	1.5656691551009658
103.154109	1.5655932621266007
103.165973	1.5655691778896295
103.178073	1.5655450113250506
103.178073	1.5655450113250506
103.178073	1.5655450113250506
103.178073	1.5655450113250506
103.178073	1.5655450113250506
103.178073	1.5655450113250506
103.238086	1.5654329976228658
103.238086	1.5654329976228658
103.238086	1.5654329976228658
103.238086	1.5654329976228658
103.238086	1.5654329976228658
103.238086	1.5654329976228658
103.298069	1.5653339509984139
103.298069	1.5653339509984139
103.309972	1.5653160061420275
103.322052	1.5652980973328019
103.334045	1.5652810733809723
103.334045	1.5652810733809723
103.358068	1.5652483561399446
103.358068	1.5652483561399446
103.358068	1.5652483561399446
103.358068	1.5652483561399446
103.358068	1.5652483561399446
103.358068	1.5652483561399446
103.418143	1.5651765017038386
103.418143	1.5651765017038386
103.418143	1.5651765017038386
103.418143	1.5651765017038386
103.454051	1.5651403072112122
103.454051	1.5651403072112122
103.47808	1.5651186975843487
103.47808	1.5651186975843487
103.47808	1.5651186975843487
103.47808	1.5651186975843487
103.47808	1.5651186975843487
103.525993	1.5650824376014276
103.538067	1.5650745453506854
103.538067	1.5650745453506854
103.538067	1.5650745453506854
103.561972	1.5650606881508837
103.574038	1.5650545727416136
103.585996	1.5650489418802516
103.598064	1.5650436905257801
103.598064	1.5650436905257801
103.609972	1.565039211111058
103.621972	1.5650349707124536
103.621972	1.5650349707124536
103.645984	1.5650282761186602
103.658087	1.5650255157785127
103.658087	1.5650255157785127
103.669972	1.5650234625565771
103.682043	1.5650216363805942
103.682043	1.5650216363805942
103.705972	1.5650196641665333
103.718146	1.5650192303977397
103.718146	1.5650192303977397
103.718146	1.5650192303977397
103.718146	1.5650192303977397
103.718146	1.5650192303977397
103.765972	1.5650221609163879
103.778071	1.5650238509107806
103.778071	1.5650238509107806
103.778071	1.5650238509107806
103.778071	1.5650238509107806
103.778071	1.5650238509107806
103.778071	1.5650238509107806
103.838067	1.5650382643024114
103.838067	1.5650382643024114
103.838067	1.5650382643024114
103.861972	1.565046472499019
103.861972	1.565046472499019
103.885972	1.5650560594956875
103.898087	1.5650612897313489
103.898087	1.5650612897313489
103.898087	1.5650612897313489
103.898087	1.5650612897313489
103.898087	1.5650612897313489
103.946061	1.5650850852589522
103.958073	1.5650916492548317
103.958073	1.5650916492548317
103.969972	1.5650984857743024
103.969972	1.5650984857743024
103.994046	1.5651128858437404
103.994046	1.5651128858437404
104.018065	1.5651280863629113
104.018065	1.5651280863629113
104.018079	1.5651280953230551
104.018079	1.5651280953230551
104.018079	1.5651280953230551
104.065986	1.5651607453980811
104.078213	1.5651694646763601
104.078213	1.5651694646763601
104.078213	1.5651694646763601
104.078213	1.5651694646763601
104.078213	1.5651694646763601
104.078213	1.5651694646763601
104.138101	1.5652143180841862
104.138101	1.5652143180841862
104.138101	1.5652143180841862
104.138101	1.5652143180841862
104.138101	1.5652143180841862
104.138101	1.5652143180841862
104.138101	1.5652143180841862
104.138101	1.5652143180841862
104.138101	1.5652143180841862
104.138101	1.5652143180841862
104.198092	1.5652618745297955
104.24599	1.5653010647613284
104.258093	1.5653110678079618
104.258093	1.5653110678079618
104.258093	1.5653110678079618
104.281986	1.5653309032530438
104.281986	1.5653309032530438
104.281986	1.5653309032530438
104.318118	1.5653610039404933
104.318118	1.5653610039404933
104.318118	1.5653610039404933
104.318118	1.5653610039404933
104.318118	1.5653610039404933
104.318118	1.5653610039404933
104.378128	1.5654109062191148
104.378128	1.5654109062191148
104.378128	1.5654109062191148
104.378128	1.5654109062191148
104.378128	1.5654109062191148
104.378128	1.5654109062191148
104.43808	1.5654601455725428
104.43808	1.5654601455725428
104.43808	1.5654601455725428
104.43808	1.5654601455725428
104.43808	1.5654601455725428
104.485986	1.5654987410753445
104.498081	1.5655083704580055
104.498081	1.5655083704580055
104.498081	1.5655083704580055
104.498081	1.5655083704580055
104.534073	1.5655366592590272
104.534073	1.5655366592590272
104.558083	1.5655552618040074
104.558083	1.5655552618040074
104.558083	1.5655552618040074
104.558083	1.5655552618040074
104.558083	1.5655552618040074
104.558083	1.5655552618040074
104.618084	1.5656006953808022
104.618084	1.5656006953808022
104.618084	1.5656006953808022
104.618084	1.5656006953808022
104.618084	1.5656006953808022
104.665986	1.5656359127821049
104.6781	1.5656446901686401
104.6781	1.5656446901686401
104.6781	1.5656446901686401
104.6781	1.5656446901686401
104.6781	1.5656446901686401
104.6781	1.5656446901686401
104.73815	1.5656874022098941
104.73815	1.5656874022098941
104.73815	1.5656874022098941
104.73815	1.5656874022098941
104.73815	1.5656874022098941
104.73815	1.5656874022098941
104.798082	1.5657290015944394
104.798082	1.5657290015944394
104.798082	1.5657290015944394
104.798082	1.5657290015944394
104.834053	1.5657536177462623
104.846007	1.5657617613179542
104.858123	1.5657700021840086
104.858123	1.5657700021840086
104.858123	1.5657700021840086
104.858123	1.5657700021840086
104.858123	1.5657700021840086
104.858123	1.5657700021840086
104.858123	1.5657700021840086
104.858123	1.5657700021840086
104.858123	1.5657700021840086
104.858123	1.5657700021840086
104.858123	1.5657700021840086
104.858123	1.5657700021840086
104.858123	1.5657700021840086
104.918085	1.5658106981935265
104.978108	1.5658516652394872
105.00206	1.5658681937724164
105.00206	1.5658681937724164
105.00206	1.5658681937724164
105.038125	1.5658933970086042
105.03814	1.5658934075415967
105.03814	1.5658934075415967
105.03814	1.5658934075415967
105.03814	1.5658934075415967
105.086002	1.5659276718485349
105.098101	1.5659364909053548
105.098101	1.5659364909053548
105.098101	1.5659364909053548
105.098101	1.5659364909053548
105.098101	1.5659364909053548
105.098101	1.5659364909053548
105.098101	1.5659364909053548
105.098101	1.5659364909053548
105.1581	1.56598151933295
105.182003	1.5660000974177304
105.182003	1.5660000974177304
105.182003	1.5660000974177304
105.218122	1.5660289439681827
105.218122	1.5660289439681827
105.218122	1.5660289439681827
105.218122	1.5660289439681827
105.218122	1.5660289439681827
105.218122	1.5660289439681827
105.278099	1.56607911721913
105.278099	1.56607911721913
105.278099	1.56607911721913
105.302005	1.5660999709668444
105.302005	1.5660999709668444
105.326021	1.5661214618076746
105.338102	1.5661324401451138
105.338102	1.5661324401451138
105.338102	1.5661324401451138
105.338102	1.5661324401451138
105.338102	1.5661324401451138
105.338102	1.5661324401451138
105.338102	1.5661324401451138
105.338102	1.5661324401451138
105.338102	1.5661324401451138
105.338102	1.5661324401451138
105.338102	1.5661324401451138
105.398163	1.5661892180151329
105.4581	1.5662494601307095
105.4581	1.5662494601307095
105.470009	1.5662618994269115
105.470009	1.5662618994269115
105.470009	1.5662618994269115
105.506002	1.5663002709831322
105.518098	1.5663134426332495
105.518098	1.5663134426332495
105.518098	1.5663134426332495
105.518098	1.5663134426332495
105.518098	1.5663134426332495
105.518098	1.5663134426332495
105.518098	1.5663134426332495
105.518098	1.5663134426332495
105.518098	1.5663134426332495
105.602003	1.5664090870100302
105.602003	1.5664090870100302
105.602003	1.5664090870100302
105.638109	1.5664524025789943
105.638109	1.5664524025789943
105.638109	1.5664524025789943
105.638109	1.5664524025789943
105.638109	1.5664524025789943
105.686002	1.5665118001668237
105.698099	1.5665271092505548
105.698099	1.5665271092505548
105.698099	1.5665271092505548
105.698099	1.5665271092505548
105.734073	1.5665734861674423
105.746023	1.5665891300597905
105.7581	1.5666050406465164
105.7581	1.5666050406465164
105.770002	1.5666208826919685
105.770002	1.5666208826919685
105.770002	1.5666208826919685
105.770002	1.5666208826919685
105.770002	1.5666208826919685
105.818097	1.5666858930661427
105.830122	1.5667024495456083
105.842003	1.5667188639466771
105.842003	1.5667188639466771
105.842003	1.5667188639466771
105.842003	1.5667188639466771
105.842003	1.5667188639466771
105.842003	1.5667188639466771
105.842003	1.5667188639466771
105.842003	1.5667188639466771
105.87812	1.566769433779746
105.938099	1.5668552254543662
105.938099	1.5668552254543662
105.938099	1.5668552254543662
105.938099	1.5668552254543662
105.974069	1.5669076234997756
105.974069	1.5669076234997756
105.998096	1.5669429401291812
105.998096	1.5669429401291812
105.998096	1.5669429401291812
105.998096	1.5669429401291812
106.034082	1.5669962952015462
106.034082	1.5669962952015462
106.058198	1.5670322899927798
106.058198	1.5670322899927798
106.070016	1.5670500069458322
106.070016	1.5670500069458322
106.094083	1.5670861802299934
106.106016	1.5671041670987003
106.118115	1.5671224301619777
106.118115	1.5671224301619777
106.118115	1.5671224301619777
106.118115	1.5671224301619777
106.118115	1.5671224301619777
106.118115	1.5671224301619777
106.118115	1.5671224301619777
106.118115	1.5671224301619777
106.118115	1.5671224301619777
106.118115	1.5671224301619777
106.118115	1.5671224301619777
106.178111	1.5672133476958769
106.238115	1.5673045607870533
106.238115	1.5673045607870533
106.238115	1.5673045607870533
106.262016	1.5673408958914787
106.274099	1.5673592544543544
106.286017	1.5673773536922231
106.29811	1.5673957101067018
106.29811	1.5673957101067018
106.29811	1.5673957101067018
106.29811	1.5673957101067018
106.334089	1.5674502252010656
106.334089	1.5674502252010656
106.334089	1.5674502252010656
106.334089	1.5674502252010656
106.334089	1.5674502252010656
106.334089	1.5674502252010656
106.334089	1.5674502252010656
106.334089	1.5674502252010656
106.334089	1.5674502252010656
106.334089	1.5674502252010656
106.358209	1.5674866835963519
106.418111	1.5675767958905342
106.454173	1.5676306900609978
106.466027	1.5676483425782044
106.478132	1.567666340887768
106.478132	1.567666340887768
106.478132	1.567666340887768
106.502015	1.5677017331087362
106.514082	1.5677195543020657
106.526017	1.567737148927389
106.53811	1.5677549449621886
106.53811	1.5677549449621886
106.53811	1.5677549449621886
106.562036	1.567790025038758
106.562036	1.567790025038758
106.586087	1.5678251258506422
106.598117	1.5678426341446809
106.598117	1.5678426341446809
106.598117	1.5678426341446809
106.598117	1.5678426341446809
106.598117	1.5678426341446809
106.646016	1.5679119492304914
106.646016	1.5679119492304914
106.646016	1.5679119492304914
106.658111	1.5679293723162158
106.682017	1.5679636992935919
106.682017	1.5679636992935919
106.682017	1.5679636992935919
106.718199	1.5680154127316257
106.718199	1.5680154127316257
106.730016	1.5680322342988422
106.742016	1.5680493004342537
106.742016	1.5680493004342537
106.766017	1.5680833295867698
106.778115	1.5681004472489239
106.778115	1.5681004472489239
106.778115	1.5681004472489239
106.778115	1.5681004472489239
106.814081	1.5681511626663125
106.814081	1.5681511626663125
106.838111	1.5681849340973708
106.838111	1.5681849340973708
106.838111	1.5681849340973708
106.838111	1.5681849340973708
106.874079	1.5682353164242806
106.88602	1.5682520072545363
106.898133	1.5682689242270447
106.898133	1.5682689242270447
106.898133	1.5682689242270447
106.898133	1.5682689242270447
106.898133	1.5682689242270447
106.946035	1.5683356755913844
106.958131	1.568352506006901
106.958131	1.568352506006901
106.958131	1.568352506006901
106.958131	1.568352506006901
106.958131	1.568352506006901
106.958131	1.568352506006901
106.958131	1.568352506006901
106.958131	1.568352506006901
107.018114	1.5684358685188076
107.042017	1.568469071491791
107.042031	1.5684690909412173
107.06603	1.5685024346505936
107.078127	1.5685192468143303
107.078127	1.5685192468143303
107.090072	1.568535856534597
107.090072	1.568535856534597
107.090072	1.568535856534597
107.090072	1.568535856534597
107.138125	1.5686027551344186
107.138125	1.5686027551344186
107.138125	1.5686027551344186
107.138125	1.5686027551344186
107.174095	1.5686529687034156
107.186031	1.5686696630197401
107.198127	1.5686865959573004
107.198127	1.5686865959573004
107.198127	1.5686865959573004
107.198127	1.5686865959573004
107.198127	1.5686865959573004
107.246109	1.5687539911773849
107.25814	1.5687709422570677
107.25814	1.5687709422570677
107.25814	1.5687709422570677
107.25814	1.5687709422570677
107.25814	1.5687709422570677
107.25814	1.5687709422570677
107.25814	1.5687709422570677
107.25814	1.5687709422570677
107.25814	1.5687709422570677
107.25814	1.5687709422570677
107.318143	1.5688559103894988
107.366031	1.5689242783637432
107.378196	1.568941723987415
107.378196	1.568941723987415
107.39003	1.5689587446456361
107.39003	1.5689587446456361
107.39003	1.5689587446456361
107.39003	1.5689587446456361
107.438157	1.5690282920049485
107.438157	1.5690282920049485
107.45003	1.5690455548973126
107.45003	1.5690455548973126
107.474096	1.5690806435700853
107.48603	1.5690981044730725
107.498166	1.5691158945077779
107.498166	1.5691158945077779
107.498166	1.5691158945077779
107.498166	1.5691158945077779
107.498166	1.5691158945077779
107.498166	1.5691158945077779
107.558144	1.5692044638398686
107.558144	1.5692044638398686
107.558144	1.5692044638398686
107.582031	1.5692400242256492
107.582031	1.5692400242256492
107.582031	1.5692400242256492
107.618125	1.5692940723605846
107.618125	1.5692940723605846
107.618125	1.5692940723605846
107.642102	1.5693301978036831
107.642102	1.5693301978036831
107.642102	1.5693301978036831
107.678132	1.569384821623496
107.678132	1.569384821623496
107.678132	1.569384821623496
107.678132	1.569384821623496
107.714095	1.5694397528986672
107.726031	1.5694580677314318
107.738127	1.569476663313599
107.738127	1.569476663313599
107.738127	1.569476663313599
107.738127	1.569476663313599
107.738127	1.569476663313599
107.738127	1.569476663313599
107.798144	1.5695695719326035
107.798144	1.5695695719326035
107.810283	1.5695884893569521
107.822031	1.5696068169132198
107.822031	1.5696068169132198
107.846031	1.5696443861817027
107.858124	1.5696633596702956
107.858124	1.5696633596702956
107.858124	1.5696633596702956
107.858124	1.5696633596702956
107.894113	1.5697200418163468
107.894113	1.5697200418163468
107.918128	1.5697580077693574
107.918128	1.5697580077693574
107.918128	1.5697580077693574
107.918128	1.5697580077693574
107.918128	1.5697580077693574
107.966031	1.5698340727523556
107.978132	1.5698533437039739
107.978132	1.5698533437039739
107.978132	1.5698533437039739
107.978132	1.5698533437039739
107.978132	1.5698533437039739
107.978132	1.5698533437039739
107.978132	1.5698533437039739
107.978132	1.5698533437039739
108.038193	1.5699493158435613
108.062047	1.5699875518052537
108.062047	1.5699875518052537
108.086046	1.5700260766120506
108.098145	1.5700455138218925
108.098145	1.5700455138218925
108.098145	1.5700455138218925
108.098145	1.5700455138218925
108.134117	1.5701033668483524
108.134117	1.5701033668483524
108.134117	1.5701033668483524
108.134117	1.5701033668483524
108.158163	1.5701420734112284
108.182046	1.570180536840547
108.182046	1.570180536840547
108.182046	1.570180536840547
108.218138	1.5702386781137991
108.218138	1.5702386781137991
108.230046	1.5702578597783277
108.230046	1.5702578597783277
108.254121	1.5702966338323365
108.254121	1.5702966338323365
108.278145	1.5703353101231954
108.278145	1.5703353101231954
108.278145	1.5703353101231954
108.302116	1.5703738765367596
108.302116	1.5703738765367596
108.302116	1.5703738765367596
108.338219	1.5704319025070879
108.338219	1.5704319025070879
108.338219	1.5704319025070879
108.338219	1.5704319025070879
108.374113	1.570489499776395
108.386047	1.5705086268786748
108.398143	1.5705280032851061
108.398143	1.5705280032851061
108.398143	1.5705280032851061
108.398143	1.5705280032851061
108.434179	1.5705856360712993
108.434179	1.5705856360712993
108.458153	1.5706239076694173
108.458153	1.5706239076694173
108.47006	1.570642887110443
108.47006	1.570642887110443
108.494111	1.5706811825576692
108.494111	1.5706811825576692
108.518147	1.5707193865247773
108.518147	1.5707193865247773
108.518147	1.5707193865247773
108.518147	1.5707193865247773
108.518147	1.5707193865247773
108.518147	1.5707193865247773
108.578147	1.5708144181441552
108.578147	1.5708144181441552
108.578147	1.5708144181441552
108.578147	1.5708144181441552
108.614113	1.5708711469998757
108.626047	1.5708899323838545
108.638143	1.5709089564513508
108.638143	1.5709089564513508
108.638143	1.5709089564513508
108.638143	1.5709089564513508
108.674112	1.5709653960005394
108.686046	1.5709840845359013
108.698215	1.5710031251218801
108.698215	1.5710031251218801
108.710046	1.5710216105689412
108.710046	1.5710216105689412
108.710046	1.5710216105689412
108.710046	1.5710216105689412
108.758141	1.5710965947633431
108.758141	1.5710965947633431
108.758141	1.5710965947633431
108.758141	1.5710965947633431
108.758141	1.5710965947633431
108.758141	1.5710965947633431
108.818141	1.5712044999761301
108.818141	1.5712044999761301
108.818141	1.5712044999761301
108.818141	1.5712044999761301
108.818141	1.5712044999761301
108.818141	1.5712044999761301
108.878145	1.571469424588448
108.878145	1.571469424588448
108.878145	1.571469424588448
108.878145	1.571469424588448
108.878145	1.571469424588448
108.878145	1.571469424588448
108.938143	1.5719346542957251
108.938143	1.5719346542957251
108.938143	1.5719346542957251
108.938143	1.5719346542957251
108.938143	1.5719346542957251
108.938143	1.5719346542957251
108.998163	1.5724221824456328
108.998163	1.5724221824456328
108.998163	1.5724221824456328
108.998163	1.5724221824456328
109.03411	1.5726988817191585
109.03411	1.5726988817191585
109.058163	1.5728784179074724
109.058178	1.5728785292805412
109.058178	1.5728785292805412
109.058178	1.5728785292805412
109.094195	1.5731384667891768
109.106061	1.5732220039991687
109.118155	1.5733062574065406
109.118155	1.5733062574065406
109.118155	1.5733062574065406
109.142061	1.5734692348040942
109.142061	1.5734692348040942
109.166062	1.5736285281489575
109.17816	1.5737075306777566
109.17816	1.5737075306777566
109.17816	1.5737075306777566
109.17816	1.5737075306777566
109.17816	1.5737075306777566
109.17816	1.5737075306777566
109.238158	1.5740836146659221
109.238158	1.5740836146659221
109.25008	1.5741553147481526
109.25008	1.5741553147481526
109.274139	1.5742977704653984
109.286061	1.5743670159328524
109.298178	1.5744366730124817
109.298178	1.5744366730124817
109.298178	1.5744366730124817
109.298178	1.5744366730124817
109.334133	1.5746377440651844
109.334133	1.5746377440651844
109.358234	1.5747687006578885
109.358234	1.5747687006578885
109.370061	1.5748315745003509
109.370061	1.5748315745003509
109.394154	1.5749578181661397
109.394154	1.5749578181661397
109.418156	1.5750807708828938
109.418156	1.5750807708828938
109.418156	1.5750807708828938
109.418156	1.5750807708828938
109.418156	1.5750807708828938
109.418156	1.5750807708828938
109.478157	1.5753760822598162
109.478157	1.5753760822598162
109.478157	1.5753760822598162
109.478157	1.5753760822598162
109.478157	1.5753760822598162
109.478157	1.5753760822598162
109.53816	1.5756563113386226
109.53816	1.5756563113386226
109.550081	1.5757102534325012
109.550081	1.5757102534325012
109.550081	1.5757102534325012
109.586062	1.575870498458914
109.598188	1.5759236251699582
109.598188	1.5759236251699582
109.598188	1.5759236251699582
109.598188	1.5759236251699582
109.598188	1.5759236251699582
109.646061	1.5761287426926651
109.646061	1.5761287426926651
109.646061	1.5761287426926651
109.646061	1.5761287426926651
109.658163	1.5761796812183413
109.694126	1.5763286658942623
109.694126	1.5763286658942623
109.718156	1.5764266688661228
109.718156	1.5764266688661228
109.718156	1.5764266688661228
109.718156	1.5764266688661228
109.718156	1.5764266688661228
109.718156	1.5764266688661228
109.778167	1.5766663089606567
109.778167	1.5766663089606567
109.790065	1.5767130269852101
109.802061	1.576760009229659
109.802061	1.576760009229659
109.802061	1.576760009229659
109.838158	1.5769000040526422
109.838158	1.5769000040526422
109.838158	1.5769000040526422
109.838158	1.5769000040526422
109.838158	1.5769000040526422
109.838158	1.5769000040526422
109.898158	1.5771292131308028
109.898158	1.5771292131308028
109.898158	1.5771292131308028
109.898158	1.5771292131308028
109.934134	1.577264926342798
109.934134	1.577264926342798
109.958159	1.5773549990557152
109.958159	1.5773549990557152
109.958159	1.5773549990557152
109.982061	1.577444180441645
109.994132	1.577489064429862
109.994132	1.577489064429862
110.018262	1.5775785752811513
110.018262	1.5775785752811513
110.018262	1.5775785752811513
110.018262	1.5775785752811513
110.018262	1.5775785752811513
110.018262	1.5775785752811513
110.078208	1.5777996235519043
110.078208	1.5777996235519043
110.078208	1.5777996235519043
110.078208	1.5777996235519043
110.078208	1.5777996235519043
110.078208	1.5777996235519043
110.138174	1.5780192188406137
110.138174	1.5780192188406137
110.138174	1.5780192188406137
110.138174	1.5780192188406137
110.138174	1.5780192188406137
110.138174	1.5780192188406137
110.198174	1.5782375905875956
110.198174	1.5782375905875956
110.210099	1.5782808205199848
110.222079	1.5783242196017531
110.222079	1.5783242196017531
110.222079	1.5783242196017531
110.258183	1.5784546248638265
110.258183	1.5784546248638265
110.270079	1.5784974553312232
110.270079	1.5784974553312232
110.294143	1.5785839319899309
110.294143	1.5785839319899309
110.318272	1.5786703661292498
110.318272	1.5786703661292498
110.318272	1.5786703661292498
110.318272	1.5786703661292498
110.318272	1.5786703661292498
110.366079	1.5788406144952125
110.378176	1.5788834906679723
110.378176	1.5788834906679723
110.39018	1.5789258992834527
110.39018	1.5789258992834527
110.39018	1.5789258992834527
110.39018	1.5789258992834527
110.438189	1.5790945697725542
110.438189	1.5790945697725542
110.438189	1.5790945697725542
110.46208	1.579177797261734
110.474145	1.5792196162150449
110.486079	1.5792608664214005
110.498174	1.5793025611815781
110.498174	1.5793025611815781
110.498174	1.5793025611815781
110.498174	1.5793025611815781
110.498174	1.5793025611815781
110.546152	1.5794663361072332
110.558181	1.5795070371536548
110.558181	1.5795070371536548
110.558181	1.5795070371536548
110.558181	1.5795070371536548
110.558181	1.5795070371536548
110.558181	1.5795070371536548
110.618175	1.579707249186671
110.618175	1.579707249186671
110.618175	1.579707249186671
110.618175	1.579707249186671
110.618175	1.579707249186671
110.618175	1.579707249186671
110.678251	1.5799028758905225
110.678251	1.5799028758905225
110.678251	1.5799028758905225
110.678251	1.5799028758905225
110.678251	1.5799028758905225
110.72608	1.5800547102805667
110.738173	1.5800925739411211
110.738173	1.5800925739411211
110.738173	1.5800925739411211
110.738173	1.5800925739411211
110.738173	1.5800925739411211
110.786083	1.5802399575103399
110.798201	1.5802766654999238
110.798201	1.5802766654999238
110.798201	1.5802766654999238
110.798201	1.5802766654999238
110.798201	1.5802766654999238
110.798201	1.5802766654999238
110.858175	1.580454223928538
110.858175	1.580454223928538
110.858175	1.580454223928538
110.858175	1.580454223928538
110.858175	1.580454223928538
110.90608	1.5805912028548492
110.918175	1.5806251583487225
110.918175	1.5806251583487225
110.918175	1.5806251583487225
110.918175	1.5806251583487225
110.95415	1.5807242863760458
110.95415	1.5807242863760458
110.978183	1.5807891853492617
110.978183	1.5807891853492617
110.978183	1.5807891853492617
111.00208	1.580852545749867
111.014144	1.5808840653986214
111.014144	1.5808840653986214
111.038174	1.5809461378414753
111.038174	1.5809461378414753
111.038174	1.5809461378414753
111.038174	1.5809461378414753
111.038189	1.5809461764453496
111.086094	1.5810664218501032
111.098207	1.5810961884655095
111.098207	1.5810961884655095
111.098207	1.5810961884655095
111.098207	1.5810961884655095
111.098207	1.5810961884655095
111.098207	1.5810961884655095
111.158192	1.5812392669873545
111.158192	1.5812392669873545
111.158192	1.5812392669873545
111.158192	1.5812392669873545
111.158192	1.5812392669873545
111.158192	1.5812392669873545
111.21819	1.5813757937193753
111.21819	1.5813757937193753
111.21819	1.5813757937193753
111.21819	1.5813757937193753
111.21819	1.5813757937193753
111.266094	1.5814802629316507
111.278191	1.5815060931964053
111.278191	1.5815060931964053
111.290094	1.5815311851075631
111.302094	1.581556357548221
111.302094	1.581556357548221
111.326094	1.581605898957547
111.338265	1.5816307472867033
111.338265	1.5816307472867033
111.338265	1.5816307472867033
111.362114	1.5816787288831522
111.362114	1.5816787288831522
111.386095	1.5817261410832606
111.398226	1.5817498790216888
111.398226	1.5817498790216888
111.398226	1.5817498790216888
111.398226	1.5817498790216888
111.434158	1.5818189458289234
111.434158	1.5818189458289234
111.458191	1.581864312425181
111.458191	1.581864312425181
111.458191	1.581864312425181
111.458191	1.581864312425181
111.458191	1.581864312425181
111.458191	1.581864312425181
111.518189	1.581974713685788
111.518189	1.581974713685788
111.518189	1.581974713685788
111.518189	1.581974713685788
111.554163	1.5820391852647606
111.566095	1.5820603254503041
111.578192	1.5820816585268922
111.578192	1.5820816585268922
111.578192	1.5820816585268922
111.578192	1.5820816585268922
111.578192	1.5820816585268922
111.626094	1.5821649440654337
111.626094	1.5821649440654337
111.626094	1.5821649440654337
111.626094	1.5821649440654337
111.638298	1.5821859263896321
111.67416	1.5822469777868822
111.67416	1.5822469777868822
111.698189	1.58228750419084
111.698189	1.58228750419084
111.698189	1.58228750419084
111.698189	1.58228750419084
111.698189	1.58228750419084
111.698189	1.58228750419084
111.758193	1.5823875223386368
111.758193	1.5823875223386368
111.758193	1.5823875223386368
111.782095	1.5824269978867909
111.794165	1.5824468638692304
111.806095	1.5824664702210469
111.818196	1.5824863292428077
111.818196	1.5824863292428077
111.818196	1.5824863292428077
111.818196	1.5824863292428077
111.818196	1.5824863292428077
111.818196	1.5824863292428077
111.878232	1.5825844571939098
111.878232	1.5825844571939098
111.878232	1.5825844571939098
111.878232	1.5825844571939098
111.914161	1.5826430032798644
111.926144	1.5826625175994578
111.938206	1.582682157570364
111.938206	1.582682157570364
111.938206	1.582682157570364
111.938206	1.582682157570364
111.938206	1.582682157570364
111.986094	1.5827601539322667
111.998265	1.582779991383173
111.998265	1.582779991383173
112.010114	1.5827993188080414
112.010114	1.5827993188080414
112.010114	1.5827993188080414
112.010114	1.5827993188080414
112.058199	1.5828778713765053
112.058199	1.5828778713765053
112.070095	1.5828973498116548
112.07011	1.5828973743780865
112.07011	1.5828973743780865
112.07011	1.5828973743780865
112.118203	1.5829762931614682
112.118203	1.5829762931614682
112.118203	1.5829762931614682
112.14213	1.5830156837756564
112.14213	1.5830156837756564
112.14213	1.5830156837756564
112.178231	1.5830752804215629
112.178231	1.5830752804215629
112.178231	1.5830752804215629
112.178231	1.5830752804215629
112.214173	1.5831348168186241
112.22611	1.5831546302866826
112.238206	1.583174724162975
112.238206	1.583174724162975
112.238206	1.583174724162975
112.238206	1.583174724162975
112.238206	1.583174724162975
112.238206	1.583174724162975
112.298208	1.5832746873104264
112.298208	1.5832746873104264
112.310171	1.5832946686773524
112.310171	1.5832946686773524
112.310171	1.5832946686773524
112.310171	1.5832946686773524
112.358206	1.5833750071115051
112.358206	1.5833750071115051
112.370109	1.5833949410660233
112.370109	1.5833949410660233
112.370109	1.5833949410660233
112.370109	1.5833949410660233
112.418202	1.5834755218012004
112.418202	1.5834755218012004
112.418202	1.5834755218012004
112.418202	1.5834755218012004
112.418202	1.5834755218012004
112.46611	1.5835559447284302
112.478214	1.5835765894707117
112.478214	1.5835765894707117
112.478214	1.5835765894707117
112.478214	1.5835765894707117
112.478214	1.5835765894707117
112.478214	1.5835765894707117
112.538296	1.5836859818321778
112.538296	1.5836859818321778
112.538296	1.5836859818321778
112.538296	1.5836859818321778
112.538296	1.5836859818321778
112.538296	1.5836859818321778
112.598238	1.5837933453370898
112.598238	1.5837933453370898
112.598238	1.5837933453370898
112.598238	1.5837933453370898
112.598238	1.5837933453370898
112.598238	1.5837933453370898
112.658311	1.5838916483040522
112.658311	1.5838916483040522
112.658311	1.5838916483040522
112.658311	1.5838916483040522
112.694192	1.5839489320959497
112.694192	1.5839489320959497
112.718204	1.5839869309508428
112.718204	1.5839869309508428
112.718204	1.5839869309508428
112.718204	1.5839869309508428
112.718204	1.5839869309508428
112.766109	1.5840617895634053
112.778207	1.5840803651674782
112.778207	1.5840803651674782
112.778207	1.5840803651674782
112.778207	1.5840803651674782
112.778207	1.5840803651674782
112.778207	1.5840803651674782
112.83821	1.5841678389666969
112.83821	1.5841678389666969
112.83821	1.5841678389666969
112.862109	1.5842018505594055
112.862109	1.5842018505594055
112.862109	1.5842018505594055
112.898204	1.5842539878443465
112.898204	1.5842539878443465
112.898204	1.5842539878443465
112.898204	1.5842539878443465
112.898204	1.5842539878443465
112.946109	1.5843244792346107
112.958209	1.5843422466458388
112.958209	1.5843422466458388
112.958209	1.5843422466458388
112.98211	1.5843771729912188
112.98211	1.5843771729912188
112.98211	1.5843771729912188
113.018204	1.5844294656875024
113.018204	1.5844294656875024
113.018204	1.5844294656875024
113.018204	1.5844294656875024
113.054269	1.584481117252651
113.066109	1.5844979451733274
113.078224	1.58451510857527
113.078239	1.5845151298258708
113.078239	1.5845151298258708
113.078239	1.5845151298258708
113.114188	1.5845655932274065
113.114188	1.5845655932274065
113.138219	1.5845990124101443
113.138219	1.5845990124101443
113.138219	1.5845990124101443
113.138219	1.5845990124101443
113.138219	1.5845990124101443
113.138219	1.5845990124101443
113.198223	1.5846813845868137
113.198223	1.5846813845868137
113.210124	1.584697557100462
113.210124	1.584697557100462
113.210124	1.584697557100462
113.210124	1.584697557100462
113.258222	1.5847624137227982
113.258222	1.5847624137227982
113.258222	1.5847624137227982
113.282124	1.5847942892043787
113.282124	1.5847942892043787
113.282124	1.5847942892043787
113.318321	1.5848421329769633
113.318321	1.5848421329769633
113.318321	1.5848421329769633
113.318321	1.5848421329769633
113.318321	1.5848421329769633
113.318321	1.5848421329769633
113.378245	1.5849202363837365
113.378245	1.5849202363837365
113.378245	1.5849202363837365
113.378245	1.5849202363837365
113.378245	1.5849202363837365
113.378245	1.5849202363837365
113.438228	1.5849971250452171
113.438228	1.5849971250452171
113.45021	1.585012325643153
113.45021	1.585012325643153
113.45021	1.585012325643153
113.45021	1.585012325643153
113.498241	1.5850728431618515
113.498241	1.5850728431618515
113.498241	1.5850728431618515
113.498241	1.5850728431618515
113.534195	1.5851176405466816
113.546125	1.5851324147052783
113.558224	1.5851473602018948
113.558224	1.5851473602018948
113.558224	1.5851473602018948
113.558224	1.5851473602018948
113.558224	1.5851473602018948
113.558224	1.5851473602018948
113.558224	1.5851473602018948
113.558224	1.5851473602018948
113.558224	1.5851473602018948
113.558224	1.5851473602018948
113.558224	1.5851473602018948
113.618222	1.5852207685104762
113.678221	1.585293156747924
113.678221	1.585293156747924
113.678221	1.585293156747924
113.702124	1.585321737751417
113.702124	1.585321737751417
113.726124	1.5853502949907992
113.738218	1.5853646449992906
113.738218	1.5853646449992906
113.738218	1.5853646449992906
113.738218	1.5853646449992906
113.738218	1.5853646449992906
113.786125	1.5854211650305796
113.79822	1.585435371021569
113.79822	1.585435371021569
113.79822	1.585435371021569
113.79822	1.585435371021569
113.834188	1.5854774487133301
113.846217	1.5854914754979246
113.858227	1.5855054621849809
113.858227	1.5855054621849809
113.858227	1.5855054621849809
113.882167	1.5855332734985279
113.894191	1.5855472107852484
113.906125	1.5855610290748012
113.918219	1.5855750185215578
113.918219	1.5855750185215578
113.918219	1.5855750185215578
113.942124	1.5856026173942153
113.942124	1.5856026173942153
113.966124	1.5856302681414445
113.978314	1.5856442965304676
113.978314	1.5856442965304676
113.990124	1.5856578721685666
114.002124	1.5856716608056236
114.002124	1.5856716608056236
114.026124	1.5856992052702468
114.03822	1.5857130776316537
114.03822	1.5857130776316537
114.050243	1.5857268568668665
114.050243	1.5857268568668665
114.050243	1.5857268568668665
114.050243	1.5857268568668665
114.098247	1.5857818271690265
114.098247	1.5857818271690265
114.110247	1.5857955556937005
114.110247	1.5857955556937005
114.110247	1.5857955556937005
114.110247	1.5857955556937005
114.158252	1.585850427727769
114.158252	1.585850427727769
114.158252	1.585850427727769
114.158252	1.585850427727769
114.158252	1.585850427727769
114.206139	1.5859050849987801
114.218235	1.5859188826927728
114.218235	1.5859188826927728
114.218235	1.5859188826927728
114.218235	1.5859188826927728
114.218235	1.5859188826927728
114.266138	1.5859734967287158
114.278326	1.5859873876740682
114.278326	1.5859873876740682
114.278326	1.5859873876740682
114.278326	1.5859873876740682
114.278326	1.5859873876740682
114.278326	1.5859873876740682
114.338239	1.5860556515299709
114.338239	1.5860556515299709
114.338239	1.5860556515299709
114.338239	1.5860556515299709
114.338239	1.5860556515299709
114.338239	1.5860556515299709
114.398232	1.5861239751810068
114.398232	1.5861239751810068
114.398232	1.5861239751810068
114.398232	1.5861239751810068
114.434206	1.5861649256086152
114.446139	1.5861785051340502
114.458259	1.5861922954747489
114.458259	1.5861922954747489
114.458259	1.5861922954747489
114.458259	1.5861922954747489
114.494202	1.5862331699104586
114.494202	1.5862331699104586
114.518251	1.5862604941505176
114.518251	1.5862604941505176
114.530138	1.586273984668797
114.530138	1.586273984668797
114.530138	1.586273984668797
114.530138	1.586273984668797
114.578238	1.586328473765426
114.578238	1.586328473765426
114.578238	1.586328473765426
114.578238	1.586328473765426
114.578238	1.586328473765426
114.578238	1.586328473765426
114.638316	1.5863962279372841
114.638316	1.5863962279372841
114.638316	1.5863962279372841
114.638316	1.5863962279372841
114.638316	1.5863962279372841
114.638316	1.5863962279372841
114.698233	1.5864634053735509
114.698233	1.5864634053735509
114.698233	1.5864634053735509
114.698233	1.5864634053735509
114.734209	1.5865035193360861
114.746138	1.586516781677461
114.758239	1.5865302184663559
114.758239	1.5865302184663559
114.770227	1.5865434993367411
114.770227	1.5865434993367411
114.770227	1.5865434993367411
114.806141	1.5865831702837145
114.806141	1.5865831702837145
114.806141	1.5865831702837145
114.806141	1.5865831702837145
114.806141	1.5865831702837145
114.806141	1.5865831702837145
114.818233	1.5865964848431853
114.878238	1.5866616432798877
114.878238	1.5866616432798877
114.878238	1.5866616432798877
114.878238	1.5866616432798877
114.878238	1.5866616432798877
114.878238	1.5866616432798877
114.938236	1.5866801600814433
114.938236	1.5866801600814433
114.938236	1.5866801600814433
114.938236	1.5866801600814433
114.938236	1.5866801600814433
114.986139	1.5865447569855502
114.998237	1.5864882813363725
114.998237	1.5864882813363725
114.998237	1.5864882813363725
114.998237	1.5864882813363725
114.998237	1.5864882813363725
114.998237	1.5864882813363725
114.998237	1.5864882813363725
114.998237	1.5864882813363725
115.058257	1.5861466569880036
115.082139	1.5860116370922748
115.082155	1.5860115495060214
115.106154	1.5858812787078167
115.106154	1.5858812787078167
115.106154	1.5858812787078167
115.106154	1.5858812787078167
115.106154	1.5858812787078167
115.106154	1.5858812787078167
115.118254	1.5858172105351844
115.178288	1.5855179919664768
115.178288	1.5855179919664768
115.178288	1.5855179919664768
115.178288	1.5855179919664768
115.214227	1.5853522351199822
115.226155	1.5852992811035851
115.23825	1.5852464438639311
115.23825	1.5852464438639311
115.250154	1.5851959060459939
115.250154	1.5851959060459939
115.250154	1.5851959060459939
115.250154	1.5851959060459939
115.298341	1.5850003336508363
115.298341	1.5850003336508363
115.298341	1.5850003336508363
115.298341	1.5850003336508363
115.334228	1.5848653175734753
115.334228	1.5848653175734753
115.358256	1.5847793172816627
115.358256	1.5847793172816627
115.358256	1.5847793172816627
115.382155	1.5846975385069795
115.382155	1.5846975385069795
115.406154	1.5846190074220083
115.418247	1.5845804928333536
115.418247	1.5845804928333536
115.418247	1.5845804928333536
115.418247	1.5845804928333536
115.454232	1.5844713388786003
115.454232	1.5844713388786003
115.478262	1.5844021145834044
115.478262	1.5844021145834044
115.478262	1.5844021145834044
115.478262	1.5844021145834044
115.478262	1.5844021145834044
115.478262	1.5844021145834044
115.538272	1.5842422607913833
115.538272	1.5842422607913833
115.538272	1.5842422607913833
115.538272	1.5842422607913833
115.574234	1.5841546258398178
115.574234	1.5841546258398178
115.598252	1.5840990079309878
115.598252	1.5840990079309878
115.610154	1.5840724998321714
115.622155	1.584046076798368
115.634219	1.5840202700696036
115.634219	1.5840202700696036
115.658252	1.5839701827443502
115.658252	1.5839701827443502
115.670176	1.5839462388160064
115.682154	1.5839224469688131
115.682154	1.5839224469688131
115.682154	1.5839224469688131
115.718269	1.5838537533001937
115.718269	1.5838537533001937
115.718269	1.5838537533001937
115.718269	1.5838537533001937
115.718269	1.5838537533001937
115.718269	1.5838537533001937
115.778255	1.5837477960323223
115.778255	1.5837477960323223
115.778255	1.5837477960323223
115.802175	1.5837080264980603
115.802175	1.5837080264980603
115.802175	1.5837080264980603
115.83825	1.5836503508992701
115.83825	1.5836503508992701
115.83825	1.5836503508992701
115.83825	1.5836503508992701
115.874225	1.5835953436058139
115.886154	1.5835775728019679
115.898247	1.5835597446620873
115.898247	1.5835597446620873
115.898247	1.5835597446620873
115.898247	1.5835597446620873
115.898247	1.5835597446620873
115.898247	1.5835597446620873
115.958348	1.5834743232251534
115.958348	1.5834743232251534
115.958348	1.5834743232251534
115.958348	1.5834743232251534
115.958348	1.5834743232251534
115.958348	1.5834743232251534
116.01825	1.5833779193127804
116.01825	1.5833779193127804
116.01825	1.5833779193127804
116.01825	1.5833779193127804
116.01825	1.5833779193127804
116.01825	1.5833779193127804
116.078253	1.5831218070222313
116.078253	1.5831218070222313
116.090227	1.5830393394626301
116.10217	1.5829529188062603
116.10217	1.5829529188062603
116.10217	1.5829529188062603
116.138282	1.5826609056646159
116.138282	1.5826609056646159
116.138282	1.5826609056646159
116.16217	1.5824653831422661
116.174234	1.5823685062369606
116.186171	1.5822738722753242
116.198283	1.582179010536249
116.198283	1.582179010536249
116.210171	1.582087856927519
116.210171	1.582087856927519
116.210171	1.582087856927519
116.24617	1.5818185862515173
116.25831	1.581730093848515
116.25831	1.581730093848515
116.25831	1.581730093848515
116.25831	1.581730093848515
116.294234	1.5814762142440799
116.294234	1.5814762142440799
116.318283	1.5813117387392006
116.318283	1.5813117387392006
116.33019	1.5812323784848796
116.33019	1.5812323784848796
116.33019	1.5812323784848796
116.33019	1.5812323784848796
116.378274	1.580921454238831
116.378274	1.580921454238831
116.378274	1.580921454238831
116.402188	1.5807709812437236
116.414236	1.5806930647105522
116.426171	1.580612515787255
116.438266	1.5805277035493035
116.438266	1.5805277035493035
116.438266	1.5805277035493035
116.438266	1.5805277035493035
116.438266	1.5805277035493035
116.486255	1.5801313068724843
116.498268	1.5800196624421075
116.498268	1.5800196624421075
116.498268	1.5800196624421075
116.522174	1.5797876242995867
116.522174	1.5797876242995867
116.522174	1.5797876242995867
116.558267	1.5794365106417692
116.558267	1.5794365106417692
116.558267	1.5794365106417692
116.558267	1.5794365106417692
116.594252	1.5791005541601228
116.594252	1.5791005541601228
116.618344	1.5788840116711425
116.618344	1.5788840116711425
116.63017	1.578780776130017
116.63017	1.578780776130017
116.63017	1.578780776130017
116.66617	1.5784749081197562
116.678275	1.5783749906623634
116.678275	1.5783749906623634
116.678275	1.5783749906623634
116.678275	1.5783749906623634
116.714236	1.578088439964433
116.714236	1.578088439964433
116.738264	1.577903994868316
116.738264	1.577903994868316
116.738264	1.577903994868316
116.738264	1.577903994868316
116.738264	1.577903994868316
116.738264	1.577903994868316
116.798264	1.5774631812380258
116.798264	1.5774631812380258
116.798264	1.5774631812380258
116.798264	1.5774631812380258
116.798264	1.5774631812380258
116.798264	1.5774631812380258
116.85831	1.576861106791891
116.85831	1.576861106791891
116.85831	1.576861106791891
116.85831	1.576861106791891
116.85831	1.576861106791891
116.85831	1.576861106791891
116.918268	1.5758484569115201
116.918268	1.5758484569115201
116.918268	1.5758484569115201
116.918268	1.5758484569115201
116.954238	1.5751569954163605
116.954238	1.5751569954163605
116.978269	1.5747057911871389
116.978269	1.5747057911871389
116.978269	1.5747057911871389
117.00217	1.5742720547886127
117.014301	1.5740578274276078
117.02617	1.5738511129376982
117.038283	1.5736428694316222
117.038283	1.5736428694316222
117.038283	1.5736428694316222
117.06217	1.5732430300534421
117.06217	1.5732430300534421
117.06217	1.5732430300534421
117.09828	1.5726615852974632
117.098296	1.5726613309857913
117.098296	1.5726613309857913
117.098296	1.5726613309857913
117.098296	1.5726613309857913
117.098296	1.5726613309857913
117.158285	1.5717543643112661
117.158285	1.5717543643112661
117.170186	1.5715834523339962
117.18219	1.5714125398947283
117.18219	1.5714125398947283
117.206187	1.5710804222610804
117.218283	1.5709162597127324
117.218283	1.5709162597127324
117.218283	1.5709162597127324
117.218283	1.5709162597127324
117.218283	1.5709162597127324
117.266186	1.5702931972794272
117.27836	1.5701403537056029
117.27836	1.5701403537056029
117.27836	1.5701403537056029
117.302186	1.569848940750814
117.302186	1.569848940750814
117.302186	1.569848940750814
117.338281	1.5694237798605912
117.338281	1.5694237798605912
117.338281	1.5694237798605912
117.338281	1.5694237798605912
117.338281	1.5694237798605912
117.338281	1.5694237798605912
117.398287	1.5687580232449978
117.398287	1.5687580232449978
117.398287	1.5687580232449978
117.422186	1.5685061341930944
117.422186	1.5685061341930944
117.422186	1.5685061341930944
117.458283	1.568138787918248
117.458283	1.568138787918248
117.458283	1.568138787918248
117.458283	1.568138787918248
117.494255	1.567787821305584
117.494255	1.567787821305584
117.51828	1.5675606489097089
117.51828	1.5675606489097089
117.51828	1.5675606489097089
117.51828	1.5675606489097089
117.51828	1.5675606489097089
117.566186	1.5671253909861134
117.566186	1.5671253909861134
117.566186	1.5671253909861134
117.578288	1.5670184853578444
117.602187	1.5668115708156187
117.614269	1.5667089270308747
117.626186	1.5666086570602977
117.638311	1.5665075532342703
117.638311	1.5665075532342703
117.650186	1.566410056053293
117.650186	1.566410056053293
117.650186	1.566410056053293
117.650186	1.566410056053293
117.698281	1.5660240972923491
117.698281	1.5660240972923491
117.698281	1.5660240972923491
117.722186	1.5658380521459887
117.722186	1.5658380521459887
117.746207	1.5656546948338228
117.758319	1.5655632781504578
117.758319	1.5655632781504578
117.758319	1.5655632781504578
117.758319	1.5655632781504578
117.758319	1.5655632781504578
117.806257	1.5652098753112316
117.818282	1.5651228734170122
117.818282	1.5651228734170122
117.818282	1.5651228734170122
117.818282	1.5651228734170122
117.818282	1.5651228734170122
117.818282	1.5651228734170122
117.878305	1.5646991639065553
117.878305	1.5646991639065553
117.878305	1.5646991639065553
117.902187	1.5645348560674164
117.902187	1.5645348560674164
117.902187	1.5645348560674164
117.938348	1.5642902768614348
117.938348	1.5642902768614348
117.938348	1.5642902768614348
117.938348	1.5642902768614348
117.974254	1.5640523008724203
117.986186	1.5639741953408457
117.998283	1.5638954104203449
117.998283	1.5638954104203449
117.998283	1.5638954104203449
117.998283	1.5638954104203449
117.998283	1.5638954104203449
117.998283	1.5638954104203449
118.058299	1.5635121372314342
118.058299	1.5635121372314342
118.058299	1.5635121372314342
118.058299	1.5635121372314342
118.058299	1.5635121372314342
118.058299	1.5635121372314342
118.118304	1.5631403940449404
118.118304	1.5631403940449404
118.130201	1.5630681309701606
118.130201	1.5630681309701606
118.130201	1.5630681309701606
118.130201	1.5630681309701606
118.178316	1.5627798433174875
118.178316	1.5627798433174875
118.190201	1.5627098900752443
118.202271	1.5626391022245494
118.214266	1.562569380915761
118.214266	1.562569380915761
118.238393	1.5624303518944416
118.238393	1.5624303518944416
118.238393	1.5624303518944416
118.262201	1.5622951741629325
118.262201	1.5622951741629325
118.286202	1.5621609326395807
118.298301	1.5620938870847521
118.298301	1.5620938870847521
118.298301	1.5620938870847521
118.298301	1.5620938870847521
118.33434	1.561897682980055
118.346201	1.5618341371820519
118.358299	1.5617697546914726
118.358299	1.5617697546914726
118.358299	1.5617697546914726
118.382201	1.5616444320510003
118.382201	1.5616444320510003
118.406221	1.561520837747937
118.418294	1.5614594377852509
118.418294	1.5614594377852509
118.430201	1.5613997261619159
118.442201	1.561339877013683
118.454294	1.5612804011591765
118.454294	1.5612804011591765
118.478302	1.5611639121409464
118.478302	1.5611639121409464
118.490201	1.5611073266771818
118.502204	1.5610505984650722
118.514265	1.5609944895412406
118.526201	1.5609395378224482
118.538337	1.5608842066825477
118.538337	1.5608842066825477
118.538337	1.5608842066825477
118.538337	1.5608842066825477
118.538337	1.5608842066825477
118.538337	1.5608842066825477
118.598365	1.5606215646156287
118.598365	1.5606215646156287
118.598365	1.5606215646156287
118.598365	1.5606215646156287
118.598365	1.5606215646156287
118.598365	1.5606215646156287
118.658306	1.5603772822555835
118.658306	1.5603772822555835
118.658306	1.5603772822555835
118.658306	1.5603772822555835
118.658306	1.5603772822555835
118.706202	1.5601957235514305
118.718315	1.5601515649757587
118.718315	1.5601515649757587
118.718315	1.5601515649757587
118.718315	1.5601515649757587
118.754271	1.5600257536386268
118.754271	1.5600257536386268
118.754271	1.5600257536386268
118.754271	1.5600257536386268
118.754271	1.5600257536386268
118.754271	1.5600257536386268
118.754271	1.5600257536386268
118.778298	1.5599453929067504
118.838294	1.5597589905273308
118.838294	1.5597589905273308
118.838294	1.5597589905273308
118.838294	1.5597589905273308
118.838294	1.5597589905273308
118.838294	1.5597589905273308
118.898299	1.5595925284029983
118.898299	1.5595925284029983
118.910201	1.5595620637040495
118.910201	1.5595620637040495
118.910201	1.5595620637040495
118.946201	1.5594740268090663
118.958301	1.5594458859607983
118.958301	1.5594458859607983
118.958301	1.5594458859607983
118.958301	1.5594458859607983
118.958301	1.5594458859607983
118.958301	1.5594458859607983
119.018299	1.5593186341295215
119.018299	1.5593186341295215
119.018299	1.5593186341295215
119.018299	1.5593186341295215
119.054276	1.5592514849258861
119.066233	1.5592305931822596
119.0783	1.5592100910194284
119.0783	1.5592100910194284
119.0783	1.5592100910194284
119.102201	1.5591718903386071
119.114305	1.559153695629014
119.126296	1.5591362693378041
119.138315	1.559119345039276
119.138315	1.559119345039276
119.138315	1.559119345039276
119.138315	1.559119345039276
119.174283	1.5590731774797202
119.174283	1.5590731774797202
119.198331	1.5590453442492711
119.198331	1.5590453442492711
119.198331	1.5590453442492711
119.222219	1.5590202852209196
119.222219	1.5590202852209196
119.222219	1.5590202852209196
119.258432	1.5589867300029383
119.258432	1.5589867300029383
119.270219	1.5589770688215641
119.282219	1.5589675235617713
119.282219	1.5589675235617713
119.30622	1.5589503489767584
119.318332	1.5589423312097297
119.318332	1.5589423312097297
119.318332	1.5589423312097297
119.318332	1.5589423312097297
119.354287	1.5589218801413156
119.354287	1.5589218801413156
119.378319	1.5589104334431139
119.378319	1.5589104334431139
119.378319	1.5589104334431139
119.378319	1.5589104334431139
119.378319	1.5589104334431139
119.378319	1.5589104334431139
119.438313	1.5588895763158832
119.438313	1.5588895763158832
119.450242	1.5588866940202153
119.462239	1.5588839945456689
119.462239	1.5588839945456689
119.486219	1.5588798501373053
119.498313	1.5588781758399641
119.498313	1.5588781758399641
119.498313	1.5588781758399641
119.498313	1.5588781758399641
119.498313	1.5588781758399641
119.498313	1.5588781758399641
119.558374	1.5588746772069728
119.558374	1.5588746772069728
119.558374	1.5588746772069728
119.558374	1.5588746772069728
119.558374	1.5588746772069728
119.558374	1.5588746772069728
119.618313	1.5588776044923573
119.618313	1.5588776044923573
119.618313	1.5588776044923573
119.618313	1.5588776044923573
119.618313	1.5588776044923573
119.618313	1.5588776044923573
119.678338	1.5588855633013816
119.678338	1.5588855633013816
119.690242	1.5588876606698583
119.702219	1.5588898468336836
119.714285	1.5588922324788983
119.714285	1.5588922324788983
119.738314	1.5588972898882378
119.738314	1.5588972898882378
119.738314	1.5588972898882378
119.738314	1.5588972898882378
119.738314	1.5588972898882378
119.786291	1.5589102079056005
119.798336	1.5589149915724205
119.798336	1.5589149915724205
119.798336	1.5589149915724205
119.798336	1.5589149915724205
119.798336	1.5589149915724205
119.798336	1.5589149915724205
119.858319	1.5590428567727819
119.858319	1.5590428567727819
119.858319	1.5590428567727819
119.858319	1.5590428567727819
119.858319	1.5590428567727819
119.858319	1.5590428567727819
119.918413	1.5594197635440579
119.918413	1.5594197635440579
119.918413	1.5594197635440579
119.918413	1.5594197635440579
119.918413	1.5594197635440579
119.966219	1.5597912270794929
119.978314	1.5598833981914848
119.978314	1.5598833981914848
119.978314	1.5598833981914848
119.978314	1.5598833981914848
119.978314	1.5598833981914848
119.978314	1.5598833981914848
120.038335	1.5603177701073221
120.038335	1.5603177701073221
120.038335	1.5603177701073221
120.062226	1.5604813759530329
120.062226	1.5604813759530329
120.062226	1.5604813759530329
120.062226	1.5604813759530329
120.062242	1.5604814828213369
120.062242	1.5604814828213369
120.098312	1.5607193040061231
120.134307	1.5609455569194328
120.134307	1.5609455569194328
120.158332	1.5610910439050019
120.158332	1.5610910439050019
120.158332	1.5610910439050019
120.158332	1.5610910439050019
120.194311	1.5612998985362203
120.194311	1.5612998985362203
120.21839	1.5614344909710234
120.21839	1.5614344909710234
120.21839	1.5614344909710234
120.21839	1.5614344909710234
120.21839	1.5614344909710234
120.21839	1.5614344909710234
120.21839	1.5614344909710234
120.21839	1.5614344909710234
120.21839	1.5614344909710234
120.278333	1.5617510409009507
120.314367	1.5619296032667862
120.314367	1.5619296032667862
120.338362	1.5620442972191007
120.338362	1.5620442972191007
120.338362	1.5620442972191007
120.362235	1.562154883598698
120.362235	1.562154883598698
120.386235	1.5622627750827356
120.398328	1.5623161854764975
120.398328	1.5623161854764975
120.398328	1.5623161854764975
120.398328	1.5623161854764975
120.398328	1.5623161854764975
120.44631	1.5625202975252481
120.458335	1.5625699334993728
120.458335	1.5625699334993728
120.458335	1.5625699334993728
120.458335	1.5625699334993728
120.458335	1.5625699334993728
120.506235	1.5627610913611665
120.518346	1.5628081497192421
120.518346	1.5628081497192421
120.518346	1.5628081497192421
120.542235	1.5628992610377053
120.542235	1.5628992610377053
120.542235	1.5628992610377053
120.578403	1.56303377894795
120.578403	1.56303377894795
120.578403	1.56303377894795
120.578403	1.56303377894795
120.578403	1.56303377894795
120.626236	1.5632061202125755
120.638334	1.5632489373771625
120.638334	1.5632489373771625
120.638334	1.5632489373771625
120.638334	1.5632489373771625
120.638334	1.5632489373771625
120.638334	1.5632489373771625
120.69833	1.5634569705817556
120.69833	1.5634569705817556
120.69833	1.5634569705817556
120.69833	1.5634569705817556
120.69833	1.5634569705817556
120.69833	1.5634569705817556
120.758331	1.5636600577292623
120.758331	1.5636600577292623
120.758331	1.5636600577292623
120.758331	1.5636600577292623
120.758331	1.5636600577292623
120.806235	1.5638200616954088
120.818328	1.5638602954239433
120.818328	1.5638602954239433
120.818328	1.5638602954239433
120.818328	1.5638602954239433
120.818328	1.5638602954239433
120.818328	1.5638602954239433
120.878435	1.5640599035944163
120.878435	1.5640599035944163
120.878435	1.5640599035944163
120.878435	1.5640599035944163
120.878435	1.5640599035944163
120.926235	1.5642189615559234
120.938337	1.5642593425832596
120.938337	1.5642593425832596
120.938337	1.5642593425832596
120.938337	1.5642593425832596
120.938337	1.5642593425832596
120.938337	1.5642593425832596
120.998331	1.5644607321249591
120.998331	1.5644607321249591
120.998331	1.5644607321249591
121.022235	1.5645416325022432
121.022235	1.5645416325022432
121.022235	1.5645416325022432
121.058343	1.5646646709321639
121.058343	1.5646646709321639
121.070235	1.5647054615714384
121.070235	1.5647054615714384
121.094296	1.5647882978849375
121.094296	1.5647882978849375
121.118353	1.5648716111310961
121.118369	1.5648716666080644
121.118369	1.5648716666080644
121.118369	1.5648716666080644
121.154318	1.5649971578861812
121.166251	1.5650390520565471
121.178367	1.5650816858131056
121.178367	1.5650816858131056
121.178367	1.5650816858131056
121.178367	1.5650816858131056
121.178367	1.5650816858131056
121.178367	1.5650816858131056
121.238414	1.5652947873550922
121.238414	1.5652947873550922
121.250251	1.5653371211000418
121.250251	1.5653371211000418
121.250251	1.5653371211000418
121.286251	1.5654663196560381
121.298362	1.5655099316061558
121.298362	1.5655099316061558
121.298362	1.5655099316061558
121.322251	1.5655961799465357
121.322251	1.5655961799465357
121.346251	1.5656830477456958
121.358347	1.5657268824001966
121.358347	1.5657268824001966
121.358347	1.5657268824001966
121.358347	1.5657268824001966
121.394323	1.5658574341515989
121.394323	1.5658574341515989
121.41835	1.5659446717185725
121.41835	1.5659446717185725
121.430251	1.5659878669171976
121.430251	1.5659878669171976
121.430251	1.5659878669171976
121.430251	1.5659878669171976
121.478352	1.5661621969594826
121.478352	1.5661621969594826
121.478352	1.5661621969594826
121.478352	1.5661621969594826
121.478352	1.5661621969594826
121.478352	1.5661621969594826
121.538349	1.5663783435534377
121.538349	1.5663783435534377
121.550251	1.5664209389441495
121.550251	1.5664209389441495
121.574316	1.5665067902177392
121.574316	1.5665067902177392
121.598345	1.5665920281653398
121.598345	1.5665920281653398
121.598345	1.5665920281653398
121.598345	1.5665920281653398
121.598345	1.5665920281653398
121.598345	1.5665920281653398
121.658369	1.5668022121691545
121.658369	1.5668022121691545
121.670254	1.5668432552444715
121.670254	1.5668432552444715
121.670254	1.5668432552444715
121.670254	1.5668432552444715
121.718344	1.56700751581061
121.718344	1.56700751581061
121.718344	1.56700751581061
121.718344	1.56700751581061
121.718344	1.56700751581061
121.718344	1.56700751581061
121.778349	1.5672072097774092
121.778349	1.5672072097774092
121.778349	1.5672072097774092
121.802331	1.567285212804697
121.814318	1.5673237583018704
121.814318	1.5673237583018704
121.838353	1.56740032124062
121.838353	1.56740032124062
121.838353	1.56740032124062
121.838353	1.56740032124062
121.838353	1.56740032124062
121.838353	1.56740032124062
121.898422	1.567586345357127
121.898422	1.567586345357127
121.898422	1.567586345357127
121.898422	1.567586345357127
121.898422	1.567586345357127
121.898422	1.567586345357127
121.958357	1.5677641496178543
121.958357	1.5677641496178543
121.970303	1.567798544906561
121.982251	1.5678327685136006
121.982251	1.5678327685136006
122.006251	1.5679003371046989
122.018346	1.5679339791075571
122.018346	1.5679339791075571
122.018346	1.5679339791075571
122.042251	1.5679993490696882
122.042251	1.5679993490696882
122.042251	1.5679993490696882
122.042251	1.5679993490696882
122.042251	1.5679993490696882
122.042251	1.5679993490696882
122.042251	1.5679993490696882
122.042251	1.5679993490696882
122.078348	1.5680956161214534
122.138434	1.5682493234487311
122.138434	1.5682493234487311
122.138434	1.5682493234487311
122.138434	1.5682493234487311
122.138434	1.5682493234487311
122.186287	1.5683659897154674
122.19837	1.5683947495293113
122.19837	1.5683947495293113
122.19837	1.5683947495293113
122.19837	1.5683947495293113
122.234331	1.568478330579077
122.246267	1.568505508869527
122.258382	1.5685328664105722
122.258382	1.5685328664105722
122.258382	1.5685328664105722
122.258382	1.5685328664105722
122.258382	1.5685328664105722
122.306267	1.5686380075483679
122.318403	1.5686640533755984
122.318403	1.5686640533755984
122.318403	1.5686640533755984
122.318403	1.5686640533755984
122.318403	1.5686640533755984
122.318403	1.5686640533755984
122.318403	1.5686640533755984
122.318403	1.5686640533755984
122.318403	1.5686640533755984
122.318403	1.5686640533755984
122.318403	1.5686640533755984
122.378364	1.5687888366175249
122.438364	1.5689082017247209
122.438364	1.5689082017247209
122.438364	1.5689082017247209
122.438364	1.5689082017247209
122.47434	1.5689774563985888
122.486268	1.5690000908936215
122.498359	1.5690229060973429
122.498359	1.5690229060973429
122.498359	1.5690229060973429
122.498359	1.5690229060973429
122.498359	1.5690229060973429
122.498359	1.5690229060973429
122.558441	1.5691340056502545
122.558441	1.5691340056502545
122.558441	1.5691340056502545
122.558441	1.5691340056502545
122.594344	1.5691989455475095
122.594344	1.5691989455475095
122.618382	1.5692419733402754
122.618382	1.5692419733402754
122.618382	1.5692419733402754
122.618382	1.5692419733402754
122.618382	1.5692419733402754
122.618382	1.5692419733402754
122.678364	1.5693490564309502
122.678364	1.5693490564309502
122.678364	1.5693490564309502
122.678364	1.5693490564309502
122.678364	1.5693490564309502
122.678364	1.5693490564309502
122.738367	1.5695463236129574
122.738367	1.5695463236129574
122.750267	1.5696335727025081
122.750267	1.5696335727025081
122.750267	1.5696335727025081
122.750267	1.5696335727025081
122.798364	1.570156283443346
122.798364	1.570156283443346
122.798364	1.570156283443346
122.798364	1.570156283443346
122.798364	1.570156283443346
122.798364	1.570156283443346
122.858368	1.5710587957224442
122.858368	1.5710587957224442
122.870379	1.5712390013584345
122.870379	1.5712390013584345
122.870379	1.5712390013584345
122.870379	1.5712390013584345
122.91836	1.571936312916641
122.91836	1.571936312916641
122.91836	1.571936312916641
122.91836	1.571936312916641
122.91836	1.571936312916641
122.966267	1.5725931156655704
122.978379	1.5727541356441543
122.978379	1.5727541356441543
122.978379	1.5727541356441543
122.978379	1.5727541356441543
122.978379	1.5727541356441543
122.978379	1.5727541356441543
123.038363	1.5735178529831457
123.038363	1.5735178529831457
123.038363	1.5735178529831457
123.038363	1.5735178529831457
123.038363	1.5735178529831457
123.038363	1.5735178529831457
123.098364	1.5742310883722037
123.098364	1.5742310883722037
123.098364	1.5742310883722037
123.098364	1.5742310883722037
123.134377	1.574635884173182
123.146284	1.5747662071068884
123.158382	1.574897209167931
123.158382	1.574897209167931
123.158382	1.574897209167931
123.158382	1.574897209167931
123.194359	1.5752751837202397
123.206284	1.5753972423624192
123.218467	1.5755206350586746
123.218467	1.5755206350586746
123.230284	1.5756380572323136
123.230284	1.5756380572323136
123.230284	1.5756380572323136
123.266284	1.5759878504900675
123.278383	1.576102654599796
123.278383	1.576102654599796
123.278383	1.576102654599796
123.278383	1.576102654599796
123.314348	1.5764343257171514
123.326284	1.5765417541123099
123.338379	1.576649554524842
123.338379	1.576649554524842
123.338379	1.576649554524842
123.338379	1.576649554524842
123.338379	1.576649554524842
123.338379	1.576649554524842
123.398377	1.5771643821645407
123.398377	1.5771643821645407
123.398377	1.5771643821645407
123.422284	1.5773614057988805
123.434366	1.577459216695597
123.446285	1.5775548131779238
123.45838	1.5776510072788914
123.45838	1.5776510072788914
123.45838	1.5776510072788914
123.45838	1.5776510072788914
123.45838	1.5776510072788914
123.45838	1.5776510072788914
123.45838	1.5776510072788914
123.45838	1.5776510072788914
123.45838	1.5776510072788914
123.45838	1.5776510072788914
123.45838	1.5776510072788914
123.518422	1.5781134214446857
123.578379	1.5785542133061441
123.578379	1.5785542133061441
123.578379	1.5785542133061441
123.602284	1.5787248372314771
123.614439	1.5788105033646016
123.626283	1.5788934342704484
123.638383	1.5789776663574198
123.638383	1.5789776663574198
123.650288	1.5790597059002116
123.662284	1.5791420665807838
123.674356	1.5792242057532131
123.674356	1.5792242057532131
123.698402	1.579386507453552
123.698402	1.579386507453552
123.698402	1.579386507453552
123.698402	1.579386507453552
123.734356	1.5796253842478742
123.734356	1.5796253842478742
123.758387	1.5797829834359312
123.758387	1.5797829834359312
123.758387	1.5797829834359312
123.758387	1.5797829834359312
123.758387	1.5797829834359312
123.758387	1.5797829834359312
123.818398	1.5801696397443679
123.818398	1.5801696397443679
123.818398	1.5801696397443679
123.842284	1.5803211608425576
123.842284	1.5803211608425576
123.866284	1.5804721625521068
123.878481	1.5805485447396053
123.878481	1.5805485447396053
123.890284	1.5806220747634527
123.890284	1.5806220747634527
123.890284	1.5806220747634527
123.926303	1.5808451462284816
123.93838	1.580919489009271
123.93838	1.580919489009271
123.93838	1.580919489009271
123.93838	1.580919489009271
123.93838	1.580919489009271
123.986284	1.5812118800320267
123.998381	1.581285220982483
123.998381	1.581285220982483
123.998381	1.581285220982483
124.022284	1.5814294237629889
124.034348	1.5815018664758469
124.034348	1.5815018664758469
124.034348	1.5815018664758469
124.034348	1.5815018664758469
124.034348	1.5815018664758469
124.034348	1.5815018664758469
124.034348	1.5815018664758469
124.058388	1.5816457008235427
124.11838	1.5820009860034543
124.11838	1.5820009860034543
124.142394	1.5821417412502554
124.142394	1.5821417412502554
124.154375	1.5822116220961489
124.154375	1.5822116220961489
124.178421	1.582351313520697
124.178421	1.582351313520697
124.178421	1.582351313520697
124.178421	1.582351313520697
124.178421	1.582351313520697
124.226307	1.5826266647393381
124.238406	1.5826957016735548
124.238406	1.5826957016735548
124.238406	1.5826957016735548
124.238406	1.5826957016735548
124.238406	1.5826957016735548
124.238406	1.5826957016735548
124.238406	1.5826957016735548
124.238406	1.5826957016735548
124.238406	1.5826957016735548
124.238406	1.5826957016735548
124.238406	1.5826957016735548
124.298399	1.5830339926174377
124.358421	1.5833655082979439
124.358421	1.5833655082979439
124.358421	1.5833655082979439
124.358421	1.5833655082979439
124.358421	1.5833655082979439
124.358421	1.5833655082979439
124.358421	1.5833655082979439
124.358421	1.5833655082979439
124.358421	1.5833655082979439
124.358421	1.5833655082979439
124.418402	1.5836889083124084
124.466307	1.5839408386257159
124.478407	1.5840036228793981
124.478407	1.5840036228793981
124.490307	1.584064810883014
124.490307	1.584064810883014
124.490307	1.584064810883014
124.490307	1.584064810883014
124.538469	1.5843088837371944
124.538469	1.5843088837371944
124.538469	1.5843088837371944
124.538469	1.5843088837371944
124.574373	1.5844862361234644
124.586305	1.5845443164582595
124.598402	1.5846028442044415
124.598402	1.5846028442044415
124.610307	1.5846597849052417
124.610307	1.5846597849052417
124.610307	1.5846597849052417
124.610307	1.5846597849052417
124.658422	1.5848857670733598
124.658422	1.5848857670733598
124.658422	1.5848857670733598
124.658422	1.5848857670733598
124.658422	1.5848857670733598
124.658422	1.5848857670733598
124.658422	1.5848857670733598
124.658422	1.5848857670733598
124.658422	1.5848857670733598
124.718399	1.5851563260713124
124.754376	1.5853124529634335
124.766307	1.5853632207739485
124.778402	1.5854142736872028
124.778402	1.5854142736872028
124.778402	1.5854142736872028
124.778402	1.5854142736872028
124.814372	1.5855625442793142
124.826306	1.5856107083190949
124.826306	1.5856107083190949
124.826306	1.5856107083190949
124.838477	1.5856594059592484
124.862306	1.5857529310033827
124.862306	1.5857529310033827
124.886306	1.5858449480216121
124.886306	1.5858449480216121
124.886306	1.5858449480216121
124.886306	1.5858449480216121
124.886306	1.5858449480216121
124.886306	1.5858449480216121
124.898401	1.5858906633986523
124.958404	1.5861090102733515
124.958404	1.5861090102733515
124.97031	1.5861500613155957
124.97031	1.5861500613155957
124.994378	1.5862286291565877
125.006307	1.5862591686866534
125.0184	1.5862837430007513
125.0184	1.5862837430007513
125.0184	1.5862837430007513
125.0184	1.5862837430007513
125.0184	1.5862837430007513
125.066378	1.5861913253228606
125.078418	1.5861226562721831
125.078418	1.5861226562721831
125.078418	1.5861226562721831
125.078418	1.5861226562721831
125.078418	1.5861226562721831
125.126306	1.5856730511638375
125.1384	1.5855416472286747
125.150324	1.585411987069834
125.150324	1.585411987069834
125.150324	1.585411987069834
125.150324	1.585411987069834
125.150324	1.585411987069834
125.198506	1.5849037970769244
125.198506	1.5849037970769244
125.210324	1.5847852962060196
125.210324	1.5847852962060196
125.210324	1.5847852962060196
125.246325	1.584435051808804
125.258431	1.5843209407197678
125.258431	1.5843209407197678
125.258431	1.5843209407197678
125.258431	1.5843209407197678
125.258431	1.5843209407197678
125.306324	1.5838902766015557
125.318469	1.5837853219614924
125.318469	1.5837853219614924
125.318469	1.5837853219614924
125.318469	1.5837853219614924
125.318469	1.5837853219614924
125.318469	1.5837853219614924
125.318469	1.5837853219614924
125.37844	1.5832963408133016
125.390325	1.583205188357045
125.390325	1.583205188357045
125.390325	1.583205188357045
125.390325	1.583205188357045
125.438505	1.5828509180875439
125.438505	1.5828509180875439
125.438505	1.5828509180875439
125.462395	1.5826856431268237
125.462395	1.5826856431268237
125.462395	1.5826856431268237
125.498427	1.5824483627760479
125.498427	1.5824483627760479
125.498427	1.5824483627760479
125.498427	1.5824483627760479
125.498427	1.5824483627760479
125.498427	1.5824483627760479
125.558424	1.5820844524460529
125.558424	1.5820844524460529
125.558424	1.5820844524460529
125.558424	1.5820844524460529
125.558424	1.5820844524460529
125.558424	1.5820844524460529
125.618419	1.5817874120671807
125.618419	1.5817874120671807
125.618419	1.5817874120671807
125.642325	1.5817502990863395
125.6544	1.5817642043104136
125.6544	1.5817642043104136
125.678421	1.5818463087389798
125.678421	1.5818463087389798
125.690324	1.5819240619130337
125.690324	1.5819240619130337
125.690324	1.5819240619130337
125.726399	1.5822275220419815
125.738422	1.5823421724653559
125.738422	1.5823421724653559
125.738422	1.5823421724653559
125.738422	1.5823421724653559
125.738422	1.5823421724653559
125.738422	1.5823421724653559
125.798418	1.5829079563179647
125.798418	1.5829079563179647
125.798418	1.5829079563179647
125.822323	1.5831217834779159
125.822323	1.5831217834779159
125.822323	1.5831217834779159
125.858492	1.5834333194216406
125.858492	1.5834333194216406
125.858492	1.5834333194216406
125.858492	1.5834333194216406
125.858492	1.5834333194216406
125.858492	1.5834333194216406
125.918421	1.5839187006414066
125.918421	1.5839187006414066
125.918421	1.5839187006414066
125.918421	1.5839187006414066
125.918421	1.5839187006414066
125.966323	1.5842786712006478
125.978437	1.5843661691074127
125.978437	1.5843661691074127
125.990394	1.5844502920926049
125.990394	1.5844502920926049
125.990394	1.5844502920926049
125.990394	1.5844502920926049
126.038427	1.5847747856481698
126.038427	1.5847747856481698
126.050324	1.584850956596711
126.062324	1.5849269789795346
126.062324	1.5849269789795346
126.086324	1.5850737596711941
126.098418	1.5851459156907994
126.098418	1.5851459156907994
126.098418	1.5851459156907994
126.122394	1.5852840026361634
126.122394	1.5852840026361634
126.122394	1.5852840026361634
126.158508	1.585481518522798
126.158508	1.585481518522798
126.158508	1.585481518522798
126.158508	1.585481518522798
126.158508	1.585481518522798
126.158508	1.585481518522798
126.218437	1.5857820811808196
126.218437	1.5857820811808196
126.218437	1.5857820811808196
126.218437	1.5857820811808196
126.254492	1.5859473072882766
126.26634	1.5859992617780376
126.278454	1.5860514557054342
126.278454	1.5860514557054342
126.278454	1.5860514557054342
126.278454	1.5860514557054342
126.278454	1.5860514557054342
126.278454	1.5860514557054342
126.338435	1.5862920584885085
126.338435	1.5862920584885085
126.338435	1.5862920584885085
126.338435	1.5862920584885085
126.338435	1.5862920584885085
126.338435	1.5862920584885085
126.398438	1.5865075458479234
126.398438	1.5865075458479234
126.41034	1.5865474055428699
126.422435	1.5865874491715546
126.434407	1.5866260125842202
126.434407	1.5866260125842202
126.458464	1.5867015618690783
126.458464	1.5867015618690783
126.458464	1.5867015618690783
126.458464	1.5867015618690783
126.494404	1.5868072118226519
126.50634	1.586838358271196
126.518518	1.5868676711867695
126.518518	1.5868676711867695
126.518518	1.5868676711867695
126.518518	1.5868676711867695
126.518518	1.5868676711867695
126.56634	1.5869156809919405
126.56634	1.5869156809919405
126.578459	1.5869118736127494
126.590539	1.5868981954217078
126.590539	1.5868981954217078
126.590539	1.5868981954217078
126.590539	1.5868981954217078
126.638438	1.5868098060066742
126.638438	1.5868098060066742
126.638438	1.5868098060066742
126.638438	1.5868098060066742
126.638438	1.5868098060066742
126.638438	1.5868098060066742
126.698444	1.5866862612697483
126.698444	1.5866862612697483
126.698444	1.5866862612697483
126.698444	1.5866862612697483
126.698444	1.5866862612697483
126.698444	1.5866862612697483
126.758444	1.5865803534623444
126.758444	1.5865803534623444
126.758444	1.5865803534623444
126.758444	1.5865803534623444
126.758444	1.5865803534623444
126.758444	1.5865803534623444
126.818438	1.5864930311980345
126.818438	1.5864930311980345
126.818438	1.5864930311980345
126.818438	1.5864930311980345
126.818438	1.5864930311980345
126.86634	1.5864376930684954
126.878464	1.5864255584576845
126.878464	1.5864255584576845
126.878464	1.5864255584576845
126.878464	1.5864255584576845
126.878464	1.5864255584576845
126.878464	1.5864255584576845
126.938435	1.5863789892211702
126.938435	1.5863789892211702
126.938435	1.5863789892211702
126.938435	1.5863789892211702
126.974405	1.5863612907208722
126.974405	1.5863612907208722
126.99844	1.5863534063968714
126.99844	1.5863534063968714
126.99844	1.5863534063968714
126.99844	1.5863534063968714
126.99844	1.5863534063968714
126.99844	1.5863534063968714
127.05844	1.586348476204106
127.05844	1.586348476204106
127.07034	1.5863500721874422
127.082428	1.5863521277154262
127.094407	1.5863551922851382
127.094407	1.5863551922851382
127.118434	1.5863632702432784
127.118434	1.5863632702432784
127.118434	1.5863632702432784
127.118434	1.5863632702432784
127.154409	1.5863811705049979
127.166355	1.5863884800861592
127.178527	1.5863964708329783
127.178527	1.5863964708329783
127.178527	1.5863964708329783
127.202354	1.5864143674560498
127.202354	1.5864143674560498
127.202354	1.5864143674560498
127.238464	1.586446090675645
127.238464	1.586446090675645
127.238464	1.586446090675645
127.238464	1.586446090675645
127.238464	1.586446090675645
127.238464	1.586446090675645
127.29845	1.5865100358908719
127.29845	1.5865100358908719
127.29845	1.5865100358908719
127.29845	1.5865100358908719
127.29845	1.5865100358908719
127.346359	1.5865697891249759
127.35846	1.5865858181428336
127.35846	1.5865858181428336
127.35846	1.5865858181428336
127.35846	1.5865858181428336
127.35846	1.5865858181428336
127.35846	1.5865858181428336
127.418469	1.5866707310465686
127.418469	1.5866707310465686
127.418469	1.5866707310465686
127.418469	1.5866707310465686
127.418469	1.5866707310465686
127.418469	1.5866707310465686
127.418469	1.5866707310465686
127.418469	1.5866707310465686
127.418469	1.5866707310465686
127.418469	1.5866707310465686
127.418469	1.5866707310465686
127.478455	1.5867618990534811
127.53845	1.5868565722211216
127.53845	1.5868565722211216
127.53845	1.5868565722211216
127.53845	1.5868565722211216
127.53845	1.5868565722211216
127.586393	1.5869329472144726
127.59845	1.5869521019721542
127.59845	1.5869521019721542
127.59845	1.5869521019721542
127.59845	1.5869521019721542
127.59845	1.5869521019721542
127.646355	1.5870273003957858
127.658474	1.5870460594911544
127.658474	1.5870460594911544
127.670356	1.5870642275001918
127.670356	1.5870642275001918
127.670356	1.5870642275001918
127.706427	1.5871184248152814
127.718451	1.5871361239286172
127.718451	1.5871361239286172
127.718451	1.5871361239286172
127.718451	1.5871361239286172
127.754441	1.5871874804693675
127.754441	1.5871874804693675
127.778479	1.5872200145586763
127.778479	1.5872200145586763
127.778479	1.5872200145586763
127.802356	1.5872474947370538
127.802356	1.5872474947370538
127.802356	1.5872474947370538
127.838526	1.5872511742059843
127.838526	1.5872511742059843
127.838526	1.5872511742059843
127.862356	1.5872078367128042
127.862356	1.5872078367128042
127.886357	1.5871229847196553
127.898455	1.5870682708036314
127.898455	1.5870682708036314
127.898455	1.5870682708036314
127.898455	1.5870682708036314
127.934427	1.5868699278668377
127.934427	1.5868699278668377
127.958454	1.5867310106339518
127.958454	1.5867310106339518
127.958454	1.5867310106339518
127.958454	1.5867310106339518
127.958454	1.5867310106339518
127.958454	1.5867310106339518
128.018449	1.5863969696037652
128.018449	1.5863969696037652
128.018449	1.5863969696037652
128.018449	1.5863969696037652
128.018449	1.5863969696037652
128.066361	1.5861454737259149
128.078452	1.5860836957868285
128.078452	1.5860836957868285
128.078452	1.5860836957868285
128.078452	1.5860836957868285
128.078452	1.5860836957868285
128.078452	1.5860836957868285
128.078452	1.5860836957868285
128.078452	1.5860836957868285
128.078469	1.58608360892677
128.138454	1.5857885442794784
128.174438	1.5856204595010746
128.174438	1.5856204595010746
128.198469	1.585513779220588
128.198469	1.585513779220588
128.210373	1.5854679452983913
128.210373	1.5854679452983913
128.210373	1.5854679452983913
128.210373	1.5854679452983913
128.25847	1.5853572569673073
128.25847	1.5853572569673073
128.27049	1.5853588686997859
128.282374	1.5853661445225993
128.282374	1.5853661445225993
128.282374	1.5853661445225993
128.318507	1.5854473624788636
128.318507	1.5854473624788636
128.318507	1.5854473624788636
128.318507	1.5854473624788636
128.318507	1.5854473624788636
128.318507	1.5854473624788636
128.37847	1.5856337986352131
128.37847	1.5856337986352131
128.37847	1.5856337986352131
128.37847	1.5856337986352131
128.414439	1.5857395083526256
128.414439	1.5857395083526256
128.438468	1.5858067783105436
128.438468	1.5858067783105436
128.438468	1.5858067783105436
128.462373	1.5858709311064747
128.474446	1.5859017377345048
128.486373	1.5859303167414032
128.498556	1.5859578577889051
128.498556	1.5859578577889051
128.510373	1.5859726207011422
128.510373	1.5859726207011422
128.510373	1.5859726207011422
128.546373	1.5859365499907994
128.558472	1.5858894850990477
128.558472	1.5858894850990477
128.558472	1.5858894850990477
128.582373	1.5857244677817639
128.582373	1.5857244677817639
128.582373	1.5857244677817639
128.618468	1.5853446577439632
128.618468	1.5853446577439632
128.618468	1.5853446577439632
128.618468	1.5853446577439632
128.618468	1.5853446577439632
128.618468	1.5853446577439632
128.678468	1.5846239884124849
128.678468	1.5846239884124849
128.678468	1.5846239884124849
128.678468	1.5846239884124849
128.678468	1.5846239884124849
128.726406	1.5840815622422721
128.73847	1.5839500362892833
128.73847	1.5839500362892833
128.73847	1.5839500362892833
128.73847	1.5839500362892833
128.77446	1.5835713932411051
128.786373	1.5834498948604583
128.798475	1.5833279975903265
128.798475	1.5833279975903265
128.798475	1.5833279975903265
128.822373	1.5830939297610931
128.834438	1.5829788556688742
128.846374	1.5828666886089744
128.858486	1.5827543522420831
128.858486	1.5827543522420831
128.858486	1.5827543522420831
128.882373	1.5825392361033306
128.894507	1.5824329719731887
128.906372	1.5823306772351795
128.918466	1.5822278260261626
128.918466	1.5822278260261626
128.930376	1.5821291230323891
128.930376	1.5821291230323891
128.930376	1.5821291230323891
128.930376	1.5821291230323891
128.978469	1.5817459541418304
128.978469	1.5817459541418304
128.978469	1.5817459541418304
128.978469	1.5817459541418304
129.014437	1.5814779442531912
129.014437	1.5814779442531912
129.038494	1.5813064486832769
129.038494	1.5813064486832769
129.038494	1.5813064486832769
129.038494	1.5813064486832769
129.074448	1.5810627715110162
129.086373	1.5809849436917109
129.098469	1.5809071856954029
129.098469	1.5809071856954029
129.098469	1.5809071856954029
129.098469	1.5809071856954029
129.098469	1.5809071856954029
129.098469	1.5809071856954029
129.158538	1.5805443199263753
129.158555	1.5805442208126246
129.158555	1.5805442208126246
129.158555	1.5805442208126246
129.194471	1.5803439122769067
129.20639	1.5802799387304414
129.218489	1.5802159825883704
129.218489	1.5802159825883704
129.218489	1.5802159825883704
129.242397	1.5800937805691964
129.242397	1.5800937805691964
129.242397	1.5800937805691964
129.278512	1.5799177522126544
129.278512	1.5799177522126544
129.278512	1.5799177522126544
129.278512	1.5799177522126544
129.278512	1.5799177522126544
129.278512	1.5799177522126544
129.338483	1.5796468041029672
129.338483	1.5796468041029672
129.35039	1.5795961391351749
129.36239	1.5795455724363472
129.36239	1.5795455724363472
129.386411	1.5794474774170479
129.398485	1.5793992070999887
129.398485	1.5793992070999887
129.398485	1.5793992070999887
129.42246	1.579306105129872
129.434457	1.5792607284610998
129.434457	1.5792607284610998
129.45853	1.5791715035632701
129.45853	1.5791715035632701
129.45853	1.5791715035632701
129.45853	1.5791715035632701
129.45853	1.5791715035632701
129.45853	1.5791715035632701
129.518486	1.578960891069823
129.518486	1.578960891069823
129.518486	1.578960891069823
129.518486	1.578960891069823
129.518486	1.578960891069823
129.56639	1.57880264756849
129.578486	1.5787637774306844
129.578486	1.5787637774306844
129.578486	1.5787637774306844
129.578486	1.5787637774306844
129.578486	1.5787637774306844
129.62639	1.5786143850124856
129.638483	1.5785775239666733
129.638483	1.5785775239666733
129.638483	1.5785775239666733
129.638483	1.5785775239666733
129.638483	1.5785775239666733
129.638483	1.5785775239666733
129.698486	1.5783996664392028
129.698486	1.5783996664392028
129.698486	1.5783996664392028
129.698486	1.5783996664392028
129.73448	1.578296158159862
129.74639	1.5782623260597597
129.758485	1.5782281251055881
129.758485	1.5782281251055881
129.758485	1.5782281251055881
129.758485	1.5782281251055881
129.758485	1.5782281251055881
129.80639	1.5780945429487521
129.818563	1.5780609423354615
129.818563	1.5780609423354615
129.818563	1.5780609423354615
129.818563	1.5780609423354615
129.818563	1.5780609423354615
129.818563	1.5780609423354615
129.878486	1.5778974923751783
129.878486	1.5778974923751783
129.89039	1.577865354001031
129.89039	1.577865354001031
129.89039	1.577865354001031
129.89039	1.577865354001031
129.938484	1.5777362678018216
129.938484	1.5777362678018216
129.938484	1.5777362678018216
129.938484	1.5777362678018216
129.938484	1.5777362678018216
129.938484	1.5777362678018216
129.998541	1.5775768442945028
129.998541	1.5775768442945028
129.998541	1.5775768442945028
129.998541	1.5775768442945028
129.998541	1.5775768442945028
130.04639	1.5774511419844262
130.058497	1.5774195054408113
130.058497	1.5774195054408113
130.058497	1.5774195054408113
130.058497	1.5774195054408113
130.094455	1.5773260942802068
130.094455	1.5773260942802068
130.118487	1.5772640793777062
130.118487	1.5772640793777062
130.13046	1.5772333638868745
130.14239	1.577202816014327
130.154459	1.5771720587646876
130.154459	1.5771720587646876
130.17851	1.5771110707496865
130.17851	1.5771110707496865
130.190407	1.5770811330861454
130.190407	1.5770811330861454
130.190407	1.5770811330861454
130.226407	1.5769912619256612
130.23851	1.5769613150816832
130.23851	1.5769613150816832
130.23851	1.5769613150816832
130.23851	1.5769613150816832
130.23851	1.5769613150816832
130.286406	1.5768446333627937
130.298504	1.5768155689414003
130.298504	1.5768155689414003
130.298504	1.5768155689414003
130.298504	1.5768155689414003
130.298504	1.5768155689414003
130.346478	1.5767025974212312
130.358529	1.5766747213138459
130.358529	1.5766747213138459
130.370802	1.5766466959067875
130.370802	1.5766466959067875
130.370802	1.5766466959067875
130.370802	1.5766466959067875
130.418501	1.5765400386661064
130.418501	1.5765400386661064
130.418501	1.5765400386661064
130.418501	1.5765400386661064
130.454482	1.5764626367298655
130.466407	1.5764375800903452
130.478579	1.5764122499543229
130.478579	1.5764122499543229
130.478579	1.5764122499543229
130.502407	1.57636379427747
130.502407	1.57636379427747
130.526427	1.5763163486825118
130.538501	1.5762929333580178
130.538501	1.5762929333580178
130.538501	1.5762929333580178
130.538501	1.5762929333580178
130.538501	1.5762929333580178
130.538501	1.5762929333580178
130.5985	1.5761825508220937
130.5985	1.5761825508220937
130.5985	1.5761825508220937
130.5985	1.5761825508220937
130.5985	1.5761825508220937
130.64641	1.576101563605057
130.658523	1.5760820196083434
130.658523	1.5760820196083434
130.658523	1.5760820196083434
130.658523	1.5760820196083434
130.658523	1.5760820196083434
130.706407	1.5760094396236959
130.718502	1.5759920842142221
130.718502	1.5759920842142221
130.718502	1.5759920842142221
130.718502	1.5759920842142221
130.718502	1.5759920842142221
130.718502	1.5759920842142221
130.7786	1.575912971520903
130.7786	1.575912971520903
130.7786	1.575912971520903
130.7786	1.575912971520903
130.7786	1.575912971520903
130.826407	1.5758581800330931
130.838503	1.5758453373393271
130.838503	1.5758453373393271
130.838503	1.5758453373393271
130.838503	1.5758453373393271
130.838503	1.5758453373393271
130.886407	1.5757994474318875
130.898504	1.5757888764345833
130.898504	1.5757888764345833
130.898504	1.5757888764345833
130.922427	1.5757695101813529
130.934481	1.5757604647233732
130.934481	1.5757604647233732
130.958501	1.5757435653598588
130.958501	1.5757435653598588
130.958501	1.5757435653598588
130.958501	1.5757435653598588
130.958501	1.5757435653598588
131.006479	1.5757152133627326
131.018505	1.5757090513228111
131.018505	1.5757090513228111
131.018505	1.5757090513228111
131.018505	1.5757090513228111
131.018505	1.5757090513228111
131.018505	1.5757090513228111
131.078526	1.5756847597293948
131.078526	1.5756847597293948
131.078526	1.5756847597293948
131.078526	1.5756847597293948
131.114471	1.5756748866446428
131.114471	1.5756748866446428
131.13857	1.5756699865436776
131.13857	1.5756699865436776
131.150407	1.5756682186808688
131.162407	1.5756666090807789
131.174567	1.5756654323007144
131.186445	1.5756645730411789
131.198521	1.5756639481944268
131.198521	1.5756639481944268
131.198521	1.5756639481944268
131.222425	1.575663783422605
131.222425	1.575663783422605
131.246425	1.5756648339292911
131.258526	1.5756657158079641
131.258526	1.5756657158079641
131.258526	1.5756657158079641
131.258526	1.5756657158079641
131.258526	1.5756657158079641
131.258526	1.5756657158079641
131.318568	1.57567433147213
131.318568	1.57567433147213
131.318568	1.57567433147213
131.318568	1.57567433147213
131.318568	1.57567433147213
131.318568	1.57567433147213
131.378521	1.5756887532334332
131.378521	1.5756887532334332
131.378521	1.5756887532334332
131.378521	1.5756887532334332
131.378521	1.5756887532334332
131.378521	1.5756887532334332
131.438522	1.5757079733901818
131.438522	1.5757079733901818
131.438522	1.5757079733901818
131.438522	1.5757079733901818
131.438522	1.5757079733901818
131.486425	1.575726100365114
131.498525	1.5757309694279951
131.498525	1.5757309694279951
131.498525	1.5757309694279951
131.498525	1.5757309694279951
131.498525	1.5757309694279951
131.498525	1.5757309694279951
131.558524	1.5757567591574375
131.558524	1.5757567591574375
131.558524	1.5757567591574375
131.558524	1.5757567591574375
131.594498	1.5757731894173073
131.606425	1.5757787497891782
131.618551	1.5757844430460981
131.618551	1.5757844430460981
131.618551	1.5757844430460981
131.618551	1.5757844430460981
131.618551	1.5757844430460981
131.618551	1.5757844430460981
131.678522	1.5758131557441426
131.678522	1.5758131557441426
131.678522	1.5758131557441426
131.678522	1.5758131557441426
131.678522	1.5758131557441426
131.678522	1.5758131557441426
131.738521	1.575842214351358
131.738521	1.575842214351358
131.738521	1.575842214351358
131.738521	1.575842214351358
131.738521	1.575842214351358
131.738521	1.575842214351358
131.798587	1.5758710352301688
131.798587	1.5758710352301688
131.798587	1.5758710352301688
131.798587	1.5758710352301688
131.798587	1.5758710352301688
131.846425	1.5758934650028371
131.858542	1.575899059876162
131.858542	1.575899059876162
131.858542	1.575899059876162
131.858542	1.575899059876162
131.858542	1.575899059876162
131.858542	1.575899059876162
131.918519	1.5759260132982156
131.918519	1.5759260132982156
131.918519	1.5759260132982156
131.918519	1.5759260132982156
131.918519	1.5759260132982156
131.918519	1.5759260132982156
131.978522	1.5759516814271932
131.978522	1.5759516814271932
131.990426	1.5759565953899137
132.002425	1.5759615181482332
132.002425	1.5759615181482332
132.002425	1.5759615181482332
132.038519	1.5759759599513745
132.038519	1.5759759599513745
132.038519	1.5759759599513745
132.038519	1.5759759599513745
132.038519	1.5759759599513745
132.038519	1.5759759599513745
132.098542	1.5759988913016976
132.098542	1.5759988913016976
132.098542	1.5759988913016976
132.098542	1.5759988913016976
132.098542	1.5759988913016976
132.146426	1.5760162600603984
132.158553	1.5760205491873978
132.158553	1.5760205491873978
132.158569	1.5760205548463433
132.158569	1.5760205548463433
132.158569	1.5760205548463433
132.206441	1.5760370171325506
132.218534	1.5760410900518698
132.218534	1.5760410900518698
132.218534	1.5760410900518698
132.218534	1.5760410900518698
132.25451	1.5760530019094465
132.25451	1.5760530019094465
132.278535	1.5760608440115833
132.278535	1.5760608440115833
132.278535	1.5760608440115833
132.278535	1.5760608440115833
132.278535	1.5760608440115833
132.278535	1.5760608440115833
132.338546	1.5760801895429362
132.338546	1.5760801895429362
132.338546	1.5760801895429362
132.338546	1.5760801895429362
132.338546	1.5760801895429362
132.338546	1.5760801895429362
132.398538	1.5760995422820483
132.398538	1.5760995422820483
132.398538	1.5760995422820483
132.398538	1.5760995422820483
132.398538	1.5760995422820483
132.398538	1.5760995422820483
132.458616	1.5761193828312527
132.458616	1.5761193828312527
132.458616	1.5761193828312527
132.458616	1.5761193828312527
132.458616	1.5761193828312527
132.506441	1.5761358190338246
132.518547	1.5761400841517998
132.518547	1.5761400841517998
132.518547	1.5761400841517998
132.542441	1.5761486922478052
132.542441	1.5761486922478052
132.542441	1.5761486922478052
132.542441	1.5761486922478052
132.542441	1.5761486922478052
132.542441	1.5761486922478052
132.542441	1.5761486922478052
132.542441	1.5761486922478052
132.57857	1.5761621634277279
132.638549	1.5761859744530549
132.638549	1.5761859744530549
132.638549	1.5761859744530549
132.638549	1.5761859744530549
132.638549	1.5761859744530549
132.638549	1.5761859744530549
132.698536	1.5762118890195673
132.698536	1.5762118890195673
132.698536	1.5762118890195673
132.722518	1.5762229113618305
132.722518	1.5762229113618305
132.746461	1.576234324410446
132.758543	1.5762402095519659
132.758543	1.5762402095519659
132.770441	1.5762461581062175
132.782442	1.5762522163160839
132.782442	1.5762522163160839
132.782442	1.5762522163160839
132.818536	1.5762711517494981
132.818536	1.5762711517494981
132.830441	1.576277648622336
132.830441	1.576277648622336
132.854577	1.5762910967487433
132.866441	1.5762978840831594
132.878556	1.5763049033328123
132.878556	1.5763049033328123
132.878556	1.5763049033328123
132.878556	1.5763049033328123
132.878556	1.5763049033328123
132.878556	1.5763049033328123
132.93856	1.5763415292460881
132.93856	1.5763415292460881
132.93856	1.5763415292460881
132.93856	1.5763415292460881
132.93856	1.5763415292460881
132.93856	1.5763415292460881
132.998538	1.5763810290628053
132.998538	1.5763810290628053
132.998538	1.5763810290628053
133.022444	1.5763975712737595
133.034508	1.576406098292773
133.046441	1.5764146306660531
133.05854	1.5764233664107929
133.05854	1.5764233664107929
133.05854	1.5764233664107929
133.05854	1.5764233664107929
133.05854	1.5764233664107929
133.106441	1.5764591220474105
133.118611	1.5764684413464547
133.118611	1.5764684413464547
133.130441	1.5764776448931273
133.130441	1.5764776448931273
133.130441	1.5764776448931273
133.130441	1.5764776448931273
133.178537	1.5765158991430344
133.178555	1.5765159136513656
133.178555	1.5765159136513656
133.178555	1.5765159136513656
133.178555	1.5765159136513656
133.226467	1.5765555042447805
133.238554	1.5765656814591529
133.238554	1.5765656814591529
133.238554	1.5765656814591529
133.238554	1.5765656814591529
133.238554	1.5765656814591529
133.238554	1.5765656814591529
133.298555	1.5766174239302175
133.298555	1.5766174239302175
133.298555	1.5766174239302175
133.298555	1.5766174239302175
133.298555	1.5766174239302175
133.34646	1.5766599538611563
133.358563	1.5766708317667393
133.358563	1.5766708317667393
133.358563	1.5766708317667393
133.358563	1.5766708317667393
133.358563	1.5766708317667393
133.358563	1.5766708317667393
133.418595	1.5767255880295217
133.418595	1.5767255880295217
133.418595	1.5767255880295217
133.418595	1.5767255880295217
133.418595	1.5767255880295217
133.418595	1.5767255880295217
133.478556	1.5767812726660344
133.478556	1.5767812726660344
133.478556	1.5767812726660344
133.478556	1.5767812726660344
133.478556	1.5767812726660344
133.478556	1.5767812726660344
133.538552	1.5768376543116129
133.538552	1.5768376543116129
133.538552	1.5768376543116129
133.562459	1.5768602346602729
133.574524	1.5768716456764325
133.586459	1.5768829387255807
133.598561	1.5768943940788696
133.598561	1.5768943940788696
133.598561	1.5768943940788696
133.598561	1.5768943940788696
133.598561	1.5768943940788696
133.646532	1.576939803074517
133.658576	1.5769511953079611
133.658576	1.5769511953079611
133.658576	1.5769511953079611
133.658576	1.5769511953079611
133.658576	1.5769511953079611
133.658576	1.5769511953079611
133.658576	1.5769511953079611
133.658576	1.5769511953079611
133.658576	1.5769511953079611
133.658576	1.5769511953079611
133.658576	1.5769511953079611
133.718552	1.5770077503604822
133.778624	1.5770638844634028
133.778624	1.5770638844634028
133.778624	1.5770638844634028
133.802459	1.5770859578632472
133.802459	1.5770859578632472
133.826479	1.577108071505706
133.838552	1.57711914538667
133.838552	1.57711914538667
133.838552	1.57711914538667
133.838552	1.57711914538667
133.838552	1.57711914538667
133.838552	1.57711914538667
133.898554	1.5771736083943324
133.898554	1.5771736083943324
133.898554	1.5771736083943324
133.922459	1.5771950425416195
133.934533	1.5772058057814073
133.934533	1.5772058057814073
133.958557	1.5772271192894889
133.958557	1.5772271192894889
133.970477	1.5772376210730339
133.982459	1.5772481556355833
133.982459	1.5772481556355833
134.006458	1.5772691125771079
134.018553	1.5772796248811196
134.018553	1.5772796248811196
134.018553	1.5772796248811196
134.018553	1.5772796248811196
134.054528	1.5773106185426007
134.066459	1.5773208199298971
134.078656	1.5773312181018482
134.078656	1.5773312181018482
134.078656	1.5773312181018482
134.078656	1.5773312181018482
134.078656	1.5773312181018482
134.078656	1.5773312181018482
134.138554	1.5773816696036322
134.138554	1.5773816696036322
134.138554	1.5773816696036322
134.138554	1.5773816696036322
134.138554	1.5773816696036322
134.138571	1.5773816838286903
134.198579	1.5774313374809663
134.198579	1.5774313374809663
134.198579	1.5774313374809663
134.222522	1.5774509204433262
134.234541	1.5774607027028793
134.234541	1.5774607027028793
134.258574	1.5774801897494632
134.258574	1.5774801897494632
134.258574	1.5774801897494632
134.258574	1.5774801897494632
134.258574	1.5774801897494632
134.258574	1.5774801897494632
134.318606	1.57752840287975
134.318606	1.57752840287975
134.330476	1.5775378635690624
134.330476	1.5775378635690624
134.330476	1.5775378635690624
134.366476	1.577566458912679
134.37858	1.5775760415024256
134.37858	1.5775760415024256
134.37858	1.5775760415024256
134.37858	1.5775760415024256
134.37858	1.5775760415024256
134.37858	1.5775760415024256
134.438728	1.577623445565608
134.438728	1.577623445565608
134.438728	1.577623445565608
134.438728	1.577623445565608
134.438728	1.577623445565608
134.438728	1.577623445565608
134.498571	1.5776704055903346
134.498571	1.5776704055903346
134.498571	1.5776704055903346
134.498571	1.5776704055903346
134.534548	1.5776986084992437
134.546476	1.5777079619976644
134.558593	1.577717465789626
134.558593	1.577717465789626
134.558593	1.577717465789626
134.558593	1.577717465789626
134.558593	1.577717465789626
134.606479	1.5777550889988943
134.606479	1.5777550889988943
134.606479	1.5777550889988943
134.606479	1.5777550889988943
134.606479	1.5777550889988943
134.606479	1.5777550889988943
134.606479	1.5777550889988943
134.618577	1.5777646126570937
134.678573	1.5778120393019119
134.690498	1.5778215151475665
134.690498	1.5778215151475665
134.690498	1.5778215151475665
134.690498	1.5778215151475665
134.738573	1.5778598777206965
134.738573	1.5778598777206965
134.750476	1.5778694325707336
134.750476	1.5778694325707336
134.774541	1.5778888040318908
134.786476	1.5778984474045696
134.798572	1.5779082391281074
134.798572	1.5779082391281074
134.810476	1.5779179115901965
134.810476	1.5779179115901965
134.810476	1.5779179115901965
134.846476	1.5779472968387933
134.846476	1.5779472968387933
134.846476	1.5779472968387933
134.858574	1.5779572202090564
134.882476	1.5779769216162369
134.882476	1.5779769216162369
134.882476	1.5779769216162369
134.918571	1.5780068837562207
134.918571	1.5780068837562207
134.918571	1.5780068837562207
134.918571	1.5780068837562207
134.918571	1.5780068837562207
134.918571	1.5780068837562207
134.978576	1.5780562662703626
134.978576	1.5780562662703626
134.978576	1.5780562662703626
134.978576	1.5780562662703626
134.978576	1.5780562662703626
134.978576	1.5780562662703626
135.038592	1.5780163703147105
135.038592	1.5780163703147105
135.038592	1.5780163703147105
135.038592	1.5780163703147105
135.074546	1.5778026218728669
135.086497	1.5776948182183916
135.098644	1.5775711950425435
135.098644	1.5775711950425435
135.098644	1.5775711950425435
135.098644	1.5775711950425435
135.098644	1.5775711950425435
135.098644	1.5775711950425435
135.158612	1.5768426956164574
135.158612	1.5768426956164574
135.158612	1.5768426956164574
135.158612	1.5768426956164574
135.194567	1.5764145602552977
135.206494	1.5762776169493824
135.218629	1.576140261578916
135.218629	1.576140261578916
135.218629	1.576140261578916
135.218629	1.576140261578916
135.218629	1.576140261578916
135.218629	1.576140261578916
135.27859	1.5754991405897725
135.27859	1.5754991405897725
135.27859	1.5754991405897725
135.27859	1.5754991405897725
135.314566	1.575141216886631
135.326494	1.5750266983249066
135.338596	1.5749121236042434
135.338596	1.5749121236042434
135.338596	1.5749121236042434
135.338596	1.5749121236042434
135.338596	1.5749121236042434
135.338596	1.5749121236042434
135.398631	1.5743767120153469
135.398631	1.5743767120153469
135.398631	1.5743767120153469
135.398631	1.5743767120153469
135.398631	1.5743767120153469
135.398631	1.5743767120153469
135.398631	1.5743767120153469
135.398631	1.5743767120153469
135.398631	1.5743767120153469
135.398631	1.5743767120153469
135.398631	1.5743767120153469
135.458593	1.5738905572977455
135.518607	1.5734487998413098
135.518607	1.5734487998413098
135.518607	1.5734487998413098
135.518607	1.5734487998413098
135.554563	1.5732042512651336
135.566494	1.5731261317793928
135.578589	1.5730481017372784
135.578589	1.5730481017372784
135.578589	1.5730481017372784
135.578589	1.5730481017372784
135.578589	1.5730481017372784
135.626574	1.5727544556385658
135.638599	1.5726839485159507
135.638599	1.5726839485159507
135.650501	1.5726160624414598
135.650501	1.5726160624414598
135.650501	1.5726160624414598
135.686494	1.5724171972518266
135.698588	1.5723525695544753
135.698588	1.5723525695544753
135.698588	1.5723525695544753
135.698588	1.5723525695544753
135.698588	1.5723525695544753
135.698588	1.5723525695544753
135.758668	1.5720492621793678
135.758668	1.5720492621793678
135.770494	1.5719928226601716
135.782494	1.5719360544947782
135.782494	1.5719360544947782
135.782494	1.5719360544947782
135.818588	1.57177119880342
135.818588	1.57177119880342
135.818588	1.57177119880342
135.842494	1.5716662147171816
135.842494	1.5716662147171816
135.866515	1.571563810889357
135.878598	1.5715131719648989
135.878598	1.5715131719648989
135.878598	1.5715131719648989
135.902494	1.5714153170169387
135.902494	1.5714153170169387
135.926497	1.571319521906908
135.938589	1.5712719679883937
135.938589	1.5712719679883937
135.938589	1.5712719679883937
135.938589	1.5712719679883937
135.974558	1.5711340620816625
135.974558	1.5711340620816625
135.998606	1.5710440720265224
135.998606	1.5710440720265224
135.998606	1.5710440720265224
135.998606	1.5710440720265224
135.998606	1.5710440720265224
135.998606	1.5710440720265224
136.058596	1.5708267264070599
136.058596	1.5708267264070599
136.070493	1.5707847133162105
136.070493	1.5707847133162105
136.070493	1.5707847133162105
136.070493	1.5707847133162105
136.118589	1.5706172900810711
136.118589	1.5706172900810711
136.118589	1.5706172900810711
136.118589	1.5706172900810711
136.118589	1.5706172900810711
136.118589	1.5706172900810711
136.178588	1.570413662419992
136.178588	1.570413662419992
136.178605	1.5704136052124533
136.202511	1.5703337244806461
136.214576	1.5702936471000712
136.226511	1.5702541212921275
136.238607	1.5702141633867652
136.238607	1.5702141633867652
136.238607	1.5702141633867652
136.238607	1.5702141633867652
136.238607	1.5702141633867652
136.238607	1.5702141633867652
136.238607	1.5702141633867652
136.299167	1.5700159356770249
136.299167	1.5700159356770249
136.299167	1.5700159356770249
136.299167	1.5700159356770249
136.299167	1.5700159356770249
136.358609	1.5698237026085893
136.358609	1.5698237026085893
136.370524	1.5697854431115259
136.370524	1.5697854431115259
136.370524	1.5697854431115259
136.370524	1.5697854431115259
136.418676	1.5696315675520955
136.418676	1.5696315675520955
136.430518	1.569593974205328
136.430518	1.569593974205328
136.45459	1.5695177881478513
136.466512	1.5694802138287347
136.478611	1.5694421610714131
136.478611	1.5694421610714131
136.478611	1.5694421610714131
136.478611	1.5694421610714131
136.478611	1.5694421610714131
136.478611	1.5694421610714131
136.538635	1.5692552785837861
136.538635	1.5692552785837861
136.538635	1.5692552785837861
136.538635	1.5692552785837861
136.574579	1.569145052596558
136.574579	1.569145052596558
136.598609	1.5690721233107658
136.598609	1.5690721233107658
136.598609	1.5690721233107658
136.598609	1.5690721233107658
136.598609	1.5690721233107658
136.598609	1.5690721233107658
136.658617	1.5688934231397416
136.658617	1.5688934231397416
136.658617	1.5688934231397416
136.658617	1.5688934231397416
136.658617	1.5688934231397416
136.658617	1.5688934231397416
136.718626	1.5687204373273504
136.718626	1.5687204373273504
136.718626	1.5687204373273504
136.718626	1.5687204373273504
136.75458	1.5686201198223579
136.766511	1.5685874281091361
136.778608	1.5685545224818962
136.778608	1.5685545224818962
136.778608	1.5685545224818962
136.778608	1.5685545224818962
136.814657	1.5684587719146648
136.826511	1.5684279781009483
136.838606	1.5683968346562693
136.838606	1.5683968346562693
136.838606	1.5683968346562693
136.838606	1.5683968346562693
136.838606	1.5683968346562693
136.838606	1.5683968346562693
136.89861	1.5682486170143339
136.89861	1.5682486170143339
136.89861	1.5682486170143339
136.89861	1.5682486170143339
136.89861	1.5682486170143339
136.89861	1.5682486170143339
136.958613	1.5681110080428546
136.958613	1.5681110080428546
136.958613	1.5681110080428546
136.958613	1.5681110080428546
136.994582	1.5680341102665911
137.006511	1.5680095472525089
137.018629	1.5679849676904791
137.018629	1.5679849676904791
137.018629	1.5679849676904791
137.018629	1.5679849676904791
137.018629	1.5679849676904791
137.066532	1.5678933544194524
137.078679	1.5678712786477091
137.078679	1.5678712786477091
137.078679	1.5678712786477091
137.078679	1.5678712786477091
137.114579	1.5678096066400531
137.114579	1.5678096066400531
137.138607	1.5677708187119523
137.138607	1.5677708187119523
137.138607	1.5677708187119523
137.162511	1.5677345008019081
137.174576	1.5677170332278925
137.186511	1.5677002438388075
137.198624	1.5676836183106593
137.198642	1.567683593605012
137.198642	1.567683593605012
137.222529	1.5676526953262597
137.234594	1.5676379527093447
137.234594	1.5676379527093447
137.258632	1.5676099779661428
137.258632	1.5676099779661428
137.258632	1.5676099779661428
137.258632	1.5676099779661428
137.258632	1.5676099779661428
137.258632	1.5676099779661428
137.318641	1.5675497615673193
137.318641	1.5675497615673193
137.318641	1.5675497615673193
137.318641	1.5675497615673193
137.318641	1.5675497615673193
137.318641	1.5675497615673193
137.37863	1.5675026333771758
137.37863	1.5675026333771758
137.37863	1.5675026333771758
137.40253	1.5674874076731096
137.414602	1.5674805010729038
137.426536	1.5674741102701431
137.438623	1.5674680029444512
137.438623	1.5674680029444512
137.450533	1.5674626732117347
137.46255	1.5674575487681068
137.46255	1.5674575487681068
137.486529	1.5674489307095858
137.498624	1.5674451288090743
137.498624	1.5674451288090743
137.498624	1.5674451288090743
137.522529	1.5674391158662206
137.522529	1.5674391158662206
137.546529	1.5674347783388605
137.558632	1.5674330862768495
137.558632	1.5674330862768495
137.558632	1.5674330862768495
137.582529	1.567431096778007
137.582529	1.567431096778007
137.582529	1.567431096778007
137.618626	1.5674308113383908
137.618626	1.5674308113383908
137.630529	1.5674315069282312
137.630529	1.5674315069282312
137.6546	1.567433710123143
137.6546	1.567433710123143
137.678625	1.5674371433528342
137.678625	1.5674371433528342
137.678625	1.5674371433528342
137.678625	1.5674371433528342
137.714595	1.5674446096976724
137.72655	1.5674476218093754
137.738764	1.5674508996666034
137.738764	1.5674508996666034
137.738764	1.5674508996666034
137.762529	1.5674581234677729
137.762529	1.5674581234677729
137.762529	1.5674581234677729
137.798624	1.5674707269854857
137.798624	1.5674707269854857
137.798624	1.5674707269854857
137.798624	1.5674707269854857
137.798624	1.5674707269854857
137.798624	1.5674707269854857
137.858645	1.5674955037846932
137.858645	1.5674955037846932
137.870602	1.5675009548716843
137.870602	1.5675009548716843
137.870602	1.5675009548716843
137.870602	1.5675009548716843
137.91863	1.5675239669233243
137.91863	1.5675239669233243
137.91863	1.5675239669233243
137.91863	1.5675239669233243
137.91863	1.5675239669233243
137.96653	1.5675486145405431
137.978625	1.5675550170389165
137.978625	1.5675550170389165
137.978625	1.5675550170389165
137.978625	1.5675550170389165
137.978625	1.5675550170389165
137.978625	1.5675550170389165
138.038709	1.5675876807553664
138.038709	1.5675876807553664
138.038709	1.5675876807553664
138.038709	1.5675876807553664
138.074599	1.5676075673347132
138.074599	1.5676075673347132
138.098625	1.5676209254710383
138.098625	1.5676209254710383
138.098625	1.5676209254710383
138.098625	1.5676209254710383
138.098625	1.5676209254710383
138.098625	1.5676209254710383
138.158626	1.5676541310928074
138.158626	1.5676541310928074
138.158626	1.5676541310928074
138.18253	1.5676671927604027
138.194595	1.5676737293651366
138.194612	1.5676737385754373
138.21865	1.5676866546615669
138.21865	1.5676866546615669
138.21865	1.5676866546615669
138.21865	1.5676866546615669
138.254632	1.567705614221792
138.266623	1.5677118284788896
138.278647	1.5677180187147297
138.278647	1.5677180187147297
138.278647	1.5677180187147297
138.278647	1.5677180187147297
138.278647	1.5677180187147297
138.278647	1.5677180187147297
138.338644	1.5677479474763163
138.338644	1.5677479474763163
138.338644	1.5677479474763163
138.338644	1.5677479474763163
138.338644	1.5677479474763163
138.338644	1.5677479474763163
138.338644	1.5677479474763163
138.338644	1.5677479474763163
138.338644	1.5677479474763163
138.338644	1.5677479474763163
138.338644	1.5677479474763163
138.398738	1.567776357337282
138.458655	1.5678031295446664
138.458655	1.5678031295446664
138.458655	1.5678031295446664
138.458655	1.5678031295446664
138.458655	1.5678031295446664
138.506546	1.5678234919749461
138.518661	1.5678285267101379
138.518661	1.5678285267101379
138.518661	1.5678285267101379
138.542546	1.5678382926974122
138.542546	1.5678382926974122
138.542546	1.5678382926974122
138.578641	1.567852753097388
138.578641	1.567852753097388
138.590566	1.5678574531693192
138.602546	1.5678621593112356
138.602546	1.5678621593112356
138.626546	1.5678714978765751
138.638651	1.5678761823844609
138.638651	1.5678761823844609
138.638651	1.5678761823844609
138.638651	1.5678761823844609
138.674618	1.5678900118587384
138.686546	1.5678945870207261
138.698727	1.5678992577246484
138.698727	1.5678992577246484
138.698727	1.5678992577246484
138.698727	1.5678992577246484
138.698727	1.5678992577246484
138.698727	1.5678992577246484
138.758646	1.5679224278662753
138.758646	1.5679224278662753
138.770546	1.5679271100383301
138.770546	1.5679271100383301
138.770546	1.5679271100383301
138.770546	1.5679271100383301
138.818641	1.5679463717619031
138.818641	1.5679463717619031
138.83055	1.5679512725584901
138.83055	1.5679512725584901
138.83055	1.5679512725584901
138.866547	1.5679663849535623
138.878644	1.5679715768157454
138.878644	1.5679715768157454
138.878644	1.5679715768157454
138.878644	1.5679715768157454
138.878644	1.5679715768157454
138.878644	1.5679715768157454
138.938664	1.5679985386457531
138.938664	1.5679985386457531
138.938664	1.5679985386457531
138.938664	1.5679985386457531
138.938664	1.5679985386457531
138.986567	1.5680216504727227
138.998641	1.568027696327126
138.998641	1.568027696327126
138.998641	1.568027696327126
138.998641	1.568027696327126
138.998641	1.568027696327126
138.998641	1.568027696327126
139.058713	1.568059536659574
139.058713	1.568059536659574
139.058713	1.568059536659574
139.058713	1.568059536659574
139.094614	1.5680799999820443
139.106611	1.5680870850720527
139.118663	1.5680942985716964
139.118663	1.5680942985716964
139.118663	1.5680942985716964
139.118663	1.5680942985716964
139.118663	1.5680942985716964
139.118663	1.5680942985716964
139.17865	1.5681323416074522
139.17865	1.5681323416074522
139.17865	1.5681323416074522
139.17865	1.5681323416074522
139.178668	1.5681323533842257
139.226568	1.5681652364501351
139.226568	1.5681652364501351
139.226568	1.5681652364501351
139.226568	1.5681652364501351
139.226568	1.5681652364501351
139.23866	1.568173854546038
139.286564	1.5682095804854363
139.298659	1.568218923141605
139.298659	1.568218923141605
139.310564	1.5682283297346777
139.322636	1.5682379478040793
139.322636	1.5682379478040793
139.322636	1.5682379478040793
139.358666	1.5682675824908867
139.358666	1.5682675824908867
139.358666	1.5682675824908867
139.358666	1.5682675824908867
139.358666	1.5682675824908867
139.406564	1.5683089864615769
139.418673	1.5683197643412274
139.418673	1.5683197643412274
139.430564	1.568330546694511
139.442564	1.5683415003164802
139.454705	1.5683527586381865
139.454705	1.5683527586381865
139.478661	1.5683753095087747
139.478661	1.5683753095087747
139.490567	1.5683867505163931
139.490567	1.5683867505163931
139.490567	1.5683867505163931
139.490567	1.5683867505163931
139.490567	1.5683867505163931
139.490567	1.5683867505163931
139.490567	1.5683867505163931
139.490567	1.5683867505163931
139.490567	1.5683867505163931
139.538661	1.5684340332146842
139.598682	1.5684956734385402
139.598682	1.5684956734385402
139.610629	1.5685082863705591
139.610629	1.5685082863705591
139.634641	1.5685338727720306
139.646566	1.5685467270756832
139.658698	1.5685598745795328
139.658698	1.5685598745795328
139.658698	1.5685598745795328
139.658698	1.5685598745795328
139.658698	1.5685598745795328
139.658698	1.5685598745795328
139.718737	1.5686262967978282
139.718737	1.5686262967978282
139.718737	1.5686262967978282
139.742565	1.5686531861784303
139.742565	1.5686531861784303
139.742565	1.5686531861784303
139.778678	1.5686944155574383
139.778678	1.5686944155574383
139.790586	1.5687081418606681
139.802565	1.568721978325573
139.802565	1.568721978325573
139.802565	1.568721978325573
139.838662	1.5687639882330198
139.838662	1.5687639882330198
139.838662	1.5687639882330198
139.838662	1.5687639882330198
139.838662	1.5687639882330198
139.838662	1.5687639882330198
139.898659	1.5688345802964745
139.898659	1.5688345802964745
139.898659	1.5688345802964745
139.898659	1.5688345802964745
139.898659	1.5688345802964745
139.946566	1.5688914417163293
139.958664	1.5689058470946486
139.958664	1.5689058470946486
139.958664	1.5689058470946486
139.958664	1.5689058470946486
139.958664	1.5689058470946486
140.006565	1.5689630226578297
140.018742	1.5689775740905381
140.018742	1.5689775740905381
140.018742	1.5689775740905381
140.018742	1.5689775740905381
140.018742	1.5689775740905381
140.018742	1.5689775740905381
140.078662	1.5690491549251062
140.078662	1.5690491549251062
140.078662	1.5690491549251062
140.078662	1.5690491549251062
140.078662	1.5690491549251062
140.078662	1.5690491549251062
140.138659	1.569120574987408
140.138659	1.569120574987408
140.138659	1.569120574987408
140.138659	1.569120574987408
140.174629	1.5691631653333822
140.186586	1.5691772759608735
140.198668	1.569191514915433
140.198668	1.569191514915433
140.198668	1.569191514915433
140.222583	1.5692196011969037
140.222583	1.5692196011969037
140.222583	1.5692196011969037
140.25869	1.5692617808829654
140.25869	1.5692617808829654
140.25869	1.5692617808829654
140.25869	1.5692617808829654
140.25869	1.5692617808829654
140.25869	1.5692617808829654
140.318747	1.5693312542024103
140.318747	1.5693312542024103
140.330583	1.5693448290342003
140.342583	1.5693585718630645
140.342583	1.5693585718630645
140.342583	1.5693585718630645
140.378755	1.5693997488828983
140.378755	1.5693997488828983
140.378755	1.5693997488828983
140.378755	1.5693997488828983
140.378755	1.5693997488828983
140.378755	1.5693997488828983
140.438686	1.5694672005993282
140.438686	1.5694672005993282
140.438686	1.5694672005993282
140.438686	1.5694672005993282
140.438686	1.5694672005993282
140.438686	1.5694672005993282
140.498678	1.5695337791638455
140.498678	1.5695337791638455
140.498678	1.5695337791638455
140.522583	1.5695600565155916
140.522583	1.5695600565155916
140.522583	1.5695600565155916
140.55868	1.5695994901005588
140.55868	1.5695994901005588
140.55868	1.5695994901005588
140.55868	1.5695994901005588
140.594653	1.5696385014800591
140.594653	1.5696385014800591
140.61868	1.5696644247892662
140.61868	1.5696644247892662
140.61868	1.5696644247892662
140.61868	1.5696644247892662
140.61868	1.5696644247892662
140.61868	1.5696644247892662
140.61868	1.5696644247892662
140.61868	1.5696644247892662
140.61868	1.5696644247892662
140.61868	1.5696644247892662
140.61868	1.5696644247892662
140.678777	1.569728819910952
140.738677	1.5697925197117533
140.738677	1.5697925197117533
140.750585	1.5698051384272775
140.750585	1.5698051384272775
140.750585	1.5698051384272775
140.750585	1.5698051384272775
140.750585	1.5698051384272775
140.750585	1.5698051384272775
140.750585	1.5698051384272775
140.798678	1.5698560239100261
140.834649	1.5698940270948647
140.846593	1.5699066439726881
140.858683	1.5699194154045575
140.858683	1.5699194154045575
140.858683	1.5699194154045575
140.858683	1.5699194154045575
140.858683	1.5699194154045575
140.858683	1.5699194154045575
140.858683	1.5699194154045575
140.858683	1.5699194154045575
140.858683	1.5699194154045575
140.858683	1.5699194154045575
140.858683	1.5699194154045575
140.918681	1.5699828690830526
140.978679	1.5700465748241839
140.978679	1.5700465748241839
140.978679	1.5700465748241839
141.002584	1.5700720678460789
141.002584	1.5700720678460789
141.002584	1.5700720678460789
141.038746	1.5701107792838762
141.038746	1.5701107792838762
141.038746	1.5701107792838762
141.038746	1.5701107792838762
141.038746	1.5701107792838762
141.086586	1.5701623308580035
141.0987	1.5701754447010656
141.0987	1.5701754447010656
141.0987	1.5701754447010656
141.0987	1.5701754447010656
141.0987	1.5701754447010656
141.0987	1.5701754447010656
141.158686	1.5702409113694811
141.158686	1.5702409113694811
141.158686	1.5702409113694811
141.158686	1.5702409113694811
141.194654	1.5702806217769172
141.194654	1.5702806217769172
141.218685	1.5703073418853417
141.230601	1.5703206672484478
141.230601	1.5703206672484478
141.230601	1.5703206672484478
141.254668	1.5703476818254236
141.254668	1.5703476818254236
141.278709	1.5703748331173366
141.278709	1.5703748331173366
141.290601	1.5703883429071535
141.290601	1.5703883429071535
141.314669	1.5704157894414752
141.314669	1.5704157894414752
141.314669	1.5704157894414752
141.338794	1.5704434718516402
141.350601	1.5704571000593763
141.3626	1.5704709730980333
141.3626	1.5704709730980333
141.3626	1.5704709730980333
141.398696	1.5705129913083569
141.398696	1.5705129913083569
141.398696	1.5705129913083569
141.398696	1.5705129913083569
141.398696	1.5705129913083569
141.446602	1.5705693751919616
141.458705	1.5705837158081863
141.458705	1.5705837158081863
141.470814	1.5705981264643434
141.470814	1.5705981264643434
141.494685	1.5706266335820602
141.494685	1.5706266335820602
141.518694	1.5706554626383429
141.518694	1.5706554626383429
141.518694	1.5706554626383429
141.518694	1.5706554626383429
141.518694	1.5706554626383429
141.518694	1.5706554626383429
141.5787	1.57072820821916
141.5787	1.57072820821916
141.5787	1.57072820821916
141.5787	1.57072820821916
141.5787	1.57072820821916
141.5787	1.57072820821916
141.638698	1.5708018302426006
141.638698	1.5708018302426006
141.638698	1.5708018302426006
141.638698	1.5708018302426006
141.638698	1.5708018302426006
141.638698	1.5708018302426006
141.698763	1.5708763046927623
141.698763	1.5708763046927623
141.698763	1.5708763046927623
141.698763	1.5708763046927623
141.698763	1.5708763046927623
141.746601	1.570936092373286
141.758717	1.5709512860571728
141.758717	1.5709512860571728
141.758717	1.5709512860571728
141.758717	1.5709512860571728
141.758717	1.5709512860571728
141.758717	1.5709512860571728
141.818714	1.5710268334488382
141.818714	1.5710268334488382
141.818714	1.5710268334488382
141.818714	1.5710268334488382
141.818714	1.5710268334488382
141.818714	1.5710268334488382
141.878697	1.5711027378892106
141.878697	1.5711027378892106
141.890639	1.5711178844451723
141.890639	1.5711178844451723
141.914667	1.5711483786345843
141.914667	1.5711483786345843
141.938695	1.5711788963708102
141.938695	1.5711788963708102
141.938695	1.5711788963708102
141.938695	1.5711788963708102
141.938695	1.5711788963708102
141.938695	1.5711788963708102
141.998736	1.5712552025793074
141.998736	1.5712552025793074
141.998736	1.5712552025793074
142.022621	1.5712855549267559
142.022621	1.5712855549267559
142.022621	1.5712855549267559
142.0587	1.571331376618466
142.0587	1.571331376618466
142.0587	1.571331376618466
142.0587	1.571331376618466
142.0587	1.571331376618466
142.0587	1.571331376618466
142.118696	1.5714074427983247
142.118696	1.5714074427983247
142.118696	1.5714074427983247
142.142602	1.5714376870670315
142.142602	1.5714376870670315
142.166601	1.5714680023540575
142.17872	1.5714832958921718
142.17872	1.5714832958921718
142.17872	1.5714832958921718
142.17872	1.5714832958921718
142.17872	1.5714832958921718
142.17872	1.5714832958921718
142.238723	1.5715587923312115
142.238723	1.5715587923312115
142.238723	1.5715587923312115
142.262629	1.5715887633863965
142.274692	1.5716038609006042
142.28664	1.571618798814379
142.298717	1.5716338853465552
142.298717	1.5716338853465552
142.298717	1.5716338853465552
142.298717	1.5716338853465552
142.298717	1.5716338853465552
142.298717	1.5716338853465552
142.298717	1.5716338853465552
142.35881	1.5717086639938944
142.37062	1.571723300659956
142.37062	1.571723300659956
142.394695	1.5717530932034849
142.40662	1.571767820720942
142.418734	1.5717827674931186
142.418734	1.5717827674931186
142.43062	1.5717974049675281
142.44262	1.5718121725885805
142.44262	1.5718121725885805
142.44262	1.5718121725885805
142.478745	1.5718565064741692
142.478745	1.5718565064741692
142.478745	1.5718565064741692
142.50262	1.5718857123455812
142.50262	1.5718857123455812
142.526623	1.5719150012572276
142.538737	1.5719297612575402
142.538737	1.5719297612575402
142.538737	1.5719297612575402
142.538737	1.5719297612575402
142.538737	1.5719297612575402
142.538737	1.5719297612575402
142.598715	1.5720025649164244
142.598715	1.5720025649164244
142.598715	1.5720025649164244
142.598715	1.5720025649164244
142.598715	1.5720025649164244
142.64662	1.5720604261907054
142.65873	1.5720750201562816
142.65873	1.5720750201562816
142.65873	1.5720750201562816
142.65873	1.5720750201562816
142.694686	1.5721182594352487
142.706621	1.5721325875490773
142.718717	1.5721470999381966
142.718717	1.5721470999381966
142.718717	1.5721470999381966
142.718717	1.5721470999381966
142.754757	1.5721902639933822
142.754757	1.5721902639933822
142.754757	1.5721902639933822
142.754757	1.5721902639933822
142.754757	1.5721902639933822
142.754757	1.5721902639933822
142.754757	1.5721902639933822
142.778717	1.5722189138206957
142.838723	1.5722905175823823
142.838723	1.5722905175823823
142.838723	1.5722905175823823
142.838723	1.5722905175823823
142.838723	1.5722905175823823
142.838723	1.5722905175823823
142.898752	1.5723619919179863
142.898752	1.5723619919179863
142.898752	1.5723619919179863
142.898752	1.5723619919179863
142.934709	1.5724047572017021
142.946621	1.572418920335857
142.95872	1.5724333045252943
142.95872	1.5724333045252943
142.95872	1.5724333045252943
142.95872	1.5724333045252943
142.95872	1.5724333045252943
142.95872	1.5724333045252943
143.018783	1.5725047082378756
143.018783	1.5725047082378756
143.018783	1.5725047082378756
143.018783	1.5725047082378756
143.018783	1.5725047082378756
143.066641	1.5725616297019913
143.078723	1.5725760063929692
143.078723	1.5725760063929692
143.078723	1.5725760063929692
143.10262	1.5726044561728878
143.1147	1.5726188446824332
143.12662	1.5726330471454497
143.138715	1.5726474617975652
143.138715	1.5726474617975652
143.138715	1.5726474617975652
143.138715	1.5726474617975652
143.138715	1.5726474617975652
143.138715	1.5726474617975652
143.198736	1.572719087781443
143.198736	1.572719087781443
143.198736	1.572719087781443
143.198736	1.572719087781443
143.234685	1.5727620703510949
143.246638	1.5727763769545176
143.258736	1.5727908629701801
143.258736	1.5727908629701801
143.258736	1.5727908629701801
143.258736	1.5727908629701801
143.294703	1.5728339880115849
143.294703	1.5728339880115849
143.318756	1.5728628746957456
143.318756	1.5728628746957456
143.318756	1.5728628746957456
143.342639	1.5728916105128017
143.354706	1.5729061514915093
143.354706	1.5729061514915093
143.378738	1.57293514847704
143.378738	1.57293514847704
143.378738	1.57293514847704
143.378738	1.57293514847704
143.378738	1.57293514847704
143.426638	1.5729931283464393
143.438734	1.5730078021056737
143.438734	1.5730078021056737
143.438734	1.5730078021056737
143.438734	1.5730078021056737
143.438734	1.5730078021056737
143.486639	1.5730660724834924
143.498737	1.5730808192098438
143.498737	1.5730808192098438
143.498737	1.5730808192098438
143.522638	1.5731100002610101
143.522638	1.5731100002610101
143.522638	1.5731100002610101
143.558738	1.5731541704644583
143.558738	1.5731541704644583
143.558738	1.5731541704644583
143.558738	1.5731541704644583
143.558738	1.5731541704644583
143.606638	1.5732129543793809
143.618739	1.5732278309183776
143.618739	1.5732278309183776
143.618739	1.5732278309183776
143.618739	1.5732278309183776
143.654709	1.5732721230783364
143.654709	1.5732721230783364
143.67883	1.5733018708696265
143.67883	1.5733018708696265
143.67883	1.5733018708696265
143.702638	1.5733312709746594
143.702638	1.5733312709746594
143.726638	1.5733609418459489
143.738745	1.5733759190695482
143.738745	1.5733759190695482
143.738745	1.5733759190695482
143.738745	1.5733759190695482
143.738745	1.5733759190695482
143.738745	1.5733759190695482
143.798734	1.5734502403968582
143.798734	1.5734502403968582
143.798734	1.5734502403968582
143.798734	1.5734502403968582
143.798734	1.5734502403968582
143.798734	1.5734502403968582
143.858753	1.5735247395377108
143.858753	1.5735247395377108
143.858753	1.5735247395377108
143.858753	1.5735247395377108
143.858753	1.5735247395377108
143.906639	1.5735842519550789
143.918733	1.5735992885366388
143.918733	1.5735992885366388
143.930638	1.5736140925162372
143.930638	1.5736140925162372
143.930638	1.5736140925162372
143.966638	1.5736588631365105
143.978862	1.5736740659505837
143.978862	1.5736740659505837
143.978862	1.5736740659505837
144.002637	1.5737036331057903
144.002637	1.5737036331057903
144.026638	1.5737334768752482
144.038732	1.573748513065462
144.038732	1.573748513065462
144.038732	1.573748513065462
144.038732	1.573748513065462
144.038732	1.573748513065462
144.038732	1.573748513065462
144.098733	1.5738230702272296
144.098733	1.5738230702272296
144.098733	1.5738230702272296
144.098733	1.5738230702272296
144.098733	1.5738230702272296
144.146639	1.5738825321459977
144.158738	1.5738975393741437
144.158738	1.5738975393741437
144.158738	1.5738975393741437
144.158738	1.5738975393741437
144.158738	1.5738975393741437
144.158738	1.5738975393741437
144.218751	1.5739718894530355
144.218751	1.5739718894530355
144.218751	1.5739718894530355
144.218769	1.5739719117376589
144.218769	1.5739719117376589
144.218769	1.5739719117376589
144.278752	1.5740460651645636
144.278752	1.5740460651645636
144.278752	1.5740460651645636
144.278752	1.5740460651645636
144.31472	1.57409044185511
144.31472	1.57409044185511
144.338826	1.5741201456835552
144.338826	1.5741201456835552
144.338826	1.5741201456835552
144.338826	1.5741201456835552
144.374742	1.5741643341641252
144.38677	1.5741791152569935
144.398754	1.5741938358720609
144.398754	1.5741938358720609
144.398754	1.5741938358720609
144.398754	1.5741938358720609
144.398754	1.5741938358720609
144.398754	1.5741938358720609
144.458754	1.5742673882324014
144.458754	1.5742673882324014
144.458754	1.5742673882324014
144.458754	1.5742673882324014
144.458754	1.5742673882324014
144.458754	1.5742673882324014
144.518751	1.5743407017445334
144.518751	1.5743407017445334
144.530656	1.5743552195369555
144.530656	1.5743552195369555
144.554725	1.5743845499045745
144.554725	1.5743845499045745
144.578752	1.5744137954571951
144.578752	1.5744137954571951
144.590656	1.5744282694526914
144.590656	1.5744282694526914
144.614727	1.5744575171847954
144.614727	1.5744575171847954
144.638793	1.5744867261108504
144.638793	1.5744867261108504
144.650666	1.5745011211155244
144.650666	1.5745011211155244
144.650666	1.5745011211155244
144.650666	1.5745011211155244
144.698766	1.5745593693799054
144.698766	1.5745593693799054
144.698766	1.5745593693799054
144.722655	1.5745882516537086
144.722655	1.5745882516537086
144.746655	1.5746172391591755
144.758775	1.5746318694788168
144.758775	1.5746318694788168
144.758775	1.5746318694788168
144.782656	1.5746606739865712
144.794728	1.5746752251470379
144.806656	1.5746895973622146
144.818767	1.5747041857557591
144.818767	1.5747041857557591
144.818767	1.5747041857557591
144.842655	1.5747329410172624
144.842655	1.5747329410172624
144.842655	1.5747329410172624
144.878755	1.574776359828288
144.878755	1.574776359828288
144.878755	1.574776359828288
144.902659	1.5748050873617485
144.902659	1.5748050873617485
144.902659	1.5748050873617485
144.938755	1.5748484385166683
144.938755	1.5748484385166683
144.938755	1.5748484385166683
144.938755	1.5748484385166683
144.938755	1.5748484385166683
144.938755	1.5748484385166683
144.998835	1.574920529640395
144.998835	1.574920529640395
144.998835	1.574920529640395
144.998835	1.574920529640395
144.998835	1.574920529640395
145.046656	1.5749778656734301
145.058785	1.5749924031760985
145.058785	1.5749924031760985
145.058785	1.5749924031760985
145.058785	1.5749924031760985
145.058785	1.5749924031760985
145.058785	1.5749924031760985
145.118751	1.5750642525000578
145.118751	1.5750642525000578
145.118751	1.5750642525000578
145.142655	1.5750928876417927
145.142655	1.5750928876417927
145.142655	1.5750928876417927
145.178751	1.5751361270441735
145.178751	1.5751361270441735
145.190657	1.5751503898438775
145.190657	1.5751503898438775
145.190657	1.5751503898438775
145.190657	1.5751503898438775
145.238749	1.5752080049834651
145.238767	1.5752080265485533
145.238767	1.5752080265485533
145.238767	1.5752080265485533
145.238767	1.5752080265485533
145.238767	1.5752080265485533
145.298771	1.5752799236197415
145.298771	1.5752799236197415
145.298771	1.5752799236197415
145.298771	1.5752799236197415
145.298771	1.5752799236197415
145.346674	1.5753373359540914
145.358774	1.5753518401127138
145.358774	1.5753518401127138
145.358774	1.5753518401127138
145.358774	1.5753518401127138
145.358774	1.5753518401127138
145.358774	1.5753518401127138
145.41877	1.5754237672646483
145.41877	1.5754237672646483
145.41877	1.5754237672646483
145.41877	1.5754237672646483
145.41877	1.5754237672646483
145.41877	1.5754237672646483
145.478804	1.575495685760183
145.478804	1.575495685760183
145.478804	1.575495685760183
145.502694	1.5755242767038116
145.514739	1.5755386852961799
145.514739	1.5755386852961799
145.538772	1.5755674230523757
145.538772	1.5755674230523757
145.538772	1.5755674230523757
145.538772	1.5755674230523757
145.538772	1.5755674230523757
145.586674	1.5756246480591352
145.598769	1.5756390874976551
145.598769	1.5756390874976551
145.610674	1.5756532937634287
145.610674	1.5756532937634287
145.610674	1.5756532937634287
145.610674	1.5756532937634287
145.658839	1.5757107315276087
145.658839	1.5757107315276087
145.658839	1.5757107315276087
145.658839	1.5757107315276087
145.658839	1.5757107315276087
145.658839	1.5757107315276087
145.718768	1.5757820989404068
145.718768	1.5757820989404068
145.718768	1.5757820989404068
145.718768	1.5757820989404068
145.718768	1.5757820989404068
145.766694	1.575839090771729
145.778779	1.575853451493473
145.778779	1.575853451493473
145.778779	1.575853451493473
145.778779	1.575853451493473
145.778779	1.575853451493473
145.778779	1.575853451493473
145.838773	1.5759246660190913
145.838773	1.5759246660190913
145.838773	1.5759246660190913
145.838773	1.5759246660190913
145.838773	1.5759246660190913
145.838773	1.5759246660190913
145.898807	1.5759958023895104
145.898807	1.5759958023895104
145.898807	1.5759958023895104
145.898807	1.5759958023895104
145.934746	1.5760383219894405
145.934746	1.5760383219894405
145.958856	1.5760668188293971
145.958856	1.5760668188293971
145.970675	1.5760807770867611
145.970675	1.5760807770867611
145.970675	1.5760807770867611
145.970675	1.5760807770867611
146.018773	1.576137527185991
146.018773	1.576137527185991
146.018773	1.576137527185991
146.018773	1.576137527185991
146.018773	1.576137527185991
146.066674	1.5761939388986435
146.078772	1.5762081716378558
146.078772	1.5762081716378558
146.078772	1.5762081716378558
146.102674	1.5762362676857968
146.11474	1.5762504401977318
146.11474	1.5762504401977318
146.138767	1.5762786438169023
146.138767	1.5762786438169023
146.138767	1.5762786438169023
146.138767	1.5762786438169023
146.138767	1.5762786438169023
146.186744	1.5763348720775936
146.198773	1.576348954146908
146.198773	1.576348954146908
146.198773	1.576348954146908
146.198773	1.576348954146908
146.198773	1.576348954146908
146.198773	1.576348954146908
146.258819	1.5764191311026234
146.258819	1.5764191311026234
146.258819	1.5764191311026234
146.258819	1.5764191311026234
146.258819	1.5764191311026234
146.306693	1.5764749482047642
146.318882	1.576489142820346
146.318882	1.576489142820346
146.318882	1.576489142820346
146.318882	1.576489142820346
146.354764	1.5765308768368878
146.354764	1.5765308768368878
146.378789	1.5765587845509759
146.378789	1.5765587845509759
146.378789	1.5765587845509759
146.402693	1.5765865194852369
146.402693	1.5765865194852369
146.402693	1.5765865194852369
146.438806	1.5766283641557683
146.438806	1.5766283641557683
146.450806	1.576642251056033
146.450806	1.576642251056033
146.450806	1.576642251056033
146.450806	1.576642251056033
146.498785	1.5766977080673852
146.498785	1.5766977080673852
146.498785	1.5766977080673852
146.498785	1.5766977080673852
146.534772	1.5767392195301595
146.546713	1.5767529779059575
146.55879	1.576766887079796
146.55879	1.576766887079796
146.55879	1.576766887079796
146.55879	1.576766887079796
146.55879	1.576766887079796
146.55879	1.576766887079796
146.618792	1.5768358641389912
146.618792	1.5768358641389912
146.618792	1.5768358641389912
146.642693	1.5768632865338026
146.642693	1.5768632865338026
146.666692	1.5768907917388362
146.678808	1.576904669125385
146.678808	1.576904669125385
146.678808	1.576904669125385
146.678808	1.576904669125385
146.678808	1.576904669125385
146.678808	1.576904669125385
146.738794	1.5769732579971514
146.738794	1.5769732579971514
146.738794	1.5769732579971514
146.738794	1.5769732579971514
146.774757	1.5770142854593483
146.786693	1.5770278873748429
146.798789	1.5770416660560982
146.798789	1.5770416660560982
146.798789	1.5770416660560982
146.798789	1.5770416660560982
146.798789	1.5770416660560982
146.798789	1.5770416660560982
146.858806	1.5771099129599639
146.858806	1.5771099129599639
146.858806	1.5771099129599639
146.858806	1.5771099129599639
146.858806	1.5771099129599639
146.858806	1.5771099129599639
146.918786	1.5771779421441172
146.918786	1.5771779421441172
146.930693	1.5771914253785106
146.942713	1.5772050330137928
146.954761	1.577218663981329
146.966693	1.5772321578803259
146.978864	1.5772459174115485
146.978864	1.5772459174115485
146.990692	1.5772592801623497
146.990692	1.5772592801623497
147.014768	1.5772864660279624
147.014768	1.5772864660279624
147.038807	1.5773135872117592
147.038807	1.5773135872117592
147.038807	1.5773135872117592
147.038807	1.5773135872117592
147.038807	1.5773135872117592
147.038807	1.5773135872117592
147.038807	1.5773135872117592
147.038807	1.5773135872117592
147.038807	1.5773135872117592
147.038807	1.5773135872117592
147.098787	1.5773811573225287
147.146696	1.577435034321828
147.158797	1.577448631659526
147.158797	1.577448631659526
147.158797	1.577448631659526
147.182693	1.5774754658930399
147.194781	1.5774890330553393
147.206727	1.5775024366975783
147.21881	1.5775159908045024
147.21881	1.5775159908045024
147.21881	1.5775159908045024
147.21881	1.5775159908045024
147.218832	1.5775160154830055
147.218832	1.5775160154830055
147.278852	1.5775832738817355
147.278852	1.5775832738817355
147.278852	1.5775832738817355
147.278852	1.5775832738817355
147.314778	1.577623484012721
147.314778	1.577623484012721
147.338827	1.5776503830250683
147.338827	1.5776503830250683
147.338827	1.5776503830250683
147.338827	1.5776503830250683
147.374849	1.5776906447280119
147.374849	1.5776906447280119
147.398824	1.5777174251321466
147.398824	1.5777174251321466
147.398824	1.5777174251321466
147.422715	1.5777440966621186
147.43478	1.5777575600524767
147.446715	1.5777708748947241
147.458811	1.5777843666085669
147.458811	1.5777843666085669
147.458811	1.5777843666085669
147.458811	1.5777843666085669
147.49478	1.5778244595173936
147.506786	1.5778378327462668
147.518813	1.577851225380684
147.518813	1.577851225380684
147.518813	1.577851225380684
147.518813	1.577851225380684
147.518813	1.577851225380684
147.518813	1.577851225380684
147.578822	1.5779179199545019
147.578822	1.5779179199545019
147.578822	1.5779179199545019
147.578822	1.5779179199545019
147.614786	1.5779577861544316
147.626715	1.5779709929006165
147.638894	1.577984470225172
147.638894	1.577984470225172
147.638894	1.577984470225172
147.638894	1.577984470225172
147.638894	1.577984470225172
147.638894	1.577984470225172
147.698807	1.5780506386416662
147.698807	1.5780506386416662
147.710715	1.5780637643040436
147.722735	1.5780770091395921
147.722735	1.5780770091395921
147.746714	1.578103404302962
147.758829	1.5781167306730799
147.758829	1.5781167306730799
147.758829	1.5781167306730799
147.758829	1.5781167306730799
147.758829	1.5781167306730799
147.758829	1.5781167306730799
147.818825	1.578182603636795
147.818825	1.578182603636795
147.818825	1.578182603636795
147.818825	1.578182603636795
147.854805	1.5782220175923412
147.854805	1.5782220175923412
147.878831	1.5782483023572356
147.878831	1.5782483023572356
147.878831	1.5782483023572356
147.878831	1.5782483023572356
147.914781	1.578287574906031
147.914781	1.578287574906031
147.938813	1.5783137943804366
147.938813	1.5783137943804366
147.950714	1.5783267654577944
147.962714	1.57833984058391
147.97478	1.5783529784488337
147.986736	1.5783659899737663
147.998896	1.5783792183317626
147.998896	1.5783792183317626
148.010715	1.5783920650812502
148.010715	1.5783920650812502
148.034854	1.5784182857534286
148.034854	1.5784182857534286
148.058836	1.578444307083634
148.058836	1.578444307083634
148.058836	1.578444307083634
148.058836	1.578444307083634
148.094779	1.5784832478973627
148.094779	1.5784832478973627
148.118827	1.5785092673142307
148.118827	1.5785092673142307
148.130717	1.5785221185157345
148.130717	1.5785221185157345
148.130717	1.5785221185157345
148.130717	1.5785221185157345
148.178811	1.5785740374948412
148.178811	1.5785740374948412
148.178811	1.5785740374948412
148.178811	1.5785740374948412
148.178811	1.5785740374948412
148.226715	1.5786256332239894
148.23882	1.578638655153304
148.23882	1.578638655153304
148.23882	1.578638655153304
148.238838	1.5786386745167675
148.274805	1.5786773170377022
148.274805	1.5786773170377022
148.274805	1.5786773170377022
148.274805	1.5786773170377022
148.274805	1.5786773170377022
148.274805	1.5786773170377022
148.274805	1.5786773170377022
148.298902	1.5787031736073742
148.358832	1.5787673543182672
148.358832	1.5787673543182672
148.358832	1.5787673543182672
148.382753	1.5787929231368425
148.382753	1.5787929231368425
148.406732	1.5788185263805192
148.418827	1.5788314324220196
148.418827	1.5788314324220196
148.418827	1.5788314324220196
148.418827	1.5788314324220196
148.454801	1.5788697717520255
148.454801	1.5788697717520255
148.478854	1.578895374574764
148.478854	1.578895374574764
148.478854	1.578895374574764
148.478854	1.578895374574764
148.478854	1.578895374574764
148.478854	1.578895374574764
148.538826	1.5789590913613745
148.538826	1.5789590913613745
148.538826	1.5789590913613745
148.538826	1.5789590913613745
148.574797	1.5789972280737645
148.574797	1.5789972280737645
148.598831	1.5790226785919592
148.598831	1.5790226785919592
148.598831	1.5790226785919592
148.598831	1.5790226785919592
148.634838	1.5790607548260418
148.646733	1.5790733200621787
148.658829	1.5790860926363948
148.658829	1.5790860926363948
148.658829	1.5790860926363948
148.658829	1.5790860926363948
148.694866	1.5791240971909799
148.694866	1.5791240971909799
148.718827	1.5791493292205139
148.718827	1.5791493292205139
148.718827	1.5791493292205139
148.718827	1.5791493292205139
148.754801	1.5791871277653711
148.754801	1.5791871277653711
148.778846	1.5792123375924587
148.778846	1.5792123375924587
148.778846	1.5792123375924587
148.778846	1.5792123375924587
148.778846	1.5792123375924587
148.778846	1.5792123375924587
148.838849	1.5792750382768728
148.838849	1.5792750382768728
148.838849	1.5792750382768728
148.838849	1.5792750382768728
148.874807	1.5793124756520867
148.886733	1.5793248709358283
148.898847	1.5793374537268599
148.898847	1.5793374537268599
148.898847	1.5793374537268599
148.898847	1.5793374537268599
148.898847	1.5793374537268599
148.898847	1.5793374537268599
148.95891	1.5793996702899353
148.95891	1.5793996702899353
148.95891	1.5793996702899353
148.95891	1.5793996702899353
148.95891	1.5793996702899353
148.95891	1.5793996702899353
149.018843	1.5794614989777032
149.018843	1.5794614989777032
149.018843	1.5794614989777032
149.042733	1.5794860760777663
149.042733	1.5794860760777663
149.066733	1.579510728031859
149.078828	1.5795231403397405
149.078828	1.5795231403397405
149.078828	1.5795231403397405
149.102732	1.5795476392798558
149.114799	1.5795599925134227
149.114799	1.5795599925134227
149.138832	1.5795845722973849
149.138832	1.5795845722973849
149.138832	1.5795845722973849
149.138832	1.5795845722973849
149.138832	1.5795845722973849
149.138832	1.5795845722973849
149.198829	1.5796457784396722
149.198829	1.5796457784396722
149.198829	1.5796457784396722
149.198829	1.5796457784396722
149.198829	1.5796457784396722
149.246732	1.5796944956521528
149.258834	1.579706785315772
149.270754	1.5797188783851897
149.270754	1.5797188783851897
149.282756	1.5797310504014399
149.282756	1.5797310504014399
149.282756	1.5797310504014399
149.318874	1.5797676297977916
149.318874	1.5797676297977916
149.318874	1.5797676297977916
149.318874	1.5797676297977916
149.354894	1.5798040370299227
149.366755	1.5798160103124408
149.37885	1.579828214225141
149.37885	1.579828214225141
149.37885	1.579828214225141
149.37885	1.579828214225141
149.37885	1.579828214225141
149.37885	1.579828214225141
149.438849	1.5798886320425418
149.438849	1.5798886320425418
149.438849	1.5798886320425418
149.438849	1.5798886320425418
149.438849	1.5798886320425418
149.438849	1.5798886320425418
149.498852	1.5799488722994224
149.498852	1.5799488722994224
149.498852	1.5799488722994224
149.498852	1.5799488722994224
149.498852	1.5799488722994224
149.498852	1.5799488722994224
149.55886	1.5800089447541694
149.55886	1.5800089447541694
149.55886	1.5800089447541694
149.55886	1.5800089447541694
149.55886	1.5800089447541694
149.55886	1.5800089447541694
149.618968	1.5800689520260878
149.618968	1.5800689520260878
149.618968	1.5800689520260878
149.618968	1.5800689520260878
149.618968	1.5800689520260878
149.666755	1.5801165479298525
149.678851	1.5801285825350146
149.678851	1.5801285825350146
149.678851	1.5801285825350146
149.678851	1.5801285825350146
149.678851	1.5801285825350146
149.678851	1.5801285825350146
149.738851	1.5801881633314716
149.738851	1.5801881633314716
149.738851	1.5801881633314716
149.762755	1.5802118324319792
149.762755	1.5802118324319792
149.762755	1.5802118324319792
149.762755	1.5802118324319792
149.798849	1.5802474934581434
149.810776	1.5802592528910195
149.822755	1.5802710577639691
149.834836	1.5802829492746573
149.834836	1.5802829492746573
149.85885	1.5803065586767948
149.85885	1.5803065586767948
149.85885	1.5803065586767948
149.85885	1.5803065586767948
149.85885	1.5803065586767948
149.906754	1.5803535243337115
149.918851	1.5803653618034317
149.918851	1.5803653618034317
149.918851	1.5803653618034317
149.918851	1.5803653618034317
149.954823	1.5804004949776298
149.966779	1.5804121534813933
149.978878	1.580423944599328
149.978878	1.580423944599328
149.978878	1.580423944599328
149.978878	1.580423944599328
150.014893	1.5804589790941259
150.014893	1.5804589790941259
150.038851	1.5804822410263843
150.038851	1.5804822410263843
150.050798	1.5804938234383137
150.062755	1.5805054104656631
150.062755	1.5805054104656631
150.062755	1.5805054104656631
150.098867	1.5805403449483737
150.098867	1.5805403449483737
150.098867	1.5805403449483737
150.098867	1.5805403449483737
150.134831	1.5805750515038259
150.134831	1.5805750515038259
150.158857	1.5805981952176629
150.158857	1.5805981952176629
150.158857	1.5805981952176629
150.158857	1.5805981952176629
150.158857	1.5805981952176629
150.206755	1.5806442235505838
150.21885	1.580655827136477
150.21885	1.580655827136477
150.21885	1.580655827136477
150.21885	1.580655827136477
150.254822	1.5806902783815593
150.254822	1.5806902783815593
150.278929	1.5807133263797903
150.278929	1.5807133263797903
150.278929	1.5807133263797903
150.278929	1.5807133263797903
150.278929	1.5807133263797903
150.278929	1.5807133263797903
150.338896	1.5807705099085918
150.338896	1.5807705099085918
150.338896	1.5807705099085918
150.338896	1.5807705099085918
150.338896	1.5807705099085918
150.338896	1.5807705099085918
150.398877	1.5808275030561088
150.398877	1.5808275030561088
150.398877	1.5808275030561088
150.422777	1.580850156423383
150.422777	1.580850156423383
150.422777	1.580850156423383
150.458884	1.5808843227124525
150.458884	1.5808843227124525
150.458884	1.5808843227124525
150.482778	1.5809068922075309
150.482778	1.5809068922075309
150.482778	1.5809068922075309
150.518873	1.5809409242163832
150.518873	1.5809409242163832
150.518873	1.5809409242163832
150.518873	1.5809409242163832
150.554847	1.5809747388938606
150.554847	1.5809747388938606
150.5789	1.5809972894186748
150.5789	1.5809972894186748
150.5789	1.5809972894186748
150.602778	1.5810196223022637
150.602778	1.5810196223022637
150.602778	1.5810196223022637
150.638871	1.5810532885399131
150.638871	1.5810532885399131
150.650777	1.5810643655623104
150.650777	1.5810643655623104
150.650777	1.5810643655623104
150.686842	1.5810978567129277
150.698871	1.5811090058467929
150.698871	1.5811090058467929
150.71083	1.5811200725757195
150.722777	1.5811311219994413
150.722777	1.5811311219994413
150.722777	1.5811311219994413
150.722777	1.5811311219994413
150.722777	1.5811311219994413
150.722777	1.5811311219994413
150.722777	1.5811311219994413
150.722777	1.5811311219994413
150.758874	1.5811644343833176
150.818875	1.5812195898186288
150.818875	1.5812195898186288
150.818875	1.5812195898186288
150.818875	1.5812195898186288
150.854848	1.5812525312694727
150.854848	1.5812525312694727
150.878874	1.5812744853227172
150.878874	1.5812744853227172
150.890778	1.5812853445586683
150.890778	1.5812853445586683
150.890778	1.5812853445586683
150.926778	1.5813181354069794
150.938964	1.5813292177719303
150.938964	1.5813292177719303
150.938964	1.5813292177719303
150.938964	1.5813292177719303
150.938964	1.5813292177719303
150.986777	1.5813725963636449
150.998874	1.5813835511706373
150.998874	1.5813835511706373
150.998874	1.5813835511706373
150.998874	1.5813835511706373
150.998874	1.5813835511706373
150.998874	1.5813835511706373
151.058885	1.5814377516306457
151.058885	1.5814377516306457
151.058885	1.5814377516306457
151.058885	1.5814377516306457
151.058885	1.5814377516306457
151.058885	1.5814377516306457
151.118876	1.5814917185294572
151.118876	1.5814917185294572
151.118876	1.5814917185294572
151.118876	1.5814917185294572
151.154847	1.5815239759528255
151.166778	1.5815346590910464
151.178873	1.5815454831378533
151.178873	1.5815454831378533
151.178873	1.5815454831378533
151.178873	1.5815454831378533
151.178873	1.5815454831378533
151.178873	1.5815454831378533
151.23896	1.5815991042708752
151.23896	1.5815991042708752
151.250888	1.581609710421376
151.250888	1.581609710421376
151.27485	1.5816309867348159
151.28684	1.5816416126097739
151.298891	1.5816522833771749
151.298891	1.5816522833771749
151.310801	1.5816628104419239
151.310801	1.5816628104419239
151.310801	1.5816628104419239
151.346796	1.5816945624324927
151.358895	1.5817052133209752
151.358895	1.5817052133209752
151.358895	1.5817052133209752
151.358895	1.5817052133209752
151.394867	1.5817367977869978
151.406797	1.5817472495796137
151.418913	1.5817578558328029
151.418913	1.5817578558328029
151.418913	1.5817578558328029
151.418913	1.5817578558328029
151.418913	1.5817578558328029
151.466884	1.5817997178717111
151.478894	1.5818101729477698
151.478894	1.5818101729477698
151.478894	1.5818101729477698
151.478894	1.5818101729477698
151.478894	1.5818101729477698
151.478894	1.5818101729477698
151.53889	1.5818622214946818
151.53889	1.5818622214946818
151.53889	1.5818622214946818
151.562797	1.5818828866171972
151.574863	1.5818933004738311
151.586797	1.5819035909370707
151.59899	1.5819140974204935
151.59899	1.5819140974204935
151.610815	1.5819242719141904
151.610815	1.5819242719141904
151.610815	1.5819242719141904
151.646797	1.5819551816647706
151.6589	1.5819655611132288
151.6589	1.5819655611132288
151.6589	1.5819655611132288
151.6589	1.5819655611132288
151.6589	1.5819655611132288
151.6589	1.5819655611132288
151.718892	1.5820168571960511
151.718892	1.5820168571960511
151.718892	1.5820168571960511
151.718892	1.5820168571960511
151.754865	1.5820475037556383
151.754865	1.5820475037556383
151.778892	1.5820679310674717
151.778892	1.5820679310674717
151.778892	1.5820679310674717
151.802797	1.5820882172613437
151.814869	1.5820984482535068
151.814869	1.5820984482535068
151.838894	1.582118786782575
151.838894	1.582118786782575
151.838894	1.582118786782575
151.838894	1.582118786782575
151.838894	1.582118786782575
151.838894	1.582118786782575
151.898932	1.5821761300794894
151.898932	1.5821761300794894
151.898932	1.5821761300794894
151.898932	1.5821761300794894
151.898932	1.5821761300794894
151.898932	1.5821761300794894
151.958892	1.5824533498766009
151.958892	1.5824533498766009
151.958892	1.5824533498766009
151.958892	1.5824533498766009
151.958892	1.5824533498766009
151.958892	1.5824533498766009
151.958892	1.5824533498766009
151.958892	1.5824533498766009
152.018899	1.5832226009049719
152.042796	1.5835997106174857
152.054875	1.5837900528360431
152.066797	1.5839755649570659
152.078896	1.5841620284079689
152.078896	1.5841620284079689
152.078896	1.5841620284079689
152.078896	1.5841620284079689
152.078896	1.5841620284079689
152.078896	1.5841620284079689
152.13891	1.5850398145113922
152.13891	1.5850398145113922
152.13891	1.5850398145113922
152.13891	1.5850398145113922
152.174878	1.5855336660936499
152.174878	1.5855336660936499
152.174878	1.5855336660936499
152.174878	1.5855336660936499
152.174878	1.5855336660936499
152.174878	1.5855336660936499
152.174878	1.5855336660936499
152.198892	1.5858518345425567
152.258963	1.5866047560775816
152.258963	1.5866047560775816
152.258963	1.5866047560775816
152.258985	1.5866050242862098
152.258985	1.5866050242862098
152.258985	1.5866050242862098
152.318936	1.5872993955805235
152.318936	1.5872993955805235
152.318936	1.5872993955805235
152.318936	1.5872993955805235
152.318936	1.5872993955805235
152.366819	1.5878151448665181
152.378914	1.5879409071702915
152.378914	1.5879409071702915
152.378914	1.5879409071702915
152.378914	1.5879409071702915
152.378914	1.5879409071702915
152.378914	1.5879409071702915
152.378914	1.5879409071702915
152.438912	1.5885335590341771
152.450819	1.5886452233371835
152.462819	1.5887568091855149
152.462819	1.5887568091855149
152.462819	1.5887568091855149
152.498914	1.5890814202391246
152.498914	1.5890814202391246
152.510818	1.5891847401226717
152.522901	1.5892887419265793
152.534893	1.5893899970758978
152.534893	1.5893899970758978
152.558996	1.5895895810020939
152.558996	1.5895895810020939
152.558996	1.5895895810020939
152.558996	1.5895895810020939
152.558996	1.5895895810020939
152.558996	1.5895895810020939
152.618944	1.590060840974129
152.618944	1.590060840974129
152.618944	1.590060840974129
152.642819	1.5902394907271757
152.642819	1.5902394907271757
152.642819	1.5902394907271757
152.642819	1.5902394907271757
152.642819	1.5902394907271757
152.642819	1.5902394907271757
152.678914	1.5905011133689129
152.714884	1.5907519260350147
152.726819	1.5908332185858027
152.738912	1.5909149045963555
152.738912	1.5909149045963555
152.738912	1.5909149045963555
152.762819	1.5910732381168677
152.774889	1.5911518718421862
152.786896	1.591229346207595
152.798923	1.5913063936265954
152.798923	1.5913063936265954
152.798923	1.5913063936265954
152.822843	1.5914570457895358
152.822843	1.5914570457895358
152.846818	1.5916053425942205
152.858928	1.5916794891090309
152.858928	1.5916794891090309
152.858928	1.5916794891090309
152.858928	1.5916794891090309
152.858928	1.5916794891090309
152.858928	1.5916794891090309
152.919002	1.5920382758476164
152.919002	1.5920382758476164
152.919002	1.5920382758476164
152.919002	1.5920382758476164
152.919002	1.5920382758476164
152.966819	1.5923152646596148
152.97892	1.5923844619929897
152.97892	1.5923844619929897
152.97892	1.5923844619929897
152.97892	1.5923844619929897
152.97892	1.5923844619929897
153.026819	1.5926545236646394
153.038916	1.59272204139949
153.038916	1.59272204139949
153.038916	1.59272204139949
153.038916	1.59272204139949
153.07489	1.5929209960735824
153.07489	1.5929209960735824
153.098913	1.5930527559849799
153.098913	1.5930527559849799
153.098913	1.5930527559849799
153.098913	1.5930527559849799
153.13489	1.5932484575047017
153.13489	1.5932484575047017
153.158915	1.5933782982235118
153.158915	1.5933782982235118
153.158915	1.5933782982235118
153.158915	1.5933782982235118
153.158915	1.5933782982235118
153.158915	1.5933782982235118
153.219014	1.5937002917566956
153.219014	1.5937002917566956
153.219014	1.5937002917566956
153.219014	1.5937002917566956
153.219014	1.5937002917566956
153.219014	1.5937002917566956
153.278916	1.5940178031741314
153.278916	1.5940178031741314
153.278936	1.5940179088048976
153.278936	1.5940179088048976
153.278936	1.5940179088048976
153.326838	1.5942694645634836
153.338933	1.5943326890196086
153.338933	1.5943326890196086
153.338933	1.5943326890196086
153.338933	1.5943326890196086
153.338933	1.5943326890196086
153.386839	1.5945815331255035
153.398936	1.5946440407210001
153.398936	1.5946440407210001
153.398936	1.5946440407210001
153.398936	1.5946440407210001
153.398936	1.5946440407210001
153.446909	1.5948900229012037
153.45894	1.5949513050319128
153.45894	1.5949513050319128
153.471143	1.5950131498361819
153.471143	1.5950131498361819
153.49492	1.5951331466206449
153.506839	1.5951929470171822
153.518935	1.5952534704372847
153.518935	1.5952534704372847
153.518935	1.5952534704372847
153.518935	1.5952534704372847
153.518935	1.5952534704372847
153.518935	1.5952534704372847
153.518935	1.5952534704372847
153.579003	1.5955498534556447
153.591039	1.5956083100937377
153.591039	1.5956083100937377
153.591039	1.5956083100937377
153.626838	1.5957805812011991
153.638954	1.5958383046972198
153.638954	1.5958383046972198
153.638954	1.5958383046972198
153.638954	1.5958383046972198
153.638954	1.5958383046972198
153.638954	1.5958383046972198
153.698932	1.5961151529365207
153.698932	1.5961151529365207
153.698932	1.5961151529365207
153.722839	1.5962059482749169
153.722839	1.5962059482749169
153.722839	1.5962059482749169
153.758944	1.5962808829872035
153.758944	1.5962808829872035
153.758944	1.5962808829872035
153.758944	1.5962808829872035
153.794911	1.5962598707906119
153.806839	1.596236352626168
153.818934	1.5962077234627818
153.818934	1.5962077234627818
153.818934	1.5962077234627818
153.842915	1.5961423167452133
153.842915	1.5961423167452133
153.866838	1.5960762864158107
153.879041	1.5960433413641104
153.879041	1.5960433413641104
153.879041	1.5960433413641104
153.879041	1.5960433413641104
153.879041	1.5960433413641104
153.879041	1.5960433413641104
153.938933	1.5958942726364245
153.938933	1.5958942726364245
153.950839	1.5958667672023061
153.950839	1.5958667672023061
153.950839	1.5958667672023061
153.950839	1.5958667672023061
153.998961	1.5957603399177338
153.998961	1.5957603399177338
153.998961	1.5957603399177338
153.998961	1.5957603399177338
154.034904	1.5956863760113476
154.046839	1.5956627314990885
154.058933	1.5956390965502174
154.058933	1.5956390965502174
154.058933	1.5956390965502174
154.058933	1.5956390965502174
154.058933	1.5956390965502174
154.106909	1.595550023809625
154.118935	1.5955285532752865
154.118935	1.5955285532752865
154.118935	1.5955285532752865
154.118935	1.5955285532752865
154.15491	1.5954667021176394
154.166839	1.5954468140546654
154.178954	1.5954268336108921
154.178954	1.5954268336108921
154.178954	1.5954268336108921
154.178954	1.5954268336108921
154.214916	1.5953694374185845
154.226849	1.5953508915197363
154.23901	1.5953321661858801
154.23901	1.5953321661858801
154.23901	1.5953321661858801
154.23901	1.5953321661858801
154.23901	1.5953321661858801
154.286838	1.595260922304284
154.298966	1.5952432864407526
154.298966	1.5952432864407526
154.298966	1.5952432864407526
154.322859	1.5952091365103229
154.322859	1.5952091365103229
154.346859	1.5951754242214515
154.346859	1.5951754242214515
154.346859	1.5951754242214515
154.346859	1.5951754242214515
154.358958	1.5951585884099453
154.394923	1.5951093235740521
154.394923	1.5951093235740521
154.418978	1.5950768193426703
154.418978	1.5950768193426703
154.418978	1.5950768193426703
154.418978	1.5950768193426703
154.418978	1.5950768193426703
154.466859	1.5950130319065949
154.478954	1.5949970452314899
154.478954	1.5949970452314899
154.478954	1.5949970452314899
154.50293	1.5949655021204845
154.514925	1.5949497701936808
154.514925	1.5949497701936808
154.539014	1.5949182316064103
154.539014	1.5949182316064103
154.550859	1.5949027489124052
154.562858	1.59488706848003
154.562858	1.59488706848003
154.562858	1.59488706848003
154.599017	1.5948398301261304
154.599017	1.5948398301261304
154.599017	1.5948398301261304
154.599017	1.5948398301261304
154.599017	1.5948398301261304
154.599017	1.5948398301261304
154.658958	1.5947613737553703
154.658958	1.5947613737553703
154.670885	1.5947457161498781
154.68286	1.5947299858382538
154.68286	1.5947299858382538
154.68286	1.5947299858382538
154.718953	1.594682449424502
154.718953	1.594682449424502
154.718953	1.594682449424502
154.742859	1.5946508506210531
154.754927	1.5946348636825138
154.754927	1.5946348636825138
154.778958	1.5946029707639224
154.778958	1.5946029707639224
154.790859	1.5945871381023495
154.790859	1.5945871381023495
154.790859	1.5945871381023495
154.790859	1.5945871381023495
154.838952	1.5945230153008645
154.838952	1.5945230153008645
154.838952	1.5945230153008645
154.862859	1.5944910682951305
154.862859	1.5944910682951305
154.862859	1.5944910682951305
154.899025	1.5944427124227434
154.899025	1.5944427124227434
154.899025	1.5944427124227434
154.899025	1.5944427124227434
154.899025	1.5944427124227434
154.946859	1.5943788423869776
154.958961	1.5943627157477185
154.958961	1.5943627157477185
154.958961	1.5943627157477185
154.958961	1.5943627157477185
154.958961	1.5943627157477185
155.006865	1.594299177352781
155.018955	1.5942832154126385
155.018955	1.5942832154126385
155.018955	1.5942832154126385
155.018955	1.5942832154126385
155.054942	1.5942360017959618
155.066882	1.5942204375997211
155.078959	1.5942047338135583
155.078959	1.5942047338135583
155.090862	1.5941893506276197
155.090862	1.5941893506276197
155.090862	1.5941893506276197
155.090862	1.5941893506276197
155.138979	1.5941277918902106
155.138979	1.5941277918902106
155.138979	1.5941277918902106
155.138979	1.5941277918902106
155.138979	1.5941277918902106
155.186859	1.5940649468942134
155.198992	1.5940467463275076
155.198992	1.5940467463275076
155.210858	1.5940175229119238
155.210858	1.5940175229119238
155.210858	1.5940175229119238
155.246859	1.5938507851459878
155.258955	1.5937620105839598
155.258955	1.5937620105839598
155.270859	1.593644018508567
155.270859	1.593644018508567
155.270878	1.5936438254769547
155.270878	1.5936438254769547
155.319005	1.5930180334007966
155.319005	1.5930180334007966
155.319005	1.5930180334007966
155.319005	1.5930180334007966
155.354954	1.5924750706281083
155.354954	1.5924750706281083
155.37899	1.5921192534971769
155.37899	1.5921192534971769
155.37899	1.5921192534971769
155.37899	1.5921192534971769
155.37899	1.5921192534971769
155.37899	1.5921192534971769
155.438975	1.5912824037993656
155.438975	1.5912824037993656
155.438975	1.5912824037993656
155.462881	1.5909677100713955
155.474952	1.590812687985065
155.486878	1.5906618813633524
155.498994	1.5905104268374011
155.498994	1.5905104268374011
155.498994	1.5905104268374011
155.498994	1.5905104268374011
155.534949	1.5900777558602472
155.534949	1.5900777558602472
155.559066	1.5897987190576131
155.559066	1.5897987190576131
155.570878	1.5896663769884039
155.570878	1.5896663769884039
155.570878	1.5896663769884039
155.570878	1.5896663769884039
155.61898	1.5891468983441055
155.61898	1.5891468983441055
155.61898	1.5891468983441055
155.61898	1.5891468983441055
155.61898	1.5891468983441055
155.61898	1.5891468983441055
155.678972	1.5885485211801091
155.678972	1.5885485211801091
155.678972	1.5885485211801091
155.678972	1.5885485211801091
155.678972	1.5885485211801091
155.678972	1.5885485211801091
155.738971	1.5880003662876199
155.738971	1.5880003662876199
155.738971	1.5880003662876199
155.738971	1.5880003662876199
155.774943	1.587694475017283
155.774943	1.587694475017283
155.798972	1.5874983550195512
155.798972	1.5874983550195512
155.810878	1.587404302837093
155.810878	1.587404302837093
155.810878	1.587404302837093
155.810878	1.587404302837093
155.858979	1.5870380855622275
155.858979	1.5870380855622275
155.870878	1.5869517930716692
155.88288	1.5868655358970831
155.894943	1.586780653659456
155.894943	1.586780653659456
155.918972	1.5866151580133243
155.918972	1.5866151580133243
155.918972	1.5866151580133243
155.942878	1.586456078720373
155.942878	1.586456078720373
155.966877	1.5863013080357595
155.966877	1.5863013080357595
155.966877	1.5863013080357595
155.966877	1.5863013080357595
155.966877	1.5863013080357595
155.966877	1.5863013080357595
155.978974	1.5862246995750637
156.038982	1.5858620806120682
156.038982	1.5858620806120682
156.038982	1.5858620806120682
156.038982	1.5858620806120682
156.074954	1.585656374372957
156.074954	1.585656374372957
156.098975	1.5855229574018694
156.098975	1.5855229574018694
156.098975	1.5855229574018694
156.098975	1.5855229574018694
156.134965	1.5853290854484243
156.134965	1.5853290854484243
156.15898	1.5852028919372971
156.15898	1.5852028919372971
156.15898	1.5852028919372971
156.15898	1.5852028919372971
156.15898	1.5852028919372971
156.15898	1.5852028919372971
156.219065	1.5848975969783541
156.219065	1.5848975969783541
156.219065	1.5848975969783541
156.219065	1.5848975969783541
156.219065	1.5848975969783541
156.266878	1.584663318245868
156.278974	1.5846049322333298
156.278974	1.5846049322333298
156.278974	1.5846049322333298
156.278994	1.5846048356956106
156.278994	1.5846048356956106
156.326897	1.5843772948210457
156.339011	1.5843203904555658
156.339011	1.5843203904555658
156.35099	1.584264491623063
156.362898	1.5842090434624545
156.362898	1.5842090434624545
156.362898	1.5842090434624545
156.362898	1.5842090434624545
156.362898	1.5842090434624545
156.362898	1.5842090434624545
156.362898	1.5842090434624545
156.362898	1.5842090434624545
156.398992	1.5840422820967992
156.458993	1.5837682620546369
156.458993	1.5837682620546369
156.458993	1.5837682620546369
156.458993	1.5837682620546369
156.458993	1.5837682620546369
156.458993	1.5837682620546369
156.518994	1.5834970214417963
156.518994	1.5834970214417963
156.518994	1.5834970214417963
156.518994	1.5834970214417963
156.518994	1.5834970214417963
156.566898	1.5832818862237166
156.578994	1.583227707952114
156.578994	1.583227707952114
156.578994	1.583227707952114
156.578994	1.583227707952114
156.578994	1.583227707952114
156.578994	1.583227707952114
156.638991	1.5829599475336642
156.638991	1.5829599475336642
156.650984	1.582906622537904
156.650984	1.582906622537904
156.650984	1.582906622537904
156.650984	1.582906622537904
156.698992	1.5826937512720034
156.698992	1.5826937512720034
156.698992	1.5826937512720034
156.698992	1.5826937512720034
156.734988	1.5825350229132764
156.746969	1.5824823891694781
156.759019	1.5824295265366208
156.759019	1.5824295265366208
156.770898	1.5823775937410767
156.770898	1.5823775937410767
156.770898	1.5823775937410767
156.806897	1.5822208982094372
156.818996	1.5821684915316045
156.818996	1.5821684915316045
156.818996	1.5821684915316045
156.818996	1.5821684915316045
156.854967	1.5820138658923319
156.854967	1.5820138658923319
156.879062	1.5819111923170255
156.879062	1.5819111923170255
156.879062	1.5819111923170255
156.879062	1.5819111923170255
156.879062	1.5819111923170255
156.926898	1.5817101685902275
156.938992	1.5816598884655091
156.938992	1.5816598884655091
156.938992	1.5816598884655091
156.938992	1.5816598884655091
156.938992	1.5816598884655091
156.986898	1.5814638682997533
156.999031	1.5814148937308352
156.999031	1.5814148937308352
156.999031	1.5814148937308352
156.999031	1.5814148937308352
156.999031	1.5814148937308352
157.046901	1.5812254882999006
157.058996	1.5811784359583412
157.058996	1.5811784359583412
157.058996	1.5811784359583412
157.082898	1.5810868580680453
157.082898	1.5810868580680453
157.082898	1.5810868580680453
157.118992	1.5809515823305962
157.118992	1.5809515823305962
157.118992	1.5809515823305962
157.142969	1.5808640148456015
157.154969	1.5808208995834838
157.154969	1.5808208995834838
157.179083	1.5807355351181716
157.179083	1.5807355351181716
157.179083	1.5807355351181716
157.202898	1.5806533462827819
157.202898	1.5806533462827819
157.202898	1.5806533462827819
157.238993	1.5805325150492533
157.238993	1.5805325150492533
157.238993	1.5805325150492533
157.238993	1.5805325150492533
157.238993	1.5805325150492533
157.238993	1.5805325150492533
157.298992	1.5803426183687059
157.298992	1.5803426183687059
157.311198	1.580305861507687
157.311198	1.580305861507687
157.311198	1.580305861507687
157.346916	1.5802012412328394
157.359016	1.580166824769893
157.359016	1.580166824769893
157.359016	1.580166824769893
157.359016	1.580166824769893
157.359016	1.580166824769893
157.406987	1.5800369882809677
157.406987	1.5800369882809677
157.406987	1.5800369882809677
157.406987	1.5800369882809677
157.406987	1.5800369882809677
157.41902	1.5800057180300888
157.466916	1.5798879225954956
157.47901	1.5798594914797786
157.47901	1.5798594914797786
157.47901	1.5798594914797786
157.502917	1.5798054147846399
157.502917	1.5798054147846399
157.502917	1.5798054147846399
157.539091	1.5797278715514809
157.539091	1.5797278715514809
157.550916	1.5797038595696433
157.550916	1.5797038595696433
157.550916	1.5797038595696433
157.587036	1.5796334504920277
157.59903	1.5796110718062877
157.59903	1.5796110718062877
157.59903	1.5796110718062877
157.622917	1.5795685036196554
157.634987	1.5795478407202608
157.634987	1.5795478407202608
157.634987	1.5795478407202608
157.634987	1.5795478407202608
157.634987	1.5795478407202608
157.659015	1.5795081298445923
157.69498	1.5794528824283964
157.70692	1.5794355422983473
157.719047	1.5794182843184956
157.719047	1.5794182843184956
157.719047	1.5794182843184956
157.719047	1.5794182843184956
157.719047	1.5794182843184956
157.719047	1.5794182843184956
157.779031	1.5793406228110161
157.779031	1.5793406228110161
157.779031	1.5793406228110161
157.779031	1.5793406228110161
157.779031	1.5793406228110161
157.779031	1.5793406228110161
157.839014	1.5792738703032916
157.839014	1.5792738703032916
157.839014	1.5792738703032916
157.839014	1.5792738703032916
157.839014	1.5792738703032916
157.886917	1.5792276308854862
157.899012	1.5792167408489544
157.899012	1.5792167408489544
157.899012	1.5792167408489544
157.899012	1.5792167408489544
157.899012	1.5792167408489544
157.899012	1.5792167408489544
157.899012	1.5792167408489544
157.959014	1.5791678902894573
157.971134	1.5791589772604218
157.982917	1.5791504521194146
157.994982	1.5791420451340512
158.006916	1.5791339570343987
158.019013	1.5791259258605499
158.019013	1.5791259258605499
158.019013	1.5791259258605499
158.019013	1.5791259258605499
158.019013	1.5791259258605499
158.019013	1.5791259258605499
158.079036	1.5790894358102596
158.079036	1.5790894358102596
158.079036	1.5790894358102596
158.079036	1.5790894358102596
158.114984	1.5790696741581822
158.114984	1.5790696741581822
158.139011	1.5790571125083355
158.139011	1.5790571125083355
158.139011	1.5790571125083355
158.139011	1.5790571125083355
158.139011	1.5790571125083355
158.139011	1.5790571125083355
158.199097	1.5790276195801205
158.199097	1.5790276195801205
158.210923	1.5790220694408341
158.210923	1.5790220694408341
158.210923	1.5790220694408341
158.210923	1.5790220694408341
158.259012	1.5789999273347499
158.259012	1.5789999273347499
158.270917	1.5789945412737181
158.270917	1.5789945412737181
158.270917	1.5789945412737181
158.270917	1.5789945412737181
158.319039	1.5789728614560892
158.319059	1.5789728524555846
158.319059	1.5789728524555846
158.319059	1.5789728524555846
158.319059	1.5789728524555846
158.319059	1.5789728524555846
158.379034	1.5789456030563078
158.379034	1.5789456030563078
158.379034	1.5789456030563078
158.379034	1.5789456030563078
158.379034	1.5789456030563078
158.426946	1.5789231695863457
158.439064	1.5789173771973508
158.439064	1.5789173771973508
158.439064	1.5789173771973508
158.439064	1.5789173771973508
158.439064	1.5789173771973508
158.439064	1.5789173771973508
158.499035	1.5788876029349648
158.499035	1.5788876029349648
158.510936	1.578881447481282
158.510936	1.578881447481282
158.535009	1.5788688054403492
158.546937	1.5788624102184294
158.559052	1.5788558559621868
158.559052	1.5788558559621868
158.559052	1.5788558559621868
158.559052	1.5788558559621868
158.559052	1.5788558559621868
158.559052	1.5788558559621868
158.619031	1.5788220154383374
158.619031	1.5788220154383374
158.619031	1.5788220154383374
158.642937	1.5788079217922995
158.642937	1.5788079217922995
158.642937	1.5788079217922995
158.679032	1.5787860373659142
158.679032	1.5787860373659142
158.679032	1.5787860373659142
158.679032	1.5787860373659142
158.679032	1.5787860373659142
158.679032	1.5787860373659142
158.73906	1.5787480541831449
158.73906	1.5787480541831449
158.73906	1.5787480541831449
158.73906	1.5787480541831449
158.73906	1.5787480541831449
158.73906	1.5787480541831449
158.799033	1.5787083963061033
158.799033	1.5787083963061033
158.799033	1.5787083963061033
158.799033	1.5787083963061033
158.799033	1.5787083963061033
158.799033	1.5787083963061033
158.799033	1.5787083963061033
158.859109	1.5786673487244405
158.871045	1.5786590686543702
158.871045	1.5786590686543702
158.871045	1.5786590686543702
158.906936	1.5786340423062233
158.919031	1.5786255723689229
158.919031	1.5786255723689229
158.919031	1.5786255723689229
158.942936	1.5786087969726252
158.942936	1.5786087969726252
158.966937	1.5785919495757608
158.979032	1.578583465556666
158.979032	1.578583465556666
158.979032	1.578583465556666
159.002936	1.5785667464691435
159.002936	1.5785667464691435
159.002936	1.5785667464691435
159.039037	1.5785416524937053
159.039037	1.5785416524937053
159.039037	1.5785416524937053
159.039037	1.5785416524937053
159.039037	1.5785416524937053
159.039037	1.5785416524937053
159.099033	1.5785006685737182
159.099033	1.5785006685737182
159.099033	1.5785006685737182
159.099033	1.5785006685737182
159.099033	1.5785006685737182
159.146937	1.578468942068973
159.159036	1.5784610820455891
159.159036	1.5784610820455891
159.159036	1.5784610820455891
159.159036	1.5784610820455891
159.159036	1.5784610820455891
159.206947	1.5784308918450742
159.219049	1.5784234676517734
159.219049	1.5784234676517734
159.219049	1.5784234676517734
159.219049	1.5784234676517734
159.255074	1.5784020843603384
159.266936	1.578395260200548
159.279058	1.5783883658456184
159.279058	1.5783883658456184
159.279058	1.5783883658456184
159.279058	1.5783883658456184
159.315001	1.5783687627648109
159.326955	1.5783624944994992
159.339068	1.5783562342773283
159.339068	1.5783562342773283
159.339068	1.5783562342773283
159.339068	1.5783562342773283
159.37502	1.5783385975245046
159.37502	1.5783385975245046
159.399052	1.5783274659418605
159.399052	1.5783274659418605
159.399052	1.5783274659418605
159.399052	1.5783274659418605
159.435022	1.5783119685804636
159.435022	1.5783119685804636
159.459058	1.578302311872287
159.459058	1.578302311872287
159.459058	1.578302311872287
159.459058	1.578302311872287
159.495021	1.5782890798714635
159.495021	1.5782890798714635
159.519125	1.5782809347674962
159.519125	1.5782809347674962
159.519125	1.5782809347674962
159.519125	1.5782809347674962
159.519125	1.5782809347674962
159.519125	1.5782809347674962
159.57907	1.578263471880808
159.57907	1.578263471880808
159.57907	1.578263471880808
159.57907	1.578263471880808
159.57907	1.578263471880808
159.57907	1.578263471880808
159.63905	1.5782498425861111
159.63905	1.5782498425861111
159.63905	1.5782498425861111
159.63905	1.5782498425861111
159.63905	1.5782498425861111
159.63905	1.5782498425861111
159.699055	1.5782399357994681
159.699055	1.5782399357994681
159.699055	1.5782399357994681
159.699055	1.5782399357994681
159.735028	1.5782357258772222
159.746956	1.5782345968553475
159.759067	1.5782335438405193
159.759067	1.5782335438405193
159.759067	1.5782335438405193
159.759067	1.5782335438405193
159.759067	1.5782335438405193
159.759067	1.5782335438405193
159.759067	1.5782335438405193
159.759067	1.5782335438405193
159.759067	1.5782335438405193
159.759067	1.5782335438405193
159.759067	1.5782335438405193
159.819135	1.5782303667418818
159.87905	1.5782299937714539
159.87905	1.5782299937714539
159.87905	1.5782299937714539
159.87905	1.5782299937714539
159.87905	1.5782299937714539
159.926966	1.5782314291036439
159.939048	1.5782319779051956
159.939048	1.5782319779051956
159.939048	1.5782319779051956
159.939048	1.5782319779051956
159.975022	1.5782341348370124
159.986976	1.5782349867682002
159.999051	1.578235892785917
159.999051	1.578235892785917
159.999051	1.578235892785917
159.999051	1.578235892785917
159.999051	1.578235892785917
159.999051	1.578235892785917
160.059056	1.5782412919253044
160.059056	1.5782412919253044
160.071008	1.578242515704037
160.071008	1.578242515704037
160.071008	1.578242515704037
160.071008	1.578242515704037
160.119073	1.5782477272327553
160.119073	1.5782477272327553
160.130956	1.5782490916514755
160.130956	1.5782490916514755
160.130956	1.5782490916514755
160.166955	1.5782533138001751
160.179121	1.5782547654022165
160.179121	1.5782547654022165
160.179121	1.5782547654022165
160.179121	1.5782547654022165
160.215105	1.5782590981798201
160.226981	1.5782605275441774
160.239051	1.5782619782323519
160.239051	1.5782619782323519
160.239051	1.5782619782323519
160.239051	1.5782619782323519
160.239051	1.5782619782323519
160.286956	1.5782676235835982
160.299087	1.5782690199165976
160.299087	1.5782690199165976
160.299087	1.5782690199165976
160.299107	1.5782690222186881
160.299107	1.5782690222186881
160.346979	1.5782742800836769
160.359071	1.578275549779145
160.359071	1.578275549779145
160.371078	1.5782767625596248
160.371078	1.5782767625596248
160.395042	1.5782791033412247
160.395042	1.5782791033412247
160.419078	1.5782813099903301
160.419078	1.5782813099903301
160.419078	1.5782813099903301
160.443047	1.578283339857679
160.455045	1.578284292163449
160.455045	1.578284292163449
160.479174	1.5782860897661382
160.479174	1.5782860897661382
160.479174	1.5782860897661382
160.479174	1.5782860897661382
160.479174	1.5782860897661382
160.479174	1.5782860897661382
160.539076	1.578289713881722
160.539076	1.578289713881722
160.539076	1.578289713881722
160.562975	1.5782908138306742
160.575108	1.5782912948067533
160.575108	1.5782912948067533
160.59907	1.5782921103666916
160.59907	1.5782921103666916
160.59907	1.5782921103666916
160.622996	1.5782927071603143
160.635041	1.5782929303849256
160.635041	1.5782929303849256
160.659093	1.5782932432654231
160.659093	1.5782932432654231
160.659093	1.5782932432654231
160.659093	1.5782932432654231
160.659093	1.5782932432654231
160.707063	1.5782932444487103
160.719082	1.5782931396545488
160.719082	1.5782931396545488
160.719082	1.5782931396545488
160.719082	1.5782931396545488
160.719082	1.5782931396545488
160.719082	1.5782931396545488
160.779073	1.5782918727550326
160.779073	1.5782918727550326
160.779073	1.5782918727550326
160.802976	1.5782910618815866
160.815065	1.5782905875947184
160.815065	1.5782905875947184
160.839139	1.5782895329477749
160.839139	1.5782895329477749
160.850976	1.5782889391186299
160.850976	1.5782889391186299
160.875052	1.578287641612464
160.886996	1.5782869394007
160.899075	1.5782862043892292
160.899075	1.5782862043892292
160.899075	1.5782862043892292
160.899075	1.5782862043892292
160.935047	1.5782837911281453
160.935047	1.5782837911281453
160.959074	1.5782820449439376
160.959074	1.5782820449439376
160.959074	1.5782820449439376
160.959074	1.5782820449439376
160.959074	1.5782820449439376
160.959074	1.5782820449439376
161.019114	1.5782772666228297
161.019114	1.5782772666228297
161.019114	1.5782772666228297
161.019114	1.5782772666228297
161.019114	1.5782772666228297
161.019114	1.5782772666228297
161.079073	1.578272103683154
161.079073	1.578272103683154
161.079073	1.578272103683154
161.079073	1.578272103683154
161.079073	1.578272103683154
161.079073	1.578272103683154
161.13911	1.5782667730775273
161.13911	1.5782667730775273
161.13911	1.5782667730775273
161.13911	1.5782667730775273
161.175039	1.5782636046621199
161.175039	1.5782636046621199
161.199091	1.578261519158529
161.199091	1.578261519158529
161.199091	1.578261519158529
161.199091	1.578261519158529
161.199091	1.578261519158529
161.199091	1.578261519158529
161.259078	1.578256552090717
161.259078	1.578256552090717
161.271063	1.5782556176873466
161.282996	1.5782546989662987
161.295041	1.5782537991337282
161.295041	1.5782537991337282
161.319088	1.5782520670605622
161.319108	1.5782520656338999
161.319108	1.5782520656338999
161.319108	1.5782520656338999
161.355064	1.5782496896339622
161.367067	1.5782489552196748
161.379095	1.5782482402520353
161.379095	1.5782482402520353
161.379095	1.5782482402520353
161.379095	1.5782482402520353
161.379095	1.5782482402520353
161.426996	1.5782457663191753
161.43911	1.5782452178466879
161.43911	1.5782452178466879
161.43911	1.5782452178466879
161.43911	1.5782452178466879
161.43911	1.5782452178466879
161.43911	1.5782452178466879
161.499158	1.5782431160574713
161.499158	1.5782431160574713
161.499158	1.5782431160574713
161.499158	1.5782431160574713
161.499158	1.5782431160574713
161.54702	1.5782421724146669
161.559094	1.5782420262546102
161.559094	1.5782420262546102
161.559094	1.5782420262546102
161.582995	1.5782418913312226
161.582995	1.5782418913312226
161.606996	1.5782419288437413
161.619089	1.5782419992115009
161.619089	1.5782419992115009
161.619089	1.5782419992115009
161.619089	1.5782419992115009
161.619089	1.5782419992115009
161.619089	1.5782419992115009
161.679127	1.5782424995941966
161.679127	1.5782424995941966
161.679127	1.5782424995941966
161.679127	1.5782424995941966
161.679127	1.5782424995941966
161.679127	1.5782424995941966
161.739097	1.5781963606758924
161.739097	1.5781963606758924
161.739097	1.5781963606758924
161.739097	1.5781963606758924
161.775062	1.5780689304413045
161.775062	1.5780689304413045
161.799094	1.5779380989840832
161.799094	1.5779380989840832
161.799094	1.5779380989840832
161.799094	1.5779380989840832
161.83506	1.5776979585629936
161.846996	1.577616151911122
161.859098	1.57753336040857
161.859098	1.57753336040857
161.859098	1.57753336040857
161.859098	1.57753336040857
161.859098	1.57753336040857
161.859098	1.57753336040857
161.859098	1.57753336040857
161.859098	1.57753336040857
161.91909	1.5771438026317361
161.943016	1.5769977611427877
161.943016	1.5769977611427877
161.943016	1.5769977611427877
161.979091	1.5767861803333103
161.979091	1.5767861803333103
161.979091	1.5767861803333103
162.002996	1.5766519238670755
162.015068	1.5765858487444677
162.015068	1.5765858487444677
162.039094	1.5764572834216901
162.039094	1.5764572834216901
162.039094	1.5764572834216901
162.039094	1.5764572834216901
162.039094	1.5764572834216901
162.086996	1.5762145955955988
162.099094	1.5761556192712534
162.099094	1.5761556192712534
162.099094	1.5761556192712534
162.122996	1.5760427555733045
162.122996	1.5760427555733045
162.122996	1.5760427555733045
162.122996	1.5760427555733045
162.159187	1.5758789421651631
162.171027	1.5758275129204826
162.182995	1.5757760089888
162.195064	1.5757252040648644
162.207301	1.5756745779111978
162.219093	1.5756263699829647
162.219093	1.5756263699829647
162.219093	1.5756263699829647
162.219093	1.5756263699829647
162.255064	1.5754851334980537
162.266996	1.5754398685316042
162.266996	1.5754398685316042
162.266996	1.5754398685316042
162.266996	1.5754398685316042
162.266996	1.5754398685316042
162.266996	1.5754398685316042
162.279092	1.5753945278822923
162.339161	1.5751814093145038
162.339161	1.5751814093145038
162.339161	1.5751814093145038
162.363016	1.575101557298626
162.363016	1.575101557298626
162.363016	1.575101557298626
162.399111	1.5749824480363206
162.399111	1.5749824480363206
162.399111	1.5749824480363206
162.399111	1.5749824480363206
162.399111	1.5749824480363206
162.399111	1.5749824480363206
162.459194	1.5746975659161691
162.459194	1.5746975659161691
162.459194	1.5746975659161691
162.459194	1.5746975659161691
162.459194	1.5746975659161691
162.459194	1.5746975659161691
162.51911	1.5742025488587412
162.51911	1.5742025488587412
162.51911	1.5742025488587412
162.51911	1.5742025488587412
162.51911	1.5742025488587412
162.51911	1.5742025488587412
162.579132	1.57364076666477
162.579132	1.57364076666477
162.579132	1.57364076666477
162.603017	1.5734271625521816
162.615095	1.5733216135510988
162.615095	1.5733216135510988
162.639111	1.5731157344266828
162.639111	1.5731157344266828
162.639111	1.5731157344266828
162.639111	1.5731157344266828
162.639111	1.5731157344266828
162.687087	1.572722228518685
162.699114	1.5726264987215037
162.699114	1.5726264987215037
162.711036	1.5725335762669872
162.711036	1.5725335762669872
162.711036	1.5725335762669872
162.711036	1.5725335762669872
162.711036	1.5725335762669872
162.711036	1.5725335762669872
162.759135	1.5721693643332089
162.783016	1.5719960005393145
162.783016	1.5719960005393145
162.783016	1.5719960005393145
162.819179	1.5717416729544746
162.819179	1.5717416729544746
162.819179	1.5717416729544746
162.843036	1.5715794703666313
162.843036	1.5715794703666313
162.867053	1.57142028196955
162.879153	1.5713412637262572
162.879153	1.5713412637262572
162.879153	1.5713412637262572
162.879153	1.5713412637262572
162.879153	1.5713412637262572
162.879153	1.5713412637262572
162.939111	1.5709650188467592
162.939111	1.5709650188467592
162.939111	1.5709650188467592
162.963015	1.5708212565267523
162.963015	1.5708212565267523
162.963015	1.5708212565267523
162.999119	1.5706100332617854
162.999119	1.5706100332617854
163.011017	1.5705422193050511
163.023016	1.5704742335024675
163.023016	1.5704742335024675
163.023016	1.5704742335024675
163.059113	1.5702743615748687
