#1
double table_Timeout(16300,2)
0	0
0.06	0
0.06	0
0.06	0
0.06	0
0.06	0
0.06	0
0.120029	0
0.120029	0
0.120029	0
0.120029	0
0.156	0
0.168024	0
0.180022	0
0.180022	0
0.192002	0
0.192002	0
0.192002	0
0.192002	0
0.240004	0
0.240004	0
0.252022	0
0.252022	0
0.252022	0
0.252022	0
0.3	0
0.3	0
0.3	0
0.324	0
0.324	0
0.324	0
0.360109	0
0.360109	0
0.360109	0
0.360109	0
0.360109	0
0.360109	0
0.420002	0
0.420002	0
0.420002	0
0.420002	0
0.420002	0
0.420002	0
0.48	0
0.48	0
0.48	0
0.480003	0
0.480003	0
0.528031	0
0.540023	0
0.552004	0
0.552004	0
0.552004	0
0.552004	0
0.552004	0
0.600003	0
0.600003	0
0.600003	0
0.600003	0
0.600003	0
0.600003	0
0.660003	0
0.660003	0
0.660003	0
0.660003	0
0.696003	0
0.696003	0
0.720012	0
0.720012	0
0.720012	0
0.720012	0
0.720012	0
0.720012	0
0.780024	0
0.780024	0
0.780024	0
0.780024	0
0.780024	0
0.780024	0
0.840025	0
0.840025	0
0.840025	0
0.840025	0
0.840025	0
0.840025	0
0.900035	0
0.900035	0
0.900035	0
0.900035	0
0.900035	0
0.900035	0
0.960003	0
0.960003	0
0.960003	0
0.960003	0
0.960003	0
0.960003	0
1.020121	0
1.020121	0
1.03201	0
1.03201	0
1.03201	0
1.03201	0
1.080004	0
1.080004	0
1.080004	0
1.080004	0
1.080004	0
1.080004	0
1.140003	0
1.140003	0
1.152044	0
1.152044	0
1.152044	0
1.152044	0
1.200024	0
1.200024	0
1.200024	0
1.200024	0
1.236024	0
1.236024	0
1.260013	0
1.260013	0
1.260013	0
1.260013	0
1.260013	0
1.308047	0
1.320004	0
1.332026	0
1.332026	0
1.332026	0
1.332026	0
1.332026	0
1.380004	0
1.380004	0
1.380004	0
1.380004	0
1.380004	0
1.380004	0
1.440024	0
1.440024	0
1.440024	0
1.440024	0
1.440024	0
1.440024	0
1.500004	0
1.500004	0
1.500008	0
1.500008	0
1.500008	0
1.500008	0
1.560012	0
1.560012	0
1.560012	0
1.560012	0
1.560012	0
1.560012	0
1.620007	0
1.620007	0
1.620007	0
1.620007	0
1.620007	0
1.620007	0
1.680135	0
1.680135	0
1.680135	0
1.680135	0
1.680135	0
1.680135	0
1.680135	0
1.680135	0
1.680135	0
1.680135	0
1.680135	0
1.680135	0
1.800008	0
1.800008	0
1.800008	0
1.824011	0
1.836027	0
1.848033	0
1.860028	0
1.860028	0
1.860028	0
1.860028	0
1.860028	0
1.860028	0
1.920008	0
1.932009	0
1.932009	0
1.932009	0
1.932009	0
1.932009	0
1.980008	0
1.980008	0
1.980008	0
1.980008	0
1.980008	0
1.980008	0
1.980008	0
2.052009	0
2.052009	0
2.052009	0
2.052009	0
2.052009	0
2.100028	0
2.100028	0
2.100028	0
2.100028	0
2.100028	0
2.14804	0
2.160007	0
2.172008	0
2.172008	0
2.172008	0
2.172008	0
2.172008	0
2.220012	0
2.220012	0
2.232032	0
2.232032	0
2.232032	0
2.232032	0
2.280007	0
2.280007	0
2.280007	0
2.280007	0
2.280007	0
2.280007	0
2.340135	0
2.340135	0
2.340135	0
2.340135	0
2.340135	0
2.340135	0
2.400008	0
2.400008	0
2.400008	0
2.400008	0
2.400008	0
2.400008	0
2.460008	0
2.460008	0
2.460008	0
2.460008	0
2.460008	0
2.460008	0
2.520049	0
2.520053	0
2.520053	0
2.544011	0
2.544011	0
2.544011	0
2.580012	0
2.580012	0
2.580012	0
2.580012	0
2.580012	0
2.580012	0
2.640012	0
2.640012	0
2.640012	0
2.640012	0
2.640012	0
2.640012	0
2.700011	0
2.700011	0
2.700011	0
2.700011	0
2.700011	0
2.748048	0
2.760032	0
2.772013	0
2.772013	0
2.772013	0
2.772013	0
2.772013	0
2.820012	0
2.820012	0
2.820012	0
2.820012	0
2.820012	0
2.820012	0
2.880016	0
2.880016	0
2.892049	0
2.892049	0
2.892049	0
2.892049	0
2.940012	0
2.952013	0
2.952013	0
2.952013	0
2.952013	0
2.952013	0
3.00012	0
3.00012	0
3.00012	0
3.024032	0
3.036012	0
3.036012	0
3.060032	0
3.060032	0
3.060032	0
3.060032	0
3.060032	0
3.060032	0
3.120012	0
3.120012	0
3.120012	0
3.120012	0
3.156032	0
3.156032	0
3.180032	0
3.192034	0
3.192034	0
3.192034	0
3.192034	0
3.228051	0
3.240011	0
3.252013	0
3.252013	0
3.252013	0
3.252013	0
3.252013	0
3.300037	0
3.300037	0
3.300037	0
3.300037	0
3.300037	0
3.348045	0
3.360011	0
3.372013	0
3.372013	0
3.372013	0
3.372013	0
3.372013	0
3.420032	0
3.420032	0
3.420032	0
3.420032	0
3.420032	0
3.468037	0
3.480012	0
3.492013	0
3.492013	0
3.492013	0
3.492013	0
3.492013	0
3.540016	0
3.54002	0
3.54002	0
3.54002	0
3.54002	0
3.54002	0
3.600015	0
3.600015	0
3.600015	0
3.600015	0
3.600015	0
3.600015	0
3.660143	0
3.660143	0
3.660143	0
3.660143	0
3.660143	0
3.660143	0
3.720015	0
3.720015	0
3.720015	0
3.720015	0
3.720015	0
3.720015	0
3.780016	0
3.780016	0
3.780016	0
3.780016	0
3.780016	0
3.780016	0
3.840036	0
3.840036	0
3.840036	0
3.840036	0
3.840036	0
3.840036	0
3.900015	0
3.900015	0
3.900015	0
3.900015	0
3.900015	0
3.900015	0
3.900015	0
3.900015	0
3.900015	0
3.900015	0
3.900015	0
3.900015	0
4.020017	0
4.020017	0
4.032016	0
4.044015	0
4.056073	0
4.068049	0
4.068049	0
4.080036	0
4.080036	0
4.080036	0
4.080036	0
4.080036	0
4.140028	0
4.140028	0
4.140028	0
4.140028	0
4.140028	0
4.140028	0
4.20002	0
4.20002	0
4.20002	0
4.20002	0
4.20002	0
4.20002	0
4.260053	0
4.260053	0
4.260053	0
4.260053	0
4.260053	0
4.260053	0
4.320147	0
4.320147	0
4.320147	0
4.344035	0
4.344035	0
4.344035	0
4.380015	0
4.380015	0
4.392015	0
4.392015	0
4.392015	0
4.42804	0
4.440016	0
4.440016	0
4.452057	0
4.452057	0
4.452057	0
4.488049	0
4.500036	0
4.500036	0
4.512018	0
4.512018	0
4.512018	0
4.512022	0
4.560019	0
4.572042	0
4.572042	0
4.572042	0
4.572042	0
4.572042	0
4.62002	0
4.62002	0
4.632042	0
4.632042	0
4.632042	0
4.632042	0
4.68002	0
4.68002	0
4.68002	0
4.68002	0
4.68002	0
4.68002	0
4.74004	0
4.74004	0
4.74004	0
4.74004	0
4.74004	0
4.74004	0
4.80002	0
4.80002	0
4.80002	0
4.80002	0
4.80002	0
4.80002	0
4.860024	0
4.860024	0
4.860024	0
4.860024	0
4.860024	0
4.860024	0
4.920019	0
4.920019	0
4.932021	0
4.932021	0
4.932021	0
4.932021	0
4.980128	0
4.980128	0
4.980128	0
5.00404	0
5.00404	0
5.00404	0
5.00404	0
5.040598	0
5.040598	0
5.040598	0
5.040598	0
5.040598	0
5.100049	0
5.100049	0
5.100049	0
5.100049	0
5.100049	0
5.100049	0
5.16004	0
5.16004	0
5.172077	0
5.172077	0
5.19602	0
5.19602	0
5.220019	0
5.220019	0
5.232042	0
5.244059	0
5.256024	0
5.256024	0
5.28002	0
5.28002	0
5.292042	0
5.30402	0
5.316027	0
5.316027	0
5.34002	0
5.34002	0
5.34002	0
5.36402	0
5.37606	0
5.37606	0
5.40004	0
5.40004	0
5.40004	0
5.40004	0
5.40004	0
5.40004	0
5.460041	0
5.460041	0
5.460041	0
5.460041	0
5.460041	0
5.508082	0
5.520024	0
5.520024	0
5.532048	0
5.532052	0
5.532052	0
5.568049	0
5.580024	0
5.592045	0
5.592045	0
5.604024	0
5.604024	0
5.604024	0
5.640137	0
5.640137	0
5.640137	0
5.640137	0
5.640137	0
5.640137	0
5.700025	0
5.700025	0
5.700025	0
5.700025	0
5.700025	0
5.700025	0
5.760025	0
5.760025	0
5.760025	0
5.784031	0
5.784031	0
5.784031	0
5.820045	0
5.820045	0
5.820045	0
5.820045	0
5.820045	0
5.820045	0
5.880025	0
5.880025	0
5.880025	0
5.880025	0
5.880025	0
5.928067	0
5.940025	0
5.940025	0
5.940025	0
5.940025	0
5.940025	0
5.940025	0
6.000024	0
6.000024	0
6.012029	0
6.012029	0
6.012029	0
6.012029	0
6.012029	0
6.012029	0
6.060045	0
6.084045	0
6.084045	0
6.084045	0
6.084045	0
6.120046	0
6.132037	0
6.132037	0
6.132037	0
6.168085	0
6.168085	0
6.180029	0
6.192047	0
6.204025	0
6.216045	0
6.228048	0
6.240025	0
6.240025	0
6.252048	0
6.252048	0
6.252048	0
6.252048	0
6.300134	0
6.300134	0
6.300134	0
6.300134	0
6.300134	0
6.300134	0
6.360025	0
6.360025	0
6.360025	0
6.360025	0
6.360025	0
6.360025	0
6.420025	0
6.420025	0
6.420025	0
6.420025	0
6.420025	0
6.420025	0
6.480055	0
6.480055	0
6.480055	0
6.480055	0
6.480055	0
6.480055	0
6.540025	0
6.552025	0
6.55203	0
6.55203	0
6.55203	0
6.588163	0
6.60003	0
6.60003	0
6.60003	0
6.62403	0
6.636028	0
6.636028	0
6.660028	0
6.660028	0
6.672036	0
6.684028	0
6.69607	0
6.69607	0
6.69607	0
6.69607	0
6.69607	0
6.69607	0
6.69607	0
6.69607	0
6.69607	0
6.792028	0
6.792028	0
6.804028	0
6.804028	0
6.804028	0
6.804028	0
6.804028	0
6.85205	0
6.85205	0
6.85205	0
6.888058	0
6.888058	0
6.888058	0
6.888058	0
6.888058	0
6.936028	0
6.94806	0
6.960147	0
6.972054	0
6.972054	0
6.984048	0
6.984048	0
6.984048	0
6.984048	0
6.984048	0
6.984048	0
6.984048	0
6.984048	0
6.984048	0
6.984048	0
6.984048	0
7.092079	0
7.104145	0
7.116048	0
7.128053	0
7.128053	0
7.128053	0
7.128053	0
7.128053	0
7.128053	0
7.188052	0
7.200028	0
7.212028	0
7.212028	0
7.212028	0
7.212028	0
7.24807	0
7.24807	0
7.260754	0
7.272049	0
7.272049	0
7.272049	0
7.308065	0
7.308065	0
7.308065	0
7.308065	0
7.308065	0
7.308065	0
7.368112	0
7.380049	0
7.392029	0
7.392029	0
7.404048	0
7.416028	0
7.428053	0
7.440028	0
7.440028	0
7.452038	0
7.452038	0
7.452038	0
7.48809	0
7.500053	0
7.500053	0
7.500053	0
7.524046	0
7.536048	0
7.548061	0
7.560028	0
7.560032	0
7.560032	0
7.560032	0
7.560032	0
7.560032	0
7.620652	0
7.620652	0
7.620652	0
7.644052	0
7.644052	0
7.644052	0
7.680032	0
7.680032	0
7.680032	0
7.704032	0
7.704032	0
7.728056	0
7.740032	0
7.752076	0
7.752076	0
7.752076	0
7.776052	0
7.776052	0
7.776052	0
7.776052	0
7.776052	0
7.776052	0
7.776052	0
7.800052	0
7.860032	0
7.860032	0
7.860032	0
7.884069	0
7.884069	0
7.884069	0
7.920032	0
7.920032	0
7.920032	0
7.920032	0
7.920032	0
7.968057	0
7.980032	0
7.992034	0
7.992034	0
7.992034	0
7.992034	0
7.992034	0
7.992034	0
8.040053	0
8.052034	0
8.052034	0
8.052034	0
8.088065	0
8.100032	0
8.100032	0
8.100032	0
8.100032	0
8.136032	0
8.149092	0
8.149092	0
8.149092	0
8.149092	0
8.185146	0
8.185146	0
8.185146	0
8.185146	0
8.185146	0
8.185146	0
8.185146	0
8.209032	0
8.269072	0
8.281484	0
8.281484	0
8.281484	0
8.281484	0
8.281484	0
8.329032	0
8.329032	0
8.329032	0
8.329032	0
8.329032	0
8.377034	0
8.389034	0
8.389034	0
8.389034	0
8.389034	0
8.389034	0
8.437035	0
8.437035	0
8.449053	0
8.461432	0
8.461432	0
8.461432	0
8.461432	0
8.509033	0
8.52104	0
8.533143	0
8.533143	0
8.533143	0
8.533143	0
8.569033	0
8.569033	0
8.581063	0
8.581063	0
8.581063	0
8.581063	0
8.629062	0
8.64104	0
8.64104	0
8.64104	0
8.64104	0
8.64104	0
8.68906	0
8.68906	0
8.701041	0
8.701041	0
8.701041	0
8.701041	0
8.749041	0
8.761061	0
8.773121	0
8.773121	0
8.773121	0
8.773121	0
8.809044	0
8.809044	0
8.821061	0
8.833117	0
8.833117	0
8.833117	0
8.869041	0
8.869041	0
8.869041	0
8.869041	0
8.869041	0
8.917039	0
8.929085	0
8.929085	0
8.929085	0
8.929085	0
8.929085	0
8.977059	0
8.989039	0
8.989039	0
9.013106	0
9.013106	0
9.025156	0
9.025156	0
9.049039	0
9.049039	0
9.049039	0
9.073484	0
9.073484	0
9.073484	0
9.109059	0
9.109059	0
9.109059	0
9.109059	0
9.145138	0
9.157064	0
9.169039	0
9.181039	0
9.181039	0
9.181039	0
9.181039	0
9.181039	0
9.229039	0
9.229039	0
9.229039	0
9.229039	0
9.229039	0
9.229039	0
9.28906	0
9.28906	0
9.28906	0
9.28906	0
9.28906	0
9.337046	0
9.349059	0
9.349059	0
9.349059	0
9.349059	0
9.349059	0
9.397039	0
9.409039	0
9.42106	0
9.42106	0
9.433116	0
9.433116	0
9.433116	0
9.433116	0
9.469043	0
9.481483	0
9.493112	0
9.493112	0
9.493112	0
9.493112	0
9.529041	0
9.541041	0
9.541041	0
9.541041	0
9.541046	0
9.58909	0
9.58909	0
9.58909	0
9.58909	0
9.625145	0
9.625145	0
9.649044	0
9.649044	0
9.649044	0
9.649044	0
9.649044	0
9.649044	0
9.709044	0
9.721091	0
9.721091	0
9.733652	0
9.745197	0
9.745197	0
9.769064	0
9.769064	0
9.769064	0
9.793109	0
9.793109	0
9.793109	0
9.829065	0
9.829065	0
9.829065	0
9.853151	0
9.865149	0
9.878072	0
9.878072	0
9.902067	0
9.902067	0
9.902067	0
9.902067	0
9.938069	0
9.950052	0
9.962044	0
9.962044	0
9.97412	0
9.97412	0
9.97412	0
9.97412	0
9.97412	0
10.022066	0
10.034064	0
10.046063	0
10.046063	0
10.070044	0
10.070044	0
10.070044	0
10.070044	0
10.070044	0
10.070044	0
10.070044	0
10.070044	0
10.070044	0
10.070044	0
10.070044	0
10.070044	0
10.190044	0
10.190044	0
10.190044	0
10.190044	0
10.190044	0
10.190044	0
10.190044	0
10.190044	0
10.190044	0
10.190044	0
10.287066	0
10.299046	0
10.299046	0
10.299046	0
10.299046	0
10.299046	0
10.299046	0
10.359086	0
10.371482	0
10.371482	0
10.371482	0
10.371482	0
10.371482	0
10.419065	0
10.419065	0
10.419065	0
10.419065	0
10.455144	0
10.455144	0
10.455144	0
10.455144	0
10.455144	0
10.455144	0
10.479046	0
10.527048	0
10.539066	0
10.551046	0
10.551046	0
10.551046	0
10.55105	0
10.58705	0
10.599079	0
10.611051	0
10.62316	0
10.62316	0
10.62316	0
10.647071	0
10.65905	0
10.65905	0
10.65905	0
10.683117	0
10.69515	0
10.69515	0
10.71905	0
10.71905	0
10.71905	0
10.74312	0
10.74312	0
10.74312	0
10.779069	0
10.79105	0
10.79105	0
10.79105	0
10.79105	0
10.79105	0
10.83905	0
10.85105	0
10.863142	0
10.863142	0
10.863142	0
10.863142	0
10.899053	0
10.899053	0
10.91107	0
10.923112	0
10.923112	0
10.947049	0
10.959048	0
10.959048	0
10.983117	0
10.983117	0
10.995148	0
11.007048	0
11.019095	0
11.019095	0
11.019095	0
11.019095	0
11.019095	0
11.019095	0
11.079067	0
11.079067	0
11.103114	0
11.103114	0
11.103114	0
11.103114	0
11.139048	0
11.139048	0
11.139048	0
11.139048	0
11.175168	0
11.175168	0
11.199088	0
11.199088	0
11.199088	0
11.199088	0
11.235163	0
11.248073	0
11.260048	0
11.260048	0
11.260048	0
11.260048	0
11.260048	0
11.308073	0
11.320068	0
11.320068	0
11.320068	0
11.320068	0
11.320068	0
11.320068	0
11.380048	0
11.392056	0
11.392056	0
11.404204	0
11.404204	0
11.428095	0
11.428095	0
11.428095	0
11.428095	0
11.44005	0
11.47605	0
11.488091	0
11.50005	0
11.51205	0
11.51205	0
11.51205	0
11.51205	0
11.51205	0
11.51205	0
11.51205	0
11.512055	0
11.56007	0
11.596055	0
11.596055	0
11.596055	0
11.596055	0
11.596055	0
11.596055	0
11.596055	0
11.620076	0
11.680059	0
11.680059	0
11.680059	0
11.704055	0
11.704055	0
11.728079	0
11.728079	0
11.728079	0
11.728079	0
11.728079	0
11.740055	0
11.788086	0
11.788086	0
11.788086	0
11.788086	0
11.788086	0
11.836055	0
11.848114	0
11.860055	0
11.860055	0
11.860055	0
11.860055	0
11.860055	0
11.908078	0
11.920074	0
11.920074	0
11.920074	0
11.920074	0
11.920074	0
11.932099	0
11.980075	0
11.980075	0
11.980075	0
12.004055	0
12.016073	0
12.016073	0
12.040053	0
12.040053	0
12.040053	0
12.040053	0
12.040053	0
12.088094	0
12.088094	0
12.088094	0
12.088094	0
12.088094	0
12.088094	0
12.088094	0
12.088094	0
12.160449	0
12.160449	0
12.160449	0
12.160449	0
12.160449	0
12.160449	0
12.220553	0
12.232058	0
12.244081	0
12.244081	0
12.244081	0
12.280074	0
12.280074	0
12.280074	0
12.280074	0
12.316053	0
12.328116	0
12.340094	0
12.340094	0
12.352075	0
12.352075	0
12.352075	0
12.388078	0
12.400053	0
12.412083	0
12.412083	0
12.412083	0
12.412083	0
12.448079	0
12.448079	0
12.448079	0
12.448079	0
12.448079	0
12.460093	0
12.509053	0
12.509053	0
12.533119	0
12.533119	0
12.533119	0
12.533119	0
12.533119	0
12.569053	0
12.593156	0
12.593156	0
12.593156	0
12.593156	0
12.629077	0
12.629077	0
12.629077	0
12.629077	0
12.665155	0
12.665155	0
12.689079	0
12.689079	0
12.689079	0
12.689079	0
12.689079	0
12.689079	0
12.749058	0
12.749058	0
12.761091	0
12.761091	0
12.761091	0
12.797058	0
12.809058	0
12.821079	0
12.833132	0
12.833132	0
12.845212	0
12.845212	0
12.869077	0
12.869077	0
12.881058	0
12.881058	0
12.905263	0
12.917058	0
12.929058	0
12.929058	0
12.929058	0
12.929058	0
12.929058	0
12.929058	0
12.989062	0
13.001078	0
13.001078	0
13.013134	0
13.013134	0
13.013134	0
13.049059	0
13.061059	0
13.073134	0
13.073134	0
13.073134	0
13.073134	0
13.109098	0
13.121064	0
13.121064	0
13.133496	0
13.133496	0
13.157081	0
13.16906	0
13.16906	0
13.16906	0
13.16906	0
13.205168	0
13.217086	0
13.22906	0
13.241103	0
13.241103	0
13.241103	0
13.241103	0
13.277061	0
13.28908	0
13.30106	0
13.30106	0
13.30106	0
13.325213	0
13.325213	0
13.34908	0
13.34908	0
13.373176	0
13.373176	0
13.373176	0
13.397082	0
13.40906	0
13.40906	0
13.40906	0
13.40906	0
13.40906	0
13.45707	0
13.46908	0
13.48106	0
13.48106	0
13.48106	0
13.48106	0
13.536923	0
13.548127	0
13.548127	0
13.561064	0
13.561064	0
13.585059	0
13.597179	0
13.597179	0
13.597179	0
13.597179	0
13.597179	0
13.597179	0
13.657264	0
13.657264	0
13.657264	0
13.681064	0
13.681064	0
13.681064	0
13.717178	0
13.717178	0
13.729064	0
13.729064	0
13.753146	0
13.753146	0
13.777189	0
13.777189	0
13.777189	0
13.777189	0
13.777189	0
13.777189	0
13.837165	0
13.837165	0
13.849064	0
13.849064	0
13.849064	0
13.849064	0
13.897168	0
13.897168	0
13.909065	0
13.909065	0
13.933437	0
13.933437	0
13.957194	0
13.957194	0
13.969064	0
13.969064	0
13.99314	0
13.99314	0
14.017165	0
14.017165	0
14.017165	0
14.041064	0
14.053245	0
14.053245	0
14.077182	0
14.077182	0
14.089069	0
14.101063	0
14.113159	0
14.125064	0
14.137165	0
14.137165	0
14.149064	0
14.161064	0
14.173146	0
14.185167	0
14.197177	0
14.197177	0
14.197177	0
14.197177	0
14.233148	0
14.233148	0
14.257172	0
14.257172	0
14.257172	0
14.281064	0
14.29314	0
14.305064	0
14.317324	0
14.317324	0
14.329064	0
14.329064	0
14.329064	0
14.365064	0
14.377183	0
14.377183	0
14.377183	0
14.377183	0
14.413151	0
14.413151	0
14.437166	0
14.437166	0
14.449163	0
14.449163	0
14.473147	0
14.473147	0
14.497187	0
14.497187	0
14.497187	0
14.497187	0
14.497187	0
14.497187	0
14.55717	0
14.55717	0
14.55717	0
14.55717	0
14.557175	0
14.605069	0
14.617173	0
14.617173	0
14.629069	0
14.641068	0
14.653139	0
14.653139	0
14.677196	0
14.677196	0
14.689069	0
14.689069	0
14.689069	0
14.689069	0
14.737165	0
14.737165	0
14.749073	0
14.749073	0
14.773141	0
14.785069	0
14.797165	0
14.797165	0
14.809088	0
14.809088	0
14.833141	0
14.833141	0
14.833141	0
14.857644	0
14.857644	0
14.857644	0
14.857644	0
14.857644	0
14.857644	0
14.857644	0
14.857644	0
14.91717	0
14.953143	0
14.953143	0
14.977256	0
14.977256	0
14.977256	0
14.977256	0
14.977256	0
15.025075	0
15.037187	0
15.037187	0
15.049075	0
15.061075	0
15.061075	0
15.085075	0
15.09717	0
15.09717	0
15.09717	0
15.09717	0
15.09717	0
15.09717	0
15.157179	0
15.157179	0
15.169075	0
15.169075	0
15.193138	0
15.193138	0
15.217186	0
15.217186	0
15.217186	0
15.217186	0
15.217186	0
15.217186	0
15.277186	0
15.277186	0
15.277186	0
15.301075	0
15.313147	0
15.313147	0
15.337169	0
15.337169	0
15.349075	0
15.349075	0
15.373215	0
15.385075	0
15.397186	0
15.397186	0
15.397186	0
15.397186	0
15.397186	0
15.397186	0
15.397186	0
15.397186	0
15.397186	0
15.45717	0
15.49314	0
15.49314	0
15.517171	0
15.517171	0
15.529096	0
15.529096	0
15.553143	0
15.565075	0
15.577225	0
15.577225	0
15.589104	0
15.589109	0
15.613143	0
15.613143	0
15.613143	0
15.613143	0
15.613143	0
15.613143	0
15.613143	0
15.63725	0
15.697174	0
15.697174	0
15.70908	0
15.721101	0
15.721101	0
15.721101	0
15.757179	0
15.757179	0
15.769153	0
15.78108	0
15.793145	0
15.793145	0
15.817186	0
15.817186	0
15.817186	0
15.817186	0
15.853165	0
15.853165	0
15.877185	0
15.877185	0
15.877185	0
15.877185	0
15.877185	0
15.877185	0
15.937176	0
15.937176	0
15.94908	0
15.96108	0
15.973152	0
15.9851	0
15.997175	0
15.997175	0
15.997175	0
15.997175	0
15.997175	0
15.997175	0
16.05718	0
16.05718	0
16.05718	0
16.08108	0
16.093144	0
16.093144	0
16.117192	0
16.117192	0
16.117192	0
16.117192	0
16.153147	0
16.153147	0
16.17719	0
16.17719	0
16.17719	0
16.17719	0
16.213146	0
16.22508	0
16.237175	0
16.237175	0
16.237175	0
16.237175	0
16.273145	0
16.285098	0
16.29725	0
16.29725	0
16.29725	0
16.29725	0
16.29725	0
16.29725	0
16.357177	0
16.357177	0
16.36908	0
16.36908	0
16.36908	0
16.36908	0
16.417175	0
16.417175	0
16.429151	0
16.429151	0
16.429151	0
16.429151	0
16.477192	0
16.477192	0
16.477192	0
16.477192	0
16.513154	0
16.525102	0
16.537193	0
16.537193	0
16.537193	0
16.537193	0
16.573151	0
16.573151	0
16.597191	0
16.609087	0
16.609087	0
16.609087	0
16.633157	0
16.645086	0
16.657204	0
16.657204	0
16.657204	0
16.657204	0
16.657204	0
16.705087	0
16.71718	0
16.71718	0
16.71718	0
16.71718	0
16.753163	0
16.753163	0
16.777215	0
16.777215	0
16.777215	0
16.777215	0
16.777215	0
16.777215	0
16.837192	0
16.837192	0
16.849087	0
16.849087	0
16.87315	0
16.87315	0
16.897214	0
16.897214	0
16.897214	0
16.897214	0
16.93315	0
16.93315	0
16.957269	0
16.957269	0
16.969086	0
16.969086	0
16.993176	0
17.005087	0
17.017192	0
17.017192	0
17.029176	0
17.029176	0
17.053173	0
17.053173	0
17.053173	0
17.053173	0
17.053173	0
17.053173	0
17.053173	0
17.077193	0
17.137188	0
17.137188	0
17.149087	0
17.149087	0
17.149087	0
17.185108	0
17.197181	0
17.197181	0
17.197181	0
17.221157	0
17.233159	0
17.233159	0
17.233159	0
17.233159	0
17.233159	0
17.257226	0
17.29315	0
17.30509	0
17.317217	0
17.317217	0
17.329087	0
17.329087	0
17.329087	0
17.329087	0
17.377194	0
17.377194	0
17.38913	0
17.38913	0
17.38913	0
17.425087	0
17.437191	0
17.437191	0
17.437191	0
17.461087	0
17.47315	0
17.485158	0
17.485158	0
17.485158	0
17.485158	0
17.521132	0
17.533153	0
17.533153	0
17.557199	0
17.557199	0
17.557199	0
17.581107	0
17.593153	0
17.593153	0
17.617265	0
17.617265	0
17.629094	0
17.641094	0
17.653167	0
17.665094	0
17.677199	0
17.677199	0
17.689094	0
17.701094	0
17.713184	0
17.725094	0
17.725094	0
17.737191	0
17.749165	0
17.749165	0
17.749165	0
17.749165	0
17.797194	0
17.797194	0
17.797194	0
17.797194	0
17.797194	0
17.797194	0
17.797194	0
17.797194	0
17.797194	0
17.797194	0
17.797194	0
17.797194	0
17.797194	0
17.857198	0
17.917239	0
17.941094	0
17.95318	0
17.965094	0
17.977238	0
17.977238	0
17.977238	0
17.977238	0
18.013228	0
18.013228	0
18.037187	0
18.037187	0
18.037187	0
18.037187	0
18.073159	0
18.073159	0
18.097209	0
18.097209	0
18.097209	0
18.097209	0
18.133166	0
18.133166	0
18.157214	0
18.157214	0
18.169094	0
18.181174	0
18.181174	0
18.205094	0
18.217188	0
18.217188	0
18.229096	0
18.229096	0
18.229096	0
18.229096	0
18.277277	0
18.277277	0
18.289094	0
18.289094	0
18.289094	0
18.325095	0
18.337193	0
18.337193	0
18.349094	0
18.361094	0
18.361094	0
18.361094	0
18.397188	0
18.397188	0
18.409165	0
18.409165	0
18.433166	0
18.433166	0
18.457196	0
18.457196	0
18.457196	0
18.457196	0
18.457196	0
18.457196	0
18.517191	0
18.517191	0
18.517191	0
18.517191	0
18.553164	0
18.565094	0
18.565094	0
18.565094	0
18.577205	0
18.601094	0
18.613132	0
18.62512	0
18.63721	0
18.63721	0
18.6491	0
18.6491	0
18.6491	0
18.6491	0
18.697194	0
18.697194	0
18.697194	0
18.721099	0
18.733164	0
18.7451	0
18.757215	0
18.757215	0
18.757215	0
18.757215	0
18.793164	0
18.793164	0
18.817196	0
18.817196	0
18.8291	0
18.8291	0
18.853171	0
18.865099	0
18.877207	0
18.877207	0
18.877207	0
18.877207	0
18.913178	0
18.913178	0
18.937263	0
18.937263	0
18.937263	0
18.937263	0
18.937263	0
18.937263	0
18.997194	0
18.997194	0
18.997194	0
18.997194	0
19.033171	0
19.033171	0
19.057198	0
19.057198	0
19.069222	0
19.069222	0
19.069222	0
19.069222	0
19.117222	0
19.117222	0
19.117222	0
19.117222	0
19.117222	0
19.165101	0
19.177206	0
19.177206	0
19.177206	0
19.177206	0
19.213163	0
19.213163	0
19.237198	0
19.237198	0
19.237198	0
19.2611	0
19.2611	0
19.2611	0
19.297194	0
19.297194	0
19.309099	0
19.309099	0
19.309099	0
19.309099	0
19.357196	0
19.357196	0
19.369103	0
19.369103	0
19.393164	0
19.4051	0
19.417214	0
19.417214	0
19.4291	0
19.4291	0
19.453168	0
19.465173	0
19.47723	0
19.47723	0
19.47723	0
19.47723	0
19.47723	0
19.47723	0
19.537195	0
19.537195	0
19.54912	0
19.54912	0
19.54912	0
19.5851	0
19.597263	0
19.597263	0
19.597263	0
19.597274	0
19.597274	0
19.64511	0
19.657212	0
19.657212	0
19.657212	0
19.657212	0
19.657212	0
19.70511	0
19.717205	0
19.717205	0
19.717205	0
19.717205	0
19.717205	0
19.717205	0
19.777218	0
19.777218	0
19.777218	0
19.80111	0
19.813193	0
19.825111	0
19.837212	0
19.837212	0
19.849111	0
19.849111	0
19.873181	0
19.873181	0
19.897285	0
19.897285	0
19.897285	0
19.897285	0
19.933175	0
19.933175	0
19.957211	0
19.957211	0
19.957211	0
19.957211	0
19.957211	0
19.957211	0
20.017227	0
20.017227	0
20.029199	0
20.041111	0
20.041111	0
20.041111	0
20.077233	0
20.077233	0
20.077233	0
20.101111	0
20.113183	0
20.113183	0
20.137215	0
20.137215	0
20.137215	0
20.137215	0
20.137215	0
20.137215	0
20.19721	0
20.19721	0
20.19721	0
20.19721	0
20.233182	0
20.233182	0
20.233182	0
20.257285	0
20.269512	0
20.269512	0
20.269512	0
20.269512	0
20.317224	0
20.317224	0
20.317224	0
20.317224	0
20.353179	0
20.353179	0
20.377225	0
20.377225	0
20.377225	0
20.401111	0
20.401111	0
20.425114	0
20.43721	0
20.43721	0
20.43721	0
20.43721	0
20.43721	0
20.43721	0
20.497204	0
20.497204	0
20.509111	0
20.509111	0
20.509111	0
20.509111	0
20.55723	0
20.55723	0
20.55723	0
20.55723	0
20.55723	0
20.605111	0
20.617207	0
20.617207	0
20.617211	0
20.617211	0
20.65325	0
20.665114	0
20.677238	0
20.677238	0
20.677238	0
20.701115	0
20.701115	0
20.701115	0
20.737226	0
20.737226	0
20.749115	0
20.749115	0
20.773186	0
20.785192	0
20.797214	0
20.797214	0
20.797214	0
20.797214	0
20.797214	0
20.797214	0
20.857215	0
20.857215	0
20.869115	0
20.881115	0
20.881115	0
20.905115	0
20.917278	0
20.917278	0
20.917278	0
20.917278	0
20.917278	0
20.917278	0
20.917278	0
20.977257	0
20.989115	0
21.001115	0
21.001115	0
21.001115	0
21.037207	0
21.037207	0
21.037207	0
21.037207	0
21.037207	0
21.037207	0
21.097214	0
21.097214	0
21.097214	0
21.097214	0
21.097214	0
21.097214	0
21.157226	0
21.157226	0
21.157226	0
21.157226	0
21.157226	0
21.205115	0
21.217212	0
21.217212	0
21.217212	0
21.241135	0
21.253184	0
21.265115	0
21.277218	0
21.277218	0
21.277218	0
21.277218	0
21.277218	0
21.325115	0
21.337217	0
21.337217	0
21.337217	0
21.337217	0
21.337217	0
21.337217	0
21.397213	0
21.397213	0
21.397213	0
21.397213	0
21.397213	0
21.445186	0
21.445186	0
21.445186	0
21.445186	0
21.457217	0
21.49319	0
21.505115	0
21.517215	0
21.517215	0
21.529115	0
21.529115	0
21.553182	0
21.565114	0
21.577301	0
21.577301	0
21.577301	0
21.577301	0
21.577301	0
21.577301	0
21.637224	0
21.637224	0
21.649122	0
21.661122	0
21.661122	0
21.685121	0
21.697249	0
21.697249	0
21.709193	0
21.709193	0
21.709193	0
21.709193	0
21.757219	0
21.757219	0
21.769122	0
21.781122	0
21.793186	0
21.793186	0
21.817216	0
21.817216	0
21.817216	0
21.841192	0
21.853189	0
21.853189	0
21.877249	0
21.877249	0
21.877249	0
21.901122	0
21.901122	0
21.901122	0
21.937239	0
21.937239	0
21.937239	0
21.937239	0
21.937239	0
21.937239	0
21.997216	0
21.997216	0
21.997216	0
21.997216	0
21.997216	0
22.045122	0
22.057242	0
22.057242	0
22.057242	0
22.057242	0
22.093185	0
22.093185	0
22.117226	0
22.117226	0
22.117226	0
22.141219	0
22.153204	0
22.165122	0
22.177229	0
22.177229	0
22.177229	0
22.177229	0
22.177229	0
22.177229	0
22.237287	0
22.237287	0
22.237287	0
22.237287	0
22.273208	0
22.273208	0
22.297216	0
22.297216	0
22.309195	0
22.321122	0
22.333194	0
22.345121	0
22.35722	0
22.35722	0
22.35722	0
22.35722	0
22.35722	0
22.35722	0
22.417218	0
22.417218	0
22.417218	0
22.417218	0
22.453189	0
22.465148	0
22.477228	0
22.477228	0
22.477228	0
22.477228	0
22.477228	0
22.477228	0
22.537219	0
22.537219	0
22.537219	0
22.561122	0
22.561122	0
22.561122	0
22.597215	0
22.597215	0
22.597215	0
22.621122	0
22.633263	0
22.645127	0
22.657256	0
22.657256	0
22.669131	0
22.669131	0
22.693196	0
22.705128	0
22.717227	0
22.717227	0
22.717227	0
22.717227	0
22.753196	0
22.765198	0
22.777235	0
22.777235	0
22.777235	0
22.777235	0
22.777235	0
22.777235	0
22.837222	0
22.837222	0
22.837222	0
22.837222	0
22.873193	0
22.873193	0
22.897297	0
22.897297	0
22.897297	0
22.897297	0
22.897297	0
22.945348	0
22.957229	0
22.957229	0
22.957229	0
22.957229	0
22.957229	0
22.957229	0
22.957229	0
22.957229	0
22.957229	0
22.957229	0
22.957229	0
23.017221	0
23.077235	0
23.077235	0
23.077235	0
23.077235	0
23.113206	0
23.125128	0
23.137227	0
23.137227	0
23.137227	0
23.161198	0
23.173216	0
23.173216	0
23.173216	0
23.173216	0
23.197305	0
23.221128	0
23.221128	0
23.221128	0
23.257227	0
23.257227	0
23.257227	0
23.257227	0
23.257227	0
23.257227	0
23.317275	0
23.317275	0
23.317275	0
23.341127	0
23.353197	0
23.365128	0
23.377225	0
23.377225	0
23.389128	0
23.389128	0
23.413191	0
23.413191	0
23.437224	0
23.437224	0
23.437224	0
23.46113	0
23.473193	0
23.485148	0
23.497227	0
23.497227	0
23.497227	0
23.497227	0
23.533193	0
23.533193	0
23.533193	0
23.557313	0
23.569128	0
23.581127	0
23.581127	0
23.605128	0
23.617264	0
23.617264	0
23.617264	0
23.617271	0
23.617271	0
23.665134	0
23.677262	0
23.677262	0
23.689206	0
23.689206	0
23.689206	0
23.725138	0
23.725138	0
23.737228	0
23.749157	0
23.749157	0
23.749157	0
23.749157	0
23.79723	0
23.79723	0
23.809135	0
23.809135	0
23.809135	0
23.809135	0
23.857274	0
23.857274	0
23.857274	0
23.881155	0
23.8932	0
23.8932	0
23.917234	0
23.917234	0
23.917234	0
23.917234	0
23.917234	0
23.917234	0
23.97723	0
23.97723	0
23.989138	0
24.001135	0
24.013217	0
24.025135	0
24.037228	0
24.037228	0
24.037228	0
24.061135	0
24.061135	0
24.061135	0
24.097233	0
24.097233	0
24.109153	0
24.109153	0
24.133201	0
24.133201	0
24.157233	0
24.157233	0
24.157233	0
24.157233	0
24.193199	0
24.193199	0
24.217304	0
24.217304	0
24.217304	0
24.217304	0
24.253206	0
24.253206	0
24.277288	0
24.277288	0
24.289138	0
24.289138	0
24.289138	0
24.289138	0
24.337228	0
24.337228	0
24.349205	0
24.349205	0
24.349205	0
24.349205	0
24.397229	0
24.397229	0
24.409154	0
24.409154	0
24.433206	0
24.445135	0
24.457235	0
24.457235	0
24.457235	0
24.457235	0
24.493199	0
24.493199	0
24.493199	0
24.493199	0
24.493199	0
24.493199	0
24.493199	0
24.517327	0
24.57723	0
24.57723	0
24.57723	0
24.57723	0
24.57723	0
24.57723	0
24.637253	0
24.637253	0
24.649204	0
24.649204	0
24.673206	0
24.685141	0
24.697233	0
24.697233	0
24.697233	0
24.72114	0
24.733207	0
24.733207	0
24.757239	0
24.757239	0
24.757239	0
24.757239	0
24.757239	0
24.757239	0
24.757239	0
24.757239	0
24.817235	0
24.841141	0
24.841141	0
24.841141	0
24.877323	0
24.877323	0
24.877323	0
24.877323	0
24.877323	0
24.925142	0
24.937246	0
24.937246	0
24.937246	0
24.937246	0
24.937246	0
24.937246	0
24.997236	0
24.997236	0
25.009227	0
25.02114	0
25.02114	0
25.02114	0
25.057236	0
25.057236	0
25.057236	0
25.057236	0
25.093204	0
25.093204	0
25.117233	0
25.117233	0
25.117233	0
25.117233	0
25.117233	0
25.117233	0
25.177281	0
25.177281	0
25.177281	0
25.177281	0
25.177281	0
25.177281	0
25.237236	0
25.237236	0
25.237236	0
25.261141	0
25.261141	0
25.261141	0
25.297237	0
25.297237	0
25.309144	0
25.321168	0
25.333207	0
25.333207	0
25.35724	0
25.35724	0
25.369141	0
25.369141	0
25.369141	0
25.405213	0
25.41724	0
25.41724	0
25.41724	0
25.41724	0
25.41724	0
25.41724	0
25.41724	0
25.41724	0
25.41724	0
25.41724	0
25.41724	0
25.477234	0
25.537303	0
25.537303	0
25.537303	0
25.537303	0
25.573217	0
25.585141	0
25.597233	0
25.597233	0
25.597233	0
25.597233	0
25.597233	0
25.597233	0
25.657249	0
25.657249	0
25.657249	0
25.657249	0
25.657249	0
25.657249	0
25.657249	0
25.657249	0
25.657249	0
25.657249	0
25.657249	0
25.657249	0
25.777271	0
25.777271	0
25.777271	0
25.777271	0
25.777271	0
25.777271	0
25.837247	0
25.837247	0
25.837247	0
25.861149	0
25.873214	0
25.88517	0
25.897242	0
25.897242	0
25.897242	0
25.897242	0
25.897242	0
25.945149	0
25.957254	0
25.957254	0
25.957254	0
25.957254	0
25.957254	0
25.957254	0
26.017261	0
26.017261	0
26.017261	0
26.017261	0
26.017261	0
26.065225	0
26.077246	0
26.077246	0
26.077246	0
26.077246	0
26.113229	0
26.125149	0
26.137263	0
26.137263	0
26.137263	0
26.137263	0
26.17322	0
26.17322	0
26.197317	0
26.197317	0
26.197317	0
26.197317	0
26.197317	0
26.245149	0
26.257247	0
26.257247	0
26.269148	0
26.281169	0
26.281169	0
26.305148	0
26.317285	0
26.317285	0
26.317285	0
26.317285	0
26.317285	0
26.317285	0
26.377252	0
26.377252	0
26.377252	0
26.377252	0
26.377252	0
26.425149	0
26.437244	0
26.437244	0
26.437244	0
26.437244	0
26.437244	0
26.437244	0
26.497247	0
26.497247	0
26.497247	0
26.497247	0
26.497247	0
26.545149	0
26.557247	0
26.557247	0
26.557247	0
26.557247	0
26.593295	0
26.605148	0
26.617244	0
26.617244	0
26.617244	0
26.617244	0
26.617244	0
26.665155	0
26.677254	0
26.677254	0
26.689156	0
26.689156	0
26.689156	0
26.689156	0
26.737253	0
26.737253	0
26.737253	0
26.737253	0
26.77323	0
26.785156	0
26.797252	0
26.797252	0
26.797252	0
26.797252	0
26.833234	0
26.833234	0
26.857377	0
26.857377	0
26.857377	0
26.857377	0
26.857377	0
26.857377	0
26.917254	0
26.917254	0
26.929156	0
26.929156	0
26.929156	0
26.965155	0
26.977253	0
26.977253	0
26.977253	0
26.977253	0
26.977253	0
26.977253	0
27.037256	0
27.037256	0
27.037256	0
27.037256	0
27.037256	0
27.037256	0
27.097252	0
27.097252	0
27.097252	0
27.097252	0
27.097252	0
27.097252	0
27.157261	0
27.157261	0
27.157261	0
27.181156	0
27.193219	0
27.193219	0
27.217275	0
27.217275	0
27.217275	0
27.217275	0
27.217275	0
27.217275	0
27.277252	0
27.277252	0
27.277252	0
27.277252	0
27.277252	0
27.325155	0
27.337252	0
27.337252	0
27.337252	0
27.337252	0
27.373227	0
27.373227	0
27.397253	0
27.397253	0
27.397253	0
27.397253	0
27.433226	0
27.445155	0
27.457265	0
27.457265	0
27.457265	0
27.457265	0
27.493237	0
27.493237	0
27.517327	0
27.517327	0
27.517327	0
27.517327	0
27.517327	0
27.517327	0
27.577257	0
27.577257	0
27.589156	0
27.589156	0
27.61322	0
27.61322	0
27.637256	0
27.637256	0
27.637256	0
27.637263	0
27.67323	0
27.67323	0
27.67323	0
27.67323	0
27.67323	0
27.67323	0
27.67323	0
27.67323	0
27.757297	0
27.757297	0
27.757297	0
27.757297	0
27.793228	0
27.793228	0
27.817262	0
27.817262	0
27.829163	0
27.841163	0
27.841163	0
27.865163	0
27.877262	0
27.877262	0
27.889182	0
27.889182	0
27.889182	0
27.889182	0
27.937257	0
27.937257	0
27.937257	0
27.961163	0
27.961163	0
27.961163	0
27.997255	0
27.997255	0
27.997255	0
27.997255	0
28.033233	0
28.045236	0
28.057265	0
28.057265	0
28.069173	0
28.069173	0
28.069173	0
28.105163	0
28.117257	0
28.117257	0
28.117257	0
28.141163	0
28.141163	0
28.165162	0
28.177381	0
28.177381	0
28.189163	0
28.201162	0
28.201162	0
28.225163	0
28.237257	0
28.237257	0
28.237257	0
28.237257	0
28.273228	0
28.285183	0
28.285183	0
28.285183	0
28.285183	0
28.285183	0
28.285183	0
28.297259	0
28.357266	0
28.357266	0
28.357266	0
28.357266	0
28.393224	0
28.405163	0
28.417276	0
28.417276	0
28.429163	0
28.429163	0
28.429163	0
28.429163	0
28.477271	0
28.477271	0
28.477271	0
28.501163	0
28.513236	0
28.525173	0
28.537258	0
28.537258	0
28.537258	0
28.537258	0
28.537258	0
28.537258	0
28.537258	0
28.597258	0
28.609244	0
28.621163	0
28.621163	0
28.621163	0
28.657261	0
28.657261	0
28.657261	0
28.657261	0
28.657261	0
28.657261	0
28.717285	0
28.717285	0
28.717285	0
28.717285	0
28.753242	0
28.765169	0
28.777269	0
28.777269	0
28.777269	0
28.777269	0
28.777269	0
28.825168	0
28.837343	0
28.837343	0
28.837343	0
28.837343	0
28.837343	0
28.837343	0
28.837343	0
28.897262	0
28.909291	0
28.921169	0
28.921169	0
28.921169	0
28.957317	0
28.957317	0
28.957317	0
28.957317	0
28.957317	0
28.957317	0
29.017299	0
29.017299	0
29.029169	0
29.029169	0
29.029169	0
29.029169	0
29.077297	0
29.077297	0
29.077297	0
29.101245	0
29.101245	0
29.101245	0
29.137266	0
29.137266	0
29.149168	0
29.149168	0
29.173241	0
29.185168	0
29.197264	0
29.197264	0
29.209189	0
29.209189	0
29.209189	0
29.209189	0
29.257265	0
29.257265	0
29.257265	0
29.257265	0
29.257265	0
29.305179	0
29.317283	0
29.317283	0
29.317283	0
29.317283	0
29.317283	0
29.317283	0
29.317283	0
29.377268	0
29.389353	0
29.389353	0
29.413234	0
29.413234	0
29.437297	0
29.437297	0
29.449169	0
29.449169	0
29.449169	0
29.449169	0
29.449169	0
29.449169	0
29.449169	0
29.449169	0
29.49736	0
29.545169	0
29.557272	0
29.557272	0
29.557272	0
29.557272	0
29.557272	0
29.605169	0
29.617262	0
29.617262	0
29.617262	0
29.641169	0
29.641169	0
29.641169	0
29.677275	0
29.677281	0
29.677281	0
29.701175	0
29.701175	0
29.725175	0
29.737274	0
29.737274	0
29.737274	0
29.737274	0
29.773249	0
29.773249	0
29.773249	0
29.773249	0
29.773249	0
29.773249	0
29.773249	0
29.797332	0
29.857275	0
29.857275	0
29.869175	0
29.869175	0
29.869175	0
29.869175	0
29.91727	0
29.91727	0
29.91727	0
29.941174	0
29.953245	0
29.965175	0
29.977281	0
29.977281	0
29.977281	0
29.977281	0
29.977281	0
30.025262	0
30.037268	0
30.037268	0
30.037268	0
30.037268	0
30.037268	0
30.085175	0
30.097268	0
30.097268	0
30.097268	0
30.097268	0
30.097268	0
30.097268	0
30.157358	0
30.157358	0
30.157358	0
30.181175	0
30.181175	0
30.205176	0
30.217289	0
30.217289	0
30.217289	0
30.217289	0
30.217289	0
30.217289	0
30.27729	0
30.27729	0
30.27729	0
30.27729	0
30.27729	0
30.27729	0
30.337271	0
30.337271	0
30.337271	0
30.337271	0
30.373247	0
30.373247	0
30.373247	0
30.373247	0
30.397276	0
30.421261	0
30.421261	0
30.445175	0
30.445175	0
30.445175	0
30.445175	0
30.445175	0
30.445175	0
30.445175	0
30.445175	0
30.445175	0
30.445175	0
30.457358	0
30.517278	0
30.565175	0
30.577273	0
30.577273	0
30.577273	0
30.577273	0
30.613241	0
30.625176	0
30.63727	0
30.63727	0
30.63727	0
30.63727	0
30.63727	0
30.685255	0
30.697282	0
30.697282	0
30.697282	0
30.697282	0
30.697282	0
30.697282	0
30.757289	0
30.757289	0
30.757289	0
30.757289	0
30.757289	0
30.805183	0
30.817382	0
30.817382	0
30.817382	0
30.817382	0
30.853254	0
30.853254	0
30.877285	0
30.877285	0
30.889184	0
30.901183	0
30.901183	0
30.901183	0
30.937278	0
30.937278	0
30.937278	0
30.961183	0
30.961183	0
30.961183	0
30.9973	0
30.9973	0
31.009183	0
31.021183	0
31.021183	0
31.021183	0
31.057278	0
31.057278	0
31.057278	0
31.057278	0
31.093246	0
31.093246	0
31.117383	0
31.117383	0
31.117383	0
31.117383	0
31.117383	0
31.117383	0
31.177303	0
31.177303	0
31.177303	0
31.177303	0
31.177303	0
31.225183	0
31.237285	0
31.237285	0
31.249187	0
31.249187	0
31.273248	0
31.273248	0
31.297297	0
31.297297	0
31.297297	0
31.297297	0
31.33325	0
31.345262	0
31.357302	0
31.357302	0
31.357302	0
31.357302	0
31.357302	0
31.357302	0
31.41728	0
31.41728	0
31.41728	0
31.441184	0
31.441184	0
31.441184	0
31.477348	0
31.477348	0
31.489183	0
31.489183	0
31.489183	0
31.525184	0
31.537278	0
31.537278	0
31.537278	0
31.537278	0
31.573255	0
31.573255	0
31.597279	0
31.597279	0
31.597279	0
31.597279	0
31.597279	0
31.597279	0
31.657286	0
31.657286	0
31.669183	0
31.66919	0
31.66919	0
31.66919	0
31.717285	0
31.717285	0
31.717285	0
31.717285	0
31.717285	0
31.717285	0
31.777298	0
31.777298	0
31.777298	0
31.777298	0
31.813253	0
31.825215	0
31.837286	0
31.837286	0
31.837286	0
31.837286	0
31.837286	0
31.837286	0
31.897284	0
31.897284	0
31.897284	0
31.92119	0
31.92119	0
31.92119	0
31.957405	0
31.957405	0
31.957405	0
31.957405	0
31.993253	0
31.993253	0
32.017328	0
32.017328	0
32.017328	0
32.017328	0
32.017328	0
32.065191	0
32.077291	0
32.077291	0
32.077291	0
32.077291	0
32.077291	0
32.077291	0
32.137353	0
32.137353	0
32.149201	0
32.16119	0
32.16119	0
32.16119	0
32.197284	0
32.197284	0
32.197284	0
32.197284	0
32.233268	0
32.233268	0
32.257286	0
32.257286	0
32.257286	0
32.257286	0
32.293255	0
32.293255	0
32.317307	0
32.317307	0
32.317307	0
32.317307	0
32.317307	0
32.317307	0
32.377288	0
32.377288	0
32.377288	0
32.377288	0
32.41326	0
32.41326	0
32.437289	0
32.437289	0
32.437289	0
32.437289	0
32.437289	0
32.437289	0
32.497285	0
32.497285	0
32.497285	0
32.497285	0
32.497285	0
32.54519	0
32.557287	0
32.557287	0
32.557287	0
32.557287	0
32.557287	0
32.557287	0
32.617294	0
32.617294	0
32.617294	0
32.617294	0
32.653257	0
32.653257	0
32.677325	0
32.677325	0
32.677333	0
32.677333	0
32.713273	0
32.725209	0
32.737296	0
32.737296	0
32.737296	0
32.737296	0
32.77327	0
32.77327	0
32.77327	0
32.77327	0
32.77327	0
32.77327	0
32.797381	0
32.845198	0
32.857297	0
32.857297	0
32.869198	0
32.869198	0
32.869198	0
32.869198	0
32.917295	0
32.917295	0
32.917295	0
32.917295	0
32.917295	0
32.917295	0
32.977311	0
32.977311	0
32.989198	0
33.001198	0
33.013277	0
33.025199	0
33.037297	0
33.037297	0
33.037297	0
33.037297	0
33.037297	0
33.037297	0
33.097391	0
33.097391	0
33.097391	0
33.121198	0
33.121198	0
33.121198	0
33.121198	0
33.121198	0
33.121198	0
33.121198	0
33.121198	0
33.15731	0
33.217294	0
33.217294	0
33.229259	0
33.241198	0
33.241198	0
33.241198	0
33.277303	0
33.277303	0
33.277303	0
33.277303	0
33.31327	0
33.325275	0
33.337296	0
33.337296	0
33.337296	0
33.337296	0
33.373277	0
33.385198	0
33.397292	0
33.397292	0
33.397292	0
33.397292	0
33.397292	0
33.397292	0
33.397292	0
33.397292	0
33.457363	0
33.481198	0
33.481198	0
33.481198	0
33.517291	0
33.517291	0
33.529198	0
33.541197	0
33.541197	0
33.541197	0
33.577294	0
33.577294	0
33.577294	0
33.601197	0
33.601197	0
33.601197	0
33.637309	0
33.637309	0
33.637309	0
33.637309	0
33.637309	0
33.637309	0
33.697314	0
33.697314	0
33.697314	0
33.697314	0
33.697314	0
33.745209	0
33.757329	0
33.757329	0
33.769212	0
33.781209	0
33.793271	0
33.793271	0
33.817303	0
33.817303	0
33.817303	0
33.817303	0
33.817303	0
33.865209	0
33.877325	0
33.877325	0
33.877325	0
33.877325	0
33.91328	0
33.925209	0
33.93732	0
33.93732	0
33.93732	0
33.93732	0
33.973282	0
33.98528	0
33.997308	0
33.997308	0
33.997308	0
33.997308	0
33.997308	0
33.997308	0
33.997308	0
33.997308	0
33.997308	0
33.997308	0
34.057306	0
34.105209	0
34.117372	0
34.117372	0
34.117372	0
34.117372	0
34.117372	0
34.165209	0
34.177312	0
34.177312	0
34.177312	0
34.177312	0
34.177312	0
34.177312	0
34.237305	0
34.237305	0
34.237305	0
34.261208	0
34.261208	0
34.261208	0
34.29731	0
34.29731	0
34.309209	0
34.309209	0
34.333273	0
34.333273	0
34.357303	0
34.357303	0
34.357303	0
34.357303	0
34.357303	0
34.405209	0
34.417327	0
34.417327	0
34.417327	0
34.441209	0
34.453278	0
34.453278	0
34.477313	0
34.477313	0
34.489209	0
34.489209	0
34.513355	0
34.525208	0
34.537317	0
34.537317	0
34.537317	0
34.537317	0
34.537317	0
34.537317	0
34.597337	0
34.597337	0
34.597337	0
34.597337	0
34.597337	0
34.64528	0
34.657309	0
34.657309	0
34.657309	0
34.681213	0
34.693283	0
34.705216	0
34.717318	0
34.717318	0
34.717318	0
34.717318	0
34.717318	0
34.717318	0
34.777391	0
34.777391	0
34.777391	0
34.801216	0
34.813285	0
34.825215	0
34.83731	0
34.83731	0
34.83731	0
34.83731	0
34.83731	0
34.885215	0
34.897333	0
34.897333	0
34.909286	0
34.909286	0
34.909286	0
34.909286	0
34.957313	0
34.957313	0
34.957313	0
34.957313	0
34.957313	0
34.957313	0
35.017312	0
35.017312	0
35.017312	0
35.017312	0
35.017312	0
35.017312	0
35.017312	0
35.017312	0
35.017312	0
35.077319	0
35.113287	0
35.125216	0
35.137309	0
35.137309	0
35.149216	0
35.149216	0
35.173355	0
35.185216	0
35.197309	0
35.197309	0
35.209219	0
35.209219	0
35.209219	0
35.245216	0
35.257313	0
35.257313	0
35.257313	0
35.257313	0
35.293298	0
35.293298	0
35.293298	0
35.293298	0
35.293298	0
35.293298	0
35.317373	0
35.365215	0
35.37738	0
35.37738	0
35.37738	0
35.401216	0
35.401216	0
35.401216	0
35.437385	0
35.437385	0
35.449216	0
35.449216	0
35.449216	0
35.449216	0
35.497336	0
35.497336	0
35.497336	0
35.497336	0
35.497336	0
35.497336	0
35.557354	0
35.557354	0
35.557354	0
35.557354	0
35.557354	0
35.557354	0
35.617309	0
35.617309	0
35.617309	0
35.617309	0
35.653291	0
35.653291	0
35.677355	0
35.677355	0
35.677355	0
35.701293	0
35.713303	0
35.713303	0
35.737396	0
35.737396	0
35.737396	0
35.737396	0
35.737396	0
35.737396	0
35.79732	0
35.79732	0
35.79732	0
35.79732	0
35.79732	0
35.79732	0
35.85732	0
35.85732	0
35.869309	0
35.869309	0
35.893303	0
35.893303	0
35.917318	0
35.917318	0
35.917318	0
35.917318	0
35.953308	0
35.965302	0
35.977364	0
35.977364	0
35.977364	0
36.001226	0
36.013286	0
36.025223	0
36.037335	0
36.037335	0
36.037335	0
36.037335	0
36.037335	0
36.037335	0
36.037335	0
36.097388	0
36.109498	0
36.109498	0
36.109498	0
36.109498	0
36.157319	0
36.157319	0
36.157319	0
36.181222	0
36.181222	0
36.205222	0
36.217336	0
36.217336	0
36.229294	0
36.229294	0
36.229294	0
36.265226	0
36.277367	0
36.277367	0
36.277367	0
36.301223	0
36.313313	0
36.325223	0
36.33732	0
36.33732	0
36.33732	0
36.33732	0
36.33732	0
36.33732	0
36.397323	0
36.397323	0
36.397323	0
36.421223	0
36.421223	0
36.421223	0
36.457339	0
36.457339	0
36.469245	0
36.469245	0
36.469245	0
36.469245	0
36.517333	0
36.517333	0
36.517333	0
36.517333	0
36.517333	0
36.565223	0
36.577367	0
36.577367	0
36.589226	0
36.589226	0
36.589226	0
36.589226	0
36.589226	0
36.589226	0
36.589226	0
36.589226	0
36.589226	0
36.637323	0
36.697318	0
36.697326	0
36.697326	0
36.697326	0
36.733314	0
36.733314	0
36.757403	0
36.757403	0
36.757403	0
36.757403	0
36.757403	0
36.805231	0
36.81733	0
36.81733	0
36.81733	0
36.81733	0
36.81733	0
36.865314	0
36.877359	0
36.877359	0
36.877359	0
36.877359	0
36.877359	0
36.925244	0
36.93733	0
36.93733	0
36.93733	0
36.93733	0
36.973303	0
36.985231	0
36.997344	0
36.997344	0
36.997344	0
36.997344	0
37.033303	0
37.033303	0
37.033303	0
37.057333	0
37.069378	0
37.069378	0
37.069378	0
37.069378	0
37.117348	0
37.117348	0
37.117348	0
37.117348	0
37.117348	0
37.117348	0
37.177389	0
37.177389	0
37.177389	0
37.177389	0
37.177389	0
37.225231	0
37.237326	0
37.237326	0
37.237326	0
37.237326	0
37.237326	0
37.237326	0
37.297335	0
37.297335	0
37.297335	0
37.297335	0
37.297335	0
37.34523	0
37.357332	0
37.357332	0
37.369231	0
37.381231	0
37.381231	0
37.381231	0
37.417397	0
37.417397	0
37.417397	0
37.417397	0
37.417397	0
37.417397	0
37.477359	0
37.477359	0
37.477359	0
37.477359	0
37.477359	0
37.477359	0
37.537343	0
37.537343	0
37.537343	0
37.561231	0
37.573303	0
37.573303	0
37.597358	0
37.597358	0
37.597358	0
37.597358	0
37.633301	0
37.633301	0
37.657327	0
37.657327	0
37.657327	0
37.657327	0
37.657327	0
37.70524	0
37.717353	0
37.717353	0
37.717353	0
37.717353	0
37.717353	0
37.765239	0
37.777357	0
37.777357	0
37.777357	0
37.801258	0
37.801258	0
37.825238	0
37.837339	0
37.837339	0
37.837339	0
37.837339	0
37.837339	0
37.837339	0
37.897335	0
37.897335	0
37.897335	0
37.897335	0
37.933318	0
37.933318	0
37.957361	0
37.957361	0
37.957361	0
37.957361	0
37.993302	0
37.993302	0
38.017336	0
38.017336	0
38.017336	0
38.017336	0
38.017336	0
38.017336	0
38.017336	0
38.017336	0
38.017336	0
38.017336	0
38.077463	0
38.125238	0
38.13735	0
38.13735	0
38.13735	0
38.13735	0
38.173311	0.33445000001849678
38.173311	0.33445000001849678
38.197351	0
38.197351	0
38.197351	0
38.197351	0
38.233312	0
38.233312	0
38.257342	0
38.257342	0
38.257342	0
38.257342	0
38.257342	0
38.257342	0
38.317356	0
38.317356	0
38.317356	0
38.317356	0
38.317356	0
38.317356	0
38.317356	0
38.317356	0
38.377358	0
38.401239	0
38.401239	0
38.401239	0
38.437332	0
38.437332	0
38.449239	0
38.449239	0
38.449239	0
38.449239	0
38.497332	0
38.497332	0
38.497332	0
38.521249	0
38.533302	0
38.54526	0
38.557337	0
38.557337	0
38.557337	0
38.557337	0
38.557337	0
38.557337	0
38.617335	0
38.617335	0
38.6294	0
38.641242	0
38.641242	0
38.641242	0
38.67737	0
38.67737	0
38.67737	0
38.701248	0
38.701256	0
38.725246	0
38.737421	0
38.737421	0
38.737421	0
38.737421	0
38.737421	0
38.785247	0
38.797345	0
38.797345	0
38.797345	0
38.821247	0
38.821247	0
38.821247	0
38.857367	0
38.857367	0
38.86932	0
38.881247	0
38.893311	0
38.893311	0
38.917355	0
38.917355	0
38.929247	0
38.929247	0
38.929247	0
38.929247	0
38.977356	0
38.977356	0
38.977356	0
38.977356	0
39.013313	0
39.013313	0
39.013313	0
39.037344	0
39.049247	0
39.049247	0
39.073331	0
39.073331	0
39.097364	0
39.097364	0
39.109246	0
39.109246	0
39.13338	0
39.13338	0
39.157345	0
39.157345	0
39.157345	0
39.157345	0
39.193311	0
39.193311	0
39.217362	0
39.217362	0
39.217362	0
39.217362	0
39.217362	0
39.265317	0
39.277355	0
39.277355	0
39.277355	0
39.30125	0
39.313325	0
39.325258	0
39.337381	0
39.337381	0
39.337381	0
39.337381	0
39.373336	0
39.373336	0
39.373336	0
39.373336	0
39.373336	0
39.373336	0
39.373336	0
39.397418	0
39.457363	0
39.457363	0
39.469247	0
39.469247	0
39.469247	0
39.469247	0
39.517342	0
39.517342	0
39.529324	0
39.529324	0
39.529324	0
39.529324	0
39.577367	0
39.577367	0
39.577367	0
39.577367	0
39.577367	0
39.625247	0
39.637343	0
39.637343	0
39.637343	0
39.637343	0
39.637343	0
39.637343	0
39.637343	0
39.637343	0
39.697353	0
39.721254	0
39.721254	0
39.721254	0
39.757348	0
39.757348	0
39.757348	0
39.757348	0
39.757348	0
39.805254	0
39.817352	0
39.817352	0
39.817352	0
39.817352	0
39.853332	0
39.865254	0
39.877358	0
39.877358	0
39.877358	0
39.901254	0
39.901254	0
39.901254	0
39.93735	0
39.93735	0
39.93735	0
39.93735	0
39.93735	0
39.93735	0
39.997348	0
39.997348	0
40.009253	0
40.021254	0
40.021254	0
40.021254	0
40.057419	0
40.057419	0
40.069253	0
40.069253	0
40.069253	0
40.105275	0
40.117396	0
40.117396	0
40.117396	0
40.117396	0
40.117396	0
40.117396	0
40.177355	0
40.177355	0
40.189331	0
40.189331	0
40.213317	0
40.225257	0
40.225257	0
40.237365	0
40.249254	0
40.249254	0
40.273319	0
40.273319	0
40.297362	0
40.297362	0
40.297362	0
40.297362	0
40.33332	0
40.33332	0
40.35743	0
40.35743	0
40.35743	0
40.381253	0
40.381253	0
40.381253	0
40.417351	0
40.417351	0
40.417351	0
40.417351	0
40.417351	0
40.417351	0
40.47735	0
40.47735	0
40.47735	0
40.501254	0
40.513326	0
40.525274	0
40.537368	0
40.537368	0
40.537368	0
40.537368	0
40.573324	0
40.573324	0
40.597352	0
40.597352	0
40.597352	0
40.597352	0
40.597352	0
40.645253	0
40.657371	0
40.657371	0
40.657371	0
40.657371	0
40.657371	0
40.657371	0
40.717434	0
40.729261	0
40.729261	0
40.729261	0
40.753334	0
40.753334	0
40.777374	0
40.777374	0
40.777374	0
40.801261	0
40.813326	0
40.813326	0
40.837356	0
40.837356	0
40.849334	0
40.849334	0
40.849334	0
40.849334	0
40.897367	0
40.897367	0
40.897367	0
40.921282	0
40.921282	0
40.921282	0
40.95738	0
40.95738	0
40.95738	0
40.95738	0
40.95738	0
40.95738	0
40.95738	0
40.95738	0
40.95738	0
40.95738	0
40.95738	0
41.017358	0
41.077356	0
41.077356	0
41.077356	0
41.077356	0
41.113409	0
41.113409	0
41.13736	0
41.13736	0
41.13736	0
41.13736	0
41.13736	0
41.13736	0
41.197358	0
41.197358	0
41.197358	0
41.197358	0
41.233333	0
41.233333	0
41.257363	0
41.257363	0
41.257363	0
41.257363	0
41.257363	0
41.305261	0
41.317397	0
41.317397	0
41.317397	0
41.317397	0
41.317397	0
41.317397	0
41.317397	0
41.377452	0
41.389261	0
41.389261	0
41.389261	0
41.389261	0
41.437354	0
41.437354	0
41.437354	0
41.437354	0
41.437354	0
41.485262	0
41.497356	0
41.497356	0
41.497356	0
41.497356	0
41.497356	0
41.497356	0
41.497356	0
41.497356	0
41.557359	0
41.581262	0
41.581262	0
41.581262	0
41.617357	0
41.617357	0
41.629262	0
41.629262	0
41.653339	0
41.653339	0
41.67738	0
41.67738	0
41.67738	0
41.67738	0
41.713334	0
41.725262	0
41.737376	0
41.737376	0
41.737376	0
41.737376	0
41.737376	0
41.737376	0
41.797383	0
41.797383	0
41.797383	0
41.797383	0
41.833341	0
41.84527	0
41.857366	0
41.857366	0
41.869271	0
41.869271	0
41.893334	0
41.905355	0
41.917364	0
41.917364	0
41.917364	0
41.941274	0
41.941274	0
41.965271	0
41.977368	0
41.977368	0
41.98927	0
41.98927	0
41.98927	0
41.98927	0
41.98927	0
41.98927	0
41.98927	0
41.98927	0
41.98927	0
42.037455	0
42.097371	0
42.097371	0
42.109271	0
42.121282	0
42.121282	0
42.121282	0
42.15737	0
42.15737	0
42.15737	0
42.15737	0
42.15737	0
42.15737	0
42.217371	0
42.217371	0
42.217371	0
42.217371	0
42.217371	0
42.217371	0
42.277372	0
42.277372	0
42.277372	0
42.277372	0
42.277372	0
42.325291	0
42.337369	0
42.337369	0
42.349271	0
42.361271	0
42.361271	0
42.361271	0
42.361271	0
42.361271	0
42.361271	0
42.397369	0
42.433411	0
42.433411	0
42.457388	0
42.457388	0
42.457388	0
42.457388	0
42.457388	0
42.505272	0
42.51739	0
42.51739	0
42.51739	0
42.51739	0
42.51739	0
42.51739	0
42.57737	0
42.57737	0
42.589778	0
42.589778	0
42.589778	0
42.589778	0
42.637365	0
42.637365	0
42.637365	0
42.661271	0
42.673335	0
42.685271	0
42.69744	0
42.69744	0
42.69744	0
42.69744	0
42.697448	0
42.745278	0
42.757384	0
42.757384	0
42.757384	0
42.757384	0
42.757384	0
42.757384	0
42.817374	0
42.817374	0
42.817374	0
42.817374	0
42.853356	0
42.865303	0
42.877375	0
42.877375	0
42.877375	0
42.877375	0
42.913352	0
42.925279	0
42.937384	0
42.937384	0
42.937384	0
42.937384	0
42.937384	0
42.937384	0
42.997446	0
42.997446	0
42.997446	0
42.997446	0
42.997446	0
42.997446	0
43.057376	0
43.057376	0
43.057376	0
43.057376	0
43.057376	0
43.057376	0
43.117399	0
43.117399	0
43.117399	0
43.117399	0
43.117399	0
43.165279	0
43.177375	0
43.177375	0
43.177375	0
43.201279	0
43.201279	0
43.201279	0
43.237393	0
43.237393	0
43.249279	0
43.261302	0
43.273343	0
43.273343	0
43.273343	0
43.273343	0
43.297392	0
43.321279	0
43.321279	0
43.321279	0
43.357495	0
43.357495	0
43.357495	0
43.357495	0
43.357495	0
43.40528	0
43.41738	0
43.41738	0
43.41738	0
43.41738	0
43.41738	0
43.465279	0
43.477375	0
43.477375	0
43.477375	0
43.501279	0
43.501279	0
43.501279	0
43.537373	0
43.537373	0
43.549279	0
43.561279	0
43.561279	0
43.561279	0
43.597438	0
43.597438	0
43.597438	0
43.597438	0
43.597438	0
43.597438	0
43.597438	0
43.657424	0
43.669361	0
43.681279	0
43.681279	0
43.705279	0
43.717373	0
43.717373	0
43.717373	0
43.741289	0
43.741289	0
43.765289	0
43.777385	0
43.777385	0
43.777385	0
43.777385	0
43.813354	0
43.825289	0
43.837386	0
43.837386	0
43.84929	0
43.84929	0
43.84929	0
43.84929	0
43.897395	0
43.897395	0
43.897395	0
43.897395	0
43.897395	0
43.897395	0
43.957385	0
43.957385	0
43.957385	0
43.98129	0
43.98129	0
44.00529	0
44.017467	0
44.017467	0
44.02929	0
44.02929	0
44.02929	0
44.06529	0
44.077425	0
44.077425	0
44.077425	0
44.077425	0
44.077425	0
44.077425	0
44.137389	0
44.137389	0
44.137389	0
44.137389	0
44.137389	0
44.137389	0
44.197384	0
44.197384	0
44.20929	0
44.22129	0
44.22129	0
44.22129	0
44.257404	0
44.257404	0
44.257404	0
44.281376	0
44.281376	0
44.281376	0
44.317407	0
44.317407	0
44.32929	0
44.32929	0
44.32929	0
44.36529	0
44.377387	0
44.377387	0
44.377387	0
44.40129	0
44.40129	0
44.42529	0
44.437382	0
44.437382	0
44.437382	0
44.46129	0
44.473356	0
44.473356	0
44.497384	0
44.497384	0
44.497384	0
44.497384	0
44.533355	0
44.545379	0
44.557411	0
44.557411	0
44.557411	0
44.557411	0
44.557411	0
44.557411	0
44.617404	0
44.617404	0
44.617404	0
44.64129	0
44.64129	0
44.64129	0
44.677478	0
44.677478	0
44.677478	0
44.70129	0
44.70129	0
44.72529	0
44.737384	0
44.737393	0
44.737393	0
44.737393	0
44.737393	0
44.785299	0
44.797394	0
44.797394	0
44.797394	0
44.797394	0
44.797394	0
44.797394	0
44.797394	0
44.797394	0
44.797394	0
44.857482	0
44.893378	0
44.905298	0
44.917398	0
44.917398	0
44.917398	0
44.917398	0
44.917398	0
44.917398	0
44.977399	0
44.977399	0
44.977399	0
45.001298	0
45.013367	0
45.025299	0
45.037393	0
45.037393	0
45.037393	0
45.037393	0
45.073432	0
45.085318	0
45.097394	0
45.097394	0
45.097394	0
45.121299	0
45.121299	0
45.121299	0
45.157396	0
45.157396	0
45.157396	0
45.157396	0
45.193363	0
45.193363	0
45.217414	0
45.217414	0
45.217414	0
45.217414	0
45.253377	0
45.265299	0
45.277392	0
45.277392	0
45.289299	0
45.301298	0
45.313395	0
45.325299	0
45.337475	0
45.337475	0
45.337475	0
45.337475	0
45.337475	0
45.385299	0
45.397393	0
45.397393	0
45.409379	0
45.409379	0
45.433371	0
45.433371	0
45.457398	0
45.457398	0
45.457398	0
45.457398	0
45.457398	0
45.457398	0
45.517393	0
45.517393	0
45.517393	0
45.517393	0
45.553368	0
45.56532	0
45.577395	0
45.577395	0
45.577395	0
45.577395	0
45.577395	0
45.577395	0
45.637396	0
45.637396	0
45.637396	0
45.637396	0
45.637396	0
45.685299	0
45.69747	0
45.69747	0
45.69747	0
45.69747	0
45.69747	0
45.69747	0
45.757422	0
45.757422	0
45.757422	0
45.757422	0
45.757422	0
45.757422	0
45.757422	0
45.757422	0
45.757422	0
45.757422	0
45.817404	0
45.86538	0
45.877442	0
45.877442	0
45.877442	0
45.877442	0
45.913396	0
45.92531	0
45.937411	0
45.937411	0
45.937411	0
45.937411	0
45.937411	0
45.98531	0
45.997481	0
45.997481	0
45.997481	0
45.997481	0
46.033384	0
46.033384	0
46.057405	0
46.057405	0
46.057405	0
46.08131	0
46.08131	0
46.105319	0
46.117403	0
46.117403	0
46.117403	0
46.117403	0
46.117403	0
46.117403	0
46.177424	0
46.177424	0
46.177424	0
46.177424	0
46.177424	0
46.22533	0
46.237406	0
46.237406	0
46.237406	0
46.237406	0
46.273376	0
46.285309	0
46.297409	0
46.297409	0
46.297409	0
46.32131	0
46.333374	0
46.333374	0
46.357426	0
46.357426	0
46.36931	0
46.36931	0
46.36931	0
46.40531	0
46.417404	0
46.417404	0
46.417404	0
46.417404	0
46.417404	0
46.417404	0
46.47742	0
46.47742	0
46.47742	0
46.47742	0
46.47742	0
46.47742	0
46.537421	0
46.537421	0
46.549329	0
46.561324	0
46.573386	0
46.58531	0
46.597402	0
46.597402	0
46.60931	0
46.60931	0
46.60931	0
46.60931	0
46.657483	0
46.657483	0
46.657483	0
46.657483	0
46.657483	0
46.705331	0
46.717405	0
46.717405	0
46.72931	0
46.72931	0
46.729319	0
46.765318	0
46.777431	0
46.777431	0
46.78939	0
46.78939	0
46.78939	0
46.78939	0
46.837435	0
46.837435	0
46.837435	0
46.837435	0
46.837435	0
46.837435	0
46.897413	0
46.897413	0
46.909319	0
46.92139	0
46.933383	0
46.933383	0
46.957426	0
46.957426	0
46.969347	0
46.981319	0
46.993384	0
47.005318	0
47.017412	0
47.017412	0
47.017412	0
47.017412	0
47.017412	0
47.065319	0
47.077451	0
47.077451	0
47.077451	0
47.077451	0
47.077451	0
47.077451	0
47.137427	0
47.137427	0
47.137427	0
47.137427	0
47.137427	0
47.137427	0
47.197436	0
47.197436	0
47.209347	0
47.209347	0
47.233392	0
47.233392	0
47.257415	0
47.257415	0
47.257415	0
47.257415	0
47.293382	0
47.293382	0
47.293382	0
47.317518	0
47.329318	0
47.341339	0
47.35339	0
47.35339	0
47.377436	0
47.377436	0
47.377436	0
47.377436	0
47.377436	0
47.425318	0
47.425318	0
47.425318	0
47.425318	0
47.425318	0
47.425318	0
47.437412	0
47.497412	0
47.497412	0
47.497412	0
47.497412	0
47.497412	0
47.497412	0
47.557418	0
47.557418	0
47.557418	0
47.557418	0
47.557418	0
47.557418	0
47.617493	0
47.617493	0
47.617493	0
47.617493	0
47.653395	0
47.653395	0
47.677432	0
47.677432	0
47.689319	0
47.689319	0
47.713458	0
47.713458	0
47.737418	0
47.737418	0
47.749322	0
47.761328	0
47.773401	0
47.773401	0
47.79744	0
47.79744	0
47.79744	0
47.79744	0
47.833401	0
47.845405	0
47.85743	0
47.85743	0
47.85743	0
47.881331	0
47.881331	0
47.905327	0
47.917429	0
47.917429	0
47.917429	0
47.941327	0
47.941327	0
47.941327	0
47.977515	0
47.977515	0
47.98933	0
47.98933	0
47.98933	0
47.98933	0
47.98933	0
47.98933	0
47.98933	0
48.037422	0
48.073392	0
48.085328	0
48.097432	0
48.097432	0
48.097432	0
48.121328	0
48.121328	0
48.145331	0
48.157429	0
48.157429	0
48.157429	0
48.181327	0
48.181327	0
48.205328	0
48.217428	0
48.217428	0
48.217428	0
48.241399	0
48.253405	0
48.253405	0
48.253405	0
48.253405	0
48.27752	0
48.301327	0
48.301327	0
48.325348	0
48.325348	0
48.325348	0
48.325348	0
48.325348	0
48.325348	0
48.337423	0
48.397423	0
48.397423	0
48.397423	0
48.397423	0
48.397423	0
48.445348	0
48.457448	0
48.457448	0
48.457448	0
48.457448	0
48.457448	0
48.50541	0
48.517426	0
48.517426	0
48.517426	0
48.517426	0
48.553399	0
48.565328	0
48.577463	0
48.577463	0
48.577463	0
48.577463	0
48.613392	0
48.625328	0
48.625328	0
48.625328	0
48.625328	0
48.625328	0
48.637489	0
48.685328	0
48.697449	0
48.697449	0
48.697449	0
48.721327	0
48.721327	0
48.745345	0
48.757426	0
48.757435	0
48.757435	0
48.757435	0
48.757435	0
48.757435	0
48.817432	0
48.817432	0
48.829336	0
48.829336	0
48.829336	0
48.829336	0
48.877467	0
48.877467	0
48.877467	0
48.877467	0
48.91341	0
48.925337	0
48.937475	0
48.937475	0
48.937475	0
48.961337	0
48.961337	0
48.961337	0
48.997433	0
48.997433	0
48.997433	0
49.021336	0
49.021336	0
49.045352	0
49.057432	0
49.057432	0
49.057432	0
49.081336	0
49.081336	0
49.081336	0
49.117431	0
49.117431	0
49.129337	0
49.129337	0
49.153406	0
49.153406	0
49.177453	0
49.177453	0
49.177453	0
49.177453	0
49.177453	0
49.225337	0
49.237457	0
49.237457	0
49.237457	0
49.237457	0
49.273401	0
49.273401	0
49.297507	0
49.297507	0
49.297507	0
49.297507	0
49.297507	0
49.297507	0
49.357455	0
49.357455	0
49.357455	0
49.357455	0
49.357455	0
49.357455	0
49.417464	0
49.417464	0
49.42946	0
49.42946	0
49.42946	0
49.42946	0
49.477466	0
49.477466	0
49.477466	0
49.477466	0
49.477466	0
49.477466	0
49.53745	0
49.53745	0
49.53745	0
49.53745	0
49.53745	0
49.53745	0
49.53745	0
49.53745	0
49.53745	0
49.53745	0
49.53745	0
49.597435	0
49.657453	0
49.657453	0
49.657453	0
49.657453	0
49.657453	0
49.657453	0
49.717431	0
49.717431	0
49.717431	0
49.717431	0
49.717431	0
49.717441	0
49.77749	0
49.77749	0
49.77749	0
49.77749	0
49.77749	0
49.77749	0
49.837443	0
49.837443	0
49.837443	0
49.837443	0
49.873411	0
49.873411	0
49.897439	0
49.897439	0
49.909347	0
49.909347	0
49.909347	0
49.909347	0
49.909347	0
49.957513	0
49.969346	0
49.981347	0
49.981347	0
50.005347	0
50.017441	0
50.017441	0
50.017441	0
50.017441	0
50.05344	0
50.05344	0
50.077461	0
50.077461	0
50.077461	0
50.077461	0
50.077461	0
50.125357	0
50.137441	0
50.137441	0
50.149348	0
50.149348	0
50.149348	0
50.185367	0
50.197442	0
50.197442	0
50.197442	0
50.197442	0
50.197442	0
50.197442	0
50.257453	0
50.257453	0
50.257453	0
50.257453	0
50.257453	0
50.305356	0
50.317478	0
50.317478	0
50.317478	0
50.317478	0
50.353483	0
50.353483	0
50.377459	0
50.377459	0
50.377459	0
50.377459	0
50.377459	0
50.377459	0
50.437441	0
50.437441	0
50.437441	0
50.437441	0
50.437441	0
50.437441	0
50.497471	0
50.497471	0
50.497471	0
50.497471	0
50.533415	0
50.545351	0
50.557464	0
50.557464	0
50.557464	0
50.557464	0
50.557464	0
50.557464	0
50.557464	0
50.557464	0
50.557464	0
50.557464	0
50.557464	0
50.61751	0
50.677459	0
50.677459	0
50.689389	0
50.701347	0
50.701347	0
50.725346	0
50.737441	0
50.737441	0
50.737441	0
50.737441	0
50.73745	0
50.785398	0
50.797448	0
50.797448	0
50.797448	0
50.797448	0
50.797448	0
50.797448	0
50.857457	0
50.857457	0
50.857457	0
50.857457	0
50.893422	0
50.893422	0
50.917455	0
50.917455	0
50.929356	0
50.929356	0
50.953442	0
50.953442	0
50.977475	0
50.977475	0
50.977475	0
50.977475	0
51.013488	0
51.025355	0
51.037468	0
51.037468	0
51.037468	0
51.037468	0
51.037468	0
51.037468	0
51.09745	0
51.09745	0
51.09745	0
51.09745	0
51.133418	0
51.145426	0
51.157455	0
51.157455	0
51.169447	0
51.169447	0
51.169447	0
51.205356	0
51.217467	0
51.217467	0
51.229356	0
51.241356	0
51.241356	0
51.241356	0
51.277566	0
51.277566	0
51.277566	0
51.277566	0
51.277566	0
51.277566	0
51.337456	0
51.337456	0
51.337456	0
51.337456	0
51.337456	0
51.337456	0
51.337456	0
51.397456	0
51.409427	0
51.409427	0
51.409427	0
51.409427	0
51.457454	0
51.457454	0
51.457454	0
51.457454	0
51.49344	0
51.505356	0
51.517454	0
51.517454	0
51.517454	0
51.517454	0
51.517454	0
51.517454	0
51.577504	0
51.577504	0
51.577504	0
51.601355	0
51.613422	0
51.625376	0
51.637449	0
51.637449	0
51.637449	0
51.637449	0
51.637449	0
51.637449	0
51.69745	0
51.69745	0
51.709359	0
51.709359	0
51.73342	0
51.745355	0
51.757497	0
51.757497	0
51.757506	0
51.757506	0
51.757506	0
51.757506	0
51.817461	0
51.817461	0
51.817461	0
51.817461	0
51.853593	0
51.865365	0
51.87748	0
51.87748	0
51.87748	0
51.87748	0
51.87748	0
51.87748	0
51.937527	0
51.937527	0
51.937527	0
51.937527	0
51.937527	0
51.937527	0
51.997492	0
51.997492	0
52.009364	0
52.021385	0
52.021385	0
52.021385	0
52.057462	0
52.057462	0
52.057462	0
52.057462	0
52.057462	0
52.057462	0
52.117461	0
52.117461	0
52.129421	0
52.129421	0
52.129421	0
52.165365	0
52.177478	0
52.177478	0
52.177478	0
52.177478	0
52.177478	0
52.177478	0
52.237462	0
52.237462	0
52.237462	0
52.237462	0
52.273435	0
52.273435	0
52.29747	0
52.29747	0
52.29747	0
52.29747	0
52.29747	0
52.29747	0
52.29747	0
52.357484	0
52.369547	0
52.381365	0
52.393428	0
52.393428	0
52.417476	0
52.417476	0
52.417476	0
52.441364	0
52.453441	0
52.453441	0
52.477479	0
52.477479	0
52.477479	0
52.477479	0
52.477479	0
52.525364	0
52.537468	0
52.537468	0
52.537468	0
52.561365	0
52.561365	0
52.585365	0
52.597528	0
52.597528	0
52.597528	0
52.597528	0
52.597528	0
52.597528	0
52.657461	0
52.657461	0
52.657461	0
52.657461	0
52.657461	0
52.657461	0
52.717461	0
52.717461	0
52.717461	0
52.741365	0
52.741365	0
52.765368	0
52.777482	0
52.777492	0
52.777492	0
52.777492	0
52.777492	0
52.825375	0
52.837468	0
52.837468	0
52.849376	0
52.849376	0
52.849376	0
52.849376	0
52.897473	0
52.897473	0
52.897473	0
52.921375	0
52.933439	0
52.945396	0
52.957475	0
52.957475	0
52.957475	0
52.981374	0
52.981374	0
52.981374	0
52.981374	0
52.981374	0
52.981374	0
53.017471	0
53.05345	0
53.05345	0
53.077506	0
53.077506	0
53.077506	0
53.077506	0
53.077506	0
53.125451	0.27254999986463702
53.137471	0.87354999986452797
53.137471	0.87354999986452797
53.137471	0.87354999986452797
53.137471	0.87354999986452797
53.173447	0
53.185375	0
53.197469	0
53.197469	0
53.197469	0
53.197469	0
53.197469	0
53.197469	0
53.257544	0
53.257544	0
53.269553	0
53.269553	0
53.269553	0
53.269553	0
53.31749	0
53.31749	0
53.31749	0
53.341395	0
53.341395	0
53.365375	0
53.377491	0
53.377491	0
53.377491	0
53.377491	0
53.377491	0
53.377491	0
53.377491	0
53.43747	0
53.449442	0
53.449442	0
53.449442	0
53.485374	0
53.497469	0
53.497469	0
53.497469	0
53.497469	0
53.497469	0
53.497469	0
53.557475	0
53.557475	0
53.557475	0
53.557475	0
53.557475	0
53.605375	0
53.61747	0
53.61747	0
53.61747	0
53.61747	0
53.61747	0
53.665375	0
53.67752	0
53.67752	0
53.67752	0
53.67752	0
53.67752	0
53.67752	0
53.737469	0
53.737469	0
53.737469	0
53.737469	0
53.773447	0
53.773456	0
53.797505	0
53.797505	0
53.797505	0
53.797505	0
53.833447	0
53.845384	0
53.857503	0
53.857503	0
53.869384	0
53.869384	0
53.869384	0
53.869384	0
53.917555	0
53.917555	0
53.917555	0
53.917555	0
53.917555	0
53.917555	0
53.977497	0
53.977497	0
53.989384	0
54.001384	0
54.001384	0
54.025383	0
54.037482	0
54.037482	0
54.037482	0
54.037482	0
54.037482	0
54.037482	0
54.097482	0
54.097482	0
54.097482	0
54.097482	0
54.097482	0
54.145383	0
54.157513	0
54.157513	0
54.157513	0
54.181459	0
54.181459	0
54.205403	0
54.205403	0
54.205403	0
54.205403	0
54.205403	0
54.205403	0
54.21749	0
54.277499	0
54.277499	0
54.277499	0
54.277499	0
54.277499	0
54.277499	0
54.337497	0
54.337497	0
54.337497	0
54.337497	0
54.337497	0
54.385384	0
54.39748	0
54.39748	0
54.409384	0
54.409384	0
54.433447	0
54.433447	0
54.457489	0
54.457489	0
54.457489	0
54.457489	0
54.457489	0
54.505394	0
54.51748	0
54.51748	0
54.51748	0
54.51748	0
54.51748	0
54.51748	0
54.577618	0
54.577618	0
54.577618	0
54.577618	0
54.577618	0
54.625384	0
54.637485	0
54.637485	0
54.637485	0
54.637485	0
54.637485	0
54.637485	0
54.697495	0
54.697495	0
54.697495	0
54.721383	0
54.721383	0
54.745387	0
54.745387	0
54.757483	0
54.769384	0
54.769384	0
54.769394	0
54.805394	0
54.817495	0
54.817495	0
54.817495	0
54.817495	0
54.817495	0
54.817495	0
54.87751	0
54.87751	0
54.87751	0
54.87751	0
54.87751	0
54.925394	0
54.93751	0
54.93751	0
54.93751	0
54.93751	0
54.93751	0
54.93751	0
54.99749	0
54.99749	0
55.009437	0
55.021393	0
55.021393	0
55.045393	0
55.0575	0
55.0575	0
55.069425	0
55.069425	0
55.093458	0
55.093458	0
55.117493	0
55.117493	0
55.117493	0
55.117493	0
55.153462	0
55.165394	0
55.177509	0
55.177509	0
55.177509	0
55.177509	0
55.177509	0
55.177509	0
55.237583	0
55.237583	0
55.237583	0
55.237583	0
55.237583	0
55.237583	0
55.297489	0
55.297489	0
55.297489	0
55.321394	0
55.321394	0
55.345394	0
55.357492	0
55.357492	0
55.357492	0
55.357492	0
55.357492	0
55.357492	0
55.417493	0
55.417493	0
55.417493	0
55.417493	0
55.417493	0
55.465394	0
55.477524	0
55.477524	0
55.477524	0
55.477524	0
55.513467	0
55.513467	0
55.537493	0
55.537493	0
55.549394	0
55.561395	0
55.573466	0
55.573466	0
55.597488	0
55.597488	0
55.597488	0
55.597488	0
55.597488	0
55.597488	0
55.657492	0
55.657492	0
55.657492	0
55.681395	0
55.693459	0
55.705395	0
55.717488	0
55.717488	0
55.717488	0
55.717488	0
55.717488	0
55.765467	0
55.777507	0
55.777507	0
55.777507	0
55.801406	0
55.813468	0
55.825404	0
55.837501	0
55.837501	0
55.837501	0
55.837501	0
55.837501	0
55.837501	0
55.837501	0
55.837501	0
55.837501	0
55.837501	0
55.897567	0
55.945403	0
55.957501	0
55.957501	0
55.969403	0
55.981403	0
55.981403	0
56.005424	0
56.017498	0
56.017498	0
56.029474	0
56.029474	0
56.029474	0
56.029474	0
56.077526	0
56.077526	0
56.077526	0
56.077526	0
56.077526	0
56.077526	0
56.137554	0
56.137554	0
56.137554	0
56.137554	0
56.137554	0
56.137554	0
56.197505	0
56.197505	0
56.209414	0
56.209414	0
56.233469	0
56.233469	0
56.2575	0
56.2575	0
56.2575	0
56.2575	0
56.293536	0
56.305421	0
56.317524	0
56.317524	0
56.317524	0
56.317524	0
56.317524	0
56.317524	0
56.377529	0
56.377529	0
56.377529	0
56.377529	0
56.413467	0
56.413467	0
56.437521	0
56.437521	0
56.437521	0
56.437521	0
56.473471	0
56.485403	0
56.497506	0
56.497506	0
56.497506	0
56.497506	0
56.533468	0
56.533468	0
56.557592	0
56.557592	0
56.557592	0
56.557592	0
56.557592	0
56.557592	0
56.617497	0
56.617497	0
56.617497	0
56.617497	0
56.617497	0
56.617497	0
56.67751	0
56.67751	0
56.67751	0
56.67751	0
56.67751	0
56.67751	0
56.737505	0
56.737505	0
56.749404	0
56.749404	0
56.749404	0
56.785404	0
56.797499	0
56.797509	0
56.797509	0
56.797509	0
56.797509	0
56.797509	0
56.797509	0
56.857515	0
56.869766	0
56.881413	0
56.881413	0
56.881413	0
56.917507	0
56.917507	0
56.917507	0
56.917507	0
56.917507	0
56.917507	0
56.977524	0
56.977524	0
56.989417	0
56.989417	0
56.989417	0
57.025414	0
57.037511	0
57.037511	0
57.037511	0
57.037511	0
57.037511	0
57.085484	0
57.097549	0
57.097549	0
57.097549	0
57.121416	0
57.121416	0
57.145413	0
57.157544	0
57.157544	0
57.157544	0
57.157544	0
57.157544	0
57.157544	0
57.21758	0
57.21758	0
57.21758	0
57.21758	0
57.21758	0
57.265509	0
57.277521	0
57.277521	0
57.289413	0
57.289413	0
57.313487	0
57.313487	0
57.337514	0
57.337514	0
57.337514	0
57.361433	0
57.361433	0
57.361433	0
57.361433	0
57.361433	0
57.361433	0
57.361433	0
57.361433	0
57.397507	0
57.45752	0
57.45752	0
57.45752	0
57.45752	0
57.45752	0
57.45752	0
57.517511	0
57.517511	0
57.517511	0
57.517511	0
57.517511	0
57.565414	0
57.577557	0
57.577557	0
57.577557	0
57.601413	0
57.601413	0
57.601413	0
57.637509	0
57.637509	0
57.649456	0
57.661413	0
57.673477	0
57.673477	0
57.697508	0
57.697508	0
57.697508	0
57.721413	0
57.721413	0
57.745491	0
57.757514	0
57.757514	0
57.757514	0
57.757514	0
57.757514	0
57.757514	0
57.81753	0
57.81753	0
57.81753	0
57.81753	0
57.81753	0
57.865424	0
57.877618	0
57.877618	0
57.877618	0
57.877618	0
57.877618	0
57.877618	0
57.937538	0
57.937538	0
57.949424	0
57.961424	0
57.961424	0
57.961424	0
57.997519	0
57.997519	0
57.997519	0
57.997519	0
58.033489	0
58.033489	0
58.057526	0
58.057526	0
58.069424	0
58.069424	0
58.069424	0
58.069424	0
58.11752	0
58.11752	0
58.11752	0
58.1415	0
58.1415	0
58.1415	0
58.177541	0
58.177541	0
58.177541	0
58.201424	0
58.213488	0
58.225424	0
58.237537	0
58.237537	0
58.237537	0
58.237537	0
58.273557	0
58.285424	0
58.297518	0
58.297518	0
58.309428	0
58.309428	0
58.309428	0
58.309428	0
58.357529	0
58.357529	0
58.357529	0
58.357529	0
58.357529	0
58.357529	0
58.417521	0
58.417521	0
58.417521	0
58.441427	0
58.453503	0
58.465428	0
58.477537	0
58.477537	0
58.477537	0
58.477537	0
58.477537	0
58.525424	0
58.537643	0
58.537643	0
58.549424	0
58.549424	0
58.549424	0
58.549424	0
58.597524	0
58.597524	0
58.609527	0
58.609527	0
58.633468	0
58.633468	0
58.657522	0
58.657522	0
58.657522	0
58.657522	0
58.657522	0
58.657522	0
58.717523	0
58.717523	0
58.717523	0
58.717523	0
58.717523	0
58.717523	0
58.777569	0
58.777569	0
58.777569	0
58.777569	0
58.777579	0
58.825434	0
58.837532	0
58.837532	0
58.849434	0
58.849434	0
58.873512	0
58.873512	0
58.897529	0
58.897529	0
58.897529	0
58.921434	0
58.921434	0
58.921434	0
58.957532	0
58.957532	0
58.969438	0
58.969438	0
58.969438	0
58.969438	0
59.017551	0
59.017551	0
59.017551	0
59.017551	0
59.017551	0
59.017551	0
59.077566	0
59.077566	0
59.077566	0
59.077566	0
59.113506	0
59.125434	0
59.137529	0
59.137529	0
59.137529	0
59.137529	0
59.137529	0
59.137529	0
59.197599	0
59.197599	0
59.197599	0
59.197599	0
59.197599	0
59.245434	0
59.257533	0
59.257533	0
59.269437	0
59.269437	0
59.269437	0
59.269437	0
59.317552	0
59.317552	0
59.317552	0
59.317552	0
59.317552	0
59.317552	0
59.377547	0
59.377547	0
59.389436	0
59.389436	0
59.389436	0
59.389436	0
59.437547	0
59.437547	0
59.437547	0
59.437547	0
59.437547	0
59.437547	0
59.49757	0
59.49757	0
59.49757	0
59.521434	0
59.521434	0
59.545466	0
59.557534	0
59.557534	0
59.557534	0
59.557534	0
59.557534	0
59.557534	0
59.617537	0
59.617537	0
59.617537	0
59.617537	0
59.617537	0
59.617537	0
59.677564	0
59.677564	0
59.677564	0
59.701447	0
59.701447	0
59.725512	0
59.737566	0
59.737566	0
59.749434	0
59.749434	0
59.749434	0
59.785436	0
59.797531	0
59.797531	0
59.797531	0
59.821444	0
59.821444	0
59.821444	0
59.857609	0
59.857609	0
59.857609	0
59.857609	0
59.857609	0
59.857609	0
59.917537	0
59.917537	0
59.929443	0
59.929443	0
59.929443	0
59.929443	0
59.977553	0
59.977553	0
59.977553	0
59.977553	0
59.977553	0
59.977553	0
60.037543	0
60.037543	0
60.037543	0
60.037543	0
60.037543	0
60.037543	0
60.097538	0
60.097538	0
60.109443	0
60.109443	0
60.133509	0
60.133509	0
60.157545	0
60.157545	0
60.157545	0
60.157545	0
60.157545	0
60.157545	0
60.21754	0
60.21754	0
60.21754	0
60.21754	0
60.21754	0
60.21754	0
60.277548	0
60.277548	0
60.277548	0
60.277548	0
60.277548	0
60.277548	0
60.337556	0
60.337556	0
60.337556	0
60.361443	0
60.373514	0
60.385516	0
60.397556	0
60.397556	0
60.397556	0
60.397556	0
60.433511	0
60.445443	0
60.457539	0
60.457539	0
60.457539	0
60.457539	0
60.493508	0
60.505443	0
60.517639	0
60.517639	0
60.517639	0
60.517639	0
60.517639	0
60.565443	0
60.577552	0
60.577552	0
60.577552	0
60.577552	0
60.577552	0
60.625443	0
60.637543	0
60.637543	0
60.649514	0
60.649514	0
60.649514	0
60.649514	0
60.697546	0
60.697546	0
60.697546	0
60.697546	0
60.697546	0
60.697546	0
60.757541	0
60.757541	0
60.757541	0
60.757541	0
60.757541	0
60.805443	0
60.817542	0
60.817552	0
60.817552	0
60.817552	0
60.817552	0
60.817552	0
60.877563	0
60.877563	0
60.889453	0
60.889453	0
60.889453	0
60.889453	0
60.937548	0
60.937548	0
60.937548	0
60.961453	0
60.973533	0
60.985474	0
60.997551	0
60.997551	0
60.997551	0
60.997551	0
60.997551	0
60.997551	0
61.057554	0
61.057554	0
61.057554	0
61.057554	0
61.057554	0
61.105453	0
61.117583	0
61.117583	0
61.129453	0
61.141453	0
61.15352	0
61.15352	0
61.177634	0
61.177634	0
61.177634	0
61.177634	0
61.21352	0
61.225453	0
61.237552	0
61.237552	0
61.237552	0
61.237552	0
61.273518	0
61.285454	0
61.29755	0
61.29755	0
61.29755	0
61.29755	0
61.29755	0
61.29755	0
61.35755	0
61.35755	0
61.369453	0
61.369453	0
61.369453	0
61.369453	0
61.417548	0
61.417548	0
61.417548	0
61.441524	0
61.441524	0
61.441524	0
61.477651	0
61.477651	0
61.477651	0
61.501473	0
61.501473	0
61.525453	0
61.537556	0
61.537556	0
61.537556	0
61.537556	0
61.537556	0
61.537556	0
61.597568	0
61.597568	0
61.597568	0
61.621453	0
61.621453	0
61.645453	0
61.65757	0
61.65757	0
61.65757	0
61.65757	0
61.65757	0
61.705524	0
61.717554	0
61.717554	0
61.729453	0
61.729453	0
61.729453	0
61.765473	0
61.77758	0
61.77758	0
61.77758	0
61.801453	0
61.813559	0
61.813559	0
61.837625	0
61.837635	0
61.837635	0
61.837635	0
61.837635	0
61.885463	0
61.897609	0
61.897609	0
61.897609	0
61.921464	0
61.921464	0
61.921464	0
61.957564	0
61.957564	0
61.957564	0
61.981463	0
61.981463	0
61.981463	0
62.017557	0
62.017557	0
62.017557	0
62.017557	0
62.053539	0
62.053539	0
62.077569	0
62.077569	0
62.077569	0
62.077569	0
62.077569	0
62.125463	0
62.125463	0
62.137658	0
62.149463	0
62.161483	0
62.161483	0
62.161483	0
62.197558	0
62.197558	0
62.197558	0
62.197558	0
62.2336	0
62.2336	0
62.257563	0
62.257563	0
62.257563	0
62.257563	0
62.293567	0
62.293567	0
62.31761	0
62.31761	0
62.31761	0
62.31761	0
62.31761	0
62.31761	0
62.377566	0
62.377566	0
62.389494	0
62.389494	0
62.41353	0
62.425497	0
62.437557	0
62.437557	0
62.437557	0
62.461463	0
62.473527	0
62.485463	0
62.497634	0
62.497634	0
62.497634	0
62.521463	0
62.521463	0
62.545483	0
62.557559	0
62.557559	0
62.557559	0
62.557559	0
62.557559	0
62.557559	0
62.617558	0
62.617558	0
62.617558	0
62.617558	0
62.617558	0
62.617558	0
62.677581	0
62.677581	0
62.677581	0
62.701463	0
62.701463	0
62.701463	0
62.737558	0
62.737558	0
62.737558	0
62.737558	0
62.737558	0
62.737558	0
62.737558	0
62.737558	0
62.737558	0
62.737558	0
62.797563	0
62.845473	0
62.85757	0
62.85757	0
62.85757	0
62.85757	0
62.85757	0
62.905484	0
62.917573	0
62.917573	0
62.917573	0
62.941493	0
62.953544	0
62.965474	0
62.965474	0
62.965474	0
62.965474	0
62.965474	0
62.977573	0
63.025544	0
63.037572	0
63.037572	0
63.037572	0
63.037572	0
63.037572	0
63.037572	0
63.097588	0
63.097588	0
63.097588	0
63.121474	0
63.121474	0
63.121474	0
63.157648	0
63.157648	0
63.157648	0
63.157648	0
63.157648	0
63.205495	0
63.217572	0
63.217572	0
63.217572	0
63.217572	0
63.217572	0
63.265474	0
63.277594	0
63.277594	0
63.277594	0
63.277594	0
63.277594	0
63.277594	0
63.337595	0
63.337595	0
63.349563	0
63.349563	0
63.349563	0
63.349563	0
63.397567	0
63.397567	0
63.397567	0
63.397567	0
63.397567	0
63.397567	0
63.457575	0
63.457575	0
63.457575	0
63.481473	0
63.481473	0
63.481473	0
63.517572	0
63.517572	0
63.517572	0
63.541473	0
63.541473	0
63.541473	0
63.577571	0
63.577571	0
63.58964	0
63.601474	0
63.613539	0
63.613539	0
63.637568	0
63.637568	0
63.637568	0
63.637568	0
63.673536	0
63.68556	0
63.697573	0
63.697573	0
63.697573	0
63.721497	0
63.721497	0
63.721497	0
63.75757	0
63.75757	0
63.75757	0
63.781474	0
63.781474	0
63.781474	0
63.817635	0
63.817635	0
63.829474	0
63.829484	0
63.829484	0
63.865484	0
63.87758	0
63.87758	0
63.87758	0
63.87758	0
63.913555	0
63.913555	0
63.937581	0
63.937581	0
63.937581	0
63.937581	0
63.937581	0
63.985508	0
63.99759	0
63.99759	0
63.99759	0
63.99759	0
63.99759	0
64.045483	0
64.057581	0
64.057581	0
64.057581	0
64.057581	0
64.057581	0
64.105484	0
64.117599	0
64.117599	0
64.117599	0
64.141484	0
64.153552	0
64.165484	0
64.17761	0
64.17761	0
64.17761	0
64.17761	0
64.17761	0
64.225483	0
64.237594	0
64.237594	0
64.237594	0
64.261483	0
64.261483	0
64.285483	0
64.297579	0
64.297579	0
64.297579	0
64.297579	0
64.333548	0
64.345563	0
64.357592	0
64.357592	0
64.369483	0
64.369483	0
64.369483	0
64.405484	0
64.41758	0
64.41758	0
64.41758	0
64.41758	0
64.41758	0
64.465484	0
64.465484	0
64.477682	0
64.489731	0
64.489731	0
64.489731	0
64.489731	0
64.537578	0
64.537578	0
64.537578	0
64.537578	0
64.537578	0
64.585484	0
64.597579	0
64.597579	0
64.597579	0
64.597579	0
64.633549	0
64.633549	0
64.657587	0
64.657587	0
64.669484	0
64.669484	0
64.693549	0
64.693549	0
64.717582	0
64.717582	0
64.717582	0
64.741554	0
64.741554	0
64.741554	0
64.777589	0
64.777589	0
64.777589	0
64.801483	0
64.801483	0
64.801483	0
64.83758	0
64.83758	0
64.837589	0
64.837589	0
64.837589	0
64.837589	0
64.897629	0
64.897629	0
64.909551	0
64.921493	0
64.921493	0
64.921493	0
64.957592	0
64.957592	0
64.969492	0
64.969492	0
64.969492	0
64.969492	0
65.017608	0
65.017608	0
65.017608	0
65.017608	0
65.017608	0
65.065493	0
65.077589	0
65.077589	0
65.089493	0
65.089493	0
65.089493	0
65.089493	0
65.137658	0
65.137658	0
65.137658	0
65.137658	0
65.137658	0
65.185492	0
65.197593	0
65.197593	0
65.209654	0
65.221493	0
65.221493	0
65.221493	0
65.25759	0
65.25759	0
65.25759	0
65.25759	0
65.25759	0
65.25759	0
65.317617	0
65.317617	0
65.317617	0
65.317617	0
65.317617	0
65.365493	0
65.377589	0
65.377589	0
65.377589	0
65.401569	0
65.401569	0
65.401569	0
65.437595	0
65.437595	0
65.437595	0
65.437595	0
65.437595	0
65.437595	0
65.497588	0
65.497588	0
65.497588	0
65.521493	0
65.521493	0
65.521493	0
65.55759	0
65.55759	0
65.55759	0
65.581513	0
65.593556	0
65.605492	0
65.617587	0
65.617587	0
65.629493	0
65.629493	0
65.629493	0
65.66557	0
65.677621	0
65.677621	0
65.677621	0
65.677621	0
65.677621	0
65.677621	0
65.737588	0
65.737588	0
65.737588	0
65.737588	0
65.737588	0
65.737588	0
65.797654	0
65.797654	0
65.797654	0
65.797654	0
65.797654	0
65.797654	0
65.857617	0
65.857627	0
65.857627	0
65.881501	0
65.881501	0
65.905501	0
65.917595	0
65.917595	0
65.917595	0
65.917595	0
65.953573	0
65.953573	0
65.977623	0
65.977623	0
65.989502	0
65.989502	0
65.989502	0
66.025501	0
66.025501	0
66.025501	0
66.025501	0
66.025501	0
66.037596	0
66.085501	0
66.097599	0
66.097599	0
66.097599	0
66.097599	0
66.097599	0
66.145502	0
66.157599	0
66.157599	0
66.157599	0
66.181501	0
66.193632	0
66.205501	0
66.217594	0
66.217594	0
66.217594	0
66.217594	0
66.217594	0
66.265501	0
66.277617	0
66.277617	0
66.277617	0
66.277617	0
66.277617	0
66.277617	0
66.337617	0
66.337617	0
66.349501	0
66.349501	0
66.373594	0
66.385501	0
66.397595	0
66.397595	0
66.397595	0
66.397595	0
66.433566	0
66.433566	0
66.457686	0
66.457686	0
66.457686	0
66.457686	0
66.457686	0
66.457686	0
66.517596	0
66.517596	0
66.517596	0
66.517596	0
66.517596	0
66.517596	0
66.577618	0
66.577618	0
66.577618	0
66.577618	0
66.577618	0
66.577618	0
66.637596	0
66.637596	0
66.637596	0
66.637596	0
66.637596	0
66.637596	0
66.697596	0
66.697596	0
66.697596	0
66.697596	0
66.697596	0
66.697596	0
66.697596	0
66.697596	0
66.757603	0
66.781501	0
66.781501	0
66.781501	0
66.817613	0
66.817613	0
66.829501	0
66.829501	0
66.829501	0
66.86553	0
66.87761	0
66.87761	0
66.87761	0
66.901511	0
66.901511	0
66.925511	0
66.937608	0
66.937608	0
66.937608	0
66.937608	0
66.937608	0
66.937608	0
66.937608	0
66.937608	0
66.937608	0
66.937608	0
66.937608	0
66.997608	0
67.057607	0
67.057607	0
67.057607	0
67.057607	0
67.093575	0
67.093575	0
67.11769	0
67.11769	0
67.11769	0
67.141511	0
67.141511	0
67.165512	0
67.17764	0
67.17764	0
67.17764	0
67.17764	0
67.17764	0
67.17764	0
67.237625	0
67.237625	0
67.237625	0
67.237625	0
67.237625	0
67.237625	0
67.297605	0
67.297605	0
67.297605	0
67.321512	0
67.321512	0
67.321512	0
67.35761	0
67.35761	0
67.35761	0
67.35761	0
67.35761	0
67.405511	0
67.417794	0
67.417794	0
67.417794	0
67.417794	0
67.417794	0
67.417794	0
67.477635	0
67.477635	0
67.477635	0
67.477635	0
67.477635	0
67.525511	0
67.537607	0
67.537607	0
67.537607	0
67.537607	0
67.537607	0
67.537607	0
67.597609	0
67.597609	0
67.597609	0
67.597609	0
67.597609	0
67.597609	0
67.657613	0
67.657613	0
67.657613	0
67.657613	0
67.657613	0
67.657613	0
67.717613	0
67.717613	0
67.717613	0
67.717613	0
67.717613	0
67.717613	0
67.777679	0
67.777679	0
67.777679	0
67.777679	0
67.777679	0
67.825512	0
67.837611	0
67.837611	0
67.837611	0
67.837622	0
67.873626	0
67.873626	0
67.897617	0
67.897617	0
67.909602	0
67.909602	0
67.909602	0
67.909602	0
67.957617	0
67.957617	0
67.969534	0
67.981523	0
67.993596	0
67.993596	0
68.017616	0
68.017616	0
68.029522	0
68.029522	0
68.029522	0
68.029522	0
68.077626	0
68.077626	0
68.077626	0
68.077626	0
68.113596	0
68.125522	0
68.137638	0
68.137638	0
68.137638	0
68.137638	0
68.137638	0
68.137638	0
68.197617	0
68.197617	0
68.197617	0
68.221523	0
68.221523	0
68.221523	0
68.257639	0
68.257639	0
68.257639	0
68.257639	0
68.293586	0
68.293586	0
68.317637	0
68.317637	0
68.317637	0
68.317637	0
68.353594	0
68.365523	0
68.377621	0
68.377621	0
68.377621	0
68.377621	0
68.377621	0
68.425522	0
68.437723	0
68.437723	0
68.437723	0
68.461522	0
68.473591	0
68.473591	0
68.497617	0
68.497617	0
68.509523	0
68.521543	0
68.533586	0
68.545522	0
68.557621	0
68.557621	0
68.557621	0
68.557621	0
68.557621	0
68.557621	0
68.617621	0
68.617621	0
68.617621	0
68.617621	0
68.617621	0
68.617621	0
68.677622	0
68.677622	0
68.677622	0
68.677622	0
68.677622	0
68.725522	0
68.737624	0
68.737624	0
68.737624	0
68.737624	0
68.7736	0
68.785543	0
68.797616	0
68.797616	0
68.797616	0
68.797616	0
68.797616	0
68.797616	0
68.857617	0
68.857628	0
68.857628	0
68.857628	0
68.857628	0
68.905533	0
68.917659	0
68.917659	0
68.917659	0
68.917659	0
68.917659	0
68.917659	0
68.977633	0
68.977633	0
68.977633	0
68.977633	0
68.977633	0
69.025533	0
69.037628	0
69.037628	0
69.049553	0
69.049553	0
69.049553	0
69.049553	0
69.097705	0
69.097705	0
69.109533	0
69.109533	0
69.109533	0
69.109533	0
69.157628	0
69.157628	0
69.157628	0
69.157628	0
69.157628	0
69.205533	0
69.217627	0
69.217627	0
69.217627	0
69.217627	0
69.217627	0
69.217627	0
69.277636	0
69.277636	0
69.289534	0
69.289534	0
69.289534	0
69.289534	0
69.337629	0
69.337629	0
69.349537	0
69.349537	0
69.373607	0
69.373607	0
69.397649	0
69.397649	0
69.397649	0
69.421533	0
69.421533	0
69.445556	0
69.457633	0
69.457633	0
69.457633	0
69.457633	0
69.457633	0
69.505533	0
69.51763	0
69.51763	0
69.51763	0
69.51763	0
69.51763	0
69.565533	0
69.57763	0
69.57763	0
69.57763	0
69.57763	0
69.57763	0
69.57763	0
69.63763	0
69.63763	0
69.63763	0
69.661536	0
69.673603	0
69.685534	0
69.697627	0
69.697627	0
69.697627	0
69.721533	0
69.721533	0
69.721533	0
69.757747	0
69.757747	0
69.757747	0
69.757747	0
69.79363	0
69.79363	0
69.817628	0
69.817628	0
69.817628	0
69.841533	0
69.841533	0
69.841533	0
69.877707	0
69.877707	0
69.877707	0
69.901546	0
69.901546	0
69.901546	0
69.937641	0
69.937641	0
69.949546	0
69.949546	0
69.973617	0
69.985547	0
69.997646	0
69.997646	0
69.997646	0
69.997646	0
69.997646	0
69.997646	0
69.997646	0
70.057648	0
70.069815	0
70.081547	0
70.081547	0
70.081547	0
70.11764	0
70.11764	0
70.11764	0
70.11764	0
70.11764	0
70.11764	0
70.177649	0
70.177649	0
70.177649	0
70.201546	0
70.21361	0
70.225547	0
70.237643	0
70.237643	0
70.237643	0
70.237643	0
70.273629	0
70.285617	0
70.297646	0
70.297646	0
70.297646	0
70.297646	0
70.297646	0
70.297646	0
70.357643	0
70.357643	0
70.357643	0
70.357643	0
70.357643	0
70.357643	0
70.41771	0
70.41771	0
70.41771	0
70.441546	0
70.441546	0
70.465547	0
70.477649	0
70.477649	0
70.477649	0
70.477649	0
70.477649	0
70.477649	0
70.537643	0
70.537643	0
70.537643	0
70.537643	0
70.537643	0
70.537643	0
70.59764	0
70.59764	0
70.59764	0
70.621546	0
70.633611	0
70.645546	0
70.657662	0
70.657662	0
70.657662	0
70.657662	0
70.693612	0
70.693612	0
70.717683	0
70.717683	0
70.717683	0
70.717683	0
70.717683	0
70.717683	0
70.717683	0
70.717683	0
70.717683	0
70.777644	0
70.813698	0
70.813698	0
70.837659	0
70.837659	0
70.84955	0
70.861546	0
70.861557	0
70.885558	0
70.897651	0
70.897651	0
70.897651	0
70.897651	0
70.897651	0
70.897651	0
70.957657	0
70.957657	0
70.957657	0
70.957657	0
70.957657	0
71.005558	0
71.017678	0
71.017678	0
71.017678	0
71.017678	0
71.017678	0
71.017678	0
71.077724	0
71.077724	0
71.077724	0
71.077724	0
71.077724	0
71.077724	0
71.137652	0
71.137652	0
71.137652	0
71.137652	0
71.137652	0
71.137652	0
71.197654	0
71.197654	0
71.197654	0
71.221557	0
71.221557	0
71.221557	0
71.221557	0
71.221557	0
71.221557	0
71.221557	0
71.221557	0
71.257661	0
71.317688	0
71.317688	0
71.317688	0
71.317688	0
71.317688	0
71.317688	0
71.377736	0
71.377736	0
71.377736	0
71.401557	0
71.401557	0
71.401557	0
71.437654	0
71.437654	0
71.44958	0
71.44958	0
71.44958	0
71.44958	0
71.497652	0
71.497652	0
71.497652	0
71.497652	0
71.533622	0
71.533622	0
71.557655	0
71.557655	0
71.557655	0
71.557655	0
71.593628	0
71.60565	0
71.617655	0
71.617655	0
71.617655	0
71.617655	0
71.617655	0
71.617655	0
71.677661	0
71.677661	0
71.677661	0
71.677661	0
71.677661	0
71.677661	0
71.737735	0
71.737735	0
71.737735	0
71.737735	0
71.737735	0
71.737735	0
71.797654	0
71.797654	0
71.797654	0
71.797654	0
71.797654	0
71.797654	0
71.857657	0
71.857657	0
71.857657	0
71.857669	0
71.857669	0
71.857669	0
71.857669	0
71.857669	0
71.857669	0
71.857669	0
71.857669	0
71.917664	0
71.977685	0
71.977685	0
71.977685	0
71.977685	0
71.977685	0
71.977685	0
72.037668	0
72.037668	0
72.037668	0
72.037668	0
72.073634	0
72.073634	0
72.09767	0
72.09767	0
72.09767	0
72.09767	0
72.09767	0
72.145588	0
72.157667	0
72.157667	0
72.157667	0
72.181569	0
72.181569	0
72.205569	0
72.217663	0
72.217663	0
72.217663	0
72.217663	0
72.217663	0
72.217663	0
72.277677	0
72.277677	0
72.277677	0
72.301573	0
72.313641	0
72.325569	0
72.337687	0
72.337687	0
72.337687	0
72.337687	0
72.337687	0
72.337687	0
72.397784	0
72.397784	0
72.397784	0
72.397784	0
72.397784	0
72.397784	0
72.457666	0
72.457666	0
72.457666	0
72.481569	0
72.481569	0
72.505569	0
72.517662	0
72.517662	0
72.517662	0
72.517662	0
72.517662	0
72.517662	0
72.577674	0
72.577674	0
72.577674	0
72.577674	0
72.577674	0
72.577674	0
72.637673	0
72.637673	0
72.637673	0
72.637673	0
72.673634	0
72.673634	0
72.697747	0
72.697747	0
72.697747	0
72.697747	0
72.733652	0
72.745569	0
72.75767	0
72.75767	0
72.75767	0
72.75767	0
72.75767	0
72.805569	0
72.817664	0
72.817664	0
72.817664	0
72.841569	0
72.853646	0
72.86559	0
72.877671	0
72.877681	0
72.877681	0
72.901579	0
72.901579	0
72.925672	0
72.937674	0
72.937674	0
72.937674	0
72.937674	0
72.937674	0
72.98558	0
72.997692	0
72.997692	0
72.997692	0
73.021579	0
73.021579	0
73.021579	0
73.057762	0
73.057762	0
73.057762	0
73.057762	0
73.057762	0
73.105579	0
73.117691	0
73.117691	0
73.117691	0
73.117691	0
73.117691	0
73.165579	0
73.177682	0
73.177682	0
73.177682	0
73.177682	0
73.213645	0
73.225582	0
73.237673	0
73.237673	0
73.237673	0
73.2616	0
73.2616	0
73.28558	0
73.297687	0
73.297687	0
73.297687	0
73.297687	0
73.297687	0
73.345579	0
73.357761	0
73.357761	0
73.357761	0
73.381579	0
73.381579	0
73.405579	0
73.417692	0
73.417692	0
73.417692	0
73.417692	0
73.417692	0
73.417692	0
73.477678	0
73.477678	0
73.477678	0
73.501599	0
73.513668	0
73.525579	0
73.537676	0
73.537676	0
73.537676	0
73.537676	0
73.537676	0
73.537676	0
73.597698	0
73.597698	0
73.597698	0
73.597698	0
73.597698	0
73.597698	0
73.657677	0
73.657677	0
73.669579	0
73.669579	0
73.669579	0
73.705579	0
73.717795	0
73.717795	0
73.717795	0
73.717795	0
73.717795	0
73.7656	0
73.777682	0
73.777682	0
73.78958	0
73.78958	0
73.78958	0
73.78958	0
73.837687	0
73.837687	0
73.837687	0
73.837687	0
73.837687	0
73.837687	0
73.897703	0
73.897703	0
73.909591	0
73.909591	0
73.909591	0
73.945591	0
73.957689	0
73.957689	0
73.957689	0
73.957689	0
73.957689	0
73.957689	0
73.957689	0
73.957689	0
74.017728	0
74.041591	0
74.041591	0
74.041591	0
74.077703	0
74.077703	0
74.077703	0
74.077703	0
74.077703	0
74.077703	0
74.137686	0
74.137686	0
74.149595	0
74.161611	0
74.161611	0
74.161611	0
74.197685	0
74.197685	0
74.197685	0
74.197685	0
74.233655	0
74.233655	0
74.257693	0
74.257693	0
74.257693	0
74.281595	0
74.281595	0
74.305591	0
74.31771	0
74.31771	0
74.31771	0
74.31771	0
74.31771	0
74.31771	0
74.377761	0
74.377761	0
74.377761	0
74.377761	0
74.377761	0
74.425611	0
74.437687	0
74.437687	0
74.437687	0
74.437687	0
74.437687	0
74.485591	0
74.497693	0
74.497693	0
74.497693	0
74.497693	0
74.497693	0
74.497693	0
74.497693	0
74.497693	0
74.497693	0
74.497693	0
74.557713	0
74.605591	0
74.617685	0
74.617685	0
74.617685	0
74.617685	0
74.617685	0
74.617685	0
74.677695	0
74.677695	0
74.677695	0
74.677695	0
74.677695	0
74.725592	0
74.737687	0
74.737687	0
74.737687	0
74.737687	0
74.737687	0
74.737687	0
74.797732	0
74.797732	0
74.809725	0
74.821591	0
74.821591	0
74.821591	0
74.85769	0
74.85769	0
74.85769	0
74.85769	0
74.85769	0
74.905682	0
74.917729	0
74.917729	0
74.929623	0
74.929623	0
74.929623	0
74.965604	0
74.977703	0
74.977703	0
74.977703	0
74.977703	0
74.977703	0
74.977703	0
74.977703	0
74.977703	0
74.977703	0
74.977703	0
74.977703	0
75.037782	0
75.097697	0
75.097697	0
75.097697	0
75.121603	0
75.121603	0
75.145604	0
75.1577	0
75.1577	0
75.1577	0
75.181603	0
75.181603	0
75.181603	0
75.217698	0
75.217698	0
75.217698	0
75.217698	0
75.217698	0
75.217698	0
75.277703	0
75.277703	0
75.277703	0
75.277703	0
75.277703	0
75.277703	0
75.337703	0
75.337703	0
75.337703	0
75.361604	0
75.373668	0
75.385603	0
75.397698	0
75.397698	0
75.397698	0
75.397698	0
75.433736	0
75.433736	0
75.457718	0
75.457718	0
75.457718	0
75.457718	0
75.457718	0
75.457718	0
75.517697	0
75.517697	0
75.517697	0
75.517697	0
75.517697	0
75.517697	0
75.577711	0
75.577711	0
75.577711	0
75.577711	0
75.577711	0
75.577711	0
75.637698	0
75.637698	0
75.637698	0
75.637698	0
75.637698	0
75.637698	0
75.69779	0
75.69779	0
75.709603	0
75.709603	0
75.709603	0
75.745603	0
75.7577	0
75.7577	0
75.769604	0
75.769604	0
75.769604	0
75.769604	0
75.817704	0
75.817704	0
75.82969	0
75.841603	0
75.841603	0
75.841603	0
75.8777	0
75.8777	0
75.8777	0
75.877714	0
75.913712	0
75.913712	0
75.937713	0
75.937713	0
75.937713	0
75.937713	0
75.937713	0
75.937713	0
75.997797	0
75.997797	0
75.997797	0
76.021618	0
76.021618	0
76.045617	0
76.045617	0
76.045617	0
76.045617	0
76.045617	0
76.045617	0
76.057717	0
76.117713	0
76.117713	0
76.117713	0
76.141618	0
76.153686	0
76.153686	0
76.177734	0
76.177734	0
76.189617	0
76.189617	0
76.189617	0
76.189617	0
76.237715	0
76.237715	0
76.237715	0
76.237715	0
76.237715	0
76.285625	0
76.285625	0
76.285625	0
76.297711	0
76.321618	0
76.321618	0
76.321618	0
76.357805	0
76.357805	0
76.369618	0
76.369618	0
76.369618	0
76.369618	0
76.369618	0
76.417731	0
76.429917	0
76.441618	0
76.441618	0
76.441618	0
76.477716	0
76.477716	0
76.477716	0
76.477716	0
76.513689	0
76.513689	0
76.537716	0
76.537716	0
76.537716	0
76.537716	0
76.537716	0
76.585617	0
76.597719	0
76.597719	0
76.597719	0
76.597719	0
76.633686	0
76.633686	0
76.657718	0
76.657718	0
76.657718	0
76.657718	0
76.657718	0
76.657718	0
76.717713	0
76.717713	0
76.717713	0
76.717713	0
76.717713	0
76.765617	0
76.777714	0
76.777714	0
76.777714	0
76.777714	0
76.777714	0
76.825618	0
76.837718	0
76.837718	0
76.849617	0
76.849617	0
76.849617	0
76.849617	0
76.897714	0
76.897714	0
76.897725	0
76.897725	0
76.897725	0
76.945629	0
76.957729	0
76.957729	0
76.957729	0
76.957729	0
76.957729	0
76.957729	0
77.017816	0
77.017816	0
77.017816	0
77.017816	0
77.053707	0
77.053707	0
77.077725	0
77.077725	0
77.089635	0
77.101629	0
77.101629	0
77.125629	0
77.137755	0
77.137755	0
77.137755	0
77.137755	0
77.173693	0
77.173693	0
77.197728	0
77.197728	0
77.209628	0
77.209628	0
77.209628	0
77.245628	0
77.257725	0
77.257725	0
77.257725	0
77.281728	0
77.281728	0
77.305628	0
77.317751	0
77.317751	0
77.329628	0
77.329628	0
77.353714	0
77.353714	0
77.377738	0
77.377738	0
77.377738	0
77.377738	0
77.377738	0
77.425628	0
77.437723	0
77.437723	0
77.449632	0
77.461628	0
77.461628	0
77.461628	0
77.497743	0
77.497743	0
77.497743	0
77.497743	0
77.497743	0
77.545715	0
77.557729	0
77.557729	0
77.569631	0
77.581708	0
77.59371	0
77.59371	0
77.617722	0
77.617722	0
77.617722	0
77.617722	0
77.617722	0
77.617722	0
77.677833	0
77.677833	0
77.677833	0
77.677833	0
77.677833	0
77.677833	0
77.737734	0
77.737734	0
77.737734	0
77.737734	0
77.773708	0
77.773708	0
77.797726	0
77.797726	0
77.809715	0
77.809715	0
77.809715	0
77.809715	0
77.857755	0
77.857755	0
77.857755	0
77.881651	0
77.881651	0
77.881651	0
77.917738	0
77.917751	0
77.917751	0
77.917751	0
77.917751	0
77.965641	0
77.97774	0
77.97774	0
77.97774	0
78.001642	0
78.013704	0
78.013704	0
78.037735	0
78.037735	0
78.037735	0
78.037735	0
78.037735	0
78.037735	0
78.097743	0
78.097743	0
78.109648	0
78.121641	0
78.133705	0
78.133705	0
78.15774	0
78.15774	0
78.15774	0
78.15774	0
78.15774	0
78.15774	0
78.217739	0
78.217739	0
78.229745	0
78.229745	0
78.253719	0
78.253719	0
78.277748	0
78.277748	0
78.277748	0
78.277748	0
78.313724	0
78.325642	0
78.337828	0
78.337828	0
78.337828	0
78.337828	0
78.337828	0
78.385641	0
78.397741	0
78.397741	0
78.409642	0
78.409642	0
78.409642	0
78.445641	0
78.457739	0
78.457739	0
78.457739	0
78.457739	0
78.457739	0
78.457739	0
78.517748	0
78.517748	0
78.517748	0
78.517748	0
78.517748	0
78.565642	0
78.577737	0
78.577737	0
78.577737	0
78.577737	0
78.613707	0
78.625641	0
78.637822	0
78.637822	0
78.637822	0
78.637822	0
78.637822	0
78.637822	0
78.637822	0
78.637822	0
78.637822	0
78.637822	0
78.637822	0
78.697754	0
78.757759	0
78.757759	0
78.769737	0
78.781642	0
78.781642	0
78.781642	0
78.817735	0
78.817735	0
78.817735	0
78.817735	0
78.817735	0
78.817735	0
78.877751	0
78.877751	0
78.889641	0
78.889641	0
78.913714	0
78.925675	0
78.937753	0
78.937753	0
78.949655	0
78.949655	0
78.949655	0
78.949655	0
78.997838	0
78.997838	0
78.997838	0
78.997838	0
78.997838	0
78.997838	0
79.057772	0
79.057772	0
79.069655	0
79.081655	0
79.081655	0
79.105654	0
79.117759	0
79.117759	0
79.117759	0
79.141654	0
79.153722	0
79.165658	0
79.177752	0
79.177752	0
79.177752	0
79.177752	0
79.177752	0
79.177752	0
79.237748	0
79.237748	0
79.237748	0
79.237748	0
79.237748	0
79.285655	0
79.297752	0
79.297752	0
79.297752	0
79.297752	0
79.33372	0
79.345691	0
79.357752	0
79.357752	0
79.369655	0
79.369655	0
79.369655	0
79.369655	0
79.369655	0
79.369655	0
79.41775	0
79.441654	0
79.441654	0
79.465654	0
79.477752	0
79.477752	0
79.489662	0
79.501655	0
79.513744	0
79.513744	0
79.537757	0
79.537757	0
79.537757	0
79.537757	0
79.57372	0
79.585655	0
79.597782	0
79.597782	0
79.597782	0
79.597782	0
79.597782	0
79.597782	0
79.657834	0
79.657834	0
79.657834	0
79.657834	0
79.657834	0
79.657834	0
79.717782	0
79.717782	0
79.717782	0
79.741654	0
79.741654	0
79.765654	0
79.777768	0
79.777768	0
79.777768	0
79.777768	0
79.777768	0
79.777768	0
79.837753	0
79.837753	0
79.837753	0
79.837753	0
79.837753	0
79.837753	0
79.897769	0
79.897769	0
79.897769	0
79.897781	0
79.897781	0
79.897781	0
79.957769	0
79.957769	0
79.957769	0
79.981667	0
79.993739	0
79.993739	0
80.017762	0
80.017762	0
80.017762	0
80.041687	0
80.041687	0
80.041687	0
80.077781	0
80.077781	0
80.077781	0
80.077781	0
80.077781	0
80.077781	0
80.137767	0
80.137767	0
80.137767	0
80.137767	0
80.137767	0
80.137767	0
80.197764	0
80.197764	0
80.209667	0
80.209667	0
80.233733	0
80.233733	0
80.257774	0
80.257774	0
80.257774	0
80.281667	0
80.281667	0
80.305687	0
80.317854	0
80.317854	0
80.317854	0
80.317854	0
80.317854	0
80.317854	0
80.377776	0
80.377776	0
80.377776	0
80.401666	0
80.401666	0
80.425667	0
80.437779	0
80.437779	0
80.437779	0
80.461666	0
80.461666	0
80.461666	0
80.497759	0
80.497759	0
80.497759	0
80.521666	0
80.521666	0
80.521666	0
80.557763	0
80.557763	0
80.557763	0
80.557763	0
80.557763	0
80.557763	0
80.557763	0
80.557763	0
80.557763	0
80.557763	0
80.617842	0
80.665666	0
80.665666	0
80.665666	0
80.665666	0
80.665666	0
80.665666	0
80.677762	0
80.737761	0
80.737761	0
80.737761	0
80.737761	0
80.737761	0
80.785667	0
80.797764	0
80.797764	0
80.797764	0
80.821667	0
80.821667	0
80.821667	0
80.857767	0
80.857767	0
80.857767	0
80.857767	0
80.857767	0
80.857767	0
80.91776	0
80.92968	0
80.92968	0
80.941681	0
80.941681	0
80.941681	0
80.977863	0
80.977863	0
80.977863	0
80.977863	0
81.013751	0
81.025681	0
81.037797	0
81.037797	0
81.037797	0
81.06168	0
81.06168	0
81.08568	0
81.097776	0
81.097776	0
81.097776	0
81.097776	0
81.097776	0
81.097776	0
81.157787	0
81.157787	0
81.1697	0
81.18168	0
81.18168	0
81.18168	0
81.18168	0
81.18168	0
81.18168	0
81.18168	0
81.18168	0
81.18168	0
81.18168	0
81.18168	0
81.217775	0
81.277821	0
81.313766	0
81.325681	0
81.337776	0
81.337776	0
81.349681	0
81.361681	0
81.373814	0
81.38568	0
81.397781	0
81.397781	0
81.397781	0
81.397781	0
81.397781	0
81.397781	0
81.457778	0
81.457778	0
81.457778	0
81.481688	0
81.493747	0
81.493747	0
81.517776	0
81.517776	0
81.517776	0
81.517776	0
81.553752	0
81.565681	0
81.577797	0
81.577797	0
81.577797	0
81.601701	0
81.601701	0
81.62568	0
81.637854	0
81.637854	0
81.637854	0
81.637854	0
81.637854	0
81.637854	0
81.697775	0
81.697775	0
81.70974	0
81.70974	0
81.70974	0
81.70974	0
81.757777	0
81.757777	0
81.76976	0
81.76976	0
81.76976	0
81.76976	0
81.817776	0
81.817776	0
81.829681	0
81.829681	0
81.829681	0
81.865717	0
81.877783	0
81.877783	0
81.877783	0
81.901751	0
81.901751	0
81.901751	0
81.937825	0
81.937825	0
81.937825	0
81.937825	0
81.973758	0
81.985693	0
81.997807	0
81.997807	0
81.997807	0
81.997807	0
81.997807	0
81.997807	0
82.057791	0
82.057791	0
82.069696	0
82.081693	0
82.093798	0
82.093798	0
82.117788	0
82.117788	0
82.129712	0
82.129712	0
82.129712	0
82.129712	0
82.129712	0
82.129712	0
82.177791	0
82.201696	0
82.213756	0
82.225692	0
82.237787	0
82.237787	0
82.237787	0
82.261721	0
82.261721	0
82.261721	0
82.297905	0
82.297905	0
82.309692	0
82.309692	0
82.309692	0
82.345693	0
82.357796	0
82.357796	0
82.369693	0
82.369693	0
82.369693	0
82.369693	0
82.417796	0
82.417796	0
82.417796	0
82.417796	0
82.417796	0
82.417796	0
82.477798	0
82.477798	0
82.489712	0
82.501693	0
82.501693	0
82.525693	0
82.537787	0
82.537787	0
82.537787	0
82.537787	0
82.537787	0
82.537787	0
82.597867	0
82.597867	0
82.597867	0
82.621713	0
82.621713	0
82.621713	0
82.657809	0
82.657809	0
82.657809	0
82.657809	0
82.657809	0
82.657809	0
82.717786	0
82.717786	0
82.717786	0
82.717786	0
82.753781	0
82.765693	0
82.777791	0
82.777791	0
82.777791	0
82.80176	0
82.80176	0
82.80176	0
82.837791	0
82.837791	0
82.837791	0
82.837791	0
82.837791	0
82.885713	0
82.897788	0
82.897788	0
82.897788	0
82.897788	0
82.897788	0
82.945705	0
82.95787	0
82.95787	0
82.95787	0
82.981705	0
82.981705	0
83.005705	0
83.017817	0
83.017817	0
83.017817	0
83.017817	0
83.053779	0
83.065705	0
83.077821	0
83.077821	0
83.077821	0
83.077821	0
83.077821	0
83.125708	0
83.137799	0
83.137799	0
83.137799	0
83.137799	0
83.137799	0
83.137799	0
83.1978	0
83.1978	0
83.1978	0
83.1978	0
83.233771	0
83.233771	0
83.25786	0
83.25786	0
83.25786	0
83.25786	0
83.25786	0
83.305704	0
83.317817	0
83.317817	0
83.317817	0
83.317817	0
83.317817	0
83.317817	0
83.377799	0
83.377799	0
83.389708	0
83.401705	0
83.413787	0
83.413787	0
83.437803	0
83.437803	0
83.437803	0
83.437803	0
83.473775	0
83.473775	0
83.497803	0
83.497803	0
83.497803	0
83.521708	0
83.521708	0
83.545716	0
83.557801	0
83.557801	0
83.557801	0
83.557801	0
83.557801	0
83.557801	0
83.617869	0
83.617869	0
83.617869	0
83.617869	0
83.617869	0
83.665705	0
83.677823	0
83.677823	0
83.677823	0
83.677823	0
83.677823	0
83.725704	0
83.7378	0
83.7378	0
83.7378	0
83.7378	0
83.773787	0
83.773787	0
83.797798	0
83.797798	0
83.809782	0
83.809782	0
83.809782	0
83.845705	0
83.857801	0
83.857801	0
83.857801	0
83.857801	0
83.857801	0
83.857801	0
83.917844	0
83.917844	0
83.917844	0
83.917857	0
83.917857	0
83.965718	0
83.977813	0
83.977813	0
83.977813	0
83.977813	0
83.977813	0
83.977813	0
84.037831	0
84.037831	0
84.049799	0
84.049799	0
84.049799	0
84.085717	0
84.097812	0
84.097812	0
84.097812	0
84.121718	0
84.133779	0
84.133779	0
84.15784	0
84.15784	0
84.15784	0
84.15784	0
84.15784	0
84.205718	0
84.217814	0
84.217814	0
84.229718	0
84.229718	0
84.253792	0
84.253792	0
84.277901	0
84.277901	0
84.277901	0
84.301738	0
84.301738	0
84.301738	0
84.33783	0
84.33783	0
84.349729	0
84.361718	0
84.361718	0
84.385718	0
84.39781	0
84.39781	0
84.39781	0
84.39781	0
84.39781	0
84.39781	0
84.457843	0
84.457843	0
84.457843	0
84.457843	0
84.457843	0
84.457843	0
84.517814	0
84.517814	0
84.529717	0
84.541788	0
84.553786	0
84.553786	0
84.577818	0
84.577818	0
84.577818	0
84.577818	0
84.577818	0
84.625717	0
84.637812	0
84.637812	0
84.649718	0
84.661718	0
84.673851	0
84.685725	0
84.697834	0
84.697834	0
84.697834	0
84.697834	0
84.697834	0
84.697834	0
84.757816	0
84.757816	0
84.757816	0
84.757816	0
84.757816	0
84.757816	0
84.817813	0
84.817813	0
84.829749	0
84.829749	0
84.853814	0
84.853814	0
84.877865	0
84.877865	0
84.889718	0
84.889718	0
84.91379	0
84.925717	0
84.93789	0
84.93789	0
84.937903	0
84.937903	0
84.937903	0
84.937903	0
84.997826	0
84.997826	0
84.997826	0
84.997826	0
84.997826	0
85.045731	0
85.057828	0
85.057828	0
85.057828	0
85.08173	0
85.08173	0
85.08173	0
85.117824	0
85.117824	0
85.117824	0
85.117824	0
85.117824	0
85.117824	0
85.177826	0
85.177826	0
85.189731	0
85.201802	0
85.201802	0
85.201802	0
85.237906	0
85.237906	0
85.237906	0
85.237906	0
85.237906	0
85.237906	0
85.297824	0
85.297824	0
85.297824	0
85.297824	0
85.333869	0
85.333869	0
85.357832	0
85.357832	0
85.357832	0
85.381731	0
85.381731	0
85.405749	0
85.405749	0
85.405749	0
85.405749	0
85.405749	0
85.405749	0
85.417826	0
85.477829	0
85.477829	0
85.477829	0
85.477829	0
85.513822	0
85.513822	0
85.537824	0
85.537824	0
85.537824	0
85.537824	0
85.573795	0
85.573795	0
85.597894	0
85.597894	0
85.597894	0
85.597894	0
85.6338	0
85.645753	0
85.657853	0
85.657853	0
85.657853	0
85.657853	0
85.657853	0
85.657853	0
85.717832	0
85.717832	0
85.717832	0
85.717832	0
85.717832	0
85.717832	0
85.777866	0
85.777866	0
85.777866	0
85.801731	0
85.801731	0
85.801731	0
85.837826	0
85.837826	0
85.837826	0
85.837826	0
85.837826	0
85.837826	0
85.897834	0.10830000000228091
85.897834	0.10830000000228091
85.90975	0
85.921731	0
85.933794	0
85.945734	0
85.957835	0
85.957847	0
85.957847	0
85.957847	0
85.99389	0
86.005742	0
86.017837	0
86.017837	0
86.017837	0
86.017837	0
86.017837	0
86.017837	0
86.07784	0
86.07784	0
86.07784	0
86.101742	0
86.101742	0
86.125813	0
86.125813	0
86.137839	0
86.149941	0
86.149941	0
86.149941	0
86.149941	0
86.197837	0
86.197837	0
86.197837	0
86.221743	0
86.221743	0
86.221743	0
86.257915	0
86.257915	0
86.257915	0
86.257915	0
86.257915	0
86.305778	0
86.317866	0
86.317866	0
86.317866	0
86.317866	0
86.317866	0
86.365742	0
86.377838	0
86.377838	0
86.377838	0
86.377838	0
86.377838	0
86.377838	0
86.437855	0
86.437855	0
86.437855	0
86.461749	0
86.473809	0
86.485746	0
86.497841	0
86.497841	0
86.497841	0
86.497841	0
86.533809	0
86.533809	0
86.557922	0
86.557922	0
86.557922	0
86.557922	0
86.557922	0
86.557922	0
86.61784	0
86.61784	0
86.61784	0
86.641763	0
86.653886	0
86.653886	0
86.677862	0
86.677862	0
86.689765	0
86.689765	0
86.713814	0
86.725743	0
86.737857	0
86.737857	0
86.737857	0
86.737857	0
86.737857	0
86.785815	0
86.797858	0
86.797858	0
86.809742	0
86.809742	0
86.833805	0
86.845743	0
86.857842	0
86.857842	0
86.857842	0
86.857842	0
86.857842	0
86.857842	0
86.917904	0
86.917904	0
86.917904	0
86.917904	0
86.917904	0
86.965759	0
86.977876	0
86.977876	0
86.977876	0
86.977876	0
87.01382	0
87.01382	0
87.037907	0
87.037907	0
87.037907	0
87.061756	0
87.061756	0
87.061756	0
87.097851	0
87.097851	0
87.097851	0
87.097851	0
87.097851	0
87.097851	0
87.157851	0
87.157851	0
87.169778	0
87.169778	0
87.169778	0
87.169778	0
87.217862	0
87.217862	0
87.217862	0
87.241755	0
87.241755	0
87.241755	0
87.241755	0
87.241755	0
87.277893	0
87.301776	0
87.301776	0
87.325755	0
87.33785	0
87.33785	0
87.33785	0
87.33785	0
87.373821	0
87.385756	0
87.397852	0
87.397852	0
87.397852	0
87.397852	0
87.397852	0
87.397852	0
87.4579	0
87.4579	0
87.4579	0
87.4579	0
87.4579	0
87.4579	0
87.51785	0
87.51785	0
87.529755	0
87.529755	0
87.529755	0
87.529755	0
87.57796	0
87.57796	0
87.57796	0
87.57796	0
87.57796	0
87.625756	0
87.637854	0
87.637854	0
87.637854	0
87.637854	0
87.637854	0
87.685755	0
87.697849	0
87.697849	0
87.697849	0
87.697849	0
87.697849	0
87.697849	0
87.757868	0
87.757868	0
87.757868	0
87.757868	0
87.793829	0
87.805781	0
87.817852	0
87.817852	0
87.817852	0
87.817852	0
87.853833	0
87.865755	0
87.877954	0
87.877954	0
87.877954	0
87.877954	0
87.877954	0
87.877954	0
87.93785	0
87.93785	0
87.93785	0
87.937863	0
87.937863	0
87.937863	0
87.997866	0
87.997866	0
88.009791	0
88.009791	0
88.009791	0
88.045768	0
88.057869	0
88.057869	0
88.057869	0
88.057869	0
88.057869	0
88.057869	0
88.117867	0
88.117867	0
88.129768	0
88.129768	0
88.129768	0
88.165769	0
88.17788	0
88.17788	0
88.189768	0
88.189768	0
88.189768	0
88.189768	0
88.237974	0
88.237974	0
88.237974	0
88.261768	0
88.261768	0
88.285769	0
88.297863	0
88.297863	0
88.297863	0
88.297863	0
88.297863	0
88.345768	0
88.35787	0
88.35787	0
88.35787	0
88.35787	0
88.393839	0
88.393839	0
88.417879	0
88.417879	0
88.429769	0
88.429769	0
88.429769	0
88.429769	0
88.47788	0
88.47788	0
88.47788	0
88.47788	0
88.47788	0
88.47788	0
88.537922	0
88.537922	0
88.537922	0
88.537922	0
88.537922	0
88.537922	0
88.597863	0
88.597863	0
88.597863	0
88.621768	0
88.621768	0
88.621768	0
88.657866	0
88.657866	0
88.669878	0
88.681769	0
88.693832	0
88.693832	0
88.717863	0
88.717863	0
88.717863	0
88.717863	0
88.753836	0
88.765865	0
88.777889	0
88.777889	0
88.777889	0
88.777889	0
88.777889	0
88.825769	0
88.837866	0
88.837866	0
88.837866	0
88.837866	0
88.837866	0
88.885776	0
88.898006	0
88.898006	0
88.898006	0
88.898006	0
88.898006	0
88.898006	0
88.957864	0
88.957877	0
88.957877	0
88.957877	0
88.993876	0
88.993876	0
89.017877	0
89.017877	0
89.017877	0
89.017877	0
89.053858	0
89.065785	0
89.0779	0
89.0779	0
89.0779	0
89.0779	0
89.113859	0
89.113859	0
89.113859	0
89.113859	0
89.113859	0
89.113859	0
89.113859	0
89.137899	0
89.197901	0
89.197901	0
89.209864	0
89.209864	0
89.209864	0
89.245808	0
89.25789	0
89.25789	0
89.269782	0
89.269782	0
89.269782	0
89.305781	0
89.317912	0
89.317912	0
89.317912	0
89.317912	0
89.317912	0
89.317912	0
89.377915	0
89.377915	0
89.377915	0
89.377915	0
89.377915	0
89.377915	0
89.437878	0
89.437878	0
89.437878	0
89.437878	0
89.437878	0
89.437878	0
89.497877	0
89.497877	0
89.509801	0
89.521781	0
89.521781	0
89.521781	0
89.557948	0
89.557948	0
89.557948	0
89.557948	0
89.557948	0
89.605782	0
89.61788	0
89.61788	0
89.61788	0
89.641802	0
89.641802	0
89.641802	0
89.677894	0
89.677894	0
89.677894	0
89.701781	0
89.701781	0
89.701781	0
89.701781	0
89.701781	0
89.737874	0
89.761782	0
89.761782	0
89.785782	0
89.797875	0
89.797875	0
89.797875	0
89.797875	0
89.797875	0
89.797875	0
89.857957	0
89.857957	0
89.857957	0
89.881789	0
89.893846	0
89.905802	0
89.917877	0
89.917877	0
89.917877	0
89.917877	0
89.917877	0
89.917877	0
89.977998	0
89.97801	0
89.97801	0
90.001793	0
90.001793	0
90.025793	0
90.037942	0
90.037942	0
90.037942	0
90.037942	0
90.037942	0
90.037942	0
90.09789	0
90.09789	0
90.10997	0
90.10997	0
90.10997	0
90.145798	0
90.15789	0
90.15789	0
90.15789	0
90.181794	0
90.193865	0
90.193865	0
90.217962	0
90.217962	0
90.229796	0
90.229796	0
90.229796	0
90.229796	0
90.277918	0
90.277918	0
90.289794	0
90.289794	0
90.289794	0
90.289794	0
90.337888	0
90.337888	0
90.337888	0
90.337888	0
90.337888	0
90.385798	0
90.397888	0
90.397888	0
90.397888	0
90.421794	0
90.421794	0
90.445795	0
90.457892	0
90.457892	0
90.457892	0
90.457892	0
90.457892	0
90.457892	0
90.457892	0
90.457892	0
90.517899	0
90.541794	0
90.541794	0
90.541794	0
90.577905	0
90.577905	0
90.577905	0
90.577905	0
90.577905	0
90.625794	0
90.637887	0
90.637887	0
90.637887	0
90.637887	0
90.673861	0
90.685814	0
90.697908	0
90.697908	0
90.697908	0
90.721793	0
90.721793	0
90.721793	0
90.757895	0
90.757895	0
90.757895	0
90.757895	0
90.793865	0
90.805793	0
90.817926	0
90.817926	0
90.817926	0
90.817926	0
90.817926	0
90.817926	0
90.877988	0
90.877988	0
90.877988	0
90.877988	0
90.877988	0
90.925795	0
90.937888	0
90.937888	0
90.937888	0
90.937888	0
90.937888	0
90.985839	0
90.997919	0
90.997919	0
90.997919	0
90.997919	0
91.033872	0
91.033872	0
91.057904	0
91.057904	0
91.069807	0
91.069807	0
91.069807	0
91.069807	0
91.117901	0
91.117901	0
91.117901	0
91.141878	0
91.141878	0
91.141878	0
91.177925	0
91.177925	0
91.177925	0
91.201807	0
91.201807	0
91.225808	0
91.237905	0
91.237905	0
91.237905	0
91.237905	0
91.273941	0
91.273941	0
91.273941	0
91.273941	0
91.297909	0
91.321808	0
91.321808	0
91.321808	0
91.357905	0
91.357905	0
91.369807	0
91.369807	0
91.369807	0
91.369807	0
91.417906	0
91.417906	0
91.417906	0
91.417906	0
91.417906	0
91.417906	0
91.47794	0
91.47794	0
91.47794	0
91.47794	0
91.513881	0
91.513881	0
91.537987	0
91.537987	0
91.549808	0
91.549808	0
91.549808	0
91.549808	0
91.597902	0
91.597902	0
91.597902	0
91.597902	0
91.633871	0
91.633871	0
91.657915	0
91.657915	0
91.657915	0
91.657915	0
91.693878	0
91.693878	0
91.717911	0
91.717911	0
91.717911	0
91.717911	0
91.717911	0
91.765808	0
91.777922	0
91.777922	0
91.777922	0
91.777922	0
91.777922	0
91.825807	0
91.837982	0
91.837982	0
91.837982	0
91.837982	0
91.837982	0
91.885807	0
91.897923	0
91.897923	0
91.897923	0
91.897923	0
91.897923	0
91.897923	0
91.957927	0
91.957927	0
91.957927	0
91.981821	0
91.993892	0
91.993892	0
92.017916	0
92.017916	0
92.017916	0
92.017916	0
92.053896	0
92.053896	0
92.077937	0
92.077937	0
92.077937	0
92.077937	0
92.077937	0
92.12582	0
92.137936	0
92.137936	0
92.137936	0
92.137936	0
92.137936	0
92.137936	0
92.197984	0
92.197984	0
92.197984	0
92.197984	0
92.197984	0
92.245822	0
92.257932	0
92.257932	0
92.257932	0
92.281821	0
92.281821	0
92.305821	0
92.317949	0
92.317949	0
92.317949	0
92.317949	0
92.317949	0
92.365824	0
92.377948	0
92.377948	0
92.389832	0
92.389832	0
92.389832	0
92.389832	0
92.437916	0
92.437916	0
92.437916	0
92.437916	0
92.473888	0
92.48582	0
92.497919	0
92.497919	0
92.497919	0
92.497919	0
92.497919	0
92.497919	0
92.557927	0
92.557927	0
92.557927	0
92.557927	0
92.593966	0
92.593966	0
92.61795	0
92.61795	0
92.61795	0
92.64184	0
92.64184	0
92.665824	0
92.677934	0
92.677934	0
92.677934	0
92.677934	0
92.677934	0
92.677934	0
92.737917	0
92.737917	0
92.749874	0
92.749874	0
92.773906	0
92.785821	0
92.797918	0
92.797918	0
92.797918	0
92.82182	0
92.833885	0
92.833885	0
92.857994	0
92.857994	0
92.857994	0
92.857994	0
92.857994	0
92.857994	0
92.91792	0
92.91792	0
92.91792	0
92.91792	0
92.91792	0
92.91792	0
92.977935	0
92.977948	0
92.977948	0
92.977948	0
92.977948	0
93.025837	0
93.037946	0
93.037946	0
93.037946	0
93.061834	0
93.061834	0
93.085834	0
93.097927	0
93.097927	0
93.097927	0
93.097927	0
93.097927	0
93.145834	0
93.158014	0
93.158014	0
93.158014	0
93.18187	0
93.18187	0
93.205833	0
93.217931	0
93.217931	0
93.217931	0
93.217931	0
93.217931	0
93.217931	0
93.277947	0
93.277947	0
93.289989	0
93.289989	0
93.313906	0
93.313906	0
93.337928	0
93.337928	0
93.337928	0
93.337928	0
93.337928	0
93.337928	0
93.397956	0
93.397956	0
93.397956	0
93.397956	0
93.397956	0
93.397956	0
93.457938	0
93.457938	0
93.457938	0
93.457938	0
93.457938	0
93.457938	0
93.517996	0
93.517996	0
93.517996	0
93.517996	0
93.517996	0
93.565834	0
93.577985	0
93.577985	0
93.577985	0
93.577985	0
93.613899	0
93.625837	0
93.637929	0
93.637929	0
93.637929	0
93.637929	0
93.637929	0
93.637929	0
93.697929	0
93.697929	0
93.709854	0
93.709854	0
93.709854	0
93.709854	0
93.757931	0
93.757931	0
93.757931	0
93.781908	0
93.781908	0
93.781908	0
93.817941	0
93.817941	0
93.817941	0
93.841854	0
93.841854	0
93.865844	0
93.877952	0
93.877952	0
93.877952	0
93.877952	0
93.877952	0
93.877952	0
93.937927	0
93.937927	0
93.937927	0
93.961834	0
93.961834	0
93.961848	0
93.99795	0
93.99795	0
93.99795	0
93.99795	0
94.03393	0
94.03393	0
94.057949	0
94.057949	0
94.057949	0
94.057949	0
94.093925	0
94.105868	0
94.117946	0
94.117946	0
94.129847	0
94.129847	0
94.129847	0
94.129847	0
94.178054	0
94.178054	0
94.178054	0
94.201847	0
94.201847	0
94.201847	0
94.23796	0
94.23796	0
94.249961	0
94.249961	0
94.249961	0
94.249961	0
94.297943	0
94.297943	0
94.297943	0
94.321847	0
94.321847	0
94.321847	0
94.35795	0
94.35795	0
94.35795	0
94.35795	0
94.35795	0
94.405847	0
94.417941	0
94.417941	0
94.417941	0
94.417941	0
94.453925	0
94.465848	0
94.477984	0
94.477984	0
94.477984	0
94.501847	0
94.513928	0
94.525851	0
94.53796	0
94.53796	0
94.53796	0
94.561848	0
94.561848	0
94.561848	0
94.597942	0
94.597942	0
94.597942	0
94.597942	0
94.633912	0
94.645848	0
94.657948	0
94.657948	0
94.669848	0
94.669848	0
94.669848	0
94.669848	0
94.717945	0
94.717945	0
94.717945	0
94.717945	0
94.717945	0
94.717945	0
94.77796	0
94.77796	0
94.789848	0
94.789848	0
94.813912	0
94.813912	0
94.838014	0
94.838014	0
94.838014	0
94.838014	0
94.838014	0
94.885848	0
94.897978	0
94.897978	0
94.897978	0
94.897978	0
94.897978	0
94.897978	0
94.957947	0
94.957947	0
94.957947	0
94.957947	0
94.993932	0
95.005884	0
95.017955	0
95.017955	0
95.02986	0
95.02986	0
95.02986	0
95.02986	0
95.07799	0
95.07799	0
95.08986	0
95.08986	0
95.113932	0
95.113932	0
95.138054	0
95.138054	0
95.138054	0
95.161861	0
95.161861	0
95.185861	0
95.197956	0
95.197956	0
95.197956	0
95.22186	0
95.234009	0
95.245861	0
95.257958	0
95.257958	0
95.257958	0
95.28186	0
95.28186	0
95.28186	0
95.317988	0
95.317988	0
95.317988	0
95.341861	0
95.341861	0
95.341861	0
95.341861	0
95.377992	0
95.389949	0
95.389949	0
95.389949	0
95.389949	0
95.437956	0
95.437956	0
95.44986	0
95.44986	0
95.44986	0
95.48586	0
95.498032	0
95.498032	0
95.498032	0
95.498032	0
95.498032	0
95.498032	0
95.557963	0
95.557963	0
95.557963	0
95.557963	0
95.557963	0
95.557963	0
95.617972	0
95.617972	0
95.617972	0
95.617972	0
95.617972	0
95.617972	0
95.677971	0
95.677971	0
95.677971	0
95.677971	0
95.677971	0
95.677971	0
95.737956	0
95.737956	0
95.737956	0
95.737956	0
95.737956	0
95.78586	0
95.798034	0
95.798034	0
95.798034	0
95.798034	0
95.798034	0
95.798034	0
95.857968	0
95.857968	0
95.857968	0
95.881861	0
95.881861	0
95.881861	0
95.917956	0
95.917956	0
95.917956	0
95.917956	0
95.95393	0
95.965861	0
95.978011	0
95.978011	0
95.978025	0
95.978025	0
96.013937	0
96.025947	0
96.037978	0
96.037978	0
96.037978	0
96.037978	0
96.037978	0
96.037978	0
96.097974	0
96.097974	0
96.109894	0
96.121875	0
96.121875	0
96.121875	0
96.158059	0
96.158059	0
96.169874	0
96.169874	0
96.169874	0
96.205875	0
96.217974	0
96.217974	0
96.217974	0
96.217974	0
96.217974	0
96.217974	0
96.277992	0
96.277992	0
96.277992	0
96.277992	0
96.277992	0
96.277992	0
96.337969	0
96.337969	0
96.349874	0
96.361875	0
96.361875	0
96.385876	0
96.39797	0
96.39797	0
96.39797	0
96.39797	0
96.39797	0
96.39797	0
96.457998	0
96.457998	0
96.457998	0
96.457998	0
96.493958	0
96.505875	0
96.51797	0
96.51797	0
96.51797	0
96.51797	0
96.51797	0
96.51797	0
96.51797	0
96.577985	0
96.589997	0
96.601874	0
96.613956	0
96.613956	0
96.63797	0
96.63797	0
96.63797	0
96.63797	0
96.63797	0
96.63797	0
96.697973	0
96.697973	0
96.697973	0
96.697973	0
96.733945	0
96.745895	0
96.757975	0
96.757975	0
96.769875	0
96.769875	0
96.793952	0
96.805875	0
96.818039	0
96.818039	0
96.818039	0
96.818039	0
96.818039	0
96.818039	0
96.878003	0
96.878003	0
96.889874	0
96.901874	0
96.901874	0
96.925874	0
96.937967	0
96.937967	0
96.949948	0
96.949948	0
96.949948	0
96.949948	0
96.997975	0
96.997989	0
96.997989	0
96.997989	0
96.997989	0
96.997989	0
97.058004	0
97.058004	0
97.0699	0
97.0699	0
97.093954	0
97.093954	0
97.118011	0
97.118011	0
97.129888	0
97.141912	0
97.153958	0
97.165889	0
97.177999	0
97.177999	0
97.177999	0
97.177999	0
97.177999	0
97.225888	0
97.237983	0
97.237983	0
97.237983	0
97.261888	0
97.261888	0
97.261888	0
97.261888	0
97.261888	0
97.261888	0
97.261888	0
97.261888	0
97.297981	0
97.358017	0
97.358017	0
97.358017	0
97.358017	0
97.393963	0
97.405909	0
97.417982	0
97.417982	0
97.417982	0
97.417982	0
97.417982	0
97.417982	0
97.478097	0
97.478097	0
97.478097	0
97.478097	0
97.478097	0
97.478097	0
97.537988	0
97.537988	0
97.537988	0
97.56191	0
97.56191	0
97.56191	0
97.597983	0
97.597983	0
97.597983	0
97.597983	0
97.597983	0
97.597983	0
97.657987	0
97.657987	0
97.669888	0
97.669888	0
97.669888	0
97.705889	0
97.717982	0
97.717982	0
97.717982	0
97.717982	0
97.717982	0
97.717982	0
97.717982	0
97.717982	0
97.778086	0
97.801888	0
97.801888	0
97.801888	0
97.837982	0
97.837982	0
97.837982	0
97.861888	0
97.861888	0
97.861888	0
97.897983	0
97.897983	0
97.897983	0
97.897983	0
97.897983	0
97.945888	0
97.958008	0
97.958008	0
97.958008	0
97.958008	0
97.958008	0
97.958021	0
98.018007	0
98.018007	0
98.029901	0
98.029901	0
98.053979	0
98.053979	0
98.078016	0
98.078016	0
98.078016	0
98.078016	0
98.078016	0
98.125902	0
98.138077	0
98.138077	0
98.149901	0
98.149901	0
98.149901	0
98.149901	0
98.197994	0
98.197994	0
98.197994	0
98.197994	0
98.233967	0
98.245901	0
98.258001	0
98.258001	0
98.258001	0
98.258001	0
98.258001	0
98.258001	0
98.318015	0
98.318015	0
98.318015	0
98.318015	0
98.318015	0
98.318015	0
98.318015	0
98.318015	0
98.318015	0
98.318015	0
98.378022	0
98.425901	0
98.437999	0
98.437999	0
98.437999	0
98.461901	0
98.473968	0
98.485901	0
98.497996	0
98.497996	0
98.497996	0
98.497996	0
98.497996	0
98.497996	0
98.497996	0
98.497996	0
98.497996	0
98.497996	0
98.497996	0
98.558018	0
98.617994	0
98.617994	0
98.617994	0
98.617994	0
98.617994	0
98.617994	0
98.678016	0
98.678016	0
98.678016	0
98.678016	0
98.713969	0
98.725902	0
98.738016	0
98.738016	0
98.738016	0
98.738016	0
98.738016	0
98.738016	0
98.798064	0
98.798064	0
98.798064	0
98.798064	0
98.798064	0
98.845902	0
98.858006	0
98.858006	0
98.858006	0
98.858006	0
98.858006	0
98.905901	0
98.917997	0
98.917997	0
98.929978	0
98.941901	0
98.941901	0
98.941901	0
98.978014	0
98.978014	0
98.978014	0
99.001901	0
99.013978	0
99.025914	0
99.038025	0
99.038025	0
99.038025	0
99.038025	0
99.038025	0
99.038025	0
99.098043	0
99.098043	0
99.098043	0
99.098043	0
99.098043	0
99.098043	0
99.158016	0
99.158016	0
99.158016	0
99.181914	0
99.181914	0
99.181914	0
99.21801	0
99.21801	0
99.21801	0
99.21801	0
99.21801	0
99.21801	0
99.278042	0
99.278042	0
99.278042	0
99.278042	0
99.313985	0
99.313985	0
99.338012	0
99.338012	0
99.338012	0
99.338012	0
99.37398	0
99.385915	0
99.398016	0
99.398016	0
99.398016	0
99.398016	0
99.398016	0
99.398016	0
99.398016	0
99.398016	0
99.398016	0
99.45808	0
99.494008	0
99.494008	0
99.518008	0
99.518008	0
99.529914	0
99.541914	0
99.541914	0
99.541914	0
99.578026	0
99.578026	0
99.578026	0
99.578026	0
99.613978	0
99.613978	0
99.638021	0
99.638021	0
99.638021	0
99.638021	0
99.638021	0
99.638021	0
99.698025	0
99.698025	0
99.698025	0
99.698025	0
99.698025	0
99.698025	0
99.698025	0
99.698025	0
99.698025	0
99.698025	0
99.698025	0
99.758034	0
99.818008	0
99.818008	0
99.818008	0
99.818008	0
99.818008	0
99.865914	0
99.878023	0
99.878023	0
99.878023	0
99.901914	0
99.913979	0
99.925915	0
99.938017	0
99.938017	0
99.938017	0
99.961914	0
99.961914	0
99.985986	0
99.998012	0
99.998012	0
99.998026	0
100.021956	0
100.033994	0
100.033994	0
100.058057	0
100.058057	0
100.058057	0
100.081929	0
100.081929	0
100.081929	0
100.118093	0
100.118093	0
100.118093	0
100.118093	0
100.118093	0
100.165929	0
100.178034	0
100.178034	0
100.178034	0
100.178034	0
100.213991	0
100.225928	0
100.238023	0
100.238023	0
100.238023	0
100.238023	0
100.238023	0
100.238023	0
100.238023	0
100.238023	0
100.238023	0
100.238023	0
100.238023	0
100.298022	0
100.358027	0
100.358027	0
100.369928	0
100.369928	0
100.369928	0
100.369928	0
100.418053	0
100.418053	0
100.418053	0
100.441942	0
100.454004	0
100.465929	0
100.478037	0
100.478037	0
100.478037	0
100.478037	0
100.478037	0
100.478037	0
100.538043	0
100.538043	0
100.538043	0
100.561929	0
100.573992	0
100.573992	0
100.598024	0
100.598024	0
100.598024	0
100.598024	0
100.63399	0
100.63399	0
100.658039	0
100.658039	0
100.658039	0
100.658039	0
100.693991	0
100.705929	0
100.718022	0
100.718022	0
100.718022	0
100.718022	0
100.718022	0
100.765929	0
100.778106	0
100.778106	0
100.789957	0
100.789957	0
100.789957	0
100.789957	0
100.838022	0
100.838022	0
100.849928	0
100.861928	0
100.861928	0
100.861928	0
100.898023	0
100.898023	0
100.898023	0
100.898023	0
100.898023	0
100.898023	0
100.958032	0
100.958032	0
100.958032	0
100.958032	0
100.994013	0
100.994013	0
101.018042	0
101.018057	0
101.018057	0
101.018057	0
101.018057	0
101.065986	0
101.078052	0
101.078052	0
101.078052	0
101.101944	0
101.101944	0
101.101944	0
101.138043	0
101.138043	0
101.138043	0
101.138043	0
101.138043	0
101.185943	0
101.198056	0
101.198056	0
101.198056	0
101.198056	0
101.198056	0
101.198056	0
101.25806	0
101.25806	0
101.25806	0
101.25806	0
101.25806	0
101.25806	0
101.318075	0
101.318075	0
101.318075	0
101.342028	0
101.354015	0
101.365944	0
101.378048	0
101.378048	0
101.389945	0
101.389945	0
101.389945	0
101.425943	0
101.438113	0
101.438113	0
101.438113	0
101.461963	0
101.461963	0
101.461963	0
101.461963	0
101.498036	0
101.509943	0
101.521944	0
101.521944	0
101.545943	0
101.558058	0
101.558058	0
101.558058	0
101.558058	0
101.558058	0
101.558058	0
101.618037	0
101.618037	0
101.618037	0
101.618037	0
101.618037	0
101.618037	0
101.678064	0
101.678064	0
101.678064	0
101.678064	0
101.714026	0
101.714026	0
101.738042	0
101.738042	0
101.738042	0
101.761944	0
101.774006	0
101.785944	0
101.798039	0
101.798039	0
101.798039	0
101.798039	0
101.798039	0
101.845964	0
101.858042	0
101.858042	0
101.858042	0
101.858042	0
101.858042	0
101.858042	0
101.918043	0
101.918043	0
101.918043	0
101.918043	0
101.954011	0
101.954011	0
101.978067	0
101.978067	0
101.978067	0
102.001947	0
102.01401	0
102.025958	0
102.03806	0
102.03806	0
102.03806	0
102.03806	0
102.03806	0
102.03806	0
102.098139	0
102.098139	0
102.098139	0
102.098139	0
102.098139	0
102.098139	0
102.158052	0
102.158052	0
102.158052	0
102.158052	0
102.158052	0
102.205957	0
102.218051	0
102.218051	0
102.218051	0
102.218051	0
102.218051	0
102.218051	0
102.278079	0
102.278079	0
102.278079	0
102.278079	0
102.278079	0
102.325957	0
102.338052	0
102.338052	0
102.349957	0
102.349957	0
102.349957	0
102.349957	0
102.349957	0
102.349957	0
102.398056	0
102.421957	0
102.421957	0
102.445957	0
102.458053	0
102.458053	0
102.458053	0
102.458053	0
102.458053	0
102.505957	0
102.518058	0
102.518058	0
102.52996	0
102.52996	0
102.52996	0
102.565957	0
102.57808	0
102.57808	0
102.57808	0
102.57808	0
102.57808	0
102.57808	0
102.638076	0
102.638076	0
102.650331	0
102.650331	0
102.674065	0
102.674065	0
102.69806	0
102.69806	0
102.69806	0
102.69806	0
102.69806	0
102.69806	0
102.758132	0
102.758132	0
102.758132	0
102.758132	0
102.794032	0
102.794032	0
102.81805	0
102.81805	0
102.81805	0
102.81805	0
102.81805	0
102.81805	0
102.878073	0
102.878073	0
102.878073	0
102.901957	0
102.914029	0
102.914029	0
102.938062	0
102.938062	0
102.938062	0
102.938062	0
102.938062	0
102.938062	0
102.998053	0
102.998053	0
102.998053	0
102.998053	0
103.034036	0
103.045979	0
103.058075	0
103.058075	0
103.058075	0
103.081972	0
103.081972	0
103.105993	0
103.118067	0
103.118067	0
103.118067	0
103.118067	0
103.154109	0
103.165973	0
103.178073	0
103.178073	0
103.178073	0
103.178073	0
103.178073	0
103.178073	0
103.238086	0
103.238086	0
103.238086	0
103.238086	0
103.238086	0
103.238086	0
103.298069	0
103.298069	0
103.309972	0
103.322052	0
103.334045	0
103.334045	0
103.358068	0
103.358068	0
103.358068	0
103.358068	0
103.358068	0
103.358068	0
103.418143	0
103.418143	0
103.418143	0
103.418143	0
103.454051	0
103.454051	0
103.47808	0
103.47808	0
103.47808	0
103.47808	0
103.47808	0
103.525993	0
103.538067	0
103.538067	0
103.538067	0
103.561972	0
103.574038	0
103.585996	0
103.598064	0
103.598064	0
103.609972	0
103.621972	0
103.621972	0
103.645984	0
103.658087	0
103.658087	0
103.669972	0
103.682043	0
103.682043	0
103.705972	0
103.718146	0
103.718146	0
103.718146	0
103.718146	0
103.718146	0
103.765972	0
103.778071	0
103.778071	0
103.778071	0
103.778071	0
103.778071	0
103.778071	0
103.838067	0
103.838067	0
103.838067	0
103.861972	0
103.861972	0
103.885972	0
103.898087	0
103.898087	0
103.898087	0
103.898087	0
103.898087	0
103.946061	0
103.958073	0
103.958073	0
103.969972	0
103.969972	0
103.994046	0
103.994046	0
104.018065	0
104.018065	0
104.018079	0
104.018079	0
104.018079	0
104.065986	0
104.078213	0
104.078213	0
104.078213	0
104.078213	0
104.078213	0
104.078213	0
104.138101	0
104.138101	0
104.138101	0
104.138101	0
104.138101	0
104.138101	0
104.138101	0
104.138101	0
104.138101	0
104.138101	0
104.198092	0
104.24599	0
104.258093	0
104.258093	0
104.258093	0
104.281986	0
104.281986	0
104.281986	0
104.318118	0
104.318118	0
104.318118	0
104.318118	0
104.318118	0
104.318118	0
104.378128	0
104.378128	0
104.378128	0
104.378128	0
104.378128	0
104.378128	0
104.43808	0
104.43808	0
104.43808	0
104.43808	0
104.43808	0
104.485986	0
104.498081	0
104.498081	0
104.498081	0
104.498081	0
104.534073	0
104.534073	0
104.558083	0
104.558083	0
104.558083	0
104.558083	0
104.558083	0
104.558083	0
104.618084	0
104.618084	0
104.618084	0
104.618084	0
104.618084	0
104.665986	0
104.6781	0
104.6781	0
104.6781	0
104.6781	0
104.6781	0
104.6781	0
104.73815	0
104.73815	0
104.73815	0
104.73815	0
104.73815	0
104.73815	0
104.798082	0
104.798082	0
104.798082	0
104.798082	0
104.834053	0
104.846007	0
104.858123	0
104.858123	0
104.858123	0
104.858123	0
104.858123	0
104.858123	0
104.858123	0
104.858123	0
104.858123	0
104.858123	0
104.858123	0
104.858123	0
104.858123	0
104.918085	0
104.978108	0
105.00206	0
105.00206	0
105.00206	0
105.038125	0
105.03814	0
105.03814	0
105.03814	0
105.03814	0
105.086002	0
105.098101	0
105.098101	0
105.098101	0
105.098101	0
105.098101	0
105.098101	0
105.098101	0
105.098101	0
105.1581	0
105.182003	0
105.182003	0
105.182003	0
105.218122	0
105.218122	0
105.218122	0
105.218122	0
105.218122	0
105.218122	0
105.278099	0
105.278099	0
105.278099	0
105.302005	0
105.302005	0
105.326021	0
105.338102	0
105.338102	0
105.338102	0
105.338102	0
105.338102	0
105.338102	0
105.338102	0
105.338102	0
105.338102	0
105.338102	0
105.338102	0
105.398163	0
105.4581	0
105.4581	0
105.470009	0
105.470009	0
105.470009	0
105.506002	0
105.518098	0
105.518098	0
105.518098	0
105.518098	0
105.518098	0
105.518098	0
105.518098	0
105.518098	0
105.518098	0
105.602003	0
105.602003	0
105.602003	0
105.638109	0
105.638109	0
105.638109	0
105.638109	0
105.638109	0
105.686002	0
105.698099	0
105.698099	0
105.698099	0
105.698099	0
105.734073	0
105.746023	0
105.7581	0
105.7581	0
105.770002	0
105.770002	0
105.770002	0
105.770002	0
105.770002	0
105.818097	0
105.830122	0
105.842003	0
105.842003	0
105.842003	0
105.842003	0
105.842003	0
105.842003	0
105.842003	0
105.842003	0
105.87812	0
105.938099	0
105.938099	0
105.938099	0
105.938099	0
105.974069	0
105.974069	0
105.998096	0
105.998096	0
105.998096	0
105.998096	0
106.034082	0
106.034082	0
106.058198	0
106.058198	0
106.070016	0
106.070016	0
106.094083	0
106.106016	0
106.118115	0
106.118115	0
106.118115	0
106.118115	0
106.118115	0
106.118115	0
106.118115	0
106.118115	0
106.118115	0
106.118115	0
106.118115	0
106.178111	0
106.238115	0
106.238115	0
106.238115	0
106.262016	0
106.274099	0
106.286017	0
106.29811	0
106.29811	0
106.29811	0
106.29811	0
106.334089	0
106.334089	0
106.334089	0
106.334089	0
106.334089	0
106.334089	0
106.334089	0
106.334089	0
106.334089	0
106.334089	0
106.358209	0
106.418111	0
106.454173	0
106.466027	0
106.478132	0
106.478132	0
106.478132	0
106.502015	0
106.514082	0
106.526017	0
106.53811	0
106.53811	0
106.53811	0
106.562036	0
106.562036	0
106.586087	0
106.598117	0
106.598117	0
106.598117	0
106.598117	0
106.598117	0
106.646016	0
106.646016	0
106.646016	0
106.658111	0
106.682017	0
106.682017	0
106.682017	0
106.718199	0
106.718199	0
106.730016	0
106.742016	0
106.742016	0
106.766017	0
106.778115	0
106.778115	0
106.778115	0
106.778115	0
106.814081	0
106.814081	0
106.838111	0
106.838111	0
106.838111	0
106.838111	0
106.874079	0
106.88602	0
106.898133	0
106.898133	0
106.898133	0
106.898133	0
106.898133	0
106.946035	0
106.958131	0
106.958131	0
106.958131	0
106.958131	0
106.958131	0
106.958131	0
106.958131	0
106.958131	0
107.018114	0
107.042017	0
107.042031	0
107.06603	0
107.078127	0
107.078127	0
107.090072	0
107.090072	0
107.090072	0
107.090072	0
107.138125	0
107.138125	0
107.138125	0
107.138125	0
107.174095	0
107.186031	0
107.198127	0
107.198127	0
107.198127	0
107.198127	0
107.198127	0
107.246109	0
107.25814	0
107.25814	0
107.25814	0
107.25814	0
107.25814	0
107.25814	0
107.25814	0
107.25814	0
107.25814	0
107.25814	0
107.318143	0
107.366031	0
107.378196	0
107.378196	0
107.39003	0
107.39003	0
107.39003	0
107.39003	0
107.438157	0
107.438157	0
107.45003	0
107.45003	0
107.474096	0
107.48603	0
107.498166	0
107.498166	0
107.498166	0
107.498166	0
107.498166	0
107.498166	0
107.558144	0
107.558144	0
107.558144	0
107.582031	0
107.582031	0
107.582031	0
107.618125	0
107.618125	0
107.618125	0
107.642102	0
107.642102	0
107.642102	0
107.678132	0
107.678132	0
107.678132	0
107.678132	0
107.714095	0
107.726031	0
107.738127	0
107.738127	0
107.738127	0
107.738127	0
107.738127	0
107.738127	0
107.798144	0
107.798144	0
107.810283	0
107.822031	0
107.822031	0
107.846031	0
107.858124	0
107.858124	0
107.858124	0
107.858124	0
107.894113	0
107.894113	0
107.918128	0
107.918128	0
107.918128	0
107.918128	0
107.918128	0
107.966031	0
107.978132	0
107.978132	0
107.978132	0
107.978132	0
107.978132	0
107.978132	0
107.978132	0
107.978132	0
108.038193	0
108.062047	0
108.062047	0
108.086046	0
108.098145	0
108.098145	0
108.098145	0
108.098145	0
108.134117	0
108.134117	0
108.134117	0
108.134117	0
108.158163	0
108.182046	0
108.182046	0
108.182046	0
108.218138	0
108.218138	0
108.230046	0
108.230046	0
108.254121	0
108.254121	0
108.278145	0
108.278145	0
108.278145	0
108.302116	0
108.302116	0
108.302116	0
108.338219	0
108.338219	0
108.338219	0
108.338219	0
108.374113	0
108.386047	0
108.398143	0
108.398143	0
108.398143	0
108.398143	0
108.434179	0
108.434179	0
108.458153	0
108.458153	0
108.47006	0
108.47006	0
108.494111	0
108.494111	0
108.518147	0
108.518147	0
108.518147	0
108.518147	0
108.518147	0
108.518147	0
108.578147	0
108.578147	0
108.578147	0
108.578147	0
108.614113	0
108.626047	0
108.638143	0
108.638143	0
108.638143	0
108.638143	0
108.674112	0
108.686046	0
108.698215	0
108.698215	0
108.710046	0
108.710046	0
108.710046	0
108.710046	0
108.758141	0
108.758141	0
108.758141	0
108.758141	0
108.758141	0
108.758141	0
108.818141	0
108.818141	0
108.818141	0
108.818141	0
108.818141	0
108.818141	0
108.878145	0
108.878145	0
108.878145	0
108.878145	0
108.878145	0
108.878145	0
108.938143	0
108.938143	0
108.938143	0
108.938143	0
108.938143	0
108.938143	0
108.998163	0
108.998163	0
108.998163	0
108.998163	0
109.03411	0
109.03411	0
109.058163	0
109.058178	0
109.058178	0
109.058178	0
109.094195	0
109.106061	0
109.118155	0
109.118155	0
109.118155	0
109.142061	0
109.142061	0
109.166062	0
109.17816	0
109.17816	0
109.17816	0
109.17816	0
109.17816	0
109.17816	0
109.238158	0
109.238158	0
109.25008	0
109.25008	0
109.274139	0
109.286061	0
109.298178	0
109.298178	0
109.298178	0
109.298178	0
109.334133	0
109.334133	0
109.358234	0
109.358234	0
109.370061	0
109.370061	0
109.394154	0
109.394154	0
109.418156	0
109.418156	0
109.418156	0
109.418156	0
109.418156	0
109.418156	0
109.478157	0
109.478157	0
109.478157	0
109.478157	0
109.478157	0
109.478157	0
109.53816	0
109.53816	0
109.550081	0
109.550081	0
109.550081	0
109.586062	0
109.598188	0
109.598188	0
109.598188	0
109.598188	0
109.598188	0
109.646061	0
109.646061	0
109.646061	0
109.646061	0
109.658163	0
109.694126	0
109.694126	0
109.718156	0
109.718156	0
109.718156	0
109.718156	0
109.718156	0
109.718156	0
109.778167	0
109.778167	0
109.790065	0
109.802061	0
109.802061	0
109.802061	0
109.838158	0
109.838158	0
109.838158	0
109.838158	0
109.838158	0
109.838158	0
109.898158	0
109.898158	0
109.898158	0
109.898158	0
109.934134	0
109.934134	0
109.958159	0
109.958159	0
109.958159	0
109.982061	0
109.994132	0
109.994132	0
110.018262	0
110.018262	0
110.018262	0
110.018262	0
110.018262	0
110.018262	0
110.078208	0
110.078208	0
110.078208	0
110.078208	0
110.078208	0
110.078208	0
110.138174	0
110.138174	0
110.138174	0
110.138174	0
110.138174	0
110.138174	0
110.198174	0
110.198174	0
110.210099	0
110.222079	0
110.222079	0
110.222079	0
110.258183	0
110.258183	0
110.270079	0
110.270079	0
110.294143	0
110.294143	0
110.318272	0
110.318272	0
110.318272	0
110.318272	0
110.318272	0
110.366079	0
110.378176	0
110.378176	0
110.39018	0
110.39018	0
110.39018	0
110.39018	0
110.438189	0
110.438189	0
110.438189	0
110.46208	0
110.474145	0
110.486079	0
110.498174	0
110.498174	0
110.498174	0
110.498174	0
110.498174	0
110.546152	0
110.558181	0
110.558181	0
110.558181	0
110.558181	0
110.558181	0
110.558181	0
110.618175	0
110.618175	0
110.618175	0
110.618175	0
110.618175	0
110.618175	0
110.678251	0
110.678251	0
110.678251	0
110.678251	0
110.678251	0
110.72608	0
110.738173	0
110.738173	0
110.738173	0
110.738173	0
110.738173	0
110.786083	0
110.798201	0
110.798201	0
110.798201	0
110.798201	0
110.798201	0
110.798201	0
110.858175	0
110.858175	0
110.858175	0
110.858175	0
110.858175	0
110.90608	0
110.918175	0
110.918175	0
110.918175	0
110.918175	0
110.95415	0
110.95415	0
110.978183	0
110.978183	0
110.978183	0
111.00208	0
111.014144	0
111.014144	0
111.038174	0
111.038174	0
111.038174	0
111.038174	0
111.038189	0
111.086094	0
111.098207	0
111.098207	0
111.098207	0
111.098207	0
111.098207	0
111.098207	0
111.158192	0
111.158192	0
111.158192	0
111.158192	0
111.158192	0
111.158192	0
111.21819	0
111.21819	0
111.21819	0
111.21819	0
111.21819	0
111.266094	0
111.278191	0
111.278191	0
111.290094	0
111.302094	0
111.302094	0
111.326094	0
111.338265	0
111.338265	0
111.338265	0
111.362114	0
111.362114	0
111.386095	0
111.398226	0
111.398226	0
111.398226	0
111.398226	0
111.434158	0
111.434158	0
111.458191	0
111.458191	0
111.458191	0
111.458191	0
111.458191	0
111.458191	0
111.518189	0
111.518189	0
111.518189	0
111.518189	0
111.554163	0
111.566095	0
111.578192	0
111.578192	0
111.578192	0
111.578192	0
111.578192	0
111.626094	0
111.626094	0
111.626094	0
111.626094	0
111.638298	0
111.67416	0
111.67416	0
111.698189	0
111.698189	0
111.698189	0
111.698189	0
111.698189	0
111.698189	0
111.758193	0
111.758193	0
111.758193	0
111.782095	0
111.794165	0
111.806095	0
111.818196	0
111.818196	0
111.818196	0
111.818196	0
111.818196	0
111.818196	0
111.878232	0
111.878232	0
111.878232	0
111.878232	0
111.914161	0
111.926144	0
111.938206	0
111.938206	0
111.938206	0
111.938206	0
111.938206	0
111.986094	0
111.998265	0
111.998265	0
112.010114	0
112.010114	0
112.010114	0
112.010114	0
112.058199	0
112.058199	0
112.070095	0
112.07011	0
112.07011	0
112.07011	0
112.118203	0
112.118203	0
112.118203	0
112.14213	0
112.14213	0
112.14213	0
112.178231	0
112.178231	0
112.178231	0
112.178231	0
112.214173	0
112.22611	0
112.238206	0
112.238206	0
112.238206	0
112.238206	0
112.238206	0
112.238206	0
112.298208	0
112.298208	0
112.310171	0
112.310171	0
112.310171	0
112.310171	0
112.358206	0
112.358206	0
112.370109	0
112.370109	0
112.370109	0
112.370109	0
112.418202	0
112.418202	0
112.418202	0
112.418202	0
112.418202	0
112.46611	0
112.478214	0
112.478214	0
112.478214	0
112.478214	0
112.478214	0
112.478214	0
112.538296	0
112.538296	0
112.538296	0
112.538296	0
112.538296	0
112.538296	0
112.598238	0
112.598238	0
112.598238	0
112.598238	0
112.598238	0
112.598238	0
112.658311	0
112.658311	0
112.658311	0
112.658311	0
112.694192	0
112.694192	0
112.718204	0
112.718204	0
112.718204	0
112.718204	0
112.718204	0
112.766109	0
112.778207	0
112.778207	0
112.778207	0
112.778207	0
112.778207	0
112.778207	0
112.83821	0
112.83821	0
112.83821	0
112.862109	0
112.862109	0
112.862109	0
112.898204	0
112.898204	0
112.898204	0
112.898204	0
112.898204	0
112.946109	0
112.958209	0
112.958209	0
112.958209	0
112.98211	0
112.98211	0
112.98211	0
113.018204	0
113.018204	0
113.018204	0
113.018204	0
113.054269	0
113.066109	0
113.078224	0
113.078239	0
113.078239	0
113.078239	0
113.114188	0
113.114188	0
113.138219	0
113.138219	0
113.138219	0
113.138219	0
113.138219	0
113.138219	0
113.198223	0
113.198223	0
113.210124	0
113.210124	0
113.210124	0
113.210124	0
113.258222	0.91110000026990801
113.258222	0.91110000026990801
113.258222	0.91110000026990801
113.282124	0
113.282124	0
113.282124	0
113.318321	0
113.318321	0
113.318321	0
113.318321	0
113.318321	0
113.318321	0
113.378245	0
113.378245	0
113.378245	0
113.378245	0
113.378245	0
113.378245	0
113.438228	0
113.438228	0
113.45021	0
113.45021	0
113.45021	0
113.45021	0
113.498241	0
113.498241	0
113.498241	0
113.498241	0
113.534195	0
113.546125	0
113.558224	0
113.558224	0
113.558224	0
113.558224	0
113.558224	0
113.558224	0
113.558224	0
113.558224	0
113.558224	0
113.558224	0
113.558224	0
113.618222	0
113.678221	0
113.678221	0
113.678221	0
113.702124	0
113.702124	0
113.726124	0
113.738218	0
113.738218	0
113.738218	0
113.738218	0
113.738218	0
113.786125	0
113.79822	0
113.79822	0
113.79822	0
113.79822	0
113.834188	0
113.846217	0
113.858227	0
113.858227	0
113.858227	0
113.882167	0
113.894191	0
113.906125	0
113.918219	0
113.918219	0
113.918219	0
113.942124	0
113.942124	0
113.966124	0
113.978314	0
113.978314	0
113.990124	0
114.002124	0
114.002124	0
114.026124	0
114.03822	0
114.03822	0
114.050243	0
114.050243	0
114.050243	0
114.050243	0
114.098247	0
114.098247	0
114.110247	0
114.110247	0
114.110247	0
114.110247	0
114.158252	0
114.158252	0
114.158252	0
114.158252	0
114.158252	0
114.206139	0
114.218235	0
114.218235	0
114.218235	0
114.218235	0
114.218235	0
114.266138	0
114.278326	0
114.278326	0
114.278326	0
114.278326	0
114.278326	0
114.278326	0
114.338239	0
114.338239	0
114.338239	0
114.338239	0
114.338239	0
114.338239	0
114.398232	0
114.398232	0
114.398232	0
114.398232	0
114.434206	0
114.446139	0
114.458259	0
114.458259	0
114.458259	0
114.458259	0
114.494202	0
114.494202	0
114.518251	0
114.518251	0
114.530138	0
114.530138	0
114.530138	0
114.530138	0
114.578238	0
114.578238	0
114.578238	0
114.578238	0
114.578238	0
114.578238	0
114.638316	0
114.638316	0
114.638316	0
114.638316	0
114.638316	0
114.638316	0
114.698233	0
114.698233	0
114.698233	0
114.698233	0
114.734209	0
114.746138	0
114.758239	0
114.758239	0
114.770227	0
114.770227	0
114.770227	0
114.806141	0
114.806141	0
114.806141	0
114.806141	0
114.806141	0
114.806141	0
114.818233	0
114.878238	0
114.878238	0
114.878238	0
114.878238	0
114.878238	0
114.878238	0
114.938236	0
114.938236	0
114.938236	0
114.938236	0
114.938236	0
114.986139	0
114.998237	0
114.998237	0
114.998237	0
114.998237	0
114.998237	0
114.998237	0
114.998237	0
114.998237	0
115.058257	0
115.082139	0
115.082155	0
115.106154	0
115.106154	0
115.106154	0
115.106154	0
115.106154	0
115.106154	0
115.118254	0
115.178288	0
115.178288	0
115.178288	0
115.178288	0
115.214227	0
115.226155	0
115.23825	0
115.23825	0
115.250154	0
115.250154	0
115.250154	0
115.250154	0
115.298341	0
115.298341	0
115.298341	0
115.298341	0
115.334228	0
115.334228	0
115.358256	0
115.358256	0
115.358256	0
115.382155	0
115.382155	0
115.406154	0
115.418247	0
115.418247	0
115.418247	0
115.418247	0
115.454232	0
115.454232	0
115.478262	0
115.478262	0
115.478262	0
115.478262	0
115.478262	0
115.478262	0
115.538272	0
115.538272	0
115.538272	0
115.538272	0
115.574234	0
115.574234	0
115.598252	0
115.598252	0
115.610154	0
115.622155	0
115.634219	0
115.634219	0
115.658252	0
115.658252	0
115.670176	0
115.682154	0
115.682154	0
115.682154	0
115.718269	0
115.718269	0
115.718269	0
115.718269	0
115.718269	0
115.718269	0
115.778255	0
115.778255	0
115.778255	0
115.802175	0
115.802175	0
115.802175	0
115.83825	0
115.83825	0
115.83825	0
115.83825	0
115.874225	0
115.886154	0
115.898247	0
115.898247	0
115.898247	0
115.898247	0
115.898247	0
115.898247	0
115.958348	0
115.958348	0
115.958348	0
115.958348	0
115.958348	0
115.958348	0
116.01825	0
116.01825	0
116.01825	0
116.01825	0
116.01825	0
116.01825	0
116.078253	0
116.078253	0
116.090227	0
116.10217	0
116.10217	0
116.10217	0
116.138282	0
116.138282	0
116.138282	0
116.16217	0
116.174234	0
116.186171	0
116.198283	0
116.198283	0
116.210171	0
116.210171	0
116.210171	0
116.24617	0
116.25831	0
116.25831	0
116.25831	0
116.25831	0
116.294234	0
116.294234	0
116.318283	0
116.318283	0
116.33019	0
116.33019	0
116.33019	0
116.33019	0
116.378274	0
116.378274	0
116.378274	0
116.402188	0
116.414236	0
116.426171	0
116.438266	0
116.438266	0
116.438266	0
116.438266	0
116.438266	0
116.486255	0
116.498268	0
116.498268	0
116.498268	0
116.522174	0
116.522174	0
116.522174	0
116.558267	0
116.558267	0
116.558267	0
116.558267	0
116.594252	0
116.594252	0
116.618344	0
116.618344	0
116.63017	0
116.63017	0
116.63017	0
116.66617	0
116.678275	0
116.678275	0
116.678275	0
116.678275	0
116.714236	0
116.714236	0
116.738264	0
116.738264	0
116.738264	0
116.738264	0
116.738264	0
116.738264	0
116.798264	0
116.798264	0
116.798264	0
116.798264	0
116.798264	0
116.798264	0
116.85831	0
116.85831	0
116.85831	0
116.85831	0
116.85831	0
116.85831	0
116.918268	0
116.918268	0
116.918268	0
116.918268	0
116.954238	0
116.954238	0
116.978269	0
116.978269	0
116.978269	0
117.00217	0
117.014301	0
117.02617	0
117.038283	0
117.038283	0
117.038283	0
117.06217	0
117.06217	0
117.06217	0
117.09828	0
117.098296	0
117.098296	0
117.098296	0
117.098296	0
117.098296	0
117.158285	0
117.158285	0
117.170186	0
117.18219	0
117.18219	0
117.206187	0
117.218283	0
117.218283	0
117.218283	0
117.218283	0
117.218283	0
117.266186	0
117.27836	0
117.27836	0
117.27836	0
117.302186	0
117.302186	0
117.302186	0
117.338281	0
117.338281	0
117.338281	0
117.338281	0
117.338281	0
117.338281	0
117.398287	0
117.398287	0
117.398287	0
117.422186	0
117.422186	0
117.422186	0
117.458283	0
117.458283	0
117.458283	0
117.458283	0
117.494255	0
117.494255	0
117.51828	0
117.51828	0
117.51828	0
117.51828	0
117.51828	0
117.566186	0
117.566186	0
117.566186	0
117.578288	0
117.602187	0
117.614269	0
117.626186	0
117.638311	0
117.638311	0
117.650186	0
117.650186	0
117.650186	0
117.650186	0
117.698281	0
117.698281	0
117.698281	0
117.722186	0
117.722186	0
117.746207	0
117.758319	0
117.758319	0
117.758319	0
117.758319	0
117.758319	0
117.806257	0
117.818282	0
117.818282	0
117.818282	0
117.818282	0
117.818282	0
117.818282	0
117.878305	0
117.878305	0
117.878305	0
117.902187	0
117.902187	0
117.902187	0
117.938348	0
117.938348	0
117.938348	0
117.938348	0
117.974254	0
117.986186	0
117.998283	0
117.998283	0
117.998283	0
117.998283	0
117.998283	0
117.998283	0
118.058299	0
118.058299	0
118.058299	0
118.058299	0
118.058299	0
118.058299	0
118.118304	0
118.118304	0
118.130201	0
118.130201	0
118.130201	0
118.130201	0
118.178316	0
118.178316	0
118.190201	0
118.202271	0
118.214266	0
118.214266	0
118.238393	0
118.238393	0
118.238393	0
118.262201	0
118.262201	0
118.286202	0
118.298301	0
118.298301	0
118.298301	0
118.298301	0
118.33434	0
118.346201	0
118.358299	0
118.358299	0
118.358299	0
118.382201	0
118.382201	0
118.406221	0
118.418294	0
118.418294	0
118.430201	0
118.442201	0
118.454294	0
118.454294	0
118.478302	0
118.478302	0
118.490201	0
118.502204	0
118.514265	0
118.526201	0
118.538337	0
118.538337	0
118.538337	0
118.538337	0
118.538337	0
118.538337	0
118.598365	0
118.598365	0
118.598365	0
118.598365	0
118.598365	0
118.598365	0
118.658306	0
118.658306	0
118.658306	0
118.658306	0
118.658306	0
118.706202	0
118.718315	0
118.718315	0
118.718315	0
118.718315	0
118.754271	0
118.754271	0
118.754271	0
118.754271	0
118.754271	0
118.754271	0
118.754271	0
118.778298	0
118.838294	0
118.838294	0
118.838294	0
118.838294	0
118.838294	0
118.838294	0
118.898299	0
118.898299	0
118.910201	0
118.910201	0
118.910201	0
118.946201	0
118.958301	0
118.958301	0
118.958301	0
118.958301	0
118.958301	0
118.958301	0
119.018299	0
119.018299	0
119.018299	0
119.018299	0
119.054276	0
119.066233	0
119.0783	0
119.0783	0
119.0783	0
119.102201	0
119.114305	0
119.126296	0
119.138315	0
119.138315	0
119.138315	0
119.138315	0
119.174283	0
119.174283	0
119.198331	0
119.198331	0
119.198331	0
119.222219	0
119.222219	0
119.222219	0
119.258432	0
119.258432	0
119.270219	0
119.282219	0
119.282219	0
119.30622	0
119.318332	0
119.318332	0
119.318332	0
119.318332	0
119.354287	0
119.354287	0
119.378319	0
119.378319	0
119.378319	0
119.378319	0
119.378319	0
119.378319	0
119.438313	0
119.438313	0
119.450242	0
119.462239	0
119.462239	0
119.486219	0
119.498313	0
119.498313	0
119.498313	0
119.498313	0
119.498313	0
119.498313	0
119.558374	0
119.558374	0
119.558374	0
119.558374	0
119.558374	0
119.558374	0
119.618313	0
119.618313	0
119.618313	0
119.618313	0
119.618313	0
119.618313	0
119.678338	0
119.678338	0
119.690242	0
119.702219	0
119.714285	0
119.714285	0
119.738314	0
119.738314	0
119.738314	0
119.738314	0
119.738314	0
119.786291	0
119.798336	0
119.798336	0
119.798336	0
119.798336	0
119.798336	0
119.798336	0
119.858319	0
119.858319	0
119.858319	0
119.858319	0
119.858319	0
119.858319	0
119.918413	0
119.918413	0
119.918413	0
119.918413	0
119.918413	0
119.966219	0
119.978314	0
119.978314	0
119.978314	0
119.978314	0
119.978314	0
119.978314	0
120.038335	0
120.038335	0
120.038335	0
120.062226	0
120.062226	0
120.062226	0
120.062226	0
120.062242	0
120.062242	0
120.098312	0
120.134307	0
120.134307	0
120.158332	0
120.158332	0
120.158332	0
120.158332	0
120.194311	0
120.194311	0
120.21839	0
120.21839	0
120.21839	0
120.21839	0
120.21839	0
120.21839	0
120.21839	0
120.21839	0
120.21839	0
120.278333	0
120.314367	0
120.314367	0
120.338362	0
120.338362	0
120.338362	0
120.362235	0
120.362235	0
120.386235	0
120.398328	0
120.398328	0
120.398328	0
120.398328	0
120.398328	0
120.44631	0
120.458335	0
120.458335	0
120.458335	0
120.458335	0
120.458335	0
120.506235	0
120.518346	0
120.518346	0
120.518346	0
120.542235	0
120.542235	0
120.542235	0
120.578403	0
120.578403	0
120.578403	0
120.578403	0
120.578403	0
120.626236	0
120.638334	0
120.638334	0
120.638334	0
120.638334	0
120.638334	0
120.638334	0
120.69833	0
120.69833	0
120.69833	0
120.69833	0
120.69833	0
120.69833	0
120.758331	0
120.758331	0
120.758331	0
120.758331	0
120.758331	0
120.806235	0
120.818328	0
120.818328	0
120.818328	0
120.818328	0
120.818328	0
120.818328	0
120.878435	0
120.878435	0
120.878435	0
120.878435	0
120.878435	0
120.926235	0
120.938337	0
120.938337	0
120.938337	0
120.938337	0
120.938337	0
120.938337	0
120.998331	0
120.998331	0
120.998331	0
121.022235	0
121.022235	0
121.022235	0
121.058343	0
121.058343	0
121.070235	0
121.070235	0
121.094296	0
121.094296	0
121.118353	0
121.118369	0
121.118369	0
121.118369	0
121.154318	0
121.166251	0
121.178367	0
121.178367	0
121.178367	0
121.178367	0
121.178367	0
121.178367	0
121.238414	0
121.238414	0
121.250251	0
121.250251	0
121.250251	0
121.286251	0
121.298362	0
121.298362	0
121.298362	0
121.322251	0
121.322251	0
121.346251	0
121.358347	0
121.358347	0
121.358347	0
121.358347	0
121.394323	0
121.394323	0
121.41835	0
121.41835	0
121.430251	0
121.430251	0
121.430251	0
121.430251	0
121.478352	0
121.478352	0
121.478352	0
121.478352	0
121.478352	0
121.478352	0
121.538349	0
121.538349	0
121.550251	0
121.550251	0
121.574316	0
121.574316	0
121.598345	0
121.598345	0
121.598345	0
121.598345	0
121.598345	0
121.598345	0
121.658369	0
121.658369	0
121.670254	0
121.670254	0
121.670254	0
121.670254	0
121.718344	0
121.718344	0
121.718344	0
121.718344	0
121.718344	0
121.718344	0
121.778349	0
121.778349	0
121.778349	0
121.802331	0
121.814318	0
121.814318	0
121.838353	0
121.838353	0
121.838353	0
121.838353	0
121.838353	0
121.838353	0
121.898422	0
121.898422	0
121.898422	0
121.898422	0
121.898422	0
121.898422	0
121.958357	0
121.958357	0
121.970303	0
121.982251	0
121.982251	0
122.006251	0
122.018346	0
122.018346	0
122.018346	0
122.042251	0
122.042251	0
122.042251	0
122.042251	0
122.042251	0
122.042251	0
122.042251	0
122.042251	0
122.078348	0
122.138434	0
122.138434	0
122.138434	0
122.138434	0
122.138434	0
122.186287	0
122.19837	0
122.19837	0
122.19837	0
122.19837	0
122.234331	0
122.246267	0
122.258382	0
122.258382	0
122.258382	0
122.258382	0
122.258382	0
122.306267	0
122.318403	0
122.318403	0
122.318403	0
122.318403	0
122.318403	0
122.318403	0
122.318403	0
122.318403	0
122.318403	0
122.318403	0
122.318403	0
122.378364	0
122.438364	0
122.438364	0
122.438364	0
122.438364	0
122.47434	0
122.486268	0
122.498359	0
122.498359	0
122.498359	0
122.498359	0
122.498359	0
122.498359	0
122.558441	0
122.558441	0
122.558441	0
122.558441	0
122.594344	0
122.594344	0
122.618382	0
122.618382	0
122.618382	0
122.618382	0
122.618382	0
122.618382	0
122.678364	0
122.678364	0
122.678364	0
122.678364	0
122.678364	0
122.678364	0
122.738367	0
122.738367	0
122.750267	0
122.750267	0
122.750267	0
122.750267	0
122.798364	0
122.798364	0
122.798364	0
122.798364	0
122.798364	0
122.798364	0
122.858368	0
122.858368	0
122.870379	0
122.870379	0
122.870379	0
122.870379	0
122.91836	0
122.91836	0
122.91836	0
122.91836	0
122.91836	0
122.966267	0
122.978379	0
122.978379	0
122.978379	0
122.978379	0
122.978379	0
122.978379	0
123.038363	0
123.038363	0
123.038363	0
123.038363	0
123.038363	0
123.038363	0
123.098364	0
123.098364	0
123.098364	0
123.098364	0
123.134377	0
123.146284	0
123.158382	0
123.158382	0
123.158382	0
123.158382	0
123.194359	0
123.206284	0
123.218467	0
123.218467	0
123.230284	0
123.230284	0
123.230284	0
123.266284	0
123.278383	0
123.278383	0
123.278383	0
123.278383	0
123.314348	0
123.326284	0
123.338379	0
123.338379	0
123.338379	0
123.338379	0
123.338379	0
123.338379	0
123.398377	0
123.398377	0
123.398377	0
123.422284	0
123.434366	0
123.446285	0
123.45838	0
123.45838	0
123.45838	0
123.45838	0
123.45838	0
123.45838	0
123.45838	0
123.45838	0
123.45838	0
123.45838	0
123.45838	0
123.518422	0
123.578379	0
123.578379	0
123.578379	0
123.602284	0
123.614439	0
123.626283	0
123.638383	0
123.638383	0
123.650288	0
123.662284	0
123.674356	0
123.674356	0
123.698402	0
123.698402	0
123.698402	0
123.698402	0
123.734356	0
123.734356	0
123.758387	0
123.758387	0
123.758387	0
123.758387	0
123.758387	0
123.758387	0
123.818398	0
123.818398	0
123.818398	0
123.842284	0
123.842284	0
123.866284	0
123.878481	0
123.878481	0
123.890284	0
123.890284	0
123.890284	0
123.926303	0
123.93838	0
123.93838	0
123.93838	0
123.93838	0
123.93838	0
123.986284	0
123.998381	0
123.998381	0
123.998381	0
124.022284	0
124.034348	0
124.034348	0
124.034348	0
124.034348	0
124.034348	0
124.034348	0
124.034348	0
124.058388	0
124.11838	0
124.11838	0
124.142394	0
124.142394	0
124.154375	0
124.154375	0
124.178421	0
124.178421	0
124.178421	0
124.178421	0
124.178421	0
124.226307	0
124.238406	0
124.238406	0
124.238406	0
124.238406	0
124.238406	0
124.238406	0
124.238406	0
124.238406	0
124.238406	0
124.238406	0
124.238406	0
124.298399	0
124.358421	0
124.358421	0
124.358421	0
124.358421	0
124.358421	0
124.358421	0
124.358421	0
124.358421	0
124.358421	0
124.358421	0
124.418402	0
124.466307	0
124.478407	0
124.478407	0
124.490307	0
124.490307	0
124.490307	0
124.490307	0
124.538469	0
124.538469	0
124.538469	0
124.538469	0
124.574373	0
124.586305	0
124.598402	0
124.598402	0
124.610307	0
124.610307	0
124.610307	0
124.610307	0
124.658422	0
124.658422	0
124.658422	0
124.658422	0
124.658422	0
124.658422	0
124.658422	0
124.658422	0
124.658422	0
124.718399	0
124.754376	0
124.766307	0
124.778402	0
124.778402	0
124.778402	0
124.778402	0
124.814372	0
124.826306	0
124.826306	0
124.826306	0
124.838477	0
124.862306	0
124.862306	0
124.886306	0
124.886306	0
124.886306	0
124.886306	0
124.886306	0
124.886306	0
124.898401	0
124.958404	0
124.958404	0
124.97031	0
124.97031	0
124.994378	0
125.006307	0
125.0184	0
125.0184	0
125.0184	0
125.0184	0
125.0184	0
125.066378	0
125.078418	0
125.078418	0
125.078418	0
125.078418	0
125.078418	0
125.126306	0
125.1384	0
125.150324	0
125.150324	0
125.150324	0
125.150324	0
125.150324	0
125.198506	0
125.198506	0
125.210324	0
125.210324	0
125.210324	0
125.246325	0
125.258431	0
125.258431	0
125.258431	0
125.258431	0
125.258431	0
125.306324	0
125.318469	0
125.318469	0
125.318469	0
125.318469	0
125.318469	0
125.318469	0
125.318469	0
125.37844	0
125.390325	0
125.390325	0
125.390325	0
125.390325	0
125.438505	0
125.438505	0
125.438505	0
125.462395	0
125.462395	0
125.462395	0
125.498427	0
125.498427	0
125.498427	0
125.498427	0
125.498427	0
125.498427	0
125.558424	0
125.558424	0
125.558424	0
125.558424	0
125.558424	0
125.558424	0
125.618419	0
125.618419	0
125.618419	0
125.642325	0
125.6544	0
125.6544	0
125.678421	0
125.678421	0
125.690324	0
125.690324	0
125.690324	0
125.726399	0
125.738422	0
125.738422	0
125.738422	0
125.738422	0
125.738422	0
125.738422	0
125.798418	0
125.798418	0
125.798418	0
125.822323	0
125.822323	0
125.822323	0
125.858492	0
125.858492	0
125.858492	0
125.858492	0
125.858492	0
125.858492	0
125.918421	0
125.918421	0
125.918421	0
125.918421	0
125.918421	0
125.966323	0
125.978437	0
125.978437	0
125.990394	0
125.990394	0
125.990394	0
125.990394	0
126.038427	0
126.038427	0
126.050324	0
126.062324	0
126.062324	0
126.086324	0
126.098418	0
126.098418	0
126.098418	0
126.122394	0
126.122394	0
126.122394	0
126.158508	0
126.158508	0
126.158508	0
126.158508	0
126.158508	0
126.158508	0
126.218437	0
126.218437	0
126.218437	0
126.218437	0
126.254492	0
126.26634	0
126.278454	0
126.278454	0
126.278454	0
126.278454	0
126.278454	0
126.278454	0
126.338435	0
126.338435	0
126.338435	0
126.338435	0
126.338435	0
126.338435	0
126.398438	0
126.398438	0
126.41034	0
126.422435	0
126.434407	0
126.434407	0
126.458464	0
126.458464	0
126.458464	0
126.458464	0
126.494404	0
126.50634	0
126.518518	0
126.518518	0
126.518518	0
126.518518	0
126.518518	0
126.56634	0
126.56634	0
126.578459	0
126.590539	0
126.590539	0
126.590539	0
126.590539	0
126.638438	0
126.638438	0
126.638438	0
126.638438	0
126.638438	0
126.638438	0
126.698444	0
126.698444	0
126.698444	0
126.698444	0
126.698444	0
126.698444	0
126.758444	0
126.758444	0
126.758444	0
126.758444	0
126.758444	0
126.758444	0
126.818438	0
126.818438	0
126.818438	0
126.818438	0
126.818438	0
126.86634	0
126.878464	0
126.878464	0
126.878464	0
126.878464	0
126.878464	0
126.878464	0
126.938435	0
126.938435	0
126.938435	0
126.938435	0
126.974405	0
126.974405	0
126.99844	0
126.99844	0
126.99844	0
126.99844	0
126.99844	0
126.99844	0
127.05844	0
127.05844	0
127.07034	0
127.082428	0
127.094407	0
127.094407	0
127.118434	0
127.118434	0
127.118434	0
127.118434	0
127.154409	0
127.166355	0
127.178527	0
127.178527	0
127.178527	0
127.202354	0
127.202354	0
127.202354	0
127.238464	0
127.238464	0
127.238464	0
127.238464	0
127.238464	0
127.238464	0
127.29845	0
127.29845	0
127.29845	0
127.29845	0
127.29845	0
127.346359	0
127.35846	0
127.35846	0
127.35846	0
127.35846	0
127.35846	0
127.35846	0
127.418469	0
127.418469	0
127.418469	0
127.418469	0
127.418469	0
127.418469	0
127.418469	0
127.418469	0
127.418469	0
127.418469	0
127.418469	0
127.478455	0
127.53845	0
127.53845	0
127.53845	0
127.53845	0
127.53845	0
127.586393	0
127.59845	0
127.59845	0
127.59845	0
127.59845	0
127.59845	0
127.646355	0
127.658474	0
127.658474	0
127.670356	0
127.670356	0
127.670356	0
127.706427	0
127.718451	0
127.718451	0
127.718451	0
127.718451	0
127.754441	0
127.754441	0
127.778479	0
127.778479	0
127.778479	0
127.802356	0
127.802356	0
127.802356	0
127.838526	0
127.838526	0
127.838526	0
127.862356	0
127.862356	0
127.886357	0
127.898455	0
127.898455	0
127.898455	0
127.898455	0
127.934427	0
127.934427	0
127.958454	0
127.958454	0
127.958454	0
127.958454	0
127.958454	0
127.958454	0
128.018449	0
128.018449	0
128.018449	0
128.018449	0
128.018449	0
128.066361	0
128.078452	0
128.078452	0
128.078452	0
128.078452	0
128.078452	0
128.078452	0
128.078452	0
128.078452	0
128.078469	0
128.138454	0
128.174438	0
128.174438	0
128.198469	0
128.198469	0
128.210373	0
128.210373	0
128.210373	0
128.210373	0
128.25847	0
128.25847	0
128.27049	0
128.282374	0
128.282374	0
128.282374	0
128.318507	0
128.318507	0
128.318507	0
128.318507	0
128.318507	0
128.318507	0
128.37847	0
128.37847	0
128.37847	0
128.37847	0
128.414439	0
128.414439	0
128.438468	0
128.438468	0
128.438468	0
128.462373	0
128.474446	0
128.486373	0
128.498556	0
128.498556	0
128.510373	0
128.510373	0
128.510373	0
128.546373	0
128.558472	0
128.558472	0
128.558472	0
128.582373	0
128.582373	0
128.582373	0
128.618468	0
128.618468	0
128.618468	0
128.618468	0
128.618468	0
128.618468	0
128.678468	0
128.678468	0
128.678468	0
128.678468	0
128.678468	0
128.726406	0
128.73847	0
128.73847	0
128.73847	0
128.73847	0
128.77446	0
128.786373	0
128.798475	0
128.798475	0
128.798475	0
128.822373	0
128.834438	0
128.846374	0
128.858486	0
128.858486	0
128.858486	0
128.882373	0
128.894507	0
128.906372	0
128.918466	0
128.918466	0
128.930376	0
128.930376	0
128.930376	0
128.930376	0
128.978469	0
128.978469	0
128.978469	0
128.978469	0
129.014437	0
129.014437	0
129.038494	0
129.038494	0
129.038494	0
129.038494	0
129.074448	0
129.086373	0
129.098469	0
129.098469	0
129.098469	0
129.098469	0
129.098469	0
129.098469	0
129.158538	0
129.158555	0
129.158555	0
129.158555	0
129.194471	0
129.20639	0
129.218489	0
129.218489	0
129.218489	0
129.242397	0
129.242397	0
129.242397	0
129.278512	0
129.278512	0
129.278512	0
129.278512	0
129.278512	0
129.278512	0
129.338483	0
129.338483	0
129.35039	0
129.36239	0
129.36239	0
129.386411	0
129.398485	0
129.398485	0
129.398485	0
129.42246	0
129.434457	0
129.434457	0
129.45853	0
129.45853	0
129.45853	0
129.45853	0
129.45853	0
129.45853	0
129.518486	0
129.518486	0
129.518486	0
129.518486	0
129.518486	0
129.56639	0
129.578486	0
129.578486	0
129.578486	0
129.578486	0
129.578486	0
129.62639	0
129.638483	0
129.638483	0
129.638483	0
129.638483	0
129.638483	0
129.638483	0
129.698486	0
129.698486	0
129.698486	0
129.698486	0
129.73448	0
129.74639	0
129.758485	0
129.758485	0
129.758485	0
129.758485	0
129.758485	0
129.80639	0
129.818563	0
129.818563	0
129.818563	0
129.818563	0
129.818563	0
129.818563	0
129.878486	0
129.878486	0
129.89039	0
129.89039	0
129.89039	0
129.89039	0
129.938484	0
129.938484	0
129.938484	0
129.938484	0
129.938484	0
129.938484	0
129.998541	0
129.998541	0
129.998541	0
129.998541	0
129.998541	0
130.04639	0
130.058497	0
130.058497	0
130.058497	0
130.058497	0
130.094455	0
130.094455	0
130.118487	0
130.118487	0
130.13046	0
130.14239	0
130.154459	0
130.154459	0
130.17851	0
130.17851	0
130.190407	0
130.190407	0
130.190407	0
130.226407	0
130.23851	0
130.23851	0
130.23851	0
130.23851	0
130.23851	0
130.286406	0
130.298504	0
130.298504	0
130.298504	0
130.298504	0
130.298504	0
130.346478	0
130.358529	0
130.358529	0
130.370802	0
130.370802	0
130.370802	0
130.370802	0
130.418501	0
130.418501	0
130.418501	0
130.418501	0
130.454482	0
130.466407	0
130.478579	0
130.478579	0
130.478579	0
130.502407	0
130.502407	0
130.526427	0
130.538501	0
130.538501	0
130.538501	0
130.538501	0
130.538501	0
130.538501	0
130.5985	0
130.5985	0
130.5985	0
130.5985	0
130.5985	0
130.64641	0
130.658523	0
130.658523	0
130.658523	0
130.658523	0
130.658523	0
130.706407	0
130.718502	0
130.718502	0
130.718502	0
130.718502	0
130.718502	0
130.718502	0
130.7786	0
130.7786	0
130.7786	0
130.7786	0
130.7786	0
130.826407	0
130.838503	0
130.838503	0
130.838503	0
130.838503	0
130.838503	0
130.886407	0
130.898504	0
130.898504	0
130.898504	0
130.922427	0
130.934481	0
130.934481	0
130.958501	0
130.958501	0
130.958501	0
130.958501	0
130.958501	0
131.006479	0
131.018505	0
131.018505	0
131.018505	0
131.018505	0
131.018505	0
131.018505	0
131.078526	0
131.078526	0
131.078526	0
131.078526	0
131.114471	0
131.114471	0
131.13857	0
131.13857	0
131.150407	0
131.162407	0
131.174567	0
131.186445	0
131.198521	0
131.198521	0
131.198521	0
131.222425	0
131.222425	0
131.246425	0
131.258526	0
131.258526	0
131.258526	0
131.258526	0
131.258526	0
131.258526	0
131.318568	0
131.318568	0
131.318568	0
131.318568	0
131.318568	0
131.318568	0
131.378521	0
131.378521	0
131.378521	0
131.378521	0
131.378521	0
131.378521	0
131.438522	0
131.438522	0
131.438522	0
131.438522	0
131.438522	0
131.486425	0
131.498525	0
131.498525	0
131.498525	0
131.498525	0
131.498525	0
131.498525	0
131.558524	0
131.558524	0
131.558524	0
131.558524	0
131.594498	0
131.606425	0
131.618551	0
131.618551	0
131.618551	0
131.618551	0
131.618551	0
131.618551	0
131.678522	0
131.678522	0
131.678522	0
131.678522	0
131.678522	0
131.678522	0
131.738521	0
131.738521	0
131.738521	0
131.738521	0
131.738521	0
131.738521	0
131.798587	0
131.798587	0
131.798587	0
131.798587	0
131.798587	0
131.846425	0
131.858542	0
131.858542	0
131.858542	0
131.858542	0
131.858542	0
131.858542	0
131.918519	0
131.918519	0
131.918519	0
131.918519	0
131.918519	0
131.918519	0
131.978522	0
131.978522	0
131.990426	0
132.002425	0
132.002425	0
132.002425	0
132.038519	0
132.038519	0
132.038519	0
132.038519	0
132.038519	0
132.038519	0
132.098542	0
132.098542	0
132.098542	0
132.098542	0
132.098542	0
132.146426	0
132.158553	0
132.158553	0
132.158569	0
132.158569	0
132.158569	0
132.206441	0
132.218534	0
132.218534	0
132.218534	0
132.218534	0
132.25451	0
132.25451	0
132.278535	0
132.278535	0
132.278535	0
132.278535	0
132.278535	0
132.278535	0
132.338546	0
132.338546	0
132.338546	0
132.338546	0
132.338546	0
132.338546	0
132.398538	0
132.398538	0
132.398538	0
132.398538	0
132.398538	0
132.398538	0
132.458616	0
132.458616	0
132.458616	0
132.458616	0
132.458616	0
132.506441	0
132.518547	0
132.518547	0
132.518547	0
132.542441	0
132.542441	0
132.542441	0
132.542441	0
132.542441	0
132.542441	0
132.542441	0
132.542441	0
132.57857	0
132.638549	0
132.638549	0
132.638549	0
132.638549	0
132.638549	0
132.638549	0
132.698536	0
132.698536	0
132.698536	0
132.722518	0
132.722518	0
132.746461	0
132.758543	0
132.758543	0
132.770441	0
132.782442	0
132.782442	0
132.782442	0
132.818536	0
132.818536	0
132.830441	0
132.830441	0
132.854577	0
132.866441	0
132.878556	0
132.878556	0
132.878556	0
132.878556	0
132.878556	0
132.878556	0
132.93856	0
132.93856	0
132.93856	0
132.93856	0
132.93856	0
132.93856	0
132.998538	0
132.998538	0
132.998538	0
133.022444	0
133.034508	0
133.046441	0
133.05854	0
133.05854	0
133.05854	0
133.05854	0
133.05854	0
133.106441	0
133.118611	0
133.118611	0
133.130441	0
133.130441	0
133.130441	0
133.130441	0
133.178537	0
133.178555	0
133.178555	0
133.178555	0
133.178555	0
133.226467	0
133.238554	0
133.238554	0
133.238554	0
133.238554	0
133.238554	0
133.238554	0
133.298555	0
133.298555	0
133.298555	0
133.298555	0
133.298555	0
133.34646	0
133.358563	0
133.358563	0
133.358563	0
133.358563	0
133.358563	0
133.358563	0
133.418595	0
133.418595	0
133.418595	0
133.418595	0
133.418595	0
133.418595	0
133.478556	0
133.478556	0
133.478556	0
133.478556	0
133.478556	0
133.478556	0
133.538552	0
133.538552	0
133.538552	0
133.562459	0
133.574524	0
133.586459	0
133.598561	0
133.598561	0
133.598561	0
133.598561	0
133.598561	0
133.646532	0
133.658576	0
133.658576	0
133.658576	0
133.658576	0
133.658576	0
133.658576	0
133.658576	0
133.658576	0
133.658576	0
133.658576	0
133.658576	0
133.718552	0
133.778624	0
133.778624	0
133.778624	0
133.802459	0
133.802459	0
133.826479	0
133.838552	0
133.838552	0
133.838552	0
133.838552	0
133.838552	0
133.838552	0
133.898554	0
133.898554	0
133.898554	0
133.922459	0
133.934533	0
133.934533	0
133.958557	0
133.958557	0
133.970477	0
133.982459	0
133.982459	0
134.006458	0
134.018553	0
134.018553	0
134.018553	0
134.018553	0
134.054528	0
134.066459	0
134.078656	0
134.078656	0
134.078656	0
134.078656	0
134.078656	0
134.078656	0
134.138554	0
134.138554	0
134.138554	0
134.138554	0
134.138554	0
134.138571	0
134.198579	0
134.198579	0
134.198579	0
134.222522	0
134.234541	0
134.234541	0
134.258574	0
134.258574	0
134.258574	0
134.258574	0
134.258574	0
134.258574	0
134.318606	0
134.318606	0
134.330476	0
134.330476	0
134.330476	0
134.366476	0
134.37858	0
134.37858	0
134.37858	0
134.37858	0
134.37858	0
134.37858	0
134.438728	0
134.438728	0
134.438728	0
134.438728	0
134.438728	0
134.438728	0
134.498571	0
134.498571	0
134.498571	0
134.498571	0
134.534548	0
134.546476	0
134.558593	0
134.558593	0
134.558593	0
134.558593	0
134.558593	0
134.606479	0
134.606479	0
134.606479	0
134.606479	0
134.606479	0
134.606479	0
134.606479	0
134.618577	0
134.678573	0
134.690498	0
134.690498	0
134.690498	0
134.690498	0
134.738573	0
134.738573	0
134.750476	0
134.750476	0
134.774541	0
134.786476	0
134.798572	0
134.798572	0
134.810476	0
134.810476	0
134.810476	0
134.846476	0
134.846476	0
134.846476	0
134.858574	0
134.882476	0
134.882476	0
134.882476	0
134.918571	0
134.918571	0
134.918571	0
134.918571	0
134.918571	0
134.918571	0
134.978576	0
134.978576	0
134.978576	0
134.978576	0
134.978576	0
134.978576	0
135.038592	0
135.038592	0
135.038592	0
135.038592	0
135.074546	0
135.086497	0
135.098644	0
135.098644	0
135.098644	0
135.098644	0
135.098644	0
135.098644	0
135.158612	0
135.158612	0
135.158612	0
135.158612	0
135.194567	0
135.206494	0
135.218629	0
135.218629	0
135.218629	0
135.218629	0
135.218629	0
135.218629	0
135.27859	0
135.27859	0
135.27859	0
135.27859	0
135.314566	0
135.326494	0
135.338596	0
135.338596	0
135.338596	0
135.338596	0
135.338596	0
135.338596	0
135.398631	0
135.398631	0
135.398631	0
135.398631	0
135.398631	0
135.398631	0
135.398631	0
135.398631	0
135.398631	0
135.398631	0
135.398631	0
135.458593	0
135.518607	0
135.518607	0
135.518607	0
135.518607	0
135.554563	0
135.566494	0
135.578589	0
135.578589	0
135.578589	0
135.578589	0
135.578589	0
135.626574	0
135.638599	0
135.638599	0
135.650501	0
135.650501	0
135.650501	0
135.686494	0
135.698588	0
135.698588	0
135.698588	0
135.698588	0
135.698588	0
135.698588	0
135.758668	0
135.758668	0
135.770494	0
135.782494	0
135.782494	0
135.782494	0
135.818588	0
135.818588	0
135.818588	0
135.842494	0
135.842494	0
135.866515	0
135.878598	0
135.878598	0
135.878598	0
135.902494	0
135.902494	0
135.926497	0
135.938589	0
135.938589	0
135.938589	0
135.938589	0
135.974558	0
135.974558	0
135.998606	0
135.998606	0
135.998606	0
135.998606	0
135.998606	0
135.998606	0
136.058596	0
136.058596	0
136.070493	0
136.070493	0
136.070493	0
136.070493	0
136.118589	0
136.118589	0
136.118589	0
136.118589	0
136.118589	0
136.118589	0
136.178588	0
136.178588	0
136.178605	0
136.202511	0
136.214576	0
136.226511	0
136.238607	0
136.238607	0
136.238607	0
136.238607	0
136.238607	0
136.238607	0
136.238607	0
136.299167	0
136.299167	0
136.299167	0
136.299167	0
136.299167	0
136.358609	0
136.358609	0
136.370524	0
136.370524	0
136.370524	0
136.370524	0
136.418676	0
136.418676	0
136.430518	0
136.430518	0
136.45459	0
136.466512	0
136.478611	0
136.478611	0
136.478611	0
136.478611	0
136.478611	0
136.478611	0
136.538635	0
136.538635	0
136.538635	0
136.538635	0
136.574579	0
136.574579	0
136.598609	0
136.598609	0
136.598609	0
136.598609	0
136.598609	0
136.598609	0
136.658617	0
136.658617	0
136.658617	0
136.658617	0
136.658617	0
136.658617	0
136.718626	0
136.718626	0
136.718626	0
136.718626	0
136.75458	0
136.766511	0
136.778608	0
136.778608	0
136.778608	0
136.778608	0
136.814657	0
136.826511	0
136.838606	0
136.838606	0
136.838606	0
136.838606	0
136.838606	0
136.838606	0
136.89861	0
136.89861	0
136.89861	0
136.89861	0
136.89861	0
136.89861	0
136.958613	0
136.958613	0
136.958613	0
136.958613	0
136.994582	0
137.006511	0
137.018629	0
137.018629	0
137.018629	0
137.018629	0
137.018629	0
137.066532	0
137.078679	0
137.078679	0
137.078679	0
137.078679	0
137.114579	0
137.114579	0
137.138607	0
137.138607	0
137.138607	0
137.162511	0
137.174576	0
137.186511	0
137.198624	0
137.198642	0
137.198642	0
137.222529	0
137.234594	0
137.234594	0
137.258632	0
137.258632	0
137.258632	0
137.258632	0
137.258632	0
137.258632	0
137.318641	0
137.318641	0
137.318641	0
137.318641	0
137.318641	0
137.318641	0
137.37863	0
137.37863	0
137.37863	0
137.40253	0
137.414602	0
137.426536	0
137.438623	0
137.438623	0
137.450533	0
137.46255	0
137.46255	0
137.486529	0
137.498624	0
137.498624	0
137.498624	0
137.522529	0
137.522529	0
137.546529	0
137.558632	0
137.558632	0
137.558632	0
137.582529	0
137.582529	0
137.582529	0
137.618626	0
137.618626	0
137.630529	0
137.630529	0
137.6546	0
137.6546	0
137.678625	0
137.678625	0
137.678625	0
137.678625	0
137.714595	0
137.72655	0
137.738764	0
137.738764	0
137.738764	0
137.762529	0
137.762529	0
137.762529	0
137.798624	0
137.798624	0
137.798624	0
137.798624	0
137.798624	0
137.798624	0
137.858645	0
137.858645	0
137.870602	0
137.870602	0
137.870602	0
137.870602	0
137.91863	0
137.91863	0
137.91863	0
137.91863	0
137.91863	0
137.96653	0
137.978625	0
137.978625	0
137.978625	0
137.978625	0
137.978625	0
137.978625	0
138.038709	0
138.038709	0
138.038709	0
138.038709	0
138.074599	0
138.074599	0
138.098625	0
138.098625	0
138.098625	0
138.098625	0
138.098625	0
138.098625	0
138.158626	0
138.158626	0
138.158626	0
138.18253	0
138.194595	0
138.194612	0
138.21865	0
138.21865	0
138.21865	0
138.21865	0
138.254632	0
138.266623	0
138.278647	0
138.278647	0
138.278647	0
138.278647	0
138.278647	0
138.278647	0
138.338644	0
138.338644	0
138.338644	0
138.338644	0
138.338644	0
138.338644	0
138.338644	0
138.338644	0
138.338644	0
138.338644	0
138.338644	0
138.398738	0
138.458655	0
138.458655	0
138.458655	0
138.458655	0
138.458655	0
138.506546	0
138.518661	0
138.518661	0
138.518661	0
138.542546	0
138.542546	0
138.542546	0
138.578641	0
138.578641	0
138.590566	0
138.602546	0
138.602546	0
138.626546	0
138.638651	0
138.638651	0
138.638651	0
138.638651	0
138.674618	0
138.686546	0
138.698727	0
138.698727	0
138.698727	0
138.698727	0
138.698727	0
138.698727	0
138.758646	0
138.758646	0
138.770546	0
138.770546	0
138.770546	0
138.770546	0
138.818641	0
138.818641	0
138.83055	0
138.83055	0
138.83055	0
138.866547	0
138.878644	0
138.878644	0
138.878644	0
138.878644	0
138.878644	0
138.878644	0
138.938664	0
138.938664	0
138.938664	0
138.938664	0
138.938664	0
138.986567	0
138.998641	0
138.998641	0
138.998641	0
138.998641	0
138.998641	0
138.998641	0
139.058713	0
139.058713	0
139.058713	0
139.058713	0
139.094614	0
139.106611	0
139.118663	0
139.118663	0
139.118663	0
139.118663	0
139.118663	0
139.118663	0
139.17865	0
139.17865	0
139.17865	0
139.17865	0
139.178668	0
139.226568	0
139.226568	0
139.226568	0
139.226568	0
139.226568	0
139.23866	0
139.286564	0
139.298659	0
139.298659	0
139.310564	0
139.322636	0
139.322636	0
139.322636	0
139.358666	0.93330000012580283
139.358666	0.93330000012580283
139.358666	0.93330000012580283
139.358666	0.93330000012580283
139.358666	0.93330000012580283
139.406564	0
139.418673	0
139.418673	0
139.430564	0
139.442564	0
139.454705	0
139.454705	0
139.478661	0
139.478661	0
139.490567	0
139.490567	0
139.490567	0
139.490567	0
139.490567	0
139.490567	0
139.490567	0
139.490567	0
139.490567	0
139.538661	0
139.598682	0
139.598682	0
139.610629	0
139.610629	0
139.634641	0
139.646566	0
139.658698	0
139.658698	0
139.658698	0
139.658698	0
139.658698	0
139.658698	0
139.718737	0
139.718737	0
139.718737	0
139.742565	0
139.742565	0
139.742565	0
139.778678	0
139.778678	0
139.790586	0
139.802565	0
139.802565	0
139.802565	0
139.838662	0
139.838662	0
139.838662	0
139.838662	0
139.838662	0
139.838662	0
139.898659	0
139.898659	0
139.898659	0
139.898659	0
139.898659	0
139.946566	0
139.958664	0
139.958664	0
139.958664	0
139.958664	0
139.958664	0
140.006565	0
140.018742	0
140.018742	0
140.018742	0
140.018742	0
140.018742	0
140.018742	0
140.078662	0
140.078662	0
140.078662	0
140.078662	0
140.078662	0
140.078662	0
140.138659	0
140.138659	0
140.138659	0
140.138659	0
140.174629	0
140.186586	0
140.198668	0
140.198668	0
140.198668	0
140.222583	0
140.222583	0
140.222583	0
140.25869	0
140.25869	0
140.25869	0
140.25869	0
140.25869	0
140.25869	0
140.318747	0
140.318747	0
140.330583	0
140.342583	0
140.342583	0
140.342583	0
140.378755	0
140.378755	0
140.378755	0
140.378755	0
140.378755	0
140.378755	0
140.438686	0
140.438686	0
140.438686	0
140.438686	0
140.438686	0
140.438686	0
140.498678	0
140.498678	0
140.498678	0
140.522583	0
140.522583	0
140.522583	0
140.55868	0
140.55868	0
140.55868	0
140.55868	0
140.594653	0
140.594653	0
140.61868	0
140.61868	0
140.61868	0
140.61868	0
140.61868	0
140.61868	0
140.61868	0
140.61868	0
140.61868	0
140.61868	0
140.61868	0
140.678777	0
140.738677	0
140.738677	0
140.750585	0
140.750585	0
140.750585	0
140.750585	0
140.750585	0
140.750585	0
140.750585	0
140.798678	0
140.834649	0
140.846593	0
140.858683	0
140.858683	0
140.858683	0
140.858683	0
140.858683	0
140.858683	0
140.858683	0
140.858683	0
140.858683	0
140.858683	0
140.858683	0
140.918681	0
140.978679	0
140.978679	0
140.978679	0
141.002584	0
141.002584	0
141.002584	0
141.038746	0
141.038746	0
141.038746	0
141.038746	0
141.038746	0
141.086586	0
141.0987	0
141.0987	0
141.0987	0
141.0987	0
141.0987	0
141.0987	0
141.158686	0
141.158686	0
141.158686	0
141.158686	0
141.194654	0
141.194654	0
141.218685	0
141.230601	0
141.230601	0
141.230601	0
141.254668	0
141.254668	0
141.278709	0
141.278709	0
141.290601	0
141.290601	0
141.314669	0
141.314669	0
141.314669	0
141.338794	0
141.350601	0
141.3626	0
141.3626	0
141.3626	0
141.398696	0
141.398696	0
141.398696	0
141.398696	0
141.398696	0
141.446602	0
141.458705	0
141.458705	0
141.470814	0
141.470814	0
141.494685	0
141.494685	0
141.518694	0
141.518694	0
141.518694	0
141.518694	0
141.518694	0
141.518694	0
141.5787	0
141.5787	0
141.5787	0
141.5787	0
141.5787	0
141.5787	0
141.638698	0
141.638698	0
141.638698	0
141.638698	0
141.638698	0
141.638698	0
141.698763	0
141.698763	0
141.698763	0
141.698763	0
141.698763	0
141.746601	0
141.758717	0
141.758717	0
141.758717	0
141.758717	0
141.758717	0
141.758717	0
141.818714	0
141.818714	0
141.818714	0
141.818714	0
141.818714	0
141.818714	0
141.878697	0
141.878697	0
141.890639	0
141.890639	0
141.914667	0
141.914667	0
141.938695	0
141.938695	0
141.938695	0
141.938695	0
141.938695	0
141.938695	0
141.998736	0
141.998736	0
141.998736	0
142.022621	0
142.022621	0
142.022621	0
142.0587	0
142.0587	0
142.0587	0
142.0587	0
142.0587	0
142.0587	0
142.118696	0
142.118696	0
142.118696	0
142.142602	0
142.142602	0
142.166601	0
142.17872	0
142.17872	0
142.17872	0
142.17872	0
142.17872	0
142.17872	0
142.238723	0
142.238723	0
142.238723	0
142.262629	0
142.274692	0
142.28664	0
142.298717	0
142.298717	0
142.298717	0
142.298717	0
142.298717	0
142.298717	0
142.298717	0
142.35881	0
142.37062	0
142.37062	0
142.394695	0
142.40662	0
142.418734	0
142.418734	0
142.43062	0
142.44262	0
142.44262	0
142.44262	0
142.478745	0
142.478745	0
142.478745	0
142.50262	0
142.50262	0
142.526623	0
142.538737	0
142.538737	0
142.538737	0
142.538737	0
142.538737	0
142.538737	0
142.598715	0
142.598715	0
142.598715	0
142.598715	0
142.598715	0
142.64662	0
142.65873	0
142.65873	0
142.65873	0
142.65873	0
142.694686	0
142.706621	0
142.718717	0
142.718717	0
142.718717	0
142.718717	0
142.754757	0
142.754757	0
142.754757	0
142.754757	0
142.754757	0
142.754757	0
142.754757	0
142.778717	0
142.838723	0
142.838723	0
142.838723	0
142.838723	0
142.838723	0
142.838723	0
142.898752	0
142.898752	0
142.898752	0
142.898752	0
142.934709	0
142.946621	0.33105000003371404
142.95872	0.93600000003371953
142.95872	0.93600000003371953
142.95872	0.93600000003371953
142.95872	0.93600000003371953
142.95872	0.93600000003371953
142.95872	0.93600000003371953
143.018783	0
143.018783	0
143.018783	0
143.018783	0
143.018783	0
143.066641	0
143.078723	0
143.078723	0
143.078723	0
143.10262	0
143.1147	0
143.12662	0
143.138715	0
143.138715	0
143.138715	0
143.138715	0
143.138715	0
143.138715	0
143.198736	0
143.198736	0
143.198736	0
143.198736	0
143.234685	0
143.246638	0
143.258736	0
143.258736	0
143.258736	0
143.258736	0
143.294703	0
143.294703	0
143.318756	0
143.318756	0
143.318756	0
143.342639	0
143.354706	0
143.354706	0
143.378738	0
143.378738	0
143.378738	0
143.378738	0
143.378738	0
143.426638	0
143.438734	0
143.438734	0
143.438734	0
143.438734	0
143.438734	0
143.486639	0
143.498737	0
143.498737	0
143.498737	0
143.522638	0
143.522638	0
143.522638	0
143.558738	0
143.558738	0
143.558738	0
143.558738	0
143.558738	0
143.606638	0
143.618739	0
143.618739	0
143.618739	0
143.618739	0
143.654709	0
143.654709	0
143.67883	0
143.67883	0
143.67883	0
143.702638	0
143.702638	0
143.726638	0
143.738745	0
143.738745	0
143.738745	0
143.738745	0
143.738745	0
143.738745	0
143.798734	0
143.798734	0
143.798734	0
143.798734	0
143.798734	0
143.798734	0
143.858753	0
143.858753	0
143.858753	0
143.858753	0
143.858753	0
143.906639	0
143.918733	0
143.918733	0
143.930638	0
143.930638	0
143.930638	0
143.966638	0
143.978862	0
143.978862	0
143.978862	0
144.002637	0
144.002637	0
144.026638	0
144.038732	0
144.038732	0
144.038732	0
144.038732	0
144.038732	0
144.038732	0
144.098733	0
144.098733	0
144.098733	0
144.098733	0
144.098733	0
144.146639	0
144.158738	0
144.158738	0
144.158738	0
144.158738	0
144.158738	0
144.158738	0
144.218751	0
144.218751	0
144.218751	0
144.218769	0
144.218769	0
144.218769	0
144.278752	0
144.278752	0
144.278752	0
144.278752	0
144.31472	0
144.31472	0
144.338826	0
144.338826	0
144.338826	0
144.338826	0
144.374742	0
144.38677	0
144.398754	0
144.398754	0
144.398754	0
144.398754	0
144.398754	0
144.398754	0
144.458754	0
144.458754	0
144.458754	0
144.458754	0
144.458754	0
144.458754	0
144.518751	0
144.518751	0
144.530656	0
144.530656	0
144.554725	0
144.554725	0
144.578752	0
144.578752	0
144.590656	0
144.590656	0
144.614727	0
144.614727	0
144.638793	0
144.638793	0
144.650666	0
144.650666	0
144.650666	0
144.650666	0
144.698766	0
144.698766	0
144.698766	0
144.722655	0
144.722655	0
144.746655	0
144.758775	0
144.758775	0
144.758775	0
144.782656	0
144.794728	0
144.806656	0
144.818767	0
144.818767	0
144.818767	0
144.842655	0
144.842655	0
144.842655	0
144.878755	0
144.878755	0
144.878755	0
144.902659	0
144.902659	0
144.902659	0
144.938755	0
144.938755	0
144.938755	0
144.938755	0
144.938755	0
144.938755	0
144.998835	0
144.998835	0
144.998835	0
144.998835	0
144.998835	0
145.046656	0
145.058785	0
145.058785	0
145.058785	0
145.058785	0
145.058785	0
145.058785	0
145.118751	0
145.118751	0
145.118751	0
145.142655	0
145.142655	0
145.142655	0
145.178751	0
145.178751	0
145.190657	0
145.190657	0
145.190657	0
145.190657	0
145.238749	0
145.238767	0
145.238767	0
145.238767	0
145.238767	0
145.238767	0
145.298771	0
145.298771	0
145.298771	0
145.298771	0
145.298771	0
145.346674	0
145.358774	0
145.358774	0
145.358774	0
145.358774	0
145.358774	0
145.358774	0
145.41877	0
145.41877	0
145.41877	0
145.41877	0
145.41877	0
145.41877	0
145.478804	0
145.478804	0
145.478804	0
145.502694	0
145.514739	0
145.514739	0
145.538772	0
145.538772	0
145.538772	0
145.538772	0
145.538772	0
145.586674	0
145.598769	0
145.598769	0
145.610674	0
145.610674	0
145.610674	0
145.610674	0
145.658839	0
145.658839	0
145.658839	0
145.658839	0
145.658839	0
145.658839	0
145.718768	0
145.718768	0
145.718768	0
145.718768	0
145.718768	0
145.766694	0
145.778779	0
145.778779	0
145.778779	0
145.778779	0
145.778779	0
145.778779	0
145.838773	0
145.838773	0
145.838773	0
145.838773	0
145.838773	0
145.838773	0
145.898807	0
145.898807	0
145.898807	0
145.898807	0
145.934746	0
145.934746	0
145.958856	0
145.958856	0
145.970675	0
145.970675	0
145.970675	0
145.970675	0
146.018773	0
146.018773	0
146.018773	0
146.018773	0
146.018773	0
146.066674	0
146.078772	0
146.078772	0
146.078772	0
146.102674	0
146.11474	0
146.11474	0
146.138767	0
146.138767	0
146.138767	0
146.138767	0
146.138767	0
146.186744	0
146.198773	0
146.198773	0
146.198773	0
146.198773	0
146.198773	0
146.198773	0
146.258819	0
146.258819	0
146.258819	0
146.258819	0
146.258819	0
146.306693	0
146.318882	0
146.318882	0
146.318882	0
146.318882	0
146.354764	0
146.354764	0
146.378789	0
146.378789	0
146.378789	0
146.402693	0
146.402693	0
146.402693	0
146.438806	0
146.438806	0
146.450806	0
146.450806	0
146.450806	0
146.450806	0
146.498785	0
146.498785	0
146.498785	0
146.498785	0
146.534772	0
146.546713	0
146.55879	0
146.55879	0
146.55879	0
146.55879	0
146.55879	0
146.55879	0
146.618792	0
146.618792	0
146.618792	0
146.642693	0
146.642693	0
146.666692	0
146.678808	0
146.678808	0
146.678808	0
146.678808	0
146.678808	0
146.678808	0
146.738794	0
146.738794	0
146.738794	0
146.738794	0
146.774757	0
146.786693	0
146.798789	0
146.798789	0
146.798789	0
146.798789	0
146.798789	0
146.798789	0
146.858806	0
146.858806	0
146.858806	0
146.858806	0
146.858806	0
146.858806	0
146.918786	0
146.918786	0
146.930693	0
146.942713	0
146.954761	0
146.966693	0
146.978864	0
146.978864	0
146.990692	0
146.990692	0
147.014768	0
147.014768	0
147.038807	0
147.038807	0
147.038807	0
147.038807	0
147.038807	0
147.038807	0
147.038807	0
147.038807	0
147.038807	0
147.038807	0
147.098787	0
147.146696	0
147.158797	0
147.158797	0
147.158797	0
147.182693	0
147.194781	0
147.206727	0
147.21881	0
147.21881	0
147.21881	0
147.21881	0
147.218832	0
147.218832	0
147.278852	0
147.278852	0
147.278852	0
147.278852	0
147.314778	0
147.314778	0
147.338827	0
147.338827	0
147.338827	0
147.338827	0
147.374849	0
147.374849	0
147.398824	0
147.398824	0
147.398824	0
147.422715	0
147.43478	0
147.446715	0
147.458811	0
147.458811	0
147.458811	0
147.458811	0
147.49478	0
147.506786	0
147.518813	0
147.518813	0
147.518813	0
147.518813	0
147.518813	0
147.518813	0
147.578822	0
147.578822	0
147.578822	0
147.578822	0
147.614786	0
147.626715	0
147.638894	0
147.638894	0
147.638894	0
147.638894	0
147.638894	0
147.638894	0
147.698807	0
147.698807	0
147.710715	0
147.722735	0
147.722735	0
147.746714	0
147.758829	0
147.758829	0
147.758829	0
147.758829	0
147.758829	0
147.758829	0
147.818825	0
147.818825	0
147.818825	0
147.818825	0
147.854805	0
147.854805	0
147.878831	0
147.878831	0
147.878831	0
147.878831	0
147.914781	0
147.914781	0
147.938813	0
147.938813	0
147.950714	0
147.962714	0
147.97478	0
147.986736	0
147.998896	0
147.998896	0
148.010715	0
148.010715	0
148.034854	0
148.034854	0
148.058836	0
148.058836	0
148.058836	0
148.058836	0
148.094779	0
148.094779	0
148.118827	0
148.118827	0
148.130717	0
148.130717	0
148.130717	0
148.130717	0
148.178811	0
148.178811	0
148.178811	0
148.178811	0
148.178811	0
148.226715	0
148.23882	0
148.23882	0
148.23882	0
148.238838	0
148.274805	0
148.274805	0
148.274805	0
148.274805	0
148.274805	0
148.274805	0
148.274805	0
148.298902	0
148.358832	0
148.358832	0
148.358832	0
148.382753	0
148.382753	0
148.406732	0
148.418827	0
148.418827	0
148.418827	0
148.418827	0
148.454801	0
148.454801	0
148.478854	0
148.478854	0
148.478854	0
148.478854	0
148.478854	0
148.478854	0
148.538826	0
148.538826	0
148.538826	0
148.538826	0
148.574797	0
148.574797	0
148.598831	0
148.598831	0
148.598831	0
148.598831	0
148.634838	0
148.646733	0
148.658829	0
148.658829	0
148.658829	0
148.658829	0
148.694866	0
148.694866	0
148.718827	0
148.718827	0
148.718827	0
148.718827	0
148.754801	0
148.754801	0
148.778846	0
148.778846	0
148.778846	0
148.778846	0
148.778846	0
148.778846	0
148.838849	0
148.838849	0
148.838849	0
148.838849	0
148.874807	0
148.886733	0
148.898847	0
148.898847	0
148.898847	0
148.898847	0
148.898847	0
148.898847	0
148.95891	0
148.95891	0
148.95891	0
148.95891	0
148.95891	0
148.95891	0
149.018843	0
149.018843	0
149.018843	0
149.042733	0
149.042733	0
149.066733	0
149.078828	0
149.078828	0
149.078828	0
149.102732	0
149.114799	0
149.114799	0
149.138832	0
149.138832	0
149.138832	0
149.138832	0
149.138832	0
149.138832	0
149.198829	0
149.198829	0
149.198829	0
149.198829	0
149.198829	0
149.246732	0
149.258834	0
149.270754	0
149.270754	0
149.282756	0
149.282756	0
149.282756	0
149.318874	0
149.318874	0
149.318874	0
149.318874	0
149.354894	0
149.366755	0
149.37885	0
149.37885	0
149.37885	0
149.37885	0
149.37885	0
149.37885	0
149.438849	0
149.438849	0
149.438849	0
149.438849	0
149.438849	0
149.438849	0
149.498852	0
149.498852	0
149.498852	0
149.498852	0
149.498852	0
149.498852	0
149.55886	0
149.55886	0
149.55886	0
149.55886	0
149.55886	0
149.55886	0
149.618968	0
149.618968	0
149.618968	0
149.618968	0
149.618968	0
149.666755	0
149.678851	0
149.678851	0
149.678851	0
149.678851	0
149.678851	0
149.678851	0
149.738851	0
149.738851	0
149.738851	0
149.762755	0
149.762755	0
149.762755	0
149.762755	0
149.798849	0
149.810776	0
149.822755	0
149.834836	0
149.834836	0
149.85885	0
149.85885	0
149.85885	0
149.85885	0
149.85885	0
149.906754	0
149.918851	0
149.918851	0
149.918851	0
149.918851	0
149.954823	0
149.966779	0
149.978878	0
149.978878	0
149.978878	0
149.978878	0
150.014893	0
150.014893	0
150.038851	0
150.038851	0
150.050798	0
150.062755	0
150.062755	0
150.062755	0
150.098867	0
150.098867	0
150.098867	0
150.098867	0
150.134831	0
150.134831	0
150.158857	0
150.158857	0
150.158857	0
150.158857	0
150.158857	0
150.206755	0
150.21885	0
150.21885	0
150.21885	0
150.21885	0
150.254822	0
150.254822	0
150.278929	0
150.278929	0
150.278929	0
150.278929	0
150.278929	0
150.278929	0
150.338896	0
150.338896	0
150.338896	0
150.338896	0
150.338896	0
150.338896	0
150.398877	0
150.398877	0
150.398877	0
150.422777	0
150.422777	0
150.422777	0
150.458884	0
150.458884	0
150.458884	0
150.482778	0
150.482778	0
150.482778	0
150.518873	0
150.518873	0
150.518873	0
150.518873	0
150.554847	0
150.554847	0
150.5789	0
150.5789	0
150.5789	0
150.602778	0
150.602778	0
150.602778	0
150.638871	0
150.638871	0
150.650777	0
150.650777	0
150.650777	0
150.686842	0
150.698871	0
150.698871	0
150.71083	0
150.722777	0
150.722777	0
150.722777	0
150.722777	0
150.722777	0
150.722777	0
150.722777	0
150.722777	0
150.758874	0
150.818875	0
150.818875	0
150.818875	0
150.818875	0
150.854848	0
150.854848	0
150.878874	0
150.878874	0
150.890778	0
150.890778	0
150.890778	0
150.926778	0
150.938964	0
150.938964	0
150.938964	0
150.938964	0
150.938964	0
150.986777	0
150.998874	0
150.998874	0
150.998874	0
150.998874	0
150.998874	0
150.998874	0
151.058885	0
151.058885	0
151.058885	0
151.058885	0
151.058885	0
151.058885	0
151.118876	0
151.118876	0
151.118876	0
151.118876	0
151.154847	0
151.166778	0
151.178873	0
151.178873	0
151.178873	0
151.178873	0
151.178873	0
151.178873	0
151.23896	0
151.23896	0
151.250888	0
151.250888	0
151.27485	0
151.28684	0
151.298891	0
151.298891	0
151.310801	0
151.310801	0
151.310801	0
151.346796	0
151.358895	0
151.358895	0
151.358895	0
151.358895	0
151.394867	0
151.406797	0
151.418913	0
151.418913	0
151.418913	0
151.418913	0
151.418913	0
151.466884	0
151.478894	0
151.478894	0
151.478894	0
151.478894	0
151.478894	0
151.478894	0
151.53889	0
151.53889	0
151.53889	0
151.562797	0
151.574863	0
151.586797	0
151.59899	0
151.59899	0
151.610815	0
151.610815	0
151.610815	0
151.646797	0
151.6589	0
151.6589	0
151.6589	0
151.6589	0
151.6589	0
151.6589	0
151.718892	0
151.718892	0
151.718892	0
151.718892	0
151.754865	0
151.754865	0
151.778892	0
151.778892	0
151.778892	0
151.802797	0
151.814869	0
151.814869	0
151.838894	0
151.838894	0
151.838894	0
151.838894	0
151.838894	0
151.838894	0
151.898932	0
151.898932	0
151.898932	0
151.898932	0
151.898932	0
151.898932	0
151.958892	0
151.958892	0
151.958892	0
151.958892	0
151.958892	0
151.958892	0
151.958892	0
151.958892	0
152.018899	0
152.042796	0
152.054875	0
152.066797	0
152.078896	0
152.078896	0
152.078896	0
152.078896	0
152.078896	0
152.078896	0
152.13891	0
152.13891	0
152.13891	0
152.13891	0
152.174878	0
152.174878	0
152.174878	0
152.174878	0
152.174878	0
152.174878	0
152.174878	0
152.198892	0
152.258963	0
152.258963	0
152.258963	0
152.258985	0
152.258985	0
152.258985	0
152.318936	0
152.318936	0
152.318936	0
152.318936	0
152.318936	0
152.366819	0
152.378914	0
152.378914	0
152.378914	0
152.378914	0
152.378914	0
152.378914	0
152.378914	0
152.438912	0
152.450819	0
152.462819	0
152.462819	0
152.462819	0
152.498914	0
152.498914	0
152.510818	0
152.522901	0
152.534893	0
152.534893	0
152.558996	0
152.558996	0
152.558996	0
152.558996	0
152.558996	0
152.558996	0
152.618944	0
152.618944	0
152.618944	0
152.642819	0
152.642819	0
152.642819	0
152.642819	0
152.642819	0
152.642819	0
152.678914	0
152.714884	0
152.726819	0
152.738912	0
152.738912	0
152.738912	0
152.762819	0
152.774889	0
152.786896	0
152.798923	0
152.798923	0
152.798923	0
152.822843	0
152.822843	0
152.846818	0
152.858928	0
152.858928	0
152.858928	0
152.858928	0
152.858928	0
152.858928	0
152.919002	0
152.919002	0
152.919002	0
152.919002	0
152.919002	0
152.966819	0
152.97892	0
152.97892	0
152.97892	0
152.97892	0
152.97892	0
153.026819	0
153.038916	0
153.038916	0
153.038916	0
153.038916	0
153.07489	0
153.07489	0
153.098913	0
153.098913	0
153.098913	0
153.098913	0
153.13489	0
153.13489	0
153.158915	0
153.158915	0
153.158915	0
153.158915	0
153.158915	0
153.158915	0
153.219014	0
153.219014	0
153.219014	0
153.219014	0
153.219014	0
153.219014	0
153.278916	0
153.278916	0
153.278936	0
153.278936	0
153.278936	0
153.326838	0
153.338933	0
153.338933	0
153.338933	0
153.338933	0
153.338933	0
153.386839	0
153.398936	0
153.398936	0
153.398936	0
153.398936	0
153.398936	0
153.446909	0
153.45894	0
153.45894	0
153.471143	0
153.471143	0
153.49492	0
153.506839	0
153.518935	0
153.518935	0
153.518935	0
153.518935	0
153.518935	0
153.518935	0
153.518935	0
153.579003	0
153.591039	0
153.591039	0
153.591039	0
153.626838	0
153.638954	0
153.638954	0
153.638954	0
153.638954	0
153.638954	0
153.638954	0
153.698932	0
153.698932	0
153.698932	0
153.722839	0
153.722839	0
153.722839	0
153.758944	0
153.758944	0
153.758944	0
153.758944	0
153.794911	0
153.806839	0
153.818934	0
153.818934	0
153.818934	0
153.842915	0
153.842915	0
153.866838	0
153.879041	0
153.879041	0
153.879041	0
153.879041	0
153.879041	0
153.879041	0
153.938933	0
153.938933	0
153.950839	0
153.950839	0
153.950839	0
153.950839	0
153.998961	0
153.998961	0
153.998961	0
153.998961	0
154.034904	0
154.046839	0
154.058933	0
154.058933	0
154.058933	0
154.058933	0
154.058933	0
154.106909	0
154.118935	0
154.118935	0
154.118935	0
154.118935	0
154.15491	0
154.166839	0
154.178954	0
154.178954	0
154.178954	0
154.178954	0
154.214916	0
154.226849	0
154.23901	0
154.23901	0
154.23901	0
154.23901	0
154.23901	0
154.286838	0
154.298966	0
154.298966	0
154.298966	0
154.322859	0
154.322859	0
154.346859	0
154.346859	0
154.346859	0
154.346859	0
154.358958	0
154.394923	0
154.394923	0
154.418978	0
154.418978	0
154.418978	0
154.418978	0
154.418978	0
154.466859	0
154.478954	0
154.478954	0
154.478954	0
154.50293	0
154.514925	0
154.514925	0
154.539014	0
154.539014	0
154.550859	0
154.562858	0
154.562858	0
154.562858	0
154.599017	0
154.599017	0
154.599017	0
154.599017	0
154.599017	0
154.599017	0
154.658958	0
154.658958	0
154.670885	0
154.68286	0
154.68286	0
154.68286	0
154.718953	0
154.718953	0
154.718953	0
154.742859	0
154.754927	0
154.754927	0
154.778958	0
154.778958	0
154.790859	0
154.790859	0
154.790859	0
154.790859	0
154.838952	0
154.838952	0
154.838952	0
154.862859	0
154.862859	0
154.862859	0
154.899025	0
154.899025	0
154.899025	0
154.899025	0
154.899025	0
154.946859	0
154.958961	0
154.958961	0
154.958961	0
154.958961	0
154.958961	0
155.006865	0
155.018955	0
155.018955	0
155.018955	0
155.018955	0
155.054942	0
155.066882	0
155.078959	0
155.078959	0
155.090862	0
155.090862	0
155.090862	0
155.090862	0
155.138979	0
155.138979	0
155.138979	0
155.138979	0
155.138979	0
155.186859	0
155.198992	0
155.198992	0
155.210858	0
155.210858	0
155.210858	0
155.246859	0
155.258955	0
155.258955	0
155.270859	0
155.270859	0
155.270878	0
155.270878	0
155.319005	0
155.319005	0
155.319005	0
155.319005	0
155.354954	0
155.354954	0
155.37899	0
155.37899	0
155.37899	0
155.37899	0
155.37899	0
155.37899	0
155.438975	0
155.438975	0
155.438975	0
155.462881	0
155.474952	0
155.486878	0
155.498994	0
155.498994	0
155.498994	0
155.498994	0
155.534949	0
155.534949	0
155.559066	0
155.559066	0
155.570878	0
155.570878	0
155.570878	0
155.570878	0
155.61898	0
155.61898	0
155.61898	0
155.61898	0
155.61898	0
155.61898	0
155.678972	0
155.678972	0
155.678972	0
155.678972	0
155.678972	0
155.678972	0
155.738971	0
155.738971	0
155.738971	0
155.738971	0
155.774943	0
155.774943	0
155.798972	0
155.798972	0
155.810878	0
155.810878	0
155.810878	0
155.810878	0
155.858979	0
155.858979	0
155.870878	0
155.88288	0
155.894943	0
155.894943	0
155.918972	0
155.918972	0
155.918972	0
155.942878	0
155.942878	0
155.966877	0
155.966877	0
155.966877	0
155.966877	0
155.966877	0
155.966877	0
155.978974	0
156.038982	0
156.038982	0
156.038982	0
156.038982	0
156.074954	0
156.074954	0
156.098975	0
156.098975	0
156.098975	0
156.098975	0
156.134965	0
156.134965	0
156.15898	0
156.15898	0
156.15898	0
156.15898	0
156.15898	0
156.15898	0
156.219065	0
156.219065	0
156.219065	0
156.219065	0
156.219065	0
156.266878	0
156.278974	0
156.278974	0
156.278974	0
156.278994	0
156.278994	0
156.326897	0
156.339011	0
156.339011	0
156.35099	0
156.362898	0
156.362898	0
156.362898	0
156.362898	0
156.362898	0
156.362898	0
156.362898	0
156.362898	0
156.398992	0
156.458993	0
156.458993	0
156.458993	0
156.458993	0
156.458993	0
156.458993	0
156.518994	0
156.518994	0
156.518994	0
156.518994	0
156.518994	0
156.566898	0
156.578994	0
156.578994	0
156.578994	0
156.578994	0
156.578994	0
156.578994	0
156.638991	0
156.638991	0
156.650984	0
156.650984	0
156.650984	0
156.650984	0
156.698992	0
156.698992	0
156.698992	0
156.698992	0
156.734988	0
156.746969	0
156.759019	0
156.759019	0
156.770898	0
156.770898	0
156.770898	0
156.806897	0
156.818996	0
156.818996	0
156.818996	0
156.818996	0
156.854967	0
156.854967	0
156.879062	0
156.879062	0
156.879062	0
156.879062	0
156.879062	0
156.926898	0
156.938992	0
156.938992	0
156.938992	0
156.938992	0
156.938992	0
156.986898	0
156.999031	0
156.999031	0
156.999031	0
156.999031	0
156.999031	0
157.046901	0
157.058996	0
157.058996	0
157.058996	0
157.082898	0
157.082898	0
157.082898	0
157.118992	0
157.118992	0
157.118992	0
157.142969	0
157.154969	0
157.154969	0
157.179083	0
157.179083	0
157.179083	0
157.202898	0
157.202898	0
157.202898	0
157.238993	0
157.238993	0
157.238993	0
157.238993	0
157.238993	0
157.238993	0
157.298992	0
157.298992	0
157.311198	0
157.311198	0
157.311198	0
157.346916	0
157.359016	0
157.359016	0
157.359016	0
157.359016	0
157.359016	0
157.406987	0
157.406987	0
157.406987	0
157.406987	0
157.406987	0
157.41902	0
157.466916	0
157.47901	0
157.47901	0
157.47901	0
157.502917	0
157.502917	0
157.502917	0
157.539091	0
157.539091	0
157.550916	0
157.550916	0
157.550916	0
157.587036	0
157.59903	0
157.59903	0
157.59903	0
157.622917	0
157.634987	0
157.634987	0
157.634987	0
157.634987	0
157.634987	0
157.659015	0
157.69498	0
157.70692	0
157.719047	0
157.719047	0
157.719047	0
157.719047	0
157.719047	0
157.719047	0
157.779031	0
157.779031	0
157.779031	0
157.779031	0
157.779031	0
157.779031	0
157.839014	0
157.839014	0
157.839014	0
157.839014	0
157.839014	0
157.886917	0
157.899012	0
157.899012	0
157.899012	0
157.899012	0
157.899012	0
157.899012	0
157.899012	0
157.959014	0
157.971134	0
157.982917	0
157.994982	0
158.006916	0
158.019013	0
158.019013	0
158.019013	0
158.019013	0
158.019013	0
158.019013	0
158.079036	0
158.079036	0
158.079036	0
158.079036	0
158.114984	0
158.114984	0
158.139011	0
158.139011	0
158.139011	0
158.139011	0
158.139011	0
158.139011	0
158.199097	0
158.199097	0
158.210923	0
158.210923	0
158.210923	0
158.210923	0
158.259012	0
158.259012	0
158.270917	0
158.270917	0
158.270917	0
158.270917	0
158.319039	0
158.319059	0
158.319059	0
158.319059	0
158.319059	0
158.319059	0
158.379034	0
158.379034	0
158.379034	0
158.379034	0
158.379034	0
158.426946	0
158.439064	0
158.439064	0
158.439064	0
158.439064	0
158.439064	0
158.439064	0
158.499035	0
158.499035	0
158.510936	0
158.510936	0
158.535009	0
158.546937	0
158.559052	0
158.559052	0
158.559052	0
158.559052	0
158.559052	0
158.559052	0
158.619031	0
158.619031	0
158.619031	0
158.642937	0
158.642937	0
158.642937	0
158.679032	0
158.679032	0
158.679032	0
158.679032	0
158.679032	0
158.679032	0
158.73906	0
158.73906	0
158.73906	0
158.73906	0
158.73906	0
158.73906	0
158.799033	0
158.799033	0
158.799033	0
158.799033	0
158.799033	0
158.799033	0
158.799033	0
158.859109	0
158.871045	0
158.871045	0
158.871045	0
158.906936	0
158.919031	0
158.919031	0
158.919031	0
158.942936	0
158.942936	0
158.966937	0
158.979032	0
158.979032	0
158.979032	0
159.002936	0
159.002936	0
159.002936	0
159.039037	0
159.039037	0
159.039037	0
159.039037	0
159.039037	0
159.039037	0
159.099033	0
159.099033	0
159.099033	0
159.099033	0
159.099033	0
159.146937	0
159.159036	0
159.159036	0
159.159036	0
159.159036	0
159.159036	0
159.206947	0
159.219049	0
159.219049	0
159.219049	0
159.219049	0
159.255074	0
159.266936	0
159.279058	0
159.279058	0
159.279058	0
159.279058	0
159.315001	0
159.326955	0
159.339068	0
159.339068	0
159.339068	0
159.339068	0
159.37502	0
159.37502	0
159.399052	0
159.399052	0
159.399052	0
159.399052	0
159.435022	0
159.435022	0
159.459058	0
159.459058	0
159.459058	0
159.459058	0
159.495021	0
159.495021	0
159.519125	0
159.519125	0
159.519125	0
159.519125	0
159.519125	0
159.519125	0
159.57907	0
159.57907	0
159.57907	0
159.57907	0
159.57907	0
159.57907	0
159.63905	0
159.63905	0
159.63905	0
159.63905	0
159.63905	0
159.63905	0
159.699055	0
159.699055	0
159.699055	0
159.699055	0
159.735028	0
159.746956	0
159.759067	0
159.759067	0
159.759067	0
159.759067	0
159.759067	0
159.759067	0
159.759067	0
159.759067	0
159.759067	0
159.759067	0
159.759067	0
159.819135	0
159.87905	0
159.87905	0
159.87905	0
159.87905	0
159.87905	0
159.926966	0
159.939048	0
159.939048	0
159.939048	0
159.939048	0
159.975022	0
159.986976	0
159.999051	0
159.999051	0
159.999051	0
159.999051	0
159.999051	0
159.999051	0
160.059056	0
160.059056	0
160.071008	0
160.071008	0
160.071008	0
160.071008	0
160.119073	0
160.119073	0
160.130956	0
160.130956	0
160.130956	0
160.166955	0
160.179121	0
160.179121	0
160.179121	0
160.179121	0
160.215105	0
160.226981	0
160.239051	0
160.239051	0
160.239051	0
160.239051	0
160.239051	0
160.286956	0
160.299087	0
160.299087	0
160.299087	0
160.299107	0
160.299107	0
160.346979	0
160.359071	0
160.359071	0
160.371078	0
160.371078	0
160.395042	0
160.395042	0
160.419078	0
160.419078	0
160.419078	0
160.443047	0
160.455045	0
160.455045	0
160.479174	0
160.479174	0
160.479174	0
160.479174	0
160.479174	0
160.479174	0
160.539076	0
160.539076	0
160.539076	0
160.562975	0
160.575108	0
160.575108	0
160.59907	0
160.59907	0
160.59907	0
160.622996	0
160.635041	0
160.635041	0
160.659093	0
160.659093	0
160.659093	0
160.659093	0
160.659093	0
160.707063	0
160.719082	0
160.719082	0
160.719082	0
160.719082	0
160.719082	0
160.719082	0
160.779073	0
160.779073	0
160.779073	0
160.802976	0
160.815065	0
160.815065	0
160.839139	0
160.839139	0
160.850976	0
160.850976	0
160.875052	0
160.886996	0
160.899075	0
160.899075	0
160.899075	0
160.899075	0
160.935047	0
160.935047	0
160.959074	0
160.959074	0
160.959074	0
160.959074	0
160.959074	0
160.959074	0
161.019114	0
161.019114	0
161.019114	0
161.019114	0
161.019114	0
161.019114	0
161.079073	0
161.079073	0
161.079073	0
161.079073	0
161.079073	0
161.079073	0
161.13911	0
161.13911	0
161.13911	0
161.13911	0
161.175039	0
161.175039	0
161.199091	0
161.199091	0
161.199091	0
161.199091	0
161.199091	0
161.199091	0
161.259078	0
161.259078	0
161.271063	0
161.282996	0
161.295041	0
161.295041	0
161.319088	0
161.319108	0
161.319108	0
161.319108	0
161.355064	0
161.367067	0
161.379095	0
161.379095	0
161.379095	0
161.379095	0
161.379095	0
161.426996	0
161.43911	0
161.43911	0
161.43911	0
161.43911	0
161.43911	0
161.43911	0
161.499158	0
161.499158	0
161.499158	0
161.499158	0
161.499158	0
161.54702	0
161.559094	0
161.559094	0
161.559094	0
161.582995	0
161.582995	0
161.606996	0
161.619089	0
161.619089	0
161.619089	0
161.619089	0
161.619089	0
161.619089	0
161.679127	0
161.679127	0
161.679127	0
161.679127	0
161.679127	0
161.679127	0
161.739097	0
161.739097	0
161.739097	0
161.739097	0
161.775062	0
161.775062	0
161.799094	0
161.799094	0
161.799094	0
161.799094	0
161.83506	0
161.846996	0
161.859098	0
161.859098	0
161.859098	0
161.859098	0
161.859098	0
161.859098	0
161.859098	0
161.859098	0
161.91909	0
161.943016	0
161.943016	0
161.943016	0
161.979091	0
161.979091	0
161.979091	0
162.002996	0
162.015068	0
162.015068	0
162.039094	0
162.039094	0
162.039094	0
162.039094	0
162.039094	0
162.086996	0
162.099094	0
162.099094	0
162.099094	0
162.122996	0
162.122996	0
162.122996	0
162.122996	0
162.159187	0
162.171027	0
162.182995	0
162.195064	0
162.207301	0
162.219093	0
162.219093	0
162.219093	0
162.219093	0
162.255064	0
162.266996	0
162.266996	0
162.266996	0
162.266996	0
162.266996	0
162.266996	0
162.279092	0
162.339161	0
162.339161	0
162.339161	0
162.363016	0
162.363016	0
162.363016	0
162.399111	0
162.399111	0
162.399111	0
162.399111	0
162.399111	0
162.399111	0
162.459194	0
162.459194	0
162.459194	0
162.459194	0
162.459194	0
162.459194	0
162.51911	0
162.51911	0
162.51911	0
162.51911	0
162.51911	0
162.51911	0
162.579132	0
162.579132	0
162.579132	0
162.603017	0
162.615095	0
162.615095	0
162.639111	0
162.639111	0
162.639111	0
162.639111	0
162.639111	0
162.687087	0
162.699114	0
162.699114	0
162.711036	0
162.711036	0
162.711036	0
162.711036	0
162.711036	0
162.711036	0
162.759135	0
162.783016	0
162.783016	0
162.783016	0
162.819179	0
162.819179	0
162.819179	0
162.843036	0
162.843036	0
162.867053	0
162.879153	0
162.879153	0
162.879153	0
162.879153	0
162.879153	0
162.879153	0
162.939111	0
162.939111	0
162.939111	0
162.963015	0
162.963015	0
162.963015	0
162.999119	0
162.999119	0
163.011017	0
163.023016	0
163.023016	0
163.023016	0
163.059113	0
