#1
double table_z(16300,2)
0	-0.56999999999999995
0.06	-0.56156373731795606
0.06	-0.56156373731795606
0.06	-0.56156373731795606
0.06	-0.56156373731795606
0.06	-0.56156373731795606
0.06	-0.56156373731795606
0.120029	-0.53549305640557543
0.120029	-0.53549305640557543
0.120029	-0.53549305640557543
0.120029	-0.53549305640557543
0.156	-0.51325264713598628
0.168024	-0.50497081192922066
0.180022	-0.49649308776749063
0.180022	-0.49649308776749063
0.192002	-0.48750760101831414
0.192002	-0.48750760101831414
0.192002	-0.48750760101831414
0.192002	-0.48750760101831414
0.240004	-0.44969735541196393
0.240004	-0.44969735541196393
0.252022	-0.43984377232815403
0.252022	-0.43984377232815403
0.252022	-0.43984377232815403
0.252022	-0.43984377232815403
0.3	-0.40054343425010996
0.3	-0.40054343425010996
0.3	-0.40054343425010996
0.324	-0.38149854275917533
0.324	-0.38149854275917533
0.324	-0.38149854275917533
0.360109	-0.35437498389949251
0.360109	-0.35437498389949251
0.360109	-0.35437498389949251
0.360109	-0.35437498389949251
0.360109	-0.35437498389949251
0.360109	-0.35437498389949251
0.420002	-0.31618656180149962
0.420002	-0.31618656180149962
0.420002	-0.31618656180149962
0.420002	-0.31618656180149962
0.420002	-0.31618656180149962
0.420002	-0.31618656180149962
0.48	-0.28921487526617756
0.48	-0.28921487526617756
0.48	-0.28921487526617756
0.480003	-0.28921395485820445
0.480003	-0.28921395485820445
0.528031	-0.27712859653982708
0.540023	-0.27521036377686503
0.552004	-0.27414961984732172
0.552004	-0.27414961984732172
0.552004	-0.27414961984732172
0.552004	-0.27414961984732172
0.552004	-0.27414961984732172
0.600003	-0.27396672264592598
0.600003	-0.27396672264592598
0.600003	-0.27396672264592598
0.600003	-0.27396672264592598
0.600003	-0.27396672264592598
0.600003	-0.27396672264592598
0.660003	-0.2836149812627915
0.660003	-0.2836149812627915
0.660003	-0.2836149812627915
0.660003	-0.2836149812627915
0.696003	-0.29346048265305064
0.696003	-0.29346048265305064
0.720012	-0.30114078025193003
0.720012	-0.30114078025193003
0.720012	-0.30114078025193003
0.720012	-0.30114078025193003
0.720012	-0.30114078025193003
0.720012	-0.30114078025193003
0.780024	-0.32297182438987948
0.780024	-0.32297182438987948
0.780024	-0.32297182438987948
0.780024	-0.32297182438987948
0.780024	-0.32297182438987948
0.780024	-0.32297182438987948
0.840025	-0.34557348265005333
0.840025	-0.34557348265005333
0.840025	-0.34557348265005333
0.840025	-0.34557348265005333
0.840025	-0.34557348265005333
0.840025	-0.34557348265005333
0.900035	-0.36595055169937163
0.900035	-0.36595055169937163
0.900035	-0.36595055169937163
0.900035	-0.36595055169937163
0.900035	-0.36595055169937163
0.900035	-0.36595055169937163
0.960003	-0.3819262953203843
0.960003	-0.3819262953203843
0.960003	-0.3819262953203843
0.960003	-0.3819262953203843
0.960003	-0.3819262953203843
0.960003	-0.3819262953203843
1.020121	-0.39233469180782587
1.020121	-0.39233469180782587
1.03201	-0.393614319261479
1.03201	-0.393614319261479
1.03201	-0.393614319261479
1.03201	-0.393614319261479
1.080004	-0.39686128953837796
1.080004	-0.39686128953837796
1.080004	-0.39686128953837796
1.080004	-0.39686128953837796
1.080004	-0.39686128953837796
1.080004	-0.39686128953837796
1.140003	-0.39606138173248684
1.140003	-0.39606138173248684
1.152044	-0.39529248939243827
1.152044	-0.39529248939243827
1.152044	-0.39529248939243827
1.152044	-0.39529248939243827
1.200024	-0.39100563120099474
1.200024	-0.39100563120099474
1.200024	-0.39100563120099474
1.200024	-0.39100563120099474
1.236024	-0.38649462416350711
1.236024	-0.38649462416350711
1.260013	-0.38311142189096348
1.260013	-0.38311142189096348
1.260013	-0.38311142189096348
1.260013	-0.38311142189096348
1.260013	-0.38311142189096348
1.308047	-0.3757507555074624
1.320004	-0.37387383461835078
1.332026	-0.3719904002696604
1.332026	-0.3719904002696604
1.332026	-0.3719904002696604
1.332026	-0.3719904002696604
1.332026	-0.3719904002696604
1.380004	-0.36466930220117616
1.380004	-0.36466930220117616
1.380004	-0.36466930220117616
1.380004	-0.36466930220117616
1.380004	-0.36466930220117616
1.380004	-0.36466930220117616
1.440024	-0.35660104524768543
1.440024	-0.35660104524768543
1.440024	-0.35660104524768543
1.440024	-0.35660104524768543
1.440024	-0.35660104524768543
1.440024	-0.35660104524768543
1.500004	-0.35041790421798696
1.500004	-0.35041790421798696
1.500008	-0.35041758991430044
1.500008	-0.35041758991430044
1.500008	-0.35041758991430044
1.500008	-0.35041758991430044
1.560012	-0.34647006539757363
1.560012	-0.34647006539757363
1.560012	-0.34647006539757363
1.560012	-0.34647006539757363
1.560012	-0.34647006539757363
1.560012	-0.34647006539757363
1.620007	-0.34476740809360901
1.620007	-0.34476740809360901
1.620007	-0.34476740809360901
1.620007	-0.34476740809360901
1.620007	-0.34476740809360901
1.620007	-0.34476740809360901
1.680135	-0.34504125221221382
1.680135	-0.34504125221221382
1.680135	-0.34504125221221382
1.680135	-0.34504125221221382
1.680135	-0.34504125221221382
1.680135	-0.34504125221221382
1.680135	-0.34504125221221382
1.680135	-0.34504125221221382
1.680135	-0.34504125221221382
1.680135	-0.34504125221221382
1.680135	-0.34504125221221382
1.680135	-0.34504125221221382
1.800008	-0.34959673030839666
1.800008	-0.34959673030839666
1.800008	-0.34959673030839666
1.824011	-0.35085548412805206
1.836027	-0.35149969498813166
1.848033	-0.35214732089069412
1.860028	-0.35279629555173075
1.860028	-0.35279629555173075
1.860028	-0.35279629555173075
1.860028	-0.35279629555173075
1.860028	-0.35279629555173075
1.860028	-0.35279629555173075
1.920008	-0.35593501660132715
1.932009	-0.35651265061172477
1.932009	-0.35651265061172477
1.932009	-0.35651265061172477
1.932009	-0.35651265061172477
1.932009	-0.35651265061172477
1.980008	-0.35862518275204097
1.980008	-0.35862518275204097
1.980008	-0.35862518275204097
1.980008	-0.35862518275204097
1.980008	-0.35862518275204097
1.980008	-0.35862518275204097
1.980008	-0.35862518275204097
2.052009	-0.3608802393029294
2.052009	-0.3608802393029294
2.052009	-0.3608802393029294
2.052009	-0.3608802393029294
2.052009	-0.3608802393029294
2.100028	-0.36172039648835691
2.100028	-0.36172039648835691
2.100028	-0.36172039648835691
2.100028	-0.36172039648835691
2.100028	-0.36172039648835691
2.14804	-0.36199780232694428
2.160007	-0.36200167535122074
2.172008	-0.36195828222853721
2.172008	-0.36195828222853721
2.172008	-0.36195828222853721
2.172008	-0.36195828222853721
2.172008	-0.36195828222853721
2.220012	-0.36158143843382479
2.220012	-0.36158143843382479
2.232032	-0.36142748659135399
2.232032	-0.36142748659135399
2.232032	-0.36142748659135399
2.232032	-0.36142748659135399
2.280007	-0.36070241389497731
2.280007	-0.36070241389497731
2.280007	-0.36070241389497731
2.280007	-0.36070241389497731
2.280007	-0.36070241389497731
2.280007	-0.36070241389497731
2.340135	-0.35966052181442276
2.340135	-0.35966052181442276
2.340135	-0.35966052181442276
2.340135	-0.35966052181442276
2.340135	-0.35966052181442276
2.340135	-0.35966052181442276
2.400008	-0.35875521922384801
2.400008	-0.35875521922384801
2.400008	-0.35875521922384801
2.400008	-0.35875521922384801
2.400008	-0.35875521922384801
2.400008	-0.35875521922384801
2.460008	-0.3582076517222561
2.460008	-0.3582076517222561
2.460008	-0.3582076517222561
2.460008	-0.3582076517222561
2.460008	-0.3582076517222561
2.460008	-0.3582076517222561
2.520049	-0.35813659187242058
2.520053	-0.35813660856146268
2.520053	-0.35813660856146268
2.544011	-0.35824634862790306
2.544011	-0.35824634862790306
2.544011	-0.35824634862790306
2.580012	-0.35852811696946257
2.580012	-0.35852811696946257
2.580012	-0.35852811696946257
2.580012	-0.35852811696946257
2.580012	-0.35852811696946257
2.580012	-0.35852811696946257
2.640012	-0.35925083524045553
2.640012	-0.35925083524045553
2.640012	-0.35925083524045553
2.640012	-0.35925083524045553
2.640012	-0.35925083524045553
2.640012	-0.35925083524045553
2.700011	-0.36009295115237
2.700011	-0.36009295115237
2.700011	-0.36009295115237
2.700011	-0.36009295115237
2.700011	-0.36009295115237
2.748048	-0.36068980386460958
2.760032	-0.36081864588265106
2.772013	-0.36092585971621022
2.772013	-0.36092585971621022
2.772013	-0.36092585971621022
2.772013	-0.36092585971621022
2.772013	-0.36092585971621022
2.820012	-0.36122467810231051
2.820012	-0.36122467810231051
2.820012	-0.36122467810231051
2.820012	-0.36122467810231051
2.820012	-0.36122467810231051
2.820012	-0.36122467810231051
2.880016	-0.36118748450142052
2.880016	-0.36118748450142052
2.892049	-0.36111651239571263
2.892049	-0.36111651239571263
2.892049	-0.36111651239571263
2.892049	-0.36111651239571263
2.940012	-0.36068280856460955
2.952013	-0.36052541651071418
2.952013	-0.36052541651071418
2.952013	-0.36052541651071418
2.952013	-0.36052541651071418
2.952013	-0.36052541651071418
3.00012	-0.35977835202260994
3.00012	-0.35977835202260994
3.00012	-0.35977835202260994
3.024032	-0.35933496271671073
3.036012	-0.3591012211797644
3.036012	-0.3591012211797644
3.060032	-0.35861545887209695
3.060032	-0.35861545887209695
3.060032	-0.35861545887209695
3.060032	-0.35861545887209695
3.060032	-0.35861545887209695
3.060032	-0.35861545887209695
3.120012	-0.35735383546477012
3.120012	-0.35735383546477012
3.120012	-0.35735383546477012
3.120012	-0.35735383546477012
3.156032	-0.35661782279139737
3.156032	-0.35661782279139737
3.180032	-0.35615316185352791
3.192034	-0.35593566257509418
3.192034	-0.35593566257509418
3.192034	-0.35593566257509418
3.192034	-0.35593566257509418
3.228051	-0.35533145961399265
3.240011	-0.35514809280286491
3.252013	-0.354983879279823
3.252013	-0.354983879279823
3.252013	-0.354983879279823
3.252013	-0.354983879279823
3.252013	-0.354983879279823
3.300037	-0.35443736421065863
3.300037	-0.35443736421065863
3.300037	-0.35443736421065863
3.300037	-0.35443736421065863
3.300037	-0.35443736421065863
3.348045	-0.3541344634124523
3.360011	-0.3540916437190329
3.372013	-0.35407603599865428
3.372013	-0.35407603599865428
3.372013	-0.35407603599865428
3.372013	-0.35407603599865428
3.372013	-0.35407603599865428
3.420032	-0.35415447197196015
3.420032	-0.35415447197196015
3.420032	-0.35415447197196015
3.420032	-0.35415447197196015
3.420032	-0.35415447197196015
3.468037	-0.35451828486612785
3.480012	-0.35464455954737539
3.492013	-0.35479895182567706
3.492013	-0.35479895182567706
3.492013	-0.35479895182567706
3.492013	-0.35479895182567706
3.492013	-0.35479895182567706
3.540016	-0.35554974534846617
3.54002	-0.35554982252170303
3.54002	-0.35554982252170303
3.54002	-0.35554982252170303
3.54002	-0.35554982252170303
3.54002	-0.35554982252170303
3.600015	-0.35681522549415451
3.600015	-0.35681522549415451
3.600015	-0.35681522549415451
3.600015	-0.35681522549415451
3.600015	-0.35681522549415451
3.600015	-0.35681522549415451
3.660143	-0.35833930815394982
3.660143	-0.35833930815394982
3.660143	-0.35833930815394982
3.660143	-0.35833930815394982
3.660143	-0.35833930815394982
3.660143	-0.35833930815394982
3.720015	-0.35995548598689625
3.720015	-0.35995548598689625
3.720015	-0.35995548598689625
3.720015	-0.35995548598689625
3.720015	-0.35995548598689625
3.720015	-0.35995548598689625
3.780016	-0.36147991016412134
3.780016	-0.36147991016412134
3.780016	-0.36147991016412134
3.780016	-0.36147991016412134
3.780016	-0.36147991016412134
3.780016	-0.36147991016412134
3.840036	-0.36270357650585405
3.840036	-0.36270357650585405
3.840036	-0.36270357650585405
3.840036	-0.36270357650585405
3.840036	-0.36270357650585405
3.840036	-0.36270357650585405
3.900015	-0.36344370483529226
3.900015	-0.36344370483529226
3.900015	-0.36344370483529226
3.900015	-0.36344370483529226
3.900015	-0.36344370483529226
3.900015	-0.36344370483529226
3.900015	-0.36344370483529226
3.900015	-0.36344370483529226
3.900015	-0.36344370483529226
3.900015	-0.36344370483529226
3.900015	-0.36344370483529226
3.900015	-0.36344370483529226
4.020017	-0.36307721610365762
4.020017	-0.36307721610365762
4.032016	-0.36289657067100733
4.044015	-0.36270387622565381
4.056073	-0.36248615649450333
4.068049	-0.36224802335640394
4.068049	-0.36224802335640394
4.080036	-0.3619988936036726
4.080036	-0.3619988936036726
4.080036	-0.3619988936036726
4.080036	-0.3619988936036726
4.080036	-0.3619988936036726
4.140028	-0.36049394687445852
4.140028	-0.36049394687445852
4.140028	-0.36049394687445852
4.140028	-0.36049394687445852
4.140028	-0.36049394687445852
4.140028	-0.36049394687445852
4.20002	-0.35876523309767838
4.20002	-0.35876523309767838
4.20002	-0.35876523309767838
4.20002	-0.35876523309767838
4.20002	-0.35876523309767838
4.20002	-0.35876523309767838
4.260053	-0.35703094840446997
4.260053	-0.35703094840446997
4.260053	-0.35703094840446997
4.260053	-0.35703094840446997
4.260053	-0.35703094840446997
4.260053	-0.35703094840446997
4.320147	-0.35548990575028838
4.320147	-0.35548990575028838
4.320147	-0.35548990575028838
4.344035	-0.35497078291099071
4.344035	-0.35497078291099071
4.344035	-0.35497078291099071
4.380015	-0.35430047653350766
4.380015	-0.35430047653350766
4.392015	-0.35411915548625511
4.392015	-0.35411915548625511
4.392015	-0.35411915548625511
4.42804	-0.35366884863649245
4.440016	-0.35355085736604608
4.440016	-0.35355085736604608
4.452057	-0.35346481102785793
4.452057	-0.35346481102785793
4.452057	-0.35346481102785793
4.488049	-0.35330601106904203
4.500036	-0.35328575298060055
4.500036	-0.35328575298060055
4.512018	-0.35329764731619134
4.512018	-0.35329764731619134
4.512018	-0.35329764731619134
4.512022	-0.35329765128692597
4.560019	-0.35350251790933701
4.572042	-0.35360702573733394
4.572042	-0.35360702573733394
4.572042	-0.35360702573733394
4.572042	-0.35360702573733394
4.572042	-0.35360702573733394
4.62002	-0.3541649711725911
4.62002	-0.3541649711725911
4.632042	-0.35435109457531888
4.632042	-0.35435109457531888
4.632042	-0.35435109457531888
4.632042	-0.35435109457531888
4.68002	-0.35521008675277954
4.68002	-0.35521008675277954
4.68002	-0.35521008675277954
4.68002	-0.35521008675277954
4.68002	-0.35521008675277954
4.68002	-0.35521008675277954
4.74004	-0.3565503302829699
4.74004	-0.3565503302829699
4.74004	-0.3565503302829699
4.74004	-0.3565503302829699
4.74004	-0.3565503302829699
4.74004	-0.3565503302829699
4.80002	-0.35806994340805753
4.80002	-0.35806994340805753
4.80002	-0.35806994340805753
4.80002	-0.35806994340805753
4.80002	-0.35806994340805753
4.80002	-0.35806994340805753
4.860024	-0.35963041363861864
4.860024	-0.35963041363861864
4.860024	-0.35963041363861864
4.860024	-0.35963041363861864
4.860024	-0.35963041363861864
4.860024	-0.35963041363861864
4.920019	-0.36107160454699744
4.920019	-0.36107160454699744
4.932021	-0.36132693666766758
4.932021	-0.36132693666766758
4.932021	-0.36132693666766758
4.932021	-0.36132693666766758
4.980128	-0.3622320521169819
4.980128	-0.3622320521169819
4.980128	-0.3622320521169819
5.00404	-0.36257712861120928
5.00404	-0.36257712861120928
5.00404	-0.36257712861120928
5.00404	-0.36257712861120928
5.040598	-0.36296555342358655
5.040598	-0.36296555342358655
5.040598	-0.36296555342358655
5.040598	-0.36296555342358655
5.040598	-0.36296555342358655
5.100049	-0.36316463730256809
5.100049	-0.36316463730256809
5.100049	-0.36316463730256809
5.100049	-0.36316463730256809
5.100049	-0.36316463730256809
5.100049	-0.36316463730256809
5.16004	-0.36280359366653564
5.16004	-0.36280359366653564
5.172077	-0.36265877254107287
5.172077	-0.36265877254107287
5.19602	-0.36232643863931313
5.19602	-0.36232643863931313
5.220019	-0.36192030526618379
5.220019	-0.36192030526618379
5.232042	-0.3616841682372961
5.244059	-0.36143998957191542
5.256024	-0.361180939417651
5.256024	-0.361180939417651
5.28002	-0.36062742770814854
5.28002	-0.36062742770814854
5.292042	-0.36033039783483856
5.30402	-0.36003039436228784
5.316027	-0.35972160648648338
5.316027	-0.35972160648648338
5.34002	-0.35909151401040112
5.34002	-0.35909151401040112
5.34002	-0.35909151401040112
5.36402	-0.35845187937988987
5.37606	-0.3581316123907981
5.37606	-0.3581316123907981
5.40004	-0.35750186686652424
5.40004	-0.35750186686652424
5.40004	-0.35750186686652424
5.40004	-0.35750186686652424
5.40004	-0.35750186686652424
5.40004	-0.35750186686652424
5.460041	-0.35604169142679237
5.460041	-0.35604169142679237
5.460041	-0.35604169142679237
5.460041	-0.35604169142679237
5.460041	-0.35604169142679237
5.508082	-0.35507232696855806
5.520024	-0.35485987727919721
5.520024	-0.35485987727919721
5.532048	-0.35467153667680995
5.532052	-0.35467147402191895
5.532052	-0.35467147402191895
5.568049	-0.35418980706415654
5.580024	-0.35405743963075603
5.592045	-0.35395352448355366
5.592045	-0.35395352448355366
5.604024	-0.35385983362767359
5.604024	-0.35385983362767359
5.604024	-0.35385983362767359
5.640137	-0.35368605451870694
5.640137	-0.35368605451870694
5.640137	-0.35368605451870694
5.640137	-0.35368605451870694
5.640137	-0.35368605451870694
5.640137	-0.35368605451870694
5.700025	-0.35375308770256647
5.700025	-0.35375308770256647
5.700025	-0.35375308770256647
5.700025	-0.35375308770256647
5.700025	-0.35375308770256647
5.700025	-0.35375308770256647
5.760025	-0.35422991962390082
5.760025	-0.35422991962390082
5.760025	-0.35422991962390082
5.784031	-0.35452688108075797
5.784031	-0.35452688108075797
5.784031	-0.35452688108075797
5.820045	-0.35506230475797018
5.820045	-0.35506230475797018
5.820045	-0.35506230475797018
5.820045	-0.35506230475797018
5.820045	-0.35506230475797018
5.820045	-0.35506230475797018
5.880025	-0.35617301149374303
5.880025	-0.35617301149374303
5.880025	-0.35617301149374303
5.880025	-0.35617301149374303
5.880025	-0.35617301149374303
5.928067	-0.35720110511948105
5.940025	-0.35746719552260536
5.940025	-0.35746719552260536
5.940025	-0.35746719552260536
5.940025	-0.35746719552260536
5.940025	-0.35746719552260536
5.940025	-0.35746719552260536
6.000024	-0.35882995926194089
6.000024	-0.35882995926194089
6.012029	-0.35909853150750959
6.012029	-0.35909853150750959
6.012029	-0.35909853150750959
6.012029	-0.35909853150750959
6.012029	-0.35909853150750959
6.012029	-0.35909853150750959
6.060045	-0.36013230808051971
6.084045	-0.36060331093018261
6.084045	-0.36060331093018261
6.084045	-0.36060331093018261
6.084045	-0.36060331093018261
6.120046	-0.3612380703349114
6.132037	-0.36141955854093966
6.132037	-0.36141955854093966
6.132037	-0.36141955854093966
6.168085	-0.36189109456920371
6.168085	-0.36189109456920371
6.180029	-0.36202166935832741
6.192047	-0.36212487907167618
6.204025	-0.36221776457747573
6.216045	-0.36229118577744412
6.228048	-0.3623437659062218
6.240025	-0.36238599743195532
6.240025	-0.36238599743195532
6.252048	-0.3623967364024881
6.252048	-0.3623967364024881
6.252048	-0.3623967364024881
6.252048	-0.3623967364024881
6.300134	-0.3622791616761934
6.300134	-0.3622791616761934
6.300134	-0.3622791616761934
6.300134	-0.3622791616761934
6.300134	-0.3622791616761934
6.300134	-0.3622791616761934
6.360025	-0.36171152809539941
6.360025	-0.36171152809539941
6.360025	-0.36171152809539941
6.360025	-0.36171152809539941
6.360025	-0.36171152809539941
6.360025	-0.36171152809539941
6.420025	-0.36074995334786913
6.420025	-0.36074995334786913
6.420025	-0.36074995334786913
6.420025	-0.36074995334786913
6.420025	-0.36074995334786913
6.420025	-0.36074995334786913
6.480055	-0.35951476654186915
6.480055	-0.35951476654186915
6.480055	-0.35951476654186915
6.480055	-0.35951476654186915
6.480055	-0.35951476654186915
6.480055	-0.35951476654186915
6.540025	-0.35815940162475052
6.552025	-0.35788853291861111
6.55203	-0.35788842005665022
6.55203	-0.35788842005665022
6.55203	-0.35788842005665022
6.588163	-0.35709274179223743
6.60003	-0.356839657685668
6.60003	-0.356839657685668
6.60003	-0.356839657685668
6.62403	-0.35635670307732442
6.636028	-0.35612749833675877
6.636028	-0.35612749833675877
6.660028	-0.35569762689416318
6.660028	-0.35569762689416318
6.672036	-0.35550460276557255
6.684028	-0.35531889421928814
6.69607	-0.3551464251202584
6.69607	-0.3551464251202584
6.69607	-0.3551464251202584
6.69607	-0.3551464251202584
6.69607	-0.3551464251202584
6.69607	-0.3551464251202584
6.69607	-0.3551464251202584
6.69607	-0.3551464251202584
6.69607	-0.3551464251202584
6.792028	-0.35428564802045454
6.792028	-0.35428564802045454
6.804028	-0.35424352800358522
6.804028	-0.35424352800358522
6.804028	-0.35424352800358522
6.804028	-0.35424352800358522
6.804028	-0.35424352800358522
6.85205	-0.35423475554689704
6.85205	-0.35423475554689704
6.85205	-0.35423475554689704
6.888058	-0.35438111532329108
6.888058	-0.35438111532329108
6.888058	-0.35438111532329108
6.888058	-0.35438111532329108
6.888058	-0.35438111532329108
6.936028	-0.35476502681627498
6.94806	-0.35489436674087804
6.960147	-0.355031128938186
6.972054	-0.35518391211262518
6.972054	-0.35518391211262518
6.984048	-0.35534349436567925
6.984048	-0.35534349436567925
6.984048	-0.35534349436567925
6.984048	-0.35534349436567925
6.984048	-0.35534349436567925
6.984048	-0.35534349436567925
6.984048	-0.35534349436567925
6.984048	-0.35534349436567925
6.984048	-0.35534349436567925
6.984048	-0.35534349436567925
6.984048	-0.35534349436567925
7.092079	-0.35715865795505164
7.104145	-0.35738856304027738
7.116048	-0.35761849167267828
7.128053	-0.35785201682382861
7.128053	-0.35785201682382861
7.128053	-0.35785201682382861
7.128053	-0.35785201682382861
7.128053	-0.35785201682382861
7.128053	-0.35785201682382861
7.188052	-0.35901354656144469
7.200028	-0.35923957839982379
7.212028	-0.35945838309441464
7.212028	-0.35945838309441464
7.212028	-0.35945838309441464
7.212028	-0.35945838309441464
7.24807	-0.3600829881416826
7.24807	-0.3600829881416826
7.260754	-0.36028897806965532
7.272049	-0.36045896669942484
7.272049	-0.36045896669942484
7.272049	-0.36045896669942484
7.308065	-0.36094693421545698
7.308065	-0.36094693421545698
7.308065	-0.36094693421545698
7.308065	-0.36094693421545698
7.308065	-0.36094693421545698
7.308065	-0.36094693421545698
7.368112	-0.36150754664974827
7.380049	-0.3615811385399636
7.392029	-0.36162940496479756
7.392029	-0.36162940496479756
7.404048	-0.36166888943520525
7.416028	-0.36169070076997167
7.428053	-0.36169454240864618
7.440028	-0.36168943862835112
7.440028	-0.36168943862835112
7.452038	-0.36165743696608543
7.452038	-0.36165743696608543
7.452038	-0.36165743696608543
7.48809	-0.36148178283299709
7.500053	-0.36139757305506798
7.500053	-0.36139757305506798
7.500053	-0.36139757305506798
7.524046	-0.36117167703702796
7.536048	-0.36103936427693645
7.548061	-0.36089254479460564
7.560028	-0.36073921684468618
7.560032	-0.36073915917610644
7.560032	-0.36073915917610644
7.560032	-0.36073915917610644
7.560032	-0.36073915917610644
7.560032	-0.36073915917610644
7.620652	-0.35978260386529826
7.620652	-0.35978260386529826
7.620652	-0.35978260386529826
7.644052	-0.35935890580266183
7.644052	-0.35935890580266183
7.644052	-0.35935890580266183
7.680032	-0.35867654258327497
7.680032	-0.35867654258327497
7.680032	-0.35867654258327497
7.704032	-0.3582111303109291
7.704032	-0.3582111303109291
7.728056	-0.35774790241643051
7.740032	-0.35751911955940774
7.752076	-0.35729501906308114
7.752076	-0.35729501906308114
7.752076	-0.35729501906308114
7.776052	-0.35686040333507857
7.776052	-0.35686040333507857
7.776052	-0.35686040333507857
7.776052	-0.35686040333507857
7.776052	-0.35686040333507857
7.776052	-0.35686040333507857
7.776052	-0.35686040333507857
7.800052	-0.35644952821168624
7.860032	-0.35557704375221832
7.860032	-0.35557704375221832
7.860032	-0.35557704375221832
7.884069	-0.35530376591944307
7.884069	-0.35530376591944307
7.884069	-0.35530376591944307
7.920032	-0.3549782780532249
7.920032	-0.3549782780532249
7.920032	-0.3549782780532249
7.920032	-0.3549782780532249
7.920032	-0.3549782780532249
7.968057	-0.3547308848041078
7.980032	-0.3546965124386493
7.992034	-0.35468395264563496
7.992034	-0.35468395264563496
7.992034	-0.35468395264563496
7.992034	-0.35468395264563496
7.992034	-0.35468395264563496
7.992034	-0.35468395264563496
8.040053	-0.35474192085931361
8.052034	-0.35479303532718703
8.052034	-0.35479303532718703
8.052034	-0.35479303532718703
8.088065	-0.35500621217215123
8.100032	-0.35509619467338771
8.100032	-0.35509619467338771
8.100032	-0.35509619467338771
8.100032	-0.35509619467338771
8.136032	-0.35544304538463445
8.149092	-0.35559068861901832
8.149092	-0.35559068861901832
8.149092	-0.35559068861901832
8.149092	-0.35559068861901832
8.185146	-0.35604697591111956
8.185146	-0.35604697591111956
8.185146	-0.35604697591111956
8.185146	-0.35604697591111956
8.185146	-0.35604697591111956
8.185146	-0.35604697591111956
8.185146	-0.35604697591111956
8.209032	-0.35638692365177871
8.269072	-0.35733221030128554
8.281484	-0.35753790070387653
8.281484	-0.35753790070387653
8.281484	-0.35753790070387653
8.281484	-0.35753790070387653
8.281484	-0.35753790070387653
8.329032	-0.35833759036819107
8.329032	-0.35833759036819107
8.329032	-0.35833759036819107
8.329032	-0.35833759036819107
8.329032	-0.35833759036819107
8.377034	-0.35912336001588496
8.389034	-0.35930938328599887
8.389034	-0.35930938328599887
8.389034	-0.35930938328599887
8.389034	-0.35930938328599887
8.389034	-0.35930938328599887
8.437035	-0.35999740600251512
8.437035	-0.35999740600251512
8.449053	-0.36014884727130958
8.461432	-0.36029932834716105
8.461432	-0.36029932834716105
8.461432	-0.36029932834716105
8.461432	-0.36029932834716105
8.509033	-0.3607645284341886
8.52104	-0.36085760813889922
8.533143	-0.36093254876093961
8.533143	-0.36093254876093961
8.533143	-0.36093254876093961
8.533143	-0.36093254876093961
8.569033	-0.36108589590083423
8.569033	-0.36108589590083423
8.581063	-0.36111443008120697
8.581063	-0.36111443008120697
8.581063	-0.36111443008120697
8.581063	-0.36111443008120697
8.629062	-0.36107254198713945
8.64104	-0.36103268489403223
8.64104	-0.36103268489403223
8.64104	-0.36103268489403223
8.64104	-0.36103268489403223
8.64104	-0.36103268489403223
8.68906	-0.36072384122311169
8.68906	-0.36072384122311169
8.701041	-0.36062009465267836
8.701041	-0.36062009465267836
8.701041	-0.36062009465267836
8.701041	-0.36062009465267836
8.749041	-0.36008096961603547
8.761061	-0.35992524497278283
8.773121	-0.35975666682845142
8.773121	-0.35975666682845142
8.773121	-0.35975666682845142
8.773121	-0.35975666682845142
8.809044	-0.35922072699494589
8.809044	-0.35922072699494589
8.821061	-0.35903211064669011
8.833117	-0.35883704925301696
8.833117	-0.35883704925301696
8.833117	-0.35883704925301696
8.869041	-0.35824547958391945
8.869041	-0.35824547958391945
8.869041	-0.35824547958391945
8.869041	-0.35824547958391945
8.869041	-0.35824547958391945
8.917039	-0.35745675741302219
8.929085	-0.3572658382845682
8.929085	-0.3572658382845682
8.929085	-0.3572658382845682
8.929085	-0.3572658382845682
8.929085	-0.3572658382845682
8.977059	-0.35655047178445037
8.989039	-0.35638911446574001
8.989039	-0.35638911446574001
9.013106	-0.3560856209565883
9.013106	-0.3560856209565883
9.025156	-0.35594629845396397
9.025156	-0.35594629845396397
9.049039	-0.35569941383444642
9.049039	-0.35569941383444642
9.049039	-0.35569941383444642
9.073484	-0.35548652869093894
9.073484	-0.35548652869093894
9.073484	-0.35548652869093894
9.109059	-0.35525702144348759
9.109059	-0.35525702144348759
9.109059	-0.35525702144348759
9.109059	-0.35525702144348759
9.145138	-0.35512329962427658
9.157064	-0.35510098506251381
9.169039	-0.35509286402625978
9.181039	-0.35509099812837425
9.181039	-0.35509099812837425
9.181039	-0.35509099812837425
9.181039	-0.35509099812837425
9.181039	-0.35509099812837425
9.229039	-0.35520976707438795
9.229039	-0.35520976707438795
9.229039	-0.35520976707438795
9.229039	-0.35520976707438795
9.229039	-0.35520976707438795
9.229039	-0.35520976707438795
9.28906	-0.35558726350038128
9.28906	-0.35558726350038128
9.28906	-0.35558726350038128
9.28906	-0.35558726350038128
9.28906	-0.35558726350038128
9.337046	-0.35604864627394028
9.349059	-0.35618443145685824
9.349059	-0.35618443145685824
9.349059	-0.35618443145685824
9.349059	-0.35618443145685824
9.349059	-0.35618443145685824
9.397039	-0.35678157745728878
9.409039	-0.35694402191030244
9.42106	-0.35710893754016426
9.42106	-0.35710893754016426
9.433116	-0.35727915496797807
9.433116	-0.35727915496797807
9.433116	-0.35727915496797807
9.433116	-0.35727915496797807
9.469043	-0.35779610471707451
9.481483	-0.35797705770917398
9.493112	-0.35814603135746842
9.493112	-0.35814603135746842
9.493112	-0.35814603135746842
9.493112	-0.35814603135746842
9.529041	-0.35865993387086476
9.541041	-0.35882763643003773
9.541041	-0.35882763643003773
9.541041	-0.35882763643003773
9.541046	-0.35882770404777181
9.58909	-0.3594512070277221
9.58909	-0.3594512070277221
9.58909	-0.3594512070277221
9.58909	-0.3594512070277221
9.625145	-0.35985701203545828
9.625145	-0.35985701203545828
9.649044	-0.36008600844630434
9.649044	-0.36008600844630434
9.649044	-0.36008600844630434
9.649044	-0.36008600844630434
9.649044	-0.36008600844630434
9.649044	-0.36008600844630434
9.709044	-0.36049620712094332
9.721091	-0.36054978622430439
9.721091	-0.36054978622430439
9.733652	-0.3605878033159331
9.745197	-0.36061440517862114
9.745197	-0.36061440517862114
9.769064	-0.36063359847387405
9.769064	-0.36063359847387405
9.769064	-0.36063359847387405
9.793109	-0.36060736599828264
9.793109	-0.36060736599828264
9.793109	-0.36060736599828264
9.829065	-0.36048079521195098
9.829065	-0.36048079521195098
9.829065	-0.36048079521195098
9.853151	-0.36034086286707523
9.865149	-0.36025577075468945
9.878072	-0.36015373219469815
9.878072	-0.36015373219469815
9.902067	-0.35993308738309993
9.902067	-0.35993308738309993
9.902067	-0.35993308738309993
9.902067	-0.35993308738309993
9.938069	-0.35954062974256301
9.950052	-0.35939483926853694
9.962044	-0.35924573112261415
9.962044	-0.35924573112261415
9.97412	-0.35908828521645847
9.97412	-0.35908828521645847
9.97412	-0.35908828521645847
9.97412	-0.35908828521645847
9.97412	-0.35908828521645847
10.022066	-0.35843081897796841
10.034064	-0.35826063465314867
10.046063	-0.35809026411857797
10.046063	-0.35809026411857797
10.070044	-0.35775089114538444
10.070044	-0.35775089114538444
10.070044	-0.35775089114538444
10.070044	-0.35775089114538444
10.070044	-0.35775089114538444
10.070044	-0.35775089114538444
10.070044	-0.35775089114538444
10.070044	-0.35775089114538444
10.070044	-0.35775089114538444
10.070044	-0.35775089114538444
10.070044	-0.35775089114538444
10.070044	-0.35775089114538444
10.190044	-0.35625932497342394
10.190044	-0.35625932497342394
10.190044	-0.35625932497342394
10.190044	-0.35625932497342394
10.190044	-0.35625932497342394
10.190044	-0.35625932497342394
10.190044	-0.35625932497342394
10.190044	-0.35625932497342394
10.190044	-0.35625932497342394
10.190044	-0.35625932497342394
10.287066	-0.35556995800423868
10.299046	-0.35552452161932541
10.299046	-0.35552452161932541
10.299046	-0.35552452161932541
10.299046	-0.35552452161932541
10.299046	-0.35552452161932541
10.299046	-0.35552452161932541
10.359086	-0.35545711150404408
10.371482	-0.35547638598038223
10.371482	-0.35547638598038223
10.371482	-0.35547638598038223
10.371482	-0.35547638598038223
10.371482	-0.35547638598038223
10.419065	-0.35563055561756707
10.419065	-0.35563055561756707
10.419065	-0.35563055561756707
10.419065	-0.35563055561756707
10.455144	-0.35584334757513514
10.455144	-0.35584334757513514
10.455144	-0.35584334757513514
10.455144	-0.35584334757513514
10.455144	-0.35584334757513514
10.455144	-0.35584334757513514
10.479046	-0.35602137125544914
10.527048	-0.3564653955480922
10.539066	-0.35658957632523031
10.551046	-0.35672088230679649
10.551046	-0.35672088230679649
10.551046	-0.35672088230679649
10.55105	-0.35672092636077229
10.58705	-0.35713580325518801
10.599079	-0.35728039866213912
10.611051	-0.35742779265945068
10.62316	-0.35757774736074388
10.62316	-0.35757774736074388
10.62316	-0.35757774736074388
10.647071	-0.3578774451742317
10.65905	-0.35802799999668633
10.65905	-0.35802799999668633
10.65905	-0.35802799999668633
10.683117	-0.35832773251816241
10.69515	-0.35847518002220052
10.69515	-0.35847518002220052
10.71905	-0.35876110942009576
10.71905	-0.35876110942009576
10.71905	-0.35876110942009576
10.74312	-0.35903377813077497
10.74312	-0.35903377813077497
10.74312	-0.35903377813077497
10.779069	-0.35940608861388296
10.79105	-0.35951620342121882
10.79105	-0.35951620342121882
10.79105	-0.35951620342121882
10.79105	-0.35951620342121882
10.79105	-0.35951620342121882
10.83905	-0.35989470171342103
10.85105	-0.35996620654985784
10.863142	-0.36003319447773863
10.863142	-0.36003319447773863
10.863142	-0.36003319447773863
10.863142	-0.36003319447773863
10.899053	-0.3601738154462244
10.899053	-0.3601738154462244
10.91107	-0.36019845069864476
10.923112	-0.36021754727275729
10.923112	-0.36021754727275729
10.947049	-0.36022115897908041
10.959048	-0.36021119398550133
10.959048	-0.36021119398550133
10.983117	-0.36015506367978195
10.983117	-0.36015506367978195
10.995148	-0.36011218309056597
11.007048	-0.36006056339595105
11.019095	-0.36000189013430012
11.019095	-0.36000189013430012
11.019095	-0.36000189013430012
11.019095	-0.36000189013430012
11.019095	-0.36000189013430012
11.019095	-0.36000189013430012
11.079067	-0.35957073612482454
11.079067	-0.35957073612482454
11.103114	-0.35934550323203768
11.103114	-0.35934550323203768
11.103114	-0.35934550323203768
11.103114	-0.35934550323203768
11.139048	-0.35896814914447267
11.139048	-0.35896814914447267
11.139048	-0.35896814914447267
11.139048	-0.35896814914447267
11.175168	-0.35855086559999394
11.175168	-0.35855086559999394
11.199088	-0.35826331047935472
11.199088	-0.35826331047935472
11.199088	-0.35826331047935472
11.199088	-0.35826331047935472
11.235163	-0.35782411572795625
11.248073	-0.3576686074253817
11.260048	-0.35752518410493006
11.260048	-0.35752518410493006
11.260048	-0.35752518410493006
11.260048	-0.35752518410493006
11.260048	-0.35752518410493006
11.308073	-0.35698284125607177
11.320068	-0.35685550348964912
11.320068	-0.35685550348964912
11.320068	-0.35685550348964912
11.320068	-0.35685550348964912
11.320068	-0.35685550348964912
11.320068	-0.35685550348964912
11.380048	-0.35631052785883394
11.392056	-0.35622350916252299
11.392056	-0.35622350916252299
11.404204	-0.35613986692969701
11.404204	-0.35613986692969701
11.428095	-0.35600058593786749
11.428095	-0.35600058593786749
11.428095	-0.35600058593786749
11.428095	-0.35600058593786749
11.44005	-0.35593963429174791
11.47605	-0.35581572956267876
11.488091	-0.3557916641856097
11.50005	-0.3557724668684264
11.51205	-0.35576738608794295
11.51205	-0.35576738608794295
11.51205	-0.35576738608794295
11.51205	-0.35576738608794295
11.51205	-0.35576738608794295
11.51205	-0.35576738608794295
11.51205	-0.35576738608794295
11.512055	-0.35576738397095109
11.56007	-0.3558175384249927
11.596055	-0.35594417861887384
11.596055	-0.35594417861887384
11.596055	-0.35594417861887384
11.596055	-0.35594417861887384
11.596055	-0.35594417861887384
11.596055	-0.35594417861887384
11.596055	-0.35594417861887384
11.620076	-0.35606388643400894
11.680059	-0.35648345012032706
11.680059	-0.35648345012032706
11.680059	-0.35648345012032706
11.704055	-0.35669180107097875
11.704055	-0.35669180107097875
11.728079	-0.35691761184305409
11.728079	-0.35691761184305409
11.728079	-0.35691761184305409
11.728079	-0.35691761184305409
11.728079	-0.35691761184305409
11.740055	-0.35703452299276273
11.788086	-0.35753540311422294
11.788086	-0.35753540311422294
11.788086	-0.35753540311422294
11.788086	-0.35753540311422294
11.788086	-0.35753540311422294
11.836055	-0.35805413895881039
11.848114	-0.35818357484793145
11.860055	-0.35831119065329897
11.860055	-0.35831119065329897
11.860055	-0.35831119065329897
11.860055	-0.35831119065329897
11.860055	-0.35831119065329897
11.908078	-0.35879761451627595
11.920074	-0.35891231240777982
11.920074	-0.35891231240777982
11.920074	-0.35891231240777982
11.920074	-0.35891231240777982
11.920074	-0.35891231240777982
11.932099	-0.35902009826726583
11.980075	-0.35940555924715911
11.980075	-0.35940555924715911
11.980075	-0.35940555924715911
12.004055	-0.35955880547295693
12.016073	-0.35962586563623822
12.016073	-0.35962586563623822
12.040053	-0.35973866813341904
12.040053	-0.35973866813341904
12.040053	-0.35973866813341904
12.040053	-0.35973866813341904
12.040053	-0.35973866813341904
12.088094	-0.35986199136650382
12.088094	-0.35986199136650382
12.088094	-0.35986199136650382
12.088094	-0.35986199136650382
12.088094	-0.35986199136650382
12.088094	-0.35986199136650382
12.088094	-0.35986199136650382
12.088094	-0.35986199136650382
12.160449	-0.35979846112090136
12.160449	-0.35979846112090136
12.160449	-0.35979846112090136
12.160449	-0.35979846112090136
12.160449	-0.35979846112090136
12.160449	-0.35979846112090136
12.220553	-0.35951799658011613
12.232058	-0.35944151697328225
12.244081	-0.35935804509053415
12.244081	-0.35935804509053415
12.244081	-0.35935804509053415
12.280074	-0.35907191082302664
12.280074	-0.35907191082302664
12.280074	-0.35907191082302664
12.280074	-0.35907191082302664
12.316053	-0.35874113834595084
12.328116	-0.35862331354360183
12.340094	-0.35850467947328207
12.340094	-0.35850467947328207
12.352075	-0.35838259080216489
12.352075	-0.35838259080216489
12.352075	-0.35838259080216489
12.388078	-0.358010782586063
12.400053	-0.35788633232624806
12.412083	-0.35776238284747308
12.412083	-0.35776238284747308
12.412083	-0.35776238284747308
12.412083	-0.35776238284747308
12.448079	-0.35740021125649507
12.448079	-0.35740021125649507
12.448079	-0.35740021125649507
12.448079	-0.35740021125649507
12.448079	-0.35740021125649507
12.460093	-0.35728306111716035
12.509053	-0.35685025425968669
12.509053	-0.35685025425968669
12.533119	-0.35666663358038708
12.533119	-0.35666663358038708
12.533119	-0.35666663358038708
12.533119	-0.35666663358038708
12.533119	-0.35666663358038708
12.569053	-0.35643934944830818
12.593156	-0.3563219504053905
12.593156	-0.3563219504053905
12.593156	-0.3563219504053905
12.593156	-0.3563219504053905
12.629077	-0.3562070540904147
12.629077	-0.3562070540904147
12.629077	-0.3562070540904147
12.629077	-0.3562070540904147
12.665155	-0.35616843412184218
12.665155	-0.35616843412184218
12.689079	-0.35618957596305995
12.689079	-0.35618957596305995
12.689079	-0.35618957596305995
12.689079	-0.35618957596305995
12.689079	-0.35618957596305995
12.689079	-0.35618957596305995
12.749058	-0.35640901203751102
12.749058	-0.35640901203751102
12.761091	-0.35647978369137462
12.761091	-0.35647978369137462
12.761091	-0.35647978369137462
12.797058	-0.35675812798314049
12.809058	-0.35687129470030804
12.821079	-0.35698989573015322
12.833132	-0.35712272778298904
12.833132	-0.35712272778298904
12.845212	-0.35726214353175462
12.845212	-0.35726214353175462
12.869077	-0.3575641721587503
12.869077	-0.3575641721587503
12.881058	-0.35772526360845253
12.881058	-0.35772526360845253
12.905263	-0.35807828417333676
12.917058	-0.35825877639086323
12.929058	-0.35844958032961982
12.929058	-0.35844958032961982
12.929058	-0.35844958032961982
12.929058	-0.35844958032961982
12.929058	-0.35844958032961982
12.929058	-0.35844958032961982
12.989062	-0.35946537881955509
13.001078	-0.35967746084383118
13.001078	-0.35967746084383118
13.013134	-0.35989305851028136
13.013134	-0.35989305851028136
13.013134	-0.35989305851028136
13.049059	-0.36053732394072496
13.061059	-0.36075157222313764
13.073134	-0.36096390759231128
13.073134	-0.36096390759231128
13.073134	-0.36096390759231128
13.073134	-0.36096390759231128
13.109098	-0.36157629697767868
13.121064	-0.36177211981277407
13.121064	-0.36177211981277407
13.133496	-0.36196586319915691
13.133496	-0.36196586319915691
13.157081	-0.36231544226567974
13.16906	-0.36247826958106338
13.16906	-0.36247826958106338
13.16906	-0.36247826958106338
13.16906	-0.36247826958106338
13.205168	-0.36291468949044769
13.217086	-0.36303777022143402
13.22906	-0.36314606743660621
13.241103	-0.36324801225235287
13.241103	-0.36324801225235287
13.241103	-0.36324801225235287
13.241103	-0.36324801225235287
13.277061	-0.36346014968855445
13.28908	-0.36350084717398795
13.30106	-0.36353343655134301
13.30106	-0.36353343655134301
13.30106	-0.36353343655134301
13.325213	-0.36354383617175051
13.325213	-0.36354383617175051
13.34908	-0.36349718272620579
13.34908	-0.36349718272620579
13.373176	-0.36339286897401624
13.373176	-0.36339286897401624
13.373176	-0.36339286897401624
13.397082	-0.36323806689392329
13.40906	-0.36314277731884348
13.40906	-0.36314277731884348
13.40906	-0.36314277731884348
13.40906	-0.36314277731884348
13.40906	-0.36314277731884348
13.45707	-0.362690537219378
13.46908	-0.36256089993725871
13.48106	-0.36242858574084458
13.48106	-0.36242858574084458
13.48106	-0.36242858574084458
13.48106	-0.36242858574084458
13.536923	-0.36172302871997331
13.548127	-0.36156792733401172
13.548127	-0.36156792733401172
13.561064	-0.36138676970027689
13.561064	-0.36138676970027689
13.585059	-0.36104683758041639
13.597179	-0.3608773004973268
13.597179	-0.3608773004973268
13.597179	-0.3608773004973268
13.597179	-0.3608773004973268
13.597179	-0.3608773004973268
13.597179	-0.3608773004973268
13.657264	-0.3601449602953059
13.657264	-0.3601449602953059
13.657264	-0.3601449602953059
13.681064	-0.35992630655473595
13.681064	-0.35992630655473595
13.681064	-0.35992630655473595
13.717178	-0.35968474252198246
13.717178	-0.35968474252198246
13.729064	-0.35962955483429021
13.729064	-0.35962955483429021
13.753146	-0.35954938089676347
13.753146	-0.35954938089676347
13.777189	-0.35951862211583041
13.777189	-0.35951862211583041
13.777189	-0.35951862211583041
13.777189	-0.35951862211583041
13.777189	-0.35951862211583041
13.777189	-0.35951862211583041
13.837165	-0.35967146268471151
13.837165	-0.35967146268471151
13.849064	-0.35974030959545483
13.849064	-0.35974030959545483
13.849064	-0.35974030959545483
13.849064	-0.35974030959545483
13.897168	-0.36011872771719006
13.897168	-0.36011872771719006
13.909065	-0.3602417254479004
13.909065	-0.3602417254479004
13.933437	-0.3605211632529064
13.933437	-0.3605211632529064
13.957194	-0.36082790161815737
13.957194	-0.36082790161815737
13.969064	-0.36099261116537223
13.969064	-0.36099261116537223
13.99314	-0.3613351501823015
13.99314	-0.3613351501823015
14.017165	-0.36167437728475899
14.017165	-0.36167437728475899
14.017165	-0.36167437728475899
14.041064	-0.36199342409608504
14.053245	-0.36214306919274808
14.053245	-0.36214306919274808
14.077182	-0.3624148755571468
14.077182	-0.3624148755571468
14.089069	-0.36252959460163919
14.101063	-0.36263807020821287
14.113159	-0.36272374906739485
14.125064	-0.36279612722664734
14.137165	-0.36285329088132068
14.137165	-0.36285329088132068
14.149064	-0.36288674984441704
14.161064	-0.36291051805797542
14.173146	-0.3629054880174033
14.185167	-0.36288652063252225
14.197177	-0.36284906604653372
14.197177	-0.36284906604653372
14.197177	-0.36284906604653372
14.197177	-0.36284906604653372
14.233148	-0.36261088499465083
14.233148	-0.36261088499465083
14.257172	-0.36235855986643695
14.257172	-0.36235855986643695
14.257172	-0.36235855986643695
14.281064	-0.36203025270628442
14.29314	-0.3618308777380434
14.305064	-0.36162172033454526
14.317324	-0.36138954855717947
14.317324	-0.36138954855717947
14.329064	-0.36114677974738341
14.329064	-0.36114677974738341
14.329064	-0.36114677974738341
14.365064	-0.36032340734588825
14.377183	-0.36001993074461758
14.377183	-0.36001993074461758
14.377183	-0.36001993074461758
14.377183	-0.36001993074461758
14.413151	-0.35905309562884657
14.413151	-0.35905309562884657
14.437166	-0.3583708241548198
14.437166	-0.3583708241548198
14.449163	-0.35802166340043884
14.449163	-0.35802166340043884
14.473147	-0.35731733640018182
14.473147	-0.35731733640018182
14.497187	-0.35661101112199828
14.497187	-0.35661101112199828
14.497187	-0.35661101112199828
14.497187	-0.35661101112199828
14.497187	-0.35661101112199828
14.497187	-0.35661101112199828
14.55717	-0.35493192299013332
14.55717	-0.35493192299013332
14.55717	-0.35493192299013332
14.55717	-0.35493192299013332
14.557175	-0.35493178909191819
14.605069	-0.35377548635263123
14.617173	-0.35351798715015659
14.617173	-0.35351798715015659
14.629069	-0.35328646189656931
14.641068	-0.35306248114862571
14.653139	-0.3528657156458434
14.653139	-0.3528657156458434
14.677196	-0.35252148505238817
14.677196	-0.35252148505238817
14.689069	-0.35238771514362366
14.689069	-0.35238771514362366
14.689069	-0.35238771514362366
14.689069	-0.35238771514362366
14.737165	-0.35204731366188974
14.737165	-0.35204731366188974
14.749073	-0.35202462194624762
14.749073	-0.35202462194624762
14.773141	-0.35203965722967673
14.785069	-0.35208094914003074
14.797165	-0.3521452255541081
14.797165	-0.3521452255541081
14.809088	-0.35223741872297382
14.809088	-0.35223741872297382
14.833141	-0.35248221140876584
14.833141	-0.35248221140876584
14.833141	-0.35248221140876584
14.857644	-0.35281861335041709
14.857644	-0.35281861335041709
14.857644	-0.35281861335041709
14.857644	-0.35281861335041709
14.857644	-0.35281861335041709
14.857644	-0.35281861335041709
14.857644	-0.35281861335041709
14.857644	-0.35281861335041709
14.91717	-0.35398892904248846
14.953143	-0.35489771030343337
14.953143	-0.35489771030343337
14.977256	-0.35556930543770709
14.977256	-0.35556930543770709
14.977256	-0.35556930543770709
14.977256	-0.35556930543770709
14.977256	-0.35556930543770709
15.025075	-0.35701112047889944
15.037187	-0.35738955039439418
15.037187	-0.35738955039439418
15.049075	-0.3577631446527792
15.061075	-0.35814077385725113
15.061075	-0.35814077385725113
15.085075	-0.35888995350019343
15.09717	-0.35926225726699262
15.09717	-0.35926225726699262
15.09717	-0.35926225726699262
15.09717	-0.35926225726699262
15.09717	-0.35926225726699262
15.09717	-0.35926225726699262
15.157179	-0.36097489606744404
15.157179	-0.36097489606744404
15.169075	-0.36127394638474675
15.169075	-0.36127394638474675
15.193138	-0.36183462282492951
15.193138	-0.36183462282492951
15.217186	-0.36232043145115261
15.217186	-0.36232043145115261
15.217186	-0.36232043145115261
15.217186	-0.36232043145115261
15.217186	-0.36232043145115261
15.217186	-0.36232043145115261
15.277186	-0.36312636400300169
15.277186	-0.36312636400300169
15.277186	-0.36312636400300169
15.301075	-0.36327267060819241
15.313147	-0.36329803215500617
15.313147	-0.36329803215500617
15.337169	-0.3632831254730588
15.337169	-0.3632831254730588
15.349075	-0.36322833242793789
15.349075	-0.36322833242793789
15.373215	-0.36304609909906566
15.385075	-0.36291817748432009
15.397186	-0.36276249295571783
15.397186	-0.36276249295571783
15.397186	-0.36276249295571783
15.397186	-0.36276249295571783
15.397186	-0.36276249295571783
15.397186	-0.36276249295571783
15.397186	-0.36276249295571783
15.397186	-0.36276249295571783
15.397186	-0.36276249295571783
15.45717	-0.36162410399798417
15.49314	-0.36069872343671772
15.49314	-0.36069872343671772
15.517171	-0.36000807444794236
15.517171	-0.36000807444794236
15.529096	-0.35964525066640707
15.529096	-0.35964525066640707
15.553143	-0.35889087037739276
15.565075	-0.35850739335521215
15.577225	-0.3581123492121765
15.577225	-0.3581123492121765
15.589104	-0.35772406379952376
15.589109	-0.3577239001026426
15.613143	-0.35693962563083104
15.613143	-0.35693962563083104
15.613143	-0.35693962563083104
15.613143	-0.35693962563083104
15.613143	-0.35693962563083104
15.613143	-0.35693962563083104
15.613143	-0.35693962563083104
15.63725	-0.35616557993858006
15.697174	-0.35438912085158014
15.697174	-0.35438912085158014
15.70908	-0.35407576277660829
15.721101	-0.35376767320287694
15.721101	-0.35376767320287694
15.721101	-0.35376767320287694
15.757179	-0.35296189479956375
15.757179	-0.35296189479956375
15.769153	-0.35273545008157159
15.78108	-0.35252072783761162
15.793145	-0.35233538582743656
15.793145	-0.35233538582743656
15.817186	-0.35201812519071485
15.817186	-0.35201812519071485
15.817186	-0.35201812519071485
15.817186	-0.35201812519071485
15.853165	-0.35171935773503765
15.853165	-0.35171935773503765
15.877185	-0.35162849026402299
15.877185	-0.35162849026402299
15.877185	-0.35162849026402299
15.877185	-0.35162849026402299
15.877185	-0.35162849026402299
15.877185	-0.35162849026402299
15.937176	-0.35180296233533126
15.937176	-0.35180296233533126
15.94908	-0.35190530079218457
15.96108	-0.35201969578028919
15.973152	-0.35216507226136962
15.9851	-0.35232217325853166
15.997175	-0.35249888090522785
15.997175	-0.35249888090522785
15.997175	-0.35249888090522785
15.997175	-0.35249888090522785
15.997175	-0.35249888090522785
15.997175	-0.35249888090522785
16.05718	-0.35362994204346465
16.05718	-0.35362994204346465
16.05718	-0.35362994204346465
16.08108	-0.35417478511904038
16.093144	-0.35446925330363455
16.093144	-0.35446925330363455
16.117192	-0.3550769891069257
16.117192	-0.3550769891069257
16.117192	-0.3550769891069257
16.117192	-0.3550769891069257
16.153147	-0.35603727904090837
16.153147	-0.35603727904090837
16.17719	-0.35669702183408691
16.17719	-0.35669702183408691
16.17719	-0.35669702183408691
16.17719	-0.35669702183408691
16.213146	-0.35768585093394412
16.22508	-0.35800949503604845
16.237175	-0.3583337391956643
16.237175	-0.3583337391956643
16.237175	-0.3583337391956643
16.237175	-0.3583337391956643
16.273145	-0.35925553282006284
16.285098	-0.35954538949826403
16.29725	-0.35983029859236398
16.29725	-0.35983029859236398
16.29725	-0.35983029859236398
16.29725	-0.35983029859236398
16.29725	-0.35983029859236398
16.29725	-0.35983029859236398
16.357177	-0.36103176993096081
16.357177	-0.36103176993096081
16.36908	-0.36122122608118762
16.36908	-0.36122122608118762
16.36908	-0.36122122608118762
16.36908	-0.36122122608118762
16.417175	-0.36181947172323409
16.417175	-0.36181947172323409
16.429151	-0.36191516353309711
16.429151	-0.36191516353309711
16.429151	-0.36191516353309711
16.429151	-0.36191516353309711
16.477192	-0.36210904670657673
16.477192	-0.36210904670657673
16.477192	-0.36210904670657673
16.477192	-0.36210904670657673
16.513154	-0.36202647926354431
16.525102	-0.36195958513773457
16.537193	-0.36187210624508581
16.537193	-0.36187210624508581
16.537193	-0.36187210624508581
16.537193	-0.36187210624508581
16.573151	-0.36148632802510006
16.573151	-0.36148632802510006
16.597191	-0.3611414736540432
16.609087	-0.3609422726052588
16.609087	-0.3609422726052588
16.609087	-0.3609422726052588
16.633157	-0.36050025169625693
16.645086	-0.3602615557636184
16.657204	-0.36000700770176353
16.657204	-0.36000700770176353
16.657204	-0.36000700770176353
16.657204	-0.36000700770176353
16.657204	-0.36000700770176353
16.705087	-0.35890227104990885
16.71718	-0.35860642635935824
16.71718	-0.35860642635935824
16.71718	-0.35860642635935824
16.71718	-0.35860642635935824
16.753163	-0.35770571745322394
16.753163	-0.35770571745322394
16.777215	-0.35710114851034919
16.777215	-0.35710114851034919
16.777215	-0.35710114851034919
16.777215	-0.35710114851034919
16.777215	-0.35710114851034919
16.777215	-0.35710114851034919
16.837192	-0.35566174381083088
16.837192	-0.35566174381083088
16.849087	-0.35539933573253391
16.849087	-0.35539933573253391
16.87315	-0.35489507891558486
16.87315	-0.35489507891558486
16.897214	-0.35443623497232973
16.897214	-0.35443623497232973
16.897214	-0.35443623497232973
16.897214	-0.35443623497232973
16.93315	-0.35385791537733596
16.93315	-0.35385791537733596
16.957269	-0.35354232891897092
16.957269	-0.35354232891897092
16.969086	-0.35341582355132756
16.969086	-0.35341582355132756
16.993176	-0.35320182904663611
17.005087	-0.35312106047905512
17.017192	-0.35305571355643439
17.017192	-0.35305571355643439
17.029176	-0.35301336366603253
17.029176	-0.35301336366603253
17.053173	-0.35297427046265101
17.053173	-0.35297427046265101
17.053173	-0.35297427046265101
17.053173	-0.35297427046265101
17.053173	-0.35297427046265101
17.053173	-0.35297427046265101
17.053173	-0.35297427046265101
17.077193	-0.35300275213471533
17.137188	-0.3533709287285357
17.137188	-0.3533709287285357
17.149087	-0.3534926934889433
17.149087	-0.3534926934889433
17.149087	-0.3534926934889433
17.185108	-0.35393615210955209
17.197181	-0.35411017455878918
17.197181	-0.35411017455878918
17.197181	-0.35411017455878918
17.221157	-0.3544913840867201
17.233159	-0.35470075470695284
17.233159	-0.35470075470695284
17.233159	-0.35470075470695284
17.233159	-0.35470075470695284
17.233159	-0.35470075470695284
17.257226	-0.35514181867028966
17.29315	-0.35585756414320963
17.30509	-0.35610560161709826
17.317217	-0.35636166179465145
17.317217	-0.35636166179465145
17.329087	-0.35661563699534515
17.329087	-0.35661563699534515
17.329087	-0.35661563699534515
17.329087	-0.35661563699534515
17.377194	-0.3576524791541621
17.377194	-0.3576524791541621
17.38913	-0.35790631941603263
17.38913	-0.35790631941603263
17.38913	-0.35790631941603263
17.425087	-0.35865002240069688
17.437191	-0.35889007391374994
17.437191	-0.35889007391374994
17.437191	-0.35889007391374994
17.461087	-0.35934127123947918
17.47315	-0.35955347734088733
17.485158	-0.35975735740817483
17.485158	-0.35975735740817483
17.485158	-0.35975735740817483
17.485158	-0.35975735740817483
17.521132	-0.36030280013763571
17.533153	-0.36045634219147821
17.533153	-0.36045634219147821
17.557199	-0.36073028364295179
17.557199	-0.36073028364295179
17.557199	-0.36073028364295179
17.581107	-0.36094369210108662
17.593153	-0.36102352020611855
17.593153	-0.36102352020611855
17.617265	-0.36114477935991357
17.617265	-0.36114477935991357
17.629094	-0.36117603356050521
17.641094	-0.3611988948869872
17.653167	-0.36119664334048712
17.665094	-0.36118273692567343
17.677199	-0.36115271895237838
17.677199	-0.36115271895237838
17.689094	-0.3611026986227836
17.701094	-0.36104346289372047
17.713184	-0.3609597098670238
17.725094	-0.36086653169508498
17.725094	-0.36086653169508498
17.737191	-0.36075738658459
17.749165	-0.36063128454046017
17.749165	-0.36063128454046017
17.749165	-0.36063128454046017
17.749165	-0.36063128454046017
17.797194	-0.36000716150218531
17.797194	-0.36000716150218531
17.797194	-0.36000716150218531
17.797194	-0.36000716150218531
17.797194	-0.36000716150218531
17.797194	-0.36000716150218531
17.797194	-0.36000716150218531
17.797194	-0.36000716150218531
17.797194	-0.36000716150218531
17.797194	-0.36000716150218531
17.797194	-0.36000716150218531
17.797194	-0.36000716150218531
17.797194	-0.36000716150218531
17.857198	-0.35899229088802626
17.917239	-0.35783079032064341
17.941094	-0.3573578213321536
17.95318	-0.35712039642374421
17.965094	-0.35688855303103895
17.977238	-0.35665523978825187
17.977238	-0.35665523978825187
17.977238	-0.35665523978825187
17.977238	-0.35665523978825187
18.013228	-0.35599720504738669
18.013228	-0.35599720504738669
18.037187	-0.3555919575375901
18.037187	-0.3555919575375901
18.037187	-0.3555919575375901
18.037187	-0.3555919575375901
18.073159	-0.35505448596048261
18.073159	-0.35505448596048261
18.097209	-0.35474581599993621
18.097209	-0.35474581599993621
18.097209	-0.35474581599993621
18.097209	-0.35474581599993621
18.133166	-0.35437912370673497
18.133166	-0.35437912370673497
18.157214	-0.35419589510589566
18.157214	-0.35419589510589566
18.169094	-0.35412894674779843
18.181174	-0.35406854336623805
18.181174	-0.35406854336623805
18.205094	-0.35400075339428927
18.217188	-0.35398506451342993
18.217188	-0.35398506451342993
18.229096	-0.35398729377177368
18.229096	-0.35398729377177368
18.229096	-0.35398729377177368
18.229096	-0.35398729377177368
18.277277	-0.35412193838976874
18.277277	-0.35412193838976874
18.289094	-0.35419054314912801
18.289094	-0.35419054314912801
18.289094	-0.35419054314912801
18.325095	-0.35446568489629243
18.337193	-0.35458119374604552
18.337193	-0.35458119374604552
18.349094	-0.35470847209828554
18.361094	-0.35484256126289582
18.361094	-0.35484256126289582
18.361094	-0.35484256126289582
18.397188	-0.3553122276813952
18.397188	-0.3553122276813952
18.409165	-0.35548582471642048
18.409165	-0.35548582471642048
18.433166	-0.35585210915233995
18.433166	-0.35585210915233995
18.457196	-0.35624210390911182
18.457196	-0.35624210390911182
18.457196	-0.35624210390911182
18.457196	-0.35624210390911182
18.457196	-0.35624210390911182
18.457196	-0.35624210390911182
18.517191	-0.35728268056542517
18.517191	-0.35728268056542517
18.517191	-0.35728268056542517
18.517191	-0.35728268056542517
18.553164	-0.35792070400396386
18.565094	-0.3581299719886647
18.565094	-0.3581299719886647
18.565094	-0.3581299719886647
18.577205	-0.35834033226579981
18.601094	-0.3587441181958565
18.613132	-0.35893903880856909
18.62512	-0.35912873667337636
18.63721	-0.35931407839842289
18.63721	-0.35931407839842289
18.6491	-0.35948699154592817
18.6491	-0.35948699154592817
18.6491	-0.35948699154592817
18.6491	-0.35948699154592817
18.697194	-0.3601079089743453
18.697194	-0.3601079089743453
18.697194	-0.3601079089743453
18.721099	-0.36035728764169006
18.733164	-0.3604630095092034
18.7451	-0.36055908667531728
18.757215	-0.3606450210073473
18.757215	-0.3606450210073473
18.757215	-0.3606450210073473
18.757215	-0.3606450210073473
18.793164	-0.36081814311169957
18.793164	-0.36081814311169957
18.817196	-0.36087125805396575
18.817196	-0.36087125805396575
18.8291	-0.36087432115002205
18.8291	-0.36087432115002205
18.853171	-0.36084539540871841
18.865099	-0.36081163585097376
18.877207	-0.36076463645335605
18.877207	-0.36076463645335605
18.877207	-0.36076463645335605
18.877207	-0.36076463645335605
18.913178	-0.36054315700482803
18.913178	-0.36054315700482803
18.937263	-0.36033738618640065
18.937263	-0.36033738618640065
18.937263	-0.36033738618640065
18.937263	-0.36033738618640065
18.937263	-0.36033738618640065
18.937263	-0.36033738618640065
18.997194	-0.35963931777066088
18.997194	-0.35963931777066088
18.997194	-0.35963931777066088
18.997194	-0.35963931777066088
19.033171	-0.35912056609405724
19.033171	-0.35912056609405724
19.057198	-0.35874655418008988
19.057198	-0.35874655418008988
19.069222	-0.35855229856650417
19.069222	-0.35855229856650417
19.069222	-0.35855229856650417
19.069222	-0.35855229856650417
19.117222	-0.35775768156486265
19.117222	-0.35775768156486265
19.117222	-0.35775768156486265
19.117222	-0.35775768156486265
19.117222	-0.35775768156486265
19.165101	-0.35697179962499687
19.177206	-0.35677989420850997
19.177206	-0.35677989420850997
19.177206	-0.35677989420850997
19.177206	-0.35677989420850997
19.213163	-0.35624228344830366
19.213163	-0.35624228344830366
19.237198	-0.35591350735553151
19.237198	-0.35591350735553151
19.237198	-0.35591350735553151
19.2611	-0.35561828104252796
19.2611	-0.35561828104252796
19.2611	-0.35561828104252796
19.297194	-0.35524378182583544
19.297194	-0.35524378182583544
19.309099	-0.35514226723239151
19.309099	-0.35514226723239151
19.309099	-0.35514226723239151
19.309099	-0.35514226723239151
19.357196	-0.35483603032837707
19.357196	-0.35483603032837707
19.369103	-0.35479242597583033
19.369103	-0.35479242597583033
19.393164	-0.35473627180402179
19.4051	-0.35472618676677564
19.417214	-0.35472761132863373
19.417214	-0.35472761132863373
19.4291	-0.3547439125395867
19.4291	-0.3547439125395867
19.453168	-0.35480708004636591
19.465173	-0.35485516058130473
19.47723	-0.35491397501184957
19.47723	-0.35491397501184957
19.47723	-0.35491397501184957
19.47723	-0.35491397501184957
19.47723	-0.35491397501184957
19.47723	-0.35491397501184957
19.537195	-0.35536503570955819
19.537195	-0.35536503570955819
19.54912	-0.35548402165370874
19.54912	-0.35548402165370874
19.54912	-0.35548402165370874
19.5851	-0.35588577945778116
19.597263	-0.35603582464269745
19.597263	-0.35603582464269745
19.597263	-0.35603582464269745
19.597274	-0.3560359603408832
19.597274	-0.3560359603408832
19.64511	-0.35668494551890717
19.657212	-0.35685986808647235
19.657212	-0.35685986808647235
19.657212	-0.35685986808647235
19.657212	-0.35685986808647235
19.657212	-0.35685986808647235
19.70511	-0.35757738400365296
19.717205	-0.35776119098485876
19.717205	-0.35776119098485876
19.717205	-0.35776119098485876
19.717205	-0.35776119098485876
19.717205	-0.35776119098485876
19.717205	-0.35776119098485876
19.777218	-0.35865236258518929
19.777218	-0.35865236258518929
19.777218	-0.35865236258518929
19.80111	-0.35898521370200448
19.813193	-0.35914458237386682
19.825111	-0.35929739988960613
19.837212	-0.35944664781613606
19.837212	-0.35944664781613606
19.849111	-0.35958432177953115
19.849111	-0.35958432177953115
19.873181	-0.35984231440661379
19.873181	-0.35984231440661379
19.897285	-0.36006677787274405
19.897285	-0.36006677787274405
19.897285	-0.36006677787274405
19.897285	-0.36006677787274405
19.933175	-0.36032431842313062
19.933175	-0.36032431842313062
19.957211	-0.36044614490958038
19.957211	-0.36044614490958038
19.957211	-0.36044614490958038
19.957211	-0.36044614490958038
19.957211	-0.36044614490958038
19.957211	-0.36044614490958038
20.017227	-0.36054502536073441
20.017227	-0.36054502536073441
20.029199	-0.36052710510957708
20.041111	-0.36050288710712552
20.041111	-0.36050288710712552
20.041111	-0.36050288710712552
20.077233	-0.36034849275539482
20.077233	-0.36034849275539482
20.077233	-0.36034849275539482
20.101111	-0.36019288957602363
20.113183	-0.36009565606275518
20.113183	-0.36009565606275518
20.137215	-0.35987926328188979
20.137215	-0.35987926328188979
20.137215	-0.35987926328188979
20.137215	-0.35987926328188979
20.137215	-0.35987926328188979
20.137215	-0.35987926328188979
20.19721	-0.35919096804099931
20.19721	-0.35919096804099931
20.19721	-0.35919096804099931
20.19721	-0.35919096804099931
20.233182	-0.35870410092224853
20.233182	-0.35870410092224853
20.233182	-0.35870410092224853
20.257285	-0.35835971539366224
20.269512	-0.35818105082867258
20.269512	-0.35818105082867258
20.269512	-0.35818105082867258
20.269512	-0.35818105082867258
20.317224	-0.3574793679887161
20.317224	-0.3574793679887161
20.317224	-0.3574793679887161
20.317224	-0.3574793679887161
20.353179	-0.35696625035310392
20.353179	-0.35696625035310392
20.377225	-0.35664052228888748
20.377225	-0.35664052228888748
20.377225	-0.35664052228888748
20.401111	-0.35633803676452713
20.401111	-0.35633803676452713
20.425114	-0.35606219337827422
20.43721	-0.35593306581712714
20.43721	-0.35593306581712714
20.43721	-0.35593306581712714
20.43721	-0.35593306581712714
20.43721	-0.35593306581712714
20.43721	-0.35593306581712714
20.497204	-0.35542897222314002
20.497204	-0.35542897222314002
20.509111	-0.35535978829012188
20.509111	-0.35535978829012188
20.509111	-0.35535978829012188
20.509111	-0.35535978829012188
20.55723	-0.35517792720730501
20.55723	-0.35517792720730501
20.55723	-0.35517792720730501
20.55723	-0.35517792720730501
20.55723	-0.35517792720730501
20.605111	-0.35517580872117505
20.617207	-0.35520155682231846
20.617207	-0.35520155682231846
20.617211	-0.35520156533690223
20.617211	-0.35520156533690223
20.65325	-0.35534652657052973
20.665114	-0.35541339306790087
20.677238	-0.35549119967679232
20.677238	-0.35549119967679232
20.677238	-0.35549119967679232
20.701115	-0.3556731906473361
20.701115	-0.3556731906473361
20.701115	-0.3556731906473361
20.737226	-0.35601450794262901
20.737226	-0.35601450794262901
20.749115	-0.3561427840018534
20.749115	-0.3561427840018534
20.773186	-0.35641944826735056
20.785192	-0.35656590039235703
20.797214	-0.35671750205599273
20.797214	-0.35671750205599273
20.797214	-0.35671750205599273
20.797214	-0.35671750205599273
20.797214	-0.35671750205599273
20.797214	-0.35671750205599273
20.857215	-0.35752777746248593
20.857215	-0.35752777746248593
20.869115	-0.35769395720401626
20.881115	-0.35786175789354924
20.881115	-0.35786175789354924
20.905115	-0.35819478219577261
20.917278	-0.35836132195339326
20.917278	-0.35836132195339326
20.917278	-0.35836132195339326
20.917278	-0.35836132195339326
20.917278	-0.35836132195339326
20.917278	-0.35836132195339326
20.917278	-0.35836132195339326
20.977257	-0.35912653994266813
20.989115	-0.35926118031912008
21.001115	-0.35939391366127516
21.001115	-0.35939391366127516
21.001115	-0.35939391366127516
21.037207	-0.3597407444528708
21.037207	-0.3597407444528708
21.037207	-0.3597407444528708
21.037207	-0.3597407444528708
21.037207	-0.3597407444528708
21.037207	-0.3597407444528708
21.097214	-0.36013570598885042
21.097214	-0.36013570598885042
21.097214	-0.36013570598885042
21.097214	-0.36013570598885042
21.097214	-0.36013570598885042
21.097214	-0.36013570598885042
21.157226	-0.36026571944860603
21.157226	-0.36026571944860603
21.157226	-0.36026571944860603
21.157226	-0.36026571944860603
21.157226	-0.36026571944860603
21.205115	-0.360165977911025
21.217212	-0.36011364435371213
21.217212	-0.36011364435371213
21.217212	-0.36011364435371213
21.241135	-0.35997592777637066
21.253184	-0.35988746366779573
21.265115	-0.35979278894354799
21.277218	-0.35968718298325086
21.277218	-0.35968718298325086
21.277218	-0.35968718298325086
21.277218	-0.35968718298325086
21.277218	-0.35968718298325086
21.325115	-0.35917957810929002
21.337217	-0.35903385871525212
21.337217	-0.35903385871525212
21.337217	-0.35903385871525212
21.337217	-0.35903385871525212
21.337217	-0.35903385871525212
21.337217	-0.35903385871525212
21.397213	-0.35823579540856515
21.397213	-0.35823579540856515
21.397213	-0.35823579540856515
21.397213	-0.35823579540856515
21.397213	-0.35823579540856515
21.445186	-0.35755266186911211
21.445186	-0.35755266186911211
21.445186	-0.35755266186911211
21.445186	-0.35755266186911211
21.457217	-0.35738080809622902
21.49319	-0.35687878614990642
21.505115	-0.35671814867389467
21.517215	-0.35655888704819372
21.517215	-0.35655888704819372
21.529115	-0.35640861594698892
21.529115	-0.35640861594698892
21.553182	-0.35611972241383233
21.565114	-0.3559860009717481
21.577301	-0.35585618424126786
21.577301	-0.35585618424126786
21.577301	-0.35585618424126786
21.577301	-0.35585618424126786
21.577301	-0.35585618424126786
21.577301	-0.35585618424126786
21.637224	-0.35534611853649251
21.637224	-0.35534611853649251
21.649122	-0.35527379158055683
21.661122	-0.3552061649217243
21.661122	-0.3552061649217243
21.685121	-0.35510858891600389
21.697249	-0.35507293432928583
21.697249	-0.35507293432928583
21.709193	-0.35505116615668159
21.709193	-0.35505116615668159
21.709193	-0.35505116615668159
21.709193	-0.35505116615668159
21.757219	-0.35505874835100515
21.757219	-0.35505874835100515
21.769122	-0.35508847910103836
21.781122	-0.35512396343057395
21.793186	-0.3551746336511708
21.793186	-0.3551746336511708
21.817216	-0.3552981245294497
21.817216	-0.3552981245294497
21.817216	-0.3552981245294497
21.841192	-0.35545787726107181
21.853189	-0.35555271004826505
21.853189	-0.35555271004826505
21.877249	-0.35576118298547915
21.877249	-0.35576118298547915
21.877249	-0.35576118298547915
21.901122	-0.3559963695118914
21.901122	-0.3559963695118914
21.901122	-0.3559963695118914
21.937239	-0.35639771236067702
21.937239	-0.35639771236067702
21.937239	-0.35639771236067702
21.937239	-0.35639771236067702
21.937239	-0.35639771236067702
21.937239	-0.35639771236067702
21.997216	-0.35714266093947233
21.997216	-0.35714266093947233
21.997216	-0.35714266093947233
21.997216	-0.35714266093947233
21.997216	-0.35714266093947233
22.045122	-0.35776438301250535
22.057242	-0.35792033837792625
22.057242	-0.35792033837792625
22.057242	-0.35792033837792625
22.057242	-0.35792033837792625
22.093185	-0.358367609696918
22.093185	-0.358367609696918
22.117226	-0.35864977268646381
22.117226	-0.35864977268646381
22.117226	-0.35864977268646381
22.141219	-0.35891142224773875
22.153204	-0.35903164473755128
22.165122	-0.35914632164195204
22.177229	-0.35925624830190767
22.177229	-0.35925624830190767
22.177229	-0.35925624830190767
22.177229	-0.35925624830190767
22.177229	-0.35925624830190767
22.177229	-0.35925624830190767
22.237287	-0.35967464000212945
22.237287	-0.35967464000212945
22.237287	-0.35967464000212945
22.237287	-0.35967464000212945
22.273208	-0.35981022593615203
22.273208	-0.35981022593615203
22.297216	-0.35985211894064384
22.297216	-0.35985211894064384
22.309195	-0.35985508427434326
22.321122	-0.35985254191151267
22.333194	-0.35983478562650578
22.345121	-0.3598103042943252
22.35722	-0.35977611564500778
22.35722	-0.35977611564500778
22.35722	-0.35977611564500778
22.35722	-0.35977611564500778
22.35722	-0.35977611564500778
22.35722	-0.35977611564500778
22.417218	-0.35946381188053717
22.417218	-0.35946381188053717
22.417218	-0.35946381188053717
22.417218	-0.35946381188053717
22.453189	-0.35917605105986261
22.465148	-0.35906694127564481
22.477228	-0.35895045903081529
22.477228	-0.35895045903081529
22.477228	-0.35895045903081529
22.477228	-0.35895045903081529
22.477228	-0.35895045903081529
22.477228	-0.35895045903081529
22.537219	-0.3582911117866045
22.537219	-0.3582911117866045
22.537219	-0.3582911117866045
22.561122	-0.35800194910374289
22.561122	-0.35800194910374289
22.561122	-0.35800194910374289
22.597215	-0.35755103583644554
22.597215	-0.35755103583644554
22.597215	-0.35755103583644554
22.621122	-0.35725151143458017
22.633263	-0.35710171027876442
22.645127	-0.35695711748075737
22.657256	-0.35681170044346866
22.657256	-0.35681170044346866
22.669131	-0.35667381596314279
22.669131	-0.35667381596314279
22.693196	-0.35640537980760151
22.705128	-0.35627952667010337
22.717227	-0.35615712093342206
22.717227	-0.35615712093342206
22.717227	-0.35615712093342206
22.717227	-0.35615712093342206
22.753196	-0.35583501683076474
22.765198	-0.35574125982962845
22.777235	-0.3556544691310069
22.777235	-0.3556544691310069
22.777235	-0.3556544691310069
22.777235	-0.3556544691310069
22.777235	-0.3556544691310069
22.777235	-0.3556544691310069
22.837222	-0.35535208994146789
22.837222	-0.35535208994146789
22.837222	-0.35535208994146789
22.837222	-0.35535208994146789
22.873193	-0.35527910650023475
22.873193	-0.35527910650023475
22.897297	-0.3552741050058249
22.897297	-0.3552741050058249
22.897297	-0.3552741050058249
22.897297	-0.3552741050058249
22.897297	-0.3552741050058249
22.945348	-0.35537642165403749
22.957229	-0.35542211017797576
22.957229	-0.35542211017797576
22.957229	-0.35542211017797576
22.957229	-0.35542211017797576
22.957229	-0.35542211017797576
22.957229	-0.35542211017797576
22.957229	-0.35542211017797576
22.957229	-0.35542211017797576
22.957229	-0.35542211017797576
22.957229	-0.35542211017797576
22.957229	-0.35542211017797576
23.017221	-0.35577533068012501
23.077235	-0.35629398587896427
23.077235	-0.35629398587896427
23.077235	-0.35629398587896427
23.077235	-0.35629398587896427
23.113206	-0.35666217962428315
23.125128	-0.35679028219754033
23.137227	-0.35692279097953766
23.137227	-0.35692279097953766
23.137227	-0.35692279097953766
23.161198	-0.35719050979994571
23.173216	-0.35732633590764473
23.173216	-0.35732633590764473
23.173216	-0.35732633590764473
23.173216	-0.35732633590764473
23.197305	-0.35759829600640541
23.221128	-0.35786377574538686
23.221128	-0.35786377574538686
23.221128	-0.35786377574538686
23.257227	-0.35824937063130707
23.257227	-0.35824937063130707
23.257227	-0.35824937063130707
23.257227	-0.35824937063130707
23.257227	-0.35824937063130707
23.257227	-0.35824937063130707
23.317275	-0.35881311371876357
23.317275	-0.35881311371876357
23.317275	-0.35881311371876357
23.341127	-0.35899980913346574
23.353197	-0.35908257638496477
23.365128	-0.35915928016089171
23.377225	-0.35923017727773948
23.377225	-0.35923017727773948
23.389128	-0.35929023311322822
23.389128	-0.35929023311322822
23.413191	-0.35939093830959146
23.413191	-0.35939093830959146
23.437224	-0.35945943278490172
23.437224	-0.35945943278490172
23.437224	-0.35945943278490172
23.46113	-0.3594933104229483
23.473193	-0.35949496662814306
23.485148	-0.35949043768408634
23.497227	-0.35947761836450015
23.497227	-0.35947761836450015
23.497227	-0.35947761836450015
23.497227	-0.35947761836450015
23.533193	-0.35938453791206865
23.533193	-0.35938453791206865
23.533193	-0.35938453791206865
23.557313	-0.35928255607577786
23.569128	-0.35921907463726654
23.581127	-0.35915056247700183
23.581127	-0.35915056247700183
23.605128	-0.3589872573812215
23.617264	-0.35889609268597206
23.617264	-0.35889609268597206
23.617264	-0.35889609268597206
23.617271	-0.35889604010251241
23.617271	-0.35889604010251241
23.665134	-0.35848028143820676
23.677262	-0.35836417017120059
23.677262	-0.35836417017120059
23.689206	-0.35824556077189179
23.689206	-0.35824556077189179
23.689206	-0.35824556077189179
23.725138	-0.35787511767625246
23.725138	-0.35787511767625246
23.737228	-0.3577469258433893
23.749157	-0.3576195640519409
23.749157	-0.3576195640519409
23.749157	-0.3576195640519409
23.749157	-0.3576195640519409
23.79723	-0.35710902657427623
23.79723	-0.35710902657427623
23.809135	-0.35698637478853656
23.809135	-0.35698637478853656
23.809135	-0.35698637478853656
23.809135	-0.35698637478853656
23.857274	-0.35651676768912643
23.857274	-0.35651676768912643
23.857274	-0.35651676768912643
23.881155	-0.35630717041322468
23.8932	-0.35621026913749299
23.8932	-0.35621026913749299
23.917234	-0.35603023128847905
23.917234	-0.35603023128847905
23.917234	-0.35603023128847905
23.917234	-0.35603023128847905
23.917234	-0.35603023128847905
23.917234	-0.35603023128847905
23.97723	-0.35569170519052734
23.97723	-0.35569170519052734
23.989138	-0.35564617193928183
24.001135	-0.35560424190183249
24.013217	-0.35557330948865384
24.025135	-0.35554823791955931
24.037228	-0.35553009090849841
24.037228	-0.35553009090849841
24.037228	-0.35553009090849841
24.061135	-0.35551804372980517
24.061135	-0.35551804372980517
24.061135	-0.35551804372980517
24.097233	-0.35555904303660757
24.097233	-0.35555904303660757
24.109153	-0.35558844159683972
24.109153	-0.35558844159683972
24.133201	-0.35566637380700666
24.133201	-0.35566637380700666
24.157233	-0.35577089936712764
24.157233	-0.35577089936712764
24.157233	-0.35577089936712764
24.157233	-0.35577089936712764
24.193199	-0.35597631360319604
24.193199	-0.35597631360319604
24.217304	-0.35614045014425577
24.217304	-0.35614045014425577
24.217304	-0.35614045014425577
24.217304	-0.35614045014425577
24.253206	-0.35642105270158136
24.253206	-0.35642105270158136
24.277288	-0.3566268983385194
24.277288	-0.3566268983385194
24.289138	-0.35673305864112498
24.289138	-0.35673305864112498
24.289138	-0.35673305864112498
24.289138	-0.35673305864112498
24.337228	-0.35718036866849107
24.337228	-0.35718036866849107
24.349205	-0.35729418040451238
24.349205	-0.35729418040451238
24.349205	-0.35729418040451238
24.349205	-0.35729418040451238
24.397229	-0.35774640485319675
24.397229	-0.35774640485319675
24.409154	-0.35785495248398169
24.409154	-0.35785495248398169
24.433206	-0.35806765267456342
24.445135	-0.35816885260022524
24.457235	-0.35826835180594613
24.457235	-0.35826835180594613
24.457235	-0.35826835180594613
24.457235	-0.35826835180594613
24.493199	-0.35853759583811018
24.493199	-0.35853759583811018
24.493199	-0.35853759583811018
24.493199	-0.35853759583811018
24.493199	-0.35853759583811018
24.493199	-0.35853759583811018
24.493199	-0.35853759583811018
24.517327	-0.35869547726176593
24.57723	-0.35898572328107137
24.57723	-0.35898572328107137
24.57723	-0.35898572328107137
24.57723	-0.35898572328107137
24.57723	-0.35898572328107137
24.57723	-0.35898572328107137
24.637253	-0.35911437955291226
24.637253	-0.35911437955291226
24.649204	-0.35911828329013273
24.649204	-0.35911828329013273
24.673206	-0.35910823649268214
24.685141	-0.35909327141878511
24.697233	-0.35907161552006195
24.697233	-0.35907161552006195
24.697233	-0.35907161552006195
24.72114	-0.35900828699828774
24.733207	-0.35896487244104247
24.733207	-0.35896487244104247
24.757239	-0.35886405214990896
24.757239	-0.35886405214990896
24.757239	-0.35886405214990896
24.757239	-0.35886405214990896
24.757239	-0.35886405214990896
24.757239	-0.35886405214990896
24.757239	-0.35886405214990896
24.757239	-0.35886405214990896
24.817235	-0.35851726166144188
24.841141	-0.35834935947431484
24.841141	-0.35834935947431484
24.841141	-0.35834935947431484
24.877323	-0.35807131855717605
24.877323	-0.35807131855717605
24.877323	-0.35807131855717605
24.877323	-0.35807131855717605
24.877323	-0.35807131855717605
24.925142	-0.35767876523639941
24.937246	-0.35757758106028414
24.937246	-0.35757758106028414
24.937246	-0.35757758106028414
24.937246	-0.35757758106028414
24.937246	-0.35757758106028414
24.937246	-0.35757758106028414
24.997236	-0.3570863572778194
24.997236	-0.3570863572778194
25.009227	-0.35699345148307027
25.02114	-0.35690243394569288
25.02114	-0.35690243394569288
25.02114	-0.35690243394569288
25.057236	-0.3566473789071592
25.057236	-0.3566473789071592
25.057236	-0.3566473789071592
25.057236	-0.3566473789071592
25.093204	-0.35642770188290657
25.093204	-0.35642770188290657
25.117233	-0.35630232740176554
25.117233	-0.35630232740176554
25.117233	-0.35630232740176554
25.117233	-0.35630232740176554
25.117233	-0.35630232740176554
25.117233	-0.35630232740176554
25.177281	-0.35608120616604755
25.177281	-0.35608120616604755
25.177281	-0.35608120616604755
25.177281	-0.35608120616604755
25.177281	-0.35608120616604755
25.177281	-0.35608120616604755
25.237236	-0.35600100054281458
25.237236	-0.35600100054281458
25.237236	-0.35600100054281458
25.261141	-0.35600862945694395
25.261141	-0.35600862945694395
25.261141	-0.35600862945694395
25.297237	-0.3560635794768976
25.297237	-0.3560635794768976
25.309144	-0.35609313929101272
25.321168	-0.35612584286351773
25.333207	-0.35616613512324807
25.333207	-0.35616613512324807
25.35724	-0.35625777495345318
25.35724	-0.35625777495345318
25.369141	-0.35631081909363216
25.369141	-0.35631081909363216
25.369141	-0.35631081909363216
25.405213	-0.35649280968292391
25.41724	-0.3565604091678175
25.41724	-0.3565604091678175
25.41724	-0.3565604091678175
25.41724	-0.3565604091678175
25.41724	-0.3565604091678175
25.41724	-0.3565604091678175
25.41724	-0.3565604091678175
25.41724	-0.3565604091678175
25.41724	-0.3565604091678175
25.41724	-0.3565604091678175
25.41724	-0.3565604091678175
25.477234	-0.35693902462339305
25.537303	-0.35735569877962153
25.537303	-0.35735569877962153
25.537303	-0.35735569877962153
25.537303	-0.35735569877962153
25.573217	-0.35760558468650738
25.585141	-0.35768678418113214
25.597233	-0.35776787875687877
25.597233	-0.35776787875687877
25.597233	-0.35776787875687877
25.597233	-0.35776787875687877
25.597233	-0.35776787875687877
25.597233	-0.35776787875687877
25.657249	-0.35813708854575232
25.657249	-0.35813708854575232
25.657249	-0.35813708854575232
25.657249	-0.35813708854575232
25.657249	-0.35813708854575232
25.657249	-0.35813708854575232
25.657249	-0.35813708854575232
25.657249	-0.35813708854575232
25.657249	-0.35813708854575232
25.657249	-0.35813708854575232
25.657249	-0.35813708854575232
25.657249	-0.35813708854575232
25.777271	-0.35861145763762198
25.777271	-0.35861145763762198
25.777271	-0.35861145763762198
25.777271	-0.35861145763762198
25.777271	-0.35861145763762198
25.777271	-0.35861145763762198
25.837247	-0.35867296579502772
25.837247	-0.35867296579502772
25.837247	-0.35867296579502772
25.861149	-0.35866251801707688
25.873214	-0.3586482499082112
25.88517	-0.35863059793622271
25.897242	-0.35860811920449015
25.897242	-0.35860811920449015
25.897242	-0.35860811920449015
25.897242	-0.35860811920449015
25.897242	-0.35860811920449015
25.945149	-0.35847082641671957
25.957254	-0.35842584988973808
25.957254	-0.35842584988973808
25.957254	-0.35842584988973808
25.957254	-0.35842584988973808
25.957254	-0.35842584988973808
25.957254	-0.35842584988973808
26.017261	-0.35814722316368219
26.017261	-0.35814722316368219
26.017261	-0.35814722316368219
26.017261	-0.35814722316368219
26.017261	-0.35814722316368219
26.065225	-0.35787546171101126
26.077246	-0.35780305426051384
26.077246	-0.35780305426051384
26.077246	-0.35780305426051384
26.077246	-0.35780305426051384
26.113229	-0.35758025593986786
26.125149	-0.3575056944122163
26.137263	-0.35742988271184362
26.137263	-0.35742988271184362
26.137263	-0.35742988271184362
26.137263	-0.35742988271184362
26.17322	-0.35720890638009578
26.17322	-0.35720890638009578
26.197317	-0.35706661750734547
26.197317	-0.35706661750734547
26.197317	-0.35706661750734547
26.197317	-0.35706661750734547
26.197317	-0.35706661750734547
26.245149	-0.35680965805586212
26.257247	-0.35675098960374835
26.257247	-0.35675098960374835
26.269148	-0.35669733219402094
26.281169	-0.35664493939055109
26.281169	-0.35664493939055109
26.305148	-0.35655376731984428
26.317285	-0.35651267829832595
26.317285	-0.35651267829832595
26.317285	-0.35651267829832595
26.317285	-0.35651267829832595
26.317285	-0.35651267829832595
26.317285	-0.35651267829832595
26.377252	-0.35637463877588138
26.377252	-0.35637463877588138
26.377252	-0.35637463877588138
26.377252	-0.35637463877588138
26.377252	-0.35637463877588138
26.425149	-0.3563447273778646
26.437244	-0.35634807398997814
26.437244	-0.35634807398997814
26.437244	-0.35634807398997814
26.437244	-0.35634807398997814
26.437244	-0.35634807398997814
26.437244	-0.35634807398997814
26.497247	-0.35643338750252485
26.497247	-0.35643338750252485
26.497247	-0.35643338750252485
26.497247	-0.35643338750252485
26.497247	-0.35643338750252485
26.545149	-0.35657543222060012
26.557247	-0.35662006139053637
26.557247	-0.35662006139053637
26.557247	-0.35662006139053637
26.557247	-0.35662006139053637
26.593295	-0.35677329888704062
26.605148	-0.35682888091038367
26.617244	-0.35688798648741166
26.617244	-0.35688798648741166
26.617244	-0.35688798648741166
26.617244	-0.35688798648741166
26.617244	-0.35688798648741166
26.665155	-0.35714209993993135
26.677254	-0.3572096909086338
26.677254	-0.3572096909086338
26.689156	-0.3572771959951489
26.689156	-0.3572771959951489
26.689156	-0.3572771959951489
26.689156	-0.3572771959951489
26.737253	-0.35755270631844593
26.737253	-0.35755270631844593
26.737253	-0.35755270631844593
26.737253	-0.35755270631844593
26.77323	-0.35775425990773568
26.785156	-0.35781887898199838
26.797252	-0.35788302461810911
26.797252	-0.35788302461810911
26.797252	-0.35788302461810911
26.797252	-0.35788302461810911
26.833234	-0.35806096059376546
26.833234	-0.35806096059376546
26.857377	-0.35816862887594186
26.857377	-0.35816862887594186
26.857377	-0.35816862887594186
26.857377	-0.35816862887594186
26.857377	-0.35816862887594186
26.857377	-0.35816862887594186
26.917254	-0.35837997581183062
26.917254	-0.35837997581183062
26.929156	-0.35841066356150686
26.929156	-0.35841066356150686
26.929156	-0.35841066356150686
26.965155	-0.35848220326522795
26.977253	-0.35849828246917254
26.977253	-0.35849828246917254
26.977253	-0.35849828246917254
26.977253	-0.35849828246917254
26.977253	-0.35849828246917254
26.977253	-0.35849828246917254
27.037256	-0.3585121938025152
27.037256	-0.3585121938025152
27.037256	-0.3585121938025152
27.037256	-0.3585121938025152
27.037256	-0.3585121938025152
27.037256	-0.3585121938025152
27.097252	-0.35842170346858876
27.097252	-0.35842170346858876
27.097252	-0.35842170346858876
27.097252	-0.35842170346858876
27.097252	-0.35842170346858876
27.097252	-0.35842170346858876
27.157261	-0.35823877724171127
27.157261	-0.35823877724171127
27.157261	-0.35823877724171127
27.181156	-0.35814511723244513
27.193219	-0.35809336904607703
27.193219	-0.35809336904607703
27.217275	-0.35798502000498283
27.217275	-0.35798502000498283
27.217275	-0.35798502000498283
27.217275	-0.35798502000498283
27.217275	-0.35798502000498283
27.217275	-0.35798502000498283
27.277252	-0.35768557152049407
27.277252	-0.35768557152049407
27.277252	-0.35768557152049407
27.277252	-0.35768557152049407
27.277252	-0.35768557152049407
27.325155	-0.35743342277412737
27.337252	-0.35737001477322666
27.337252	-0.35737001477322666
27.337252	-0.35737001477322666
27.337252	-0.35737001477322666
27.373227	-0.35718691333579056
27.373227	-0.35718691333579056
27.397253	-0.35707096144563177
27.397253	-0.35707096144563177
27.397253	-0.35707096144563177
27.397253	-0.35707096144563177
27.433226	-0.35691270693295835
27.445155	-0.35686476059690198
27.457265	-0.35681859527265231
27.457265	-0.35681859527265231
27.457265	-0.35681859527265231
27.457265	-0.35681859527265231
27.493237	-0.35670081003437665
27.493237	-0.35670081003437665
27.517327	-0.35663760734055533
27.517327	-0.35663760734055533
27.517327	-0.35663760734055533
27.517327	-0.35663760734055533
27.517327	-0.35663760734055533
27.517327	-0.35663760734055533
27.577257	-0.35654535319492797
27.577257	-0.35654535319492797
27.589156	-0.35653906768889931
27.589156	-0.35653906768889931
27.61322	-0.35653648105705565
27.61322	-0.35653648105705565
27.637256	-0.35654897662625035
27.637256	-0.35654897662625035
27.637256	-0.35654897662625035
27.637263	-0.35654898132172202
27.67323	-0.35659724680410004
27.67323	-0.35659724680410004
27.67323	-0.35659724680410004
27.67323	-0.35659724680410004
27.67323	-0.35659724680410004
27.67323	-0.35659724680410004
27.67323	-0.35659724680410004
27.67323	-0.35659724680410004
27.757297	-0.35682686590499224
27.757297	-0.35682686590499224
27.757297	-0.35682686590499224
27.757297	-0.35682686590499224
27.793228	-0.3569669022745765
27.793228	-0.3569669022745765
27.817262	-0.35707024017903577
27.817262	-0.35707024017903577
27.829163	-0.35712415426688709
27.841163	-0.35717926272955647
27.841163	-0.35717926272955647
27.865163	-0.35729330743889659
27.877262	-0.35735173909966789
27.877262	-0.35735173909966789
27.889182	-0.35740970873920669
27.889182	-0.35740970873920669
27.889182	-0.35740970873920669
27.889182	-0.35740970873920669
27.937257	-0.35764241287538412
27.937257	-0.35764241287538412
27.937257	-0.35764241287538412
27.961163	-0.35775428339973653
27.961163	-0.35775428339973653
27.961163	-0.35775428339973653
27.997255	-0.35791284223441167
27.997255	-0.35791284223441167
27.997255	-0.35791284223441167
27.997255	-0.35791284223441167
28.033233	-0.35805344496983299
28.045236	-0.3580958233675865
28.057265	-0.3581358654078397
28.057265	-0.3581358654078397
28.069173	-0.35817188251984183
28.069173	-0.35817188251984183
28.069173	-0.35817188251984183
28.105163	-0.35826437777746706
28.117257	-0.35828919676772808
28.117257	-0.35828919676772808
28.117257	-0.35828919676772808
28.141163	-0.35832760182831169
28.141163	-0.35832760182831169
28.165162	-0.35835100356057115
28.177381	-0.35835809501303012
28.177381	-0.35835809501303012
28.189163	-0.35836029545505832
28.201162	-0.35836061151553444
28.201162	-0.35836061151553444
28.225163	-0.35834804606925996
28.237257	-0.35833717169155205
28.237257	-0.35833717169155205
28.237257	-0.35833717169155205
28.237257	-0.35833717169155205
28.273228	-0.35828360988892582
28.285183	-0.3582598409978745
28.285183	-0.3582598409978745
28.285183	-0.3582598409978745
28.285183	-0.3582598409978745
28.285183	-0.3582598409978745
28.285183	-0.3582598409978745
28.297259	-0.35823293711340526
28.357266	-0.35805545809851297
28.357266	-0.35805545809851297
28.357266	-0.35805545809851297
28.357266	-0.35805545809851297
28.393224	-0.35791988471419672
28.405163	-0.35787134585850316
28.417276	-0.35782054415831943
28.417276	-0.35782054415831943
28.429163	-0.35776907861222756
28.429163	-0.35776907861222756
28.429163	-0.35776907861222756
28.429163	-0.35776907861222756
28.477271	-0.35755302575715997
28.477271	-0.35755302575715997
28.477271	-0.35755302575715997
28.501163	-0.35744367191580367
28.513236	-0.35738881335252021
28.525173	-0.35733503669920774
28.537258	-0.35728120744856728
28.537258	-0.35728120744856728
28.537258	-0.35728120744856728
28.537258	-0.35728120744856728
28.537258	-0.35728120744856728
28.537258	-0.35728120744856728
28.537258	-0.35728120744856728
28.597258	-0.35703324493747518
28.609244	-0.35698928341728042
28.621163	-0.35694670858563776
28.621163	-0.35694670858563776
28.621163	-0.35694670858563776
28.657261	-0.35683440710355852
28.657261	-0.35683440710355852
28.657261	-0.35683440710355852
28.657261	-0.35683440710355852
28.657261	-0.35683440710355852
28.657261	-0.35683440710355852
28.717285	-0.35670421866323487
28.717285	-0.35670421866323487
28.717285	-0.35670421866323487
28.717285	-0.35670421866323487
28.753242	-0.35666499219397724
28.765169	-0.35665833045172418
28.777269	-0.3566548017027576
28.777269	-0.3566548017027576
28.777269	-0.3566548017027576
28.777269	-0.3566548017027576
28.777269	-0.3566548017027576
28.825168	-0.35667621848979958
28.837343	-0.35668963699864686
28.837343	-0.35668963699864686
28.837343	-0.35668963699864686
28.837343	-0.35668963699864686
28.837343	-0.35668963699864686
28.837343	-0.35668963699864686
28.837343	-0.35668963699864686
28.897262	-0.35680339251366644
28.909291	-0.3568351637722561
28.921169	-0.35686791528101014
28.921169	-0.35686791528101014
28.921169	-0.35686791528101014
28.957317	-0.35698356572673223
28.957317	-0.35698356572673223
28.957317	-0.35698356572673223
28.957317	-0.35698356572673223
28.957317	-0.35698356572673223
28.957317	-0.35698356572673223
29.017299	-0.35721029400069682
29.017299	-0.35721029400069682
29.029169	-0.35725880403752552
29.029169	-0.35725880403752552
29.029169	-0.35725880403752552
29.029169	-0.35725880403752552
29.077297	-0.35746006785488338
29.077297	-0.35746006785488338
29.077297	-0.35746006785488338
29.101245	-0.35756045438004269
29.101245	-0.35756045438004269
29.101245	-0.35756045438004269
29.137266	-0.35770690445576003
29.137266	-0.35770690445576003
29.149168	-0.35775306445147953
29.149168	-0.35775306445147953
29.173241	-0.35784278251315915
29.185168	-0.35788484046432784
29.197264	-0.35792579394504292
29.197264	-0.35792579394504292
29.209189	-0.35796353905240058
29.209189	-0.35796353905240058
29.209189	-0.35796353905240058
29.209189	-0.35796353905240058
29.257265	-0.3580945288082269
29.257265	-0.3580945288082269
29.257265	-0.3580945288082269
29.257265	-0.3580945288082269
29.257265	-0.3580945288082269
29.305179	-0.35818148972718861
29.317283	-0.35819638544936622
29.317283	-0.35819638544936622
29.317283	-0.35819638544936622
29.317283	-0.35819638544936622
29.317283	-0.35819638544936622
29.317283	-0.35819638544936622
29.317283	-0.35819638544936622
29.377268	-0.35822165273196821
29.389353	-0.35821663230431594
29.389353	-0.35821663230431594
29.413234	-0.35819867780062664
29.413234	-0.35819867780062664
29.437297	-0.35816879665570334
29.437297	-0.35816879665570334
29.449169	-0.35814902103380575
29.449169	-0.35814902103380575
29.449169	-0.35814902103380575
29.449169	-0.35814902103380575
29.449169	-0.35814902103380575
29.449169	-0.35814902103380575
29.449169	-0.35814902103380575
29.449169	-0.35814902103380575
29.49736	-0.35804433633208566
29.545169	-0.35790310964052791
29.557272	-0.35786288277491229
29.557272	-0.35786288277491229
29.557272	-0.35786288277491229
29.557272	-0.35786288277491229
29.557272	-0.35786288277491229
29.605169	-0.35768975404941294
29.617262	-0.35764369663504947
29.617262	-0.35764369663504947
29.617262	-0.35764369663504947
29.641169	-0.35755106625947841
29.641169	-0.35755106625947841
29.641169	-0.35755106625947841
29.677275	-0.35741024038575536
29.677281	-0.35741021704057924
29.677281	-0.35741021704057924
29.701175	-0.35731871156333295
29.701175	-0.35731871156333295
29.725175	-0.35723018601088236
29.737274	-0.35718697411218137
29.737274	-0.35718697411218137
29.737274	-0.35718697411218137
29.737274	-0.35718697411218137
29.773249	-0.35706779039361392
29.773249	-0.35706779039361392
29.773249	-0.35706779039361392
29.773249	-0.35706779039361392
29.773249	-0.35706779039361392
29.773249	-0.35706779039361392
29.773249	-0.35706779039361392
29.797332	-0.35699633436148953
29.857275	-0.35685752031302165
29.857275	-0.35685752031302165
29.869175	-0.356837808070814
29.869175	-0.356837808070814
29.869175	-0.356837808070814
29.869175	-0.356837808070814
29.91727	-0.35678297972182144
29.91727	-0.35678297972182144
29.91727	-0.35678297972182144
29.941174	-0.35677257369630078
29.953245	-0.35677242373922979
29.965175	-0.35677431658687453
29.977281	-0.35677894087879486
29.977281	-0.35677894087879486
29.977281	-0.35677894087879486
29.977281	-0.35677894087879486
29.977281	-0.35677894087879486
30.025262	-0.35682614519440842
30.037268	-0.3568441917001457
30.037268	-0.3568441917001457
30.037268	-0.3568441917001457
30.037268	-0.3568441917001457
30.037268	-0.3568441917001457
30.085175	-0.35694099501868159
30.097268	-0.35697059945829007
30.097268	-0.35697059945829007
30.097268	-0.35697059945829007
30.097268	-0.35697059945829007
30.097268	-0.35697059945829007
30.097268	-0.35697059945829007
30.157358	-0.35714437033260393
30.157358	-0.35714437033260393
30.157358	-0.35714437033260393
30.181175	-0.35722222270060572
30.181175	-0.35722222270060572
30.205176	-0.35730412614730767
30.217289	-0.35734618435046445
30.217289	-0.35734618435046445
30.217289	-0.35734618435046445
30.217289	-0.35734618435046445
30.217289	-0.35734618435046445
30.217289	-0.35734618435046445
30.27729	-0.35755557796717213
30.27729	-0.35755557796717213
30.27729	-0.35755557796717213
30.27729	-0.35755557796717213
30.27729	-0.35755557796717213
30.27729	-0.35755557796717213
30.337271	-0.35775062841700866
30.337271	-0.35775062841700866
30.337271	-0.35775062841700866
30.337271	-0.35775062841700866
30.373247	-0.35785208182849682
30.373247	-0.35785208182849682
30.373247	-0.35785208182849682
30.373247	-0.35785208182849682
30.397276	-0.3579115573091739
30.421261	-0.35796281023792603
30.421261	-0.35796281023792603
30.445175	-0.35800456595311037
30.445175	-0.35800456595311037
30.445175	-0.35800456595311037
30.445175	-0.35800456595311037
30.445175	-0.35800456595311037
30.445175	-0.35800456595311037
30.445175	-0.35800456595311037
30.445175	-0.35800456595311037
30.445175	-0.35800456595311037
30.445175	-0.35800456595311037
30.457358	-0.3580227430292966
30.517278	-0.35807321474365023
30.565175	-0.35806644902345636
30.577273	-0.35805851582565168
30.577273	-0.35805851582565168
30.577273	-0.35805851582565168
30.577273	-0.35805851582565168
30.613241	-0.35801889645000612
30.625176	-0.35800126994157738
30.63727	-0.35798123921295055
30.63727	-0.35798123921295055
30.63727	-0.35798123921295055
30.63727	-0.35798123921295055
30.63727	-0.35798123921295055
30.685255	-0.3578803009860626
30.697282	-0.35785065979842801
30.697282	-0.35785065979842801
30.697282	-0.35785065979842801
30.697282	-0.35785065979842801
30.697282	-0.35785065979842801
30.697282	-0.35785065979842801
30.757289	-0.35768136050906763
30.757289	-0.35768136050906763
30.757289	-0.35768136050906763
30.757289	-0.35768136050906763
30.757289	-0.35768136050906763
30.805183	-0.35753051015741588
30.817382	-0.35749118164364868
30.817382	-0.35749118164364868
30.817382	-0.35749118164364868
30.817382	-0.35749118164364868
30.853254	-0.35737602375816852
30.853254	-0.35737602375816852
30.877285	-0.35730069594022096
30.877285	-0.35730069594022096
30.889184	-0.3572646288015342
30.901183	-0.35722871965452924
30.901183	-0.35722871965452924
30.901183	-0.35722871965452924
30.937278	-0.35712824980338947
30.937278	-0.35712824980338947
30.937278	-0.35712824980338947
30.961183	-0.35706837966052718
30.961183	-0.35706837966052718
30.961183	-0.35706837966052718
30.9973	-0.35699089729305417
30.9973	-0.35699089729305417
31.009183	-0.35696945214854026
31.021183	-0.35694887794662283
31.021183	-0.35694887794662283
31.021183	-0.35694887794662283
31.057278	-0.3569016162225308
31.057278	-0.3569016162225308
31.057278	-0.3569016162225308
31.057278	-0.3569016162225308
31.093246	-0.35687482362984285
31.093246	-0.35687482362984285
31.117383	-0.35686788950637988
31.117383	-0.35686788950637988
31.117383	-0.35686788950637988
31.117383	-0.35686788950637988
31.117383	-0.35686788950637988
31.117383	-0.35686788950637988
31.177303	-0.35689173714389488
31.177303	-0.35689173714389488
31.177303	-0.35689173714389488
31.177303	-0.35689173714389488
31.177303	-0.35689173714389488
31.225183	-0.35694984673367447
31.237285	-0.3569692630353713
31.237285	-0.3569692630353713
31.249187	-0.35699063544876786
31.249187	-0.35699063544876786
31.273248	-0.35703818743028415
31.273248	-0.35703818743028415
31.297297	-0.3570916189640258
31.297297	-0.3570916189640258
31.297297	-0.3570916189640258
31.297297	-0.3570916189640258
31.33325	-0.35718121646600842
31.345262	-0.35721301362145674
31.357302	-0.35724566341858444
31.357302	-0.35724566341858444
31.357302	-0.35724566341858444
31.357302	-0.35724566341858444
31.357302	-0.35724566341858444
31.357302	-0.35724566341858444
31.41728	-0.35741541649972519
31.41728	-0.35741541649972519
31.41728	-0.35741541649972519
31.441184	-0.35748366348602767
31.441184	-0.35748366348602767
31.441184	-0.35748366348602767
31.477348	-0.35758404030474611
31.477348	-0.35758404030474611
31.489183	-0.35761545575015768
31.489183	-0.35761545575015768
31.489183	-0.35761545575015768
31.525184	-0.35770593794231453
31.537278	-0.35773416909640965
31.537278	-0.35773416909640965
31.537278	-0.35773416909640965
31.537278	-0.35773416909640965
31.573255	-0.35780913610526666
31.573255	-0.35780913610526666
31.597279	-0.35785167195816758
31.597279	-0.35785167195816758
31.597279	-0.35785167195816758
31.597279	-0.35785167195816758
31.597279	-0.35785167195816758
31.597279	-0.35785167195816758
31.657286	-0.35792513670964171
31.657286	-0.35792513670964171
31.669183	-0.3579334221642605
31.66919	-0.35793342658425881
31.66919	-0.35793342658425881
31.66919	-0.35793342658425881
31.717285	-0.35794790265361004
31.717285	-0.35794790265361004
31.717285	-0.35794790265361004
31.717285	-0.35794790265361004
31.717285	-0.35794790265361004
31.717285	-0.35794790265361004
31.777298	-0.35791854024044972
31.777298	-0.35791854024044972
31.777298	-0.35791854024044972
31.777298	-0.35791854024044972
31.813253	-0.35787711467838923
31.825215	-0.35785992823181451
31.837286	-0.35784096605597859
31.837286	-0.35784096605597859
31.837286	-0.35784096605597859
31.837286	-0.35784096605597859
31.837286	-0.35784096605597859
31.837286	-0.35784096605597859
31.897284	-0.35772389891030404
31.897284	-0.35772389891030404
31.897284	-0.35772389891030404
31.92119	-0.35766906105160062
31.92119	-0.35766906105160062
31.92119	-0.35766906105160062
31.957405	-0.35757971513584702
31.957405	-0.35757971513584702
31.957405	-0.35757971513584702
31.957405	-0.35757971513584702
31.993253	-0.35748714401114307
31.993253	-0.35748714401114307
32.017328	-0.35742437378921998
32.017328	-0.35742437378921998
32.017328	-0.35742437378921998
32.017328	-0.35742437378921998
32.017328	-0.35742437378921998
32.065191	-0.35730277306417524
32.077291	-0.35727331694550418
32.077291	-0.35727331694550418
32.077291	-0.35727331694550418
32.077291	-0.35727331694550418
32.077291	-0.35727331694550418
32.077291	-0.35727331694550418
32.137353	-0.35714168177185951
32.137353	-0.35714168177185951
32.149201	-0.35711948696926304
32.16119	-0.35709776939282994
32.16119	-0.35709776939282994
32.16119	-0.35709776939282994
32.197284	-0.35704290662144622
32.197284	-0.35704290662144622
32.197284	-0.35704290662144622
32.197284	-0.35704290662144622
32.233268	-0.35700357334727806
32.233268	-0.35700357334727806
32.257286	-0.35698597863125625
32.257286	-0.35698597863125625
32.257286	-0.35698597863125625
32.257286	-0.35698597863125625
32.293255	-0.3569745287151263
32.293255	-0.3569745287151263
32.317307	-0.35697600988456546
32.317307	-0.35697600988456546
32.317307	-0.35697600988456546
32.317307	-0.35697600988456546
32.317307	-0.35697600988456546
32.317307	-0.35697600988456546
32.377288	-0.35701314758326802
32.377288	-0.35701314758326802
32.377288	-0.35701314758326802
32.377288	-0.35701314758326802
32.41326	-0.35705651683745238
32.41326	-0.35705651683745238
32.437289	-0.35709284331541891
32.437289	-0.35709284331541891
32.437289	-0.35709284331541891
32.437289	-0.35709284331541891
32.437289	-0.35709284331541891
32.437289	-0.35709284331541891
32.497285	-0.35720635942761486
32.497285	-0.35720635942761486
32.497285	-0.35720635942761486
32.497285	-0.35720635942761486
32.497285	-0.35720635942761486
32.54519	-0.35731338411668945
32.557287	-0.3573417561542887
32.557287	-0.3573417561542887
32.557287	-0.3573417561542887
32.557287	-0.3573417561542887
32.557287	-0.3573417561542887
32.557287	-0.3573417561542887
32.617294	-0.35748505947648895
32.617294	-0.35748505947648895
32.617294	-0.35748505947648895
32.617294	-0.35748505947648895
32.653257	-0.35756855806672189
32.653257	-0.35756855806672189
32.677325	-0.35762171941649612
32.677325	-0.35762171941649612
32.677333	-0.35762173687777432
32.677333	-0.35762173687777432
32.713273	-0.35769439543875309
32.725209	-0.35771651766680718
32.737296	-0.35773781554517636
32.737296	-0.35773781554517636
32.737296	-0.35773781554517636
32.737296	-0.35773781554517636
32.77327	-0.35779252808219958
32.77327	-0.35779252808219958
32.77327	-0.35779252808219958
32.77327	-0.35779252808219958
32.77327	-0.35779252808219958
32.77327	-0.35779252808219958
32.797381	-0.35782213214476682
32.845198	-0.35786057449730097
32.857297	-0.35786618511776613
32.857297	-0.35786618511776613
32.869198	-0.35786943336771915
32.869198	-0.35786943336771915
32.869198	-0.35786943336771915
32.869198	-0.35786943336771915
32.917295	-0.35786636366068353
32.917295	-0.35786636366068353
32.917295	-0.35786636366068353
32.917295	-0.35786636366068353
32.917295	-0.35786636366068353
32.917295	-0.35786636366068353
32.977311	-0.35782327922469342
32.977311	-0.35782327922469342
32.989198	-0.3578097207069787
33.001198	-0.35779522339907854
33.013277	-0.35777849328181371
33.025199	-0.35776104822665161
33.037297	-0.35774212213013151
33.037297	-0.35774212213013151
33.037297	-0.35774212213013151
33.037297	-0.35774212213013151
33.037297	-0.35774212213013151
33.037297	-0.35774212213013151
33.097391	-0.35763169694496411
33.097391	-0.35763169694496411
33.097391	-0.35763169694496411
33.121198	-0.35758251188370682
33.121198	-0.35758251188370682
33.121198	-0.35758251188370682
33.121198	-0.35758251188370682
33.121198	-0.35758251188370682
33.121198	-0.35758251188370682
33.121198	-0.35758251188370682
33.121198	-0.35758251188370682
33.15731	-0.35750447293938326
33.217294	-0.35737348850280548
33.217294	-0.35737348850280548
33.229259	-0.35734823740816474
33.241198	-0.35732330181346539
33.241198	-0.35732330181346539
33.241198	-0.35732330181346539
33.277303	-0.35725244864980321
33.277303	-0.35725244864980321
33.277303	-0.35725244864980321
33.277303	-0.35725244864980321
33.31327	-0.35719008288486159
33.325275	-0.3571713785033942
33.337296	-0.35715376801738402
33.337296	-0.35715376801738402
33.337296	-0.35715376801738402
33.337296	-0.35715376801738402
33.373277	-0.35710971379937934
33.385198	-0.3570978315017293
33.397292	-0.35708719055583249
33.397292	-0.35708719055583249
33.397292	-0.35708719055583249
33.397292	-0.35708719055583249
33.397292	-0.35708719055583249
33.397292	-0.35708719055583249
33.397292	-0.35708719055583249
33.397292	-0.35708719055583249
33.457363	-0.35705900082483827
33.481198	-0.35705899455142082
33.481198	-0.35705899455142082
33.481198	-0.35705899455142082
33.517291	-0.35707150368452867
33.517291	-0.35707150368452867
33.529198	-0.35707899759080852
33.541197	-0.35708738708449589
33.541197	-0.35708738708449589
33.541197	-0.35708738708449589
33.577294	-0.35712274463149063
33.577294	-0.35712274463149063
33.577294	-0.35712274463149063
33.601197	-0.35715266797052869
33.601197	-0.35715266797052869
33.601197	-0.35715266797052869
33.637309	-0.35720695788017531
33.637309	-0.35720695788017531
33.637309	-0.35720695788017531
33.637309	-0.35720695788017531
33.637309	-0.35720695788017531
33.637309	-0.35720695788017531
33.697314	-0.35731508457995154
33.697314	-0.35731508457995154
33.697314	-0.35731508457995154
33.697314	-0.35731508457995154
33.697314	-0.35731508457995154
33.745209	-0.35741103625915571
33.757329	-0.35743585006659023
33.757329	-0.35743585006659023
33.769212	-0.35746015913682999
33.781209	-0.35748466499094794
33.793271	-0.35750902807926638
33.793271	-0.35750902807926638
33.817303	-0.35755673296484847
33.817303	-0.35755673296484847
33.817303	-0.35755673296484847
33.817303	-0.35755673296484847
33.817303	-0.35755673296484847
33.865209	-0.35764508976810239
33.877325	-0.35766564898912884
33.877325	-0.35766564898912884
33.877325	-0.35766564898912884
33.877325	-0.35766564898912884
33.91328	-0.35772033079512283
33.925209	-0.35773638832205529
33.93732	-0.35775157364492072
33.93732	-0.35775157364492072
33.93732	-0.35775157364492072
33.93732	-0.35775157364492072
33.973282	-0.35778825606081188
33.98528	-0.35779786228959998
33.997308	-0.35780615931307636
33.997308	-0.35780615931307636
33.997308	-0.35780615931307636
33.997308	-0.35780615931307636
33.997308	-0.35780615931307636
33.997308	-0.35780615931307636
33.997308	-0.35780615931307636
33.997308	-0.35780615931307636
33.997308	-0.35780615931307636
33.997308	-0.35780615931307636
34.057306	-0.35782434337561025
34.105209	-0.35781158697224913
34.117372	-0.35780480670220133
34.117372	-0.35780480670220133
34.117372	-0.35780480670220133
34.117372	-0.35780480670220133
34.117372	-0.35780480670220133
34.165209	-0.35776374024176283
34.177312	-0.35775028865358222
34.177312	-0.35775028865358222
34.177312	-0.35775028865358222
34.177312	-0.35775028865358222
34.177312	-0.35775028865358222
34.177312	-0.35775028865358222
34.237305	-0.35766691126537481
34.237305	-0.35766691126537481
34.237305	-0.35766691126537481
34.261208	-0.35762766939036827
34.261208	-0.35762766939036827
34.261208	-0.35762766939036827
34.29731	-0.35756376142096863
34.29731	-0.35756376142096863
34.309209	-0.35754184761683644
34.309209	-0.35754184761683644
34.333273	-0.35749694291190648
34.333273	-0.35749694291190648
34.357303	-0.35745177444612819
34.357303	-0.35745177444612819
34.357303	-0.35745177444612819
34.357303	-0.35745177444612819
34.357303	-0.35745177444612819
34.405209	-0.35736383239548697
34.417327	-0.35734248053220474
34.417327	-0.35734248053220474
34.417327	-0.35734248053220474
34.441209	-0.35730222209270834
34.453278	-0.35728311942195895
34.453278	-0.35728311942195895
34.477313	-0.35724709203323191
34.477313	-0.35724709203323191
34.489209	-0.35723086612818289
34.489209	-0.35723086612818289
34.513355	-0.35720061071789921
34.525208	-0.35718736349843366
34.537317	-0.35717490989199785
34.537317	-0.35717490989199785
34.537317	-0.35717490989199785
34.537317	-0.35717490989199785
34.537317	-0.35717490989199785
34.537317	-0.35717490989199785
34.597337	-0.35713275447564946
34.597337	-0.35713275447564946
34.597337	-0.35713275447564946
34.597337	-0.35713275447564946
34.597337	-0.35713275447564946
34.64528	-0.35712334084055852
34.657309	-0.35712423148311062
34.657309	-0.35712423148311062
34.657309	-0.35712423148311062
34.681213	-0.35713022150598001
34.693283	-0.35713561044566644
34.705216	-0.35714186435239953
34.717318	-0.3571494163663046
34.717318	-0.3571494163663046
34.717318	-0.3571494163663046
34.717318	-0.3571494163663046
34.717318	-0.3571494163663046
34.717318	-0.3571494163663046
34.777391	-0.35720510522562521
34.777391	-0.35720510522562521
34.777391	-0.35720510522562521
34.801216	-0.35723425895733396
34.813285	-0.35725055875806827
34.825215	-0.35726720337590445
34.83731	-0.35728477340430098
34.83731	-0.35728477340430098
34.83731	-0.35728477340430098
34.83731	-0.35728477340430098
34.83731	-0.35728477340430098
34.885215	-0.35736013401965333
34.897333	-0.35738015652814242
34.897333	-0.35738015652814242
34.909286	-0.35740017423918868
34.909286	-0.35740017423918868
34.909286	-0.35740017423918868
34.909286	-0.35740017423918868
34.957313	-0.35748109591506028
34.957313	-0.35748109591506028
34.957313	-0.35748109591506028
34.957313	-0.35748109591506028
34.957313	-0.35748109591506028
34.957313	-0.35748109591506028
35.017312	-0.35757735124870588
35.017312	-0.35757735124870588
35.017312	-0.35757735124870588
35.017312	-0.35757735124870588
35.017312	-0.35757735124870588
35.017312	-0.35757735124870588
35.017312	-0.35757735124870588
35.017312	-0.35757735124870588
35.017312	-0.35757735124870588
35.077319	-0.35765921629701741
35.113287	-0.35769778046394518
35.125216	-0.35770862399167341
35.137309	-0.35771859571246217
35.137309	-0.35771859571246217
35.149216	-0.35772695247111597
35.149216	-0.35772695247111597
35.173355	-0.35774082124532142
35.185216	-0.35774587277152131
35.197309	-0.35774987080888088
35.197309	-0.35774987080888088
35.209219	-0.35775221459940992
35.209219	-0.35775221459940992
35.209219	-0.35775221459940992
35.245216	-0.35775261380817086
35.257313	-0.35775033493283537
35.257313	-0.35775033493283537
35.257313	-0.35775033493283537
35.257313	-0.35775033493283537
35.293298	-0.35773573778264239
35.293298	-0.35773573778264239
35.293298	-0.35773573778264239
35.293298	-0.35773573778264239
35.293298	-0.35773573778264239
35.293298	-0.35773573778264239
35.317373	-0.35772044690600519
35.365215	-0.35767712592936879
35.37738	-0.35766385262408473
35.37738	-0.35766385262408473
35.37738	-0.35766385262408473
35.401216	-0.3576353364816206
35.401216	-0.3576353364816206
35.401216	-0.3576353364816206
35.437385	-0.35758681861933217
35.437385	-0.35758681861933217
35.449216	-0.35756983316555185
35.449216	-0.35756983316555185
35.449216	-0.35756983316555185
35.449216	-0.35756983316555185
35.497336	-0.35749767617020617
35.497336	-0.35749767617020617
35.497336	-0.35749767617020617
35.497336	-0.35749767617020617
35.497336	-0.35749767617020617
35.497336	-0.35749767617020617
35.557354	-0.35740557471251055
35.557354	-0.35740557471251055
35.557354	-0.35740557471251055
35.557354	-0.35740557471251055
35.557354	-0.35740557471251055
35.557354	-0.35740557471251055
35.617309	-0.35732013294371812
35.617309	-0.35732013294371812
35.617309	-0.35732013294371812
35.617309	-0.35732013294371812
35.653291	-0.35727574046304733
35.653291	-0.35727574046304733
35.677355	-0.35724970188120519
35.677355	-0.35724970188120519
35.677355	-0.35724970188120519
35.701293	-0.35722738144000604
35.713303	-0.35721787395607207
35.713303	-0.35721787395607207
35.737396	-0.35720127881742519
35.737396	-0.35720127881742519
35.737396	-0.35720127881742519
35.737396	-0.35720127881742519
35.737396	-0.35720127881742519
35.737396	-0.35720127881742519
35.79732	-0.35717935254429678
35.79732	-0.35717935254429678
35.79732	-0.35717935254429678
35.79732	-0.35717935254429678
35.79732	-0.35717935254429678
35.79732	-0.35717935254429678
35.85732	-0.35718551185300368
35.85732	-0.35718551185300368
35.869309	-0.3571902560890331
35.869309	-0.3571902560890331
35.893303	-0.35720247965142726
35.893303	-0.35720247965142726
35.917318	-0.35721863343642268
35.917318	-0.35721863343642268
35.917318	-0.35721863343642268
35.917318	-0.35721863343642268
35.953308	-0.35725005047810882
35.965302	-0.35726208740036475
35.977364	-0.35727490661371847
35.977364	-0.35727490661371847
35.977364	-0.35727490661371847
36.001226	-0.35730234552187329
36.013286	-0.35731724840634377
36.025223	-0.35733233904169953
36.037335	-0.35734809404489898
36.037335	-0.35734809404489898
36.037335	-0.35734809404489898
36.037335	-0.35734809404489898
36.037335	-0.35734809404489898
36.037335	-0.35734809404489898
36.037335	-0.35734809404489898
36.097388	-0.35743066158860953
36.109498	-0.35744767006072986
36.109498	-0.35744767006072986
36.109498	-0.35744767006072986
36.109498	-0.35744767006072986
36.157319	-0.35751381584150455
36.157319	-0.35751381584150455
36.157319	-0.35751381584150455
36.181222	-0.35754531714932014
36.181222	-0.35754531714932014
36.205222	-0.35757507130743366
36.217336	-0.35758938789103933
36.217336	-0.35758938789103933
36.229294	-0.35760270996527832
36.229294	-0.35760270996527832
36.229294	-0.35760270996527832
36.265226	-0.35763896449179533
36.277367	-0.35764971324014172
36.277367	-0.35764971324014172
36.277367	-0.35764971324014172
36.301223	-0.35766813796503721
36.313313	-0.35767584999961904
36.325223	-0.35768274511009102
36.33732	-0.35768883546378671
36.33732	-0.35768883546378671
36.33732	-0.35768883546378671
36.33732	-0.35768883546378671
36.33732	-0.35768883546378671
36.33732	-0.35768883546378671
36.397323	-0.35770320942179445
36.397323	-0.35770320942179445
36.397323	-0.35770320942179445
36.421223	-0.35770178834087429
36.421223	-0.35770178834087429
36.421223	-0.35770178834087429
36.457339	-0.3576917224312447
36.457339	-0.3576917224312447
36.469245	-0.3576862885023116
36.469245	-0.3576862885023116
36.469245	-0.3576862885023116
36.469245	-0.3576862885023116
36.517333	-0.35765598401939713
36.517333	-0.35765598401939713
36.517333	-0.35765598401939713
36.517333	-0.35765598401939713
36.517333	-0.35765598401939713
36.565223	-0.35761263478595762
36.577367	-0.35760001070743203
36.577367	-0.35760001070743203
36.589226	-0.35758696837849879
36.589226	-0.35758696837849879
36.589226	-0.35758696837849879
36.589226	-0.35758696837849879
36.589226	-0.35758696837849879
36.589226	-0.35758696837849879
36.589226	-0.35758696837849879
36.589226	-0.35758696837849879
36.589226	-0.35758696837849879
36.637323	-0.35752998112122786
36.697318	-0.35745316966679319
36.697326	-0.35745315931361338
36.697326	-0.35745315931361338
36.697326	-0.35745315931361338
36.733314	-0.35740719192256648
36.733314	-0.35740719192256648
36.757403	-0.35737745363830248
36.757403	-0.35737745363830248
36.757403	-0.35737745363830248
36.757403	-0.35737745363830248
36.757403	-0.35737745363830248
36.805231	-0.35732328079822795
36.81733	-0.35731081010264476
36.81733	-0.35731081010264476
36.81733	-0.35731081010264476
36.81733	-0.35731081010264476
36.81733	-0.35731081010264476
36.865314	-0.35726841770381162
36.877359	-0.35725954780335401
36.877359	-0.35725954780335401
36.877359	-0.35725954780335401
36.877359	-0.35725954780335401
36.877359	-0.35725954780335401
36.925244	-0.35723323407036156
36.93733	-0.35722872640790432
36.93733	-0.35722872640790432
36.93733	-0.35722872640790432
36.93733	-0.35722872640790432
36.973303	-0.35722139470569836
36.985231	-0.35722076319535218
36.997344	-0.35722102227067892
36.997344	-0.35722102227067892
36.997344	-0.35722102227067892
36.997344	-0.35722102227067892
37.033303	-0.3572278774985771
37.033303	-0.3572278774985771
37.033303	-0.3572278774985771
37.057333	-0.35723680335598978
37.069378	-0.35724281548341236
37.069378	-0.35724281548341236
37.069378	-0.35724281548341236
37.069378	-0.35724281548341236
37.117348	-0.35727404937958435
37.117348	-0.35727404937958435
37.117348	-0.35727404937958435
37.117348	-0.35727404937958435
37.117348	-0.35727404937958435
37.117348	-0.35727404937958435
37.177389	-0.35732862612458521
37.177389	-0.35732862612458521
37.177389	-0.35732862612458521
37.177389	-0.35732862612458521
37.177389	-0.35732862612458521
37.225231	-0.35738067748092106
37.237326	-0.35739456484654042
37.237326	-0.35739456484654042
37.237326	-0.35739456484654042
37.237326	-0.35739456484654042
37.237326	-0.35739456484654042
37.237326	-0.35739456484654042
37.297335	-0.35746516376205534
37.297335	-0.35746516376205534
37.297335	-0.35746516376205534
37.297335	-0.35746516376205534
37.297335	-0.35746516376205534
37.34523	-0.35751990753614138
37.357332	-0.35753309785076953
37.357332	-0.35753309785076953
37.369231	-0.357545560198684
37.381231	-0.3575578988495573
37.381231	-0.3575578988495573
37.381231	-0.3575578988495573
37.417397	-0.35759158683045073
37.417397	-0.35759158683045073
37.417397	-0.35759158683045073
37.417397	-0.35759158683045073
37.417397	-0.35759158683045073
37.417397	-0.35759158683045073
37.477359	-0.35763468311452579
37.477359	-0.35763468311452579
37.477359	-0.35763468311452579
37.477359	-0.35763468311452579
37.477359	-0.35763468311452579
37.477359	-0.35763468311452579
37.537343	-0.35765837071569473
37.537343	-0.35765837071569473
37.537343	-0.35765837071569473
37.561231	-0.35766192443189254
37.573303	-0.35766216280509028
37.573303	-0.35766216280509028
37.597358	-0.35766053041670171
37.597358	-0.35766053041670171
37.597358	-0.35766053041670171
37.597358	-0.35766053041670171
37.633301	-0.35765134717315394
37.633301	-0.35765134717315394
37.657327	-0.35764129896995522
37.657327	-0.35764129896995522
37.657327	-0.35764129896995522
37.657327	-0.35764129896995522
37.657327	-0.35764129896995522
37.70524	-0.35761199431241142
37.717353	-0.35760296527846086
37.717353	-0.35760296527846086
37.717353	-0.35760296527846086
37.717353	-0.35760296527846086
37.717353	-0.35760296527846086
37.765239	-0.35756143372981003
37.777357	-0.35754979746341203
37.777357	-0.35754979746341203
37.777357	-0.35754979746341203
37.801258	-0.357525742122559
37.801258	-0.357525742122559
37.825238	-0.35750048246597671
37.837339	-0.35748749404110153
37.837339	-0.35748749404110153
37.837339	-0.35748749404110153
37.837339	-0.35748749404110153
37.837339	-0.35748749404110153
37.837339	-0.35748749404110153
37.897335	-0.35742253683068459
37.897335	-0.35742253683068459
37.897335	-0.35742253683068459
37.897335	-0.35742253683068459
37.933318	-0.35738514453509512
37.933318	-0.35738514453509512
37.957361	-0.35736157523997475
37.957361	-0.35736157523997475
37.957361	-0.35736157523997475
37.957361	-0.35736157523997475
37.993302	-0.35732966864051452
37.993302	-0.35732966864051452
38.017336	-0.35731081492927513
38.017336	-0.35731081492927513
38.017336	-0.35731081492927513
38.017336	-0.35731081492927513
38.017336	-0.35731081492927513
38.017336	-0.35731081492927513
38.017336	-0.35731081492927513
38.017336	-0.35731081492927513
38.017336	-0.35731081492927513
38.017336	-0.35731081492927513
38.077463	-0.35727509323633916
38.125238	-0.35725992863257228
38.13735	-0.35725795474724098
38.13735	-0.35725795474724098
38.13735	-0.35725795474724098
38.13735	-0.35725795474724098
38.173311	-0.35725728452002703
38.173311	-0.35725728452002703
38.197351	-0.35726062493609395
38.197351	-0.35726062493609395
38.197351	-0.35726062493609395
38.197351	-0.35726062493609395
38.233312	-0.35727167196475579
38.233312	-0.35727167196475579
38.257342	-0.35728251739022515
38.257342	-0.35728251739022515
38.257342	-0.35728251739022515
38.257342	-0.35728251739022515
38.257342	-0.35728251739022515
38.257342	-0.35728251739022515
38.317356	-0.35732108005057028
38.317356	-0.35732108005057028
38.317356	-0.35732108005057028
38.317356	-0.35732108005057028
38.317356	-0.35732108005057028
38.317356	-0.35732108005057028
38.317356	-0.35732108005057028
38.317356	-0.35732108005057028
38.377358	-0.35737209055401953
38.401239	-0.35739466624076444
38.401239	-0.35739466624076444
38.401239	-0.35739466624076444
38.437332	-0.35743013636060228
38.437332	-0.35743013636060228
38.449239	-0.35744197517334192
38.449239	-0.35744197517334192
38.449239	-0.35744197517334192
38.449239	-0.35744197517334192
38.497332	-0.35748925685958327
38.497332	-0.35748925685958327
38.497332	-0.35748925685958327
38.521249	-0.3575117784583941
38.533302	-0.35752263250141186
38.54526	-0.35753313782009405
38.557337	-0.35754340922545413
38.557337	-0.35754340922545413
38.557337	-0.35754340922545413
38.557337	-0.35754340922545413
38.557337	-0.35754340922545413
38.557337	-0.35754340922545413
38.617335	-0.35758715826428839
38.617335	-0.35758715826428839
38.6294	-0.3575941781537843
38.641242	-0.35760074009406606
38.641242	-0.35760074009406606
38.641242	-0.35760074009406606
38.67737	-0.35761624198024561
38.67737	-0.35761624198024561
38.67737	-0.35761624198024561
38.701248	-0.35762311411529468
38.701256	-0.35762311556823939
38.725246	-0.35762693648862165
38.737421	-0.3576279035051258
38.737421	-0.3576279035051258
38.737421	-0.3576279035051258
38.737421	-0.3576279035051258
38.737421	-0.3576279035051258
38.785247	-0.35762397163667314
38.797345	-0.3576212553939398
38.797345	-0.3576212553939398
38.797345	-0.3576212553939398
38.821247	-0.35761372215992154
38.821247	-0.35761372215992154
38.821247	-0.35761372215992154
38.857367	-0.35759727818909753
38.857367	-0.35759727818909753
38.86932	-0.35759054324478995
38.881247	-0.35758351883443584
38.893311	-0.35757561812536054
38.893311	-0.35757561812536054
38.917355	-0.35755873158506613
38.917355	-0.35755873158506613
38.929247	-0.35754963492498698
38.929247	-0.35754963492498698
38.929247	-0.35754963492498698
38.929247	-0.35754963492498698
38.977356	-0.35750978077689272
38.977356	-0.35750978077689272
38.977356	-0.35750978077689272
38.977356	-0.35750978077689272
39.013313	-0.35747757647628098
39.013313	-0.35747757647628098
39.013313	-0.35747757647628098
39.037344	-0.35745562046061335
39.049247	-0.35744475605051612
39.049247	-0.35744475605051612
39.073331	-0.35742298085615992
39.073331	-0.35742298085615992
39.097364	-0.3574018248861805
39.097364	-0.3574018248861805
39.109246	-0.35739176135882106
39.109246	-0.35739176135882106
39.13338	-0.35737208701283246
39.13338	-0.35737208701283246
39.157345	-0.35735392531161497
39.157345	-0.35735392531161497
39.157345	-0.35735392531161497
39.157345	-0.35735392531161497
39.193311	-0.35733011530961717
39.193311	-0.35733011530961717
39.217362	-0.35731662879990628
39.217362	-0.35731662879990628
39.217362	-0.35731662879990628
39.217362	-0.35731662879990628
39.217362	-0.35731662879990628
39.265317	-0.35729700675840226
39.277355	-0.35729357002015399
39.277355	-0.35729357002015399
39.277355	-0.35729357002015399
39.30125	-0.35728881205289331
39.313325	-0.35728759765827228
39.325258	-0.35728689106829514
39.337381	-0.35728680972876409
39.337381	-0.35728680972876409
39.337381	-0.35728680972876409
39.337381	-0.35728680972876409
39.373336	-0.35729090513662659
39.373336	-0.35729090513662659
39.373336	-0.35729090513662659
39.373336	-0.35729090513662659
39.373336	-0.35729090513662659
39.373336	-0.35729090513662659
39.373336	-0.35729090513662659
39.397418	-0.3572967565590367
39.457363	-0.35732205402377676
39.457363	-0.35732205402377676
39.469247	-0.35732875540559922
39.469247	-0.35732875540559922
39.469247	-0.35732875540559922
39.469247	-0.35732875540559922
39.517342	-0.35735989010381086
39.517342	-0.35735989010381086
39.529324	-0.35736866413352325
39.529324	-0.35736866413352325
39.529324	-0.35736866413352325
39.529324	-0.35736866413352325
39.577367	-0.35740623667848959
39.577367	-0.35740623667848959
39.577367	-0.35740623667848959
39.577367	-0.35740623667848959
39.577367	-0.35740623667848959
39.625247	-0.35744605173793609
39.637343	-0.35745617557333509
39.637343	-0.35745617557333509
39.637343	-0.35745617557333509
39.637343	-0.35745617557333509
39.637343	-0.35745617557333509
39.637343	-0.35745617557333509
39.637343	-0.35745617557333509
39.637343	-0.35745617557333509
39.697353	-0.35750463945525374
39.721254	-0.35752243500655284
39.721254	-0.35752243500655284
39.721254	-0.35752243500655284
39.757348	-0.35754669021938468
39.757348	-0.35754669021938468
39.757348	-0.35754669021938468
39.757348	-0.35754669021938468
39.757348	-0.35754669021938468
39.805254	-0.35757278268051779
39.817352	-0.35757817489635607
39.817352	-0.35757817489635607
39.817352	-0.35757817489635607
39.817352	-0.35757817489635607
39.853332	-0.357590577766217
39.865254	-0.35759357687798993
39.877358	-0.35759605684606005
39.877358	-0.35759605684606005
39.877358	-0.35759605684606005
39.901254	-0.35759903104693913
39.901254	-0.35759903104693913
39.901254	-0.35759903104693913
39.93735	-0.35759873965067041
39.93735	-0.35759873965067041
39.93735	-0.35759873965067041
39.93735	-0.35759873965067041
39.93735	-0.35759873965067041
39.93735	-0.35759873965067041
39.997348	-0.35758620880045811
39.997348	-0.35758620880045811
40.009253	-0.35758192431744901
40.021254	-0.35757731256763547
40.021254	-0.35757731256763547
40.021254	-0.35757731256763547
40.057419	-0.35755996134457935
40.057419	-0.35755996134457935
40.069253	-0.35755333037904707
40.069253	-0.35755333037904707
40.069253	-0.35755333037904707
40.105275	-0.35753111426821987
40.117396	-0.35752298310511665
40.117396	-0.35752298310511665
40.117396	-0.35752298310511665
40.117396	-0.35752298310511665
40.117396	-0.35752298310511665
40.117396	-0.35752298310511665
40.177355	-0.35747921590877807
40.177355	-0.35747921590877807
40.189331	-0.35747004308284863
40.189331	-0.35747004308284863
40.213317	-0.35745147821679191
40.225257	-0.35744214515746509
40.225257	-0.35744214515746509
40.237365	-0.35743262933212
40.249254	-0.35742326952972975
40.249254	-0.35742326952972975
40.273319	-0.35740440862761785
40.273319	-0.35740440862761785
40.297362	-0.35738595623356961
40.297362	-0.35738595623356961
40.297362	-0.35738595623356961
40.297362	-0.35738595623356961
40.33332	-0.35736042790644124
40.33332	-0.35736042790644124
40.35743	-0.35734529044872021
40.35743	-0.35734529044872021
40.35743	-0.35734529044872021
40.381253	-0.35733240472328681
40.381253	-0.35733240472328681
40.381253	-0.35733240472328681
40.417351	-0.35731731875412798
40.417351	-0.35731731875412798
40.417351	-0.35731731875412798
40.417351	-0.35731731875412798
40.417351	-0.35731731875412798
40.417351	-0.35731731875412798
40.47735	-0.35730481263269165
40.47735	-0.35730481263269165
40.47735	-0.35730481263269165
40.501254	-0.35730435590946613
40.513326	-0.35730529173790576
40.525274	-0.35730668985449515
40.537368	-0.35730870952094101
40.537368	-0.35730870952094101
40.537368	-0.35730870952094101
40.537368	-0.35730870952094101
40.573324	-0.35731870749548061
40.573324	-0.35731870749548061
40.597352	-0.35732815175605531
40.597352	-0.35732815175605531
40.597352	-0.35732815175605531
40.597352	-0.35732815175605531
40.597352	-0.35732815175605531
40.645253	-0.35735328718199139
40.657371	-0.35736071165237976
40.657371	-0.35736071165237976
40.657371	-0.35736071165237976
40.657371	-0.35736071165237976
40.657371	-0.35736071165237976
40.657371	-0.35736071165237976
40.717434	-0.35740268258620905
40.729261	-0.35741169312761784
40.729261	-0.35741169312761784
40.729261	-0.35741169312761784
40.753334	-0.35743038621523687
40.753334	-0.35743038621523687
40.777374	-0.35744935450270238
40.777374	-0.35744935450270238
40.777374	-0.35744935450270238
40.801261	-0.35746819111148931
40.813326	-0.35747757413448
40.813326	-0.35747757413448
40.837356	-0.35749591251255425
40.837356	-0.35749591251255425
40.849334	-0.35750471781447279
40.849334	-0.35750471781447279
40.849334	-0.35750471781447279
40.849334	-0.35750471781447279
40.897367	-0.35753756498744094
40.897367	-0.35753756498744094
40.897367	-0.35753756498744094
40.921282	-0.35755186309282078
40.921282	-0.35755186309282078
40.921282	-0.35755186309282078
40.95738	-0.35757013493268042
40.95738	-0.35757013493268042
40.95738	-0.35757013493268042
40.95738	-0.35757013493268042
40.95738	-0.35757013493268042
40.95738	-0.35757013493268042
40.95738	-0.35757013493268042
40.95738	-0.35757013493268042
40.95738	-0.35757013493268042
40.95738	-0.35757013493268042
40.95738	-0.35757013493268042
41.017358	-0.3575904834005379
41.077356	-0.35759681535985138
41.077356	-0.35759681535985138
41.077356	-0.35759681535985138
41.077356	-0.35759681535985138
41.113409	-0.35759357520382856
41.113409	-0.35759357520382856
41.13736	-0.35758874907804872
41.13736	-0.35758874907804872
41.13736	-0.35758874907804872
41.13736	-0.35758874907804872
41.13736	-0.35758874907804872
41.13736	-0.35758874907804872
41.197358	-0.35756735937350553
41.197358	-0.35756735937350553
41.197358	-0.35756735937350553
41.197358	-0.35756735937350553
41.233333	-0.35754902891006485
41.233333	-0.35754902891006485
41.257363	-0.35753501221091716
41.257363	-0.35753501221091716
41.257363	-0.35753501221091716
41.257363	-0.35753501221091716
41.257363	-0.35753501221091716
41.305261	-0.35750350570748501
41.317397	-0.35749492833845309
41.317397	-0.35749492833845309
41.317397	-0.35749492833845309
41.317397	-0.35749492833845309
41.317397	-0.35749492833845309
41.317397	-0.35749492833845309
41.317397	-0.35749492833845309
41.377452	-0.35744916861303094
41.389261	-0.3574397752232627
41.389261	-0.3574397752232627
41.389261	-0.3574397752232627
41.389261	-0.3574397752232627
41.437354	-0.35740220994054867
41.437354	-0.35740220994054867
41.437354	-0.35740220994054867
41.437354	-0.35740220994054867
41.437354	-0.35740220994054867
41.485262	-0.3573689702941234
41.497356	-0.35736148200866302
41.497356	-0.35736148200866302
41.497356	-0.35736148200866302
41.497356	-0.35736148200866302
41.497356	-0.35736148200866302
41.497356	-0.35736148200866302
41.497356	-0.35736148200866302
41.497356	-0.35736148200866302
41.557359	-0.35733161873222113
41.581262	-0.35732329888741621
41.581262	-0.35732329888741621
41.581262	-0.35732329888741621
41.617357	-0.35731507333600743
41.617357	-0.35731507333600743
41.629262	-0.35731359708296001
41.629262	-0.35731359708296001
41.653339	-0.35731211435300103
41.653339	-0.35731211435300103
41.67738	-0.35731287840773762
41.67738	-0.35731287840773762
41.67738	-0.35731287840773762
41.67738	-0.35731287840773762
41.713334	-0.35731840731007397
41.725262	-0.35732125070111292
41.737376	-0.3573246242332096
41.737376	-0.3573246242332096
41.737376	-0.3573246242332096
41.737376	-0.3573246242332096
41.737376	-0.3573246242332096
41.737376	-0.3573246242332096
41.797383	-0.35734856354664341
41.797383	-0.35734856354664341
41.797383	-0.35734856354664341
41.797383	-0.35734856354664341
41.833341	-0.357367650567047
41.84527	-0.35737456659101863
41.857366	-0.35738183739907997
41.857366	-0.35738183739907997
41.869271	-0.35738928126028902
41.869271	-0.35738928126028902
41.893334	-0.35740480789144097
41.905355	-0.35741277742289368
41.917364	-0.35742084620483627
41.917364	-0.35742084620483627
41.917364	-0.35742084620483627
41.941274	-0.35743709240260313
41.941274	-0.35743709240260313
41.965271	-0.35745340396593434
41.977368	-0.35746156350546299
41.977368	-0.35746156350546299
41.98927	-0.35746946112566014
41.98927	-0.35746946112566014
41.98927	-0.35746946112566014
41.98927	-0.35746946112566014
41.98927	-0.35746946112566014
41.98927	-0.35746946112566014
41.98927	-0.35746946112566014
41.98927	-0.35746946112566014
41.98927	-0.35746946112566014
42.037455	-0.35750000182649383
42.097371	-0.35753233992821137
42.097371	-0.35753233992821137
42.109271	-0.35753770477464397
42.121282	-0.35754291401619498
42.121282	-0.35754291401619498
42.121282	-0.35754291401619498
42.15737	-0.35755576489681651
42.15737	-0.35755576489681651
42.15737	-0.35755576489681651
42.15737	-0.35755576489681651
42.15737	-0.35755576489681651
42.15737	-0.35755576489681651
42.217371	-0.35756820999222033
42.217371	-0.35756820999222033
42.217371	-0.35756820999222033
42.217371	-0.35756820999222033
42.217371	-0.35756820999222033
42.217371	-0.35756820999222033
42.277372	-0.35756876964691592
42.277372	-0.35756876964691592
42.277372	-0.35756876964691592
42.277372	-0.35756876964691592
42.277372	-0.35756876964691592
42.325291	-0.35756077056561075
42.337369	-0.35755770582864355
42.337369	-0.35755770582864355
42.349271	-0.35755415795065082
42.361271	-0.3575503624087974
42.361271	-0.3575503624087974
42.361271	-0.3575503624087974
42.361271	-0.3575503624087974
42.361271	-0.3575503624087974
42.361271	-0.3575503624087974
42.397369	-0.35753638758915307
42.433411	-0.35751954876397879
42.433411	-0.35751954876397879
42.457388	-0.35750712375320404
42.457388	-0.35750712375320404
42.457388	-0.35750712375320404
42.457388	-0.35750712375320404
42.457388	-0.35750712375320404
42.505272	-0.35748008250211338
42.51739	-0.35747295373725196
42.51739	-0.35747295373725196
42.51739	-0.35747295373725196
42.51739	-0.35747295373725196
42.51739	-0.35747295373725196
42.51739	-0.35747295373725196
42.57737	-0.35743730160657727
42.57737	-0.35743730160657727
42.589778	-0.357430083819124
42.589778	-0.357430083819124
42.589778	-0.357430083819124
42.589778	-0.357430083819124
42.637365	-0.35740361929264314
42.637365	-0.35740361929264314
42.637365	-0.35740361929264314
42.661271	-0.3573914604235266
42.673335	-0.35738576389877247
42.685271	-0.35738033786478079
42.69744	-0.35737507669643248
42.69744	-0.35737507669643248
42.69744	-0.35737507669643248
42.69744	-0.35737507669643248
42.697448	-0.35737507323769746
42.745278	-0.35735788351745884
42.757384	-0.35735438920181506
42.757384	-0.35735438920181506
42.757384	-0.35735438920181506
42.757384	-0.35735438920181506
42.757384	-0.35735438920181506
42.757384	-0.35735438920181506
42.817374	-0.35734328022167622
42.817374	-0.35734328022167622
42.817374	-0.35734328022167622
42.817374	-0.35734328022167622
42.853356	-0.35734167437196807
42.865303	-0.35734194204708725
42.877375	-0.35734260354825165
42.877375	-0.35734260354825165
42.877375	-0.35734260354825165
42.877375	-0.35734260354825165
42.913352	-0.35734722170877931
42.925279	-0.35734949902556451
42.937384	-0.35735216900944622
42.937384	-0.35735216900944622
42.937384	-0.35735216900944622
42.937384	-0.35735216900944622
42.937384	-0.35735216900944622
42.937384	-0.35735216900944622
42.997446	-0.35737081371337437
42.997446	-0.35737081371337437
42.997446	-0.35737081371337437
42.997446	-0.35737081371337437
42.997446	-0.35737081371337437
42.997446	-0.35737081371337437
43.057376	-0.35739643250126696
43.057376	-0.35739643250126696
43.057376	-0.35739643250126696
43.057376	-0.35739643250126696
43.057376	-0.35739643250126696
43.057376	-0.35739643250126696
43.117399	-0.35742643807786084
43.117399	-0.35742643807786084
43.117399	-0.35742643807786084
43.117399	-0.35742643807786084
43.117399	-0.35742643807786084
43.165279	-0.35745145509552406
43.177375	-0.35745772839139306
43.177375	-0.35745772839139306
43.177375	-0.35745772839139306
43.201279	-0.3574698742526603
43.201279	-0.3574698742526603
43.201279	-0.3574698742526603
43.237393	-0.35748724357511857
43.237393	-0.35748724357511857
43.249279	-0.35749257804546786
43.261302	-0.35749786240031745
43.273343	-0.35750281650461846
43.273343	-0.35750281650461846
43.273343	-0.35750281650461846
43.273343	-0.35750281650461846
43.297392	-0.35751208786681071
43.321279	-0.35752015876716575
43.321279	-0.35752015876716575
43.321279	-0.35752015876716575
43.357495	-0.35752995078210276
43.357495	-0.35752995078210276
43.357495	-0.35752995078210276
43.357495	-0.35752995078210276
43.357495	-0.35752995078210276
43.40528	-0.35753798823662852
43.41738	-0.35753914997598185
43.41738	-0.35753914997598185
43.41738	-0.35753914997598185
43.41738	-0.35753914997598185
43.41738	-0.35753914997598185
43.465279	-0.35753978271714398
43.477375	-0.35753905041173401
43.477375	-0.35753905041173401
43.477375	-0.35753905041173401
43.501279	-0.35753645991989347
43.501279	-0.35753645991989347
43.501279	-0.35753645991989347
43.537373	-0.35752985410012156
43.537373	-0.35752985410012156
43.549279	-0.35752697532304206
43.561279	-0.35752390437824605
43.561279	-0.35752390437824605
43.561279	-0.35752390437824605
43.597438	-0.3575126754255884
43.597438	-0.3575126754255884
43.597438	-0.3575126754255884
43.597438	-0.3575126754255884
43.597438	-0.3575126754255884
43.597438	-0.3575126754255884
43.597438	-0.3575126754255884
43.657424	-0.3574894709580097
43.669361	-0.35748432101657335
43.681279	-0.35747911159958884
43.681279	-0.35747911159958884
43.705279	-0.35746827100928319
43.717373	-0.35746272435836052
43.717373	-0.35746272435836052
43.717373	-0.35746272435836052
43.741289	-0.35745168203390892
43.741289	-0.35745168203390892
43.765289	-0.35744066853509487
43.777385	-0.35743518399668611
43.777385	-0.35743518399668611
43.777385	-0.35743518399668611
43.777385	-0.35743518399668611
43.813354	-0.35741951061628535
43.825289	-0.35741456530691174
43.837386	-0.35740970053885279
43.837386	-0.35740970053885279
43.84929	-0.35740515859045435
43.84929	-0.35740515859045435
43.84929	-0.35740515859045435
43.84929	-0.35740515859045435
43.897395	-0.35738882169250125
43.897395	-0.35738882169250125
43.897395	-0.35738882169250125
43.897395	-0.35738882169250125
43.897395	-0.35738882169250125
43.897395	-0.35738882169250125
43.957385	-0.35737459425738061
43.957385	-0.35737459425738061
43.957385	-0.35737459425738061
43.98129	-0.35737107413101293
43.98129	-0.35737107413101293
44.00529	-0.35736895774221644
44.017467	-0.35736833127454581
44.017467	-0.35736833127454581
44.02929	-0.35736816363983775
44.02929	-0.35736816363983775
44.02929	-0.35736816363983775
44.06529	-0.35736945806940257
44.077425	-0.3573705452805338
44.077425	-0.3573705452805338
44.077425	-0.3573705452805338
44.077425	-0.3573705452805338
44.077425	-0.3573705452805338
44.077425	-0.3573705452805338
44.137389	-0.35738083930173015
44.137389	-0.35738083930173015
44.137389	-0.35738083930173015
44.137389	-0.35738083930173015
44.137389	-0.35738083930173015
44.137389	-0.35738083930173015
44.197384	-0.35739803631245665
44.197384	-0.35739803631245665
44.20929	-0.35740214989489072
44.22129	-0.35740639910152888
44.22129	-0.35740639910152888
44.22129	-0.35740639910152888
44.257404	-0.35742027404536986
44.257404	-0.35742027404536986
44.257404	-0.35742027404536986
44.281376	-0.35743004097834902
44.281376	-0.35743004097834902
44.281376	-0.35743004097834902
44.317407	-0.35744518651985357
44.317407	-0.35744518651985357
44.32929	-0.35745020947363088
44.32929	-0.35745020947363088
44.32929	-0.35745020947363088
44.36529	-0.35746524756307163
44.377387	-0.35747018188914731
44.377387	-0.35747018188914731
44.377387	-0.35747018188914731
44.40129	-0.35747960036770793
44.40129	-0.35747960036770793
44.42529	-0.35748846822268893
44.437382	-0.35749271832849944
44.437382	-0.35749271832849944
44.437382	-0.35749271832849944
44.46129	-0.35750050623414226
44.473356	-0.35750405104007427
44.473356	-0.35750405104007427
44.497384	-0.35751052088782531
44.497384	-0.35751052088782531
44.497384	-0.35751052088782531
44.497384	-0.35751052088782531
44.533355	-0.35751812159037916
44.545379	-0.35752011333508482
44.557411	-0.35752183325570752
44.557411	-0.35752183325570752
44.557411	-0.35752183325570752
44.557411	-0.35752183325570752
44.557411	-0.35752183325570752
44.557411	-0.35752183325570752
44.617404	-0.35752557406822144
44.617404	-0.35752557406822144
44.617404	-0.35752557406822144
44.64129	-0.35752489126716469
44.64129	-0.35752489126716469
44.64129	-0.35752489126716469
44.677478	-0.35752145850337969
44.677478	-0.35752145850337969
44.677478	-0.35752145850337969
44.70129	-0.35751775907225197
44.70129	-0.35751775907225197
44.72529	-0.35751285226141033
44.737384	-0.35751003623080191
44.737393	-0.35751003413519455
44.737393	-0.35751003413519455
44.737393	-0.35751003413519455
44.737393	-0.35751003413519455
44.785299	-0.35749644607829612
44.797394	-0.35749253080040022
44.797394	-0.35749253080040022
44.797394	-0.35749253080040022
44.797394	-0.35749253080040022
44.797394	-0.35749253080040022
44.797394	-0.35749253080040022
44.797394	-0.35749253080040022
44.797394	-0.35749253080040022
44.797394	-0.35749253080040022
44.857482	-0.35747078627433471
44.893378	-0.3574567081690897
44.905298	-0.35745197471233858
44.917398	-0.35744716141855315
44.917398	-0.35744716141855315
44.917398	-0.35744716141855315
44.917398	-0.35744716141855315
44.917398	-0.35744716141855315
44.917398	-0.35744716141855315
44.977399	-0.3574239851829934
44.977399	-0.3574239851829934
44.977399	-0.3574239851829934
45.001298	-0.35741540829555157
45.013367	-0.3574113307903326
45.025299	-0.35740742728593339
45.037393	-0.35740363282165744
45.037393	-0.35740363282165744
45.037393	-0.35740363282165744
45.037393	-0.35740363282165744
45.073432	-0.35739365875597962
45.085318	-0.35739079931299855
45.097394	-0.35738811717781294
45.097394	-0.35738811717781294
45.097394	-0.35738811717781294
45.121299	-0.35738361863130369
45.121299	-0.35738361863130369
45.121299	-0.35738361863130369
45.157396	-0.35737893528620668
45.157396	-0.35737893528620668
45.157396	-0.35737893528620668
45.157396	-0.35737893528620668
45.193363	-0.35737688691529107
45.193363	-0.35737688691529107
45.217414	-0.35737691681714406
45.217414	-0.35737691681714406
45.217414	-0.35737691681714406
45.217414	-0.35737691681714406
45.253377	-0.35737925359500416
45.265299	-0.35738056468001161
45.277392	-0.35738215317088856
45.277392	-0.35738215317088856
45.289299	-0.35738405944202933
45.301298	-0.3573861222000958
45.313395	-0.3573885761532683
45.325299	-0.35739116165850615
45.337475	-0.35739402387810359
45.337475	-0.35739402387810359
45.337475	-0.35739402387810359
45.337475	-0.35739402387810359
45.337475	-0.35739402387810359
45.385299	-0.35740738073114864
45.397393	-0.35741117162593256
45.397393	-0.35741117162593256
45.409379	-0.3574151078728971
45.409379	-0.3574151078728971
45.433371	-0.35742329031857328
45.433371	-0.35742329031857328
45.457398	-0.35743184168971703
45.457398	-0.35743184168971703
45.457398	-0.35743184168971703
45.457398	-0.35743184168971703
45.457398	-0.35743184168971703
45.457398	-0.35743184168971703
45.517393	-0.35745387078127522
45.517393	-0.35745387078127522
45.517393	-0.35745387078127522
45.517393	-0.35745387078127522
45.553368	-0.35746678613215016
45.56532	-0.35747092866644875
45.577395	-0.3574750233682169
45.577395	-0.3574750233682169
45.577395	-0.3574750233682169
45.577395	-0.3574750233682169
45.577395	-0.3574750233682169
45.577395	-0.3574750233682169
45.637396	-0.35749318023068238
45.637396	-0.35749318023068238
45.637396	-0.35749318023068238
45.637396	-0.35749318023068238
45.637396	-0.35749318023068238
45.685299	-0.35750429076658807
45.69747	-0.35750657681765707
45.69747	-0.35750657681765707
45.69747	-0.35750657681765707
45.69747	-0.35750657681765707
45.69747	-0.35750657681765707
45.69747	-0.35750657681765707
45.757422	-0.35751390843738012
45.757422	-0.35751390843738012
45.757422	-0.35751390843738012
45.757422	-0.35751390843738012
45.757422	-0.35751390843738012
45.757422	-0.35751390843738012
45.757422	-0.35751390843738012
45.757422	-0.35751390843738012
45.757422	-0.35751390843738012
45.757422	-0.35751390843738012
45.817404	-0.35751457829632843
45.86538	-0.35751030213113921
45.877442	-0.35750862892857954
45.877442	-0.35750862892857954
45.877442	-0.35750862892857954
45.877442	-0.35750862892857954
45.913396	-0.3575021392543033
45.92531	-0.3574995836539977
45.937411	-0.35749679976202425
45.937411	-0.35749679976202425
45.937411	-0.35749679976202425
45.937411	-0.35749679976202425
45.937411	-0.35749679976202425
45.98531	-0.35748397553930855
45.997481	-0.35748036918140247
45.997481	-0.35748036918140247
45.997481	-0.35748036918140247
45.997481	-0.35748036918140247
46.033384	-0.35746906277542856
46.033384	-0.35746906277542856
46.057405	-0.35746115919228399
46.057405	-0.35746115919228399
46.057405	-0.35746115919228399
46.08131	-0.35745315530627991
46.08131	-0.35745315530627991
46.105319	-0.35744512137077572
46.117403	-0.35744111223342756
46.117403	-0.35744111223342756
46.117403	-0.35744111223342756
46.117403	-0.35744111223342756
46.117403	-0.35744111223342756
46.117403	-0.35744111223342756
46.177424	-0.35742229630705263
46.177424	-0.35742229630705263
46.177424	-0.35742229630705263
46.177424	-0.35742229630705263
46.177424	-0.35742229630705263
46.22533	-0.3574094650096139
46.237406	-0.35740661828318687
46.237406	-0.35740661828318687
46.237406	-0.35740661828318687
46.237406	-0.35740661828318687
46.273376	-0.35739940432119816
46.285309	-0.35739741077051634
46.297409	-0.35739559444886687
46.297409	-0.35739559444886687
46.297409	-0.35739559444886687
46.32131	-0.35739273343370542
46.333374	-0.35739170992431013
46.333374	-0.35739170992431013
46.357426	-0.35739026121654205
46.357426	-0.35739026121654205
46.36931	-0.35738997620207424
46.36931	-0.35738997620207424
46.36931	-0.35738997620207424
46.40531	-0.35739042834574875
46.417404	-0.35739105260819898
46.417404	-0.35739105260819898
46.417404	-0.35739105260819898
46.417404	-0.35739105260819898
46.417404	-0.35739105260819898
46.417404	-0.35739105260819898
46.47742	-0.35739776990873973
46.47742	-0.35739776990873973
46.47742	-0.35739776990873973
46.47742	-0.35739776990873973
46.47742	-0.35739776990873973
46.47742	-0.35739776990873973
46.537421	-0.35740961340204574
46.537421	-0.35740961340204574
46.549329	-0.3574124931018462
46.561324	-0.35741547237472621
46.573386	-0.35741866210394335
46.58531	-0.35742189451513118
46.597402	-0.35742527247670736
46.597402	-0.35742527247670736
46.60931	-0.3574287071028705
46.60931	-0.3574287071028705
46.60931	-0.3574287071028705
46.60931	-0.3574287071028705
46.657483	-0.35744311284900987
46.657483	-0.35744311284900987
46.657483	-0.35744311284900987
46.657483	-0.35744311284900987
46.657483	-0.35744311284900987
46.705331	-0.35745761477720445
46.717405	-0.35746119932318798
46.717405	-0.35746119932318798
46.72931	-0.35746464810548167
46.72931	-0.35746464810548167
46.729319	-0.35746465069467348
46.765318	-0.35747460923864505
46.777431	-0.35747775484235544
46.777431	-0.35747775484235544
46.78939	-0.35748068722435089
46.78939	-0.35748068722435089
46.78939	-0.35748068722435089
46.78939	-0.35748068722435089
46.837435	-0.35749107660814405
46.837435	-0.35749107660814405
46.837435	-0.35749107660814405
46.837435	-0.35749107660814405
46.837435	-0.35749107660814405
46.837435	-0.35749107660814405
46.897413	-0.35749986066114897
46.897413	-0.35749986066114897
46.909319	-0.35750094236958846
46.92139	-0.35750191700533662
46.933383	-0.35750255698222067
46.933383	-0.35750255698222067
46.957426	-0.35750329308216028
46.957426	-0.35750329308216028
46.969347	-0.35750326101934871
46.981319	-0.35750310636932564
46.993384	-0.35750261581505072
47.005318	-0.35750196820568453
47.017412	-0.35750110719035166
47.017412	-0.35750110719035166
47.017412	-0.35750110719035166
47.017412	-0.35750110719035166
47.017412	-0.35750110719035166
47.065319	-0.35749550173879074
47.077451	-0.35749361478403219
47.077451	-0.35749361478403219
47.077451	-0.35749361478403219
47.077451	-0.35749361478403219
47.077451	-0.35749361478403219
47.077451	-0.35749361478403219
47.137427	-0.35748168396839086
47.137427	-0.35748168396839086
47.137427	-0.35748168396839086
47.137427	-0.35748168396839086
47.137427	-0.35748168396839086
47.137427	-0.35748168396839086
47.197436	-0.35746659379841644
47.197436	-0.35746659379841644
47.209347	-0.35746335069545643
47.209347	-0.35746335069545643
47.233392	-0.35745669221435389
47.233392	-0.35745669221435389
47.257415	-0.35744995267979701
47.257415	-0.35744995267979701
47.257415	-0.35744995267979701
47.257415	-0.35744995267979701
47.293382	-0.35743995050054778
47.293382	-0.35743995050054778
47.293382	-0.35743995050054778
47.317518	-0.35743344514664743
47.329318	-0.35743038969366808
47.341339	-0.35742732240977049
47.35339	-0.35742439338613524
47.35339	-0.35742439338613524
47.377436	-0.35741883388451207
47.377436	-0.35741883388451207
47.377436	-0.35741883388451207
47.377436	-0.35741883388451207
47.377436	-0.35741883388451207
47.425318	-0.35740949127917765
47.425318	-0.35740949127917765
47.425318	-0.35740949127917765
47.425318	-0.35740949127917765
47.425318	-0.35740949127917765
47.425318	-0.35740949127917765
47.437412	-0.35740751321378555
47.497412	-0.35740059523084583
47.497412	-0.35740059523084583
47.497412	-0.35740059523084583
47.497412	-0.35740059523084583
47.497412	-0.35740059523084583
47.497412	-0.35740059523084583
47.557418	-0.35739871772335985
47.557418	-0.35739871772335985
47.557418	-0.35739871772335985
47.557418	-0.35739871772335985
47.557418	-0.35739871772335985
47.557418	-0.35739871772335985
47.617493	-0.35740199634658859
47.617493	-0.35740199634658859
47.617493	-0.35740199634658859
47.617493	-0.35740199634658859
47.653395	-0.35740629471717206
47.653395	-0.35740629471717206
47.677432	-0.35740999675919544
47.677432	-0.35740999675919544
47.689319	-0.35741210133837981
47.689319	-0.35741210133837981
47.713458	-0.35741674228192444
47.713458	-0.35741674228192444
47.737418	-0.35742184069330929
47.737418	-0.35742184069330929
47.749322	-0.35742455896962899
47.761328	-0.35742735224017452
47.773401	-0.35743028293134754
47.773401	-0.35743028293134754
47.79744	-0.35743626677969581
47.79744	-0.35743626677969581
47.79744	-0.35743626677969581
47.79744	-0.35743626677969581
47.833401	-0.35744552446052336
47.845405	-0.35744863745902605
47.85743	-0.35745175361629017
47.85743	-0.35745175361629017
47.85743	-0.35745175361629017
47.881331	-0.35745786860007472
47.881331	-0.35745786860007472
47.905327	-0.35746381066981536
47.917429	-0.35746672250314909
47.917429	-0.35746672250314909
47.917429	-0.35746672250314909
47.941327	-0.35747220363348681
47.941327	-0.35747220363348681
47.941327	-0.35747220363348681
47.977515	-0.35747967870569813
47.977515	-0.35747967870569813
47.98933	-0.35748184228960078
47.98933	-0.35748184228960078
47.98933	-0.35748184228960078
47.98933	-0.35748184228960078
47.98933	-0.35748184228960078
47.98933	-0.35748184228960078
47.98933	-0.35748184228960078
48.037422	-0.35748929115374778
48.073392	-0.35749304986415642
48.085328	-0.35749395143868629
48.097432	-0.3574946923483267
48.097432	-0.3574946923483267
48.097432	-0.3574946923483267
48.121328	-0.35749555611461309
48.121328	-0.35749555611461309
48.145331	-0.35749560916468276
48.157429	-0.3574953854786812
48.157429	-0.3574953854786812
48.157429	-0.3574953854786812
48.181327	-0.35749434993961626
48.181327	-0.35749434993961626
48.205328	-0.35749253103588041
48.217428	-0.35749138217662241
48.217428	-0.35749138217662241
48.217428	-0.35749138217662241
48.241399	-0.35748857477580098
48.253405	-0.35748689080764751
48.253405	-0.35748689080764751
48.253405	-0.35748689080764751
48.253405	-0.35748689080764751
48.27752	-0.35748315487290622
48.301327	-0.35747892520711538
48.301327	-0.35747892520711538
48.325348	-0.35747417367044459
48.325348	-0.35747417367044459
48.325348	-0.35747417367044459
48.325348	-0.35747417367044459
48.325348	-0.35747417367044459
48.325348	-0.35747417367044459
48.337423	-0.35747165601530828
48.397423	-0.35745806621897425
48.397423	-0.35745806621897425
48.397423	-0.35745806621897425
48.397423	-0.35745806621897425
48.397423	-0.35745806621897425
48.445348	-0.35744667107547001
48.457448	-0.357443811568532
48.457448	-0.357443811568532
48.457448	-0.357443811568532
48.457448	-0.357443811568532
48.457448	-0.357443811568532
48.50541	-0.357432939638339
48.517426	-0.35743036728186212
48.517426	-0.35743036728186212
48.517426	-0.35743036728186212
48.517426	-0.35743036728186212
48.553399	-0.35742327416020925
48.565328	-0.35742113032336981
48.577463	-0.35741906114814392
48.577463	-0.35741906114814392
48.577463	-0.35741906114814392
48.577463	-0.35741906114814392
48.613392	-0.35741382108098313
48.625328	-0.35741236085899475
48.625328	-0.35741236085899475
48.625328	-0.35741236085899475
48.625328	-0.35741236085899475
48.625328	-0.35741236085899475
48.637489	-0.35741101778419188
48.685328	-0.35740748272172962
48.697449	-0.35740699467404258
48.697449	-0.35740699467404258
48.697449	-0.35740699467404258
48.721327	-0.35740658557687927
48.721327	-0.35740658557687927
48.745345	-0.3574069193515434
48.757426	-0.35740731411696891
48.757435	-0.35740731441105789
48.757435	-0.35740731441105789
48.757435	-0.35740731441105789
48.757435	-0.35740731441105789
48.757435	-0.35740731441105789
48.817432	-0.35741186722785712
48.817432	-0.35741186722785712
48.829336	-0.35741326042904986
48.829336	-0.35741326042904986
48.829336	-0.35741326042904986
48.829336	-0.35741326042904986
48.877467	-0.35742011988713723
48.877467	-0.35742011988713723
48.877467	-0.35742011988713723
48.877467	-0.35742011988713723
48.91341	-0.35742648068048893
48.925337	-0.35742876278359925
48.937475	-0.35743115954167648
48.937475	-0.35743115954167648
48.937475	-0.35743115954167648
48.961337	-0.35743606645582909
48.961337	-0.35743606645582909
48.961337	-0.35743606645582909
48.997433	-0.35744380578058987
48.997433	-0.35744380578058987
48.997433	-0.35744380578058987
49.021336	-0.35744900609126418
49.021336	-0.35744900609126418
49.045352	-0.35745418927123562
49.057432	-0.35745676245295682
49.057432	-0.35745676245295682
49.057432	-0.35745676245295682
49.081336	-0.35746171434103258
49.081336	-0.35746171434103258
49.081336	-0.35746171434103258
49.117431	-0.35746869831176503
49.117431	-0.35746869831176503
49.129337	-0.35747081826346688
49.129337	-0.35747081826346688
49.153406	-0.3574748419729647
49.153406	-0.3574748419729647
49.177453	-0.3574784203345841
49.177453	-0.3574784203345841
49.177453	-0.3574784203345841
49.177453	-0.3574784203345841
49.177453	-0.3574784203345841
49.225337	-0.35748392014929348
49.237457	-0.35748497098107651
49.237457	-0.35748497098107651
49.237457	-0.35748497098107651
49.237457	-0.35748497098107651
49.273401	-0.35748708360448611
49.273401	-0.35748708360448611
49.297507	-0.3574877434073882
49.297507	-0.3574877434073882
49.297507	-0.3574877434073882
49.297507	-0.3574877434073882
49.297507	-0.3574877434073882
49.297507	-0.3574877434073882
49.357455	-0.35748651963033845
49.357455	-0.35748651963033845
49.357455	-0.35748651963033845
49.357455	-0.35748651963033845
49.357455	-0.35748651963033845
49.357455	-0.35748651963033845
49.417464	-0.35748149715647098
49.417464	-0.35748149715647098
49.42946	-0.3574800589034644
49.42946	-0.3574800589034644
49.42946	-0.3574800589034644
49.42946	-0.3574800589034644
49.477466	-0.35747325505035049
49.477466	-0.35747325505035049
49.477466	-0.35747325505035049
49.477466	-0.35747325505035049
49.477466	-0.35747325505035049
49.477466	-0.35747325505035049
49.53745	-0.35746269367190947
49.53745	-0.35746269367190947
49.53745	-0.35746269367190947
49.53745	-0.35746269367190947
49.53745	-0.35746269367190947
49.53745	-0.35746269367190947
49.53745	-0.35746269367190947
49.53745	-0.35746269367190947
49.53745	-0.35746269367190947
49.53745	-0.35746269367190947
49.53745	-0.35746269367190947
49.597435	-0.35745092822166152
49.657453	-0.35743917291218219
49.657453	-0.35743917291218219
49.657453	-0.35743917291218219
49.657453	-0.35743917291218219
49.657453	-0.35743917291218219
49.657453	-0.35743917291218219
49.717431	-0.35742863931628388
49.717431	-0.35742863931628388
49.717431	-0.35742863931628388
49.717431	-0.35742863931628388
49.717431	-0.35742863931628388
49.717441	-0.35742863767628191
49.77749	-0.3574203597706353
49.77749	-0.3574203597706353
49.77749	-0.3574203597706353
49.77749	-0.3574203597706353
49.77749	-0.3574203597706353
49.77749	-0.3574203597706353
49.837443	-0.35741516175807381
49.837443	-0.35741516175807381
49.837443	-0.35741516175807381
49.837443	-0.35741516175807381
49.873411	-0.35741374908856732
49.873411	-0.35741374908856732
49.897439	-0.35741350360207702
49.897439	-0.35741350360207702
49.909347	-0.35741364002646292
49.909347	-0.35741364002646292
49.909347	-0.35741364002646292
49.909347	-0.35741364002646292
49.909347	-0.35741364002646292
49.957513	-0.35741550301344821
49.969346	-0.35741633752691415
49.981347	-0.35741725560713644
49.981347	-0.35741725560713644
50.005347	-0.35741956272651199
50.017441	-0.35742088273862621
50.017441	-0.35742088273862621
50.017441	-0.35742088273862621
50.017441	-0.35742088273862621
50.05344	-0.35742551351101148
50.05344	-0.35742551351101148
50.077461	-0.35742905218875465
50.077461	-0.35742905218875465
50.077461	-0.35742905218875465
50.077461	-0.35742905218875465
50.077461	-0.35742905218875465
50.125357	-0.35743699179862254
50.137441	-0.35743912014057144
50.137441	-0.35743912014057144
50.149348	-0.35744125913383368
50.149348	-0.35744125913383368
50.149348	-0.35744125913383368
50.185367	-0.35744782611468151
50.197442	-0.35745003890945037
50.197442	-0.35745003890945037
50.197442	-0.35745003890945037
50.197442	-0.35745003890945037
50.197442	-0.35745003890945037
50.197442	-0.35745003890945037
50.257453	-0.35746068192029606
50.257453	-0.35746068192029606
50.257453	-0.35746068192029606
50.257453	-0.35746068192029606
50.257453	-0.35746068192029606
50.305356	-0.35746824094581259
50.317478	-0.3574699709521324
50.317478	-0.3574699709521324
50.317478	-0.3574699709521324
50.317478	-0.3574699709521324
50.353483	-0.3574744818853598
50.353483	-0.3574744818853598
50.377459	-0.35747697592884087
50.377459	-0.35747697592884087
50.377459	-0.35747697592884087
50.377459	-0.35747697592884087
50.377459	-0.35747697592884087
50.377459	-0.35747697592884087
50.437441	-0.35748103046272045
50.437441	-0.35748103046272045
50.437441	-0.35748103046272045
50.437441	-0.35748103046272045
50.437441	-0.35748103046272045
50.437441	-0.35748103046272045
50.497471	-0.35748177140660814
50.497471	-0.35748177140660814
50.497471	-0.35748177140660814
50.497471	-0.35748177140660814
50.533415	-0.35748058417988893
50.545351	-0.35747994372595354
50.557464	-0.35747917615048297
50.557464	-0.35747917615048297
50.557464	-0.35747917615048297
50.557464	-0.35747917615048297
50.557464	-0.35747917615048297
50.557464	-0.35747917615048297
50.557464	-0.35747917615048297
50.557464	-0.35747917615048297
50.557464	-0.35747917615048297
50.557464	-0.35747917615048297
50.557464	-0.35747917615048297
50.61751	-0.35747356019571014
50.677459	-0.35746556236191113
50.677459	-0.35746556236191113
50.689389	-0.35746374764834604
50.701347	-0.35746189849428983
50.701347	-0.35746189849428983
50.725346	-0.35745802247837027
50.737441	-0.35745602497542428
50.737441	-0.35745602497542428
50.737441	-0.35745602497542428
50.737441	-0.35745602497542428
50.73745	-0.35745602348906408
50.785398	-0.3574479641181762
50.797448	-0.35744594409208413
50.797448	-0.35744594409208413
50.797448	-0.35744594409208413
50.797448	-0.35744594409208413
50.797448	-0.35744594409208413
50.797448	-0.35744594409208413
50.857457	-0.35743635809083124
50.857457	-0.35743635809083124
50.857457	-0.35743635809083124
50.857457	-0.35743635809083124
50.893422	-0.35743126956775445
50.893422	-0.35743126956775445
50.917455	-0.35742823493652554
50.917455	-0.35742823493652554
50.929356	-0.35742688971393982
50.929356	-0.35742688971393982
50.953442	-0.35742442173091732
50.953442	-0.35742442173091732
50.977475	-0.35742237089310608
50.977475	-0.35742237089310608
50.977475	-0.35742237089310608
50.977475	-0.35742237089310608
51.013488	-0.35742020034224675
51.025355	-0.35741971204267536
51.037468	-0.35741932658323289
51.037468	-0.35741932658323289
51.037468	-0.35741932658323289
51.037468	-0.35741932658323289
51.037468	-0.35741932658323289
51.037468	-0.35741932658323289
51.09745	-0.35741935795381008
51.09745	-0.35741935795381008
51.09745	-0.35741935795381008
51.09745	-0.35741935795381008
51.133418	-0.35742085790028583
51.145426	-0.35742158080222142
51.157455	-0.35742240802749803
51.157455	-0.35742240802749803
51.169447	-0.35742337205938052
51.169447	-0.35742337205938052
51.169447	-0.35742337205938052
51.205356	-0.35742678578311049
51.217467	-0.35742811486875692
51.217467	-0.35742811486875692
51.229356	-0.35742952423200036
51.241356	-0.35743098854779448
51.241356	-0.35743098854779448
51.241356	-0.35743098854779448
51.277566	-0.35743586349593442
51.277566	-0.35743586349593442
51.277566	-0.35743586349593442
51.277566	-0.35743586349593442
51.277566	-0.35743586349593442
51.277566	-0.35743586349593442
51.337456	-0.35744478973123878
51.337456	-0.35744478973123878
51.337456	-0.35744478973123878
51.337456	-0.35744478973123878
51.337456	-0.35744478973123878
51.337456	-0.35744478973123878
51.337456	-0.35744478973123878
51.397456	-0.35745400667870847
51.409427	-0.35745578794464378
51.409427	-0.35745578794464378
51.409427	-0.35745578794464378
51.409427	-0.35745578794464378
51.457454	-0.35746255722044051
51.457454	-0.35746255722044051
51.457454	-0.35746255722044051
51.457454	-0.35746255722044051
51.49344	-0.35746699171185919
51.505356	-0.3574683162191386
51.517454	-0.35746958511086246
51.517454	-0.35746958511086246
51.517454	-0.35746958511086246
51.517454	-0.35746958511086246
51.517454	-0.35746958511086246
51.517454	-0.35746958511086246
51.577504	-0.35747440625348142
51.577504	-0.35747440625348142
51.577504	-0.35747440625348142
51.601355	-0.35747560465135703
51.613422	-0.3574760161118119
51.625376	-0.35747633901159093
51.637449	-0.35747656044692938
51.637449	-0.35747656044692938
51.637449	-0.35747656044692938
51.637449	-0.35747656044692938
51.637449	-0.35747656044692938
51.637449	-0.35747656044692938
51.69745	-0.3574758855921798
51.69745	-0.3574758855921798
51.709359	-0.35747539980770937
51.709359	-0.35747539980770937
51.73342	-0.35747414522213644
51.745355	-0.35747337236047561
51.757497	-0.35747249383668434
51.757497	-0.35747249383668434
51.757506	-0.35747249318549718
51.757506	-0.35747249318549718
51.757506	-0.35747249318549718
51.757506	-0.35747249318549718
51.817461	-0.3574667873321038
51.817461	-0.3574667873321038
51.817461	-0.3574667873321038
51.817461	-0.3574667873321038
51.853593	-0.35746247527849406
51.865365	-0.35746096970779023
51.87748	-0.35745937767742447
51.87748	-0.35745937767742447
51.87748	-0.35745937767742447
51.87748	-0.35745937767742447
51.87748	-0.35745937767742447
51.87748	-0.35745937767742447
51.937527	-0.35745104972656883
51.937527	-0.35745104972656883
51.937527	-0.35745104972656883
51.937527	-0.35745104972656883
51.937527	-0.35745104972656883
51.937527	-0.35745104972656883
51.997492	-0.35744268295853959
51.997492	-0.35744268295853959
52.009364	-0.35744110369804377
52.021385	-0.35743952506443627
52.021385	-0.35743952506443627
52.021385	-0.35743952506443627
52.057462	-0.35743511642256892
52.057462	-0.35743511642256892
52.057462	-0.35743511642256892
52.057462	-0.35743511642256892
52.057462	-0.35743511642256892
52.057462	-0.35743511642256892
52.117461	-0.35742910197459327
52.117461	-0.35742910197459327
52.129421	-0.35742816162234309
52.129421	-0.35742816162234309
52.129421	-0.35742816162234309
52.165365	-0.35742582815825508
52.177478	-0.35742522754234629
52.177478	-0.35742522754234629
52.177478	-0.35742522754234629
52.177478	-0.35742522754234629
52.177478	-0.35742522754234629
52.177478	-0.35742522754234629
52.237462	-0.35742385267948917
52.237462	-0.35742385267948917
52.237462	-0.35742385267948917
52.237462	-0.35742385267948917
52.273435	-0.3574242923854225
52.273435	-0.3574242923854225
52.29747	-0.35742507157314884
52.29747	-0.35742507157314884
52.29747	-0.35742507157314884
52.29747	-0.35742507157314884
52.29747	-0.35742507157314884
52.29747	-0.35742507157314884
52.29747	-0.35742507157314884
52.357484	-0.35742871672409693
52.369547	-0.35742972412886898
52.381365	-0.35743075232797095
52.393428	-0.35743190957760124
52.393428	-0.35743190957760124
52.417476	-0.357434372816468
52.417476	-0.357434372816468
52.417476	-0.357434372816468
52.441364	-0.35743705088267508
52.453441	-0.3574384869598366
52.453441	-0.3574384869598366
52.477479	-0.35744143188454169
52.477479	-0.35744143188454169
52.477479	-0.35744143188454169
52.477479	-0.35744143188454169
52.477479	-0.35744143188454169
52.525364	-0.35744757626492307
52.537468	-0.35744914886945423
52.537468	-0.35744914886945423
52.537468	-0.35744914886945423
52.561365	-0.35745222983840458
52.561365	-0.35745222983840458
52.585365	-0.35745524585750416
52.597528	-0.3574567378226578
52.597528	-0.3574567378226578
52.597528	-0.3574567378226578
52.597528	-0.3574567378226578
52.597528	-0.3574567378226578
52.597528	-0.3574567378226578
52.657461	-0.35746340549394301
52.657461	-0.35746340549394301
52.657461	-0.35746340549394301
52.657461	-0.35746340549394301
52.657461	-0.35746340549394301
52.657461	-0.35746340549394301
52.717461	-0.35746851166717764
52.717461	-0.35746851166717764
52.717461	-0.35746851166717764
52.741365	-0.3574699973096202
52.741365	-0.3574699973096202
52.765368	-0.35747111236707391
52.777482	-0.35747155480641146
52.777492	-0.35747155517164125
52.777492	-0.35747155517164125
52.777492	-0.35747155517164125
52.777492	-0.35747155517164125
52.825375	-0.35747229787544016
52.837468	-0.35747225787629966
52.837468	-0.35747225787629966
52.849376	-0.35747209426372856
52.849376	-0.35747209426372856
52.849376	-0.35747209426372856
52.849376	-0.35747209426372856
52.897473	-0.35747059189338076
52.897473	-0.35747059189338076
52.897473	-0.35747059189338076
52.921375	-0.35746931322718739
52.933439	-0.35746852383715583
52.945396	-0.35746768478049107
52.957475	-0.35746676755702611
52.957475	-0.35746676755702611
52.957475	-0.35746676755702611
52.981374	-0.35746473651862959
52.981374	-0.35746473651862959
52.981374	-0.35746473651862959
52.981374	-0.35746473651862959
52.981374	-0.35746473651862959
52.981374	-0.35746473651862959
53.017471	-0.35746121268158698
53.05345	-0.35745728925756998
53.05345	-0.35745728925756998
53.077506	-0.35745451811234819
53.077506	-0.35745451811234819
53.077506	-0.35745451811234819
53.077506	-0.35745451811234819
53.077506	-0.35745451811234819
53.125451	-0.35744882556770935
53.137471	-0.35744739722496732
53.137471	-0.35744739722496732
53.137471	-0.35744739722496732
53.137471	-0.35744739722496732
53.173447	-0.35744322668841677
53.185375	-0.35744189319727937
53.197469	-0.35744057079948
53.197469	-0.35744057079948
53.197469	-0.35744057079948
53.197469	-0.35744057079948
53.197469	-0.35744057079948
53.197469	-0.35744057079948
53.257544	-0.35743472513104552
53.257544	-0.35743472513104552
53.269553	-0.35743374242234044
53.269553	-0.35743374242234044
53.269553	-0.35743374242234044
53.269553	-0.35743374242234044
53.31749	-0.35743045569687704
53.31749	-0.35743045569687704
53.31749	-0.35743045569687704
53.341395	-0.35742928054987622
53.341395	-0.35742928054987622
53.365375	-0.35742845578587479
53.377491	-0.35742815142911599
53.377491	-0.35742815142911599
53.377491	-0.35742815142911599
53.377491	-0.35742815142911599
53.377491	-0.35742815142911599
53.377491	-0.35742815142911599
53.377491	-0.35742815142911599
53.43747	-0.35742801609483077
53.449442	-0.35742826677614747
53.449442	-0.35742826677614747
53.449442	-0.35742826677614747
53.485374	-0.35742946577424528
53.497469	-0.35743002574127064
53.497469	-0.35743002574127064
53.497469	-0.35743002574127064
53.497469	-0.35743002574127064
53.497469	-0.35743002574127064
53.497469	-0.35743002574127064
53.557475	-0.35743394022483505
53.557475	-0.35743394022483505
53.557475	-0.35743394022483505
53.557475	-0.35743394022483505
53.557475	-0.35743394022483505
53.605375	-0.35743815330320478
53.61747	-0.3574393276884007
53.61747	-0.3574393276884007
53.61747	-0.3574393276884007
53.61747	-0.3574393276884007
53.61747	-0.3574393276884007
53.665375	-0.3574443083445506
53.67752	-0.35744562194322543
53.67752	-0.35744562194322543
53.67752	-0.35744562194322543
53.67752	-0.35744562194322543
53.67752	-0.35744562194322543
53.67752	-0.35744562194322543
53.737469	-0.35745215176677497
53.737469	-0.35745215176677497
53.737469	-0.35745215176677497
53.737469	-0.35745215176677497
53.773447	-0.35745590452246889
53.773456	-0.3574559054386926
53.797505	-0.35745826863394597
53.797505	-0.35745826863394597
53.797505	-0.35745826863394597
53.797505	-0.35745826863394597
53.833447	-0.35746146088229946
53.845384	-0.35746242189603605
53.857503	-0.35746334521128753
53.857503	-0.35746334521128753
53.869384	-0.35746416879921217
53.869384	-0.35746416879921217
53.869384	-0.35746416879921217
53.869384	-0.35746416879921217
53.917555	-0.35746689029060141
53.917555	-0.35746689029060141
53.917555	-0.35746689029060141
53.917555	-0.35746689029060141
53.917555	-0.35746689029060141
53.917555	-0.35746689029060141
53.977497	-0.35746856591105897
53.977497	-0.35746856591105897
53.989384	-0.35746862704896659
54.001384	-0.35746860762926619
54.001384	-0.35746860762926619
54.025383	-0.35746753862882807
54.037482	-0.35746646999928694
54.037482	-0.35746646999928694
54.037482	-0.35746646999928694
54.037482	-0.35746646999928694
54.037482	-0.35746646999928694
54.037482	-0.35746646999928694
54.097482	-0.35745397599494333
54.097482	-0.35745397599494333
54.097482	-0.35745397599494333
54.097482	-0.35745397599494333
54.097482	-0.35745397599494333
54.145383	-0.35744021019585281
54.157513	-0.35743702038698416
54.157513	-0.35743702038698416
54.157513	-0.35743702038698416
54.181459	-0.35743146024191647
54.181459	-0.35743146024191647
54.205403	-0.35742697820281649
54.205403	-0.35742697820281649
54.205403	-0.35742697820281649
54.205403	-0.35742697820281649
54.205403	-0.35742697820281649
54.205403	-0.35742697820281649
54.21749	-0.35742506483293046
54.277499	-0.35741994930739573
54.277499	-0.35741994930739573
54.277499	-0.35741994930739573
54.277499	-0.35741994930739573
54.277499	-0.35741994930739573
54.277499	-0.35741994930739573
54.337497	-0.3574219018012495
54.337497	-0.3574219018012495
54.337497	-0.3574219018012495
54.337497	-0.3574219018012495
54.337497	-0.3574219018012495
54.385384	-0.35742820156712779
54.39748	-0.35743034966214782
54.39748	-0.35743034966214782
54.409384	-0.35743273397561426
54.409384	-0.35743273397561426
54.433447	-0.35743804512780875
54.433447	-0.35743804512780875
54.457489	-0.35744401184839225
54.457489	-0.35744401184839225
54.457489	-0.35744401184839225
54.457489	-0.35744401184839225
54.457489	-0.35744401184839225
54.505394	-0.35745746709413023
54.51748	-0.35746107402320132
54.51748	-0.35746107402320132
54.51748	-0.35746107402320132
54.51748	-0.35746107402320132
54.51748	-0.35746107402320132
54.51748	-0.35746107402320132
54.577618	-0.35747952001622918
54.577618	-0.35747952001622918
54.577618	-0.35747952001622918
54.577618	-0.35747952001622918
54.577618	-0.35747952001622918
54.625384	-0.35749373134062723
54.637485	-0.35749715800638104
54.637485	-0.35749715800638104
54.637485	-0.35749715800638104
54.637485	-0.35749715800638104
54.637485	-0.35749715800638104
54.637485	-0.35749715800638104
54.697495	-0.35751228752189324
54.697495	-0.35751228752189324
54.697495	-0.35751228752189324
54.721383	-0.35751727872961936
54.721383	-0.35751727872961936
54.745387	-0.3575215427251347
54.745387	-0.3575215427251347
54.757483	-0.35752344636194716
54.769384	-0.35752506215128882
54.769384	-0.35752506215128882
54.769394	-0.35752506345102286
54.805394	-0.35752886659215444
54.817495	-0.35752974614294375
54.817495	-0.35752974614294375
54.817495	-0.35752974614294375
54.817495	-0.35752974614294375
54.817495	-0.35752974614294375
54.817495	-0.35752974614294375
54.87751	-0.35753082820967452
54.87751	-0.35753082820967452
54.87751	-0.35753082820967452
54.87751	-0.35753082820967452
54.87751	-0.35753082820967452
54.925394	-0.35752801204811546
54.93751	-0.35752684333634827
54.93751	-0.35752684333634827
54.93751	-0.35752684333634827
54.93751	-0.35752684333634827
54.93751	-0.35752684333634827
54.93751	-0.35752684333634827
54.99749	-0.35751835642991148
54.99749	-0.35751835642991148
55.009437	-0.35751617273022818
55.021393	-0.35751391125624948
55.021393	-0.35751391125624948
55.045393	-0.35750889495279298
55.0575	-0.35750621050288522
55.0575	-0.35750621050288522
55.069425	-0.35750343029854093
55.069425	-0.35750343029854093
55.093458	-0.35749758681570171
55.093458	-0.35749758681570171
55.117493	-0.35749142806104878
55.117493	-0.35749142806104878
55.117493	-0.35749142806104878
55.117493	-0.35749142806104878
55.153462	-0.35748173708811115
55.165394	-0.35747844150578767
55.177509	-0.35747506465812467
55.177509	-0.35747506465812467
55.177509	-0.35747506465812467
55.177509	-0.35747506465812467
55.177509	-0.35747506465812467
55.177509	-0.35747506465812467
55.237583	-0.35745813599053489
55.237583	-0.35745813599053489
55.237583	-0.35745813599053489
55.237583	-0.35745813599053489
55.237583	-0.35745813599053489
55.237583	-0.35745813599053489
55.297489	-0.35744163592953915
55.297489	-0.35744163592953915
55.297489	-0.35744163592953915
55.321394	-0.35743533850682019
55.321394	-0.35743533850682019
55.345394	-0.35742926837053784
55.357492	-0.35742629670926285
55.357492	-0.35742629670926285
55.357492	-0.35742629670926285
55.357492	-0.35742629670926285
55.357492	-0.35742629670926285
55.357492	-0.35742629670926285
55.417493	-0.35741282526003726
55.417493	-0.35741282526003726
55.417493	-0.35741282526003726
55.417493	-0.35741282526003726
55.417493	-0.35741282526003726
55.465394	-0.3574038027230903
55.477524	-0.35740177471458795
55.477524	-0.35740177471458795
55.477524	-0.35740177471458795
55.477524	-0.35740177471458795
55.513467	-0.3573965315270049
55.513467	-0.3573965315270049
55.537493	-0.35739361188242663
55.537493	-0.35739361188242663
55.549394	-0.35739239182199595
55.561395	-0.3573912328873684
55.573466	-0.35739026398338786
55.573466	-0.35739026398338786
55.597488	-0.35738869073755625
55.597488	-0.35738869073755625
55.597488	-0.35738869073755625
55.597488	-0.35738869073755625
55.597488	-0.35738869073755625
55.597488	-0.35738869073755625
55.657492	-0.35738944678996382
55.657492	-0.35738944678996382
55.657492	-0.35738944678996382
55.681395	-0.35739208364555752
55.693459	-0.35739397372674159
55.705395	-0.35739599819741785
55.717488	-0.35739823901003392
55.717488	-0.35739823901003392
55.717488	-0.35739823901003392
55.717488	-0.35739823901003392
55.717488	-0.35739823901003392
55.765467	-0.35740777175328692
55.777507	-0.35741016804463288
55.777507	-0.35741016804463288
55.777507	-0.35741016804463288
55.801406	-0.35741483283355302
55.813468	-0.35741712593656344
55.825404	-0.35741936466850954
55.837501	-0.35742159633553616
55.837501	-0.35742159633553616
55.837501	-0.35742159633553616
55.837501	-0.35742159633553616
55.837501	-0.35742159633553616
55.837501	-0.35742159633553616
55.837501	-0.35742159633553616
55.837501	-0.35742159633553616
55.837501	-0.35742159633553616
55.837501	-0.35742159633553616
55.897567	-0.35743194439814785
55.945403	-0.35743925111851449
55.957501	-0.35744097197899477
55.957501	-0.35744097197899477
55.969403	-0.35744259525236699
55.981403	-0.35744420300142654
55.981403	-0.35744420300142654
56.005424	-0.35744722854158129
56.017498	-0.35744868317420392
56.017498	-0.35744868317420392
56.029474	-0.35745006120168105
56.029474	-0.35745006120168105
56.029474	-0.35745006120168105
56.029474	-0.35745006120168105
56.077526	-0.35745516251925769
56.077526	-0.35745516251925769
56.077526	-0.35745516251925769
56.077526	-0.35745516251925769
56.077526	-0.35745516251925769
56.077526	-0.35745516251925769
56.137554	-0.3574605279350328
56.137554	-0.3574605279350328
56.137554	-0.3574605279350328
56.137554	-0.3574605279350328
56.137554	-0.3574605279350328
56.137554	-0.3574605279350328
56.197505	-0.35746486741544942
56.197505	-0.35746486741544942
56.209414	-0.35746560509846709
56.209414	-0.35746560509846709
56.233469	-0.35746699472126753
56.233469	-0.35746699472126753
56.2575	-0.35746822989715488
56.2575	-0.35746822989715488
56.2575	-0.35746822989715488
56.2575	-0.35746822989715488
56.293536	-0.35746976693948451
56.305421	-0.35747019655623519
56.317524	-0.35747059636627199
56.317524	-0.35747059636627199
56.317524	-0.35747059636627199
56.317524	-0.35747059636627199
56.317524	-0.35747059636627199
56.317524	-0.35747059636627199
56.377529	-0.35747191212203533
56.377529	-0.35747191212203533
56.377529	-0.35747191212203533
56.377529	-0.35747191212203533
56.413467	-0.35747233530010086
56.413467	-0.35747233530010086
56.437521	-0.35747287691187846
56.437521	-0.35747287691187846
56.437521	-0.35747287691187846
56.437521	-0.35747287691187846
56.473471	-0.35747448854211905
56.485403	-0.35747519521117066
56.497506	-0.3574759794167921
56.497506	-0.3574759794167921
56.497506	-0.3574759794167921
56.497506	-0.3574759794167921
56.533468	-0.35747806011043132
56.533468	-0.35747806011043132
56.557592	-0.35747884868258467
56.557592	-0.35747884868258467
56.557592	-0.35747884868258467
56.557592	-0.35747884868258467
56.557592	-0.35747884868258467
56.557592	-0.35747884868258467
56.617497	-0.35747744758390532
56.617497	-0.35747744758390532
56.617497	-0.35747744758390532
56.617497	-0.35747744758390532
56.617497	-0.35747744758390532
56.617497	-0.35747744758390532
56.67751	-0.35747123178648105
56.67751	-0.35747123178648105
56.67751	-0.35747123178648105
56.67751	-0.35747123178648105
56.67751	-0.35747123178648105
56.67751	-0.35747123178648105
56.737505	-0.35746091575708178
56.737505	-0.35746091575708178
56.749404	-0.35745847610308484
56.749404	-0.35745847610308484
56.749404	-0.35745847610308484
56.785404	-0.35745064574453139
56.797499	-0.35744789134798116
56.797509	-0.35744788907067931
56.797509	-0.35744788907067931
56.797509	-0.35744788907067931
56.797509	-0.35744788907067931
56.797509	-0.35744788907067931
56.797509	-0.35744788907067931
56.857515	-0.35743401517741341
56.869766	-0.35743127644031708
56.881413	-0.35742870479586286
56.881413	-0.35742870479586286
56.881413	-0.35742870479586286
56.917507	-0.35742132858144421
56.917507	-0.35742132858144421
56.917507	-0.35742132858144421
56.917507	-0.35742132858144421
56.917507	-0.35742132858144421
56.917507	-0.35742132858144421
56.977524	-0.35741170541158501
56.977524	-0.35741170541158501
56.989417	-0.35741033868083033
56.989417	-0.35741033868083033
56.989417	-0.35741033868083033
57.025414	-0.35740725752936797
57.037511	-0.35740662128081829
57.037511	-0.35740662128081829
57.037511	-0.35740662128081829
57.037511	-0.35740662128081829
57.037511	-0.35740662128081829
57.085484	-0.35740643881368833
57.097549	-0.35740692002834845
57.097549	-0.35740692002834845
57.097549	-0.35740692002834845
57.121416	-0.3574085752048915
57.121416	-0.3574085752048915
57.145413	-0.35741115080005115
57.157544	-0.3574127240785484
57.157544	-0.3574127240785484
57.157544	-0.3574127240785484
57.157544	-0.3574127240785484
57.157544	-0.3574127240785484
57.157544	-0.3574127240785484
57.21758	-0.35742342649907116
57.21758	-0.35742342649907116
57.21758	-0.35742342649907116
57.21758	-0.35742342649907116
57.21758	-0.35742342649907116
57.265509	-0.35743467175748395
57.277521	-0.35743774431563907
57.277521	-0.35743774431563907
57.289413	-0.35744088322637885
57.289413	-0.35744088322637885
57.313487	-0.35744737975513352
57.313487	-0.35744737975513352
57.337514	-0.35745398712419846
57.337514	-0.35745398712419846
57.337514	-0.35745398712419846
57.361433	-0.35746056242641422
57.361433	-0.35746056242641422
57.361433	-0.35746056242641422
57.361433	-0.35746056242641422
57.361433	-0.35746056242641422
57.361433	-0.35746056242641422
57.361433	-0.35746056242641422
57.361433	-0.35746056242641422
57.397507	-0.35747018437761913
57.45752	-0.35748439461089193
57.45752	-0.35748439461089193
57.45752	-0.35748439461089193
57.45752	-0.35748439461089193
57.45752	-0.35748439461089193
57.45752	-0.35748439461089193
57.517511	-0.35749491829863494
57.517511	-0.35749491829863494
57.517511	-0.35749491829863494
57.517511	-0.35749491829863494
57.517511	-0.35749491829863494
57.565414	-0.35749980893990685
57.577557	-0.35750053659578807
57.577557	-0.35750053659578807
57.577557	-0.35750053659578807
57.601413	-0.35750125530122556
57.601413	-0.35750125530122556
57.601413	-0.35750125530122556
57.637509	-0.35750061305496084
57.637509	-0.35750061305496084
57.649456	-0.35749991729216446
57.661413	-0.35749910220443271
57.673477	-0.3574979628822661
57.673477	-0.3574979628822661
57.697508	-0.3574951952719892
57.697508	-0.3574951952719892
57.697508	-0.3574951952719892
57.721413	-0.35749164998407185
57.721413	-0.35749164998407185
57.745491	-0.35748732984907777
57.757514	-0.35748496540801095
57.757514	-0.35748496540801095
57.757514	-0.35748496540801095
57.757514	-0.35748496540801095
57.757514	-0.35748496540801095
57.757514	-0.35748496540801095
57.81753	-0.35747115962305576
57.81753	-0.35747115962305576
57.81753	-0.35747115962305576
57.81753	-0.35747115962305576
57.81753	-0.35747115962305576
57.865424	-0.35745866191979397
57.877618	-0.35745539329265408
57.877618	-0.35745539329265408
57.877618	-0.35745539329265408
57.877618	-0.35745539329265408
57.877618	-0.35745539329265408
57.877618	-0.35745539329265408
57.937538	-0.35743955920609316
57.937538	-0.35743955920609316
57.949424	-0.35743658176986254
57.961424	-0.35743361896176412
57.961424	-0.35743361896176412
57.961424	-0.35743361896176412
57.997519	-0.35742540156068986
57.997519	-0.35742540156068986
57.997519	-0.35742540156068986
57.997519	-0.35742540156068986
58.033489	-0.35741841947007413
58.033489	-0.35741841947007413
58.057526	-0.35741451111639844
58.057526	-0.35741451111639844
58.069424	-0.35741288905179114
58.069424	-0.35741288905179114
58.069424	-0.35741288905179114
58.069424	-0.35741288905179114
58.11752	-0.3574080752338844
58.11752	-0.3574080752338844
58.11752	-0.3574080752338844
58.1415	-0.35740690259154828
58.1415	-0.35740690259154828
58.1415	-0.35740690259154828
58.177541	-0.35740674607393952
58.177541	-0.35740674607393952
58.177541	-0.35740674607393952
58.201424	-0.35740766200861046
58.213488	-0.35740848193674629
58.225424	-0.3574094413344131
58.237537	-0.35741059548727921
58.237537	-0.35741059548727921
58.237537	-0.35741059548727921
58.237537	-0.35741059548727921
58.273557	-0.35741522914397073
58.285424	-0.35741707821656971
58.297518	-0.35741910959904927
58.297518	-0.35741910959904927
58.309428	-0.35742130010314688
58.309428	-0.35742130010314688
58.309428	-0.35742130010314688
58.309428	-0.35742130010314688
58.357529	-0.35743127657033691
58.357529	-0.35743127657033691
58.357529	-0.35743127657033691
58.357529	-0.35743127657033691
58.357529	-0.35743127657033691
58.357529	-0.35743127657033691
58.417521	-0.35744568282534006
58.417521	-0.35744568282534006
58.417521	-0.35744568282534006
58.441427	-0.3574516882529834
58.453503	-0.35745472475233864
58.465428	-0.35745770588581871
58.477537	-0.35746071187293377
58.477537	-0.35746071187293377
58.477537	-0.35746071187293377
58.477537	-0.35746071187293377
58.477537	-0.35746071187293377
58.525424	-0.35747201408435658
58.537643	-0.35747471007770848
58.537643	-0.35747471007770848
58.549424	-0.35747717023419284
58.549424	-0.35747717023419284
58.549424	-0.35747717023419284
58.549424	-0.35747717023419284
58.597524	-0.35748608292211559
58.597524	-0.35748608292211559
58.609527	-0.3574879073729747
58.609527	-0.3574879073729747
58.633468	-0.3574911265300546
58.633468	-0.3574911265300546
58.657522	-0.35749368262539027
58.657522	-0.35749368262539027
58.657522	-0.35749368262539027
58.657522	-0.35749368262539027
58.657522	-0.35749368262539027
58.657522	-0.35749368262539027
58.717523	-0.35749668892390152
58.717523	-0.35749668892390152
58.717523	-0.35749668892390152
58.717523	-0.35749668892390152
58.717523	-0.35749668892390152
58.717523	-0.35749668892390152
58.777569	-0.3574948090167489
58.777569	-0.3574948090167489
58.777569	-0.3574948090167489
58.777569	-0.3574948090167489
58.777579	-0.35749480840148751
58.825434	-0.35748992846685229
58.837532	-0.35748828733023369
58.837532	-0.35748828733023369
58.849434	-0.35748646777906118
58.849434	-0.35748646777906118
58.873512	-0.357482410688021
58.873512	-0.357482410688021
58.897529	-0.35747784568818586
58.897529	-0.35747784568818586
58.897529	-0.35747784568818586
58.921434	-0.35747284157642295
58.921434	-0.35747284157642295
58.921434	-0.35747284157642295
58.957532	-0.35746461640414789
58.957532	-0.35746461640414789
58.969438	-0.35746177194940237
58.969438	-0.35746177194940237
58.969438	-0.35746177194940237
58.969438	-0.35746177194940237
59.017551	-0.35745000433234131
59.017551	-0.35745000433234131
59.017551	-0.35745000433234131
59.017551	-0.35745000433234131
59.017551	-0.35745000433234131
59.017551	-0.35745000433234131
59.077566	-0.3574355450941416
59.077566	-0.3574355450941416
59.077566	-0.3574355450941416
59.077566	-0.3574355450941416
59.113506	-0.35742759907106669
59.125434	-0.35742513834996792
59.137529	-0.35742273860541063
59.137529	-0.35742273860541063
59.137529	-0.35742273860541063
59.137529	-0.35742273860541063
59.137529	-0.35742273860541063
59.137529	-0.35742273860541063
59.197599	-0.35741284811247648
59.197599	-0.35741284811247648
59.197599	-0.35741284811247648
59.197599	-0.35741284811247648
59.197599	-0.35741284811247648
59.245434	-0.35740776051764039
59.257533	-0.35740687983002295
59.257533	-0.35740687983002295
59.269437	-0.35740624936998999
59.269437	-0.35740624936998999
59.269437	-0.35740624936998999
59.269437	-0.35740624936998999
59.317552	-0.35740535364713505
59.317552	-0.35740535364713505
59.317552	-0.35740535364713505
59.317552	-0.35740535364713505
59.317552	-0.35740535364713505
59.317552	-0.35740535364713505
59.377547	-0.35740836332618736
59.377547	-0.35740836332618736
59.389436	-0.35740950405143868
59.389436	-0.35740950405143868
59.389436	-0.35740950405143868
59.389436	-0.35740950405143868
59.437547	-0.35741552565690138
59.437547	-0.35741552565690138
59.437547	-0.35741552565690138
59.437547	-0.35741552565690138
59.437547	-0.35741552565690138
59.437547	-0.35741552565690138
59.49757	-0.35742604550773438
59.49757	-0.35742604550773438
59.49757	-0.35742604550773438
59.521434	-0.35743091333832305
59.521434	-0.35743091333832305
59.545466	-0.35743610551635685
59.557534	-0.35743878052367861
59.557534	-0.35743878052367861
59.557534	-0.35743878052367861
59.557534	-0.35743878052367861
59.557534	-0.35743878052367861
59.557534	-0.35743878052367861
59.617537	-0.35745241898152136
59.617537	-0.35745241898152136
59.617537	-0.35745241898152136
59.617537	-0.35745241898152136
59.617537	-0.35745241898152136
59.617537	-0.35745241898152136
59.677564	-0.35746556167356114
59.677564	-0.35746556167356114
59.677564	-0.35746556167356114
59.701447	-0.35747035634127411
59.701447	-0.35747035634127411
59.725512	-0.35747479345174726
59.737566	-0.3574768788848624
59.737566	-0.3574768788848624
59.749434	-0.35747877532360534
59.749434	-0.35747877532360534
59.749434	-0.35747877532360534
59.785436	-0.35748382615149632
59.797531	-0.35748523425555528
59.797531	-0.35748523425555528
59.797531	-0.35748523425555528
59.821444	-0.35748698133785595
59.821444	-0.35748698133785595
59.821444	-0.35748698133785595
59.857609	-0.35748581088168768
59.857609	-0.35748581088168768
59.857609	-0.35748581088168768
59.857609	-0.35748581088168768
59.857609	-0.35748581088168768
59.857609	-0.35748581088168768
59.917537	-0.35747387912633766
59.917537	-0.35747387912633766
59.929443	-0.35747082093239535
59.929443	-0.35747082093239535
59.929443	-0.35747082093239535
59.929443	-0.35747082093239535
59.977553	-0.35745909737165438
59.977553	-0.35745909737165438
59.977553	-0.35745909737165438
59.977553	-0.35745909737165438
59.977553	-0.35745909737165438
59.977553	-0.35745909737165438
60.037543	-0.35744784054296452
60.037543	-0.35744784054296452
60.037543	-0.35744784054296452
60.037543	-0.35744784054296452
60.037543	-0.35744784054296452
60.037543	-0.35744784054296452
60.097538	-0.35744131617316571
60.097538	-0.35744131617316571
60.109443	-0.35744067263868468
60.109443	-0.35744067263868468
60.133509	-0.35743990630315786
60.133509	-0.35743990630315786
60.157545	-0.35743994504522514
60.157545	-0.35743994504522514
60.157545	-0.35743994504522514
60.157545	-0.35743994504522514
60.157545	-0.35743994504522514
60.157545	-0.35743994504522514
60.21754	-0.35744352271161045
60.21754	-0.35744352271161045
60.21754	-0.35744352271161045
60.21754	-0.35744352271161045
60.21754	-0.35744352271161045
60.21754	-0.35744352271161045
60.277548	-0.35745126884242401
60.277548	-0.35745126884242401
60.277548	-0.35745126884242401
60.277548	-0.35745126884242401
60.277548	-0.35745126884242401
60.277548	-0.35745126884242401
60.337556	-0.35746199034271314
60.337556	-0.35746199034271314
60.337556	-0.35746199034271314
60.361443	-0.35746677210327443
60.373514	-0.35746926308037813
60.385516	-0.35747175623865279
60.397556	-0.35747427665928444
60.397556	-0.35747427665928444
60.397556	-0.35747427665928444
60.397556	-0.35747427665928444
60.433511	-0.35748178614305415
60.445443	-0.3574842375455401
60.457539	-0.35748669260062477
60.457539	-0.35748669260062477
60.457539	-0.35748669260062477
60.457539	-0.35748669260062477
60.493508	-0.35749364399976474
60.505443	-0.3574958196947004
60.517639	-0.35749797120880128
60.517639	-0.35749797120880128
60.517639	-0.35749797120880128
60.517639	-0.35749797120880128
60.517639	-0.35749797120880128
60.565443	-0.35750539468423881
60.577552	-0.35750702359541614
60.577552	-0.35750702359541614
60.577552	-0.35750702359541614
60.577552	-0.35750702359541614
60.577552	-0.35750702359541614
60.625443	-0.35751218115114897
60.637543	-0.35751318289016698
60.637543	-0.35751318289016698
60.649514	-0.3575139979764273
60.649514	-0.3575139979764273
60.649514	-0.3575139979764273
60.649514	-0.3575139979764273
60.697546	-0.35751603277695965
60.697546	-0.35751603277695965
60.697546	-0.35751603277695965
60.697546	-0.35751603277695965
60.697546	-0.35751603277695965
60.697546	-0.35751603277695965
60.757541	-0.35751363177989676
60.757541	-0.35751363177989676
60.757541	-0.35751363177989676
60.757541	-0.35751363177989676
60.757541	-0.35751363177989676
60.805443	-0.35750636137581099
60.817542	-0.35750402267534376
60.817552	-0.3575040207423737
60.817552	-0.3575040207423737
60.817552	-0.3575040207423737
60.817552	-0.3575040207423737
60.817552	-0.3575040207423737
60.877563	-0.3574919544629992
60.877563	-0.3574919544629992
60.889453	-0.3574896334258878
60.889453	-0.3574896334258878
60.889453	-0.3574896334258878
60.889453	-0.3574896334258878
60.937548	-0.35748059225107925
60.937548	-0.35748059225107925
60.937548	-0.35748059225107925
60.961453	-0.35747633038690552
60.973533	-0.3574742397090776
60.985474	-0.35747219771191141
60.997551	-0.35747016187998198
60.997551	-0.35747016187998198
60.997551	-0.35747016187998198
60.997551	-0.35747016187998198
60.997551	-0.35747016187998198
60.997551	-0.35747016187998198
61.057554	-0.35746043113728587
61.057554	-0.35746043113728587
61.057554	-0.35746043113728587
61.057554	-0.35746043113728587
61.057554	-0.35746043113728587
61.105453	-0.35745290442586042
61.117583	-0.35745100614815251
61.117583	-0.35745100614815251
61.129453	-0.35744914484154
61.141453	-0.3574472609865032
61.15352	-0.35744535783572617
61.15352	-0.35744535783572617
61.177634	-0.35744153533382067
61.177634	-0.35744153533382067
61.177634	-0.35744153533382067
61.177634	-0.35744153533382067
61.21352	-0.35743578216194621
61.225453	-0.35743385622008955
61.237552	-0.35743189864408775
61.237552	-0.35743189864408775
61.237552	-0.35743189864408775
61.237552	-0.35743189864408775
61.273518	-0.35742608043409368
61.285454	-0.35742416179523906
61.29755	-0.35742222738091989
61.29755	-0.35742222738091989
61.29755	-0.35742222738091989
61.29755	-0.35742222738091989
61.29755	-0.35742222738091989
61.29755	-0.35742222738091989
61.35755	-0.3574130312609623
61.35755	-0.3574130312609623
61.369453	-0.3574113386577118
61.369453	-0.3574113386577118
61.369453	-0.3574113386577118
61.369453	-0.3574113386577118
61.417548	-0.35740508159947337
61.417548	-0.35740508159947337
61.417548	-0.35740508159947337
61.441524	-0.35740245356106731
61.441524	-0.35740245356106731
61.441524	-0.35740245356106731
61.477651	-0.35739929144137944
61.477651	-0.35739929144137944
61.477651	-0.35739929144137944
61.501473	-0.35739779866416332
61.501473	-0.35739779866416332
61.525453	-0.35739687167700979
61.537556	-0.35739659283542519
61.537556	-0.35739659283542519
61.537556	-0.35739659283542519
61.537556	-0.35739659283542519
61.537556	-0.35739659283542519
61.537556	-0.35739659283542519
61.597568	-0.35739768302510228
61.597568	-0.35739768302510228
61.597568	-0.35739768302510228
61.621453	-0.35739926267431943
61.621453	-0.35739926267431943
61.645453	-0.35740156635997267
61.65757	-0.35740294875777417
61.65757	-0.35740294875777417
61.65757	-0.35740294875777417
61.65757	-0.35740294875777417
61.65757	-0.35740294875777417
61.705524	-0.35741014774306135
61.717554	-0.35741231721748451
61.717554	-0.35741231721748451
61.729453	-0.35741464951657187
61.729453	-0.35741464951657187
61.729453	-0.35741464951657187
61.765473	-0.35742240332452518
61.77758	-0.35742523855038255
61.77758	-0.35742523855038255
61.77758	-0.35742523855038255
61.801453	-0.3574311428734846
61.813559	-0.35743428349220363
61.813559	-0.35743428349220363
61.837625	-0.35744068072905349
61.837635	-0.35744068341062513
61.837635	-0.35744068341062513
61.837635	-0.35744068341062513
61.837635	-0.35744068341062513
61.885463	-0.3574538505123096
61.897609	-0.357457212908251
61.897609	-0.357457212908251
61.897609	-0.357457212908251
61.921464	-0.35746373732361147
61.921464	-0.35746373732361147
61.921464	-0.35746373732361147
61.957564	-0.35747321510769486
61.957564	-0.35747321510769486
61.957564	-0.35747321510769486
61.981463	-0.35747908053743838
61.981463	-0.35747908053743838
61.981463	-0.35747908053743838
62.017557	-0.3574870461455088
62.017557	-0.3574870461455088
62.017557	-0.3574870461455088
62.017557	-0.3574870461455088
62.053539	-0.35749363349539487
62.053539	-0.35749363349539487
62.077569	-0.35749720421587122
62.077569	-0.35749720421587122
62.077569	-0.35749720421587122
62.077569	-0.35749720421587122
62.077569	-0.35749720421587122
62.125463	-0.35750186370760789
62.125463	-0.35750186370760789
62.137658	-0.35750254669554854
62.149463	-0.35750291763352332
62.161483	-0.35750317607972087
62.161483	-0.35750317607972087
62.161483	-0.35750317607972087
62.197558	-0.35750242155547091
62.197558	-0.35750242155547091
62.197558	-0.35750242155547091
62.197558	-0.35750242155547091
62.2336	-0.35749964792690425
62.2336	-0.35749964792690425
62.257563	-0.35749679649685329
62.257563	-0.35749679649685329
62.257563	-0.35749679649685329
62.257563	-0.35749679649685329
62.293567	-0.35749096200461267
62.293567	-0.35749096200461267
62.31761	-0.35748622128444568
62.31761	-0.35748622128444568
62.31761	-0.35748622128444568
62.31761	-0.35748622128444568
62.31761	-0.35748622128444568
62.31761	-0.35748622128444568
62.377566	-0.35747184217510952
62.377566	-0.35747184217510952
62.389494	-0.35746864178617888
62.389494	-0.35746864178617888
62.41353	-0.35746200987272231
62.425497	-0.35745862978075948
62.437557	-0.35745518674794152
62.437557	-0.35745518674794152
62.437557	-0.35745518674794152
62.461463	-0.35744831800241367
62.473527	-0.35744486481012672
62.485463	-0.3574414749932332
62.497634	-0.35743805074004431
62.497634	-0.35743805074004431
62.497634	-0.35743805074004431
62.521463	-0.35743154283016909
62.521463	-0.35743154283016909
62.545483	-0.35742534815924293
62.557559	-0.35742237272867544
62.557559	-0.35742237272867544
62.557559	-0.35742237272867544
62.557559	-0.35742237272867544
62.557559	-0.35742237272867544
62.557559	-0.35742237272867544
62.617558	-0.35740980912470444
62.617558	-0.35740980912470444
62.617558	-0.35740980912470444
62.617558	-0.35740980912470444
62.617558	-0.35740980912470444
62.617558	-0.35740980912470444
62.677581	-0.35740175445794881
62.677581	-0.35740175445794881
62.677581	-0.35740175445794881
62.701463	-0.35740000860261445
62.701463	-0.35740000860261445
62.701463	-0.35740000860261445
62.737558	-0.3573990962585577
62.737558	-0.3573990962585577
62.737558	-0.3573990962585577
62.737558	-0.3573990962585577
62.737558	-0.3573990962585577
62.737558	-0.3573990962585577
62.737558	-0.3573990962585577
62.737558	-0.3573990962585577
62.737558	-0.3573990962585577
62.737558	-0.3573990962585577
62.797563	-0.35740211681550299
62.845473	-0.35740842740840062
62.85757	-0.3574104855770408
62.85757	-0.3574104855770408
62.85757	-0.3574104855770408
62.85757	-0.3574104855770408
62.85757	-0.3574104855770408
62.905484	-0.35742042692834264
62.917573	-0.3574232848015893
62.917573	-0.3574232848015893
62.917573	-0.3574232848015893
62.941493	-0.35742931748744072
62.953544	-0.35743253029689426
62.965474	-0.3574357672665725
62.965474	-0.3574357672665725
62.965474	-0.3574357672665725
62.965474	-0.3574357672665725
62.965474	-0.3574357672665725
62.977573	-0.35743911757381286
63.025544	-0.35745280587320177
63.037572	-0.3574562617222064
63.037572	-0.3574562617222064
63.037572	-0.3574562617222064
63.037572	-0.3574562617222064
63.037572	-0.3574562617222064
63.037572	-0.3574562617222064
63.097588	-0.35747286184910981
63.097588	-0.35747286184910981
63.097588	-0.35747286184910981
63.121474	-0.35747891441344432
63.121474	-0.35747891441344432
63.121474	-0.35747891441344432
63.157648	-0.35748712501887336
63.157648	-0.35748712501887336
63.157648	-0.35748712501887336
63.157648	-0.35748712501887336
63.157648	-0.35748712501887336
63.205495	-0.35749573585504002
63.217572	-0.35749747520697606
63.217572	-0.35749747520697606
63.217572	-0.35749747520697606
63.217572	-0.35749747520697606
63.217572	-0.35749747520697606
63.265474	-0.35750216808286611
63.277594	-0.35750284074164118
63.277594	-0.35750284074164118
63.277594	-0.35750284074164118
63.277594	-0.35750284074164118
63.277594	-0.35750284074164118
63.277594	-0.35750284074164118
63.337595	-0.35750261911197545
63.337595	-0.35750261911197545
63.349563	-0.35750185344467172
63.349563	-0.35750185344467172
63.349563	-0.35750185344467172
63.349563	-0.35750185344467172
63.397567	-0.35749683090217232
63.397567	-0.35749683090217232
63.397567	-0.35749683090217232
63.397567	-0.35749683090217232
63.397567	-0.35749683090217232
63.397567	-0.35749683090217232
63.457575	-0.35748607354899337
63.457575	-0.35748607354899337
63.457575	-0.35748607354899337
63.481473	-0.35748065026950676
63.481473	-0.35748065026950676
63.481473	-0.35748065026950676
63.517572	-0.35747147685789404
63.517572	-0.35747147685789404
63.517572	-0.35747147685789404
63.541473	-0.35746492623144138
63.541473	-0.35746492623144138
63.541473	-0.35746492623144138
63.577571	-0.35745455999182918
63.577571	-0.35745455999182918
63.58964	-0.35745102970557913
63.601474	-0.35744756253669563
63.613539	-0.35744403439859845
63.613539	-0.35744403439859845
63.637568	-0.35743707807140096
63.637568	-0.35743707807140096
63.637568	-0.35743707807140096
63.637568	-0.35743707807140096
63.673536	-0.35742709255348931
63.68556	-0.35742391525314482
63.697573	-0.35742082890443577
63.697573	-0.35742082890443577
63.697573	-0.35742082890443577
63.721497	-0.35741506716727772
63.721497	-0.35741506716727772
63.721497	-0.35741506716727772
63.75757	-0.35740747438296883
63.75757	-0.35740747438296883
63.75757	-0.35740747438296883
63.781474	-0.35740326328049049
63.781474	-0.35740326328049049
63.781474	-0.35740326328049049
63.817635	-0.35739834730809927
63.817635	-0.35739834730809927
63.829474	-0.35739717871442866
63.829484	-0.35739717778505775
63.829484	-0.35739717778505775
63.865484	-0.35739476017292748
63.87758	-0.35739436595021123
63.87758	-0.35739436595021123
63.87758	-0.35739436595021123
63.87758	-0.35739436595021123
63.913555	-0.35739464169428309
63.913555	-0.35739464169428309
63.937581	-0.3573958671807943
63.937581	-0.3573958671807943
63.937581	-0.3573958671807943
63.937581	-0.3573958671807943
63.937581	-0.3573958671807943
63.985508	-0.35740091529480084
63.99759	-0.35740265440516
63.99759	-0.35740265440516
63.99759	-0.35740265440516
63.99759	-0.35740265440516
63.99759	-0.35740265440516
64.045483	-0.35741140058962867
64.057581	-0.35741398067658675
64.057581	-0.35741398067658675
64.057581	-0.35741398067658675
64.057581	-0.35741398067658675
64.057581	-0.35741398067658675
64.105484	-0.35742550559269187
64.117599	-0.35742865861204254
64.117599	-0.35742865861204254
64.117599	-0.35742865861204254
64.141484	-0.35743509661029316
64.153552	-0.35743843788292984
64.165484	-0.357441761243877
64.17761	-0.35744516222924616
64.17761	-0.35744516222924616
64.17761	-0.35744516222924616
64.17761	-0.35744516222924616
64.17761	-0.35744516222924616
64.225483	-0.3574585057674492
64.237594	-0.3574618030788837
64.237594	-0.3574618030788837
64.237594	-0.3574618030788837
64.261483	-0.35746809795474499
64.261483	-0.35746809795474499
64.285483	-0.35747405398888754
64.297579	-0.35747691950736854
64.297579	-0.35747691950736854
64.297579	-0.35747691950736854
64.297579	-0.35747691950736854
64.333548	-0.35748459848884495
64.345563	-0.35748688229156972
64.357592	-0.35748902850947117
64.357592	-0.35748902850947117
64.369483	-0.35749092638626634
64.369483	-0.35749092638626634
64.369483	-0.35749092638626634
64.405484	-0.35749571311397332
64.41758	-0.3574969607503643
64.41758	-0.3574969607503643
64.41758	-0.3574969607503643
64.41758	-0.3574969607503643
64.41758	-0.3574969607503643
64.465484	-0.35749977789107756
64.465484	-0.35749977789107756
64.477682	-0.35750000970327706
64.489731	-0.35749996117573496
64.489731	-0.35749996117573496
64.489731	-0.35749996117573496
64.489731	-0.35749996117573496
64.537578	-0.35749796153366936
64.537578	-0.35749796153366936
64.537578	-0.35749796153366936
64.537578	-0.35749796153366936
64.537578	-0.35749796153366936
64.585484	-0.35749284514422008
64.597579	-0.35749113781250569
64.597579	-0.35749113781250569
64.597579	-0.35749113781250569
64.597579	-0.35749113781250569
64.633549	-0.35748504783758356
64.633549	-0.35748504783758356
64.657587	-0.35748032857222589
64.657587	-0.35748032857222589
64.669484	-0.35747779013664144
64.669484	-0.35747779013664144
64.693549	-0.35747240703872452
64.693549	-0.35747240703872452
64.717582	-0.35746671963114202
64.717582	-0.35746671963114202
64.717582	-0.35746671963114202
64.741554	-0.35746081857030498
64.741554	-0.35746081857030498
64.741554	-0.35746081857030498
64.777589	-0.35745174814793523
64.777589	-0.35745174814793523
64.777589	-0.35745174814793523
64.801483	-0.3574457529324096
64.801483	-0.3574457529324096
64.801483	-0.3574457529324096
64.83758	-0.35743697155643805
64.83758	-0.35743697155643805
64.837589	-0.35743696939977249
64.837589	-0.35743696939977249
64.837589	-0.35743696939977249
64.837589	-0.35743696939977249
64.897629	-0.35742387197695391
64.897629	-0.35742387197695391
64.909551	-0.35742161746277074
64.921493	-0.35741942784070113
64.921493	-0.35741942784070113
64.921493	-0.35741942784070113
64.957592	-0.35741377377510941
64.957592	-0.35741377377510941
64.969492	-0.35741224802232646
64.969492	-0.35741224802232646
64.969492	-0.35741224802232646
64.969492	-0.35741224802232646
65.017608	-0.35740761230360213
65.017608	-0.35740761230360213
65.017608	-0.35740761230360213
65.017608	-0.35740761230360213
65.017608	-0.35740761230360213
65.065493	-0.3574059288361196
65.077589	-0.35740593854286989
65.077589	-0.35740593854286989
65.089493	-0.35740618991122586
65.089493	-0.35740618991122586
65.089493	-0.35740618991122586
65.089493	-0.35740618991122586
65.137658	-0.35740882308257921
65.137658	-0.35740882308257921
65.137658	-0.35740882308257921
65.137658	-0.35740882308257921
65.137658	-0.35740882308257921
65.185492	-0.3574141513457515
65.197593	-0.35741585325867176
65.197593	-0.35741585325867176
65.209654	-0.35741772787553916
65.221493	-0.35741963624752093
65.221493	-0.35741963624752093
65.221493	-0.35741963624752093
65.25759	-0.35742622695958687
65.25759	-0.35742622695958687
65.25759	-0.35742622695958687
65.25759	-0.35742622695958687
65.25759	-0.35742622695958687
65.25759	-0.35742622695958687
65.317617	-0.35743880447783172
65.317617	-0.35743880447783172
65.317617	-0.35743880447783172
65.317617	-0.35743880447783172
65.317617	-0.35743880447783172
65.365493	-0.35744951325890278
65.377589	-0.35745222315846947
65.377589	-0.35745222315846947
65.377589	-0.35745222315846947
65.401569	-0.35745751232252998
65.401569	-0.35745751232252998
65.401569	-0.35745751232252998
65.437595	-0.35746509643254915
65.437595	-0.35746509643254915
65.437595	-0.35746509643254915
65.437595	-0.35746509643254915
65.437595	-0.35746509643254915
65.437595	-0.35746509643254915
65.497588	-0.35747609143196091
65.497588	-0.35747609143196091
65.497588	-0.35747609143196091
65.521493	-0.35747970007003815
65.521493	-0.35747970007003815
65.521493	-0.35747970007003815
65.55759	-0.35748410667727143
65.55759	-0.35748410667727143
65.55759	-0.35748410667727143
65.581513	-0.35748629199689053
65.593556	-0.3574871165900968
65.605492	-0.35748780857205814
65.617587	-0.35748836081158369
65.617587	-0.35748836081158369
65.629493	-0.35748868404485595
65.629493	-0.35748868404485595
65.629493	-0.35748868404485595
65.66557	-0.35748876743028385
65.677621	-0.35748847678393991
65.677621	-0.35748847678393991
65.677621	-0.35748847678393991
65.677621	-0.35748847678393991
65.677621	-0.35748847678393991
65.677621	-0.35748847678393991
65.737588	-0.35748451102050982
65.737588	-0.35748451102050982
65.737588	-0.35748451102050982
65.737588	-0.35748451102050982
65.737588	-0.35748451102050982
65.737588	-0.35748451102050982
65.797654	-0.3574769240401654
65.797654	-0.3574769240401654
65.797654	-0.3574769240401654
65.797654	-0.3574769240401654
65.797654	-0.3574769240401654
65.797654	-0.3574769240401654
65.857617	-0.3574665763745537
65.857627	-0.35746657451350516
65.857627	-0.35746657451350516
65.881501	-0.35746192658906434
65.881501	-0.35746192658906434
65.905501	-0.35745705660160121
65.917595	-0.35745456170796547
65.917595	-0.35745456170796547
65.917595	-0.35745456170796547
65.917595	-0.35745456170796547
65.953573	-0.35744707967485123
65.953573	-0.35744707967485123
65.977623	-0.35744213534173652
65.977623	-0.35744213534173652
65.989502	-0.35743973145145203
65.989502	-0.35743973145145203
65.989502	-0.35743973145145203
66.025501	-0.35743185246609366
66.025501	-0.35743185246609366
66.025501	-0.35743185246609366
66.025501	-0.35743185246609366
66.025501	-0.35743185246609366
66.037596	-0.35742876918553884
66.085501	-0.3574132480348805
66.097599	-0.35740873336832707
66.097599	-0.35740873336832707
66.097599	-0.35740873336832707
66.097599	-0.35740873336832707
66.097599	-0.35740873336832707
66.145502	-0.35739224298063249
66.157599	-0.35738884172774887
66.157599	-0.35738884172774887
66.157599	-0.35738884172774887
66.181501	-0.3573835055708709
66.193632	-0.35738158916619345
66.205501	-0.35738006907444037
66.217594	-0.35737893891043337
66.217594	-0.35737893891043337
66.217594	-0.35737893891043337
66.217594	-0.35737893891043337
66.217594	-0.35737893891043337
66.265501	-0.35737940543424213
66.277617	-0.35738060820229312
66.277617	-0.35738060820229312
66.277617	-0.35738060820229312
66.277617	-0.35738060820229312
66.277617	-0.35738060820229312
66.277617	-0.35738060820229312
66.337617	-0.35739331493165571
66.337617	-0.35739331493165571
66.349501	-0.35739708200198927
66.349501	-0.35739708200198927
66.373594	-0.35740561028605722
66.385501	-0.35741030084556996
66.397595	-0.35741533841704121
66.397595	-0.35741533841704121
66.397595	-0.35741533841704121
66.397595	-0.35741533841704121
66.433566	-0.35743195423389301
66.433566	-0.35743195423389301
66.457686	-0.35744403521645202
66.457686	-0.35744403521645202
66.457686	-0.35744403521645202
66.457686	-0.35744403521645202
66.457686	-0.35744403521645202
66.457686	-0.35744403521645202
66.517596	-0.35747591212455793
66.517596	-0.35747591212455793
66.517596	-0.35747591212455793
66.517596	-0.35747591212455793
66.517596	-0.35747591212455793
66.517596	-0.35747591212455793
66.577618	-0.35750754550338515
66.577618	-0.35750754550338515
66.577618	-0.35750754550338515
66.577618	-0.35750754550338515
66.577618	-0.35750754550338515
66.577618	-0.35750754550338515
66.637596	-0.35753547788463669
66.637596	-0.35753547788463669
66.637596	-0.35753547788463669
66.637596	-0.35753547788463669
66.637596	-0.35753547788463669
66.637596	-0.35753547788463669
66.697596	-0.35755692593670635
66.697596	-0.35755692593670635
66.697596	-0.35755692593670635
66.697596	-0.35755692593670635
66.697596	-0.35755692593670635
66.697596	-0.35755692593670635
66.697596	-0.35755692593670635
66.697596	-0.35755692593670635
66.757603	-0.35756989340713047
66.781501	-0.35757245787722963
66.781501	-0.35757245787722963
66.781501	-0.35757245787722963
66.817613	-0.35757337716956594
66.817613	-0.35757337716956594
66.829501	-0.35757285097699476
66.829501	-0.35757285097699476
66.829501	-0.35757285097699476
66.86553	-0.35756928241122188
66.87761	-0.35756739604795701
66.87761	-0.35756739604795701
66.87761	-0.35756739604795701
66.901511	-0.3575625777211589
66.901511	-0.3575625777211589
66.925511	-0.35755639670932632
66.937608	-0.35755289624776954
66.937608	-0.35755289624776954
66.937608	-0.35755289624776954
66.937608	-0.35755289624776954
66.937608	-0.35755289624776954
66.937608	-0.35755289624776954
66.937608	-0.35755289624776954
66.937608	-0.35755289624776954
66.937608	-0.35755289624776954
66.937608	-0.35755289624776954
66.937608	-0.35755289624776954
66.997608	-0.35753156745613363
67.057607	-0.35750560721678692
67.057607	-0.35750560721678692
67.057607	-0.35750560721678692
67.057607	-0.35750560721678692
67.093575	-0.35748882921587027
67.093575	-0.35748882921587027
67.11769	-0.35747741021128548
67.11769	-0.35747741021128548
67.11769	-0.35747741021128548
67.141511	-0.35746616258662095
67.141511	-0.35746616258662095
67.165512	-0.35745502557103348
67.17764	-0.3574494918898658
67.17764	-0.3574494918898658
67.17764	-0.3574494918898658
67.17764	-0.3574494918898658
67.17764	-0.3574494918898658
67.17764	-0.3574494918898658
67.237625	-0.35742393506233305
67.237625	-0.35742393506233305
67.237625	-0.35742393506233305
67.237625	-0.35742393506233305
67.237625	-0.35742393506233305
67.237625	-0.35742393506233305
67.297605	-0.35740250106039612
67.297605	-0.35740250106039612
67.297605	-0.35740250106039612
67.321512	-0.35739538573313029
67.321512	-0.35739538573313029
67.321512	-0.35739538573313029
67.35761	-0.35738639960151086
67.35761	-0.35738639960151086
67.35761	-0.35738639960151086
67.35761	-0.35738639960151086
67.35761	-0.35738639960151086
67.405511	-0.35737787196362447
67.417794	-0.35737627481559414
67.417794	-0.35737627481559414
67.417794	-0.35737627481559414
67.417794	-0.35737627481559414
67.417794	-0.35737627481559414
67.417794	-0.35737627481559414
67.477635	-0.35737231522930163
67.477635	-0.35737231522930163
67.477635	-0.35737231522930163
67.477635	-0.35737231522930163
67.477635	-0.35737231522930163
67.525511	-0.3573733304167549
67.537607	-0.35737409576456441
67.537607	-0.35737409576456441
67.537607	-0.35737409576456441
67.537607	-0.35737409576456441
67.537607	-0.35737409576456441
67.537607	-0.35737409576456441
67.597609	-0.35738090719150006
67.597609	-0.35738090719150006
67.597609	-0.35738090719150006
67.597609	-0.35738090719150006
67.597609	-0.35738090719150006
67.597609	-0.35738090719150006
67.657613	-0.35739175416380464
67.657613	-0.35739175416380464
67.657613	-0.35739175416380464
67.657613	-0.35739175416380464
67.657613	-0.35739175416380464
67.657613	-0.35739175416380464
67.717613	-0.35740548685105777
67.717613	-0.35740548685105777
67.717613	-0.35740548685105777
67.717613	-0.35740548685105777
67.717613	-0.35740548685105777
67.717613	-0.35740548685105777
67.777679	-0.35742092440694828
67.777679	-0.35742092440694828
67.777679	-0.35742092440694828
67.777679	-0.35742092440694828
67.777679	-0.35742092440694828
67.825512	-0.35743364165129349
67.837611	-0.35743684770075757
67.837611	-0.35743684770075757
67.837611	-0.35743684770075757
67.837622	-0.35743685061558883
67.873626	-0.35744620902683433
67.873626	-0.35744620902683433
67.897617	-0.35745224199235259
67.897617	-0.35745224199235259
67.909602	-0.35745515256636878
67.909602	-0.35745515256636878
67.909602	-0.35745515256636878
67.909602	-0.35745515256636878
67.957617	-0.35746615607398208
67.957617	-0.35746615607398208
67.969534	-0.35746865472038963
67.981523	-0.35747111704990264
67.993596	-0.3574734509201829
67.993596	-0.3574734509201829
68.017616	-0.35747783248266241
68.017616	-0.35747783248266241
68.029522	-0.3574798069045193
68.029522	-0.3574798069045193
68.029522	-0.3574798069045193
68.029522	-0.3574798069045193
68.077626	-0.35748670548034422
68.077626	-0.35748670548034422
68.077626	-0.35748670548034422
68.077626	-0.35748670548034422
68.113596	-0.35749049847916953
68.125522	-0.35749150583372014
68.137638	-0.35749240948054334
68.137638	-0.35749240948054334
68.137638	-0.35749240948054334
68.137638	-0.35749240948054334
68.137638	-0.35749240948054334
68.137638	-0.35749240948054334
68.197617	-0.35749479300391618
68.197617	-0.35749479300391618
68.197617	-0.35749479300391618
68.221523	-0.35749483187267372
68.221523	-0.35749483187267372
68.221523	-0.35749483187267372
68.257639	-0.35749392100977462
68.257639	-0.35749392100977462
68.257639	-0.35749392100977462
68.257639	-0.35749392100977462
68.293586	-0.3574919255212376
68.293586	-0.3574919255212376
68.317637	-0.35749006415275952
68.317637	-0.35749006415275952
68.317637	-0.35749006415275952
68.317637	-0.35749006415275952
68.353594	-0.35748649560115592
68.365523	-0.35748514137192072
68.377621	-0.35748369241499434
68.377621	-0.35748369241499434
68.377621	-0.35748369241499434
68.377621	-0.35748369241499434
68.377621	-0.35748369241499434
68.425522	-0.35747721518783432
68.437723	-0.35747542715166675
68.437723	-0.35747542715166675
68.437723	-0.35747542715166675
68.461522	-0.35747180390781197
68.473591	-0.35746990956415364
68.473591	-0.35746990956415364
68.497617	-0.35746608854939943
68.497617	-0.35746608854939943
68.509523	-0.35746417448502482
68.521543	-0.35746223980156422
68.533586	-0.35746030572082488
68.545522	-0.35745840002824625
68.557621	-0.35745648150299386
68.557621	-0.35745648150299386
68.557621	-0.35745648150299386
68.557621	-0.35745648150299386
68.557621	-0.35745648150299386
68.557621	-0.35745648150299386
68.617621	-0.35744748942626875
68.617621	-0.35744748942626875
68.617621	-0.35744748942626875
68.617621	-0.35744748942626875
68.617621	-0.35744748942626875
68.617621	-0.35744748942626875
68.677622	-0.35743992137821573
68.677622	-0.35743992137821573
68.677622	-0.35743992137821573
68.677622	-0.35743992137821573
68.677622	-0.35743992137821573
68.725522	-0.35743537753367377
68.737624	-0.35743445798116935
68.737624	-0.35743445798116935
68.737624	-0.35743445798116935
68.737624	-0.35743445798116935
68.7736	-0.35743242045132828
68.785543	-0.35743195451739163
68.797616	-0.35743158428990129
68.797616	-0.35743158428990129
68.797616	-0.35743158428990129
68.797616	-0.35743158428990129
68.797616	-0.35743158428990129
68.797616	-0.35743158428990129
68.857617	-0.35743153106079528
68.857628	-0.3574315312456432
68.857628	-0.3574315312456432
68.857628	-0.3574315312456432
68.857628	-0.3574315312456432
68.905533	-0.35743350233152166
68.917659	-0.35743424904201287
68.917659	-0.35743424904201287
68.917659	-0.35743424904201287
68.917659	-0.35743424904201287
68.917659	-0.35743424904201287
68.917659	-0.35743424904201287
68.977633	-0.35743938981754558
68.977633	-0.35743938981754558
68.977633	-0.35743938981754558
68.977633	-0.35743938981754558
68.977633	-0.35743938981754558
69.025533	-0.35744484329887843
69.037628	-0.35744635061969793
69.037628	-0.35744635061969793
69.049553	-0.35744788858941007
69.049553	-0.35744788858941007
69.049553	-0.35744788858941007
69.049553	-0.35744788858941007
69.097705	-0.35745432385548753
69.097705	-0.35745432385548753
69.109533	-0.35745592902455453
69.109533	-0.35745592902455453
69.109533	-0.35745592902455453
69.109533	-0.35745592902455453
69.157628	-0.35746232560485891
69.157628	-0.35746232560485891
69.157628	-0.35746232560485891
69.157628	-0.35746232560485891
69.157628	-0.35746232560485891
69.205533	-0.35746808560980792
69.217627	-0.35746940008952172
69.217627	-0.35746940008952172
69.217627	-0.35746940008952172
69.217627	-0.35746940008952172
69.217627	-0.35746940008952172
69.217627	-0.35746940008952172
69.277636	-0.35747462503187599
69.277636	-0.35747462503187599
69.289534	-0.35747535042448342
69.289534	-0.35747535042448342
69.289534	-0.35747535042448342
69.289534	-0.35747535042448342
69.337629	-0.35747726082692849
69.337629	-0.35747726082692849
69.349537	-0.35747740402042533
69.349537	-0.35747740402042533
69.373607	-0.35747737011567665
69.373607	-0.35747737011567665
69.397649	-0.35747683455380624
69.397649	-0.35747683455380624
69.397649	-0.35747683455380624
69.421533	-0.35747577420928428
69.421533	-0.35747577420928428
69.445556	-0.357474169021402
69.457633	-0.3574732008528777
69.457633	-0.3574732008528777
69.457633	-0.3574732008528777
69.457633	-0.3574732008528777
69.457633	-0.3574732008528777
69.505533	-0.35746811163574888
69.51763	-0.35746656802974375
69.51763	-0.35746656802974375
69.51763	-0.35746656802974375
69.51763	-0.35746656802974375
69.51763	-0.35746656802974375
69.565533	-0.3574594691090634
69.57763	-0.35745748693550994
69.57763	-0.35745748693550994
69.57763	-0.35745748693550994
69.57763	-0.35745748693550994
69.57763	-0.35745748693550994
69.57763	-0.35745748693550994
69.63763	-0.3574468023232189
69.63763	-0.3574468023232189
69.63763	-0.3574468023232189
69.661536	-0.35744232982677815
69.673603	-0.35744006073958029
69.685534	-0.35743782524162587
69.697627	-0.35743556878144311
69.697627	-0.35743556878144311
69.697627	-0.35743556878144311
69.721533	-0.35743119510650168
69.721533	-0.35743119510650168
69.721533	-0.35743119510650168
69.757747	-0.3574249191843113
69.757747	-0.3574249191843113
69.757747	-0.3574249191843113
69.757747	-0.3574249191843113
69.79363	-0.35741934181077367
69.79363	-0.35741934181077367
69.817628	-0.35741604552165518
69.817628	-0.35741604552165518
69.817628	-0.35741604552165518
69.841533	-0.35741320664084958
69.841533	-0.35741320664084958
69.841533	-0.35741320664084958
69.877707	-0.35740986227914012
69.877707	-0.35740986227914012
69.877707	-0.35740986227914012
69.901546	-0.35740832999682354
69.901546	-0.35740832999682354
69.901546	-0.35740832999682354
69.937641	-0.35740713464648893
69.937641	-0.35740713464648893
69.949546	-0.35740707365441871
69.949546	-0.35740707365441871
69.973617	-0.35740734861570322
69.985547	-0.35740771772682239
69.997646	-0.35740823246958675
69.997646	-0.35740823246958675
69.997646	-0.35740823246958675
69.997646	-0.35740823246958675
69.997646	-0.35740823246958675
69.997646	-0.35740823246958675
69.997646	-0.35740823246958675
70.057648	-0.35741316121343647
70.069815	-0.35741462616418301
70.081547	-0.35741610983187672
70.081547	-0.35741610983187672
70.081547	-0.35741610983187672
70.11764	-0.35742152626842888
70.11764	-0.35742152626842888
70.11764	-0.35742152626842888
70.11764	-0.35742152626842888
70.11764	-0.35742152626842888
70.11764	-0.35742152626842888
70.177649	-0.35743257938883227
70.177649	-0.35743257938883227
70.177649	-0.35743257938883227
70.201546	-0.35743757606403642
70.21361	-0.35744041629923579
70.225547	-0.35744344922447535
70.237643	-0.35744678238112187
70.237643	-0.35744678238112187
70.237643	-0.35744678238112187
70.237643	-0.35744678238112187
70.273629	-0.35745866414528987
70.285617	-0.35746311123251751
70.297646	-0.3574677631519379
70.297646	-0.3574677631519379
70.297646	-0.3574677631519379
70.297646	-0.3574677631519379
70.297646	-0.3574677631519379
70.297646	-0.3574677631519379
70.357643	-0.35748961895563713
70.357643	-0.35748961895563713
70.357643	-0.35748961895563713
70.357643	-0.35748961895563713
70.357643	-0.35748961895563713
70.357643	-0.35748961895563713
70.41771	-0.3575027009630336
70.41771	-0.3575027009630336
70.41771	-0.3575027009630336
70.441546	-0.35750482362424624
70.441546	-0.35750482362424624
70.465547	-0.35750506309033797
70.477649	-0.35750460843318449
70.477649	-0.35750460843318449
70.477649	-0.35750460843318449
70.477649	-0.35750460843318449
70.477649	-0.35750460843318449
70.477649	-0.35750460843318449
70.537643	-0.35749581682126369
70.537643	-0.35749581682126369
70.537643	-0.35749581682126369
70.537643	-0.35749581682126369
70.537643	-0.35749581682126369
70.537643	-0.35749581682126369
70.59764	-0.35747828377429719
70.59764	-0.35747828377429719
70.59764	-0.35747828377429719
70.621546	-0.35747021428495629
70.633611	-0.3574664107655009
70.645546	-0.35746286756394319
70.657662	-0.35745952713430662
70.657662	-0.35745952713430662
70.657662	-0.35745952713430662
70.657662	-0.35745952713430662
70.693612	-0.35745177506128872
70.693612	-0.35745177506128872
70.717683	-0.35744772905644179
70.717683	-0.35744772905644179
70.717683	-0.35744772905644179
70.717683	-0.35744772905644179
70.717683	-0.35744772905644179
70.717683	-0.35744772905644179
70.717683	-0.35744772905644179
70.717683	-0.35744772905644179
70.717683	-0.35744772905644179
70.777644	-0.35743668492312447
70.813698	-0.35742867147528268
70.813698	-0.35742867147528268
70.837659	-0.3574237275051711
70.837659	-0.3574237275051711
70.84955	-0.35742165464423714
70.861546	-0.35741970015422908
70.861557	-0.35741969872836826
70.885558	-0.35741680197360398
70.897651	-0.35741570079971613
70.897651	-0.35741570079971613
70.897651	-0.35741570079971613
70.897651	-0.35741570079971613
70.897651	-0.35741570079971613
70.897651	-0.35741570079971613
70.957657	-0.35741209342747898
70.957657	-0.35741209342747898
70.957657	-0.35741209342747898
70.957657	-0.35741209342747898
70.957657	-0.35741209342747898
71.005558	-0.35740978609016472
71.017678	-0.3574093049166347
71.017678	-0.3574093049166347
71.017678	-0.3574093049166347
71.017678	-0.3574093049166347
71.017678	-0.3574093049166347
71.017678	-0.3574093049166347
71.077724	-0.35740821999448946
71.077724	-0.35740821999448946
71.077724	-0.35740821999448946
71.077724	-0.35740821999448946
71.077724	-0.35740821999448946
71.077724	-0.35740821999448946
71.137652	-0.35740984972736106
71.137652	-0.35740984972736106
71.137652	-0.35740984972736106
71.137652	-0.35740984972736106
71.137652	-0.35740984972736106
71.137652	-0.35740984972736106
71.197654	-0.35741453675875545
71.197654	-0.35741453675875545
71.197654	-0.35741453675875545
71.221557	-0.35741722522536706
71.221557	-0.35741722522536706
71.221557	-0.35741722522536706
71.221557	-0.35741722522536706
71.221557	-0.35741722522536706
71.221557	-0.35741722522536706
71.221557	-0.35741722522536706
71.221557	-0.35741722522536706
71.257661	-0.35742210803874502
71.317688	-0.35743204088529351
71.317688	-0.35743204088529351
71.317688	-0.35743204088529351
71.317688	-0.35743204088529351
71.317688	-0.35743204088529351
71.317688	-0.35743204088529351
71.377736	-0.35744364161141545
71.377736	-0.35744364161141545
71.377736	-0.35744364161141545
71.401557	-0.35744854666332343
71.401557	-0.35744854666332343
71.401557	-0.35744854666332343
71.437654	-0.35745618557936548
71.437654	-0.35745618557936548
71.44958	-0.35745874657209498
71.44958	-0.35745874657209498
71.44958	-0.35745874657209498
71.44958	-0.35745874657209498
71.497652	-0.35746913908715033
71.497652	-0.35746913908715033
71.497652	-0.35746913908715033
71.497652	-0.35746913908715033
71.533622	-0.35747691494259481
71.533622	-0.35747691494259481
71.557655	-0.35748207603767279
71.557655	-0.35748207603767279
71.557655	-0.35748207603767279
71.557655	-0.35748207603767279
71.593628	-0.35748970720313322
71.60565	-0.35749222858656077
71.617655	-0.35749473189941466
71.617655	-0.35749473189941466
71.617655	-0.35749473189941466
71.617655	-0.35749473189941466
71.617655	-0.35749473189941466
71.617655	-0.35749473189941466
71.677661	-0.35750693403904177
71.677661	-0.35750693403904177
71.677661	-0.35750693403904177
71.677661	-0.35750693403904177
71.677661	-0.35750693403904177
71.677661	-0.35750693403904177
71.737735	-0.35751852686523844
71.737735	-0.35751852686523844
71.737735	-0.35751852686523844
71.737735	-0.35751852686523844
71.737735	-0.35751852686523844
71.737735	-0.35751852686523844
71.797654	-0.35752925357361282
71.797654	-0.35752925357361282
71.797654	-0.35752925357361282
71.797654	-0.35752925357361282
71.797654	-0.35752925357361282
71.797654	-0.35752925357361282
71.857657	-0.35754054676032915
71.857657	-0.35754054676032915
71.857657	-0.35754054676032915
71.857669	-0.35754054916020167
71.857669	-0.35754054916020167
71.857669	-0.35754054916020167
71.857669	-0.35754054916020167
71.857669	-0.35754054916020167
71.857669	-0.35754054916020167
71.857669	-0.35754054916020167
71.857669	-0.35754054916020167
71.917664	-0.35755259659270056
71.977685	-0.35755908941619513
71.977685	-0.35755908941619513
71.977685	-0.35755908941619513
71.977685	-0.35755908941619513
71.977685	-0.35755908941619513
71.977685	-0.35755908941619513
72.037668	-0.35755439701342367
72.037668	-0.35755439701342367
72.037668	-0.35755439701342367
72.037668	-0.35755439701342367
72.073634	-0.35754564236099706
72.073634	-0.35754564236099706
72.09767	-0.35753758152735915
72.09767	-0.35753758152735915
72.09767	-0.35753758152735915
72.09767	-0.35753758152735915
72.09767	-0.35753758152735915
72.145588	-0.3575164621831799
72.157667	-0.35751032633521435
72.157667	-0.35751032633521435
72.157667	-0.35751032633521435
72.181569	-0.35749733481358886
72.181569	-0.35749733481358886
72.205569	-0.35748345366960016
72.217663	-0.35747627939444648
72.217663	-0.35747627939444648
72.217663	-0.35747627939444648
72.217663	-0.35747627939444648
72.217663	-0.35747627939444648
72.217663	-0.35747627939444648
72.277677	-0.35744030278384159
72.277677	-0.35744030278384159
72.277677	-0.35744030278384159
72.301573	-0.35742660285269434
72.313641	-0.35742002991343114
72.325569	-0.35741374076300847
72.337687	-0.3574075921851913
72.337687	-0.3574075921851913
72.337687	-0.3574075921851913
72.337687	-0.3574075921851913
72.337687	-0.3574075921851913
72.337687	-0.3574075921851913
72.397784	-0.35738272563540607
72.397784	-0.35738272563540607
72.397784	-0.35738272563540607
72.397784	-0.35738272563540607
72.397784	-0.35738272563540607
72.397784	-0.35738272563540607
72.457666	-0.35736912846779856
72.457666	-0.35736912846779856
72.457666	-0.35736912846779856
72.481569	-0.35736720701657049
72.481569	-0.35736720701657049
72.505569	-0.35736746795248359
72.517662	-0.35736826403509964
72.517662	-0.35736826403509964
72.517662	-0.35736826403509964
72.517662	-0.35736826403509964
72.517662	-0.35736826403509964
72.517662	-0.35736826403509964
72.577674	-0.35737983387461625
72.577674	-0.35737983387461625
72.577674	-0.35737983387461625
72.577674	-0.35737983387461625
72.577674	-0.35737983387461625
72.577674	-0.35737983387461625
72.637673	-0.35740170344920452
72.637673	-0.35740170344920452
72.637673	-0.35740170344920452
72.637673	-0.35740170344920452
72.673634	-0.35741834934696004
72.673634	-0.35741834934696004
72.697747	-0.3574303766805329
72.697747	-0.3574303766805329
72.697747	-0.3574303766805329
72.697747	-0.3574303766805329
72.733652	-0.35744895276775918
72.745569	-0.35745512894447506
72.75767	-0.35746136976011939
72.75767	-0.35746136976011939
72.75767	-0.35746136976011939
72.75767	-0.35746136976011939
72.75767	-0.35746136976011939
72.805569	-0.35748477213433622
72.817664	-0.35749024645616001
72.817664	-0.35749024645616001
72.817664	-0.35749024645616001
72.841569	-0.35750022620376221
72.853646	-0.35750474879988159
72.86559	-0.35750895379211239
72.877671	-0.35751289912621087
72.877681	-0.35751290239194555
72.877681	-0.35751290239194555
72.901579	-0.35751947979000537
72.901579	-0.35751947979000537
72.925672	-0.35752437467184522
72.937674	-0.35752626582968505
72.937674	-0.35752626582968505
72.937674	-0.35752626582968505
72.937674	-0.35752626582968505
72.937674	-0.35752626582968505
72.98558	-0.35752905403210589
72.997692	-0.35752869926625103
72.997692	-0.35752869926625103
72.997692	-0.35752869926625103
73.021579	-0.35752657589094672
73.021579	-0.35752657589094672
73.021579	-0.35752657589094672
73.057762	-0.35752011978438886
73.057762	-0.35752011978438886
73.057762	-0.35752011978438886
73.057762	-0.35752011978438886
73.057762	-0.35752011978438886
73.105579	-0.35750630642381825
73.117691	-0.35750204147694514
73.117691	-0.35750204147694514
73.117691	-0.35750204147694514
73.117691	-0.35750204147694514
73.117691	-0.35750204147694514
73.165579	-0.35748254813662095
73.177682	-0.35747716700334459
73.177682	-0.35747716700334459
73.177682	-0.35747716700334459
73.177682	-0.35747716700334459
73.213645	-0.35746047572393763
73.225582	-0.35745483946690809
73.237673	-0.35744911680332264
73.237673	-0.35744911680332264
73.237673	-0.35744911680332264
73.2616	-0.35743792769128502
73.2616	-0.35743792769128502
73.28558	-0.35742712043052105
73.297687	-0.3574218479805934
73.297687	-0.3574218479805934
73.297687	-0.3574218479805934
73.297687	-0.3574218479805934
73.297687	-0.3574218479805934
73.345579	-0.35740326174082188
73.357761	-0.35739915402822398
73.357761	-0.35739915402822398
73.357761	-0.35739915402822398
73.381579	-0.35739214989480605
73.381579	-0.35739214989480605
73.405579	-0.35738657464368406
73.417692	-0.35738424907798205
73.417692	-0.35738424907798205
73.417692	-0.35738424907798205
73.417692	-0.35738424907798205
73.417692	-0.35738424907798205
73.417692	-0.35738424907798205
73.477678	-0.3573791743059116
73.477678	-0.3573791743059116
73.477678	-0.3573791743059116
73.501599	-0.35738011174160095
73.513668	-0.35738132847722998
73.525579	-0.35738285690122562
73.537676	-0.35738478683508235
73.537676	-0.35738478683508235
73.537676	-0.35738478683508235
73.537676	-0.35738478683508235
73.537676	-0.35738478683508235
73.537676	-0.35738478683508235
73.597698	-0.35740058401679603
73.597698	-0.35740058401679603
73.597698	-0.35740058401679603
73.597698	-0.35740058401679603
73.597698	-0.35740058401679603
73.597698	-0.35740058401679603
73.657677	-0.35742478354929957
73.657677	-0.35742478354929957
73.669579	-0.35743039746521388
73.669579	-0.35743039746521388
73.669579	-0.35743039746521388
73.705579	-0.35744833157566658
73.717795	-0.35745469375047761
73.717795	-0.35745469375047761
73.717795	-0.35745469375047761
73.717795	-0.35745469375047761
73.717795	-0.35745469375047761
73.7656	-0.35748022643618887
73.777682	-0.35748668867183536
73.777682	-0.35748668867183536
73.78958	-0.35749296541489795
73.78958	-0.35749296541489795
73.78958	-0.35749296541489795
73.78958	-0.35749296541489795
73.837687	-0.35751726593442323
73.837687	-0.35751726593442323
73.837687	-0.35751726593442323
73.837687	-0.35751726593442323
73.837687	-0.35751726593442323
73.837687	-0.35751726593442323
73.897703	-0.35754286782990585
73.897703	-0.35754286782990585
73.909591	-0.35754700896867408
73.909591	-0.35754700896867408
73.909591	-0.35754700896867408
73.945591	-0.35755768325143367
73.957689	-0.35756055777566181
73.957689	-0.35756055777566181
73.957689	-0.35756055777566181
73.957689	-0.35756055777566181
73.957689	-0.35756055777566181
73.957689	-0.35756055777566181
73.957689	-0.35756055777566181
73.957689	-0.35756055777566181
74.017728	-0.35756833058094323
74.041591	-0.35756843261238025
74.041591	-0.35756843261238025
74.041591	-0.35756843261238025
74.077703	-0.35756525241551956
74.077703	-0.35756525241551956
74.077703	-0.35756525241551956
74.077703	-0.35756525241551956
74.077703	-0.35756525241551956
74.077703	-0.35756525241551956
74.137686	-0.35755160072601111
74.137686	-0.35755160072601111
74.149595	-0.35754766396435894
74.161611	-0.35754349667478685
74.161611	-0.35754349667478685
74.161611	-0.35754349667478685
74.197685	-0.35752875877601215
74.197685	-0.35752875877601215
74.197685	-0.35752875877601215
74.197685	-0.35752875877601215
74.233655	-0.35751156956932884
74.233655	-0.35751156956932884
74.257693	-0.3574990700117851
74.257693	-0.3574990700117851
74.257693	-0.3574990700117851
74.281595	-0.35748600397652647
74.281595	-0.35748600397652647
74.305591	-0.35747246942330985
74.31771	-0.35746555825336701
74.31771	-0.35746555825336701
74.31771	-0.35746555825336701
74.31771	-0.35746555825336701
74.31771	-0.35746555825336701
74.31771	-0.35746555825336701
74.377761	-0.35743157608628107
74.377761	-0.35743157608628107
74.377761	-0.35743157608628107
74.377761	-0.35743157608628107
74.377761	-0.35743157608628107
74.425611	-0.35740645385967568
74.437687	-0.35740055214572958
74.437687	-0.35740055214572958
74.437687	-0.35740055214572958
74.437687	-0.35740055214572958
74.437687	-0.35740055214572958
74.485591	-0.35737988444402941
74.497693	-0.35737537232899691
74.497693	-0.35737537232899691
74.497693	-0.35737537232899691
74.497693	-0.35737537232899691
74.497693	-0.35737537232899691
74.497693	-0.35737537232899691
74.497693	-0.35737537232899691
74.497693	-0.35737537232899691
74.497693	-0.35737537232899691
74.497693	-0.35737537232899691
74.557713	-0.35736183362472762
74.605591	-0.35736302682435778
74.617685	-0.35736462578908124
74.617685	-0.35736462578908124
74.617685	-0.35736462578908124
74.617685	-0.35736462578908124
74.617685	-0.35736462578908124
74.617685	-0.35736462578908124
74.677695	-0.35737605366967279
74.677695	-0.35737605366967279
74.677695	-0.35737605366967279
74.677695	-0.35737605366967279
74.677695	-0.35737605366967279
74.725592	-0.35738671945773026
74.737687	-0.35738950327309088
74.737687	-0.35738950327309088
74.737687	-0.35738950327309088
74.737687	-0.35738950327309088
74.737687	-0.35738950327309088
74.737687	-0.35738950327309088
74.797732	-0.35740352976172601
74.797732	-0.35740352976172601
74.809725	-0.3574063218301044
74.821591	-0.35740907695379731
74.821591	-0.35740907695379731
74.821591	-0.35740907695379731
74.85769	-0.35741731786633241
74.85769	-0.35741731786633241
74.85769	-0.35741731786633241
74.85769	-0.35741731786633241
74.85769	-0.35741731786633241
74.905682	-0.35742783911938147
74.917729	-0.35743039207927213
74.917729	-0.35743039207927213
74.929623	-0.35743285471239117
74.929623	-0.35743285471239117
74.929623	-0.35743285471239117
74.965604	-0.35744005562446307
74.977703	-0.35744238164596853
74.977703	-0.35744238164596853
74.977703	-0.35744238164596853
74.977703	-0.35744238164596853
74.977703	-0.35744238164596853
74.977703	-0.35744238164596853
74.977703	-0.35744238164596853
74.977703	-0.35744238164596853
74.977703	-0.35744238164596853
74.977703	-0.35744238164596853
74.977703	-0.35744238164596853
75.037782	-0.35745302121568218
75.097697	-0.35746194900131395
75.097697	-0.35746194900131395
75.097697	-0.35746194900131395
75.121603	-0.35746497451342135
75.121603	-0.35746497451342135
75.145604	-0.35746765444737461
75.1577	-0.35746889148923811
75.1577	-0.35746889148923811
75.1577	-0.35746889148923811
75.181603	-0.35747104094957965
75.181603	-0.35747104094957965
75.181603	-0.35747104094957965
75.217698	-0.35747356704142658
75.217698	-0.35747356704142658
75.217698	-0.35747356704142658
75.217698	-0.35747356704142658
75.217698	-0.35747356704142658
75.217698	-0.35747356704142658
75.277703	-0.35747582803535682
75.277703	-0.35747582803535682
75.277703	-0.35747582803535682
75.277703	-0.35747582803535682
75.277703	-0.35747582803535682
75.277703	-0.35747582803535682
75.337703	-0.35747571465913219
75.337703	-0.35747571465913219
75.337703	-0.35747571465913219
75.361604	-0.35747506441162319
75.373668	-0.3574746004010938
75.385603	-0.35747408597111496
75.397698	-0.35747350121900745
75.397698	-0.35747350121900745
75.397698	-0.35747350121900745
75.397698	-0.35747350121900745
75.433736	-0.35747135907797034
75.433736	-0.35747135907797034
75.457718	-0.35746969846447968
75.457718	-0.35746969846447968
75.457718	-0.35746969846447968
75.457718	-0.35746969846447968
75.457718	-0.35746969846447968
75.457718	-0.35746969846447968
75.517697	-0.3574650274896829
75.517697	-0.3574650274896829
75.517697	-0.3574650274896829
75.517697	-0.3574650274896829
75.517697	-0.3574650274896829
75.517697	-0.3574650274896829
75.577711	-0.35746033328178489
75.577711	-0.35746033328178489
75.577711	-0.35746033328178489
75.577711	-0.35746033328178489
75.577711	-0.35746033328178489
75.577711	-0.35746033328178489
75.637698	-0.35745650109796534
75.637698	-0.35745650109796534
75.637698	-0.35745650109796534
75.637698	-0.35745650109796534
75.637698	-0.35745650109796534
75.637698	-0.35745650109796534
75.69779	-0.35745432239081509
75.69779	-0.35745432239081509
75.709603	-0.35745416701329047
75.709603	-0.35745416701329047
75.709603	-0.35745416701329047
75.745603	-0.35745420849181253
75.7577	-0.35745441550401852
75.7577	-0.35745441550401852
75.769604	-0.35745476006743776
75.769604	-0.35745476006743776
75.769604	-0.35745476006743776
75.769604	-0.35745476006743776
75.817704	-0.35745711360486099
75.817704	-0.35745711360486099
75.82969	-0.35745799382950205
75.841603	-0.35745892512305488
75.841603	-0.35745892512305488
75.841603	-0.35745892512305488
75.8777	-0.35746243596504906
75.8777	-0.35746243596504906
75.8777	-0.35746243596504906
75.877714	-0.35746243742452982
75.913712	-0.35746672143924157
75.913712	-0.35746672143924157
75.937713	-0.35746977526967166
75.937713	-0.35746977526967166
75.937713	-0.35746977526967166
75.937713	-0.35746977526967166
75.937713	-0.35746977526967166
75.937713	-0.35746977526967166
75.997797	-0.35747749749082225
75.997797	-0.35747749749082225
75.997797	-0.35747749749082225
76.021618	-0.357480655443562
76.021618	-0.357480655443562
76.045617	-0.35748407148424549
76.045617	-0.35748407148424549
76.045617	-0.35748407148424549
76.045617	-0.35748407148424549
76.045617	-0.35748407148424549
76.045617	-0.35748407148424549
76.057717	-0.35748587999135206
76.117713	-0.35749578881408905
76.117713	-0.35749578881408905
76.117713	-0.35749578881408905
76.141618	-0.35750002288266558
76.153686	-0.35750219164296065
76.153686	-0.35750219164296065
76.177734	-0.35750651458549171
76.177734	-0.35750651458549171
76.189617	-0.35750862874379469
76.189617	-0.35750862874379469
76.189617	-0.35750862874379469
76.189617	-0.35750862874379469
76.237715	-0.35751685540515521
76.237715	-0.35751685540515521
76.237715	-0.35751685540515521
76.237715	-0.35751685540515521
76.237715	-0.35751685540515521
76.285625	-0.35752393146107558
76.285625	-0.35752393146107558
76.285625	-0.35752393146107558
76.297711	-0.35752548388354577
76.321618	-0.35752815367308882
76.321618	-0.35752815367308882
76.321618	-0.35752815367308882
76.357805	-0.35753110593418608
76.357805	-0.35753110593418608
76.369618	-0.35753172043078035
76.369618	-0.35753172043078035
76.369618	-0.35753172043078035
76.369618	-0.35753172043078035
76.369618	-0.35753172043078035
76.417731	-0.3575326338356894
76.429917	-0.35753233707718513
76.441618	-0.35753194960300611
76.441618	-0.35753194960300611
76.441618	-0.35753194960300611
76.477716	-0.35752941255163895
76.477716	-0.35752941255163895
76.477716	-0.35752941255163895
76.477716	-0.35752941255163895
76.513689	-0.35752507131837236
76.513689	-0.35752507131837236
76.537716	-0.35752125060485018
76.537716	-0.35752125060485018
76.537716	-0.35752125060485018
76.537716	-0.35752125060485018
76.537716	-0.35752125060485018
76.585617	-0.35751137458925047
76.597719	-0.35750848391922291
76.597719	-0.35750848391922291
76.597719	-0.35750848391922291
76.597719	-0.35750848391922291
76.633686	-0.35749892944294243
76.633686	-0.35749892944294243
76.657718	-0.35749194011048641
76.657718	-0.35749194011048641
76.657718	-0.35749194011048641
76.657718	-0.35749194011048641
76.657718	-0.35749194011048641
76.657718	-0.35749194011048641
76.717713	-0.35747284402816526
76.717713	-0.35747284402816526
76.717713	-0.35747284402816526
76.717713	-0.35747284402816526
76.717713	-0.35747284402816526
76.765617	-0.35745675886797296
76.777714	-0.35745268230518201
76.777714	-0.35745268230518201
76.777714	-0.35745268230518201
76.777714	-0.35745268230518201
76.777714	-0.35745268230518201
76.825618	-0.35743690166296438
76.837718	-0.35743305003752629
76.837718	-0.35743305003752629
76.849617	-0.35742937650900369
76.849617	-0.35742937650900369
76.849617	-0.35742937650900369
76.849617	-0.35742937650900369
76.897714	-0.3574154495788896
76.897714	-0.3574154495788896
76.897725	-0.35741544652979451
76.897725	-0.35741544652979451
76.897725	-0.35741544652979451
76.945629	-0.35740087423181649
76.957729	-0.35739659876686036
76.957729	-0.35739659876686036
76.957729	-0.35739659876686036
76.957729	-0.35739659876686036
76.957729	-0.35739659876686036
76.957729	-0.35739659876686036
77.017816	-0.35737235565209613
77.017816	-0.35737235565209613
77.017816	-0.35737235565209613
77.017816	-0.35737235565209613
77.053707	-0.3573599803885204
77.053707	-0.3573599803885204
77.077725	-0.35735383093358092
77.077725	-0.35735383093358092
77.089635	-0.35735165035812594
77.101629	-0.35734972310651164
77.101629	-0.35734972310651164
77.125629	-0.35734766765780113
77.137755	-0.35734725642009973
77.137755	-0.35734725642009973
77.137755	-0.35734725642009973
77.137755	-0.35734725642009973
77.173693	-0.3573491488286677
77.173693	-0.3573491488286677
77.197728	-0.35735255813927319
77.197728	-0.35735255813927319
77.209628	-0.35735494293006587
77.209628	-0.35735494293006587
77.209628	-0.35735494293006587
77.245628	-0.35736383711159109
77.257725	-0.35736735614472703
77.257725	-0.35736735614472703
77.257725	-0.35736735614472703
77.281728	-0.35737512253809611
77.281728	-0.35737512253809611
77.305628	-0.35738384015680308
77.317751	-0.35738859269658046
77.317751	-0.35738859269658046
77.329628	-0.35739362140093733
77.329628	-0.35739362140093733
77.353714	-0.357404519760046
77.353714	-0.357404519760046
77.377738	-0.35741640864173302
77.377738	-0.35741640864173302
77.377738	-0.35741640864173302
77.377738	-0.35741640864173302
77.377738	-0.35741640864173302
77.425628	-0.35744271748959355
77.437723	-0.35744973762792098
77.437723	-0.35744973762792098
77.449632	-0.35745678825833682
77.461628	-0.35746393719916741
77.461628	-0.35746393719916741
77.461628	-0.35746393719916741
77.497743	-0.35748576924489628
77.497743	-0.35748576924489628
77.497743	-0.35748576924489628
77.497743	-0.35748576924489628
77.497743	-0.35748576924489628
77.545715	-0.35751432789316639
77.557729	-0.35752125792915435
77.557729	-0.35752125792915435
77.569631	-0.35752791513931059
77.581708	-0.35753457370867908
77.59371	-0.35754090915625353
77.59371	-0.35754090915625353
77.617722	-0.35755300272412643
77.617722	-0.35755300272412643
77.617722	-0.35755300272412643
77.617722	-0.35755300272412643
77.617722	-0.35755300272412643
77.617722	-0.35755300272412643
77.677833	-0.35757811011615948
77.677833	-0.35757811011615948
77.677833	-0.35757811011615948
77.677833	-0.35757811011615948
77.677833	-0.35757811011615948
77.677833	-0.35757811011615948
77.737734	-0.35759412693025738
77.737734	-0.35759412693025738
77.737734	-0.35759412693025738
77.737734	-0.35759412693025738
77.773708	-0.35759870483862072
77.773708	-0.35759870483862072
77.797726	-0.3575997145983687
77.797726	-0.3575997145983687
77.809715	-0.35759957516306035
77.809715	-0.35759957516306035
77.809715	-0.35759957516306035
77.809715	-0.35759957516306035
77.857755	-0.35759671274472704
77.857755	-0.35759671274472704
77.857755	-0.35759671274472704
77.881651	-0.35759395791778426
77.881651	-0.35759395791778426
77.881651	-0.35759395791778426
77.917738	-0.35758745367912276
77.917751	-0.3575874509152101
77.917751	-0.3575874509152101
77.917751	-0.3575874509152101
77.917751	-0.3575874509152101
77.965641	-0.35756836518304425
77.97774	-0.35756129739616271
77.97774	-0.35756129739616271
77.97774	-0.35756129739616271
78.001642	-0.35754447659911626
78.013704	-0.3575348746711251
78.013704	-0.3575348746711251
78.037735	-0.35751489207352466
78.037735	-0.35751489207352466
78.037735	-0.35751489207352466
78.037735	-0.35751489207352466
78.037735	-0.35751489207352466
78.037735	-0.35751489207352466
78.097743	-0.35746247622346256
78.097743	-0.35746247622346256
78.109648	-0.35745210306222197
78.121641	-0.35744169853747204
78.133705	-0.35743140080830499
78.133705	-0.35743140080830499
78.15774	-0.35741131121124198
78.15774	-0.35741131121124198
78.15774	-0.35741131121124198
78.15774	-0.35741131121124198
78.15774	-0.35741131121124198
78.15774	-0.35741131121124198
78.217739	-0.35736568002761948
78.217739	-0.35736568002761948
78.229745	-0.35735764704432954
78.229745	-0.35735764704432954
78.253719	-0.3573426550016614
78.253719	-0.3573426550016614
78.277748	-0.35732937664953096
78.277748	-0.35732937664953096
78.277748	-0.35732937664953096
78.277748	-0.35732937664953096
78.313724	-0.35731344175601332
78.325642	-0.35730918746311646
78.337828	-0.35730532900668138
78.337828	-0.35730532900668138
78.337828	-0.35730532900668138
78.337828	-0.35730532900668138
78.337828	-0.35730532900668138
78.385641	-0.35729632051625454
78.397741	-0.35729540517540076
78.397741	-0.35729540517540076
78.409642	-0.35729529031472429
78.409642	-0.35729529031472429
78.409642	-0.35729529031472429
78.445641	-0.35729801453258464
78.457739	-0.35730001801798045
78.457739	-0.35730001801798045
78.457739	-0.35730001801798045
78.457739	-0.35730001801798045
78.457739	-0.35730001801798045
78.457739	-0.35730001801798045
78.517748	-0.35731841550842086
78.517748	-0.35731841550842086
78.517748	-0.35731841550842086
78.517748	-0.35731841550842086
78.517748	-0.35731841550842086
78.565642	-0.35734176515161148
78.577737	-0.35734862520027272
78.577737	-0.35734862520027272
78.577737	-0.35734862520027272
78.577737	-0.35734862520027272
78.613707	-0.35737125042570306
78.625641	-0.35737930456200501
78.637822	-0.35738775196752365
78.637822	-0.35738775196752365
78.637822	-0.35738775196752365
78.637822	-0.35738775196752365
78.637822	-0.35738775196752365
78.637822	-0.35738775196752365
78.637822	-0.35738775196752365
78.637822	-0.35738775196752365
78.637822	-0.35738775196752365
78.637822	-0.35738775196752365
78.637822	-0.35738775196752365
78.697754	-0.35743192891761671
78.757759	-0.35747721738529298
78.757759	-0.35747721738529298
78.769737	-0.35748598622942918
78.781642	-0.3574946159621194
78.781642	-0.3574946159621194
78.781642	-0.3574946159621194
78.817735	-0.3575188598205325
78.817735	-0.3575188598205325
78.817735	-0.3575188598205325
78.817735	-0.3575188598205325
78.817735	-0.3575188598205325
78.817735	-0.3575188598205325
78.877751	-0.3575460137238064
78.877751	-0.3575460137238064
78.889641	-0.35754889240092685
78.889641	-0.35754889240092685
78.913714	-0.35755318565173599
78.925675	-0.35755465131204089
78.937753	-0.35755582391780089
78.937753	-0.35755582391780089
78.949655	-0.35755664191287068
78.949655	-0.35755664191287068
78.949655	-0.35755664191287068
78.949655	-0.35755664191287068
78.997838	-0.35755797843446507
78.997838	-0.35755797843446507
78.997838	-0.35755797843446507
78.997838	-0.35755797843446507
78.997838	-0.35755797843446507
78.997838	-0.35755797843446507
79.057772	-0.35755497419816451
79.057772	-0.35755497419816451
79.069655	-0.35755376694243757
79.081655	-0.3575524492961486
79.081655	-0.3575524492961486
79.105654	-0.35754918187180634
79.117759	-0.35754732389679228
79.117759	-0.35754732389679228
79.117759	-0.35754732389679228
79.141654	-0.35754317320095647
79.153722	-0.35754084076910897
79.165658	-0.35753843834900229
79.177752	-0.35753589675941472
79.177752	-0.35753589675941472
79.177752	-0.35753589675941472
79.177752	-0.35753589675941472
79.177752	-0.35753589675941472
79.177752	-0.35753589675941472
79.237748	-0.35752181566313723
79.237748	-0.35752181566313723
79.237748	-0.35752181566313723
79.237748	-0.35752181566313723
79.237748	-0.35752181566313723
79.285655	-0.3575095000509721
79.297752	-0.35750632270806415
79.297752	-0.35750632270806415
79.297752	-0.35750632270806415
79.297752	-0.35750632270806415
79.33372	-0.35749685808685649
79.345691	-0.35749373716312538
79.357752	-0.35749061563198015
79.357752	-0.35749061563198015
79.369655	-0.35748759210851117
79.369655	-0.35748759210851117
79.369655	-0.35748759210851117
79.369655	-0.35748759210851117
79.369655	-0.35748759210851117
79.369655	-0.35748759210851117
79.41775	-0.35747606149339706
79.441654	-0.35747119042475478
79.441654	-0.35747119042475478
79.465654	-0.35746713480702397
79.477752	-0.35746535760109011
79.477752	-0.35746535760109011
79.489662	-0.35746387703108212
79.501655	-0.35746248358176441
79.513744	-0.3574612956515546
79.513744	-0.3574612956515546
79.537757	-0.35745915626072339
79.537757	-0.35745915626072339
79.537757	-0.35745915626072339
79.537757	-0.35745915626072339
79.57372	-0.35745636376736334
79.585655	-0.35745549906136698
79.597782	-0.35745464687851841
79.597782	-0.35745464687851841
79.597782	-0.35745464687851841
79.597782	-0.35745464687851841
79.597782	-0.35745464687851841
79.597782	-0.35745464687851841
79.657834	-0.35745105921690973
79.657834	-0.35745105921690973
79.657834	-0.35745105921690973
79.657834	-0.35745105921690973
79.657834	-0.35745105921690973
79.657834	-0.35745105921690973
79.717782	-0.35744907839790174
79.717782	-0.35744907839790174
79.717782	-0.35744907839790174
79.741654	-0.35744894113117265
79.741654	-0.35744894113117265
79.765654	-0.35744929425957916
79.777768	-0.35744963565260446
79.777768	-0.35744963565260446
79.777768	-0.35744963565260446
79.777768	-0.35744963565260446
79.777768	-0.35744963565260446
79.777768	-0.35744963565260446
79.837753	-0.35745352762848365
79.837753	-0.35745352762848365
79.837753	-0.35745352762848365
79.837753	-0.35745352762848365
79.837753	-0.35745352762848365
79.837753	-0.35745352762848365
79.897769	-0.35746103069739144
79.897769	-0.35746103069739144
79.897769	-0.35746103069739144
79.897781	-0.3574610324474885
79.897781	-0.3574610324474885
79.897781	-0.3574610324474885
79.957769	-0.35746916482235436
79.957769	-0.35746916482235436
79.957769	-0.35746916482235436
79.981667	-0.35747138946612633
79.993739	-0.35747222897686265
79.993739	-0.35747222897686265
80.017762	-0.35747375699869705
80.017762	-0.35747375699869705
80.017762	-0.35747375699869705
80.041687	-0.35747536667122487
80.041687	-0.35747536667122487
80.041687	-0.35747536667122487
80.077781	-0.35747834471313916
80.077781	-0.35747834471313916
80.077781	-0.35747834471313916
80.077781	-0.35747834471313916
80.077781	-0.35747834471313916
80.077781	-0.35747834471313916
80.137767	-0.35748333643836894
80.137767	-0.35748333643836894
80.137767	-0.35748333643836894
80.137767	-0.35748333643836894
80.137767	-0.35748333643836894
80.137767	-0.35748333643836894
80.197764	-0.35748427468988153
80.197764	-0.35748427468988153
80.209667	-0.35748378556539423
80.209667	-0.35748378556539423
80.233733	-0.35748236617940327
80.233733	-0.35748236617940327
80.257774	-0.35748035096961989
80.257774	-0.35748035096961989
80.257774	-0.35748035096961989
80.281667	-0.35747773091348933
80.281667	-0.35747773091348933
80.305687	-0.35747443402956586
80.317854	-0.35747255428199032
80.317854	-0.35747255428199032
80.317854	-0.35747255428199032
80.317854	-0.35747255428199032
80.317854	-0.35747255428199032
80.317854	-0.35747255428199032
80.377776	-0.3574607625674836
80.377776	-0.3574607625674836
80.377776	-0.3574607625674836
80.401666	-0.35745504247439347
80.401666	-0.35745504247439347
80.425667	-0.35744879385025879
80.437779	-0.35744551034903749
80.437779	-0.35744551034903749
80.437779	-0.35744551034903749
80.461666	-0.35743879188469158
80.461666	-0.35743879188469158
80.461666	-0.35743879188469158
80.497759	-0.35742832577189265
80.497759	-0.35742832577189265
80.497759	-0.35742832577189265
80.521666	-0.35742140849923376
80.521666	-0.35742140849923376
80.521666	-0.35742140849923376
80.557763	-0.35741138099894976
80.557763	-0.35741138099894976
80.557763	-0.35741138099894976
80.557763	-0.35741138099894976
80.557763	-0.35741138099894976
80.557763	-0.35741138099894976
80.557763	-0.35741138099894976
80.557763	-0.35741138099894976
80.557763	-0.35741138099894976
80.557763	-0.35741138099894976
80.617842	-0.3573971761203239
80.665666	-0.35738952177285804
80.665666	-0.35738952177285804
80.665666	-0.35738952177285804
80.665666	-0.35738952177285804
80.665666	-0.35738952177285804
80.665666	-0.35738952177285804
80.677762	-0.35738818508736492
80.737761	-0.35738630044976072
80.737761	-0.35738630044976072
80.737761	-0.35738630044976072
80.737761	-0.35738630044976072
80.737761	-0.35738630044976072
80.785667	-0.35739075124717418
80.797764	-0.35739267265589492
80.797764	-0.35739267265589492
80.797764	-0.35739267265589492
80.821667	-0.3573975609365882
80.821667	-0.3573975609365882
80.821667	-0.3573975609365882
80.857767	-0.35740741151582595
80.857767	-0.35740741151582595
80.857767	-0.35740741151582595
80.857767	-0.35740741151582595
80.857767	-0.35740741151582595
80.857767	-0.35740741151582595
80.91776	-0.35742953057284049
80.92968	-0.35743468639347509
80.92968	-0.35743468639347509
80.941681	-0.35743998643687769
80.941681	-0.35743998643687769
80.941681	-0.35743998643687769
80.977863	-0.35745709420637922
80.977863	-0.35745709420637922
80.977863	-0.35745709420637922
80.977863	-0.35745709420637922
81.013751	-0.3574750073515871
81.025681	-0.35748104348144955
81.037797	-0.35748718653462935
81.037797	-0.35748718653462935
81.037797	-0.35748718653462935
81.06168	-0.35749918625065458
81.06168	-0.35749918625065458
81.08568	-0.35751090522933576
81.097776	-0.35751665668645588
81.097776	-0.35751665668645588
81.097776	-0.35751665668645588
81.097776	-0.35751665668645588
81.097776	-0.35751665668645588
81.097776	-0.35751665668645588
81.157787	-0.35754216638853381
81.157787	-0.35754216638853381
81.1697	-0.35754641963544637
81.18168	-0.35755053373906492
81.18168	-0.35755053373906492
81.18168	-0.35755053373906492
81.18168	-0.35755053373906492
81.18168	-0.35755053373906492
81.18168	-0.35755053373906492
81.18168	-0.35755053373906492
81.18168	-0.35755053373906492
81.18168	-0.35755053373906492
81.18168	-0.35755053373906492
81.18168	-0.35755053373906492
81.217775	-0.35756068114839967
81.277821	-0.3575698967894767
81.313766	-0.35757027306325012
81.325681	-0.35756955861005918
81.337776	-0.35756844578656805
81.337776	-0.35756844578656805
81.349681	-0.35756676166743301
81.361681	-0.35756482766740438
81.373814	-0.35756225092354144
81.38568	-0.35755939544668769
81.397781	-0.35755611086431194
81.397781	-0.35755611086431194
81.397781	-0.35755611086431194
81.397781	-0.35755611086431194
81.397781	-0.35755611086431194
81.397781	-0.35755611086431194
81.457778	-0.35753178745370201
81.457778	-0.35753178745370201
81.457778	-0.35753178745370201
81.481688	-0.35751845823864375
81.493747	-0.35751096595804582
81.493747	-0.35751096595804582
81.517776	-0.35749531490165831
81.517776	-0.35749531490165831
81.517776	-0.35749531490165831
81.517776	-0.35749531490165831
81.553752	-0.35747074241364629
81.565681	-0.35746255900495111
81.577797	-0.35745427237479277
81.577797	-0.35745427237479277
81.577797	-0.35745427237479277
81.601701	-0.35743820372383361
81.601701	-0.35743820372383361
81.62568	-0.35742265142033575
81.637854	-0.35741498163590479
81.637854	-0.35741498163590479
81.637854	-0.35741498163590479
81.637854	-0.35741498163590479
81.637854	-0.35741498163590479
81.637854	-0.35741498163590479
81.697775	-0.35738106338164916
81.697775	-0.35738106338164916
81.70974	-0.35737525166078021
81.70974	-0.35737525166078021
81.70974	-0.35737525166078021
81.70974	-0.35737525166078021
81.757777	-0.35735515307763049
81.757777	-0.35735515307763049
81.76976	-0.35735122004172765
81.76976	-0.35735122004172765
81.76976	-0.35735122004172765
81.76976	-0.35735122004172765
81.817776	-0.35733877182733609
81.817776	-0.35733877182733609
81.829681	-0.3573362786281567
81.829681	-0.3573362786281567
81.829681	-0.3573362786281567
81.865717	-0.35732909576250543
81.877783	-0.35732680444296533
81.877783	-0.35732680444296533
81.877783	-0.35732680444296533
81.901751	-0.35732272193806414
81.901751	-0.35732272193806414
81.901751	-0.35732272193806414
81.937825	-0.35731958756840471
81.937825	-0.35731958756840471
81.937825	-0.35731958756840471
81.937825	-0.35731958756840471
81.973758	-0.35732204258805267
81.985693	-0.35732410828450428
81.997807	-0.35732677761418569
81.997807	-0.35732677761418569
81.997807	-0.35732677761418569
81.997807	-0.35732677761418569
81.997807	-0.35732677761418569
81.997807	-0.35732677761418569
82.057791	-0.35734956569115245
82.057791	-0.35734956569115245
82.069696	-0.35735584267231574
82.081693	-0.35736243903859338
82.093798	-0.35736977441519935
82.093798	-0.35736977441519935
82.117788	-0.35738534408179568
82.117788	-0.35738534408179568
82.129712	-0.35739374592890732
82.129712	-0.35739374592890732
82.129712	-0.35739374592890732
82.129712	-0.35739374592890732
82.129712	-0.35739374592890732
82.129712	-0.35739374592890732
82.177791	-0.35743018392700565
82.201696	-0.35744948986563174
82.213756	-0.35745939180575298
82.225692	-0.35746920531361737
82.237787	-0.35747916441935135
82.237787	-0.35747916441935135
82.237787	-0.35747916441935135
82.261721	-0.35749867914879513
82.261721	-0.35749867914879513
82.261721	-0.35749867914879513
82.297905	-0.35752710427154233
82.297905	-0.35752710427154233
82.309692	-0.35753586148188865
82.309692	-0.35753586148188865
82.309692	-0.35753586148188865
82.345693	-0.35756095754435635
82.357796	-0.35756871476791097
82.357796	-0.35756871476791097
82.369693	-0.35757576937031343
82.369693	-0.35757576937031343
82.369693	-0.35757576937031343
82.369693	-0.35757576937031343
82.417796	-0.35760004793432798
82.417796	-0.35760004793432798
82.417796	-0.35760004793432798
82.417796	-0.35760004793432798
82.417796	-0.35760004793432798
82.417796	-0.35760004793432798
82.477798	-0.35761805232501692
82.477798	-0.35761805232501692
82.489712	-0.35761975877092872
82.501693	-0.35762114940774925
82.501693	-0.35762114940774925
82.525693	-0.35762173765920474
82.537787	-0.3576212660526793
82.537787	-0.3576212660526793
82.537787	-0.3576212660526793
82.537787	-0.3576212660526793
82.537787	-0.3576212660526793
82.537787	-0.3576212660526793
82.597867	-0.35760980025869132
82.597867	-0.35760980025869132
82.597867	-0.35760980025869132
82.621713	-0.3576015034386687
82.621713	-0.3576015034386687
82.621713	-0.3576015034386687
82.657809	-0.35758533150137606
82.657809	-0.35758533150137606
82.657809	-0.35758533150137606
82.657809	-0.35758533150137606
82.657809	-0.35758533150137606
82.657809	-0.35758533150137606
82.717786	-0.3575506840062429
82.717786	-0.3575506840062429
82.717786	-0.3575506840062429
82.717786	-0.3575506840062429
82.753781	-0.35752650474859604
82.765693	-0.35751816093928407
82.777791	-0.35750956135994999
82.777791	-0.35750956135994999
82.777791	-0.35750956135994999
82.80176	-0.35749225383451821
82.80176	-0.35749225383451821
82.80176	-0.35749225383451821
82.837791	-0.35746611441383724
82.837791	-0.35746611441383724
82.837791	-0.35746611441383724
82.837791	-0.35746611441383724
82.837791	-0.35746611441383724
82.885713	-0.35743252886905214
82.897788	-0.35742443590295769
82.897788	-0.35742443590295769
82.897788	-0.35742443590295769
82.897788	-0.35742443590295769
82.897788	-0.35742443590295769
82.945705	-0.35739493040554715
82.95787	-0.35738811733670411
82.95787	-0.35738811733670411
82.95787	-0.35738811733670411
82.981705	-0.3573758722450267
82.981705	-0.3573758722450267
83.005705	-0.35736508656797278
83.017817	-0.35736014450778475
83.017817	-0.35736014450778475
83.017817	-0.35736014450778475
83.017817	-0.35736014450778475
83.053779	-0.35734820801956135
83.065705	-0.35734506846056685
83.077821	-0.35734225979505374
83.077821	-0.35734225979505374
83.077821	-0.35734225979505374
83.077821	-0.35734225979505374
83.077821	-0.35734225979505374
83.125708	-0.35733584808475932
83.137799	-0.35733524339077161
83.137799	-0.35733524339077161
83.137799	-0.35733524339077161
83.137799	-0.35733524339077161
83.137799	-0.35733524339077161
83.137799	-0.35733524339077161
83.1978	-0.35733875550191352
83.1978	-0.35733875550191352
83.1978	-0.35733875550191352
83.1978	-0.35733875550191352
83.233771	-0.35734546600021483
83.233771	-0.35734546600021483
83.25786	-0.35735153655119756
83.25786	-0.35735153655119756
83.25786	-0.35735153655119756
83.25786	-0.35735153655119756
83.25786	-0.35735153655119756
83.305704	-0.3573670527675375
83.317817	-0.35737153030112884
83.317817	-0.35737153030112884
83.317817	-0.35737153030112884
83.317817	-0.35737153030112884
83.317817	-0.35737153030112884
83.317817	-0.35737153030112884
83.377799	-0.35739628032727461
83.377799	-0.35739628032727461
83.389708	-0.35740153780494183
83.401705	-0.35740686854801679
83.413787	-0.35741229889608167
83.413787	-0.35741229889608167
83.437803	-0.35742311273846833
83.437803	-0.35742311273846833
83.437803	-0.35742311273846833
83.437803	-0.35742311273846833
83.473775	-0.35743908685779713
83.473775	-0.35743908685779713
83.497803	-0.35744941090366922
83.497803	-0.35744941090366922
83.497803	-0.35744941090366922
83.521708	-0.35745921588874285
83.521708	-0.35745921588874285
83.545716	-0.35746844663211347
83.557801	-0.35747287786009413
83.557801	-0.35747287786009413
83.557801	-0.35747287786009413
83.557801	-0.35747287786009413
83.557801	-0.35747287786009413
83.557801	-0.35747287786009413
83.617869	-0.35749172271535201
83.617869	-0.35749172271535201
83.617869	-0.35749172271535201
83.617869	-0.35749172271535201
83.617869	-0.35749172271535201
83.665705	-0.357502529633137
83.677823	-0.35750467887394149
83.677823	-0.35750467887394149
83.677823	-0.35750467887394149
83.677823	-0.35750467887394149
83.677823	-0.35750467887394149
83.725704	-0.35751039090695996
83.7378	-0.35751122798132973
83.7378	-0.35751122798132973
83.7378	-0.35751122798132973
83.7378	-0.35751122798132973
83.773787	-0.35751204558342925
83.773787	-0.35751204558342925
83.797798	-0.35751143567573251
83.797798	-0.35751143567573251
83.809782	-0.35751071783884003
83.809782	-0.35751071783884003
83.809782	-0.35751071783884003
83.845705	-0.35750743017475822
83.857801	-0.35750593762470723
83.857801	-0.35750593762470723
83.857801	-0.35750593762470723
83.857801	-0.35750593762470723
83.857801	-0.35750593762470723
83.857801	-0.35750593762470723
83.917844	-0.35749582478782665
83.917844	-0.35749582478782665
83.917844	-0.35749582478782665
83.917857	-0.35749582229053389
83.917857	-0.35749582229053389
83.965718	-0.35748538935068014
83.977813	-0.35748253870221997
83.977813	-0.35748253870221997
83.977813	-0.35748253870221997
83.977813	-0.35748253870221997
83.977813	-0.35748253870221997
83.977813	-0.35748253870221997
84.037831	-0.35746764416499421
84.037831	-0.35746764416499421
84.049799	-0.35746462873885587
84.049799	-0.35746462873885587
84.049799	-0.35746462873885587
84.085717	-0.3574557006976804
84.097812	-0.35745276703148465
84.097812	-0.35745276703148465
84.097812	-0.35745276703148465
84.121718	-0.35744717629037615
84.133779	-0.35744449020204977
84.133779	-0.35744449020204977
84.15784	-0.35743937181410629
84.15784	-0.35743937181410629
84.15784	-0.35743937181410629
84.15784	-0.35743937181410629
84.15784	-0.35743937181410629
84.205718	-0.35743062385859209
84.217814	-0.35742872381663415
84.217814	-0.35742872381663415
84.229718	-0.35742705384378887
84.229718	-0.35742705384378887
84.253792	-0.35742406764497264
84.253792	-0.35742406764497264
84.277901	-0.35742170745891755
84.277901	-0.35742170745891755
84.277901	-0.35742170745891755
84.301738	-0.35742006269100601
84.301738	-0.35742006269100601
84.301738	-0.35742006269100601
84.33783	-0.3574188699937666
84.33783	-0.3574188699937666
84.349729	-0.35741885320425903
84.361718	-0.35741892887346144
84.361718	-0.35741892887346144
84.385718	-0.35741969506835036
84.39781	-0.35742029233071188
84.39781	-0.35742029233071188
84.39781	-0.35742029233071188
84.39781	-0.35742029233071188
84.39781	-0.35742029233071188
84.39781	-0.35742029233071188
84.457843	-0.3574256875912567
84.457843	-0.3574256875912567
84.457843	-0.3574256875912567
84.457843	-0.3574256875912567
84.457843	-0.3574256875912567
84.457843	-0.3574256875912567
84.517814	-0.35743438631121216
84.517814	-0.35743438631121216
84.529717	-0.35743644478008407
84.541788	-0.35743858046571803
84.553786	-0.35744081438767894
84.553786	-0.35744081438767894
84.577818	-0.35744544374260689
84.577818	-0.35744544374260689
84.577818	-0.35744544374260689
84.577818	-0.35744544374260689
84.577818	-0.35744544374260689
84.625717	-0.35745518649067071
84.637812	-0.35745769130961225
84.637812	-0.35745769130961225
84.649718	-0.35746015044325419
84.661718	-0.35746262226071324
84.673851	-0.35746508972706187
84.685725	-0.35746747358806319
84.697834	-0.35746987074693687
84.697834	-0.35746987074693687
84.697834	-0.35746987074693687
84.697834	-0.35746987074693687
84.697834	-0.35746987074693687
84.697834	-0.35746987074693687
84.757816	-0.3574807108823706
84.757816	-0.3574807108823706
84.757816	-0.3574807108823706
84.757816	-0.3574807108823706
84.757816	-0.3574807108823706
84.757816	-0.3574807108823706
84.817813	-0.35748908480283742
84.817813	-0.35748908480283742
84.829749	-0.35749034087906284
84.829749	-0.35749034087906284
84.853814	-0.35749250714849745
84.853814	-0.35749250714849745
84.877865	-0.35749407830581176
84.877865	-0.35749407830581176
84.889718	-0.35749456896247667
84.889718	-0.35749456896247667
84.91379	-0.35749514961147411
84.925717	-0.35749518512122969
84.93789	-0.35749507224630517
84.93789	-0.35749507224630517
84.937903	-0.35749507212576187
84.937903	-0.35749507212576187
84.937903	-0.35749507212576187
84.937903	-0.35749507212576187
84.997826	-0.35749183518872912
84.997826	-0.35749183518872912
84.997826	-0.35749183518872912
84.997826	-0.35749183518872912
84.997826	-0.35749183518872912
85.045731	-0.35748627921153009
85.057828	-0.35748451815853666
85.057828	-0.35748451815853666
85.057828	-0.35748451815853666
85.08173	-0.35748058067219551
85.08173	-0.35748058067219551
85.08173	-0.35748058067219551
85.117824	-0.35747367048523049
85.117824	-0.35747367048523049
85.117824	-0.35747367048523049
85.117824	-0.35747367048523049
85.117824	-0.35747367048523049
85.117824	-0.35747367048523049
85.177826	-0.35746018910595262
85.177826	-0.35746018910595262
85.189731	-0.35745728987901787
85.201802	-0.35745432278316691
85.201802	-0.35745432278316691
85.201802	-0.35745432278316691
85.237906	-0.35744522513993882
85.237906	-0.35744522513993882
85.237906	-0.35744522513993882
85.237906	-0.35744522513993882
85.237906	-0.35744522513993882
85.237906	-0.35744522513993882
85.297824	-0.35743017493295942
85.297824	-0.35743017493295942
85.297824	-0.35743017493295942
85.297824	-0.35743017493295942
85.333869	-0.35742165031011081
85.333869	-0.35742165031011081
85.357832	-0.35741635496160179
85.357832	-0.35741635496160179
85.357832	-0.35741635496160179
85.381731	-0.35741149174227682
85.381731	-0.35741149174227682
85.405749	-0.35740711370866779
85.405749	-0.35740711370866779
85.405749	-0.35740711370866779
85.405749	-0.35740711370866779
85.405749	-0.35740711370866779
85.405749	-0.35740711370866779
85.417826	-0.35740508351989125
85.477829	-0.35739743154054232
85.477829	-0.35739743154054232
85.477829	-0.35739743154054232
85.477829	-0.35739743154054232
85.513822	-0.35739506824002321
85.513822	-0.35739506824002321
85.537824	-0.35739473457903559
85.537824	-0.35739473457903559
85.537824	-0.35739473457903559
85.537824	-0.35739473457903559
85.573795	-0.35739665475668925
85.573795	-0.35739665475668925
85.597894	-0.35739935532287748
85.597894	-0.35739935532287748
85.597894	-0.35739935532287748
85.597894	-0.35739935532287748
85.6338	-0.3574050457420338
85.645753	-0.35740718407101812
85.657853	-0.35740943125654573
85.657853	-0.35740943125654573
85.657853	-0.35740943125654573
85.657853	-0.35740943125654573
85.657853	-0.35740943125654573
85.657853	-0.35740943125654573
85.717832	-0.35742143364186496
85.717832	-0.35742143364186496
85.717832	-0.35742143364186496
85.717832	-0.35742143364186496
85.717832	-0.35742143364186496
85.717832	-0.35742143364186496
85.777866	-0.35743399393886982
85.777866	-0.35743399393886982
85.777866	-0.35743399393886982
85.801731	-0.35743894266844606
85.801731	-0.35743894266844606
85.801731	-0.35743894266844606
85.837826	-0.35744657942904051
85.837826	-0.35744657942904051
85.837826	-0.35744657942904051
85.837826	-0.35744657942904051
85.837826	-0.35744657942904051
85.837826	-0.35744657942904051
85.897834	-0.3574599997814476
85.897834	-0.3574599997814476
85.90975	-0.35746268255508423
85.921731	-0.35746535707920152
85.933794	-0.35746793969790136
85.945734	-0.35747038574999851
85.957835	-0.35747274386917577
85.957847	-0.3574727462076131
85.957847	-0.3574727462076131
85.957847	-0.3574727462076131
85.99389	-0.35747858174199132
86.005742	-0.35748027258120574
86.017837	-0.35748196716051839
86.017837	-0.35748196716051839
86.017837	-0.35748196716051839
86.017837	-0.35748196716051839
86.017837	-0.35748196716051839
86.017837	-0.35748196716051839
86.07784	-0.35749225774205007
86.07784	-0.35749225774205007
86.07784	-0.35749225774205007
86.101742	-0.3574971329453927
86.101742	-0.3574971329453927
86.125813	-0.35750156465821215
86.125813	-0.35750156465821215
86.137839	-0.35750340891049676
86.149941	-0.35750468568310539
86.149941	-0.35750468568310539
86.149941	-0.35750468568310539
86.149941	-0.35750468568310539
86.197837	-0.35750557751400369
86.197837	-0.35750557751400369
86.197837	-0.35750557751400369
86.221743	-0.35750318676213844
86.221743	-0.35750318676213844
86.221743	-0.35750318676213844
86.257915	-0.35749627349705337
86.257915	-0.35749627349705337
86.257915	-0.35749627349705337
86.257915	-0.35749627349705337
86.257915	-0.35749627349705337
86.305778	-0.35748184665349925
86.317866	-0.35747746258249152
86.317866	-0.35747746258249152
86.317866	-0.35747746258249152
86.317866	-0.35747746258249152
86.317866	-0.35747746258249152
86.365742	-0.35745758107056935
86.377838	-0.35745213759543165
86.377838	-0.35745213759543165
86.377838	-0.35745213759543165
86.377838	-0.35745213759543165
86.377838	-0.35745213759543165
86.377838	-0.35745213759543165
86.437855	-0.35742392055942435
86.437855	-0.35742392055942435
86.437855	-0.35742392055942435
86.461749	-0.35741273884767927
86.473809	-0.35740724447947381
86.485746	-0.35740191677158439
86.497841	-0.35739663931340626
86.497841	-0.35739663931340626
86.497841	-0.35739663931340626
86.497841	-0.35739663931340626
86.533809	-0.35738223144595732
86.533809	-0.35738223144595732
86.557922	-0.35737371995689526
86.557922	-0.35737371995689526
86.557922	-0.35737371995689526
86.557922	-0.35737371995689526
86.557922	-0.35737371995689526
86.557922	-0.35737371995689526
86.61784	-0.35735863436514542
86.61784	-0.35735863436514542
86.61784	-0.35735863436514542
86.641763	-0.35735670187659607
86.653886	-0.35735705929066125
86.653886	-0.35735705929066125
86.677862	-0.35735971461903482
86.677862	-0.35735971461903482
86.689765	-0.35736235329155464
86.689765	-0.35736235329155464
86.713814	-0.35736912881667748
86.725743	-0.35737309408765122
86.737857	-0.35737737729965241
86.737857	-0.35737737729965241
86.737857	-0.35737737729965241
86.737857	-0.35737737729965241
86.737857	-0.35737737729965241
86.785815	-0.35739543619634456
86.797858	-0.35740004192209768
86.797858	-0.35740004192209768
86.809742	-0.35740456080714117
86.809742	-0.35740456080714117
86.833805	-0.35741361050525916
86.845743	-0.3574180097278814
86.857842	-0.35742240511164763
86.857842	-0.35742240511164763
86.857842	-0.35742240511164763
86.857842	-0.35742240511164763
86.857842	-0.35742240511164763
86.857842	-0.35742240511164763
86.917904	-0.35744245382445328
86.917904	-0.35744245382445328
86.917904	-0.35744245382445328
86.917904	-0.35744245382445328
86.917904	-0.35744245382445328
86.965759	-0.35745567878118051
86.977876	-0.35745861018947073
86.977876	-0.35745861018947073
86.977876	-0.35745861018947073
86.977876	-0.35745861018947073
87.01382	-0.35746604991363001
87.01382	-0.35746604991363001
87.037907	-0.35747012867285094
87.037907	-0.35747012867285094
87.037907	-0.35747012867285094
87.061756	-0.35747338918081534
87.061756	-0.35747338918081534
87.061756	-0.35747338918081534
87.097851	-0.35747695148648623
87.097851	-0.35747695148648623
87.097851	-0.35747695148648623
87.097851	-0.35747695148648623
87.097851	-0.35747695148648623
87.097851	-0.35747695148648623
87.157851	-0.35747965937142817
87.157851	-0.35747965937142817
87.169778	-0.3574797685275215
87.169778	-0.3574797685275215
87.169778	-0.3574797685275215
87.169778	-0.3574797685275215
87.217862	-0.35747930724105242
87.217862	-0.35747930724105242
87.217862	-0.35747930724105242
87.241755	-0.3574786209492849
87.241755	-0.3574786209492849
87.241755	-0.3574786209492849
87.241755	-0.3574786209492849
87.241755	-0.3574786209492849
87.277893	-0.35747727924476846
87.301776	-0.35747633422562808
87.301776	-0.35747633422562808
87.325755	-0.3574754468723873
87.33785	-0.35747503790052065
87.33785	-0.35747503790052065
87.33785	-0.35747503790052065
87.33785	-0.35747503790052065
87.373821	-0.35747415752027001
87.385756	-0.35747399089368043
87.397852	-0.35747388552264059
87.397852	-0.35747388552264059
87.397852	-0.35747388552264059
87.397852	-0.35747388552264059
87.397852	-0.35747388552264059
87.397852	-0.35747388552264059
87.4579	-0.35747474873369617
87.4579	-0.35747474873369617
87.4579	-0.35747474873369617
87.4579	-0.35747474873369617
87.4579	-0.35747474873369617
87.4579	-0.35747474873369617
87.51785	-0.3574781111810415
87.51785	-0.3574781111810415
87.529755	-0.35747910562730173
87.529755	-0.35747910562730173
87.529755	-0.35747910562730173
87.529755	-0.35747910562730173
87.57796	-0.35748398119280528
87.57796	-0.35748398119280528
87.57796	-0.35748398119280528
87.57796	-0.35748398119280528
87.57796	-0.35748398119280528
87.625756	-0.35749011407096393
87.637854	-0.35749180747192
87.637854	-0.35749180747192
87.637854	-0.35749180747192
87.637854	-0.35749180747192
87.637854	-0.35749180747192
87.685755	-0.35749888330644558
87.697849	-0.35750071038716141
87.697849	-0.35750071038716141
87.697849	-0.35750071038716141
87.697849	-0.35750071038716141
87.697849	-0.35750071038716141
87.697849	-0.35750071038716141
87.757868	-0.35750953135687352
87.757868	-0.35750953135687352
87.757868	-0.35750953135687352
87.757868	-0.35750953135687352
87.793829	-0.35751426041275292
87.805781	-0.35751568989187998
87.817852	-0.35751706164445174
87.817852	-0.35751706164445174
87.817852	-0.35751706164445174
87.817852	-0.35751706164445174
87.853833	-0.35752048965935379
87.865755	-0.35752141078779309
87.877954	-0.3575222493331412
87.877954	-0.3575222493331412
87.877954	-0.3575222493331412
87.877954	-0.3575222493331412
87.877954	-0.3575222493331412
87.877954	-0.3575222493331412
87.93785	-0.35752429091619464
87.93785	-0.35752429091619464
87.93785	-0.35752429091619464
87.937863	-0.35752429108532852
87.937863	-0.35752429108532852
87.937863	-0.35752429108532852
87.997866	-0.35752281278310477
87.997866	-0.35752281278310477
88.009791	-0.35752206494277927
88.009791	-0.35752206494277927
88.009791	-0.35752206494277927
88.045768	-0.35751909170698015
88.057869	-0.35751784329470565
88.057869	-0.35751784329470565
88.057869	-0.35751784329470565
88.057869	-0.35751784329470565
88.057869	-0.35751784329470565
88.057869	-0.35751784329470565
88.117867	-0.3575098226769074
88.117867	-0.3575098226769074
88.129768	-0.35750791320544578
88.129768	-0.35750791320544578
88.129768	-0.35750791320544578
88.165769	-0.3575017221759042
88.17788	-0.35749950973528616
88.17788	-0.35749950973528616
88.189768	-0.35749726810518512
88.189768	-0.35749726810518512
88.189768	-0.35749726810518512
88.189768	-0.35749726810518512
88.237974	-0.35748786028346347
88.237974	-0.35748786028346347
88.237974	-0.35748786028346347
88.261768	-0.35748311403741245
88.261768	-0.35748311403741245
88.285769	-0.35747835015617435
88.297863	-0.357475971528468
88.297863	-0.357475971528468
88.297863	-0.357475971528468
88.297863	-0.357475971528468
88.297863	-0.357475971528468
88.345768	-0.35746692387669798
88.35787	-0.35746474795289807
88.35787	-0.35746474795289807
88.35787	-0.35746474795289807
88.35787	-0.35746474795289807
88.393839	-0.35745869800935459
88.393839	-0.35745869800935459
88.417879	-0.35745499560753974
88.417879	-0.35745499560753974
88.429769	-0.35745330648009604
88.429769	-0.35745330648009604
88.429769	-0.35745330648009604
88.429769	-0.35745330648009604
88.47788	-0.35744723533854589
88.47788	-0.35744723533854589
88.47788	-0.35744723533854589
88.47788	-0.35744723533854589
88.47788	-0.35744723533854589
88.47788	-0.35744723533854589
88.537922	-0.35744168086364864
88.537922	-0.35744168086364864
88.537922	-0.35744168086364864
88.537922	-0.35744168086364864
88.537922	-0.35744168086364864
88.537922	-0.35744168086364864
88.597863	-0.35743826844485843
88.597863	-0.35743826844485843
88.597863	-0.35743826844485843
88.621768	-0.35743743597630789
88.621768	-0.35743743597630789
88.621768	-0.35743743597630789
88.657866	-0.35743666965565979
88.657866	-0.35743666965565979
88.669878	-0.35743653795212277
88.681769	-0.35743643436304062
88.693832	-0.35743639448793441
88.693832	-0.35743639448793441
88.717863	-0.3574364100399256
88.717863	-0.3574364100399256
88.717863	-0.3574364100399256
88.717863	-0.3574364100399256
88.753836	-0.357436672744608
88.765865	-0.35743680142359047
88.777889	-0.35743694425630335
88.777889	-0.35743694425630335
88.777889	-0.35743694425630335
88.777889	-0.35743694425630335
88.777889	-0.35743694425630335
88.825769	-0.3574375896269244
88.837866	-0.35743775422628093
88.837866	-0.35743775422628093
88.837866	-0.35743775422628093
88.837866	-0.35743775422628093
88.837866	-0.35743775422628093
88.885776	-0.35743831863877384
88.898006	-0.35743843412565562
88.898006	-0.35743843412565562
88.898006	-0.35743843412565562
88.898006	-0.35743843412565562
88.898006	-0.35743843412565562
88.898006	-0.35743843412565562
88.957864	-0.35743873779916768
88.957877	-0.35743873783018304
88.957877	-0.35743873783018304
88.957877	-0.35743873783018304
88.993876	-0.3574387099136262
88.993876	-0.3574387099136262
89.017877	-0.35743861853265818
89.017877	-0.35743861853265818
89.017877	-0.35743861853265818
89.017877	-0.35743861853265818
89.053858	-0.35743839126697902
89.065785	-0.3574383024108379
89.0779	-0.35743820815257804
89.0779	-0.35743820815257804
89.0779	-0.35743820815257804
89.0779	-0.35743820815257804
89.113859	-0.35743793575093286
89.113859	-0.35743793575093286
89.113859	-0.35743793575093286
89.113859	-0.35743793575093286
89.113859	-0.35743793575093286
89.113859	-0.35743793575093286
89.113859	-0.35743793575093286
89.137899	-0.35743778621249794
89.197901	-0.35743771640953892
89.197901	-0.35743771640953892
89.209864	-0.35743778531206077
89.209864	-0.35743778531206077
89.209864	-0.35743778531206077
89.245808	-0.35743817303553327
89.25789	-0.35743837404696466
89.25789	-0.35743837404696466
89.269782	-0.35743862952445948
89.269782	-0.35743862952445948
89.269782	-0.35743862952445948
89.305781	-0.35743964233854525
89.317912	-0.35744007338818939
89.317912	-0.35744007338818939
89.317912	-0.35744007338818939
89.317912	-0.35744007338818939
89.317912	-0.35744007338818939
89.317912	-0.35744007338818939
89.377915	-0.35744300038125637
89.377915	-0.35744300038125637
89.377915	-0.35744300038125637
89.377915	-0.35744300038125637
89.377915	-0.35744300038125637
89.377915	-0.35744300038125637
89.437878	-0.35744717306885865
89.437878	-0.35744717306885865
89.437878	-0.35744717306885865
89.437878	-0.35744717306885865
89.437878	-0.35744717306885865
89.437878	-0.35744717306885865
89.497877	-0.35745243371079305
89.497877	-0.35745243371079305
89.509801	-0.35745358739371685
89.521781	-0.35745476121089004
89.521781	-0.35745476121089004
89.521781	-0.35745476121089004
89.557948	-0.35745844992580578
89.557948	-0.35745844992580578
89.557948	-0.35745844992580578
89.557948	-0.35745844992580578
89.557948	-0.35745844992580578
89.605782	-0.3574634590829362
89.61788	-0.3574647221104239
89.61788	-0.3574647221104239
89.61788	-0.3574647221104239
89.641802	-0.35746717658341398
89.641802	-0.35746717658341398
89.641802	-0.35746717658341398
89.677894	-0.35747070979924539
89.677894	-0.35747070979924539
89.677894	-0.35747070979924539
89.701781	-0.35747288224097173
89.701781	-0.35747288224097173
89.701781	-0.35747288224097173
89.701781	-0.35747288224097173
89.701781	-0.35747288224097173
89.737874	-0.35747582466124384
89.761782	-0.35747750319314897
89.761782	-0.35747750319314897
89.785782	-0.35747892422296773
89.797875	-0.35747955384637747
89.797875	-0.35747955384637747
89.797875	-0.35747955384637747
89.797875	-0.35747955384637747
89.797875	-0.35747955384637747
89.797875	-0.35747955384637747
89.857957	-0.35748150140520019
89.857957	-0.35748150140520019
89.857957	-0.35748150140520019
89.881789	-0.35748172359959207
89.893846	-0.35748169715242101
89.905802	-0.35748160460066675
89.917877	-0.35748144007747445
89.917877	-0.35748144007747445
89.917877	-0.35748144007747445
89.917877	-0.35748144007747445
89.917877	-0.35748144007747445
89.917877	-0.35748144007747445
89.977998	-0.35747935007053461
89.97801	-0.3574793495095186
89.97801	-0.3574793495095186
90.001793	-0.35747799744910835
90.001793	-0.35747799744910835
90.025793	-0.35747634716753718
90.037942	-0.3574754295668115
90.037942	-0.3574754295668115
90.037942	-0.3574754295668115
90.037942	-0.3574754295668115
90.037942	-0.3574754295668115
90.037942	-0.3574754295668115
90.09789	-0.35747004804921834
90.09789	-0.35747004804921834
90.10997	-0.35746882391736795
90.10997	-0.35746882391736795
90.10997	-0.35746882391736795
90.145798	-0.35746503869865598
90.15789	-0.35746371759941165
90.15789	-0.35746371759941165
90.15789	-0.35746371759941165
90.181794	-0.35746106614816248
90.193865	-0.35745971853062392
90.193865	-0.35745971853062392
90.217962	-0.35745703824857955
90.217962	-0.35745703824857955
90.229796	-0.35745574022721222
90.229796	-0.35745574022721222
90.229796	-0.35745574022721222
90.229796	-0.35745574022721222
90.277918	-0.35745065143799876
90.277918	-0.35745065143799876
90.289794	-0.35744947906746133
90.289794	-0.35744947906746133
90.289794	-0.35744947906746133
90.289794	-0.35744947906746133
90.337888	-0.35744511048508848
90.337888	-0.35744511048508848
90.337888	-0.35744511048508848
90.337888	-0.35744511048508848
90.337888	-0.35744511048508848
90.385798	-0.35744161275173814
90.397888	-0.35744087013237791
90.397888	-0.35744087013237791
90.397888	-0.35744087013237791
90.421794	-0.35743961489281417
90.421794	-0.35743961489281417
90.445795	-0.35743863596358771
90.457892	-0.35743822991174573
90.457892	-0.35743822991174573
90.457892	-0.35743822991174573
90.457892	-0.35743822991174573
90.457892	-0.35743822991174573
90.457892	-0.35743822991174573
90.457892	-0.35743822991174573
90.457892	-0.35743822991174573
90.517899	-0.35743728461811636
90.541794	-0.35743734787513465
90.541794	-0.35743734787513465
90.541794	-0.35743734787513465
90.577905	-0.35743787770519181
90.577905	-0.35743787770519181
90.577905	-0.35743787770519181
90.577905	-0.35743787770519181
90.577905	-0.35743787770519181
90.625794	-0.35743927553147931
90.637887	-0.35743972442717337
90.637887	-0.35743972442717337
90.637887	-0.35743972442717337
90.637887	-0.35743972442717337
90.673861	-0.35744126234075108
90.685814	-0.3574418174396668
90.697908	-0.35744239479274326
90.697908	-0.35744239479274326
90.697908	-0.35744239479274326
90.721793	-0.35744356710069491
90.721793	-0.35744356710069491
90.721793	-0.35744356710069491
90.757895	-0.35744534329026167
90.757895	-0.35744534329026167
90.757895	-0.35744534329026167
90.757895	-0.35744534329026167
90.793865	-0.35744700260597656
90.805793	-0.35744750914071088
90.817926	-0.35744800064877791
90.817926	-0.35744800064877791
90.817926	-0.35744800064877791
90.817926	-0.35744800064877791
90.817926	-0.35744800064877791
90.817926	-0.35744800064877791
90.877988	-0.35744983776728911
90.877988	-0.35744983776728911
90.877988	-0.35744983776728911
90.877988	-0.35744983776728911
90.877988	-0.35744983776728911
90.925795	-0.35745043187433551
90.937888	-0.35745045375812684
90.937888	-0.35745045375812684
90.937888	-0.35745045375812684
90.937888	-0.35745045375812684
90.937888	-0.35745045375812684
90.985839	-0.35744990952364053
90.997919	-0.35744963682526387
90.997919	-0.35744963682526387
90.997919	-0.35744963682526387
90.997919	-0.35744963682526387
91.033872	-0.35744846180156159
91.033872	-0.35744846180156159
91.057904	-0.35744743261088074
91.057904	-0.35744743261088074
91.069807	-0.35744683902424951
91.069807	-0.35744683902424951
91.069807	-0.35744683902424951
91.069807	-0.35744683902424951
91.117901	-0.35744408071839673
91.117901	-0.35744408071839673
91.117901	-0.35744408071839673
91.141878	-0.35744250791952797
91.141878	-0.35744250791952797
91.141878	-0.35744250791952797
91.177925	-0.35743999451669833
91.177925	-0.35743999451669833
91.177925	-0.35743999451669833
91.201807	-0.35743828891066348
91.201807	-0.35743828891066348
91.225808	-0.35743659102775993
91.237905	-0.35743574999483846
91.237905	-0.35743574999483846
91.237905	-0.35743574999483846
91.237905	-0.35743574999483846
91.273941	-0.35743339719523493
91.273941	-0.35743339719523493
91.273941	-0.35743339719523493
91.273941	-0.35743339719523493
91.297909	-0.35743198925589975
91.321808	-0.35743076868230123
91.321808	-0.35743076868230123
91.321808	-0.35743076868230123
91.357905	-0.35742934152080674
91.357905	-0.35742934152080674
91.369807	-0.35742901136547772
91.369807	-0.35742901136547772
91.369807	-0.35742901136547772
91.369807	-0.35742901136547772
91.417906	-0.35742832051135809
91.417906	-0.35742832051135809
91.417906	-0.35742832051135809
91.417906	-0.35742832051135809
91.417906	-0.35742832051135809
91.417906	-0.35742832051135809
91.47794	-0.35742925224812994
91.47794	-0.35742925224812994
91.47794	-0.35742925224812994
91.47794	-0.35742925224812994
91.513881	-0.35743080446266601
91.513881	-0.35743080446266601
91.537987	-0.35743222373146205
91.537987	-0.35743222373146205
91.549808	-0.35743305444092527
91.549808	-0.35743305444092527
91.549808	-0.35743305444092527
91.549808	-0.35743305444092527
91.597902	-0.35743704937857179
91.597902	-0.35743704937857179
91.597902	-0.35743704937857179
91.597902	-0.35743704937857179
91.633871	-0.35744068229140813
91.633871	-0.35744068229140813
91.657915	-0.35744332917113891
91.657915	-0.35744332917113891
91.657915	-0.35744332917113891
91.657915	-0.35744332917113891
91.693878	-0.35744754119191119
91.693878	-0.35744754119191119
91.717911	-0.35745044361956063
91.717911	-0.35745044361956063
91.717911	-0.35745044361956063
91.717911	-0.35745044361956063
91.717911	-0.35745044361956063
91.765808	-0.35745623156555473
91.777922	-0.35745766425834918
91.777922	-0.35745766425834918
91.777922	-0.35745766425834918
91.777922	-0.35745766425834918
91.777922	-0.35745766425834918
91.825807	-0.35746297786922193
91.837982	-0.3574642272497513
91.837982	-0.3574642272497513
91.837982	-0.3574642272497513
91.837982	-0.3574642272497513
91.837982	-0.3574642272497513
91.885807	-0.35746848680557031
91.897923	-0.35746940494178314
91.897923	-0.35746940494178314
91.897923	-0.35746940494178314
91.897923	-0.35746940494178314
91.897923	-0.35746940494178314
91.897923	-0.35746940494178314
91.957927	-0.35747264537303081
91.957927	-0.35747264537303081
91.957927	-0.35747264537303081
91.981821	-0.3574733069101258
91.993892	-0.35747347884992609
91.993892	-0.35747347884992609
92.017916	-0.35747357854603412
92.017916	-0.35747357854603412
92.017916	-0.35747357854603412
92.017916	-0.35747357854603412
92.053896	-0.35747295711251637
92.053896	-0.35747295711251637
92.077937	-0.35747208871924196
92.077937	-0.35747208871924196
92.077937	-0.35747208871924196
92.077937	-0.35747208871924196
92.077937	-0.35747208871924196
92.12582	-0.35746923942215902
92.137936	-0.35746832368871567
92.137936	-0.35746832368871567
92.137936	-0.35746832368871567
92.137936	-0.35746832368871567
92.137936	-0.35746832368871567
92.137936	-0.35746832368871567
92.197984	-0.35746267142609811
92.197984	-0.35746267142609811
92.197984	-0.35746267142609811
92.197984	-0.35746267142609811
92.197984	-0.35746267142609811
92.245822	-0.35745720621053406
92.257932	-0.35745573966258476
92.257932	-0.35745573966258476
92.257932	-0.35745573966258476
92.281821	-0.35745277792200636
92.281821	-0.35745277792200636
92.305821	-0.35744976052751914
92.317949	-0.35744823463799019
92.317949	-0.35744823463799019
92.317949	-0.35744823463799019
92.317949	-0.35744823463799019
92.317949	-0.35744823463799019
92.365824	-0.35744236753049591
92.377948	-0.35744094194422565
92.377948	-0.35744094194422565
92.389832	-0.35743959839024231
92.389832	-0.35743959839024231
92.389832	-0.35743959839024231
92.389832	-0.35743959839024231
92.437916	-0.35743460432661373
92.437916	-0.35743460432661373
92.437916	-0.35743460432661373
92.437916	-0.35743460432661373
92.473888	-0.35743153929689897
92.48582	-0.35743066405340546
92.497919	-0.35742984318415777
92.497919	-0.35742984318415777
92.497919	-0.35742984318415777
92.497919	-0.35742984318415777
92.497919	-0.35742984318415777
92.497919	-0.35742984318415777
92.557927	-0.3574271118062764
92.557927	-0.3574271118062764
92.557927	-0.3574271118062764
92.557927	-0.3574271118062764
92.593966	-0.35742656644344578
92.593966	-0.35742656644344578
92.61795	-0.35742663690889082
92.61795	-0.35742663690889082
92.61795	-0.35742663690889082
92.64184	-0.35742707963036824
92.64184	-0.35742707963036824
92.665824	-0.35742788782971824
92.677934	-0.35742840322114533
92.677934	-0.35742840322114533
92.677934	-0.35742840322114533
92.677934	-0.35742840322114533
92.677934	-0.35742840322114533
92.677934	-0.35742840322114533
92.737917	-0.35743215996845668
92.737917	-0.35743215996845668
92.749874	-0.35743312241516645
92.749874	-0.35743312241516645
92.773906	-0.35743519606647567
92.785821	-0.35743629833287038
92.797918	-0.35743745649152669
92.797918	-0.35743745649152669
92.797918	-0.35743745649152669
92.82182	-0.35743986332416411
92.833885	-0.35744112653991944
92.833885	-0.35744112653991944
92.857994	-0.35744369690789662
92.857994	-0.35744369690789662
92.857994	-0.35744369690789662
92.857994	-0.35744369690789662
92.857994	-0.35744369690789662
92.857994	-0.35744369690789662
92.91792	-0.35745017109172006
92.91792	-0.35745017109172006
92.91792	-0.35745017109172006
92.91792	-0.35745017109172006
92.91792	-0.35745017109172006
92.91792	-0.35745017109172006
92.977935	-0.35745621030359603
92.977948	-0.35745621154629847
92.977948	-0.35745621154629847
92.977948	-0.35745621154629847
92.977948	-0.35745621154629847
93.025837	-0.35746027649959272
93.037946	-0.35746117539420103
93.037946	-0.35746117539420103
93.037946	-0.35746117539420103
93.061834	-0.35746273681891921
93.061834	-0.35746273681891921
93.085834	-0.35746401510025144
93.097927	-0.35746456600994225
93.097927	-0.35746456600994225
93.097927	-0.35746456600994225
93.097927	-0.35746456600994225
93.097927	-0.35746456600994225
93.145834	-0.35746591315951598
93.158014	-0.357466069433516
93.158014	-0.357466069433516
93.158014	-0.357466069433516
93.18187	-0.35746611003569478
93.18187	-0.35746611003569478
93.205833	-0.35746581976545055
93.217931	-0.35746557357907027
93.217931	-0.35746557357907027
93.217931	-0.35746557357907027
93.217931	-0.35746557357907027
93.217931	-0.35746557357907027
93.217931	-0.35746557357907027
93.277947	-0.35746318958025014
93.277947	-0.35746318958025014
93.289989	-0.35746249461173102
93.289989	-0.35746249461173102
93.313906	-0.35746096756743906
93.313906	-0.35746096756743906
93.337928	-0.35745922649449202
93.337928	-0.35745922649449202
93.337928	-0.35745922649449202
93.337928	-0.35745922649449202
93.337928	-0.35745922649449202
93.337928	-0.35745922649449202
93.397956	-0.35745414812041731
93.397956	-0.35745414812041731
93.397956	-0.35745414812041731
93.397956	-0.35745414812041731
93.397956	-0.35745414812041731
93.397956	-0.35745414812041731
93.457938	-0.35744853933364801
93.457938	-0.35744853933364801
93.457938	-0.35744853933364801
93.457938	-0.35744853933364801
93.457938	-0.35744853933364801
93.457938	-0.35744853933364801
93.517996	-0.35744301145086238
93.517996	-0.35744301145086238
93.517996	-0.35744301145086238
93.517996	-0.35744301145086238
93.517996	-0.35744301145086238
93.565834	-0.35743908190260354
93.577985	-0.35743817705696479
93.577985	-0.35743817705696479
93.577985	-0.35743817705696479
93.577985	-0.35743817705696479
93.613899	-0.35743584007653129
93.625837	-0.35743517223610444
93.637929	-0.35743454724449369
93.637929	-0.35743454724449369
93.637929	-0.35743454724449369
93.637929	-0.35743454724449369
93.637929	-0.35743454724449369
93.637929	-0.35743454724449369
93.697929	-0.35743249590641551
93.697929	-0.35743249590641551
93.709854	-0.35743231406661852
93.709854	-0.35743231406661852
93.709854	-0.35743231406661852
93.709854	-0.35743231406661852
93.757931	-0.35743223400815488
93.757931	-0.35743223400815488
93.757931	-0.35743223400815488
93.781908	-0.35743263886388321
93.781908	-0.35743263886388321
93.781908	-0.35743263886388321
93.817941	-0.3574337768263704
93.817941	-0.3574337768263704
93.817941	-0.3574337768263704
93.841854	-0.35743486053957829
93.841854	-0.35743486053957829
93.865844	-0.35743620099743795
93.877952	-0.35743694958124084
93.877952	-0.35743694958124084
93.877952	-0.35743694958124084
93.877952	-0.35743694958124084
93.877952	-0.35743694958124084
93.877952	-0.35743694958124084
93.937927	-0.35744140562961135
93.937927	-0.35744140562961135
93.937927	-0.35744140562961135
93.961834	-0.35744343677527896
93.961834	-0.35744343677527896
93.961848	-0.35744343801460787
93.99795	-0.35744667709804706
93.99795	-0.35744667709804706
93.99795	-0.35744667709804706
93.99795	-0.35744667709804706
94.03393	-0.35744999844362524
94.03393	-0.35744999844362524
94.057949	-0.35745220746729961
94.057949	-0.35745220746729961
94.057949	-0.35745220746729961
94.057949	-0.35745220746729961
94.093925	-0.35745540651573282
94.105868	-0.35745642357739155
94.117946	-0.35745742841160694
94.117946	-0.35745742841160694
94.129847	-0.35745837122297153
94.129847	-0.35745837122297153
94.129847	-0.35745837122297153
94.129847	-0.35745837122297153
94.178054	-0.35746181658698162
94.178054	-0.35746181658698162
94.178054	-0.35746181658698162
94.201847	-0.35746321927615266
94.201847	-0.35746321927615266
94.201847	-0.35746321927615266
94.23796	-0.35746491282850901
94.23796	-0.35746491282850901
94.249961	-0.35746533614357601
94.249961	-0.35746533614357601
94.249961	-0.35746533614357601
94.249961	-0.35746533614357601
94.297943	-0.35746643501709879
94.297943	-0.35746643501709879
94.297943	-0.35746643501709879
94.321847	-0.35746656610473737
94.321847	-0.35746656610473737
94.321847	-0.35746656610473737
94.35795	-0.35746624107524982
94.35795	-0.35746624107524982
94.35795	-0.35746624107524982
94.35795	-0.35746624107524982
94.35795	-0.35746624107524982
94.405847	-0.3574648649394836
94.417941	-0.35746437010827925
94.417941	-0.35746437010827925
94.417941	-0.35746437010827925
94.417941	-0.35746437010827925
94.453925	-0.35746251520667965
94.465848	-0.35746179925578997
94.477984	-0.35746102781338207
94.477984	-0.35746102781338207
94.477984	-0.35746102781338207
94.501847	-0.35745936651569776
94.513928	-0.35745845960254269
94.525851	-0.35745753836924599
94.53796	-0.35745657517076423
94.53796	-0.35745657517076423
94.53796	-0.35745657517076423
94.561848	-0.35745459254542117
94.561848	-0.35745459254542117
94.561848	-0.35745459254542117
94.597942	-0.35745146178064641
94.597942	-0.35745146178064641
94.597942	-0.35745146178064641
94.597942	-0.35745146178064641
94.633912	-0.35744794760523008
94.645848	-0.35744663464915377
94.657948	-0.35744523280447299
94.657948	-0.35744523280447299
94.669848	-0.35744375275403301
94.669848	-0.35744375275403301
94.669848	-0.35744375275403301
94.669848	-0.35744375275403301
94.717945	-0.35743743461517746
94.717945	-0.35743743461517746
94.717945	-0.35743743461517746
94.717945	-0.35743743461517746
94.717945	-0.35743743461517746
94.717945	-0.35743743461517746
94.77796	-0.35743086098950322
94.77796	-0.35743086098950322
94.789848	-0.35742993870806372
94.789848	-0.35742993870806372
94.813912	-0.35742840521004443
94.813912	-0.35742840521004443
94.838014	-0.35742740177260424
94.838014	-0.35742740177260424
94.838014	-0.35742740177260424
94.838014	-0.35742740177260424
94.838014	-0.35742740177260424
94.885848	-0.35742712377813102
94.897978	-0.35742736947262294
94.897978	-0.35742736947262294
94.897978	-0.35742736947262294
94.897978	-0.35742736947262294
94.897978	-0.35742736947262294
94.897978	-0.35742736947262294
94.957947	-0.35743059476387468
94.957947	-0.35743059476387468
94.957947	-0.35743059476387468
94.957947	-0.35743059476387468
94.993932	-0.3574339033619211
95.005884	-0.35743518581048328
95.017955	-0.35743655612924347
95.017955	-0.35743655612924347
95.02986	-0.35743801195596037
95.02986	-0.35743801195596037
95.02986	-0.35743801195596037
95.02986	-0.35743801195596037
95.07799	-0.3574444454606216
95.07799	-0.3574444454606216
95.08986	-0.3574461561234511
95.08986	-0.3574461561234511
95.113932	-0.35744969019470224
95.113932	-0.35744969019470224
95.138054	-0.35745328653100361
95.138054	-0.35745328653100361
95.138054	-0.35745328653100361
95.161861	-0.35745682500317355
95.161861	-0.35745682500317355
95.185861	-0.35746031121069749
95.197956	-0.35746202924250964
95.197956	-0.35746202924250964
95.197956	-0.35746202924250964
95.22186	-0.35746528089078083
95.234009	-0.35746684311288673
95.245861	-0.35746831452573036
95.257958	-0.35746976145764908
95.257958	-0.35746976145764908
95.257958	-0.35746976145764908
95.28186	-0.35747237383597819
95.28186	-0.35747237383597819
95.28186	-0.35747237383597819
95.317988	-0.35747568342228903
95.317988	-0.35747568342228903
95.317988	-0.35747568342228903
95.341861	-0.35747740262690703
95.341861	-0.35747740262690703
95.341861	-0.35747740262690703
95.341861	-0.35747740262690703
95.377992	-0.35747923494437273
95.389949	-0.35747960611090068
95.389949	-0.35747960611090068
95.389949	-0.35747960611090068
95.389949	-0.35747960611090068
95.437956	-0.3574801365793307
95.437956	-0.3574801365793307
95.44986	-0.35747997259665637
95.44986	-0.35747997259665637
95.44986	-0.35747997259665637
95.48586	-0.35747892835972711
95.498032	-0.35747838301245771
95.498032	-0.35747838301245771
95.498032	-0.35747838301245771
95.498032	-0.35747838301245771
95.498032	-0.35747838301245771
95.498032	-0.35747838301245771
95.557963	-0.35747423559131758
95.557963	-0.35747423559131758
95.557963	-0.35747423559131758
95.557963	-0.35747423559131758
95.557963	-0.35747423559131758
95.557963	-0.35747423559131758
95.617972	-0.35746814968909379
95.617972	-0.35746814968909379
95.617972	-0.35746814968909379
95.617972	-0.35746814968909379
95.617972	-0.35746814968909379
95.617972	-0.35746814968909379
95.677971	-0.35746074611523432
95.677971	-0.35746074611523432
95.677971	-0.35746074611523432
95.677971	-0.35746074611523432
95.677971	-0.35746074611523432
95.677971	-0.35746074611523432
95.737956	-0.35745272441742831
95.737956	-0.35745272441742831
95.737956	-0.35745272441742831
95.737956	-0.35745272441742831
95.737956	-0.35745272441742831
95.78586	-0.35744635534014663
95.798034	-0.35744478159434939
95.798034	-0.35744478159434939
95.798034	-0.35744478159434939
95.798034	-0.35744478159434939
95.798034	-0.35744478159434939
95.798034	-0.35744478159434939
95.857968	-0.3574376047420853
95.857968	-0.3574376047420853
95.857968	-0.3574376047420853
95.881861	-0.35743507770875449
95.881861	-0.35743507770875449
95.881861	-0.35743507770875449
95.917956	-0.35743171507216992
95.917956	-0.35743171507216992
95.917956	-0.35743171507216992
95.917956	-0.35743171507216992
95.95393	-0.35742898895668579
95.965861	-0.35742822629586152
95.978011	-0.35742751440017523
95.978011	-0.35742751440017523
95.978025	-0.35742751357988389
95.978025	-0.35742751357988389
96.013937	-0.35742592802653267
96.025947	-0.35742555120570979
96.037978	-0.357425240834299
96.037978	-0.357425240834299
96.037978	-0.357425240834299
96.037978	-0.357425240834299
96.037978	-0.357425240834299
96.037978	-0.357425240834299
96.097974	-0.35742493698971423
96.097974	-0.35742493698971423
96.109894	-0.35742511980284947
96.121875	-0.35742534315603014
96.121875	-0.35742534315603014
96.121875	-0.35742534315603014
96.158059	-0.35742648995936466
96.158059	-0.35742648995936466
96.169874	-0.35742700722911669
96.169874	-0.35742700722911669
96.169874	-0.35742700722911669
96.205875	-0.35742889098426767
96.217974	-0.35742962744337575
96.217974	-0.35742962744337575
96.217974	-0.35742962744337575
96.217974	-0.35742962744337575
96.217974	-0.35742962744337575
96.217974	-0.35742962744337575
96.277992	-0.35743398348420319
96.277992	-0.35743398348420319
96.277992	-0.35743398348420319
96.277992	-0.35743398348420319
96.277992	-0.35743398348420319
96.277992	-0.35743398348420319
96.337969	-0.35743910234603554
96.337969	-0.35743910234603554
96.349874	-0.35744016950280155
96.361875	-0.3574412495519193
96.361875	-0.3574412495519193
96.385876	-0.35744342097221321
96.39797	-0.35744451299316893
96.39797	-0.35744451299316893
96.39797	-0.35744451299316893
96.39797	-0.35744451299316893
96.39797	-0.35744451299316893
96.39797	-0.35744451299316893
96.457998	-0.35744975117594152
96.457998	-0.35744975117594152
96.457998	-0.35744975117594152
96.457998	-0.35744975117594152
96.493958	-0.35745262440486902
96.505875	-0.35745351726600549
96.51797	-0.35745439478716046
96.51797	-0.35745439478716046
96.51797	-0.35745439478716046
96.51797	-0.35745439478716046
96.51797	-0.35745439478716046
96.51797	-0.35745439478716046
96.51797	-0.35745439478716046
96.577985	-0.35745811766404018
96.589997	-0.35745871875407165
96.601874	-0.3574592874387057
96.613956	-0.35745979697151459
96.613956	-0.35745979697151459
96.63797	-0.35746068424400262
96.63797	-0.35746068424400262
96.63797	-0.35746068424400262
96.63797	-0.35746068424400262
96.63797	-0.35746068424400262
96.63797	-0.35746068424400262
96.697973	-0.35746198281348751
96.697973	-0.35746198281348751
96.697973	-0.35746198281348751
96.697973	-0.35746198281348751
96.733945	-0.35746214202051763
96.745895	-0.35746210034819315
96.757975	-0.35746201738622801
96.757975	-0.35746201738622801
96.769875	-0.35746187263785628
96.769875	-0.35746187263785628
96.793952	-0.35746146944757823
96.805875	-0.35746120646464785
96.818039	-0.35746090343244574
96.818039	-0.35746090343244574
96.818039	-0.35746090343244574
96.818039	-0.35746090343244574
96.818039	-0.35746090343244574
96.818039	-0.35746090343244574
96.878003	-0.3574588570735977
96.878003	-0.3574588570735977
96.889874	-0.3574583599225622
96.901874	-0.35745784457449914
96.901874	-0.35745784457449914
96.925874	-0.35745673968563768
96.937967	-0.35745616137654496
96.937967	-0.35745616137654496
96.949948	-0.35745557115431831
96.949948	-0.35745557115431831
96.949948	-0.35745557115431831
96.949948	-0.35745557115431831
96.997975	-0.35745314069738859
96.997989	-0.35745313998154876
96.997989	-0.35745313998154876
96.997989	-0.35745313998154876
96.997989	-0.35745313998154876
96.997989	-0.35745313998154876
97.058004	-0.35745013402967718
97.058004	-0.35745013402967718
97.0699	-0.35744957200493366
97.0699	-0.35744957200493366
97.093954	-0.3574484776677968
97.093954	-0.3574484776677968
97.118011	-0.35744746120631726
97.118011	-0.35744746120631726
97.129888	-0.35744700183857891
97.141912	-0.357446550923193
97.153958	-0.35744613778304568
97.165889	-0.35744575313950927
97.177999	-0.35744538829348005
97.177999	-0.35744538829348005
97.177999	-0.35744538829348005
97.177999	-0.35744538829348005
97.177999	-0.35744538829348005
97.225888	-0.35744430222656925
97.237983	-0.35744410864093706
97.237983	-0.35744410864093706
97.237983	-0.35744410864093706
97.261888	-0.35744384628259779
97.261888	-0.35744384628259779
97.261888	-0.35744384628259779
97.261888	-0.35744384628259779
97.261888	-0.35744384628259779
97.261888	-0.35744384628259779
97.261888	-0.35744384628259779
97.261888	-0.35744384628259779
97.297981	-0.3574437281413228
97.358017	-0.35744425654638678
97.358017	-0.35744425654638678
97.358017	-0.35744425654638678
97.358017	-0.35744425654638678
97.393963	-0.35744498077355641
97.405909	-0.35744527931727654
97.417982	-0.35744560525206526
97.417982	-0.35744560525206526
97.417982	-0.35744560525206526
97.417982	-0.35744560525206526
97.417982	-0.35744560525206526
97.417982	-0.35744560525206526
97.478097	-0.35744760764827721
97.478097	-0.35744760764827721
97.478097	-0.35744760764827721
97.478097	-0.35744760764827721
97.478097	-0.35744760764827721
97.478097	-0.35744760764827721
97.537988	-0.35745001163541285
97.537988	-0.35745001163541285
97.537988	-0.35745001163541285
97.56191	-0.35745102371887699
97.56191	-0.35745102371887699
97.56191	-0.35745102371887699
97.597983	-0.3574525478386153
97.597983	-0.3574525478386153
97.597983	-0.3574525478386153
97.597983	-0.3574525478386153
97.597983	-0.3574525478386153
97.597983	-0.3574525478386153
97.657987	-0.35745491892010078
97.657987	-0.35745491892010078
97.669888	-0.35745534029251286
97.669888	-0.35745534029251286
97.669888	-0.35745534029251286
97.705889	-0.35745650207416796
97.717982	-0.35745684759693203
97.717982	-0.35745684759693203
97.717982	-0.35745684759693203
97.717982	-0.35745684759693203
97.717982	-0.35745684759693203
97.717982	-0.35745684759693203
97.717982	-0.35745684759693203
97.717982	-0.35745684759693203
97.778086	-0.35745810494379548
97.801888	-0.35745837740222952
97.801888	-0.35745837740222952
97.801888	-0.35745837740222952
97.837982	-0.3574585239260234
97.837982	-0.3574585239260234
97.837982	-0.3574585239260234
97.861888	-0.35745843922029757
97.861888	-0.35745843922029757
97.861888	-0.35745843922029757
97.897983	-0.35745803400591708
97.897983	-0.35745803400591708
97.897983	-0.35745803400591708
97.897983	-0.35745803400591708
97.897983	-0.35745803400591708
97.945888	-0.35745699346277304
97.958008	-0.35745665183266523
97.958008	-0.35745665183266523
97.958008	-0.35745665183266523
97.958008	-0.35745665183266523
97.958008	-0.35745665183266523
97.958021	-0.35745665146623029
98.018007	-0.35745449074374414
98.018007	-0.35745449074374414
98.029901	-0.35745398073575213
98.029901	-0.35745398073575213
98.053979	-0.3574528963375504
98.053979	-0.3574528963375504
98.078016	-0.35745174434141758
98.078016	-0.35745174434141758
98.078016	-0.35745174434141758
98.078016	-0.35745174434141758
98.078016	-0.35745174434141758
98.125902	-0.35744930355676152
98.138077	-0.35744866772972966
98.138077	-0.35744866772972966
98.149901	-0.35744804896282828
98.149901	-0.35744804896282828
98.149901	-0.35744804896282828
98.149901	-0.35744804896282828
98.197994	-0.357445565983392
98.197994	-0.357445565983392
98.197994	-0.357445565983392
98.197994	-0.357445565983392
98.233967	-0.35744381719255475
98.245901	-0.35744326894286843
98.258001	-0.3574427291340595
98.258001	-0.3574427291340595
98.258001	-0.3574427291340595
98.258001	-0.3574427291340595
98.258001	-0.3574427291340595
98.258001	-0.3574427291340595
98.318015	-0.35744044124225943
98.318015	-0.35744044124225943
98.318015	-0.35744044124225943
98.318015	-0.35744044124225943
98.318015	-0.35744044124225943
98.318015	-0.35744044124225943
98.318015	-0.35744044124225943
98.318015	-0.35744044124225943
98.318015	-0.35744044124225943
98.318015	-0.35744044124225943
98.378022	-0.35743893171453228
98.425901	-0.35743839829499346
98.437999	-0.357438354828857
98.437999	-0.357438354828857
98.437999	-0.357438354828857
98.461901	-0.35743840183486103
98.473968	-0.35743849315988541
98.485901	-0.3574386159965412
98.497996	-0.35743877419999343
98.497996	-0.35743877419999343
98.497996	-0.35743877419999343
98.497996	-0.35743877419999343
98.497996	-0.35743877419999343
98.497996	-0.35743877419999343
98.497996	-0.35743877419999343
98.497996	-0.35743877419999343
98.497996	-0.35743877419999343
98.497996	-0.35743877419999343
98.497996	-0.35743877419999343
98.558018	-0.35744015911399352
98.617994	-0.35744238256982491
98.617994	-0.35744238256982491
98.617994	-0.35744238256982491
98.617994	-0.35744238256982491
98.617994	-0.35744238256982491
98.617994	-0.35744238256982491
98.678016	-0.35744524187369048
98.678016	-0.35744524187369048
98.678016	-0.35744524187369048
98.678016	-0.35744524187369048
98.713969	-0.35744715096896096
98.725902	-0.35744780182051267
98.738016	-0.35744846801013397
98.738016	-0.35744846801013397
98.738016	-0.35744846801013397
98.738016	-0.35744846801013397
98.738016	-0.35744846801013397
98.738016	-0.35744846801013397
98.798064	-0.35745176449058702
98.798064	-0.35745176449058702
98.798064	-0.35745176449058702
98.798064	-0.35745176449058702
98.798064	-0.35745176449058702
98.845902	-0.35745423192417208
98.858006	-0.35745481904135723
98.858006	-0.35745481904135723
98.858006	-0.35745481904135723
98.858006	-0.35745481904135723
98.858006	-0.35745481904135723
98.905901	-0.35745689781604911
98.917997	-0.35745736224631952
98.917997	-0.35745736224631952
98.929978	-0.35745778061592604
98.941901	-0.35745818008580288
98.941901	-0.35745818008580288
98.941901	-0.35745818008580288
98.978014	-0.35745916737712724
98.978014	-0.35745916737712724
98.978014	-0.35745916737712724
99.001901	-0.35745964392598029
99.013978	-0.35745982237067409
99.025914	-0.35745996748213293
99.038025	-0.35746008243405403
99.038025	-0.35746008243405403
99.038025	-0.35746008243405403
99.038025	-0.35746008243405403
99.038025	-0.35746008243405403
99.038025	-0.35746008243405403
99.098043	-0.35746004460464997
99.098043	-0.35746004460464997
99.098043	-0.35746004460464997
99.098043	-0.35746004460464997
99.098043	-0.35746004460464997
99.098043	-0.35746004460464997
99.158016	-0.35745908681264771
99.158016	-0.35745908681264771
99.158016	-0.35745908681264771
99.181914	-0.35745847357157384
99.181914	-0.35745847357157384
99.181914	-0.35745847357157384
99.21801	-0.35745733011299019
99.21801	-0.35745733011299019
99.21801	-0.35745733011299019
99.21801	-0.35745733011299019
99.21801	-0.35745733011299019
99.21801	-0.35745733011299019
99.278042	-0.35745496938959909
99.278042	-0.35745496938959909
99.278042	-0.35745496938959909
99.278042	-0.35745496938959909
99.313985	-0.3574533684611288
99.313985	-0.3574533684611288
99.338012	-0.35745225922173413
99.338012	-0.35745225922173413
99.338012	-0.35745225922173413
99.338012	-0.35745225922173413
99.37398	-0.35745058108657651
99.385915	-0.3574500293471356
99.398016	-0.35744947415147904
99.398016	-0.35744947415147904
99.398016	-0.35744947415147904
99.398016	-0.35744947415147904
99.398016	-0.35744947415147904
99.398016	-0.35744947415147904
99.398016	-0.35744947415147904
99.398016	-0.35744947415147904
99.398016	-0.35744947415147904
99.45808	-0.35744689110503958
99.494008	-0.35744555348878515
99.494008	-0.35744555348878515
99.518008	-0.35744476741875025
99.518008	-0.35744476741875025
99.529914	-0.35744442386616543
99.541914	-0.35744409254488996
99.541914	-0.35744409254488996
99.541914	-0.35744409254488996
99.578026	-0.35744329082035153
99.578026	-0.35744329082035153
99.578026	-0.35744329082035153
99.578026	-0.35744329082035153
99.613978	-0.35744277878915104
99.613978	-0.35744277878915104
99.638021	-0.35744259024541403
99.638021	-0.35744259024541403
99.638021	-0.35744259024541403
99.638021	-0.35744259024541403
99.638021	-0.35744259024541403
99.638021	-0.35744259024541403
99.698025	-0.35744270746473633
99.698025	-0.35744270746473633
99.698025	-0.35744270746473633
99.698025	-0.35744270746473633
99.698025	-0.35744270746473633
99.698025	-0.35744270746473633
99.698025	-0.35744270746473633
99.698025	-0.35744270746473633
99.698025	-0.35744270746473633
99.698025	-0.35744270746473633
99.698025	-0.35744270746473633
99.758034	-0.35744360027398325
99.818008	-0.357445146564983
99.818008	-0.357445146564983
99.818008	-0.357445146564983
99.818008	-0.357445146564983
99.818008	-0.357445146564983
99.865914	-0.35744673062384774
99.878023	-0.35744716293165912
99.878023	-0.35744716293165912
99.878023	-0.35744716293165912
99.901914	-0.35744804584903322
99.913979	-0.35744850228314307
99.925915	-0.35744895601830351
99.938017	-0.35744941831504118
99.938017	-0.35744941831504118
99.938017	-0.35744941831504118
99.961914	-0.35745032795225973
99.961914	-0.35745032795225973
99.985986	-0.35745122556758024
99.998012	-0.35745166484614072
99.998012	-0.35745166484614072
99.998026	-0.35745166535752437
100.021956	-0.35745250396700995
100.033994	-0.3574529037566691
100.033994	-0.3574529037566691
100.058057	-0.35745366213253293
100.058057	-0.35745366213253293
100.058057	-0.35745366213253293
100.081929	-0.35745433789799885
100.081929	-0.35745433789799885
100.081929	-0.35745433789799885
100.118093	-0.35745519731051506
100.118093	-0.35745519731051506
100.118093	-0.35745519731051506
100.118093	-0.35745519731051506
100.118093	-0.35745519731051506
100.165929	-0.3574559776880879
100.178034	-0.35745611206468697
100.178034	-0.35745611206468697
100.178034	-0.35745611206468697
100.178034	-0.35745611206468697
100.213991	-0.35745631958578855
100.225928	-0.35745633234446433
100.238023	-0.35745632055148663
100.238023	-0.35745632055148663
100.238023	-0.35745632055148663
100.238023	-0.35745632055148663
100.238023	-0.35745632055148663
100.238023	-0.35745632055148663
100.238023	-0.35745632055148663
100.238023	-0.35745632055148663
100.238023	-0.35745632055148663
100.238023	-0.35745632055148663
100.238023	-0.35745632055148663
100.298022	-0.3574558088593493
100.358027	-0.35745464029582447
100.358027	-0.35745464029582447
100.369928	-0.35745433655866982
100.369928	-0.35745433655866982
100.369928	-0.35745433655866982
100.369928	-0.35745433655866982
100.418053	-0.35745294625721719
100.418053	-0.35745294625721719
100.418053	-0.35745294625721719
100.441942	-0.3574521661424459
100.454004	-0.3574517542014175
100.465929	-0.35745134070422852
100.478037	-0.35745091445934768
100.478037	-0.35745091445934768
100.478037	-0.35745091445934768
100.478037	-0.35745091445934768
100.478037	-0.35745091445934768
100.478037	-0.35745091445934768
100.538043	-0.35744876204653819
100.538043	-0.35744876204653819
100.538043	-0.35744876204653819
100.561929	-0.35744792326098401
100.573992	-0.35744751217104781
100.573992	-0.35744751217104781
100.598024	-0.35744671973449682
100.598024	-0.35744671973449682
100.598024	-0.35744671973449682
100.598024	-0.35744671973449682
100.63399	-0.35744564113290078
100.63399	-0.35744564113290078
100.658039	-0.35744500095764836
100.658039	-0.35744500095764836
100.658039	-0.35744500095764836
100.658039	-0.35744500095764836
100.693991	-0.35744420751033162
100.705929	-0.35744398855077142
100.718022	-0.35744378716279102
100.718022	-0.35744378716279102
100.718022	-0.35744378716279102
100.718022	-0.35744378716279102
100.718022	-0.35744378716279102
100.765929	-0.35744327060693326
100.778106	-0.35744320231648757
100.778106	-0.35744320231648757
100.789957	-0.3574431743388311
100.789957	-0.3574431743388311
100.789957	-0.3574431743388311
100.789957	-0.3574431743388311
100.838022	-0.357443307662618
100.838022	-0.357443307662618
100.849928	-0.35744341659896578
100.861928	-0.35744354101029024
100.861928	-0.35744354101029024
100.861928	-0.35744354101029024
100.898023	-0.35744408963678703
100.898023	-0.35744408963678703
100.898023	-0.35744408963678703
100.898023	-0.35744408963678703
100.898023	-0.35744408963678703
100.898023	-0.35744408963678703
100.958032	-0.35744546739182365
100.958032	-0.35744546739182365
100.958032	-0.35744546739182365
100.958032	-0.35744546739182365
100.994013	-0.35744652473754018
100.994013	-0.35744652473754018
101.018042	-0.35744729922390139
101.018057	-0.3574472997142159
101.018057	-0.3574472997142159
101.018057	-0.3574472997142159
101.018057	-0.3574472997142159
101.065986	-0.35744896550016986
101.078052	-0.35744939863563968
101.078052	-0.35744939863563968
101.078052	-0.35744939863563968
101.101944	-0.3574502619785504
101.101944	-0.3574502619785504
101.101944	-0.3574502619785504
101.138043	-0.35745155304893805
101.138043	-0.35745155304893805
101.138043	-0.35745155304893805
101.138043	-0.35745155304893805
101.138043	-0.35745155304893805
101.185943	-0.3574531733508704
101.198056	-0.35745357780446213
101.198056	-0.35745357780446213
101.198056	-0.35745357780446213
101.198056	-0.35745357780446213
101.198056	-0.35745357780446213
101.198056	-0.35745357780446213
101.25806	-0.35745858463152375
101.25806	-0.35745858463152375
101.25806	-0.35745858463152375
101.25806	-0.35745858463152375
101.25806	-0.35745858463152375
101.25806	-0.35745858463152375
101.318075	-0.35746933760898442
101.318075	-0.35746933760898442
101.318075	-0.35746933760898442
101.342028	-0.35747353893692085
101.354015	-0.3574752179027762
101.365944	-0.35747661786880564
101.378048	-0.35747776162687606
101.378048	-0.35747776162687606
101.389945	-0.35747840159008609
101.389945	-0.35747840159008609
101.389945	-0.35747840159008609
101.425943	-0.35747849035098817
101.438113	-0.35747786379646984
101.438113	-0.35747786379646984
101.438113	-0.35747786379646984
101.461963	-0.35747552900104446
101.461963	-0.35747552900104446
101.461963	-0.35747552900104446
101.461963	-0.35747552900104446
101.498036	-0.35746967170905225
101.509943	-0.35746712778606254
101.521944	-0.35746442750440099
101.521944	-0.35746442750440099
101.545943	-0.35745821122806726
101.558058	-0.35745482262579037
101.558058	-0.35745482262579037
101.558058	-0.35745482262579037
101.558058	-0.35745482262579037
101.558058	-0.35745482262579037
101.558058	-0.35745482262579037
101.618037	-0.35743595981243065
101.618037	-0.35743595981243065
101.618037	-0.35743595981243065
101.618037	-0.35743595981243065
101.618037	-0.35743595981243065
101.618037	-0.35743595981243065
101.678064	-0.35741621506719934
101.678064	-0.35741621506719934
101.678064	-0.35741621506719934
101.678064	-0.35741621506719934
101.714026	-0.35740528928772453
101.714026	-0.35740528928772453
101.738042	-0.35739869386679057
101.738042	-0.35739869386679057
101.738042	-0.35739869386679057
101.761944	-0.35739293285252066
101.774006	-0.35739040191158811
101.785944	-0.35738810490840922
101.798039	-0.3573859901222089
101.798039	-0.3573859901222089
101.798039	-0.3573859901222089
101.798039	-0.3573859901222089
101.798039	-0.3573859901222089
101.845964	-0.35738064712365913
101.858042	-0.3573799852233589
101.858042	-0.3573799852233589
101.858042	-0.3573799852233589
101.858042	-0.3573799852233589
101.858042	-0.3573799852233589
101.858042	-0.3573799852233589
101.918043	-0.35738161866424983
101.918043	-0.35738161866424983
101.918043	-0.35738161866424983
101.918043	-0.35738161866424983
101.954011	-0.35738630973207125
101.954011	-0.35738630973207125
101.978067	-0.35739081021008129
101.978067	-0.35739081021008129
101.978067	-0.35739081021008129
102.001947	-0.3573963844479815
102.01401	-0.35739961325967218
102.025958	-0.35740299498280131
102.03806	-0.35740660735317115
102.03806	-0.35740660735317115
102.03806	-0.35740660735317115
102.03806	-0.35740660735317115
102.03806	-0.35740660735317115
102.03806	-0.35740660735317115
102.098139	-0.35742736772285832
102.098139	-0.35742736772285832
102.098139	-0.35742736772285832
102.098139	-0.35742736772285832
102.098139	-0.35742736772285832
102.098139	-0.35742736772285832
102.158052	-0.35745081710403731
102.158052	-0.35745081710403731
102.158052	-0.35745081710403731
102.158052	-0.35745081710403731
102.158052	-0.35745081710403731
102.205957	-0.35746991748514773
102.218051	-0.35747464523763739
102.218051	-0.35747464523763739
102.218051	-0.35747464523763739
102.218051	-0.35747464523763739
102.218051	-0.35747464523763739
102.218051	-0.35747464523763739
102.278079	-0.35749649333644123
102.278079	-0.35749649333644123
102.278079	-0.35749649333644123
102.278079	-0.35749649333644123
102.278079	-0.35749649333644123
102.325957	-0.35751109123211544
102.338052	-0.35751432137741007
102.338052	-0.35751432137741007
102.349957	-0.35751719240780255
102.349957	-0.35751719240780255
102.349957	-0.35751719240780255
102.349957	-0.35751719240780255
102.349957	-0.35751719240780255
102.349957	-0.35751719240780255
102.398056	-0.35752667527211129
102.421957	-0.35752986060565528
102.421957	-0.35752986060565528
102.445957	-0.35753197900507377
102.458053	-0.35753271700051364
102.458053	-0.35753271700051364
102.458053	-0.35753271700051364
102.458053	-0.35753271700051364
102.458053	-0.35753271700051364
102.505957	-0.35753286482324109
102.518058	-0.35753232591161205
102.518058	-0.35753232591161205
102.52996	-0.3575314694668818
102.52996	-0.3575314694668818
102.52996	-0.3575314694668818
102.565957	-0.35752771187366938
102.57808	-0.35752605043963631
102.57808	-0.35752605043963631
102.57808	-0.35752605043963631
102.57808	-0.35752605043963631
102.57808	-0.35752605043963631
102.57808	-0.35752605043963631
102.638076	-0.35751502334384883
102.638076	-0.35751502334384883
102.650331	-0.35751229551049174
102.650331	-0.35751229551049174
102.674065	-0.35750674518828957
102.674065	-0.35750674518828957
102.69806	-0.35750079504053012
102.69806	-0.35750079504053012
102.69806	-0.35750079504053012
102.69806	-0.35750079504053012
102.69806	-0.35750079504053012
102.69806	-0.35750079504053012
102.758132	-0.35748512213995981
102.758132	-0.35748512213995981
102.758132	-0.35748512213995981
102.758132	-0.35748512213995981
102.794032	-0.35747584245560038
102.794032	-0.35747584245560038
102.81805	-0.35746988263165796
102.81805	-0.35746988263165796
102.81805	-0.35746988263165796
102.81805	-0.35746988263165796
102.81805	-0.35746988263165796
102.81805	-0.35746988263165796
102.878073	-0.3574566634858462
102.878073	-0.3574566634858462
102.878073	-0.3574566634858462
102.901957	-0.35745228298355114
102.914029	-0.35745032050135933
102.914029	-0.35745032050135933
102.938062	-0.3574468218856327
102.938062	-0.3574468218856327
102.938062	-0.3574468218856327
102.938062	-0.3574468218856327
102.938062	-0.3574468218856327
102.938062	-0.3574468218856327
102.998053	-0.35744121244371663
102.998053	-0.35744121244371663
102.998053	-0.35744121244371663
102.998053	-0.35744121244371663
103.034036	-0.35744006898346797
103.045979	-0.35744004122151102
103.058075	-0.35744016423818209
103.058075	-0.35744016423818209
103.058075	-0.35744016423818209
103.081972	-0.35744098510244571
103.081972	-0.35744098510244571
103.105993	-0.35744249620854479
103.118067	-0.3574434521529275
103.118067	-0.3574434521529275
103.118067	-0.3574434521529275
103.118067	-0.3574434521529275
103.154109	-0.35744723998952965
103.165973	-0.35744872347725526
103.178073	-0.35745033118882136
103.178073	-0.35745033118882136
103.178073	-0.35745033118882136
103.178073	-0.35745033118882136
103.178073	-0.35745033118882136
103.178073	-0.35745033118882136
103.238086	-0.35745963451117274
103.238086	-0.35745963451117274
103.238086	-0.35745963451117274
103.238086	-0.35745963451117274
103.238086	-0.35745963451117274
103.238086	-0.35745963451117274
103.298069	-0.35746990315027855
103.298069	-0.35746990315027855
103.309972	-0.35747191044688564
103.322052	-0.35747392701172176
103.334045	-0.35747586385695612
103.334045	-0.35747586385695612
103.358068	-0.35747957423353999
103.358068	-0.35747957423353999
103.358068	-0.35747957423353999
103.358068	-0.35747957423353999
103.358068	-0.35747957423353999
103.358068	-0.35747957423353999
103.418143	-0.35748714568528345
103.418143	-0.35748714568528345
103.418143	-0.35748714568528345
103.418143	-0.35748714568528345
103.454051	-0.35749009318556796
103.454051	-0.35749009318556796
103.47808	-0.35749132469385381
103.47808	-0.35749132469385381
103.47808	-0.35749132469385381
103.47808	-0.35749132469385381
103.47808	-0.35749132469385381
103.525993	-0.35749160453066009
103.538067	-0.35749125389801817
103.538067	-0.35749125389801817
103.538067	-0.35749125389801817
103.561972	-0.35748993605432011
103.574038	-0.35748895708009659
103.585996	-0.35748783273878187
103.598064	-0.35748654338934704
103.598064	-0.35748654338934704
103.609972	-0.35748502166202673
103.621972	-0.35748339206300161
103.621972	-0.35748339206300161
103.645984	-0.35747951443253284
103.658087	-0.3574773543023208
103.658087	-0.3574773543023208
103.669972	-0.35747502407573822
103.682043	-0.35747257785930298
103.682043	-0.35747257785930298
103.705972	-0.35746725101319954
103.718146	-0.35746438790619689
103.718146	-0.35746438790619689
103.718146	-0.35746438790619689
103.718146	-0.35746438790619689
103.718146	-0.35746438790619689
103.765972	-0.35745213190854852
103.778071	-0.35744886883864291
103.778071	-0.35744886883864291
103.778071	-0.35744886883864291
103.778071	-0.35744886883864291
103.778071	-0.35744886883864291
103.778071	-0.35744886883864291
103.838067	-0.35743227805321365
103.838067	-0.35743227805321365
103.838067	-0.35743227805321365
103.861972	-0.35742575497699791
103.861972	-0.35742575497699791
103.885972	-0.35741943503564177
103.898087	-0.35741633967751962
103.898087	-0.35741633967751962
103.898087	-0.35741633967751962
103.898087	-0.35741633967751962
103.898087	-0.35741633967751962
103.946061	-0.35740525471840073
103.958073	-0.35740277970157708
103.958073	-0.35740277970157708
103.969972	-0.357400547384359
103.969972	-0.357400547384359
103.994046	-0.35739645956378213
103.994046	-0.35739645956378213
104.018065	-0.35739310482943754
104.018065	-0.35739310482943754
104.018079	-0.35739310296618437
104.018079	-0.35739310296618437
104.018079	-0.35739310296618437
104.065986	-0.35738899727506734
104.078213	-0.35738846400634355
104.078213	-0.35738846400634355
104.078213	-0.35738846400634355
104.078213	-0.35738846400634355
104.078213	-0.35738846400634355
104.078213	-0.35738846400634355
104.138101	-0.35738953885079405
104.138101	-0.35738953885079405
104.138101	-0.35738953885079405
104.138101	-0.35738953885079405
104.138101	-0.35738953885079405
104.138101	-0.35738953885079405
104.138101	-0.35738953885079405
104.138101	-0.35738953885079405
104.138101	-0.35738953885079405
104.138101	-0.35738953885079405
104.198092	-0.35739639016074248
104.24599	-0.35740571821463946
104.258093	-0.35740851489744269
104.258093	-0.35740851489744269
104.258093	-0.35740851489744269
104.281986	-0.35741459130098296
104.281986	-0.35741459130098296
104.281986	-0.35741459130098296
104.318118	-0.35742486183891586
104.318118	-0.35742486183891586
104.318118	-0.35742486183891586
104.318118	-0.35742486183891586
104.318118	-0.35742486183891586
104.318118	-0.35742486183891586
104.378128	-0.35744391861949315
104.378128	-0.35744391861949315
104.378128	-0.35744391861949315
104.378128	-0.35744391861949315
104.378128	-0.35744391861949315
104.378128	-0.35744391861949315
104.43808	-0.35746387529678192
104.43808	-0.35746387529678192
104.43808	-0.35746387529678192
104.43808	-0.35746387529678192
104.43808	-0.35746387529678192
104.485986	-0.35747919033445202
104.498081	-0.35748286845022109
104.498081	-0.35748286845022109
104.498081	-0.35748286845022109
104.498081	-0.35748286845022109
104.534073	-0.35749300385886323
104.534073	-0.35749300385886323
104.558083	-0.35749907213812593
104.558083	-0.35749907213812593
104.558083	-0.35749907213812593
104.558083	-0.35749907213812593
104.558083	-0.35749907213812593
104.558083	-0.35749907213812593
104.618084	-0.35751095311069253
104.618084	-0.35751095311069253
104.618084	-0.35751095311069253
104.618084	-0.35751095311069253
104.618084	-0.35751095311069253
104.665986	-0.35751654216347878
104.6781	-0.35751741614903493
104.6781	-0.35751741614903493
104.6781	-0.35751741614903493
104.6781	-0.35751741614903493
104.6781	-0.35751741614903493
104.6781	-0.35751741614903493
104.73815	-0.35751790709616998
104.73815	-0.35751790709616998
104.73815	-0.35751790709616998
104.73815	-0.35751790709616998
104.73815	-0.35751790709616998
104.73815	-0.35751790709616998
104.798082	-0.35751248701056004
104.798082	-0.35751248701056004
104.798082	-0.35751248701056004
104.798082	-0.35751248701056004
104.834053	-0.35750661213353679
104.846007	-0.3575042893822768
104.858123	-0.35750178294474289
104.858123	-0.35750178294474289
104.858123	-0.35750178294474289
104.858123	-0.35750178294474289
104.858123	-0.35750178294474289
104.858123	-0.35750178294474289
104.858123	-0.35750178294474289
104.858123	-0.35750178294474289
104.858123	-0.35750178294474289
104.858123	-0.35750178294474289
104.858123	-0.35750178294474289
104.858123	-0.35750178294474289
104.858123	-0.35750178294474289
104.918085	-0.35748698213357727
104.978108	-0.35746960553232587
105.00206	-0.357462351283656
105.00206	-0.357462351283656
105.00206	-0.357462351283656
105.038125	-0.35745144588294531
105.03814	-0.35745144136778184
105.03814	-0.35745144136778184
105.03814	-0.35745144136778184
105.03814	-0.35745144136778184
105.086002	-0.35743763185531074
105.098101	-0.35743432698346955
105.098101	-0.35743432698346955
105.098101	-0.35743432698346955
105.098101	-0.35743432698346955
105.098101	-0.35743432698346955
105.098101	-0.35743432698346955
105.098101	-0.35743432698346955
105.098101	-0.35743432698346955
105.1581	-0.35741989383396955
105.182003	-0.35741520941068872
105.182003	-0.35741520941068872
105.182003	-0.35741520941068872
105.218122	-0.35740949581962744
105.218122	-0.35740949581962744
105.218122	-0.35740949581962744
105.218122	-0.35740949581962744
105.218122	-0.35740949581962744
105.218122	-0.35740949581962744
105.278099	-0.35740403714892199
105.278099	-0.35740403714892199
105.278099	-0.35740403714892199
105.302005	-0.35740333531717106
105.302005	-0.35740333531717106
105.326021	-0.35740351406326981
105.338102	-0.35740386826827475
105.338102	-0.35740386826827475
105.338102	-0.35740386826827475
105.338102	-0.35740386826827475
105.338102	-0.35740386826827475
105.338102	-0.35740386826827475
105.338102	-0.35740386826827475
105.338102	-0.35740386826827475
105.338102	-0.35740386826827475
105.338102	-0.35740386826827475
105.338102	-0.35740386826827475
105.398163	-0.35740880026348387
105.4581	-0.35741808784214124
105.4581	-0.35741808784214124
105.470009	-0.35742038376897811
105.470009	-0.35742038376897811
105.470009	-0.35742038376897811
105.506002	-0.35742789152173415
105.518098	-0.3574305897549791
105.518098	-0.3574305897549791
105.518098	-0.3574305897549791
105.518098	-0.3574305897549791
105.518098	-0.3574305897549791
105.518098	-0.3574305897549791
105.518098	-0.3574305897549791
105.518098	-0.3574305897549791
105.518098	-0.3574305897549791
105.602003	-0.35745063267524835
105.602003	-0.35745063267524835
105.602003	-0.35745063267524835
105.638109	-0.35745920732543368
105.638109	-0.35745920732543368
105.638109	-0.35745920732543368
105.638109	-0.35745920732543368
105.638109	-0.35745920732543368
105.686002	-0.35746968745855656
105.698099	-0.35747212318661442
105.698099	-0.35747212318661442
105.698099	-0.35747212318661442
105.698099	-0.35747212318661442
105.734073	-0.357478558003341
105.746023	-0.35748042978239447
105.7581	-0.3574821999714069
105.7581	-0.3574821999714069
105.770002	-0.35748372483979562
105.770002	-0.35748372483979562
105.770002	-0.35748372483979562
105.770002	-0.35748372483979562
105.770002	-0.35748372483979562
105.818097	-0.35748838494716584
105.830122	-0.35748905215432647
105.842003	-0.35748961219952569
105.842003	-0.35748961219952569
105.842003	-0.35748961219952569
105.842003	-0.35748961219952569
105.842003	-0.35748961219952569
105.842003	-0.35748961219952569
105.842003	-0.35748961219952569
105.842003	-0.35748961219952569
105.87812	-0.35749007047731191
105.938099	-0.35748714663880121
105.938099	-0.35748714663880121
105.938099	-0.35748714663880121
105.938099	-0.35748714663880121
105.974069	-0.35748330117852845
105.974069	-0.35748330117852845
105.998096	-0.35748000593761931
105.998096	-0.35748000593761931
105.998096	-0.35748000593761931
105.998096	-0.35748000593761931
106.034082	-0.35747401465183076
106.034082	-0.35747401465183076
106.058198	-0.35746946859635664
106.058198	-0.35746946859635664
106.070016	-0.35746707876804551
106.070016	-0.35746707876804551
106.094083	-0.35746203475349225
106.106016	-0.35745944607494878
106.118115	-0.35745678056876568
106.118115	-0.35745678056876568
106.118115	-0.35745678056876568
106.118115	-0.35745678056876568
106.118115	-0.35745678056876568
106.118115	-0.35745678056876568
106.118115	-0.35745678056876568
106.118115	-0.35745678056876568
106.118115	-0.35745678056876568
106.118115	-0.35745678056876568
106.118115	-0.35745678056876568
106.178111	-0.35744330121094448
106.238115	-0.35743051662707293
106.238115	-0.35743051662707293
106.238115	-0.35743051662707293
106.262016	-0.35742593376672083
106.274099	-0.3574237849595831
106.286017	-0.35742176350004612
106.29811	-0.35741980988444244
106.29811	-0.35741980988444244
106.29811	-0.35741980988444244
106.29811	-0.35741980988444244
106.334089	-0.3574148986235885
106.334089	-0.3574148986235885
106.334089	-0.3574148986235885
106.334089	-0.3574148986235885
106.334089	-0.3574148986235885
106.334089	-0.3574148986235885
106.334089	-0.3574148986235885
106.334089	-0.3574148986235885
106.334089	-0.3574148986235885
106.334089	-0.3574148986235885
106.358209	-0.35741231021989595
106.418111	-0.35740883756440345
106.454173	-0.35740887040437219
106.466027	-0.35740921958791277
106.478132	-0.35740972089333772
106.478132	-0.35740972089333772
106.478132	-0.35740972089333772
106.502015	-0.35741128069442929
106.514082	-0.35741234576843889
106.526017	-0.35741353147282617
106.53811	-0.35741486470105577
106.53811	-0.35741486470105577
106.53811	-0.35741486470105577
106.562036	-0.35741799721361628
106.562036	-0.35741799721361628
106.586087	-0.35742171242286497
106.598117	-0.3574237269308595
106.598117	-0.3574237269308595
106.598117	-0.3574237269308595
106.598117	-0.3574237269308595
106.598117	-0.3574237269308595
106.646016	-0.35743287009088909
106.646016	-0.35743287009088909
106.646016	-0.35743287009088909
106.658111	-0.35743537622207122
106.682017	-0.35744053207264337
106.682017	-0.35744053207264337
106.682017	-0.35744053207264337
106.718199	-0.35744862951142853
106.718199	-0.35744862951142853
106.730016	-0.35745130560662403
106.742016	-0.35745402190141295
106.742016	-0.35745402190141295
106.766017	-0.35745939908406871
106.778115	-0.35746207233450311
106.778115	-0.35746207233450311
106.778115	-0.35746207233450311
106.778115	-0.35746207233450311
106.814081	-0.35746966791058454
106.814081	-0.35746966791058454
106.838111	-0.35747439794835745
106.838111	-0.35747439794835745
106.838111	-0.35747439794835745
106.838111	-0.35747439794835745
106.874079	-0.35748070098798679
106.88602	-0.35748256867303263
106.898133	-0.35748435947253104
106.898133	-0.35748435947253104
106.898133	-0.35748435947253104
106.898133	-0.35748435947253104
106.898133	-0.35748435947253104
106.946035	-0.35748991446104372
106.958131	-0.35749096973587485
106.958131	-0.35749096973587485
106.958131	-0.35749096973587485
106.958131	-0.35749096973587485
106.958131	-0.35749096973587485
106.958131	-0.35749096973587485
106.958131	-0.35749096973587485
106.958131	-0.35749096973587485
107.018114	-0.35749360580644812
107.042017	-0.35749348566857025
107.042031	-0.35749348527327202
107.06603	-0.35749266949112596
107.078127	-0.35749205076494095
107.078127	-0.35749205076494095
107.090072	-0.35749121580595922
107.090072	-0.35749121580595922
107.090072	-0.35749121580595922
107.090072	-0.35749121580595922
107.138125	-0.35748651090785066
107.138125	-0.35748651090785066
107.138125	-0.35748651090785066
107.138125	-0.35748651090785066
107.174095	-0.35748149561960185
107.186031	-0.35747960163873477
107.198127	-0.3574775898552392
107.198127	-0.3574775898552392
107.198127	-0.3574775898552392
107.198127	-0.3574775898552392
107.198127	-0.3574775898552392
107.246109	-0.35746863129702905
107.25814	-0.35746621878584101
107.25814	-0.35746621878584101
107.25814	-0.35746621878584101
107.25814	-0.35746621878584101
107.25814	-0.35746621878584101
107.25814	-0.35746621878584101
107.25814	-0.35746621878584101
107.25814	-0.35746621878584101
107.25814	-0.35746621878584101
107.25814	-0.35746621878584101
107.318143	-0.35745356359899955
107.366031	-0.35744339787690715
107.378196	-0.35744088089512782
107.378196	-0.35744088089512782
107.39003	-0.35743850355511314
107.39003	-0.35743850355511314
107.39003	-0.35743850355511314
107.39003	-0.35743850355511314
107.438157	-0.35742944573246005
107.438157	-0.35742944573246005
107.45003	-0.35742744988086578
107.45003	-0.35742744988086578
107.474096	-0.35742366429503503
107.48603	-0.35742196041883312
107.498166	-0.35742032675308821
107.498166	-0.35742032675308821
107.498166	-0.35742032675308821
107.498166	-0.35742032675308821
107.498166	-0.35742032675308821
107.498166	-0.35742032675308821
107.558144	-0.3574143780293369
107.558144	-0.3574143780293369
107.558144	-0.3574143780293369
107.582031	-0.35741301661934782
107.582031	-0.35741301661934782
107.582031	-0.35741301661934782
107.618125	-0.35741209957906639
107.618125	-0.35741209957906639
107.618125	-0.35741209957906639
107.642102	-0.35741225860514281
107.642102	-0.35741225860514281
107.642102	-0.35741225860514281
107.678132	-0.35741361899366925
107.678132	-0.35741361899366925
107.678132	-0.35741361899366925
107.678132	-0.35741361899366925
107.714095	-0.35741628175231949
107.726031	-0.35741742083067152
107.738127	-0.35741868087122436
107.738127	-0.35741868087122436
107.738127	-0.35741868087122436
107.738127	-0.35741868087122436
107.738127	-0.35741868087122436
107.738127	-0.35741868087122436
107.798144	-0.35742668457513033
107.798144	-0.35742668457513033
107.810283	-0.3574286026790538
107.822031	-0.3574304984241648
107.822031	-0.3574304984241648
107.846031	-0.35743460235139296
107.858124	-0.35743673707941348
107.858124	-0.35743673707941348
107.858124	-0.35743673707941348
107.858124	-0.35743673707941348
107.894113	-0.35744331580642152
107.894113	-0.35744331580642152
107.918128	-0.35744777745867629
107.918128	-0.35744777745867629
107.918128	-0.35744777745867629
107.918128	-0.35744777745867629
107.918128	-0.35744777745867629
107.966031	-0.35745652297110247
107.978132	-0.35745865818790035
107.978132	-0.35745865818790035
107.978132	-0.35745865818790035
107.978132	-0.35745865818790035
107.978132	-0.35745865818790035
107.978132	-0.35745865818790035
107.978132	-0.35745865818790035
107.978132	-0.35745865818790035
108.038193	-0.35746828724430613
108.062047	-0.35747154131167352
108.062047	-0.35747154131167352
108.086046	-0.35747439340525672
108.098145	-0.35747569305355892
108.098145	-0.35747569305355892
108.098145	-0.35747569305355892
108.098145	-0.35747569305355892
108.134117	-0.35747875419099717
108.134117	-0.35747875419099717
108.134117	-0.35747875419099717
108.134117	-0.35747875419099717
108.158163	-0.35748020071647357
108.182046	-0.35748108636269121
108.182046	-0.35748108636269121
108.182046	-0.35748108636269121
108.218138	-0.35748141303059877
108.218138	-0.35748141303059877
108.230046	-0.35748122194818299
108.230046	-0.35748122194818299
108.254121	-0.35748050730037512
108.254121	-0.35748050730037512
108.278145	-0.3574792915636269
108.278145	-0.3574792915636269
108.278145	-0.3574792915636269
108.302116	-0.35747756704473949
108.302116	-0.35747756704473949
108.302116	-0.35747756704473949
108.338219	-0.35747412868200817
108.338219	-0.35747412868200817
108.338219	-0.35747412868200817
108.338219	-0.35747412868200817
108.374113	-0.3574698185364184
108.386047	-0.35746822759543034
108.398143	-0.35746655290408696
108.398143	-0.35746655290408696
108.398143	-0.35746655290408696
108.398143	-0.35746655290408696
108.434179	-0.35746116753730639
108.434179	-0.35746116753730639
108.458153	-0.35745738116146358
108.458153	-0.35745738116146358
108.47006	-0.35745545404365586
108.47006	-0.35745545404365586
108.494111	-0.35745153204552393
108.494111	-0.35745153204552393
108.518147	-0.35744761250032675
108.518147	-0.35744761250032675
108.518147	-0.35744761250032675
108.518147	-0.35744761250032675
108.518147	-0.35744761250032675
108.518147	-0.35744761250032675
108.578147	-0.35743827209588569
108.578147	-0.35743827209588569
108.578147	-0.35743827209588569
108.578147	-0.35743827209588569
108.614113	-0.35743329789142447
108.626047	-0.35743178858524344
108.638143	-0.35743032479366266
108.638143	-0.35743032479366266
108.638143	-0.35743032479366266
108.638143	-0.35743032479366266
108.674112	-0.3574265874620024
108.686046	-0.35742554232782997
108.698215	-0.35742456451811172
108.698215	-0.35742456451811172
108.710046	-0.35742376955206712
108.710046	-0.35742376955206712
108.710046	-0.35742376955206712
108.710046	-0.35742376955206712
108.758141	-0.35742156899783534
108.758141	-0.35742156899783534
108.758141	-0.35742156899783534
108.758141	-0.35742156899783534
108.758141	-0.35742156899783534
108.758141	-0.35742156899783534
108.818141	-0.35742135642027406
108.818141	-0.35742135642027406
108.818141	-0.35742135642027406
108.818141	-0.35742135642027406
108.818141	-0.35742135642027406
108.818141	-0.35742135642027406
108.878145	-0.35742101004373061
108.878145	-0.35742101004373061
108.878145	-0.35742101004373061
108.878145	-0.35742101004373061
108.878145	-0.35742101004373061
108.878145	-0.35742101004373061
108.938143	-0.35742040178935314
108.938143	-0.35742040178935314
108.938143	-0.35742040178935314
108.938143	-0.35742040178935314
108.938143	-0.35742040178935314
108.938143	-0.35742040178935314
108.998163	-0.35742403558120261
108.998163	-0.35742403558120261
108.998163	-0.35742403558120261
108.998163	-0.35742403558120261
109.03411	-0.35742866349943336
109.03411	-0.35742866349943336
109.058163	-0.35743260905282281
109.058178	-0.3574326116013114
109.058178	-0.3574326116013114
109.058178	-0.3574326116013114
109.094195	-0.35743973905683252
109.106061	-0.35744233431621414
109.118155	-0.35744507474348081
109.118155	-0.35744507474348081
109.118155	-0.35744507474348081
109.142061	-0.3574507987245083
109.142061	-0.3574507987245083
109.166062	-0.35745682130557477
109.17816	-0.35745991426178791
109.17816	-0.35745991426178791
109.17816	-0.35745991426178791
109.17816	-0.35745991426178791
109.17816	-0.35745991426178791
109.17816	-0.35745991426178791
109.238158	-0.35747531732472276
109.238158	-0.35747531732472276
109.25008	-0.35747826525108717
109.25008	-0.35747826525108717
109.274139	-0.35748403290537317
109.286061	-0.35748675322538248
109.298178	-0.35748943502978453
109.298178	-0.35748943502978453
109.298178	-0.35748943502978453
109.298178	-0.35748943502978453
109.334133	-0.35749654387651353
109.334133	-0.35749654387651353
109.358234	-0.35750060646493398
109.358234	-0.35750060646493398
109.370061	-0.35750229747553786
109.370061	-0.35750229747553786
109.394154	-0.35750529496421196
109.394154	-0.35750529496421196
109.418156	-0.35750753996582157
109.418156	-0.35750753996582157
109.418156	-0.35750753996582157
109.418156	-0.35750753996582157
109.418156	-0.35750753996582157
109.418156	-0.35750753996582157
109.478157	-0.35750952968569005
109.478157	-0.35750952968569005
109.478157	-0.35750952968569005
109.478157	-0.35750952968569005
109.478157	-0.35750952968569005
109.478157	-0.35750952968569005
109.53816	-0.35750641605501504
109.53816	-0.35750641605501504
109.550081	-0.35750517639028068
109.550081	-0.35750517639028068
109.550081	-0.35750517639028068
109.586062	-0.3575005126696163
109.598188	-0.35749862946316041
109.598188	-0.35749862946316041
109.598188	-0.35749862946316041
109.598188	-0.35749862946316041
109.598188	-0.35749862946316041
109.646061	-0.35748966257651343
109.646061	-0.35748966257651343
109.646061	-0.35748966257651343
109.646061	-0.35748966257651343
109.658163	-0.35748711544841894
109.694126	-0.35747893820824367
109.694126	-0.35747893820824367
109.718156	-0.35747315893078185
109.718156	-0.35747315893078185
109.718156	-0.35747315893078185
109.718156	-0.35747315893078185
109.718156	-0.35747315893078185
109.718156	-0.35747315893078185
109.778167	-0.35745824355888117
109.778167	-0.35745824355888117
109.790065	-0.35745531327547031
109.802061	-0.35745237723443546
109.802061	-0.35745237723443546
109.802061	-0.35745237723443546
109.838158	-0.35744387310758374
109.838158	-0.35744387310758374
109.838158	-0.35744387310758374
109.838158	-0.35744387310758374
109.838158	-0.35744387310758374
109.838158	-0.35744387310758374
109.898158	-0.35743137400628722
109.898158	-0.35743137400628722
109.898158	-0.35743137400628722
109.898158	-0.35743137400628722
109.934134	-0.35742524671114634
109.934134	-0.35742524671114634
109.958159	-0.35742178301232252
109.958159	-0.35742178301232252
109.958159	-0.35742178301232252
109.982061	-0.3574189319377033
109.994132	-0.35741773811695521
109.994132	-0.35741773811695521
110.018262	-0.35741573477628763
110.018262	-0.35741573477628763
110.018262	-0.35741573477628763
110.018262	-0.35741573477628763
110.018262	-0.35741573477628763
110.018262	-0.35741573477628763
110.078208	-0.35741346092680892
110.078208	-0.35741346092680892
110.078208	-0.35741346092680892
110.078208	-0.35741346092680892
110.078208	-0.35741346092680892
110.078208	-0.35741346092680892
110.138174	-0.35741472897587012
110.138174	-0.35741472897587012
110.138174	-0.35741472897587012
110.138174	-0.35741472897587012
110.138174	-0.35741472897587012
110.138174	-0.35741472897587012
110.198174	-0.35741897398064271
110.198174	-0.35741897398064271
110.210099	-0.35742012083505953
110.222079	-0.35742131554065187
110.222079	-0.35742131554065187
110.222079	-0.35742131554065187
110.258183	-0.35742536480363479
110.258183	-0.35742536480363479
110.270079	-0.35742681119989844
110.270079	-0.35742681119989844
110.294143	-0.35742982313253097
110.294143	-0.35742982313253097
110.318272	-0.35743293447135327
110.318272	-0.35743293447135327
110.318272	-0.35743293447135327
110.318272	-0.35743293447135327
110.318272	-0.35743293447135327
110.366079	-0.35743912093729224
110.378176	-0.3574406527406559
110.378176	-0.3574406527406559
110.39018	-0.35744212935996383
110.39018	-0.35744212935996383
110.39018	-0.35744212935996383
110.39018	-0.35744212935996383
110.438189	-0.35744765773959736
110.438189	-0.35744765773959736
110.438189	-0.35744765773959736
110.46208	-0.35745007654771782
110.474145	-0.35745118923341856
110.486079	-0.35745222883898209
110.498174	-0.35745322292605602
110.498174	-0.35745322292605602
110.498174	-0.35745322292605602
110.498174	-0.35745322292605602
110.498174	-0.35745322292605602
110.546152	-0.3574563099199044
110.558181	-0.35745689749741033
110.558181	-0.35745689749741033
110.558181	-0.35745689749741033
110.558181	-0.35745689749741033
110.558181	-0.35745689749741033
110.558181	-0.35745689749741033
110.618175	-0.35745850550141922
110.618175	-0.35745850550141922
110.618175	-0.35745850550141922
110.618175	-0.35745850550141922
110.618175	-0.35745850550141922
110.618175	-0.35745850550141922
110.678251	-0.35745814907727458
110.678251	-0.35745814907727458
110.678251	-0.35745814907727458
110.678251	-0.35745814907727458
110.678251	-0.35745814907727458
110.72608	-0.35745666953210864
110.738173	-0.3574561710396717
110.738173	-0.3574561710396717
110.738173	-0.3574561710396717
110.738173	-0.3574561710396717
110.738173	-0.3574561710396717
110.786083	-0.3574537603019689
110.798201	-0.3574530793018213
110.798201	-0.3574530793018213
110.798201	-0.3574530793018213
110.798201	-0.3574530793018213
110.798201	-0.3574530793018213
110.798201	-0.3574530793018213
110.858175	-0.35744949023136724
110.858175	-0.35744949023136724
110.858175	-0.35744949023136724
110.858175	-0.35744949023136724
110.858175	-0.35744949023136724
110.90608	-0.3574466893942812
110.918175	-0.35744602477385395
110.918175	-0.35744602477385395
110.918175	-0.35744602477385395
110.918175	-0.35744602477385395
110.95415	-0.35744425233956911
110.95415	-0.35744425233956911
110.978183	-0.35744324737358069
110.978183	-0.35744324737358069
110.978183	-0.35744324737358069
111.00208	-0.35744243674713011
111.014144	-0.35744211039210638
111.014144	-0.35744211039210638
111.038174	-0.35744159632048439
111.038174	-0.35744159632048439
111.038174	-0.35744159632048439
111.038174	-0.35744159632048439
111.038189	-0.35744159602694259
111.086094	-0.3574412822266515
111.098207	-0.35744133822072832
111.098207	-0.35744133822072832
111.098207	-0.35744133822072832
111.098207	-0.35744133822072832
111.098207	-0.35744133822072832
111.098207	-0.35744133822072832
111.158192	-0.35744254972998424
111.158192	-0.35744254972998424
111.158192	-0.35744254972998424
111.158192	-0.35744254972998424
111.158192	-0.35744254972998424
111.158192	-0.35744254972998424
111.21819	-0.35744511803097767
111.21819	-0.35744511803097767
111.21819	-0.35744511803097767
111.21819	-0.35744511803097767
111.21819	-0.35744511803097767
111.266094	-0.35744796661984879
111.278191	-0.35744876574553114
111.278191	-0.35744876574553114
111.290094	-0.35744958954438472
111.302094	-0.35745043279933719
111.302094	-0.35745043279933719
111.326094	-0.35745218769772119
111.338265	-0.35745309539653836
111.338265	-0.35745309539653836
111.338265	-0.35745309539653836
111.362114	-0.35745489714516271
111.362114	-0.35745489714516271
111.386095	-0.35745670797660201
111.398226	-0.35745761656620612
111.398226	-0.35745761656620612
111.398226	-0.35745761656620612
111.398226	-0.35745761656620612
111.434158	-0.35746021138460826
111.434158	-0.35746021138460826
111.458191	-0.35746184336102466
111.458191	-0.35746184336102466
111.458191	-0.35746184336102466
111.458191	-0.35746184336102466
111.458191	-0.35746184336102466
111.458191	-0.35746184336102466
111.518189	-0.35746532016715454
111.518189	-0.35746532016715454
111.518189	-0.35746532016715454
111.518189	-0.35746532016715454
111.554163	-0.35746687505575075
111.566095	-0.35746729199315552
111.578192	-0.35746767103064969
111.578192	-0.35746767103064969
111.578192	-0.35746767103064969
111.578192	-0.35746767103064969
111.578192	-0.35746767103064969
111.626094	-0.35746855402909794
111.626094	-0.35746855402909794
111.626094	-0.35746855402909794
111.626094	-0.35746855402909794
111.638298	-0.35746864289341701
111.67416	-0.35746850024261073
111.67416	-0.35746850024261073
111.698189	-0.35746812254297233
111.698189	-0.35746812254297233
111.698189	-0.35746812254297233
111.698189	-0.35746812254297233
111.698189	-0.35746812254297233
111.698189	-0.35746812254297233
111.758193	-0.35746614630695844
111.758193	-0.35746614630695844
111.758193	-0.35746614630695844
111.782095	-0.35746498687819472
111.794165	-0.35746432140078099
111.806095	-0.35746362630565459
111.818196	-0.35746288499107687
111.818196	-0.35746288499107687
111.818196	-0.35746288499107687
111.818196	-0.35746288499107687
111.818196	-0.35746288499107687
111.818196	-0.35746288499107687
111.878232	-0.35745862367279047
111.878232	-0.35745862367279047
111.878232	-0.35745862367279047
111.878232	-0.35745862367279047
111.914161	-0.35745574480719883
111.926144	-0.35745475169406726
111.938206	-0.35745374096310334
111.938206	-0.35745374096310334
111.938206	-0.35745374096310334
111.938206	-0.35745374096310334
111.938206	-0.35745374096310334
111.986094	-0.35744967322822951
111.998265	-0.35744864248862929
111.998265	-0.35744864248862929
112.010114	-0.35744765183767402
112.010114	-0.35744765183767402
112.010114	-0.35744765183767402
112.010114	-0.35744765183767402
112.058199	-0.35744376765492458
112.058199	-0.35744376765492458
112.070095	-0.35744286657727714
112.07011	-0.35744286544887227
112.07011	-0.35744286544887227
112.07011	-0.35744286544887227
112.118203	-0.35743948817984128
112.118203	-0.35743948817984128
112.118203	-0.35743948817984128
112.14213	-0.35743802486720971
112.14213	-0.35743802486720971
112.14213	-0.35743802486720971
112.178231	-0.35743612987010742
112.178231	-0.35743612987010742
112.178231	-0.35743612987010742
112.178231	-0.35743612987010742
112.214173	-0.35743466878270846
112.22611	-0.35743427878604134
112.238206	-0.35743392477359281
112.238206	-0.35743392477359281
112.238206	-0.35743392477359281
112.238206	-0.35743392477359281
112.238206	-0.35743392477359281
112.238206	-0.35743392477359281
112.298208	-0.35743298899701181
112.298208	-0.35743298899701181
112.310171	-0.35743296870057872
112.310171	-0.35743296870057872
112.310171	-0.35743296870057872
112.310171	-0.35743296870057872
112.358206	-0.35743332944515294
112.358206	-0.35743332944515294
112.370109	-0.35743355212739908
112.370109	-0.35743355212739908
112.370109	-0.35743355212739908
112.370109	-0.35743355212739908
112.418202	-0.35743484282288729
112.418202	-0.35743484282288729
112.418202	-0.35743484282288729
112.418202	-0.35743484282288729
112.418202	-0.35743484282288729
112.46611	-0.3574367716491989
112.478214	-0.35743733801564609
112.478214	-0.35743733801564609
112.478214	-0.35743733801564609
112.478214	-0.35743733801564609
112.478214	-0.35743733801564609
112.478214	-0.35743733801564609
112.538296	-0.35743935669002463
112.538296	-0.35743935669002463
112.538296	-0.35743935669002463
112.538296	-0.35743935669002463
112.538296	-0.35743935669002463
112.538296	-0.35743935669002463
112.598238	-0.35743885768417771
112.598238	-0.35743885768417771
112.598238	-0.35743885768417771
112.598238	-0.35743885768417771
112.598238	-0.35743885768417771
112.598238	-0.35743885768417771
112.658311	-0.35743677344515096
112.658311	-0.35743677344515096
112.658311	-0.35743677344515096
112.658311	-0.35743677344515096
112.694192	-0.35743468676008783
112.694192	-0.35743468676008783
112.718204	-0.35743278228146613
112.718204	-0.35743278228146613
112.718204	-0.35743278228146613
112.718204	-0.35743278228146613
112.718204	-0.35743278228146613
112.766109	-0.35742733033497176
112.778207	-0.35742562991681859
112.778207	-0.35742562991681859
112.778207	-0.35742562991681859
112.778207	-0.35742562991681859
112.778207	-0.35742562991681859
112.778207	-0.35742562991681859
112.83821	-0.35741570209644508
112.83821	-0.35741570209644508
112.83821	-0.35741570209644508
112.862109	-0.35741141502889145
112.862109	-0.35741141502889145
112.862109	-0.35741141502889145
112.898204	-0.35740490205720371
112.898204	-0.35740490205720371
112.898204	-0.35740490205720371
112.898204	-0.35740490205720371
112.898204	-0.35740490205720371
112.946109	-0.35739656183663432
112.958209	-0.35739461322001553
112.958209	-0.35739461322001553
112.958209	-0.35739461322001553
112.98211	-0.35739121851066724
112.98211	-0.35739121851066724
112.98211	-0.35739121851066724
113.018204	-0.35738751628575177
113.018204	-0.35738751628575177
113.018204	-0.35738751628575177
113.018204	-0.35738751628575177
113.054269	-0.35738622238106593
113.066109	-0.35738639976672498
113.078224	-0.3573868516481577
113.078239	-0.35738685220764771
113.078239	-0.35738685220764771
113.078239	-0.35738685220764771
113.114188	-0.35739063044133579
113.114188	-0.35739063044133579
113.138219	-0.35739495354649309
113.138219	-0.35739495354649309
113.138219	-0.35739495354649309
113.138219	-0.35739495354649309
113.138219	-0.35739495354649309
113.138219	-0.35739495354649309
113.198223	-0.35741268440079627
113.198223	-0.35741268440079627
113.210124	-0.35741737750786884
113.210124	-0.35741737750786884
113.210124	-0.35741737750786884
113.210124	-0.35741737750786884
113.258222	-0.35743916055675529
113.258222	-0.35743916055675529
113.258222	-0.35743916055675529
113.282124	-0.35745164180273298
113.282124	-0.35745164180273298
113.282124	-0.35745164180273298
113.318321	-0.35747197323384772
113.318321	-0.35747197323384772
113.318321	-0.35747197323384772
113.318321	-0.35747197323384772
113.318321	-0.35747197323384772
113.318321	-0.35747197323384772
113.378245	-0.35750723641751847
113.378245	-0.35750723641751847
113.378245	-0.35750723641751847
113.378245	-0.35750723641751847
113.378245	-0.35750723641751847
113.378245	-0.35750723641751847
113.438228	-0.35754058364848995
113.438228	-0.35754058364848995
113.45021	-0.35754652869102599
113.45021	-0.35754652869102599
113.45021	-0.35754652869102599
113.45021	-0.35754652869102599
113.498241	-0.3575673864264704
113.498241	-0.3575673864264704
113.498241	-0.3575673864264704
113.498241	-0.3575673864264704
113.534195	-0.35757849356719845
113.546125	-0.35758122898563283
113.558224	-0.35758358256084766
113.558224	-0.35758358256084766
113.558224	-0.35758358256084766
113.558224	-0.35758358256084766
113.558224	-0.35758358256084766
113.558224	-0.35758358256084766
113.558224	-0.35758358256084766
113.558224	-0.35758358256084766
113.558224	-0.35758358256084766
113.558224	-0.35758358256084766
113.558224	-0.35758358256084766
113.618222	-0.35758633336156043
113.678221	-0.3575743945034785
113.678221	-0.3575743945034785
113.678221	-0.3575743945034785
113.702124	-0.3575656085229299
113.702124	-0.3575656085229299
113.726124	-0.35755456540340114
113.738218	-0.35754836332318601
113.738218	-0.35754836332318601
113.738218	-0.35754836332318601
113.738218	-0.35754836332318601
113.738218	-0.35754836332318601
113.786125	-0.35751894877977669
113.79822	-0.35751063199505051
113.79822	-0.35751063199505051
113.79822	-0.35751063199505051
113.79822	-0.35751063199505051
113.834188	-0.35748394872409561
113.846217	-0.35747459755354188
113.858227	-0.35746511782181006
113.858227	-0.35746511782181006
113.858227	-0.35746511782181006
113.882167	-0.35744588007238981
113.894191	-0.3574361511074699
113.906125	-0.35742652735418801
113.918219	-0.35741680570538475
113.918219	-0.35741680570538475
113.918219	-0.35741680570538475
113.942124	-0.35739798583054666
113.942124	-0.35739798583054666
113.966124	-0.35737989128130987
113.978314	-0.35737102037523077
113.978314	-0.35737102037523077
113.990124	-0.35736287676525685
114.002124	-0.35735479164569806
114.002124	-0.35735479164569806
114.026124	-0.35734005064980423
114.03822	-0.35733317474744825
114.03822	-0.35733317474744825
114.050243	-0.35732704518766961
114.050243	-0.35732704518766961
114.050243	-0.35732704518766961
114.050243	-0.35732704518766961
114.098247	-0.3573074179091259
114.098247	-0.3573074179091259
114.110247	-0.35730417261909797
114.110247	-0.35730417261909797
114.110247	-0.35730417261909797
114.110247	-0.35730417261909797
114.158252	-0.35729685795410288
114.158252	-0.35729685795410288
114.158252	-0.35729685795410288
114.158252	-0.35729685795410288
114.158252	-0.35729685795410288
114.206139	-0.35730038605559955
114.218235	-0.35730279099159612
114.218235	-0.35730279099159612
114.218235	-0.35730279099159612
114.218235	-0.35730279099159612
114.218235	-0.35730279099159612
114.266138	-0.35731917280248449
114.278326	-0.35732472073941468
114.278326	-0.35732472073941468
114.278326	-0.35732472073941468
114.278326	-0.35732472073941468
114.278326	-0.35732472073941468
114.278326	-0.35732472073941468
114.338239	-0.3573602053712388
114.338239	-0.3573602053712388
114.338239	-0.3573602053712388
114.338239	-0.3573602053712388
114.338239	-0.3573602053712388
114.338239	-0.3573602053712388
114.398232	-0.35740552181049379
114.398232	-0.35740552181049379
114.398232	-0.35740552181049379
114.398232	-0.35740552181049379
114.434206	-0.35743539148608583
114.446139	-0.35744547215350814
114.458259	-0.35745574743629888
114.458259	-0.35745574743629888
114.458259	-0.35745574743629888
114.458259	-0.35745574743629888
114.494202	-0.35748587781012486
114.494202	-0.35748587781012486
114.518251	-0.35750538110137653
114.518251	-0.35750538110137653
114.530138	-0.3575146063952277
114.530138	-0.3575146063952277
114.530138	-0.3575146063952277
114.530138	-0.3575146063952277
114.578238	-0.3575490882972126
114.578238	-0.3575490882972126
114.578238	-0.3575490882972126
114.578238	-0.3575490882972126
114.578238	-0.3575490882972126
114.578238	-0.3575490882972126
114.638316	-0.357582230153213
114.638316	-0.357582230153213
114.638316	-0.357582230153213
114.638316	-0.357582230153213
114.638316	-0.357582230153213
114.638316	-0.357582230153213
114.698233	-0.35760117869965774
114.698233	-0.35760117869965774
114.698233	-0.35760117869965774
114.698233	-0.35760117869965774
114.734209	-0.35760479786187788
114.746138	-0.35760472074972477
114.758239	-0.35760410321959124
114.758239	-0.35760410321959124
114.770227	-0.35760256146805819
114.770227	-0.35760256146805819
114.770227	-0.35760256146805819
114.806141	-0.35759460970845086
114.806141	-0.35759460970845086
114.806141	-0.35759460970845086
114.806141	-0.35759460970845086
114.806141	-0.35759460970845086
114.806141	-0.35759460970845086
114.818233	-0.35759077840066539
114.878238	-0.35756276971085904
114.878238	-0.35756276971085904
114.878238	-0.35756276971085904
114.878238	-0.35756276971085904
114.878238	-0.35756276971085904
114.878238	-0.35756276971085904
114.938236	-0.35752402363051144
114.938236	-0.35752402363051144
114.938236	-0.35752402363051144
114.938236	-0.35752402363051144
114.938236	-0.35752402363051144
114.986139	-0.35749020394548475
114.998237	-0.35748157996788626
114.998237	-0.35748157996788626
114.998237	-0.35748157996788626
114.998237	-0.35748157996788626
114.998237	-0.35748157996788626
114.998237	-0.35748157996788626
114.998237	-0.35748157996788626
114.998237	-0.35748157996788626
115.058257	-0.357437937877984
115.082139	-0.35742029545290566
115.082155	-0.35742028370299572
115.106154	-0.3574027438466989
115.106154	-0.3574027438466989
115.106154	-0.3574027438466989
115.106154	-0.3574027438466989
115.106154	-0.3574027438466989
115.106154	-0.3574027438466989
115.118254	-0.35739402367733597
115.178288	-0.3573539690788346
115.178288	-0.3573539690788346
115.178288	-0.3573539690788346
115.178288	-0.3573539690788346
115.214227	-0.35733377017597812
115.226155	-0.35732785660401573
115.23825	-0.35732221574555678
115.23825	-0.35732221574555678
115.250154	-0.35731734080671168
115.250154	-0.35731734080671168
115.250154	-0.35731734080671168
115.250154	-0.35731734080671168
115.298341	-0.35730222827099994
115.298341	-0.35730222827099994
115.298341	-0.35730222827099994
115.298341	-0.35730222827099994
115.334228	-0.35729707802507449
115.334228	-0.35729707802507449
115.358256	-0.35729642765100894
115.358256	-0.35729642765100894
115.358256	-0.35729642765100894
115.382155	-0.3572982935768001
115.382155	-0.3572982935768001
115.406154	-0.35730262963143372
115.418247	-0.35730554689147059
115.418247	-0.35730554689147059
115.418247	-0.35730554689147059
115.418247	-0.35730554689147059
115.454232	-0.35731799423862382
115.454232	-0.35731799423862382
115.478262	-0.35732877932678031
115.478262	-0.35732877932678031
115.478262	-0.35732877932678031
115.478262	-0.35732877932678031
115.478262	-0.35732877932678031
115.478262	-0.35732877932678031
115.538272	-0.35736373260931781
115.538272	-0.35736373260931781
115.538272	-0.35736373260931781
115.538272	-0.35736373260931781
115.574234	-0.3573888530208803
115.574234	-0.3573888530208803
115.598252	-0.35740671613557495
115.598252	-0.35740671613557495
115.610154	-0.35741584004493698
115.622155	-0.35742509459903671
115.634219	-0.35743449574811514
115.634219	-0.35743449574811514
115.658252	-0.35745323776637938
115.658252	-0.35745323776637938
115.670176	-0.35746245356660361
115.682154	-0.35747165897612315
115.682154	-0.35747165897612315
115.682154	-0.35747165897612315
115.718269	-0.35749842255281605
115.718269	-0.35749842255281605
115.718269	-0.35749842255281605
115.718269	-0.35749842255281605
115.718269	-0.35749842255281605
115.718269	-0.35749842255281605
115.778255	-0.35753755689253974
115.778255	-0.35753755689253974
115.778255	-0.35753755689253974
115.802175	-0.35755054968284494
115.802175	-0.35755054968284494
115.802175	-0.35755054968284494
115.83825	-0.35756670385900441
115.83825	-0.35756670385900441
115.83825	-0.35756670385900441
115.83825	-0.35756670385900441
115.874225	-0.35757805812063226
115.886154	-0.35758075375742743
115.898247	-0.35758302844834211
115.898247	-0.35758302844834211
115.898247	-0.35758302844834211
115.898247	-0.35758302844834211
115.898247	-0.35758302844834211
115.898247	-0.35758302844834211
115.958348	-0.35758512777654955
115.958348	-0.35758512777654955
115.958348	-0.35758512777654955
115.958348	-0.35758512777654955
115.958348	-0.35758512777654955
115.958348	-0.35758512777654955
116.01825	-0.35757339448383796
116.01825	-0.35757339448383796
116.01825	-0.35757339448383796
116.01825	-0.35757339448383796
116.01825	-0.35757339448383796
116.01825	-0.35757339448383796
116.078253	-0.35755194094101073
116.078253	-0.35755194094101073
116.090227	-0.35754677100098481
116.10217	-0.35754146294063571
116.10217	-0.35754146294063571
116.10217	-0.35754146294063571
116.138282	-0.3575233472961909
116.138282	-0.3575233472961909
116.138282	-0.3575233472961909
116.16217	-0.35750967549701335
116.174234	-0.35750225575718236
116.186171	-0.35749468756864511
116.198283	-0.35748679363595015
116.198283	-0.35748679363595015
116.210171	-0.35747875173753646
116.210171	-0.35747875173753646
116.210171	-0.35747875173753646
116.24617	-0.35745364009727343
116.25831	-0.35744498520361523
116.25831	-0.35744498520361523
116.25831	-0.35744498520361523
116.25831	-0.35744498520361523
116.294234	-0.35741936184210937
116.294234	-0.35741936184210937
116.318283	-0.35740256876229531
116.318283	-0.35740256876229531
116.33019	-0.3573945405588636
116.33019	-0.3573945405588636
116.33019	-0.3573945405588636
116.33019	-0.3573945405588636
116.378274	-0.35736427023474826
116.378274	-0.35736427023474826
116.378274	-0.35736427023474826
116.402188	-0.35735120339775994
116.414236	-0.35734535137222845
116.426171	-0.35734002103022211
116.438266	-0.35733506108460883
116.438266	-0.35733506108460883
116.438266	-0.35733506108460883
116.438266	-0.35733506108460883
116.438266	-0.35733506108460883
116.486255	-0.35732214255481715
116.498268	-0.35732036251213378
116.498268	-0.35732036251213378
116.498268	-0.35732036251213378
116.522174	-0.35731883475560905
116.522174	-0.35731883475560905
116.522174	-0.35731883475560905
116.558267	-0.35732053237535372
116.558267	-0.35732053237535372
116.558267	-0.35732053237535372
116.558267	-0.35732053237535372
116.594252	-0.35732675948602038
116.594252	-0.35732675948602038
116.618344	-0.35733313476877815
116.618344	-0.35733313476877815
116.63017	-0.35733706012695471
116.63017	-0.35733706012695471
116.63017	-0.35733706012695471
116.66617	-0.35735112583403217
116.678275	-0.3573565685953668
116.678275	-0.3573565685953668
116.678275	-0.3573565685953668
116.678275	-0.3573565685953668
116.714236	-0.35737494653469304
116.714236	-0.35737494653469304
116.738264	-0.35738852926053161
116.738264	-0.35738852926053161
116.738264	-0.35738852926053161
116.738264	-0.35738852926053161
116.738264	-0.35738852926053161
116.738264	-0.35738852926053161
116.798264	-0.35742576147993865
116.798264	-0.35742576147993865
116.798264	-0.35742576147993865
116.798264	-0.35742576147993865
116.798264	-0.35742576147993865
116.798264	-0.35742576147993865
116.85831	-0.357468294518132
116.85831	-0.357468294518132
116.85831	-0.357468294518132
116.85831	-0.357468294518132
116.85831	-0.357468294518132
116.85831	-0.357468294518132
116.918268	-0.35751555228434684
116.918268	-0.35751555228434684
116.918268	-0.35751555228434684
116.918268	-0.35751555228434684
116.954238	-0.35754097402690921
116.954238	-0.35754097402690921
116.978269	-0.35755517340857623
116.978269	-0.35755517340857623
116.978269	-0.35755517340857623
117.00217	-0.35756639761514447
117.014301	-0.35757087939434279
117.02617	-0.35757461386917055
117.038283	-0.35757781191336929
117.038283	-0.35757781191336929
117.038283	-0.35757781191336929
117.06217	-0.35758151043915232
117.06217	-0.35758151043915232
117.06217	-0.35758151043915232
117.09828	-0.35758134812035275
117.098296	-0.35758134720714635
117.098296	-0.35758134720714635
117.098296	-0.35758134720714635
117.098296	-0.35758134720714635
117.098296	-0.35758134720714635
117.158285	-0.35756626932548913
117.158285	-0.35756626932548913
117.170186	-0.35756111336439977
117.18219	-0.35755557913037589
117.18219	-0.35755557913037589
117.206187	-0.35754245301528653
117.218283	-0.35753517541414487
117.218283	-0.35753517541414487
117.218283	-0.35753517541414487
117.218283	-0.35753517541414487
117.218283	-0.35753517541414487
117.266186	-0.35750166342902429
117.27836	-0.35749234516091971
117.27836	-0.35749234516091971
117.27836	-0.35749234516091971
117.302186	-0.3574733119568953
117.302186	-0.3574733119568953
117.302186	-0.3574733119568953
117.338281	-0.35744344539358897
117.338281	-0.35744344539358897
117.338281	-0.35744344539358897
117.338281	-0.35744344539358897
117.338281	-0.35744344539358897
117.338281	-0.35744344539358897
117.398287	-0.35739427427841097
117.398287	-0.35739427427841097
117.398287	-0.35739427427841097
117.422186	-0.35737596423748308
117.422186	-0.35737596423748308
117.422186	-0.35737596423748308
117.458283	-0.35735073789488359
117.458283	-0.35735073789488359
117.458283	-0.35735073789488359
117.458283	-0.35735073789488359
117.494255	-0.3573295807709404
117.494255	-0.3573295807709404
117.51828	-0.3573179002610648
117.51828	-0.3573179002610648
117.51828	-0.3573179002610648
117.51828	-0.3573179002610648
117.51828	-0.3573179002610648
117.566186	-0.35730209279695718
117.566186	-0.35730209279695718
117.566186	-0.35730209279695718
117.578288	-0.35729956971271759
117.602187	-0.3572968768081134
117.614269	-0.35729664519904769
117.626186	-0.35729701145289111
117.638311	-0.35729794467362536
117.638311	-0.35729794467362536
117.650186	-0.35729983241204494
117.650186	-0.35729983241204494
117.650186	-0.35729983241204494
117.650186	-0.35729983241204494
117.698281	-0.35731339412763424
117.698281	-0.35731339412763424
117.698281	-0.35731339412763424
117.722186	-0.35732406130173316
117.722186	-0.35732406130173316
117.746207	-0.35733720650441408
117.758319	-0.3573445231894406
117.758319	-0.3573445231894406
117.758319	-0.3573445231894406
117.758319	-0.3573445231894406
117.758319	-0.3573445231894406
117.806257	-0.35737869938769623
117.818282	-0.3573882094836221
117.818282	-0.3573882094836221
117.818282	-0.3573882094836221
117.818282	-0.3573882094836221
117.818282	-0.3573882094836221
117.818282	-0.3573882094836221
117.878305	-0.35744020518304609
117.878305	-0.35744020518304609
117.878305	-0.35744020518304609
117.902187	-0.35746205934592284
117.902187	-0.35746205934592284
117.902187	-0.35746205934592284
117.938348	-0.35749533585407339
117.938348	-0.35749533585407339
117.938348	-0.35749533585407339
117.938348	-0.35749533585407339
117.974254	-0.3575275010150864
117.986186	-0.35753780584439293
117.998283	-0.35754805925271038
117.998283	-0.35754805925271038
117.998283	-0.35754805925271038
117.998283	-0.35754805925271038
117.998283	-0.35754805925271038
117.998283	-0.35754805925271038
118.058299	-0.35759341331871314
118.058299	-0.35759341331871314
118.058299	-0.35759341331871314
118.058299	-0.35759341331871314
118.058299	-0.35759341331871314
118.058299	-0.35759341331871314
118.118304	-0.35762699696232692
118.118304	-0.35762699696232692
118.130201	-0.35763181721392845
118.130201	-0.35763181721392845
118.130201	-0.35763181721392845
118.130201	-0.35763181721392845
118.178316	-0.35764574905473023
118.178316	-0.35764574905473023
118.190201	-0.35764738109236366
118.202271	-0.35764867175180864
118.214266	-0.35764905432759253
118.214266	-0.35764905432759253
118.238393	-0.35764813035889592
118.238393	-0.35764813035889592
118.238393	-0.35764813035889592
118.262201	-0.35764449028920864
118.262201	-0.35764449028920864
118.286202	-0.35763822495039055
118.298301	-0.35763430509508309
118.298301	-0.35763430509508309
118.298301	-0.35763430509508309
118.298301	-0.35763430509508309
118.33434	-0.35761878271218428
118.346201	-0.35761266089599769
118.358299	-0.35760601641501505
118.358299	-0.35760601641501505
118.358299	-0.35760601641501505
118.382201	-0.35759137725501433
118.382201	-0.35759137725501433
118.406221	-0.35757505979097975
118.418294	-0.35756643496377427
118.418294	-0.35756643496377427
118.430201	-0.35755753148681946
118.442201	-0.35754842501459394
118.454294	-0.35753894960156241
118.454294	-0.35753894960156241
118.478302	-0.35751974947423493
118.478302	-0.35751974947423493
118.490201	-0.35751004953804272
118.502204	-0.35750023742671072
118.514265	-0.35749034835812094
118.526201	-0.35748059931108184
118.538337	-0.35747072220127146
118.538337	-0.35747072220127146
118.538337	-0.35747072220127146
118.538337	-0.35747072220127146
118.538337	-0.35747072220127146
118.538337	-0.35747072220127146
118.598365	-0.35742422235736643
118.598365	-0.35742422235736643
118.598365	-0.35742422235736643
118.598365	-0.35742422235736643
118.598365	-0.35742422235736643
118.598365	-0.35742422235736643
118.658306	-0.35738469655671901
118.658306	-0.35738469655671901
118.658306	-0.35738469655671901
118.658306	-0.35738469655671901
118.658306	-0.35738469655671901
118.706202	-0.35736055511607423
118.718315	-0.35735554429221461
118.718315	-0.35735554429221461
118.718315	-0.35735554429221461
118.718315	-0.35735554429221461
118.754271	-0.35734417637854832
118.754271	-0.35734417637854832
118.754271	-0.35734417637854832
118.754271	-0.35734417637854832
118.754271	-0.35734417637854832
118.754271	-0.35734417637854832
118.754271	-0.35734417637854832
118.778298	-0.35733911440628857
118.838294	-0.35733626969602972
118.838294	-0.35733626969602972
118.838294	-0.35733626969602972
118.838294	-0.35733626969602972
118.838294	-0.35733626969602972
118.838294	-0.35733626969602972
118.898299	-0.35734644327817505
118.898299	-0.35734644327817505
118.910201	-0.35734996413378683
118.910201	-0.35734996413378683
118.910201	-0.35734996413378683
118.946201	-0.3573627337197629
118.958301	-0.35736772358205754
118.958301	-0.35736772358205754
118.958301	-0.35736772358205754
118.958301	-0.35736772358205754
118.958301	-0.35736772358205754
118.958301	-0.35736772358205754
119.018299	-0.35739711098392868
119.018299	-0.35739711098392868
119.018299	-0.35739711098392868
119.018299	-0.35739711098392868
119.054276	-0.35741710579697855
119.066233	-0.35742393784900883
119.0783	-0.3574308837769572
119.0783	-0.3574308837769572
119.0783	-0.3574308837769572
119.102201	-0.35744465634444722
119.114305	-0.3574515642752476
119.126296	-0.35745832301644198
119.138315	-0.35746502074725978
119.138315	-0.35746502074725978
119.138315	-0.35746502074725978
119.138315	-0.35746502074725978
119.174283	-0.35748397630614948
119.174283	-0.35748397630614948
119.198331	-0.35749562369173016
119.198331	-0.35749562369173016
119.198331	-0.35749562369173016
119.222219	-0.35750603989634644
119.222219	-0.35750603989634644
119.222219	-0.35750603989634644
119.258432	-0.35751938474720535
119.258432	-0.35751938474720535
119.270219	-0.35752291031286043
119.282219	-0.35752629235574618
119.282219	-0.35752629235574618
119.30622	-0.35753160768171083
119.318332	-0.35753376944040965
119.318332	-0.35753376944040965
119.318332	-0.35753376944040965
119.318332	-0.35753376944040965
119.354287	-0.35753727725955559
119.354287	-0.35753727725955559
119.378319	-0.35753756961840677
119.378319	-0.35753756961840677
119.378319	-0.35753756961840677
119.378319	-0.35753756961840677
119.378319	-0.35753756961840677
119.378319	-0.35753756961840677
119.438313	-0.35753067600493244
119.438313	-0.35753067600493244
119.450242	-0.35752802050504517
119.462239	-0.35752514763282223
119.462239	-0.35752514763282223
119.486219	-0.3575181479113963
119.498313	-0.35751420776871107
119.498313	-0.35751420776871107
119.498313	-0.35751420776871107
119.498313	-0.35751420776871107
119.498313	-0.35751420776871107
119.498313	-0.35751420776871107
119.558374	-0.3574902988777609
119.558374	-0.3574902988777609
119.558374	-0.3574902988777609
119.558374	-0.3574902988777609
119.558374	-0.3574902988777609
119.558374	-0.3574902988777609
119.618313	-0.35746195657350172
119.618313	-0.35746195657350172
119.618313	-0.35746195657350172
119.618313	-0.35746195657350172
119.618313	-0.35746195657350172
119.618313	-0.35746195657350172
119.678338	-0.35743244076551223
119.678338	-0.35743244076551223
119.690242	-0.35742678131575939
119.702219	-0.3574211519281924
119.714285	-0.35741566971139238
119.714285	-0.35741566971139238
119.738314	-0.35740520897636824
119.738314	-0.35740520897636824
119.738314	-0.35740520897636824
119.738314	-0.35740520897636824
119.738314	-0.35740520897636824
119.786291	-0.357387184167345
119.798336	-0.35738326873105231
119.798336	-0.35738326873105231
119.798336	-0.35738326873105231
119.798336	-0.35738326873105231
119.798336	-0.35738326873105231
119.798336	-0.35738326873105231
119.858319	-0.35736697775538151
119.858319	-0.35736697775538151
119.858319	-0.35736697775538151
119.858319	-0.35736697775538151
119.858319	-0.35736697775538151
119.858319	-0.35736697775538151
119.918413	-0.35735580528284044
119.918413	-0.35735580528284044
119.918413	-0.35735580528284044
119.918413	-0.35735580528284044
119.918413	-0.35735580528284044
119.966219	-0.35735447535123971
119.978314	-0.35735535184688144
119.978314	-0.35735535184688144
119.978314	-0.35735535184688144
119.978314	-0.35735535184688144
119.978314	-0.35735535184688144
119.978314	-0.35735535184688144
120.038335	-0.35736820613804832
120.038335	-0.35736820613804832
120.038335	-0.35736820613804832
120.062226	-0.35737681643625718
120.062226	-0.35737681643625718
120.062226	-0.35737681643625718
120.062226	-0.35737681643625718
120.062242	-0.35737682318842162
120.062242	-0.35737682318842162
120.098312	-0.35739309900750521
120.134307	-0.35741277385656584
120.134307	-0.35741277385656584
120.158332	-0.35742730669699135
120.158332	-0.35742730669699135
120.158332	-0.35742730669699135
120.158332	-0.35742730669699135
120.194311	-0.35745073834698243
120.194311	-0.35745073834698243
120.21839	-0.35746702371567635
120.21839	-0.35746702371567635
120.21839	-0.35746702371567635
120.21839	-0.35746702371567635
120.21839	-0.35746702371567635
120.21839	-0.35746702371567635
120.21839	-0.35746702371567635
120.21839	-0.35746702371567635
120.21839	-0.35746702371567635
120.278333	-0.35750771701732081
120.314367	-0.35753075750342495
120.314367	-0.35753075750342495
120.338362	-0.35754502229400148
120.338362	-0.35754502229400148
120.338362	-0.35754502229400148
120.362235	-0.35755795871961982
120.362235	-0.35755795871961982
120.386235	-0.35756948344889256
120.398328	-0.35757479872676501
120.398328	-0.35757479872676501
120.398328	-0.35757479872676501
120.398328	-0.35757479872676501
120.398328	-0.35757479872676501
120.44631	-0.35759098355128277
120.458335	-0.35759395513581371
120.458335	-0.35759395513581371
120.458335	-0.35759395513581371
120.458335	-0.35759395513581371
120.458335	-0.35759395513581371
120.506235	-0.35760017053311033
120.518346	-0.35760054343002901
120.518346	-0.35760054343002901
120.518346	-0.35760054343002901
120.542235	-0.35759948694314209
120.542235	-0.35759948694314209
120.542235	-0.35759948694314209
120.578403	-0.35759402758658909
120.578403	-0.35759402758658909
120.578403	-0.35759402758658909
120.578403	-0.35759402758658909
120.578403	-0.35759402758658909
120.626236	-0.35757991490551644
120.638334	-0.3575753245368255
120.638334	-0.3575753245368255
120.638334	-0.3575753245368255
120.638334	-0.3575753245368255
120.638334	-0.3575753245368255
120.638334	-0.3575753245368255
120.69833	-0.3575465252891778
120.69833	-0.3575465252891778
120.69833	-0.3575465252891778
120.69833	-0.3575465252891778
120.69833	-0.3575465252891778
120.69833	-0.3575465252891778
120.758331	-0.35751073235565195
120.758331	-0.35751073235565195
120.758331	-0.35751073235565195
120.758331	-0.35751073235565195
120.758331	-0.35751073235565195
120.806235	-0.3574795956054545
120.818328	-0.35747163360112405
120.818328	-0.35747163360112405
120.818328	-0.35747163360112405
120.818328	-0.35747163360112405
120.818328	-0.35747163360112405
120.818328	-0.35747163360112405
120.878435	-0.35743300814059037
120.878435	-0.35743300814059037
120.878435	-0.35743300814059037
120.878435	-0.35743300814059037
120.878435	-0.35743300814059037
120.926235	-0.35740516302346692
120.938337	-0.35739865827154021
120.938337	-0.35739865827154021
120.938337	-0.35739865827154021
120.938337	-0.35739865827154021
120.938337	-0.35739865827154021
120.938337	-0.35739865827154021
120.998331	-0.35737139141234181
120.998331	-0.35737139141234181
120.998331	-0.35737139141234181
121.022235	-0.35736303391707791
121.022235	-0.35736303391707791
121.022235	-0.35736303391707791
121.058343	-0.35735336992123223
121.058343	-0.35735336992123223
121.070235	-0.35735111057514934
121.070235	-0.35735111057514934
121.094296	-0.35734756833138526
121.094296	-0.35734756833138526
121.118353	-0.35734566699354403
121.118369	-0.35734566595016093
121.118369	-0.35734566595016093
121.118369	-0.35734566595016093
121.154318	-0.3573460995251167
121.166251	-0.35734701585092443
121.178367	-0.35734825842876755
121.178367	-0.35734825842876755
121.178367	-0.35734825842876755
121.178367	-0.35734825842876755
121.178367	-0.35734825842876755
121.178367	-0.35734825842876755
121.238414	-0.35736011527296369
121.238414	-0.35736011527296369
121.250251	-0.3573634634815997
121.250251	-0.3573634634815997
121.250251	-0.3573634634815997
121.286251	-0.35737500241570885
121.298362	-0.3573793232899794
121.298362	-0.3573793232899794
121.298362	-0.3573793232899794
121.322251	-0.35738849594177463
121.322251	-0.35738849594177463
121.346251	-0.35739833601419679
121.358347	-0.35740344474007002
121.358347	-0.35740344474007002
121.358347	-0.35740344474007002
121.358347	-0.35740344474007002
121.394323	-0.35741911989010816
121.394323	-0.35741911989010816
121.41835	-0.35742970865642743
121.41835	-0.35742970865642743
121.430251	-0.35743491437235825
121.430251	-0.35743491437235825
121.430251	-0.35743491437235825
121.430251	-0.35743491437235825
121.478352	-0.35745533326103585
121.478352	-0.35745533326103585
121.478352	-0.35745533326103585
121.478352	-0.35745533326103585
121.478352	-0.35745533326103585
121.478352	-0.35745533326103585
121.538349	-0.35747781750666735
121.538349	-0.35747781750666735
121.550251	-0.35748166636748752
121.550251	-0.35748166636748752
121.574316	-0.3574888941375769
121.574316	-0.3574888941375769
121.598345	-0.35749516950604776
121.598345	-0.35749516950604776
121.598345	-0.35749516950604776
121.598345	-0.35749516950604776
121.598345	-0.35749516950604776
121.598345	-0.35749516950604776
121.658369	-0.35750607087211628
121.658369	-0.35750607087211628
121.670254	-0.35750733110689809
121.670254	-0.35750733110689809
121.670254	-0.35750733110689809
121.670254	-0.35750733110689809
121.718344	-0.35750994243798484
121.718344	-0.35750994243798484
121.718344	-0.35750994243798484
121.718344	-0.35750994243798484
121.718344	-0.35750994243798484
121.718344	-0.35750994243798484
121.778349	-0.35750698473315934
121.778349	-0.35750698473315934
121.778349	-0.35750698473315934
121.802331	-0.35750406030149628
121.814318	-0.35750223859207758
121.814318	-0.35750223859207758
121.838353	-0.35749807154104252
121.838353	-0.35749807154104252
121.838353	-0.35749807154104252
121.838353	-0.35749807154104252
121.838353	-0.35749807154104252
121.838353	-0.35749807154104252
121.898422	-0.35748461682015609
121.898422	-0.35748461682015609
121.898422	-0.35748461682015609
121.898422	-0.35748461682015609
121.898422	-0.35748461682015609
121.898422	-0.35748461682015609
121.958357	-0.35746847061485715
121.958357	-0.35746847061485715
121.970303	-0.35746509631324763
121.982251	-0.35746171456893083
121.982251	-0.35746171456893083
122.006251	-0.3574549384904594
122.018346	-0.35745155381660226
122.018346	-0.35745155381660226
122.018346	-0.35745155381660226
122.042251	-0.357445039685027
122.042251	-0.357445039685027
122.042251	-0.357445039685027
122.042251	-0.357445039685027
122.042251	-0.357445039685027
122.042251	-0.357445039685027
122.042251	-0.357445039685027
122.042251	-0.357445039685027
122.078348	-0.35743579802954362
122.138434	-0.35742288040008807
122.138434	-0.35742288040008807
122.138434	-0.35742288040008807
122.138434	-0.35742288040008807
122.138434	-0.35742288040008807
122.186287	-0.35741556729969715
122.19837	-0.35741414814118572
122.19837	-0.35741414814118572
122.19837	-0.35741414814118572
122.19837	-0.35741414814118572
122.234331	-0.35741129156114049
122.246267	-0.35741074638714287
122.258382	-0.35741036035692447
122.258382	-0.35741036035692447
122.258382	-0.35741036035692447
122.258382	-0.35741036035692447
122.258382	-0.35741036035692447
122.306267	-0.35741112036849304
122.318403	-0.35741178186021727
122.318403	-0.35741178186021727
122.318403	-0.35741178186021727
122.318403	-0.35741178186021727
122.318403	-0.35741178186021727
122.318403	-0.35741178186021727
122.318403	-0.35741178186021727
122.318403	-0.35741178186021727
122.318403	-0.35741178186021727
122.318403	-0.35741178186021727
122.318403	-0.35741178186021727
122.378364	-0.35741810449868783
122.438364	-0.35742853837982635
122.438364	-0.35742853837982635
122.438364	-0.35742853837982635
122.438364	-0.35742853837982635
122.47434	-0.35743629667640636
122.486268	-0.35743904186706904
122.498359	-0.35744188623580436
122.498359	-0.35744188623580436
122.498359	-0.35744188623580436
122.498359	-0.35744188623580436
122.498359	-0.35744188623580436
122.498359	-0.35744188623580436
122.558441	-0.35745671169136461
122.558441	-0.35745671169136461
122.558441	-0.35745671169136461
122.558441	-0.35745671169136461
122.594344	-0.35746560768006452
122.594344	-0.35746560768006452
122.618382	-0.35747138438415949
122.618382	-0.35747138438415949
122.618382	-0.35747138438415949
122.618382	-0.35747138438415949
122.618382	-0.35747138438415949
122.618382	-0.35747138438415949
122.678364	-0.35748442181492879
122.678364	-0.35748442181492879
122.678364	-0.35748442181492879
122.678364	-0.35748442181492879
122.678364	-0.35748442181492879
122.678364	-0.35748442181492879
122.738367	-0.35749271276043809
122.738367	-0.35749271276043809
122.750267	-0.35749285742150444
122.750267	-0.35749285742150444
122.750267	-0.35749285742150444
122.750267	-0.35749285742150444
122.798364	-0.35748871997965537
122.798364	-0.35748871997965537
122.798364	-0.35748871997965537
122.798364	-0.35748871997965537
122.798364	-0.35748871997965537
122.798364	-0.35748871997965537
122.858368	-0.35747755387835817
122.858368	-0.35747755387835817
122.870379	-0.35747541430156277
122.870379	-0.35747541430156277
122.870379	-0.35747541430156277
122.870379	-0.35747541430156277
122.91836	-0.35746772020573558
122.91836	-0.35746772020573558
122.91836	-0.35746772020573558
122.91836	-0.35746772020573558
122.91836	-0.35746772020573558
122.966267	-0.35746180760902707
122.978379	-0.35746057203838494
122.978379	-0.35746057203838494
122.978379	-0.35746057203838494
122.978379	-0.35746057203838494
122.978379	-0.35746057203838494
122.978379	-0.35746057203838494
123.038363	-0.35745627915675371
123.038363	-0.35745627915675371
123.038363	-0.35745627915675371
123.038363	-0.35745627915675371
123.038363	-0.35745627915675371
123.038363	-0.35745627915675371
123.098364	-0.35745465192112069
123.098364	-0.35745465192112069
123.098364	-0.35745465192112069
123.098364	-0.35745465192112069
123.134377	-0.35745477871337589
123.146284	-0.35745496739902166
123.158382	-0.35745521508777617
123.158382	-0.35745521508777617
123.158382	-0.35745521508777617
123.158382	-0.35745521508777617
123.194359	-0.35745635268646442
123.206284	-0.35745682625521508
123.218467	-0.35745734583745942
123.218467	-0.35745734583745942
123.230284	-0.35745790204042371
123.230284	-0.35745790204042371
123.230284	-0.35745790204042371
123.266284	-0.35745974478828985
123.278383	-0.35746040748900781
123.278383	-0.35746040748900781
123.278383	-0.35746040748900781
123.278383	-0.35746040748900781
123.314348	-0.35746247038363954
123.326284	-0.3574631701384608
123.338379	-0.35746388309130805
123.338379	-0.35746388309130805
123.338379	-0.35746388309130805
123.338379	-0.35746388309130805
123.338379	-0.35746388309130805
123.338379	-0.35746388309130805
123.398377	-0.35746739863523791
123.398377	-0.35746739863523791
123.398377	-0.35746739863523791
123.422284	-0.3574687593545593
123.434366	-0.35746943321633462
123.446285	-0.35747008974384176
123.45838	-0.3574707484674623
123.45838	-0.3574707484674623
123.45838	-0.3574707484674623
123.45838	-0.3574707484674623
123.45838	-0.3574707484674623
123.45838	-0.3574707484674623
123.45838	-0.3574707484674623
123.45838	-0.3574707484674623
123.45838	-0.3574707484674623
123.45838	-0.3574707484674623
123.45838	-0.3574707484674623
123.518422	-0.35747385727591224
123.578379	-0.35747670379494229
123.578379	-0.35747670379494229
123.578379	-0.35747670379494229
123.602284	-0.35747776121344033
123.614439	-0.35747827844421504
123.626283	-0.357478770139873
123.638383	-0.35747926134027846
123.638383	-0.35747926134027846
123.650288	-0.35747972142835766
123.662284	-0.35748017533892434
123.674356	-0.35748060636209006
123.674356	-0.35748060636209006
123.698402	-0.35748140780716453
123.698402	-0.35748140780716453
123.698402	-0.35748140780716453
123.698402	-0.35748140780716453
123.734356	-0.35748239320222358
123.734356	-0.35748239320222358
123.758387	-0.35748289445243236
123.758387	-0.35748289445243236
123.758387	-0.35748289445243236
123.758387	-0.35748289445243236
123.758387	-0.35748289445243236
123.758387	-0.35748289445243236
123.818398	-0.35748334693637718
123.818398	-0.35748334693637718
123.818398	-0.35748334693637718
123.842284	-0.3574831338500194
123.842284	-0.3574831338500194
123.866284	-0.35748263986466161
123.878481	-0.35748229683722421
123.878481	-0.35748229683722421
123.890284	-0.35748185091898915
123.890284	-0.35748185091898915
123.890284	-0.35748185091898915
123.926303	-0.3574800466393066
123.93838	-0.35747927732771362
123.93838	-0.35747927732771362
123.93838	-0.35747927732771362
123.93838	-0.35747927732771362
123.93838	-0.35747927732771362
123.986284	-0.35747516425491405
123.998381	-0.35747389728323758
123.998381	-0.35747389728323758
123.998381	-0.35747389728323758
124.022284	-0.35747104354861264
124.034348	-0.35746943606239978
124.034348	-0.35746943606239978
124.034348	-0.35746943606239978
124.034348	-0.35746943606239978
124.034348	-0.35746943606239978
124.034348	-0.35746943606239978
124.034348	-0.35746943606239978
124.058388	-0.35746597428613736
124.11838	-0.35745561473593696
124.11838	-0.35745561473593696
124.142394	-0.35745087005986803
124.142394	-0.35745087005986803
124.154375	-0.35744838754204383
124.154375	-0.35744838754204383
124.178421	-0.35744325099271423
124.178421	-0.35744325099271423
124.178421	-0.35744325099271423
124.178421	-0.35744325099271423
124.178421	-0.35744325099271423
124.226307	-0.35743247569170961
124.238406	-0.35742969555056858
124.238406	-0.35742969555056858
124.238406	-0.35742969555056858
124.238406	-0.35742969555056858
124.238406	-0.35742969555056858
124.238406	-0.35742969555056858
124.238406	-0.35742969555056858
124.238406	-0.35742969555056858
124.238406	-0.35742969555056858
124.238406	-0.35742969555056858
124.238406	-0.35742969555056858
124.298399	-0.35741602449435439
124.358421	-0.35740352520089791
124.358421	-0.35740352520089791
124.358421	-0.35740352520089791
124.358421	-0.35740352520089791
124.358421	-0.35740352520089791
124.358421	-0.35740352520089791
124.358421	-0.35740352520089791
124.358421	-0.35740352520089791
124.358421	-0.35740352520089791
124.358421	-0.35740352520089791
124.418402	-0.35739356491307606
124.466307	-0.35738830738124677
124.478407	-0.35738737932821585
124.478407	-0.35738737932821585
124.490307	-0.35738674218117966
124.490307	-0.35738674218117966
124.490307	-0.35738674218117966
124.490307	-0.35738674218117966
124.538469	-0.35738595391887085
124.538469	-0.35738595391887085
124.538469	-0.35738595391887085
124.538469	-0.35738595391887085
124.574373	-0.35738767628840801
124.586305	-0.35738867215645248
124.598402	-0.35738985507177112
124.598402	-0.35738985507177112
124.610307	-0.35739132954414488
124.610307	-0.35739132954414488
124.610307	-0.35739132954414488
124.610307	-0.35739132954414488
124.658422	-0.35739914163980302
124.658422	-0.35739914163980302
124.658422	-0.35739914163980302
124.658422	-0.35739914163980302
124.658422	-0.35739914163980302
124.658422	-0.35739914163980302
124.658422	-0.35739914163980302
124.658422	-0.35739914163980302
124.658422	-0.35739914163980302
124.718399	-0.35741329296120888
124.754376	-0.3574237235979042
124.766307	-0.35742742745831124
124.778402	-0.3574312724291942
124.778402	-0.3574312724291942
124.778402	-0.3574312724291942
124.778402	-0.3574312724291942
124.814372	-0.35744328169752504
124.826306	-0.35744737904614454
124.826306	-0.35744737904614454
124.826306	-0.35744737904614454
124.838477	-0.35745159256689263
124.862306	-0.35745989577927223
124.862306	-0.35745989577927223
124.886306	-0.35746820884449731
124.886306	-0.35746820884449731
124.886306	-0.35746820884449731
124.886306	-0.35746820884449731
124.886306	-0.35746820884449731
124.886306	-0.35746820884449731
124.898401	-0.35747235599353466
124.958404	-0.35749169710645856
124.958404	-0.35749169710645856
124.97031	-0.35749515810680627
124.97031	-0.35749515810680627
124.994378	-0.35750180472975818
125.006307	-0.35750496099464241
125.0184	-0.35750812303445367
125.0184	-0.35750812303445367
125.0184	-0.35750812303445367
125.0184	-0.35750812303445367
125.0184	-0.35750812303445367
125.066378	-0.35752105214832186
125.078418	-0.35752435663477961
125.078418	-0.35752435663477961
125.078418	-0.35752435663477961
125.078418	-0.35752435663477961
125.078418	-0.35752435663477961
125.126306	-0.35753617602081278
125.1384	-0.35753845514912852
125.150324	-0.35753997916369373
125.150324	-0.35753997916369373
125.150324	-0.35753997916369373
125.150324	-0.35753997916369373
125.150324	-0.35753997916369373
125.198506	-0.35754113927349734
125.198506	-0.35754113927349734
125.210324	-0.35753979640930672
125.210324	-0.35753979640930672
125.210324	-0.35753979640930672
125.246325	-0.35753273640279304
125.258431	-0.35752933250776014
125.258431	-0.35752933250776014
125.258431	-0.35752933250776014
125.258431	-0.35752933250776014
125.258431	-0.35752933250776014
125.306324	-0.35751033314644454
125.318469	-0.3575044755148134
125.318469	-0.3575044755148134
125.318469	-0.3575044755148134
125.318469	-0.3575044755148134
125.318469	-0.3575044755148134
125.318469	-0.3575044755148134
125.318469	-0.3575044755148134
125.37844	-0.35747002878175121
125.390325	-0.35746242073556533
125.390325	-0.35746242073556533
125.390325	-0.35746242073556533
125.390325	-0.35746242073556533
125.438505	-0.35743063463880975
125.438505	-0.35743063463880975
125.438505	-0.35743063463880975
125.462395	-0.35741479236545498
125.462395	-0.35741479236545498
125.462395	-0.35741479236545498
125.498427	-0.35739173752738829
125.498427	-0.35739173752738829
125.498427	-0.35739173752738829
125.498427	-0.35739173752738829
125.498427	-0.35739173752738829
125.498427	-0.35739173752738829
125.558424	-0.35735826219511924
125.558424	-0.35735826219511924
125.558424	-0.35735826219511924
125.558424	-0.35735826219511924
125.558424	-0.35735826219511924
125.558424	-0.35735826219511924
125.618419	-0.35733381234211475
125.618419	-0.35733381234211475
125.618419	-0.35733381234211475
125.642325	-0.35732550238028371
125.6544	-0.35732135175678803
125.6544	-0.35732135175678803
125.678421	-0.35731320554819584
125.678421	-0.35731320554819584
125.690324	-0.35730937407509811
125.690324	-0.35730937407509811
125.690324	-0.35730937407509811
125.726399	-0.3572999305977167
125.738422	-0.35729786388601276
125.738422	-0.35729786388601276
125.738422	-0.35729786388601276
125.738422	-0.35729786388601276
125.738422	-0.35729786388601276
125.738422	-0.35729786388601276
125.798418	-0.3573000847640273
125.798418	-0.3573000847640273
125.798418	-0.3573000847640273
125.822323	-0.35730641603686031
125.822323	-0.35730641603686031
125.822323	-0.35730641603686031
125.858492	-0.3573213133283481
125.858492	-0.3573213133283481
125.858492	-0.3573213133283481
125.858492	-0.3573213133283481
125.858492	-0.3573213133283481
125.858492	-0.3573213133283481
125.918421	-0.35735845857034049
125.918421	-0.35735845857034049
125.918421	-0.35735845857034049
125.918421	-0.35735845857034049
125.918421	-0.35735845857034049
125.966323	-0.35739684583429226
125.978437	-0.35740736402425294
125.978437	-0.35740736402425294
125.990394	-0.35741811694630382
125.990394	-0.35741811694630382
125.990394	-0.35741811694630382
125.990394	-0.35741811694630382
126.038427	-0.35746278303359896
126.038427	-0.35746278303359896
126.050324	-0.35747405889263423
126.062324	-0.35748542473537104
126.062324	-0.35748542473537104
126.086324	-0.35750793243938273
126.098418	-0.35751912784533563
126.098418	-0.35751912784533563
126.098418	-0.35751912784533563
126.122394	-0.35754064457728552
126.122394	-0.35754064457728552
126.122394	-0.35754064457728552
126.158508	-0.35757098791158942
126.158508	-0.35757098791158942
126.158508	-0.35757098791158942
126.158508	-0.35757098791158942
126.158508	-0.35757098791158942
126.158508	-0.35757098791158942
126.218437	-0.35761328251466445
126.218437	-0.35761328251466445
126.218437	-0.35761328251466445
126.218437	-0.35761328251466445
126.254492	-0.35763245672772853
126.26634	-0.35763762062067789
126.278454	-0.35764242669103685
126.278454	-0.35764242669103685
126.278454	-0.35764242669103685
126.278454	-0.35764242669103685
126.278454	-0.35764242669103685
126.278454	-0.35764242669103685
126.338435	-0.35765597946648858
126.338435	-0.35765597946648858
126.338435	-0.35765597946648858
126.338435	-0.35765597946648858
126.338435	-0.35765597946648858
126.338435	-0.35765597946648858
126.398438	-0.35765321493660962
126.398438	-0.35765321493660962
126.41034	-0.35765062715180862
126.422435	-0.35764765991697561
126.434407	-0.35764393447327142
126.434407	-0.35764393447327142
126.458464	-0.35763501019877814
126.458464	-0.35763501019877814
126.458464	-0.35763501019877814
126.458464	-0.35763501019877814
126.494404	-0.3576175810492398
126.50634	-0.35761093704208158
126.518518	-0.35760384574844267
126.518518	-0.35760384574844267
126.518518	-0.35760384574844267
126.518518	-0.35760384574844267
126.518518	-0.35760384574844267
126.56634	-0.35757295288340712
126.56634	-0.35757295288340712
126.578459	-0.35756465608963384
126.590539	-0.35755618470979927
126.590539	-0.35755618470979927
126.590539	-0.35755618470979927
126.590539	-0.35755618470979927
126.638438	-0.35752151482849615
126.638438	-0.35752151482849615
126.638438	-0.35752151482849615
126.638438	-0.35752151482849615
126.638438	-0.35752151482849615
126.638438	-0.35752151482849615
126.698444	-0.3574763755764262
126.698444	-0.3574763755764262
126.698444	-0.3574763755764262
126.698444	-0.3574763755764262
126.698444	-0.3574763755764262
126.698444	-0.3574763755764262
126.758444	-0.35743290132297806
126.758444	-0.35743290132297806
126.758444	-0.35743290132297806
126.758444	-0.35743290132297806
126.758444	-0.35743290132297806
126.758444	-0.35743290132297806
126.818438	-0.35739525019717661
126.818438	-0.35739525019717661
126.818438	-0.35739525019717661
126.818438	-0.35739525019717661
126.818438	-0.35739525019717661
126.86634	-0.35737181824934666
126.878464	-0.35736687529906791
126.878464	-0.35736687529906791
126.878464	-0.35736687529906791
126.878464	-0.35736687529906791
126.878464	-0.35736687529906791
126.878464	-0.35736687529906791
126.938435	-0.35735015421133587
126.938435	-0.35735015421133587
126.938435	-0.35735015421133587
126.938435	-0.35735015421133587
126.974405	-0.35734623943262667
126.974405	-0.35734623943262667
126.99844	-0.3573459837126487
126.99844	-0.3573459837126487
126.99844	-0.3573459837126487
126.99844	-0.3573459837126487
126.99844	-0.3573459837126487
126.99844	-0.3573459837126487
127.05844	-0.35735380703871877
127.05844	-0.35735380703871877
127.07034	-0.35735672984202455
127.082428	-0.35735991079779578
127.094407	-0.35736354937178866
127.094407	-0.35736354937178866
127.118434	-0.35737167859541397
127.118434	-0.35737167859541397
127.118434	-0.35737167859541397
127.118434	-0.35737167859541397
127.154409	-0.35738603112534079
127.166355	-0.35739121006969077
127.178527	-0.35739663176903669
127.178527	-0.35739663176903669
127.178527	-0.35739663176903669
127.202354	-0.35740768150786778
127.202354	-0.35740768150786778
127.202354	-0.35740768150786778
127.238464	-0.35742490901302154
127.238464	-0.35742490901302154
127.238464	-0.35742490901302154
127.238464	-0.35742490901302154
127.238464	-0.35742490901302154
127.238464	-0.35742490901302154
127.29845	-0.35745281161868081
127.29845	-0.35745281161868081
127.29845	-0.35745281161868081
127.29845	-0.35745281161868081
127.29845	-0.35745281161868081
127.346359	-0.35747243256340466
127.35846	-0.35747688677210387
127.35846	-0.35747688677210387
127.35846	-0.35747688677210387
127.35846	-0.35747688677210387
127.35846	-0.35747688677210387
127.35846	-0.35747688677210387
127.418469	-0.35749443738286213
127.418469	-0.35749443738286213
127.418469	-0.35749443738286213
127.418469	-0.35749443738286213
127.418469	-0.35749443738286213
127.418469	-0.35749443738286213
127.418469	-0.35749443738286213
127.418469	-0.35749443738286213
127.418469	-0.35749443738286213
127.418469	-0.35749443738286213
127.418469	-0.35749443738286213
127.478455	-0.35750382791632407
127.53845	-0.35750462010739653
127.53845	-0.35750462010739653
127.53845	-0.35750462010739653
127.53845	-0.35750462010739653
127.53845	-0.35750462010739653
127.586393	-0.35749946329160059
127.59845	-0.35749752714191479
127.59845	-0.35749752714191479
127.59845	-0.35749752714191479
127.59845	-0.35749752714191479
127.59845	-0.35749752714191479
127.646355	-0.35748728911987221
127.658474	-0.35748425356068986
127.658474	-0.35748425356068986
127.670356	-0.35748106376265998
127.670356	-0.35748106376265998
127.670356	-0.35748106376265998
127.706427	-0.35747080785152496
127.718451	-0.35746723725729068
127.718451	-0.35746723725729068
127.718451	-0.35746723725729068
127.718451	-0.35746723725729068
127.754441	-0.35745637940658492
127.754441	-0.35745637940658492
127.778479	-0.35744922264196999
127.778479	-0.35744922264196999
127.778479	-0.35744922264196999
127.802356	-0.35744245368820798
127.802356	-0.35744245368820798
127.802356	-0.35744245368820798
127.838526	-0.35743371440994925
127.838526	-0.35743371440994925
127.838526	-0.35743371440994925
127.862356	-0.35742946888149246
127.862356	-0.35742946888149246
127.886357	-0.35742654610606883
127.898455	-0.35742547694297416
127.898455	-0.35742547694297416
127.898455	-0.35742547694297416
127.898455	-0.35742547694297416
127.934427	-0.35742393184231719
127.934427	-0.35742393184231719
127.958454	-0.35742368244524836
127.958454	-0.35742368244524836
127.958454	-0.35742368244524836
127.958454	-0.35742368244524836
127.958454	-0.35742368244524836
127.958454	-0.35742368244524836
128.018449	-0.3574251620363067
128.018449	-0.3574251620363067
128.018449	-0.3574251620363067
128.018449	-0.3574251620363067
128.018449	-0.3574251620363067
128.066361	-0.3574281248791859
128.078452	-0.35742906516433814
128.078452	-0.35742906516433814
128.078452	-0.35742906516433814
128.078452	-0.35742906516433814
128.078452	-0.35742906516433814
128.078452	-0.35742906516433814
128.078452	-0.35742906516433814
128.078452	-0.35742906516433814
128.078469	-0.35742906648638328
128.138454	-0.35743483427762185
128.174438	-0.35743894722090502
128.174438	-0.35743894722090502
128.198469	-0.35744185518174759
128.198469	-0.35744185518174759
128.210373	-0.35744323206290435
128.210373	-0.35744323206290435
128.210373	-0.35744323206290435
128.210373	-0.35744323206290435
128.25847	-0.35744760875306503
128.25847	-0.35744760875306503
128.27049	-0.3574482271521166
128.282374	-0.35744875229140588
128.282374	-0.35744875229140588
128.282374	-0.35744875229140588
128.318507	-0.35744962068059155
128.318507	-0.35744962068059155
128.318507	-0.35744962068059155
128.318507	-0.35744962068059155
128.318507	-0.35744962068059155
128.318507	-0.35744962068059155
128.37847	-0.35745202947496263
128.37847	-0.35745202947496263
128.37847	-0.35745202947496263
128.37847	-0.35745202947496263
128.414439	-0.35745482731447226
128.414439	-0.35745482731447226
128.438468	-0.35745720744821285
128.438468	-0.35745720744821285
128.438468	-0.35745720744821285
128.462373	-0.35745998317494937
128.474446	-0.35746152308263918
128.486373	-0.35746312062616875
128.498556	-0.35746482034377247
128.498556	-0.35746482034377247
128.510373	-0.35746673285095698
128.510373	-0.35746673285095698
128.510373	-0.35746673285095698
128.546373	-0.35747385399408244
128.558472	-0.3574767328080018
128.558472	-0.3574767328080018
128.558472	-0.3574767328080018
128.582373	-0.35748320774519576
128.582373	-0.35748320774519576
128.582373	-0.35748320774519576
128.618468	-0.35749387638361041
128.618468	-0.35749387638361041
128.618468	-0.35749387638361041
128.618468	-0.35749387638361041
128.618468	-0.35749387638361041
128.618468	-0.35749387638361041
128.678468	-0.35750763634724614
128.678468	-0.35750763634724614
128.678468	-0.35750763634724614
128.678468	-0.35750763634724614
128.678468	-0.35750763634724614
128.726406	-0.35751125434055808
128.73847	-0.35751113780146804
128.73847	-0.35751113780146804
128.73847	-0.35751113780146804
128.73847	-0.35751113780146804
128.77446	-0.3575076957042827
128.786373	-0.35750569734537896
128.798475	-0.35750332976800592
128.798475	-0.35750332976800592
128.798475	-0.35750332976800592
128.822373	-0.35749726939268167
128.834438	-0.35749360326870222
128.846374	-0.35748968112756196
128.858486	-0.3574854397473447
128.858486	-0.3574854397473447
128.858486	-0.3574854397473447
128.882373	-0.3574761004132091
128.894507	-0.35747096325093136
128.906372	-0.35746577592734863
128.918466	-0.35746034433888302
128.918466	-0.35746034433888302
128.930376	-0.35745480850057149
128.930376	-0.35745480850057149
128.930376	-0.35745480850057149
128.930376	-0.35745480850057149
128.978469	-0.35743191479545983
128.978469	-0.35743191479545983
128.978469	-0.35743191479545983
128.978469	-0.35743191479545983
129.014437	-0.35741506125737915
129.014437	-0.35741506125737915
129.038494	-0.35740436758811917
129.038494	-0.35740436758811917
129.038494	-0.35740436758811917
129.038494	-0.35740436758811917
129.074448	-0.35738998817318346
129.086373	-0.35738572340994684
129.098469	-0.35738161887303371
129.098469	-0.35738161887303371
129.098469	-0.35738161887303371
129.098469	-0.35738161887303371
129.098469	-0.35738161887303371
129.098469	-0.35738161887303371
129.158538	-0.35736664541552821
129.158555	-0.35736664209912589
129.158555	-0.35736664209912589
129.158555	-0.35736664209912589
129.194471	-0.35736231011379394
129.20639	-0.35736165702198386
129.218489	-0.3573613115348645
129.218489	-0.3573613115348645
129.218489	-0.3573613115348645
129.242397	-0.35736202722814686
129.242397	-0.35736202722814686
129.242397	-0.35736202722814686
129.278512	-0.35736604176917863
129.278512	-0.35736604176917863
129.278512	-0.35736604176917863
129.278512	-0.35736604176917863
129.278512	-0.35736604176917863
129.278512	-0.35736604176917863
129.338483	-0.35737998505088997
129.338483	-0.35737998505088997
129.35039	-0.35738376342347888
129.36239	-0.35738771845074307
129.36239	-0.35738771845074307
129.386411	-0.35739651826911101
129.398485	-0.35740121212596571
129.398485	-0.35740121212596571
129.398485	-0.35740121212596571
129.42246	-0.35741114543790581
129.434457	-0.35741634503508585
129.434457	-0.35741634503508585
129.45853	-0.35742703262803832
129.45853	-0.35742703262803832
129.45853	-0.35742703262803832
129.45853	-0.35742703262803832
129.45853	-0.35742703262803832
129.45853	-0.35742703262803832
129.518486	-0.3574543150036244
129.518486	-0.3574543150036244
129.518486	-0.3574543150036244
129.518486	-0.3574543150036244
129.518486	-0.3574543150036244
129.56639	-0.35747511474981136
129.578486	-0.35748008341946674
129.578486	-0.35748008341946674
129.578486	-0.35748008341946674
129.578486	-0.35748008341946674
129.578486	-0.35748008341946674
129.62639	-0.3574977182440367
129.638483	-0.35750167863373411
129.638483	-0.35750167863373411
129.638483	-0.35750167863373411
129.638483	-0.35750167863373411
129.638483	-0.35750167863373411
129.638483	-0.35750167863373411
129.698486	-0.3575171407786511
129.698486	-0.3575171407786511
129.698486	-0.3575171407786511
129.698486	-0.3575171407786511
129.73448	-0.35752291716152224
129.74639	-0.35752424359156237
129.758485	-0.35752535542858532
129.758485	-0.35752535542858532
129.758485	-0.35752535542858532
129.758485	-0.35752535542858532
129.758485	-0.35752535542858532
129.80639	-0.35752648935527553
129.818563	-0.35752611899239739
129.818563	-0.35752611899239739
129.818563	-0.35752611899239739
129.818563	-0.35752611899239739
129.818563	-0.35752611899239739
129.818563	-0.35752611899239739
129.878486	-0.35752009118833672
129.878486	-0.35752009118833672
129.89039	-0.35751814483927652
129.89039	-0.35751814483927652
129.89039	-0.35751814483927652
129.89039	-0.35751814483927652
129.938484	-0.35750862962234953
129.938484	-0.35750862962234953
129.938484	-0.35750862962234953
129.938484	-0.35750862962234953
129.938484	-0.35750862962234953
129.938484	-0.35750862962234953
129.998541	-0.35749358263417685
129.998541	-0.35749358263417685
129.998541	-0.35749358263417685
129.998541	-0.35749358263417685
129.998541	-0.35749358263417685
130.04639	-0.35748044788434896
130.058497	-0.35747710231132057
130.058497	-0.35747710231132057
130.058497	-0.35747710231132057
130.058497	-0.35747710231132057
130.094455	-0.35746741249748515
130.094455	-0.35746741249748515
130.118487	-0.35746125505769316
130.118487	-0.35746125505769316
130.13046	-0.35745836774293221
130.14239	-0.35745555365402226
130.154459	-0.35745287344557292
130.154459	-0.35745287344557292
130.17851	-0.3574479010371735
130.17851	-0.3574479010371735
130.190407	-0.35744572740971747
130.190407	-0.35744572740971747
130.190407	-0.35744572740971747
130.226407	-0.35744005474703328
130.23851	-0.3574384823580633
130.23851	-0.3574384823580633
130.23851	-0.3574384823580633
130.23851	-0.3574384823580633
130.23851	-0.3574384823580633
130.286406	-0.3574344293758458
130.298504	-0.35743386309295627
130.298504	-0.35743386309295627
130.298504	-0.35743386309295627
130.298504	-0.35743386309295627
130.298504	-0.35743386309295627
130.346478	-0.35743384965657704
130.358529	-0.35743429184806919
130.358529	-0.35743429184806919
130.370802	-0.35743502491396961
130.370802	-0.35743502491396961
130.370802	-0.35743502491396961
130.370802	-0.35743502491396961
130.418501	-0.35743940363957921
130.418501	-0.35743940363957921
130.418501	-0.35743940363957921
130.418501	-0.35743940363957921
130.454482	-0.35744438354074581
130.466407	-0.35744628256714417
130.478579	-0.35744831264593047
130.478579	-0.35744831264593047
130.478579	-0.35744831264593047
130.502407	-0.35745261739345269
130.502407	-0.35745261739345269
130.526427	-0.35745725868519451
130.538501	-0.35745966061212747
130.538501	-0.35745966061212747
130.538501	-0.35745966061212747
130.538501	-0.35745966061212747
130.538501	-0.35745966061212747
130.538501	-0.35745966061212747
130.5985	-0.35747191118658606
130.5985	-0.35747191118658606
130.5985	-0.35747191118658606
130.5985	-0.35747191118658606
130.5985	-0.35747191118658606
130.64641	-0.35748120543980172
130.658523	-0.35748340357322222
130.658523	-0.35748340357322222
130.658523	-0.35748340357322222
130.658523	-0.35748340357322222
130.658523	-0.35748340357322222
130.706407	-0.35749095009436438
130.718502	-0.35749257591342537
130.718502	-0.35749257591342537
130.718502	-0.35749257591342537
130.718502	-0.35749257591342537
130.718502	-0.35749257591342537
130.718502	-0.35749257591342537
130.7786	-0.35749816516293198
130.7786	-0.35749816516293198
130.7786	-0.35749816516293198
130.7786	-0.35749816516293198
130.7786	-0.35749816516293198
130.826407	-0.35749939019955701
130.838503	-0.35749926792939912
130.838503	-0.35749926792939912
130.838503	-0.35749926792939912
130.838503	-0.35749926792939912
130.838503	-0.35749926792939912
130.886407	-0.35749662549176414
130.898504	-0.35749551692385767
130.898504	-0.35749551692385767
130.898504	-0.35749551692385767
130.922427	-0.35749267163939696
130.934481	-0.35749094283246791
130.934481	-0.35749094283246791
130.958501	-0.35748705094824634
130.958501	-0.35748705094824634
130.958501	-0.35748705094824634
130.958501	-0.35748705094824634
130.958501	-0.35748705094824634
131.006479	-0.35747729023974811
131.018505	-0.35747452924560663
131.018505	-0.35747452924560663
131.018505	-0.35747452924560663
131.018505	-0.35747452924560663
131.018505	-0.35747452924560663
131.018505	-0.35747452924560663
131.078526	-0.35745905791390248
131.078526	-0.35745905791390248
131.078526	-0.35745905791390248
131.078526	-0.35745905791390248
131.114471	-0.3574489668785979
131.114471	-0.3574489668785979
131.13857	-0.35744207758564006
131.13857	-0.35744207758564006
131.150407	-0.35743869738567169
131.162407	-0.3574352816868766
131.174567	-0.35743185965685215
131.186445	-0.35742856286300634
131.198521	-0.35742525043101681
131.198521	-0.35742525043101681
131.198521	-0.35742525043101681
131.222425	-0.3574189526805498
131.222425	-0.3574189526805498
131.246425	-0.35741302842281852
131.258526	-0.35741018195009794
131.258526	-0.35741018195009794
131.258526	-0.35741018195009794
131.258526	-0.35741018195009794
131.258526	-0.35741018195009794
131.258526	-0.35741018195009794
131.318568	-0.35739838037531557
131.318568	-0.35739838037531557
131.318568	-0.35739838037531557
131.318568	-0.35739838037531557
131.318568	-0.35739838037531557
131.318568	-0.35739838037531557
131.378521	-0.35739106359041722
131.378521	-0.35739106359041722
131.378521	-0.35739106359041722
131.378521	-0.35739106359041722
131.378521	-0.35739106359041722
131.378521	-0.35739106359041722
131.438522	-0.35738898125873764
131.438522	-0.35738898125873764
131.438522	-0.35738898125873764
131.438522	-0.35738898125873764
131.438522	-0.35738898125873764
131.486425	-0.35739132469875468
131.498525	-0.35739241031149782
131.498525	-0.35739241031149782
131.498525	-0.35739241031149782
131.498525	-0.35739241031149782
131.498525	-0.35739241031149782
131.498525	-0.35739241031149782
131.558524	-0.35740108517079194
131.558524	-0.35740108517079194
131.558524	-0.35740108517079194
131.558524	-0.35740108517079194
131.594498	-0.35740852744967277
131.606425	-0.35741130204437738
131.618551	-0.35741423803278738
131.618551	-0.35741423803278738
131.618551	-0.35741423803278738
131.618551	-0.35741423803278738
131.618551	-0.35741423803278738
131.618551	-0.35741423803278738
131.678522	-0.35743063958005156
131.678522	-0.35743063958005156
131.678522	-0.35743063958005156
131.678522	-0.35743063958005156
131.678522	-0.35743063958005156
131.678522	-0.35743063958005156
131.738521	-0.35744878561373838
131.738521	-0.35744878561373838
131.738521	-0.35744878561373838
131.738521	-0.35744878561373838
131.738521	-0.35744878561373838
131.738521	-0.35744878561373838
131.798587	-0.35746699969001938
131.798587	-0.35746699969001938
131.798587	-0.35746699969001938
131.798587	-0.35746699969001938
131.798587	-0.35746699969001938
131.846425	-0.35748038119785386
131.858542	-0.3574835405342297
131.858542	-0.3574835405342297
131.858542	-0.3574835405342297
131.858542	-0.3574835405342297
131.858542	-0.3574835405342297
131.858542	-0.3574835405342297
131.918519	-0.35749693202090888
131.918519	-0.35749693202090888
131.918519	-0.35749693202090888
131.918519	-0.35749693202090888
131.918519	-0.35749693202090888
131.918519	-0.35749693202090888
131.978522	-0.35750597325307848
131.978522	-0.35750597325307848
131.990426	-0.35750712094088527
132.002425	-0.35750816341480945
132.002425	-0.35750816341480945
132.002425	-0.35750816341480945
132.038519	-0.35750989447693038
132.038519	-0.35750989447693038
132.038519	-0.35750989447693038
132.038519	-0.35750989447693038
132.038519	-0.35750989447693038
132.038519	-0.35750989447693038
132.098542	-0.35750844152080513
132.098542	-0.35750844152080513
132.098542	-0.35750844152080513
132.098542	-0.35750844152080513
132.098542	-0.35750844152080513
132.146426	-0.35750355622724822
132.158553	-0.35750188910399111
132.158553	-0.35750188910399111
132.158569	-0.35750188690443868
132.158569	-0.35750188690443868
132.158569	-0.35750188690443868
132.206441	-0.3574934760061092
132.218534	-0.35749101531127531
132.218534	-0.35749101531127531
132.218534	-0.35749101531127531
132.218534	-0.35749101531127531
132.25451	-0.35748287887133295
132.25451	-0.35748287887133295
132.278535	-0.35747699255732474
132.278535	-0.35747699255732474
132.278535	-0.35747699255732474
132.278535	-0.35747699255732474
132.278535	-0.35747699255732474
132.278535	-0.35747699255732474
132.338546	-0.35746128611073508
132.338546	-0.35746128611073508
132.338546	-0.35746128611073508
132.338546	-0.35746128611073508
132.338546	-0.35746128611073508
132.338546	-0.35746128611073508
132.398538	-0.35744550121448193
132.398538	-0.35744550121448193
132.398538	-0.35744550121448193
132.398538	-0.35744550121448193
132.398538	-0.35744550121448193
132.398538	-0.35744550121448193
132.458616	-0.35743117872263674
132.458616	-0.35743117872263674
132.458616	-0.35743117872263674
132.458616	-0.35743117872263674
132.458616	-0.35743117872263674
132.506441	-0.35742180252955924
132.518547	-0.35741974688231692
132.518547	-0.35741974688231692
132.518547	-0.35741974688231692
132.542441	-0.35741624044286119
132.542441	-0.35741624044286119
132.542441	-0.35741624044286119
132.542441	-0.35741624044286119
132.542441	-0.35741624044286119
132.542441	-0.35741624044286119
132.542441	-0.35741624044286119
132.542441	-0.35741624044286119
132.57857	-0.35741220285327208
132.638549	-0.35740919018535389
132.638549	-0.35740919018535389
132.638549	-0.35740919018535389
132.638549	-0.35740919018535389
132.638549	-0.35740919018535389
132.638549	-0.35740919018535389
132.698536	-0.35741084086586211
132.698536	-0.35741084086586211
132.698536	-0.35741084086586211
132.722518	-0.35741275270253436
132.722518	-0.35741275270253436
132.746461	-0.35741532493641004
132.758543	-0.35741681150947535
132.758543	-0.35741681150947535
132.770441	-0.35741848052985753
132.782442	-0.35742023606403706
132.782442	-0.35742023606403706
132.782442	-0.35742023606403706
132.818536	-0.35742631266008018
132.818536	-0.35742631266008018
132.830441	-0.35742854507041089
132.830441	-0.35742854507041089
132.854577	-0.35743326740159637
132.866441	-0.35743569222593985
132.878556	-0.35743821385762203
132.878556	-0.35743821385762203
132.878556	-0.35743821385762203
132.878556	-0.35743821385762203
132.878556	-0.35743821385762203
132.878556	-0.35743821385762203
132.93856	-0.35745114503909409
132.93856	-0.35745114503909409
132.93856	-0.35745114503909409
132.93856	-0.35745114503909409
132.93856	-0.35745114503909409
132.93856	-0.35745114503909409
132.998538	-0.35746366321244277
132.998538	-0.35746366321244277
132.998538	-0.35746366321244277
133.022444	-0.35746822310739518
133.034508	-0.35747038213839971
133.046441	-0.35747242386220346
133.05854	-0.3574744128417745
133.05854	-0.3574744128417745
133.05854	-0.3574744128417745
133.05854	-0.3574744128417745
133.05854	-0.3574744128417745
133.106441	-0.35748090930019355
133.118611	-0.35748224567297038
133.118611	-0.35748224567297038
133.130441	-0.35748332491275447
133.130441	-0.35748332491275447
133.130441	-0.35748332491275447
133.130441	-0.35748332491275447
133.178537	-0.35748632128795949
133.178555	-0.35748632207831971
133.178555	-0.35748632207831971
133.178555	-0.35748632207831971
133.178555	-0.35748632207831971
133.226467	-0.35748657504235754
133.238554	-0.35748625997212008
133.238554	-0.35748625997212008
133.238554	-0.35748625997212008
133.238554	-0.35748625997212008
133.238554	-0.35748625997212008
133.238554	-0.35748625997212008
133.298555	-0.35748210038202122
133.298555	-0.35748210038202122
133.298555	-0.35748210038202122
133.298555	-0.35748210038202122
133.298555	-0.35748210038202122
133.34646	-0.35747612517294775
133.358563	-0.3574743280057332
133.358563	-0.3574743280057332
133.358563	-0.3574743280057332
133.358563	-0.3574743280057332
133.358563	-0.3574743280057332
133.358563	-0.3574743280057332
133.418595	-0.35746380527640886
133.418595	-0.35746380527640886
133.418595	-0.35746380527640886
133.418595	-0.35746380527640886
133.418595	-0.35746380527640886
133.418595	-0.35746380527640886
133.478556	-0.35745170075953808
133.478556	-0.35745170075953808
133.478556	-0.35745170075953808
133.478556	-0.35745170075953808
133.478556	-0.35745170075953808
133.478556	-0.35745170075953808
133.538552	-0.35743930224814874
133.538552	-0.35743930224814874
133.538552	-0.35743930224814874
133.562459	-0.3574345842116034
133.574524	-0.35743229797213921
133.586459	-0.35743010483725463
133.598561	-0.35742793987713628
133.598561	-0.35742793987713628
133.598561	-0.35742793987713628
133.598561	-0.35742793987713628
133.598561	-0.35742793987713628
133.646532	-0.35742044694677183
133.658576	-0.35741882056311569
133.658576	-0.35741882056311569
133.658576	-0.35741882056311569
133.658576	-0.35741882056311569
133.658576	-0.35741882056311569
133.658576	-0.35741882056311569
133.658576	-0.35741882056311569
133.658576	-0.35741882056311569
133.658576	-0.35741882056311569
133.658576	-0.35741882056311569
133.658576	-0.35741882056311569
133.718552	-0.35741290767773676
133.778624	-0.35741080928437802
133.778624	-0.35741080928437802
133.778624	-0.35741080928437802
133.802459	-0.35741110883301502
133.802459	-0.35741110883301502
133.826479	-0.35741206797537028
133.838552	-0.35741274423858838
133.838552	-0.35741274423858838
133.838552	-0.35741274423858838
133.838552	-0.35741274423858838
133.838552	-0.35741274423858838
133.838552	-0.35741274423858838
133.898554	-0.35741850273211762
133.898554	-0.35741850273211762
133.898554	-0.35741850273211762
133.922459	-0.35742174622006556
133.934533	-0.35742357500509286
133.934533	-0.35742357500509286
133.958557	-0.35742748533196445
133.958557	-0.35742748533196445
133.970477	-0.35742959848465122
133.982459	-0.35743176731214044
133.982459	-0.35743176731214044
134.006458	-0.35743636967348541
134.018553	-0.35743876430997856
134.018553	-0.35743876430997856
134.018553	-0.35743876430997856
134.018553	-0.35743876430997856
134.054528	-0.35744615927685808
134.066459	-0.35744865273235527
134.078656	-0.35745121049952322
134.078656	-0.35745121049952322
134.078656	-0.35745121049952322
134.078656	-0.35745121049952322
134.078656	-0.35745121049952322
134.078656	-0.35745121049952322
134.138554	-0.3574635004757008
134.138554	-0.3574635004757008
134.138554	-0.3574635004757008
134.138554	-0.3574635004757008
134.138554	-0.3574635004757008
134.138571	-0.35746350388012987
134.198579	-0.35747446920762482
134.198579	-0.35747446920762482
134.198579	-0.35747446920762482
134.222522	-0.35747821100364019
134.234541	-0.357479913292512
134.234541	-0.357479913292512
134.258574	-0.35748300159411872
134.258574	-0.35748300159411872
134.258574	-0.35748300159411872
134.258574	-0.35748300159411872
134.258574	-0.35748300159411872
134.258574	-0.35748300159411872
134.318606	-0.35748828159427737
134.318606	-0.35748828159427737
134.330476	-0.35748885161153537
134.330476	-0.35748885161153537
134.330476	-0.35748885161153537
134.366476	-0.35748978501666467
134.37858	-0.35748981603506536
134.37858	-0.35748981603506536
134.37858	-0.35748981603506536
134.37858	-0.35748981603506536
134.37858	-0.35748981603506536
134.37858	-0.35748981603506536
134.438728	-0.35748749908017197
134.438728	-0.35748749908017197
134.438728	-0.35748749908017197
134.438728	-0.35748749908017197
134.438728	-0.35748749908017197
134.438728	-0.35748749908017197
134.498571	-0.35748164190736897
134.498571	-0.35748164190736897
134.498571	-0.35748164190736897
134.498571	-0.35748164190736897
134.534548	-0.35747665136831291
134.546476	-0.35747480106147955
134.558593	-0.35747284978494581
134.558593	-0.35747284978494581
134.558593	-0.35747284978494581
134.558593	-0.35747284978494581
134.558593	-0.35747284978494581
134.606479	-0.35746433804257111
134.606479	-0.35746433804257111
134.606479	-0.35746433804257111
134.606479	-0.35746433804257111
134.606479	-0.35746433804257111
134.606479	-0.35746433804257111
134.606479	-0.35746433804257111
134.618577	-0.35746206121720586
134.678573	-0.35745037172678079
134.690498	-0.35744804914909778
134.690498	-0.35744804914909778
134.690498	-0.35744804914909778
134.690498	-0.35744804914909778
134.738573	-0.3574389542861105
134.738573	-0.3574389542861105
134.750476	-0.35743683826906891
134.750476	-0.35743683826906891
134.774541	-0.35743272659720421
134.786476	-0.35743080946039602
134.798572	-0.35742893091470096
134.798572	-0.35742893091470096
134.810476	-0.3574272214078229
134.810476	-0.3574272214078229
134.810476	-0.3574272214078229
134.846476	-0.35742260394535508
134.846476	-0.35742260394535508
134.846476	-0.35742260394535508
134.858574	-0.3574212588958508
134.882476	-0.35741903227205124
134.882476	-0.35741903227205124
134.882476	-0.35741903227205124
134.918571	-0.35741664042232596
134.918571	-0.35741664042232596
134.918571	-0.35741664042232596
134.918571	-0.35741664042232596
134.918571	-0.35741664042232596
134.918571	-0.35741664042232596
134.978576	-0.35741545041206935
134.978576	-0.35741545041206935
134.978576	-0.35741545041206935
134.978576	-0.35741545041206935
134.978576	-0.35741545041206935
134.978576	-0.35741545041206935
135.038592	-0.3574192437822975
135.038592	-0.3574192437822975
135.038592	-0.3574192437822975
135.038592	-0.3574192437822975
135.074546	-0.35742617212463729
135.086497	-0.35742921103890352
135.098644	-0.35743256625558256
135.098644	-0.35743256625558256
135.098644	-0.35743256625558256
135.098644	-0.35743256625558256
135.098644	-0.35743256625558256
135.098644	-0.35743256625558256
135.158612	-0.35745007083001534
135.158612	-0.35745007083001534
135.158612	-0.35745007083001534
135.158612	-0.35745007083001534
135.194567	-0.35745841711395343
135.206494	-0.3574606668934705
135.218629	-0.35746274421752633
135.218629	-0.35746274421752633
135.218629	-0.35746274421752633
135.218629	-0.35746274421752633
135.218629	-0.35746274421752633
135.218629	-0.35746274421752633
135.27859	-0.35746842932270656
135.27859	-0.35746842932270656
135.27859	-0.35746842932270656
135.27859	-0.35746842932270656
135.314566	-0.35746843926718375
135.326494	-0.35746793406187866
135.338596	-0.35746722875201792
135.338596	-0.35746722875201792
135.338596	-0.35746722875201792
135.338596	-0.35746722875201792
135.338596	-0.35746722875201792
135.338596	-0.35746722875201792
135.398631	-0.3574602338616788
135.398631	-0.3574602338616788
135.398631	-0.3574602338616788
135.398631	-0.3574602338616788
135.398631	-0.3574602338616788
135.398631	-0.3574602338616788
135.398631	-0.3574602338616788
135.398631	-0.3574602338616788
135.398631	-0.3574602338616788
135.398631	-0.3574602338616788
135.398631	-0.3574602338616788
135.458593	-0.35744929580112172
135.518607	-0.35743656973350701
135.518607	-0.35743656973350701
135.518607	-0.35743656973350701
135.518607	-0.35743656973350701
135.554563	-0.35742900701218611
135.566494	-0.35742660488267158
135.578589	-0.35742422272408858
135.578589	-0.35742422272408858
135.578589	-0.35742422272408858
135.578589	-0.35742422272408858
135.578589	-0.35742422272408858
135.626574	-0.35741590183159599
135.638599	-0.35741409336768926
135.638599	-0.35741409336768926
135.650501	-0.35741251678149366
135.650501	-0.35741251678149366
135.650501	-0.35741251678149366
135.686494	-0.35740857445230584
135.698588	-0.35740755404656271
135.698588	-0.35740755404656271
135.698588	-0.35740755404656271
135.698588	-0.35740755404656271
135.698588	-0.35740755404656271
135.698588	-0.35740755404656271
135.758668	-0.35740538962967544
135.758668	-0.35740538962967544
135.770494	-0.35740555630612808
135.782494	-0.3574058234782197
135.782494	-0.3574058234782197
135.782494	-0.3574058234782197
135.818588	-0.357407813284502
135.818588	-0.357407813284502
135.818588	-0.357407813284502
135.842494	-0.35741001190766902
135.842494	-0.35741001190766902
135.866515	-0.35741288252032188
135.878598	-0.35741451425015147
135.878598	-0.35741451425015147
135.878598	-0.35741451425015147
135.902494	-0.35741822980035082
135.902494	-0.35741822980035082
135.926497	-0.35742247994606052
135.938589	-0.35742476245829524
135.938589	-0.35742476245829524
135.938589	-0.35742476245829524
135.938589	-0.35742476245829524
135.974558	-0.35743220878382109
135.974558	-0.35743220878382109
135.998606	-0.35743755080645795
135.998606	-0.35743755080645795
135.998606	-0.35743755080645795
135.998606	-0.35743755080645795
135.998606	-0.35743755080645795
135.998606	-0.35743755080645795
136.058596	-0.3574517043354179
136.058596	-0.3574517043354179
136.070493	-0.35745456903918532
136.070493	-0.35745456903918532
136.070493	-0.35745456903918532
136.070493	-0.35745456903918532
136.118589	-0.35746604350857974
136.118589	-0.35746604350857974
136.118589	-0.35746604350857974
136.118589	-0.35746604350857974
136.118589	-0.35746604350857974
136.118589	-0.35746604350857974
136.178588	-0.3574794710682816
136.178588	-0.3574794710682816
136.178605	-0.35747947472372837
136.202511	-0.35748435067540812
136.214576	-0.35748667605190726
136.226511	-0.35748889075430906
136.238607	-0.35749106304589062
136.238607	-0.35749106304589062
136.238607	-0.35749106304589062
136.238607	-0.35749106304589062
136.238607	-0.35749106304589062
136.238607	-0.35749106304589062
136.238607	-0.35749106304589062
136.299167	-0.35750019030356101
136.299167	-0.35750019030356101
136.299167	-0.35750019030356101
136.299167	-0.35750019030356101
136.299167	-0.35750019030356101
136.358609	-0.35750619743167272
136.358609	-0.35750619743167272
136.370524	-0.35750700034906369
136.370524	-0.35750700034906369
136.370524	-0.35750700034906369
136.370524	-0.35750700034906369
136.418676	-0.35750914694107072
136.418676	-0.35750914694107072
136.430518	-0.35750933019736564
136.430518	-0.35750933019736564
136.45459	-0.35750941651168694
136.466512	-0.35750927847549674
136.478611	-0.35750905124451882
136.478611	-0.35750905124451882
136.478611	-0.35750905124451882
136.478611	-0.35750905124451882
136.478611	-0.35750905124451882
136.478611	-0.35750905124451882
136.538635	-0.35750623590523095
136.538635	-0.35750623590523095
136.538635	-0.35750623590523095
136.538635	-0.35750623590523095
136.574579	-0.35750343546186419
136.574579	-0.35750343546186419
136.598609	-0.3575012061464945
136.598609	-0.3575012061464945
136.598609	-0.3575012061464945
136.598609	-0.3575012061464945
136.598609	-0.3575012061464945
136.598609	-0.3575012061464945
136.658617	-0.35749458347916235
136.658617	-0.35749458347916235
136.658617	-0.35749458347916235
136.658617	-0.35749458347916235
136.658617	-0.35749458347916235
136.658617	-0.35749458347916235
136.718626	-0.35748705783428453
136.718626	-0.35748705783428453
136.718626	-0.35748705783428453
136.718626	-0.35748705783428453
136.75458	-0.35748240259606712
136.766511	-0.35748086586652067
136.778608	-0.35747931449671316
136.778608	-0.35747931449671316
136.778608	-0.35747931449671316
136.778608	-0.35747931449671316
136.814657	-0.35747481957959143
136.826511	-0.35747339316459176
136.838606	-0.35747196068297005
136.838606	-0.35747196068297005
136.838606	-0.35747196068297005
136.838606	-0.35747196068297005
136.838606	-0.35747196068297005
136.838606	-0.35747196068297005
136.89861	-0.35746548695203023
136.89861	-0.35746548695203023
136.89861	-0.35746548695203023
136.89861	-0.35746548695203023
136.89861	-0.35746548695203023
136.89861	-0.35746548695203023
136.958613	-0.3574602179971953
136.958613	-0.3574602179971953
136.958613	-0.3574602179971953
136.958613	-0.3574602179971953
136.994582	-0.35745771129276283
137.006511	-0.3574569852204218
137.018629	-0.35745628850703409
137.018629	-0.35745628850703409
137.018629	-0.35745628850703409
137.018629	-0.35745628850703409
137.018629	-0.35745628850703409
137.066532	-0.35745409377586662
137.078679	-0.35745364459063417
137.078679	-0.35745364459063417
137.078679	-0.35745364459063417
137.078679	-0.35745364459063417
137.114579	-0.3574525997560426
137.114579	-0.3574525997560426
137.138607	-0.35745206850786326
137.138607	-0.35745206850786326
137.138607	-0.35745206850786326
137.162511	-0.35745166184007499
137.174576	-0.3574514936567722
137.186511	-0.35745134279909085
137.198624	-0.357451202807751
137.198642	-0.35745120259972291
137.198642	-0.35745120259972291
137.222529	-0.35745096382514258
137.234594	-0.35745085244818753
137.234594	-0.35745085244818753
137.258632	-0.35745062964852792
137.258632	-0.35745062964852792
137.258632	-0.35745062964852792
137.258632	-0.35745062964852792
137.258632	-0.35745062964852792
137.258632	-0.35745062964852792
137.318641	-0.35744992183240504
137.318641	-0.35744992183240504
137.318641	-0.35744992183240504
137.318641	-0.35744992183240504
137.318641	-0.35744992183240504
137.318641	-0.35744992183240504
137.37863	-0.35744871211699791
137.37863	-0.35744871211699791
137.37863	-0.35744871211699791
137.40253	-0.35744802729021724
137.414602	-0.35744762930660773
137.426536	-0.3574472050216545
137.438623	-0.35744674949115762
137.438623	-0.35744674949115762
137.450533	-0.35744625030143379
137.46255	-0.35744572794530877
137.46255	-0.35744572794530877
137.486529	-0.35744456668107688
137.498624	-0.35744394086291281
137.498624	-0.35744394086291281
137.498624	-0.35744394086291281
137.522529	-0.35744259790250321
137.522529	-0.35744259790250321
137.546529	-0.35744113828627061
137.558632	-0.35744037238287696
137.558632	-0.35744037238287696
137.558632	-0.35744037238287696
137.582529	-0.35743879194185846
137.582529	-0.35743879194185846
137.582529	-0.35743879194185846
137.618626	-0.35743630605647503
137.618626	-0.35743630605647503
137.630529	-0.35743547336929249
137.630529	-0.35743547336929249
137.6546	-0.3574337938837972
137.6546	-0.3574337938837972
137.678625	-0.35743214639289556
137.678625	-0.35743214639289556
137.678625	-0.35743214639289556
137.678625	-0.35743214639289556
137.714595	-0.35742981933741003
137.72655	-0.35742909878723866
137.738764	-0.35742838644716174
137.738764	-0.35742838644716174
137.738764	-0.35742838644716174
137.762529	-0.35742713568993667
137.762529	-0.35742713568993667
137.762529	-0.35742713568993667
137.798624	-0.3574255816443791
137.798624	-0.3574255816443791
137.798624	-0.3574255816443791
137.798624	-0.3574255816443791
137.798624	-0.3574255816443791
137.798624	-0.3574255816443791
137.858645	-0.35742419710547679
137.858645	-0.35742419710547679
137.870602	-0.35742414744748852
137.870602	-0.35742414744748852
137.870602	-0.35742414744748852
137.870602	-0.35742414744748852
137.91863	-0.35742462105092038
137.91863	-0.35742462105092038
137.91863	-0.35742462105092038
137.91863	-0.35742462105092038
137.91863	-0.35742462105092038
137.96653	-0.35742642254640772
137.978625	-0.35742706277333874
137.978625	-0.35742706277333874
137.978625	-0.35742706277333874
137.978625	-0.35742706277333874
137.978625	-0.35742706277333874
137.978625	-0.35742706277333874
138.038709	-0.35743153328381999
138.038709	-0.35743153328381999
138.038709	-0.35743153328381999
138.038709	-0.35743153328381999
138.074599	-0.35743510160025077
138.074599	-0.35743510160025077
138.098625	-0.35743779256322361
138.098625	-0.35743779256322361
138.098625	-0.35743779256322361
138.098625	-0.35743779256322361
138.098625	-0.35743779256322361
138.098625	-0.35743779256322361
138.158626	-0.35744543532646794
138.158626	-0.35744543532646794
138.158626	-0.35744543532646794
138.18253	-0.35744873552083944
138.194595	-0.35745043664883264
138.194612	-0.3574504390457805
138.21865	-0.35745385958236298
138.21865	-0.35745385958236298
138.21865	-0.35745385958236298
138.21865	-0.35745385958236298
138.254632	-0.35745898783061802
138.266623	-0.35746067272912729
138.278647	-0.35746234887260675
138.278647	-0.35746234887260675
138.278647	-0.35746234887260675
138.278647	-0.35746234887260675
138.278647	-0.35746234887260675
138.278647	-0.35746234887260675
138.338644	-0.35747016072809751
138.338644	-0.35747016072809751
138.338644	-0.35747016072809751
138.338644	-0.35747016072809751
138.338644	-0.35747016072809751
138.338644	-0.35747016072809751
138.338644	-0.35747016072809751
138.338644	-0.35747016072809751
138.338644	-0.35747016072809751
138.338644	-0.35747016072809751
138.338644	-0.35747016072809751
138.398738	-0.35747660163826001
138.458655	-0.35748106176831557
138.458655	-0.35748106176831557
138.458655	-0.35748106176831557
138.458655	-0.35748106176831557
138.458655	-0.35748106176831557
138.506546	-0.35748292278718941
138.518661	-0.35748316833457966
138.518661	-0.35748316833457966
138.518661	-0.35748316833457966
138.542546	-0.35748329666177825
138.542546	-0.35748329666177825
138.542546	-0.35748329666177825
138.578641	-0.35748274327077828
138.578641	-0.35748274327077828
138.590566	-0.35748233468178825
138.602546	-0.35748187173773305
138.602546	-0.35748187173773305
138.626546	-0.35748061096237604
138.638651	-0.35747986367229218
138.638651	-0.35747986367229218
138.638651	-0.35747986367229218
138.638651	-0.35747986367229218
138.674618	-0.3574770693969051
138.686546	-0.35747599330302582
138.698727	-0.35747483907876093
138.698727	-0.35747483907876093
138.698727	-0.35747483907876093
138.698727	-0.35747483907876093
138.698727	-0.35747483907876093
138.698727	-0.35747483907876093
138.758646	-0.35746821110836324
138.758646	-0.35746821110836324
138.770546	-0.35746675073616813
138.770546	-0.35746675073616813
138.770546	-0.35746675073616813
138.770546	-0.35746675073616813
138.818641	-0.35746062484292973
138.818641	-0.35746062484292973
138.83055	-0.35745906990656845
138.83055	-0.35745906990656845
138.83055	-0.35745906990656845
138.866547	-0.35745438641334293
138.878644	-0.35745283089017377
138.878644	-0.35745283089017377
138.878644	-0.35745283089017377
138.878644	-0.35745283089017377
138.878644	-0.35745283089017377
138.878644	-0.35745283089017377
138.938664	-0.35744556934377286
138.938664	-0.35744556934377286
138.938664	-0.35744556934377286
138.938664	-0.35744556934377286
138.938664	-0.35744556934377286
138.986567	-0.35744061842317199
138.998641	-0.35743950633161531
138.998641	-0.35743950633161531
138.998641	-0.35743950633161531
138.998641	-0.35743950633161531
138.998641	-0.35743950633161531
138.998641	-0.35743950633161531
139.058713	-0.35743514040282581
139.058713	-0.35743514040282581
139.058713	-0.35743514040282581
139.058713	-0.35743514040282581
139.094614	-0.35743350160261173
139.106611	-0.35743311932555338
139.118663	-0.35743279899152758
139.118663	-0.35743279899152758
139.118663	-0.35743279899152758
139.118663	-0.35743279899152758
139.118663	-0.35743279899152758
139.118663	-0.35743279899152758
139.17865	-0.35743255763961879
139.17865	-0.35743255763961879
139.17865	-0.35743255763961879
139.17865	-0.35743255763961879
139.178668	-0.35743255778753513
139.226568	-0.35743380326546026
139.226568	-0.35743380326546026
139.226568	-0.35743380326546026
139.226568	-0.35743380326546026
139.226568	-0.35743380326546026
139.23866	-0.35743427951120293
139.286564	-0.35743684940402443
139.298659	-0.35743762031196474
139.298659	-0.35743762031196474
139.310564	-0.35743844429592553
139.322636	-0.35743930163211468
139.322636	-0.35743930163211468
139.322636	-0.35743930163211468
139.358666	-0.3574420773913341
139.358666	-0.3574420773913341
139.358666	-0.3574420773913341
139.358666	-0.3574420773913341
139.358666	-0.3574420773913341
139.406564	-0.35744603393532393
139.418673	-0.35744704820419371
139.418673	-0.35744704820419371
139.430564	-0.35744803631616129
139.442564	-0.35744902763779984
139.454705	-0.35745001256041159
139.454705	-0.35745001256041159
139.478661	-0.35745190013423556
139.478661	-0.35745190013423556
139.490567	-0.35745278770916544
139.490567	-0.35745278770916544
139.490567	-0.35745278770916544
139.490567	-0.35745278770916544
139.490567	-0.35745278770916544
139.490567	-0.35745278770916544
139.490567	-0.35745278770916544
139.490567	-0.35745278770916544
139.490567	-0.35745278770916544
139.538661	-0.35745604686867549
139.598682	-0.35745900542586267
139.598682	-0.35745900542586267
139.610629	-0.35745940414430877
139.610629	-0.35745940414430877
139.634641	-0.35746005263951047
139.646566	-0.35746027322421503
139.658698	-0.35746044776672614
139.658698	-0.35746044776672614
139.658698	-0.35746044776672614
139.658698	-0.35746044776672614
139.658698	-0.35746044776672614
139.658698	-0.35746044776672614
139.718737	-0.35746023640877372
139.718737	-0.35746023640877372
139.718737	-0.35746023640877372
139.742565	-0.35745969658749061
139.742565	-0.35745969658749061
139.742565	-0.35745969658749061
139.778678	-0.35745843539886663
139.778678	-0.35745843539886663
139.790586	-0.35745789381084475
139.802565	-0.35745732153318122
139.802565	-0.35745732153318122
139.802565	-0.35745732153318122
139.838662	-0.35745529045250207
139.838662	-0.35745529045250207
139.838662	-0.35745529045250207
139.838662	-0.35745529045250207
139.838662	-0.35745529045250207
139.838662	-0.35745529045250207
139.898659	-0.35745120228287569
139.898659	-0.35745120228287569
139.898659	-0.35745120228287569
139.898659	-0.35745120228287569
139.898659	-0.35745120228287569
139.946566	-0.35744759804687942
139.958664	-0.35744667628126414
139.958664	-0.35744667628126414
139.958664	-0.35744667628126414
139.958664	-0.35744667628126414
139.958664	-0.35744667628126414
140.006565	-0.3574431240086523
140.018742	-0.35744225951763237
140.018742	-0.35744225951763237
140.018742	-0.35744225951763237
140.018742	-0.35744225951763237
140.018742	-0.35744225951763237
140.018742	-0.35744225951763237
140.078662	-0.35743850531033344
140.078662	-0.35743850531033344
140.078662	-0.35743850531033344
140.078662	-0.35743850531033344
140.078662	-0.35743850531033344
140.078662	-0.35743850531033344
140.138659	-0.35743585799074962
140.138659	-0.35743585799074962
140.138659	-0.35743585799074962
140.138659	-0.35743585799074962
140.174629	-0.35743496152511089
140.186586	-0.35743478646640203
140.198668	-0.35743465780574263
140.198668	-0.35743465780574263
140.198668	-0.35743465780574263
140.222583	-0.35743463226733446
140.222583	-0.35743463226733446
140.222583	-0.35743463226733446
140.25869	-0.35743507949627751
140.25869	-0.35743507949627751
140.25869	-0.35743507949627751
140.25869	-0.35743507949627751
140.25869	-0.35743507949627751
140.25869	-0.35743507949627751
140.318747	-0.35743712036427999
140.318747	-0.35743712036427999
140.330583	-0.35743771555599158
140.342583	-0.35743834845646127
140.342583	-0.35743834845646127
140.342583	-0.35743834845646127
140.378755	-0.35744059626282365
140.378755	-0.35744059626282365
140.378755	-0.35744059626282365
140.378755	-0.35744059626282365
140.378755	-0.35744059626282365
140.378755	-0.35744059626282365
140.438686	-0.35744516582215097
140.438686	-0.35744516582215097
140.438686	-0.35744516582215097
140.438686	-0.35744516582215097
140.438686	-0.35744516582215097
140.438686	-0.35744516582215097
140.498678	-0.35745038604703666
140.498678	-0.35745038604703666
140.498678	-0.35745038604703666
140.522583	-0.35745253047059755
140.522583	-0.35745253047059755
140.522583	-0.35745253047059755
140.55868	-0.35745573220205551
140.55868	-0.35745573220205551
140.55868	-0.35745573220205551
140.55868	-0.35745573220205551
140.594653	-0.35745876868151838
140.594653	-0.35745876868151838
140.61868	-0.35746066831585144
140.61868	-0.35746066831585144
140.61868	-0.35746066831585144
140.61868	-0.35746066831585144
140.61868	-0.35746066831585144
140.61868	-0.35746066831585144
140.61868	-0.35746066831585144
140.61868	-0.35746066831585144
140.61868	-0.35746066831585144
140.61868	-0.35746066831585144
140.61868	-0.35746066831585144
140.678777	-0.35746470830321153
140.738677	-0.3574674353761122
140.738677	-0.3574674353761122
140.750585	-0.35746778034718929
140.750585	-0.35746778034718929
140.750585	-0.35746778034718929
140.750585	-0.35746778034718929
140.750585	-0.35746778034718929
140.750585	-0.35746778034718929
140.750585	-0.35746778034718929
140.798678	-0.35746860113447265
140.834649	-0.35746848419649097
140.846593	-0.35746831393479767
140.858683	-0.35746809148866182
140.858683	-0.35746809148866182
140.858683	-0.35746809148866182
140.858683	-0.35746809148866182
140.858683	-0.35746809148866182
140.858683	-0.35746809148866182
140.858683	-0.35746809148866182
140.858683	-0.35746809148866182
140.858683	-0.35746809148866182
140.858683	-0.35746809148866182
140.858683	-0.35746809148866182
140.918681	-0.35746596575018791
140.978679	-0.35746244151934714
140.978679	-0.35746244151934714
140.978679	-0.35746244151934714
141.002584	-0.35746072019966019
141.002584	-0.35746072019966019
141.002584	-0.35746072019966019
141.038746	-0.35745786455971867
141.038746	-0.35745786455971867
141.038746	-0.35745786455971867
141.038746	-0.35745786455971867
141.038746	-0.35745786455971867
141.086586	-0.35745376426481512
141.0987	-0.35745269700169402
141.0987	-0.35745269700169402
141.0987	-0.35745269700169402
141.0987	-0.35745269700169402
141.0987	-0.35745269700169402
141.0987	-0.35745269700169402
141.158686	-0.35744742378112765
141.158686	-0.35744742378112765
141.158686	-0.35744742378112765
141.158686	-0.35744742378112765
141.194654	-0.35744442454663533
141.194654	-0.35744442454663533
141.218685	-0.35744254143005633
141.230601	-0.35744166855998716
141.230601	-0.35744166855998716
141.230601	-0.35744166855998716
141.254668	-0.35743999855471204
141.254668	-0.35743999855471204
141.278709	-0.35743849653888754
141.278709	-0.35743849653888754
141.290601	-0.35743784096331332
141.290601	-0.35743784096331332
141.314669	-0.35743663767643918
141.314669	-0.35743663767643918
141.314669	-0.35743663767643918
141.338794	-0.35743564326798938
141.350601	-0.35743526110112545
141.3626	-0.3574349038613131
141.3626	-0.3574349038613131
141.3626	-0.3574349038613131
141.398696	-0.35743421792709151
141.398696	-0.35743421792709151
141.398696	-0.35743421792709151
141.398696	-0.35743421792709151
141.398696	-0.35743421792709151
141.446602	-0.3574341703102058
141.458705	-0.35743429217186945
141.458705	-0.35743429217186945
141.470814	-0.35743450083480294
141.470814	-0.35743450083480294
141.494685	-0.35743504589901026
141.494685	-0.35743504589901026
141.518694	-0.35743580218596754
141.518694	-0.35743580218596754
141.518694	-0.35743580218596754
141.518694	-0.35743580218596754
141.518694	-0.35743580218596754
141.518694	-0.35743580218596754
141.5787	-0.35743854251408058
141.5787	-0.35743854251408058
141.5787	-0.35743854251408058
141.5787	-0.35743854251408058
141.5787	-0.35743854251408058
141.5787	-0.35743854251408058
141.638698	-0.35744219176971381
141.638698	-0.35744219176971381
141.638698	-0.35744219176971381
141.638698	-0.35744219176971381
141.638698	-0.35744219176971381
141.638698	-0.35744219176971381
141.698763	-0.35744635526566731
141.698763	-0.35744635526566731
141.698763	-0.35744635526566731
141.698763	-0.35744635526566731
141.698763	-0.35744635526566731
141.746601	-0.35744974155051473
141.758717	-0.35745058347547015
141.758717	-0.35745058347547015
141.758717	-0.35745058347547015
141.758717	-0.35745058347547015
141.758717	-0.35745058347547015
141.758717	-0.35745058347547015
141.818714	-0.35745445819692595
141.818714	-0.35745445819692595
141.818714	-0.35745445819692595
141.818714	-0.35745445819692595
141.818714	-0.35745445819692595
141.818714	-0.35745445819692595
141.878697	-0.35745759763001284
141.878697	-0.35745759763001284
141.890639	-0.35745809639968162
141.890639	-0.35745809639968162
141.914667	-0.35745899425716204
141.914667	-0.35745899425716204
141.938695	-0.35745971283692252
141.938695	-0.35745971283692252
141.938695	-0.35745971283692252
141.938695	-0.35745971283692252
141.938695	-0.35745971283692252
141.938695	-0.35745971283692252
141.998736	-0.35746062720386768
141.998736	-0.35746062720386768
141.998736	-0.35746062720386768
142.022621	-0.35746063780759324
142.022621	-0.35746063780759324
142.022621	-0.35746063780759324
142.0587	-0.35746029240387717
142.0587	-0.35746029240387717
142.0587	-0.35746029240387717
142.0587	-0.35746029240387717
142.0587	-0.35746029240387717
142.0587	-0.35746029240387717
142.118696	-0.35745879254976137
142.118696	-0.35745879254976137
142.118696	-0.35745879254976137
142.142602	-0.35745790931866467
142.142602	-0.35745790931866467
142.166601	-0.35745688322016728
142.17872	-0.35745632723971121
142.17872	-0.35745632723971121
142.17872	-0.35745632723971121
142.17872	-0.35745632723971121
142.17872	-0.35745632723971121
142.17872	-0.35745632723971121
142.238723	-0.35745319376370727
142.238723	-0.35745319376370727
142.238723	-0.35745319376370727
142.262629	-0.35745183715687062
142.274692	-0.3574511408788637
142.28664	-0.35745044939000647
142.298717	-0.35744974894151704
142.298717	-0.35744974894151704
142.298717	-0.35744974894151704
142.298717	-0.35744974894151704
142.298717	-0.35744974894151704
142.298717	-0.35744974894151704
142.298717	-0.35744974894151704
142.35881	-0.35744636695191379
142.37062	-0.35744574797680484
142.37062	-0.35744574797680484
142.394695	-0.35744453743489008
142.40662	-0.35744397635793268
142.418734	-0.35744342610560792
142.418734	-0.35744342610560792
142.43062	-0.35744293069112221
142.44262	-0.35744244809968195
142.44262	-0.35744244809968195
142.44262	-0.35744244809968195
142.478745	-0.3574412222760508
142.478745	-0.3574412222760508
142.478745	-0.3574412222760508
142.50262	-0.35744060846659542
142.50262	-0.35744060846659542
142.526623	-0.35744015989388028
142.538737	-0.35743998562521412
142.538737	-0.35743998562521412
142.538737	-0.35743998562521412
142.538737	-0.35743998562521412
142.538737	-0.35743998562521412
142.538737	-0.35743998562521412
142.598715	-0.35743983410975472
142.598715	-0.35743983410975472
142.598715	-0.35743983410975472
142.598715	-0.35743983410975472
142.598715	-0.35743983410975472
142.64662	-0.35744050692289986
142.65873	-0.35744077076575864
142.65873	-0.35744077076575864
142.65873	-0.35744077076575864
142.65873	-0.35744077076575864
142.694686	-0.35744181814791026
142.706621	-0.35744223530113206
142.718717	-0.35744268341664248
142.718717	-0.35744268341664248
142.718717	-0.35744268341664248
142.718717	-0.35744268341664248
142.754757	-0.35744422152754823
142.754757	-0.35744422152754823
142.754757	-0.35744422152754823
142.754757	-0.35744422152754823
142.754757	-0.35744422152754823
142.754757	-0.35744422152754823
142.754757	-0.35744422152754823
142.778717	-0.35744536061167559
142.838723	-0.35744851301597069
142.838723	-0.35744851301597069
142.838723	-0.35744851301597069
142.838723	-0.35744851301597069
142.838723	-0.35744851301597069
142.838723	-0.35744851301597069
142.898752	-0.35745180629122425
142.898752	-0.35745180629122425
142.898752	-0.35745180629122425
142.898752	-0.35745180629122425
142.934709	-0.35745369835959423
142.946621	-0.35745429579935123
142.95872	-0.35745488959454585
142.95872	-0.35745488959454585
142.95872	-0.35745488959454585
142.95872	-0.35745488959454585
142.95872	-0.35745488959454585
142.95872	-0.35745488959454585
143.018783	-0.35745744908571947
143.018783	-0.35745744908571947
143.018783	-0.35745744908571947
143.018783	-0.35745744908571947
143.018783	-0.35745744908571947
143.066641	-0.35745892162055593
143.078723	-0.35745921205182285
143.078723	-0.35745921205182285
143.078723	-0.35745921205182285
143.10262	-0.35745964819008508
143.1147	-0.35745980419121359
143.12662	-0.35745991967083207
143.138715	-0.35746000560638208
143.138715	-0.35746000560638208
143.138715	-0.35746000560638208
143.138715	-0.35746000560638208
143.138715	-0.35746000560638208
143.138715	-0.35746000560638208
143.198736	-0.35745974878795289
143.198736	-0.35745974878795289
143.198736	-0.35745974878795289
143.198736	-0.35745974878795289
143.234685	-0.35745909194184849
143.246638	-0.35745879715565215
143.258736	-0.35745847045930035
143.258736	-0.35745847045930035
143.258736	-0.35745847045930035
143.258736	-0.35745847045930035
143.294703	-0.35745725973763737
143.294703	-0.35745725973763737
143.318756	-0.35745630226331571
143.318756	-0.35745630226331571
143.318756	-0.35745630226331571
143.342639	-0.3574552369208796
143.354706	-0.35745466179124741
143.354706	-0.35745466179124741
143.378738	-0.35745346621706631
143.378738	-0.35745346621706631
143.378738	-0.35745346621706631
143.378738	-0.35745346621706631
143.378738	-0.35745346621706631
143.426638	-0.35745091003412371
143.438734	-0.3574502461771612
143.438734	-0.3574502461771612
143.438734	-0.3574502461771612
143.438734	-0.3574502461771612
143.438734	-0.3574502461771612
143.486639	-0.35744761747333414
143.498737	-0.35744696480468124
143.498737	-0.35744696480468124
143.498737	-0.35744696480468124
143.522638	-0.35744571523844043
143.522638	-0.35744571523844043
143.522638	-0.35744571523844043
143.558738	-0.35744394750371472
143.558738	-0.35744394750371472
143.558738	-0.35744394750371472
143.558738	-0.35744394750371472
143.558738	-0.35744394750371472
143.606638	-0.35744193416963621
143.618739	-0.35744148858496128
143.618739	-0.35744148858496128
143.618739	-0.35744148858496128
143.618739	-0.35744148858496128
143.654709	-0.35744038972368736
143.654709	-0.35744038972368736
143.67883	-0.35743982080929354
143.67883	-0.35743982080929354
143.67883	-0.35743982080929354
143.702638	-0.35743942036824994
143.702638	-0.35743942036824994
143.726638	-0.35743917661328289
143.738745	-0.35743910241774118
143.738745	-0.35743910241774118
143.738745	-0.35743910241774118
143.738745	-0.35743910241774118
143.738745	-0.35743910241774118
143.738745	-0.35743910241774118
143.798734	-0.35743938295454153
143.798734	-0.35743938295454153
143.798734	-0.35743938295454153
143.798734	-0.35743938295454153
143.798734	-0.35743938295454153
143.798734	-0.35743938295454153
143.858753	-0.35744061988095549
143.858753	-0.35744061988095549
143.858753	-0.35744061988095549
143.858753	-0.35744061988095549
143.858753	-0.35744061988095549
143.906639	-0.35744220815749006
143.918733	-0.35744267247035172
143.918733	-0.35744267247035172
143.930638	-0.35744316487126415
143.930638	-0.35744316487126415
143.930638	-0.35744316487126415
143.966638	-0.35744475759752287
143.978862	-0.35744533060088823
143.978862	-0.35744533060088823
143.978862	-0.35744533060088823
144.002637	-0.35744648875386403
144.002637	-0.35744648875386403
144.026638	-0.35744769073196769
144.038732	-0.3574483022643567
144.038732	-0.3574483022643567
144.038732	-0.3574483022643567
144.038732	-0.3574483022643567
144.038732	-0.3574483022643567
144.038732	-0.3574483022643567
144.098733	-0.35745130526736851
144.098733	-0.35745130526736851
144.098733	-0.35745130526736851
144.098733	-0.35745130526736851
144.098733	-0.35745130526736851
144.146639	-0.35745351660124786
144.158738	-0.35745403666278658
144.158738	-0.35745403666278658
144.158738	-0.35745403666278658
144.158738	-0.35745403666278658
144.158738	-0.35745403666278658
144.158738	-0.35745403666278658
144.218751	-0.35745623277214106
144.218751	-0.35745623277214106
144.218751	-0.35745623277214106
144.218769	-0.35745623336026816
144.218769	-0.35745623336026816
144.218769	-0.35745623336026816
144.278752	-0.3574576883045274
144.278752	-0.3574576883045274
144.278752	-0.3574576883045274
144.278752	-0.3574576883045274
144.31472	-0.35745814322282715
144.31472	-0.35745814322282715
144.338826	-0.35745827816812759
144.338826	-0.35745827816812759
144.338826	-0.35745827816812759
144.338826	-0.35745827816812759
144.374742	-0.35745819040356469
144.38677	-0.35745809045954491
144.398754	-0.35745796525364032
144.398754	-0.35745796525364032
144.398754	-0.35745796525364032
144.398754	-0.35745796525364032
144.398754	-0.35745796525364032
144.398754	-0.35745796525364032
144.458754	-0.35745680588336332
144.458754	-0.35745680588336332
144.458754	-0.35745680588336332
144.458754	-0.35745680588336332
144.458754	-0.35745680588336332
144.458754	-0.35745680588336332
144.518751	-0.35745493918982352
144.518751	-0.35745493918982352
144.530656	-0.35745449701749782
144.530656	-0.35745449701749782
144.554725	-0.35745356192352484
144.554725	-0.35745356192352484
144.578752	-0.35745257229862809
144.578752	-0.35745257229862809
144.590656	-0.35745206281372022
144.590656	-0.35745206281372022
144.614727	-0.35745101677800623
144.614727	-0.35745101677800623
144.638793	-0.35744995687423342
144.638793	-0.35744995687423342
144.650666	-0.35744943503422133
144.650666	-0.35744943503422133
144.650666	-0.35744943503422133
144.650666	-0.35744943503422133
144.698766	-0.35744737052783421
144.698766	-0.35744737052783421
144.698766	-0.35744737052783421
144.722655	-0.35744640862192611
144.722655	-0.35744640862192611
144.746655	-0.35744550613798032
144.758775	-0.35744507257968927
144.758775	-0.35744507257968927
144.758775	-0.35744507257968927
144.782656	-0.3574442933476204
144.794728	-0.3574439364873887
144.806656	-0.35744360784712015
144.818767	-0.35744329343648684
144.818767	-0.35744329343648684
144.818767	-0.35744329343648684
144.842655	-0.35744277190513474
144.842655	-0.35744277190513474
144.842655	-0.35744277190513474
144.878755	-0.3574422026647498
144.878755	-0.3574422026647498
144.878755	-0.3574422026647498
144.902659	-0.35744198646353748
144.902659	-0.35744198646353748
144.902659	-0.35744198646353748
144.938755	-0.35744189620635913
144.938755	-0.35744189620635913
144.938755	-0.35744189620635913
144.938755	-0.35744189620635913
144.938755	-0.35744189620635913
144.938755	-0.35744189620635913
144.998835	-0.35744238913044646
144.998835	-0.35744238913044646
144.998835	-0.35744238913044646
144.998835	-0.35744238913044646
144.998835	-0.35744238913044646
145.046656	-0.35744331627729675
145.058785	-0.35744361067823732
145.058785	-0.35744361067823732
145.058785	-0.35744361067823732
145.058785	-0.35744361067823732
145.058785	-0.35744361067823732
145.058785	-0.35744361067823732
145.118751	-0.35744541954749082
145.118751	-0.35744541954749082
145.118751	-0.35744541954749082
145.142655	-0.35744626195993834
145.142655	-0.35744626195993834
145.142655	-0.35744626195993834
145.178751	-0.35744761711074574
145.178751	-0.35744761711074574
145.190657	-0.3574480801169051
145.190657	-0.3574480801169051
145.190657	-0.3574480801169051
145.190657	-0.3574480801169051
145.238749	-0.35744996634180426
145.238767	-0.35744996704787563
145.238767	-0.35744996704787563
145.238767	-0.35744996704787563
145.238767	-0.35744996704787563
145.238767	-0.35744996704787563
145.298771	-0.35745222095781193
145.298771	-0.35745222095781193
145.298771	-0.35745222095781193
145.298771	-0.35745222095781193
145.298771	-0.35745222095781193
145.346674	-0.35745378976058717
145.358774	-0.35745414599153819
145.358774	-0.35745414599153819
145.358774	-0.35745414599153819
145.358774	-0.35745414599153819
145.358774	-0.35745414599153819
145.358774	-0.35745414599153819
145.41877	-0.35745554668703744
145.41877	-0.35745554668703744
145.41877	-0.35745554668703744
145.41877	-0.35745554668703744
145.41877	-0.35745554668703744
145.41877	-0.35745554668703744
145.478804	-0.35745628682006564
145.478804	-0.35745628682006564
145.478804	-0.35745628682006564
145.502694	-0.35745637726975599
145.514739	-0.35745637644106643
145.514739	-0.35745637644106643
145.538772	-0.35745629787358918
145.538772	-0.35745629787358918
145.538772	-0.35745629787358918
145.538772	-0.35745629787358918
145.538772	-0.35745629787358918
145.586674	-0.35745578027797636
145.598769	-0.35745558808653277
145.598769	-0.35745558808653277
145.610674	-0.35745536080949375
145.610674	-0.35745536080949375
145.610674	-0.35745536080949375
145.610674	-0.35745536080949375
145.658839	-0.35745423654885738
145.658839	-0.35745423654885738
145.658839	-0.35745423654885738
145.658839	-0.35745423654885738
145.658839	-0.35745423654885738
145.658839	-0.35745423654885738
145.718768	-0.35745239447037336
145.718768	-0.35745239447037336
145.718768	-0.35745239447037336
145.718768	-0.35745239447037336
145.718768	-0.35745239447037336
145.766694	-0.35745069478276681
145.778779	-0.35745025035682171
145.778779	-0.35745025035682171
145.778779	-0.35745025035682171
145.778779	-0.35745025035682171
145.778779	-0.35745025035682171
145.778779	-0.35745025035682171
145.838773	-0.35744802952796917
145.838773	-0.35744802952796917
145.838773	-0.35744802952796917
145.838773	-0.35744802952796917
145.838773	-0.35744802952796917
145.838773	-0.35744802952796917
145.898807	-0.35744595740645546
145.898807	-0.35744595740645546
145.898807	-0.35744595740645546
145.898807	-0.35744595740645546
145.934746	-0.35744488058729762
145.934746	-0.35744488058729762
145.958856	-0.35744424445525086
145.958856	-0.35744424445525086
145.970675	-0.35744397134310579
145.970675	-0.35744397134310579
145.970675	-0.35744397134310579
145.970675	-0.35744397134310579
146.018773	-0.35744306328894515
146.018773	-0.35744306328894515
146.018773	-0.35744306328894515
146.018773	-0.35744306328894515
146.018773	-0.35744306328894515
146.066674	-0.35744258241557481
146.078772	-0.35744252180905189
146.078772	-0.35744252180905189
146.078772	-0.35744252180905189
146.102674	-0.35744249977095849
146.11474	-0.35744253230055867
146.11474	-0.35744253230055867
146.138767	-0.3574426684412334
146.138767	-0.3574426684412334
146.138767	-0.3574426684412334
146.138767	-0.3574426684412334
146.138767	-0.3574426684412334
146.186744	-0.35744327235078827
146.198773	-0.35744347915425317
146.198773	-0.35744347915425317
146.198773	-0.35744347915425317
146.198773	-0.35744347915425317
146.198773	-0.35744347915425317
146.198773	-0.35744347915425317
146.258819	-0.35744486386085822
146.258819	-0.35744486386085822
146.258819	-0.35744486386085822
146.258819	-0.35744486386085822
146.258819	-0.35744486386085822
146.306693	-0.35744628397291123
146.318882	-0.35744667470243419
146.318882	-0.35744667470243419
146.318882	-0.35744667470243419
146.318882	-0.35744667470243419
146.354764	-0.35744788363572361
146.354764	-0.35744788363572361
146.378789	-0.35744871681163726
146.378789	-0.35744871681163726
146.378789	-0.35744871681163726
146.402693	-0.35744955062825645
146.402693	-0.35744955062825645
146.402693	-0.35744955062825645
146.438806	-0.3574507894446341
146.438806	-0.3574507894446341
146.450806	-0.35745118602636422
146.450806	-0.35745118602636422
146.450806	-0.35745118602636422
146.450806	-0.35745118602636422
146.498785	-0.3574526789801456
146.498785	-0.3574526789801456
146.498785	-0.3574526789801456
146.498785	-0.3574526789801456
146.534772	-0.35745364280408787
146.546713	-0.35745392713257601
146.55879	-0.35745420064319311
146.55879	-0.35745420064319311
146.55879	-0.35745420064319311
146.55879	-0.35745420064319311
146.55879	-0.35745420064319311
146.55879	-0.35745420064319311
146.618792	-0.35745520702563299
146.618792	-0.35745520702563299
146.618792	-0.35745520702563299
146.642693	-0.35745543972455618
146.642693	-0.35745543972455618
146.666692	-0.35745557093611063
146.678808	-0.3574556061430828
146.678808	-0.3574556061430828
146.678808	-0.3574556061430828
146.678808	-0.3574556061430828
146.678808	-0.3574556061430828
146.678808	-0.3574556061430828
146.738794	-0.3574553689255453
146.738794	-0.3574553689255453
146.738794	-0.3574553689255453
146.738794	-0.3574553689255453
146.774757	-0.3574549300437615
146.786693	-0.3574547402476036
146.798789	-0.35745453184432091
146.798789	-0.35745453184432091
146.798789	-0.35745453184432091
146.798789	-0.35745453184432091
146.798789	-0.35745453184432091
146.798789	-0.35745453184432091
146.858806	-0.35745319024170225
146.858806	-0.35745319024170225
146.858806	-0.35745319024170225
146.858806	-0.35745319024170225
146.858806	-0.35745319024170225
146.858806	-0.35745319024170225
146.918786	-0.35745149059681525
146.918786	-0.35745149059681525
146.930693	-0.35745112421801395
146.942713	-0.35745075144925775
146.954761	-0.35745037195206714
146.966693	-0.3574499943329863
146.978864	-0.35744960773230833
146.978864	-0.35744960773230833
146.990692	-0.35744923307738835
146.990692	-0.35744923307738835
147.014768	-0.35744847746494063
147.014768	-0.35744847746494063
147.038807	-0.35744774253945477
147.038807	-0.35744774253945477
147.038807	-0.35744774253945477
147.038807	-0.35744774253945477
147.038807	-0.35744774253945477
147.038807	-0.35744774253945477
147.038807	-0.35744774253945477
147.038807	-0.35744774253945477
147.038807	-0.35744774253945477
147.038807	-0.35744774253945477
147.098787	-0.35744607806269807
147.146696	-0.35744500938543716
147.158797	-0.35744477921154094
147.158797	-0.35744477921154094
147.158797	-0.35744477921154094
147.182693	-0.35744439517968668
147.194781	-0.35744423397761188
147.206727	-0.35744409524488591
147.21881	-0.35744397106740783
147.21881	-0.35744397106740783
147.21881	-0.35744397106740783
147.21881	-0.35744397106740783
147.218832	-0.35744397084131291
147.218832	-0.35744397084131291
147.278852	-0.35744372566058952
147.278852	-0.35744372566058952
147.278852	-0.35744372566058952
147.278852	-0.35744372566058952
147.314778	-0.35744386057127442
147.314778	-0.35744386057127442
147.338827	-0.35744405631263321
147.338827	-0.35744405631263321
147.338827	-0.35744405631263321
147.338827	-0.35744405631263321
147.374849	-0.3574445184954767
147.374849	-0.3574445184954767
147.398824	-0.35744491725929944
147.398824	-0.35744491725929944
147.398824	-0.35744491725929944
147.422715	-0.35744538854605529
147.43478	-0.35744565110195048
147.446715	-0.35744592357213506
147.458811	-0.35744620975770292
147.458811	-0.35744620975770292
147.458811	-0.35744620975770292
147.458811	-0.35744620975770292
147.49478	-0.35744713621652879
147.506786	-0.35744746215749901
147.518813	-0.35744779390112352
147.518813	-0.35744779390112352
147.518813	-0.35744779390112352
147.518813	-0.35744779390112352
147.518813	-0.35744779390112352
147.518813	-0.35744779390112352
147.578822	-0.35744950326112818
147.578822	-0.35744950326112818
147.578822	-0.35744950326112818
147.578822	-0.35744950326112818
147.614786	-0.35745051286293872
147.626715	-0.35745083671985717
147.638894	-0.35745116227835566
147.638894	-0.35745116227835566
147.638894	-0.35745116227835566
147.638894	-0.35745116227835566
147.638894	-0.35745116227835566
147.638894	-0.35745116227835566
147.698807	-0.35745259553746705
147.698807	-0.35745259553746705
147.710715	-0.3574528367105656
147.722735	-0.3574530714289248
147.722735	-0.3574530714289248
147.746714	-0.3574534807959146
147.758829	-0.35745366603702017
147.758829	-0.35745366603702017
147.758829	-0.35745366603702017
147.758829	-0.35745366603702017
147.758829	-0.35745366603702017
147.758829	-0.35745366603702017
147.818825	-0.35745426670618363
147.818825	-0.35745426670618363
147.818825	-0.35745426670618363
147.818825	-0.35745426670618363
147.854805	-0.35745437311595696
147.854805	-0.35745437311595696
147.878831	-0.35745434419606559
147.878831	-0.35745434419606559
147.878831	-0.35745434419606559
147.878831	-0.35745434419606559
147.914781	-0.35745413405888288
147.914781	-0.35745413405888288
147.938813	-0.35745389922549098
147.938813	-0.35745389922549098
147.950714	-0.35745374782213091
147.962714	-0.35745358538114058
147.97478	-0.35745339917009639
147.986736	-0.35745319944125181
147.998896	-0.3574529843123061
147.998896	-0.3574529843123061
148.010715	-0.35745275333677745
148.010715	-0.35745275333677745
148.034854	-0.35745225021230775
148.034854	-0.35745225021230775
148.058836	-0.3574517046364748
148.058836	-0.3574517046364748
148.058836	-0.3574517046364748
148.058836	-0.3574517046364748
148.094779	-0.35745081632846026
148.094779	-0.35745081632846026
148.118827	-0.35745019416789869
148.118827	-0.35745019416789869
148.130717	-0.35744988068034456
148.130717	-0.35744988068034456
148.130717	-0.35744988068034456
148.130717	-0.35744988068034456
148.178811	-0.35744861213226264
148.178811	-0.35744861213226264
148.178811	-0.35744861213226264
148.178811	-0.35744861213226264
148.178811	-0.35744861213226264
148.226715	-0.35744740856537383
148.23882	-0.35744712047258403
148.23882	-0.35744712047258403
148.23882	-0.35744712047258403
148.238838	-0.35744712004419327
148.274805	-0.35744633575569118
148.274805	-0.35744633575569118
148.274805	-0.35744633575569118
148.274805	-0.35744633575569118
148.274805	-0.35744633575569118
148.274805	-0.35744633575569118
148.274805	-0.35744633575569118
148.298902	-0.35744586933736067
148.358832	-0.35744498658601964
148.358832	-0.35744498658601964
148.358832	-0.35744498658601964
148.382753	-0.35744475803458076
148.382753	-0.35744475803458076
148.406732	-0.35744460566320602
148.418827	-0.3574445522146989
148.418827	-0.3574445522146989
148.418827	-0.3574445522146989
148.418827	-0.3574445522146989
148.454801	-0.35744452857395514
148.454801	-0.35744452857395514
148.478854	-0.3574446045704287
148.478854	-0.3574446045704287
148.478854	-0.3574446045704287
148.478854	-0.3574446045704287
148.478854	-0.3574446045704287
148.478854	-0.3574446045704287
148.538826	-0.35744513019885471
148.538826	-0.35744513019885471
148.538826	-0.35744513019885471
148.538826	-0.35744513019885471
148.574797	-0.35744565158151859
148.574797	-0.35744565158151859
148.598831	-0.35744606836121467
148.598831	-0.35744606836121467
148.598831	-0.35744606836121467
148.598831	-0.35744606836121467
148.634838	-0.35744679006832264
148.646733	-0.35744704796469767
148.658829	-0.35744731675046526
148.658829	-0.35744731675046526
148.658829	-0.35744731675046526
148.658829	-0.35744731675046526
148.694866	-0.35744816240814253
148.694866	-0.35744816240814253
148.718827	-0.35744874378350361
148.718827	-0.35744874378350361
148.718827	-0.35744874378350361
148.718827	-0.35744874378350361
148.754801	-0.35744962408056163
148.754801	-0.35744962408056163
148.778846	-0.35745020358831386
148.778846	-0.35745020358831386
148.778846	-0.35745020358831386
148.778846	-0.35745020358831386
148.778846	-0.35745020358831386
148.778846	-0.35745020358831386
148.838849	-0.35745154702745124
148.838849	-0.35745154702745124
148.838849	-0.35745154702745124
148.838849	-0.35745154702745124
148.874807	-0.35745223701613488
148.886733	-0.35745244143567939
148.898847	-0.35745263937638561
148.898847	-0.35745263937638561
148.898847	-0.35745263937638561
148.898847	-0.35745263937638561
148.898847	-0.35745263937638561
148.898847	-0.35745263937638561
148.95891	-0.35745337415348155
148.95891	-0.35745337415348155
148.95891	-0.35745337415348155
148.95891	-0.35745337415348155
148.95891	-0.35745337415348155
148.95891	-0.35745337415348155
149.018843	-0.35745368051257775
149.018843	-0.35745368051257775
149.018843	-0.35745368051257775
149.042733	-0.35745367531977884
149.042733	-0.35745367531977884
149.066733	-0.35745359711378166
149.078828	-0.35745353620627707
149.078828	-0.35745353620627707
149.078828	-0.35745353620627707
149.102732	-0.35745335501500819
149.114799	-0.35745323754327635
149.114799	-0.35745323754327635
149.138832	-0.357452962607272
149.138832	-0.357452962607272
149.138832	-0.357452962607272
149.138832	-0.357452962607272
149.138832	-0.357452962607272
149.138832	-0.357452962607272
149.198829	-0.35745202526599906
149.198829	-0.35745202526599906
149.198829	-0.35745202526599906
149.198829	-0.35745202526599906
149.198829	-0.35745202526599906
149.246732	-0.3574510811476776
149.258834	-0.3574508252628617
149.270754	-0.35745056518578572
149.270754	-0.35745056518578572
149.282756	-0.35745030108182402
149.282756	-0.35745030108182402
149.282756	-0.35745030108182402
149.318874	-0.35744948815011329
149.318874	-0.35744948815011329
149.318874	-0.35744948815011329
149.318874	-0.35744948815011329
149.354894	-0.35744867851158857
149.366755	-0.35744841751094042
149.37885	-0.35744815415342629
149.37885	-0.35744815415342629
149.37885	-0.35744815415342629
149.37885	-0.35744815415342629
149.37885	-0.35744815415342629
149.37885	-0.35744815415342629
149.438849	-0.35744695650945246
149.438849	-0.35744695650945246
149.438849	-0.35744695650945246
149.438849	-0.35744695650945246
149.438849	-0.35744695650945246
149.438849	-0.35744695650945246
149.498852	-0.35744601441374868
149.498852	-0.35744601441374868
149.498852	-0.35744601441374868
149.498852	-0.35744601441374868
149.498852	-0.35744601441374868
149.498852	-0.35744601441374868
149.55886	-0.35744541846650929
149.55886	-0.35744541846650929
149.55886	-0.35744541846650929
149.55886	-0.35744541846650929
149.55886	-0.35744541846650929
149.55886	-0.35744541846650929
149.618968	-0.35744522241555965
149.618968	-0.35744522241555965
149.618968	-0.35744522241555965
149.618968	-0.35744522241555965
149.618968	-0.35744522241555965
149.666755	-0.35744536625324136
149.678851	-0.35744543837636178
149.678851	-0.35744543837636178
149.678851	-0.35744543837636178
149.678851	-0.35744543837636178
149.678851	-0.35744543837636178
149.678851	-0.35744543837636178
149.738851	-0.35744603658374979
149.738851	-0.35744603658374979
149.738851	-0.35744603658374979
149.762755	-0.35744636871685859
149.762755	-0.35744636871685859
149.762755	-0.35744636871685859
149.762755	-0.35744636871685859
149.798849	-0.35744695051997033
149.810776	-0.35744716370941748
149.822755	-0.35744738193368353
149.834836	-0.35744761119046298
149.834836	-0.35744761119046298
149.85885	-0.35744808124368449
149.85885	-0.35744808124368449
149.85885	-0.35744808124368449
149.85885	-0.35744808124368449
149.85885	-0.35744808124368449
149.906754	-0.35744905961867418
149.918851	-0.35744930893218796
149.918851	-0.35744930893218796
149.918851	-0.35744930893218796
149.918851	-0.35744930893218796
149.954823	-0.35745003756653093
149.966779	-0.35745027231163629
149.978878	-0.35745050646370402
149.978878	-0.35745050646370402
149.978878	-0.35745050646370402
149.978878	-0.35745050646370402
150.014893	-0.35745115715747972
150.014893	-0.35745115715747972
150.038851	-0.35745155035055604
150.038851	-0.35745155035055604
150.050798	-0.35745172757679716
150.062755	-0.35745189886266576
150.062755	-0.35745189886266576
150.062755	-0.35745189886266576
150.098867	-0.35745233855957753
150.098867	-0.35745233855957753
150.098867	-0.35745233855957753
150.098867	-0.35745233855957753
150.134831	-0.35745265227647671
150.134831	-0.35745265227647671
150.158857	-0.35745279426065812
150.158857	-0.35745279426065812
150.158857	-0.35745279426065812
150.158857	-0.35745279426065812
150.158857	-0.35745279426065812
150.206755	-0.35745288770429645
150.21885	-0.35745287740495796
150.21885	-0.35745287740495796
150.21885	-0.35745287740495796
150.21885	-0.35745287740495796
150.254822	-0.35745274349438638
150.254822	-0.35745274349438638
150.278929	-0.35745258567711036
150.278929	-0.35745258567711036
150.278929	-0.35745258567711036
150.278929	-0.35745258567711036
150.278929	-0.35745258567711036
150.278929	-0.35745258567711036
150.338896	-0.35745195666086121
150.338896	-0.35745195666086121
150.338896	-0.35745195666086121
150.338896	-0.35745195666086121
150.338896	-0.35745195666086121
150.338896	-0.35745195666086121
150.398877	-0.35745106031765039
150.398877	-0.35745106031765039
150.398877	-0.35745106031765039
150.422777	-0.35745064911505214
150.422777	-0.35745064911505214
150.422777	-0.35745064911505214
150.458884	-0.35744999250667109
150.458884	-0.35744999250667109
150.458884	-0.35744999250667109
150.482778	-0.35744954439991766
150.482778	-0.35744954439991766
150.482778	-0.35744954439991766
150.518873	-0.35744886606094978
150.518873	-0.35744886606094978
150.518873	-0.35744886606094978
150.518873	-0.35744886606094978
150.554847	-0.35744821223573964
150.554847	-0.35744821223573964
150.5789	-0.35744779742293969
150.5789	-0.35744779742293969
150.5789	-0.35744779742293969
150.602778	-0.35744741415829934
150.602778	-0.35744741415829934
150.602778	-0.35744741415829934
150.638871	-0.35744689660913131
150.638871	-0.35744689660913131
150.650777	-0.35744674871029536
150.650777	-0.35744674871029536
150.650777	-0.35744674871029536
150.686842	-0.35744635924461299
150.698871	-0.35744625055761842
150.698871	-0.35744625055761842
150.71083	-0.35744616170721771
150.722777	-0.35744608006778167
150.722777	-0.35744608006778167
150.722777	-0.35744608006778167
150.722777	-0.35744608006778167
150.722777	-0.35744608006778167
150.722777	-0.35744608006778167
150.722777	-0.35744608006778167
150.722777	-0.35744608006778167
150.758874	-0.35744592025021349
150.818875	-0.35744593299531069
150.818875	-0.35744593299531069
150.818875	-0.35744593299531069
150.818875	-0.35744593299531069
150.854848	-0.35744610573745283
150.854848	-0.35744610573745283
150.878874	-0.35744628087973557
150.878874	-0.35744628087973557
150.890778	-0.35744638972490184
150.890778	-0.35744638972490184
150.890778	-0.35744638972490184
150.926778	-0.35744677456415846
150.938964	-0.35744692329227767
150.938964	-0.35744692329227767
150.938964	-0.35744692329227767
150.938964	-0.35744692329227767
150.938964	-0.35744692329227767
150.986777	-0.35744759969473994
150.998874	-0.35744778625759394
150.998874	-0.35744778625759394
150.998874	-0.35744778625759394
150.998874	-0.35744778625759394
150.998874	-0.35744778625759394
150.998874	-0.35744778625759394
151.058885	-0.35744878125690971
151.058885	-0.35744878125690971
151.058885	-0.35744878125690971
151.058885	-0.35744878125690971
151.058885	-0.35744878125690971
151.058885	-0.35744878125690971
151.118876	-0.35744980307406943
151.118876	-0.35744980307406943
151.118876	-0.35744980307406943
151.118876	-0.35744980307406943
151.154847	-0.35745038406368862
151.166778	-0.35745056672304693
151.178873	-0.35745074767858448
151.178873	-0.35745074767858448
151.178873	-0.35745074767858448
151.178873	-0.35745074767858448
151.178873	-0.35745074767858448
151.178873	-0.35745074767858448
151.23896	-0.35745152168675776
151.23896	-0.35745152168675776
151.250888	-0.35745164509314986
151.250888	-0.35745164509314986
151.27485	-0.35745186797457901
151.28684	-0.35745196186924522
151.298891	-0.35745204804464698
151.298891	-0.35745204804464698
151.310801	-0.35745211530749765
151.310801	-0.35745211530749765
151.310801	-0.35745211530749765
151.346796	-0.3574522552762508
151.358895	-0.35745227987924111
151.358895	-0.35745227987924111
151.358895	-0.35745227987924111
151.358895	-0.35745227987924111
151.394867	-0.35745226546527614
151.406797	-0.35745223598094661
151.418913	-0.3574521970159969
151.418913	-0.3574521970159969
151.418913	-0.3574521970159969
151.418913	-0.3574521970159969
151.418913	-0.3574521970159969
151.466884	-0.35745190963162721
151.478894	-0.35745181285693067
151.478894	-0.35745181285693067
151.478894	-0.35745181285693067
151.478894	-0.35745181285693067
151.478894	-0.35745181285693067
151.478894	-0.35745181285693067
151.53889	-0.35745117076716404
151.53889	-0.35745117076716404
151.53889	-0.35745117076716404
151.562797	-0.35745085717535369
151.574863	-0.35745068877390673
151.586797	-0.35745051724156107
151.59899	-0.35745033814632415
151.59899	-0.35745033814632415
151.610815	-0.35745015840086924
151.610815	-0.35745015840086924
151.610815	-0.35745015840086924
151.646797	-0.3574495981067452
151.6589	-0.35744940647686146
151.6589	-0.35744940647686146
151.6589	-0.35744940647686146
151.6589	-0.35744940647686146
151.6589	-0.35744940647686146
151.6589	-0.35744940647686146
151.718892	-0.35744846802650188
151.718892	-0.35744846802650188
151.718892	-0.35744846802650188
151.718892	-0.35744846802650188
151.754865	-0.35744794360696475
151.754865	-0.35744794360696475
151.778892	-0.35744761909031619
151.778892	-0.35744761909031619
151.778892	-0.35744761909031619
151.802797	-0.35744732605724183
151.814869	-0.35744719055976409
151.814869	-0.35744719055976409
151.838894	-0.35744694435765451
151.838894	-0.35744694435765451
151.838894	-0.35744694435765451
151.838894	-0.35744694435765451
151.838894	-0.35744694435765451
151.838894	-0.35744694435765451
151.898932	-0.35744647254164924
151.898932	-0.35744647254164924
151.898932	-0.35744647254164924
151.898932	-0.35744647254164924
151.898932	-0.35744647254164924
151.898932	-0.35744647254164924
151.958892	-0.35744155670624206
151.958892	-0.35744155670624206
151.958892	-0.35744155670624206
151.958892	-0.35744155670624206
151.958892	-0.35744155670624206
151.958892	-0.35744155670624206
151.958892	-0.35744155670624206
151.958892	-0.35744155670624206
152.018899	-0.35742752546063378
152.042796	-0.35742186900964434
152.054875	-0.35741941318580606
152.066797	-0.35741728728161776
152.078896	-0.35741535784540091
152.078896	-0.35741535784540091
152.078896	-0.35741535784540091
152.078896	-0.35741535784540091
152.078896	-0.35741535784540091
152.078896	-0.35741535784540091
152.13891	-0.35741126050066713
152.13891	-0.35741126050066713
152.13891	-0.35741126050066713
152.13891	-0.35741126050066713
152.174878	-0.35741292032317107
152.174878	-0.35741292032317107
152.174878	-0.35741292032317107
152.174878	-0.35741292032317107
152.174878	-0.35741292032317107
152.174878	-0.35741292032317107
152.174878	-0.35741292032317107
152.198892	-0.35741555153586047
152.258963	-0.35742746888028787
152.258963	-0.35742746888028787
152.258963	-0.35742746888028787
152.258985	-0.35742747412695053
152.258985	-0.35742747412695053
152.258985	-0.35742747412695053
152.318936	-0.35744537046641195
152.318936	-0.35744537046641195
152.318936	-0.35744537046641195
152.318936	-0.35744537046641195
152.318936	-0.35744537046641195
152.366819	-0.35746249674314129
152.378914	-0.35746703053258216
152.378914	-0.35746703053258216
152.378914	-0.35746703053258216
152.378914	-0.35746703053258216
152.378914	-0.35746703053258216
152.378914	-0.35746703053258216
152.378914	-0.35746703053258216
152.438912	-0.35748988838696844
152.450819	-0.35749431795699499
152.462819	-0.35749873803773852
152.462819	-0.35749873803773852
152.462819	-0.35749873803773852
152.498914	-0.35751137090756074
152.498914	-0.35751137090756074
152.510818	-0.35751521866061092
152.522901	-0.35751903113480615
152.534893	-0.35752259390765501
152.534893	-0.35752259390765501
152.558996	-0.35752923345033749
152.558996	-0.35752923345033749
152.558996	-0.35752923345033749
152.558996	-0.35752923345033749
152.558996	-0.35752923345033749
152.558996	-0.35752923345033749
152.618944	-0.35754169571279981
152.618944	-0.35754169571279981
152.618944	-0.35754169571279981
152.642819	-0.35754488954624264
152.642819	-0.35754488954624264
152.642819	-0.35754488954624264
152.642819	-0.35754488954624264
152.642819	-0.35754488954624264
152.642819	-0.35754488954624264
152.678914	-0.35754778292267825
152.714884	-0.35754817399873567
152.726819	-0.35754778506356893
152.738912	-0.3575472035138389
152.738912	-0.3575472035138389
152.738912	-0.3575472035138389
152.762819	-0.35754516125992447
152.774889	-0.35754375479955203
152.786896	-0.35754213769835369
152.798923	-0.35754035607621559
152.798923	-0.35754035607621559
152.798923	-0.35754035607621559
152.822843	-0.35753606191524817
152.822843	-0.35753606191524817
152.846818	-0.35753098519872878
152.858928	-0.35752820782827277
152.858928	-0.35752820782827277
152.858928	-0.35752820782827277
152.858928	-0.35752820782827277
152.858928	-0.35752820782827277
152.858928	-0.35752820782827277
152.919002	-0.35751208661146167
152.919002	-0.35751208661146167
152.919002	-0.35751208661146167
152.919002	-0.35751208661146167
152.919002	-0.35751208661146167
152.966819	-0.35749743520950805
152.97892	-0.35749359079660015
152.97892	-0.35749359079660015
152.97892	-0.35749359079660015
152.97892	-0.35749359079660015
152.97892	-0.35749359079660015
153.026819	-0.35747809804733122
153.038916	-0.35747417763335854
153.038916	-0.35747417763335854
153.038916	-0.35747417763335854
153.038916	-0.35747417763335854
153.07489	-0.35746269376531664
153.07489	-0.35746269376531664
153.098913	-0.35745523273435048
153.098913	-0.35745523273435048
153.098913	-0.35745523273435048
153.098913	-0.35745523273435048
153.13489	-0.35744458436609244
153.13489	-0.35744458436609244
153.158915	-0.35743785833152031
153.158915	-0.35743785833152031
153.158915	-0.35743785833152031
153.158915	-0.35743785833152031
153.158915	-0.35743785833152031
153.158915	-0.35743785833152031
153.219014	-0.35742283021745386
153.219014	-0.35742283021745386
153.219014	-0.35742283021745386
153.219014	-0.35742283021745386
153.219014	-0.35742283021745386
153.219014	-0.35742283021745386
153.278916	-0.35741071088565279
153.278916	-0.35741071088565279
153.278936	-0.35741070719380519
153.278936	-0.35741070719380519
153.278936	-0.35741070719380519
153.326838	-0.35740326222864383
153.338933	-0.35740166116301159
153.338933	-0.35740166116301159
153.338933	-0.35740166116301159
153.338933	-0.35740166116301159
153.338933	-0.35740166116301159
153.386839	-0.35739671895895991
153.398936	-0.35739574558513026
153.398936	-0.35739574558513026
153.398936	-0.35739574558513026
153.398936	-0.35739574558513026
153.398936	-0.35739574558513026
153.446909	-0.35739324071860679
153.45894	-0.35739287365668604
153.45894	-0.35739287365668604
153.471143	-0.35739268021489801
153.471143	-0.35739268021489801
153.49492	-0.35739257097714722
153.506839	-0.35739269119262879
153.518935	-0.35739289248566325
153.518935	-0.35739289248566325
153.518935	-0.35739289248566325
153.518935	-0.35739289248566325
153.518935	-0.35739289248566325
153.518935	-0.35739289248566325
153.518935	-0.35739289248566325
153.579003	-0.35739562422881282
153.591039	-0.35739650873005241
153.591039	-0.35739650873005241
153.591039	-0.35739650873005241
153.626838	-0.35739963555338078
153.638954	-0.35740086424480394
153.638954	-0.35740086424480394
153.638954	-0.35740086424480394
153.638954	-0.35740086424480394
153.638954	-0.35740086424480394
153.638954	-0.35740086424480394
153.698932	-0.35740842057788891
153.698932	-0.35740842057788891
153.698932	-0.35740842057788891
153.722839	-0.35741238962933664
153.722839	-0.35741238962933664
153.722839	-0.35741238962933664
153.758944	-0.35742017944699922
153.758944	-0.35742017944699922
153.758944	-0.35742017944699922
153.758944	-0.35742017944699922
153.794911	-0.35743024681654101
153.806839	-0.35743390963636484
153.818934	-0.35743770026187083
153.818934	-0.35743770026187083
153.818934	-0.35743770026187083
153.842915	-0.35744515756667028
153.842915	-0.35744515756667028
153.866838	-0.35745223872550924
153.879041	-0.35745570235356838
153.879041	-0.35745570235356838
153.879041	-0.35745570235356838
153.879041	-0.35745570235356838
153.879041	-0.35745570235356838
153.879041	-0.35745570235356838
153.938933	-0.35747022520927818
153.938933	-0.35747022520927818
153.950839	-0.35747255998288957
153.950839	-0.35747255998288957
153.950839	-0.35747255998288957
153.950839	-0.35747255998288957
153.998961	-0.35748039508160406
153.998961	-0.35748039508160406
153.998961	-0.35748039508160406
153.998961	-0.35748039508160406
154.034904	-0.35748416891488172
154.046839	-0.35748504409329906
154.058933	-0.35748579374319445
154.058933	-0.35748579374319445
154.058933	-0.35748579374319445
154.058933	-0.35748579374319445
154.058933	-0.35748579374319445
154.106909	-0.3574866945398314
154.118935	-0.35748652932327701
154.118935	-0.35748652932327701
154.118935	-0.35748652932327701
154.118935	-0.35748652932327701
154.15491	-0.35748490703023611
154.166839	-0.35748407280956646
154.178954	-0.3574831220320418
154.178954	-0.3574831220320418
154.178954	-0.3574831220320418
154.178954	-0.3574831220320418
154.214916	-0.35747941748367973
154.226849	-0.35747796903741114
154.23901	-0.35747641842654482
154.23901	-0.35747641842654482
154.23901	-0.35747641842654482
154.23901	-0.35747641842654482
154.23901	-0.35747641842654482
154.286838	-0.35746941793164672
154.298966	-0.35746750308286968
154.298966	-0.35746750308286968
154.298966	-0.35746750308286968
154.322859	-0.35746358928397681
154.322859	-0.35746358928397681
154.346859	-0.35745956770907855
154.346859	-0.35745956770907855
154.346859	-0.35745956770907855
154.346859	-0.35745956770907855
154.358958	-0.35745752845714818
154.394923	-0.35745153424776582
154.394923	-0.35745153424776582
154.418978	-0.3574476549859435
154.418978	-0.3574476549859435
154.418978	-0.3574476549859435
154.418978	-0.3574476549859435
154.418978	-0.3574476549859435
154.466859	-0.35744058323526423
154.478954	-0.35743894595642073
154.478954	-0.35743894595642073
154.478954	-0.35743894595642073
154.50293	-0.35743599919199331
154.514925	-0.35743466480319097
154.514925	-0.35743466480319097
154.539014	-0.35743224853346156
154.539014	-0.35743224853346156
154.550859	-0.35743125602268466
154.562858	-0.35743031006003734
154.562858	-0.35743031006003734
154.562858	-0.35743031006003734
154.599017	-0.35742819827287919
154.599017	-0.35742819827287919
154.599017	-0.35742819827287919
154.599017	-0.35742819827287919
154.599017	-0.35742819827287919
154.599017	-0.35742819827287919
154.658958	-0.3574271201139419
154.658958	-0.3574271201139419
154.670885	-0.35742730088064845
154.68286	-0.35742754729505855
154.68286	-0.35742754729505855
154.68286	-0.35742754729505855
154.718953	-0.35742904923000057
154.718953	-0.35742904923000057
154.718953	-0.35742904923000057
154.742859	-0.35743062200143888
154.754927	-0.35743158014294407
154.754927	-0.35743158014294407
154.778958	-0.35743374900710467
154.778958	-0.35743374900710467
154.790859	-0.35743499567653975
154.790859	-0.35743499567653975
154.790859	-0.35743499567653975
154.790859	-0.35743499567653975
154.838952	-0.35744073041543695
154.838952	-0.35744073041543695
154.838952	-0.35744073041543695
154.862859	-0.35744400582687258
154.862859	-0.35744400582687258
154.862859	-0.35744400582687258
154.899025	-0.35744932264971874
154.899025	-0.35744932264971874
154.899025	-0.35744932264971874
154.899025	-0.35744932264971874
154.899025	-0.35744932264971874
154.946859	-0.35745676983657598
154.958961	-0.35745868042890311
154.958961	-0.35745868042890311
154.958961	-0.35745868042890311
154.958961	-0.35745868042890311
154.958961	-0.35745868042890311
155.006865	-0.35746613212226952
155.018955	-0.35746796191109964
155.018955	-0.35746796191109964
155.018955	-0.35746796191109964
155.018955	-0.35746796191109964
155.054942	-0.35747312045145851
155.066882	-0.35747472575987765
155.078959	-0.35747630729577423
155.078959	-0.35747630729577423
155.090862	-0.35747776186506514
155.090862	-0.35747776186506514
155.090862	-0.35747776186506514
155.090862	-0.35747776186506514
155.138979	-0.35748295145883696
155.138979	-0.35748295145883696
155.138979	-0.35748295145883696
155.138979	-0.35748295145883696
155.138979	-0.35748295145883696
155.186859	-0.35748659414129924
155.198992	-0.35748730646088966
155.198992	-0.35748730646088966
155.210858	-0.35748804627843345
155.210858	-0.35748804627843345
155.210858	-0.35748804627843345
155.246859	-0.35749095448950308
155.258955	-0.35749221341356507
155.258955	-0.35749221341356507
155.270859	-0.35749368661245734
155.270859	-0.35749368661245734
155.270878	-0.35749368899981487
155.270878	-0.35749368899981487
155.319005	-0.35750021250999997
155.319005	-0.35750021250999997
155.319005	-0.35750021250999997
155.319005	-0.35750021250999997
155.354954	-0.35750320555799064
155.354954	-0.35750320555799064
155.37899	-0.3575034191808793
155.37899	-0.3575034191808793
155.37899	-0.3575034191808793
155.37899	-0.3575034191808793
155.37899	-0.3575034191808793
155.37899	-0.3575034191808793
155.438975	-0.35749642611553045
155.438975	-0.35749642611553045
155.438975	-0.35749642611553045
155.462881	-0.35749086143974013
155.474952	-0.35748750477500707
155.486878	-0.35748388429750716
155.498994	-0.35747997936963571
155.498994	-0.35747997936963571
155.498994	-0.35747997936963571
155.498994	-0.35747997936963571
155.534949	-0.35746654603909378
155.534949	-0.35746654603909378
155.559066	-0.35745654771972557
155.559066	-0.35745654771972557
155.570878	-0.35745137506177299
155.570878	-0.35745137506177299
155.570878	-0.35745137506177299
155.570878	-0.35745137506177299
155.61898	-0.35742966021934613
155.61898	-0.35742966021934613
155.61898	-0.35742966021934613
155.61898	-0.35742966021934613
155.61898	-0.35742966021934613
155.61898	-0.35742966021934613
155.678972	-0.35740302163486093
155.678972	-0.35740302163486093
155.678972	-0.35740302163486093
155.678972	-0.35740302163486093
155.678972	-0.35740302163486093
155.678972	-0.35740302163486093
155.738971	-0.3573802289142925
155.738971	-0.3573802289142925
155.738971	-0.3573802289142925
155.738971	-0.3573802289142925
155.774943	-0.35736970082358993
155.774943	-0.35736970082358993
155.798972	-0.3573641493308205
155.798972	-0.3573641493308205
155.810878	-0.35736203793734256
155.810878	-0.35736203793734256
155.810878	-0.35736203793734256
155.810878	-0.35736203793734256
155.858979	-0.35735664921449489
155.858979	-0.35735664921449489
155.870878	-0.35735636990052361
155.88288	-0.35735629217617182
155.894943	-0.35735669224290145
155.894943	-0.35735669224290145
155.918972	-0.35735846437895058
155.918972	-0.35735846437895058
155.918972	-0.35735846437895058
155.942878	-0.35736176847652912
155.942878	-0.35736176847652912
155.966877	-0.35736646368844799
155.966877	-0.35736646368844799
155.966877	-0.35736646368844799
155.966877	-0.35736646368844799
155.966877	-0.35736646368844799
155.966877	-0.35736646368844799
155.978974	-0.35736922296088952
156.038982	-0.35738759936944869
156.038982	-0.35738759936944869
156.038982	-0.35738759936944869
156.038982	-0.35738759936944869
156.074954	-0.35740147096659503
156.074954	-0.35740147096659503
156.098975	-0.35741153976811929
156.098975	-0.35741153976811929
156.098975	-0.35741153976811929
156.098975	-0.35741153976811929
156.134965	-0.35742756698865141
156.134965	-0.35742756698865141
156.15898	-0.35743858165859088
156.15898	-0.35743858165859088
156.15898	-0.35743858165859088
156.15898	-0.35743858165859088
156.15898	-0.35743858165859088
156.15898	-0.35743858165859088
156.219065	-0.35746615527389225
156.219065	-0.35746615527389225
156.219065	-0.35746615527389225
156.219065	-0.35746615527389225
156.219065	-0.35746615527389225
156.266878	-0.35748675922166212
156.278974	-0.357491687322054
156.278974	-0.357491687322054
156.278974	-0.357491687322054
156.278994	-0.35749169547036813
156.278994	-0.35749169547036813
156.326897	-0.35750923861379136
156.339011	-0.35751323072891672
156.339011	-0.35751323072891672
156.35099	-0.35751683342171592
156.362898	-0.35752028697469473
156.362898	-0.35752028697469473
156.362898	-0.35752028697469473
156.362898	-0.35752028697469473
156.362898	-0.35752028697469473
156.362898	-0.35752028697469473
156.362898	-0.35752028697469473
156.362898	-0.35752028697469473
156.398992	-0.35752917491454506
156.458993	-0.35753864579672395
156.458993	-0.35753864579672395
156.458993	-0.35753864579672395
156.458993	-0.35753864579672395
156.458993	-0.35753864579672395
156.458993	-0.35753864579672395
156.518994	-0.35754140061109163
156.518994	-0.35754140061109163
156.518994	-0.35754140061109163
156.518994	-0.35754140061109163
156.518994	-0.35754140061109163
156.566898	-0.35753896724158585
156.578994	-0.35753783239653314
156.578994	-0.35753783239653314
156.578994	-0.35753783239653314
156.578994	-0.35753783239653314
156.578994	-0.35753783239653314
156.578994	-0.35753783239653314
156.638991	-0.35752887687267565
156.638991	-0.35752887687267565
156.650984	-0.35752651230541671
156.650984	-0.35752651230541671
156.650984	-0.35752651230541671
156.650984	-0.35752651230541671
156.698992	-0.35751588295818387
156.698992	-0.35751588295818387
156.698992	-0.35751588295818387
156.698992	-0.35751588295818387
156.734988	-0.35750680243063671
156.746969	-0.35750365557543168
156.759019	-0.35750045535410258
156.759019	-0.35750045535410258
156.770898	-0.35749725914477931
156.770898	-0.35749725914477931
156.770898	-0.35749725914477931
156.806897	-0.35748756110765251
156.818996	-0.35748432340618586
156.818996	-0.35748432340618586
156.818996	-0.35748432340618586
156.818996	-0.35748432340618586
156.854967	-0.35747500931912379
156.854967	-0.35747500931912379
156.879062	-0.35746909759751477
156.879062	-0.35746909759751477
156.879062	-0.35746909759751477
156.879062	-0.35746909759751477
156.879062	-0.35746909759751477
156.926898	-0.35745864170032854
156.938992	-0.35745626768087801
156.938992	-0.35745626768087801
156.938992	-0.35745626768087801
156.938992	-0.35745626768087801
156.938992	-0.35745626768087801
156.986898	-0.35744849761981373
156.999031	-0.35744687775783507
156.999031	-0.35744687775783507
156.999031	-0.35744687775783507
156.999031	-0.35744687775783507
156.999031	-0.35744687775783507
157.046901	-0.35744238286220092
157.058996	-0.35744162935109414
157.058996	-0.35744162935109414
157.058996	-0.35744162935109414
157.082898	-0.3574407637100967
157.082898	-0.3574407637100967
157.082898	-0.3574407637100967
157.118992	-0.35744069519193339
157.118992	-0.35744069519193339
157.118992	-0.35744069519193339
157.142969	-0.35744149405719089
157.154969	-0.35744212925355445
157.154969	-0.35744212925355445
157.179083	-0.35744378524008541
157.179083	-0.35744378524008541
157.179083	-0.35744378524008541
157.202898	-0.35744598404708866
157.202898	-0.35744598404708866
157.202898	-0.35744598404708866
157.238993	-0.35745012931310366
157.238993	-0.35745012931310366
157.238993	-0.35745012931310366
157.238993	-0.35745012931310366
157.238993	-0.35745012931310366
157.238993	-0.35745012931310366
157.298992	-0.35745862889109048
157.298992	-0.35745862889109048
157.311198	-0.35746050667523221
157.311198	-0.35746050667523221
157.311198	-0.35746050667523221
157.346916	-0.35746604817878364
157.359016	-0.35746791865589733
157.359016	-0.35746791865589733
157.359016	-0.35746791865589733
157.359016	-0.35746791865589733
157.359016	-0.35746791865589733
157.406987	-0.35747490837216267
157.406987	-0.35747490837216267
157.406987	-0.35747490837216267
157.406987	-0.35747490837216267
157.406987	-0.35747490837216267
157.41902	-0.35747653129741397
157.466916	-0.35748195025624802
157.47901	-0.3574830728460251
157.47901	-0.3574830728460251
157.47901	-0.3574830728460251
157.502917	-0.35748481553199707
157.502917	-0.35748481553199707
157.502917	-0.35748481553199707
157.539091	-0.35748637960120799
157.539091	-0.35748637960120799
157.550916	-0.35748652288612742
157.550916	-0.35748652288612742
157.550916	-0.35748652288612742
157.587036	-0.35748608777766672
157.59903	-0.35748563778996328
157.59903	-0.35748563778996328
157.59903	-0.35748563778996328
157.622917	-0.35748410764219335
157.634987	-0.35748306274136649
157.634987	-0.35748306274136649
157.634987	-0.35748306274136649
157.634987	-0.35748306274136649
157.634987	-0.35748306274136649
157.659015	-0.35748052360348037
157.69498	-0.35747538611917806
157.70692	-0.35747337086100039
157.719047	-0.35747121659328779
157.719047	-0.35747121659328779
157.719047	-0.35747121659328779
157.719047	-0.35747121659328779
157.719047	-0.35747121659328779
157.719047	-0.35747121659328779
157.779031	-0.35745843922849246
157.779031	-0.35745843922849246
157.779031	-0.35745843922849246
157.779031	-0.35745843922849246
157.779031	-0.35745843922849246
157.779031	-0.35745843922849246
157.839014	-0.35744334626347951
157.839014	-0.35744334626347951
157.839014	-0.35744334626347951
157.839014	-0.35744334626347951
157.839014	-0.35744334626347951
157.886917	-0.35743062848864748
157.899012	-0.35742742610093164
157.899012	-0.35742742610093164
157.899012	-0.35742742610093164
157.899012	-0.35742742610093164
157.899012	-0.35742742610093164
157.899012	-0.35742742610093164
157.899012	-0.35742742610093164
157.959014	-0.35741234989996679
157.971134	-0.35740958917508464
157.982917	-0.35740696851746107
157.994982	-0.35740443994222276
158.006916	-0.35740207570584043
158.019013	-0.35739977985223276
158.019013	-0.35739977985223276
158.019013	-0.35739977985223276
158.019013	-0.35739977985223276
158.019013	-0.35739977985223276
158.019013	-0.35739977985223276
158.079036	-0.35739117747636601
158.079036	-0.35739117747636601
158.079036	-0.35739117747636601
158.079036	-0.35739117747636601
158.114984	-0.35738844838062944
158.114984	-0.35738844838062944
158.139011	-0.35738765201729111
158.139011	-0.35738765201729111
158.139011	-0.35738765201729111
158.139011	-0.35738765201729111
158.139011	-0.35738765201729111
158.139011	-0.35738765201729111
158.199097	-0.35738980573801976
158.199097	-0.35738980573801976
158.210923	-0.35739097799587111
158.210923	-0.35739097799587111
158.210923	-0.35739097799587111
158.210923	-0.35739097799587111
158.259012	-0.35739765369710891
158.259012	-0.35739765369710891
158.270917	-0.35739990728297999
158.270917	-0.35739990728297999
158.270917	-0.35739990728297999
158.270917	-0.35739990728297999
158.319039	-0.35741065778774506
158.319059	-0.35741066265825722
158.319059	-0.35741066265825722
158.319059	-0.35741066265825722
158.319059	-0.35741066265825722
158.319059	-0.35741066265825722
158.379034	-0.35742769150005049
158.379034	-0.35742769150005049
158.379034	-0.35742769150005049
158.379034	-0.35742769150005049
158.379034	-0.35742769150005049
158.426946	-0.35744317788232877
158.439064	-0.35744722737011603
158.439064	-0.35744722737011603
158.439064	-0.35744722737011603
158.439064	-0.35744722737011603
158.439064	-0.35744722737011603
158.439064	-0.35744722737011603
158.499035	-0.35746740973489688
158.499035	-0.35746740973489688
158.510936	-0.35747130769438357
158.510936	-0.35747130769438357
158.535009	-0.35747901812249677
158.546937	-0.35748269306437624
158.559052	-0.35748635431981468
158.559052	-0.35748635431981468
158.559052	-0.35748635431981468
158.559052	-0.35748635431981468
158.559052	-0.35748635431981468
158.559052	-0.35748635431981468
158.619031	-0.35750222380092656
158.619031	-0.35750222380092656
158.619031	-0.35750222380092656
158.642937	-0.3575073216184228
158.642937	-0.3575073216184228
158.642937	-0.3575073216184228
158.679032	-0.35751352348503174
158.679032	-0.35751352348503174
158.679032	-0.35751352348503174
158.679032	-0.35751352348503174
158.679032	-0.35751352348503174
158.679032	-0.35751352348503174
158.73906	-0.35751919322513237
158.73906	-0.35751919322513237
158.73906	-0.35751919322513237
158.73906	-0.35751919322513237
158.73906	-0.35751919322513237
158.73906	-0.35751919322513237
158.799033	-0.3575187406020689
158.799033	-0.3575187406020689
158.799033	-0.3575187406020689
158.799033	-0.3575187406020689
158.799033	-0.3575187406020689
158.799033	-0.3575187406020689
158.799033	-0.3575187406020689
158.859109	-0.35751228893026871
158.871045	-0.35751028798342199
158.871045	-0.35751028798342199
158.871045	-0.35751028798342199
158.906936	-0.35750328381102009
158.919031	-0.35750059749706331
158.919031	-0.35750059749706331
158.919031	-0.35750059749706331
158.942936	-0.35749471862936893
158.942936	-0.35749471862936893
158.966937	-0.35748827048107756
158.979032	-0.35748487987432176
158.979032	-0.35748487987432176
158.979032	-0.35748487987432176
159.002936	-0.35747784768342544
159.002936	-0.35747784768342544
159.002936	-0.35747784768342544
159.039037	-0.35746677599570681
159.039037	-0.35746677599570681
159.039037	-0.35746677599570681
159.039037	-0.35746677599570681
159.039037	-0.35746677599570681
159.039037	-0.35746677599570681
159.099033	-0.35744812911385893
159.099033	-0.35744812911385893
159.099033	-0.35744812911385893
159.099033	-0.35744812911385893
159.099033	-0.35744812911385893
159.146937	-0.35743412111074963
159.159036	-0.35743078573972764
159.159036	-0.35743078573972764
159.159036	-0.35743078573972764
159.159036	-0.35743078573972764
159.159036	-0.35743078573972764
159.206947	-0.35741904762349158
159.219049	-0.35741641798707613
159.219049	-0.35741641798707613
159.219049	-0.35741641798707613
159.219049	-0.35741641798707613
159.255074	-0.35740983190071984
159.266936	-0.35740804252157005
159.279058	-0.35740635307977481
159.279058	-0.35740635307977481
159.279058	-0.35740635307977481
159.279058	-0.35740635307977481
159.315001	-0.35740280040570233
159.326955	-0.35740204556749616
159.339068	-0.35740143399700153
159.339068	-0.35740143399700153
159.339068	-0.35740143399700153
159.339068	-0.35740143399700153
159.37502	-0.35740113827668085
159.37502	-0.35740113827668085
159.399052	-0.35740194777939699
159.399052	-0.35740194777939699
159.399052	-0.35740194777939699
159.399052	-0.35740194777939699
159.435022	-0.35740480209956238
159.435022	-0.35740480209956238
159.459058	-0.35740760878728495
159.459058	-0.35740760878728495
159.459058	-0.35740760878728495
159.459058	-0.35740760878728495
159.495021	-0.35741317958488361
159.495021	-0.35741317958488361
159.519125	-0.35741761532924388
159.519125	-0.35741761532924388
159.519125	-0.35741761532924388
159.519125	-0.35741761532924388
159.519125	-0.35741761532924388
159.519125	-0.35741761532924388
159.57907	-0.35743068725335708
159.57907	-0.35743068725335708
159.57907	-0.35743068725335708
159.57907	-0.35743068725335708
159.57907	-0.35743068725335708
159.57907	-0.35743068725335708
159.63905	-0.35744531702072374
159.63905	-0.35744531702072374
159.63905	-0.35744531702072374
159.63905	-0.35744531702072374
159.63905	-0.35744531702072374
159.63905	-0.35744531702072374
159.699055	-0.35745984970445616
159.699055	-0.35745984970445616
159.699055	-0.35745984970445616
159.699055	-0.35745984970445616
159.735028	-0.35746782096900914
159.746956	-0.35747027056142311
159.759067	-0.357472682088117
159.759067	-0.357472682088117
159.759067	-0.357472682088117
159.759067	-0.357472682088117
159.759067	-0.357472682088117
159.759067	-0.357472682088117
159.759067	-0.357472682088117
159.759067	-0.357472682088117
159.759067	-0.357472682088117
159.759067	-0.357472682088117
159.759067	-0.357472682088117
159.819135	-0.3574824468785055
159.87905	-0.35748811215859139
159.87905	-0.35748811215859139
159.87905	-0.35748811215859139
159.87905	-0.35748811215859139
159.87905	-0.35748811215859139
159.926966	-0.35748928996822799
159.939048	-0.35748917042659939
159.939048	-0.35748917042659939
159.939048	-0.35748917042659939
159.939048	-0.35748917042659939
159.975022	-0.35748752181460802
159.986976	-0.35748661798803205
159.999051	-0.35748558184171619
159.999051	-0.35748558184171619
159.999051	-0.35748558184171619
159.999051	-0.35748558184171619
159.999051	-0.35748558184171619
159.999051	-0.35748558184171619
160.059056	-0.35747782359942437
160.059056	-0.35747782359942437
160.071008	-0.35747582016767437
160.071008	-0.35747582016767437
160.071008	-0.35747582016767437
160.071008	-0.35747582016767437
160.119073	-0.35746681536523994
160.119073	-0.35746681536523994
160.130956	-0.35746433615497858
160.130956	-0.35746433615497858
160.130956	-0.35746433615497858
160.166955	-0.35745652973427339
160.179121	-0.35745381057601194
160.179121	-0.35745381057601194
160.179121	-0.35745381057601194
160.179121	-0.35745381057601194
160.215105	-0.35744566693567542
160.226981	-0.35744299720014694
160.239051	-0.35744029749095008
160.239051	-0.35744029749095008
160.239051	-0.35744029749095008
160.239051	-0.35744029749095008
160.239051	-0.35744029749095008
160.286956	-0.35743013455215239
160.299087	-0.3574277166520119
160.299087	-0.3574277166520119
160.299087	-0.3574277166520119
160.299107	-0.35742771266569562
160.299107	-0.35742771266569562
160.346979	-0.35741932436024665
160.359071	-0.35741746973992244
160.359071	-0.35741746973992244
160.371078	-0.35741584164028084
160.371078	-0.35741584164028084
160.395042	-0.35741294189805345
160.395042	-0.35741294189805345
160.419078	-0.35741064405832818
160.419078	-0.35741064405832818
160.419078	-0.35741064405832818
160.443047	-0.357409072646721
160.455045	-0.35740854904494912
160.455045	-0.35740854904494912
160.479174	-0.35740796753304327
160.479174	-0.35740796753304327
160.479174	-0.35740796753304327
160.479174	-0.35740796753304327
160.479174	-0.35740796753304327
160.479174	-0.35740796753304327
160.539076	-0.35740972197674054
160.539076	-0.35740972197674054
160.539076	-0.35740972197674054
160.562975	-0.35741164395413777
160.575108	-0.35741287248685993
160.575108	-0.35741287248685993
160.59907	-0.35741570975387765
160.59907	-0.35741570975387765
160.59907	-0.35741570975387765
160.622996	-0.35741916550954445
160.635041	-0.35742110877115341
160.635041	-0.35742110877115341
160.659093	-0.35742530488528734
160.659093	-0.35742530488528734
160.659093	-0.35742530488528734
160.659093	-0.35742530488528734
160.659093	-0.35742530488528734
160.707063	-0.35743491840823582
160.719082	-0.3574374954586006
160.719082	-0.3574374954586006
160.719082	-0.3574374954586006
160.719082	-0.3574374954586006
160.719082	-0.3574374954586006
160.719082	-0.3574374954586006
160.779073	-0.35745102554765668
160.779073	-0.35745102554765668
160.779073	-0.35745102554765668
160.802976	-0.35745647796890162
160.815065	-0.35745920375015089
160.815065	-0.35745920375015089
160.839139	-0.35746452579839177
160.839139	-0.35746452579839177
160.850976	-0.35746704106464749
160.850976	-0.35746704106464749
160.875052	-0.35747198625027898
160.886996	-0.35747430429175187
160.899075	-0.35747658513727348
160.899075	-0.35747658513727348
160.899075	-0.35747658513727348
160.899075	-0.35747658513727348
160.935047	-0.35748260853996561
160.935047	-0.35748260853996561
160.959074	-0.35748603767368892
160.959074	-0.35748603767368892
160.959074	-0.35748603767368892
160.959074	-0.35748603767368892
160.959074	-0.35748603767368892
160.959074	-0.35748603767368892
161.019114	-0.3574919441215153
161.019114	-0.3574919441215153
161.019114	-0.3574919441215153
161.019114	-0.3574919441215153
161.019114	-0.3574919441215153
161.019114	-0.3574919441215153
161.079073	-0.3574937376879338
161.079073	-0.3574937376879338
161.079073	-0.3574937376879338
161.079073	-0.3574937376879338
161.079073	-0.3574937376879338
161.079073	-0.3574937376879338
161.13911	-0.35749128966737631
161.13911	-0.35749128966737631
161.13911	-0.35749128966737631
161.13911	-0.35749128966737631
161.175039	-0.35748786854554332
161.175039	-0.35748786854554332
161.199091	-0.35748489544590317
161.199091	-0.35748489544590317
161.199091	-0.35748489544590317
161.199091	-0.35748489544590317
161.199091	-0.35748489544590317
161.199091	-0.35748489544590317
161.259078	-0.35747523968304284
161.259078	-0.35747523968304284
161.271063	-0.3574729802089337
161.282996	-0.3574706878957174
161.295041	-0.35746828037435391
161.295041	-0.35746828037435391
161.319088	-0.35746331904670886
161.319108	-0.35746331488688443
161.319108	-0.35746331488688443
161.319108	-0.35746331488688443
161.355064	-0.35745558354541845
161.367067	-0.357452970788464
161.379095	-0.35745034792721259
161.379095	-0.35745034792721259
161.379095	-0.35745034792721259
161.379095	-0.35745034792721259
161.379095	-0.35745034792721259
161.426996	-0.35744011919033286
161.43911	-0.35743761707245308
161.43911	-0.35743761707245308
161.43911	-0.35743761707245308
161.43911	-0.35743761707245308
161.43911	-0.35743761707245308
161.43911	-0.35743761707245308
161.499158	-0.35742636597843913
161.499158	-0.35742636597843913
161.499158	-0.35742636597843913
161.499158	-0.35742636597843913
161.499158	-0.35742636597843913
161.54702	-0.3574192215650222
161.559094	-0.3574176871868861
161.559094	-0.3574176871868861
161.559094	-0.3574176871868861
161.582995	-0.35741514107321459
161.582995	-0.35741514107321459
161.606996	-0.35741316193012834
161.619089	-0.3574123415339695
161.619089	-0.3574123415339695
161.619089	-0.3574123415339695
161.619089	-0.3574123415339695
161.619089	-0.3574123415339695
161.619089	-0.3574123415339695
161.679127	-0.35741077687306994
161.679127	-0.35741077687306994
161.679127	-0.35741077687306994
161.679127	-0.35741077687306994
161.679127	-0.35741077687306994
161.679127	-0.35741077687306994
161.739097	-0.3574139009981111
161.739097	-0.3574139009981111
161.739097	-0.3574139009981111
161.739097	-0.3574139009981111
161.775062	-0.35741928520375688
161.775062	-0.35741928520375688
161.799094	-0.35742417208164995
161.799094	-0.35742417208164995
161.799094	-0.35742417208164995
161.799094	-0.35742417208164995
161.83506	-0.35743260140188959
161.846996	-0.35743541828198461
161.859098	-0.35743825299406667
161.859098	-0.35743825299406667
161.859098	-0.35743825299406667
161.859098	-0.35743825299406667
161.859098	-0.35743825299406667
161.859098	-0.35743825299406667
161.859098	-0.35743825299406667
161.859098	-0.35743825299406667
161.91909	-0.35745085958548473
161.943016	-0.35745504091576685
161.943016	-0.35745504091576685
161.943016	-0.35745504091576685
161.979091	-0.35746032158018937
161.979091	-0.35746032158018937
161.979091	-0.35746032158018937
162.002996	-0.3574630331021022
162.015068	-0.35746416126255848
162.015068	-0.35746416126255848
162.039094	-0.35746598430312793
162.039094	-0.35746598430312793
162.039094	-0.35746598430312793
162.039094	-0.35746598430312793
162.039094	-0.35746598430312793
162.086996	-0.35746763835132239
162.099094	-0.35746772097858548
162.099094	-0.35746772097858548
162.099094	-0.35746772097858548
162.122996	-0.3574673683371079
162.122996	-0.3574673683371079
162.122996	-0.3574673683371079
162.122996	-0.3574673683371079
162.159187	-0.35746587478766267
162.171027	-0.35746511183693641
162.182995	-0.35746428418126608
162.195064	-0.35746331880221877
162.207301	-0.35746224689951395
162.219093	-0.3574611533326722
162.219093	-0.3574611533326722
162.219093	-0.3574611533326722
162.219093	-0.3574611533326722
162.255064	-0.35745729478886551
162.266996	-0.3574558970519639
162.266996	-0.3574558970519639
162.266996	-0.3574558970519639
162.266996	-0.3574558970519639
162.266996	-0.3574558970519639
162.266996	-0.3574558970519639
162.279092	-0.35745444358747802
162.339161	-0.35744672868957078
162.339161	-0.35744672868957078
162.339161	-0.35744672868957078
162.363016	-0.35744360816824028
162.363016	-0.35744360816824028
162.363016	-0.35744360816824028
162.399111	-0.35743902094989072
162.399111	-0.35743902094989072
162.399111	-0.35743902094989072
162.399111	-0.35743902094989072
162.399111	-0.35743902094989072
162.399111	-0.35743902094989072
162.459194	-0.35743419916484231
162.459194	-0.35743419916484231
162.459194	-0.35743419916484231
162.459194	-0.35743419916484231
162.459194	-0.35743419916484231
162.459194	-0.35743419916484231
162.51911	-0.35743479743816242
162.51911	-0.35743479743816242
162.51911	-0.35743479743816242
162.51911	-0.35743479743816242
162.51911	-0.35743479743816242
162.51911	-0.35743479743816242
162.579132	-0.35743667700220794
162.579132	-0.35743667700220794
162.579132	-0.35743667700220794
162.603017	-0.35743702021025786
162.615095	-0.35743709040792754
162.615095	-0.35743709040792754
162.639111	-0.35743705340589066
162.639111	-0.35743705340589066
162.639111	-0.35743705340589066
162.639111	-0.35743705340589066
162.639111	-0.35743705340589066
162.687087	-0.35743618826541385
162.699114	-0.35743584652017962
162.699114	-0.35743584652017962
162.711036	-0.35743543248928211
162.711036	-0.35743543248928211
162.711036	-0.35743543248928211
162.711036	-0.35743543248928211
162.711036	-0.35743543248928211
162.711036	-0.35743543248928211
162.759135	-0.35743342607374967
162.783016	-0.35743226174183268
162.783016	-0.35743226174183268
162.783016	-0.35743226174183268
162.819179	-0.35743043961180937
162.819179	-0.35743043961180937
162.819179	-0.35743043961180937
162.843036	-0.35742928037620592
162.843036	-0.35742928037620592
162.867053	-0.35742821312369794
162.879153	-0.35742771566950671
162.879153	-0.35742771566950671
162.879153	-0.35742771566950671
162.879153	-0.35742771566950671
162.879153	-0.35742771566950671
162.879153	-0.35742771566950671
162.939111	-0.35742609523159924
162.939111	-0.35742609523159924
162.939111	-0.35742609523159924
162.963015	-0.35742593470876516
162.963015	-0.35742593470876516
162.963015	-0.35742593470876516
162.999119	-0.3574263003993336
162.999119	-0.3574263003993336
163.011017	-0.35742663312692707
163.023016	-0.35742702106606011
163.023016	-0.35742702106606011
163.023016	-0.35742702106606011
163.059113	-0.35742881852845604
